2025-09-22 15:27:59,455 - INFO - Parsed arguments:
2025-09-22 15:27:59,456 - INFO -   amp_dtype = None
2025-09-22 15:27:59,456 - INFO -   bars_npy = /home/projects/bagon/andreyg/Projects/BMM_school/Universal_learning/Programming/bars/geq6wrong_21017_geq6correct_1525_imagenet.npy
2025-09-22 15:27:59,456 - INFO -   cka_layer_fraction = 0.05
2025-09-22 15:27:59,456 - INFO -   current_worker = 7
2025-09-22 15:27:59,456 - INFO -   deterministic = True
2025-09-22 15:27:59,456 - INFO -   device = cuda
2025-09-22 15:27:59,456 - INFO -   epsilon = 0.001
2025-09-22 15:27:59,456 - INFO -   examples_csv = /home/projects/bagon/andreyg/Projects/BMM_school/Universal_learning/Programming/bars/geq6wrong_21017_geq6correct_1525_imagenet_examples_ammended.csv
2025-09-22 15:27:59,456 - INFO -   explicit_examples_for_training = None
2025-09-22 15:27:59,456 - INFO -   grad_clip_norm = 1.0
2025-09-22 15:27:59,456 - INFO -   hierarchy_json = /home/projects/bagon/andreyg/Projects/BMM_school/Universal_learning/Programming/bars/imagenet_synset_hierarchy.json
2025-09-22 15:27:59,456 - INFO -   imagenet_models_csv = /home/projects/bagon/andreyg/Projects/BMM_school/Universal_learning/Programming/bars/imagenet_models.csv
2025-09-22 15:27:59,456 - INFO -   lr = 0.0001
2025-09-22 15:27:59,456 - INFO -   max_examples = 50000
2025-09-22 15:27:59,456 - INFO -   max_steps_per_example = 10000
2025-09-22 15:27:59,456 - INFO -   model_csv_name = resnet_10t_176_classification_imagenet_1k
2025-09-22 15:27:59,456 - INFO -   model_name = resnet10t.c3_in1k
2025-09-22 15:27:59,456 - INFO -   no_amp = False
2025-09-22 15:27:59,456 - INFO -   num_workers = 8
2025-09-22 15:27:59,456 - INFO -   output_dir = /home/projects/bagon/andreyg/Projects/BMM_school/Universal_learning/Programming/training_gradient_evaluator_single_loss_parallel/output_parallel_8_workers
2025-09-22 15:27:59,456 - INFO -   root_dir = None
2025-09-22 15:27:59,457 - INFO -   seed = 1337
2025-09-22 15:27:59,457 - INFO -   time_limit_seconds = 6300
2025-09-22 15:27:59,457 - INFO -   weight_decay = 0.0
2025-09-22 15:27:59,457 - INFO -   zero_aug_train = False
2025-09-22 15:27:59,468 - INFO - Loaded 50000 examples in difficulty order
2025-09-22 15:28:00,164 - INFO - Loaded TIMM pretrained weights for resnet10t.c3_in1k
2025-09-22 15:28:00,164 - INFO - pretrained_cfg.url=https://github.com/rwightman/pytorch-image-models/releases/download/v0.1-rsb-weights/resnet10t_176_c3-f3215ab1.pth hf_hub_id=timm/resnet10t.c3_in1k
2025-09-22 15:28:00,457 - INFO - Stored original model weights for reset
2025-09-22 15:28:00,459 - INFO - Training configuration:
2025-09-22 15:28:00,459 - INFO -   lr = 0.0001
2025-09-22 15:28:00,459 - INFO -   weight_decay = 0.0
2025-09-22 15:28:00,459 - INFO -   max_steps = 10000
2025-09-22 15:28:00,459 - INFO -   epsilon = 0.001
2025-09-22 15:28:00,459 - INFO -   device = cuda
2025-09-22 15:28:00,459 - INFO -   use_amp = True
2025-09-22 15:28:00,459 - INFO -   amp_dtype = bfloat16
2025-09-22 15:28:00,459 - INFO -   gradient_clip_norm = 1.0
2025-09-22 15:28:00,487 - INFO - Resolved model_csv_name='resnet_10t_176_classification_imagenet_1k' to mask_row_index=1010
2025-09-22 15:28:03,269 - INFO - Selected 14932 wrong examples for training (sorted by difficulty)
2025-09-22 15:28:03,269 - INFO - Worker 7/8 assigned range [13066, 14932) with 1866 examples
2025-09-22 15:28:03,287 - INFO - 
=== Worker 7 Training Example 1/1866 (global idx 13066): /home/projects/bagon/shared/imagenet512/val/n02219486/ILSVRC2012_val_00002451.JPEG ===
2025-09-22 15:28:23,584 - INFO - Example /home/projects/bagon/shared/imagenet512/val/n02219486/ILSVRC2012_val_00002451.JPEG reached epsilon at step 1812, loss sum: 1119.1271, final loss: 0.00093079, weight distance: 0.1106
2025-09-22 15:28:24,429 - INFO - Example 1 completed: 1812 steps, loss sum: 1119.1271, final loss: 0.00093079, weight distance: 0.1106 (universal rank: 46492)
2025-09-22 15:28:24,429 - INFO - 
=== Worker 7 Training Example 2/1866 (global idx 13067): /home/projects/bagon/shared/imagenet512/val/n03047690/ILSVRC2012_val_00006616.JPEG ===
2025-09-22 15:28:54,638 - INFO - Example /home/projects/bagon/shared/imagenet512/val/n03047690/ILSVRC2012_val_00006616.JPEG reached epsilon at step 2799, loss sum: 2900.0287, final loss: 0.00095749, weight distance: 0.1589
2025-09-22 15:28:55,202 - INFO - Example 2 completed: 2799 steps, loss sum: 2900.0287, final loss: 0.00095749, weight distance: 0.1589 (universal rank: 46493)
2025-09-22 15:28:55,202 - INFO - 
=== Worker 7 Training Example 3/1866 (global idx 13068): /home/projects/bagon/shared/imagenet512/val/n04204347/ILSVRC2012_val_00008219.JPEG ===
2025-09-22 15:29:13,168 - INFO - Example /home/projects/bagon/shared/imagenet512/val/n04204347/ILSVRC2012_val_00008219.JPEG reached epsilon at step 1667, loss sum: 726.8168, final loss: 0.00095749, weight distance: 0.1020
2025-09-22 15:29:13,769 - INFO - Example 3 completed: 1667 steps, loss sum: 726.8168, final loss: 0.00095749, weight distance: 0.1020 (universal rank: 46494)
2025-09-22 15:29:13,769 - INFO - 
=== Worker 7 Training Example 4/1866 (global idx 13069): /home/projects/bagon/shared/imagenet512/val/n04336792/ILSVRC2012_val_00015424.JPEG ===
2025-09-22 15:29:31,466 - INFO - Example /home/projects/bagon/shared/imagenet512/val/n04336792/ILSVRC2012_val_00015424.JPEG reached epsilon at step 1640, loss sum: 774.7980, final loss: 0.00097275, weight distance: 0.0975
2025-09-22 15:29:31,961 - INFO - Example 4 completed: 1640 steps, loss sum: 774.7980, final loss: 0.00097275, weight distance: 0.0975 (universal rank: 46495)
2025-09-22 15:29:31,961 - INFO - 
=== Worker 7 Training Example 5/1866 (global idx 13070): /home/projects/bagon/shared/imagenet512/val/n03110669/ILSVRC2012_val_00032478.JPEG ===
2025-09-22 15:30:05,848 - INFO - Example /home/projects/bagon/shared/imagenet512/val/n03110669/ILSVRC2012_val_00032478.JPEG reached epsilon at step 3127, loss sum: 1302.8622, final loss: 0.00091553, weight distance: 0.1496
2025-09-22 15:30:06,338 - INFO - Example 5 completed: 3127 steps, loss sum: 1302.8622, final loss: 0.00091553, weight distance: 0.1496 (universal rank: 46496)
2025-09-22 15:30:06,338 - INFO - 
=== Worker 7 Training Example 6/1866 (global idx 13071): /home/projects/bagon/shared/imagenet512/val/n03868863/ILSVRC2012_val_00032498.JPEG ===
2025-09-22 15:30:29,250 - INFO - Example /home/projects/bagon/shared/imagenet512/val/n03868863/ILSVRC2012_val_00032498.JPEG reached epsilon at step 2121, loss sum: 2553.8887, final loss: 0.00096130, weight distance: 0.1273
2025-09-22 15:30:29,750 - INFO - Example 6 completed: 2121 steps, loss sum: 2553.8887, final loss: 0.00096130, weight distance: 0.1273 (universal rank: 46498)
2025-09-22 15:30:29,750 - INFO - 
=== Worker 7 Training Example 7/1866 (global idx 13072): /home/projects/bagon/shared/imagenet512/val/n04366367/ILSVRC2012_val_00015073.JPEG ===
2025-09-22 15:30:54,089 - INFO - Example /home/projects/bagon/shared/imagenet512/val/n04366367/ILSVRC2012_val_00015073.JPEG reached epsilon at step 2250, loss sum: 622.0336, final loss: 0.00098419, weight distance: 0.1181
2025-09-22 15:30:54,577 - INFO - Example 7 completed: 2250 steps, loss sum: 622.0336, final loss: 0.00098419, weight distance: 0.1181 (universal rank: 46499)
2025-09-22 15:30:54,577 - INFO - 
=== Worker 7 Training Example 8/1866 (global idx 13073): /home/projects/bagon/shared/imagenet512/val/n09468604/ILSVRC2012_val_00031159.JPEG ===
2025-09-22 15:31:26,464 - INFO - Example /home/projects/bagon/shared/imagenet512/val/n09468604/ILSVRC2012_val_00031159.JPEG reached epsilon at step 2942, loss sum: 640.1376, final loss: 0.00099182, weight distance: 0.1267
2025-09-22 15:31:27,047 - INFO - Example 8 completed: 2942 steps, loss sum: 640.1376, final loss: 0.00099182, weight distance: 0.1267 (universal rank: 46500)
2025-09-22 15:31:27,047 - INFO - 
=== Worker 7 Training Example 9/1866 (global idx 13074): /home/projects/bagon/shared/imagenet512/val/n02091244/ILSVRC2012_val_00021323.JPEG ===
2025-09-22 15:31:46,839 - INFO - Example /home/projects/bagon/shared/imagenet512/val/n02091244/ILSVRC2012_val_00021323.JPEG reached epsilon at step 1830, loss sum: 325.7314, final loss: 0.00097656, weight distance: 0.0894
2025-09-22 15:31:47,336 - INFO - Example 9 completed: 1830 steps, loss sum: 325.7314, final loss: 0.00097656, weight distance: 0.0894 (universal rank: 46501)
2025-09-22 15:31:47,336 - INFO - 
=== Worker 7 Training Example 10/1866 (global idx 13075): /home/projects/bagon/shared/imagenet512/val/n04355933/ILSVRC2012_val_00047493.JPEG ===
2025-09-22 15:32:34,642 - INFO - Example /home/projects/bagon/shared/imagenet512/val/n04355933/ILSVRC2012_val_00047493.JPEG reached epsilon at step 4369, loss sum: 872.7351, final loss: 0.00098419, weight distance: 0.1681
2025-09-22 15:32:35,122 - INFO - Example 10 completed: 4369 steps, loss sum: 872.7351, final loss: 0.00098419, weight distance: 0.1681 (universal rank: 46503)
2025-09-22 15:32:35,122 - INFO - 
=== Worker 7 Training Example 11/1866 (global idx 13076): /home/projects/bagon/shared/imagenet512/val/n03400231/ILSVRC2012_val_00020799.JPEG ===
2025-09-22 15:33:08,861 - INFO - Example /home/projects/bagon/shared/imagenet512/val/n03400231/ILSVRC2012_val_00020799.JPEG reached epsilon at step 3111, loss sum: 2026.5337, final loss: 0.00099182, weight distance: 0.1345
2025-09-22 15:33:09,353 - INFO - Example 11 completed: 3111 steps, loss sum: 2026.5337, final loss: 0.00099182, weight distance: 0.1345 (universal rank: 46504)
2025-09-22 15:33:09,353 - INFO - 
=== Worker 7 Training Example 12/1866 (global idx 13077): /home/projects/bagon/shared/imagenet512/val/n03532672/ILSVRC2012_val_00034066.JPEG ===
2025-09-22 15:33:52,000 - INFO - Example /home/projects/bagon/shared/imagenet512/val/n03532672/ILSVRC2012_val_00034066.JPEG reached epsilon at step 3926, loss sum: 5405.2437, final loss: 0.00093460, weight distance: 0.1928
2025-09-22 15:33:52,536 - INFO - Example 12 completed: 3926 steps, loss sum: 5405.2437, final loss: 0.00093460, weight distance: 0.1928 (universal rank: 46505)
2025-09-22 15:33:52,536 - INFO - 
=== Worker 7 Training Example 13/1866 (global idx 13078): /home/projects/bagon/shared/imagenet512/val/n09332890/ILSVRC2012_val_00018065.JPEG ===
2025-09-22 15:34:19,946 - INFO - Example /home/projects/bagon/shared/imagenet512/val/n09332890/ILSVRC2012_val_00018065.JPEG reached epsilon at step 2520, loss sum: 1289.4048, final loss: 0.00093079, weight distance: 0.1216
2025-09-22 15:34:20,440 - INFO - Example 13 completed: 2520 steps, loss sum: 1289.4048, final loss: 0.00093079, weight distance: 0.1216 (universal rank: 46506)
2025-09-22 15:34:20,440 - INFO - 
=== Worker 7 Training Example 14/1866 (global idx 13079): /home/projects/bagon/shared/imagenet512/val/n03535780/ILSVRC2012_val_00015296.JPEG ===
2025-09-22 15:34:56,352 - INFO - Example /home/projects/bagon/shared/imagenet512/val/n03535780/ILSVRC2012_val_00015296.JPEG reached epsilon at step 3312, loss sum: 2568.3665, final loss: 0.00094223, weight distance: 0.1417
2025-09-22 15:34:56,854 - INFO - Example 14 completed: 3312 steps, loss sum: 2568.3665, final loss: 0.00094223, weight distance: 0.1417 (universal rank: 46507)
2025-09-22 15:34:56,854 - INFO - 
=== Worker 7 Training Example 15/1866 (global idx 13080): /home/projects/bagon/shared/imagenet512/val/n04579145/ILSVRC2012_val_00045681.JPEG ===
2025-09-22 15:35:20,751 - INFO - Example /home/projects/bagon/shared/imagenet512/val/n04579145/ILSVRC2012_val_00045681.JPEG reached epsilon at step 2210, loss sum: 776.8333, final loss: 0.00094604, weight distance: 0.1156
2025-09-22 15:35:21,247 - INFO - Example 15 completed: 2210 steps, loss sum: 776.8333, final loss: 0.00094604, weight distance: 0.1156 (universal rank: 46508)
2025-09-22 15:35:21,248 - INFO - 
=== Worker 7 Training Example 16/1866 (global idx 13081): /home/projects/bagon/shared/imagenet512/val/n03877472/ILSVRC2012_val_00001424.JPEG ===
2025-09-22 15:35:50,518 - INFO - Example /home/projects/bagon/shared/imagenet512/val/n03877472/ILSVRC2012_val_00001424.JPEG reached epsilon at step 2697, loss sum: 1605.4303, final loss: 0.00092316, weight distance: 0.1464
2025-09-22 15:35:51,002 - INFO - Example 16 completed: 2697 steps, loss sum: 1605.4303, final loss: 0.00092316, weight distance: 0.1464 (universal rank: 46509)
2025-09-22 15:35:51,002 - INFO - 
=== Worker 7 Training Example 17/1866 (global idx 13082): /home/projects/bagon/shared/imagenet512/val/n03476684/ILSVRC2012_val_00013178.JPEG ===
2025-09-22 15:36:11,230 - INFO - Example /home/projects/bagon/shared/imagenet512/val/n03476684/ILSVRC2012_val_00013178.JPEG reached epsilon at step 1860, loss sum: 1092.8790, final loss: 0.00099945, weight distance: 0.1144
2025-09-22 15:36:11,709 - INFO - Example 17 completed: 1860 steps, loss sum: 1092.8790, final loss: 0.00099945, weight distance: 0.1144 (universal rank: 46510)
2025-09-22 15:36:11,709 - INFO - 
=== Worker 7 Training Example 18/1866 (global idx 13083): /home/projects/bagon/shared/imagenet512/val/n03843555/ILSVRC2012_val_00017451.JPEG ===
2025-09-22 15:36:31,995 - INFO - Example /home/projects/bagon/shared/imagenet512/val/n03843555/ILSVRC2012_val_00017451.JPEG reached epsilon at step 1876, loss sum: 1887.4547, final loss: 0.00092316, weight distance: 0.1192
2025-09-22 15:36:32,571 - INFO - Example 18 completed: 1876 steps, loss sum: 1887.4547, final loss: 0.00092316, weight distance: 0.1192 (universal rank: 46511)
2025-09-22 15:36:32,571 - INFO - 
=== Worker 7 Training Example 19/1866 (global idx 13084): /home/projects/bagon/shared/imagenet512/val/n02776631/ILSVRC2012_val_00043895.JPEG ===
2025-09-22 15:36:59,297 - INFO - Example /home/projects/bagon/shared/imagenet512/val/n02776631/ILSVRC2012_val_00043895.JPEG reached epsilon at step 2456, loss sum: 553.8309, final loss: 0.00094223, weight distance: 0.1206
2025-09-22 15:36:59,785 - INFO - Example 19 completed: 2456 steps, loss sum: 553.8309, final loss: 0.00094223, weight distance: 0.1206 (universal rank: 46512)
2025-09-22 15:36:59,785 - INFO - 
=== Worker 7 Training Example 20/1866 (global idx 13085): /home/projects/bagon/shared/imagenet512/val/n04026417/ILSVRC2012_val_00042230.JPEG ===
2025-09-22 15:37:44,430 - INFO - Example /home/projects/bagon/shared/imagenet512/val/n04026417/ILSVRC2012_val_00042230.JPEG reached epsilon at step 4136, loss sum: 1322.5759, final loss: 0.00096893, weight distance: 0.1834
2025-09-22 15:37:44,925 - INFO - Example 20 completed: 4136 steps, loss sum: 1322.5759, final loss: 0.00096893, weight distance: 0.1834 (universal rank: 46513)
2025-09-22 15:37:44,925 - INFO - 
=== Worker 7 Training Example 21/1866 (global idx 13086): /home/projects/bagon/shared/imagenet512/val/n02114367/ILSVRC2012_val_00000530.JPEG ===
2025-09-22 15:38:10,085 - INFO - Example /home/projects/bagon/shared/imagenet512/val/n02114367/ILSVRC2012_val_00000530.JPEG reached epsilon at step 2334, loss sum: 2541.1700, final loss: 0.00099945, weight distance: 0.1257
2025-09-22 15:38:10,656 - INFO - Example 21 completed: 2334 steps, loss sum: 2541.1700, final loss: 0.00099945, weight distance: 0.1257 (universal rank: 46514)
2025-09-22 15:38:10,656 - INFO - 
=== Worker 7 Training Example 22/1866 (global idx 13087): /home/projects/bagon/shared/imagenet512/val/n07718472/ILSVRC2012_val_00023139.JPEG ===
2025-09-22 15:38:34,849 - INFO - Example /home/projects/bagon/shared/imagenet512/val/n07718472/ILSVRC2012_val_00023139.JPEG reached epsilon at step 2243, loss sum: 859.6091, final loss: 0.00099182, weight distance: 0.1248
2025-09-22 15:38:35,331 - INFO - Example 22 completed: 2243 steps, loss sum: 859.6091, final loss: 0.00099182, weight distance: 0.1248 (universal rank: 46515)
2025-09-22 15:38:35,331 - INFO - 
=== Worker 7 Training Example 23/1866 (global idx 13088): /home/projects/bagon/shared/imagenet512/val/n03249569/ILSVRC2012_val_00001609.JPEG ===
2025-09-22 15:38:58,705 - INFO - Example /home/projects/bagon/shared/imagenet512/val/n03249569/ILSVRC2012_val_00001609.JPEG reached epsilon at step 2169, loss sum: 1538.7253, final loss: 0.00099182, weight distance: 0.1196
2025-09-22 15:38:59,200 - INFO - Example 23 completed: 2169 steps, loss sum: 1538.7253, final loss: 0.00099182, weight distance: 0.1196 (universal rank: 46516)
2025-09-22 15:38:59,201 - INFO - 
=== Worker 7 Training Example 24/1866 (global idx 13089): /home/projects/bagon/shared/imagenet512/val/n03775071/ILSVRC2012_val_00023240.JPEG ===
2025-09-22 15:39:25,840 - INFO - Example /home/projects/bagon/shared/imagenet512/val/n03775071/ILSVRC2012_val_00023240.JPEG reached epsilon at step 2472, loss sum: 2803.5814, final loss: 0.00094223, weight distance: 0.1446
2025-09-22 15:39:26,707 - INFO - Example 24 completed: 2472 steps, loss sum: 2803.5814, final loss: 0.00094223, weight distance: 0.1446 (universal rank: 46517)
2025-09-22 15:39:26,707 - INFO - 
=== Worker 7 Training Example 25/1866 (global idx 13090): /home/projects/bagon/shared/imagenet512/val/n03891251/ILSVRC2012_val_00011880.JPEG ===
2025-09-22 15:39:44,219 - INFO - Example /home/projects/bagon/shared/imagenet512/val/n03891251/ILSVRC2012_val_00011880.JPEG reached epsilon at step 1628, loss sum: 2036.5887, final loss: 0.00095749, weight distance: 0.1088
2025-09-22 15:39:44,718 - INFO - Example 25 completed: 1628 steps, loss sum: 2036.5887, final loss: 0.00095749, weight distance: 0.1088 (universal rank: 46518)
2025-09-22 15:39:44,718 - INFO - 
=== Worker 7 Training Example 26/1866 (global idx 13091): /home/projects/bagon/shared/imagenet512/val/n02104029/ILSVRC2012_val_00033303.JPEG ===
2025-09-22 15:40:05,975 - INFO - Example /home/projects/bagon/shared/imagenet512/val/n02104029/ILSVRC2012_val_00033303.JPEG reached epsilon at step 1981, loss sum: 1463.7819, final loss: 0.00099945, weight distance: 0.1209
2025-09-22 15:40:06,491 - INFO - Example 26 completed: 1981 steps, loss sum: 1463.7819, final loss: 0.00099945, weight distance: 0.1209 (universal rank: 46519)
2025-09-22 15:40:06,491 - INFO - 
=== Worker 7 Training Example 27/1866 (global idx 13092): /home/projects/bagon/shared/imagenet512/val/n04493381/ILSVRC2012_val_00038066.JPEG ===
2025-09-22 15:40:52,244 - INFO - Example /home/projects/bagon/shared/imagenet512/val/n04493381/ILSVRC2012_val_00038066.JPEG reached epsilon at step 4248, loss sum: 869.3314, final loss: 0.00094986, weight distance: 0.1650
2025-09-22 15:40:52,732 - INFO - Example 27 completed: 4248 steps, loss sum: 869.3314, final loss: 0.00094986, weight distance: 0.1650 (universal rank: 46520)
2025-09-22 15:40:52,732 - INFO - 
=== Worker 7 Training Example 28/1866 (global idx 13093): /home/projects/bagon/shared/imagenet512/val/n04026417/ILSVRC2012_val_00012285.JPEG ===
2025-09-22 15:41:29,296 - INFO - Example /home/projects/bagon/shared/imagenet512/val/n04026417/ILSVRC2012_val_00012285.JPEG reached epsilon at step 3390, loss sum: 1159.3286, final loss: 0.00099945, weight distance: 0.1475
2025-09-22 15:41:29,784 - INFO - Example 28 completed: 3390 steps, loss sum: 1159.3286, final loss: 0.00099945, weight distance: 0.1475 (universal rank: 46521)
2025-09-22 15:41:29,784 - INFO - 
=== Worker 7 Training Example 29/1866 (global idx 13094): /home/projects/bagon/shared/imagenet512/val/n02089078/ILSVRC2012_val_00023966.JPEG ===
2025-09-22 15:41:57,126 - INFO - Example /home/projects/bagon/shared/imagenet512/val/n02089078/ILSVRC2012_val_00023966.JPEG reached epsilon at step 2537, loss sum: 397.7297, final loss: 0.00099945, weight distance: 0.1152
2025-09-22 15:41:57,609 - INFO - Example 29 completed: 2537 steps, loss sum: 397.7297, final loss: 0.00099945, weight distance: 0.1152 (universal rank: 46522)
2025-09-22 15:41:57,609 - INFO - 
=== Worker 7 Training Example 30/1866 (global idx 13095): /home/projects/bagon/shared/imagenet512/val/n02086079/ILSVRC2012_val_00007111.JPEG ===
2025-09-22 15:42:13,299 - INFO - Example /home/projects/bagon/shared/imagenet512/val/n02086079/ILSVRC2012_val_00007111.JPEG reached epsilon at step 1455, loss sum: 360.9458, final loss: 0.00097275, weight distance: 0.0853
2025-09-22 15:42:13,791 - INFO - Example 30 completed: 1455 steps, loss sum: 360.9458, final loss: 0.00097275, weight distance: 0.0853 (universal rank: 46523)
2025-09-22 15:42:13,791 - INFO - 
=== Worker 7 Training Example 31/1866 (global idx 13096): /home/projects/bagon/shared/imagenet512/val/n04370456/ILSVRC2012_val_00004955.JPEG ===
2025-09-22 15:42:42,618 - INFO - Example /home/projects/bagon/shared/imagenet512/val/n04370456/ILSVRC2012_val_00004955.JPEG reached epsilon at step 2678, loss sum: 804.3011, final loss: 0.00099945, weight distance: 0.1262
2025-09-22 15:42:43,165 - INFO - Example 31 completed: 2678 steps, loss sum: 804.3011, final loss: 0.00099945, weight distance: 0.1262 (universal rank: 46524)
2025-09-22 15:42:43,166 - INFO - 
=== Worker 7 Training Example 32/1866 (global idx 13097): /home/projects/bagon/shared/imagenet512/val/n04399382/ILSVRC2012_val_00047954.JPEG ===
2025-09-22 15:42:58,994 - INFO - Example /home/projects/bagon/shared/imagenet512/val/n04399382/ILSVRC2012_val_00047954.JPEG reached epsilon at step 1451, loss sum: 673.8288, final loss: 0.00097275, weight distance: 0.0904
2025-09-22 15:42:59,475 - INFO - Example 32 completed: 1451 steps, loss sum: 673.8288, final loss: 0.00097275, weight distance: 0.0904 (universal rank: 46525)
2025-09-22 15:42:59,475 - INFO - 
=== Worker 7 Training Example 33/1866 (global idx 13098): /home/projects/bagon/shared/imagenet512/val/n03400231/ILSVRC2012_val_00033436.JPEG ===
2025-09-22 15:43:31,644 - INFO - Example /home/projects/bagon/shared/imagenet512/val/n03400231/ILSVRC2012_val_00033436.JPEG reached epsilon at step 2966, loss sum: 1626.2117, final loss: 0.00099945, weight distance: 0.1384
2025-09-22 15:43:32,139 - INFO - Example 33 completed: 2966 steps, loss sum: 1626.2117, final loss: 0.00099945, weight distance: 0.1384 (universal rank: 46526)
2025-09-22 15:43:32,139 - INFO - 
=== Worker 7 Training Example 34/1866 (global idx 13099): /home/projects/bagon/shared/imagenet512/val/n07716906/ILSVRC2012_val_00013755.JPEG ===
2025-09-22 15:43:48,836 - INFO - Example /home/projects/bagon/shared/imagenet512/val/n07716906/ILSVRC2012_val_00013755.JPEG reached epsilon at step 1532, loss sum: 127.7072, final loss: 0.00096893, weight distance: 0.0771
2025-09-22 15:43:49,413 - INFO - Example 34 completed: 1532 steps, loss sum: 127.7072, final loss: 0.00096893, weight distance: 0.0771 (universal rank: 46527)
2025-09-22 15:43:49,413 - INFO - 
=== Worker 7 Training Example 35/1866 (global idx 13100): /home/projects/bagon/shared/imagenet512/val/n02089973/ILSVRC2012_val_00033862.JPEG ===
2025-09-22 15:44:16,789 - INFO - Example /home/projects/bagon/shared/imagenet512/val/n02089973/ILSVRC2012_val_00033862.JPEG reached epsilon at step 2541, loss sum: 1179.2953, final loss: 0.00097656, weight distance: 0.1308
2025-09-22 15:44:17,285 - INFO - Example 35 completed: 2541 steps, loss sum: 1179.2953, final loss: 0.00097656, weight distance: 0.1308 (universal rank: 46529)
2025-09-22 15:44:17,285 - INFO - 
=== Worker 7 Training Example 36/1866 (global idx 13101): /home/projects/bagon/shared/imagenet512/val/n04154565/ILSVRC2012_val_00020366.JPEG ===
2025-09-22 15:44:46,440 - INFO - Example /home/projects/bagon/shared/imagenet512/val/n04154565/ILSVRC2012_val_00020366.JPEG reached epsilon at step 2685, loss sum: 4851.5065, final loss: 0.00097656, weight distance: 0.1679
2025-09-22 15:44:46,979 - INFO - Example 36 completed: 2685 steps, loss sum: 4851.5065, final loss: 0.00097656, weight distance: 0.1679 (universal rank: 46530)
2025-09-22 15:44:46,979 - INFO - 
=== Worker 7 Training Example 37/1866 (global idx 13102): /home/projects/bagon/shared/imagenet512/val/n04254777/ILSVRC2012_val_00045111.JPEG ===
2025-09-22 15:45:17,633 - INFO - Example /home/projects/bagon/shared/imagenet512/val/n04254777/ILSVRC2012_val_00045111.JPEG reached epsilon at step 2835, loss sum: 1884.8677, final loss: 0.00093460, weight distance: 0.1517
2025-09-22 15:45:18,136 - INFO - Example 37 completed: 2835 steps, loss sum: 1884.8677, final loss: 0.00093460, weight distance: 0.1517 (universal rank: 46531)
2025-09-22 15:45:18,136 - INFO - 
=== Worker 7 Training Example 38/1866 (global idx 13103): /home/projects/bagon/shared/imagenet512/val/n03825788/ILSVRC2012_val_00039100.JPEG ===
2025-09-22 15:45:49,550 - INFO - Example /home/projects/bagon/shared/imagenet512/val/n03825788/ILSVRC2012_val_00039100.JPEG reached epsilon at step 2922, loss sum: 2530.6741, final loss: 0.00094986, weight distance: 0.1545
2025-09-22 15:45:50,036 - INFO - Example 38 completed: 2922 steps, loss sum: 2530.6741, final loss: 0.00094986, weight distance: 0.1545 (universal rank: 46532)
2025-09-22 15:45:50,036 - INFO - 
=== Worker 7 Training Example 39/1866 (global idx 13104): /home/projects/bagon/shared/imagenet512/val/n02692877/ILSVRC2012_val_00021306.JPEG ===
2025-09-22 15:46:18,738 - INFO - Example /home/projects/bagon/shared/imagenet512/val/n02692877/ILSVRC2012_val_00021306.JPEG reached epsilon at step 2657, loss sum: 1586.2004, final loss: 0.00093079, weight distance: 0.1342
2025-09-22 15:46:19,480 - INFO - Example 39 completed: 2657 steps, loss sum: 1586.2004, final loss: 0.00093079, weight distance: 0.1342 (universal rank: 46533)
2025-09-22 15:46:19,481 - INFO - 
=== Worker 7 Training Example 40/1866 (global idx 13105): /home/projects/bagon/shared/imagenet512/val/n03125729/ILSVRC2012_val_00036725.JPEG ===
2025-09-22 15:46:55,540 - INFO - Example /home/projects/bagon/shared/imagenet512/val/n03125729/ILSVRC2012_val_00036725.JPEG reached epsilon at step 3344, loss sum: 3218.7852, final loss: 0.00098419, weight distance: 0.1519
2025-09-22 15:46:56,028 - INFO - Example 40 completed: 3344 steps, loss sum: 3218.7852, final loss: 0.00098419, weight distance: 0.1519 (universal rank: 46534)
2025-09-22 15:46:56,029 - INFO - 
=== Worker 7 Training Example 41/1866 (global idx 13106): /home/projects/bagon/shared/imagenet512/val/n04522168/ILSVRC2012_val_00006712.JPEG ===
2025-09-22 15:47:21,426 - INFO - Example /home/projects/bagon/shared/imagenet512/val/n04522168/ILSVRC2012_val_00006712.JPEG reached epsilon at step 2352, loss sum: 802.4581, final loss: 0.00096512, weight distance: 0.1197
2025-09-22 15:47:21,923 - INFO - Example 41 completed: 2352 steps, loss sum: 802.4581, final loss: 0.00096512, weight distance: 0.1197 (universal rank: 46536)
2025-09-22 15:47:21,923 - INFO - 
=== Worker 7 Training Example 42/1866 (global idx 13107): /home/projects/bagon/shared/imagenet512/val/n03534580/ILSVRC2012_val_00000776.JPEG ===
2025-09-22 15:47:55,296 - INFO - Example /home/projects/bagon/shared/imagenet512/val/n03534580/ILSVRC2012_val_00000776.JPEG reached epsilon at step 3087, loss sum: 1682.8826, final loss: 0.00099182, weight distance: 0.1359
2025-09-22 15:47:55,786 - INFO - Example 42 completed: 3087 steps, loss sum: 1682.8826, final loss: 0.00099182, weight distance: 0.1359 (universal rank: 46537)
2025-09-22 15:47:55,786 - INFO - 
=== Worker 7 Training Example 43/1866 (global idx 13108): /home/projects/bagon/shared/imagenet512/val/n03594734/ILSVRC2012_val_00028663.JPEG ===
2025-09-22 15:48:19,621 - INFO - Example /home/projects/bagon/shared/imagenet512/val/n03594734/ILSVRC2012_val_00028663.JPEG reached epsilon at step 2210, loss sum: 1966.1783, final loss: 0.00097656, weight distance: 0.1347
2025-09-22 15:48:20,104 - INFO - Example 43 completed: 2210 steps, loss sum: 1966.1783, final loss: 0.00097656, weight distance: 0.1347 (universal rank: 46538)
2025-09-22 15:48:20,104 - INFO - 
=== Worker 7 Training Example 44/1866 (global idx 13109): /home/projects/bagon/shared/imagenet512/val/n01740131/ILSVRC2012_val_00003693.JPEG ===
2025-09-22 15:48:58,223 - INFO - Example /home/projects/bagon/shared/imagenet512/val/n01740131/ILSVRC2012_val_00003693.JPEG reached epsilon at step 3542, loss sum: 2152.0288, final loss: 0.00097275, weight distance: 0.1711
2025-09-22 15:48:58,713 - INFO - Example 44 completed: 3542 steps, loss sum: 2152.0288, final loss: 0.00097275, weight distance: 0.1711 (universal rank: 46539)
2025-09-22 15:48:58,713 - INFO - 
=== Worker 7 Training Example 45/1866 (global idx 13110): /home/projects/bagon/shared/imagenet512/val/n04041544/ILSVRC2012_val_00025202.JPEG ===
2025-09-22 15:49:28,292 - INFO - Example /home/projects/bagon/shared/imagenet512/val/n04041544/ILSVRC2012_val_00025202.JPEG reached epsilon at step 2732, loss sum: 753.0539, final loss: 0.00099182, weight distance: 0.1421
2025-09-22 15:49:28,781 - INFO - Example 45 completed: 2732 steps, loss sum: 753.0539, final loss: 0.00099182, weight distance: 0.1421 (universal rank: 46540)
2025-09-22 15:49:28,781 - INFO - 
=== Worker 7 Training Example 46/1866 (global idx 13111): /home/projects/bagon/shared/imagenet512/val/n03216828/ILSVRC2012_val_00028756.JPEG ===
2025-09-22 15:49:58,554 - INFO - Example /home/projects/bagon/shared/imagenet512/val/n03216828/ILSVRC2012_val_00028756.JPEG reached epsilon at step 2746, loss sum: 354.4337, final loss: 0.00098419, weight distance: 0.1250
2025-09-22 15:49:59,048 - INFO - Example 46 completed: 2746 steps, loss sum: 354.4337, final loss: 0.00098419, weight distance: 0.1250 (universal rank: 46541)
2025-09-22 15:49:59,048 - INFO - 
=== Worker 7 Training Example 47/1866 (global idx 13112): /home/projects/bagon/shared/imagenet512/val/n03777754/ILSVRC2012_val_00047569.JPEG ===
2025-09-22 15:50:21,614 - INFO - Example /home/projects/bagon/shared/imagenet512/val/n03777754/ILSVRC2012_val_00047569.JPEG reached epsilon at step 2077, loss sum: 1659.4989, final loss: 0.00096512, weight distance: 0.1277
2025-09-22 15:50:22,105 - INFO - Example 47 completed: 2077 steps, loss sum: 1659.4989, final loss: 0.00096512, weight distance: 0.1277 (universal rank: 46543)
2025-09-22 15:50:22,105 - INFO - 
=== Worker 7 Training Example 48/1866 (global idx 13113): /home/projects/bagon/shared/imagenet512/val/n03271574/ILSVRC2012_val_00029507.JPEG ===
2025-09-22 15:50:46,042 - INFO - Example /home/projects/bagon/shared/imagenet512/val/n03271574/ILSVRC2012_val_00029507.JPEG reached epsilon at step 2208, loss sum: 3924.3650, final loss: 0.00099182, weight distance: 0.1482
2025-09-22 15:50:46,671 - INFO - Example 48 completed: 2208 steps, loss sum: 3924.3650, final loss: 0.00099182, weight distance: 0.1482 (universal rank: 46544)
2025-09-22 15:50:46,671 - INFO - 
=== Worker 7 Training Example 49/1866 (global idx 13114): /home/projects/bagon/shared/imagenet512/val/n01630670/ILSVRC2012_val_00021017.JPEG ===
2025-09-22 15:51:09,887 - INFO - Example /home/projects/bagon/shared/imagenet512/val/n01630670/ILSVRC2012_val_00021017.JPEG reached epsilon at step 2130, loss sum: 647.2353, final loss: 0.00097275, weight distance: 0.1099
2025-09-22 15:51:10,396 - INFO - Example 49 completed: 2130 steps, loss sum: 647.2353, final loss: 0.00097275, weight distance: 0.1099 (universal rank: 46545)
2025-09-22 15:51:10,396 - INFO - 
=== Worker 7 Training Example 50/1866 (global idx 13115): /home/projects/bagon/shared/imagenet512/val/n02095314/ILSVRC2012_val_00041762.JPEG ===
2025-09-22 15:51:40,580 - INFO - Example /home/projects/bagon/shared/imagenet512/val/n02095314/ILSVRC2012_val_00041762.JPEG reached epsilon at step 2779, loss sum: 2045.6078, final loss: 0.00097656, weight distance: 0.1544
2025-09-22 15:51:41,072 - INFO - Example 50 completed: 2779 steps, loss sum: 2045.6078, final loss: 0.00097656, weight distance: 0.1544 (universal rank: 46546)
2025-09-22 15:51:41,072 - INFO - 
=== Worker 7 Training Example 51/1866 (global idx 13116): /home/projects/bagon/shared/imagenet512/val/n02412080/ILSVRC2012_val_00022880.JPEG ===
2025-09-22 15:52:10,517 - INFO - Example /home/projects/bagon/shared/imagenet512/val/n02412080/ILSVRC2012_val_00022880.JPEG reached epsilon at step 2714, loss sum: 501.4907, final loss: 0.00097656, weight distance: 0.1255
2025-09-22 15:52:11,012 - INFO - Example 51 completed: 2714 steps, loss sum: 501.4907, final loss: 0.00097656, weight distance: 0.1255 (universal rank: 46547)
2025-09-22 15:52:11,012 - INFO - 
=== Worker 7 Training Example 52/1866 (global idx 13117): /home/projects/bagon/shared/imagenet512/val/n03920288/ILSVRC2012_val_00014355.JPEG ===
2025-09-22 15:52:41,083 - INFO - Example /home/projects/bagon/shared/imagenet512/val/n03920288/ILSVRC2012_val_00014355.JPEG reached epsilon at step 2788, loss sum: 3054.0100, final loss: 0.00092697, weight distance: 0.1496
2025-09-22 15:52:41,572 - INFO - Example 52 completed: 2788 steps, loss sum: 3054.0100, final loss: 0.00092697, weight distance: 0.1496 (universal rank: 46548)
2025-09-22 15:52:41,572 - INFO - 
=== Worker 7 Training Example 53/1866 (global idx 13118): /home/projects/bagon/shared/imagenet512/val/n01753488/ILSVRC2012_val_00038266.JPEG ===
2025-09-22 15:53:20,349 - INFO - Example /home/projects/bagon/shared/imagenet512/val/n01753488/ILSVRC2012_val_00038266.JPEG reached epsilon at step 3589, loss sum: 689.8259, final loss: 0.00096512, weight distance: 0.1425
2025-09-22 15:53:20,847 - INFO - Example 53 completed: 3589 steps, loss sum: 689.8259, final loss: 0.00096512, weight distance: 0.1425 (universal rank: 46549)
2025-09-22 15:53:20,847 - INFO - 
=== Worker 7 Training Example 54/1866 (global idx 13119): /home/projects/bagon/shared/imagenet512/val/n02093256/ILSVRC2012_val_00019759.JPEG ===
2025-09-22 15:53:54,268 - INFO - Example /home/projects/bagon/shared/imagenet512/val/n02093256/ILSVRC2012_val_00019759.JPEG reached epsilon at step 3096, loss sum: 1096.0843, final loss: 0.00099945, weight distance: 0.1525
2025-09-22 15:53:54,769 - INFO - Example 54 completed: 3096 steps, loss sum: 1096.0843, final loss: 0.00099945, weight distance: 0.1525 (universal rank: 46550)
2025-09-22 15:53:54,770 - INFO - 
=== Worker 7 Training Example 55/1866 (global idx 13120): /home/projects/bagon/shared/imagenet512/val/n02356798/ILSVRC2012_val_00038414.JPEG ===
2025-09-22 15:54:12,610 - INFO - Example /home/projects/bagon/shared/imagenet512/val/n02356798/ILSVRC2012_val_00038414.JPEG reached epsilon at step 1649, loss sum: 509.7951, final loss: 0.00095367, weight distance: 0.0925
2025-09-22 15:54:13,097 - INFO - Example 55 completed: 1649 steps, loss sum: 509.7951, final loss: 0.00095367, weight distance: 0.0925 (universal rank: 46551)
2025-09-22 15:54:13,097 - INFO - 
=== Worker 7 Training Example 56/1866 (global idx 13121): /home/projects/bagon/shared/imagenet512/val/n04423845/ILSVRC2012_val_00006762.JPEG ===
2025-09-22 15:54:29,872 - INFO - Example /home/projects/bagon/shared/imagenet512/val/n04423845/ILSVRC2012_val_00006762.JPEG reached epsilon at step 1548, loss sum: 754.4154, final loss: 0.00094986, weight distance: 0.0936
2025-09-22 15:54:30,657 - INFO - Example 56 completed: 1548 steps, loss sum: 754.4154, final loss: 0.00094986, weight distance: 0.0936 (universal rank: 46552)
2025-09-22 15:54:30,657 - INFO - 
=== Worker 7 Training Example 57/1866 (global idx 13122): /home/projects/bagon/shared/imagenet512/val/n02443114/ILSVRC2012_val_00048246.JPEG ===
2025-09-22 15:54:58,508 - INFO - Example /home/projects/bagon/shared/imagenet512/val/n02443114/ILSVRC2012_val_00048246.JPEG reached epsilon at step 2566, loss sum: 472.1925, final loss: 0.00099945, weight distance: 0.1187
2025-09-22 15:54:58,992 - INFO - Example 57 completed: 2566 steps, loss sum: 472.1925, final loss: 0.00099945, weight distance: 0.1187 (universal rank: 46553)
2025-09-22 15:54:58,992 - INFO - 
=== Worker 7 Training Example 58/1866 (global idx 13123): /home/projects/bagon/shared/imagenet512/val/n04485082/ILSVRC2012_val_00036032.JPEG ===
2025-09-22 15:55:17,435 - INFO - Example /home/projects/bagon/shared/imagenet512/val/n04485082/ILSVRC2012_val_00036032.JPEG reached epsilon at step 1704, loss sum: 851.1792, final loss: 0.00097656, weight distance: 0.0990
2025-09-22 15:55:17,923 - INFO - Example 58 completed: 1704 steps, loss sum: 851.1792, final loss: 0.00097656, weight distance: 0.0990 (universal rank: 46554)
2025-09-22 15:55:17,923 - INFO - 
=== Worker 7 Training Example 59/1866 (global idx 13124): /home/projects/bagon/shared/imagenet512/val/n04069434/ILSVRC2012_val_00007364.JPEG ===
2025-09-22 15:55:40,685 - INFO - Example /home/projects/bagon/shared/imagenet512/val/n04069434/ILSVRC2012_val_00007364.JPEG reached epsilon at step 2106, loss sum: 354.6615, final loss: 0.00097275, weight distance: 0.0968
2025-09-22 15:55:41,173 - INFO - Example 59 completed: 2106 steps, loss sum: 354.6615, final loss: 0.00097275, weight distance: 0.0968 (universal rank: 46555)
2025-09-22 15:55:41,174 - INFO - 
=== Worker 7 Training Example 60/1866 (global idx 13125): /home/projects/bagon/shared/imagenet512/val/n04548280/ILSVRC2012_val_00049764.JPEG ===
2025-09-22 15:56:19,196 - INFO - Example /home/projects/bagon/shared/imagenet512/val/n04548280/ILSVRC2012_val_00049764.JPEG reached epsilon at step 3526, loss sum: 360.6953, final loss: 0.00097275, weight distance: 0.1373
2025-09-22 15:56:19,685 - INFO - Example 60 completed: 3526 steps, loss sum: 360.6953, final loss: 0.00097275, weight distance: 0.1373 (universal rank: 46556)
2025-09-22 15:56:19,685 - INFO - 
=== Worker 7 Training Example 61/1866 (global idx 13126): /home/projects/bagon/shared/imagenet512/val/n03710721/ILSVRC2012_val_00039655.JPEG ===
2025-09-22 15:57:09,603 - INFO - Example /home/projects/bagon/shared/imagenet512/val/n03710721/ILSVRC2012_val_00039655.JPEG reached epsilon at step 4624, loss sum: 418.6594, final loss: 0.00090027, weight distance: 0.1642
2025-09-22 15:57:10,100 - INFO - Example 61 completed: 4624 steps, loss sum: 418.6594, final loss: 0.00090027, weight distance: 0.1642 (universal rank: 46557)
2025-09-22 15:57:10,100 - INFO - 
=== Worker 7 Training Example 62/1866 (global idx 13127): /home/projects/bagon/shared/imagenet512/val/n02417914/ILSVRC2012_val_00032467.JPEG ===
2025-09-22 15:57:25,202 - INFO - Example /home/projects/bagon/shared/imagenet512/val/n02417914/ILSVRC2012_val_00032467.JPEG reached epsilon at step 1399, loss sum: 101.4857, final loss: 0.00098419, weight distance: 0.0712
2025-09-22 15:57:25,690 - INFO - Example 62 completed: 1399 steps, loss sum: 101.4857, final loss: 0.00098419, weight distance: 0.0712 (universal rank: 46558)
2025-09-22 15:57:25,690 - INFO - 
=== Worker 7 Training Example 63/1866 (global idx 13128): /home/projects/bagon/shared/imagenet512/val/n03179701/ILSVRC2012_val_00022464.JPEG ===
2025-09-22 15:57:58,584 - INFO - Example /home/projects/bagon/shared/imagenet512/val/n03179701/ILSVRC2012_val_00022464.JPEG reached epsilon at step 3031, loss sum: 865.7290, final loss: 0.00097275, weight distance: 0.1406
2025-09-22 15:57:59,160 - INFO - Example 63 completed: 3031 steps, loss sum: 865.7290, final loss: 0.00097275, weight distance: 0.1406 (universal rank: 46559)
2025-09-22 15:57:59,160 - INFO - 
=== Worker 7 Training Example 64/1866 (global idx 13129): /home/projects/bagon/shared/imagenet512/val/n07584110/ILSVRC2012_val_00041589.JPEG ===
2025-09-22 15:58:15,366 - INFO - Example /home/projects/bagon/shared/imagenet512/val/n07584110/ILSVRC2012_val_00041589.JPEG reached epsilon at step 1494, loss sum: 472.0919, final loss: 0.00099945, weight distance: 0.0842
2025-09-22 15:58:15,852 - INFO - Example 64 completed: 1494 steps, loss sum: 472.0919, final loss: 0.00099945, weight distance: 0.0842 (universal rank: 46560)
2025-09-22 15:58:15,852 - INFO - 
=== Worker 7 Training Example 65/1866 (global idx 13130): /home/projects/bagon/shared/imagenet512/val/n03814639/ILSVRC2012_val_00011068.JPEG ===
2025-09-22 15:58:30,768 - INFO - Example /home/projects/bagon/shared/imagenet512/val/n03814639/ILSVRC2012_val_00011068.JPEG reached epsilon at step 1379, loss sum: 1930.6143, final loss: 0.00093460, weight distance: 0.1081
2025-09-22 15:58:31,358 - INFO - Example 65 completed: 1379 steps, loss sum: 1930.6143, final loss: 0.00093460, weight distance: 0.1081 (universal rank: 46561)
2025-09-22 15:58:31,359 - INFO - 
=== Worker 7 Training Example 66/1866 (global idx 13131): /home/projects/bagon/shared/imagenet512/val/n03633091/ILSVRC2012_val_00024083.JPEG ===
2025-09-22 15:59:09,438 - INFO - Example /home/projects/bagon/shared/imagenet512/val/n03633091/ILSVRC2012_val_00024083.JPEG reached epsilon at step 3526, loss sum: 4540.4966, final loss: 0.00096893, weight distance: 0.2051
2025-09-22 15:59:09,999 - INFO - Example 66 completed: 3526 steps, loss sum: 4540.4966, final loss: 0.00096893, weight distance: 0.2051 (universal rank: 46562)
2025-09-22 15:59:09,999 - INFO - 
=== Worker 7 Training Example 67/1866 (global idx 13132): /home/projects/bagon/shared/imagenet512/val/n04208210/ILSVRC2012_val_00031937.JPEG ===
2025-09-22 15:59:37,936 - INFO - Example /home/projects/bagon/shared/imagenet512/val/n04208210/ILSVRC2012_val_00031937.JPEG reached epsilon at step 2566, loss sum: 1418.2297, final loss: 0.00093842, weight distance: 0.1372
2025-09-22 15:59:38,423 - INFO - Example 67 completed: 2566 steps, loss sum: 1418.2297, final loss: 0.00093842, weight distance: 0.1372 (universal rank: 46563)
2025-09-22 15:59:38,423 - INFO - 
=== Worker 7 Training Example 68/1866 (global idx 13133): /home/projects/bagon/shared/imagenet512/val/n04557648/ILSVRC2012_val_00048464.JPEG ===
2025-09-22 16:00:03,868 - INFO - Example /home/projects/bagon/shared/imagenet512/val/n04557648/ILSVRC2012_val_00048464.JPEG reached epsilon at step 2317, loss sum: 2741.2968, final loss: 0.00098419, weight distance: 0.1442
2025-09-22 16:00:04,711 - INFO - Example 68 completed: 2317 steps, loss sum: 2741.2968, final loss: 0.00098419, weight distance: 0.1442 (universal rank: 46564)
2025-09-22 16:00:04,711 - INFO - 
=== Worker 7 Training Example 69/1866 (global idx 13134): /home/projects/bagon/shared/imagenet512/val/n03976657/ILSVRC2012_val_00020111.JPEG ===
2025-09-22 16:00:32,812 - INFO - Example /home/projects/bagon/shared/imagenet512/val/n03976657/ILSVRC2012_val_00020111.JPEG reached epsilon at step 2604, loss sum: 2668.1732, final loss: 0.00099945, weight distance: 0.1622
2025-09-22 16:00:33,312 - INFO - Example 69 completed: 2604 steps, loss sum: 2668.1732, final loss: 0.00099945, weight distance: 0.1622 (universal rank: 46565)
2025-09-22 16:00:33,312 - INFO - 
=== Worker 7 Training Example 70/1866 (global idx 13135): /home/projects/bagon/shared/imagenet512/val/n01871265/ILSVRC2012_val_00026221.JPEG ===
2025-09-22 16:01:09,680 - INFO - Example /home/projects/bagon/shared/imagenet512/val/n01871265/ILSVRC2012_val_00026221.JPEG reached epsilon at step 3371, loss sum: 1948.9297, final loss: 0.00094986, weight distance: 0.1495
2025-09-22 16:01:10,180 - INFO - Example 70 completed: 3371 steps, loss sum: 1948.9297, final loss: 0.00094986, weight distance: 0.1495 (universal rank: 46566)
2025-09-22 16:01:10,180 - INFO - 
=== Worker 7 Training Example 71/1866 (global idx 13136): /home/projects/bagon/shared/imagenet512/val/n02526121/ILSVRC2012_val_00009426.JPEG ===
2025-09-22 16:01:26,748 - INFO - Example /home/projects/bagon/shared/imagenet512/val/n02526121/ILSVRC2012_val_00009426.JPEG reached epsilon at step 1545, loss sum: 2371.8816, final loss: 0.00094986, weight distance: 0.1091
2025-09-22 16:01:27,235 - INFO - Example 71 completed: 1545 steps, loss sum: 2371.8816, final loss: 0.00094986, weight distance: 0.1091 (universal rank: 46567)
2025-09-22 16:01:27,235 - INFO - 
=== Worker 7 Training Example 72/1866 (global idx 13137): /home/projects/bagon/shared/imagenet512/val/n01739381/ILSVRC2012_val_00033552.JPEG ===
2025-09-22 16:01:58,512 - INFO - Example /home/projects/bagon/shared/imagenet512/val/n01739381/ILSVRC2012_val_00033552.JPEG reached epsilon at step 2853, loss sum: 791.0244, final loss: 0.00096893, weight distance: 0.1262
2025-09-22 16:02:04,768 - INFO - Example 72 completed: 2853 steps, loss sum: 791.0244, final loss: 0.00096893, weight distance: 0.1262 (universal rank: 46568)
2025-09-22 16:02:04,768 - INFO - 
=== Worker 7 Training Example 73/1866 (global idx 13138): /home/projects/bagon/shared/imagenet512/val/n03895866/ILSVRC2012_val_00033521.JPEG ===
2025-09-22 16:02:34,330 - INFO - Example /home/projects/bagon/shared/imagenet512/val/n03895866/ILSVRC2012_val_00033521.JPEG reached epsilon at step 2672, loss sum: 1387.0768, final loss: 0.00098419, weight distance: 0.1434
2025-09-22 16:02:47,220 - INFO - Example 73 completed: 2672 steps, loss sum: 1387.0768, final loss: 0.00098419, weight distance: 0.1434 (universal rank: 46569)
2025-09-22 16:02:47,221 - INFO - 
=== Worker 7 Training Example 74/1866 (global idx 13139): /home/projects/bagon/shared/imagenet512/val/n07584110/ILSVRC2012_val_00047665.JPEG ===
2025-09-22 16:03:23,548 - INFO - Example /home/projects/bagon/shared/imagenet512/val/n07584110/ILSVRC2012_val_00047665.JPEG reached epsilon at step 3261, loss sum: 2564.6024, final loss: 0.00097656, weight distance: 0.1747
2025-09-22 16:03:24,038 - INFO - Example 74 completed: 3261 steps, loss sum: 2564.6024, final loss: 0.00097656, weight distance: 0.1747 (universal rank: 46570)
2025-09-22 16:03:24,038 - INFO - 
=== Worker 7 Training Example 75/1866 (global idx 13140): /home/projects/bagon/shared/imagenet512/val/n01729322/ILSVRC2012_val_00005965.JPEG ===
2025-09-22 16:03:53,455 - INFO - Example /home/projects/bagon/shared/imagenet512/val/n01729322/ILSVRC2012_val_00005965.JPEG reached epsilon at step 2665, loss sum: 821.6819, final loss: 0.00094604, weight distance: 0.1284
2025-09-22 16:03:53,949 - INFO - Example 75 completed: 2665 steps, loss sum: 821.6819, final loss: 0.00094604, weight distance: 0.1284 (universal rank: 46571)
2025-09-22 16:03:53,949 - INFO - 
=== Worker 7 Training Example 76/1866 (global idx 13141): /home/projects/bagon/shared/imagenet512/val/n02134418/ILSVRC2012_val_00003135.JPEG ===
2025-09-22 16:04:09,803 - INFO - Example /home/projects/bagon/shared/imagenet512/val/n02134418/ILSVRC2012_val_00003135.JPEG reached epsilon at step 1457, loss sum: 595.4856, final loss: 0.00094986, weight distance: 0.0891
2025-09-22 16:04:10,322 - INFO - Example 76 completed: 1457 steps, loss sum: 595.4856, final loss: 0.00094986, weight distance: 0.0891 (universal rank: 46572)
2025-09-22 16:04:10,323 - INFO - 
=== Worker 7 Training Example 77/1866 (global idx 13142): /home/projects/bagon/shared/imagenet512/val/n03452741/ILSVRC2012_val_00003889.JPEG ===
2025-09-22 16:04:37,248 - INFO - Example /home/projects/bagon/shared/imagenet512/val/n03452741/ILSVRC2012_val_00003889.JPEG reached epsilon at step 2474, loss sum: 870.0805, final loss: 0.00092697, weight distance: 0.1225
2025-09-22 16:04:37,746 - INFO - Example 77 completed: 2474 steps, loss sum: 870.0805, final loss: 0.00092697, weight distance: 0.1225 (universal rank: 46573)
2025-09-22 16:04:37,747 - INFO - 
=== Worker 7 Training Example 78/1866 (global idx 13143): /home/projects/bagon/shared/imagenet512/val/n01776313/ILSVRC2012_val_00013330.JPEG ===
2025-09-22 16:04:57,839 - INFO - Example /home/projects/bagon/shared/imagenet512/val/n01776313/ILSVRC2012_val_00013330.JPEG reached epsilon at step 1839, loss sum: 457.6830, final loss: 0.00092697, weight distance: 0.0952
2025-09-22 16:04:58,337 - INFO - Example 78 completed: 1839 steps, loss sum: 457.6830, final loss: 0.00092697, weight distance: 0.0952 (universal rank: 46574)
2025-09-22 16:04:58,337 - INFO - 
=== Worker 7 Training Example 79/1866 (global idx 13144): /home/projects/bagon/shared/imagenet512/val/n03388043/ILSVRC2012_val_00019659.JPEG ===
2025-09-22 16:05:14,910 - INFO - Example /home/projects/bagon/shared/imagenet512/val/n03388043/ILSVRC2012_val_00019659.JPEG reached epsilon at step 1511, loss sum: 2181.6389, final loss: 0.00092316, weight distance: 0.1116
2025-09-22 16:05:15,403 - INFO - Example 79 completed: 1511 steps, loss sum: 2181.6389, final loss: 0.00092316, weight distance: 0.1116 (universal rank: 46576)
2025-09-22 16:05:15,403 - INFO - 
=== Worker 7 Training Example 80/1866 (global idx 13145): /home/projects/bagon/shared/imagenet512/val/n15075141/ILSVRC2012_val_00015463.JPEG ===
2025-09-22 16:05:43,647 - INFO - Example /home/projects/bagon/shared/imagenet512/val/n15075141/ILSVRC2012_val_00015463.JPEG reached epsilon at step 2589, loss sum: 1314.0694, final loss: 0.00095367, weight distance: 0.1087
2025-09-22 16:05:44,368 - INFO - Example 80 completed: 2589 steps, loss sum: 1314.0694, final loss: 0.00095367, weight distance: 0.1087 (universal rank: 46577)
2025-09-22 16:05:44,368 - INFO - 
=== Worker 7 Training Example 81/1866 (global idx 13146): /home/projects/bagon/shared/imagenet512/val/n03873416/ILSVRC2012_val_00038050.JPEG ===
2025-09-22 16:06:10,979 - INFO - Example /home/projects/bagon/shared/imagenet512/val/n03873416/ILSVRC2012_val_00038050.JPEG reached epsilon at step 2454, loss sum: 1859.9305, final loss: 0.00099182, weight distance: 0.1336
2025-09-22 16:06:11,476 - INFO - Example 81 completed: 2454 steps, loss sum: 1859.9305, final loss: 0.00099182, weight distance: 0.1336 (universal rank: 46578)
2025-09-22 16:06:11,476 - INFO - 
=== Worker 7 Training Example 82/1866 (global idx 13147): /home/projects/bagon/shared/imagenet512/val/n01689811/ILSVRC2012_val_00008561.JPEG ===
2025-09-22 16:06:26,986 - INFO - Example /home/projects/bagon/shared/imagenet512/val/n01689811/ILSVRC2012_val_00008561.JPEG reached epsilon at step 1422, loss sum: 2270.5858, final loss: 0.00094986, weight distance: 0.1022
2025-09-22 16:06:27,478 - INFO - Example 82 completed: 1422 steps, loss sum: 2270.5858, final loss: 0.00094986, weight distance: 0.1022 (universal rank: 46579)
2025-09-22 16:06:27,479 - INFO - 
=== Worker 7 Training Example 83/1866 (global idx 13148): /home/projects/bagon/shared/imagenet512/val/n04136333/ILSVRC2012_val_00003695.JPEG ===
2025-09-22 16:06:49,019 - INFO - Example /home/projects/bagon/shared/imagenet512/val/n04136333/ILSVRC2012_val_00003695.JPEG reached epsilon at step 1974, loss sum: 932.6902, final loss: 0.00094223, weight distance: 0.1122
2025-09-22 16:06:49,517 - INFO - Example 83 completed: 1974 steps, loss sum: 932.6902, final loss: 0.00094223, weight distance: 0.1122 (universal rank: 46580)
2025-09-22 16:06:49,517 - INFO - 
=== Worker 7 Training Example 84/1866 (global idx 13149): /home/projects/bagon/shared/imagenet512/val/n04442312/ILSVRC2012_val_00019723.JPEG ===
2025-09-22 16:07:12,454 - INFO - Example /home/projects/bagon/shared/imagenet512/val/n04442312/ILSVRC2012_val_00019723.JPEG reached epsilon at step 2108, loss sum: 494.3050, final loss: 0.00092697, weight distance: 0.1049
2025-09-22 16:07:12,949 - INFO - Example 84 completed: 2108 steps, loss sum: 494.3050, final loss: 0.00092697, weight distance: 0.1049 (universal rank: 46581)
2025-09-22 16:07:12,950 - INFO - 
=== Worker 7 Training Example 85/1866 (global idx 13150): /home/projects/bagon/shared/imagenet512/val/n07711569/ILSVRC2012_val_00005431.JPEG ===
2025-09-22 16:07:27,788 - INFO - Example /home/projects/bagon/shared/imagenet512/val/n07711569/ILSVRC2012_val_00005431.JPEG reached epsilon at step 1368, loss sum: 288.4462, final loss: 0.00096130, weight distance: 0.0831
2025-09-22 16:07:28,276 - INFO - Example 85 completed: 1368 steps, loss sum: 288.4462, final loss: 0.00096130, weight distance: 0.0831 (universal rank: 46582)
2025-09-22 16:07:28,276 - INFO - 
=== Worker 7 Training Example 86/1866 (global idx 13151): /home/projects/bagon/shared/imagenet512/val/n03947888/ILSVRC2012_val_00036199.JPEG ===
2025-09-22 16:07:50,394 - INFO - Example /home/projects/bagon/shared/imagenet512/val/n03947888/ILSVRC2012_val_00036199.JPEG reached epsilon at step 2039, loss sum: 2365.1089, final loss: 0.00094223, weight distance: 0.1264
2025-09-22 16:07:50,899 - INFO - Example 86 completed: 2039 steps, loss sum: 2365.1089, final loss: 0.00094223, weight distance: 0.1264 (universal rank: 46583)
2025-09-22 16:07:50,899 - INFO - 
=== Worker 7 Training Example 87/1866 (global idx 13152): /home/projects/bagon/shared/imagenet512/val/n02087394/ILSVRC2012_val_00003837.JPEG ===
2025-09-22 16:08:33,290 - INFO - Example /home/projects/bagon/shared/imagenet512/val/n02087394/ILSVRC2012_val_00003837.JPEG reached epsilon at step 3883, loss sum: 366.0937, final loss: 0.00094986, weight distance: 0.1352
2025-09-22 16:08:33,786 - INFO - Example 87 completed: 3883 steps, loss sum: 366.0937, final loss: 0.00094986, weight distance: 0.1352 (universal rank: 46584)
2025-09-22 16:08:33,786 - INFO - 
=== Worker 7 Training Example 88/1866 (global idx 13153): /home/projects/bagon/shared/imagenet512/val/n01689811/ILSVRC2012_val_00028626.JPEG ===
2025-09-22 16:09:03,973 - INFO - Example /home/projects/bagon/shared/imagenet512/val/n01689811/ILSVRC2012_val_00028626.JPEG reached epsilon at step 2775, loss sum: 1892.4921, final loss: 0.00097656, weight distance: 0.1528
2025-09-22 16:09:04,472 - INFO - Example 88 completed: 2775 steps, loss sum: 1892.4921, final loss: 0.00097656, weight distance: 0.1528 (universal rank: 46585)
2025-09-22 16:09:04,472 - INFO - 
=== Worker 7 Training Example 89/1866 (global idx 13154): /home/projects/bagon/shared/imagenet512/val/n04380533/ILSVRC2012_val_00027143.JPEG ===
2025-09-22 16:09:39,485 - INFO - Example /home/projects/bagon/shared/imagenet512/val/n04380533/ILSVRC2012_val_00027143.JPEG reached epsilon at step 3220, loss sum: 408.7861, final loss: 0.00097275, weight distance: 0.1311
2025-09-22 16:09:40,001 - INFO - Example 89 completed: 3220 steps, loss sum: 408.7861, final loss: 0.00097275, weight distance: 0.1311 (universal rank: 46586)
2025-09-22 16:09:40,001 - INFO - 
=== Worker 7 Training Example 90/1866 (global idx 13155): /home/projects/bagon/shared/imagenet512/val/n02095570/ILSVRC2012_val_00005060.JPEG ===
2025-09-22 16:10:04,705 - INFO - Example /home/projects/bagon/shared/imagenet512/val/n02095570/ILSVRC2012_val_00005060.JPEG reached epsilon at step 2272, loss sum: 1771.1013, final loss: 0.00099182, weight distance: 0.1335
2025-09-22 16:10:05,210 - INFO - Example 90 completed: 2272 steps, loss sum: 1771.1013, final loss: 0.00099182, weight distance: 0.1335 (universal rank: 46587)
2025-09-22 16:10:05,210 - INFO - 
=== Worker 7 Training Example 91/1866 (global idx 13156): /home/projects/bagon/shared/imagenet512/val/n07871810/ILSVRC2012_val_00026959.JPEG ===
2025-09-22 16:10:36,649 - INFO - Example /home/projects/bagon/shared/imagenet512/val/n07871810/ILSVRC2012_val_00026959.JPEG reached epsilon at step 2905, loss sum: 2079.7307, final loss: 0.00095367, weight distance: 0.1644
2025-09-22 16:10:37,144 - INFO - Example 91 completed: 2905 steps, loss sum: 2079.7307, final loss: 0.00095367, weight distance: 0.1644 (universal rank: 46588)
2025-09-22 16:10:37,144 - INFO - 
=== Worker 7 Training Example 92/1866 (global idx 13157): /home/projects/bagon/shared/imagenet512/val/n01773797/ILSVRC2012_val_00011328.JPEG ===
2025-09-22 16:11:26,655 - INFO - Example /home/projects/bagon/shared/imagenet512/val/n01773797/ILSVRC2012_val_00011328.JPEG reached epsilon at step 4558, loss sum: 922.0634, final loss: 0.00096512, weight distance: 0.1885
2025-09-22 16:11:27,156 - INFO - Example 92 completed: 4558 steps, loss sum: 922.0634, final loss: 0.00096512, weight distance: 0.1885 (universal rank: 46589)
2025-09-22 16:11:27,157 - INFO - 
=== Worker 7 Training Example 93/1866 (global idx 13158): /home/projects/bagon/shared/imagenet512/val/n01667114/ILSVRC2012_val_00038527.JPEG ===
2025-09-22 16:12:06,006 - INFO - Example /home/projects/bagon/shared/imagenet512/val/n01667114/ILSVRC2012_val_00038527.JPEG reached epsilon at step 3576, loss sum: 1000.0756, final loss: 0.00092697, weight distance: 0.1584
2025-09-22 16:12:06,607 - INFO - Example 93 completed: 3576 steps, loss sum: 1000.0756, final loss: 0.00092697, weight distance: 0.1584 (universal rank: 46590)
2025-09-22 16:12:06,607 - INFO - 
=== Worker 7 Training Example 94/1866 (global idx 13159): /home/projects/bagon/shared/imagenet512/val/n04270147/ILSVRC2012_val_00038978.JPEG ===
2025-09-22 16:12:21,772 - INFO - Example /home/projects/bagon/shared/imagenet512/val/n04270147/ILSVRC2012_val_00038978.JPEG reached epsilon at step 1394, loss sum: 254.9141, final loss: 0.00094223, weight distance: 0.0743
2025-09-22 16:12:22,287 - INFO - Example 94 completed: 1394 steps, loss sum: 254.9141, final loss: 0.00094223, weight distance: 0.0743 (universal rank: 46591)
2025-09-22 16:12:22,287 - INFO - 
=== Worker 7 Training Example 95/1866 (global idx 13160): /home/projects/bagon/shared/imagenet512/val/n04328186/ILSVRC2012_val_00039517.JPEG ===
2025-09-22 16:12:52,239 - INFO - Example /home/projects/bagon/shared/imagenet512/val/n04328186/ILSVRC2012_val_00039517.JPEG reached epsilon at step 2760, loss sum: 359.8974, final loss: 0.00099945, weight distance: 0.1243
2025-09-22 16:12:52,738 - INFO - Example 95 completed: 2760 steps, loss sum: 359.8974, final loss: 0.00099945, weight distance: 0.1243 (universal rank: 46592)
2025-09-22 16:12:52,738 - INFO - 
=== Worker 7 Training Example 96/1866 (global idx 13161): /home/projects/bagon/shared/imagenet512/val/n04548280/ILSVRC2012_val_00018976.JPEG ===
2025-09-22 16:13:19,054 - INFO - Example /home/projects/bagon/shared/imagenet512/val/n04548280/ILSVRC2012_val_00018976.JPEG reached epsilon at step 2392, loss sum: 338.3981, final loss: 0.00093842, weight distance: 0.1141
2025-09-22 16:13:19,560 - INFO - Example 96 completed: 2392 steps, loss sum: 338.3981, final loss: 0.00093842, weight distance: 0.1141 (universal rank: 46594)
2025-09-22 16:13:19,560 - INFO - 
=== Worker 7 Training Example 97/1866 (global idx 13162): /home/projects/bagon/shared/imagenet512/val/n04579145/ILSVRC2012_val_00038095.JPEG ===
2025-09-22 16:13:49,957 - INFO - Example /home/projects/bagon/shared/imagenet512/val/n04579145/ILSVRC2012_val_00038095.JPEG reached epsilon at step 2795, loss sum: 1685.9293, final loss: 0.00098419, weight distance: 0.1413
2025-09-22 16:13:50,463 - INFO - Example 97 completed: 2795 steps, loss sum: 1685.9293, final loss: 0.00098419, weight distance: 0.1413 (universal rank: 46595)
2025-09-22 16:13:50,463 - INFO - 
=== Worker 7 Training Example 98/1866 (global idx 13163): /home/projects/bagon/shared/imagenet512/val/n04009552/ILSVRC2012_val_00001989.JPEG ===
2025-09-22 16:14:11,093 - INFO - Example /home/projects/bagon/shared/imagenet512/val/n04009552/ILSVRC2012_val_00001989.JPEG reached epsilon at step 1882, loss sum: 1588.9152, final loss: 0.00096130, weight distance: 0.1180
2025-09-22 16:14:11,588 - INFO - Example 98 completed: 1882 steps, loss sum: 1588.9152, final loss: 0.00096130, weight distance: 0.1180 (universal rank: 46596)
2025-09-22 16:14:11,588 - INFO - 
=== Worker 7 Training Example 99/1866 (global idx 13164): /home/projects/bagon/shared/imagenet512/val/n04560804/ILSVRC2012_val_00034498.JPEG ===
2025-09-22 16:14:47,750 - INFO - Example /home/projects/bagon/shared/imagenet512/val/n04560804/ILSVRC2012_val_00034498.JPEG reached epsilon at step 3307, loss sum: 2059.5727, final loss: 0.00099945, weight distance: 0.1625
2025-09-22 16:14:48,323 - INFO - Example 99 completed: 3307 steps, loss sum: 2059.5727, final loss: 0.00099945, weight distance: 0.1625 (universal rank: 46597)
2025-09-22 16:14:48,323 - INFO - 
=== Worker 7 Training Example 100/1866 (global idx 13165): /home/projects/bagon/shared/imagenet512/val/n02963159/ILSVRC2012_val_00003718.JPEG ===
2025-09-22 16:15:18,392 - INFO - Example /home/projects/bagon/shared/imagenet512/val/n02963159/ILSVRC2012_val_00003718.JPEG reached epsilon at step 2747, loss sum: 2710.5059, final loss: 0.00095749, weight distance: 0.1610
2025-09-22 16:15:18,888 - INFO - Example 100 completed: 2747 steps, loss sum: 2710.5059, final loss: 0.00095749, weight distance: 0.1610 (universal rank: 46598)
2025-09-22 16:15:18,888 - INFO - 
=== Worker 7 Training Example 101/1866 (global idx 13166): /home/projects/bagon/shared/imagenet512/val/n04239074/ILSVRC2012_val_00006471.JPEG ===
2025-09-22 16:15:53,637 - INFO - Example /home/projects/bagon/shared/imagenet512/val/n04239074/ILSVRC2012_val_00006471.JPEG reached epsilon at step 3200, loss sum: 2040.8993, final loss: 0.00094986, weight distance: 0.1603
2025-09-22 16:15:54,132 - INFO - Example 101 completed: 3200 steps, loss sum: 2040.8993, final loss: 0.00094986, weight distance: 0.1603 (universal rank: 46599)
2025-09-22 16:15:54,132 - INFO - 
=== Worker 7 Training Example 102/1866 (global idx 13167): /home/projects/bagon/shared/imagenet512/val/n04037443/ILSVRC2012_val_00048516.JPEG ===
2025-09-22 16:16:32,711 - INFO - Example /home/projects/bagon/shared/imagenet512/val/n04037443/ILSVRC2012_val_00048516.JPEG reached epsilon at step 3581, loss sum: 783.8780, final loss: 0.00097275, weight distance: 0.1469
2025-09-22 16:16:33,202 - INFO - Example 102 completed: 3581 steps, loss sum: 783.8780, final loss: 0.00097275, weight distance: 0.1469 (universal rank: 46601)
2025-09-22 16:16:33,202 - INFO - 
=== Worker 7 Training Example 103/1866 (global idx 13168): /home/projects/bagon/shared/imagenet512/val/n02749479/ILSVRC2012_val_00035791.JPEG ===
2025-09-22 16:17:04,320 - INFO - Example /home/projects/bagon/shared/imagenet512/val/n02749479/ILSVRC2012_val_00035791.JPEG reached epsilon at step 2853, loss sum: 1535.6222, final loss: 0.00099945, weight distance: 0.1386
2025-09-22 16:17:04,800 - INFO - Example 103 completed: 2853 steps, loss sum: 1535.6222, final loss: 0.00099945, weight distance: 0.1386 (universal rank: 46602)
2025-09-22 16:17:04,801 - INFO - 
=== Worker 7 Training Example 104/1866 (global idx 13169): /home/projects/bagon/shared/imagenet512/val/n04599235/ILSVRC2012_val_00014149.JPEG ===
2025-09-22 16:17:31,366 - INFO - Example /home/projects/bagon/shared/imagenet512/val/n04599235/ILSVRC2012_val_00014149.JPEG reached epsilon at step 2440, loss sum: 1403.9936, final loss: 0.00096512, weight distance: 0.1419
2025-09-22 16:17:31,858 - INFO - Example 104 completed: 2440 steps, loss sum: 1403.9936, final loss: 0.00096512, weight distance: 0.1419 (universal rank: 46603)
2025-09-22 16:17:31,858 - INFO - 
=== Worker 7 Training Example 105/1866 (global idx 13170): /home/projects/bagon/shared/imagenet512/val/n04560804/ILSVRC2012_val_00013262.JPEG ===
2025-09-22 16:18:02,467 - INFO - Example /home/projects/bagon/shared/imagenet512/val/n04560804/ILSVRC2012_val_00013262.JPEG reached epsilon at step 2765, loss sum: 529.9102, final loss: 0.00099945, weight distance: 0.1239
2025-09-22 16:18:03,593 - INFO - Example 105 completed: 2765 steps, loss sum: 529.9102, final loss: 0.00099945, weight distance: 0.1239 (universal rank: 46604)
2025-09-22 16:18:03,593 - INFO - 
=== Worker 7 Training Example 106/1866 (global idx 13171): /home/projects/bagon/shared/imagenet512/val/n04023962/ILSVRC2012_val_00042866.JPEG ===
2025-09-22 16:18:21,051 - INFO - Example /home/projects/bagon/shared/imagenet512/val/n04023962/ILSVRC2012_val_00042866.JPEG reached epsilon at step 1595, loss sum: 1419.9324, final loss: 0.00091171, weight distance: 0.1066
2025-09-22 16:18:21,537 - INFO - Example 106 completed: 1595 steps, loss sum: 1419.9324, final loss: 0.00091171, weight distance: 0.1066 (universal rank: 46605)
2025-09-22 16:18:21,538 - INFO - 
=== Worker 7 Training Example 107/1866 (global idx 13172): /home/projects/bagon/shared/imagenet512/val/n02094433/ILSVRC2012_val_00008374.JPEG ===
2025-09-22 16:18:46,377 - INFO - Example /home/projects/bagon/shared/imagenet512/val/n02094433/ILSVRC2012_val_00008374.JPEG reached epsilon at step 2289, loss sum: 1781.2092, final loss: 0.00095749, weight distance: 0.1259
2025-09-22 16:18:46,858 - INFO - Example 107 completed: 2289 steps, loss sum: 1781.2092, final loss: 0.00095749, weight distance: 0.1259 (universal rank: 46606)
2025-09-22 16:18:46,859 - INFO - 
=== Worker 7 Training Example 108/1866 (global idx 13173): /home/projects/bagon/shared/imagenet512/val/n04398044/ILSVRC2012_val_00044188.JPEG ===
2025-09-22 16:19:13,782 - INFO - Example /home/projects/bagon/shared/imagenet512/val/n04398044/ILSVRC2012_val_00044188.JPEG reached epsilon at step 2481, loss sum: 351.0035, final loss: 0.00099182, weight distance: 0.1122
2025-09-22 16:19:14,270 - INFO - Example 108 completed: 2481 steps, loss sum: 351.0035, final loss: 0.00099182, weight distance: 0.1122 (universal rank: 46607)
2025-09-22 16:19:14,270 - INFO - 
=== Worker 7 Training Example 109/1866 (global idx 13174): /home/projects/bagon/shared/imagenet512/val/n03983396/ILSVRC2012_val_00036742.JPEG ===
2025-09-22 16:19:43,025 - INFO - Example /home/projects/bagon/shared/imagenet512/val/n03983396/ILSVRC2012_val_00036742.JPEG reached epsilon at step 2651, loss sum: 443.8271, final loss: 0.00096512, weight distance: 0.1196
2025-09-22 16:19:43,517 - INFO - Example 109 completed: 2651 steps, loss sum: 443.8271, final loss: 0.00096512, weight distance: 0.1196 (universal rank: 46608)
2025-09-22 16:19:43,517 - INFO - 
=== Worker 7 Training Example 110/1866 (global idx 13175): /home/projects/bagon/shared/imagenet512/val/n03871628/ILSVRC2012_val_00042417.JPEG ===
2025-09-22 16:20:10,513 - INFO - Example /home/projects/bagon/shared/imagenet512/val/n03871628/ILSVRC2012_val_00042417.JPEG reached epsilon at step 2489, loss sum: 1636.8295, final loss: 0.00094986, weight distance: 0.1368
2025-09-22 16:20:11,004 - INFO - Example 110 completed: 2489 steps, loss sum: 1636.8295, final loss: 0.00094986, weight distance: 0.1368 (universal rank: 46609)
2025-09-22 16:20:11,004 - INFO - 
=== Worker 7 Training Example 111/1866 (global idx 13176): /home/projects/bagon/shared/imagenet512/val/n03637318/ILSVRC2012_val_00024114.JPEG ===
2025-09-22 16:20:43,240 - INFO - Example /home/projects/bagon/shared/imagenet512/val/n03637318/ILSVRC2012_val_00024114.JPEG reached epsilon at step 2972, loss sum: 428.3277, final loss: 0.00096512, weight distance: 0.1274
2025-09-22 16:20:43,772 - INFO - Example 111 completed: 2972 steps, loss sum: 428.3277, final loss: 0.00096512, weight distance: 0.1274 (universal rank: 46610)
2025-09-22 16:20:43,772 - INFO - 
=== Worker 7 Training Example 112/1866 (global idx 13177): /home/projects/bagon/shared/imagenet512/val/n03782006/ILSVRC2012_val_00011472.JPEG ===
2025-09-22 16:21:17,130 - INFO - Example /home/projects/bagon/shared/imagenet512/val/n03782006/ILSVRC2012_val_00011472.JPEG reached epsilon at step 3068, loss sum: 1119.6121, final loss: 0.00094986, weight distance: 0.1538
2025-09-22 16:21:17,638 - INFO - Example 112 completed: 3068 steps, loss sum: 1119.6121, final loss: 0.00094986, weight distance: 0.1538 (universal rank: 46611)
2025-09-22 16:21:17,639 - INFO - 
=== Worker 7 Training Example 113/1866 (global idx 13178): /home/projects/bagon/shared/imagenet512/val/n02120505/ILSVRC2012_val_00048756.JPEG ===
2025-09-22 16:21:36,501 - INFO - Example /home/projects/bagon/shared/imagenet512/val/n02120505/ILSVRC2012_val_00048756.JPEG reached epsilon at step 1740, loss sum: 106.1832, final loss: 0.00099945, weight distance: 0.0808
2025-09-22 16:21:36,986 - INFO - Example 113 completed: 1740 steps, loss sum: 106.1832, final loss: 0.00099945, weight distance: 0.0808 (universal rank: 46612)
2025-09-22 16:21:36,986 - INFO - 
=== Worker 7 Training Example 114/1866 (global idx 13179): /home/projects/bagon/shared/imagenet512/val/n04429376/ILSVRC2012_val_00025374.JPEG ===
2025-09-22 16:21:55,105 - INFO - Example /home/projects/bagon/shared/imagenet512/val/n04429376/ILSVRC2012_val_00025374.JPEG reached epsilon at step 1657, loss sum: 1146.2837, final loss: 0.00098419, weight distance: 0.1022
2025-09-22 16:21:55,602 - INFO - Example 114 completed: 1657 steps, loss sum: 1146.2837, final loss: 0.00098419, weight distance: 0.1022 (universal rank: 46614)
2025-09-22 16:21:55,602 - INFO - 
=== Worker 7 Training Example 115/1866 (global idx 13180): /home/projects/bagon/shared/imagenet512/val/n04591157/ILSVRC2012_val_00010783.JPEG ===
2025-09-22 16:22:26,907 - INFO - Example /home/projects/bagon/shared/imagenet512/val/n04591157/ILSVRC2012_val_00010783.JPEG reached epsilon at step 2853, loss sum: 4050.6664, final loss: 0.00096512, weight distance: 0.1745
2025-09-22 16:22:27,403 - INFO - Example 115 completed: 2853 steps, loss sum: 4050.6664, final loss: 0.00096512, weight distance: 0.1745 (universal rank: 46617)
2025-09-22 16:22:27,404 - INFO - 
=== Worker 7 Training Example 116/1866 (global idx 13181): /home/projects/bagon/shared/imagenet512/val/n02841315/ILSVRC2012_val_00022598.JPEG ===
2025-09-22 16:22:52,006 - INFO - Example /home/projects/bagon/shared/imagenet512/val/n02841315/ILSVRC2012_val_00022598.JPEG reached epsilon at step 2254, loss sum: 2218.9191, final loss: 0.00095367, weight distance: 0.1373
2025-09-22 16:22:52,490 - INFO - Example 116 completed: 2254 steps, loss sum: 2218.9191, final loss: 0.00095367, weight distance: 0.1373 (universal rank: 46618)
2025-09-22 16:22:52,490 - INFO - 
=== Worker 7 Training Example 117/1866 (global idx 13182): /home/projects/bagon/shared/imagenet512/val/n04356056/ILSVRC2012_val_00013325.JPEG ===
2025-09-22 16:23:43,607 - INFO - Example /home/projects/bagon/shared/imagenet512/val/n04356056/ILSVRC2012_val_00013325.JPEG reached epsilon at step 4677, loss sum: 3820.0383, final loss: 0.00096893, weight distance: 0.2182
2025-09-22 16:23:44,187 - INFO - Example 117 completed: 4677 steps, loss sum: 3820.0383, final loss: 0.00096893, weight distance: 0.2182 (universal rank: 46619)
2025-09-22 16:23:44,187 - INFO - 
=== Worker 7 Training Example 118/1866 (global idx 13183): /home/projects/bagon/shared/imagenet512/val/n07802026/ILSVRC2012_val_00014094.JPEG ===
2025-09-22 16:23:59,953 - INFO - Example /home/projects/bagon/shared/imagenet512/val/n07802026/ILSVRC2012_val_00014094.JPEG reached epsilon at step 1444, loss sum: 948.6592, final loss: 0.00092316, weight distance: 0.0933
2025-09-22 16:24:00,553 - INFO - Example 118 completed: 1444 steps, loss sum: 948.6592, final loss: 0.00092316, weight distance: 0.0933 (universal rank: 46620)
2025-09-22 16:24:00,554 - INFO - 
=== Worker 7 Training Example 119/1866 (global idx 13184): /home/projects/bagon/shared/imagenet512/val/n06596364/ILSVRC2012_val_00027754.JPEG ===
2025-09-22 16:24:20,351 - INFO - Example /home/projects/bagon/shared/imagenet512/val/n06596364/ILSVRC2012_val_00027754.JPEG reached epsilon at step 1813, loss sum: 436.6044, final loss: 0.00093460, weight distance: 0.0957
2025-09-22 16:24:20,839 - INFO - Example 119 completed: 1813 steps, loss sum: 436.6044, final loss: 0.00093460, weight distance: 0.0957 (universal rank: 46621)
2025-09-22 16:24:20,839 - INFO - 
=== Worker 7 Training Example 120/1866 (global idx 13185): /home/projects/bagon/shared/imagenet512/val/n04275548/ILSVRC2012_val_00049091.JPEG ===
2025-09-22 16:24:40,504 - INFO - Example /home/projects/bagon/shared/imagenet512/val/n04275548/ILSVRC2012_val_00049091.JPEG reached epsilon at step 1823, loss sum: 1382.1932, final loss: 0.00099945, weight distance: 0.0995
2025-09-22 16:24:40,989 - INFO - Example 120 completed: 1823 steps, loss sum: 1382.1932, final loss: 0.00099945, weight distance: 0.0995 (universal rank: 46622)
2025-09-22 16:24:40,989 - INFO - 
=== Worker 7 Training Example 121/1866 (global idx 13186): /home/projects/bagon/shared/imagenet512/val/n03837869/ILSVRC2012_val_00011566.JPEG ===
2025-09-22 16:25:01,261 - INFO - Example /home/projects/bagon/shared/imagenet512/val/n03837869/ILSVRC2012_val_00011566.JPEG reached epsilon at step 1869, loss sum: 1263.4921, final loss: 0.00099945, weight distance: 0.1114
2025-09-22 16:25:01,831 - INFO - Example 121 completed: 1869 steps, loss sum: 1263.4921, final loss: 0.00099945, weight distance: 0.1114 (universal rank: 46623)
2025-09-22 16:25:01,831 - INFO - 
=== Worker 7 Training Example 122/1866 (global idx 13187): /home/projects/bagon/shared/imagenet512/val/n02119022/ILSVRC2012_val_00033177.JPEG ===
2025-09-22 16:25:29,560 - INFO - Example /home/projects/bagon/shared/imagenet512/val/n02119022/ILSVRC2012_val_00033177.JPEG reached epsilon at step 2544, loss sum: 147.6115, final loss: 0.00099182, weight distance: 0.1023
2025-09-22 16:25:30,051 - INFO - Example 122 completed: 2544 steps, loss sum: 147.6115, final loss: 0.00099182, weight distance: 0.1023 (universal rank: 46624)
2025-09-22 16:25:30,051 - INFO - 
=== Worker 7 Training Example 123/1866 (global idx 13188): /home/projects/bagon/shared/imagenet512/val/n04357314/ILSVRC2012_val_00026569.JPEG ===
2025-09-22 16:25:55,152 - INFO - Example /home/projects/bagon/shared/imagenet512/val/n04357314/ILSVRC2012_val_00026569.JPEG reached epsilon at step 2293, loss sum: 1035.0843, final loss: 0.00095749, weight distance: 0.1199
2025-09-22 16:25:55,644 - INFO - Example 123 completed: 2293 steps, loss sum: 1035.0843, final loss: 0.00095749, weight distance: 0.1199 (universal rank: 46625)
2025-09-22 16:25:55,644 - INFO - 
=== Worker 7 Training Example 124/1866 (global idx 13189): /home/projects/bagon/shared/imagenet512/val/n04462240/ILSVRC2012_val_00000261.JPEG ===
2025-09-22 16:26:09,811 - INFO - Example /home/projects/bagon/shared/imagenet512/val/n04462240/ILSVRC2012_val_00000261.JPEG reached epsilon at step 1294, loss sum: 379.4487, final loss: 0.00099945, weight distance: 0.0821
2025-09-22 16:26:10,472 - INFO - Example 124 completed: 1294 steps, loss sum: 379.4487, final loss: 0.00099945, weight distance: 0.0821 (universal rank: 46626)
2025-09-22 16:26:10,472 - INFO - 
=== Worker 7 Training Example 125/1866 (global idx 13190): /home/projects/bagon/shared/imagenet512/val/n03450230/ILSVRC2012_val_00029850.JPEG ===
2025-09-22 16:26:41,007 - INFO - Example /home/projects/bagon/shared/imagenet512/val/n03450230/ILSVRC2012_val_00029850.JPEG reached epsilon at step 2820, loss sum: 283.9413, final loss: 0.00097275, weight distance: 0.1122
2025-09-22 16:26:41,491 - INFO - Example 125 completed: 2820 steps, loss sum: 283.9413, final loss: 0.00097275, weight distance: 0.1122 (universal rank: 46627)
2025-09-22 16:26:41,491 - INFO - 
=== Worker 7 Training Example 126/1866 (global idx 13191): /home/projects/bagon/shared/imagenet512/val/n07684084/ILSVRC2012_val_00006967.JPEG ===
2025-09-22 16:26:53,510 - INFO - Example /home/projects/bagon/shared/imagenet512/val/n07684084/ILSVRC2012_val_00006967.JPEG reached epsilon at step 1102, loss sum: 113.7690, final loss: 0.00097275, weight distance: 0.0616
2025-09-22 16:26:54,004 - INFO - Example 126 completed: 1102 steps, loss sum: 113.7690, final loss: 0.00097275, weight distance: 0.0616 (universal rank: 46628)
2025-09-22 16:26:54,004 - INFO - 
=== Worker 7 Training Example 127/1866 (global idx 13192): /home/projects/bagon/shared/imagenet512/val/n02114548/ILSVRC2012_val_00013699.JPEG ===
2025-09-22 16:27:21,084 - INFO - Example /home/projects/bagon/shared/imagenet512/val/n02114548/ILSVRC2012_val_00013699.JPEG reached epsilon at step 2484, loss sum: 575.8134, final loss: 0.00098419, weight distance: 0.1142
2025-09-22 16:27:21,576 - INFO - Example 127 completed: 2484 steps, loss sum: 575.8134, final loss: 0.00098419, weight distance: 0.1142 (universal rank: 46629)
2025-09-22 16:27:21,576 - INFO - 
=== Worker 7 Training Example 128/1866 (global idx 13193): /home/projects/bagon/shared/imagenet512/val/n13133613/ILSVRC2012_val_00025191.JPEG ===
2025-09-22 16:27:53,435 - INFO - Example /home/projects/bagon/shared/imagenet512/val/n13133613/ILSVRC2012_val_00025191.JPEG reached epsilon at step 2919, loss sum: 647.2098, final loss: 0.00098419, weight distance: 0.1203
2025-09-22 16:27:53,918 - INFO - Example 128 completed: 2919 steps, loss sum: 647.2098, final loss: 0.00098419, weight distance: 0.1203 (universal rank: 46630)
2025-09-22 16:27:53,918 - INFO - 
=== Worker 7 Training Example 129/1866 (global idx 13194): /home/projects/bagon/shared/imagenet512/val/n04118776/ILSVRC2012_val_00045651.JPEG ===
2025-09-22 16:28:23,628 - INFO - Example /home/projects/bagon/shared/imagenet512/val/n04118776/ILSVRC2012_val_00045651.JPEG reached epsilon at step 2726, loss sum: 4951.4977, final loss: 0.00097656, weight distance: 0.1740
2025-09-22 16:28:24,419 - INFO - Example 129 completed: 2726 steps, loss sum: 4951.4977, final loss: 0.00097656, weight distance: 0.1740 (universal rank: 46632)
2025-09-22 16:28:24,419 - INFO - 
=== Worker 7 Training Example 130/1866 (global idx 13195): /home/projects/bagon/shared/imagenet512/val/n01632458/ILSVRC2012_val_00024262.JPEG ===
2025-09-22 16:28:49,676 - INFO - Example /home/projects/bagon/shared/imagenet512/val/n01632458/ILSVRC2012_val_00024262.JPEG reached epsilon at step 2305, loss sum: 3784.1999, final loss: 0.00092697, weight distance: 0.1331
2025-09-22 16:28:50,169 - INFO - Example 130 completed: 2305 steps, loss sum: 3784.1999, final loss: 0.00092697, weight distance: 0.1331 (universal rank: 46633)
2025-09-22 16:28:50,169 - INFO - 
=== Worker 7 Training Example 131/1866 (global idx 13196): /home/projects/bagon/shared/imagenet512/val/n03594945/ILSVRC2012_val_00000659.JPEG ===
2025-09-22 16:29:08,999 - INFO - Example /home/projects/bagon/shared/imagenet512/val/n03594945/ILSVRC2012_val_00000659.JPEG reached epsilon at step 1723, loss sum: 1206.7101, final loss: 0.00096130, weight distance: 0.1051
2025-09-22 16:29:09,485 - INFO - Example 131 completed: 1723 steps, loss sum: 1206.7101, final loss: 0.00096130, weight distance: 0.1051 (universal rank: 46634)
2025-09-22 16:29:09,485 - INFO - 
=== Worker 7 Training Example 132/1866 (global idx 13197): /home/projects/bagon/shared/imagenet512/val/n03929660/ILSVRC2012_val_00024209.JPEG ===
2025-09-22 16:29:34,608 - INFO - Example /home/projects/bagon/shared/imagenet512/val/n03929660/ILSVRC2012_val_00024209.JPEG reached epsilon at step 2307, loss sum: 2201.1175, final loss: 0.00097656, weight distance: 0.1408
2025-09-22 16:29:35,117 - INFO - Example 132 completed: 2307 steps, loss sum: 2201.1175, final loss: 0.00097656, weight distance: 0.1408 (universal rank: 46635)
2025-09-22 16:29:35,117 - INFO - 
=== Worker 7 Training Example 133/1866 (global idx 13198): /home/projects/bagon/shared/imagenet512/val/n02939185/ILSVRC2012_val_00049824.JPEG ===
2025-09-22 16:30:06,103 - INFO - Example /home/projects/bagon/shared/imagenet512/val/n02939185/ILSVRC2012_val_00049824.JPEG reached epsilon at step 2853, loss sum: 946.7757, final loss: 0.00099182, weight distance: 0.1346
2025-09-22 16:30:06,784 - INFO - Example 133 completed: 2853 steps, loss sum: 946.7757, final loss: 0.00099182, weight distance: 0.1346 (universal rank: 46636)
2025-09-22 16:30:06,784 - INFO - 
=== Worker 7 Training Example 134/1866 (global idx 13199): /home/projects/bagon/shared/imagenet512/val/n04532670/ILSVRC2012_val_00000296.JPEG ===
2025-09-22 16:30:39,671 - INFO - Example /home/projects/bagon/shared/imagenet512/val/n04532670/ILSVRC2012_val_00000296.JPEG reached epsilon at step 3010, loss sum: 2352.4260, final loss: 0.00099182, weight distance: 0.1701
2025-09-22 16:30:40,161 - INFO - Example 134 completed: 3010 steps, loss sum: 2352.4260, final loss: 0.00099182, weight distance: 0.1701 (universal rank: 46637)
2025-09-22 16:30:40,161 - INFO - 
=== Worker 7 Training Example 135/1866 (global idx 13200): /home/projects/bagon/shared/imagenet512/val/n03895866/ILSVRC2012_val_00004809.JPEG ===
2025-09-22 16:31:09,669 - INFO - Example /home/projects/bagon/shared/imagenet512/val/n03895866/ILSVRC2012_val_00004809.JPEG reached epsilon at step 2727, loss sum: 1819.1695, final loss: 0.00097656, weight distance: 0.1383
2025-09-22 16:31:10,162 - INFO - Example 135 completed: 2727 steps, loss sum: 1819.1695, final loss: 0.00097656, weight distance: 0.1383 (universal rank: 46638)
2025-09-22 16:31:10,162 - INFO - 
=== Worker 7 Training Example 136/1866 (global idx 13201): /home/projects/bagon/shared/imagenet512/val/n01693334/ILSVRC2012_val_00031018.JPEG ===
2025-09-22 16:31:47,943 - INFO - Example /home/projects/bagon/shared/imagenet512/val/n01693334/ILSVRC2012_val_00031018.JPEG reached epsilon at step 3475, loss sum: 193.6173, final loss: 0.00096512, weight distance: 0.1208
2025-09-22 16:31:48,610 - INFO - Example 136 completed: 3475 steps, loss sum: 193.6173, final loss: 0.00096512, weight distance: 0.1208 (universal rank: 46639)
2025-09-22 16:31:48,610 - INFO - 
=== Worker 7 Training Example 137/1866 (global idx 13202): /home/projects/bagon/shared/imagenet512/val/n02113186/ILSVRC2012_val_00035552.JPEG ===
2025-09-22 16:32:07,878 - INFO - Example /home/projects/bagon/shared/imagenet512/val/n02113186/ILSVRC2012_val_00035552.JPEG reached epsilon at step 1755, loss sum: 202.2602, final loss: 0.00099182, weight distance: 0.0914
2025-09-22 16:32:08,358 - INFO - Example 137 completed: 1755 steps, loss sum: 202.2602, final loss: 0.00099182, weight distance: 0.0914 (universal rank: 46640)
2025-09-22 16:32:08,359 - INFO - 
=== Worker 7 Training Example 138/1866 (global idx 13203): /home/projects/bagon/shared/imagenet512/val/n03623198/ILSVRC2012_val_00017846.JPEG ===
2025-09-22 16:32:22,463 - INFO - Example /home/projects/bagon/shared/imagenet512/val/n03623198/ILSVRC2012_val_00017846.JPEG reached epsilon at step 1293, loss sum: 267.8030, final loss: 0.00099945, weight distance: 0.0764
2025-09-22 16:32:22,945 - INFO - Example 138 completed: 1293 steps, loss sum: 267.8030, final loss: 0.00099945, weight distance: 0.0764 (universal rank: 46641)
2025-09-22 16:32:22,945 - INFO - 
=== Worker 7 Training Example 139/1866 (global idx 13204): /home/projects/bagon/shared/imagenet512/val/n07831146/ILSVRC2012_val_00024518.JPEG ===
2025-09-22 16:32:42,094 - INFO - Example /home/projects/bagon/shared/imagenet512/val/n07831146/ILSVRC2012_val_00024518.JPEG reached epsilon at step 1774, loss sum: 368.9071, final loss: 0.00098419, weight distance: 0.0903
2025-09-22 16:32:42,687 - INFO - Example 139 completed: 1774 steps, loss sum: 368.9071, final loss: 0.00098419, weight distance: 0.0903 (universal rank: 46642)
2025-09-22 16:32:42,687 - INFO - 
=== Worker 7 Training Example 140/1866 (global idx 13205): /home/projects/bagon/shared/imagenet512/val/n04152593/ILSVRC2012_val_00043526.JPEG ===
2025-09-22 16:33:26,776 - INFO - Example /home/projects/bagon/shared/imagenet512/val/n04152593/ILSVRC2012_val_00043526.JPEG reached epsilon at step 4053, loss sum: 290.3894, final loss: 0.00092697, weight distance: 0.1387
2025-09-22 16:33:27,259 - INFO - Example 140 completed: 4053 steps, loss sum: 290.3894, final loss: 0.00092697, weight distance: 0.1387 (universal rank: 46644)
2025-09-22 16:33:27,259 - INFO - 
=== Worker 7 Training Example 141/1866 (global idx 13206): /home/projects/bagon/shared/imagenet512/val/n02504013/ILSVRC2012_val_00028996.JPEG ===
2025-09-22 16:34:01,012 - INFO - Example /home/projects/bagon/shared/imagenet512/val/n02504013/ILSVRC2012_val_00028996.JPEG reached epsilon at step 3130, loss sum: 489.4548, final loss: 0.00099182, weight distance: 0.1331
2025-09-22 16:34:01,717 - INFO - Example 141 completed: 3130 steps, loss sum: 489.4548, final loss: 0.00099182, weight distance: 0.1331 (universal rank: 46645)
2025-09-22 16:34:01,717 - INFO - 
=== Worker 7 Training Example 142/1866 (global idx 13207): /home/projects/bagon/shared/imagenet512/val/n02177972/ILSVRC2012_val_00004765.JPEG ===
2025-09-22 16:34:20,231 - INFO - Example /home/projects/bagon/shared/imagenet512/val/n02177972/ILSVRC2012_val_00004765.JPEG reached epsilon at step 1691, loss sum: 342.5641, final loss: 0.00097275, weight distance: 0.0904
2025-09-22 16:34:20,708 - INFO - Example 142 completed: 1691 steps, loss sum: 342.5641, final loss: 0.00097275, weight distance: 0.0904 (universal rank: 46647)
2025-09-22 16:34:20,708 - INFO - 
=== Worker 7 Training Example 143/1866 (global idx 13208): /home/projects/bagon/shared/imagenet512/val/n04154565/ILSVRC2012_val_00014706.JPEG ===
2025-09-22 16:34:47,380 - INFO - Example /home/projects/bagon/shared/imagenet512/val/n04154565/ILSVRC2012_val_00014706.JPEG reached epsilon at step 2447, loss sum: 3347.4503, final loss: 0.00099182, weight distance: 0.1499
2025-09-22 16:34:47,872 - INFO - Example 143 completed: 2447 steps, loss sum: 3347.4503, final loss: 0.00099182, weight distance: 0.1499 (universal rank: 46649)
2025-09-22 16:34:47,872 - INFO - 
=== Worker 7 Training Example 144/1866 (global idx 13209): /home/projects/bagon/shared/imagenet512/val/n03045698/ILSVRC2012_val_00026552.JPEG ===
2025-09-22 16:35:19,704 - INFO - Example /home/projects/bagon/shared/imagenet512/val/n03045698/ILSVRC2012_val_00026552.JPEG reached epsilon at step 2934, loss sum: 1910.1404, final loss: 0.00094986, weight distance: 0.1482
2025-09-22 16:35:20,184 - INFO - Example 144 completed: 2934 steps, loss sum: 1910.1404, final loss: 0.00094986, weight distance: 0.1482 (universal rank: 46650)
2025-09-22 16:35:20,184 - INFO - 
=== Worker 7 Training Example 145/1866 (global idx 13210): /home/projects/bagon/shared/imagenet512/val/n03658185/ILSVRC2012_val_00044568.JPEG ===
2025-09-22 16:36:04,394 - INFO - Example /home/projects/bagon/shared/imagenet512/val/n03658185/ILSVRC2012_val_00044568.JPEG reached epsilon at step 4080, loss sum: 3020.7262, final loss: 0.00096512, weight distance: 0.1898
2025-09-22 16:36:04,883 - INFO - Example 145 completed: 4080 steps, loss sum: 3020.7262, final loss: 0.00096512, weight distance: 0.1898 (universal rank: 46651)
2025-09-22 16:36:04,883 - INFO - 
=== Worker 7 Training Example 146/1866 (global idx 13211): /home/projects/bagon/shared/imagenet512/val/n03866082/ILSVRC2012_val_00035692.JPEG ===
2025-09-22 16:36:30,222 - INFO - Example /home/projects/bagon/shared/imagenet512/val/n03866082/ILSVRC2012_val_00035692.JPEG reached epsilon at step 2343, loss sum: 628.9214, final loss: 0.00099945, weight distance: 0.1218
2025-09-22 16:36:30,720 - INFO - Example 146 completed: 2343 steps, loss sum: 628.9214, final loss: 0.00099945, weight distance: 0.1218 (universal rank: 46652)
2025-09-22 16:36:30,720 - INFO - 
=== Worker 7 Training Example 147/1866 (global idx 13212): /home/projects/bagon/shared/imagenet512/val/n04532106/ILSVRC2012_val_00032895.JPEG ===
2025-09-22 16:36:49,461 - INFO - Example /home/projects/bagon/shared/imagenet512/val/n04532106/ILSVRC2012_val_00032895.JPEG reached epsilon at step 1727, loss sum: 1298.0760, final loss: 0.00095749, weight distance: 0.1074
2025-09-22 16:36:49,953 - INFO - Example 147 completed: 1727 steps, loss sum: 1298.0760, final loss: 0.00095749, weight distance: 0.1074 (universal rank: 46653)
2025-09-22 16:36:49,953 - INFO - 
=== Worker 7 Training Example 148/1866 (global idx 13213): /home/projects/bagon/shared/imagenet512/val/n04131690/ILSVRC2012_val_00031663.JPEG ===
2025-09-22 16:37:09,717 - INFO - Example /home/projects/bagon/shared/imagenet512/val/n04131690/ILSVRC2012_val_00031663.JPEG reached epsilon at step 1823, loss sum: 470.5463, final loss: 0.00099182, weight distance: 0.0911
2025-09-22 16:37:10,240 - INFO - Example 148 completed: 1823 steps, loss sum: 470.5463, final loss: 0.00099182, weight distance: 0.0911 (universal rank: 46654)
2025-09-22 16:37:10,240 - INFO - 
=== Worker 7 Training Example 149/1866 (global idx 13214): /home/projects/bagon/shared/imagenet512/val/n02877765/ILSVRC2012_val_00005032.JPEG ===
2025-09-22 16:37:25,496 - INFO - Example /home/projects/bagon/shared/imagenet512/val/n02877765/ILSVRC2012_val_00005032.JPEG reached epsilon at step 1411, loss sum: 824.5042, final loss: 0.00099945, weight distance: 0.0941
2025-09-22 16:37:25,984 - INFO - Example 149 completed: 1411 steps, loss sum: 824.5042, final loss: 0.00099945, weight distance: 0.0941 (universal rank: 46655)
2025-09-22 16:37:25,984 - INFO - 
=== Worker 7 Training Example 150/1866 (global idx 13215): /home/projects/bagon/shared/imagenet512/val/n04599235/ILSVRC2012_val_00041145.JPEG ===
2025-09-22 16:37:47,000 - INFO - Example /home/projects/bagon/shared/imagenet512/val/n04599235/ILSVRC2012_val_00041145.JPEG reached epsilon at step 1936, loss sum: 784.1447, final loss: 0.00091171, weight distance: 0.1082
2025-09-22 16:37:47,563 - INFO - Example 150 completed: 1936 steps, loss sum: 784.1447, final loss: 0.00091171, weight distance: 0.1082 (universal rank: 46656)
2025-09-22 16:37:47,563 - INFO - 
=== Worker 7 Training Example 151/1866 (global idx 13216): /home/projects/bagon/shared/imagenet512/val/n09468604/ILSVRC2012_val_00010664.JPEG ===
2025-09-22 16:38:10,982 - INFO - Example /home/projects/bagon/shared/imagenet512/val/n09468604/ILSVRC2012_val_00010664.JPEG reached epsilon at step 2154, loss sum: 177.7899, final loss: 0.00098419, weight distance: 0.0957
2025-09-22 16:38:11,616 - INFO - Example 151 completed: 2154 steps, loss sum: 177.7899, final loss: 0.00098419, weight distance: 0.0957 (universal rank: 46657)
2025-09-22 16:38:11,616 - INFO - 
=== Worker 7 Training Example 152/1866 (global idx 13217): /home/projects/bagon/shared/imagenet512/val/n04532670/ILSVRC2012_val_00044782.JPEG ===
2025-09-22 16:38:29,861 - INFO - Example /home/projects/bagon/shared/imagenet512/val/n04532670/ILSVRC2012_val_00044782.JPEG reached epsilon at step 1681, loss sum: 598.9502, final loss: 0.00099182, weight distance: 0.0960
2025-09-22 16:38:30,515 - INFO - Example 152 completed: 1681 steps, loss sum: 598.9502, final loss: 0.00099182, weight distance: 0.0960 (universal rank: 46658)
2025-09-22 16:38:30,515 - INFO - 
=== Worker 7 Training Example 153/1866 (global idx 13218): /home/projects/bagon/shared/imagenet512/val/n03482405/ILSVRC2012_val_00042836.JPEG ===
2025-09-22 16:38:51,873 - INFO - Example /home/projects/bagon/shared/imagenet512/val/n03482405/ILSVRC2012_val_00042836.JPEG reached epsilon at step 1972, loss sum: 1110.3580, final loss: 0.00099182, weight distance: 0.1148
2025-09-22 16:38:52,361 - INFO - Example 153 completed: 1972 steps, loss sum: 1110.3580, final loss: 0.00099182, weight distance: 0.1148 (universal rank: 46660)
2025-09-22 16:38:52,361 - INFO - 
=== Worker 7 Training Example 154/1866 (global idx 13219): /home/projects/bagon/shared/imagenet512/val/n03127925/ILSVRC2012_val_00008681.JPEG ===
2025-09-22 16:39:15,119 - INFO - Example /home/projects/bagon/shared/imagenet512/val/n03127925/ILSVRC2012_val_00008681.JPEG reached epsilon at step 2094, loss sum: 2021.9362, final loss: 0.00099182, weight distance: 0.1289
2025-09-22 16:39:15,620 - INFO - Example 154 completed: 2094 steps, loss sum: 2021.9362, final loss: 0.00099182, weight distance: 0.1289 (universal rank: 46661)
2025-09-22 16:39:15,620 - INFO - 
=== Worker 7 Training Example 155/1866 (global idx 13220): /home/projects/bagon/shared/imagenet512/val/n03832673/ILSVRC2012_val_00015103.JPEG ===
2025-09-22 16:40:00,978 - INFO - Example /home/projects/bagon/shared/imagenet512/val/n03832673/ILSVRC2012_val_00015103.JPEG reached epsilon at step 4165, loss sum: 2471.7639, final loss: 0.00099945, weight distance: 0.1779
2025-09-22 16:40:01,481 - INFO - Example 155 completed: 4165 steps, loss sum: 2471.7639, final loss: 0.00099945, weight distance: 0.1779 (universal rank: 46662)
2025-09-22 16:40:01,481 - INFO - 
=== Worker 7 Training Example 156/1866 (global idx 13221): /home/projects/bagon/shared/imagenet512/val/n02493509/ILSVRC2012_val_00021679.JPEG ===
2025-09-22 16:40:32,465 - INFO - Example /home/projects/bagon/shared/imagenet512/val/n02493509/ILSVRC2012_val_00021679.JPEG reached epsilon at step 2834, loss sum: 219.9379, final loss: 0.00096893, weight distance: 0.1116
2025-09-22 16:40:32,954 - INFO - Example 156 completed: 2834 steps, loss sum: 219.9379, final loss: 0.00096893, weight distance: 0.1116 (universal rank: 46663)
2025-09-22 16:40:32,954 - INFO - 
=== Worker 7 Training Example 157/1866 (global idx 13222): /home/projects/bagon/shared/imagenet512/val/n03793489/ILSVRC2012_val_00027014.JPEG ===
2025-09-22 16:40:55,961 - INFO - Example /home/projects/bagon/shared/imagenet512/val/n03793489/ILSVRC2012_val_00027014.JPEG reached epsilon at step 2114, loss sum: 348.3089, final loss: 0.00099945, weight distance: 0.1061
2025-09-22 16:40:56,465 - INFO - Example 157 completed: 2114 steps, loss sum: 348.3089, final loss: 0.00099945, weight distance: 0.1061 (universal rank: 46664)
2025-09-22 16:40:56,465 - INFO - 
=== Worker 7 Training Example 158/1866 (global idx 13223): /home/projects/bagon/shared/imagenet512/val/n01644900/ILSVRC2012_val_00024428.JPEG ===
2025-09-22 16:41:14,335 - INFO - Example /home/projects/bagon/shared/imagenet512/val/n01644900/ILSVRC2012_val_00024428.JPEG reached epsilon at step 1643, loss sum: 137.9969, final loss: 0.00097656, weight distance: 0.0789
2025-09-22 16:41:14,821 - INFO - Example 158 completed: 1643 steps, loss sum: 137.9969, final loss: 0.00097656, weight distance: 0.0789 (universal rank: 46665)
2025-09-22 16:41:14,821 - INFO - 
=== Worker 7 Training Example 159/1866 (global idx 13224): /home/projects/bagon/shared/imagenet512/val/n04285008/ILSVRC2012_val_00043297.JPEG ===
2025-09-22 16:41:40,519 - INFO - Example /home/projects/bagon/shared/imagenet512/val/n04285008/ILSVRC2012_val_00043297.JPEG reached epsilon at step 2373, loss sum: 115.0547, final loss: 0.00098419, weight distance: 0.0952
2025-09-22 16:41:41,004 - INFO - Example 159 completed: 2373 steps, loss sum: 115.0547, final loss: 0.00098419, weight distance: 0.0952 (universal rank: 46666)
2025-09-22 16:41:41,004 - INFO - 
=== Worker 7 Training Example 160/1866 (global idx 13225): /home/projects/bagon/shared/imagenet512/val/n02749479/ILSVRC2012_val_00024794.JPEG ===
2025-09-22 16:42:08,169 - INFO - Example /home/projects/bagon/shared/imagenet512/val/n02749479/ILSVRC2012_val_00024794.JPEG reached epsilon at step 2501, loss sum: 458.3352, final loss: 0.00095749, weight distance: 0.1126
2025-09-22 16:42:08,657 - INFO - Example 160 completed: 2501 steps, loss sum: 458.3352, final loss: 0.00095749, weight distance: 0.1126 (universal rank: 46667)
2025-09-22 16:42:08,657 - INFO - 
=== Worker 7 Training Example 161/1866 (global idx 13226): /home/projects/bagon/shared/imagenet512/val/n03590841/ILSVRC2012_val_00042696.JPEG ===
2025-09-22 16:42:32,576 - INFO - Example /home/projects/bagon/shared/imagenet512/val/n03590841/ILSVRC2012_val_00042696.JPEG reached epsilon at step 2206, loss sum: 1640.2287, final loss: 0.00095749, weight distance: 0.1245
2025-09-22 16:42:33,067 - INFO - Example 161 completed: 2206 steps, loss sum: 1640.2287, final loss: 0.00095749, weight distance: 0.1245 (universal rank: 46671)
2025-09-22 16:42:33,067 - INFO - 
=== Worker 7 Training Example 162/1866 (global idx 13227): /home/projects/bagon/shared/imagenet512/val/n03062245/ILSVRC2012_val_00036404.JPEG ===
2025-09-22 16:42:52,079 - INFO - Example /home/projects/bagon/shared/imagenet512/val/n03062245/ILSVRC2012_val_00036404.JPEG reached epsilon at step 1749, loss sum: 822.2452, final loss: 0.00093079, weight distance: 0.1047
2025-09-22 16:42:52,608 - INFO - Example 162 completed: 1749 steps, loss sum: 822.2452, final loss: 0.00093079, weight distance: 0.1047 (universal rank: 46672)
2025-09-22 16:42:52,609 - INFO - 
=== Worker 7 Training Example 163/1866 (global idx 13228): /home/projects/bagon/shared/imagenet512/val/n02840245/ILSVRC2012_val_00042130.JPEG ===
2025-09-22 16:43:21,848 - INFO - Example /home/projects/bagon/shared/imagenet512/val/n02840245/ILSVRC2012_val_00042130.JPEG reached epsilon at step 2697, loss sum: 703.3167, final loss: 0.00093079, weight distance: 0.1324
2025-09-22 16:43:22,547 - INFO - Example 163 completed: 2697 steps, loss sum: 703.3167, final loss: 0.00093079, weight distance: 0.1324 (universal rank: 46673)
2025-09-22 16:43:22,547 - INFO - 
=== Worker 7 Training Example 164/1866 (global idx 13229): /home/projects/bagon/shared/imagenet512/val/n03970156/ILSVRC2012_val_00032437.JPEG ===
2025-09-22 16:43:49,804 - INFO - Example /home/projects/bagon/shared/imagenet512/val/n03970156/ILSVRC2012_val_00032437.JPEG reached epsilon at step 2516, loss sum: 2552.5000, final loss: 0.00096893, weight distance: 0.1583
2025-09-22 16:43:50,294 - INFO - Example 164 completed: 2516 steps, loss sum: 2552.5000, final loss: 0.00096893, weight distance: 0.1583 (universal rank: 46674)
2025-09-22 16:43:50,294 - INFO - 
=== Worker 7 Training Example 165/1866 (global idx 13230): /home/projects/bagon/shared/imagenet512/val/n02834397/ILSVRC2012_val_00010541.JPEG ===
2025-09-22 16:44:11,852 - INFO - Example /home/projects/bagon/shared/imagenet512/val/n02834397/ILSVRC2012_val_00010541.JPEG reached epsilon at step 1993, loss sum: 1224.8918, final loss: 0.00091553, weight distance: 0.1178
2025-09-22 16:44:12,476 - INFO - Example 165 completed: 1993 steps, loss sum: 1224.8918, final loss: 0.00091553, weight distance: 0.1178 (universal rank: 46675)
2025-09-22 16:44:12,476 - INFO - 
=== Worker 7 Training Example 166/1866 (global idx 13231): /home/projects/bagon/shared/imagenet512/val/n04525038/ILSVRC2012_val_00046504.JPEG ===
2025-09-22 16:44:40,612 - INFO - Example /home/projects/bagon/shared/imagenet512/val/n04525038/ILSVRC2012_val_00046504.JPEG reached epsilon at step 2584, loss sum: 1611.3109, final loss: 0.00098419, weight distance: 0.1364
2025-09-22 16:44:41,102 - INFO - Example 166 completed: 2584 steps, loss sum: 1611.3109, final loss: 0.00098419, weight distance: 0.1364 (universal rank: 46676)
2025-09-22 16:44:41,102 - INFO - 
=== Worker 7 Training Example 167/1866 (global idx 13232): /home/projects/bagon/shared/imagenet512/val/n04591157/ILSVRC2012_val_00004158.JPEG ===
2025-09-22 16:45:11,179 - INFO - Example /home/projects/bagon/shared/imagenet512/val/n04591157/ILSVRC2012_val_00004158.JPEG reached epsilon at step 2751, loss sum: 1368.8560, final loss: 0.00093842, weight distance: 0.1455
2025-09-22 16:45:11,662 - INFO - Example 167 completed: 2751 steps, loss sum: 1368.8560, final loss: 0.00093842, weight distance: 0.1455 (universal rank: 46677)
2025-09-22 16:45:11,662 - INFO - 
=== Worker 7 Training Example 168/1866 (global idx 13233): /home/projects/bagon/shared/imagenet512/val/n02859443/ILSVRC2012_val_00028066.JPEG ===
2025-09-22 16:45:34,899 - INFO - Example /home/projects/bagon/shared/imagenet512/val/n02859443/ILSVRC2012_val_00028066.JPEG reached epsilon at step 2141, loss sum: 486.5640, final loss: 0.00095749, weight distance: 0.1047
2025-09-22 16:45:35,405 - INFO - Example 168 completed: 2141 steps, loss sum: 486.5640, final loss: 0.00095749, weight distance: 0.1047 (universal rank: 46678)
2025-09-22 16:45:35,405 - INFO - 
=== Worker 7 Training Example 169/1866 (global idx 13234): /home/projects/bagon/shared/imagenet512/val/n03692522/ILSVRC2012_val_00032694.JPEG ===
2025-09-22 16:46:08,997 - INFO - Example /home/projects/bagon/shared/imagenet512/val/n03692522/ILSVRC2012_val_00032694.JPEG reached epsilon at step 3094, loss sum: 2866.5604, final loss: 0.00093079, weight distance: 0.1637
2025-09-22 16:46:09,488 - INFO - Example 169 completed: 3094 steps, loss sum: 2866.5604, final loss: 0.00093079, weight distance: 0.1637 (universal rank: 46679)
2025-09-22 16:46:09,488 - INFO - 
=== Worker 7 Training Example 170/1866 (global idx 13235): /home/projects/bagon/shared/imagenet512/val/n04591157/ILSVRC2012_val_00009629.JPEG ===
2025-09-22 16:46:39,012 - INFO - Example /home/projects/bagon/shared/imagenet512/val/n04591157/ILSVRC2012_val_00009629.JPEG reached epsilon at step 2728, loss sum: 387.7528, final loss: 0.00094604, weight distance: 0.1241
2025-09-22 16:46:39,509 - INFO - Example 170 completed: 2728 steps, loss sum: 387.7528, final loss: 0.00094604, weight distance: 0.1241 (universal rank: 46680)
2025-09-22 16:46:39,509 - INFO - 
=== Worker 7 Training Example 171/1866 (global idx 13236): /home/projects/bagon/shared/imagenet512/val/n03250847/ILSVRC2012_val_00048628.JPEG ===
2025-09-22 16:47:10,731 - INFO - Example /home/projects/bagon/shared/imagenet512/val/n03250847/ILSVRC2012_val_00048628.JPEG reached epsilon at step 2907, loss sum: 2227.2641, final loss: 0.00094604, weight distance: 0.1561
2025-09-22 16:47:11,219 - INFO - Example 171 completed: 2907 steps, loss sum: 2227.2641, final loss: 0.00094604, weight distance: 0.1561 (universal rank: 46681)
2025-09-22 16:47:11,219 - INFO - 
=== Worker 7 Training Example 172/1866 (global idx 13237): /home/projects/bagon/shared/imagenet512/val/n09472597/ILSVRC2012_val_00029608.JPEG ===
2025-09-22 16:47:29,787 - INFO - Example /home/projects/bagon/shared/imagenet512/val/n09472597/ILSVRC2012_val_00029608.JPEG reached epsilon at step 1715, loss sum: 2045.2982, final loss: 0.00095749, weight distance: 0.1157
2025-09-22 16:47:30,388 - INFO - Example 172 completed: 1715 steps, loss sum: 2045.2982, final loss: 0.00095749, weight distance: 0.1157 (universal rank: 46682)
2025-09-22 16:47:30,388 - INFO - 
=== Worker 7 Training Example 173/1866 (global idx 13238): /home/projects/bagon/shared/imagenet512/val/n04037443/ILSVRC2012_val_00028209.JPEG ===
2025-09-22 16:47:59,912 - INFO - Example /home/projects/bagon/shared/imagenet512/val/n04037443/ILSVRC2012_val_00028209.JPEG reached epsilon at step 2727, loss sum: 571.6054, final loss: 0.00094986, weight distance: 0.1184
2025-09-22 16:48:00,491 - INFO - Example 173 completed: 2727 steps, loss sum: 571.6054, final loss: 0.00094986, weight distance: 0.1184 (universal rank: 46683)
2025-09-22 16:48:00,492 - INFO - 
=== Worker 7 Training Example 174/1866 (global idx 13239): /home/projects/bagon/shared/imagenet512/val/n07579787/ILSVRC2012_val_00013172.JPEG ===
2025-09-22 16:48:38,223 - INFO - Example /home/projects/bagon/shared/imagenet512/val/n07579787/ILSVRC2012_val_00013172.JPEG reached epsilon at step 3476, loss sum: 916.9501, final loss: 0.00099945, weight distance: 0.1526
2025-09-22 16:48:38,817 - INFO - Example 174 completed: 3476 steps, loss sum: 916.9501, final loss: 0.00099945, weight distance: 0.1526 (universal rank: 46684)
2025-09-22 16:48:38,818 - INFO - 
=== Worker 7 Training Example 175/1866 (global idx 13240): /home/projects/bagon/shared/imagenet512/val/n02319095/ILSVRC2012_val_00020644.JPEG ===
2025-09-22 16:48:55,408 - INFO - Example /home/projects/bagon/shared/imagenet512/val/n02319095/ILSVRC2012_val_00020644.JPEG reached epsilon at step 1523, loss sum: 993.8460, final loss: 0.00099182, weight distance: 0.0999
2025-09-22 16:48:55,891 - INFO - Example 175 completed: 1523 steps, loss sum: 993.8460, final loss: 0.00099182, weight distance: 0.0999 (universal rank: 46685)
2025-09-22 16:48:55,891 - INFO - 
=== Worker 7 Training Example 176/1866 (global idx 13241): /home/projects/bagon/shared/imagenet512/val/n04254777/ILSVRC2012_val_00019230.JPEG ===
2025-09-22 16:49:17,538 - INFO - Example /home/projects/bagon/shared/imagenet512/val/n04254777/ILSVRC2012_val_00019230.JPEG reached epsilon at step 1989, loss sum: 682.3204, final loss: 0.00095749, weight distance: 0.1050
2025-09-22 16:49:18,028 - INFO - Example 176 completed: 1989 steps, loss sum: 682.3204, final loss: 0.00095749, weight distance: 0.1050 (universal rank: 46686)
2025-09-22 16:49:18,028 - INFO - 
=== Worker 7 Training Example 177/1866 (global idx 13242): /home/projects/bagon/shared/imagenet512/val/n09399592/ILSVRC2012_val_00043889.JPEG ===
2025-09-22 16:49:59,247 - INFO - Example /home/projects/bagon/shared/imagenet512/val/n09399592/ILSVRC2012_val_00043889.JPEG reached epsilon at step 3799, loss sum: 1301.3133, final loss: 0.00099182, weight distance: 0.1619
2025-09-22 16:49:59,732 - INFO - Example 177 completed: 3799 steps, loss sum: 1301.3133, final loss: 0.00099182, weight distance: 0.1619 (universal rank: 46687)
2025-09-22 16:49:59,732 - INFO - 
=== Worker 7 Training Example 178/1866 (global idx 13243): /home/projects/bagon/shared/imagenet512/val/n04599235/ILSVRC2012_val_00026827.JPEG ===
2025-09-22 16:50:21,802 - INFO - Example /home/projects/bagon/shared/imagenet512/val/n04599235/ILSVRC2012_val_00026827.JPEG reached epsilon at step 2030, loss sum: 2048.6995, final loss: 0.00099182, weight distance: 0.1224
2025-09-22 16:50:22,304 - INFO - Example 178 completed: 2030 steps, loss sum: 2048.6995, final loss: 0.00099182, weight distance: 0.1224 (universal rank: 46688)
2025-09-22 16:50:22,304 - INFO - 
=== Worker 7 Training Example 179/1866 (global idx 13244): /home/projects/bagon/shared/imagenet512/val/n02643566/ILSVRC2012_val_00016698.JPEG ===
2025-09-22 16:50:36,221 - INFO - Example /home/projects/bagon/shared/imagenet512/val/n02643566/ILSVRC2012_val_00016698.JPEG reached epsilon at step 1282, loss sum: 2608.3073, final loss: 0.00097275, weight distance: 0.0949
2025-09-22 16:50:36,746 - INFO - Example 179 completed: 1282 steps, loss sum: 2608.3073, final loss: 0.00097275, weight distance: 0.0949 (universal rank: 46689)
2025-09-22 16:50:36,746 - INFO - 
=== Worker 7 Training Example 180/1866 (global idx 13245): /home/projects/bagon/shared/imagenet512/val/n04554684/ILSVRC2012_val_00013010.JPEG ===
2025-09-22 16:50:52,832 - INFO - Example /home/projects/bagon/shared/imagenet512/val/n04554684/ILSVRC2012_val_00013010.JPEG reached epsilon at step 1486, loss sum: 476.5544, final loss: 0.00093079, weight distance: 0.0838
2025-09-22 16:50:53,310 - INFO - Example 180 completed: 1486 steps, loss sum: 476.5544, final loss: 0.00093079, weight distance: 0.0838 (universal rank: 46690)
2025-09-22 16:50:53,310 - INFO - 
=== Worker 7 Training Example 181/1866 (global idx 13246): /home/projects/bagon/shared/imagenet512/val/n03832673/ILSVRC2012_val_00026011.JPEG ===
2025-09-22 16:51:34,126 - INFO - Example /home/projects/bagon/shared/imagenet512/val/n03832673/ILSVRC2012_val_00026011.JPEG reached epsilon at step 3739, loss sum: 384.5898, final loss: 0.00096512, weight distance: 0.1469
2025-09-22 16:51:34,617 - INFO - Example 181 completed: 3739 steps, loss sum: 384.5898, final loss: 0.00096512, weight distance: 0.1469 (universal rank: 46691)
2025-09-22 16:51:34,617 - INFO - 
=== Worker 7 Training Example 182/1866 (global idx 13247): /home/projects/bagon/shared/imagenet512/val/n04525038/ILSVRC2012_val_00023329.JPEG ===
2025-09-22 16:51:54,039 - INFO - Example /home/projects/bagon/shared/imagenet512/val/n04525038/ILSVRC2012_val_00023329.JPEG reached epsilon at step 1777, loss sum: 1292.8293, final loss: 0.00099182, weight distance: 0.1140
2025-09-22 16:51:54,619 - INFO - Example 182 completed: 1777 steps, loss sum: 1292.8293, final loss: 0.00099182, weight distance: 0.1140 (universal rank: 46692)
2025-09-22 16:51:54,619 - INFO - 
=== Worker 7 Training Example 183/1866 (global idx 13248): /home/projects/bagon/shared/imagenet512/val/n03047690/ILSVRC2012_val_00014333.JPEG ===
2025-09-22 16:52:25,061 - INFO - Example /home/projects/bagon/shared/imagenet512/val/n03047690/ILSVRC2012_val_00014333.JPEG reached epsilon at step 2788, loss sum: 2960.3930, final loss: 0.00097656, weight distance: 0.1576
2025-09-22 16:52:25,557 - INFO - Example 183 completed: 2788 steps, loss sum: 2960.3930, final loss: 0.00097656, weight distance: 0.1576 (universal rank: 46693)
2025-09-22 16:52:25,557 - INFO - 
=== Worker 7 Training Example 184/1866 (global idx 13249): /home/projects/bagon/shared/imagenet512/val/n03710637/ILSVRC2012_val_00028232.JPEG ===
2025-09-22 16:53:23,916 - INFO - Example /home/projects/bagon/shared/imagenet512/val/n03710637/ILSVRC2012_val_00028232.JPEG reached epsilon at step 5355, loss sum: 774.3819, final loss: 0.00096130, weight distance: 0.2007
2025-09-22 16:53:24,695 - INFO - Example 184 completed: 5355 steps, loss sum: 774.3819, final loss: 0.00096130, weight distance: 0.2007 (universal rank: 46694)
2025-09-22 16:53:24,695 - INFO - 
=== Worker 7 Training Example 185/1866 (global idx 13250): /home/projects/bagon/shared/imagenet512/val/n02109961/ILSVRC2012_val_00006059.JPEG ===
2025-09-22 16:54:06,700 - INFO - Example /home/projects/bagon/shared/imagenet512/val/n02109961/ILSVRC2012_val_00006059.JPEG reached epsilon at step 3863, loss sum: 567.3043, final loss: 0.00094223, weight distance: 0.1601
2025-09-22 16:54:07,184 - INFO - Example 185 completed: 3863 steps, loss sum: 567.3043, final loss: 0.00094223, weight distance: 0.1601 (universal rank: 46696)
2025-09-22 16:54:07,184 - INFO - 
=== Worker 7 Training Example 186/1866 (global idx 13251): /home/projects/bagon/shared/imagenet512/val/n01693334/ILSVRC2012_val_00031003.JPEG ===
2025-09-22 16:54:38,822 - INFO - Example /home/projects/bagon/shared/imagenet512/val/n01693334/ILSVRC2012_val_00031003.JPEG reached epsilon at step 2915, loss sum: 1011.8361, final loss: 0.00097275, weight distance: 0.1432
2025-09-22 16:54:39,370 - INFO - Example 186 completed: 2915 steps, loss sum: 1011.8361, final loss: 0.00097275, weight distance: 0.1432 (universal rank: 46697)
2025-09-22 16:54:39,370 - INFO - 
=== Worker 7 Training Example 187/1866 (global idx 13252): /home/projects/bagon/shared/imagenet512/val/n04147183/ILSVRC2012_val_00000094.JPEG ===
2025-09-22 16:55:14,384 - INFO - Example /home/projects/bagon/shared/imagenet512/val/n04147183/ILSVRC2012_val_00000094.JPEG reached epsilon at step 3228, loss sum: 340.0882, final loss: 0.00097275, weight distance: 0.1148
2025-09-22 16:55:14,869 - INFO - Example 187 completed: 3228 steps, loss sum: 340.0882, final loss: 0.00097275, weight distance: 0.1148 (universal rank: 46699)
2025-09-22 16:55:14,869 - INFO - 
=== Worker 7 Training Example 188/1866 (global idx 13253): /home/projects/bagon/shared/imagenet512/val/n04525038/ILSVRC2012_val_00044332.JPEG ===
2025-09-22 16:55:45,360 - INFO - Example /home/projects/bagon/shared/imagenet512/val/n04525038/ILSVRC2012_val_00044332.JPEG reached epsilon at step 2810, loss sum: 1708.9807, final loss: 0.00098419, weight distance: 0.1497
2025-09-22 16:55:45,861 - INFO - Example 188 completed: 2810 steps, loss sum: 1708.9807, final loss: 0.00098419, weight distance: 0.1497 (universal rank: 46700)
2025-09-22 16:55:45,861 - INFO - 
=== Worker 7 Training Example 189/1866 (global idx 13254): /home/projects/bagon/shared/imagenet512/val/n03216828/ILSVRC2012_val_00039970.JPEG ===
2025-09-22 16:56:17,471 - INFO - Example /home/projects/bagon/shared/imagenet512/val/n03216828/ILSVRC2012_val_00039970.JPEG reached epsilon at step 2912, loss sum: 508.5242, final loss: 0.00099945, weight distance: 0.1232
2025-09-22 16:56:17,948 - INFO - Example 189 completed: 2912 steps, loss sum: 508.5242, final loss: 0.00099945, weight distance: 0.1232 (universal rank: 46701)
2025-09-22 16:56:17,948 - INFO - 
=== Worker 7 Training Example 190/1866 (global idx 13255): /home/projects/bagon/shared/imagenet512/val/n03775071/ILSVRC2012_val_00016219.JPEG ===
2025-09-22 16:56:45,507 - INFO - Example /home/projects/bagon/shared/imagenet512/val/n03775071/ILSVRC2012_val_00016219.JPEG reached epsilon at step 2529, loss sum: 3061.4573, final loss: 0.00095367, weight distance: 0.1536
2025-09-22 16:56:46,003 - INFO - Example 190 completed: 2529 steps, loss sum: 3061.4573, final loss: 0.00095367, weight distance: 0.1536 (universal rank: 46702)
2025-09-22 16:56:46,003 - INFO - 
=== Worker 7 Training Example 191/1866 (global idx 13256): /home/projects/bagon/shared/imagenet512/val/n03041632/ILSVRC2012_val_00019358.JPEG ===
2025-09-22 16:57:09,384 - INFO - Example /home/projects/bagon/shared/imagenet512/val/n03041632/ILSVRC2012_val_00019358.JPEG reached epsilon at step 2138, loss sum: 2370.2706, final loss: 0.00097275, weight distance: 0.1374
2025-09-22 16:57:09,868 - INFO - Example 191 completed: 2138 steps, loss sum: 2370.2706, final loss: 0.00097275, weight distance: 0.1374 (universal rank: 46703)
2025-09-22 16:57:09,869 - INFO - 
=== Worker 7 Training Example 192/1866 (global idx 13257): /home/projects/bagon/shared/imagenet512/val/n04356056/ILSVRC2012_val_00034982.JPEG ===
2025-09-22 16:58:11,639 - INFO - Example /home/projects/bagon/shared/imagenet512/val/n04356056/ILSVRC2012_val_00034982.JPEG reached epsilon at step 5704, loss sum: 3803.4138, final loss: 0.00097656, weight distance: 0.2332
2025-09-22 16:58:12,388 - INFO - Example 192 completed: 5704 steps, loss sum: 3803.4138, final loss: 0.00097656, weight distance: 0.2332 (universal rank: 46704)
2025-09-22 16:58:12,388 - INFO - 
=== Worker 7 Training Example 193/1866 (global idx 13258): /home/projects/bagon/shared/imagenet512/val/n03658185/ILSVRC2012_val_00043869.JPEG ===
2025-09-22 16:58:49,073 - INFO - Example /home/projects/bagon/shared/imagenet512/val/n03658185/ILSVRC2012_val_00043869.JPEG reached epsilon at step 3355, loss sum: 3502.6799, final loss: 0.00098419, weight distance: 0.1893
2025-09-22 16:58:49,558 - INFO - Example 193 completed: 3355 steps, loss sum: 3502.6799, final loss: 0.00098419, weight distance: 0.1893 (universal rank: 46705)
2025-09-22 16:58:49,558 - INFO - 
=== Worker 7 Training Example 194/1866 (global idx 13259): /home/projects/bagon/shared/imagenet512/val/n02999410/ILSVRC2012_val_00023126.JPEG ===
2025-09-22 16:59:13,929 - INFO - Example /home/projects/bagon/shared/imagenet512/val/n02999410/ILSVRC2012_val_00023126.JPEG reached epsilon at step 2243, loss sum: 1386.1029, final loss: 0.00097656, weight distance: 0.1156
2025-09-22 16:59:14,421 - INFO - Example 194 completed: 2243 steps, loss sum: 1386.1029, final loss: 0.00097656, weight distance: 0.1156 (universal rank: 46706)
2025-09-22 16:59:14,421 - INFO - 
=== Worker 7 Training Example 195/1866 (global idx 13260): /home/projects/bagon/shared/imagenet512/val/n02119789/ILSVRC2012_val_00001260.JPEG ===
2025-09-22 16:59:41,873 - INFO - Example /home/projects/bagon/shared/imagenet512/val/n02119789/ILSVRC2012_val_00001260.JPEG reached epsilon at step 2526, loss sum: 760.2517, final loss: 0.00096893, weight distance: 0.1297
2025-09-22 16:59:42,454 - INFO - Example 195 completed: 2526 steps, loss sum: 760.2517, final loss: 0.00096893, weight distance: 0.1297 (universal rank: 46707)
2025-09-22 16:59:42,455 - INFO - 
=== Worker 7 Training Example 196/1866 (global idx 13261): /home/projects/bagon/shared/imagenet512/val/n03690938/ILSVRC2012_val_00004561.JPEG ===
2025-09-22 17:00:03,231 - INFO - Example /home/projects/bagon/shared/imagenet512/val/n03690938/ILSVRC2012_val_00004561.JPEG reached epsilon at step 1903, loss sum: 414.0526, final loss: 0.00099945, weight distance: 0.0963
2025-09-22 17:00:03,723 - INFO - Example 196 completed: 1903 steps, loss sum: 414.0526, final loss: 0.00099945, weight distance: 0.0963 (universal rank: 46708)
2025-09-22 17:00:03,723 - INFO - 
=== Worker 7 Training Example 197/1866 (global idx 13262): /home/projects/bagon/shared/imagenet512/val/n02096294/ILSVRC2012_val_00017380.JPEG ===
2025-09-22 17:00:28,142 - INFO - Example /home/projects/bagon/shared/imagenet512/val/n02096294/ILSVRC2012_val_00017380.JPEG reached epsilon at step 2248, loss sum: 423.9628, final loss: 0.00097656, weight distance: 0.1040
2025-09-22 17:00:28,644 - INFO - Example 197 completed: 2248 steps, loss sum: 423.9628, final loss: 0.00097656, weight distance: 0.1040 (universal rank: 46709)
2025-09-22 17:00:28,644 - INFO - 
=== Worker 7 Training Example 198/1866 (global idx 13263): /home/projects/bagon/shared/imagenet512/val/n02883205/ILSVRC2012_val_00045515.JPEG ===
2025-09-22 17:00:50,900 - INFO - Example /home/projects/bagon/shared/imagenet512/val/n02883205/ILSVRC2012_val_00045515.JPEG reached epsilon at step 2029, loss sum: 2162.4748, final loss: 0.00099945, weight distance: 0.1315
2025-09-22 17:00:51,410 - INFO - Example 198 completed: 2029 steps, loss sum: 2162.4748, final loss: 0.00099945, weight distance: 0.1315 (universal rank: 46711)
2025-09-22 17:00:51,410 - INFO - 
=== Worker 7 Training Example 199/1866 (global idx 13264): /home/projects/bagon/shared/imagenet512/val/n03967562/ILSVRC2012_val_00000292.JPEG ===
2025-09-22 17:01:10,426 - INFO - Example /home/projects/bagon/shared/imagenet512/val/n03967562/ILSVRC2012_val_00000292.JPEG reached epsilon at step 1749, loss sum: 799.7896, final loss: 0.00099182, weight distance: 0.1021
2025-09-22 17:01:10,913 - INFO - Example 199 completed: 1749 steps, loss sum: 799.7896, final loss: 0.00099182, weight distance: 0.1021 (universal rank: 46712)
2025-09-22 17:01:10,913 - INFO - 
=== Worker 7 Training Example 200/1866 (global idx 13265): /home/projects/bagon/shared/imagenet512/val/n03796401/ILSVRC2012_val_00044805.JPEG ===
2025-09-22 17:01:39,826 - INFO - Example /home/projects/bagon/shared/imagenet512/val/n03796401/ILSVRC2012_val_00044805.JPEG reached epsilon at step 2662, loss sum: 1135.9671, final loss: 0.00095749, weight distance: 0.1337
2025-09-22 17:01:40,365 - INFO - Example 200 completed: 2662 steps, loss sum: 1135.9671, final loss: 0.00095749, weight distance: 0.1337 (universal rank: 46713)
2025-09-22 17:01:40,365 - INFO - 
=== Worker 7 Training Example 201/1866 (global idx 13266): /home/projects/bagon/shared/imagenet512/val/n03633091/ILSVRC2012_val_00035588.JPEG ===
2025-09-22 17:02:15,974 - INFO - Example /home/projects/bagon/shared/imagenet512/val/n03633091/ILSVRC2012_val_00035588.JPEG reached epsilon at step 3276, loss sum: 2019.5622, final loss: 0.00094223, weight distance: 0.1721
2025-09-22 17:02:16,559 - INFO - Example 201 completed: 3276 steps, loss sum: 2019.5622, final loss: 0.00094223, weight distance: 0.1721 (universal rank: 46714)
2025-09-22 17:02:16,559 - INFO - 
=== Worker 7 Training Example 202/1866 (global idx 13267): /home/projects/bagon/shared/imagenet512/val/n04579145/ILSVRC2012_val_00029100.JPEG ===
2025-09-22 17:02:38,505 - INFO - Example /home/projects/bagon/shared/imagenet512/val/n04579145/ILSVRC2012_val_00029100.JPEG reached epsilon at step 2024, loss sum: 554.1665, final loss: 0.00096893, weight distance: 0.1052
2025-09-22 17:02:39,045 - INFO - Example 202 completed: 2024 steps, loss sum: 554.1665, final loss: 0.00096893, weight distance: 0.1052 (universal rank: 46715)
2025-09-22 17:02:39,045 - INFO - 
=== Worker 7 Training Example 203/1866 (global idx 13268): /home/projects/bagon/shared/imagenet512/val/n03724870/ILSVRC2012_val_00045706.JPEG ===
2025-09-22 17:03:02,131 - INFO - Example /home/projects/bagon/shared/imagenet512/val/n03724870/ILSVRC2012_val_00045706.JPEG reached epsilon at step 2136, loss sum: 1334.0202, final loss: 0.00097656, weight distance: 0.1224
2025-09-22 17:03:02,620 - INFO - Example 203 completed: 2136 steps, loss sum: 1334.0202, final loss: 0.00097656, weight distance: 0.1224 (universal rank: 46716)
2025-09-22 17:03:02,621 - INFO - 
=== Worker 7 Training Example 204/1866 (global idx 13269): /home/projects/bagon/shared/imagenet512/val/n03840681/ILSVRC2012_val_00029902.JPEG ===
2025-09-22 17:03:25,956 - INFO - Example /home/projects/bagon/shared/imagenet512/val/n03840681/ILSVRC2012_val_00029902.JPEG reached epsilon at step 2149, loss sum: 3776.9638, final loss: 0.00093079, weight distance: 0.1482
2025-09-22 17:03:26,522 - INFO - Example 204 completed: 2149 steps, loss sum: 3776.9638, final loss: 0.00093079, weight distance: 0.1482 (universal rank: 46717)
2025-09-22 17:03:26,522 - INFO - 
=== Worker 7 Training Example 205/1866 (global idx 13270): /home/projects/bagon/shared/imagenet512/val/n03250847/ILSVRC2012_val_00031217.JPEG ===
2025-09-22 17:03:53,105 - INFO - Example /home/projects/bagon/shared/imagenet512/val/n03250847/ILSVRC2012_val_00031217.JPEG reached epsilon at step 2454, loss sum: 543.5314, final loss: 0.00093842, weight distance: 0.1136
2025-09-22 17:03:53,602 - INFO - Example 205 completed: 2454 steps, loss sum: 543.5314, final loss: 0.00093842, weight distance: 0.1136 (universal rank: 46718)
2025-09-22 17:03:53,602 - INFO - 
=== Worker 7 Training Example 206/1866 (global idx 13271): /home/projects/bagon/shared/imagenet512/val/n04590129/ILSVRC2012_val_00013882.JPEG ===
2025-09-22 17:04:23,137 - INFO - Example /home/projects/bagon/shared/imagenet512/val/n04590129/ILSVRC2012_val_00013882.JPEG reached epsilon at step 2721, loss sum: 1989.7528, final loss: 0.00093079, weight distance: 0.1466
2025-09-22 17:04:23,639 - INFO - Example 206 completed: 2721 steps, loss sum: 1989.7528, final loss: 0.00093079, weight distance: 0.1466 (universal rank: 46719)
2025-09-22 17:04:23,639 - INFO - 
=== Worker 7 Training Example 207/1866 (global idx 13272): /home/projects/bagon/shared/imagenet512/val/n03796401/ILSVRC2012_val_00028686.JPEG ===
2025-09-22 17:04:53,141 - INFO - Example /home/projects/bagon/shared/imagenet512/val/n03796401/ILSVRC2012_val_00028686.JPEG reached epsilon at step 2722, loss sum: 864.1835, final loss: 0.00099945, weight distance: 0.1288
2025-09-22 17:04:53,625 - INFO - Example 207 completed: 2722 steps, loss sum: 864.1835, final loss: 0.00099945, weight distance: 0.1288 (universal rank: 46720)
2025-09-22 17:04:53,625 - INFO - 
=== Worker 7 Training Example 208/1866 (global idx 13273): /home/projects/bagon/shared/imagenet512/val/n02443114/ILSVRC2012_val_00048525.JPEG ===
2025-09-22 17:05:20,779 - INFO - Example /home/projects/bagon/shared/imagenet512/val/n02443114/ILSVRC2012_val_00048525.JPEG reached epsilon at step 2502, loss sum: 517.1408, final loss: 0.00091934, weight distance: 0.1252
2025-09-22 17:05:21,269 - INFO - Example 208 completed: 2502 steps, loss sum: 517.1408, final loss: 0.00091934, weight distance: 0.1252 (universal rank: 46721)
2025-09-22 17:05:21,269 - INFO - 
=== Worker 7 Training Example 209/1866 (global idx 13274): /home/projects/bagon/shared/imagenet512/val/n02106166/ILSVRC2012_val_00020986.JPEG ===
2025-09-22 17:05:50,045 - INFO - Example /home/projects/bagon/shared/imagenet512/val/n02106166/ILSVRC2012_val_00020986.JPEG reached epsilon at step 2651, loss sum: 1038.3292, final loss: 0.00092316, weight distance: 0.1225
2025-09-22 17:05:50,529 - INFO - Example 209 completed: 2651 steps, loss sum: 1038.3292, final loss: 0.00092316, weight distance: 0.1225 (universal rank: 46722)
2025-09-22 17:05:50,529 - INFO - 
=== Worker 7 Training Example 210/1866 (global idx 13275): /home/projects/bagon/shared/imagenet512/val/n02403003/ILSVRC2012_val_00010592.JPEG ===
2025-09-22 17:06:18,863 - INFO - Example /home/projects/bagon/shared/imagenet512/val/n02403003/ILSVRC2012_val_00010592.JPEG reached epsilon at step 2621, loss sum: 373.3747, final loss: 0.00097656, weight distance: 0.1181
2025-09-22 17:06:19,354 - INFO - Example 210 completed: 2621 steps, loss sum: 373.3747, final loss: 0.00097656, weight distance: 0.1181 (universal rank: 46723)
2025-09-22 17:06:19,354 - INFO - 
=== Worker 7 Training Example 211/1866 (global idx 13276): /home/projects/bagon/shared/imagenet512/val/n04548362/ILSVRC2012_val_00011817.JPEG ===
2025-09-22 17:06:42,447 - INFO - Example /home/projects/bagon/shared/imagenet512/val/n04548362/ILSVRC2012_val_00011817.JPEG reached epsilon at step 2134, loss sum: 108.6675, final loss: 0.00097656, weight distance: 0.0833
2025-09-22 17:06:42,938 - INFO - Example 211 completed: 2134 steps, loss sum: 108.6675, final loss: 0.00097656, weight distance: 0.0833 (universal rank: 46724)
2025-09-22 17:06:42,938 - INFO - 
=== Worker 7 Training Example 212/1866 (global idx 13277): /home/projects/bagon/shared/imagenet512/val/n03787032/ILSVRC2012_val_00026132.JPEG ===
2025-09-22 17:07:13,450 - INFO - Example /home/projects/bagon/shared/imagenet512/val/n03787032/ILSVRC2012_val_00026132.JPEG reached epsilon at step 2825, loss sum: 911.7562, final loss: 0.00099945, weight distance: 0.1446
2025-09-22 17:07:13,939 - INFO - Example 212 completed: 2825 steps, loss sum: 911.7562, final loss: 0.00099945, weight distance: 0.1446 (universal rank: 46725)
2025-09-22 17:07:13,939 - INFO - 
=== Worker 7 Training Example 213/1866 (global idx 13278): /home/projects/bagon/shared/imagenet512/val/n03085013/ILSVRC2012_val_00041349.JPEG ===
2025-09-22 17:07:50,053 - INFO - Example /home/projects/bagon/shared/imagenet512/val/n03085013/ILSVRC2012_val_00041349.JPEG reached epsilon at step 3340, loss sum: 1226.0545, final loss: 0.00099182, weight distance: 0.1587
2025-09-22 17:07:50,579 - INFO - Example 213 completed: 3340 steps, loss sum: 1226.0545, final loss: 0.00099182, weight distance: 0.1587 (universal rank: 46726)
2025-09-22 17:07:50,579 - INFO - 
=== Worker 7 Training Example 214/1866 (global idx 13279): /home/projects/bagon/shared/imagenet512/val/n03742115/ILSVRC2012_val_00049486.JPEG ===
2025-09-22 17:08:08,440 - INFO - Example /home/projects/bagon/shared/imagenet512/val/n03742115/ILSVRC2012_val_00049486.JPEG reached epsilon at step 1672, loss sum: 322.7485, final loss: 0.00098419, weight distance: 0.0914
2025-09-22 17:08:08,925 - INFO - Example 214 completed: 1672 steps, loss sum: 322.7485, final loss: 0.00098419, weight distance: 0.0914 (universal rank: 46727)
2025-09-22 17:08:08,925 - INFO - 
=== Worker 7 Training Example 215/1866 (global idx 13280): /home/projects/bagon/shared/imagenet512/val/n03804744/ILSVRC2012_val_00046728.JPEG ===
2025-09-22 17:08:32,640 - INFO - Example /home/projects/bagon/shared/imagenet512/val/n03804744/ILSVRC2012_val_00046728.JPEG reached epsilon at step 2197, loss sum: 1427.5842, final loss: 0.00099182, weight distance: 0.1237
2025-09-22 17:08:33,138 - INFO - Example 215 completed: 2197 steps, loss sum: 1427.5842, final loss: 0.00099182, weight distance: 0.1237 (universal rank: 46729)
2025-09-22 17:08:33,138 - INFO - 
=== Worker 7 Training Example 216/1866 (global idx 13281): /home/projects/bagon/shared/imagenet512/val/n02837789/ILSVRC2012_val_00007559.JPEG ===
2025-09-22 17:09:18,214 - INFO - Example /home/projects/bagon/shared/imagenet512/val/n02837789/ILSVRC2012_val_00007559.JPEG reached epsilon at step 4185, loss sum: 4465.8683, final loss: 0.00097275, weight distance: 0.2070
2025-09-22 17:09:18,707 - INFO - Example 216 completed: 4185 steps, loss sum: 4465.8683, final loss: 0.00097275, weight distance: 0.2070 (universal rank: 46730)
2025-09-22 17:09:18,708 - INFO - 
=== Worker 7 Training Example 217/1866 (global idx 13282): /home/projects/bagon/shared/imagenet512/val/n04336792/ILSVRC2012_val_00027884.JPEG ===
2025-09-22 17:09:37,237 - INFO - Example /home/projects/bagon/shared/imagenet512/val/n04336792/ILSVRC2012_val_00027884.JPEG reached epsilon at step 1710, loss sum: 1524.0197, final loss: 0.00099945, weight distance: 0.1143
2025-09-22 17:09:37,734 - INFO - Example 217 completed: 1710 steps, loss sum: 1524.0197, final loss: 0.00099945, weight distance: 0.1143 (universal rank: 46731)
2025-09-22 17:09:37,734 - INFO - 
=== Worker 7 Training Example 218/1866 (global idx 13283): /home/projects/bagon/shared/imagenet512/val/n04435653/ILSVRC2012_val_00027447.JPEG ===
2025-09-22 17:09:54,000 - INFO - Example /home/projects/bagon/shared/imagenet512/val/n04435653/ILSVRC2012_val_00027447.JPEG reached epsilon at step 1495, loss sum: 1087.8629, final loss: 0.00091553, weight distance: 0.0966
2025-09-22 17:09:54,590 - INFO - Example 218 completed: 1495 steps, loss sum: 1087.8629, final loss: 0.00091553, weight distance: 0.0966 (universal rank: 46732)
2025-09-22 17:09:54,590 - INFO - 
=== Worker 7 Training Example 219/1866 (global idx 13284): /home/projects/bagon/shared/imagenet512/val/n02486261/ILSVRC2012_val_00011101.JPEG ===
2025-09-22 17:10:13,020 - INFO - Example /home/projects/bagon/shared/imagenet512/val/n02486261/ILSVRC2012_val_00011101.JPEG reached epsilon at step 1703, loss sum: 1022.9298, final loss: 0.00093842, weight distance: 0.1014
2025-09-22 17:10:13,597 - INFO - Example 219 completed: 1703 steps, loss sum: 1022.9298, final loss: 0.00093842, weight distance: 0.1014 (universal rank: 46733)
2025-09-22 17:10:13,597 - INFO - 
=== Worker 7 Training Example 220/1866 (global idx 13285): /home/projects/bagon/shared/imagenet512/val/n03710637/ILSVRC2012_val_00014830.JPEG ===
2025-09-22 17:11:04,002 - INFO - Example /home/projects/bagon/shared/imagenet512/val/n03710637/ILSVRC2012_val_00014830.JPEG reached epsilon at step 4682, loss sum: 876.0997, final loss: 0.00099182, weight distance: 0.1989
2025-09-22 17:11:04,491 - INFO - Example 220 completed: 4682 steps, loss sum: 876.0997, final loss: 0.00099182, weight distance: 0.1989 (universal rank: 46734)
2025-09-22 17:11:04,491 - INFO - 
=== Worker 7 Training Example 221/1866 (global idx 13286): /home/projects/bagon/shared/imagenet512/val/n02321529/ILSVRC2012_val_00043443.JPEG ===
2025-09-22 17:11:23,123 - INFO - Example /home/projects/bagon/shared/imagenet512/val/n02321529/ILSVRC2012_val_00043443.JPEG reached epsilon at step 1727, loss sum: 1148.3853, final loss: 0.00099945, weight distance: 0.0987
2025-09-22 17:11:23,597 - INFO - Example 221 completed: 1727 steps, loss sum: 1148.3853, final loss: 0.00099945, weight distance: 0.0987 (universal rank: 46735)
2025-09-22 17:11:23,597 - INFO - 
=== Worker 7 Training Example 222/1866 (global idx 13287): /home/projects/bagon/shared/imagenet512/val/n02992211/ILSVRC2012_val_00003715.JPEG ===
2025-09-22 17:11:44,802 - INFO - Example /home/projects/bagon/shared/imagenet512/val/n02992211/ILSVRC2012_val_00003715.JPEG reached epsilon at step 1964, loss sum: 181.5665, final loss: 0.00095749, weight distance: 0.0865
2025-09-22 17:11:45,409 - INFO - Example 222 completed: 1964 steps, loss sum: 181.5665, final loss: 0.00095749, weight distance: 0.0865 (universal rank: 46737)
2025-09-22 17:11:45,409 - INFO - 
=== Worker 7 Training Example 223/1866 (global idx 13288): /home/projects/bagon/shared/imagenet512/val/n03452741/ILSVRC2012_val_00028144.JPEG ===
2025-09-22 17:12:01,005 - INFO - Example /home/projects/bagon/shared/imagenet512/val/n03452741/ILSVRC2012_val_00028144.JPEG reached epsilon at step 1447, loss sum: 621.6953, final loss: 0.00099182, weight distance: 0.0936
2025-09-22 17:12:01,531 - INFO - Example 223 completed: 1447 steps, loss sum: 621.6953, final loss: 0.00099182, weight distance: 0.0936 (universal rank: 46738)
2025-09-22 17:12:01,531 - INFO - 
=== Worker 7 Training Example 224/1866 (global idx 13289): /home/projects/bagon/shared/imagenet512/val/n01873310/ILSVRC2012_val_00035112.JPEG ===
2025-09-22 17:12:19,667 - INFO - Example /home/projects/bagon/shared/imagenet512/val/n01873310/ILSVRC2012_val_00035112.JPEG reached epsilon at step 1676, loss sum: 359.5521, final loss: 0.00094223, weight distance: 0.0852
2025-09-22 17:12:20,158 - INFO - Example 224 completed: 1676 steps, loss sum: 359.5521, final loss: 0.00094223, weight distance: 0.0852 (universal rank: 46739)
2025-09-22 17:12:20,158 - INFO - 
=== Worker 7 Training Example 225/1866 (global idx 13290): /home/projects/bagon/shared/imagenet512/val/n03314780/ILSVRC2012_val_00033127.JPEG ===
2025-09-22 17:12:46,815 - INFO - Example /home/projects/bagon/shared/imagenet512/val/n03314780/ILSVRC2012_val_00033127.JPEG reached epsilon at step 2469, loss sum: 3671.9116, final loss: 0.00096512, weight distance: 0.1584
2025-09-22 17:12:47,305 - INFO - Example 225 completed: 2469 steps, loss sum: 3671.9116, final loss: 0.00096512, weight distance: 0.1584 (universal rank: 46740)
2025-09-22 17:12:47,306 - INFO - 
=== Worker 7 Training Example 226/1866 (global idx 13291): /home/projects/bagon/shared/imagenet512/val/n03796401/ILSVRC2012_val_00030948.JPEG ===
2025-09-22 17:13:20,602 - INFO - Example /home/projects/bagon/shared/imagenet512/val/n03796401/ILSVRC2012_val_00030948.JPEG reached epsilon at step 3083, loss sum: 1075.0627, final loss: 0.00096512, weight distance: 0.1455
2025-09-22 17:13:21,092 - INFO - Example 226 completed: 3083 steps, loss sum: 1075.0627, final loss: 0.00096512, weight distance: 0.1455 (universal rank: 46741)
2025-09-22 17:13:21,092 - INFO - Time limit reached (~1h45m). Exiting before starting next example.
2025-09-22 17:13:21,159 - INFO - Merged 8 worker CSVs into /home/projects/bagon/andreyg/Projects/BMM_school/Universal_learning/Programming/training_gradient_evaluator_single_loss_parallel/output_parallel_8_workers/resnet10t.c3_in1k/single_example_results.csv
2025-09-22 17:13:21,165 - INFO - Creating final plots from merged CSV...
2025-09-22 17:13:22,375 - INFO - Training complete. Summary saved to /home/projects/bagon/andreyg/Projects/BMM_school/Universal_learning/Programming/training_gradient_evaluator_single_loss_parallel/output_parallel_8_workers/resnet10t.c3_in1k/training_summary.json
2025-09-22 17:13:22,375 - INFO - Results CSV: /home/projects/bagon/andreyg/Projects/BMM_school/Universal_learning/Programming/training_gradient_evaluator_single_loss_parallel/output_parallel_8_workers/resnet10t.c3_in1k/single_example_results.csv
