2025-09-22 14:34:15,975 - INFO - Parsed arguments:
2025-09-22 14:34:15,975 - INFO -   amp_dtype = None
2025-09-22 14:34:15,975 - INFO -   bars_npy = /home/projects/bagon/andreyg/Projects/BMM_school/Universal_learning/Programming/bars/geq6wrong_21017_geq6correct_1525_imagenet.npy
2025-09-22 14:34:15,975 - INFO -   cka_layer_fraction = 0.05
2025-09-22 14:34:15,975 - INFO -   current_worker = 2
2025-09-22 14:34:15,975 - INFO -   deterministic = True
2025-09-22 14:34:15,975 - INFO -   device = cuda
2025-09-22 14:34:15,975 - INFO -   epsilon = 0.001
2025-09-22 14:34:15,976 - INFO -   examples_csv = /home/projects/bagon/andreyg/Projects/BMM_school/Universal_learning/Programming/bars/geq6wrong_21017_geq6correct_1525_imagenet_examples_ammended.csv
2025-09-22 14:34:15,976 - INFO -   explicit_examples_for_training = None
2025-09-22 14:34:15,976 - INFO -   grad_clip_norm = 1.0
2025-09-22 14:34:15,976 - INFO -   hierarchy_json = /home/projects/bagon/andreyg/Projects/BMM_school/Universal_learning/Programming/bars/imagenet_synset_hierarchy.json
2025-09-22 14:34:15,976 - INFO -   imagenet_models_csv = /home/projects/bagon/andreyg/Projects/BMM_school/Universal_learning/Programming/bars/imagenet_models.csv
2025-09-22 14:34:15,976 - INFO -   lr = 0.0001
2025-09-22 14:34:15,976 - INFO -   max_examples = 50000
2025-09-22 14:34:15,976 - INFO -   max_steps_per_example = 10000
2025-09-22 14:34:15,976 - INFO -   model_csv_name = resnet_10t_176_classification_imagenet_1k
2025-09-22 14:34:15,976 - INFO -   model_name = resnet10t.c3_in1k
2025-09-22 14:34:15,976 - INFO -   no_amp = False
2025-09-22 14:34:15,976 - INFO -   num_workers = 8
2025-09-22 14:34:15,976 - INFO -   output_dir = /home/projects/bagon/andreyg/Projects/BMM_school/Universal_learning/Programming/training_gradient_evaluator_single_loss_parallel/output_parallel_8_workers
2025-09-22 14:34:15,976 - INFO -   root_dir = None
2025-09-22 14:34:15,976 - INFO -   seed = 1337
2025-09-22 14:34:15,976 - INFO -   time_limit_seconds = 6300
2025-09-22 14:34:15,976 - INFO -   weight_decay = 0.0
2025-09-22 14:34:15,976 - INFO -   zero_aug_train = False
2025-09-22 14:34:15,986 - INFO - Loaded 50000 examples in difficulty order
2025-09-22 14:34:16,655 - INFO - Loaded TIMM pretrained weights for resnet10t.c3_in1k
2025-09-22 14:34:16,655 - INFO - pretrained_cfg.url=https://github.com/rwightman/pytorch-image-models/releases/download/v0.1-rsb-weights/resnet10t_176_c3-f3215ab1.pth hf_hub_id=timm/resnet10t.c3_in1k
2025-09-22 14:34:17,051 - INFO - Stored original model weights for reset
2025-09-22 14:34:17,052 - INFO - Training configuration:
2025-09-22 14:34:17,052 - INFO -   lr = 0.0001
2025-09-22 14:34:17,052 - INFO -   weight_decay = 0.0
2025-09-22 14:34:17,052 - INFO -   max_steps = 10000
2025-09-22 14:34:17,052 - INFO -   epsilon = 0.001
2025-09-22 14:34:17,052 - INFO -   device = cuda
2025-09-22 14:34:17,052 - INFO -   use_amp = True
2025-09-22 14:34:17,052 - INFO -   amp_dtype = bfloat16
2025-09-22 14:34:17,052 - INFO -   gradient_clip_norm = 1.0
2025-09-22 14:34:17,098 - INFO - Resolved model_csv_name='resnet_10t_176_classification_imagenet_1k' to mask_row_index=1010
2025-09-22 14:34:18,449 - INFO - Selected 14932 wrong examples for training (sorted by difficulty)
2025-09-22 14:34:18,450 - INFO - Worker 2/8 assigned range [3734, 5601) with 1867 examples
2025-09-22 14:34:18,460 - INFO - 
=== Worker 2 Training Example 1/1867 (global idx 3734): /home/projects/bagon/shared/imagenet512/val/n02138441/ILSVRC2012_val_00005695.JPEG ===
2025-09-22 14:34:38,948 - INFO - Example /home/projects/bagon/shared/imagenet512/val/n02138441/ILSVRC2012_val_00005695.JPEG reached epsilon at step 1748, loss sum: 207.1990, final loss: 0.00098419, weight distance: 0.0838
2025-09-22 14:34:39,784 - INFO - Example 1 completed: 1748 steps, loss sum: 207.1990, final loss: 0.00098419, weight distance: 0.0838 (universal rank: 34139)
2025-09-22 14:34:39,784 - INFO - 
=== Worker 2 Training Example 2/1867 (global idx 3735): /home/projects/bagon/shared/imagenet512/val/n04483307/ILSVRC2012_val_00035056.JPEG ===
2025-09-22 14:35:09,532 - INFO - Example /home/projects/bagon/shared/imagenet512/val/n04483307/ILSVRC2012_val_00035056.JPEG reached epsilon at step 2583, loss sum: 111.1735, final loss: 0.00099945, weight distance: 0.1039
2025-09-22 14:35:10,142 - INFO - Example 2 completed: 2583 steps, loss sum: 111.1735, final loss: 0.00099945, weight distance: 0.1039 (universal rank: 34141)
2025-09-22 14:35:10,142 - INFO - 
=== Worker 2 Training Example 3/1867 (global idx 3736): /home/projects/bagon/shared/imagenet512/val/n04371774/ILSVRC2012_val_00015418.JPEG ===
2025-09-22 14:35:22,814 - INFO - Example /home/projects/bagon/shared/imagenet512/val/n04371774/ILSVRC2012_val_00015418.JPEG reached epsilon at step 1120, loss sum: 801.1681, final loss: 0.00092316, weight distance: 0.0783
2025-09-22 14:35:23,427 - INFO - Example 3 completed: 1120 steps, loss sum: 801.1681, final loss: 0.00092316, weight distance: 0.0783 (universal rank: 34143)
2025-09-22 14:35:23,427 - INFO - 
=== Worker 2 Training Example 4/1867 (global idx 3737): /home/projects/bagon/shared/imagenet512/val/n03720891/ILSVRC2012_val_00011961.JPEG ===
2025-09-22 14:35:40,583 - INFO - Example /home/projects/bagon/shared/imagenet512/val/n03720891/ILSVRC2012_val_00011961.JPEG reached epsilon at step 1481, loss sum: 146.1785, final loss: 0.00093842, weight distance: 0.0760
2025-09-22 14:35:41,105 - INFO - Example 4 completed: 1481 steps, loss sum: 146.1785, final loss: 0.00093842, weight distance: 0.0760 (universal rank: 34144)
2025-09-22 14:35:41,105 - INFO - 
=== Worker 2 Training Example 5/1867 (global idx 3738): /home/projects/bagon/shared/imagenet512/val/n04266014/ILSVRC2012_val_00034335.JPEG ===
2025-09-22 14:36:01,893 - INFO - Example /home/projects/bagon/shared/imagenet512/val/n04266014/ILSVRC2012_val_00034335.JPEG reached epsilon at step 1815, loss sum: 498.8415, final loss: 0.00097656, weight distance: 0.0978
2025-09-22 14:36:02,418 - INFO - Example 5 completed: 1815 steps, loss sum: 498.8415, final loss: 0.00097656, weight distance: 0.0978 (universal rank: 34145)
2025-09-22 14:36:02,418 - INFO - 
=== Worker 2 Training Example 6/1867 (global idx 3739): /home/projects/bagon/shared/imagenet512/val/n02108422/ILSVRC2012_val_00040189.JPEG ===
2025-09-22 14:36:22,465 - INFO - Example /home/projects/bagon/shared/imagenet512/val/n02108422/ILSVRC2012_val_00040189.JPEG reached epsilon at step 1755, loss sum: 477.6210, final loss: 0.00096893, weight distance: 0.0971
2025-09-22 14:36:23,022 - INFO - Example 6 completed: 1755 steps, loss sum: 477.6210, final loss: 0.00096893, weight distance: 0.0971 (universal rank: 34151)
2025-09-22 14:36:23,022 - INFO - 
=== Worker 2 Training Example 7/1867 (global idx 3740): /home/projects/bagon/shared/imagenet512/val/n01806143/ILSVRC2012_val_00040811.JPEG ===
2025-09-22 14:36:46,491 - INFO - Example /home/projects/bagon/shared/imagenet512/val/n01806143/ILSVRC2012_val_00040811.JPEG reached epsilon at step 2040, loss sum: 3742.9993, final loss: 0.00090790, weight distance: 0.1439
2025-09-22 14:36:47,209 - INFO - Example 7 completed: 2040 steps, loss sum: 3742.9993, final loss: 0.00090790, weight distance: 0.1439 (universal rank: 34156)
2025-09-22 14:36:47,209 - INFO - 
=== Worker 2 Training Example 8/1867 (global idx 3741): /home/projects/bagon/shared/imagenet512/val/n04591157/ILSVRC2012_val_00012084.JPEG ===
2025-09-22 14:37:16,713 - INFO - Example /home/projects/bagon/shared/imagenet512/val/n04591157/ILSVRC2012_val_00012084.JPEG reached epsilon at step 2575, loss sum: 1504.5475, final loss: 0.00093079, weight distance: 0.1369
2025-09-22 14:37:17,475 - INFO - Example 8 completed: 2575 steps, loss sum: 1504.5475, final loss: 0.00093079, weight distance: 0.1369 (universal rank: 34157)
2025-09-22 14:37:17,475 - INFO - 
=== Worker 2 Training Example 9/1867 (global idx 3742): /home/projects/bagon/shared/imagenet512/val/n04606251/ILSVRC2012_val_00029937.JPEG ===
2025-09-22 14:37:33,577 - INFO - Example /home/projects/bagon/shared/imagenet512/val/n04606251/ILSVRC2012_val_00029937.JPEG reached epsilon at step 1419, loss sum: 730.5787, final loss: 0.00099945, weight distance: 0.0888
2025-09-22 14:37:34,202 - INFO - Example 9 completed: 1419 steps, loss sum: 730.5787, final loss: 0.00099945, weight distance: 0.0888 (universal rank: 34158)
2025-09-22 14:37:34,202 - INFO - 
=== Worker 2 Training Example 10/1867 (global idx 3743): /home/projects/bagon/shared/imagenet512/val/n03344393/ILSVRC2012_val_00046357.JPEG ===
2025-09-22 14:37:46,116 - INFO - Example /home/projects/bagon/shared/imagenet512/val/n03344393/ILSVRC2012_val_00046357.JPEG reached epsilon at step 1026, loss sum: 789.6651, final loss: 0.00097656, weight distance: 0.0755
2025-09-22 14:37:46,740 - INFO - Example 10 completed: 1026 steps, loss sum: 789.6651, final loss: 0.00097656, weight distance: 0.0755 (universal rank: 34159)
2025-09-22 14:37:46,740 - INFO - 
=== Worker 2 Training Example 11/1867 (global idx 3744): /home/projects/bagon/shared/imagenet512/val/n02823428/ILSVRC2012_val_00032921.JPEG ===
2025-09-22 14:38:23,337 - INFO - Example /home/projects/bagon/shared/imagenet512/val/n02823428/ILSVRC2012_val_00032921.JPEG reached epsilon at step 3213, loss sum: 728.2811, final loss: 0.00099945, weight distance: 0.1425
2025-09-22 14:38:23,887 - INFO - Example 11 completed: 3213 steps, loss sum: 728.2811, final loss: 0.00099945, weight distance: 0.1425 (universal rank: 34160)
2025-09-22 14:38:23,887 - INFO - 
=== Worker 2 Training Example 12/1867 (global idx 3745): /home/projects/bagon/shared/imagenet512/val/n04597913/ILSVRC2012_val_00032311.JPEG ===
2025-09-22 14:38:40,820 - INFO - Example /home/projects/bagon/shared/imagenet512/val/n04597913/ILSVRC2012_val_00032311.JPEG reached epsilon at step 1476, loss sum: 1135.6675, final loss: 0.00094604, weight distance: 0.0932
2025-09-22 14:38:41,700 - INFO - Example 12 completed: 1476 steps, loss sum: 1135.6675, final loss: 0.00094604, weight distance: 0.0932 (universal rank: 34161)
2025-09-22 14:38:41,701 - INFO - 
=== Worker 2 Training Example 13/1867 (global idx 3746): /home/projects/bagon/shared/imagenet512/val/n02927161/ILSVRC2012_val_00001821.JPEG ===
2025-09-22 14:38:51,092 - INFO - Example /home/projects/bagon/shared/imagenet512/val/n02927161/ILSVRC2012_val_00001821.JPEG reached epsilon at step 820, loss sum: 47.0181, final loss: 0.00097656, weight distance: 0.0504
2025-09-22 14:38:51,605 - INFO - Example 13 completed: 820 steps, loss sum: 47.0181, final loss: 0.00097656, weight distance: 0.0504 (universal rank: 34162)
2025-09-22 14:38:51,605 - INFO - 
=== Worker 2 Training Example 14/1867 (global idx 3747): /home/projects/bagon/shared/imagenet512/val/n02113799/ILSVRC2012_val_00045485.JPEG ===
2025-09-22 14:39:22,811 - INFO - Example /home/projects/bagon/shared/imagenet512/val/n02113799/ILSVRC2012_val_00045485.JPEG reached epsilon at step 2761, loss sum: 949.8156, final loss: 0.00095367, weight distance: 0.1170
2025-09-22 14:39:23,527 - INFO - Example 14 completed: 2761 steps, loss sum: 949.8156, final loss: 0.00095367, weight distance: 0.1170 (universal rank: 34163)
2025-09-22 14:39:23,527 - INFO - 
=== Worker 2 Training Example 15/1867 (global idx 3748): /home/projects/bagon/shared/imagenet512/val/n04067472/ILSVRC2012_val_00044263.JPEG ===
2025-09-22 14:39:42,008 - INFO - Example /home/projects/bagon/shared/imagenet512/val/n04067472/ILSVRC2012_val_00044263.JPEG reached epsilon at step 1613, loss sum: 859.7333, final loss: 0.00096893, weight distance: 0.1027
2025-09-22 14:39:42,518 - INFO - Example 15 completed: 1613 steps, loss sum: 859.7333, final loss: 0.00096893, weight distance: 0.1027 (universal rank: 34164)
2025-09-22 14:39:42,518 - INFO - 
=== Worker 2 Training Example 16/1867 (global idx 3749): /home/projects/bagon/shared/imagenet512/val/n03584254/ILSVRC2012_val_00017141.JPEG ===
2025-09-22 14:40:04,929 - INFO - Example /home/projects/bagon/shared/imagenet512/val/n03584254/ILSVRC2012_val_00017141.JPEG reached epsilon at step 1906, loss sum: 240.0566, final loss: 0.00097275, weight distance: 0.0964
2025-09-22 14:40:05,609 - INFO - Example 16 completed: 1906 steps, loss sum: 240.0566, final loss: 0.00097275, weight distance: 0.0964 (universal rank: 34165)
2025-09-22 14:40:05,609 - INFO - 
=== Worker 2 Training Example 17/1867 (global idx 3750): /home/projects/bagon/shared/imagenet512/val/n02114367/ILSVRC2012_val_00027951.JPEG ===
2025-09-22 14:40:34,394 - INFO - Example /home/projects/bagon/shared/imagenet512/val/n02114367/ILSVRC2012_val_00027951.JPEG reached epsilon at step 2412, loss sum: 377.7952, final loss: 0.00093460, weight distance: 0.1112
2025-09-22 14:40:34,914 - INFO - Example 17 completed: 2412 steps, loss sum: 377.7952, final loss: 0.00093460, weight distance: 0.1112 (universal rank: 34166)
2025-09-22 14:40:34,915 - INFO - 
=== Worker 2 Training Example 18/1867 (global idx 3751): /home/projects/bagon/shared/imagenet512/val/n04404412/ILSVRC2012_val_00003921.JPEG ===
2025-09-22 14:41:16,783 - INFO - Example /home/projects/bagon/shared/imagenet512/val/n04404412/ILSVRC2012_val_00003921.JPEG reached epsilon at step 3531, loss sum: 1013.7174, final loss: 0.00099945, weight distance: 0.1512
2025-09-22 14:41:17,503 - INFO - Example 18 completed: 3531 steps, loss sum: 1013.7174, final loss: 0.00099945, weight distance: 0.1512 (universal rank: 34167)
2025-09-22 14:41:17,503 - INFO - 
=== Worker 2 Training Example 19/1867 (global idx 3752): /home/projects/bagon/shared/imagenet512/val/n03895866/ILSVRC2012_val_00044547.JPEG ===
2025-09-22 14:41:38,519 - INFO - Example /home/projects/bagon/shared/imagenet512/val/n03895866/ILSVRC2012_val_00044547.JPEG reached epsilon at step 1858, loss sum: 222.0904, final loss: 0.00097656, weight distance: 0.0920
2025-09-22 14:41:39,036 - INFO - Example 19 completed: 1858 steps, loss sum: 222.0904, final loss: 0.00097656, weight distance: 0.0920 (universal rank: 34169)
2025-09-22 14:41:39,036 - INFO - 
=== Worker 2 Training Example 20/1867 (global idx 3753): /home/projects/bagon/shared/imagenet512/val/n02097658/ILSVRC2012_val_00017515.JPEG ===
2025-09-22 14:42:04,281 - INFO - Example /home/projects/bagon/shared/imagenet512/val/n02097658/ILSVRC2012_val_00017515.JPEG reached epsilon at step 2247, loss sum: 562.5846, final loss: 0.00099945, weight distance: 0.1067
2025-09-22 14:42:04,801 - INFO - Example 20 completed: 2247 steps, loss sum: 562.5846, final loss: 0.00099945, weight distance: 0.1067 (universal rank: 34170)
2025-09-22 14:42:04,801 - INFO - 
=== Worker 2 Training Example 21/1867 (global idx 3754): /home/projects/bagon/shared/imagenet512/val/n03483316/ILSVRC2012_val_00021449.JPEG ===
2025-09-22 14:42:28,833 - INFO - Example /home/projects/bagon/shared/imagenet512/val/n03483316/ILSVRC2012_val_00021449.JPEG reached epsilon at step 2125, loss sum: 1324.7138, final loss: 0.00096130, weight distance: 0.1229
2025-09-22 14:42:29,420 - INFO - Example 21 completed: 2125 steps, loss sum: 1324.7138, final loss: 0.00096130, weight distance: 0.1229 (universal rank: 34173)
2025-09-22 14:42:29,420 - INFO - 
=== Worker 2 Training Example 22/1867 (global idx 3755): /home/projects/bagon/shared/imagenet512/val/n01685808/ILSVRC2012_val_00021605.JPEG ===
2025-09-22 14:42:58,180 - INFO - Example /home/projects/bagon/shared/imagenet512/val/n01685808/ILSVRC2012_val_00021605.JPEG reached epsilon at step 2537, loss sum: 873.5449, final loss: 0.00099182, weight distance: 0.1267
2025-09-22 14:42:58,697 - INFO - Example 22 completed: 2537 steps, loss sum: 873.5449, final loss: 0.00099182, weight distance: 0.1267 (universal rank: 34174)
2025-09-22 14:42:58,697 - INFO - 
=== Worker 2 Training Example 23/1867 (global idx 3756): /home/projects/bagon/shared/imagenet512/val/n02093859/ILSVRC2012_val_00039960.JPEG ===
2025-09-22 14:43:27,563 - INFO - Example /home/projects/bagon/shared/imagenet512/val/n02093859/ILSVRC2012_val_00039960.JPEG reached epsilon at step 2552, loss sum: 475.6051, final loss: 0.00096512, weight distance: 0.1202
2025-09-22 14:43:28,102 - INFO - Example 23 completed: 2552 steps, loss sum: 475.6051, final loss: 0.00096512, weight distance: 0.1202 (universal rank: 34175)
2025-09-22 14:43:28,102 - INFO - 
=== Worker 2 Training Example 24/1867 (global idx 3757): /home/projects/bagon/shared/imagenet512/val/n01944390/ILSVRC2012_val_00007377.JPEG ===
2025-09-22 14:43:53,111 - INFO - Example /home/projects/bagon/shared/imagenet512/val/n01944390/ILSVRC2012_val_00007377.JPEG reached epsilon at step 2222, loss sum: 470.7033, final loss: 0.00098419, weight distance: 0.1093
2025-09-22 14:43:53,666 - INFO - Example 24 completed: 2222 steps, loss sum: 470.7033, final loss: 0.00098419, weight distance: 0.1093 (universal rank: 34182)
2025-09-22 14:43:53,666 - INFO - 
=== Worker 2 Training Example 25/1867 (global idx 3758): /home/projects/bagon/shared/imagenet512/val/n04579432/ILSVRC2012_val_00020952.JPEG ===
2025-09-22 14:44:15,931 - INFO - Example /home/projects/bagon/shared/imagenet512/val/n04579432/ILSVRC2012_val_00020952.JPEG reached epsilon at step 1967, loss sum: 300.3447, final loss: 0.00099945, weight distance: 0.1004
2025-09-22 14:44:16,454 - INFO - Example 25 completed: 1967 steps, loss sum: 300.3447, final loss: 0.00099945, weight distance: 0.1004 (universal rank: 34193)
2025-09-22 14:44:16,454 - INFO - 
=== Worker 2 Training Example 26/1867 (global idx 3759): /home/projects/bagon/shared/imagenet512/val/n02892767/ILSVRC2012_val_00038289.JPEG ===
2025-09-22 14:44:54,497 - INFO - Example /home/projects/bagon/shared/imagenet512/val/n02892767/ILSVRC2012_val_00038289.JPEG reached epsilon at step 3343, loss sum: 1427.7894, final loss: 0.00097656, weight distance: 0.1626
2025-09-22 14:44:55,016 - INFO - Example 26 completed: 3343 steps, loss sum: 1427.7894, final loss: 0.00097656, weight distance: 0.1626 (universal rank: 34194)
2025-09-22 14:44:55,016 - INFO - 
=== Worker 2 Training Example 27/1867 (global idx 3760): /home/projects/bagon/shared/imagenet512/val/n01440764/ILSVRC2012_val_00031094.JPEG ===
2025-09-22 14:45:18,829 - INFO - Example /home/projects/bagon/shared/imagenet512/val/n01440764/ILSVRC2012_val_00031094.JPEG reached epsilon at step 2100, loss sum: 1027.3529, final loss: 0.00098419, weight distance: 0.1112
2025-09-22 14:45:19,417 - INFO - Example 27 completed: 2100 steps, loss sum: 1027.3529, final loss: 0.00098419, weight distance: 0.1112 (universal rank: 34195)
2025-09-22 14:45:19,417 - INFO - 
=== Worker 2 Training Example 28/1867 (global idx 3761): /home/projects/bagon/shared/imagenet512/val/n02514041/ILSVRC2012_val_00012177.JPEG ===
2025-09-22 14:45:46,284 - INFO - Example /home/projects/bagon/shared/imagenet512/val/n02514041/ILSVRC2012_val_00012177.JPEG reached epsilon at step 2362, loss sum: 1212.6532, final loss: 0.00098419, weight distance: 0.1186
2025-09-22 14:45:46,800 - INFO - Example 28 completed: 2362 steps, loss sum: 1212.6532, final loss: 0.00098419, weight distance: 0.1186 (universal rank: 34196)
2025-09-22 14:45:46,800 - INFO - 
=== Worker 2 Training Example 29/1867 (global idx 3762): /home/projects/bagon/shared/imagenet512/val/n04330267/ILSVRC2012_val_00045078.JPEG ===
2025-09-22 14:46:11,923 - INFO - Example /home/projects/bagon/shared/imagenet512/val/n04330267/ILSVRC2012_val_00045078.JPEG reached epsilon at step 2220, loss sum: 1519.4992, final loss: 0.00096130, weight distance: 0.1241
2025-09-22 14:46:12,445 - INFO - Example 29 completed: 2220 steps, loss sum: 1519.4992, final loss: 0.00096130, weight distance: 0.1241 (universal rank: 34197)
2025-09-22 14:46:12,445 - INFO - 
=== Worker 2 Training Example 30/1867 (global idx 3763): /home/projects/bagon/shared/imagenet512/val/n02093991/ILSVRC2012_val_00034617.JPEG ===
2025-09-22 14:46:39,200 - INFO - Example /home/projects/bagon/shared/imagenet512/val/n02093991/ILSVRC2012_val_00034617.JPEG reached epsilon at step 2323, loss sum: 700.1860, final loss: 0.00099945, weight distance: 0.1152
2025-09-22 14:46:39,799 - INFO - Example 30 completed: 2323 steps, loss sum: 700.1860, final loss: 0.00099945, weight distance: 0.1152 (universal rank: 34199)
2025-09-22 14:46:39,799 - INFO - 
=== Worker 2 Training Example 31/1867 (global idx 3764): /home/projects/bagon/shared/imagenet512/val/n03970156/ILSVRC2012_val_00046038.JPEG ===
2025-09-22 14:46:58,908 - INFO - Example /home/projects/bagon/shared/imagenet512/val/n03970156/ILSVRC2012_val_00046038.JPEG reached epsilon at step 1676, loss sum: 718.2559, final loss: 0.00099945, weight distance: 0.1027
2025-09-22 14:46:59,515 - INFO - Example 31 completed: 1676 steps, loss sum: 718.2559, final loss: 0.00099945, weight distance: 0.1027 (universal rank: 34201)
2025-09-22 14:46:59,515 - INFO - 
=== Worker 2 Training Example 32/1867 (global idx 3765): /home/projects/bagon/shared/imagenet512/val/n02190166/ILSVRC2012_val_00011393.JPEG ===
2025-09-22 14:47:11,680 - INFO - Example /home/projects/bagon/shared/imagenet512/val/n02190166/ILSVRC2012_val_00011393.JPEG reached epsilon at step 1073, loss sum: 148.7944, final loss: 0.00093079, weight distance: 0.0637
2025-09-22 14:47:12,183 - INFO - Example 32 completed: 1073 steps, loss sum: 148.7944, final loss: 0.00093079, weight distance: 0.0637 (universal rank: 34202)
2025-09-22 14:47:12,183 - INFO - 
=== Worker 2 Training Example 33/1867 (global idx 3766): /home/projects/bagon/shared/imagenet512/val/n02090721/ILSVRC2012_val_00009772.JPEG ===
2025-09-22 14:47:50,596 - INFO - Example /home/projects/bagon/shared/imagenet512/val/n02090721/ILSVRC2012_val_00009772.JPEG reached epsilon at step 3377, loss sum: 1455.5054, final loss: 0.00098419, weight distance: 0.1466
2025-09-22 14:47:51,112 - INFO - Example 33 completed: 3377 steps, loss sum: 1455.5054, final loss: 0.00098419, weight distance: 0.1466 (universal rank: 34204)
2025-09-22 14:47:51,112 - INFO - 
=== Worker 2 Training Example 34/1867 (global idx 3767): /home/projects/bagon/shared/imagenet512/val/n02966687/ILSVRC2012_val_00019177.JPEG ===
2025-09-22 14:48:11,838 - INFO - Example /home/projects/bagon/shared/imagenet512/val/n02966687/ILSVRC2012_val_00019177.JPEG reached epsilon at step 1834, loss sum: 498.2640, final loss: 0.00094223, weight distance: 0.0887
2025-09-22 14:48:12,347 - INFO - Example 34 completed: 1834 steps, loss sum: 498.2640, final loss: 0.00094223, weight distance: 0.0887 (universal rank: 34205)
2025-09-22 14:48:12,348 - INFO - 
=== Worker 2 Training Example 35/1867 (global idx 3768): /home/projects/bagon/shared/imagenet512/val/n03388549/ILSVRC2012_val_00012333.JPEG ===
2025-09-22 14:48:21,465 - INFO - Example /home/projects/bagon/shared/imagenet512/val/n03388549/ILSVRC2012_val_00012333.JPEG reached epsilon at step 803, loss sum: 2.6191, final loss: 0.00096512, weight distance: 0.0256
2025-09-22 14:48:22,028 - INFO - Example 35 completed: 803 steps, loss sum: 2.6191, final loss: 0.00096512, weight distance: 0.0256 (universal rank: 34206)
2025-09-22 14:48:22,028 - INFO - 
=== Worker 2 Training Example 36/1867 (global idx 3769): /home/projects/bagon/shared/imagenet512/val/n02978881/ILSVRC2012_val_00008994.JPEG ===
2025-09-22 14:48:43,180 - INFO - Example /home/projects/bagon/shared/imagenet512/val/n02978881/ILSVRC2012_val_00008994.JPEG reached epsilon at step 1867, loss sum: 893.5975, final loss: 0.00094604, weight distance: 0.1096
2025-09-22 14:48:43,683 - INFO - Example 36 completed: 1867 steps, loss sum: 893.5975, final loss: 0.00094604, weight distance: 0.1096 (universal rank: 34207)
2025-09-22 14:48:43,683 - INFO - 
=== Worker 2 Training Example 37/1867 (global idx 3770): /home/projects/bagon/shared/imagenet512/val/n03838899/ILSVRC2012_val_00010699.JPEG ===
2025-09-22 14:49:26,493 - INFO - Example /home/projects/bagon/shared/imagenet512/val/n03838899/ILSVRC2012_val_00010699.JPEG reached epsilon at step 3800, loss sum: 562.9473, final loss: 0.00099182, weight distance: 0.1487
2025-09-22 14:49:27,013 - INFO - Example 37 completed: 3800 steps, loss sum: 562.9473, final loss: 0.00099182, weight distance: 0.1487 (universal rank: 34208)
2025-09-22 14:49:27,013 - INFO - 
=== Worker 2 Training Example 38/1867 (global idx 3771): /home/projects/bagon/shared/imagenet512/val/n02012849/ILSVRC2012_val_00042084.JPEG ===
2025-09-22 14:49:56,227 - INFO - Example /home/projects/bagon/shared/imagenet512/val/n02012849/ILSVRC2012_val_00042084.JPEG reached epsilon at step 2582, loss sum: 723.0886, final loss: 0.00096512, weight distance: 0.1102
2025-09-22 14:49:56,727 - INFO - Example 38 completed: 2582 steps, loss sum: 723.0886, final loss: 0.00096512, weight distance: 0.1102 (universal rank: 34210)
2025-09-22 14:49:56,727 - INFO - 
=== Worker 2 Training Example 39/1867 (global idx 3772): /home/projects/bagon/shared/imagenet512/val/n04548362/ILSVRC2012_val_00047367.JPEG ===
2025-09-22 14:50:15,074 - INFO - Example /home/projects/bagon/shared/imagenet512/val/n04548362/ILSVRC2012_val_00047367.JPEG reached epsilon at step 1625, loss sum: 43.3048, final loss: 0.00099945, weight distance: 0.0669
2025-09-22 14:50:15,587 - INFO - Example 39 completed: 1625 steps, loss sum: 43.3048, final loss: 0.00099945, weight distance: 0.0669 (universal rank: 34212)
2025-09-22 14:50:15,588 - INFO - 
=== Worker 2 Training Example 40/1867 (global idx 3773): /home/projects/bagon/shared/imagenet512/val/n02100735/ILSVRC2012_val_00036817.JPEG ===
2025-09-22 14:50:30,773 - INFO - Example /home/projects/bagon/shared/imagenet512/val/n02100735/ILSVRC2012_val_00036817.JPEG reached epsilon at step 1343, loss sum: 59.3751, final loss: 0.00098419, weight distance: 0.0638
2025-09-22 14:50:31,281 - INFO - Example 40 completed: 1343 steps, loss sum: 59.3751, final loss: 0.00098419, weight distance: 0.0638 (universal rank: 34213)
2025-09-22 14:50:31,281 - INFO - 
=== Worker 2 Training Example 41/1867 (global idx 3774): /home/projects/bagon/shared/imagenet512/val/n02788148/ILSVRC2012_val_00005433.JPEG ===
2025-09-22 14:50:53,977 - INFO - Example /home/projects/bagon/shared/imagenet512/val/n02788148/ILSVRC2012_val_00005433.JPEG reached epsilon at step 2013, loss sum: 389.2289, final loss: 0.00092697, weight distance: 0.1017
2025-09-22 14:50:54,499 - INFO - Example 41 completed: 2013 steps, loss sum: 389.2289, final loss: 0.00092697, weight distance: 0.1017 (universal rank: 34215)
2025-09-22 14:50:54,499 - INFO - 
=== Worker 2 Training Example 42/1867 (global idx 3775): /home/projects/bagon/shared/imagenet512/val/n03110669/ILSVRC2012_val_00040493.JPEG ===
2025-09-22 14:51:30,659 - INFO - Example /home/projects/bagon/shared/imagenet512/val/n03110669/ILSVRC2012_val_00040493.JPEG reached epsilon at step 3198, loss sum: 1030.6111, final loss: 0.00093842, weight distance: 0.1401
2025-09-22 14:51:31,169 - INFO - Example 42 completed: 3198 steps, loss sum: 1030.6111, final loss: 0.00093842, weight distance: 0.1401 (universal rank: 34216)
2025-09-22 14:51:31,169 - INFO - 
=== Worker 2 Training Example 43/1867 (global idx 3776): /home/projects/bagon/shared/imagenet512/val/n02437312/ILSVRC2012_val_00024798.JPEG ===
2025-09-22 14:51:45,590 - INFO - Example /home/projects/bagon/shared/imagenet512/val/n02437312/ILSVRC2012_val_00024798.JPEG reached epsilon at step 1282, loss sum: 594.6262, final loss: 0.00090408, weight distance: 0.0795
2025-09-22 14:51:46,096 - INFO - Example 43 completed: 1282 steps, loss sum: 594.6262, final loss: 0.00090408, weight distance: 0.0795 (universal rank: 34217)
2025-09-22 14:51:46,096 - INFO - 
=== Worker 2 Training Example 44/1867 (global idx 3777): /home/projects/bagon/shared/imagenet512/val/n02504458/ILSVRC2012_val_00010619.JPEG ===
2025-09-22 14:52:15,754 - INFO - Example /home/projects/bagon/shared/imagenet512/val/n02504458/ILSVRC2012_val_00010619.JPEG reached epsilon at step 2613, loss sum: 356.0715, final loss: 0.00099945, weight distance: 0.1120
2025-09-22 14:52:16,269 - INFO - Example 44 completed: 2613 steps, loss sum: 356.0715, final loss: 0.00099945, weight distance: 0.1120 (universal rank: 34219)
2025-09-22 14:52:16,269 - INFO - 
=== Worker 2 Training Example 45/1867 (global idx 3778): /home/projects/bagon/shared/imagenet512/val/n04392985/ILSVRC2012_val_00046777.JPEG ===
2025-09-22 14:52:59,589 - INFO - Example /home/projects/bagon/shared/imagenet512/val/n04392985/ILSVRC2012_val_00046777.JPEG reached epsilon at step 3828, loss sum: 1351.9919, final loss: 0.00099945, weight distance: 0.1716
2025-09-22 14:53:00,129 - INFO - Example 45 completed: 3828 steps, loss sum: 1351.9919, final loss: 0.00099945, weight distance: 0.1716 (universal rank: 34220)
2025-09-22 14:53:00,129 - INFO - 
=== Worker 2 Training Example 46/1867 (global idx 3779): /home/projects/bagon/shared/imagenet512/val/n02268443/ILSVRC2012_val_00006760.JPEG ===
2025-09-22 14:53:14,609 - INFO - Example /home/projects/bagon/shared/imagenet512/val/n02268443/ILSVRC2012_val_00006760.JPEG reached epsilon at step 1286, loss sum: 243.0742, final loss: 0.00096512, weight distance: 0.0771
2025-09-22 14:53:15,118 - INFO - Example 46 completed: 1286 steps, loss sum: 243.0742, final loss: 0.00096512, weight distance: 0.0771 (universal rank: 34222)
2025-09-22 14:53:15,118 - INFO - 
=== Worker 2 Training Example 47/1867 (global idx 3780): /home/projects/bagon/shared/imagenet512/val/n04251144/ILSVRC2012_val_00020072.JPEG ===
2025-09-22 14:53:34,873 - INFO - Example /home/projects/bagon/shared/imagenet512/val/n04251144/ILSVRC2012_val_00020072.JPEG reached epsilon at step 1740, loss sum: 862.3890, final loss: 0.00093460, weight distance: 0.1052
2025-09-22 14:53:35,532 - INFO - Example 47 completed: 1740 steps, loss sum: 862.3890, final loss: 0.00093460, weight distance: 0.1052 (universal rank: 34225)
2025-09-22 14:53:35,532 - INFO - 
=== Worker 2 Training Example 48/1867 (global idx 3781): /home/projects/bagon/shared/imagenet512/val/n01496331/ILSVRC2012_val_00041248.JPEG ===
2025-09-22 14:54:02,927 - INFO - Example /home/projects/bagon/shared/imagenet512/val/n01496331/ILSVRC2012_val_00041248.JPEG reached epsilon at step 2413, loss sum: 1131.6919, final loss: 0.00097656, weight distance: 0.1169
2025-09-22 14:54:03,437 - INFO - Example 48 completed: 2413 steps, loss sum: 1131.6919, final loss: 0.00097656, weight distance: 0.1169 (universal rank: 34226)
2025-09-22 14:54:03,437 - INFO - 
=== Worker 2 Training Example 49/1867 (global idx 3782): /home/projects/bagon/shared/imagenet512/val/n04254777/ILSVRC2012_val_00035090.JPEG ===
2025-09-22 14:54:17,247 - INFO - Example /home/projects/bagon/shared/imagenet512/val/n04254777/ILSVRC2012_val_00035090.JPEG reached epsilon at step 1220, loss sum: 382.9667, final loss: 0.00091934, weight distance: 0.0766
2025-09-22 14:54:17,762 - INFO - Example 49 completed: 1220 steps, loss sum: 382.9667, final loss: 0.00091934, weight distance: 0.0766 (universal rank: 34227)
2025-09-22 14:54:17,763 - INFO - 
=== Worker 2 Training Example 50/1867 (global idx 3783): /home/projects/bagon/shared/imagenet512/val/n04336792/ILSVRC2012_val_00008400.JPEG ===
2025-09-22 14:54:30,505 - INFO - Example /home/projects/bagon/shared/imagenet512/val/n04336792/ILSVRC2012_val_00008400.JPEG reached epsilon at step 1127, loss sum: 299.8904, final loss: 0.00093079, weight distance: 0.0705
2025-09-22 14:54:31,020 - INFO - Example 50 completed: 1127 steps, loss sum: 299.8904, final loss: 0.00093079, weight distance: 0.0705 (universal rank: 34229)
2025-09-22 14:54:31,020 - INFO - 
=== Worker 2 Training Example 51/1867 (global idx 3784): /home/projects/bagon/shared/imagenet512/val/n02099601/ILSVRC2012_val_00001191.JPEG ===
2025-09-22 14:54:52,580 - INFO - Example /home/projects/bagon/shared/imagenet512/val/n02099601/ILSVRC2012_val_00001191.JPEG reached epsilon at step 1921, loss sum: 605.8838, final loss: 0.00099945, weight distance: 0.0964
2025-09-22 14:54:53,139 - INFO - Example 51 completed: 1921 steps, loss sum: 605.8838, final loss: 0.00099945, weight distance: 0.0964 (universal rank: 34230)
2025-09-22 14:54:53,139 - INFO - 
=== Worker 2 Training Example 52/1867 (global idx 3785): /home/projects/bagon/shared/imagenet512/val/n03871628/ILSVRC2012_val_00042662.JPEG ===
2025-09-22 14:55:16,516 - INFO - Example /home/projects/bagon/shared/imagenet512/val/n03871628/ILSVRC2012_val_00042662.JPEG reached epsilon at step 2085, loss sum: 171.5577, final loss: 0.00099945, weight distance: 0.0914
2025-09-22 14:55:17,027 - INFO - Example 52 completed: 2085 steps, loss sum: 171.5577, final loss: 0.00099945, weight distance: 0.0914 (universal rank: 34231)
2025-09-22 14:55:17,027 - INFO - 
=== Worker 2 Training Example 53/1867 (global idx 3786): /home/projects/bagon/shared/imagenet512/val/n04008634/ILSVRC2012_val_00009588.JPEG ===
2025-09-22 14:55:59,777 - INFO - Example /home/projects/bagon/shared/imagenet512/val/n04008634/ILSVRC2012_val_00009588.JPEG reached epsilon at step 3817, loss sum: 306.7438, final loss: 0.00099182, weight distance: 0.1499
2025-09-22 14:56:00,287 - INFO - Example 53 completed: 3817 steps, loss sum: 306.7438, final loss: 0.00099182, weight distance: 0.1499 (universal rank: 34236)
2025-09-22 14:56:00,287 - INFO - 
=== Worker 2 Training Example 54/1867 (global idx 3787): /home/projects/bagon/shared/imagenet512/val/n04482393/ILSVRC2012_val_00002897.JPEG ===
2025-09-22 14:56:20,661 - INFO - Example /home/projects/bagon/shared/imagenet512/val/n04482393/ILSVRC2012_val_00002897.JPEG reached epsilon at step 1804, loss sum: 1206.0099, final loss: 0.00093460, weight distance: 0.1090
2025-09-22 14:56:21,188 - INFO - Example 54 completed: 1804 steps, loss sum: 1206.0099, final loss: 0.00093460, weight distance: 0.1090 (universal rank: 34238)
2025-09-22 14:56:21,189 - INFO - 
=== Worker 2 Training Example 55/1867 (global idx 3788): /home/projects/bagon/shared/imagenet512/val/n01689811/ILSVRC2012_val_00047301.JPEG ===
2025-09-22 14:56:37,480 - INFO - Example /home/projects/bagon/shared/imagenet512/val/n01689811/ILSVRC2012_val_00047301.JPEG reached epsilon at step 1448, loss sum: 739.4886, final loss: 0.00099945, weight distance: 0.0944
2025-09-22 14:56:37,982 - INFO - Example 55 completed: 1448 steps, loss sum: 739.4886, final loss: 0.00099945, weight distance: 0.0944 (universal rank: 34239)
2025-09-22 14:56:37,982 - INFO - 
=== Worker 2 Training Example 56/1867 (global idx 3789): /home/projects/bagon/shared/imagenet512/val/n04146614/ILSVRC2012_val_00018568.JPEG ===
2025-09-22 14:56:53,137 - INFO - Example /home/projects/bagon/shared/imagenet512/val/n04146614/ILSVRC2012_val_00018568.JPEG reached epsilon at step 1343, loss sum: 389.0431, final loss: 0.00099945, weight distance: 0.0799
2025-09-22 14:56:53,664 - INFO - Example 56 completed: 1343 steps, loss sum: 389.0431, final loss: 0.00099945, weight distance: 0.0799 (universal rank: 34241)
2025-09-22 14:56:53,664 - INFO - 
=== Worker 2 Training Example 57/1867 (global idx 3790): /home/projects/bagon/shared/imagenet512/val/n02526121/ILSVRC2012_val_00036341.JPEG ===
2025-09-22 14:57:17,361 - INFO - Example /home/projects/bagon/shared/imagenet512/val/n02526121/ILSVRC2012_val_00036341.JPEG reached epsilon at step 2106, loss sum: 1425.6659, final loss: 0.00097275, weight distance: 0.1187
2025-09-22 14:57:17,882 - INFO - Example 57 completed: 2106 steps, loss sum: 1425.6659, final loss: 0.00097275, weight distance: 0.1187 (universal rank: 34244)
2025-09-22 14:57:17,882 - INFO - 
=== Worker 2 Training Example 58/1867 (global idx 3791): /home/projects/bagon/shared/imagenet512/val/n03457902/ILSVRC2012_val_00014593.JPEG ===
2025-09-22 14:57:35,115 - INFO - Example /home/projects/bagon/shared/imagenet512/val/n03457902/ILSVRC2012_val_00014593.JPEG reached epsilon at step 1527, loss sum: 912.2016, final loss: 0.00096130, weight distance: 0.0980
2025-09-22 14:57:35,638 - INFO - Example 58 completed: 1527 steps, loss sum: 912.2016, final loss: 0.00096130, weight distance: 0.0980 (universal rank: 34245)
2025-09-22 14:57:35,638 - INFO - 
=== Worker 2 Training Example 59/1867 (global idx 3792): /home/projects/bagon/shared/imagenet512/val/n04275548/ILSVRC2012_val_00009823.JPEG ===
2025-09-22 14:57:56,913 - INFO - Example /home/projects/bagon/shared/imagenet512/val/n04275548/ILSVRC2012_val_00009823.JPEG reached epsilon at step 1918, loss sum: 1668.0923, final loss: 0.00099182, weight distance: 0.1117
2025-09-22 14:57:57,414 - INFO - Example 59 completed: 1918 steps, loss sum: 1668.0923, final loss: 0.00099182, weight distance: 0.1117 (universal rank: 34247)
2025-09-22 14:57:57,414 - INFO - 
=== Worker 2 Training Example 60/1867 (global idx 3793): /home/projects/bagon/shared/imagenet512/val/n02113023/ILSVRC2012_val_00005886.JPEG ===
2025-09-22 14:58:19,052 - INFO - Example /home/projects/bagon/shared/imagenet512/val/n02113023/ILSVRC2012_val_00005886.JPEG reached epsilon at step 1926, loss sum: 163.0164, final loss: 0.00095367, weight distance: 0.0800
2025-09-22 14:58:19,597 - INFO - Example 60 completed: 1926 steps, loss sum: 163.0164, final loss: 0.00095367, weight distance: 0.0800 (universal rank: 34248)
2025-09-22 14:58:19,597 - INFO - 
=== Worker 2 Training Example 61/1867 (global idx 3794): /home/projects/bagon/shared/imagenet512/val/n03207941/ILSVRC2012_val_00047383.JPEG ===
2025-09-22 14:58:32,879 - INFO - Example /home/projects/bagon/shared/imagenet512/val/n03207941/ILSVRC2012_val_00047383.JPEG reached epsilon at step 1176, loss sum: 915.6239, final loss: 0.00099182, weight distance: 0.0864
2025-09-22 14:58:33,392 - INFO - Example 61 completed: 1176 steps, loss sum: 915.6239, final loss: 0.00099182, weight distance: 0.0864 (universal rank: 34250)
2025-09-22 14:58:33,392 - INFO - 
=== Worker 2 Training Example 62/1867 (global idx 3795): /home/projects/bagon/shared/imagenet512/val/n03991062/ILSVRC2012_val_00046079.JPEG ===
2025-09-22 14:58:43,370 - INFO - Example /home/projects/bagon/shared/imagenet512/val/n03991062/ILSVRC2012_val_00046079.JPEG reached epsilon at step 887, loss sum: 13.8827, final loss: 0.00091553, weight distance: 0.0419
2025-09-22 14:58:43,887 - INFO - Example 62 completed: 887 steps, loss sum: 13.8827, final loss: 0.00091553, weight distance: 0.0419 (universal rank: 34251)
2025-09-22 14:58:43,887 - INFO - 
=== Worker 2 Training Example 63/1867 (global idx 3796): /home/projects/bagon/shared/imagenet512/val/n03196217/ILSVRC2012_val_00026298.JPEG ===
2025-09-22 14:59:02,053 - INFO - Example /home/projects/bagon/shared/imagenet512/val/n03196217/ILSVRC2012_val_00026298.JPEG reached epsilon at step 1615, loss sum: 433.3145, final loss: 0.00097275, weight distance: 0.0829
2025-09-22 14:59:02,553 - INFO - Example 63 completed: 1615 steps, loss sum: 433.3145, final loss: 0.00097275, weight distance: 0.0829 (universal rank: 34252)
2025-09-22 14:59:02,553 - INFO - 
=== Worker 2 Training Example 64/1867 (global idx 3797): /home/projects/bagon/shared/imagenet512/val/n02114367/ILSVRC2012_val_00017809.JPEG ===
2025-09-22 14:59:27,698 - INFO - Example /home/projects/bagon/shared/imagenet512/val/n02114367/ILSVRC2012_val_00017809.JPEG reached epsilon at step 2233, loss sum: 239.4742, final loss: 0.00099182, weight distance: 0.0987
2025-09-22 14:59:28,217 - INFO - Example 64 completed: 2233 steps, loss sum: 239.4742, final loss: 0.00099182, weight distance: 0.0987 (universal rank: 34253)
2025-09-22 14:59:28,217 - INFO - 
=== Worker 2 Training Example 65/1867 (global idx 3798): /home/projects/bagon/shared/imagenet512/val/n03196217/ILSVRC2012_val_00023576.JPEG ===
2025-09-22 14:59:36,384 - INFO - Example /home/projects/bagon/shared/imagenet512/val/n03196217/ILSVRC2012_val_00023576.JPEG reached epsilon at step 724, loss sum: 51.1367, final loss: 0.00097656, weight distance: 0.0436
2025-09-22 14:59:36,894 - INFO - Example 65 completed: 724 steps, loss sum: 51.1367, final loss: 0.00097656, weight distance: 0.0436 (universal rank: 34254)
2025-09-22 14:59:36,894 - INFO - 
=== Worker 2 Training Example 66/1867 (global idx 3799): /home/projects/bagon/shared/imagenet512/val/n02361337/ILSVRC2012_val_00007212.JPEG ===
2025-09-22 14:59:54,578 - INFO - Example /home/projects/bagon/shared/imagenet512/val/n02361337/ILSVRC2012_val_00007212.JPEG reached epsilon at step 1573, loss sum: 145.5712, final loss: 0.00093460, weight distance: 0.0776
2025-09-22 14:59:55,076 - INFO - Example 66 completed: 1573 steps, loss sum: 145.5712, final loss: 0.00093460, weight distance: 0.0776 (universal rank: 34256)
2025-09-22 14:59:55,076 - INFO - 
=== Worker 2 Training Example 67/1867 (global idx 3800): /home/projects/bagon/shared/imagenet512/val/n02097130/ILSVRC2012_val_00043186.JPEG ===
2025-09-22 15:00:31,963 - INFO - Example /home/projects/bagon/shared/imagenet512/val/n02097130/ILSVRC2012_val_00043186.JPEG reached epsilon at step 3267, loss sum: 393.5801, final loss: 0.00097275, weight distance: 0.1244
2025-09-22 15:00:32,491 - INFO - Example 67 completed: 3267 steps, loss sum: 393.5801, final loss: 0.00097275, weight distance: 0.1244 (universal rank: 34258)
2025-09-22 15:00:32,491 - INFO - 
=== Worker 2 Training Example 68/1867 (global idx 3801): /home/projects/bagon/shared/imagenet512/val/n02091032/ILSVRC2012_val_00038438.JPEG ===
2025-09-22 15:00:49,497 - INFO - Example /home/projects/bagon/shared/imagenet512/val/n02091032/ILSVRC2012_val_00038438.JPEG reached epsilon at step 1512, loss sum: 344.9809, final loss: 0.00099945, weight distance: 0.0748
2025-09-22 15:00:50,035 - INFO - Example 68 completed: 1512 steps, loss sum: 344.9809, final loss: 0.00099945, weight distance: 0.0748 (universal rank: 34259)
2025-09-22 15:00:50,035 - INFO - 
=== Worker 2 Training Example 69/1867 (global idx 3802): /home/projects/bagon/shared/imagenet512/val/n02102177/ILSVRC2012_val_00002672.JPEG ===
2025-09-22 15:01:14,628 - INFO - Example /home/projects/bagon/shared/imagenet512/val/n02102177/ILSVRC2012_val_00002672.JPEG reached epsilon at step 2170, loss sum: 264.0095, final loss: 0.00099945, weight distance: 0.0933
2025-09-22 15:01:15,149 - INFO - Example 69 completed: 2170 steps, loss sum: 264.0095, final loss: 0.00099945, weight distance: 0.0933 (universal rank: 34260)
2025-09-22 15:01:15,149 - INFO - 
=== Worker 2 Training Example 70/1867 (global idx 3803): /home/projects/bagon/shared/imagenet512/val/n07695742/ILSVRC2012_val_00019823.JPEG ===
2025-09-22 15:01:24,009 - INFO - Example /home/projects/bagon/shared/imagenet512/val/n07695742/ILSVRC2012_val_00019823.JPEG reached epsilon at step 788, loss sum: 127.4442, final loss: 0.00097656, weight distance: 0.0519
2025-09-22 15:01:24,521 - INFO - Example 70 completed: 788 steps, loss sum: 127.4442, final loss: 0.00097656, weight distance: 0.0519 (universal rank: 34261)
2025-09-22 15:01:24,521 - INFO - 
=== Worker 2 Training Example 71/1867 (global idx 3804): /home/projects/bagon/shared/imagenet512/val/n02091635/ILSVRC2012_val_00010062.JPEG ===
2025-09-22 15:01:50,830 - INFO - Example /home/projects/bagon/shared/imagenet512/val/n02091635/ILSVRC2012_val_00010062.JPEG reached epsilon at step 2333, loss sum: 1489.3746, final loss: 0.00093842, weight distance: 0.1206
2025-09-22 15:01:51,359 - INFO - Example 71 completed: 2333 steps, loss sum: 1489.3746, final loss: 0.00093842, weight distance: 0.1206 (universal rank: 34267)
2025-09-22 15:01:51,359 - INFO - 
=== Worker 2 Training Example 72/1867 (global idx 3805): /home/projects/bagon/shared/imagenet512/val/n02823750/ILSVRC2012_val_00020646.JPEG ===
2025-09-22 15:02:22,243 - INFO - Example /home/projects/bagon/shared/imagenet512/val/n02823750/ILSVRC2012_val_00020646.JPEG reached epsilon at step 2744, loss sum: 2420.3559, final loss: 0.00091934, weight distance: 0.1464
2025-09-22 15:02:22,755 - INFO - Example 72 completed: 2744 steps, loss sum: 2420.3559, final loss: 0.00091934, weight distance: 0.1464 (universal rank: 34268)
2025-09-22 15:02:22,755 - INFO - 
=== Worker 2 Training Example 73/1867 (global idx 3806): /home/projects/bagon/shared/imagenet512/val/n02091635/ILSVRC2012_val_00032793.JPEG ===
2025-09-22 15:02:44,395 - INFO - Example /home/projects/bagon/shared/imagenet512/val/n02091635/ILSVRC2012_val_00032793.JPEG reached epsilon at step 1932, loss sum: 814.2423, final loss: 0.00096512, weight distance: 0.1057
2025-09-22 15:02:44,924 - INFO - Example 73 completed: 1932 steps, loss sum: 814.2423, final loss: 0.00096512, weight distance: 0.1057 (universal rank: 34269)
2025-09-22 15:02:44,925 - INFO - 
=== Worker 2 Training Example 74/1867 (global idx 3807): /home/projects/bagon/shared/imagenet512/val/n02948072/ILSVRC2012_val_00014435.JPEG ===
2025-09-22 15:03:08,072 - INFO - Example /home/projects/bagon/shared/imagenet512/val/n02948072/ILSVRC2012_val_00014435.JPEG reached epsilon at step 2074, loss sum: 1663.4912, final loss: 0.00097275, weight distance: 0.1277
2025-09-22 15:03:08,576 - INFO - Example 74 completed: 2074 steps, loss sum: 1663.4912, final loss: 0.00097275, weight distance: 0.1277 (universal rank: 34271)
2025-09-22 15:03:08,576 - INFO - 
=== Worker 2 Training Example 75/1867 (global idx 3808): /home/projects/bagon/shared/imagenet512/val/n03743016/ILSVRC2012_val_00040173.JPEG ===
2025-09-22 15:03:18,774 - INFO - Example /home/projects/bagon/shared/imagenet512/val/n03743016/ILSVRC2012_val_00040173.JPEG reached epsilon at step 908, loss sum: 23.8505, final loss: 0.00098419, weight distance: 0.0459
2025-09-22 15:03:19,277 - INFO - Example 75 completed: 908 steps, loss sum: 23.8505, final loss: 0.00098419, weight distance: 0.0459 (universal rank: 34272)
2025-09-22 15:03:19,277 - INFO - 
=== Worker 2 Training Example 76/1867 (global idx 3809): /home/projects/bagon/shared/imagenet512/val/n04557648/ILSVRC2012_val_00027424.JPEG ===
2025-09-22 15:03:49,180 - INFO - Example /home/projects/bagon/shared/imagenet512/val/n04557648/ILSVRC2012_val_00027424.JPEG reached epsilon at step 2632, loss sum: 1291.9544, final loss: 0.00094604, weight distance: 0.1310
2025-09-22 15:03:49,686 - INFO - Example 76 completed: 2632 steps, loss sum: 1291.9544, final loss: 0.00094604, weight distance: 0.1310 (universal rank: 34273)
2025-09-22 15:03:49,687 - INFO - 
=== Worker 2 Training Example 77/1867 (global idx 3810): /home/projects/bagon/shared/imagenet512/val/n03063599/ILSVRC2012_val_00021374.JPEG ===
2025-09-22 15:04:18,459 - INFO - Example /home/projects/bagon/shared/imagenet512/val/n03063599/ILSVRC2012_val_00021374.JPEG reached epsilon at step 2546, loss sum: 237.5893, final loss: 0.00096512, weight distance: 0.0996
2025-09-22 15:04:18,988 - INFO - Example 77 completed: 2546 steps, loss sum: 237.5893, final loss: 0.00096512, weight distance: 0.0996 (universal rank: 34274)
2025-09-22 15:04:18,988 - INFO - 
=== Worker 2 Training Example 78/1867 (global idx 3811): /home/projects/bagon/shared/imagenet512/val/n01882714/ILSVRC2012_val_00020599.JPEG ===
2025-09-22 15:04:27,426 - INFO - Example /home/projects/bagon/shared/imagenet512/val/n01882714/ILSVRC2012_val_00020599.JPEG reached epsilon at step 746, loss sum: 112.6543, final loss: 0.00094223, weight distance: 0.0488
2025-09-22 15:04:27,941 - INFO - Example 78 completed: 746 steps, loss sum: 112.6543, final loss: 0.00094223, weight distance: 0.0488 (universal rank: 34275)
2025-09-22 15:04:27,941 - INFO - 
=== Worker 2 Training Example 79/1867 (global idx 3812): /home/projects/bagon/shared/imagenet512/val/n02981792/ILSVRC2012_val_00032462.JPEG ===
2025-09-22 15:04:59,946 - INFO - Example /home/projects/bagon/shared/imagenet512/val/n02981792/ILSVRC2012_val_00032462.JPEG reached epsilon at step 2819, loss sum: 281.6965, final loss: 0.00097656, weight distance: 0.1207
2025-09-22 15:05:00,636 - INFO - Example 79 completed: 2819 steps, loss sum: 281.6965, final loss: 0.00097656, weight distance: 0.1207 (universal rank: 34276)
2025-09-22 15:05:00,636 - INFO - 
=== Worker 2 Training Example 80/1867 (global idx 3813): /home/projects/bagon/shared/imagenet512/val/n09256479/ILSVRC2012_val_00014834.JPEG ===
2025-09-22 15:05:24,901 - INFO - Example /home/projects/bagon/shared/imagenet512/val/n09256479/ILSVRC2012_val_00014834.JPEG reached epsilon at step 2153, loss sum: 250.5328, final loss: 0.00099945, weight distance: 0.0890
2025-09-22 15:05:25,403 - INFO - Example 80 completed: 2153 steps, loss sum: 250.5328, final loss: 0.00099945, weight distance: 0.0890 (universal rank: 34277)
2025-09-22 15:05:25,404 - INFO - 
=== Worker 2 Training Example 81/1867 (global idx 3814): /home/projects/bagon/shared/imagenet512/val/n03598930/ILSVRC2012_val_00030243.JPEG ===
2025-09-22 15:05:38,847 - INFO - Example /home/projects/bagon/shared/imagenet512/val/n03598930/ILSVRC2012_val_00030243.JPEG reached epsilon at step 1186, loss sum: 204.4398, final loss: 0.00094223, weight distance: 0.0701
2025-09-22 15:05:39,353 - INFO - Example 81 completed: 1186 steps, loss sum: 204.4398, final loss: 0.00094223, weight distance: 0.0701 (universal rank: 34278)
2025-09-22 15:05:39,353 - INFO - 
=== Worker 2 Training Example 82/1867 (global idx 3815): /home/projects/bagon/shared/imagenet512/val/n03384352/ILSVRC2012_val_00006365.JPEG ===
2025-09-22 15:05:52,429 - INFO - Example /home/projects/bagon/shared/imagenet512/val/n03384352/ILSVRC2012_val_00006365.JPEG reached epsilon at step 1152, loss sum: 83.5391, final loss: 0.00099945, weight distance: 0.0634
2025-09-22 15:05:52,941 - INFO - Example 82 completed: 1152 steps, loss sum: 83.5391, final loss: 0.00099945, weight distance: 0.0634 (universal rank: 34279)
2025-09-22 15:05:52,941 - INFO - 
=== Worker 2 Training Example 83/1867 (global idx 3816): /home/projects/bagon/shared/imagenet512/val/n01682714/ILSVRC2012_val_00045669.JPEG ===
2025-09-22 15:06:24,147 - INFO - Example /home/projects/bagon/shared/imagenet512/val/n01682714/ILSVRC2012_val_00045669.JPEG reached epsilon at step 2752, loss sum: 256.1272, final loss: 0.00094986, weight distance: 0.1163
2025-09-22 15:06:24,677 - INFO - Example 83 completed: 2752 steps, loss sum: 256.1272, final loss: 0.00094986, weight distance: 0.1163 (universal rank: 34281)
2025-09-22 15:06:24,677 - INFO - 
=== Worker 2 Training Example 84/1867 (global idx 3817): /home/projects/bagon/shared/imagenet512/val/n02840245/ILSVRC2012_val_00021609.JPEG ===
2025-09-22 15:06:45,586 - INFO - Example /home/projects/bagon/shared/imagenet512/val/n02840245/ILSVRC2012_val_00021609.JPEG reached epsilon at step 1841, loss sum: 255.9116, final loss: 0.00093079, weight distance: 0.0947
2025-09-22 15:06:46,106 - INFO - Example 84 completed: 1841 steps, loss sum: 255.9116, final loss: 0.00093079, weight distance: 0.0947 (universal rank: 34282)
2025-09-22 15:06:46,106 - INFO - 
=== Worker 2 Training Example 85/1867 (global idx 3818): /home/projects/bagon/shared/imagenet512/val/n02113186/ILSVRC2012_val_00022712.JPEG ===
2025-09-22 15:07:08,261 - INFO - Example /home/projects/bagon/shared/imagenet512/val/n02113186/ILSVRC2012_val_00022712.JPEG reached epsilon at step 1957, loss sum: 174.6161, final loss: 0.00096130, weight distance: 0.0897
2025-09-22 15:07:08,778 - INFO - Example 85 completed: 1957 steps, loss sum: 174.6161, final loss: 0.00096130, weight distance: 0.0897 (universal rank: 34283)
2025-09-22 15:07:08,778 - INFO - 
=== Worker 2 Training Example 86/1867 (global idx 3819): /home/projects/bagon/shared/imagenet512/val/n02088238/ILSVRC2012_val_00033003.JPEG ===
2025-09-22 15:07:28,100 - INFO - Example /home/projects/bagon/shared/imagenet512/val/n02088238/ILSVRC2012_val_00033003.JPEG reached epsilon at step 1709, loss sum: 81.2463, final loss: 0.00099182, weight distance: 0.0742
2025-09-22 15:07:28,627 - INFO - Example 86 completed: 1709 steps, loss sum: 81.2463, final loss: 0.00099182, weight distance: 0.0742 (universal rank: 34286)
2025-09-22 15:07:28,627 - INFO - 
=== Worker 2 Training Example 87/1867 (global idx 3820): /home/projects/bagon/shared/imagenet512/val/n07684084/ILSVRC2012_val_00038341.JPEG ===
2025-09-22 15:07:42,176 - INFO - Example /home/projects/bagon/shared/imagenet512/val/n07684084/ILSVRC2012_val_00038341.JPEG reached epsilon at step 1198, loss sum: 118.3261, final loss: 0.00095367, weight distance: 0.0644
2025-09-22 15:07:42,684 - INFO - Example 87 completed: 1198 steps, loss sum: 118.3261, final loss: 0.00095367, weight distance: 0.0644 (universal rank: 34287)
2025-09-22 15:07:42,685 - INFO - 
=== Worker 2 Training Example 88/1867 (global idx 3821): /home/projects/bagon/shared/imagenet512/val/n01558993/ILSVRC2012_val_00045294.JPEG ===
2025-09-22 15:08:03,049 - INFO - Example /home/projects/bagon/shared/imagenet512/val/n01558993/ILSVRC2012_val_00045294.JPEG reached epsilon at step 1802, loss sum: 359.9497, final loss: 0.00090790, weight distance: 0.0919
2025-09-22 15:08:03,564 - INFO - Example 88 completed: 1802 steps, loss sum: 359.9497, final loss: 0.00090790, weight distance: 0.0919 (universal rank: 34288)
2025-09-22 15:08:03,564 - INFO - 
=== Worker 2 Training Example 89/1867 (global idx 3822): /home/projects/bagon/shared/imagenet512/val/n02090622/ILSVRC2012_val_00036266.JPEG ===
2025-09-22 15:08:23,503 - INFO - Example /home/projects/bagon/shared/imagenet512/val/n02090622/ILSVRC2012_val_00036266.JPEG reached epsilon at step 1787, loss sum: 525.1093, final loss: 0.00097275, weight distance: 0.0993
2025-09-22 15:08:24,018 - INFO - Example 89 completed: 1787 steps, loss sum: 525.1093, final loss: 0.00097275, weight distance: 0.0993 (universal rank: 34289)
2025-09-22 15:08:24,018 - INFO - 
=== Worker 2 Training Example 90/1867 (global idx 3823): /home/projects/bagon/shared/imagenet512/val/n04523525/ILSVRC2012_val_00049447.JPEG ===
2025-09-22 15:08:49,518 - INFO - Example /home/projects/bagon/shared/imagenet512/val/n04523525/ILSVRC2012_val_00049447.JPEG reached epsilon at step 2283, loss sum: 468.4170, final loss: 0.00094223, weight distance: 0.1088
2025-09-22 15:08:50,063 - INFO - Example 90 completed: 2283 steps, loss sum: 468.4170, final loss: 0.00094223, weight distance: 0.1088 (universal rank: 34295)
2025-09-22 15:08:50,063 - INFO - 
=== Worker 2 Training Example 91/1867 (global idx 3824): /home/projects/bagon/shared/imagenet512/val/n02906734/ILSVRC2012_val_00033688.JPEG ===
2025-09-22 15:09:18,590 - INFO - Example /home/projects/bagon/shared/imagenet512/val/n02906734/ILSVRC2012_val_00033688.JPEG reached epsilon at step 2559, loss sum: 2540.2772, final loss: 0.00097275, weight distance: 0.1488
2025-09-22 15:09:19,099 - INFO - Example 91 completed: 2559 steps, loss sum: 2540.2772, final loss: 0.00097275, weight distance: 0.1488 (universal rank: 34296)
2025-09-22 15:09:19,099 - INFO - 
=== Worker 2 Training Example 92/1867 (global idx 3825): /home/projects/bagon/shared/imagenet512/val/n03838899/ILSVRC2012_val_00001464.JPEG ===
2025-09-22 15:09:48,498 - INFO - Example /home/projects/bagon/shared/imagenet512/val/n03838899/ILSVRC2012_val_00001464.JPEG reached epsilon at step 2636, loss sum: 1177.1309, final loss: 0.00099182, weight distance: 0.1230
2025-09-22 15:09:49,011 - INFO - Example 92 completed: 2636 steps, loss sum: 1177.1309, final loss: 0.00099182, weight distance: 0.1230 (universal rank: 34297)
2025-09-22 15:09:49,011 - INFO - 
=== Worker 2 Training Example 93/1867 (global idx 3826): /home/projects/bagon/shared/imagenet512/val/n03843555/ILSVRC2012_val_00042713.JPEG ===
2025-09-22 15:10:10,229 - INFO - Example /home/projects/bagon/shared/imagenet512/val/n03843555/ILSVRC2012_val_00042713.JPEG reached epsilon at step 1902, loss sum: 844.0093, final loss: 0.00093079, weight distance: 0.1081
2025-09-22 15:10:10,745 - INFO - Example 93 completed: 1902 steps, loss sum: 844.0093, final loss: 0.00093079, weight distance: 0.1081 (universal rank: 34298)
2025-09-22 15:10:10,745 - INFO - 
=== Worker 2 Training Example 94/1867 (global idx 3827): /home/projects/bagon/shared/imagenet512/val/n01484850/ILSVRC2012_val_00023185.JPEG ===
2025-09-22 15:10:33,731 - INFO - Example /home/projects/bagon/shared/imagenet512/val/n01484850/ILSVRC2012_val_00023185.JPEG reached epsilon at step 2059, loss sum: 171.8576, final loss: 0.00091934, weight distance: 0.0925
2025-09-22 15:10:34,243 - INFO - Example 94 completed: 2059 steps, loss sum: 171.8576, final loss: 0.00091934, weight distance: 0.0925 (universal rank: 34299)
2025-09-22 15:10:34,243 - INFO - 
=== Worker 2 Training Example 95/1867 (global idx 3828): /home/projects/bagon/shared/imagenet512/val/n04141975/ILSVRC2012_val_00047207.JPEG ===
2025-09-22 15:10:56,062 - INFO - Example /home/projects/bagon/shared/imagenet512/val/n04141975/ILSVRC2012_val_00047207.JPEG reached epsilon at step 1931, loss sum: 2724.9329, final loss: 0.00099945, weight distance: 0.1293
2025-09-22 15:10:56,566 - INFO - Example 95 completed: 1931 steps, loss sum: 2724.9329, final loss: 0.00099945, weight distance: 0.1293 (universal rank: 34300)
2025-09-22 15:10:56,566 - INFO - 
=== Worker 2 Training Example 96/1867 (global idx 3829): /home/projects/bagon/shared/imagenet512/val/n02951358/ILSVRC2012_val_00008477.JPEG ===
2025-09-22 15:11:23,586 - INFO - Example /home/projects/bagon/shared/imagenet512/val/n02951358/ILSVRC2012_val_00008477.JPEG reached epsilon at step 2404, loss sum: 331.3188, final loss: 0.00099945, weight distance: 0.1143
2025-09-22 15:11:24,095 - INFO - Example 96 completed: 2404 steps, loss sum: 331.3188, final loss: 0.00099945, weight distance: 0.1143 (universal rank: 34302)
2025-09-22 15:11:24,095 - INFO - 
=== Worker 2 Training Example 97/1867 (global idx 3830): /home/projects/bagon/shared/imagenet512/val/n04069434/ILSVRC2012_val_00041089.JPEG ===
2025-09-22 15:11:45,817 - INFO - Example /home/projects/bagon/shared/imagenet512/val/n04069434/ILSVRC2012_val_00041089.JPEG reached epsilon at step 1921, loss sum: 940.9304, final loss: 0.00098419, weight distance: 0.1071
2025-09-22 15:11:46,330 - INFO - Example 97 completed: 1921 steps, loss sum: 940.9304, final loss: 0.00098419, weight distance: 0.1071 (universal rank: 34303)
2025-09-22 15:11:46,330 - INFO - 
=== Worker 2 Training Example 98/1867 (global idx 3831): /home/projects/bagon/shared/imagenet512/val/n01734418/ILSVRC2012_val_00019148.JPEG ===
2025-09-22 15:12:02,781 - INFO - Example /home/projects/bagon/shared/imagenet512/val/n01734418/ILSVRC2012_val_00019148.JPEG reached epsilon at step 1477, loss sum: 1413.6983, final loss: 0.00093842, weight distance: 0.0935
2025-09-22 15:12:03,289 - INFO - Example 98 completed: 1477 steps, loss sum: 1413.6983, final loss: 0.00093842, weight distance: 0.0935 (universal rank: 34305)
2025-09-22 15:12:03,289 - INFO - 
=== Worker 2 Training Example 99/1867 (global idx 3832): /home/projects/bagon/shared/imagenet512/val/n03776460/ILSVRC2012_val_00044721.JPEG ===
2025-09-22 15:12:31,240 - INFO - Example /home/projects/bagon/shared/imagenet512/val/n03776460/ILSVRC2012_val_00044721.JPEG reached epsilon at step 2505, loss sum: 265.0255, final loss: 0.00095749, weight distance: 0.1023
2025-09-22 15:12:31,784 - INFO - Example 99 completed: 2505 steps, loss sum: 265.0255, final loss: 0.00095749, weight distance: 0.1023 (universal rank: 34306)
2025-09-22 15:12:31,784 - INFO - 
=== Worker 2 Training Example 100/1867 (global idx 3833): /home/projects/bagon/shared/imagenet512/val/n03538406/ILSVRC2012_val_00042040.JPEG ===
2025-09-22 15:12:46,711 - INFO - Example /home/projects/bagon/shared/imagenet512/val/n03538406/ILSVRC2012_val_00042040.JPEG reached epsilon at step 1318, loss sum: 143.5631, final loss: 0.00093079, weight distance: 0.0691
2025-09-22 15:12:47,316 - INFO - Example 100 completed: 1318 steps, loss sum: 143.5631, final loss: 0.00093079, weight distance: 0.0691 (universal rank: 34307)
2025-09-22 15:12:47,316 - INFO - 
=== Worker 2 Training Example 101/1867 (global idx 3834): /home/projects/bagon/shared/imagenet512/val/n03494278/ILSVRC2012_val_00027607.JPEG ===
2025-09-22 15:13:12,071 - INFO - Example /home/projects/bagon/shared/imagenet512/val/n03494278/ILSVRC2012_val_00027607.JPEG reached epsilon at step 2188, loss sum: 1449.3269, final loss: 0.00093079, weight distance: 0.1226
2025-09-22 15:13:12,574 - INFO - Example 101 completed: 2188 steps, loss sum: 1449.3269, final loss: 0.00093079, weight distance: 0.1226 (universal rank: 34308)
2025-09-22 15:13:12,574 - INFO - 
=== Worker 2 Training Example 102/1867 (global idx 3835): /home/projects/bagon/shared/imagenet512/val/n03777754/ILSVRC2012_val_00002292.JPEG ===
2025-09-22 15:13:37,385 - INFO - Example /home/projects/bagon/shared/imagenet512/val/n03777754/ILSVRC2012_val_00002292.JPEG reached epsilon at step 2193, loss sum: 498.9991, final loss: 0.00097275, weight distance: 0.1119
2025-09-22 15:13:37,882 - INFO - Example 102 completed: 2193 steps, loss sum: 498.9991, final loss: 0.00097275, weight distance: 0.1119 (universal rank: 34309)
2025-09-22 15:13:37,882 - INFO - 
=== Worker 2 Training Example 103/1867 (global idx 3836): /home/projects/bagon/shared/imagenet512/val/n03125729/ILSVRC2012_val_00036063.JPEG ===
2025-09-22 15:14:09,091 - INFO - Example /home/projects/bagon/shared/imagenet512/val/n03125729/ILSVRC2012_val_00036063.JPEG reached epsilon at step 2759, loss sum: 832.4792, final loss: 0.00099182, weight distance: 0.1256
2025-09-22 15:14:09,592 - INFO - Example 103 completed: 2759 steps, loss sum: 832.4792, final loss: 0.00099182, weight distance: 0.1256 (universal rank: 34310)
2025-09-22 15:14:09,592 - INFO - 
=== Worker 2 Training Example 104/1867 (global idx 3837): /home/projects/bagon/shared/imagenet512/val/n02093428/ILSVRC2012_val_00002417.JPEG ===
2025-09-22 15:14:40,707 - INFO - Example /home/projects/bagon/shared/imagenet512/val/n02093428/ILSVRC2012_val_00002417.JPEG reached epsilon at step 2755, loss sum: 179.5936, final loss: 0.00097275, weight distance: 0.1076
2025-09-22 15:14:41,286 - INFO - Example 104 completed: 2755 steps, loss sum: 179.5936, final loss: 0.00097275, weight distance: 0.1076 (universal rank: 34313)
2025-09-22 15:14:41,286 - INFO - 
=== Worker 2 Training Example 105/1867 (global idx 3838): /home/projects/bagon/shared/imagenet512/val/n02793495/ILSVRC2012_val_00003727.JPEG ===
2025-09-22 15:14:57,099 - INFO - Example /home/projects/bagon/shared/imagenet512/val/n02793495/ILSVRC2012_val_00003727.JPEG reached epsilon at step 1427, loss sum: 231.5249, final loss: 0.00091934, weight distance: 0.0799
2025-09-22 15:14:57,605 - INFO - Example 105 completed: 1427 steps, loss sum: 231.5249, final loss: 0.00091934, weight distance: 0.0799 (universal rank: 34315)
2025-09-22 15:14:57,605 - INFO - 
=== Worker 2 Training Example 106/1867 (global idx 3839): /home/projects/bagon/shared/imagenet512/val/n02840245/ILSVRC2012_val_00004265.JPEG ===
2025-09-22 15:15:23,602 - INFO - Example /home/projects/bagon/shared/imagenet512/val/n02840245/ILSVRC2012_val_00004265.JPEG reached epsilon at step 2347, loss sum: 382.2895, final loss: 0.00099945, weight distance: 0.1006
2025-09-22 15:15:24,118 - INFO - Example 106 completed: 2347 steps, loss sum: 382.2895, final loss: 0.00099945, weight distance: 0.1006 (universal rank: 34316)
2025-09-22 15:15:24,118 - INFO - 
=== Worker 2 Training Example 107/1867 (global idx 3840): /home/projects/bagon/shared/imagenet512/val/n02107142/ILSVRC2012_val_00041795.JPEG ===
2025-09-22 15:16:03,216 - INFO - Example /home/projects/bagon/shared/imagenet512/val/n02107142/ILSVRC2012_val_00041795.JPEG reached epsilon at step 3452, loss sum: 364.5354, final loss: 0.00097656, weight distance: 0.1306
2025-09-22 15:16:03,731 - INFO - Example 107 completed: 3452 steps, loss sum: 364.5354, final loss: 0.00097656, weight distance: 0.1306 (universal rank: 34317)
2025-09-22 15:16:03,731 - INFO - 
=== Worker 2 Training Example 108/1867 (global idx 3841): /home/projects/bagon/shared/imagenet512/val/n01729322/ILSVRC2012_val_00041300.JPEG ===
2025-09-22 15:16:31,021 - INFO - Example /home/projects/bagon/shared/imagenet512/val/n01729322/ILSVRC2012_val_00041300.JPEG reached epsilon at step 2420, loss sum: 371.0959, final loss: 0.00094223, weight distance: 0.1052
2025-09-22 15:16:31,518 - INFO - Example 108 completed: 2420 steps, loss sum: 371.0959, final loss: 0.00094223, weight distance: 0.1052 (universal rank: 34318)
2025-09-22 15:16:31,518 - INFO - 
=== Worker 2 Training Example 109/1867 (global idx 3842): /home/projects/bagon/shared/imagenet512/val/n03291819/ILSVRC2012_val_00021510.JPEG ===
2025-09-22 15:16:46,382 - INFO - Example /home/projects/bagon/shared/imagenet512/val/n03291819/ILSVRC2012_val_00021510.JPEG reached epsilon at step 1312, loss sum: 212.9085, final loss: 0.00093460, weight distance: 0.0695
2025-09-22 15:16:46,890 - INFO - Example 109 completed: 1312 steps, loss sum: 212.9085, final loss: 0.00093460, weight distance: 0.0695 (universal rank: 34320)
2025-09-22 15:16:46,890 - INFO - 
=== Worker 2 Training Example 110/1867 (global idx 3843): /home/projects/bagon/shared/imagenet512/val/n02422699/ILSVRC2012_val_00035239.JPEG ===
2025-09-22 15:17:16,685 - INFO - Example /home/projects/bagon/shared/imagenet512/val/n02422699/ILSVRC2012_val_00035239.JPEG reached epsilon at step 2634, loss sum: 1331.5078, final loss: 0.00098419, weight distance: 0.1319
2025-09-22 15:17:17,499 - INFO - Example 110 completed: 2634 steps, loss sum: 1331.5078, final loss: 0.00098419, weight distance: 0.1319 (universal rank: 34321)
2025-09-22 15:17:17,499 - INFO - 
=== Worker 2 Training Example 111/1867 (global idx 3844): /home/projects/bagon/shared/imagenet512/val/n03770679/ILSVRC2012_val_00022654.JPEG ===
2025-09-22 15:17:43,708 - INFO - Example /home/projects/bagon/shared/imagenet512/val/n03770679/ILSVRC2012_val_00022654.JPEG reached epsilon at step 2350, loss sum: 338.3374, final loss: 0.00096893, weight distance: 0.1108
2025-09-22 15:17:44,216 - INFO - Example 111 completed: 2350 steps, loss sum: 338.3374, final loss: 0.00096893, weight distance: 0.1108 (universal rank: 34322)
2025-09-22 15:17:44,216 - INFO - 
=== Worker 2 Training Example 112/1867 (global idx 3845): /home/projects/bagon/shared/imagenet512/val/n07932039/ILSVRC2012_val_00029102.JPEG ===
2025-09-22 15:18:05,064 - INFO - Example /home/projects/bagon/shared/imagenet512/val/n07932039/ILSVRC2012_val_00029102.JPEG reached epsilon at step 1853, loss sum: 118.3381, final loss: 0.00092316, weight distance: 0.0851
2025-09-22 15:18:05,826 - INFO - Example 112 completed: 1853 steps, loss sum: 118.3381, final loss: 0.00092316, weight distance: 0.0851 (universal rank: 34323)
2025-09-22 15:18:05,826 - INFO - 
=== Worker 2 Training Example 113/1867 (global idx 3846): /home/projects/bagon/shared/imagenet512/val/n02090721/ILSVRC2012_val_00009713.JPEG ===
2025-09-22 15:18:30,521 - INFO - Example /home/projects/bagon/shared/imagenet512/val/n02090721/ILSVRC2012_val_00009713.JPEG reached epsilon at step 2151, loss sum: 326.0991, final loss: 0.00096130, weight distance: 0.1035
2025-09-22 15:18:31,044 - INFO - Example 113 completed: 2151 steps, loss sum: 326.0991, final loss: 0.00096130, weight distance: 0.1035 (universal rank: 34324)
2025-09-22 15:18:31,044 - INFO - 
=== Worker 2 Training Example 114/1867 (global idx 3847): /home/projects/bagon/shared/imagenet512/val/n03666591/ILSVRC2012_val_00038507.JPEG ===
2025-09-22 15:18:42,612 - INFO - Example /home/projects/bagon/shared/imagenet512/val/n03666591/ILSVRC2012_val_00038507.JPEG reached epsilon at step 1010, loss sum: 34.3478, final loss: 0.00097656, weight distance: 0.0519
2025-09-22 15:18:43,129 - INFO - Example 114 completed: 1010 steps, loss sum: 34.3478, final loss: 0.00097656, weight distance: 0.0519 (universal rank: 34326)
2025-09-22 15:18:43,129 - INFO - 
=== Worker 2 Training Example 115/1867 (global idx 3848): /home/projects/bagon/shared/imagenet512/val/n01945685/ILSVRC2012_val_00041634.JPEG ===
2025-09-22 15:19:00,687 - INFO - Example /home/projects/bagon/shared/imagenet512/val/n01945685/ILSVRC2012_val_00041634.JPEG reached epsilon at step 1498, loss sum: 776.5093, final loss: 0.00093460, weight distance: 0.0937
2025-09-22 15:19:01,194 - INFO - Example 115 completed: 1498 steps, loss sum: 776.5093, final loss: 0.00093460, weight distance: 0.0937 (universal rank: 34328)
2025-09-22 15:19:01,194 - INFO - 
=== Worker 2 Training Example 116/1867 (global idx 3849): /home/projects/bagon/shared/imagenet512/val/n02092002/ILSVRC2012_val_00029876.JPEG ===
2025-09-22 15:19:27,645 - INFO - Example /home/projects/bagon/shared/imagenet512/val/n02092002/ILSVRC2012_val_00029876.JPEG reached epsilon at step 2350, loss sum: 207.6951, final loss: 0.00096130, weight distance: 0.0939
2025-09-22 15:19:28,165 - INFO - Example 116 completed: 2350 steps, loss sum: 207.6951, final loss: 0.00096130, weight distance: 0.0939 (universal rank: 34330)
2025-09-22 15:19:28,165 - INFO - 
=== Worker 2 Training Example 117/1867 (global idx 3850): /home/projects/bagon/shared/imagenet512/val/n02090721/ILSVRC2012_val_00006627.JPEG ===
2025-09-22 15:19:52,030 - INFO - Example /home/projects/bagon/shared/imagenet512/val/n02090721/ILSVRC2012_val_00006627.JPEG reached epsilon at step 2112, loss sum: 690.6719, final loss: 0.00098419, weight distance: 0.1052
2025-09-22 15:19:52,533 - INFO - Example 117 completed: 2112 steps, loss sum: 690.6719, final loss: 0.00098419, weight distance: 0.1052 (universal rank: 34332)
2025-09-22 15:19:52,533 - INFO - 
=== Worker 2 Training Example 118/1867 (global idx 3851): /home/projects/bagon/shared/imagenet512/val/n03126707/ILSVRC2012_val_00044019.JPEG ===
2025-09-22 15:20:12,863 - INFO - Example /home/projects/bagon/shared/imagenet512/val/n03126707/ILSVRC2012_val_00044019.JPEG reached epsilon at step 1803, loss sum: 663.3099, final loss: 0.00099945, weight distance: 0.1025
2025-09-22 15:20:13,372 - INFO - Example 118 completed: 1803 steps, loss sum: 663.3099, final loss: 0.00099945, weight distance: 0.1025 (universal rank: 34338)
2025-09-22 15:20:13,372 - INFO - 
=== Worker 2 Training Example 119/1867 (global idx 3852): /home/projects/bagon/shared/imagenet512/val/n03995372/ILSVRC2012_val_00005380.JPEG ===
2025-09-22 15:20:34,529 - INFO - Example /home/projects/bagon/shared/imagenet512/val/n03995372/ILSVRC2012_val_00005380.JPEG reached epsilon at step 1908, loss sum: 1001.6615, final loss: 0.00099945, weight distance: 0.1148
2025-09-22 15:20:35,046 - INFO - Example 119 completed: 1908 steps, loss sum: 1001.6615, final loss: 0.00099945, weight distance: 0.1148 (universal rank: 34339)
2025-09-22 15:20:35,046 - INFO - 
=== Worker 2 Training Example 120/1867 (global idx 3853): /home/projects/bagon/shared/imagenet512/val/n04485082/ILSVRC2012_val_00018704.JPEG ===
2025-09-22 15:20:50,014 - INFO - Example /home/projects/bagon/shared/imagenet512/val/n04485082/ILSVRC2012_val_00018704.JPEG reached epsilon at step 1351, loss sum: 497.2602, final loss: 0.00090790, weight distance: 0.0860
2025-09-22 15:20:50,527 - INFO - Example 120 completed: 1351 steps, loss sum: 497.2602, final loss: 0.00090790, weight distance: 0.0860 (universal rank: 34340)
2025-09-22 15:20:50,527 - INFO - 
=== Worker 2 Training Example 121/1867 (global idx 3854): /home/projects/bagon/shared/imagenet512/val/n03729826/ILSVRC2012_val_00048097.JPEG ===
2025-09-22 15:21:06,375 - INFO - Example /home/projects/bagon/shared/imagenet512/val/n03729826/ILSVRC2012_val_00048097.JPEG reached epsilon at step 1420, loss sum: 1658.2790, final loss: 0.00093079, weight distance: 0.1033
2025-09-22 15:21:06,902 - INFO - Example 121 completed: 1420 steps, loss sum: 1658.2790, final loss: 0.00093079, weight distance: 0.1033 (universal rank: 34341)
2025-09-22 15:21:06,902 - INFO - 
=== Worker 2 Training Example 122/1867 (global idx 3855): /home/projects/bagon/shared/imagenet512/val/n02948072/ILSVRC2012_val_00021186.JPEG ===
2025-09-22 15:21:24,413 - INFO - Example /home/projects/bagon/shared/imagenet512/val/n02948072/ILSVRC2012_val_00021186.JPEG reached epsilon at step 1575, loss sum: 317.2735, final loss: 0.00098419, weight distance: 0.0857
2025-09-22 15:21:25,791 - INFO - Example 122 completed: 1575 steps, loss sum: 317.2735, final loss: 0.00098419, weight distance: 0.0857 (universal rank: 34342)
2025-09-22 15:21:25,792 - INFO - 
=== Worker 2 Training Example 123/1867 (global idx 3856): /home/projects/bagon/shared/imagenet512/val/n02087046/ILSVRC2012_val_00029090.JPEG ===
2025-09-22 15:21:58,843 - INFO - Example /home/projects/bagon/shared/imagenet512/val/n02087046/ILSVRC2012_val_00029090.JPEG reached epsilon at step 2901, loss sum: 845.0989, final loss: 0.00096512, weight distance: 0.1282
2025-09-22 15:21:59,447 - INFO - Example 123 completed: 2901 steps, loss sum: 845.0989, final loss: 0.00096512, weight distance: 0.1282 (universal rank: 34343)
2025-09-22 15:21:59,447 - INFO - 
=== Worker 2 Training Example 124/1867 (global idx 3857): /home/projects/bagon/shared/imagenet512/val/n02321529/ILSVRC2012_val_00005880.JPEG ===
2025-09-22 15:22:22,397 - INFO - Example /home/projects/bagon/shared/imagenet512/val/n02321529/ILSVRC2012_val_00005880.JPEG reached epsilon at step 2023, loss sum: 1004.1560, final loss: 0.00095367, weight distance: 0.1167
2025-09-22 15:22:22,935 - INFO - Example 124 completed: 2023 steps, loss sum: 1004.1560, final loss: 0.00095367, weight distance: 0.1167 (universal rank: 34344)
2025-09-22 15:22:22,936 - INFO - 
=== Worker 2 Training Example 125/1867 (global idx 3858): /home/projects/bagon/shared/imagenet512/val/n04131690/ILSVRC2012_val_00032630.JPEG ===
2025-09-22 15:22:41,551 - INFO - Example /home/projects/bagon/shared/imagenet512/val/n04131690/ILSVRC2012_val_00032630.JPEG reached epsilon at step 1643, loss sum: 398.4660, final loss: 0.00094604, weight distance: 0.0905
2025-09-22 15:22:42,074 - INFO - Example 125 completed: 1643 steps, loss sum: 398.4660, final loss: 0.00094604, weight distance: 0.0905 (universal rank: 34345)
2025-09-22 15:22:42,074 - INFO - 
=== Worker 2 Training Example 126/1867 (global idx 3859): /home/projects/bagon/shared/imagenet512/val/n04070727/ILSVRC2012_val_00014411.JPEG ===
2025-09-22 15:23:04,016 - INFO - Example /home/projects/bagon/shared/imagenet512/val/n04070727/ILSVRC2012_val_00014411.JPEG reached epsilon at step 1939, loss sum: 886.5746, final loss: 0.00098419, weight distance: 0.1129
2025-09-22 15:23:04,548 - INFO - Example 126 completed: 1939 steps, loss sum: 886.5746, final loss: 0.00098419, weight distance: 0.1129 (universal rank: 34346)
2025-09-22 15:23:04,548 - INFO - 
=== Worker 2 Training Example 127/1867 (global idx 3860): /home/projects/bagon/shared/imagenet512/val/n02786058/ILSVRC2012_val_00038219.JPEG ===
2025-09-22 15:23:23,342 - INFO - Example /home/projects/bagon/shared/imagenet512/val/n02786058/ILSVRC2012_val_00038219.JPEG reached epsilon at step 1651, loss sum: 661.2825, final loss: 0.00099945, weight distance: 0.0997
2025-09-22 15:23:23,928 - INFO - Example 127 completed: 1651 steps, loss sum: 661.2825, final loss: 0.00099945, weight distance: 0.0997 (universal rank: 34347)
2025-09-22 15:23:23,928 - INFO - 
=== Worker 2 Training Example 128/1867 (global idx 3861): /home/projects/bagon/shared/imagenet512/val/n04136333/ILSVRC2012_val_00032121.JPEG ===
2025-09-22 15:23:41,904 - INFO - Example /home/projects/bagon/shared/imagenet512/val/n04136333/ILSVRC2012_val_00032121.JPEG reached epsilon at step 1598, loss sum: 730.7834, final loss: 0.00099182, weight distance: 0.0997
2025-09-22 15:23:42,411 - INFO - Example 128 completed: 1598 steps, loss sum: 730.7834, final loss: 0.00099182, weight distance: 0.0997 (universal rank: 34349)
2025-09-22 15:23:42,412 - INFO - 
=== Worker 2 Training Example 129/1867 (global idx 3862): /home/projects/bagon/shared/imagenet512/val/n04376876/ILSVRC2012_val_00010387.JPEG ===
2025-09-22 15:23:55,123 - INFO - Example /home/projects/bagon/shared/imagenet512/val/n04376876/ILSVRC2012_val_00010387.JPEG reached epsilon at step 1134, loss sum: 107.8393, final loss: 0.00099182, weight distance: 0.0632
2025-09-22 15:23:55,640 - INFO - Example 129 completed: 1134 steps, loss sum: 107.8393, final loss: 0.00099182, weight distance: 0.0632 (universal rank: 34350)
2025-09-22 15:23:55,641 - INFO - 
=== Worker 2 Training Example 130/1867 (global idx 3863): /home/projects/bagon/shared/imagenet512/val/n07716906/ILSVRC2012_val_00024988.JPEG ===
2025-09-22 15:24:15,638 - INFO - Example /home/projects/bagon/shared/imagenet512/val/n07716906/ILSVRC2012_val_00024988.JPEG reached epsilon at step 1783, loss sum: 707.9628, final loss: 0.00093842, weight distance: 0.1052
2025-09-22 15:24:16,152 - INFO - Example 130 completed: 1783 steps, loss sum: 707.9628, final loss: 0.00093842, weight distance: 0.1052 (universal rank: 34351)
2025-09-22 15:24:16,152 - INFO - 
=== Worker 2 Training Example 131/1867 (global idx 3864): /home/projects/bagon/shared/imagenet512/val/n03000684/ILSVRC2012_val_00011951.JPEG ===
2025-09-22 15:24:27,790 - INFO - Example /home/projects/bagon/shared/imagenet512/val/n03000684/ILSVRC2012_val_00011951.JPEG reached epsilon at step 1037, loss sum: 67.9066, final loss: 0.00099182, weight distance: 0.0589
2025-09-22 15:24:28,309 - INFO - Example 131 completed: 1037 steps, loss sum: 67.9066, final loss: 0.00099182, weight distance: 0.0589 (universal rank: 34352)
2025-09-22 15:24:28,309 - INFO - 
=== Worker 2 Training Example 132/1867 (global idx 3865): /home/projects/bagon/shared/imagenet512/val/n02095570/ILSVRC2012_val_00016742.JPEG ===
2025-09-22 15:25:03,164 - INFO - Example /home/projects/bagon/shared/imagenet512/val/n02095570/ILSVRC2012_val_00016742.JPEG reached epsilon at step 3107, loss sum: 391.7533, final loss: 0.00099945, weight distance: 0.1234
2025-09-22 15:25:03,689 - INFO - Example 132 completed: 3107 steps, loss sum: 391.7533, final loss: 0.00099945, weight distance: 0.1234 (universal rank: 34354)
2025-09-22 15:25:03,689 - INFO - 
=== Worker 2 Training Example 133/1867 (global idx 3866): /home/projects/bagon/shared/imagenet512/val/n02992211/ILSVRC2012_val_00011064.JPEG ===
2025-09-22 15:25:30,277 - INFO - Example /home/projects/bagon/shared/imagenet512/val/n02992211/ILSVRC2012_val_00011064.JPEG reached epsilon at step 2370, loss sum: 651.2045, final loss: 0.00096130, weight distance: 0.1067
2025-09-22 15:25:30,787 - INFO - Example 133 completed: 2370 steps, loss sum: 651.2045, final loss: 0.00096130, weight distance: 0.1067 (universal rank: 34355)
2025-09-22 15:25:30,787 - INFO - 
=== Worker 2 Training Example 134/1867 (global idx 3867): /home/projects/bagon/shared/imagenet512/val/n07717410/ILSVRC2012_val_00043378.JPEG ===
2025-09-22 15:25:41,306 - INFO - Example /home/projects/bagon/shared/imagenet512/val/n07717410/ILSVRC2012_val_00043378.JPEG reached epsilon at step 930, loss sum: 23.9785, final loss: 0.00099945, weight distance: 0.0467
2025-09-22 15:25:41,820 - INFO - Example 134 completed: 930 steps, loss sum: 23.9785, final loss: 0.00099945, weight distance: 0.0467 (universal rank: 34357)
2025-09-22 15:25:41,820 - INFO - 
=== Worker 2 Training Example 135/1867 (global idx 3868): /home/projects/bagon/shared/imagenet512/val/n01616318/ILSVRC2012_val_00020743.JPEG ===
2025-09-22 15:26:12,947 - INFO - Example /home/projects/bagon/shared/imagenet512/val/n01616318/ILSVRC2012_val_00020743.JPEG reached epsilon at step 2752, loss sum: 1923.3088, final loss: 0.00093460, weight distance: 0.1383
2025-09-22 15:26:13,471 - INFO - Example 135 completed: 2752 steps, loss sum: 1923.3088, final loss: 0.00093460, weight distance: 0.1383 (universal rank: 34360)
2025-09-22 15:26:13,471 - INFO - 
=== Worker 2 Training Example 136/1867 (global idx 3869): /home/projects/bagon/shared/imagenet512/val/n01776313/ILSVRC2012_val_00002957.JPEG ===
2025-09-22 15:26:27,567 - INFO - Example /home/projects/bagon/shared/imagenet512/val/n01776313/ILSVRC2012_val_00002957.JPEG reached epsilon at step 1253, loss sum: 135.2271, final loss: 0.00098419, weight distance: 0.0688
2025-09-22 15:26:28,085 - INFO - Example 136 completed: 1253 steps, loss sum: 135.2271, final loss: 0.00098419, weight distance: 0.0688 (universal rank: 34362)
2025-09-22 15:26:28,086 - INFO - 
=== Worker 2 Training Example 137/1867 (global idx 3870): /home/projects/bagon/shared/imagenet512/val/n02870880/ILSVRC2012_val_00014281.JPEG ===
2025-09-22 15:26:48,727 - INFO - Example /home/projects/bagon/shared/imagenet512/val/n02870880/ILSVRC2012_val_00014281.JPEG reached epsilon at step 1828, loss sum: 666.8729, final loss: 0.00093842, weight distance: 0.1049
2025-09-22 15:26:49,248 - INFO - Example 137 completed: 1828 steps, loss sum: 666.8729, final loss: 0.00093842, weight distance: 0.1049 (universal rank: 34363)
2025-09-22 15:26:49,248 - INFO - 
=== Worker 2 Training Example 138/1867 (global idx 3871): /home/projects/bagon/shared/imagenet512/val/n02823750/ILSVRC2012_val_00037744.JPEG ===
2025-09-22 15:27:05,233 - INFO - Example /home/projects/bagon/shared/imagenet512/val/n02823750/ILSVRC2012_val_00037744.JPEG reached epsilon at step 1418, loss sum: 116.7887, final loss: 0.00096893, weight distance: 0.0701
2025-09-22 15:27:05,741 - INFO - Example 138 completed: 1418 steps, loss sum: 116.7887, final loss: 0.00096893, weight distance: 0.0701 (universal rank: 34365)
2025-09-22 15:27:05,741 - INFO - 
=== Worker 2 Training Example 139/1867 (global idx 3872): /home/projects/bagon/shared/imagenet512/val/n06785654/ILSVRC2012_val_00034101.JPEG ===
2025-09-22 15:27:25,446 - INFO - Example /home/projects/bagon/shared/imagenet512/val/n06785654/ILSVRC2012_val_00034101.JPEG reached epsilon at step 1703, loss sum: 1553.4886, final loss: 0.00099182, weight distance: 0.1121
2025-09-22 15:27:27,470 - INFO - Example 139 completed: 1703 steps, loss sum: 1553.4886, final loss: 0.00099182, weight distance: 0.1121 (universal rank: 34377)
2025-09-22 15:27:27,470 - INFO - 
=== Worker 2 Training Example 140/1867 (global idx 3873): /home/projects/bagon/shared/imagenet512/val/n03187595/ILSVRC2012_val_00010652.JPEG ===
2025-09-22 15:27:51,305 - INFO - Example /home/projects/bagon/shared/imagenet512/val/n03187595/ILSVRC2012_val_00010652.JPEG reached epsilon at step 2106, loss sum: 1440.5130, final loss: 0.00096512, weight distance: 0.1231
2025-09-22 15:27:51,827 - INFO - Example 140 completed: 2106 steps, loss sum: 1440.5130, final loss: 0.00096512, weight distance: 0.1231 (universal rank: 34378)
2025-09-22 15:27:51,827 - INFO - 
=== Worker 2 Training Example 141/1867 (global idx 3874): /home/projects/bagon/shared/imagenet512/val/n03786901/ILSVRC2012_val_00032817.JPEG ===
2025-09-22 15:28:09,278 - INFO - Example /home/projects/bagon/shared/imagenet512/val/n03786901/ILSVRC2012_val_00032817.JPEG reached epsilon at step 1450, loss sum: 1192.7198, final loss: 0.00099182, weight distance: 0.0954
2025-09-22 15:28:09,793 - INFO - Example 141 completed: 1450 steps, loss sum: 1192.7198, final loss: 0.00099182, weight distance: 0.0954 (universal rank: 34379)
2025-09-22 15:28:09,793 - INFO - 
=== Worker 2 Training Example 142/1867 (global idx 3875): /home/projects/bagon/shared/imagenet512/val/n02894605/ILSVRC2012_val_00037982.JPEG ===
2025-09-22 15:28:37,861 - INFO - Example /home/projects/bagon/shared/imagenet512/val/n02894605/ILSVRC2012_val_00037982.JPEG reached epsilon at step 2317, loss sum: 394.8225, final loss: 0.00099182, weight distance: 0.1098
2025-09-22 15:28:38,378 - INFO - Example 142 completed: 2317 steps, loss sum: 394.8225, final loss: 0.00099182, weight distance: 0.1098 (universal rank: 34380)
2025-09-22 15:28:38,378 - INFO - 
=== Worker 2 Training Example 143/1867 (global idx 3876): /home/projects/bagon/shared/imagenet512/val/n03759954/ILSVRC2012_val_00002964.JPEG ===
2025-09-22 15:29:10,025 - INFO - Example /home/projects/bagon/shared/imagenet512/val/n03759954/ILSVRC2012_val_00002964.JPEG reached epsilon at step 2640, loss sum: 1400.3675, final loss: 0.00094223, weight distance: 0.1444
2025-09-22 15:29:11,482 - INFO - Example 143 completed: 2640 steps, loss sum: 1400.3675, final loss: 0.00094223, weight distance: 0.1444 (universal rank: 34381)
2025-09-22 15:29:11,482 - INFO - 
=== Worker 2 Training Example 144/1867 (global idx 3877): /home/projects/bagon/shared/imagenet512/val/n07753592/ILSVRC2012_val_00015209.JPEG ===
2025-09-22 15:29:26,426 - INFO - Example /home/projects/bagon/shared/imagenet512/val/n07753592/ILSVRC2012_val_00015209.JPEG reached epsilon at step 1282, loss sum: 333.0947, final loss: 0.00099945, weight distance: 0.0756
2025-09-22 15:29:26,939 - INFO - Example 144 completed: 1282 steps, loss sum: 333.0947, final loss: 0.00099945, weight distance: 0.0756 (universal rank: 34383)
2025-09-22 15:29:26,939 - INFO - 
=== Worker 2 Training Example 145/1867 (global idx 3878): /home/projects/bagon/shared/imagenet512/val/n04442312/ILSVRC2012_val_00047554.JPEG ===
2025-09-22 15:29:47,127 - INFO - Example /home/projects/bagon/shared/imagenet512/val/n04442312/ILSVRC2012_val_00047554.JPEG reached epsilon at step 1746, loss sum: 682.0779, final loss: 0.00097275, weight distance: 0.0997
2025-09-22 15:29:47,699 - INFO - Example 145 completed: 1746 steps, loss sum: 682.0779, final loss: 0.00097275, weight distance: 0.0997 (universal rank: 34385)
2025-09-22 15:29:47,699 - INFO - 
=== Worker 2 Training Example 146/1867 (global idx 3879): /home/projects/bagon/shared/imagenet512/val/n02808440/ILSVRC2012_val_00048839.JPEG ===
2025-09-22 15:30:38,849 - INFO - Example /home/projects/bagon/shared/imagenet512/val/n02808440/ILSVRC2012_val_00048839.JPEG reached epsilon at step 4272, loss sum: 181.1791, final loss: 0.00099945, weight distance: 0.1450
2025-09-22 15:30:39,372 - INFO - Example 146 completed: 4272 steps, loss sum: 181.1791, final loss: 0.00099945, weight distance: 0.1450 (universal rank: 34387)
2025-09-22 15:30:39,372 - INFO - 
=== Worker 2 Training Example 147/1867 (global idx 3880): /home/projects/bagon/shared/imagenet512/val/n07875152/ILSVRC2012_val_00041140.JPEG ===
2025-09-22 15:31:08,871 - INFO - Example /home/projects/bagon/shared/imagenet512/val/n07875152/ILSVRC2012_val_00041140.JPEG reached epsilon at step 2467, loss sum: 1374.8215, final loss: 0.00099945, weight distance: 0.1357
2025-09-22 15:31:09,395 - INFO - Example 147 completed: 2467 steps, loss sum: 1374.8215, final loss: 0.00099945, weight distance: 0.1357 (universal rank: 34388)
2025-09-22 15:31:09,395 - INFO - 
=== Worker 2 Training Example 148/1867 (global idx 3881): /home/projects/bagon/shared/imagenet512/val/n02939185/ILSVRC2012_val_00010282.JPEG ===
2025-09-22 15:31:35,316 - INFO - Example /home/projects/bagon/shared/imagenet512/val/n02939185/ILSVRC2012_val_00010282.JPEG reached epsilon at step 2176, loss sum: 680.3697, final loss: 0.00097275, weight distance: 0.1112
2025-09-22 15:31:35,900 - INFO - Example 148 completed: 2176 steps, loss sum: 680.3697, final loss: 0.00097275, weight distance: 0.1112 (universal rank: 34389)
2025-09-22 15:31:35,901 - INFO - 
=== Worker 2 Training Example 149/1867 (global idx 3882): /home/projects/bagon/shared/imagenet512/val/n03770439/ILSVRC2012_val_00005391.JPEG ===
2025-09-22 15:32:02,043 - INFO - Example /home/projects/bagon/shared/imagenet512/val/n03770439/ILSVRC2012_val_00005391.JPEG reached epsilon at step 2241, loss sum: 221.1998, final loss: 0.00099945, weight distance: 0.1021
2025-09-22 15:32:02,557 - INFO - Example 149 completed: 2241 steps, loss sum: 221.1998, final loss: 0.00099945, weight distance: 0.1021 (universal rank: 34392)
2025-09-22 15:32:02,558 - INFO - 
=== Worker 2 Training Example 150/1867 (global idx 3883): /home/projects/bagon/shared/imagenet512/val/n03388549/ILSVRC2012_val_00020643.JPEG ===
2025-09-22 15:32:14,860 - INFO - Example /home/projects/bagon/shared/imagenet512/val/n03388549/ILSVRC2012_val_00020643.JPEG reached epsilon at step 1046, loss sum: 114.3243, final loss: 0.00099182, weight distance: 0.0590
2025-09-22 15:32:15,377 - INFO - Example 150 completed: 1046 steps, loss sum: 114.3243, final loss: 0.00099182, weight distance: 0.0590 (universal rank: 34393)
2025-09-22 15:32:15,377 - INFO - 
=== Worker 2 Training Example 151/1867 (global idx 3884): /home/projects/bagon/shared/imagenet512/val/n02408429/ILSVRC2012_val_00001248.JPEG ===
2025-09-22 15:32:45,465 - INFO - Example /home/projects/bagon/shared/imagenet512/val/n02408429/ILSVRC2012_val_00001248.JPEG reached epsilon at step 2522, loss sum: 681.9050, final loss: 0.00097656, weight distance: 0.1225
2025-09-22 15:32:45,997 - INFO - Example 151 completed: 2522 steps, loss sum: 681.9050, final loss: 0.00097656, weight distance: 0.1225 (universal rank: 34394)
2025-09-22 15:32:45,997 - INFO - 
=== Worker 2 Training Example 152/1867 (global idx 3885): /home/projects/bagon/shared/imagenet512/val/n03933933/ILSVRC2012_val_00030150.JPEG ===
2025-09-22 15:33:12,968 - INFO - Example /home/projects/bagon/shared/imagenet512/val/n03933933/ILSVRC2012_val_00030150.JPEG reached epsilon at step 2277, loss sum: 297.2203, final loss: 0.00099182, weight distance: 0.0967
2025-09-22 15:33:13,486 - INFO - Example 152 completed: 2277 steps, loss sum: 297.2203, final loss: 0.00099182, weight distance: 0.0967 (universal rank: 34396)
2025-09-22 15:33:13,486 - INFO - 
=== Worker 2 Training Example 153/1867 (global idx 3886): /home/projects/bagon/shared/imagenet512/val/n02892201/ILSVRC2012_val_00049186.JPEG ===
2025-09-22 15:33:28,834 - INFO - Example /home/projects/bagon/shared/imagenet512/val/n02892201/ILSVRC2012_val_00049186.JPEG reached epsilon at step 1321, loss sum: 427.7771, final loss: 0.00095367, weight distance: 0.0833
2025-09-22 15:33:29,471 - INFO - Example 153 completed: 1321 steps, loss sum: 427.7771, final loss: 0.00095367, weight distance: 0.0833 (universal rank: 34397)
2025-09-22 15:33:29,471 - INFO - 
=== Worker 2 Training Example 154/1867 (global idx 3887): /home/projects/bagon/shared/imagenet512/val/n03445777/ILSVRC2012_val_00020502.JPEG ===
2025-09-22 15:33:52,231 - INFO - Example /home/projects/bagon/shared/imagenet512/val/n03445777/ILSVRC2012_val_00020502.JPEG reached epsilon at step 1914, loss sum: 2587.7878, final loss: 0.00097275, weight distance: 0.1266
2025-09-22 15:33:53,863 - INFO - Example 154 completed: 1914 steps, loss sum: 2587.7878, final loss: 0.00097275, weight distance: 0.1266 (universal rank: 34403)
2025-09-22 15:33:53,864 - INFO - 
=== Worker 2 Training Example 155/1867 (global idx 3888): /home/projects/bagon/shared/imagenet512/val/n04476259/ILSVRC2012_val_00034309.JPEG ===
2025-09-22 15:34:16,412 - INFO - Example /home/projects/bagon/shared/imagenet512/val/n04476259/ILSVRC2012_val_00034309.JPEG reached epsilon at step 1876, loss sum: 687.7754, final loss: 0.00094986, weight distance: 0.1041
2025-09-22 15:34:16,930 - INFO - Example 155 completed: 1876 steps, loss sum: 687.7754, final loss: 0.00094986, weight distance: 0.1041 (universal rank: 34404)
2025-09-22 15:34:16,931 - INFO - 
=== Worker 2 Training Example 156/1867 (global idx 3889): /home/projects/bagon/shared/imagenet512/val/n02174001/ILSVRC2012_val_00014365.JPEG ===
2025-09-22 15:34:39,426 - INFO - Example /home/projects/bagon/shared/imagenet512/val/n02174001/ILSVRC2012_val_00014365.JPEG reached epsilon at step 1963, loss sum: 1303.6186, final loss: 0.00093460, weight distance: 0.1178
2025-09-22 15:34:39,972 - INFO - Example 156 completed: 1963 steps, loss sum: 1303.6186, final loss: 0.00093460, weight distance: 0.1178 (universal rank: 34405)
2025-09-22 15:34:39,972 - INFO - 
=== Worker 2 Training Example 157/1867 (global idx 3890): /home/projects/bagon/shared/imagenet512/val/n02112706/ILSVRC2012_val_00044091.JPEG ===
2025-09-22 15:35:01,894 - INFO - Example /home/projects/bagon/shared/imagenet512/val/n02112706/ILSVRC2012_val_00044091.JPEG reached epsilon at step 1913, loss sum: 645.6728, final loss: 0.00099182, weight distance: 0.1000
2025-09-22 15:35:02,407 - INFO - Example 157 completed: 1913 steps, loss sum: 645.6728, final loss: 0.00099182, weight distance: 0.1000 (universal rank: 34406)
2025-09-22 15:35:02,407 - INFO - 
=== Worker 2 Training Example 158/1867 (global idx 3891): /home/projects/bagon/shared/imagenet512/val/n03706229/ILSVRC2012_val_00032444.JPEG ===
2025-09-22 15:35:22,872 - INFO - Example /home/projects/bagon/shared/imagenet512/val/n03706229/ILSVRC2012_val_00032444.JPEG reached epsilon at step 1798, loss sum: 856.1105, final loss: 0.00099945, weight distance: 0.1080
2025-09-22 15:35:23,468 - INFO - Example 158 completed: 1798 steps, loss sum: 856.1105, final loss: 0.00099945, weight distance: 0.1080 (universal rank: 34407)
2025-09-22 15:35:23,468 - INFO - 
=== Worker 2 Training Example 159/1867 (global idx 3892): /home/projects/bagon/shared/imagenet512/val/n02110185/ILSVRC2012_val_00020169.JPEG ===
2025-09-22 15:36:12,139 - INFO - Example /home/projects/bagon/shared/imagenet512/val/n02110185/ILSVRC2012_val_00020169.JPEG reached epsilon at step 4285, loss sum: 125.2201, final loss: 0.00094604, weight distance: 0.1327
2025-09-22 15:36:12,653 - INFO - Example 159 completed: 4285 steps, loss sum: 125.2201, final loss: 0.00094604, weight distance: 0.1327 (universal rank: 34409)
2025-09-22 15:36:12,653 - INFO - 
=== Worker 2 Training Example 160/1867 (global idx 3893): /home/projects/bagon/shared/imagenet512/val/n03384352/ILSVRC2012_val_00009723.JPEG ===
2025-09-22 15:36:33,366 - INFO - Example /home/projects/bagon/shared/imagenet512/val/n03384352/ILSVRC2012_val_00009723.JPEG reached epsilon at step 1824, loss sum: 711.7828, final loss: 0.00094223, weight distance: 0.0966
2025-09-22 15:36:33,872 - INFO - Example 160 completed: 1824 steps, loss sum: 711.7828, final loss: 0.00094223, weight distance: 0.0966 (universal rank: 34410)
2025-09-22 15:36:33,872 - INFO - 
=== Worker 2 Training Example 161/1867 (global idx 3894): /home/projects/bagon/shared/imagenet512/val/n07871810/ILSVRC2012_val_00019792.JPEG ===
2025-09-22 15:37:02,061 - INFO - Example /home/projects/bagon/shared/imagenet512/val/n07871810/ILSVRC2012_val_00019792.JPEG reached epsilon at step 2381, loss sum: 707.4085, final loss: 0.00091171, weight distance: 0.1188
2025-09-22 15:37:03,183 - INFO - Example 161 completed: 2381 steps, loss sum: 707.4085, final loss: 0.00091171, weight distance: 0.1188 (universal rank: 34411)
2025-09-22 15:37:03,183 - INFO - 
=== Worker 2 Training Example 162/1867 (global idx 3895): /home/projects/bagon/shared/imagenet512/val/n09246464/ILSVRC2012_val_00045805.JPEG ===
2025-09-22 15:37:25,081 - INFO - Example /home/projects/bagon/shared/imagenet512/val/n09246464/ILSVRC2012_val_00045805.JPEG reached epsilon at step 1925, loss sum: 444.6246, final loss: 0.00096893, weight distance: 0.1077
2025-09-22 15:37:25,597 - INFO - Example 162 completed: 1925 steps, loss sum: 444.6246, final loss: 0.00096893, weight distance: 0.1077 (universal rank: 34413)
2025-09-22 15:37:25,597 - INFO - 
=== Worker 2 Training Example 163/1867 (global idx 3896): /home/projects/bagon/shared/imagenet512/val/n03425413/ILSVRC2012_val_00000732.JPEG ===
2025-09-22 15:37:34,037 - INFO - Example /home/projects/bagon/shared/imagenet512/val/n03425413/ILSVRC2012_val_00000732.JPEG reached epsilon at step 739, loss sum: 24.1342, final loss: 0.00093079, weight distance: 0.0435
2025-09-22 15:37:34,545 - INFO - Example 163 completed: 739 steps, loss sum: 24.1342, final loss: 0.00093079, weight distance: 0.0435 (universal rank: 34414)
2025-09-22 15:37:34,546 - INFO - 
=== Worker 2 Training Example 164/1867 (global idx 3897): /home/projects/bagon/shared/imagenet512/val/n03803284/ILSVRC2012_val_00022974.JPEG ===
2025-09-22 15:37:47,277 - INFO - Example /home/projects/bagon/shared/imagenet512/val/n03803284/ILSVRC2012_val_00022974.JPEG reached epsilon at step 1130, loss sum: 426.0308, final loss: 0.00095367, weight distance: 0.0712
2025-09-22 15:37:47,823 - INFO - Example 164 completed: 1130 steps, loss sum: 426.0308, final loss: 0.00095367, weight distance: 0.0712 (universal rank: 34415)
2025-09-22 15:37:47,823 - INFO - 
=== Worker 2 Training Example 165/1867 (global idx 3898): /home/projects/bagon/shared/imagenet512/val/n03796401/ILSVRC2012_val_00039716.JPEG ===
2025-09-22 15:38:29,089 - INFO - Example /home/projects/bagon/shared/imagenet512/val/n03796401/ILSVRC2012_val_00039716.JPEG reached epsilon at step 3627, loss sum: 1444.1749, final loss: 0.00095367, weight distance: 0.1603
2025-09-22 15:38:29,723 - INFO - Example 165 completed: 3627 steps, loss sum: 1444.1749, final loss: 0.00095367, weight distance: 0.1603 (universal rank: 34416)
2025-09-22 15:38:29,723 - INFO - 
=== Worker 2 Training Example 166/1867 (global idx 3899): /home/projects/bagon/shared/imagenet512/val/n03127747/ILSVRC2012_val_00003732.JPEG ===
2025-09-22 15:38:45,684 - INFO - Example /home/projects/bagon/shared/imagenet512/val/n03127747/ILSVRC2012_val_00003732.JPEG reached epsilon at step 1424, loss sum: 453.2215, final loss: 0.00099182, weight distance: 0.0874
2025-09-22 15:38:46,188 - INFO - Example 166 completed: 1424 steps, loss sum: 453.2215, final loss: 0.00099182, weight distance: 0.0874 (universal rank: 34417)
2025-09-22 15:38:46,189 - INFO - 
=== Worker 2 Training Example 167/1867 (global idx 3900): /home/projects/bagon/shared/imagenet512/val/n03770439/ILSVRC2012_val_00037504.JPEG ===
2025-09-22 15:39:23,625 - INFO - Example /home/projects/bagon/shared/imagenet512/val/n03770439/ILSVRC2012_val_00037504.JPEG reached epsilon at step 3287, loss sum: 750.8512, final loss: 0.00096130, weight distance: 0.1341
2025-09-22 15:39:24,710 - INFO - Example 167 completed: 3287 steps, loss sum: 750.8512, final loss: 0.00096130, weight distance: 0.1341 (universal rank: 34418)
2025-09-22 15:39:24,710 - INFO - 
=== Worker 2 Training Example 168/1867 (global idx 3901): /home/projects/bagon/shared/imagenet512/val/n04344873/ILSVRC2012_val_00049662.JPEG ===
2025-09-22 15:39:48,233 - INFO - Example /home/projects/bagon/shared/imagenet512/val/n04344873/ILSVRC2012_val_00049662.JPEG reached epsilon at step 2059, loss sum: 508.0934, final loss: 0.00097656, weight distance: 0.1026
2025-09-22 15:39:48,757 - INFO - Example 168 completed: 2059 steps, loss sum: 508.0934, final loss: 0.00097656, weight distance: 0.1026 (universal rank: 34420)
2025-09-22 15:39:48,757 - INFO - 
=== Worker 2 Training Example 169/1867 (global idx 3902): /home/projects/bagon/shared/imagenet512/val/n02860847/ILSVRC2012_val_00025196.JPEG ===
2025-09-22 15:40:04,528 - INFO - Example /home/projects/bagon/shared/imagenet512/val/n02860847/ILSVRC2012_val_00025196.JPEG reached epsilon at step 1389, loss sum: 361.6979, final loss: 0.00093460, weight distance: 0.0800
2025-09-22 15:40:05,265 - INFO - Example 169 completed: 1389 steps, loss sum: 361.6979, final loss: 0.00093460, weight distance: 0.0800 (universal rank: 34421)
2025-09-22 15:40:05,265 - INFO - 
=== Worker 2 Training Example 170/1867 (global idx 3903): /home/projects/bagon/shared/imagenet512/val/n03630383/ILSVRC2012_val_00036584.JPEG ===
2025-09-22 15:40:23,019 - INFO - Example /home/projects/bagon/shared/imagenet512/val/n03630383/ILSVRC2012_val_00036584.JPEG reached epsilon at step 1587, loss sum: 196.1720, final loss: 0.00093079, weight distance: 0.0805
2025-09-22 15:40:23,647 - INFO - Example 170 completed: 1587 steps, loss sum: 196.1720, final loss: 0.00093079, weight distance: 0.0805 (universal rank: 34422)
2025-09-22 15:40:23,647 - INFO - 
=== Worker 2 Training Example 171/1867 (global idx 3904): /home/projects/bagon/shared/imagenet512/val/n03676483/ILSVRC2012_val_00003138.JPEG ===
2025-09-22 15:40:44,494 - INFO - Example /home/projects/bagon/shared/imagenet512/val/n03676483/ILSVRC2012_val_00003138.JPEG reached epsilon at step 1829, loss sum: 1722.7197, final loss: 0.00093842, weight distance: 0.1184
2025-09-22 15:40:45,008 - INFO - Example 171 completed: 1829 steps, loss sum: 1722.7197, final loss: 0.00093842, weight distance: 0.1184 (universal rank: 34423)
2025-09-22 15:40:45,009 - INFO - 
=== Worker 2 Training Example 172/1867 (global idx 3905): /home/projects/bagon/shared/imagenet512/val/n01749939/ILSVRC2012_val_00040948.JPEG ===
2025-09-22 15:41:17,472 - INFO - Example /home/projects/bagon/shared/imagenet512/val/n01749939/ILSVRC2012_val_00040948.JPEG reached epsilon at step 2856, loss sum: 721.8527, final loss: 0.00098419, weight distance: 0.1310
2025-09-22 15:41:17,992 - INFO - Example 172 completed: 2856 steps, loss sum: 721.8527, final loss: 0.00098419, weight distance: 0.1310 (universal rank: 34425)
2025-09-22 15:41:17,992 - INFO - 
=== Worker 2 Training Example 173/1867 (global idx 3906): /home/projects/bagon/shared/imagenet512/val/n02727426/ILSVRC2012_val_00038125.JPEG ===
2025-09-22 15:41:29,539 - INFO - Example /home/projects/bagon/shared/imagenet512/val/n02727426/ILSVRC2012_val_00038125.JPEG reached epsilon at step 1017, loss sum: 60.9152, final loss: 0.00096130, weight distance: 0.0568
2025-09-22 15:41:30,043 - INFO - Example 173 completed: 1017 steps, loss sum: 60.9152, final loss: 0.00096130, weight distance: 0.0568 (universal rank: 34426)
2025-09-22 15:41:30,044 - INFO - 
=== Worker 2 Training Example 174/1867 (global idx 3907): /home/projects/bagon/shared/imagenet512/val/n03220513/ILSVRC2012_val_00019575.JPEG ===
2025-09-22 15:41:52,947 - INFO - Example /home/projects/bagon/shared/imagenet512/val/n03220513/ILSVRC2012_val_00019575.JPEG reached epsilon at step 1904, loss sum: 207.8234, final loss: 0.00097656, weight distance: 0.0904
2025-09-22 15:41:53,555 - INFO - Example 174 completed: 1904 steps, loss sum: 207.8234, final loss: 0.00097656, weight distance: 0.0904 (universal rank: 34429)
2025-09-22 15:41:53,555 - INFO - 
=== Worker 2 Training Example 175/1867 (global idx 3908): /home/projects/bagon/shared/imagenet512/val/n04026417/ILSVRC2012_val_00028361.JPEG ===
2025-09-22 15:42:34,677 - INFO - Example /home/projects/bagon/shared/imagenet512/val/n04026417/ILSVRC2012_val_00028361.JPEG reached epsilon at step 3467, loss sum: 371.1828, final loss: 0.00097656, weight distance: 0.1270
2025-09-22 15:42:35,331 - INFO - Example 175 completed: 3467 steps, loss sum: 371.1828, final loss: 0.00097656, weight distance: 0.1270 (universal rank: 34432)
2025-09-22 15:42:35,331 - INFO - 
=== Worker 2 Training Example 176/1867 (global idx 3909): /home/projects/bagon/shared/imagenet512/val/n07584110/ILSVRC2012_val_00032909.JPEG ===
2025-09-22 15:42:53,587 - INFO - Example /home/projects/bagon/shared/imagenet512/val/n07584110/ILSVRC2012_val_00032909.JPEG reached epsilon at step 1586, loss sum: 147.0422, final loss: 0.00097656, weight distance: 0.0827
2025-09-22 15:42:54,103 - INFO - Example 176 completed: 1586 steps, loss sum: 147.0422, final loss: 0.00097656, weight distance: 0.0827 (universal rank: 34435)
2025-09-22 15:42:54,103 - INFO - 
=== Worker 2 Training Example 177/1867 (global idx 3910): /home/projects/bagon/shared/imagenet512/val/n01873310/ILSVRC2012_val_00000940.JPEG ===
2025-09-22 15:43:13,137 - INFO - Example /home/projects/bagon/shared/imagenet512/val/n01873310/ILSVRC2012_val_00000940.JPEG reached epsilon at step 1631, loss sum: 372.1667, final loss: 0.00099182, weight distance: 0.0886
2025-09-22 15:43:13,652 - INFO - Example 177 completed: 1631 steps, loss sum: 372.1667, final loss: 0.00099182, weight distance: 0.0886 (universal rank: 34438)
2025-09-22 15:43:13,652 - INFO - 
=== Worker 2 Training Example 178/1867 (global idx 3911): /home/projects/bagon/shared/imagenet512/val/n03787032/ILSVRC2012_val_00010623.JPEG ===
2025-09-22 15:43:40,590 - INFO - Example /home/projects/bagon/shared/imagenet512/val/n03787032/ILSVRC2012_val_00010623.JPEG reached epsilon at step 2252, loss sum: 529.3046, final loss: 0.00094986, weight distance: 0.0932
2025-09-22 15:43:41,210 - INFO - Example 178 completed: 2252 steps, loss sum: 529.3046, final loss: 0.00094986, weight distance: 0.0932 (universal rank: 34439)
2025-09-22 15:43:41,210 - INFO - 
=== Worker 2 Training Example 179/1867 (global idx 3912): /home/projects/bagon/shared/imagenet512/val/n03868863/ILSVRC2012_val_00014643.JPEG ===
2025-09-22 15:44:00,282 - INFO - Example /home/projects/bagon/shared/imagenet512/val/n03868863/ILSVRC2012_val_00014643.JPEG reached epsilon at step 1626, loss sum: 264.6157, final loss: 0.00093460, weight distance: 0.0811
2025-09-22 15:44:01,086 - INFO - Example 179 completed: 1626 steps, loss sum: 264.6157, final loss: 0.00093460, weight distance: 0.0811 (universal rank: 34440)
2025-09-22 15:44:01,086 - INFO - 
=== Worker 2 Training Example 180/1867 (global idx 3913): /home/projects/bagon/shared/imagenet512/val/n03742115/ILSVRC2012_val_00040111.JPEG ===
2025-09-22 15:44:21,659 - INFO - Example /home/projects/bagon/shared/imagenet512/val/n03742115/ILSVRC2012_val_00040111.JPEG reached epsilon at step 1818, loss sum: 222.1975, final loss: 0.00097275, weight distance: 0.0896
2025-09-22 15:44:22,186 - INFO - Example 180 completed: 1818 steps, loss sum: 222.1975, final loss: 0.00097275, weight distance: 0.0896 (universal rank: 34441)
2025-09-22 15:44:22,186 - INFO - 
=== Worker 2 Training Example 181/1867 (global idx 3914): /home/projects/bagon/shared/imagenet512/val/n02167151/ILSVRC2012_val_00028697.JPEG ===
2025-09-22 15:44:53,684 - INFO - Example /home/projects/bagon/shared/imagenet512/val/n02167151/ILSVRC2012_val_00028697.JPEG reached epsilon at step 2826, loss sum: 257.8993, final loss: 0.00098419, weight distance: 0.1172
2025-09-22 15:44:54,202 - INFO - Example 181 completed: 2826 steps, loss sum: 257.8993, final loss: 0.00098419, weight distance: 0.1172 (universal rank: 34442)
2025-09-22 15:44:54,202 - INFO - 
=== Worker 2 Training Example 182/1867 (global idx 3915): /home/projects/bagon/shared/imagenet512/val/n03041632/ILSVRC2012_val_00009369.JPEG ===
2025-09-22 15:45:18,226 - INFO - Example /home/projects/bagon/shared/imagenet512/val/n03041632/ILSVRC2012_val_00009369.JPEG reached epsilon at step 2167, loss sum: 688.5702, final loss: 0.00099182, weight distance: 0.1142
2025-09-22 15:45:18,746 - INFO - Example 182 completed: 2167 steps, loss sum: 688.5702, final loss: 0.00099182, weight distance: 0.1142 (universal rank: 34443)
2025-09-22 15:45:18,746 - INFO - 
=== Worker 2 Training Example 183/1867 (global idx 3916): /home/projects/bagon/shared/imagenet512/val/n02408429/ILSVRC2012_val_00040331.JPEG ===
2025-09-22 15:45:43,805 - INFO - Example /home/projects/bagon/shared/imagenet512/val/n02408429/ILSVRC2012_val_00040331.JPEG reached epsilon at step 2260, loss sum: 1530.9357, final loss: 0.00099945, weight distance: 0.1227
2025-09-22 15:45:44,320 - INFO - Example 183 completed: 2260 steps, loss sum: 1530.9357, final loss: 0.00099945, weight distance: 0.1227 (universal rank: 34446)
2025-09-22 15:45:44,320 - INFO - 
=== Worker 2 Training Example 184/1867 (global idx 3917): /home/projects/bagon/shared/imagenet512/val/n04557648/ILSVRC2012_val_00026262.JPEG ===
2025-09-22 15:46:01,735 - INFO - Example /home/projects/bagon/shared/imagenet512/val/n04557648/ILSVRC2012_val_00026262.JPEG reached epsilon at step 1574, loss sum: 454.5701, final loss: 0.00091934, weight distance: 0.0841
2025-09-22 15:46:02,260 - INFO - Example 184 completed: 1574 steps, loss sum: 454.5701, final loss: 0.00091934, weight distance: 0.0841 (universal rank: 34447)
2025-09-22 15:46:02,261 - INFO - 
=== Worker 2 Training Example 185/1867 (global idx 3918): /home/projects/bagon/shared/imagenet512/val/n02113978/ILSVRC2012_val_00033581.JPEG ===
2025-09-22 15:46:19,169 - INFO - Example /home/projects/bagon/shared/imagenet512/val/n02113978/ILSVRC2012_val_00033581.JPEG reached epsilon at step 1527, loss sum: 1663.4823, final loss: 0.00099945, weight distance: 0.1082
2025-09-22 15:46:19,684 - INFO - Example 185 completed: 1527 steps, loss sum: 1663.4823, final loss: 0.00099945, weight distance: 0.1082 (universal rank: 34448)
2025-09-22 15:46:19,684 - INFO - 
=== Worker 2 Training Example 186/1867 (global idx 3919): /home/projects/bagon/shared/imagenet512/val/n04179913/ILSVRC2012_val_00037030.JPEG ===
2025-09-22 15:46:33,413 - INFO - Example /home/projects/bagon/shared/imagenet512/val/n04179913/ILSVRC2012_val_00037030.JPEG reached epsilon at step 1221, loss sum: 422.9806, final loss: 0.00096130, weight distance: 0.0755
2025-09-22 15:46:33,929 - INFO - Example 186 completed: 1221 steps, loss sum: 422.9806, final loss: 0.00096130, weight distance: 0.0755 (universal rank: 34449)
2025-09-22 15:46:33,929 - INFO - 
=== Worker 2 Training Example 187/1867 (global idx 3920): /home/projects/bagon/shared/imagenet512/val/n01950731/ILSVRC2012_val_00029111.JPEG ===
2025-09-22 15:46:56,544 - INFO - Example /home/projects/bagon/shared/imagenet512/val/n01950731/ILSVRC2012_val_00029111.JPEG reached epsilon at step 1994, loss sum: 438.2172, final loss: 0.00097656, weight distance: 0.1034
2025-09-22 15:46:57,061 - INFO - Example 187 completed: 1994 steps, loss sum: 438.2172, final loss: 0.00097656, weight distance: 0.1034 (universal rank: 34450)
2025-09-22 15:46:57,061 - INFO - 
=== Worker 2 Training Example 188/1867 (global idx 3921): /home/projects/bagon/shared/imagenet512/val/n03534580/ILSVRC2012_val_00041119.JPEG ===
2025-09-22 15:47:26,485 - INFO - Example /home/projects/bagon/shared/imagenet512/val/n03534580/ILSVRC2012_val_00041119.JPEG reached epsilon at step 2618, loss sum: 558.7817, final loss: 0.00099945, weight distance: 0.1107
2025-09-22 15:47:27,011 - INFO - Example 188 completed: 2618 steps, loss sum: 558.7817, final loss: 0.00099945, weight distance: 0.1107 (universal rank: 34452)
2025-09-22 15:47:27,011 - INFO - 
=== Worker 2 Training Example 189/1867 (global idx 3922): /home/projects/bagon/shared/imagenet512/val/n03884397/ILSVRC2012_val_00030953.JPEG ===
2025-09-22 15:47:41,019 - INFO - Example /home/projects/bagon/shared/imagenet512/val/n03884397/ILSVRC2012_val_00030953.JPEG reached epsilon at step 1214, loss sum: 462.4904, final loss: 0.00099945, weight distance: 0.0814
2025-09-22 15:47:41,661 - INFO - Example 189 completed: 1214 steps, loss sum: 462.4904, final loss: 0.00099945, weight distance: 0.0814 (universal rank: 34453)
2025-09-22 15:47:41,661 - INFO - 
=== Worker 2 Training Example 190/1867 (global idx 3923): /home/projects/bagon/shared/imagenet512/val/n01944390/ILSVRC2012_val_00001268.JPEG ===
2025-09-22 15:47:59,868 - INFO - Example /home/projects/bagon/shared/imagenet512/val/n01944390/ILSVRC2012_val_00001268.JPEG reached epsilon at step 1556, loss sum: 94.0093, final loss: 0.00094604, weight distance: 0.0706
2025-09-22 15:48:00,443 - INFO - Example 190 completed: 1556 steps, loss sum: 94.0093, final loss: 0.00094604, weight distance: 0.0706 (universal rank: 34454)
2025-09-22 15:48:00,443 - INFO - 
=== Worker 2 Training Example 191/1867 (global idx 3924): /home/projects/bagon/shared/imagenet512/val/n04367480/ILSVRC2012_val_00040620.JPEG ===
2025-09-22 15:48:21,546 - INFO - Example /home/projects/bagon/shared/imagenet512/val/n04367480/ILSVRC2012_val_00040620.JPEG reached epsilon at step 1875, loss sum: 238.2366, final loss: 0.00098419, weight distance: 0.0918
2025-09-22 15:48:22,054 - INFO - Example 191 completed: 1875 steps, loss sum: 238.2366, final loss: 0.00098419, weight distance: 0.0918 (universal rank: 34459)
2025-09-22 15:48:22,055 - INFO - 
=== Worker 2 Training Example 192/1867 (global idx 3925): /home/projects/bagon/shared/imagenet512/val/n02091635/ILSVRC2012_val_00038565.JPEG ===
2025-09-22 15:48:46,914 - INFO - Example /home/projects/bagon/shared/imagenet512/val/n02091635/ILSVRC2012_val_00038565.JPEG reached epsilon at step 2214, loss sum: 615.6544, final loss: 0.00098419, weight distance: 0.1110
2025-09-22 15:48:47,554 - INFO - Example 192 completed: 2214 steps, loss sum: 615.6544, final loss: 0.00098419, weight distance: 0.1110 (universal rank: 34461)
2025-09-22 15:48:47,555 - INFO - 
=== Worker 2 Training Example 193/1867 (global idx 3926): /home/projects/bagon/shared/imagenet512/val/n03041632/ILSVRC2012_val_00008526.JPEG ===
2025-09-22 15:49:09,608 - INFO - Example /home/projects/bagon/shared/imagenet512/val/n03041632/ILSVRC2012_val_00008526.JPEG reached epsilon at step 1961, loss sum: 125.2331, final loss: 0.00093842, weight distance: 0.0837
2025-09-22 15:49:10,269 - INFO - Example 193 completed: 1961 steps, loss sum: 125.2331, final loss: 0.00093842, weight distance: 0.0837 (universal rank: 34463)
2025-09-22 15:49:10,270 - INFO - 
=== Worker 2 Training Example 194/1867 (global idx 3927): /home/projects/bagon/shared/imagenet512/val/n03452741/ILSVRC2012_val_00039714.JPEG ===
2025-09-22 15:49:32,121 - INFO - Example /home/projects/bagon/shared/imagenet512/val/n03452741/ILSVRC2012_val_00039714.JPEG reached epsilon at step 1936, loss sum: 677.2030, final loss: 0.00094986, weight distance: 0.1021
2025-09-22 15:49:32,689 - INFO - Example 194 completed: 1936 steps, loss sum: 677.2030, final loss: 0.00094986, weight distance: 0.1021 (universal rank: 34465)
2025-09-22 15:49:32,689 - INFO - 
=== Worker 2 Training Example 195/1867 (global idx 3928): /home/projects/bagon/shared/imagenet512/val/n15075141/ILSVRC2012_val_00021975.JPEG ===
2025-09-22 15:49:53,016 - INFO - Example /home/projects/bagon/shared/imagenet512/val/n15075141/ILSVRC2012_val_00021975.JPEG reached epsilon at step 1766, loss sum: 103.5910, final loss: 0.00097656, weight distance: 0.0783
2025-09-22 15:49:53,714 - INFO - Example 195 completed: 1766 steps, loss sum: 103.5910, final loss: 0.00097656, weight distance: 0.0783 (universal rank: 34466)
2025-09-22 15:49:53,715 - INFO - 
=== Worker 2 Training Example 196/1867 (global idx 3929): /home/projects/bagon/shared/imagenet512/val/n02113624/ILSVRC2012_val_00046823.JPEG ===
2025-09-22 15:50:26,687 - INFO - Example /home/projects/bagon/shared/imagenet512/val/n02113624/ILSVRC2012_val_00046823.JPEG reached epsilon at step 2926, loss sum: 297.5693, final loss: 0.00095749, weight distance: 0.1247
2025-09-22 15:50:27,202 - INFO - Example 196 completed: 2926 steps, loss sum: 297.5693, final loss: 0.00095749, weight distance: 0.1247 (universal rank: 34469)
2025-09-22 15:50:27,202 - INFO - 
=== Worker 2 Training Example 197/1867 (global idx 3930): /home/projects/bagon/shared/imagenet512/val/n04201297/ILSVRC2012_val_00049812.JPEG ===
2025-09-22 15:50:53,497 - INFO - Example /home/projects/bagon/shared/imagenet512/val/n04201297/ILSVRC2012_val_00049812.JPEG reached epsilon at step 2339, loss sum: 652.7611, final loss: 0.00099945, weight distance: 0.1182
2025-09-22 15:50:54,028 - INFO - Example 197 completed: 2339 steps, loss sum: 652.7611, final loss: 0.00099945, weight distance: 0.1182 (universal rank: 34474)
2025-09-22 15:50:54,028 - INFO - 
=== Worker 2 Training Example 198/1867 (global idx 3931): /home/projects/bagon/shared/imagenet512/val/n13133613/ILSVRC2012_val_00034855.JPEG ===
2025-09-22 15:51:31,008 - INFO - Example /home/projects/bagon/shared/imagenet512/val/n13133613/ILSVRC2012_val_00034855.JPEG reached epsilon at step 3292, loss sum: 183.4158, final loss: 0.00099182, weight distance: 0.1262
2025-09-22 15:51:31,514 - INFO - Example 198 completed: 3292 steps, loss sum: 183.4158, final loss: 0.00099182, weight distance: 0.1262 (universal rank: 34479)
2025-09-22 15:51:31,514 - INFO - 
=== Worker 2 Training Example 199/1867 (global idx 3932): /home/projects/bagon/shared/imagenet512/val/n04131690/ILSVRC2012_val_00032187.JPEG ===
2025-09-22 15:51:57,126 - INFO - Example /home/projects/bagon/shared/imagenet512/val/n04131690/ILSVRC2012_val_00032187.JPEG reached epsilon at step 2289, loss sum: 2152.8832, final loss: 0.00096512, weight distance: 0.1371
2025-09-22 15:51:57,648 - INFO - Example 199 completed: 2289 steps, loss sum: 2152.8832, final loss: 0.00096512, weight distance: 0.1371 (universal rank: 34484)
2025-09-22 15:51:57,648 - INFO - 
=== Worker 2 Training Example 200/1867 (global idx 3933): /home/projects/bagon/shared/imagenet512/val/n03980874/ILSVRC2012_val_00006436.JPEG ===
2025-09-22 15:52:30,806 - INFO - Example /home/projects/bagon/shared/imagenet512/val/n03980874/ILSVRC2012_val_00006436.JPEG reached epsilon at step 2954, loss sum: 1119.3903, final loss: 0.00096512, weight distance: 0.1390
2025-09-22 15:52:31,325 - INFO - Example 200 completed: 2954 steps, loss sum: 1119.3903, final loss: 0.00096512, weight distance: 0.1390 (universal rank: 34485)
2025-09-22 15:52:31,325 - INFO - 
=== Worker 2 Training Example 201/1867 (global idx 3934): /home/projects/bagon/shared/imagenet512/val/n02127052/ILSVRC2012_val_00024903.JPEG ===
2025-09-22 15:52:51,725 - INFO - Example /home/projects/bagon/shared/imagenet512/val/n02127052/ILSVRC2012_val_00024903.JPEG reached epsilon at step 1813, loss sum: 941.1598, final loss: 0.00096130, weight distance: 0.1017
2025-09-22 15:52:52,346 - INFO - Example 201 completed: 1813 steps, loss sum: 941.1598, final loss: 0.00096130, weight distance: 0.1017 (universal rank: 34486)
2025-09-22 15:52:52,347 - INFO - 
=== Worker 2 Training Example 202/1867 (global idx 3935): /home/projects/bagon/shared/imagenet512/val/n04467665/ILSVRC2012_val_00035841.JPEG ===
2025-09-22 15:53:14,834 - INFO - Example /home/projects/bagon/shared/imagenet512/val/n04467665/ILSVRC2012_val_00035841.JPEG reached epsilon at step 2007, loss sum: 1228.8540, final loss: 0.00093460, weight distance: 0.1121
2025-09-22 15:53:15,351 - INFO - Example 202 completed: 2007 steps, loss sum: 1228.8540, final loss: 0.00093460, weight distance: 0.1121 (universal rank: 34487)
2025-09-22 15:53:15,351 - INFO - 
=== Worker 2 Training Example 203/1867 (global idx 3936): /home/projects/bagon/shared/imagenet512/val/n02444819/ILSVRC2012_val_00030612.JPEG ===
2025-09-22 15:53:31,148 - INFO - Example /home/projects/bagon/shared/imagenet512/val/n02444819/ILSVRC2012_val_00030612.JPEG reached epsilon at step 1410, loss sum: 254.9128, final loss: 0.00097275, weight distance: 0.0798
2025-09-22 15:53:31,664 - INFO - Example 203 completed: 1410 steps, loss sum: 254.9128, final loss: 0.00097275, weight distance: 0.0798 (universal rank: 34488)
2025-09-22 15:53:31,664 - INFO - 
=== Worker 2 Training Example 204/1867 (global idx 3937): /home/projects/bagon/shared/imagenet512/val/n01675722/ILSVRC2012_val_00039378.JPEG ===
2025-09-22 15:53:49,801 - INFO - Example /home/projects/bagon/shared/imagenet512/val/n01675722/ILSVRC2012_val_00039378.JPEG reached epsilon at step 1618, loss sum: 1585.8215, final loss: 0.00095749, weight distance: 0.1078
2025-09-22 15:53:50,311 - INFO - Example 204 completed: 1618 steps, loss sum: 1585.8215, final loss: 0.00095749, weight distance: 0.1078 (universal rank: 34489)
2025-09-22 15:53:50,311 - INFO - 
=== Worker 2 Training Example 205/1867 (global idx 3938): /home/projects/bagon/shared/imagenet512/val/n02113978/ILSVRC2012_val_00014147.JPEG ===
2025-09-22 15:54:01,761 - INFO - Example /home/projects/bagon/shared/imagenet512/val/n02113978/ILSVRC2012_val_00014147.JPEG reached epsilon at step 1019, loss sum: 74.4707, final loss: 0.00096130, weight distance: 0.0573
2025-09-22 15:54:02,266 - INFO - Example 205 completed: 1019 steps, loss sum: 74.4707, final loss: 0.00096130, weight distance: 0.0573 (universal rank: 34491)
2025-09-22 15:54:02,266 - INFO - 
=== Worker 2 Training Example 206/1867 (global idx 3939): /home/projects/bagon/shared/imagenet512/val/n02138441/ILSVRC2012_val_00003982.JPEG ===
2025-09-22 15:54:26,026 - INFO - Example /home/projects/bagon/shared/imagenet512/val/n02138441/ILSVRC2012_val_00003982.JPEG reached epsilon at step 2120, loss sum: 2077.4269, final loss: 0.00099182, weight distance: 0.1261
2025-09-22 15:54:26,531 - INFO - Example 206 completed: 2120 steps, loss sum: 2077.4269, final loss: 0.00099182, weight distance: 0.1261 (universal rank: 34492)
2025-09-22 15:54:26,531 - INFO - 
=== Worker 2 Training Example 207/1867 (global idx 3940): /home/projects/bagon/shared/imagenet512/val/n02091032/ILSVRC2012_val_00035423.JPEG ===
2025-09-22 15:54:50,255 - INFO - Example /home/projects/bagon/shared/imagenet512/val/n02091032/ILSVRC2012_val_00035423.JPEG reached epsilon at step 2103, loss sum: 171.3679, final loss: 0.00099945, weight distance: 0.0813
2025-09-22 15:54:50,783 - INFO - Example 207 completed: 2103 steps, loss sum: 171.3679, final loss: 0.00099945, weight distance: 0.0813 (universal rank: 34493)
2025-09-22 15:54:50,783 - INFO - 
=== Worker 2 Training Example 208/1867 (global idx 3941): /home/projects/bagon/shared/imagenet512/val/n03498962/ILSVRC2012_val_00016914.JPEG ===
2025-09-22 15:55:10,520 - INFO - Example /home/projects/bagon/shared/imagenet512/val/n03498962/ILSVRC2012_val_00016914.JPEG reached epsilon at step 1748, loss sum: 536.7619, final loss: 0.00093842, weight distance: 0.0935
2025-09-22 15:55:11,045 - INFO - Example 208 completed: 1748 steps, loss sum: 536.7619, final loss: 0.00093842, weight distance: 0.0935 (universal rank: 34494)
2025-09-22 15:55:11,046 - INFO - 
=== Worker 2 Training Example 209/1867 (global idx 3942): /home/projects/bagon/shared/imagenet512/val/n07717410/ILSVRC2012_val_00033494.JPEG ===
2025-09-22 15:55:31,019 - INFO - Example /home/projects/bagon/shared/imagenet512/val/n07717410/ILSVRC2012_val_00033494.JPEG reached epsilon at step 1770, loss sum: 937.8999, final loss: 0.00097656, weight distance: 0.1008
2025-09-22 15:55:31,532 - INFO - Example 209 completed: 1770 steps, loss sum: 937.8999, final loss: 0.00097656, weight distance: 0.1008 (universal rank: 34495)
2025-09-22 15:55:31,532 - INFO - 
=== Worker 2 Training Example 210/1867 (global idx 3943): /home/projects/bagon/shared/imagenet512/val/n01877812/ILSVRC2012_val_00022693.JPEG ===
2025-09-22 15:55:53,445 - INFO - Example /home/projects/bagon/shared/imagenet512/val/n01877812/ILSVRC2012_val_00022693.JPEG reached epsilon at step 1935, loss sum: 784.9636, final loss: 0.00096512, weight distance: 0.1076
2025-09-22 15:55:53,977 - INFO - Example 210 completed: 1935 steps, loss sum: 784.9636, final loss: 0.00096512, weight distance: 0.1076 (universal rank: 34496)
2025-09-22 15:55:53,977 - INFO - 
=== Worker 2 Training Example 211/1867 (global idx 3944): /home/projects/bagon/shared/imagenet512/val/n12768682/ILSVRC2012_val_00014606.JPEG ===
2025-09-22 15:56:07,540 - INFO - Example /home/projects/bagon/shared/imagenet512/val/n12768682/ILSVRC2012_val_00014606.JPEG reached epsilon at step 1203, loss sum: 1168.9393, final loss: 0.00099945, weight distance: 0.0815
2025-09-22 15:56:08,052 - INFO - Example 211 completed: 1203 steps, loss sum: 1168.9393, final loss: 0.00099945, weight distance: 0.0815 (universal rank: 34497)
2025-09-22 15:56:08,052 - INFO - 
=== Worker 2 Training Example 212/1867 (global idx 3945): /home/projects/bagon/shared/imagenet512/val/n07584110/ILSVRC2012_val_00032882.JPEG ===
2025-09-22 15:56:28,764 - INFO - Example /home/projects/bagon/shared/imagenet512/val/n07584110/ILSVRC2012_val_00032882.JPEG reached epsilon at step 1838, loss sum: 494.0508, final loss: 0.00096512, weight distance: 0.0972
2025-09-22 15:56:29,395 - INFO - Example 212 completed: 1838 steps, loss sum: 494.0508, final loss: 0.00096512, weight distance: 0.0972 (universal rank: 34500)
2025-09-22 15:56:29,396 - INFO - 
=== Worker 2 Training Example 213/1867 (global idx 3946): /home/projects/bagon/shared/imagenet512/val/n02093428/ILSVRC2012_val_00037841.JPEG ===
2025-09-22 15:56:55,390 - INFO - Example /home/projects/bagon/shared/imagenet512/val/n02093428/ILSVRC2012_val_00037841.JPEG reached epsilon at step 2295, loss sum: 812.9871, final loss: 0.00091934, weight distance: 0.1158
2025-09-22 15:56:55,958 - INFO - Example 213 completed: 2295 steps, loss sum: 812.9871, final loss: 0.00091934, weight distance: 0.1158 (universal rank: 34501)
2025-09-22 15:56:55,958 - INFO - 
=== Worker 2 Training Example 214/1867 (global idx 3947): /home/projects/bagon/shared/imagenet512/val/n04099969/ILSVRC2012_val_00001340.JPEG ===
2025-09-22 15:57:10,077 - INFO - Example /home/projects/bagon/shared/imagenet512/val/n04099969/ILSVRC2012_val_00001340.JPEG reached epsilon at step 1253, loss sum: 742.0744, final loss: 0.00097656, weight distance: 0.0852
2025-09-22 15:57:10,602 - INFO - Example 214 completed: 1253 steps, loss sum: 742.0744, final loss: 0.00097656, weight distance: 0.0852 (universal rank: 34502)
2025-09-22 15:57:10,602 - INFO - 
=== Worker 2 Training Example 215/1867 (global idx 3948): /home/projects/bagon/shared/imagenet512/val/n04550184/ILSVRC2012_val_00030919.JPEG ===
2025-09-22 15:57:27,700 - INFO - Example /home/projects/bagon/shared/imagenet512/val/n04550184/ILSVRC2012_val_00030919.JPEG reached epsilon at step 1510, loss sum: 1985.9872, final loss: 0.00099182, weight distance: 0.1102
2025-09-22 15:57:28,224 - INFO - Example 215 completed: 1510 steps, loss sum: 1985.9872, final loss: 0.00099182, weight distance: 0.1102 (universal rank: 34506)
2025-09-22 15:57:28,224 - INFO - 
=== Worker 2 Training Example 216/1867 (global idx 3949): /home/projects/bagon/shared/imagenet512/val/n03983396/ILSVRC2012_val_00012891.JPEG ===
2025-09-22 15:57:59,643 - INFO - Example /home/projects/bagon/shared/imagenet512/val/n03983396/ILSVRC2012_val_00012891.JPEG reached epsilon at step 2762, loss sum: 724.0382, final loss: 0.00099945, weight distance: 0.1319
2025-09-22 15:58:00,195 - INFO - Example 216 completed: 2762 steps, loss sum: 724.0382, final loss: 0.00099945, weight distance: 0.1319 (universal rank: 34507)
2025-09-22 15:58:00,195 - INFO - 
=== Worker 2 Training Example 217/1867 (global idx 3950): /home/projects/bagon/shared/imagenet512/val/n04517823/ILSVRC2012_val_00048446.JPEG ===
2025-09-22 15:58:22,303 - INFO - Example /home/projects/bagon/shared/imagenet512/val/n04517823/ILSVRC2012_val_00048446.JPEG reached epsilon at step 1960, loss sum: 655.8936, final loss: 0.00097275, weight distance: 0.1056
2025-09-22 15:58:22,854 - INFO - Example 217 completed: 1960 steps, loss sum: 655.8936, final loss: 0.00097275, weight distance: 0.1056 (universal rank: 34508)
2025-09-22 15:58:22,854 - INFO - 
=== Worker 2 Training Example 218/1867 (global idx 3951): /home/projects/bagon/shared/imagenet512/val/n03042490/ILSVRC2012_val_00018709.JPEG ===
2025-09-22 15:58:34,301 - INFO - Example /home/projects/bagon/shared/imagenet512/val/n03042490/ILSVRC2012_val_00018709.JPEG reached epsilon at step 979, loss sum: 188.2243, final loss: 0.00098419, weight distance: 0.0630
2025-09-22 15:58:34,805 - INFO - Example 218 completed: 979 steps, loss sum: 188.2243, final loss: 0.00098419, weight distance: 0.0630 (universal rank: 34509)
2025-09-22 15:58:34,805 - INFO - 
=== Worker 2 Training Example 219/1867 (global idx 3952): /home/projects/bagon/shared/imagenet512/val/n02098105/ILSVRC2012_val_00036069.JPEG ===
2025-09-22 15:58:51,601 - INFO - Example /home/projects/bagon/shared/imagenet512/val/n02098105/ILSVRC2012_val_00036069.JPEG reached epsilon at step 1467, loss sum: 605.5681, final loss: 0.00098419, weight distance: 0.0811
2025-09-22 15:58:52,124 - INFO - Example 219 completed: 1467 steps, loss sum: 605.5681, final loss: 0.00098419, weight distance: 0.0811 (universal rank: 34511)
2025-09-22 15:58:52,125 - INFO - 
=== Worker 2 Training Example 220/1867 (global idx 3953): /home/projects/bagon/shared/imagenet512/val/n02443484/ILSVRC2012_val_00000480.JPEG ===
2025-09-22 15:59:36,437 - INFO - Example /home/projects/bagon/shared/imagenet512/val/n02443484/ILSVRC2012_val_00000480.JPEG reached epsilon at step 3910, loss sum: 132.4918, final loss: 0.00091934, weight distance: 0.1219
2025-09-22 15:59:36,970 - INFO - Example 220 completed: 3910 steps, loss sum: 132.4918, final loss: 0.00091934, weight distance: 0.1219 (universal rank: 34513)
2025-09-22 15:59:36,970 - INFO - 
=== Worker 2 Training Example 221/1867 (global idx 3954): /home/projects/bagon/shared/imagenet512/val/n04344873/ILSVRC2012_val_00025377.JPEG ===
2025-09-22 15:59:55,150 - INFO - Example /home/projects/bagon/shared/imagenet512/val/n04344873/ILSVRC2012_val_00025377.JPEG reached epsilon at step 1601, loss sum: 209.1559, final loss: 0.00096130, weight distance: 0.0742
2025-09-22 15:59:55,734 - INFO - Example 221 completed: 1601 steps, loss sum: 209.1559, final loss: 0.00096130, weight distance: 0.0742 (universal rank: 34515)
2025-09-22 15:59:55,734 - INFO - 
=== Worker 2 Training Example 222/1867 (global idx 3955): /home/projects/bagon/shared/imagenet512/val/n02825657/ILSVRC2012_val_00027229.JPEG ===
2025-09-22 16:00:17,177 - INFO - Example /home/projects/bagon/shared/imagenet512/val/n02825657/ILSVRC2012_val_00027229.JPEG reached epsilon at step 1892, loss sum: 241.1911, final loss: 0.00094223, weight distance: 0.0885
2025-09-22 16:00:17,700 - INFO - Example 222 completed: 1892 steps, loss sum: 241.1911, final loss: 0.00094223, weight distance: 0.0885 (universal rank: 34517)
2025-09-22 16:00:17,701 - INFO - 
=== Worker 2 Training Example 223/1867 (global idx 3956): /home/projects/bagon/shared/imagenet512/val/n03666591/ILSVRC2012_val_00009162.JPEG ===
2025-09-22 16:00:43,223 - INFO - Example /home/projects/bagon/shared/imagenet512/val/n03666591/ILSVRC2012_val_00009162.JPEG reached epsilon at step 2244, loss sum: 1344.1236, final loss: 0.00096130, weight distance: 0.1181
2025-09-22 16:00:43,797 - INFO - Example 223 completed: 2244 steps, loss sum: 1344.1236, final loss: 0.00096130, weight distance: 0.1181 (universal rank: 34523)
2025-09-22 16:00:43,797 - INFO - 
=== Worker 2 Training Example 224/1867 (global idx 3957): /home/projects/bagon/shared/imagenet512/val/n01910747/ILSVRC2012_val_00018952.JPEG ===
2025-09-22 16:00:54,486 - INFO - Example /home/projects/bagon/shared/imagenet512/val/n01910747/ILSVRC2012_val_00018952.JPEG reached epsilon at step 940, loss sum: 241.1720, final loss: 0.00096512, weight distance: 0.0633
2025-09-22 16:00:55,003 - INFO - Example 224 completed: 940 steps, loss sum: 241.1720, final loss: 0.00096512, weight distance: 0.0633 (universal rank: 34524)
2025-09-22 16:00:55,003 - INFO - 
=== Worker 2 Training Example 225/1867 (global idx 3958): /home/projects/bagon/shared/imagenet512/val/n03938244/ILSVRC2012_val_00011469.JPEG ===
2025-09-22 16:01:10,579 - INFO - Example /home/projects/bagon/shared/imagenet512/val/n03938244/ILSVRC2012_val_00011469.JPEG reached epsilon at step 1366, loss sum: 166.8958, final loss: 0.00096512, weight distance: 0.0740
2025-09-22 16:01:11,177 - INFO - Example 225 completed: 1366 steps, loss sum: 166.8958, final loss: 0.00096512, weight distance: 0.0740 (universal rank: 34525)
2025-09-22 16:01:11,177 - INFO - 
=== Worker 2 Training Example 226/1867 (global idx 3959): /home/projects/bagon/shared/imagenet512/val/n03785016/ILSVRC2012_val_00021121.JPEG ===
2025-09-22 16:01:44,527 - INFO - Example /home/projects/bagon/shared/imagenet512/val/n03785016/ILSVRC2012_val_00021121.JPEG reached epsilon at step 2979, loss sum: 409.2592, final loss: 0.00096893, weight distance: 0.1103
2025-09-22 16:01:45,036 - INFO - Example 226 completed: 2979 steps, loss sum: 409.2592, final loss: 0.00096893, weight distance: 0.1103 (universal rank: 34526)
2025-09-22 16:01:45,036 - INFO - 
=== Worker 2 Training Example 227/1867 (global idx 3960): /home/projects/bagon/shared/imagenet512/val/n02172182/ILSVRC2012_val_00005763.JPEG ===
2025-09-22 16:02:01,365 - INFO - Example /home/projects/bagon/shared/imagenet512/val/n02172182/ILSVRC2012_val_00005763.JPEG reached epsilon at step 1455, loss sum: 332.9192, final loss: 0.00091171, weight distance: 0.0884
2025-09-22 16:02:01,912 - INFO - Example 227 completed: 1455 steps, loss sum: 332.9192, final loss: 0.00091171, weight distance: 0.0884 (universal rank: 34528)
2025-09-22 16:02:01,913 - INFO - 
=== Worker 2 Training Example 228/1867 (global idx 3961): /home/projects/bagon/shared/imagenet512/val/n03207941/ILSVRC2012_val_00012585.JPEG ===
2025-09-22 16:02:21,284 - INFO - Example /home/projects/bagon/shared/imagenet512/val/n03207941/ILSVRC2012_val_00012585.JPEG reached epsilon at step 1707, loss sum: 162.2343, final loss: 0.00099182, weight distance: 0.0808
2025-09-22 16:02:21,790 - INFO - Example 228 completed: 1707 steps, loss sum: 162.2343, final loss: 0.00099182, weight distance: 0.0808 (universal rank: 34530)
2025-09-22 16:02:21,790 - INFO - 
=== Worker 2 Training Example 229/1867 (global idx 3962): /home/projects/bagon/shared/imagenet512/val/n04465501/ILSVRC2012_val_00035906.JPEG ===
2025-09-22 16:02:44,764 - INFO - Example /home/projects/bagon/shared/imagenet512/val/n04465501/ILSVRC2012_val_00035906.JPEG reached epsilon at step 2025, loss sum: 210.0088, final loss: 0.00095367, weight distance: 0.0925
2025-09-22 16:02:45,340 - INFO - Example 229 completed: 2025 steps, loss sum: 210.0088, final loss: 0.00095367, weight distance: 0.0925 (universal rank: 34531)
2025-09-22 16:02:45,340 - INFO - 
=== Worker 2 Training Example 230/1867 (global idx 3963): /home/projects/bagon/shared/imagenet512/val/n04285008/ILSVRC2012_val_00022739.JPEG ===
2025-09-22 16:03:27,528 - INFO - Example /home/projects/bagon/shared/imagenet512/val/n04285008/ILSVRC2012_val_00022739.JPEG reached epsilon at step 3729, loss sum: 1306.0994, final loss: 0.00099945, weight distance: 0.1595
2025-09-22 16:03:28,061 - INFO - Example 230 completed: 3729 steps, loss sum: 1306.0994, final loss: 0.00099945, weight distance: 0.1595 (universal rank: 34532)
2025-09-22 16:03:28,061 - INFO - 
=== Worker 2 Training Example 231/1867 (global idx 3964): /home/projects/bagon/shared/imagenet512/val/n04326547/ILSVRC2012_val_00028856.JPEG ===
2025-09-22 16:03:45,013 - INFO - Example /home/projects/bagon/shared/imagenet512/val/n04326547/ILSVRC2012_val_00028856.JPEG reached epsilon at step 1450, loss sum: 395.3525, final loss: 0.00093842, weight distance: 0.0852
2025-09-22 16:03:45,529 - INFO - Example 231 completed: 1450 steps, loss sum: 395.3525, final loss: 0.00093842, weight distance: 0.0852 (universal rank: 34533)
2025-09-22 16:03:45,529 - INFO - 
=== Worker 2 Training Example 232/1867 (global idx 3965): /home/projects/bagon/shared/imagenet512/val/n02101388/ILSVRC2012_val_00001577.JPEG ===
2025-09-22 16:04:20,827 - INFO - Example /home/projects/bagon/shared/imagenet512/val/n02101388/ILSVRC2012_val_00001577.JPEG reached epsilon at step 3140, loss sum: 3159.1648, final loss: 0.00095749, weight distance: 0.1628
2025-09-22 16:04:21,467 - INFO - Example 232 completed: 3140 steps, loss sum: 3159.1648, final loss: 0.00095749, weight distance: 0.1628 (universal rank: 34534)
2025-09-22 16:04:21,467 - INFO - 
=== Worker 2 Training Example 233/1867 (global idx 3966): /home/projects/bagon/shared/imagenet512/val/n02804610/ILSVRC2012_val_00030587.JPEG ===
2025-09-22 16:04:45,410 - INFO - Example /home/projects/bagon/shared/imagenet512/val/n02804610/ILSVRC2012_val_00030587.JPEG reached epsilon at step 2115, loss sum: 881.4109, final loss: 0.00096130, weight distance: 0.1078
2025-09-22 16:04:45,938 - INFO - Example 233 completed: 2115 steps, loss sum: 881.4109, final loss: 0.00096130, weight distance: 0.1078 (universal rank: 34535)
2025-09-22 16:04:45,938 - INFO - 
=== Worker 2 Training Example 234/1867 (global idx 3967): /home/projects/bagon/shared/imagenet512/val/n02137549/ILSVRC2012_val_00047555.JPEG ===
2025-09-22 16:05:05,115 - INFO - Example /home/projects/bagon/shared/imagenet512/val/n02137549/ILSVRC2012_val_00047555.JPEG reached epsilon at step 1683, loss sum: 979.7169, final loss: 0.00093842, weight distance: 0.1027
2025-09-22 16:05:05,669 - INFO - Example 234 completed: 1683 steps, loss sum: 979.7169, final loss: 0.00093842, weight distance: 0.1027 (universal rank: 34536)
2025-09-22 16:05:05,669 - INFO - 
=== Worker 2 Training Example 235/1867 (global idx 3968): /home/projects/bagon/shared/imagenet512/val/n12620546/ILSVRC2012_val_00034248.JPEG ===
2025-09-22 16:05:20,584 - INFO - Example /home/projects/bagon/shared/imagenet512/val/n12620546/ILSVRC2012_val_00034248.JPEG reached epsilon at step 1328, loss sum: 224.8038, final loss: 0.00099945, weight distance: 0.0728
2025-09-22 16:05:21,113 - INFO - Example 235 completed: 1328 steps, loss sum: 224.8038, final loss: 0.00099945, weight distance: 0.0728 (universal rank: 34537)
2025-09-22 16:05:21,113 - INFO - 
=== Worker 2 Training Example 236/1867 (global idx 3969): /home/projects/bagon/shared/imagenet512/val/n07697537/ILSVRC2012_val_00032679.JPEG ===
2025-09-22 16:05:39,053 - INFO - Example /home/projects/bagon/shared/imagenet512/val/n07697537/ILSVRC2012_val_00032679.JPEG reached epsilon at step 1589, loss sum: 1165.9008, final loss: 0.00097656, weight distance: 0.0952
2025-09-22 16:05:39,567 - INFO - Example 236 completed: 1589 steps, loss sum: 1165.9008, final loss: 0.00097656, weight distance: 0.0952 (universal rank: 34538)
2025-09-22 16:05:39,567 - INFO - 
=== Worker 2 Training Example 237/1867 (global idx 3970): /home/projects/bagon/shared/imagenet512/val/n02097298/ILSVRC2012_val_00013243.JPEG ===
2025-09-22 16:06:03,862 - INFO - Example /home/projects/bagon/shared/imagenet512/val/n02097298/ILSVRC2012_val_00013243.JPEG reached epsilon at step 2155, loss sum: 665.0632, final loss: 0.00099945, weight distance: 0.1030
2025-09-22 16:06:04,373 - INFO - Example 237 completed: 2155 steps, loss sum: 665.0632, final loss: 0.00099945, weight distance: 0.1030 (universal rank: 34539)
2025-09-22 16:06:04,373 - INFO - 
=== Worker 2 Training Example 238/1867 (global idx 3971): /home/projects/bagon/shared/imagenet512/val/n02102318/ILSVRC2012_val_00023133.JPEG ===
2025-09-22 16:06:24,489 - INFO - Example /home/projects/bagon/shared/imagenet512/val/n02102318/ILSVRC2012_val_00023133.JPEG reached epsilon at step 1781, loss sum: 102.4484, final loss: 0.00098419, weight distance: 0.0757
2025-09-22 16:06:25,014 - INFO - Example 238 completed: 1781 steps, loss sum: 102.4484, final loss: 0.00098419, weight distance: 0.0757 (universal rank: 34540)
2025-09-22 16:06:25,014 - INFO - 
=== Worker 2 Training Example 239/1867 (global idx 3972): /home/projects/bagon/shared/imagenet512/val/n03444034/ILSVRC2012_val_00016057.JPEG ===
2025-09-22 16:06:45,206 - INFO - Example /home/projects/bagon/shared/imagenet512/val/n03444034/ILSVRC2012_val_00016057.JPEG reached epsilon at step 1775, loss sum: 502.6691, final loss: 0.00096512, weight distance: 0.0921
2025-09-22 16:06:45,737 - INFO - Example 239 completed: 1775 steps, loss sum: 502.6691, final loss: 0.00096512, weight distance: 0.0921 (universal rank: 34543)
2025-09-22 16:06:45,737 - INFO - 
=== Worker 2 Training Example 240/1867 (global idx 3973): /home/projects/bagon/shared/imagenet512/val/n03026506/ILSVRC2012_val_00040401.JPEG ===
2025-09-22 16:07:03,145 - INFO - Example /home/projects/bagon/shared/imagenet512/val/n03026506/ILSVRC2012_val_00040401.JPEG reached epsilon at step 1545, loss sum: 207.7640, final loss: 0.00098419, weight distance: 0.0846
2025-09-22 16:07:03,663 - INFO - Example 240 completed: 1545 steps, loss sum: 207.7640, final loss: 0.00098419, weight distance: 0.0846 (universal rank: 34545)
2025-09-22 16:07:03,663 - INFO - 
=== Worker 2 Training Example 241/1867 (global idx 3974): /home/projects/bagon/shared/imagenet512/val/n07590611/ILSVRC2012_val_00036662.JPEG ===
2025-09-22 16:07:31,183 - INFO - Example /home/projects/bagon/shared/imagenet512/val/n07590611/ILSVRC2012_val_00036662.JPEG reached epsilon at step 2430, loss sum: 351.6115, final loss: 0.00095749, weight distance: 0.1045
2025-09-22 16:07:31,703 - INFO - Example 241 completed: 2430 steps, loss sum: 351.6115, final loss: 0.00095749, weight distance: 0.1045 (universal rank: 34553)
2025-09-22 16:07:31,703 - INFO - 
=== Worker 2 Training Example 242/1867 (global idx 3975): /home/projects/bagon/shared/imagenet512/val/n04505470/ILSVRC2012_val_00015929.JPEG ===
2025-09-22 16:08:06,187 - INFO - Example /home/projects/bagon/shared/imagenet512/val/n04505470/ILSVRC2012_val_00015929.JPEG reached epsilon at step 3038, loss sum: 168.3440, final loss: 0.00095367, weight distance: 0.1155
2025-09-22 16:08:06,701 - INFO - Example 242 completed: 3038 steps, loss sum: 168.3440, final loss: 0.00095367, weight distance: 0.1155 (universal rank: 34555)
2025-09-22 16:08:06,701 - INFO - 
=== Worker 2 Training Example 243/1867 (global idx 3976): /home/projects/bagon/shared/imagenet512/val/n02747177/ILSVRC2012_val_00004907.JPEG ===
2025-09-22 16:08:33,638 - INFO - Example /home/projects/bagon/shared/imagenet512/val/n02747177/ILSVRC2012_val_00004907.JPEG reached epsilon at step 2392, loss sum: 504.3538, final loss: 0.00098419, weight distance: 0.1158
2025-09-22 16:08:34,159 - INFO - Example 243 completed: 2392 steps, loss sum: 504.3538, final loss: 0.00098419, weight distance: 0.1158 (universal rank: 34556)
2025-09-22 16:08:34,159 - INFO - 
=== Worker 2 Training Example 244/1867 (global idx 3977): /home/projects/bagon/shared/imagenet512/val/n09229709/ILSVRC2012_val_00011725.JPEG ===
2025-09-22 16:08:52,889 - INFO - Example /home/projects/bagon/shared/imagenet512/val/n09229709/ILSVRC2012_val_00011725.JPEG reached epsilon at step 1665, loss sum: 1147.4971, final loss: 0.00099945, weight distance: 0.1089
2025-09-22 16:08:53,487 - INFO - Example 244 completed: 1665 steps, loss sum: 1147.4971, final loss: 0.00099945, weight distance: 0.1089 (universal rank: 34563)
2025-09-22 16:08:53,487 - INFO - 
=== Worker 2 Training Example 245/1867 (global idx 3978): /home/projects/bagon/shared/imagenet512/val/n01742172/ILSVRC2012_val_00039669.JPEG ===
2025-09-22 16:09:12,415 - INFO - Example /home/projects/bagon/shared/imagenet512/val/n01742172/ILSVRC2012_val_00039669.JPEG reached epsilon at step 1677, loss sum: 1621.9476, final loss: 0.00099182, weight distance: 0.1010
2025-09-22 16:09:12,928 - INFO - Example 245 completed: 1677 steps, loss sum: 1621.9476, final loss: 0.00099182, weight distance: 0.1010 (universal rank: 34564)
2025-09-22 16:09:12,928 - INFO - 
=== Worker 2 Training Example 246/1867 (global idx 3979): /home/projects/bagon/shared/imagenet512/val/n07880968/ILSVRC2012_val_00049379.JPEG ===
2025-09-22 16:09:30,766 - INFO - Example /home/projects/bagon/shared/imagenet512/val/n07880968/ILSVRC2012_val_00049379.JPEG reached epsilon at step 1573, loss sum: 683.3973, final loss: 0.00093842, weight distance: 0.0960
2025-09-22 16:09:31,273 - INFO - Example 246 completed: 1573 steps, loss sum: 683.3973, final loss: 0.00093842, weight distance: 0.0960 (universal rank: 34565)
2025-09-22 16:09:31,273 - INFO - 
=== Worker 2 Training Example 247/1867 (global idx 3980): /home/projects/bagon/shared/imagenet512/val/n04456115/ILSVRC2012_val_00008917.JPEG ===
2025-09-22 16:09:43,838 - INFO - Example /home/projects/bagon/shared/imagenet512/val/n04456115/ILSVRC2012_val_00008917.JPEG reached epsilon at step 1111, loss sum: 319.5442, final loss: 0.00097275, weight distance: 0.0723
2025-09-22 16:09:44,377 - INFO - Example 247 completed: 1111 steps, loss sum: 319.5442, final loss: 0.00097275, weight distance: 0.0723 (universal rank: 34566)
2025-09-22 16:09:44,377 - INFO - 
=== Worker 2 Training Example 248/1867 (global idx 3981): /home/projects/bagon/shared/imagenet512/val/n02113799/ILSVRC2012_val_00048311.JPEG ===
2025-09-22 16:10:18,541 - INFO - Example /home/projects/bagon/shared/imagenet512/val/n02113799/ILSVRC2012_val_00048311.JPEG reached epsilon at step 3032, loss sum: 1115.8023, final loss: 0.00096893, weight distance: 0.1381
2025-09-22 16:10:19,061 - INFO - Example 248 completed: 3032 steps, loss sum: 1115.8023, final loss: 0.00096893, weight distance: 0.1381 (universal rank: 34567)
2025-09-22 16:10:19,062 - INFO - 
=== Worker 2 Training Example 249/1867 (global idx 3982): /home/projects/bagon/shared/imagenet512/val/n03445924/ILSVRC2012_val_00018655.JPEG ===
2025-09-22 16:10:36,044 - INFO - Example /home/projects/bagon/shared/imagenet512/val/n03445924/ILSVRC2012_val_00018655.JPEG reached epsilon at step 1506, loss sum: 548.2706, final loss: 0.00099182, weight distance: 0.0888
2025-09-22 16:10:36,557 - INFO - Example 249 completed: 1506 steps, loss sum: 548.2706, final loss: 0.00099182, weight distance: 0.0888 (universal rank: 34568)
2025-09-22 16:10:36,558 - INFO - 
=== Worker 2 Training Example 250/1867 (global idx 3983): /home/projects/bagon/shared/imagenet512/val/n04286575/ILSVRC2012_val_00008187.JPEG ===
2025-09-22 16:10:58,709 - INFO - Example /home/projects/bagon/shared/imagenet512/val/n04286575/ILSVRC2012_val_00008187.JPEG reached epsilon at step 1956, loss sum: 1144.1894, final loss: 0.00098419, weight distance: 0.1148
2025-09-22 16:10:59,311 - INFO - Example 250 completed: 1956 steps, loss sum: 1144.1894, final loss: 0.00098419, weight distance: 0.1148 (universal rank: 34569)
2025-09-22 16:10:59,311 - INFO - 
=== Worker 2 Training Example 251/1867 (global idx 3984): /home/projects/bagon/shared/imagenet512/val/n01443537/ILSVRC2012_val_00020436.JPEG ===
2025-09-22 16:11:14,902 - INFO - Example /home/projects/bagon/shared/imagenet512/val/n01443537/ILSVRC2012_val_00020436.JPEG reached epsilon at step 1371, loss sum: 461.1583, final loss: 0.00099182, weight distance: 0.0836
2025-09-22 16:11:15,409 - INFO - Example 251 completed: 1371 steps, loss sum: 461.1583, final loss: 0.00099182, weight distance: 0.0836 (universal rank: 34570)
2025-09-22 16:11:15,409 - INFO - 
=== Worker 2 Training Example 252/1867 (global idx 3985): /home/projects/bagon/shared/imagenet512/val/n02100583/ILSVRC2012_val_00038738.JPEG ===
2025-09-22 16:11:41,360 - INFO - Example /home/projects/bagon/shared/imagenet512/val/n02100583/ILSVRC2012_val_00038738.JPEG reached epsilon at step 2288, loss sum: 436.9997, final loss: 0.00094223, weight distance: 0.1073
2025-09-22 16:11:41,873 - INFO - Example 252 completed: 2288 steps, loss sum: 436.9997, final loss: 0.00094223, weight distance: 0.1073 (universal rank: 34571)
2025-09-22 16:11:41,873 - INFO - 
=== Worker 2 Training Example 253/1867 (global idx 3986): /home/projects/bagon/shared/imagenet512/val/n02071294/ILSVRC2012_val_00026225.JPEG ===
2025-09-22 16:11:57,355 - INFO - Example /home/projects/bagon/shared/imagenet512/val/n02071294/ILSVRC2012_val_00026225.JPEG reached epsilon at step 1364, loss sum: 8.3559, final loss: 0.00090790, weight distance: 0.0451
2025-09-22 16:11:57,870 - INFO - Example 253 completed: 1364 steps, loss sum: 8.3559, final loss: 0.00090790, weight distance: 0.0451 (universal rank: 34573)
2025-09-22 16:11:57,870 - INFO - 
=== Worker 2 Training Example 254/1867 (global idx 3987): /home/projects/bagon/shared/imagenet512/val/n07716358/ILSVRC2012_val_00016062.JPEG ===
2025-09-22 16:12:24,846 - INFO - Example /home/projects/bagon/shared/imagenet512/val/n07716358/ILSVRC2012_val_00016062.JPEG reached epsilon at step 2380, loss sum: 1181.9715, final loss: 0.00094223, weight distance: 0.1173
2025-09-22 16:12:25,355 - INFO - Example 254 completed: 2380 steps, loss sum: 1181.9715, final loss: 0.00094223, weight distance: 0.1173 (universal rank: 34574)
2025-09-22 16:12:25,355 - INFO - 
=== Worker 2 Training Example 255/1867 (global idx 3988): /home/projects/bagon/shared/imagenet512/val/n09332890/ILSVRC2012_val_00022287.JPEG ===
2025-09-22 16:12:58,760 - INFO - Example /home/projects/bagon/shared/imagenet512/val/n09332890/ILSVRC2012_val_00022287.JPEG reached epsilon at step 2924, loss sum: 389.9113, final loss: 0.00094223, weight distance: 0.1217
2025-09-22 16:12:59,369 - INFO - Example 255 completed: 2924 steps, loss sum: 389.9113, final loss: 0.00094223, weight distance: 0.1217 (universal rank: 34575)
2025-09-22 16:12:59,369 - INFO - 
=== Worker 2 Training Example 256/1867 (global idx 3989): /home/projects/bagon/shared/imagenet512/val/n02099849/ILSVRC2012_val_00029742.JPEG ===
2025-09-22 16:13:11,721 - INFO - Example /home/projects/bagon/shared/imagenet512/val/n02099849/ILSVRC2012_val_00029742.JPEG reached epsilon at step 1088, loss sum: 55.7121, final loss: 0.00096130, weight distance: 0.0541
2025-09-22 16:13:12,241 - INFO - Example 256 completed: 1088 steps, loss sum: 55.7121, final loss: 0.00096130, weight distance: 0.0541 (universal rank: 34578)
2025-09-22 16:13:12,241 - INFO - 
=== Worker 2 Training Example 257/1867 (global idx 3990): /home/projects/bagon/shared/imagenet512/val/n04392985/ILSVRC2012_val_00021674.JPEG ===
2025-09-22 16:14:07,215 - INFO - Example /home/projects/bagon/shared/imagenet512/val/n04392985/ILSVRC2012_val_00021674.JPEG reached epsilon at step 4876, loss sum: 1462.4938, final loss: 0.00097656, weight distance: 0.2026
2025-09-22 16:14:07,718 - INFO - Example 257 completed: 4876 steps, loss sum: 1462.4938, final loss: 0.00097656, weight distance: 0.2026 (universal rank: 34580)
2025-09-22 16:14:07,718 - INFO - 
=== Worker 2 Training Example 258/1867 (global idx 3991): /home/projects/bagon/shared/imagenet512/val/n02786058/ILSVRC2012_val_00020756.JPEG ===
2025-09-22 16:14:23,708 - INFO - Example /home/projects/bagon/shared/imagenet512/val/n02786058/ILSVRC2012_val_00020756.JPEG reached epsilon at step 1433, loss sum: 660.3151, final loss: 0.00090790, weight distance: 0.0815
2025-09-22 16:14:24,222 - INFO - Example 258 completed: 1433 steps, loss sum: 660.3151, final loss: 0.00090790, weight distance: 0.0815 (universal rank: 34581)
2025-09-22 16:14:24,222 - INFO - 
=== Worker 2 Training Example 259/1867 (global idx 3992): /home/projects/bagon/shared/imagenet512/val/n03788365/ILSVRC2012_val_00029655.JPEG ===
2025-09-22 16:14:41,906 - INFO - Example /home/projects/bagon/shared/imagenet512/val/n03788365/ILSVRC2012_val_00029655.JPEG reached epsilon at step 1598, loss sum: 555.1433, final loss: 0.00096512, weight distance: 0.0973
2025-09-22 16:14:42,414 - INFO - Example 259 completed: 1598 steps, loss sum: 555.1433, final loss: 0.00096512, weight distance: 0.0973 (universal rank: 34582)
2025-09-22 16:14:42,414 - INFO - 
=== Worker 2 Training Example 260/1867 (global idx 3993): /home/projects/bagon/shared/imagenet512/val/n03916031/ILSVRC2012_val_00032845.JPEG ===
2025-09-22 16:15:11,469 - INFO - Example /home/projects/bagon/shared/imagenet512/val/n03916031/ILSVRC2012_val_00032845.JPEG reached epsilon at step 2601, loss sum: 494.4986, final loss: 0.00099945, weight distance: 0.1071
2025-09-22 16:15:11,971 - INFO - Example 260 completed: 2601 steps, loss sum: 494.4986, final loss: 0.00099945, weight distance: 0.1071 (universal rank: 34583)
2025-09-22 16:15:11,971 - INFO - 
=== Worker 2 Training Example 261/1867 (global idx 3994): /home/projects/bagon/shared/imagenet512/val/n04192698/ILSVRC2012_val_00005679.JPEG ===
2025-09-22 16:15:24,827 - INFO - Example /home/projects/bagon/shared/imagenet512/val/n04192698/ILSVRC2012_val_00005679.JPEG reached epsilon at step 1162, loss sum: 151.4711, final loss: 0.00097656, weight distance: 0.0616
2025-09-22 16:15:25,342 - INFO - Example 261 completed: 1162 steps, loss sum: 151.4711, final loss: 0.00097656, weight distance: 0.0616 (universal rank: 34585)
2025-09-22 16:15:25,342 - INFO - 
=== Worker 2 Training Example 262/1867 (global idx 3995): /home/projects/bagon/shared/imagenet512/val/n02090721/ILSVRC2012_val_00022022.JPEG ===
2025-09-22 16:15:49,025 - INFO - Example /home/projects/bagon/shared/imagenet512/val/n02090721/ILSVRC2012_val_00022022.JPEG reached epsilon at step 2141, loss sum: 109.5963, final loss: 0.00099182, weight distance: 0.0830
2025-09-22 16:15:49,538 - INFO - Example 262 completed: 2141 steps, loss sum: 109.5963, final loss: 0.00099182, weight distance: 0.0830 (universal rank: 34586)
2025-09-22 16:15:49,538 - INFO - 
=== Worker 2 Training Example 263/1867 (global idx 3996): /home/projects/bagon/shared/imagenet512/val/n02992529/ILSVRC2012_val_00039932.JPEG ===
2025-09-22 16:16:10,027 - INFO - Example /home/projects/bagon/shared/imagenet512/val/n02992529/ILSVRC2012_val_00039932.JPEG reached epsilon at step 1814, loss sum: 352.2538, final loss: 0.00096893, weight distance: 0.0930
2025-09-22 16:16:10,544 - INFO - Example 263 completed: 1814 steps, loss sum: 352.2538, final loss: 0.00096893, weight distance: 0.0930 (universal rank: 34587)
2025-09-22 16:16:10,544 - INFO - 
=== Worker 2 Training Example 264/1867 (global idx 3997): /home/projects/bagon/shared/imagenet512/val/n02814860/ILSVRC2012_val_00040838.JPEG ===
2025-09-22 16:16:34,689 - INFO - Example /home/projects/bagon/shared/imagenet512/val/n02814860/ILSVRC2012_val_00040838.JPEG reached epsilon at step 2156, loss sum: 305.8766, final loss: 0.00096893, weight distance: 0.1014
2025-09-22 16:16:35,503 - INFO - Example 264 completed: 2156 steps, loss sum: 305.8766, final loss: 0.00096893, weight distance: 0.1014 (universal rank: 34588)
2025-09-22 16:16:35,503 - INFO - 
=== Worker 2 Training Example 265/1867 (global idx 3998): /home/projects/bagon/shared/imagenet512/val/n01664065/ILSVRC2012_val_00014585.JPEG ===
2025-09-22 16:16:56,556 - INFO - Example /home/projects/bagon/shared/imagenet512/val/n01664065/ILSVRC2012_val_00014585.JPEG reached epsilon at step 1891, loss sum: 242.1930, final loss: 0.00099945, weight distance: 0.0877
2025-09-22 16:16:57,069 - INFO - Example 265 completed: 1891 steps, loss sum: 242.1930, final loss: 0.00099945, weight distance: 0.0877 (universal rank: 34590)
2025-09-22 16:16:57,069 - INFO - 
=== Worker 2 Training Example 266/1867 (global idx 3999): /home/projects/bagon/shared/imagenet512/val/n02108089/ILSVRC2012_val_00016416.JPEG ===
2025-09-22 16:17:24,392 - INFO - Example /home/projects/bagon/shared/imagenet512/val/n02108089/ILSVRC2012_val_00016416.JPEG reached epsilon at step 2408, loss sum: 132.4250, final loss: 0.00099182, weight distance: 0.1029
2025-09-22 16:17:24,909 - INFO - Example 266 completed: 2408 steps, loss sum: 132.4250, final loss: 0.00099182, weight distance: 0.1029 (universal rank: 34595)
2025-09-22 16:17:24,909 - INFO - 
=== Worker 2 Training Example 267/1867 (global idx 4000): /home/projects/bagon/shared/imagenet512/val/n03873416/ILSVRC2012_val_00037011.JPEG ===
2025-09-22 16:17:51,173 - INFO - Example /home/projects/bagon/shared/imagenet512/val/n03873416/ILSVRC2012_val_00037011.JPEG reached epsilon at step 2310, loss sum: 695.6237, final loss: 0.00097656, weight distance: 0.1125
2025-09-22 16:17:51,691 - INFO - Example 267 completed: 2310 steps, loss sum: 695.6237, final loss: 0.00097656, weight distance: 0.1125 (universal rank: 34597)
2025-09-22 16:17:51,691 - INFO - 
=== Worker 2 Training Example 268/1867 (global idx 4001): /home/projects/bagon/shared/imagenet512/val/n02895154/ILSVRC2012_val_00031665.JPEG ===
2025-09-22 16:18:17,307 - INFO - Example /home/projects/bagon/shared/imagenet512/val/n02895154/ILSVRC2012_val_00031665.JPEG reached epsilon at step 2246, loss sum: 91.3319, final loss: 0.00097656, weight distance: 0.0935
2025-09-22 16:18:17,829 - INFO - Example 268 completed: 2246 steps, loss sum: 91.3319, final loss: 0.00097656, weight distance: 0.0935 (universal rank: 34598)
2025-09-22 16:18:17,830 - INFO - 
=== Worker 2 Training Example 269/1867 (global idx 4002): /home/projects/bagon/shared/imagenet512/val/n04133789/ILSVRC2012_val_00014084.JPEG ===
2025-09-22 16:18:41,736 - INFO - Example /home/projects/bagon/shared/imagenet512/val/n04133789/ILSVRC2012_val_00014084.JPEG reached epsilon at step 2111, loss sum: 2079.0267, final loss: 0.00096130, weight distance: 0.1258
2025-09-22 16:18:42,258 - INFO - Example 269 completed: 2111 steps, loss sum: 2079.0267, final loss: 0.00096130, weight distance: 0.1258 (universal rank: 34600)
2025-09-22 16:18:42,258 - INFO - 
=== Worker 2 Training Example 270/1867 (global idx 4003): /home/projects/bagon/shared/imagenet512/val/n02992211/ILSVRC2012_val_00048772.JPEG ===
2025-09-22 16:19:09,510 - INFO - Example /home/projects/bagon/shared/imagenet512/val/n02992211/ILSVRC2012_val_00048772.JPEG reached epsilon at step 2405, loss sum: 1319.0023, final loss: 0.00094604, weight distance: 0.1154
2025-09-22 16:19:10,018 - INFO - Example 270 completed: 2405 steps, loss sum: 1319.0023, final loss: 0.00094604, weight distance: 0.1154 (universal rank: 34602)
2025-09-22 16:19:10,018 - INFO - 
=== Worker 2 Training Example 271/1867 (global idx 4004): /home/projects/bagon/shared/imagenet512/val/n02090721/ILSVRC2012_val_00006382.JPEG ===
2025-09-22 16:19:32,835 - INFO - Example /home/projects/bagon/shared/imagenet512/val/n02090721/ILSVRC2012_val_00006382.JPEG reached epsilon at step 2016, loss sum: 1173.7233, final loss: 0.00099945, weight distance: 0.1100
2025-09-22 16:19:33,351 - INFO - Example 271 completed: 2016 steps, loss sum: 1173.7233, final loss: 0.00099945, weight distance: 0.1100 (universal rank: 34604)
2025-09-22 16:19:33,351 - INFO - Time limit reached (~1h45m). Exiting before starting next example.
2025-09-22 16:19:33,351 - INFO - Worker 2 completed. Per-worker results at /home/projects/bagon/andreyg/Projects/BMM_school/Universal_learning/Programming/training_gradient_evaluator_single_loss_parallel/output_parallel_8_workers/resnet10t.c3_in1k/single_example_results_2.csv
