example_index,path,total_steps_to_epsilon,total_loss_sum,final_loss,weight_distance,softmax_wasserstein,grad_mass_wasserstein,universal_difficulty_rank,global_linear_cka
0,/home/projects/bagon/shared/imagenet512/val/n03873416/ILSVRC2012_val_00017617.JPEG,83,0.9842681884765625,0.0009918212890625,0.014262131093602224,0.40337883522701135,0.06543671148416702,25145,0.9842177656171408
1,/home/projects/bagon/shared/imagenet512/val/n07697537/ILSVRC2012_val_00038387.JPEG,81,0.30434417724609375,0.0009918212890625,0.010568869748827736,0.07736834600536888,0.02740823316967081,25320,0.992736945859669
2,/home/projects/bagon/shared/imagenet512/val/n02490219/ILSVRC2012_val_00039121.JPEG,67,1.1897201538085938,0.00098419189453125,0.01352974658966239,0.2794103292226076,0.030710241001801475,25604,0.9842564239297735
3,/home/projects/bagon/shared/imagenet512/val/n03000247/ILSVRC2012_val_00024629.JPEG,55,0.245635986328125,0.00099945068359375,0.010165311312183564,0.061779928344484536,0.3974583112974052,27233,0.9946571017742235
4,/home/projects/bagon/shared/imagenet512/val/n03201208/ILSVRC2012_val_00000241.JPEG,75,0.4315338134765625,0.00099945068359375,0.014384391088010214,0.10866121057909749,0.16753092659209012,27393,0.9811887461457908
5,/home/projects/bagon/shared/imagenet512/val/n07753113/ILSVRC2012_val_00019654.JPEG,124,4.060089111328125,0.00099945068359375,0.01452665263528293,0.8545822285451048,0.024032781519415125,27404,0.98577844207402
6,/home/projects/bagon/shared/imagenet512/val/n02276258/ILSVRC2012_val_00036285.JPEG,124,4.314765930175781,0.0009918212890625,0.014688166495140332,0.8359160985458592,0.01649636512644173,28071,0.9853089701502139
7,/home/projects/bagon/shared/imagenet512/val/n02111500/ILSVRC2012_val_00000174.JPEG,61,0.5233917236328125,0.0009918212890625,0.012514255306804242,0.18307356407079275,0.018463544736228854,28349,0.9872567781715414
8,/home/projects/bagon/shared/imagenet512/val/n02794156/ILSVRC2012_val_00009861.JPEG,64,2.2107772827148438,0.00098419189453125,0.01219977917227721,0.6860626130324377,0.06033741937563214,28451,0.98358487030586
9,/home/projects/bagon/shared/imagenet512/val/n02107574/ILSVRC2012_val_00004666.JPEG,75,0.6798095703125,0.0009918212890625,0.012522294305809074,0.2060803584334942,0.11413585386591701,28525,0.9893765375629453
10,/home/projects/bagon/shared/imagenet512/val/n03584254/ILSVRC2012_val_00037266.JPEG,65,2.0600967407226562,0.00095367431640625,0.011864551997177938,0.6331850851394238,0.07737332641641914,29025,0.976587029943751
11,/home/projects/bagon/shared/imagenet512/val/n04596742/ILSVRC2012_val_00020778.JPEG,43,0.47069549560546875,0.00099945068359375,0.010513707173088168,0.18857041653457632,0.11201494741859686,29101,0.990781627444323
12,/home/projects/bagon/shared/imagenet512/val/n03658185/ILSVRC2012_val_00039287.JPEG,42,0.19570159912109375,0.00099945068359375,0.009290312077792066,0.05826457917969026,0.1724078715791834,29175,0.9946664893993886
13,/home/projects/bagon/shared/imagenet512/val/n04118538/ILSVRC2012_val_00033102.JPEG,65,2.4234542846679688,0.00099945068359375,0.011263942484624858,0.8610816936238731,0.014591750058143865,29646,0.9860857515131733
14,/home/projects/bagon/shared/imagenet512/val/n02992211/ILSVRC2012_val_00027818.JPEG,102,0.5159378051757812,0.0009918212890625,0.013836223668325646,0.1108052970046145,0.13586917166787754,29842,0.9804817221898401
15,/home/projects/bagon/shared/imagenet512/val/n02133161/ILSVRC2012_val_00019862.JPEG,93,3.7054290771484375,0.00098419189453125,0.015573614566432881,0.824078925971241,0.044107061190428176,29906,0.9845376680727348
16,/home/projects/bagon/shared/imagenet512/val/n01749939/ILSVRC2012_val_00037794.JPEG,95,0.6007156372070312,0.00099945068359375,0.01250508520852942,0.10311900006767709,0.016134984171359668,29931,0.9809104765351194
17,/home/projects/bagon/shared/imagenet512/val/n04465501/ILSVRC2012_val_00026128.JPEG,105,3.9265823364257812,0.00099945068359375,0.017285001045251477,0.7887797361136062,0.04017189979243163,30223,0.984990298823963
18,/home/projects/bagon/shared/imagenet512/val/n04522168/ILSVRC2012_val_00039729.JPEG,48,0.5260467529296875,0.0009918212890625,0.010553246222708113,0.13581140718865845,0.07210119738478454,30296,0.9914758615498646
19,/home/projects/bagon/shared/imagenet512/val/n03770679/ILSVRC2012_val_00013987.JPEG,99,0.9837112426757812,0.0009918212890625,0.014587907732366035,0.48818016276405024,0.051868557614509925,30372,0.9727950680237136
20,/home/projects/bagon/shared/imagenet512/val/n04523525/ILSVRC2012_val_00014893.JPEG,60,2.0084686279296875,0.00099945068359375,0.011887437802507879,0.7129451245049546,0.07121193566268849,30571,0.9874190107550406
21,/home/projects/bagon/shared/imagenet512/val/n02105855/ILSVRC2012_val_00049871.JPEG,62,0.8922843933105469,0.000972747802734375,0.01206319995650458,0.23130550909859515,0.07107773685468155,30732,0.9865172730292254
22,/home/projects/bagon/shared/imagenet512/val/n01877812/ILSVRC2012_val_00042809.JPEG,70,0.1909332275390625,0.0009918212890625,0.0126190832985374,0.010069521515905008,0.1150579040472918,30873,0.990805711522906
23,/home/projects/bagon/shared/imagenet512/val/n04086273/ILSVRC2012_val_00027697.JPEG,101,6.8512725830078125,0.00099945068359375,0.01628235645285706,0.8499218556111083,0.05142589248410695,30874,0.973975754661976
24,/home/projects/bagon/shared/imagenet512/val/n03796401/ILSVRC2012_val_00001809.JPEG,47,0.8047866821289062,0.00099945068359375,0.010576648323067381,0.35665152449353243,0.09002065728265712,31313,0.9812246697245594
25,/home/projects/bagon/shared/imagenet512/val/n03290653/ILSVRC2012_val_00046068.JPEG,154,3.52386474609375,0.00096893310546875,0.017111515476983405,0.6805117219671366,0.040159655732875,31835,0.9701317631484015
26,/home/projects/bagon/shared/imagenet512/val/n04552348/ILSVRC2012_val_00023701.JPEG,79,4.129783630371094,0.00098419189453125,0.012619926088254279,0.7583061450833318,0.20567707196036827,31896,0.9840787559406545
27,/home/projects/bagon/shared/imagenet512/val/n01843383/ILSVRC2012_val_00024848.JPEG,91,0.9565658569335938,0.0009765625,0.012783216921520627,0.3844231877452393,0.013799795075658206,32041,0.9920457927857804
28,/home/projects/bagon/shared/imagenet512/val/n04548362/ILSVRC2012_val_00046586.JPEG,46,1.864593505859375,0.0009613037109375,0.009508341807334134,0.7298895218987042,0.10981608390221664,32170,0.9836072906674156
29,/home/projects/bagon/shared/imagenet512/val/n03379051/ILSVRC2012_val_00035449.JPEG,80,1.3872222900390625,0.00099945068359375,0.01224463332154816,0.4811658372512877,0.25790381169114257,32254,0.9871250450507164
30,/home/projects/bagon/shared/imagenet512/val/n04398044/ILSVRC2012_val_00041709.JPEG,70,6.847785949707031,0.0009918212890625,0.011229737898736668,0.9392190543067027,0.1118414022021037,32469,0.9880668049782422
31,/home/projects/bagon/shared/imagenet512/val/n02708093/ILSVRC2012_val_00002178.JPEG,41,0.5803604125976562,0.00095367431640625,0.01117427361448756,0.13882720524012127,0.09060087285173318,32499,0.9912276388209629
32,/home/projects/bagon/shared/imagenet512/val/n02172182/ILSVRC2012_val_00037505.JPEG,82,2.106658935546875,0.00099945068359375,0.01517805109102143,0.5732617088937518,0.06586458417911972,32505,0.9817638845609409
33,/home/projects/bagon/shared/imagenet512/val/n04192698/ILSVRC2012_val_00017106.JPEG,52,3.1160888671875,0.00099945068359375,0.01134762248199971,0.7220415136467946,0.07442268169244265,32570,0.9924868500991375
34,/home/projects/bagon/shared/imagenet512/val/n04074963/ILSVRC2012_val_00028403.JPEG,57,0.26708221435546875,0.00099945068359375,0.0098502769961343,0.05657706451393152,0.01006848436977692,32681,0.991813513654456
35,/home/projects/bagon/shared/imagenet512/val/n02105855/ILSVRC2012_val_00048859.JPEG,93,0.61328125,0.00099945068359375,0.01694367068128114,0.09971389165336354,0.016043094359354915,32735,0.9736308829046043
36,/home/projects/bagon/shared/imagenet512/val/n03259280/ILSVRC2012_val_00004500.JPEG,50,0.9204483032226562,0.0009918212890625,0.011833700267995306,0.37915504448847703,0.06065566721147875,32882,0.9912253186474237
37,/home/projects/bagon/shared/imagenet512/val/n02165456/ILSVRC2012_val_00016683.JPEG,109,6.791110992431641,0.000972747802734375,0.018390983328242305,0.8658257953817732,0.049478882713510086,32923,0.967699906103151
38,/home/projects/bagon/shared/imagenet512/val/n02099712/ILSVRC2012_val_00038361.JPEG,41,0.21196365356445312,0.000949859619140625,0.010612347362967673,0.0511064894091295,0.04879075006158712,32933,0.9914136680488754
39,/home/projects/bagon/shared/imagenet512/val/n03527444/ILSVRC2012_val_00019609.JPEG,54,1.3245887756347656,0.000965118408203125,0.010054334427780493,0.5650060545946637,0.009294886085129905,32991,0.9914786887671313
40,/home/projects/bagon/shared/imagenet512/val/n04273569/ILSVRC2012_val_00040212.JPEG,107,4.9146575927734375,0.0009918212890625,0.015852847504384638,0.9217246855540917,0.03797180367711894,33019,0.9765378917728963
41,/home/projects/bagon/shared/imagenet512/val/n03110669/ILSVRC2012_val_00024650.JPEG,108,9.10711669921875,0.00099945068359375,0.013985938242477666,0.9767206382155177,0.09028558717277124,33119,0.9785978645050172
42,/home/projects/bagon/shared/imagenet512/val/n02106550/ILSVRC2012_val_00018972.JPEG,51,3.6677703857421875,0.00099945068359375,0.012411779539806435,0.7490510225660625,0.030275920094065045,33234,0.9831556406106904
43,/home/projects/bagon/shared/imagenet512/val/n03995372/ILSVRC2012_val_00009245.JPEG,58,1.4151802062988281,0.000957489013671875,0.012296641711808354,0.551281509523763,0.11655668691472348,33269,0.9761311280153053
44,/home/projects/bagon/shared/imagenet512/val/n01496331/ILSVRC2012_val_00006554.JPEG,159,4.6955413818359375,0.00099945068359375,0.01579925728427584,0.7520548384304341,0.024548362955641057,33289,0.9761899691730112
45,/home/projects/bagon/shared/imagenet512/val/n02104029/ILSVRC2012_val_00014775.JPEG,80,6.208229064941406,0.0009918212890625,0.014786856869405418,0.8914959646089043,0.08189640655349106,33333,0.9773526724457138
46,/home/projects/bagon/shared/imagenet512/val/n04590129/ILSVRC2012_val_00036111.JPEG,73,1.5885696411132812,0.0009765625,0.014256018730338984,0.4587253614564182,0.11283418106796692,33335,0.9716647921014507
47,/home/projects/bagon/shared/imagenet512/val/n04254120/ILSVRC2012_val_00040688.JPEG,51,2.1831512451171875,0.00098419189453125,0.010562997863392626,0.5911155177735923,0.05502205809701344,33336,0.9921551025550341
48,/home/projects/bagon/shared/imagenet512/val/n02091134/ILSVRC2012_val_00004956.JPEG,100,2.157501220703125,0.00096893310546875,0.015543184233175055,0.5901007189993105,0.04575092309326595,33382,0.9840497520254013
49,/home/projects/bagon/shared/imagenet512/val/n03920288/ILSVRC2012_val_00016754.JPEG,84,1.6844635009765625,0.00099945068359375,0.013273353351057969,0.49692309723945166,0.020569674359995516,33403,0.9807633508896418
50,/home/projects/bagon/shared/imagenet512/val/n04579432/ILSVRC2012_val_00021960.JPEG,49,5.4554290771484375,0.00095367431640625,0.013141443516305506,0.8405847440401217,0.030330856948782264,33423,0.989448883417502
51,/home/projects/bagon/shared/imagenet512/val/n04127249/ILSVRC2012_val_00026816.JPEG,51,20.265777587890625,0.0009918212890625,0.009059283482881084,0.997784335857972,0.09002080306406435,33513,0.9926907358325687
52,/home/projects/bagon/shared/imagenet512/val/n04443257/ILSVRC2012_val_00041466.JPEG,60,1.7884979248046875,0.00099945068359375,0.01327109017438664,0.5513253692349991,0.01632361967569787,33537,0.9872446056515133
53,/home/projects/bagon/shared/imagenet512/val/n04328186/ILSVRC2012_val_00031892.JPEG,51,3.8044204711914062,0.0009918212890625,0.012686007619801314,0.8296668572130272,0.015799328547840552,33584,0.9807871730655576
54,/home/projects/bagon/shared/imagenet512/val/n04591713/ILSVRC2012_val_00017177.JPEG,60,1.6340789794921875,0.0009765625,0.012710896556703273,0.43069567827068356,0.03276648125019899,33641,0.9906153286978775
55,/home/projects/bagon/shared/imagenet512/val/n02090721/ILSVRC2012_val_00017787.JPEG,101,1.4254341125488281,0.000972747802734375,0.014648200478500361,0.39919945707107807,0.07286900572802976,33664,0.9868861695015022
56,/home/projects/bagon/shared/imagenet512/val/n02113799/ILSVRC2012_val_00021801.JPEG,105,4.544090270996094,0.0009918212890625,0.01550876345595858,0.7718595208057542,0.15179180439600065,33710,0.9687226202368241
57,/home/projects/bagon/shared/imagenet512/val/n02105251/ILSVRC2012_val_00045720.JPEG,53,9.511322021484375,0.00098419189453125,0.010543870364289588,0.9713745020000225,0.04972415840221614,33720,0.9801644756692101
58,/home/projects/bagon/shared/imagenet512/val/n06785654/ILSVRC2012_val_00045918.JPEG,90,6.979774475097656,0.00099945068359375,0.013362914770970406,0.9717000581826248,0.09999444601156493,33738,0.9763208437847235
59,/home/projects/bagon/shared/imagenet512/val/n03447721/ILSVRC2012_val_00048244.JPEG,68,4.665931701660156,0.00098419189453125,0.01662552488661827,0.5461972312013323,0.03870696161847964,33758,0.9825640454424708
60,/home/projects/bagon/shared/imagenet512/val/n03314780/ILSVRC2012_val_00032200.JPEG,43,2.1172027587890625,0.0009918212890625,0.009718275696506115,0.5375345910396497,0.07378575960188893,33762,0.9876514880958827
61,/home/projects/bagon/shared/imagenet512/val/n03781244/ILSVRC2012_val_00040751.JPEG,59,3.6678466796875,0.0009765625,0.0118923146435685,0.8161174534990937,0.12534729638035344,33799,0.9951083861458726
62,/home/projects/bagon/shared/imagenet512/val/n02226429/ILSVRC2012_val_00043022.JPEG,140,15.924949645996094,0.00098419189453125,0.021231768482252437,0.9557501801393122,0.025528426954551486,33828,0.95103065708728
63,/home/projects/bagon/shared/imagenet512/val/n03930313/ILSVRC2012_val_00028774.JPEG,64,2.3360748291015625,0.00098419189453125,0.011229125691757331,0.4363224891504521,0.037251984453677583,33834,0.9947035952942884
64,/home/projects/bagon/shared/imagenet512/val/n02095570/ILSVRC2012_val_00043375.JPEG,49,0.8854751586914062,0.00099945068359375,0.009027865118251422,0.4657941743557528,0.09262676727608668,33871,0.9955863040835625
65,/home/projects/bagon/shared/imagenet512/val/n03803284/ILSVRC2012_val_00042486.JPEG,73,0.49237823486328125,0.0009918212890625,0.011414957466320635,0.07520540723190054,0.05520669587077101,33940,0.9896520904420342
66,/home/projects/bagon/shared/imagenet512/val/n03666591/ILSVRC2012_val_00020197.JPEG,68,13.409805297851562,0.00096893310546875,0.015449226334757211,0.9554985118756625,0.11583728657544784,33941,0.9734361744310192
67,/home/projects/bagon/shared/imagenet512/val/n02909870/ILSVRC2012_val_00033936.JPEG,46,10.486774444580078,0.000957489013671875,0.010837678556521846,0.9798586095349644,0.13864917787973985,33953,0.9877694105886966
68,/home/projects/bagon/shared/imagenet512/val/n02088466/ILSVRC2012_val_00038477.JPEG,57,0.73724365234375,0.00099945068359375,0.01193228470407414,0.20800095890925985,0.03575992548508933,34064,0.9868340359329356
69,/home/projects/bagon/shared/imagenet512/val/n07745940/ILSVRC2012_val_00014739.JPEG,76,0.5735549926757812,0.00099945068359375,0.01297005826505334,0.1964167647799036,0.041654363043025666,34115,0.9817539760453099
70,/home/projects/bagon/shared/imagenet512/val/n07760859/ILSVRC2012_val_00039541.JPEG,134,8.185623168945312,0.00099945068359375,0.013005750907844678,0.9179391105630198,0.059801834932494746,34150,0.9860937004791663
71,/home/projects/bagon/shared/imagenet512/val/n04443257/ILSVRC2012_val_00027630.JPEG,52,5.086280822753906,0.00096893310546875,0.011865888345494511,0.8709791608782581,0.053499772298328474,34153,0.9824789135638933
72,/home/projects/bagon/shared/imagenet512/val/n02815834/ILSVRC2012_val_00036789.JPEG,69,4.6350250244140625,0.0009765625,0.0126176595267433,0.8494840710775229,0.1188646611794979,34168,0.9693381378744385
73,/home/projects/bagon/shared/imagenet512/val/n04589890/ILSVRC2012_val_00025513.JPEG,80,0.7198829650878906,0.000972747802734375,0.013309059989611228,0.2668691107155067,0.042449426579259986,34183,0.9849898958320671
74,/home/projects/bagon/shared/imagenet512/val/n03657121/ILSVRC2012_val_00006181.JPEG,77,1.8823623657226562,0.0009918212890625,0.013290785885559061,0.5151941573369336,0.1673369030779204,34189,0.9824319955030018
75,/home/projects/bagon/shared/imagenet512/val/n02102040/ILSVRC2012_val_00022412.JPEG,77,7.599273681640625,0.0009918212890625,0.015816082625008915,0.913687337170703,0.0938208538327221,34209,0.982212662359605
76,/home/projects/bagon/shared/imagenet512/val/n03871628/ILSVRC2012_val_00042662.JPEG,30,2.6165504455566406,0.000972747802734375,0.008527617267674585,0.6555205405867163,0.055550992561780504,34231,0.9849806977637807
77,/home/projects/bagon/shared/imagenet512/val/n03196217/ILSVRC2012_val_00023576.JPEG,92,0.996917724609375,0.00099945068359375,0.012501599249346584,0.3396356489370385,0.10653016584486058,34254,0.9866985944098565
78,/home/projects/bagon/shared/imagenet512/val/n09246464/ILSVRC2012_val_00009311.JPEG,62,0.8221359252929688,0.00098419189453125,0.010998188989334842,0.26656021172171473,0.04313799872321267,34265,0.9879646833752881
79,/home/projects/bagon/shared/imagenet512/val/n03494278/ILSVRC2012_val_00027607.JPEG,48,0.6614913940429688,0.00099945068359375,0.01182207453927087,0.15688299479007967,0.058563609625337715,34308,0.9836269905013549
80,/home/projects/bagon/shared/imagenet512/val/n01729322/ILSVRC2012_val_00041300.JPEG,79,1.0008163452148438,0.00099945068359375,0.013300824068856177,0.3018129661021555,0.04203596650479327,34318,0.9870857567367832
81,/home/projects/bagon/shared/imagenet512/val/n02100735/ILSVRC2012_val_00003077.JPEG,50,2.0079574584960938,0.0009918212890625,0.011362723066085626,0.625025846698362,0.03304965073304594,34369,0.984810628263379
82,/home/projects/bagon/shared/imagenet512/val/n03770439/ILSVRC2012_val_00005391.JPEG,68,4.2713470458984375,0.0009765625,0.0135811407465566,0.8495918603843905,0.08326752583589872,34392,0.9837910318197045
83,/home/projects/bagon/shared/imagenet512/val/n02098413/ILSVRC2012_val_00028616.JPEG,44,0.6973876953125,0.0009918212890625,0.009222789131176535,0.3278188337732338,0.024805197830960912,34431,0.9881503108841515
84,/home/projects/bagon/shared/imagenet512/val/n04550184/ILSVRC2012_val_00018546.JPEG,57,0.9430465698242188,0.0009918212890625,0.01240640399518423,0.29443482834122814,0.048551820737071955,34477,0.9857874676272174
85,/home/projects/bagon/shared/imagenet512/val/n04584207/ILSVRC2012_val_00042537.JPEG,55,1.2672271728515625,0.0009918212890625,0.01211720894302129,0.3312610433461682,0.16647582438518194,34480,0.9904823054524552
86,/home/projects/bagon/shared/imagenet512/val/n02999410/ILSVRC2012_val_00042658.JPEG,44,0.31996917724609375,0.00099945068359375,0.010661966194791248,0.07700948793455736,0.07232427591084883,34522,0.9879266422023864
87,/home/projects/bagon/shared/imagenet512/val/n02100583/ILSVRC2012_val_00038738.JPEG,68,5.0304107666015625,0.00099945068359375,0.013814576070191894,0.8923882916370572,0.028086889881146188,34571,0.9850263002386497
88,/home/projects/bagon/shared/imagenet512/val/n03124170/ILSVRC2012_val_00025254.JPEG,50,4.225639343261719,0.0009918212890625,0.01333028855039405,0.7163127817698658,0.03049943176961642,34577,0.9896230152818263
89,/home/projects/bagon/shared/imagenet512/val/n03950228/ILSVRC2012_val_00034717.JPEG,39,1.7698783874511719,0.000972747802734375,0.010305355542815628,0.5722690655447421,0.050800805145520156,34594,0.9917341367403277
90,/home/projects/bagon/shared/imagenet512/val/n02841315/ILSVRC2012_val_00039857.JPEG,56,7.97650146484375,0.00099945068359375,0.012022558866801484,0.957717576972193,0.10211328060499353,34617,0.9910338149750643
91,/home/projects/bagon/shared/imagenet512/val/n04201297/ILSVRC2012_val_00030692.JPEG,101,35.885643005371094,0.00098419189453125,0.018324432010253293,0.998115830526904,0.021554327060926193,34659,0.9481745845602692
92,/home/projects/bagon/shared/imagenet512/val/n03770439/ILSVRC2012_val_00010375.JPEG,56,1.6827850341796875,0.00099945068359375,0.014017968480589029,0.4724456376446749,0.0705560447068167,34697,0.9706654798372296
93,/home/projects/bagon/shared/imagenet512/val/n03902125/ILSVRC2012_val_00019465.JPEG,120,0.97149658203125,0.00098419189453125,0.017337719652725483,0.25856189203307145,0.12302400878460545,34772,0.9828031586829302
94,/home/projects/bagon/shared/imagenet512/val/n02749479/ILSVRC2012_val_00042969.JPEG,97,2.5266799926757812,0.00099945068359375,0.014853714889431009,0.5064456391827756,0.043614254796353114,34775,0.984462230848483
95,/home/projects/bagon/shared/imagenet512/val/n02165456/ILSVRC2012_val_00024507.JPEG,131,0.6510009765625,0.00098419189453125,0.016546965407902736,0.1499929090147517,0.045756544043092706,34809,0.9796808072056933
96,/home/projects/bagon/shared/imagenet512/val/n12144580/ILSVRC2012_val_00020295.JPEG,28,5.84075927734375,0.0009765625,0.010315288355935792,0.8061773554580547,0.013628278493855506,34838,0.9901532322706396
97,/home/projects/bagon/shared/imagenet512/val/n02843684/ILSVRC2012_val_00026344.JPEG,106,2.4441375732421875,0.00099945068359375,0.015509892041741085,0.6120962389039146,0.05430517684099864,34850,0.9757950090970859
98,/home/projects/bagon/shared/imagenet512/val/n02443484/ILSVRC2012_val_00033362.JPEG,47,4.166923522949219,0.00099945068359375,0.014980172876697435,0.4914982563320595,0.1263172710080546,34862,0.9732637950439302
99,/home/projects/bagon/shared/imagenet512/val/n02097298/ILSVRC2012_val_00015774.JPEG,62,1.8860549926757812,0.00099945068359375,0.01153839873333116,0.6345476079275648,0.11314019635198408,34896,0.9799930442997556
100,/home/projects/bagon/shared/imagenet512/val/n03485794/ILSVRC2012_val_00019813.JPEG,45,7.31365966796875,0.00098419189453125,0.009449628282522021,0.9540450690920871,0.014546246927804513,34917,0.9937281750304321
101,/home/projects/bagon/shared/imagenet512/val/n07614500/ILSVRC2012_val_00030615.JPEG,50,3.3692092895507812,0.0009613037109375,0.01053976103900096,0.5854775550508169,0.19632057730823418,34922,0.9932249380949923
102,/home/projects/bagon/shared/imagenet512/val/n07693725/ILSVRC2012_val_00028288.JPEG,67,15.226417541503906,0.0009765625,0.011389106776562045,0.9920974571593122,0.09705203125601503,34959,0.991117275849809
103,/home/projects/bagon/shared/imagenet512/val/n01829413/ILSVRC2012_val_00029283.JPEG,92,2.9710464477539062,0.00099945068359375,0.014218348619841129,0.6854922318990494,0.06891017146490663,34978,0.9797638151323292
104,/home/projects/bagon/shared/imagenet512/val/n03133878/ILSVRC2012_val_00011276.JPEG,55,1.8294754028320312,0.0009918212890625,0.010645562653260145,0.654886906656602,0.12517289813521093,34986,0.9911224216988862
105,/home/projects/bagon/shared/imagenet512/val/n02066245/ILSVRC2012_val_00004755.JPEG,144,1.8278656005859375,0.00099945068359375,0.014712570725561898,0.7059206485863181,0.03158360625395393,35035,0.9924747437138566
106,/home/projects/bagon/shared/imagenet512/val/n04086273/ILSVRC2012_val_00007967.JPEG,89,1.8321990966796875,0.0009918212890625,0.015131282839069898,0.4356913534491317,0.032549337045414795,35042,0.9802886681764951
107,/home/projects/bagon/shared/imagenet512/val/n03496892/ILSVRC2012_val_00007706.JPEG,112,0.9032745361328125,0.00099945068359375,0.0166929602457551,0.23536554707642832,0.0160717525218827,35048,0.9814270124867591
108,/home/projects/bagon/shared/imagenet512/val/n03930630/ILSVRC2012_val_00018700.JPEG,109,3.572113037109375,0.0009918212890625,0.01608247306091859,0.7768744481490216,0.031951384104045216,35058,0.9710186034696902
109,/home/projects/bagon/shared/imagenet512/val/n04532106/ILSVRC2012_val_00000338.JPEG,96,0.49889373779296875,0.00099945068359375,0.014882035201165645,0.08685929652040456,0.07893955202431602,35069,0.9892514222940758
110,/home/projects/bagon/shared/imagenet512/val/n02107683/ILSVRC2012_val_00021172.JPEG,39,4.530181884765625,0.00091552734375,0.011546724988659631,0.8379115191818437,0.015819657731923897,35081,0.9812154190088089
111,/home/projects/bagon/shared/imagenet512/val/n02504013/ILSVRC2012_val_00004882.JPEG,66,2.4724655151367188,0.00096893310546875,0.011327041360841957,0.7739562699688771,0.018131127664768376,35096,0.9901153834952842
112,/home/projects/bagon/shared/imagenet512/val/n07754684/ILSVRC2012_val_00035902.JPEG,82,9.291305541992188,0.00099945068359375,0.013142315557116093,0.9182504249030804,0.04023596537453117,35101,0.9840371078082426
113,/home/projects/bagon/shared/imagenet512/val/n07718472/ILSVRC2012_val_00047407.JPEG,75,0.9608230590820312,0.0009918212890625,0.014175597461917114,0.28136412216511764,0.05459390861520519,35114,0.9805382938456768
114,/home/projects/bagon/shared/imagenet512/val/n02085620/ILSVRC2012_val_00013195.JPEG,68,6.5385284423828125,0.00099945068359375,0.01288448479888322,0.929567429272826,0.021238348752101455,35142,0.978542180946456
115,/home/projects/bagon/shared/imagenet512/val/n01608432/ILSVRC2012_val_00046092.JPEG,86,14.18682861328125,0.00098419189453125,0.0146625480446905,0.9939521284951246,0.018488633136774124,35206,0.9800872562332313
116,/home/projects/bagon/shared/imagenet512/val/n04476259/ILSVRC2012_val_00002080.JPEG,28,0.123809814453125,0.00099945068359375,0.008923987203685101,0.01423954312377525,0.11416823260827133,35215,0.9919593637849622
117,/home/projects/bagon/shared/imagenet512/val/n04435653/ILSVRC2012_val_00016948.JPEG,89,3.8982467651367188,0.00098419189453125,0.014863169053103453,0.7571937697287021,0.019350602661779237,35233,0.9684535148961757
118,/home/projects/bagon/shared/imagenet512/val/n07711569/ILSVRC2012_val_00010413.JPEG,94,7.237480163574219,0.00099945068359375,0.015562507580890683,0.9706639742836451,0.08226088503164675,35234,0.9484866144302363
119,/home/projects/bagon/shared/imagenet512/val/n03729826/ILSVRC2012_val_00023649.JPEG,70,13.047126770019531,0.0009918212890625,0.012547483952575302,0.9849843734214573,0.02814188482588542,35258,0.983561075626893
120,/home/projects/bagon/shared/imagenet512/val/n03223299/ILSVRC2012_val_00001893.JPEG,62,5.118766784667969,0.00099945068359375,0.0109029732242652,0.9776787082045817,0.0159897248529004,35331,0.9855109474215068
121,/home/projects/bagon/shared/imagenet512/val/n04389033/ILSVRC2012_val_00030415.JPEG,129,0.6710205078125,0.00095367431640625,0.01802925013147918,0.10234780528915921,0.13995328174848412,35345,0.9571935878716917
122,/home/projects/bagon/shared/imagenet512/val/n04542943/ILSVRC2012_val_00015573.JPEG,49,0.8778152465820312,0.00098419189453125,0.010065481342319152,0.4615549232825159,0.12673432589499495,35374,0.9859832082852692
123,/home/projects/bagon/shared/imagenet512/val/n07920052/ILSVRC2012_val_00010220.JPEG,74,1.6546669006347656,0.000972747802734375,0.013818177820116916,0.6214603667725389,0.1543129441902027,35375,0.9853590468296648
124,/home/projects/bagon/shared/imagenet512/val/n04325704/ILSVRC2012_val_00040011.JPEG,46,2.986743927001953,0.000957489013671875,0.011722862526348979,0.7948965500231492,0.06805061226464817,35408,0.9843610466131345
125,/home/projects/bagon/shared/imagenet512/val/n02100735/ILSVRC2012_val_00030271.JPEG,76,1.97100830078125,0.0009918212890625,0.013780609864928982,0.7323411670292218,0.05231078582382814,35413,0.9855904818178435
126,/home/projects/bagon/shared/imagenet512/val/n03947888/ILSVRC2012_val_00006184.JPEG,78,0.7689590454101562,0.00098419189453125,0.01392309502579858,0.27007018341476896,0.10228410600938392,35422,0.9815015563387816
127,/home/projects/bagon/shared/imagenet512/val/n01644373/ILSVRC2012_val_00048482.JPEG,80,4.220062255859375,0.00099945068359375,0.012656190166987383,0.6212331974848094,0.20308993332374062,35450,0.9877867242529014
128,/home/projects/bagon/shared/imagenet512/val/n02089078/ILSVRC2012_val_00025318.JPEG,71,2.528533935546875,0.00099945068359375,0.012617289787837613,0.642952115191182,0.051807896754281324,35451,0.9745062227523505
129,/home/projects/bagon/shared/imagenet512/val/n07590611/ILSVRC2012_val_00008053.JPEG,82,0.6869659423828125,0.0009765625,0.014177613561664337,0.18485042176191768,0.07783846403572853,35485,0.9803333146604043
130,/home/projects/bagon/shared/imagenet512/val/n07579787/ILSVRC2012_val_00010872.JPEG,48,0.7348709106445312,0.0009918212890625,0.011383885840777049,0.23058051156085244,0.05858344216536124,35534,0.9817482472764173
131,/home/projects/bagon/shared/imagenet512/val/n02077923/ILSVRC2012_val_00046767.JPEG,89,1.1481094360351562,0.00099945068359375,0.014391480975585878,0.4277487325154206,0.03098610223610082,35562,0.9774331733342704
132,/home/projects/bagon/shared/imagenet512/val/n02776631/ILSVRC2012_val_00010307.JPEG,43,3.6485671997070312,0.00098419189453125,0.009856654171496532,0.7870457357851206,0.04456300789538731,35581,0.9867774064754041
133,/home/projects/bagon/shared/imagenet512/val/n01443537/ILSVRC2012_val_00012880.JPEG,143,0.63726806640625,0.0009918212890625,0.017038898825811492,0.13149617095072838,0.052183711495840834,35595,0.9790172657625008
134,/home/projects/bagon/shared/imagenet512/val/n03933933/ILSVRC2012_val_00031244.JPEG,71,0.5298538208007812,0.00099945068359375,0.013006610650711492,0.14266915908699582,0.10568723296144478,35604,0.984684327624607
135,/home/projects/bagon/shared/imagenet512/val/n03770679/ILSVRC2012_val_00035864.JPEG,71,0.8392791748046875,0.0009918212890625,0.013064197753508843,0.25590319811886497,0.06314747236037194,35620,0.9858919330298705
136,/home/projects/bagon/shared/imagenet512/val/n04275548/ILSVRC2012_val_00002128.JPEG,126,2.8345413208007812,0.00098419189453125,0.016212094870055316,0.6328610510981012,0.109688904767798,35621,0.9704965499964003
137,/home/projects/bagon/shared/imagenet512/val/n02443484/ILSVRC2012_val_00034590.JPEG,65,3.944286346435547,0.000965118408203125,0.013882332837991515,0.6433877279702932,0.021399152192669857,35647,0.9864374701767604
138,/home/projects/bagon/shared/imagenet512/val/n03207941/ILSVRC2012_val_00018499.JPEG,70,11.613334655761719,0.00099945068359375,0.012037538232852382,0.9754045544777187,0.17838380614962887,35658,0.9889212108430026
139,/home/projects/bagon/shared/imagenet512/val/n01924916/ILSVRC2012_val_00018855.JPEG,139,0.9378509521484375,0.00099945068359375,0.013967952008855731,0.24516562812150056,0.058893387355432925,35690,0.9891894946517747
140,/home/projects/bagon/shared/imagenet512/val/n04522168/ILSVRC2012_val_00035813.JPEG,55,1.0329818725585938,0.00099945068359375,0.01161798412530937,0.42877280696010805,0.020836402383758224,35732,0.9902865949035647
141,/home/projects/bagon/shared/imagenet512/val/n02123045/ILSVRC2012_val_00033837.JPEG,94,2.9291534423828125,0.0009918212890625,0.015893633017717644,0.5280109083743187,0.018045614825059064,35743,0.9892804322654646
142,/home/projects/bagon/shared/imagenet512/val/n02085620/ILSVRC2012_val_00049159.JPEG,63,4.000190734863281,0.0009918212890625,0.013366567856074025,0.7594926574237801,0.020506764862585902,35748,0.9787735977684795
143,/home/projects/bagon/shared/imagenet512/val/n07684084/ILSVRC2012_val_00032488.JPEG,91,1.1853408813476562,0.00098419189453125,0.013723958880551092,0.44629186145846694,0.04866010749646449,35788,0.9797559468447645
144,/home/projects/bagon/shared/imagenet512/val/n03014705/ILSVRC2012_val_00003062.JPEG,51,0.43898773193359375,0.00098419189453125,0.011786976153208785,0.166110412901311,0.1286345095577417,35838,0.9890603148606434
145,/home/projects/bagon/shared/imagenet512/val/n02089973/ILSVRC2012_val_00043391.JPEG,40,0.8270721435546875,0.0009765625,0.011576565850926505,0.2472718171843746,0.028472665432511007,35891,0.9889229761885477
146,/home/projects/bagon/shared/imagenet512/val/n02094258/ILSVRC2012_val_00044743.JPEG,37,1.7766990661621094,0.000957489013671875,0.010157111061895598,0.5774475638415918,0.1097150682595267,35896,0.9905056182672609
147,/home/projects/bagon/shared/imagenet512/val/n02871525/ILSVRC2012_val_00047336.JPEG,57,2.0961227416992188,0.00099945068359375,0.013033427573955775,0.5005289232376725,0.029723209620947905,35898,0.9813158949823402
148,/home/projects/bagon/shared/imagenet512/val/n02098413/ILSVRC2012_val_00033278.JPEG,54,0.507293701171875,0.00099945068359375,0.010520725819161986,0.1604039799340487,0.14416511057061093,35912,0.9821711931965995
149,/home/projects/bagon/shared/imagenet512/val/n04116512/ILSVRC2012_val_00049481.JPEG,112,2.0668792724609375,0.00098419189453125,0.0139378148958791,0.5437178263827253,0.10813257389197417,35913,0.988974569273552
150,/home/projects/bagon/shared/imagenet512/val/n07684084/ILSVRC2012_val_00022011.JPEG,89,1.99798583984375,0.0009918212890625,0.014108521713814244,0.6068309576346406,0.026709406043280426,35918,0.9769331077628127
151,/home/projects/bagon/shared/imagenet512/val/n03255030/ILSVRC2012_val_00027650.JPEG,64,0.4631195068359375,0.00099945068359375,0.012890134329628544,0.09983295613912586,0.048664120659341975,35924,0.9636799632144141
152,/home/projects/bagon/shared/imagenet512/val/n01984695/ILSVRC2012_val_00045529.JPEG,116,1.1433029174804688,0.00098419189453125,0.014652212348251138,0.24950590251109855,0.07748512470800062,35950,0.9814093647270499
153,/home/projects/bagon/shared/imagenet512/val/n01773549/ILSVRC2012_val_00007882.JPEG,95,1.90765380859375,0.00098419189453125,0.014881193689868526,0.4912391264782009,0.16498217298574014,35964,0.975496526707941
154,/home/projects/bagon/shared/imagenet512/val/n15075141/ILSVRC2012_val_00039476.JPEG,79,1.0689010620117188,0.00099945068359375,0.01560934916871938,0.37500010423973534,0.05083401560163192,35970,0.9785215360716923
155,/home/projects/bagon/shared/imagenet512/val/n03461385/ILSVRC2012_val_00019818.JPEG,42,1.33038330078125,0.00099945068359375,0.011066990605764255,0.3674848742474923,0.08037350082698916,35974,0.9865892477960587
156,/home/projects/bagon/shared/imagenet512/val/n02167151/ILSVRC2012_val_00022537.JPEG,102,6.756797790527344,0.0009918212890625,0.014102051293589787,0.910111130569174,0.03631009831756432,35977,0.9813289573231326
157,/home/projects/bagon/shared/imagenet512/val/n02091831/ILSVRC2012_val_00005217.JPEG,62,0.37706756591796875,0.0009918212890625,0.011074688550052749,0.10975832199851857,0.0718148960687447,35997,0.9926405363400284
158,/home/projects/bagon/shared/imagenet512/val/n02096585/ILSVRC2012_val_00017052.JPEG,85,0.399017333984375,0.00099945068359375,0.015273288827570073,0.0710236163509721,0.06465007768812603,36007,0.976689860075315
159,/home/projects/bagon/shared/imagenet512/val/n02226429/ILSVRC2012_val_00020551.JPEG,213,6.65960693359375,0.00098419189453125,0.0255243651880528,0.7905188614501583,0.014786650764039955,36035,0.9717229531346816
160,/home/projects/bagon/shared/imagenet512/val/n03478589/ILSVRC2012_val_00010856.JPEG,108,6.310050964355469,0.00099945068359375,0.01485288164190746,0.8838867393778929,0.07814798594316502,36039,0.9769344012362597
161,/home/projects/bagon/shared/imagenet512/val/n02095889/ILSVRC2012_val_00015338.JPEG,69,6.283908843994141,0.000972747802734375,0.012574476372553758,0.8116499794884371,0.21761753235183312,36041,0.9844810812764984
162,/home/projects/bagon/shared/imagenet512/val/n04067472/ILSVRC2012_val_00039860.JPEG,61,0.15660858154296875,0.00099945068359375,0.010099456390482243,0.011705653371058384,0.07736702181932695,36064,0.9931924268565082
163,/home/projects/bagon/shared/imagenet512/val/n02423022/ILSVRC2012_val_00035456.JPEG,131,1.0270614624023438,0.0009918212890625,0.01803722406766793,0.21474669352737624,0.15092036254190933,36075,0.9754435342426718
164,/home/projects/bagon/shared/imagenet512/val/n02504013/ILSVRC2012_val_00017415.JPEG,103,4.11737060546875,0.00099945068359375,0.016714251827323993,0.632673285408594,0.08275037044682976,36084,0.9527480103330235
165,/home/projects/bagon/shared/imagenet512/val/n03724870/ILSVRC2012_val_00040925.JPEG,49,6.875999450683594,0.000946044921875,0.01286526570707854,0.9238248000893438,0.07520014185818194,36105,0.9805773982759427
166,/home/projects/bagon/shared/imagenet512/val/n02091032/ILSVRC2012_val_00033015.JPEG,53,8.210662841796875,0.0009765625,0.012083594845412557,0.9372390435114688,0.06745075001270812,36139,0.9868155161085994
167,/home/projects/bagon/shared/imagenet512/val/n04356056/ILSVRC2012_val_00000815.JPEG,21,3.825794219970703,0.000949859619140625,0.007187576090906941,0.718251733141814,0.06705235468247017,36142,0.9927084513985865
168,/home/projects/bagon/shared/imagenet512/val/n03146219/ILSVRC2012_val_00045213.JPEG,219,2.4389190673828125,0.0009918212890625,0.022025073784404516,0.4216166590901371,0.06538622155640061,36148,0.9707754929719932
169,/home/projects/bagon/shared/imagenet512/val/n02443484/ILSVRC2012_val_00036771.JPEG,98,5.6319732666015625,0.00098419189453125,0.016797740208296063,0.7725491207166858,0.11177694331600066,36149,0.9708656902247609
170,/home/projects/bagon/shared/imagenet512/val/n04277352/ILSVRC2012_val_00032999.JPEG,56,2.56268310546875,0.0009918212890625,0.010091255715901385,0.830006600516486,0.04030443632288405,36168,0.9922417511828292
171,/home/projects/bagon/shared/imagenet512/val/n02504458/ILSVRC2012_val_00041799.JPEG,74,2.8142776489257812,0.00095367431640625,0.014489956701078627,0.6674391830018009,0.07172996703419371,36179,0.9777088041283921
172,/home/projects/bagon/shared/imagenet512/val/n03457902/ILSVRC2012_val_00045437.JPEG,64,1.3701858520507812,0.0009918212890625,0.011263118492729285,0.31259746902537444,0.22364092129748894,36219,0.9846755165728827
173,/home/projects/bagon/shared/imagenet512/val/n03032252/ILSVRC2012_val_00025054.JPEG,52,1.29412841796875,0.00099945068359375,0.0114525700029456,0.34381633718653926,0.030783529820460925,36292,0.9884694808867074
174,/home/projects/bagon/shared/imagenet512/val/n03920288/ILSVRC2012_val_00015532.JPEG,69,2.5739364624023438,0.0009918212890625,0.013219353726999528,0.7411187372437669,0.08696608753472213,36317,0.9835921141700203
175,/home/projects/bagon/shared/imagenet512/val/n02727426/ILSVRC2012_val_00018587.JPEG,158,3.8572235107421875,0.00099945068359375,0.018476535420699037,0.7219338343855026,0.01924712186372257,36322,0.9684519154257132
176,/home/projects/bagon/shared/imagenet512/val/n02840245/ILSVRC2012_val_00031888.JPEG,36,4.269100189208984,0.000957489013671875,0.00972489749699796,0.8746243816780517,0.12102198719641272,36325,0.9897796176450488
177,/home/projects/bagon/shared/imagenet512/val/n03014705/ILSVRC2012_val_00001810.JPEG,53,11.13692855834961,0.000972747802734375,0.011708945483028562,0.9947848076204813,0.12408978434861251,36344,0.988613198843671
178,/home/projects/bagon/shared/imagenet512/val/n02916936/ILSVRC2012_val_00019479.JPEG,106,5.9925537109375,0.00099945068359375,0.01611503532171914,0.8522304268824479,0.03654167935407232,36354,0.9799922098727343
179,/home/projects/bagon/shared/imagenet512/val/n04209133/ILSVRC2012_val_00036943.JPEG,89,7.846172332763672,0.000972747802734375,0.015097755719531468,0.9539242730836454,0.10837578598592987,36364,0.9822991235027823
180,/home/projects/bagon/shared/imagenet512/val/n02085936/ILSVRC2012_val_00030056.JPEG,71,3.7317733764648438,0.0009918212890625,0.01254196099411436,0.9777137764541722,0.21343236529748524,36370,0.9789381919699393
181,/home/projects/bagon/shared/imagenet512/val/n02132136/ILSVRC2012_val_00046763.JPEG,83,1.0840301513671875,0.00098419189453125,0.01373921442494643,0.34297979298894843,0.01769369607580698,36374,0.9772111199254615
182,/home/projects/bagon/shared/imagenet512/val/n04505470/ILSVRC2012_val_00028169.JPEG,48,1.762786865234375,0.00099945068359375,0.010859299178996173,0.43624119562662267,0.05535343030515261,36376,0.9895445218035397
183,/home/projects/bagon/shared/imagenet512/val/n01784675/ILSVRC2012_val_00011629.JPEG,101,12.285820007324219,0.0009918212890625,0.014732947953789134,0.9805621365215106,0.017581317224613313,36389,0.9874280805999524
184,/home/projects/bagon/shared/imagenet512/val/n04505470/ILSVRC2012_val_00039947.JPEG,42,3.2663421630859375,0.0009918212890625,0.012193327916195209,0.5615872183048933,0.014574777462827648,36398,0.9881541068276649
185,/home/projects/bagon/shared/imagenet512/val/n03976657/ILSVRC2012_val_00022774.JPEG,50,1.741851806640625,0.0009765625,0.01354637155926064,0.4680660266131015,0.08134375141845648,36402,0.9906852443171804
186,/home/projects/bagon/shared/imagenet512/val/n02107683/ILSVRC2012_val_00016462.JPEG,72,3.6568527221679688,0.00099945068359375,0.016588546834276734,0.6013334652485623,0.026225008056537547,36435,0.9666902060617946
187,/home/projects/bagon/shared/imagenet512/val/n03930630/ILSVRC2012_val_00044388.JPEG,97,0.6817855834960938,0.00099945068359375,0.01386691279246868,0.13033867501175864,0.01918861972315422,36448,0.9739887895474165
188,/home/projects/bagon/shared/imagenet512/val/n09256479/ILSVRC2012_val_00010141.JPEG,98,0.38585662841796875,0.00098419189453125,0.013622379748935386,0.08039149813157628,0.05785176299041081,36449,0.9739985945975113
189,/home/projects/bagon/shared/imagenet512/val/n09835506/ILSVRC2012_val_00003489.JPEG,78,1.0053024291992188,0.0009918212890625,0.01235277480591963,0.2506564899244307,0.1052810347276247,36463,0.9890159096882803
190,/home/projects/bagon/shared/imagenet512/val/n02783161/ILSVRC2012_val_00025767.JPEG,24,0.9684219360351562,0.00099945068359375,0.008417157109164172,0.37831772413618503,0.028628671465165595,36473,0.9872973744251616
191,/home/projects/bagon/shared/imagenet512/val/n02992529/ILSVRC2012_val_00008541.JPEG,60,1.6809768676757812,0.00099945068359375,0.012767105540892568,0.5018007376854408,0.09649677459925796,36476,0.982082640675385
192,/home/projects/bagon/shared/imagenet512/val/n02909870/ILSVRC2012_val_00013122.JPEG,38,2.194305419921875,0.0009918212890625,0.009537040418579824,0.6809672120408506,0.08348435968206636,36487,0.9849854145642459
193,/home/projects/bagon/shared/imagenet512/val/n01728572/ILSVRC2012_val_00040658.JPEG,60,0.34403228759765625,0.00099945068359375,0.011796827213648579,0.08977498632035258,0.0666597567136579,36505,0.9922229151112332
194,/home/projects/bagon/shared/imagenet512/val/n04285008/ILSVRC2012_val_00001247.JPEG,131,5.106544494628906,0.0009918212890625,0.019003202899373125,0.7876077079771961,0.13516995318890104,36523,0.9778061882222433
195,/home/projects/bagon/shared/imagenet512/val/n02096437/ILSVRC2012_val_00020901.JPEG,67,2.996265411376953,0.000972747802734375,0.01268136733784932,0.7800078178440855,0.025563000296117522,36524,0.9816572930288286
196,/home/projects/bagon/shared/imagenet512/val/n03888605/ILSVRC2012_val_00031613.JPEG,186,2.3398590087890625,0.00099945068359375,0.020736305588809338,0.4632115887997487,0.06272530175500751,36528,0.9733290795945894
197,/home/projects/bagon/shared/imagenet512/val/n03794056/ILSVRC2012_val_00035572.JPEG,68,0.9575042724609375,0.00099945068359375,0.012300353397975585,0.35529501855598244,0.09777446908642931,36545,0.9844218584449328
198,/home/projects/bagon/shared/imagenet512/val/n02483708/ILSVRC2012_val_00021828.JPEG,130,1.3101119995117188,0.0009918212890625,0.018223585548746996,0.5527503916567534,0.2215532640243335,36559,0.9660514520799255
199,/home/projects/bagon/shared/imagenet512/val/n03345487/ILSVRC2012_val_00047102.JPEG,104,8.902908325195312,0.00099945068359375,0.013542915051923772,0.9758969635050591,0.16395862998711924,36646,0.974681515872241
200,/home/projects/bagon/shared/imagenet512/val/n02088632/ILSVRC2012_val_00013962.JPEG,70,6.603965759277344,0.0009918212890625,0.014637584061977356,0.9216788198193229,0.11282053466584349,36648,0.9695995699518296
201,/home/projects/bagon/shared/imagenet512/val/n03290653/ILSVRC2012_val_00009515.JPEG,108,3.5865097045898438,0.00099945068359375,0.015642835044850006,0.7512578643858618,0.05530016373611879,36649,0.9760194393874018
202,/home/projects/bagon/shared/imagenet512/val/n03476684/ILSVRC2012_val_00038977.JPEG,62,3.3995590209960938,0.0009765625,0.011713557160134056,0.7856661787223087,0.34078410974232926,36660,0.9923301672724264
203,/home/projects/bagon/shared/imagenet512/val/n01855672/ILSVRC2012_val_00036969.JPEG,88,1.9810791015625,0.00098419189453125,0.01433214732594375,0.3834487241025294,0.14913719776890635,36662,0.9828755494855066
204,/home/projects/bagon/shared/imagenet512/val/n03347037/ILSVRC2012_val_00036332.JPEG,45,3.3034896850585938,0.00096893310546875,0.008774150624228325,0.7765700928228491,0.3929295734899543,36670,0.9908455230517204
205,/home/projects/bagon/shared/imagenet512/val/n02114712/ILSVRC2012_val_00015766.JPEG,115,7.514152526855469,0.00098419189453125,0.01727922233027674,0.9264064864913051,0.07606718645554539,36692,0.9836497028124899
206,/home/projects/bagon/shared/imagenet512/val/n03457902/ILSVRC2012_val_00009006.JPEG,67,3.0745773315429688,0.0009918212890625,0.011336892727285023,0.6488402565978124,0.17716506171851337,36696,0.9848508110736457
207,/home/projects/bagon/shared/imagenet512/val/n02895154/ILSVRC2012_val_00016882.JPEG,20,2.096099853515625,0.00098419189453125,0.008039963257445137,0.4517270309420528,0.034008496278047806,36704,0.9935314363861434
208,/home/projects/bagon/shared/imagenet512/val/n04131690/ILSVRC2012_val_00025490.JPEG,62,1.7755050659179688,0.0009765625,0.01202907355177414,0.6134985997367753,0.046972741104477134,36706,0.9849316959993365
209,/home/projects/bagon/shared/imagenet512/val/n07860988/ILSVRC2012_val_00033664.JPEG,66,5.215431213378906,0.0009918212890625,0.012049934326302091,0.8337388846290263,0.03327366151964961,36724,0.9838575511721122
210,/home/projects/bagon/shared/imagenet512/val/n04209133/ILSVRC2012_val_00022674.JPEG,68,14.278884887695312,0.00099945068359375,0.01490514403819757,0.9708419694947362,0.016537102565293005,36737,0.9680938965620138
211,/home/projects/bagon/shared/imagenet512/val/n02093428/ILSVRC2012_val_00026525.JPEG,63,2.2809181213378906,0.000972747802734375,0.015794521983380397,0.4086107539238613,0.0074206432232286346,36750,0.9772700644614194
212,/home/projects/bagon/shared/imagenet512/val/n03125729/ILSVRC2012_val_00004193.JPEG,67,8.582656860351562,0.00099945068359375,0.015245215226900826,0.8780120831830402,0.04027252689551042,36752,0.9751402632386588
213,/home/projects/bagon/shared/imagenet512/val/n03995372/ILSVRC2012_val_00037971.JPEG,56,5.507331848144531,0.00099945068359375,0.01087581418609418,0.8962248598080296,0.01784382659455408,36762,0.9948411733762148
214,/home/projects/bagon/shared/imagenet512/val/n02412080/ILSVRC2012_val_00047560.JPEG,58,2.10614013671875,0.0009918212890625,0.012240144461284692,0.41793437952005064,0.06982811850818713,36794,0.9813272159487653
215,/home/projects/bagon/shared/imagenet512/val/n03452741/ILSVRC2012_val_00033366.JPEG,98,4.663978576660156,0.00099945068359375,0.01651322831209965,0.8177191178914683,0.01807011906843542,36798,0.9448918073071342
216,/home/projects/bagon/shared/imagenet512/val/n07718472/ILSVRC2012_val_00046928.JPEG,89,8.065887451171875,0.0009765625,0.015792947097849248,0.948407142462342,0.19735141511329896,36809,0.951473188851918
217,/home/projects/bagon/shared/imagenet512/val/n03773504/ILSVRC2012_val_00037619.JPEG,102,3.5169143676757812,0.00099945068359375,0.02008574376713379,0.36417567633519776,0.11097343043508964,36835,0.9761134621398377
218,/home/projects/bagon/shared/imagenet512/val/n07715103/ILSVRC2012_val_00028394.JPEG,102,0.40381622314453125,0.00099945068359375,0.010396439398801532,0.10701906444031639,0.048131971050946964,36865,0.9902483033270731
219,/home/projects/bagon/shared/imagenet512/val/n03496892/ILSVRC2012_val_00040735.JPEG,109,3.6941909790039062,0.0009918212890625,0.01625371063490149,0.8311756073995925,0.11064851291462269,36881,0.9835759146841729
220,/home/projects/bagon/shared/imagenet512/val/n03476991/ILSVRC2012_val_00027208.JPEG,38,14.086685180664062,0.0009918212890625,0.012160518186036608,0.9828503429797008,0.06098424321842538,36882,0.970172239345208
221,/home/projects/bagon/shared/imagenet512/val/n02085936/ILSVRC2012_val_00034602.JPEG,64,0.76739501953125,0.00099945068359375,0.012121784669651128,0.41706206973771714,0.030729905581349,36893,0.9876837993389946
222,/home/projects/bagon/shared/imagenet512/val/n02869837/ILSVRC2012_val_00046474.JPEG,47,0.6600074768066406,0.000949859619140625,0.0122062447192097,0.22655621813144083,0.0169022745284787,36913,0.9883534291113384
223,/home/projects/bagon/shared/imagenet512/val/n02113624/ILSVRC2012_val_00023516.JPEG,21,2.9914779663085938,0.00092315673828125,0.007372577613433924,0.6419700131701228,0.029109375347858513,36917,0.9883494162430652
224,/home/projects/bagon/shared/imagenet512/val/n03028079/ILSVRC2012_val_00016949.JPEG,79,0.725250244140625,0.00098419189453125,0.01611128596192028,0.19544994369228472,0.03324835937610443,36952,0.9770111186844527
225,/home/projects/bagon/shared/imagenet512/val/n04350905/ILSVRC2012_val_00023302.JPEG,65,1.4151687622070312,0.0009918212890625,0.015065094259484232,0.3034069052884084,0.058558248619114794,36959,0.9789435511713729
226,/home/projects/bagon/shared/imagenet512/val/n04536866/ILSVRC2012_val_00016531.JPEG,114,3.1422119140625,0.0009918212890625,0.017689265672898004,0.5098987530398608,0.02543228544345233,36964,0.9775360422869733
227,/home/projects/bagon/shared/imagenet512/val/n03908618/ILSVRC2012_val_00040316.JPEG,42,3.5117721557617188,0.00099945068359375,0.009372977752653597,0.818132176619566,0.05243885421311509,36974,0.9919208334908926
228,/home/projects/bagon/shared/imagenet512/val/n04120489/ILSVRC2012_val_00017319.JPEG,122,1.0402297973632812,0.00099945068359375,0.013275731418135005,0.34477487003949353,0.06821018174725846,36994,0.9914503605890685
229,/home/projects/bagon/shared/imagenet512/val/n07745940/ILSVRC2012_val_00007898.JPEG,68,2.619964599609375,0.00098419189453125,0.012258226507901841,0.5317449575361244,0.12958458490159078,37024,0.9874300704646841
230,/home/projects/bagon/shared/imagenet512/val/n03355925/ILSVRC2012_val_00017432.JPEG,70,4.471443176269531,0.0009918212890625,0.01271745242265128,0.907479581215866,0.07674191383417156,37032,0.9896816747775511
231,/home/projects/bagon/shared/imagenet512/val/n01981276/ILSVRC2012_val_00005228.JPEG,59,3.3870391845703125,0.00099945068359375,0.00969545701248656,0.8466361850889368,0.01896347232475784,37051,0.9947681034117508
232,/home/projects/bagon/shared/imagenet512/val/n02445715/ILSVRC2012_val_00049081.JPEG,111,6.531074523925781,0.0009918212890625,0.014399659385199043,0.8976295223095716,0.05952297296945652,37105,0.9809593467942878
233,/home/projects/bagon/shared/imagenet512/val/n03485407/ILSVRC2012_val_00023343.JPEG,63,1.6312942504882812,0.00098419189453125,0.013099651284731383,0.5214822432286987,0.018551304700265503,37107,0.9895429068717349
234,/home/projects/bagon/shared/imagenet512/val/n04099969/ILSVRC2012_val_00038750.JPEG,58,0.326568603515625,0.0009765625,0.009711995771289268,0.06401082003992245,0.031341521173648385,37109,0.9914878812623205
235,/home/projects/bagon/shared/imagenet512/val/n03065424/ILSVRC2012_val_00011283.JPEG,65,7.312095642089844,0.00096893310546875,0.013199158912360317,0.9457245349252947,0.033794803684381536,37128,0.9796872217178723
236,/home/projects/bagon/shared/imagenet512/val/n02641379/ILSVRC2012_val_00043238.JPEG,139,8.188972473144531,0.0009918212890625,0.01937318699138115,0.9740465743146899,0.07232224243785945,37202,0.9687726102509329
237,/home/projects/bagon/shared/imagenet512/val/n04435653/ILSVRC2012_val_00019471.JPEG,69,3.2665634155273438,0.0009918212890625,0.015167948548847803,0.5839740418993353,0.044411970772130605,37203,0.9657283686266317
238,/home/projects/bagon/shared/imagenet512/val/n03476991/ILSVRC2012_val_00002196.JPEG,47,4.609397888183594,0.000946044921875,0.011374272866063653,0.8588116182480748,0.08640120823128733,37204,0.9911647909943556
239,/home/projects/bagon/shared/imagenet512/val/n02094433/ILSVRC2012_val_00045818.JPEG,120,1.4825973510742188,0.0009918212890625,0.01705597541674796,0.5874780455127441,0.06318207890812425,37211,0.9711348645782271
240,/home/projects/bagon/shared/imagenet512/val/n02110806/ILSVRC2012_val_00009810.JPEG,61,0.5131683349609375,0.0009918212890625,0.011914527835725714,0.23462316134365888,0.139181673561326,37246,0.9911085113098776
241,/home/projects/bagon/shared/imagenet512/val/n07747607/ILSVRC2012_val_00017016.JPEG,70,2.6401748657226562,0.00099945068359375,0.013681803100207687,0.8540248823208411,0.08179925746429756,37255,0.9900612273712409
242,/home/projects/bagon/shared/imagenet512/val/n02747177/ILSVRC2012_val_00022653.JPEG,23,0.15529632568359375,0.0009765625,0.005666008210582396,0.056222292833544005,0.0361814904364442,37256,0.9971227257507232
243,/home/projects/bagon/shared/imagenet512/val/n02105855/ILSVRC2012_val_00004631.JPEG,68,8.910194396972656,0.0009765625,0.014723846785356704,0.9195151379820339,0.12351618083783056,37273,0.9801409833987474
244,/home/projects/bagon/shared/imagenet512/val/n02268443/ILSVRC2012_val_00048743.JPEG,125,8.464241027832031,0.00098419189453125,0.02300086337832438,0.7713821016414749,0.033091224595582946,37302,0.9799384147820996
245,/home/projects/bagon/shared/imagenet512/val/n03179701/ILSVRC2012_val_00047051.JPEG,40,3.6969757080078125,0.0009765625,0.013294090014979047,0.5529813763238585,0.005599956718539301,37329,0.9783129848424723
246,/home/projects/bagon/shared/imagenet512/val/n07745940/ILSVRC2012_val_00001194.JPEG,54,1.9066505432128906,0.000965118408203125,0.011395078656652537,0.5164571794367495,0.017301585671414738,37346,0.9876727117499492
247,/home/projects/bagon/shared/imagenet512/val/n09472597/ILSVRC2012_val_00023470.JPEG,75,3.5078659057617188,0.00099945068359375,0.013322590732104326,0.7918501200210825,0.11848578439345978,37381,0.9767574466889828
248,/home/projects/bagon/shared/imagenet512/val/n01728572/ILSVRC2012_val_00014797.JPEG,73,1.679443359375,0.00098419189453125,0.016665345608993902,0.41469218370540245,0.10190013521067554,37393,0.9769335519295471
249,/home/projects/bagon/shared/imagenet512/val/n03461385/ILSVRC2012_val_00003824.JPEG,56,6.215915679931641,0.000972747802734375,0.013442641602115458,0.826455537559801,0.042878105948850775,37397,0.9835182844424535
250,/home/projects/bagon/shared/imagenet512/val/n04192698/ILSVRC2012_val_00031758.JPEG,39,0.45178985595703125,0.00096893310546875,0.008246434171719191,0.22941434129599736,0.00981937156535928,37414,0.9963144945286082
251,/home/projects/bagon/shared/imagenet512/val/n03623198/ILSVRC2012_val_00020647.JPEG,56,3.3341064453125,0.0009765625,0.011207389618465664,0.8207220565800815,0.0955626164107547,37435,0.9906722390361553
252,/home/projects/bagon/shared/imagenet512/val/n02980441/ILSVRC2012_val_00017829.JPEG,119,3.5605697631835938,0.00099945068359375,0.01462865810427339,0.8272233482007296,0.06834936249384335,37472,0.9737050611658093
253,/home/projects/bagon/shared/imagenet512/val/n02105251/ILSVRC2012_val_00035800.JPEG,83,4.771705627441406,0.00099945068359375,0.013798349878836725,0.9240680355680283,0.2442276429700454,37484,0.9660916100257325
254,/home/projects/bagon/shared/imagenet512/val/n03014705/ILSVRC2012_val_00002535.JPEG,53,7.077884674072266,0.000972747802734375,0.011817980705746281,0.9776281494878152,0.050751095912096256,37509,0.990846086936522
255,/home/projects/bagon/shared/imagenet512/val/n02236044/ILSVRC2012_val_00031168.JPEG,135,0.6890830993652344,0.000965118408203125,0.013552563168506268,0.46562932519344924,0.0438461852782116,37511,0.9795359985980902
256,/home/projects/bagon/shared/imagenet512/val/n04392985/ILSVRC2012_val_00005368.JPEG,66,4.906768798828125,0.00099945068359375,0.017936104957899345,0.5567949555425433,0.03893056807842915,37516,0.9847322422041758
257,/home/projects/bagon/shared/imagenet512/val/n02916936/ILSVRC2012_val_00047632.JPEG,101,0.7450485229492188,0.00099945068359375,0.015186677118162755,0.14248661038374189,0.015876020642647315,37531,0.9683353736675824
258,/home/projects/bagon/shared/imagenet512/val/n09193705/ILSVRC2012_val_00021787.JPEG,65,2.0221710205078125,0.00099945068359375,0.011795884123372203,0.5765467297720804,0.05753407295505436,37538,0.9884509482841164
259,/home/projects/bagon/shared/imagenet512/val/n01728920/ILSVRC2012_val_00042082.JPEG,91,4.031837463378906,0.00096893310546875,0.01647160305807878,0.6121994168368617,0.07978540393797223,37558,0.9512554729479384
260,/home/projects/bagon/shared/imagenet512/val/n07860988/ILSVRC2012_val_00035441.JPEG,75,2.3192596435546875,0.0009918212890625,0.013541413212558497,0.5937270305760607,0.07266292665678922,37559,0.9887987749015515
261,/home/projects/bagon/shared/imagenet512/val/n03706229/ILSVRC2012_val_00036426.JPEG,92,4.623374938964844,0.0009918212890625,0.014056129341469983,0.8640119268664858,0.06685090770291974,37561,0.9718562220393131
262,/home/projects/bagon/shared/imagenet512/val/n04044716/ILSVRC2012_val_00003857.JPEG,84,0.8494720458984375,0.00098419189453125,0.014090998928634762,0.19383060217667192,0.061715229240737524,37562,0.9906355422709062
263,/home/projects/bagon/shared/imagenet512/val/n02086079/ILSVRC2012_val_00007057.JPEG,64,0.3178558349609375,0.00096893310546875,0.011897812309928736,0.051377789518305905,0.04094913558703525,37575,0.9949745382003254
264,/home/projects/bagon/shared/imagenet512/val/n02930766/ILSVRC2012_val_00010637.JPEG,85,3.98675537109375,0.0009765625,0.015937384433116535,0.6940290577772801,0.015948622959863212,37593,0.9850912218807807
265,/home/projects/bagon/shared/imagenet512/val/n02107312/ILSVRC2012_val_00008809.JPEG,62,6.343830108642578,0.000965118408203125,0.012934399747553893,0.9659932116477598,0.0876553949180281,37609,0.9896993127319609
266,/home/projects/bagon/shared/imagenet512/val/n04209239/ILSVRC2012_val_00013948.JPEG,79,2.448486328125,0.00099945068359375,0.013630849720306567,0.6658724426297522,0.03550664437205597,37615,0.9885900960475198
267,/home/projects/bagon/shared/imagenet512/val/n02089973/ILSVRC2012_val_00018202.JPEG,46,1.5647506713867188,0.00096893310546875,0.010780953519407879,0.47666378246924995,0.03919001588884502,37625,0.9897036314319143
268,/home/projects/bagon/shared/imagenet512/val/n02966687/ILSVRC2012_val_00036120.JPEG,59,0.97796630859375,0.00098419189453125,0.011087051670077348,0.47510212623309817,0.02526639820884613,37639,0.9934765246586152
269,/home/projects/bagon/shared/imagenet512/val/n09193705/ILSVRC2012_val_00042956.JPEG,101,0.8316268920898438,0.00098419189453125,0.016486866780747247,0.20698414716877347,0.013144560238728065,37642,0.9708031187088251
270,/home/projects/bagon/shared/imagenet512/val/n03661043/ILSVRC2012_val_00018849.JPEG,49,0.7970848083496094,0.000965118408203125,0.01101730671283482,0.3278826439003668,0.03011389557237265,37656,0.990642305166622
271,/home/projects/bagon/shared/imagenet512/val/n03494278/ILSVRC2012_val_00004948.JPEG,114,8.34442138671875,0.00099945068359375,0.015897484594406278,0.9358358565783839,0.05506349537597871,37664,0.970851245972417
272,/home/projects/bagon/shared/imagenet512/val/n04239074/ILSVRC2012_val_00047799.JPEG,43,0.291656494140625,0.00099945068359375,0.009978080822685064,0.11061245607815616,0.08256077220579489,37666,0.991857582471667
273,/home/projects/bagon/shared/imagenet512/val/n03877472/ILSVRC2012_val_00020466.JPEG,92,2.0412673950195312,0.0009918212890625,0.016603408382835142,0.47805032598584185,0.03836588456586887,37667,0.9623023525460321
274,/home/projects/bagon/shared/imagenet512/val/n03773504/ILSVRC2012_val_00020413.JPEG,97,5.5601806640625,0.00096893310546875,0.020944841840948854,0.5536699951831673,0.15648507324733746,37690,0.9775590379971084
275,/home/projects/bagon/shared/imagenet512/val/n07718472/ILSVRC2012_val_00010054.JPEG,93,10.486732482910156,0.00099945068359375,0.015091951744534277,0.9250954254434397,0.08647214722886135,37691,0.9635425048928687
276,/home/projects/bagon/shared/imagenet512/val/n07716906/ILSVRC2012_val_00025007.JPEG,90,3.5318527221679688,0.00099945068359375,0.013958392246443569,0.8795948054737852,0.05286583993959468,37714,0.9755348591865934
277,/home/projects/bagon/shared/imagenet512/val/n04515003/ILSVRC2012_val_00044455.JPEG,137,5.2858734130859375,0.00099945068359375,0.01708095757971143,0.8233231905445955,0.041596912813401166,37749,0.9793759462462102
278,/home/projects/bagon/shared/imagenet512/val/n04590129/ILSVRC2012_val_00041948.JPEG,52,3.3437957763671875,0.0009918212890625,0.013369011331553882,0.7898070214509391,0.06960178904718115,37768,0.9878050745114072
279,/home/projects/bagon/shared/imagenet512/val/n03769881/ILSVRC2012_val_00033143.JPEG,63,3.60833740234375,0.00099945068359375,0.012551077282002575,0.8021171632174778,0.0435137300299909,37785,0.9866631179006122
280,/home/projects/bagon/shared/imagenet512/val/n01981276/ILSVRC2012_val_00015773.JPEG,84,2.3818130493164062,0.00099945068359375,0.014342558190680327,0.6259874367384781,0.03614166029189614,37807,0.9820011744741427
281,/home/projects/bagon/shared/imagenet512/val/n03743016/ILSVRC2012_val_00043663.JPEG,97,7.964653015136719,0.0009918212890625,0.013707995994591972,0.9643642821237525,0.047137035658844806,37843,0.9762233671869931
282,/home/projects/bagon/shared/imagenet512/val/n03017168/ILSVRC2012_val_00033645.JPEG,67,7.7803802490234375,0.0009918212890625,0.012870378514692984,0.9461279139472973,0.05890318288384966,37845,0.9862094925242358
283,/home/projects/bagon/shared/imagenet512/val/n03763968/ILSVRC2012_val_00021391.JPEG,62,2.8296356201171875,0.00099945068359375,0.01239386296680391,0.7332164220125937,0.05154880469243878,37855,0.9786850554029569
284,/home/projects/bagon/shared/imagenet512/val/n03649909/ILSVRC2012_val_00005246.JPEG,60,0.2959747314453125,0.00098419189453125,0.011627541465421908,0.04382748809276002,0.05207496868242925,37856,0.9731183966662731
285,/home/projects/bagon/shared/imagenet512/val/n02749479/ILSVRC2012_val_00002269.JPEG,62,2.58868408203125,0.0009918212890625,0.013026463938220129,0.5934133137545194,0.05540153889042046,37859,0.9891356347180109
286,/home/projects/bagon/shared/imagenet512/val/n03109150/ILSVRC2012_val_00025609.JPEG,58,5.4208221435546875,0.00099945068359375,0.015130189981859974,0.7468716992604488,0.015320323322073892,37860,0.9835282287555352
287,/home/projects/bagon/shared/imagenet512/val/n03759954/ILSVRC2012_val_00041078.JPEG,41,3.7586898803710938,0.00098419189453125,0.010818688502225522,0.700854730448411,0.12365694339802208,37870,0.9787524245490291
288,/home/projects/bagon/shared/imagenet512/val/n03481172/ILSVRC2012_val_00049008.JPEG,52,4.744163513183594,0.0009918212890625,0.011851719164897563,0.8071561062821725,0.10312657922079627,37878,0.986012938304809
289,/home/projects/bagon/shared/imagenet512/val/n02114367/ILSVRC2012_val_00013412.JPEG,98,2.5393905639648438,0.000946044921875,0.015767738690614735,0.488389123895145,0.014101295599641184,37901,0.9814691405315251
290,/home/projects/bagon/shared/imagenet512/val/n03131574/ILSVRC2012_val_00034262.JPEG,180,0.9149246215820312,0.00099945068359375,0.019146522925166592,0.30157135547422564,0.08438232742051266,37903,0.9767734921806078
291,/home/projects/bagon/shared/imagenet512/val/n04285008/ILSVRC2012_val_00022246.JPEG,178,1.862640380859375,0.00099945068359375,0.02012282752378879,0.49993201154446154,0.059040674986605673,37919,0.9750045998715177
292,/home/projects/bagon/shared/imagenet512/val/n03720891/ILSVRC2012_val_00027453.JPEG,34,1.2659988403320312,0.00098419189453125,0.00876562335480646,0.4769399753981391,0.006967010014334307,37925,0.9888262416454116
293,/home/projects/bagon/shared/imagenet512/val/n03400231/ILSVRC2012_val_00017770.JPEG,71,7.900840759277344,0.00098419189453125,0.012024702274965719,0.9584437654158029,0.08931707499212407,37938,0.9915104585119476
294,/home/projects/bagon/shared/imagenet512/val/n04325704/ILSVRC2012_val_00037110.JPEG,38,3.3543319702148438,0.00099945068359375,0.009093657144864589,0.7170347798857535,0.029207440815909758,37939,0.9891902997491324
295,/home/projects/bagon/shared/imagenet512/val/n03690938/ILSVRC2012_val_00003848.JPEG,32,2.120647430419922,0.000972747802734375,0.009341833052949942,0.4046990299441955,0.016768257301493172,37958,0.9870089639098668
296,/home/projects/bagon/shared/imagenet512/val/n02916936/ILSVRC2012_val_00027192.JPEG,66,3.135833740234375,0.00098419189453125,0.013818480316447113,0.5934463190070616,0.08197502213196456,37994,0.983564908739324
297,/home/projects/bagon/shared/imagenet512/val/n04548280/ILSVRC2012_val_00033007.JPEG,77,2.5636138916015625,0.00098419189453125,0.01328191605162552,0.4895636893684988,0.19834791703872767,37996,0.9735727383319711
298,/home/projects/bagon/shared/imagenet512/val/n03595614/ILSVRC2012_val_00002248.JPEG,50,2.2340164184570312,0.00098419189453125,0.01069187620371263,0.7350335408107493,0.008128573123971639,37997,0.9846526069669005
299,/home/projects/bagon/shared/imagenet512/val/n04251144/ILSVRC2012_val_00015061.JPEG,115,0.6453170776367188,0.00098419189453125,0.01449338371515836,0.1744048531965388,0.040278246974767395,38001,0.9916661293465288
300,/home/projects/bagon/shared/imagenet512/val/n02086240/ILSVRC2012_val_00031191.JPEG,60,4.9673919677734375,0.0009918212890625,0.01303277149392138,0.8405708450291187,0.1834482360433601,38009,0.9880831579205762
301,/home/projects/bagon/shared/imagenet512/val/n03447721/ILSVRC2012_val_00022378.JPEG,83,3.4970245361328125,0.00098419189453125,0.018754247945302616,0.4746776776674115,0.03040766481544735,38022,0.9567826593709551
302,/home/projects/bagon/shared/imagenet512/val/n02138441/ILSVRC2012_val_00037731.JPEG,167,3.116535186767578,0.000972747802734375,0.020960985005116076,0.5173203350038605,0.020670049073712088,38026,0.9672542126887891
303,/home/projects/bagon/shared/imagenet512/val/n03775546/ILSVRC2012_val_00035190.JPEG,80,0.9772262573242188,0.00099945068359375,0.011606084205887521,0.4238239315781326,0.20155117455726831,38034,0.9934512044620426
304,/home/projects/bagon/shared/imagenet512/val/n01914609/ILSVRC2012_val_00048292.JPEG,164,7.413963317871094,0.0009918212890625,0.018878189214783476,0.9047185791646338,0.2324002449876167,38059,0.9566886889634486
305,/home/projects/bagon/shared/imagenet512/val/n04004767/ILSVRC2012_val_00005920.JPEG,60,3.9612960815429688,0.00098419189453125,0.013903012313536085,0.7008748875069158,0.08330150242571233,38073,0.9776802445561987
306,/home/projects/bagon/shared/imagenet512/val/n03595614/ILSVRC2012_val_00007961.JPEG,44,1.2188873291015625,0.0009765625,0.009361714910263842,0.393875219944201,0.274969139625315,38082,0.975870809384669
307,/home/projects/bagon/shared/imagenet512/val/n03666591/ILSVRC2012_val_00009507.JPEG,62,6.776084899902344,0.0009918212890625,0.013096824441061479,0.9802924382160364,0.2578894116853881,38103,0.9819282587246024
308,/home/projects/bagon/shared/imagenet512/val/n03692522/ILSVRC2012_val_00031500.JPEG,46,2.2988204956054688,0.00098419189453125,0.010950660740331712,0.6307340290246575,0.14656714163997842,38132,0.9844049598078489
309,/home/projects/bagon/shared/imagenet512/val/n03642806/ILSVRC2012_val_00024499.JPEG,34,5.687461853027344,0.0009613037109375,0.011427875420929845,0.8102815600884921,0.012088015733922486,38143,0.9741782460710815
310,/home/projects/bagon/shared/imagenet512/val/n07720875/ILSVRC2012_val_00023117.JPEG,83,1.5224227905273438,0.0009918212890625,0.012228656557541373,0.4443878295006024,0.06073038641594067,38149,0.9834420043214599
311,/home/projects/bagon/shared/imagenet512/val/n03950228/ILSVRC2012_val_00030628.JPEG,26,2.48016357421875,0.0009918212890625,0.00948940218999843,0.7564694481018002,0.0988181934183428,38162,0.9907395729369055
312,/home/projects/bagon/shared/imagenet512/val/n04254120/ILSVRC2012_val_00045519.JPEG,51,2.9724884033203125,0.0009918212890625,0.012485845454286257,0.7652201983944773,0.03486878983803077,38191,0.984631111431054
313,/home/projects/bagon/shared/imagenet512/val/n02443484/ILSVRC2012_val_00046518.JPEG,78,9.340202331542969,0.00099945068359375,0.01720503885907757,0.819249441028383,0.01494624442551254,38201,0.9475927540430228
314,/home/projects/bagon/shared/imagenet512/val/n03529860/ILSVRC2012_val_00010535.JPEG,97,10.790245056152344,0.00099945068359375,0.018911129428358354,0.90897752561511,0.11511555256175626,38204,0.960916230407267
315,/home/projects/bagon/shared/imagenet512/val/n03042490/ILSVRC2012_val_00021936.JPEG,127,3.5315475463867188,0.0009918212890625,0.015878811798180216,0.8256395817088901,0.02462218489485271,38215,0.9869114005165224
316,/home/projects/bagon/shared/imagenet512/val/n01667778/ILSVRC2012_val_00031674.JPEG,76,0.37837982177734375,0.00099945068359375,0.014502222725246438,0.049738344672005566,0.2349495770607664,38219,0.9914556837187106
317,/home/projects/bagon/shared/imagenet512/val/n02089867/ILSVRC2012_val_00008536.JPEG,26,3.2707366943359375,0.0009765625,0.008442658110769436,0.6995616326902057,0.01829876081851517,38275,0.9854881476106581
318,/home/projects/bagon/shared/imagenet512/val/n02395406/ILSVRC2012_val_00029653.JPEG,63,3.4900436401367188,0.00098419189453125,0.012189072845855973,0.7911764821634898,0.01172868745970676,38289,0.9899485084962923
319,/home/projects/bagon/shared/imagenet512/val/n03720891/ILSVRC2012_val_00034846.JPEG,69,20.49566650390625,0.0009918212890625,0.012295362028643706,0.9979253311177873,0.053253236231614876,38295,0.9835793571690938
320,/home/projects/bagon/shared/imagenet512/val/n04263257/ILSVRC2012_val_00038858.JPEG,35,0.7620162963867188,0.00098419189453125,0.010076239561786656,0.2561724800523586,0.04346064512046388,38304,0.9878945128620714
321,/home/projects/bagon/shared/imagenet512/val/n01855032/ILSVRC2012_val_00035647.JPEG,74,11.038982391357422,0.000965118408203125,0.013067402400364365,0.9775660119546141,0.06532740110071139,38316,0.9802669018327864
322,/home/projects/bagon/shared/imagenet512/val/n01667114/ILSVRC2012_val_00032700.JPEG,110,0.8317031860351562,0.00099945068359375,0.01462632670599846,0.22627971881454564,0.11358202400230111,38355,0.9871367986105248
323,/home/projects/bagon/shared/imagenet512/val/n07745940/ILSVRC2012_val_00010942.JPEG,75,3.9959259033203125,0.00098419189453125,0.013970224458026545,0.6162089282031488,0.07153563405072932,38359,0.9859884931484355
324,/home/projects/bagon/shared/imagenet512/val/n02815834/ILSVRC2012_val_00027345.JPEG,65,0.29798126220703125,0.0009765625,0.010787843752622785,0.09126981964144967,0.0893106817977592,38363,0.9908547776513297
325,/home/projects/bagon/shared/imagenet512/val/n01756291/ILSVRC2012_val_00042225.JPEG,145,4.087257385253906,0.00098419189453125,0.022471267016389095,0.49708711603370237,0.05121078387372707,38374,0.9594976349648805
326,/home/projects/bagon/shared/imagenet512/val/n02607072/ILSVRC2012_val_00025226.JPEG,136,3.0398788452148438,0.0009918212890625,0.019009313724976735,0.6298439928693148,0.05837031592919478,38379,0.9553169559828925
327,/home/projects/bagon/shared/imagenet512/val/n04116512/ILSVRC2012_val_00022697.JPEG,44,4.1953887939453125,0.00098419189453125,0.009227036510728166,0.7964176230955379,0.014614356402315176,38388,0.9912731463982094
328,/home/projects/bagon/shared/imagenet512/val/n02319095/ILSVRC2012_val_00043765.JPEG,62,1.3887481689453125,0.00099945068359375,0.012578634321502198,0.5278486576872553,0.019767649023718886,38390,0.9794358550022462
329,/home/projects/bagon/shared/imagenet512/val/n02018207/ILSVRC2012_val_00034734.JPEG,89,0.43843841552734375,0.00099945068359375,0.014026837286845336,0.10042667796387356,0.1536783496166571,38405,0.9740929842386802
330,/home/projects/bagon/shared/imagenet512/val/n02091635/ILSVRC2012_val_00018526.JPEG,71,3.2366180419921875,0.00099945068359375,0.012749463752610336,0.8287428932656995,0.06248005061339726,38417,0.983970944617624
331,/home/projects/bagon/shared/imagenet512/val/n01784675/ILSVRC2012_val_00009716.JPEG,108,5.7040863037109375,0.00099945068359375,0.013477685316417293,0.7810786139696809,0.01699646393563664,38419,0.9813730104427132
332,/home/projects/bagon/shared/imagenet512/val/n03089624/ILSVRC2012_val_00037663.JPEG,82,5.164947509765625,0.00099945068359375,0.01452106253416059,0.7659018368638203,0.014229785244068038,38424,0.9889301499016231
333,/home/projects/bagon/shared/imagenet512/val/n03530642/ILSVRC2012_val_00024562.JPEG,84,11.101333618164062,0.00098419189453125,0.013798739673928619,0.9685674029150028,0.048565800047875196,38439,0.9794048712324568
334,/home/projects/bagon/shared/imagenet512/val/n03482405/ILSVRC2012_val_00018719.JPEG,97,20.76630401611328,0.00099945068359375,0.014328739622108915,0.996574569788265,0.030810749130143783,38440,0.9773135178297707
335,/home/projects/bagon/shared/imagenet512/val/n03690938/ILSVRC2012_val_00038900.JPEG,59,0.370147705078125,0.00098419189453125,0.010510140721981039,0.14165220527239428,0.18153698439144728,38458,0.9895482566332071
336,/home/projects/bagon/shared/imagenet512/val/n03146219/ILSVRC2012_val_00045570.JPEG,134,3.2551498413085938,0.00098419189453125,0.019395567211857173,0.5462169145903424,0.0637804057235086,38467,0.9709543796857216
337,/home/projects/bagon/shared/imagenet512/val/n01770393/ILSVRC2012_val_00035005.JPEG,116,4.645896911621094,0.00099945068359375,0.01580522882271498,0.8529149921809939,0.03615232260626444,38468,0.9637513838784222
338,/home/projects/bagon/shared/imagenet512/val/n03866082/ILSVRC2012_val_00031324.JPEG,70,8.72833251953125,0.00099945068359375,0.0124321892347351,0.9807009444333236,0.13349244426870055,38469,0.9844315325469392
339,/home/projects/bagon/shared/imagenet512/val/n02109047/ILSVRC2012_val_00031336.JPEG,60,6.003368377685547,0.000965118408203125,0.01345838156951406,0.899627474455116,0.0904192230675685,38484,0.9870143366280321
340,/home/projects/bagon/shared/imagenet512/val/n02606052/ILSVRC2012_val_00046491.JPEG,65,13.827529907226562,0.0009918212890625,0.013229947310095712,0.9578404818123276,0.15519044068901822,38495,0.9809512626384088
341,/home/projects/bagon/shared/imagenet512/val/n01644900/ILSVRC2012_val_00032966.JPEG,69,1.0172805786132812,0.00098419189453125,0.012306549561190523,0.45095966554517775,0.12678059490052576,38512,0.9885155126697858
342,/home/projects/bagon/shared/imagenet512/val/n02843684/ILSVRC2012_val_00030818.JPEG,52,6.958549499511719,0.00099945068359375,0.010813947798106113,0.9634157406347441,0.09630187132865234,38581,0.9889413133577034
343,/home/projects/bagon/shared/imagenet512/val/n09332890/ILSVRC2012_val_00032615.JPEG,36,4.216758728027344,0.00098419189453125,0.011847794834421192,0.7595568561503149,0.12849822832880586,38587,0.9810866402265243
344,/home/projects/bagon/shared/imagenet512/val/n04560804/ILSVRC2012_val_00002597.JPEG,14,0.8003921508789062,0.00077056884765625,0.005815855978168592,0.20023675755340017,0.02999455616611227,38592,0.9968619866264861
345,/home/projects/bagon/shared/imagenet512/val/n02110185/ILSVRC2012_val_00015251.JPEG,127,4.086845397949219,0.00099945068359375,0.021044626921391727,0.48584677011172145,0.029748683590699432,38622,0.9766352596503841
346,/home/projects/bagon/shared/imagenet512/val/n01847000/ILSVRC2012_val_00035054.JPEG,104,6.634422302246094,0.00099945068359375,0.014750826106705648,0.9840640258111496,0.013245867218123208,38636,0.9757830073016862
347,/home/projects/bagon/shared/imagenet512/val/n04208210/ILSVRC2012_val_00026621.JPEG,53,2.2811965942382812,0.00099945068359375,0.011219400390454196,0.6736525218932731,0.043541793122610695,38641,0.9716030950738178
348,/home/projects/bagon/shared/imagenet512/val/n04418357/ILSVRC2012_val_00041249.JPEG,109,0.9464263916015625,0.0009918212890625,0.016129907258163562,0.33618749262737974,0.09373673794111867,38645,0.9750079646594146
349,/home/projects/bagon/shared/imagenet512/val/n02667093/ILSVRC2012_val_00009218.JPEG,80,3.0814666748046875,0.0009613037109375,0.014564118891273566,0.9023130487801261,0.01221310137713466,38649,0.9910051656030942
350,/home/projects/bagon/shared/imagenet512/val/n03063599/ILSVRC2012_val_00048875.JPEG,86,3.7080612182617188,0.0009918212890625,0.01832121183169959,0.6267481535700652,0.01390810134318804,38664,0.9589697156714702
351,/home/projects/bagon/shared/imagenet512/val/n03709823/ILSVRC2012_val_00022534.JPEG,46,6.409736633300781,0.0009918212890625,0.011540235120204516,0.8722619617961754,0.024478277795827397,38707,0.9846795800025995
352,/home/projects/bagon/shared/imagenet512/val/n04443257/ILSVRC2012_val_00043358.JPEG,55,3.5898590087890625,0.00099945068359375,0.010193630341200627,0.811608392926002,0.060073062407878325,38712,0.9847933329979446
353,/home/projects/bagon/shared/imagenet512/val/n02807133/ILSVRC2012_val_00042154.JPEG,84,1.1588058471679688,0.00098419189453125,0.015026792764433217,0.3848580927778197,0.1511333898210779,38715,0.9823412396460086
354,/home/projects/bagon/shared/imagenet512/val/n02099429/ILSVRC2012_val_00031281.JPEG,40,0.9149932861328125,0.0009918212890625,0.008860570962565453,0.46271973016873114,0.062387269398416656,38729,0.9942976000504743
355,/home/projects/bagon/shared/imagenet512/val/n03803284/ILSVRC2012_val_00014884.JPEG,70,4.7586669921875,0.0009918212890625,0.01317732690707078,0.8573459484758919,0.07099659790536814,38732,0.9772359592080598
356,/home/projects/bagon/shared/imagenet512/val/n02965783/ILSVRC2012_val_00012763.JPEG,136,4.010459899902344,0.00099945068359375,0.015119669715824251,0.8662855874678539,0.04590166077122426,38752,0.9835187179710134
357,/home/projects/bagon/shared/imagenet512/val/n04239074/ILSVRC2012_val_00003917.JPEG,70,5.116645812988281,0.00099945068359375,0.012514221120611532,0.9222920558499009,0.1058104451270184,38764,0.9713018715026321
358,/home/projects/bagon/shared/imagenet512/val/n03967562/ILSVRC2012_val_00021178.JPEG,71,16.974735260009766,0.000972747802734375,0.013913919519208366,0.9827986625502468,0.04789480991510606,38767,0.9851711837306646
359,/home/projects/bagon/shared/imagenet512/val/n03372029/ILSVRC2012_val_00013749.JPEG,86,10.498397827148438,0.0009918212890625,0.013926275295468655,0.9394902366542756,0.009695918388866465,38784,0.9862563506898507
360,/home/projects/bagon/shared/imagenet512/val/n02747177/ILSVRC2012_val_00007335.JPEG,24,5.343074798583984,0.000949859619140625,0.008276116690460683,0.8722397853670821,0.16986664420659758,38787,0.9806060498741953
361,/home/projects/bagon/shared/imagenet512/val/n04380533/ILSVRC2012_val_00013216.JPEG,50,0.5237197875976562,0.0009918212890625,0.011150691723767786,0.1913752874780687,0.05758578248915322,38789,0.9877582893298612
362,/home/projects/bagon/shared/imagenet512/val/n04328186/ILSVRC2012_val_00010517.JPEG,48,2.0341720581054688,0.00099945068359375,0.012381386852427704,0.638179696699765,0.02736291543451183,38790,0.9902803125576211
363,/home/projects/bagon/shared/imagenet512/val/n03218198/ILSVRC2012_val_00011006.JPEG,166,4.197883605957031,0.00099945068359375,0.021070535485383724,0.6601083439409512,0.08296527545734692,38798,0.9597734274850857
364,/home/projects/bagon/shared/imagenet512/val/n03666591/ILSVRC2012_val_00036824.JPEG,35,0.16318893432617188,0.000972747802734375,0.009923656592360315,0.02297707022569362,0.0344182956785401,38805,0.9938563137531152
365,/home/projects/bagon/shared/imagenet512/val/n02321529/ILSVRC2012_val_00026823.JPEG,102,14.216957092285156,0.00098419189453125,0.013185559445135338,0.9953085144020142,0.08742201326582594,38813,0.9835994851837737
366,/home/projects/bagon/shared/imagenet512/val/n09193705/ILSVRC2012_val_00005475.JPEG,61,1.91046142578125,0.00098419189453125,0.012737902238757605,0.6107203347285275,0.01808631314901127,38820,0.9915101649675183
367,/home/projects/bagon/shared/imagenet512/val/n07697537/ILSVRC2012_val_00042704.JPEG,62,2.2191162109375,0.0009918212890625,0.012524814167332421,0.530328408585185,0.056276611142686755,38826,0.9783313343122023
368,/home/projects/bagon/shared/imagenet512/val/n04548280/ILSVRC2012_val_00041461.JPEG,89,1.3276824951171875,0.00099945068359375,0.012823106417270901,0.349777772722638,0.049339925610040636,38838,0.9912888596277319
369,/home/projects/bagon/shared/imagenet512/val/n02786058/ILSVRC2012_val_00006995.JPEG,61,34.20671081542969,0.00099945068359375,0.012729163220295188,0.9986982140335865,0.025567729195099226,38856,0.9810174182849273
370,/home/projects/bagon/shared/imagenet512/val/n02699494/ILSVRC2012_val_00044658.JPEG,60,4.91900634765625,0.00099945068359375,0.011236426910710444,0.9698649080467033,0.02791244501713916,38861,0.9904120487345095
371,/home/projects/bagon/shared/imagenet512/val/n01693334/ILSVRC2012_val_00047908.JPEG,71,7.196125030517578,0.000972747802734375,0.013704591115434641,0.9006419462827439,0.021513718413758542,38863,0.9611617558422194
372,/home/projects/bagon/shared/imagenet512/val/n03347037/ILSVRC2012_val_00020944.JPEG,34,0.7227554321289062,0.00099945068359375,0.007814532962029273,0.35499706503365663,0.1689099059843107,38872,0.9935555981004495
373,/home/projects/bagon/shared/imagenet512/val/n04065272/ILSVRC2012_val_00044785.JPEG,94,0.6771926879882812,0.0009918212890625,0.01543936906349392,0.10963763058184522,0.07383489397838794,38873,0.9778614590537602
374,/home/projects/bagon/shared/imagenet512/val/n01755581/ILSVRC2012_val_00023820.JPEG,67,1.4423294067382812,0.0009765625,0.012623837178593438,0.4200176556521316,0.10535557196180698,38880,0.9884485068482634
375,/home/projects/bagon/shared/imagenet512/val/n04536866/ILSVRC2012_val_00029662.JPEG,125,13.533027648925781,0.0009765625,0.018366717097473766,0.9727466650082248,0.0452347333611951,38887,0.9689228142649812
376,/home/projects/bagon/shared/imagenet512/val/n02095570/ILSVRC2012_val_00028078.JPEG,49,0.4786529541015625,0.00099945068359375,0.011723878256977986,0.14302801960037542,0.1273007163005077,38909,0.9874759757064335
377,/home/projects/bagon/shared/imagenet512/val/n02124075/ILSVRC2012_val_00025168.JPEG,70,1.5030593872070312,0.0009918212890625,0.012210282667300712,0.45962645161445015,0.12493144463720007,38936,0.9929622252239191
378,/home/projects/bagon/shared/imagenet512/val/n02497673/ILSVRC2012_val_00020455.JPEG,80,1.8192977905273438,0.0009918212890625,0.013685705264744517,0.4759241105448034,0.06634572930554133,38968,0.9848894376842979
379,/home/projects/bagon/shared/imagenet512/val/n02105412/ILSVRC2012_val_00037703.JPEG,37,3.0089149475097656,0.000972747802734375,0.012216560613456467,0.6131780399664518,0.09163797755998526,38982,0.9837678326514259
380,/home/projects/bagon/shared/imagenet512/val/n02655020/ILSVRC2012_val_00009982.JPEG,180,1.9146728515625,0.00099945068359375,0.016497764444248938,0.5310690103392246,0.05510893614158785,39001,0.9850637159729766
381,/home/projects/bagon/shared/imagenet512/val/n02783161/ILSVRC2012_val_00033729.JPEG,36,1.1634178161621094,0.000957489013671875,0.009478540774428747,0.4592484161264842,0.06148297614646209,39005,0.9852512118258254
382,/home/projects/bagon/shared/imagenet512/val/n01985128/ILSVRC2012_val_00031589.JPEG,68,8.080551147460938,0.0009918212890625,0.015915474520522107,0.9377488047004671,0.024316964025406007,39012,0.9632265520215971
383,/home/projects/bagon/shared/imagenet512/val/n01665541/ILSVRC2012_val_00023654.JPEG,69,0.48743438720703125,0.0009918212890625,0.011667968539667273,0.2904527180944395,0.11406605042506429,39015,0.9854557484254935
384,/home/projects/bagon/shared/imagenet512/val/n03595614/ILSVRC2012_val_00004708.JPEG,74,0.6085777282714844,0.000972747802734375,0.013459672472324418,0.17878907891024262,0.054358012847047804,39024,0.9763260073770748
385,/home/projects/bagon/shared/imagenet512/val/n02102318/ILSVRC2012_val_00040898.JPEG,81,1.25067138671875,0.00099945068359375,0.015077847753848215,0.2850407073589969,0.05830847002519918,39041,0.9849550435399693
386,/home/projects/bagon/shared/imagenet512/val/n04037443/ILSVRC2012_val_00022017.JPEG,73,3.1751937866210938,0.00098419189453125,0.013552739489910995,0.6812796633212032,0.020214982463535452,39064,0.9870591838551479
387,/home/projects/bagon/shared/imagenet512/val/n04591713/ILSVRC2012_val_00019274.JPEG,75,2.8107643127441406,0.000972747802734375,0.013665571577342111,0.6221740224139867,0.05847798616973682,39065,0.9920091043423995
388,/home/projects/bagon/shared/imagenet512/val/n04136333/ILSVRC2012_val_00022316.JPEG,103,2.0521469116210938,0.00099945068359375,0.01611791103899831,0.5651242264635086,0.09121648068723084,39079,0.9762548701690705
389,/home/projects/bagon/shared/imagenet512/val/n03535780/ILSVRC2012_val_00049468.JPEG,79,0.7282028198242188,0.0009918212890625,0.013302442894201537,0.2514709996251061,0.012890676928143274,39083,0.9873356169694063
390,/home/projects/bagon/shared/imagenet512/val/n01980166/ILSVRC2012_val_00007370.JPEG,158,2.662109375,0.0009918212890625,0.017913277994682418,0.6622711276249321,0.16913236631036344,39089,0.9773989618474189
391,/home/projects/bagon/shared/imagenet512/val/n04476259/ILSVRC2012_val_00045380.JPEG,28,10.036270141601562,0.0009918212890625,0.008040172368345477,0.9468842133071863,0.01658685650559555,39096,0.9929541322222027
392,/home/projects/bagon/shared/imagenet512/val/n07583066/ILSVRC2012_val_00015678.JPEG,91,9.408699035644531,0.00099945068359375,0.013082558924122535,0.9388628307435268,0.04964945323143474,39100,0.9822372904008826
393,/home/projects/bagon/shared/imagenet512/val/n09428293/ILSVRC2012_val_00008147.JPEG,49,5.880657196044922,0.000965118408203125,0.012991033565734516,0.7751091347701985,0.006734893072710912,39137,0.9820147517677096
394,/home/projects/bagon/shared/imagenet512/val/n02747177/ILSVRC2012_val_00043970.JPEG,41,1.145751953125,0.00099945068359375,0.01084407643668021,0.24109529075913505,0.06361171358615375,39139,0.9818323083484848
395,/home/projects/bagon/shared/imagenet512/val/n04356056/ILSVRC2012_val_00048481.JPEG,26,2.3287734985351562,0.00099945068359375,0.008784073411385512,0.5918691949968586,0.017694972175046786,39173,0.9883321724914029
396,/home/projects/bagon/shared/imagenet512/val/n02443484/ILSVRC2012_val_00014233.JPEG,92,12.744285583496094,0.00098419189453125,0.01807451932968962,0.9560165872754298,0.06190299368285779,39175,0.9796913077331741
397,/home/projects/bagon/shared/imagenet512/val/n04350905/ILSVRC2012_val_00018801.JPEG,88,1.3220901489257812,0.0009765625,0.01748902894673415,0.2585128244492908,0.027434291590059334,39196,0.9732797358125643
398,/home/projects/bagon/shared/imagenet512/val/n03956157/ILSVRC2012_val_00048866.JPEG,67,1.8418426513671875,0.0009918212890625,0.012829128151868999,0.613281819895632,0.1364988446308204,39207,0.9928253026926384
399,/home/projects/bagon/shared/imagenet512/val/n02667093/ILSVRC2012_val_00026236.JPEG,80,0.6891250610351562,0.00099945068359375,0.013429008930476983,0.26112988435201356,0.10036413400880512,39217,0.9692033539866809
400,/home/projects/bagon/shared/imagenet512/val/n03692522/ILSVRC2012_val_00039061.JPEG,37,2.9174652099609375,0.00099945068359375,0.009983885325524574,0.6601825972823262,0.04981289523547203,39218,0.990371710283487
401,/home/projects/bagon/shared/imagenet512/val/n07615774/ILSVRC2012_val_00002619.JPEG,47,2.9531936645507812,0.0009918212890625,0.009729239101491411,0.7984399708640975,0.033195006405419725,39220,0.9800471380667817
402,/home/projects/bagon/shared/imagenet512/val/n03676483/ILSVRC2012_val_00012849.JPEG,72,4.750175476074219,0.00098419189453125,0.012052338103361777,0.8773191569105938,0.04631073458316723,39233,0.9894591431241747
403,/home/projects/bagon/shared/imagenet512/val/n02730930/ILSVRC2012_val_00027999.JPEG,104,0.49017333984375,0.00099945068359375,0.013918185808049094,0.15518096070056672,0.018255811015638,39240,0.9786297311044014
404,/home/projects/bagon/shared/imagenet512/val/n02356798/ILSVRC2012_val_00006392.JPEG,70,0.2450408935546875,0.0009918212890625,0.013445858503296014,0.015543522080501308,0.02012842198411946,39241,0.9837956410949281
405,/home/projects/bagon/shared/imagenet512/val/n04584207/ILSVRC2012_val_00015105.JPEG,70,19.082252502441406,0.00099945068359375,0.01517878815455225,0.9929546635359398,0.018356279705871448,39243,0.9590512696240155
406,/home/projects/bagon/shared/imagenet512/val/n07590611/ILSVRC2012_val_00027821.JPEG,103,4.588676452636719,0.0009918212890625,0.014808754627810198,0.7668340553985665,0.02593100347229149,39253,0.9815896701406164
407,/home/projects/bagon/shared/imagenet512/val/n02823428/ILSVRC2012_val_00004371.JPEG,75,1.251190185546875,0.00099945068359375,0.012253117944755858,0.45088496061651573,0.19009447168308485,39261,0.9938199856863698
408,/home/projects/bagon/shared/imagenet512/val/n01877812/ILSVRC2012_val_00019977.JPEG,87,3.621673583984375,0.00099945068359375,0.014777774477258308,0.6526086341658559,0.06127389798591071,39268,0.9772429302677799
409,/home/projects/bagon/shared/imagenet512/val/n09399592/ILSVRC2012_val_00040543.JPEG,77,1.632354736328125,0.00098419189453125,0.013169975713060266,0.4875918796050567,0.0779597412667456,39276,0.9803055206379454
410,/home/projects/bagon/shared/imagenet512/val/n02708093/ILSVRC2012_val_00039274.JPEG,67,1.8069000244140625,0.00099945068359375,0.012676251185637494,0.5608215003633572,0.07758424662526942,39280,0.9872032616126293
411,/home/projects/bagon/shared/imagenet512/val/n03933933/ILSVRC2012_val_00004802.JPEG,73,0.2241058349609375,0.00099945068359375,0.01100513793832077,0.034401216268689847,0.025868379484752957,39301,0.9901150017036899
412,/home/projects/bagon/shared/imagenet512/val/n01494475/ILSVRC2012_val_00005339.JPEG,71,0.3090362548828125,0.00098419189453125,0.011749019703324783,0.06193717200138758,0.20519793957224536,39324,0.992747740128934
413,/home/projects/bagon/shared/imagenet512/val/n03527444/ILSVRC2012_val_00005874.JPEG,71,16.131954193115234,0.000949859619140625,0.01297991468538381,0.9934588190295154,0.02265612190289673,39339,0.9903402412411594
414,/home/projects/bagon/shared/imagenet512/val/n03770439/ILSVRC2012_val_00031174.JPEG,40,8.414436340332031,0.0009918212890625,0.011686544918412497,0.8706571958647988,0.0798615062213903,39341,0.9847671065560318
415,/home/projects/bagon/shared/imagenet512/val/n03903868/ILSVRC2012_val_00024519.JPEG,51,0.74090576171875,0.0009918212890625,0.01062702912061357,0.2656866359757295,0.0845396607100477,39353,0.9791527700571546
416,/home/projects/bagon/shared/imagenet512/val/n04004767/ILSVRC2012_val_00007270.JPEG,87,4.821449279785156,0.0009918212890625,0.012919995534173034,0.8886898307142221,0.1362591926432566,39358,0.9886875832632901
417,/home/projects/bagon/shared/imagenet512/val/n07836838/ILSVRC2012_val_00013657.JPEG,55,3.0019989013671875,0.0009918212890625,0.012254187687354746,0.8155568063725958,0.016906198129482075,39366,0.9851959439968205
418,/home/projects/bagon/shared/imagenet512/val/n03832673/ILSVRC2012_val_00022184.JPEG,39,4.529998779296875,0.00093841552734375,0.01385000502233623,0.5582666540527106,0.01739690591739934,39367,0.9855815953448908
419,/home/projects/bagon/shared/imagenet512/val/n03014705/ILSVRC2012_val_00009540.JPEG,75,4.881645202636719,0.00099945068359375,0.013900689998523627,0.906534436904969,0.008594323341227172,39424,0.9865762487557342
420,/home/projects/bagon/shared/imagenet512/val/n03141823/ILSVRC2012_val_00035895.JPEG,52,2.6647987365722656,0.000957489013671875,0.011346444543453167,0.627643603730785,0.026576082640308585,39425,0.9897944277463782
421,/home/projects/bagon/shared/imagenet512/val/n02100583/ILSVRC2012_val_00040937.JPEG,64,2.0951766967773438,0.00099945068359375,0.013519024487464759,0.567798448313111,0.0779486891837593,39428,0.9809926130950445
422,/home/projects/bagon/shared/imagenet512/val/n01677366/ILSVRC2012_val_00023146.JPEG,98,8.9107666015625,0.00098419189453125,0.017031339606938263,0.8835685190884598,0.10282104264388162,39429,0.9688747743071348
423,/home/projects/bagon/shared/imagenet512/val/n02808304/ILSVRC2012_val_00016455.JPEG,39,2.932525634765625,0.0009918212890625,0.01082410088179255,0.6255975986185368,0.01572987891592459,39430,0.9906400327297089
424,/home/projects/bagon/shared/imagenet512/val/n03724870/ILSVRC2012_val_00039224.JPEG,61,5.773773193359375,0.0009918212890625,0.013522937067179445,0.9265998635538195,0.05433829814195801,39440,0.9849520487507561
425,/home/projects/bagon/shared/imagenet512/val/n02226429/ILSVRC2012_val_00037090.JPEG,128,1.561981201171875,0.00099945068359375,0.019928360165429027,0.4030026276707715,0.026997124846402765,39448,0.9618519695665613
426,/home/projects/bagon/shared/imagenet512/val/n02107574/ILSVRC2012_val_00037538.JPEG,83,17.975181579589844,0.00098419189453125,0.017660151333865837,0.9831390325154445,0.05147500613284517,39451,0.9720981199359057
427,/home/projects/bagon/shared/imagenet512/val/n02363005/ILSVRC2012_val_00007796.JPEG,79,4.618736267089844,0.00099945068359375,0.014892313152091174,0.7207714492139321,0.07782983280872316,39463,0.974091264382618
428,/home/projects/bagon/shared/imagenet512/val/n04485082/ILSVRC2012_val_00008143.JPEG,53,3.8409194946289062,0.0009613037109375,0.011568285617690651,0.6960409306049417,0.058281715512063625,39465,0.9778910106611737
429,/home/projects/bagon/shared/imagenet512/val/n04380533/ILSVRC2012_val_00003891.JPEG,72,2.0246124267578125,0.00099945068359375,0.014792887889746966,0.630887963402064,0.08656633246664847,39469,0.9780386660054539
430,/home/projects/bagon/shared/imagenet512/val/n04229816/ILSVRC2012_val_00031102.JPEG,78,9.026115417480469,0.00099945068359375,0.01320455134407624,0.9276495100348214,0.013477310231949868,39474,0.975032110413673
431,/home/projects/bagon/shared/imagenet512/val/n01692333/ILSVRC2012_val_00045776.JPEG,82,1.4804153442382812,0.00096893310546875,0.01287584612102699,0.5518990179252217,0.0758610430089404,39487,0.9882879652801335
432,/home/projects/bagon/shared/imagenet512/val/n03637318/ILSVRC2012_val_00048879.JPEG,36,6.477745056152344,0.00092315673828125,0.009258663192791372,0.8880950142617374,0.12582757736619993,39509,0.9838581473422515
433,/home/projects/bagon/shared/imagenet512/val/n07880968/ILSVRC2012_val_00047830.JPEG,51,2.6357345581054688,0.0009918212890625,0.011022315652932489,0.7033669847512445,0.08662716248582428,39511,0.9923044834577283
434,/home/projects/bagon/shared/imagenet512/val/n04099969/ILSVRC2012_val_00009521.JPEG,72,16.808570861816406,0.00096893310546875,0.012078810995286755,0.9935583809010899,0.02255264657790923,39512,0.9873522600445016
435,/home/projects/bagon/shared/imagenet512/val/n02843684/ILSVRC2012_val_00015234.JPEG,80,1.5328865051269531,0.000957489013671875,0.013408175494229235,0.4194832158341255,0.04648710254957178,39525,0.9877997495092758
436,/home/projects/bagon/shared/imagenet512/val/n02106166/ILSVRC2012_val_00045261.JPEG,95,6.09832763671875,0.0009918212890625,0.017574421866896863,0.7617728369770276,0.03949644431902344,39535,0.98300062313571
437,/home/projects/bagon/shared/imagenet512/val/n07717556/ILSVRC2012_val_00027072.JPEG,102,0.42740631103515625,0.00099945068359375,0.011118104697585406,0.11493326592395993,0.031046259333997156,39552,0.990691871539865
438,/home/projects/bagon/shared/imagenet512/val/n03958227/ILSVRC2012_val_00042645.JPEG,47,10.231956481933594,0.0009918212890625,0.013420716682751403,0.9728509180695883,0.060355200724082125,39558,0.9801845160007778
439,/home/projects/bagon/shared/imagenet512/val/n07742313/ILSVRC2012_val_00008128.JPEG,75,9.225273132324219,0.0009765625,0.014564736237246256,0.9350556318245188,0.07088443176527753,39572,0.9846879018758814
440,/home/projects/bagon/shared/imagenet512/val/n04350905/ILSVRC2012_val_00037945.JPEG,90,5.095970153808594,0.00098419189453125,0.02001337092838714,0.6641476634321453,0.05857308991509977,39573,0.9691167768884071
441,/home/projects/bagon/shared/imagenet512/val/n07565083/ILSVRC2012_val_00003339.JPEG,51,1.1410369873046875,0.00099945068359375,0.011060895430919575,0.5350909149110399,0.12329924412297383,39579,0.9811989953818367
442,/home/projects/bagon/shared/imagenet512/val/n01737021/ILSVRC2012_val_00038046.JPEG,109,2.6892166137695312,0.00099945068359375,0.01668589962354365,0.5786763792453975,0.07932370644305783,39584,0.9721992148265478
443,/home/projects/bagon/shared/imagenet512/val/n04592741/ILSVRC2012_val_00037222.JPEG,30,3.387287139892578,0.000949859619140625,0.009548447690017855,0.7184650595182661,0.050282501365880916,39590,0.9893370608347684
444,/home/projects/bagon/shared/imagenet512/val/n02009229/ILSVRC2012_val_00038730.JPEG,112,5.056114196777344,0.0009918212890625,0.012360309254607191,0.8857914867165005,0.11835254183441496,39594,0.9823139960290749
445,/home/projects/bagon/shared/imagenet512/val/n03769881/ILSVRC2012_val_00021324.JPEG,60,4.325202941894531,0.00099945068359375,0.01228843275998511,0.9481729224528815,0.028534934475114904,39624,0.9792013730010241
446,/home/projects/bagon/shared/imagenet512/val/n04004767/ILSVRC2012_val_00043636.JPEG,45,1.8334732055664062,0.0009918212890625,0.011010801513893278,0.5786292489243394,0.03719066816231337,39626,0.9902729531968173
447,/home/projects/bagon/shared/imagenet512/val/n04372370/ILSVRC2012_val_00016211.JPEG,56,3.962890625,0.00098419189453125,0.011910270438437735,0.8353475213642658,0.049634001379097736,39631,0.9832627082512209
448,/home/projects/bagon/shared/imagenet512/val/n03041632/ILSVRC2012_val_00048891.JPEG,54,5.0025482177734375,0.00098419189453125,0.011810217714906694,0.9608143953242247,0.039890319907568805,39637,0.9926936979551548
449,/home/projects/bagon/shared/imagenet512/val/n02168699/ILSVRC2012_val_00003444.JPEG,80,4.158092498779297,0.000972747802734375,0.01428219674137236,0.8766387424387013,0.012963341342621892,39645,0.9855628771572852
450,/home/projects/bagon/shared/imagenet512/val/n02268443/ILSVRC2012_val_00044892.JPEG,91,4.419647216796875,0.00098419189453125,0.01651844548524412,0.630826822362042,0.04088486764258359,39652,0.9886756952093864
451,/home/projects/bagon/shared/imagenet512/val/n02992211/ILSVRC2012_val_00041209.JPEG,143,4.137702941894531,0.00099945068359375,0.01678831951176505,0.7289540849766172,0.10644679328612941,39671,0.9685282152634422
452,/home/projects/bagon/shared/imagenet512/val/n07715103/ILSVRC2012_val_00012240.JPEG,91,8.23044204711914,0.000965118408203125,0.013530862174756384,0.9573446276105451,0.039866918155613246,39685,0.9896158573234064
453,/home/projects/bagon/shared/imagenet512/val/n03832673/ILSVRC2012_val_00024777.JPEG,43,7.287208557128906,0.00099945068359375,0.013505889012844191,0.8018954203200004,0.11729333732111225,39710,0.9835466993451425
454,/home/projects/bagon/shared/imagenet512/val/n01775062/ILSVRC2012_val_00014540.JPEG,97,1.3226165771484375,0.00099945068359375,0.015891094490994313,0.3291878876360445,0.08161076099686304,39729,0.9802973649413511
455,/home/projects/bagon/shared/imagenet512/val/n03888257/ILSVRC2012_val_00002990.JPEG,88,10.498214721679688,0.0009765625,0.0167041546085924,0.8968571703271925,0.052253219229971226,39733,0.9733498933247485
456,/home/projects/bagon/shared/imagenet512/val/n02319095/ILSVRC2012_val_00039456.JPEG,98,0.51214599609375,0.00099945068359375,0.01450804688549471,0.11399452564272879,0.05367442601270045,39737,0.9790441758350601
457,/home/projects/bagon/shared/imagenet512/val/n04162706/ILSVRC2012_val_00002670.JPEG,61,0.9335479736328125,0.00099945068359375,0.01220759555071515,0.37857170549428776,0.10585739421855697,39743,0.9879543606607526
458,/home/projects/bagon/shared/imagenet512/val/n02871525/ILSVRC2012_val_00003005.JPEG,35,4.447349548339844,0.0009765625,0.009189678297218975,0.9191035693494841,0.11365133405984817,39745,0.9841956902665175
459,/home/projects/bagon/shared/imagenet512/val/n04522168/ILSVRC2012_val_00012036.JPEG,59,1.9372215270996094,0.000942230224609375,0.010707757986637138,0.5420852951986933,0.03621059414319033,39759,0.9821971382636286
460,/home/projects/bagon/shared/imagenet512/val/n03770439/ILSVRC2012_val_00047661.JPEG,41,0.18556976318359375,0.00099945068359375,0.010218597642745393,0.030361048868531297,0.06580255524775969,39763,0.9904666851859409
461,/home/projects/bagon/shared/imagenet512/val/n04005630/ILSVRC2012_val_00011411.JPEG,62,4.2355804443359375,0.0009765625,0.01345148854523897,0.7607024708728596,0.08787355890885207,39773,0.9886214368124246
462,/home/projects/bagon/shared/imagenet512/val/n04380533/ILSVRC2012_val_00030598.JPEG,87,2.7406158447265625,0.00098419189453125,0.015343028678798309,0.5803691744183683,0.15774435939679948,39774,0.991674268955296
463,/home/projects/bagon/shared/imagenet512/val/n01755581/ILSVRC2012_val_00046370.JPEG,76,5.8734283447265625,0.00098419189453125,0.013976306059717412,0.8769581596422724,0.040367855834683164,39777,0.9854792186726118
464,/home/projects/bagon/shared/imagenet512/val/n04399382/ILSVRC2012_val_00018386.JPEG,69,1.3859024047851562,0.0009918212890625,0.012077025227375516,0.33079507123817503,0.03811901407375723,39779,0.9889729655675913
465,/home/projects/bagon/shared/imagenet512/val/n04074963/ILSVRC2012_val_00027761.JPEG,39,0.27007293701171875,0.00098419189453125,0.008553362044272017,0.10007667775933785,0.034740612832537654,39792,0.9949700088995485
466,/home/projects/bagon/shared/imagenet512/val/n02497673/ILSVRC2012_val_00037940.JPEG,62,1.2661209106445312,0.00099945068359375,0.012681310453150048,0.4635147247877952,0.037967983849614,39794,0.9837016675525891
467,/home/projects/bagon/shared/imagenet512/val/n03709823/ILSVRC2012_val_00026748.JPEG,37,9.670089721679688,0.00099945068359375,0.010360281680442554,0.9611876002241369,0.05626859321000752,39795,0.9915462605349293
468,/home/projects/bagon/shared/imagenet512/val/n03534580/ILSVRC2012_val_00021779.JPEG,61,0.8847427368164062,0.00098419189453125,0.012547771272946205,0.3251984737523328,0.07359007120183716,39804,0.9879991167085763
469,/home/projects/bagon/shared/imagenet512/val/n03877472/ILSVRC2012_val_00021113.JPEG,65,15.612335205078125,0.00099945068359375,0.013408869027447094,0.9896674784973079,0.036822612793204035,39814,0.9784166107679354
470,/home/projects/bagon/shared/imagenet512/val/n03485794/ILSVRC2012_val_00000902.JPEG,43,5.082405090332031,0.0009918212890625,0.009283972146533372,0.9531570345803854,0.010706060945422174,39815,0.9928522411618971
471,/home/projects/bagon/shared/imagenet512/val/n02128385/ILSVRC2012_val_00019439.JPEG,89,0.441741943359375,0.0009918212890625,0.013492793186144655,0.10515884715479619,0.03419371695721363,39829,0.9804145353676693
472,/home/projects/bagon/shared/imagenet512/val/n04265275/ILSVRC2012_val_00037493.JPEG,31,0.34881591796875,0.00092315673828125,0.008514890392498082,0.13683308285580642,0.03739169791902597,39831,0.9935752982111472
473,/home/projects/bagon/shared/imagenet512/val/n07760859/ILSVRC2012_val_00028419.JPEG,160,2.564208984375,0.0009765625,0.01833903846120753,0.6552044212256948,0.015292743384733798,39832,0.9567748616499722
474,/home/projects/bagon/shared/imagenet512/val/n09399592/ILSVRC2012_val_00039874.JPEG,59,1.8564414978027344,0.000972747802734375,0.010789090743207382,0.5042148574645969,0.017278813524492287,39855,0.9904756746314919
475,/home/projects/bagon/shared/imagenet512/val/n04332243/ILSVRC2012_val_00002067.JPEG,44,1.3752822875976562,0.0009918212890625,0.009848805360936387,0.5026576988794397,0.030237959301342432,39864,0.9890852312398172
476,/home/projects/bagon/shared/imagenet512/val/n01740131/ILSVRC2012_val_00025544.JPEG,71,7.540008544921875,0.0009918212890625,0.011772782849521879,0.9322257766678643,0.014038039995566604,39865,0.9881987972467939
477,/home/projects/bagon/shared/imagenet512/val/n03710721/ILSVRC2012_val_00042939.JPEG,126,7.4877471923828125,0.00099945068359375,0.01961879422063065,0.6476069911449114,0.15077639728148035,39878,0.9578672934541969
478,/home/projects/bagon/shared/imagenet512/val/n02871525/ILSVRC2012_val_00014388.JPEG,35,2.64459228515625,0.00099945068359375,0.009494219695091207,0.7862318854555852,0.04918782061537147,39907,0.979988353141611
479,/home/projects/bagon/shared/imagenet512/val/n02113712/ILSVRC2012_val_00032466.JPEG,55,14.176628112792969,0.0009613037109375,0.013750892178456316,0.9615696148217172,0.024802437840207525,39910,0.973093758606844
480,/home/projects/bagon/shared/imagenet512/val/n04258138/ILSVRC2012_val_00011271.JPEG,68,2.03564453125,0.0009918212890625,0.012034044017671929,0.771186741567897,0.007782684726661104,39911,0.9930084464046351
481,/home/projects/bagon/shared/imagenet512/val/n02490219/ILSVRC2012_val_00029926.JPEG,126,1.515472412109375,0.00099945068359375,0.0153104175766629,0.3468236883435124,0.04376670162170723,39913,0.9820496605904083
482,/home/projects/bagon/shared/imagenet512/val/n02093428/ILSVRC2012_val_00000191.JPEG,54,2.9160232543945312,0.00099945068359375,0.011859998235021613,0.540242809250339,0.03771900652840868,39919,0.9793214323117353
483,/home/projects/bagon/shared/imagenet512/val/n07745940/ILSVRC2012_val_00017534.JPEG,67,0.3812065124511719,0.000957489013671875,0.011493466233680135,0.10269184170749916,0.1074256831531678,39923,0.9952949969682178
484,/home/projects/bagon/shared/imagenet512/val/n02808440/ILSVRC2012_val_00006993.JPEG,30,2.668323516845703,0.000904083251953125,0.010708516563054788,0.49577025138421704,0.10535516307614773,39927,0.9917141406102221
485,/home/projects/bagon/shared/imagenet512/val/n04330267/ILSVRC2012_val_00049251.JPEG,23,0.8133621215820312,0.0009918212890625,0.007269963259361082,0.44151693370977396,0.06785488394222544,39934,0.9960017701093454
486,/home/projects/bagon/shared/imagenet512/val/n03775071/ILSVRC2012_val_00018880.JPEG,81,1.8927841186523438,0.00099945068359375,0.014147597581634907,0.609755284943844,0.049018261685157105,39939,0.9722434113152679
487,/home/projects/bagon/shared/imagenet512/val/n02108422/ILSVRC2012_val_00003022.JPEG,71,3.81707763671875,0.0009918212890625,0.013913632147755999,0.7894492385949239,0.20240319899540157,39949,0.9816516160459442
488,/home/projects/bagon/shared/imagenet512/val/n03673027/ILSVRC2012_val_00037942.JPEG,101,4.0449981689453125,0.0009765625,0.01557426784937556,0.9100694431470332,0.013507749229360544,39964,0.9745793378336352
489,/home/projects/bagon/shared/imagenet512/val/n03658185/ILSVRC2012_val_00037859.JPEG,58,7.643768310546875,0.00098419189453125,0.012873785143707241,0.9321088544059448,0.08130356692683033,39971,0.9747310493128304
490,/home/projects/bagon/shared/imagenet512/val/n03146219/ILSVRC2012_val_00009449.JPEG,137,2.45989990234375,0.00099945068359375,0.020422361057552373,0.42320448791274656,0.10362915329335715,39976,0.9738244227243912
491,/home/projects/bagon/shared/imagenet512/val/n02033041/ILSVRC2012_val_00034186.JPEG,96,2.2135086059570312,0.00098419189453125,0.013379585825654258,0.6653772206452311,0.0566014272454492,39985,0.9814255602119525
492,/home/projects/bagon/shared/imagenet512/val/n09468604/ILSVRC2012_val_00000313.JPEG,79,9.380332946777344,0.00098419189453125,0.016021777927501327,0.8876910901708828,0.0851309602568065,39992,0.9597388781764895
493,/home/projects/bagon/shared/imagenet512/val/n04356056/ILSVRC2012_val_00034012.JPEG,47,5.159191131591797,0.000965118408203125,0.01566045396840421,0.6240440896708722,0.06940678459889077,39995,0.9820634547353186
494,/home/projects/bagon/shared/imagenet512/val/n03759954/ILSVRC2012_val_00033438.JPEG,43,5.515907287597656,0.0009918212890625,0.01086827787306874,0.8732766956342773,0.04961225139628572,39998,0.9823941889739559
495,/home/projects/bagon/shared/imagenet512/val/n01784675/ILSVRC2012_val_00040763.JPEG,68,21.57354736328125,0.0009765625,0.01197004755635138,0.9964588362587551,0.25929548941455943,40000,0.9855136464008337
496,/home/projects/bagon/shared/imagenet512/val/n04136333/ILSVRC2012_val_00031664.JPEG,58,4.822418212890625,0.0009918212890625,0.012971635094847694,0.7831843241582008,0.03923694812659981,40022,0.975156993960811
497,/home/projects/bagon/shared/imagenet512/val/n02825657/ILSVRC2012_val_00016504.JPEG,54,33.487091064453125,0.0009765625,0.012250624139878291,0.9975032047387955,0.13741280058616404,40023,0.9736509516451712
498,/home/projects/bagon/shared/imagenet512/val/n03787032/ILSVRC2012_val_00010504.JPEG,70,4.4348907470703125,0.0009918212890625,0.014407327003650475,0.7717003167448182,0.01098347858657528,40042,0.9708808566201722
499,/home/projects/bagon/shared/imagenet512/val/n04606251/ILSVRC2012_val_00009749.JPEG,76,9.245452880859375,0.00098419189453125,0.013042029600157563,0.9783615712602322,0.07884135854310026,40070,0.9701988167680736
500,/home/projects/bagon/shared/imagenet512/val/n02009229/ILSVRC2012_val_00034068.JPEG,122,3.506195068359375,0.00099945068359375,0.018913880091266568,0.7687422615757327,0.06040934174399709,40080,0.9807267033974045
501,/home/projects/bagon/shared/imagenet512/val/n02090721/ILSVRC2012_val_00042158.JPEG,104,2.2581634521484375,0.00099945068359375,0.016909407279690203,0.5113359777390787,0.03227619599773332,40088,0.9836277656480246
502,/home/projects/bagon/shared/imagenet512/val/n04346328/ILSVRC2012_val_00019273.JPEG,77,5.525764465332031,0.00099945068359375,0.012209737420823232,0.9528074334097275,0.09670007280144927,40102,0.9755764723830138
503,/home/projects/bagon/shared/imagenet512/val/n02113186/ILSVRC2012_val_00040725.JPEG,36,3.303558349609375,0.00099945068359375,0.010194109416164174,0.6453664920247093,0.015409311342654552,40103,0.982390084291746
504,/home/projects/bagon/shared/imagenet512/val/n02807133/ILSVRC2012_val_00001584.JPEG,78,13.439033508300781,0.00098419189453125,0.013923296085084524,0.9875858305620073,0.09339320070140197,40136,0.9790782786633164
505,/home/projects/bagon/shared/imagenet512/val/n03792782/ILSVRC2012_val_00015867.JPEG,59,2.6388473510742188,0.0009765625,0.01207789339642597,0.6952165458197228,0.10732643405232287,40140,0.978370799609627
506,/home/projects/bagon/shared/imagenet512/val/n02226429/ILSVRC2012_val_00013924.JPEG,127,1.3661041259765625,0.00099945068359375,0.019330464764297773,0.24078161040066984,0.06959182744876324,40153,0.9779912464175512
507,/home/projects/bagon/shared/imagenet512/val/n02504458/ILSVRC2012_val_00002282.JPEG,98,4.8103790283203125,0.00099945068359375,0.01886959450935854,0.7617672186186245,0.08645158697602628,40155,0.979070475955508
508,/home/projects/bagon/shared/imagenet512/val/n03179701/ILSVRC2012_val_00021078.JPEG,49,1.8997802734375,0.00099945068359375,0.010909365054539615,0.7052575925458,0.021802207058151668,40157,0.9856379921440084
509,/home/projects/bagon/shared/imagenet512/val/n03908618/ILSVRC2012_val_00008762.JPEG,64,3.0712051391601562,0.0009918212890625,0.01418296459196659,0.6640734837771651,0.019646617941979416,40174,0.9852977283201361
510,/home/projects/bagon/shared/imagenet512/val/n03249569/ILSVRC2012_val_00006656.JPEG,45,7.9901123046875,0.0009765625,0.009960279967123923,0.9489642875994255,0.03960650540044164,40177,0.9903001753583277
511,/home/projects/bagon/shared/imagenet512/val/n09288635/ILSVRC2012_val_00037151.JPEG,105,0.9690093994140625,0.0009918212890625,0.012652980828418606,0.5863579796588956,0.13175026151617314,40208,0.9826874910743228
512,/home/projects/bagon/shared/imagenet512/val/n04523525/ILSVRC2012_val_00018433.JPEG,51,8.419120788574219,0.0009918212890625,0.013235522500222828,0.9652342260876255,0.16732664400313646,40219,0.977298943628048
513,/home/projects/bagon/shared/imagenet512/val/n04557648/ILSVRC2012_val_00049929.JPEG,56,1.688629150390625,0.00099945068359375,0.01179821978133379,0.4862890598830316,0.05011252239203273,40227,0.9877474133728775
514,/home/projects/bagon/shared/imagenet512/val/n01756291/ILSVRC2012_val_00024795.JPEG,163,4.0678253173828125,0.00099945068359375,0.02560275988139955,0.4968557220522621,0.027152172647273043,40231,0.9724747032070999
515,/home/projects/bagon/shared/imagenet512/val/n07695742/ILSVRC2012_val_00004887.JPEG,91,7.259559631347656,0.00099945068359375,0.013724564666633068,0.9592521374929833,0.06804105220152776,40249,0.9868449002861495
516,/home/projects/bagon/shared/imagenet512/val/n04039381/ILSVRC2012_val_00044264.JPEG,60,1.5654830932617188,0.00099945068359375,0.010508205077309865,0.548974314638662,0.06691958655305344,40251,0.9929019889032272
517,/home/projects/bagon/shared/imagenet512/val/n03530642/ILSVRC2012_val_00025146.JPEG,98,3.9132461547851562,0.00099945068359375,0.014508762636568338,0.9047669973850315,0.3001645823859719,40270,0.977192079017175
518,/home/projects/bagon/shared/imagenet512/val/n04380533/ILSVRC2012_val_00002264.JPEG,70,0.46154022216796875,0.00098419189453125,0.01354504014025392,0.10710930745805843,0.043829788132188297,40289,0.9851080526753568
519,/home/projects/bagon/shared/imagenet512/val/n02895154/ILSVRC2012_val_00021348.JPEG,64,6.200004577636719,0.00099945068359375,0.013674271306032446,0.8206205523811103,0.0594807159507309,40290,0.9782956122955085
520,/home/projects/bagon/shared/imagenet512/val/n01744401/ILSVRC2012_val_00043836.JPEG,80,4.105426788330078,0.000972747802734375,0.014186889060125907,0.6134861886760061,0.10409159694314007,40296,0.9819202801106564
521,/home/projects/bagon/shared/imagenet512/val/n03763968/ILSVRC2012_val_00014202.JPEG,59,3.7383689880371094,0.000972747802734375,0.012453506216918738,0.8201486517371962,0.0157646751450031,40316,0.9913650620411352
522,/home/projects/bagon/shared/imagenet512/val/n04265275/ILSVRC2012_val_00028998.JPEG,39,4.363655090332031,0.0009918212890625,0.009714474159708072,0.9108824065020451,0.2265905871683696,40317,0.99336601168546
523,/home/projects/bagon/shared/imagenet512/val/n01930112/ILSVRC2012_val_00017054.JPEG,135,0.49456787109375,0.0009918212890625,0.014194987962931017,0.13774216608863488,0.06720049614140403,40318,0.9814290034468826
524,/home/projects/bagon/shared/imagenet512/val/n02119789/ILSVRC2012_val_00021899.JPEG,123,2.209392547607422,0.000972747802734375,0.016501371772743124,0.7015950740630745,0.018425113544645266,40319,0.9814323037707845
525,/home/projects/bagon/shared/imagenet512/val/n01742172/ILSVRC2012_val_00045129.JPEG,73,6.3419952392578125,0.0009918212890625,0.014417498508757717,0.9103358955203142,0.02054139172381536,40328,0.984381514954579
526,/home/projects/bagon/shared/imagenet512/val/n03249569/ILSVRC2012_val_00014089.JPEG,74,4.2396240234375,0.00096893310546875,0.015080444454825516,0.8131340643825747,0.11580246806409594,40329,0.981393447009338
527,/home/projects/bagon/shared/imagenet512/val/n07579787/ILSVRC2012_val_00007662.JPEG,42,2.3787612915039062,0.0009765625,0.010410734762911359,0.659816824047849,0.08001850136057359,40332,0.9929030105178906
528,/home/projects/bagon/shared/imagenet512/val/n02443114/ILSVRC2012_val_00029173.JPEG,63,6.984954833984375,0.0009918212890625,0.012143932389778858,0.8920535403251951,0.00973001972751203,40334,0.9808091704887114
529,/home/projects/bagon/shared/imagenet512/val/n09468604/ILSVRC2012_val_00009596.JPEG,84,2.2684555053710938,0.0009918212890625,0.013570758210894313,0.5157881014057349,0.04136403174458708,40337,0.9690843078150534
530,/home/projects/bagon/shared/imagenet512/val/n04325704/ILSVRC2012_val_00007162.JPEG,35,5.20928955078125,0.00095367431640625,0.010796714517020158,0.792448862981717,0.0653659422911459,40354,0.9903926117120918
531,/home/projects/bagon/shared/imagenet512/val/n02708093/ILSVRC2012_val_00013502.JPEG,37,3.7976150512695312,0.00099945068359375,0.010424686317680903,0.7017115195630641,0.0637608209477134,40355,0.9793570260061091
532,/home/projects/bagon/shared/imagenet512/val/n04254680/ILSVRC2012_val_00017284.JPEG,49,7.903404235839844,0.00098419189453125,0.011611947447928773,0.9047107382732533,0.08637876603052691,40356,0.9761964674897105
533,/home/projects/bagon/shared/imagenet512/val/n03630383/ILSVRC2012_val_00015323.JPEG,59,2.5467071533203125,0.0009918212890625,0.015477486066940159,0.6043033433956756,0.03165667299952363,40377,0.9650076926041824
534,/home/projects/bagon/shared/imagenet512/val/n03866082/ILSVRC2012_val_00009424.JPEG,75,0.7081756591796875,0.00099945068359375,0.012800761334203702,0.27131692446206906,0.20543373040398444,40390,0.9902829717106401
535,/home/projects/bagon/shared/imagenet512/val/n12267677/ILSVRC2012_val_00020501.JPEG,67,3.8920059204101562,0.0009918212890625,0.011537745381685479,0.6025344413877326,0.13351905594014457,40401,0.9906671924350436
536,/home/projects/bagon/shared/imagenet512/val/n04355338/ILSVRC2012_val_00037875.JPEG,75,5.9555816650390625,0.0009918212890625,0.013208330184941108,0.9665303785331149,0.04068170411348421,40403,0.9799595975173723
537,/home/projects/bagon/shared/imagenet512/val/n04443257/ILSVRC2012_val_00029586.JPEG,69,1.4223861694335938,0.0009765625,0.014196752781419042,0.535503773886139,0.07763392279912423,40417,0.9761428390675624
538,/home/projects/bagon/shared/imagenet512/val/n02099429/ILSVRC2012_val_00028985.JPEG,61,49.73150634765625,0.00099945068359375,0.012894248636228752,0.998851740042138,0.08072649753002309,40422,0.9760027393607018
539,/home/projects/bagon/shared/imagenet512/val/n03272010/ILSVRC2012_val_00015207.JPEG,77,4.49737548828125,0.00098419189453125,0.013373543018835159,0.880424286784887,0.029680951280899426,40423,0.9846380129185733
540,/home/projects/bagon/shared/imagenet512/val/n03400231/ILSVRC2012_val_00004787.JPEG,49,6.055328369140625,0.00099945068359375,0.010829181279579552,0.9392390826184813,0.020182209513812666,40448,0.9896898827416458
541,/home/projects/bagon/shared/imagenet512/val/n02443114/ILSVRC2012_val_00004999.JPEG,85,5.864105224609375,0.00098419189453125,0.013790774449583192,0.8300654475117745,0.050189590712337084,40456,0.9614712349234481
542,/home/projects/bagon/shared/imagenet512/val/n04086273/ILSVRC2012_val_00043725.JPEG,99,1.105255126953125,0.00096893310546875,0.014672826331359199,0.26750282997472963,0.09645156147033987,40464,0.9845048964019556
543,/home/projects/bagon/shared/imagenet512/val/n04462240/ILSVRC2012_val_00011308.JPEG,43,6.628593444824219,0.0009765625,0.010923718441266326,0.9466288118393305,0.012467568055697209,40482,0.9869282817447104
544,/home/projects/bagon/shared/imagenet512/val/n03110669/ILSVRC2012_val_00014951.JPEG,70,1.6173248291015625,0.0009918212890625,0.015178313008488814,0.40312666836684063,0.04620803451576738,40493,0.9787220308228473
545,/home/projects/bagon/shared/imagenet512/val/n03476991/ILSVRC2012_val_00035008.JPEG,37,15.17071533203125,0.00093841552734375,0.011447769045367684,0.9798653143965019,0.057663197032562896,40498,0.9842844143666344
546,/home/projects/bagon/shared/imagenet512/val/n03075370/ILSVRC2012_val_00032920.JPEG,74,7.5478973388671875,0.0009918212890625,0.015668829447171437,0.9002935963014906,0.13009252521552134,40522,0.9760887907066227
547,/home/projects/bagon/shared/imagenet512/val/n15075141/ILSVRC2012_val_00002663.JPEG,51,1.4070205688476562,0.00099945068359375,0.010942692987611895,0.4446925679365943,0.16385697923621606,40529,0.9790482002537456
548,/home/projects/bagon/shared/imagenet512/val/n04355933/ILSVRC2012_val_00007625.JPEG,51,12.088191986083984,0.000957489013671875,0.01734412277881643,0.8324246095825955,0.07809113193834188,40535,0.9652291057724207
549,/home/projects/bagon/shared/imagenet512/val/n03179701/ILSVRC2012_val_00036160.JPEG,56,3.5900726318359375,0.00099945068359375,0.014526623024405477,0.6499691848339841,0.030496397045204765,40556,0.9837450633677972
550,/home/projects/bagon/shared/imagenet512/val/n04141327/ILSVRC2012_val_00027852.JPEG,63,4.851802825927734,0.000972747802734375,0.0139315508972123,0.9013547027436798,0.027006199732685143,40568,0.989491846977819
551,/home/projects/bagon/shared/imagenet512/val/n02108551/ILSVRC2012_val_00029976.JPEG,64,3.469879150390625,0.0009918212890625,0.013209031872224367,0.7017403219988416,0.01826820818929767,40584,0.9889327548159467
552,/home/projects/bagon/shared/imagenet512/val/n01740131/ILSVRC2012_val_00004587.JPEG,40,0.7007560729980469,0.000972747802734375,0.008371483409428305,0.2956894775297111,0.14850884817857252,40614,0.9893485316242957
553,/home/projects/bagon/shared/imagenet512/val/n02107908/ILSVRC2012_val_00021846.JPEG,103,9.740562438964844,0.00099945068359375,0.02461442643446959,0.6304615081603903,0.011063488848515657,40622,0.9360374337805597
554,/home/projects/bagon/shared/imagenet512/val/n04131690/ILSVRC2012_val_00041903.JPEG,67,4.087837219238281,0.00099945068359375,0.010661892084812925,0.832083884409922,0.12096123846573592,40634,0.9890824577269609
555,/home/projects/bagon/shared/imagenet512/val/n02667093/ILSVRC2012_val_00010498.JPEG,123,1.636199951171875,0.00098419189453125,0.015494231213183076,0.5927777012146793,0.15876010525715212,40644,0.9676382156311274
556,/home/projects/bagon/shared/imagenet512/val/n02906734/ILSVRC2012_val_00004586.JPEG,84,3.9535751342773438,0.00099945068359375,0.014352205624752427,0.7689121618018182,0.07912481658364418,40650,0.9791248114447989
557,/home/projects/bagon/shared/imagenet512/val/n03417042/ILSVRC2012_val_00032800.JPEG,93,5.012542724609375,0.0009918212890625,0.014906932403679546,0.8547596791496055,0.041778560055686836,40654,0.9752100356522705
558,/home/projects/bagon/shared/imagenet512/val/n03461385/ILSVRC2012_val_00016284.JPEG,46,3.1196136474609375,0.00099945068359375,0.01199082748906399,0.704501410683272,0.04499453795715774,40673,0.9901046614359269
559,/home/projects/bagon/shared/imagenet512/val/n02978881/ILSVRC2012_val_00009702.JPEG,74,3.4869766235351562,0.0009765625,0.014857834936693348,0.634177172916845,0.019657757823977384,40682,0.98589149946416
560,/home/projects/bagon/shared/imagenet512/val/n03954731/ILSVRC2012_val_00037755.JPEG,111,7.9905548095703125,0.00099945068359375,0.014105381198206889,0.9260729258336267,0.07038280154465193,40694,0.9838906965243285
561,/home/projects/bagon/shared/imagenet512/val/n03388183/ILSVRC2012_val_00017301.JPEG,66,11.290939331054688,0.00099945068359375,0.012194667932340341,0.9858987740898553,0.047551843562749746,40697,0.9868293958267135
562,/home/projects/bagon/shared/imagenet512/val/n03443371/ILSVRC2012_val_00034645.JPEG,42,0.2535591125488281,0.000965118408203125,0.0095956908740895,0.11756514505458408,0.010885216622445737,40703,0.9925909508033252
563,/home/projects/bagon/shared/imagenet512/val/n03630383/ILSVRC2012_val_00023980.JPEG,78,1.227508544921875,0.00098419189453125,0.01541470890334217,0.4233989939876708,0.038857648394141686,40706,0.9831562015468386
564,/home/projects/bagon/shared/imagenet512/val/n02105505/ILSVRC2012_val_00032099.JPEG,95,1.899749755859375,0.00099945068359375,0.014605857391506518,0.38524565607572137,0.007407081614498823,40719,0.9796642664696779
565,/home/projects/bagon/shared/imagenet512/val/n04487394/ILSVRC2012_val_00000146.JPEG,95,7.750251770019531,0.00098419189453125,0.016167089312364397,0.8648489035120686,0.04522278640662514,40728,0.9812208085447297
566,/home/projects/bagon/shared/imagenet512/val/n04389033/ILSVRC2012_val_00048799.JPEG,145,8.159713745117188,0.0009765625,0.016819321602144294,0.9536458455086018,0.01744981845682969,40729,0.9678609644764832
567,/home/projects/bagon/shared/imagenet512/val/n02504458/ILSVRC2012_val_00048108.JPEG,142,7.240547180175781,0.00099945068359375,0.020242775424835723,0.8758553330152867,0.2651293685774814,40731,0.9445310199182819
568,/home/projects/bagon/shared/imagenet512/val/n03804744/ILSVRC2012_val_00024466.JPEG,62,0.8746185302734375,0.0009918212890625,0.011526785809980582,0.4043614535290468,0.019938181127748006,40732,0.9856543478566314
569,/home/projects/bagon/shared/imagenet512/val/n04443257/ILSVRC2012_val_00046294.JPEG,59,6.1862030029296875,0.00099945068359375,0.012180882332254653,0.9236534994190735,0.041775255971412406,40738,0.9904893221223096
570,/home/projects/bagon/shared/imagenet512/val/n03873416/ILSVRC2012_val_00003470.JPEG,61,13.552940368652344,0.0009918212890625,0.013217448009862078,0.9808447628009395,0.03684477191090138,40739,0.9877187964781745
571,/home/projects/bagon/shared/imagenet512/val/n09428293/ILSVRC2012_val_00032534.JPEG,36,5.866046905517578,0.000965118408203125,0.01288855424017546,0.7420113958946863,0.01437489176317619,40743,0.9798092260604155
572,/home/projects/bagon/shared/imagenet512/val/n02871525/ILSVRC2012_val_00027303.JPEG,33,5.419197082519531,0.0009918212890625,0.00873758192157082,0.8767187717722087,0.11932512658432626,40744,0.9904761189411329
573,/home/projects/bagon/shared/imagenet512/val/n03450230/ILSVRC2012_val_00024207.JPEG,71,0.8035354614257812,0.00098419189453125,0.012969392674969927,0.2049400103493639,0.04564926331829547,40747,0.9741221662987304
574,/home/projects/bagon/shared/imagenet512/val/n03372029/ILSVRC2012_val_00011201.JPEG,63,9.039306640625,0.00099945068359375,0.012651677259762595,0.9289048741535159,0.018763559961964438,40749,0.9724291691217944
575,/home/projects/bagon/shared/imagenet512/val/n07718472/ILSVRC2012_val_00038547.JPEG,109,14.738349914550781,0.0009918212890625,0.015514302858581335,0.943532370319853,0.03452489511432216,40754,0.9724492247612214
576,/home/projects/bagon/shared/imagenet512/val/n03769881/ILSVRC2012_val_00000314.JPEG,80,4.903770446777344,0.00099945068359375,0.015873683510923647,0.800733734869673,0.018936447150226687,40764,0.9788789756752729
577,/home/projects/bagon/shared/imagenet512/val/n03124170/ILSVRC2012_val_00030013.JPEG,31,3.898326873779297,0.000949859619140625,0.010790364463902694,0.6642216688165599,0.014349637163963314,40765,0.9890704960791823
578,/home/projects/bagon/shared/imagenet512/val/n04116512/ILSVRC2012_val_00042132.JPEG,40,13.131126403808594,0.00099945068359375,0.009364186521392497,0.9718666074664456,0.013736333874470263,40770,0.9872978377350262
579,/home/projects/bagon/shared/imagenet512/val/n03450230/ILSVRC2012_val_00041146.JPEG,60,7.545692443847656,0.00098419189453125,0.015100124233615462,0.8680501923801237,0.07026128465075857,40772,0.9505486113145886
580,/home/projects/bagon/shared/imagenet512/val/n02895154/ILSVRC2012_val_00002736.JPEG,71,6.6712799072265625,0.0009918212890625,0.014552365715577779,0.784906518505019,0.006686569579895829,40777,0.9846778438755185
581,/home/projects/bagon/shared/imagenet512/val/n04264628/ILSVRC2012_val_00008260.JPEG,65,3.9975662231445312,0.00099945068359375,0.014032830437610644,0.6487858739263348,0.10073734397176273,40794,0.9823366565230248
582,/home/projects/bagon/shared/imagenet512/val/n02085936/ILSVRC2012_val_00015300.JPEG,99,2.6373291015625,0.00099945068359375,0.01638802491938955,0.7786103584201852,0.019007871081493877,40803,0.9650668494349314
583,/home/projects/bagon/shared/imagenet512/val/n03376595/ILSVRC2012_val_00040576.JPEG,67,2.2376251220703125,0.00095367431640625,0.014081642444268147,0.7376938556863063,0.060929825186203074,40804,0.9834378799270624
584,/home/projects/bagon/shared/imagenet512/val/n04263257/ILSVRC2012_val_00040184.JPEG,43,2.8121719360351562,0.00099945068359375,0.011519926247084816,0.667419625008218,0.04642897797538914,40806,0.9885707098159847
585,/home/projects/bagon/shared/imagenet512/val/n04265275/ILSVRC2012_val_00048836.JPEG,40,3.6109237670898438,0.00099945068359375,0.01126467376451091,0.6813026983991531,0.13821344101733096,40821,0.9866119672477627
586,/home/projects/bagon/shared/imagenet512/val/n02963159/ILSVRC2012_val_00008307.JPEG,90,1.13958740234375,0.0009765625,0.014860732463808802,0.24952373451463677,0.09057148156175288,40822,0.9851081175467395
587,/home/projects/bagon/shared/imagenet512/val/n01440764/ILSVRC2012_val_00000293.JPEG,114,10.096351623535156,0.0009918212890625,0.01438363159020883,0.9750959243093708,0.03639896948506907,40831,0.9730858872524504
588,/home/projects/bagon/shared/imagenet512/val/n03866082/ILSVRC2012_val_00033395.JPEG,76,5.2323760986328125,0.00099945068359375,0.013616585477139068,0.9258220161912062,0.0552170919769685,40843,0.9879206249054603
589,/home/projects/bagon/shared/imagenet512/val/n02977058/ILSVRC2012_val_00035516.JPEG,126,9.426910400390625,0.00099945068359375,0.016225314338376408,0.9801508345103598,0.02708821208173745,40859,0.9814686382074218
590,/home/projects/bagon/shared/imagenet512/val/n02487347/ILSVRC2012_val_00015926.JPEG,65,23.01673126220703,0.00098419189453125,0.014407670799310603,0.99828407177925,0.022757407542043473,40861,0.9666322413988823
591,/home/projects/bagon/shared/imagenet512/val/n01748264/ILSVRC2012_val_00049448.JPEG,58,4.8158416748046875,0.0009613037109375,0.012279742036548774,0.7774376205547073,0.05120336978561282,40863,0.9858251961108123
592,/home/projects/bagon/shared/imagenet512/val/n03216828/ILSVRC2012_val_00003590.JPEG,50,2.8440818786621094,0.000949859619140625,0.011349267222596512,0.6333567658839716,0.07636439616786916,40875,0.9927524016523163
593,/home/projects/bagon/shared/imagenet512/val/n04596742/ILSVRC2012_val_00005730.JPEG,68,4.479526519775391,0.000957489013671875,0.012937531384997779,0.8903747736061397,0.22470752864797217,40881,0.982477748634564
594,/home/projects/bagon/shared/imagenet512/val/n04392985/ILSVRC2012_val_00036640.JPEG,46,3.2347564697265625,0.00096893310546875,0.010580567836010479,0.6683204695403631,0.10372761247022697,40886,0.9900467774523743
595,/home/projects/bagon/shared/imagenet512/val/n03630383/ILSVRC2012_val_00032567.JPEG,61,1.9484634399414062,0.0009918212890625,0.014122438837655694,0.4763102177707807,0.029664092179612328,40889,0.9847823011219106
596,/home/projects/bagon/shared/imagenet512/val/n03089624/ILSVRC2012_val_00039840.JPEG,42,12.338653564453125,0.00099945068359375,0.00884337482814259,0.9716266067637548,0.03629702762504197,40900,0.99510933072908
597,/home/projects/bagon/shared/imagenet512/val/n04162706/ILSVRC2012_val_00032515.JPEG,53,8.658489227294922,0.000949859619140625,0.011014906174461863,0.9698294441596389,0.11099705061854442,40905,0.9781057757202466
598,/home/projects/bagon/shared/imagenet512/val/n02692877/ILSVRC2012_val_00035876.JPEG,91,6.564613342285156,0.0009918212890625,0.015526440406273245,0.9249536233073231,0.029986119822497992,40919,0.9696219938360613
599,/home/projects/bagon/shared/imagenet512/val/n03709823/ILSVRC2012_val_00001860.JPEG,59,6.001029968261719,0.00099945068359375,0.013343648063606876,0.8495074809111066,0.018179800863347806,40921,0.9689338895043759
600,/home/projects/bagon/shared/imagenet512/val/n02843684/ILSVRC2012_val_00025083.JPEG,62,0.7013168334960938,0.00098419189453125,0.012372111828765554,0.2592106742558882,0.08252080406582862,40926,0.9913775155723715
601,/home/projects/bagon/shared/imagenet512/val/n03717622/ILSVRC2012_val_00010030.JPEG,83,7.21026611328125,0.00098419189453125,0.012468542871134938,0.9559054124557471,0.05652751381803922,40928,0.987516017017769
602,/home/projects/bagon/shared/imagenet512/val/n03998194/ILSVRC2012_val_00049687.JPEG,69,5.039344787597656,0.00098419189453125,0.012762273135956589,0.9020168761670941,0.1388181696033921,40938,0.9882685396796164
603,/home/projects/bagon/shared/imagenet512/val/n02090379/ILSVRC2012_val_00042442.JPEG,34,0.6669998168945312,0.0009613037109375,0.00916541074704234,0.20586118595326047,0.10462955382167194,40945,0.9876966807336388
604,/home/projects/bagon/shared/imagenet512/val/n01667778/ILSVRC2012_val_00027859.JPEG,68,1.1681976318359375,0.00099945068359375,0.013009130197357648,0.33832229804023645,0.06284316773928397,40949,0.9904175304514844
605,/home/projects/bagon/shared/imagenet512/val/n07584110/ILSVRC2012_val_00011392.JPEG,73,9.533538818359375,0.00099945068359375,0.01174563757181433,0.9486352226597232,0.05763482854048224,40958,0.9751520642259176
606,/home/projects/bagon/shared/imagenet512/val/n02423022/ILSVRC2012_val_00021795.JPEG,110,4.639076232910156,0.0009918212890625,0.015636773340084974,0.8539300527588969,0.023730192254731775,40963,0.9895946805680164
607,/home/projects/bagon/shared/imagenet512/val/n03447721/ILSVRC2012_val_00049947.JPEG,54,13.976287841796875,0.00098419189453125,0.013640307826277205,0.9736396973463135,0.023830998281719057,40965,0.9779408831827477
608,/home/projects/bagon/shared/imagenet512/val/n02094114/ILSVRC2012_val_00010798.JPEG,70,7.301361083984375,0.0009918212890625,0.013442952272465907,0.9202442663680318,0.014800412102061233,40992,0.9874207543059923
609,/home/projects/bagon/shared/imagenet512/val/n01682714/ILSVRC2012_val_00020764.JPEG,131,5.660438537597656,0.0009918212890625,0.021216431553701218,0.6496335375456258,0.03756354112215349,40998,0.9475721428800029
610,/home/projects/bagon/shared/imagenet512/val/n02988304/ILSVRC2012_val_00044283.JPEG,54,9.506324768066406,0.0009918212890625,0.012300790505940197,0.9471148907504208,0.1285334045951942,41003,0.9889058288723042
611,/home/projects/bagon/shared/imagenet512/val/n02814533/ILSVRC2012_val_00031828.JPEG,90,17.1517333984375,0.0009918212890625,0.016682294322744585,0.9887979688566917,0.1622184846614395,41008,0.9840539992178744
612,/home/projects/bagon/shared/imagenet512/val/n04507155/ILSVRC2012_val_00030930.JPEG,26,3.1970138549804688,0.00080108642578125,0.009050510098124713,0.8555798102428611,0.05619982838311463,41014,0.9950017627930435
613,/home/projects/bagon/shared/imagenet512/val/n04532106/ILSVRC2012_val_00013235.JPEG,65,0.330230712890625,0.00098419189453125,0.009947213348918823,0.14644717655213668,0.010621454354679816,41045,0.9920503674830128
614,/home/projects/bagon/shared/imagenet512/val/n07615774/ILSVRC2012_val_00048151.JPEG,67,3.2867813110351562,0.00099945068359375,0.01281010070254941,0.7300002377825201,0.1208943961194493,41066,0.9780947424234984
615,/home/projects/bagon/shared/imagenet512/val/n04604644/ILSVRC2012_val_00042823.JPEG,64,3.6634178161621094,0.000972747802734375,0.013907456915441558,0.6951412895002738,0.008956842073235133,41069,0.9776550563684754
616,/home/projects/bagon/shared/imagenet512/val/n03032252/ILSVRC2012_val_00030890.JPEG,49,0.6485137939453125,0.00096893310546875,0.009558542799784879,0.21701120862183598,0.33509579617138285,41075,0.9871973475300366
617,/home/projects/bagon/shared/imagenet512/val/n02093991/ILSVRC2012_val_00047711.JPEG,63,16.608299255371094,0.00098419189453125,0.015103286919760222,0.960333047123117,0.040877225269702805,41084,0.9796950958155374
618,/home/projects/bagon/shared/imagenet512/val/n09193705/ILSVRC2012_val_00028907.JPEG,125,9.506584167480469,0.0009918212890625,0.017011482706195107,0.9291780713075655,0.03778903762235458,41088,0.9717812662231432
619,/home/projects/bagon/shared/imagenet512/val/n04560804/ILSVRC2012_val_00029711.JPEG,18,17.47888946533203,0.00095367431640625,0.007819222601483659,0.9884137612871471,0.060839664351376666,41089,0.9933786715428068
620,/home/projects/bagon/shared/imagenet512/val/n03207743/ILSVRC2012_val_00009079.JPEG,168,0.6059494018554688,0.0009918212890625,0.017761918532898754,0.2117975241103589,0.15730207917738226,41091,0.9752697190100571
621,/home/projects/bagon/shared/imagenet512/val/n01855672/ILSVRC2012_val_00021351.JPEG,85,64.89093780517578,0.00099945068359375,0.01599047884068104,0.998800153095263,0.08361145448803797,41105,0.973034210531246
622,/home/projects/bagon/shared/imagenet512/val/n02808440/ILSVRC2012_val_00048621.JPEG,62,8.604667663574219,0.0009918212890625,0.01902904916775365,0.7864818495619306,0.08829143711220683,41122,0.967906756149419
623,/home/projects/bagon/shared/imagenet512/val/n04264628/ILSVRC2012_val_00023229.JPEG,31,9.6627197265625,0.0009918212890625,0.011076167981068589,0.9163684751605379,0.05895510559895495,41134,0.9748094550101154
624,/home/projects/bagon/shared/imagenet512/val/n02488291/ILSVRC2012_val_00018175.JPEG,126,8.710289001464844,0.00099945068359375,0.018662438707914238,0.864683272006255,0.054141754104895634,41167,0.9596080281214913
625,/home/projects/bagon/shared/imagenet512/val/n03250847/ILSVRC2012_val_00001295.JPEG,56,0.35826873779296875,0.00099945068359375,0.01052517361852335,0.12491438402113975,0.011359278985212884,41176,0.9918412194652193
626,/home/projects/bagon/shared/imagenet512/val/n03995372/ILSVRC2012_val_00015214.JPEG,62,34.506080627441406,0.00098419189453125,0.012172832559129303,0.9974005435422267,0.11763757215215209,41199,0.9806910125871405
627,/home/projects/bagon/shared/imagenet512/val/n02841315/ILSVRC2012_val_00024139.JPEG,50,1.5486907958984375,0.00096893310546875,0.011527941363059145,0.7203527433804534,0.08070323022768244,41226,0.9786153748974249
628,/home/projects/bagon/shared/imagenet512/val/n03400231/ILSVRC2012_val_00003162.JPEG,53,3.5906753540039062,0.0009918212890625,0.013261302257897217,0.7468086605838344,0.06415980287618983,41228,0.9838976695295012
629,/home/projects/bagon/shared/imagenet512/val/n02098413/ILSVRC2012_val_00008859.JPEG,54,6.695289611816406,0.00099945068359375,0.012907548452408154,0.9132359190903445,0.09708888346306702,41231,0.9763728109681415
630,/home/projects/bagon/shared/imagenet512/val/n04192698/ILSVRC2012_val_00025071.JPEG,72,0.5341644287109375,0.00099945068359375,0.012478752716471295,0.311060390099428,0.0980785517815794,41246,0.9915718330224145
631,/home/projects/bagon/shared/imagenet512/val/n03527444/ILSVRC2012_val_00019785.JPEG,81,6.1634063720703125,0.00098419189453125,0.013625874195409636,0.8765373836399386,0.07898973064527481,41256,0.9866133605379873
632,/home/projects/bagon/shared/imagenet512/val/n02093428/ILSVRC2012_val_00009853.JPEG,44,3.662891387939453,0.000949859619140625,0.011066841971849515,0.6723305056828349,0.0356633290079974,41268,0.9880738490328238
633,/home/projects/bagon/shared/imagenet512/val/n04435653/ILSVRC2012_val_00008308.JPEG,72,8.103347778320312,0.00099945068359375,0.014099541971195584,0.9735646512686855,0.021928628019799473,41271,0.9761632884929712
634,/home/projects/bagon/shared/imagenet512/val/n04532106/ILSVRC2012_val_00045385.JPEG,72,8.337562561035156,0.0009918212890625,0.01275701239057272,0.9274385237000407,0.047066795369772485,41291,0.9775574639773742
635,/home/projects/bagon/shared/imagenet512/val/n02840245/ILSVRC2012_val_00036605.JPEG,64,5.713096618652344,0.00099945068359375,0.012471816843745721,0.9297640729175505,0.2349135164560684,41297,0.9893369576891066
636,/home/projects/bagon/shared/imagenet512/val/n02410509/ILSVRC2012_val_00016437.JPEG,77,13.234527587890625,0.00098419189453125,0.011991146852509403,0.9796993166128833,0.05746079171843024,41323,0.9829008354485658
637,/home/projects/bagon/shared/imagenet512/val/n04311004/ILSVRC2012_val_00032739.JPEG,138,2.4168701171875,0.0009918212890625,0.01669463079104501,0.45142743024347765,0.07685371363985227,41350,0.9620229797022056
638,/home/projects/bagon/shared/imagenet512/val/n04131690/ILSVRC2012_val_00027087.JPEG,45,5.162147521972656,0.0009918212890625,0.009509433755042184,0.8495622684709715,0.11046618184512882,41357,0.9903410481727957
639,/home/projects/bagon/shared/imagenet512/val/n04443257/ILSVRC2012_val_00036516.JPEG,57,1.2713050842285156,0.000972747802734375,0.012526356111599425,0.4884126832118729,0.09797356612260291,41360,0.9897662822443887
640,/home/projects/bagon/shared/imagenet512/val/n01693334/ILSVRC2012_val_00004102.JPEG,67,14.657707214355469,0.0009918212890625,0.014797830510280807,0.9825768676543233,0.0642455999939257,41362,0.9727991294349267
641,/home/projects/bagon/shared/imagenet512/val/n03832673/ILSVRC2012_val_00039119.JPEG,45,6.434822082519531,0.0009918212890625,0.014664396698935237,0.7961904851619243,0.12726661804365483,41363,0.9836719041591152
642,/home/projects/bagon/shared/imagenet512/val/n02094433/ILSVRC2012_val_00029023.JPEG,99,21.987709045410156,0.0009918212890625,0.01638498712277479,0.9885136432342495,0.08849139018899765,41366,0.9749209119505039
643,/home/projects/bagon/shared/imagenet512/val/n03970156/ILSVRC2012_val_00008755.JPEG,50,1.0751495361328125,0.00098419189453125,0.012309596528441918,0.3313624093954542,0.10174631980521259,41402,0.9861846820485375
644,/home/projects/bagon/shared/imagenet512/val/n06785654/ILSVRC2012_val_00011956.JPEG,91,5.094627380371094,0.0009918212890625,0.013384379600965184,0.8484573270482013,0.12928642021105707,41430,0.9752533575599948
645,/home/projects/bagon/shared/imagenet512/val/n01985128/ILSVRC2012_val_00035967.JPEG,61,30.236854553222656,0.0009918212890625,0.015353136655997125,0.9963648717607803,0.11936143332775545,41432,0.9770302494667746
646,/home/projects/bagon/shared/imagenet512/val/n03125729/ILSVRC2012_val_00033220.JPEG,55,14.754276275634766,0.000942230224609375,0.01232639263915316,0.955165180719891,0.051850952358880764,41433,0.9884988206962825
647,/home/projects/bagon/shared/imagenet512/val/n04325704/ILSVRC2012_val_00018510.JPEG,42,14.448043823242188,0.00098419189453125,0.012712165214551622,0.9792189521699612,0.053317176951908685,41434,0.9842153624858155
648,/home/projects/bagon/shared/imagenet512/val/n03866082/ILSVRC2012_val_00002332.JPEG,60,2.357501983642578,0.000965118408203125,0.011764555632209033,0.748777304412747,0.10153438306932122,41475,0.9857943913559414
649,/home/projects/bagon/shared/imagenet512/val/n02090721/ILSVRC2012_val_00042118.JPEG,75,1.0186614990234375,0.00099945068359375,0.014127417149749933,0.33781530247330316,0.06665256620601653,41486,0.9791040394241639
650,/home/projects/bagon/shared/imagenet512/val/n02971356/ILSVRC2012_val_00030745.JPEG,66,14.967536926269531,0.00098419189453125,0.014531003898204513,0.975222368625003,0.016614642089334664,41494,0.9819066440797469
651,/home/projects/bagon/shared/imagenet512/val/n02009912/ILSVRC2012_val_00038793.JPEG,88,7.21337890625,0.0009918212890625,0.015443875441744838,0.8981710439294321,0.059904549900081705,41495,0.9755981612357981
652,/home/projects/bagon/shared/imagenet512/val/n03347037/ILSVRC2012_val_00020463.JPEG,39,2.2063636779785156,0.000972747802734375,0.008340710373083376,0.7399988063891907,0.009871034295004744,41515,0.9940871648083874
653,/home/projects/bagon/shared/imagenet512/val/n02128925/ILSVRC2012_val_00041267.JPEG,98,12.119491577148438,0.00099945068359375,0.01560871552490989,0.9545231300818285,0.07535334248657313,41519,0.9867159274422725
654,/home/projects/bagon/shared/imagenet512/val/n13133613/ILSVRC2012_val_00010376.JPEG,76,14.314956665039062,0.00099945068359375,0.01615195662446837,0.9835459901893387,0.12351708099125253,41533,0.9525534729190626
655,/home/projects/bagon/shared/imagenet512/val/n04557648/ILSVRC2012_val_00006949.JPEG,51,24.849952697753906,0.00099945068359375,0.013306318487894974,0.9949689905529148,0.05874282709261325,41535,0.97143780084917
656,/home/projects/bagon/shared/imagenet512/val/n04479046/ILSVRC2012_val_00004459.JPEG,110,1.951751708984375,0.0009765625,0.016745760242997926,0.5228714839259072,0.04683269142283164,41540,0.96743279185447
657,/home/projects/bagon/shared/imagenet512/val/n03773504/ILSVRC2012_val_00039609.JPEG,90,5.511177062988281,0.00099945068359375,0.01935748305114719,0.5519327414128065,0.0532176033711316,41542,0.9811630373081189
658,/home/projects/bagon/shared/imagenet512/val/n04553703/ILSVRC2012_val_00013941.JPEG,49,2.7710723876953125,0.00098419189453125,0.011891533488311987,0.6412530299221054,0.03565349705838766,41555,0.9895159694117629
659,/home/projects/bagon/shared/imagenet512/val/n03891251/ILSVRC2012_val_00019835.JPEG,73,15.487892150878906,0.0009918212890625,0.012476492149840625,0.991478826364695,0.041526077313651766,41559,0.9772144996142339
660,/home/projects/bagon/shared/imagenet512/val/n02786058/ILSVRC2012_val_00012023.JPEG,46,21.393875122070312,0.0009765625,0.01263911072794312,0.994151853839074,0.2456897537133747,41574,0.9816431308459628
661,/home/projects/bagon/shared/imagenet512/val/n03240683/ILSVRC2012_val_00035038.JPEG,54,2.0016403198242188,0.00098419189453125,0.008832118546959549,0.7624755667114463,0.07777087890587214,41586,0.9923996649459925
662,/home/projects/bagon/shared/imagenet512/val/n04229816/ILSVRC2012_val_00035299.JPEG,90,1.4105072021484375,0.00099945068359375,0.015523981896380351,0.4098449655490728,0.016462902603589402,41592,0.9635398554682386
663,/home/projects/bagon/shared/imagenet512/val/n04409515/ILSVRC2012_val_00033467.JPEG,61,2.2850914001464844,0.000965118408203125,0.01091529138749404,0.5842348597228051,0.1081422295042867,41599,0.9886827761500357
664,/home/projects/bagon/shared/imagenet512/val/n07747607/ILSVRC2012_val_00021144.JPEG,82,4.623680114746094,0.00099945068359375,0.013730813732594877,0.8496431683453234,0.08307326217386918,41617,0.9786566097976248
665,/home/projects/bagon/shared/imagenet512/val/n03803284/ILSVRC2012_val_00019602.JPEG,53,7.283512115478516,0.000949859619140625,0.01335586667872558,0.8182125432702099,0.04385227087631571,41631,0.9829918709833172
666,/home/projects/bagon/shared/imagenet512/val/n02408429/ILSVRC2012_val_00037147.JPEG,101,4.715599060058594,0.0009765625,0.014611914348178181,0.7817746028079946,0.03205130183267427,41632,0.9872635430989715
667,/home/projects/bagon/shared/imagenet512/val/n04026417/ILSVRC2012_val_00013522.JPEG,52,3.2894287109375,0.0009918212890625,0.012793310938611769,0.8307502068099138,0.014504776127473279,41638,0.9821692023355609
668,/home/projects/bagon/shared/imagenet512/val/n04204347/ILSVRC2012_val_00014048.JPEG,49,1.1214561462402344,0.000972747802734375,0.012248416366488072,0.302831872078117,0.06437497211529922,41656,0.9878742294376567
669,/home/projects/bagon/shared/imagenet512/val/n01917289/ILSVRC2012_val_00019987.JPEG,86,2.3234100341796875,0.00099945068359375,0.014023652838962447,0.7471148197144045,0.015950207246983733,41658,0.9740777146186709
670,/home/projects/bagon/shared/imagenet512/val/n03995372/ILSVRC2012_val_00022789.JPEG,84,2.0273818969726562,0.0009765625,0.013264131323262915,0.5952576540751757,0.04424971408274336,41672,0.9914402990208281
671,/home/projects/bagon/shared/imagenet512/val/n03785016/ILSVRC2012_val_00000717.JPEG,72,33.20500946044922,0.00098419189453125,0.012852125385173966,0.9982172145284532,0.08767785321848984,41675,0.9795662827061836
672,/home/projects/bagon/shared/imagenet512/val/n04264628/ILSVRC2012_val_00007316.JPEG,43,3.879791259765625,0.00099945068359375,0.011519863996658507,0.7593475428048747,0.023115094748892062,41715,0.9894157033612602
673,/home/projects/bagon/shared/imagenet512/val/n01871265/ILSVRC2012_val_00033628.JPEG,84,2.7408218383789062,0.00099945068359375,0.011060615572243474,0.8209245401699568,0.09949188174425774,41720,0.9861749709114817
674,/home/projects/bagon/shared/imagenet512/val/n02483362/ILSVRC2012_val_00020997.JPEG,97,1.56329345703125,0.00099945068359375,0.015194061829831601,0.6667520939148603,0.04466579213417776,41727,0.9763315169204985
675,/home/projects/bagon/shared/imagenet512/val/n02823750/ILSVRC2012_val_00003994.JPEG,79,4.130714416503906,0.00098419189453125,0.01472453529145613,0.5539317460630856,0.026589683787962892,41736,0.9730972334123411
676,/home/projects/bagon/shared/imagenet512/val/n07860988/ILSVRC2012_val_00012807.JPEG,69,2.3084678649902344,0.000949859619140625,0.013890587199970498,0.6408317417834278,0.052606942455522165,41738,0.9810624721863325
677,/home/projects/bagon/shared/imagenet512/val/n04418357/ILSVRC2012_val_00019376.JPEG,107,2.1123809814453125,0.00099945068359375,0.015056607523031309,0.6175771181773472,0.13234117059740316,41746,0.9871988896326458
678,/home/projects/bagon/shared/imagenet512/val/n04552348/ILSVRC2012_val_00047865.JPEG,82,2.844329833984375,0.00099945068359375,0.013882956509280054,0.8434607344055265,0.041961697710323764,41756,0.9756137347559345
679,/home/projects/bagon/shared/imagenet512/val/n02791124/ILSVRC2012_val_00000759.JPEG,67,4.16009521484375,0.0009918212890625,0.012611387432319147,0.8516165864535825,0.024679136563020176,41768,0.9857868421023697
680,/home/projects/bagon/shared/imagenet512/val/n02097658/ILSVRC2012_val_00002765.JPEG,59,5.901176452636719,0.00098419189453125,0.01386115711772835,0.807870052038365,0.01143898988026923,41774,0.9807618553285298
681,/home/projects/bagon/shared/imagenet512/val/n04259630/ILSVRC2012_val_00021791.JPEG,73,9.916213989257812,0.00099945068359375,0.01593374525225681,0.9163051355192728,0.0938801800871103,41778,0.9776531401492811
682,/home/projects/bagon/shared/imagenet512/val/n04041544/ILSVRC2012_val_00036648.JPEG,48,3.0913619995117188,0.0009918212890625,0.011265456981908088,0.7185508739832196,0.07310016477639275,41780,0.9735359447189225
683,/home/projects/bagon/shared/imagenet512/val/n02808440/ILSVRC2012_val_00017804.JPEG,44,7.513641357421875,0.00098419189453125,0.015019358216195456,0.8021433339980406,0.010208121875678489,41782,0.9692329858609107
684,/home/projects/bagon/shared/imagenet512/val/n03216828/ILSVRC2012_val_00001983.JPEG,78,8.15634536743164,0.000972747802734375,0.013589578902017436,0.9497957396435068,0.12878568648294444,41791,0.9862080097242283
685,/home/projects/bagon/shared/imagenet512/val/n03065424/ILSVRC2012_val_00039773.JPEG,66,0.6015625,0.0009918212890625,0.01293568214310351,0.25678820583140627,0.13947575995368433,41796,0.9797672782351334
686,/home/projects/bagon/shared/imagenet512/val/n03124170/ILSVRC2012_val_00016207.JPEG,73,3.1426925659179688,0.00099945068359375,0.016411058684770295,0.5344879562335132,0.13828149440874843,41804,0.9805541444415565
687,/home/projects/bagon/shared/imagenet512/val/n04398044/ILSVRC2012_val_00035011.JPEG,94,13.832374572753906,0.00098419189453125,0.016310692564997342,0.9730090083579718,0.014650624193727563,41822,0.9839003495193855
688,/home/projects/bagon/shared/imagenet512/val/n02096585/ILSVRC2012_val_00039397.JPEG,108,19.39987564086914,0.000972747802734375,0.01919845850419473,0.9772707552734021,0.07727702189628421,41824,0.9689438790249701
689,/home/projects/bagon/shared/imagenet512/val/n02100735/ILSVRC2012_val_00019050.JPEG,68,13.901939392089844,0.00098419189453125,0.015304947567345885,0.9866640057622377,0.09970098695057064,41835,0.9443169940017967
690,/home/projects/bagon/shared/imagenet512/val/n01608432/ILSVRC2012_val_00023128.JPEG,147,10.021858215332031,0.0009918212890625,0.01892425167021286,0.9706630666070508,0.06300078597180542,41856,0.9534934144613829
691,/home/projects/bagon/shared/imagenet512/val/n03459775/ILSVRC2012_val_00038655.JPEG,87,9.40380859375,0.00099945068359375,0.015019876498662972,0.9712842104876999,0.0237499259491398,41864,0.986688220809683
692,/home/projects/bagon/shared/imagenet512/val/n02107574/ILSVRC2012_val_00031343.JPEG,54,7.972118377685547,0.000972747802734375,0.01238676012530869,0.9297319720627015,0.09359353402089363,41877,0.982775338380987
693,/home/projects/bagon/shared/imagenet512/val/n04147183/ILSVRC2012_val_00037955.JPEG,92,6.801704406738281,0.00099945068359375,0.015290906474992769,0.9046630878078232,0.04948738476834824,41893,0.9598091747291527
694,/home/projects/bagon/shared/imagenet512/val/n04209239/ILSVRC2012_val_00026834.JPEG,79,0.23630523681640625,0.00099945068359375,0.01140427604301651,0.05001236139956825,0.10899093773368376,41901,0.989560537456205
695,/home/projects/bagon/shared/imagenet512/val/n04597913/ILSVRC2012_val_00039858.JPEG,66,1.3464393615722656,0.000972747802734375,0.012759702995100484,0.4147233560616372,0.019603930054203855,41918,0.9902849991786277
696,/home/projects/bagon/shared/imagenet512/val/n02783161/ILSVRC2012_val_00001098.JPEG,36,2.2547683715820312,0.0009765625,0.009079583017115887,0.7072147146200503,0.06136281143971947,41933,0.9825073404819985
697,/home/projects/bagon/shared/imagenet512/val/n03347037/ILSVRC2012_val_00033001.JPEG,39,2.138885498046875,0.00099945068359375,0.009855645675369966,0.6738822163060585,0.1129930022589482,41939,0.9843823035200415
698,/home/projects/bagon/shared/imagenet512/val/n03782006/ILSVRC2012_val_00004758.JPEG,61,2.927459716796875,0.00099945068359375,0.01283973340371001,0.5821797763295699,0.1526100793742417,41957,0.9916295310966722
699,/home/projects/bagon/shared/imagenet512/val/n03742115/ILSVRC2012_val_00009627.JPEG,60,3.6224136352539062,0.00098419189453125,0.012603636573597532,0.8592036792095373,0.2659964338837979,41958,0.9860980569401661
700,/home/projects/bagon/shared/imagenet512/val/n01537544/ILSVRC2012_val_00027145.JPEG,138,1.3069076538085938,0.00098419189453125,0.017900264587373985,0.35200846937126384,0.023115805811420337,42002,0.9722257579549236
701,/home/projects/bagon/shared/imagenet512/val/n03796401/ILSVRC2012_val_00021088.JPEG,67,0.8891944885253906,0.000965118408203125,0.013046542711402013,0.2214744662093349,0.1088263966530312,42009,0.9838175425556421
702,/home/projects/bagon/shared/imagenet512/val/n02669723/ILSVRC2012_val_00022987.JPEG,196,10.364677429199219,0.00098419189453125,0.02404051211949951,0.9333772370058366,0.11190420740140938,42012,0.9524663031571843
703,/home/projects/bagon/shared/imagenet512/val/n03014705/ILSVRC2012_val_00003911.JPEG,65,6.625038146972656,0.0009918212890625,0.013467640429454544,0.9523838625756639,0.07310270231061317,42019,0.988298770664585
704,/home/projects/bagon/shared/imagenet512/val/n03954731/ILSVRC2012_val_00049067.JPEG,84,3.0988235473632812,0.0009765625,0.012027691817057196,0.8329086265824769,0.012515024074330083,42022,0.9738549916410059
705,/home/projects/bagon/shared/imagenet512/val/n02480855/ILSVRC2012_val_00028296.JPEG,118,10.068397521972656,0.0009918212890625,0.016616722562623292,0.9558460813897626,0.19990776249258732,42039,0.9682828173773623
706,/home/projects/bagon/shared/imagenet512/val/n07753275/ILSVRC2012_val_00030047.JPEG,76,3.4834213256835938,0.0009918212890625,0.01399023139534357,0.7320342910419075,0.0186719935966074,42045,0.9854778279270391
707,/home/projects/bagon/shared/imagenet512/val/n02834397/ILSVRC2012_val_00005477.JPEG,78,1.3251953125,0.0009918212890625,0.012419821664876339,0.48309836169728626,0.19671739180612688,42057,0.9875216515062734
708,/home/projects/bagon/shared/imagenet512/val/n02110185/ILSVRC2012_val_00019826.JPEG,94,10.309013366699219,0.00099945068359375,0.01472898838588913,0.9562934731772271,0.051558264310488794,42061,0.9699587631898089
709,/home/projects/bagon/shared/imagenet512/val/n03891251/ILSVRC2012_val_00013228.JPEG,101,0.5806427001953125,0.0009918212890625,0.01508200808542127,0.14371003857045167,0.022784923596443296,42089,0.9891092029834609
710,/home/projects/bagon/shared/imagenet512/val/n02087394/ILSVRC2012_val_00010057.JPEG,110,22.529617309570312,0.0009918212890625,0.015981362474291928,0.9905900363962468,0.0156718091756598,42105,0.9721357164172593
711,/home/projects/bagon/shared/imagenet512/val/n04591157/ILSVRC2012_val_00007764.JPEG,83,1.0724945068359375,0.00099945068359375,0.012259877101978452,0.4813006304392146,0.03422950113088388,42113,0.9950771523642258
712,/home/projects/bagon/shared/imagenet512/val/n04392985/ILSVRC2012_val_00001249.JPEG,72,9.293006896972656,0.0009613037109375,0.020903650069584997,0.7055494461894873,0.036389314984332344,42118,0.9773642525810725
713,/home/projects/bagon/shared/imagenet512/val/n07693725/ILSVRC2012_val_00032119.JPEG,131,26.61920928955078,0.00099945068359375,0.015374614580707779,0.9986894751554578,0.0502593316132835,42119,0.983900331713388
714,/home/projects/bagon/shared/imagenet512/val/n02423022/ILSVRC2012_val_00007265.JPEG,107,6.512378692626953,0.000965118408203125,0.01771640464602808,0.8344321927307763,0.07983126481189956,42123,0.9637779301184771
715,/home/projects/bagon/shared/imagenet512/val/n04350905/ILSVRC2012_val_00022131.JPEG,79,7.573631286621094,0.00098419189453125,0.019473547954183018,0.781234933471047,0.08320301247643386,42128,0.9728130480450149
716,/home/projects/bagon/shared/imagenet512/val/n03773504/ILSVRC2012_val_00016588.JPEG,135,2.8651275634765625,0.0009918212890625,0.02093224568233498,0.4068392924885483,0.08500451356148489,42141,0.9589122073645627
717,/home/projects/bagon/shared/imagenet512/val/n02504013/ILSVRC2012_val_00043193.JPEG,107,20.369178771972656,0.00099945068359375,0.015730626130471763,0.9946325425913727,0.04599294169356516,42142,0.9769514294382831
718,/home/projects/bagon/shared/imagenet512/val/n02894605/ILSVRC2012_val_00034199.JPEG,86,15.636505126953125,0.0009918212890625,0.015288260539793277,0.9736874377156743,0.2719321626485417,42143,0.9813344775227778
719,/home/projects/bagon/shared/imagenet512/val/n02110063/ILSVRC2012_val_00011214.JPEG,82,8.537200927734375,0.00099945068359375,0.014188354646777394,0.9177654290886141,0.08986620284580552,42176,0.9873257781380391
720,/home/projects/bagon/shared/imagenet512/val/n07716358/ILSVRC2012_val_00044128.JPEG,138,11.883712768554688,0.00098419189453125,0.01708573213584574,0.9864557968909,0.10126066873360623,42194,0.9762515715159226
721,/home/projects/bagon/shared/imagenet512/val/n04372370/ILSVRC2012_val_00035679.JPEG,50,28.369342803955078,0.000965118408203125,0.0120048146094551,0.996596409610427,0.047978152130247975,42198,0.9805235120692314
722,/home/projects/bagon/shared/imagenet512/val/n03868863/ILSVRC2012_val_00019871.JPEG,85,6.3828277587890625,0.0009765625,0.016256565216712204,0.876246826869861,0.07942851059770964,42201,0.968763233896034
723,/home/projects/bagon/shared/imagenet512/val/n02091467/ILSVRC2012_val_00037857.JPEG,128,8.659774780273438,0.0009918212890625,0.01844614686279508,0.9630884202268741,0.04562554388435855,42213,0.9695771925807377
724,/home/projects/bagon/shared/imagenet512/val/n13052670/ILSVRC2012_val_00041075.JPEG,80,4.071502685546875,0.00098419189453125,0.011970666380106756,0.8535190276042119,0.03507467635968184,42215,0.986172850171994
725,/home/projects/bagon/shared/imagenet512/val/n02108422/ILSVRC2012_val_00016693.JPEG,69,8.615211486816406,0.00099945068359375,0.015147023152202845,0.9411004734475676,0.0832056805420954,42221,0.983412076675033
726,/home/projects/bagon/shared/imagenet512/val/n02109961/ILSVRC2012_val_00018826.JPEG,116,3.1423873901367188,0.0009918212890625,0.017900017703177822,0.628722905779405,0.0438510322231076,42234,0.9743499125972185
727,/home/projects/bagon/shared/imagenet512/val/n02791270/ILSVRC2012_val_00009619.JPEG,57,15.69293212890625,0.00099945068359375,0.012840046714494747,0.99164516609445,0.10248982640412321,42239,0.9690357635521859
728,/home/projects/bagon/shared/imagenet512/val/n04285008/ILSVRC2012_val_00025260.JPEG,69,1.7906951904296875,0.0009765625,0.012172911393291899,0.4700030606003031,0.043551829194124314,42243,0.9891957254282735
729,/home/projects/bagon/shared/imagenet512/val/n07693725/ILSVRC2012_val_00047003.JPEG,102,3.0850448608398438,0.00099945068359375,0.01480744069992528,0.6615720343425617,0.21825672052409303,42246,0.9846561149876466
730,/home/projects/bagon/shared/imagenet512/val/n02837789/ILSVRC2012_val_00015440.JPEG,78,6.0858917236328125,0.00095367431640625,0.0157899282781876,0.8804253942373448,0.00980910396773238,42251,0.969954816420459
731,/home/projects/bagon/shared/imagenet512/val/n03657121/ILSVRC2012_val_00027626.JPEG,60,0.6096038818359375,0.0009918212890625,0.011826297872933711,0.2314102820363006,0.10539213383050827,42262,0.9888295755933887
732,/home/projects/bagon/shared/imagenet512/val/n03467068/ILSVRC2012_val_00026034.JPEG,81,5.624053955078125,0.00099945068359375,0.013141572777512938,0.8688319571297268,0.043489175801779856,42272,0.9892984000550885
733,/home/projects/bagon/shared/imagenet512/val/n02113624/ILSVRC2012_val_00035459.JPEG,23,0.9068641662597656,0.000934600830078125,0.007348505632766292,0.3245097619253942,0.026949694110344785,42285,0.995796155580815
734,/home/projects/bagon/shared/imagenet512/val/n03976657/ILSVRC2012_val_00022177.JPEG,39,4.870506286621094,0.00098419189453125,0.01241633823571005,0.8135491556443065,0.006940558919138751,42290,0.981053502263917
735,/home/projects/bagon/shared/imagenet512/val/n03773504/ILSVRC2012_val_00033306.JPEG,111,5.560447692871094,0.0009765625,0.01825266558246905,0.510921998940251,0.07956484434270578,42292,0.9664480120613532
736,/home/projects/bagon/shared/imagenet512/val/n02077923/ILSVRC2012_val_00048240.JPEG,77,3.2207107543945312,0.00099945068359375,0.012701884976007698,0.9042331318045884,0.04843040181833447,42306,0.9841589964171742
737,/home/projects/bagon/shared/imagenet512/val/n04548362/ILSVRC2012_val_00049758.JPEG,62,1.8730926513671875,0.0009918212890625,0.012196365949351617,0.5324416542064937,0.008804664862979261,42307,0.9893522351508293
738,/home/projects/bagon/shared/imagenet512/val/n02790996/ILSVRC2012_val_00027401.JPEG,60,13.985984802246094,0.00096893310546875,0.01300152263893865,0.9933950510474869,0.10350878697447874,42320,0.9782663144286472
739,/home/projects/bagon/shared/imagenet512/val/n02948072/ILSVRC2012_val_00041434.JPEG,46,0.6407661437988281,0.000972747802734375,0.010522128499813614,0.34819464145282475,0.012482430150505625,42323,0.9932407587175026
740,/home/projects/bagon/shared/imagenet512/val/n06794110/ILSVRC2012_val_00034107.JPEG,56,5.300777435302734,0.000972747802734375,0.011429360300161883,0.8589241138767162,0.17515604782502264,42326,0.9915049016634134
741,/home/projects/bagon/shared/imagenet512/val/n03180011/ILSVRC2012_val_00019908.JPEG,83,9.97878646850586,0.000972747802734375,0.017839619013325952,0.8508373322768052,0.07011417678042775,42332,0.9799117532374532
742,/home/projects/bagon/shared/imagenet512/val/n04447861/ILSVRC2012_val_00024534.JPEG,55,1.6092147827148438,0.0009918212890625,0.01164946569159497,0.361751196382556,0.034972719832296106,42352,0.9794189428412182
743,/home/projects/bagon/shared/imagenet512/val/n03481172/ILSVRC2012_val_00017991.JPEG,49,4.1838836669921875,0.00099945068359375,0.011206583676257115,0.9004723675789803,0.05220809116777825,42372,0.9911132203672678
744,/home/projects/bagon/shared/imagenet512/val/n04591713/ILSVRC2012_val_00033990.JPEG,79,1.948272705078125,0.00099945068359375,0.01593349875008287,0.44820594270036507,0.07091046989878286,42386,0.9763261518734565
745,/home/projects/bagon/shared/imagenet512/val/n04380533/ILSVRC2012_val_00041421.JPEG,80,2.2121124267578125,0.00096893310546875,0.01613712476966496,0.610746277516894,0.123163671963058,42389,0.9795825285010746
746,/home/projects/bagon/shared/imagenet512/val/n03761084/ILSVRC2012_val_00005324.JPEG,108,4.484840393066406,0.0009765625,0.016277994432281968,0.814682218100399,0.026528656078848745,42393,0.9781365555780106
747,/home/projects/bagon/shared/imagenet512/val/n02966687/ILSVRC2012_val_00006795.JPEG,52,2.2219924926757812,0.0009918212890625,0.0113868312126975,0.5604784975078164,0.020833069113908392,42394,0.9920144511517816
748,/home/projects/bagon/shared/imagenet512/val/n03961711/ILSVRC2012_val_00034683.JPEG,68,24.824417114257812,0.0009918212890625,0.012193772093520546,0.9975122216677135,0.16106096979604886,42408,0.9832340930105322
749,/home/projects/bagon/shared/imagenet512/val/n03180011/ILSVRC2012_val_00043943.JPEG,59,10.171371459960938,0.00099945068359375,0.016461283868870923,0.8453636142852182,0.06701144446005108,42423,0.9818118621102073
750,/home/projects/bagon/shared/imagenet512/val/n02119022/ILSVRC2012_val_00009066.JPEG,114,3.5857391357421875,0.00099945068359375,0.016912996880886384,0.6309496039884258,0.03678227812343504,42466,0.9829107177325922
751,/home/projects/bagon/shared/imagenet512/val/n03388183/ILSVRC2012_val_00022973.JPEG,62,3.4604415893554688,0.0009918212890625,0.013374174622682714,0.8451312389688042,0.08508059891348241,42472,0.9818384444791267
752,/home/projects/bagon/shared/imagenet512/val/n02110185/ILSVRC2012_val_00024432.JPEG,105,3.4731674194335938,0.00099945068359375,0.017416870352627938,0.5577691945813469,0.06576421418564418,42474,0.9666840507847165
753,/home/projects/bagon/shared/imagenet512/val/n02108551/ILSVRC2012_val_00025852.JPEG,57,3.844127655029297,0.000972747802734375,0.012665997192544964,0.7446876415473622,0.018360339912956214,42475,0.9890175862287749
754,/home/projects/bagon/shared/imagenet512/val/n04270147/ILSVRC2012_val_00027594.JPEG,45,7.985179901123047,0.000972747802734375,0.010128921770010645,0.9266343959385858,0.008522552792861793,42480,0.9898963802575701
755,/home/projects/bagon/shared/imagenet512/val/n04479046/ILSVRC2012_val_00021687.JPEG,106,0.955841064453125,0.00098419189453125,0.013348018030371629,0.2932313469187741,0.15840556154038454,42481,0.9843355498251345
756,/home/projects/bagon/shared/imagenet512/val/n02892201/ILSVRC2012_val_00028715.JPEG,80,7.820686340332031,0.0009613037109375,0.01566089458452353,0.9554235762747202,0.08664254671185356,42488,0.9721271214623564
757,/home/projects/bagon/shared/imagenet512/val/n03761084/ILSVRC2012_val_00039006.JPEG,86,1.88922119140625,0.00096893310546875,0.01352001288164492,0.5213284660532296,0.024817583941590726,42494,0.9680693473689002
758,/home/projects/bagon/shared/imagenet512/val/n01855672/ILSVRC2012_val_00043968.JPEG,67,9.661872863769531,0.0009765625,0.014821737338417405,0.9237547123010997,0.04720372387389249,42512,0.9751816335143527
759,/home/projects/bagon/shared/imagenet512/val/n04461696/ILSVRC2012_val_00045225.JPEG,125,14.036880493164062,0.0009918212890625,0.018182635447162084,0.9773619080966889,0.007313076955277775,42527,0.9738191037553753
760,/home/projects/bagon/shared/imagenet512/val/n02233338/ILSVRC2012_val_00010774.JPEG,115,21.097915649414062,0.00099945068359375,0.0176834415047208,0.991661472122424,0.041179267133224506,42533,0.9696832073002546
761,/home/projects/bagon/shared/imagenet512/val/n09193705/ILSVRC2012_val_00030499.JPEG,77,2.3553848266601562,0.0009918212890625,0.01451888393555722,0.6486070879099958,0.012465722609161428,42535,0.9849775851912296
762,/home/projects/bagon/shared/imagenet512/val/n03658185/ILSVRC2012_val_00022870.JPEG,33,1.2643661499023438,0.00099945068359375,0.009473445998024084,0.39597883171804016,0.1730576445488748,42546,0.9936152992529461
763,/home/projects/bagon/shared/imagenet512/val/n02948072/ILSVRC2012_val_00010993.JPEG,59,0.29113006591796875,0.0009918212890625,0.010847538348403333,0.07551369727877655,0.14743652143528235,42556,0.9851106563056274
764,/home/projects/bagon/shared/imagenet512/val/n04033995/ILSVRC2012_val_00012625.JPEG,80,18.78038787841797,0.00098419189453125,0.017946984317738602,0.9702591561332647,0.020944455861595213,42557,0.9486630527668986
765,/home/projects/bagon/shared/imagenet512/val/n04154565/ILSVRC2012_val_00019817.JPEG,32,17.259658813476562,0.0009613037109375,0.011241779571041523,0.9895183626186116,0.08148751300651835,42559,0.9848932849170164
766,/home/projects/bagon/shared/imagenet512/val/n02113799/ILSVRC2012_val_00006652.JPEG,71,0.8210067749023438,0.00098419189453125,0.012954391466717627,0.21562061779099684,0.3315057441543095,42568,0.9795201880943779
767,/home/projects/bagon/shared/imagenet512/val/n03017168/ILSVRC2012_val_00028741.JPEG,52,12.509918212890625,0.00098419189453125,0.013371782755047728,0.9764587142853598,0.040326302966995464,42571,0.9740539573765703
768,/home/projects/bagon/shared/imagenet512/val/n03443371/ILSVRC2012_val_00014613.JPEG,45,0.63214111328125,0.00099945068359375,0.008820753312594014,0.1527441079985482,0.009315915364415284,42584,0.9952416502745365
769,/home/projects/bagon/shared/imagenet512/val/n03218198/ILSVRC2012_val_00025529.JPEG,181,2.5149612426757812,0.0009918212890625,0.020856703890189617,0.5797016317159233,0.272654080426148,42595,0.9739769542245649
770,/home/projects/bagon/shared/imagenet512/val/n02791270/ILSVRC2012_val_00034523.JPEG,66,16.681129455566406,0.00099945068359375,0.012518490706830834,0.9963832680945254,0.03804025339490885,42600,0.9711149659983052
771,/home/projects/bagon/shared/imagenet512/val/n04579432/ILSVRC2012_val_00004304.JPEG,41,12.356887817382812,0.00096893310546875,0.00976131182211311,0.9928337382062777,0.05837258401094303,42605,0.9823101592318163
772,/home/projects/bagon/shared/imagenet512/val/n03983396/ILSVRC2012_val_00037192.JPEG,73,0.850433349609375,0.0009918212890625,0.012428048700686724,0.3564622010722637,0.047648707952284486,42611,0.987860235303732
773,/home/projects/bagon/shared/imagenet512/val/n03832673/ILSVRC2012_val_00032781.JPEG,43,14.540306091308594,0.00096893310546875,0.012930459268805938,0.9360306399795815,0.09607619586421995,42625,0.9731581969217763
774,/home/projects/bagon/shared/imagenet512/val/n03127925/ILSVRC2012_val_00015057.JPEG,83,11.342628479003906,0.0009918212890625,0.01715819220377558,0.9677331579743712,0.12950856809354871,42628,0.9796636512602322
775,/home/projects/bagon/shared/imagenet512/val/n03733281/ILSVRC2012_val_00003962.JPEG,62,6.993385314941406,0.00099945068359375,0.012018503671197691,0.9433914716599869,0.034508285223692536,42634,0.9863717255291908
776,/home/projects/bagon/shared/imagenet512/val/n04074963/ILSVRC2012_val_00046283.JPEG,61,9.813667297363281,0.00096893310546875,0.014669462813686255,0.9084202813105781,0.07729662447960478,42642,0.9794656574865425
777,/home/projects/bagon/shared/imagenet512/val/n03478589/ILSVRC2012_val_00001324.JPEG,115,3.2766494750976562,0.0009918212890625,0.015638514880702288,0.6554368615426942,0.04071381597033402,42652,0.9892914144089119
778,/home/projects/bagon/shared/imagenet512/val/n03976657/ILSVRC2012_val_00015391.JPEG,33,5.056922912597656,0.00096893310546875,0.008756166260323836,0.9497557074305669,0.2206272206516651,42655,0.9793570445349008
779,/home/projects/bagon/shared/imagenet512/val/n02109961/ILSVRC2012_val_00029058.JPEG,115,17.564903259277344,0.00098419189453125,0.019409765759922214,0.9568368886468841,0.030095657797028663,42674,0.9808471482236867
780,/home/projects/bagon/shared/imagenet512/val/n13133613/ILSVRC2012_val_00033353.JPEG,60,0.9097137451171875,0.0009918212890625,0.012949577511408595,0.24100641886681823,0.021484978664675414,42677,0.9799537911205092
781,/home/projects/bagon/shared/imagenet512/val/n04041544/ILSVRC2012_val_00048278.JPEG,56,8.866157531738281,0.00099945068359375,0.01209337423904583,0.864666393487268,0.21090707630967306,42679,0.983833462503131
782,/home/projects/bagon/shared/imagenet512/val/n07718472/ILSVRC2012_val_00010447.JPEG,70,9.962913513183594,0.00099945068359375,0.017223193351994567,0.9061169744014225,0.04466434854082216,42680,0.9690005623874225
783,/home/projects/bagon/shared/imagenet512/val/n03769881/ILSVRC2012_val_00017651.JPEG,64,15.304126739501953,0.000965118408203125,0.01300060336393248,0.9855151454382817,0.11231279881824852,42686,0.9812663631777147
784,/home/projects/bagon/shared/imagenet512/val/n03187595/ILSVRC2012_val_00016249.JPEG,137,0.6495208740234375,0.0009918212890625,0.014979956100240659,0.15254345646649564,0.015238520163266794,42722,0.989318558033204
785,/home/projects/bagon/shared/imagenet512/val/n03792782/ILSVRC2012_val_00040230.JPEG,78,5.0296173095703125,0.0009918212890625,0.01265175279438121,0.8291270655531182,0.120172267712878,42726,0.9905492449372083
786,/home/projects/bagon/shared/imagenet512/val/n04409515/ILSVRC2012_val_00017369.JPEG,63,0.8980255126953125,0.00099945068359375,0.011257417094694206,0.2709310877628351,0.18194040715101678,42768,0.9860886101935987
787,/home/projects/bagon/shared/imagenet512/val/n02087046/ILSVRC2012_val_00041444.JPEG,47,2.7191162109375,0.0009765625,0.012711505107143944,0.617646878898857,0.12717986248340793,42774,0.9886760054172394
788,/home/projects/bagon/shared/imagenet512/val/n04090263/ILSVRC2012_val_00047495.JPEG,30,0.06490325927734375,0.00099945068359375,0.006401712808845148,0.009370696322619648,0.08903393003346849,42775,0.996164606100534
789,/home/projects/bagon/shared/imagenet512/val/n09428293/ILSVRC2012_val_00004976.JPEG,52,7.9038848876953125,0.00099945068359375,0.011936112787539001,0.9421955269910112,0.1274840491577357,42786,0.9734661718624125
790,/home/projects/bagon/shared/imagenet512/val/n03481172/ILSVRC2012_val_00045395.JPEG,39,29.892799377441406,0.00098419189453125,0.011470076562547305,0.9979812356769932,0.09024841817831938,42787,0.973700900845386
791,/home/projects/bagon/shared/imagenet512/val/n02098413/ILSVRC2012_val_00030555.JPEG,55,5.515419006347656,0.0009918212890625,0.013174577624843373,0.8178505770820083,0.0374643623350589,42788,0.9798290810438107
792,/home/projects/bagon/shared/imagenet512/val/n04560804/ILSVRC2012_val_00040157.JPEG,41,6.45611572265625,0.00098419189453125,0.013760745669638452,0.802277287966499,0.04114894475456904,42794,0.9822842539857797
793,/home/projects/bagon/shared/imagenet512/val/n03884397/ILSVRC2012_val_00019227.JPEG,81,39.21826171875,0.0009918212890625,0.015011924495231907,0.9983259967271522,0.0424280755809027,42796,0.9779620750898661
794,/home/projects/bagon/shared/imagenet512/val/n07693725/ILSVRC2012_val_00011885.JPEG,83,11.616783142089844,0.00099945068359375,0.017262672246578625,0.9183453612850258,0.023432785249220822,42799,0.9683867022123308
795,/home/projects/bagon/shared/imagenet512/val/n01491361/ILSVRC2012_val_00035405.JPEG,133,9.854087829589844,0.00098419189453125,0.016563855650897505,0.97323404304144,0.11352380176865257,42800,0.9816821444251559
796,/home/projects/bagon/shared/imagenet512/val/n03250847/ILSVRC2012_val_00030142.JPEG,57,6.2259368896484375,0.0009765625,0.012724036276438418,0.9273510680696603,0.011567914373882576,42804,0.9823353055101027
797,/home/projects/bagon/shared/imagenet512/val/n02124075/ILSVRC2012_val_00041427.JPEG,72,3.9237213134765625,0.00096893310546875,0.013756694663747352,0.7298547981083098,0.07358053735861769,42807,0.9911060106797467
798,/home/projects/bagon/shared/imagenet512/val/n01773549/ILSVRC2012_val_00035063.JPEG,107,4.242530822753906,0.00098419189453125,0.014716078369769995,0.7780176340751773,0.1422134237765365,42818,0.9726871387079579
799,/home/projects/bagon/shared/imagenet512/val/n03424325/ILSVRC2012_val_00034204.JPEG,65,4.740509033203125,0.00096893310546875,0.01475423535411274,0.8679061572067761,0.025931431421816253,42843,0.9809181578343499
800,/home/projects/bagon/shared/imagenet512/val/n04548362/ILSVRC2012_val_00036253.JPEG,37,0.35659027099609375,0.00099945068359375,0.008443816870608183,0.24902918407628688,0.02363106932042741,42850,0.9907405513809576
801,/home/projects/bagon/shared/imagenet512/val/n01644900/ILSVRC2012_val_00024102.JPEG,104,2.0860595703125,0.0009918212890625,0.013923309824677271,0.5563497656795264,0.020521758738079876,42852,0.9852902900096993
802,/home/projects/bagon/shared/imagenet512/val/n04501370/ILSVRC2012_val_00022562.JPEG,49,7.5997467041015625,0.00099945068359375,0.011371971541769796,0.9554833598346121,0.04611463531652052,42858,0.9913565418590855
803,/home/projects/bagon/shared/imagenet512/val/n03110669/ILSVRC2012_val_00031849.JPEG,85,29.107887268066406,0.00096893310546875,0.017193087493231236,0.9955205482291434,0.2721604537591308,42864,0.9644780760880176
804,/home/projects/bagon/shared/imagenet512/val/n04033995/ILSVRC2012_val_00011029.JPEG,94,9.816368103027344,0.00099945068359375,0.014284470191789321,0.9673334290774079,0.08104614192570464,42872,0.987856462132836
805,/home/projects/bagon/shared/imagenet512/val/n02493509/ILSVRC2012_val_00043695.JPEG,56,9.590370178222656,0.0009918212890625,0.01386632122591848,0.8936548673496634,0.10709605051505167,42873,0.986472497866997
806,/home/projects/bagon/shared/imagenet512/val/n02747177/ILSVRC2012_val_00032825.JPEG,44,6.254100799560547,0.000926971435546875,0.012746271098554687,0.817170130164194,0.08206988920728436,42878,0.9777875503255681
807,/home/projects/bagon/shared/imagenet512/val/n04344873/ILSVRC2012_val_00026892.JPEG,81,11.099372863769531,0.00098419189453125,0.01530813935812726,0.9497118661703712,0.08093841531582197,42887,0.9646920473147907
808,/home/projects/bagon/shared/imagenet512/val/n02776631/ILSVRC2012_val_00043806.JPEG,65,4.463264465332031,0.0009918212890625,0.013464939081663418,0.7930022411634963,0.0221089122870351,42889,0.9855279387134478
809,/home/projects/bagon/shared/imagenet512/val/n04254777/ILSVRC2012_val_00038657.JPEG,72,8.037124633789062,0.00099945068359375,0.014253619433174216,0.9261558736452408,0.008973552681547953,42899,0.9763161666041249
810,/home/projects/bagon/shared/imagenet512/val/n01847000/ILSVRC2012_val_00026811.JPEG,77,7.130287170410156,0.0009918212890625,0.012521591799490197,0.950212908501774,0.04315659087990609,42904,0.9739707575759406
811,/home/projects/bagon/shared/imagenet512/val/n02930766/ILSVRC2012_val_00039097.JPEG,80,2.8045578002929688,0.00098419189453125,0.013054012021364868,0.7430930543294568,0.03590287997060343,42920,0.98557436579883
812,/home/projects/bagon/shared/imagenet512/val/n02091134/ILSVRC2012_val_00017871.JPEG,70,14.691390991210938,0.0009765625,0.015445668580178656,0.9801042159908778,0.14651970229007077,42922,0.9741291699288556
813,/home/projects/bagon/shared/imagenet512/val/n04263257/ILSVRC2012_val_00024667.JPEG,55,6.517707824707031,0.0009765625,0.012306402015049298,0.9305465550108452,0.039253712170263244,42929,0.9858559557664969
814,/home/projects/bagon/shared/imagenet512/val/n02412080/ILSVRC2012_val_00003314.JPEG,68,4.582618713378906,0.00099945068359375,0.01742606112347481,0.5600886186776416,0.058406936062279896,42930,0.9721358029958758
815,/home/projects/bagon/shared/imagenet512/val/n02817516/ILSVRC2012_val_00018607.JPEG,111,3.8417510986328125,0.00098419189453125,0.017961375333050145,0.7970901369356493,0.019393821321052718,42935,0.9575601559724504
816,/home/projects/bagon/shared/imagenet512/val/n04033995/ILSVRC2012_val_00005752.JPEG,69,6.899085998535156,0.0009918212890625,0.014019616389093473,0.9088800033011193,0.03047694657836475,42946,0.9808319630727478
817,/home/projects/bagon/shared/imagenet512/val/n03710637/ILSVRC2012_val_00006979.JPEG,32,6.9910888671875,0.0009765625,0.013183977551938618,0.6760245428302619,0.07607570823606491,42947,0.9833469762501121
818,/home/projects/bagon/shared/imagenet512/val/n01641577/ILSVRC2012_val_00028113.JPEG,104,18.416358947753906,0.0009918212890625,0.014798228971171785,0.9857059947553908,0.06467655710904455,42949,0.9865589438521286
819,/home/projects/bagon/shared/imagenet512/val/n03662601/ILSVRC2012_val_00048015.JPEG,90,30.070037841796875,0.00099945068359375,0.01569577061696189,0.9927697653232319,0.023038209944643062,42961,0.9806077985722115
820,/home/projects/bagon/shared/imagenet512/val/n03075370/ILSVRC2012_val_00006660.JPEG,68,22.5718994140625,0.00099945068359375,0.013348592848999566,0.9937324053952424,0.06813741458167138,42973,0.986176574582778
821,/home/projects/bagon/shared/imagenet512/val/n07747607/ILSVRC2012_val_00021193.JPEG,85,3.7153549194335938,0.00096893310546875,0.014830452803908822,0.8658124382153001,0.05492593107346436,42992,0.9856322946008541
822,/home/projects/bagon/shared/imagenet512/val/n03527444/ILSVRC2012_val_00035839.JPEG,93,3.5004043579101562,0.00099945068359375,0.013987306733928156,0.8094987394666502,0.04352456760995527,43011,0.9915278282898826
823,/home/projects/bagon/shared/imagenet512/val/n03891332/ILSVRC2012_val_00042599.JPEG,68,0.3851776123046875,0.00098419189453125,0.013400048330327942,0.04906616430358204,0.1229062583324178,43013,0.9838102006357545
824,/home/projects/bagon/shared/imagenet512/val/n03803284/ILSVRC2012_val_00000277.JPEG,64,3.6639022827148438,0.0009918212890625,0.010148599747588076,0.8770437019746727,0.020119498101248356,43032,0.993564891808659
825,/home/projects/bagon/shared/imagenet512/val/n02895154/ILSVRC2012_val_00028645.JPEG,56,7.4477386474609375,0.00099945068359375,0.011077030739521128,0.9468490557691265,0.13621869941358297,43034,0.9878530144740619
826,/home/projects/bagon/shared/imagenet512/val/n07831146/ILSVRC2012_val_00004837.JPEG,168,5.079734802246094,0.00099945068359375,0.017933116009864865,0.8652713743808818,0.06036441967897185,43044,0.9766130863286546
827,/home/projects/bagon/shared/imagenet512/val/n04507155/ILSVRC2012_val_00038295.JPEG,42,24.343002319335938,0.00099945068359375,0.01248831903960499,0.9951940335613636,0.05256249712275157,43047,0.970782486382265
828,/home/projects/bagon/shared/imagenet512/val/n03787032/ILSVRC2012_val_00037172.JPEG,71,0.9644775390625,0.0009918212890625,0.011182395248221065,0.4769511438040418,0.08031100481174985,43059,0.9904196561035256
829,/home/projects/bagon/shared/imagenet512/val/n03141823/ILSVRC2012_val_00033873.JPEG,65,29.48107147216797,0.0009918212890625,0.01460440423711042,0.9972314202888092,0.03201438237293294,43061,0.9750459683684344
830,/home/projects/bagon/shared/imagenet512/val/n04560804/ILSVRC2012_val_00013257.JPEG,33,4.934455871582031,0.0009918212890625,0.012312421114618164,0.6865520520364162,0.007400072926907086,43064,0.9911187807806229
831,/home/projects/bagon/shared/imagenet512/val/n02094114/ILSVRC2012_val_00002262.JPEG,59,11.681495666503906,0.0009765625,0.0150427653107931,0.9174076291737765,0.11522838380123773,43072,0.9635114480939473
832,/home/projects/bagon/shared/imagenet512/val/n04141076/ILSVRC2012_val_00043019.JPEG,126,2.8593215942382812,0.00098419189453125,0.017064118282199885,0.5953749872575479,0.18279887810649798,43079,0.9835457596679076
833,/home/projects/bagon/shared/imagenet512/val/n04447861/ILSVRC2012_val_00001621.JPEG,88,18.016761779785156,0.00099945068359375,0.019307102161069484,0.985557458055725,0.03701865174745528,43087,0.971729790386575
834,/home/projects/bagon/shared/imagenet512/val/n02066245/ILSVRC2012_val_00020123.JPEG,192,12.038681030273438,0.00099945068359375,0.018843787378807493,0.9886884730871208,0.034456883504701774,43095,0.960887663591009
835,/home/projects/bagon/shared/imagenet512/val/n03196217/ILSVRC2012_val_00015628.JPEG,37,1.9514007568359375,0.0009918212890625,0.010238256023939267,0.46667021960879357,0.12255225984192283,43096,0.9958367876941937
836,/home/projects/bagon/shared/imagenet512/val/n04008634/ILSVRC2012_val_00026393.JPEG,69,15.214729309082031,0.000946044921875,0.017419718154686136,0.9939001338563946,0.03256737027480805,43106,0.9577864552933214
837,/home/projects/bagon/shared/imagenet512/val/n04209239/ILSVRC2012_val_00016871.JPEG,87,2.6101837158203125,0.00099945068359375,0.01263749459579974,0.7199628154974352,0.04662183654021412,43114,0.9842956703866248
838,/home/projects/bagon/shared/imagenet512/val/n03388549/ILSVRC2012_val_00004768.JPEG,161,3.5507583618164062,0.0009918212890625,0.016333556848120087,0.7413003984706831,0.18066989667289052,43128,0.9800367328767661
839,/home/projects/bagon/shared/imagenet512/val/n02093428/ILSVRC2012_val_00007527.JPEG,62,34.40911102294922,0.0009918212890625,0.014008852012152469,0.998218292830778,0.049778367793357536,43129,0.9699041309596451
840,/home/projects/bagon/shared/imagenet512/val/n02443484/ILSVRC2012_val_00016721.JPEG,100,1.9511299133300781,0.000972747802734375,0.015483533007663102,0.5228109382942088,0.10556518243139607,43132,0.9615210306093973
841,/home/projects/bagon/shared/imagenet512/val/n02879718/ILSVRC2012_val_00033814.JPEG,57,11.140243530273438,0.00096893310546875,0.012319725086555159,0.9770480022882411,0.07050508189358942,43143,0.9845497531041097
842,/home/projects/bagon/shared/imagenet512/val/n02704792/ILSVRC2012_val_00015399.JPEG,67,25.95417022705078,0.00099945068359375,0.015991380007281314,0.9891259573426974,0.04426693284956962,43157,0.9833378363743548
843,/home/projects/bagon/shared/imagenet512/val/n07932039/ILSVRC2012_val_00024415.JPEG,88,12.987014770507812,0.0009918212890625,0.019784819642509204,0.9522144130750264,0.06286331569583348,43165,0.9572421393701152
844,/home/projects/bagon/shared/imagenet512/val/n03976657/ILSVRC2012_val_00007408.JPEG,39,3.6191940307617188,0.000946044921875,0.012081880100460166,0.7981373088985139,0.040361079454783316,43185,0.9889019499625117
845,/home/projects/bagon/shared/imagenet512/val/n04548362/ILSVRC2012_val_00040243.JPEG,60,6.929313659667969,0.00096893310546875,0.012047061766941862,0.9605721729930471,0.016308182779759595,43193,0.9886980677849849
846,/home/projects/bagon/shared/imagenet512/val/n03063689/ILSVRC2012_val_00030299.JPEG,36,3.064971923828125,0.0009765625,0.010883794762658843,0.7230259934489802,0.06594758467310416,43201,0.985092521392813
847,/home/projects/bagon/shared/imagenet512/val/n02480855/ILSVRC2012_val_00032006.JPEG,123,3.525402069091797,0.000972747802734375,0.015522673678201874,0.7662722355923763,0.01611642446294359,43202,0.9765171481950358
848,/home/projects/bagon/shared/imagenet512/val/n04154565/ILSVRC2012_val_00035558.JPEG,53,8.546382904052734,0.000972747802734375,0.014873708950695366,0.8424657095105479,0.02673913255171989,43206,0.9773065818115423
849,/home/projects/bagon/shared/imagenet512/val/n12144580/ILSVRC2012_val_00041716.JPEG,28,10.545425415039062,0.00098419189453125,0.01037803282915419,0.918196554740314,0.029212895854099974,43213,0.9942312237482676
850,/home/projects/bagon/shared/imagenet512/val/n03207743/ILSVRC2012_val_00030082.JPEG,154,11.603218078613281,0.00099945068359375,0.017092556325856816,0.9721143253702494,0.05191121411793023,43214,0.9821657316526999
851,/home/projects/bagon/shared/imagenet512/val/n03764736/ILSVRC2012_val_00046787.JPEG,93,61.75494384765625,0.00099945068359375,0.015194314274513879,0.9989284471392813,0.1493063558095653,43225,0.9804437501066738
852,/home/projects/bagon/shared/imagenet512/val/n02676566/ILSVRC2012_val_00005467.JPEG,116,13.495216369628906,0.00098419189453125,0.020016420991955178,0.9190255300461658,0.08880548525288429,43226,0.9608664528717475
853,/home/projects/bagon/shared/imagenet512/val/n01682714/ILSVRC2012_val_00023676.JPEG,124,13.415962219238281,0.0009765625,0.021092454243627,0.9286800830920301,0.08805911722036067,43230,0.94571140580196
854,/home/projects/bagon/shared/imagenet512/val/n09399592/ILSVRC2012_val_00042143.JPEG,121,4.387458801269531,0.0009765625,0.016432355960711784,0.7287471382648472,0.06783124091916826,43234,0.9744388337448512
855,/home/projects/bagon/shared/imagenet512/val/n01514668/ILSVRC2012_val_00004463.JPEG,141,6.737712860107422,0.000972747802734375,0.01864156438353312,0.8189359880263969,0.11982171569556718,43239,0.9732550524423504
856,/home/projects/bagon/shared/imagenet512/val/n03045698/ILSVRC2012_val_00044669.JPEG,32,10.473373413085938,0.00099945068359375,0.009225403154326245,0.9677424038716262,0.047828605138516,43241,0.9930166743896293
857,/home/projects/bagon/shared/imagenet512/val/n02113624/ILSVRC2012_val_00046483.JPEG,29,1.7400550842285156,0.000957489013671875,0.009925703358240293,0.5194994616684021,0.030160090152272168,43262,0.9923284331443529
858,/home/projects/bagon/shared/imagenet512/val/n07583066/ILSVRC2012_val_00023899.JPEG,80,18.29345703125,0.00098419189453125,0.01432197718454203,0.9761370773889345,0.08024598880773653,43263,0.9759071952691202
859,/home/projects/bagon/shared/imagenet512/val/n02783161/ILSVRC2012_val_00006972.JPEG,43,18.691993713378906,0.0009613037109375,0.012065830275535988,0.9906519355508967,0.05271438582565896,43288,0.9915322767106509
860,/home/projects/bagon/shared/imagenet512/val/n02981792/ILSVRC2012_val_00033153.JPEG,106,1.6381683349609375,0.0009765625,0.014506771007860993,0.4399570503217841,0.01172575045064217,43293,0.9870327008617175
861,/home/projects/bagon/shared/imagenet512/val/n01807496/ILSVRC2012_val_00039412.JPEG,89,4.4280242919921875,0.00099945068359375,0.017377267354584572,0.6272318981356901,0.031019642433103678,43312,0.9620621574378447
862,/home/projects/bagon/shared/imagenet512/val/n03929855/ILSVRC2012_val_00005773.JPEG,153,8.087520599365234,0.000972747802734375,0.01733416421732248,0.8993969293881517,0.05354314064753615,43315,0.9646914893278059
863,/home/projects/bagon/shared/imagenet512/val/n02102177/ILSVRC2012_val_00043482.JPEG,104,22.548568725585938,0.00098419189453125,0.014900910875673383,0.9941566356471413,0.09880987584259837,43321,0.971845100917367
864,/home/projects/bagon/shared/imagenet512/val/n07892512/ILSVRC2012_val_00020966.JPEG,80,2.2874526977539062,0.00096893310546875,0.015196678085279587,0.43904435779209117,0.17643037430442943,43351,0.985427958982103
865,/home/projects/bagon/shared/imagenet512/val/n03255030/ILSVRC2012_val_00011290.JPEG,70,2.2244949340820312,0.00099945068359375,0.013157850861808672,0.683049270937317,0.11279000795266658,43368,0.9843489139465379
866,/home/projects/bagon/shared/imagenet512/val/n02493509/ILSVRC2012_val_00019961.JPEG,95,31.49846649169922,0.0009918212890625,0.01556433650040855,0.9980765548583792,0.07742113031181963,43372,0.9759279708421712
867,/home/projects/bagon/shared/imagenet512/val/n02089973/ILSVRC2012_val_00010168.JPEG,51,6.218601226806641,0.000972747802734375,0.013567707593805971,0.8088606915588787,0.059905061143306515,43376,0.984173441872301
868,/home/projects/bagon/shared/imagenet512/val/n04596742/ILSVRC2012_val_00028560.JPEG,90,3.20477294921875,0.0009918212890625,0.016622185390685405,0.6942400159857555,0.01626989522730876,43412,0.9653552529413645
869,/home/projects/bagon/shared/imagenet512/val/n03255030/ILSVRC2012_val_00010055.JPEG,87,10.870658874511719,0.0009918212890625,0.014512566706329723,0.9852192495409612,0.030974410746571535,43423,0.9769396011915322
870,/home/projects/bagon/shared/imagenet512/val/n01697457/ILSVRC2012_val_00017459.JPEG,91,16.68438720703125,0.0009765625,0.01625133133004582,0.9810590764064461,0.04483994522010265,43425,0.9713577288644654
871,/home/projects/bagon/shared/imagenet512/val/n04380533/ILSVRC2012_val_00032093.JPEG,41,10.474815368652344,0.00099945068359375,0.011498003623872103,0.9480296101581088,0.04007860615617334,43453,0.9834029259793956
872,/home/projects/bagon/shared/imagenet512/val/n02090379/ILSVRC2012_val_00043888.JPEG,47,0.8769302368164062,0.0009918212890625,0.009853294159229828,0.3807654349879909,0.011783507613126964,43456,0.9917620299288259
873,/home/projects/bagon/shared/imagenet512/val/n02094433/ILSVRC2012_val_00008956.JPEG,95,1.8879776000976562,0.00098419189453125,0.01432989193428841,0.6297071310746274,0.0399354318535563,43463,0.9744622615025291
874,/home/projects/bagon/shared/imagenet512/val/n02107908/ILSVRC2012_val_00035437.JPEG,57,3.9334182739257812,0.00099945068359375,0.013120642173838794,0.7456983571623877,0.08523365727052831,43464,0.979241019781985
875,/home/projects/bagon/shared/imagenet512/val/n04462240/ILSVRC2012_val_00021403.JPEG,50,18.47303009033203,0.0009918212890625,0.012764897603538319,0.9911739077845865,0.011762240986480405,43481,0.9893415830326402
876,/home/projects/bagon/shared/imagenet512/val/n02113624/ILSVRC2012_val_00015576.JPEG,21,4.5983734130859375,0.0009613037109375,0.008556142379363646,0.8233808564879543,0.014853556887145375,43498,0.9960215646948481
877,/home/projects/bagon/shared/imagenet512/val/n01744401/ILSVRC2012_val_00041159.JPEG,103,11.431709289550781,0.00099945068359375,0.016804292965099103,0.9260010259204988,0.15989572765585475,43500,0.984411637701372
878,/home/projects/bagon/shared/imagenet512/val/n01692333/ILSVRC2012_val_00005307.JPEG,62,5.364311218261719,0.00099945068359375,0.011519219088500647,0.8760514528964738,0.07725394254538864,43501,0.9849675646741906
879,/home/projects/bagon/shared/imagenet512/val/n03903868/ILSVRC2012_val_00030317.JPEG,64,11.037895202636719,0.000946044921875,0.014833289120566343,0.9455380801242194,0.1828594275557654,43530,0.9714588870149371
880,/home/projects/bagon/shared/imagenet512/val/n02910353/ILSVRC2012_val_00012852.JPEG,63,4.8431396484375,0.00099945068359375,0.01152948628397915,0.7700000353108716,0.1764692547887895,43533,0.9713442405706849
881,/home/projects/bagon/shared/imagenet512/val/n03666591/ILSVRC2012_val_00024416.JPEG,44,0.6042022705078125,0.00099945068359375,0.010916125640526584,0.28758361332261656,0.15510953225747115,43536,0.9850530143156178
882,/home/projects/bagon/shared/imagenet512/val/n04179913/ILSVRC2012_val_00010108.JPEG,92,16.190101623535156,0.0009918212890625,0.01383035512138689,0.9919961289559993,0.017845867417545985,43538,0.9769249415316469
883,/home/projects/bagon/shared/imagenet512/val/n02894605/ILSVRC2012_val_00017544.JPEG,57,0.976287841796875,0.00099945068359375,0.012782927537331725,0.4148268329255739,0.07549542849651203,43557,0.9835290445519829
884,/home/projects/bagon/shared/imagenet512/val/n02963159/ILSVRC2012_val_00000061.JPEG,86,9.520065307617188,0.0009918212890625,0.0147733876304293,0.977206565860618,0.07898996676020781,43580,0.9677688400881966
885,/home/projects/bagon/shared/imagenet512/val/n03658185/ILSVRC2012_val_00024927.JPEG,61,1.7105712890625,0.0009918212890625,0.011365200321436508,0.6762658376187441,0.08663781921265187,43588,0.9878712552163265
886,/home/projects/bagon/shared/imagenet512/val/n03372029/ILSVRC2012_val_00023506.JPEG,75,1.6708259582519531,0.000957489013671875,0.012945917289832604,0.46007212791666646,0.13863722212014468,43596,0.9920849756036569
887,/home/projects/bagon/shared/imagenet512/val/n04435653/ILSVRC2012_val_00000914.JPEG,51,13.645450592041016,0.000957489013671875,0.010841968468636404,0.9806747071705825,0.011870630687281919,43597,0.9868700588577375
888,/home/projects/bagon/shared/imagenet512/val/n04033995/ILSVRC2012_val_00047653.JPEG,46,10.1851806640625,0.00099945068359375,0.012090885961542513,0.9693883106998311,0.055978456881642435,43601,0.9698685284452051
889,/home/projects/bagon/shared/imagenet512/val/n02823428/ILSVRC2012_val_00044787.JPEG,62,14.851638793945312,0.00099945068359375,0.01113787704881597,0.9739060398786215,0.07686181664687314,43609,0.9853428223762242
890,/home/projects/bagon/shared/imagenet512/val/n03146219/ILSVRC2012_val_00003217.JPEG,190,27.32225799560547,0.00099945068359375,0.02422608283775236,0.9906189862754278,0.040604871598495185,43620,0.9525901061341626
891,/home/projects/bagon/shared/imagenet512/val/n02939185/ILSVRC2012_val_00035816.JPEG,50,4.845363616943359,0.000972747802734375,0.01207649843180458,0.8349493913862908,0.010410601257538732,43621,0.989328479276586
892,/home/projects/bagon/shared/imagenet512/val/n13054560/ILSVRC2012_val_00021491.JPEG,116,5.92681884765625,0.0009918212890625,0.016546665547126225,0.9152670008099318,0.21360316062620496,43632,0.9785433161450696
893,/home/projects/bagon/shared/imagenet512/val/n02415577/ILSVRC2012_val_00001279.JPEG,93,7.018714904785156,0.00098419189453125,0.015306812934647867,0.766071056530757,0.1081841783709655,43636,0.9772068651954101
894,/home/projects/bagon/shared/imagenet512/val/n03291819/ILSVRC2012_val_00040272.JPEG,59,3.5463485717773438,0.00099945068359375,0.012513191839592751,0.8721540704566608,0.1311516095763416,43662,0.9901185803606704
895,/home/projects/bagon/shared/imagenet512/val/n03089624/ILSVRC2012_val_00036515.JPEG,69,2.419097900390625,0.0009765625,0.012254244785636931,0.583696519964005,0.016909954730481902,43675,0.989331427702824
896,/home/projects/bagon/shared/imagenet512/val/n02093991/ILSVRC2012_val_00029419.JPEG,41,4.539039611816406,0.0009613037109375,0.012337488723651237,0.7078680327622578,0.06136983255764822,43676,0.980850965612103
897,/home/projects/bagon/shared/imagenet512/val/n03376595/ILSVRC2012_val_00014475.JPEG,35,0.9827880859375,0.0009765625,0.010064457080093117,0.32976402307160235,0.11088404443301464,43692,0.9876070741286599
898,/home/projects/bagon/shared/imagenet512/val/n04116512/ILSVRC2012_val_00034963.JPEG,99,42.817230224609375,0.00099945068359375,0.020285313968467035,0.9977016997230957,0.11451878702460941,43695,0.9714590326877267
899,/home/projects/bagon/shared/imagenet512/val/n03866082/ILSVRC2012_val_00041229.JPEG,62,17.46746826171875,0.00096893310546875,0.012315793529090983,0.9957708370755309,0.07965500189907401,43697,0.9916012371447275
900,/home/projects/bagon/shared/imagenet512/val/n03724870/ILSVRC2012_val_00040112.JPEG,39,0.18531036376953125,0.0009765625,0.009606801537263862,0.03982629467387391,0.016322130308264265,43702,0.9961388094787684
901,/home/projects/bagon/shared/imagenet512/val/n02825657/ILSVRC2012_val_00038666.JPEG,88,8.115242004394531,0.0009765625,0.015699378421998946,0.7993665485582282,0.06138898696337419,43708,0.9821424698394685
902,/home/projects/bagon/shared/imagenet512/val/n02910353/ILSVRC2012_val_00010342.JPEG,46,0.42827606201171875,0.00098419189453125,0.009509632269356175,0.3071317102573028,0.019734296612551327,43713,0.9963177615387012
903,/home/projects/bagon/shared/imagenet512/val/n03376595/ILSVRC2012_val_00043453.JPEG,48,2.2603988647460938,0.00099945068359375,0.010549319288355126,0.6061609452288574,0.032442828355884135,43720,0.9875121982361579
904,/home/projects/bagon/shared/imagenet512/val/n02114712/ILSVRC2012_val_00041684.JPEG,85,14.124259948730469,0.00099945068359375,0.015272424226041205,0.9685822719347361,0.02176519400626231,43725,0.9686953106174
905,/home/projects/bagon/shared/imagenet512/val/n03388549/ILSVRC2012_val_00016373.JPEG,118,9.528579711914062,0.00099945068359375,0.015880711555635182,0.9843819836915644,0.030866038115385186,43736,0.9800133803668473
906,/home/projects/bagon/shared/imagenet512/val/n04479046/ILSVRC2012_val_00041995.JPEG,119,22.586517333984375,0.00099945068359375,0.01804032407699348,0.9961618462944165,0.012719505414329368,43740,0.9691127423527908
907,/home/projects/bagon/shared/imagenet512/val/n04525038/ILSVRC2012_val_00028309.JPEG,32,5.9193267822265625,0.00098419189453125,0.008068027778564512,0.8797539531179236,0.038358406673221296,43745,0.9943423454847955
908,/home/projects/bagon/shared/imagenet512/val/n03146219/ILSVRC2012_val_00006706.JPEG,123,10.711189270019531,0.00099945068359375,0.019048505041119095,0.8624090710800487,0.12497103866011022,43747,0.9609151588392261
909,/home/projects/bagon/shared/imagenet512/val/n03032252/ILSVRC2012_val_00012487.JPEG,52,5.6790008544921875,0.00099945068359375,0.011301841768720202,0.9627394074467965,0.03463715746741619,43749,0.992699258352186
910,/home/projects/bagon/shared/imagenet512/val/n03179701/ILSVRC2012_val_00000777.JPEG,57,4.863288879394531,0.00098419189453125,0.01593132106873735,0.6997618086803176,0.2335732309591027,43756,0.9638368762204447
911,/home/projects/bagon/shared/imagenet512/val/n03623198/ILSVRC2012_val_00039114.JPEG,77,18.306312561035156,0.0009765625,0.014386260253540124,0.9926175689086656,0.10425586661192682,43759,0.9753724580221065
912,/home/projects/bagon/shared/imagenet512/val/n04090263/ILSVRC2012_val_00046090.JPEG,71,11.017875671386719,0.0009918212890625,0.0141509058903654,0.8934682515458796,0.020466403233055375,43770,0.9840742011203027
913,/home/projects/bagon/shared/imagenet512/val/n03929855/ILSVRC2012_val_00002926.JPEG,127,14.233779907226562,0.0009918212890625,0.016998532725393308,0.977876412766456,0.018977026370176953,43778,0.9752742519202758
914,/home/projects/bagon/shared/imagenet512/val/n02236044/ILSVRC2012_val_00018257.JPEG,104,6.8226470947265625,0.00099945068359375,0.013786875254137786,0.9800421404983446,0.09134918458605923,43784,0.9795276435882719
915,/home/projects/bagon/shared/imagenet512/val/n01667114/ILSVRC2012_val_00039536.JPEG,126,7.535247802734375,0.00098419189453125,0.018518285658544992,0.9453580824125456,0.044074862529653674,43802,0.9810155309257906
916,/home/projects/bagon/shared/imagenet512/val/n04116512/ILSVRC2012_val_00037439.JPEG,43,8.680213928222656,0.0009918212890625,0.009984908702476055,0.9723950186915126,0.017479751686718087,43805,0.9925174604080513
917,/home/projects/bagon/shared/imagenet512/val/n03764736/ILSVRC2012_val_00015009.JPEG,79,18.74945068359375,0.0009918212890625,0.013090023960864191,0.9927478344435438,0.07349086042425018,43810,0.9846292784241715
918,/home/projects/bagon/shared/imagenet512/val/n04409515/ILSVRC2012_val_00024455.JPEG,59,1.3499984741210938,0.00099945068359375,0.012052331129257752,0.36212032035619063,0.08994557272063503,43828,0.9854389142529077
919,/home/projects/bagon/shared/imagenet512/val/n07836838/ILSVRC2012_val_00038954.JPEG,67,5.445060729980469,0.0009918212890625,0.013376308572601364,0.8789302682549168,0.16683612650703672,43833,0.9859704653211383
920,/home/projects/bagon/shared/imagenet512/val/n03249569/ILSVRC2012_val_00028973.JPEG,61,17.69397735595703,0.00098419189453125,0.017583777417415014,0.9669334206705589,0.10046560594775311,43838,0.9687522736101211
921,/home/projects/bagon/shared/imagenet512/val/n01728572/ILSVRC2012_val_00033517.JPEG,60,7.8420257568359375,0.0009765625,0.011112993667073898,0.9668461382116585,0.12119307342333513,43840,0.9771676024532742
922,/home/projects/bagon/shared/imagenet512/val/n03388043/ILSVRC2012_val_00017412.JPEG,74,19.136314392089844,0.00099945068359375,0.014115925667947619,0.9959525816085224,0.03864044176613746,43855,0.9753138113947544
923,/home/projects/bagon/shared/imagenet512/val/n02999410/ILSVRC2012_val_00004628.JPEG,43,5.468772888183594,0.0009918212890625,0.012643326751930417,0.9191029997294267,0.10437340293617214,43860,0.9821367235435335
924,/home/projects/bagon/shared/imagenet512/val/n03179701/ILSVRC2012_val_00032085.JPEG,59,4.8037567138671875,0.0009918212890625,0.016923103596444732,0.6146759297989398,0.08199744273356252,43877,0.9634603260786737
925,/home/projects/bagon/shared/imagenet512/val/n04456115/ILSVRC2012_val_00038629.JPEG,90,0.7654190063476562,0.00098419189453125,0.014255453181184945,0.2908584942494345,0.03073944555118127,43883,0.9906099004519888
926,/home/projects/bagon/shared/imagenet512/val/n04152593/ILSVRC2012_val_00049392.JPEG,95,10.821258544921875,0.0009765625,0.02017738209603482,0.7993614880816404,0.039913352403691676,43887,0.9763398055894122
927,/home/projects/bagon/shared/imagenet512/val/n04591713/ILSVRC2012_val_00007320.JPEG,81,0.8983078002929688,0.0009765625,0.015268753414346156,0.26107675199035063,0.041902689880474076,43889,0.9871370216409195
928,/home/projects/bagon/shared/imagenet512/val/n04579145/ILSVRC2012_val_00037142.JPEG,114,27.985580444335938,0.00099945068359375,0.01562618027331786,0.9974602108450428,0.08741572399578934,43901,0.9883455279271571
929,/home/projects/bagon/shared/imagenet512/val/n04476259/ILSVRC2012_val_00023818.JPEG,36,15.810428619384766,0.000942230224609375,0.01045031328987381,0.9897226040623085,0.02019235387175014,43906,0.9800516282413951
930,/home/projects/bagon/shared/imagenet512/val/n03916031/ILSVRC2012_val_00014175.JPEG,67,37.73173522949219,0.00098419189453125,0.013481512542353179,0.9986187040636033,0.13973215366119135,43917,0.9852672498209373
931,/home/projects/bagon/shared/imagenet512/val/n01871265/ILSVRC2012_val_00046757.JPEG,88,2.9920196533203125,0.0009765625,0.01302268099768188,0.6297860469162587,0.13021910782265333,43918,0.9786042780295915
932,/home/projects/bagon/shared/imagenet512/val/n01580077/ILSVRC2012_val_00004317.JPEG,131,2.790496826171875,0.0009765625,0.018674997131999306,0.7255093578844645,0.08133881392192047,43920,0.9742774721049825
933,/home/projects/bagon/shared/imagenet512/val/n03670208/ILSVRC2012_val_00013054.JPEG,86,17.928279876708984,0.000972747802734375,0.01398668015853783,0.9923186691354107,0.18180388999943164,43959,0.9911533386097542
934,/home/projects/bagon/shared/imagenet512/val/n03773504/ILSVRC2012_val_00023537.JPEG,128,4.560081481933594,0.00099945068359375,0.022553251044589478,0.41520280918802943,0.23863805324438625,43991,0.9723485227864384
935,/home/projects/bagon/shared/imagenet512/val/n07697537/ILSVRC2012_val_00034311.JPEG,69,3.7070541381835938,0.0009918212890625,0.010857246373957479,0.8385873185390843,0.12882370120851014,44015,0.9902853630671057
936,/home/projects/bagon/shared/imagenet512/val/n13037406/ILSVRC2012_val_00017984.JPEG,125,10.744392395019531,0.0009765625,0.01667474434416248,0.9765525261863593,0.0385766740695789,44020,0.9691646214882784
937,/home/projects/bagon/shared/imagenet512/val/n04070727/ILSVRC2012_val_00000331.JPEG,57,6.769325256347656,0.00098419189453125,0.01450171835291805,0.8798625971907764,0.08811304827094779,44053,0.9811952546312954
938,/home/projects/bagon/shared/imagenet512/val/n03837869/ILSVRC2012_val_00043384.JPEG,75,24.684738159179688,0.00099945068359375,0.014753175601120747,0.9964137349741421,0.042655206047603866,44055,0.9837894561874999
939,/home/projects/bagon/shared/imagenet512/val/n03982430/ILSVRC2012_val_00033709.JPEG,71,15.686370849609375,0.0009918212890625,0.011875343733610115,0.9949129526515103,0.3487691072880965,44072,0.9815410517463873
940,/home/projects/bagon/shared/imagenet512/val/n02094258/ILSVRC2012_val_00024664.JPEG,50,10.102371215820312,0.0009918212890625,0.010670058294515027,0.9763803878388465,0.11780725410751458,44081,0.9928110004856607
941,/home/projects/bagon/shared/imagenet512/val/n02098413/ILSVRC2012_val_00048379.JPEG,47,2.9932708740234375,0.00098419189453125,0.010665988611458026,0.8429641523311372,0.1518127774324936,44083,0.9874828734296537
942,/home/projects/bagon/shared/imagenet512/val/n03196217/ILSVRC2012_val_00049458.JPEG,44,0.7971343994140625,0.00098419189453125,0.010759633591718958,0.18309764659933156,0.11356272144601404,44090,0.985787397759017
943,/home/projects/bagon/shared/imagenet512/val/n04356056/ILSVRC2012_val_00023754.JPEG,48,11.689109802246094,0.0009918212890625,0.015042736405739082,0.9163648864218502,0.02295884627659925,44106,0.9858638087230027
944,/home/projects/bagon/shared/imagenet512/val/n03970156/ILSVRC2012_val_00011529.JPEG,52,34.54380416870117,0.000942230224609375,0.013263848138133017,0.9980151153448596,0.06886866084341237,44108,0.9837219308356467
945,/home/projects/bagon/shared/imagenet512/val/n02979186/ILSVRC2012_val_00033397.JPEG,116,7.4217071533203125,0.0009765625,0.020737736214589245,0.704170432295299,0.18836502710804523,44112,0.9809484860751799
946,/home/projects/bagon/shared/imagenet512/val/n06785654/ILSVRC2012_val_00026787.JPEG,48,47.01885986328125,0.00098419189453125,0.013273554519642657,0.9982036487057101,0.05291997173514912,44116,0.9494974523258884
947,/home/projects/bagon/shared/imagenet512/val/n02114712/ILSVRC2012_val_00017643.JPEG,95,3.6013717651367188,0.00099945068359375,0.014057435791567664,0.8018437625872687,0.05570381316233797,44129,0.9835171968009148
948,/home/projects/bagon/shared/imagenet512/val/n02692877/ILSVRC2012_val_00049328.JPEG,113,9.7515869140625,0.00098419189453125,0.016183480467445856,0.9788341303407017,0.03568041957706611,44133,0.9712793861352667
949,/home/projects/bagon/shared/imagenet512/val/n03895866/ILSVRC2012_val_00001590.JPEG,31,4.617164611816406,0.0009765625,0.010319528195779812,0.793158984844796,0.060019443579442944,44147,0.9933075142965488
950,/home/projects/bagon/shared/imagenet512/val/n03063689/ILSVRC2012_val_00045675.JPEG,118,4.344978332519531,0.00099945068359375,0.017829236531809935,0.7291484922726763,0.015237676378992482,44160,0.9650323492604298
951,/home/projects/bagon/shared/imagenet512/val/n03877845/ILSVRC2012_val_00003937.JPEG,88,7.182502746582031,0.0009918212890625,0.014680579552893952,0.9079288712329289,0.016759462497864697,44167,0.9786450407280167
952,/home/projects/bagon/shared/imagenet512/val/n03527444/ILSVRC2012_val_00018385.JPEG,90,23.14647674560547,0.0009765625,0.01618204185657886,0.9876216820343087,0.045111995651126696,44168,0.9741817606896769
953,/home/projects/bagon/shared/imagenet512/val/n03980874/ILSVRC2012_val_00044689.JPEG,68,19.558982849121094,0.00098419189453125,0.012835673008965107,0.9969264683004151,0.0210975804385658,44169,0.9759705813684898
954,/home/projects/bagon/shared/imagenet512/val/n09332890/ILSVRC2012_val_00048189.JPEG,34,6.72906494140625,0.00098419189453125,0.01158368358862375,0.9353021415310661,0.05301052073938878,44170,0.9886682937198786
955,/home/projects/bagon/shared/imagenet512/val/n02128925/ILSVRC2012_val_00033573.JPEG,154,18.346729278564453,0.000972747802734375,0.026628245976219062,0.8989254622833308,0.03796480606236802,44183,0.9529080385145864
956,/home/projects/bagon/shared/imagenet512/val/n02119022/ILSVRC2012_val_00032508.JPEG,56,0.5031242370605469,0.000957489013671875,0.010390195592982253,0.12785919892770453,0.048509806766804775,44198,0.991466101560442
957,/home/projects/bagon/shared/imagenet512/val/n04317175/ILSVRC2012_val_00041030.JPEG,49,1.0177841186523438,0.0009918212890625,0.010910952645301928,0.3195253933439214,0.07341448436283163,44210,0.9898363714539637
958,/home/projects/bagon/shared/imagenet512/val/n02786058/ILSVRC2012_val_00036161.JPEG,47,0.2814903259277344,0.000949859619140625,0.011179043734894936,0.04777915249380191,0.08456645886569777,44211,0.9868836907252406
959,/home/projects/bagon/shared/imagenet512/val/n04263257/ILSVRC2012_val_00014670.JPEG,45,21.25243377685547,0.00098419189453125,0.013517733864452423,0.989856210564824,0.0507984224984358,44218,0.9913979164884766
960,/home/projects/bagon/shared/imagenet512/val/n04371430/ILSVRC2012_val_00041734.JPEG,51,18.419784545898438,0.00099945068359375,0.014104325142171411,0.9897306578325247,0.06995570874976129,44219,0.9773536950778295
961,/home/projects/bagon/shared/imagenet512/val/n03498962/ILSVRC2012_val_00033954.JPEG,59,35.69361877441406,0.00098419189453125,0.013105169601313906,0.9978440199444656,0.09633087173093172,44220,0.9606363683948873
962,/home/projects/bagon/shared/imagenet512/val/n03692522/ILSVRC2012_val_00035877.JPEG,48,10.807540893554688,0.0009613037109375,0.011899916522273905,0.9862641883208942,0.20735815943561386,44234,0.9877546040860429
963,/home/projects/bagon/shared/imagenet512/val/n04461696/ILSVRC2012_val_00029413.JPEG,84,16.6678466796875,0.0009918212890625,0.013432107769985453,0.9826681033848259,0.12291606631305024,44236,0.976978888934578
964,/home/projects/bagon/shared/imagenet512/val/n07860988/ILSVRC2012_val_00014716.JPEG,51,7.109504699707031,0.0009918212890625,0.00971637413788352,0.9863239539765573,0.02096750619888793,44247,0.9944416750039355
965,/home/projects/bagon/shared/imagenet512/val/n04270147/ILSVRC2012_val_00012069.JPEG,56,3.4533920288085938,0.00098419189453125,0.0130766429989051,0.7389068339666812,0.042097774526669185,44248,0.9886627108617757
966,/home/projects/bagon/shared/imagenet512/val/n04557648/ILSVRC2012_val_00009155.JPEG,46,10.71044921875,0.00098419189453125,0.01188408701712221,0.9781838377045431,0.009243128893621277,44252,0.977607248688496
967,/home/projects/bagon/shared/imagenet512/val/n02089867/ILSVRC2012_val_00030025.JPEG,37,7.5883941650390625,0.00093841552734375,0.01059181524836487,0.9512489581144404,0.0877045904805725,44256,0.9818016947005915
968,/home/projects/bagon/shared/imagenet512/val/n04591713/ILSVRC2012_val_00010827.JPEG,69,2.067901611328125,0.00099945068359375,0.01243611440439032,0.6422636441179388,0.05495596966680494,44258,0.9879835967078915
969,/home/projects/bagon/shared/imagenet512/val/n02454379/ILSVRC2012_val_00025171.JPEG,147,11.019874572753906,0.00099945068359375,0.018418325319090205,0.9808546279438792,0.16198969072825442,44263,0.9604758369253721
970,/home/projects/bagon/shared/imagenet512/val/n03786901/ILSVRC2012_val_00013374.JPEG,50,0.269561767578125,0.00099945068359375,0.009116203281655171,0.13158221486724977,0.01325246459351992,44266,0.9923709312212066
971,/home/projects/bagon/shared/imagenet512/val/n02097474/ILSVRC2012_val_00023469.JPEG,56,2.6345367431640625,0.00099945068359375,0.01364051047804208,0.6233809159015825,0.03250933722348984,44294,0.9627162153776233
972,/home/projects/bagon/shared/imagenet512/val/n03775071/ILSVRC2012_val_00008503.JPEG,104,14.153854370117188,0.0009918212890625,0.016011461786410715,0.9927362695468451,0.02196317268007253,44298,0.9867793898014939
973,/home/projects/bagon/shared/imagenet512/val/n03089624/ILSVRC2012_val_00006745.JPEG,72,6.671485900878906,0.0009918212890625,0.012406288341832189,0.8782351196679447,0.05302061263731303,44299,0.9848580012468326
974,/home/projects/bagon/shared/imagenet512/val/n07716906/ILSVRC2012_val_00014623.JPEG,124,3.6680908203125,0.0009765625,0.01599607828604093,0.7557917547096991,0.023935327830589714,44306,0.9780867107487722
975,/home/projects/bagon/shared/imagenet512/val/n02927161/ILSVRC2012_val_00046828.JPEG,90,4.3798065185546875,0.0009918212890625,0.012975012728945625,0.9466941814867403,0.14697006544877256,44315,0.9897319637064395
976,/home/projects/bagon/shared/imagenet512/val/n04591157/ILSVRC2012_val_00010905.JPEG,98,18.97039794921875,0.00099945068359375,0.01840332625813348,0.993668541185284,0.1274486052141822,44317,0.9689596886568572
977,/home/projects/bagon/shared/imagenet512/val/n03041632/ILSVRC2012_val_00026505.JPEG,69,18.3272705078125,0.0009918212890625,0.01319817714808563,0.9953760290642478,0.12787128665423425,44323,0.9619353775697221
978,/home/projects/bagon/shared/imagenet512/val/n04208210/ILSVRC2012_val_00019122.JPEG,73,31.673660278320312,0.0009918212890625,0.01618273363603091,0.9905853478006778,0.026228137662613893,44337,0.9624732227533026
979,/home/projects/bagon/shared/imagenet512/val/n02825657/ILSVRC2012_val_00003777.JPEG,43,2.3777122497558594,0.000972747802734375,0.009828860443449052,0.6083242205153342,0.06413290397407079,44347,0.9840308830194274
980,/home/projects/bagon/shared/imagenet512/val/n02704792/ILSVRC2012_val_00005964.JPEG,70,12.854995727539062,0.0009918212890625,0.014051210304866196,0.9629147584238319,0.1808036688406317,44362,0.9855969692964149
981,/home/projects/bagon/shared/imagenet512/val/n02108422/ILSVRC2012_val_00025536.JPEG,39,0.39031982421875,0.0009765625,0.010551318887895511,0.13252103522487005,0.038854923821036585,44365,0.9811227618555729
982,/home/projects/bagon/shared/imagenet512/val/n04409515/ILSVRC2012_val_00029009.JPEG,46,0.14859771728515625,0.0009918212890625,0.010358859245797178,0.014872474426301574,0.08893532885534083,44379,0.9913440873342648
983,/home/projects/bagon/shared/imagenet512/val/n04099969/ILSVRC2012_val_00008768.JPEG,73,1.51788330078125,0.00099945068359375,0.01369913067660718,0.5501494923340955,0.0563522760951069,44396,0.979541379968586
984,/home/projects/bagon/shared/imagenet512/val/n03529860/ILSVRC2012_val_00010050.JPEG,103,2.3770675659179688,0.00099945068359375,0.016487182054745243,0.37731466455173135,0.02910455912694837,44399,0.9810263072387051
985,/home/projects/bagon/shared/imagenet512/val/n02077923/ILSVRC2012_val_00041773.JPEG,76,43.3803825378418,0.000965118408203125,0.016187102964154414,0.9985159659527415,0.009160282108659185,44400,0.9592432662570903
986,/home/projects/bagon/shared/imagenet512/val/n02090379/ILSVRC2012_val_00001363.JPEG,58,16.553192138671875,0.00099945068359375,0.011710805340570573,0.9952389933854074,0.010054321164711971,44435,0.9696040069566332
987,/home/projects/bagon/shared/imagenet512/val/n03775546/ILSVRC2012_val_00032236.JPEG,42,3.555328369140625,0.0009765625,0.011118456432828286,0.7623983302877028,0.034060334759751704,44439,0.989899820257341
988,/home/projects/bagon/shared/imagenet512/val/n04376876/ILSVRC2012_val_00021049.JPEG,52,4.2410430908203125,0.00099945068359375,0.012624132462274352,0.8035778910587095,0.03756367622573489,44452,0.9842679240922881
989,/home/projects/bagon/shared/imagenet512/val/n03223299/ILSVRC2012_val_00046885.JPEG,61,1.1949081420898438,0.0009918212890625,0.012511721375577491,0.570639524468966,0.04354282522053182,44481,0.9855239038803618
990,/home/projects/bagon/shared/imagenet512/val/n01737021/ILSVRC2012_val_00002725.JPEG,98,12.144676208496094,0.00099945068359375,0.016257084063894832,0.9862153767040261,0.07496440191992015,44487,0.9840469161575182
991,/home/projects/bagon/shared/imagenet512/val/n09428293/ILSVRC2012_val_00008791.JPEG,36,6.058189392089844,0.0009307861328125,0.010958761903676482,0.7979770885894552,0.0671924519798156,44500,0.9747595606527587
992,/home/projects/bagon/shared/imagenet512/val/n07836838/ILSVRC2012_val_00005714.JPEG,99,11.322967529296875,0.0009918212890625,0.015224315881600569,0.9782305883381384,0.06931133687733515,44501,0.9803049721382421
993,/home/projects/bagon/shared/imagenet512/val/n04116512/ILSVRC2012_val_00002375.JPEG,55,14.814170837402344,0.00099945068359375,0.010891541972248817,0.9912838861556424,0.046590021091667766,44516,0.9788898951456807
994,/home/projects/bagon/shared/imagenet512/val/n04325704/ILSVRC2012_val_00027092.JPEG,45,2.8867874145507812,0.00099945068359375,0.010226886866719577,0.8651325595903063,0.05620190405380382,44519,0.9880876293485171
995,/home/projects/bagon/shared/imagenet512/val/n04487394/ILSVRC2012_val_00045716.JPEG,95,4.8007354736328125,0.00099945068359375,0.013821256721387641,0.8543606507734376,0.030858434939087576,44522,0.9916916470968806
996,/home/projects/bagon/shared/imagenet512/val/n02089867/ILSVRC2012_val_00025562.JPEG,38,2.4889488220214844,0.000957489013671875,0.00923827430512537,0.719381617185078,0.09293566680194429,44527,0.9921816066190369
997,/home/projects/bagon/shared/imagenet512/val/n04200800/ILSVRC2012_val_00049450.JPEG,100,22.21246337890625,0.0009918212890625,0.017790827898828753,0.9960535936811197,0.09139608849225667,44529,0.9799904406767882
998,/home/projects/bagon/shared/imagenet512/val/n02948072/ILSVRC2012_val_00025186.JPEG,69,7.011680603027344,0.00098419189453125,0.01223748979147755,0.9149947807485375,0.1109649730843662,44541,0.9781682114872096
999,/home/projects/bagon/shared/imagenet512/val/n01729322/ILSVRC2012_val_00003098.JPEG,83,2.8361587524414062,0.00098419189453125,0.013686506022476988,0.7688959380267336,0.013764352260558499,44545,0.988431645743716
1000,/home/projects/bagon/shared/imagenet512/val/n03291819/ILSVRC2012_val_00007215.JPEG,55,5.811759948730469,0.0009918212890625,0.011371503716180849,0.9356127472239556,0.030529774684161792,44555,0.9843405798768061
1001,/home/projects/bagon/shared/imagenet512/val/n03710721/ILSVRC2012_val_00030318.JPEG,98,10.525413513183594,0.00098419189453125,0.017666639238992445,0.7569156350780378,0.027847364621111426,44561,0.9644777204195636
1002,/home/projects/bagon/shared/imagenet512/val/n04074963/ILSVRC2012_val_00042305.JPEG,55,3.932403564453125,0.00096893310546875,0.010493753835373432,0.9110177469466285,0.052843007332128045,44568,0.9910120284016887
1003,/home/projects/bagon/shared/imagenet512/val/n02999410/ILSVRC2012_val_00002229.JPEG,52,1.1926956176757812,0.0009918212890625,0.010676562411455433,0.3591512409075156,0.04446616508845885,44575,0.984709440602201
1004,/home/projects/bagon/shared/imagenet512/val/n02669723/ILSVRC2012_val_00012762.JPEG,156,9.37176513671875,0.00099945068359375,0.02187219632758673,0.9217082164324802,0.056610627387719825,44588,0.9400764742340346
1005,/home/projects/bagon/shared/imagenet512/val/n04456115/ILSVRC2012_val_00046509.JPEG,50,1.3314247131347656,0.000949859619140625,0.010745092493423862,0.48629217888808396,0.03199311147398451,44603,0.9930070522136244
1006,/home/projects/bagon/shared/imagenet512/val/n04370456/ILSVRC2012_val_00025992.JPEG,66,2.5013580322265625,0.00099945068359375,0.012528282481657686,0.6061442006454176,0.11857210717159589,44627,0.9855585774168338
1007,/home/projects/bagon/shared/imagenet512/val/n07693725/ILSVRC2012_val_00004675.JPEG,62,1.0913314819335938,0.00099945068359375,0.011263677233049892,0.45332260567480526,0.24958864963610108,44646,0.9848913092522814
1008,/home/projects/bagon/shared/imagenet512/val/n03983396/ILSVRC2012_val_00045396.JPEG,67,2.1769561767578125,0.00098419189453125,0.011484899955301595,0.7573796557162046,0.041820272924005614,44671,0.9906631052524867
1009,/home/projects/bagon/shared/imagenet512/val/n03690938/ILSVRC2012_val_00004454.JPEG,57,2.4280776977539062,0.0009918212890625,0.010288058283333882,0.7760998652355343,0.024369880280163236,44676,0.9926271496010154
1010,/home/projects/bagon/shared/imagenet512/val/n04590129/ILSVRC2012_val_00002189.JPEG,68,10.7734375,0.0009765625,0.014964755298964842,0.950435201613129,0.033461192999751976,44682,0.9656572671536137
1011,/home/projects/bagon/shared/imagenet512/val/n04493381/ILSVRC2012_val_00014421.JPEG,76,12.7523193359375,0.00095367431640625,0.018879609443276074,0.8136220049593159,0.3083969545286406,44684,0.9788270079531343
1012,/home/projects/bagon/shared/imagenet512/val/n03089624/ILSVRC2012_val_00002618.JPEG,62,5.687107086181641,0.000957489013671875,0.01187649004543247,0.8976362401814684,0.03322996124458377,44706,0.9887181787750503
1013,/home/projects/bagon/shared/imagenet512/val/n02128925/ILSVRC2012_val_00012994.JPEG,154,9.735671997070312,0.0009918212890625,0.0192233780653417,0.9363077030228856,0.06242932778257154,44714,0.9705705133249444
1014,/home/projects/bagon/shared/imagenet512/val/n03916031/ILSVRC2012_val_00021942.JPEG,36,30.804153442382812,0.0009918212890625,0.01297145401111742,0.986740418574755,0.03382200383450157,44720,0.9786013628130429
1015,/home/projects/bagon/shared/imagenet512/val/n04037443/ILSVRC2012_val_00037055.JPEG,94,8.710304260253906,0.00099945068359375,0.016752178821810387,0.958541732829565,0.06963856905408006,44727,0.9731633065729349
1016,/home/projects/bagon/shared/imagenet512/val/n03290653/ILSVRC2012_val_00036174.JPEG,120,11.219535827636719,0.00099945068359375,0.01676793855383444,0.9508381736247656,0.09057194460643503,44730,0.9723769551892565
1017,/home/projects/bagon/shared/imagenet512/val/n01981276/ILSVRC2012_val_00011525.JPEG,124,5.138336181640625,0.00099945068359375,0.01344598882437938,0.9497927835015354,0.07332790763428049,44741,0.9887193796698327
1018,/home/projects/bagon/shared/imagenet512/val/n03394916/ILSVRC2012_val_00041247.JPEG,131,26.91796875,0.0009765625,0.018200433265122516,0.9845823989668635,0.03284277669580743,44765,0.9796442097978292
1019,/home/projects/bagon/shared/imagenet512/val/n02444819/ILSVRC2012_val_00039796.JPEG,89,8.977436065673828,0.000965118408203125,0.015381157142626875,0.9755936161695461,0.05726582113833481,44773,0.9794144754018229
1020,/home/projects/bagon/shared/imagenet512/val/n02879718/ILSVRC2012_val_00047335.JPEG,75,39.385032653808594,0.00098419189453125,0.0151971673086247,0.9971067468663499,0.042283798436082265,44782,0.9804952002180444
1021,/home/projects/bagon/shared/imagenet512/val/n04493381/ILSVRC2012_val_00009864.JPEG,25,1.6875228881835938,0.0009918212890625,0.00893408881384469,0.43109838294331004,0.027336995290755006,44790,0.9923638799373747
1022,/home/projects/bagon/shared/imagenet512/val/n02814860/ILSVRC2012_val_00026607.JPEG,85,0.21996307373046875,0.00098419189453125,0.012656386300935062,0.011106033988531007,0.070060343913243,44803,0.9831910675359589
1023,/home/projects/bagon/shared/imagenet512/val/n03710637/ILSVRC2012_val_00021142.JPEG,41,4.124782562255859,0.000965118408203125,0.012034163121861516,0.5191956556026014,0.14490875977356418,44812,0.9916289153323502
1024,/home/projects/bagon/shared/imagenet512/val/n04238763/ILSVRC2012_val_00043886.JPEG,119,8.569999694824219,0.00099945068359375,0.01794405419166968,0.969178820735851,0.12195713699450322,44818,0.9538054063302802
1025,/home/projects/bagon/shared/imagenet512/val/n02086646/ILSVRC2012_val_00030642.JPEG,73,17.30231475830078,0.00093841552734375,0.016219740307725806,0.9807101466194953,0.08002191285346247,44827,0.9632956848477965
1026,/home/projects/bagon/shared/imagenet512/val/n02672831/ILSVRC2012_val_00009773.JPEG,83,126.06244659423828,0.00099945068359375,0.016035829810293823,0.9988723306898317,0.011003673426556504,44839,0.970598387083831
1027,/home/projects/bagon/shared/imagenet512/val/n01855672/ILSVRC2012_val_00025667.JPEG,188,8.9215087890625,0.00098419189453125,0.02282484156778055,0.8943358075565144,0.04137069581535524,44863,0.9592791800049738
1028,/home/projects/bagon/shared/imagenet512/val/n04254120/ILSVRC2012_val_00030184.JPEG,62,15.155197143554688,0.0009918212890625,0.012898924954813505,0.9486454745840689,0.1270492670927326,44884,0.9810744316813219
1029,/home/projects/bagon/shared/imagenet512/val/n02441942/ILSVRC2012_val_00029560.JPEG,58,10.98382568359375,0.00091552734375,0.017465894750979954,0.8717145934676316,0.021774498870676506,44891,0.9774203775577316
1030,/home/projects/bagon/shared/imagenet512/val/n03796401/ILSVRC2012_val_00048418.JPEG,129,6.550384521484375,0.00099945068359375,0.01752563679653834,0.8606814664366627,0.15787464424585457,44897,0.9604296115244939
1031,/home/projects/bagon/shared/imagenet512/val/n07614500/ILSVRC2012_val_00008264.JPEG,59,18.162132263183594,0.0009918212890625,0.012364602982097829,0.9885689226013323,0.18389635540212576,44920,0.9870155384023722
1032,/home/projects/bagon/shared/imagenet512/val/n03995372/ILSVRC2012_val_00026148.JPEG,55,73.13589096069336,0.000972747802734375,0.015834630908242178,0.9984109999422468,0.05230916044624301,44936,0.9686783805435664
1033,/home/projects/bagon/shared/imagenet512/val/n03991062/ILSVRC2012_val_00042420.JPEG,49,3.33392333984375,0.0009918212890625,0.012060990054087728,0.8174255702977773,0.07085930907740737,44940,0.981801706111695
1034,/home/projects/bagon/shared/imagenet512/val/n03314780/ILSVRC2012_val_00047251.JPEG,74,1.4989166259765625,0.00098419189453125,0.013474142051979469,0.4437719622766803,0.06958017877386996,44943,0.9864646167724803
1035,/home/projects/bagon/shared/imagenet512/val/n02107574/ILSVRC2012_val_00033915.JPEG,54,5.0819244384765625,0.0009918212890625,0.012506947258864656,0.8058224333962505,0.05574612604834761,44949,0.9877852260021044
1036,/home/projects/bagon/shared/imagenet512/val/n02782093/ILSVRC2012_val_00014172.JPEG,62,0.17084503173828125,0.0009918212890625,0.010966671813115671,0.023738197899032618,0.0121836147464352,44952,0.9820832846585383
1037,/home/projects/bagon/shared/imagenet512/val/n02747177/ILSVRC2012_val_00046749.JPEG,24,6.067169189453125,0.0009918212890625,0.009164022901946227,0.9120324945922109,0.11541383134092137,44967,0.9739794904039567
1038,/home/projects/bagon/shared/imagenet512/val/n02115641/ILSVRC2012_val_00021767.JPEG,59,2.9581222534179688,0.00098419189453125,0.013137961844969754,0.6737988284221073,0.034192092582583655,44972,0.9775978527956343
1039,/home/projects/bagon/shared/imagenet512/val/n07930864/ILSVRC2012_val_00003109.JPEG,74,4.8369598388671875,0.00098419189453125,0.014311135913567143,0.651754835011753,0.011577820363114166,44974,0.9703783017214653
1040,/home/projects/bagon/shared/imagenet512/val/n04591157/ILSVRC2012_val_00011761.JPEG,127,7.6375274658203125,0.00098419189453125,0.01859077706643538,0.8812106543627685,0.14323976895675777,44998,0.9718339215941587
1041,/home/projects/bagon/shared/imagenet512/val/n03483316/ILSVRC2012_val_00023379.JPEG,45,5.827369689941406,0.00099945068359375,0.012862494993636616,0.7891693811303286,0.07925400680677036,45005,0.9887145668246742
1042,/home/projects/bagon/shared/imagenet512/val/n07614500/ILSVRC2012_val_00000574.JPEG,58,1.1273040771484375,0.0009765625,0.011879467612906624,0.2500647645386181,0.1220793614968887,45007,0.9880010477764775
1043,/home/projects/bagon/shared/imagenet512/val/n02099849/ILSVRC2012_val_00005909.JPEG,56,40.51770782470703,0.00096893310546875,0.011747607936082859,0.9986688006826467,0.012001385061343073,45029,0.9829904031145519
1044,/home/projects/bagon/shared/imagenet512/val/n04355933/ILSVRC2012_val_00026693.JPEG,52,10.657642364501953,0.000949859619140625,0.01617566025359563,0.9458607026187306,0.11371936462314775,45033,0.9802305040006406
1045,/home/projects/bagon/shared/imagenet512/val/n03476684/ILSVRC2012_val_00035657.JPEG,78,3.7213821411132812,0.0009918212890625,0.01366562782308735,0.9602893470960923,0.08643118746869166,45035,0.9825378017501063
1046,/home/projects/bagon/shared/imagenet512/val/n07932039/ILSVRC2012_val_00029971.JPEG,55,2.64666748046875,0.00098419189453125,0.011920301699344557,0.6658751497124072,0.09063799221649871,45046,0.9712439994176052
1047,/home/projects/bagon/shared/imagenet512/val/n04355338/ILSVRC2012_val_00031308.JPEG,61,9.333358764648438,0.00099945068359375,0.012730171671787367,0.9653835476245459,0.008710359284921337,45048,0.9862126213354874
1048,/home/projects/bagon/shared/imagenet512/val/n04081281/ILSVRC2012_val_00015832.JPEG,46,3.1127548217773438,0.00098419189453125,0.013054916275912263,0.6102291891234553,0.036212100092252925,45059,0.9860571154685204
1049,/home/projects/bagon/shared/imagenet512/val/n03476684/ILSVRC2012_val_00032145.JPEG,50,19.696929931640625,0.00099945068359375,0.011597438109100914,0.9950663628889542,0.23716855838204937,45061,0.9879590721583674
1050,/home/projects/bagon/shared/imagenet512/val/n01734418/ILSVRC2012_val_00031390.JPEG,74,9.235313415527344,0.0009918212890625,0.014848300020565839,0.94536131497536,0.03448602537718021,45065,0.9813241650826812
1051,/home/projects/bagon/shared/imagenet512/val/n02110806/ILSVRC2012_val_00040381.JPEG,88,8.701690673828125,0.00098419189453125,0.012674779727628828,0.9490967814099613,0.05407430167007199,45069,0.9837055309842524
1052,/home/projects/bagon/shared/imagenet512/val/n04356056/ILSVRC2012_val_00037040.JPEG,48,8.35721206665039,0.000949859619140625,0.016308636901432014,0.7350580680419923,0.0652677491062047,45078,0.9816805363951746
1053,/home/projects/bagon/shared/imagenet512/val/n03483316/ILSVRC2012_val_00011813.JPEG,43,17.158248901367188,0.0009918212890625,0.011046355646224904,0.9835518802829126,0.051232516989134474,45099,0.9849859207012611
1054,/home/projects/bagon/shared/imagenet512/val/n04548362/ILSVRC2012_val_00008472.JPEG,53,3.6420364379882812,0.0009765625,0.009638404850034124,0.9229468213925959,0.0446303867711087,45102,0.9902429319485292
1055,/home/projects/bagon/shared/imagenet512/val/n03788195/ILSVRC2012_val_00030336.JPEG,61,23.885780334472656,0.00099945068359375,0.013526778766780736,0.9981480156741421,0.16070877507501655,45109,0.9863234875963885
1056,/home/projects/bagon/shared/imagenet512/val/n03710637/ILSVRC2012_val_00007816.JPEG,41,4.269996643066406,0.00093841552734375,0.013068067944281295,0.6105581185536697,0.05571852466094368,45125,0.9884079531590462
1057,/home/projects/bagon/shared/imagenet512/val/n02483362/ILSVRC2012_val_00038037.JPEG,85,32.50148010253906,0.0009918212890625,0.016351231962088323,0.9982038055000404,0.06800475578752035,45138,0.9695883200566819
1058,/home/projects/bagon/shared/imagenet512/val/n04525038/ILSVRC2012_val_00005680.JPEG,53,9.219120025634766,0.000965118408203125,0.012563346186599973,0.9762821651825172,0.06181237644932974,45148,0.9820557385510298
1059,/home/projects/bagon/shared/imagenet512/val/n02910353/ILSVRC2012_val_00008958.JPEG,66,19.311180114746094,0.00099945068359375,0.013956315746140197,0.9956100288808301,0.12161849847830206,45155,0.9843933277139877
1060,/home/projects/bagon/shared/imagenet512/val/n04487394/ILSVRC2012_val_00049208.JPEG,113,36.255699157714844,0.00099945068359375,0.024323428904688964,0.9841659648097639,0.034148402517315685,45164,0.9126278994909067
1061,/home/projects/bagon/shared/imagenet512/val/n01632777/ILSVRC2012_val_00011474.JPEG,154,23.40229034423828,0.0009918212890625,0.018379271202642575,0.9961278599091662,0.028478510369577104,45167,0.9582814398522792
1062,/home/projects/bagon/shared/imagenet512/val/n07745940/ILSVRC2012_val_00005066.JPEG,59,19.75433349609375,0.00095367431640625,0.011392306445966885,0.9982407402939998,0.04559185971915469,45183,0.9856502613642389
1063,/home/projects/bagon/shared/imagenet512/val/n02974003/ILSVRC2012_val_00006952.JPEG,64,23.634559631347656,0.00099945068359375,0.015235595592844636,0.9757548577343158,0.09600554750332563,45188,0.9827486538725843
1064,/home/projects/bagon/shared/imagenet512/val/n03532672/ILSVRC2012_val_00024123.JPEG,33,2.768573760986328,0.000972747802734375,0.009354770342387915,0.7405246737132937,0.06550206240693254,45193,0.9933463769116069
1065,/home/projects/bagon/shared/imagenet512/val/n03476991/ILSVRC2012_val_00025365.JPEG,46,31.185829162597656,0.00099945068359375,0.012238503785020597,0.9984956684215301,0.016647147075852076,45198,0.9717118864845431
1066,/home/projects/bagon/shared/imagenet512/val/n03706229/ILSVRC2012_val_00008728.JPEG,61,0.25482177734375,0.00099945068359375,0.010499782516541786,0.09505255144549177,0.10146758218610566,45199,0.9937484177266391
1067,/home/projects/bagon/shared/imagenet512/val/n07860988/ILSVRC2012_val_00033051.JPEG,58,6.440093994140625,0.00098419189453125,0.011599743931937904,0.8941313603505866,0.10638627970286771,45219,0.986354225892959
1068,/home/projects/bagon/shared/imagenet512/val/n01985128/ILSVRC2012_val_00013580.JPEG,77,4.434608459472656,0.00098419189453125,0.01447435041397512,0.8785895245532144,0.08014570707661717,45227,0.9710609909056511
1069,/home/projects/bagon/shared/imagenet512/val/n02992529/ILSVRC2012_val_00031438.JPEG,56,19.626258850097656,0.0009918212890625,0.012054009257579438,0.9899848863680143,0.20446517152880078,45251,0.9765878495308457
1070,/home/projects/bagon/shared/imagenet512/val/n04081281/ILSVRC2012_val_00039444.JPEG,35,4.084388732910156,0.00096893310546875,0.010546290816400178,0.6634235484002061,0.008526989508966298,45257,0.9906859108565953
1071,/home/projects/bagon/shared/imagenet512/val/n03933933/ILSVRC2012_val_00040499.JPEG,83,5.686805725097656,0.00099945068359375,0.013651599606371913,0.936173130790398,0.04346587941605634,45268,0.9830943296128928
1072,/home/projects/bagon/shared/imagenet512/val/n04599235/ILSVRC2012_val_00028150.JPEG,45,17.436874389648438,0.0009765625,0.012716589494244547,0.9915342123298226,0.03923735867827999,45312,0.977509430652706
1073,/home/projects/bagon/shared/imagenet512/val/n04285008/ILSVRC2012_val_00033293.JPEG,57,13.2423095703125,0.0009918212890625,0.013554020525904304,0.9779097604106519,0.016062984463978802,45321,0.9831840268293969
1074,/home/projects/bagon/shared/imagenet512/val/n02093991/ILSVRC2012_val_00043404.JPEG,46,16.230205535888672,0.000965118408203125,0.013735295370701093,0.965827643090958,0.006088121994765439,45333,0.9800184819987954
1075,/home/projects/bagon/shared/imagenet512/val/n03961711/ILSVRC2012_val_00017668.JPEG,59,7.2564697265625,0.0009918212890625,0.012500768596191406,0.9431962773282527,0.04065023830518588,45335,0.989450287808901
1076,/home/projects/bagon/shared/imagenet512/val/n01667778/ILSVRC2012_val_00015475.JPEG,101,5.328136444091797,0.000957489013671875,0.019477165493200933,0.8114685518233293,0.03561733776373055,45354,0.9754297533390096
1077,/home/projects/bagon/shared/imagenet512/val/n02206856/ILSVRC2012_val_00049624.JPEG,103,4.048774719238281,0.0009918212890625,0.014316692106796777,0.7798747367806953,0.021987543484662836,45359,0.9859022093174273
1078,/home/projects/bagon/shared/imagenet512/val/n03496892/ILSVRC2012_val_00030173.JPEG,99,3.7690391540527344,0.000972747802734375,0.017940021578342284,0.6461347199707608,0.4255631449539792,45361,0.9726568306195125
1079,/home/projects/bagon/shared/imagenet512/val/n02788148/ILSVRC2012_val_00016716.JPEG,43,6.986503601074219,0.00096893310546875,0.010683990059815365,0.8994526207973605,0.03485399497040925,45374,0.9894024704807428
1080,/home/projects/bagon/shared/imagenet512/val/n04355933/ILSVRC2012_val_00038797.JPEG,65,6.128025054931641,0.000926971435546875,0.017030391857541065,0.7004457221196115,0.3590894862762495,45379,0.9768790141487043
1081,/home/projects/bagon/shared/imagenet512/val/n02107312/ILSVRC2012_val_00039020.JPEG,79,16.628379821777344,0.00099945068359375,0.01637353756982027,0.9717007553337257,0.012047890176922538,45385,0.9646891687664669
1082,/home/projects/bagon/shared/imagenet512/val/n03977966/ILSVRC2012_val_00023057.JPEG,127,19.64446258544922,0.00098419189453125,0.01731230486799975,0.9898699910032461,0.07127777839971952,45390,0.9663802657867111
1083,/home/projects/bagon/shared/imagenet512/val/n03729826/ILSVRC2012_val_00037724.JPEG,68,72.52670288085938,0.00098419189453125,0.016239203610153633,0.9986805920641159,0.013721711964352679,45394,0.9678672970660427
1084,/home/projects/bagon/shared/imagenet512/val/n04522168/ILSVRC2012_val_00018777.JPEG,66,28.539306640625,0.0009918212890625,0.013965569915730334,0.9962032896302917,0.062418469266230514,45395,0.9672542106514469
1085,/home/projects/bagon/shared/imagenet512/val/n04579145/ILSVRC2012_val_00007489.JPEG,120,20.46233367919922,0.0009918212890625,0.014751219427993179,0.9959661992262191,0.022014612367105724,45399,0.9769453043992238
1086,/home/projects/bagon/shared/imagenet512/val/n03976657/ILSVRC2012_val_00002567.JPEG,31,3.2446212768554688,0.00099945068359375,0.010003271258963735,0.8306154105122544,0.08036252209983633,45404,0.9914537099220698
1087,/home/projects/bagon/shared/imagenet512/val/n01729977/ILSVRC2012_val_00014472.JPEG,87,19.865623474121094,0.00098419189453125,0.015172852212890987,0.9831505465344094,0.046858335933566364,45405,0.9776073162088897
1088,/home/projects/bagon/shared/imagenet512/val/n04229816/ILSVRC2012_val_00009290.JPEG,111,19.78687286376953,0.00099945068359375,0.01874691010401741,0.9893242992770147,0.021561668163950443,45409,0.9835033428487496
1089,/home/projects/bagon/shared/imagenet512/val/n03595614/ILSVRC2012_val_00007268.JPEG,53,16.930679321289062,0.0009918212890625,0.015756329208765588,0.9630478197402943,0.039119115198019305,45411,0.962502574169016
1090,/home/projects/bagon/shared/imagenet512/val/n04389033/ILSVRC2012_val_00042641.JPEG,78,11.466819763183594,0.0009918212890625,0.014719030505307549,0.9634561843010222,0.014127133035937378,45413,0.974530964896374
1091,/home/projects/bagon/shared/imagenet512/val/n02037110/ILSVRC2012_val_00037288.JPEG,98,8.43780517578125,0.00098419189453125,0.01411059487794734,0.9723008022847138,0.055367121160793065,45421,0.9871037861390686
1092,/home/projects/bagon/shared/imagenet512/val/n03445924/ILSVRC2012_val_00022035.JPEG,67,8.874755859375,0.0009918212890625,0.014650545118400202,0.9819304397126316,0.0782476175444049,45425,0.9685253254140358
1093,/home/projects/bagon/shared/imagenet512/val/n03764736/ILSVRC2012_val_00013680.JPEG,110,19.31317138671875,0.0009918212890625,0.016343650207235307,0.9940085789575748,0.02626926763077203,45426,0.9685638629851139
1094,/home/projects/bagon/shared/imagenet512/val/n03814639/ILSVRC2012_val_00007014.JPEG,51,13.712066650390625,0.00099945068359375,0.012698361721099007,0.9743320727884932,0.031686139696575744,45427,0.9651990918842954
1095,/home/projects/bagon/shared/imagenet512/val/n02096177/ILSVRC2012_val_00033231.JPEG,60,3.73504638671875,0.00099945068359375,0.011478320433688202,0.8331554421738114,0.05351341699047488,45433,0.9873426033016915
1096,/home/projects/bagon/shared/imagenet512/val/n04326547/ILSVRC2012_val_00030823.JPEG,106,7.8530731201171875,0.0009918212890625,0.01698163705162946,0.8831331687329831,0.037373915955639686,45439,0.9840287051352776
1097,/home/projects/bagon/shared/imagenet512/val/n03877472/ILSVRC2012_val_00013462.JPEG,101,15.531524658203125,0.00099945068359375,0.01578221100490731,0.9936279097709134,0.026502910874267704,45470,0.9790427818470478
1098,/home/projects/bagon/shared/imagenet512/val/n04357314/ILSVRC2012_val_00016583.JPEG,26,12.57296371459961,0.000972747802734375,0.009324827526549104,0.9710398809904475,0.06714094273776444,45475,0.9923324598229677
1099,/home/projects/bagon/shared/imagenet512/val/n01985128/ILSVRC2012_val_00002693.JPEG,49,0.5322113037109375,0.00096893310546875,0.010363279224804312,0.2565938037202454,0.11194028216789664,45479,0.9881007783481568
1100,/home/projects/bagon/shared/imagenet512/val/n02110185/ILSVRC2012_val_00041649.JPEG,96,4.380607604980469,0.0009918212890625,0.01910619831120973,0.5650591258496223,0.19085745458684647,45492,0.9681732518172912
1101,/home/projects/bagon/shared/imagenet512/val/n04443257/ILSVRC2012_val_00043259.JPEG,77,17.569969177246094,0.00099945068359375,0.015966866431695103,0.9846893857553978,0.0354941063592053,45499,0.9748244520127716
1102,/home/projects/bagon/shared/imagenet512/val/n02127052/ILSVRC2012_val_00044715.JPEG,72,13.202171325683594,0.00099945068359375,0.013329761198484693,0.97455076343671,0.015453443116463877,45500,0.988075794840037
1103,/home/projects/bagon/shared/imagenet512/val/n01644900/ILSVRC2012_val_00005532.JPEG,166,18.07105255126953,0.00099945068359375,0.01823366539710193,0.986017464271979,0.21393557455230228,45524,0.9798364056780561
1104,/home/projects/bagon/shared/imagenet512/val/n02877765/ILSVRC2012_val_00006337.JPEG,97,2.671234130859375,0.00099945068359375,0.01408788806801972,0.6484923851578095,0.14961977564620516,45531,0.9862912978628052
1105,/home/projects/bagon/shared/imagenet512/val/n01667778/ILSVRC2012_val_00021291.JPEG,92,12.041404724121094,0.00099945068359375,0.015773742627740162,0.9883390886454236,0.03649472063246781,45535,0.9865436045456023
1106,/home/projects/bagon/shared/imagenet512/val/n03657121/ILSVRC2012_val_00028008.JPEG,82,4.237907409667969,0.00099945068359375,0.015488104622365403,0.7466736801280242,0.07478572012212359,45545,0.9758411824367659
1107,/home/projects/bagon/shared/imagenet512/val/n03347037/ILSVRC2012_val_00023102.JPEG,58,22.036117553710938,0.00099945068359375,0.013988426540632313,0.9879976561695547,0.0591824043328896,45553,0.9877506214813755
1108,/home/projects/bagon/shared/imagenet512/val/n04131690/ILSVRC2012_val_00043782.JPEG,74,13.320201873779297,0.000972747802734375,0.01353429716672755,0.9739571922345938,0.05188238469761103,45566,0.9890990918488232
1109,/home/projects/bagon/shared/imagenet512/val/n04389033/ILSVRC2012_val_00017065.JPEG,96,0.5067367553710938,0.00098419189453125,0.01558826463026446,0.13219822710921048,0.04349004627048628,45584,0.9783255347621185
1110,/home/projects/bagon/shared/imagenet512/val/n02317335/ILSVRC2012_val_00003537.JPEG,76,67.35163116455078,0.00098419189453125,0.01462242004435747,0.9989485661454501,0.05095428657500947,45590,0.9743914422766052
1111,/home/projects/bagon/shared/imagenet512/val/n04326547/ILSVRC2012_val_00015034.JPEG,104,20.88166046142578,0.0009918212890625,0.018099957455704006,0.9909386521496022,0.0520152326150814,45591,0.9486631831472847
1112,/home/projects/bagon/shared/imagenet512/val/n04209239/ILSVRC2012_val_00032893.JPEG,97,3.5721969604492188,0.00099945068359375,0.014248281009208209,0.8261326354069977,0.17707131169403664,45593,0.9820356182165431
1113,/home/projects/bagon/shared/imagenet512/val/n04370456/ILSVRC2012_val_00019805.JPEG,76,8.832939147949219,0.00098419189453125,0.013764570151756562,0.9740301002990158,0.1305400274715355,45596,0.9860006463224326
1114,/home/projects/bagon/shared/imagenet512/val/n02979186/ILSVRC2012_val_00035160.JPEG,82,10.104866027832031,0.0009918212890625,0.020681695970376734,0.8125395356472185,0.04281917066870747,45609,0.9702423850825069
1115,/home/projects/bagon/shared/imagenet512/val/n02321529/ILSVRC2012_val_00042639.JPEG,78,44.476905822753906,0.00098419189453125,0.013161105680303176,0.998927615352578,0.10846538713747972,45626,0.9779811470868667
1116,/home/projects/bagon/shared/imagenet512/val/n07745940/ILSVRC2012_val_00046437.JPEG,98,8.561988830566406,0.0009918212890625,0.014302602114634218,0.8279909052685485,0.06866395996241484,45641,0.9804589011756951
1117,/home/projects/bagon/shared/imagenet512/val/n01751748/ILSVRC2012_val_00033108.JPEG,88,4.3058929443359375,0.0009918212890625,0.013995879933059808,0.8874379314004776,0.01655015109898486,45665,0.9867252535511584
1118,/home/projects/bagon/shared/imagenet512/val/n03866082/ILSVRC2012_val_00047430.JPEG,68,32.572792053222656,0.00096893310546875,0.013094330702104529,0.9978703997699145,0.11399683396657201,45668,0.9874970019734722
1119,/home/projects/bagon/shared/imagenet512/val/n03666591/ILSVRC2012_val_00018595.JPEG,53,12.286224365234375,0.00099945068359375,0.014049031244285838,0.9581378719081183,0.040413842402838296,45674,0.9818501813462194
1120,/home/projects/bagon/shared/imagenet512/val/n07920052/ILSVRC2012_val_00023051.JPEG,108,1.9744338989257812,0.00098419189453125,0.013671330349827515,0.6383460084776027,0.027658392583417346,45676,0.9877418846777548
1121,/home/projects/bagon/shared/imagenet512/val/n03792972/ILSVRC2012_val_00012130.JPEG,96,2.5009765625,0.00099945068359375,0.012366513255490765,0.8069928009931415,0.08645213209645919,45701,0.9895144841479395
1122,/home/projects/bagon/shared/imagenet512/val/n02364673/ILSVRC2012_val_00022509.JPEG,79,9.080718994140625,0.00099945068359375,0.012570901777770998,0.9767049604916241,0.08226392996322357,45703,0.9863999310393788
1123,/home/projects/bagon/shared/imagenet512/val/n02107908/ILSVRC2012_val_00007773.JPEG,85,12.512794494628906,0.00099945068359375,0.02343451270113773,0.730497277604934,0.07914320664143268,45705,0.958583552034782
1124,/home/projects/bagon/shared/imagenet512/val/n04517823/ILSVRC2012_val_00036519.JPEG,67,8.193290710449219,0.00098419189453125,0.011275417985089969,0.9079502700740549,0.10611549458386976,45712,0.9780402156502416
1125,/home/projects/bagon/shared/imagenet512/val/n03838899/ILSVRC2012_val_00032360.JPEG,82,0.5587539672851562,0.0009918212890625,0.01387282965553248,0.09327914781211458,0.20532770380696796,45717,0.9851228671628438
1126,/home/projects/bagon/shared/imagenet512/val/n03920288/ILSVRC2012_val_00042530.JPEG,75,2.03057861328125,0.00099945068359375,0.012967118653681551,0.627438574363314,0.03943734061582577,45733,0.9727827121375647
1127,/home/projects/bagon/shared/imagenet512/val/n03692522/ILSVRC2012_val_00046713.JPEG,84,15.955806732177734,0.000957489013671875,0.015436476086990615,0.9884368081665471,0.13770734733740878,45740,0.953387880927474
1128,/home/projects/bagon/shared/imagenet512/val/n04026417/ILSVRC2012_val_00019863.JPEG,53,21.88519287109375,0.0009918212890625,0.012424130381548201,0.9962220734558888,0.09143829087395886,45744,0.9800036316412528
1129,/home/projects/bagon/shared/imagenet512/val/n04493381/ILSVRC2012_val_00027916.JPEG,51,11.975395202636719,0.0009918212890625,0.016984702759347596,0.8145862903190848,0.12243029470758382,45748,0.9770827489701879
1130,/home/projects/bagon/shared/imagenet512/val/n01817953/ILSVRC2012_val_00049313.JPEG,168,17.24988555908203,0.00099945068359375,0.018183340220793074,0.9977192546262623,0.07593639012154987,45754,0.9809741739151111
1131,/home/projects/bagon/shared/imagenet512/val/n03764736/ILSVRC2012_val_00020546.JPEG,91,4.410011291503906,0.00099945068359375,0.014183319605434659,0.881180317101489,0.04763104358263326,45776,0.9870757324020066
1132,/home/projects/bagon/shared/imagenet512/val/n04579145/ILSVRC2012_val_00030522.JPEG,79,6.109806060791016,0.000972747802734375,0.016169846146041,0.893184438100372,0.09008194309272743,45791,0.9641007501123962
1133,/home/projects/bagon/shared/imagenet512/val/n03223299/ILSVRC2012_val_00021082.JPEG,42,7.019718170166016,0.000926971435546875,0.012078896663894927,0.9395424539100499,0.013885139251305217,45800,0.9913186418012965
1134,/home/projects/bagon/shared/imagenet512/val/n02321529/ILSVRC2012_val_00016075.JPEG,186,61.82616424560547,0.00098419189453125,0.021586437475129887,0.9982195823458608,0.030850199371795894,45804,0.9640551203849347
1135,/home/projects/bagon/shared/imagenet512/val/n02797295/ILSVRC2012_val_00025847.JPEG,47,5.988651275634766,0.000949859619140625,0.011859804513643442,0.9165763392692541,0.050460634639489244,45815,0.9716633876271743
1136,/home/projects/bagon/shared/imagenet512/val/n04136333/ILSVRC2012_val_00033983.JPEG,72,13.078720092773438,0.0009765625,0.017113438119259604,0.9403708548598858,0.13465203945069787,45825,0.9613564726753812
1137,/home/projects/bagon/shared/imagenet512/val/n03995372/ILSVRC2012_val_00009204.JPEG,70,87.52931213378906,0.0009765625,0.015043569228169127,0.9987823043854823,0.011462794859206649,45827,0.9841510263734459
1138,/home/projects/bagon/shared/imagenet512/val/n03796401/ILSVRC2012_val_00013011.JPEG,57,1.8837623596191406,0.000965118408203125,0.01112390964168214,0.5692392343572018,0.20468586578594633,45834,0.9923091011632669
1139,/home/projects/bagon/shared/imagenet512/val/n06794110/ILSVRC2012_val_00020350.JPEG,73,13.850372314453125,0.00099945068359375,0.01294250274898629,0.9744398074093261,0.2415618297736746,45840,0.9847718311664332
1140,/home/projects/bagon/shared/imagenet512/val/n03485794/ILSVRC2012_val_00036155.JPEG,41,5.717140197753906,0.00098419189453125,0.009067145952681405,0.933100786073431,0.05673500164983625,45847,0.9937498186781226
1141,/home/projects/bagon/shared/imagenet512/val/n02097474/ILSVRC2012_val_00014109.JPEG,123,13.112770080566406,0.00099945068359375,0.016370099534499385,0.9510314405838083,0.04972716656341131,45848,0.9815537675579059
1142,/home/projects/bagon/shared/imagenet512/val/n07615774/ILSVRC2012_val_00047951.JPEG,106,14.274322509765625,0.00099945068359375,0.015865638878901897,0.9765047362343711,0.12946700507130976,45853,0.9707858122167214
1143,/home/projects/bagon/shared/imagenet512/val/n02093256/ILSVRC2012_val_00034733.JPEG,63,8.482551574707031,0.00095367431640625,0.017193586563849717,0.9075642496945918,0.45145283048973983,45873,0.9883582671244083
1144,/home/projects/bagon/shared/imagenet512/val/n02109961/ILSVRC2012_val_00033758.JPEG,130,3.3460311889648438,0.00099945068359375,0.01941128678554479,0.6622755085403027,0.017620636434432485,45876,0.9727941159947887
1145,/home/projects/bagon/shared/imagenet512/val/n04133789/ILSVRC2012_val_00041654.JPEG,76,6.633811950683594,0.0009918212890625,0.012776482831109203,0.9538336681401403,0.06769141705462933,45895,0.9812208699338821
1146,/home/projects/bagon/shared/imagenet512/val/n04026417/ILSVRC2012_val_00049451.JPEG,46,34.12987518310547,0.00098419189453125,0.012511694624683253,0.9969968230949238,0.04057395915448425,45898,0.9922320218654659
1147,/home/projects/bagon/shared/imagenet512/val/n04429376/ILSVRC2012_val_00046304.JPEG,71,8.985084533691406,0.0009918212890625,0.012890443441522296,0.9946114054205522,0.04475981484587835,45905,0.9947010659738602
1148,/home/projects/bagon/shared/imagenet512/val/n04275548/ILSVRC2012_val_00045648.JPEG,125,1.975341796875,0.00099945068359375,0.015992550497859612,0.44091887123864076,0.01557543324587879,45907,0.9846018020409659
1149,/home/projects/bagon/shared/imagenet512/val/n03692522/ILSVRC2012_val_00021030.JPEG,40,20.43669891357422,0.0009918212890625,0.010692756929466826,0.9924295498137218,0.06803237222391861,45910,0.9912044081369721
1150,/home/projects/bagon/shared/imagenet512/val/n03400231/ILSVRC2012_val_00001843.JPEG,70,5.143226623535156,0.00098419189453125,0.013984943876371354,0.8232011673524228,0.048722323771050846,45921,0.9790270620364446
1151,/home/projects/bagon/shared/imagenet512/val/n03793489/ILSVRC2012_val_00000803.JPEG,53,2.605785369873047,0.000949859619140625,0.012465900444919286,0.5679729322769939,0.050780907368561556,45924,0.9817598937194221
1152,/home/projects/bagon/shared/imagenet512/val/n03903868/ILSVRC2012_val_00020223.JPEG,61,9.099117279052734,0.000972747802734375,0.014235367722037397,0.9286882710114691,0.05779474321212319,45925,0.983758473902926
1153,/home/projects/bagon/shared/imagenet512/val/n02776631/ILSVRC2012_val_00022863.JPEG,54,16.189228057861328,0.000972747802734375,0.014414496921212792,0.9563301699289761,0.031374783218435315,45930,0.9898346355377043
1154,/home/projects/bagon/shared/imagenet512/val/n03710637/ILSVRC2012_val_00026276.JPEG,44,13.487674713134766,0.000911712646484375,0.014493510223740753,0.8136057075698788,0.02189874788554655,45962,0.9747800940889823
1155,/home/projects/bagon/shared/imagenet512/val/n03920288/ILSVRC2012_val_00026927.JPEG,57,34.85186004638672,0.0009918212890625,0.012653049904227564,0.9986472060050965,0.011190527102583725,45966,0.9801445722928515
1156,/home/projects/bagon/shared/imagenet512/val/n04467665/ILSVRC2012_val_00014857.JPEG,78,16.27539825439453,0.0009918212890625,0.013821090716064459,0.9924612405691252,0.23447594663249113,45969,0.9682361412956725
1157,/home/projects/bagon/shared/imagenet512/val/n04192698/ILSVRC2012_val_00025337.JPEG,63,8.60870361328125,0.0009918212890625,0.011363197879389126,0.9744762031833104,0.032494037543667476,45972,0.9874246568538122
1158,/home/projects/bagon/shared/imagenet512/val/n03838899/ILSVRC2012_val_00023184.JPEG,65,1.0095748901367188,0.00099945068359375,0.012837277837183301,0.2667461421138171,0.041396194361660144,45977,0.9880505313920396
1159,/home/projects/bagon/shared/imagenet512/val/n03724870/ILSVRC2012_val_00038854.JPEG,54,38.577796936035156,0.00095367431640625,0.012790563792746623,0.9985895549348387,0.04885459125342817,45978,0.9754201648797457
1160,/home/projects/bagon/shared/imagenet512/val/n07697537/ILSVRC2012_val_00046213.JPEG,91,105.62816619873047,0.00098419189453125,0.016785136071687135,0.9988649837057617,0.01290300888048218,45994,0.9717767352525106
1161,/home/projects/bagon/shared/imagenet512/val/n12998815/ILSVRC2012_val_00016330.JPEG,87,10.419975280761719,0.00098419189453125,0.016148751142757985,0.9620338491092375,0.055061696804914684,46000,0.98393099544807
1162,/home/projects/bagon/shared/imagenet512/val/n02910353/ILSVRC2012_val_00028179.JPEG,56,49.76971435546875,0.0009918212890625,0.014644377820545812,0.9983638168579707,0.023282548906950584,46009,0.9735831982319337
1163,/home/projects/bagon/shared/imagenet512/val/n01914609/ILSVRC2012_val_00031110.JPEG,104,8.5848388671875,0.00098419189453125,0.014350039818530521,0.9658980965368629,0.032614368676570304,46010,0.9779769735250482
1164,/home/projects/bagon/shared/imagenet512/val/n02091244/ILSVRC2012_val_00001137.JPEG,81,26.8126220703125,0.00098419189453125,0.015132172245130884,0.9817147892398355,0.05822094799210897,46012,0.9833170951929857
1165,/home/projects/bagon/shared/imagenet512/val/n04090263/ILSVRC2012_val_00021492.JPEG,77,38.47492980957031,0.00098419189453125,0.015935997260751417,0.9970201858659243,0.009282230208478515,46016,0.9644837395230952
1166,/home/projects/bagon/shared/imagenet512/val/n02091467/ILSVRC2012_val_00017193.JPEG,96,8.944198608398438,0.0009918212890625,0.0178737963687632,0.9378201684989014,0.014034573395565686,46019,0.97964903943586
1167,/home/projects/bagon/shared/imagenet512/val/n04081281/ILSVRC2012_val_00022454.JPEG,37,31.886940002441406,0.0009765625,0.012328219434726123,0.9933910235444225,0.0362714685444106,46021,0.9810934303783359
1168,/home/projects/bagon/shared/imagenet512/val/n02871525/ILSVRC2012_val_00041323.JPEG,65,11.233085632324219,0.0009765625,0.016021113706341333,0.9341759614895625,0.011778204378544266,46034,0.9717114466516334
1169,/home/projects/bagon/shared/imagenet512/val/n04296562/ILSVRC2012_val_00025553.JPEG,47,35.0994758605957,0.000972747802734375,0.01259938708980067,0.9981981247735855,0.11801819961700705,46045,0.982390637617967
1170,/home/projects/bagon/shared/imagenet512/val/n04525305/ILSVRC2012_val_00012357.JPEG,81,5.6548614501953125,0.0009765625,0.012666604281464622,0.9721117450911602,0.02953937391043082,46061,0.9920160806253486
1171,/home/projects/bagon/shared/imagenet512/val/n04380533/ILSVRC2012_val_00012725.JPEG,55,16.23828887939453,0.00098419189453125,0.012024566328841189,0.9912283519316598,0.16874548878754914,46082,0.987290030168564
1172,/home/projects/bagon/shared/imagenet512/val/n04192698/ILSVRC2012_val_00019697.JPEG,80,23.18193817138672,0.00099945068359375,0.013013732576421917,0.9972612691736407,0.024895711667673404,46092,0.9922121070486999
1173,/home/projects/bagon/shared/imagenet512/val/n04026417/ILSVRC2012_val_00002268.JPEG,32,2.0826644897460938,0.00099945068359375,0.008300420108467222,0.8735509453699286,0.11598883851333647,46112,0.9924553872622673
1174,/home/projects/bagon/shared/imagenet512/val/n02096294/ILSVRC2012_val_00039701.JPEG,44,17.898826599121094,0.0009918212890625,0.012058764006846067,0.979599463826551,0.015938000844036238,46137,0.9904577432115986
1175,/home/projects/bagon/shared/imagenet512/val/n04596742/ILSVRC2012_val_00043269.JPEG,46,16.983638763427734,0.000957489013671875,0.01563255490562857,0.9477229967031343,0.018523781947234585,46142,0.9860163535441564
1176,/home/projects/bagon/shared/imagenet512/val/n04553703/ILSVRC2012_val_00048579.JPEG,60,2.9941177368164062,0.00099945068359375,0.012440336295890251,0.8474094850473615,0.04648438534610144,46152,0.9867494199068734
1177,/home/projects/bagon/shared/imagenet512/val/n03866082/ILSVRC2012_val_00030796.JPEG,54,4.86761474609375,0.0009918212890625,0.01135554437627331,0.857446153476766,0.3065942939036619,46157,0.9896031214481923
1178,/home/projects/bagon/shared/imagenet512/val/n03291819/ILSVRC2012_val_00023706.JPEG,48,5.090301513671875,0.00098419189453125,0.011196133268705041,0.9147262999737437,0.05025430776014389,46166,0.9898235926339521
1179,/home/projects/bagon/shared/imagenet512/val/n03355925/ILSVRC2012_val_00036294.JPEG,73,19.415916442871094,0.00099945068359375,0.014947316176727421,0.9645673803472931,0.1710592200552051,46188,0.9900955305413949
1180,/home/projects/bagon/shared/imagenet512/val/n02097658/ILSVRC2012_val_00013549.JPEG,54,5.9090728759765625,0.00098419189453125,0.012372227186681795,0.9215040243942146,0.04936915399868047,46191,0.987043461533479
1181,/home/projects/bagon/shared/imagenet512/val/n02979186/ILSVRC2012_val_00035482.JPEG,101,19.16949462890625,0.0009765625,0.015198846212031523,0.9961028841136221,0.07149041886753904,46197,0.9905271393931673
1182,/home/projects/bagon/shared/imagenet512/val/n03045698/ILSVRC2012_val_00046955.JPEG,65,18.67194366455078,0.0009765625,0.01368817574944359,0.992291275019877,0.08515777094876709,46215,0.9841749594839758
1183,/home/projects/bagon/shared/imagenet512/val/n04296562/ILSVRC2012_val_00030103.JPEG,44,17.350421905517578,0.000972747802734375,0.013007628288547762,0.9692715847934308,0.1060813078600758,46216,0.977771423000918
1184,/home/projects/bagon/shared/imagenet512/val/n07930864/ILSVRC2012_val_00013198.JPEG,74,17.084068298339844,0.00099945068359375,0.015767745978241165,0.9896989321008582,0.06638525934118217,46225,0.9846859098224537
1185,/home/projects/bagon/shared/imagenet512/val/n02776631/ILSVRC2012_val_00019309.JPEG,50,6.896675109863281,0.00099945068359375,0.010587011215349584,0.9396228935626654,0.01737698687725367,46232,0.9904729289787516
1186,/home/projects/bagon/shared/imagenet512/val/n02794156/ILSVRC2012_val_00047993.JPEG,78,26.666336059570312,0.00098419189453125,0.01503929762858628,0.9962524988396991,0.02727603697459255,46233,0.970673053805609
1187,/home/projects/bagon/shared/imagenet512/val/n02102973/ILSVRC2012_val_00008500.JPEG,117,7.3104705810546875,0.00098419189453125,0.016720153297153796,0.9376869729249684,0.06248854333262108,46240,0.9697671357156112
1188,/home/projects/bagon/shared/imagenet512/val/n02808304/ILSVRC2012_val_00006361.JPEG,67,8.902214050292969,0.00099945068359375,0.01339774642092946,0.9431713795675754,0.013752688571213562,46241,0.9884718024488076
1189,/home/projects/bagon/shared/imagenet512/val/n03291819/ILSVRC2012_val_00020870.JPEG,69,58.36516571044922,0.00099945068359375,0.014686585973151802,0.9987519414467565,0.12092167780168855,46260,0.9560135872641994
1190,/home/projects/bagon/shared/imagenet512/val/n03160309/ILSVRC2012_val_00019801.JPEG,98,31.40233612060547,0.0009918212890625,0.014743654535874895,0.9937067301285378,0.10894637536417587,46261,0.9674621853786948
1191,/home/projects/bagon/shared/imagenet512/val/n12144580/ILSVRC2012_val_00002125.JPEG,38,6.63720703125,0.0009918212890625,0.013314181974288682,0.8197668783380989,0.09016289505152492,46269,0.9739692474472522
1192,/home/projects/bagon/shared/imagenet512/val/n04462240/ILSVRC2012_val_00002632.JPEG,57,41.625640869140625,0.0009918212890625,0.01379211171809208,0.9970012837300588,0.03727120417175331,46276,0.9786979954145978
1193,/home/projects/bagon/shared/imagenet512/val/n02526121/ILSVRC2012_val_00037146.JPEG,93,53.183265686035156,0.0009918212890625,0.0170172375276953,0.9975948804309921,0.06277216011783388,46286,0.9360727987430278
1194,/home/projects/bagon/shared/imagenet512/val/n03045698/ILSVRC2012_val_00041598.JPEG,57,32.73516845703125,0.00099945068359375,0.011790767176385292,0.9988959601548524,0.0640131603036676,46287,0.9805727676122504
1195,/home/projects/bagon/shared/imagenet512/val/n03532672/ILSVRC2012_val_00049554.JPEG,28,18.877822875976562,0.00099945068359375,0.009679769172671908,0.9875779625660155,0.1385996819208753,46294,0.9944392858114939
1196,/home/projects/bagon/shared/imagenet512/val/n04591713/ILSVRC2012_val_00044614.JPEG,89,7.6697540283203125,0.0009918212890625,0.017143408629510366,0.8365786590256987,0.14805685856894246,46296,0.9700808601549635
1197,/home/projects/bagon/shared/imagenet512/val/n03127925/ILSVRC2012_val_00025671.JPEG,66,6.06451416015625,0.0009918212890625,0.014038648355235423,0.8979579628537133,0.05507249488785529,46308,0.9872178614528919
1198,/home/projects/bagon/shared/imagenet512/val/n01753488/ILSVRC2012_val_00014116.JPEG,124,7.694511413574219,0.00099945068359375,0.02014229062474741,0.730651199622639,0.012727714228501746,46327,0.9576372288618115
1199,/home/projects/bagon/shared/imagenet512/val/n01871265/ILSVRC2012_val_00047945.JPEG,51,1.5721206665039062,0.00098419189453125,0.010710609796889202,0.4292871593674343,0.060318636846206974,46339,0.9917245287903245
1200,/home/projects/bagon/shared/imagenet512/val/n12144580/ILSVRC2012_val_00030375.JPEG,43,9.133453369140625,0.0009765625,0.013456806720657893,0.8626717226343396,0.1287101642669352,46340,0.987866392692614
1201,/home/projects/bagon/shared/imagenet512/val/n13133613/ILSVRC2012_val_00022212.JPEG,76,8.3807373046875,0.00098419189453125,0.015955777956954142,0.8573432701874496,0.02946629398044226,46341,0.9698304159059623
1202,/home/projects/bagon/shared/imagenet512/val/n04447861/ILSVRC2012_val_00003310.JPEG,73,21.60968780517578,0.00098419189453125,0.015980430223436936,0.9840786377386411,0.09733389480732779,46345,0.9430605210628284
1203,/home/projects/bagon/shared/imagenet512/val/n02325366/ILSVRC2012_val_00017619.JPEG,105,19.03497314453125,0.0009765625,0.019562359217212326,0.9594096870180332,0.12160083132964125,46349,0.9719308450693924
1204,/home/projects/bagon/shared/imagenet512/val/n03249569/ILSVRC2012_val_00012704.JPEG,76,134.42901992797852,0.000957489013671875,0.0179119671688966,0.9989722711474588,0.007175377300402214,46360,0.9487883245288827
1205,/home/projects/bagon/shared/imagenet512/val/n02804414/ILSVRC2012_val_00043478.JPEG,84,23.63085174560547,0.0009918212890625,0.015057276230044086,0.9967847463219681,0.025506198085761655,46368,0.9864598736428353
1206,/home/projects/bagon/shared/imagenet512/val/n03179701/ILSVRC2012_val_00033875.JPEG,71,9.93731689453125,0.0009918212890625,0.017745677122842907,0.8044501274771213,0.03426785841763835,46376,0.980782520223567
1207,/home/projects/bagon/shared/imagenet512/val/n02974003/ILSVRC2012_val_00048672.JPEG,64,11.352958679199219,0.0009918212890625,0.014331792905223257,0.918697229441553,0.053768880985415324,46386,0.9733764124101734
1208,/home/projects/bagon/shared/imagenet512/val/n04560804/ILSVRC2012_val_00031504.JPEG,22,14.704696655273438,0.00099945068359375,0.009147024147048329,0.9735162947139439,0.026908451563832342,46395,0.9918631126688624
1209,/home/projects/bagon/shared/imagenet512/val/n02895154/ILSVRC2012_val_00032037.JPEG,51,15.735809326171875,0.0009918212890625,0.011978001260063863,0.976980373527742,0.03469936405934926,46400,0.988832622884868
1210,/home/projects/bagon/shared/imagenet512/val/n02791270/ILSVRC2012_val_00020763.JPEG,116,10.207237243652344,0.0009918212890625,0.022211582396630035,0.7976700133997572,0.023168999233380838,46401,0.9761933241401318
1211,/home/projects/bagon/shared/imagenet512/val/n04133789/ILSVRC2012_val_00013852.JPEG,74,37.731117248535156,0.00095367431640625,0.015382097910761412,0.9980601410971831,0.1901855214466232,46402,0.9721428115812388
1212,/home/projects/bagon/shared/imagenet512/val/n01955084/ILSVRC2012_val_00043514.JPEG,92,63.479331970214844,0.00099945068359375,0.016155267660626776,0.9987720944492783,0.02814231602928932,46403,0.9715455406706832
1213,/home/projects/bagon/shared/imagenet512/val/n02113799/ILSVRC2012_val_00017569.JPEG,59,3.442291259765625,0.00096893310546875,0.011762165878108395,0.7456963401218388,0.04174622988182991,46412,0.9832512007433002
1214,/home/projects/bagon/shared/imagenet512/val/n01749939/ILSVRC2012_val_00044459.JPEG,115,6.997444152832031,0.0009918212890625,0.01612772938047292,0.8488726828223738,0.14553831648951787,46413,0.9779766576180781
1215,/home/projects/bagon/shared/imagenet512/val/n03062245/ILSVRC2012_val_00002826.JPEG,47,50.692222595214844,0.0009918212890625,0.011726543235791342,0.9969924182855356,0.014063945084761859,46424,0.9821498364503053
1216,/home/projects/bagon/shared/imagenet512/val/n02111500/ILSVRC2012_val_00004208.JPEG,50,17.394386291503906,0.00098419189453125,0.01358184853214608,0.9868764253768973,0.020399623448415893,46426,0.9799980848367355
1217,/home/projects/bagon/shared/imagenet512/val/n07892512/ILSVRC2012_val_00039879.JPEG,68,43.887107849121094,0.00098419189453125,0.016054214776654932,0.9969989128367336,0.0417664866528866,46432,0.9684872787293057
1218,/home/projects/bagon/shared/imagenet512/val/n04133789/ILSVRC2012_val_00038588.JPEG,84,57.968894958496094,0.00099945068359375,0.013684426148664403,0.9987943367672999,0.06001811045027253,46433,0.9863129099871906
1219,/home/projects/bagon/shared/imagenet512/val/n02391049/ILSVRC2012_val_00048670.JPEG,203,11.25714111328125,0.00099945068359375,0.0202307122019925,0.866692350269739,0.05886989427755232,46439,0.9517110389498724
1220,/home/projects/bagon/shared/imagenet512/val/n01641577/ILSVRC2012_val_00032916.JPEG,114,29.92474365234375,0.00098419189453125,0.017818511499482007,0.9973697886574323,0.0740795251988336,46444,0.987009248777252
1221,/home/projects/bagon/shared/imagenet512/val/n03179701/ILSVRC2012_val_00016251.JPEG,82,27.798477172851562,0.00098419189453125,0.01797964859221865,0.9932688534513875,0.04356767131662381,46464,0.9708215160148451
1222,/home/projects/bagon/shared/imagenet512/val/n02951585/ILSVRC2012_val_00024606.JPEG,55,6.149894714355469,0.00099945068359375,0.013700120290525244,0.9599832538240515,0.014869200361904478,46476,0.9864673271635873
1223,/home/projects/bagon/shared/imagenet512/val/n03062245/ILSVRC2012_val_00034375.JPEG,44,4.935199737548828,0.000972747802734375,0.01151097581603685,0.830702015016062,0.015762196915579813,46478,0.9886417446654182
1224,/home/projects/bagon/shared/imagenet512/val/n02086079/ILSVRC2012_val_00007111.JPEG,88,8.2867431640625,0.0009918212890625,0.013028999183245873,0.9838785661158977,0.02885075492342451,46523,0.981679447297618
1225,/home/projects/bagon/shared/imagenet512/val/n01740131/ILSVRC2012_val_00003693.JPEG,93,13.581832885742188,0.0009613037109375,0.015445653028592706,0.9433890074694407,0.009626186162391748,46539,0.9814100732776282
1226,/home/projects/bagon/shared/imagenet512/val/n03710721/ILSVRC2012_val_00039655.JPEG,122,13.197418212890625,0.00098419189453125,0.024252461861676917,0.798527835032691,0.01939233354272646,46557,0.9654358006488182
1227,/home/projects/bagon/shared/imagenet512/val/n07584110/ILSVRC2012_val_00041589.JPEG,82,9.927894592285156,0.0009918212890625,0.012056291045455286,0.9853530463946479,0.16101970336451885,46560,0.9805802289735964
1228,/home/projects/bagon/shared/imagenet512/val/n03814639/ILSVRC2012_val_00011068.JPEG,61,11.33868408203125,0.0009918212890625,0.011697308723903994,0.96708017866479,0.008723510739562235,46561,0.977820185629387
1229,/home/projects/bagon/shared/imagenet512/val/n03633091/ILSVRC2012_val_00024083.JPEG,30,21.13272476196289,0.000949859619140625,0.010311309928515295,0.9885717925957481,0.30361989266868755,46562,0.9898575425719901
1230,/home/projects/bagon/shared/imagenet512/val/n04208210/ILSVRC2012_val_00031937.JPEG,55,42.686805725097656,0.00099945068359375,0.012470952016443368,0.9983838953226878,0.05282236771650106,46563,0.9881177556337604
1231,/home/projects/bagon/shared/imagenet512/val/n01871265/ILSVRC2012_val_00026221.JPEG,90,12.120742797851562,0.00098419189453125,0.013269413900915687,0.9426429861181311,0.031258392807445634,46566,0.9895708953944025
1232,/home/projects/bagon/shared/imagenet512/val/n07584110/ILSVRC2012_val_00047665.JPEG,117,15.574012756347656,0.0009918212890625,0.01978687045428254,0.89607253676739,0.08607169628491426,46570,0.9743116874884113
1233,/home/projects/bagon/shared/imagenet512/val/n15075141/ILSVRC2012_val_00015463.JPEG,52,5.4340057373046875,0.00099945068359375,0.01332035251009563,0.8658659923117683,0.13341542972739262,46577,0.9875951102615541
1234,/home/projects/bagon/shared/imagenet512/val/n04442312/ILSVRC2012_val_00019723.JPEG,112,8.042549133300781,0.0009918212890625,0.014947205126079489,0.9415487781574846,0.0703955697666935,46581,0.9720234427176035
1235,/home/projects/bagon/shared/imagenet512/val/n03947888/ILSVRC2012_val_00036199.JPEG,135,3.3903961181640625,0.0009918212890625,0.017163840967878725,0.803487695013245,0.19793540090762535,46583,0.9836071507437238
1236,/home/projects/bagon/shared/imagenet512/val/n01689811/ILSVRC2012_val_00028626.JPEG,104,12.4810791015625,0.00098419189453125,0.01600084034583452,0.9276872232547546,0.036665527378722196,46585,0.9890298110121801
1237,/home/projects/bagon/shared/imagenet512/val/n02226429/ILSVRC2012_val_00026081.JPEG,173,19.466064453125,0.00099945068359375,0.023947674009127617,0.961321491957219,0.42942921150166047,46593,0.9652053047990271
1238,/home/projects/bagon/shared/imagenet512/val/n03782006/ILSVRC2012_val_00011472.JPEG,84,10.135032653808594,0.00099945068359375,0.019329863597819075,0.8644242796160907,0.06415691155023334,46611,0.96814732248199
1239,/home/projects/bagon/shared/imagenet512/val/n02841315/ILSVRC2012_val_00022598.JPEG,51,53.210235595703125,0.00099945068359375,0.01513134457090493,0.9950952018072536,0.034256993259806634,46618,0.9679340354568935
1240,/home/projects/bagon/shared/imagenet512/val/n01644900/ILSVRC2012_val_00024428.JPEG,105,10.421867370605469,0.0009765625,0.016667808856544817,0.9524527304513998,0.07794198196848523,46665,0.9634443740825654
1241,/home/projects/bagon/shared/imagenet512/val/n03692522/ILSVRC2012_val_00032694.JPEG,50,59.85813522338867,0.000957489013671875,0.014654923292528894,0.9980980362927396,0.020636711647906758,46679,0.9771173834620809
1242,/home/projects/bagon/shared/imagenet512/val/n04525038/ILSVRC2012_val_00023329.JPEG,39,25.126178741455078,0.000926971435546875,0.011128559257477157,0.9957260025301939,0.041096582544812854,46692,0.9800453461164172
1243,/home/projects/bagon/shared/imagenet512/val/n03216828/ILSVRC2012_val_00047807.JPEG,64,20.120834350585938,0.0009765625,0.012660396539109463,0.9891805704383678,0.06955343175513168,46698,0.9871742652500086
1244,/home/projects/bagon/shared/imagenet512/val/n07930864/ILSVRC2012_val_00030068.JPEG,55,23.070377349853516,0.000942230224609375,0.012858724773046967,0.9935527673163572,0.3245011818942746,46710,0.9795964030900429
1245,/home/projects/bagon/shared/imagenet512/val/n02443114/ILSVRC2012_val_00048525.JPEG,88,10.071907043457031,0.0009765625,0.0182282266096856,0.9380023095988299,0.18103380320688073,46721,0.9716154231678911
1246,/home/projects/bagon/shared/imagenet512/val/n04548362/ILSVRC2012_val_00011817.JPEG,68,6.827857971191406,0.0009918212890625,0.011964201986632974,0.9308613047512143,0.074549788088738,46724,0.978337724236366
1247,/home/projects/bagon/shared/imagenet512/val/n03452741/ILSVRC2012_val_00028144.JPEG,82,8.446979522705078,0.000957489013671875,0.015334213308971797,0.9275849596727217,0.22326746744851278,46738,0.9772699790296204
1248,/home/projects/bagon/shared/imagenet512/val/n02837789/ILSVRC2012_val_00026140.JPEG,75,18.002769470214844,0.00096893310546875,0.01504038465746263,0.9587288468440996,0.07001828378215263,46745,0.9851680333460069
1249,/home/projects/bagon/shared/imagenet512/val/n03710721/ILSVRC2012_val_00019178.JPEG,134,17.6383056640625,0.00099945068359375,0.025279568544192055,0.9052789622361157,0.11111020000855457,46756,0.9320559908941869
1250,/home/projects/bagon/shared/imagenet512/val/n07932039/ILSVRC2012_val_00025362.JPEG,75,44.44549560546875,0.00099945068359375,0.014927799553286106,0.9975105159901126,0.07504946753047492,46763,0.9818278459235635
1251,/home/projects/bagon/shared/imagenet512/val/n02219486/ILSVRC2012_val_00044990.JPEG,60,39.450714111328125,0.00098419189453125,0.010934000974618016,0.9979221874511112,0.041005064585509454,46781,0.9856900305263554
1252,/home/projects/bagon/shared/imagenet512/val/n04286575/ILSVRC2012_val_00007039.JPEG,66,17.00518798828125,0.0009918212890625,0.011055390112163978,0.9676183128334348,0.023809745708298413,46783,0.9924225298098928
1253,/home/projects/bagon/shared/imagenet512/val/n03843555/ILSVRC2012_val_00046120.JPEG,47,13.183509826660156,0.00098419189453125,0.011503941449895761,0.9886349611654477,0.05887704189921755,46786,0.9901959456709786
1254,/home/projects/bagon/shared/imagenet512/val/n02871525/ILSVRC2012_val_00024980.JPEG,52,24.62812042236328,0.00096893310546875,0.013517820584934899,0.9950989608248052,0.033953274525394095,46789,0.977591154241003
1255,/home/projects/bagon/shared/imagenet512/val/n03930630/ILSVRC2012_val_00026079.JPEG,111,6.248283386230469,0.00099945068359375,0.01746833821516191,0.8695061304972299,0.038507687398419116,46791,0.9775067771961202
1256,/home/projects/bagon/shared/imagenet512/val/n04443257/ILSVRC2012_val_00045194.JPEG,37,36.23670196533203,0.00098419189453125,0.010964221101935937,0.9978768417675276,0.15642780209245688,46820,0.9838528890234824
1257,/home/projects/bagon/shared/imagenet512/val/n03769881/ILSVRC2012_val_00031610.JPEG,94,14.770484924316406,0.00099945068359375,0.015343369461417877,0.992264028995922,0.02758708859055997,46834,0.9832914136567652
1258,/home/projects/bagon/shared/imagenet512/val/n13133613/ILSVRC2012_val_00009549.JPEG,73,8.556907653808594,0.00098419189453125,0.012791958505150483,0.8998849537609696,0.13270044047117913,46844,0.9797028547226729
1259,/home/projects/bagon/shared/imagenet512/val/n15075141/ILSVRC2012_val_00006055.JPEG,86,14.847427368164062,0.00098419189453125,0.01583847529682848,0.9856868679609196,0.024826278525655665,46852,0.9761200399318337
1260,/home/projects/bagon/shared/imagenet512/val/n02910353/ILSVRC2012_val_00032648.JPEG,54,46.24864196777344,0.00099945068359375,0.013362736520491983,0.9978788593167014,0.017707617937297748,46862,0.9845982010855855
1261,/home/projects/bagon/shared/imagenet512/val/n04118776/ILSVRC2012_val_00027203.JPEG,59,31.539634704589844,0.00098419189453125,0.0125120342276043,0.9988540508219786,0.14508725064021216,46863,0.9854277971889298
1262,/home/projects/bagon/shared/imagenet512/val/n01751748/ILSVRC2012_val_00032628.JPEG,136,39.66844940185547,0.00099945068359375,0.028036772310895137,0.9922464343242736,0.07925016422347936,46868,0.9593527625201629
1263,/home/projects/bagon/shared/imagenet512/val/n02992529/ILSVRC2012_val_00026822.JPEG,45,13.689773559570312,0.00099945068359375,0.011826231057873258,0.9767493145345205,0.19457963144015528,46877,0.9890816360339972
1264,/home/projects/bagon/shared/imagenet512/val/n02837789/ILSVRC2012_val_00015053.JPEG,72,31.525741577148438,0.0009918212890625,0.016996260503209407,0.9956997311875173,0.07721818545159503,46888,0.9700679368544131
1265,/home/projects/bagon/shared/imagenet512/val/n02395406/ILSVRC2012_val_00046042.JPEG,104,26.352096557617188,0.0009918212890625,0.01781881430499851,0.9955662917127166,0.06944962387634937,46900,0.9693922089937608
1266,/home/projects/bagon/shared/imagenet512/val/n01773549/ILSVRC2012_val_00041612.JPEG,80,19.165809631347656,0.0009918212890625,0.015131166345878582,0.9954604674985175,0.06243416944191063,46925,0.9820639564873718
1267,/home/projects/bagon/shared/imagenet512/val/n03899768/ILSVRC2012_val_00036309.JPEG,54,10.653915405273438,0.0009918212890625,0.013673486076481119,0.9672543486372204,0.2552874284495514,46928,0.9767754291334434
1268,/home/projects/bagon/shared/imagenet512/val/n02123159/ILSVRC2012_val_00045958.JPEG,56,9.811767578125,0.0009918212890625,0.016005344961700526,0.7736101776940782,0.018192412538603486,46933,0.9807486926272119
1269,/home/projects/bagon/shared/imagenet512/val/n09246464/ILSVRC2012_val_00048191.JPEG,89,14.296157836914062,0.0009918212890625,0.018461026522641574,0.9754106035946406,0.062404645943519466,46935,0.980551128532033
1270,/home/projects/bagon/shared/imagenet512/val/n03710637/ILSVRC2012_val_00010435.JPEG,43,8.527397155761719,0.00098419189453125,0.01452003514189699,0.7249494572642671,0.07104161320732638,46936,0.9913337260993509
1271,/home/projects/bagon/shared/imagenet512/val/n04398044/ILSVRC2012_val_00039681.JPEG,91,8.489486694335938,0.00099945068359375,0.015213697710290316,0.9306952548993678,0.1831158979119784,46967,0.9826816580163249
1272,/home/projects/bagon/shared/imagenet512/val/n02669723/ILSVRC2012_val_00037014.JPEG,154,41.285709381103516,0.000972747802734375,0.022219237191770613,0.996623550381074,0.05945839600758354,46975,0.9628605249022457
1273,/home/projects/bagon/shared/imagenet512/val/n07930864/ILSVRC2012_val_00046595.JPEG,39,26.095199584960938,0.00099945068359375,0.011851423661513679,0.9856944343634688,0.07745910238157405,46979,0.9777358307089847
1274,/home/projects/bagon/shared/imagenet512/val/n02107312/ILSVRC2012_val_00016543.JPEG,78,7.1956787109375,0.0009765625,0.015935463755166523,0.9622220651036666,0.05364178066812181,46981,0.9667068830685838
1275,/home/projects/bagon/shared/imagenet512/val/n02264363/ILSVRC2012_val_00036196.JPEG,84,16.836868286132812,0.0009918212890625,0.013977761294140944,0.9935981944201622,0.0767824326936099,46983,0.9885897036492296
1276,/home/projects/bagon/shared/imagenet512/val/n04557648/ILSVRC2012_val_00019201.JPEG,51,21.675048828125,0.00099945068359375,0.014920130052738578,0.9895183816637716,0.05628041441853748,46993,0.9702618321414617
1277,/home/projects/bagon/shared/imagenet512/val/n04560804/ILSVRC2012_val_00049156.JPEG,46,31.43886947631836,0.000972747802734375,0.013866409229429177,0.9958984997893559,0.08865376305238803,46999,0.98522054247225
1278,/home/projects/bagon/shared/imagenet512/val/n02123159/ILSVRC2012_val_00017486.JPEG,70,6.9613037109375,0.00099945068359375,0.016574215383910514,0.8611670835636762,0.02246520101099464,47001,0.9749034018783609
1279,/home/projects/bagon/shared/imagenet512/val/n02123394/ILSVRC2012_val_00010218.JPEG,139,12.721412658691406,0.0009918212890625,0.01831313399128012,0.9740760410134195,0.028022115653654756,47004,0.9824606045051657
1280,/home/projects/bagon/shared/imagenet512/val/n04560804/ILSVRC2012_val_00034852.JPEG,43,20.51628875732422,0.0009765625,0.014059801331076876,0.9863723711529971,0.14288447869353293,47006,0.9826025106341968
1281,/home/projects/bagon/shared/imagenet512/val/n04286575/ILSVRC2012_val_00036296.JPEG,47,4.693489074707031,0.00099945068359375,0.011012788399195703,0.9160635292395818,0.014844084490450271,47014,0.9914199020161457
1282,/home/projects/bagon/shared/imagenet512/val/n02747177/ILSVRC2012_val_00028319.JPEG,38,14.005882263183594,0.0009765625,0.010138235015861958,0.9893594294410691,0.17365272512837449,47015,0.9896743456261761
1283,/home/projects/bagon/shared/imagenet512/val/n04023962/ILSVRC2012_val_00009676.JPEG,57,17.11389923095703,0.00096893310546875,0.013694718668617007,0.9592736920003746,0.08901043235961853,47024,0.9739425376908791
1284,/home/projects/bagon/shared/imagenet512/val/n02123159/ILSVRC2012_val_00025723.JPEG,46,9.508674621582031,0.00096893310546875,0.010430309480979458,0.9137180139723267,0.1430680644171117,47029,0.9873372093275339
1285,/home/projects/bagon/shared/imagenet512/val/n04009552/ILSVRC2012_val_00006864.JPEG,52,11.330268859863281,0.00095367431640625,0.012739629784226148,0.9787986513425668,0.08209819419879705,47036,0.9875933485653017
1286,/home/projects/bagon/shared/imagenet512/val/n03697007/ILSVRC2012_val_00038106.JPEG,62,1.15130615234375,0.00095367431640625,0.011869563307610707,0.5477617974477609,0.04574725878801125,47047,0.9854501896580691
1287,/home/projects/bagon/shared/imagenet512/val/n03814639/ILSVRC2012_val_00002650.JPEG,66,120.49524688720703,0.00096893310546875,0.017771561273636563,0.9989879668680051,0.01180173398290249,47048,0.9714291546324771
1288,/home/projects/bagon/shared/imagenet512/val/n04579432/ILSVRC2012_val_00021758.JPEG,68,54.114768981933594,0.0009765625,0.01872917229711643,0.998218972825583,0.03637191284203928,47049,0.9759293872293113
1289,/home/projects/bagon/shared/imagenet512/val/n03028079/ILSVRC2012_val_00048853.JPEG,83,25.613082885742188,0.00099945068359375,0.015589251623191613,0.9975948330258957,0.07080996440739654,47067,0.9735731737320323
1290,/home/projects/bagon/shared/imagenet512/val/n04127249/ILSVRC2012_val_00024308.JPEG,56,14.074409484863281,0.00098419189453125,0.01290491715821613,0.9784833586209157,0.020616592314195825,47070,0.9879288502313118
1291,/home/projects/bagon/shared/imagenet512/val/n07248320/ILSVRC2012_val_00036093.JPEG,58,9.019500732421875,0.00098419189453125,0.014163237986854533,0.9385928422210468,0.1851639773878067,47077,0.9769671006575968
1292,/home/projects/bagon/shared/imagenet512/val/n02107908/ILSVRC2012_val_00002989.JPEG,56,7.529182434082031,0.0009765625,0.012918858914999143,0.9363050358766709,0.015490692426680941,47082,0.9871243244034267
1293,/home/projects/bagon/shared/imagenet512/val/n03838899/ILSVRC2012_val_00032257.JPEG,77,41.574371337890625,0.00099945068359375,0.016396426585372065,0.9979417783206028,0.06509530213801365,47092,0.9607817315837637
1294,/home/projects/bagon/shared/imagenet512/val/n07747607/ILSVRC2012_val_00034677.JPEG,79,10.8526611328125,0.00096893310546875,0.013128204414866736,0.9892390990801642,0.026828641389640695,47115,0.9802468670865464
1295,/home/projects/bagon/shared/imagenet512/val/n04162706/ILSVRC2012_val_00006153.JPEG,55,6.842720031738281,0.00099945068359375,0.011667332987804214,0.9587613261817401,0.02412313057522819,47127,0.9954895531222376
1296,/home/projects/bagon/shared/imagenet512/val/n02869837/ILSVRC2012_val_00017815.JPEG,76,35.629478454589844,0.00099945068359375,0.017911267188926872,0.9968815393880343,0.08569916460929036,47128,0.9810855590602062
1297,/home/projects/bagon/shared/imagenet512/val/n02123045/ILSVRC2012_val_00033490.JPEG,77,8.537376403808594,0.00098419189453125,0.015094213149686297,0.9412963208775198,0.04613392147869316,47130,0.9710047415121306
1298,/home/projects/bagon/shared/imagenet512/val/n01644900/ILSVRC2012_val_00001938.JPEG,81,2.6567306518554688,0.0009613037109375,0.014576449473934317,0.7164101251567405,0.026936175602956164,47131,0.9810195402344589
1299,/home/projects/bagon/shared/imagenet512/val/n02107908/ILSVRC2012_val_00007054.JPEG,48,3.2253341674804688,0.00099945068359375,0.011774368102162446,0.6991577484120212,0.09169941775854856,47133,0.9891620645897575
1300,/home/projects/bagon/shared/imagenet512/val/n07734744/ILSVRC2012_val_00033742.JPEG,76,4.3939361572265625,0.00099945068359375,0.012285161429791386,0.7674821327580518,0.05255321273192731,47136,0.9864077242754781
1301,/home/projects/bagon/shared/imagenet512/val/n09428293/ILSVRC2012_val_00049343.JPEG,48,62.62102508544922,0.00099945068359375,0.013168634598007668,0.9989142921576211,0.13120642778740882,47139,0.9854207827666475
1302,/home/projects/bagon/shared/imagenet512/val/n13133613/ILSVRC2012_val_00012125.JPEG,106,7.2366943359375,0.0009918212890625,0.018066850931807994,0.7962089018263744,0.06941887135190672,47153,0.9530068988936297
1303,/home/projects/bagon/shared/imagenet512/val/n02494079/ILSVRC2012_val_00009682.JPEG,107,23.39350128173828,0.00099945068359375,0.020301138814793434,0.9868440273464648,0.04334558205290209,47157,0.9550176452925698
1304,/home/projects/bagon/shared/imagenet512/val/n02102480/ILSVRC2012_val_00001414.JPEG,80,3.5156326293945312,0.00098419189453125,0.015536671400659554,0.6483837731775366,0.017336300354414302,47182,0.9806084526769857
1305,/home/projects/bagon/shared/imagenet512/val/n03089624/ILSVRC2012_val_00007851.JPEG,64,38.145111083984375,0.00098419189453125,0.011523734313613315,0.9984806969397529,0.07876114424652464,47193,0.9884833050755342
1306,/home/projects/bagon/shared/imagenet512/val/n04229816/ILSVRC2012_val_00014358.JPEG,92,68.76675415039062,0.00099945068359375,0.018100436232446317,0.9982432867378032,0.06589578105409483,47198,0.971338696220684
1307,/home/projects/bagon/shared/imagenet512/val/n02086240/ILSVRC2012_val_00024776.JPEG,85,5.64569091796875,0.0009918212890625,0.01662060418968651,0.8776883978297383,0.09178328315014503,47204,0.9694768497872515
1308,/home/projects/bagon/shared/imagenet512/val/n04008634/ILSVRC2012_val_00014543.JPEG,65,20.569263458251953,0.000965118408203125,0.018911713815021273,0.9777028533185507,0.06373379868591653,47211,0.9690342060037566
1309,/home/projects/bagon/shared/imagenet512/val/n02791270/ILSVRC2012_val_00024066.JPEG,62,51.283958435058594,0.0009765625,0.015775692366996105,0.9985915237463753,0.01794672366272676,47217,0.9727792722966501
1310,/home/projects/bagon/shared/imagenet512/val/n07836838/ILSVRC2012_val_00008223.JPEG,68,13.734390258789062,0.0009918212890625,0.014137071540063127,0.9874547356352426,0.11281473166374184,47218,0.9853293359931065
1311,/home/projects/bagon/shared/imagenet512/val/n07718747/ILSVRC2012_val_00001951.JPEG,163,47.551612854003906,0.00099945068359375,0.015592188672306918,0.9987783311005526,0.05027390913760321,47221,0.9601872460662103
1312,/home/projects/bagon/shared/imagenet512/val/n02098105/ILSVRC2012_val_00021058.JPEG,52,9.52008056640625,0.0009918212890625,0.013051679075334778,0.9494946552318622,0.013412957987061325,47251,0.9836287233444639
1313,/home/projects/bagon/shared/imagenet512/val/n01756291/ILSVRC2012_val_00030553.JPEG,148,16.051109313964844,0.0009918212890625,0.023093810902236514,0.948703213709874,0.047820823313707905,47254,0.9634967529350518
1314,/home/projects/bagon/shared/imagenet512/val/n01749939/ILSVRC2012_val_00009059.JPEG,156,19.098876953125,0.00099945068359375,0.016455599928854814,0.9753604944119234,0.06685882805291748,47257,0.9855665945293222
1315,/home/projects/bagon/shared/imagenet512/val/n04008634/ILSVRC2012_val_00020190.JPEG,74,14.753463745117188,0.00098419189453125,0.021610475703165637,0.8354414140410116,0.03945639818919744,47277,0.9713122722016029
1316,/home/projects/bagon/shared/imagenet512/val/n04486054/ILSVRC2012_val_00046605.JPEG,126,4.521759033203125,0.00099945068359375,0.016843892517334855,0.8576901298963902,0.11440531181232172,47283,0.9735527723254633
1317,/home/projects/bagon/shared/imagenet512/val/n04599235/ILSVRC2012_val_00005449.JPEG,44,40.019493103027344,0.00093841552734375,0.010981911383460462,0.9986597298041199,0.060533347305052776,47311,0.9783983507105234
1318,/home/projects/bagon/shared/imagenet512/val/n01742172/ILSVRC2012_val_00014465.JPEG,129,24.700889587402344,0.00098419189453125,0.019499095678208272,0.9863805359981286,0.020382162447146634,47313,0.9547748495389421
1319,/home/projects/bagon/shared/imagenet512/val/n03666591/ILSVRC2012_val_00014322.JPEG,100,27.20458221435547,0.0009918212890625,0.018442907205679534,0.9870443256842607,0.04533637474142296,47315,0.9573119367241048
1320,/home/projects/bagon/shared/imagenet512/val/n03028079/ILSVRC2012_val_00008116.JPEG,96,37.32814025878906,0.00099945068359375,0.017087409018037125,0.9962844372392017,0.055577019542753736,47322,0.9535275968463548
1321,/home/projects/bagon/shared/imagenet512/val/n02101556/ILSVRC2012_val_00003301.JPEG,66,7.925163269042969,0.0009918212890625,0.012815863467406695,0.961579920379369,0.09032737358355775,47324,0.9855433638021227
1322,/home/projects/bagon/shared/imagenet512/val/n04423845/ILSVRC2012_val_00005959.JPEG,36,5.50201416015625,0.0009918212890625,0.00983378027868547,0.8902465491917038,0.11300952506634404,47326,0.9844197061988779
1323,/home/projects/bagon/shared/imagenet512/val/n01784675/ILSVRC2012_val_00047329.JPEG,110,5.606437683105469,0.00099945068359375,0.013913082245629003,0.8967978629887934,0.20256810022342442,47328,0.9911468526850568
1324,/home/projects/bagon/shared/imagenet512/val/n07614500/ILSVRC2012_val_00049702.JPEG,95,22.26638412475586,0.000972747802734375,0.016838144074370762,0.9853952293487052,0.029137898643648713,47329,0.9790087716148442
1325,/home/projects/bagon/shared/imagenet512/val/n03223299/ILSVRC2012_val_00036203.JPEG,65,46.24834442138672,0.0009613037109375,0.016553012229629977,0.9981741936326973,0.04490895912484205,47331,0.9700971441680438
1326,/home/projects/bagon/shared/imagenet512/val/n07753592/ILSVRC2012_val_00029906.JPEG,66,49.57291793823242,0.000965118408203125,0.016957037674082378,0.9967878337576387,0.04423731031821243,47340,0.9696885510438191
1327,/home/projects/bagon/shared/imagenet512/val/n02167151/ILSVRC2012_val_00030459.JPEG,104,13.018608093261719,0.0009765625,0.015829943024797236,0.9575906289733926,0.018867795058821635,47343,0.9808573695438323
1328,/home/projects/bagon/shared/imagenet512/val/n04275548/ILSVRC2012_val_00041309.JPEG,114,12.878349304199219,0.00099945068359375,0.019415277104755116,0.9500062144271431,0.033420663481227436,47366,0.9386219044477868
1329,/home/projects/bagon/shared/imagenet512/val/n03032252/ILSVRC2012_val_00007133.JPEG,100,19.349082946777344,0.0009918212890625,0.013512789967347928,0.9957344431762453,0.08610667172245384,47393,0.9771786844729019
1330,/home/projects/bagon/shared/imagenet512/val/n04435653/ILSVRC2012_val_00021105.JPEG,66,10.215560913085938,0.00098419189453125,0.013659109567353084,0.9730673897513875,0.04429675954033757,47399,0.985658210823279
1331,/home/projects/bagon/shared/imagenet512/val/n02999410/ILSVRC2012_val_00016847.JPEG,60,28.551475524902344,0.00099945068359375,0.01400830866214669,0.9977633487514199,0.024231864503908407,47407,0.9862466756157269
1332,/home/projects/bagon/shared/imagenet512/val/n03124170/ILSVRC2012_val_00003256.JPEG,42,3.3528289794921875,0.00093841552734375,0.012773621779914035,0.5871628620137337,0.03280959176970477,47415,0.982825641625393
1333,/home/projects/bagon/shared/imagenet512/val/n04086273/ILSVRC2012_val_00036488.JPEG,100,21.655426025390625,0.0009918212890625,0.01816615855890265,0.983748033811739,0.05588015406427149,47424,0.9715039455958902
1334,/home/projects/bagon/shared/imagenet512/val/n03658185/ILSVRC2012_val_00034022.JPEG,62,37.121734619140625,0.00098419189453125,0.013600205561887155,0.9969768000069483,0.1371344680013053,47428,0.9728331489703635
1335,/home/projects/bagon/shared/imagenet512/val/n04591157/ILSVRC2012_val_00006138.JPEG,105,17.403709411621094,0.0009918212890625,0.01847746287156495,0.9696884552762034,0.14092830526437133,47431,0.9551657445435653
1336,/home/projects/bagon/shared/imagenet512/val/n04152593/ILSVRC2012_val_00017005.JPEG,117,35.23047637939453,0.0009765625,0.022899188844879615,0.9766529151430721,0.1567939023174186,47449,0.9445548572769011
1337,/home/projects/bagon/shared/imagenet512/val/n03710637/ILSVRC2012_val_00035282.JPEG,77,17.735965728759766,0.000972747802734375,0.02105329031261257,0.8602125968136353,0.020245259126345283,47457,0.964425477596993
1338,/home/projects/bagon/shared/imagenet512/val/n02085782/ILSVRC2012_val_00033476.JPEG,101,10.660842895507812,0.00098419189453125,0.014919674306963615,0.9587952926107041,0.025550816326672304,47475,0.971237513247125
1339,/home/projects/bagon/shared/imagenet512/val/n02190166/ILSVRC2012_val_00036693.JPEG,60,17.205894470214844,0.0009765625,0.012348191578840303,0.9950145913242635,0.10640543011296161,47476,0.9803990723639765
1340,/home/projects/bagon/shared/imagenet512/val/n09428293/ILSVRC2012_val_00013774.JPEG,38,13.546470642089844,0.00099945068359375,0.012085286000544319,0.960474502359816,0.13557766080819494,47489,0.9849652555841626
1341,/home/projects/bagon/shared/imagenet512/val/n02091831/ILSVRC2012_val_00008812.JPEG,89,5.513359069824219,0.0009918212890625,0.015530167678661963,0.8979755822316565,0.0321960628315279,47498,0.9852118140968604
1342,/home/projects/bagon/shared/imagenet512/val/n03249569/ILSVRC2012_val_00014756.JPEG,56,24.87946319580078,0.0009765625,0.014581097012578731,0.9940436976417071,0.03591797425565957,47510,0.9815060392158951
1343,/home/projects/bagon/shared/imagenet512/val/n03095699/ILSVRC2012_val_00021583.JPEG,151,17.062759399414062,0.00099945068359375,0.016497194351107188,0.9912031080873156,0.0911647155998977,47527,0.9718915415036855
1344,/home/projects/bagon/shared/imagenet512/val/n02669723/ILSVRC2012_val_00005400.JPEG,144,34.30467224121094,0.00099945068359375,0.021775611149752468,0.9961536626137305,0.10254031417495751,47537,0.970661495350446
1345,/home/projects/bagon/shared/imagenet512/val/n01667114/ILSVRC2012_val_00004897.JPEG,154,22.939437866210938,0.00099945068359375,0.019627634139022333,0.993666973732421,0.03317987225476132,47541,0.9785256628029587
1346,/home/projects/bagon/shared/imagenet512/val/n03895866/ILSVRC2012_val_00038339.JPEG,115,36.40580368041992,0.000972747802734375,0.020516763307987806,0.996350730949827,0.05907064344468771,47548,0.974045643700704
1347,/home/projects/bagon/shared/imagenet512/val/n03908618/ILSVRC2012_val_00049972.JPEG,72,29.738555908203125,0.00099945068359375,0.013186416007594291,0.9969537065516416,0.03030085082137146,47578,0.9876356806455089
1348,/home/projects/bagon/shared/imagenet512/val/n03125729/ILSVRC2012_val_00000041.JPEG,61,26.940383911132812,0.0009765625,0.012696962713603713,0.9969477606688852,0.11490741821749514,47582,0.973149338963339
1349,/home/projects/bagon/shared/imagenet512/val/n02264363/ILSVRC2012_val_00012045.JPEG,114,45.35076904296875,0.0009918212890625,0.01822000444216794,0.998687792004391,0.021822073627208366,47590,0.9631772384020184
1350,/home/projects/bagon/shared/imagenet512/val/n02999410/ILSVRC2012_val_00015508.JPEG,67,19.441822052001953,0.000972747802734375,0.015418557439294513,0.9849470779819884,0.12250786843779976,47606,0.9839699639276484
1351,/home/projects/bagon/shared/imagenet512/val/n02009912/ILSVRC2012_val_00031170.JPEG,119,21.514480590820312,0.0009918212890625,0.01674262335730776,0.9930587071392538,0.1930187548055303,47611,0.9758061033490419
1352,/home/projects/bagon/shared/imagenet512/val/n02447366/ILSVRC2012_val_00019336.JPEG,89,70.77823638916016,0.00098419189453125,0.01584758647943815,0.998955861703904,0.08560216447340224,47621,0.9723703381121194
1353,/home/projects/bagon/shared/imagenet512/val/n07711569/ILSVRC2012_val_00011549.JPEG,91,24.340072631835938,0.00099945068359375,0.014327248454961456,0.998198181196474,0.26535333121817284,47631,0.9678338665865304
1354,/home/projects/bagon/shared/imagenet512/val/n02009912/ILSVRC2012_val_00001871.JPEG,137,41.75575256347656,0.00099945068359375,0.021813569344265163,0.9862264659340619,0.10300695163954798,47635,0.9594329412682915
1355,/home/projects/bagon/shared/imagenet512/val/n04040759/ILSVRC2012_val_00046601.JPEG,53,20.24786376953125,0.0009765625,0.012287778351242165,0.9959624823334547,0.06754510522414697,47637,0.9868910452730518
1356,/home/projects/bagon/shared/imagenet512/val/n02443114/ILSVRC2012_val_00019825.JPEG,102,15.017585754394531,0.00098419189453125,0.017116846622973414,0.9413988547427586,0.06776962193085356,47650,0.9703206500804107
1357,/home/projects/bagon/shared/imagenet512/val/n02607072/ILSVRC2012_val_00047682.JPEG,157,40.118995666503906,0.00099945068359375,0.017511912384158924,0.997181768059114,0.19195430073668512,47651,0.9452712688092545
1358,/home/projects/bagon/shared/imagenet512/val/n02229544/ILSVRC2012_val_00015068.JPEG,86,9.986831665039062,0.0009918212890625,0.015326350347235094,0.9258473131699587,0.17869149517150593,47652,0.9814461153060224
1359,/home/projects/bagon/shared/imagenet512/val/n01981276/ILSVRC2012_val_00049981.JPEG,103,45.30359649658203,0.00098419189453125,0.018042200990833833,0.99875867382653,0.03935075352887629,47654,0.9594092984181287
1360,/home/projects/bagon/shared/imagenet512/val/n03796401/ILSVRC2012_val_00045490.JPEG,71,15.129226684570312,0.00098419189453125,0.016401595332339796,0.9675788055580343,0.06303472257077081,47662,0.9687176278841693
1361,/home/projects/bagon/shared/imagenet512/val/n02226429/ILSVRC2012_val_00038662.JPEG,104,10.335273742675781,0.00098419189453125,0.018637672067515675,0.9195796224939148,0.010240852199721373,47670,0.9641342703085198
1362,/home/projects/bagon/shared/imagenet512/val/n04579432/ILSVRC2012_val_00006029.JPEG,44,3.7055931091308594,0.000972747802734375,0.011291814044933778,0.8239508298776419,0.15017321551084972,47681,0.990094924800145
1363,/home/projects/bagon/shared/imagenet512/val/n04209239/ILSVRC2012_val_00040307.JPEG,50,48.837928771972656,0.0009918212890625,0.011309302598830522,0.9986379099643291,0.023940267062357634,47685,0.9827975705942802
1364,/home/projects/bagon/shared/imagenet512/val/n02877765/ILSVRC2012_val_00012104.JPEG,71,57.35844802856445,0.000965118408203125,0.014578009603386838,0.9985924959675487,0.05930074682328723,47694,0.9733914515036287
1365,/home/projects/bagon/shared/imagenet512/val/n04285008/ILSVRC2012_val_00003049.JPEG,93,9.740455627441406,0.00098419189453125,0.014746747354068421,0.9101805345489243,0.015096901015778569,47698,0.9872742030926684
1366,/home/projects/bagon/shared/imagenet512/val/n07930864/ILSVRC2012_val_00037077.JPEG,42,3.0492172241210938,0.0009765625,0.012260553725734927,0.6353210667445219,0.19897266846562184,47699,0.9907355688745123
1367,/home/projects/bagon/shared/imagenet512/val/n01641577/ILSVRC2012_val_00034226.JPEG,86,19.23729705810547,0.00098419189453125,0.01580447124021566,0.9851739696458026,0.0592078708902421,47700,0.9813110778013017
1368,/home/projects/bagon/shared/imagenet512/val/n04443257/ILSVRC2012_val_00009808.JPEG,49,27.165184020996094,0.00099945068359375,0.011949352700547554,0.9965566355391635,0.16441583963842127,47705,0.9848415627310626
1369,/home/projects/bagon/shared/imagenet512/val/n03709823/ILSVRC2012_val_00032241.JPEG,55,13.558303833007812,0.00099945068359375,0.013965988996660444,0.9749426624465451,0.015229681576929388,47732,0.9891527737834769
1370,/home/projects/bagon/shared/imagenet512/val/n03976657/ILSVRC2012_val_00019249.JPEG,54,17.69280242919922,0.0009918212890625,0.014681457862406924,0.9439216323911046,0.05180299531224569,47734,0.9739781556215975
1371,/home/projects/bagon/shared/imagenet512/val/n01484850/ILSVRC2012_val_00031720.JPEG,89,37.99131774902344,0.00098419189453125,0.014572967913145357,0.997467980186378,0.024882865810174903,47741,0.9684526750884902
1372,/home/projects/bagon/shared/imagenet512/val/n02971356/ILSVRC2012_val_00040517.JPEG,55,65.73526000976562,0.00098419189453125,0.015163909640525641,0.9985526977978203,0.04462904612500007,47750,0.9721705086404568
1373,/home/projects/bagon/shared/imagenet512/val/n07873807/ILSVRC2012_val_00035995.JPEG,90,21.420616149902344,0.00099945068359375,0.014619443743757862,0.9966919703803064,0.08451984157951908,47756,0.9767840483157966
1374,/home/projects/bagon/shared/imagenet512/val/n07930864/ILSVRC2012_val_00033139.JPEG,45,20.691722869873047,0.000942230224609375,0.013356978023170091,0.9812452810540775,0.04569580882307489,47777,0.9672844209791887
1375,/home/projects/bagon/shared/imagenet512/val/n02107574/ILSVRC2012_val_00006191.JPEG,54,4.646247863769531,0.00098419189453125,0.013076290997279872,0.823745135918913,0.07098463232088764,47781,0.9911906233304214
1376,/home/projects/bagon/shared/imagenet512/val/n02119022/ILSVRC2012_val_00018381.JPEG,68,4.227455139160156,0.00098419189453125,0.015114872375865989,0.7466044247558661,0.009506540695876975,47813,0.9720112978848207
1377,/home/projects/bagon/shared/imagenet512/val/n01981276/ILSVRC2012_val_00002190.JPEG,163,79.21922302246094,0.0009918212890625,0.029399981786066696,0.9957514825812688,0.04743492283916295,47816,0.9638450337847506
1378,/home/projects/bagon/shared/imagenet512/val/n03485794/ILSVRC2012_val_00019769.JPEG,65,2.038330078125,0.0009918212890625,0.012482279049678474,0.6949177569405534,0.0434868414739874,47819,0.9814229531693396
1379,/home/projects/bagon/shared/imagenet512/val/n01784675/ILSVRC2012_val_00046086.JPEG,173,13.711372375488281,0.00099945068359375,0.014229817927732888,0.9894359423260067,0.02498902077008716,47821,0.9887719176463325
1380,/home/projects/bagon/shared/imagenet512/val/n04370456/ILSVRC2012_val_00033847.JPEG,61,14.587837219238281,0.0009918212890625,0.012238391016344474,0.9869562152136367,0.010840495874480771,47822,0.9812644925052341
1381,/home/projects/bagon/shared/imagenet512/val/n02108089/ILSVRC2012_val_00005263.JPEG,67,42.66510772705078,0.0009765625,0.014672979919832544,0.9978525792523775,0.011152192873191524,47824,0.9727591455464834
1382,/home/projects/bagon/shared/imagenet512/val/n02483708/ILSVRC2012_val_00026496.JPEG,114,33.05296325683594,0.00099945068359375,0.015463617907558421,0.9947656252312302,0.08400082448909105,47829,0.980974745572972
1383,/home/projects/bagon/shared/imagenet512/val/n02233338/ILSVRC2012_val_00022227.JPEG,97,96.61634826660156,0.00099945068359375,0.02102664656632873,0.9987681453626716,0.18863951531384993,47831,0.9641928862927255
1384,/home/projects/bagon/shared/imagenet512/val/n02979186/ILSVRC2012_val_00017775.JPEG,101,23.390525817871094,0.0009918212890625,0.023812332309771537,0.9291081807506851,0.04915208386923106,47839,0.9509714394415155
1385,/home/projects/bagon/shared/imagenet512/val/n03016953/ILSVRC2012_val_00031340.JPEG,100,23.35279083251953,0.0009918212890625,0.01688327189308986,0.9927425305691782,0.2823640607487645,47840,0.9635409371987953
1386,/home/projects/bagon/shared/imagenet512/val/n04356056/ILSVRC2012_val_00023952.JPEG,33,18.694961547851562,0.00093841552734375,0.012435465104214548,0.9789088871216503,0.12297807816582768,47856,0.9798005022458125
1387,/home/projects/bagon/shared/imagenet512/val/n04462240/ILSVRC2012_val_00030975.JPEG,73,50.67942810058594,0.00098419189453125,0.015304247923789798,0.9988465687654096,0.061128624269223025,47862,0.976509971318597
1388,/home/projects/bagon/shared/imagenet512/val/n02815834/ILSVRC2012_val_00040812.JPEG,56,4.109291076660156,0.000946044921875,0.01063705861644578,0.8610837777267517,0.04292025260238852,47871,0.9842699604624524
1389,/home/projects/bagon/shared/imagenet512/val/n02974003/ILSVRC2012_val_00031038.JPEG,107,12.666358947753906,0.0009918212890625,0.017904669751006973,0.8511389355617313,0.03515751602373901,47875,0.9505354465097254
1390,/home/projects/bagon/shared/imagenet512/val/n03179701/ILSVRC2012_val_00037234.JPEG,59,10.231269836425781,0.00098419189453125,0.016653227312318653,0.8953644819030779,0.030407046149468264,47882,0.9721095438941679
1391,/home/projects/bagon/shared/imagenet512/val/n04201297/ILSVRC2012_val_00033996.JPEG,91,9.62689208984375,0.00098419189453125,0.0140120186695347,0.9284940587403516,0.03100171283364586,47883,0.9834274948700414
1392,/home/projects/bagon/shared/imagenet512/val/n02113186/ILSVRC2012_val_00043803.JPEG,48,15.073348999023438,0.00098419189453125,0.012646099804937964,0.9738837227690829,0.06135422326906126,47885,0.9856495977401998
1393,/home/projects/bagon/shared/imagenet512/val/n04204347/ILSVRC2012_val_00019374.JPEG,70,29.618297576904297,0.000957489013671875,0.015753655029603356,0.9827193999528324,0.08967565354905455,47896,0.983390081613979
1394,/home/projects/bagon/shared/imagenet512/val/n03482405/ILSVRC2012_val_00039416.JPEG,104,27.690635681152344,0.0009765625,0.015271972027981634,0.9965445008061916,0.024552648995000648,47900,0.9811781023319238
1395,/home/projects/bagon/shared/imagenet512/val/n02107908/ILSVRC2012_val_00018589.JPEG,70,23.324111938476562,0.0009613037109375,0.01787464523193834,0.97730702398641,0.012218308055218008,47904,0.9806951941099736
1396,/home/projects/bagon/shared/imagenet512/val/n01644900/ILSVRC2012_val_00020180.JPEG,127,24.1195068359375,0.00098419189453125,0.019407568356797484,0.984415159251722,0.012099677634642425,47905,0.9680852231071897
1397,/home/projects/bagon/shared/imagenet512/val/n02105251/ILSVRC2012_val_00048748.JPEG,70,10.035560607910156,0.0009918212890625,0.015271951724314994,0.9412372780583047,0.01648155589754513,47907,0.9755264367376224
1398,/home/projects/bagon/shared/imagenet512/val/n09256479/ILSVRC2012_val_00026207.JPEG,119,53.29627990722656,0.0009765625,0.01673141288589069,0.9989045480015455,0.08945146690686487,47915,0.9694958264342394
1399,/home/projects/bagon/shared/imagenet512/val/n02939185/ILSVRC2012_val_00034236.JPEG,38,25.57434844970703,0.0009307861328125,0.010068731819645604,0.996842431726769,0.044773562757708774,47931,0.9896189222409645
1400,/home/projects/bagon/shared/imagenet512/val/n01664065/ILSVRC2012_val_00041713.JPEG,107,37.44720458984375,0.0009918212890625,0.016528311420293717,0.997883156918995,0.03176154702077788,47935,0.9779089375508815
1401,/home/projects/bagon/shared/imagenet512/val/n07871810/ILSVRC2012_val_00027403.JPEG,69,34.956764221191406,0.00099945068359375,0.013553466262159626,0.9974245774208652,0.05652185478199401,47950,0.9788003007240406
1402,/home/projects/bagon/shared/imagenet512/val/n04461696/ILSVRC2012_val_00047720.JPEG,87,60.027198791503906,0.00099945068359375,0.016377459272205318,0.9985493413406458,0.1258671371034785,47957,0.9323801735535501
1403,/home/projects/bagon/shared/imagenet512/val/n04479046/ILSVRC2012_val_00026699.JPEG,88,32.19923400878906,0.00098419189453125,0.01724767240413542,0.9974255068069737,0.11171157689572347,47962,0.9599664974583181
1404,/home/projects/bagon/shared/imagenet512/val/n04485082/ILSVRC2012_val_00001409.JPEG,62,23.630638122558594,0.00095367431640625,0.01515840707278961,0.9959691881548511,0.04278442043050504,47966,0.975035937074099
1405,/home/projects/bagon/shared/imagenet512/val/n02837789/ILSVRC2012_val_00034031.JPEG,89,54.937965393066406,0.00099945068359375,0.024900376076483703,0.9959401299217983,0.021883252099141742,47972,0.9545472062561903
1406,/home/projects/bagon/shared/imagenet512/val/n02109961/ILSVRC2012_val_00009148.JPEG,105,28.56488037109375,0.00099945068359375,0.01747130289652501,0.9862630155485594,0.13581813661986952,47986,0.9655759776783595
1407,/home/projects/bagon/shared/imagenet512/val/n03980874/ILSVRC2012_val_00005834.JPEG,106,51.42969512939453,0.00095367431640625,0.016598095935590758,0.997602794473912,0.36429472956728354,47989,0.9812193357984578
1408,/home/projects/bagon/shared/imagenet512/val/n03871628/ILSVRC2012_val_00021041.JPEG,53,36.506690979003906,0.00093841552734375,0.01522928150681948,0.9964317939729169,0.09717465475090134,47990,0.9817282484372379
1409,/home/projects/bagon/shared/imagenet512/val/n02123159/ILSVRC2012_val_00046457.JPEG,43,18.48981475830078,0.000946044921875,0.012113277098894964,0.9676180528621134,0.047800027472094775,48010,0.9801911124820488
1410,/home/projects/bagon/shared/imagenet512/val/n03297495/ILSVRC2012_val_00041481.JPEG,72,32.79347229003906,0.0009918212890625,0.019054471759087838,0.972018503098878,0.04064326319815298,48012,0.9786892058328047
1411,/home/projects/bagon/shared/imagenet512/val/n02169497/ILSVRC2012_val_00023833.JPEG,99,32.03315734863281,0.00098419189453125,0.018902023402486978,0.99241083043514,0.07408102980286901,48020,0.9697104991330003
1412,/home/projects/bagon/shared/imagenet512/val/n01641577/ILSVRC2012_val_00009563.JPEG,122,43.93111038208008,0.000972747802734375,0.015991815251855803,0.9979457615458545,0.05902769270604308,48023,0.9804860083913608
1413,/home/projects/bagon/shared/imagenet512/val/n02107142/ILSVRC2012_val_00036045.JPEG,72,66.5914306640625,0.0009765625,0.014174412410638805,0.9986757159860518,0.015762864627671347,48024,0.9767183718276801
1414,/home/projects/bagon/shared/imagenet512/val/n04238763/ILSVRC2012_val_00030423.JPEG,262,106.25471496582031,0.0009918212890625,0.0335497907612408,0.9987525606998687,0.020781430679623708,48031,0.9289612017191896
1415,/home/projects/bagon/shared/imagenet512/val/n07875152/ILSVRC2012_val_00037968.JPEG,105,91.524169921875,0.00098419189453125,0.018139106395725108,0.9989172696017202,0.05675339375391453,48036,0.9612403576573199
1416,/home/projects/bagon/shared/imagenet512/val/n03782006/ILSVRC2012_val_00036107.JPEG,78,14.192420959472656,0.00099945068359375,0.018355169651821848,0.8944627726542098,0.020664924392744533,48047,0.9673513748346586
1417,/home/projects/bagon/shared/imagenet512/val/n04557648/ILSVRC2012_val_00023524.JPEG,66,27.738170623779297,0.000957489013671875,0.018729623270893392,0.983902924345826,0.08838823433114201,48048,0.9557342097985948
1418,/home/projects/bagon/shared/imagenet512/val/n07720875/ILSVRC2012_val_00038872.JPEG,82,51.722251892089844,0.0009918212890625,0.012968393565550828,0.9985812675441353,0.005301367513580374,48050,0.9907026948287343
1419,/home/projects/bagon/shared/imagenet512/val/n13040303/ILSVRC2012_val_00000967.JPEG,166,22.687103271484375,0.00099945068359375,0.01979448149284252,0.9935182101776636,0.153886340702296,48051,0.9772755421871148
1420,/home/projects/bagon/shared/imagenet512/val/n03459775/ILSVRC2012_val_00025067.JPEG,120,10.159469604492188,0.0009765625,0.017435503193122124,0.9569690540567266,0.07565384029689454,48067,0.9731394025305937
1421,/home/projects/bagon/shared/imagenet512/val/n02226429/ILSVRC2012_val_00002904.JPEG,152,35.53619384765625,0.0009918212890625,0.024276121133760875,0.9970445403787704,0.05947001276783298,48085,0.9683287953128641
1422,/home/projects/bagon/shared/imagenet512/val/n03871628/ILSVRC2012_val_00047844.JPEG,57,34.7919807434082,0.000972747802734375,0.01397402791161232,0.9929552208497778,0.015508643855342702,48106,0.9791390784146156
1423,/home/projects/bagon/shared/imagenet512/val/n02087046/ILSVRC2012_val_00011748.JPEG,66,8.378082275390625,0.0009765625,0.014212968972057205,0.8909513898786227,0.03195677731676705,48112,0.9916442136965294
1424,/home/projects/bagon/shared/imagenet512/val/n04264628/ILSVRC2012_val_00024474.JPEG,57,36.4761962890625,0.0009918212890625,0.01469631276901739,0.9966500083330647,0.018957568699174865,48115,0.96561179872993
1425,/home/projects/bagon/shared/imagenet512/val/n07734744/ILSVRC2012_val_00011179.JPEG,63,13.450233459472656,0.00098419189453125,0.01505888821382297,0.9324475822374035,0.047075689936302956,48117,0.9731730528859277
1426,/home/projects/bagon/shared/imagenet512/val/n04592741/ILSVRC2012_val_00018394.JPEG,62,7.1888885498046875,0.0009918212890625,0.013530827383734088,0.9035983504152945,0.03955588994375789,48132,0.981144580157909
1427,/home/projects/bagon/shared/imagenet512/val/n02666196/ILSVRC2012_val_00031659.JPEG,100,24.662376403808594,0.00099945068359375,0.014599941574182443,0.9953134561510938,0.05224195300158224,48134,0.9831260858283408
1428,/home/projects/bagon/shared/imagenet512/val/n07836838/ILSVRC2012_val_00007307.JPEG,107,85.67943572998047,0.0009765625,0.02000695822040395,0.998832815315678,0.11664632835050795,48137,0.9553585993155733
1429,/home/projects/bagon/shared/imagenet512/val/n04532106/ILSVRC2012_val_00043135.JPEG,104,20.656982421875,0.00098419189453125,0.017043855929527767,0.9964179029051685,0.055772647446806184,48141,0.9762222706979697
1430,/home/projects/bagon/shared/imagenet512/val/n02486261/ILSVRC2012_val_00047375.JPEG,95,32.684791564941406,0.0009918212890625,0.01890377233566945,0.9946907713930486,0.00837849678704089,48144,0.9803612026977833
1431,/home/projects/bagon/shared/imagenet512/val/n03485794/ILSVRC2012_val_00017018.JPEG,42,10.839340209960938,0.0009918212890625,0.01082035562214961,0.9645018134523419,0.0930759328528199,48150,0.9909446100645203
1432,/home/projects/bagon/shared/imagenet512/val/n01978455/ILSVRC2012_val_00029812.JPEG,123,21.945541381835938,0.00096893310546875,0.022582751503243282,0.9774577784753313,0.012363855427187487,48159,0.9531889627756556
1433,/home/projects/bagon/shared/imagenet512/val/n02783161/ILSVRC2012_val_00038879.JPEG,67,8.744987487792969,0.00098419189453125,0.013169485947138399,0.9543924624947762,0.10502527525228594,48166,0.9834795847783617
1434,/home/projects/bagon/shared/imagenet512/val/n03133878/ILSVRC2012_val_00046378.JPEG,87,81.70620346069336,0.000957489013671875,0.021448028096383038,0.9985170850900784,0.00640446107221454,48171,0.9708099945952975
1435,/home/projects/bagon/shared/imagenet512/val/n07716358/ILSVRC2012_val_00034308.JPEG,149,6.04913330078125,0.0009918212890625,0.017279809414615096,0.9121553213765468,0.023938736375044345,48176,0.9803670312703702
1436,/home/projects/bagon/shared/imagenet512/val/n03146219/ILSVRC2012_val_00026216.JPEG,106,21.995357513427734,0.000957489013671875,0.0198886135134155,0.9836041780160553,0.05620733326326194,48183,0.9787100935837579
1437,/home/projects/bagon/shared/imagenet512/val/n02093647/ILSVRC2012_val_00045493.JPEG,113,20.68616485595703,0.0009918212890625,0.014216289470607948,0.9979194535114685,0.0710882066559087,48185,0.9835135398808652
1438,/home/projects/bagon/shared/imagenet512/val/n03868863/ILSVRC2012_val_00042990.JPEG,61,23.614479064941406,0.00098419189453125,0.01353434219075839,0.9979142741947542,0.02247284294403351,48192,0.9787301072086235
1439,/home/projects/bagon/shared/imagenet512/val/n02112137/ILSVRC2012_val_00022867.JPEG,96,54.067100524902344,0.00096893310546875,0.01890327702253063,0.9969004810889365,0.07046941150932426,48198,0.9656574695142517
1440,/home/projects/bagon/shared/imagenet512/val/n03929660/ILSVRC2012_val_00008406.JPEG,109,26.753868103027344,0.00099945068359375,0.017308631096768185,0.9876191804061296,0.15476828374201268,48199,0.9421693906678079
1441,/home/projects/bagon/shared/imagenet512/val/n02093256/ILSVRC2012_val_00009949.JPEG,72,15.198204040527344,0.0009918212890625,0.016633770465515826,0.98250889459005,0.02130225539186606,48205,0.9615513690058031
1442,/home/projects/bagon/shared/imagenet512/val/n12144580/ILSVRC2012_val_00007468.JPEG,34,2.7555160522460938,0.00098419189453125,0.009331889520707395,0.6315439329061486,0.062013797993693554,48207,0.9941225683581164
1443,/home/projects/bagon/shared/imagenet512/val/n04033995/ILSVRC2012_val_00024387.JPEG,61,20.038951873779297,0.000965118408203125,0.0127513918496116,0.9927306599398122,0.03972022012378246,48217,0.9796442163215046
1444,/home/projects/bagon/shared/imagenet512/val/n02088466/ILSVRC2012_val_00017511.JPEG,78,31.9486083984375,0.0009765625,0.013207124741118889,0.9978812342271153,0.011684926261679912,48219,0.9838176781929419
1445,/home/projects/bagon/shared/imagenet512/val/n03773504/ILSVRC2012_val_00011773.JPEG,122,41.993263244628906,0.00099945068359375,0.021987037158874907,0.998128047024183,0.06914891581875382,48226,0.9465618315131932
1446,/home/projects/bagon/shared/imagenet512/val/n03476991/ILSVRC2012_val_00024023.JPEG,69,30.239120483398438,0.00099945068359375,0.01659939238857286,0.9899150319411266,0.05892300160476788,48232,0.974054366848408
1447,/home/projects/bagon/shared/imagenet512/val/n04069434/ILSVRC2012_val_00049582.JPEG,100,32.93206787109375,0.00099945068359375,0.02036011243060233,0.9915730568183831,0.027687916400323476,48237,0.9649208723041041
1448,/home/projects/bagon/shared/imagenet512/val/n04429376/ILSVRC2012_val_00049487.JPEG,90,37.85810852050781,0.0009918212890625,0.017436249508682965,0.9979021340454431,0.01699550583443571,48241,0.9872276298439129
1449,/home/projects/bagon/shared/imagenet512/val/n03804744/ILSVRC2012_val_00027879.JPEG,73,44.297630310058594,0.0009613037109375,0.01470037283446322,0.9986091453324857,0.016267175537045736,48257,0.9583572789752125
1450,/home/projects/bagon/shared/imagenet512/val/n01667778/ILSVRC2012_val_00002832.JPEG,82,15.316184997558594,0.0009918212890625,0.015357565807975317,0.9775302671305974,0.1120770034871304,48260,0.9842556867800226
1451,/home/projects/bagon/shared/imagenet512/val/n04239074/ILSVRC2012_val_00015676.JPEG,53,36.40949249267578,0.0009918212890625,0.013754596687705251,0.9984870562340248,0.08677399772394237,48265,0.981283094962415
1452,/home/projects/bagon/shared/imagenet512/val/n01644900/ILSVRC2012_val_00005450.JPEG,116,40.37113952636719,0.00099945068359375,0.016517916525775205,0.9976306748139017,0.10912613609378877,48268,0.9752434438946951
1453,/home/projects/bagon/shared/imagenet512/val/n03461385/ILSVRC2012_val_00010291.JPEG,39,24.99304962158203,0.00099945068359375,0.011192988154563136,0.9962999334087775,0.0806248105312592,48271,0.9928152655574182
1454,/home/projects/bagon/shared/imagenet512/val/n01729977/ILSVRC2012_val_00048574.JPEG,89,24.297119140625,0.0009765625,0.01573311196682748,0.9923278040339683,0.08721999638697173,48274,0.9675226303222748
1455,/home/projects/bagon/shared/imagenet512/val/n02268853/ILSVRC2012_val_00018455.JPEG,146,22.810081481933594,0.0009918212890625,0.0205874708390231,0.9912349866786143,0.10376897930413148,48275,0.9621415628617659
1456,/home/projects/bagon/shared/imagenet512/val/n03874599/ILSVRC2012_val_00024366.JPEG,112,18.929306030273438,0.00099945068359375,0.01610955595829628,0.9934891833761947,0.09619944079049408,48282,0.9801163460395957
1457,/home/projects/bagon/shared/imagenet512/val/n03983396/ILSVRC2012_val_00032559.JPEG,83,17.244522094726562,0.00099945068359375,0.014511601530922211,0.995754544010532,0.012476606584647165,48288,0.9797777215392377
1458,/home/projects/bagon/shared/imagenet512/val/n01496331/ILSVRC2012_val_00023916.JPEG,79,13.787071228027344,0.00098419189453125,0.013815247031622414,0.9848965161704482,0.04564430241760703,48304,0.9805689567965357
1459,/home/projects/bagon/shared/imagenet512/val/n02120505/ILSVRC2012_val_00015781.JPEG,75,27.694862365722656,0.00099945068359375,0.01527053366034431,0.9928649631798157,0.02648272895107104,48312,0.9745241460758574
1460,/home/projects/bagon/shared/imagenet512/val/n02442845/ILSVRC2012_val_00002307.JPEG,107,16.46790313720703,0.0009918212890625,0.018941130197133275,0.9762044672623869,0.05335303500358593,48322,0.9493783593119113
1461,/home/projects/bagon/shared/imagenet512/val/n04443257/ILSVRC2012_val_00026837.JPEG,52,40.683135986328125,0.00099945068359375,0.013459970390939048,0.9973018535763487,0.0316755966821502,48331,0.9808537017597744
1462,/home/projects/bagon/shared/imagenet512/val/n03482405/ILSVRC2012_val_00032420.JPEG,75,52.87574005126953,0.00098419189453125,0.016220421121083285,0.9982240653879236,0.006471453577872849,48336,0.981528016167276
1463,/home/projects/bagon/shared/imagenet512/val/n01739381/ILSVRC2012_val_00017269.JPEG,83,66.78015899658203,0.0009918212890625,0.01607828807662894,0.9987640465308265,0.007927540618572149,48339,0.934907350076028
1464,/home/projects/bagon/shared/imagenet512/val/n01773549/ILSVRC2012_val_00011808.JPEG,102,28.52979278564453,0.00099945068359375,0.01643505132799455,0.9958185219101051,0.04172054242842013,48344,0.9576298893537193
1465,/home/projects/bagon/shared/imagenet512/val/n03065424/ILSVRC2012_val_00010445.JPEG,60,25.886825561523438,0.0009765625,0.013014088476111275,0.9939444682121306,0.07362545030594542,48355,0.9648514003489169
1466,/home/projects/bagon/shared/imagenet512/val/n07932039/ILSVRC2012_val_00020391.JPEG,91,28.917076110839844,0.00099945068359375,0.018871525128948886,0.9936172636492562,0.1328821066376239,48356,0.9694562585269718
1467,/home/projects/bagon/shared/imagenet512/val/n03250847/ILSVRC2012_val_00020992.JPEG,53,17.550674438476562,0.0009918212890625,0.011263345909473348,0.9948906863119878,0.0627439974890282,48358,0.9813402964481204
1468,/home/projects/bagon/shared/imagenet512/val/n09193705/ILSVRC2012_val_00000002.JPEG,135,32.55030059814453,0.0009918212890625,0.01833485824244598,0.9974985683324333,0.18019175440836327,48366,0.9661796515283971
1469,/home/projects/bagon/shared/imagenet512/val/n02097474/ILSVRC2012_val_00038867.JPEG,161,12.477066040039062,0.00098419189453125,0.02431555327998392,0.9440749493012595,0.011657922816655897,48371,0.9582795130250961
1470,/home/projects/bagon/shared/imagenet512/val/n02669723/ILSVRC2012_val_00029372.JPEG,204,23.704055786132812,0.00099945068359375,0.026990638377573702,0.9733469035722512,0.04674891176368581,48374,0.9472511380646815
1471,/home/projects/bagon/shared/imagenet512/val/n03868863/ILSVRC2012_val_00000549.JPEG,69,51.876792907714844,0.0009765625,0.02019404214994097,0.994807899436102,0.06990061324288621,48375,0.9722629604582994
1472,/home/projects/bagon/shared/imagenet512/val/n02835271/ILSVRC2012_val_00000953.JPEG,145,10.172966003417969,0.00099945068359375,0.02102512548884669,0.9303594183772262,0.025081109077475572,48377,0.958517884784944
1473,/home/projects/bagon/shared/imagenet512/val/n09332890/ILSVRC2012_val_00043221.JPEG,50,42.00493621826172,0.00096893310546875,0.01612345344988085,0.9977981001136338,0.06261154175286995,48378,0.9658330119545362
1474,/home/projects/bagon/shared/imagenet512/val/n04560804/ILSVRC2012_val_00049563.JPEG,18,5.940338134765625,0.00093841552734375,0.007818754773963462,0.871886062617645,0.021197214815960624,48382,0.9934013522182064
1475,/home/projects/bagon/shared/imagenet512/val/n02012849/ILSVRC2012_val_00000389.JPEG,73,14.852424621582031,0.00098419189453125,0.013317021255916712,0.9245174507379351,0.040802237935498836,48385,0.9754605834856007
1476,/home/projects/bagon/shared/imagenet512/val/n01729977/ILSVRC2012_val_00026022.JPEG,105,8.247962951660156,0.00098419189453125,0.016281229867489155,0.9591960627488034,0.02010518404349501,48389,0.971493104340294
1477,/home/projects/bagon/shared/imagenet512/val/n02093754/ILSVRC2012_val_00031249.JPEG,84,29.578109741210938,0.00099945068359375,0.015955462345642046,0.9921525921392849,0.05759213758538764,48391,0.9676426512595897
1478,/home/projects/bagon/shared/imagenet512/val/n01693334/ILSVRC2012_val_00029005.JPEG,96,79.5737075805664,0.0009765625,0.016887286357037987,0.998739812110781,0.020283746089918064,48392,0.9738350968881018
1479,/home/projects/bagon/shared/imagenet512/val/n02999410/ILSVRC2012_val_00013171.JPEG,94,37.112640380859375,0.0009765625,0.02052289005939973,0.9954356386619871,0.023858363569186525,48395,0.9436921634034423
1480,/home/projects/bagon/shared/imagenet512/val/n02100877/ILSVRC2012_val_00041739.JPEG,99,23.868064880371094,0.00099945068359375,0.01650559796038954,0.9890158229869852,0.043536042823064836,48397,0.9624344860724193
1481,/home/projects/bagon/shared/imagenet512/val/n02808440/ILSVRC2012_val_00027065.JPEG,66,73.54879760742188,0.00099945068359375,0.019030633665850005,0.9984375613467098,0.048796730225180884,48407,0.9609071816990338
1482,/home/projects/bagon/shared/imagenet512/val/n03950228/ILSVRC2012_val_00009598.JPEG,58,31.44866180419922,0.0009918212890625,0.015709951149658705,0.9908022195797004,0.07021197217405092,48410,0.9763552781081841
1483,/home/projects/bagon/shared/imagenet512/val/n02895154/ILSVRC2012_val_00008471.JPEG,52,15.941486358642578,0.000972747802734375,0.014413731121770346,0.8965292825879806,0.03949353173846268,48412,0.9834769725395051
1484,/home/projects/bagon/shared/imagenet512/val/n03781244/ILSVRC2012_val_00005293.JPEG,59,20.291831970214844,0.00098419189453125,0.012029379000498691,0.9925524304956861,0.12622858191262154,48413,0.9839383893312335
1485,/home/projects/bagon/shared/imagenet512/val/n03729826/ILSVRC2012_val_00048290.JPEG,60,18.02771759033203,0.00098419189453125,0.012826982931027514,0.9897526437472086,0.05489445293394846,48420,0.9750476181009152
1486,/home/projects/bagon/shared/imagenet512/val/n04296562/ILSVRC2012_val_00038146.JPEG,51,37.31096649169922,0.00093841552734375,0.013209495560271659,0.9988104566292493,0.04648225445078441,48421,0.9834793307748121
1487,/home/projects/bagon/shared/imagenet512/val/n03642806/ILSVRC2012_val_00037062.JPEG,37,13.073078155517578,0.000942230224609375,0.013500540679969007,0.9150814701281578,0.14625272487937604,48428,0.9914616916505037
1488,/home/projects/bagon/shared/imagenet512/val/n02666196/ILSVRC2012_val_00029302.JPEG,81,31.20848846435547,0.0009918212890625,0.01366413156449305,0.9971753567629322,0.05562389391847983,48432,0.980530313791392
1489,/home/projects/bagon/shared/imagenet512/val/n03180011/ILSVRC2012_val_00037573.JPEG,77,20.477783203125,0.0009765625,0.02134604781105263,0.9141080627276033,0.15885698505117468,48435,0.94931097759153
1490,/home/projects/bagon/shared/imagenet512/val/n03657121/ILSVRC2012_val_00024770.JPEG,94,12.210807800292969,0.00099945068359375,0.01503175080750077,0.9693997733539644,0.19832334473310165,48436,0.9812128752054489
1491,/home/projects/bagon/shared/imagenet512/val/n03032252/ILSVRC2012_val_00015013.JPEG,61,8.462661743164062,0.00099945068359375,0.014327680038325906,0.9315972137940629,0.11748684488125777,48440,0.9839846810877638
1492,/home/projects/bagon/shared/imagenet512/val/n02119789/ILSVRC2012_val_00032528.JPEG,56,19.066734313964844,0.00098419189453125,0.01544870489051839,0.9851561094681971,0.06605835591124362,48442,0.966027440346343
1493,/home/projects/bagon/shared/imagenet512/val/n01667778/ILSVRC2012_val_00011766.JPEG,101,23.63153839111328,0.0009918212890625,0.0194524054389009,0.9948609836978963,0.010764386425584499,48443,0.9533539691734535
1494,/home/projects/bagon/shared/imagenet512/val/n04328186/ILSVRC2012_val_00011103.JPEG,76,66.21833038330078,0.00098419189453125,0.02060425331632297,0.9967080549116809,0.04283136467512014,48447,0.9692144119696166
1495,/home/projects/bagon/shared/imagenet512/val/n02403003/ILSVRC2012_val_00042064.JPEG,64,43.55072784423828,0.0009918212890625,0.017663496322048926,0.9970352693529492,0.022874269179829848,48459,0.9569526792489037
1496,/home/projects/bagon/shared/imagenet512/val/n04522168/ILSVRC2012_val_00047813.JPEG,71,101.75680541992188,0.0009765625,0.016613949763301564,0.9988329737176442,0.05104203001094765,48461,0.9733024523909625
1497,/home/projects/bagon/shared/imagenet512/val/n03347037/ILSVRC2012_val_00026726.JPEG,68,17.701019287109375,0.0009918212890625,0.011557840524553888,0.9963968370458428,0.16007465731486833,48465,0.9851486980094756
1498,/home/projects/bagon/shared/imagenet512/val/n01955084/ILSVRC2012_val_00015597.JPEG,114,25.039588928222656,0.00099945068359375,0.014312716312278876,0.9981743378063543,0.07596485292632521,48468,0.990933425965368
1499,/home/projects/bagon/shared/imagenet512/val/n03804744/ILSVRC2012_val_00028227.JPEG,99,23.395519256591797,0.000965118408203125,0.017184903148858885,0.9907210722273708,0.09856303311905049,48469,0.9755012147699847
