2025-09-23 07:04:26,093 - INFO - Parsed arguments:
2025-09-23 07:04:26,093 - INFO -   amp_dtype = None
2025-09-23 07:04:26,093 - INFO -   bars_npy = /home/projects/bagon/andreyg/Projects/BMM_school/Universal_learning/Programming/bars/geq6wrong_21017_geq6correct_1525_imagenet.npy
2025-09-23 07:04:26,093 - INFO -   cka_layer_fraction = 0.05
2025-09-23 07:04:26,093 - INFO -   current_worker = 2
2025-09-23 07:04:26,093 - INFO -   deterministic = True
2025-09-23 07:04:26,093 - INFO -   device = cuda
2025-09-23 07:04:26,094 - INFO -   epsilon = 0.001
2025-09-23 07:04:26,094 - INFO -   examples_csv = /home/projects/bagon/andreyg/Projects/BMM_school/Universal_learning/Programming/bars/geq6wrong_21017_geq6correct_1525_imagenet_examples_ammended.csv
2025-09-23 07:04:26,094 - INFO -   explicit_examples_for_training = None
2025-09-23 07:04:26,094 - INFO -   grad_clip_norm = 1.0
2025-09-23 07:04:26,094 - INFO -   hierarchy_json = /home/projects/bagon/andreyg/Projects/BMM_school/Universal_learning/Programming/bars/imagenet_synset_hierarchy.json
2025-09-23 07:04:26,094 - INFO -   imagenet_models_csv = /home/projects/bagon/andreyg/Projects/BMM_school/Universal_learning/Programming/bars/imagenet_models.csv
2025-09-23 07:04:26,094 - INFO -   lr = 0.0001
2025-09-23 07:04:26,094 - INFO -   max_examples = 50000
2025-09-23 07:04:26,094 - INFO -   max_steps_per_example = 10000
2025-09-23 07:04:26,094 - INFO -   model_csv_name = efficientvit_base_0_224_classification_imagenet_1k
2025-09-23 07:04:26,094 - INFO -   model_name = efficientvit_b0.r224_in1k
2025-09-23 07:04:26,094 - INFO -   no_amp = False
2025-09-23 07:04:26,094 - INFO -   num_workers = 8
2025-09-23 07:04:26,094 - INFO -   output_dir = /home/projects/bagon/andreyg/Projects/BMM_school/Universal_learning/Programming/training_gradient_evaluator_single_loss_parallel/output_parallel_8_workers_trial_3
2025-09-23 07:04:26,094 - INFO -   root_dir = None
2025-09-23 07:04:26,094 - INFO -   seed = 1337
2025-09-23 07:04:26,094 - INFO -   time_limit_seconds = 6300
2025-09-23 07:04:26,094 - INFO -   weight_decay = 0.0
2025-09-23 07:04:26,094 - INFO -   zero_aug_train = False
2025-09-23 07:04:26,951 - INFO - Loaded TIMM pretrained weights for efficientvit_b0.r224_in1k
2025-09-23 07:04:26,951 - INFO - pretrained_cfg.url= hf_hub_id=timm/efficientvit_b0.r224_in1k
2025-09-23 07:04:27,230 - INFO - Training configuration:
2025-09-23 07:04:27,230 - INFO -   lr = 0.0001
2025-09-23 07:04:27,230 - INFO -   weight_decay = 0.0
2025-09-23 07:04:27,230 - INFO -   max_steps = 10000
2025-09-23 07:04:27,230 - INFO -   epsilon = 0.001
2025-09-23 07:04:27,230 - INFO -   device = cuda
2025-09-23 07:04:27,230 - INFO -   use_amp = True
2025-09-23 07:04:27,230 - INFO -   amp_dtype = None
2025-09-23 07:04:27,230 - INFO -   gradient_clip_norm = 1.0
2025-09-23 07:04:34,566 - INFO - Global worker partitions (by ordered examples): [0, 1587) [1587, 3174) [3174, 4761) [4761, 6348) [6348, 7935) [7935, 9521) [9521, 11107) [11107, 12693)
2025-09-23 07:04:34,567 - INFO - Assigned slice for worker 2/8: [3174, 4761) with 1587 examples
2025-09-23 07:04:34,568 - INFO - Assigned universal ranks (1587): 36219, 36220, 36222, 36223, 36224, 36225, 36226, 36228, 36229, 36231, 36232, 36233, 36234, 36235, 36236, 36240, 36242, 36244, 36246, 36247, 36248, 36251, 36253, 36254, 36255, 36256, 36257, 36258, 36259, 36263, 36265, 36268, 36273, 36276, 36277, 36278, 36279, 36281, 36282, 36284, 36285, 36287, 36291, 36294, 36295, 36297, 36298, 36306, 36307, 36311, 36312, 36313, 36317, 36319, 36321, 36323, 36327, 36328, 36329, 36331, 36332, 36333, 36336, 36337, 36338, 36339, 36341, 36347, 36351, 36352, 36353, 36354, 36355, 36357, 36359, 36362, 36363, 36366, 36368, 36369, 36373, 36375, 36378, 36379, 36380, 36381, 36382, 36384, 36385, 36386, 36387, 36388, 36389, 36390, 36391, 36392, 36395, 36396, 36399, 36401, 36406, 36407, 36408, 36409, 36411, 36413, 36416, 36417, 36418, 36419, 36421, 36422, 36426, 36428, 36431, 36435, 36436, 36437, 36438, 36439, 36441, 36442, 36443, 36444, 36445, 36446, 36448, 36449, 36452, 36464, 36465, 36466, 36469, 36471, 36472, 36473, 36477, 36479, 36480, 36482, 36483, 36485, 36488, 36489, 36490, 36491, 36494, 36498, 36500, 36501, 36502, 36505, 36507, 36508, 36510, 36511, 36512, 36513, 36514, 36515, 36516, 36518, 36519, 36523, 36525, 36530, 36533, 36536, 36537, 36539, 36540, 36541, 36542, 36543, 36544, 36546, 36547, 36549, 36550, 36551, 36552, 36553, 36558, 36559, 36563, 36564, 36565, 36566, 36567, 36568, 36571, 36577, 36578, 36580, 36581, 36583, 36584, 36586, 36587, 36590, 36594, 36596, 36597, 36598, 36599, 36600, 36601, 36603, 36604, 36606, 36607, 36608, 36609, 36610, 36611, 36615, 36623, 36625, 36626, 36630, 36631, 36632, 36633, 36636, 36637, 36641, 36644, 36645, 36649, 36650, 36651, 36652, 36653, 36655, 36656, 36657, 36658, 36659, 36661, 36667, 36672, 36673, 36674, 36676, 36677, 36678, 36679, 36680, 36682, 36683, 36684, 36685, 36687, 36691, 36695, 36696, 36698, 36700, 36702, 36707, 36708, 36709, 36710, 36711, 36712, 36713, 36714, 36716, 36718, 36719, 36721, 36723, 36724, 36727, 36728, 36729, 36730, 36732, 36733, 36736, 36738, 36740, 36741, 36743, 36744, 36749, 36752, 36753, 36754, 36756, 36757, 36758, 36759, 36760, 36761, 36763, 36764, 36766, 36771, 36772, 36773, 36774, 36776, 36777, 36779, 36780, 36782, 36786, 36790, 36793, 36794, 36795, 36796, 36797, 36798, 36801, 36802, 36803, 36804, 36807, 36816, 36817, 36819, 36820, 36821, 36823, 36824, 36826, 36827, 36828, 36830, 36832, 36834, 36843, 36844, 36846, 36847, 36849, 36852, 36853, 36854, 36855, 36856, 36859, 36860, 36861, 36863, 36865, 36866, 36867, 36869, 36870, 36871, 36872, 36873, 36874, 36875, 36876, 36877, 36878, 36884, 36885, 36887, 36888, 36889, 36890, 36891, 36892, 36893, 36894, 36895, 36896, 36897, 36898, 36902, 36905, 36906, 36907, 36908, 36909, 36910, 36911, 36915, 36917, 36918, 36921, 36924, 36926, 36928, 36932, 36933, 36934, 36935, 36936, 36937, 36938, 36940, 36941, 36942, 36944, 36945, 36947, 36948, 36951, 36952, 36953, 36954, 36957, 36959, 36960, 36961, 36963, 36966, 36967, 36973, 36974, 36976, 36978, 36979, 36980, 36982, 36984, 36985, 36986, 36987, 36988, 36989, 36990, 36991, 36992, 36994, 37000, 37001, 37004, 37005, 37006, 37007, 37008, 37009, 37010, 37011, 37017, 37018, 37025, 37026, 37027, 37028, 37030, 37031, 37032, 37037, 37038, 37039, 37043, 37044, 37052, 37055, 37056, 37057, 37058, 37060, 37061, 37062, 37063, 37065, 37073, 37074, 37079, 37080, 37081, 37082, 37084, 37086, 37087, 37088, 37089, 37090, 37092, 37094, 37095, 37098, 37099, 37103, 37105, 37107, 37110, 37112, 37113, 37114, 37116, 37117, 37121, 37125, 37130, 37132, 37133, 37134, 37135, 37137, 37138, 37139, 37140, 37141, 37142, 37143, 37144, 37146, 37148, 37149, 37150, 37151, 37157, 37158, 37159, 37160, 37161, 37162, 37163, 37165, 37166, 37167, 37170, 37175, 37178, 37179, 37180, 37181, 37183, 37185, 37186, 37187, 37188, 37189, 37190, 37191, 37193, 37195, 37197, 37198, 37200, 37201, 37202, 37204, 37206, 37207, 37208, 37212, 37213, 37214, 37215, 37216, 37217, 37218, 37219, 37220, 37221, 37222, 37226, 37227, 37232, 37233, 37234, 37235, 37236, 37241, 37243, 37244, 37247, 37248, 37251, 37259, 37260, 37261, 37262, 37263, 37264, 37265, 37266, 37267, 37268, 37270, 37271, 37274, 37276, 37282, 37283, 37284, 37285, 37286, 37289, 37290, 37291, 37293, 37295, 37296, 37298, 37299, 37300, 37302, 37306, 37307, 37309, 37310, 37311, 37312, 37313, 37314, 37315, 37320, 37322, 37323, 37324, 37325, 37327, 37330, 37332, 37333, 37334, 37336, 37338, 37341, 37342, 37343, 37345, 37348, 37353, 37354, 37355, 37356, 37357, 37360, 37363, 37371, 37372, 37373, 37374, 37376, 37377, 37378, 37379, 37380, 37383, 37385, 37386, 37387, 37388, 37389, 37390, 37391, 37392, 37393, 37396, 37399, 37400, 37401, 37402, 37403, 37405, 37406, 37408, 37410, 37411, 37414, 37415, 37416, 37417, 37419, 37420, 37422, 37423, 37424, 37425, 37427, 37429, 37430, 37435, 37440, 37441, 37442, 37443, 37445, 37447, 37449, 37450, 37452, 37454, 37456, 37460, 37461, 37464, 37465, 37466, 37469, 37472, 37474, 37475, 37477, 37479, 37480, 37481, 37482, 37483, 37484, 37486, 37491, 37492, 37493, 37494, 37495, 37496, 37497, 37498, 37499, 37500, 37501, 37503, 37510, 37511, 37516, 37517, 37518, 37519, 37520, 37521, 37522, 37523, 37524, 37525, 37527, 37530, 37539, 37540, 37541, 37542, 37543, 37544, 37546, 37547, 37548, 37549, 37550, 37551, 37553, 37555, 37560, 37562, 37565, 37566, 37567, 37568, 37569, 37570, 37571, 37572, 37575, 37576, 37580, 37581, 37582, 37583, 37584, 37587, 37589, 37592, 37598, 37599, 37600, 37601, 37602, 37603, 37604, 37605, 37606, 37607, 37608, 37609, 37611, 37613, 37614, 37615, 37616, 37622, 37623, 37624, 37626, 37630, 37631, 37633, 37634, 37636, 37638, 37639, 37640, 37641, 37643, 37647, 37651, 37652, 37654, 37659, 37660, 37662, 37663, 37669, 37670, 37671, 37673, 37674, 37675, 37677, 37678, 37684, 37686, 37690, 37694, 37695, 37696, 37697, 37698, 37699, 37700, 37701, 37702, 37703, 37708, 37709, 37710, 37711, 37713, 37715, 37716, 37718, 37723, 37725, 37730, 37731, 37732, 37733, 37734, 37735, 37736, 37737, 37738, 37739, 37740, 37741, 37743, 37744, 37745, 37747, 37751, 37753, 37754, 37755, 37756, 37759, 37761, 37762, 37763, 37764, 37768, 37769, 37770, 37771, 37772, 37773, 37774, 37776, 37777, 37778, 37779, 37780, 37782, 37785, 37787, 37788, 37790, 37792, 37793, 37795, 37796, 37797, 37798, 37799, 37802, 37803, 37807, 37809, 37811, 37812, 37813, 37814, 37815, 37816, 37820, 37821, 37822, 37824, 37825, 37826, 37827, 37829, 37830, 37831, 37832, 37834, 37835, 37837, 37838, 37839, 37840, 37842, 37843, 37844, 37847, 37848, 37851, 37852, 37859, 37861, 37862, 37863, 37864, 37865, 37866, 37871, 37873, 37875, 37877, 37878, 37882, 37883, 37884, 37885, 37886, 37887, 37888, 37892, 37893, 37895, 37896, 37897, 37901, 37904, 37907, 37908, 37909, 37911, 37912, 37913, 37914, 37915, 37919, 37922, 37923, 37924, 37925, 37926, 37927, 37928, 37929, 37930, 37931, 37932, 37933, 37934, 37935, 37936, 37937, 37939, 37940, 37941, 37944, 37946, 37947, 37949, 37950, 37952, 37956, 37958, 37959, 37960, 37961, 37966, 37968, 37969, 37970, 37971, 37972, 37974, 37975, 37976, 37977, 37979, 37980, 37984, 37985, 37986, 37987, 37989, 37990, 37993, 37996, 37998, 37999, 38000, 38001, 38002, 38003, 38004, 38010, 38011, 38014, 38015, 38016, 38017, 38018, 38019, 38021, 38022, 38027, 38028, 38029, 38032, 38033, 38034, 38035, 38036, 38038, 38039, 38040, 38041, 38042, 38045, 38047, 38049, 38050, 38051, 38054, 38055, 38056, 38058, 38062, 38064, 38067, 38068, 38069, 38070, 38071, 38073, 38075, 38076, 38078, 38081, 38082, 38083, 38084, 38085, 38086, 38088, 38090, 38091, 38092, 38093, 38094, 38096, 38097, 38098, 38100, 38101, 38102, 38103, 38104, 38105, 38106, 38107, 38108, 38109, 38110, 38111, 38112, 38113, 38114, 38115, 38117, 38119, 38120, 38123, 38124, 38126, 38127, 38129, 38131, 38132, 38133, 38135, 38138, 38139, 38143, 38147, 38150, 38151, 38152, 38153, 38154, 38156, 38158, 38166, 38170, 38171, 38175, 38176, 38177, 38178, 38181, 38182, 38183, 38186, 38187, 38188, 38189, 38190, 38192, 38195, 38197, 38201, 38204, 38205, 38206, 38207, 38208, 38209, 38211, 38213, 38217, 38222, 38223, 38224, 38226, 38227, 38228, 38229, 38231, 38232, 38233, 38234, 38237, 38242, 38243, 38244, 38246, 38247, 38248, 38249, 38250, 38251, 38252, 38253, 38255, 38256, 38260, 38261, 38264, 38265, 38266, 38267, 38269, 38274, 38276, 38277, 38278, 38279, 38280, 38282, 38283, 38285, 38286, 38287, 38288, 38290, 38292, 38293, 38296, 38297, 38298, 38303, 38305, 38306, 38309, 38310, 38311, 38312, 38313, 38314, 38315, 38316, 38317, 38318, 38320, 38322, 38325, 38326, 38327, 38328, 38329, 38330, 38331, 38332, 38336, 38338, 38339, 38340, 38341, 38342, 38346, 38348, 38349, 38351, 38352, 38353, 38354, 38355, 38356, 38357, 38360, 38361, 38362, 38364, 38365, 38368, 38369, 38370, 38371, 38372, 38373, 38374, 38376, 38380, 38381, 38383, 38384, 38387, 38388, 38389, 38392, 38394, 38396, 38398, 38399, 38401, 38402, 38403, 38405, 38406, 38413, 38414, 38416, 38418, 38420, 38421, 38422, 38423, 38425, 38426, 38427, 38428, 38429, 38430, 38432, 38436, 38443, 38444, 38445, 38446, 38447, 38448, 38449, 38450, 38451, 38452, 38456, 38459, 38461, 38462, 38465, 38466, 38467, 38470, 38473, 38474, 38475, 38477, 38478, 38480, 38481, 38482, 38483, 38484, 38485, 38486, 38487, 38489, 38490, 38492, 38493, 38494, 38495, 38497, 38499, 38502, 38503, 38504, 38505, 38506, 38507, 38511, 38513, 38514, 38516, 38521, 38525, 38526, 38527, 38530, 38531, 38532, 38533, 38534, 38535, 38536, 38537, 38538, 38539, 38540, 38542, 38545, 38547, 38548, 38549, 38551, 38552, 38555, 38556, 38558, 38561, 38565, 38566, 38567, 38568, 38569, 38570, 38572, 38573, 38574, 38575, 38577, 38579, 38581, 38582, 38583, 38584, 38585, 38586, 38587, 38588, 38589, 38593, 38594, 38596, 38597, 38598, 38599, 38600, 38601, 38602, 38603, 38605, 38606, 38611, 38612, 38613, 38614, 38616, 38617, 38620, 38621, 38623, 38624, 38626, 38627, 38629, 38630, 38631, 38632, 38633, 38635, 38640, 38641, 38644, 38645, 38646, 38647, 38648, 38651, 38653, 38654, 38655, 38657, 38658, 38659, 38660, 38662, 38664, 38665, 38666, 38669, 38670, 38673, 38674, 38680, 38681, 38683, 38688, 38690, 38692, 38693, 38694, 38695, 38697, 38698, 38699, 38700, 38705, 38708, 38709, 38710, 38711, 38713, 38714, 38715, 38716, 38717, 38718, 38719, 38720, 38725, 38726, 38727, 38728, 38729, 38730, 38731, 38732, 38735, 38739, 38740, 38741, 38742, 38744, 38745, 38746, 38747, 38748, 38754, 38755, 38756, 38757, 38758, 38759, 38762, 38764, 38766, 38769, 38770, 38771, 38773, 38774, 38776, 38777, 38781, 38783, 38784, 38785, 38786, 38787, 38789, 38790, 38792, 38793, 38798, 38799, 38800, 38802, 38804, 38806, 38807, 38809, 38811, 38812, 38813, 38816, 38820, 38823, 38824, 38825, 38826, 38827, 38829, 38830, 38831, 38832, 38834, 38835, 38837, 38840, 38843, 38844, 38845, 38846, 38847, 38848, 38849, 38850, 38851, 38854, 38855, 38856, 38857, 38858, 38859, 38861, 38862, 38865, 38866, 38867, 38868, 38871, 38872, 38873, 38874, 38875, 38876, 38877, 38884, 38885, 38886, 38887, 38888, 38890, 38891, 38892, 38895, 38896, 38900, 38901, 38905, 38907, 38909, 38910, 38911, 38912, 38913, 38918, 38919, 38920, 38921, 38922, 38926, 38927, 38928, 38929, 38933, 38934, 38936, 38937, 38938, 38939, 38940, 38941, 38942, 38943, 38944, 38945, 38946, 38948, 38949, 38950
2025-09-23 07:04:34,568 - INFO - Assigned example paths (one per line):
/home/projects/bagon/shared/imagenet512/val/n02441942/ILSVRC2012_val_00036861.JPEG
/home/projects/bagon/shared/imagenet512/val/n02110806/ILSVRC2012_val_00024321.JPEG
/home/projects/bagon/shared/imagenet512/val/n04553703/ILSVRC2012_val_00030775.JPEG
/home/projects/bagon/shared/imagenet512/val/n03814639/ILSVRC2012_val_00000841.JPEG
/home/projects/bagon/shared/imagenet512/val/n01698640/ILSVRC2012_val_00038856.JPEG
/home/projects/bagon/shared/imagenet512/val/n02793495/ILSVRC2012_val_00020925.JPEG
/home/projects/bagon/shared/imagenet512/val/n03201208/ILSVRC2012_val_00036230.JPEG
/home/projects/bagon/shared/imagenet512/val/n02123394/ILSVRC2012_val_00009899.JPEG
/home/projects/bagon/shared/imagenet512/val/n01693334/ILSVRC2012_val_00003722.JPEG
/home/projects/bagon/shared/imagenet512/val/n02795169/ILSVRC2012_val_00005245.JPEG
/home/projects/bagon/shared/imagenet512/val/n02966687/ILSVRC2012_val_00047093.JPEG
/home/projects/bagon/shared/imagenet512/val/n02408429/ILSVRC2012_val_00000456.JPEG
/home/projects/bagon/shared/imagenet512/val/n02412080/ILSVRC2012_val_00014871.JPEG
/home/projects/bagon/shared/imagenet512/val/n03207941/ILSVRC2012_val_00026570.JPEG
/home/projects/bagon/shared/imagenet512/val/n09472597/ILSVRC2012_val_00044072.JPEG
/home/projects/bagon/shared/imagenet512/val/n02444819/ILSVRC2012_val_00007360.JPEG
/home/projects/bagon/shared/imagenet512/val/n03216828/ILSVRC2012_val_00029369.JPEG
/home/projects/bagon/shared/imagenet512/val/n04552348/ILSVRC2012_val_00021062.JPEG
/home/projects/bagon/shared/imagenet512/val/n04039381/ILSVRC2012_val_00005498.JPEG
/home/projects/bagon/shared/imagenet512/val/n02011460/ILSVRC2012_val_00007313.JPEG
/home/projects/bagon/shared/imagenet512/val/n01817953/ILSVRC2012_val_00032141.JPEG
/home/projects/bagon/shared/imagenet512/val/n04370456/ILSVRC2012_val_00006187.JPEG
/home/projects/bagon/shared/imagenet512/val/n02484975/ILSVRC2012_val_00038869.JPEG
/home/projects/bagon/shared/imagenet512/val/n04200800/ILSVRC2012_val_00006064.JPEG
/home/projects/bagon/shared/imagenet512/val/n07768694/ILSVRC2012_val_00016923.JPEG
/home/projects/bagon/shared/imagenet512/val/n02087394/ILSVRC2012_val_00033731.JPEG
/home/projects/bagon/shared/imagenet512/val/n04592741/ILSVRC2012_val_00002534.JPEG
/home/projects/bagon/shared/imagenet512/val/n03041632/ILSVRC2012_val_00024520.JPEG
/home/projects/bagon/shared/imagenet512/val/n01978455/ILSVRC2012_val_00011071.JPEG
/home/projects/bagon/shared/imagenet512/val/n03866082/ILSVRC2012_val_00017835.JPEG
/home/projects/bagon/shared/imagenet512/val/n02096437/ILSVRC2012_val_00016759.JPEG
/home/projects/bagon/shared/imagenet512/val/n02281406/ILSVRC2012_val_00032068.JPEG
/home/projects/bagon/shared/imagenet512/val/n03908618/ILSVRC2012_val_00007771.JPEG
/home/projects/bagon/shared/imagenet512/val/n03134739/ILSVRC2012_val_00049864.JPEG
/home/projects/bagon/shared/imagenet512/val/n04070727/ILSVRC2012_val_00046057.JPEG
/home/projects/bagon/shared/imagenet512/val/n01855672/ILSVRC2012_val_00002997.JPEG
/home/projects/bagon/shared/imagenet512/val/n03085013/ILSVRC2012_val_00001071.JPEG
/home/projects/bagon/shared/imagenet512/val/n03933933/ILSVRC2012_val_00014898.JPEG
/home/projects/bagon/shared/imagenet512/val/n01537544/ILSVRC2012_val_00018676.JPEG
/home/projects/bagon/shared/imagenet512/val/n03777568/ILSVRC2012_val_00020855.JPEG
/home/projects/bagon/shared/imagenet512/val/n12768682/ILSVRC2012_val_00016298.JPEG
/home/projects/bagon/shared/imagenet512/val/n02814860/ILSVRC2012_val_00013851.JPEG
/home/projects/bagon/shared/imagenet512/val/n03032252/ILSVRC2012_val_00025054.JPEG
/home/projects/bagon/shared/imagenet512/val/n04417672/ILSVRC2012_val_00045330.JPEG
/home/projects/bagon/shared/imagenet512/val/n01698640/ILSVRC2012_val_00025755.JPEG
/home/projects/bagon/shared/imagenet512/val/n04423845/ILSVRC2012_val_00010349.JPEG
/home/projects/bagon/shared/imagenet512/val/n04355338/ILSVRC2012_val_00039285.JPEG
/home/projects/bagon/shared/imagenet512/val/n02105505/ILSVRC2012_val_00029354.JPEG
/home/projects/bagon/shared/imagenet512/val/n02037110/ILSVRC2012_val_00002738.JPEG
/home/projects/bagon/shared/imagenet512/val/n02093428/ILSVRC2012_val_00045763.JPEG
/home/projects/bagon/shared/imagenet512/val/n07714571/ILSVRC2012_val_00024224.JPEG
/home/projects/bagon/shared/imagenet512/val/n02092339/ILSVRC2012_val_00024470.JPEG
/home/projects/bagon/shared/imagenet512/val/n02346627/ILSVRC2012_val_00015985.JPEG
/home/projects/bagon/shared/imagenet512/val/n04461696/ILSVRC2012_val_00039347.JPEG
/home/projects/bagon/shared/imagenet512/val/n02727426/ILSVRC2012_val_00018587.JPEG
/home/projects/bagon/shared/imagenet512/val/n02106662/ILSVRC2012_val_00042561.JPEG
/home/projects/bagon/shared/imagenet512/val/n04310018/ILSVRC2012_val_00021734.JPEG
/home/projects/bagon/shared/imagenet512/val/n03000684/ILSVRC2012_val_00046764.JPEG
/home/projects/bagon/shared/imagenet512/val/n01695060/ILSVRC2012_val_00024095.JPEG
/home/projects/bagon/shared/imagenet512/val/n02098413/ILSVRC2012_val_00001764.JPEG
/home/projects/bagon/shared/imagenet512/val/n04525305/ILSVRC2012_val_00030473.JPEG
/home/projects/bagon/shared/imagenet512/val/n02910353/ILSVRC2012_val_00000558.JPEG
/home/projects/bagon/shared/imagenet512/val/n03062245/ILSVRC2012_val_00023065.JPEG
/home/projects/bagon/shared/imagenet512/val/n03483316/ILSVRC2012_val_00012869.JPEG
/home/projects/bagon/shared/imagenet512/val/n02087394/ILSVRC2012_val_00000948.JPEG
/home/projects/bagon/shared/imagenet512/val/n03759954/ILSVRC2012_val_00031013.JPEG
/home/projects/bagon/shared/imagenet512/val/n03933933/ILSVRC2012_val_00007550.JPEG
/home/projects/bagon/shared/imagenet512/val/n02119789/ILSVRC2012_val_00000756.JPEG
/home/projects/bagon/shared/imagenet512/val/n03483316/ILSVRC2012_val_00022405.JPEG
/home/projects/bagon/shared/imagenet512/val/n03676483/ILSVRC2012_val_00037921.JPEG
/home/projects/bagon/shared/imagenet512/val/n02916936/ILSVRC2012_val_00019479.JPEG
/home/projects/bagon/shared/imagenet512/val/n03891251/ILSVRC2012_val_00049769.JPEG
/home/projects/bagon/shared/imagenet512/val/n02788148/ILSVRC2012_val_00033526.JPEG
/home/projects/bagon/shared/imagenet512/val/n03891251/ILSVRC2012_val_00027250.JPEG
/home/projects/bagon/shared/imagenet512/val/n03032252/ILSVRC2012_val_00034810.JPEG
/home/projects/bagon/shared/imagenet512/val/n04557648/ILSVRC2012_val_00010459.JPEG
/home/projects/bagon/shared/imagenet512/val/n04209133/ILSVRC2012_val_00036943.JPEG
/home/projects/bagon/shared/imagenet512/val/n03063689/ILSVRC2012_val_00034401.JPEG
/home/projects/bagon/shared/imagenet512/val/n12144580/ILSVRC2012_val_00020565.JPEG
/home/projects/bagon/shared/imagenet512/val/n02085936/ILSVRC2012_val_00030056.JPEG
/home/projects/bagon/shared/imagenet512/val/n02132136/ILSVRC2012_val_00046763.JPEG
/home/projects/bagon/shared/imagenet512/val/n04505470/ILSVRC2012_val_00028169.JPEG
/home/projects/bagon/shared/imagenet512/val/n03743016/ILSVRC2012_val_00034529.JPEG
/home/projects/bagon/shared/imagenet512/val/n04266014/ILSVRC2012_val_00042501.JPEG
/home/projects/bagon/shared/imagenet512/val/n02172182/ILSVRC2012_val_00020308.JPEG
/home/projects/bagon/shared/imagenet512/val/n04357314/ILSVRC2012_val_00047957.JPEG
/home/projects/bagon/shared/imagenet512/val/n04476259/ILSVRC2012_val_00026857.JPEG
/home/projects/bagon/shared/imagenet512/val/n03535780/ILSVRC2012_val_00031836.JPEG
/home/projects/bagon/shared/imagenet512/val/n03089624/ILSVRC2012_val_00042237.JPEG
/home/projects/bagon/shared/imagenet512/val/n03496892/ILSVRC2012_val_00036671.JPEG
/home/projects/bagon/shared/imagenet512/val/n02115641/ILSVRC2012_val_00024961.JPEG
/home/projects/bagon/shared/imagenet512/val/n01784675/ILSVRC2012_val_00011629.JPEG
/home/projects/bagon/shared/imagenet512/val/n03935335/ILSVRC2012_val_00022849.JPEG
/home/projects/bagon/shared/imagenet512/val/n02871525/ILSVRC2012_val_00000896.JPEG
/home/projects/bagon/shared/imagenet512/val/n02086079/ILSVRC2012_val_00046923.JPEG
/home/projects/bagon/shared/imagenet512/val/n03125729/ILSVRC2012_val_00000947.JPEG
/home/projects/bagon/shared/imagenet512/val/n02123159/ILSVRC2012_val_00039553.JPEG
/home/projects/bagon/shared/imagenet512/val/n02087046/ILSVRC2012_val_00019883.JPEG
/home/projects/bagon/shared/imagenet512/val/n02088632/ILSVRC2012_val_00038423.JPEG
/home/projects/bagon/shared/imagenet512/val/n03976657/ILSVRC2012_val_00022774.JPEG
/home/projects/bagon/shared/imagenet512/val/n03937543/ILSVRC2012_val_00000112.JPEG
/home/projects/bagon/shared/imagenet512/val/n03649909/ILSVRC2012_val_00020327.JPEG
/home/projects/bagon/shared/imagenet512/val/n01829413/ILSVRC2012_val_00020976.JPEG
/home/projects/bagon/shared/imagenet512/val/n04270147/ILSVRC2012_val_00006592.JPEG
/home/projects/bagon/shared/imagenet512/val/n02165105/ILSVRC2012_val_00036417.JPEG
/home/projects/bagon/shared/imagenet512/val/n04133789/ILSVRC2012_val_00033141.JPEG
/home/projects/bagon/shared/imagenet512/val/n02317335/ILSVRC2012_val_00049576.JPEG
/home/projects/bagon/shared/imagenet512/val/n04192698/ILSVRC2012_val_00044477.JPEG
/home/projects/bagon/shared/imagenet512/val/n04367480/ILSVRC2012_val_00038531.JPEG
/home/projects/bagon/shared/imagenet512/val/n01990800/ILSVRC2012_val_00004659.JPEG
/home/projects/bagon/shared/imagenet512/val/n03337140/ILSVRC2012_val_00000132.JPEG
/home/projects/bagon/shared/imagenet512/val/n03347037/ILSVRC2012_val_00008269.JPEG
/home/projects/bagon/shared/imagenet512/val/n01737021/ILSVRC2012_val_00004040.JPEG
/home/projects/bagon/shared/imagenet512/val/n02403003/ILSVRC2012_val_00001280.JPEG
/home/projects/bagon/shared/imagenet512/val/n01756291/ILSVRC2012_val_00010723.JPEG
/home/projects/bagon/shared/imagenet512/val/n07695742/ILSVRC2012_val_00018426.JPEG
/home/projects/bagon/shared/imagenet512/val/n03388183/ILSVRC2012_val_00045511.JPEG
/home/projects/bagon/shared/imagenet512/val/n09246464/ILSVRC2012_val_00015029.JPEG
/home/projects/bagon/shared/imagenet512/val/n04418357/ILSVRC2012_val_00048705.JPEG
/home/projects/bagon/shared/imagenet512/val/n03197337/ILSVRC2012_val_00017597.JPEG
/home/projects/bagon/shared/imagenet512/val/n04235860/ILSVRC2012_val_00031462.JPEG
/home/projects/bagon/shared/imagenet512/val/n04482393/ILSVRC2012_val_00025736.JPEG
/home/projects/bagon/shared/imagenet512/val/n03216828/ILSVRC2012_val_00013593.JPEG
/home/projects/bagon/shared/imagenet512/val/n04081281/ILSVRC2012_val_00024449.JPEG
/home/projects/bagon/shared/imagenet512/val/n02454379/ILSVRC2012_val_00018717.JPEG
/home/projects/bagon/shared/imagenet512/val/n02747177/ILSVRC2012_val_00023384.JPEG
/home/projects/bagon/shared/imagenet512/val/n09256479/ILSVRC2012_val_00010141.JPEG
/home/projects/bagon/shared/imagenet512/val/n03100240/ILSVRC2012_val_00027293.JPEG
/home/projects/bagon/shared/imagenet512/val/n03476684/ILSVRC2012_val_00017972.JPEG
/home/projects/bagon/shared/imagenet512/val/n01735189/ILSVRC2012_val_00006105.JPEG
/home/projects/bagon/shared/imagenet512/val/n03697007/ILSVRC2012_val_00005462.JPEG
/home/projects/bagon/shared/imagenet512/val/n02095314/ILSVRC2012_val_00035680.JPEG
/home/projects/bagon/shared/imagenet512/val/n01687978/ILSVRC2012_val_00005031.JPEG
/home/projects/bagon/shared/imagenet512/val/n02037110/ILSVRC2012_val_00034827.JPEG
/home/projects/bagon/shared/imagenet512/val/n02783161/ILSVRC2012_val_00025767.JPEG
/home/projects/bagon/shared/imagenet512/val/n04465501/ILSVRC2012_val_00041382.JPEG
/home/projects/bagon/shared/imagenet512/val/n03908714/ILSVRC2012_val_00027234.JPEG
/home/projects/bagon/shared/imagenet512/val/n02088466/ILSVRC2012_val_00025718.JPEG
/home/projects/bagon/shared/imagenet512/val/n02091467/ILSVRC2012_val_00049589.JPEG
/home/projects/bagon/shared/imagenet512/val/n02871525/ILSVRC2012_val_00046690.JPEG
/home/projects/bagon/shared/imagenet512/val/n03179701/ILSVRC2012_val_00031607.JPEG
/home/projects/bagon/shared/imagenet512/val/n02488291/ILSVRC2012_val_00018242.JPEG
/home/projects/bagon/shared/imagenet512/val/n03425413/ILSVRC2012_val_00017350.JPEG
/home/projects/bagon/shared/imagenet512/val/n04009552/ILSVRC2012_val_00017302.JPEG
/home/projects/bagon/shared/imagenet512/val/n03089624/ILSVRC2012_val_00015495.JPEG
/home/projects/bagon/shared/imagenet512/val/n02105412/ILSVRC2012_val_00017234.JPEG
/home/projects/bagon/shared/imagenet512/val/n02091831/ILSVRC2012_val_00043901.JPEG
/home/projects/bagon/shared/imagenet512/val/n04458633/ILSVRC2012_val_00025558.JPEG
/home/projects/bagon/shared/imagenet512/val/n04044716/ILSVRC2012_val_00021879.JPEG
/home/projects/bagon/shared/imagenet512/val/n01807496/ILSVRC2012_val_00034536.JPEG
/home/projects/bagon/shared/imagenet512/val/n03876231/ILSVRC2012_val_00027752.JPEG
/home/projects/bagon/shared/imagenet512/val/n04141327/ILSVRC2012_val_00032403.JPEG
/home/projects/bagon/shared/imagenet512/val/n03692522/ILSVRC2012_val_00025833.JPEG
/home/projects/bagon/shared/imagenet512/val/n04532106/ILSVRC2012_val_00009759.JPEG
/home/projects/bagon/shared/imagenet512/val/n03933933/ILSVRC2012_val_00018996.JPEG
/home/projects/bagon/shared/imagenet512/val/n03785016/ILSVRC2012_val_00042151.JPEG
/home/projects/bagon/shared/imagenet512/val/n01580077/ILSVRC2012_val_00017024.JPEG
/home/projects/bagon/shared/imagenet512/val/n02403003/ILSVRC2012_val_00028929.JPEG
/home/projects/bagon/shared/imagenet512/val/n02783161/ILSVRC2012_val_00043329.JPEG
/home/projects/bagon/shared/imagenet512/val/n02105251/ILSVRC2012_val_00035781.JPEG
/home/projects/bagon/shared/imagenet512/val/n02988304/ILSVRC2012_val_00036485.JPEG
/home/projects/bagon/shared/imagenet512/val/n02172182/ILSVRC2012_val_00029442.JPEG
/home/projects/bagon/shared/imagenet512/val/n02791270/ILSVRC2012_val_00018446.JPEG
/home/projects/bagon/shared/imagenet512/val/n02096437/ILSVRC2012_val_00020901.JPEG
/home/projects/bagon/shared/imagenet512/val/n04597913/ILSVRC2012_val_00020897.JPEG
/home/projects/bagon/shared/imagenet512/val/n02128385/ILSVRC2012_val_00038812.JPEG
/home/projects/bagon/shared/imagenet512/val/n04350905/ILSVRC2012_val_00026024.JPEG
/home/projects/bagon/shared/imagenet512/val/n04465501/ILSVRC2012_val_00027493.JPEG
/home/projects/bagon/shared/imagenet512/val/n02437616/ILSVRC2012_val_00030488.JPEG
/home/projects/bagon/shared/imagenet512/val/n02815834/ILSVRC2012_val_00011248.JPEG
/home/projects/bagon/shared/imagenet512/val/n04153751/ILSVRC2012_val_00013898.JPEG
/home/projects/bagon/shared/imagenet512/val/n02206856/ILSVRC2012_val_00015727.JPEG
/home/projects/bagon/shared/imagenet512/val/n03697007/ILSVRC2012_val_00006142.JPEG
/home/projects/bagon/shared/imagenet512/val/n03188531/ILSVRC2012_val_00034183.JPEG
/home/projects/bagon/shared/imagenet512/val/n03794056/ILSVRC2012_val_00035572.JPEG
/home/projects/bagon/shared/imagenet512/val/n03000247/ILSVRC2012_val_00048514.JPEG
/home/projects/bagon/shared/imagenet512/val/n02002556/ILSVRC2012_val_00007369.JPEG
/home/projects/bagon/shared/imagenet512/val/n02168699/ILSVRC2012_val_00035526.JPEG
/home/projects/bagon/shared/imagenet512/val/n01985128/ILSVRC2012_val_00001381.JPEG
/home/projects/bagon/shared/imagenet512/val/n09246464/ILSVRC2012_val_00037494.JPEG
/home/projects/bagon/shared/imagenet512/val/n02841315/ILSVRC2012_val_00003479.JPEG
/home/projects/bagon/shared/imagenet512/val/n02859443/ILSVRC2012_val_00033948.JPEG
/home/projects/bagon/shared/imagenet512/val/n02483708/ILSVRC2012_val_00021828.JPEG
/home/projects/bagon/shared/imagenet512/val/n03110669/ILSVRC2012_val_00048637.JPEG
/home/projects/bagon/shared/imagenet512/val/n04026417/ILSVRC2012_val_00017058.JPEG
/home/projects/bagon/shared/imagenet512/val/n04597913/ILSVRC2012_val_00034343.JPEG
/home/projects/bagon/shared/imagenet512/val/n07693725/ILSVRC2012_val_00044905.JPEG
/home/projects/bagon/shared/imagenet512/val/n03666591/ILSVRC2012_val_00030378.JPEG
/home/projects/bagon/shared/imagenet512/val/n02095314/ILSVRC2012_val_00025330.JPEG
/home/projects/bagon/shared/imagenet512/val/n04557648/ILSVRC2012_val_00049261.JPEG
/home/projects/bagon/shared/imagenet512/val/n03478589/ILSVRC2012_val_00011534.JPEG
/home/projects/bagon/shared/imagenet512/val/n02107574/ILSVRC2012_val_00044618.JPEG
/home/projects/bagon/shared/imagenet512/val/n04259630/ILSVRC2012_val_00002642.JPEG
/home/projects/bagon/shared/imagenet512/val/n03291819/ILSVRC2012_val_00033132.JPEG
/home/projects/bagon/shared/imagenet512/val/n03207743/ILSVRC2012_val_00044279.JPEG
/home/projects/bagon/shared/imagenet512/val/n03404251/ILSVRC2012_val_00042865.JPEG
/home/projects/bagon/shared/imagenet512/val/n02109047/ILSVRC2012_val_00017636.JPEG
/home/projects/bagon/shared/imagenet512/val/n03337140/ILSVRC2012_val_00016423.JPEG
/home/projects/bagon/shared/imagenet512/val/n04389033/ILSVRC2012_val_00024213.JPEG
/home/projects/bagon/shared/imagenet512/val/n02791270/ILSVRC2012_val_00033006.JPEG
/home/projects/bagon/shared/imagenet512/val/n02988304/ILSVRC2012_val_00025182.JPEG
/home/projects/bagon/shared/imagenet512/val/n04067472/ILSVRC2012_val_00040398.JPEG
/home/projects/bagon/shared/imagenet512/val/n02077923/ILSVRC2012_val_00021764.JPEG
/home/projects/bagon/shared/imagenet512/val/n01770081/ILSVRC2012_val_00038467.JPEG
/home/projects/bagon/shared/imagenet512/val/n03494278/ILSVRC2012_val_00022564.JPEG
/home/projects/bagon/shared/imagenet512/val/n03944341/ILSVRC2012_val_00049645.JPEG
/home/projects/bagon/shared/imagenet512/val/n04479046/ILSVRC2012_val_00007996.JPEG
/home/projects/bagon/shared/imagenet512/val/n03482405/ILSVRC2012_val_00047679.JPEG
/home/projects/bagon/shared/imagenet512/val/n02105855/ILSVRC2012_val_00019155.JPEG
/home/projects/bagon/shared/imagenet512/val/n04548280/ILSVRC2012_val_00046023.JPEG
/home/projects/bagon/shared/imagenet512/val/n04004767/ILSVRC2012_val_00037028.JPEG
/home/projects/bagon/shared/imagenet512/val/n02091244/ILSVRC2012_val_00000115.JPEG
/home/projects/bagon/shared/imagenet512/val/n02808304/ILSVRC2012_val_00001384.JPEG
/home/projects/bagon/shared/imagenet512/val/n02395406/ILSVRC2012_val_00021327.JPEG
/home/projects/bagon/shared/imagenet512/val/n02094258/ILSVRC2012_val_00008633.JPEG
/home/projects/bagon/shared/imagenet512/val/n02786058/ILSVRC2012_val_00020825.JPEG
/home/projects/bagon/shared/imagenet512/val/n02442845/ILSVRC2012_val_00030624.JPEG
/home/projects/bagon/shared/imagenet512/val/n01943899/ILSVRC2012_val_00045192.JPEG
/home/projects/bagon/shared/imagenet512/val/n07697537/ILSVRC2012_val_00023883.JPEG
/home/projects/bagon/shared/imagenet512/val/n03764736/ILSVRC2012_val_00004043.JPEG
/home/projects/bagon/shared/imagenet512/val/n04204347/ILSVRC2012_val_00006839.JPEG
/home/projects/bagon/shared/imagenet512/val/n03372029/ILSVRC2012_val_00019375.JPEG
/home/projects/bagon/shared/imagenet512/val/n03527444/ILSVRC2012_val_00036560.JPEG
/home/projects/bagon/shared/imagenet512/val/n02106382/ILSVRC2012_val_00032564.JPEG
/home/projects/bagon/shared/imagenet512/val/n02099849/ILSVRC2012_val_00039150.JPEG
/home/projects/bagon/shared/imagenet512/val/n02669723/ILSVRC2012_val_00008937.JPEG
/home/projects/bagon/shared/imagenet512/val/n02971356/ILSVRC2012_val_00018125.JPEG
/home/projects/bagon/shared/imagenet512/val/n03345487/ILSVRC2012_val_00047102.JPEG
/home/projects/bagon/shared/imagenet512/val/n02231487/ILSVRC2012_val_00047704.JPEG
/home/projects/bagon/shared/imagenet512/val/n03141823/ILSVRC2012_val_00044883.JPEG
/home/projects/bagon/shared/imagenet512/val/n02814860/ILSVRC2012_val_00009026.JPEG
/home/projects/bagon/shared/imagenet512/val/n03379051/ILSVRC2012_val_00019724.JPEG
/home/projects/bagon/shared/imagenet512/val/n02412080/ILSVRC2012_val_00035988.JPEG
/home/projects/bagon/shared/imagenet512/val/n04296562/ILSVRC2012_val_00042609.JPEG
/home/projects/bagon/shared/imagenet512/val/n01744401/ILSVRC2012_val_00046389.JPEG
/home/projects/bagon/shared/imagenet512/val/n03967562/ILSVRC2012_val_00038945.JPEG
/home/projects/bagon/shared/imagenet512/val/n03637318/ILSVRC2012_val_00029645.JPEG
/home/projects/bagon/shared/imagenet512/val/n03476684/ILSVRC2012_val_00038977.JPEG
/home/projects/bagon/shared/imagenet512/val/n01855672/ILSVRC2012_val_00036969.JPEG
/home/projects/bagon/shared/imagenet512/val/n01682714/ILSVRC2012_val_00012853.JPEG
/home/projects/bagon/shared/imagenet512/val/n07768694/ILSVRC2012_val_00004347.JPEG
/home/projects/bagon/shared/imagenet512/val/n03498962/ILSVRC2012_val_00032709.JPEG
/home/projects/bagon/shared/imagenet512/val/n03355925/ILSVRC2012_val_00016785.JPEG
/home/projects/bagon/shared/imagenet512/val/n02319095/ILSVRC2012_val_00046618.JPEG
/home/projects/bagon/shared/imagenet512/val/n03649909/ILSVRC2012_val_00042374.JPEG
/home/projects/bagon/shared/imagenet512/val/n03710193/ILSVRC2012_val_00018245.JPEG
/home/projects/bagon/shared/imagenet512/val/n04317175/ILSVRC2012_val_00031926.JPEG
/home/projects/bagon/shared/imagenet512/val/n03920288/ILSVRC2012_val_00000465.JPEG
/home/projects/bagon/shared/imagenet512/val/n03781244/ILSVRC2012_val_00044594.JPEG
/home/projects/bagon/shared/imagenet512/val/n02107574/ILSVRC2012_val_00040869.JPEG
/home/projects/bagon/shared/imagenet512/val/n09246464/ILSVRC2012_val_00046221.JPEG
/home/projects/bagon/shared/imagenet512/val/n03775071/ILSVRC2012_val_00037281.JPEG
/home/projects/bagon/shared/imagenet512/val/n03220513/ILSVRC2012_val_00019506.JPEG
/home/projects/bagon/shared/imagenet512/val/n02114712/ILSVRC2012_val_00015766.JPEG
/home/projects/bagon/shared/imagenet512/val/n03457902/ILSVRC2012_val_00009006.JPEG
/home/projects/bagon/shared/imagenet512/val/n03623198/ILSVRC2012_val_00038316.JPEG
/home/projects/bagon/shared/imagenet512/val/n02123159/ILSVRC2012_val_00019303.JPEG
/home/projects/bagon/shared/imagenet512/val/n04192698/ILSVRC2012_val_00026098.JPEG
/home/projects/bagon/shared/imagenet512/val/n02786058/ILSVRC2012_val_00003060.JPEG
/home/projects/bagon/shared/imagenet512/val/n03271574/ILSVRC2012_val_00031563.JPEG
/home/projects/bagon/shared/imagenet512/val/n04525038/ILSVRC2012_val_00035435.JPEG
/home/projects/bagon/shared/imagenet512/val/n02106662/ILSVRC2012_val_00000946.JPEG
/home/projects/bagon/shared/imagenet512/val/n04418357/ILSVRC2012_val_00007909.JPEG
/home/projects/bagon/shared/imagenet512/val/n02264363/ILSVRC2012_val_00020183.JPEG
/home/projects/bagon/shared/imagenet512/val/n04442312/ILSVRC2012_val_00009071.JPEG
/home/projects/bagon/shared/imagenet512/val/n03297495/ILSVRC2012_val_00030154.JPEG
/home/projects/bagon/shared/imagenet512/val/n03958227/ILSVRC2012_val_00022428.JPEG
/home/projects/bagon/shared/imagenet512/val/n02087046/ILSVRC2012_val_00042289.JPEG
/home/projects/bagon/shared/imagenet512/val/n04540053/ILSVRC2012_val_00014565.JPEG
/home/projects/bagon/shared/imagenet512/val/n02979186/ILSVRC2012_val_00013735.JPEG
/home/projects/bagon/shared/imagenet512/val/n03393912/ILSVRC2012_val_00002595.JPEG
/home/projects/bagon/shared/imagenet512/val/n07860988/ILSVRC2012_val_00033664.JPEG
/home/projects/bagon/shared/imagenet512/val/n03026506/ILSVRC2012_val_00039849.JPEG
/home/projects/bagon/shared/imagenet512/val/n03000684/ILSVRC2012_val_00026879.JPEG
/home/projects/bagon/shared/imagenet512/val/n03982430/ILSVRC2012_val_00010890.JPEG
/home/projects/bagon/shared/imagenet512/val/n03666591/ILSVRC2012_val_00039727.JPEG
/home/projects/bagon/shared/imagenet512/val/n02883205/ILSVRC2012_val_00004943.JPEG
/home/projects/bagon/shared/imagenet512/val/n03584254/ILSVRC2012_val_00041044.JPEG
/home/projects/bagon/shared/imagenet512/val/n01682714/ILSVRC2012_val_00032129.JPEG
/home/projects/bagon/shared/imagenet512/val/n04209133/ILSVRC2012_val_00022674.JPEG
/home/projects/bagon/shared/imagenet512/val/n03444034/ILSVRC2012_val_00040851.JPEG
/home/projects/bagon/shared/imagenet512/val/n03028079/ILSVRC2012_val_00005598.JPEG
/home/projects/bagon/shared/imagenet512/val/n03127747/ILSVRC2012_val_00044124.JPEG
/home/projects/bagon/shared/imagenet512/val/n02102480/ILSVRC2012_val_00048337.JPEG
/home/projects/bagon/shared/imagenet512/val/n02804414/ILSVRC2012_val_00042748.JPEG
/home/projects/bagon/shared/imagenet512/val/n02093428/ILSVRC2012_val_00026525.JPEG
/home/projects/bagon/shared/imagenet512/val/n04317175/ILSVRC2012_val_00032282.JPEG
/home/projects/bagon/shared/imagenet512/val/n04367480/ILSVRC2012_val_00010893.JPEG
/home/projects/bagon/shared/imagenet512/val/n03032252/ILSVRC2012_val_00041956.JPEG
/home/projects/bagon/shared/imagenet512/val/n02823750/ILSVRC2012_val_00013765.JPEG
/home/projects/bagon/shared/imagenet512/val/n02895154/ILSVRC2012_val_00041183.JPEG
/home/projects/bagon/shared/imagenet512/val/n02105251/ILSVRC2012_val_00046037.JPEG
/home/projects/bagon/shared/imagenet512/val/n03791053/ILSVRC2012_val_00049655.JPEG
/home/projects/bagon/shared/imagenet512/val/n03124043/ILSVRC2012_val_00004270.JPEG
/home/projects/bagon/shared/imagenet512/val/n03995372/ILSVRC2012_val_00037971.JPEG
/home/projects/bagon/shared/imagenet512/val/n06874185/ILSVRC2012_val_00038513.JPEG
/home/projects/bagon/shared/imagenet512/val/n04201297/ILSVRC2012_val_00017588.JPEG
/home/projects/bagon/shared/imagenet512/val/n02087394/ILSVRC2012_val_00009470.JPEG
/home/projects/bagon/shared/imagenet512/val/n03347037/ILSVRC2012_val_00026294.JPEG
/home/projects/bagon/shared/imagenet512/val/n03908714/ILSVRC2012_val_00012755.JPEG
/home/projects/bagon/shared/imagenet512/val/n03876231/ILSVRC2012_val_00048953.JPEG
/home/projects/bagon/shared/imagenet512/val/n03837869/ILSVRC2012_val_00008078.JPEG
/home/projects/bagon/shared/imagenet512/val/n04229816/ILSVRC2012_val_00047467.JPEG
/home/projects/bagon/shared/imagenet512/val/n01817953/ILSVRC2012_val_00038553.JPEG
/home/projects/bagon/shared/imagenet512/val/n02493509/ILSVRC2012_val_00046148.JPEG
/home/projects/bagon/shared/imagenet512/val/n03623198/ILSVRC2012_val_00024197.JPEG
/home/projects/bagon/shared/imagenet512/val/n02747177/ILSVRC2012_val_00031322.JPEG
/home/projects/bagon/shared/imagenet512/val/n04147183/ILSVRC2012_val_00037184.JPEG
/home/projects/bagon/shared/imagenet512/val/n04254680/ILSVRC2012_val_00038483.JPEG
/home/projects/bagon/shared/imagenet512/val/n02412080/ILSVRC2012_val_00047560.JPEG
/home/projects/bagon/shared/imagenet512/val/n02100583/ILSVRC2012_val_00045207.JPEG
/home/projects/bagon/shared/imagenet512/val/n03017168/ILSVRC2012_val_00034064.JPEG
/home/projects/bagon/shared/imagenet512/val/n03661043/ILSVRC2012_val_00043408.JPEG
/home/projects/bagon/shared/imagenet512/val/n03452741/ILSVRC2012_val_00033366.JPEG
/home/projects/bagon/shared/imagenet512/val/n03483316/ILSVRC2012_val_00013591.JPEG
/home/projects/bagon/shared/imagenet512/val/n03271574/ILSVRC2012_val_00044211.JPEG
/home/projects/bagon/shared/imagenet512/val/n03207941/ILSVRC2012_val_00036877.JPEG
/home/projects/bagon/shared/imagenet512/val/n02095314/ILSVRC2012_val_00045280.JPEG
/home/projects/bagon/shared/imagenet512/val/n03796401/ILSVRC2012_val_00045876.JPEG
/home/projects/bagon/shared/imagenet512/val/n03916031/ILSVRC2012_val_00038980.JPEG
/home/projects/bagon/shared/imagenet512/val/n02490219/ILSVRC2012_val_00042278.JPEG
/home/projects/bagon/shared/imagenet512/val/n02747177/ILSVRC2012_val_00013783.JPEG
/home/projects/bagon/shared/imagenet512/val/n01978455/ILSVRC2012_val_00033808.JPEG
/home/projects/bagon/shared/imagenet512/val/n03692522/ILSVRC2012_val_00046598.JPEG
/home/projects/bagon/shared/imagenet512/val/n02129165/ILSVRC2012_val_00009124.JPEG
/home/projects/bagon/shared/imagenet512/val/n03291819/ILSVRC2012_val_00023738.JPEG
/home/projects/bagon/shared/imagenet512/val/n04592741/ILSVRC2012_val_00049062.JPEG
/home/projects/bagon/shared/imagenet512/val/n01614925/ILSVRC2012_val_00040404.JPEG
/home/projects/bagon/shared/imagenet512/val/n03938244/ILSVRC2012_val_00011231.JPEG
/home/projects/bagon/shared/imagenet512/val/n02480855/ILSVRC2012_val_00000242.JPEG
/home/projects/bagon/shared/imagenet512/val/n03110669/ILSVRC2012_val_00048456.JPEG
/home/projects/bagon/shared/imagenet512/val/n03180011/ILSVRC2012_val_00043506.JPEG
/home/projects/bagon/shared/imagenet512/val/n03773504/ILSVRC2012_val_00037619.JPEG
/home/projects/bagon/shared/imagenet512/val/n07583066/ILSVRC2012_val_00007582.JPEG
/home/projects/bagon/shared/imagenet512/val/n04023962/ILSVRC2012_val_00017642.JPEG
/home/projects/bagon/shared/imagenet512/val/n03041632/ILSVRC2012_val_00006102.JPEG
/home/projects/bagon/shared/imagenet512/val/n03729826/ILSVRC2012_val_00032307.JPEG
/home/projects/bagon/shared/imagenet512/val/n03937543/ILSVRC2012_val_00017943.JPEG
/home/projects/bagon/shared/imagenet512/val/n01990800/ILSVRC2012_val_00021042.JPEG
/home/projects/bagon/shared/imagenet512/val/n02815834/ILSVRC2012_val_00033071.JPEG
/home/projects/bagon/shared/imagenet512/val/n01978455/ILSVRC2012_val_00008870.JPEG
/home/projects/bagon/shared/imagenet512/val/n03950228/ILSVRC2012_val_00005557.JPEG
/home/projects/bagon/shared/imagenet512/val/n03127747/ILSVRC2012_val_00030481.JPEG
/home/projects/bagon/shared/imagenet512/val/n02443484/ILSVRC2012_val_00026767.JPEG
/home/projects/bagon/shared/imagenet512/val/n07693725/ILSVRC2012_val_00021276.JPEG
/home/projects/bagon/shared/imagenet512/val/n04330267/ILSVRC2012_val_00014916.JPEG
/home/projects/bagon/shared/imagenet512/val/n04133789/ILSVRC2012_val_00046895.JPEG
/home/projects/bagon/shared/imagenet512/val/n02113186/ILSVRC2012_val_00007542.JPEG
/home/projects/bagon/shared/imagenet512/val/n07730033/ILSVRC2012_val_00017580.JPEG
/home/projects/bagon/shared/imagenet512/val/n02395406/ILSVRC2012_val_00022191.JPEG
/home/projects/bagon/shared/imagenet512/val/n02526121/ILSVRC2012_val_00047288.JPEG
/home/projects/bagon/shared/imagenet512/val/n02481823/ILSVRC2012_val_00046741.JPEG
/home/projects/bagon/shared/imagenet512/val/n02101006/ILSVRC2012_val_00026797.JPEG
/home/projects/bagon/shared/imagenet512/val/n04532106/ILSVRC2012_val_00036410.JPEG
/home/projects/bagon/shared/imagenet512/val/n02930766/ILSVRC2012_val_00037652.JPEG
/home/projects/bagon/shared/imagenet512/val/n02097474/ILSVRC2012_val_00023955.JPEG
/home/projects/bagon/shared/imagenet512/val/n04442312/ILSVRC2012_val_00000737.JPEG
/home/projects/bagon/shared/imagenet512/val/n01818515/ILSVRC2012_val_00048027.JPEG
/home/projects/bagon/shared/imagenet512/val/n02093991/ILSVRC2012_val_00037339.JPEG
/home/projects/bagon/shared/imagenet512/val/n04336792/ILSVRC2012_val_00001211.JPEG
/home/projects/bagon/shared/imagenet512/val/n01985128/ILSVRC2012_val_00021995.JPEG
/home/projects/bagon/shared/imagenet512/val/n03223299/ILSVRC2012_val_00040379.JPEG
/home/projects/bagon/shared/imagenet512/val/n01883070/ILSVRC2012_val_00013821.JPEG
/home/projects/bagon/shared/imagenet512/val/n03602883/ILSVRC2012_val_00005640.JPEG
/home/projects/bagon/shared/imagenet512/val/n01984695/ILSVRC2012_val_00046180.JPEG
/home/projects/bagon/shared/imagenet512/val/n04604644/ILSVRC2012_val_00039676.JPEG
/home/projects/bagon/shared/imagenet512/val/n02966687/ILSVRC2012_val_00027808.JPEG
/home/projects/bagon/shared/imagenet512/val/n02085936/ILSVRC2012_val_00034602.JPEG
/home/projects/bagon/shared/imagenet512/val/n07753592/ILSVRC2012_val_00045425.JPEG
/home/projects/bagon/shared/imagenet512/val/n02939185/ILSVRC2012_val_00000302.JPEG
/home/projects/bagon/shared/imagenet512/val/n03908714/ILSVRC2012_val_00015411.JPEG
/home/projects/bagon/shared/imagenet512/val/n01728920/ILSVRC2012_val_00041856.JPEG
/home/projects/bagon/shared/imagenet512/val/n03787032/ILSVRC2012_val_00031999.JPEG
/home/projects/bagon/shared/imagenet512/val/n01775062/ILSVRC2012_val_00036589.JPEG
/home/projects/bagon/shared/imagenet512/val/n02108000/ILSVRC2012_val_00031133.JPEG
/home/projects/bagon/shared/imagenet512/val/n03483316/ILSVRC2012_val_00016639.JPEG
/home/projects/bagon/shared/imagenet512/val/n01882714/ILSVRC2012_val_00023031.JPEG
/home/projects/bagon/shared/imagenet512/val/n03482405/ILSVRC2012_val_00027756.JPEG
/home/projects/bagon/shared/imagenet512/val/n03796401/ILSVRC2012_val_00005882.JPEG
/home/projects/bagon/shared/imagenet512/val/n02398521/ILSVRC2012_val_00016253.JPEG
/home/projects/bagon/shared/imagenet512/val/n04371774/ILSVRC2012_val_00011159.JPEG
/home/projects/bagon/shared/imagenet512/val/n02089078/ILSVRC2012_val_00021831.JPEG
/home/projects/bagon/shared/imagenet512/val/n04482393/ILSVRC2012_val_00030514.JPEG
/home/projects/bagon/shared/imagenet512/val/n07613480/ILSVRC2012_val_00012877.JPEG
/home/projects/bagon/shared/imagenet512/val/n02843684/ILSVRC2012_val_00046472.JPEG
/home/projects/bagon/shared/imagenet512/val/n01773797/ILSVRC2012_val_00029756.JPEG
/home/projects/bagon/shared/imagenet512/val/n02971356/ILSVRC2012_val_00040695.JPEG
/home/projects/bagon/shared/imagenet512/val/n02403003/ILSVRC2012_val_00030497.JPEG
/home/projects/bagon/shared/imagenet512/val/n02981792/ILSVRC2012_val_00001171.JPEG
/home/projects/bagon/shared/imagenet512/val/n04479046/ILSVRC2012_val_00023579.JPEG
/home/projects/bagon/shared/imagenet512/val/n03854065/ILSVRC2012_val_00019829.JPEG
/home/projects/bagon/shared/imagenet512/val/n03126707/ILSVRC2012_val_00012665.JPEG
/home/projects/bagon/shared/imagenet512/val/n02783161/ILSVRC2012_val_00042171.JPEG
/home/projects/bagon/shared/imagenet512/val/n02536864/ILSVRC2012_val_00036127.JPEG
/home/projects/bagon/shared/imagenet512/val/n07697537/ILSVRC2012_val_00026101.JPEG
/home/projects/bagon/shared/imagenet512/val/n03461385/ILSVRC2012_val_00014728.JPEG
/home/projects/bagon/shared/imagenet512/val/n02823750/ILSVRC2012_val_00010416.JPEG
/home/projects/bagon/shared/imagenet512/val/n02480855/ILSVRC2012_val_00042046.JPEG
/home/projects/bagon/shared/imagenet512/val/n01440764/ILSVRC2012_val_00037383.JPEG
/home/projects/bagon/shared/imagenet512/val/n01616318/ILSVRC2012_val_00022088.JPEG
/home/projects/bagon/shared/imagenet512/val/n04592741/ILSVRC2012_val_00046234.JPEG
/home/projects/bagon/shared/imagenet512/val/n04596742/ILSVRC2012_val_00023292.JPEG
/home/projects/bagon/shared/imagenet512/val/n07590611/ILSVRC2012_val_00016617.JPEG
/home/projects/bagon/shared/imagenet512/val/n03028079/ILSVRC2012_val_00016949.JPEG
/home/projects/bagon/shared/imagenet512/val/n03179701/ILSVRC2012_val_00026204.JPEG
/home/projects/bagon/shared/imagenet512/val/n02093859/ILSVRC2012_val_00003159.JPEG
/home/projects/bagon/shared/imagenet512/val/n04026417/ILSVRC2012_val_00013342.JPEG
/home/projects/bagon/shared/imagenet512/val/n02415577/ILSVRC2012_val_00038652.JPEG
/home/projects/bagon/shared/imagenet512/val/n04141076/ILSVRC2012_val_00032761.JPEG
/home/projects/bagon/shared/imagenet512/val/n03796401/ILSVRC2012_val_00025674.JPEG
/home/projects/bagon/shared/imagenet512/val/n02111500/ILSVRC2012_val_00038112.JPEG
/home/projects/bagon/shared/imagenet512/val/n04536866/ILSVRC2012_val_00016531.JPEG
/home/projects/bagon/shared/imagenet512/val/n02108915/ILSVRC2012_val_00036932.JPEG
/home/projects/bagon/shared/imagenet512/val/n04372370/ILSVRC2012_val_00030216.JPEG
/home/projects/bagon/shared/imagenet512/val/n03908618/ILSVRC2012_val_00040316.JPEG
/home/projects/bagon/shared/imagenet512/val/n02097474/ILSVRC2012_val_00025055.JPEG
/home/projects/bagon/shared/imagenet512/val/n04277352/ILSVRC2012_val_00021578.JPEG
/home/projects/bagon/shared/imagenet512/val/n02236044/ILSVRC2012_val_00021366.JPEG
/home/projects/bagon/shared/imagenet512/val/n02091244/ILSVRC2012_val_00000228.JPEG
/home/projects/bagon/shared/imagenet512/val/n03160309/ILSVRC2012_val_00006222.JPEG
/home/projects/bagon/shared/imagenet512/val/n04179913/ILSVRC2012_val_00012366.JPEG
/home/projects/bagon/shared/imagenet512/val/n04517823/ILSVRC2012_val_00020879.JPEG
/home/projects/bagon/shared/imagenet512/val/n02027492/ILSVRC2012_val_00034910.JPEG
/home/projects/bagon/shared/imagenet512/val/n03803284/ILSVRC2012_val_00034296.JPEG
/home/projects/bagon/shared/imagenet512/val/n03877472/ILSVRC2012_val_00016590.JPEG
/home/projects/bagon/shared/imagenet512/val/n04548362/ILSVRC2012_val_00011938.JPEG
/home/projects/bagon/shared/imagenet512/val/n04201297/ILSVRC2012_val_00046889.JPEG
/home/projects/bagon/shared/imagenet512/val/n02100877/ILSVRC2012_val_00015518.JPEG
/home/projects/bagon/shared/imagenet512/val/n01641577/ILSVRC2012_val_00043951.JPEG
/home/projects/bagon/shared/imagenet512/val/n02119789/ILSVRC2012_val_00033890.JPEG
/home/projects/bagon/shared/imagenet512/val/n01924916/ILSVRC2012_val_00008050.JPEG
/home/projects/bagon/shared/imagenet512/val/n03710721/ILSVRC2012_val_00009951.JPEG
/home/projects/bagon/shared/imagenet512/val/n03630383/ILSVRC2012_val_00011301.JPEG
/home/projects/bagon/shared/imagenet512/val/n01986214/ILSVRC2012_val_00028653.JPEG
/home/projects/bagon/shared/imagenet512/val/n03995372/ILSVRC2012_val_00048056.JPEG
/home/projects/bagon/shared/imagenet512/val/n09229709/ILSVRC2012_val_00020185.JPEG
/home/projects/bagon/shared/imagenet512/val/n04579432/ILSVRC2012_val_00044482.JPEG
/home/projects/bagon/shared/imagenet512/val/n04328186/ILSVRC2012_val_00037805.JPEG
/home/projects/bagon/shared/imagenet512/val/n03770439/ILSVRC2012_val_00039491.JPEG
/home/projects/bagon/shared/imagenet512/val/n03998194/ILSVRC2012_val_00031445.JPEG
/home/projects/bagon/shared/imagenet512/val/n03627232/ILSVRC2012_val_00033273.JPEG
/home/projects/bagon/shared/imagenet512/val/n04557648/ILSVRC2012_val_00015556.JPEG
/home/projects/bagon/shared/imagenet512/val/n02325366/ILSVRC2012_val_00033989.JPEG
/home/projects/bagon/shared/imagenet512/val/n03773504/ILSVRC2012_val_00026052.JPEG
/home/projects/bagon/shared/imagenet512/val/n04597913/ILSVRC2012_val_00036316.JPEG
/home/projects/bagon/shared/imagenet512/val/n04201297/ILSVRC2012_val_00032787.JPEG
/home/projects/bagon/shared/imagenet512/val/n01943899/ILSVRC2012_val_00010096.JPEG
/home/projects/bagon/shared/imagenet512/val/n04296562/ILSVRC2012_val_00020163.JPEG
/home/projects/bagon/shared/imagenet512/val/n03355925/ILSVRC2012_val_00017432.JPEG
/home/projects/bagon/shared/imagenet512/val/n03961711/ILSVRC2012_val_00034169.JPEG
/home/projects/bagon/shared/imagenet512/val/n02105641/ILSVRC2012_val_00041053.JPEG
/home/projects/bagon/shared/imagenet512/val/n01755581/ILSVRC2012_val_00038123.JPEG
/home/projects/bagon/shared/imagenet512/val/n02113712/ILSVRC2012_val_00029375.JPEG
/home/projects/bagon/shared/imagenet512/val/n01664065/ILSVRC2012_val_00043692.JPEG
/home/projects/bagon/shared/imagenet512/val/n02494079/ILSVRC2012_val_00033928.JPEG
/home/projects/bagon/shared/imagenet512/val/n03146219/ILSVRC2012_val_00049883.JPEG
/home/projects/bagon/shared/imagenet512/val/n03916031/ILSVRC2012_val_00035878.JPEG
/home/projects/bagon/shared/imagenet512/val/n02100877/ILSVRC2012_val_00030663.JPEG
/home/projects/bagon/shared/imagenet512/val/n04550184/ILSVRC2012_val_00008431.JPEG
/home/projects/bagon/shared/imagenet512/val/n03425413/ILSVRC2012_val_00048059.JPEG
/home/projects/bagon/shared/imagenet512/val/n01675722/ILSVRC2012_val_00011294.JPEG
/home/projects/bagon/shared/imagenet512/val/n02113978/ILSVRC2012_val_00031864.JPEG
/home/projects/bagon/shared/imagenet512/val/n02865351/ILSVRC2012_val_00012887.JPEG
/home/projects/bagon/shared/imagenet512/val/n03983396/ILSVRC2012_val_00019540.JPEG
/home/projects/bagon/shared/imagenet512/val/n01924916/ILSVRC2012_val_00049105.JPEG
/home/projects/bagon/shared/imagenet512/val/n04417672/ILSVRC2012_val_00013350.JPEG
/home/projects/bagon/shared/imagenet512/val/n03764736/ILSVRC2012_val_00014868.JPEG
/home/projects/bagon/shared/imagenet512/val/n03633091/ILSVRC2012_val_00029771.JPEG
/home/projects/bagon/shared/imagenet512/val/n04346328/ILSVRC2012_val_00041599.JPEG
/home/projects/bagon/shared/imagenet512/val/n04141975/ILSVRC2012_val_00015707.JPEG
/home/projects/bagon/shared/imagenet512/val/n04229816/ILSVRC2012_val_00043826.JPEG
/home/projects/bagon/shared/imagenet512/val/n03216828/ILSVRC2012_val_00001729.JPEG
/home/projects/bagon/shared/imagenet512/val/n02097658/ILSVRC2012_val_00044231.JPEG
/home/projects/bagon/shared/imagenet512/val/n01739381/ILSVRC2012_val_00043354.JPEG
/home/projects/bagon/shared/imagenet512/val/n03761084/ILSVRC2012_val_00042691.JPEG
/home/projects/bagon/shared/imagenet512/val/n03887697/ILSVRC2012_val_00036637.JPEG
/home/projects/bagon/shared/imagenet512/val/n07742313/ILSVRC2012_val_00024129.JPEG
/home/projects/bagon/shared/imagenet512/val/n09246464/ILSVRC2012_val_00013764.JPEG
/home/projects/bagon/shared/imagenet512/val/n02112350/ILSVRC2012_val_00005795.JPEG
/home/projects/bagon/shared/imagenet512/val/n02099601/ILSVRC2012_val_00020224.JPEG
/home/projects/bagon/shared/imagenet512/val/n04509417/ILSVRC2012_val_00023683.JPEG
/home/projects/bagon/shared/imagenet512/val/n07565083/ILSVRC2012_val_00006329.JPEG
/home/projects/bagon/shared/imagenet512/val/n03532672/ILSVRC2012_val_00000636.JPEG
/home/projects/bagon/shared/imagenet512/val/n03529860/ILSVRC2012_val_00047086.JPEG
/home/projects/bagon/shared/imagenet512/val/n02641379/ILSVRC2012_val_00033453.JPEG
/home/projects/bagon/shared/imagenet512/val/n02786058/ILSVRC2012_val_00049896.JPEG
/home/projects/bagon/shared/imagenet512/val/n04228054/ILSVRC2012_val_00040782.JPEG
/home/projects/bagon/shared/imagenet512/val/n02109047/ILSVRC2012_val_00004710.JPEG
/home/projects/bagon/shared/imagenet512/val/n03018349/ILSVRC2012_val_00026074.JPEG
/home/projects/bagon/shared/imagenet512/val/n02100583/ILSVRC2012_val_00013430.JPEG
/home/projects/bagon/shared/imagenet512/val/n04270147/ILSVRC2012_val_00025816.JPEG
/home/projects/bagon/shared/imagenet512/val/n01491361/ILSVRC2012_val_00046159.JPEG
/home/projects/bagon/shared/imagenet512/val/n04371430/ILSVRC2012_val_00041968.JPEG
/home/projects/bagon/shared/imagenet512/val/n03794056/ILSVRC2012_val_00040835.JPEG
/home/projects/bagon/shared/imagenet512/val/n03803284/ILSVRC2012_val_00002446.JPEG
/home/projects/bagon/shared/imagenet512/val/n02002724/ILSVRC2012_val_00021872.JPEG
/home/projects/bagon/shared/imagenet512/val/n03047690/ILSVRC2012_val_00039640.JPEG
/home/projects/bagon/shared/imagenet512/val/n02791270/ILSVRC2012_val_00018164.JPEG
/home/projects/bagon/shared/imagenet512/val/n04532670/ILSVRC2012_val_00044530.JPEG
/home/projects/bagon/shared/imagenet512/val/n04370456/ILSVRC2012_val_00043017.JPEG
/home/projects/bagon/shared/imagenet512/val/n02112706/ILSVRC2012_val_00007726.JPEG
/home/projects/bagon/shared/imagenet512/val/n03450230/ILSVRC2012_val_00002892.JPEG
/home/projects/bagon/shared/imagenet512/val/n04120489/ILSVRC2012_val_00028442.JPEG
/home/projects/bagon/shared/imagenet512/val/n02091635/ILSVRC2012_val_00006093.JPEG
/home/projects/bagon/shared/imagenet512/val/n02097209/ILSVRC2012_val_00040720.JPEG
/home/projects/bagon/shared/imagenet512/val/n04201297/ILSVRC2012_val_00035412.JPEG
/home/projects/bagon/shared/imagenet512/val/n02100583/ILSVRC2012_val_00040257.JPEG
/home/projects/bagon/shared/imagenet512/val/n03450230/ILSVRC2012_val_00017813.JPEG
/home/projects/bagon/shared/imagenet512/val/n02115641/ILSVRC2012_val_00007858.JPEG
/home/projects/bagon/shared/imagenet512/val/n01871265/ILSVRC2012_val_00027274.JPEG
/home/projects/bagon/shared/imagenet512/val/n07920052/ILSVRC2012_val_00032165.JPEG
/home/projects/bagon/shared/imagenet512/val/n03786901/ILSVRC2012_val_00011653.JPEG
/home/projects/bagon/shared/imagenet512/val/n04371774/ILSVRC2012_val_00047466.JPEG
/home/projects/bagon/shared/imagenet512/val/n02066245/ILSVRC2012_val_00018438.JPEG
/home/projects/bagon/shared/imagenet512/val/n02276258/ILSVRC2012_val_00005000.JPEG
/home/projects/bagon/shared/imagenet512/val/n03920288/ILSVRC2012_val_00002389.JPEG
/home/projects/bagon/shared/imagenet512/val/n01744401/ILSVRC2012_val_00044580.JPEG
/home/projects/bagon/shared/imagenet512/val/n04485082/ILSVRC2012_val_00003849.JPEG
/home/projects/bagon/shared/imagenet512/val/n01749939/ILSVRC2012_val_00014769.JPEG
/home/projects/bagon/shared/imagenet512/val/n07615774/ILSVRC2012_val_00040761.JPEG
/home/projects/bagon/shared/imagenet512/val/n02168699/ILSVRC2012_val_00007520.JPEG
/home/projects/bagon/shared/imagenet512/val/n03874599/ILSVRC2012_val_00027371.JPEG
/home/projects/bagon/shared/imagenet512/val/n03100240/ILSVRC2012_val_00038876.JPEG
/home/projects/bagon/shared/imagenet512/val/n03649909/ILSVRC2012_val_00001433.JPEG
/home/projects/bagon/shared/imagenet512/val/n03425413/ILSVRC2012_val_00031412.JPEG
/home/projects/bagon/shared/imagenet512/val/n03982430/ILSVRC2012_val_00023993.JPEG
/home/projects/bagon/shared/imagenet512/val/n02802426/ILSVRC2012_val_00010546.JPEG
/home/projects/bagon/shared/imagenet512/val/n02837789/ILSVRC2012_val_00045787.JPEG
/home/projects/bagon/shared/imagenet512/val/n09428293/ILSVRC2012_val_00001304.JPEG
/home/projects/bagon/shared/imagenet512/val/n03602883/ILSVRC2012_val_00010992.JPEG
/home/projects/bagon/shared/imagenet512/val/n13133613/ILSVRC2012_val_00047190.JPEG
/home/projects/bagon/shared/imagenet512/val/n03794056/ILSVRC2012_val_00028156.JPEG
/home/projects/bagon/shared/imagenet512/val/n03075370/ILSVRC2012_val_00015852.JPEG
/home/projects/bagon/shared/imagenet512/val/n02641379/ILSVRC2012_val_00017079.JPEG
/home/projects/bagon/shared/imagenet512/val/n03476991/ILSVRC2012_val_00022083.JPEG
/home/projects/bagon/shared/imagenet512/val/n02112706/ILSVRC2012_val_00021483.JPEG
/home/projects/bagon/shared/imagenet512/val/n02107908/ILSVRC2012_val_00011242.JPEG
/home/projects/bagon/shared/imagenet512/val/n03887697/ILSVRC2012_val_00013453.JPEG
/home/projects/bagon/shared/imagenet512/val/n07715103/ILSVRC2012_val_00037539.JPEG
/home/projects/bagon/shared/imagenet512/val/n04552348/ILSVRC2012_val_00005116.JPEG
/home/projects/bagon/shared/imagenet512/val/n02641379/ILSVRC2012_val_00043238.JPEG
/home/projects/bagon/shared/imagenet512/val/n04435653/ILSVRC2012_val_00019471.JPEG
/home/projects/bagon/shared/imagenet512/val/n04254777/ILSVRC2012_val_00014637.JPEG
/home/projects/bagon/shared/imagenet512/val/n03933933/ILSVRC2012_val_00023136.JPEG
/home/projects/bagon/shared/imagenet512/val/n01728920/ILSVRC2012_val_00015488.JPEG
/home/projects/bagon/shared/imagenet512/val/n04239074/ILSVRC2012_val_00041234.JPEG
/home/projects/bagon/shared/imagenet512/val/n02492660/ILSVRC2012_val_00008878.JPEG
/home/projects/bagon/shared/imagenet512/val/n02783161/ILSVRC2012_val_00044470.JPEG
/home/projects/bagon/shared/imagenet512/val/n02089973/ILSVRC2012_val_00042318.JPEG
/home/projects/bagon/shared/imagenet512/val/n03903868/ILSVRC2012_val_00002193.JPEG
/home/projects/bagon/shared/imagenet512/val/n02910353/ILSVRC2012_val_00045754.JPEG
/home/projects/bagon/shared/imagenet512/val/n02100583/ILSVRC2012_val_00040467.JPEG
/home/projects/bagon/shared/imagenet512/val/n03249569/ILSVRC2012_val_00010381.JPEG
/home/projects/bagon/shared/imagenet512/val/n04332243/ILSVRC2012_val_00021161.JPEG
/home/projects/bagon/shared/imagenet512/val/n02606052/ILSVRC2012_val_00049577.JPEG
/home/projects/bagon/shared/imagenet512/val/n01980166/ILSVRC2012_val_00035361.JPEG
/home/projects/bagon/shared/imagenet512/val/n01756291/ILSVRC2012_val_00032401.JPEG
/home/projects/bagon/shared/imagenet512/val/n09472597/ILSVRC2012_val_00037497.JPEG
/home/projects/bagon/shared/imagenet512/val/n07579787/ILSVRC2012_val_00020876.JPEG
/home/projects/bagon/shared/imagenet512/val/n02815834/ILSVRC2012_val_00028516.JPEG
/home/projects/bagon/shared/imagenet512/val/n01689811/ILSVRC2012_val_00037686.JPEG
/home/projects/bagon/shared/imagenet512/val/n03908714/ILSVRC2012_val_00039820.JPEG
/home/projects/bagon/shared/imagenet512/val/n03445777/ILSVRC2012_val_00012634.JPEG
/home/projects/bagon/shared/imagenet512/val/n03666591/ILSVRC2012_val_00047097.JPEG
/home/projects/bagon/shared/imagenet512/val/n02346627/ILSVRC2012_val_00036853.JPEG
/home/projects/bagon/shared/imagenet512/val/n02105412/ILSVRC2012_val_00041115.JPEG
/home/projects/bagon/shared/imagenet512/val/n01616318/ILSVRC2012_val_00047350.JPEG
/home/projects/bagon/shared/imagenet512/val/n04149813/ILSVRC2012_val_00013984.JPEG
/home/projects/bagon/shared/imagenet512/val/n03950228/ILSVRC2012_val_00045137.JPEG
/home/projects/bagon/shared/imagenet512/val/n01981276/ILSVRC2012_val_00024010.JPEG
/home/projects/bagon/shared/imagenet512/val/n04461696/ILSVRC2012_val_00013149.JPEG
/home/projects/bagon/shared/imagenet512/val/n03584829/ILSVRC2012_val_00007158.JPEG
/home/projects/bagon/shared/imagenet512/val/n04259630/ILSVRC2012_val_00037401.JPEG
/home/projects/bagon/shared/imagenet512/val/n01675722/ILSVRC2012_val_00005708.JPEG
/home/projects/bagon/shared/imagenet512/val/n03141823/ILSVRC2012_val_00037382.JPEG
/home/projects/bagon/shared/imagenet512/val/n04532670/ILSVRC2012_val_00017492.JPEG
/home/projects/bagon/shared/imagenet512/val/n02783161/ILSVRC2012_val_00034540.JPEG
/home/projects/bagon/shared/imagenet512/val/n01871265/ILSVRC2012_val_00045361.JPEG
/home/projects/bagon/shared/imagenet512/val/n02085620/ILSVRC2012_val_00020016.JPEG
/home/projects/bagon/shared/imagenet512/val/n01687978/ILSVRC2012_val_00016637.JPEG
/home/projects/bagon/shared/imagenet512/val/n04235860/ILSVRC2012_val_00025118.JPEG
/home/projects/bagon/shared/imagenet512/val/n02979186/ILSVRC2012_val_00046953.JPEG
/home/projects/bagon/shared/imagenet512/val/n02104029/ILSVRC2012_val_00028346.JPEG
/home/projects/bagon/shared/imagenet512/val/n04153751/ILSVRC2012_val_00036201.JPEG
/home/projects/bagon/shared/imagenet512/val/n02113712/ILSVRC2012_val_00000867.JPEG
/home/projects/bagon/shared/imagenet512/val/n02099267/ILSVRC2012_val_00010382.JPEG
/home/projects/bagon/shared/imagenet512/val/n01697457/ILSVRC2012_val_00030076.JPEG
/home/projects/bagon/shared/imagenet512/val/n01675722/ILSVRC2012_val_00032254.JPEG
/home/projects/bagon/shared/imagenet512/val/n07873807/ILSVRC2012_val_00047524.JPEG
/home/projects/bagon/shared/imagenet512/val/n02119022/ILSVRC2012_val_00036547.JPEG
/home/projects/bagon/shared/imagenet512/val/n02883205/ILSVRC2012_val_00003934.JPEG
/home/projects/bagon/shared/imagenet512/val/n03658185/ILSVRC2012_val_00036764.JPEG
/home/projects/bagon/shared/imagenet512/val/n03532672/ILSVRC2012_val_00046662.JPEG
/home/projects/bagon/shared/imagenet512/val/n03633091/ILSVRC2012_val_00037722.JPEG
/home/projects/bagon/shared/imagenet512/val/n03133878/ILSVRC2012_val_00045308.JPEG
/home/projects/bagon/shared/imagenet512/val/n01968897/ILSVRC2012_val_00028933.JPEG
/home/projects/bagon/shared/imagenet512/val/n01990800/ILSVRC2012_val_00035191.JPEG
/home/projects/bagon/shared/imagenet512/val/n04286575/ILSVRC2012_val_00044324.JPEG
/home/projects/bagon/shared/imagenet512/val/n03633091/ILSVRC2012_val_00039098.JPEG
/home/projects/bagon/shared/imagenet512/val/n03938244/ILSVRC2012_val_00002959.JPEG
/home/projects/bagon/shared/imagenet512/val/n03958227/ILSVRC2012_val_00032802.JPEG
/home/projects/bagon/shared/imagenet512/val/n01693334/ILSVRC2012_val_00035818.JPEG
/home/projects/bagon/shared/imagenet512/val/n04192698/ILSVRC2012_val_00041324.JPEG
/home/projects/bagon/shared/imagenet512/val/n02788148/ILSVRC2012_val_00029432.JPEG
/home/projects/bagon/shared/imagenet512/val/n07880968/ILSVRC2012_val_00029730.JPEG
/home/projects/bagon/shared/imagenet512/val/n03657121/ILSVRC2012_val_00026150.JPEG
/home/projects/bagon/shared/imagenet512/val/n02791124/ILSVRC2012_val_00045348.JPEG
/home/projects/bagon/shared/imagenet512/val/n03249569/ILSVRC2012_val_00029379.JPEG
/home/projects/bagon/shared/imagenet512/val/n02708093/ILSVRC2012_val_00019532.JPEG
/home/projects/bagon/shared/imagenet512/val/n02098413/ILSVRC2012_val_00007497.JPEG
/home/projects/bagon/shared/imagenet512/val/n03095699/ILSVRC2012_val_00006254.JPEG
/home/projects/bagon/shared/imagenet512/val/n02808440/ILSVRC2012_val_00036803.JPEG
/home/projects/bagon/shared/imagenet512/val/n02090379/ILSVRC2012_val_00011798.JPEG
/home/projects/bagon/shared/imagenet512/val/n03063599/ILSVRC2012_val_00002430.JPEG
/home/projects/bagon/shared/imagenet512/val/n02093754/ILSVRC2012_val_00024411.JPEG
/home/projects/bagon/shared/imagenet512/val/n04507155/ILSVRC2012_val_00008575.JPEG
/home/projects/bagon/shared/imagenet512/val/n03110669/ILSVRC2012_val_00046216.JPEG
/home/projects/bagon/shared/imagenet512/val/n02906734/ILSVRC2012_val_00032789.JPEG
/home/projects/bagon/shared/imagenet512/val/n02097130/ILSVRC2012_val_00010402.JPEG
/home/projects/bagon/shared/imagenet512/val/n02791124/ILSVRC2012_val_00040965.JPEG
/home/projects/bagon/shared/imagenet512/val/n01644373/ILSVRC2012_val_00043369.JPEG
/home/projects/bagon/shared/imagenet512/val/n03720891/ILSVRC2012_val_00043932.JPEG
/home/projects/bagon/shared/imagenet512/val/n03950228/ILSVRC2012_val_00018978.JPEG
/home/projects/bagon/shared/imagenet512/val/n07745940/ILSVRC2012_val_00001194.JPEG
/home/projects/bagon/shared/imagenet512/val/n04270147/ILSVRC2012_val_00037074.JPEG
/home/projects/bagon/shared/imagenet512/val/n02481823/ILSVRC2012_val_00011245.JPEG
/home/projects/bagon/shared/imagenet512/val/n03970156/ILSVRC2012_val_00033292.JPEG
/home/projects/bagon/shared/imagenet512/val/n02095889/ILSVRC2012_val_00039862.JPEG
/home/projects/bagon/shared/imagenet512/val/n03770679/ILSVRC2012_val_00037829.JPEG
/home/projects/bagon/shared/imagenet512/val/n04367480/ILSVRC2012_val_00020798.JPEG
/home/projects/bagon/shared/imagenet512/val/n07747607/ILSVRC2012_val_00042291.JPEG
/home/projects/bagon/shared/imagenet512/val/n04005630/ILSVRC2012_val_00027501.JPEG
/home/projects/bagon/shared/imagenet512/val/n03666591/ILSVRC2012_val_00006224.JPEG
/home/projects/bagon/shared/imagenet512/val/n01985128/ILSVRC2012_val_00001744.JPEG
/home/projects/bagon/shared/imagenet512/val/n02808304/ILSVRC2012_val_00037173.JPEG
/home/projects/bagon/shared/imagenet512/val/n04590129/ILSVRC2012_val_00010998.JPEG
/home/projects/bagon/shared/imagenet512/val/n01773549/ILSVRC2012_val_00019042.JPEG
/home/projects/bagon/shared/imagenet512/val/n07714571/ILSVRC2012_val_00041102.JPEG
/home/projects/bagon/shared/imagenet512/val/n02094258/ILSVRC2012_val_00019094.JPEG
/home/projects/bagon/shared/imagenet512/val/n04370456/ILSVRC2012_val_00022909.JPEG
/home/projects/bagon/shared/imagenet512/val/n09472597/ILSVRC2012_val_00023470.JPEG
/home/projects/bagon/shared/imagenet512/val/n07615774/ILSVRC2012_val_00035021.JPEG
/home/projects/bagon/shared/imagenet512/val/n04141076/ILSVRC2012_val_00028942.JPEG
/home/projects/bagon/shared/imagenet512/val/n04239074/ILSVRC2012_val_00027039.JPEG
/home/projects/bagon/shared/imagenet512/val/n07716906/ILSVRC2012_val_00025707.JPEG
/home/projects/bagon/shared/imagenet512/val/n01914609/ILSVRC2012_val_00049977.JPEG
/home/projects/bagon/shared/imagenet512/val/n04487394/ILSVRC2012_val_00005962.JPEG
/home/projects/bagon/shared/imagenet512/val/n13054560/ILSVRC2012_val_00037227.JPEG
/home/projects/bagon/shared/imagenet512/val/n04041544/ILSVRC2012_val_00007533.JPEG
/home/projects/bagon/shared/imagenet512/val/n01728572/ILSVRC2012_val_00014797.JPEG
/home/projects/bagon/shared/imagenet512/val/n02504013/ILSVRC2012_val_00049390.JPEG
/home/projects/bagon/shared/imagenet512/val/n03461385/ILSVRC2012_val_00003824.JPEG
/home/projects/bagon/shared/imagenet512/val/n03124043/ILSVRC2012_val_00017295.JPEG
/home/projects/bagon/shared/imagenet512/val/n03249569/ILSVRC2012_val_00041006.JPEG
/home/projects/bagon/shared/imagenet512/val/n04336792/ILSVRC2012_val_00022231.JPEG
/home/projects/bagon/shared/imagenet512/val/n03691459/ILSVRC2012_val_00006454.JPEG
/home/projects/bagon/shared/imagenet512/val/n02058221/ILSVRC2012_val_00010446.JPEG
/home/projects/bagon/shared/imagenet512/val/n04461696/ILSVRC2012_val_00049076.JPEG
/home/projects/bagon/shared/imagenet512/val/n04476259/ILSVRC2012_val_00040292.JPEG
/home/projects/bagon/shared/imagenet512/val/n04399382/ILSVRC2012_val_00036182.JPEG
/home/projects/bagon/shared/imagenet512/val/n02096177/ILSVRC2012_val_00001852.JPEG
/home/projects/bagon/shared/imagenet512/val/n03720891/ILSVRC2012_val_00049339.JPEG
/home/projects/bagon/shared/imagenet512/val/n02108000/ILSVRC2012_val_00010617.JPEG
/home/projects/bagon/shared/imagenet512/val/n04597913/ILSVRC2012_val_00030008.JPEG
/home/projects/bagon/shared/imagenet512/val/n03995372/ILSVRC2012_val_00012847.JPEG
/home/projects/bagon/shared/imagenet512/val/n02437616/ILSVRC2012_val_00026173.JPEG
/home/projects/bagon/shared/imagenet512/val/n01698640/ILSVRC2012_val_00022545.JPEG
/home/projects/bagon/shared/imagenet512/val/n02037110/ILSVRC2012_val_00004583.JPEG
/home/projects/bagon/shared/imagenet512/val/n02346627/ILSVRC2012_val_00034246.JPEG
/home/projects/bagon/shared/imagenet512/val/n03843555/ILSVRC2012_val_00002341.JPEG
/home/projects/bagon/shared/imagenet512/val/n03179701/ILSVRC2012_val_00012239.JPEG
/home/projects/bagon/shared/imagenet512/val/n01847000/ILSVRC2012_val_00047833.JPEG
/home/projects/bagon/shared/imagenet512/val/n01914609/ILSVRC2012_val_00037177.JPEG
/home/projects/bagon/shared/imagenet512/val/n01682714/ILSVRC2012_val_00035598.JPEG
/home/projects/bagon/shared/imagenet512/val/n01748264/ILSVRC2012_val_00003143.JPEG
/home/projects/bagon/shared/imagenet512/val/n02415577/ILSVRC2012_val_00016316.JPEG
/home/projects/bagon/shared/imagenet512/val/n03594945/ILSVRC2012_val_00005147.JPEG
/home/projects/bagon/shared/imagenet512/val/n04355338/ILSVRC2012_val_00036305.JPEG
/home/projects/bagon/shared/imagenet512/val/n02977058/ILSVRC2012_val_00017647.JPEG
/home/projects/bagon/shared/imagenet512/val/n03598930/ILSVRC2012_val_00001266.JPEG
/home/projects/bagon/shared/imagenet512/val/n02206856/ILSVRC2012_val_00022948.JPEG
/home/projects/bagon/shared/imagenet512/val/n02799071/ILSVRC2012_val_00044650.JPEG
/home/projects/bagon/shared/imagenet512/val/n03958227/ILSVRC2012_val_00046194.JPEG
/home/projects/bagon/shared/imagenet512/val/n03838899/ILSVRC2012_val_00021863.JPEG
/home/projects/bagon/shared/imagenet512/val/n02892767/ILSVRC2012_val_00021377.JPEG
/home/projects/bagon/shared/imagenet512/val/n02487347/ILSVRC2012_val_00029789.JPEG
/home/projects/bagon/shared/imagenet512/val/n01807496/ILSVRC2012_val_00038023.JPEG
/home/projects/bagon/shared/imagenet512/val/n01910747/ILSVRC2012_val_00027969.JPEG
/home/projects/bagon/shared/imagenet512/val/n03742115/ILSVRC2012_val_00001318.JPEG
/home/projects/bagon/shared/imagenet512/val/n02107142/ILSVRC2012_val_00009004.JPEG
/home/projects/bagon/shared/imagenet512/val/n09332890/ILSVRC2012_val_00015764.JPEG
/home/projects/bagon/shared/imagenet512/val/n04562935/ILSVRC2012_val_00023670.JPEG
/home/projects/bagon/shared/imagenet512/val/n02106550/ILSVRC2012_val_00049344.JPEG
/home/projects/bagon/shared/imagenet512/val/n02093754/ILSVRC2012_val_00045614.JPEG
/home/projects/bagon/shared/imagenet512/val/n04507155/ILSVRC2012_val_00002233.JPEG
/home/projects/bagon/shared/imagenet512/val/n02669723/ILSVRC2012_val_00023217.JPEG
/home/projects/bagon/shared/imagenet512/val/n03126707/ILSVRC2012_val_00030723.JPEG
/home/projects/bagon/shared/imagenet512/val/n02640242/ILSVRC2012_val_00017862.JPEG
/home/projects/bagon/shared/imagenet512/val/n03218198/ILSVRC2012_val_00007393.JPEG
/home/projects/bagon/shared/imagenet512/val/n04033995/ILSVRC2012_val_00014527.JPEG
/home/projects/bagon/shared/imagenet512/val/n07747607/ILSVRC2012_val_00040122.JPEG
/home/projects/bagon/shared/imagenet512/val/n02105251/ILSVRC2012_val_00035800.JPEG
/home/projects/bagon/shared/imagenet512/val/n04552348/ILSVRC2012_val_00003293.JPEG
/home/projects/bagon/shared/imagenet512/val/n02110063/ILSVRC2012_val_00039359.JPEG
/home/projects/bagon/shared/imagenet512/val/n04372370/ILSVRC2012_val_00045658.JPEG
/home/projects/bagon/shared/imagenet512/val/n04228054/ILSVRC2012_val_00028517.JPEG
/home/projects/bagon/shared/imagenet512/val/n02676566/ILSVRC2012_val_00013613.JPEG
/home/projects/bagon/shared/imagenet512/val/n02906734/ILSVRC2012_val_00028772.JPEG
/home/projects/bagon/shared/imagenet512/val/n03995372/ILSVRC2012_val_00013816.JPEG
/home/projects/bagon/shared/imagenet512/val/n03388183/ILSVRC2012_val_00040319.JPEG
/home/projects/bagon/shared/imagenet512/val/n02168699/ILSVRC2012_val_00010411.JPEG
/home/projects/bagon/shared/imagenet512/val/n02999410/ILSVRC2012_val_00018148.JPEG
/home/projects/bagon/shared/imagenet512/val/n02777292/ILSVRC2012_val_00046016.JPEG
/home/projects/bagon/shared/imagenet512/val/n02107908/ILSVRC2012_val_00045980.JPEG
/home/projects/bagon/shared/imagenet512/val/n04192698/ILSVRC2012_val_00030177.JPEG
/home/projects/bagon/shared/imagenet512/val/n02190166/ILSVRC2012_val_00033705.JPEG
/home/projects/bagon/shared/imagenet512/val/n02236044/ILSVRC2012_val_00031168.JPEG
/home/projects/bagon/shared/imagenet512/val/n02483362/ILSVRC2012_val_00029738.JPEG
/home/projects/bagon/shared/imagenet512/val/n04049303/ILSVRC2012_val_00030533.JPEG
/home/projects/bagon/shared/imagenet512/val/n04004767/ILSVRC2012_val_00024375.JPEG
/home/projects/bagon/shared/imagenet512/val/n02018207/ILSVRC2012_val_00012309.JPEG
/home/projects/bagon/shared/imagenet512/val/n03761084/ILSVRC2012_val_00038692.JPEG
/home/projects/bagon/shared/imagenet512/val/n01978287/ILSVRC2012_val_00020511.JPEG
/home/projects/bagon/shared/imagenet512/val/n02790996/ILSVRC2012_val_00014671.JPEG
/home/projects/bagon/shared/imagenet512/val/n03450230/ILSVRC2012_val_00003778.JPEG
/home/projects/bagon/shared/imagenet512/val/n02112706/ILSVRC2012_val_00013524.JPEG
/home/projects/bagon/shared/imagenet512/val/n02105251/ILSVRC2012_val_00040386.JPEG
/home/projects/bagon/shared/imagenet512/val/n04005630/ILSVRC2012_val_00049791.JPEG
/home/projects/bagon/shared/imagenet512/val/n04040759/ILSVRC2012_val_00011284.JPEG
/home/projects/bagon/shared/imagenet512/val/n02916936/ILSVRC2012_val_00047632.JPEG
/home/projects/bagon/shared/imagenet512/val/n01986214/ILSVRC2012_val_00007757.JPEG
/home/projects/bagon/shared/imagenet512/val/n07615774/ILSVRC2012_val_00032703.JPEG
/home/projects/bagon/shared/imagenet512/val/n02328150/ILSVRC2012_val_00029632.JPEG
/home/projects/bagon/shared/imagenet512/val/n02110806/ILSVRC2012_val_00047019.JPEG
/home/projects/bagon/shared/imagenet512/val/n01755581/ILSVRC2012_val_00032036.JPEG
/home/projects/bagon/shared/imagenet512/val/n03837869/ILSVRC2012_val_00017240.JPEG
/home/projects/bagon/shared/imagenet512/val/n04070727/ILSVRC2012_val_00049708.JPEG
/home/projects/bagon/shared/imagenet512/val/n03141823/ILSVRC2012_val_00044432.JPEG
/home/projects/bagon/shared/imagenet512/val/n03347037/ILSVRC2012_val_00010414.JPEG
/home/projects/bagon/shared/imagenet512/val/n04033995/ILSVRC2012_val_00047483.JPEG
/home/projects/bagon/shared/imagenet512/val/n04482393/ILSVRC2012_val_00049583.JPEG
/home/projects/bagon/shared/imagenet512/val/n04372370/ILSVRC2012_val_00036255.JPEG
/home/projects/bagon/shared/imagenet512/val/n02110063/ILSVRC2012_val_00017722.JPEG
/home/projects/bagon/shared/imagenet512/val/n03908714/ILSVRC2012_val_00004441.JPEG
/home/projects/bagon/shared/imagenet512/val/n03706229/ILSVRC2012_val_00036426.JPEG
/home/projects/bagon/shared/imagenet512/val/n01753488/ILSVRC2012_val_00038078.JPEG
/home/projects/bagon/shared/imagenet512/val/n01491361/ILSVRC2012_val_00049000.JPEG
/home/projects/bagon/shared/imagenet512/val/n03691459/ILSVRC2012_val_00020742.JPEG
/home/projects/bagon/shared/imagenet512/val/n03709823/ILSVRC2012_val_00003950.JPEG
/home/projects/bagon/shared/imagenet512/val/n04476259/ILSVRC2012_val_00049432.JPEG
/home/projects/bagon/shared/imagenet512/val/n04392985/ILSVRC2012_val_00031475.JPEG
/home/projects/bagon/shared/imagenet512/val/n03814639/ILSVRC2012_val_00046715.JPEG
/home/projects/bagon/shared/imagenet512/val/n01685808/ILSVRC2012_val_00034647.JPEG
/home/projects/bagon/shared/imagenet512/val/n03594734/ILSVRC2012_val_00032071.JPEG
/home/projects/bagon/shared/imagenet512/val/n07565083/ILSVRC2012_val_00037378.JPEG
/home/projects/bagon/shared/imagenet512/val/n03710721/ILSVRC2012_val_00019255.JPEG
/home/projects/bagon/shared/imagenet512/val/n04447861/ILSVRC2012_val_00028306.JPEG
/home/projects/bagon/shared/imagenet512/val/n04154565/ILSVRC2012_val_00013416.JPEG
/home/projects/bagon/shared/imagenet512/val/n04476259/ILSVRC2012_val_00039614.JPEG
/home/projects/bagon/shared/imagenet512/val/n02783161/ILSVRC2012_val_00027801.JPEG
/home/projects/bagon/shared/imagenet512/val/n07615774/ILSVRC2012_val_00020378.JPEG
/home/projects/bagon/shared/imagenet512/val/n01985128/ILSVRC2012_val_00049657.JPEG
/home/projects/bagon/shared/imagenet512/val/n04487394/ILSVRC2012_val_00041246.JPEG
/home/projects/bagon/shared/imagenet512/val/n02930766/ILSVRC2012_val_00010637.JPEG
/home/projects/bagon/shared/imagenet512/val/n02526121/ILSVRC2012_val_00002381.JPEG
/home/projects/bagon/shared/imagenet512/val/n03134739/ILSVRC2012_val_00004048.JPEG
/home/projects/bagon/shared/imagenet512/val/n02788148/ILSVRC2012_val_00017707.JPEG
/home/projects/bagon/shared/imagenet512/val/n04522168/ILSVRC2012_val_00049753.JPEG
/home/projects/bagon/shared/imagenet512/val/n10148035/ILSVRC2012_val_00035759.JPEG
/home/projects/bagon/shared/imagenet512/val/n04252077/ILSVRC2012_val_00041125.JPEG
/home/projects/bagon/shared/imagenet512/val/n04367480/ILSVRC2012_val_00016625.JPEG
/home/projects/bagon/shared/imagenet512/val/n02415577/ILSVRC2012_val_00044438.JPEG
/home/projects/bagon/shared/imagenet512/val/n07697313/ILSVRC2012_val_00049457.JPEG
/home/projects/bagon/shared/imagenet512/val/n02930766/ILSVRC2012_val_00041065.JPEG
/home/projects/bagon/shared/imagenet512/val/n02107312/ILSVRC2012_val_00008809.JPEG
/home/projects/bagon/shared/imagenet512/val/n02168699/ILSVRC2012_val_00017893.JPEG
/home/projects/bagon/shared/imagenet512/val/n02097298/ILSVRC2012_val_00048527.JPEG
/home/projects/bagon/shared/imagenet512/val/n03770679/ILSVRC2012_val_00045148.JPEG
/home/projects/bagon/shared/imagenet512/val/n04209239/ILSVRC2012_val_00013948.JPEG
/home/projects/bagon/shared/imagenet512/val/n03047690/ILSVRC2012_val_00015276.JPEG
/home/projects/bagon/shared/imagenet512/val/n03180011/ILSVRC2012_val_00022226.JPEG
/home/projects/bagon/shared/imagenet512/val/n03388183/ILSVRC2012_val_00044261.JPEG
/home/projects/bagon/shared/imagenet512/val/n02536864/ILSVRC2012_val_00018581.JPEG
/home/projects/bagon/shared/imagenet512/val/n02089973/ILSVRC2012_val_00018202.JPEG
/home/projects/bagon/shared/imagenet512/val/n04596742/ILSVRC2012_val_00001328.JPEG
/home/projects/bagon/shared/imagenet512/val/n01514668/ILSVRC2012_val_00019101.JPEG
/home/projects/bagon/shared/imagenet512/val/n02105056/ILSVRC2012_val_00049719.JPEG
/home/projects/bagon/shared/imagenet512/val/n02105641/ILSVRC2012_val_00004008.JPEG
/home/projects/bagon/shared/imagenet512/val/n07753592/ILSVRC2012_val_00028841.JPEG
/home/projects/bagon/shared/imagenet512/val/n04033901/ILSVRC2012_val_00007590.JPEG
/home/projects/bagon/shared/imagenet512/val/n02966687/ILSVRC2012_val_00036120.JPEG
/home/projects/bagon/shared/imagenet512/val/n02488291/ILSVRC2012_val_00047372.JPEG
/home/projects/bagon/shared/imagenet512/val/n09193705/ILSVRC2012_val_00035187.JPEG
/home/projects/bagon/shared/imagenet512/val/n09193705/ILSVRC2012_val_00042956.JPEG
/home/projects/bagon/shared/imagenet512/val/n02268853/ILSVRC2012_val_00026065.JPEG
/home/projects/bagon/shared/imagenet512/val/n02791270/ILSVRC2012_val_00018506.JPEG
/home/projects/bagon/shared/imagenet512/val/n02077923/ILSVRC2012_val_00032816.JPEG
/home/projects/bagon/shared/imagenet512/val/n02492035/ILSVRC2012_val_00016791.JPEG
/home/projects/bagon/shared/imagenet512/val/n03100240/ILSVRC2012_val_00029454.JPEG
/home/projects/bagon/shared/imagenet512/val/n04252077/ILSVRC2012_val_00005353.JPEG
/home/projects/bagon/shared/imagenet512/val/n04228054/ILSVRC2012_val_00045954.JPEG
/home/projects/bagon/shared/imagenet512/val/n10148035/ILSVRC2012_val_00032577.JPEG
/home/projects/bagon/shared/imagenet512/val/n03494278/ILSVRC2012_val_00004948.JPEG
/home/projects/bagon/shared/imagenet512/val/n01776313/ILSVRC2012_val_00029069.JPEG
/home/projects/bagon/shared/imagenet512/val/n02909870/ILSVRC2012_val_00042988.JPEG
/home/projects/bagon/shared/imagenet512/val/n04136333/ILSVRC2012_val_00041397.JPEG
/home/projects/bagon/shared/imagenet512/val/n03124043/ILSVRC2012_val_00009961.JPEG
/home/projects/bagon/shared/imagenet512/val/n03255030/ILSVRC2012_val_00026198.JPEG
/home/projects/bagon/shared/imagenet512/val/n04154565/ILSVRC2012_val_00045274.JPEG
/home/projects/bagon/shared/imagenet512/val/n03742115/ILSVRC2012_val_00022315.JPEG
/home/projects/bagon/shared/imagenet512/val/n03803284/ILSVRC2012_val_00037327.JPEG
/home/projects/bagon/shared/imagenet512/val/n04328186/ILSVRC2012_val_00005075.JPEG
/home/projects/bagon/shared/imagenet512/val/n02138441/ILSVRC2012_val_00028836.JPEG
/home/projects/bagon/shared/imagenet512/val/n07718472/ILSVRC2012_val_00010054.JPEG
/home/projects/bagon/shared/imagenet512/val/n03372029/ILSVRC2012_val_00014407.JPEG
/home/projects/bagon/shared/imagenet512/val/n01484850/ILSVRC2012_val_00008848.JPEG
/home/projects/bagon/shared/imagenet512/val/n03485794/ILSVRC2012_val_00025603.JPEG
/home/projects/bagon/shared/imagenet512/val/n02877765/ILSVRC2012_val_00047879.JPEG
/home/projects/bagon/shared/imagenet512/val/n04005630/ILSVRC2012_val_00022471.JPEG
/home/projects/bagon/shared/imagenet512/val/n04332243/ILSVRC2012_val_00001681.JPEG
/home/projects/bagon/shared/imagenet512/val/n03803284/ILSVRC2012_val_00016404.JPEG
/home/projects/bagon/shared/imagenet512/val/n03908714/ILSVRC2012_val_00041868.JPEG
/home/projects/bagon/shared/imagenet512/val/n02837789/ILSVRC2012_val_00032484.JPEG
/home/projects/bagon/shared/imagenet512/val/n07714571/ILSVRC2012_val_00033354.JPEG
/home/projects/bagon/shared/imagenet512/val/n04591713/ILSVRC2012_val_00040395.JPEG
/home/projects/bagon/shared/imagenet512/val/n02037110/ILSVRC2012_val_00005266.JPEG
/home/projects/bagon/shared/imagenet512/val/n02859443/ILSVRC2012_val_00037271.JPEG
/home/projects/bagon/shared/imagenet512/val/n04209133/ILSVRC2012_val_00018778.JPEG
/home/projects/bagon/shared/imagenet512/val/n07716906/ILSVRC2012_val_00025007.JPEG
/home/projects/bagon/shared/imagenet512/val/n03938244/ILSVRC2012_val_00024714.JPEG
/home/projects/bagon/shared/imagenet512/val/n02091635/ILSVRC2012_val_00002397.JPEG
/home/projects/bagon/shared/imagenet512/val/n03216828/ILSVRC2012_val_00016561.JPEG
/home/projects/bagon/shared/imagenet512/val/n02097658/ILSVRC2012_val_00025048.JPEG
/home/projects/bagon/shared/imagenet512/val/n04509417/ILSVRC2012_val_00036059.JPEG
/home/projects/bagon/shared/imagenet512/val/n03000134/ILSVRC2012_val_00041208.JPEG
/home/projects/bagon/shared/imagenet512/val/n04325704/ILSVRC2012_val_00020882.JPEG
/home/projects/bagon/shared/imagenet512/val/n03017168/ILSVRC2012_val_00047514.JPEG
/home/projects/bagon/shared/imagenet512/val/n02437312/ILSVRC2012_val_00030464.JPEG
/home/projects/bagon/shared/imagenet512/val/n02012849/ILSVRC2012_val_00001716.JPEG
/home/projects/bagon/shared/imagenet512/val/n02128925/ILSVRC2012_val_00010173.JPEG
/home/projects/bagon/shared/imagenet512/val/n03759954/ILSVRC2012_val_00042490.JPEG
/home/projects/bagon/shared/imagenet512/val/n03720891/ILSVRC2012_val_00011678.JPEG
/home/projects/bagon/shared/imagenet512/val/n01945685/ILSVRC2012_val_00000546.JPEG
/home/projects/bagon/shared/imagenet512/val/n02823428/ILSVRC2012_val_00002968.JPEG
/home/projects/bagon/shared/imagenet512/val/n02514041/ILSVRC2012_val_00015140.JPEG
/home/projects/bagon/shared/imagenet512/val/n01984695/ILSVRC2012_val_00023530.JPEG
/home/projects/bagon/shared/imagenet512/val/n07836838/ILSVRC2012_val_00012021.JPEG
/home/projects/bagon/shared/imagenet512/val/n07590611/ILSVRC2012_val_00023110.JPEG
/home/projects/bagon/shared/imagenet512/val/n03584254/ILSVRC2012_val_00014368.JPEG
/home/projects/bagon/shared/imagenet512/val/n03787032/ILSVRC2012_val_00021684.JPEG
/home/projects/bagon/shared/imagenet512/val/n03141823/ILSVRC2012_val_00008131.JPEG
/home/projects/bagon/shared/imagenet512/val/n02791124/ILSVRC2012_val_00047382.JPEG
/home/projects/bagon/shared/imagenet512/val/n04204238/ILSVRC2012_val_00007861.JPEG
/home/projects/bagon/shared/imagenet512/val/n03594734/ILSVRC2012_val_00014493.JPEG
/home/projects/bagon/shared/imagenet512/val/n02114367/ILSVRC2012_val_00031414.JPEG
/home/projects/bagon/shared/imagenet512/val/n02093991/ILSVRC2012_val_00000588.JPEG
/home/projects/bagon/shared/imagenet512/val/n04501370/ILSVRC2012_val_00029667.JPEG
/home/projects/bagon/shared/imagenet512/val/n04254777/ILSVRC2012_val_00023140.JPEG
/home/projects/bagon/shared/imagenet512/val/n01753488/ILSVRC2012_val_00046541.JPEG
/home/projects/bagon/shared/imagenet512/val/n02504458/ILSVRC2012_val_00034527.JPEG
/home/projects/bagon/shared/imagenet512/val/n03598930/ILSVRC2012_val_00039089.JPEG
/home/projects/bagon/shared/imagenet512/val/n02102480/ILSVRC2012_val_00002461.JPEG
/home/projects/bagon/shared/imagenet512/val/n03180011/ILSVRC2012_val_00049615.JPEG
/home/projects/bagon/shared/imagenet512/val/n04517823/ILSVRC2012_val_00004252.JPEG
/home/projects/bagon/shared/imagenet512/val/n02795169/ILSVRC2012_val_00014885.JPEG
/home/projects/bagon/shared/imagenet512/val/n04370456/ILSVRC2012_val_00044286.JPEG
/home/projects/bagon/shared/imagenet512/val/n02095889/ILSVRC2012_val_00049760.JPEG
/home/projects/bagon/shared/imagenet512/val/n03895866/ILSVRC2012_val_00033410.JPEG
/home/projects/bagon/shared/imagenet512/val/n07717410/ILSVRC2012_val_00024803.JPEG
/home/projects/bagon/shared/imagenet512/val/n04192698/ILSVRC2012_val_00008649.JPEG
/home/projects/bagon/shared/imagenet512/val/n07760859/ILSVRC2012_val_00012103.JPEG
/home/projects/bagon/shared/imagenet512/val/n02093991/ILSVRC2012_val_00006531.JPEG
/home/projects/bagon/shared/imagenet512/val/n02113712/ILSVRC2012_val_00046788.JPEG
/home/projects/bagon/shared/imagenet512/val/n04552348/ILSVRC2012_val_00035119.JPEG
/home/projects/bagon/shared/imagenet512/val/n03124170/ILSVRC2012_val_00041392.JPEG
/home/projects/bagon/shared/imagenet512/val/n04330267/ILSVRC2012_val_00033191.JPEG
/home/projects/bagon/shared/imagenet512/val/n03775546/ILSVRC2012_val_00022339.JPEG
/home/projects/bagon/shared/imagenet512/val/n03733805/ILSVRC2012_val_00042054.JPEG
/home/projects/bagon/shared/imagenet512/val/n04033901/ILSVRC2012_val_00015617.JPEG
/home/projects/bagon/shared/imagenet512/val/n04229816/ILSVRC2012_val_00018711.JPEG
/home/projects/bagon/shared/imagenet512/val/n03670208/ILSVRC2012_val_00033422.JPEG
/home/projects/bagon/shared/imagenet512/val/n03721384/ILSVRC2012_val_00006674.JPEG
/home/projects/bagon/shared/imagenet512/val/n03400231/ILSVRC2012_val_00022777.JPEG
/home/projects/bagon/shared/imagenet512/val/n02783161/ILSVRC2012_val_00018665.JPEG
/home/projects/bagon/shared/imagenet512/val/n04201297/ILSVRC2012_val_00029607.JPEG
/home/projects/bagon/shared/imagenet512/val/n03873416/ILSVRC2012_val_00039703.JPEG
/home/projects/bagon/shared/imagenet512/val/n13133613/ILSVRC2012_val_00039251.JPEG
/home/projects/bagon/shared/imagenet512/val/n02087394/ILSVRC2012_val_00004992.JPEG
/home/projects/bagon/shared/imagenet512/val/n01990800/ILSVRC2012_val_00048808.JPEG
/home/projects/bagon/shared/imagenet512/val/n04099969/ILSVRC2012_val_00020924.JPEG
/home/projects/bagon/shared/imagenet512/val/n03982430/ILSVRC2012_val_00017419.JPEG
/home/projects/bagon/shared/imagenet512/val/n03976657/ILSVRC2012_val_00019093.JPEG
/home/projects/bagon/shared/imagenet512/val/n04141975/ILSVRC2012_val_00012529.JPEG
/home/projects/bagon/shared/imagenet512/val/n03372029/ILSVRC2012_val_00022013.JPEG
/home/projects/bagon/shared/imagenet512/val/n04204238/ILSVRC2012_val_00044069.JPEG
/home/projects/bagon/shared/imagenet512/val/n07871810/ILSVRC2012_val_00031315.JPEG
/home/projects/bagon/shared/imagenet512/val/n03062245/ILSVRC2012_val_00003439.JPEG
/home/projects/bagon/shared/imagenet512/val/n04131690/ILSVRC2012_val_00035155.JPEG
/home/projects/bagon/shared/imagenet512/val/n02105056/ILSVRC2012_val_00004274.JPEG
/home/projects/bagon/shared/imagenet512/val/n02415577/ILSVRC2012_val_00019344.JPEG
/home/projects/bagon/shared/imagenet512/val/n01773157/ILSVRC2012_val_00024404.JPEG
/home/projects/bagon/shared/imagenet512/val/n04204238/ILSVRC2012_val_00029914.JPEG
/home/projects/bagon/shared/imagenet512/val/n02892767/ILSVRC2012_val_00033714.JPEG
/home/projects/bagon/shared/imagenet512/val/n04192698/ILSVRC2012_val_00022277.JPEG
/home/projects/bagon/shared/imagenet512/val/n07695742/ILSVRC2012_val_00017241.JPEG
/home/projects/bagon/shared/imagenet512/val/n02268853/ILSVRC2012_val_00037978.JPEG
/home/projects/bagon/shared/imagenet512/val/n04310018/ILSVRC2012_val_00008744.JPEG
/home/projects/bagon/shared/imagenet512/val/n04118776/ILSVRC2012_val_00036839.JPEG
/home/projects/bagon/shared/imagenet512/val/n02676566/ILSVRC2012_val_00014941.JPEG
/home/projects/bagon/shared/imagenet512/val/n02133161/ILSVRC2012_val_00016229.JPEG
/home/projects/bagon/shared/imagenet512/val/n04238763/ILSVRC2012_val_00024297.JPEG
/home/projects/bagon/shared/imagenet512/val/n03743016/ILSVRC2012_val_00043663.JPEG
/home/projects/bagon/shared/imagenet512/val/n02894605/ILSVRC2012_val_00013066.JPEG
/home/projects/bagon/shared/imagenet512/val/n03017168/ILSVRC2012_val_00033645.JPEG
/home/projects/bagon/shared/imagenet512/val/n02112350/ILSVRC2012_val_00001404.JPEG
/home/projects/bagon/shared/imagenet512/val/n13054560/ILSVRC2012_val_00037445.JPEG
/home/projects/bagon/shared/imagenet512/val/n02007558/ILSVRC2012_val_00042000.JPEG
/home/projects/bagon/shared/imagenet512/val/n02099849/ILSVRC2012_val_00048972.JPEG
/home/projects/bagon/shared/imagenet512/val/n03109150/ILSVRC2012_val_00025609.JPEG
/home/projects/bagon/shared/imagenet512/val/n04086273/ILSVRC2012_val_00006820.JPEG
/home/projects/bagon/shared/imagenet512/val/n02356798/ILSVRC2012_val_00030458.JPEG
/home/projects/bagon/shared/imagenet512/val/n03868863/ILSVRC2012_val_00002895.JPEG
/home/projects/bagon/shared/imagenet512/val/n02783161/ILSVRC2012_val_00016206.JPEG
/home/projects/bagon/shared/imagenet512/val/n04366367/ILSVRC2012_val_00029031.JPEG
/home/projects/bagon/shared/imagenet512/val/n02096051/ILSVRC2012_val_00047518.JPEG
/home/projects/bagon/shared/imagenet512/val/n02895154/ILSVRC2012_val_00040548.JPEG
/home/projects/bagon/shared/imagenet512/val/n04536866/ILSVRC2012_val_00008158.JPEG
/home/projects/bagon/shared/imagenet512/val/n03187595/ILSVRC2012_val_00021110.JPEG
/home/projects/bagon/shared/imagenet512/val/n03481172/ILSVRC2012_val_00049008.JPEG
/home/projects/bagon/shared/imagenet512/val/n01795545/ILSVRC2012_val_00015513.JPEG
/home/projects/bagon/shared/imagenet512/val/n02356798/ILSVRC2012_val_00047262.JPEG
/home/projects/bagon/shared/imagenet512/val/n01751748/ILSVRC2012_val_00031060.JPEG
/home/projects/bagon/shared/imagenet512/val/n07615774/ILSVRC2012_val_00003591.JPEG
/home/projects/bagon/shared/imagenet512/val/n03787032/ILSVRC2012_val_00034131.JPEG
/home/projects/bagon/shared/imagenet512/val/n03759954/ILSVRC2012_val_00047050.JPEG
/home/projects/bagon/shared/imagenet512/val/n02749479/ILSVRC2012_val_00009850.JPEG
/home/projects/bagon/shared/imagenet512/val/n02051845/ILSVRC2012_val_00035810.JPEG
/home/projects/bagon/shared/imagenet512/val/n04548362/ILSVRC2012_val_00012462.JPEG
/home/projects/bagon/shared/imagenet512/val/n03141823/ILSVRC2012_val_00034736.JPEG
/home/projects/bagon/shared/imagenet512/val/n04370456/ILSVRC2012_val_00010897.JPEG
/home/projects/bagon/shared/imagenet512/val/n04367480/ILSVRC2012_val_00002251.JPEG
/home/projects/bagon/shared/imagenet512/val/n04443257/ILSVRC2012_val_00021395.JPEG
/home/projects/bagon/shared/imagenet512/val/n02102973/ILSVRC2012_val_00008652.JPEG
/home/projects/bagon/shared/imagenet512/val/n02808440/ILSVRC2012_val_00024780.JPEG
/home/projects/bagon/shared/imagenet512/val/n03482405/ILSVRC2012_val_00043065.JPEG
/home/projects/bagon/shared/imagenet512/val/n02092002/ILSVRC2012_val_00028731.JPEG
/home/projects/bagon/shared/imagenet512/val/n03888605/ILSVRC2012_val_00028863.JPEG
/home/projects/bagon/shared/imagenet512/val/n04067472/ILSVRC2012_val_00023936.JPEG
/home/projects/bagon/shared/imagenet512/val/n03633091/ILSVRC2012_val_00048133.JPEG
/home/projects/bagon/shared/imagenet512/val/n03733805/ILSVRC2012_val_00029501.JPEG
/home/projects/bagon/shared/imagenet512/val/n01582220/ILSVRC2012_val_00045948.JPEG
/home/projects/bagon/shared/imagenet512/val/n02788148/ILSVRC2012_val_00023280.JPEG
/home/projects/bagon/shared/imagenet512/val/n02089078/ILSVRC2012_val_00005397.JPEG
/home/projects/bagon/shared/imagenet512/val/n04371430/ILSVRC2012_val_00001166.JPEG
/home/projects/bagon/shared/imagenet512/val/n01537544/ILSVRC2012_val_00036431.JPEG
/home/projects/bagon/shared/imagenet512/val/n03720891/ILSVRC2012_val_00027453.JPEG
/home/projects/bagon/shared/imagenet512/val/n04074963/ILSVRC2012_val_00013950.JPEG
/home/projects/bagon/shared/imagenet512/val/n02363005/ILSVRC2012_val_00040322.JPEG
/home/projects/bagon/shared/imagenet512/val/n04133789/ILSVRC2012_val_00020491.JPEG
/home/projects/bagon/shared/imagenet512/val/n04154565/ILSVRC2012_val_00043928.JPEG
/home/projects/bagon/shared/imagenet512/val/n02817516/ILSVRC2012_val_00037992.JPEG
/home/projects/bagon/shared/imagenet512/val/n09256479/ILSVRC2012_val_00036546.JPEG
/home/projects/bagon/shared/imagenet512/val/n02321529/ILSVRC2012_val_00003820.JPEG
/home/projects/bagon/shared/imagenet512/val/n03733281/ILSVRC2012_val_00047090.JPEG
/home/projects/bagon/shared/imagenet512/val/n01740131/ILSVRC2012_val_00036561.JPEG
/home/projects/bagon/shared/imagenet512/val/n03131574/ILSVRC2012_val_00038610.JPEG
/home/projects/bagon/shared/imagenet512/val/n02514041/ILSVRC2012_val_00032483.JPEG
/home/projects/bagon/shared/imagenet512/val/n02093428/ILSVRC2012_val_00037243.JPEG
/home/projects/bagon/shared/imagenet512/val/n03400231/ILSVRC2012_val_00017770.JPEG
/home/projects/bagon/shared/imagenet512/val/n03775546/ILSVRC2012_val_00043996.JPEG
/home/projects/bagon/shared/imagenet512/val/n02095570/ILSVRC2012_val_00046610.JPEG
/home/projects/bagon/shared/imagenet512/val/n02791270/ILSVRC2012_val_00000813.JPEG
/home/projects/bagon/shared/imagenet512/val/n02268443/ILSVRC2012_val_00010925.JPEG
/home/projects/bagon/shared/imagenet512/val/n03803284/ILSVRC2012_val_00038880.JPEG
/home/projects/bagon/shared/imagenet512/val/n02229544/ILSVRC2012_val_00048072.JPEG
/home/projects/bagon/shared/imagenet512/val/n03450230/ILSVRC2012_val_00032958.JPEG
/home/projects/bagon/shared/imagenet512/val/n02797295/ILSVRC2012_val_00020027.JPEG
/home/projects/bagon/shared/imagenet512/val/n04258138/ILSVRC2012_val_00026235.JPEG
/home/projects/bagon/shared/imagenet512/val/n02094258/ILSVRC2012_val_00028506.JPEG
/home/projects/bagon/shared/imagenet512/val/n04507155/ILSVRC2012_val_00032101.JPEG
/home/projects/bagon/shared/imagenet512/val/n01632458/ILSVRC2012_val_00049103.JPEG
/home/projects/bagon/shared/imagenet512/val/n04192698/ILSVRC2012_val_00047516.JPEG
/home/projects/bagon/shared/imagenet512/val/n04536866/ILSVRC2012_val_00025119.JPEG
/home/projects/bagon/shared/imagenet512/val/n01748264/ILSVRC2012_val_00003928.JPEG
/home/projects/bagon/shared/imagenet512/val/n04482393/ILSVRC2012_val_00042298.JPEG
/home/projects/bagon/shared/imagenet512/val/n01986214/ILSVRC2012_val_00019512.JPEG
/home/projects/bagon/shared/imagenet512/val/n02174001/ILSVRC2012_val_00025855.JPEG
/home/projects/bagon/shared/imagenet512/val/n03764736/ILSVRC2012_val_00011115.JPEG
/home/projects/bagon/shared/imagenet512/val/n03482405/ILSVRC2012_val_00036569.JPEG
/home/projects/bagon/shared/imagenet512/val/n04552348/ILSVRC2012_val_00012932.JPEG
/home/projects/bagon/shared/imagenet512/val/n03529860/ILSVRC2012_val_00030674.JPEG
/home/projects/bagon/shared/imagenet512/val/n03498962/ILSVRC2012_val_00032228.JPEG
/home/projects/bagon/shared/imagenet512/val/n03857828/ILSVRC2012_val_00020560.JPEG
/home/projects/bagon/shared/imagenet512/val/n09421951/ILSVRC2012_val_00015575.JPEG
/home/projects/bagon/shared/imagenet512/val/n02093256/ILSVRC2012_val_00038280.JPEG
/home/projects/bagon/shared/imagenet512/val/n03388549/ILSVRC2012_val_00047459.JPEG
/home/projects/bagon/shared/imagenet512/val/n03983396/ILSVRC2012_val_00012540.JPEG
/home/projects/bagon/shared/imagenet512/val/n01770081/ILSVRC2012_val_00030649.JPEG
/home/projects/bagon/shared/imagenet512/val/n03485407/ILSVRC2012_val_00037174.JPEG
/home/projects/bagon/shared/imagenet512/val/n02108000/ILSVRC2012_val_00009711.JPEG
/home/projects/bagon/shared/imagenet512/val/n02877765/ILSVRC2012_val_00025363.JPEG
/home/projects/bagon/shared/imagenet512/val/n02916936/ILSVRC2012_val_00027192.JPEG
/home/projects/bagon/shared/imagenet512/val/n03595614/ILSVRC2012_val_00002248.JPEG
/home/projects/bagon/shared/imagenet512/val/n03018349/ILSVRC2012_val_00022636.JPEG
/home/projects/bagon/shared/imagenet512/val/n02977058/ILSVRC2012_val_00046582.JPEG
/home/projects/bagon/shared/imagenet512/val/n04251144/ILSVRC2012_val_00015061.JPEG
/home/projects/bagon/shared/imagenet512/val/n01990800/ILSVRC2012_val_00042752.JPEG
/home/projects/bagon/shared/imagenet512/val/n03770439/ILSVRC2012_val_00019644.JPEG
/home/projects/bagon/shared/imagenet512/val/n04074963/ILSVRC2012_val_00031318.JPEG
/home/projects/bagon/shared/imagenet512/val/n09193705/ILSVRC2012_val_00009847.JPEG
/home/projects/bagon/shared/imagenet512/val/n03692522/ILSVRC2012_val_00044271.JPEG
/home/projects/bagon/shared/imagenet512/val/n03944341/ILSVRC2012_val_00022741.JPEG
/home/projects/bagon/shared/imagenet512/val/n02808304/ILSVRC2012_val_00005573.JPEG
/home/projects/bagon/shared/imagenet512/val/n01755581/ILSVRC2012_val_00049975.JPEG
/home/projects/bagon/shared/imagenet512/val/n04355338/ILSVRC2012_val_00042906.JPEG
/home/projects/bagon/shared/imagenet512/val/n04557648/ILSVRC2012_val_00035840.JPEG
/home/projects/bagon/shared/imagenet512/val/n01737021/ILSVRC2012_val_00024682.JPEG
/home/projects/bagon/shared/imagenet512/val/n02110185/ILSVRC2012_val_00040200.JPEG
/home/projects/bagon/shared/imagenet512/val/n03447721/ILSVRC2012_val_00022378.JPEG
/home/projects/bagon/shared/imagenet512/val/n02106030/ILSVRC2012_val_00014342.JPEG
/home/projects/bagon/shared/imagenet512/val/n04200800/ILSVRC2012_val_00016285.JPEG
/home/projects/bagon/shared/imagenet512/val/n04265275/ILSVRC2012_val_00048533.JPEG
/home/projects/bagon/shared/imagenet512/val/n02408429/ILSVRC2012_val_00020008.JPEG
/home/projects/bagon/shared/imagenet512/val/n04507155/ILSVRC2012_val_00019266.JPEG
/home/projects/bagon/shared/imagenet512/val/n03775546/ILSVRC2012_val_00035190.JPEG
/home/projects/bagon/shared/imagenet512/val/n01773549/ILSVRC2012_val_00043771.JPEG
/home/projects/bagon/shared/imagenet512/val/n02488702/ILSVRC2012_val_00036154.JPEG
/home/projects/bagon/shared/imagenet512/val/n04252225/ILSVRC2012_val_00009780.JPEG
/home/projects/bagon/shared/imagenet512/val/n03372029/ILSVRC2012_val_00016025.JPEG
/home/projects/bagon/shared/imagenet512/val/n02823428/ILSVRC2012_val_00031840.JPEG
/home/projects/bagon/shared/imagenet512/val/n03124170/ILSVRC2012_val_00002639.JPEG
/home/projects/bagon/shared/imagenet512/val/n03197337/ILSVRC2012_val_00016242.JPEG
/home/projects/bagon/shared/imagenet512/val/n02493793/ILSVRC2012_val_00005442.JPEG
/home/projects/bagon/shared/imagenet512/val/n04550184/ILSVRC2012_val_00018418.JPEG
/home/projects/bagon/shared/imagenet512/val/n03929855/ILSVRC2012_val_00039387.JPEG
/home/projects/bagon/shared/imagenet512/val/n02808440/ILSVRC2012_val_00033106.JPEG
/home/projects/bagon/shared/imagenet512/val/n02966687/ILSVRC2012_val_00029374.JPEG
/home/projects/bagon/shared/imagenet512/val/n04067472/ILSVRC2012_val_00023931.JPEG
/home/projects/bagon/shared/imagenet512/val/n02093428/ILSVRC2012_val_00024542.JPEG
/home/projects/bagon/shared/imagenet512/val/n03126707/ILSVRC2012_val_00004266.JPEG
/home/projects/bagon/shared/imagenet512/val/n03045698/ILSVRC2012_val_00004414.JPEG
/home/projects/bagon/shared/imagenet512/val/n01914609/ILSVRC2012_val_00048292.JPEG
/home/projects/bagon/shared/imagenet512/val/n02948072/ILSVRC2012_val_00035263.JPEG
/home/projects/bagon/shared/imagenet512/val/n07836838/ILSVRC2012_val_00003492.JPEG
/home/projects/bagon/shared/imagenet512/val/n07693725/ILSVRC2012_val_00018060.JPEG
/home/projects/bagon/shared/imagenet512/val/n02120079/ILSVRC2012_val_00013609.JPEG
/home/projects/bagon/shared/imagenet512/val/n03259280/ILSVRC2012_val_00007721.JPEG
/home/projects/bagon/shared/imagenet512/val/n02138441/ILSVRC2012_val_00026404.JPEG
/home/projects/bagon/shared/imagenet512/val/n15075141/ILSVRC2012_val_00041217.JPEG
/home/projects/bagon/shared/imagenet512/val/n04266014/ILSVRC2012_val_00005822.JPEG
/home/projects/bagon/shared/imagenet512/val/n02963159/ILSVRC2012_val_00034093.JPEG
/home/projects/bagon/shared/imagenet512/val/n02106662/ILSVRC2012_val_00022976.JPEG
/home/projects/bagon/shared/imagenet512/val/n02971356/ILSVRC2012_val_00045169.JPEG
/home/projects/bagon/shared/imagenet512/val/n03595614/ILSVRC2012_val_00007961.JPEG
/home/projects/bagon/shared/imagenet512/val/n02799071/ILSVRC2012_val_00023535.JPEG
/home/projects/bagon/shared/imagenet512/val/n04347754/ILSVRC2012_val_00041636.JPEG
/home/projects/bagon/shared/imagenet512/val/n02807133/ILSVRC2012_val_00028473.JPEG
/home/projects/bagon/shared/imagenet512/val/n03126707/ILSVRC2012_val_00044885.JPEG
/home/projects/bagon/shared/imagenet512/val/n04192698/ILSVRC2012_val_00032683.JPEG
/home/projects/bagon/shared/imagenet512/val/n02364673/ILSVRC2012_val_00044948.JPEG
/home/projects/bagon/shared/imagenet512/val/n04238763/ILSVRC2012_val_00012150.JPEG
/home/projects/bagon/shared/imagenet512/val/n02109047/ILSVRC2012_val_00036235.JPEG
/home/projects/bagon/shared/imagenet512/val/n03764736/ILSVRC2012_val_00043102.JPEG
/home/projects/bagon/shared/imagenet512/val/n01694178/ILSVRC2012_val_00020044.JPEG
/home/projects/bagon/shared/imagenet512/val/n02497673/ILSVRC2012_val_00021780.JPEG
/home/projects/bagon/shared/imagenet512/val/n02095570/ILSVRC2012_val_00026286.JPEG
/home/projects/bagon/shared/imagenet512/val/n03180011/ILSVRC2012_val_00029543.JPEG
/home/projects/bagon/shared/imagenet512/val/n03980874/ILSVRC2012_val_00048787.JPEG
/home/projects/bagon/shared/imagenet512/val/n04204238/ILSVRC2012_val_00043748.JPEG
/home/projects/bagon/shared/imagenet512/val/n04251144/ILSVRC2012_val_00019263.JPEG
/home/projects/bagon/shared/imagenet512/val/n03666591/ILSVRC2012_val_00009507.JPEG
/home/projects/bagon/shared/imagenet512/val/n03706229/ILSVRC2012_val_00044674.JPEG
/home/projects/bagon/shared/imagenet512/val/n01818515/ILSVRC2012_val_00007156.JPEG
/home/projects/bagon/shared/imagenet512/val/n03271574/ILSVRC2012_val_00048524.JPEG
/home/projects/bagon/shared/imagenet512/val/n04350905/ILSVRC2012_val_00040799.JPEG
/home/projects/bagon/shared/imagenet512/val/n04590129/ILSVRC2012_val_00039790.JPEG
/home/projects/bagon/shared/imagenet512/val/n04423845/ILSVRC2012_val_00022060.JPEG
/home/projects/bagon/shared/imagenet512/val/n03141823/ILSVRC2012_val_00008874.JPEG
/home/projects/bagon/shared/imagenet512/val/n01883070/ILSVRC2012_val_00014931.JPEG
/home/projects/bagon/shared/imagenet512/val/n01855672/ILSVRC2012_val_00025924.JPEG
/home/projects/bagon/shared/imagenet512/val/n07716358/ILSVRC2012_val_00026318.JPEG
/home/projects/bagon/shared/imagenet512/val/n01950731/ILSVRC2012_val_00022671.JPEG
/home/projects/bagon/shared/imagenet512/val/n02999410/ILSVRC2012_val_00021868.JPEG
/home/projects/bagon/shared/imagenet512/val/n02058221/ILSVRC2012_val_00003410.JPEG
/home/projects/bagon/shared/imagenet512/val/n02281787/ILSVRC2012_val_00020376.JPEG
/home/projects/bagon/shared/imagenet512/val/n03777754/ILSVRC2012_val_00013097.JPEG
/home/projects/bagon/shared/imagenet512/val/n13052670/ILSVRC2012_val_00026007.JPEG
/home/projects/bagon/shared/imagenet512/val/n03623198/ILSVRC2012_val_00012945.JPEG
/home/projects/bagon/shared/imagenet512/val/n02109047/ILSVRC2012_val_00003306.JPEG
/home/projects/bagon/shared/imagenet512/val/n01924916/ILSVRC2012_val_00027592.JPEG
/home/projects/bagon/shared/imagenet512/val/n03937543/ILSVRC2012_val_00001076.JPEG
/home/projects/bagon/shared/imagenet512/val/n03958227/ILSVRC2012_val_00031165.JPEG
/home/projects/bagon/shared/imagenet512/val/n03692522/ILSVRC2012_val_00031500.JPEG
/home/projects/bagon/shared/imagenet512/val/n07579787/ILSVRC2012_val_00010944.JPEG
/home/projects/bagon/shared/imagenet512/val/n01985128/ILSVRC2012_val_00023253.JPEG
/home/projects/bagon/shared/imagenet512/val/n03041632/ILSVRC2012_val_00037845.JPEG
/home/projects/bagon/shared/imagenet512/val/n03724870/ILSVRC2012_val_00016753.JPEG
/home/projects/bagon/shared/imagenet512/val/n04149813/ILSVRC2012_val_00032339.JPEG
/home/projects/bagon/shared/imagenet512/val/n02412080/ILSVRC2012_val_00048771.JPEG
/home/projects/bagon/shared/imagenet512/val/n03018349/ILSVRC2012_val_00043372.JPEG
/home/projects/bagon/shared/imagenet512/val/n01688243/ILSVRC2012_val_00022563.JPEG
/home/projects/bagon/shared/imagenet512/val/n07831146/ILSVRC2012_val_00013137.JPEG
/home/projects/bagon/shared/imagenet512/val/n02396427/ILSVRC2012_val_00031202.JPEG
/home/projects/bagon/shared/imagenet512/val/n04483307/ILSVRC2012_val_00017755.JPEG
/home/projects/bagon/shared/imagenet512/val/n04548362/ILSVRC2012_val_00020641.JPEG
/home/projects/bagon/shared/imagenet512/val/n02177972/ILSVRC2012_val_00033035.JPEG
/home/projects/bagon/shared/imagenet512/val/n04209239/ILSVRC2012_val_00010492.JPEG
/home/projects/bagon/shared/imagenet512/val/n02791270/ILSVRC2012_val_00049816.JPEG
/home/projects/bagon/shared/imagenet512/val/n04204238/ILSVRC2012_val_00043309.JPEG
/home/projects/bagon/shared/imagenet512/val/n03372029/ILSVRC2012_val_00023610.JPEG
/home/projects/bagon/shared/imagenet512/val/n03787032/ILSVRC2012_val_00031578.JPEG
/home/projects/bagon/shared/imagenet512/val/n03796401/ILSVRC2012_val_00005422.JPEG
/home/projects/bagon/shared/imagenet512/val/n02483708/ILSVRC2012_val_00013151.JPEG
/home/projects/bagon/shared/imagenet512/val/n04540053/ILSVRC2012_val_00025715.JPEG
/home/projects/bagon/shared/imagenet512/val/n02769748/ILSVRC2012_val_00025286.JPEG
/home/projects/bagon/shared/imagenet512/val/n03782006/ILSVRC2012_val_00031326.JPEG
/home/projects/bagon/shared/imagenet512/val/n10148035/ILSVRC2012_val_00005270.JPEG
/home/projects/bagon/shared/imagenet512/val/n04330267/ILSVRC2012_val_00014185.JPEG
/home/projects/bagon/shared/imagenet512/val/n03095699/ILSVRC2012_val_00003200.JPEG
/home/projects/bagon/shared/imagenet512/val/n03995372/ILSVRC2012_val_00018033.JPEG
/home/projects/bagon/shared/imagenet512/val/n04509417/ILSVRC2012_val_00006850.JPEG
/home/projects/bagon/shared/imagenet512/val/n04254120/ILSVRC2012_val_00045519.JPEG
/home/projects/bagon/shared/imagenet512/val/n03720891/ILSVRC2012_val_00049799.JPEG
/home/projects/bagon/shared/imagenet512/val/n03657121/ILSVRC2012_val_00035416.JPEG
/home/projects/bagon/shared/imagenet512/val/n02098105/ILSVRC2012_val_00023764.JPEG
/home/projects/bagon/shared/imagenet512/val/n02087046/ILSVRC2012_val_00033530.JPEG
/home/projects/bagon/shared/imagenet512/val/n04254777/ILSVRC2012_val_00019815.JPEG
/home/projects/bagon/shared/imagenet512/val/n03467068/ILSVRC2012_val_00010625.JPEG
/home/projects/bagon/shared/imagenet512/val/n09421951/ILSVRC2012_val_00038275.JPEG
/home/projects/bagon/shared/imagenet512/val/n04116512/ILSVRC2012_val_00004247.JPEG
/home/projects/bagon/shared/imagenet512/val/n03673027/ILSVRC2012_val_00000664.JPEG
/home/projects/bagon/shared/imagenet512/val/n02747177/ILSVRC2012_val_00025380.JPEG
/home/projects/bagon/shared/imagenet512/val/n09399592/ILSVRC2012_val_00003321.JPEG
/home/projects/bagon/shared/imagenet512/val/n03146219/ILSVRC2012_val_00036276.JPEG
/home/projects/bagon/shared/imagenet512/val/n03207941/ILSVRC2012_val_00000698.JPEG
/home/projects/bagon/shared/imagenet512/val/n04099969/ILSVRC2012_val_00015390.JPEG
/home/projects/bagon/shared/imagenet512/val/n02747177/ILSVRC2012_val_00007643.JPEG
/home/projects/bagon/shared/imagenet512/val/n04357314/ILSVRC2012_val_00031832.JPEG
/home/projects/bagon/shared/imagenet512/val/n03970156/ILSVRC2012_val_00027554.JPEG
/home/projects/bagon/shared/imagenet512/val/n02102973/ILSVRC2012_val_00013236.JPEG
/home/projects/bagon/shared/imagenet512/val/n02493793/ILSVRC2012_val_00046117.JPEG
/home/projects/bagon/shared/imagenet512/val/n04336792/ILSVRC2012_val_00049033.JPEG
/home/projects/bagon/shared/imagenet512/val/n07716906/ILSVRC2012_val_00006238.JPEG
/home/projects/bagon/shared/imagenet512/val/n04350905/ILSVRC2012_val_00039028.JPEG
/home/projects/bagon/shared/imagenet512/val/n02100583/ILSVRC2012_val_00010808.JPEG
/home/projects/bagon/shared/imagenet512/val/n01978287/ILSVRC2012_val_00033712.JPEG
/home/projects/bagon/shared/imagenet512/val/n02094433/ILSVRC2012_val_00035705.JPEG
/home/projects/bagon/shared/imagenet512/val/n03017168/ILSVRC2012_val_00016158.JPEG
/home/projects/bagon/shared/imagenet512/val/n02094433/ILSVRC2012_val_00020628.JPEG
/home/projects/bagon/shared/imagenet512/val/n02110063/ILSVRC2012_val_00012245.JPEG
/home/projects/bagon/shared/imagenet512/val/n04336792/ILSVRC2012_val_00028123.JPEG
/home/projects/bagon/shared/imagenet512/val/n02708093/ILSVRC2012_val_00035392.JPEG
/home/projects/bagon/shared/imagenet512/val/n03476991/ILSVRC2012_val_00007194.JPEG
/home/projects/bagon/shared/imagenet512/val/n04443257/ILSVRC2012_val_00041106.JPEG
/home/projects/bagon/shared/imagenet512/val/n02113186/ILSVRC2012_val_00017715.JPEG
/home/projects/bagon/shared/imagenet512/val/n04553703/ILSVRC2012_val_00025571.JPEG
/home/projects/bagon/shared/imagenet512/val/n02123394/ILSVRC2012_val_00014813.JPEG
/home/projects/bagon/shared/imagenet512/val/n04389033/ILSVRC2012_val_00004353.JPEG
/home/projects/bagon/shared/imagenet512/val/n02095314/ILSVRC2012_val_00037191.JPEG
/home/projects/bagon/shared/imagenet512/val/n03476991/ILSVRC2012_val_00007805.JPEG
/home/projects/bagon/shared/imagenet512/val/n04370456/ILSVRC2012_val_00044267.JPEG
/home/projects/bagon/shared/imagenet512/val/n02443114/ILSVRC2012_val_00029265.JPEG
/home/projects/bagon/shared/imagenet512/val/n02841315/ILSVRC2012_val_00010205.JPEG
/home/projects/bagon/shared/imagenet512/val/n02113023/ILSVRC2012_val_00031121.JPEG
/home/projects/bagon/shared/imagenet512/val/n07718472/ILSVRC2012_val_00037754.JPEG
/home/projects/bagon/shared/imagenet512/val/n02808304/ILSVRC2012_val_00013663.JPEG
/home/projects/bagon/shared/imagenet512/val/n03494278/ILSVRC2012_val_00035637.JPEG
/home/projects/bagon/shared/imagenet512/val/n02089867/ILSVRC2012_val_00008536.JPEG
/home/projects/bagon/shared/imagenet512/val/n04552348/ILSVRC2012_val_00026553.JPEG
/home/projects/bagon/shared/imagenet512/val/n04252077/ILSVRC2012_val_00015994.JPEG
/home/projects/bagon/shared/imagenet512/val/n04517823/ILSVRC2012_val_00025993.JPEG
/home/projects/bagon/shared/imagenet512/val/n02930766/ILSVRC2012_val_00021775.JPEG
/home/projects/bagon/shared/imagenet512/val/n03063599/ILSVRC2012_val_00019529.JPEG
/home/projects/bagon/shared/imagenet512/val/n02814860/ILSVRC2012_val_00047116.JPEG
/home/projects/bagon/shared/imagenet512/val/n03250847/ILSVRC2012_val_00007976.JPEG
/home/projects/bagon/shared/imagenet512/val/n03876231/ILSVRC2012_val_00046620.JPEG
/home/projects/bagon/shared/imagenet512/val/n03920288/ILSVRC2012_val_00014588.JPEG
/home/projects/bagon/shared/imagenet512/val/n02085620/ILSVRC2012_val_00046450.JPEG
/home/projects/bagon/shared/imagenet512/val/n02395406/ILSVRC2012_val_00029653.JPEG
/home/projects/bagon/shared/imagenet512/val/n01985128/ILSVRC2012_val_00049266.JPEG
/home/projects/bagon/shared/imagenet512/val/n04579145/ILSVRC2012_val_00044906.JPEG
/home/projects/bagon/shared/imagenet512/val/n03980874/ILSVRC2012_val_00041833.JPEG
/home/projects/bagon/shared/imagenet512/val/n03992509/ILSVRC2012_val_00038358.JPEG
/home/projects/bagon/shared/imagenet512/val/n04147183/ILSVRC2012_val_00026899.JPEG
/home/projects/bagon/shared/imagenet512/val/n02099712/ILSVRC2012_val_00026852.JPEG
/home/projects/bagon/shared/imagenet512/val/n04263257/ILSVRC2012_val_00038858.JPEG
/home/projects/bagon/shared/imagenet512/val/n03908618/ILSVRC2012_val_00016397.JPEG
/home/projects/bagon/shared/imagenet512/val/n03706229/ILSVRC2012_val_00001229.JPEG
/home/projects/bagon/shared/imagenet512/val/n02066245/ILSVRC2012_val_00037778.JPEG
/home/projects/bagon/shared/imagenet512/val/n04485082/ILSVRC2012_val_00039663.JPEG
/home/projects/bagon/shared/imagenet512/val/n02488702/ILSVRC2012_val_00045991.JPEG
/home/projects/bagon/shared/imagenet512/val/n02799071/ILSVRC2012_val_00017083.JPEG
/home/projects/bagon/shared/imagenet512/val/n02799071/ILSVRC2012_val_00037169.JPEG
/home/projects/bagon/shared/imagenet512/val/n04208210/ILSVRC2012_val_00039535.JPEG
/home/projects/bagon/shared/imagenet512/val/n01855032/ILSVRC2012_val_00035647.JPEG
/home/projects/bagon/shared/imagenet512/val/n04325704/ILSVRC2012_val_00044116.JPEG
/home/projects/bagon/shared/imagenet512/val/n02102318/ILSVRC2012_val_00045085.JPEG
/home/projects/bagon/shared/imagenet512/val/n07875152/ILSVRC2012_val_00029519.JPEG
/home/projects/bagon/shared/imagenet512/val/n03710193/ILSVRC2012_val_00045717.JPEG
/home/projects/bagon/shared/imagenet512/val/n03832673/ILSVRC2012_val_00040078.JPEG
/home/projects/bagon/shared/imagenet512/val/n02963159/ILSVRC2012_val_00048312.JPEG
/home/projects/bagon/shared/imagenet512/val/n02909870/ILSVRC2012_val_00029235.JPEG
/home/projects/bagon/shared/imagenet512/val/n02346627/ILSVRC2012_val_00041439.JPEG
/home/projects/bagon/shared/imagenet512/val/n02999410/ILSVRC2012_val_00013634.JPEG
/home/projects/bagon/shared/imagenet512/val/n02493509/ILSVRC2012_val_00010323.JPEG
/home/projects/bagon/shared/imagenet512/val/n02787622/ILSVRC2012_val_00047082.JPEG
/home/projects/bagon/shared/imagenet512/val/n03871628/ILSVRC2012_val_00015580.JPEG
/home/projects/bagon/shared/imagenet512/val/n01667114/ILSVRC2012_val_00010528.JPEG
/home/projects/bagon/shared/imagenet512/val/n03000684/ILSVRC2012_val_00004034.JPEG
/home/projects/bagon/shared/imagenet512/val/n04019541/ILSVRC2012_val_00040973.JPEG
/home/projects/bagon/shared/imagenet512/val/n02106030/ILSVRC2012_val_00036371.JPEG
/home/projects/bagon/shared/imagenet512/val/n04372370/ILSVRC2012_val_00029257.JPEG
/home/projects/bagon/shared/imagenet512/val/n04330267/ILSVRC2012_val_00014803.JPEG
/home/projects/bagon/shared/imagenet512/val/n01739381/ILSVRC2012_val_00032571.JPEG
/home/projects/bagon/shared/imagenet512/val/n03065424/ILSVRC2012_val_00025594.JPEG
/home/projects/bagon/shared/imagenet512/val/n02114548/ILSVRC2012_val_00020076.JPEG
/home/projects/bagon/shared/imagenet512/val/n02490219/ILSVRC2012_val_00028231.JPEG
/home/projects/bagon/shared/imagenet512/val/n04355338/ILSVRC2012_val_00014263.JPEG
/home/projects/bagon/shared/imagenet512/val/n03814639/ILSVRC2012_val_00034210.JPEG
/home/projects/bagon/shared/imagenet512/val/n04515003/ILSVRC2012_val_00042717.JPEG
/home/projects/bagon/shared/imagenet512/val/n01667114/ILSVRC2012_val_00032700.JPEG
/home/projects/bagon/shared/imagenet512/val/n03125729/ILSVRC2012_val_00038941.JPEG
/home/projects/bagon/shared/imagenet512/val/n03786901/ILSVRC2012_val_00031950.JPEG
/home/projects/bagon/shared/imagenet512/val/n04591713/ILSVRC2012_val_00042526.JPEG
/home/projects/bagon/shared/imagenet512/val/n04442312/ILSVRC2012_val_00038755.JPEG
/home/projects/bagon/shared/imagenet512/val/n03179701/ILSVRC2012_val_00044652.JPEG
/home/projects/bagon/shared/imagenet512/val/n02815834/ILSVRC2012_val_00027345.JPEG
/home/projects/bagon/shared/imagenet512/val/n02487347/ILSVRC2012_val_00005306.JPEG
/home/projects/bagon/shared/imagenet512/val/n04009552/ILSVRC2012_val_00027465.JPEG
/home/projects/bagon/shared/imagenet512/val/n03100240/ILSVRC2012_val_00022835.JPEG
/home/projects/bagon/shared/imagenet512/val/n02815834/ILSVRC2012_val_00028875.JPEG
/home/projects/bagon/shared/imagenet512/val/n02978881/ILSVRC2012_val_00023633.JPEG
/home/projects/bagon/shared/imagenet512/val/n03089624/ILSVRC2012_val_00032506.JPEG
/home/projects/bagon/shared/imagenet512/val/n04162706/ILSVRC2012_val_00039567.JPEG
/home/projects/bagon/shared/imagenet512/val/n01756291/ILSVRC2012_val_00042225.JPEG
/home/projects/bagon/shared/imagenet512/val/n03692522/ILSVRC2012_val_00033345.JPEG
/home/projects/bagon/shared/imagenet512/val/n03761084/ILSVRC2012_val_00045008.JPEG
/home/projects/bagon/shared/imagenet512/val/n03394916/ILSVRC2012_val_00023056.JPEG
/home/projects/bagon/shared/imagenet512/val/n03345487/ILSVRC2012_val_00000764.JPEG
/home/projects/bagon/shared/imagenet512/val/n02123159/ILSVRC2012_val_00023092.JPEG
/home/projects/bagon/shared/imagenet512/val/n01742172/ILSVRC2012_val_00035387.JPEG
/home/projects/bagon/shared/imagenet512/val/n04116512/ILSVRC2012_val_00022697.JPEG
/home/projects/bagon/shared/imagenet512/val/n02086240/ILSVRC2012_val_00027703.JPEG
/home/projects/bagon/shared/imagenet512/val/n02319095/ILSVRC2012_val_00043765.JPEG
/home/projects/bagon/shared/imagenet512/val/n01756291/ILSVRC2012_val_00042384.JPEG
/home/projects/bagon/shared/imagenet512/val/n02091244/ILSVRC2012_val_00032400.JPEG
/home/projects/bagon/shared/imagenet512/val/n03633091/ILSVRC2012_val_00044220.JPEG
/home/projects/bagon/shared/imagenet512/val/n02091831/ILSVRC2012_val_00022920.JPEG
/home/projects/bagon/shared/imagenet512/val/n04162706/ILSVRC2012_val_00045394.JPEG
/home/projects/bagon/shared/imagenet512/val/n04465501/ILSVRC2012_val_00038088.JPEG
/home/projects/bagon/shared/imagenet512/val/n02091635/ILSVRC2012_val_00017046.JPEG
/home/projects/bagon/shared/imagenet512/val/n03259280/ILSVRC2012_val_00030315.JPEG
/home/projects/bagon/shared/imagenet512/val/n03680355/ILSVRC2012_val_00009751.JPEG
/home/projects/bagon/shared/imagenet512/val/n02100583/ILSVRC2012_val_00029753.JPEG
/home/projects/bagon/shared/imagenet512/val/n04136333/ILSVRC2012_val_00010187.JPEG
/home/projects/bagon/shared/imagenet512/val/n04209239/ILSVRC2012_val_00025112.JPEG
/home/projects/bagon/shared/imagenet512/val/n02091635/ILSVRC2012_val_00018526.JPEG
/home/projects/bagon/shared/imagenet512/val/n01784675/ILSVRC2012_val_00009716.JPEG
/home/projects/bagon/shared/imagenet512/val/n02493793/ILSVRC2012_val_00033780.JPEG
/home/projects/bagon/shared/imagenet512/val/n04125021/ILSVRC2012_val_00047300.JPEG
/home/projects/bagon/shared/imagenet512/val/n02088364/ILSVRC2012_val_00028001.JPEG
/home/projects/bagon/shared/imagenet512/val/n03089624/ILSVRC2012_val_00037663.JPEG
/home/projects/bagon/shared/imagenet512/val/n02979186/ILSVRC2012_val_00024874.JPEG
/home/projects/bagon/shared/imagenet512/val/n03291819/ILSVRC2012_val_00041775.JPEG
/home/projects/bagon/shared/imagenet512/val/n03770439/ILSVRC2012_val_00022703.JPEG
/home/projects/bagon/shared/imagenet512/val/n04136333/ILSVRC2012_val_00049844.JPEG
/home/projects/bagon/shared/imagenet512/val/n03697007/ILSVRC2012_val_00027007.JPEG
/home/projects/bagon/shared/imagenet512/val/n02807133/ILSVRC2012_val_00014229.JPEG
/home/projects/bagon/shared/imagenet512/val/n04505470/ILSVRC2012_val_00049808.JPEG
/home/projects/bagon/shared/imagenet512/val/n02108000/ILSVRC2012_val_00044356.JPEG
/home/projects/bagon/shared/imagenet512/val/n04355338/ILSVRC2012_val_00012033.JPEG
/home/projects/bagon/shared/imagenet512/val/n03761084/ILSVRC2012_val_00048947.JPEG
/home/projects/bagon/shared/imagenet512/val/n03584829/ILSVRC2012_val_00009661.JPEG
/home/projects/bagon/shared/imagenet512/val/n04525038/ILSVRC2012_val_00004881.JPEG
/home/projects/bagon/shared/imagenet512/val/n02101388/ILSVRC2012_val_00014779.JPEG
/home/projects/bagon/shared/imagenet512/val/n07860988/ILSVRC2012_val_00021467.JPEG
/home/projects/bagon/shared/imagenet512/val/n07715103/ILSVRC2012_val_00031499.JPEG
/home/projects/bagon/shared/imagenet512/val/n04336792/ILSVRC2012_val_00045163.JPEG
/home/projects/bagon/shared/imagenet512/val/n04376876/ILSVRC2012_val_00013408.JPEG
/home/projects/bagon/shared/imagenet512/val/n02206856/ILSVRC2012_val_00042015.JPEG
/home/projects/bagon/shared/imagenet512/val/n03028079/ILSVRC2012_val_00034021.JPEG
/home/projects/bagon/shared/imagenet512/val/n01945685/ILSVRC2012_val_00045313.JPEG
/home/projects/bagon/shared/imagenet512/val/n04229816/ILSVRC2012_val_00015621.JPEG
/home/projects/bagon/shared/imagenet512/val/n02486261/ILSVRC2012_val_00014940.JPEG
/home/projects/bagon/shared/imagenet512/val/n02086240/ILSVRC2012_val_00031419.JPEG
/home/projects/bagon/shared/imagenet512/val/n03146219/ILSVRC2012_val_00045570.JPEG
/home/projects/bagon/shared/imagenet512/val/n01770393/ILSVRC2012_val_00035005.JPEG
/home/projects/bagon/shared/imagenet512/val/n03220513/ILSVRC2012_val_00012282.JPEG
/home/projects/bagon/shared/imagenet512/val/n02930766/ILSVRC2012_val_00039250.JPEG
/home/projects/bagon/shared/imagenet512/val/n02730930/ILSVRC2012_val_00014179.JPEG
/home/projects/bagon/shared/imagenet512/val/n03947888/ILSVRC2012_val_00023269.JPEG
/home/projects/bagon/shared/imagenet512/val/n03532672/ILSVRC2012_val_00043481.JPEG
/home/projects/bagon/shared/imagenet512/val/n03297495/ILSVRC2012_val_00015032.JPEG
/home/projects/bagon/shared/imagenet512/val/n03100240/ILSVRC2012_val_00027508.JPEG
/home/projects/bagon/shared/imagenet512/val/n04347754/ILSVRC2012_val_00043762.JPEG
/home/projects/bagon/shared/imagenet512/val/n03075370/ILSVRC2012_val_00005411.JPEG
/home/projects/bagon/shared/imagenet512/val/n02109047/ILSVRC2012_val_00031336.JPEG
/home/projects/bagon/shared/imagenet512/val/n03825788/ILSVRC2012_val_00039757.JPEG
/home/projects/bagon/shared/imagenet512/val/n02279972/ILSVRC2012_val_00005952.JPEG
/home/projects/bagon/shared/imagenet512/val/n03017168/ILSVRC2012_val_00001601.JPEG
/home/projects/bagon/shared/imagenet512/val/n03047690/ILSVRC2012_val_00003249.JPEG
/home/projects/bagon/shared/imagenet512/val/n02869837/ILSVRC2012_val_00024998.JPEG
/home/projects/bagon/shared/imagenet512/val/n04033901/ILSVRC2012_val_00007806.JPEG
/home/projects/bagon/shared/imagenet512/val/n02099601/ILSVRC2012_val_00013611.JPEG
/home/projects/bagon/shared/imagenet512/val/n04069434/ILSVRC2012_val_00037463.JPEG
/home/projects/bagon/shared/imagenet512/val/n02606052/ILSVRC2012_val_00046491.JPEG
/home/projects/bagon/shared/imagenet512/val/n04265275/ILSVRC2012_val_00027568.JPEG
/home/projects/bagon/shared/imagenet512/val/n03180011/ILSVRC2012_val_00021984.JPEG
/home/projects/bagon/shared/imagenet512/val/n02089973/ILSVRC2012_val_00046454.JPEG
/home/projects/bagon/shared/imagenet512/val/n03207941/ILSVRC2012_val_00048856.JPEG
/home/projects/bagon/shared/imagenet512/val/n03873416/ILSVRC2012_val_00026884.JPEG
/home/projects/bagon/shared/imagenet512/val/n01817953/ILSVRC2012_val_00024592.JPEG
/home/projects/bagon/shared/imagenet512/val/n02977058/ILSVRC2012_val_00021001.JPEG
/home/projects/bagon/shared/imagenet512/val/n03388549/ILSVRC2012_val_00039720.JPEG
/home/projects/bagon/shared/imagenet512/val/n02108089/ILSVRC2012_val_00005495.JPEG
/home/projects/bagon/shared/imagenet512/val/n01644900/ILSVRC2012_val_00032966.JPEG
/home/projects/bagon/shared/imagenet512/val/n02088466/ILSVRC2012_val_00039741.JPEG
/home/projects/bagon/shared/imagenet512/val/n01687978/ILSVRC2012_val_00018305.JPEG
/home/projects/bagon/shared/imagenet512/val/n02128385/ILSVRC2012_val_00043350.JPEG
/home/projects/bagon/shared/imagenet512/val/n02412080/ILSVRC2012_val_00014327.JPEG
/home/projects/bagon/shared/imagenet512/val/n02641379/ILSVRC2012_val_00035138.JPEG
/home/projects/bagon/shared/imagenet512/val/n02100236/ILSVRC2012_val_00024751.JPEG
/home/projects/bagon/shared/imagenet512/val/n02085620/ILSVRC2012_val_00006079.JPEG
/home/projects/bagon/shared/imagenet512/val/n03000134/ILSVRC2012_val_00048047.JPEG
/home/projects/bagon/shared/imagenet512/val/n01735189/ILSVRC2012_val_00029744.JPEG
/home/projects/bagon/shared/imagenet512/val/n03706229/ILSVRC2012_val_00002384.JPEG
/home/projects/bagon/shared/imagenet512/val/n04371430/ILSVRC2012_val_00041278.JPEG
/home/projects/bagon/shared/imagenet512/val/n02099429/ILSVRC2012_val_00014586.JPEG
/home/projects/bagon/shared/imagenet512/val/n02104029/ILSVRC2012_val_00027086.JPEG
/home/projects/bagon/shared/imagenet512/val/n12768682/ILSVRC2012_val_00037517.JPEG
/home/projects/bagon/shared/imagenet512/val/n03476991/ILSVRC2012_val_00031303.JPEG
/home/projects/bagon/shared/imagenet512/val/n04597913/ILSVRC2012_val_00049566.JPEG
/home/projects/bagon/shared/imagenet512/val/n03532672/ILSVRC2012_val_00032596.JPEG
/home/projects/bagon/shared/imagenet512/val/n03903868/ILSVRC2012_val_00041811.JPEG
/home/projects/bagon/shared/imagenet512/val/n04026417/ILSVRC2012_val_00030487.JPEG
/home/projects/bagon/shared/imagenet512/val/n03110669/ILSVRC2012_val_00034594.JPEG
/home/projects/bagon/shared/imagenet512/val/n02110185/ILSVRC2012_val_00007218.JPEG
/home/projects/bagon/shared/imagenet512/val/n02799071/ILSVRC2012_val_00012687.JPEG
/home/projects/bagon/shared/imagenet512/val/n01632777/ILSVRC2012_val_00045553.JPEG
/home/projects/bagon/shared/imagenet512/val/n04462240/ILSVRC2012_val_00017180.JPEG
/home/projects/bagon/shared/imagenet512/val/n03720891/ILSVRC2012_val_00044207.JPEG
/home/projects/bagon/shared/imagenet512/val/n03814639/ILSVRC2012_val_00017606.JPEG
/home/projects/bagon/shared/imagenet512/val/n02974003/ILSVRC2012_val_00003234.JPEG
/home/projects/bagon/shared/imagenet512/val/n01753488/ILSVRC2012_val_00012220.JPEG
/home/projects/bagon/shared/imagenet512/val/n01558993/ILSVRC2012_val_00022186.JPEG
/home/projects/bagon/shared/imagenet512/val/n03884397/ILSVRC2012_val_00026945.JPEG
/home/projects/bagon/shared/imagenet512/val/n15075141/ILSVRC2012_val_00021031.JPEG
/home/projects/bagon/shared/imagenet512/val/n02100236/ILSVRC2012_val_00043315.JPEG
/home/projects/bagon/shared/imagenet512/val/n04033901/ILSVRC2012_val_00038041.JPEG
/home/projects/bagon/shared/imagenet512/val/n04023962/ILSVRC2012_val_00049616.JPEG
/home/projects/bagon/shared/imagenet512/val/n03785016/ILSVRC2012_val_00037092.JPEG
/home/projects/bagon/shared/imagenet512/val/n04372370/ILSVRC2012_val_00030529.JPEG
/home/projects/bagon/shared/imagenet512/val/n09399592/ILSVRC2012_val_00019605.JPEG
/home/projects/bagon/shared/imagenet512/val/n02113712/ILSVRC2012_val_00029675.JPEG
/home/projects/bagon/shared/imagenet512/val/n02277742/ILSVRC2012_val_00022498.JPEG
/home/projects/bagon/shared/imagenet512/val/n02087394/ILSVRC2012_val_00036907.JPEG
/home/projects/bagon/shared/imagenet512/val/n04259630/ILSVRC2012_val_00044472.JPEG
/home/projects/bagon/shared/imagenet512/val/n07802026/ILSVRC2012_val_00000816.JPEG
/home/projects/bagon/shared/imagenet512/val/n02492660/ILSVRC2012_val_00041294.JPEG
/home/projects/bagon/shared/imagenet512/val/n03207941/ILSVRC2012_val_00021969.JPEG
/home/projects/bagon/shared/imagenet512/val/n03794056/ILSVRC2012_val_00020381.JPEG
/home/projects/bagon/shared/imagenet512/val/n03188531/ILSVRC2012_val_00019240.JPEG
/home/projects/bagon/shared/imagenet512/val/n09332890/ILSVRC2012_val_00032615.JPEG
/home/projects/bagon/shared/imagenet512/val/n04548362/ILSVRC2012_val_00028532.JPEG
/home/projects/bagon/shared/imagenet512/val/n02101388/ILSVRC2012_val_00042810.JPEG
/home/projects/bagon/shared/imagenet512/val/n07718472/ILSVRC2012_val_00043204.JPEG
/home/projects/bagon/shared/imagenet512/val/n03773504/ILSVRC2012_val_00021235.JPEG
/home/projects/bagon/shared/imagenet512/val/n10148035/ILSVRC2012_val_00026839.JPEG
/home/projects/bagon/shared/imagenet512/val/n02087046/ILSVRC2012_val_00015701.JPEG
/home/projects/bagon/shared/imagenet512/val/n03075370/ILSVRC2012_val_00036914.JPEG
/home/projects/bagon/shared/imagenet512/val/n04550184/ILSVRC2012_val_00004052.JPEG
/home/projects/bagon/shared/imagenet512/val/n04209133/ILSVRC2012_val_00044478.JPEG
/home/projects/bagon/shared/imagenet512/val/n02119789/ILSVRC2012_val_00040503.JPEG
/home/projects/bagon/shared/imagenet512/val/n04501370/ILSVRC2012_val_00022690.JPEG
/home/projects/bagon/shared/imagenet512/val/n04355338/ILSVRC2012_val_00030203.JPEG
/home/projects/bagon/shared/imagenet512/val/n03532672/ILSVRC2012_val_00033026.JPEG
/home/projects/bagon/shared/imagenet512/val/n02123394/ILSVRC2012_val_00015372.JPEG
/home/projects/bagon/shared/imagenet512/val/n04125021/ILSVRC2012_val_00042742.JPEG
/home/projects/bagon/shared/imagenet512/val/n01820546/ILSVRC2012_val_00005925.JPEG
/home/projects/bagon/shared/imagenet512/val/n03476991/ILSVRC2012_val_00044920.JPEG
/home/projects/bagon/shared/imagenet512/val/n04090263/ILSVRC2012_val_00028273.JPEG
/home/projects/bagon/shared/imagenet512/val/n02782093/ILSVRC2012_val_00025777.JPEG
/home/projects/bagon/shared/imagenet512/val/n03249569/ILSVRC2012_val_00043237.JPEG
/home/projects/bagon/shared/imagenet512/val/n02497673/ILSVRC2012_val_00000092.JPEG
/home/projects/bagon/shared/imagenet512/val/n07742313/ILSVRC2012_val_00045374.JPEG
/home/projects/bagon/shared/imagenet512/val/n02110185/ILSVRC2012_val_00015251.JPEG
/home/projects/bagon/shared/imagenet512/val/n02268853/ILSVRC2012_val_00028579.JPEG
/home/projects/bagon/shared/imagenet512/val/n02105162/ILSVRC2012_val_00023289.JPEG
/home/projects/bagon/shared/imagenet512/val/n03047690/ILSVRC2012_val_00049835.JPEG
/home/projects/bagon/shared/imagenet512/val/n03544143/ILSVRC2012_val_00036746.JPEG
/home/projects/bagon/shared/imagenet512/val/n02676566/ILSVRC2012_val_00028510.JPEG
/home/projects/bagon/shared/imagenet512/val/n02909870/ILSVRC2012_val_00017170.JPEG
/home/projects/bagon/shared/imagenet512/val/n02013706/ILSVRC2012_val_00026942.JPEG
/home/projects/bagon/shared/imagenet512/val/n04493381/ILSVRC2012_val_00036788.JPEG
/home/projects/bagon/shared/imagenet512/val/n03065424/ILSVRC2012_val_00046331.JPEG
/home/projects/bagon/shared/imagenet512/val/n01847000/ILSVRC2012_val_00035054.JPEG
/home/projects/bagon/shared/imagenet512/val/n04208210/ILSVRC2012_val_00026621.JPEG
/home/projects/bagon/shared/imagenet512/val/n03793489/ILSVRC2012_val_00003970.JPEG
/home/projects/bagon/shared/imagenet512/val/n04418357/ILSVRC2012_val_00041249.JPEG
/home/projects/bagon/shared/imagenet512/val/n02356798/ILSVRC2012_val_00020198.JPEG
/home/projects/bagon/shared/imagenet512/val/n07716906/ILSVRC2012_val_00013692.JPEG
/home/projects/bagon/shared/imagenet512/val/n02877765/ILSVRC2012_val_00031978.JPEG
/home/projects/bagon/shared/imagenet512/val/n02667093/ILSVRC2012_val_00009218.JPEG
/home/projects/bagon/shared/imagenet512/val/n03124170/ILSVRC2012_val_00022722.JPEG
/home/projects/bagon/shared/imagenet512/val/n03710193/ILSVRC2012_val_00019006.JPEG
/home/projects/bagon/shared/imagenet512/val/n02051845/ILSVRC2012_val_00043470.JPEG
/home/projects/bagon/shared/imagenet512/val/n03476684/ILSVRC2012_val_00007252.JPEG
/home/projects/bagon/shared/imagenet512/val/n07860988/ILSVRC2012_val_00010848.JPEG
/home/projects/bagon/shared/imagenet512/val/n07747607/ILSVRC2012_val_00006199.JPEG
/home/projects/bagon/shared/imagenet512/val/n02098413/ILSVRC2012_val_00020428.JPEG
/home/projects/bagon/shared/imagenet512/val/n02514041/ILSVRC2012_val_00047261.JPEG
/home/projects/bagon/shared/imagenet512/val/n02879718/ILSVRC2012_val_00043811.JPEG
/home/projects/bagon/shared/imagenet512/val/n02101006/ILSVRC2012_val_00003769.JPEG
/home/projects/bagon/shared/imagenet512/val/n02087046/ILSVRC2012_val_00022434.JPEG
/home/projects/bagon/shared/imagenet512/val/n02526121/ILSVRC2012_val_00044756.JPEG
/home/projects/bagon/shared/imagenet512/val/n02841315/ILSVRC2012_val_00024742.JPEG
/home/projects/bagon/shared/imagenet512/val/n02102973/ILSVRC2012_val_00044387.JPEG
/home/projects/bagon/shared/imagenet512/val/n03063599/ILSVRC2012_val_00013606.JPEG
/home/projects/bagon/shared/imagenet512/val/n01774750/ILSVRC2012_val_00005326.JPEG
/home/projects/bagon/shared/imagenet512/val/n03903868/ILSVRC2012_val_00026940.JPEG
/home/projects/bagon/shared/imagenet512/val/n01740131/ILSVRC2012_val_00040781.JPEG
/home/projects/bagon/shared/imagenet512/val/n04192698/ILSVRC2012_val_00024994.JPEG
/home/projects/bagon/shared/imagenet512/val/n03970156/ILSVRC2012_val_00044213.JPEG
/home/projects/bagon/shared/imagenet512/val/n03376595/ILSVRC2012_val_00005926.JPEG
/home/projects/bagon/shared/imagenet512/val/n04209239/ILSVRC2012_val_00007505.JPEG
/home/projects/bagon/shared/imagenet512/val/n02708093/ILSVRC2012_val_00032489.JPEG
/home/projects/bagon/shared/imagenet512/val/n12144580/ILSVRC2012_val_00041952.JPEG
/home/projects/bagon/shared/imagenet512/val/n02128385/ILSVRC2012_val_00035368.JPEG
/home/projects/bagon/shared/imagenet512/val/n02454379/ILSVRC2012_val_00018686.JPEG
/home/projects/bagon/shared/imagenet512/val/n03026506/ILSVRC2012_val_00045301.JPEG
/home/projects/bagon/shared/imagenet512/val/n03920288/ILSVRC2012_val_00048558.JPEG
/home/projects/bagon/shared/imagenet512/val/n03908618/ILSVRC2012_val_00014429.JPEG
/home/projects/bagon/shared/imagenet512/val/n07614500/ILSVRC2012_val_00041321.JPEG
/home/projects/bagon/shared/imagenet512/val/n04009552/ILSVRC2012_val_00038255.JPEG
/home/projects/bagon/shared/imagenet512/val/n03692522/ILSVRC2012_val_00019600.JPEG
/home/projects/bagon/shared/imagenet512/val/n03773504/ILSVRC2012_val_00024028.JPEG
/home/projects/bagon/shared/imagenet512/val/n04443257/ILSVRC2012_val_00043358.JPEG
/home/projects/bagon/shared/imagenet512/val/n04049303/ILSVRC2012_val_00020371.JPEG
/home/projects/bagon/shared/imagenet512/val/n02807133/ILSVRC2012_val_00042154.JPEG
/home/projects/bagon/shared/imagenet512/val/n03197337/ILSVRC2012_val_00042914.JPEG
/home/projects/bagon/shared/imagenet512/val/n02948072/ILSVRC2012_val_00047415.JPEG
/home/projects/bagon/shared/imagenet512/val/n02690373/ILSVRC2012_val_00033161.JPEG
/home/projects/bagon/shared/imagenet512/val/n03089624/ILSVRC2012_val_00046464.JPEG
/home/projects/bagon/shared/imagenet512/val/n02226429/ILSVRC2012_val_00000125.JPEG
/home/projects/bagon/shared/imagenet512/val/n03065424/ILSVRC2012_val_00028151.JPEG
/home/projects/bagon/shared/imagenet512/val/n04591713/ILSVRC2012_val_00006808.JPEG
/home/projects/bagon/shared/imagenet512/val/n03804744/ILSVRC2012_val_00015196.JPEG
/home/projects/bagon/shared/imagenet512/val/n02701002/ILSVRC2012_val_00021146.JPEG
/home/projects/bagon/shared/imagenet512/val/n02099429/ILSVRC2012_val_00031281.JPEG
/home/projects/bagon/shared/imagenet512/val/n01608432/ILSVRC2012_val_00015746.JPEG
/home/projects/bagon/shared/imagenet512/val/n03980874/ILSVRC2012_val_00035150.JPEG
/home/projects/bagon/shared/imagenet512/val/n03803284/ILSVRC2012_val_00014884.JPEG
/home/projects/bagon/shared/imagenet512/val/n02835271/ILSVRC2012_val_00026292.JPEG
/home/projects/bagon/shared/imagenet512/val/n02110185/ILSVRC2012_val_00026678.JPEG
/home/projects/bagon/shared/imagenet512/val/n03602883/ILSVRC2012_val_00022516.JPEG
/home/projects/bagon/shared/imagenet512/val/n02447366/ILSVRC2012_val_00017517.JPEG
/home/projects/bagon/shared/imagenet512/val/n04208210/ILSVRC2012_val_00043922.JPEG
/home/projects/bagon/shared/imagenet512/val/n04366367/ILSVRC2012_val_00001569.JPEG
/home/projects/bagon/shared/imagenet512/val/n02099429/ILSVRC2012_val_00035206.JPEG
/home/projects/bagon/shared/imagenet512/val/n04392985/ILSVRC2012_val_00001806.JPEG
/home/projects/bagon/shared/imagenet512/val/n02483708/ILSVRC2012_val_00021406.JPEG
/home/projects/bagon/shared/imagenet512/val/n02114855/ILSVRC2012_val_00042357.JPEG
/home/projects/bagon/shared/imagenet512/val/n03775071/ILSVRC2012_val_00041132.JPEG
/home/projects/bagon/shared/imagenet512/val/n04065272/ILSVRC2012_val_00001455.JPEG
/home/projects/bagon/shared/imagenet512/val/n02939185/ILSVRC2012_val_00013864.JPEG
/home/projects/bagon/shared/imagenet512/val/n03394916/ILSVRC2012_val_00024837.JPEG
/home/projects/bagon/shared/imagenet512/val/n03781244/ILSVRC2012_val_00048369.JPEG
/home/projects/bagon/shared/imagenet512/val/n07745940/ILSVRC2012_val_00048023.JPEG
/home/projects/bagon/shared/imagenet512/val/n01608432/ILSVRC2012_val_00006203.JPEG
/home/projects/bagon/shared/imagenet512/val/n02167151/ILSVRC2012_val_00043655.JPEG
/home/projects/bagon/shared/imagenet512/val/n07248320/ILSVRC2012_val_00013850.JPEG
/home/projects/bagon/shared/imagenet512/val/n03967562/ILSVRC2012_val_00021178.JPEG
/home/projects/bagon/shared/imagenet512/val/n01728572/ILSVRC2012_val_00022016.JPEG
/home/projects/bagon/shared/imagenet512/val/n03133878/ILSVRC2012_val_00035267.JPEG
/home/projects/bagon/shared/imagenet512/val/n03532672/ILSVRC2012_val_00005540.JPEG
/home/projects/bagon/shared/imagenet512/val/n03188531/ILSVRC2012_val_00033158.JPEG
/home/projects/bagon/shared/imagenet512/val/n04200800/ILSVRC2012_val_00038439.JPEG
/home/projects/bagon/shared/imagenet512/val/n02799071/ILSVRC2012_val_00045333.JPEG
/home/projects/bagon/shared/imagenet512/val/n04344873/ILSVRC2012_val_00008863.JPEG
/home/projects/bagon/shared/imagenet512/val/n04037443/ILSVRC2012_val_00025858.JPEG
/home/projects/bagon/shared/imagenet512/val/n03372029/ILSVRC2012_val_00013749.JPEG
/home/projects/bagon/shared/imagenet512/val/n02749479/ILSVRC2012_val_00028527.JPEG
/home/projects/bagon/shared/imagenet512/val/n02504458/ILSVRC2012_val_00013193.JPEG
/home/projects/bagon/shared/imagenet512/val/n02747177/ILSVRC2012_val_00007335.JPEG
/home/projects/bagon/shared/imagenet512/val/n03637318/ILSVRC2012_val_00012801.JPEG
/home/projects/bagon/shared/imagenet512/val/n04328186/ILSVRC2012_val_00010517.JPEG
/home/projects/bagon/shared/imagenet512/val/n02093647/ILSVRC2012_val_00045903.JPEG
/home/projects/bagon/shared/imagenet512/val/n02097474/ILSVRC2012_val_00000882.JPEG
/home/projects/bagon/shared/imagenet512/val/n04462240/ILSVRC2012_val_00045237.JPEG
/home/projects/bagon/shared/imagenet512/val/n02092339/ILSVRC2012_val_00014605.JPEG
/home/projects/bagon/shared/imagenet512/val/n04447861/ILSVRC2012_val_00017500.JPEG
/home/projects/bagon/shared/imagenet512/val/n03047690/ILSVRC2012_val_00025530.JPEG
/home/projects/bagon/shared/imagenet512/val/n03000134/ILSVRC2012_val_00014205.JPEG
/home/projects/bagon/shared/imagenet512/val/n03666591/ILSVRC2012_val_00036824.JPEG
/home/projects/bagon/shared/imagenet512/val/n02804610/ILSVRC2012_val_00035685.JPEG
/home/projects/bagon/shared/imagenet512/val/n02018207/ILSVRC2012_val_00024787.JPEG
/home/projects/bagon/shared/imagenet512/val/n02906734/ILSVRC2012_val_00036800.JPEG
/home/projects/bagon/shared/imagenet512/val/n01697457/ILSVRC2012_val_00049373.JPEG
/home/projects/bagon/shared/imagenet512/val/n02321529/ILSVRC2012_val_00026823.JPEG
/home/projects/bagon/shared/imagenet512/val/n07684084/ILSVRC2012_val_00009913.JPEG
/home/projects/bagon/shared/imagenet512/val/n02981792/ILSVRC2012_val_00029868.JPEG
/home/projects/bagon/shared/imagenet512/val/n03063599/ILSVRC2012_val_00028575.JPEG
/home/projects/bagon/shared/imagenet512/val/n01873310/ILSVRC2012_val_00028153.JPEG
/home/projects/bagon/shared/imagenet512/val/n02099849/ILSVRC2012_val_00015696.JPEG
/home/projects/bagon/shared/imagenet512/val/n07697537/ILSVRC2012_val_00042704.JPEG
/home/projects/bagon/shared/imagenet512/val/n03944341/ILSVRC2012_val_00022949.JPEG
/home/projects/bagon/shared/imagenet512/val/n04482393/ILSVRC2012_val_00041940.JPEG
/home/projects/bagon/shared/imagenet512/val/n03908714/ILSVRC2012_val_00041362.JPEG
/home/projects/bagon/shared/imagenet512/val/n04376876/ILSVRC2012_val_00006272.JPEG
/home/projects/bagon/shared/imagenet512/val/n02105855/ILSVRC2012_val_00000180.JPEG
/home/projects/bagon/shared/imagenet512/val/n03197337/ILSVRC2012_val_00004039.JPEG
/home/projects/bagon/shared/imagenet512/val/n03676483/ILSVRC2012_val_00035083.JPEG
/home/projects/bagon/shared/imagenet512/val/n02106166/ILSVRC2012_val_00011457.JPEG
/home/projects/bagon/shared/imagenet512/val/n04548280/ILSVRC2012_val_00041461.JPEG
/home/projects/bagon/shared/imagenet512/val/n03000247/ILSVRC2012_val_00047839.JPEG
/home/projects/bagon/shared/imagenet512/val/n03776460/ILSVRC2012_val_00042549.JPEG
/home/projects/bagon/shared/imagenet512/val/n02817516/ILSVRC2012_val_00011026.JPEG
/home/projects/bagon/shared/imagenet512/val/n03961711/ILSVRC2012_val_00027552.JPEG
/home/projects/bagon/shared/imagenet512/val/n03000684/ILSVRC2012_val_00017719.JPEG
/home/projects/bagon/shared/imagenet512/val/n02096294/ILSVRC2012_val_00022292.JPEG
/home/projects/bagon/shared/imagenet512/val/n02823750/ILSVRC2012_val_00037085.JPEG
/home/projects/bagon/shared/imagenet512/val/n03197337/ILSVRC2012_val_00041530.JPEG
/home/projects/bagon/shared/imagenet512/val/n03345487/ILSVRC2012_val_00028536.JPEG
/home/projects/bagon/shared/imagenet512/val/n04553703/ILSVRC2012_val_00045791.JPEG
/home/projects/bagon/shared/imagenet512/val/n04258138/ILSVRC2012_val_00014018.JPEG
/home/projects/bagon/shared/imagenet512/val/n02786058/ILSVRC2012_val_00006995.JPEG
/home/projects/bagon/shared/imagenet512/val/n01630670/ILSVRC2012_val_00046430.JPEG
/home/projects/bagon/shared/imagenet512/val/n01847000/ILSVRC2012_val_00011584.JPEG
/home/projects/bagon/shared/imagenet512/val/n03492542/ILSVRC2012_val_00030080.JPEG
/home/projects/bagon/shared/imagenet512/val/n01955084/ILSVRC2012_val_00014350.JPEG
/home/projects/bagon/shared/imagenet512/val/n03782006/ILSVRC2012_val_00016317.JPEG
/home/projects/bagon/shared/imagenet512/val/n01693334/ILSVRC2012_val_00047908.JPEG
/home/projects/bagon/shared/imagenet512/val/n03692522/ILSVRC2012_val_00040377.JPEG
/home/projects/bagon/shared/imagenet512/val/n04482393/ILSVRC2012_val_00012701.JPEG
/home/projects/bagon/shared/imagenet512/val/n02892767/ILSVRC2012_val_00013681.JPEG
/home/projects/bagon/shared/imagenet512/val/n03133878/ILSVRC2012_val_00029433.JPEG
/home/projects/bagon/shared/imagenet512/val/n03347037/ILSVRC2012_val_00020944.JPEG
/home/projects/bagon/shared/imagenet512/val/n04065272/ILSVRC2012_val_00044785.JPEG
/home/projects/bagon/shared/imagenet512/val/n01697457/ILSVRC2012_val_00043428.JPEG
/home/projects/bagon/shared/imagenet512/val/n03014705/ILSVRC2012_val_00041519.JPEG
/home/projects/bagon/shared/imagenet512/val/n07768694/ILSVRC2012_val_00007525.JPEG
/home/projects/bagon/shared/imagenet512/val/n03372029/ILSVRC2012_val_00011785.JPEG
/home/projects/bagon/shared/imagenet512/val/n03877472/ILSVRC2012_val_00010480.JPEG
/home/projects/bagon/shared/imagenet512/val/n03223299/ILSVRC2012_val_00034663.JPEG
/home/projects/bagon/shared/imagenet512/val/n03325584/ILSVRC2012_val_00037917.JPEG
/home/projects/bagon/shared/imagenet512/val/n04536866/ILSVRC2012_val_00029662.JPEG
/home/projects/bagon/shared/imagenet512/val/n04429376/ILSVRC2012_val_00038377.JPEG
/home/projects/bagon/shared/imagenet512/val/n03124043/ILSVRC2012_val_00035213.JPEG
/home/projects/bagon/shared/imagenet512/val/n07749582/ILSVRC2012_val_00047221.JPEG
/home/projects/bagon/shared/imagenet512/val/n04599235/ILSVRC2012_val_00049409.JPEG
/home/projects/bagon/shared/imagenet512/val/n03110669/ILSVRC2012_val_00047890.JPEG
/home/projects/bagon/shared/imagenet512/val/n03832673/ILSVRC2012_val_00042612.JPEG
/home/projects/bagon/shared/imagenet512/val/n03773504/ILSVRC2012_val_00028905.JPEG
/home/projects/bagon/shared/imagenet512/val/n01983481/ILSVRC2012_val_00007995.JPEG
/home/projects/bagon/shared/imagenet512/val/n03874293/ILSVRC2012_val_00038211.JPEG
/home/projects/bagon/shared/imagenet512/val/n02966687/ILSVRC2012_val_00026561.JPEG
/home/projects/bagon/shared/imagenet512/val/n04330267/ILSVRC2012_val_00026210.JPEG
/home/projects/bagon/shared/imagenet512/val/n03710637/ILSVRC2012_val_00012018.JPEG
/home/projects/bagon/shared/imagenet512/val/n04476259/ILSVRC2012_val_00004806.JPEG
/home/projects/bagon/shared/imagenet512/val/n02259212/ILSVRC2012_val_00030294.JPEG
/home/projects/bagon/shared/imagenet512/val/n03000684/ILSVRC2012_val_00026061.JPEG
/home/projects/bagon/shared/imagenet512/val/n03063689/ILSVRC2012_val_00029697.JPEG
/home/projects/bagon/shared/imagenet512/val/n02444819/ILSVRC2012_val_00039178.JPEG
/home/projects/bagon/shared/imagenet512/val/n01753488/ILSVRC2012_val_00013772.JPEG
/home/projects/bagon/shared/imagenet512/val/n03950228/ILSVRC2012_val_00005609.JPEG
/home/projects/bagon/shared/imagenet512/val/n04597913/ILSVRC2012_val_00033430.JPEG
/home/projects/bagon/shared/imagenet512/val/n02097209/ILSVRC2012_val_00012193.JPEG
/home/projects/bagon/shared/imagenet512/val/n07836838/ILSVRC2012_val_00047306.JPEG
/home/projects/bagon/shared/imagenet512/val/n02109047/ILSVRC2012_val_00001408.JPEG
/home/projects/bagon/shared/imagenet512/val/n02110341/ILSVRC2012_val_00003355.JPEG
/home/projects/bagon/shared/imagenet512/val/n10148035/ILSVRC2012_val_00012012.JPEG
/home/projects/bagon/shared/imagenet512/val/n02112350/ILSVRC2012_val_00014700.JPEG
/home/projects/bagon/shared/imagenet512/val/n03782006/ILSVRC2012_val_00026075.JPEG
/home/projects/bagon/shared/imagenet512/val/n02999410/ILSVRC2012_val_00008475.JPEG
/home/projects/bagon/shared/imagenet512/val/n03131574/ILSVRC2012_val_00027577.JPEG
/home/projects/bagon/shared/imagenet512/val/n03995372/ILSVRC2012_val_00005681.JPEG
/home/projects/bagon/shared/imagenet512/val/n04542943/ILSVRC2012_val_00033831.JPEG
/home/projects/bagon/shared/imagenet512/val/n02101388/ILSVRC2012_val_00031014.JPEG
/home/projects/bagon/shared/imagenet512/val/n04485082/ILSVRC2012_val_00011069.JPEG
/home/projects/bagon/shared/imagenet512/val/n03476991/ILSVRC2012_val_00024231.JPEG
/home/projects/bagon/shared/imagenet512/val/n02107683/ILSVRC2012_val_00016125.JPEG
/home/projects/bagon/shared/imagenet512/val/n03126707/ILSVRC2012_val_00031137.JPEG
/home/projects/bagon/shared/imagenet512/val/n02317335/ILSVRC2012_val_00045998.JPEG
/home/projects/bagon/shared/imagenet512/val/n02137549/ILSVRC2012_val_00000518.JPEG
/home/projects/bagon/shared/imagenet512/val/n01693334/ILSVRC2012_val_00017730.JPEG
/home/projects/bagon/shared/imagenet512/val/n02109961/ILSVRC2012_val_00047924.JPEG
/home/projects/bagon/shared/imagenet512/val/n04355933/ILSVRC2012_val_00041874.JPEG
2025-09-23 07:04:34,623 - INFO - Skipping already processed example (step log exists): rank=36219 path=/home/projects/bagon/shared/imagenet512/val/n02441942/ILSVRC2012_val_00036861.JPEG file=example_3174_rank_36219_n02441942_ILSVRC2012_val_00036861.JPEG_steps.csv
2025-09-23 07:04:34,625 - INFO - Skipping already processed example (step log exists): rank=36220 path=/home/projects/bagon/shared/imagenet512/val/n02110806/ILSVRC2012_val_00024321.JPEG file=example_3175_rank_36220_n02110806_ILSVRC2012_val_00024321.JPEG_steps.csv
2025-09-23 07:04:34,626 - INFO - Skipping already processed example (step log exists): rank=36222 path=/home/projects/bagon/shared/imagenet512/val/n04553703/ILSVRC2012_val_00030775.JPEG file=example_3176_rank_36222_n04553703_ILSVRC2012_val_00030775.JPEG_steps.csv
2025-09-23 07:04:34,627 - INFO - Skipping already processed example (step log exists): rank=36223 path=/home/projects/bagon/shared/imagenet512/val/n03814639/ILSVRC2012_val_00000841.JPEG file=example_3177_rank_36223_n03814639_ILSVRC2012_val_00000841.JPEG_steps.csv
2025-09-23 07:04:34,628 - INFO - Skipping already processed example (step log exists): rank=36224 path=/home/projects/bagon/shared/imagenet512/val/n01698640/ILSVRC2012_val_00038856.JPEG file=example_3178_rank_36224_n01698640_ILSVRC2012_val_00038856.JPEG_steps.csv
2025-09-23 07:04:34,630 - INFO - Skipping already processed example (step log exists): rank=36225 path=/home/projects/bagon/shared/imagenet512/val/n02793495/ILSVRC2012_val_00020925.JPEG file=example_3179_rank_36225_n02793495_ILSVRC2012_val_00020925.JPEG_steps.csv
2025-09-23 07:04:34,631 - INFO - Skipping already processed example (step log exists): rank=36226 path=/home/projects/bagon/shared/imagenet512/val/n03201208/ILSVRC2012_val_00036230.JPEG file=example_3180_rank_36226_n03201208_ILSVRC2012_val_00036230.JPEG_steps.csv
2025-09-23 07:04:34,632 - INFO - Skipping already processed example (step log exists): rank=36228 path=/home/projects/bagon/shared/imagenet512/val/n02123394/ILSVRC2012_val_00009899.JPEG file=example_3181_rank_36228_n02123394_ILSVRC2012_val_00009899.JPEG_steps.csv
2025-09-23 07:04:34,633 - INFO - Skipping already processed example (step log exists): rank=36229 path=/home/projects/bagon/shared/imagenet512/val/n01693334/ILSVRC2012_val_00003722.JPEG file=example_3182_rank_36229_n01693334_ILSVRC2012_val_00003722.JPEG_steps.csv
2025-09-23 07:04:34,634 - INFO - Skipping already processed example (step log exists): rank=36231 path=/home/projects/bagon/shared/imagenet512/val/n02795169/ILSVRC2012_val_00005245.JPEG file=example_3183_rank_36231_n02795169_ILSVRC2012_val_00005245.JPEG_steps.csv
2025-09-23 07:04:34,635 - INFO - Skipping already processed example (step log exists): rank=36232 path=/home/projects/bagon/shared/imagenet512/val/n02966687/ILSVRC2012_val_00047093.JPEG file=example_3184_rank_36232_n02966687_ILSVRC2012_val_00047093.JPEG_steps.csv
2025-09-23 07:04:34,636 - INFO - Skipping already processed example (step log exists): rank=36233 path=/home/projects/bagon/shared/imagenet512/val/n02408429/ILSVRC2012_val_00000456.JPEG file=example_3185_rank_36233_n02408429_ILSVRC2012_val_00000456.JPEG_steps.csv
2025-09-23 07:04:34,637 - INFO - Skipping already processed example (step log exists): rank=36234 path=/home/projects/bagon/shared/imagenet512/val/n02412080/ILSVRC2012_val_00014871.JPEG file=example_3186_rank_36234_n02412080_ILSVRC2012_val_00014871.JPEG_steps.csv
2025-09-23 07:04:34,638 - INFO - Skipping already processed example (step log exists): rank=36235 path=/home/projects/bagon/shared/imagenet512/val/n03207941/ILSVRC2012_val_00026570.JPEG file=example_3187_rank_36235_n03207941_ILSVRC2012_val_00026570.JPEG_steps.csv
2025-09-23 07:04:34,639 - INFO - Skipping already processed example (step log exists): rank=36236 path=/home/projects/bagon/shared/imagenet512/val/n09472597/ILSVRC2012_val_00044072.JPEG file=example_3188_rank_36236_n09472597_ILSVRC2012_val_00044072.JPEG_steps.csv
2025-09-23 07:04:34,640 - INFO - Skipping already processed example (step log exists): rank=36240 path=/home/projects/bagon/shared/imagenet512/val/n02444819/ILSVRC2012_val_00007360.JPEG file=example_3189_rank_36240_n02444819_ILSVRC2012_val_00007360.JPEG_steps.csv
2025-09-23 07:04:34,641 - INFO - Skipping already processed example (step log exists): rank=36242 path=/home/projects/bagon/shared/imagenet512/val/n03216828/ILSVRC2012_val_00029369.JPEG file=example_3190_rank_36242_n03216828_ILSVRC2012_val_00029369.JPEG_steps.csv
2025-09-23 07:04:34,641 - INFO - Skipping already processed example (step log exists): rank=36244 path=/home/projects/bagon/shared/imagenet512/val/n04552348/ILSVRC2012_val_00021062.JPEG file=example_3191_rank_36244_n04552348_ILSVRC2012_val_00021062.JPEG_steps.csv
2025-09-23 07:04:34,642 - INFO - Skipping already processed example (step log exists): rank=36246 path=/home/projects/bagon/shared/imagenet512/val/n04039381/ILSVRC2012_val_00005498.JPEG file=example_3192_rank_36246_n04039381_ILSVRC2012_val_00005498.JPEG_steps.csv
2025-09-23 07:04:34,642 - INFO - Skipping already processed example (step log exists): rank=36247 path=/home/projects/bagon/shared/imagenet512/val/n02011460/ILSVRC2012_val_00007313.JPEG file=example_3193_rank_36247_n02011460_ILSVRC2012_val_00007313.JPEG_steps.csv
2025-09-23 07:04:34,644 - INFO - Skipping already processed example (step log exists): rank=36248 path=/home/projects/bagon/shared/imagenet512/val/n01817953/ILSVRC2012_val_00032141.JPEG file=example_3194_rank_36248_n01817953_ILSVRC2012_val_00032141.JPEG_steps.csv
2025-09-23 07:04:34,644 - INFO - Skipping already processed example (step log exists): rank=36251 path=/home/projects/bagon/shared/imagenet512/val/n04370456/ILSVRC2012_val_00006187.JPEG file=example_3195_rank_36251_n04370456_ILSVRC2012_val_00006187.JPEG_steps.csv
2025-09-23 07:04:34,645 - INFO - Skipping already processed example (step log exists): rank=36253 path=/home/projects/bagon/shared/imagenet512/val/n02484975/ILSVRC2012_val_00038869.JPEG file=example_3196_rank_36253_n02484975_ILSVRC2012_val_00038869.JPEG_steps.csv
2025-09-23 07:04:34,646 - INFO - Skipping already processed example (step log exists): rank=36254 path=/home/projects/bagon/shared/imagenet512/val/n04200800/ILSVRC2012_val_00006064.JPEG file=example_3197_rank_36254_n04200800_ILSVRC2012_val_00006064.JPEG_steps.csv
2025-09-23 07:04:34,647 - INFO - Skipping already processed example (step log exists): rank=36255 path=/home/projects/bagon/shared/imagenet512/val/n07768694/ILSVRC2012_val_00016923.JPEG file=example_3198_rank_36255_n07768694_ILSVRC2012_val_00016923.JPEG_steps.csv
2025-09-23 07:04:34,648 - INFO - Skipping already processed example (step log exists): rank=36256 path=/home/projects/bagon/shared/imagenet512/val/n02087394/ILSVRC2012_val_00033731.JPEG file=example_3199_rank_36256_n02087394_ILSVRC2012_val_00033731.JPEG_steps.csv
2025-09-23 07:04:34,648 - INFO - Skipping already processed example (step log exists): rank=36257 path=/home/projects/bagon/shared/imagenet512/val/n04592741/ILSVRC2012_val_00002534.JPEG file=example_3200_rank_36257_n04592741_ILSVRC2012_val_00002534.JPEG_steps.csv
2025-09-23 07:04:34,649 - INFO - Skipping already processed example (step log exists): rank=36258 path=/home/projects/bagon/shared/imagenet512/val/n03041632/ILSVRC2012_val_00024520.JPEG file=example_3201_rank_36258_n03041632_ILSVRC2012_val_00024520.JPEG_steps.csv
2025-09-23 07:04:34,650 - INFO - Skipping already processed example (step log exists): rank=36259 path=/home/projects/bagon/shared/imagenet512/val/n01978455/ILSVRC2012_val_00011071.JPEG file=example_3202_rank_36259_n01978455_ILSVRC2012_val_00011071.JPEG_steps.csv
2025-09-23 07:04:34,651 - INFO - Skipping already processed example (step log exists): rank=36263 path=/home/projects/bagon/shared/imagenet512/val/n03866082/ILSVRC2012_val_00017835.JPEG file=example_3203_rank_36263_n03866082_ILSVRC2012_val_00017835.JPEG_steps.csv
2025-09-23 07:04:34,652 - INFO - Skipping already processed example (step log exists): rank=36265 path=/home/projects/bagon/shared/imagenet512/val/n02096437/ILSVRC2012_val_00016759.JPEG file=example_3204_rank_36265_n02096437_ILSVRC2012_val_00016759.JPEG_steps.csv
2025-09-23 07:04:34,653 - INFO - Skipping already processed example (step log exists): rank=36268 path=/home/projects/bagon/shared/imagenet512/val/n02281406/ILSVRC2012_val_00032068.JPEG file=example_3205_rank_36268_n02281406_ILSVRC2012_val_00032068.JPEG_steps.csv
2025-09-23 07:04:34,654 - INFO - Skipping already processed example (step log exists): rank=36273 path=/home/projects/bagon/shared/imagenet512/val/n03908618/ILSVRC2012_val_00007771.JPEG file=example_3206_rank_36273_n03908618_ILSVRC2012_val_00007771.JPEG_steps.csv
2025-09-23 07:04:34,655 - INFO - Skipping already processed example (step log exists): rank=36276 path=/home/projects/bagon/shared/imagenet512/val/n03134739/ILSVRC2012_val_00049864.JPEG file=example_3207_rank_36276_n03134739_ILSVRC2012_val_00049864.JPEG_steps.csv
2025-09-23 07:04:34,656 - INFO - Skipping already processed example (step log exists): rank=36277 path=/home/projects/bagon/shared/imagenet512/val/n04070727/ILSVRC2012_val_00046057.JPEG file=example_3208_rank_36277_n04070727_ILSVRC2012_val_00046057.JPEG_steps.csv
2025-09-23 07:04:34,657 - INFO - Skipping already processed example (step log exists): rank=36278 path=/home/projects/bagon/shared/imagenet512/val/n01855672/ILSVRC2012_val_00002997.JPEG file=example_3209_rank_36278_n01855672_ILSVRC2012_val_00002997.JPEG_steps.csv
2025-09-23 07:04:34,657 - INFO - Skipping already processed example (step log exists): rank=36279 path=/home/projects/bagon/shared/imagenet512/val/n03085013/ILSVRC2012_val_00001071.JPEG file=example_3210_rank_36279_n03085013_ILSVRC2012_val_00001071.JPEG_steps.csv
2025-09-23 07:04:34,658 - INFO - Skipping already processed example (step log exists): rank=36281 path=/home/projects/bagon/shared/imagenet512/val/n03933933/ILSVRC2012_val_00014898.JPEG file=example_3211_rank_36281_n03933933_ILSVRC2012_val_00014898.JPEG_steps.csv
2025-09-23 07:04:34,659 - INFO - Skipping already processed example (step log exists): rank=36282 path=/home/projects/bagon/shared/imagenet512/val/n01537544/ILSVRC2012_val_00018676.JPEG file=example_3212_rank_36282_n01537544_ILSVRC2012_val_00018676.JPEG_steps.csv
2025-09-23 07:04:34,660 - INFO - Skipping already processed example (step log exists): rank=36284 path=/home/projects/bagon/shared/imagenet512/val/n03777568/ILSVRC2012_val_00020855.JPEG file=example_3213_rank_36284_n03777568_ILSVRC2012_val_00020855.JPEG_steps.csv
2025-09-23 07:04:34,660 - INFO - Skipping already processed example (step log exists): rank=36285 path=/home/projects/bagon/shared/imagenet512/val/n12768682/ILSVRC2012_val_00016298.JPEG file=example_3214_rank_36285_n12768682_ILSVRC2012_val_00016298.JPEG_steps.csv
2025-09-23 07:04:34,661 - INFO - Skipping already processed example (step log exists): rank=36287 path=/home/projects/bagon/shared/imagenet512/val/n02814860/ILSVRC2012_val_00013851.JPEG file=example_3215_rank_36287_n02814860_ILSVRC2012_val_00013851.JPEG_steps.csv
2025-09-23 07:04:34,662 - INFO - Skipping already processed example (step log exists): rank=36291 path=/home/projects/bagon/shared/imagenet512/val/n03032252/ILSVRC2012_val_00025054.JPEG file=example_3216_rank_36291_n03032252_ILSVRC2012_val_00025054.JPEG_steps.csv
2025-09-23 07:04:34,662 - INFO - Skipping already processed example (step log exists): rank=36294 path=/home/projects/bagon/shared/imagenet512/val/n04417672/ILSVRC2012_val_00045330.JPEG file=example_3217_rank_36294_n04417672_ILSVRC2012_val_00045330.JPEG_steps.csv
2025-09-23 07:04:34,663 - INFO - Skipping already processed example (step log exists): rank=36295 path=/home/projects/bagon/shared/imagenet512/val/n01698640/ILSVRC2012_val_00025755.JPEG file=example_3218_rank_36295_n01698640_ILSVRC2012_val_00025755.JPEG_steps.csv
2025-09-23 07:04:34,664 - INFO - Skipping already processed example (step log exists): rank=36297 path=/home/projects/bagon/shared/imagenet512/val/n04423845/ILSVRC2012_val_00010349.JPEG file=example_3219_rank_36297_n04423845_ILSVRC2012_val_00010349.JPEG_steps.csv
2025-09-23 07:04:34,665 - INFO - Skipping already processed example (step log exists): rank=36298 path=/home/projects/bagon/shared/imagenet512/val/n04355338/ILSVRC2012_val_00039285.JPEG file=example_3220_rank_36298_n04355338_ILSVRC2012_val_00039285.JPEG_steps.csv
2025-09-23 07:04:34,665 - INFO - Skipping already processed example (step log exists): rank=36306 path=/home/projects/bagon/shared/imagenet512/val/n02105505/ILSVRC2012_val_00029354.JPEG file=example_3221_rank_36306_n02105505_ILSVRC2012_val_00029354.JPEG_steps.csv
2025-09-23 07:04:34,666 - INFO - Skipping already processed example (step log exists): rank=36307 path=/home/projects/bagon/shared/imagenet512/val/n02037110/ILSVRC2012_val_00002738.JPEG file=example_3222_rank_36307_n02037110_ILSVRC2012_val_00002738.JPEG_steps.csv
2025-09-23 07:04:34,667 - INFO - Skipping already processed example (step log exists): rank=36311 path=/home/projects/bagon/shared/imagenet512/val/n02093428/ILSVRC2012_val_00045763.JPEG file=example_3223_rank_36311_n02093428_ILSVRC2012_val_00045763.JPEG_steps.csv
2025-09-23 07:04:34,667 - INFO - Skipping already processed example (step log exists): rank=36312 path=/home/projects/bagon/shared/imagenet512/val/n07714571/ILSVRC2012_val_00024224.JPEG file=example_3224_rank_36312_n07714571_ILSVRC2012_val_00024224.JPEG_steps.csv
2025-09-23 07:04:34,668 - INFO - Skipping already processed example (step log exists): rank=36313 path=/home/projects/bagon/shared/imagenet512/val/n02092339/ILSVRC2012_val_00024470.JPEG file=example_3225_rank_36313_n02092339_ILSVRC2012_val_00024470.JPEG_steps.csv
2025-09-23 07:04:34,669 - INFO - Skipping already processed example (step log exists): rank=36317 path=/home/projects/bagon/shared/imagenet512/val/n02346627/ILSVRC2012_val_00015985.JPEG file=example_3226_rank_36317_n02346627_ILSVRC2012_val_00015985.JPEG_steps.csv
2025-09-23 07:04:34,669 - INFO - Skipping already processed example (step log exists): rank=36319 path=/home/projects/bagon/shared/imagenet512/val/n04461696/ILSVRC2012_val_00039347.JPEG file=example_3227_rank_36319_n04461696_ILSVRC2012_val_00039347.JPEG_steps.csv
2025-09-23 07:04:34,670 - INFO - Skipping already processed example (step log exists): rank=36321 path=/home/projects/bagon/shared/imagenet512/val/n02727426/ILSVRC2012_val_00018587.JPEG file=example_3228_rank_36321_n02727426_ILSVRC2012_val_00018587.JPEG_steps.csv
2025-09-23 07:04:34,671 - INFO - Skipping already processed example (step log exists): rank=36323 path=/home/projects/bagon/shared/imagenet512/val/n02106662/ILSVRC2012_val_00042561.JPEG file=example_3229_rank_36323_n02106662_ILSVRC2012_val_00042561.JPEG_steps.csv
2025-09-23 07:04:34,671 - INFO - Skipping already processed example (step log exists): rank=36327 path=/home/projects/bagon/shared/imagenet512/val/n04310018/ILSVRC2012_val_00021734.JPEG file=example_3230_rank_36327_n04310018_ILSVRC2012_val_00021734.JPEG_steps.csv
2025-09-23 07:04:34,672 - INFO - Skipping already processed example (step log exists): rank=36328 path=/home/projects/bagon/shared/imagenet512/val/n03000684/ILSVRC2012_val_00046764.JPEG file=example_3231_rank_36328_n03000684_ILSVRC2012_val_00046764.JPEG_steps.csv
2025-09-23 07:04:34,673 - INFO - Skipping already processed example (step log exists): rank=36329 path=/home/projects/bagon/shared/imagenet512/val/n01695060/ILSVRC2012_val_00024095.JPEG file=example_3232_rank_36329_n01695060_ILSVRC2012_val_00024095.JPEG_steps.csv
2025-09-23 07:04:34,673 - INFO - Skipping already processed example (step log exists): rank=36331 path=/home/projects/bagon/shared/imagenet512/val/n02098413/ILSVRC2012_val_00001764.JPEG file=example_3233_rank_36331_n02098413_ILSVRC2012_val_00001764.JPEG_steps.csv
2025-09-23 07:04:34,674 - INFO - Skipping already processed example (step log exists): rank=36332 path=/home/projects/bagon/shared/imagenet512/val/n04525305/ILSVRC2012_val_00030473.JPEG file=example_3234_rank_36332_n04525305_ILSVRC2012_val_00030473.JPEG_steps.csv
2025-09-23 07:04:34,674 - INFO - Skipping already processed example (step log exists): rank=36333 path=/home/projects/bagon/shared/imagenet512/val/n02910353/ILSVRC2012_val_00000558.JPEG file=example_3235_rank_36333_n02910353_ILSVRC2012_val_00000558.JPEG_steps.csv
2025-09-23 07:04:34,675 - INFO - Skipping already processed example (step log exists): rank=36336 path=/home/projects/bagon/shared/imagenet512/val/n03062245/ILSVRC2012_val_00023065.JPEG file=example_3236_rank_36336_n03062245_ILSVRC2012_val_00023065.JPEG_steps.csv
2025-09-23 07:04:34,676 - INFO - Skipping already processed example (step log exists): rank=36337 path=/home/projects/bagon/shared/imagenet512/val/n03483316/ILSVRC2012_val_00012869.JPEG file=example_3237_rank_36337_n03483316_ILSVRC2012_val_00012869.JPEG_steps.csv
2025-09-23 07:04:34,677 - INFO - Skipping already processed example (step log exists): rank=36338 path=/home/projects/bagon/shared/imagenet512/val/n02087394/ILSVRC2012_val_00000948.JPEG file=example_3238_rank_36338_n02087394_ILSVRC2012_val_00000948.JPEG_steps.csv
2025-09-23 07:04:34,678 - INFO - Skipping already processed example (step log exists): rank=36339 path=/home/projects/bagon/shared/imagenet512/val/n03759954/ILSVRC2012_val_00031013.JPEG file=example_3239_rank_36339_n03759954_ILSVRC2012_val_00031013.JPEG_steps.csv
2025-09-23 07:04:34,679 - INFO - Skipping already processed example (step log exists): rank=36341 path=/home/projects/bagon/shared/imagenet512/val/n03933933/ILSVRC2012_val_00007550.JPEG file=example_3240_rank_36341_n03933933_ILSVRC2012_val_00007550.JPEG_steps.csv
2025-09-23 07:04:34,679 - INFO - Skipping already processed example (step log exists): rank=36347 path=/home/projects/bagon/shared/imagenet512/val/n02119789/ILSVRC2012_val_00000756.JPEG file=example_3241_rank_36347_n02119789_ILSVRC2012_val_00000756.JPEG_steps.csv
2025-09-23 07:04:34,680 - INFO - Skipping already processed example (step log exists): rank=36351 path=/home/projects/bagon/shared/imagenet512/val/n03483316/ILSVRC2012_val_00022405.JPEG file=example_3242_rank_36351_n03483316_ILSVRC2012_val_00022405.JPEG_steps.csv
2025-09-23 07:04:34,681 - INFO - Skipping already processed example (step log exists): rank=36352 path=/home/projects/bagon/shared/imagenet512/val/n03676483/ILSVRC2012_val_00037921.JPEG file=example_3243_rank_36352_n03676483_ILSVRC2012_val_00037921.JPEG_steps.csv
2025-09-23 07:04:34,681 - INFO - Skipping already processed example (step log exists): rank=36353 path=/home/projects/bagon/shared/imagenet512/val/n02916936/ILSVRC2012_val_00019479.JPEG file=example_3244_rank_36353_n02916936_ILSVRC2012_val_00019479.JPEG_steps.csv
2025-09-23 07:04:34,682 - INFO - Skipping already processed example (step log exists): rank=36354 path=/home/projects/bagon/shared/imagenet512/val/n03891251/ILSVRC2012_val_00049769.JPEG file=example_3245_rank_36354_n03891251_ILSVRC2012_val_00049769.JPEG_steps.csv
2025-09-23 07:04:34,682 - INFO - Skipping already processed example (step log exists): rank=36355 path=/home/projects/bagon/shared/imagenet512/val/n02788148/ILSVRC2012_val_00033526.JPEG file=example_3246_rank_36355_n02788148_ILSVRC2012_val_00033526.JPEG_steps.csv
2025-09-23 07:04:34,683 - INFO - Skipping already processed example (step log exists): rank=36357 path=/home/projects/bagon/shared/imagenet512/val/n03891251/ILSVRC2012_val_00027250.JPEG file=example_3247_rank_36357_n03891251_ILSVRC2012_val_00027250.JPEG_steps.csv
2025-09-23 07:04:34,684 - INFO - Skipping already processed example (step log exists): rank=36359 path=/home/projects/bagon/shared/imagenet512/val/n03032252/ILSVRC2012_val_00034810.JPEG file=example_3248_rank_36359_n03032252_ILSVRC2012_val_00034810.JPEG_steps.csv
2025-09-23 07:04:34,685 - INFO - Skipping already processed example (step log exists): rank=36362 path=/home/projects/bagon/shared/imagenet512/val/n04557648/ILSVRC2012_val_00010459.JPEG file=example_3249_rank_36362_n04557648_ILSVRC2012_val_00010459.JPEG_steps.csv
2025-09-23 07:04:34,685 - INFO - Skipping already processed example (step log exists): rank=36363 path=/home/projects/bagon/shared/imagenet512/val/n04209133/ILSVRC2012_val_00036943.JPEG file=example_3250_rank_36363_n04209133_ILSVRC2012_val_00036943.JPEG_steps.csv
2025-09-23 07:04:34,686 - INFO - Skipping already processed example (step log exists): rank=36366 path=/home/projects/bagon/shared/imagenet512/val/n03063689/ILSVRC2012_val_00034401.JPEG file=example_3251_rank_36366_n03063689_ILSVRC2012_val_00034401.JPEG_steps.csv
2025-09-23 07:04:34,687 - INFO - Skipping already processed example (step log exists): rank=36368 path=/home/projects/bagon/shared/imagenet512/val/n12144580/ILSVRC2012_val_00020565.JPEG file=example_3252_rank_36368_n12144580_ILSVRC2012_val_00020565.JPEG_steps.csv
2025-09-23 07:04:34,687 - INFO - Skipping already processed example (step log exists): rank=36369 path=/home/projects/bagon/shared/imagenet512/val/n02085936/ILSVRC2012_val_00030056.JPEG file=example_3253_rank_36369_n02085936_ILSVRC2012_val_00030056.JPEG_steps.csv
2025-09-23 07:04:34,688 - INFO - Skipping already processed example (step log exists): rank=36373 path=/home/projects/bagon/shared/imagenet512/val/n02132136/ILSVRC2012_val_00046763.JPEG file=example_3254_rank_36373_n02132136_ILSVRC2012_val_00046763.JPEG_steps.csv
2025-09-23 07:04:34,688 - INFO - Skipping already processed example (step log exists): rank=36375 path=/home/projects/bagon/shared/imagenet512/val/n04505470/ILSVRC2012_val_00028169.JPEG file=example_3255_rank_36375_n04505470_ILSVRC2012_val_00028169.JPEG_steps.csv
2025-09-23 07:04:34,689 - INFO - Skipping already processed example (step log exists): rank=36378 path=/home/projects/bagon/shared/imagenet512/val/n03743016/ILSVRC2012_val_00034529.JPEG file=example_3256_rank_36378_n03743016_ILSVRC2012_val_00034529.JPEG_steps.csv
2025-09-23 07:04:34,690 - INFO - Skipping already processed example (step log exists): rank=36379 path=/home/projects/bagon/shared/imagenet512/val/n04266014/ILSVRC2012_val_00042501.JPEG file=example_3257_rank_36379_n04266014_ILSVRC2012_val_00042501.JPEG_steps.csv
2025-09-23 07:04:34,690 - INFO - Skipping already processed example (step log exists): rank=36380 path=/home/projects/bagon/shared/imagenet512/val/n02172182/ILSVRC2012_val_00020308.JPEG file=example_3258_rank_36380_n02172182_ILSVRC2012_val_00020308.JPEG_steps.csv
2025-09-23 07:04:34,691 - INFO - Skipping already processed example (step log exists): rank=36381 path=/home/projects/bagon/shared/imagenet512/val/n04357314/ILSVRC2012_val_00047957.JPEG file=example_3259_rank_36381_n04357314_ILSVRC2012_val_00047957.JPEG_steps.csv
2025-09-23 07:04:34,692 - INFO - Skipping already processed example (step log exists): rank=36382 path=/home/projects/bagon/shared/imagenet512/val/n04476259/ILSVRC2012_val_00026857.JPEG file=example_3260_rank_36382_n04476259_ILSVRC2012_val_00026857.JPEG_steps.csv
2025-09-23 07:04:34,692 - INFO - Skipping already processed example (step log exists): rank=36384 path=/home/projects/bagon/shared/imagenet512/val/n03535780/ILSVRC2012_val_00031836.JPEG file=example_3261_rank_36384_n03535780_ILSVRC2012_val_00031836.JPEG_steps.csv
2025-09-23 07:04:34,693 - INFO - Skipping already processed example (step log exists): rank=36385 path=/home/projects/bagon/shared/imagenet512/val/n03089624/ILSVRC2012_val_00042237.JPEG file=example_3262_rank_36385_n03089624_ILSVRC2012_val_00042237.JPEG_steps.csv
2025-09-23 07:04:34,694 - INFO - Skipping already processed example (step log exists): rank=36386 path=/home/projects/bagon/shared/imagenet512/val/n03496892/ILSVRC2012_val_00036671.JPEG file=example_3263_rank_36386_n03496892_ILSVRC2012_val_00036671.JPEG_steps.csv
2025-09-23 07:04:34,694 - INFO - Skipping already processed example (step log exists): rank=36387 path=/home/projects/bagon/shared/imagenet512/val/n02115641/ILSVRC2012_val_00024961.JPEG file=example_3264_rank_36387_n02115641_ILSVRC2012_val_00024961.JPEG_steps.csv
2025-09-23 07:04:34,695 - INFO - Skipping already processed example (step log exists): rank=36388 path=/home/projects/bagon/shared/imagenet512/val/n01784675/ILSVRC2012_val_00011629.JPEG file=example_3265_rank_36388_n01784675_ILSVRC2012_val_00011629.JPEG_steps.csv
2025-09-23 07:04:34,696 - INFO - Skipping already processed example (step log exists): rank=36389 path=/home/projects/bagon/shared/imagenet512/val/n03935335/ILSVRC2012_val_00022849.JPEG file=example_3266_rank_36389_n03935335_ILSVRC2012_val_00022849.JPEG_steps.csv
2025-09-23 07:04:34,697 - INFO - Skipping already processed example (step log exists): rank=36390 path=/home/projects/bagon/shared/imagenet512/val/n02871525/ILSVRC2012_val_00000896.JPEG file=example_3267_rank_36390_n02871525_ILSVRC2012_val_00000896.JPEG_steps.csv
2025-09-23 07:04:34,697 - INFO - Skipping already processed example (step log exists): rank=36391 path=/home/projects/bagon/shared/imagenet512/val/n02086079/ILSVRC2012_val_00046923.JPEG file=example_3268_rank_36391_n02086079_ILSVRC2012_val_00046923.JPEG_steps.csv
2025-09-23 07:04:34,698 - INFO - Skipping already processed example (step log exists): rank=36392 path=/home/projects/bagon/shared/imagenet512/val/n03125729/ILSVRC2012_val_00000947.JPEG file=example_3269_rank_36392_n03125729_ILSVRC2012_val_00000947.JPEG_steps.csv
2025-09-23 07:04:34,699 - INFO - Skipping already processed example (step log exists): rank=36395 path=/home/projects/bagon/shared/imagenet512/val/n02123159/ILSVRC2012_val_00039553.JPEG file=example_3270_rank_36395_n02123159_ILSVRC2012_val_00039553.JPEG_steps.csv
2025-09-23 07:04:34,699 - INFO - Skipping already processed example (step log exists): rank=36396 path=/home/projects/bagon/shared/imagenet512/val/n02087046/ILSVRC2012_val_00019883.JPEG file=example_3271_rank_36396_n02087046_ILSVRC2012_val_00019883.JPEG_steps.csv
2025-09-23 07:04:34,700 - INFO - Skipping already processed example (step log exists): rank=36399 path=/home/projects/bagon/shared/imagenet512/val/n02088632/ILSVRC2012_val_00038423.JPEG file=example_3272_rank_36399_n02088632_ILSVRC2012_val_00038423.JPEG_steps.csv
2025-09-23 07:04:34,701 - INFO - Skipping already processed example (step log exists): rank=36401 path=/home/projects/bagon/shared/imagenet512/val/n03976657/ILSVRC2012_val_00022774.JPEG file=example_3273_rank_36401_n03976657_ILSVRC2012_val_00022774.JPEG_steps.csv
2025-09-23 07:04:34,702 - INFO - Skipping already processed example (step log exists): rank=36406 path=/home/projects/bagon/shared/imagenet512/val/n03937543/ILSVRC2012_val_00000112.JPEG file=example_3274_rank_36406_n03937543_ILSVRC2012_val_00000112.JPEG_steps.csv
2025-09-23 07:04:34,702 - INFO - Skipping already processed example (step log exists): rank=36407 path=/home/projects/bagon/shared/imagenet512/val/n03649909/ILSVRC2012_val_00020327.JPEG file=example_3275_rank_36407_n03649909_ILSVRC2012_val_00020327.JPEG_steps.csv
2025-09-23 07:04:34,703 - INFO - Skipping already processed example (step log exists): rank=36408 path=/home/projects/bagon/shared/imagenet512/val/n01829413/ILSVRC2012_val_00020976.JPEG file=example_3276_rank_36408_n01829413_ILSVRC2012_val_00020976.JPEG_steps.csv
2025-09-23 07:04:34,704 - INFO - Skipping already processed example (step log exists): rank=36409 path=/home/projects/bagon/shared/imagenet512/val/n04270147/ILSVRC2012_val_00006592.JPEG file=example_3277_rank_36409_n04270147_ILSVRC2012_val_00006592.JPEG_steps.csv
2025-09-23 07:04:34,705 - INFO - Skipping already processed example (step log exists): rank=36411 path=/home/projects/bagon/shared/imagenet512/val/n02165105/ILSVRC2012_val_00036417.JPEG file=example_3278_rank_36411_n02165105_ILSVRC2012_val_00036417.JPEG_steps.csv
2025-09-23 07:04:34,705 - INFO - Skipping already processed example (step log exists): rank=36413 path=/home/projects/bagon/shared/imagenet512/val/n04133789/ILSVRC2012_val_00033141.JPEG file=example_3279_rank_36413_n04133789_ILSVRC2012_val_00033141.JPEG_steps.csv
2025-09-23 07:04:34,706 - INFO - Skipping already processed example (step log exists): rank=36416 path=/home/projects/bagon/shared/imagenet512/val/n02317335/ILSVRC2012_val_00049576.JPEG file=example_3280_rank_36416_n02317335_ILSVRC2012_val_00049576.JPEG_steps.csv
2025-09-23 07:04:34,706 - INFO - Skipping already processed example (step log exists): rank=36417 path=/home/projects/bagon/shared/imagenet512/val/n04192698/ILSVRC2012_val_00044477.JPEG file=example_3281_rank_36417_n04192698_ILSVRC2012_val_00044477.JPEG_steps.csv
2025-09-23 07:04:34,707 - INFO - Skipping already processed example (step log exists): rank=36418 path=/home/projects/bagon/shared/imagenet512/val/n04367480/ILSVRC2012_val_00038531.JPEG file=example_3282_rank_36418_n04367480_ILSVRC2012_val_00038531.JPEG_steps.csv
2025-09-23 07:04:34,708 - INFO - Skipping already processed example (step log exists): rank=36419 path=/home/projects/bagon/shared/imagenet512/val/n01990800/ILSVRC2012_val_00004659.JPEG file=example_3283_rank_36419_n01990800_ILSVRC2012_val_00004659.JPEG_steps.csv
2025-09-23 07:04:34,708 - INFO - Skipping already processed example (step log exists): rank=36421 path=/home/projects/bagon/shared/imagenet512/val/n03337140/ILSVRC2012_val_00000132.JPEG file=example_3284_rank_36421_n03337140_ILSVRC2012_val_00000132.JPEG_steps.csv
2025-09-23 07:04:34,709 - INFO - Skipping already processed example (step log exists): rank=36422 path=/home/projects/bagon/shared/imagenet512/val/n03347037/ILSVRC2012_val_00008269.JPEG file=example_3285_rank_36422_n03347037_ILSVRC2012_val_00008269.JPEG_steps.csv
2025-09-23 07:04:34,710 - INFO - Skipping already processed example (step log exists): rank=36426 path=/home/projects/bagon/shared/imagenet512/val/n01737021/ILSVRC2012_val_00004040.JPEG file=example_3286_rank_36426_n01737021_ILSVRC2012_val_00004040.JPEG_steps.csv
2025-09-23 07:04:34,710 - INFO - Skipping already processed example (step log exists): rank=36428 path=/home/projects/bagon/shared/imagenet512/val/n02403003/ILSVRC2012_val_00001280.JPEG file=example_3287_rank_36428_n02403003_ILSVRC2012_val_00001280.JPEG_steps.csv
2025-09-23 07:04:34,711 - INFO - Skipping already processed example (step log exists): rank=36431 path=/home/projects/bagon/shared/imagenet512/val/n01756291/ILSVRC2012_val_00010723.JPEG file=example_3288_rank_36431_n01756291_ILSVRC2012_val_00010723.JPEG_steps.csv
2025-09-23 07:04:34,712 - INFO - Skipping already processed example (step log exists): rank=36435 path=/home/projects/bagon/shared/imagenet512/val/n07695742/ILSVRC2012_val_00018426.JPEG file=example_3289_rank_36435_n07695742_ILSVRC2012_val_00018426.JPEG_steps.csv
2025-09-23 07:04:34,713 - INFO - Skipping already processed example (step log exists): rank=36436 path=/home/projects/bagon/shared/imagenet512/val/n03388183/ILSVRC2012_val_00045511.JPEG file=example_3290_rank_36436_n03388183_ILSVRC2012_val_00045511.JPEG_steps.csv
2025-09-23 07:04:34,714 - INFO - Skipping already processed example (step log exists): rank=36437 path=/home/projects/bagon/shared/imagenet512/val/n09246464/ILSVRC2012_val_00015029.JPEG file=example_3291_rank_36437_n09246464_ILSVRC2012_val_00015029.JPEG_steps.csv
2025-09-23 07:04:34,714 - INFO - Skipping already processed example (step log exists): rank=36438 path=/home/projects/bagon/shared/imagenet512/val/n04418357/ILSVRC2012_val_00048705.JPEG file=example_3292_rank_36438_n04418357_ILSVRC2012_val_00048705.JPEG_steps.csv
2025-09-23 07:04:34,715 - INFO - Skipping already processed example (step log exists): rank=36439 path=/home/projects/bagon/shared/imagenet512/val/n03197337/ILSVRC2012_val_00017597.JPEG file=example_3293_rank_36439_n03197337_ILSVRC2012_val_00017597.JPEG_steps.csv
2025-09-23 07:04:34,715 - INFO - Skipping already processed example (step log exists): rank=36441 path=/home/projects/bagon/shared/imagenet512/val/n04235860/ILSVRC2012_val_00031462.JPEG file=example_3294_rank_36441_n04235860_ILSVRC2012_val_00031462.JPEG_steps.csv
2025-09-23 07:04:34,716 - INFO - Skipping already processed example (step log exists): rank=36442 path=/home/projects/bagon/shared/imagenet512/val/n04482393/ILSVRC2012_val_00025736.JPEG file=example_3295_rank_36442_n04482393_ILSVRC2012_val_00025736.JPEG_steps.csv
2025-09-23 07:04:34,717 - INFO - Skipping already processed example (step log exists): rank=36443 path=/home/projects/bagon/shared/imagenet512/val/n03216828/ILSVRC2012_val_00013593.JPEG file=example_3296_rank_36443_n03216828_ILSVRC2012_val_00013593.JPEG_steps.csv
2025-09-23 07:04:34,717 - INFO - Skipping already processed example (step log exists): rank=36444 path=/home/projects/bagon/shared/imagenet512/val/n04081281/ILSVRC2012_val_00024449.JPEG file=example_3297_rank_36444_n04081281_ILSVRC2012_val_00024449.JPEG_steps.csv
2025-09-23 07:04:34,718 - INFO - Skipping already processed example (step log exists): rank=36445 path=/home/projects/bagon/shared/imagenet512/val/n02454379/ILSVRC2012_val_00018717.JPEG file=example_3298_rank_36445_n02454379_ILSVRC2012_val_00018717.JPEG_steps.csv
2025-09-23 07:04:34,718 - INFO - Skipping already processed example (step log exists): rank=36446 path=/home/projects/bagon/shared/imagenet512/val/n02747177/ILSVRC2012_val_00023384.JPEG file=example_3299_rank_36446_n02747177_ILSVRC2012_val_00023384.JPEG_steps.csv
2025-09-23 07:04:34,719 - INFO - Skipping already processed example (step log exists): rank=36448 path=/home/projects/bagon/shared/imagenet512/val/n09256479/ILSVRC2012_val_00010141.JPEG file=example_3300_rank_36448_n09256479_ILSVRC2012_val_00010141.JPEG_steps.csv
2025-09-23 07:04:34,719 - INFO - Skipping already processed example (step log exists): rank=36449 path=/home/projects/bagon/shared/imagenet512/val/n03100240/ILSVRC2012_val_00027293.JPEG file=example_3301_rank_36449_n03100240_ILSVRC2012_val_00027293.JPEG_steps.csv
2025-09-23 07:04:34,720 - INFO - Skipping already processed example (step log exists): rank=36452 path=/home/projects/bagon/shared/imagenet512/val/n03476684/ILSVRC2012_val_00017972.JPEG file=example_3302_rank_36452_n03476684_ILSVRC2012_val_00017972.JPEG_steps.csv
2025-09-23 07:04:34,721 - INFO - Skipping already processed example (step log exists): rank=36464 path=/home/projects/bagon/shared/imagenet512/val/n01735189/ILSVRC2012_val_00006105.JPEG file=example_3303_rank_36464_n01735189_ILSVRC2012_val_00006105.JPEG_steps.csv
2025-09-23 07:04:34,721 - INFO - Skipping already processed example (step log exists): rank=36465 path=/home/projects/bagon/shared/imagenet512/val/n03697007/ILSVRC2012_val_00005462.JPEG file=example_3304_rank_36465_n03697007_ILSVRC2012_val_00005462.JPEG_steps.csv
2025-09-23 07:04:34,722 - INFO - Skipping already processed example (step log exists): rank=36466 path=/home/projects/bagon/shared/imagenet512/val/n02095314/ILSVRC2012_val_00035680.JPEG file=example_3305_rank_36466_n02095314_ILSVRC2012_val_00035680.JPEG_steps.csv
2025-09-23 07:04:34,723 - INFO - Skipping already processed example (step log exists): rank=36469 path=/home/projects/bagon/shared/imagenet512/val/n01687978/ILSVRC2012_val_00005031.JPEG file=example_3306_rank_36469_n01687978_ILSVRC2012_val_00005031.JPEG_steps.csv
2025-09-23 07:04:34,724 - INFO - Skipping already processed example (step log exists): rank=36471 path=/home/projects/bagon/shared/imagenet512/val/n02037110/ILSVRC2012_val_00034827.JPEG file=example_3307_rank_36471_n02037110_ILSVRC2012_val_00034827.JPEG_steps.csv
2025-09-23 07:04:34,725 - INFO - Skipping already processed example (step log exists): rank=36472 path=/home/projects/bagon/shared/imagenet512/val/n02783161/ILSVRC2012_val_00025767.JPEG file=example_3308_rank_36472_n02783161_ILSVRC2012_val_00025767.JPEG_steps.csv
2025-09-23 07:04:34,725 - INFO - Skipping already processed example (step log exists): rank=36473 path=/home/projects/bagon/shared/imagenet512/val/n04465501/ILSVRC2012_val_00041382.JPEG file=example_3309_rank_36473_n04465501_ILSVRC2012_val_00041382.JPEG_steps.csv
2025-09-23 07:04:34,726 - INFO - Skipping already processed example (step log exists): rank=36477 path=/home/projects/bagon/shared/imagenet512/val/n03908714/ILSVRC2012_val_00027234.JPEG file=example_3310_rank_36477_n03908714_ILSVRC2012_val_00027234.JPEG_steps.csv
2025-09-23 07:04:34,727 - INFO - Skipping already processed example (step log exists): rank=36479 path=/home/projects/bagon/shared/imagenet512/val/n02088466/ILSVRC2012_val_00025718.JPEG file=example_3311_rank_36479_n02088466_ILSVRC2012_val_00025718.JPEG_steps.csv
2025-09-23 07:04:34,727 - INFO - Skipping already processed example (step log exists): rank=36480 path=/home/projects/bagon/shared/imagenet512/val/n02091467/ILSVRC2012_val_00049589.JPEG file=example_3312_rank_36480_n02091467_ILSVRC2012_val_00049589.JPEG_steps.csv
2025-09-23 07:04:34,728 - INFO - Skipping already processed example (step log exists): rank=36482 path=/home/projects/bagon/shared/imagenet512/val/n02871525/ILSVRC2012_val_00046690.JPEG file=example_3313_rank_36482_n02871525_ILSVRC2012_val_00046690.JPEG_steps.csv
2025-09-23 07:04:34,728 - INFO - Skipping already processed example (step log exists): rank=36483 path=/home/projects/bagon/shared/imagenet512/val/n03179701/ILSVRC2012_val_00031607.JPEG file=example_3314_rank_36483_n03179701_ILSVRC2012_val_00031607.JPEG_steps.csv
2025-09-23 07:04:37,537 - INFO - Example /home/projects/bagon/shared/imagenet512/val/n02488291/ILSVRC2012_val_00018242.JPEG reached epsilon at step 31, loss sum: 20.9590, final loss: 0.00069904, weight distance: 0.0022
2025-09-23 07:04:52,922 - INFO - Example /home/projects/bagon/shared/imagenet512/val/n03425413/ILSVRC2012_val_00017350.JPEG reached epsilon at step 56, loss sum: 87.2091, final loss: 0.00084305, weight distance: 0.0042
2025-09-23 07:05:07,259 - INFO - Example /home/projects/bagon/shared/imagenet512/val/n04009552/ILSVRC2012_val_00017302.JPEG reached epsilon at step 44, loss sum: 16.2639, final loss: 0.00093651, weight distance: 0.0034
2025-09-23 07:05:20,483 - INFO - Example /home/projects/bagon/shared/imagenet512/val/n03089624/ILSVRC2012_val_00015495.JPEG reached epsilon at step 28, loss sum: 35.8242, final loss: 0.00089931, weight distance: 0.0018
2025-09-23 07:05:35,701 - INFO - Example /home/projects/bagon/shared/imagenet512/val/n02105412/ILSVRC2012_val_00017234.JPEG reached epsilon at step 54, loss sum: 41.3592, final loss: 0.00095892, weight distance: 0.0041
2025-09-23 07:05:50,288 - INFO - Example /home/projects/bagon/shared/imagenet512/val/n02091831/ILSVRC2012_val_00043901.JPEG reached epsilon at step 49, loss sum: 52.5079, final loss: 0.00099564, weight distance: 0.0038
2025-09-23 07:06:03,645 - INFO - Example /home/projects/bagon/shared/imagenet512/val/n04458633/ILSVRC2012_val_00025558.JPEG reached epsilon at step 39, loss sum: 26.6468, final loss: 0.00096750, weight distance: 0.0025
2025-09-23 07:06:17,293 - INFO - Example /home/projects/bagon/shared/imagenet512/val/n04044716/ILSVRC2012_val_00021879.JPEG reached epsilon at step 42, loss sum: 39.6983, final loss: 0.00091505, weight distance: 0.0029
2025-09-23 07:06:31,954 - INFO - Example /home/projects/bagon/shared/imagenet512/val/n01807496/ILSVRC2012_val_00034536.JPEG reached epsilon at step 62, loss sum: 23.9605, final loss: 0.00098515, weight distance: 0.0046
2025-09-23 07:06:46,143 - INFO - Example /home/projects/bagon/shared/imagenet512/val/n03876231/ILSVRC2012_val_00027752.JPEG reached epsilon at step 47, loss sum: 20.6653, final loss: 0.00093222, weight distance: 0.0036
2025-09-23 07:06:59,464 - INFO - Example /home/projects/bagon/shared/imagenet512/val/n04141327/ILSVRC2012_val_00032403.JPEG reached epsilon at step 38, loss sum: 39.6311, final loss: 0.00094223, weight distance: 0.0027
2025-09-23 07:07:13,282 - INFO - Example /home/projects/bagon/shared/imagenet512/val/n03692522/ILSVRC2012_val_00025833.JPEG reached epsilon at step 34, loss sum: 33.6765, final loss: 0.00082970, weight distance: 0.0022
2025-09-23 07:07:26,173 - INFO - Example /home/projects/bagon/shared/imagenet512/val/n04532106/ILSVRC2012_val_00009759.JPEG reached epsilon at step 28, loss sum: 25.6960, final loss: 0.00099468, weight distance: 0.0019
2025-09-23 07:07:40,710 - INFO - Example /home/projects/bagon/shared/imagenet512/val/n03933933/ILSVRC2012_val_00018996.JPEG reached epsilon at step 46, loss sum: 49.5327, final loss: 0.00087643, weight distance: 0.0032
2025-09-23 07:07:54,737 - INFO - Example /home/projects/bagon/shared/imagenet512/val/n03785016/ILSVRC2012_val_00042151.JPEG reached epsilon at step 48, loss sum: 6.7781, final loss: 0.00097656, weight distance: 0.0037
2025-09-23 07:08:08,427 - INFO - Example /home/projects/bagon/shared/imagenet512/val/n01580077/ILSVRC2012_val_00017024.JPEG reached epsilon at step 41, loss sum: 13.5364, final loss: 0.00090075, weight distance: 0.0030
2025-09-23 07:08:22,495 - INFO - Example /home/projects/bagon/shared/imagenet512/val/n02403003/ILSVRC2012_val_00028929.JPEG reached epsilon at step 46, loss sum: 31.3552, final loss: 0.00095797, weight distance: 0.0035
2025-09-23 07:08:36,405 - INFO - Example /home/projects/bagon/shared/imagenet512/val/n02783161/ILSVRC2012_val_00043329.JPEG reached epsilon at step 41, loss sum: 24.5388, final loss: 0.00090361, weight distance: 0.0030
2025-09-23 07:08:49,972 - INFO - Example /home/projects/bagon/shared/imagenet512/val/n02105251/ILSVRC2012_val_00035781.JPEG reached epsilon at step 26, loss sum: 7.2683, final loss: 0.00087452, weight distance: 0.0016
2025-09-23 07:09:03,522 - INFO - Example /home/projects/bagon/shared/imagenet512/val/n02988304/ILSVRC2012_val_00036485.JPEG reached epsilon at step 34, loss sum: 14.6044, final loss: 0.00095272, weight distance: 0.0025
2025-09-23 07:09:17,454 - INFO - Example /home/projects/bagon/shared/imagenet512/val/n02172182/ILSVRC2012_val_00029442.JPEG reached epsilon at step 43, loss sum: 44.1531, final loss: 0.00087547, weight distance: 0.0032
2025-09-23 07:09:32,072 - INFO - Example /home/projects/bagon/shared/imagenet512/val/n02791270/ILSVRC2012_val_00018446.JPEG reached epsilon at step 56, loss sum: 99.9528, final loss: 0.00098610, weight distance: 0.0040
2025-09-23 07:09:45,802 - INFO - Example /home/projects/bagon/shared/imagenet512/val/n02096437/ILSVRC2012_val_00020901.JPEG reached epsilon at step 39, loss sum: 57.9304, final loss: 0.00087166, weight distance: 0.0028
2025-09-23 07:09:59,144 - INFO - Example /home/projects/bagon/shared/imagenet512/val/n04597913/ILSVRC2012_val_00020897.JPEG reached epsilon at step 35, loss sum: 34.9799, final loss: 0.00093746, weight distance: 0.0025
2025-09-23 07:10:13,861 - INFO - Example /home/projects/bagon/shared/imagenet512/val/n02128385/ILSVRC2012_val_00038812.JPEG reached epsilon at step 63, loss sum: 68.2646, final loss: 0.00092268, weight distance: 0.0050
2025-09-23 07:10:28,955 - INFO - Example /home/projects/bagon/shared/imagenet512/val/n04350905/ILSVRC2012_val_00026024.JPEG reached epsilon at step 52, loss sum: 60.6760, final loss: 0.00096607, weight distance: 0.0037
2025-09-23 07:10:44,602 - INFO - Example /home/projects/bagon/shared/imagenet512/val/n04465501/ILSVRC2012_val_00027493.JPEG reached epsilon at step 62, loss sum: 50.0680, final loss: 0.00091028, weight distance: 0.0045
2025-09-23 07:10:58,163 - INFO - Example /home/projects/bagon/shared/imagenet512/val/n02437616/ILSVRC2012_val_00030488.JPEG reached epsilon at step 37, loss sum: 30.2563, final loss: 0.00091362, weight distance: 0.0026
2025-09-23 07:11:13,217 - INFO - Example /home/projects/bagon/shared/imagenet512/val/n02815834/ILSVRC2012_val_00011248.JPEG reached epsilon at step 58, loss sum: 161.2139, final loss: 0.00094604, weight distance: 0.0042
2025-09-23 07:11:27,557 - INFO - Example /home/projects/bagon/shared/imagenet512/val/n04153751/ILSVRC2012_val_00013898.JPEG reached epsilon at step 55, loss sum: 92.9727, final loss: 0.00088501, weight distance: 0.0042
2025-09-23 07:11:41,277 - INFO - Example /home/projects/bagon/shared/imagenet512/val/n02206856/ILSVRC2012_val_00015727.JPEG reached epsilon at step 52, loss sum: 75.4866, final loss: 0.00085688, weight distance: 0.0036
2025-09-23 07:11:54,244 - INFO - Example /home/projects/bagon/shared/imagenet512/val/n03697007/ILSVRC2012_val_00006142.JPEG reached epsilon at step 28, loss sum: 12.0839, final loss: 0.00076389, weight distance: 0.0018
2025-09-23 07:12:08,732 - INFO - Example /home/projects/bagon/shared/imagenet512/val/n03188531/ILSVRC2012_val_00034183.JPEG reached epsilon at step 58, loss sum: 111.1844, final loss: 0.00090313, weight distance: 0.0041
2025-09-23 07:12:22,263 - INFO - Example /home/projects/bagon/shared/imagenet512/val/n03794056/ILSVRC2012_val_00035572.JPEG reached epsilon at step 33, loss sum: 11.6512, final loss: 0.00090981, weight distance: 0.0022
2025-09-23 07:12:35,918 - INFO - Example /home/projects/bagon/shared/imagenet512/val/n03000247/ILSVRC2012_val_00048514.JPEG reached epsilon at step 39, loss sum: 28.8483, final loss: 0.00096703, weight distance: 0.0028
2025-09-23 07:12:50,251 - INFO - Example /home/projects/bagon/shared/imagenet512/val/n02002556/ILSVRC2012_val_00007369.JPEG reached epsilon at step 58, loss sum: 119.2271, final loss: 0.00099659, weight distance: 0.0041
2025-09-23 07:13:03,647 - INFO - Example /home/projects/bagon/shared/imagenet512/val/n02168699/ILSVRC2012_val_00035526.JPEG reached epsilon at step 37, loss sum: 40.0916, final loss: 0.00076103, weight distance: 0.0027
2025-09-23 07:13:16,864 - INFO - Example /home/projects/bagon/shared/imagenet512/val/n01985128/ILSVRC2012_val_00001381.JPEG reached epsilon at step 29, loss sum: 5.7096, final loss: 0.00076342, weight distance: 0.0021
2025-09-23 07:13:30,885 - INFO - Example /home/projects/bagon/shared/imagenet512/val/n09246464/ILSVRC2012_val_00037494.JPEG reached epsilon at step 42, loss sum: 18.9475, final loss: 0.00089884, weight distance: 0.0032
2025-09-23 07:13:44,655 - INFO - Example /home/projects/bagon/shared/imagenet512/val/n02841315/ILSVRC2012_val_00003479.JPEG reached epsilon at step 33, loss sum: 12.5989, final loss: 0.00099373, weight distance: 0.0023
2025-09-23 07:13:58,360 - INFO - Example /home/projects/bagon/shared/imagenet512/val/n02859443/ILSVRC2012_val_00033948.JPEG reached epsilon at step 37, loss sum: 32.7493, final loss: 0.00085592, weight distance: 0.0025
2025-09-23 07:14:12,129 - INFO - Example /home/projects/bagon/shared/imagenet512/val/n02483708/ILSVRC2012_val_00021828.JPEG reached epsilon at step 42, loss sum: 28.4116, final loss: 0.00096798, weight distance: 0.0030
2025-09-23 07:14:25,552 - INFO - Example /home/projects/bagon/shared/imagenet512/val/n03110669/ILSVRC2012_val_00048637.JPEG reached epsilon at step 39, loss sum: 15.5352, final loss: 0.00089884, weight distance: 0.0028
2025-09-23 07:14:40,082 - INFO - Example /home/projects/bagon/shared/imagenet512/val/n04026417/ILSVRC2012_val_00017058.JPEG reached epsilon at step 49, loss sum: 123.8292, final loss: 0.00089312, weight distance: 0.0035
2025-09-23 07:14:53,424 - INFO - Example /home/projects/bagon/shared/imagenet512/val/n04597913/ILSVRC2012_val_00034343.JPEG reached epsilon at step 37, loss sum: 11.1009, final loss: 0.00091362, weight distance: 0.0027
2025-09-23 07:15:07,573 - INFO - Example /home/projects/bagon/shared/imagenet512/val/n07693725/ILSVRC2012_val_00044905.JPEG reached epsilon at step 51, loss sum: 103.9159, final loss: 0.00085449, weight distance: 0.0037
2025-09-23 07:15:21,736 - INFO - Example /home/projects/bagon/shared/imagenet512/val/n03666591/ILSVRC2012_val_00030378.JPEG reached epsilon at step 55, loss sum: 46.7498, final loss: 0.00097179, weight distance: 0.0039
2025-09-23 07:15:36,056 - INFO - Example /home/projects/bagon/shared/imagenet512/val/n02095314/ILSVRC2012_val_00025330.JPEG reached epsilon at step 50, loss sum: 75.3968, final loss: 0.00089073, weight distance: 0.0035
2025-09-23 07:15:50,521 - INFO - Example /home/projects/bagon/shared/imagenet512/val/n04557648/ILSVRC2012_val_00049261.JPEG reached epsilon at step 57, loss sum: 59.7277, final loss: 0.00096512, weight distance: 0.0042
2025-09-23 07:16:03,320 - INFO - Example /home/projects/bagon/shared/imagenet512/val/n03478589/ILSVRC2012_val_00011534.JPEG reached epsilon at step 26, loss sum: 0.9650, final loss: 0.00097370, weight distance: 0.0018
2025-09-23 07:16:17,424 - INFO - Example /home/projects/bagon/shared/imagenet512/val/n02107574/ILSVRC2012_val_00044618.JPEG reached epsilon at step 51, loss sum: 27.7326, final loss: 0.00096130, weight distance: 0.0041
2025-09-23 07:16:30,596 - INFO - Example /home/projects/bagon/shared/imagenet512/val/n04259630/ILSVRC2012_val_00002642.JPEG reached epsilon at step 40, loss sum: 51.5279, final loss: 0.00078917, weight distance: 0.0027
2025-09-23 07:16:44,086 - INFO - Example /home/projects/bagon/shared/imagenet512/val/n03291819/ILSVRC2012_val_00033132.JPEG reached epsilon at step 35, loss sum: 33.6982, final loss: 0.00079775, weight distance: 0.0025
2025-09-23 07:16:57,949 - INFO - Example /home/projects/bagon/shared/imagenet512/val/n03207743/ILSVRC2012_val_00044279.JPEG reached epsilon at step 27, loss sum: 2.1911, final loss: 0.00089598, weight distance: 0.0020
2025-09-23 07:17:11,264 - INFO - Example /home/projects/bagon/shared/imagenet512/val/n03404251/ILSVRC2012_val_00042865.JPEG reached epsilon at step 36, loss sum: 36.6919, final loss: 0.00074100, weight distance: 0.0024
2025-09-23 07:17:25,811 - INFO - Example /home/projects/bagon/shared/imagenet512/val/n02109047/ILSVRC2012_val_00017636.JPEG reached epsilon at step 47, loss sum: 32.8603, final loss: 0.00086737, weight distance: 0.0032
2025-09-23 07:17:38,864 - INFO - Example /home/projects/bagon/shared/imagenet512/val/n03337140/ILSVRC2012_val_00016423.JPEG reached epsilon at step 24, loss sum: 2.6181, final loss: 0.00081253, weight distance: 0.0015
2025-09-23 07:17:53,081 - INFO - Example /home/projects/bagon/shared/imagenet512/val/n04389033/ILSVRC2012_val_00024213.JPEG reached epsilon at step 53, loss sum: 74.4879, final loss: 0.00097609, weight distance: 0.0036
2025-09-23 07:18:06,630 - INFO - Example /home/projects/bagon/shared/imagenet512/val/n02791270/ILSVRC2012_val_00033006.JPEG reached epsilon at step 36, loss sum: 18.2258, final loss: 0.00085974, weight distance: 0.0026
2025-09-23 07:18:21,553 - INFO - Example /home/projects/bagon/shared/imagenet512/val/n02988304/ILSVRC2012_val_00025182.JPEG reached epsilon at step 66, loss sum: 20.1180, final loss: 0.00091171, weight distance: 0.0050
2025-09-23 07:18:35,109 - INFO - Example /home/projects/bagon/shared/imagenet512/val/n04067472/ILSVRC2012_val_00040398.JPEG reached epsilon at step 33, loss sum: 35.9437, final loss: 0.00078964, weight distance: 0.0021
2025-09-23 07:18:51,938 - INFO - Example /home/projects/bagon/shared/imagenet512/val/n02077923/ILSVRC2012_val_00021764.JPEG reached epsilon at step 41, loss sum: 60.9508, final loss: 0.00085974, weight distance: 0.0028
2025-09-23 07:19:08,295 - INFO - Example /home/projects/bagon/shared/imagenet512/val/n01770081/ILSVRC2012_val_00038467.JPEG reached epsilon at step 36, loss sum: 23.6770, final loss: 0.00096178, weight distance: 0.0025
2025-09-23 07:19:25,494 - INFO - Example /home/projects/bagon/shared/imagenet512/val/n03494278/ILSVRC2012_val_00022564.JPEG reached epsilon at step 55, loss sum: 107.6638, final loss: 0.00086689, weight distance: 0.0039
2025-09-23 07:19:39,502 - INFO - Example /home/projects/bagon/shared/imagenet512/val/n03944341/ILSVRC2012_val_00049645.JPEG reached epsilon at step 48, loss sum: 156.5205, final loss: 0.00076246, weight distance: 0.0035
2025-09-23 07:19:52,893 - INFO - Example /home/projects/bagon/shared/imagenet512/val/n04479046/ILSVRC2012_val_00007996.JPEG reached epsilon at step 38, loss sum: 31.9984, final loss: 0.00086498, weight distance: 0.0028
2025-09-23 07:20:06,743 - INFO - Example /home/projects/bagon/shared/imagenet512/val/n03482405/ILSVRC2012_val_00047679.JPEG reached epsilon at step 47, loss sum: 59.5038, final loss: 0.00089455, weight distance: 0.0035
2025-09-23 07:20:20,021 - INFO - Example /home/projects/bagon/shared/imagenet512/val/n02105855/ILSVRC2012_val_00019155.JPEG reached epsilon at step 37, loss sum: 15.4310, final loss: 0.00098705, weight distance: 0.0026
2025-09-23 07:20:34,199 - INFO - Example /home/projects/bagon/shared/imagenet512/val/n04548280/ILSVRC2012_val_00046023.JPEG reached epsilon at step 53, loss sum: 81.3224, final loss: 0.00095177, weight distance: 0.0039
2025-09-23 07:20:48,573 - INFO - Example /home/projects/bagon/shared/imagenet512/val/n04004767/ILSVRC2012_val_00037028.JPEG reached epsilon at step 51, loss sum: 72.5814, final loss: 0.00098705, weight distance: 0.0037
2025-09-23 07:21:03,225 - INFO - Example /home/projects/bagon/shared/imagenet512/val/n02091244/ILSVRC2012_val_00000115.JPEG reached epsilon at step 54, loss sum: 111.3213, final loss: 0.00093889, weight distance: 0.0039
2025-09-23 07:21:16,735 - INFO - Example /home/projects/bagon/shared/imagenet512/val/n02808304/ILSVRC2012_val_00001384.JPEG reached epsilon at step 42, loss sum: 45.5184, final loss: 0.00096893, weight distance: 0.0029
2025-09-23 07:21:30,330 - INFO - Example /home/projects/bagon/shared/imagenet512/val/n02395406/ILSVRC2012_val_00021327.JPEG reached epsilon at step 47, loss sum: 29.7188, final loss: 0.00097656, weight distance: 0.0036
2025-09-23 07:21:44,100 - INFO - Example /home/projects/bagon/shared/imagenet512/val/n02094258/ILSVRC2012_val_00008633.JPEG reached epsilon at step 40, loss sum: 12.7043, final loss: 0.00095797, weight distance: 0.0030
2025-09-23 07:21:58,821 - INFO - Example /home/projects/bagon/shared/imagenet512/val/n02786058/ILSVRC2012_val_00020825.JPEG reached epsilon at step 65, loss sum: 76.0335, final loss: 0.00089502, weight distance: 0.0048
2025-09-23 07:22:12,225 - INFO - Example /home/projects/bagon/shared/imagenet512/val/n02442845/ILSVRC2012_val_00030624.JPEG reached epsilon at step 37, loss sum: 69.1187, final loss: 0.00085497, weight distance: 0.0023
2025-09-23 07:22:25,388 - INFO - Example /home/projects/bagon/shared/imagenet512/val/n01943899/ILSVRC2012_val_00045192.JPEG reached epsilon at step 32, loss sum: 18.7531, final loss: 0.00091887, weight distance: 0.0023
2025-09-23 07:22:38,262 - INFO - Example /home/projects/bagon/shared/imagenet512/val/n07697537/ILSVRC2012_val_00023883.JPEG reached epsilon at step 33, loss sum: 19.4625, final loss: 0.00077486, weight distance: 0.0023
2025-09-23 07:22:52,780 - INFO - Example /home/projects/bagon/shared/imagenet512/val/n03764736/ILSVRC2012_val_00004043.JPEG reached epsilon at step 58, loss sum: 89.3635, final loss: 0.00098515, weight distance: 0.0042
2025-09-23 07:23:06,377 - INFO - Example /home/projects/bagon/shared/imagenet512/val/n04204347/ILSVRC2012_val_00006839.JPEG reached epsilon at step 37, loss sum: 65.4062, final loss: 0.00086975, weight distance: 0.0026
2025-09-23 07:23:20,581 - INFO - Example /home/projects/bagon/shared/imagenet512/val/n03372029/ILSVRC2012_val_00019375.JPEG reached epsilon at step 49, loss sum: 124.4763, final loss: 0.00094271, weight distance: 0.0037
2025-09-23 07:23:34,651 - INFO - Example /home/projects/bagon/shared/imagenet512/val/n03527444/ILSVRC2012_val_00036560.JPEG reached epsilon at step 47, loss sum: 57.1271, final loss: 0.00088835, weight distance: 0.0035
2025-09-23 07:23:48,099 - INFO - Example /home/projects/bagon/shared/imagenet512/val/n02106382/ILSVRC2012_val_00032564.JPEG reached epsilon at step 38, loss sum: 20.0260, final loss: 0.00084734, weight distance: 0.0027
2025-09-23 07:24:01,930 - INFO - Example /home/projects/bagon/shared/imagenet512/val/n02099849/ILSVRC2012_val_00039150.JPEG reached epsilon at step 55, loss sum: 119.3548, final loss: 0.00085068, weight distance: 0.0041
2025-09-23 07:24:15,956 - INFO - Example /home/projects/bagon/shared/imagenet512/val/n02669723/ILSVRC2012_val_00008937.JPEG reached epsilon at step 52, loss sum: 62.6392, final loss: 0.00091648, weight distance: 0.0033
2025-09-23 07:24:29,075 - INFO - Example /home/projects/bagon/shared/imagenet512/val/n02971356/ILSVRC2012_val_00018125.JPEG reached epsilon at step 30, loss sum: 13.4719, final loss: 0.00074816, weight distance: 0.0020
2025-09-23 07:24:42,159 - INFO - Example /home/projects/bagon/shared/imagenet512/val/n03345487/ILSVRC2012_val_00047102.JPEG reached epsilon at step 29, loss sum: 5.9516, final loss: 0.00091314, weight distance: 0.0018
2025-09-23 07:24:56,175 - INFO - Example /home/projects/bagon/shared/imagenet512/val/n02231487/ILSVRC2012_val_00047704.JPEG reached epsilon at step 52, loss sum: 115.2963, final loss: 0.00087309, weight distance: 0.0037
2025-09-23 07:25:09,701 - INFO - Example /home/projects/bagon/shared/imagenet512/val/n03141823/ILSVRC2012_val_00044883.JPEG reached epsilon at step 44, loss sum: 37.9808, final loss: 0.00089216, weight distance: 0.0032
2025-09-23 07:25:24,176 - INFO - Example /home/projects/bagon/shared/imagenet512/val/n02814860/ILSVRC2012_val_00009026.JPEG reached epsilon at step 55, loss sum: 45.0656, final loss: 0.00098038, weight distance: 0.0040
2025-09-23 07:25:37,809 - INFO - Example /home/projects/bagon/shared/imagenet512/val/n03379051/ILSVRC2012_val_00019724.JPEG reached epsilon at step 43, loss sum: 46.4180, final loss: 0.00090790, weight distance: 0.0031
2025-09-23 07:25:51,673 - INFO - Example /home/projects/bagon/shared/imagenet512/val/n02412080/ILSVRC2012_val_00035988.JPEG reached epsilon at step 46, loss sum: 53.9789, final loss: 0.00092697, weight distance: 0.0032
2025-09-23 07:26:05,127 - INFO - Example /home/projects/bagon/shared/imagenet512/val/n04296562/ILSVRC2012_val_00042609.JPEG reached epsilon at step 40, loss sum: 32.0407, final loss: 0.00089693, weight distance: 0.0030
2025-09-23 07:26:19,929 - INFO - Example /home/projects/bagon/shared/imagenet512/val/n01744401/ILSVRC2012_val_00046389.JPEG reached epsilon at step 67, loss sum: 176.3724, final loss: 0.00089407, weight distance: 0.0047
2025-09-23 07:26:33,753 - INFO - Example /home/projects/bagon/shared/imagenet512/val/n03967562/ILSVRC2012_val_00038945.JPEG reached epsilon at step 45, loss sum: 32.5750, final loss: 0.00093222, weight distance: 0.0034
2025-09-23 07:26:47,943 - INFO - Example /home/projects/bagon/shared/imagenet512/val/n03637318/ILSVRC2012_val_00029645.JPEG reached epsilon at step 49, loss sum: 60.3203, final loss: 0.00085258, weight distance: 0.0034
2025-09-23 07:27:02,146 - INFO - Example /home/projects/bagon/shared/imagenet512/val/n03476684/ILSVRC2012_val_00038977.JPEG reached epsilon at step 48, loss sum: 35.7882, final loss: 0.00084829, weight distance: 0.0038
2025-09-23 07:27:16,343 - INFO - Example /home/projects/bagon/shared/imagenet512/val/n01855672/ILSVRC2012_val_00036969.JPEG reached epsilon at step 53, loss sum: 34.9104, final loss: 0.00093699, weight distance: 0.0039
2025-09-23 07:27:30,473 - INFO - Example /home/projects/bagon/shared/imagenet512/val/n01682714/ILSVRC2012_val_00012853.JPEG reached epsilon at step 55, loss sum: 50.1795, final loss: 0.00094271, weight distance: 0.0040
2025-09-23 07:27:45,716 - INFO - Example /home/projects/bagon/shared/imagenet512/val/n07768694/ILSVRC2012_val_00004347.JPEG reached epsilon at step 65, loss sum: 100.3220, final loss: 0.00087833, weight distance: 0.0050
2025-09-23 07:27:59,636 - INFO - Example /home/projects/bagon/shared/imagenet512/val/n03498962/ILSVRC2012_val_00032709.JPEG reached epsilon at step 49, loss sum: 80.0175, final loss: 0.00079060, weight distance: 0.0036
2025-09-23 07:28:13,744 - INFO - Example /home/projects/bagon/shared/imagenet512/val/n03355925/ILSVRC2012_val_00016785.JPEG reached epsilon at step 51, loss sum: 69.0407, final loss: 0.00089979, weight distance: 0.0037
2025-09-23 07:28:27,915 - INFO - Example /home/projects/bagon/shared/imagenet512/val/n02319095/ILSVRC2012_val_00046618.JPEG reached epsilon at step 47, loss sum: 169.3047, final loss: 0.00078249, weight distance: 0.0030
2025-09-23 07:28:42,435 - INFO - Example /home/projects/bagon/shared/imagenet512/val/n03649909/ILSVRC2012_val_00042374.JPEG reached epsilon at step 54, loss sum: 85.3072, final loss: 0.00097513, weight distance: 0.0040
2025-09-23 07:28:56,123 - INFO - Example /home/projects/bagon/shared/imagenet512/val/n03710193/ILSVRC2012_val_00018245.JPEG reached epsilon at step 45, loss sum: 56.9133, final loss: 0.00093889, weight distance: 0.0032
2025-09-23 07:29:09,953 - INFO - Example /home/projects/bagon/shared/imagenet512/val/n04317175/ILSVRC2012_val_00031926.JPEG reached epsilon at step 48, loss sum: 103.6573, final loss: 0.00081444, weight distance: 0.0035
2025-09-23 07:29:23,544 - INFO - Example /home/projects/bagon/shared/imagenet512/val/n03920288/ILSVRC2012_val_00000465.JPEG reached epsilon at step 39, loss sum: 93.6327, final loss: 0.00090599, weight distance: 0.0027
2025-09-23 07:29:37,755 - INFO - Example /home/projects/bagon/shared/imagenet512/val/n03781244/ILSVRC2012_val_00044594.JPEG reached epsilon at step 51, loss sum: 32.0546, final loss: 0.00082207, weight distance: 0.0039
2025-09-23 07:29:52,602 - INFO - Example /home/projects/bagon/shared/imagenet512/val/n02107574/ILSVRC2012_val_00040869.JPEG reached epsilon at step 63, loss sum: 37.9123, final loss: 0.00088024, weight distance: 0.0048
2025-09-23 07:30:05,610 - INFO - Example /home/projects/bagon/shared/imagenet512/val/n09246464/ILSVRC2012_val_00046221.JPEG reached epsilon at step 31, loss sum: 4.0663, final loss: 0.00098801, weight distance: 0.0021
2025-09-23 07:30:19,623 - INFO - Example /home/projects/bagon/shared/imagenet512/val/n03775071/ILSVRC2012_val_00037281.JPEG reached epsilon at step 48, loss sum: 48.8562, final loss: 0.00084162, weight distance: 0.0035
2025-09-23 07:30:33,386 - INFO - Example /home/projects/bagon/shared/imagenet512/val/n03220513/ILSVRC2012_val_00019506.JPEG reached epsilon at step 45, loss sum: 55.8778, final loss: 0.00090313, weight distance: 0.0032
2025-09-23 07:30:48,359 - INFO - Example /home/projects/bagon/shared/imagenet512/val/n02114712/ILSVRC2012_val_00015766.JPEG reached epsilon at step 61, loss sum: 35.3215, final loss: 0.00095844, weight distance: 0.0044
2025-09-23 07:31:01,297 - INFO - Example /home/projects/bagon/shared/imagenet512/val/n03457902/ILSVRC2012_val_00009006.JPEG reached epsilon at step 31, loss sum: 20.5643, final loss: 0.00092316, weight distance: 0.0021
2025-09-23 07:31:14,619 - INFO - Example /home/projects/bagon/shared/imagenet512/val/n03623198/ILSVRC2012_val_00038316.JPEG reached epsilon at step 41, loss sum: 81.4073, final loss: 0.00092220, weight distance: 0.0031
2025-09-23 07:31:29,057 - INFO - Example /home/projects/bagon/shared/imagenet512/val/n02123159/ILSVRC2012_val_00019303.JPEG reached epsilon at step 59, loss sum: 17.4305, final loss: 0.00099659, weight distance: 0.0043
2025-09-23 07:31:42,560 - INFO - Example /home/projects/bagon/shared/imagenet512/val/n04192698/ILSVRC2012_val_00026098.JPEG reached epsilon at step 40, loss sum: 58.1564, final loss: 0.00078630, weight distance: 0.0029
2025-09-23 07:31:56,394 - INFO - Example /home/projects/bagon/shared/imagenet512/val/n02786058/ILSVRC2012_val_00003060.JPEG reached epsilon at step 43, loss sum: 32.3134, final loss: 0.00090885, weight distance: 0.0031
2025-09-23 07:32:10,068 - INFO - Example /home/projects/bagon/shared/imagenet512/val/n03271574/ILSVRC2012_val_00031563.JPEG reached epsilon at step 45, loss sum: 46.8425, final loss: 0.00082111, weight distance: 0.0035
2025-09-23 07:32:23,932 - INFO - Example /home/projects/bagon/shared/imagenet512/val/n04525038/ILSVRC2012_val_00035435.JPEG reached epsilon at step 45, loss sum: 79.2137, final loss: 0.00097466, weight distance: 0.0035
2025-09-23 07:32:37,840 - INFO - Example /home/projects/bagon/shared/imagenet512/val/n02106662/ILSVRC2012_val_00000946.JPEG reached epsilon at step 45, loss sum: 40.2227, final loss: 0.00081921, weight distance: 0.0033
2025-09-23 07:32:51,765 - INFO - Example /home/projects/bagon/shared/imagenet512/val/n04418357/ILSVRC2012_val_00007909.JPEG reached epsilon at step 40, loss sum: 25.5417, final loss: 0.00091934, weight distance: 0.0028
2025-09-23 07:33:06,137 - INFO - Example /home/projects/bagon/shared/imagenet512/val/n02264363/ILSVRC2012_val_00020183.JPEG reached epsilon at step 51, loss sum: 116.2478, final loss: 0.00093889, weight distance: 0.0036
2025-09-23 07:33:18,938 - INFO - Example /home/projects/bagon/shared/imagenet512/val/n04442312/ILSVRC2012_val_00009071.JPEG reached epsilon at step 25, loss sum: 8.6965, final loss: 0.00079060, weight distance: 0.0016
2025-09-23 07:33:32,326 - INFO - Example /home/projects/bagon/shared/imagenet512/val/n03297495/ILSVRC2012_val_00030154.JPEG reached epsilon at step 30, loss sum: 12.0976, final loss: 0.00097036, weight distance: 0.0019
2025-09-23 07:33:45,808 - INFO - Example /home/projects/bagon/shared/imagenet512/val/n03958227/ILSVRC2012_val_00022428.JPEG reached epsilon at step 34, loss sum: 62.5970, final loss: 0.00078392, weight distance: 0.0023
2025-09-23 07:33:59,777 - INFO - Example /home/projects/bagon/shared/imagenet512/val/n02087046/ILSVRC2012_val_00042289.JPEG reached epsilon at step 45, loss sum: 40.3526, final loss: 0.00095272, weight distance: 0.0030
2025-09-23 07:34:13,605 - INFO - Example /home/projects/bagon/shared/imagenet512/val/n04540053/ILSVRC2012_val_00014565.JPEG reached epsilon at step 38, loss sum: 23.9001, final loss: 0.00090742, weight distance: 0.0027
2025-09-23 07:34:27,487 - INFO - Example /home/projects/bagon/shared/imagenet512/val/n02979186/ILSVRC2012_val_00013735.JPEG reached epsilon at step 41, loss sum: 13.7419, final loss: 0.00096178, weight distance: 0.0031
2025-09-23 07:34:40,996 - INFO - Example /home/projects/bagon/shared/imagenet512/val/n03393912/ILSVRC2012_val_00002595.JPEG reached epsilon at step 40, loss sum: 21.9489, final loss: 0.00098991, weight distance: 0.0030
2025-09-23 07:34:54,353 - INFO - Example /home/projects/bagon/shared/imagenet512/val/n07860988/ILSVRC2012_val_00033664.JPEG reached epsilon at step 40, loss sum: 25.9887, final loss: 0.00091743, weight distance: 0.0029
2025-09-23 07:35:07,710 - INFO - Example /home/projects/bagon/shared/imagenet512/val/n03026506/ILSVRC2012_val_00039849.JPEG reached epsilon at step 37, loss sum: 32.3907, final loss: 0.00079823, weight distance: 0.0024
2025-09-23 07:35:21,353 - INFO - Example /home/projects/bagon/shared/imagenet512/val/n03000684/ILSVRC2012_val_00026879.JPEG reached epsilon at step 39, loss sum: 57.7647, final loss: 0.00093555, weight distance: 0.0028
2025-09-23 07:35:34,239 - INFO - Example /home/projects/bagon/shared/imagenet512/val/n03982430/ILSVRC2012_val_00010890.JPEG reached epsilon at step 22, loss sum: 3.2303, final loss: 0.00094032, weight distance: 0.0014
2025-09-23 07:35:48,010 - INFO - Example /home/projects/bagon/shared/imagenet512/val/n03666591/ILSVRC2012_val_00039727.JPEG reached epsilon at step 41, loss sum: 12.2014, final loss: 0.00095034, weight distance: 0.0031
2025-09-23 07:36:02,943 - INFO - Example /home/projects/bagon/shared/imagenet512/val/n02883205/ILSVRC2012_val_00004943.JPEG reached epsilon at step 59, loss sum: 117.4209, final loss: 0.00081205, weight distance: 0.0042
2025-09-23 07:36:17,417 - INFO - Example /home/projects/bagon/shared/imagenet512/val/n03584254/ILSVRC2012_val_00041044.JPEG reached epsilon at step 58, loss sum: 94.3067, final loss: 0.00083208, weight distance: 0.0043
2025-09-23 07:36:32,000 - INFO - Example /home/projects/bagon/shared/imagenet512/val/n01682714/ILSVRC2012_val_00032129.JPEG reached epsilon at step 62, loss sum: 110.5927, final loss: 0.00098419, weight distance: 0.0042
2025-09-23 07:36:45,484 - INFO - Example /home/projects/bagon/shared/imagenet512/val/n04209133/ILSVRC2012_val_00022674.JPEG reached epsilon at step 40, loss sum: 40.2848, final loss: 0.00092888, weight distance: 0.0029
2025-09-23 07:36:59,144 - INFO - Example /home/projects/bagon/shared/imagenet512/val/n03444034/ILSVRC2012_val_00040851.JPEG reached epsilon at step 44, loss sum: 106.9723, final loss: 0.00075150, weight distance: 0.0032
2025-09-23 07:37:13,547 - INFO - Example /home/projects/bagon/shared/imagenet512/val/n03028079/ILSVRC2012_val_00005598.JPEG reached epsilon at step 54, loss sum: 60.3589, final loss: 0.00084925, weight distance: 0.0040
2025-09-23 07:37:26,772 - INFO - Example /home/projects/bagon/shared/imagenet512/val/n03127747/ILSVRC2012_val_00044124.JPEG reached epsilon at step 29, loss sum: 8.8691, final loss: 0.00097227, weight distance: 0.0020
2025-09-23 07:37:40,522 - INFO - Example /home/projects/bagon/shared/imagenet512/val/n02102480/ILSVRC2012_val_00048337.JPEG reached epsilon at step 43, loss sum: 30.2826, final loss: 0.00091076, weight distance: 0.0029
2025-09-23 07:37:53,853 - INFO - Example /home/projects/bagon/shared/imagenet512/val/n02804414/ILSVRC2012_val_00042748.JPEG reached epsilon at step 34, loss sum: 15.6304, final loss: 0.00094843, weight distance: 0.0024
2025-09-23 07:38:07,579 - INFO - Example /home/projects/bagon/shared/imagenet512/val/n02093428/ILSVRC2012_val_00026525.JPEG reached epsilon at step 42, loss sum: 12.3083, final loss: 0.00085020, weight distance: 0.0033
2025-09-23 07:38:21,852 - INFO - Example /home/projects/bagon/shared/imagenet512/val/n04317175/ILSVRC2012_val_00032282.JPEG reached epsilon at step 53, loss sum: 127.0729, final loss: 0.00083208, weight distance: 0.0040
2025-09-23 07:38:35,011 - INFO - Example /home/projects/bagon/shared/imagenet512/val/n04367480/ILSVRC2012_val_00010893.JPEG reached epsilon at step 36, loss sum: 22.8208, final loss: 0.00076866, weight distance: 0.0026
2025-09-23 07:38:48,999 - INFO - Example /home/projects/bagon/shared/imagenet512/val/n03032252/ILSVRC2012_val_00041956.JPEG reached epsilon at step 41, loss sum: 38.5440, final loss: 0.00079632, weight distance: 0.0029
2025-09-23 07:39:02,686 - INFO - Example /home/projects/bagon/shared/imagenet512/val/n02823750/ILSVRC2012_val_00013765.JPEG reached epsilon at step 44, loss sum: 47.1675, final loss: 0.00098991, weight distance: 0.0034
2025-09-23 07:39:16,256 - INFO - Example /home/projects/bagon/shared/imagenet512/val/n02895154/ILSVRC2012_val_00041183.JPEG reached epsilon at step 40, loss sum: 12.5234, final loss: 0.00093699, weight distance: 0.0029
2025-09-23 07:39:29,477 - INFO - Example /home/projects/bagon/shared/imagenet512/val/n02105251/ILSVRC2012_val_00046037.JPEG reached epsilon at step 35, loss sum: 6.9198, final loss: 0.00082874, weight distance: 0.0025
2025-09-23 07:39:42,636 - INFO - Example /home/projects/bagon/shared/imagenet512/val/n03791053/ILSVRC2012_val_00049655.JPEG reached epsilon at step 34, loss sum: 7.3247, final loss: 0.00084162, weight distance: 0.0024
2025-09-23 07:39:55,590 - INFO - Example /home/projects/bagon/shared/imagenet512/val/n03124043/ILSVRC2012_val_00004270.JPEG reached epsilon at step 33, loss sum: 32.5092, final loss: 0.00094652, weight distance: 0.0021
2025-09-23 07:40:08,915 - INFO - Example /home/projects/bagon/shared/imagenet512/val/n03995372/ILSVRC2012_val_00037971.JPEG reached epsilon at step 34, loss sum: 41.3386, final loss: 0.00079441, weight distance: 0.0025
2025-09-23 07:40:22,141 - INFO - Example /home/projects/bagon/shared/imagenet512/val/n06874185/ILSVRC2012_val_00038513.JPEG reached epsilon at step 34, loss sum: 13.1467, final loss: 0.00083876, weight distance: 0.0022
2025-09-23 07:40:36,317 - INFO - Example /home/projects/bagon/shared/imagenet512/val/n04201297/ILSVRC2012_val_00017588.JPEG reached epsilon at step 47, loss sum: 11.1068, final loss: 0.00095224, weight distance: 0.0033
2025-09-23 07:40:50,989 - INFO - Example /home/projects/bagon/shared/imagenet512/val/n02087394/ILSVRC2012_val_00009470.JPEG reached epsilon at step 51, loss sum: 33.0711, final loss: 0.00093985, weight distance: 0.0038
2025-09-23 07:41:04,090 - INFO - Example /home/projects/bagon/shared/imagenet512/val/n03347037/ILSVRC2012_val_00026294.JPEG reached epsilon at step 35, loss sum: 25.1409, final loss: 0.00095224, weight distance: 0.0025
2025-09-23 07:41:17,963 - INFO - Example /home/projects/bagon/shared/imagenet512/val/n03908714/ILSVRC2012_val_00012755.JPEG reached epsilon at step 47, loss sum: 97.1933, final loss: 0.00089025, weight distance: 0.0035
2025-09-23 07:41:31,899 - INFO - Example /home/projects/bagon/shared/imagenet512/val/n03876231/ILSVRC2012_val_00048953.JPEG reached epsilon at step 46, loss sum: 65.3677, final loss: 0.00086498, weight distance: 0.0034
2025-09-23 07:41:46,051 - INFO - Example /home/projects/bagon/shared/imagenet512/val/n03837869/ILSVRC2012_val_00008078.JPEG reached epsilon at step 51, loss sum: 72.2608, final loss: 0.00080061, weight distance: 0.0039
2025-09-23 07:41:59,764 - INFO - Example /home/projects/bagon/shared/imagenet512/val/n04229816/ILSVRC2012_val_00047467.JPEG reached epsilon at step 45, loss sum: 118.8738, final loss: 0.00081158, weight distance: 0.0029
2025-09-23 07:42:14,075 - INFO - Example /home/projects/bagon/shared/imagenet512/val/n01817953/ILSVRC2012_val_00038553.JPEG reached epsilon at step 56, loss sum: 110.3440, final loss: 0.00087166, weight distance: 0.0038
2025-09-23 07:42:28,301 - INFO - Example /home/projects/bagon/shared/imagenet512/val/n02493509/ILSVRC2012_val_00046148.JPEG reached epsilon at step 53, loss sum: 11.2246, final loss: 0.00094938, weight distance: 0.0041
2025-09-23 07:42:41,443 - INFO - Example /home/projects/bagon/shared/imagenet512/val/n03623198/ILSVRC2012_val_00024197.JPEG reached epsilon at step 32, loss sum: 20.7220, final loss: 0.00076294, weight distance: 0.0023
2025-09-23 07:42:55,056 - INFO - Example /home/projects/bagon/shared/imagenet512/val/n02747177/ILSVRC2012_val_00031322.JPEG reached epsilon at step 37, loss sum: 19.9736, final loss: 0.00099564, weight distance: 0.0026
2025-09-23 07:43:08,174 - INFO - Example /home/projects/bagon/shared/imagenet512/val/n04147183/ILSVRC2012_val_00037184.JPEG reached epsilon at step 31, loss sum: 4.3065, final loss: 0.00081348, weight distance: 0.0022
2025-09-23 07:43:21,509 - INFO - Example /home/projects/bagon/shared/imagenet512/val/n04254680/ILSVRC2012_val_00038483.JPEG reached epsilon at step 38, loss sum: 46.2725, final loss: 0.00081348, weight distance: 0.0027
2025-09-23 07:43:35,082 - INFO - Example /home/projects/bagon/shared/imagenet512/val/n02412080/ILSVRC2012_val_00047560.JPEG reached epsilon at step 36, loss sum: 4.0226, final loss: 0.00085449, weight distance: 0.0024
2025-09-23 07:43:50,343 - INFO - Example /home/projects/bagon/shared/imagenet512/val/n02100583/ILSVRC2012_val_00045207.JPEG reached epsilon at step 46, loss sum: 51.3446, final loss: 0.00087690, weight distance: 0.0033
2025-09-23 07:44:04,718 - INFO - Example /home/projects/bagon/shared/imagenet512/val/n03017168/ILSVRC2012_val_00034064.JPEG reached epsilon at step 44, loss sum: 99.6551, final loss: 0.00095510, weight distance: 0.0033
2025-09-23 07:44:18,056 - INFO - Example /home/projects/bagon/shared/imagenet512/val/n03661043/ILSVRC2012_val_00043408.JPEG reached epsilon at step 37, loss sum: 24.0373, final loss: 0.00099277, weight distance: 0.0026
2025-09-23 07:44:31,404 - INFO - Example /home/projects/bagon/shared/imagenet512/val/n03452741/ILSVRC2012_val_00033366.JPEG reached epsilon at step 39, loss sum: 51.4971, final loss: 0.00086164, weight distance: 0.0024
2025-09-23 07:44:45,679 - INFO - Example /home/projects/bagon/shared/imagenet512/val/n03483316/ILSVRC2012_val_00013591.JPEG reached epsilon at step 51, loss sum: 53.7271, final loss: 0.00091696, weight distance: 0.0040
2025-09-23 07:44:58,975 - INFO - Example /home/projects/bagon/shared/imagenet512/val/n03271574/ILSVRC2012_val_00044211.JPEG reached epsilon at step 34, loss sum: 42.2533, final loss: 0.00098133, weight distance: 0.0022
2025-09-23 07:45:12,131 - INFO - Example /home/projects/bagon/shared/imagenet512/val/n03207941/ILSVRC2012_val_00036877.JPEG reached epsilon at step 33, loss sum: 85.4363, final loss: 0.00087833, weight distance: 0.0022
2025-09-23 07:45:26,962 - INFO - Example /home/projects/bagon/shared/imagenet512/val/n02095314/ILSVRC2012_val_00045280.JPEG reached epsilon at step 57, loss sum: 42.7275, final loss: 0.00086737, weight distance: 0.0044
2025-09-23 07:45:41,257 - INFO - Example /home/projects/bagon/shared/imagenet512/val/n03796401/ILSVRC2012_val_00045876.JPEG reached epsilon at step 51, loss sum: 65.5497, final loss: 0.00099182, weight distance: 0.0038
2025-09-23 07:45:54,574 - INFO - Example /home/projects/bagon/shared/imagenet512/val/n03916031/ILSVRC2012_val_00038980.JPEG reached epsilon at step 46, loss sum: 73.4883, final loss: 0.00098324, weight distance: 0.0032
2025-09-23 07:46:08,401 - INFO - Example /home/projects/bagon/shared/imagenet512/val/n02490219/ILSVRC2012_val_00042278.JPEG reached epsilon at step 48, loss sum: 58.2515, final loss: 0.00099468, weight distance: 0.0034
2025-09-23 07:46:21,535 - INFO - Example /home/projects/bagon/shared/imagenet512/val/n02747177/ILSVRC2012_val_00013783.JPEG reached epsilon at step 29, loss sum: 2.5909, final loss: 0.00092554, weight distance: 0.0021
2025-09-23 07:46:35,761 - INFO - Example /home/projects/bagon/shared/imagenet512/val/n01978455/ILSVRC2012_val_00033808.JPEG reached epsilon at step 41, loss sum: 55.7530, final loss: 0.00085878, weight distance: 0.0029
2025-09-23 07:46:49,613 - INFO - Example /home/projects/bagon/shared/imagenet512/val/n03692522/ILSVRC2012_val_00046598.JPEG reached epsilon at step 42, loss sum: 88.6618, final loss: 0.00088501, weight distance: 0.0027
2025-09-23 07:47:03,709 - INFO - Example /home/projects/bagon/shared/imagenet512/val/n02129165/ILSVRC2012_val_00009124.JPEG reached epsilon at step 52, loss sum: 150.0897, final loss: 0.00092745, weight distance: 0.0037
2025-09-23 07:47:17,896 - INFO - Example /home/projects/bagon/shared/imagenet512/val/n03291819/ILSVRC2012_val_00023738.JPEG reached epsilon at step 50, loss sum: 56.1019, final loss: 0.00082588, weight distance: 0.0037
2025-09-23 07:47:31,199 - INFO - Example /home/projects/bagon/shared/imagenet512/val/n04592741/ILSVRC2012_val_00049062.JPEG reached epsilon at step 38, loss sum: 9.7834, final loss: 0.00091505, weight distance: 0.0028
2025-09-23 07:47:44,691 - INFO - Example /home/projects/bagon/shared/imagenet512/val/n01614925/ILSVRC2012_val_00040404.JPEG reached epsilon at step 33, loss sum: 33.1749, final loss: 0.00080395, weight distance: 0.0022
2025-09-23 07:47:57,939 - INFO - Example /home/projects/bagon/shared/imagenet512/val/n03938244/ILSVRC2012_val_00011231.JPEG reached epsilon at step 32, loss sum: 25.3562, final loss: 0.00091410, weight distance: 0.0021
2025-09-23 07:48:11,061 - INFO - Example /home/projects/bagon/shared/imagenet512/val/n02480855/ILSVRC2012_val_00000242.JPEG reached epsilon at step 32, loss sum: 29.3610, final loss: 0.00086403, weight distance: 0.0021
2025-09-23 07:48:25,975 - INFO - Example /home/projects/bagon/shared/imagenet512/val/n03110669/ILSVRC2012_val_00048456.JPEG reached epsilon at step 49, loss sum: 50.3639, final loss: 0.00085974, weight distance: 0.0037
2025-09-23 07:48:40,638 - INFO - Example /home/projects/bagon/shared/imagenet512/val/n03180011/ILSVRC2012_val_00043506.JPEG reached epsilon at step 39, loss sum: 15.3391, final loss: 0.00082588, weight distance: 0.0027
2025-09-23 07:48:55,891 - INFO - Example /home/projects/bagon/shared/imagenet512/val/n03773504/ILSVRC2012_val_00037619.JPEG reached epsilon at step 57, loss sum: 13.8422, final loss: 0.00099373, weight distance: 0.0043
2025-09-23 07:49:09,359 - INFO - Example /home/projects/bagon/shared/imagenet512/val/n07583066/ILSVRC2012_val_00007582.JPEG reached epsilon at step 37, loss sum: 44.3896, final loss: 0.00092506, weight distance: 0.0025
2025-09-23 07:49:22,626 - INFO - Example /home/projects/bagon/shared/imagenet512/val/n04023962/ILSVRC2012_val_00017642.JPEG reached epsilon at step 35, loss sum: 42.9605, final loss: 0.00081301, weight distance: 0.0025
2025-09-23 07:49:36,581 - INFO - Example /home/projects/bagon/shared/imagenet512/val/n03041632/ILSVRC2012_val_00006102.JPEG reached epsilon at step 46, loss sum: 109.8753, final loss: 0.00091553, weight distance: 0.0034
2025-09-23 07:49:50,510 - INFO - Example /home/projects/bagon/shared/imagenet512/val/n03729826/ILSVRC2012_val_00032307.JPEG reached epsilon at step 49, loss sum: 114.9136, final loss: 0.00078487, weight distance: 0.0032
2025-09-23 07:50:03,890 - INFO - Example /home/projects/bagon/shared/imagenet512/val/n03937543/ILSVRC2012_val_00017943.JPEG reached epsilon at step 39, loss sum: 49.1917, final loss: 0.00091314, weight distance: 0.0028
2025-09-23 07:50:17,181 - INFO - Example /home/projects/bagon/shared/imagenet512/val/n01990800/ILSVRC2012_val_00021042.JPEG reached epsilon at step 36, loss sum: 26.4610, final loss: 0.00093222, weight distance: 0.0025
2025-09-23 07:50:30,760 - INFO - Example /home/projects/bagon/shared/imagenet512/val/n02815834/ILSVRC2012_val_00033071.JPEG reached epsilon at step 33, loss sum: 48.5463, final loss: 0.00082016, weight distance: 0.0022
2025-09-23 07:50:44,074 - INFO - Example /home/projects/bagon/shared/imagenet512/val/n01978455/ILSVRC2012_val_00008870.JPEG reached epsilon at step 39, loss sum: 26.3070, final loss: 0.00088358, weight distance: 0.0029
2025-09-23 07:50:57,485 - INFO - Example /home/projects/bagon/shared/imagenet512/val/n03950228/ILSVRC2012_val_00005557.JPEG reached epsilon at step 39, loss sum: 14.3941, final loss: 0.00084639, weight distance: 0.0029
2025-09-23 07:51:10,736 - INFO - Example /home/projects/bagon/shared/imagenet512/val/n03127747/ILSVRC2012_val_00030481.JPEG reached epsilon at step 34, loss sum: 47.0303, final loss: 0.00080156, weight distance: 0.0025
2025-09-23 07:51:24,843 - INFO - Example /home/projects/bagon/shared/imagenet512/val/n02443484/ILSVRC2012_val_00026767.JPEG reached epsilon at step 53, loss sum: 36.7689, final loss: 0.00089836, weight distance: 0.0039
2025-09-23 07:51:38,199 - INFO - Example /home/projects/bagon/shared/imagenet512/val/n07693725/ILSVRC2012_val_00021276.JPEG reached epsilon at step 31, loss sum: 10.2640, final loss: 0.00093794, weight distance: 0.0022
2025-09-23 07:51:51,141 - INFO - Example /home/projects/bagon/shared/imagenet512/val/n04330267/ILSVRC2012_val_00014916.JPEG reached epsilon at step 34, loss sum: 20.1563, final loss: 0.00092602, weight distance: 0.0024
2025-09-23 07:52:04,605 - INFO - Example /home/projects/bagon/shared/imagenet512/val/n04133789/ILSVRC2012_val_00046895.JPEG reached epsilon at step 41, loss sum: 23.9608, final loss: 0.00075674, weight distance: 0.0030
2025-09-23 07:52:18,041 - INFO - Example /home/projects/bagon/shared/imagenet512/val/n02113186/ILSVRC2012_val_00007542.JPEG reached epsilon at step 41, loss sum: 12.3824, final loss: 0.00097132, weight distance: 0.0030
2025-09-23 07:52:31,685 - INFO - Example /home/projects/bagon/shared/imagenet512/val/n07730033/ILSVRC2012_val_00017580.JPEG reached epsilon at step 42, loss sum: 16.4730, final loss: 0.00093889, weight distance: 0.0031
2025-09-23 07:52:45,304 - INFO - Example /home/projects/bagon/shared/imagenet512/val/n02395406/ILSVRC2012_val_00022191.JPEG reached epsilon at step 38, loss sum: 80.5591, final loss: 0.00086784, weight distance: 0.0027
2025-09-23 07:52:58,514 - INFO - Example /home/projects/bagon/shared/imagenet512/val/n02526121/ILSVRC2012_val_00047288.JPEG reached epsilon at step 34, loss sum: 35.6610, final loss: 0.00091648, weight distance: 0.0022
2025-09-23 07:53:13,382 - INFO - Example /home/projects/bagon/shared/imagenet512/val/n02481823/ILSVRC2012_val_00046741.JPEG reached epsilon at step 53, loss sum: 42.8015, final loss: 0.00098991, weight distance: 0.0040
2025-09-23 07:53:27,376 - INFO - Example /home/projects/bagon/shared/imagenet512/val/n02101006/ILSVRC2012_val_00026797.JPEG reached epsilon at step 48, loss sum: 47.3403, final loss: 0.00087404, weight distance: 0.0034
2025-09-23 07:53:40,772 - INFO - Example /home/projects/bagon/shared/imagenet512/val/n04532106/ILSVRC2012_val_00036410.JPEG reached epsilon at step 36, loss sum: 49.0884, final loss: 0.00079679, weight distance: 0.0023
2025-09-23 07:53:54,567 - INFO - Example /home/projects/bagon/shared/imagenet512/val/n02930766/ILSVRC2012_val_00037652.JPEG reached epsilon at step 48, loss sum: 13.9073, final loss: 0.00087690, weight distance: 0.0038
2025-09-23 07:54:08,993 - INFO - Example /home/projects/bagon/shared/imagenet512/val/n02097474/ILSVRC2012_val_00023955.JPEG reached epsilon at step 61, loss sum: 96.7970, final loss: 0.00086069, weight distance: 0.0046
2025-09-23 07:54:22,224 - INFO - Example /home/projects/bagon/shared/imagenet512/val/n04442312/ILSVRC2012_val_00000737.JPEG reached epsilon at step 28, loss sum: 12.4597, final loss: 0.00094032, weight distance: 0.0018
2025-09-23 07:54:37,335 - INFO - Example /home/projects/bagon/shared/imagenet512/val/n01818515/ILSVRC2012_val_00048027.JPEG reached epsilon at step 29, loss sum: 17.1710, final loss: 0.00086546, weight distance: 0.0019
2025-09-23 07:54:51,608 - INFO - Example /home/projects/bagon/shared/imagenet512/val/n02093991/ILSVRC2012_val_00037339.JPEG reached epsilon at step 52, loss sum: 69.0493, final loss: 0.00084639, weight distance: 0.0038
2025-09-23 07:55:04,978 - INFO - Example /home/projects/bagon/shared/imagenet512/val/n04336792/ILSVRC2012_val_00001211.JPEG reached epsilon at step 38, loss sum: 32.1475, final loss: 0.00096893, weight distance: 0.0027
2025-09-23 07:55:20,094 - INFO - Example /home/projects/bagon/shared/imagenet512/val/n01985128/ILSVRC2012_val_00021995.JPEG reached epsilon at step 58, loss sum: 101.3221, final loss: 0.00099182, weight distance: 0.0044
2025-09-23 07:55:33,761 - INFO - Example /home/projects/bagon/shared/imagenet512/val/n03223299/ILSVRC2012_val_00040379.JPEG reached epsilon at step 37, loss sum: 60.3308, final loss: 0.00096226, weight distance: 0.0024
2025-09-23 07:55:48,294 - INFO - Example /home/projects/bagon/shared/imagenet512/val/n01883070/ILSVRC2012_val_00013821.JPEG reached epsilon at step 45, loss sum: 58.7144, final loss: 0.00081873, weight distance: 0.0031
2025-09-23 07:56:01,466 - INFO - Example /home/projects/bagon/shared/imagenet512/val/n03602883/ILSVRC2012_val_00005640.JPEG reached epsilon at step 35, loss sum: 35.0299, final loss: 0.00079584, weight distance: 0.0025
2025-09-23 07:56:15,092 - INFO - Example /home/projects/bagon/shared/imagenet512/val/n01984695/ILSVRC2012_val_00046180.JPEG reached epsilon at step 44, loss sum: 44.1468, final loss: 0.00084734, weight distance: 0.0031
2025-09-23 07:56:28,001 - INFO - Example /home/projects/bagon/shared/imagenet512/val/n04604644/ILSVRC2012_val_00039676.JPEG reached epsilon at step 29, loss sum: 24.6741, final loss: 0.00073862, weight distance: 0.0019
2025-09-23 07:56:42,279 - INFO - Example /home/projects/bagon/shared/imagenet512/val/n02966687/ILSVRC2012_val_00027808.JPEG reached epsilon at step 60, loss sum: 65.4727, final loss: 0.00087738, weight distance: 0.0044
2025-09-23 07:56:56,556 - INFO - Example /home/projects/bagon/shared/imagenet512/val/n02085936/ILSVRC2012_val_00034602.JPEG reached epsilon at step 59, loss sum: 67.2842, final loss: 0.00097418, weight distance: 0.0043
2025-09-23 07:57:09,637 - INFO - Example /home/projects/bagon/shared/imagenet512/val/n07753592/ILSVRC2012_val_00045425.JPEG reached epsilon at step 34, loss sum: 66.7667, final loss: 0.00087023, weight distance: 0.0023
2025-09-23 07:57:23,381 - INFO - Example /home/projects/bagon/shared/imagenet512/val/n02939185/ILSVRC2012_val_00000302.JPEG reached epsilon at step 36, loss sum: 6.0742, final loss: 0.00094795, weight distance: 0.0026
2025-09-23 07:57:37,106 - INFO - Example /home/projects/bagon/shared/imagenet512/val/n03908714/ILSVRC2012_val_00015411.JPEG reached epsilon at step 38, loss sum: 44.0377, final loss: 0.00077152, weight distance: 0.0027
2025-09-23 07:57:50,940 - INFO - Example /home/projects/bagon/shared/imagenet512/val/n01728920/ILSVRC2012_val_00041856.JPEG reached epsilon at step 50, loss sum: 76.2809, final loss: 0.00086737, weight distance: 0.0036
2025-09-23 07:58:04,712 - INFO - Example /home/projects/bagon/shared/imagenet512/val/n03787032/ILSVRC2012_val_00031999.JPEG reached epsilon at step 48, loss sum: 65.4778, final loss: 0.00092077, weight distance: 0.0034
2025-09-23 07:58:18,317 - INFO - Example /home/projects/bagon/shared/imagenet512/val/n01775062/ILSVRC2012_val_00036589.JPEG reached epsilon at step 46, loss sum: 23.7907, final loss: 0.00098419, weight distance: 0.0032
2025-09-23 07:58:31,882 - INFO - Example /home/projects/bagon/shared/imagenet512/val/n02108000/ILSVRC2012_val_00031133.JPEG reached epsilon at step 43, loss sum: 25.7548, final loss: 0.00088263, weight distance: 0.0032
2025-09-23 07:58:47,307 - INFO - Example /home/projects/bagon/shared/imagenet512/val/n03483316/ILSVRC2012_val_00016639.JPEG reached epsilon at step 73, loss sum: 125.0494, final loss: 0.00083447, weight distance: 0.0049
2025-09-23 07:59:01,302 - INFO - Example /home/projects/bagon/shared/imagenet512/val/n01882714/ILSVRC2012_val_00023031.JPEG reached epsilon at step 44, loss sum: 65.0443, final loss: 0.00097847, weight distance: 0.0029
2025-09-23 07:59:15,831 - INFO - Example /home/projects/bagon/shared/imagenet512/val/n03482405/ILSVRC2012_val_00027756.JPEG reached epsilon at step 51, loss sum: 92.6872, final loss: 0.00093269, weight distance: 0.0036
2025-09-23 07:59:29,923 - INFO - Example /home/projects/bagon/shared/imagenet512/val/n03796401/ILSVRC2012_val_00005882.JPEG reached epsilon at step 49, loss sum: 52.9509, final loss: 0.00082445, weight distance: 0.0038
2025-09-23 07:59:43,503 - INFO - Example /home/projects/bagon/shared/imagenet512/val/n02398521/ILSVRC2012_val_00016253.JPEG reached epsilon at step 44, loss sum: 79.7739, final loss: 0.00090790, weight distance: 0.0030
2025-09-23 07:59:56,722 - INFO - Example /home/projects/bagon/shared/imagenet512/val/n04371774/ILSVRC2012_val_00011159.JPEG reached epsilon at step 32, loss sum: 17.8360, final loss: 0.00095510, weight distance: 0.0019
2025-09-23 08:00:13,294 - INFO - Example /home/projects/bagon/shared/imagenet512/val/n02089078/ILSVRC2012_val_00021831.JPEG reached epsilon at step 52, loss sum: 28.2635, final loss: 0.00088167, weight distance: 0.0038
2025-09-23 08:00:30,060 - INFO - Example /home/projects/bagon/shared/imagenet512/val/n04482393/ILSVRC2012_val_00030514.JPEG reached epsilon at step 51, loss sum: 62.8089, final loss: 0.00096655, weight distance: 0.0039
2025-09-23 08:00:42,992 - INFO - Example /home/projects/bagon/shared/imagenet512/val/n07613480/ILSVRC2012_val_00012877.JPEG reached epsilon at step 25, loss sum: 5.6203, final loss: 0.00099182, weight distance: 0.0015
2025-09-23 08:00:56,723 - INFO - Example /home/projects/bagon/shared/imagenet512/val/n02843684/ILSVRC2012_val_00046472.JPEG reached epsilon at step 48, loss sum: 74.9684, final loss: 0.00098419, weight distance: 0.0035
2025-09-23 08:01:12,629 - INFO - Example /home/projects/bagon/shared/imagenet512/val/n01773797/ILSVRC2012_val_00029756.JPEG reached epsilon at step 67, loss sum: 18.0831, final loss: 0.00097513, weight distance: 0.0046
2025-09-23 08:01:26,696 - INFO - Example /home/projects/bagon/shared/imagenet512/val/n02971356/ILSVRC2012_val_00040695.JPEG reached epsilon at step 55, loss sum: 154.9048, final loss: 0.00094366, weight distance: 0.0041
2025-09-23 08:01:40,986 - INFO - Example /home/projects/bagon/shared/imagenet512/val/n02403003/ILSVRC2012_val_00030497.JPEG reached epsilon at step 48, loss sum: 21.9277, final loss: 0.00091410, weight distance: 0.0032
2025-09-23 08:01:55,405 - INFO - Example /home/projects/bagon/shared/imagenet512/val/n02981792/ILSVRC2012_val_00001171.JPEG reached epsilon at step 53, loss sum: 15.2260, final loss: 0.00086069, weight distance: 0.0036
2025-09-23 08:02:10,425 - INFO - Example /home/projects/bagon/shared/imagenet512/val/n04479046/ILSVRC2012_val_00023579.JPEG reached epsilon at step 47, loss sum: 47.1236, final loss: 0.00092649, weight distance: 0.0035
2025-09-23 08:02:25,367 - INFO - Example /home/projects/bagon/shared/imagenet512/val/n03854065/ILSVRC2012_val_00019829.JPEG reached epsilon at step 52, loss sum: 35.9563, final loss: 0.00092983, weight distance: 0.0035
2025-09-23 08:02:39,226 - INFO - Example /home/projects/bagon/shared/imagenet512/val/n03126707/ILSVRC2012_val_00012665.JPEG reached epsilon at step 47, loss sum: 28.5087, final loss: 0.00086975, weight distance: 0.0034
2025-09-23 08:02:54,191 - INFO - Example /home/projects/bagon/shared/imagenet512/val/n02783161/ILSVRC2012_val_00042171.JPEG reached epsilon at step 64, loss sum: 60.1975, final loss: 0.00096083, weight distance: 0.0046
2025-09-23 08:03:08,289 - INFO - Example /home/projects/bagon/shared/imagenet512/val/n02536864/ILSVRC2012_val_00036127.JPEG reached epsilon at step 39, loss sum: 60.3142, final loss: 0.00081348, weight distance: 0.0026
2025-09-23 08:03:22,244 - INFO - Example /home/projects/bagon/shared/imagenet512/val/n07697537/ILSVRC2012_val_00026101.JPEG reached epsilon at step 39, loss sum: 55.8926, final loss: 0.00078344, weight distance: 0.0030
2025-09-23 08:03:37,588 - INFO - Example /home/projects/bagon/shared/imagenet512/val/n03461385/ILSVRC2012_val_00014728.JPEG reached epsilon at step 74, loss sum: 109.9452, final loss: 0.00095558, weight distance: 0.0053
2025-09-23 08:03:51,809 - INFO - Example /home/projects/bagon/shared/imagenet512/val/n02823750/ILSVRC2012_val_00010416.JPEG reached epsilon at step 44, loss sum: 27.3646, final loss: 0.00085926, weight distance: 0.0031
2025-09-23 08:04:05,790 - INFO - Example /home/projects/bagon/shared/imagenet512/val/n02480855/ILSVRC2012_val_00042046.JPEG reached epsilon at step 39, loss sum: 37.6245, final loss: 0.00095940, weight distance: 0.0027
2025-09-23 08:04:19,209 - INFO - Example /home/projects/bagon/shared/imagenet512/val/n01440764/ILSVRC2012_val_00037383.JPEG reached epsilon at step 40, loss sum: 24.8525, final loss: 0.00092220, weight distance: 0.0030
2025-09-23 08:04:32,938 - INFO - Example /home/projects/bagon/shared/imagenet512/val/n01616318/ILSVRC2012_val_00022088.JPEG reached epsilon at step 47, loss sum: 47.0360, final loss: 0.00086451, weight distance: 0.0032
2025-09-23 08:04:47,783 - INFO - Example /home/projects/bagon/shared/imagenet512/val/n04592741/ILSVRC2012_val_00046234.JPEG reached epsilon at step 55, loss sum: 38.9035, final loss: 0.00094986, weight distance: 0.0042
2025-09-23 08:05:02,251 - INFO - Example /home/projects/bagon/shared/imagenet512/val/n04596742/ILSVRC2012_val_00023292.JPEG reached epsilon at step 47, loss sum: 66.7010, final loss: 0.00086641, weight distance: 0.0033
2025-09-23 08:05:16,584 - INFO - Example /home/projects/bagon/shared/imagenet512/val/n07590611/ILSVRC2012_val_00016617.JPEG reached epsilon at step 50, loss sum: 20.6632, final loss: 0.00096798, weight distance: 0.0038
2025-09-23 08:05:30,426 - INFO - Example /home/projects/bagon/shared/imagenet512/val/n03028079/ILSVRC2012_val_00016949.JPEG reached epsilon at step 37, loss sum: 8.2607, final loss: 0.00093126, weight distance: 0.0028
2025-09-23 08:05:44,949 - INFO - Example /home/projects/bagon/shared/imagenet512/val/n03179701/ILSVRC2012_val_00026204.JPEG reached epsilon at step 46, loss sum: 26.5994, final loss: 0.00096750, weight distance: 0.0034
2025-09-23 08:05:58,544 - INFO - Example /home/projects/bagon/shared/imagenet512/val/n02093859/ILSVRC2012_val_00003159.JPEG reached epsilon at step 43, loss sum: 29.0123, final loss: 0.00096083, weight distance: 0.0031
2025-09-23 08:06:13,278 - INFO - Example /home/projects/bagon/shared/imagenet512/val/n04026417/ILSVRC2012_val_00013342.JPEG reached epsilon at step 45, loss sum: 27.6987, final loss: 0.00093794, weight distance: 0.0032
2025-09-23 08:06:27,251 - INFO - Example /home/projects/bagon/shared/imagenet512/val/n02415577/ILSVRC2012_val_00038652.JPEG reached epsilon at step 51, loss sum: 17.4077, final loss: 0.00098419, weight distance: 0.0037
2025-09-23 08:06:41,532 - INFO - Example /home/projects/bagon/shared/imagenet512/val/n04141076/ILSVRC2012_val_00032761.JPEG reached epsilon at step 59, loss sum: 67.7877, final loss: 0.00091267, weight distance: 0.0044
2025-09-23 08:06:55,382 - INFO - Example /home/projects/bagon/shared/imagenet512/val/n03796401/ILSVRC2012_val_00025674.JPEG reached epsilon at step 50, loss sum: 88.2185, final loss: 0.00098991, weight distance: 0.0038
2025-09-23 08:07:09,709 - INFO - Example /home/projects/bagon/shared/imagenet512/val/n02111500/ILSVRC2012_val_00038112.JPEG reached epsilon at step 44, loss sum: 23.6428, final loss: 0.00093746, weight distance: 0.0031
2025-09-23 08:07:23,706 - INFO - Example /home/projects/bagon/shared/imagenet512/val/n04536866/ILSVRC2012_val_00016531.JPEG reached epsilon at step 53, loss sum: 102.0208, final loss: 0.00086880, weight distance: 0.0037
2025-09-23 08:07:37,433 - INFO - Example /home/projects/bagon/shared/imagenet512/val/n02108915/ILSVRC2012_val_00036932.JPEG reached epsilon at step 44, loss sum: 18.2678, final loss: 0.00091982, weight distance: 0.0032
2025-09-23 08:07:50,229 - INFO - Example /home/projects/bagon/shared/imagenet512/val/n04372370/ILSVRC2012_val_00030216.JPEG reached epsilon at step 26, loss sum: 18.6089, final loss: 0.00070429, weight distance: 0.0016
2025-09-23 08:08:04,310 - INFO - Example /home/projects/bagon/shared/imagenet512/val/n03908618/ILSVRC2012_val_00040316.JPEG reached epsilon at step 45, loss sum: 72.6772, final loss: 0.00095558, weight distance: 0.0030
2025-09-23 08:08:20,442 - INFO - Example /home/projects/bagon/shared/imagenet512/val/n02097474/ILSVRC2012_val_00025055.JPEG reached epsilon at step 87, loss sum: 83.3439, final loss: 0.00097322, weight distance: 0.0064
2025-09-23 08:08:33,373 - INFO - Example /home/projects/bagon/shared/imagenet512/val/n04277352/ILSVRC2012_val_00021578.JPEG reached epsilon at step 30, loss sum: 20.9103, final loss: 0.00084782, weight distance: 0.0019
2025-09-23 08:08:48,119 - INFO - Example /home/projects/bagon/shared/imagenet512/val/n02236044/ILSVRC2012_val_00021366.JPEG reached epsilon at step 59, loss sum: 177.9379, final loss: 0.00083113, weight distance: 0.0042
2025-09-23 08:09:03,352 - INFO - Example /home/projects/bagon/shared/imagenet512/val/n02091244/ILSVRC2012_val_00000228.JPEG reached epsilon at step 58, loss sum: 127.2353, final loss: 0.00085545, weight distance: 0.0044
2025-09-23 08:09:17,413 - INFO - Example /home/projects/bagon/shared/imagenet512/val/n03160309/ILSVRC2012_val_00006222.JPEG reached epsilon at step 35, loss sum: 82.6568, final loss: 0.00098896, weight distance: 0.0022
2025-09-23 08:09:31,364 - INFO - Example /home/projects/bagon/shared/imagenet512/val/n04179913/ILSVRC2012_val_00012366.JPEG reached epsilon at step 39, loss sum: 40.4883, final loss: 0.00081491, weight distance: 0.0029
2025-09-23 08:09:45,018 - INFO - Example /home/projects/bagon/shared/imagenet512/val/n04517823/ILSVRC2012_val_00020879.JPEG reached epsilon at step 43, loss sum: 57.6145, final loss: 0.00075340, weight distance: 0.0031
2025-09-23 08:09:59,069 - INFO - Example /home/projects/bagon/shared/imagenet512/val/n02027492/ILSVRC2012_val_00034910.JPEG reached epsilon at step 55, loss sum: 100.6193, final loss: 0.00099468, weight distance: 0.0041
2025-09-23 08:10:14,342 - INFO - Example /home/projects/bagon/shared/imagenet512/val/n03803284/ILSVRC2012_val_00034296.JPEG reached epsilon at step 59, loss sum: 102.1248, final loss: 0.00091505, weight distance: 0.0045
2025-09-23 08:10:27,690 - INFO - Example /home/projects/bagon/shared/imagenet512/val/n03877472/ILSVRC2012_val_00016590.JPEG reached epsilon at step 38, loss sum: 19.6531, final loss: 0.00090361, weight distance: 0.0027
2025-09-23 08:10:41,324 - INFO - Example /home/projects/bagon/shared/imagenet512/val/n04548362/ILSVRC2012_val_00011938.JPEG reached epsilon at step 45, loss sum: 45.5779, final loss: 0.00087070, weight distance: 0.0032
2025-09-23 08:10:55,012 - INFO - Example /home/projects/bagon/shared/imagenet512/val/n04201297/ILSVRC2012_val_00046889.JPEG reached epsilon at step 44, loss sum: 20.7159, final loss: 0.00097275, weight distance: 0.0033
2025-09-23 08:11:09,157 - INFO - Example /home/projects/bagon/shared/imagenet512/val/n02100877/ILSVRC2012_val_00015518.JPEG reached epsilon at step 42, loss sum: 52.4325, final loss: 0.00098610, weight distance: 0.0030
2025-09-23 08:11:23,542 - INFO - Example /home/projects/bagon/shared/imagenet512/val/n01641577/ILSVRC2012_val_00043951.JPEG reached epsilon at step 59, loss sum: 76.5088, final loss: 0.00091457, weight distance: 0.0041
2025-09-23 08:11:37,439 - INFO - Example /home/projects/bagon/shared/imagenet512/val/n02119789/ILSVRC2012_val_00033890.JPEG reached epsilon at step 48, loss sum: 28.6120, final loss: 0.00095320, weight distance: 0.0034
2025-09-23 08:11:50,823 - INFO - Example /home/projects/bagon/shared/imagenet512/val/n01924916/ILSVRC2012_val_00008050.JPEG reached epsilon at step 40, loss sum: 45.2903, final loss: 0.00074434, weight distance: 0.0029
2025-09-23 08:12:06,304 - INFO - Example /home/projects/bagon/shared/imagenet512/val/n03710721/ILSVRC2012_val_00009951.JPEG reached epsilon at step 74, loss sum: 39.6027, final loss: 0.00092268, weight distance: 0.0051
2025-09-23 08:12:20,126 - INFO - Example /home/projects/bagon/shared/imagenet512/val/n03630383/ILSVRC2012_val_00011301.JPEG reached epsilon at step 40, loss sum: 24.4073, final loss: 0.00097752, weight distance: 0.0030
2025-09-23 08:12:34,094 - INFO - Example /home/projects/bagon/shared/imagenet512/val/n01986214/ILSVRC2012_val_00028653.JPEG reached epsilon at step 46, loss sum: 106.8788, final loss: 0.00092125, weight distance: 0.0033
2025-09-23 08:12:48,550 - INFO - Example /home/projects/bagon/shared/imagenet512/val/n03995372/ILSVRC2012_val_00048056.JPEG reached epsilon at step 47, loss sum: 39.3426, final loss: 0.00085354, weight distance: 0.0035
2025-09-23 08:13:02,483 - INFO - Example /home/projects/bagon/shared/imagenet512/val/n09229709/ILSVRC2012_val_00020185.JPEG reached epsilon at step 32, loss sum: 37.6418, final loss: 0.00070715, weight distance: 0.0021
2025-09-23 08:13:16,919 - INFO - Example /home/projects/bagon/shared/imagenet512/val/n04579432/ILSVRC2012_val_00044482.JPEG reached epsilon at step 42, loss sum: 96.7027, final loss: 0.00078535, weight distance: 0.0027
2025-09-23 08:13:31,123 - INFO - Example /home/projects/bagon/shared/imagenet512/val/n04328186/ILSVRC2012_val_00037805.JPEG reached epsilon at step 48, loss sum: 12.1568, final loss: 0.00087214, weight distance: 0.0038
2025-09-23 08:13:45,709 - INFO - Example /home/projects/bagon/shared/imagenet512/val/n03770439/ILSVRC2012_val_00039491.JPEG reached epsilon at step 39, loss sum: 11.1504, final loss: 0.00092459, weight distance: 0.0027
2025-09-23 08:13:59,269 - INFO - Example /home/projects/bagon/shared/imagenet512/val/n03998194/ILSVRC2012_val_00031445.JPEG reached epsilon at step 36, loss sum: 62.9300, final loss: 0.00082684, weight distance: 0.0025
2025-09-23 08:14:14,076 - INFO - Example /home/projects/bagon/shared/imagenet512/val/n03627232/ILSVRC2012_val_00033273.JPEG reached epsilon at step 39, loss sum: 64.9966, final loss: 0.00078011, weight distance: 0.0028
2025-09-23 08:14:29,020 - INFO - Example /home/projects/bagon/shared/imagenet512/val/n04557648/ILSVRC2012_val_00015556.JPEG reached epsilon at step 58, loss sum: 60.9664, final loss: 0.00090504, weight distance: 0.0044
2025-09-23 08:14:43,275 - INFO - Example /home/projects/bagon/shared/imagenet512/val/n02325366/ILSVRC2012_val_00033989.JPEG reached epsilon at step 40, loss sum: 53.2815, final loss: 0.00086927, weight distance: 0.0028
2025-09-23 08:14:58,426 - INFO - Example /home/projects/bagon/shared/imagenet512/val/n03773504/ILSVRC2012_val_00026052.JPEG reached epsilon at step 61, loss sum: 23.2196, final loss: 0.00094509, weight distance: 0.0045
2025-09-23 08:15:13,279 - INFO - Example /home/projects/bagon/shared/imagenet512/val/n04597913/ILSVRC2012_val_00036316.JPEG reached epsilon at step 40, loss sum: 55.5195, final loss: 0.00081682, weight distance: 0.0027
2025-09-23 08:15:26,579 - INFO - Example /home/projects/bagon/shared/imagenet512/val/n04201297/ILSVRC2012_val_00032787.JPEG reached epsilon at step 36, loss sum: 11.4028, final loss: 0.00085545, weight distance: 0.0025
2025-09-23 08:15:39,406 - INFO - Example /home/projects/bagon/shared/imagenet512/val/n01943899/ILSVRC2012_val_00010096.JPEG reached epsilon at step 23, loss sum: 2.0864, final loss: 0.00074005, weight distance: 0.0015
2025-09-23 08:15:53,240 - INFO - Example /home/projects/bagon/shared/imagenet512/val/n04296562/ILSVRC2012_val_00020163.JPEG reached epsilon at step 39, loss sum: 72.2926, final loss: 0.00087595, weight distance: 0.0024
2025-09-23 08:16:08,028 - INFO - Example /home/projects/bagon/shared/imagenet512/val/n03355925/ILSVRC2012_val_00017432.JPEG reached epsilon at step 49, loss sum: 36.3048, final loss: 0.00097084, weight distance: 0.0035
2025-09-23 08:16:21,830 - INFO - Example /home/projects/bagon/shared/imagenet512/val/n03961711/ILSVRC2012_val_00034169.JPEG reached epsilon at step 31, loss sum: 31.7737, final loss: 0.00093317, weight distance: 0.0020
2025-09-23 08:16:36,644 - INFO - Example /home/projects/bagon/shared/imagenet512/val/n02105641/ILSVRC2012_val_00041053.JPEG reached epsilon at step 56, loss sum: 81.9775, final loss: 0.00086546, weight distance: 0.0041
2025-09-23 08:16:50,238 - INFO - Example /home/projects/bagon/shared/imagenet512/val/n01755581/ILSVRC2012_val_00038123.JPEG reached epsilon at step 43, loss sum: 20.1549, final loss: 0.00089741, weight distance: 0.0032
2025-09-23 08:17:04,372 - INFO - Example /home/projects/bagon/shared/imagenet512/val/n02113712/ILSVRC2012_val_00029375.JPEG reached epsilon at step 55, loss sum: 33.0104, final loss: 0.00087452, weight distance: 0.0040
2025-09-23 08:17:18,291 - INFO - Example /home/projects/bagon/shared/imagenet512/val/n01664065/ILSVRC2012_val_00043692.JPEG reached epsilon at step 38, loss sum: 38.3346, final loss: 0.00077343, weight distance: 0.0025
2025-09-23 08:17:32,300 - INFO - Example /home/projects/bagon/shared/imagenet512/val/n02494079/ILSVRC2012_val_00033928.JPEG reached epsilon at step 47, loss sum: 32.5858, final loss: 0.00092077, weight distance: 0.0035
2025-09-23 08:17:46,078 - INFO - Example /home/projects/bagon/shared/imagenet512/val/n03146219/ILSVRC2012_val_00049883.JPEG reached epsilon at step 45, loss sum: 29.0597, final loss: 0.00087547, weight distance: 0.0032
2025-09-23 08:17:59,911 - INFO - Example /home/projects/bagon/shared/imagenet512/val/n03916031/ILSVRC2012_val_00035878.JPEG reached epsilon at step 50, loss sum: 71.9061, final loss: 0.00088835, weight distance: 0.0036
2025-09-23 08:18:15,016 - INFO - Example /home/projects/bagon/shared/imagenet512/val/n02100877/ILSVRC2012_val_00030663.JPEG reached epsilon at step 46, loss sum: 40.3400, final loss: 0.00095701, weight distance: 0.0035
2025-09-23 08:18:28,838 - INFO - Example /home/projects/bagon/shared/imagenet512/val/n04550184/ILSVRC2012_val_00008431.JPEG reached epsilon at step 37, loss sum: 12.8704, final loss: 0.00091982, weight distance: 0.0027
2025-09-23 08:18:43,552 - INFO - Example /home/projects/bagon/shared/imagenet512/val/n03425413/ILSVRC2012_val_00048059.JPEG reached epsilon at step 48, loss sum: 130.1062, final loss: 0.00082827, weight distance: 0.0035
2025-09-23 08:18:56,655 - INFO - Example /home/projects/bagon/shared/imagenet512/val/n01675722/ILSVRC2012_val_00011294.JPEG reached epsilon at step 34, loss sum: 45.2461, final loss: 0.00092697, weight distance: 0.0023
2025-09-23 08:19:11,502 - INFO - Example /home/projects/bagon/shared/imagenet512/val/n02113978/ILSVRC2012_val_00031864.JPEG reached epsilon at step 55, loss sum: 87.1990, final loss: 0.00098610, weight distance: 0.0042
2025-09-23 08:19:25,179 - INFO - Example /home/projects/bagon/shared/imagenet512/val/n02865351/ILSVRC2012_val_00012887.JPEG reached epsilon at step 43, loss sum: 42.5614, final loss: 0.00090742, weight distance: 0.0028
2025-09-23 08:19:38,638 - INFO - Example /home/projects/bagon/shared/imagenet512/val/n03983396/ILSVRC2012_val_00019540.JPEG reached epsilon at step 43, loss sum: 20.1701, final loss: 0.00096464, weight distance: 0.0029
2025-09-23 08:19:51,721 - INFO - Example /home/projects/bagon/shared/imagenet512/val/n01924916/ILSVRC2012_val_00049105.JPEG reached epsilon at step 34, loss sum: 20.9600, final loss: 0.00083208, weight distance: 0.0024
2025-09-23 08:20:07,090 - INFO - Example /home/projects/bagon/shared/imagenet512/val/n04417672/ILSVRC2012_val_00013350.JPEG reached epsilon at step 41, loss sum: 84.4884, final loss: 0.00099087, weight distance: 0.0028
2025-09-23 08:20:20,548 - INFO - Example /home/projects/bagon/shared/imagenet512/val/n03764736/ILSVRC2012_val_00014868.JPEG reached epsilon at step 41, loss sum: 37.1667, final loss: 0.00079155, weight distance: 0.0029
2025-09-23 08:20:34,410 - INFO - Example /home/projects/bagon/shared/imagenet512/val/n03633091/ILSVRC2012_val_00029771.JPEG reached epsilon at step 50, loss sum: 122.8727, final loss: 0.00095844, weight distance: 0.0035
2025-09-23 08:20:47,264 - INFO - Example /home/projects/bagon/shared/imagenet512/val/n04346328/ILSVRC2012_val_00041599.JPEG reached epsilon at step 34, loss sum: 10.7307, final loss: 0.00079107, weight distance: 0.0025
2025-09-23 08:21:01,587 - INFO - Example /home/projects/bagon/shared/imagenet512/val/n04141975/ILSVRC2012_val_00015707.JPEG reached epsilon at step 61, loss sum: 90.8817, final loss: 0.00091219, weight distance: 0.0045
2025-09-23 08:21:15,952 - INFO - Example /home/projects/bagon/shared/imagenet512/val/n04229816/ILSVRC2012_val_00043826.JPEG reached epsilon at step 44, loss sum: 101.9470, final loss: 0.00085211, weight distance: 0.0029
2025-09-23 08:21:29,279 - INFO - Example /home/projects/bagon/shared/imagenet512/val/n03216828/ILSVRC2012_val_00001729.JPEG reached epsilon at step 41, loss sum: 47.7678, final loss: 0.00095844, weight distance: 0.0027
2025-09-23 08:21:43,883 - INFO - Example /home/projects/bagon/shared/imagenet512/val/n02097658/ILSVRC2012_val_00044231.JPEG reached epsilon at step 57, loss sum: 15.8789, final loss: 0.00090742, weight distance: 0.0040
2025-09-23 08:21:57,314 - INFO - Example /home/projects/bagon/shared/imagenet512/val/n01739381/ILSVRC2012_val_00043354.JPEG reached epsilon at step 40, loss sum: 35.2827, final loss: 0.00088930, weight distance: 0.0030
2025-09-23 08:22:11,042 - INFO - Example /home/projects/bagon/shared/imagenet512/val/n03761084/ILSVRC2012_val_00042691.JPEG reached epsilon at step 32, loss sum: 52.3882, final loss: 0.00077438, weight distance: 0.0020
2025-09-23 08:22:25,332 - INFO - Example /home/projects/bagon/shared/imagenet512/val/n03887697/ILSVRC2012_val_00036637.JPEG reached epsilon at step 54, loss sum: 91.1589, final loss: 0.00099945, weight distance: 0.0035
2025-09-23 08:22:38,875 - INFO - Example /home/projects/bagon/shared/imagenet512/val/n07742313/ILSVRC2012_val_00024129.JPEG reached epsilon at step 38, loss sum: 19.1450, final loss: 0.00083494, weight distance: 0.0026
2025-09-23 08:22:52,301 - INFO - Example /home/projects/bagon/shared/imagenet512/val/n09246464/ILSVRC2012_val_00013764.JPEG reached epsilon at step 37, loss sum: 15.1129, final loss: 0.00084972, weight distance: 0.0025
2025-09-23 08:23:06,434 - INFO - Example /home/projects/bagon/shared/imagenet512/val/n02112350/ILSVRC2012_val_00005795.JPEG reached epsilon at step 39, loss sum: 43.6239, final loss: 0.00080585, weight distance: 0.0029
2025-09-23 08:23:19,981 - INFO - Example /home/projects/bagon/shared/imagenet512/val/n02099601/ILSVRC2012_val_00020224.JPEG reached epsilon at step 43, loss sum: 37.6381, final loss: 0.00092506, weight distance: 0.0031
2025-09-23 08:23:33,888 - INFO - Example /home/projects/bagon/shared/imagenet512/val/n04509417/ILSVRC2012_val_00023683.JPEG reached epsilon at step 49, loss sum: 104.6810, final loss: 0.00097370, weight distance: 0.0037
2025-09-23 08:23:47,833 - INFO - Example /home/projects/bagon/shared/imagenet512/val/n07565083/ILSVRC2012_val_00006329.JPEG reached epsilon at step 44, loss sum: 102.4843, final loss: 0.00095463, weight distance: 0.0030
2025-09-23 08:24:02,223 - INFO - Example /home/projects/bagon/shared/imagenet512/val/n03532672/ILSVRC2012_val_00000636.JPEG reached epsilon at step 48, loss sum: 53.4317, final loss: 0.00093222, weight distance: 0.0034
2025-09-23 08:24:16,127 - INFO - Example /home/projects/bagon/shared/imagenet512/val/n03529860/ILSVRC2012_val_00047086.JPEG reached epsilon at step 41, loss sum: 8.0912, final loss: 0.00099754, weight distance: 0.0031
2025-09-23 08:24:29,478 - INFO - Example /home/projects/bagon/shared/imagenet512/val/n02641379/ILSVRC2012_val_00033453.JPEG reached epsilon at step 46, loss sum: 21.3103, final loss: 0.00088453, weight distance: 0.0027
2025-09-23 08:24:43,565 - INFO - Example /home/projects/bagon/shared/imagenet512/val/n02786058/ILSVRC2012_val_00049896.JPEG reached epsilon at step 53, loss sum: 48.4620, final loss: 0.00092363, weight distance: 0.0040
2025-09-23 08:24:56,920 - INFO - Example /home/projects/bagon/shared/imagenet512/val/n04228054/ILSVRC2012_val_00040782.JPEG reached epsilon at step 40, loss sum: 39.1614, final loss: 0.00098228, weight distance: 0.0027
2025-09-23 08:25:11,028 - INFO - Example /home/projects/bagon/shared/imagenet512/val/n02109047/ILSVRC2012_val_00004710.JPEG reached epsilon at step 41, loss sum: 42.1750, final loss: 0.00085926, weight distance: 0.0029
2025-09-23 08:25:24,101 - INFO - Example /home/projects/bagon/shared/imagenet512/val/n03018349/ILSVRC2012_val_00026074.JPEG reached epsilon at step 33, loss sum: 19.7599, final loss: 0.00087261, weight distance: 0.0023
2025-09-23 08:25:37,746 - INFO - Example /home/projects/bagon/shared/imagenet512/val/n02100583/ILSVRC2012_val_00013430.JPEG reached epsilon at step 47, loss sum: 38.2521, final loss: 0.00087452, weight distance: 0.0037
2025-09-23 08:25:52,321 - INFO - Example /home/projects/bagon/shared/imagenet512/val/n04270147/ILSVRC2012_val_00025816.JPEG reached epsilon at step 70, loss sum: 64.7917, final loss: 0.00096512, weight distance: 0.0049
2025-09-23 08:26:06,130 - INFO - Example /home/projects/bagon/shared/imagenet512/val/n01491361/ILSVRC2012_val_00046159.JPEG reached epsilon at step 35, loss sum: 34.4000, final loss: 0.00083780, weight distance: 0.0022
2025-09-23 08:26:20,611 - INFO - Example /home/projects/bagon/shared/imagenet512/val/n04371430/ILSVRC2012_val_00041968.JPEG reached epsilon at step 64, loss sum: 60.9133, final loss: 0.00094700, weight distance: 0.0048
2025-09-23 08:26:34,875 - INFO - Example /home/projects/bagon/shared/imagenet512/val/n03794056/ILSVRC2012_val_00040835.JPEG reached epsilon at step 56, loss sum: 167.9233, final loss: 0.00076628, weight distance: 0.0039
2025-09-23 08:26:47,928 - INFO - Example /home/projects/bagon/shared/imagenet512/val/n03803284/ILSVRC2012_val_00002446.JPEG reached epsilon at step 35, loss sum: 67.5030, final loss: 0.00079775, weight distance: 0.0024
2025-09-23 08:27:01,304 - INFO - Example /home/projects/bagon/shared/imagenet512/val/n02002724/ILSVRC2012_val_00021872.JPEG reached epsilon at step 39, loss sum: 34.1208, final loss: 0.00087500, weight distance: 0.0029
2025-09-23 08:27:15,094 - INFO - Example /home/projects/bagon/shared/imagenet512/val/n03047690/ILSVRC2012_val_00039640.JPEG reached epsilon at step 33, loss sum: 90.0126, final loss: 0.00071383, weight distance: 0.0022
2025-09-23 08:27:28,810 - INFO - Example /home/projects/bagon/shared/imagenet512/val/n02791270/ILSVRC2012_val_00018164.JPEG reached epsilon at step 48, loss sum: 68.7875, final loss: 0.00095749, weight distance: 0.0033
2025-09-23 08:27:42,036 - INFO - Example /home/projects/bagon/shared/imagenet512/val/n04532670/ILSVRC2012_val_00044530.JPEG reached epsilon at step 34, loss sum: 38.6088, final loss: 0.00088406, weight distance: 0.0023
2025-09-23 08:27:55,722 - INFO - Example /home/projects/bagon/shared/imagenet512/val/n04370456/ILSVRC2012_val_00043017.JPEG reached epsilon at step 47, loss sum: 53.3895, final loss: 0.00087500, weight distance: 0.0035
2025-09-23 08:28:09,802 - INFO - Example /home/projects/bagon/shared/imagenet512/val/n02112706/ILSVRC2012_val_00007726.JPEG reached epsilon at step 46, loss sum: 74.4046, final loss: 0.00095034, weight distance: 0.0033
2025-09-23 08:28:23,792 - INFO - Example /home/projects/bagon/shared/imagenet512/val/n03450230/ILSVRC2012_val_00002892.JPEG reached epsilon at step 51, loss sum: 45.1420, final loss: 0.00095701, weight distance: 0.0038
2025-09-23 08:28:36,456 - INFO - Example /home/projects/bagon/shared/imagenet512/val/n04120489/ILSVRC2012_val_00028442.JPEG reached epsilon at step 20, loss sum: 2.0832, final loss: 0.00085545, weight distance: 0.0013
2025-09-23 08:28:50,785 - INFO - Example /home/projects/bagon/shared/imagenet512/val/n02091635/ILSVRC2012_val_00006093.JPEG reached epsilon at step 49, loss sum: 57.5752, final loss: 0.00086689, weight distance: 0.0037
2025-09-23 08:29:05,318 - INFO - Example /home/projects/bagon/shared/imagenet512/val/n02097209/ILSVRC2012_val_00040720.JPEG reached epsilon at step 48, loss sum: 37.9201, final loss: 0.00099373, weight distance: 0.0034
2025-09-23 08:29:19,099 - INFO - Example /home/projects/bagon/shared/imagenet512/val/n04201297/ILSVRC2012_val_00035412.JPEG reached epsilon at step 45, loss sum: 14.1489, final loss: 0.00097656, weight distance: 0.0033
2025-09-23 08:29:31,377 - INFO - Example /home/projects/bagon/shared/imagenet512/val/n02100583/ILSVRC2012_val_00040257.JPEG reached epsilon at step 23, loss sum: 1.1164, final loss: 0.00096178, weight distance: 0.0015
2025-09-23 08:29:44,899 - INFO - Example /home/projects/bagon/shared/imagenet512/val/n03450230/ILSVRC2012_val_00017813.JPEG reached epsilon at step 43, loss sum: 21.2536, final loss: 0.00086975, weight distance: 0.0032
2025-09-23 08:29:58,430 - INFO - Example /home/projects/bagon/shared/imagenet512/val/n02115641/ILSVRC2012_val_00007858.JPEG reached epsilon at step 43, loss sum: 22.9382, final loss: 0.00092411, weight distance: 0.0032
2025-09-23 08:30:12,582 - INFO - Example /home/projects/bagon/shared/imagenet512/val/n01871265/ILSVRC2012_val_00027274.JPEG reached epsilon at step 43, loss sum: 10.4711, final loss: 0.00092602, weight distance: 0.0033
2025-09-23 08:30:26,057 - INFO - Example /home/projects/bagon/shared/imagenet512/val/n07920052/ILSVRC2012_val_00032165.JPEG reached epsilon at step 36, loss sum: 7.1312, final loss: 0.00092316, weight distance: 0.0025
2025-09-23 08:30:39,721 - INFO - Example /home/projects/bagon/shared/imagenet512/val/n03786901/ILSVRC2012_val_00011653.JPEG reached epsilon at step 41, loss sum: 34.0807, final loss: 0.00081825, weight distance: 0.0030
2025-09-23 08:30:52,634 - INFO - Example /home/projects/bagon/shared/imagenet512/val/n04371774/ILSVRC2012_val_00047466.JPEG reached epsilon at step 32, loss sum: 28.1803, final loss: 0.00077343, weight distance: 0.0022
2025-09-23 08:31:07,461 - INFO - Example /home/projects/bagon/shared/imagenet512/val/n02066245/ILSVRC2012_val_00018438.JPEG reached epsilon at step 50, loss sum: 76.0080, final loss: 0.00099945, weight distance: 0.0036
2025-09-23 08:31:21,746 - INFO - Example /home/projects/bagon/shared/imagenet512/val/n02276258/ILSVRC2012_val_00005000.JPEG reached epsilon at step 49, loss sum: 113.6393, final loss: 0.00090122, weight distance: 0.0034
2025-09-23 08:31:35,094 - INFO - Example /home/projects/bagon/shared/imagenet512/val/n03920288/ILSVRC2012_val_00002389.JPEG reached epsilon at step 35, loss sum: 39.5270, final loss: 0.00098801, weight distance: 0.0022
2025-09-23 08:31:48,215 - INFO - Example /home/projects/bagon/shared/imagenet512/val/n01744401/ILSVRC2012_val_00044580.JPEG reached epsilon at step 32, loss sum: 17.0384, final loss: 0.00088358, weight distance: 0.0021
2025-09-23 08:32:01,741 - INFO - Example /home/projects/bagon/shared/imagenet512/val/n04485082/ILSVRC2012_val_00003849.JPEG reached epsilon at step 45, loss sum: 57.8754, final loss: 0.00084066, weight distance: 0.0033
2025-09-23 08:32:15,556 - INFO - Example /home/projects/bagon/shared/imagenet512/val/n01749939/ILSVRC2012_val_00014769.JPEG reached epsilon at step 38, loss sum: 29.6318, final loss: 0.00098896, weight distance: 0.0027
2025-09-23 08:32:29,238 - INFO - Example /home/projects/bagon/shared/imagenet512/val/n07615774/ILSVRC2012_val_00040761.JPEG reached epsilon at step 45, loss sum: 62.4802, final loss: 0.00080490, weight distance: 0.0033
2025-09-23 08:32:42,694 - INFO - Example /home/projects/bagon/shared/imagenet512/val/n02168699/ILSVRC2012_val_00007520.JPEG reached epsilon at step 40, loss sum: 24.1555, final loss: 0.00093842, weight distance: 0.0029
2025-09-23 08:32:55,918 - INFO - Example /home/projects/bagon/shared/imagenet512/val/n03874599/ILSVRC2012_val_00027371.JPEG reached epsilon at step 37, loss sum: 27.1315, final loss: 0.00096178, weight distance: 0.0026
2025-09-23 08:33:08,322 - INFO - Example /home/projects/bagon/shared/imagenet512/val/n03100240/ILSVRC2012_val_00038876.JPEG reached epsilon at step 32, loss sum: 11.7415, final loss: 0.00090313, weight distance: 0.0023
2025-09-23 08:33:21,328 - INFO - Example /home/projects/bagon/shared/imagenet512/val/n03649909/ILSVRC2012_val_00001433.JPEG reached epsilon at step 31, loss sum: 1.7610, final loss: 0.00091124, weight distance: 0.0024
2025-09-23 08:33:35,290 - INFO - Example /home/projects/bagon/shared/imagenet512/val/n03425413/ILSVRC2012_val_00031412.JPEG reached epsilon at step 36, loss sum: 22.1955, final loss: 0.00091505, weight distance: 0.0024
2025-09-23 08:33:49,932 - INFO - Example /home/projects/bagon/shared/imagenet512/val/n03982430/ILSVRC2012_val_00023993.JPEG reached epsilon at step 60, loss sum: 116.4904, final loss: 0.00083590, weight distance: 0.0045
2025-09-23 08:34:02,958 - INFO - Example /home/projects/bagon/shared/imagenet512/val/n02802426/ILSVRC2012_val_00010546.JPEG reached epsilon at step 33, loss sum: 16.3690, final loss: 0.00092173, weight distance: 0.0022
2025-09-23 08:34:16,806 - INFO - Example /home/projects/bagon/shared/imagenet512/val/n02837789/ILSVRC2012_val_00045787.JPEG reached epsilon at step 45, loss sum: 40.2105, final loss: 0.00089836, weight distance: 0.0031
2025-09-23 08:34:30,115 - INFO - Example /home/projects/bagon/shared/imagenet512/val/n09428293/ILSVRC2012_val_00001304.JPEG reached epsilon at step 48, loss sum: 30.5417, final loss: 0.00096464, weight distance: 0.0034
2025-09-23 08:34:43,787 - INFO - Example /home/projects/bagon/shared/imagenet512/val/n03602883/ILSVRC2012_val_00010992.JPEG reached epsilon at step 42, loss sum: 78.5618, final loss: 0.00095463, weight distance: 0.0031
2025-09-23 08:34:57,108 - INFO - Example /home/projects/bagon/shared/imagenet512/val/n13133613/ILSVRC2012_val_00047190.JPEG reached epsilon at step 37, loss sum: 42.9815, final loss: 0.00082254, weight distance: 0.0024
2025-09-23 08:35:11,430 - INFO - Example /home/projects/bagon/shared/imagenet512/val/n03794056/ILSVRC2012_val_00028156.JPEG reached epsilon at step 42, loss sum: 114.4763, final loss: 0.00091314, weight distance: 0.0030
2025-09-23 08:35:25,450 - INFO - Example /home/projects/bagon/shared/imagenet512/val/n03075370/ILSVRC2012_val_00015852.JPEG reached epsilon at step 43, loss sum: 85.0063, final loss: 0.00081873, weight distance: 0.0029
2025-09-23 08:35:38,987 - INFO - Example /home/projects/bagon/shared/imagenet512/val/n02641379/ILSVRC2012_val_00017079.JPEG reached epsilon at step 47, loss sum: 16.3455, final loss: 0.00090075, weight distance: 0.0025
2025-09-23 08:35:52,774 - INFO - Example /home/projects/bagon/shared/imagenet512/val/n03476991/ILSVRC2012_val_00022083.JPEG reached epsilon at step 42, loss sum: 66.7872, final loss: 0.00097513, weight distance: 0.0030
2025-09-23 08:36:07,464 - INFO - Example /home/projects/bagon/shared/imagenet512/val/n02112706/ILSVRC2012_val_00021483.JPEG reached epsilon at step 36, loss sum: 45.8617, final loss: 0.00095749, weight distance: 0.0025
2025-09-23 08:36:21,817 - INFO - Example /home/projects/bagon/shared/imagenet512/val/n02107908/ILSVRC2012_val_00011242.JPEG reached epsilon at step 51, loss sum: 24.9135, final loss: 0.00091648, weight distance: 0.0038
2025-09-23 08:36:35,567 - INFO - Example /home/projects/bagon/shared/imagenet512/val/n03887697/ILSVRC2012_val_00013453.JPEG reached epsilon at step 47, loss sum: 35.5713, final loss: 0.00087738, weight distance: 0.0032
2025-09-23 08:36:48,911 - INFO - Example /home/projects/bagon/shared/imagenet512/val/n07715103/ILSVRC2012_val_00037539.JPEG reached epsilon at step 34, loss sum: 8.6765, final loss: 0.00087595, weight distance: 0.0024
2025-09-23 08:37:02,639 - INFO - Example /home/projects/bagon/shared/imagenet512/val/n04552348/ILSVRC2012_val_00005116.JPEG reached epsilon at step 42, loss sum: 19.1663, final loss: 0.00099659, weight distance: 0.0030
2025-09-23 08:37:17,316 - INFO - Example /home/projects/bagon/shared/imagenet512/val/n02641379/ILSVRC2012_val_00043238.JPEG reached epsilon at step 46, loss sum: 63.4053, final loss: 0.00085163, weight distance: 0.0032
2025-09-23 08:37:31,661 - INFO - Example /home/projects/bagon/shared/imagenet512/val/n04435653/ILSVRC2012_val_00019471.JPEG reached epsilon at step 49, loss sum: 40.0702, final loss: 0.00086641, weight distance: 0.0035
2025-09-23 08:37:45,277 - INFO - Example /home/projects/bagon/shared/imagenet512/val/n04254777/ILSVRC2012_val_00014637.JPEG reached epsilon at step 41, loss sum: 27.4295, final loss: 0.00097942, weight distance: 0.0030
2025-09-23 08:37:58,739 - INFO - Example /home/projects/bagon/shared/imagenet512/val/n03933933/ILSVRC2012_val_00023136.JPEG reached epsilon at step 42, loss sum: 10.0440, final loss: 0.00090075, weight distance: 0.0027
2025-09-23 08:38:13,505 - INFO - Example /home/projects/bagon/shared/imagenet512/val/n01728920/ILSVRC2012_val_00015488.JPEG reached epsilon at step 47, loss sum: 14.7949, final loss: 0.00094080, weight distance: 0.0037
2025-09-23 08:38:26,929 - INFO - Example /home/projects/bagon/shared/imagenet512/val/n04239074/ILSVRC2012_val_00041234.JPEG reached epsilon at step 37, loss sum: 21.6070, final loss: 0.00093794, weight distance: 0.0025
2025-09-23 08:38:40,429 - INFO - Example /home/projects/bagon/shared/imagenet512/val/n02492660/ILSVRC2012_val_00008878.JPEG reached epsilon at step 39, loss sum: 29.5036, final loss: 0.00092363, weight distance: 0.0028
2025-09-23 08:38:54,336 - INFO - Example /home/projects/bagon/shared/imagenet512/val/n02783161/ILSVRC2012_val_00044470.JPEG reached epsilon at step 43, loss sum: 37.4507, final loss: 0.00083399, weight distance: 0.0031
2025-09-23 08:39:08,715 - INFO - Example /home/projects/bagon/shared/imagenet512/val/n02089973/ILSVRC2012_val_00042318.JPEG reached epsilon at step 58, loss sum: 24.3224, final loss: 0.00095415, weight distance: 0.0044
2025-09-23 08:39:22,368 - INFO - Example /home/projects/bagon/shared/imagenet512/val/n03903868/ILSVRC2012_val_00002193.JPEG reached epsilon at step 51, loss sum: 31.6367, final loss: 0.00099754, weight distance: 0.0038
2025-09-23 08:39:36,571 - INFO - Example /home/projects/bagon/shared/imagenet512/val/n02910353/ILSVRC2012_val_00045754.JPEG reached epsilon at step 44, loss sum: 47.2907, final loss: 0.00092983, weight distance: 0.0033
2025-09-23 08:39:49,993 - INFO - Example /home/projects/bagon/shared/imagenet512/val/n02100583/ILSVRC2012_val_00040467.JPEG reached epsilon at step 37, loss sum: 8.0825, final loss: 0.00088644, weight distance: 0.0026
2025-09-23 08:40:03,663 - INFO - Example /home/projects/bagon/shared/imagenet512/val/n03249569/ILSVRC2012_val_00010381.JPEG reached epsilon at step 44, loss sum: 44.6324, final loss: 0.00085688, weight distance: 0.0029
2025-09-23 08:40:17,395 - INFO - Example /home/projects/bagon/shared/imagenet512/val/n04332243/ILSVRC2012_val_00021161.JPEG reached epsilon at step 47, loss sum: 82.4983, final loss: 0.00083160, weight distance: 0.0031
2025-09-23 08:40:31,246 - INFO - Example /home/projects/bagon/shared/imagenet512/val/n02606052/ILSVRC2012_val_00049577.JPEG reached epsilon at step 51, loss sum: 40.8078, final loss: 0.00093365, weight distance: 0.0036
2025-09-23 08:40:44,432 - INFO - Example /home/projects/bagon/shared/imagenet512/val/n01980166/ILSVRC2012_val_00035361.JPEG reached epsilon at step 33, loss sum: 10.1804, final loss: 0.00092888, weight distance: 0.0023
2025-09-23 08:41:00,040 - INFO - Example /home/projects/bagon/shared/imagenet512/val/n01756291/ILSVRC2012_val_00032401.JPEG reached epsilon at step 85, loss sum: 25.1872, final loss: 0.00095558, weight distance: 0.0059
2025-09-23 08:41:12,972 - INFO - Example /home/projects/bagon/shared/imagenet512/val/n09472597/ILSVRC2012_val_00037497.JPEG reached epsilon at step 26, loss sum: 4.8954, final loss: 0.00074100, weight distance: 0.0017
2025-09-23 08:41:27,075 - INFO - Example /home/projects/bagon/shared/imagenet512/val/n07579787/ILSVRC2012_val_00020876.JPEG reached epsilon at step 47, loss sum: 29.4487, final loss: 0.00087357, weight distance: 0.0036
2025-09-23 08:41:41,045 - INFO - Example /home/projects/bagon/shared/imagenet512/val/n02815834/ILSVRC2012_val_00028516.JPEG reached epsilon at step 55, loss sum: 138.2176, final loss: 0.00091934, weight distance: 0.0039
2025-09-23 08:41:54,721 - INFO - Example /home/projects/bagon/shared/imagenet512/val/n01689811/ILSVRC2012_val_00037686.JPEG reached epsilon at step 50, loss sum: 66.1341, final loss: 0.00098133, weight distance: 0.0037
2025-09-23 08:42:09,222 - INFO - Example /home/projects/bagon/shared/imagenet512/val/n03908714/ILSVRC2012_val_00039820.JPEG reached epsilon at step 51, loss sum: 111.5165, final loss: 0.00091791, weight distance: 0.0039
2025-09-23 08:42:22,758 - INFO - Example /home/projects/bagon/shared/imagenet512/val/n03445777/ILSVRC2012_val_00012634.JPEG reached epsilon at step 39, loss sum: 91.3786, final loss: 0.00083065, weight distance: 0.0027
2025-09-23 08:42:36,911 - INFO - Example /home/projects/bagon/shared/imagenet512/val/n03666591/ILSVRC2012_val_00047097.JPEG reached epsilon at step 51, loss sum: 74.0943, final loss: 0.00092649, weight distance: 0.0039
2025-09-23 08:42:50,167 - INFO - Example /home/projects/bagon/shared/imagenet512/val/n02346627/ILSVRC2012_val_00036853.JPEG reached epsilon at step 37, loss sum: 15.3715, final loss: 0.00093126, weight distance: 0.0026
2025-09-23 08:43:03,511 - INFO - Example /home/projects/bagon/shared/imagenet512/val/n02105412/ILSVRC2012_val_00041115.JPEG reached epsilon at step 44, loss sum: 36.5088, final loss: 0.00087881, weight distance: 0.0034
2025-09-23 08:43:17,546 - INFO - Example /home/projects/bagon/shared/imagenet512/val/n01616318/ILSVRC2012_val_00047350.JPEG reached epsilon at step 53, loss sum: 19.6032, final loss: 0.00087166, weight distance: 0.0041
2025-09-23 08:43:30,844 - INFO - Example /home/projects/bagon/shared/imagenet512/val/n04149813/ILSVRC2012_val_00013984.JPEG reached epsilon at step 35, loss sum: 2.5140, final loss: 0.00095415, weight distance: 0.0026
2025-09-23 08:43:45,314 - INFO - Example /home/projects/bagon/shared/imagenet512/val/n03950228/ILSVRC2012_val_00045137.JPEG reached epsilon at step 46, loss sum: 11.0884, final loss: 0.00091982, weight distance: 0.0033
2025-09-23 08:43:58,956 - INFO - Example /home/projects/bagon/shared/imagenet512/val/n01981276/ILSVRC2012_val_00024010.JPEG reached epsilon at step 48, loss sum: 64.2253, final loss: 0.00094557, weight distance: 0.0036
2025-09-23 08:44:12,448 - INFO - Example /home/projects/bagon/shared/imagenet512/val/n04461696/ILSVRC2012_val_00013149.JPEG reached epsilon at step 40, loss sum: 44.4625, final loss: 0.00091791, weight distance: 0.0030
2025-09-23 08:44:26,439 - INFO - Example /home/projects/bagon/shared/imagenet512/val/n03584829/ILSVRC2012_val_00007158.JPEG reached epsilon at step 51, loss sum: 70.6028, final loss: 0.00088453, weight distance: 0.0036
2025-09-23 08:44:39,411 - INFO - Example /home/projects/bagon/shared/imagenet512/val/n04259630/ILSVRC2012_val_00037401.JPEG reached epsilon at step 27, loss sum: 17.6785, final loss: 0.00093317, weight distance: 0.0018
2025-09-23 08:44:53,552 - INFO - Example /home/projects/bagon/shared/imagenet512/val/n01675722/ILSVRC2012_val_00005708.JPEG reached epsilon at step 58, loss sum: 123.9053, final loss: 0.00086689, weight distance: 0.0037
2025-09-23 08:45:08,430 - INFO - Example /home/projects/bagon/shared/imagenet512/val/n03141823/ILSVRC2012_val_00037382.JPEG reached epsilon at step 45, loss sum: 61.4546, final loss: 0.00097942, weight distance: 0.0032
2025-09-23 08:45:22,155 - INFO - Example /home/projects/bagon/shared/imagenet512/val/n04532670/ILSVRC2012_val_00017492.JPEG reached epsilon at step 46, loss sum: 92.8202, final loss: 0.00088549, weight distance: 0.0031
2025-09-23 08:45:35,768 - INFO - Example /home/projects/bagon/shared/imagenet512/val/n02783161/ILSVRC2012_val_00034540.JPEG reached epsilon at step 43, loss sum: 26.9578, final loss: 0.00085306, weight distance: 0.0032
2025-09-23 08:45:49,295 - INFO - Example /home/projects/bagon/shared/imagenet512/val/n01871265/ILSVRC2012_val_00045361.JPEG reached epsilon at step 45, loss sum: 23.9735, final loss: 0.00086212, weight distance: 0.0034
2025-09-23 08:46:02,804 - INFO - Example /home/projects/bagon/shared/imagenet512/val/n02085620/ILSVRC2012_val_00020016.JPEG reached epsilon at step 46, loss sum: 57.4279, final loss: 0.00098133, weight distance: 0.0034
2025-09-23 08:46:16,955 - INFO - Example /home/projects/bagon/shared/imagenet512/val/n01687978/ILSVRC2012_val_00016637.JPEG reached epsilon at step 47, loss sum: 31.4471, final loss: 0.00088215, weight distance: 0.0035
2025-09-23 08:46:31,238 - INFO - Example /home/projects/bagon/shared/imagenet512/val/n04235860/ILSVRC2012_val_00025118.JPEG reached epsilon at step 39, loss sum: 72.5256, final loss: 0.00086451, weight distance: 0.0027
2025-09-23 08:46:45,807 - INFO - Example /home/projects/bagon/shared/imagenet512/val/n02979186/ILSVRC2012_val_00046953.JPEG reached epsilon at step 54, loss sum: 18.3801, final loss: 0.00089884, weight distance: 0.0042
2025-09-23 08:47:00,301 - INFO - Example /home/projects/bagon/shared/imagenet512/val/n02104029/ILSVRC2012_val_00028346.JPEG reached epsilon at step 59, loss sum: 30.0383, final loss: 0.00098228, weight distance: 0.0043
2025-09-23 08:47:14,140 - INFO - Example /home/projects/bagon/shared/imagenet512/val/n04153751/ILSVRC2012_val_00036201.JPEG reached epsilon at step 21, loss sum: 1.5942, final loss: 0.00086689, weight distance: 0.0014
2025-09-23 08:47:27,976 - INFO - Example /home/projects/bagon/shared/imagenet512/val/n02113712/ILSVRC2012_val_00000867.JPEG reached epsilon at step 48, loss sum: 16.2273, final loss: 0.00092840, weight distance: 0.0033
2025-09-23 08:47:43,283 - INFO - Example /home/projects/bagon/shared/imagenet512/val/n02099267/ILSVRC2012_val_00010382.JPEG reached epsilon at step 70, loss sum: 97.1497, final loss: 0.00092125, weight distance: 0.0053
2025-09-23 08:47:56,313 - INFO - Example /home/projects/bagon/shared/imagenet512/val/n01697457/ILSVRC2012_val_00030076.JPEG reached epsilon at step 34, loss sum: 65.2214, final loss: 0.00075102, weight distance: 0.0020
2025-09-23 08:48:11,460 - INFO - Example /home/projects/bagon/shared/imagenet512/val/n01675722/ILSVRC2012_val_00032254.JPEG reached epsilon at step 53, loss sum: 56.2591, final loss: 0.00085211, weight distance: 0.0038
2025-09-23 08:48:26,027 - INFO - Example /home/projects/bagon/shared/imagenet512/val/n07873807/ILSVRC2012_val_00047524.JPEG reached epsilon at step 44, loss sum: 42.6410, final loss: 0.00088787, weight distance: 0.0033
2025-09-23 08:48:41,774 - INFO - Example /home/projects/bagon/shared/imagenet512/val/n02119022/ILSVRC2012_val_00036547.JPEG reached epsilon at step 67, loss sum: 89.2609, final loss: 0.00090981, weight distance: 0.0034
2025-09-23 08:48:55,079 - INFO - Example /home/projects/bagon/shared/imagenet512/val/n02883205/ILSVRC2012_val_00003934.JPEG reached epsilon at step 37, loss sum: 30.2473, final loss: 0.00094509, weight distance: 0.0027
2025-09-23 08:49:08,657 - INFO - Example /home/projects/bagon/shared/imagenet512/val/n03658185/ILSVRC2012_val_00036764.JPEG reached epsilon at step 57, loss sum: 97.2072, final loss: 0.00089502, weight distance: 0.0041
2025-09-23 08:49:22,451 - INFO - Example /home/projects/bagon/shared/imagenet512/val/n03532672/ILSVRC2012_val_00046662.JPEG reached epsilon at step 43, loss sum: 23.2454, final loss: 0.00099564, weight distance: 0.0028
2025-09-23 08:49:36,435 - INFO - Example /home/projects/bagon/shared/imagenet512/val/n03633091/ILSVRC2012_val_00037722.JPEG reached epsilon at step 51, loss sum: 56.3495, final loss: 0.00099564, weight distance: 0.0037
2025-09-23 08:49:47,222 - INFO - Time limit reached. Exiting before starting next example.
2025-09-23 08:49:47,222 - INFO - Worker 2 exiting due to time limit; processed 594/1587 assigned examples. Not marking DONE.
