2025-09-05 11:58:06,542 - INFO - Parsed arguments:
2025-09-05 11:58:06,542 - INFO -   bars_npy = /home/projects/bagon/andreyg/Projects/BMM_school/Universal_learning/Programming/bars/no_150sol_impossible_imagenet.npy
2025-09-05 11:58:06,542 - INFO -   deterministic = True
2025-09-05 11:58:06,542 - INFO -   device = cuda
2025-09-05 11:58:06,542 - INFO -   epsilon = 0.001
2025-09-05 11:58:06,542 - INFO -   examples_csv = /home/projects/bagon/andreyg/Projects/BMM_school/Universal_learning/Programming/bars/no_150sol_impossible_imagenet_examples_ammended.csv
2025-09-05 11:58:06,543 - INFO -   hierarchy_json = /home/projects/bagon/andreyg/Projects/BMM_school/Universal_learning/Programming/bars/imagenet_synset_hierarchy.json
2025-09-05 11:58:06,543 - INFO -   imagenet_models_csv = /home/projects/bagon/andreyg/Projects/BMM_school/Universal_learning/Programming/bars/imagenet_models.csv
2025-09-05 11:58:06,543 - INFO -   lr = 0.001
2025-09-05 11:58:06,543 - INFO -   max_examples = 1500
2025-09-05 11:58:06,543 - INFO -   max_steps_per_example = 10000
2025-09-05 11:58:06,543 - INFO -   model_csv_name = efficientvit_base_1_224_classification_imagenet_1k
2025-09-05 11:58:06,543 - INFO -   model_name = efficientvit_b1.r224_in1k
2025-09-05 11:58:06,543 - INFO -   no_amp = True
2025-09-05 11:58:06,543 - INFO -   output_dir = /home/projects/bagon/andreyg/Projects/BMM_school/Universal_learning/Programming/training_gradient_evaluator_single_loss/outputs_150sol
2025-09-05 11:58:06,543 - INFO -   root_dir = None
2025-09-05 11:58:06,543 - INFO -   seed = 1337
2025-09-05 11:58:06,543 - INFO -   weight_decay = 0.0
2025-09-05 11:58:06,543 - INFO -   zero_aug_train = True
2025-09-05 11:58:06,560 - INFO - Loaded 45587 examples in difficulty order
2025-09-05 11:58:07,473 - INFO - Loaded TIMM pretrained weights for efficientvit_b1.r224_in1k
2025-09-05 11:58:07,473 - INFO - pretrained_cfg.url= hf_hub_id=timm/efficientvit_b1.r224_in1k
2025-09-05 11:58:07,833 - INFO - Stored original model weights for reset
2025-09-05 11:58:07,843 - INFO - Training configuration:
2025-09-05 11:58:07,843 - INFO -   lr = 0.001
2025-09-05 11:58:07,843 - INFO -   weight_decay = 0.0
2025-09-05 11:58:07,843 - INFO -   max_steps = 10000
2025-09-05 11:58:07,843 - INFO -   epsilon = 0.001
2025-09-05 11:58:07,843 - INFO -   device = cuda
2025-09-05 11:58:07,843 - INFO -   use_amp = False
2025-09-05 11:58:07,895 - INFO - Resolved model_csv_name='efficientvit_base_1_224_classification_imagenet_1k' to mask_row_index=740
2025-09-05 11:58:13,189 - INFO - Selected 1500 wrong examples for training (sorted by difficulty)
2025-09-05 11:58:13,203 - INFO - 
=== Training Example 1/1500: /home/projects/bagon/shared/imagenet512/val/n01537544/ILSVRC2012_val_00037454.JPEG ===
2025-09-05 11:58:19,643 - INFO - Example /home/projects/bagon/shared/imagenet512/val/n01537544/ILSVRC2012_val_00037454.JPEG reached epsilon at step 173, loss sum: 23.1599, final loss: 0.00099681, weight distance: 0.8270
2025-09-05 11:58:19,648 - INFO - Example 1 completed: 173 steps, loss sum: 23.1599, final loss: 0.00099681, weight distance: 0.8270 (universal rank: 19960)
2025-09-05 11:58:19,648 - INFO - 
=== Training Example 2/1500: /home/projects/bagon/shared/imagenet512/val/n07718472/ILSVRC2012_val_00005593.JPEG ===
2025-09-05 11:58:26,547 - INFO - Example /home/projects/bagon/shared/imagenet512/val/n07718472/ILSVRC2012_val_00005593.JPEG reached epsilon at step 199, loss sum: 18.9112, final loss: 0.00099943, weight distance: 2.8895
2025-09-05 11:58:26,552 - INFO - Example 2 completed: 199 steps, loss sum: 18.9112, final loss: 0.00099943, weight distance: 2.8895 (universal rank: 20665)
2025-09-05 11:58:26,552 - INFO - 
=== Training Example 3/1500: /home/projects/bagon/shared/imagenet512/val/n02107312/ILSVRC2012_val_00016499.JPEG ===
2025-09-05 11:58:37,570 - INFO - Example /home/projects/bagon/shared/imagenet512/val/n02107312/ILSVRC2012_val_00016499.JPEG reached epsilon at step 320, loss sum: 35.4831, final loss: 0.00099717, weight distance: 1.1615
2025-09-05 11:58:37,578 - INFO - Example 3 completed: 320 steps, loss sum: 35.4831, final loss: 0.00099717, weight distance: 1.1615 (universal rank: 22165)
2025-09-05 11:58:37,578 - INFO - 
=== Training Example 4/1500: /home/projects/bagon/shared/imagenet512/val/n02892201/ILSVRC2012_val_00029408.JPEG ===
2025-09-05 11:58:37,849 - INFO - Example /home/projects/bagon/shared/imagenet512/val/n02892201/ILSVRC2012_val_00029408.JPEG reached epsilon at step 5, loss sum: 0.0152, final loss: 0.00053868, weight distance: 0.0088
2025-09-05 11:58:37,854 - INFO - Example 4 completed: 5 steps, loss sum: 0.0152, final loss: 0.00053868, weight distance: 0.0088 (universal rank: 24175)
2025-09-05 11:58:37,855 - INFO - 
=== Training Example 5/1500: /home/projects/bagon/shared/imagenet512/val/n03032252/ILSVRC2012_val_00042815.JPEG ===
2025-09-05 11:58:44,397 - INFO - Example /home/projects/bagon/shared/imagenet512/val/n03032252/ILSVRC2012_val_00042815.JPEG reached epsilon at step 189, loss sum: 23.5844, final loss: 0.00099740, weight distance: 0.5885
2025-09-05 11:58:44,401 - INFO - Example 5 completed: 189 steps, loss sum: 23.5844, final loss: 0.00099740, weight distance: 0.5885 (universal rank: 24781)
2025-09-05 11:58:44,402 - INFO - 
=== Training Example 6/1500: /home/projects/bagon/shared/imagenet512/val/n03887697/ILSVRC2012_val_00029980.JPEG ===
2025-09-05 11:58:50,531 - INFO - Example /home/projects/bagon/shared/imagenet512/val/n03887697/ILSVRC2012_val_00029980.JPEG reached epsilon at step 176, loss sum: 17.2416, final loss: 0.00099990, weight distance: 2.0244
2025-09-05 11:58:50,536 - INFO - Example 6 completed: 176 steps, loss sum: 17.2416, final loss: 0.00099990, weight distance: 2.0244 (universal rank: 25093)
2025-09-05 11:58:50,536 - INFO - 
=== Training Example 7/1500: /home/projects/bagon/shared/imagenet512/val/n02281787/ILSVRC2012_val_00037965.JPEG ===
2025-09-05 11:58:59,520 - INFO - Example /home/projects/bagon/shared/imagenet512/val/n02281787/ILSVRC2012_val_00037965.JPEG reached epsilon at step 259, loss sum: 24.8686, final loss: 0.00099705, weight distance: 2.0266
2025-09-05 11:58:59,526 - INFO - Example 7 completed: 259 steps, loss sum: 24.8686, final loss: 0.00099705, weight distance: 2.0266 (universal rank: 25500)
2025-09-05 11:58:59,526 - INFO - 
=== Training Example 8/1500: /home/projects/bagon/shared/imagenet512/val/n01664065/ILSVRC2012_val_00015924.JPEG ===
2025-09-05 11:59:08,913 - INFO - Example /home/projects/bagon/shared/imagenet512/val/n01664065/ILSVRC2012_val_00015924.JPEG reached epsilon at step 273, loss sum: 33.2203, final loss: 0.00099812, weight distance: 4.1538
2025-09-05 11:59:08,920 - INFO - Example 8 completed: 273 steps, loss sum: 33.2203, final loss: 0.00099812, weight distance: 4.1538 (universal rank: 25989)
2025-09-05 11:59:08,920 - INFO - 
=== Training Example 9/1500: /home/projects/bagon/shared/imagenet512/val/n01632458/ILSVRC2012_val_00038459.JPEG ===
2025-09-05 11:59:21,333 - INFO - Example /home/projects/bagon/shared/imagenet512/val/n01632458/ILSVRC2012_val_00038459.JPEG reached epsilon at step 361, loss sum: 47.5596, final loss: 0.00099812, weight distance: 1.9036
2025-09-05 11:59:21,338 - INFO - Example 9 completed: 361 steps, loss sum: 47.5596, final loss: 0.00099812, weight distance: 1.9036 (universal rank: 26305)
2025-09-05 11:59:21,339 - INFO - 
=== Training Example 10/1500: /home/projects/bagon/shared/imagenet512/val/n01984695/ILSVRC2012_val_00017162.JPEG ===
2025-09-05 11:59:31,227 - INFO - Example /home/projects/bagon/shared/imagenet512/val/n01984695/ILSVRC2012_val_00017162.JPEG reached epsilon at step 288, loss sum: 24.6167, final loss: 0.00099859, weight distance: 1.4600
2025-09-05 11:59:31,232 - INFO - Example 10 completed: 288 steps, loss sum: 24.6167, final loss: 0.00099859, weight distance: 1.4600 (universal rank: 27893)
2025-09-05 11:59:31,232 - INFO - 
=== Training Example 11/1500: /home/projects/bagon/shared/imagenet512/val/n04192698/ILSVRC2012_val_00035470.JPEG ===
2025-09-05 11:59:37,771 - INFO - Example /home/projects/bagon/shared/imagenet512/val/n04192698/ILSVRC2012_val_00035470.JPEG reached epsilon at step 190, loss sum: 12.1567, final loss: 0.00099645, weight distance: 2.8247
2025-09-05 11:59:37,778 - INFO - Example 11 completed: 190 steps, loss sum: 12.1567, final loss: 0.00099645, weight distance: 2.8247 (universal rank: 27996)
2025-09-05 11:59:37,778 - INFO - 
=== Training Example 12/1500: /home/projects/bagon/shared/imagenet512/val/n03841143/ILSVRC2012_val_00008861.JPEG ===
2025-09-05 11:59:43,479 - INFO - Example /home/projects/bagon/shared/imagenet512/val/n03841143/ILSVRC2012_val_00008861.JPEG reached epsilon at step 165, loss sum: 14.8876, final loss: 0.00099383, weight distance: 0.7467
2025-09-05 11:59:43,484 - INFO - Example 12 completed: 165 steps, loss sum: 14.8876, final loss: 0.00099383, weight distance: 0.7467 (universal rank: 28191)
2025-09-05 11:59:43,484 - INFO - 
=== Training Example 13/1500: /home/projects/bagon/shared/imagenet512/val/n04367480/ILSVRC2012_val_00049383.JPEG ===
2025-09-05 11:59:50,808 - INFO - Example /home/projects/bagon/shared/imagenet512/val/n04367480/ILSVRC2012_val_00049383.JPEG reached epsilon at step 212, loss sum: 19.3570, final loss: 0.00099943, weight distance: 2.6744
2025-09-05 11:59:50,814 - INFO - Example 13 completed: 212 steps, loss sum: 19.3570, final loss: 0.00099943, weight distance: 2.6744 (universal rank: 28419)
2025-09-05 11:59:50,814 - INFO - 
=== Training Example 14/1500: /home/projects/bagon/shared/imagenet512/val/n02085620/ILSVRC2012_val_00029450.JPEG ===
2025-09-05 11:59:55,978 - INFO - Example /home/projects/bagon/shared/imagenet512/val/n02085620/ILSVRC2012_val_00029450.JPEG reached epsilon at step 149, loss sum: 27.2652, final loss: 0.00099574, weight distance: 2.0980
2025-09-05 11:59:55,983 - INFO - Example 14 completed: 149 steps, loss sum: 27.2652, final loss: 0.00099574, weight distance: 2.0980 (universal rank: 28706)
2025-09-05 11:59:55,983 - INFO - 
=== Training Example 15/1500: /home/projects/bagon/shared/imagenet512/val/n02085620/ILSVRC2012_val_00036150.JPEG ===
2025-09-05 12:00:04,858 - INFO - Example /home/projects/bagon/shared/imagenet512/val/n02085620/ILSVRC2012_val_00036150.JPEG reached epsilon at step 255, loss sum: 36.6584, final loss: 0.00099669, weight distance: 1.4055
2025-09-05 12:00:04,863 - INFO - Example 15 completed: 255 steps, loss sum: 36.6584, final loss: 0.00099669, weight distance: 1.4055 (universal rank: 28977)
2025-09-05 12:00:04,863 - INFO - 
=== Training Example 16/1500: /home/projects/bagon/shared/imagenet512/val/n04591713/ILSVRC2012_val_00003201.JPEG ===
2025-09-05 12:00:12,106 - INFO - Example /home/projects/bagon/shared/imagenet512/val/n04591713/ILSVRC2012_val_00003201.JPEG reached epsilon at step 209, loss sum: 24.7458, final loss: 0.00099836, weight distance: 4.8905
2025-09-05 12:00:12,113 - INFO - Example 16 completed: 209 steps, loss sum: 24.7458, final loss: 0.00099836, weight distance: 4.8905 (universal rank: 29067)
2025-09-05 12:00:12,113 - INFO - 
=== Training Example 17/1500: /home/projects/bagon/shared/imagenet512/val/n04258138/ILSVRC2012_val_00038855.JPEG ===
2025-09-05 12:00:19,640 - INFO - Example /home/projects/bagon/shared/imagenet512/val/n04258138/ILSVRC2012_val_00038855.JPEG reached epsilon at step 218, loss sum: 20.9457, final loss: 0.00099883, weight distance: 4.6190
2025-09-05 12:00:19,645 - INFO - Example 17 completed: 218 steps, loss sum: 20.9457, final loss: 0.00099883, weight distance: 4.6190 (universal rank: 29309)
2025-09-05 12:00:19,645 - INFO - 
=== Training Example 18/1500: /home/projects/bagon/shared/imagenet512/val/n02361337/ILSVRC2012_val_00015451.JPEG ===
2025-09-05 12:00:30,916 - INFO - Example /home/projects/bagon/shared/imagenet512/val/n02361337/ILSVRC2012_val_00015451.JPEG reached epsilon at step 328, loss sum: 21.5560, final loss: 0.00099955, weight distance: 3.5468
2025-09-05 12:00:30,923 - INFO - Example 18 completed: 328 steps, loss sum: 21.5560, final loss: 0.00099955, weight distance: 3.5468 (universal rank: 29437)
2025-09-05 12:00:30,923 - INFO - 
=== Training Example 19/1500: /home/projects/bagon/shared/imagenet512/val/n02364673/ILSVRC2012_val_00006685.JPEG ===
2025-09-05 12:00:39,041 - INFO - Example /home/projects/bagon/shared/imagenet512/val/n02364673/ILSVRC2012_val_00006685.JPEG reached epsilon at step 235, loss sum: 11.7171, final loss: 0.00099633, weight distance: 1.3564
2025-09-05 12:00:39,047 - INFO - Example 19 completed: 235 steps, loss sum: 11.7171, final loss: 0.00099633, weight distance: 1.3564 (universal rank: 29494)
2025-09-05 12:00:39,047 - INFO - 
=== Training Example 20/1500: /home/projects/bagon/shared/imagenet512/val/n01498041/ILSVRC2012_val_00030380.JPEG ===
2025-09-05 12:00:54,619 - INFO - Example /home/projects/bagon/shared/imagenet512/val/n01498041/ILSVRC2012_val_00030380.JPEG reached epsilon at step 453, loss sum: 36.1183, final loss: 0.00099812, weight distance: 4.8289
2025-09-05 12:00:54,627 - INFO - Example 20 completed: 453 steps, loss sum: 36.1183, final loss: 0.00099812, weight distance: 4.8289 (universal rank: 29891)
2025-09-05 12:00:54,627 - INFO - 
=== Training Example 21/1500: /home/projects/bagon/shared/imagenet512/val/n02777292/ILSVRC2012_val_00024511.JPEG ===
2025-09-05 12:00:55,411 - INFO - Example /home/projects/bagon/shared/imagenet512/val/n02777292/ILSVRC2012_val_00024511.JPEG reached epsilon at step 20, loss sum: 32.2991, final loss: 0.00099776, weight distance: 1.9723
2025-09-05 12:00:55,415 - INFO - Example 21 completed: 20 steps, loss sum: 32.2991, final loss: 0.00099776, weight distance: 1.9723 (universal rank: 29929)
2025-09-05 12:00:55,415 - INFO - 
=== Training Example 22/1500: /home/projects/bagon/shared/imagenet512/val/n02788148/ILSVRC2012_val_00013013.JPEG ===
2025-09-05 12:01:03,511 - INFO - Example /home/projects/bagon/shared/imagenet512/val/n02788148/ILSVRC2012_val_00013013.JPEG reached epsilon at step 232, loss sum: 19.2273, final loss: 0.00099764, weight distance: 3.8639
2025-09-05 12:01:03,516 - INFO - Example 22 completed: 232 steps, loss sum: 19.2273, final loss: 0.00099764, weight distance: 3.8639 (universal rank: 30023)
2025-09-05 12:01:03,517 - INFO - 
=== Training Example 23/1500: /home/projects/bagon/shared/imagenet512/val/n03998194/ILSVRC2012_val_00025032.JPEG ===
2025-09-05 12:01:09,327 - INFO - Example /home/projects/bagon/shared/imagenet512/val/n03998194/ILSVRC2012_val_00025032.JPEG reached epsilon at step 167, loss sum: 26.7976, final loss: 0.00099550, weight distance: 2.9790
2025-09-05 12:01:09,333 - INFO - Example 23 completed: 167 steps, loss sum: 26.7976, final loss: 0.00099550, weight distance: 2.9790 (universal rank: 30378)
2025-09-05 12:01:09,333 - INFO - 
=== Training Example 24/1500: /home/projects/bagon/shared/imagenet512/val/n02493793/ILSVRC2012_val_00038052.JPEG ===
2025-09-05 12:01:17,066 - INFO - Example /home/projects/bagon/shared/imagenet512/val/n02493793/ILSVRC2012_val_00038052.JPEG reached epsilon at step 223, loss sum: 18.7821, final loss: 0.00099645, weight distance: 0.8126
2025-09-05 12:01:17,073 - INFO - Example 24 completed: 223 steps, loss sum: 18.7821, final loss: 0.00099645, weight distance: 0.8126 (universal rank: 30445)
2025-09-05 12:01:17,073 - INFO - 
=== Training Example 25/1500: /home/projects/bagon/shared/imagenet512/val/n04162706/ILSVRC2012_val_00024473.JPEG ===
2025-09-05 12:01:24,906 - INFO - Example /home/projects/bagon/shared/imagenet512/val/n04162706/ILSVRC2012_val_00024473.JPEG reached epsilon at step 227, loss sum: 29.9781, final loss: 0.00099800, weight distance: 4.2689
2025-09-05 12:01:24,911 - INFO - Example 25 completed: 227 steps, loss sum: 29.9781, final loss: 0.00099800, weight distance: 4.2689 (universal rank: 30500)
2025-09-05 12:01:24,911 - INFO - 
=== Training Example 26/1500: /home/projects/bagon/shared/imagenet512/val/n02085782/ILSVRC2012_val_00028706.JPEG ===
2025-09-05 12:01:33,501 - INFO - Example /home/projects/bagon/shared/imagenet512/val/n02085782/ILSVRC2012_val_00028706.JPEG reached epsilon at step 248, loss sum: 30.4374, final loss: 0.00099990, weight distance: 2.6497
2025-09-05 12:01:33,507 - INFO - Example 26 completed: 248 steps, loss sum: 30.4374, final loss: 0.00099990, weight distance: 2.6497 (universal rank: 30677)
2025-09-05 12:01:33,507 - INFO - 
=== Training Example 27/1500: /home/projects/bagon/shared/imagenet512/val/n07693725/ILSVRC2012_val_00033590.JPEG ===
2025-09-05 12:01:43,964 - INFO - Example /home/projects/bagon/shared/imagenet512/val/n07693725/ILSVRC2012_val_00033590.JPEG reached epsilon at step 304, loss sum: 44.7773, final loss: 0.00099800, weight distance: 1.7000
2025-09-05 12:01:43,969 - INFO - Example 27 completed: 304 steps, loss sum: 44.7773, final loss: 0.00099800, weight distance: 1.7000 (universal rank: 30682)
2025-09-05 12:01:43,969 - INFO - 
=== Training Example 28/1500: /home/projects/bagon/shared/imagenet512/val/n02124075/ILSVRC2012_val_00007023.JPEG ===
2025-09-05 12:01:51,286 - INFO - Example /home/projects/bagon/shared/imagenet512/val/n02124075/ILSVRC2012_val_00007023.JPEG reached epsilon at step 210, loss sum: 25.0698, final loss: 0.00099681, weight distance: 2.4692
2025-09-05 12:01:51,291 - INFO - Example 28 completed: 210 steps, loss sum: 25.0698, final loss: 0.00099681, weight distance: 2.4692 (universal rank: 30820)
2025-09-05 12:01:51,291 - INFO - 
=== Training Example 29/1500: /home/projects/bagon/shared/imagenet512/val/n04522168/ILSVRC2012_val_00031592.JPEG ===
2025-09-05 12:01:59,896 - INFO - Example /home/projects/bagon/shared/imagenet512/val/n04522168/ILSVRC2012_val_00031592.JPEG reached epsilon at step 249, loss sum: 18.0475, final loss: 0.00099633, weight distance: 1.3441
2025-09-05 12:01:59,901 - INFO - Example 29 completed: 249 steps, loss sum: 18.0475, final loss: 0.00099633, weight distance: 1.3441 (universal rank: 30992)
2025-09-05 12:01:59,901 - INFO - 
=== Training Example 30/1500: /home/projects/bagon/shared/imagenet512/val/n01728920/ILSVRC2012_val_00028092.JPEG ===
2025-09-05 12:02:04,330 - INFO - Example /home/projects/bagon/shared/imagenet512/val/n01728920/ILSVRC2012_val_00028092.JPEG reached epsilon at step 125, loss sum: 26.5203, final loss: 0.00099645, weight distance: 0.9805
2025-09-05 12:02:04,335 - INFO - Example 30 completed: 125 steps, loss sum: 26.5203, final loss: 0.00099645, weight distance: 0.9805 (universal rank: 31164)
2025-09-05 12:02:04,335 - INFO - 
=== Training Example 31/1500: /home/projects/bagon/shared/imagenet512/val/n03690938/ILSVRC2012_val_00029256.JPEG ===
2025-09-05 12:02:11,111 - INFO - Example /home/projects/bagon/shared/imagenet512/val/n03690938/ILSVRC2012_val_00029256.JPEG reached epsilon at step 195, loss sum: 20.1183, final loss: 0.00099657, weight distance: 2.7663
2025-09-05 12:02:11,118 - INFO - Example 31 completed: 195 steps, loss sum: 20.1183, final loss: 0.00099657, weight distance: 2.7663 (universal rank: 31468)
2025-09-05 12:02:11,118 - INFO - 
=== Training Example 32/1500: /home/projects/bagon/shared/imagenet512/val/n02093859/ILSVRC2012_val_00031752.JPEG ===
2025-09-05 12:02:19,772 - INFO - Example /home/projects/bagon/shared/imagenet512/val/n02093859/ILSVRC2012_val_00031752.JPEG reached epsilon at step 251, loss sum: 20.4602, final loss: 0.00099895, weight distance: 2.8340
2025-09-05 12:02:19,779 - INFO - Example 32 completed: 251 steps, loss sum: 20.4602, final loss: 0.00099895, weight distance: 2.8340 (universal rank: 31484)
2025-09-05 12:02:19,779 - INFO - 
=== Training Example 33/1500: /home/projects/bagon/shared/imagenet512/val/n04552348/ILSVRC2012_val_00047539.JPEG ===
2025-09-05 12:02:29,695 - INFO - Example /home/projects/bagon/shared/imagenet512/val/n04552348/ILSVRC2012_val_00047539.JPEG reached epsilon at step 287, loss sum: 23.1082, final loss: 0.00099895, weight distance: 1.0935
2025-09-05 12:02:29,700 - INFO - Example 33 completed: 287 steps, loss sum: 23.1082, final loss: 0.00099895, weight distance: 1.0935 (universal rank: 31569)
2025-09-05 12:02:29,700 - INFO - 
=== Training Example 34/1500: /home/projects/bagon/shared/imagenet512/val/n02825657/ILSVRC2012_val_00049548.JPEG ===
2025-09-05 12:02:38,200 - INFO - Example /home/projects/bagon/shared/imagenet512/val/n02825657/ILSVRC2012_val_00049548.JPEG reached epsilon at step 246, loss sum: 17.8148, final loss: 0.00099371, weight distance: 2.9365
2025-09-05 12:02:38,206 - INFO - Example 34 completed: 246 steps, loss sum: 17.8148, final loss: 0.00099371, weight distance: 2.9365 (universal rank: 31723)
2025-09-05 12:02:38,206 - INFO - 
=== Training Example 35/1500: /home/projects/bagon/shared/imagenet512/val/n04141975/ILSVRC2012_val_00010284.JPEG ===
2025-09-05 12:02:45,684 - INFO - Example /home/projects/bagon/shared/imagenet512/val/n04141975/ILSVRC2012_val_00010284.JPEG reached epsilon at step 217, loss sum: 12.9692, final loss: 0.00099717, weight distance: 2.6511
2025-09-05 12:02:45,690 - INFO - Example 35 completed: 217 steps, loss sum: 12.9692, final loss: 0.00099717, weight distance: 2.6511 (universal rank: 31743)
2025-09-05 12:02:45,690 - INFO - 
=== Training Example 36/1500: /home/projects/bagon/shared/imagenet512/val/n02087046/ILSVRC2012_val_00023310.JPEG ===
2025-09-05 12:02:55,656 - INFO - Example /home/projects/bagon/shared/imagenet512/val/n02087046/ILSVRC2012_val_00023310.JPEG reached epsilon at step 288, loss sum: 32.9738, final loss: 0.00099800, weight distance: 2.5846
2025-09-05 12:02:55,661 - INFO - Example 36 completed: 288 steps, loss sum: 32.9738, final loss: 0.00099800, weight distance: 2.5846 (universal rank: 31765)
2025-09-05 12:02:55,662 - INFO - 
=== Training Example 37/1500: /home/projects/bagon/shared/imagenet512/val/n04265275/ILSVRC2012_val_00037694.JPEG ===
2025-09-05 12:03:02,754 - INFO - Example /home/projects/bagon/shared/imagenet512/val/n04265275/ILSVRC2012_val_00037694.JPEG reached epsilon at step 199, loss sum: 23.6447, final loss: 0.00099895, weight distance: 2.0683
2025-09-05 12:03:02,759 - INFO - Example 37 completed: 199 steps, loss sum: 23.6447, final loss: 0.00099895, weight distance: 2.0683 (universal rank: 31819)
2025-09-05 12:03:02,759 - INFO - 
=== Training Example 38/1500: /home/projects/bagon/shared/imagenet512/val/n03873416/ILSVRC2012_val_00047900.JPEG ===
2025-09-05 12:03:08,348 - INFO - Example /home/projects/bagon/shared/imagenet512/val/n03873416/ILSVRC2012_val_00047900.JPEG reached epsilon at step 161, loss sum: 15.5699, final loss: 0.00099681, weight distance: 1.2748
2025-09-05 12:03:08,353 - INFO - Example 38 completed: 161 steps, loss sum: 15.5699, final loss: 0.00099681, weight distance: 1.2748 (universal rank: 31881)
2025-09-05 12:03:08,353 - INFO - 
=== Training Example 39/1500: /home/projects/bagon/shared/imagenet512/val/n02490219/ILSVRC2012_val_00010233.JPEG ===
2025-09-05 12:03:23,439 - INFO - Example /home/projects/bagon/shared/imagenet512/val/n02490219/ILSVRC2012_val_00010233.JPEG reached epsilon at step 442, loss sum: 12.4191, final loss: 0.00099907, weight distance: 4.6182
2025-09-05 12:03:23,446 - INFO - Example 39 completed: 442 steps, loss sum: 12.4191, final loss: 0.00099907, weight distance: 4.6182 (universal rank: 32095)
2025-09-05 12:03:23,446 - INFO - 
=== Training Example 40/1500: /home/projects/bagon/shared/imagenet512/val/n03250847/ILSVRC2012_val_00049569.JPEG ===
2025-09-05 12:03:27,272 - INFO - Example /home/projects/bagon/shared/imagenet512/val/n03250847/ILSVRC2012_val_00049569.JPEG reached epsilon at step 106, loss sum: 7.7007, final loss: 0.00099228, weight distance: 0.7693
2025-09-05 12:03:27,277 - INFO - Example 40 completed: 106 steps, loss sum: 7.7007, final loss: 0.00099228, weight distance: 0.7693 (universal rank: 32219)
2025-09-05 12:03:27,278 - INFO - 
=== Training Example 41/1500: /home/projects/bagon/shared/imagenet512/val/n07614500/ILSVRC2012_val_00006914.JPEG ===
2025-09-05 12:03:30,759 - INFO - Example /home/projects/bagon/shared/imagenet512/val/n07614500/ILSVRC2012_val_00006914.JPEG reached epsilon at step 100, loss sum: 30.0217, final loss: 0.00099788, weight distance: 2.5316
2025-09-05 12:03:30,765 - INFO - Example 41 completed: 100 steps, loss sum: 30.0217, final loss: 0.00099788, weight distance: 2.5316 (universal rank: 32234)
2025-09-05 12:03:30,765 - INFO - 
=== Training Example 42/1500: /home/projects/bagon/shared/imagenet512/val/n02939185/ILSVRC2012_val_00017286.JPEG ===
2025-09-05 12:03:33,342 - INFO - Example /home/projects/bagon/shared/imagenet512/val/n02939185/ILSVRC2012_val_00017286.JPEG reached epsilon at step 73, loss sum: 16.3034, final loss: 0.00099002, weight distance: 3.2294
2025-09-05 12:03:33,347 - INFO - Example 42 completed: 73 steps, loss sum: 16.3034, final loss: 0.00099002, weight distance: 3.2294 (universal rank: 32250)
2025-09-05 12:03:33,347 - INFO - 
=== Training Example 43/1500: /home/projects/bagon/shared/imagenet512/val/n02526121/ILSVRC2012_val_00040279.JPEG ===
2025-09-05 12:03:46,650 - INFO - Example /home/projects/bagon/shared/imagenet512/val/n02526121/ILSVRC2012_val_00040279.JPEG reached epsilon at step 389, loss sum: 40.5794, final loss: 0.00099859, weight distance: 4.7663
2025-09-05 12:03:46,656 - INFO - Example 43 completed: 389 steps, loss sum: 40.5794, final loss: 0.00099859, weight distance: 4.7663 (universal rank: 32266)
2025-09-05 12:03:46,656 - INFO - 
=== Training Example 44/1500: /home/projects/bagon/shared/imagenet512/val/n03197337/ILSVRC2012_val_00047198.JPEG ===
2025-09-05 12:03:49,997 - INFO - Example /home/projects/bagon/shared/imagenet512/val/n03197337/ILSVRC2012_val_00047198.JPEG reached epsilon at step 95, loss sum: 29.4729, final loss: 0.00099121, weight distance: 1.6166
2025-09-05 12:03:50,002 - INFO - Example 44 completed: 95 steps, loss sum: 29.4729, final loss: 0.00099121, weight distance: 1.6166 (universal rank: 32361)
2025-09-05 12:03:50,002 - INFO - 
=== Training Example 45/1500: /home/projects/bagon/shared/imagenet512/val/n01496331/ILSVRC2012_val_00022387.JPEG ===
2025-09-05 12:03:58,991 - INFO - Example /home/projects/bagon/shared/imagenet512/val/n01496331/ILSVRC2012_val_00022387.JPEG reached epsilon at step 260, loss sum: 12.7177, final loss: 0.00099943, weight distance: 2.3168
2025-09-05 12:03:58,996 - INFO - Example 45 completed: 260 steps, loss sum: 12.7177, final loss: 0.00099943, weight distance: 2.3168 (universal rank: 32390)
2025-09-05 12:03:58,996 - INFO - 
=== Training Example 46/1500: /home/projects/bagon/shared/imagenet512/val/n02077923/ILSVRC2012_val_00026125.JPEG ===
2025-09-05 12:04:10,572 - INFO - Example /home/projects/bagon/shared/imagenet512/val/n02077923/ILSVRC2012_val_00026125.JPEG reached epsilon at step 336, loss sum: 10.9842, final loss: 0.00099764, weight distance: 2.1872
2025-09-05 12:04:10,578 - INFO - Example 46 completed: 336 steps, loss sum: 10.9842, final loss: 0.00099764, weight distance: 2.1872 (universal rank: 32437)
2025-09-05 12:04:10,578 - INFO - 
=== Training Example 47/1500: /home/projects/bagon/shared/imagenet512/val/n04507155/ILSVRC2012_val_00020282.JPEG ===
2025-09-05 12:04:15,626 - INFO - Example /home/projects/bagon/shared/imagenet512/val/n04507155/ILSVRC2012_val_00020282.JPEG reached epsilon at step 145, loss sum: 28.1724, final loss: 0.00099514, weight distance: 3.9777
2025-09-05 12:04:15,632 - INFO - Example 47 completed: 145 steps, loss sum: 28.1724, final loss: 0.00099514, weight distance: 3.9777 (universal rank: 32480)
2025-09-05 12:04:15,632 - INFO - 
=== Training Example 48/1500: /home/projects/bagon/shared/imagenet512/val/n02443484/ILSVRC2012_val_00023680.JPEG ===
2025-09-05 12:04:25,570 - INFO - Example /home/projects/bagon/shared/imagenet512/val/n02443484/ILSVRC2012_val_00023680.JPEG reached epsilon at step 289, loss sum: 36.9160, final loss: 0.00099764, weight distance: 3.1676
2025-09-05 12:04:25,577 - INFO - Example 48 completed: 289 steps, loss sum: 36.9160, final loss: 0.00099764, weight distance: 3.1676 (universal rank: 32524)
2025-09-05 12:04:25,578 - INFO - 
=== Training Example 49/1500: /home/projects/bagon/shared/imagenet512/val/n03876231/ILSVRC2012_val_00004212.JPEG ===
2025-09-05 12:04:32,291 - INFO - Example /home/projects/bagon/shared/imagenet512/val/n03876231/ILSVRC2012_val_00004212.JPEG reached epsilon at step 194, loss sum: 13.1260, final loss: 0.00099728, weight distance: 4.3405
2025-09-05 12:04:32,296 - INFO - Example 49 completed: 194 steps, loss sum: 13.1260, final loss: 0.00099728, weight distance: 4.3405 (universal rank: 32551)
2025-09-05 12:04:32,296 - INFO - 
=== Training Example 50/1500: /home/projects/bagon/shared/imagenet512/val/n02514041/ILSVRC2012_val_00044660.JPEG ===
2025-09-05 12:04:44,640 - INFO - Example /home/projects/bagon/shared/imagenet512/val/n02514041/ILSVRC2012_val_00044660.JPEG reached epsilon at step 358, loss sum: 22.9279, final loss: 0.00099728, weight distance: 0.5804
2025-09-05 12:04:44,645 - INFO - Example 50 completed: 358 steps, loss sum: 22.9279, final loss: 0.00099728, weight distance: 0.5804 (universal rank: 32607)
2025-09-05 12:04:44,645 - INFO - 
=== Training Example 51/1500: /home/projects/bagon/shared/imagenet512/val/n04099969/ILSVRC2012_val_00006061.JPEG ===
2025-09-05 12:04:49,475 - INFO - Example /home/projects/bagon/shared/imagenet512/val/n04099969/ILSVRC2012_val_00006061.JPEG reached epsilon at step 138, loss sum: 18.2679, final loss: 0.00099431, weight distance: 3.8540
2025-09-05 12:04:49,480 - INFO - Example 51 completed: 138 steps, loss sum: 18.2679, final loss: 0.00099431, weight distance: 3.8540 (universal rank: 32697)
2025-09-05 12:04:49,480 - INFO - 
=== Training Example 52/1500: /home/projects/bagon/shared/imagenet512/val/n02124075/ILSVRC2012_val_00014432.JPEG ===
2025-09-05 12:05:00,281 - INFO - Example /home/projects/bagon/shared/imagenet512/val/n02124075/ILSVRC2012_val_00014432.JPEG reached epsilon at step 314, loss sum: 27.5586, final loss: 0.00099776, weight distance: 2.4422
2025-09-05 12:05:00,286 - INFO - Example 52 completed: 314 steps, loss sum: 27.5586, final loss: 0.00099776, weight distance: 2.4422 (universal rank: 32700)
2025-09-05 12:05:00,286 - INFO - 
=== Training Example 53/1500: /home/projects/bagon/shared/imagenet512/val/n04536866/ILSVRC2012_val_00041774.JPEG ===
2025-09-05 12:05:11,097 - INFO - Example /home/projects/bagon/shared/imagenet512/val/n04536866/ILSVRC2012_val_00041774.JPEG reached epsilon at step 312, loss sum: 46.5083, final loss: 0.00099907, weight distance: 2.8980
2025-09-05 12:05:11,106 - INFO - Example 53 completed: 312 steps, loss sum: 46.5083, final loss: 0.00099907, weight distance: 2.8980 (universal rank: 32704)
2025-09-05 12:05:11,106 - INFO - 
=== Training Example 54/1500: /home/projects/bagon/shared/imagenet512/val/n02096177/ILSVRC2012_val_00037972.JPEG ===
2025-09-05 12:05:14,800 - INFO - Example /home/projects/bagon/shared/imagenet512/val/n02096177/ILSVRC2012_val_00037972.JPEG reached epsilon at step 105, loss sum: 23.5567, final loss: 0.00099574, weight distance: 3.0213
2025-09-05 12:05:14,806 - INFO - Example 54 completed: 105 steps, loss sum: 23.5567, final loss: 0.00099574, weight distance: 3.0213 (universal rank: 32775)
2025-09-05 12:05:14,806 - INFO - 
=== Training Example 55/1500: /home/projects/bagon/shared/imagenet512/val/n03877845/ILSVRC2012_val_00026991.JPEG ===
2025-09-05 12:05:21,970 - INFO - Example /home/projects/bagon/shared/imagenet512/val/n03877845/ILSVRC2012_val_00026991.JPEG reached epsilon at step 207, loss sum: 22.3203, final loss: 0.00099597, weight distance: 0.8797
2025-09-05 12:05:21,975 - INFO - Example 55 completed: 207 steps, loss sum: 22.3203, final loss: 0.00099597, weight distance: 0.8797 (universal rank: 32835)
2025-09-05 12:05:21,975 - INFO - 
=== Training Example 56/1500: /home/projects/bagon/shared/imagenet512/val/n02111500/ILSVRC2012_val_00024904.JPEG ===
2025-09-05 12:05:30,359 - INFO - Example /home/projects/bagon/shared/imagenet512/val/n02111500/ILSVRC2012_val_00024904.JPEG reached epsilon at step 242, loss sum: 19.2142, final loss: 0.00099597, weight distance: 2.1029
2025-09-05 12:05:30,365 - INFO - Example 56 completed: 242 steps, loss sum: 19.2142, final loss: 0.00099597, weight distance: 2.1029 (universal rank: 32915)
2025-09-05 12:05:30,365 - INFO - 
=== Training Example 57/1500: /home/projects/bagon/shared/imagenet512/val/n02165456/ILSVRC2012_val_00016683.JPEG ===
2025-09-05 12:05:39,243 - INFO - Example /home/projects/bagon/shared/imagenet512/val/n02165456/ILSVRC2012_val_00016683.JPEG reached epsilon at step 255, loss sum: 21.6153, final loss: 0.00099645, weight distance: 1.6673
2025-09-05 12:05:39,249 - INFO - Example 57 completed: 255 steps, loss sum: 21.6153, final loss: 0.00099645, weight distance: 1.6673 (universal rank: 32923)
2025-09-05 12:05:39,249 - INFO - 
=== Training Example 58/1500: /home/projects/bagon/shared/imagenet512/val/n03742115/ILSVRC2012_val_00028334.JPEG ===
2025-09-05 12:05:48,563 - INFO - Example /home/projects/bagon/shared/imagenet512/val/n03742115/ILSVRC2012_val_00028334.JPEG reached epsilon at step 269, loss sum: 19.5419, final loss: 0.00099943, weight distance: 3.6918
2025-09-05 12:05:48,570 - INFO - Example 58 completed: 269 steps, loss sum: 19.5419, final loss: 0.00099943, weight distance: 3.6918 (universal rank: 32981)
2025-09-05 12:05:48,570 - INFO - 
=== Training Example 59/1500: /home/projects/bagon/shared/imagenet512/val/n02093754/ILSVRC2012_val_00044070.JPEG ===
2025-09-05 12:05:57,525 - INFO - Example /home/projects/bagon/shared/imagenet512/val/n02093754/ILSVRC2012_val_00044070.JPEG reached epsilon at step 258, loss sum: 32.5081, final loss: 0.00099788, weight distance: 2.0555
2025-09-05 12:05:57,531 - INFO - Example 59 completed: 258 steps, loss sum: 32.5081, final loss: 0.00099788, weight distance: 2.0555 (universal rank: 33018)
2025-09-05 12:05:57,531 - INFO - 
=== Training Example 60/1500: /home/projects/bagon/shared/imagenet512/val/n01796340/ILSVRC2012_val_00020587.JPEG ===
2025-09-05 12:06:07,804 - INFO - Example /home/projects/bagon/shared/imagenet512/val/n01796340/ILSVRC2012_val_00020587.JPEG reached epsilon at step 295, loss sum: 16.4625, final loss: 0.00099824, weight distance: 2.5655
2025-09-05 12:06:07,810 - INFO - Example 60 completed: 295 steps, loss sum: 16.4625, final loss: 0.00099824, weight distance: 2.5655 (universal rank: 33033)
2025-09-05 12:06:07,810 - INFO - 
=== Training Example 61/1500: /home/projects/bagon/shared/imagenet512/val/n02094433/ILSVRC2012_val_00040298.JPEG ===
2025-09-05 12:06:16,268 - INFO - Example /home/projects/bagon/shared/imagenet512/val/n02094433/ILSVRC2012_val_00040298.JPEG reached epsilon at step 244, loss sum: 27.3199, final loss: 0.00099717, weight distance: 3.9011
2025-09-05 12:06:16,273 - INFO - Example 61 completed: 244 steps, loss sum: 27.3199, final loss: 0.00099717, weight distance: 3.9011 (universal rank: 33085)
2025-09-05 12:06:16,273 - INFO - 
=== Training Example 62/1500: /home/projects/bagon/shared/imagenet512/val/n02165105/ILSVRC2012_val_00049578.JPEG ===
2025-09-05 12:06:37,514 - INFO - Example /home/projects/bagon/shared/imagenet512/val/n02165105/ILSVRC2012_val_00049578.JPEG reached epsilon at step 618, loss sum: 29.7202, final loss: 0.00099907, weight distance: 5.1120
2025-09-05 12:06:37,522 - INFO - Example 62 completed: 618 steps, loss sum: 29.7202, final loss: 0.00099907, weight distance: 5.1120 (universal rank: 33100)
2025-09-05 12:06:37,522 - INFO - 
=== Training Example 63/1500: /home/projects/bagon/shared/imagenet512/val/n02493793/ILSVRC2012_val_00045647.JPEG ===
2025-09-05 12:06:49,283 - INFO - Example /home/projects/bagon/shared/imagenet512/val/n02493793/ILSVRC2012_val_00045647.JPEG reached epsilon at step 340, loss sum: 24.5301, final loss: 0.00099907, weight distance: 3.0264
2025-09-05 12:06:49,288 - INFO - Example 63 completed: 340 steps, loss sum: 24.5301, final loss: 0.00099907, weight distance: 3.0264 (universal rank: 33126)
2025-09-05 12:06:49,288 - INFO - 
=== Training Example 64/1500: /home/projects/bagon/shared/imagenet512/val/n04254120/ILSVRC2012_val_00045966.JPEG ===
2025-09-05 12:06:54,184 - INFO - Example /home/projects/bagon/shared/imagenet512/val/n04254120/ILSVRC2012_val_00045966.JPEG reached epsilon at step 140, loss sum: 7.8319, final loss: 0.00099359, weight distance: 3.1884
2025-09-05 12:06:54,189 - INFO - Example 64 completed: 140 steps, loss sum: 7.8319, final loss: 0.00099359, weight distance: 3.1884 (universal rank: 33296)
2025-09-05 12:06:54,189 - INFO - 
=== Training Example 65/1500: /home/projects/bagon/shared/imagenet512/val/n03255030/ILSVRC2012_val_00048022.JPEG ===
2025-09-05 12:06:59,275 - INFO - Example /home/projects/bagon/shared/imagenet512/val/n03255030/ILSVRC2012_val_00048022.JPEG reached epsilon at step 145, loss sum: 9.5512, final loss: 0.00099740, weight distance: 2.2751
2025-09-05 12:06:59,280 - INFO - Example 65 completed: 145 steps, loss sum: 9.5512, final loss: 0.00099740, weight distance: 2.2751 (universal rank: 33322)
2025-09-05 12:06:59,280 - INFO - 
=== Training Example 66/1500: /home/projects/bagon/shared/imagenet512/val/n02113799/ILSVRC2012_val_00039393.JPEG ===
2025-09-05 12:07:06,745 - INFO - Example /home/projects/bagon/shared/imagenet512/val/n02113799/ILSVRC2012_val_00039393.JPEG reached epsilon at step 214, loss sum: 20.3183, final loss: 0.00099919, weight distance: 4.0579
2025-09-05 12:07:06,749 - INFO - Example 66 completed: 214 steps, loss sum: 20.3183, final loss: 0.00099919, weight distance: 4.0579 (universal rank: 33379)
2025-09-05 12:07:06,749 - INFO - 
=== Training Example 67/1500: /home/projects/bagon/shared/imagenet512/val/n04579432/ILSVRC2012_val_00021960.JPEG ===
2025-09-05 12:07:11,624 - INFO - Example /home/projects/bagon/shared/imagenet512/val/n04579432/ILSVRC2012_val_00021960.JPEG reached epsilon at step 140, loss sum: 8.3327, final loss: 0.00099264, weight distance: 0.7082
2025-09-05 12:07:11,629 - INFO - Example 67 completed: 140 steps, loss sum: 8.3327, final loss: 0.00099264, weight distance: 0.7082 (universal rank: 33423)
2025-09-05 12:07:11,630 - INFO - 
=== Training Example 68/1500: /home/projects/bagon/shared/imagenet512/val/n04591157/ILSVRC2012_val_00009550.JPEG ===
2025-09-05 12:07:17,673 - INFO - Example /home/projects/bagon/shared/imagenet512/val/n04591157/ILSVRC2012_val_00009550.JPEG reached epsilon at step 174, loss sum: 6.7232, final loss: 0.00099812, weight distance: 0.6108
2025-09-05 12:07:17,679 - INFO - Example 68 completed: 174 steps, loss sum: 6.7232, final loss: 0.00099812, weight distance: 0.6108 (universal rank: 33427)
2025-09-05 12:07:17,679 - INFO - 
=== Training Example 69/1500: /home/projects/bagon/shared/imagenet512/val/n01665541/ILSVRC2012_val_00047832.JPEG ===
2025-09-05 12:07:25,344 - INFO - Example /home/projects/bagon/shared/imagenet512/val/n01665541/ILSVRC2012_val_00047832.JPEG reached epsilon at step 223, loss sum: 43.7928, final loss: 0.00099752, weight distance: 3.9335
2025-09-05 12:07:25,349 - INFO - Example 69 completed: 223 steps, loss sum: 43.7928, final loss: 0.00099752, weight distance: 3.9335 (universal rank: 33528)
2025-09-05 12:07:25,349 - INFO - 
=== Training Example 70/1500: /home/projects/bagon/shared/imagenet512/val/n04127249/ILSVRC2012_val_00012896.JPEG ===
2025-09-05 12:07:34,567 - INFO - Example /home/projects/bagon/shared/imagenet512/val/n04127249/ILSVRC2012_val_00012896.JPEG reached epsilon at step 268, loss sum: 38.0753, final loss: 0.00099597, weight distance: 4.1207
2025-09-05 12:07:34,573 - INFO - Example 70 completed: 268 steps, loss sum: 38.0753, final loss: 0.00099597, weight distance: 4.1207 (universal rank: 33554)
2025-09-05 12:07:34,574 - INFO - 
=== Training Example 71/1500: /home/projects/bagon/shared/imagenet512/val/n04483307/ILSVRC2012_val_00020248.JPEG ===
2025-09-05 12:07:47,658 - INFO - Example /home/projects/bagon/shared/imagenet512/val/n04483307/ILSVRC2012_val_00020248.JPEG reached epsilon at step 381, loss sum: 25.9212, final loss: 0.00099955, weight distance: 1.4052
2025-09-05 12:07:47,665 - INFO - Example 71 completed: 381 steps, loss sum: 25.9212, final loss: 0.00099955, weight distance: 1.4052 (universal rank: 33576)
2025-09-05 12:07:47,665 - INFO - 
=== Training Example 72/1500: /home/projects/bagon/shared/imagenet512/val/n03661043/ILSVRC2012_val_00023849.JPEG ===
2025-09-05 12:07:51,858 - INFO - Example /home/projects/bagon/shared/imagenet512/val/n03661043/ILSVRC2012_val_00023849.JPEG reached epsilon at step 120, loss sum: 20.5281, final loss: 0.00099574, weight distance: 2.1555
2025-09-05 12:07:51,864 - INFO - Example 72 completed: 120 steps, loss sum: 20.5281, final loss: 0.00099574, weight distance: 2.1555 (universal rank: 33595)
2025-09-05 12:07:51,864 - INFO - 
=== Training Example 73/1500: /home/projects/bagon/shared/imagenet512/val/n02783161/ILSVRC2012_val_00033677.JPEG ===
2025-09-05 12:08:18,824 - INFO - Example /home/projects/bagon/shared/imagenet512/val/n02783161/ILSVRC2012_val_00033677.JPEG reached epsilon at step 788, loss sum: 45.7792, final loss: 0.00099955, weight distance: 5.4001
2025-09-05 12:08:18,830 - INFO - Example 73 completed: 788 steps, loss sum: 45.7792, final loss: 0.00099955, weight distance: 5.4001 (universal rank: 33606)
2025-09-05 12:08:18,831 - INFO - 
=== Training Example 74/1500: /home/projects/bagon/shared/imagenet512/val/n04356056/ILSVRC2012_val_00037215.JPEG ===
2025-09-05 12:08:28,256 - INFO - Example /home/projects/bagon/shared/imagenet512/val/n04356056/ILSVRC2012_val_00037215.JPEG reached epsilon at step 274, loss sum: 18.2452, final loss: 0.00099990, weight distance: 3.1521
2025-09-05 12:08:28,261 - INFO - Example 74 completed: 274 steps, loss sum: 18.2452, final loss: 0.00099990, weight distance: 3.1521 (universal rank: 33642)
2025-09-05 12:08:28,261 - INFO - 
=== Training Example 75/1500: /home/projects/bagon/shared/imagenet512/val/n01770081/ILSVRC2012_val_00012828.JPEG ===
2025-09-05 12:08:40,224 - INFO - Example /home/projects/bagon/shared/imagenet512/val/n01770081/ILSVRC2012_val_00012828.JPEG reached epsilon at step 347, loss sum: 15.0113, final loss: 0.00099871, weight distance: 4.9648
2025-09-05 12:08:40,230 - INFO - Example 75 completed: 347 steps, loss sum: 15.0113, final loss: 0.00099871, weight distance: 4.9648 (universal rank: 33701)
2025-09-05 12:08:40,230 - INFO - 
=== Training Example 76/1500: /home/projects/bagon/shared/imagenet512/val/n04141076/ILSVRC2012_val_00025042.JPEG ===
2025-09-05 12:08:47,646 - INFO - Example /home/projects/bagon/shared/imagenet512/val/n04141076/ILSVRC2012_val_00025042.JPEG reached epsilon at step 214, loss sum: 23.0760, final loss: 0.00099752, weight distance: 3.8632
2025-09-05 12:08:47,652 - INFO - Example 76 completed: 214 steps, loss sum: 23.0760, final loss: 0.00099752, weight distance: 3.8632 (universal rank: 33777)
2025-09-05 12:08:47,652 - INFO - 
=== Training Example 77/1500: /home/projects/bagon/shared/imagenet512/val/n04049303/ILSVRC2012_val_00018090.JPEG ===
2025-09-05 12:09:10,473 - INFO - Example /home/projects/bagon/shared/imagenet512/val/n04049303/ILSVRC2012_val_00018090.JPEG reached epsilon at step 661, loss sum: 54.4522, final loss: 0.00099871, weight distance: 2.6646
2025-09-05 12:09:10,482 - INFO - Example 77 completed: 661 steps, loss sum: 54.4522, final loss: 0.00099871, weight distance: 2.6646 (universal rank: 33943)
2025-09-05 12:09:10,482 - INFO - 
=== Training Example 78/1500: /home/projects/bagon/shared/imagenet512/val/n07880968/ILSVRC2012_val_00001151.JPEG ===
2025-09-05 12:09:17,012 - INFO - Example /home/projects/bagon/shared/imagenet512/val/n07880968/ILSVRC2012_val_00001151.JPEG reached epsilon at step 188, loss sum: 35.5755, final loss: 0.00099955, weight distance: 2.7205
2025-09-05 12:09:17,016 - INFO - Example 78 completed: 188 steps, loss sum: 35.5755, final loss: 0.00099955, weight distance: 2.7205 (universal rank: 33949)
2025-09-05 12:09:17,017 - INFO - 
=== Training Example 79/1500: /home/projects/bagon/shared/imagenet512/val/n04399382/ILSVRC2012_val_00025599.JPEG ===
2025-09-05 12:09:22,692 - INFO - Example /home/projects/bagon/shared/imagenet512/val/n04399382/ILSVRC2012_val_00025599.JPEG reached epsilon at step 164, loss sum: 11.5253, final loss: 0.00099859, weight distance: 1.5390
2025-09-05 12:09:22,697 - INFO - Example 79 completed: 164 steps, loss sum: 11.5253, final loss: 0.00099859, weight distance: 1.5390 (universal rank: 33979)
2025-09-05 12:09:22,698 - INFO - 
=== Training Example 80/1500: /home/projects/bagon/shared/imagenet512/val/n03633091/ILSVRC2012_val_00038031.JPEG ===
2025-09-05 12:09:29,220 - INFO - Example /home/projects/bagon/shared/imagenet512/val/n03633091/ILSVRC2012_val_00038031.JPEG reached epsilon at step 188, loss sum: 21.6006, final loss: 0.00099943, weight distance: 2.9588
2025-09-05 12:09:29,226 - INFO - Example 80 completed: 188 steps, loss sum: 21.6006, final loss: 0.00099943, weight distance: 2.9588 (universal rank: 33991)
2025-09-05 12:09:29,226 - INFO - 
=== Training Example 81/1500: /home/projects/bagon/shared/imagenet512/val/n02099849/ILSVRC2012_val_00024399.JPEG ===
2025-09-05 12:09:38,184 - INFO - Example /home/projects/bagon/shared/imagenet512/val/n02099849/ILSVRC2012_val_00024399.JPEG reached epsilon at step 260, loss sum: 24.0227, final loss: 0.00099717, weight distance: 4.1957
2025-09-05 12:09:38,190 - INFO - Example 81 completed: 260 steps, loss sum: 24.0227, final loss: 0.00099717, weight distance: 4.1957 (universal rank: 34051)
2025-09-05 12:09:38,190 - INFO - 
=== Training Example 82/1500: /home/projects/bagon/shared/imagenet512/val/n03902125/ILSVRC2012_val_00026091.JPEG ===
2025-09-05 12:09:44,828 - INFO - Example /home/projects/bagon/shared/imagenet512/val/n03902125/ILSVRC2012_val_00026091.JPEG reached epsilon at step 192, loss sum: 21.2761, final loss: 0.00099621, weight distance: 3.0492
2025-09-05 12:09:44,834 - INFO - Example 82 completed: 192 steps, loss sum: 21.2761, final loss: 0.00099621, weight distance: 3.0492 (universal rank: 34062)
2025-09-05 12:09:44,834 - INFO - 
=== Training Example 83/1500: /home/projects/bagon/shared/imagenet512/val/n01669191/ILSVRC2012_val_00045726.JPEG ===
2025-09-05 12:09:49,538 - INFO - Example /home/projects/bagon/shared/imagenet512/val/n01669191/ILSVRC2012_val_00045726.JPEG reached epsilon at step 135, loss sum: 23.4195, final loss: 0.00099514, weight distance: 1.5006
2025-09-05 12:09:49,545 - INFO - Example 83 completed: 135 steps, loss sum: 23.4195, final loss: 0.00099514, weight distance: 1.5006 (universal rank: 34086)
2025-09-05 12:09:49,545 - INFO - 
=== Training Example 84/1500: /home/projects/bagon/shared/imagenet512/val/n04372370/ILSVRC2012_val_00031983.JPEG ===
2025-09-05 12:09:54,631 - INFO - Example /home/projects/bagon/shared/imagenet512/val/n04372370/ILSVRC2012_val_00031983.JPEG reached epsilon at step 146, loss sum: 19.3078, final loss: 0.00099288, weight distance: 1.8249
2025-09-05 12:09:54,636 - INFO - Example 84 completed: 146 steps, loss sum: 19.3078, final loss: 0.00099288, weight distance: 1.8249 (universal rank: 34087)
2025-09-05 12:09:54,636 - INFO - 
=== Training Example 85/1500: /home/projects/bagon/shared/imagenet512/val/n03692522/ILSVRC2012_val_00004029.JPEG ===
2025-09-05 12:10:01,259 - INFO - Example /home/projects/bagon/shared/imagenet512/val/n03692522/ILSVRC2012_val_00004029.JPEG reached epsilon at step 191, loss sum: 20.8237, final loss: 0.00099800, weight distance: 4.0415
2025-09-05 12:10:01,265 - INFO - Example 85 completed: 191 steps, loss sum: 20.8237, final loss: 0.00099800, weight distance: 4.0415 (universal rank: 34094)
2025-09-05 12:10:01,266 - INFO - 
=== Training Example 86/1500: /home/projects/bagon/shared/imagenet512/val/n03657121/ILSVRC2012_val_00017890.JPEG ===
2025-09-05 12:10:13,990 - INFO - Example /home/projects/bagon/shared/imagenet512/val/n03657121/ILSVRC2012_val_00017890.JPEG reached epsilon at step 368, loss sum: 46.3992, final loss: 0.00099824, weight distance: 2.7369
2025-09-05 12:10:13,996 - INFO - Example 86 completed: 368 steps, loss sum: 46.3992, final loss: 0.00099824, weight distance: 2.7369 (universal rank: 34149)
2025-09-05 12:10:13,997 - INFO - 
=== Training Example 87/1500: /home/projects/bagon/shared/imagenet512/val/n02102318/ILSVRC2012_val_00046143.JPEG ===
2025-09-05 12:10:21,600 - INFO - Example /home/projects/bagon/shared/imagenet512/val/n02102318/ILSVRC2012_val_00046143.JPEG reached epsilon at step 221, loss sum: 26.0527, final loss: 0.00099657, weight distance: 3.8078
2025-09-05 12:10:21,606 - INFO - Example 87 completed: 221 steps, loss sum: 26.0527, final loss: 0.00099657, weight distance: 3.8078 (universal rank: 34284)
2025-09-05 12:10:21,606 - INFO - 
=== Training Example 88/1500: /home/projects/bagon/shared/imagenet512/val/n02172182/ILSVRC2012_val_00036729.JPEG ===
2025-09-05 12:10:29,663 - INFO - Example /home/projects/bagon/shared/imagenet512/val/n02172182/ILSVRC2012_val_00036729.JPEG reached epsilon at step 235, loss sum: 33.4349, final loss: 0.00099848, weight distance: 2.0896
2025-09-05 12:10:29,670 - INFO - Example 88 completed: 235 steps, loss sum: 33.4349, final loss: 0.00099848, weight distance: 2.0896 (universal rank: 34312)
2025-09-05 12:10:29,670 - INFO - 
=== Training Example 89/1500: /home/projects/bagon/shared/imagenet512/val/n02321529/ILSVRC2012_val_00005880.JPEG ===
2025-09-05 12:10:32,012 - INFO - Example /home/projects/bagon/shared/imagenet512/val/n02321529/ILSVRC2012_val_00005880.JPEG reached epsilon at step 66, loss sum: 13.8690, final loss: 0.00099728, weight distance: 2.2589
2025-09-05 12:10:32,016 - INFO - Example 89 completed: 66 steps, loss sum: 13.8690, final loss: 0.00099728, weight distance: 2.2589 (universal rank: 34344)
2025-09-05 12:10:32,016 - INFO - 
=== Training Example 90/1500: /home/projects/bagon/shared/imagenet512/val/n04131690/ILSVRC2012_val_00032630.JPEG ===
2025-09-05 12:10:37,769 - INFO - Example /home/projects/bagon/shared/imagenet512/val/n04131690/ILSVRC2012_val_00032630.JPEG reached epsilon at step 164, loss sum: 18.4720, final loss: 0.00099300, weight distance: 2.4294
2025-09-05 12:10:37,774 - INFO - Example 90 completed: 164 steps, loss sum: 18.4720, final loss: 0.00099300, weight distance: 2.4294 (universal rank: 34345)
2025-09-05 12:10:37,775 - INFO - 
=== Training Example 91/1500: /home/projects/bagon/shared/imagenet512/val/n01776313/ILSVRC2012_val_00002957.JPEG ===
2025-09-05 12:10:42,905 - INFO - Example /home/projects/bagon/shared/imagenet512/val/n01776313/ILSVRC2012_val_00002957.JPEG reached epsilon at step 147, loss sum: 20.0406, final loss: 0.00099990, weight distance: 3.7523
2025-09-05 12:10:42,910 - INFO - Example 91 completed: 147 steps, loss sum: 20.0406, final loss: 0.00099990, weight distance: 3.7523 (universal rank: 34362)
2025-09-05 12:10:42,910 - INFO - 
=== Training Example 92/1500: /home/projects/bagon/shared/imagenet512/val/n03814906/ILSVRC2012_val_00018854.JPEG ===
2025-09-05 12:10:58,399 - INFO - Example /home/projects/bagon/shared/imagenet512/val/n03814906/ILSVRC2012_val_00018854.JPEG reached epsilon at step 448, loss sum: 48.7016, final loss: 0.00099776, weight distance: 1.9972
2025-09-05 12:10:58,406 - INFO - Example 92 completed: 448 steps, loss sum: 48.7016, final loss: 0.00099776, weight distance: 1.9972 (universal rank: 34376)
2025-09-05 12:10:58,406 - INFO - 
=== Training Example 93/1500: /home/projects/bagon/shared/imagenet512/val/n03384352/ILSVRC2012_val_00009723.JPEG ===
2025-09-05 12:11:01,676 - INFO - Example /home/projects/bagon/shared/imagenet512/val/n03384352/ILSVRC2012_val_00009723.JPEG reached epsilon at step 93, loss sum: 14.2387, final loss: 0.00099776, weight distance: 0.9840
2025-09-05 12:11:01,681 - INFO - Example 93 completed: 93 steps, loss sum: 14.2387, final loss: 0.00099776, weight distance: 0.9840 (universal rank: 34410)
2025-09-05 12:11:01,681 - INFO - 
=== Training Example 94/1500: /home/projects/bagon/shared/imagenet512/val/n03796401/ILSVRC2012_val_00039716.JPEG ===
2025-09-05 12:11:11,400 - INFO - Example /home/projects/bagon/shared/imagenet512/val/n03796401/ILSVRC2012_val_00039716.JPEG reached epsilon at step 280, loss sum: 30.4040, final loss: 0.00099681, weight distance: 3.6625
2025-09-05 12:11:11,406 - INFO - Example 94 completed: 280 steps, loss sum: 30.4040, final loss: 0.00099681, weight distance: 3.6625 (universal rank: 34416)
2025-09-05 12:11:11,406 - INFO - 
=== Training Example 95/1500: /home/projects/bagon/shared/imagenet512/val/n04152593/ILSVRC2012_val_00034850.JPEG ===
2025-09-05 12:11:14,560 - INFO - Example /home/projects/bagon/shared/imagenet512/val/n04152593/ILSVRC2012_val_00034850.JPEG reached epsilon at step 89, loss sum: 27.5042, final loss: 0.00098931, weight distance: 1.0969
2025-09-05 12:11:14,565 - INFO - Example 95 completed: 89 steps, loss sum: 27.5042, final loss: 0.00098931, weight distance: 1.0969 (universal rank: 34434)
2025-09-05 12:11:14,566 - INFO - 
=== Training Example 96/1500: /home/projects/bagon/shared/imagenet512/val/n02206856/ILSVRC2012_val_00028469.JPEG ===
2025-09-05 12:11:27,473 - INFO - Example /home/projects/bagon/shared/imagenet512/val/n02206856/ILSVRC2012_val_00028469.JPEG reached epsilon at step 375, loss sum: 16.9939, final loss: 0.00099800, weight distance: 2.4906
2025-09-05 12:11:27,479 - INFO - Example 96 completed: 375 steps, loss sum: 16.9939, final loss: 0.00099800, weight distance: 2.4906 (universal rank: 34460)
2025-09-05 12:11:27,479 - INFO - 
=== Training Example 97/1500: /home/projects/bagon/shared/imagenet512/val/n03498962/ILSVRC2012_val_00016914.JPEG ===
2025-09-05 12:11:37,371 - INFO - Example /home/projects/bagon/shared/imagenet512/val/n03498962/ILSVRC2012_val_00016914.JPEG reached epsilon at step 287, loss sum: 14.2949, final loss: 0.00099943, weight distance: 2.5883
2025-09-05 12:11:37,377 - INFO - Example 97 completed: 287 steps, loss sum: 14.2949, final loss: 0.00099943, weight distance: 2.5883 (universal rank: 34494)
2025-09-05 12:11:37,377 - INFO - 
=== Training Example 98/1500: /home/projects/bagon/shared/imagenet512/val/n12768682/ILSVRC2012_val_00014606.JPEG ===
2025-09-05 12:11:39,774 - INFO - Example /home/projects/bagon/shared/imagenet512/val/n12768682/ILSVRC2012_val_00014606.JPEG reached epsilon at step 67, loss sum: 24.8167, final loss: 0.00099085, weight distance: 6.2333
2025-09-05 12:11:39,779 - INFO - Example 98 completed: 67 steps, loss sum: 24.8167, final loss: 0.00099085, weight distance: 6.2333 (universal rank: 34497)
2025-09-05 12:11:39,779 - INFO - 
=== Training Example 99/1500: /home/projects/bagon/shared/imagenet512/val/n07697537/ILSVRC2012_val_00032679.JPEG ===
2025-09-05 12:11:49,540 - INFO - Example /home/projects/bagon/shared/imagenet512/val/n07697537/ILSVRC2012_val_00032679.JPEG reached epsilon at step 284, loss sum: 26.0125, final loss: 0.00099931, weight distance: 4.2873
2025-09-05 12:11:49,544 - INFO - Example 99 completed: 284 steps, loss sum: 26.0125, final loss: 0.00099931, weight distance: 4.2873 (universal rank: 34538)
2025-09-05 12:11:49,544 - INFO - 
=== Training Example 100/1500: /home/projects/bagon/shared/imagenet512/val/n03045698/ILSVRC2012_val_00008841.JPEG ===
2025-09-05 12:11:56,386 - INFO - Example /home/projects/bagon/shared/imagenet512/val/n03045698/ILSVRC2012_val_00008841.JPEG reached epsilon at step 199, loss sum: 38.3101, final loss: 0.00099740, weight distance: 2.0572
2025-09-05 12:11:56,392 - INFO - Example 100 completed: 199 steps, loss sum: 38.3101, final loss: 0.00099740, weight distance: 2.0572 (universal rank: 34560)
2025-09-05 12:11:56,392 - INFO - 
=== Training Example 101/1500: /home/projects/bagon/shared/imagenet512/val/n02114855/ILSVRC2012_val_00016911.JPEG ===
2025-09-05 12:12:15,034 - INFO - Example /home/projects/bagon/shared/imagenet512/val/n02114855/ILSVRC2012_val_00016911.JPEG reached epsilon at step 540, loss sum: 53.4426, final loss: 0.00099955, weight distance: 1.7719
2025-09-05 12:12:15,042 - INFO - Example 101 completed: 540 steps, loss sum: 53.4426, final loss: 0.00099955, weight distance: 1.7719 (universal rank: 34561)
2025-09-05 12:12:15,042 - INFO - 
=== Training Example 102/1500: /home/projects/bagon/shared/imagenet512/val/n01443537/ILSVRC2012_val_00020436.JPEG ===
2025-09-05 12:12:24,609 - INFO - Example /home/projects/bagon/shared/imagenet512/val/n01443537/ILSVRC2012_val_00020436.JPEG reached epsilon at step 278, loss sum: 13.4012, final loss: 0.00099943, weight distance: 3.9819
2025-09-05 12:12:24,615 - INFO - Example 102 completed: 278 steps, loss sum: 13.4012, final loss: 0.00099943, weight distance: 3.9819 (universal rank: 34570)
2025-09-05 12:12:24,615 - INFO - 
=== Training Example 103/1500: /home/projects/bagon/shared/imagenet512/val/n04147183/ILSVRC2012_val_00042895.JPEG ===
2025-09-05 12:12:39,883 - INFO - Example /home/projects/bagon/shared/imagenet512/val/n04147183/ILSVRC2012_val_00042895.JPEG reached epsilon at step 443, loss sum: 15.9442, final loss: 0.00099990, weight distance: 1.7301
2025-09-05 12:12:39,890 - INFO - Example 103 completed: 443 steps, loss sum: 15.9442, final loss: 0.00099990, weight distance: 1.7301 (universal rank: 34618)
2025-09-05 12:12:39,890 - INFO - 
=== Training Example 104/1500: /home/projects/bagon/shared/imagenet512/val/n02978881/ILSVRC2012_val_00045023.JPEG ===
2025-09-05 12:12:49,170 - INFO - Example /home/projects/bagon/shared/imagenet512/val/n02978881/ILSVRC2012_val_00045023.JPEG reached epsilon at step 269, loss sum: 28.3791, final loss: 0.00099681, weight distance: 2.6716
2025-09-05 12:12:49,176 - INFO - Example 104 completed: 269 steps, loss sum: 28.3791, final loss: 0.00099681, weight distance: 2.6716 (universal rank: 34634)
2025-09-05 12:12:49,176 - INFO - 
=== Training Example 105/1500: /home/projects/bagon/shared/imagenet512/val/n04127249/ILSVRC2012_val_00045496.JPEG ===
2025-09-05 12:12:54,487 - INFO - Example /home/projects/bagon/shared/imagenet512/val/n04127249/ILSVRC2012_val_00045496.JPEG reached epsilon at step 153, loss sum: 14.7312, final loss: 0.00099597, weight distance: 2.8795
2025-09-05 12:12:54,493 - INFO - Example 105 completed: 153 steps, loss sum: 14.7312, final loss: 0.00099597, weight distance: 2.8795 (universal rank: 34663)
2025-09-05 12:12:54,493 - INFO - 
=== Training Example 106/1500: /home/projects/bagon/shared/imagenet512/val/n02114548/ILSVRC2012_val_00013358.JPEG ===
2025-09-05 12:13:08,925 - INFO - Example /home/projects/bagon/shared/imagenet512/val/n02114548/ILSVRC2012_val_00013358.JPEG reached epsilon at step 420, loss sum: 27.0397, final loss: 0.00099836, weight distance: 2.5061
2025-09-05 12:13:08,931 - INFO - Example 106 completed: 420 steps, loss sum: 27.0397, final loss: 0.00099836, weight distance: 2.5061 (universal rank: 34674)
2025-09-05 12:13:08,931 - INFO - 
=== Training Example 107/1500: /home/projects/bagon/shared/imagenet512/val/n02105412/ILSVRC2012_val_00021923.JPEG ===
2025-09-05 12:13:13,661 - INFO - Example /home/projects/bagon/shared/imagenet512/val/n02105412/ILSVRC2012_val_00021923.JPEG reached epsilon at step 138, loss sum: 17.2985, final loss: 0.00099609, weight distance: 3.0994
2025-09-05 12:13:13,666 - INFO - Example 107 completed: 138 steps, loss sum: 17.2985, final loss: 0.00099609, weight distance: 3.0994 (universal rank: 34715)
2025-09-05 12:13:13,667 - INFO - 
=== Training Example 108/1500: /home/projects/bagon/shared/imagenet512/val/n02091467/ILSVRC2012_val_00006937.JPEG ===
2025-09-05 12:13:21,519 - INFO - Example /home/projects/bagon/shared/imagenet512/val/n02091467/ILSVRC2012_val_00006937.JPEG reached epsilon at step 230, loss sum: 21.4830, final loss: 0.00099943, weight distance: 3.5319
2025-09-05 12:13:21,526 - INFO - Example 108 completed: 230 steps, loss sum: 21.4830, final loss: 0.00099943, weight distance: 3.5319 (universal rank: 34746)
2025-09-05 12:13:21,526 - INFO - 
=== Training Example 109/1500: /home/projects/bagon/shared/imagenet512/val/n03908714/ILSVRC2012_val_00008499.JPEG ===
2025-09-05 12:13:26,418 - INFO - Example /home/projects/bagon/shared/imagenet512/val/n03908714/ILSVRC2012_val_00008499.JPEG reached epsilon at step 142, loss sum: 15.7491, final loss: 0.00099252, weight distance: 2.4759
2025-09-05 12:13:26,424 - INFO - Example 109 completed: 142 steps, loss sum: 15.7491, final loss: 0.00099252, weight distance: 2.4759 (universal rank: 34756)
2025-09-05 12:13:26,424 - INFO - 
=== Training Example 110/1500: /home/projects/bagon/shared/imagenet512/val/n02229544/ILSVRC2012_val_00035324.JPEG ===
2025-09-05 12:13:34,863 - INFO - Example /home/projects/bagon/shared/imagenet512/val/n02229544/ILSVRC2012_val_00035324.JPEG reached epsilon at step 246, loss sum: 20.9359, final loss: 0.00099717, weight distance: 1.8311
2025-09-05 12:13:34,869 - INFO - Example 110 completed: 246 steps, loss sum: 20.9359, final loss: 0.00099717, weight distance: 1.8311 (universal rank: 34769)
2025-09-05 12:13:34,869 - INFO - 
=== Training Example 111/1500: /home/projects/bagon/shared/imagenet512/val/n02168699/ILSVRC2012_val_00017552.JPEG ===
2025-09-05 12:13:56,590 - INFO - Example /home/projects/bagon/shared/imagenet512/val/n02168699/ILSVRC2012_val_00017552.JPEG reached epsilon at step 636, loss sum: 46.5381, final loss: 0.00099943, weight distance: 0.7994
2025-09-05 12:13:56,596 - INFO - Example 111 completed: 636 steps, loss sum: 46.5381, final loss: 0.00099943, weight distance: 0.7994 (universal rank: 34823)
2025-09-05 12:13:56,596 - INFO - 
=== Training Example 112/1500: /home/projects/bagon/shared/imagenet512/val/n03877845/ILSVRC2012_val_00019573.JPEG ===
2025-09-05 12:14:02,427 - INFO - Example /home/projects/bagon/shared/imagenet512/val/n03877845/ILSVRC2012_val_00019573.JPEG reached epsilon at step 155, loss sum: 20.3250, final loss: 0.00099848, weight distance: 1.4431
2025-09-05 12:14:02,432 - INFO - Example 112 completed: 155 steps, loss sum: 20.3250, final loss: 0.00099848, weight distance: 1.4431 (universal rank: 34837)
2025-09-05 12:14:02,432 - INFO - 
=== Training Example 113/1500: /home/projects/bagon/shared/imagenet512/val/n02843684/ILSVRC2012_val_00026344.JPEG ===
2025-09-05 12:14:11,971 - INFO - Example /home/projects/bagon/shared/imagenet512/val/n02843684/ILSVRC2012_val_00026344.JPEG reached epsilon at step 276, loss sum: 44.3636, final loss: 0.00099645, weight distance: 5.4747
2025-09-05 12:14:11,979 - INFO - Example 113 completed: 276 steps, loss sum: 44.3636, final loss: 0.00099645, weight distance: 5.4747 (universal rank: 34850)
2025-09-05 12:14:11,979 - INFO - 
=== Training Example 114/1500: /home/projects/bagon/shared/imagenet512/val/n02980441/ILSVRC2012_val_00002061.JPEG ===
2025-09-05 12:14:20,663 - INFO - Example /home/projects/bagon/shared/imagenet512/val/n02980441/ILSVRC2012_val_00002061.JPEG reached epsilon at step 250, loss sum: 22.1341, final loss: 0.00099800, weight distance: 0.8728
2025-09-05 12:14:20,668 - INFO - Example 114 completed: 250 steps, loss sum: 22.1341, final loss: 0.00099800, weight distance: 0.8728 (universal rank: 34877)
2025-09-05 12:14:20,668 - INFO - 
=== Training Example 115/1500: /home/projects/bagon/shared/imagenet512/val/n02120079/ILSVRC2012_val_00011289.JPEG ===
2025-09-05 12:14:30,220 - INFO - Example /home/projects/bagon/shared/imagenet512/val/n02120079/ILSVRC2012_val_00011289.JPEG reached epsilon at step 277, loss sum: 20.2605, final loss: 0.00099752, weight distance: 1.5235
2025-09-05 12:14:30,233 - INFO - Example 115 completed: 277 steps, loss sum: 20.2605, final loss: 0.00099752, weight distance: 1.5235 (universal rank: 34886)
2025-09-05 12:14:30,234 - INFO - 
=== Training Example 116/1500: /home/projects/bagon/shared/imagenet512/val/n02814860/ILSVRC2012_val_00034304.JPEG ===
2025-09-05 12:14:41,946 - INFO - Example /home/projects/bagon/shared/imagenet512/val/n02814860/ILSVRC2012_val_00034304.JPEG reached epsilon at step 341, loss sum: 19.4721, final loss: 0.00099728, weight distance: 2.3518
2025-09-05 12:14:41,952 - INFO - Example 116 completed: 341 steps, loss sum: 19.4721, final loss: 0.00099728, weight distance: 2.3518 (universal rank: 34889)
2025-09-05 12:14:41,953 - INFO - 
=== Training Example 117/1500: /home/projects/bagon/shared/imagenet512/val/n02233338/ILSVRC2012_val_00042811.JPEG ===
2025-09-05 12:14:50,633 - INFO - Example /home/projects/bagon/shared/imagenet512/val/n02233338/ILSVRC2012_val_00042811.JPEG reached epsilon at step 250, loss sum: 27.0849, final loss: 0.00099645, weight distance: 3.5650
2025-09-05 12:14:50,639 - INFO - Example 117 completed: 250 steps, loss sum: 27.0849, final loss: 0.00099645, weight distance: 3.5650 (universal rank: 34944)
2025-09-05 12:14:50,639 - INFO - 
=== Training Example 118/1500: /home/projects/bagon/shared/imagenet512/val/n04152593/ILSVRC2012_val_00002810.JPEG ===
2025-09-05 12:14:53,404 - INFO - Example /home/projects/bagon/shared/imagenet512/val/n04152593/ILSVRC2012_val_00002810.JPEG reached epsilon at step 78, loss sum: 17.4079, final loss: 0.00099324, weight distance: 0.9823
2025-09-05 12:14:53,408 - INFO - Example 118 completed: 78 steps, loss sum: 17.4079, final loss: 0.00099324, weight distance: 0.9823 (universal rank: 34994)
2025-09-05 12:14:53,409 - INFO - 
=== Training Example 119/1500: /home/projects/bagon/shared/imagenet512/val/n04067472/ILSVRC2012_val_00010440.JPEG ===
2025-09-05 12:15:00,475 - INFO - Example /home/projects/bagon/shared/imagenet512/val/n04067472/ILSVRC2012_val_00010440.JPEG reached epsilon at step 204, loss sum: 17.0143, final loss: 0.00099562, weight distance: 4.7775
2025-09-05 12:15:00,482 - INFO - Example 119 completed: 204 steps, loss sum: 17.0143, final loss: 0.00099562, weight distance: 4.7775 (universal rank: 35002)
2025-09-05 12:15:00,482 - INFO - 
=== Training Example 120/1500: /home/projects/bagon/shared/imagenet512/val/n02814860/ILSVRC2012_val_00016624.JPEG ===
2025-09-05 12:15:11,300 - INFO - Example /home/projects/bagon/shared/imagenet512/val/n02814860/ILSVRC2012_val_00016624.JPEG reached epsilon at step 312, loss sum: 17.0525, final loss: 0.00099848, weight distance: 0.7006
2025-09-05 12:15:11,307 - INFO - Example 120 completed: 312 steps, loss sum: 17.0525, final loss: 0.00099848, weight distance: 0.7006 (universal rank: 35019)
2025-09-05 12:15:11,307 - INFO - 
=== Training Example 121/1500: /home/projects/bagon/shared/imagenet512/val/n07742313/ILSVRC2012_val_00000727.JPEG ===
2025-09-05 12:15:20,882 - INFO - Example /home/projects/bagon/shared/imagenet512/val/n07742313/ILSVRC2012_val_00000727.JPEG reached epsilon at step 279, loss sum: 18.7618, final loss: 0.00099848, weight distance: 2.0462
2025-09-05 12:15:20,887 - INFO - Example 121 completed: 279 steps, loss sum: 18.7618, final loss: 0.00099848, weight distance: 2.0462 (universal rank: 35024)
2025-09-05 12:15:20,888 - INFO - 
=== Training Example 122/1500: /home/projects/bagon/shared/imagenet512/val/n12768682/ILSVRC2012_val_00034646.JPEG ===
2025-09-05 12:15:26,744 - INFO - Example /home/projects/bagon/shared/imagenet512/val/n12768682/ILSVRC2012_val_00034646.JPEG reached epsilon at step 170, loss sum: 12.4121, final loss: 0.00099883, weight distance: 1.3471
2025-09-05 12:15:26,749 - INFO - Example 122 completed: 170 steps, loss sum: 12.4121, final loss: 0.00099883, weight distance: 1.3471 (universal rank: 35086)
2025-09-05 12:15:26,749 - INFO - 
=== Training Example 123/1500: /home/projects/bagon/shared/imagenet512/val/n02791270/ILSVRC2012_val_00000762.JPEG ===
2025-09-05 12:15:31,083 - INFO - Example /home/projects/bagon/shared/imagenet512/val/n02791270/ILSVRC2012_val_00000762.JPEG reached epsilon at step 125, loss sum: 15.9743, final loss: 0.00099514, weight distance: 1.3652
2025-09-05 12:15:31,092 - INFO - Example 123 completed: 125 steps, loss sum: 15.9743, final loss: 0.00099514, weight distance: 1.3652 (universal rank: 35110)
2025-09-05 12:15:31,092 - INFO - 
=== Training Example 124/1500: /home/projects/bagon/shared/imagenet512/val/n02028035/ILSVRC2012_val_00002170.JPEG ===
2025-09-05 12:15:41,428 - INFO - Example /home/projects/bagon/shared/imagenet512/val/n02028035/ILSVRC2012_val_00002170.JPEG reached epsilon at step 302, loss sum: 25.3291, final loss: 0.00099943, weight distance: 1.6112
2025-09-05 12:15:41,433 - INFO - Example 124 completed: 302 steps, loss sum: 25.3291, final loss: 0.00099943, weight distance: 1.6112 (universal rank: 35128)
2025-09-05 12:15:41,433 - INFO - 
=== Training Example 125/1500: /home/projects/bagon/shared/imagenet512/val/n03100240/ILSVRC2012_val_00004387.JPEG ===
2025-09-05 12:15:54,613 - INFO - Example /home/projects/bagon/shared/imagenet512/val/n03100240/ILSVRC2012_val_00004387.JPEG reached epsilon at step 381, loss sum: 28.6090, final loss: 0.00099800, weight distance: 2.3148
2025-09-05 12:15:54,619 - INFO - Example 125 completed: 381 steps, loss sum: 28.6090, final loss: 0.00099800, weight distance: 2.3148 (universal rank: 35165)
2025-09-05 12:15:54,620 - INFO - 
=== Training Example 126/1500: /home/projects/bagon/shared/imagenet512/val/n03710193/ILSVRC2012_val_00030100.JPEG ===
2025-09-05 12:16:01,311 - INFO - Example /home/projects/bagon/shared/imagenet512/val/n03710193/ILSVRC2012_val_00030100.JPEG reached epsilon at step 193, loss sum: 18.4750, final loss: 0.00099621, weight distance: 0.8376
2025-09-05 12:16:01,317 - INFO - Example 126 completed: 193 steps, loss sum: 18.4750, final loss: 0.00099621, weight distance: 0.8376 (universal rank: 35172)
2025-09-05 12:16:01,317 - INFO - 
=== Training Example 127/1500: /home/projects/bagon/shared/imagenet512/val/n04254120/ILSVRC2012_val_00008831.JPEG ===
2025-09-05 12:16:09,662 - INFO - Example /home/projects/bagon/shared/imagenet512/val/n04254120/ILSVRC2012_val_00008831.JPEG reached epsilon at step 240, loss sum: 17.6223, final loss: 0.00099955, weight distance: 4.8207
2025-09-05 12:16:09,667 - INFO - Example 127 completed: 240 steps, loss sum: 17.6223, final loss: 0.00099955, weight distance: 4.8207 (universal rank: 35193)
2025-09-05 12:16:09,667 - INFO - 
=== Training Example 128/1500: /home/projects/bagon/shared/imagenet512/val/n07836838/ILSVRC2012_val_00002949.JPEG ===
2025-09-05 12:16:13,707 - INFO - Example /home/projects/bagon/shared/imagenet512/val/n07836838/ILSVRC2012_val_00002949.JPEG reached epsilon at step 116, loss sum: 35.2900, final loss: 0.00099597, weight distance: 1.7015
2025-09-05 12:16:13,712 - INFO - Example 128 completed: 116 steps, loss sum: 35.2900, final loss: 0.00099597, weight distance: 1.7015 (universal rank: 35220)
2025-09-05 12:16:13,712 - INFO - 
=== Training Example 129/1500: /home/projects/bagon/shared/imagenet512/val/n01924916/ILSVRC2012_val_00004051.JPEG ===
2025-09-05 12:16:27,762 - INFO - Example /home/projects/bagon/shared/imagenet512/val/n01924916/ILSVRC2012_val_00004051.JPEG reached epsilon at step 410, loss sum: 40.8288, final loss: 0.00099717, weight distance: 1.5579
2025-09-05 12:16:27,768 - INFO - Example 129 completed: 410 steps, loss sum: 40.8288, final loss: 0.00099717, weight distance: 1.5579 (universal rank: 35222)
2025-09-05 12:16:27,768 - INFO - 
=== Training Example 130/1500: /home/projects/bagon/shared/imagenet512/val/n02927161/ILSVRC2012_val_00015368.JPEG ===
2025-09-05 12:16:34,604 - INFO - Example /home/projects/bagon/shared/imagenet512/val/n02927161/ILSVRC2012_val_00015368.JPEG reached epsilon at step 198, loss sum: 23.2381, final loss: 0.00099705, weight distance: 0.8932
2025-09-05 12:16:34,610 - INFO - Example 130 completed: 198 steps, loss sum: 23.2381, final loss: 0.00099705, weight distance: 0.8932 (universal rank: 35235)
2025-09-05 12:16:34,611 - INFO - 
=== Training Example 131/1500: /home/projects/bagon/shared/imagenet512/val/n03249569/ILSVRC2012_val_00044498.JPEG ===
2025-09-05 12:16:42,680 - INFO - Example /home/projects/bagon/shared/imagenet512/val/n03249569/ILSVRC2012_val_00044498.JPEG reached epsilon at step 234, loss sum: 19.1538, final loss: 0.00099979, weight distance: 1.2992
2025-09-05 12:16:42,690 - INFO - Example 131 completed: 234 steps, loss sum: 19.1538, final loss: 0.00099979, weight distance: 1.2992 (universal rank: 35242)
2025-09-05 12:16:42,690 - INFO - 
=== Training Example 132/1500: /home/projects/bagon/shared/imagenet512/val/n07711569/ILSVRC2012_val_00003087.JPEG ===
2025-09-05 12:17:01,349 - INFO - Example /home/projects/bagon/shared/imagenet512/val/n07711569/ILSVRC2012_val_00003087.JPEG reached epsilon at step 542, loss sum: 37.3254, final loss: 0.00099931, weight distance: 3.1072
2025-09-05 12:17:01,355 - INFO - Example 132 completed: 542 steps, loss sum: 37.3254, final loss: 0.00099931, weight distance: 3.1072 (universal rank: 35245)
2025-09-05 12:17:01,355 - INFO - 
=== Training Example 133/1500: /home/projects/bagon/shared/imagenet512/val/n02095314/ILSVRC2012_val_00012515.JPEG ===
2025-09-05 12:17:03,916 - INFO - Example /home/projects/bagon/shared/imagenet512/val/n02095314/ILSVRC2012_val_00012515.JPEG reached epsilon at step 71, loss sum: 19.2350, final loss: 0.00098645, weight distance: 1.1599
2025-09-05 12:17:03,922 - INFO - Example 133 completed: 71 steps, loss sum: 19.2350, final loss: 0.00098645, weight distance: 1.1599 (universal rank: 35254)
2025-09-05 12:17:03,922 - INFO - 
=== Training Example 134/1500: /home/projects/bagon/shared/imagenet512/val/n02094114/ILSVRC2012_val_00035795.JPEG ===
2025-09-05 12:17:20,148 - INFO - Example /home/projects/bagon/shared/imagenet512/val/n02094114/ILSVRC2012_val_00035795.JPEG reached epsilon at step 471, loss sum: 49.9312, final loss: 0.00099931, weight distance: 3.9125
2025-09-05 12:17:20,153 - INFO - Example 134 completed: 471 steps, loss sum: 49.9312, final loss: 0.00099931, weight distance: 3.9125 (universal rank: 35262)
2025-09-05 12:17:20,154 - INFO - 
=== Training Example 135/1500: /home/projects/bagon/shared/imagenet512/val/n04136333/ILSVRC2012_val_00001348.JPEG ===
2025-09-05 12:17:25,510 - INFO - Example /home/projects/bagon/shared/imagenet512/val/n04136333/ILSVRC2012_val_00001348.JPEG reached epsilon at step 154, loss sum: 19.9595, final loss: 0.00099990, weight distance: 3.0102
2025-09-05 12:17:25,516 - INFO - Example 135 completed: 154 steps, loss sum: 19.9595, final loss: 0.00099990, weight distance: 3.0102 (universal rank: 35266)
2025-09-05 12:17:25,516 - INFO - 
=== Training Example 136/1500: /home/projects/bagon/shared/imagenet512/val/n04447861/ILSVRC2012_val_00034633.JPEG ===
2025-09-05 12:17:27,682 - INFO - Example /home/projects/bagon/shared/imagenet512/val/n04447861/ILSVRC2012_val_00034633.JPEG reached epsilon at step 60, loss sum: 15.1833, final loss: 0.00099169, weight distance: 0.9181
2025-09-05 12:17:27,687 - INFO - Example 136 completed: 60 steps, loss sum: 15.1833, final loss: 0.00099169, weight distance: 0.9181 (universal rank: 35267)
2025-09-05 12:17:27,687 - INFO - 
=== Training Example 137/1500: /home/projects/bagon/shared/imagenet512/val/n03584829/ILSVRC2012_val_00016286.JPEG ===
2025-09-05 12:17:35,665 - INFO - Example /home/projects/bagon/shared/imagenet512/val/n03584829/ILSVRC2012_val_00016286.JPEG reached epsilon at step 231, loss sum: 11.6475, final loss: 0.00099740, weight distance: 3.0670
2025-09-05 12:17:35,671 - INFO - Example 137 completed: 231 steps, loss sum: 11.6475, final loss: 0.00099740, weight distance: 3.0670 (universal rank: 35269)
2025-09-05 12:17:35,672 - INFO - 
=== Training Example 138/1500: /home/projects/bagon/shared/imagenet512/val/n02133161/ILSVRC2012_val_00033328.JPEG ===
2025-09-05 12:17:40,632 - INFO - Example /home/projects/bagon/shared/imagenet512/val/n02133161/ILSVRC2012_val_00033328.JPEG reached epsilon at step 142, loss sum: 23.6799, final loss: 0.00099764, weight distance: 3.4333
2025-09-05 12:17:40,636 - INFO - Example 138 completed: 142 steps, loss sum: 23.6799, final loss: 0.00099764, weight distance: 3.4333 (universal rank: 35279)
2025-09-05 12:17:40,636 - INFO - 
=== Training Example 139/1500: /home/projects/bagon/shared/imagenet512/val/n01910747/ILSVRC2012_val_00033320.JPEG ===
2025-09-05 12:17:45,972 - INFO - Example /home/projects/bagon/shared/imagenet512/val/n01910747/ILSVRC2012_val_00033320.JPEG reached epsilon at step 153, loss sum: 16.9335, final loss: 0.00099538, weight distance: 2.7690
2025-09-05 12:17:45,977 - INFO - Example 139 completed: 153 steps, loss sum: 16.9335, final loss: 0.00099538, weight distance: 2.7690 (universal rank: 35318)
2025-09-05 12:17:45,977 - INFO - 
=== Training Example 140/1500: /home/projects/bagon/shared/imagenet512/val/n01677366/ILSVRC2012_val_00016304.JPEG ===
2025-09-05 12:17:52,409 - INFO - Example /home/projects/bagon/shared/imagenet512/val/n01677366/ILSVRC2012_val_00016304.JPEG reached epsilon at step 184, loss sum: 36.5671, final loss: 0.00099800, weight distance: 2.1326
2025-09-05 12:17:52,415 - INFO - Example 140 completed: 184 steps, loss sum: 36.5671, final loss: 0.00099800, weight distance: 2.1326 (universal rank: 35322)
2025-09-05 12:17:52,415 - INFO - 
=== Training Example 141/1500: /home/projects/bagon/shared/imagenet512/val/n03788195/ILSVRC2012_val_00025478.JPEG ===
2025-09-05 12:17:58,678 - INFO - Example /home/projects/bagon/shared/imagenet512/val/n03788195/ILSVRC2012_val_00025478.JPEG reached epsilon at step 180, loss sum: 19.4219, final loss: 0.00099955, weight distance: 1.9916
2025-09-05 12:17:58,683 - INFO - Example 141 completed: 180 steps, loss sum: 19.4219, final loss: 0.00099955, weight distance: 1.9916 (universal rank: 35332)
2025-09-05 12:17:58,683 - INFO - 
=== Training Example 142/1500: /home/projects/bagon/shared/imagenet512/val/n03372029/ILSVRC2012_val_00034642.JPEG ===
2025-09-05 12:18:06,757 - INFO - Example /home/projects/bagon/shared/imagenet512/val/n03372029/ILSVRC2012_val_00034642.JPEG reached epsilon at step 231, loss sum: 13.4193, final loss: 0.00099836, weight distance: 2.2639
2025-09-05 12:18:06,762 - INFO - Example 142 completed: 231 steps, loss sum: 13.4193, final loss: 0.00099836, weight distance: 2.2639 (universal rank: 35333)
2025-09-05 12:18:06,763 - INFO - 
=== Training Example 143/1500: /home/projects/bagon/shared/imagenet512/val/n02794156/ILSVRC2012_val_00037026.JPEG ===
2025-09-05 12:18:14,909 - INFO - Example /home/projects/bagon/shared/imagenet512/val/n02794156/ILSVRC2012_val_00037026.JPEG reached epsilon at step 235, loss sum: 13.3963, final loss: 0.00099931, weight distance: 1.5822
2025-09-05 12:18:14,915 - INFO - Example 143 completed: 235 steps, loss sum: 13.3963, final loss: 0.00099931, weight distance: 1.5822 (universal rank: 35371)
2025-09-05 12:18:14,915 - INFO - 
=== Training Example 144/1500: /home/projects/bagon/shared/imagenet512/val/n04392985/ILSVRC2012_val_00027019.JPEG ===
2025-09-05 12:18:26,181 - INFO - Example /home/projects/bagon/shared/imagenet512/val/n04392985/ILSVRC2012_val_00027019.JPEG reached epsilon at step 327, loss sum: 21.5495, final loss: 0.00099764, weight distance: 2.2442
2025-09-05 12:18:26,186 - INFO - Example 144 completed: 327 steps, loss sum: 21.5495, final loss: 0.00099764, weight distance: 2.2442 (universal rank: 35387)
2025-09-05 12:18:26,186 - INFO - 
=== Training Example 145/1500: /home/projects/bagon/shared/imagenet512/val/n02106030/ILSVRC2012_val_00027522.JPEG ===
2025-09-05 12:18:33,254 - INFO - Example /home/projects/bagon/shared/imagenet512/val/n02106030/ILSVRC2012_val_00027522.JPEG reached epsilon at step 203, loss sum: 20.1846, final loss: 0.00099633, weight distance: 2.0643
2025-09-05 12:18:33,259 - INFO - Example 145 completed: 203 steps, loss sum: 20.1846, final loss: 0.00099633, weight distance: 2.0643 (universal rank: 35405)
2025-09-05 12:18:33,259 - INFO - 
=== Training Example 146/1500: /home/projects/bagon/shared/imagenet512/val/n01644900/ILSVRC2012_val_00005768.JPEG ===
2025-09-05 12:18:43,875 - INFO - Example /home/projects/bagon/shared/imagenet512/val/n01644900/ILSVRC2012_val_00005768.JPEG reached epsilon at step 307, loss sum: 28.8981, final loss: 0.00099705, weight distance: 1.0277
2025-09-05 12:18:43,882 - INFO - Example 146 completed: 307 steps, loss sum: 28.8981, final loss: 0.00099705, weight distance: 1.0277 (universal rank: 35418)
2025-09-05 12:18:43,882 - INFO - 
=== Training Example 147/1500: /home/projects/bagon/shared/imagenet512/val/n02174001/ILSVRC2012_val_00023188.JPEG ===
2025-09-05 12:18:51,559 - INFO - Example /home/projects/bagon/shared/imagenet512/val/n02174001/ILSVRC2012_val_00023188.JPEG reached epsilon at step 220, loss sum: 30.6855, final loss: 0.00099466, weight distance: 2.5864
2025-09-05 12:18:51,564 - INFO - Example 147 completed: 220 steps, loss sum: 30.6855, final loss: 0.00099466, weight distance: 2.5864 (universal rank: 35424)
2025-09-05 12:18:51,564 - INFO - 
=== Training Example 148/1500: /home/projects/bagon/shared/imagenet512/val/n03871628/ILSVRC2012_val_00048740.JPEG ===
2025-09-05 12:18:59,562 - INFO - Example /home/projects/bagon/shared/imagenet512/val/n03871628/ILSVRC2012_val_00048740.JPEG reached epsilon at step 229, loss sum: 26.9574, final loss: 0.00099764, weight distance: 5.3881
2025-09-05 12:18:59,568 - INFO - Example 148 completed: 229 steps, loss sum: 26.9574, final loss: 0.00099764, weight distance: 5.3881 (universal rank: 35441)
2025-09-05 12:18:59,568 - INFO - 
=== Training Example 149/1500: /home/projects/bagon/shared/imagenet512/val/n01770081/ILSVRC2012_val_00047984.JPEG ===
2025-09-05 12:19:09,528 - INFO - Example /home/projects/bagon/shared/imagenet512/val/n01770081/ILSVRC2012_val_00047984.JPEG reached epsilon at step 286, loss sum: 21.4771, final loss: 0.00099990, weight distance: 3.8845
2025-09-05 12:19:09,533 - INFO - Example 149 completed: 286 steps, loss sum: 21.4771, final loss: 0.00099990, weight distance: 3.8845 (universal rank: 35490)
2025-09-05 12:19:09,533 - INFO - 
=== Training Example 150/1500: /home/projects/bagon/shared/imagenet512/val/n07583066/ILSVRC2012_val_00001378.JPEG ===
2025-09-05 12:19:17,314 - INFO - Example /home/projects/bagon/shared/imagenet512/val/n07583066/ILSVRC2012_val_00001378.JPEG reached epsilon at step 224, loss sum: 42.7165, final loss: 0.00099883, weight distance: 2.1753
2025-09-05 12:19:17,320 - INFO - Example 150 completed: 224 steps, loss sum: 42.7165, final loss: 0.00099883, weight distance: 2.1753 (universal rank: 35500)
2025-09-05 12:19:17,320 - INFO - 
=== Training Example 151/1500: /home/projects/bagon/shared/imagenet512/val/n01978455/ILSVRC2012_val_00024885.JPEG ===
2025-09-05 12:19:31,178 - INFO - Example /home/projects/bagon/shared/imagenet512/val/n01978455/ILSVRC2012_val_00024885.JPEG reached epsilon at step 404, loss sum: 45.1404, final loss: 0.00099919, weight distance: 4.9118
2025-09-05 12:19:31,183 - INFO - Example 151 completed: 404 steps, loss sum: 45.1404, final loss: 0.00099919, weight distance: 4.9118 (universal rank: 35509)
2025-09-05 12:19:31,183 - INFO - 
=== Training Example 152/1500: /home/projects/bagon/shared/imagenet512/val/n02105855/ILSVRC2012_val_00001971.JPEG ===
2025-09-05 12:19:37,691 - INFO - Example /home/projects/bagon/shared/imagenet512/val/n02105855/ILSVRC2012_val_00001971.JPEG reached epsilon at step 188, loss sum: 30.1905, final loss: 0.00099597, weight distance: 0.8329
2025-09-05 12:19:37,697 - INFO - Example 152 completed: 188 steps, loss sum: 30.1905, final loss: 0.00099597, weight distance: 0.8329 (universal rank: 35511)
2025-09-05 12:19:37,697 - INFO - 
=== Training Example 153/1500: /home/projects/bagon/shared/imagenet512/val/n01744401/ILSVRC2012_val_00032663.JPEG ===
2025-09-05 12:19:45,690 - INFO - Example /home/projects/bagon/shared/imagenet512/val/n01744401/ILSVRC2012_val_00032663.JPEG reached epsilon at step 232, loss sum: 27.8788, final loss: 0.00099597, weight distance: 2.2604
2025-09-05 12:19:45,696 - INFO - Example 153 completed: 232 steps, loss sum: 27.8788, final loss: 0.00099597, weight distance: 2.2604 (universal rank: 35557)
2025-09-05 12:19:45,696 - INFO - 
=== Training Example 154/1500: /home/projects/bagon/shared/imagenet512/val/n02871525/ILSVRC2012_val_00034868.JPEG ===
2025-09-05 12:19:50,213 - INFO - Example /home/projects/bagon/shared/imagenet512/val/n02871525/ILSVRC2012_val_00034868.JPEG reached epsilon at step 129, loss sum: 17.9432, final loss: 0.00099609, weight distance: 1.0618
2025-09-05 12:19:50,217 - INFO - Example 154 completed: 129 steps, loss sum: 17.9432, final loss: 0.00099609, weight distance: 1.0618 (universal rank: 35607)
2025-09-05 12:19:50,218 - INFO - 
=== Training Example 155/1500: /home/projects/bagon/shared/imagenet512/val/n15075141/ILSVRC2012_val_00038640.JPEG ===
2025-09-05 12:20:01,768 - INFO - Example /home/projects/bagon/shared/imagenet512/val/n15075141/ILSVRC2012_val_00038640.JPEG reached epsilon at step 331, loss sum: 17.2111, final loss: 0.00099836, weight distance: 2.4129
2025-09-05 12:20:01,775 - INFO - Example 155 completed: 331 steps, loss sum: 17.2111, final loss: 0.00099836, weight distance: 2.4129 (universal rank: 35668)
2025-09-05 12:20:01,775 - INFO - 
=== Training Example 156/1500: /home/projects/bagon/shared/imagenet512/val/n02092002/ILSVRC2012_val_00027622.JPEG ===
2025-09-05 12:20:11,247 - INFO - Example /home/projects/bagon/shared/imagenet512/val/n02092002/ILSVRC2012_val_00027622.JPEG reached epsilon at step 272, loss sum: 25.1022, final loss: 0.00099955, weight distance: 2.6441
2025-09-05 12:20:11,253 - INFO - Example 156 completed: 272 steps, loss sum: 25.1022, final loss: 0.00099955, weight distance: 2.6441 (universal rank: 35673)
2025-09-05 12:20:11,254 - INFO - 
=== Training Example 157/1500: /home/projects/bagon/shared/imagenet512/val/n02877765/ILSVRC2012_val_00016826.JPEG ===
2025-09-05 12:20:31,475 - INFO - Example /home/projects/bagon/shared/imagenet512/val/n02877765/ILSVRC2012_val_00016826.JPEG reached epsilon at step 593, loss sum: 46.4641, final loss: 0.00099848, weight distance: 4.3101
2025-09-05 12:20:31,481 - INFO - Example 157 completed: 593 steps, loss sum: 46.4641, final loss: 0.00099848, weight distance: 4.3101 (universal rank: 35712)
2025-09-05 12:20:31,481 - INFO - 
=== Training Example 158/1500: /home/projects/bagon/shared/imagenet512/val/n07753113/ILSVRC2012_val_00002435.JPEG ===
2025-09-05 12:20:43,390 - INFO - Example /home/projects/bagon/shared/imagenet512/val/n07753113/ILSVRC2012_val_00002435.JPEG reached epsilon at step 347, loss sum: 49.5523, final loss: 0.00099967, weight distance: 3.6198
2025-09-05 12:20:43,396 - INFO - Example 158 completed: 347 steps, loss sum: 49.5523, final loss: 0.00099967, weight distance: 3.6198 (universal rank: 35719)
2025-09-05 12:20:43,396 - INFO - 
=== Training Example 159/1500: /home/projects/bagon/shared/imagenet512/val/n03207941/ILSVRC2012_val_00049048.JPEG ===
2025-09-05 12:20:45,744 - INFO - Example /home/projects/bagon/shared/imagenet512/val/n03207941/ILSVRC2012_val_00049048.JPEG reached epsilon at step 66, loss sum: 16.2464, final loss: 0.00099597, weight distance: 4.2949
2025-09-05 12:20:45,751 - INFO - Example 159 completed: 66 steps, loss sum: 16.2464, final loss: 0.00099597, weight distance: 4.2949 (universal rank: 35720)
2025-09-05 12:20:45,751 - INFO - 
=== Training Example 160/1500: /home/projects/bagon/shared/imagenet512/val/n04597913/ILSVRC2012_val_00036923.JPEG ===
2025-09-05 12:20:51,989 - INFO - Example /home/projects/bagon/shared/imagenet512/val/n04597913/ILSVRC2012_val_00036923.JPEG reached epsilon at step 180, loss sum: 21.4948, final loss: 0.00099621, weight distance: 6.0756
2025-09-05 12:20:51,994 - INFO - Example 160 completed: 180 steps, loss sum: 21.4948, final loss: 0.00099621, weight distance: 6.0756 (universal rank: 35733)
2025-09-05 12:20:51,995 - INFO - 
=== Training Example 161/1500: /home/projects/bagon/shared/imagenet512/val/n03259280/ILSVRC2012_val_00046182.JPEG ===
2025-09-05 12:21:01,245 - INFO - Example /home/projects/bagon/shared/imagenet512/val/n03259280/ILSVRC2012_val_00046182.JPEG reached epsilon at step 269, loss sum: 20.0344, final loss: 0.00099907, weight distance: 1.1999
2025-09-05 12:21:01,250 - INFO - Example 161 completed: 269 steps, loss sum: 20.0344, final loss: 0.00099907, weight distance: 1.1999 (universal rank: 35745)
2025-09-05 12:21:01,251 - INFO - 
=== Training Example 162/1500: /home/projects/bagon/shared/imagenet512/val/n03733281/ILSVRC2012_val_00010635.JPEG ===
2025-09-05 12:21:10,951 - INFO - Example /home/projects/bagon/shared/imagenet512/val/n03733281/ILSVRC2012_val_00010635.JPEG reached epsilon at step 280, loss sum: 32.0157, final loss: 0.00099419, weight distance: 7.8968
2025-09-05 12:21:10,957 - INFO - Example 162 completed: 280 steps, loss sum: 32.0157, final loss: 0.00099419, weight distance: 7.8968 (universal rank: 35750)
2025-09-05 12:21:10,957 - INFO - 
=== Training Example 163/1500: /home/projects/bagon/shared/imagenet512/val/n04141975/ILSVRC2012_val_00011033.JPEG ===
2025-09-05 12:21:15,031 - INFO - Example /home/projects/bagon/shared/imagenet512/val/n04141975/ILSVRC2012_val_00011033.JPEG reached epsilon at step 117, loss sum: 15.0523, final loss: 0.00099633, weight distance: 4.9288
2025-09-05 12:21:15,036 - INFO - Example 163 completed: 117 steps, loss sum: 15.0523, final loss: 0.00099633, weight distance: 4.9288 (universal rank: 35762)
2025-09-05 12:21:15,036 - INFO - 
=== Training Example 164/1500: /home/projects/bagon/shared/imagenet512/val/n03980874/ILSVRC2012_val_00013567.JPEG ===
2025-09-05 12:21:22,092 - INFO - Example /home/projects/bagon/shared/imagenet512/val/n03980874/ILSVRC2012_val_00013567.JPEG reached epsilon at step 205, loss sum: 27.6872, final loss: 0.00099967, weight distance: 3.6242
2025-09-05 12:21:22,098 - INFO - Example 164 completed: 205 steps, loss sum: 27.6872, final loss: 0.00099967, weight distance: 3.6242 (universal rank: 35790)
2025-09-05 12:21:22,098 - INFO - 
=== Training Example 165/1500: /home/projects/bagon/shared/imagenet512/val/n02096585/ILSVRC2012_val_00046398.JPEG ===
2025-09-05 12:21:27,203 - INFO - Example /home/projects/bagon/shared/imagenet512/val/n02096585/ILSVRC2012_val_00046398.JPEG reached epsilon at step 147, loss sum: 23.2125, final loss: 0.00099990, weight distance: 2.0856
2025-09-05 12:21:27,208 - INFO - Example 165 completed: 147 steps, loss sum: 23.2125, final loss: 0.00099990, weight distance: 2.0856 (universal rank: 35799)
2025-09-05 12:21:27,209 - INFO - 
=== Training Example 166/1500: /home/projects/bagon/shared/imagenet512/val/n01917289/ILSVRC2012_val_00037786.JPEG ===
2025-09-05 12:21:33,432 - INFO - Example /home/projects/bagon/shared/imagenet512/val/n01917289/ILSVRC2012_val_00037786.JPEG reached epsilon at step 181, loss sum: 22.6091, final loss: 0.00099836, weight distance: 4.4414
2025-09-05 12:21:33,438 - INFO - Example 166 completed: 181 steps, loss sum: 22.6091, final loss: 0.00099836, weight distance: 4.4414 (universal rank: 35818)
2025-09-05 12:21:33,438 - INFO - 
=== Training Example 167/1500: /home/projects/bagon/shared/imagenet512/val/n02442845/ILSVRC2012_val_00026106.JPEG ===
2025-09-05 12:21:39,640 - INFO - Example /home/projects/bagon/shared/imagenet512/val/n02442845/ILSVRC2012_val_00026106.JPEG reached epsilon at step 179, loss sum: 30.3979, final loss: 0.00099883, weight distance: 0.5471
2025-09-05 12:21:39,644 - INFO - Example 167 completed: 179 steps, loss sum: 30.3979, final loss: 0.00099883, weight distance: 0.5471 (universal rank: 35900)
2025-09-05 12:21:39,645 - INFO - 
=== Training Example 168/1500: /home/projects/bagon/shared/imagenet512/val/n04090263/ILSVRC2012_val_00013742.JPEG ===
2025-09-05 12:21:49,094 - INFO - Example /home/projects/bagon/shared/imagenet512/val/n04090263/ILSVRC2012_val_00013742.JPEG reached epsilon at step 273, loss sum: 28.3049, final loss: 0.00099633, weight distance: 3.3437
2025-09-05 12:21:49,100 - INFO - Example 168 completed: 273 steps, loss sum: 28.3049, final loss: 0.00099633, weight distance: 3.3437 (universal rank: 35931)
2025-09-05 12:21:49,100 - INFO - 
=== Training Example 169/1500: /home/projects/bagon/shared/imagenet512/val/n01692333/ILSVRC2012_val_00041186.JPEG ===
2025-09-05 12:21:57,666 - INFO - Example /home/projects/bagon/shared/imagenet512/val/n01692333/ILSVRC2012_val_00041186.JPEG reached epsilon at step 248, loss sum: 19.0071, final loss: 0.00099752, weight distance: 3.3621
2025-09-05 12:21:57,672 - INFO - Example 169 completed: 248 steps, loss sum: 19.0071, final loss: 0.00099752, weight distance: 3.3621 (universal rank: 35932)
2025-09-05 12:21:57,673 - INFO - 
=== Training Example 170/1500: /home/projects/bagon/shared/imagenet512/val/n02823750/ILSVRC2012_val_00018356.JPEG ===
2025-09-05 12:22:06,054 - INFO - Example /home/projects/bagon/shared/imagenet512/val/n02823750/ILSVRC2012_val_00018356.JPEG reached epsilon at step 241, loss sum: 27.3222, final loss: 0.00099693, weight distance: 1.8168
2025-09-05 12:22:06,060 - INFO - Example 170 completed: 241 steps, loss sum: 27.3222, final loss: 0.00099693, weight distance: 1.8168 (universal rank: 35940)
2025-09-05 12:22:06,060 - INFO - 
=== Training Example 171/1500: /home/projects/bagon/shared/imagenet512/val/n04392985/ILSVRC2012_val_00036753.JPEG ===
2025-09-05 12:22:16,693 - INFO - Example /home/projects/bagon/shared/imagenet512/val/n04392985/ILSVRC2012_val_00036753.JPEG reached epsilon at step 310, loss sum: 23.7719, final loss: 0.00099967, weight distance: 1.6245
2025-09-05 12:22:16,699 - INFO - Example 171 completed: 310 steps, loss sum: 23.7719, final loss: 0.00099967, weight distance: 1.6245 (universal rank: 35951)
2025-09-05 12:22:16,699 - INFO - 
=== Training Example 172/1500: /home/projects/bagon/shared/imagenet512/val/n02486410/ILSVRC2012_val_00035561.JPEG ===
2025-09-05 12:22:25,354 - INFO - Example /home/projects/bagon/shared/imagenet512/val/n02486410/ILSVRC2012_val_00035561.JPEG reached epsilon at step 252, loss sum: 26.2224, final loss: 0.00099871, weight distance: 2.7093
2025-09-05 12:22:25,359 - INFO - Example 172 completed: 252 steps, loss sum: 26.2224, final loss: 0.00099871, weight distance: 2.7093 (universal rank: 35955)
2025-09-05 12:22:25,359 - INFO - 
=== Training Example 173/1500: /home/projects/bagon/shared/imagenet512/val/n07615774/ILSVRC2012_val_00019985.JPEG ===
2025-09-05 12:22:28,560 - INFO - Example /home/projects/bagon/shared/imagenet512/val/n07615774/ILSVRC2012_val_00019985.JPEG reached epsilon at step 91, loss sum: 32.2090, final loss: 0.00098657, weight distance: 5.0006
2025-09-05 12:22:28,565 - INFO - Example 173 completed: 91 steps, loss sum: 32.2090, final loss: 0.00098657, weight distance: 5.0006 (universal rank: 35987)
2025-09-05 12:22:28,565 - INFO - 
=== Training Example 174/1500: /home/projects/bagon/shared/imagenet512/val/n01871265/ILSVRC2012_val_00017361.JPEG ===
2025-09-05 12:22:37,198 - INFO - Example /home/projects/bagon/shared/imagenet512/val/n01871265/ILSVRC2012_val_00017361.JPEG reached epsilon at step 251, loss sum: 27.8450, final loss: 0.00099859, weight distance: 2.4312
2025-09-05 12:22:37,203 - INFO - Example 174 completed: 251 steps, loss sum: 27.8450, final loss: 0.00099859, weight distance: 2.4312 (universal rank: 36009)
2025-09-05 12:22:37,203 - INFO - 
=== Training Example 175/1500: /home/projects/bagon/shared/imagenet512/val/n03478589/ILSVRC2012_val_00010856.JPEG ===
2025-09-05 12:22:46,527 - INFO - Example /home/projects/bagon/shared/imagenet512/val/n03478589/ILSVRC2012_val_00010856.JPEG reached epsilon at step 270, loss sum: 26.3745, final loss: 0.00099776, weight distance: 3.4923
2025-09-05 12:22:46,533 - INFO - Example 175 completed: 270 steps, loss sum: 26.3745, final loss: 0.00099776, weight distance: 3.4923 (universal rank: 36039)
2025-09-05 12:22:46,533 - INFO - 
=== Training Example 176/1500: /home/projects/bagon/shared/imagenet512/val/n02102177/ILSVRC2012_val_00040990.JPEG ===
2025-09-05 12:22:54,317 - INFO - Example /home/projects/bagon/shared/imagenet512/val/n02102177/ILSVRC2012_val_00040990.JPEG reached epsilon at step 225, loss sum: 23.3852, final loss: 0.00099812, weight distance: 0.9968
2025-09-05 12:22:54,328 - INFO - Example 176 completed: 225 steps, loss sum: 23.3852, final loss: 0.00099812, weight distance: 0.9968 (universal rank: 36108)
2025-09-05 12:22:54,328 - INFO - 
=== Training Example 177/1500: /home/projects/bagon/shared/imagenet512/val/n03017168/ILSVRC2012_val_00004502.JPEG ===
2025-09-05 12:23:04,334 - INFO - Example /home/projects/bagon/shared/imagenet512/val/n03017168/ILSVRC2012_val_00004502.JPEG reached epsilon at step 288, loss sum: 10.2482, final loss: 0.00099800, weight distance: 2.5749
2025-09-05 12:23:04,340 - INFO - Example 177 completed: 288 steps, loss sum: 10.2482, final loss: 0.00099800, weight distance: 2.5749 (universal rank: 36109)
2025-09-05 12:23:04,340 - INFO - 
=== Training Example 178/1500: /home/projects/bagon/shared/imagenet512/val/n03125729/ILSVRC2012_val_00005372.JPEG ===
2025-09-05 12:23:08,373 - INFO - Example /home/projects/bagon/shared/imagenet512/val/n03125729/ILSVRC2012_val_00005372.JPEG reached epsilon at step 115, loss sum: 19.8191, final loss: 0.00099717, weight distance: 4.5639
2025-09-05 12:23:08,378 - INFO - Example 178 completed: 115 steps, loss sum: 19.8191, final loss: 0.00099717, weight distance: 4.5639 (universal rank: 36111)
2025-09-05 12:23:08,378 - INFO - 
=== Training Example 179/1500: /home/projects/bagon/shared/imagenet512/val/n02097130/ILSVRC2012_val_00038174.JPEG ===
2025-09-05 12:23:16,996 - INFO - Example /home/projects/bagon/shared/imagenet512/val/n02097130/ILSVRC2012_val_00038174.JPEG reached epsilon at step 251, loss sum: 25.2626, final loss: 0.00099824, weight distance: 3.4607
2025-09-05 12:23:17,001 - INFO - Example 179 completed: 251 steps, loss sum: 25.2626, final loss: 0.00099824, weight distance: 3.4607 (universal rank: 36156)
2025-09-05 12:23:17,001 - INFO - 
=== Training Example 180/1500: /home/projects/bagon/shared/imagenet512/val/n03930630/ILSVRC2012_val_00034975.JPEG ===
2025-09-05 12:23:22,926 - INFO - Example /home/projects/bagon/shared/imagenet512/val/n03930630/ILSVRC2012_val_00034975.JPEG reached epsilon at step 172, loss sum: 16.6313, final loss: 0.00099371, weight distance: 2.3634
2025-09-05 12:23:22,932 - INFO - Example 180 completed: 172 steps, loss sum: 16.6313, final loss: 0.00099371, weight distance: 2.3634 (universal rank: 36162)
2025-09-05 12:23:22,933 - INFO - 
=== Training Example 181/1500: /home/projects/bagon/shared/imagenet512/val/n01630670/ILSVRC2012_val_00031919.JPEG ===
2025-09-05 12:23:28,977 - INFO - Example /home/projects/bagon/shared/imagenet512/val/n01630670/ILSVRC2012_val_00031919.JPEG reached epsilon at step 174, loss sum: 50.0666, final loss: 0.00099574, weight distance: 2.8237
2025-09-05 12:23:28,983 - INFO - Example 181 completed: 174 steps, loss sum: 50.0666, final loss: 0.00099574, weight distance: 2.8237 (universal rank: 36163)
2025-09-05 12:23:28,983 - INFO - 
=== Training Example 182/1500: /home/projects/bagon/shared/imagenet512/val/n01773157/ILSVRC2012_val_00028445.JPEG ===
2025-09-05 12:23:42,324 - INFO - Example /home/projects/bagon/shared/imagenet512/val/n01773157/ILSVRC2012_val_00028445.JPEG reached epsilon at step 390, loss sum: 24.2832, final loss: 0.00099990, weight distance: 1.3783
2025-09-05 12:23:42,334 - INFO - Example 182 completed: 390 steps, loss sum: 24.2832, final loss: 0.00099990, weight distance: 1.3783 (universal rank: 36170)
2025-09-05 12:23:42,334 - INFO - 
=== Training Example 183/1500: /home/projects/bagon/shared/imagenet512/val/n02120505/ILSVRC2012_val_00019589.JPEG ===
2025-09-05 12:23:49,501 - INFO - Example /home/projects/bagon/shared/imagenet512/val/n02120505/ILSVRC2012_val_00019589.JPEG reached epsilon at step 208, loss sum: 18.8778, final loss: 0.00099597, weight distance: 1.7404
2025-09-05 12:23:49,507 - INFO - Example 183 completed: 208 steps, loss sum: 18.8778, final loss: 0.00099597, weight distance: 1.7404 (universal rank: 36178)
2025-09-05 12:23:49,507 - INFO - 
=== Training Example 184/1500: /home/projects/bagon/shared/imagenet512/val/n02422699/ILSVRC2012_val_00027136.JPEG ===
2025-09-05 12:23:54,625 - INFO - Example /home/projects/bagon/shared/imagenet512/val/n02422699/ILSVRC2012_val_00027136.JPEG reached epsilon at step 147, loss sum: 16.6001, final loss: 0.00099907, weight distance: 1.7587
2025-09-05 12:23:54,632 - INFO - Example 184 completed: 147 steps, loss sum: 16.6001, final loss: 0.00099907, weight distance: 1.7587 (universal rank: 36195)
2025-09-05 12:23:54,632 - INFO - 
=== Training Example 185/1500: /home/projects/bagon/shared/imagenet512/val/n03376595/ILSVRC2012_val_00034227.JPEG ===
2025-09-05 12:24:05,816 - INFO - Example /home/projects/bagon/shared/imagenet512/val/n03376595/ILSVRC2012_val_00034227.JPEG reached epsilon at step 322, loss sum: 41.9619, final loss: 0.00099752, weight distance: 4.5899
2025-09-05 12:24:05,821 - INFO - Example 185 completed: 322 steps, loss sum: 41.9619, final loss: 0.00099752, weight distance: 4.5899 (universal rank: 36200)
2025-09-05 12:24:05,823 - INFO - 
=== Training Example 186/1500: /home/projects/bagon/shared/imagenet512/val/n02441942/ILSVRC2012_val_00036861.JPEG ===
2025-09-05 12:24:12,674 - INFO - Example /home/projects/bagon/shared/imagenet512/val/n02441942/ILSVRC2012_val_00036861.JPEG reached epsilon at step 198, loss sum: 26.8190, final loss: 0.00099693, weight distance: 2.9544
2025-09-05 12:24:12,679 - INFO - Example 186 completed: 198 steps, loss sum: 26.8190, final loss: 0.00099693, weight distance: 2.9544 (universal rank: 36220)
2025-09-05 12:24:12,680 - INFO - 
=== Training Example 187/1500: /home/projects/bagon/shared/imagenet512/val/n04254120/ILSVRC2012_val_00046421.JPEG ===
2025-09-05 12:24:21,585 - INFO - Example /home/projects/bagon/shared/imagenet512/val/n04254120/ILSVRC2012_val_00046421.JPEG reached epsilon at step 259, loss sum: 23.8867, final loss: 0.00099740, weight distance: 3.1196
2025-09-05 12:24:21,590 - INFO - Example 187 completed: 259 steps, loss sum: 23.8867, final loss: 0.00099740, weight distance: 3.1196 (universal rank: 36222)
2025-09-05 12:24:21,591 - INFO - 
=== Training Example 188/1500: /home/projects/bagon/shared/imagenet512/val/n03814639/ILSVRC2012_val_00000841.JPEG ===
2025-09-05 12:24:25,974 - INFO - Example /home/projects/bagon/shared/imagenet512/val/n03814639/ILSVRC2012_val_00000841.JPEG reached epsilon at step 127, loss sum: 14.6774, final loss: 0.00099240, weight distance: 0.9456
2025-09-05 12:24:25,979 - INFO - Example 188 completed: 127 steps, loss sum: 14.6774, final loss: 0.00099240, weight distance: 0.9456 (universal rank: 36224)
2025-09-05 12:24:25,980 - INFO - 
=== Training Example 189/1500: /home/projects/bagon/shared/imagenet512/val/n02966687/ILSVRC2012_val_00047093.JPEG ===
2025-09-05 12:24:29,423 - INFO - Example /home/projects/bagon/shared/imagenet512/val/n02966687/ILSVRC2012_val_00047093.JPEG reached epsilon at step 98, loss sum: 18.7408, final loss: 0.00099455, weight distance: 6.0090
2025-09-05 12:24:29,429 - INFO - Example 189 completed: 98 steps, loss sum: 18.7408, final loss: 0.00099455, weight distance: 6.0090 (universal rank: 36233)
2025-09-05 12:24:29,429 - INFO - 
=== Training Example 190/1500: /home/projects/bagon/shared/imagenet512/val/n02444819/ILSVRC2012_val_00007360.JPEG ===
2025-09-05 12:24:38,547 - INFO - Example /home/projects/bagon/shared/imagenet512/val/n02444819/ILSVRC2012_val_00007360.JPEG reached epsilon at step 265, loss sum: 36.2926, final loss: 0.00099907, weight distance: 0.8234
2025-09-05 12:24:38,553 - INFO - Example 190 completed: 265 steps, loss sum: 36.2926, final loss: 0.00099907, weight distance: 0.8234 (universal rank: 36241)
2025-09-05 12:24:38,553 - INFO - 
=== Training Example 191/1500: /home/projects/bagon/shared/imagenet512/val/n03110669/ILSVRC2012_val_00013373.JPEG ===
2025-09-05 12:24:45,626 - INFO - Example /home/projects/bagon/shared/imagenet512/val/n03110669/ILSVRC2012_val_00013373.JPEG reached epsilon at step 205, loss sum: 14.0901, final loss: 0.00099824, weight distance: 1.4220
2025-09-05 12:24:45,632 - INFO - Example 191 completed: 205 steps, loss sum: 14.0901, final loss: 0.00099824, weight distance: 1.4220 (universal rank: 36261)
2025-09-05 12:24:45,632 - INFO - 
=== Training Example 192/1500: /home/projects/bagon/shared/imagenet512/val/n01729322/ILSVRC2012_val_00002754.JPEG ===
2025-09-05 12:24:58,027 - INFO - Example /home/projects/bagon/shared/imagenet512/val/n01729322/ILSVRC2012_val_00002754.JPEG reached epsilon at step 360, loss sum: 47.4257, final loss: 0.00099931, weight distance: 3.4682
2025-09-05 12:24:58,034 - INFO - Example 192 completed: 360 steps, loss sum: 47.4257, final loss: 0.00099931, weight distance: 3.4682 (universal rank: 36304)
2025-09-05 12:24:58,035 - INFO - 
=== Training Example 193/1500: /home/projects/bagon/shared/imagenet512/val/n01641577/ILSVRC2012_val_00021611.JPEG ===
2025-09-05 12:25:08,459 - INFO - Example /home/projects/bagon/shared/imagenet512/val/n01641577/ILSVRC2012_val_00021611.JPEG reached epsilon at step 300, loss sum: 53.9622, final loss: 0.00099859, weight distance: 0.9088
2025-09-05 12:25:08,465 - INFO - Example 193 completed: 300 steps, loss sum: 53.9622, final loss: 0.00099859, weight distance: 0.9088 (universal rank: 36361)
2025-09-05 12:25:08,465 - INFO - 
=== Training Example 194/1500: /home/projects/bagon/shared/imagenet512/val/n04209133/ILSVRC2012_val_00036943.JPEG ===
2025-09-05 12:25:17,626 - INFO - Example /home/projects/bagon/shared/imagenet512/val/n04209133/ILSVRC2012_val_00036943.JPEG reached epsilon at step 268, loss sum: 42.4269, final loss: 0.00099848, weight distance: 4.5839
2025-09-05 12:25:17,632 - INFO - Example 194 completed: 268 steps, loss sum: 42.4269, final loss: 0.00099848, weight distance: 4.5839 (universal rank: 36364)
2025-09-05 12:25:17,632 - INFO - 
=== Training Example 195/1500: /home/projects/bagon/shared/imagenet512/val/n01682714/ILSVRC2012_val_00011518.JPEG ===
2025-09-05 12:25:25,357 - INFO - Example /home/projects/bagon/shared/imagenet512/val/n01682714/ILSVRC2012_val_00011518.JPEG reached epsilon at step 226, loss sum: 32.0184, final loss: 0.00099609, weight distance: 2.4421
2025-09-05 12:25:25,363 - INFO - Example 195 completed: 226 steps, loss sum: 32.0184, final loss: 0.00099609, weight distance: 2.4421 (universal rank: 36375)
2025-09-05 12:25:25,363 - INFO - 
=== Training Example 196/1500: /home/projects/bagon/shared/imagenet512/val/n03535780/ILSVRC2012_val_00031836.JPEG ===
2025-09-05 12:25:35,950 - INFO - Example /home/projects/bagon/shared/imagenet512/val/n03535780/ILSVRC2012_val_00031836.JPEG reached epsilon at step 310, loss sum: 30.9051, final loss: 0.00099800, weight distance: 3.1369
2025-09-05 12:25:35,955 - INFO - Example 196 completed: 310 steps, loss sum: 30.9051, final loss: 0.00099800, weight distance: 3.1369 (universal rank: 36385)
2025-09-05 12:25:35,955 - INFO - 
=== Training Example 197/1500: /home/projects/bagon/shared/imagenet512/val/n03496892/ILSVRC2012_val_00036671.JPEG ===
2025-09-05 12:25:42,164 - INFO - Example /home/projects/bagon/shared/imagenet512/val/n03496892/ILSVRC2012_val_00036671.JPEG reached epsilon at step 180, loss sum: 32.5596, final loss: 0.00099669, weight distance: 4.2540
2025-09-05 12:25:42,170 - INFO - Example 197 completed: 180 steps, loss sum: 32.5596, final loss: 0.00099669, weight distance: 4.2540 (universal rank: 36387)
2025-09-05 12:25:42,170 - INFO - 
=== Training Example 198/1500: /home/projects/bagon/shared/imagenet512/val/n02114712/ILSVRC2012_val_00036798.JPEG ===
2025-09-05 12:25:53,272 - INFO - Example /home/projects/bagon/shared/imagenet512/val/n02114712/ILSVRC2012_val_00036798.JPEG reached epsilon at step 324, loss sum: 28.2709, final loss: 0.00099919, weight distance: 1.4361
2025-09-05 12:25:53,277 - INFO - Example 198 completed: 324 steps, loss sum: 28.2709, final loss: 0.00099919, weight distance: 1.4361 (universal rank: 36404)
2025-09-05 12:25:53,277 - INFO - 
=== Training Example 199/1500: /home/projects/bagon/shared/imagenet512/val/n04509417/ILSVRC2012_val_00031733.JPEG ===
2025-09-05 12:25:59,214 - INFO - Example /home/projects/bagon/shared/imagenet512/val/n04509417/ILSVRC2012_val_00031733.JPEG reached epsilon at step 172, loss sum: 17.9262, final loss: 0.00099859, weight distance: 5.3235
2025-09-05 12:25:59,220 - INFO - Example 199 completed: 172 steps, loss sum: 17.9262, final loss: 0.00099859, weight distance: 5.3235 (universal rank: 36415)
2025-09-05 12:25:59,220 - INFO - 
=== Training Example 200/1500: /home/projects/bagon/shared/imagenet512/val/n04235860/ILSVRC2012_val_00031462.JPEG ===
2025-09-05 12:26:05,299 - INFO - Example /home/projects/bagon/shared/imagenet512/val/n04235860/ILSVRC2012_val_00031462.JPEG reached epsilon at step 174, loss sum: 47.1385, final loss: 0.00099514, weight distance: 3.3255
2025-09-05 12:26:05,304 - INFO - Example 200 completed: 174 steps, loss sum: 47.1385, final loss: 0.00099514, weight distance: 3.3255 (universal rank: 36442)
2025-09-05 12:26:05,304 - INFO - 
=== Training Example 201/1500: /home/projects/bagon/shared/imagenet512/val/n04081281/ILSVRC2012_val_00024449.JPEG ===
2025-09-05 12:26:11,185 - INFO - Example /home/projects/bagon/shared/imagenet512/val/n04081281/ILSVRC2012_val_00024449.JPEG reached epsilon at step 171, loss sum: 21.2429, final loss: 0.00099550, weight distance: 2.2606
2025-09-05 12:26:11,191 - INFO - Example 201 completed: 171 steps, loss sum: 21.2429, final loss: 0.00099550, weight distance: 2.2606 (universal rank: 36445)
2025-09-05 12:26:11,191 - INFO - 
=== Training Example 202/1500: /home/projects/bagon/shared/imagenet512/val/n02454379/ILSVRC2012_val_00018717.JPEG ===
2025-09-05 12:26:18,630 - INFO - Example /home/projects/bagon/shared/imagenet512/val/n02454379/ILSVRC2012_val_00018717.JPEG reached epsilon at step 217, loss sum: 46.9789, final loss: 0.00099883, weight distance: 4.9428
2025-09-05 12:26:18,635 - INFO - Example 202 completed: 217 steps, loss sum: 46.9789, final loss: 0.00099883, weight distance: 4.9428 (universal rank: 36446)
2025-09-05 12:26:18,635 - INFO - 
=== Training Example 203/1500: /home/projects/bagon/shared/imagenet512/val/n10565667/ILSVRC2012_val_00021407.JPEG ===
2025-09-05 12:26:28,685 - INFO - Example /home/projects/bagon/shared/imagenet512/val/n10565667/ILSVRC2012_val_00021407.JPEG reached epsilon at step 294, loss sum: 53.4480, final loss: 0.00099740, weight distance: 3.7057
2025-09-05 12:26:28,690 - INFO - Example 203 completed: 294 steps, loss sum: 53.4480, final loss: 0.00099740, weight distance: 3.7057 (universal rank: 36457)
2025-09-05 12:26:28,690 - INFO - 
=== Training Example 204/1500: /home/projects/bagon/shared/imagenet512/val/n02095314/ILSVRC2012_val_00035680.JPEG ===
2025-09-05 12:26:35,295 - INFO - Example /home/projects/bagon/shared/imagenet512/val/n02095314/ILSVRC2012_val_00035680.JPEG reached epsilon at step 192, loss sum: 24.1091, final loss: 0.00099478, weight distance: 2.1676
2025-09-05 12:26:35,300 - INFO - Example 204 completed: 192 steps, loss sum: 24.1091, final loss: 0.00099478, weight distance: 2.1676 (universal rank: 36467)
2025-09-05 12:26:35,300 - INFO - 
=== Training Example 205/1500: /home/projects/bagon/shared/imagenet512/val/n02909870/ILSVRC2012_val_00013122.JPEG ===
2025-09-05 12:26:39,113 - INFO - Example /home/projects/bagon/shared/imagenet512/val/n02909870/ILSVRC2012_val_00013122.JPEG reached epsilon at step 109, loss sum: 17.8886, final loss: 0.00097466, weight distance: 1.9325
2025-09-05 12:26:39,119 - INFO - Example 205 completed: 109 steps, loss sum: 17.8886, final loss: 0.00097466, weight distance: 1.9325 (universal rank: 36487)
2025-09-05 12:26:39,119 - INFO - 
=== Training Example 206/1500: /home/projects/bagon/shared/imagenet512/val/n02091831/ILSVRC2012_val_00043901.JPEG ===
2025-09-05 12:26:46,053 - INFO - Example /home/projects/bagon/shared/imagenet512/val/n02091831/ILSVRC2012_val_00043901.JPEG reached epsilon at step 201, loss sum: 43.8522, final loss: 0.00099859, weight distance: 3.5358
2025-09-05 12:26:46,058 - INFO - Example 206 completed: 201 steps, loss sum: 43.8522, final loss: 0.00099859, weight distance: 3.5358 (universal rank: 36495)
2025-09-05 12:26:46,058 - INFO - 
=== Training Example 207/1500: /home/projects/bagon/shared/imagenet512/val/n01443537/ILSVRC2012_val_00006007.JPEG ===
2025-09-05 12:26:53,825 - INFO - Example /home/projects/bagon/shared/imagenet512/val/n01443537/ILSVRC2012_val_00006007.JPEG reached epsilon at step 224, loss sum: 14.9002, final loss: 0.00099657, weight distance: 2.6387
2025-09-05 12:26:53,831 - INFO - Example 207 completed: 224 steps, loss sum: 14.9002, final loss: 0.00099657, weight distance: 2.6387 (universal rank: 36510)
2025-09-05 12:26:53,831 - INFO - 
=== Training Example 208/1500: /home/projects/bagon/shared/imagenet512/val/n03000134/ILSVRC2012_val_00015467.JPEG ===
2025-09-05 12:27:01,938 - INFO - Example /home/projects/bagon/shared/imagenet512/val/n03000134/ILSVRC2012_val_00015467.JPEG reached epsilon at step 231, loss sum: 24.8597, final loss: 0.00099705, weight distance: 6.2615
2025-09-05 12:27:01,944 - INFO - Example 208 completed: 231 steps, loss sum: 24.8597, final loss: 0.00099705, weight distance: 6.2615 (universal rank: 36556)
2025-09-05 12:27:01,944 - INFO - 
=== Training Example 209/1500: /home/projects/bagon/shared/imagenet512/val/n04026417/ILSVRC2012_val_00017058.JPEG ===
2025-09-05 12:27:10,294 - INFO - Example /home/projects/bagon/shared/imagenet512/val/n04026417/ILSVRC2012_val_00017058.JPEG reached epsilon at step 241, loss sum: 20.3952, final loss: 0.00099717, weight distance: 4.3758
2025-09-05 12:27:10,300 - INFO - Example 209 completed: 241 steps, loss sum: 20.3952, final loss: 0.00099717, weight distance: 4.3758 (universal rank: 36564)
2025-09-05 12:27:10,300 - INFO - 
=== Training Example 210/1500: /home/projects/bagon/shared/imagenet512/val/n04557648/ILSVRC2012_val_00049261.JPEG ===
2025-09-05 12:27:18,446 - INFO - Example /home/projects/bagon/shared/imagenet512/val/n04557648/ILSVRC2012_val_00049261.JPEG reached epsilon at step 237, loss sum: 40.1715, final loss: 0.00099848, weight distance: 3.4518
2025-09-05 12:27:18,452 - INFO - Example 210 completed: 237 steps, loss sum: 40.1715, final loss: 0.00099848, weight distance: 3.4518 (universal rank: 36569)
2025-09-05 12:27:18,452 - INFO - 
=== Training Example 211/1500: /home/projects/bagon/shared/imagenet512/val/n03763968/ILSVRC2012_val_00022279.JPEG ===
2025-09-05 12:27:23,714 - INFO - Example /home/projects/bagon/shared/imagenet512/val/n03763968/ILSVRC2012_val_00022279.JPEG reached epsilon at step 152, loss sum: 21.8080, final loss: 0.00099979, weight distance: 2.8787
2025-09-05 12:27:23,720 - INFO - Example 211 completed: 152 steps, loss sum: 21.8080, final loss: 0.00099979, weight distance: 2.8787 (universal rank: 36571)
2025-09-05 12:27:23,720 - INFO - 
=== Training Example 212/1500: /home/projects/bagon/shared/imagenet512/val/n02236044/ILSVRC2012_val_00029524.JPEG ===
2025-09-05 12:27:35,918 - INFO - Example /home/projects/bagon/shared/imagenet512/val/n02236044/ILSVRC2012_val_00029524.JPEG reached epsilon at step 356, loss sum: 34.0203, final loss: 0.00099776, weight distance: 3.2057
2025-09-05 12:27:35,923 - INFO - Example 212 completed: 356 steps, loss sum: 34.0203, final loss: 0.00099776, weight distance: 3.2057 (universal rank: 36576)
2025-09-05 12:27:35,923 - INFO - 
=== Training Example 213/1500: /home/projects/bagon/shared/imagenet512/val/n04004767/ILSVRC2012_val_00037028.JPEG ===
2025-09-05 12:27:47,742 - INFO - Example /home/projects/bagon/shared/imagenet512/val/n04004767/ILSVRC2012_val_00037028.JPEG reached epsilon at step 344, loss sum: 41.0343, final loss: 0.00099979, weight distance: 2.6965
2025-09-05 12:27:47,748 - INFO - Example 213 completed: 344 steps, loss sum: 41.0343, final loss: 0.00099979, weight distance: 2.6965 (universal rank: 36608)
2025-09-05 12:27:47,748 - INFO - 
=== Training Example 214/1500: /home/projects/bagon/shared/imagenet512/val/n03372029/ILSVRC2012_val_00019375.JPEG ===
2025-09-05 12:27:57,568 - INFO - Example /home/projects/bagon/shared/imagenet512/val/n03372029/ILSVRC2012_val_00019375.JPEG reached epsilon at step 285, loss sum: 19.7481, final loss: 0.00099836, weight distance: 3.5186
2025-09-05 12:27:57,574 - INFO - Example 214 completed: 285 steps, loss sum: 19.7481, final loss: 0.00099836, weight distance: 3.5186 (universal rank: 36633)
2025-09-05 12:27:57,574 - INFO - 
=== Training Example 215/1500: /home/projects/bagon/shared/imagenet512/val/n03450230/ILSVRC2012_val_00012407.JPEG ===
2025-09-05 12:28:08,761 - INFO - Example /home/projects/bagon/shared/imagenet512/val/n03450230/ILSVRC2012_val_00012407.JPEG reached epsilon at step 324, loss sum: 16.3303, final loss: 0.00099705, weight distance: 2.4555
2025-09-05 12:28:08,767 - INFO - Example 215 completed: 324 steps, loss sum: 16.3303, final loss: 0.00099705, weight distance: 2.4555 (universal rank: 36669)
2025-09-05 12:28:08,767 - INFO - 
=== Training Example 216/1500: /home/projects/bagon/shared/imagenet512/val/n02107574/ILSVRC2012_val_00040869.JPEG ===
2025-09-05 12:28:21,358 - INFO - Example /home/projects/bagon/shared/imagenet512/val/n02107574/ILSVRC2012_val_00040869.JPEG reached epsilon at step 368, loss sum: 38.4567, final loss: 0.00099955, weight distance: 2.9628
2025-09-05 12:28:21,363 - INFO - Example 216 completed: 368 steps, loss sum: 38.4567, final loss: 0.00099955, weight distance: 2.9628 (universal rank: 36684)
2025-09-05 12:28:21,364 - INFO - 
=== Training Example 217/1500: /home/projects/bagon/shared/imagenet512/val/n03197337/ILSVRC2012_val_00023643.JPEG ===
2025-09-05 12:28:25,385 - INFO - Example /home/projects/bagon/shared/imagenet512/val/n03197337/ILSVRC2012_val_00023643.JPEG reached epsilon at step 116, loss sum: 25.6227, final loss: 0.00099895, weight distance: 2.4475
2025-09-05 12:28:25,390 - INFO - Example 217 completed: 116 steps, loss sum: 25.6227, final loss: 0.00099895, weight distance: 2.4475 (universal rank: 36693)
2025-09-05 12:28:25,390 - INFO - 
=== Training Example 218/1500: /home/projects/bagon/shared/imagenet512/val/n02786058/ILSVRC2012_val_00003060.JPEG ===
2025-09-05 12:28:30,617 - INFO - Example /home/projects/bagon/shared/imagenet512/val/n02786058/ILSVRC2012_val_00003060.JPEG reached epsilon at step 150, loss sum: 16.7118, final loss: 0.00099848, weight distance: 2.1094
2025-09-05 12:28:30,622 - INFO - Example 218 completed: 150 steps, loss sum: 16.7118, final loss: 0.00099848, weight distance: 2.1094 (universal rank: 36703)
2025-09-05 12:28:30,622 - INFO - 
=== Training Example 219/1500: /home/projects/bagon/shared/imagenet512/val/n04311174/ILSVRC2012_val_00049340.JPEG ===
2025-09-05 12:28:35,401 - INFO - Example /home/projects/bagon/shared/imagenet512/val/n04311174/ILSVRC2012_val_00049340.JPEG reached epsilon at step 138, loss sum: 10.8330, final loss: 0.00099800, weight distance: 1.3544
2025-09-05 12:28:35,406 - INFO - Example 219 completed: 138 steps, loss sum: 10.8330, final loss: 0.00099800, weight distance: 1.3544 (universal rank: 36736)
2025-09-05 12:28:35,406 - INFO - 
=== Training Example 220/1500: /home/projects/bagon/shared/imagenet512/val/n04209133/ILSVRC2012_val_00022674.JPEG ===
2025-09-05 12:28:44,169 - INFO - Example /home/projects/bagon/shared/imagenet512/val/n04209133/ILSVRC2012_val_00022674.JPEG reached epsilon at step 254, loss sum: 48.0730, final loss: 0.00099967, weight distance: 2.5548
2025-09-05 12:28:44,175 - INFO - Example 220 completed: 254 steps, loss sum: 48.0730, final loss: 0.00099967, weight distance: 2.5548 (universal rank: 36737)
2025-09-05 12:28:44,175 - INFO - 
=== Training Example 221/1500: /home/projects/bagon/shared/imagenet512/val/n04548280/ILSVRC2012_val_00018936.JPEG ===
2025-09-05 12:28:55,326 - INFO - Example /home/projects/bagon/shared/imagenet512/val/n04548280/ILSVRC2012_val_00018936.JPEG reached epsilon at step 324, loss sum: 40.2914, final loss: 0.00099883, weight distance: 5.1153
2025-09-05 12:28:55,332 - INFO - Example 221 completed: 324 steps, loss sum: 40.2914, final loss: 0.00099883, weight distance: 5.1153 (universal rank: 36738)
2025-09-05 12:28:55,333 - INFO - 
=== Training Example 222/1500: /home/projects/bagon/shared/imagenet512/val/n03028079/ILSVRC2012_val_00005598.JPEG ===
2025-09-05 12:29:03,120 - INFO - Example /home/projects/bagon/shared/imagenet512/val/n03028079/ILSVRC2012_val_00005598.JPEG reached epsilon at step 220, loss sum: 15.2803, final loss: 0.00099657, weight distance: 0.5837
2025-09-05 12:29:03,126 - INFO - Example 222 completed: 220 steps, loss sum: 15.2803, final loss: 0.00099657, weight distance: 0.5837 (universal rank: 36741)
2025-09-05 12:29:03,126 - INFO - 
=== Training Example 223/1500: /home/projects/bagon/shared/imagenet512/val/n03127747/ILSVRC2012_val_00044124.JPEG ===
2025-09-05 12:29:09,304 - INFO - Example /home/projects/bagon/shared/imagenet512/val/n03127747/ILSVRC2012_val_00044124.JPEG reached epsilon at step 178, loss sum: 27.9224, final loss: 0.00099788, weight distance: 5.1739
2025-09-05 12:29:09,310 - INFO - Example 223 completed: 178 steps, loss sum: 27.9224, final loss: 0.00099788, weight distance: 5.1739 (universal rank: 36742)
2025-09-05 12:29:09,311 - INFO - 
=== Training Example 224/1500: /home/projects/bagon/shared/imagenet512/val/n03876231/ILSVRC2012_val_00048953.JPEG ===
2025-09-05 12:29:17,920 - INFO - Example /home/projects/bagon/shared/imagenet512/val/n03876231/ILSVRC2012_val_00048953.JPEG reached epsilon at step 249, loss sum: 12.5362, final loss: 0.00099967, weight distance: 1.6480
2025-09-05 12:29:17,925 - INFO - Example 224 completed: 249 steps, loss sum: 12.5362, final loss: 0.00099967, weight distance: 1.6480 (universal rank: 36774)
2025-09-05 12:29:17,926 - INFO - 
=== Training Example 225/1500: /home/projects/bagon/shared/imagenet512/val/n04229816/ILSVRC2012_val_00047467.JPEG ===
2025-09-05 12:29:24,353 - INFO - Example /home/projects/bagon/shared/imagenet512/val/n04229816/ILSVRC2012_val_00047467.JPEG reached epsilon at step 186, loss sum: 21.6240, final loss: 0.00099550, weight distance: 5.1201
2025-09-05 12:29:24,358 - INFO - Example 225 completed: 186 steps, loss sum: 21.6240, final loss: 0.00099550, weight distance: 5.1201 (universal rank: 36777)
2025-09-05 12:29:24,358 - INFO - 
=== Training Example 226/1500: /home/projects/bagon/shared/imagenet512/val/n03623198/ILSVRC2012_val_00024197.JPEG ===
2025-09-05 12:29:32,556 - INFO - Example /home/projects/bagon/shared/imagenet512/val/n03623198/ILSVRC2012_val_00024197.JPEG reached epsilon at step 236, loss sum: 24.8014, final loss: 0.00099871, weight distance: 3.4071
2025-09-05 12:29:32,562 - INFO - Example 226 completed: 236 steps, loss sum: 24.8014, final loss: 0.00099871, weight distance: 3.4071 (universal rank: 36781)
2025-09-05 12:29:32,562 - INFO - 
=== Training Example 227/1500: /home/projects/bagon/shared/imagenet512/val/n03961711/ILSVRC2012_val_00033665.JPEG ===
2025-09-05 12:29:47,549 - INFO - Example /home/projects/bagon/shared/imagenet512/val/n03961711/ILSVRC2012_val_00033665.JPEG reached epsilon at step 432, loss sum: 33.9835, final loss: 0.00099824, weight distance: 4.6744
2025-09-05 12:29:47,555 - INFO - Example 227 completed: 432 steps, loss sum: 33.9835, final loss: 0.00099824, weight distance: 4.6744 (universal rank: 36785)
2025-09-05 12:29:47,555 - INFO - 
=== Training Example 228/1500: /home/projects/bagon/shared/imagenet512/val/n02747177/ILSVRC2012_val_00013783.JPEG ===
2025-09-05 12:29:54,861 - INFO - Example /home/projects/bagon/shared/imagenet512/val/n02747177/ILSVRC2012_val_00013783.JPEG reached epsilon at step 210, loss sum: 28.5204, final loss: 0.00099526, weight distance: 3.4313
2025-09-05 12:29:54,866 - INFO - Example 228 completed: 210 steps, loss sum: 28.5204, final loss: 0.00099526, weight distance: 3.4313 (universal rank: 36818)
2025-09-05 12:29:54,866 - INFO - 
=== Training Example 229/1500: /home/projects/bagon/shared/imagenet512/val/n07716358/ILSVRC2012_val_00020174.JPEG ===
2025-09-05 12:30:03,202 - INFO - Example /home/projects/bagon/shared/imagenet512/val/n07716358/ILSVRC2012_val_00020174.JPEG reached epsilon at step 236, loss sum: 33.5788, final loss: 0.00099693, weight distance: 2.1051
2025-09-05 12:30:03,207 - INFO - Example 229 completed: 236 steps, loss sum: 33.5788, final loss: 0.00099693, weight distance: 2.1051 (universal rank: 36832)
2025-09-05 12:30:03,208 - INFO - 
=== Training Example 230/1500: /home/projects/bagon/shared/imagenet512/val/n03180011/ILSVRC2012_val_00043506.JPEG ===
2025-09-05 12:30:14,368 - INFO - Example /home/projects/bagon/shared/imagenet512/val/n03180011/ILSVRC2012_val_00043506.JPEG reached epsilon at step 325, loss sum: 27.4188, final loss: 0.00099931, weight distance: 2.9494
2025-09-05 12:30:14,379 - INFO - Example 230 completed: 325 steps, loss sum: 27.4188, final loss: 0.00099931, weight distance: 2.9494 (universal rank: 36833)
2025-09-05 12:30:14,380 - INFO - 
=== Training Example 231/1500: /home/projects/bagon/shared/imagenet512/val/n02443114/ILSVRC2012_val_00003081.JPEG ===
2025-09-05 12:30:20,307 - INFO - Example /home/projects/bagon/shared/imagenet512/val/n02443114/ILSVRC2012_val_00003081.JPEG reached epsilon at step 170, loss sum: 33.8496, final loss: 0.00099478, weight distance: 2.2673
2025-09-05 12:30:20,314 - INFO - Example 231 completed: 170 steps, loss sum: 33.8496, final loss: 0.00099478, weight distance: 2.2673 (universal rank: 36839)
2025-09-05 12:30:20,314 - INFO - 
=== Training Example 232/1500: /home/projects/bagon/shared/imagenet512/val/n04118776/ILSVRC2012_val_00009693.JPEG ===
2025-09-05 12:30:31,343 - INFO - Example /home/projects/bagon/shared/imagenet512/val/n04118776/ILSVRC2012_val_00009693.JPEG reached epsilon at step 322, loss sum: 27.0682, final loss: 0.00099740, weight distance: 5.9774
2025-09-05 12:30:31,348 - INFO - Example 232 completed: 322 steps, loss sum: 27.0682, final loss: 0.00099740, weight distance: 5.9774 (universal rank: 36901)
2025-09-05 12:30:31,349 - INFO - 
=== Training Example 233/1500: /home/projects/bagon/shared/imagenet512/val/n01882714/ILSVRC2012_val_00023031.JPEG ===
2025-09-05 12:30:43,259 - INFO - Example /home/projects/bagon/shared/imagenet512/val/n01882714/ILSVRC2012_val_00023031.JPEG reached epsilon at step 345, loss sum: 37.0196, final loss: 0.00099824, weight distance: 5.3951
2025-09-05 12:30:43,264 - INFO - Example 233 completed: 345 steps, loss sum: 37.0196, final loss: 0.00099824, weight distance: 5.3951 (universal rank: 36907)
2025-09-05 12:30:43,264 - INFO - 
=== Training Example 234/1500: /home/projects/bagon/shared/imagenet512/val/n03482405/ILSVRC2012_val_00027756.JPEG ===
2025-09-05 12:30:49,397 - INFO - Example /home/projects/bagon/shared/imagenet512/val/n03482405/ILSVRC2012_val_00027756.JPEG reached epsilon at step 176, loss sum: 21.1379, final loss: 0.00099740, weight distance: 7.0268
2025-09-05 12:30:49,403 - INFO - Example 234 completed: 176 steps, loss sum: 21.1379, final loss: 0.00099740, weight distance: 7.0268 (universal rank: 36908)
2025-09-05 12:30:49,403 - INFO - 
=== Training Example 235/1500: /home/projects/bagon/shared/imagenet512/val/n02108422/ILSVRC2012_val_00007319.JPEG ===
2025-09-05 12:30:55,061 - INFO - Example /home/projects/bagon/shared/imagenet512/val/n02108422/ILSVRC2012_val_00007319.JPEG reached epsilon at step 163, loss sum: 18.8159, final loss: 0.00099824, weight distance: 2.2274
2025-09-05 12:30:55,065 - INFO - Example 235 completed: 163 steps, loss sum: 18.8159, final loss: 0.00099824, weight distance: 2.2274 (universal rank: 36915)
2025-09-05 12:30:55,066 - INFO - 
=== Training Example 236/1500: /home/projects/bagon/shared/imagenet512/val/n03983396/ILSVRC2012_val_00006274.JPEG ===
2025-09-05 12:30:59,320 - INFO - Example /home/projects/bagon/shared/imagenet512/val/n03983396/ILSVRC2012_val_00006274.JPEG reached epsilon at step 121, loss sum: 14.7268, final loss: 0.00099883, weight distance: 0.7607
2025-09-05 12:30:59,324 - INFO - Example 236 completed: 121 steps, loss sum: 14.7268, final loss: 0.00099883, weight distance: 0.7607 (universal rank: 36920)
2025-09-05 12:30:59,324 - INFO - 
=== Training Example 237/1500: /home/projects/bagon/shared/imagenet512/val/n04086273/ILSVRC2012_val_00000667.JPEG ===
2025-09-05 12:31:02,847 - INFO - Example /home/projects/bagon/shared/imagenet512/val/n04086273/ILSVRC2012_val_00000667.JPEG reached epsilon at step 96, loss sum: 29.5493, final loss: 0.00099812, weight distance: 3.5148
2025-09-05 12:31:02,852 - INFO - Example 237 completed: 96 steps, loss sum: 29.5493, final loss: 0.00099812, weight distance: 3.5148 (universal rank: 36924)
2025-09-05 12:31:02,852 - INFO - 
=== Training Example 238/1500: /home/projects/bagon/shared/imagenet512/val/n03126707/ILSVRC2012_val_00012665.JPEG ===
2025-09-05 12:31:11,322 - INFO - Example /home/projects/bagon/shared/imagenet512/val/n03126707/ILSVRC2012_val_00012665.JPEG reached epsilon at step 247, loss sum: 16.1643, final loss: 0.00099728, weight distance: 3.9813
2025-09-05 12:31:11,327 - INFO - Example 238 completed: 247 steps, loss sum: 16.1643, final loss: 0.00099728, weight distance: 3.9813 (universal rank: 36935)
2025-09-05 12:31:11,327 - INFO - 
=== Training Example 239/1500: /home/projects/bagon/shared/imagenet512/val/n02783161/ILSVRC2012_val_00042171.JPEG ===
2025-09-05 12:31:18,340 - INFO - Example /home/projects/bagon/shared/imagenet512/val/n02783161/ILSVRC2012_val_00042171.JPEG reached epsilon at step 204, loss sum: 41.4129, final loss: 0.00099764, weight distance: 3.3694
2025-09-05 12:31:18,347 - INFO - Example 239 completed: 204 steps, loss sum: 41.4129, final loss: 0.00099764, weight distance: 3.3694 (universal rank: 36936)
2025-09-05 12:31:18,347 - INFO - 
=== Training Example 240/1500: /home/projects/bagon/shared/imagenet512/val/n07697537/ILSVRC2012_val_00026101.JPEG ===
2025-09-05 12:31:30,702 - INFO - Example /home/projects/bagon/shared/imagenet512/val/n07697537/ILSVRC2012_val_00026101.JPEG reached epsilon at step 362, loss sum: 41.9388, final loss: 0.00099764, weight distance: 4.3233
2025-09-05 12:31:30,708 - INFO - Example 240 completed: 362 steps, loss sum: 41.9388, final loss: 0.00099764, weight distance: 4.3233 (universal rank: 36938)
2025-09-05 12:31:30,708 - INFO - 
=== Training Example 241/1500: /home/projects/bagon/shared/imagenet512/val/n02480855/ILSVRC2012_val_00042046.JPEG ===
2025-09-05 12:31:37,676 - INFO - Example /home/projects/bagon/shared/imagenet512/val/n02480855/ILSVRC2012_val_00042046.JPEG reached epsilon at step 203, loss sum: 20.7732, final loss: 0.00099705, weight distance: 4.0233
2025-09-05 12:31:37,681 - INFO - Example 241 completed: 203 steps, loss sum: 20.7732, final loss: 0.00099705, weight distance: 4.0233 (universal rank: 36942)
2025-09-05 12:31:37,681 - INFO - 
=== Training Example 242/1500: /home/projects/bagon/shared/imagenet512/val/n01440764/ILSVRC2012_val_00037383.JPEG ===
2025-09-05 12:31:53,671 - INFO - Example /home/projects/bagon/shared/imagenet512/val/n01440764/ILSVRC2012_val_00037383.JPEG reached epsilon at step 466, loss sum: 46.7715, final loss: 0.00099788, weight distance: 4.5409
2025-09-05 12:31:53,677 - INFO - Example 242 completed: 466 steps, loss sum: 46.7715, final loss: 0.00099788, weight distance: 4.5409 (universal rank: 36943)
2025-09-05 12:31:53,678 - INFO - 
=== Training Example 243/1500: /home/projects/bagon/shared/imagenet512/val/n03179701/ILSVRC2012_val_00026204.JPEG ===
2025-09-05 12:32:08,244 - INFO - Example /home/projects/bagon/shared/imagenet512/val/n03179701/ILSVRC2012_val_00026204.JPEG reached epsilon at step 422, loss sum: 33.7721, final loss: 0.00099764, weight distance: 3.2554
2025-09-05 12:32:08,249 - INFO - Example 243 completed: 422 steps, loss sum: 33.7721, final loss: 0.00099764, weight distance: 3.2554 (universal rank: 36953)
2025-09-05 12:32:08,250 - INFO - 
=== Training Example 244/1500: /home/projects/bagon/shared/imagenet512/val/n03796401/ILSVRC2012_val_00018799.JPEG ===
2025-09-05 12:32:12,199 - INFO - Example /home/projects/bagon/shared/imagenet512/val/n03796401/ILSVRC2012_val_00018799.JPEG reached epsilon at step 114, loss sum: 20.6039, final loss: 0.00099538, weight distance: 1.6170
2025-09-05 12:32:12,204 - INFO - Example 244 completed: 114 steps, loss sum: 20.6039, final loss: 0.00099538, weight distance: 1.6170 (universal rank: 36973)
2025-09-05 12:32:12,204 - INFO - 
=== Training Example 245/1500: /home/projects/bagon/shared/imagenet512/val/n02027492/ILSVRC2012_val_00034910.JPEG ===
2025-09-05 12:32:23,123 - INFO - Example /home/projects/bagon/shared/imagenet512/val/n02027492/ILSVRC2012_val_00034910.JPEG reached epsilon at step 320, loss sum: 32.8291, final loss: 0.00099764, weight distance: 3.2415
2025-09-05 12:32:23,130 - INFO - Example 245 completed: 320 steps, loss sum: 32.8291, final loss: 0.00099764, weight distance: 3.2415 (universal rank: 36986)
2025-09-05 12:32:23,131 - INFO - 
=== Training Example 246/1500: /home/projects/bagon/shared/imagenet512/val/n03958227/ILSVRC2012_val_00038865.JPEG ===
2025-09-05 12:32:28,803 - INFO - Example /home/projects/bagon/shared/imagenet512/val/n03958227/ILSVRC2012_val_00038865.JPEG reached epsilon at step 165, loss sum: 36.0415, final loss: 0.00099633, weight distance: 3.1044
2025-09-05 12:32:28,809 - INFO - Example 246 completed: 165 steps, loss sum: 36.0415, final loss: 0.00099633, weight distance: 3.1044 (universal rank: 37017)
2025-09-05 12:32:28,809 - INFO - 
=== Training Example 247/1500: /home/projects/bagon/shared/imagenet512/val/n02105412/ILSVRC2012_val_00023038.JPEG ===
2025-09-05 12:32:32,824 - INFO - Example /home/projects/bagon/shared/imagenet512/val/n02105412/ILSVRC2012_val_00023038.JPEG reached epsilon at step 116, loss sum: 18.9807, final loss: 0.00099502, weight distance: 2.5069
2025-09-05 12:32:32,829 - INFO - Example 247 completed: 116 steps, loss sum: 18.9807, final loss: 0.00099502, weight distance: 2.5069 (universal rank: 37060)
2025-09-05 12:32:32,830 - INFO - 
=== Training Example 248/1500: /home/projects/bagon/shared/imagenet512/val/n04596742/ILSVRC2012_val_00017443.JPEG ===
2025-09-05 12:32:38,545 - INFO - Example /home/projects/bagon/shared/imagenet512/val/n04596742/ILSVRC2012_val_00017443.JPEG reached epsilon at step 166, loss sum: 20.7720, final loss: 0.00099490, weight distance: 1.4720
2025-09-05 12:32:38,552 - INFO - Example 248 completed: 166 steps, loss sum: 20.7720, final loss: 0.00099490, weight distance: 1.4720 (universal rank: 37086)
2025-09-05 12:32:38,552 - INFO - 
=== Training Example 249/1500: /home/projects/bagon/shared/imagenet512/val/n03814906/ILSVRC2012_val_00033099.JPEG ===
2025-09-05 12:32:52,098 - INFO - Example /home/projects/bagon/shared/imagenet512/val/n03814906/ILSVRC2012_val_00033099.JPEG reached epsilon at step 396, loss sum: 28.7537, final loss: 0.00099919, weight distance: 5.4808
2025-09-05 12:32:52,103 - INFO - Example 249 completed: 396 steps, loss sum: 28.7537, final loss: 0.00099919, weight distance: 5.4808 (universal rank: 37123)
2025-09-05 12:32:52,104 - INFO - 
=== Training Example 250/1500: /home/projects/bagon/shared/imagenet512/val/n03065424/ILSVRC2012_val_00011283.JPEG ===
2025-09-05 12:32:58,979 - INFO - Example /home/projects/bagon/shared/imagenet512/val/n03065424/ILSVRC2012_val_00011283.JPEG reached epsilon at step 199, loss sum: 25.2719, final loss: 0.00099740, weight distance: 4.8489
2025-09-05 12:32:58,984 - INFO - Example 250 completed: 199 steps, loss sum: 25.2719, final loss: 0.00099740, weight distance: 4.8489 (universal rank: 37128)
2025-09-05 12:32:58,984 - INFO - 
=== Training Example 251/1500: /home/projects/bagon/shared/imagenet512/val/n02168699/ILSVRC2012_val_00007520.JPEG ===
2025-09-05 12:33:07,545 - INFO - Example /home/projects/bagon/shared/imagenet512/val/n02168699/ILSVRC2012_val_00007520.JPEG reached epsilon at step 247, loss sum: 30.1371, final loss: 0.00099740, weight distance: 4.3706
2025-09-05 12:33:07,550 - INFO - Example 251 completed: 247 steps, loss sum: 30.1371, final loss: 0.00099740, weight distance: 4.3706 (universal rank: 37168)
2025-09-05 12:33:07,550 - INFO - 
=== Training Example 252/1500: /home/projects/bagon/shared/imagenet512/val/n03982430/ILSVRC2012_val_00023993.JPEG ===
2025-09-05 12:33:16,064 - INFO - Example /home/projects/bagon/shared/imagenet512/val/n03982430/ILSVRC2012_val_00023993.JPEG reached epsilon at step 248, loss sum: 27.9593, final loss: 0.00099919, weight distance: 3.1604
2025-09-05 12:33:16,071 - INFO - Example 252 completed: 248 steps, loss sum: 27.9593, final loss: 0.00099919, weight distance: 3.1604 (universal rank: 37181)
2025-09-05 12:33:16,071 - INFO - 
=== Training Example 253/1500: /home/projects/bagon/shared/imagenet512/val/n03075370/ILSVRC2012_val_00015852.JPEG ===
2025-09-05 12:33:20,628 - INFO - Example /home/projects/bagon/shared/imagenet512/val/n03075370/ILSVRC2012_val_00015852.JPEG reached epsilon at step 131, loss sum: 27.7091, final loss: 0.00099645, weight distance: 3.3204
2025-09-05 12:33:20,633 - INFO - Example 253 completed: 131 steps, loss sum: 27.7091, final loss: 0.00099645, weight distance: 3.3204 (universal rank: 37190)
2025-09-05 12:33:20,633 - INFO - 
=== Training Example 254/1500: /home/projects/bagon/shared/imagenet512/val/n03903868/ILSVRC2012_val_00002193.JPEG ===
2025-09-05 12:33:31,213 - INFO - Example /home/projects/bagon/shared/imagenet512/val/n03903868/ILSVRC2012_val_00002193.JPEG reached epsilon at step 308, loss sum: 16.1001, final loss: 0.00099895, weight distance: 3.3846
2025-09-05 12:33:31,220 - INFO - Example 254 completed: 308 steps, loss sum: 16.1001, final loss: 0.00099895, weight distance: 3.3846 (universal rank: 37216)
2025-09-05 12:33:31,220 - INFO - 
=== Training Example 255/1500: /home/projects/bagon/shared/imagenet512/val/n02100583/ILSVRC2012_val_00040467.JPEG ===
2025-09-05 12:33:38,914 - INFO - Example /home/projects/bagon/shared/imagenet512/val/n02100583/ILSVRC2012_val_00040467.JPEG reached epsilon at step 224, loss sum: 30.3262, final loss: 0.00099681, weight distance: 1.9002
2025-09-05 12:33:38,920 - INFO - Example 255 completed: 224 steps, loss sum: 30.3262, final loss: 0.00099681, weight distance: 1.9002 (universal rank: 37218)
2025-09-05 12:33:38,920 - INFO - 
=== Training Example 256/1500: /home/projects/bagon/shared/imagenet512/val/n02105412/ILSVRC2012_val_00041115.JPEG ===
2025-09-05 12:33:48,693 - INFO - Example /home/projects/bagon/shared/imagenet512/val/n02105412/ILSVRC2012_val_00041115.JPEG reached epsilon at step 284, loss sum: 45.4186, final loss: 0.00099871, weight distance: 3.0002
2025-09-05 12:33:48,699 - INFO - Example 256 completed: 284 steps, loss sum: 45.4186, final loss: 0.00099871, weight distance: 3.0002 (universal rank: 37244)
2025-09-05 12:33:48,699 - INFO - 
=== Training Example 257/1500: /home/projects/bagon/shared/imagenet512/val/n04532670/ILSVRC2012_val_00017492.JPEG ===
2025-09-05 12:33:55,383 - INFO - Example /home/projects/bagon/shared/imagenet512/val/n04532670/ILSVRC2012_val_00017492.JPEG reached epsilon at step 193, loss sum: 24.8126, final loss: 0.00099717, weight distance: 1.1535
2025-09-05 12:33:55,389 - INFO - Example 257 completed: 193 steps, loss sum: 24.8126, final loss: 0.00099717, weight distance: 1.1535 (universal rank: 37265)
2025-09-05 12:33:55,389 - INFO - 
=== Training Example 258/1500: /home/projects/bagon/shared/imagenet512/val/n01687978/ILSVRC2012_val_00016637.JPEG ===
2025-09-05 12:34:05,696 - INFO - Example /home/projects/bagon/shared/imagenet512/val/n01687978/ILSVRC2012_val_00016637.JPEG reached epsilon at step 295, loss sum: 27.6291, final loss: 0.00099967, weight distance: 1.5736
2025-09-05 12:34:05,703 - INFO - Example 258 completed: 295 steps, loss sum: 27.6291, final loss: 0.00099967, weight distance: 1.5736 (universal rank: 37269)
2025-09-05 12:34:05,704 - INFO - 
=== Training Example 259/1500: /home/projects/bagon/shared/imagenet512/val/n02104029/ILSVRC2012_val_00028346.JPEG ===
2025-09-05 12:34:13,087 - INFO - Example /home/projects/bagon/shared/imagenet512/val/n02104029/ILSVRC2012_val_00028346.JPEG reached epsilon at step 215, loss sum: 26.8413, final loss: 0.00099609, weight distance: 2.8621
2025-09-05 12:34:13,094 - INFO - Example 259 completed: 215 steps, loss sum: 26.8413, final loss: 0.00099609, weight distance: 2.8621 (universal rank: 37275)
2025-09-05 12:34:13,094 - INFO - 
=== Training Example 260/1500: /home/projects/bagon/shared/imagenet512/val/n03658185/ILSVRC2012_val_00036764.JPEG ===
2025-09-05 12:34:19,696 - INFO - Example /home/projects/bagon/shared/imagenet512/val/n03658185/ILSVRC2012_val_00036764.JPEG reached epsilon at step 192, loss sum: 21.2508, final loss: 0.00099586, weight distance: 1.6777
2025-09-05 12:34:19,702 - INFO - Example 260 completed: 192 steps, loss sum: 21.2508, final loss: 0.00099586, weight distance: 1.6777 (universal rank: 37292)
2025-09-05 12:34:19,702 - INFO - 
=== Training Example 261/1500: /home/projects/bagon/shared/imagenet512/val/n03532672/ILSVRC2012_val_00046662.JPEG ===
2025-09-05 12:34:31,013 - INFO - Example /home/projects/bagon/shared/imagenet512/val/n03532672/ILSVRC2012_val_00046662.JPEG reached epsilon at step 331, loss sum: 34.2984, final loss: 0.00099895, weight distance: 2.7606
2025-09-05 12:34:31,019 - INFO - Example 261 completed: 331 steps, loss sum: 34.2984, final loss: 0.00099895, weight distance: 2.7606 (universal rank: 37294)
2025-09-05 12:34:31,019 - INFO - 
=== Training Example 262/1500: /home/projects/bagon/shared/imagenet512/val/n04330267/ILSVRC2012_val_00023064.JPEG ===
2025-09-05 12:34:37,293 - INFO - Example /home/projects/bagon/shared/imagenet512/val/n04330267/ILSVRC2012_val_00023064.JPEG reached epsilon at step 180, loss sum: 16.6960, final loss: 0.00099633, weight distance: 4.8363
2025-09-05 12:34:37,299 - INFO - Example 262 completed: 180 steps, loss sum: 16.6960, final loss: 0.00099633, weight distance: 4.8363 (universal rank: 37304)
2025-09-05 12:34:37,300 - INFO - 
=== Training Example 263/1500: /home/projects/bagon/shared/imagenet512/val/n01693334/ILSVRC2012_val_00035818.JPEG ===
2025-09-05 12:34:47,678 - INFO - Example /home/projects/bagon/shared/imagenet512/val/n01693334/ILSVRC2012_val_00035818.JPEG reached epsilon at step 302, loss sum: 46.2630, final loss: 0.00099657, weight distance: 2.3982
2025-09-05 12:34:47,684 - INFO - Example 263 completed: 302 steps, loss sum: 46.2630, final loss: 0.00099657, weight distance: 2.3982 (universal rank: 37310)
2025-09-05 12:34:47,684 - INFO - 
=== Training Example 264/1500: /home/projects/bagon/shared/imagenet512/val/n03697007/ILSVRC2012_val_00040882.JPEG ===
2025-09-05 12:34:53,487 - INFO - Example /home/projects/bagon/shared/imagenet512/val/n03697007/ILSVRC2012_val_00040882.JPEG reached epsilon at step 167, loss sum: 21.3157, final loss: 0.00099633, weight distance: 3.5053
2025-09-05 12:34:53,492 - INFO - Example 264 completed: 167 steps, loss sum: 21.3157, final loss: 0.00099633, weight distance: 3.5053 (universal rank: 37317)
2025-09-05 12:34:53,493 - INFO - 
=== Training Example 265/1500: /home/projects/bagon/shared/imagenet512/val/n02090379/ILSVRC2012_val_00011798.JPEG ===
2025-09-05 12:35:21,934 - INFO - Example /home/projects/bagon/shared/imagenet512/val/n02090379/ILSVRC2012_val_00011798.JPEG reached epsilon at step 826, loss sum: 57.2206, final loss: 0.00099836, weight distance: 1.5152
2025-09-05 12:35:21,942 - INFO - Example 265 completed: 826 steps, loss sum: 57.2206, final loss: 0.00099836, weight distance: 1.5152 (universal rank: 37326)
2025-09-05 12:35:21,942 - INFO - 
=== Training Example 266/1500: /home/projects/bagon/shared/imagenet512/val/n07749582/ILSVRC2012_val_00017842.JPEG ===
2025-09-05 12:35:30,207 - INFO - Example /home/projects/bagon/shared/imagenet512/val/n07749582/ILSVRC2012_val_00017842.JPEG reached epsilon at step 240, loss sum: 16.0361, final loss: 0.00099895, weight distance: 1.4244
2025-09-05 12:35:30,212 - INFO - Example 266 completed: 240 steps, loss sum: 16.0361, final loss: 0.00099895, weight distance: 1.4244 (universal rank: 37360)
2025-09-05 12:35:30,212 - INFO - 
=== Training Example 267/1500: /home/projects/bagon/shared/imagenet512/val/n01687978/ILSVRC2012_val_00044934.JPEG ===
2025-09-05 12:35:40,553 - INFO - Example /home/projects/bagon/shared/imagenet512/val/n01687978/ILSVRC2012_val_00044934.JPEG reached epsilon at step 302, loss sum: 33.8548, final loss: 0.00099728, weight distance: 2.0124
2025-09-05 12:35:40,560 - INFO - Example 267 completed: 302 steps, loss sum: 33.8548, final loss: 0.00099728, weight distance: 2.0124 (universal rank: 37365)
2025-09-05 12:35:40,560 - INFO - 
=== Training Example 268/1500: /home/projects/bagon/shared/imagenet512/val/n01773549/ILSVRC2012_val_00019042.JPEG ===
2025-09-05 12:35:46,007 - INFO - Example /home/projects/bagon/shared/imagenet512/val/n01773549/ILSVRC2012_val_00019042.JPEG reached epsilon at step 157, loss sum: 19.2078, final loss: 0.00099788, weight distance: 4.1474
2025-09-05 12:35:46,013 - INFO - Example 268 completed: 157 steps, loss sum: 19.2078, final loss: 0.00099788, weight distance: 4.1474 (universal rank: 37377)
2025-09-05 12:35:46,013 - INFO - 
=== Training Example 269/1500: /home/projects/bagon/shared/imagenet512/val/n03249569/ILSVRC2012_val_00041006.JPEG ===
2025-09-05 12:35:53,673 - INFO - Example /home/projects/bagon/shared/imagenet512/val/n03249569/ILSVRC2012_val_00041006.JPEG reached epsilon at step 222, loss sum: 14.4711, final loss: 0.00099943, weight distance: 1.3851
2025-09-05 12:35:53,678 - INFO - Example 269 completed: 222 steps, loss sum: 14.4711, final loss: 0.00099943, weight distance: 1.3851 (universal rank: 37401)
2025-09-05 12:35:53,679 - INFO - 
=== Training Example 270/1500: /home/projects/bagon/shared/imagenet512/val/n03598930/ILSVRC2012_val_00001266.JPEG ===
2025-09-05 12:36:13,055 - INFO - Example /home/projects/bagon/shared/imagenet512/val/n03598930/ILSVRC2012_val_00001266.JPEG reached epsilon at step 565, loss sum: 10.5019, final loss: 0.00099883, weight distance: 1.6126
2025-09-05 12:36:13,062 - INFO - Example 270 completed: 565 steps, loss sum: 10.5019, final loss: 0.00099883, weight distance: 1.6126 (universal rank: 37444)
2025-09-05 12:36:13,062 - INFO - 
=== Training Example 271/1500: /home/projects/bagon/shared/imagenet512/val/n02093859/ILSVRC2012_val_00049667.JPEG ===
2025-09-05 12:36:23,774 - INFO - Example /home/projects/bagon/shared/imagenet512/val/n02093859/ILSVRC2012_val_00049667.JPEG reached epsilon at step 313, loss sum: 26.4446, final loss: 0.00099895, weight distance: 0.7755
2025-09-05 12:36:23,780 - INFO - Example 271 completed: 313 steps, loss sum: 26.4446, final loss: 0.00099895, weight distance: 0.7755 (universal rank: 37449)
2025-09-05 12:36:23,780 - INFO - 
=== Training Example 272/1500: /home/projects/bagon/shared/imagenet512/val/n04493381/ILSVRC2012_val_00037884.JPEG ===
2025-09-05 12:36:35,781 - INFO - Example /home/projects/bagon/shared/imagenet512/val/n04493381/ILSVRC2012_val_00037884.JPEG reached epsilon at step 352, loss sum: 28.0042, final loss: 0.00099919, weight distance: 2.5815
2025-09-05 12:36:35,787 - INFO - Example 272 completed: 352 steps, loss sum: 28.0042, final loss: 0.00099919, weight distance: 2.5815 (universal rank: 37471)
2025-09-05 12:36:35,787 - INFO - 
=== Training Example 273/1500: /home/projects/bagon/shared/imagenet512/val/n03125729/ILSVRC2012_val_00037113.JPEG ===
2025-09-05 12:36:42,669 - INFO - Example /home/projects/bagon/shared/imagenet512/val/n03125729/ILSVRC2012_val_00037113.JPEG reached epsilon at step 199, loss sum: 42.8192, final loss: 0.00099955, weight distance: 2.0476
2025-09-05 12:36:42,676 - INFO - Example 273 completed: 199 steps, loss sum: 42.8192, final loss: 0.00099955, weight distance: 2.0476 (universal rank: 37477)
2025-09-05 12:36:42,676 - INFO - 
=== Training Example 274/1500: /home/projects/bagon/shared/imagenet512/val/n04515003/ILSVRC2012_val_00013446.JPEG ===
2025-09-05 12:36:49,725 - INFO - Example /home/projects/bagon/shared/imagenet512/val/n04515003/ILSVRC2012_val_00013446.JPEG reached epsilon at step 202, loss sum: 28.4599, final loss: 0.00099871, weight distance: 4.1398
2025-09-05 12:36:49,730 - INFO - Example 274 completed: 202 steps, loss sum: 28.4599, final loss: 0.00099871, weight distance: 4.1398 (universal rank: 37479)
2025-09-05 12:36:49,730 - INFO - 
=== Training Example 275/1500: /home/projects/bagon/shared/imagenet512/val/n02110063/ILSVRC2012_val_00039359.JPEG ===
2025-09-05 12:36:55,492 - INFO - Example /home/projects/bagon/shared/imagenet512/val/n02110063/ILSVRC2012_val_00039359.JPEG reached epsilon at step 165, loss sum: 36.3734, final loss: 0.00099562, weight distance: 2.8575
2025-09-05 12:36:55,498 - INFO - Example 275 completed: 165 steps, loss sum: 36.3734, final loss: 0.00099562, weight distance: 2.8575 (universal rank: 37487)
2025-09-05 12:36:55,498 - INFO - 
=== Training Example 276/1500: /home/projects/bagon/shared/imagenet512/val/n03388183/ILSVRC2012_val_00040319.JPEG ===
2025-09-05 12:37:05,855 - INFO - Example /home/projects/bagon/shared/imagenet512/val/n03388183/ILSVRC2012_val_00040319.JPEG reached epsilon at step 299, loss sum: 18.1996, final loss: 0.00099752, weight distance: 2.0405
2025-09-05 12:37:05,860 - INFO - Example 276 completed: 299 steps, loss sum: 18.1996, final loss: 0.00099752, weight distance: 2.0405 (universal rank: 37497)
2025-09-05 12:37:05,860 - INFO - 
=== Training Example 277/1500: /home/projects/bagon/shared/imagenet512/val/n02089867/ILSVRC2012_val_00035749.JPEG ===
2025-09-05 12:37:16,316 - INFO - Example /home/projects/bagon/shared/imagenet512/val/n02089867/ILSVRC2012_val_00035749.JPEG reached epsilon at step 304, loss sum: 26.7740, final loss: 0.00099752, weight distance: 2.6885
2025-09-05 12:37:16,322 - INFO - Example 277 completed: 304 steps, loss sum: 26.7740, final loss: 0.00099752, weight distance: 2.6885 (universal rank: 37513)
2025-09-05 12:37:16,323 - INFO - 
=== Training Example 278/1500: /home/projects/bagon/shared/imagenet512/val/n03899768/ILSVRC2012_val_00045144.JPEG ===
2025-09-05 12:37:17,993 - INFO - Example /home/projects/bagon/shared/imagenet512/val/n03899768/ILSVRC2012_val_00045144.JPEG reached epsilon at step 46, loss sum: 43.6198, final loss: 0.00099824, weight distance: 2.9261
2025-09-05 12:37:17,998 - INFO - Example 278 completed: 46 steps, loss sum: 43.6198, final loss: 0.00099824, weight distance: 2.9261 (universal rank: 37514)
2025-09-05 12:37:17,999 - INFO - 
=== Training Example 279/1500: /home/projects/bagon/shared/imagenet512/val/n02018207/ILSVRC2012_val_00012309.JPEG ===
2025-09-05 12:37:28,957 - INFO - Example /home/projects/bagon/shared/imagenet512/val/n02018207/ILSVRC2012_val_00012309.JPEG reached epsilon at step 320, loss sum: 25.4126, final loss: 0.00099931, weight distance: 4.2572
2025-09-05 12:37:28,962 - INFO - Example 279 completed: 320 steps, loss sum: 25.4126, final loss: 0.00099931, weight distance: 4.2572 (universal rank: 37519)
2025-09-05 12:37:28,962 - INFO - 
=== Training Example 280/1500: /home/projects/bagon/shared/imagenet512/val/n02093859/ILSVRC2012_val_00010356.JPEG ===
2025-09-05 12:37:37,255 - INFO - Example /home/projects/bagon/shared/imagenet512/val/n02093859/ILSVRC2012_val_00010356.JPEG reached epsilon at step 242, loss sum: 18.1035, final loss: 0.00099907, weight distance: 4.6874
2025-09-05 12:37:37,261 - INFO - Example 280 completed: 242 steps, loss sum: 18.1035, final loss: 0.00099907, weight distance: 4.6874 (universal rank: 37555)
2025-09-05 12:37:37,261 - INFO - 
=== Training Example 281/1500: /home/projects/bagon/shared/imagenet512/val/n02086079/ILSVRC2012_val_00007057.JPEG ===
2025-09-05 12:37:44,467 - INFO - Example /home/projects/bagon/shared/imagenet512/val/n02086079/ILSVRC2012_val_00007057.JPEG reached epsilon at step 210, loss sum: 19.3415, final loss: 0.00099621, weight distance: 1.9459
2025-09-05 12:37:44,473 - INFO - Example 281 completed: 210 steps, loss sum: 19.3415, final loss: 0.00099621, weight distance: 1.9459 (universal rank: 37575)
2025-09-05 12:37:44,474 - INFO - 
=== Training Example 282/1500: /home/projects/bagon/shared/imagenet512/val/n02930766/ILSVRC2012_val_00041065.JPEG ===
2025-09-05 12:37:51,927 - INFO - Example /home/projects/bagon/shared/imagenet512/val/n02930766/ILSVRC2012_val_00041065.JPEG reached epsilon at step 216, loss sum: 24.0506, final loss: 0.00099740, weight distance: 0.8634
2025-09-05 12:37:51,932 - INFO - Example 282 completed: 216 steps, loss sum: 24.0506, final loss: 0.00099740, weight distance: 0.8634 (universal rank: 37608)
2025-09-05 12:37:51,932 - INFO - 
=== Training Example 283/1500: /home/projects/bagon/shared/imagenet512/val/n02097474/ILSVRC2012_val_00023596.JPEG ===
2025-09-05 12:37:58,036 - INFO - Example /home/projects/bagon/shared/imagenet512/val/n02097474/ILSVRC2012_val_00023596.JPEG reached epsilon at step 177, loss sum: 17.9980, final loss: 0.00099050, weight distance: 1.0264
2025-09-05 12:37:58,042 - INFO - Example 283 completed: 177 steps, loss sum: 17.9980, final loss: 0.00099050, weight distance: 1.0264 (universal rank: 37643)
2025-09-05 12:37:58,042 - INFO - 
=== Training Example 284/1500: /home/projects/bagon/shared/imagenet512/val/n02492035/ILSVRC2012_val_00016791.JPEG ===
2025-09-05 12:38:09,667 - INFO - Example /home/projects/bagon/shared/imagenet512/val/n02492035/ILSVRC2012_val_00016791.JPEG reached epsilon at step 339, loss sum: 25.8725, final loss: 0.00099871, weight distance: 4.1722
2025-09-05 12:38:09,671 - INFO - Example 284 completed: 339 steps, loss sum: 25.8725, final loss: 0.00099871, weight distance: 4.1722 (universal rank: 37653)
2025-09-05 12:38:09,672 - INFO - 
=== Training Example 285/1500: /home/projects/bagon/shared/imagenet512/val/n03447721/ILSVRC2012_val_00036448.JPEG ===
2025-09-05 12:38:16,934 - INFO - Example /home/projects/bagon/shared/imagenet512/val/n03447721/ILSVRC2012_val_00036448.JPEG reached epsilon at step 211, loss sum: 17.6211, final loss: 0.00099883, weight distance: 2.3479
2025-09-05 12:38:16,940 - INFO - Example 285 completed: 211 steps, loss sum: 17.6211, final loss: 0.00099883, weight distance: 2.3479 (universal rank: 37706)
2025-09-05 12:38:16,940 - INFO - 
=== Training Example 286/1500: /home/projects/bagon/shared/imagenet512/val/n02514041/ILSVRC2012_val_00015140.JPEG ===
2025-09-05 12:38:29,161 - INFO - Example /home/projects/bagon/shared/imagenet512/val/n02514041/ILSVRC2012_val_00015140.JPEG reached epsilon at step 356, loss sum: 20.4758, final loss: 0.00099895, weight distance: 1.7459
2025-09-05 12:38:29,166 - INFO - Example 286 completed: 356 steps, loss sum: 20.4758, final loss: 0.00099895, weight distance: 1.7459 (universal rank: 37741)
2025-09-05 12:38:29,166 - INFO - 
=== Training Example 287/1500: /home/projects/bagon/shared/imagenet512/val/n02879718/ILSVRC2012_val_00042569.JPEG ===
2025-09-05 12:38:33,569 - INFO - Example /home/projects/bagon/shared/imagenet512/val/n02879718/ILSVRC2012_val_00042569.JPEG reached epsilon at step 127, loss sum: 20.0924, final loss: 0.00099062, weight distance: 1.6069
2025-09-05 12:38:33,575 - INFO - Example 287 completed: 127 steps, loss sum: 20.0924, final loss: 0.00099062, weight distance: 1.6069 (universal rank: 37753)
2025-09-05 12:38:33,575 - INFO - 
=== Training Example 288/1500: /home/projects/bagon/shared/imagenet512/val/n02114367/ILSVRC2012_val_00031414.JPEG ===
2025-09-05 12:38:39,423 - INFO - Example /home/projects/bagon/shared/imagenet512/val/n02114367/ILSVRC2012_val_00031414.JPEG reached epsilon at step 168, loss sum: 21.2828, final loss: 0.00099836, weight distance: 2.5759
2025-09-05 12:38:39,428 - INFO - Example 288 completed: 168 steps, loss sum: 21.2828, final loss: 0.00099836, weight distance: 2.5759 (universal rank: 37757)
2025-09-05 12:38:39,428 - INFO - 
=== Training Example 289/1500: /home/projects/bagon/shared/imagenet512/val/n03180011/ILSVRC2012_val_00049615.JPEG ===
2025-09-05 12:38:46,128 - INFO - Example /home/projects/bagon/shared/imagenet512/val/n03180011/ILSVRC2012_val_00049615.JPEG reached epsilon at step 194, loss sum: 18.2080, final loss: 0.00099550, weight distance: 2.6716
2025-09-05 12:38:46,136 - INFO - Example 289 completed: 194 steps, loss sum: 18.2080, final loss: 0.00099550, weight distance: 2.6716 (universal rank: 37771)
2025-09-05 12:38:46,136 - INFO - 
=== Training Example 290/1500: /home/projects/bagon/shared/imagenet512/val/n04127249/ILSVRC2012_val_00020995.JPEG ===
2025-09-05 12:38:54,233 - INFO - Example /home/projects/bagon/shared/imagenet512/val/n04127249/ILSVRC2012_val_00020995.JPEG reached epsilon at step 234, loss sum: 16.0221, final loss: 0.00099586, weight distance: 1.7874
2025-09-05 12:38:54,239 - INFO - Example 290 completed: 234 steps, loss sum: 16.0221, final loss: 0.00099586, weight distance: 1.7874 (universal rank: 37795)
2025-09-05 12:38:54,239 - INFO - 
=== Training Example 291/1500: /home/projects/bagon/shared/imagenet512/val/n03976657/ILSVRC2012_val_00019093.JPEG ===
2025-09-05 12:39:01,002 - INFO - Example /home/projects/bagon/shared/imagenet512/val/n03976657/ILSVRC2012_val_00019093.JPEG reached epsilon at step 194, loss sum: 13.9774, final loss: 0.00099621, weight distance: 1.6934
2025-09-05 12:39:01,007 - INFO - Example 291 completed: 194 steps, loss sum: 13.9774, final loss: 0.00099621, weight distance: 1.6934 (universal rank: 37815)
2025-09-05 12:39:01,007 - INFO - 
=== Training Example 292/1500: /home/projects/bagon/shared/imagenet512/val/n04204238/ILSVRC2012_val_00029914.JPEG ===
2025-09-05 12:39:06,469 - INFO - Example /home/projects/bagon/shared/imagenet512/val/n04204238/ILSVRC2012_val_00029914.JPEG reached epsilon at step 157, loss sum: 15.1796, final loss: 0.00099574, weight distance: 1.0045
2025-09-05 12:39:06,601 - INFO - Example 292 completed: 157 steps, loss sum: 15.1796, final loss: 0.00099574, weight distance: 1.0045 (universal rank: 37830)
2025-09-05 12:39:06,601 - INFO - 
=== Training Example 293/1500: /home/projects/bagon/shared/imagenet512/val/n04404412/ILSVRC2012_val_00005851.JPEG ===
2025-09-05 12:39:12,866 - INFO - Example /home/projects/bagon/shared/imagenet512/val/n04404412/ILSVRC2012_val_00005851.JPEG reached epsilon at step 182, loss sum: 20.1483, final loss: 0.00099871, weight distance: 3.8428
2025-09-05 12:39:12,872 - INFO - Example 293 completed: 182 steps, loss sum: 20.1483, final loss: 0.00099871, weight distance: 3.8428 (universal rank: 37842)
2025-09-05 12:39:12,872 - INFO - 
=== Training Example 294/1500: /home/projects/bagon/shared/imagenet512/val/n03743016/ILSVRC2012_val_00043663.JPEG ===
2025-09-05 12:39:24,652 - INFO - Example /home/projects/bagon/shared/imagenet512/val/n03743016/ILSVRC2012_val_00043663.JPEG reached epsilon at step 345, loss sum: 31.4807, final loss: 0.00099859, weight distance: 5.1786
2025-09-05 12:39:24,658 - INFO - Example 294 completed: 345 steps, loss sum: 31.4807, final loss: 0.00099859, weight distance: 5.1786 (universal rank: 37843)
2025-09-05 12:39:24,658 - INFO - 
=== Training Example 295/1500: /home/projects/bagon/shared/imagenet512/val/n02783161/ILSVRC2012_val_00016206.JPEG ===
2025-09-05 12:39:30,005 - INFO - Example /home/projects/bagon/shared/imagenet512/val/n02783161/ILSVRC2012_val_00016206.JPEG reached epsilon at step 155, loss sum: 9.5609, final loss: 0.00099990, weight distance: 2.8282
2025-09-05 12:39:30,013 - INFO - Example 295 completed: 155 steps, loss sum: 9.5609, final loss: 0.00099990, weight distance: 2.8282 (universal rank: 37865)
2025-09-05 12:39:30,014 - INFO - 
=== Training Example 296/1500: /home/projects/bagon/shared/imagenet512/val/n02895154/ILSVRC2012_val_00040548.JPEG ===
2025-09-05 12:39:42,418 - INFO - Example /home/projects/bagon/shared/imagenet512/val/n02895154/ILSVRC2012_val_00040548.JPEG reached epsilon at step 364, loss sum: 18.9842, final loss: 0.00099693, weight distance: 1.2579
2025-09-05 12:39:42,424 - INFO - Example 296 completed: 364 steps, loss sum: 18.9842, final loss: 0.00099693, weight distance: 1.2579 (universal rank: 37872)
2025-09-05 12:39:42,424 - INFO - 
=== Training Example 297/1500: /home/projects/bagon/shared/imagenet512/val/n04357314/ILSVRC2012_val_00020060.JPEG ===
2025-09-05 12:39:50,752 - INFO - Example /home/projects/bagon/shared/imagenet512/val/n04357314/ILSVRC2012_val_00020060.JPEG reached epsilon at step 242, loss sum: 17.2090, final loss: 0.00099669, weight distance: 1.5131
2025-09-05 12:39:50,760 - INFO - Example 297 completed: 242 steps, loss sum: 17.2090, final loss: 0.00099669, weight distance: 1.5131 (universal rank: 37873)
2025-09-05 12:39:50,760 - INFO - 
=== Training Example 298/1500: /home/projects/bagon/shared/imagenet512/val/n04443257/ILSVRC2012_val_00021395.JPEG ===
2025-09-05 12:39:55,877 - INFO - Example /home/projects/bagon/shared/imagenet512/val/n04443257/ILSVRC2012_val_00021395.JPEG reached epsilon at step 148, loss sum: 20.9298, final loss: 0.00099490, weight distance: 3.2793
2025-09-05 12:39:55,883 - INFO - Example 298 completed: 148 steps, loss sum: 20.9298, final loss: 0.00099490, weight distance: 3.2793 (universal rank: 37898)
2025-09-05 12:39:55,883 - INFO - 
=== Training Example 299/1500: /home/projects/bagon/shared/imagenet512/val/n02095570/ILSVRC2012_val_00046610.JPEG ===
2025-09-05 12:40:04,317 - INFO - Example /home/projects/bagon/shared/imagenet512/val/n02095570/ILSVRC2012_val_00046610.JPEG reached epsilon at step 244, loss sum: 25.8430, final loss: 0.00099728, weight distance: 6.9269
2025-09-05 12:40:04,323 - INFO - Example 299 completed: 244 steps, loss sum: 25.8430, final loss: 0.00099728, weight distance: 6.9269 (universal rank: 37941)
2025-09-05 12:40:04,323 - INFO - 
=== Training Example 300/1500: /home/projects/bagon/shared/imagenet512/val/n03803284/ILSVRC2012_val_00038880.JPEG ===
2025-09-05 12:40:14,461 - INFO - Example /home/projects/bagon/shared/imagenet512/val/n03803284/ILSVRC2012_val_00038880.JPEG reached epsilon at step 296, loss sum: 37.3482, final loss: 0.00099800, weight distance: 3.2606
2025-09-05 12:40:14,467 - INFO - Example 300 completed: 296 steps, loss sum: 37.3482, final loss: 0.00099800, weight distance: 3.2606 (universal rank: 37947)
2025-09-05 12:40:14,467 - INFO - 
=== Training Example 301/1500: /home/projects/bagon/shared/imagenet512/val/n01986214/ILSVRC2012_val_00019512.JPEG ===
2025-09-05 12:40:20,618 - INFO - Example /home/projects/bagon/shared/imagenet512/val/n01986214/ILSVRC2012_val_00019512.JPEG reached epsilon at step 179, loss sum: 27.7892, final loss: 0.00099145, weight distance: 1.4924
2025-09-05 12:40:20,628 - INFO - Example 301 completed: 179 steps, loss sum: 27.7892, final loss: 0.00099145, weight distance: 1.4924 (universal rank: 37970)
2025-09-05 12:40:20,628 - INFO - 
=== Training Example 302/1500: /home/projects/bagon/shared/imagenet512/val/n03742115/ILSVRC2012_val_00009495.JPEG ===
2025-09-05 12:40:31,380 - INFO - Example /home/projects/bagon/shared/imagenet512/val/n03742115/ILSVRC2012_val_00009495.JPEG reached epsilon at step 314, loss sum: 17.9733, final loss: 0.00099717, weight distance: 3.5144
2025-09-05 12:40:31,386 - INFO - Example 302 completed: 314 steps, loss sum: 17.9733, final loss: 0.00099717, weight distance: 3.5144 (universal rank: 37974)
2025-09-05 12:40:31,386 - INFO - 
=== Training Example 303/1500: /home/projects/bagon/shared/imagenet512/val/n03692522/ILSVRC2012_val_00031406.JPEG ===
2025-09-05 12:40:36,045 - INFO - Example /home/projects/bagon/shared/imagenet512/val/n03692522/ILSVRC2012_val_00031406.JPEG reached epsilon at step 134, loss sum: 22.4973, final loss: 0.00099645, weight distance: 2.8298
2025-09-05 12:40:36,051 - INFO - Example 303 completed: 134 steps, loss sum: 22.4973, final loss: 0.00099645, weight distance: 2.8298 (universal rank: 37979)
2025-09-05 12:40:36,051 - INFO - 
=== Training Example 304/1500: /home/projects/bagon/shared/imagenet512/val/n04251144/ILSVRC2012_val_00015061.JPEG ===
2025-09-05 12:40:42,239 - INFO - Example /home/projects/bagon/shared/imagenet512/val/n04251144/ILSVRC2012_val_00015061.JPEG reached epsilon at step 178, loss sum: 14.1252, final loss: 0.00099812, weight distance: 2.4793
2025-09-05 12:40:42,246 - INFO - Example 304 completed: 178 steps, loss sum: 14.1252, final loss: 0.00099812, weight distance: 2.4793 (universal rank: 38001)
2025-09-05 12:40:42,246 - INFO - 
=== Training Example 305/1500: /home/projects/bagon/shared/imagenet512/val/n03770439/ILSVRC2012_val_00019644.JPEG ===
2025-09-05 12:40:51,763 - INFO - Example /home/projects/bagon/shared/imagenet512/val/n03770439/ILSVRC2012_val_00019644.JPEG reached epsilon at step 274, loss sum: 22.0688, final loss: 0.00099812, weight distance: 3.3160
2025-09-05 12:40:51,770 - INFO - Example 305 completed: 274 steps, loss sum: 22.0688, final loss: 0.00099812, weight distance: 3.3160 (universal rank: 38003)
2025-09-05 12:40:51,770 - INFO - 
=== Training Example 306/1500: /home/projects/bagon/shared/imagenet512/val/n04116512/ILSVRC2012_val_00001422.JPEG ===
2025-09-05 12:41:10,164 - INFO - Example /home/projects/bagon/shared/imagenet512/val/n04116512/ILSVRC2012_val_00001422.JPEG reached epsilon at step 533, loss sum: 44.3372, final loss: 0.00099907, weight distance: 3.0387
2025-09-05 12:41:10,170 - INFO - Example 306 completed: 533 steps, loss sum: 44.3372, final loss: 0.00099907, weight distance: 3.0387 (universal rank: 38006)
2025-09-05 12:41:10,170 - INFO - 
=== Training Example 307/1500: /home/projects/bagon/shared/imagenet512/val/n01914609/ILSVRC2012_val_00048292.JPEG ===
2025-09-05 12:41:17,266 - INFO - Example /home/projects/bagon/shared/imagenet512/val/n01914609/ILSVRC2012_val_00048292.JPEG reached epsilon at step 205, loss sum: 32.4335, final loss: 0.00099764, weight distance: 3.2733
2025-09-05 12:41:17,273 - INFO - Example 307 completed: 205 steps, loss sum: 32.4335, final loss: 0.00099764, weight distance: 3.2733 (universal rank: 38059)
2025-09-05 12:41:17,273 - INFO - 
=== Training Example 308/1500: /home/projects/bagon/shared/imagenet512/val/n15075141/ILSVRC2012_val_00041217.JPEG ===
2025-09-05 12:41:27,351 - INFO - Example /home/projects/bagon/shared/imagenet512/val/n15075141/ILSVRC2012_val_00041217.JPEG reached epsilon at step 294, loss sum: 18.3628, final loss: 0.00099967, weight distance: 1.7642
2025-09-05 12:41:27,357 - INFO - Example 308 completed: 294 steps, loss sum: 18.3628, final loss: 0.00099967, weight distance: 1.7642 (universal rank: 38072)
2025-09-05 12:41:27,358 - INFO - 
=== Training Example 309/1500: /home/projects/bagon/shared/imagenet512/val/n06596364/ILSVRC2012_val_00009212.JPEG ===
2025-09-05 12:41:33,308 - INFO - Example /home/projects/bagon/shared/imagenet512/val/n06596364/ILSVRC2012_val_00009212.JPEG reached epsilon at step 173, loss sum: 22.8944, final loss: 0.00099502, weight distance: 4.3887
2025-09-05 12:41:33,314 - INFO - Example 309 completed: 173 steps, loss sum: 22.8944, final loss: 0.00099502, weight distance: 4.3887 (universal rank: 38078)
2025-09-05 12:41:33,315 - INFO - 
=== Training Example 310/1500: /home/projects/bagon/shared/imagenet512/val/n03595614/ILSVRC2012_val_00007961.JPEG ===
2025-09-05 12:41:40,355 - INFO - Example /home/projects/bagon/shared/imagenet512/val/n03595614/ILSVRC2012_val_00007961.JPEG reached epsilon at step 204, loss sum: 28.2028, final loss: 0.00099824, weight distance: 2.9287
2025-09-05 12:41:40,361 - INFO - Example 310 completed: 204 steps, loss sum: 28.2028, final loss: 0.00099824, weight distance: 2.9287 (universal rank: 38082)
2025-09-05 12:41:40,361 - INFO - 
=== Training Example 311/1500: /home/projects/bagon/shared/imagenet512/val/n02730930/ILSVRC2012_val_00030205.JPEG ===
2025-09-05 12:41:50,191 - INFO - Example /home/projects/bagon/shared/imagenet512/val/n02730930/ILSVRC2012_val_00030205.JPEG reached epsilon at step 284, loss sum: 32.2081, final loss: 0.00099871, weight distance: 2.3433
2025-09-05 12:41:50,196 - INFO - Example 311 completed: 284 steps, loss sum: 32.2081, final loss: 0.00099871, weight distance: 2.3433 (universal rank: 38088)
2025-09-05 12:41:50,196 - INFO - 
=== Training Example 312/1500: /home/projects/bagon/shared/imagenet512/val/n02364673/ILSVRC2012_val_00044948.JPEG ===
2025-09-05 12:41:58,421 - INFO - Example /home/projects/bagon/shared/imagenet512/val/n02364673/ILSVRC2012_val_00044948.JPEG reached epsilon at step 237, loss sum: 21.3571, final loss: 0.00099943, weight distance: 4.8561
2025-09-05 12:41:58,429 - INFO - Example 312 completed: 237 steps, loss sum: 21.3571, final loss: 0.00099943, weight distance: 4.8561 (universal rank: 38089)
2025-09-05 12:41:58,429 - INFO - 
=== Training Example 313/1500: /home/projects/bagon/shared/imagenet512/val/n02319095/ILSVRC2012_val_00033163.JPEG ===
2025-09-05 12:42:13,927 - INFO - Example /home/projects/bagon/shared/imagenet512/val/n02319095/ILSVRC2012_val_00033163.JPEG reached epsilon at step 449, loss sum: 48.6491, final loss: 0.00099812, weight distance: 1.8519
2025-09-05 12:42:13,933 - INFO - Example 313 completed: 449 steps, loss sum: 48.6491, final loss: 0.00099812, weight distance: 1.8519 (universal rank: 38090)
2025-09-05 12:42:13,933 - INFO - 
=== Training Example 314/1500: /home/projects/bagon/shared/imagenet512/val/n03764736/ILSVRC2012_val_00043102.JPEG ===
2025-09-05 12:42:24,173 - INFO - Example /home/projects/bagon/shared/imagenet512/val/n03764736/ILSVRC2012_val_00043102.JPEG reached epsilon at step 298, loss sum: 18.1280, final loss: 0.00099705, weight distance: 3.7007
2025-09-05 12:42:24,178 - INFO - Example 314 completed: 298 steps, loss sum: 18.1280, final loss: 0.00099705, weight distance: 3.7007 (universal rank: 38093)
2025-09-05 12:42:24,178 - INFO - 
=== Training Example 315/1500: /home/projects/bagon/shared/imagenet512/val/n04423845/ILSVRC2012_val_00022060.JPEG ===
2025-09-05 12:42:30,020 - INFO - Example /home/projects/bagon/shared/imagenet512/val/n04423845/ILSVRC2012_val_00022060.JPEG reached epsilon at step 168, loss sum: 18.0749, final loss: 0.00099764, weight distance: 3.5866
2025-09-05 12:42:30,025 - INFO - Example 315 completed: 168 steps, loss sum: 18.0749, final loss: 0.00099764, weight distance: 3.5866 (universal rank: 38109)
2025-09-05 12:42:30,025 - INFO - 
=== Training Example 316/1500: /home/projects/bagon/shared/imagenet512/val/n02999410/ILSVRC2012_val_00021868.JPEG ===
2025-09-05 12:42:37,710 - INFO - Example /home/projects/bagon/shared/imagenet512/val/n02999410/ILSVRC2012_val_00021868.JPEG reached epsilon at step 222, loss sum: 20.1193, final loss: 0.00099907, weight distance: 4.8604
2025-09-05 12:42:37,716 - INFO - Example 316 completed: 222 steps, loss sum: 20.1193, final loss: 0.00099907, weight distance: 4.8604 (universal rank: 38115)
2025-09-05 12:42:37,716 - INFO - 
=== Training Example 317/1500: /home/projects/bagon/shared/imagenet512/val/n03623198/ILSVRC2012_val_00012945.JPEG ===
2025-09-05 12:42:43,135 - INFO - Example /home/projects/bagon/shared/imagenet512/val/n03623198/ILSVRC2012_val_00012945.JPEG reached epsilon at step 156, loss sum: 15.6330, final loss: 0.00099681, weight distance: 2.5014
2025-09-05 12:42:43,140 - INFO - Example 317 completed: 156 steps, loss sum: 15.6330, final loss: 0.00099681, weight distance: 2.5014 (universal rank: 38124)
2025-09-05 12:42:43,140 - INFO - 
=== Training Example 318/1500: /home/projects/bagon/shared/imagenet512/val/n02109047/ILSVRC2012_val_00003306.JPEG ===
2025-09-05 12:42:55,094 - INFO - Example /home/projects/bagon/shared/imagenet512/val/n02109047/ILSVRC2012_val_00003306.JPEG reached epsilon at step 345, loss sum: 25.2877, final loss: 0.00099931, weight distance: 3.0353
2025-09-05 12:42:55,101 - INFO - Example 318 completed: 345 steps, loss sum: 25.2877, final loss: 0.00099931, weight distance: 3.0353 (universal rank: 38125)
2025-09-05 12:42:55,101 - INFO - 
=== Training Example 319/1500: /home/projects/bagon/shared/imagenet512/val/n01924916/ILSVRC2012_val_00027592.JPEG ===
2025-09-05 12:43:03,525 - INFO - Example /home/projects/bagon/shared/imagenet512/val/n01924916/ILSVRC2012_val_00027592.JPEG reached epsilon at step 241, loss sum: 24.6422, final loss: 0.00099657, weight distance: 3.3252
2025-09-05 12:43:03,532 - INFO - Example 319 completed: 241 steps, loss sum: 24.6422, final loss: 0.00099657, weight distance: 3.3252 (universal rank: 38127)
2025-09-05 12:43:03,532 - INFO - 
=== Training Example 320/1500: /home/projects/bagon/shared/imagenet512/val/n02640242/ILSVRC2012_val_00014763.JPEG ===
2025-09-05 12:43:10,888 - INFO - Example /home/projects/bagon/shared/imagenet512/val/n02640242/ILSVRC2012_val_00014763.JPEG reached epsilon at step 213, loss sum: 23.3135, final loss: 0.00099800, weight distance: 4.7561
2025-09-05 12:43:10,894 - INFO - Example 320 completed: 213 steps, loss sum: 23.3135, final loss: 0.00099800, weight distance: 4.7561 (universal rank: 38129)
2025-09-05 12:43:10,894 - INFO - 
=== Training Example 321/1500: /home/projects/bagon/shared/imagenet512/val/n04483307/ILSVRC2012_val_00017755.JPEG ===
2025-09-05 12:43:25,182 - INFO - Example /home/projects/bagon/shared/imagenet512/val/n04483307/ILSVRC2012_val_00017755.JPEG reached epsilon at step 416, loss sum: 31.5067, final loss: 0.00099800, weight distance: 3.9435
2025-09-05 12:43:25,187 - INFO - Example 321 completed: 416 steps, loss sum: 31.5067, final loss: 0.00099800, weight distance: 3.9435 (universal rank: 38154)
2025-09-05 12:43:25,188 - INFO - 
=== Training Example 322/1500: /home/projects/bagon/shared/imagenet512/val/n02138441/ILSVRC2012_val_00033142.JPEG ===
2025-09-05 12:43:38,227 - INFO - Example /home/projects/bagon/shared/imagenet512/val/n02138441/ILSVRC2012_val_00033142.JPEG reached epsilon at step 378, loss sum: 12.3693, final loss: 0.00099776, weight distance: 1.7320
2025-09-05 12:43:38,234 - INFO - Example 322 completed: 378 steps, loss sum: 12.3693, final loss: 0.00099776, weight distance: 1.7320 (universal rank: 38156)
2025-09-05 12:43:38,234 - INFO - 
=== Training Example 323/1500: /home/projects/bagon/shared/imagenet512/val/n02099429/ILSVRC2012_val_00030579.JPEG ===
2025-09-05 12:43:49,154 - INFO - Example /home/projects/bagon/shared/imagenet512/val/n02099429/ILSVRC2012_val_00030579.JPEG reached epsilon at step 317, loss sum: 27.0818, final loss: 0.00099895, weight distance: 1.8980
2025-09-05 12:43:49,159 - INFO - Example 323 completed: 317 steps, loss sum: 27.0818, final loss: 0.00099895, weight distance: 1.8980 (universal rank: 38173)
2025-09-05 12:43:49,160 - INFO - 
=== Training Example 324/1500: /home/projects/bagon/shared/imagenet512/val/n04330267/ILSVRC2012_val_00014185.JPEG ===
2025-09-05 12:43:53,473 - INFO - Example /home/projects/bagon/shared/imagenet512/val/n04330267/ILSVRC2012_val_00014185.JPEG reached epsilon at step 123, loss sum: 16.7250, final loss: 0.00099419, weight distance: 3.4692
2025-09-05 12:43:53,479 - INFO - Example 324 completed: 123 steps, loss sum: 16.7250, final loss: 0.00099419, weight distance: 3.4692 (universal rank: 38187)
2025-09-05 12:43:53,479 - INFO - 
=== Training Example 325/1500: /home/projects/bagon/shared/imagenet512/val/n03530642/ILSVRC2012_val_00017838.JPEG ===
2025-09-05 12:44:03,291 - INFO - Example /home/projects/bagon/shared/imagenet512/val/n03530642/ILSVRC2012_val_00017838.JPEG reached epsilon at step 274, loss sum: 25.6595, final loss: 0.00099717, weight distance: 4.7843
2025-09-05 12:44:03,297 - INFO - Example 325 completed: 274 steps, loss sum: 25.6595, final loss: 0.00099717, weight distance: 4.7843 (universal rank: 38195)
2025-09-05 12:44:03,297 - INFO - 
=== Training Example 326/1500: /home/projects/bagon/shared/imagenet512/val/n04254777/ILSVRC2012_val_00019815.JPEG ===
2025-09-05 12:44:09,687 - INFO - Example /home/projects/bagon/shared/imagenet512/val/n04254777/ILSVRC2012_val_00019815.JPEG reached epsilon at step 184, loss sum: 17.4889, final loss: 0.00099788, weight distance: 1.7769
2025-09-05 12:44:09,694 - INFO - Example 326 completed: 184 steps, loss sum: 17.4889, final loss: 0.00099788, weight distance: 1.7769 (universal rank: 38205)
2025-09-05 12:44:09,694 - INFO - 
=== Training Example 327/1500: /home/projects/bagon/shared/imagenet512/val/n04116512/ILSVRC2012_val_00004247.JPEG ===
2025-09-05 12:44:20,014 - INFO - Example /home/projects/bagon/shared/imagenet512/val/n04116512/ILSVRC2012_val_00004247.JPEG reached epsilon at step 299, loss sum: 23.9387, final loss: 0.00099967, weight distance: 2.3328
2025-09-05 12:44:20,019 - INFO - Example 327 completed: 299 steps, loss sum: 23.9387, final loss: 0.00099967, weight distance: 2.3328 (universal rank: 38208)
2025-09-05 12:44:20,019 - INFO - 
=== Training Example 328/1500: /home/projects/bagon/shared/imagenet512/val/n02747177/ILSVRC2012_val_00025380.JPEG ===
2025-09-05 12:44:27,939 - INFO - Example /home/projects/bagon/shared/imagenet512/val/n02747177/ILSVRC2012_val_00025380.JPEG reached epsilon at step 231, loss sum: 29.0272, final loss: 0.00099859, weight distance: 2.9176
2025-09-05 12:44:27,944 - INFO - Example 328 completed: 231 steps, loss sum: 29.0272, final loss: 0.00099859, weight distance: 2.9176 (universal rank: 38210)
2025-09-05 12:44:27,944 - INFO - 
=== Training Example 329/1500: /home/projects/bagon/shared/imagenet512/val/n03482405/ILSVRC2012_val_00049930.JPEG ===
2025-09-05 12:44:35,160 - INFO - Example /home/projects/bagon/shared/imagenet512/val/n03482405/ILSVRC2012_val_00049930.JPEG reached epsilon at step 210, loss sum: 23.1399, final loss: 0.00099562, weight distance: 4.4005
2025-09-05 12:44:35,164 - INFO - Example 329 completed: 210 steps, loss sum: 23.1399, final loss: 0.00099562, weight distance: 4.4005 (universal rank: 38220)
2025-09-05 12:44:35,165 - INFO - 
=== Training Example 330/1500: /home/projects/bagon/shared/imagenet512/val/n02110063/ILSVRC2012_val_00012245.JPEG ===
2025-09-05 12:44:40,429 - INFO - Example /home/projects/bagon/shared/imagenet512/val/n02110063/ILSVRC2012_val_00012245.JPEG reached epsilon at step 152, loss sum: 21.7124, final loss: 0.00099955, weight distance: 1.0106
2025-09-05 12:44:40,435 - INFO - Example 330 completed: 152 steps, loss sum: 21.7124, final loss: 0.00099955, weight distance: 1.0106 (universal rank: 38245)
2025-09-05 12:44:40,435 - INFO - 
=== Training Example 331/1500: /home/projects/bagon/shared/imagenet512/val/n10565667/ILSVRC2012_val_00020135.JPEG ===
2025-09-05 12:44:42,757 - INFO - Example /home/projects/bagon/shared/imagenet512/val/n10565667/ILSVRC2012_val_00020135.JPEG reached epsilon at step 66, loss sum: 52.1782, final loss: 0.00099347, weight distance: 3.7717
2025-09-05 12:44:42,762 - INFO - Example 331 completed: 66 steps, loss sum: 52.1782, final loss: 0.00099347, weight distance: 3.7717 (universal rank: 38246)
2025-09-05 12:44:42,763 - INFO - 
=== Training Example 332/1500: /home/projects/bagon/shared/imagenet512/val/n02113186/ILSVRC2012_val_00017715.JPEG ===
2025-09-05 12:44:50,613 - INFO - Example /home/projects/bagon/shared/imagenet512/val/n02113186/ILSVRC2012_val_00017715.JPEG reached epsilon at step 227, loss sum: 25.4539, final loss: 0.00099728, weight distance: 0.9796
2025-09-05 12:44:50,620 - INFO - Example 332 completed: 227 steps, loss sum: 25.4539, final loss: 0.00099728, weight distance: 0.9796 (universal rank: 38251)
2025-09-05 12:44:50,620 - INFO - 
=== Training Example 333/1500: /home/projects/bagon/shared/imagenet512/val/n03476991/ILSVRC2012_val_00007805.JPEG ===
2025-09-05 12:44:55,691 - INFO - Example /home/projects/bagon/shared/imagenet512/val/n03476991/ILSVRC2012_val_00007805.JPEG reached epsilon at step 146, loss sum: 17.8497, final loss: 0.00099824, weight distance: 2.3608
2025-09-05 12:44:55,696 - INFO - Example 333 completed: 146 steps, loss sum: 17.8497, final loss: 0.00099824, weight distance: 2.3608 (universal rank: 38257)
2025-09-05 12:44:55,696 - INFO - 
=== Training Example 334/1500: /home/projects/bagon/shared/imagenet512/val/n04517823/ILSVRC2012_val_00025993.JPEG ===
2025-09-05 12:45:05,479 - INFO - Example /home/projects/bagon/shared/imagenet512/val/n04517823/ILSVRC2012_val_00025993.JPEG reached epsilon at step 282, loss sum: 27.9789, final loss: 0.00099800, weight distance: 3.4975
2025-09-05 12:45:05,485 - INFO - Example 334 completed: 282 steps, loss sum: 27.9789, final loss: 0.00099800, weight distance: 3.4975 (universal rank: 38279)
2025-09-05 12:45:05,485 - INFO - 
=== Training Example 335/1500: /home/projects/bagon/shared/imagenet512/val/n04579145/ILSVRC2012_val_00044906.JPEG ===
2025-09-05 12:45:13,274 - INFO - Example /home/projects/bagon/shared/imagenet512/val/n04579145/ILSVRC2012_val_00044906.JPEG reached epsilon at step 226, loss sum: 13.7301, final loss: 0.00099871, weight distance: 2.1301
2025-09-05 12:45:13,281 - INFO - Example 335 completed: 226 steps, loss sum: 13.7301, final loss: 0.00099871, weight distance: 2.1301 (universal rank: 38293)
2025-09-05 12:45:13,281 - INFO - 
=== Training Example 336/1500: /home/projects/bagon/shared/imagenet512/val/n02799071/ILSVRC2012_val_00037169.JPEG ===
2025-09-05 12:45:19,731 - INFO - Example /home/projects/bagon/shared/imagenet512/val/n02799071/ILSVRC2012_val_00037169.JPEG reached epsilon at step 186, loss sum: 16.7199, final loss: 0.00099788, weight distance: 3.0495
2025-09-05 12:45:19,736 - INFO - Example 336 completed: 186 steps, loss sum: 16.7199, final loss: 0.00099788, weight distance: 3.0495 (universal rank: 38314)
2025-09-05 12:45:19,736 - INFO - 
=== Training Example 337/1500: /home/projects/bagon/shared/imagenet512/val/n04208210/ILSVRC2012_val_00039535.JPEG ===
2025-09-05 12:45:25,231 - INFO - Example /home/projects/bagon/shared/imagenet512/val/n04208210/ILSVRC2012_val_00039535.JPEG reached epsilon at step 159, loss sum: 21.3826, final loss: 0.00099681, weight distance: 4.4972
2025-09-05 12:45:25,236 - INFO - Example 337 completed: 159 steps, loss sum: 21.3826, final loss: 0.00099681, weight distance: 4.4972 (universal rank: 38315)
2025-09-05 12:45:25,236 - INFO - 
=== Training Example 338/1500: /home/projects/bagon/shared/imagenet512/val/n03197337/ILSVRC2012_val_00010753.JPEG ===
2025-09-05 12:45:26,945 - INFO - Example /home/projects/bagon/shared/imagenet512/val/n03197337/ILSVRC2012_val_00010753.JPEG reached epsilon at step 47, loss sum: 26.9650, final loss: 0.00095274, weight distance: 1.2912
2025-09-05 12:45:26,950 - INFO - Example 338 completed: 47 steps, loss sum: 26.9650, final loss: 0.00095274, weight distance: 1.2912 (universal rank: 38334)
2025-09-05 12:45:26,950 - INFO - 
=== Training Example 339/1500: /home/projects/bagon/shared/imagenet512/val/n01739381/ILSVRC2012_val_00032571.JPEG ===
2025-09-05 12:45:33,072 - INFO - Example /home/projects/bagon/shared/imagenet512/val/n01739381/ILSVRC2012_val_00032571.JPEG reached epsilon at step 178, loss sum: 19.7701, final loss: 0.00099502, weight distance: 3.3726
2025-09-05 12:45:33,077 - INFO - Example 339 completed: 178 steps, loss sum: 19.7701, final loss: 0.00099502, weight distance: 3.3726 (universal rank: 38343)
2025-09-05 12:45:33,078 - INFO - 
=== Training Example 340/1500: /home/projects/bagon/shared/imagenet512/val/n04591713/ILSVRC2012_val_00042526.JPEG ===
2025-09-05 12:45:40,310 - INFO - Example /home/projects/bagon/shared/imagenet512/val/n04591713/ILSVRC2012_val_00042526.JPEG reached epsilon at step 210, loss sum: 15.2659, final loss: 0.00099990, weight distance: 1.7348
2025-09-05 12:45:40,316 - INFO - Example 340 completed: 210 steps, loss sum: 15.2659, final loss: 0.00099990, weight distance: 1.7348 (universal rank: 38358)
2025-09-05 12:45:40,316 - INFO - 
=== Training Example 341/1500: /home/projects/bagon/shared/imagenet512/val/n02795169/ILSVRC2012_val_00040312.JPEG ===
2025-09-05 12:45:46,709 - INFO - Example /home/projects/bagon/shared/imagenet512/val/n02795169/ILSVRC2012_val_00040312.JPEG reached epsilon at step 186, loss sum: 13.0402, final loss: 0.00099836, weight distance: 1.2203
2025-09-05 12:45:46,714 - INFO - Example 341 completed: 186 steps, loss sum: 13.0402, final loss: 0.00099836, weight distance: 1.2203 (universal rank: 38360)
2025-09-05 12:45:46,715 - INFO - 
=== Training Example 342/1500: /home/projects/bagon/shared/imagenet512/val/n02978881/ILSVRC2012_val_00023633.JPEG ===
2025-09-05 12:45:47,951 - INFO - Example /home/projects/bagon/shared/imagenet512/val/n02978881/ILSVRC2012_val_00023633.JPEG reached epsilon at step 33, loss sum: 21.6137, final loss: 0.00097096, weight distance: 3.3383
2025-09-05 12:45:47,956 - INFO - Example 342 completed: 33 steps, loss sum: 21.6137, final loss: 0.00097096, weight distance: 3.3383 (universal rank: 38371)
2025-09-05 12:45:47,956 - INFO - 
=== Training Example 343/1500: /home/projects/bagon/shared/imagenet512/val/n04116512/ILSVRC2012_val_00022697.JPEG ===
2025-09-05 12:45:49,387 - INFO - Example /home/projects/bagon/shared/imagenet512/val/n04116512/ILSVRC2012_val_00022697.JPEG reached epsilon at step 39, loss sum: 22.1549, final loss: 0.00099812, weight distance: 3.7940
2025-09-05 12:45:49,392 - INFO - Example 343 completed: 39 steps, loss sum: 22.1549, final loss: 0.00099812, weight distance: 3.7940 (universal rank: 38388)
2025-09-05 12:45:49,392 - INFO - 
=== Training Example 344/1500: /home/projects/bagon/shared/imagenet512/val/n04263257/ILSVRC2012_val_00030957.JPEG ===
2025-09-05 12:45:56,688 - INFO - Example /home/projects/bagon/shared/imagenet512/val/n04263257/ILSVRC2012_val_00030957.JPEG reached epsilon at step 211, loss sum: 23.7474, final loss: 0.00099859, weight distance: 2.2188
2025-09-05 12:45:56,694 - INFO - Example 344 completed: 211 steps, loss sum: 23.7474, final loss: 0.00099859, weight distance: 2.2188 (universal rank: 38396)
2025-09-05 12:45:56,694 - INFO - 
=== Training Example 345/1500: /home/projects/bagon/shared/imagenet512/val/n03770439/ILSVRC2012_val_00022703.JPEG ===
2025-09-05 12:46:02,810 - INFO - Example /home/projects/bagon/shared/imagenet512/val/n03770439/ILSVRC2012_val_00022703.JPEG reached epsilon at step 176, loss sum: 22.6716, final loss: 0.00099669, weight distance: 2.4458
2025-09-05 12:46:02,816 - INFO - Example 345 completed: 176 steps, loss sum: 22.6716, final loss: 0.00099669, weight distance: 2.4458 (universal rank: 38428)
2025-09-05 12:46:02,816 - INFO - 
=== Training Example 346/1500: /home/projects/bagon/shared/imagenet512/val/n02100236/ILSVRC2012_val_00022571.JPEG ===
2025-09-05 12:46:04,945 - INFO - Example /home/projects/bagon/shared/imagenet512/val/n02100236/ILSVRC2012_val_00022571.JPEG reached epsilon at step 60, loss sum: 17.3996, final loss: 0.00099383, weight distance: 3.6534
2025-09-05 12:46:04,949 - INFO - Example 346 completed: 60 steps, loss sum: 17.3996, final loss: 0.00099383, weight distance: 3.6534 (universal rank: 38465)
2025-09-05 12:46:04,950 - INFO - 
=== Training Example 347/1500: /home/projects/bagon/shared/imagenet512/val/n02730930/ILSVRC2012_val_00014179.JPEG ===
2025-09-05 12:46:10,744 - INFO - Example /home/projects/bagon/shared/imagenet512/val/n02730930/ILSVRC2012_val_00014179.JPEG reached epsilon at step 168, loss sum: 15.7795, final loss: 0.00099919, weight distance: 1.1891
2025-09-05 12:46:10,749 - INFO - Example 347 completed: 168 steps, loss sum: 15.7795, final loss: 0.00099919, weight distance: 1.1891 (universal rank: 38475)
2025-09-05 12:46:10,749 - INFO - 
=== Training Example 348/1500: /home/projects/bagon/shared/imagenet512/val/n03180011/ILSVRC2012_val_00024362.JPEG ===
2025-09-05 12:46:21,766 - INFO - Example /home/projects/bagon/shared/imagenet512/val/n03180011/ILSVRC2012_val_00024362.JPEG reached epsilon at step 322, loss sum: 17.3102, final loss: 0.00099752, weight distance: 1.6927
2025-09-05 12:46:21,775 - INFO - Example 348 completed: 322 steps, loss sum: 17.3102, final loss: 0.00099752, weight distance: 1.6927 (universal rank: 38501)
2025-09-05 12:46:21,775 - INFO - 
=== Training Example 349/1500: /home/projects/bagon/shared/imagenet512/val/n02974003/ILSVRC2012_val_00003234.JPEG ===
2025-09-05 12:46:27,089 - INFO - Example /home/projects/bagon/shared/imagenet512/val/n02974003/ILSVRC2012_val_00003234.JPEG reached epsilon at step 154, loss sum: 14.2087, final loss: 0.00099002, weight distance: 2.8746
2025-09-05 12:46:27,095 - INFO - Example 349 completed: 154 steps, loss sum: 14.2087, final loss: 0.00099002, weight distance: 2.8746 (universal rank: 38557)
2025-09-05 12:46:27,095 - INFO - 
=== Training Example 350/1500: /home/projects/bagon/shared/imagenet512/val/n15075141/ILSVRC2012_val_00021031.JPEG ===
2025-09-05 12:46:34,621 - INFO - Example /home/projects/bagon/shared/imagenet512/val/n15075141/ILSVRC2012_val_00021031.JPEG reached epsilon at step 220, loss sum: 18.4407, final loss: 0.00099859, weight distance: 4.1123
2025-09-05 12:46:34,626 - INFO - Example 350 completed: 220 steps, loss sum: 18.4407, final loss: 0.00099859, weight distance: 4.1123 (universal rank: 38567)
2025-09-05 12:46:34,626 - INFO - 
=== Training Example 351/1500: /home/projects/bagon/shared/imagenet512/val/n04033901/ILSVRC2012_val_00038041.JPEG ===
2025-09-05 12:46:43,037 - INFO - Example /home/projects/bagon/shared/imagenet512/val/n04033901/ILSVRC2012_val_00038041.JPEG reached epsilon at step 245, loss sum: 16.3500, final loss: 0.00099693, weight distance: 1.3847
2025-09-05 12:46:43,043 - INFO - Example 351 completed: 245 steps, loss sum: 16.3500, final loss: 0.00099693, weight distance: 1.3847 (universal rank: 38569)
2025-09-05 12:46:43,043 - INFO - 
=== Training Example 352/1500: /home/projects/bagon/shared/imagenet512/val/n03785016/ILSVRC2012_val_00037092.JPEG ===
2025-09-05 12:46:56,213 - INFO - Example /home/projects/bagon/shared/imagenet512/val/n03785016/ILSVRC2012_val_00037092.JPEG reached epsilon at step 383, loss sum: 44.8831, final loss: 0.00099907, weight distance: 1.0830
2025-09-05 12:46:56,219 - INFO - Example 352 completed: 383 steps, loss sum: 44.8831, final loss: 0.00099907, weight distance: 1.0830 (universal rank: 38571)
2025-09-05 12:46:56,219 - INFO - 
=== Training Example 353/1500: /home/projects/bagon/shared/imagenet512/val/n02087394/ILSVRC2012_val_00036907.JPEG ===
2025-09-05 12:47:08,331 - INFO - Example /home/projects/bagon/shared/imagenet512/val/n02087394/ILSVRC2012_val_00036907.JPEG reached epsilon at step 352, loss sum: 52.9853, final loss: 0.00099800, weight distance: 2.1651
2025-09-05 12:47:08,337 - INFO - Example 353 completed: 352 steps, loss sum: 52.9853, final loss: 0.00099800, weight distance: 2.1651 (universal rank: 38578)
2025-09-05 12:47:08,337 - INFO - 
=== Training Example 354/1500: /home/projects/bagon/shared/imagenet512/val/n02777292/ILSVRC2012_val_00007385.JPEG ===
2025-09-05 12:47:12,462 - INFO - Example /home/projects/bagon/shared/imagenet512/val/n02777292/ILSVRC2012_val_00007385.JPEG reached epsilon at step 119, loss sum: 13.3020, final loss: 0.00099312, weight distance: 0.6645
2025-09-05 12:47:12,468 - INFO - Example 354 completed: 119 steps, loss sum: 13.3020, final loss: 0.00099312, weight distance: 0.6645 (universal rank: 38579)
2025-09-05 12:47:12,468 - INFO - 
=== Training Example 355/1500: /home/projects/bagon/shared/imagenet512/val/n09332890/ILSVRC2012_val_00032615.JPEG ===
2025-09-05 12:47:18,677 - INFO - Example /home/projects/bagon/shared/imagenet512/val/n09332890/ILSVRC2012_val_00032615.JPEG reached epsilon at step 179, loss sum: 22.7728, final loss: 0.00099633, weight distance: 1.6819
2025-09-05 12:47:18,682 - INFO - Example 355 completed: 179 steps, loss sum: 22.7728, final loss: 0.00099633, weight distance: 1.6819 (universal rank: 38587)
2025-09-05 12:47:18,683 - INFO - 
=== Training Example 356/1500: /home/projects/bagon/shared/imagenet512/val/n02101388/ILSVRC2012_val_00042810.JPEG ===
2025-09-05 12:47:34,080 - INFO - Example /home/projects/bagon/shared/imagenet512/val/n02101388/ILSVRC2012_val_00042810.JPEG reached epsilon at step 451, loss sum: 32.5662, final loss: 0.00099836, weight distance: 2.2175
2025-09-05 12:47:34,087 - INFO - Example 356 completed: 451 steps, loss sum: 32.5662, final loss: 0.00099836, weight distance: 2.2175 (universal rank: 38589)
2025-09-05 12:47:34,087 - INFO - 
=== Training Example 357/1500: /home/projects/bagon/shared/imagenet512/val/n03492542/ILSVRC2012_val_00005148.JPEG ===
2025-09-05 12:47:43,995 - INFO - Example /home/projects/bagon/shared/imagenet512/val/n03492542/ILSVRC2012_val_00005148.JPEG reached epsilon at step 289, loss sum: 41.8955, final loss: 0.00099979, weight distance: 3.8632
2025-09-05 12:47:43,999 - INFO - Example 357 completed: 289 steps, loss sum: 41.8955, final loss: 0.00099979, weight distance: 3.8632 (universal rank: 38591)
2025-09-05 12:47:44,000 - INFO - 
=== Training Example 358/1500: /home/projects/bagon/shared/imagenet512/val/n04125021/ILSVRC2012_val_00042742.JPEG ===
2025-09-05 12:47:51,171 - INFO - Example /home/projects/bagon/shared/imagenet512/val/n04125021/ILSVRC2012_val_00042742.JPEG reached epsilon at step 206, loss sum: 17.2038, final loss: 0.00099824, weight distance: 3.3560
2025-09-05 12:47:51,176 - INFO - Example 358 completed: 206 steps, loss sum: 17.2038, final loss: 0.00099824, weight distance: 3.3560 (universal rank: 38607)
2025-09-05 12:47:51,177 - INFO - 
=== Training Example 359/1500: /home/projects/bagon/shared/imagenet512/val/n04493381/ILSVRC2012_val_00036788.JPEG ===
2025-09-05 12:48:00,425 - INFO - Example /home/projects/bagon/shared/imagenet512/val/n04493381/ILSVRC2012_val_00036788.JPEG reached epsilon at step 269, loss sum: 25.6655, final loss: 0.00099669, weight distance: 2.5609
2025-09-05 12:48:00,431 - INFO - Example 359 completed: 269 steps, loss sum: 25.6655, final loss: 0.00099669, weight distance: 2.5609 (universal rank: 38633)
2025-09-05 12:48:00,431 - INFO - 
=== Training Example 360/1500: /home/projects/bagon/shared/imagenet512/val/n02113624/ILSVRC2012_val_00012904.JPEG ===
2025-09-05 12:48:07,387 - INFO - Example /home/projects/bagon/shared/imagenet512/val/n02113624/ILSVRC2012_val_00012904.JPEG reached epsilon at step 200, loss sum: 29.3751, final loss: 0.00099669, weight distance: 2.0427
2025-09-05 12:48:07,392 - INFO - Example 360 completed: 200 steps, loss sum: 29.3751, final loss: 0.00099669, weight distance: 2.0427 (universal rank: 38639)
2025-09-05 12:48:07,393 - INFO - 
=== Training Example 361/1500: /home/projects/bagon/shared/imagenet512/val/n03710193/ILSVRC2012_val_00019006.JPEG ===
2025-09-05 12:48:10,379 - INFO - Example /home/projects/bagon/shared/imagenet512/val/n03710193/ILSVRC2012_val_00019006.JPEG reached epsilon at step 85, loss sum: 19.3842, final loss: 0.00099645, weight distance: 3.0121
2025-09-05 12:48:10,384 - INFO - Example 361 completed: 85 steps, loss sum: 19.3842, final loss: 0.00099645, weight distance: 3.0121 (universal rank: 38654)
2025-09-05 12:48:10,384 - INFO - 
=== Training Example 362/1500: /home/projects/bagon/shared/imagenet512/val/n02087046/ILSVRC2012_val_00022434.JPEG ===
2025-09-05 12:48:20,157 - INFO - Example /home/projects/bagon/shared/imagenet512/val/n02087046/ILSVRC2012_val_00022434.JPEG reached epsilon at step 285, loss sum: 35.8517, final loss: 0.00099752, weight distance: 1.4165
2025-09-05 12:48:20,163 - INFO - Example 362 completed: 285 steps, loss sum: 35.8517, final loss: 0.00099752, weight distance: 1.4165 (universal rank: 38666)
2025-09-05 12:48:20,163 - INFO - 
=== Training Example 363/1500: /home/projects/bagon/shared/imagenet512/val/n02102973/ILSVRC2012_val_00044387.JPEG ===
2025-09-05 12:48:24,366 - INFO - Example /home/projects/bagon/shared/imagenet512/val/n02102973/ILSVRC2012_val_00044387.JPEG reached epsilon at step 122, loss sum: 19.7073, final loss: 0.00099931, weight distance: 1.5350
2025-09-05 12:48:24,371 - INFO - Example 363 completed: 122 steps, loss sum: 19.7073, final loss: 0.00099931, weight distance: 1.5350 (universal rank: 38671)
2025-09-05 12:48:24,371 - INFO - 
=== Training Example 364/1500: /home/projects/bagon/shared/imagenet512/val/n12144580/ILSVRC2012_val_00041952.JPEG ===
2025-09-05 12:48:45,373 - INFO - Example /home/projects/bagon/shared/imagenet512/val/n12144580/ILSVRC2012_val_00041952.JPEG reached epsilon at step 616, loss sum: 51.5626, final loss: 0.00099979, weight distance: 1.3092
2025-09-05 12:48:45,380 - INFO - Example 364 completed: 616 steps, loss sum: 51.5626, final loss: 0.00099979, weight distance: 1.3092 (universal rank: 38695)
2025-09-05 12:48:45,380 - INFO - 
=== Training Example 365/1500: /home/projects/bagon/shared/imagenet512/val/n03709823/ILSVRC2012_val_00022534.JPEG ===
2025-09-05 12:48:48,272 - INFO - Example /home/projects/bagon/shared/imagenet512/val/n03709823/ILSVRC2012_val_00022534.JPEG reached epsilon at step 82, loss sum: 18.0026, final loss: 0.00099431, weight distance: 1.3342
2025-09-05 12:48:48,277 - INFO - Example 365 completed: 82 steps, loss sum: 18.0026, final loss: 0.00099431, weight distance: 1.3342 (universal rank: 38707)
2025-09-05 12:48:48,277 - INFO - 
=== Training Example 366/1500: /home/projects/bagon/shared/imagenet512/val/n03692522/ILSVRC2012_val_00019600.JPEG ===
2025-09-05 12:48:56,376 - INFO - Example /home/projects/bagon/shared/imagenet512/val/n03692522/ILSVRC2012_val_00019600.JPEG reached epsilon at step 234, loss sum: 20.0330, final loss: 0.00099883, weight distance: 2.6287
2025-09-05 12:48:56,382 - INFO - Example 366 completed: 234 steps, loss sum: 20.0330, final loss: 0.00099883, weight distance: 2.6287 (universal rank: 38710)
2025-09-05 12:48:56,382 - INFO - 
=== Training Example 367/1500: /home/projects/bagon/shared/imagenet512/val/n04208210/ILSVRC2012_val_00043922.JPEG ===
2025-09-05 12:49:01,462 - INFO - Example /home/projects/bagon/shared/imagenet512/val/n04208210/ILSVRC2012_val_00043922.JPEG reached epsilon at step 141, loss sum: 18.3646, final loss: 0.00099955, weight distance: 2.6936
2025-09-05 12:49:01,468 - INFO - Example 367 completed: 141 steps, loss sum: 18.3646, final loss: 0.00099955, weight distance: 2.6936 (universal rank: 38742)
2025-09-05 12:49:01,468 - INFO - 
=== Training Example 368/1500: /home/projects/bagon/shared/imagenet512/val/n01608432/ILSVRC2012_val_00006203.JPEG ===
2025-09-05 12:49:11,414 - INFO - Example /home/projects/bagon/shared/imagenet512/val/n01608432/ILSVRC2012_val_00006203.JPEG reached epsilon at step 289, loss sum: 13.5572, final loss: 0.00099979, weight distance: 3.4582
2025-09-05 12:49:11,420 - INFO - Example 368 completed: 289 steps, loss sum: 13.5572, final loss: 0.00099979, weight distance: 3.4582 (universal rank: 38760)
2025-09-05 12:49:11,420 - INFO - 
=== Training Example 369/1500: /home/projects/bagon/shared/imagenet512/val/n03133878/ILSVRC2012_val_00035267.JPEG ===
2025-09-05 12:49:15,638 - INFO - Example /home/projects/bagon/shared/imagenet512/val/n03133878/ILSVRC2012_val_00035267.JPEG reached epsilon at step 121, loss sum: 22.0086, final loss: 0.00099538, weight distance: 1.3758
2025-09-05 12:49:15,642 - INFO - Example 369 completed: 121 steps, loss sum: 22.0086, final loss: 0.00099538, weight distance: 1.3758 (universal rank: 38771)
2025-09-05 12:49:15,642 - INFO - 
=== Training Example 370/1500: /home/projects/bagon/shared/imagenet512/val/n03372029/ILSVRC2012_val_00013749.JPEG ===
2025-09-05 12:49:20,057 - INFO - Example /home/projects/bagon/shared/imagenet512/val/n03372029/ILSVRC2012_val_00013749.JPEG reached epsilon at step 127, loss sum: 8.4002, final loss: 0.00098407, weight distance: 2.6685
2025-09-05 12:49:20,062 - INFO - Example 370 completed: 127 steps, loss sum: 8.4002, final loss: 0.00098407, weight distance: 2.6685 (universal rank: 38784)
2025-09-05 12:49:20,062 - INFO - 
=== Training Example 371/1500: /home/projects/bagon/shared/imagenet512/val/n02321529/ILSVRC2012_val_00026823.JPEG ===
2025-09-05 12:49:31,384 - INFO - Example /home/projects/bagon/shared/imagenet512/val/n02321529/ILSVRC2012_val_00026823.JPEG reached epsilon at step 327, loss sum: 26.4402, final loss: 0.00099633, weight distance: 6.5477
2025-09-05 12:49:31,389 - INFO - Example 371 completed: 327 steps, loss sum: 26.4402, final loss: 0.00099633, weight distance: 6.5477 (universal rank: 38813)
2025-09-05 12:49:31,390 - INFO - 
=== Training Example 372/1500: /home/projects/bagon/shared/imagenet512/val/n04074963/ILSVRC2012_val_00034408.JPEG ===
2025-09-05 12:49:45,459 - INFO - Example /home/projects/bagon/shared/imagenet512/val/n04074963/ILSVRC2012_val_00034408.JPEG reached epsilon at step 409, loss sum: 53.6947, final loss: 0.00099752, weight distance: 3.0855
2025-09-05 12:49:45,466 - INFO - Example 372 completed: 409 steps, loss sum: 53.6947, final loss: 0.00099752, weight distance: 3.0855 (universal rank: 38840)
2025-09-05 12:49:45,466 - INFO - 
=== Training Example 373/1500: /home/projects/bagon/shared/imagenet512/val/n02786058/ILSVRC2012_val_00006995.JPEG ===
2025-09-05 12:49:52,501 - INFO - Example /home/projects/bagon/shared/imagenet512/val/n02786058/ILSVRC2012_val_00006995.JPEG reached epsilon at step 202, loss sum: 22.4427, final loss: 0.00099645, weight distance: 3.3780
2025-09-05 12:49:52,507 - INFO - Example 373 completed: 202 steps, loss sum: 22.4427, final loss: 0.00099645, weight distance: 3.3780 (universal rank: 38856)
2025-09-05 12:49:52,507 - INFO - 
=== Training Example 374/1500: /home/projects/bagon/shared/imagenet512/val/n01955084/ILSVRC2012_val_00014350.JPEG ===
2025-09-05 12:50:03,629 - INFO - Example /home/projects/bagon/shared/imagenet512/val/n01955084/ILSVRC2012_val_00014350.JPEG reached epsilon at step 321, loss sum: 32.6077, final loss: 0.00099943, weight distance: 5.9380
2025-09-05 12:50:03,635 - INFO - Example 374 completed: 321 steps, loss sum: 32.6077, final loss: 0.00099943, weight distance: 5.9380 (universal rank: 38860)
2025-09-05 12:50:03,635 - INFO - 
=== Training Example 375/1500: /home/projects/bagon/shared/imagenet512/val/n04009552/ILSVRC2012_val_00038603.JPEG ===
2025-09-05 12:50:12,738 - INFO - Example /home/projects/bagon/shared/imagenet512/val/n04009552/ILSVRC2012_val_00038603.JPEG reached epsilon at step 263, loss sum: 20.0351, final loss: 0.00099800, weight distance: 2.8242
2025-09-05 12:50:12,744 - INFO - Example 375 completed: 263 steps, loss sum: 20.0351, final loss: 0.00099800, weight distance: 2.8242 (universal rank: 38871)
2025-09-05 12:50:12,744 - INFO - 
=== Training Example 376/1500: /home/projects/bagon/shared/imagenet512/val/n01697457/ILSVRC2012_val_00043428.JPEG ===
2025-09-05 12:50:16,982 - INFO - Example /home/projects/bagon/shared/imagenet512/val/n01697457/ILSVRC2012_val_00043428.JPEG reached epsilon at step 121, loss sum: 22.4112, final loss: 0.00099764, weight distance: 3.8025
2025-09-05 12:50:16,988 - INFO - Example 376 completed: 121 steps, loss sum: 22.4112, final loss: 0.00099764, weight distance: 3.8025 (universal rank: 38874)
2025-09-05 12:50:16,988 - INFO - 
=== Training Example 377/1500: /home/projects/bagon/shared/imagenet512/val/n03014705/ILSVRC2012_val_00041519.JPEG ===
2025-09-05 12:50:21,297 - INFO - Example /home/projects/bagon/shared/imagenet512/val/n03014705/ILSVRC2012_val_00041519.JPEG reached epsilon at step 124, loss sum: 23.9241, final loss: 0.00099776, weight distance: 2.1899
2025-09-05 12:50:21,303 - INFO - Example 377 completed: 124 steps, loss sum: 23.9241, final loss: 0.00099776, weight distance: 2.1899 (universal rank: 38875)
2025-09-05 12:50:21,303 - INFO - 
=== Training Example 378/1500: /home/projects/bagon/shared/imagenet512/val/n03372029/ILSVRC2012_val_00011785.JPEG ===
2025-09-05 12:50:26,577 - INFO - Example /home/projects/bagon/shared/imagenet512/val/n03372029/ILSVRC2012_val_00011785.JPEG reached epsilon at step 153, loss sum: 11.2034, final loss: 0.00099871, weight distance: 2.5534
2025-09-05 12:50:26,582 - INFO - Example 378 completed: 153 steps, loss sum: 11.2034, final loss: 0.00099871, weight distance: 2.5534 (universal rank: 38877)
2025-09-05 12:50:26,583 - INFO - 
=== Training Example 379/1500: /home/projects/bagon/shared/imagenet512/val/n04599235/ILSVRC2012_val_00049409.JPEG ===
2025-09-05 12:50:31,093 - INFO - Example /home/projects/bagon/shared/imagenet512/val/n04599235/ILSVRC2012_val_00049409.JPEG reached epsilon at step 130, loss sum: 18.3005, final loss: 0.00098466, weight distance: 2.7626
2025-09-05 12:50:31,098 - INFO - Example 379 completed: 130 steps, loss sum: 18.3005, final loss: 0.00098466, weight distance: 2.7626 (universal rank: 38892)
2025-09-05 12:50:31,098 - INFO - 
=== Training Example 380/1500: /home/projects/bagon/shared/imagenet512/val/n02749479/ILSVRC2012_val_00043386.JPEG ===
2025-09-05 12:50:36,647 - INFO - Example /home/projects/bagon/shared/imagenet512/val/n02749479/ILSVRC2012_val_00043386.JPEG reached epsilon at step 160, loss sum: 19.9462, final loss: 0.00099788, weight distance: 1.5340
2025-09-05 12:50:36,652 - INFO - Example 380 completed: 160 steps, loss sum: 19.9462, final loss: 0.00099788, weight distance: 1.5340 (universal rank: 38907)
2025-09-05 12:50:36,653 - INFO - 
=== Training Example 381/1500: /home/projects/bagon/shared/imagenet512/val/n03063689/ILSVRC2012_val_00029697.JPEG ===
2025-09-05 12:50:49,006 - INFO - Example /home/projects/bagon/shared/imagenet512/val/n03063689/ILSVRC2012_val_00029697.JPEG reached epsilon at step 360, loss sum: 19.1011, final loss: 0.00099848, weight distance: 2.9832
2025-09-05 12:50:49,012 - INFO - Example 381 completed: 360 steps, loss sum: 19.1011, final loss: 0.00099848, weight distance: 2.9832 (universal rank: 38914)
2025-09-05 12:50:49,013 - INFO - 
=== Training Example 382/1500: /home/projects/bagon/shared/imagenet512/val/n01978455/ILSVRC2012_val_00021385.JPEG ===
2025-09-05 12:50:57,605 - INFO - Example /home/projects/bagon/shared/imagenet512/val/n01978455/ILSVRC2012_val_00021385.JPEG reached epsilon at step 248, loss sum: 43.0668, final loss: 0.00099931, weight distance: 3.7523
2025-09-05 12:50:57,612 - INFO - Example 382 completed: 248 steps, loss sum: 43.0668, final loss: 0.00099931, weight distance: 3.7523 (universal rank: 38932)
2025-09-05 12:50:57,612 - INFO - 
=== Training Example 383/1500: /home/projects/bagon/shared/imagenet512/val/n03782006/ILSVRC2012_val_00026075.JPEG ===
2025-09-05 12:51:10,133 - INFO - Example /home/projects/bagon/shared/imagenet512/val/n03782006/ILSVRC2012_val_00026075.JPEG reached epsilon at step 362, loss sum: 46.5767, final loss: 0.00099824, weight distance: 1.7206
2025-09-05 12:51:10,139 - INFO - Example 383 completed: 362 steps, loss sum: 46.5767, final loss: 0.00099824, weight distance: 1.7206 (universal rank: 38935)
2025-09-05 12:51:10,140 - INFO - 
=== Training Example 384/1500: /home/projects/bagon/shared/imagenet512/val/n03476991/ILSVRC2012_val_00024231.JPEG ===
2025-09-05 12:51:44,401 - INFO - Example /home/projects/bagon/shared/imagenet512/val/n03476991/ILSVRC2012_val_00024231.JPEG reached epsilon at step 998, loss sum: 56.3588, final loss: 0.00099907, weight distance: 2.4628
2025-09-05 12:51:44,407 - INFO - Example 384 completed: 998 steps, loss sum: 56.3588, final loss: 0.00099907, weight distance: 2.4628 (universal rank: 38943)
2025-09-05 12:51:44,407 - INFO - 
=== Training Example 385/1500: /home/projects/bagon/shared/imagenet512/val/n04004767/ILSVRC2012_val_00032274.JPEG ===
2025-09-05 12:51:53,795 - INFO - Example /home/projects/bagon/shared/imagenet512/val/n04004767/ILSVRC2012_val_00032274.JPEG reached epsilon at step 270, loss sum: 26.1699, final loss: 0.00099919, weight distance: 3.8735
2025-09-05 12:51:53,802 - INFO - Example 385 completed: 270 steps, loss sum: 26.1699, final loss: 0.00099919, weight distance: 3.8735 (universal rank: 38962)
2025-09-05 12:51:53,802 - INFO - 
=== Training Example 386/1500: /home/projects/bagon/shared/imagenet512/val/n03929855/ILSVRC2012_val_00030707.JPEG ===
2025-09-05 12:52:01,638 - INFO - Example /home/projects/bagon/shared/imagenet512/val/n03929855/ILSVRC2012_val_00030707.JPEG reached epsilon at step 216, loss sum: 26.8930, final loss: 0.00099681, weight distance: 3.5072
2025-09-05 12:52:01,643 - INFO - Example 386 completed: 216 steps, loss sum: 26.8930, final loss: 0.00099681, weight distance: 3.5072 (universal rank: 38971)
2025-09-05 12:52:01,643 - INFO - 
=== Training Example 387/1500: /home/projects/bagon/shared/imagenet512/val/n03595614/ILSVRC2012_val_00004708.JPEG ===
2025-09-05 12:52:07,667 - INFO - Example /home/projects/bagon/shared/imagenet512/val/n03595614/ILSVRC2012_val_00004708.JPEG reached epsilon at step 173, loss sum: 16.8474, final loss: 0.00099883, weight distance: 1.6753
2025-09-05 12:52:07,672 - INFO - Example 387 completed: 173 steps, loss sum: 16.8474, final loss: 0.00099883, weight distance: 1.6753 (universal rank: 39024)
2025-09-05 12:52:07,672 - INFO - 
=== Training Example 388/1500: /home/projects/bagon/shared/imagenet512/val/n04254680/ILSVRC2012_val_00048715.JPEG ===
2025-09-05 12:52:22,323 - INFO - Example /home/projects/bagon/shared/imagenet512/val/n04254680/ILSVRC2012_val_00048715.JPEG reached epsilon at step 428, loss sum: 34.7344, final loss: 0.00099800, weight distance: 13.2205
2025-09-05 12:52:22,329 - INFO - Example 388 completed: 428 steps, loss sum: 34.7344, final loss: 0.00099800, weight distance: 13.2205 (universal rank: 39040)
2025-09-05 12:52:22,329 - INFO - 
=== Training Example 389/1500: /home/projects/bagon/shared/imagenet512/val/n01753488/ILSVRC2012_val_00041616.JPEG ===
2025-09-05 12:52:29,912 - INFO - Example /home/projects/bagon/shared/imagenet512/val/n01753488/ILSVRC2012_val_00041616.JPEG reached epsilon at step 221, loss sum: 25.5352, final loss: 0.00099907, weight distance: 0.9559
2025-09-05 12:52:29,917 - INFO - Example 389 completed: 221 steps, loss sum: 25.5352, final loss: 0.00099907, weight distance: 0.9559 (universal rank: 39053)
2025-09-05 12:52:29,917 - INFO - 
=== Training Example 390/1500: /home/projects/bagon/shared/imagenet512/val/n03602883/ILSVRC2012_val_00039165.JPEG ===
2025-09-05 12:52:37,271 - INFO - Example /home/projects/bagon/shared/imagenet512/val/n03602883/ILSVRC2012_val_00039165.JPEG reached epsilon at step 213, loss sum: 23.6247, final loss: 0.00099812, weight distance: 3.6255
2025-09-05 12:52:37,277 - INFO - Example 390 completed: 213 steps, loss sum: 23.6247, final loss: 0.00099812, weight distance: 3.6255 (universal rank: 39067)
2025-09-05 12:52:37,277 - INFO - 
=== Training Example 391/1500: /home/projects/bagon/shared/imagenet512/val/n02910353/ILSVRC2012_val_00028781.JPEG ===
2025-09-05 12:52:43,749 - INFO - Example /home/projects/bagon/shared/imagenet512/val/n02910353/ILSVRC2012_val_00028781.JPEG reached epsilon at step 188, loss sum: 26.2650, final loss: 0.00099907, weight distance: 3.8000
2025-09-05 12:52:43,754 - INFO - Example 391 completed: 188 steps, loss sum: 26.2650, final loss: 0.00099907, weight distance: 3.8000 (universal rank: 39068)
2025-09-05 12:52:43,754 - INFO - 
=== Training Example 392/1500: /home/projects/bagon/shared/imagenet512/val/n02422699/ILSVRC2012_val_00036178.JPEG ===
2025-09-05 12:52:48,380 - INFO - Example /home/projects/bagon/shared/imagenet512/val/n02422699/ILSVRC2012_val_00036178.JPEG reached epsilon at step 132, loss sum: 12.5024, final loss: 0.00099967, weight distance: 2.4556
2025-09-05 12:52:48,385 - INFO - Example 392 completed: 132 steps, loss sum: 12.5024, final loss: 0.00099967, weight distance: 2.4556 (universal rank: 39076)
2025-09-05 12:52:48,385 - INFO - 
=== Training Example 393/1500: /home/projects/bagon/shared/imagenet512/val/n04136333/ILSVRC2012_val_00022316.JPEG ===
2025-09-05 12:52:57,794 - INFO - Example /home/projects/bagon/shared/imagenet512/val/n04136333/ILSVRC2012_val_00022316.JPEG reached epsilon at step 273, loss sum: 17.7261, final loss: 0.00099967, weight distance: 2.1434
2025-09-05 12:52:57,801 - INFO - Example 393 completed: 273 steps, loss sum: 17.7261, final loss: 0.00099967, weight distance: 2.1434 (universal rank: 39079)
2025-09-05 12:52:57,801 - INFO - 
=== Training Example 394/1500: /home/projects/bagon/shared/imagenet512/val/n03633091/ILSVRC2012_val_00014570.JPEG ===
2025-09-05 12:53:05,724 - INFO - Example /home/projects/bagon/shared/imagenet512/val/n03633091/ILSVRC2012_val_00014570.JPEG reached epsilon at step 229, loss sum: 22.2442, final loss: 0.00099562, weight distance: 2.5809
2025-09-05 12:53:05,729 - INFO - Example 394 completed: 229 steps, loss sum: 22.2442, final loss: 0.00099562, weight distance: 2.5809 (universal rank: 39082)
2025-09-05 12:53:05,729 - INFO - 
=== Training Example 395/1500: /home/projects/bagon/shared/imagenet512/val/n07583066/ILSVRC2012_val_00015678.JPEG ===
2025-09-05 12:53:17,782 - INFO - Example /home/projects/bagon/shared/imagenet512/val/n07583066/ILSVRC2012_val_00015678.JPEG reached epsilon at step 352, loss sum: 45.2293, final loss: 0.00099764, weight distance: 3.4111
2025-09-05 12:53:17,788 - INFO - Example 395 completed: 352 steps, loss sum: 45.2293, final loss: 0.00099764, weight distance: 3.4111 (universal rank: 39100)
2025-09-05 12:53:17,788 - INFO - 
=== Training Example 396/1500: /home/projects/bagon/shared/imagenet512/val/n03459775/ILSVRC2012_val_00041036.JPEG ===
2025-09-05 12:53:27,933 - INFO - Example /home/projects/bagon/shared/imagenet512/val/n03459775/ILSVRC2012_val_00041036.JPEG reached epsilon at step 297, loss sum: 33.7144, final loss: 0.00099919, weight distance: 3.7930
2025-09-05 12:53:27,938 - INFO - Example 396 completed: 297 steps, loss sum: 33.7144, final loss: 0.00099919, weight distance: 3.7930 (universal rank: 39107)
2025-09-05 12:53:27,939 - INFO - 
=== Training Example 397/1500: /home/projects/bagon/shared/imagenet512/val/n03179701/ILSVRC2012_val_00042885.JPEG ===
2025-09-05 12:53:35,000 - INFO - Example /home/projects/bagon/shared/imagenet512/val/n03179701/ILSVRC2012_val_00042885.JPEG reached epsilon at step 207, loss sum: 43.5811, final loss: 0.00099586, weight distance: 2.7822
2025-09-05 12:53:35,006 - INFO - Example 397 completed: 207 steps, loss sum: 43.5811, final loss: 0.00099586, weight distance: 2.7822 (universal rank: 39154)
2025-09-05 12:53:35,006 - INFO - 
=== Training Example 398/1500: /home/projects/bagon/shared/imagenet512/val/n03633091/ILSVRC2012_val_00009885.JPEG ===
2025-09-05 12:53:41,340 - INFO - Example /home/projects/bagon/shared/imagenet512/val/n03633091/ILSVRC2012_val_00009885.JPEG reached epsilon at step 182, loss sum: 19.0154, final loss: 0.00099812, weight distance: 3.4047
2025-09-05 12:53:41,346 - INFO - Example 398 completed: 182 steps, loss sum: 19.0154, final loss: 0.00099812, weight distance: 3.4047 (universal rank: 39176)
2025-09-05 12:53:41,346 - INFO - 
=== Training Example 399/1500: /home/projects/bagon/shared/imagenet512/val/n02123597/ILSVRC2012_val_00043145.JPEG ===
2025-09-05 12:53:48,516 - INFO - Example /home/projects/bagon/shared/imagenet512/val/n02123597/ILSVRC2012_val_00043145.JPEG reached epsilon at step 208, loss sum: 28.8897, final loss: 0.00099979, weight distance: 2.8334
2025-09-05 12:53:48,531 - INFO - Example 399 completed: 208 steps, loss sum: 28.8897, final loss: 0.00099979, weight distance: 2.8334 (universal rank: 39194)
2025-09-05 12:53:48,532 - INFO - 
=== Training Example 400/1500: /home/projects/bagon/shared/imagenet512/val/n04259630/ILSVRC2012_val_00044965.JPEG ===
2025-09-05 12:53:48,825 - WARNING - NaN loss detected at step 6. Stopping training for this example.
2025-09-05 12:53:48,830 - INFO - Example 400 completed: -1 steps, loss sum: nan, final loss: nan, weight distance: nan (universal rank: 39231)
2025-09-05 12:53:48,830 - INFO - 
=== Training Example 401/1500: /home/projects/bagon/shared/imagenet512/val/n02442845/ILSVRC2012_val_00046219.JPEG ===
2025-09-05 12:54:02,256 - INFO - Example /home/projects/bagon/shared/imagenet512/val/n02442845/ILSVRC2012_val_00046219.JPEG reached epsilon at step 387, loss sum: 47.3763, final loss: 0.00099836, weight distance: 3.6104
2025-09-05 12:54:02,263 - INFO - Example 401 completed: 387 steps, loss sum: 47.3763, final loss: 0.00099836, weight distance: 3.6104 (universal rank: 39244)
2025-09-05 12:54:02,263 - INFO - 
=== Training Example 402/1500: /home/projects/bagon/shared/imagenet512/val/n04370456/ILSVRC2012_val_00026402.JPEG ===
2025-09-05 12:54:12,472 - INFO - Example /home/projects/bagon/shared/imagenet512/val/n04370456/ILSVRC2012_val_00026402.JPEG reached epsilon at step 299, loss sum: 22.4821, final loss: 0.00099705, weight distance: 3.8541
2025-09-05 12:54:12,477 - INFO - Example 402 completed: 299 steps, loss sum: 22.4821, final loss: 0.00099705, weight distance: 3.8541 (universal rank: 39252)
2025-09-05 12:54:12,477 - INFO - 
=== Training Example 403/1500: /home/projects/bagon/shared/imagenet512/val/n03773504/ILSVRC2012_val_00003914.JPEG ===
2025-09-05 12:54:21,925 - INFO - Example /home/projects/bagon/shared/imagenet512/val/n03773504/ILSVRC2012_val_00003914.JPEG reached epsilon at step 277, loss sum: 18.4037, final loss: 0.00099848, weight distance: 1.0335
2025-09-05 12:54:21,930 - INFO - Example 403 completed: 277 steps, loss sum: 18.4037, final loss: 0.00099848, weight distance: 1.0335 (universal rank: 39289)
2025-09-05 12:54:21,930 - INFO - 
=== Training Example 404/1500: /home/projects/bagon/shared/imagenet512/val/n03825788/ILSVRC2012_val_00048384.JPEG ===
2025-09-05 12:54:39,760 - INFO - Example /home/projects/bagon/shared/imagenet512/val/n03825788/ILSVRC2012_val_00048384.JPEG reached epsilon at step 525, loss sum: 49.0096, final loss: 0.00099836, weight distance: 1.8006
2025-09-05 12:54:39,766 - INFO - Example 404 completed: 525 steps, loss sum: 49.0096, final loss: 0.00099836, weight distance: 1.8006 (universal rank: 39300)
2025-09-05 12:54:39,766 - INFO - 
=== Training Example 405/1500: /home/projects/bagon/shared/imagenet512/val/n04065272/ILSVRC2012_val_00002745.JPEG ===
2025-09-05 12:54:48,511 - INFO - Example /home/projects/bagon/shared/imagenet512/val/n04065272/ILSVRC2012_val_00002745.JPEG reached epsilon at step 255, loss sum: 32.2331, final loss: 0.00099621, weight distance: 3.1556
2025-09-05 12:54:48,516 - INFO - Example 405 completed: 255 steps, loss sum: 32.2331, final loss: 0.00099621, weight distance: 3.1556 (universal rank: 39305)
2025-09-05 12:54:48,517 - INFO - 
=== Training Example 406/1500: /home/projects/bagon/shared/imagenet512/val/n04311004/ILSVRC2012_val_00027197.JPEG ===
2025-09-05 12:54:56,466 - INFO - Example /home/projects/bagon/shared/imagenet512/val/n04311004/ILSVRC2012_val_00027197.JPEG reached epsilon at step 231, loss sum: 12.3218, final loss: 0.00099764, weight distance: 1.7376
2025-09-05 12:54:56,472 - INFO - Example 406 completed: 231 steps, loss sum: 12.3218, final loss: 0.00099764, weight distance: 1.7376 (universal rank: 39313)
2025-09-05 12:54:56,472 - INFO - 
=== Training Example 407/1500: /home/projects/bagon/shared/imagenet512/val/n03983396/ILSVRC2012_val_00018513.JPEG ===
2025-09-05 12:55:04,416 - INFO - Example /home/projects/bagon/shared/imagenet512/val/n03983396/ILSVRC2012_val_00018513.JPEG reached epsilon at step 230, loss sum: 38.9352, final loss: 0.00099657, weight distance: 2.3121
2025-09-05 12:55:04,425 - INFO - Example 407 completed: 230 steps, loss sum: 38.9352, final loss: 0.00099657, weight distance: 2.3121 (universal rank: 39321)
2025-09-05 12:55:04,425 - INFO - 
=== Training Example 408/1500: /home/projects/bagon/shared/imagenet512/val/n02091467/ILSVRC2012_val_00003929.JPEG ===
2025-09-05 12:55:11,034 - INFO - Example /home/projects/bagon/shared/imagenet512/val/n02091467/ILSVRC2012_val_00003929.JPEG reached epsilon at step 192, loss sum: 22.9252, final loss: 0.00099955, weight distance: 3.1423
2025-09-05 12:55:11,039 - INFO - Example 408 completed: 192 steps, loss sum: 22.9252, final loss: 0.00099955, weight distance: 3.1423 (universal rank: 39328)
2025-09-05 12:55:11,039 - INFO - 
=== Training Example 409/1500: /home/projects/bagon/shared/imagenet512/val/n04336792/ILSVRC2012_val_00046780.JPEG ===
2025-09-05 12:55:18,238 - INFO - Example /home/projects/bagon/shared/imagenet512/val/n04336792/ILSVRC2012_val_00046780.JPEG reached epsilon at step 210, loss sum: 28.8607, final loss: 0.00099824, weight distance: 3.0442
2025-09-05 12:55:18,244 - INFO - Example 409 completed: 210 steps, loss sum: 28.8607, final loss: 0.00099824, weight distance: 3.0442 (universal rank: 39331)
2025-09-05 12:55:18,244 - INFO - 
=== Training Example 410/1500: /home/projects/bagon/shared/imagenet512/val/n03197337/ILSVRC2012_val_00008296.JPEG ===
2025-09-05 12:55:18,577 - WARNING - NaN loss detected at step 7. Stopping training for this example.
2025-09-05 12:55:18,582 - INFO - Example 410 completed: -1 steps, loss sum: nan, final loss: nan, weight distance: nan (universal rank: 39334)
2025-09-05 12:55:18,582 - INFO - 
=== Training Example 411/1500: /home/projects/bagon/shared/imagenet512/val/n03770439/ILSVRC2012_val_00031174.JPEG ===
2025-09-05 12:55:23,850 - INFO - Example /home/projects/bagon/shared/imagenet512/val/n03770439/ILSVRC2012_val_00031174.JPEG reached epsilon at step 153, loss sum: 17.3907, final loss: 0.00099597, weight distance: 2.2536
2025-09-05 12:55:23,855 - INFO - Example 411 completed: 153 steps, loss sum: 17.3907, final loss: 0.00099597, weight distance: 2.2536 (universal rank: 39341)
2025-09-05 12:55:23,856 - INFO - 
=== Training Example 412/1500: /home/projects/bagon/shared/imagenet512/val/n03041632/ILSVRC2012_val_00010577.JPEG ===
2025-09-05 12:55:32,280 - INFO - Example /home/projects/bagon/shared/imagenet512/val/n03041632/ILSVRC2012_val_00010577.JPEG reached epsilon at step 246, loss sum: 23.1947, final loss: 0.00099871, weight distance: 2.7819
2025-09-05 12:55:32,285 - INFO - Example 412 completed: 246 steps, loss sum: 23.1947, final loss: 0.00099871, weight distance: 2.7819 (universal rank: 39347)
2025-09-05 12:55:32,286 - INFO - 
=== Training Example 413/1500: /home/projects/bagon/shared/imagenet512/val/n01739381/ILSVRC2012_val_00030067.JPEG ===
2025-09-05 12:55:41,281 - INFO - Example /home/projects/bagon/shared/imagenet512/val/n01739381/ILSVRC2012_val_00030067.JPEG reached epsilon at step 263, loss sum: 30.8808, final loss: 0.00099764, weight distance: 2.4853
2025-09-05 12:55:41,287 - INFO - Example 413 completed: 263 steps, loss sum: 30.8808, final loss: 0.00099764, weight distance: 2.4853 (universal rank: 39352)
2025-09-05 12:55:41,287 - INFO - 
=== Training Example 414/1500: /home/projects/bagon/shared/imagenet512/val/n03761084/ILSVRC2012_val_00003754.JPEG ===
2025-09-05 12:55:48,997 - INFO - Example /home/projects/bagon/shared/imagenet512/val/n03761084/ILSVRC2012_val_00003754.JPEG reached epsilon at step 224, loss sum: 23.2394, final loss: 0.00099919, weight distance: 1.8863
2025-09-05 12:55:49,002 - INFO - Example 414 completed: 224 steps, loss sum: 23.2394, final loss: 0.00099919, weight distance: 1.8863 (universal rank: 39356)
2025-09-05 12:55:49,002 - INFO - 
=== Training Example 415/1500: /home/projects/bagon/shared/imagenet512/val/n03532672/ILSVRC2012_val_00040536.JPEG ===
2025-09-05 12:55:52,217 - INFO - Example /home/projects/bagon/shared/imagenet512/val/n03532672/ILSVRC2012_val_00040536.JPEG reached epsilon at step 92, loss sum: 18.7372, final loss: 0.00099133, weight distance: 3.3284
2025-09-05 12:55:52,221 - INFO - Example 415 completed: 92 steps, loss sum: 18.7372, final loss: 0.00099133, weight distance: 3.3284 (universal rank: 39357)
2025-09-05 12:55:52,222 - INFO - 
=== Training Example 416/1500: /home/projects/bagon/shared/imagenet512/val/n04004767/ILSVRC2012_val_00007270.JPEG ===
2025-09-05 12:56:02,139 - INFO - Example /home/projects/bagon/shared/imagenet512/val/n04004767/ILSVRC2012_val_00007270.JPEG reached epsilon at step 287, loss sum: 39.2772, final loss: 0.00099693, weight distance: 4.2464
2025-09-05 12:56:02,144 - INFO - Example 416 completed: 287 steps, loss sum: 39.2772, final loss: 0.00099693, weight distance: 4.2464 (universal rank: 39358)
2025-09-05 12:56:02,144 - INFO - 
=== Training Example 417/1500: /home/projects/bagon/shared/imagenet512/val/n04332243/ILSVRC2012_val_00033583.JPEG ===
2025-09-05 12:56:10,879 - INFO - Example /home/projects/bagon/shared/imagenet512/val/n04332243/ILSVRC2012_val_00033583.JPEG reached epsilon at step 252, loss sum: 25.0367, final loss: 0.00099681, weight distance: 3.2938
2025-09-05 12:56:10,886 - INFO - Example 417 completed: 252 steps, loss sum: 25.0367, final loss: 0.00099681, weight distance: 3.2938 (universal rank: 39365)
2025-09-05 12:56:10,887 - INFO - 
=== Training Example 418/1500: /home/projects/bagon/shared/imagenet512/val/n02219486/ILSVRC2012_val_00036555.JPEG ===
2025-09-05 12:56:15,731 - INFO - Example /home/projects/bagon/shared/imagenet512/val/n02219486/ILSVRC2012_val_00036555.JPEG reached epsilon at step 139, loss sum: 21.0092, final loss: 0.00099371, weight distance: 3.8219
2025-09-05 12:56:15,736 - INFO - Example 418 completed: 139 steps, loss sum: 21.0092, final loss: 0.00099371, weight distance: 3.8219 (universal rank: 39383)
2025-09-05 12:56:15,736 - INFO - 
=== Training Example 419/1500: /home/projects/bagon/shared/imagenet512/val/n07248320/ILSVRC2012_val_00004738.JPEG ===
2025-09-05 12:56:21,155 - INFO - Example /home/projects/bagon/shared/imagenet512/val/n07248320/ILSVRC2012_val_00004738.JPEG reached epsilon at step 156, loss sum: 16.6358, final loss: 0.00099455, weight distance: 2.9674
2025-09-05 12:56:21,161 - INFO - Example 419 completed: 156 steps, loss sum: 16.6358, final loss: 0.00099455, weight distance: 2.9674 (universal rank: 39385)
2025-09-05 12:56:21,161 - INFO - 
=== Training Example 420/1500: /home/projects/bagon/shared/imagenet512/val/n03804744/ILSVRC2012_val_00016078.JPEG ===
2025-09-05 12:56:27,875 - INFO - Example /home/projects/bagon/shared/imagenet512/val/n03804744/ILSVRC2012_val_00016078.JPEG reached epsilon at step 194, loss sum: 17.6211, final loss: 0.00099014, weight distance: 6.4718
2025-09-05 12:56:27,881 - INFO - Example 420 completed: 194 steps, loss sum: 17.6211, final loss: 0.00099014, weight distance: 6.4718 (universal rank: 39388)
2025-09-05 12:56:27,881 - INFO - 
=== Training Example 421/1500: /home/projects/bagon/shared/imagenet512/val/n02676566/ILSVRC2012_val_00011828.JPEG ===
2025-09-05 12:56:36,898 - INFO - Example /home/projects/bagon/shared/imagenet512/val/n02676566/ILSVRC2012_val_00011828.JPEG reached epsilon at step 262, loss sum: 29.8749, final loss: 0.00099931, weight distance: 1.9695
2025-09-05 12:56:36,904 - INFO - Example 421 completed: 262 steps, loss sum: 29.8749, final loss: 0.00099931, weight distance: 1.9695 (universal rank: 39394)
2025-09-05 12:56:36,905 - INFO - 
=== Training Example 422/1500: /home/projects/bagon/shared/imagenet512/val/n03197337/ILSVRC2012_val_00039361.JPEG ===
2025-09-05 12:56:40,450 - INFO - Example /home/projects/bagon/shared/imagenet512/val/n03197337/ILSVRC2012_val_00039361.JPEG reached epsilon at step 101, loss sum: 38.8226, final loss: 0.00099812, weight distance: 1.4582
2025-09-05 12:56:40,455 - INFO - Example 422 completed: 101 steps, loss sum: 38.8226, final loss: 0.00099812, weight distance: 1.4582 (universal rank: 39399)
2025-09-05 12:56:40,455 - INFO - 
=== Training Example 423/1500: /home/projects/bagon/shared/imagenet512/val/n03188531/ILSVRC2012_val_00007673.JPEG ===
2025-09-05 12:56:49,830 - INFO - Example /home/projects/bagon/shared/imagenet512/val/n03188531/ILSVRC2012_val_00007673.JPEG reached epsilon at step 272, loss sum: 31.4294, final loss: 0.00099871, weight distance: 3.5269
2025-09-05 12:56:49,836 - INFO - Example 423 completed: 272 steps, loss sum: 31.4294, final loss: 0.00099871, weight distance: 3.5269 (universal rank: 39405)
2025-09-05 12:56:49,836 - INFO - 
=== Training Example 424/1500: /home/projects/bagon/shared/imagenet512/val/n03141823/ILSVRC2012_val_00035895.JPEG ===
2025-09-05 12:56:55,920 - INFO - Example /home/projects/bagon/shared/imagenet512/val/n03141823/ILSVRC2012_val_00035895.JPEG reached epsilon at step 176, loss sum: 24.4290, final loss: 0.00099740, weight distance: 3.4091
2025-09-05 12:56:55,927 - INFO - Example 424 completed: 176 steps, loss sum: 24.4290, final loss: 0.00099740, weight distance: 3.4091 (universal rank: 39425)
2025-09-05 12:56:55,927 - INFO - 
=== Training Example 425/1500: /home/projects/bagon/shared/imagenet512/val/n04525038/ILSVRC2012_val_00034058.JPEG ===
2025-09-05 12:57:05,533 - INFO - Example /home/projects/bagon/shared/imagenet512/val/n04525038/ILSVRC2012_val_00034058.JPEG reached epsilon at step 278, loss sum: 24.8699, final loss: 0.00099871, weight distance: 3.3080
2025-09-05 12:57:05,538 - INFO - Example 425 completed: 278 steps, loss sum: 24.8699, final loss: 0.00099871, weight distance: 3.3080 (universal rank: 39443)
2025-09-05 12:57:05,538 - INFO - 
=== Training Example 426/1500: /home/projects/bagon/shared/imagenet512/val/n04127249/ILSVRC2012_val_00036087.JPEG ===
2025-09-05 12:57:12,077 - INFO - Example /home/projects/bagon/shared/imagenet512/val/n04127249/ILSVRC2012_val_00036087.JPEG reached epsilon at step 190, loss sum: 21.3945, final loss: 0.00099859, weight distance: 2.3865
2025-09-05 12:57:12,084 - INFO - Example 426 completed: 190 steps, loss sum: 21.3945, final loss: 0.00099859, weight distance: 2.3865 (universal rank: 39456)
2025-09-05 12:57:12,084 - INFO - 
=== Training Example 427/1500: /home/projects/bagon/shared/imagenet512/val/n03485407/ILSVRC2012_val_00005409.JPEG ===
2025-09-05 12:57:24,306 - INFO - Example /home/projects/bagon/shared/imagenet512/val/n03485407/ILSVRC2012_val_00005409.JPEG reached epsilon at step 357, loss sum: 49.1553, final loss: 0.00099979, weight distance: 3.6957
2025-09-05 12:57:24,312 - INFO - Example 427 completed: 357 steps, loss sum: 49.1553, final loss: 0.00099979, weight distance: 3.6957 (universal rank: 39470)
2025-09-05 12:57:24,312 - INFO - 
=== Training Example 428/1500: /home/projects/bagon/shared/imagenet512/val/n02090721/ILSVRC2012_val_00023327.JPEG ===
2025-09-05 12:57:35,900 - INFO - Example /home/projects/bagon/shared/imagenet512/val/n02090721/ILSVRC2012_val_00023327.JPEG reached epsilon at step 340, loss sum: 23.7198, final loss: 0.00099871, weight distance: 2.8447
2025-09-05 12:57:35,905 - INFO - Example 428 completed: 340 steps, loss sum: 23.7198, final loss: 0.00099871, weight distance: 2.8447 (universal rank: 39471)
2025-09-05 12:57:35,905 - INFO - 
=== Training Example 429/1500: /home/projects/bagon/shared/imagenet512/val/n02980441/ILSVRC2012_val_00019157.JPEG ===
2025-09-05 12:57:41,611 - INFO - Example /home/projects/bagon/shared/imagenet512/val/n02980441/ILSVRC2012_val_00019157.JPEG reached epsilon at step 165, loss sum: 16.6901, final loss: 0.00099252, weight distance: 1.2059
2025-09-05 12:57:41,616 - INFO - Example 429 completed: 165 steps, loss sum: 16.6901, final loss: 0.00099252, weight distance: 1.2059 (universal rank: 39476)
2025-09-05 12:57:41,617 - INFO - 
=== Training Example 430/1500: /home/projects/bagon/shared/imagenet512/val/n02443484/ILSVRC2012_val_00001509.JPEG ===
2025-09-05 12:57:47,636 - INFO - Example /home/projects/bagon/shared/imagenet512/val/n02443484/ILSVRC2012_val_00001509.JPEG reached epsilon at step 173, loss sum: 53.7679, final loss: 0.00099657, weight distance: 1.6094
2025-09-05 12:57:47,641 - INFO - Example 430 completed: 173 steps, loss sum: 53.7679, final loss: 0.00099657, weight distance: 1.6094 (universal rank: 39479)
2025-09-05 12:57:47,641 - INFO - 
=== Training Example 431/1500: /home/projects/bagon/shared/imagenet512/val/n03594945/ILSVRC2012_val_00033299.JPEG ===
2025-09-05 12:57:52,924 - INFO - Example /home/projects/bagon/shared/imagenet512/val/n03594945/ILSVRC2012_val_00033299.JPEG reached epsilon at step 152, loss sum: 8.9720, final loss: 0.00099633, weight distance: 2.1488
2025-09-05 12:57:52,929 - INFO - Example 431 completed: 152 steps, loss sum: 8.9720, final loss: 0.00099633, weight distance: 2.1488 (universal rank: 39480)
2025-09-05 12:57:52,930 - INFO - 
=== Training Example 432/1500: /home/projects/bagon/shared/imagenet512/val/n03095699/ILSVRC2012_val_00049475.JPEG ===
2025-09-05 12:58:07,748 - INFO - Example /home/projects/bagon/shared/imagenet512/val/n03095699/ILSVRC2012_val_00049475.JPEG reached epsilon at step 431, loss sum: 15.1208, final loss: 0.00099907, weight distance: 3.2531
2025-09-05 12:58:07,754 - INFO - Example 432 completed: 431 steps, loss sum: 15.1208, final loss: 0.00099907, weight distance: 3.2531 (universal rank: 39490)
2025-09-05 12:58:07,754 - INFO - 
=== Training Example 433/1500: /home/projects/bagon/shared/imagenet512/val/n01968897/ILSVRC2012_val_00006645.JPEG ===
2025-09-05 12:58:18,000 - INFO - Example /home/projects/bagon/shared/imagenet512/val/n01968897/ILSVRC2012_val_00006645.JPEG reached epsilon at step 298, loss sum: 24.0822, final loss: 0.00099931, weight distance: 1.0369
2025-09-05 12:58:18,006 - INFO - Example 433 completed: 298 steps, loss sum: 24.0822, final loss: 0.00099931, weight distance: 1.0369 (universal rank: 39499)
2025-09-05 12:58:18,006 - INFO - 
=== Training Example 434/1500: /home/projects/bagon/shared/imagenet512/val/n04116512/ILSVRC2012_val_00007146.JPEG ===
2025-09-05 12:58:22,294 - INFO - Example /home/projects/bagon/shared/imagenet512/val/n04116512/ILSVRC2012_val_00007146.JPEG reached epsilon at step 123, loss sum: 13.2622, final loss: 0.00098764, weight distance: 2.7916
2025-09-05 12:58:22,300 - INFO - Example 434 completed: 123 steps, loss sum: 13.2622, final loss: 0.00098764, weight distance: 2.7916 (universal rank: 39501)
2025-09-05 12:58:22,300 - INFO - 
=== Training Example 435/1500: /home/projects/bagon/shared/imagenet512/val/n03532672/ILSVRC2012_val_00015760.JPEG ===
2025-09-05 12:58:25,039 - INFO - Example /home/projects/bagon/shared/imagenet512/val/n03532672/ILSVRC2012_val_00015760.JPEG reached epsilon at step 78, loss sum: 21.6922, final loss: 0.00099371, weight distance: 2.8511
2025-09-05 12:58:25,044 - INFO - Example 435 completed: 78 steps, loss sum: 21.6922, final loss: 0.00099371, weight distance: 2.8511 (universal rank: 39502)
2025-09-05 12:58:25,045 - INFO - 
=== Training Example 436/1500: /home/projects/bagon/shared/imagenet512/val/n02776631/ILSVRC2012_val_00027953.JPEG ===
2025-09-05 12:58:32,440 - INFO - Example /home/projects/bagon/shared/imagenet512/val/n02776631/ILSVRC2012_val_00027953.JPEG reached epsilon at step 213, loss sum: 27.2360, final loss: 0.00099705, weight distance: 0.8950
2025-09-05 12:58:32,445 - INFO - Example 436 completed: 213 steps, loss sum: 27.2360, final loss: 0.00099705, weight distance: 0.8950 (universal rank: 39520)
2025-09-05 12:58:32,445 - INFO - 
=== Training Example 437/1500: /home/projects/bagon/shared/imagenet512/val/n04357314/ILSVRC2012_val_00001610.JPEG ===
2025-09-05 12:58:40,418 - INFO - Example /home/projects/bagon/shared/imagenet512/val/n04357314/ILSVRC2012_val_00001610.JPEG reached epsilon at step 231, loss sum: 20.7982, final loss: 0.00099693, weight distance: 2.0085
2025-09-05 12:58:40,424 - INFO - Example 437 completed: 231 steps, loss sum: 20.7982, final loss: 0.00099693, weight distance: 2.0085 (universal rank: 39521)
2025-09-05 12:58:40,424 - INFO - 
=== Training Example 438/1500: /home/projects/bagon/shared/imagenet512/val/n03424325/ILSVRC2012_val_00002290.JPEG ===
2025-09-05 12:58:50,428 - INFO - Example /home/projects/bagon/shared/imagenet512/val/n03424325/ILSVRC2012_val_00002290.JPEG reached epsilon at step 290, loss sum: 24.2809, final loss: 0.00099919, weight distance: 4.6046
2025-09-05 12:58:50,434 - INFO - Example 438 completed: 290 steps, loss sum: 24.2809, final loss: 0.00099919, weight distance: 4.6046 (universal rank: 39522)
2025-09-05 12:58:50,434 - INFO - 
=== Training Example 439/1500: /home/projects/bagon/shared/imagenet512/val/n07248320/ILSVRC2012_val_00032814.JPEG ===
2025-09-05 12:58:58,136 - INFO - Example /home/projects/bagon/shared/imagenet512/val/n07248320/ILSVRC2012_val_00032814.JPEG reached epsilon at step 222, loss sum: 18.1665, final loss: 0.00099717, weight distance: 3.3961
2025-09-05 12:58:58,143 - INFO - Example 439 completed: 222 steps, loss sum: 18.1665, final loss: 0.00099717, weight distance: 3.3961 (universal rank: 39532)
2025-09-05 12:58:58,144 - INFO - 
=== Training Example 440/1500: /home/projects/bagon/shared/imagenet512/val/n03220513/ILSVRC2012_val_00042194.JPEG ===
2025-09-05 12:59:03,492 - INFO - Example /home/projects/bagon/shared/imagenet512/val/n03220513/ILSVRC2012_val_00042194.JPEG reached epsilon at step 152, loss sum: 21.1600, final loss: 0.00099848, weight distance: 1.0405
2025-09-05 12:59:03,497 - INFO - Example 440 completed: 152 steps, loss sum: 21.1600, final loss: 0.00099848, weight distance: 1.0405 (universal rank: 39540)
2025-09-05 12:59:03,497 - INFO - 
=== Training Example 441/1500: /home/projects/bagon/shared/imagenet512/val/n03255030/ILSVRC2012_val_00010730.JPEG ===
2025-09-05 12:59:10,110 - INFO - Example /home/projects/bagon/shared/imagenet512/val/n03255030/ILSVRC2012_val_00010730.JPEG reached epsilon at step 191, loss sum: 15.4285, final loss: 0.00099705, weight distance: 3.3974
2025-09-05 12:59:10,115 - INFO - Example 441 completed: 191 steps, loss sum: 15.4285, final loss: 0.00099705, weight distance: 3.3974 (universal rank: 39545)
2025-09-05 12:59:10,115 - INFO - 
=== Training Example 442/1500: /home/projects/bagon/shared/imagenet512/val/n03742115/ILSVRC2012_val_00022984.JPEG ===
2025-09-05 12:59:36,542 - INFO - Example /home/projects/bagon/shared/imagenet512/val/n03742115/ILSVRC2012_val_00022984.JPEG reached epsilon at step 774, loss sum: 46.2900, final loss: 0.00099931, weight distance: 3.2136
2025-09-05 12:59:36,549 - INFO - Example 442 completed: 774 steps, loss sum: 46.2900, final loss: 0.00099931, weight distance: 3.2136 (universal rank: 39559)
2025-09-05 12:59:36,549 - INFO - 
=== Training Example 443/1500: /home/projects/bagon/shared/imagenet512/val/n03825788/ILSVRC2012_val_00011962.JPEG ===
2025-09-05 12:59:46,791 - INFO - Example /home/projects/bagon/shared/imagenet512/val/n03825788/ILSVRC2012_val_00011962.JPEG reached epsilon at step 298, loss sum: 21.8608, final loss: 0.00099859, weight distance: 6.2612
2025-09-05 12:59:46,797 - INFO - Example 443 completed: 298 steps, loss sum: 21.8608, final loss: 0.00099859, weight distance: 6.2612 (universal rank: 39562)
2025-09-05 12:59:46,797 - INFO - 
=== Training Example 444/1500: /home/projects/bagon/shared/imagenet512/val/n07742313/ILSVRC2012_val_00008128.JPEG ===
2025-09-05 12:59:56,770 - INFO - Example /home/projects/bagon/shared/imagenet512/val/n07742313/ILSVRC2012_val_00008128.JPEG reached epsilon at step 289, loss sum: 17.3303, final loss: 0.00099800, weight distance: 1.1856
2025-09-05 12:59:56,775 - INFO - Example 444 completed: 289 steps, loss sum: 17.3303, final loss: 0.00099800, weight distance: 1.1856 (universal rank: 39572)
2025-09-05 12:59:56,775 - INFO - 
=== Training Example 445/1500: /home/projects/bagon/shared/imagenet512/val/n04350905/ILSVRC2012_val_00037945.JPEG ===
2025-09-05 13:00:10,018 - INFO - Example /home/projects/bagon/shared/imagenet512/val/n04350905/ILSVRC2012_val_00037945.JPEG reached epsilon at step 385, loss sum: 27.4885, final loss: 0.00099871, weight distance: 1.6080
2025-09-05 13:00:10,024 - INFO - Example 445 completed: 385 steps, loss sum: 27.4885, final loss: 0.00099871, weight distance: 1.6080 (universal rank: 39573)
2025-09-05 13:00:10,024 - INFO - 
=== Training Example 446/1500: /home/projects/bagon/shared/imagenet512/val/n04328186/ILSVRC2012_val_00002197.JPEG ===
2025-09-05 13:00:13,386 - INFO - Example /home/projects/bagon/shared/imagenet512/val/n04328186/ILSVRC2012_val_00002197.JPEG reached epsilon at step 96, loss sum: 16.8871, final loss: 0.00099252, weight distance: 2.9589
2025-09-05 13:00:13,392 - INFO - Example 446 completed: 96 steps, loss sum: 16.8871, final loss: 0.00099252, weight distance: 2.9589 (universal rank: 39587)
2025-09-05 13:00:13,392 - INFO - 
=== Training Example 447/1500: /home/projects/bagon/shared/imagenet512/val/n03447721/ILSVRC2012_val_00007480.JPEG ===
2025-09-05 13:00:21,155 - INFO - Example /home/projects/bagon/shared/imagenet512/val/n03447721/ILSVRC2012_val_00007480.JPEG reached epsilon at step 225, loss sum: 15.8608, final loss: 0.00099859, weight distance: 2.4807
2025-09-05 13:00:21,160 - INFO - Example 447 completed: 225 steps, loss sum: 15.8608, final loss: 0.00099859, weight distance: 2.4807 (universal rank: 39601)
2025-09-05 13:00:21,160 - INFO - 
=== Training Example 448/1500: /home/projects/bagon/shared/imagenet512/val/n02112706/ILSVRC2012_val_00008335.JPEG ===
2025-09-05 13:00:25,447 - INFO - Example /home/projects/bagon/shared/imagenet512/val/n02112706/ILSVRC2012_val_00008335.JPEG reached epsilon at step 124, loss sum: 20.7257, final loss: 0.00099514, weight distance: 4.1879
2025-09-05 13:00:25,452 - INFO - Example 448 completed: 124 steps, loss sum: 20.7257, final loss: 0.00099514, weight distance: 4.1879 (universal rank: 39614)
2025-09-05 13:00:25,453 - INFO - 
=== Training Example 449/1500: /home/projects/bagon/shared/imagenet512/val/n02493509/ILSVRC2012_val_00029108.JPEG ===
2025-09-05 13:00:33,746 - INFO - Example /home/projects/bagon/shared/imagenet512/val/n02493509/ILSVRC2012_val_00029108.JPEG reached epsilon at step 241, loss sum: 17.6452, final loss: 0.00099824, weight distance: 3.9506
2025-09-05 13:00:33,752 - INFO - Example 449 completed: 241 steps, loss sum: 17.6452, final loss: 0.00099824, weight distance: 3.9506 (universal rank: 39620)
2025-09-05 13:00:33,752 - INFO - 
=== Training Example 450/1500: /home/projects/bagon/shared/imagenet512/val/n01682714/ILSVRC2012_val_00001931.JPEG ===
2025-09-05 13:00:46,355 - INFO - Example /home/projects/bagon/shared/imagenet512/val/n01682714/ILSVRC2012_val_00001931.JPEG reached epsilon at step 368, loss sum: 55.2989, final loss: 0.00099776, weight distance: 2.3910
2025-09-05 13:00:46,362 - INFO - Example 450 completed: 368 steps, loss sum: 55.2989, final loss: 0.00099776, weight distance: 2.3910 (universal rank: 39628)
2025-09-05 13:00:46,362 - INFO - 
=== Training Example 451/1500: /home/projects/bagon/shared/imagenet512/val/n04591713/ILSVRC2012_val_00039657.JPEG ===
2025-09-05 13:00:54,442 - INFO - Example /home/projects/bagon/shared/imagenet512/val/n04591713/ILSVRC2012_val_00039657.JPEG reached epsilon at step 234, loss sum: 19.3795, final loss: 0.00099633, weight distance: 1.3270
2025-09-05 13:00:54,447 - INFO - Example 451 completed: 234 steps, loss sum: 19.3795, final loss: 0.00099633, weight distance: 1.3270 (universal rank: 39641)
2025-09-05 13:00:54,448 - INFO - 
=== Training Example 452/1500: /home/projects/bagon/shared/imagenet512/val/n02988304/ILSVRC2012_val_00041129.JPEG ===
2025-09-05 13:01:03,966 - INFO - Example /home/projects/bagon/shared/imagenet512/val/n02988304/ILSVRC2012_val_00041129.JPEG reached epsilon at step 274, loss sum: 27.3544, final loss: 0.00099931, weight distance: 1.5624
2025-09-05 13:01:03,971 - INFO - Example 452 completed: 274 steps, loss sum: 27.3544, final loss: 0.00099931, weight distance: 1.5624 (universal rank: 39649)
2025-09-05 13:01:03,972 - INFO - 
=== Training Example 453/1500: /home/projects/bagon/shared/imagenet512/val/n04392985/ILSVRC2012_val_00014414.JPEG ===
2025-09-05 13:01:15,066 - INFO - Example /home/projects/bagon/shared/imagenet512/val/n04392985/ILSVRC2012_val_00014414.JPEG reached epsilon at step 323, loss sum: 22.6026, final loss: 0.00099848, weight distance: 1.6679
2025-09-05 13:01:15,072 - INFO - Example 453 completed: 323 steps, loss sum: 22.6026, final loss: 0.00099848, weight distance: 1.6679 (universal rank: 39650)
2025-09-05 13:01:15,072 - INFO - 
=== Training Example 454/1500: /home/projects/bagon/shared/imagenet512/val/n03000247/ILSVRC2012_val_00024156.JPEG ===
2025-09-05 13:01:34,310 - INFO - Example /home/projects/bagon/shared/imagenet512/val/n03000247/ILSVRC2012_val_00024156.JPEG reached epsilon at step 563, loss sum: 51.7524, final loss: 0.00099907, weight distance: 6.8329
2025-09-05 13:01:34,316 - INFO - Example 454 completed: 563 steps, loss sum: 51.7524, final loss: 0.00099907, weight distance: 6.8329 (universal rank: 39668)
2025-09-05 13:01:34,316 - INFO - 
=== Training Example 455/1500: /home/projects/bagon/shared/imagenet512/val/n01983481/ILSVRC2012_val_00016947.JPEG ===
2025-09-05 13:01:42,435 - INFO - Example /home/projects/bagon/shared/imagenet512/val/n01983481/ILSVRC2012_val_00016947.JPEG reached epsilon at step 236, loss sum: 29.0497, final loss: 0.00099693, weight distance: 2.7496
2025-09-05 13:01:42,440 - INFO - Example 455 completed: 236 steps, loss sum: 29.0497, final loss: 0.00099693, weight distance: 2.7496 (universal rank: 39672)
2025-09-05 13:01:42,441 - INFO - 
=== Training Example 456/1500: /home/projects/bagon/shared/imagenet512/val/n03710637/ILSVRC2012_val_00003825.JPEG ===
2025-09-05 13:01:50,208 - INFO - Example /home/projects/bagon/shared/imagenet512/val/n03710637/ILSVRC2012_val_00003825.JPEG reached epsilon at step 224, loss sum: 23.9139, final loss: 0.00099669, weight distance: 1.3040
2025-09-05 13:01:50,215 - INFO - Example 456 completed: 224 steps, loss sum: 23.9139, final loss: 0.00099669, weight distance: 1.3040 (universal rank: 39691)
2025-09-05 13:01:50,215 - INFO - 
=== Training Example 457/1500: /home/projects/bagon/shared/imagenet512/val/n04507155/ILSVRC2012_val_00022988.JPEG ===
2025-09-05 13:01:54,398 - INFO - Example /home/projects/bagon/shared/imagenet512/val/n04507155/ILSVRC2012_val_00022988.JPEG reached epsilon at step 120, loss sum: 17.2310, final loss: 0.00099705, weight distance: 2.9733
2025-09-05 13:01:54,404 - INFO - Example 457 completed: 120 steps, loss sum: 17.2310, final loss: 0.00099705, weight distance: 2.9733 (universal rank: 39699)
2025-09-05 13:01:54,404 - INFO - 
=== Training Example 458/1500: /home/projects/bagon/shared/imagenet512/val/n03207941/ILSVRC2012_val_00048397.JPEG ===
2025-09-05 13:02:01,655 - INFO - Example /home/projects/bagon/shared/imagenet512/val/n03207941/ILSVRC2012_val_00048397.JPEG reached epsilon at step 210, loss sum: 25.7588, final loss: 0.00099669, weight distance: 4.0783
2025-09-05 13:02:01,660 - INFO - Example 458 completed: 210 steps, loss sum: 25.7588, final loss: 0.00099669, weight distance: 4.0783 (universal rank: 39708)
2025-09-05 13:02:01,660 - INFO - 
=== Training Example 459/1500: /home/projects/bagon/shared/imagenet512/val/n03804744/ILSVRC2012_val_00032763.JPEG ===
2025-09-05 13:02:06,174 - INFO - Example /home/projects/bagon/shared/imagenet512/val/n03804744/ILSVRC2012_val_00032763.JPEG reached epsilon at step 130, loss sum: 12.4639, final loss: 0.00099586, weight distance: 2.5935
2025-09-05 13:02:06,180 - INFO - Example 459 completed: 130 steps, loss sum: 12.4639, final loss: 0.00099586, weight distance: 2.5935 (universal rank: 39719)
2025-09-05 13:02:06,180 - INFO - 
=== Training Example 460/1500: /home/projects/bagon/shared/imagenet512/val/n02089078/ILSVRC2012_val_00012293.JPEG ===
2025-09-05 13:02:15,297 - INFO - Example /home/projects/bagon/shared/imagenet512/val/n02089078/ILSVRC2012_val_00012293.JPEG reached epsilon at step 265, loss sum: 28.3334, final loss: 0.00099740, weight distance: 4.0300
2025-09-05 13:02:15,302 - INFO - Example 460 completed: 265 steps, loss sum: 28.3334, final loss: 0.00099740, weight distance: 4.0300 (universal rank: 39723)
2025-09-05 13:02:15,302 - INFO - 
=== Training Example 461/1500: /home/projects/bagon/shared/imagenet512/val/n03793489/ILSVRC2012_val_00026639.JPEG ===
2025-09-05 13:02:17,686 - INFO - Example /home/projects/bagon/shared/imagenet512/val/n03793489/ILSVRC2012_val_00026639.JPEG reached epsilon at step 67, loss sum: 20.3494, final loss: 0.00099669, weight distance: 2.7679
2025-09-05 13:02:17,693 - INFO - Example 461 completed: 67 steps, loss sum: 20.3494, final loss: 0.00099669, weight distance: 2.7679 (universal rank: 39724)
2025-09-05 13:02:17,693 - INFO - 
=== Training Example 462/1500: /home/projects/bagon/shared/imagenet512/val/n02319095/ILSVRC2012_val_00039456.JPEG ===
2025-09-05 13:02:27,861 - INFO - Example /home/projects/bagon/shared/imagenet512/val/n02319095/ILSVRC2012_val_00039456.JPEG reached epsilon at step 296, loss sum: 17.2829, final loss: 0.00099788, weight distance: 2.1792
2025-09-05 13:02:27,866 - INFO - Example 462 completed: 296 steps, loss sum: 17.2829, final loss: 0.00099788, weight distance: 2.1792 (universal rank: 39737)
2025-09-05 13:02:27,866 - INFO - 
=== Training Example 463/1500: /home/projects/bagon/shared/imagenet512/val/n03773504/ILSVRC2012_val_00016927.JPEG ===
2025-09-05 13:02:37,818 - INFO - Example /home/projects/bagon/shared/imagenet512/val/n03773504/ILSVRC2012_val_00016927.JPEG reached epsilon at step 289, loss sum: 13.3444, final loss: 0.00099824, weight distance: 1.0116
2025-09-05 13:02:37,823 - INFO - Example 463 completed: 289 steps, loss sum: 13.3444, final loss: 0.00099824, weight distance: 1.0116 (universal rank: 39739)
2025-09-05 13:02:37,823 - INFO - 
=== Training Example 464/1500: /home/projects/bagon/shared/imagenet512/val/n02871525/ILSVRC2012_val_00003005.JPEG ===
2025-09-05 13:02:38,100 - WARNING - NaN loss detected at step 5. Stopping training for this example.
2025-09-05 13:02:38,104 - INFO - Example 464 completed: -1 steps, loss sum: nan, final loss: nan, weight distance: nan (universal rank: 39745)
2025-09-05 13:02:38,105 - INFO - 
=== Training Example 465/1500: /home/projects/bagon/shared/imagenet512/val/n04004767/ILSVRC2012_val_00014954.JPEG ===
2025-09-05 13:03:06,640 - INFO - Example /home/projects/bagon/shared/imagenet512/val/n04004767/ILSVRC2012_val_00014954.JPEG reached epsilon at step 833, loss sum: 43.1451, final loss: 0.00099979, weight distance: 2.6298
2025-09-05 13:03:06,648 - INFO - Example 465 completed: 833 steps, loss sum: 43.1451, final loss: 0.00099979, weight distance: 2.6298 (universal rank: 39756)
2025-09-05 13:03:06,648 - INFO - 
=== Training Example 466/1500: /home/projects/bagon/shared/imagenet512/val/n02106166/ILSVRC2012_val_00007632.JPEG ===
2025-09-05 13:03:17,396 - INFO - Example /home/projects/bagon/shared/imagenet512/val/n02106166/ILSVRC2012_val_00007632.JPEG reached epsilon at step 312, loss sum: 27.2588, final loss: 0.00099740, weight distance: 2.9337
2025-09-05 13:03:17,402 - INFO - Example 466 completed: 312 steps, loss sum: 27.2588, final loss: 0.00099740, weight distance: 2.9337 (universal rank: 39764)
2025-09-05 13:03:17,402 - INFO - 
=== Training Example 467/1500: /home/projects/bagon/shared/imagenet512/val/n04467665/ILSVRC2012_val_00029961.JPEG ===
2025-09-05 13:03:26,968 - INFO - Example /home/projects/bagon/shared/imagenet512/val/n04467665/ILSVRC2012_val_00029961.JPEG reached epsilon at step 278, loss sum: 25.6636, final loss: 0.00099717, weight distance: 2.4413
2025-09-05 13:03:26,973 - INFO - Example 467 completed: 278 steps, loss sum: 25.6636, final loss: 0.00099717, weight distance: 2.4413 (universal rank: 39765)
2025-09-05 13:03:26,973 - INFO - 
=== Training Example 468/1500: /home/projects/bagon/shared/imagenet512/val/n04505470/ILSVRC2012_val_00008632.JPEG ===
2025-09-05 13:03:31,917 - INFO - Example /home/projects/bagon/shared/imagenet512/val/n04505470/ILSVRC2012_val_00008632.JPEG reached epsilon at step 143, loss sum: 40.4263, final loss: 0.00099431, weight distance: 1.3787
2025-09-05 13:03:31,922 - INFO - Example 468 completed: 143 steps, loss sum: 40.4263, final loss: 0.00099431, weight distance: 1.3787 (universal rank: 39771)
2025-09-05 13:03:31,922 - INFO - 
=== Training Example 469/1500: /home/projects/bagon/shared/imagenet512/val/n04325704/ILSVRC2012_val_00047964.JPEG ===
2025-09-05 13:03:39,908 - INFO - Example /home/projects/bagon/shared/imagenet512/val/n04325704/ILSVRC2012_val_00047964.JPEG reached epsilon at step 231, loss sum: 41.0702, final loss: 0.00099895, weight distance: 4.5357
2025-09-05 13:03:39,914 - INFO - Example 469 completed: 231 steps, loss sum: 41.0702, final loss: 0.00099895, weight distance: 4.5357 (universal rank: 39787)
2025-09-05 13:03:39,914 - INFO - 
=== Training Example 470/1500: /home/projects/bagon/shared/imagenet512/val/n02877765/ILSVRC2012_val_00027346.JPEG ===
2025-09-05 13:03:55,018 - INFO - Example /home/projects/bagon/shared/imagenet512/val/n02877765/ILSVRC2012_val_00027346.JPEG reached epsilon at step 437, loss sum: 40.7443, final loss: 0.00099800, weight distance: 7.6850
2025-09-05 13:03:55,024 - INFO - Example 470 completed: 437 steps, loss sum: 40.7443, final loss: 0.00099800, weight distance: 7.6850 (universal rank: 39789)
2025-09-05 13:03:55,024 - INFO - 
=== Training Example 471/1500: /home/projects/bagon/shared/imagenet512/val/n03733805/ILSVRC2012_val_00038292.JPEG ===
2025-09-05 13:04:04,278 - INFO - Example /home/projects/bagon/shared/imagenet512/val/n03733805/ILSVRC2012_val_00038292.JPEG reached epsilon at step 267, loss sum: 23.8250, final loss: 0.00099609, weight distance: 3.2699
2025-09-05 13:04:04,283 - INFO - Example 471 completed: 267 steps, loss sum: 23.8250, final loss: 0.00099609, weight distance: 3.2699 (universal rank: 39798)
2025-09-05 13:04:04,283 - INFO - 
=== Training Example 472/1500: /home/projects/bagon/shared/imagenet512/val/n01806143/ILSVRC2012_val_00049665.JPEG ===
2025-09-05 13:04:17,623 - INFO - Example /home/projects/bagon/shared/imagenet512/val/n01806143/ILSVRC2012_val_00049665.JPEG reached epsilon at step 389, loss sum: 28.4835, final loss: 0.00099895, weight distance: 4.1081
2025-09-05 13:04:17,630 - INFO - Example 472 completed: 389 steps, loss sum: 28.4835, final loss: 0.00099895, weight distance: 4.1081 (universal rank: 39807)
2025-09-05 13:04:17,630 - INFO - 
=== Training Example 473/1500: /home/projects/bagon/shared/imagenet512/val/n02268443/ILSVRC2012_val_00001752.JPEG ===
2025-09-05 13:04:25,301 - INFO - Example /home/projects/bagon/shared/imagenet512/val/n02268443/ILSVRC2012_val_00001752.JPEG reached epsilon at step 222, loss sum: 13.5961, final loss: 0.00099705, weight distance: 1.5781
2025-09-05 13:04:25,306 - INFO - Example 473 completed: 222 steps, loss sum: 13.5961, final loss: 0.00099705, weight distance: 1.5781 (universal rank: 39818)
2025-09-05 13:04:25,306 - INFO - 
=== Training Example 474/1500: /home/projects/bagon/shared/imagenet512/val/n13052670/ILSVRC2012_val_00047179.JPEG ===
2025-09-05 13:04:30,604 - INFO - Example /home/projects/bagon/shared/imagenet512/val/n13052670/ILSVRC2012_val_00047179.JPEG reached epsilon at step 152, loss sum: 40.7654, final loss: 0.00099883, weight distance: 2.9602
2025-09-05 13:04:30,610 - INFO - Example 474 completed: 152 steps, loss sum: 40.7654, final loss: 0.00099883, weight distance: 2.9602 (universal rank: 39830)
2025-09-05 13:04:30,610 - INFO - 
=== Training Example 475/1500: /home/projects/bagon/shared/imagenet512/val/n03709823/ILSVRC2012_val_00028436.JPEG ===
2025-09-05 13:04:36,569 - INFO - Example /home/projects/bagon/shared/imagenet512/val/n03709823/ILSVRC2012_val_00028436.JPEG reached epsilon at step 171, loss sum: 33.2342, final loss: 0.00099836, weight distance: 3.6319
2025-09-05 13:04:36,575 - INFO - Example 475 completed: 171 steps, loss sum: 33.2342, final loss: 0.00099836, weight distance: 3.6319 (universal rank: 39833)
2025-09-05 13:04:36,575 - INFO - 
=== Training Example 476/1500: /home/projects/bagon/shared/imagenet512/val/n02090721/ILSVRC2012_val_00013817.JPEG ===
2025-09-05 13:04:43,784 - INFO - Example /home/projects/bagon/shared/imagenet512/val/n02090721/ILSVRC2012_val_00013817.JPEG reached epsilon at step 209, loss sum: 17.5510, final loss: 0.00099574, weight distance: 2.7544
2025-09-05 13:04:43,790 - INFO - Example 476 completed: 209 steps, loss sum: 17.5510, final loss: 0.00099574, weight distance: 2.7544 (universal rank: 39834)
2025-09-05 13:04:43,790 - INFO - 
=== Training Example 477/1500: /home/projects/bagon/shared/imagenet512/val/n03478589/ILSVRC2012_val_00049378.JPEG ===
2025-09-05 13:04:49,728 - INFO - Example /home/projects/bagon/shared/imagenet512/val/n03478589/ILSVRC2012_val_00049378.JPEG reached epsilon at step 171, loss sum: 25.7546, final loss: 0.00099717, weight distance: 2.7403
2025-09-05 13:04:49,734 - INFO - Example 477 completed: 171 steps, loss sum: 25.7546, final loss: 0.00099717, weight distance: 2.7403 (universal rank: 39839)
2025-09-05 13:04:49,734 - INFO - 
=== Training Example 478/1500: /home/projects/bagon/shared/imagenet512/val/n03125729/ILSVRC2012_val_00044994.JPEG ===
2025-09-05 13:04:58,484 - INFO - Example /home/projects/bagon/shared/imagenet512/val/n03125729/ILSVRC2012_val_00044994.JPEG reached epsilon at step 254, loss sum: 26.0158, final loss: 0.00099883, weight distance: 2.3166
2025-09-05 13:04:58,491 - INFO - Example 478 completed: 254 steps, loss sum: 26.0158, final loss: 0.00099883, weight distance: 2.3166 (universal rank: 39841)
2025-09-05 13:04:58,491 - INFO - 
=== Training Example 479/1500: /home/projects/bagon/shared/imagenet512/val/n02113624/ILSVRC2012_val_00033017.JPEG ===
2025-09-05 13:05:06,326 - INFO - Example /home/projects/bagon/shared/imagenet512/val/n02113624/ILSVRC2012_val_00033017.JPEG reached epsilon at step 228, loss sum: 32.2256, final loss: 0.00099574, weight distance: 3.3889
2025-09-05 13:05:06,332 - INFO - Example 479 completed: 228 steps, loss sum: 32.2256, final loss: 0.00099574, weight distance: 3.3889 (universal rank: 39843)
2025-09-05 13:05:06,332 - INFO - 
=== Training Example 480/1500: /home/projects/bagon/shared/imagenet512/val/n01784675/ILSVRC2012_val_00016866.JPEG ===
2025-09-05 13:05:14,440 - INFO - Example /home/projects/bagon/shared/imagenet512/val/n01784675/ILSVRC2012_val_00016866.JPEG reached epsilon at step 235, loss sum: 29.0106, final loss: 0.00099824, weight distance: 2.4579
2025-09-05 13:05:14,445 - INFO - Example 480 completed: 235 steps, loss sum: 29.0106, final loss: 0.00099824, weight distance: 2.4579 (universal rank: 39852)
2025-09-05 13:05:14,446 - INFO - 
=== Training Example 481/1500: /home/projects/bagon/shared/imagenet512/val/n04332243/ILSVRC2012_val_00002067.JPEG ===
2025-09-05 13:05:23,767 - INFO - Example /home/projects/bagon/shared/imagenet512/val/n04332243/ILSVRC2012_val_00002067.JPEG reached epsilon at step 270, loss sum: 18.0530, final loss: 0.00099752, weight distance: 1.1208
2025-09-05 13:05:23,775 - INFO - Example 481 completed: 270 steps, loss sum: 18.0530, final loss: 0.00099752, weight distance: 1.1208 (universal rank: 39864)
2025-09-05 13:05:23,775 - INFO - 
=== Training Example 482/1500: /home/projects/bagon/shared/imagenet512/val/n02326432/ILSVRC2012_val_00000644.JPEG ===
2025-09-05 13:05:33,931 - INFO - Example /home/projects/bagon/shared/imagenet512/val/n02326432/ILSVRC2012_val_00000644.JPEG reached epsilon at step 294, loss sum: 47.1303, final loss: 0.00099836, weight distance: 3.4214
2025-09-05 13:05:33,936 - INFO - Example 482 completed: 294 steps, loss sum: 47.1303, final loss: 0.00099836, weight distance: 3.4214 (universal rank: 39868)
2025-09-05 13:05:33,937 - INFO - 
=== Training Example 483/1500: /home/projects/bagon/shared/imagenet512/val/n01531178/ILSVRC2012_val_00032359.JPEG ===
2025-09-05 13:05:46,391 - INFO - Example /home/projects/bagon/shared/imagenet512/val/n01531178/ILSVRC2012_val_00032359.JPEG reached epsilon at step 361, loss sum: 19.2541, final loss: 0.00099931, weight distance: 3.1003
2025-09-05 13:05:46,397 - INFO - Example 483 completed: 361 steps, loss sum: 19.2541, final loss: 0.00099931, weight distance: 3.1003 (universal rank: 39870)
2025-09-05 13:05:46,397 - INFO - 
=== Training Example 484/1500: /home/projects/bagon/shared/imagenet512/val/n04204238/ILSVRC2012_val_00034721.JPEG ===
2025-09-05 13:05:51,389 - INFO - Example /home/projects/bagon/shared/imagenet512/val/n04204238/ILSVRC2012_val_00034721.JPEG reached epsilon at step 142, loss sum: 12.2909, final loss: 0.00099705, weight distance: 0.9772
2025-09-05 13:05:51,394 - INFO - Example 484 completed: 142 steps, loss sum: 12.2909, final loss: 0.00099705, weight distance: 0.9772 (universal rank: 39880)
2025-09-05 13:05:51,395 - INFO - 
=== Training Example 485/1500: /home/projects/bagon/shared/imagenet512/val/n04487394/ILSVRC2012_val_00033205.JPEG ===
2025-09-05 13:05:54,647 - INFO - Example /home/projects/bagon/shared/imagenet512/val/n04487394/ILSVRC2012_val_00033205.JPEG reached epsilon at step 92, loss sum: 11.8474, final loss: 0.00099276, weight distance: 1.7651
2025-09-05 13:05:54,652 - INFO - Example 485 completed: 92 steps, loss sum: 11.8474, final loss: 0.00099276, weight distance: 1.7651 (universal rank: 39903)
2025-09-05 13:05:54,652 - INFO - 
=== Training Example 486/1500: /home/projects/bagon/shared/imagenet512/val/n01798484/ILSVRC2012_val_00045043.JPEG ===
2025-09-05 13:06:06,221 - INFO - Example /home/projects/bagon/shared/imagenet512/val/n01798484/ILSVRC2012_val_00045043.JPEG reached epsilon at step 334, loss sum: 13.1047, final loss: 0.00099788, weight distance: 5.0096
2025-09-05 13:06:06,226 - INFO - Example 486 completed: 334 steps, loss sum: 13.1047, final loss: 0.00099788, weight distance: 5.0096 (universal rank: 39904)
2025-09-05 13:06:06,227 - INFO - 
=== Training Example 487/1500: /home/projects/bagon/shared/imagenet512/val/n04258138/ILSVRC2012_val_00011271.JPEG ===
2025-09-05 13:06:10,515 - INFO - Example /home/projects/bagon/shared/imagenet512/val/n04258138/ILSVRC2012_val_00011271.JPEG reached epsilon at step 122, loss sum: 13.4555, final loss: 0.00099752, weight distance: 3.5087
2025-09-05 13:06:10,521 - INFO - Example 487 completed: 122 steps, loss sum: 13.4555, final loss: 0.00099752, weight distance: 3.5087 (universal rank: 39911)
2025-09-05 13:06:10,521 - INFO - 
=== Training Example 488/1500: /home/projects/bagon/shared/imagenet512/val/n01755581/ILSVRC2012_val_00034660.JPEG ===
2025-09-05 13:06:17,524 - INFO - Example /home/projects/bagon/shared/imagenet512/val/n01755581/ILSVRC2012_val_00034660.JPEG reached epsilon at step 202, loss sum: 24.4628, final loss: 0.00099681, weight distance: 2.1883
2025-09-05 13:06:17,529 - INFO - Example 488 completed: 202 steps, loss sum: 24.4628, final loss: 0.00099681, weight distance: 2.1883 (universal rank: 39916)
2025-09-05 13:06:17,529 - INFO - 
=== Training Example 489/1500: /home/projects/bagon/shared/imagenet512/val/n04069434/ILSVRC2012_val_00024065.JPEG ===
2025-09-05 13:06:23,231 - INFO - Example /home/projects/bagon/shared/imagenet512/val/n04069434/ILSVRC2012_val_00024065.JPEG reached epsilon at step 164, loss sum: 22.8385, final loss: 0.00099752, weight distance: 1.5025
2025-09-05 13:06:23,236 - INFO - Example 489 completed: 164 steps, loss sum: 22.8385, final loss: 0.00099752, weight distance: 1.5025 (universal rank: 39920)
2025-09-05 13:06:23,236 - INFO - 
=== Training Example 490/1500: /home/projects/bagon/shared/imagenet512/val/n04399382/ILSVRC2012_val_00047220.JPEG ===
2025-09-05 13:06:31,144 - INFO - Example /home/projects/bagon/shared/imagenet512/val/n04399382/ILSVRC2012_val_00047220.JPEG reached epsilon at step 228, loss sum: 18.3386, final loss: 0.00099728, weight distance: 3.3038
2025-09-05 13:06:31,151 - INFO - Example 490 completed: 228 steps, loss sum: 18.3386, final loss: 0.00099728, weight distance: 3.3038 (universal rank: 39922)
2025-09-05 13:06:31,151 - INFO - 
=== Training Example 491/1500: /home/projects/bagon/shared/imagenet512/val/n03888605/ILSVRC2012_val_00004275.JPEG ===
2025-09-05 13:06:41,152 - INFO - Example /home/projects/bagon/shared/imagenet512/val/n03888605/ILSVRC2012_val_00004275.JPEG reached epsilon at step 290, loss sum: 34.1175, final loss: 0.00099764, weight distance: 4.3830
2025-09-05 13:06:41,158 - INFO - Example 491 completed: 290 steps, loss sum: 34.1175, final loss: 0.00099764, weight distance: 4.3830 (universal rank: 39924)
2025-09-05 13:06:41,158 - INFO - 
=== Training Example 492/1500: /home/projects/bagon/shared/imagenet512/val/n02808440/ILSVRC2012_val_00015996.JPEG ===
2025-09-05 13:06:50,222 - INFO - Example /home/projects/bagon/shared/imagenet512/val/n02808440/ILSVRC2012_val_00015996.JPEG reached epsilon at step 262, loss sum: 17.1926, final loss: 0.00099633, weight distance: 0.8733
2025-09-05 13:06:50,227 - INFO - Example 492 completed: 262 steps, loss sum: 17.1926, final loss: 0.00099633, weight distance: 0.8733 (universal rank: 39928)
2025-09-05 13:06:50,227 - INFO - 
=== Training Example 493/1500: /home/projects/bagon/shared/imagenet512/val/n04090263/ILSVRC2012_val_00000707.JPEG ===
2025-09-05 13:06:57,703 - INFO - Example /home/projects/bagon/shared/imagenet512/val/n04090263/ILSVRC2012_val_00000707.JPEG reached epsilon at step 216, loss sum: 25.0931, final loss: 0.00099693, weight distance: 5.3396
2025-09-05 13:06:57,711 - INFO - Example 493 completed: 216 steps, loss sum: 25.0931, final loss: 0.00099693, weight distance: 5.3396 (universal rank: 39929)
2025-09-05 13:06:57,711 - INFO - 
=== Training Example 494/1500: /home/projects/bagon/shared/imagenet512/val/n02815834/ILSVRC2012_val_00023499.JPEG ===
2025-09-05 13:07:05,705 - INFO - Example /home/projects/bagon/shared/imagenet512/val/n02815834/ILSVRC2012_val_00023499.JPEG reached epsilon at step 232, loss sum: 15.2289, final loss: 0.00099955, weight distance: 2.1281
2025-09-05 13:07:05,710 - INFO - Example 494 completed: 232 steps, loss sum: 15.2289, final loss: 0.00099955, weight distance: 2.1281 (universal rank: 39942)
2025-09-05 13:07:05,711 - INFO - 
=== Training Example 495/1500: /home/projects/bagon/shared/imagenet512/val/n02085620/ILSVRC2012_val_00016757.JPEG ===
2025-09-05 13:07:13,174 - INFO - Example /home/projects/bagon/shared/imagenet512/val/n02085620/ILSVRC2012_val_00016757.JPEG reached epsilon at step 216, loss sum: 36.4515, final loss: 0.00099669, weight distance: 3.0222
2025-09-05 13:07:13,179 - INFO - Example 495 completed: 216 steps, loss sum: 36.4515, final loss: 0.00099669, weight distance: 3.0222 (universal rank: 39943)
2025-09-05 13:07:13,179 - INFO - 
=== Training Example 496/1500: /home/projects/bagon/shared/imagenet512/val/n01665541/ILSVRC2012_val_00043797.JPEG ===
2025-09-05 13:07:22,227 - INFO - Example /home/projects/bagon/shared/imagenet512/val/n01665541/ILSVRC2012_val_00043797.JPEG reached epsilon at step 261, loss sum: 22.2739, final loss: 0.00099848, weight distance: 3.5009
2025-09-05 13:07:22,232 - INFO - Example 496 completed: 261 steps, loss sum: 22.2739, final loss: 0.00099848, weight distance: 3.5009 (universal rank: 39953)
2025-09-05 13:07:22,232 - INFO - 
=== Training Example 497/1500: /home/projects/bagon/shared/imagenet512/val/n03690938/ILSVRC2012_val_00007869.JPEG ===
2025-09-05 13:07:28,347 - INFO - Example /home/projects/bagon/shared/imagenet512/val/n03690938/ILSVRC2012_val_00007869.JPEG reached epsilon at step 176, loss sum: 23.9020, final loss: 0.00099967, weight distance: 1.2378
2025-09-05 13:07:28,352 - INFO - Example 497 completed: 176 steps, loss sum: 23.9020, final loss: 0.00099967, weight distance: 1.2378 (universal rank: 39960)
2025-09-05 13:07:28,352 - INFO - 
=== Training Example 498/1500: /home/projects/bagon/shared/imagenet512/val/n03895866/ILSVRC2012_val_00032237.JPEG ===
2025-09-05 13:07:34,363 - INFO - Example /home/projects/bagon/shared/imagenet512/val/n03895866/ILSVRC2012_val_00032237.JPEG reached epsilon at step 174, loss sum: 35.0221, final loss: 0.00099931, weight distance: 4.0650
2025-09-05 13:07:34,370 - INFO - Example 498 completed: 174 steps, loss sum: 35.0221, final loss: 0.00099931, weight distance: 4.0650 (universal rank: 39968)
2025-09-05 13:07:34,370 - INFO - 
=== Training Example 499/1500: /home/projects/bagon/shared/imagenet512/val/n04265275/ILSVRC2012_val_00047742.JPEG ===
2025-09-05 13:07:48,444 - INFO - Example /home/projects/bagon/shared/imagenet512/val/n04265275/ILSVRC2012_val_00047742.JPEG reached epsilon at step 409, loss sum: 41.0114, final loss: 0.00099812, weight distance: 1.5226
2025-09-05 13:07:48,450 - INFO - Example 499 completed: 409 steps, loss sum: 41.0114, final loss: 0.00099812, weight distance: 1.5226 (universal rank: 39983)
2025-09-05 13:07:48,451 - INFO - 
=== Training Example 500/1500: /home/projects/bagon/shared/imagenet512/val/n04356056/ILSVRC2012_val_00034012.JPEG ===
2025-09-05 13:07:55,214 - INFO - Example /home/projects/bagon/shared/imagenet512/val/n04356056/ILSVRC2012_val_00034012.JPEG reached epsilon at step 195, loss sum: 16.7482, final loss: 0.00099967, weight distance: 1.9961
2025-09-05 13:07:55,219 - INFO - Example 500 completed: 195 steps, loss sum: 16.7482, final loss: 0.00099967, weight distance: 1.9961 (universal rank: 39995)
2025-09-05 13:07:55,220 - INFO - 
=== Training Example 501/1500: /home/projects/bagon/shared/imagenet512/val/n01644900/ILSVRC2012_val_00016934.JPEG ===
2025-09-05 13:08:02,496 - INFO - Example /home/projects/bagon/shared/imagenet512/val/n01644900/ILSVRC2012_val_00016934.JPEG reached epsilon at step 209, loss sum: 22.3773, final loss: 0.00099800, weight distance: 1.6505
2025-09-05 13:08:02,501 - INFO - Example 501 completed: 209 steps, loss sum: 22.3773, final loss: 0.00099800, weight distance: 1.6505 (universal rank: 39997)
2025-09-05 13:08:02,501 - INFO - 
=== Training Example 502/1500: /home/projects/bagon/shared/imagenet512/val/n03759954/ILSVRC2012_val_00033438.JPEG ===
2025-09-05 13:08:07,212 - INFO - Example /home/projects/bagon/shared/imagenet512/val/n03759954/ILSVRC2012_val_00033438.JPEG reached epsilon at step 135, loss sum: 17.7259, final loss: 0.00099645, weight distance: 3.0340
2025-09-05 13:08:07,217 - INFO - Example 502 completed: 135 steps, loss sum: 17.7259, final loss: 0.00099645, weight distance: 3.0340 (universal rank: 39998)
2025-09-05 13:08:07,217 - INFO - 
=== Training Example 503/1500: /home/projects/bagon/shared/imagenet512/val/n01729977/ILSVRC2012_val_00035576.JPEG ===
2025-09-05 13:08:40,283 - INFO - Example /home/projects/bagon/shared/imagenet512/val/n01729977/ILSVRC2012_val_00035576.JPEG reached epsilon at step 964, loss sum: 55.9895, final loss: 0.00099883, weight distance: 2.3456
2025-09-05 13:08:40,290 - INFO - Example 503 completed: 964 steps, loss sum: 55.9895, final loss: 0.00099883, weight distance: 2.3456 (universal rank: 40005)
2025-09-05 13:08:40,290 - INFO - 
=== Training Example 504/1500: /home/projects/bagon/shared/imagenet512/val/n03372029/ILSVRC2012_val_00008540.JPEG ===
2025-09-05 13:08:46,500 - INFO - Example /home/projects/bagon/shared/imagenet512/val/n03372029/ILSVRC2012_val_00008540.JPEG reached epsilon at step 179, loss sum: 13.2940, final loss: 0.00099550, weight distance: 3.3753
2025-09-05 13:08:46,505 - INFO - Example 504 completed: 179 steps, loss sum: 13.2940, final loss: 0.00099550, weight distance: 3.3753 (universal rank: 40012)
2025-09-05 13:08:46,505 - INFO - 
=== Training Example 505/1500: /home/projects/bagon/shared/imagenet512/val/n02124075/ILSVRC2012_val_00046964.JPEG ===
2025-09-05 13:08:55,341 - INFO - Example /home/projects/bagon/shared/imagenet512/val/n02124075/ILSVRC2012_val_00046964.JPEG reached epsilon at step 253, loss sum: 27.3090, final loss: 0.00099955, weight distance: 3.2670
2025-09-05 13:08:55,346 - INFO - Example 505 completed: 253 steps, loss sum: 27.3090, final loss: 0.00099955, weight distance: 3.2670 (universal rank: 40015)
2025-09-05 13:08:55,346 - INFO - 
=== Training Example 506/1500: /home/projects/bagon/shared/imagenet512/val/n02100735/ILSVRC2012_val_00048761.JPEG ===
2025-09-05 13:09:06,685 - INFO - Example /home/projects/bagon/shared/imagenet512/val/n02100735/ILSVRC2012_val_00048761.JPEG reached epsilon at step 328, loss sum: 27.7289, final loss: 0.00099752, weight distance: 2.0765
2025-09-05 13:09:06,690 - INFO - Example 506 completed: 328 steps, loss sum: 27.7289, final loss: 0.00099752, weight distance: 2.0765 (universal rank: 40018)
2025-09-05 13:09:06,691 - INFO - 
=== Training Example 507/1500: /home/projects/bagon/shared/imagenet512/val/n03658185/ILSVRC2012_val_00045471.JPEG ===
2025-09-05 13:09:14,196 - INFO - Example /home/projects/bagon/shared/imagenet512/val/n03658185/ILSVRC2012_val_00045471.JPEG reached epsilon at step 216, loss sum: 28.2465, final loss: 0.00099693, weight distance: 2.6478
2025-09-05 13:09:14,202 - INFO - Example 507 completed: 216 steps, loss sum: 28.2465, final loss: 0.00099693, weight distance: 2.6478 (universal rank: 40020)
2025-09-05 13:09:14,202 - INFO - 
=== Training Example 508/1500: /home/projects/bagon/shared/imagenet512/val/n07716906/ILSVRC2012_val_00034474.JPEG ===
2025-09-05 13:09:19,679 - INFO - Example /home/projects/bagon/shared/imagenet512/val/n07716906/ILSVRC2012_val_00034474.JPEG reached epsilon at step 158, loss sum: 15.2649, final loss: 0.00099466, weight distance: 0.9587
2025-09-05 13:09:19,685 - INFO - Example 508 completed: 158 steps, loss sum: 15.2649, final loss: 0.00099466, weight distance: 0.9587 (universal rank: 40026)
2025-09-05 13:09:19,685 - INFO - 
=== Training Example 509/1500: /home/projects/bagon/shared/imagenet512/val/n01978455/ILSVRC2012_val_00003705.JPEG ===
2025-09-05 13:09:24,990 - INFO - Example /home/projects/bagon/shared/imagenet512/val/n01978455/ILSVRC2012_val_00003705.JPEG reached epsilon at step 152, loss sum: 23.9827, final loss: 0.00099633, weight distance: 2.5003
2025-09-05 13:09:24,998 - INFO - Example 509 completed: 152 steps, loss sum: 23.9827, final loss: 0.00099633, weight distance: 2.5003 (universal rank: 40030)
2025-09-05 13:09:24,998 - INFO - 
=== Training Example 510/1500: /home/projects/bagon/shared/imagenet512/val/n02480855/ILSVRC2012_val_00005826.JPEG ===
2025-09-05 13:09:31,709 - INFO - Example /home/projects/bagon/shared/imagenet512/val/n02480855/ILSVRC2012_val_00005826.JPEG reached epsilon at step 192, loss sum: 17.8001, final loss: 0.00099681, weight distance: 2.3547
2025-09-05 13:09:31,714 - INFO - Example 510 completed: 192 steps, loss sum: 17.8001, final loss: 0.00099681, weight distance: 2.3547 (universal rank: 40036)
2025-09-05 13:09:31,715 - INFO - 
=== Training Example 511/1500: /home/projects/bagon/shared/imagenet512/val/n01773797/ILSVRC2012_val_00027158.JPEG ===
2025-09-05 13:09:53,973 - INFO - Example /home/projects/bagon/shared/imagenet512/val/n01773797/ILSVRC2012_val_00027158.JPEG reached epsilon at step 645, loss sum: 45.9798, final loss: 0.00099919, weight distance: 3.1713
2025-09-05 13:09:53,980 - INFO - Example 511 completed: 645 steps, loss sum: 45.9798, final loss: 0.00099919, weight distance: 3.1713 (universal rank: 40040)
2025-09-05 13:09:53,981 - INFO - 
=== Training Example 512/1500: /home/projects/bagon/shared/imagenet512/val/n03534580/ILSVRC2012_val_00017825.JPEG ===
2025-09-05 13:10:05,247 - INFO - Example /home/projects/bagon/shared/imagenet512/val/n03534580/ILSVRC2012_val_00017825.JPEG reached epsilon at step 325, loss sum: 21.1905, final loss: 0.00099931, weight distance: 1.9599
2025-09-05 13:10:05,252 - INFO - Example 512 completed: 325 steps, loss sum: 21.1905, final loss: 0.00099931, weight distance: 1.9599 (universal rank: 40055)
2025-09-05 13:10:05,253 - INFO - 
=== Training Example 513/1500: /home/projects/bagon/shared/imagenet512/val/n03085013/ILSVRC2012_val_00029239.JPEG ===
2025-09-05 13:10:11,884 - INFO - Example /home/projects/bagon/shared/imagenet512/val/n03085013/ILSVRC2012_val_00029239.JPEG reached epsilon at step 190, loss sum: 23.7678, final loss: 0.00099657, weight distance: 1.2176
2025-09-05 13:10:11,889 - INFO - Example 513 completed: 190 steps, loss sum: 23.7678, final loss: 0.00099657, weight distance: 1.2176 (universal rank: 40058)
2025-09-05 13:10:11,889 - INFO - 
=== Training Example 514/1500: /home/projects/bagon/shared/imagenet512/val/n02859443/ILSVRC2012_val_00012812.JPEG ===
2025-09-05 13:10:20,737 - INFO - Example /home/projects/bagon/shared/imagenet512/val/n02859443/ILSVRC2012_val_00012812.JPEG reached epsilon at step 257, loss sum: 16.4190, final loss: 0.00099740, weight distance: 3.1499
2025-09-05 13:10:20,741 - INFO - Example 514 completed: 257 steps, loss sum: 16.4190, final loss: 0.00099740, weight distance: 3.1499 (universal rank: 40060)
2025-09-05 13:10:20,742 - INFO - 
=== Training Example 515/1500: /home/projects/bagon/shared/imagenet512/val/n01704323/ILSVRC2012_val_00009035.JPEG ===
2025-09-05 13:10:36,664 - INFO - Example /home/projects/bagon/shared/imagenet512/val/n01704323/ILSVRC2012_val_00009035.JPEG reached epsilon at step 466, loss sum: 52.1144, final loss: 0.00099979, weight distance: 4.2445
2025-09-05 13:10:36,670 - INFO - Example 515 completed: 466 steps, loss sum: 52.1144, final loss: 0.00099979, weight distance: 4.2445 (universal rank: 40084)
2025-09-05 13:10:36,670 - INFO - 
=== Training Example 516/1500: /home/projects/bagon/shared/imagenet512/val/n03529860/ILSVRC2012_val_00016585.JPEG ===
2025-09-05 13:10:41,084 - INFO - Example /home/projects/bagon/shared/imagenet512/val/n03529860/ILSVRC2012_val_00016585.JPEG reached epsilon at step 127, loss sum: 20.5593, final loss: 0.00099681, weight distance: 2.9820
2025-09-05 13:10:41,089 - INFO - Example 516 completed: 127 steps, loss sum: 20.5593, final loss: 0.00099681, weight distance: 2.9820 (universal rank: 40096)
2025-09-05 13:10:41,089 - INFO - 
=== Training Example 517/1500: /home/projects/bagon/shared/imagenet512/val/n04330267/ILSVRC2012_val_00010670.JPEG ===
2025-09-05 13:10:47,405 - INFO - Example /home/projects/bagon/shared/imagenet512/val/n04330267/ILSVRC2012_val_00010670.JPEG reached epsilon at step 183, loss sum: 16.4596, final loss: 0.00099455, weight distance: 2.2520
2025-09-05 13:10:47,411 - INFO - Example 517 completed: 183 steps, loss sum: 16.4596, final loss: 0.00099455, weight distance: 2.2520 (universal rank: 40099)
2025-09-05 13:10:47,411 - INFO - 
=== Training Example 518/1500: /home/projects/bagon/shared/imagenet512/val/n02089867/ILSVRC2012_val_00010950.JPEG ===
2025-09-05 13:10:53,399 - INFO - Example /home/projects/bagon/shared/imagenet512/val/n02089867/ILSVRC2012_val_00010950.JPEG reached epsilon at step 174, loss sum: 19.9615, final loss: 0.00099609, weight distance: 2.5726
2025-09-05 13:10:53,404 - INFO - Example 518 completed: 174 steps, loss sum: 19.9615, final loss: 0.00099609, weight distance: 2.5726 (universal rank: 40106)
2025-09-05 13:10:53,405 - INFO - 
=== Training Example 519/1500: /home/projects/bagon/shared/imagenet512/val/n03075370/ILSVRC2012_val_00007910.JPEG ===
2025-09-05 13:11:01,538 - INFO - Example /home/projects/bagon/shared/imagenet512/val/n03075370/ILSVRC2012_val_00007910.JPEG reached epsilon at step 238, loss sum: 19.6205, final loss: 0.00099955, weight distance: 2.3413
2025-09-05 13:11:01,546 - INFO - Example 519 completed: 238 steps, loss sum: 19.6205, final loss: 0.00099955, weight distance: 2.3413 (universal rank: 40119)
2025-09-05 13:11:01,546 - INFO - 
=== Training Example 520/1500: /home/projects/bagon/shared/imagenet512/val/n01749939/ILSVRC2012_val_00030360.JPEG ===
2025-09-05 13:11:27,167 - INFO - Example /home/projects/bagon/shared/imagenet512/val/n01749939/ILSVRC2012_val_00030360.JPEG reached epsilon at step 760, loss sum: 60.3892, final loss: 0.00099943, weight distance: 4.8291
2025-09-05 13:11:27,173 - INFO - Example 520 completed: 760 steps, loss sum: 60.3892, final loss: 0.00099943, weight distance: 4.8291 (universal rank: 40129)
2025-09-05 13:11:27,173 - INFO - 
=== Training Example 521/1500: /home/projects/bagon/shared/imagenet512/val/n06874185/ILSVRC2012_val_00021177.JPEG ===
2025-09-05 13:11:32,980 - INFO - Example /home/projects/bagon/shared/imagenet512/val/n06874185/ILSVRC2012_val_00021177.JPEG reached epsilon at step 171, loss sum: 22.7798, final loss: 0.00099681, weight distance: 2.9881
2025-09-05 13:11:32,986 - INFO - Example 521 completed: 171 steps, loss sum: 22.7798, final loss: 0.00099681, weight distance: 2.9881 (universal rank: 40144)
2025-09-05 13:11:32,986 - INFO - 
=== Training Example 522/1500: /home/projects/bagon/shared/imagenet512/val/n03658185/ILSVRC2012_val_00049058.JPEG ===
2025-09-05 13:11:40,804 - INFO - Example /home/projects/bagon/shared/imagenet512/val/n03658185/ILSVRC2012_val_00049058.JPEG reached epsilon at step 229, loss sum: 26.7110, final loss: 0.00091606, weight distance: 2.9871
2025-09-05 13:11:40,811 - INFO - Example 522 completed: 229 steps, loss sum: 26.7110, final loss: 0.00091606, weight distance: 2.9871 (universal rank: 40161)
2025-09-05 13:11:40,811 - INFO - 
=== Training Example 523/1500: /home/projects/bagon/shared/imagenet512/val/n03532672/ILSVRC2012_val_00047501.JPEG ===
2025-09-05 13:11:45,613 - INFO - Example /home/projects/bagon/shared/imagenet512/val/n03532672/ILSVRC2012_val_00047501.JPEG reached epsilon at step 139, loss sum: 24.9413, final loss: 0.00099502, weight distance: 4.1923
2025-09-05 13:11:45,618 - INFO - Example 523 completed: 139 steps, loss sum: 24.9413, final loss: 0.00099502, weight distance: 4.1923 (universal rank: 40176)
2025-09-05 13:11:45,619 - INFO - 
=== Training Example 524/1500: /home/projects/bagon/shared/imagenet512/val/n02672831/ILSVRC2012_val_00025574.JPEG ===
2025-09-05 13:11:51,735 - INFO - Example /home/projects/bagon/shared/imagenet512/val/n02672831/ILSVRC2012_val_00025574.JPEG reached epsilon at step 178, loss sum: 20.6797, final loss: 0.00099883, weight distance: 4.7577
2025-09-05 13:11:51,740 - INFO - Example 524 completed: 178 steps, loss sum: 20.6797, final loss: 0.00099883, weight distance: 4.7577 (universal rank: 40184)
2025-09-05 13:11:51,740 - INFO - 
=== Training Example 525/1500: /home/projects/bagon/shared/imagenet512/val/n03690938/ILSVRC2012_val_00040596.JPEG ===
2025-09-05 13:11:58,624 - INFO - Example /home/projects/bagon/shared/imagenet512/val/n03690938/ILSVRC2012_val_00040596.JPEG reached epsilon at step 201, loss sum: 21.8509, final loss: 0.00099859, weight distance: 2.5252
2025-09-05 13:11:58,629 - INFO - Example 525 completed: 201 steps, loss sum: 21.8509, final loss: 0.00099859, weight distance: 2.5252 (universal rank: 40190)
2025-09-05 13:11:58,629 - INFO - 
=== Training Example 526/1500: /home/projects/bagon/shared/imagenet512/val/n04286575/ILSVRC2012_val_00033190.JPEG ===
2025-09-05 13:12:04,952 - INFO - Example /home/projects/bagon/shared/imagenet512/val/n04286575/ILSVRC2012_val_00033190.JPEG reached epsilon at step 185, loss sum: 16.2922, final loss: 0.00099657, weight distance: 4.1895
2025-09-05 13:12:04,960 - INFO - Example 526 completed: 185 steps, loss sum: 16.2922, final loss: 0.00099657, weight distance: 4.1895 (universal rank: 40196)
2025-09-05 13:12:04,961 - INFO - 
=== Training Example 527/1500: /home/projects/bagon/shared/imagenet512/val/n01773549/ILSVRC2012_val_00012895.JPEG ===
2025-09-05 13:12:09,978 - INFO - Example /home/projects/bagon/shared/imagenet512/val/n01773549/ILSVRC2012_val_00012895.JPEG reached epsilon at step 146, loss sum: 27.1734, final loss: 0.00099931, weight distance: 2.0252
2025-09-05 13:12:09,983 - INFO - Example 527 completed: 146 steps, loss sum: 27.1734, final loss: 0.00099931, weight distance: 2.0252 (universal rank: 40202)
2025-09-05 13:12:09,983 - INFO - 
=== Training Example 528/1500: /home/projects/bagon/shared/imagenet512/val/n02112137/ILSVRC2012_val_00028420.JPEG ===
2025-09-05 13:12:16,031 - INFO - Example /home/projects/bagon/shared/imagenet512/val/n02112137/ILSVRC2012_val_00028420.JPEG reached epsilon at step 177, loss sum: 18.0094, final loss: 0.00099883, weight distance: 4.1270
2025-09-05 13:12:16,037 - INFO - Example 528 completed: 177 steps, loss sum: 18.0094, final loss: 0.00099883, weight distance: 4.1270 (universal rank: 40221)
2025-09-05 13:12:16,037 - INFO - 
=== Training Example 529/1500: /home/projects/bagon/shared/imagenet512/val/n02013706/ILSVRC2012_val_00047809.JPEG ===
2025-09-05 13:12:25,417 - INFO - Example /home/projects/bagon/shared/imagenet512/val/n02013706/ILSVRC2012_val_00047809.JPEG reached epsilon at step 277, loss sum: 28.0537, final loss: 0.00099657, weight distance: 3.5747
2025-09-05 13:12:25,423 - INFO - Example 529 completed: 277 steps, loss sum: 28.0537, final loss: 0.00099657, weight distance: 3.5747 (universal rank: 40228)
2025-09-05 13:12:25,423 - INFO - 
=== Training Example 530/1500: /home/projects/bagon/shared/imagenet512/val/n04371430/ILSVRC2012_val_00020245.JPEG ===
2025-09-05 13:12:34,794 - INFO - Example /home/projects/bagon/shared/imagenet512/val/n04371430/ILSVRC2012_val_00020245.JPEG reached epsilon at step 276, loss sum: 26.1540, final loss: 0.00099943, weight distance: 2.5670
2025-09-05 13:12:34,799 - INFO - Example 530 completed: 276 steps, loss sum: 26.1540, final loss: 0.00099943, weight distance: 2.5670 (universal rank: 40235)
2025-09-05 13:12:34,799 - INFO - 
=== Training Example 531/1500: /home/projects/bagon/shared/imagenet512/val/n04311174/ILSVRC2012_val_00045460.JPEG ===
2025-09-05 13:12:37,661 - INFO - Example /home/projects/bagon/shared/imagenet512/val/n04311174/ILSVRC2012_val_00045460.JPEG reached epsilon at step 82, loss sum: 10.5385, final loss: 0.00099740, weight distance: 1.2062
2025-09-05 13:12:37,666 - INFO - Example 531 completed: 82 steps, loss sum: 10.5385, final loss: 0.00099740, weight distance: 1.2062 (universal rank: 40244)
2025-09-05 13:12:37,666 - INFO - 
=== Training Example 532/1500: /home/projects/bagon/shared/imagenet512/val/n04118538/ILSVRC2012_val_00030547.JPEG ===
2025-09-05 13:12:39,612 - INFO - Example /home/projects/bagon/shared/imagenet512/val/n04118538/ILSVRC2012_val_00030547.JPEG reached epsilon at step 55, loss sum: 30.0784, final loss: 0.00099050, weight distance: 2.2186
2025-09-05 13:12:39,617 - INFO - Example 532 completed: 55 steps, loss sum: 30.0784, final loss: 0.00099050, weight distance: 2.2186 (universal rank: 40246)
2025-09-05 13:12:39,617 - INFO - 
=== Training Example 533/1500: /home/projects/bagon/shared/imagenet512/val/n03884397/ILSVRC2012_val_00008940.JPEG ===
2025-09-05 13:12:49,050 - INFO - Example /home/projects/bagon/shared/imagenet512/val/n03884397/ILSVRC2012_val_00008940.JPEG reached epsilon at step 275, loss sum: 13.0332, final loss: 0.00099681, weight distance: 3.7065
2025-09-05 13:12:49,056 - INFO - Example 533 completed: 275 steps, loss sum: 13.0332, final loss: 0.00099681, weight distance: 3.7065 (universal rank: 40250)
2025-09-05 13:12:49,057 - INFO - 
=== Training Example 534/1500: /home/projects/bagon/shared/imagenet512/val/n07920052/ILSVRC2012_val_00025308.JPEG ===
2025-09-05 13:12:53,691 - INFO - Example /home/projects/bagon/shared/imagenet512/val/n07920052/ILSVRC2012_val_00025308.JPEG reached epsilon at step 135, loss sum: 24.2196, final loss: 0.00099514, weight distance: 0.7341
2025-09-05 13:12:53,697 - INFO - Example 534 completed: 135 steps, loss sum: 24.2196, final loss: 0.00099514, weight distance: 0.7341 (universal rank: 40253)
2025-09-05 13:12:53,698 - INFO - 
=== Training Example 535/1500: /home/projects/bagon/shared/imagenet512/val/n03532672/ILSVRC2012_val_00039940.JPEG ===
2025-09-05 13:13:00,036 - INFO - Example /home/projects/bagon/shared/imagenet512/val/n03532672/ILSVRC2012_val_00039940.JPEG reached epsilon at step 186, loss sum: 24.2086, final loss: 0.00099871, weight distance: 2.7977
2025-09-05 13:13:00,042 - INFO - Example 535 completed: 186 steps, loss sum: 24.2086, final loss: 0.00099871, weight distance: 2.7977 (universal rank: 40256)
2025-09-05 13:13:00,042 - INFO - 
=== Training Example 536/1500: /home/projects/bagon/shared/imagenet512/val/n02776631/ILSVRC2012_val_00049148.JPEG ===
2025-09-05 13:13:06,927 - INFO - Example /home/projects/bagon/shared/imagenet512/val/n02776631/ILSVRC2012_val_00049148.JPEG reached epsilon at step 203, loss sum: 18.2889, final loss: 0.00099550, weight distance: 1.9007
2025-09-05 13:13:06,935 - INFO - Example 536 completed: 203 steps, loss sum: 18.2889, final loss: 0.00099550, weight distance: 1.9007 (universal rank: 40258)
2025-09-05 13:13:06,935 - INFO - 
=== Training Example 537/1500: /home/projects/bagon/shared/imagenet512/val/n02098286/ILSVRC2012_val_00007746.JPEG ===
2025-09-05 13:13:15,953 - INFO - Example /home/projects/bagon/shared/imagenet512/val/n02098286/ILSVRC2012_val_00007746.JPEG reached epsilon at step 267, loss sum: 54.2783, final loss: 0.00099717, weight distance: 3.0670
2025-09-05 13:13:15,959 - INFO - Example 537 completed: 267 steps, loss sum: 54.2783, final loss: 0.00099717, weight distance: 3.0670 (universal rank: 40260)
2025-09-05 13:13:15,959 - INFO - 
=== Training Example 538/1500: /home/projects/bagon/shared/imagenet512/val/n02488291/ILSVRC2012_val_00003539.JPEG ===
2025-09-05 13:13:27,050 - INFO - Example /home/projects/bagon/shared/imagenet512/val/n02488291/ILSVRC2012_val_00003539.JPEG reached epsilon at step 329, loss sum: 29.8481, final loss: 0.00099752, weight distance: 5.3564
2025-09-05 13:13:27,054 - INFO - Example 538 completed: 329 steps, loss sum: 29.8481, final loss: 0.00099752, weight distance: 5.3564 (universal rank: 40263)
2025-09-05 13:13:27,055 - INFO - 
=== Training Example 539/1500: /home/projects/bagon/shared/imagenet512/val/n03710721/ILSVRC2012_val_00015356.JPEG ===
2025-09-05 13:13:35,663 - INFO - Example /home/projects/bagon/shared/imagenet512/val/n03710721/ILSVRC2012_val_00015356.JPEG reached epsilon at step 256, loss sum: 17.0144, final loss: 0.00099859, weight distance: 2.0050
2025-09-05 13:13:35,669 - INFO - Example 539 completed: 256 steps, loss sum: 17.0144, final loss: 0.00099859, weight distance: 2.0050 (universal rank: 40265)
2025-09-05 13:13:35,669 - INFO - 
=== Training Example 540/1500: /home/projects/bagon/shared/imagenet512/val/n02114855/ILSVRC2012_val_00044732.JPEG ===
2025-09-05 13:13:46,474 - INFO - Example /home/projects/bagon/shared/imagenet512/val/n02114855/ILSVRC2012_val_00044732.JPEG reached epsilon at step 319, loss sum: 25.7529, final loss: 0.00099705, weight distance: 4.0309
2025-09-05 13:13:46,480 - INFO - Example 540 completed: 319 steps, loss sum: 25.7529, final loss: 0.00099705, weight distance: 4.0309 (universal rank: 40282)
2025-09-05 13:13:46,480 - INFO - 
=== Training Example 541/1500: /home/projects/bagon/shared/imagenet512/val/n02396427/ILSVRC2012_val_00043558.JPEG ===
2025-09-05 13:13:56,684 - INFO - Example /home/projects/bagon/shared/imagenet512/val/n02396427/ILSVRC2012_val_00043558.JPEG reached epsilon at step 299, loss sum: 20.4708, final loss: 0.00099812, weight distance: 2.0645
2025-09-05 13:13:56,690 - INFO - Example 541 completed: 299 steps, loss sum: 20.4708, final loss: 0.00099812, weight distance: 2.0645 (universal rank: 40284)
2025-09-05 13:13:56,690 - INFO - 
=== Training Example 542/1500: /home/projects/bagon/shared/imagenet512/val/n02788148/ILSVRC2012_val_00005769.JPEG ===
2025-09-05 13:14:08,050 - INFO - Example /home/projects/bagon/shared/imagenet512/val/n02788148/ILSVRC2012_val_00005769.JPEG reached epsilon at step 336, loss sum: 20.6892, final loss: 0.00099907, weight distance: 2.2857
2025-09-05 13:14:08,059 - INFO - Example 542 completed: 336 steps, loss sum: 20.6892, final loss: 0.00099907, weight distance: 2.2857 (universal rank: 40285)
2025-09-05 13:14:08,059 - INFO - 
=== Training Example 543/1500: /home/projects/bagon/shared/imagenet512/val/n07753113/ILSVRC2012_val_00037431.JPEG ===
2025-09-05 13:14:20,228 - INFO - Example /home/projects/bagon/shared/imagenet512/val/n07753113/ILSVRC2012_val_00037431.JPEG reached epsilon at step 359, loss sum: 52.1838, final loss: 0.00099824, weight distance: 6.4207
2025-09-05 13:14:20,233 - INFO - Example 543 completed: 359 steps, loss sum: 52.1838, final loss: 0.00099824, weight distance: 6.4207 (universal rank: 40288)
2025-09-05 13:14:20,233 - INFO - 
=== Training Example 544/1500: /home/projects/bagon/shared/imagenet512/val/n01744401/ILSVRC2012_val_00043836.JPEG ===
2025-09-05 13:14:23,928 - INFO - Example /home/projects/bagon/shared/imagenet512/val/n01744401/ILSVRC2012_val_00043836.JPEG reached epsilon at step 108, loss sum: 36.5800, final loss: 0.00099800, weight distance: 2.7692
2025-09-05 13:14:23,934 - INFO - Example 544 completed: 108 steps, loss sum: 36.5800, final loss: 0.00099800, weight distance: 2.7692 (universal rank: 40296)
2025-09-05 13:14:23,934 - INFO - 
=== Training Example 545/1500: /home/projects/bagon/shared/imagenet512/val/n03877472/ILSVRC2012_val_00046238.JPEG ===
2025-09-05 13:14:33,031 - INFO - Example /home/projects/bagon/shared/imagenet512/val/n03877472/ILSVRC2012_val_00046238.JPEG reached epsilon at step 269, loss sum: 18.5777, final loss: 0.00099633, weight distance: 2.5296
2025-09-05 13:14:33,036 - INFO - Example 545 completed: 269 steps, loss sum: 18.5777, final loss: 0.00099633, weight distance: 2.5296 (universal rank: 40307)
2025-09-05 13:14:33,037 - INFO - 
=== Training Example 546/1500: /home/projects/bagon/shared/imagenet512/val/n02939185/ILSVRC2012_val_00028378.JPEG ===
2025-09-05 13:14:36,230 - INFO - Example /home/projects/bagon/shared/imagenet512/val/n02939185/ILSVRC2012_val_00028378.JPEG reached epsilon at step 92, loss sum: 18.2810, final loss: 0.00099562, weight distance: 2.0988
2025-09-05 13:14:36,235 - INFO - Example 546 completed: 92 steps, loss sum: 18.2810, final loss: 0.00099562, weight distance: 2.0988 (universal rank: 40324)
2025-09-05 13:14:36,236 - INFO - 
=== Training Example 547/1500: /home/projects/bagon/shared/imagenet512/val/n07684084/ILSVRC2012_val_00006466.JPEG ===
2025-09-05 13:14:47,159 - INFO - Example /home/projects/bagon/shared/imagenet512/val/n07684084/ILSVRC2012_val_00006466.JPEG reached epsilon at step 324, loss sum: 23.5060, final loss: 0.00099955, weight distance: 0.8425
2025-09-05 13:14:47,164 - INFO - Example 547 completed: 324 steps, loss sum: 23.5060, final loss: 0.00099955, weight distance: 0.8425 (universal rank: 40339)
2025-09-05 13:14:47,165 - INFO - 
=== Training Example 548/1500: /home/projects/bagon/shared/imagenet512/val/n03476991/ILSVRC2012_val_00021548.JPEG ===
2025-09-05 13:14:52,059 - INFO - Example /home/projects/bagon/shared/imagenet512/val/n03476991/ILSVRC2012_val_00021548.JPEG reached epsilon at step 143, loss sum: 24.2746, final loss: 0.00099764, weight distance: 3.1476
2025-09-05 13:14:52,064 - INFO - Example 548 completed: 143 steps, loss sum: 24.2746, final loss: 0.00099764, weight distance: 3.1476 (universal rank: 40340)
2025-09-05 13:14:52,064 - INFO - 
=== Training Example 549/1500: /home/projects/bagon/shared/imagenet512/val/n02708093/ILSVRC2012_val_00020621.JPEG ===
2025-09-05 13:15:00,767 - INFO - Example /home/projects/bagon/shared/imagenet512/val/n02708093/ILSVRC2012_val_00020621.JPEG reached epsilon at step 256, loss sum: 24.7721, final loss: 0.00099645, weight distance: 2.5577
2025-09-05 13:15:00,771 - INFO - Example 549 completed: 256 steps, loss sum: 24.7721, final loss: 0.00099645, weight distance: 2.5577 (universal rank: 40353)
2025-09-05 13:15:00,772 - INFO - 
=== Training Example 550/1500: /home/projects/bagon/shared/imagenet512/val/n02749479/ILSVRC2012_val_00019910.JPEG ===
2025-09-05 13:15:06,764 - INFO - Example /home/projects/bagon/shared/imagenet512/val/n02749479/ILSVRC2012_val_00019910.JPEG reached epsilon at step 175, loss sum: 15.8494, final loss: 0.00099883, weight distance: 1.4334
2025-09-05 13:15:06,769 - INFO - Example 550 completed: 175 steps, loss sum: 15.8494, final loss: 0.00099883, weight distance: 1.4334 (universal rank: 40366)
2025-09-05 13:15:06,769 - INFO - 
=== Training Example 551/1500: /home/projects/bagon/shared/imagenet512/val/n02123394/ILSVRC2012_val_00001101.JPEG ===
2025-09-05 13:15:18,606 - INFO - Example /home/projects/bagon/shared/imagenet512/val/n02123394/ILSVRC2012_val_00001101.JPEG reached epsilon at step 351, loss sum: 49.4236, final loss: 0.00099776, weight distance: 2.8081
2025-09-05 13:15:18,614 - INFO - Example 551 completed: 351 steps, loss sum: 49.4236, final loss: 0.00099776, weight distance: 2.8081 (universal rank: 40372)
2025-09-05 13:15:18,614 - INFO - 
=== Training Example 552/1500: /home/projects/bagon/shared/imagenet512/val/n02749479/ILSVRC2012_val_00000268.JPEG ===
2025-09-05 13:15:26,681 - INFO - Example /home/projects/bagon/shared/imagenet512/val/n02749479/ILSVRC2012_val_00000268.JPEG reached epsilon at step 239, loss sum: 27.2218, final loss: 0.00099597, weight distance: 1.9041
2025-09-05 13:15:26,686 - INFO - Example 552 completed: 239 steps, loss sum: 27.2218, final loss: 0.00099597, weight distance: 1.9041 (universal rank: 40374)
2025-09-05 13:15:26,686 - INFO - 
=== Training Example 553/1500: /home/projects/bagon/shared/imagenet512/val/n01608432/ILSVRC2012_val_00001488.JPEG ===
2025-09-05 13:15:36,650 - INFO - Example /home/projects/bagon/shared/imagenet512/val/n01608432/ILSVRC2012_val_00001488.JPEG reached epsilon at step 296, loss sum: 16.2724, final loss: 0.00099895, weight distance: 4.0253
2025-09-05 13:15:36,655 - INFO - Example 553 completed: 296 steps, loss sum: 16.2724, final loss: 0.00099895, weight distance: 4.0253 (universal rank: 40376)
2025-09-05 13:15:36,655 - INFO - 
=== Training Example 554/1500: /home/projects/bagon/shared/imagenet512/val/n03630383/ILSVRC2012_val_00015323.JPEG ===
2025-09-05 13:15:42,949 - INFO - Example /home/projects/bagon/shared/imagenet512/val/n03630383/ILSVRC2012_val_00015323.JPEG reached epsilon at step 185, loss sum: 29.3150, final loss: 0.00099848, weight distance: 3.3372
2025-09-05 13:15:42,955 - INFO - Example 554 completed: 185 steps, loss sum: 29.3150, final loss: 0.00099848, weight distance: 3.3372 (universal rank: 40377)
2025-09-05 13:15:42,955 - INFO - 
=== Training Example 555/1500: /home/projects/bagon/shared/imagenet512/val/n03602883/ILSVRC2012_val_00030988.JPEG ===
2025-09-05 13:15:49,703 - INFO - Example /home/projects/bagon/shared/imagenet512/val/n03602883/ILSVRC2012_val_00030988.JPEG reached epsilon at step 197, loss sum: 28.4766, final loss: 0.00099717, weight distance: 2.9562
2025-09-05 13:15:49,708 - INFO - Example 555 completed: 197 steps, loss sum: 28.4766, final loss: 0.00099717, weight distance: 2.9562 (universal rank: 40385)
2025-09-05 13:15:49,708 - INFO - 
=== Training Example 556/1500: /home/projects/bagon/shared/imagenet512/val/n02641379/ILSVRC2012_val_00001975.JPEG ===
2025-09-05 13:15:58,225 - INFO - Example /home/projects/bagon/shared/imagenet512/val/n02641379/ILSVRC2012_val_00001975.JPEG reached epsilon at step 250, loss sum: 22.0121, final loss: 0.00099990, weight distance: 3.9835
2025-09-05 13:15:58,230 - INFO - Example 556 completed: 250 steps, loss sum: 22.0121, final loss: 0.00099990, weight distance: 3.9835 (universal rank: 40391)
2025-09-05 13:15:58,230 - INFO - 
=== Training Example 557/1500: /home/projects/bagon/shared/imagenet512/val/n01797886/ILSVRC2012_val_00021625.JPEG ===
2025-09-05 13:16:05,883 - INFO - Example /home/projects/bagon/shared/imagenet512/val/n01797886/ILSVRC2012_val_00021625.JPEG reached epsilon at step 226, loss sum: 22.3667, final loss: 0.00099931, weight distance: 3.6407
2025-09-05 13:16:05,888 - INFO - Example 557 completed: 226 steps, loss sum: 22.3667, final loss: 0.00099931, weight distance: 3.6407 (universal rank: 40392)
2025-09-05 13:16:05,888 - INFO - 
=== Training Example 558/1500: /home/projects/bagon/shared/imagenet512/val/n02692877/ILSVRC2012_val_00013056.JPEG ===
2025-09-05 13:16:16,428 - INFO - Example /home/projects/bagon/shared/imagenet512/val/n02692877/ILSVRC2012_val_00013056.JPEG reached epsilon at step 312, loss sum: 11.0013, final loss: 0.00099859, weight distance: 1.3720
2025-09-05 13:16:16,434 - INFO - Example 558 completed: 312 steps, loss sum: 11.0013, final loss: 0.00099859, weight distance: 1.3720 (universal rank: 40393)
2025-09-05 13:16:16,434 - INFO - 
=== Training Example 559/1500: /home/projects/bagon/shared/imagenet512/val/n02951585/ILSVRC2012_val_00019599.JPEG ===
2025-09-05 13:16:25,665 - INFO - Example /home/projects/bagon/shared/imagenet512/val/n02951585/ILSVRC2012_val_00019599.JPEG reached epsilon at step 273, loss sum: 31.5193, final loss: 0.00099967, weight distance: 3.8858
2025-09-05 13:16:25,672 - INFO - Example 559 completed: 273 steps, loss sum: 31.5193, final loss: 0.00099967, weight distance: 3.8858 (universal rank: 40409)
2025-09-05 13:16:25,672 - INFO - 
=== Training Example 560/1500: /home/projects/bagon/shared/imagenet512/val/n03781244/ILSVRC2012_val_00047255.JPEG ===
2025-09-05 13:16:34,569 - INFO - Example /home/projects/bagon/shared/imagenet512/val/n03781244/ILSVRC2012_val_00047255.JPEG reached epsilon at step 265, loss sum: 35.5048, final loss: 0.00099717, weight distance: 3.4486
2025-09-05 13:16:34,576 - INFO - Example 560 completed: 265 steps, loss sum: 35.5048, final loss: 0.00099717, weight distance: 3.4486 (universal rank: 40410)
2025-09-05 13:16:34,576 - INFO - 
=== Training Example 561/1500: /home/projects/bagon/shared/imagenet512/val/n04023962/ILSVRC2012_val_00033882.JPEG ===
2025-09-05 13:16:43,617 - INFO - Example /home/projects/bagon/shared/imagenet512/val/n04023962/ILSVRC2012_val_00033882.JPEG reached epsilon at step 269, loss sum: 15.0871, final loss: 0.00099824, weight distance: 1.1976
2025-09-05 13:16:43,623 - INFO - Example 561 completed: 269 steps, loss sum: 15.0871, final loss: 0.00099824, weight distance: 1.1976 (universal rank: 40411)
2025-09-05 13:16:43,623 - INFO - 
=== Training Example 562/1500: /home/projects/bagon/shared/imagenet512/val/n03179701/ILSVRC2012_val_00049150.JPEG ===
2025-09-05 13:17:08,283 - INFO - Example /home/projects/bagon/shared/imagenet512/val/n03179701/ILSVRC2012_val_00049150.JPEG reached epsilon at step 732, loss sum: 47.4563, final loss: 0.00099824, weight distance: 3.8772
2025-09-05 13:17:08,289 - INFO - Example 562 completed: 732 steps, loss sum: 47.4563, final loss: 0.00099824, weight distance: 3.8772 (universal rank: 40420)
2025-09-05 13:17:08,289 - INFO - 
=== Training Example 563/1500: /home/projects/bagon/shared/imagenet512/val/n02123045/ILSVRC2012_val_00033420.JPEG ===
2025-09-05 13:17:18,280 - INFO - Example /home/projects/bagon/shared/imagenet512/val/n02123045/ILSVRC2012_val_00033420.JPEG reached epsilon at step 296, loss sum: 27.5444, final loss: 0.00099895, weight distance: 2.0032
2025-09-05 13:17:18,284 - INFO - Example 563 completed: 296 steps, loss sum: 27.5444, final loss: 0.00099895, weight distance: 2.0032 (universal rank: 40421)
2025-09-05 13:17:18,284 - INFO - 
=== Training Example 564/1500: /home/projects/bagon/shared/imagenet512/val/n02916936/ILSVRC2012_val_00013620.JPEG ===
2025-09-05 13:17:23,127 - INFO - Example /home/projects/bagon/shared/imagenet512/val/n02916936/ILSVRC2012_val_00013620.JPEG reached epsilon at step 142, loss sum: 21.9624, final loss: 0.00099848, weight distance: 1.9920
2025-09-05 13:17:23,132 - INFO - Example 564 completed: 142 steps, loss sum: 21.9624, final loss: 0.00099848, weight distance: 1.9920 (universal rank: 40437)
2025-09-05 13:17:23,132 - INFO - 
=== Training Example 565/1500: /home/projects/bagon/shared/imagenet512/val/n04372370/ILSVRC2012_val_00037750.JPEG ===
2025-09-05 13:17:27,833 - INFO - Example /home/projects/bagon/shared/imagenet512/val/n04372370/ILSVRC2012_val_00037750.JPEG reached epsilon at step 138, loss sum: 17.7588, final loss: 0.00099776, weight distance: 2.9586
2025-09-05 13:17:27,840 - INFO - Example 565 completed: 138 steps, loss sum: 17.7588, final loss: 0.00099776, weight distance: 2.9586 (universal rank: 40443)
2025-09-05 13:17:27,841 - INFO - 
=== Training Example 566/1500: /home/projects/bagon/shared/imagenet512/val/n04251144/ILSVRC2012_val_00035850.JPEG ===
2025-09-05 13:17:36,343 - INFO - Example /home/projects/bagon/shared/imagenet512/val/n04251144/ILSVRC2012_val_00035850.JPEG reached epsilon at step 252, loss sum: 27.1334, final loss: 0.00099681, weight distance: 2.2415
2025-09-05 13:17:36,349 - INFO - Example 566 completed: 252 steps, loss sum: 27.1334, final loss: 0.00099681, weight distance: 2.2415 (universal rank: 40445)
2025-09-05 13:17:36,349 - INFO - 
=== Training Example 567/1500: /home/projects/bagon/shared/imagenet512/val/n03026506/ILSVRC2012_val_00024373.JPEG ===
2025-09-05 13:17:44,147 - INFO - Example /home/projects/bagon/shared/imagenet512/val/n03026506/ILSVRC2012_val_00024373.JPEG reached epsilon at step 229, loss sum: 25.4919, final loss: 0.00099574, weight distance: 4.7357
2025-09-05 13:17:44,152 - INFO - Example 567 completed: 229 steps, loss sum: 25.4919, final loss: 0.00099574, weight distance: 4.7357 (universal rank: 40447)
2025-09-05 13:17:44,152 - INFO - 
=== Training Example 568/1500: /home/projects/bagon/shared/imagenet512/val/n04285008/ILSVRC2012_val_00037952.JPEG ===
2025-09-05 13:17:50,916 - INFO - Example /home/projects/bagon/shared/imagenet512/val/n04285008/ILSVRC2012_val_00037952.JPEG reached epsilon at step 198, loss sum: 21.9954, final loss: 0.00099871, weight distance: 1.4204
2025-09-05 13:17:50,921 - INFO - Example 568 completed: 198 steps, loss sum: 21.9954, final loss: 0.00099871, weight distance: 1.4204 (universal rank: 40457)
2025-09-05 13:17:50,921 - INFO - 
=== Training Example 569/1500: /home/projects/bagon/shared/imagenet512/val/n03866082/ILSVRC2012_val_00028311.JPEG ===
2025-09-05 13:17:58,401 - INFO - Example /home/projects/bagon/shared/imagenet512/val/n03866082/ILSVRC2012_val_00028311.JPEG reached epsilon at step 220, loss sum: 24.0660, final loss: 0.00099979, weight distance: 2.3854
2025-09-05 13:17:58,407 - INFO - Example 569 completed: 220 steps, loss sum: 24.0660, final loss: 0.00099979, weight distance: 2.3854 (universal rank: 40469)
2025-09-05 13:17:58,407 - INFO - 
=== Training Example 570/1500: /home/projects/bagon/shared/imagenet512/val/n02490219/ILSVRC2012_val_00024140.JPEG ===
2025-09-05 13:18:09,244 - INFO - Example /home/projects/bagon/shared/imagenet512/val/n02490219/ILSVRC2012_val_00024140.JPEG reached epsilon at step 320, loss sum: 24.4431, final loss: 0.00099895, weight distance: 3.1112
2025-09-05 13:18:09,249 - INFO - Example 570 completed: 320 steps, loss sum: 24.4431, final loss: 0.00099895, weight distance: 3.1112 (universal rank: 40470)
2025-09-05 13:18:09,249 - INFO - 
=== Training Example 571/1500: /home/projects/bagon/shared/imagenet512/val/n04238763/ILSVRC2012_val_00027531.JPEG ===
2025-09-05 13:18:21,341 - INFO - Example /home/projects/bagon/shared/imagenet512/val/n04238763/ILSVRC2012_val_00027531.JPEG reached epsilon at step 359, loss sum: 38.3152, final loss: 0.00099883, weight distance: 5.2871
2025-09-05 13:18:21,346 - INFO - Example 571 completed: 359 steps, loss sum: 38.3152, final loss: 0.00099883, weight distance: 5.2871 (universal rank: 40473)
2025-09-05 13:18:21,346 - INFO - 
=== Training Example 572/1500: /home/projects/bagon/shared/imagenet512/val/n01608432/ILSVRC2012_val_00047191.JPEG ===
2025-09-05 13:18:29,528 - INFO - Example /home/projects/bagon/shared/imagenet512/val/n01608432/ILSVRC2012_val_00047191.JPEG reached epsilon at step 243, loss sum: 14.4290, final loss: 0.00099943, weight distance: 2.2823
2025-09-05 13:18:29,536 - INFO - Example 572 completed: 243 steps, loss sum: 14.4290, final loss: 0.00099943, weight distance: 2.2823 (universal rank: 40475)
2025-09-05 13:18:29,536 - INFO - 
=== Training Example 573/1500: /home/projects/bagon/shared/imagenet512/val/n02114855/ILSVRC2012_val_00036324.JPEG ===
2025-09-05 13:18:37,996 - INFO - Example /home/projects/bagon/shared/imagenet512/val/n02114855/ILSVRC2012_val_00036324.JPEG reached epsilon at step 252, loss sum: 31.6234, final loss: 0.00099883, weight distance: 2.5354
2025-09-05 13:18:38,001 - INFO - Example 573 completed: 252 steps, loss sum: 31.6234, final loss: 0.00099883, weight distance: 2.5354 (universal rank: 40477)
2025-09-05 13:18:38,002 - INFO - 
=== Training Example 574/1500: /home/projects/bagon/shared/imagenet512/val/n03884397/ILSVRC2012_val_00045373.JPEG ===
2025-09-05 13:18:45,268 - INFO - Example /home/projects/bagon/shared/imagenet512/val/n03884397/ILSVRC2012_val_00045373.JPEG reached epsilon at step 214, loss sum: 9.3059, final loss: 0.00099979, weight distance: 0.7355
2025-09-05 13:18:45,274 - INFO - Example 574 completed: 214 steps, loss sum: 9.3059, final loss: 0.00099979, weight distance: 0.7355 (universal rank: 40483)
2025-09-05 13:18:45,274 - INFO - 
=== Training Example 575/1500: /home/projects/bagon/shared/imagenet512/val/n02794156/ILSVRC2012_val_00005441.JPEG ===
2025-09-05 13:18:55,240 - INFO - Example /home/projects/bagon/shared/imagenet512/val/n02794156/ILSVRC2012_val_00005441.JPEG reached epsilon at step 295, loss sum: 20.8878, final loss: 0.00099859, weight distance: 3.1995
2025-09-05 13:18:55,244 - INFO - Example 575 completed: 295 steps, loss sum: 20.8878, final loss: 0.00099859, weight distance: 3.1995 (universal rank: 40485)
2025-09-05 13:18:55,245 - INFO - 
=== Training Example 576/1500: /home/projects/bagon/shared/imagenet512/val/n02113624/ILSVRC2012_val_00005820.JPEG ===
2025-09-05 13:19:04,192 - INFO - Example /home/projects/bagon/shared/imagenet512/val/n02113624/ILSVRC2012_val_00005820.JPEG reached epsilon at step 263, loss sum: 27.9980, final loss: 0.00099621, weight distance: 2.6587
2025-09-05 13:19:04,197 - INFO - Example 576 completed: 263 steps, loss sum: 27.9980, final loss: 0.00099621, weight distance: 2.6587 (universal rank: 40494)
2025-09-05 13:19:04,198 - INFO - 
=== Training Example 577/1500: /home/projects/bagon/shared/imagenet512/val/n03476991/ILSVRC2012_val_00035008.JPEG ===
2025-09-05 13:19:06,187 - INFO - Example /home/projects/bagon/shared/imagenet512/val/n03476991/ILSVRC2012_val_00035008.JPEG reached epsilon at step 57, loss sum: 15.0528, final loss: 0.00098883, weight distance: 2.6803
2025-09-05 13:19:06,192 - INFO - Example 577 completed: 57 steps, loss sum: 15.0528, final loss: 0.00098883, weight distance: 2.6803 (universal rank: 40498)
2025-09-05 13:19:06,192 - INFO - 
=== Training Example 578/1500: /home/projects/bagon/shared/imagenet512/val/n02133161/ILSVRC2012_val_00016621.JPEG ===
2025-09-05 13:19:14,442 - INFO - Example /home/projects/bagon/shared/imagenet512/val/n02133161/ILSVRC2012_val_00016621.JPEG reached epsilon at step 244, loss sum: 23.3364, final loss: 0.00099550, weight distance: 0.9267
2025-09-05 13:19:14,448 - INFO - Example 578 completed: 244 steps, loss sum: 23.3364, final loss: 0.00099550, weight distance: 0.9267 (universal rank: 40502)
2025-09-05 13:19:14,448 - INFO - 
=== Training Example 579/1500: /home/projects/bagon/shared/imagenet512/val/n02110185/ILSVRC2012_val_00012604.JPEG ===
2025-09-05 13:19:26,228 - INFO - Example /home/projects/bagon/shared/imagenet512/val/n02110185/ILSVRC2012_val_00012604.JPEG reached epsilon at step 351, loss sum: 35.3688, final loss: 0.00099788, weight distance: 1.6038
2025-09-05 13:19:26,238 - INFO - Example 579 completed: 351 steps, loss sum: 35.3688, final loss: 0.00099788, weight distance: 1.6038 (universal rank: 40534)
2025-09-05 13:19:26,239 - INFO - 
=== Training Example 580/1500: /home/projects/bagon/shared/imagenet512/val/n04604644/ILSVRC2012_val_00019440.JPEG ===
2025-09-05 13:19:34,725 - INFO - Example /home/projects/bagon/shared/imagenet512/val/n04604644/ILSVRC2012_val_00019440.JPEG reached epsilon at step 252, loss sum: 26.3282, final loss: 0.00099979, weight distance: 2.0321
2025-09-05 13:19:34,732 - INFO - Example 580 completed: 252 steps, loss sum: 26.3282, final loss: 0.00099979, weight distance: 2.0321 (universal rank: 40546)
2025-09-05 13:19:34,732 - INFO - 
=== Training Example 581/1500: /home/projects/bagon/shared/imagenet512/val/n11879895/ILSVRC2012_val_00003367.JPEG ===
2025-09-05 13:19:49,821 - INFO - Example /home/projects/bagon/shared/imagenet512/val/n11879895/ILSVRC2012_val_00003367.JPEG reached epsilon at step 450, loss sum: 43.8835, final loss: 0.00099979, weight distance: 2.1681
2025-09-05 13:19:49,826 - INFO - Example 581 completed: 450 steps, loss sum: 43.8835, final loss: 0.00099979, weight distance: 2.1681 (universal rank: 40547)
2025-09-05 13:19:49,827 - INFO - 
=== Training Example 582/1500: /home/projects/bagon/shared/imagenet512/val/n02109047/ILSVRC2012_val_00024275.JPEG ===
2025-09-05 13:19:53,702 - INFO - Example /home/projects/bagon/shared/imagenet512/val/n02109047/ILSVRC2012_val_00024275.JPEG reached epsilon at step 112, loss sum: 21.4383, final loss: 0.00099776, weight distance: 5.5407
2025-09-05 13:19:53,707 - INFO - Example 582 completed: 112 steps, loss sum: 21.4383, final loss: 0.00099776, weight distance: 5.5407 (universal rank: 40550)
2025-09-05 13:19:53,707 - INFO - 
=== Training Example 583/1500: /home/projects/bagon/shared/imagenet512/val/n04263257/ILSVRC2012_val_00029821.JPEG ===
2025-09-05 13:20:05,443 - INFO - Example /home/projects/bagon/shared/imagenet512/val/n04263257/ILSVRC2012_val_00029821.JPEG reached epsilon at step 350, loss sum: 42.7481, final loss: 0.00099919, weight distance: 1.8970
2025-09-05 13:20:05,449 - INFO - Example 583 completed: 350 steps, loss sum: 42.7481, final loss: 0.00099919, weight distance: 1.8970 (universal rank: 40553)
2025-09-05 13:20:05,449 - INFO - 
=== Training Example 584/1500: /home/projects/bagon/shared/imagenet512/val/n07718747/ILSVRC2012_val_00007247.JPEG ===
2025-09-05 13:20:15,904 - INFO - Example /home/projects/bagon/shared/imagenet512/val/n07718747/ILSVRC2012_val_00007247.JPEG reached epsilon at step 313, loss sum: 22.0260, final loss: 0.00099705, weight distance: 3.7821
2025-09-05 13:20:15,910 - INFO - Example 584 completed: 313 steps, loss sum: 22.0260, final loss: 0.00099705, weight distance: 3.7821 (universal rank: 40566)
2025-09-05 13:20:15,910 - INFO - 
=== Training Example 585/1500: /home/projects/bagon/shared/imagenet512/val/n03633091/ILSVRC2012_val_00011185.JPEG ===
2025-09-05 13:20:22,686 - INFO - Example /home/projects/bagon/shared/imagenet512/val/n03633091/ILSVRC2012_val_00011185.JPEG reached epsilon at step 202, loss sum: 27.6828, final loss: 0.00099538, weight distance: 2.8761
2025-09-05 13:20:22,691 - INFO - Example 585 completed: 202 steps, loss sum: 27.6828, final loss: 0.00099538, weight distance: 2.8761 (universal rank: 40579)
2025-09-05 13:20:22,691 - INFO - 
=== Training Example 586/1500: /home/projects/bagon/shared/imagenet512/val/n02672831/ILSVRC2012_val_00046265.JPEG ===
2025-09-05 13:20:29,528 - INFO - Example /home/projects/bagon/shared/imagenet512/val/n02672831/ILSVRC2012_val_00046265.JPEG reached epsilon at step 204, loss sum: 17.6500, final loss: 0.00099550, weight distance: 2.6021
2025-09-05 13:20:29,533 - INFO - Example 586 completed: 204 steps, loss sum: 17.6500, final loss: 0.00099550, weight distance: 2.6021 (universal rank: 40591)
2025-09-05 13:20:29,533 - INFO - 
=== Training Example 587/1500: /home/projects/bagon/shared/imagenet512/val/n02640242/ILSVRC2012_val_00042544.JPEG ===
2025-09-05 13:20:44,575 - INFO - Example /home/projects/bagon/shared/imagenet512/val/n02640242/ILSVRC2012_val_00042544.JPEG reached epsilon at step 452, loss sum: 17.6214, final loss: 0.00099979, weight distance: 2.9551
2025-09-05 13:20:44,583 - INFO - Example 587 completed: 452 steps, loss sum: 17.6214, final loss: 0.00099979, weight distance: 2.9551 (universal rank: 40593)
2025-09-05 13:20:44,583 - INFO - 
=== Training Example 588/1500: /home/projects/bagon/shared/imagenet512/val/n01748264/ILSVRC2012_val_00036217.JPEG ===
2025-09-05 13:20:54,293 - INFO - Example /home/projects/bagon/shared/imagenet512/val/n01748264/ILSVRC2012_val_00036217.JPEG reached epsilon at step 291, loss sum: 33.6403, final loss: 0.00099824, weight distance: 3.1531
2025-09-05 13:20:54,298 - INFO - Example 588 completed: 291 steps, loss sum: 33.6403, final loss: 0.00099824, weight distance: 3.1531 (universal rank: 40598)
2025-09-05 13:20:54,298 - INFO - 
=== Training Example 589/1500: /home/projects/bagon/shared/imagenet512/val/n02085936/ILSVRC2012_val_00039146.JPEG ===
2025-09-05 13:21:05,990 - INFO - Example /home/projects/bagon/shared/imagenet512/val/n02085936/ILSVRC2012_val_00039146.JPEG reached epsilon at step 352, loss sum: 31.6723, final loss: 0.00099800, weight distance: 4.3246
2025-09-05 13:21:05,995 - INFO - Example 589 completed: 352 steps, loss sum: 31.6723, final loss: 0.00099800, weight distance: 4.3246 (universal rank: 40602)
2025-09-05 13:21:05,995 - INFO - 
=== Training Example 590/1500: /home/projects/bagon/shared/imagenet512/val/n01740131/ILSVRC2012_val_00004587.JPEG ===
2025-09-05 13:21:12,666 - INFO - Example /home/projects/bagon/shared/imagenet512/val/n01740131/ILSVRC2012_val_00004587.JPEG reached epsilon at step 200, loss sum: 20.9731, final loss: 0.00099907, weight distance: 1.9690
2025-09-05 13:21:12,671 - INFO - Example 590 completed: 200 steps, loss sum: 20.9731, final loss: 0.00099907, weight distance: 1.9690 (universal rank: 40614)
2025-09-05 13:21:12,671 - INFO - 
=== Training Example 591/1500: /home/projects/bagon/shared/imagenet512/val/n04265275/ILSVRC2012_val_00022558.JPEG ===
2025-09-05 13:21:16,197 - INFO - Example /home/projects/bagon/shared/imagenet512/val/n04265275/ILSVRC2012_val_00022558.JPEG reached epsilon at step 104, loss sum: 18.7972, final loss: 0.00099728, weight distance: 1.4181
2025-09-05 13:21:16,202 - INFO - Example 591 completed: 104 steps, loss sum: 18.7972, final loss: 0.00099728, weight distance: 1.4181 (universal rank: 40623)
2025-09-05 13:21:16,202 - INFO - 
=== Training Example 592/1500: /home/projects/bagon/shared/imagenet512/val/n01944390/ILSVRC2012_val_00019782.JPEG ===
2025-09-05 13:21:23,109 - INFO - Example /home/projects/bagon/shared/imagenet512/val/n01944390/ILSVRC2012_val_00019782.JPEG reached epsilon at step 207, loss sum: 23.3903, final loss: 0.00099681, weight distance: 3.1014
2025-09-05 13:21:23,114 - INFO - Example 592 completed: 207 steps, loss sum: 23.3903, final loss: 0.00099681, weight distance: 3.1014 (universal rank: 40627)
2025-09-05 13:21:23,114 - INFO - 
=== Training Example 593/1500: /home/projects/bagon/shared/imagenet512/val/n03874599/ILSVRC2012_val_00023222.JPEG ===
2025-09-05 13:21:30,877 - INFO - Example /home/projects/bagon/shared/imagenet512/val/n03874599/ILSVRC2012_val_00023222.JPEG reached epsilon at step 234, loss sum: 42.5390, final loss: 0.00099586, weight distance: 3.7155
2025-09-05 13:21:30,882 - INFO - Example 593 completed: 234 steps, loss sum: 42.5390, final loss: 0.00099586, weight distance: 3.7155 (universal rank: 40630)
2025-09-05 13:21:30,882 - INFO - 
=== Training Example 594/1500: /home/projects/bagon/shared/imagenet512/val/n04131690/ILSVRC2012_val_00041903.JPEG ===
2025-09-05 13:21:38,162 - INFO - Example /home/projects/bagon/shared/imagenet512/val/n04131690/ILSVRC2012_val_00041903.JPEG reached epsilon at step 217, loss sum: 22.9113, final loss: 0.00099693, weight distance: 0.9910
2025-09-05 13:21:38,167 - INFO - Example 594 completed: 217 steps, loss sum: 22.9113, final loss: 0.00099693, weight distance: 0.9910 (universal rank: 40634)
2025-09-05 13:21:38,167 - INFO - 
=== Training Example 595/1500: /home/projects/bagon/shared/imagenet512/val/n02105056/ILSVRC2012_val_00038674.JPEG ===
2025-09-05 13:21:46,009 - INFO - Example /home/projects/bagon/shared/imagenet512/val/n02105056/ILSVRC2012_val_00038674.JPEG reached epsilon at step 234, loss sum: 44.7984, final loss: 0.00099740, weight distance: 3.0146
2025-09-05 13:21:46,015 - INFO - Example 595 completed: 234 steps, loss sum: 44.7984, final loss: 0.00099740, weight distance: 3.0146 (universal rank: 40635)
2025-09-05 13:21:46,015 - INFO - 
=== Training Example 596/1500: /home/projects/bagon/shared/imagenet512/val/n01692333/ILSVRC2012_val_00006500.JPEG ===
2025-09-05 13:21:52,163 - INFO - Example /home/projects/bagon/shared/imagenet512/val/n01692333/ILSVRC2012_val_00006500.JPEG reached epsilon at step 181, loss sum: 29.9068, final loss: 0.00099943, weight distance: 5.6971
2025-09-05 13:21:52,168 - INFO - Example 596 completed: 181 steps, loss sum: 29.9068, final loss: 0.00099943, weight distance: 5.6971 (universal rank: 40641)
2025-09-05 13:21:52,168 - INFO - 
=== Training Example 597/1500: /home/projects/bagon/shared/imagenet512/val/n02667093/ILSVRC2012_val_00005439.JPEG ===
2025-09-05 13:21:56,706 - INFO - Example /home/projects/bagon/shared/imagenet512/val/n02667093/ILSVRC2012_val_00005439.JPEG reached epsilon at step 134, loss sum: 14.5287, final loss: 0.00099335, weight distance: 2.0797
2025-09-05 13:21:56,711 - INFO - Example 597 completed: 134 steps, loss sum: 14.5287, final loss: 0.00099335, weight distance: 2.0797 (universal rank: 40652)
2025-09-05 13:21:56,712 - INFO - 
=== Training Example 598/1500: /home/projects/bagon/shared/imagenet512/val/n03868242/ILSVRC2012_val_00039238.JPEG ===
2025-09-05 13:22:05,116 - INFO - Example /home/projects/bagon/shared/imagenet512/val/n03868242/ILSVRC2012_val_00039238.JPEG reached epsilon at step 250, loss sum: 16.8444, final loss: 0.00099812, weight distance: 2.9824
2025-09-05 13:22:05,121 - INFO - Example 598 completed: 250 steps, loss sum: 16.8444, final loss: 0.00099812, weight distance: 2.9824 (universal rank: 40688)
2025-09-05 13:22:05,121 - INFO - 
=== Training Example 599/1500: /home/projects/bagon/shared/imagenet512/val/n02087394/ILSVRC2012_val_00043252.JPEG ===
2025-09-05 13:22:10,413 - INFO - Example /home/projects/bagon/shared/imagenet512/val/n02087394/ILSVRC2012_val_00043252.JPEG reached epsilon at step 156, loss sum: 28.7440, final loss: 0.00099526, weight distance: 2.0982
2025-09-05 13:22:10,418 - INFO - Example 599 completed: 156 steps, loss sum: 28.7440, final loss: 0.00099526, weight distance: 2.0982 (universal rank: 40702)
2025-09-05 13:22:10,418 - INFO - 
=== Training Example 600/1500: /home/projects/bagon/shared/imagenet512/val/n02795169/ILSVRC2012_val_00001883.JPEG ===
2025-09-05 13:22:13,712 - INFO - Example /home/projects/bagon/shared/imagenet512/val/n02795169/ILSVRC2012_val_00001883.JPEG reached epsilon at step 97, loss sum: 8.7063, final loss: 0.00099919, weight distance: 1.5049
2025-09-05 13:22:13,718 - INFO - Example 600 completed: 97 steps, loss sum: 8.7063, final loss: 0.00099919, weight distance: 1.5049 (universal rank: 40705)
2025-09-05 13:22:13,718 - INFO - 
=== Training Example 601/1500: /home/projects/bagon/shared/imagenet512/val/n09332890/ILSVRC2012_val_00022291.JPEG ===
2025-09-05 13:22:22,270 - INFO - Example /home/projects/bagon/shared/imagenet512/val/n09332890/ILSVRC2012_val_00022291.JPEG reached epsilon at step 255, loss sum: 24.4559, final loss: 0.00099681, weight distance: 3.4047
2025-09-05 13:22:22,275 - INFO - Example 601 completed: 255 steps, loss sum: 24.4559, final loss: 0.00099681, weight distance: 3.4047 (universal rank: 40721)
2025-09-05 13:22:22,276 - INFO - 
=== Training Example 602/1500: /home/projects/bagon/shared/imagenet512/val/n03100240/ILSVRC2012_val_00020673.JPEG ===
2025-09-05 13:22:35,344 - INFO - Example /home/projects/bagon/shared/imagenet512/val/n03100240/ILSVRC2012_val_00020673.JPEG reached epsilon at step 390, loss sum: 43.9208, final loss: 0.00099836, weight distance: 2.9783
2025-09-05 13:22:35,349 - INFO - Example 602 completed: 390 steps, loss sum: 43.9208, final loss: 0.00099836, weight distance: 2.9783 (universal rank: 40726)
2025-09-05 13:22:35,349 - INFO - 
=== Training Example 603/1500: /home/projects/bagon/shared/imagenet512/val/n04487394/ILSVRC2012_val_00000146.JPEG ===
2025-09-05 13:22:43,283 - INFO - Example /home/projects/bagon/shared/imagenet512/val/n04487394/ILSVRC2012_val_00000146.JPEG reached epsilon at step 235, loss sum: 20.3318, final loss: 0.00099574, weight distance: 1.1276
2025-09-05 13:22:43,288 - INFO - Example 603 completed: 235 steps, loss sum: 20.3318, final loss: 0.00099574, weight distance: 1.1276 (universal rank: 40728)
2025-09-05 13:22:43,288 - INFO - 
=== Training Example 604/1500: /home/projects/bagon/shared/imagenet512/val/n03873416/ILSVRC2012_val_00003470.JPEG ===
2025-09-05 13:22:50,367 - INFO - Example /home/projects/bagon/shared/imagenet512/val/n03873416/ILSVRC2012_val_00003470.JPEG reached epsilon at step 208, loss sum: 17.2353, final loss: 0.00099967, weight distance: 3.3331
2025-09-05 13:22:50,373 - INFO - Example 604 completed: 208 steps, loss sum: 17.2353, final loss: 0.00099967, weight distance: 3.3331 (universal rank: 40739)
2025-09-05 13:22:50,373 - INFO - 
=== Training Example 605/1500: /home/projects/bagon/shared/imagenet512/val/n02111277/ILSVRC2012_val_00044206.JPEG ===
2025-09-05 13:22:59,571 - INFO - Example /home/projects/bagon/shared/imagenet512/val/n02111277/ILSVRC2012_val_00044206.JPEG reached epsilon at step 272, loss sum: 27.5780, final loss: 0.00099776, weight distance: 3.8785
2025-09-05 13:22:59,578 - INFO - Example 605 completed: 272 steps, loss sum: 27.5780, final loss: 0.00099776, weight distance: 3.8785 (universal rank: 40746)
2025-09-05 13:22:59,578 - INFO - 
=== Training Example 606/1500: /home/projects/bagon/shared/imagenet512/val/n07718472/ILSVRC2012_val_00038547.JPEG ===
2025-09-05 13:23:05,344 - INFO - Example /home/projects/bagon/shared/imagenet512/val/n07718472/ILSVRC2012_val_00038547.JPEG reached epsilon at step 170, loss sum: 18.4262, final loss: 0.00099907, weight distance: 1.4602
2025-09-05 13:23:05,349 - INFO - Example 606 completed: 170 steps, loss sum: 18.4262, final loss: 0.00099907, weight distance: 1.4602 (universal rank: 40754)
2025-09-05 13:23:05,349 - INFO - 
=== Training Example 607/1500: /home/projects/bagon/shared/imagenet512/val/n03443371/ILSVRC2012_val_00011666.JPEG ===
2025-09-05 13:23:13,075 - INFO - Example /home/projects/bagon/shared/imagenet512/val/n03443371/ILSVRC2012_val_00011666.JPEG reached epsilon at step 229, loss sum: 23.1088, final loss: 0.00099728, weight distance: 2.6307
2025-09-05 13:23:13,081 - INFO - Example 607 completed: 229 steps, loss sum: 23.1088, final loss: 0.00099728, weight distance: 2.6307 (universal rank: 40755)
2025-09-05 13:23:13,081 - INFO - 
=== Training Example 608/1500: /home/projects/bagon/shared/imagenet512/val/n03594734/ILSVRC2012_val_00013960.JPEG ===
2025-09-05 13:23:23,636 - INFO - Example /home/projects/bagon/shared/imagenet512/val/n03594734/ILSVRC2012_val_00013960.JPEG reached epsilon at step 315, loss sum: 23.2019, final loss: 0.00099859, weight distance: 2.0983
2025-09-05 13:23:23,641 - INFO - Example 608 completed: 315 steps, loss sum: 23.2019, final loss: 0.00099859, weight distance: 2.0983 (universal rank: 40763)
2025-09-05 13:23:23,641 - INFO - 
=== Training Example 609/1500: /home/projects/bagon/shared/imagenet512/val/n03769881/ILSVRC2012_val_00000314.JPEG ===
2025-09-05 13:23:29,650 - INFO - Example /home/projects/bagon/shared/imagenet512/val/n03769881/ILSVRC2012_val_00000314.JPEG reached epsilon at step 177, loss sum: 22.5572, final loss: 0.00099657, weight distance: 2.6751
2025-09-05 13:23:29,655 - INFO - Example 609 completed: 177 steps, loss sum: 22.5572, final loss: 0.00099657, weight distance: 2.6751 (universal rank: 40764)
2025-09-05 13:23:29,655 - INFO - 
=== Training Example 610/1500: /home/projects/bagon/shared/imagenet512/val/n04116512/ILSVRC2012_val_00042132.JPEG ===
2025-09-05 13:23:34,686 - INFO - Example /home/projects/bagon/shared/imagenet512/val/n04116512/ILSVRC2012_val_00042132.JPEG reached epsilon at step 149, loss sum: 24.8429, final loss: 0.00099443, weight distance: 3.4799
2025-09-05 13:23:34,691 - INFO - Example 610 completed: 149 steps, loss sum: 24.8429, final loss: 0.00099443, weight distance: 3.4799 (universal rank: 40770)
2025-09-05 13:23:34,692 - INFO - 
=== Training Example 611/1500: /home/projects/bagon/shared/imagenet512/val/n04476259/ILSVRC2012_val_00029985.JPEG ===
2025-09-05 13:23:38,060 - INFO - Example /home/projects/bagon/shared/imagenet512/val/n04476259/ILSVRC2012_val_00029985.JPEG reached epsilon at step 98, loss sum: 27.6347, final loss: 0.00099705, weight distance: 1.3888
2025-09-05 13:23:38,065 - INFO - Example 611 completed: 98 steps, loss sum: 27.6347, final loss: 0.00099705, weight distance: 1.3888 (universal rank: 40776)
2025-09-05 13:23:38,065 - INFO - 
=== Training Example 612/1500: /home/projects/bagon/shared/imagenet512/val/n03794056/ILSVRC2012_val_00003270.JPEG ===
2025-09-05 13:23:45,025 - INFO - Example /home/projects/bagon/shared/imagenet512/val/n03794056/ILSVRC2012_val_00003270.JPEG reached epsilon at step 207, loss sum: 27.9623, final loss: 0.00099705, weight distance: 3.3146
2025-09-05 13:23:45,031 - INFO - Example 612 completed: 207 steps, loss sum: 27.9623, final loss: 0.00099705, weight distance: 3.3146 (universal rank: 40788)
2025-09-05 13:23:45,031 - INFO - 
=== Training Example 613/1500: /home/projects/bagon/shared/imagenet512/val/n02113186/ILSVRC2012_val_00043399.JPEG ===
2025-09-05 13:23:49,588 - INFO - Example /home/projects/bagon/shared/imagenet512/val/n02113186/ILSVRC2012_val_00043399.JPEG reached epsilon at step 133, loss sum: 24.2103, final loss: 0.00099931, weight distance: 2.5223
2025-09-05 13:23:49,593 - INFO - Example 613 completed: 133 steps, loss sum: 24.2103, final loss: 0.00099931, weight distance: 2.5223 (universal rank: 40807)
2025-09-05 13:23:49,593 - INFO - 
=== Training Example 614/1500: /home/projects/bagon/shared/imagenet512/val/n04026417/ILSVRC2012_val_00034222.JPEG ===
2025-09-05 13:23:57,089 - INFO - Example /home/projects/bagon/shared/imagenet512/val/n04026417/ILSVRC2012_val_00034222.JPEG reached epsilon at step 221, loss sum: 17.4444, final loss: 0.00099728, weight distance: 2.4946
2025-09-05 13:23:57,095 - INFO - Example 614 completed: 221 steps, loss sum: 17.4444, final loss: 0.00099728, weight distance: 2.4946 (universal rank: 40808)
2025-09-05 13:23:57,095 - INFO - 
=== Training Example 615/1500: /home/projects/bagon/shared/imagenet512/val/n03782006/ILSVRC2012_val_00040801.JPEG ===
2025-09-05 13:24:08,762 - INFO - Example /home/projects/bagon/shared/imagenet512/val/n03782006/ILSVRC2012_val_00040801.JPEG reached epsilon at step 349, loss sum: 28.3328, final loss: 0.00099895, weight distance: 3.9727
2025-09-05 13:24:08,768 - INFO - Example 615 completed: 349 steps, loss sum: 28.3328, final loss: 0.00099895, weight distance: 3.9727 (universal rank: 40809)
2025-09-05 13:24:08,768 - INFO - 
=== Training Example 616/1500: /home/projects/bagon/shared/imagenet512/val/n04152593/ILSVRC2012_val_00044524.JPEG ===
2025-09-05 13:24:15,305 - INFO - Example /home/projects/bagon/shared/imagenet512/val/n04152593/ILSVRC2012_val_00044524.JPEG reached epsilon at step 194, loss sum: 21.9711, final loss: 0.00099943, weight distance: 2.1713
2025-09-05 13:24:15,309 - INFO - Example 616 completed: 194 steps, loss sum: 21.9711, final loss: 0.00099943, weight distance: 2.1713 (universal rank: 40818)
2025-09-05 13:24:15,310 - INFO - 
=== Training Example 617/1500: /home/projects/bagon/shared/imagenet512/val/n07716358/ILSVRC2012_val_00010332.JPEG ===
2025-09-05 13:24:20,133 - INFO - Example /home/projects/bagon/shared/imagenet512/val/n07716358/ILSVRC2012_val_00010332.JPEG reached epsilon at step 143, loss sum: 31.2803, final loss: 0.00099788, weight distance: 2.5448
2025-09-05 13:24:20,137 - INFO - Example 617 completed: 143 steps, loss sum: 31.2803, final loss: 0.00099788, weight distance: 2.5448 (universal rank: 40820)
2025-09-05 13:24:20,137 - INFO - 
=== Training Example 618/1500: /home/projects/bagon/shared/imagenet512/val/n02963159/ILSVRC2012_val_00008307.JPEG ===
2025-09-05 13:24:33,451 - INFO - Example /home/projects/bagon/shared/imagenet512/val/n02963159/ILSVRC2012_val_00008307.JPEG reached epsilon at step 400, loss sum: 45.4082, final loss: 0.00099883, weight distance: 2.2205
2025-09-05 13:24:33,458 - INFO - Example 618 completed: 400 steps, loss sum: 45.4082, final loss: 0.00099883, weight distance: 2.2205 (universal rank: 40822)
2025-09-05 13:24:33,458 - INFO - 
=== Training Example 619/1500: /home/projects/bagon/shared/imagenet512/val/n02916936/ILSVRC2012_val_00025721.JPEG ===
2025-09-05 13:24:42,161 - INFO - Example /home/projects/bagon/shared/imagenet512/val/n02916936/ILSVRC2012_val_00025721.JPEG reached epsilon at step 260, loss sum: 25.0824, final loss: 0.00099967, weight distance: 3.9253
2025-09-05 13:24:42,166 - INFO - Example 619 completed: 260 steps, loss sum: 25.0824, final loss: 0.00099967, weight distance: 3.9253 (universal rank: 40827)
2025-09-05 13:24:42,166 - INFO - 
=== Training Example 620/1500: /home/projects/bagon/shared/imagenet512/val/n02776631/ILSVRC2012_val_00000008.JPEG ===
2025-09-05 13:24:46,208 - INFO - Example /home/projects/bagon/shared/imagenet512/val/n02776631/ILSVRC2012_val_00000008.JPEG reached epsilon at step 118, loss sum: 19.7320, final loss: 0.00099502, weight distance: 3.8548
2025-09-05 13:24:46,212 - INFO - Example 620 completed: 118 steps, loss sum: 19.7320, final loss: 0.00099502, weight distance: 3.8548 (universal rank: 40830)
2025-09-05 13:24:46,212 - INFO - 
=== Training Example 621/1500: /home/projects/bagon/shared/imagenet512/val/n03400231/ILSVRC2012_val_00031422.JPEG ===
2025-09-05 13:24:51,285 - INFO - Example /home/projects/bagon/shared/imagenet512/val/n03400231/ILSVRC2012_val_00031422.JPEG reached epsilon at step 149, loss sum: 35.0303, final loss: 0.00099669, weight distance: 4.3668
2025-09-05 13:24:51,290 - INFO - Example 621 completed: 149 steps, loss sum: 35.0303, final loss: 0.00099669, weight distance: 4.3668 (universal rank: 40840)
2025-09-05 13:24:51,290 - INFO - 
=== Training Example 622/1500: /home/projects/bagon/shared/imagenet512/val/n01667114/ILSVRC2012_val_00016633.JPEG ===
2025-09-05 13:24:55,779 - INFO - Example /home/projects/bagon/shared/imagenet512/val/n01667114/ILSVRC2012_val_00016633.JPEG reached epsilon at step 132, loss sum: 16.7376, final loss: 0.00099895, weight distance: 2.6950
2025-09-05 13:24:55,783 - INFO - Example 622 completed: 132 steps, loss sum: 16.7376, final loss: 0.00099895, weight distance: 2.6950 (universal rank: 40852)
2025-09-05 13:24:55,784 - INFO - 
=== Training Example 623/1500: /home/projects/bagon/shared/imagenet512/val/n03617480/ILSVRC2012_val_00035822.JPEG ===
2025-09-05 13:25:01,444 - INFO - Example /home/projects/bagon/shared/imagenet512/val/n03617480/ILSVRC2012_val_00035822.JPEG reached epsilon at step 167, loss sum: 23.5943, final loss: 0.00099967, weight distance: 3.1580
2025-09-05 13:25:01,451 - INFO - Example 623 completed: 167 steps, loss sum: 23.5943, final loss: 0.00099967, weight distance: 3.1580 (universal rank: 40860)
2025-09-05 13:25:01,451 - INFO - 
=== Training Example 624/1500: /home/projects/bagon/shared/imagenet512/val/n02487347/ILSVRC2012_val_00015926.JPEG ===
2025-09-05 13:25:12,359 - INFO - Example /home/projects/bagon/shared/imagenet512/val/n02487347/ILSVRC2012_val_00015926.JPEG reached epsilon at step 324, loss sum: 32.1660, final loss: 0.00099705, weight distance: 3.8787
2025-09-05 13:25:12,364 - INFO - Example 624 completed: 324 steps, loss sum: 32.1660, final loss: 0.00099705, weight distance: 3.8787 (universal rank: 40861)
2025-09-05 13:25:12,364 - INFO - 
=== Training Example 625/1500: /home/projects/bagon/shared/imagenet512/val/n03255030/ILSVRC2012_val_00042722.JPEG ===
2025-09-05 13:25:22,164 - INFO - Example /home/projects/bagon/shared/imagenet512/val/n03255030/ILSVRC2012_val_00042722.JPEG reached epsilon at step 293, loss sum: 38.5916, final loss: 0.00099752, weight distance: 4.5690
2025-09-05 13:25:22,170 - INFO - Example 625 completed: 293 steps, loss sum: 38.5916, final loss: 0.00099752, weight distance: 4.5690 (universal rank: 40862)
2025-09-05 13:25:22,170 - INFO - 
=== Training Example 626/1500: /home/projects/bagon/shared/imagenet512/val/n02835271/ILSVRC2012_val_00026900.JPEG ===
2025-09-05 13:25:33,046 - INFO - Example /home/projects/bagon/shared/imagenet512/val/n02835271/ILSVRC2012_val_00026900.JPEG reached epsilon at step 326, loss sum: 34.0049, final loss: 0.00099800, weight distance: 3.5498
2025-09-05 13:25:33,051 - INFO - Example 626 completed: 326 steps, loss sum: 34.0049, final loss: 0.00099800, weight distance: 3.5498 (universal rank: 40864)
2025-09-05 13:25:33,051 - INFO - 
=== Training Example 627/1500: /home/projects/bagon/shared/imagenet512/val/n03630383/ILSVRC2012_val_00032567.JPEG ===
2025-09-05 13:25:35,805 - INFO - Example /home/projects/bagon/shared/imagenet512/val/n03630383/ILSVRC2012_val_00032567.JPEG reached epsilon at step 81, loss sum: 16.6562, final loss: 0.00094083, weight distance: 2.3678
2025-09-05 13:25:35,809 - INFO - Example 627 completed: 81 steps, loss sum: 16.6562, final loss: 0.00094083, weight distance: 2.3678 (universal rank: 40889)
2025-09-05 13:25:35,809 - INFO - 
=== Training Example 628/1500: /home/projects/bagon/shared/imagenet512/val/n03877845/ILSVRC2012_val_00004524.JPEG ===
2025-09-05 13:25:42,337 - INFO - Example /home/projects/bagon/shared/imagenet512/val/n03877845/ILSVRC2012_val_00004524.JPEG reached epsilon at step 195, loss sum: 27.5750, final loss: 0.00099812, weight distance: 2.4319
2025-09-05 13:25:42,342 - INFO - Example 628 completed: 195 steps, loss sum: 27.5750, final loss: 0.00099812, weight distance: 2.4319 (universal rank: 40893)
2025-09-05 13:25:42,342 - INFO - 
=== Training Example 629/1500: /home/projects/bagon/shared/imagenet512/val/n02105251/ILSVRC2012_val_00041178.JPEG ===
2025-09-05 13:25:46,426 - INFO - Example /home/projects/bagon/shared/imagenet512/val/n02105251/ILSVRC2012_val_00041178.JPEG reached epsilon at step 120, loss sum: 24.4514, final loss: 0.00099466, weight distance: 2.5517
2025-09-05 13:25:46,430 - INFO - Example 629 completed: 120 steps, loss sum: 24.4514, final loss: 0.00099466, weight distance: 2.5517 (universal rank: 40896)
2025-09-05 13:25:46,430 - INFO - 
=== Training Example 630/1500: /home/projects/bagon/shared/imagenet512/val/n02916936/ILSVRC2012_val_00040683.JPEG ===
2025-09-05 13:25:56,636 - INFO - Example /home/projects/bagon/shared/imagenet512/val/n02916936/ILSVRC2012_val_00040683.JPEG reached epsilon at step 305, loss sum: 38.9732, final loss: 0.00099800, weight distance: 3.7481
2025-09-05 13:25:56,642 - INFO - Example 630 completed: 305 steps, loss sum: 38.9732, final loss: 0.00099800, weight distance: 3.7481 (universal rank: 40907)
2025-09-05 13:25:56,642 - INFO - 
=== Training Example 631/1500: /home/projects/bagon/shared/imagenet512/val/n02095570/ILSVRC2012_val_00036793.JPEG ===
2025-09-05 13:26:10,488 - INFO - Example /home/projects/bagon/shared/imagenet512/val/n02095570/ILSVRC2012_val_00036793.JPEG reached epsilon at step 417, loss sum: 46.7186, final loss: 0.00099871, weight distance: 6.2427
2025-09-05 13:26:10,494 - INFO - Example 631 completed: 417 steps, loss sum: 46.7186, final loss: 0.00099871, weight distance: 6.2427 (universal rank: 40908)
2025-09-05 13:26:10,495 - INFO - 
=== Training Example 632/1500: /home/projects/bagon/shared/imagenet512/val/n02843684/ILSVRC2012_val_00025083.JPEG ===
2025-09-05 13:26:17,895 - INFO - Example /home/projects/bagon/shared/imagenet512/val/n02843684/ILSVRC2012_val_00025083.JPEG reached epsilon at step 222, loss sum: 24.3640, final loss: 0.00099967, weight distance: 2.6248
2025-09-05 13:26:17,901 - INFO - Example 632 completed: 222 steps, loss sum: 24.3640, final loss: 0.00099967, weight distance: 2.6248 (universal rank: 40926)
2025-09-05 13:26:17,901 - INFO - 
=== Training Example 633/1500: /home/projects/bagon/shared/imagenet512/val/n04599235/ILSVRC2012_val_00001310.JPEG ===
2025-09-05 13:26:24,756 - INFO - Example /home/projects/bagon/shared/imagenet512/val/n04599235/ILSVRC2012_val_00001310.JPEG reached epsilon at step 205, loss sum: 23.1452, final loss: 0.00099705, weight distance: 1.8220
2025-09-05 13:26:24,761 - INFO - Example 633 completed: 205 steps, loss sum: 23.1452, final loss: 0.00099705, weight distance: 1.8220 (universal rank: 40930)
2025-09-05 13:26:24,762 - INFO - 
=== Training Example 634/1500: /home/projects/bagon/shared/imagenet512/val/n04532670/ILSVRC2012_val_00016295.JPEG ===
2025-09-05 13:26:32,057 - INFO - Example /home/projects/bagon/shared/imagenet512/val/n04532670/ILSVRC2012_val_00016295.JPEG reached epsilon at step 218, loss sum: 43.1571, final loss: 0.00099800, weight distance: 3.1983
2025-09-05 13:26:32,062 - INFO - Example 634 completed: 218 steps, loss sum: 43.1571, final loss: 0.00099800, weight distance: 3.1983 (universal rank: 40940)
2025-09-05 13:26:32,063 - INFO - 
=== Training Example 635/1500: /home/projects/bagon/shared/imagenet512/val/n04355338/ILSVRC2012_val_00029017.JPEG ===
2025-09-05 13:26:39,176 - INFO - Example /home/projects/bagon/shared/imagenet512/val/n04355338/ILSVRC2012_val_00029017.JPEG reached epsilon at step 211, loss sum: 20.2002, final loss: 0.00099859, weight distance: 5.7951
2025-09-05 13:26:39,184 - INFO - Example 635 completed: 211 steps, loss sum: 20.2002, final loss: 0.00099859, weight distance: 5.7951 (universal rank: 40950)
2025-09-05 13:26:39,184 - INFO - 
=== Training Example 636/1500: /home/projects/bagon/shared/imagenet512/val/n02497673/ILSVRC2012_val_00045299.JPEG ===
2025-09-05 13:27:00,766 - INFO - Example /home/projects/bagon/shared/imagenet512/val/n02497673/ILSVRC2012_val_00045299.JPEG reached epsilon at step 648, loss sum: 56.1322, final loss: 0.00099776, weight distance: 4.6038
2025-09-05 13:27:00,771 - INFO - Example 636 completed: 648 steps, loss sum: 56.1322, final loss: 0.00099776, weight distance: 4.6038 (universal rank: 40953)
2025-09-05 13:27:00,771 - INFO - 
=== Training Example 637/1500: /home/projects/bagon/shared/imagenet512/val/n07584110/ILSVRC2012_val_00011392.JPEG ===
2025-09-05 13:27:10,317 - INFO - Example /home/projects/bagon/shared/imagenet512/val/n07584110/ILSVRC2012_val_00011392.JPEG reached epsilon at step 287, loss sum: 39.8130, final loss: 0.00099943, weight distance: 3.5615
2025-09-05 13:27:10,322 - INFO - Example 637 completed: 287 steps, loss sum: 39.8130, final loss: 0.00099943, weight distance: 3.5615 (universal rank: 40958)
2025-09-05 13:27:10,322 - INFO - 
=== Training Example 638/1500: /home/projects/bagon/shared/imagenet512/val/n07579787/ILSVRC2012_val_00013030.JPEG ===
2025-09-05 13:27:21,488 - INFO - Example /home/projects/bagon/shared/imagenet512/val/n07579787/ILSVRC2012_val_00013030.JPEG reached epsilon at step 337, loss sum: 42.7403, final loss: 0.00099907, weight distance: 2.3192
2025-09-05 13:27:21,495 - INFO - Example 638 completed: 337 steps, loss sum: 42.7403, final loss: 0.00099907, weight distance: 2.3192 (universal rank: 40959)
2025-09-05 13:27:21,495 - INFO - 
=== Training Example 639/1500: /home/projects/bagon/shared/imagenet512/val/n09332890/ILSVRC2012_val_00037421.JPEG ===
2025-09-05 13:27:27,605 - INFO - Example /home/projects/bagon/shared/imagenet512/val/n09332890/ILSVRC2012_val_00037421.JPEG reached epsilon at step 183, loss sum: 29.3404, final loss: 0.00099812, weight distance: 1.8121
2025-09-05 13:27:27,610 - INFO - Example 639 completed: 183 steps, loss sum: 29.3404, final loss: 0.00099812, weight distance: 1.8121 (universal rank: 40961)
2025-09-05 13:27:27,610 - INFO - 
=== Training Example 640/1500: /home/projects/bagon/shared/imagenet512/val/n04229816/ILSVRC2012_val_00049073.JPEG ===
2025-09-05 13:27:33,474 - INFO - Example /home/projects/bagon/shared/imagenet512/val/n04229816/ILSVRC2012_val_00049073.JPEG reached epsilon at step 176, loss sum: 25.5333, final loss: 0.00099883, weight distance: 1.7918
2025-09-05 13:27:33,478 - INFO - Example 640 completed: 176 steps, loss sum: 25.5333, final loss: 0.00099883, weight distance: 1.7918 (universal rank: 40980)
2025-09-05 13:27:33,478 - INFO - 
=== Training Example 641/1500: /home/projects/bagon/shared/imagenet512/val/n03314780/ILSVRC2012_val_00025164.JPEG ===
2025-09-05 13:27:39,005 - INFO - Example /home/projects/bagon/shared/imagenet512/val/n03314780/ILSVRC2012_val_00025164.JPEG reached epsilon at step 165, loss sum: 28.6337, final loss: 0.00099502, weight distance: 0.9717
2025-09-05 13:27:39,011 - INFO - Example 641 completed: 165 steps, loss sum: 28.6337, final loss: 0.00099502, weight distance: 0.9717 (universal rank: 40988)
2025-09-05 13:27:39,011 - INFO - 
=== Training Example 642/1500: /home/projects/bagon/shared/imagenet512/val/n02865351/ILSVRC2012_val_00008494.JPEG ===
2025-09-05 13:27:51,330 - INFO - Example /home/projects/bagon/shared/imagenet512/val/n02865351/ILSVRC2012_val_00008494.JPEG reached epsilon at step 371, loss sum: 41.5968, final loss: 0.00099883, weight distance: 1.9278
2025-09-05 13:27:51,335 - INFO - Example 642 completed: 371 steps, loss sum: 41.5968, final loss: 0.00099883, weight distance: 1.9278 (universal rank: 40993)
2025-09-05 13:27:51,336 - INFO - 
=== Training Example 643/1500: /home/projects/bagon/shared/imagenet512/val/n02096177/ILSVRC2012_val_00030394.JPEG ===
2025-09-05 13:27:59,845 - INFO - Example /home/projects/bagon/shared/imagenet512/val/n02096177/ILSVRC2012_val_00030394.JPEG reached epsilon at step 255, loss sum: 29.2827, final loss: 0.00099776, weight distance: 2.4329
2025-09-05 13:27:59,851 - INFO - Example 643 completed: 255 steps, loss sum: 29.2827, final loss: 0.00099776, weight distance: 2.4329 (universal rank: 40997)
2025-09-05 13:27:59,851 - INFO - 
=== Training Example 644/1500: /home/projects/bagon/shared/imagenet512/val/n01682714/ILSVRC2012_val_00020764.JPEG ===
2025-09-05 13:28:09,797 - INFO - Example /home/projects/bagon/shared/imagenet512/val/n01682714/ILSVRC2012_val_00020764.JPEG reached epsilon at step 299, loss sum: 44.1983, final loss: 0.00099848, weight distance: 1.7540
2025-09-05 13:28:09,802 - INFO - Example 644 completed: 299 steps, loss sum: 44.1983, final loss: 0.00099848, weight distance: 1.7540 (universal rank: 40998)
2025-09-05 13:28:09,802 - INFO - 
=== Training Example 645/1500: /home/projects/bagon/shared/imagenet512/val/n01514859/ILSVRC2012_val_00040038.JPEG ===
2025-09-05 13:28:22,058 - INFO - Example /home/projects/bagon/shared/imagenet512/val/n01514859/ILSVRC2012_val_00040038.JPEG reached epsilon at step 370, loss sum: 18.2983, final loss: 0.00099824, weight distance: 1.4974
2025-09-05 13:28:22,068 - INFO - Example 645 completed: 370 steps, loss sum: 18.2983, final loss: 0.00099824, weight distance: 1.4974 (universal rank: 41001)
2025-09-05 13:28:22,068 - INFO - 
=== Training Example 646/1500: /home/projects/bagon/shared/imagenet512/val/n07745940/ILSVRC2012_val_00040989.JPEG ===
2025-09-05 13:28:38,984 - INFO - Example /home/projects/bagon/shared/imagenet512/val/n07745940/ILSVRC2012_val_00040989.JPEG reached epsilon at step 511, loss sum: 53.0103, final loss: 0.00099931, weight distance: 3.0762
2025-09-05 13:28:38,989 - INFO - Example 646 completed: 511 steps, loss sum: 53.0103, final loss: 0.00099931, weight distance: 3.0762 (universal rank: 41007)
2025-09-05 13:28:38,989 - INFO - 
=== Training Example 647/1500: /home/projects/bagon/shared/imagenet512/val/n02814533/ILSVRC2012_val_00031828.JPEG ===
2025-09-05 13:28:47,111 - INFO - Example /home/projects/bagon/shared/imagenet512/val/n02814533/ILSVRC2012_val_00031828.JPEG reached epsilon at step 244, loss sum: 18.2769, final loss: 0.00099812, weight distance: 2.2461
2025-09-05 13:28:47,118 - INFO - Example 647 completed: 244 steps, loss sum: 18.2769, final loss: 0.00099812, weight distance: 2.2461 (universal rank: 41008)
2025-09-05 13:28:47,118 - INFO - 
=== Training Example 648/1500: /home/projects/bagon/shared/imagenet512/val/n02408429/ILSVRC2012_val_00040531.JPEG ===
2025-09-05 13:28:57,117 - INFO - Example /home/projects/bagon/shared/imagenet512/val/n02408429/ILSVRC2012_val_00040531.JPEG reached epsilon at step 298, loss sum: 20.9066, final loss: 0.00099812, weight distance: 6.9717
2025-09-05 13:28:57,124 - INFO - Example 648 completed: 298 steps, loss sum: 20.9066, final loss: 0.00099812, weight distance: 6.9717 (universal rank: 41025)
2025-09-05 13:28:57,124 - INFO - 
=== Training Example 649/1500: /home/projects/bagon/shared/imagenet512/val/n02128385/ILSVRC2012_val_00037779.JPEG ===
2025-09-05 13:29:10,662 - INFO - Example /home/projects/bagon/shared/imagenet512/val/n02128385/ILSVRC2012_val_00037779.JPEG reached epsilon at step 408, loss sum: 20.9988, final loss: 0.00099800, weight distance: 3.3031
2025-09-05 13:29:10,667 - INFO - Example 649 completed: 408 steps, loss sum: 20.9988, final loss: 0.00099800, weight distance: 3.3031 (universal rank: 41029)
2025-09-05 13:29:10,667 - INFO - 
=== Training Example 650/1500: /home/projects/bagon/shared/imagenet512/val/n04111531/ILSVRC2012_val_00020809.JPEG ===
2025-09-05 13:29:17,331 - INFO - Example /home/projects/bagon/shared/imagenet512/val/n04111531/ILSVRC2012_val_00020809.JPEG reached epsilon at step 198, loss sum: 24.6341, final loss: 0.00099752, weight distance: 2.5519
2025-09-05 13:29:17,336 - INFO - Example 650 completed: 198 steps, loss sum: 24.6341, final loss: 0.00099752, weight distance: 2.5519 (universal rank: 41034)
2025-09-05 13:29:17,336 - INFO - 
=== Training Example 651/1500: /home/projects/bagon/shared/imagenet512/val/n04208210/ILSVRC2012_val_00021349.JPEG ===
2025-09-05 13:29:27,409 - INFO - Example /home/projects/bagon/shared/imagenet512/val/n04208210/ILSVRC2012_val_00021349.JPEG reached epsilon at step 303, loss sum: 20.8211, final loss: 0.00099955, weight distance: 3.8341
2025-09-05 13:29:27,416 - INFO - Example 651 completed: 303 steps, loss sum: 20.8211, final loss: 0.00099955, weight distance: 3.8341 (universal rank: 41041)
2025-09-05 13:29:27,417 - INFO - 
=== Training Example 652/1500: /home/projects/bagon/shared/imagenet512/val/n04442312/ILSVRC2012_val_00013210.JPEG ===
2025-09-05 13:29:36,769 - INFO - Example /home/projects/bagon/shared/imagenet512/val/n04442312/ILSVRC2012_val_00013210.JPEG reached epsilon at step 281, loss sum: 26.4272, final loss: 0.00099824, weight distance: 3.5637
2025-09-05 13:29:36,775 - INFO - Example 652 completed: 281 steps, loss sum: 26.4272, final loss: 0.00099824, weight distance: 3.5637 (universal rank: 41042)
2025-09-05 13:29:36,775 - INFO - 
=== Training Example 653/1500: /home/projects/bagon/shared/imagenet512/val/n01697457/ILSVRC2012_val_00025463.JPEG ===
2025-09-05 13:29:41,467 - INFO - Example /home/projects/bagon/shared/imagenet512/val/n01697457/ILSVRC2012_val_00025463.JPEG reached epsilon at step 140, loss sum: 18.4513, final loss: 0.00099395, weight distance: 3.5279
2025-09-05 13:29:41,472 - INFO - Example 653 completed: 140 steps, loss sum: 18.4513, final loss: 0.00099395, weight distance: 3.5279 (universal rank: 41055)
2025-09-05 13:29:41,472 - INFO - 
=== Training Example 654/1500: /home/projects/bagon/shared/imagenet512/val/n03995372/ILSVRC2012_val_00013327.JPEG ===
2025-09-05 13:29:48,410 - INFO - Example /home/projects/bagon/shared/imagenet512/val/n03995372/ILSVRC2012_val_00013327.JPEG reached epsilon at step 207, loss sum: 21.3074, final loss: 0.00099538, weight distance: 1.9682
2025-09-05 13:29:48,416 - INFO - Example 654 completed: 207 steps, loss sum: 21.3074, final loss: 0.00099538, weight distance: 1.9682 (universal rank: 41061)
2025-09-05 13:29:48,416 - INFO - 
=== Training Example 655/1500: /home/projects/bagon/shared/imagenet512/val/n04026417/ILSVRC2012_val_00030668.JPEG ===
2025-09-05 13:29:57,143 - INFO - Example /home/projects/bagon/shared/imagenet512/val/n04026417/ILSVRC2012_val_00030668.JPEG reached epsilon at step 260, loss sum: 25.8250, final loss: 0.00099955, weight distance: 2.1689
2025-09-05 13:29:57,148 - INFO - Example 655 completed: 260 steps, loss sum: 25.8250, final loss: 0.00099955, weight distance: 2.1689 (universal rank: 41062)
2025-09-05 13:29:57,148 - INFO - 
=== Training Example 656/1500: /home/projects/bagon/shared/imagenet512/val/n04604644/ILSVRC2012_val_00042823.JPEG ===
2025-09-05 13:30:04,030 - INFO - Example /home/projects/bagon/shared/imagenet512/val/n04604644/ILSVRC2012_val_00042823.JPEG reached epsilon at step 205, loss sum: 17.7200, final loss: 0.00099586, weight distance: 1.9614
2025-09-05 13:30:04,036 - INFO - Example 656 completed: 205 steps, loss sum: 17.7200, final loss: 0.00099586, weight distance: 1.9614 (universal rank: 41069)
2025-09-05 13:30:04,036 - INFO - 
=== Training Example 657/1500: /home/projects/bagon/shared/imagenet512/val/n04532106/ILSVRC2012_val_00021107.JPEG ===
2025-09-05 13:30:11,425 - INFO - Example /home/projects/bagon/shared/imagenet512/val/n04532106/ILSVRC2012_val_00021107.JPEG reached epsilon at step 220, loss sum: 29.0710, final loss: 0.00099597, weight distance: 4.5799
2025-09-05 13:30:11,429 - INFO - Example 657 completed: 220 steps, loss sum: 29.0710, final loss: 0.00099597, weight distance: 4.5799 (universal rank: 41078)
2025-09-05 13:30:11,429 - INFO - 
=== Training Example 658/1500: /home/projects/bagon/shared/imagenet512/val/n02100583/ILSVRC2012_val_00035278.JPEG ===
2025-09-05 13:30:17,603 - INFO - Example /home/projects/bagon/shared/imagenet512/val/n02100583/ILSVRC2012_val_00035278.JPEG reached epsilon at step 185, loss sum: 22.7806, final loss: 0.00099669, weight distance: 4.2103
2025-09-05 13:30:17,608 - INFO - Example 658 completed: 185 steps, loss sum: 22.7806, final loss: 0.00099669, weight distance: 4.2103 (universal rank: 41092)
2025-09-05 13:30:17,608 - INFO - 
=== Training Example 659/1500: /home/projects/bagon/shared/imagenet512/val/n03991062/ILSVRC2012_val_00046887.JPEG ===
2025-09-05 13:30:24,339 - INFO - Example /home/projects/bagon/shared/imagenet512/val/n03991062/ILSVRC2012_val_00046887.JPEG reached epsilon at step 202, loss sum: 32.7606, final loss: 0.00099883, weight distance: 5.7144
2025-09-05 13:30:24,345 - INFO - Example 659 completed: 202 steps, loss sum: 32.7606, final loss: 0.00099883, weight distance: 5.7144 (universal rank: 41110)
2025-09-05 13:30:24,345 - INFO - 
=== Training Example 660/1500: /home/projects/bagon/shared/imagenet512/val/n02229544/ILSVRC2012_val_00021602.JPEG ===
2025-09-05 13:30:35,562 - INFO - Example /home/projects/bagon/shared/imagenet512/val/n02229544/ILSVRC2012_val_00021602.JPEG reached epsilon at step 337, loss sum: 24.7819, final loss: 0.00099943, weight distance: 5.2096
2025-09-05 13:30:35,569 - INFO - Example 660 completed: 337 steps, loss sum: 24.7819, final loss: 0.00099943, weight distance: 5.2096 (universal rank: 41127)
2025-09-05 13:30:35,570 - INFO - 
=== Training Example 661/1500: /home/projects/bagon/shared/imagenet512/val/n03787032/ILSVRC2012_val_00046116.JPEG ===
2025-09-05 13:30:43,263 - INFO - Example /home/projects/bagon/shared/imagenet512/val/n03787032/ILSVRC2012_val_00046116.JPEG reached epsilon at step 229, loss sum: 21.3226, final loss: 0.00099621, weight distance: 2.5034
2025-09-05 13:30:43,268 - INFO - Example 661 completed: 229 steps, loss sum: 21.3226, final loss: 0.00099621, weight distance: 2.5034 (universal rank: 41135)
2025-09-05 13:30:43,268 - INFO - 
=== Training Example 662/1500: /home/projects/bagon/shared/imagenet512/val/n02788148/ILSVRC2012_val_00038971.JPEG ===
2025-09-05 13:30:53,005 - INFO - Example /home/projects/bagon/shared/imagenet512/val/n02788148/ILSVRC2012_val_00038971.JPEG reached epsilon at step 289, loss sum: 23.1452, final loss: 0.00099848, weight distance: 3.3920
2025-09-05 13:30:53,010 - INFO - Example 662 completed: 289 steps, loss sum: 23.1452, final loss: 0.00099848, weight distance: 3.3920 (universal rank: 41140)
2025-09-05 13:30:53,011 - INFO - 
=== Training Example 663/1500: /home/projects/bagon/shared/imagenet512/val/n02085620/ILSVRC2012_val_00022609.JPEG ===
2025-09-05 13:31:11,899 - INFO - Example /home/projects/bagon/shared/imagenet512/val/n02085620/ILSVRC2012_val_00022609.JPEG reached epsilon at step 566, loss sum: 47.7012, final loss: 0.00099979, weight distance: 2.2493
2025-09-05 13:31:11,905 - INFO - Example 663 completed: 566 steps, loss sum: 47.7012, final loss: 0.00099979, weight distance: 2.2493 (universal rank: 41142)
2025-09-05 13:31:11,905 - INFO - 
=== Training Example 664/1500: /home/projects/bagon/shared/imagenet512/val/n02988304/ILSVRC2012_val_00007901.JPEG ===
2025-09-05 13:31:19,296 - INFO - Example /home/projects/bagon/shared/imagenet512/val/n02988304/ILSVRC2012_val_00007901.JPEG reached epsilon at step 220, loss sum: 34.0254, final loss: 0.00099990, weight distance: 2.0153
2025-09-05 13:31:19,301 - INFO - Example 664 completed: 220 steps, loss sum: 34.0254, final loss: 0.00099990, weight distance: 2.0153 (universal rank: 41144)
2025-09-05 13:31:19,302 - INFO - 
=== Training Example 665/1500: /home/projects/bagon/shared/imagenet512/val/n03942813/ILSVRC2012_val_00009929.JPEG ===
2025-09-05 13:31:25,529 - INFO - Example /home/projects/bagon/shared/imagenet512/val/n03942813/ILSVRC2012_val_00009929.JPEG reached epsilon at step 185, loss sum: 18.9915, final loss: 0.00099478, weight distance: 3.1754
2025-09-05 13:31:25,535 - INFO - Example 665 completed: 185 steps, loss sum: 18.9915, final loss: 0.00099478, weight distance: 3.1754 (universal rank: 41162)
2025-09-05 13:31:25,535 - INFO - 
=== Training Example 666/1500: /home/projects/bagon/shared/imagenet512/val/n04111531/ILSVRC2012_val_00039789.JPEG ===
2025-09-05 13:31:29,497 - INFO - Example /home/projects/bagon/shared/imagenet512/val/n04111531/ILSVRC2012_val_00039789.JPEG reached epsilon at step 116, loss sum: 28.4290, final loss: 0.00099359, weight distance: 0.9838
2025-09-05 13:31:29,504 - INFO - Example 666 completed: 116 steps, loss sum: 28.4290, final loss: 0.00099359, weight distance: 0.9838 (universal rank: 41166)
2025-09-05 13:31:29,504 - INFO - 
=== Training Example 667/1500: /home/projects/bagon/shared/imagenet512/val/n03788195/ILSVRC2012_val_00035910.JPEG ===
2025-09-05 13:31:39,610 - INFO - Example /home/projects/bagon/shared/imagenet512/val/n03788195/ILSVRC2012_val_00035910.JPEG reached epsilon at step 303, loss sum: 18.9775, final loss: 0.00099883, weight distance: 2.2699
2025-09-05 13:31:39,617 - INFO - Example 667 completed: 303 steps, loss sum: 18.9775, final loss: 0.00099883, weight distance: 2.2699 (universal rank: 41173)
2025-09-05 13:31:39,617 - INFO - 
=== Training Example 668/1500: /home/projects/bagon/shared/imagenet512/val/n03250847/ILSVRC2012_val_00001295.JPEG ===
2025-09-05 13:31:46,964 - INFO - Example /home/projects/bagon/shared/imagenet512/val/n03250847/ILSVRC2012_val_00001295.JPEG reached epsilon at step 219, loss sum: 38.0583, final loss: 0.00099728, weight distance: 4.0960
2025-09-05 13:31:46,970 - INFO - Example 668 completed: 219 steps, loss sum: 38.0583, final loss: 0.00099728, weight distance: 4.0960 (universal rank: 41176)
2025-09-05 13:31:46,970 - INFO - 
=== Training Example 669/1500: /home/projects/bagon/shared/imagenet512/val/n07871810/ILSVRC2012_val_00014188.JPEG ===
2025-09-05 13:31:58,395 - INFO - Example /home/projects/bagon/shared/imagenet512/val/n07871810/ILSVRC2012_val_00014188.JPEG reached epsilon at step 341, loss sum: 54.2011, final loss: 0.00099800, weight distance: 3.7672
2025-09-05 13:31:58,400 - INFO - Example 669 completed: 341 steps, loss sum: 54.2011, final loss: 0.00099800, weight distance: 3.7672 (universal rank: 41177)
2025-09-05 13:31:58,400 - INFO - 
=== Training Example 670/1500: /home/projects/bagon/shared/imagenet512/val/n01685808/ILSVRC2012_val_00007084.JPEG ===
2025-09-05 13:32:03,615 - INFO - Example /home/projects/bagon/shared/imagenet512/val/n01685808/ILSVRC2012_val_00007084.JPEG reached epsilon at step 155, loss sum: 35.1134, final loss: 0.00099967, weight distance: 2.1470
2025-09-05 13:32:03,621 - INFO - Example 670 completed: 155 steps, loss sum: 35.1134, final loss: 0.00099967, weight distance: 2.1470 (universal rank: 41187)
2025-09-05 13:32:03,621 - INFO - 
=== Training Example 671/1500: /home/projects/bagon/shared/imagenet512/val/n01943899/ILSVRC2012_val_00007422.JPEG ===
2025-09-05 13:32:11,838 - INFO - Example /home/projects/bagon/shared/imagenet512/val/n01943899/ILSVRC2012_val_00007422.JPEG reached epsilon at step 245, loss sum: 17.3651, final loss: 0.00099657, weight distance: 1.0499
2025-09-05 13:32:11,843 - INFO - Example 671 completed: 245 steps, loss sum: 17.3651, final loss: 0.00099657, weight distance: 1.0499 (universal rank: 41191)
2025-09-05 13:32:11,843 - INFO - 
=== Training Example 672/1500: /home/projects/bagon/shared/imagenet512/val/n04328186/ILSVRC2012_val_00038729.JPEG ===
2025-09-05 13:32:15,199 - INFO - Example /home/projects/bagon/shared/imagenet512/val/n04328186/ILSVRC2012_val_00038729.JPEG reached epsilon at step 98, loss sum: 20.3595, final loss: 0.00099657, weight distance: 2.7351
2025-09-05 13:32:15,205 - INFO - Example 672 completed: 98 steps, loss sum: 20.3595, final loss: 0.00099657, weight distance: 2.7351 (universal rank: 41201)
2025-09-05 13:32:15,205 - INFO - 
=== Training Example 673/1500: /home/projects/bagon/shared/imagenet512/val/n02089973/ILSVRC2012_val_00036728.JPEG ===
2025-09-05 13:32:22,618 - INFO - Example /home/projects/bagon/shared/imagenet512/val/n02089973/ILSVRC2012_val_00036728.JPEG reached epsilon at step 219, loss sum: 23.5032, final loss: 0.00099895, weight distance: 1.4378
2025-09-05 13:32:22,623 - INFO - Example 673 completed: 219 steps, loss sum: 23.5032, final loss: 0.00099895, weight distance: 1.4378 (universal rank: 41208)
2025-09-05 13:32:22,623 - INFO - 
=== Training Example 674/1500: /home/projects/bagon/shared/imagenet512/val/n01729977/ILSVRC2012_val_00021617.JPEG ===
2025-09-05 13:32:33,622 - INFO - Example /home/projects/bagon/shared/imagenet512/val/n01729977/ILSVRC2012_val_00021617.JPEG reached epsilon at step 326, loss sum: 24.7197, final loss: 0.00099931, weight distance: 2.3497
2025-09-05 13:32:33,627 - INFO - Example 674 completed: 326 steps, loss sum: 24.7197, final loss: 0.00099931, weight distance: 2.3497 (universal rank: 41210)
2025-09-05 13:32:33,627 - INFO - 
=== Training Example 675/1500: /home/projects/bagon/shared/imagenet512/val/n03803284/ILSVRC2012_val_00012683.JPEG ===
2025-09-05 13:32:42,450 - INFO - Example /home/projects/bagon/shared/imagenet512/val/n03803284/ILSVRC2012_val_00012683.JPEG reached epsilon at step 264, loss sum: 5.7317, final loss: 0.00099967, weight distance: 2.2334
2025-09-05 13:32:42,458 - INFO - Example 675 completed: 264 steps, loss sum: 5.7317, final loss: 0.00099967, weight distance: 2.2334 (universal rank: 41215)
2025-09-05 13:32:42,459 - INFO - 
=== Training Example 676/1500: /home/projects/bagon/shared/imagenet512/val/n03400231/ILSVRC2012_val_00044810.JPEG ===
2025-09-05 13:32:47,601 - INFO - Example /home/projects/bagon/shared/imagenet512/val/n03400231/ILSVRC2012_val_00044810.JPEG reached epsilon at step 152, loss sum: 16.9051, final loss: 0.00099621, weight distance: 2.2926
2025-09-05 13:32:47,607 - INFO - Example 676 completed: 152 steps, loss sum: 16.9051, final loss: 0.00099621, weight distance: 2.2926 (universal rank: 41227)
2025-09-05 13:32:47,607 - INFO - 
=== Training Example 677/1500: /home/projects/bagon/shared/imagenet512/val/n04238763/ILSVRC2012_val_00029103.JPEG ===
2025-09-05 13:33:10,836 - INFO - Example /home/projects/bagon/shared/imagenet512/val/n04238763/ILSVRC2012_val_00029103.JPEG reached epsilon at step 700, loss sum: 51.4735, final loss: 0.00099871, weight distance: 4.5758
2025-09-05 13:33:10,842 - INFO - Example 677 completed: 700 steps, loss sum: 51.4735, final loss: 0.00099871, weight distance: 4.5758 (universal rank: 41230)
2025-09-05 13:33:10,842 - INFO - 
=== Training Example 678/1500: /home/projects/bagon/shared/imagenet512/val/n02114855/ILSVRC2012_val_00036450.JPEG ===
2025-09-05 13:33:34,219 - INFO - Example /home/projects/bagon/shared/imagenet512/val/n02114855/ILSVRC2012_val_00036450.JPEG reached epsilon at step 705, loss sum: 42.7465, final loss: 0.00099907, weight distance: 1.9914
2025-09-05 13:33:34,225 - INFO - Example 678 completed: 705 steps, loss sum: 42.7465, final loss: 0.00099907, weight distance: 1.9914 (universal rank: 41232)
2025-09-05 13:33:34,225 - INFO - 
=== Training Example 679/1500: /home/projects/bagon/shared/imagenet512/val/n02795169/ILSVRC2012_val_00041781.JPEG ===
2025-09-05 13:33:39,660 - INFO - Example /home/projects/bagon/shared/imagenet512/val/n02795169/ILSVRC2012_val_00041781.JPEG reached epsilon at step 161, loss sum: 12.9999, final loss: 0.00099883, weight distance: 3.4910
2025-09-05 13:33:39,666 - INFO - Example 679 completed: 161 steps, loss sum: 12.9999, final loss: 0.00099883, weight distance: 3.4910 (universal rank: 41245)
2025-09-05 13:33:39,666 - INFO - 
=== Training Example 680/1500: /home/projects/bagon/shared/imagenet512/val/n02087046/ILSVRC2012_val_00013133.JPEG ===
2025-09-05 13:33:47,673 - INFO - Example /home/projects/bagon/shared/imagenet512/val/n02087046/ILSVRC2012_val_00013133.JPEG reached epsilon at step 238, loss sum: 23.7365, final loss: 0.00099633, weight distance: 2.9047
2025-09-05 13:33:47,680 - INFO - Example 680 completed: 238 steps, loss sum: 23.7365, final loss: 0.00099633, weight distance: 2.9047 (universal rank: 41248)
2025-09-05 13:33:47,680 - INFO - 
=== Training Example 681/1500: /home/projects/bagon/shared/imagenet512/val/n02927161/ILSVRC2012_val_00000071.JPEG ===
2025-09-05 13:33:57,638 - INFO - Example /home/projects/bagon/shared/imagenet512/val/n02927161/ILSVRC2012_val_00000071.JPEG reached epsilon at step 296, loss sum: 27.0193, final loss: 0.00099800, weight distance: 2.9156
2025-09-05 13:33:57,644 - INFO - Example 681 completed: 296 steps, loss sum: 27.0193, final loss: 0.00099800, weight distance: 2.9156 (universal rank: 41251)
2025-09-05 13:33:57,644 - INFO - 
=== Training Example 682/1500: /home/projects/bagon/shared/imagenet512/val/n03594734/ILSVRC2012_val_00023880.JPEG ===
2025-09-05 13:34:07,070 - INFO - Example /home/projects/bagon/shared/imagenet512/val/n03594734/ILSVRC2012_val_00023880.JPEG reached epsilon at step 282, loss sum: 23.4562, final loss: 0.00099752, weight distance: 2.0418
2025-09-05 13:34:07,076 - INFO - Example 682 completed: 282 steps, loss sum: 23.4562, final loss: 0.00099752, weight distance: 2.0418 (universal rank: 41253)
2025-09-05 13:34:07,076 - INFO - 
=== Training Example 683/1500: /home/projects/bagon/shared/imagenet512/val/n04332243/ILSVRC2012_val_00001470.JPEG ===
2025-09-05 13:34:15,181 - INFO - Example /home/projects/bagon/shared/imagenet512/val/n04332243/ILSVRC2012_val_00001470.JPEG reached epsilon at step 241, loss sum: 20.2583, final loss: 0.00099776, weight distance: 4.1335
2025-09-05 13:34:15,186 - INFO - Example 683 completed: 241 steps, loss sum: 20.2583, final loss: 0.00099776, weight distance: 4.1335 (universal rank: 41257)
2025-09-05 13:34:15,187 - INFO - 
=== Training Example 684/1500: /home/projects/bagon/shared/imagenet512/val/n04041544/ILSVRC2012_val_00035362.JPEG ===
2025-09-05 13:34:20,287 - INFO - Example /home/projects/bagon/shared/imagenet512/val/n04041544/ILSVRC2012_val_00035362.JPEG reached epsilon at step 151, loss sum: 19.0264, final loss: 0.00099383, weight distance: 2.0497
2025-09-05 13:34:20,294 - INFO - Example 684 completed: 151 steps, loss sum: 19.0264, final loss: 0.00099383, weight distance: 2.0497 (universal rank: 41258)
2025-09-05 13:34:20,294 - INFO - 
=== Training Example 685/1500: /home/projects/bagon/shared/imagenet512/val/n04070727/ILSVRC2012_val_00022009.JPEG ===
2025-09-05 13:34:31,088 - INFO - Example /home/projects/bagon/shared/imagenet512/val/n04070727/ILSVRC2012_val_00022009.JPEG reached epsilon at step 323, loss sum: 24.1481, final loss: 0.00099359, weight distance: 1.9716
2025-09-05 13:34:31,095 - INFO - Example 685 completed: 323 steps, loss sum: 24.1481, final loss: 0.00099359, weight distance: 1.9716 (universal rank: 41260)
2025-09-05 13:34:31,095 - INFO - 
=== Training Example 686/1500: /home/projects/bagon/shared/imagenet512/val/n04328186/ILSVRC2012_val_00045012.JPEG ===
2025-09-05 13:34:34,610 - INFO - Example /home/projects/bagon/shared/imagenet512/val/n04328186/ILSVRC2012_val_00045012.JPEG reached epsilon at step 103, loss sum: 25.0903, final loss: 0.00098895, weight distance: 3.4569
2025-09-05 13:34:34,615 - INFO - Example 686 completed: 103 steps, loss sum: 25.0903, final loss: 0.00098895, weight distance: 3.4569 (universal rank: 41270)
2025-09-05 13:34:34,615 - INFO - 
=== Training Example 687/1500: /home/projects/bagon/shared/imagenet512/val/n03337140/ILSVRC2012_val_00032599.JPEG ===
2025-09-05 13:34:42,800 - INFO - Example /home/projects/bagon/shared/imagenet512/val/n03337140/ILSVRC2012_val_00032599.JPEG reached epsilon at step 244, loss sum: 26.7354, final loss: 0.00099609, weight distance: 2.8965
2025-09-05 13:34:42,805 - INFO - Example 687 completed: 244 steps, loss sum: 26.7354, final loss: 0.00099609, weight distance: 2.8965 (universal rank: 41272)
2025-09-05 13:34:42,805 - INFO - 
=== Training Example 688/1500: /home/projects/bagon/shared/imagenet512/val/n04336792/ILSVRC2012_val_00009356.JPEG ===
2025-09-05 13:34:47,388 - INFO - Example /home/projects/bagon/shared/imagenet512/val/n04336792/ILSVRC2012_val_00009356.JPEG reached epsilon at step 134, loss sum: 45.1723, final loss: 0.00099455, weight distance: 2.7343
2025-09-05 13:34:47,393 - INFO - Example 688 completed: 134 steps, loss sum: 45.1723, final loss: 0.00099455, weight distance: 2.7343 (universal rank: 41274)
2025-09-05 13:34:47,393 - INFO - 
=== Training Example 689/1500: /home/projects/bagon/shared/imagenet512/val/n03445777/ILSVRC2012_val_00038005.JPEG ===
2025-09-05 13:35:00,795 - INFO - Example /home/projects/bagon/shared/imagenet512/val/n03445777/ILSVRC2012_val_00038005.JPEG reached epsilon at step 401, loss sum: 17.1074, final loss: 0.00099740, weight distance: 3.1694
2025-09-05 13:35:00,802 - INFO - Example 689 completed: 401 steps, loss sum: 17.1074, final loss: 0.00099740, weight distance: 3.1694 (universal rank: 41287)
2025-09-05 13:35:00,802 - INFO - 
=== Training Example 690/1500: /home/projects/bagon/shared/imagenet512/val/n03376595/ILSVRC2012_val_00008646.JPEG ===
2025-09-05 13:35:12,347 - INFO - Example /home/projects/bagon/shared/imagenet512/val/n03376595/ILSVRC2012_val_00008646.JPEG reached epsilon at step 344, loss sum: 24.6906, final loss: 0.00099848, weight distance: 2.8983
2025-09-05 13:35:12,352 - INFO - Example 690 completed: 344 steps, loss sum: 24.6906, final loss: 0.00099848, weight distance: 2.8983 (universal rank: 41290)
2025-09-05 13:35:12,352 - INFO - 
=== Training Example 691/1500: /home/projects/bagon/shared/imagenet512/val/n02655020/ILSVRC2012_val_00000918.JPEG ===
2025-09-05 13:35:24,074 - INFO - Example /home/projects/bagon/shared/imagenet512/val/n02655020/ILSVRC2012_val_00000918.JPEG reached epsilon at step 352, loss sum: 13.1900, final loss: 0.00099955, weight distance: 3.6491
2025-09-05 13:35:24,079 - INFO - Example 691 completed: 352 steps, loss sum: 13.1900, final loss: 0.00099955, weight distance: 3.6491 (universal rank: 41307)
2025-09-05 13:35:24,079 - INFO - 
=== Training Example 692/1500: /home/projects/bagon/shared/imagenet512/val/n01734418/ILSVRC2012_val_00017967.JPEG ===
2025-09-05 13:35:30,661 - INFO - Example /home/projects/bagon/shared/imagenet512/val/n01734418/ILSVRC2012_val_00017967.JPEG reached epsilon at step 196, loss sum: 28.7854, final loss: 0.00099955, weight distance: 2.4902
2025-09-05 13:35:30,667 - INFO - Example 692 completed: 196 steps, loss sum: 28.7854, final loss: 0.00099955, weight distance: 2.4902 (universal rank: 41313)
2025-09-05 13:35:30,667 - INFO - 
=== Training Example 693/1500: /home/projects/bagon/shared/imagenet512/val/n04090263/ILSVRC2012_val_00034127.JPEG ===
2025-09-05 13:35:35,431 - INFO - Example /home/projects/bagon/shared/imagenet512/val/n04090263/ILSVRC2012_val_00034127.JPEG reached epsilon at step 141, loss sum: 39.9555, final loss: 0.00099288, weight distance: 3.2550
2025-09-05 13:35:35,436 - INFO - Example 693 completed: 141 steps, loss sum: 39.9555, final loss: 0.00099288, weight distance: 3.2550 (universal rank: 41316)
2025-09-05 13:35:35,436 - INFO - 
=== Training Example 694/1500: /home/projects/bagon/shared/imagenet512/val/n03838899/ILSVRC2012_val_00020624.JPEG ===
2025-09-05 13:35:43,862 - INFO - Example /home/projects/bagon/shared/imagenet512/val/n03838899/ILSVRC2012_val_00020624.JPEG reached epsilon at step 252, loss sum: 16.8443, final loss: 0.00099609, weight distance: 2.1799
2025-09-05 13:35:43,867 - INFO - Example 694 completed: 252 steps, loss sum: 16.8443, final loss: 0.00099609, weight distance: 2.1799 (universal rank: 41320)
2025-09-05 13:35:43,868 - INFO - 
=== Training Example 695/1500: /home/projects/bagon/shared/imagenet512/val/n15075141/ILSVRC2012_val_00049174.JPEG ===
2025-09-05 13:35:52,577 - INFO - Example /home/projects/bagon/shared/imagenet512/val/n15075141/ILSVRC2012_val_00049174.JPEG reached epsilon at step 259, loss sum: 17.3521, final loss: 0.00099717, weight distance: 3.4160
2025-09-05 13:35:52,582 - INFO - Example 695 completed: 259 steps, loss sum: 17.3521, final loss: 0.00099717, weight distance: 3.4160 (universal rank: 41322)
2025-09-05 13:35:52,582 - INFO - 
=== Training Example 696/1500: /home/projects/bagon/shared/imagenet512/val/n07695742/ILSVRC2012_val_00019608.JPEG ===
2025-09-05 13:36:19,065 - INFO - Example /home/projects/bagon/shared/imagenet512/val/n07695742/ILSVRC2012_val_00019608.JPEG reached epsilon at step 799, loss sum: 51.9988, final loss: 0.00099883, weight distance: 3.7158
2025-09-05 13:36:19,072 - INFO - Example 696 completed: 799 steps, loss sum: 51.9988, final loss: 0.00099883, weight distance: 3.7158 (universal rank: 41335)
2025-09-05 13:36:19,072 - INFO - 
=== Training Example 697/1500: /home/projects/bagon/shared/imagenet512/val/n04152593/ILSVRC2012_val_00006324.JPEG ===
2025-09-05 13:36:25,433 - INFO - Example /home/projects/bagon/shared/imagenet512/val/n04152593/ILSVRC2012_val_00006324.JPEG reached epsilon at step 191, loss sum: 22.1874, final loss: 0.00099990, weight distance: 1.1048
2025-09-05 13:36:25,438 - INFO - Example 697 completed: 191 steps, loss sum: 22.1874, final loss: 0.00099990, weight distance: 1.1048 (universal rank: 41351)
2025-09-05 13:36:25,438 - INFO - 
=== Training Example 698/1500: /home/projects/bagon/shared/imagenet512/val/n02094433/ILSVRC2012_val_00029023.JPEG ===
2025-09-05 13:36:29,941 - INFO - Example /home/projects/bagon/shared/imagenet512/val/n02094433/ILSVRC2012_val_00029023.JPEG reached epsilon at step 134, loss sum: 42.5744, final loss: 0.00099728, weight distance: 3.4485
2025-09-05 13:36:29,946 - INFO - Example 698 completed: 134 steps, loss sum: 42.5744, final loss: 0.00099728, weight distance: 3.4485 (universal rank: 41366)
2025-09-05 13:36:29,946 - INFO - 
=== Training Example 699/1500: /home/projects/bagon/shared/imagenet512/val/n03773504/ILSVRC2012_val_00031503.JPEG ===
2025-09-05 13:36:42,115 - INFO - Example /home/projects/bagon/shared/imagenet512/val/n03773504/ILSVRC2012_val_00031503.JPEG reached epsilon at step 367, loss sum: 16.9525, final loss: 0.00099597, weight distance: 1.4169
2025-09-05 13:36:42,121 - INFO - Example 699 completed: 367 steps, loss sum: 16.9525, final loss: 0.00099597, weight distance: 1.4169 (universal rank: 41368)
2025-09-05 13:36:42,121 - INFO - 
=== Training Example 700/1500: /home/projects/bagon/shared/imagenet512/val/n01756291/ILSVRC2012_val_00036901.JPEG ===
2025-09-05 13:36:47,843 - INFO - Example /home/projects/bagon/shared/imagenet512/val/n01756291/ILSVRC2012_val_00036901.JPEG reached epsilon at step 169, loss sum: 31.1238, final loss: 0.00099728, weight distance: 2.0027
2025-09-05 13:36:47,848 - INFO - Example 700 completed: 169 steps, loss sum: 31.1238, final loss: 0.00099728, weight distance: 2.0027 (universal rank: 41370)
2025-09-05 13:36:47,848 - INFO - 
=== Training Example 701/1500: /home/projects/bagon/shared/imagenet512/val/n04442312/ILSVRC2012_val_00034394.JPEG ===
2025-09-05 13:36:55,712 - INFO - Example /home/projects/bagon/shared/imagenet512/val/n04442312/ILSVRC2012_val_00034394.JPEG reached epsilon at step 234, loss sum: 27.8913, final loss: 0.00099848, weight distance: 2.3781
2025-09-05 13:36:55,717 - INFO - Example 701 completed: 234 steps, loss sum: 27.8913, final loss: 0.00099848, weight distance: 2.3781 (universal rank: 41374)
2025-09-05 13:36:55,718 - INFO - 
=== Training Example 702/1500: /home/projects/bagon/shared/imagenet512/val/n04355933/ILSVRC2012_val_00020228.JPEG ===
2025-09-05 13:37:02,690 - INFO - Example /home/projects/bagon/shared/imagenet512/val/n04355933/ILSVRC2012_val_00020228.JPEG reached epsilon at step 207, loss sum: 33.1050, final loss: 0.00099681, weight distance: 2.8719
2025-09-05 13:37:02,696 - INFO - Example 702 completed: 207 steps, loss sum: 33.1050, final loss: 0.00099681, weight distance: 2.8719 (universal rank: 41378)
2025-09-05 13:37:02,696 - INFO - 
=== Training Example 703/1500: /home/projects/bagon/shared/imagenet512/val/n03633091/ILSVRC2012_val_00040857.JPEG ===
2025-09-05 13:37:09,867 - INFO - Example /home/projects/bagon/shared/imagenet512/val/n03633091/ILSVRC2012_val_00040857.JPEG reached epsilon at step 214, loss sum: 16.2625, final loss: 0.00099931, weight distance: 2.6562
2025-09-05 13:37:09,872 - INFO - Example 703 completed: 214 steps, loss sum: 16.2625, final loss: 0.00099931, weight distance: 2.6562 (universal rank: 41379)
2025-09-05 13:37:09,873 - INFO - 
=== Training Example 704/1500: /home/projects/bagon/shared/imagenet512/val/n04389033/ILSVRC2012_val_00008055.JPEG ===
2025-09-05 13:37:17,214 - INFO - Example /home/projects/bagon/shared/imagenet512/val/n04389033/ILSVRC2012_val_00008055.JPEG reached epsilon at step 219, loss sum: 30.9616, final loss: 0.00099752, weight distance: 2.3962
2025-09-05 13:37:17,220 - INFO - Example 704 completed: 219 steps, loss sum: 30.9616, final loss: 0.00099752, weight distance: 2.3962 (universal rank: 41381)
2025-09-05 13:37:17,220 - INFO - 
=== Training Example 705/1500: /home/projects/bagon/shared/imagenet512/val/n03930630/ILSVRC2012_val_00015879.JPEG ===
2025-09-05 13:37:26,122 - INFO - Example /home/projects/bagon/shared/imagenet512/val/n03930630/ILSVRC2012_val_00015879.JPEG reached epsilon at step 266, loss sum: 31.4133, final loss: 0.00099776, weight distance: 3.8245
2025-09-05 13:37:26,130 - INFO - Example 705 completed: 266 steps, loss sum: 31.4133, final loss: 0.00099776, weight distance: 3.8245 (universal rank: 41382)
2025-09-05 13:37:26,130 - INFO - 
=== Training Example 706/1500: /home/projects/bagon/shared/imagenet512/val/n07695742/ILSVRC2012_val_00019850.JPEG ===
2025-09-05 13:37:36,763 - INFO - Example /home/projects/bagon/shared/imagenet512/val/n07695742/ILSVRC2012_val_00019850.JPEG reached epsilon at step 319, loss sum: 18.6624, final loss: 0.00099836, weight distance: 3.8085
2025-09-05 13:37:36,768 - INFO - Example 706 completed: 319 steps, loss sum: 18.6624, final loss: 0.00099836, weight distance: 3.8085 (universal rank: 41383)
2025-09-05 13:37:36,768 - INFO - 
=== Training Example 707/1500: /home/projects/bagon/shared/imagenet512/val/n01855672/ILSVRC2012_val_00043927.JPEG ===
2025-09-05 13:37:44,094 - INFO - Example /home/projects/bagon/shared/imagenet512/val/n01855672/ILSVRC2012_val_00043927.JPEG reached epsilon at step 219, loss sum: 25.3668, final loss: 0.00099752, weight distance: 2.9742
2025-09-05 13:37:44,099 - INFO - Example 707 completed: 219 steps, loss sum: 25.3668, final loss: 0.00099752, weight distance: 2.9742 (universal rank: 41386)
2025-09-05 13:37:44,099 - INFO - 
=== Training Example 708/1500: /home/projects/bagon/shared/imagenet512/val/n04591157/ILSVRC2012_val_00011466.JPEG ===
2025-09-05 13:37:53,834 - INFO - Example /home/projects/bagon/shared/imagenet512/val/n04591157/ILSVRC2012_val_00011466.JPEG reached epsilon at step 288, loss sum: 25.5415, final loss: 0.00099717, weight distance: 4.4209
2025-09-05 13:37:53,839 - INFO - Example 708 completed: 288 steps, loss sum: 25.5415, final loss: 0.00099717, weight distance: 4.4209 (universal rank: 41387)
2025-09-05 13:37:53,839 - INFO - 
=== Training Example 709/1500: /home/projects/bagon/shared/imagenet512/val/n02977058/ILSVRC2012_val_00023322.JPEG ===
2025-09-05 13:38:00,559 - INFO - Example /home/projects/bagon/shared/imagenet512/val/n02977058/ILSVRC2012_val_00023322.JPEG reached epsilon at step 199, loss sum: 19.6361, final loss: 0.00099979, weight distance: 2.8751
2025-09-05 13:38:00,566 - INFO - Example 709 completed: 199 steps, loss sum: 19.6361, final loss: 0.00099979, weight distance: 2.8751 (universal rank: 41392)
2025-09-05 13:38:00,566 - INFO - 
=== Training Example 710/1500: /home/projects/bagon/shared/imagenet512/val/n04039381/ILSVRC2012_val_00012341.JPEG ===
2025-09-05 13:38:07,215 - INFO - Example /home/projects/bagon/shared/imagenet512/val/n04039381/ILSVRC2012_val_00012341.JPEG reached epsilon at step 198, loss sum: 23.5699, final loss: 0.00099645, weight distance: 2.8104
2025-09-05 13:38:07,220 - INFO - Example 710 completed: 198 steps, loss sum: 23.5699, final loss: 0.00099645, weight distance: 2.8104 (universal rank: 41405)
2025-09-05 13:38:07,220 - INFO - 
=== Training Example 711/1500: /home/projects/bagon/shared/imagenet512/val/n04263257/ILSVRC2012_val_00008511.JPEG ===
2025-09-05 13:38:14,769 - INFO - Example /home/projects/bagon/shared/imagenet512/val/n04263257/ILSVRC2012_val_00008511.JPEG reached epsilon at step 224, loss sum: 20.4662, final loss: 0.00099705, weight distance: 2.3313
2025-09-05 13:38:14,774 - INFO - Example 711 completed: 224 steps, loss sum: 20.4662, final loss: 0.00099705, weight distance: 2.3313 (universal rank: 41416)
2025-09-05 13:38:14,774 - INFO - 
=== Training Example 712/1500: /home/projects/bagon/shared/imagenet512/val/n02815834/ILSVRC2012_val_00041737.JPEG ===
2025-09-05 13:38:23,585 - INFO - Example /home/projects/bagon/shared/imagenet512/val/n02815834/ILSVRC2012_val_00041737.JPEG reached epsilon at step 264, loss sum: 26.6729, final loss: 0.00099931, weight distance: 3.4089
2025-09-05 13:38:23,590 - INFO - Example 712 completed: 264 steps, loss sum: 26.6729, final loss: 0.00099931, weight distance: 3.4089 (universal rank: 41417)
2025-09-05 13:38:23,590 - INFO - 
=== Training Example 713/1500: /home/projects/bagon/shared/imagenet512/val/n01530575/ILSVRC2012_val_00004006.JPEG ===
2025-09-05 13:38:34,023 - INFO - Example /home/projects/bagon/shared/imagenet512/val/n01530575/ILSVRC2012_val_00004006.JPEG reached epsilon at step 311, loss sum: 21.5776, final loss: 0.00099776, weight distance: 4.3860
2025-09-05 13:38:34,030 - INFO - Example 713 completed: 311 steps, loss sum: 21.5776, final loss: 0.00099776, weight distance: 4.3860 (universal rank: 41435)
2025-09-05 13:38:34,030 - INFO - 
=== Training Example 714/1500: /home/projects/bagon/shared/imagenet512/val/n03314780/ILSVRC2012_val_00005269.JPEG ===
2025-09-05 13:38:39,025 - INFO - Example /home/projects/bagon/shared/imagenet512/val/n03314780/ILSVRC2012_val_00005269.JPEG reached epsilon at step 147, loss sum: 16.7162, final loss: 0.00099728, weight distance: 1.3317
2025-09-05 13:38:39,030 - INFO - Example 714 completed: 147 steps, loss sum: 16.7162, final loss: 0.00099728, weight distance: 1.3317 (universal rank: 41438)
2025-09-05 13:38:39,030 - INFO - 
=== Training Example 715/1500: /home/projects/bagon/shared/imagenet512/val/n03899768/ILSVRC2012_val_00047929.JPEG ===
2025-09-05 13:38:47,175 - INFO - Example /home/projects/bagon/shared/imagenet512/val/n03899768/ILSVRC2012_val_00047929.JPEG reached epsilon at step 243, loss sum: 33.0084, final loss: 0.00099919, weight distance: 3.2386
2025-09-05 13:38:47,181 - INFO - Example 715 completed: 243 steps, loss sum: 33.0084, final loss: 0.00099919, weight distance: 3.2386 (universal rank: 41439)
2025-09-05 13:38:47,181 - INFO - 
=== Training Example 716/1500: /home/projects/bagon/shared/imagenet512/val/n03425413/ILSVRC2012_val_00023044.JPEG ===
2025-09-05 13:38:53,028 - INFO - Example /home/projects/bagon/shared/imagenet512/val/n03425413/ILSVRC2012_val_00023044.JPEG reached epsilon at step 173, loss sum: 42.3996, final loss: 0.00099990, weight distance: 3.2159
2025-09-05 13:38:53,034 - INFO - Example 716 completed: 173 steps, loss sum: 42.3996, final loss: 0.00099990, weight distance: 3.2159 (universal rank: 41463)
2025-09-05 13:38:53,034 - INFO - 
=== Training Example 717/1500: /home/projects/bagon/shared/imagenet512/val/n03633091/ILSVRC2012_val_00003741.JPEG ===
2025-09-05 13:38:58,220 - INFO - Example /home/projects/bagon/shared/imagenet512/val/n03633091/ILSVRC2012_val_00003741.JPEG reached epsilon at step 151, loss sum: 18.7289, final loss: 0.00099443, weight distance: 4.7506
2025-09-05 13:38:58,226 - INFO - Example 717 completed: 151 steps, loss sum: 18.7289, final loss: 0.00099443, weight distance: 4.7506 (universal rank: 41469)
2025-09-05 13:38:58,226 - INFO - 
=== Training Example 718/1500: /home/projects/bagon/shared/imagenet512/val/n01775062/ILSVRC2012_val_00048649.JPEG ===
2025-09-05 13:39:07,550 - INFO - Example /home/projects/bagon/shared/imagenet512/val/n01775062/ILSVRC2012_val_00048649.JPEG reached epsilon at step 278, loss sum: 23.3487, final loss: 0.00099859, weight distance: 2.9165
2025-09-05 13:39:07,555 - INFO - Example 718 completed: 278 steps, loss sum: 23.3487, final loss: 0.00099859, weight distance: 2.9165 (universal rank: 41483)
2025-09-05 13:39:07,555 - INFO - 
=== Training Example 719/1500: /home/projects/bagon/shared/imagenet512/val/n02093428/ILSVRC2012_val_00023528.JPEG ===
2025-09-05 13:39:18,460 - INFO - Example /home/projects/bagon/shared/imagenet512/val/n02093428/ILSVRC2012_val_00023528.JPEG reached epsilon at step 325, loss sum: 32.6591, final loss: 0.00099717, weight distance: 2.3018
2025-09-05 13:39:18,466 - INFO - Example 719 completed: 325 steps, loss sum: 32.6591, final loss: 0.00099717, weight distance: 2.3018 (universal rank: 41490)
2025-09-05 13:39:18,466 - INFO - 
=== Training Example 720/1500: /home/projects/bagon/shared/imagenet512/val/n03733805/ILSVRC2012_val_00027672.JPEG ===
2025-09-05 13:39:28,509 - INFO - Example /home/projects/bagon/shared/imagenet512/val/n03733805/ILSVRC2012_val_00027672.JPEG reached epsilon at step 300, loss sum: 17.6089, final loss: 0.00099871, weight distance: 4.2543
2025-09-05 13:39:28,514 - INFO - Example 720 completed: 300 steps, loss sum: 17.6089, final loss: 0.00099871, weight distance: 4.2543 (universal rank: 41497)
2025-09-05 13:39:28,514 - INFO - 
=== Training Example 721/1500: /home/projects/bagon/shared/imagenet512/val/n03065424/ILSVRC2012_val_00039625.JPEG ===
2025-09-05 13:39:34,945 - INFO - Example /home/projects/bagon/shared/imagenet512/val/n03065424/ILSVRC2012_val_00039625.JPEG reached epsilon at step 185, loss sum: 15.1992, final loss: 0.00099562, weight distance: 3.4385
2025-09-05 13:39:34,951 - INFO - Example 721 completed: 185 steps, loss sum: 15.1992, final loss: 0.00099562, weight distance: 3.4385 (universal rank: 41499)
2025-09-05 13:39:34,951 - INFO - 
=== Training Example 722/1500: /home/projects/bagon/shared/imagenet512/val/n03888605/ILSVRC2012_val_00029224.JPEG ===
2025-09-05 13:39:43,202 - INFO - Example /home/projects/bagon/shared/imagenet512/val/n03888605/ILSVRC2012_val_00029224.JPEG reached epsilon at step 238, loss sum: 28.4414, final loss: 0.00099955, weight distance: 3.0314
2025-09-05 13:39:43,208 - INFO - Example 722 completed: 238 steps, loss sum: 28.4414, final loss: 0.00099955, weight distance: 3.0314 (universal rank: 41506)
2025-09-05 13:39:43,208 - INFO - 
=== Training Example 723/1500: /home/projects/bagon/shared/imagenet512/val/n02127052/ILSVRC2012_val_00018269.JPEG ===
2025-09-05 13:39:50,613 - INFO - Example /home/projects/bagon/shared/imagenet512/val/n02127052/ILSVRC2012_val_00018269.JPEG reached epsilon at step 218, loss sum: 16.9436, final loss: 0.00099574, weight distance: 1.6177
2025-09-05 13:39:50,619 - INFO - Example 723 completed: 218 steps, loss sum: 16.9436, final loss: 0.00099574, weight distance: 1.6177 (universal rank: 41507)
2025-09-05 13:39:50,619 - INFO - 
=== Training Example 724/1500: /home/projects/bagon/shared/imagenet512/val/n03532672/ILSVRC2012_val_00033279.JPEG ===
2025-09-05 13:39:53,278 - INFO - Example /home/projects/bagon/shared/imagenet512/val/n03532672/ILSVRC2012_val_00033279.JPEG reached epsilon at step 77, loss sum: 24.2562, final loss: 0.00099347, weight distance: 3.6105
2025-09-05 13:39:53,283 - INFO - Example 724 completed: 77 steps, loss sum: 24.2562, final loss: 0.00099347, weight distance: 3.6105 (universal rank: 41511)
2025-09-05 13:39:53,283 - INFO - 
=== Training Example 725/1500: /home/projects/bagon/shared/imagenet512/val/n03347037/ILSVRC2012_val_00020463.JPEG ===
2025-09-05 13:40:02,785 - INFO - Example /home/projects/bagon/shared/imagenet512/val/n03347037/ILSVRC2012_val_00020463.JPEG reached epsilon at step 283, loss sum: 29.5037, final loss: 0.00099848, weight distance: 4.9956
2025-09-05 13:40:02,791 - INFO - Example 725 completed: 283 steps, loss sum: 29.5037, final loss: 0.00099848, weight distance: 4.9956 (universal rank: 41515)
2025-09-05 13:40:02,791 - INFO - 
=== Training Example 726/1500: /home/projects/bagon/shared/imagenet512/val/n02095570/ILSVRC2012_val_00003220.JPEG ===
2025-09-05 13:40:10,398 - INFO - Example /home/projects/bagon/shared/imagenet512/val/n02095570/ILSVRC2012_val_00003220.JPEG reached epsilon at step 226, loss sum: 21.3594, final loss: 0.00099871, weight distance: 2.6577
2025-09-05 13:40:10,404 - INFO - Example 726 completed: 226 steps, loss sum: 21.3594, final loss: 0.00099871, weight distance: 2.6577 (universal rank: 41517)
2025-09-05 13:40:10,404 - INFO - 
=== Training Example 727/1500: /home/projects/bagon/shared/imagenet512/val/n02093428/ILSVRC2012_val_00020513.JPEG ===
2025-09-05 13:40:21,251 - INFO - Example /home/projects/bagon/shared/imagenet512/val/n02093428/ILSVRC2012_val_00020513.JPEG reached epsilon at step 325, loss sum: 25.5313, final loss: 0.00099931, weight distance: 3.7110
2025-09-05 13:40:21,256 - INFO - Example 727 completed: 325 steps, loss sum: 25.5313, final loss: 0.00099931, weight distance: 3.7110 (universal rank: 41522)
2025-09-05 13:40:21,256 - INFO - 
=== Training Example 728/1500: /home/projects/bagon/shared/imagenet512/val/n03710721/ILSVRC2012_val_00040819.JPEG ===
2025-09-05 13:40:32,276 - INFO - Example /home/projects/bagon/shared/imagenet512/val/n03710721/ILSVRC2012_val_00040819.JPEG reached epsilon at step 330, loss sum: 28.5128, final loss: 0.00099752, weight distance: 1.2040
2025-09-05 13:40:32,282 - INFO - Example 728 completed: 330 steps, loss sum: 28.5128, final loss: 0.00099752, weight distance: 1.2040 (universal rank: 41537)
2025-09-05 13:40:32,282 - INFO - 
=== Training Example 729/1500: /home/projects/bagon/shared/imagenet512/val/n03995372/ILSVRC2012_val_00025477.JPEG ===
2025-09-05 13:40:40,528 - INFO - Example /home/projects/bagon/shared/imagenet512/val/n03995372/ILSVRC2012_val_00025477.JPEG reached epsilon at step 246, loss sum: 26.2905, final loss: 0.00099740, weight distance: 2.3690
2025-09-05 13:40:40,536 - INFO - Example 729 completed: 246 steps, loss sum: 26.2905, final loss: 0.00099740, weight distance: 2.3690 (universal rank: 41539)
2025-09-05 13:40:40,536 - INFO - 
=== Training Example 730/1500: /home/projects/bagon/shared/imagenet512/val/n02268443/ILSVRC2012_val_00043136.JPEG ===
2025-09-05 13:40:45,817 - INFO - Example /home/projects/bagon/shared/imagenet512/val/n02268443/ILSVRC2012_val_00043136.JPEG reached epsilon at step 156, loss sum: 14.7063, final loss: 0.00099967, weight distance: 2.7662
2025-09-05 13:40:45,859 - INFO - Example 730 completed: 156 steps, loss sum: 14.7063, final loss: 0.00099967, weight distance: 2.7662 (universal rank: 41545)
2025-09-05 13:40:45,859 - INFO - 
=== Training Example 731/1500: /home/projects/bagon/shared/imagenet512/val/n03956157/ILSVRC2012_val_00029603.JPEG ===
2025-09-05 13:40:52,198 - INFO - Example /home/projects/bagon/shared/imagenet512/val/n03956157/ILSVRC2012_val_00029603.JPEG reached epsilon at step 187, loss sum: 12.6102, final loss: 0.00099776, weight distance: 1.0532
2025-09-05 13:40:52,204 - INFO - Example 731 completed: 187 steps, loss sum: 12.6102, final loss: 0.00099776, weight distance: 1.0532 (universal rank: 41550)
2025-09-05 13:40:52,204 - INFO - 
=== Training Example 732/1500: /home/projects/bagon/shared/imagenet512/val/n01728572/ILSVRC2012_val_00043966.JPEG ===
2025-09-05 13:41:02,553 - INFO - Example /home/projects/bagon/shared/imagenet512/val/n01728572/ILSVRC2012_val_00043966.JPEG reached epsilon at step 309, loss sum: 21.2671, final loss: 0.00099717, weight distance: 1.6004
2025-09-05 13:41:02,558 - INFO - Example 732 completed: 309 steps, loss sum: 21.2671, final loss: 0.00099717, weight distance: 1.6004 (universal rank: 41557)
2025-09-05 13:41:02,558 - INFO - 
=== Training Example 733/1500: /home/projects/bagon/shared/imagenet512/val/n04229816/ILSVRC2012_val_00035299.JPEG ===
2025-09-05 13:41:11,140 - INFO - Example /home/projects/bagon/shared/imagenet512/val/n04229816/ILSVRC2012_val_00035299.JPEG reached epsilon at step 256, loss sum: 25.8336, final loss: 0.00099705, weight distance: 3.3296
2025-09-05 13:41:11,145 - INFO - Example 733 completed: 256 steps, loss sum: 25.8336, final loss: 0.00099705, weight distance: 3.3296 (universal rank: 41592)
2025-09-05 13:41:11,145 - INFO - 
=== Training Example 734/1500: /home/projects/bagon/shared/imagenet512/val/n04154565/ILSVRC2012_val_00043625.JPEG ===
2025-09-05 13:41:13,137 - INFO - Example /home/projects/bagon/shared/imagenet512/val/n04154565/ILSVRC2012_val_00043625.JPEG reached epsilon at step 57, loss sum: 11.5884, final loss: 0.00098430, weight distance: 3.1624
2025-09-05 13:41:13,142 - INFO - Example 734 completed: 57 steps, loss sum: 11.5884, final loss: 0.00098430, weight distance: 3.1624 (universal rank: 41596)
2025-09-05 13:41:13,142 - INFO - 
=== Training Example 735/1500: /home/projects/bagon/shared/imagenet512/val/n04356056/ILSVRC2012_val_00003608.JPEG ===
2025-09-05 13:41:17,650 - INFO - Example /home/projects/bagon/shared/imagenet512/val/n04356056/ILSVRC2012_val_00003608.JPEG reached epsilon at step 129, loss sum: 22.6819, final loss: 0.00099681, weight distance: 2.4276
2025-09-05 13:41:17,655 - INFO - Example 735 completed: 129 steps, loss sum: 22.6819, final loss: 0.00099681, weight distance: 2.4276 (universal rank: 41600)
2025-09-05 13:41:17,655 - INFO - 
=== Training Example 736/1500: /home/projects/bagon/shared/imagenet512/val/n03706229/ILSVRC2012_val_00032835.JPEG ===
2025-09-05 13:41:22,445 - INFO - Example /home/projects/bagon/shared/imagenet512/val/n03706229/ILSVRC2012_val_00032835.JPEG reached epsilon at step 142, loss sum: 31.9325, final loss: 0.00099335, weight distance: 4.0756
2025-09-05 13:41:22,450 - INFO - Example 736 completed: 142 steps, loss sum: 31.9325, final loss: 0.00099335, weight distance: 4.0756 (universal rank: 41605)
2025-09-05 13:41:22,451 - INFO - 
=== Training Example 737/1500: /home/projects/bagon/shared/imagenet512/val/n04467665/ILSVRC2012_val_00030427.JPEG ===
2025-09-05 13:41:35,591 - INFO - Example /home/projects/bagon/shared/imagenet512/val/n04467665/ILSVRC2012_val_00030427.JPEG reached epsilon at step 394, loss sum: 48.1601, final loss: 0.00099800, weight distance: 2.6081
2025-09-05 13:41:35,597 - INFO - Example 737 completed: 394 steps, loss sum: 48.1601, final loss: 0.00099800, weight distance: 2.6081 (universal rank: 41607)
2025-09-05 13:41:35,597 - INFO - 
=== Training Example 738/1500: /home/projects/bagon/shared/imagenet512/val/n03803284/ILSVRC2012_val_00019602.JPEG ===
2025-09-05 13:41:39,854 - INFO - Example /home/projects/bagon/shared/imagenet512/val/n03803284/ILSVRC2012_val_00019602.JPEG reached epsilon at step 125, loss sum: 19.1815, final loss: 0.00099633, weight distance: 3.2630
2025-09-05 13:41:39,859 - INFO - Example 738 completed: 125 steps, loss sum: 19.1815, final loss: 0.00099633, weight distance: 3.2630 (universal rank: 41631)
2025-09-05 13:41:39,859 - INFO - 
=== Training Example 739/1500: /home/projects/bagon/shared/imagenet512/val/n02113712/ILSVRC2012_val_00026778.JPEG ===
2025-09-05 13:41:53,644 - INFO - Example /home/projects/bagon/shared/imagenet512/val/n02113712/ILSVRC2012_val_00026778.JPEG reached epsilon at step 411, loss sum: 45.5871, final loss: 0.00099990, weight distance: 4.2320
2025-09-05 13:41:53,651 - INFO - Example 739 completed: 411 steps, loss sum: 45.5871, final loss: 0.00099990, weight distance: 4.2320 (universal rank: 41639)
2025-09-05 13:41:53,651 - INFO - 
=== Training Example 740/1500: /home/projects/bagon/shared/imagenet512/val/n02807133/ILSVRC2012_val_00021386.JPEG ===
2025-09-05 13:41:58,240 - INFO - Example /home/projects/bagon/shared/imagenet512/val/n02807133/ILSVRC2012_val_00021386.JPEG reached epsilon at step 135, loss sum: 19.7488, final loss: 0.00099312, weight distance: 1.0800
2025-09-05 13:41:58,245 - INFO - Example 740 completed: 135 steps, loss sum: 19.7488, final loss: 0.00099312, weight distance: 1.0800 (universal rank: 41640)
2025-09-05 13:41:58,245 - INFO - 
=== Training Example 741/1500: /home/projects/bagon/shared/imagenet512/val/n04275548/ILSVRC2012_val_00035311.JPEG ===
2025-09-05 13:42:08,514 - INFO - Example /home/projects/bagon/shared/imagenet512/val/n04275548/ILSVRC2012_val_00035311.JPEG reached epsilon at step 306, loss sum: 15.9063, final loss: 0.00099919, weight distance: 1.1832
2025-09-05 13:42:08,519 - INFO - Example 741 completed: 306 steps, loss sum: 15.9063, final loss: 0.00099919, weight distance: 1.1832 (universal rank: 41646)
2025-09-05 13:42:08,519 - INFO - 
=== Training Example 742/1500: /home/projects/bagon/shared/imagenet512/val/n04372370/ILSVRC2012_val_00027023.JPEG ===
2025-09-05 13:42:18,667 - INFO - Example /home/projects/bagon/shared/imagenet512/val/n04372370/ILSVRC2012_val_00027023.JPEG reached epsilon at step 304, loss sum: 25.8631, final loss: 0.00099955, weight distance: 1.9730
2025-09-05 13:42:18,673 - INFO - Example 742 completed: 304 steps, loss sum: 25.8631, final loss: 0.00099955, weight distance: 1.9730 (universal rank: 41650)
2025-09-05 13:42:18,673 - INFO - 
=== Training Example 743/1500: /home/projects/bagon/shared/imagenet512/val/n01728572/ILSVRC2012_val_00024301.JPEG ===
2025-09-05 13:42:26,274 - INFO - Example /home/projects/bagon/shared/imagenet512/val/n01728572/ILSVRC2012_val_00024301.JPEG reached epsilon at step 227, loss sum: 29.6889, final loss: 0.00099871, weight distance: 2.7755
2025-09-05 13:42:26,278 - INFO - Example 743 completed: 227 steps, loss sum: 29.6889, final loss: 0.00099871, weight distance: 2.7755 (universal rank: 41659)
2025-09-05 13:42:26,279 - INFO - 
=== Training Example 744/1500: /home/projects/bagon/shared/imagenet512/val/n04090263/ILSVRC2012_val_00041671.JPEG ===
2025-09-05 13:42:34,032 - INFO - Example /home/projects/bagon/shared/imagenet512/val/n04090263/ILSVRC2012_val_00041671.JPEG reached epsilon at step 232, loss sum: 32.9318, final loss: 0.00099967, weight distance: 4.3956
2025-09-05 13:42:34,037 - INFO - Example 744 completed: 232 steps, loss sum: 32.9318, final loss: 0.00099967, weight distance: 4.3956 (universal rank: 41663)
2025-09-05 13:42:34,037 - INFO - 
=== Training Example 745/1500: /home/projects/bagon/shared/imagenet512/val/n03785016/ILSVRC2012_val_00000717.JPEG ===
2025-09-05 13:42:48,199 - INFO - Example /home/projects/bagon/shared/imagenet512/val/n03785016/ILSVRC2012_val_00000717.JPEG reached epsilon at step 423, loss sum: 57.4680, final loss: 0.00099800, weight distance: 2.7510
2025-09-05 13:42:48,204 - INFO - Example 745 completed: 423 steps, loss sum: 57.4680, final loss: 0.00099800, weight distance: 2.7510 (universal rank: 41675)
2025-09-05 13:42:48,204 - INFO - 
=== Training Example 746/1500: /home/projects/bagon/shared/imagenet512/val/n03970156/ILSVRC2012_val_00019150.JPEG ===
2025-09-05 13:42:56,389 - INFO - Example /home/projects/bagon/shared/imagenet512/val/n03970156/ILSVRC2012_val_00019150.JPEG reached epsilon at step 243, loss sum: 34.5813, final loss: 0.00099597, weight distance: 2.9369
2025-09-05 13:42:56,396 - INFO - Example 746 completed: 243 steps, loss sum: 34.5813, final loss: 0.00099597, weight distance: 2.9369 (universal rank: 41682)
2025-09-05 13:42:56,396 - INFO - 
=== Training Example 747/1500: /home/projects/bagon/shared/imagenet512/val/n01824575/ILSVRC2012_val_00011697.JPEG ===
2025-09-05 13:43:06,144 - INFO - Example /home/projects/bagon/shared/imagenet512/val/n01824575/ILSVRC2012_val_00011697.JPEG reached epsilon at step 291, loss sum: 32.6810, final loss: 0.00099907, weight distance: 3.0208
2025-09-05 13:43:06,149 - INFO - Example 747 completed: 291 steps, loss sum: 32.6810, final loss: 0.00099907, weight distance: 3.0208 (universal rank: 41683)
2025-09-05 13:43:06,150 - INFO - 
=== Training Example 748/1500: /home/projects/bagon/shared/imagenet512/val/n03216828/ILSVRC2012_val_00037556.JPEG ===
2025-09-05 13:43:14,871 - INFO - Example /home/projects/bagon/shared/imagenet512/val/n03216828/ILSVRC2012_val_00037556.JPEG reached epsilon at step 260, loss sum: 27.2488, final loss: 0.00099824, weight distance: 1.4499
2025-09-05 13:43:14,877 - INFO - Example 748 completed: 260 steps, loss sum: 27.2488, final loss: 0.00099824, weight distance: 1.4499 (universal rank: 41700)
2025-09-05 13:43:14,877 - INFO - 
=== Training Example 749/1500: /home/projects/bagon/shared/imagenet512/val/n03776460/ILSVRC2012_val_00005878.JPEG ===
2025-09-05 13:43:25,125 - INFO - Example /home/projects/bagon/shared/imagenet512/val/n03776460/ILSVRC2012_val_00005878.JPEG reached epsilon at step 307, loss sum: 40.4138, final loss: 0.00099943, weight distance: 2.6413
2025-09-05 13:43:25,130 - INFO - Example 749 completed: 307 steps, loss sum: 40.4138, final loss: 0.00099943, weight distance: 2.6413 (universal rank: 41701)
2025-09-05 13:43:25,130 - INFO - 
=== Training Example 750/1500: /home/projects/bagon/shared/imagenet512/val/n04239074/ILSVRC2012_val_00048865.JPEG ===
2025-09-05 13:43:34,013 - INFO - Example /home/projects/bagon/shared/imagenet512/val/n04239074/ILSVRC2012_val_00048865.JPEG reached epsilon at step 264, loss sum: 26.3069, final loss: 0.00099871, weight distance: 4.2754
2025-09-05 13:43:34,019 - INFO - Example 750 completed: 264 steps, loss sum: 26.3069, final loss: 0.00099871, weight distance: 4.2754 (universal rank: 41725)
2025-09-05 13:43:34,019 - INFO - 
=== Training Example 751/1500: /home/projects/bagon/shared/imagenet512/val/n02113624/ILSVRC2012_val_00027962.JPEG ===
2025-09-05 13:43:43,635 - INFO - Example /home/projects/bagon/shared/imagenet512/val/n02113624/ILSVRC2012_val_00027962.JPEG reached epsilon at step 287, loss sum: 42.7199, final loss: 0.00099824, weight distance: 3.9203
2025-09-05 13:43:43,640 - INFO - Example 751 completed: 287 steps, loss sum: 42.7199, final loss: 0.00099824, weight distance: 3.9203 (universal rank: 41733)
2025-09-05 13:43:43,640 - INFO - 
=== Training Example 752/1500: /home/projects/bagon/shared/imagenet512/val/n01883070/ILSVRC2012_val_00032499.JPEG ===
2025-09-05 13:43:50,775 - INFO - Example /home/projects/bagon/shared/imagenet512/val/n01883070/ILSVRC2012_val_00032499.JPEG reached epsilon at step 211, loss sum: 20.6093, final loss: 0.00099824, weight distance: 2.8398
2025-09-05 13:43:50,781 - INFO - Example 752 completed: 211 steps, loss sum: 20.6093, final loss: 0.00099824, weight distance: 2.8398 (universal rank: 41747)
2025-09-05 13:43:50,781 - INFO - 
=== Training Example 753/1500: /home/projects/bagon/shared/imagenet512/val/n03041632/ILSVRC2012_val_00039665.JPEG ===
2025-09-05 13:43:57,977 - INFO - Example /home/projects/bagon/shared/imagenet512/val/n03041632/ILSVRC2012_val_00039665.JPEG reached epsilon at step 212, loss sum: 27.2742, final loss: 0.00099764, weight distance: 4.1623
2025-09-05 13:43:57,983 - INFO - Example 753 completed: 212 steps, loss sum: 27.2742, final loss: 0.00099764, weight distance: 4.1623 (universal rank: 41751)
2025-09-05 13:43:57,983 - INFO - 
=== Training Example 754/1500: /home/projects/bagon/shared/imagenet512/val/n04325704/ILSVRC2012_val_00041789.JPEG ===
2025-09-05 13:44:02,755 - INFO - Example /home/projects/bagon/shared/imagenet512/val/n04325704/ILSVRC2012_val_00041789.JPEG reached epsilon at step 141, loss sum: 21.0360, final loss: 0.00099836, weight distance: 2.3301
2025-09-05 13:44:02,759 - INFO - Example 754 completed: 141 steps, loss sum: 21.0360, final loss: 0.00099836, weight distance: 2.3301 (universal rank: 41754)
2025-09-05 13:44:02,760 - INFO - 
=== Training Example 755/1500: /home/projects/bagon/shared/imagenet512/val/n04552348/ILSVRC2012_val_00047865.JPEG ===
2025-09-05 13:44:12,191 - INFO - Example /home/projects/bagon/shared/imagenet512/val/n04552348/ILSVRC2012_val_00047865.JPEG reached epsilon at step 282, loss sum: 26.8921, final loss: 0.00099717, weight distance: 3.3472
2025-09-05 13:44:12,197 - INFO - Example 755 completed: 282 steps, loss sum: 26.8921, final loss: 0.00099717, weight distance: 3.3472 (universal rank: 41756)
2025-09-05 13:44:12,197 - INFO - 
=== Training Example 756/1500: /home/projects/bagon/shared/imagenet512/val/n04429376/ILSVRC2012_val_00028295.JPEG ===
2025-09-05 13:44:21,923 - INFO - Example /home/projects/bagon/shared/imagenet512/val/n04429376/ILSVRC2012_val_00028295.JPEG reached epsilon at step 291, loss sum: 36.6544, final loss: 0.00099645, weight distance: 4.3319
2025-09-05 13:44:21,928 - INFO - Example 756 completed: 291 steps, loss sum: 36.6544, final loss: 0.00099645, weight distance: 4.3319 (universal rank: 41761)
2025-09-05 13:44:21,928 - INFO - 
=== Training Example 757/1500: /home/projects/bagon/shared/imagenet512/val/n02099601/ILSVRC2012_val_00031731.JPEG ===
2025-09-05 13:44:30,477 - INFO - Example /home/projects/bagon/shared/imagenet512/val/n02099601/ILSVRC2012_val_00031731.JPEG reached epsilon at step 256, loss sum: 27.0843, final loss: 0.00099764, weight distance: 2.2675
2025-09-05 13:44:30,482 - INFO - Example 757 completed: 256 steps, loss sum: 27.0843, final loss: 0.00099764, weight distance: 2.2675 (universal rank: 41766)
2025-09-05 13:44:30,483 - INFO - 
=== Training Example 758/1500: /home/projects/bagon/shared/imagenet512/val/n02791124/ILSVRC2012_val_00000759.JPEG ===
2025-09-05 13:44:39,968 - INFO - Example /home/projects/bagon/shared/imagenet512/val/n02791124/ILSVRC2012_val_00000759.JPEG reached epsilon at step 283, loss sum: 30.7048, final loss: 0.00099955, weight distance: 5.7203
2025-09-05 13:44:39,973 - INFO - Example 758 completed: 283 steps, loss sum: 30.7048, final loss: 0.00099955, weight distance: 5.7203 (universal rank: 41768)
2025-09-05 13:44:39,973 - INFO - 
=== Training Example 759/1500: /home/projects/bagon/shared/imagenet512/val/n03887697/ILSVRC2012_val_00033798.JPEG ===
2025-09-05 13:44:46,088 - INFO - Example /home/projects/bagon/shared/imagenet512/val/n03887697/ILSVRC2012_val_00033798.JPEG reached epsilon at step 182, loss sum: 19.4973, final loss: 0.00099502, weight distance: 0.5811
2025-09-05 13:44:46,093 - INFO - Example 759 completed: 182 steps, loss sum: 19.4973, final loss: 0.00099502, weight distance: 0.5811 (universal rank: 41771)
2025-09-05 13:44:46,093 - INFO - 
=== Training Example 760/1500: /home/projects/bagon/shared/imagenet512/val/n04259630/ILSVRC2012_val_00021791.JPEG ===
2025-09-05 13:44:50,824 - INFO - Example /home/projects/bagon/shared/imagenet512/val/n04259630/ILSVRC2012_val_00021791.JPEG reached epsilon at step 139, loss sum: 16.5746, final loss: 0.00099407, weight distance: 2.1513
2025-09-05 13:44:50,830 - INFO - Example 760 completed: 139 steps, loss sum: 16.5746, final loss: 0.00099407, weight distance: 2.1513 (universal rank: 41778)
2025-09-05 13:44:50,830 - INFO - 
=== Training Example 761/1500: /home/projects/bagon/shared/imagenet512/val/n02870880/ILSVRC2012_val_00031142.JPEG ===
2025-09-05 13:44:59,022 - INFO - Example /home/projects/bagon/shared/imagenet512/val/n02870880/ILSVRC2012_val_00031142.JPEG reached epsilon at step 244, loss sum: 22.3425, final loss: 0.00099800, weight distance: 1.0332
2025-09-05 13:44:59,029 - INFO - Example 761 completed: 244 steps, loss sum: 22.3425, final loss: 0.00099800, weight distance: 1.0332 (universal rank: 41785)
2025-09-05 13:44:59,029 - INFO - 
=== Training Example 762/1500: /home/projects/bagon/shared/imagenet512/val/n02101388/ILSVRC2012_val_00016166.JPEG ===
2025-09-05 13:45:07,250 - INFO - Example /home/projects/bagon/shared/imagenet512/val/n02101388/ILSVRC2012_val_00016166.JPEG reached epsilon at step 243, loss sum: 18.0119, final loss: 0.00099907, weight distance: 1.1180
2025-09-05 13:45:07,256 - INFO - Example 762 completed: 243 steps, loss sum: 18.0119, final loss: 0.00099907, weight distance: 1.1180 (universal rank: 41801)
2025-09-05 13:45:07,256 - INFO - 
=== Training Example 763/1500: /home/projects/bagon/shared/imagenet512/val/n04008634/ILSVRC2012_val_00008246.JPEG ===
2025-09-05 13:45:16,905 - INFO - Example /home/projects/bagon/shared/imagenet512/val/n04008634/ILSVRC2012_val_00008246.JPEG reached epsilon at step 288, loss sum: 15.7781, final loss: 0.00099431, weight distance: 1.5918
2025-09-05 13:45:16,910 - INFO - Example 763 completed: 288 steps, loss sum: 15.7781, final loss: 0.00099431, weight distance: 1.5918 (universal rank: 41815)
2025-09-05 13:45:16,910 - INFO - 
=== Training Example 764/1500: /home/projects/bagon/shared/imagenet512/val/n07836838/ILSVRC2012_val_00024526.JPEG ===
2025-09-05 13:45:24,876 - INFO - Example /home/projects/bagon/shared/imagenet512/val/n07836838/ILSVRC2012_val_00024526.JPEG reached epsilon at step 237, loss sum: 28.9289, final loss: 0.00099848, weight distance: 2.5296
2025-09-05 13:45:24,882 - INFO - Example 764 completed: 237 steps, loss sum: 28.9289, final loss: 0.00099848, weight distance: 2.5296 (universal rank: 41821)
2025-09-05 13:45:24,882 - INFO - 
=== Training Example 765/1500: /home/projects/bagon/shared/imagenet512/val/n04270147/ILSVRC2012_val_00027349.JPEG ===
2025-09-05 13:45:28,114 - INFO - Example /home/projects/bagon/shared/imagenet512/val/n04270147/ILSVRC2012_val_00027349.JPEG reached epsilon at step 94, loss sum: 21.2963, final loss: 0.00099455, weight distance: 4.2164
2025-09-05 13:45:28,119 - INFO - Example 765 completed: 94 steps, loss sum: 21.2963, final loss: 0.00099455, weight distance: 4.2164 (universal rank: 41825)
2025-09-05 13:45:28,120 - INFO - 
=== Training Example 766/1500: /home/projects/bagon/shared/imagenet512/val/n09428293/ILSVRC2012_val_00000214.JPEG ===
2025-09-05 13:45:35,544 - INFO - Example /home/projects/bagon/shared/imagenet512/val/n09428293/ILSVRC2012_val_00000214.JPEG reached epsilon at step 220, loss sum: 43.6616, final loss: 0.00099883, weight distance: 2.2310
2025-09-05 13:45:35,548 - INFO - Example 766 completed: 220 steps, loss sum: 43.6616, final loss: 0.00099883, weight distance: 2.2310 (universal rank: 41831)
2025-09-05 13:45:35,549 - INFO - 
=== Training Example 767/1500: /home/projects/bagon/shared/imagenet512/val/n09332890/ILSVRC2012_val_00028191.JPEG ===
2025-09-05 13:45:45,288 - INFO - Example /home/projects/bagon/shared/imagenet512/val/n09332890/ILSVRC2012_val_00028191.JPEG reached epsilon at step 290, loss sum: 27.1239, final loss: 0.00099859, weight distance: 2.8723
2025-09-05 13:45:45,294 - INFO - Example 767 completed: 290 steps, loss sum: 27.1239, final loss: 0.00099859, weight distance: 2.8723 (universal rank: 41836)
2025-09-05 13:45:45,294 - INFO - 
=== Training Example 768/1500: /home/projects/bagon/shared/imagenet512/val/n15075141/ILSVRC2012_val_00001079.JPEG ===
2025-09-05 13:45:55,586 - INFO - Example /home/projects/bagon/shared/imagenet512/val/n15075141/ILSVRC2012_val_00001079.JPEG reached epsilon at step 306, loss sum: 18.6888, final loss: 0.00099800, weight distance: 3.1963
2025-09-05 13:45:55,591 - INFO - Example 768 completed: 306 steps, loss sum: 18.6888, final loss: 0.00099800, weight distance: 3.1963 (universal rank: 41845)
2025-09-05 13:45:55,592 - INFO - 
=== Training Example 769/1500: /home/projects/bagon/shared/imagenet512/val/n04380533/ILSVRC2012_val_00026968.JPEG ===
2025-09-05 13:46:04,467 - INFO - Example /home/projects/bagon/shared/imagenet512/val/n04380533/ILSVRC2012_val_00026968.JPEG reached epsilon at step 264, loss sum: 27.9941, final loss: 0.00099990, weight distance: 4.4807
2025-09-05 13:46:04,475 - INFO - Example 769 completed: 264 steps, loss sum: 27.9941, final loss: 0.00099990, weight distance: 4.4807 (universal rank: 41863)
2025-09-05 13:46:04,475 - INFO - 
=== Training Example 770/1500: /home/projects/bagon/shared/imagenet512/val/n01644373/ILSVRC2012_val_00036293.JPEG ===
2025-09-05 13:46:18,235 - INFO - Example /home/projects/bagon/shared/imagenet512/val/n01644373/ILSVRC2012_val_00036293.JPEG reached epsilon at step 412, loss sum: 60.5787, final loss: 0.00099824, weight distance: 3.3474
2025-09-05 13:46:18,241 - INFO - Example 770 completed: 412 steps, loss sum: 60.5787, final loss: 0.00099824, weight distance: 3.3474 (universal rank: 41879)
2025-09-05 13:46:18,241 - INFO - 
=== Training Example 771/1500: /home/projects/bagon/shared/imagenet512/val/n02002556/ILSVRC2012_val_00032580.JPEG ===
2025-09-05 13:46:21,059 - INFO - Example /home/projects/bagon/shared/imagenet512/val/n02002556/ILSVRC2012_val_00032580.JPEG reached epsilon at step 82, loss sum: 29.6801, final loss: 0.00099621, weight distance: 3.2080
2025-09-05 13:46:21,063 - INFO - Example 771 completed: 82 steps, loss sum: 29.6801, final loss: 0.00099621, weight distance: 3.2080 (universal rank: 41883)
2025-09-05 13:46:21,063 - INFO - 
=== Training Example 772/1500: /home/projects/bagon/shared/imagenet512/val/n02708093/ILSVRC2012_val_00005490.JPEG ===
2025-09-05 13:46:25,284 - INFO - Example /home/projects/bagon/shared/imagenet512/val/n02708093/ILSVRC2012_val_00005490.JPEG reached epsilon at step 125, loss sum: 18.5707, final loss: 0.00099812, weight distance: 5.5649
2025-09-05 13:46:25,289 - INFO - Example 772 completed: 125 steps, loss sum: 18.5707, final loss: 0.00099812, weight distance: 5.5649 (universal rank: 41884)
2025-09-05 13:46:25,289 - INFO - 
=== Training Example 773/1500: /home/projects/bagon/shared/imagenet512/val/n03062245/ILSVRC2012_val_00012643.JPEG ===
2025-09-05 13:46:32,947 - INFO - Example /home/projects/bagon/shared/imagenet512/val/n03062245/ILSVRC2012_val_00012643.JPEG reached epsilon at step 229, loss sum: 22.7304, final loss: 0.00099967, weight distance: 4.3784
2025-09-05 13:46:32,952 - INFO - Example 773 completed: 229 steps, loss sum: 22.7304, final loss: 0.00099967, weight distance: 4.3784 (universal rank: 41889)
2025-09-05 13:46:32,952 - INFO - 
=== Training Example 774/1500: /home/projects/bagon/shared/imagenet512/val/n04330267/ILSVRC2012_val_00000205.JPEG ===
2025-09-05 13:46:39,366 - INFO - Example /home/projects/bagon/shared/imagenet512/val/n04330267/ILSVRC2012_val_00000205.JPEG reached epsilon at step 190, loss sum: 15.6924, final loss: 0.00099609, weight distance: 3.0535
2025-09-05 13:46:39,373 - INFO - Example 774 completed: 190 steps, loss sum: 15.6924, final loss: 0.00099609, weight distance: 3.0535 (universal rank: 41897)
2025-09-05 13:46:39,373 - INFO - 
=== Training Example 775/1500: /home/projects/bagon/shared/imagenet512/val/n04270147/ILSVRC2012_val_00039725.JPEG ===
2025-09-05 13:46:47,104 - INFO - Example /home/projects/bagon/shared/imagenet512/val/n04270147/ILSVRC2012_val_00039725.JPEG reached epsilon at step 230, loss sum: 13.8375, final loss: 0.00099740, weight distance: 2.6262
2025-09-05 13:46:47,109 - INFO - Example 775 completed: 230 steps, loss sum: 13.8375, final loss: 0.00099740, weight distance: 2.6262 (universal rank: 41898)
2025-09-05 13:46:47,109 - INFO - 
=== Training Example 776/1500: /home/projects/bagon/shared/imagenet512/val/n04209239/ILSVRC2012_val_00026834.JPEG ===
2025-09-05 13:46:58,578 - INFO - Example /home/projects/bagon/shared/imagenet512/val/n04209239/ILSVRC2012_val_00026834.JPEG reached epsilon at step 341, loss sum: 20.5955, final loss: 0.00099669, weight distance: 3.6212
2025-09-05 13:46:58,584 - INFO - Example 776 completed: 341 steps, loss sum: 20.5955, final loss: 0.00099669, weight distance: 3.6212 (universal rank: 41901)
2025-09-05 13:46:58,584 - INFO - 
=== Training Example 777/1500: /home/projects/bagon/shared/imagenet512/val/n01924916/ILSVRC2012_val_00003942.JPEG ===
2025-09-05 13:47:09,945 - INFO - Example /home/projects/bagon/shared/imagenet512/val/n01924916/ILSVRC2012_val_00003942.JPEG reached epsilon at step 340, loss sum: 27.1722, final loss: 0.00099943, weight distance: 4.5046
2025-09-05 13:47:09,952 - INFO - Example 777 completed: 340 steps, loss sum: 27.1722, final loss: 0.00099943, weight distance: 4.5046 (universal rank: 41905)
2025-09-05 13:47:09,953 - INFO - 
=== Training Example 778/1500: /home/projects/bagon/shared/imagenet512/val/n03445777/ILSVRC2012_val_00023845.JPEG ===
2025-09-05 13:47:15,308 - INFO - Example /home/projects/bagon/shared/imagenet512/val/n03445777/ILSVRC2012_val_00023845.JPEG reached epsilon at step 158, loss sum: 15.9171, final loss: 0.00099871, weight distance: 3.7317
2025-09-05 13:47:15,314 - INFO - Example 778 completed: 158 steps, loss sum: 15.9171, final loss: 0.00099871, weight distance: 3.7317 (universal rank: 41906)
2025-09-05 13:47:15,314 - INFO - 
=== Training Example 779/1500: /home/projects/bagon/shared/imagenet512/val/n03529860/ILSVRC2012_val_00037976.JPEG ===
2025-09-05 13:47:23,557 - INFO - Example /home/projects/bagon/shared/imagenet512/val/n03529860/ILSVRC2012_val_00037976.JPEG reached epsilon at step 247, loss sum: 21.3188, final loss: 0.00099979, weight distance: 3.2151
2025-09-05 13:47:23,562 - INFO - Example 779 completed: 247 steps, loss sum: 21.3188, final loss: 0.00099979, weight distance: 3.2151 (universal rank: 41908)
2025-09-05 13:47:23,563 - INFO - 
=== Training Example 780/1500: /home/projects/bagon/shared/imagenet512/val/n03062245/ILSVRC2012_val_00023646.JPEG ===
2025-09-05 13:47:31,873 - INFO - Example /home/projects/bagon/shared/imagenet512/val/n03062245/ILSVRC2012_val_00023646.JPEG reached epsilon at step 249, loss sum: 44.1764, final loss: 0.00099943, weight distance: 2.9241
2025-09-05 13:47:31,879 - INFO - Example 780 completed: 249 steps, loss sum: 44.1764, final loss: 0.00099943, weight distance: 2.9241 (universal rank: 41910)
2025-09-05 13:47:31,879 - INFO - 
=== Training Example 781/1500: /home/projects/bagon/shared/imagenet512/val/n03764736/ILSVRC2012_val_00001522.JPEG ===
2025-09-05 13:47:38,859 - INFO - Example /home/projects/bagon/shared/imagenet512/val/n03764736/ILSVRC2012_val_00001522.JPEG reached epsilon at step 204, loss sum: 18.6524, final loss: 0.00099824, weight distance: 3.0727
2025-09-05 13:47:38,865 - INFO - Example 781 completed: 204 steps, loss sum: 18.6524, final loss: 0.00099824, weight distance: 3.0727 (universal rank: 41912)
2025-09-05 13:47:38,865 - INFO - 
=== Training Example 782/1500: /home/projects/bagon/shared/imagenet512/val/n01496331/ILSVRC2012_val_00037260.JPEG ===
2025-09-05 13:47:43,769 - INFO - Example /home/projects/bagon/shared/imagenet512/val/n01496331/ILSVRC2012_val_00037260.JPEG reached epsilon at step 141, loss sum: 8.2541, final loss: 0.00099812, weight distance: 2.0738
2025-09-05 13:47:43,774 - INFO - Example 782 completed: 141 steps, loss sum: 8.2541, final loss: 0.00099812, weight distance: 2.0738 (universal rank: 41919)
2025-09-05 13:47:43,774 - INFO - 
=== Training Example 783/1500: /home/projects/bagon/shared/imagenet512/val/n03196217/ILSVRC2012_val_00026752.JPEG ===
2025-09-05 13:47:50,651 - INFO - Example /home/projects/bagon/shared/imagenet512/val/n03196217/ILSVRC2012_val_00026752.JPEG reached epsilon at step 201, loss sum: 24.1486, final loss: 0.00099883, weight distance: 3.3877
2025-09-05 13:47:50,656 - INFO - Example 783 completed: 201 steps, loss sum: 24.1486, final loss: 0.00099883, weight distance: 3.3877 (universal rank: 41923)
2025-09-05 13:47:50,656 - INFO - 
=== Training Example 784/1500: /home/projects/bagon/shared/imagenet512/val/n03485407/ILSVRC2012_val_00043726.JPEG ===
2025-09-05 13:47:55,591 - INFO - Example /home/projects/bagon/shared/imagenet512/val/n03485407/ILSVRC2012_val_00043726.JPEG reached epsilon at step 146, loss sum: 19.4000, final loss: 0.00099490, weight distance: 2.3932
2025-09-05 13:47:55,596 - INFO - Example 784 completed: 146 steps, loss sum: 19.4000, final loss: 0.00099490, weight distance: 2.3932 (universal rank: 41930)
2025-09-05 13:47:55,596 - INFO - 
=== Training Example 785/1500: /home/projects/bagon/shared/imagenet512/val/n02783161/ILSVRC2012_val_00001098.JPEG ===
2025-09-05 13:48:04,238 - INFO - Example /home/projects/bagon/shared/imagenet512/val/n02783161/ILSVRC2012_val_00001098.JPEG reached epsilon at step 257, loss sum: 17.2979, final loss: 0.00099990, weight distance: 1.7135
2025-09-05 13:48:04,243 - INFO - Example 785 completed: 257 steps, loss sum: 17.2979, final loss: 0.00099990, weight distance: 1.7135 (universal rank: 41933)
2025-09-05 13:48:04,244 - INFO - 
=== Training Example 786/1500: /home/projects/bagon/shared/imagenet512/val/n03125729/ILSVRC2012_val_00032315.JPEG ===
2025-09-05 13:48:16,977 - INFO - Example /home/projects/bagon/shared/imagenet512/val/n03125729/ILSVRC2012_val_00032315.JPEG reached epsilon at step 380, loss sum: 46.7472, final loss: 0.00099871, weight distance: 3.5867
2025-09-05 13:48:16,984 - INFO - Example 786 completed: 380 steps, loss sum: 46.7472, final loss: 0.00099871, weight distance: 3.5867 (universal rank: 41942)
2025-09-05 13:48:16,984 - INFO - 
=== Training Example 787/1500: /home/projects/bagon/shared/imagenet512/val/n03160309/ILSVRC2012_val_00046535.JPEG ===
2025-09-05 13:48:27,939 - INFO - Example /home/projects/bagon/shared/imagenet512/val/n03160309/ILSVRC2012_val_00046535.JPEG reached epsilon at step 327, loss sum: 22.4060, final loss: 0.00099812, weight distance: 1.7571
2025-09-05 13:48:27,943 - INFO - Example 787 completed: 327 steps, loss sum: 22.4060, final loss: 0.00099812, weight distance: 1.7571 (universal rank: 41944)
2025-09-05 13:48:27,943 - INFO - 
=== Training Example 788/1500: /home/projects/bagon/shared/imagenet512/val/n02776631/ILSVRC2012_val_00032747.JPEG ===
2025-09-05 13:48:34,155 - INFO - Example /home/projects/bagon/shared/imagenet512/val/n02776631/ILSVRC2012_val_00032747.JPEG reached epsilon at step 185, loss sum: 19.9463, final loss: 0.00099979, weight distance: 1.2696
2025-09-05 13:48:34,161 - INFO - Example 788 completed: 185 steps, loss sum: 19.9463, final loss: 0.00099979, weight distance: 1.2696 (universal rank: 41947)
2025-09-05 13:48:34,161 - INFO - 
=== Training Example 789/1500: /home/projects/bagon/shared/imagenet512/val/n04456115/ILSVRC2012_val_00008611.JPEG ===
2025-09-05 13:48:39,362 - INFO - Example /home/projects/bagon/shared/imagenet512/val/n04456115/ILSVRC2012_val_00008611.JPEG reached epsilon at step 151, loss sum: 17.0100, final loss: 0.00099609, weight distance: 2.9850
2025-09-05 13:48:39,366 - INFO - Example 789 completed: 151 steps, loss sum: 17.0100, final loss: 0.00099609, weight distance: 2.9850 (universal rank: 41961)
2025-09-05 13:48:39,366 - INFO - 
=== Training Example 790/1500: /home/projects/bagon/shared/imagenet512/val/n04317175/ILSVRC2012_val_00014314.JPEG ===
2025-09-05 13:48:43,519 - INFO - Example /home/projects/bagon/shared/imagenet512/val/n04317175/ILSVRC2012_val_00014314.JPEG reached epsilon at step 120, loss sum: 20.0489, final loss: 0.00099526, weight distance: 2.2427
2025-09-05 13:48:43,523 - INFO - Example 790 completed: 120 steps, loss sum: 20.0489, final loss: 0.00099526, weight distance: 2.2427 (universal rank: 41998)
2025-09-05 13:48:43,523 - INFO - 
=== Training Example 791/1500: /home/projects/bagon/shared/imagenet512/val/n03325584/ILSVRC2012_val_00016174.JPEG ===
2025-09-05 13:48:46,010 - INFO - Example /home/projects/bagon/shared/imagenet512/val/n03325584/ILSVRC2012_val_00016174.JPEG reached epsilon at step 70, loss sum: 17.2866, final loss: 0.00099859, weight distance: 3.6949
2025-09-05 13:48:46,014 - INFO - Example 791 completed: 70 steps, loss sum: 17.2866, final loss: 0.00099859, weight distance: 3.6949 (universal rank: 42000)
2025-09-05 13:48:46,014 - INFO - 
=== Training Example 792/1500: /home/projects/bagon/shared/imagenet512/val/n03691459/ILSVRC2012_val_00030580.JPEG ===
2025-09-05 13:48:51,661 - INFO - Example /home/projects/bagon/shared/imagenet512/val/n03691459/ILSVRC2012_val_00030580.JPEG reached epsilon at step 163, loss sum: 26.8412, final loss: 0.00099764, weight distance: 2.6816
2025-09-05 13:48:51,666 - INFO - Example 792 completed: 163 steps, loss sum: 26.8412, final loss: 0.00099764, weight distance: 2.6816 (universal rank: 42007)
2025-09-05 13:48:51,666 - INFO - 
=== Training Example 793/1500: /home/projects/bagon/shared/imagenet512/val/n02099429/ILSVRC2012_val_00011793.JPEG ===
2025-09-05 13:49:00,877 - INFO - Example /home/projects/bagon/shared/imagenet512/val/n02099429/ILSVRC2012_val_00011793.JPEG reached epsilon at step 272, loss sum: 43.0592, final loss: 0.00099645, weight distance: 2.8500
2025-09-05 13:49:00,882 - INFO - Example 793 completed: 272 steps, loss sum: 43.0592, final loss: 0.00099645, weight distance: 2.8500 (universal rank: 42013)
2025-09-05 13:49:00,882 - INFO - 
=== Training Example 794/1500: /home/projects/bagon/shared/imagenet512/val/n03207743/ILSVRC2012_val_00012369.JPEG ===
2025-09-05 13:49:20,989 - INFO - Example /home/projects/bagon/shared/imagenet512/val/n03207743/ILSVRC2012_val_00012369.JPEG reached epsilon at step 602, loss sum: 50.9368, final loss: 0.00099967, weight distance: 4.9217
2025-09-05 13:49:20,997 - INFO - Example 794 completed: 602 steps, loss sum: 50.9368, final loss: 0.00099967, weight distance: 4.9217 (universal rank: 42018)
2025-09-05 13:49:20,997 - INFO - 
=== Training Example 795/1500: /home/projects/bagon/shared/imagenet512/val/n02119789/ILSVRC2012_val_00016254.JPEG ===
2025-09-05 13:49:34,546 - INFO - Example /home/projects/bagon/shared/imagenet512/val/n02119789/ILSVRC2012_val_00016254.JPEG reached epsilon at step 404, loss sum: 44.6029, final loss: 0.00099859, weight distance: 1.7104
2025-09-05 13:49:34,551 - INFO - Example 795 completed: 404 steps, loss sum: 44.6029, final loss: 0.00099859, weight distance: 1.7104 (universal rank: 42060)
2025-09-05 13:49:34,551 - INFO - 
=== Training Example 796/1500: /home/projects/bagon/shared/imagenet512/val/n04604644/ILSVRC2012_val_00014924.JPEG ===
2025-09-05 13:49:42,376 - INFO - Example /home/projects/bagon/shared/imagenet512/val/n04604644/ILSVRC2012_val_00014924.JPEG reached epsilon at step 229, loss sum: 26.7454, final loss: 0.00099657, weight distance: 1.9879
2025-09-05 13:49:42,382 - INFO - Example 796 completed: 229 steps, loss sum: 26.7454, final loss: 0.00099657, weight distance: 1.9879 (universal rank: 42069)
2025-09-05 13:49:42,382 - INFO - 
=== Training Example 797/1500: /home/projects/bagon/shared/imagenet512/val/n03347037/ILSVRC2012_val_00041368.JPEG ===
2025-09-05 13:49:48,766 - INFO - Example /home/projects/bagon/shared/imagenet512/val/n03347037/ILSVRC2012_val_00041368.JPEG reached epsilon at step 185, loss sum: 25.1923, final loss: 0.00099776, weight distance: 5.8803
2025-09-05 13:49:48,771 - INFO - Example 797 completed: 185 steps, loss sum: 25.1923, final loss: 0.00099776, weight distance: 5.8803 (universal rank: 42075)
2025-09-05 13:49:48,771 - INFO - 
=== Training Example 798/1500: /home/projects/bagon/shared/imagenet512/val/n03937543/ILSVRC2012_val_00023209.JPEG ===
2025-09-05 13:49:59,573 - INFO - Example /home/projects/bagon/shared/imagenet512/val/n03937543/ILSVRC2012_val_00023209.JPEG reached epsilon at step 319, loss sum: 48.2165, final loss: 0.00099979, weight distance: 2.5268
2025-09-05 13:49:59,578 - INFO - Example 798 completed: 319 steps, loss sum: 48.2165, final loss: 0.00099979, weight distance: 2.5268 (universal rank: 42079)
2025-09-05 13:49:59,578 - INFO - 
=== Training Example 799/1500: /home/projects/bagon/shared/imagenet512/val/n03494278/ILSVRC2012_val_00043892.JPEG ===
2025-09-05 13:50:05,365 - INFO - Example /home/projects/bagon/shared/imagenet512/val/n03494278/ILSVRC2012_val_00043892.JPEG reached epsilon at step 170, loss sum: 23.2841, final loss: 0.00099395, weight distance: 2.0517
2025-09-05 13:50:05,370 - INFO - Example 799 completed: 170 steps, loss sum: 23.2841, final loss: 0.00099395, weight distance: 2.0517 (universal rank: 42080)
2025-09-05 13:50:05,371 - INFO - 
=== Training Example 800/1500: /home/projects/bagon/shared/imagenet512/val/n03642806/ILSVRC2012_val_00007948.JPEG ===
2025-09-05 13:50:13,464 - INFO - Example /home/projects/bagon/shared/imagenet512/val/n03642806/ILSVRC2012_val_00007948.JPEG reached epsilon at step 241, loss sum: 45.2081, final loss: 0.00099800, weight distance: 1.4468
2025-09-05 13:50:13,470 - INFO - Example 800 completed: 241 steps, loss sum: 45.2081, final loss: 0.00099800, weight distance: 1.4468 (universal rank: 42088)
2025-09-05 13:50:13,471 - INFO - 
=== Training Example 801/1500: /home/projects/bagon/shared/imagenet512/val/n04476259/ILSVRC2012_val_00041437.JPEG ===
2025-09-05 13:50:18,220 - INFO - Example /home/projects/bagon/shared/imagenet512/val/n04476259/ILSVRC2012_val_00041437.JPEG reached epsilon at step 140, loss sum: 24.5408, final loss: 0.00099324, weight distance: 2.6071
2025-09-05 13:50:18,225 - INFO - Example 801 completed: 140 steps, loss sum: 24.5408, final loss: 0.00099324, weight distance: 2.6071 (universal rank: 42097)
2025-09-05 13:50:18,225 - INFO - 
=== Training Example 802/1500: /home/projects/bagon/shared/imagenet512/val/n12144580/ILSVRC2012_val_00036775.JPEG ===
2025-09-05 13:50:27,184 - INFO - Example /home/projects/bagon/shared/imagenet512/val/n12144580/ILSVRC2012_val_00036775.JPEG reached epsilon at step 268, loss sum: 22.0990, final loss: 0.00099586, weight distance: 3.3603
2025-09-05 13:50:27,191 - INFO - Example 802 completed: 268 steps, loss sum: 22.0990, final loss: 0.00099586, weight distance: 3.3603 (universal rank: 42098)
2025-09-05 13:50:27,191 - INFO - 
=== Training Example 803/1500: /home/projects/bagon/shared/imagenet512/val/n02786058/ILSVRC2012_val_00013543.JPEG ===
2025-09-05 13:50:33,825 - INFO - Example /home/projects/bagon/shared/imagenet512/val/n02786058/ILSVRC2012_val_00013543.JPEG reached epsilon at step 198, loss sum: 20.9391, final loss: 0.00099657, weight distance: 3.4992
2025-09-05 13:50:33,830 - INFO - Example 803 completed: 198 steps, loss sum: 20.9391, final loss: 0.00099657, weight distance: 3.4992 (universal rank: 42106)
2025-09-05 13:50:33,830 - INFO - 
=== Training Example 804/1500: /home/projects/bagon/shared/imagenet512/val/n07720875/ILSVRC2012_val_00027266.JPEG ===
2025-09-05 13:50:41,153 - INFO - Example /home/projects/bagon/shared/imagenet512/val/n07720875/ILSVRC2012_val_00027266.JPEG reached epsilon at step 218, loss sum: 30.6539, final loss: 0.00099681, weight distance: 8.7228
2025-09-05 13:50:41,158 - INFO - Example 804 completed: 218 steps, loss sum: 30.6539, final loss: 0.00099681, weight distance: 8.7228 (universal rank: 42110)
2025-09-05 13:50:41,159 - INFO - 
=== Training Example 805/1500: /home/projects/bagon/shared/imagenet512/val/n04591157/ILSVRC2012_val_00007764.JPEG ===
2025-09-05 13:50:49,728 - INFO - Example /home/projects/bagon/shared/imagenet512/val/n04591157/ILSVRC2012_val_00007764.JPEG reached epsilon at step 255, loss sum: 24.9594, final loss: 0.00099931, weight distance: 6.7394
2025-09-05 13:50:49,734 - INFO - Example 805 completed: 255 steps, loss sum: 24.9594, final loss: 0.00099931, weight distance: 6.7394 (universal rank: 42113)
2025-09-05 13:50:49,734 - INFO - 
=== Training Example 806/1500: /home/projects/bagon/shared/imagenet512/val/n03710637/ILSVRC2012_val_00025685.JPEG ===
2025-09-05 13:50:57,614 - INFO - Example /home/projects/bagon/shared/imagenet512/val/n03710637/ILSVRC2012_val_00025685.JPEG reached epsilon at step 234, loss sum: 25.9207, final loss: 0.00099907, weight distance: 0.8455
2025-09-05 13:50:57,619 - INFO - Example 806 completed: 234 steps, loss sum: 25.9207, final loss: 0.00099907, weight distance: 0.8455 (universal rank: 42116)
2025-09-05 13:50:57,620 - INFO - 
=== Training Example 807/1500: /home/projects/bagon/shared/imagenet512/val/n02814533/ILSVRC2012_val_00010252.JPEG ===
2025-09-05 13:51:08,985 - INFO - Example /home/projects/bagon/shared/imagenet512/val/n02814533/ILSVRC2012_val_00010252.JPEG reached epsilon at step 340, loss sum: 21.9487, final loss: 0.00099943, weight distance: 1.4468
2025-09-05 13:51:08,991 - INFO - Example 807 completed: 340 steps, loss sum: 21.9487, final loss: 0.00099943, weight distance: 1.4468 (universal rank: 42120)
2025-09-05 13:51:08,991 - INFO - 
=== Training Example 808/1500: /home/projects/bagon/shared/imagenet512/val/n02423022/ILSVRC2012_val_00007265.JPEG ===
2025-09-05 13:51:19,927 - INFO - Example /home/projects/bagon/shared/imagenet512/val/n02423022/ILSVRC2012_val_00007265.JPEG reached epsilon at step 328, loss sum: 18.0344, final loss: 0.00099955, weight distance: 1.5259
2025-09-05 13:51:19,933 - INFO - Example 808 completed: 328 steps, loss sum: 18.0344, final loss: 0.00099955, weight distance: 1.5259 (universal rank: 42123)
2025-09-05 13:51:19,933 - INFO - 
=== Training Example 809/1500: /home/projects/bagon/shared/imagenet512/val/n02028035/ILSVRC2012_val_00005465.JPEG ===
2025-09-05 13:51:29,744 - INFO - Example /home/projects/bagon/shared/imagenet512/val/n02028035/ILSVRC2012_val_00005465.JPEG reached epsilon at step 294, loss sum: 23.3489, final loss: 0.00099752, weight distance: 3.7524
2025-09-05 13:51:29,751 - INFO - Example 809 completed: 294 steps, loss sum: 23.3489, final loss: 0.00099752, weight distance: 3.7524 (universal rank: 42126)
2025-09-05 13:51:29,751 - INFO - 
=== Training Example 810/1500: /home/projects/bagon/shared/imagenet512/val/n02747177/ILSVRC2012_val_00044878.JPEG ===
2025-09-05 13:51:34,183 - INFO - Example /home/projects/bagon/shared/imagenet512/val/n02747177/ILSVRC2012_val_00044878.JPEG reached epsilon at step 131, loss sum: 46.5348, final loss: 0.00099990, weight distance: 3.7639
2025-09-05 13:51:34,189 - INFO - Example 810 completed: 131 steps, loss sum: 46.5348, final loss: 0.00099990, weight distance: 3.7639 (universal rank: 42134)
2025-09-05 13:51:34,190 - INFO - 
=== Training Example 811/1500: /home/projects/bagon/shared/imagenet512/val/n02097298/ILSVRC2012_val_00012881.JPEG ===
2025-09-05 13:51:36,625 - INFO - Example /home/projects/bagon/shared/imagenet512/val/n02097298/ILSVRC2012_val_00012881.JPEG reached epsilon at step 71, loss sum: 21.3619, final loss: 0.00099157, weight distance: 1.3516
2025-09-05 13:51:36,630 - INFO - Example 811 completed: 71 steps, loss sum: 21.3619, final loss: 0.00099157, weight distance: 1.3516 (universal rank: 42137)
2025-09-05 13:51:36,630 - INFO - 
=== Training Example 812/1500: /home/projects/bagon/shared/imagenet512/val/n03249569/ILSVRC2012_val_00026291.JPEG ===
2025-09-05 13:51:45,548 - INFO - Example /home/projects/bagon/shared/imagenet512/val/n03249569/ILSVRC2012_val_00026291.JPEG reached epsilon at step 258, loss sum: 21.0633, final loss: 0.00099800, weight distance: 3.5514
2025-09-05 13:51:45,552 - INFO - Example 812 completed: 258 steps, loss sum: 21.0633, final loss: 0.00099800, weight distance: 3.5514 (universal rank: 42138)
2025-09-05 13:51:45,552 - INFO - 
=== Training Example 813/1500: /home/projects/bagon/shared/imagenet512/val/n04286575/ILSVRC2012_val_00049656.JPEG ===
2025-09-05 13:51:47,541 - INFO - Example /home/projects/bagon/shared/imagenet512/val/n04286575/ILSVRC2012_val_00049656.JPEG reached epsilon at step 56, loss sum: 11.0008, final loss: 0.00099502, weight distance: 2.6980
2025-09-05 13:51:47,546 - INFO - Example 813 completed: 56 steps, loss sum: 11.0008, final loss: 0.00099502, weight distance: 2.6980 (universal rank: 42140)
2025-09-05 13:51:47,546 - INFO - 
=== Training Example 814/1500: /home/projects/bagon/shared/imagenet512/val/n03529860/ILSVRC2012_val_00000387.JPEG ===
2025-09-05 13:51:57,745 - INFO - Example /home/projects/bagon/shared/imagenet512/val/n03529860/ILSVRC2012_val_00000387.JPEG reached epsilon at step 304, loss sum: 24.9405, final loss: 0.00099919, weight distance: 3.1614
2025-09-05 13:51:57,751 - INFO - Example 814 completed: 304 steps, loss sum: 24.9405, final loss: 0.00099919, weight distance: 3.1614 (universal rank: 42144)
2025-09-05 13:51:57,751 - INFO - 
=== Training Example 815/1500: /home/projects/bagon/shared/imagenet512/val/n04235860/ILSVRC2012_val_00019223.JPEG ===
2025-09-05 13:52:02,399 - INFO - Example /home/projects/bagon/shared/imagenet512/val/n04235860/ILSVRC2012_val_00019223.JPEG reached epsilon at step 137, loss sum: 29.5699, final loss: 0.00099728, weight distance: 2.3363
2025-09-05 13:52:02,404 - INFO - Example 815 completed: 137 steps, loss sum: 29.5699, final loss: 0.00099728, weight distance: 2.3363 (universal rank: 42150)
2025-09-05 13:52:02,404 - INFO - 
=== Training Example 816/1500: /home/projects/bagon/shared/imagenet512/val/n02865351/ILSVRC2012_val_00011687.JPEG ===
2025-09-05 13:52:10,846 - INFO - Example /home/projects/bagon/shared/imagenet512/val/n02865351/ILSVRC2012_val_00011687.JPEG reached epsilon at step 252, loss sum: 17.6075, final loss: 0.00099990, weight distance: 3.5461
2025-09-05 13:52:10,852 - INFO - Example 816 completed: 252 steps, loss sum: 17.6075, final loss: 0.00099990, weight distance: 3.5461 (universal rank: 42159)
2025-09-05 13:52:10,852 - INFO - 
=== Training Example 817/1500: /home/projects/bagon/shared/imagenet512/val/n04507155/ILSVRC2012_val_00029272.JPEG ===
2025-09-05 13:52:32,555 - INFO - Example /home/projects/bagon/shared/imagenet512/val/n04507155/ILSVRC2012_val_00029272.JPEG reached epsilon at step 654, loss sum: 40.4295, final loss: 0.00099943, weight distance: 4.2875
2025-09-05 13:52:32,563 - INFO - Example 817 completed: 654 steps, loss sum: 40.4295, final loss: 0.00099943, weight distance: 4.2875 (universal rank: 42160)
2025-09-05 13:52:32,563 - INFO - 
=== Training Example 818/1500: /home/projects/bagon/shared/imagenet512/val/n04548362/ILSVRC2012_val_00025829.JPEG ===
2025-09-05 13:52:39,244 - INFO - Example /home/projects/bagon/shared/imagenet512/val/n04548362/ILSVRC2012_val_00025829.JPEG reached epsilon at step 198, loss sum: 41.1528, final loss: 0.00099931, weight distance: 2.3973
2025-09-05 13:52:39,249 - INFO - Example 818 completed: 198 steps, loss sum: 41.1528, final loss: 0.00099931, weight distance: 2.3973 (universal rank: 42161)
2025-09-05 13:52:39,249 - INFO - 
=== Training Example 819/1500: /home/projects/bagon/shared/imagenet512/val/n02113186/ILSVRC2012_val_00047755.JPEG ===
2025-09-05 13:52:46,600 - INFO - Example /home/projects/bagon/shared/imagenet512/val/n02113186/ILSVRC2012_val_00047755.JPEG reached epsilon at step 219, loss sum: 25.4924, final loss: 0.00099276, weight distance: 2.0390
2025-09-05 13:52:46,606 - INFO - Example 819 completed: 219 steps, loss sum: 25.4924, final loss: 0.00099276, weight distance: 2.0390 (universal rank: 42171)
2025-09-05 13:52:46,606 - INFO - 
=== Training Example 820/1500: /home/projects/bagon/shared/imagenet512/val/n02669723/ILSVRC2012_val_00015594.JPEG ===
2025-09-05 13:52:52,039 - INFO - Example /home/projects/bagon/shared/imagenet512/val/n02669723/ILSVRC2012_val_00015594.JPEG reached epsilon at step 160, loss sum: 18.1437, final loss: 0.00099883, weight distance: 2.2010
2025-09-05 13:52:52,045 - INFO - Example 820 completed: 160 steps, loss sum: 18.1437, final loss: 0.00099883, weight distance: 2.2010 (universal rank: 42182)
2025-09-05 13:52:52,045 - INFO - 
=== Training Example 821/1500: /home/projects/bagon/shared/imagenet512/val/n04270147/ILSVRC2012_val_00040022.JPEG ===
2025-09-05 13:52:57,217 - INFO - Example /home/projects/bagon/shared/imagenet512/val/n04270147/ILSVRC2012_val_00040022.JPEG reached epsilon at step 153, loss sum: 12.1616, final loss: 0.00098490, weight distance: 3.1112
2025-09-05 13:52:57,222 - INFO - Example 821 completed: 153 steps, loss sum: 12.1616, final loss: 0.00098490, weight distance: 3.1112 (universal rank: 42183)
2025-09-05 13:52:57,222 - INFO - 
=== Training Example 822/1500: /home/projects/bagon/shared/imagenet512/val/n03838899/ILSVRC2012_val_00001834.JPEG ===
2025-09-05 13:53:01,928 - INFO - Example /home/projects/bagon/shared/imagenet512/val/n03838899/ILSVRC2012_val_00001834.JPEG reached epsilon at step 133, loss sum: 22.2664, final loss: 0.00099740, weight distance: 4.2816
2025-09-05 13:53:01,932 - INFO - Example 822 completed: 133 steps, loss sum: 22.2664, final loss: 0.00099740, weight distance: 4.2816 (universal rank: 42206)
2025-09-05 13:53:01,932 - INFO - 
=== Training Example 823/1500: /home/projects/bagon/shared/imagenet512/val/n02978881/ILSVRC2012_val_00010757.JPEG ===
2025-09-05 13:53:10,380 - INFO - Example /home/projects/bagon/shared/imagenet512/val/n02978881/ILSVRC2012_val_00010757.JPEG reached epsilon at step 253, loss sum: 41.7025, final loss: 0.00099740, weight distance: 2.3897
2025-09-05 13:53:10,385 - INFO - Example 823 completed: 253 steps, loss sum: 41.7025, final loss: 0.00099740, weight distance: 2.3897 (universal rank: 42209)
2025-09-05 13:53:10,386 - INFO - 
=== Training Example 824/1500: /home/projects/bagon/shared/imagenet512/val/n04286575/ILSVRC2012_val_00034914.JPEG ===
2025-09-05 13:53:15,103 - INFO - Example /home/projects/bagon/shared/imagenet512/val/n04286575/ILSVRC2012_val_00034914.JPEG reached epsilon at step 140, loss sum: 12.0755, final loss: 0.00099514, weight distance: 2.8911
2025-09-05 13:53:15,108 - INFO - Example 824 completed: 140 steps, loss sum: 12.0755, final loss: 0.00099514, weight distance: 2.8911 (universal rank: 42216)
2025-09-05 13:53:15,108 - INFO - 
=== Training Example 825/1500: /home/projects/bagon/shared/imagenet512/val/n09468604/ILSVRC2012_val_00025853.JPEG ===
2025-09-05 13:53:22,001 - INFO - Example /home/projects/bagon/shared/imagenet512/val/n09468604/ILSVRC2012_val_00025853.JPEG reached epsilon at step 206, loss sum: 26.2828, final loss: 0.00099979, weight distance: 2.1158
2025-09-05 13:53:22,006 - INFO - Example 825 completed: 206 steps, loss sum: 26.2828, final loss: 0.00099979, weight distance: 2.1158 (universal rank: 42223)
2025-09-05 13:53:22,007 - INFO - 
=== Training Example 826/1500: /home/projects/bagon/shared/imagenet512/val/n04317175/ILSVRC2012_val_00007135.JPEG ===
2025-09-05 13:53:27,432 - INFO - Example /home/projects/bagon/shared/imagenet512/val/n04317175/ILSVRC2012_val_00007135.JPEG reached epsilon at step 161, loss sum: 32.2596, final loss: 0.00099705, weight distance: 3.2899
2025-09-05 13:53:27,437 - INFO - Example 826 completed: 161 steps, loss sum: 32.2596, final loss: 0.00099705, weight distance: 3.2899 (universal rank: 42227)
2025-09-05 13:53:27,437 - INFO - 
=== Training Example 827/1500: /home/projects/bagon/shared/imagenet512/val/n02841315/ILSVRC2012_val_00039447.JPEG ===
2025-09-05 13:53:29,783 - INFO - Example /home/projects/bagon/shared/imagenet512/val/n02841315/ILSVRC2012_val_00039447.JPEG reached epsilon at step 68, loss sum: 9.1222, final loss: 0.00098823, weight distance: 1.2910
2025-09-05 13:53:29,788 - INFO - Example 827 completed: 68 steps, loss sum: 9.1222, final loss: 0.00098823, weight distance: 1.2910 (universal rank: 42228)
2025-09-05 13:53:29,789 - INFO - 
=== Training Example 828/1500: /home/projects/bagon/shared/imagenet512/val/n04356056/ILSVRC2012_val_00024708.JPEG ===
2025-09-05 13:53:35,197 - INFO - Example /home/projects/bagon/shared/imagenet512/val/n04356056/ILSVRC2012_val_00024708.JPEG reached epsilon at step 161, loss sum: 14.2639, final loss: 0.00099645, weight distance: 2.0510
2025-09-05 13:53:35,204 - INFO - Example 828 completed: 161 steps, loss sum: 14.2639, final loss: 0.00099645, weight distance: 2.0510 (universal rank: 42231)
2025-09-05 13:53:35,204 - INFO - 
=== Training Example 829/1500: /home/projects/bagon/shared/imagenet512/val/n02415577/ILSVRC2012_val_00016135.JPEG ===
2025-09-05 13:53:43,758 - INFO - Example /home/projects/bagon/shared/imagenet512/val/n02415577/ILSVRC2012_val_00016135.JPEG reached epsilon at step 256, loss sum: 20.8949, final loss: 0.00097644, weight distance: 0.9217
2025-09-05 13:53:43,764 - INFO - Example 829 completed: 256 steps, loss sum: 20.8949, final loss: 0.00097644, weight distance: 0.9217 (universal rank: 42232)
2025-09-05 13:53:43,764 - INFO - 
=== Training Example 830/1500: /home/projects/bagon/shared/imagenet512/val/n02113712/ILSVRC2012_val_00007261.JPEG ===
2025-09-05 13:53:51,031 - INFO - Example /home/projects/bagon/shared/imagenet512/val/n02113712/ILSVRC2012_val_00007261.JPEG reached epsilon at step 216, loss sum: 20.1872, final loss: 0.00099979, weight distance: 2.0424
2025-09-05 13:53:51,037 - INFO - Example 830 completed: 216 steps, loss sum: 20.1872, final loss: 0.00099979, weight distance: 2.0424 (universal rank: 42233)
2025-09-05 13:53:51,037 - INFO - 
=== Training Example 831/1500: /home/projects/bagon/shared/imagenet512/val/n01755581/ILSVRC2012_val_00016470.JPEG ===
2025-09-05 13:54:01,408 - INFO - Example /home/projects/bagon/shared/imagenet512/val/n01755581/ILSVRC2012_val_00016470.JPEG reached epsilon at step 308, loss sum: 34.1069, final loss: 0.00099871, weight distance: 4.7694
2025-09-05 13:54:01,414 - INFO - Example 831 completed: 308 steps, loss sum: 34.1069, final loss: 0.00099871, weight distance: 4.7694 (universal rank: 42254)
2025-09-05 13:54:01,414 - INFO - 
=== Training Example 832/1500: /home/projects/bagon/shared/imagenet512/val/n04070727/ILSVRC2012_val_00036831.JPEG ===
2025-09-05 13:54:07,514 - INFO - Example /home/projects/bagon/shared/imagenet512/val/n04070727/ILSVRC2012_val_00036831.JPEG reached epsilon at step 181, loss sum: 26.7901, final loss: 0.00099562, weight distance: 4.0500
2025-09-05 13:54:07,519 - INFO - Example 832 completed: 181 steps, loss sum: 26.7901, final loss: 0.00099562, weight distance: 4.0500 (universal rank: 42264)
2025-09-05 13:54:07,519 - INFO - 
=== Training Example 833/1500: /home/projects/bagon/shared/imagenet512/val/n02107908/ILSVRC2012_val_00040222.JPEG ===
2025-09-05 13:54:14,496 - INFO - Example /home/projects/bagon/shared/imagenet512/val/n02107908/ILSVRC2012_val_00040222.JPEG reached epsilon at step 207, loss sum: 43.1957, final loss: 0.00099955, weight distance: 4.7823
2025-09-05 13:54:14,502 - INFO - Example 833 completed: 207 steps, loss sum: 43.1957, final loss: 0.00099955, weight distance: 4.7823 (universal rank: 42266)
2025-09-05 13:54:14,502 - INFO - 
=== Training Example 834/1500: /home/projects/bagon/shared/imagenet512/val/n03400231/ILSVRC2012_val_00045855.JPEG ===
2025-09-05 13:54:19,161 - INFO - Example /home/projects/bagon/shared/imagenet512/val/n03400231/ILSVRC2012_val_00045855.JPEG reached epsilon at step 138, loss sum: 18.6926, final loss: 0.00099550, weight distance: 1.1115
2025-09-05 13:54:19,167 - INFO - Example 834 completed: 138 steps, loss sum: 18.6926, final loss: 0.00099550, weight distance: 1.1115 (universal rank: 42273)
2025-09-05 13:54:19,167 - INFO - 
=== Training Example 835/1500: /home/projects/bagon/shared/imagenet512/val/n02916936/ILSVRC2012_val_00046560.JPEG ===
2025-09-05 13:54:23,889 - INFO - Example /home/projects/bagon/shared/imagenet512/val/n02916936/ILSVRC2012_val_00046560.JPEG reached epsilon at step 140, loss sum: 28.4857, final loss: 0.00099347, weight distance: 3.2693
2025-09-05 13:54:23,894 - INFO - Example 835 completed: 140 steps, loss sum: 28.4857, final loss: 0.00099347, weight distance: 3.2693 (universal rank: 42276)
2025-09-05 13:54:23,894 - INFO - 
=== Training Example 836/1500: /home/projects/bagon/shared/imagenet512/val/n02699494/ILSVRC2012_val_00002747.JPEG ===
2025-09-05 13:54:30,528 - INFO - Example /home/projects/bagon/shared/imagenet512/val/n02699494/ILSVRC2012_val_00002747.JPEG reached epsilon at step 197, loss sum: 22.4607, final loss: 0.00099752, weight distance: 1.3671
2025-09-05 13:54:30,533 - INFO - Example 836 completed: 197 steps, loss sum: 22.4607, final loss: 0.00099752, weight distance: 1.3671 (universal rank: 42281)
2025-09-05 13:54:30,533 - INFO - 
=== Training Example 837/1500: /home/projects/bagon/shared/imagenet512/val/n02410509/ILSVRC2012_val_00039568.JPEG ===
2025-09-05 13:54:35,487 - INFO - Example /home/projects/bagon/shared/imagenet512/val/n02410509/ILSVRC2012_val_00039568.JPEG reached epsilon at step 147, loss sum: 23.3116, final loss: 0.00099859, weight distance: 2.7134
2025-09-05 13:54:35,493 - INFO - Example 837 completed: 147 steps, loss sum: 23.3116, final loss: 0.00099859, weight distance: 2.7134 (universal rank: 42289)
2025-09-05 13:54:35,493 - INFO - 
=== Training Example 838/1500: /home/projects/bagon/shared/imagenet512/val/n03047690/ILSVRC2012_val_00014011.JPEG ===
2025-09-05 13:54:45,177 - INFO - Example /home/projects/bagon/shared/imagenet512/val/n03047690/ILSVRC2012_val_00014011.JPEG reached epsilon at step 288, loss sum: 39.0333, final loss: 0.00099871, weight distance: 4.0468
2025-09-05 13:54:45,183 - INFO - Example 838 completed: 288 steps, loss sum: 39.0333, final loss: 0.00099871, weight distance: 4.0468 (universal rank: 42301)
2025-09-05 13:54:45,183 - INFO - 
=== Training Example 839/1500: /home/projects/bagon/shared/imagenet512/val/n03529860/ILSVRC2012_val_00024939.JPEG ===
2025-09-05 13:54:52,077 - INFO - Example /home/projects/bagon/shared/imagenet512/val/n03529860/ILSVRC2012_val_00024939.JPEG reached epsilon at step 204, loss sum: 19.6148, final loss: 0.00099550, weight distance: 2.7037
2025-09-05 13:54:52,082 - INFO - Example 839 completed: 204 steps, loss sum: 19.6148, final loss: 0.00099550, weight distance: 2.7037 (universal rank: 42304)
2025-09-05 13:54:52,083 - INFO - 
=== Training Example 840/1500: /home/projects/bagon/shared/imagenet512/val/n07693725/ILSVRC2012_val_00020615.JPEG ===
2025-09-05 13:54:57,890 - INFO - Example /home/projects/bagon/shared/imagenet512/val/n07693725/ILSVRC2012_val_00020615.JPEG reached epsilon at step 172, loss sum: 28.6366, final loss: 0.00099943, weight distance: 1.3319
2025-09-05 13:54:57,895 - INFO - Example 840 completed: 172 steps, loss sum: 28.6366, final loss: 0.00099943, weight distance: 1.3319 (universal rank: 42308)
2025-09-05 13:54:57,895 - INFO - 
=== Training Example 841/1500: /home/projects/bagon/shared/imagenet512/val/n07873807/ILSVRC2012_val_00005784.JPEG ===
2025-09-05 13:55:06,221 - INFO - Example /home/projects/bagon/shared/imagenet512/val/n07873807/ILSVRC2012_val_00005784.JPEG reached epsilon at step 247, loss sum: 33.3166, final loss: 0.00099883, weight distance: 3.8435
2025-09-05 13:55:06,226 - INFO - Example 841 completed: 247 steps, loss sum: 33.3166, final loss: 0.00099883, weight distance: 3.8435 (universal rank: 42311)
2025-09-05 13:55:06,226 - INFO - 
=== Training Example 842/1500: /home/projects/bagon/shared/imagenet512/val/n02971356/ILSVRC2012_val_00008083.JPEG ===
2025-09-05 13:55:16,288 - INFO - Example /home/projects/bagon/shared/imagenet512/val/n02971356/ILSVRC2012_val_00008083.JPEG reached epsilon at step 300, loss sum: 22.0287, final loss: 0.00099812, weight distance: 3.4882
2025-09-05 13:55:16,294 - INFO - Example 842 completed: 300 steps, loss sum: 22.0287, final loss: 0.00099812, weight distance: 3.4882 (universal rank: 42313)
2025-09-05 13:55:16,295 - INFO - 
=== Training Example 843/1500: /home/projects/bagon/shared/imagenet512/val/n04355338/ILSVRC2012_val_00048060.JPEG ===
2025-09-05 13:55:24,209 - INFO - Example /home/projects/bagon/shared/imagenet512/val/n04355338/ILSVRC2012_val_00048060.JPEG reached epsilon at step 237, loss sum: 16.7738, final loss: 0.00099776, weight distance: 2.1130
2025-09-05 13:55:24,215 - INFO - Example 843 completed: 237 steps, loss sum: 16.7738, final loss: 0.00099776, weight distance: 2.1130 (universal rank: 42321)
2025-09-05 13:55:24,215 - INFO - 
=== Training Example 844/1500: /home/projects/bagon/shared/imagenet512/val/n03424325/ILSVRC2012_val_00027964.JPEG ===
2025-09-05 13:55:29,793 - INFO - Example /home/projects/bagon/shared/imagenet512/val/n03424325/ILSVRC2012_val_00027964.JPEG reached epsilon at step 166, loss sum: 34.6078, final loss: 0.00099550, weight distance: 3.4852
2025-09-05 13:55:29,797 - INFO - Example 844 completed: 166 steps, loss sum: 34.6078, final loss: 0.00099550, weight distance: 3.4852 (universal rank: 42324)
2025-09-05 13:55:29,797 - INFO - 
=== Training Example 845/1500: /home/projects/bagon/shared/imagenet512/val/n04462240/ILSVRC2012_val_00002610.JPEG ===
2025-09-05 13:55:35,002 - INFO - Example /home/projects/bagon/shared/imagenet512/val/n04462240/ILSVRC2012_val_00002610.JPEG reached epsilon at step 155, loss sum: 20.6600, final loss: 0.00099681, weight distance: 3.4088
2025-09-05 13:55:35,007 - INFO - Example 845 completed: 155 steps, loss sum: 20.6600, final loss: 0.00099681, weight distance: 3.4088 (universal rank: 42325)
2025-09-05 13:55:35,007 - INFO - 
=== Training Example 846/1500: /home/projects/bagon/shared/imagenet512/val/n01740131/ILSVRC2012_val_00038556.JPEG ===
2025-09-05 13:55:39,440 - INFO - Example /home/projects/bagon/shared/imagenet512/val/n01740131/ILSVRC2012_val_00038556.JPEG reached epsilon at step 130, loss sum: 38.8456, final loss: 0.00099395, weight distance: 3.7551
2025-09-05 13:55:39,446 - INFO - Example 846 completed: 130 steps, loss sum: 38.8456, final loss: 0.00099395, weight distance: 3.7551 (universal rank: 42328)
2025-09-05 13:55:39,446 - INFO - 
=== Training Example 847/1500: /home/projects/bagon/shared/imagenet512/val/n02097474/ILSVRC2012_val_00038294.JPEG ===
2025-09-05 13:55:45,393 - INFO - Example /home/projects/bagon/shared/imagenet512/val/n02097474/ILSVRC2012_val_00038294.JPEG reached epsilon at step 177, loss sum: 31.9037, final loss: 0.00099836, weight distance: 3.4835
2025-09-05 13:55:45,399 - INFO - Example 847 completed: 177 steps, loss sum: 31.9037, final loss: 0.00099836, weight distance: 3.4835 (universal rank: 42359)
2025-09-05 13:55:45,399 - INFO - 
=== Training Example 848/1500: /home/projects/bagon/shared/imagenet512/val/n03179701/ILSVRC2012_val_00038357.JPEG ===
2025-09-05 13:55:54,827 - INFO - Example /home/projects/bagon/shared/imagenet512/val/n03179701/ILSVRC2012_val_00038357.JPEG reached epsilon at step 281, loss sum: 24.0481, final loss: 0.00099824, weight distance: 1.7753
2025-09-05 13:55:54,833 - INFO - Example 848 completed: 281 steps, loss sum: 24.0481, final loss: 0.00099824, weight distance: 1.7753 (universal rank: 42360)
2025-09-05 13:55:54,833 - INFO - 
=== Training Example 849/1500: /home/projects/bagon/shared/imagenet512/val/n02834397/ILSVRC2012_val_00013224.JPEG ===
2025-09-05 13:56:05,635 - INFO - Example /home/projects/bagon/shared/imagenet512/val/n02834397/ILSVRC2012_val_00013224.JPEG reached epsilon at step 323, loss sum: 52.1733, final loss: 0.00099848, weight distance: 5.2279
2025-09-05 13:56:05,640 - INFO - Example 849 completed: 323 steps, loss sum: 52.1733, final loss: 0.00099848, weight distance: 5.2279 (universal rank: 42362)
2025-09-05 13:56:05,640 - INFO - 
=== Training Example 850/1500: /home/projects/bagon/shared/imagenet512/val/n03124170/ILSVRC2012_val_00016536.JPEG ===
2025-09-05 13:56:13,242 - INFO - Example /home/projects/bagon/shared/imagenet512/val/n03124170/ILSVRC2012_val_00016536.JPEG reached epsilon at step 227, loss sum: 22.3531, final loss: 0.00099609, weight distance: 2.4551
2025-09-05 13:56:13,248 - INFO - Example 850 completed: 227 steps, loss sum: 22.3531, final loss: 0.00099609, weight distance: 2.4551 (universal rank: 42364)
2025-09-05 13:56:13,248 - INFO - 
=== Training Example 851/1500: /home/projects/bagon/shared/imagenet512/val/n04200800/ILSVRC2012_val_00028940.JPEG ===
2025-09-05 13:56:21,442 - INFO - Example /home/projects/bagon/shared/imagenet512/val/n04200800/ILSVRC2012_val_00028940.JPEG reached epsilon at step 245, loss sum: 21.2626, final loss: 0.00099633, weight distance: 4.3855
2025-09-05 13:56:21,447 - INFO - Example 851 completed: 245 steps, loss sum: 21.2626, final loss: 0.00099633, weight distance: 4.3855 (universal rank: 42367)
2025-09-05 13:56:21,448 - INFO - 
=== Training Example 852/1500: /home/projects/bagon/shared/imagenet512/val/n07920052/ILSVRC2012_val_00029384.JPEG ===
2025-09-05 13:56:33,401 - INFO - Example /home/projects/bagon/shared/imagenet512/val/n07920052/ILSVRC2012_val_00029384.JPEG reached epsilon at step 360, loss sum: 46.1634, final loss: 0.00099871, weight distance: 2.5332
2025-09-05 13:56:33,407 - INFO - Example 852 completed: 360 steps, loss sum: 46.1634, final loss: 0.00099871, weight distance: 2.5332 (universal rank: 42370)
2025-09-05 13:56:33,408 - INFO - 
=== Training Example 853/1500: /home/projects/bagon/shared/imagenet512/val/n04461696/ILSVRC2012_val_00041448.JPEG ===
2025-09-05 13:56:41,551 - INFO - Example /home/projects/bagon/shared/imagenet512/val/n04461696/ILSVRC2012_val_00041448.JPEG reached epsilon at step 243, loss sum: 32.4471, final loss: 0.00099645, weight distance: 3.4755
2025-09-05 13:56:41,558 - INFO - Example 853 completed: 243 steps, loss sum: 32.4471, final loss: 0.00099645, weight distance: 3.4755 (universal rank: 42374)
2025-09-05 13:56:41,558 - INFO - 
=== Training Example 854/1500: /home/projects/bagon/shared/imagenet512/val/n02089867/ILSVRC2012_val_00011792.JPEG ===
2025-09-05 13:56:47,430 - INFO - Example /home/projects/bagon/shared/imagenet512/val/n02089867/ILSVRC2012_val_00011792.JPEG reached epsilon at step 174, loss sum: 21.6224, final loss: 0.00099812, weight distance: 1.9566
2025-09-05 13:56:47,435 - INFO - Example 854 completed: 174 steps, loss sum: 21.6224, final loss: 0.00099812, weight distance: 1.9566 (universal rank: 42379)
2025-09-05 13:56:47,436 - INFO - 
=== Training Example 855/1500: /home/projects/bagon/shared/imagenet512/val/n04591713/ILSVRC2012_val_00033990.JPEG ===
2025-09-05 13:56:52,449 - INFO - Example /home/projects/bagon/shared/imagenet512/val/n04591713/ILSVRC2012_val_00033990.JPEG reached epsilon at step 148, loss sum: 18.2136, final loss: 0.00099883, weight distance: 2.2553
2025-09-05 13:56:52,455 - INFO - Example 855 completed: 148 steps, loss sum: 18.2136, final loss: 0.00099883, weight distance: 2.2553 (universal rank: 42386)
2025-09-05 13:56:52,455 - INFO - 
=== Training Example 856/1500: /home/projects/bagon/shared/imagenet512/val/n01955084/ILSVRC2012_val_00028635.JPEG ===
2025-09-05 13:57:04,370 - INFO - Example /home/projects/bagon/shared/imagenet512/val/n01955084/ILSVRC2012_val_00028635.JPEG reached epsilon at step 357, loss sum: 36.9093, final loss: 0.00099800, weight distance: 0.9319
2025-09-05 13:57:04,377 - INFO - Example 856 completed: 357 steps, loss sum: 36.9093, final loss: 0.00099800, weight distance: 0.9319 (universal rank: 42390)
2025-09-05 13:57:04,377 - INFO - 
=== Training Example 857/1500: /home/projects/bagon/shared/imagenet512/val/n03761084/ILSVRC2012_val_00005324.JPEG ===
2025-09-05 13:57:14,680 - INFO - Example /home/projects/bagon/shared/imagenet512/val/n03761084/ILSVRC2012_val_00005324.JPEG reached epsilon at step 308, loss sum: 31.5894, final loss: 0.00099812, weight distance: 3.2552
2025-09-05 13:57:14,686 - INFO - Example 857 completed: 308 steps, loss sum: 31.5894, final loss: 0.00099812, weight distance: 3.2552 (universal rank: 42393)
2025-09-05 13:57:14,686 - INFO - 
=== Training Example 858/1500: /home/projects/bagon/shared/imagenet512/val/n02481823/ILSVRC2012_val_00046456.JPEG ===
2025-09-05 13:57:21,453 - INFO - Example /home/projects/bagon/shared/imagenet512/val/n02481823/ILSVRC2012_val_00046456.JPEG reached epsilon at step 202, loss sum: 20.8752, final loss: 0.00099979, weight distance: 5.2663
2025-09-05 13:57:21,459 - INFO - Example 858 completed: 202 steps, loss sum: 20.8752, final loss: 0.00099979, weight distance: 5.2663 (universal rank: 42400)
2025-09-05 13:57:21,459 - INFO - 
=== Training Example 859/1500: /home/projects/bagon/shared/imagenet512/val/n03180011/ILSVRC2012_val_00021772.JPEG ===
2025-09-05 13:57:28,559 - INFO - Example /home/projects/bagon/shared/imagenet512/val/n03180011/ILSVRC2012_val_00021772.JPEG reached epsilon at step 212, loss sum: 14.5484, final loss: 0.00099848, weight distance: 1.6896
2025-09-05 13:57:28,565 - INFO - Example 859 completed: 212 steps, loss sum: 14.5484, final loss: 0.00099848, weight distance: 1.6896 (universal rank: 42403)
2025-09-05 13:57:28,565 - INFO - 
=== Training Example 860/1500: /home/projects/bagon/shared/imagenet512/val/n03529860/ILSVRC2012_val_00018718.JPEG ===
2025-09-05 13:57:35,920 - INFO - Example /home/projects/bagon/shared/imagenet512/val/n03529860/ILSVRC2012_val_00018718.JPEG reached epsilon at step 220, loss sum: 16.1256, final loss: 0.00099776, weight distance: 2.8446
2025-09-05 13:57:35,926 - INFO - Example 860 completed: 220 steps, loss sum: 16.1256, final loss: 0.00099776, weight distance: 2.8446 (universal rank: 42404)
2025-09-05 13:57:35,926 - INFO - 
=== Training Example 861/1500: /home/projects/bagon/shared/imagenet512/val/n02123045/ILSVRC2012_val_00035163.JPEG ===
2025-09-05 13:57:47,369 - INFO - Example /home/projects/bagon/shared/imagenet512/val/n02123045/ILSVRC2012_val_00035163.JPEG reached epsilon at step 340, loss sum: 27.7394, final loss: 0.00099812, weight distance: 2.1806
2025-09-05 13:57:47,376 - INFO - Example 861 completed: 340 steps, loss sum: 27.7394, final loss: 0.00099812, weight distance: 2.1806 (universal rank: 42406)
2025-09-05 13:57:47,376 - INFO - 
=== Training Example 862/1500: /home/projects/bagon/shared/imagenet512/val/n02096294/ILSVRC2012_val_00018045.JPEG ===
2025-09-05 13:57:52,733 - INFO - Example /home/projects/bagon/shared/imagenet512/val/n02096294/ILSVRC2012_val_00018045.JPEG reached epsilon at step 158, loss sum: 42.7876, final loss: 0.00099609, weight distance: 1.2693
2025-09-05 13:57:52,738 - INFO - Example 862 completed: 158 steps, loss sum: 42.7876, final loss: 0.00099609, weight distance: 1.2693 (universal rank: 42410)
2025-09-05 13:57:52,738 - INFO - 
=== Training Example 863/1500: /home/projects/bagon/shared/imagenet512/val/n03733805/ILSVRC2012_val_00009255.JPEG ===
2025-09-05 13:58:02,078 - INFO - Example /home/projects/bagon/shared/imagenet512/val/n03733805/ILSVRC2012_val_00009255.JPEG reached epsilon at step 278, loss sum: 14.5126, final loss: 0.00099728, weight distance: 1.8382
2025-09-05 13:58:02,083 - INFO - Example 863 completed: 278 steps, loss sum: 14.5126, final loss: 0.00099728, weight distance: 1.8382 (universal rank: 42417)
2025-09-05 13:58:02,083 - INFO - 
=== Training Example 864/1500: /home/projects/bagon/shared/imagenet512/val/n04118538/ILSVRC2012_val_00024490.JPEG ===
2025-09-05 13:58:10,465 - INFO - Example /home/projects/bagon/shared/imagenet512/val/n04118538/ILSVRC2012_val_00024490.JPEG reached epsilon at step 250, loss sum: 24.2390, final loss: 0.00099907, weight distance: 3.1460
2025-09-05 13:58:10,471 - INFO - Example 864 completed: 250 steps, loss sum: 24.2390, final loss: 0.00099907, weight distance: 3.1460 (universal rank: 42419)
2025-09-05 13:58:10,471 - INFO - 
=== Training Example 865/1500: /home/projects/bagon/shared/imagenet512/val/n04442312/ILSVRC2012_val_00004154.JPEG ===
2025-09-05 13:58:20,098 - INFO - Example /home/projects/bagon/shared/imagenet512/val/n04442312/ILSVRC2012_val_00004154.JPEG reached epsilon at step 288, loss sum: 24.9218, final loss: 0.00099943, weight distance: 2.4087
2025-09-05 13:58:20,103 - INFO - Example 865 completed: 288 steps, loss sum: 24.9218, final loss: 0.00099943, weight distance: 2.4087 (universal rank: 42427)
2025-09-05 13:58:20,103 - INFO - 
=== Training Example 866/1500: /home/projects/bagon/shared/imagenet512/val/n03481172/ILSVRC2012_val_00017376.JPEG ===
2025-09-05 13:58:33,053 - INFO - Example /home/projects/bagon/shared/imagenet512/val/n03481172/ILSVRC2012_val_00017376.JPEG reached epsilon at step 386, loss sum: 24.4987, final loss: 0.00099764, weight distance: 3.7954
2025-09-05 13:58:33,059 - INFO - Example 866 completed: 386 steps, loss sum: 24.4987, final loss: 0.00099764, weight distance: 3.7954 (universal rank: 42432)
2025-09-05 13:58:33,059 - INFO - 
=== Training Example 867/1500: /home/projects/bagon/shared/imagenet512/val/n03041632/ILSVRC2012_val_00011081.JPEG ===
2025-09-05 13:58:39,076 - INFO - Example /home/projects/bagon/shared/imagenet512/val/n03041632/ILSVRC2012_val_00011081.JPEG reached epsilon at step 181, loss sum: 23.1152, final loss: 0.00099574, weight distance: 3.8838
2025-09-05 13:58:39,082 - INFO - Example 867 completed: 181 steps, loss sum: 23.1152, final loss: 0.00099574, weight distance: 3.8838 (universal rank: 42441)
2025-09-05 13:58:39,082 - INFO - 
=== Training Example 868/1500: /home/projects/bagon/shared/imagenet512/val/n02909870/ILSVRC2012_val_00016300.JPEG ===
2025-09-05 13:58:41,355 - INFO - Example /home/projects/bagon/shared/imagenet512/val/n02909870/ILSVRC2012_val_00016300.JPEG reached epsilon at step 67, loss sum: 21.9334, final loss: 0.00099836, weight distance: 2.2795
2025-09-05 13:58:41,360 - INFO - Example 868 completed: 67 steps, loss sum: 21.9334, final loss: 0.00099836, weight distance: 2.2795 (universal rank: 42445)
2025-09-05 13:58:41,360 - INFO - 
=== Training Example 869/1500: /home/projects/bagon/shared/imagenet512/val/n03063599/ILSVRC2012_val_00040997.JPEG ===
2025-09-05 13:58:45,186 - INFO - Example /home/projects/bagon/shared/imagenet512/val/n03063599/ILSVRC2012_val_00040997.JPEG reached epsilon at step 114, loss sum: 35.2845, final loss: 0.00099431, weight distance: 1.6029
2025-09-05 13:58:45,192 - INFO - Example 869 completed: 114 steps, loss sum: 35.2845, final loss: 0.00099431, weight distance: 1.6029 (universal rank: 42446)
2025-09-05 13:58:45,192 - INFO - 
=== Training Example 870/1500: /home/projects/bagon/shared/imagenet512/val/n04041544/ILSVRC2012_val_00012770.JPEG ===
2025-09-05 13:58:52,648 - INFO - Example /home/projects/bagon/shared/imagenet512/val/n04041544/ILSVRC2012_val_00012770.JPEG reached epsilon at step 224, loss sum: 19.9539, final loss: 0.00099788, weight distance: 3.4374
2025-09-05 13:58:52,657 - INFO - Example 870 completed: 224 steps, loss sum: 19.9539, final loss: 0.00099788, weight distance: 3.4374 (universal rank: 42453)
2025-09-05 13:58:52,657 - INFO - 
=== Training Example 871/1500: /home/projects/bagon/shared/imagenet512/val/n04041544/ILSVRC2012_val_00023022.JPEG ===
2025-09-05 13:58:58,152 - INFO - Example /home/projects/bagon/shared/imagenet512/val/n04041544/ILSVRC2012_val_00023022.JPEG reached epsilon at step 162, loss sum: 23.2855, final loss: 0.00099693, weight distance: 3.2377
2025-09-05 13:58:58,157 - INFO - Example 871 completed: 162 steps, loss sum: 23.2855, final loss: 0.00099693, weight distance: 3.2377 (universal rank: 42462)
2025-09-05 13:58:58,157 - INFO - 
=== Training Example 872/1500: /home/projects/bagon/shared/imagenet512/val/n07871810/ILSVRC2012_val_00024893.JPEG ===
2025-09-05 13:59:11,902 - INFO - Example /home/projects/bagon/shared/imagenet512/val/n07871810/ILSVRC2012_val_00024893.JPEG reached epsilon at step 418, loss sum: 42.2336, final loss: 0.00099883, weight distance: 2.7579
2025-09-05 13:59:11,907 - INFO - Example 872 completed: 418 steps, loss sum: 42.2336, final loss: 0.00099883, weight distance: 2.7579 (universal rank: 42464)
2025-09-05 13:59:11,907 - INFO - 
=== Training Example 873/1500: /home/projects/bagon/shared/imagenet512/val/n03899768/ILSVRC2012_val_00023562.JPEG ===
2025-09-05 13:59:15,204 - INFO - Example /home/projects/bagon/shared/imagenet512/val/n03899768/ILSVRC2012_val_00023562.JPEG reached epsilon at step 97, loss sum: 13.9434, final loss: 0.00099526, weight distance: 1.8256
2025-09-05 13:59:15,209 - INFO - Example 873 completed: 97 steps, loss sum: 13.9434, final loss: 0.00099526, weight distance: 1.8256 (universal rank: 42465)
2025-09-05 13:59:15,209 - INFO - 
=== Training Example 874/1500: /home/projects/bagon/shared/imagenet512/val/n03388183/ILSVRC2012_val_00022973.JPEG ===
2025-09-05 13:59:23,544 - INFO - Example /home/projects/bagon/shared/imagenet512/val/n03388183/ILSVRC2012_val_00022973.JPEG reached epsilon at step 252, loss sum: 22.8807, final loss: 0.00099943, weight distance: 3.2064
2025-09-05 13:59:23,549 - INFO - Example 874 completed: 252 steps, loss sum: 22.8807, final loss: 0.00099943, weight distance: 3.2064 (universal rank: 42472)
2025-09-05 13:59:23,549 - INFO - 
=== Training Example 875/1500: /home/projects/bagon/shared/imagenet512/val/n02977058/ILSVRC2012_val_00023730.JPEG ===
2025-09-05 13:59:30,669 - INFO - Example /home/projects/bagon/shared/imagenet512/val/n02977058/ILSVRC2012_val_00023730.JPEG reached epsilon at step 215, loss sum: 22.0973, final loss: 0.00099919, weight distance: 2.7373
2025-09-05 13:59:30,675 - INFO - Example 875 completed: 215 steps, loss sum: 22.0973, final loss: 0.00099919, weight distance: 2.7373 (universal rank: 42479)
2025-09-05 13:59:30,675 - INFO - 
=== Training Example 876/1500: /home/projects/bagon/shared/imagenet512/val/n04296562/ILSVRC2012_val_00049294.JPEG ===
2025-09-05 13:59:35,316 - INFO - Example /home/projects/bagon/shared/imagenet512/val/n04296562/ILSVRC2012_val_00049294.JPEG reached epsilon at step 138, loss sum: 17.5985, final loss: 0.00099550, weight distance: 3.4254
2025-09-05 13:59:35,321 - INFO - Example 876 completed: 138 steps, loss sum: 17.5985, final loss: 0.00099550, weight distance: 3.4254 (universal rank: 42484)
2025-09-05 13:59:35,321 - INFO - 
=== Training Example 877/1500: /home/projects/bagon/shared/imagenet512/val/n03709823/ILSVRC2012_val_00023727.JPEG ===
2025-09-05 13:59:40,627 - INFO - Example /home/projects/bagon/shared/imagenet512/val/n03709823/ILSVRC2012_val_00023727.JPEG reached epsilon at step 157, loss sum: 16.2180, final loss: 0.00099836, weight distance: 2.8834
2025-09-05 13:59:40,636 - INFO - Example 877 completed: 157 steps, loss sum: 16.2180, final loss: 0.00099836, weight distance: 2.8834 (universal rank: 42487)
2025-09-05 13:59:40,636 - INFO - 
=== Training Example 878/1500: /home/projects/bagon/shared/imagenet512/val/n01873310/ILSVRC2012_val_00023078.JPEG ===
2025-09-05 13:59:50,147 - INFO - Example /home/projects/bagon/shared/imagenet512/val/n01873310/ILSVRC2012_val_00023078.JPEG reached epsilon at step 282, loss sum: 23.8978, final loss: 0.00099955, weight distance: 3.9315
2025-09-05 13:59:50,152 - INFO - Example 878 completed: 282 steps, loss sum: 23.8978, final loss: 0.00099955, weight distance: 3.9315 (universal rank: 42489)
2025-09-05 13:59:50,152 - INFO - 
=== Training Example 879/1500: /home/projects/bagon/shared/imagenet512/val/n03761084/ILSVRC2012_val_00039006.JPEG ===
2025-09-05 13:59:59,070 - INFO - Example /home/projects/bagon/shared/imagenet512/val/n03761084/ILSVRC2012_val_00039006.JPEG reached epsilon at step 264, loss sum: 28.9744, final loss: 0.00099788, weight distance: 3.2807
2025-09-05 13:59:59,079 - INFO - Example 879 completed: 264 steps, loss sum: 28.9744, final loss: 0.00099788, weight distance: 3.2807 (universal rank: 42494)
2025-09-05 13:59:59,079 - INFO - 
=== Training Example 880/1500: /home/projects/bagon/shared/imagenet512/val/n02138441/ILSVRC2012_val_00006356.JPEG ===
2025-09-05 14:00:12,841 - INFO - Example /home/projects/bagon/shared/imagenet512/val/n02138441/ILSVRC2012_val_00006356.JPEG reached epsilon at step 406, loss sum: 50.1484, final loss: 0.00099931, weight distance: 3.7417
2025-09-05 14:00:12,848 - INFO - Example 880 completed: 406 steps, loss sum: 50.1484, final loss: 0.00099931, weight distance: 3.7417 (universal rank: 42498)
2025-09-05 14:00:12,848 - INFO - 
=== Training Example 881/1500: /home/projects/bagon/shared/imagenet512/val/n02916936/ILSVRC2012_val_00030157.JPEG ===
2025-09-05 14:00:21,325 - INFO - Example /home/projects/bagon/shared/imagenet512/val/n02916936/ILSVRC2012_val_00030157.JPEG reached epsilon at step 254, loss sum: 26.4536, final loss: 0.00099919, weight distance: 2.2634
2025-09-05 14:00:21,330 - INFO - Example 881 completed: 254 steps, loss sum: 26.4536, final loss: 0.00099919, weight distance: 2.2634 (universal rank: 42501)
2025-09-05 14:00:21,330 - INFO - 
=== Training Example 882/1500: /home/projects/bagon/shared/imagenet512/val/n03759954/ILSVRC2012_val_00048612.JPEG ===
2025-09-05 14:00:27,857 - INFO - Example /home/projects/bagon/shared/imagenet512/val/n03759954/ILSVRC2012_val_00048612.JPEG reached epsilon at step 196, loss sum: 21.3417, final loss: 0.00099895, weight distance: 2.9658
2025-09-05 14:00:27,863 - INFO - Example 882 completed: 196 steps, loss sum: 21.3417, final loss: 0.00099895, weight distance: 2.9658 (universal rank: 42507)
2025-09-05 14:00:27,863 - INFO - 
=== Training Example 883/1500: /home/projects/bagon/shared/imagenet512/val/n07930864/ILSVRC2012_val_00042254.JPEG ===
2025-09-05 14:00:38,557 - INFO - Example /home/projects/bagon/shared/imagenet512/val/n07930864/ILSVRC2012_val_00042254.JPEG reached epsilon at step 321, loss sum: 31.3450, final loss: 0.00099990, weight distance: 3.6025
2025-09-05 14:00:38,562 - INFO - Example 883 completed: 321 steps, loss sum: 31.3450, final loss: 0.00099990, weight distance: 3.6025 (universal rank: 42509)
2025-09-05 14:00:38,562 - INFO - 
=== Training Example 884/1500: /home/projects/bagon/shared/imagenet512/val/n02091244/ILSVRC2012_val_00000022.JPEG ===
2025-09-05 14:00:47,050 - INFO - Example /home/projects/bagon/shared/imagenet512/val/n02091244/ILSVRC2012_val_00000022.JPEG reached epsilon at step 254, loss sum: 32.9073, final loss: 0.00099871, weight distance: 2.8586
2025-09-05 14:00:47,055 - INFO - Example 884 completed: 254 steps, loss sum: 32.9073, final loss: 0.00099871, weight distance: 2.8586 (universal rank: 42524)
2025-09-05 14:00:47,055 - INFO - 
=== Training Example 885/1500: /home/projects/bagon/shared/imagenet512/val/n02769748/ILSVRC2012_val_00008482.JPEG ===
2025-09-05 14:00:49,673 - INFO - Example /home/projects/bagon/shared/imagenet512/val/n02769748/ILSVRC2012_val_00008482.JPEG reached epsilon at step 76, loss sum: 24.7412, final loss: 0.00099538, weight distance: 3.3122
2025-09-05 14:00:49,678 - INFO - Example 885 completed: 76 steps, loss sum: 24.7412, final loss: 0.00099538, weight distance: 3.3122 (universal rank: 42530)
2025-09-05 14:00:49,678 - INFO - 
=== Training Example 886/1500: /home/projects/bagon/shared/imagenet512/val/n01855672/ILSVRC2012_val_00016580.JPEG ===
2025-09-05 14:00:57,841 - INFO - Example /home/projects/bagon/shared/imagenet512/val/n01855672/ILSVRC2012_val_00016580.JPEG reached epsilon at step 244, loss sum: 22.7101, final loss: 0.00099979, weight distance: 7.8845
2025-09-05 14:00:57,846 - INFO - Example 886 completed: 244 steps, loss sum: 22.7101, final loss: 0.00099979, weight distance: 7.8845 (universal rank: 42534)
2025-09-05 14:00:57,846 - INFO - 
=== Training Example 887/1500: /home/projects/bagon/shared/imagenet512/val/n02096294/ILSVRC2012_val_00026427.JPEG ===
2025-09-05 14:00:59,916 - INFO - Example /home/projects/bagon/shared/imagenet512/val/n02096294/ILSVRC2012_val_00026427.JPEG reached epsilon at step 60, loss sum: 24.5655, final loss: 0.00099907, weight distance: 2.5330
2025-09-05 14:00:59,922 - INFO - Example 887 completed: 60 steps, loss sum: 24.5655, final loss: 0.00099907, weight distance: 2.5330 (universal rank: 42536)
2025-09-05 14:00:59,922 - INFO - 
=== Training Example 888/1500: /home/projects/bagon/shared/imagenet512/val/n03345487/ILSVRC2012_val_00048156.JPEG ===
2025-09-05 14:01:04,315 - INFO - Example /home/projects/bagon/shared/imagenet512/val/n03345487/ILSVRC2012_val_00048156.JPEG reached epsilon at step 130, loss sum: 26.2665, final loss: 0.00099740, weight distance: 1.1736
2025-09-05 14:01:04,321 - INFO - Example 888 completed: 130 steps, loss sum: 26.2665, final loss: 0.00099740, weight distance: 1.1736 (universal rank: 42543)
2025-09-05 14:01:04,321 - INFO - 
=== Training Example 889/1500: /home/projects/bagon/shared/imagenet512/val/n02834397/ILSVRC2012_val_00008780.JPEG ===
2025-09-05 14:01:13,884 - INFO - Example /home/projects/bagon/shared/imagenet512/val/n02834397/ILSVRC2012_val_00008780.JPEG reached epsilon at step 288, loss sum: 36.4339, final loss: 0.00099776, weight distance: 4.6330
2025-09-05 14:01:13,889 - INFO - Example 889 completed: 288 steps, loss sum: 36.4339, final loss: 0.00099776, weight distance: 4.6330 (universal rank: 42545)
2025-09-05 14:01:13,889 - INFO - 
=== Training Example 890/1500: /home/projects/bagon/shared/imagenet512/val/n02808440/ILSVRC2012_val_00002563.JPEG ===
2025-09-05 14:01:21,805 - INFO - Example /home/projects/bagon/shared/imagenet512/val/n02808440/ILSVRC2012_val_00002563.JPEG reached epsilon at step 238, loss sum: 16.5186, final loss: 0.00099848, weight distance: 1.5120
2025-09-05 14:01:21,811 - INFO - Example 890 completed: 238 steps, loss sum: 16.5186, final loss: 0.00099848, weight distance: 1.5120 (universal rank: 42547)
2025-09-05 14:01:21,811 - INFO - 
=== Training Example 891/1500: /home/projects/bagon/shared/imagenet512/val/n04355933/ILSVRC2012_val_00047580.JPEG ===
2025-09-05 14:01:28,213 - INFO - Example /home/projects/bagon/shared/imagenet512/val/n04355933/ILSVRC2012_val_00047580.JPEG reached epsilon at step 192, loss sum: 15.4712, final loss: 0.00099717, weight distance: 2.1129
2025-09-05 14:01:28,218 - INFO - Example 891 completed: 192 steps, loss sum: 15.4712, final loss: 0.00099717, weight distance: 2.1129 (universal rank: 42551)
2025-09-05 14:01:28,219 - INFO - 
=== Training Example 892/1500: /home/projects/bagon/shared/imagenet512/val/n07614500/ILSVRC2012_val_00038820.JPEG ===
2025-09-05 14:01:32,649 - INFO - Example /home/projects/bagon/shared/imagenet512/val/n07614500/ILSVRC2012_val_00038820.JPEG reached epsilon at step 132, loss sum: 17.8655, final loss: 0.00099812, weight distance: 4.8272
2025-09-05 14:01:32,654 - INFO - Example 892 completed: 132 steps, loss sum: 17.8655, final loss: 0.00099812, weight distance: 4.8272 (universal rank: 42554)
2025-09-05 14:01:32,655 - INFO - 
=== Training Example 893/1500: /home/projects/bagon/shared/imagenet512/val/n04355933/ILSVRC2012_val_00011200.JPEG ===
2025-09-05 14:01:38,173 - INFO - Example /home/projects/bagon/shared/imagenet512/val/n04355933/ILSVRC2012_val_00011200.JPEG reached epsilon at step 163, loss sum: 13.2211, final loss: 0.00099955, weight distance: 1.0156
2025-09-05 14:01:38,177 - INFO - Example 893 completed: 163 steps, loss sum: 13.2211, final loss: 0.00099955, weight distance: 1.0156 (universal rank: 42575)
2025-09-05 14:01:38,178 - INFO - 
=== Training Example 894/1500: /home/projects/bagon/shared/imagenet512/val/n02108000/ILSVRC2012_val_00032659.JPEG ===
2025-09-05 14:01:45,652 - INFO - Example /home/projects/bagon/shared/imagenet512/val/n02108000/ILSVRC2012_val_00032659.JPEG reached epsilon at step 223, loss sum: 25.1511, final loss: 0.00099848, weight distance: 3.1142
2025-09-05 14:01:45,657 - INFO - Example 894 completed: 223 steps, loss sum: 25.1511, final loss: 0.00099848, weight distance: 3.1142 (universal rank: 42578)
2025-09-05 14:01:45,658 - INFO - 
=== Training Example 895/1500: /home/projects/bagon/shared/imagenet512/val/n03125729/ILSVRC2012_val_00000005.JPEG ===
2025-09-05 14:01:53,128 - INFO - Example /home/projects/bagon/shared/imagenet512/val/n03125729/ILSVRC2012_val_00000005.JPEG reached epsilon at step 221, loss sum: 20.3516, final loss: 0.00099657, weight distance: 2.2823
2025-09-05 14:01:53,134 - INFO - Example 895 completed: 221 steps, loss sum: 20.3516, final loss: 0.00099657, weight distance: 2.2823 (universal rank: 42579)
2025-09-05 14:01:53,134 - INFO - 
=== Training Example 896/1500: /home/projects/bagon/shared/imagenet512/val/n13133613/ILSVRC2012_val_00013040.JPEG ===
2025-09-05 14:01:57,837 - INFO - Example /home/projects/bagon/shared/imagenet512/val/n13133613/ILSVRC2012_val_00013040.JPEG reached epsilon at step 139, loss sum: 11.4339, final loss: 0.00099502, weight distance: 1.9361
2025-09-05 14:01:57,842 - INFO - Example 896 completed: 139 steps, loss sum: 11.4339, final loss: 0.00099502, weight distance: 1.9361 (universal rank: 42588)
2025-09-05 14:01:57,842 - INFO - 
=== Training Example 897/1500: /home/projects/bagon/shared/imagenet512/val/n03770439/ILSVRC2012_val_00047629.JPEG ===
2025-09-05 14:02:06,356 - INFO - Example /home/projects/bagon/shared/imagenet512/val/n03770439/ILSVRC2012_val_00047629.JPEG reached epsilon at step 255, loss sum: 20.6944, final loss: 0.00099752, weight distance: 2.7007
2025-09-05 14:02:06,363 - INFO - Example 897 completed: 255 steps, loss sum: 20.6944, final loss: 0.00099752, weight distance: 2.7007 (universal rank: 42596)
2025-09-05 14:02:06,363 - INFO - 
=== Training Example 898/1500: /home/projects/bagon/shared/imagenet512/val/n02124075/ILSVRC2012_val_00031185.JPEG ===
2025-09-05 14:02:11,792 - INFO - Example /home/projects/bagon/shared/imagenet512/val/n02124075/ILSVRC2012_val_00031185.JPEG reached epsilon at step 162, loss sum: 25.3612, final loss: 0.00099526, weight distance: 3.5125
2025-09-05 14:02:11,797 - INFO - Example 898 completed: 162 steps, loss sum: 25.3612, final loss: 0.00099526, weight distance: 3.5125 (universal rank: 42601)
2025-09-05 14:02:11,797 - INFO - 
=== Training Example 899/1500: /home/projects/bagon/shared/imagenet512/val/n04350905/ILSVRC2012_val_00044242.JPEG ===
2025-09-05 14:02:24,563 - INFO - Example /home/projects/bagon/shared/imagenet512/val/n04350905/ILSVRC2012_val_00044242.JPEG reached epsilon at step 386, loss sum: 26.6863, final loss: 0.00099979, weight distance: 2.9766
2025-09-05 14:02:24,569 - INFO - Example 899 completed: 386 steps, loss sum: 26.6863, final loss: 0.00099979, weight distance: 2.9766 (universal rank: 42603)
2025-09-05 14:02:24,569 - INFO - 
=== Training Example 900/1500: /home/projects/bagon/shared/imagenet512/val/n04505470/ILSVRC2012_val_00019503.JPEG ===
2025-09-05 14:02:30,936 - INFO - Example /home/projects/bagon/shared/imagenet512/val/n04505470/ILSVRC2012_val_00019503.JPEG reached epsilon at step 191, loss sum: 26.9845, final loss: 0.00099538, weight distance: 1.5261
2025-09-05 14:02:30,942 - INFO - Example 900 completed: 191 steps, loss sum: 26.9845, final loss: 0.00099538, weight distance: 1.5261 (universal rank: 42606)
2025-09-05 14:02:30,942 - INFO - 
=== Training Example 901/1500: /home/projects/bagon/shared/imagenet512/val/n01608432/ILSVRC2012_val_00045690.JPEG ===
2025-09-05 14:02:37,900 - INFO - Example /home/projects/bagon/shared/imagenet512/val/n01608432/ILSVRC2012_val_00045690.JPEG reached epsilon at step 208, loss sum: 14.1107, final loss: 0.00099800, weight distance: 2.1807
2025-09-05 14:02:37,905 - INFO - Example 901 completed: 208 steps, loss sum: 14.1107, final loss: 0.00099800, weight distance: 2.1807 (universal rank: 42619)
2025-09-05 14:02:37,905 - INFO - 
=== Training Example 902/1500: /home/projects/bagon/shared/imagenet512/val/n04557648/ILSVRC2012_val_00021707.JPEG ===
2025-09-05 14:02:44,177 - INFO - Example /home/projects/bagon/shared/imagenet512/val/n04557648/ILSVRC2012_val_00021707.JPEG reached epsilon at step 187, loss sum: 20.1312, final loss: 0.00099812, weight distance: 2.4822
2025-09-05 14:02:44,183 - INFO - Example 902 completed: 187 steps, loss sum: 20.1312, final loss: 0.00099812, weight distance: 2.4822 (universal rank: 42620)
2025-09-05 14:02:44,183 - INFO - 
=== Training Example 903/1500: /home/projects/bagon/shared/imagenet512/val/n02093256/ILSVRC2012_val_00008532.JPEG ===
2025-09-05 14:02:53,309 - INFO - Example /home/projects/bagon/shared/imagenet512/val/n02093256/ILSVRC2012_val_00008532.JPEG reached epsilon at step 272, loss sum: 34.1983, final loss: 0.00099597, weight distance: 2.2430
2025-09-05 14:02:53,315 - INFO - Example 903 completed: 272 steps, loss sum: 34.1983, final loss: 0.00099597, weight distance: 2.2430 (universal rank: 42622)
2025-09-05 14:02:53,315 - INFO - 
=== Training Example 904/1500: /home/projects/bagon/shared/imagenet512/val/n03127747/ILSVRC2012_val_00036211.JPEG ===
2025-09-05 14:03:00,604 - INFO - Example /home/projects/bagon/shared/imagenet512/val/n03127747/ILSVRC2012_val_00036211.JPEG reached epsilon at step 218, loss sum: 22.3757, final loss: 0.00099895, weight distance: 4.2963
2025-09-05 14:03:00,609 - INFO - Example 904 completed: 218 steps, loss sum: 22.3757, final loss: 0.00099895, weight distance: 4.2963 (universal rank: 42623)
2025-09-05 14:03:00,610 - INFO - 
=== Training Example 905/1500: /home/projects/bagon/shared/imagenet512/val/n02807133/ILSVRC2012_val_00006861.JPEG ===
2025-09-05 14:03:07,270 - INFO - Example /home/projects/bagon/shared/imagenet512/val/n02807133/ILSVRC2012_val_00006861.JPEG reached epsilon at step 199, loss sum: 19.6049, final loss: 0.00099812, weight distance: 2.4332
2025-09-05 14:03:07,276 - INFO - Example 905 completed: 199 steps, loss sum: 19.6049, final loss: 0.00099812, weight distance: 2.4332 (universal rank: 42626)
2025-09-05 14:03:07,276 - INFO - 
=== Training Example 906/1500: /home/projects/bagon/shared/imagenet512/val/n01751748/ILSVRC2012_val_00002154.JPEG ===
2025-09-05 14:03:16,925 - INFO - Example /home/projects/bagon/shared/imagenet512/val/n01751748/ILSVRC2012_val_00002154.JPEG reached epsilon at step 290, loss sum: 32.6213, final loss: 0.00099657, weight distance: 2.3928
2025-09-05 14:03:16,931 - INFO - Example 906 completed: 290 steps, loss sum: 32.6213, final loss: 0.00099657, weight distance: 2.3928 (universal rank: 42627)
2025-09-05 14:03:16,931 - INFO - 
=== Training Example 907/1500: /home/projects/bagon/shared/imagenet512/val/n02233338/ILSVRC2012_val_00019245.JPEG ===
2025-09-05 14:03:49,307 - INFO - Example /home/projects/bagon/shared/imagenet512/val/n02233338/ILSVRC2012_val_00019245.JPEG reached epsilon at step 981, loss sum: 53.5586, final loss: 0.00099931, weight distance: 2.4699
2025-09-05 14:03:49,313 - INFO - Example 907 completed: 981 steps, loss sum: 53.5586, final loss: 0.00099931, weight distance: 2.4699 (universal rank: 42631)
2025-09-05 14:03:49,313 - INFO - 
=== Training Example 908/1500: /home/projects/bagon/shared/imagenet512/val/n04592741/ILSVRC2012_val_00033012.JPEG ===
2025-09-05 14:03:57,561 - INFO - Example /home/projects/bagon/shared/imagenet512/val/n04592741/ILSVRC2012_val_00033012.JPEG reached epsilon at step 245, loss sum: 17.1611, final loss: 0.00099800, weight distance: 0.9624
2025-09-05 14:03:57,567 - INFO - Example 908 completed: 245 steps, loss sum: 17.1611, final loss: 0.00099800, weight distance: 0.9624 (universal rank: 42632)
2025-09-05 14:03:57,567 - INFO - 
=== Training Example 909/1500: /home/projects/bagon/shared/imagenet512/val/n03733281/ILSVRC2012_val_00003962.JPEG ===
2025-09-05 14:04:05,899 - INFO - Example /home/projects/bagon/shared/imagenet512/val/n03733281/ILSVRC2012_val_00003962.JPEG reached epsilon at step 250, loss sum: 36.4001, final loss: 0.00099705, weight distance: 4.4139
2025-09-05 14:04:05,905 - INFO - Example 909 completed: 250 steps, loss sum: 36.4001, final loss: 0.00099705, weight distance: 4.4139 (universal rank: 42634)
2025-09-05 14:04:05,905 - INFO - 
=== Training Example 910/1500: /home/projects/bagon/shared/imagenet512/val/n02097474/ILSVRC2012_val_00009764.JPEG ===
2025-09-05 14:04:10,645 - INFO - Example /home/projects/bagon/shared/imagenet512/val/n02097474/ILSVRC2012_val_00009764.JPEG reached epsilon at step 141, loss sum: 29.6335, final loss: 0.00099633, weight distance: 1.4676
2025-09-05 14:04:10,651 - INFO - Example 910 completed: 141 steps, loss sum: 29.6335, final loss: 0.00099633, weight distance: 1.4676 (universal rank: 42635)
2025-09-05 14:04:10,652 - INFO - 
=== Training Example 911/1500: /home/projects/bagon/shared/imagenet512/val/n01729977/ILSVRC2012_val_00026809.JPEG ===
2025-09-05 14:04:24,287 - INFO - Example /home/projects/bagon/shared/imagenet512/val/n01729977/ILSVRC2012_val_00026809.JPEG reached epsilon at step 412, loss sum: 57.3209, final loss: 0.00099979, weight distance: 2.6734
2025-09-05 14:04:24,292 - INFO - Example 911 completed: 412 steps, loss sum: 57.3209, final loss: 0.00099979, weight distance: 2.6734 (universal rank: 42637)
2025-09-05 14:04:24,293 - INFO - 
=== Training Example 912/1500: /home/projects/bagon/shared/imagenet512/val/n03424325/ILSVRC2012_val_00008355.JPEG ===
2025-09-05 14:04:34,817 - INFO - Example /home/projects/bagon/shared/imagenet512/val/n03424325/ILSVRC2012_val_00008355.JPEG reached epsilon at step 311, loss sum: 26.5002, final loss: 0.00099943, weight distance: 2.1646
2025-09-05 14:04:34,822 - INFO - Example 912 completed: 311 steps, loss sum: 26.5002, final loss: 0.00099943, weight distance: 2.1646 (universal rank: 42647)
2025-09-05 14:04:34,822 - INFO - 
=== Training Example 913/1500: /home/projects/bagon/shared/imagenet512/val/n02088466/ILSVRC2012_val_00042692.JPEG ===
2025-09-05 14:04:44,293 - INFO - Example /home/projects/bagon/shared/imagenet512/val/n02088466/ILSVRC2012_val_00042692.JPEG reached epsilon at step 284, loss sum: 54.8068, final loss: 0.00099990, weight distance: 2.4613
2025-09-05 14:04:44,298 - INFO - Example 913 completed: 284 steps, loss sum: 54.8068, final loss: 0.00099990, weight distance: 2.4613 (universal rank: 42662)
2025-09-05 14:04:44,298 - INFO - 
=== Training Example 914/1500: /home/projects/bagon/shared/imagenet512/val/n03920288/ILSVRC2012_val_00023165.JPEG ===
2025-09-05 14:04:48,854 - INFO - Example /home/projects/bagon/shared/imagenet512/val/n03920288/ILSVRC2012_val_00023165.JPEG reached epsilon at step 135, loss sum: 42.1126, final loss: 0.00099407, weight distance: 3.6065
2025-09-05 14:04:48,859 - INFO - Example 914 completed: 135 steps, loss sum: 42.1126, final loss: 0.00099407, weight distance: 3.6065 (universal rank: 42672)
2025-09-05 14:04:48,859 - INFO - 
=== Training Example 915/1500: /home/projects/bagon/shared/imagenet512/val/n01689811/ILSVRC2012_val_00017174.JPEG ===
2025-09-05 14:04:59,993 - INFO - Example /home/projects/bagon/shared/imagenet512/val/n01689811/ILSVRC2012_val_00017174.JPEG reached epsilon at step 333, loss sum: 34.8348, final loss: 0.00099717, weight distance: 2.0126
2025-09-05 14:04:59,999 - INFO - Example 915 completed: 333 steps, loss sum: 34.8348, final loss: 0.00099717, weight distance: 2.0126 (universal rank: 42692)
2025-09-05 14:04:59,999 - INFO - 
=== Training Example 916/1500: /home/projects/bagon/shared/imagenet512/val/n03759954/ILSVRC2012_val_00047866.JPEG ===
2025-09-05 14:05:11,240 - INFO - Example /home/projects/bagon/shared/imagenet512/val/n03759954/ILSVRC2012_val_00047866.JPEG reached epsilon at step 336, loss sum: 39.1863, final loss: 0.00099848, weight distance: 3.4404
2025-09-05 14:05:11,247 - INFO - Example 916 completed: 336 steps, loss sum: 39.1863, final loss: 0.00099848, weight distance: 3.4404 (universal rank: 42693)
2025-09-05 14:05:11,247 - INFO - 
=== Training Example 917/1500: /home/projects/bagon/shared/imagenet512/val/n03773504/ILSVRC2012_val_00027130.JPEG ===
2025-09-05 14:05:24,997 - INFO - Example /home/projects/bagon/shared/imagenet512/val/n03773504/ILSVRC2012_val_00027130.JPEG reached epsilon at step 415, loss sum: 16.5269, final loss: 0.00099693, weight distance: 1.0521
2025-09-05 14:05:25,002 - INFO - Example 917 completed: 415 steps, loss sum: 16.5269, final loss: 0.00099693, weight distance: 1.0521 (universal rank: 42699)
2025-09-05 14:05:25,003 - INFO - 
=== Training Example 918/1500: /home/projects/bagon/shared/imagenet512/val/n03467068/ILSVRC2012_val_00047256.JPEG ===
2025-09-05 14:05:30,812 - INFO - Example /home/projects/bagon/shared/imagenet512/val/n03467068/ILSVRC2012_val_00047256.JPEG reached epsilon at step 174, loss sum: 17.1339, final loss: 0.00099621, weight distance: 1.5253
2025-09-05 14:05:30,817 - INFO - Example 918 completed: 174 steps, loss sum: 17.1339, final loss: 0.00099621, weight distance: 1.5253 (universal rank: 42703)
2025-09-05 14:05:30,817 - INFO - 
=== Training Example 919/1500: /home/projects/bagon/shared/imagenet512/val/n04049303/ILSVRC2012_val_00033460.JPEG ===
2025-09-05 14:05:39,330 - INFO - Example /home/projects/bagon/shared/imagenet512/val/n04049303/ILSVRC2012_val_00033460.JPEG reached epsilon at step 256, loss sum: 19.4350, final loss: 0.00099764, weight distance: 3.5473
2025-09-05 14:05:39,335 - INFO - Example 919 completed: 256 steps, loss sum: 19.4350, final loss: 0.00099764, weight distance: 3.5473 (universal rank: 42713)
2025-09-05 14:05:39,335 - INFO - 
=== Training Example 920/1500: /home/projects/bagon/shared/imagenet512/val/n04209239/ILSVRC2012_val_00016761.JPEG ===
2025-09-05 14:05:49,367 - INFO - Example /home/projects/bagon/shared/imagenet512/val/n04209239/ILSVRC2012_val_00016761.JPEG reached epsilon at step 302, loss sum: 17.5004, final loss: 0.00099669, weight distance: 0.7302
2025-09-05 14:05:49,372 - INFO - Example 920 completed: 302 steps, loss sum: 17.5004, final loss: 0.00099669, weight distance: 0.7302 (universal rank: 42719)
2025-09-05 14:05:49,372 - INFO - 
=== Training Example 921/1500: /home/projects/bagon/shared/imagenet512/val/n02776631/ILSVRC2012_val_00007727.JPEG ===
2025-09-05 14:05:51,997 - INFO - Example /home/projects/bagon/shared/imagenet512/val/n02776631/ILSVRC2012_val_00007727.JPEG reached epsilon at step 76, loss sum: 10.2688, final loss: 0.00099300, weight distance: 3.6566
2025-09-05 14:05:52,002 - INFO - Example 921 completed: 76 steps, loss sum: 10.2688, final loss: 0.00099300, weight distance: 3.6566 (universal rank: 42721)
2025-09-05 14:05:52,002 - INFO - 
=== Training Example 922/1500: /home/projects/bagon/shared/imagenet512/val/n02094433/ILSVRC2012_val_00015703.JPEG ===
2025-09-05 14:06:06,772 - INFO - Example /home/projects/bagon/shared/imagenet512/val/n02094433/ILSVRC2012_val_00015703.JPEG reached epsilon at step 446, loss sum: 47.2880, final loss: 0.00099883, weight distance: 2.7238
2025-09-05 14:06:06,778 - INFO - Example 922 completed: 446 steps, loss sum: 47.2880, final loss: 0.00099883, weight distance: 2.7238 (universal rank: 42727)
2025-09-05 14:06:06,778 - INFO - 
=== Training Example 923/1500: /home/projects/bagon/shared/imagenet512/val/n02317335/ILSVRC2012_val_00001748.JPEG ===
2025-09-05 14:06:17,908 - INFO - Example /home/projects/bagon/shared/imagenet512/val/n02317335/ILSVRC2012_val_00001748.JPEG reached epsilon at step 336, loss sum: 29.1496, final loss: 0.00099931, weight distance: 2.4425
2025-09-05 14:06:17,915 - INFO - Example 923 completed: 336 steps, loss sum: 29.1496, final loss: 0.00099931, weight distance: 2.4425 (universal rank: 42728)
2025-09-05 14:06:17,915 - INFO - 
=== Training Example 924/1500: /home/projects/bagon/shared/imagenet512/val/n04154565/ILSVRC2012_val_00004264.JPEG ===
2025-09-05 14:06:21,691 - INFO - Example /home/projects/bagon/shared/imagenet512/val/n04154565/ILSVRC2012_val_00004264.JPEG reached epsilon at step 112, loss sum: 20.3097, final loss: 0.00099204, weight distance: 3.6188
2025-09-05 14:06:21,696 - INFO - Example 924 completed: 112 steps, loss sum: 20.3097, final loss: 0.00099204, weight distance: 3.6188 (universal rank: 42731)
2025-09-05 14:06:21,696 - INFO - 
=== Training Example 925/1500: /home/projects/bagon/shared/imagenet512/val/n04209239/ILSVRC2012_val_00032539.JPEG ===
2025-09-05 14:06:34,650 - INFO - Example /home/projects/bagon/shared/imagenet512/val/n04209239/ILSVRC2012_val_00032539.JPEG reached epsilon at step 393, loss sum: 24.5056, final loss: 0.00099752, weight distance: 5.5690
2025-09-05 14:06:34,657 - INFO - Example 925 completed: 393 steps, loss sum: 24.5056, final loss: 0.00099752, weight distance: 5.5690 (universal rank: 42752)
2025-09-05 14:06:34,657 - INFO - 
=== Training Example 926/1500: /home/projects/bagon/shared/imagenet512/val/n04525038/ILSVRC2012_val_00010935.JPEG ===
2025-09-05 14:06:39,894 - INFO - Example /home/projects/bagon/shared/imagenet512/val/n04525038/ILSVRC2012_val_00010935.JPEG reached epsilon at step 155, loss sum: 20.5029, final loss: 0.00099538, weight distance: 2.6756
2025-09-05 14:06:39,899 - INFO - Example 926 completed: 155 steps, loss sum: 20.5029, final loss: 0.00099538, weight distance: 2.6756 (universal rank: 42753)
2025-09-05 14:06:39,899 - INFO - 
=== Training Example 927/1500: /home/projects/bagon/shared/imagenet512/val/n02109047/ILSVRC2012_val_00006834.JPEG ===
2025-09-05 14:06:47,161 - INFO - Example /home/projects/bagon/shared/imagenet512/val/n02109047/ILSVRC2012_val_00006834.JPEG reached epsilon at step 218, loss sum: 24.2674, final loss: 0.00099669, weight distance: 3.5639
2025-09-05 14:06:47,166 - INFO - Example 927 completed: 218 steps, loss sum: 24.2674, final loss: 0.00099669, weight distance: 3.5639 (universal rank: 42755)
2025-09-05 14:06:47,166 - INFO - 
=== Training Example 928/1500: /home/projects/bagon/shared/imagenet512/val/n04557648/ILSVRC2012_val_00009504.JPEG ===
2025-09-05 14:06:57,695 - INFO - Example /home/projects/bagon/shared/imagenet512/val/n04557648/ILSVRC2012_val_00009504.JPEG reached epsilon at step 317, loss sum: 26.5131, final loss: 0.00099919, weight distance: 3.7317
2025-09-05 14:06:57,701 - INFO - Example 928 completed: 317 steps, loss sum: 26.5131, final loss: 0.00099919, weight distance: 3.7317 (universal rank: 42757)
2025-09-05 14:06:57,701 - INFO - 
=== Training Example 929/1500: /home/projects/bagon/shared/imagenet512/val/n04009552/ILSVRC2012_val_00001429.JPEG ===
2025-09-05 14:07:06,513 - INFO - Example /home/projects/bagon/shared/imagenet512/val/n04009552/ILSVRC2012_val_00001429.JPEG reached epsilon at step 266, loss sum: 23.4421, final loss: 0.00099871, weight distance: 3.5761
2025-09-05 14:07:06,518 - INFO - Example 929 completed: 266 steps, loss sum: 23.4421, final loss: 0.00099871, weight distance: 3.5761 (universal rank: 42759)
2025-09-05 14:07:06,518 - INFO - 
=== Training Example 930/1500: /home/projects/bagon/shared/imagenet512/val/n04548362/ILSVRC2012_val_00045317.JPEG ===
2025-09-05 14:07:10,815 - INFO - Example /home/projects/bagon/shared/imagenet512/val/n04548362/ILSVRC2012_val_00045317.JPEG reached epsilon at step 126, loss sum: 18.4366, final loss: 0.00099395, weight distance: 4.0337
2025-09-05 14:07:10,819 - INFO - Example 930 completed: 126 steps, loss sum: 18.4366, final loss: 0.00099395, weight distance: 4.0337 (universal rank: 42766)
2025-09-05 14:07:10,820 - INFO - 
=== Training Example 931/1500: /home/projects/bagon/shared/imagenet512/val/n02483362/ILSVRC2012_val_00016611.JPEG ===
2025-09-05 14:07:19,650 - INFO - Example /home/projects/bagon/shared/imagenet512/val/n02483362/ILSVRC2012_val_00016611.JPEG reached epsilon at step 263, loss sum: 17.1373, final loss: 0.00099693, weight distance: 2.9916
2025-09-05 14:07:19,657 - INFO - Example 931 completed: 263 steps, loss sum: 17.1373, final loss: 0.00099693, weight distance: 2.9916 (universal rank: 42767)
2025-09-05 14:07:19,658 - INFO - 
=== Training Example 932/1500: /home/projects/bagon/shared/imagenet512/val/n02492035/ILSVRC2012_val_00019432.JPEG ===
2025-09-05 14:07:29,005 - INFO - Example /home/projects/bagon/shared/imagenet512/val/n02492035/ILSVRC2012_val_00019432.JPEG reached epsilon at step 279, loss sum: 31.7983, final loss: 0.00099705, weight distance: 1.9665
2025-09-05 14:07:29,009 - INFO - Example 932 completed: 279 steps, loss sum: 31.7983, final loss: 0.00099705, weight distance: 1.9665 (universal rank: 42769)
2025-09-05 14:07:29,009 - INFO - 
=== Training Example 933/1500: /home/projects/bagon/shared/imagenet512/val/n03125729/ILSVRC2012_val_00001864.JPEG ===
2025-09-05 14:07:35,962 - INFO - Example /home/projects/bagon/shared/imagenet512/val/n03125729/ILSVRC2012_val_00001864.JPEG reached epsilon at step 207, loss sum: 20.9739, final loss: 0.00099717, weight distance: 3.2876
2025-09-05 14:07:35,968 - INFO - Example 933 completed: 207 steps, loss sum: 20.9739, final loss: 0.00099717, weight distance: 3.2876 (universal rank: 42773)
2025-09-05 14:07:35,968 - INFO - 
=== Training Example 934/1500: /home/projects/bagon/shared/imagenet512/val/n09428293/ILSVRC2012_val_00004976.JPEG ===
2025-09-05 14:07:53,980 - INFO - Example /home/projects/bagon/shared/imagenet512/val/n09428293/ILSVRC2012_val_00004976.JPEG reached epsilon at step 538, loss sum: 58.3555, final loss: 0.00099800, weight distance: 3.7791
2025-09-05 14:07:53,986 - INFO - Example 934 completed: 538 steps, loss sum: 58.3555, final loss: 0.00099800, weight distance: 3.7791 (universal rank: 42786)
2025-09-05 14:07:53,986 - INFO - 
=== Training Example 935/1500: /home/projects/bagon/shared/imagenet512/val/n02098413/ILSVRC2012_val_00030555.JPEG ===
2025-09-05 14:08:03,785 - INFO - Example /home/projects/bagon/shared/imagenet512/val/n02098413/ILSVRC2012_val_00030555.JPEG reached epsilon at step 292, loss sum: 27.4948, final loss: 0.00099990, weight distance: 4.1247
2025-09-05 14:08:03,791 - INFO - Example 935 completed: 292 steps, loss sum: 27.4948, final loss: 0.00099990, weight distance: 4.1247 (universal rank: 42788)
2025-09-05 14:08:03,791 - INFO - 
=== Training Example 936/1500: /home/projects/bagon/shared/imagenet512/val/n04392985/ILSVRC2012_val_00034873.JPEG ===
2025-09-05 14:08:12,920 - INFO - Example /home/projects/bagon/shared/imagenet512/val/n04392985/ILSVRC2012_val_00034873.JPEG reached epsilon at step 273, loss sum: 30.1104, final loss: 0.00099848, weight distance: 2.2961
2025-09-05 14:08:12,926 - INFO - Example 936 completed: 273 steps, loss sum: 30.1104, final loss: 0.00099848, weight distance: 2.2961 (universal rank: 42789)
2025-09-05 14:08:12,926 - INFO - 
=== Training Example 937/1500: /home/projects/bagon/shared/imagenet512/val/n04479046/ILSVRC2012_val_00026753.JPEG ===
2025-09-05 14:08:19,115 - INFO - Example /home/projects/bagon/shared/imagenet512/val/n04479046/ILSVRC2012_val_00026753.JPEG reached epsilon at step 183, loss sum: 20.8109, final loss: 0.00099919, weight distance: 2.9131
2025-09-05 14:08:19,121 - INFO - Example 937 completed: 183 steps, loss sum: 20.8109, final loss: 0.00099919, weight distance: 2.9131 (universal rank: 42790)
2025-09-05 14:08:19,121 - INFO - 
=== Training Example 938/1500: /home/projects/bagon/shared/imagenet512/val/n02096294/ILSVRC2012_val_00016374.JPEG ===
2025-09-05 14:08:24,602 - INFO - Example /home/projects/bagon/shared/imagenet512/val/n02096294/ILSVRC2012_val_00016374.JPEG reached epsilon at step 163, loss sum: 27.9966, final loss: 0.00099919, weight distance: 2.4750
2025-09-05 14:08:24,610 - INFO - Example 938 completed: 163 steps, loss sum: 27.9966, final loss: 0.00099919, weight distance: 2.4750 (universal rank: 42792)
2025-09-05 14:08:24,610 - INFO - 
=== Training Example 939/1500: /home/projects/bagon/shared/imagenet512/val/n01491361/ILSVRC2012_val_00035405.JPEG ===
2025-09-05 14:08:37,726 - INFO - Example /home/projects/bagon/shared/imagenet512/val/n01491361/ILSVRC2012_val_00035405.JPEG reached epsilon at step 391, loss sum: 25.2196, final loss: 0.00099990, weight distance: 3.7447
2025-09-05 14:08:37,732 - INFO - Example 939 completed: 391 steps, loss sum: 25.2196, final loss: 0.00099990, weight distance: 3.7447 (universal rank: 42800)
2025-09-05 14:08:37,732 - INFO - 
=== Training Example 940/1500: /home/projects/bagon/shared/imagenet512/val/n01744401/ILSVRC2012_val_00031980.JPEG ===
2025-09-05 14:08:49,618 - INFO - Example /home/projects/bagon/shared/imagenet512/val/n01744401/ILSVRC2012_val_00031980.JPEG reached epsilon at step 354, loss sum: 31.9925, final loss: 0.00099824, weight distance: 2.0493
2025-09-05 14:08:49,624 - INFO - Example 940 completed: 354 steps, loss sum: 31.9925, final loss: 0.00099824, weight distance: 2.0493 (universal rank: 42802)
2025-09-05 14:08:49,624 - INFO - 
=== Training Example 941/1500: /home/projects/bagon/shared/imagenet512/val/n02124075/ILSVRC2012_val_00041427.JPEG ===
2025-09-05 14:08:58,269 - INFO - Example /home/projects/bagon/shared/imagenet512/val/n02124075/ILSVRC2012_val_00041427.JPEG reached epsilon at step 255, loss sum: 23.1315, final loss: 0.00099848, weight distance: 2.6352
2025-09-05 14:08:58,275 - INFO - Example 941 completed: 255 steps, loss sum: 23.1315, final loss: 0.00099848, weight distance: 2.6352 (universal rank: 42807)
2025-09-05 14:08:58,275 - INFO - 
=== Training Example 942/1500: /home/projects/bagon/shared/imagenet512/val/n02963159/ILSVRC2012_val_00013629.JPEG ===
2025-09-05 14:09:05,891 - INFO - Example /home/projects/bagon/shared/imagenet512/val/n02963159/ILSVRC2012_val_00013629.JPEG reached epsilon at step 226, loss sum: 50.6053, final loss: 0.00099800, weight distance: 1.8967
2025-09-05 14:09:05,896 - INFO - Example 942 completed: 226 steps, loss sum: 50.6053, final loss: 0.00099800, weight distance: 1.8967 (universal rank: 42812)
2025-09-05 14:09:05,897 - INFO - 
=== Training Example 943/1500: /home/projects/bagon/shared/imagenet512/val/n04330267/ILSVRC2012_val_00044740.JPEG ===
2025-09-05 14:09:10,326 - INFO - Example /home/projects/bagon/shared/imagenet512/val/n04330267/ILSVRC2012_val_00044740.JPEG reached epsilon at step 130, loss sum: 17.4804, final loss: 0.00099717, weight distance: 2.7691
2025-09-05 14:09:10,331 - INFO - Example 943 completed: 130 steps, loss sum: 17.4804, final loss: 0.00099717, weight distance: 2.7691 (universal rank: 42813)
2025-09-05 14:09:10,331 - INFO - 
=== Training Example 944/1500: /home/projects/bagon/shared/imagenet512/val/n01796340/ILSVRC2012_val_00044591.JPEG ===
2025-09-05 14:09:21,637 - INFO - Example /home/projects/bagon/shared/imagenet512/val/n01796340/ILSVRC2012_val_00044591.JPEG reached epsilon at step 337, loss sum: 22.2908, final loss: 0.00099776, weight distance: 3.3518
2025-09-05 14:09:21,642 - INFO - Example 944 completed: 337 steps, loss sum: 22.2908, final loss: 0.00099776, weight distance: 3.3518 (universal rank: 42815)
2025-09-05 14:09:21,643 - INFO - 
=== Training Example 945/1500: /home/projects/bagon/shared/imagenet512/val/n03991062/ILSVRC2012_val_00017802.JPEG ===
2025-09-05 14:09:26,139 - INFO - Example /home/projects/bagon/shared/imagenet512/val/n03991062/ILSVRC2012_val_00017802.JPEG reached epsilon at step 131, loss sum: 19.8479, final loss: 0.00099979, weight distance: 2.4094
2025-09-05 14:09:26,145 - INFO - Example 945 completed: 131 steps, loss sum: 19.8479, final loss: 0.00099979, weight distance: 2.4094 (universal rank: 42821)
2025-09-05 14:09:26,145 - INFO - 
=== Training Example 946/1500: /home/projects/bagon/shared/imagenet512/val/n03530642/ILSVRC2012_val_00033371.JPEG ===
2025-09-05 14:09:29,143 - INFO - Example /home/projects/bagon/shared/imagenet512/val/n03530642/ILSVRC2012_val_00033371.JPEG reached epsilon at step 87, loss sum: 18.3545, final loss: 0.00099752, weight distance: 1.8711
2025-09-05 14:09:29,149 - INFO - Example 946 completed: 87 steps, loss sum: 18.3545, final loss: 0.00099752, weight distance: 1.8711 (universal rank: 42832)
2025-09-05 14:09:29,149 - INFO - 
=== Training Example 947/1500: /home/projects/bagon/shared/imagenet512/val/n03594945/ILSVRC2012_val_00006530.JPEG ===
2025-09-05 14:09:39,653 - INFO - Example /home/projects/bagon/shared/imagenet512/val/n03594945/ILSVRC2012_val_00006530.JPEG reached epsilon at step 310, loss sum: 35.5599, final loss: 0.00099836, weight distance: 3.2013
2025-09-05 14:09:39,659 - INFO - Example 947 completed: 310 steps, loss sum: 35.5599, final loss: 0.00099836, weight distance: 3.2013 (universal rank: 42835)
2025-09-05 14:09:39,659 - INFO - 
=== Training Example 948/1500: /home/projects/bagon/shared/imagenet512/val/n03498962/ILSVRC2012_val_00046192.JPEG ===
2025-09-05 14:09:48,539 - INFO - Example /home/projects/bagon/shared/imagenet512/val/n03498962/ILSVRC2012_val_00046192.JPEG reached epsilon at step 264, loss sum: 23.6583, final loss: 0.00099836, weight distance: 2.9875
2025-09-05 14:09:48,544 - INFO - Example 948 completed: 264 steps, loss sum: 23.6583, final loss: 0.00099836, weight distance: 2.9875 (universal rank: 42838)
2025-09-05 14:09:48,544 - INFO - 
=== Training Example 949/1500: /home/projects/bagon/shared/imagenet512/val/n02825657/ILSVRC2012_val_00046779.JPEG ===
2025-09-05 14:09:56,710 - INFO - Example /home/projects/bagon/shared/imagenet512/val/n02825657/ILSVRC2012_val_00046779.JPEG reached epsilon at step 242, loss sum: 17.3476, final loss: 0.00099657, weight distance: 2.9612
2025-09-05 14:09:56,716 - INFO - Example 949 completed: 242 steps, loss sum: 17.3476, final loss: 0.00099657, weight distance: 2.9612 (universal rank: 42840)
2025-09-05 14:09:56,716 - INFO - 
=== Training Example 950/1500: /home/projects/bagon/shared/imagenet512/val/n03424325/ILSVRC2012_val_00034204.JPEG ===
2025-09-05 14:10:04,466 - INFO - Example /home/projects/bagon/shared/imagenet512/val/n03424325/ILSVRC2012_val_00034204.JPEG reached epsilon at step 229, loss sum: 25.2799, final loss: 0.00099681, weight distance: 2.2520
2025-09-05 14:10:04,471 - INFO - Example 950 completed: 229 steps, loss sum: 25.2799, final loss: 0.00099681, weight distance: 2.2520 (universal rank: 42843)
2025-09-05 14:10:04,471 - INFO - 
=== Training Example 951/1500: /home/projects/bagon/shared/imagenet512/val/n02091032/ILSVRC2012_val_00020613.JPEG ===
2025-09-05 14:10:09,749 - INFO - Example /home/projects/bagon/shared/imagenet512/val/n02091032/ILSVRC2012_val_00020613.JPEG reached epsilon at step 155, loss sum: 27.2065, final loss: 0.00099717, weight distance: 3.3410
2025-09-05 14:10:09,754 - INFO - Example 951 completed: 155 steps, loss sum: 27.2065, final loss: 0.00099717, weight distance: 3.3410 (universal rank: 42847)
2025-09-05 14:10:09,754 - INFO - 
=== Training Example 952/1500: /home/projects/bagon/shared/imagenet512/val/n03706229/ILSVRC2012_val_00047988.JPEG ===
2025-09-05 14:10:16,724 - INFO - Example /home/projects/bagon/shared/imagenet512/val/n03706229/ILSVRC2012_val_00047988.JPEG reached epsilon at step 207, loss sum: 29.3189, final loss: 0.00099955, weight distance: 4.6772
2025-09-05 14:10:16,730 - INFO - Example 952 completed: 207 steps, loss sum: 29.3189, final loss: 0.00099955, weight distance: 4.6772 (universal rank: 42866)
2025-09-05 14:10:16,730 - INFO - 
=== Training Example 953/1500: /home/projects/bagon/shared/imagenet512/val/n04560804/ILSVRC2012_val_00006573.JPEG ===
2025-09-05 14:10:25,650 - INFO - Example /home/projects/bagon/shared/imagenet512/val/n04560804/ILSVRC2012_val_00006573.JPEG reached epsilon at step 266, loss sum: 20.3027, final loss: 0.00099788, weight distance: 4.2993
2025-09-05 14:10:25,877 - INFO - Example 953 completed: 266 steps, loss sum: 20.3027, final loss: 0.00099788, weight distance: 4.2993 (universal rank: 42868)
2025-09-05 14:10:25,877 - INFO - 
=== Training Example 954/1500: /home/projects/bagon/shared/imagenet512/val/n03197337/ILSVRC2012_val_00009109.JPEG ===
2025-09-05 14:10:31,393 - INFO - Example /home/projects/bagon/shared/imagenet512/val/n03197337/ILSVRC2012_val_00009109.JPEG reached epsilon at step 162, loss sum: 35.2178, final loss: 0.00099466, weight distance: 3.8814
2025-09-05 14:10:31,401 - INFO - Example 954 completed: 162 steps, loss sum: 35.2178, final loss: 0.00099466, weight distance: 3.8814 (universal rank: 42869)
2025-09-05 14:10:31,401 - INFO - 
=== Training Example 955/1500: /home/projects/bagon/shared/imagenet512/val/n03188531/ILSVRC2012_val_00010368.JPEG ===
2025-09-05 14:10:37,317 - INFO - Example /home/projects/bagon/shared/imagenet512/val/n03188531/ILSVRC2012_val_00010368.JPEG reached epsilon at step 175, loss sum: 29.4307, final loss: 0.00099443, weight distance: 2.4029
2025-09-05 14:10:37,322 - INFO - Example 955 completed: 175 steps, loss sum: 29.4307, final loss: 0.00099443, weight distance: 2.4029 (universal rank: 42871)
2025-09-05 14:10:37,323 - INFO - 
=== Training Example 956/1500: /home/projects/bagon/shared/imagenet512/val/n04033995/ILSVRC2012_val_00011029.JPEG ===
2025-09-05 14:10:42,830 - INFO - Example /home/projects/bagon/shared/imagenet512/val/n04033995/ILSVRC2012_val_00011029.JPEG reached epsilon at step 164, loss sum: 26.5097, final loss: 0.00099871, weight distance: 2.0266
2025-09-05 14:10:42,836 - INFO - Example 956 completed: 164 steps, loss sum: 26.5097, final loss: 0.00099871, weight distance: 2.0266 (universal rank: 42872)
2025-09-05 14:10:42,836 - INFO - 
=== Training Example 957/1500: /home/projects/bagon/shared/imagenet512/val/n03976467/ILSVRC2012_val_00008666.JPEG ===
2025-09-05 14:10:50,807 - INFO - Example /home/projects/bagon/shared/imagenet512/val/n03976467/ILSVRC2012_val_00008666.JPEG reached epsilon at step 236, loss sum: 35.0065, final loss: 0.00099681, weight distance: 2.3159
2025-09-05 14:10:50,812 - INFO - Example 957 completed: 236 steps, loss sum: 35.0065, final loss: 0.00099681, weight distance: 2.3159 (universal rank: 42874)
2025-09-05 14:10:50,812 - INFO - 
=== Training Example 958/1500: /home/projects/bagon/shared/imagenet512/val/n01955084/ILSVRC2012_val_00031321.JPEG ===
2025-09-05 14:11:06,326 - INFO - Example /home/projects/bagon/shared/imagenet512/val/n01955084/ILSVRC2012_val_00031321.JPEG reached epsilon at step 465, loss sum: 47.1362, final loss: 0.00099895, weight distance: 5.0307
2025-09-05 14:11:06,332 - INFO - Example 958 completed: 465 steps, loss sum: 47.1362, final loss: 0.00099895, weight distance: 5.0307 (universal rank: 42881)
2025-09-05 14:11:06,332 - INFO - 
=== Training Example 959/1500: /home/projects/bagon/shared/imagenet512/val/n01496331/ILSVRC2012_val_00015555.JPEG ===
2025-09-05 14:11:12,648 - INFO - Example /home/projects/bagon/shared/imagenet512/val/n01496331/ILSVRC2012_val_00015555.JPEG reached epsilon at step 188, loss sum: 16.1294, final loss: 0.00099502, weight distance: 2.3890
2025-09-05 14:11:12,654 - INFO - Example 959 completed: 188 steps, loss sum: 16.1294, final loss: 0.00099502, weight distance: 2.3890 (universal rank: 42892)
2025-09-05 14:11:12,655 - INFO - 
=== Training Example 960/1500: /home/projects/bagon/shared/imagenet512/val/n04008634/ILSVRC2012_val_00040466.JPEG ===
2025-09-05 14:11:19,758 - INFO - Example /home/projects/bagon/shared/imagenet512/val/n04008634/ILSVRC2012_val_00040466.JPEG reached epsilon at step 212, loss sum: 11.3035, final loss: 0.00099990, weight distance: 1.2572
2025-09-05 14:11:19,764 - INFO - Example 960 completed: 212 steps, loss sum: 11.3035, final loss: 0.00099990, weight distance: 1.2572 (universal rank: 42897)
2025-09-05 14:11:19,764 - INFO - 
=== Training Example 961/1500: /home/projects/bagon/shared/imagenet512/val/n01847000/ILSVRC2012_val_00026811.JPEG ===
2025-09-05 14:11:36,987 - INFO - Example /home/projects/bagon/shared/imagenet512/val/n01847000/ILSVRC2012_val_00026811.JPEG reached epsilon at step 518, loss sum: 49.1885, final loss: 0.00099824, weight distance: 3.0891
2025-09-05 14:11:36,994 - INFO - Example 961 completed: 518 steps, loss sum: 49.1885, final loss: 0.00099824, weight distance: 3.0891 (universal rank: 42904)
2025-09-05 14:11:36,994 - INFO - 
=== Training Example 962/1500: /home/projects/bagon/shared/imagenet512/val/n02097658/ILSVRC2012_val_00040875.JPEG ===
2025-09-05 14:11:50,439 - INFO - Example /home/projects/bagon/shared/imagenet512/val/n02097658/ILSVRC2012_val_00040875.JPEG reached epsilon at step 400, loss sum: 38.9751, final loss: 0.00099848, weight distance: 3.2077
2025-09-05 14:11:50,444 - INFO - Example 962 completed: 400 steps, loss sum: 38.9751, final loss: 0.00099848, weight distance: 3.2077 (universal rank: 42907)
2025-09-05 14:11:50,444 - INFO - 
=== Training Example 963/1500: /home/projects/bagon/shared/imagenet512/val/n03028079/ILSVRC2012_val_00039477.JPEG ===
2025-09-05 14:11:59,742 - INFO - Example /home/projects/bagon/shared/imagenet512/val/n03028079/ILSVRC2012_val_00039477.JPEG reached epsilon at step 276, loss sum: 22.7115, final loss: 0.00099693, weight distance: 2.0475
2025-09-05 14:11:59,748 - INFO - Example 963 completed: 276 steps, loss sum: 22.7115, final loss: 0.00099693, weight distance: 2.0475 (universal rank: 42914)
2025-09-05 14:11:59,749 - INFO - 
=== Training Example 964/1500: /home/projects/bagon/shared/imagenet512/val/n02119789/ILSVRC2012_val_00047804.JPEG ===
2025-09-05 14:12:05,758 - INFO - Example /home/projects/bagon/shared/imagenet512/val/n02119789/ILSVRC2012_val_00047804.JPEG reached epsilon at step 175, loss sum: 40.5522, final loss: 0.00099562, weight distance: 2.6349
2025-09-05 14:12:05,763 - INFO - Example 964 completed: 175 steps, loss sum: 40.5522, final loss: 0.00099562, weight distance: 2.6349 (universal rank: 42921)
2025-09-05 14:12:05,763 - INFO - 
=== Training Example 965/1500: /home/projects/bagon/shared/imagenet512/val/n02091134/ILSVRC2012_val_00017871.JPEG ===
2025-09-05 14:12:14,878 - INFO - Example /home/projects/bagon/shared/imagenet512/val/n02091134/ILSVRC2012_val_00017871.JPEG reached epsilon at step 270, loss sum: 25.6117, final loss: 0.00099705, weight distance: 3.2657
2025-09-05 14:12:14,884 - INFO - Example 965 completed: 270 steps, loss sum: 25.6117, final loss: 0.00099705, weight distance: 3.2657 (universal rank: 42922)
2025-09-05 14:12:14,884 - INFO - 
=== Training Example 966/1500: /home/projects/bagon/shared/imagenet512/val/n04263257/ILSVRC2012_val_00024667.JPEG ===
2025-09-05 14:12:23,600 - INFO - Example /home/projects/bagon/shared/imagenet512/val/n04263257/ILSVRC2012_val_00024667.JPEG reached epsilon at step 260, loss sum: 39.1474, final loss: 0.00099800, weight distance: 4.1392
2025-09-05 14:12:23,606 - INFO - Example 966 completed: 260 steps, loss sum: 39.1474, final loss: 0.00099800, weight distance: 4.1392 (universal rank: 42929)
2025-09-05 14:12:23,606 - INFO - 
=== Training Example 967/1500: /home/projects/bagon/shared/imagenet512/val/n02412080/ILSVRC2012_val_00003314.JPEG ===
2025-09-05 14:12:30,010 - INFO - Example /home/projects/bagon/shared/imagenet512/val/n02412080/ILSVRC2012_val_00003314.JPEG reached epsilon at step 190, loss sum: 22.7106, final loss: 0.00099812, weight distance: 0.7356
2025-09-05 14:12:30,015 - INFO - Example 967 completed: 190 steps, loss sum: 22.7106, final loss: 0.00099812, weight distance: 0.7356 (universal rank: 42930)
2025-09-05 14:12:30,015 - INFO - 
=== Training Example 968/1500: /home/projects/bagon/shared/imagenet512/val/n03384352/ILSVRC2012_val_00001579.JPEG ===
2025-09-05 14:12:35,420 - INFO - Example /home/projects/bagon/shared/imagenet512/val/n03384352/ILSVRC2012_val_00001579.JPEG reached epsilon at step 160, loss sum: 15.3783, final loss: 0.00099943, weight distance: 1.1939
2025-09-05 14:12:35,425 - INFO - Example 968 completed: 160 steps, loss sum: 15.3783, final loss: 0.00099943, weight distance: 1.1939 (universal rank: 42934)
2025-09-05 14:12:35,425 - INFO - 
=== Training Example 969/1500: /home/projects/bagon/shared/imagenet512/val/n02099267/ILSVRC2012_val_00020892.JPEG ===
2025-09-05 14:12:46,336 - INFO - Example /home/projects/bagon/shared/imagenet512/val/n02099267/ILSVRC2012_val_00020892.JPEG reached epsilon at step 325, loss sum: 35.5270, final loss: 0.00099919, weight distance: 2.5324
2025-09-05 14:12:46,344 - INFO - Example 969 completed: 325 steps, loss sum: 35.5270, final loss: 0.00099919, weight distance: 2.5324 (universal rank: 42936)
2025-09-05 14:12:46,344 - INFO - 
=== Training Example 970/1500: /home/projects/bagon/shared/imagenet512/val/n04461696/ILSVRC2012_val_00027753.JPEG ===
2025-09-05 14:12:52,863 - INFO - Example /home/projects/bagon/shared/imagenet512/val/n04461696/ILSVRC2012_val_00027753.JPEG reached epsilon at step 192, loss sum: 27.5476, final loss: 0.00099955, weight distance: 3.0390
2025-09-05 14:12:52,869 - INFO - Example 970 completed: 192 steps, loss sum: 27.5476, final loss: 0.00099955, weight distance: 3.0390 (universal rank: 42937)
2025-09-05 14:12:52,869 - INFO - 
=== Training Example 971/1500: /home/projects/bagon/shared/imagenet512/val/n01641577/ILSVRC2012_val_00028113.JPEG ===
2025-09-05 14:13:08,174 - INFO - Example /home/projects/bagon/shared/imagenet512/val/n01641577/ILSVRC2012_val_00028113.JPEG reached epsilon at step 456, loss sum: 51.3946, final loss: 0.00099919, weight distance: 2.8715
2025-09-05 14:13:08,180 - INFO - Example 971 completed: 456 steps, loss sum: 51.3946, final loss: 0.00099919, weight distance: 2.8715 (universal rank: 42949)
2025-09-05 14:13:08,180 - INFO - 
=== Training Example 972/1500: /home/projects/bagon/shared/imagenet512/val/n04548362/ILSVRC2012_val_00036228.JPEG ===
2025-09-05 14:13:32,985 - INFO - Example /home/projects/bagon/shared/imagenet512/val/n04548362/ILSVRC2012_val_00036228.JPEG reached epsilon at step 740, loss sum: 42.6846, final loss: 0.00099967, weight distance: 0.9630
2025-09-05 14:13:32,991 - INFO - Example 972 completed: 740 steps, loss sum: 42.6846, final loss: 0.00099967, weight distance: 0.9630 (universal rank: 42956)
2025-09-05 14:13:32,991 - INFO - 
=== Training Example 973/1500: /home/projects/bagon/shared/imagenet512/val/n03662601/ILSVRC2012_val_00048015.JPEG ===
2025-09-05 14:13:44,982 - INFO - Example /home/projects/bagon/shared/imagenet512/val/n03662601/ILSVRC2012_val_00048015.JPEG reached epsilon at step 356, loss sum: 34.1927, final loss: 0.00099919, weight distance: 3.2375
2025-09-05 14:13:44,988 - INFO - Example 973 completed: 356 steps, loss sum: 34.1927, final loss: 0.00099919, weight distance: 3.2375 (universal rank: 42961)
2025-09-05 14:13:44,988 - INFO - 
=== Training Example 974/1500: /home/projects/bagon/shared/imagenet512/val/n03532672/ILSVRC2012_val_00016133.JPEG ===
2025-09-05 14:13:50,471 - INFO - Example /home/projects/bagon/shared/imagenet512/val/n03532672/ILSVRC2012_val_00016133.JPEG reached epsilon at step 161, loss sum: 28.0621, final loss: 0.00099490, weight distance: 4.4393
2025-09-05 14:13:50,478 - INFO - Example 974 completed: 161 steps, loss sum: 28.0621, final loss: 0.00099490, weight distance: 4.4393 (universal rank: 42964)
2025-09-05 14:13:50,478 - INFO - 
=== Training Example 975/1500: /home/projects/bagon/shared/imagenet512/val/n02988304/ILSVRC2012_val_00023623.JPEG ===
2025-09-05 14:14:17,954 - INFO - Example /home/projects/bagon/shared/imagenet512/val/n02988304/ILSVRC2012_val_00023623.JPEG reached epsilon at step 821, loss sum: 56.0830, final loss: 0.00099931, weight distance: 2.8823
2025-09-05 14:14:17,960 - INFO - Example 975 completed: 821 steps, loss sum: 56.0830, final loss: 0.00099931, weight distance: 2.8823 (universal rank: 42966)
2025-09-05 14:14:17,961 - INFO - 
=== Training Example 976/1500: /home/projects/bagon/shared/imagenet512/val/n03710721/ILSVRC2012_val_00010762.JPEG ===
2025-09-05 14:14:24,504 - INFO - Example /home/projects/bagon/shared/imagenet512/val/n03710721/ILSVRC2012_val_00010762.JPEG reached epsilon at step 195, loss sum: 17.5433, final loss: 0.00099764, weight distance: 1.0174
2025-09-05 14:14:24,509 - INFO - Example 976 completed: 195 steps, loss sum: 17.5433, final loss: 0.00099764, weight distance: 1.0174 (universal rank: 42970)
2025-09-05 14:14:24,510 - INFO - 
=== Training Example 977/1500: /home/projects/bagon/shared/imagenet512/val/n04317175/ILSVRC2012_val_00029053.JPEG ===
2025-09-05 14:14:32,967 - INFO - Example /home/projects/bagon/shared/imagenet512/val/n04317175/ILSVRC2012_val_00029053.JPEG reached epsilon at step 252, loss sum: 29.3906, final loss: 0.00099967, weight distance: 3.6302
2025-09-05 14:14:32,972 - INFO - Example 977 completed: 252 steps, loss sum: 29.3906, final loss: 0.00099967, weight distance: 3.6302 (universal rank: 42978)
2025-09-05 14:14:32,972 - INFO - 
=== Training Example 978/1500: /home/projects/bagon/shared/imagenet512/val/n04604644/ILSVRC2012_val_00044982.JPEG ===
2025-09-05 14:14:39,913 - INFO - Example /home/projects/bagon/shared/imagenet512/val/n04604644/ILSVRC2012_val_00044982.JPEG reached epsilon at step 205, loss sum: 20.4258, final loss: 0.00099764, weight distance: 4.3334
2025-09-05 14:14:39,918 - INFO - Example 978 completed: 205 steps, loss sum: 20.4258, final loss: 0.00099764, weight distance: 4.3334 (universal rank: 42981)
2025-09-05 14:14:39,918 - INFO - 
=== Training Example 979/1500: /home/projects/bagon/shared/imagenet512/val/n04467665/ILSVRC2012_val_00015480.JPEG ===
2025-09-05 14:14:47,314 - INFO - Example /home/projects/bagon/shared/imagenet512/val/n04467665/ILSVRC2012_val_00015480.JPEG reached epsilon at step 219, loss sum: 20.1936, final loss: 0.00099836, weight distance: 2.4024
2025-09-05 14:14:47,319 - INFO - Example 979 completed: 219 steps, loss sum: 20.1936, final loss: 0.00099836, weight distance: 2.4024 (universal rank: 42989)
2025-09-05 14:14:47,319 - INFO - 
=== Training Example 980/1500: /home/projects/bagon/shared/imagenet512/val/n09229709/ILSVRC2012_val_00041112.JPEG ===
2025-09-05 14:14:53,755 - INFO - Example /home/projects/bagon/shared/imagenet512/val/n09229709/ILSVRC2012_val_00041112.JPEG reached epsilon at step 190, loss sum: 11.7635, final loss: 0.00099836, weight distance: 2.6835
2025-09-05 14:14:53,763 - INFO - Example 980 completed: 190 steps, loss sum: 11.7635, final loss: 0.00099836, weight distance: 2.6835 (universal rank: 42990)
2025-09-05 14:14:53,763 - INFO - 
=== Training Example 981/1500: /home/projects/bagon/shared/imagenet512/val/n03134739/ILSVRC2012_val_00021307.JPEG ===
2025-09-05 14:15:09,017 - INFO - Example /home/projects/bagon/shared/imagenet512/val/n03134739/ILSVRC2012_val_00021307.JPEG reached epsilon at step 455, loss sum: 15.0270, final loss: 0.00099800, weight distance: 2.6138
2025-09-05 14:15:09,022 - INFO - Example 981 completed: 455 steps, loss sum: 15.0270, final loss: 0.00099800, weight distance: 2.6138 (universal rank: 42998)
2025-09-05 14:15:09,022 - INFO - 
=== Training Example 982/1500: /home/projects/bagon/shared/imagenet512/val/n01664065/ILSVRC2012_val_00048257.JPEG ===
2025-09-05 14:15:15,070 - INFO - Example /home/projects/bagon/shared/imagenet512/val/n01664065/ILSVRC2012_val_00048257.JPEG reached epsilon at step 179, loss sum: 19.2706, final loss: 0.00099931, weight distance: 2.4737
2025-09-05 14:15:15,076 - INFO - Example 982 completed: 179 steps, loss sum: 19.2706, final loss: 0.00099931, weight distance: 2.4737 (universal rank: 43000)
2025-09-05 14:15:15,076 - INFO - 
=== Training Example 983/1500: /home/projects/bagon/shared/imagenet512/val/n02877765/ILSVRC2012_val_00001080.JPEG ===
2025-09-05 14:15:24,790 - INFO - Example /home/projects/bagon/shared/imagenet512/val/n02877765/ILSVRC2012_val_00001080.JPEG reached epsilon at step 291, loss sum: 38.1594, final loss: 0.00099800, weight distance: 3.9204
2025-09-05 14:15:24,796 - INFO - Example 983 completed: 291 steps, loss sum: 38.1594, final loss: 0.00099800, weight distance: 3.9204 (universal rank: 43005)
2025-09-05 14:15:24,796 - INFO - 
=== Training Example 984/1500: /home/projects/bagon/shared/imagenet512/val/n04542943/ILSVRC2012_val_00003817.JPEG ===
2025-09-05 14:15:31,407 - INFO - Example /home/projects/bagon/shared/imagenet512/val/n04542943/ILSVRC2012_val_00003817.JPEG reached epsilon at step 196, loss sum: 25.2524, final loss: 0.00099907, weight distance: 3.6662
2025-09-05 14:15:31,412 - INFO - Example 984 completed: 196 steps, loss sum: 25.2524, final loss: 0.00099907, weight distance: 3.6662 (universal rank: 43008)
2025-09-05 14:15:31,412 - INFO - 
=== Training Example 985/1500: /home/projects/bagon/shared/imagenet512/val/n01644900/ILSVRC2012_val_00035658.JPEG ===
2025-09-05 14:15:39,857 - INFO - Example /home/projects/bagon/shared/imagenet512/val/n01644900/ILSVRC2012_val_00035658.JPEG reached epsilon at step 249, loss sum: 31.9904, final loss: 0.00099979, weight distance: 3.5011
2025-09-05 14:15:39,864 - INFO - Example 985 completed: 249 steps, loss sum: 31.9904, final loss: 0.00099979, weight distance: 3.5011 (universal rank: 43017)
2025-09-05 14:15:39,864 - INFO - 
=== Training Example 986/1500: /home/projects/bagon/shared/imagenet512/val/n02108089/ILSVRC2012_val_00017602.JPEG ===
2025-09-05 14:15:46,417 - INFO - Example /home/projects/bagon/shared/imagenet512/val/n02108089/ILSVRC2012_val_00017602.JPEG reached epsilon at step 194, loss sum: 18.9417, final loss: 0.00099931, weight distance: 3.3167
2025-09-05 14:15:46,422 - INFO - Example 986 completed: 194 steps, loss sum: 18.9417, final loss: 0.00099931, weight distance: 3.3167 (universal rank: 43027)
2025-09-05 14:15:46,423 - INFO - 
=== Training Example 987/1500: /home/projects/bagon/shared/imagenet512/val/n03347037/ILSVRC2012_val_00044848.JPEG ===
2025-09-05 14:15:56,563 - INFO - Example /home/projects/bagon/shared/imagenet512/val/n03347037/ILSVRC2012_val_00044848.JPEG reached epsilon at step 301, loss sum: 42.5437, final loss: 0.00099919, weight distance: 5.1995
2025-09-05 14:15:56,570 - INFO - Example 987 completed: 301 steps, loss sum: 42.5437, final loss: 0.00099919, weight distance: 5.1995 (universal rank: 43029)
2025-09-05 14:15:56,570 - INFO - 
=== Training Example 988/1500: /home/projects/bagon/shared/imagenet512/val/n02536864/ILSVRC2012_val_00019672.JPEG ===
2025-09-05 14:16:07,567 - INFO - Example /home/projects/bagon/shared/imagenet512/val/n02536864/ILSVRC2012_val_00019672.JPEG reached epsilon at step 328, loss sum: 27.9273, final loss: 0.00099705, weight distance: 3.4966
2025-09-05 14:16:07,572 - INFO - Example 988 completed: 328 steps, loss sum: 27.9273, final loss: 0.00099705, weight distance: 3.4966 (universal rank: 43055)
2025-09-05 14:16:07,572 - INFO - 
=== Training Example 989/1500: /home/projects/bagon/shared/imagenet512/val/n03584254/ILSVRC2012_val_00003244.JPEG ===
2025-09-05 14:16:16,080 - INFO - Example /home/projects/bagon/shared/imagenet512/val/n03584254/ILSVRC2012_val_00003244.JPEG reached epsilon at step 253, loss sum: 29.0549, final loss: 0.00099990, weight distance: 2.6884
2025-09-05 14:16:16,085 - INFO - Example 989 completed: 253 steps, loss sum: 29.0549, final loss: 0.00099990, weight distance: 2.6884 (universal rank: 43060)
2025-09-05 14:16:16,085 - INFO - 
=== Training Example 990/1500: /home/projects/bagon/shared/imagenet512/val/n02397096/ILSVRC2012_val_00033386.JPEG ===
2025-09-05 14:16:21,636 - INFO - Example /home/projects/bagon/shared/imagenet512/val/n02397096/ILSVRC2012_val_00033386.JPEG reached epsilon at step 164, loss sum: 24.6890, final loss: 0.00099609, weight distance: 3.3474
2025-09-05 14:16:21,642 - INFO - Example 990 completed: 164 steps, loss sum: 24.6890, final loss: 0.00099609, weight distance: 3.3474 (universal rank: 43063)
2025-09-05 14:16:21,642 - INFO - 
=== Training Example 991/1500: /home/projects/bagon/shared/imagenet512/val/n07716358/ILSVRC2012_val_00030332.JPEG ===
2025-09-05 14:16:31,061 - INFO - Example /home/projects/bagon/shared/imagenet512/val/n07716358/ILSVRC2012_val_00030332.JPEG reached epsilon at step 281, loss sum: 30.9229, final loss: 0.00099907, weight distance: 4.3000
2025-09-05 14:16:31,066 - INFO - Example 991 completed: 281 steps, loss sum: 30.9229, final loss: 0.00099907, weight distance: 4.3000 (universal rank: 43065)
2025-09-05 14:16:31,066 - INFO - 
=== Training Example 992/1500: /home/projects/bagon/shared/imagenet512/val/n02094114/ILSVRC2012_val_00002262.JPEG ===
2025-09-05 14:16:40,080 - INFO - Example /home/projects/bagon/shared/imagenet512/val/n02094114/ILSVRC2012_val_00002262.JPEG reached epsilon at step 268, loss sum: 35.0202, final loss: 0.00099990, weight distance: 1.8711
2025-09-05 14:16:40,086 - INFO - Example 992 completed: 268 steps, loss sum: 35.0202, final loss: 0.00099990, weight distance: 1.8711 (universal rank: 43072)
2025-09-05 14:16:40,086 - INFO - 
=== Training Example 993/1500: /home/projects/bagon/shared/imagenet512/val/n02951585/ILSVRC2012_val_00013678.JPEG ===
2025-09-05 14:16:49,064 - INFO - Example /home/projects/bagon/shared/imagenet512/val/n02951585/ILSVRC2012_val_00013678.JPEG reached epsilon at step 267, loss sum: 41.1434, final loss: 0.00099883, weight distance: 1.4660
2025-09-05 14:16:49,069 - INFO - Example 993 completed: 267 steps, loss sum: 41.1434, final loss: 0.00099883, weight distance: 1.4660 (universal rank: 43074)
2025-09-05 14:16:49,070 - INFO - 
=== Training Example 994/1500: /home/projects/bagon/shared/imagenet512/val/n01748264/ILSVRC2012_val_00042111.JPEG ===
2025-09-05 14:16:59,523 - INFO - Example /home/projects/bagon/shared/imagenet512/val/n01748264/ILSVRC2012_val_00042111.JPEG reached epsilon at step 311, loss sum: 42.7078, final loss: 0.00099740, weight distance: 4.8710
2025-09-05 14:16:59,530 - INFO - Example 994 completed: 311 steps, loss sum: 42.7078, final loss: 0.00099740, weight distance: 4.8710 (universal rank: 43081)
2025-09-05 14:16:59,531 - INFO - 
=== Training Example 995/1500: /home/projects/bagon/shared/imagenet512/val/n03950228/ILSVRC2012_val_00031108.JPEG ===
2025-09-05 14:17:08,369 - INFO - Example /home/projects/bagon/shared/imagenet512/val/n03950228/ILSVRC2012_val_00031108.JPEG reached epsilon at step 264, loss sum: 22.2700, final loss: 0.00099967, weight distance: 3.1207
2025-09-05 14:17:08,374 - INFO - Example 995 completed: 264 steps, loss sum: 22.2700, final loss: 0.00099967, weight distance: 3.1207 (universal rank: 43082)
2025-09-05 14:17:08,374 - INFO - 
=== Training Example 996/1500: /home/projects/bagon/shared/imagenet512/val/n04125021/ILSVRC2012_val_00011269.JPEG ===
2025-09-05 14:17:18,186 - INFO - Example /home/projects/bagon/shared/imagenet512/val/n04125021/ILSVRC2012_val_00011269.JPEG reached epsilon at step 294, loss sum: 23.5407, final loss: 0.00099752, weight distance: 3.6395
2025-09-05 14:17:18,191 - INFO - Example 996 completed: 294 steps, loss sum: 23.5407, final loss: 0.00099752, weight distance: 3.6395 (universal rank: 43084)
2025-09-05 14:17:18,191 - INFO - 
=== Training Example 997/1500: /home/projects/bagon/shared/imagenet512/val/n03908714/ILSVRC2012_val_00031975.JPEG ===
2025-09-05 14:17:24,587 - INFO - Example /home/projects/bagon/shared/imagenet512/val/n03908714/ILSVRC2012_val_00031975.JPEG reached epsilon at step 191, loss sum: 25.3519, final loss: 0.00099669, weight distance: 2.9023
2025-09-05 14:17:24,593 - INFO - Example 997 completed: 191 steps, loss sum: 25.3519, final loss: 0.00099669, weight distance: 2.9023 (universal rank: 43085)
2025-09-05 14:17:24,593 - INFO - 
=== Training Example 998/1500: /home/projects/bagon/shared/imagenet512/val/n03775071/ILSVRC2012_val_00036328.JPEG ===
2025-09-05 14:17:31,981 - INFO - Example /home/projects/bagon/shared/imagenet512/val/n03775071/ILSVRC2012_val_00036328.JPEG reached epsilon at step 220, loss sum: 31.2262, final loss: 0.00099740, weight distance: 4.4288
2025-09-05 14:17:31,986 - INFO - Example 998 completed: 220 steps, loss sum: 31.2262, final loss: 0.00099740, weight distance: 4.4288 (universal rank: 43094)
2025-09-05 14:17:31,986 - INFO - 
=== Training Example 999/1500: /home/projects/bagon/shared/imagenet512/val/n03196217/ILSVRC2012_val_00015628.JPEG ===
2025-09-05 14:17:38,797 - INFO - Example /home/projects/bagon/shared/imagenet512/val/n03196217/ILSVRC2012_val_00015628.JPEG reached epsilon at step 203, loss sum: 25.3323, final loss: 0.00099657, weight distance: 3.0266
2025-09-05 14:17:38,802 - INFO - Example 999 completed: 203 steps, loss sum: 25.3323, final loss: 0.00099657, weight distance: 3.0266 (universal rank: 43096)
2025-09-05 14:17:38,802 - INFO - 
=== Training Example 1000/1500: /home/projects/bagon/shared/imagenet512/val/n01682714/ILSVRC2012_val_00011551.JPEG ===
2025-09-05 14:18:09,190 - INFO - Example /home/projects/bagon/shared/imagenet512/val/n01682714/ILSVRC2012_val_00011551.JPEG reached epsilon at step 915, loss sum: 53.0594, final loss: 0.00099979, weight distance: 2.1451
2025-09-05 14:18:09,197 - INFO - Example 1000 completed: 915 steps, loss sum: 53.0594, final loss: 0.00099979, weight distance: 2.1451 (universal rank: 43099)
2025-09-05 14:18:09,197 - INFO - 
=== Training Example 1001/1500: /home/projects/bagon/shared/imagenet512/val/n04008634/ILSVRC2012_val_00026393.JPEG ===
2025-09-05 14:18:18,551 - INFO - Example /home/projects/bagon/shared/imagenet512/val/n04008634/ILSVRC2012_val_00026393.JPEG reached epsilon at step 281, loss sum: 22.1819, final loss: 0.00099800, weight distance: 3.2973
2025-09-05 14:18:18,558 - INFO - Example 1001 completed: 281 steps, loss sum: 22.1819, final loss: 0.00099800, weight distance: 3.2973 (universal rank: 43106)
2025-09-05 14:18:18,558 - INFO - 
=== Training Example 1002/1500: /home/projects/bagon/shared/imagenet512/val/n02927161/ILSVRC2012_val_00045329.JPEG ===
2025-09-05 14:18:32,182 - INFO - Example /home/projects/bagon/shared/imagenet512/val/n02927161/ILSVRC2012_val_00045329.JPEG reached epsilon at step 408, loss sum: 55.6984, final loss: 0.00099705, weight distance: 4.1573
2025-09-05 14:18:32,188 - INFO - Example 1002 completed: 408 steps, loss sum: 55.6984, final loss: 0.00099705, weight distance: 4.1573 (universal rank: 43116)
2025-09-05 14:18:32,188 - INFO - 
=== Training Example 1003/1500: /home/projects/bagon/shared/imagenet512/val/n03630383/ILSVRC2012_val_00037355.JPEG ===
2025-09-05 14:18:40,500 - INFO - Example /home/projects/bagon/shared/imagenet512/val/n03630383/ILSVRC2012_val_00037355.JPEG reached epsilon at step 250, loss sum: 23.1280, final loss: 0.00099669, weight distance: 3.1494
2025-09-05 14:18:40,505 - INFO - Example 1003 completed: 250 steps, loss sum: 23.1280, final loss: 0.00099669, weight distance: 3.1494 (universal rank: 43119)
2025-09-05 14:18:40,506 - INFO - 
=== Training Example 1004/1500: /home/projects/bagon/shared/imagenet512/val/n02769748/ILSVRC2012_val_00031604.JPEG ===
2025-09-05 14:18:43,519 - INFO - Example /home/projects/bagon/shared/imagenet512/val/n02769748/ILSVRC2012_val_00031604.JPEG reached epsilon at step 89, loss sum: 16.6451, final loss: 0.00099859, weight distance: 1.5441
2025-09-05 14:18:43,524 - INFO - Example 1004 completed: 89 steps, loss sum: 16.6451, final loss: 0.00099859, weight distance: 1.5441 (universal rank: 43121)
2025-09-05 14:18:43,524 - INFO - 
=== Training Example 1005/1500: /home/projects/bagon/shared/imagenet512/val/n03014705/ILSVRC2012_val_00003093.JPEG ===
2025-09-05 14:18:55,865 - INFO - Example /home/projects/bagon/shared/imagenet512/val/n03014705/ILSVRC2012_val_00003093.JPEG reached epsilon at step 372, loss sum: 35.0970, final loss: 0.00099859, weight distance: 6.6872
2025-09-05 14:18:56,091 - INFO - Example 1005 completed: 372 steps, loss sum: 35.0970, final loss: 0.00099859, weight distance: 6.6872 (universal rank: 43124)
2025-09-05 14:18:56,091 - INFO - 
=== Training Example 1006/1500: /home/projects/bagon/shared/imagenet512/val/n04404412/ILSVRC2012_val_00022995.JPEG ===
2025-09-05 14:19:00,930 - INFO - Example /home/projects/bagon/shared/imagenet512/val/n04404412/ILSVRC2012_val_00022995.JPEG reached epsilon at step 143, loss sum: 19.5560, final loss: 0.00099609, weight distance: 3.5310
2025-09-05 14:19:00,934 - INFO - Example 1006 completed: 143 steps, loss sum: 19.5560, final loss: 0.00099609, weight distance: 3.5310 (universal rank: 43130)
2025-09-05 14:19:00,935 - INFO - 
=== Training Example 1007/1500: /home/projects/bagon/shared/imagenet512/val/n02106662/ILSVRC2012_val_00007922.JPEG ===
2025-09-05 14:19:09,834 - INFO - Example /home/projects/bagon/shared/imagenet512/val/n02106662/ILSVRC2012_val_00007922.JPEG reached epsilon at step 266, loss sum: 31.4144, final loss: 0.00099681, weight distance: 3.1819
2025-09-05 14:19:09,840 - INFO - Example 1007 completed: 266 steps, loss sum: 31.4144, final loss: 0.00099681, weight distance: 3.1819 (universal rank: 43134)
2025-09-05 14:19:09,841 - INFO - 
=== Training Example 1008/1500: /home/projects/bagon/shared/imagenet512/val/n02607072/ILSVRC2012_val_00018465.JPEG ===
2025-09-05 14:19:18,275 - INFO - Example /home/projects/bagon/shared/imagenet512/val/n02607072/ILSVRC2012_val_00018465.JPEG reached epsilon at step 251, loss sum: 26.6798, final loss: 0.00099943, weight distance: 2.8400
2025-09-05 14:19:18,280 - INFO - Example 1008 completed: 251 steps, loss sum: 26.6798, final loss: 0.00099943, weight distance: 2.8400 (universal rank: 43138)
2025-09-05 14:19:18,281 - INFO - 
=== Training Example 1009/1500: /home/projects/bagon/shared/imagenet512/val/n04328186/ILSVRC2012_val_00010042.JPEG ===
2025-09-05 14:19:27,154 - INFO - Example /home/projects/bagon/shared/imagenet512/val/n04328186/ILSVRC2012_val_00010042.JPEG reached epsilon at step 266, loss sum: 26.5998, final loss: 0.00099740, weight distance: 2.6069
2025-09-05 14:19:27,159 - INFO - Example 1009 completed: 266 steps, loss sum: 26.5998, final loss: 0.00099740, weight distance: 2.6069 (universal rank: 43139)
2025-09-05 14:19:27,159 - INFO - 
=== Training Example 1010/1500: /home/projects/bagon/shared/imagenet512/val/n02879718/ILSVRC2012_val_00033814.JPEG ===
2025-09-05 14:19:34,364 - INFO - Example /home/projects/bagon/shared/imagenet512/val/n02879718/ILSVRC2012_val_00033814.JPEG reached epsilon at step 215, loss sum: 21.5120, final loss: 0.00099824, weight distance: 3.5774
2025-09-05 14:19:34,370 - INFO - Example 1010 completed: 215 steps, loss sum: 21.5120, final loss: 0.00099824, weight distance: 3.5774 (universal rank: 43143)
2025-09-05 14:19:34,370 - INFO - 
=== Training Example 1011/1500: /home/projects/bagon/shared/imagenet512/val/n03492542/ILSVRC2012_val_00042744.JPEG ===
2025-09-05 14:19:38,992 - INFO - Example /home/projects/bagon/shared/imagenet512/val/n03492542/ILSVRC2012_val_00042744.JPEG reached epsilon at step 136, loss sum: 20.5380, final loss: 0.00099943, weight distance: 2.9184
2025-09-05 14:19:38,997 - INFO - Example 1011 completed: 136 steps, loss sum: 20.5380, final loss: 0.00099943, weight distance: 2.9184 (universal rank: 43144)
2025-09-05 14:19:38,997 - INFO - 
=== Training Example 1012/1500: /home/projects/bagon/shared/imagenet512/val/n03534580/ILSVRC2012_val_00021696.JPEG ===
2025-09-05 14:19:49,719 - INFO - Example /home/projects/bagon/shared/imagenet512/val/n03534580/ILSVRC2012_val_00021696.JPEG reached epsilon at step 321, loss sum: 19.7342, final loss: 0.00099871, weight distance: 2.2520
2025-09-05 14:19:49,725 - INFO - Example 1012 completed: 321 steps, loss sum: 19.7342, final loss: 0.00099871, weight distance: 2.2520 (universal rank: 43151)
2025-09-05 14:19:49,725 - INFO - 
=== Training Example 1013/1500: /home/projects/bagon/shared/imagenet512/val/n02971356/ILSVRC2012_val_00029699.JPEG ===
2025-09-05 14:19:59,671 - INFO - Example /home/projects/bagon/shared/imagenet512/val/n02971356/ILSVRC2012_val_00029699.JPEG reached epsilon at step 297, loss sum: 28.6808, final loss: 0.00099669, weight distance: 3.7707
2025-09-05 14:19:59,677 - INFO - Example 1013 completed: 297 steps, loss sum: 28.6808, final loss: 0.00099669, weight distance: 3.7707 (universal rank: 43158)
2025-09-05 14:19:59,677 - INFO - 
=== Training Example 1014/1500: /home/projects/bagon/shared/imagenet512/val/n02776631/ILSVRC2012_val_00015231.JPEG ===
2025-09-05 14:20:07,397 - INFO - Example /home/projects/bagon/shared/imagenet512/val/n02776631/ILSVRC2012_val_00015231.JPEG reached epsilon at step 229, loss sum: 22.5184, final loss: 0.00099693, weight distance: 2.5927
2025-09-05 14:20:07,404 - INFO - Example 1014 completed: 229 steps, loss sum: 22.5184, final loss: 0.00099693, weight distance: 2.5927 (universal rank: 43167)
2025-09-05 14:20:07,404 - INFO - 
=== Training Example 1015/1500: /home/projects/bagon/shared/imagenet512/val/n04590129/ILSVRC2012_val_00030272.JPEG ===
2025-09-05 14:20:11,473 - INFO - Example /home/projects/bagon/shared/imagenet512/val/n04590129/ILSVRC2012_val_00030272.JPEG reached epsilon at step 120, loss sum: 17.5699, final loss: 0.00099502, weight distance: 2.8628
2025-09-05 14:20:11,479 - INFO - Example 1015 completed: 120 steps, loss sum: 17.5699, final loss: 0.00099502, weight distance: 2.8628 (universal rank: 43170)
2025-09-05 14:20:11,479 - INFO - 
=== Training Example 1016/1500: /home/projects/bagon/shared/imagenet512/val/n03786901/ILSVRC2012_val_00008656.JPEG ===
2025-09-05 14:20:20,847 - INFO - Example /home/projects/bagon/shared/imagenet512/val/n03786901/ILSVRC2012_val_00008656.JPEG reached epsilon at step 280, loss sum: 31.5904, final loss: 0.00099776, weight distance: 4.3228
2025-09-05 14:20:20,854 - INFO - Example 1016 completed: 280 steps, loss sum: 31.5904, final loss: 0.00099776, weight distance: 4.3228 (universal rank: 43174)
2025-09-05 14:20:20,854 - INFO - 
=== Training Example 1017/1500: /home/projects/bagon/shared/imagenet512/val/n02093428/ILSVRC2012_val_00011387.JPEG ===
2025-09-05 14:20:47,450 - INFO - Example /home/projects/bagon/shared/imagenet512/val/n02093428/ILSVRC2012_val_00011387.JPEG reached epsilon at step 799, loss sum: 55.7885, final loss: 0.00099883, weight distance: 3.9411
2025-09-05 14:20:47,455 - INFO - Example 1017 completed: 799 steps, loss sum: 55.7885, final loss: 0.00099883, weight distance: 3.9411 (universal rank: 43182)
2025-09-05 14:20:47,456 - INFO - 
=== Training Example 1018/1500: /home/projects/bagon/shared/imagenet512/val/n03706229/ILSVRC2012_val_00010647.JPEG ===
2025-09-05 14:20:52,680 - INFO - Example /home/projects/bagon/shared/imagenet512/val/n03706229/ILSVRC2012_val_00010647.JPEG reached epsilon at step 154, loss sum: 20.7166, final loss: 0.00099645, weight distance: 4.1264
2025-09-05 14:20:52,685 - INFO - Example 1018 completed: 154 steps, loss sum: 20.7166, final loss: 0.00099645, weight distance: 4.1264 (universal rank: 43183)
2025-09-05 14:20:52,685 - INFO - 
=== Training Example 1019/1500: /home/projects/bagon/shared/imagenet512/val/n03063689/ILSVRC2012_val_00030299.JPEG ===
2025-09-05 14:21:02,552 - INFO - Example /home/projects/bagon/shared/imagenet512/val/n03063689/ILSVRC2012_val_00030299.JPEG reached epsilon at step 294, loss sum: 17.6729, final loss: 0.00099776, weight distance: 3.1182
2025-09-05 14:21:02,557 - INFO - Example 1019 completed: 294 steps, loss sum: 17.6729, final loss: 0.00099776, weight distance: 3.1182 (universal rank: 43201)
2025-09-05 14:21:02,558 - INFO - 
=== Training Example 1020/1500: /home/projects/bagon/shared/imagenet512/val/n04548362/ILSVRC2012_val_00043035.JPEG ===
2025-09-05 14:21:10,299 - INFO - Example /home/projects/bagon/shared/imagenet512/val/n04548362/ILSVRC2012_val_00043035.JPEG reached epsilon at step 230, loss sum: 16.0853, final loss: 0.00099681, weight distance: 2.0113
2025-09-05 14:21:10,304 - INFO - Example 1020 completed: 230 steps, loss sum: 16.0853, final loss: 0.00099681, weight distance: 2.0113 (universal rank: 43210)
2025-09-05 14:21:10,304 - INFO - 
=== Training Example 1021/1500: /home/projects/bagon/shared/imagenet512/val/n07695742/ILSVRC2012_val_00027272.JPEG ===
2025-09-05 14:21:17,435 - INFO - Example /home/projects/bagon/shared/imagenet512/val/n07695742/ILSVRC2012_val_00027272.JPEG reached epsilon at step 212, loss sum: 40.2248, final loss: 0.00099859, weight distance: 4.4298
2025-09-05 14:21:17,441 - INFO - Example 1021 completed: 212 steps, loss sum: 40.2248, final loss: 0.00099859, weight distance: 4.4298 (universal rank: 43219)
2025-09-05 14:21:17,441 - INFO - 
=== Training Example 1022/1500: /home/projects/bagon/shared/imagenet512/val/n03916031/ILSVRC2012_val_00022326.JPEG ===
2025-09-05 14:21:23,219 - INFO - Example /home/projects/bagon/shared/imagenet512/val/n03916031/ILSVRC2012_val_00022326.JPEG reached epsilon at step 172, loss sum: 17.5376, final loss: 0.00099907, weight distance: 3.9343
2025-09-05 14:21:23,225 - INFO - Example 1022 completed: 172 steps, loss sum: 17.5376, final loss: 0.00099907, weight distance: 3.9343 (universal rank: 43220)
2025-09-05 14:21:23,225 - INFO - 
=== Training Example 1023/1500: /home/projects/bagon/shared/imagenet512/val/n04606251/ILSVRC2012_val_00035411.JPEG ===
2025-09-05 14:21:30,438 - INFO - Example /home/projects/bagon/shared/imagenet512/val/n04606251/ILSVRC2012_val_00035411.JPEG reached epsilon at step 215, loss sum: 45.1537, final loss: 0.00099967, weight distance: 3.8664
2025-09-05 14:21:30,443 - INFO - Example 1023 completed: 215 steps, loss sum: 45.1537, final loss: 0.00099967, weight distance: 3.8664 (universal rank: 43227)
2025-09-05 14:21:30,444 - INFO - 
=== Training Example 1024/1500: /home/projects/bagon/shared/imagenet512/val/n03796401/ILSVRC2012_val_00040512.JPEG ===
2025-09-05 14:21:42,577 - INFO - Example /home/projects/bagon/shared/imagenet512/val/n03796401/ILSVRC2012_val_00040512.JPEG reached epsilon at step 363, loss sum: 30.7844, final loss: 0.00099943, weight distance: 2.7883
2025-09-05 14:21:42,582 - INFO - Example 1024 completed: 363 steps, loss sum: 30.7844, final loss: 0.00099943, weight distance: 2.7883 (universal rank: 43243)
2025-09-05 14:21:42,582 - INFO - 
=== Training Example 1025/1500: /home/projects/bagon/shared/imagenet512/val/n01945685/ILSVRC2012_val_00007753.JPEG ===
2025-09-05 14:21:54,093 - INFO - Example /home/projects/bagon/shared/imagenet512/val/n01945685/ILSVRC2012_val_00007753.JPEG reached epsilon at step 339, loss sum: 32.2463, final loss: 0.00099836, weight distance: 2.9959
2025-09-05 14:21:54,099 - INFO - Example 1025 completed: 339 steps, loss sum: 32.2463, final loss: 0.00099836, weight distance: 2.9959 (universal rank: 43244)
2025-09-05 14:21:54,100 - INFO - 
=== Training Example 1026/1500: /home/projects/bagon/shared/imagenet512/val/n02804414/ILSVRC2012_val_00023622.JPEG ===
2025-09-05 14:22:02,561 - INFO - Example /home/projects/bagon/shared/imagenet512/val/n02804414/ILSVRC2012_val_00023622.JPEG reached epsilon at step 251, loss sum: 44.4400, final loss: 0.00099836, weight distance: 3.8801
2025-09-05 14:22:02,566 - INFO - Example 1026 completed: 251 steps, loss sum: 44.4400, final loss: 0.00099836, weight distance: 3.8801 (universal rank: 43255)
2025-09-05 14:22:02,566 - INFO - 
=== Training Example 1027/1500: /home/projects/bagon/shared/imagenet512/val/n02909870/ILSVRC2012_val_00030335.JPEG ===
2025-09-05 14:22:09,639 - INFO - Example /home/projects/bagon/shared/imagenet512/val/n02909870/ILSVRC2012_val_00030335.JPEG reached epsilon at step 210, loss sum: 14.6667, final loss: 0.00099943, weight distance: 1.5279
2025-09-05 14:22:09,644 - INFO - Example 1027 completed: 210 steps, loss sum: 14.6667, final loss: 0.00099943, weight distance: 1.5279 (universal rank: 43259)
2025-09-05 14:22:09,644 - INFO - 
=== Training Example 1028/1500: /home/projects/bagon/shared/imagenet512/val/n03250847/ILSVRC2012_val_00036841.JPEG ===
2025-09-05 14:22:11,632 - INFO - Example /home/projects/bagon/shared/imagenet512/val/n03250847/ILSVRC2012_val_00036841.JPEG reached epsilon at step 57, loss sum: 16.3434, final loss: 0.00098442, weight distance: 3.1554
2025-09-05 14:22:11,637 - INFO - Example 1028 completed: 57 steps, loss sum: 16.3434, final loss: 0.00098442, weight distance: 3.1554 (universal rank: 43265)
2025-09-05 14:22:11,637 - INFO - 
=== Training Example 1029/1500: /home/projects/bagon/shared/imagenet512/val/n03425413/ILSVRC2012_val_00007471.JPEG ===
2025-09-05 14:22:19,046 - INFO - Example /home/projects/bagon/shared/imagenet512/val/n03425413/ILSVRC2012_val_00007471.JPEG reached epsilon at step 221, loss sum: 20.2615, final loss: 0.00099907, weight distance: 3.3447
2025-09-05 14:22:19,052 - INFO - Example 1029 completed: 221 steps, loss sum: 20.2615, final loss: 0.00099907, weight distance: 3.3447 (universal rank: 43275)
2025-09-05 14:22:19,052 - INFO - 
=== Training Example 1030/1500: /home/projects/bagon/shared/imagenet512/val/n01751748/ILSVRC2012_val_00039265.JPEG ===
2025-09-05 14:22:24,091 - INFO - Example /home/projects/bagon/shared/imagenet512/val/n01751748/ILSVRC2012_val_00039265.JPEG reached epsilon at step 149, loss sum: 15.1821, final loss: 0.00099455, weight distance: 1.7053
2025-09-05 14:22:24,096 - INFO - Example 1030 completed: 149 steps, loss sum: 15.1821, final loss: 0.00099455, weight distance: 1.7053 (universal rank: 43287)
2025-09-05 14:22:24,096 - INFO - 
=== Training Example 1031/1500: /home/projects/bagon/shared/imagenet512/val/n02981792/ILSVRC2012_val_00033153.JPEG ===
2025-09-05 14:22:30,343 - INFO - Example /home/projects/bagon/shared/imagenet512/val/n02981792/ILSVRC2012_val_00033153.JPEG reached epsilon at step 185, loss sum: 21.6321, final loss: 0.00099728, weight distance: 2.7227
2025-09-05 14:22:30,348 - INFO - Example 1031 completed: 185 steps, loss sum: 21.6321, final loss: 0.00099728, weight distance: 2.7227 (universal rank: 43293)
2025-09-05 14:22:30,348 - INFO - 
=== Training Example 1032/1500: /home/projects/bagon/shared/imagenet512/val/n03207941/ILSVRC2012_val_00005008.JPEG ===
2025-09-05 14:22:42,962 - INFO - Example /home/projects/bagon/shared/imagenet512/val/n03207941/ILSVRC2012_val_00005008.JPEG reached epsilon at step 377, loss sum: 49.9270, final loss: 0.00099740, weight distance: 2.7071
2025-09-05 14:22:42,967 - INFO - Example 1032 completed: 377 steps, loss sum: 49.9270, final loss: 0.00099740, weight distance: 2.7071 (universal rank: 43294)
2025-09-05 14:22:42,967 - INFO - 
=== Training Example 1033/1500: /home/projects/bagon/shared/imagenet512/val/n03825788/ILSVRC2012_val_00033097.JPEG ===
2025-09-05 14:22:54,279 - INFO - Example /home/projects/bagon/shared/imagenet512/val/n03825788/ILSVRC2012_val_00033097.JPEG reached epsilon at step 336, loss sum: 21.4936, final loss: 0.00099931, weight distance: 3.6606
2025-09-05 14:22:54,285 - INFO - Example 1033 completed: 336 steps, loss sum: 21.4936, final loss: 0.00099931, weight distance: 3.6606 (universal rank: 43295)
2025-09-05 14:22:54,285 - INFO - 
=== Training Example 1034/1500: /home/projects/bagon/shared/imagenet512/val/n02389026/ILSVRC2012_val_00048225.JPEG ===
2025-09-05 14:23:04,273 - INFO - Example /home/projects/bagon/shared/imagenet512/val/n02389026/ILSVRC2012_val_00048225.JPEG reached epsilon at step 298, loss sum: 24.1187, final loss: 0.00099812, weight distance: 2.6173
2025-09-05 14:23:04,278 - INFO - Example 1034 completed: 298 steps, loss sum: 24.1187, final loss: 0.00099812, weight distance: 2.6173 (universal rank: 43298)
2025-09-05 14:23:04,278 - INFO - 
=== Training Example 1035/1500: /home/projects/bagon/shared/imagenet512/val/n02747177/ILSVRC2012_val_00048730.JPEG ===
2025-09-05 14:23:09,144 - INFO - Example /home/projects/bagon/shared/imagenet512/val/n02747177/ILSVRC2012_val_00048730.JPEG reached epsilon at step 144, loss sum: 22.5520, final loss: 0.00099919, weight distance: 3.7790
2025-09-05 14:23:09,149 - INFO - Example 1035 completed: 144 steps, loss sum: 22.5520, final loss: 0.00099919, weight distance: 3.7790 (universal rank: 43310)
2025-09-05 14:23:09,149 - INFO - 
=== Training Example 1036/1500: /home/projects/bagon/shared/imagenet512/val/n01807496/ILSVRC2012_val_00039412.JPEG ===
2025-09-05 14:23:19,794 - INFO - Example /home/projects/bagon/shared/imagenet512/val/n01807496/ILSVRC2012_val_00039412.JPEG reached epsilon at step 319, loss sum: 19.1242, final loss: 0.00099693, weight distance: 0.8241
2025-09-05 14:23:19,801 - INFO - Example 1036 completed: 319 steps, loss sum: 19.1242, final loss: 0.00099693, weight distance: 0.8241 (universal rank: 43312)
2025-09-05 14:23:19,801 - INFO - 
=== Training Example 1037/1500: /home/projects/bagon/shared/imagenet512/val/n04548362/ILSVRC2012_val_00021289.JPEG ===
2025-09-05 14:23:24,123 - INFO - Example /home/projects/bagon/shared/imagenet512/val/n04548362/ILSVRC2012_val_00021289.JPEG reached epsilon at step 128, loss sum: 23.1012, final loss: 0.00099800, weight distance: 3.0315
2025-09-05 14:23:24,129 - INFO - Example 1037 completed: 128 steps, loss sum: 23.1012, final loss: 0.00099800, weight distance: 3.0315 (universal rank: 43316)
2025-09-05 14:23:24,129 - INFO - 
=== Training Example 1038/1500: /home/projects/bagon/shared/imagenet512/val/n04270147/ILSVRC2012_val_00001587.JPEG ===
2025-09-05 14:23:30,677 - INFO - Example /home/projects/bagon/shared/imagenet512/val/n04270147/ILSVRC2012_val_00001587.JPEG reached epsilon at step 195, loss sum: 15.7287, final loss: 0.00099871, weight distance: 2.9735
2025-09-05 14:23:30,681 - INFO - Example 1038 completed: 195 steps, loss sum: 15.7287, final loss: 0.00099871, weight distance: 2.9735 (universal rank: 43318)
2025-09-05 14:23:30,681 - INFO - 
=== Training Example 1039/1500: /home/projects/bagon/shared/imagenet512/val/n07768694/ILSVRC2012_val_00011265.JPEG ===
2025-09-05 14:23:37,685 - INFO - Example /home/projects/bagon/shared/imagenet512/val/n07768694/ILSVRC2012_val_00011265.JPEG reached epsilon at step 209, loss sum: 25.1086, final loss: 0.00099728, weight distance: 2.2717
2025-09-05 14:23:37,690 - INFO - Example 1039 completed: 209 steps, loss sum: 25.1086, final loss: 0.00099728, weight distance: 2.2717 (universal rank: 43319)
2025-09-05 14:23:37,690 - INFO - 
=== Training Example 1040/1500: /home/projects/bagon/shared/imagenet512/val/n02231487/ILSVRC2012_val_00035534.JPEG ===
2025-09-05 14:23:47,977 - INFO - Example /home/projects/bagon/shared/imagenet512/val/n02231487/ILSVRC2012_val_00035534.JPEG reached epsilon at step 306, loss sum: 20.6382, final loss: 0.00099848, weight distance: 1.7406
2025-09-05 14:23:47,982 - INFO - Example 1040 completed: 306 steps, loss sum: 20.6382, final loss: 0.00099848, weight distance: 1.7406 (universal rank: 43324)
2025-09-05 14:23:47,983 - INFO - 
=== Training Example 1041/1500: /home/projects/bagon/shared/imagenet512/val/n04209239/ILSVRC2012_val_00048176.JPEG ===
2025-09-05 14:23:55,495 - INFO - Example /home/projects/bagon/shared/imagenet512/val/n04209239/ILSVRC2012_val_00048176.JPEG reached epsilon at step 222, loss sum: 19.1884, final loss: 0.00099907, weight distance: 2.0571
2025-09-05 14:23:55,499 - INFO - Example 1041 completed: 222 steps, loss sum: 19.1884, final loss: 0.00099907, weight distance: 2.0571 (universal rank: 43329)
2025-09-05 14:23:55,500 - INFO - 
=== Training Example 1042/1500: /home/projects/bagon/shared/imagenet512/val/n10148035/ILSVRC2012_val_00046796.JPEG ===
2025-09-05 14:24:01,951 - INFO - Example /home/projects/bagon/shared/imagenet512/val/n10148035/ILSVRC2012_val_00046796.JPEG reached epsilon at step 190, loss sum: 18.5092, final loss: 0.00099526, weight distance: 3.2929
2025-09-05 14:24:01,957 - INFO - Example 1042 completed: 190 steps, loss sum: 18.5092, final loss: 0.00099526, weight distance: 3.2929 (universal rank: 43336)
2025-09-05 14:24:01,957 - INFO - 
=== Training Example 1043/1500: /home/projects/bagon/shared/imagenet512/val/n02747177/ILSVRC2012_val_00039133.JPEG ===
2025-09-05 14:24:34,615 - INFO - Example /home/projects/bagon/shared/imagenet512/val/n02747177/ILSVRC2012_val_00039133.JPEG reached epsilon at step 983, loss sum: 50.1236, final loss: 0.00099979, weight distance: 4.6069
2025-09-05 14:24:34,623 - INFO - Example 1043 completed: 983 steps, loss sum: 50.1236, final loss: 0.00099979, weight distance: 4.6069 (universal rank: 43337)
2025-09-05 14:24:34,623 - INFO - 
=== Training Example 1044/1500: /home/projects/bagon/shared/imagenet512/val/n04355933/ILSVRC2012_val_00005414.JPEG ===
2025-09-05 14:24:42,501 - INFO - Example /home/projects/bagon/shared/imagenet512/val/n04355933/ILSVRC2012_val_00005414.JPEG reached epsilon at step 235, loss sum: 23.7626, final loss: 0.00099669, weight distance: 4.1369
2025-09-05 14:24:42,506 - INFO - Example 1044 completed: 235 steps, loss sum: 23.7626, final loss: 0.00099669, weight distance: 4.1369 (universal rank: 43356)
2025-09-05 14:24:42,506 - INFO - 
=== Training Example 1045/1500: /home/projects/bagon/shared/imagenet512/val/n04522168/ILSVRC2012_val_00035219.JPEG ===
2025-09-05 14:24:46,955 - INFO - Example /home/projects/bagon/shared/imagenet512/val/n04522168/ILSVRC2012_val_00035219.JPEG reached epsilon at step 131, loss sum: 18.2422, final loss: 0.00099871, weight distance: 2.9393
2025-09-05 14:24:46,960 - INFO - Example 1045 completed: 131 steps, loss sum: 18.2422, final loss: 0.00099871, weight distance: 2.9393 (universal rank: 43360)
2025-09-05 14:24:46,960 - INFO - 
=== Training Example 1046/1500: /home/projects/bagon/shared/imagenet512/val/n02493509/ILSVRC2012_val_00019961.JPEG ===
2025-09-05 14:24:57,269 - INFO - Example /home/projects/bagon/shared/imagenet512/val/n02493509/ILSVRC2012_val_00019961.JPEG reached epsilon at step 307, loss sum: 43.5192, final loss: 0.00099669, weight distance: 4.8460
2025-09-05 14:24:57,275 - INFO - Example 1046 completed: 307 steps, loss sum: 43.5192, final loss: 0.00099669, weight distance: 4.8460 (universal rank: 43372)
2025-09-05 14:24:57,275 - INFO - 
=== Training Example 1047/1500: /home/projects/bagon/shared/imagenet512/val/n07715103/ILSVRC2012_val_00005776.JPEG ===
2025-09-05 14:25:05,879 - INFO - Example /home/projects/bagon/shared/imagenet512/val/n07715103/ILSVRC2012_val_00005776.JPEG reached epsilon at step 256, loss sum: 33.0752, final loss: 0.00099740, weight distance: 3.9546
2025-09-05 14:25:05,885 - INFO - Example 1047 completed: 256 steps, loss sum: 33.0752, final loss: 0.00099740, weight distance: 3.9546 (universal rank: 43382)
2025-09-05 14:25:05,885 - INFO - 
=== Training Example 1048/1500: /home/projects/bagon/shared/imagenet512/val/n02236044/ILSVRC2012_val_00023826.JPEG ===
2025-09-05 14:25:16,086 - INFO - Example /home/projects/bagon/shared/imagenet512/val/n02236044/ILSVRC2012_val_00023826.JPEG reached epsilon at step 304, loss sum: 41.7070, final loss: 0.00099990, weight distance: 2.9166
2025-09-05 14:25:16,092 - INFO - Example 1048 completed: 304 steps, loss sum: 41.7070, final loss: 0.00099990, weight distance: 2.9166 (universal rank: 43389)
2025-09-05 14:25:16,092 - INFO - 
=== Training Example 1049/1500: /home/projects/bagon/shared/imagenet512/val/n03899768/ILSVRC2012_val_00037373.JPEG ===
2025-09-05 14:25:21,463 - INFO - Example /home/projects/bagon/shared/imagenet512/val/n03899768/ILSVRC2012_val_00037373.JPEG reached epsilon at step 159, loss sum: 20.5270, final loss: 0.00099490, weight distance: 2.8102
2025-09-05 14:25:21,468 - INFO - Example 1049 completed: 159 steps, loss sum: 20.5270, final loss: 0.00099490, weight distance: 2.8102 (universal rank: 43394)
2025-09-05 14:25:21,468 - INFO - 
=== Training Example 1050/1500: /home/projects/bagon/shared/imagenet512/val/n03179701/ILSVRC2012_val_00030981.JPEG ===
2025-09-05 14:25:28,232 - INFO - Example /home/projects/bagon/shared/imagenet512/val/n03179701/ILSVRC2012_val_00030981.JPEG reached epsilon at step 201, loss sum: 22.7300, final loss: 0.00099574, weight distance: 2.4265
2025-09-05 14:25:28,237 - INFO - Example 1050 completed: 201 steps, loss sum: 22.7300, final loss: 0.00099574, weight distance: 2.4265 (universal rank: 43402)
2025-09-05 14:25:28,237 - INFO - 
=== Training Example 1051/1500: /home/projects/bagon/shared/imagenet512/val/n04557648/ILSVRC2012_val_00003318.JPEG ===
2025-09-05 14:25:34,340 - INFO - Example /home/projects/bagon/shared/imagenet512/val/n04557648/ILSVRC2012_val_00003318.JPEG reached epsilon at step 181, loss sum: 29.1356, final loss: 0.00099550, weight distance: 3.2484
2025-09-05 14:25:34,346 - INFO - Example 1051 completed: 181 steps, loss sum: 29.1356, final loss: 0.00099550, weight distance: 3.2484 (universal rank: 43413)
2025-09-05 14:25:34,346 - INFO - 
=== Training Example 1052/1500: /home/projects/bagon/shared/imagenet512/val/n03970156/ILSVRC2012_val_00030886.JPEG ===
2025-09-05 14:25:39,580 - INFO - Example /home/projects/bagon/shared/imagenet512/val/n03970156/ILSVRC2012_val_00030886.JPEG reached epsilon at step 154, loss sum: 15.4800, final loss: 0.00099705, weight distance: 2.9210
2025-09-05 14:25:39,586 - INFO - Example 1052 completed: 154 steps, loss sum: 15.4800, final loss: 0.00099705, weight distance: 2.9210 (universal rank: 43420)
2025-09-05 14:25:39,586 - INFO - 
=== Training Example 1053/1500: /home/projects/bagon/shared/imagenet512/val/n04540053/ILSVRC2012_val_00010766.JPEG ===
2025-09-05 14:25:48,412 - INFO - Example /home/projects/bagon/shared/imagenet512/val/n04540053/ILSVRC2012_val_00010766.JPEG reached epsilon at step 261, loss sum: 18.6073, final loss: 0.00099693, weight distance: 2.0392
2025-09-05 14:25:48,418 - INFO - Example 1053 completed: 261 steps, loss sum: 18.6073, final loss: 0.00099693, weight distance: 2.0392 (universal rank: 43424)
2025-09-05 14:25:48,418 - INFO - 
=== Training Example 1054/1500: /home/projects/bagon/shared/imagenet512/val/n03250847/ILSVRC2012_val_00032127.JPEG ===
2025-09-05 14:25:56,683 - INFO - Example /home/projects/bagon/shared/imagenet512/val/n03250847/ILSVRC2012_val_00032127.JPEG reached epsilon at step 245, loss sum: 13.3815, final loss: 0.00099907, weight distance: 3.4978
2025-09-05 14:25:56,690 - INFO - Example 1054 completed: 245 steps, loss sum: 13.3815, final loss: 0.00099907, weight distance: 3.4978 (universal rank: 43430)
2025-09-05 14:25:56,690 - INFO - 
=== Training Example 1055/1500: /home/projects/bagon/shared/imagenet512/val/n03792782/ILSVRC2012_val_00029396.JPEG ===
2025-09-05 14:26:04,214 - INFO - Example /home/projects/bagon/shared/imagenet512/val/n03792782/ILSVRC2012_val_00029396.JPEG reached epsilon at step 223, loss sum: 34.4434, final loss: 0.00099955, weight distance: 2.4778
2025-09-05 14:26:04,219 - INFO - Example 1055 completed: 223 steps, loss sum: 34.4434, final loss: 0.00099955, weight distance: 2.4778 (universal rank: 43439)
2025-09-05 14:26:04,219 - INFO - 
=== Training Example 1056/1500: /home/projects/bagon/shared/imagenet512/val/n04270147/ILSVRC2012_val_00008252.JPEG ===
2025-09-05 14:26:10,887 - INFO - Example /home/projects/bagon/shared/imagenet512/val/n04270147/ILSVRC2012_val_00008252.JPEG reached epsilon at step 198, loss sum: 16.5196, final loss: 0.00099693, weight distance: 4.4921
2025-09-05 14:26:10,892 - INFO - Example 1056 completed: 198 steps, loss sum: 16.5196, final loss: 0.00099693, weight distance: 4.4921 (universal rank: 43452)
2025-09-05 14:26:10,892 - INFO - 
=== Training Example 1057/1500: /home/projects/bagon/shared/imagenet512/val/n02115641/ILSVRC2012_val_00021318.JPEG ===
2025-09-05 14:26:17,652 - INFO - Example /home/projects/bagon/shared/imagenet512/val/n02115641/ILSVRC2012_val_00021318.JPEG reached epsilon at step 201, loss sum: 20.2274, final loss: 0.00099824, weight distance: 3.1686
2025-09-05 14:26:17,657 - INFO - Example 1057 completed: 201 steps, loss sum: 20.2274, final loss: 0.00099824, weight distance: 3.1686 (universal rank: 43465)
2025-09-05 14:26:17,657 - INFO - 
=== Training Example 1058/1500: /home/projects/bagon/shared/imagenet512/val/n02106382/ILSVRC2012_val_00032033.JPEG ===
2025-09-05 14:26:28,194 - INFO - Example /home/projects/bagon/shared/imagenet512/val/n02106382/ILSVRC2012_val_00032033.JPEG reached epsilon at step 317, loss sum: 34.8934, final loss: 0.00099907, weight distance: 5.4346
2025-09-05 14:26:28,199 - INFO - Example 1058 completed: 317 steps, loss sum: 34.8934, final loss: 0.00099907, weight distance: 5.4346 (universal rank: 43468)
2025-09-05 14:26:28,200 - INFO - 
=== Training Example 1059/1500: /home/projects/bagon/shared/imagenet512/val/n02403003/ILSVRC2012_val_00038349.JPEG ===
2025-09-05 14:26:32,165 - INFO - Example /home/projects/bagon/shared/imagenet512/val/n02403003/ILSVRC2012_val_00038349.JPEG reached epsilon at step 116, loss sum: 10.8280, final loss: 0.00099824, weight distance: 2.2272
2025-09-05 14:26:32,169 - INFO - Example 1059 completed: 116 steps, loss sum: 10.8280, final loss: 0.00099824, weight distance: 2.2272 (universal rank: 43472)
2025-09-05 14:26:32,169 - INFO - 
=== Training Example 1060/1500: /home/projects/bagon/shared/imagenet512/val/n04462240/ILSVRC2012_val_00021403.JPEG ===
2025-09-05 14:26:40,172 - INFO - Example /home/projects/bagon/shared/imagenet512/val/n04462240/ILSVRC2012_val_00021403.JPEG reached epsilon at step 239, loss sum: 39.6381, final loss: 0.00099669, weight distance: 5.3917
2025-09-05 14:26:40,180 - INFO - Example 1060 completed: 239 steps, loss sum: 39.6381, final loss: 0.00099669, weight distance: 5.3917 (universal rank: 43481)
2025-09-05 14:26:40,180 - INFO - 
=== Training Example 1061/1500: /home/projects/bagon/shared/imagenet512/val/n04270147/ILSVRC2012_val_00039375.JPEG ===
2025-09-05 14:26:45,315 - INFO - Example /home/projects/bagon/shared/imagenet512/val/n04270147/ILSVRC2012_val_00039375.JPEG reached epsilon at step 152, loss sum: 30.2221, final loss: 0.00099895, weight distance: 4.5166
2025-09-05 14:26:45,320 - INFO - Example 1061 completed: 152 steps, loss sum: 30.2221, final loss: 0.00099895, weight distance: 4.5166 (universal rank: 43485)
2025-09-05 14:26:45,320 - INFO - 
=== Training Example 1062/1500: /home/projects/bagon/shared/imagenet512/val/n03000247/ILSVRC2012_val_00049630.JPEG ===
2025-09-05 14:26:50,084 - INFO - Example /home/projects/bagon/shared/imagenet512/val/n03000247/ILSVRC2012_val_00049630.JPEG reached epsilon at step 141, loss sum: 20.3079, final loss: 0.00099514, weight distance: 1.7424
2025-09-05 14:26:50,089 - INFO - Example 1062 completed: 141 steps, loss sum: 20.3079, final loss: 0.00099514, weight distance: 1.7424 (universal rank: 43504)
2025-09-05 14:26:50,089 - INFO - 
=== Training Example 1063/1500: /home/projects/bagon/shared/imagenet512/val/n03337140/ILSVRC2012_val_00031059.JPEG ===
2025-09-05 14:26:55,951 - INFO - Example /home/projects/bagon/shared/imagenet512/val/n03337140/ILSVRC2012_val_00031059.JPEG reached epsilon at step 173, loss sum: 33.7281, final loss: 0.00099490, weight distance: 2.8390
2025-09-05 14:26:55,956 - INFO - Example 1063 completed: 173 steps, loss sum: 33.7281, final loss: 0.00099490, weight distance: 2.8390 (universal rank: 43516)
2025-09-05 14:26:55,956 - INFO - 
=== Training Example 1064/1500: /home/projects/bagon/shared/imagenet512/val/n02112018/ILSVRC2012_val_00000057.JPEG ===
2025-09-05 14:27:03,795 - INFO - Example /home/projects/bagon/shared/imagenet512/val/n02112018/ILSVRC2012_val_00000057.JPEG reached epsilon at step 233, loss sum: 19.0500, final loss: 0.00099871, weight distance: 1.7575
2025-09-05 14:27:03,800 - INFO - Example 1064 completed: 233 steps, loss sum: 19.0500, final loss: 0.00099871, weight distance: 1.7575 (universal rank: 43517)
2025-09-05 14:27:03,800 - INFO - 
=== Training Example 1065/1500: /home/projects/bagon/shared/imagenet512/val/n04370456/ILSVRC2012_val_00037376.JPEG ===
2025-09-05 14:27:12,079 - INFO - Example /home/projects/bagon/shared/imagenet512/val/n04370456/ILSVRC2012_val_00037376.JPEG reached epsilon at step 247, loss sum: 23.9498, final loss: 0.00099705, weight distance: 3.0349
2025-09-05 14:27:12,085 - INFO - Example 1065 completed: 247 steps, loss sum: 23.9498, final loss: 0.00099705, weight distance: 3.0349 (universal rank: 43526)
2025-09-05 14:27:12,085 - INFO - 
=== Training Example 1066/1500: /home/projects/bagon/shared/imagenet512/val/n02123159/ILSVRC2012_val_00022822.JPEG ===
2025-09-05 14:27:21,674 - INFO - Example /home/projects/bagon/shared/imagenet512/val/n02123159/ILSVRC2012_val_00022822.JPEG reached epsilon at step 287, loss sum: 24.1051, final loss: 0.00099883, weight distance: 4.2736
2025-09-05 14:27:21,679 - INFO - Example 1066 completed: 287 steps, loss sum: 24.1051, final loss: 0.00099883, weight distance: 4.2736 (universal rank: 43534)
2025-09-05 14:27:21,680 - INFO - 
=== Training Example 1067/1500: /home/projects/bagon/shared/imagenet512/val/n03697007/ILSVRC2012_val_00017946.JPEG ===
2025-09-05 14:27:28,722 - INFO - Example /home/projects/bagon/shared/imagenet512/val/n03697007/ILSVRC2012_val_00017946.JPEG reached epsilon at step 211, loss sum: 36.4700, final loss: 0.00099800, weight distance: 3.7036
2025-09-05 14:27:28,728 - INFO - Example 1067 completed: 211 steps, loss sum: 36.4700, final loss: 0.00099800, weight distance: 3.7036 (universal rank: 43545)
2025-09-05 14:27:28,728 - INFO - 
=== Training Example 1068/1500: /home/projects/bagon/shared/imagenet512/val/n07836838/ILSVRC2012_val_00046664.JPEG ===
2025-09-05 14:27:37,317 - INFO - Example /home/projects/bagon/shared/imagenet512/val/n07836838/ILSVRC2012_val_00046664.JPEG reached epsilon at step 257, loss sum: 47.5752, final loss: 0.00099800, weight distance: 3.2105
2025-09-05 14:27:37,322 - INFO - Example 1068 completed: 257 steps, loss sum: 47.5752, final loss: 0.00099800, weight distance: 3.2105 (universal rank: 43546)
2025-09-05 14:27:37,322 - INFO - 
=== Training Example 1069/1500: /home/projects/bagon/shared/imagenet512/val/n03692522/ILSVRC2012_val_00000999.JPEG ===
2025-09-05 14:27:43,945 - INFO - Example /home/projects/bagon/shared/imagenet512/val/n03692522/ILSVRC2012_val_00000999.JPEG reached epsilon at step 198, loss sum: 14.9775, final loss: 0.00099502, weight distance: 3.8424
2025-09-05 14:27:43,952 - INFO - Example 1069 completed: 198 steps, loss sum: 14.9775, final loss: 0.00099502, weight distance: 3.8424 (universal rank: 43560)
2025-09-05 14:27:43,952 - INFO - 
=== Training Example 1070/1500: /home/projects/bagon/shared/imagenet512/val/n02097130/ILSVRC2012_val_00014157.JPEG ===
2025-09-05 14:27:49,204 - INFO - Example /home/projects/bagon/shared/imagenet512/val/n02097130/ILSVRC2012_val_00014157.JPEG reached epsilon at step 155, loss sum: 23.8482, final loss: 0.00099693, weight distance: 3.5406
2025-09-05 14:27:49,210 - INFO - Example 1070 completed: 155 steps, loss sum: 23.8482, final loss: 0.00099693, weight distance: 3.5406 (universal rank: 43561)
2025-09-05 14:27:49,210 - INFO - 
=== Training Example 1071/1500: /home/projects/bagon/shared/imagenet512/val/n02098413/ILSVRC2012_val_00044357.JPEG ===
2025-09-05 14:27:59,436 - INFO - Example /home/projects/bagon/shared/imagenet512/val/n02098413/ILSVRC2012_val_00044357.JPEG reached epsilon at step 306, loss sum: 31.3331, final loss: 0.00099848, weight distance: 2.7808
2025-09-05 14:27:59,441 - INFO - Example 1071 completed: 306 steps, loss sum: 31.3331, final loss: 0.00099848, weight distance: 2.7808 (universal rank: 43562)
2025-09-05 14:27:59,441 - INFO - 
=== Training Example 1072/1500: /home/projects/bagon/shared/imagenet512/val/n03690938/ILSVRC2012_val_00048638.JPEG ===
2025-09-05 14:28:06,212 - INFO - Example /home/projects/bagon/shared/imagenet512/val/n03690938/ILSVRC2012_val_00048638.JPEG reached epsilon at step 202, loss sum: 15.8143, final loss: 0.00099550, weight distance: 1.8284
2025-09-05 14:28:06,216 - INFO - Example 1072 completed: 202 steps, loss sum: 15.8143, final loss: 0.00099550, weight distance: 1.8284 (universal rank: 43564)
2025-09-05 14:28:06,216 - INFO - 
=== Training Example 1073/1500: /home/projects/bagon/shared/imagenet512/val/n02814533/ILSVRC2012_val_00015200.JPEG ===
2025-09-05 14:28:16,039 - INFO - Example /home/projects/bagon/shared/imagenet512/val/n02814533/ILSVRC2012_val_00015200.JPEG reached epsilon at step 295, loss sum: 31.7658, final loss: 0.00099693, weight distance: 2.9681
2025-09-05 14:28:16,044 - INFO - Example 1073 completed: 295 steps, loss sum: 31.7658, final loss: 0.00099693, weight distance: 2.9681 (universal rank: 43565)
2025-09-05 14:28:16,044 - INFO - 
=== Training Example 1074/1500: /home/projects/bagon/shared/imagenet512/val/n12144580/ILSVRC2012_val_00019250.JPEG ===
2025-09-05 14:28:22,014 - INFO - Example /home/projects/bagon/shared/imagenet512/val/n12144580/ILSVRC2012_val_00019250.JPEG reached epsilon at step 178, loss sum: 30.9609, final loss: 0.00099955, weight distance: 2.3711
2025-09-05 14:28:22,020 - INFO - Example 1074 completed: 178 steps, loss sum: 30.9609, final loss: 0.00099955, weight distance: 2.3711 (universal rank: 43567)
2025-09-05 14:28:22,020 - INFO - 
=== Training Example 1075/1500: /home/projects/bagon/shared/imagenet512/val/n01797886/ILSVRC2012_val_00026375.JPEG ===
2025-09-05 14:28:33,743 - INFO - Example /home/projects/bagon/shared/imagenet512/val/n01797886/ILSVRC2012_val_00026375.JPEG reached epsilon at step 356, loss sum: 19.1095, final loss: 0.00099943, weight distance: 1.9253
2025-09-05 14:28:33,749 - INFO - Example 1075 completed: 356 steps, loss sum: 19.1095, final loss: 0.00099943, weight distance: 1.9253 (universal rank: 43574)
2025-09-05 14:28:33,749 - INFO - 
=== Training Example 1076/1500: /home/projects/bagon/shared/imagenet512/val/n04591713/ILSVRC2012_val_00012594.JPEG ===
2025-09-05 14:28:43,254 - INFO - Example /home/projects/bagon/shared/imagenet512/val/n04591713/ILSVRC2012_val_00012594.JPEG reached epsilon at step 285, loss sum: 30.1730, final loss: 0.00099990, weight distance: 1.9015
2025-09-05 14:28:43,259 - INFO - Example 1076 completed: 285 steps, loss sum: 30.1730, final loss: 0.00099990, weight distance: 1.9015 (universal rank: 43589)
2025-09-05 14:28:43,259 - INFO - 
=== Training Example 1077/1500: /home/projects/bagon/shared/imagenet512/val/n02909870/ILSVRC2012_val_00031208.JPEG ===
2025-09-05 14:28:49,244 - INFO - Example /home/projects/bagon/shared/imagenet512/val/n02909870/ILSVRC2012_val_00031208.JPEG reached epsilon at step 178, loss sum: 26.2503, final loss: 0.00099990, weight distance: 3.7418
2025-09-05 14:28:49,252 - INFO - Example 1077 completed: 178 steps, loss sum: 26.2503, final loss: 0.00099990, weight distance: 3.7418 (universal rank: 43590)
2025-09-05 14:28:49,252 - INFO - 
=== Training Example 1078/1500: /home/projects/bagon/shared/imagenet512/val/n04435653/ILSVRC2012_val_00000914.JPEG ===
2025-09-05 14:29:02,950 - INFO - Example /home/projects/bagon/shared/imagenet512/val/n04435653/ILSVRC2012_val_00000914.JPEG reached epsilon at step 410, loss sum: 38.3630, final loss: 0.00099752, weight distance: 4.5661
2025-09-05 14:29:02,955 - INFO - Example 1078 completed: 410 steps, loss sum: 38.3630, final loss: 0.00099752, weight distance: 4.5661 (universal rank: 43597)
2025-09-05 14:29:02,956 - INFO - 
=== Training Example 1079/1500: /home/projects/bagon/shared/imagenet512/val/n04033995/ILSVRC2012_val_00047653.JPEG ===
2025-09-05 14:29:09,796 - INFO - Example /home/projects/bagon/shared/imagenet512/val/n04033995/ILSVRC2012_val_00047653.JPEG reached epsilon at step 204, loss sum: 21.7478, final loss: 0.00099633, weight distance: 2.1624
2025-09-05 14:29:09,802 - INFO - Example 1079 completed: 204 steps, loss sum: 21.7478, final loss: 0.00099633, weight distance: 2.1624 (universal rank: 43601)
2025-09-05 14:29:09,802 - INFO - 
=== Training Example 1080/1500: /home/projects/bagon/shared/imagenet512/val/n02895154/ILSVRC2012_val_00027658.JPEG ===
2025-09-05 14:29:14,958 - INFO - Example /home/projects/bagon/shared/imagenet512/val/n02895154/ILSVRC2012_val_00027658.JPEG reached epsilon at step 153, loss sum: 16.8215, final loss: 0.00099216, weight distance: 1.6600
2025-09-05 14:29:14,963 - INFO - Example 1080 completed: 153 steps, loss sum: 16.8215, final loss: 0.00099216, weight distance: 1.6600 (universal rank: 43619)
2025-09-05 14:29:14,963 - INFO - 
=== Training Example 1081/1500: /home/projects/bagon/shared/imagenet512/val/n02815834/ILSVRC2012_val_00042819.JPEG ===
2025-09-05 14:29:21,228 - INFO - Example /home/projects/bagon/shared/imagenet512/val/n02815834/ILSVRC2012_val_00042819.JPEG reached epsilon at step 186, loss sum: 22.9881, final loss: 0.00099657, weight distance: 2.9029
2025-09-05 14:29:21,233 - INFO - Example 1081 completed: 186 steps, loss sum: 22.9881, final loss: 0.00099657, weight distance: 2.9029 (universal rank: 43626)
2025-09-05 14:29:21,233 - INFO - 
=== Training Example 1082/1500: /home/projects/bagon/shared/imagenet512/val/n09421951/ILSVRC2012_val_00048534.JPEG ===
2025-09-05 14:29:33,521 - INFO - Example /home/projects/bagon/shared/imagenet512/val/n09421951/ILSVRC2012_val_00048534.JPEG reached epsilon at step 369, loss sum: 30.0112, final loss: 0.00099907, weight distance: 4.0453
2025-09-05 14:29:33,527 - INFO - Example 1082 completed: 369 steps, loss sum: 30.0112, final loss: 0.00099907, weight distance: 4.0453 (universal rank: 43627)
2025-09-05 14:29:33,527 - INFO - 
=== Training Example 1083/1500: /home/projects/bagon/shared/imagenet512/val/n03782006/ILSVRC2012_val_00034501.JPEG ===
2025-09-05 14:29:40,412 - INFO - Example /home/projects/bagon/shared/imagenet512/val/n03782006/ILSVRC2012_val_00034501.JPEG reached epsilon at step 205, loss sum: 21.7357, final loss: 0.00099752, weight distance: 1.8046
2025-09-05 14:29:40,418 - INFO - Example 1083 completed: 205 steps, loss sum: 21.7357, final loss: 0.00099752, weight distance: 1.8046 (universal rank: 43631)
2025-09-05 14:29:40,418 - INFO - 
=== Training Example 1084/1500: /home/projects/bagon/shared/imagenet512/val/n03125729/ILSVRC2012_val_00035092.JPEG ===
2025-09-05 14:29:45,919 - INFO - Example /home/projects/bagon/shared/imagenet512/val/n03125729/ILSVRC2012_val_00035092.JPEG reached epsilon at step 163, loss sum: 18.1185, final loss: 0.00099693, weight distance: 1.2798
2025-09-05 14:29:45,924 - INFO - Example 1084 completed: 163 steps, loss sum: 18.1185, final loss: 0.00099693, weight distance: 1.2798 (universal rank: 43634)
2025-09-05 14:29:45,924 - INFO - 
=== Training Example 1085/1500: /home/projects/bagon/shared/imagenet512/val/n04350905/ILSVRC2012_val_00009555.JPEG ===
2025-09-05 14:29:53,394 - INFO - Example /home/projects/bagon/shared/imagenet512/val/n04350905/ILSVRC2012_val_00009555.JPEG reached epsilon at step 221, loss sum: 25.6383, final loss: 0.00099895, weight distance: 2.0713
2025-09-05 14:29:53,403 - INFO - Example 1085 completed: 221 steps, loss sum: 25.6383, final loss: 0.00099895, weight distance: 2.0713 (universal rank: 43639)
2025-09-05 14:29:53,403 - INFO - 
=== Training Example 1086/1500: /home/projects/bagon/shared/imagenet512/val/n02776631/ILSVRC2012_val_00012943.JPEG ===
2025-09-05 14:29:58,934 - INFO - Example /home/projects/bagon/shared/imagenet512/val/n02776631/ILSVRC2012_val_00012943.JPEG reached epsilon at step 164, loss sum: 18.5766, final loss: 0.00099919, weight distance: 5.1777
2025-09-05 14:29:58,939 - INFO - Example 1086 completed: 164 steps, loss sum: 18.5766, final loss: 0.00099919, weight distance: 5.1777 (universal rank: 43640)
2025-09-05 14:29:58,939 - INFO - 
=== Training Example 1087/1500: /home/projects/bagon/shared/imagenet512/val/n04371774/ILSVRC2012_val_00014241.JPEG ===
2025-09-05 14:30:04,588 - INFO - Example /home/projects/bagon/shared/imagenet512/val/n04371774/ILSVRC2012_val_00014241.JPEG reached epsilon at step 167, loss sum: 26.7094, final loss: 0.00099586, weight distance: 4.0730
2025-09-05 14:30:04,593 - INFO - Example 1087 completed: 167 steps, loss sum: 26.7094, final loss: 0.00099586, weight distance: 4.0730 (universal rank: 43644)
2025-09-05 14:30:04,593 - INFO - 
=== Training Example 1088/1500: /home/projects/bagon/shared/imagenet512/val/n04456115/ILSVRC2012_val_00004239.JPEG ===
2025-09-05 14:30:11,204 - INFO - Example /home/projects/bagon/shared/imagenet512/val/n04456115/ILSVRC2012_val_00004239.JPEG reached epsilon at step 196, loss sum: 17.8032, final loss: 0.00099526, weight distance: 5.4077
2025-09-05 14:30:11,210 - INFO - Example 1088 completed: 196 steps, loss sum: 17.8032, final loss: 0.00099526, weight distance: 5.4077 (universal rank: 43645)
2025-09-05 14:30:11,210 - INFO - 
=== Training Example 1089/1500: /home/projects/bagon/shared/imagenet512/val/n04235860/ILSVRC2012_val_00028927.JPEG ===
2025-09-05 14:30:16,967 - INFO - Example /home/projects/bagon/shared/imagenet512/val/n04235860/ILSVRC2012_val_00028927.JPEG reached epsilon at step 171, loss sum: 29.0345, final loss: 0.00099740, weight distance: 3.3737
2025-09-05 14:30:16,973 - INFO - Example 1089 completed: 171 steps, loss sum: 29.0345, final loss: 0.00099740, weight distance: 3.3737 (universal rank: 43647)
2025-09-05 14:30:16,973 - INFO - 
=== Training Example 1090/1500: /home/projects/bagon/shared/imagenet512/val/n03759954/ILSVRC2012_val_00041525.JPEG ===
2025-09-05 14:30:21,835 - INFO - Example /home/projects/bagon/shared/imagenet512/val/n03759954/ILSVRC2012_val_00041525.JPEG reached epsilon at step 144, loss sum: 14.9565, final loss: 0.00099407, weight distance: 2.2532
2025-09-05 14:30:21,841 - INFO - Example 1090 completed: 144 steps, loss sum: 14.9565, final loss: 0.00099407, weight distance: 2.2532 (universal rank: 43650)
2025-09-05 14:30:21,841 - INFO - 
=== Training Example 1091/1500: /home/projects/bagon/shared/imagenet512/val/n03793489/ILSVRC2012_val_00031394.JPEG ===
2025-09-05 14:30:28,995 - INFO - Example /home/projects/bagon/shared/imagenet512/val/n03793489/ILSVRC2012_val_00031394.JPEG reached epsilon at step 214, loss sum: 23.5295, final loss: 0.00099848, weight distance: 2.6907
2025-09-05 14:30:29,001 - INFO - Example 1091 completed: 214 steps, loss sum: 23.5295, final loss: 0.00099848, weight distance: 2.6907 (universal rank: 43655)
2025-09-05 14:30:29,001 - INFO - 
=== Training Example 1092/1500: /home/projects/bagon/shared/imagenet512/val/n04392985/ILSVRC2012_val_00026630.JPEG ===
2025-09-05 14:30:38,480 - INFO - Example /home/projects/bagon/shared/imagenet512/val/n04392985/ILSVRC2012_val_00026630.JPEG reached epsilon at step 283, loss sum: 21.3684, final loss: 0.00099871, weight distance: 1.3941
2025-09-05 14:30:38,486 - INFO - Example 1092 completed: 283 steps, loss sum: 21.3684, final loss: 0.00099871, weight distance: 1.3941 (universal rank: 43657)
2025-09-05 14:30:38,486 - INFO - 
=== Training Example 1093/1500: /home/projects/bagon/shared/imagenet512/val/n02909870/ILSVRC2012_val_00008396.JPEG ===
2025-09-05 14:30:45,213 - INFO - Example /home/projects/bagon/shared/imagenet512/val/n02909870/ILSVRC2012_val_00008396.JPEG reached epsilon at step 200, loss sum: 19.6520, final loss: 0.00099752, weight distance: 3.0303
2025-09-05 14:30:45,219 - INFO - Example 1093 completed: 200 steps, loss sum: 19.6520, final loss: 0.00099752, weight distance: 3.0303 (universal rank: 43659)
2025-09-05 14:30:45,219 - INFO - 
=== Training Example 1094/1500: /home/projects/bagon/shared/imagenet512/val/n04562935/ILSVRC2012_val_00046411.JPEG ===
2025-09-05 14:30:55,044 - INFO - Example /home/projects/bagon/shared/imagenet512/val/n04562935/ILSVRC2012_val_00046411.JPEG reached epsilon at step 292, loss sum: 30.5314, final loss: 0.00099871, weight distance: 5.4032
2025-09-05 14:30:55,051 - INFO - Example 1094 completed: 292 steps, loss sum: 30.5314, final loss: 0.00099871, weight distance: 5.4032 (universal rank: 43665)
2025-09-05 14:30:55,051 - INFO - 
=== Training Example 1095/1500: /home/projects/bagon/shared/imagenet512/val/n03970156/ILSVRC2012_val_00024002.JPEG ===
2025-09-05 14:30:58,674 - INFO - Example /home/projects/bagon/shared/imagenet512/val/n03970156/ILSVRC2012_val_00024002.JPEG reached epsilon at step 106, loss sum: 14.3448, final loss: 0.00099371, weight distance: 3.8765
2025-09-05 14:30:58,679 - INFO - Example 1095 completed: 106 steps, loss sum: 14.3448, final loss: 0.00099371, weight distance: 3.8765 (universal rank: 43666)
2025-09-05 14:30:58,679 - INFO - 
=== Training Example 1096/1500: /home/projects/bagon/shared/imagenet512/val/n03146219/ILSVRC2012_val_00045339.JPEG ===
2025-09-05 14:31:19,836 - INFO - Example /home/projects/bagon/shared/imagenet512/val/n03146219/ILSVRC2012_val_00045339.JPEG reached epsilon at step 635, loss sum: 48.9374, final loss: 0.00099990, weight distance: 4.5982
2025-09-05 14:31:19,842 - INFO - Example 1096 completed: 635 steps, loss sum: 48.9374, final loss: 0.00099990, weight distance: 4.5982 (universal rank: 43667)
2025-09-05 14:31:19,842 - INFO - 
=== Training Example 1097/1500: /home/projects/bagon/shared/imagenet512/val/n03124170/ILSVRC2012_val_00035648.JPEG ===
2025-09-05 14:31:24,183 - INFO - Example /home/projects/bagon/shared/imagenet512/val/n03124170/ILSVRC2012_val_00035648.JPEG reached epsilon at step 128, loss sum: 15.6610, final loss: 0.00099895, weight distance: 1.9573
2025-09-05 14:31:24,188 - INFO - Example 1097 completed: 128 steps, loss sum: 15.6610, final loss: 0.00099895, weight distance: 1.9573 (universal rank: 43671)
2025-09-05 14:31:24,188 - INFO - 
=== Training Example 1098/1500: /home/projects/bagon/shared/imagenet512/val/n02093991/ILSVRC2012_val_00029419.JPEG ===
2025-09-05 14:31:31,503 - INFO - Example /home/projects/bagon/shared/imagenet512/val/n02093991/ILSVRC2012_val_00029419.JPEG reached epsilon at step 218, loss sum: 24.1206, final loss: 0.00099705, weight distance: 2.8141
2025-09-05 14:31:31,509 - INFO - Example 1098 completed: 218 steps, loss sum: 24.1206, final loss: 0.00099705, weight distance: 2.8141 (universal rank: 43676)
2025-09-05 14:31:31,509 - INFO - 
=== Training Example 1099/1500: /home/projects/bagon/shared/imagenet512/val/n03899768/ILSVRC2012_val_00001998.JPEG ===
2025-09-05 14:31:38,426 - INFO - Example /home/projects/bagon/shared/imagenet512/val/n03899768/ILSVRC2012_val_00001998.JPEG reached epsilon at step 205, loss sum: 18.8977, final loss: 0.00099836, weight distance: 2.0904
2025-09-05 14:31:38,431 - INFO - Example 1099 completed: 205 steps, loss sum: 18.8977, final loss: 0.00099836, weight distance: 2.0904 (universal rank: 43686)
2025-09-05 14:31:38,432 - INFO - 
=== Training Example 1100/1500: /home/projects/bagon/shared/imagenet512/val/n03376595/ILSVRC2012_val_00014475.JPEG ===
2025-09-05 14:31:46,749 - INFO - Example /home/projects/bagon/shared/imagenet512/val/n03376595/ILSVRC2012_val_00014475.JPEG reached epsilon at step 248, loss sum: 26.8127, final loss: 0.00099979, weight distance: 3.0411
2025-09-05 14:31:46,755 - INFO - Example 1100 completed: 248 steps, loss sum: 26.8127, final loss: 0.00099979, weight distance: 3.0411 (universal rank: 43692)
2025-09-05 14:31:46,755 - INFO - 
=== Training Example 1101/1500: /home/projects/bagon/shared/imagenet512/val/n04192698/ILSVRC2012_val_00038809.JPEG ===
2025-09-05 14:31:55,132 - INFO - Example /home/projects/bagon/shared/imagenet512/val/n04192698/ILSVRC2012_val_00038809.JPEG reached epsilon at step 249, loss sum: 25.8169, final loss: 0.00099943, weight distance: 2.4027
2025-09-05 14:31:55,139 - INFO - Example 1101 completed: 249 steps, loss sum: 25.8169, final loss: 0.00099943, weight distance: 2.4027 (universal rank: 43693)
2025-09-05 14:31:55,139 - INFO - 
=== Training Example 1102/1500: /home/projects/bagon/shared/imagenet512/val/n01728920/ILSVRC2012_val_00004351.JPEG ===
2025-09-05 14:32:21,613 - INFO - Example /home/projects/bagon/shared/imagenet512/val/n01728920/ILSVRC2012_val_00004351.JPEG reached epsilon at step 802, loss sum: 63.5527, final loss: 0.00099943, weight distance: 2.2054
2025-09-05 14:32:21,619 - INFO - Example 1102 completed: 802 steps, loss sum: 63.5527, final loss: 0.00099943, weight distance: 2.2054 (universal rank: 43698)
2025-09-05 14:32:21,620 - INFO - 
=== Training Example 1103/1500: /home/projects/bagon/shared/imagenet512/val/n03483316/ILSVRC2012_val_00044815.JPEG ===
2025-09-05 14:32:27,100 - INFO - Example /home/projects/bagon/shared/imagenet512/val/n03483316/ILSVRC2012_val_00044815.JPEG reached epsilon at step 165, loss sum: 15.1108, final loss: 0.00099895, weight distance: 2.5075
2025-09-05 14:32:27,105 - INFO - Example 1103 completed: 165 steps, loss sum: 15.1108, final loss: 0.00099895, weight distance: 2.5075 (universal rank: 43699)
2025-09-05 14:32:27,105 - INFO - 
=== Training Example 1104/1500: /home/projects/bagon/shared/imagenet512/val/n01514668/ILSVRC2012_val_00015242.JPEG ===
2025-09-05 14:32:40,141 - INFO - Example /home/projects/bagon/shared/imagenet512/val/n01514668/ILSVRC2012_val_00015242.JPEG reached epsilon at step 395, loss sum: 16.4906, final loss: 0.00099931, weight distance: 1.5057
2025-09-05 14:32:40,146 - INFO - Example 1104 completed: 395 steps, loss sum: 16.4906, final loss: 0.00099931, weight distance: 1.5057 (universal rank: 43711)
2025-09-05 14:32:40,147 - INFO - 
=== Training Example 1105/1500: /home/projects/bagon/shared/imagenet512/val/n01871265/ILSVRC2012_val_00007884.JPEG ===
2025-09-05 14:32:49,825 - INFO - Example /home/projects/bagon/shared/imagenet512/val/n01871265/ILSVRC2012_val_00007884.JPEG reached epsilon at step 292, loss sum: 14.1789, final loss: 0.00099645, weight distance: 2.3496
2025-09-05 14:32:49,830 - INFO - Example 1105 completed: 292 steps, loss sum: 14.1789, final loss: 0.00099645, weight distance: 2.3496 (universal rank: 43712)
2025-09-05 14:32:49,830 - INFO - 
=== Training Example 1106/1500: /home/projects/bagon/shared/imagenet512/val/n02325366/ILSVRC2012_val_00004300.JPEG ===
2025-09-05 14:32:56,877 - INFO - Example /home/projects/bagon/shared/imagenet512/val/n02325366/ILSVRC2012_val_00004300.JPEG reached epsilon at step 211, loss sum: 28.6467, final loss: 0.00099836, weight distance: 2.8413
2025-09-05 14:32:56,884 - INFO - Example 1106 completed: 211 steps, loss sum: 28.6467, final loss: 0.00099836, weight distance: 2.8413 (universal rank: 43716)
2025-09-05 14:32:56,884 - INFO - 
=== Training Example 1107/1500: /home/projects/bagon/shared/imagenet512/val/n04392985/ILSVRC2012_val_00023462.JPEG ===
2025-09-05 14:33:05,954 - INFO - Example /home/projects/bagon/shared/imagenet512/val/n04392985/ILSVRC2012_val_00023462.JPEG reached epsilon at step 273, loss sum: 25.6614, final loss: 0.00099979, weight distance: 2.5196
2025-09-05 14:33:05,959 - INFO - Example 1107 completed: 273 steps, loss sum: 25.6614, final loss: 0.00099979, weight distance: 2.5196 (universal rank: 43719)
2025-09-05 14:33:05,959 - INFO - 
=== Training Example 1108/1500: /home/projects/bagon/shared/imagenet512/val/n04392985/ILSVRC2012_val_00014078.JPEG ===
2025-09-05 14:33:10,993 - INFO - Example /home/projects/bagon/shared/imagenet512/val/n04392985/ILSVRC2012_val_00014078.JPEG reached epsilon at step 150, loss sum: 25.7669, final loss: 0.00099824, weight distance: 1.1595
2025-09-05 14:33:10,998 - INFO - Example 1108 completed: 150 steps, loss sum: 25.7669, final loss: 0.00099824, weight distance: 1.1595 (universal rank: 43721)
2025-09-05 14:33:10,999 - INFO - 
=== Training Example 1109/1500: /home/projects/bagon/shared/imagenet512/val/n01773797/ILSVRC2012_val_00034273.JPEG ===
2025-09-05 14:33:29,469 - INFO - Example /home/projects/bagon/shared/imagenet512/val/n01773797/ILSVRC2012_val_00034273.JPEG reached epsilon at step 559, loss sum: 48.6796, final loss: 0.00099883, weight distance: 1.7058
2025-09-05 14:33:29,475 - INFO - Example 1109 completed: 559 steps, loss sum: 48.6796, final loss: 0.00099883, weight distance: 1.7058 (universal rank: 43726)
2025-09-05 14:33:29,475 - INFO - 
=== Training Example 1110/1500: /home/projects/bagon/shared/imagenet512/val/n03976657/ILSVRC2012_val_00048208.JPEG ===
2025-09-05 14:33:33,667 - INFO - Example /home/projects/bagon/shared/imagenet512/val/n03976657/ILSVRC2012_val_00048208.JPEG reached epsilon at step 125, loss sum: 19.2356, final loss: 0.00099181, weight distance: 2.9302
2025-09-05 14:33:33,672 - INFO - Example 1110 completed: 125 steps, loss sum: 19.2356, final loss: 0.00099181, weight distance: 2.9302 (universal rank: 43730)
2025-09-05 14:33:33,672 - INFO - 
=== Training Example 1111/1500: /home/projects/bagon/shared/imagenet512/val/n02791124/ILSVRC2012_val_00031101.JPEG ===
2025-09-05 14:33:39,421 - INFO - Example /home/projects/bagon/shared/imagenet512/val/n02791124/ILSVRC2012_val_00031101.JPEG reached epsilon at step 172, loss sum: 17.7598, final loss: 0.00099919, weight distance: 1.4566
2025-09-05 14:33:39,426 - INFO - Example 1111 completed: 172 steps, loss sum: 17.7598, final loss: 0.00099919, weight distance: 1.4566 (universal rank: 43741)
2025-09-05 14:33:39,426 - INFO - 
=== Training Example 1112/1500: /home/projects/bagon/shared/imagenet512/val/n04008634/ILSVRC2012_val_00033210.JPEG ===
2025-09-05 14:33:51,326 - INFO - Example /home/projects/bagon/shared/imagenet512/val/n04008634/ILSVRC2012_val_00033210.JPEG reached epsilon at step 359, loss sum: 27.1923, final loss: 0.00099836, weight distance: 1.3306
2025-09-05 14:33:51,340 - INFO - Example 1112 completed: 359 steps, loss sum: 27.1923, final loss: 0.00099836, weight distance: 1.3306 (universal rank: 43746)
2025-09-05 14:33:51,340 - INFO - 
=== Training Example 1113/1500: /home/projects/bagon/shared/imagenet512/val/n03400231/ILSVRC2012_val_00015937.JPEG ===
2025-09-05 14:33:58,366 - INFO - Example /home/projects/bagon/shared/imagenet512/val/n03400231/ILSVRC2012_val_00015937.JPEG reached epsilon at step 209, loss sum: 20.6250, final loss: 0.00099562, weight distance: 2.4800
2025-09-05 14:33:58,373 - INFO - Example 1113 completed: 209 steps, loss sum: 20.6250, final loss: 0.00099562, weight distance: 2.4800 (universal rank: 43757)
2025-09-05 14:33:58,373 - INFO - 
=== Training Example 1114/1500: /home/projects/bagon/shared/imagenet512/val/n04005630/ILSVRC2012_val_00026703.JPEG ===
2025-09-05 14:34:05,515 - INFO - Example /home/projects/bagon/shared/imagenet512/val/n04005630/ILSVRC2012_val_00026703.JPEG reached epsilon at step 214, loss sum: 16.9606, final loss: 0.00099990, weight distance: 2.9101
2025-09-05 14:34:05,520 - INFO - Example 1114 completed: 214 steps, loss sum: 16.9606, final loss: 0.00099990, weight distance: 2.9101 (universal rank: 43764)
2025-09-05 14:34:05,520 - INFO - 
=== Training Example 1115/1500: /home/projects/bagon/shared/imagenet512/val/n03709823/ILSVRC2012_val_00039989.JPEG ===
2025-09-05 14:34:10,764 - INFO - Example /home/projects/bagon/shared/imagenet512/val/n03709823/ILSVRC2012_val_00039989.JPEG reached epsilon at step 157, loss sum: 20.0578, final loss: 0.00099728, weight distance: 4.8776
2025-09-05 14:34:10,769 - INFO - Example 1115 completed: 157 steps, loss sum: 20.0578, final loss: 0.00099728, weight distance: 4.8776 (universal rank: 43769)
2025-09-05 14:34:10,770 - INFO - 
=== Training Example 1116/1500: /home/projects/bagon/shared/imagenet512/val/n03982430/ILSVRC2012_val_00019726.JPEG ===
2025-09-05 14:34:14,744 - INFO - Example /home/projects/bagon/shared/imagenet512/val/n03982430/ILSVRC2012_val_00019726.JPEG reached epsilon at step 118, loss sum: 20.0990, final loss: 0.00099181, weight distance: 2.9596
2025-09-05 14:34:14,749 - INFO - Example 1116 completed: 118 steps, loss sum: 20.0990, final loss: 0.00099181, weight distance: 2.9596 (universal rank: 43771)
2025-09-05 14:34:14,749 - INFO - 
=== Training Example 1117/1500: /home/projects/bagon/shared/imagenet512/val/n02094433/ILSVRC2012_val_00034082.JPEG ===
2025-09-05 14:34:19,365 - INFO - Example /home/projects/bagon/shared/imagenet512/val/n02094433/ILSVRC2012_val_00034082.JPEG reached epsilon at step 137, loss sum: 45.5263, final loss: 0.00099967, weight distance: 1.0973
2025-09-05 14:34:19,370 - INFO - Example 1117 completed: 137 steps, loss sum: 45.5263, final loss: 0.00099967, weight distance: 1.0973 (universal rank: 43775)
2025-09-05 14:34:19,370 - INFO - 
=== Training Example 1118/1500: /home/projects/bagon/shared/imagenet512/val/n03947888/ILSVRC2012_val_00012579.JPEG ===
2025-09-05 14:34:26,095 - INFO - Example /home/projects/bagon/shared/imagenet512/val/n03947888/ILSVRC2012_val_00012579.JPEG reached epsilon at step 203, loss sum: 14.1682, final loss: 0.00099836, weight distance: 2.3937
2025-09-05 14:34:26,099 - INFO - Example 1118 completed: 203 steps, loss sum: 14.1682, final loss: 0.00099836, weight distance: 2.3937 (universal rank: 43780)
2025-09-05 14:34:26,099 - INFO - 
=== Training Example 1119/1500: /home/projects/bagon/shared/imagenet512/val/n03216828/ILSVRC2012_val_00044682.JPEG ===
2025-09-05 14:34:35,107 - INFO - Example /home/projects/bagon/shared/imagenet512/val/n03216828/ILSVRC2012_val_00044682.JPEG reached epsilon at step 267, loss sum: 27.2280, final loss: 0.00099728, weight distance: 4.7392
2025-09-05 14:34:35,113 - INFO - Example 1119 completed: 267 steps, loss sum: 27.2280, final loss: 0.00099728, weight distance: 4.7392 (universal rank: 43781)
2025-09-05 14:34:35,113 - INFO - 
=== Training Example 1120/1500: /home/projects/bagon/shared/imagenet512/val/n03249569/ILSVRC2012_val_00004534.JPEG ===
2025-09-05 14:34:40,172 - INFO - Example /home/projects/bagon/shared/imagenet512/val/n03249569/ILSVRC2012_val_00004534.JPEG reached epsilon at step 149, loss sum: 18.9440, final loss: 0.00099657, weight distance: 2.3934
2025-09-05 14:34:40,178 - INFO - Example 1120 completed: 149 steps, loss sum: 18.9440, final loss: 0.00099657, weight distance: 2.3934 (universal rank: 43785)
2025-09-05 14:34:40,178 - INFO - 
=== Training Example 1121/1500: /home/projects/bagon/shared/imagenet512/val/n04330267/ILSVRC2012_val_00001312.JPEG ===
2025-09-05 14:34:46,134 - INFO - Example /home/projects/bagon/shared/imagenet512/val/n04330267/ILSVRC2012_val_00001312.JPEG reached epsilon at step 177, loss sum: 16.4921, final loss: 0.00099288, weight distance: 2.4999
2025-09-05 14:34:46,140 - INFO - Example 1121 completed: 177 steps, loss sum: 16.4921, final loss: 0.00099288, weight distance: 2.4999 (universal rank: 43788)
2025-09-05 14:34:46,140 - INFO - 
=== Training Example 1122/1500: /home/projects/bagon/shared/imagenet512/val/n07920052/ILSVRC2012_val_00002934.JPEG ===
2025-09-05 14:34:55,706 - INFO - Example /home/projects/bagon/shared/imagenet512/val/n07920052/ILSVRC2012_val_00002934.JPEG reached epsilon at step 284, loss sum: 28.9644, final loss: 0.00099705, weight distance: 2.4927
2025-09-05 14:34:55,711 - INFO - Example 1122 completed: 284 steps, loss sum: 28.9644, final loss: 0.00099705, weight distance: 2.4927 (universal rank: 43789)
2025-09-05 14:34:55,712 - INFO - 
=== Training Example 1123/1500: /home/projects/bagon/shared/imagenet512/val/n02093859/ILSVRC2012_val_00029435.JPEG ===
2025-09-05 14:35:06,324 - INFO - Example /home/projects/bagon/shared/imagenet512/val/n02093859/ILSVRC2012_val_00029435.JPEG reached epsilon at step 316, loss sum: 25.6213, final loss: 0.00099824, weight distance: 2.8564
2025-09-05 14:35:06,331 - INFO - Example 1123 completed: 316 steps, loss sum: 25.6213, final loss: 0.00099824, weight distance: 2.8564 (universal rank: 43792)
2025-09-05 14:35:06,331 - INFO - 
=== Training Example 1124/1500: /home/projects/bagon/shared/imagenet512/val/n03958227/ILSVRC2012_val_00016320.JPEG ===
2025-09-05 14:35:12,026 - INFO - Example /home/projects/bagon/shared/imagenet512/val/n03958227/ILSVRC2012_val_00016320.JPEG reached epsilon at step 168, loss sum: 19.9231, final loss: 0.00099609, weight distance: 2.5650
2025-09-05 14:35:12,032 - INFO - Example 1124 completed: 168 steps, loss sum: 19.9231, final loss: 0.00099609, weight distance: 2.5650 (universal rank: 43794)
2025-09-05 14:35:12,032 - INFO - 
=== Training Example 1125/1500: /home/projects/bagon/shared/imagenet512/val/n04285008/ILSVRC2012_val_00007125.JPEG ===
2025-09-05 14:35:22,938 - INFO - Example /home/projects/bagon/shared/imagenet512/val/n04285008/ILSVRC2012_val_00007125.JPEG reached epsilon at step 326, loss sum: 45.8749, final loss: 0.00099776, weight distance: 2.3387
2025-09-05 14:35:22,942 - INFO - Example 1125 completed: 326 steps, loss sum: 45.8749, final loss: 0.00099776, weight distance: 2.3387 (universal rank: 43803)
2025-09-05 14:35:22,942 - INFO - 
=== Training Example 1126/1500: /home/projects/bagon/shared/imagenet512/val/n02105855/ILSVRC2012_val_00031875.JPEG ===
2025-09-05 14:35:28,218 - INFO - Example /home/projects/bagon/shared/imagenet512/val/n02105855/ILSVRC2012_val_00031875.JPEG reached epsilon at step 156, loss sum: 21.3033, final loss: 0.00099919, weight distance: 3.2370
2025-09-05 14:35:28,223 - INFO - Example 1126 completed: 156 steps, loss sum: 21.3033, final loss: 0.00099919, weight distance: 3.2370 (universal rank: 43804)
2025-09-05 14:35:28,223 - INFO - 
=== Training Example 1127/1500: /home/projects/bagon/shared/imagenet512/val/n04116512/ILSVRC2012_val_00037439.JPEG ===
2025-09-05 14:35:32,983 - INFO - Example /home/projects/bagon/shared/imagenet512/val/n04116512/ILSVRC2012_val_00037439.JPEG reached epsilon at step 141, loss sum: 23.2152, final loss: 0.00099883, weight distance: 3.4030
2025-09-05 14:35:32,988 - INFO - Example 1127 completed: 141 steps, loss sum: 23.2152, final loss: 0.00099883, weight distance: 3.4030 (universal rank: 43805)
2025-09-05 14:35:32,988 - INFO - 
=== Training Example 1128/1500: /home/projects/bagon/shared/imagenet512/val/n04350905/ILSVRC2012_val_00034991.JPEG ===
2025-09-05 14:35:45,387 - INFO - Example /home/projects/bagon/shared/imagenet512/val/n04350905/ILSVRC2012_val_00034991.JPEG reached epsilon at step 371, loss sum: 24.3877, final loss: 0.00099990, weight distance: 1.4469
2025-09-05 14:35:45,393 - INFO - Example 1128 completed: 371 steps, loss sum: 24.3877, final loss: 0.00099990, weight distance: 1.4469 (universal rank: 43808)
2025-09-05 14:35:45,393 - INFO - 
=== Training Example 1129/1500: /home/projects/bagon/shared/imagenet512/val/n01847000/ILSVRC2012_val_00032503.JPEG ===
2025-09-05 14:35:59,227 - INFO - Example /home/projects/bagon/shared/imagenet512/val/n01847000/ILSVRC2012_val_00032503.JPEG reached epsilon at step 413, loss sum: 45.0814, final loss: 0.00099824, weight distance: 2.7366
2025-09-05 14:35:59,232 - INFO - Example 1129 completed: 413 steps, loss sum: 45.0814, final loss: 0.00099824, weight distance: 2.7366 (universal rank: 43811)
2025-09-05 14:35:59,232 - INFO - 
=== Training Example 1130/1500: /home/projects/bagon/shared/imagenet512/val/n02111277/ILSVRC2012_val_00016001.JPEG ===
2025-09-05 14:36:06,927 - INFO - Example /home/projects/bagon/shared/imagenet512/val/n02111277/ILSVRC2012_val_00016001.JPEG reached epsilon at step 229, loss sum: 27.2243, final loss: 0.00099943, weight distance: 2.3204
2025-09-05 14:36:06,935 - INFO - Example 1130 completed: 229 steps, loss sum: 27.2243, final loss: 0.00099943, weight distance: 2.3204 (universal rank: 43812)
2025-09-05 14:36:06,935 - INFO - 
=== Training Example 1131/1500: /home/projects/bagon/shared/imagenet512/val/n04065272/ILSVRC2012_val_00034627.JPEG ===
2025-09-05 14:36:14,412 - INFO - Example /home/projects/bagon/shared/imagenet512/val/n04065272/ILSVRC2012_val_00034627.JPEG reached epsilon at step 222, loss sum: 21.6389, final loss: 0.00099895, weight distance: 4.0565
2025-09-05 14:36:14,418 - INFO - Example 1131 completed: 222 steps, loss sum: 21.6389, final loss: 0.00099895, weight distance: 4.0565 (universal rank: 43814)
2025-09-05 14:36:14,418 - INFO - 
=== Training Example 1132/1500: /home/projects/bagon/shared/imagenet512/val/n02484975/ILSVRC2012_val_00033528.JPEG ===
2025-09-05 14:36:22,690 - INFO - Example /home/projects/bagon/shared/imagenet512/val/n02484975/ILSVRC2012_val_00033528.JPEG reached epsilon at step 246, loss sum: 22.5838, final loss: 0.00099752, weight distance: 2.1930
2025-09-05 14:36:22,695 - INFO - Example 1132 completed: 246 steps, loss sum: 22.5838, final loss: 0.00099752, weight distance: 2.1930 (universal rank: 43821)
2025-09-05 14:36:22,696 - INFO - 
=== Training Example 1133/1500: /home/projects/bagon/shared/imagenet512/val/n02085620/ILSVRC2012_val_00023886.JPEG ===
2025-09-05 14:36:31,525 - INFO - Example /home/projects/bagon/shared/imagenet512/val/n02085620/ILSVRC2012_val_00023886.JPEG reached epsilon at step 263, loss sum: 43.3073, final loss: 0.00099931, weight distance: 3.6936
2025-09-05 14:36:31,530 - INFO - Example 1133 completed: 263 steps, loss sum: 43.3073, final loss: 0.00099931, weight distance: 3.6936 (universal rank: 43825)
2025-09-05 14:36:31,530 - INFO - 
=== Training Example 1134/1500: /home/projects/bagon/shared/imagenet512/val/n01537544/ILSVRC2012_val_00025037.JPEG ===
2025-09-05 14:36:38,395 - INFO - Example /home/projects/bagon/shared/imagenet512/val/n01537544/ILSVRC2012_val_00025037.JPEG reached epsilon at step 203, loss sum: 26.5891, final loss: 0.00099776, weight distance: 2.8455
2025-09-05 14:36:38,400 - INFO - Example 1134 completed: 203 steps, loss sum: 26.5891, final loss: 0.00099776, weight distance: 2.8455 (universal rank: 43826)
2025-09-05 14:36:38,401 - INFO - 
=== Training Example 1135/1500: /home/projects/bagon/shared/imagenet512/val/n03759954/ILSVRC2012_val_00035325.JPEG ===
2025-09-05 14:36:50,015 - INFO - Example /home/projects/bagon/shared/imagenet512/val/n03759954/ILSVRC2012_val_00035325.JPEG reached epsilon at step 343, loss sum: 32.0629, final loss: 0.00099919, weight distance: 4.4848
2025-09-05 14:36:50,021 - INFO - Example 1135 completed: 343 steps, loss sum: 32.0629, final loss: 0.00099919, weight distance: 4.4848 (universal rank: 43829)
2025-09-05 14:36:50,021 - INFO - 
=== Training Example 1136/1500: /home/projects/bagon/shared/imagenet512/val/n03657121/ILSVRC2012_val_00043055.JPEG ===
2025-09-05 14:36:57,645 - INFO - Example /home/projects/bagon/shared/imagenet512/val/n03657121/ILSVRC2012_val_00043055.JPEG reached epsilon at step 225, loss sum: 30.3725, final loss: 0.00099931, weight distance: 2.8332
2025-09-05 14:36:57,651 - INFO - Example 1136 completed: 225 steps, loss sum: 30.3725, final loss: 0.00099931, weight distance: 2.8332 (universal rank: 43830)
2025-09-05 14:36:57,651 - INFO - 
=== Training Example 1137/1500: /home/projects/bagon/shared/imagenet512/val/n07836838/ILSVRC2012_val_00038954.JPEG ===
2025-09-05 14:37:02,696 - INFO - Example /home/projects/bagon/shared/imagenet512/val/n07836838/ILSVRC2012_val_00038954.JPEG reached epsilon at step 149, loss sum: 20.8457, final loss: 0.00099705, weight distance: 4.9927
2025-09-05 14:37:02,701 - INFO - Example 1137 completed: 149 steps, loss sum: 20.8457, final loss: 0.00099705, weight distance: 4.9927 (universal rank: 43833)
2025-09-05 14:37:02,701 - INFO - 
=== Training Example 1138/1500: /home/projects/bagon/shared/imagenet512/val/n01689811/ILSVRC2012_val_00037210.JPEG ===
2025-09-05 14:37:14,979 - INFO - Example /home/projects/bagon/shared/imagenet512/val/n01689811/ILSVRC2012_val_00037210.JPEG reached epsilon at step 367, loss sum: 45.3591, final loss: 0.00099871, weight distance: 3.2669
2025-09-05 14:37:14,986 - INFO - Example 1138 completed: 367 steps, loss sum: 45.3591, final loss: 0.00099871, weight distance: 3.2669 (universal rank: 43835)
2025-09-05 14:37:14,986 - INFO - 
=== Training Example 1139/1500: /home/projects/bagon/shared/imagenet512/val/n07565083/ILSVRC2012_val_00028081.JPEG ===
2025-09-05 14:37:24,132 - INFO - Example /home/projects/bagon/shared/imagenet512/val/n07565083/ILSVRC2012_val_00028081.JPEG reached epsilon at step 272, loss sum: 31.1056, final loss: 0.00099669, weight distance: 4.3225
2025-09-05 14:37:24,138 - INFO - Example 1139 completed: 272 steps, loss sum: 31.1056, final loss: 0.00099669, weight distance: 4.3225 (universal rank: 43839)
2025-09-05 14:37:24,138 - INFO - 
=== Training Example 1140/1500: /home/projects/bagon/shared/imagenet512/val/n01728572/ILSVRC2012_val_00033517.JPEG ===
2025-09-05 14:37:33,266 - INFO - Example /home/projects/bagon/shared/imagenet512/val/n01728572/ILSVRC2012_val_00033517.JPEG reached epsilon at step 272, loss sum: 46.4099, final loss: 0.00099657, weight distance: 2.8591
2025-09-05 14:37:33,271 - INFO - Example 1140 completed: 272 steps, loss sum: 46.4099, final loss: 0.00099657, weight distance: 2.8591 (universal rank: 43840)
2025-09-05 14:37:33,271 - INFO - 
=== Training Example 1141/1500: /home/projects/bagon/shared/imagenet512/val/n02837789/ILSVRC2012_val_00032052.JPEG ===
2025-09-05 14:37:39,942 - INFO - Example /home/projects/bagon/shared/imagenet512/val/n02837789/ILSVRC2012_val_00032052.JPEG reached epsilon at step 197, loss sum: 24.2289, final loss: 0.00099597, weight distance: 1.9116
2025-09-05 14:37:39,947 - INFO - Example 1141 completed: 197 steps, loss sum: 24.2289, final loss: 0.00099597, weight distance: 1.9116 (universal rank: 43847)
2025-09-05 14:37:39,948 - INFO - 
=== Training Example 1142/1500: /home/projects/bagon/shared/imagenet512/val/n02091635/ILSVRC2012_val_00015377.JPEG ===
2025-09-05 14:37:46,570 - INFO - Example /home/projects/bagon/shared/imagenet512/val/n02091635/ILSVRC2012_val_00015377.JPEG reached epsilon at step 196, loss sum: 25.4692, final loss: 0.00099038, weight distance: 4.6151
2025-09-05 14:37:46,575 - INFO - Example 1142 completed: 196 steps, loss sum: 25.4692, final loss: 0.00099038, weight distance: 4.6151 (universal rank: 43858)
2025-09-05 14:37:46,576 - INFO - 
=== Training Example 1143/1500: /home/projects/bagon/shared/imagenet512/val/n04442312/ILSVRC2012_val_00039637.JPEG ===
2025-09-05 14:37:55,144 - INFO - Example /home/projects/bagon/shared/imagenet512/val/n04442312/ILSVRC2012_val_00039637.JPEG reached epsilon at step 254, loss sum: 31.6510, final loss: 0.00099693, weight distance: 3.7715
2025-09-05 14:37:55,150 - INFO - Example 1143 completed: 254 steps, loss sum: 31.6510, final loss: 0.00099693, weight distance: 3.7715 (universal rank: 43869)
2025-09-05 14:37:55,150 - INFO - 
=== Training Example 1144/1500: /home/projects/bagon/shared/imagenet512/val/n02113624/ILSVRC2012_val_00010612.JPEG ===
2025-09-05 14:38:00,912 - INFO - Example /home/projects/bagon/shared/imagenet512/val/n02113624/ILSVRC2012_val_00010612.JPEG reached epsilon at step 170, loss sum: 28.2844, final loss: 0.00099919, weight distance: 3.1470
2025-09-05 14:38:00,917 - INFO - Example 1144 completed: 170 steps, loss sum: 28.2844, final loss: 0.00099919, weight distance: 3.1470 (universal rank: 43879)
2025-09-05 14:38:00,917 - INFO - 
=== Training Example 1145/1500: /home/projects/bagon/shared/imagenet512/val/n04099969/ILSVRC2012_val_00045048.JPEG ===
2025-09-05 14:38:06,221 - INFO - Example /home/projects/bagon/shared/imagenet512/val/n04099969/ILSVRC2012_val_00045048.JPEG reached epsilon at step 156, loss sum: 24.2802, final loss: 0.00099466, weight distance: 3.3169
2025-09-05 14:38:06,226 - INFO - Example 1145 completed: 156 steps, loss sum: 24.2802, final loss: 0.00099466, weight distance: 3.3169 (universal rank: 43882)
2025-09-05 14:38:06,226 - INFO - 
=== Training Example 1146/1500: /home/projects/bagon/shared/imagenet512/val/n04596742/ILSVRC2012_val_00049550.JPEG ===
2025-09-05 14:38:11,907 - INFO - Example /home/projects/bagon/shared/imagenet512/val/n04596742/ILSVRC2012_val_00049550.JPEG reached epsilon at step 168, loss sum: 37.4901, final loss: 0.00099824, weight distance: 3.6561
2025-09-05 14:38:11,913 - INFO - Example 1146 completed: 168 steps, loss sum: 37.4901, final loss: 0.00099824, weight distance: 3.6561 (universal rank: 43884)
2025-09-05 14:38:11,913 - INFO - 
=== Training Example 1147/1500: /home/projects/bagon/shared/imagenet512/val/n03782006/ILSVRC2012_val_00009529.JPEG ===
2025-09-05 14:38:21,726 - INFO - Example /home/projects/bagon/shared/imagenet512/val/n03782006/ILSVRC2012_val_00009529.JPEG reached epsilon at step 293, loss sum: 19.7659, final loss: 0.00099871, weight distance: 2.2915
2025-09-05 14:38:21,731 - INFO - Example 1147 completed: 293 steps, loss sum: 19.7659, final loss: 0.00099871, weight distance: 2.2915 (universal rank: 43885)
2025-09-05 14:38:21,731 - INFO - 
=== Training Example 1148/1500: /home/projects/bagon/shared/imagenet512/val/n03187595/ILSVRC2012_val_00000137.JPEG ===
2025-09-05 14:38:29,940 - INFO - Example /home/projects/bagon/shared/imagenet512/val/n03187595/ILSVRC2012_val_00000137.JPEG reached epsilon at step 245, loss sum: 18.3416, final loss: 0.00099633, weight distance: 1.2520
2025-09-05 14:38:29,946 - INFO - Example 1148 completed: 245 steps, loss sum: 18.3416, final loss: 0.00099633, weight distance: 1.2520 (universal rank: 43886)
2025-09-05 14:38:29,947 - INFO - 
=== Training Example 1149/1500: /home/projects/bagon/shared/imagenet512/val/n03527444/ILSVRC2012_val_00037910.JPEG ===
2025-09-05 14:38:41,928 - INFO - Example /home/projects/bagon/shared/imagenet512/val/n03527444/ILSVRC2012_val_00037910.JPEG reached epsilon at step 359, loss sum: 40.6739, final loss: 0.00099871, weight distance: 3.3098
2025-09-05 14:38:41,934 - INFO - Example 1149 completed: 359 steps, loss sum: 40.6739, final loss: 0.00099871, weight distance: 3.3098 (universal rank: 43888)
2025-09-05 14:38:41,934 - INFO - 
=== Training Example 1150/1500: /home/projects/bagon/shared/imagenet512/val/n04591713/ILSVRC2012_val_00007320.JPEG ===
2025-09-05 14:38:47,054 - INFO - Example /home/projects/bagon/shared/imagenet512/val/n04591713/ILSVRC2012_val_00007320.JPEG reached epsilon at step 151, loss sum: 21.1569, final loss: 0.00099740, weight distance: 2.4770
2025-09-05 14:38:47,060 - INFO - Example 1150 completed: 151 steps, loss sum: 21.1569, final loss: 0.00099740, weight distance: 2.4770 (universal rank: 43889)
2025-09-05 14:38:47,060 - INFO - 
=== Training Example 1151/1500: /home/projects/bagon/shared/imagenet512/val/n04049303/ILSVRC2012_val_00034353.JPEG ===
2025-09-05 14:38:52,630 - INFO - Example /home/projects/bagon/shared/imagenet512/val/n04049303/ILSVRC2012_val_00034353.JPEG reached epsilon at step 164, loss sum: 43.0682, final loss: 0.00099871, weight distance: 7.4460
2025-09-05 14:38:52,635 - INFO - Example 1151 completed: 164 steps, loss sum: 43.0682, final loss: 0.00099871, weight distance: 7.4460 (universal rank: 43900)
2025-09-05 14:38:52,635 - INFO - 
=== Training Example 1152/1500: /home/projects/bagon/shared/imagenet512/val/n07802026/ILSVRC2012_val_00042652.JPEG ===
2025-09-05 14:38:59,137 - INFO - Example /home/projects/bagon/shared/imagenet512/val/n07802026/ILSVRC2012_val_00042652.JPEG reached epsilon at step 191, loss sum: 23.2882, final loss: 0.00099693, weight distance: 5.1639
2025-09-05 14:38:59,142 - INFO - Example 1152 completed: 191 steps, loss sum: 23.2882, final loss: 0.00099693, weight distance: 5.1639 (universal rank: 43902)
2025-09-05 14:38:59,142 - INFO - 
=== Training Example 1153/1500: /home/projects/bagon/shared/imagenet512/val/n03476991/ILSVRC2012_val_00030023.JPEG ===
2025-09-05 14:39:00,408 - INFO - Example /home/projects/bagon/shared/imagenet512/val/n03476991/ILSVRC2012_val_00030023.JPEG reached epsilon at step 35, loss sum: 19.3786, final loss: 0.00098931, weight distance: 1.7190
2025-09-05 14:39:00,412 - INFO - Example 1153 completed: 35 steps, loss sum: 19.3786, final loss: 0.00098931, weight distance: 1.7190 (universal rank: 43911)
2025-09-05 14:39:00,412 - INFO - 
=== Training Example 1154/1500: /home/projects/bagon/shared/imagenet512/val/n02102040/ILSVRC2012_val_00044718.JPEG ===
2025-09-05 14:39:08,325 - INFO - Example /home/projects/bagon/shared/imagenet512/val/n02102040/ILSVRC2012_val_00044718.JPEG reached epsilon at step 235, loss sum: 18.8155, final loss: 0.00099907, weight distance: 2.6580
2025-09-05 14:39:08,330 - INFO - Example 1154 completed: 235 steps, loss sum: 18.8155, final loss: 0.00099907, weight distance: 2.6580 (universal rank: 43914)
2025-09-05 14:39:08,331 - INFO - 
=== Training Example 1155/1500: /home/projects/bagon/shared/imagenet512/val/n04326547/ILSVRC2012_val_00018620.JPEG ===
2025-09-05 14:39:18,799 - INFO - Example /home/projects/bagon/shared/imagenet512/val/n04326547/ILSVRC2012_val_00018620.JPEG reached epsilon at step 312, loss sum: 41.2929, final loss: 0.00099907, weight distance: 3.8849
2025-09-05 14:39:18,805 - INFO - Example 1155 completed: 312 steps, loss sum: 41.2929, final loss: 0.00099907, weight distance: 3.8849 (universal rank: 43916)
2025-09-05 14:39:18,805 - INFO - 
=== Training Example 1156/1500: /home/projects/bagon/shared/imagenet512/val/n01665541/ILSVRC2012_val_00031275.JPEG ===
2025-09-05 14:39:25,875 - INFO - Example /home/projects/bagon/shared/imagenet512/val/n01665541/ILSVRC2012_val_00031275.JPEG reached epsilon at step 211, loss sum: 27.0717, final loss: 0.00099597, weight distance: 3.4282
2025-09-05 14:39:25,883 - INFO - Example 1156 completed: 211 steps, loss sum: 27.0717, final loss: 0.00099597, weight distance: 3.4282 (universal rank: 43921)
2025-09-05 14:39:25,883 - INFO - 
=== Training Example 1157/1500: /home/projects/bagon/shared/imagenet512/val/n03942813/ILSVRC2012_val_00041336.JPEG ===
2025-09-05 14:39:32,670 - INFO - Example /home/projects/bagon/shared/imagenet512/val/n03942813/ILSVRC2012_val_00041336.JPEG reached epsilon at step 202, loss sum: 21.7409, final loss: 0.00099419, weight distance: 3.0039
2025-09-05 14:39:32,675 - INFO - Example 1157 completed: 202 steps, loss sum: 21.7409, final loss: 0.00099419, weight distance: 3.0039 (universal rank: 43927)
2025-09-05 14:39:32,676 - INFO - 
=== Training Example 1158/1500: /home/projects/bagon/shared/imagenet512/val/n03895866/ILSVRC2012_val_00032803.JPEG ===
2025-09-05 14:39:41,886 - INFO - Example /home/projects/bagon/shared/imagenet512/val/n03895866/ILSVRC2012_val_00032803.JPEG reached epsilon at step 276, loss sum: 30.3201, final loss: 0.00099764, weight distance: 3.0580
2025-09-05 14:39:41,891 - INFO - Example 1158 completed: 276 steps, loss sum: 30.3201, final loss: 0.00099764, weight distance: 3.0580 (universal rank: 43938)
2025-09-05 14:39:41,891 - INFO - 
=== Training Example 1159/1500: /home/projects/bagon/shared/imagenet512/val/n04204238/ILSVRC2012_val_00021565.JPEG ===
2025-09-05 14:39:49,071 - INFO - Example /home/projects/bagon/shared/imagenet512/val/n04204238/ILSVRC2012_val_00021565.JPEG reached epsilon at step 213, loss sum: 9.8292, final loss: 0.00099955, weight distance: 1.3578
2025-09-05 14:39:49,076 - INFO - Example 1159 completed: 213 steps, loss sum: 9.8292, final loss: 0.00099955, weight distance: 1.3578 (universal rank: 43939)
2025-09-05 14:39:49,076 - INFO - 
=== Training Example 1160/1500: /home/projects/bagon/shared/imagenet512/val/n03770679/ILSVRC2012_val_00001722.JPEG ===
2025-09-05 14:39:54,590 - INFO - Example /home/projects/bagon/shared/imagenet512/val/n03770679/ILSVRC2012_val_00001722.JPEG reached epsilon at step 163, loss sum: 24.6886, final loss: 0.00099443, weight distance: 4.3298
2025-09-05 14:39:54,595 - INFO - Example 1160 completed: 163 steps, loss sum: 24.6886, final loss: 0.00099443, weight distance: 4.3298 (universal rank: 43953)
2025-09-05 14:39:54,595 - INFO - 
=== Training Example 1161/1500: /home/projects/bagon/shared/imagenet512/val/n04522168/ILSVRC2012_val_00007772.JPEG ===
2025-09-05 14:40:04,984 - INFO - Example /home/projects/bagon/shared/imagenet512/val/n04522168/ILSVRC2012_val_00007772.JPEG reached epsilon at step 309, loss sum: 21.3923, final loss: 0.00099824, weight distance: 4.2128
2025-09-05 14:40:04,990 - INFO - Example 1161 completed: 309 steps, loss sum: 21.3923, final loss: 0.00099824, weight distance: 4.2128 (universal rank: 43958)
2025-09-05 14:40:04,990 - INFO - 
=== Training Example 1162/1500: /home/projects/bagon/shared/imagenet512/val/n03201208/ILSVRC2012_val_00013938.JPEG ===
2025-09-05 14:40:14,570 - INFO - Example /home/projects/bagon/shared/imagenet512/val/n03201208/ILSVRC2012_val_00013938.JPEG reached epsilon at step 286, loss sum: 44.4485, final loss: 0.00099788, weight distance: 3.3320
2025-09-05 14:40:14,576 - INFO - Example 1162 completed: 286 steps, loss sum: 44.4485, final loss: 0.00099788, weight distance: 3.3320 (universal rank: 43970)
2025-09-05 14:40:14,576 - INFO - 
=== Training Example 1163/1500: /home/projects/bagon/shared/imagenet512/val/n02090721/ILSVRC2012_val_00005946.JPEG ===
2025-09-05 14:40:21,917 - INFO - Example /home/projects/bagon/shared/imagenet512/val/n02090721/ILSVRC2012_val_00005946.JPEG reached epsilon at step 219, loss sum: 18.2277, final loss: 0.00099717, weight distance: 2.5297
2025-09-05 14:40:21,923 - INFO - Example 1163 completed: 219 steps, loss sum: 18.2277, final loss: 0.00099717, weight distance: 2.5297 (universal rank: 43972)
2025-09-05 14:40:21,923 - INFO - 
=== Training Example 1164/1500: /home/projects/bagon/shared/imagenet512/val/n03476991/ILSVRC2012_val_00040181.JPEG ===
2025-09-05 14:40:28,220 - INFO - Example /home/projects/bagon/shared/imagenet512/val/n03476991/ILSVRC2012_val_00040181.JPEG reached epsilon at step 188, loss sum: 18.9613, final loss: 0.00099669, weight distance: 2.4893
2025-09-05 14:40:28,227 - INFO - Example 1164 completed: 188 steps, loss sum: 18.9613, final loss: 0.00099669, weight distance: 2.4893 (universal rank: 43984)
2025-09-05 14:40:28,227 - INFO - 
=== Training Example 1165/1500: /home/projects/bagon/shared/imagenet512/val/n02808440/ILSVRC2012_val_00025038.JPEG ===
2025-09-05 14:40:37,982 - INFO - Example /home/projects/bagon/shared/imagenet512/val/n02808440/ILSVRC2012_val_00025038.JPEG reached epsilon at step 292, loss sum: 22.4478, final loss: 0.00099836, weight distance: 1.5146
2025-09-05 14:40:37,988 - INFO - Example 1165 completed: 292 steps, loss sum: 22.4478, final loss: 0.00099836, weight distance: 1.5146 (universal rank: 43985)
2025-09-05 14:40:37,988 - INFO - 
=== Training Example 1166/1500: /home/projects/bagon/shared/imagenet512/val/n03249569/ILSVRC2012_val_00041539.JPEG ===
2025-09-05 14:40:41,322 - INFO - Example /home/projects/bagon/shared/imagenet512/val/n03249569/ILSVRC2012_val_00041539.JPEG reached epsilon at step 95, loss sum: 13.5869, final loss: 0.00099609, weight distance: 0.9990
2025-09-05 14:40:41,327 - INFO - Example 1166 completed: 95 steps, loss sum: 13.5869, final loss: 0.00099609, weight distance: 0.9990 (universal rank: 43993)
2025-09-05 14:40:41,327 - INFO - 
=== Training Example 1167/1500: /home/projects/bagon/shared/imagenet512/val/n03843555/ILSVRC2012_val_00046369.JPEG ===
2025-09-05 14:40:45,834 - INFO - Example /home/projects/bagon/shared/imagenet512/val/n03843555/ILSVRC2012_val_00046369.JPEG reached epsilon at step 130, loss sum: 36.8933, final loss: 0.00099490, weight distance: 3.1790
2025-09-05 14:40:45,840 - INFO - Example 1167 completed: 130 steps, loss sum: 36.8933, final loss: 0.00099490, weight distance: 3.1790 (universal rank: 43994)
2025-09-05 14:40:45,840 - INFO - 
=== Training Example 1168/1500: /home/projects/bagon/shared/imagenet512/val/n03297495/ILSVRC2012_val_00033095.JPEG ===
2025-09-05 14:40:55,609 - INFO - Example /home/projects/bagon/shared/imagenet512/val/n03297495/ILSVRC2012_val_00033095.JPEG reached epsilon at step 286, loss sum: 38.8837, final loss: 0.00099990, weight distance: 1.6150
2025-09-05 14:40:55,614 - INFO - Example 1168 completed: 286 steps, loss sum: 38.8837, final loss: 0.00099990, weight distance: 1.6150 (universal rank: 44002)
2025-09-05 14:40:55,614 - INFO - 
=== Training Example 1169/1500: /home/projects/bagon/shared/imagenet512/val/n02104029/ILSVRC2012_val_00020132.JPEG ===
2025-09-05 14:41:04,628 - INFO - Example /home/projects/bagon/shared/imagenet512/val/n02104029/ILSVRC2012_val_00020132.JPEG reached epsilon at step 267, loss sum: 42.1949, final loss: 0.00099645, weight distance: 2.3181
2025-09-05 14:41:04,633 - INFO - Example 1169 completed: 267 steps, loss sum: 42.1949, final loss: 0.00099645, weight distance: 2.3181 (universal rank: 44016)
2025-09-05 14:41:04,634 - INFO - 
=== Training Example 1170/1500: /home/projects/bagon/shared/imagenet512/val/n02089078/ILSVRC2012_val_00025466.JPEG ===
2025-09-05 14:41:14,255 - INFO - Example /home/projects/bagon/shared/imagenet512/val/n02089078/ILSVRC2012_val_00025466.JPEG reached epsilon at step 286, loss sum: 50.8056, final loss: 0.00099848, weight distance: 4.1982
2025-09-05 14:41:14,260 - INFO - Example 1170 completed: 286 steps, loss sum: 50.8056, final loss: 0.00099848, weight distance: 4.1982 (universal rank: 44023)
2025-09-05 14:41:14,260 - INFO - 
=== Training Example 1171/1500: /home/projects/bagon/shared/imagenet512/val/n10565667/ILSVRC2012_val_00022622.JPEG ===
2025-09-05 14:41:23,445 - INFO - Example /home/projects/bagon/shared/imagenet512/val/n10565667/ILSVRC2012_val_00022622.JPEG reached epsilon at step 276, loss sum: 25.8840, final loss: 0.00099669, weight distance: 4.2031
2025-09-05 14:41:23,450 - INFO - Example 1171 completed: 276 steps, loss sum: 25.8840, final loss: 0.00099669, weight distance: 4.2031 (universal rank: 44030)
2025-09-05 14:41:23,451 - INFO - 
=== Training Example 1172/1500: /home/projects/bagon/shared/imagenet512/val/n02091134/ILSVRC2012_val_00023235.JPEG ===
2025-09-05 14:41:42,838 - INFO - Example /home/projects/bagon/shared/imagenet512/val/n02091134/ILSVRC2012_val_00023235.JPEG reached epsilon at step 586, loss sum: 55.5175, final loss: 0.00099990, weight distance: 2.5097
2025-09-05 14:41:42,845 - INFO - Example 1172 completed: 586 steps, loss sum: 55.5175, final loss: 0.00099990, weight distance: 2.5097 (universal rank: 44034)
2025-09-05 14:41:42,845 - INFO - 
=== Training Example 1173/1500: /home/projects/bagon/shared/imagenet512/val/n01496331/ILSVRC2012_val_00009518.JPEG ===
2025-09-05 14:41:46,693 - INFO - Example /home/projects/bagon/shared/imagenet512/val/n01496331/ILSVRC2012_val_00009518.JPEG reached epsilon at step 113, loss sum: 10.7146, final loss: 0.00099288, weight distance: 1.6376
2025-09-05 14:41:46,698 - INFO - Example 1173 completed: 113 steps, loss sum: 10.7146, final loss: 0.00099288, weight distance: 1.6376 (universal rank: 44036)
2025-09-05 14:41:46,698 - INFO - 
=== Training Example 1174/1500: /home/projects/bagon/shared/imagenet512/val/n07749582/ILSVRC2012_val_00038212.JPEG ===
2025-09-05 14:41:58,295 - INFO - Example /home/projects/bagon/shared/imagenet512/val/n07749582/ILSVRC2012_val_00038212.JPEG reached epsilon at step 347, loss sum: 44.9403, final loss: 0.00099740, weight distance: 2.1122
2025-09-05 14:41:58,301 - INFO - Example 1174 completed: 347 steps, loss sum: 44.9403, final loss: 0.00099740, weight distance: 2.1122 (universal rank: 44042)
2025-09-05 14:41:58,301 - INFO - 
=== Training Example 1175/1500: /home/projects/bagon/shared/imagenet512/val/n03637318/ILSVRC2012_val_00001257.JPEG ===
2025-09-05 14:42:09,938 - INFO - Example /home/projects/bagon/shared/imagenet512/val/n03637318/ILSVRC2012_val_00001257.JPEG reached epsilon at step 350, loss sum: 21.8411, final loss: 0.00099895, weight distance: 3.0365
2025-09-05 14:42:09,944 - INFO - Example 1175 completed: 350 steps, loss sum: 21.8411, final loss: 0.00099895, weight distance: 3.0365 (universal rank: 44045)
2025-09-05 14:42:09,944 - INFO - 
=== Training Example 1176/1500: /home/projects/bagon/shared/imagenet512/val/n03832673/ILSVRC2012_val_00015715.JPEG ===
2025-09-05 14:42:17,233 - INFO - Example /home/projects/bagon/shared/imagenet512/val/n03832673/ILSVRC2012_val_00015715.JPEG reached epsilon at step 217, loss sum: 22.0998, final loss: 0.00099812, weight distance: 1.7901
2025-09-05 14:42:17,239 - INFO - Example 1176 completed: 217 steps, loss sum: 22.0998, final loss: 0.00099812, weight distance: 1.7901 (universal rank: 44049)
2025-09-05 14:42:17,239 - INFO - 
=== Training Example 1177/1500: /home/projects/bagon/shared/imagenet512/val/n04376876/ILSVRC2012_val_00027716.JPEG ===
2025-09-05 14:42:25,721 - INFO - Example /home/projects/bagon/shared/imagenet512/val/n04376876/ILSVRC2012_val_00027716.JPEG reached epsilon at step 256, loss sum: 33.2471, final loss: 0.00099740, weight distance: 2.9788
2025-09-05 14:42:25,726 - INFO - Example 1177 completed: 256 steps, loss sum: 33.2471, final loss: 0.00099740, weight distance: 2.9788 (universal rank: 44052)
2025-09-05 14:42:25,726 - INFO - 
=== Training Example 1178/1500: /home/projects/bagon/shared/imagenet512/val/n02123045/ILSVRC2012_val_00005358.JPEG ===
2025-09-05 14:42:36,729 - INFO - Example /home/projects/bagon/shared/imagenet512/val/n02123045/ILSVRC2012_val_00005358.JPEG reached epsilon at step 332, loss sum: 25.8287, final loss: 0.00099848, weight distance: 1.8918
2025-09-05 14:42:36,735 - INFO - Example 1178 completed: 332 steps, loss sum: 25.8287, final loss: 0.00099848, weight distance: 1.8918 (universal rank: 44063)
2025-09-05 14:42:36,735 - INFO - 
=== Training Example 1179/1500: /home/projects/bagon/shared/imagenet512/val/n02825657/ILSVRC2012_val_00004824.JPEG ===
2025-09-05 14:42:41,261 - INFO - Example /home/projects/bagon/shared/imagenet512/val/n02825657/ILSVRC2012_val_00004824.JPEG reached epsilon at step 134, loss sum: 20.6744, final loss: 0.00099836, weight distance: 1.9968
2025-09-05 14:42:41,265 - INFO - Example 1179 completed: 134 steps, loss sum: 20.6744, final loss: 0.00099836, weight distance: 1.9968 (universal rank: 44067)
2025-09-05 14:42:41,265 - INFO - 
=== Training Example 1180/1500: /home/projects/bagon/shared/imagenet512/val/n02669723/ILSVRC2012_val_00019360.JPEG ===
2025-09-05 14:42:49,909 - INFO - Example /home/projects/bagon/shared/imagenet512/val/n02669723/ILSVRC2012_val_00019360.JPEG reached epsilon at step 258, loss sum: 42.8527, final loss: 0.00099633, weight distance: 2.2073
2025-09-05 14:42:49,917 - INFO - Example 1180 completed: 258 steps, loss sum: 42.8527, final loss: 0.00099633, weight distance: 2.2073 (universal rank: 44069)
2025-09-05 14:42:49,917 - INFO - 
=== Training Example 1181/1500: /home/projects/bagon/shared/imagenet512/val/n02641379/ILSVRC2012_val_00019691.JPEG ===
2025-09-05 14:42:57,791 - INFO - Example /home/projects/bagon/shared/imagenet512/val/n02641379/ILSVRC2012_val_00019691.JPEG reached epsilon at step 235, loss sum: 17.2656, final loss: 0.00099848, weight distance: 3.3849
2025-09-05 14:42:57,797 - INFO - Example 1181 completed: 235 steps, loss sum: 17.2656, final loss: 0.00099848, weight distance: 3.3849 (universal rank: 44073)
2025-09-05 14:42:57,798 - INFO - 
=== Training Example 1182/1500: /home/projects/bagon/shared/imagenet512/val/n02226429/ILSVRC2012_val_00023689.JPEG ===
2025-09-05 14:43:08,926 - INFO - Example /home/projects/bagon/shared/imagenet512/val/n02226429/ILSVRC2012_val_00023689.JPEG reached epsilon at step 333, loss sum: 30.7902, final loss: 0.00099776, weight distance: 2.2584
2025-09-05 14:43:08,931 - INFO - Example 1182 completed: 333 steps, loss sum: 30.7902, final loss: 0.00099776, weight distance: 2.2584 (universal rank: 44076)
2025-09-05 14:43:08,932 - INFO - 
=== Training Example 1183/1500: /home/projects/bagon/shared/imagenet512/val/n02090721/ILSVRC2012_val_00008739.JPEG ===
2025-09-05 14:43:16,939 - INFO - Example /home/projects/bagon/shared/imagenet512/val/n02090721/ILSVRC2012_val_00008739.JPEG reached epsilon at step 237, loss sum: 20.7238, final loss: 0.00099752, weight distance: 2.7469
2025-09-05 14:43:16,944 - INFO - Example 1183 completed: 237 steps, loss sum: 20.7238, final loss: 0.00099752, weight distance: 2.7469 (universal rank: 44078)
2025-09-05 14:43:16,944 - INFO - 
=== Training Example 1184/1500: /home/projects/bagon/shared/imagenet512/val/n02098413/ILSVRC2012_val_00048379.JPEG ===
2025-09-05 14:43:22,920 - INFO - Example /home/projects/bagon/shared/imagenet512/val/n02098413/ILSVRC2012_val_00048379.JPEG reached epsilon at step 177, loss sum: 29.1208, final loss: 0.00099705, weight distance: 2.8960
2025-09-05 14:43:22,925 - INFO - Example 1184 completed: 177 steps, loss sum: 29.1208, final loss: 0.00099705, weight distance: 2.8960 (universal rank: 44083)
2025-09-05 14:43:22,926 - INFO - 
=== Training Example 1185/1500: /home/projects/bagon/shared/imagenet512/val/n03724870/ILSVRC2012_val_00007992.JPEG ===
2025-09-05 14:43:29,788 - INFO - Example /home/projects/bagon/shared/imagenet512/val/n03724870/ILSVRC2012_val_00007992.JPEG reached epsilon at step 204, loss sum: 23.1660, final loss: 0.00099812, weight distance: 4.3057
2025-09-05 14:43:29,793 - INFO - Example 1185 completed: 204 steps, loss sum: 23.1660, final loss: 0.00099812, weight distance: 4.3057 (universal rank: 44093)
2025-09-05 14:43:29,793 - INFO - 
=== Training Example 1186/1500: /home/projects/bagon/shared/imagenet512/val/n04525038/ILSVRC2012_val_00044175.JPEG ===
2025-09-05 14:43:35,865 - INFO - Example /home/projects/bagon/shared/imagenet512/val/n04525038/ILSVRC2012_val_00044175.JPEG reached epsilon at step 182, loss sum: 17.4631, final loss: 0.00099562, weight distance: 4.0898
2025-09-05 14:43:35,871 - INFO - Example 1186 completed: 182 steps, loss sum: 17.4631, final loss: 0.00099562, weight distance: 4.0898 (universal rank: 44100)
2025-09-05 14:43:35,871 - INFO - 
=== Training Example 1187/1500: /home/projects/bagon/shared/imagenet512/val/n04356056/ILSVRC2012_val_00023754.JPEG ===
2025-09-05 14:43:40,434 - INFO - Example /home/projects/bagon/shared/imagenet512/val/n04356056/ILSVRC2012_val_00023754.JPEG reached epsilon at step 135, loss sum: 19.4127, final loss: 0.00099478, weight distance: 2.3123
2025-09-05 14:43:40,439 - INFO - Example 1187 completed: 135 steps, loss sum: 19.4127, final loss: 0.00099478, weight distance: 2.3123 (universal rank: 44106)
2025-09-05 14:43:40,439 - INFO - 
=== Training Example 1188/1500: /home/projects/bagon/shared/imagenet512/val/n04579432/ILSVRC2012_val_00031012.JPEG ===
2025-09-05 14:43:44,812 - INFO - Example /home/projects/bagon/shared/imagenet512/val/n04579432/ILSVRC2012_val_00031012.JPEG reached epsilon at step 129, loss sum: 16.8605, final loss: 0.00099514, weight distance: 3.7438
2025-09-05 14:43:44,818 - INFO - Example 1188 completed: 129 steps, loss sum: 16.8605, final loss: 0.00099514, weight distance: 3.7438 (universal rank: 44109)
2025-09-05 14:43:44,818 - INFO - 
=== Training Example 1189/1500: /home/projects/bagon/shared/imagenet512/val/n02087046/ILSVRC2012_val_00038974.JPEG ===
2025-09-05 14:43:59,457 - INFO - Example /home/projects/bagon/shared/imagenet512/val/n02087046/ILSVRC2012_val_00038974.JPEG reached epsilon at step 435, loss sum: 44.0183, final loss: 0.00099836, weight distance: 2.5595
2025-09-05 14:43:59,465 - INFO - Example 1189 completed: 435 steps, loss sum: 44.0183, final loss: 0.00099836, weight distance: 2.5595 (universal rank: 44110)
2025-09-05 14:43:59,465 - INFO - 
=== Training Example 1190/1500: /home/projects/bagon/shared/imagenet512/val/n07836838/ILSVRC2012_val_00017267.JPEG ===
2025-09-05 14:44:06,012 - INFO - Example /home/projects/bagon/shared/imagenet512/val/n07836838/ILSVRC2012_val_00017267.JPEG reached epsilon at step 196, loss sum: 30.4659, final loss: 0.00099609, weight distance: 2.0819
2025-09-05 14:44:06,018 - INFO - Example 1190 completed: 196 steps, loss sum: 30.4659, final loss: 0.00099609, weight distance: 2.0819 (universal rank: 44113)
2025-09-05 14:44:06,018 - INFO - 
=== Training Example 1191/1500: /home/projects/bagon/shared/imagenet512/val/n06785654/ILSVRC2012_val_00026787.JPEG ===
2025-09-05 14:44:12,494 - INFO - Example /home/projects/bagon/shared/imagenet512/val/n06785654/ILSVRC2012_val_00026787.JPEG reached epsilon at step 193, loss sum: 26.2643, final loss: 0.00099967, weight distance: 2.5006
2025-09-05 14:44:12,499 - INFO - Example 1191 completed: 193 steps, loss sum: 26.2643, final loss: 0.00099967, weight distance: 2.5006 (universal rank: 44116)
2025-09-05 14:44:12,499 - INFO - 
=== Training Example 1192/1500: /home/projects/bagon/shared/imagenet512/val/n03476684/ILSVRC2012_val_00026987.JPEG ===
2025-09-05 14:44:24,067 - INFO - Example /home/projects/bagon/shared/imagenet512/val/n03476684/ILSVRC2012_val_00026987.JPEG reached epsilon at step 347, loss sum: 22.8333, final loss: 0.00099848, weight distance: 3.7408
2025-09-05 14:44:24,072 - INFO - Example 1192 completed: 347 steps, loss sum: 22.8333, final loss: 0.00099848, weight distance: 3.7408 (universal rank: 44119)
2025-09-05 14:44:24,072 - INFO - 
=== Training Example 1193/1500: /home/projects/bagon/shared/imagenet512/val/n02514041/ILSVRC2012_val_00032289.JPEG ===
2025-09-05 14:44:37,122 - INFO - Example /home/projects/bagon/shared/imagenet512/val/n02514041/ILSVRC2012_val_00032289.JPEG reached epsilon at step 392, loss sum: 21.2567, final loss: 0.00099764, weight distance: 1.7531
2025-09-05 14:44:37,128 - INFO - Example 1193 completed: 392 steps, loss sum: 21.2567, final loss: 0.00099764, weight distance: 1.7531 (universal rank: 44121)
2025-09-05 14:44:37,128 - INFO - 
=== Training Example 1194/1500: /home/projects/bagon/shared/imagenet512/val/n04209239/ILSVRC2012_val_00046099.JPEG ===
2025-09-05 14:44:45,659 - INFO - Example /home/projects/bagon/shared/imagenet512/val/n04209239/ILSVRC2012_val_00046099.JPEG reached epsilon at step 255, loss sum: 20.2678, final loss: 0.00099693, weight distance: 5.7976
2025-09-05 14:44:45,665 - INFO - Example 1194 completed: 255 steps, loss sum: 20.2678, final loss: 0.00099693, weight distance: 5.7976 (universal rank: 44128)
2025-09-05 14:44:45,665 - INFO - 
=== Training Example 1195/1500: /home/projects/bagon/shared/imagenet512/val/n09835506/ILSVRC2012_val_00022559.JPEG ===
2025-09-05 14:44:49,259 - INFO - Example /home/projects/bagon/shared/imagenet512/val/n09835506/ILSVRC2012_val_00022559.JPEG reached epsilon at step 105, loss sum: 49.3726, final loss: 0.00098871, weight distance: 2.7956
2025-09-05 14:44:49,264 - INFO - Example 1195 completed: 105 steps, loss sum: 49.3726, final loss: 0.00098871, weight distance: 2.7956 (universal rank: 44142)
2025-09-05 14:44:49,264 - INFO - 
=== Training Example 1196/1500: /home/projects/bagon/shared/imagenet512/val/n02704792/ILSVRC2012_val_00010301.JPEG ===
2025-09-05 14:44:57,416 - INFO - Example /home/projects/bagon/shared/imagenet512/val/n02704792/ILSVRC2012_val_00010301.JPEG reached epsilon at step 241, loss sum: 36.7805, final loss: 0.00099645, weight distance: 3.7403
2025-09-05 14:44:57,420 - INFO - Example 1196 completed: 241 steps, loss sum: 36.7805, final loss: 0.00099645, weight distance: 3.7403 (universal rank: 44143)
2025-09-05 14:44:57,421 - INFO - 
=== Training Example 1197/1500: /home/projects/bagon/shared/imagenet512/val/n04152593/ILSVRC2012_val_00034252.JPEG ===
2025-09-05 14:45:02,285 - INFO - Example /home/projects/bagon/shared/imagenet512/val/n04152593/ILSVRC2012_val_00034252.JPEG reached epsilon at step 143, loss sum: 24.8402, final loss: 0.00099443, weight distance: 1.2748
2025-09-05 14:45:02,291 - INFO - Example 1197 completed: 143 steps, loss sum: 24.8402, final loss: 0.00099443, weight distance: 1.2748 (universal rank: 44148)
2025-09-05 14:45:02,292 - INFO - 
=== Training Example 1198/1500: /home/projects/bagon/shared/imagenet512/val/n03201208/ILSVRC2012_val_00046839.JPEG ===
2025-09-05 14:45:11,850 - INFO - Example /home/projects/bagon/shared/imagenet512/val/n03201208/ILSVRC2012_val_00046839.JPEG reached epsilon at step 284, loss sum: 20.9336, final loss: 0.00099216, weight distance: 2.0631
2025-09-05 14:45:11,855 - INFO - Example 1198 completed: 284 steps, loss sum: 20.9336, final loss: 0.00099216, weight distance: 2.0631 (universal rank: 44153)
2025-09-05 14:45:11,855 - INFO - 
=== Training Example 1199/1500: /home/projects/bagon/shared/imagenet512/val/n02099601/ILSVRC2012_val_00019590.JPEG ===
2025-09-05 14:45:17,841 - INFO - Example /home/projects/bagon/shared/imagenet512/val/n02099601/ILSVRC2012_val_00019590.JPEG reached epsilon at step 177, loss sum: 21.5849, final loss: 0.00099538, weight distance: 1.9541
2025-09-05 14:45:17,847 - INFO - Example 1199 completed: 177 steps, loss sum: 21.5849, final loss: 0.00099538, weight distance: 1.9541 (universal rank: 44158)
2025-09-05 14:45:17,847 - INFO - 
=== Training Example 1200/1500: /home/projects/bagon/shared/imagenet512/val/n04357314/ILSVRC2012_val_00023722.JPEG ===
2025-09-05 14:45:24,671 - INFO - Example /home/projects/bagon/shared/imagenet512/val/n04357314/ILSVRC2012_val_00023722.JPEG reached epsilon at step 203, loss sum: 21.6938, final loss: 0.00099609, weight distance: 2.5932
2025-09-05 14:45:24,678 - INFO - Example 1200 completed: 203 steps, loss sum: 21.6938, final loss: 0.00099609, weight distance: 2.5932 (universal rank: 44159)
2025-09-05 14:45:24,678 - INFO - 
=== Training Example 1201/1500: /home/projects/bagon/shared/imagenet512/val/n03063689/ILSVRC2012_val_00045675.JPEG ===
2025-09-05 14:45:34,206 - INFO - Example /home/projects/bagon/shared/imagenet512/val/n03063689/ILSVRC2012_val_00045675.JPEG reached epsilon at step 284, loss sum: 19.6890, final loss: 0.00099883, weight distance: 2.2281
2025-09-05 14:45:34,212 - INFO - Example 1201 completed: 284 steps, loss sum: 19.6890, final loss: 0.00099883, weight distance: 2.2281 (universal rank: 44160)
2025-09-05 14:45:34,212 - INFO - 
=== Training Example 1202/1500: /home/projects/bagon/shared/imagenet512/val/n03887697/ILSVRC2012_val_00021774.JPEG ===
2025-09-05 14:45:40,665 - INFO - Example /home/projects/bagon/shared/imagenet512/val/n03887697/ILSVRC2012_val_00021774.JPEG reached epsilon at step 192, loss sum: 16.4736, final loss: 0.00099586, weight distance: 3.2748
2025-09-05 14:45:40,670 - INFO - Example 1202 completed: 192 steps, loss sum: 16.4736, final loss: 0.00099586, weight distance: 3.2748 (universal rank: 44166)
2025-09-05 14:45:40,671 - INFO - 
=== Training Example 1203/1500: /home/projects/bagon/shared/imagenet512/val/n03980874/ILSVRC2012_val_00044689.JPEG ===
2025-09-05 14:45:51,469 - INFO - Example /home/projects/bagon/shared/imagenet512/val/n03980874/ILSVRC2012_val_00044689.JPEG reached epsilon at step 322, loss sum: 49.7983, final loss: 0.00099693, weight distance: 5.8026
2025-09-05 14:45:51,475 - INFO - Example 1203 completed: 322 steps, loss sum: 49.7983, final loss: 0.00099693, weight distance: 5.8026 (universal rank: 44169)
2025-09-05 14:45:51,475 - INFO - 
=== Training Example 1204/1500: /home/projects/bagon/shared/imagenet512/val/n04550184/ILSVRC2012_val_00046428.JPEG ===
2025-09-05 14:46:02,935 - INFO - Example /home/projects/bagon/shared/imagenet512/val/n04550184/ILSVRC2012_val_00046428.JPEG reached epsilon at step 343, loss sum: 21.1819, final loss: 0.00099907, weight distance: 2.7775
2025-09-05 14:46:02,942 - INFO - Example 1204 completed: 343 steps, loss sum: 21.1819, final loss: 0.00099907, weight distance: 2.7775 (universal rank: 44171)
2025-09-05 14:46:02,943 - INFO - 
=== Training Example 1205/1500: /home/projects/bagon/shared/imagenet512/val/n04311004/ILSVRC2012_val_00003334.JPEG ===
2025-09-05 14:46:10,243 - INFO - Example /home/projects/bagon/shared/imagenet512/val/n04311004/ILSVRC2012_val_00003334.JPEG reached epsilon at step 218, loss sum: 30.9136, final loss: 0.00099633, weight distance: 3.3065
2025-09-05 14:46:10,249 - INFO - Example 1205 completed: 218 steps, loss sum: 30.9136, final loss: 0.00099633, weight distance: 3.3065 (universal rank: 44174)
2025-09-05 14:46:10,249 - INFO - 
=== Training Example 1206/1500: /home/projects/bagon/shared/imagenet512/val/n02879718/ILSVRC2012_val_00014440.JPEG ===
2025-09-05 14:46:17,921 - INFO - Example /home/projects/bagon/shared/imagenet512/val/n02879718/ILSVRC2012_val_00014440.JPEG reached epsilon at step 229, loss sum: 25.9293, final loss: 0.00099788, weight distance: 5.1279
2025-09-05 14:46:17,927 - INFO - Example 1206 completed: 229 steps, loss sum: 25.9293, final loss: 0.00099788, weight distance: 5.1279 (universal rank: 44177)
2025-09-05 14:46:17,927 - INFO - 
=== Training Example 1207/1500: /home/projects/bagon/shared/imagenet512/val/n02841315/ILSVRC2012_val_00012679.JPEG ===
2025-09-05 14:46:21,065 - INFO - Example /home/projects/bagon/shared/imagenet512/val/n02841315/ILSVRC2012_val_00012679.JPEG reached epsilon at step 92, loss sum: 15.4181, final loss: 0.00099705, weight distance: 3.3601
2025-09-05 14:46:21,069 - INFO - Example 1207 completed: 92 steps, loss sum: 15.4181, final loss: 0.00099705, weight distance: 3.3601 (universal rank: 44191)
2025-09-05 14:46:21,069 - INFO - 
=== Training Example 1208/1500: /home/projects/bagon/shared/imagenet512/val/n03944341/ILSVRC2012_val_00023236.JPEG ===
2025-09-05 14:46:26,931 - INFO - Example /home/projects/bagon/shared/imagenet512/val/n03944341/ILSVRC2012_val_00023236.JPEG reached epsilon at step 175, loss sum: 17.0891, final loss: 0.00099931, weight distance: 5.0805
2025-09-05 14:46:26,936 - INFO - Example 1208 completed: 175 steps, loss sum: 17.0891, final loss: 0.00099931, weight distance: 5.0805 (universal rank: 44192)
2025-09-05 14:46:26,937 - INFO - 
=== Training Example 1209/1500: /home/projects/bagon/shared/imagenet512/val/n07860988/ILSVRC2012_val_00004273.JPEG ===
2025-09-05 14:46:37,273 - INFO - Example /home/projects/bagon/shared/imagenet512/val/n07860988/ILSVRC2012_val_00004273.JPEG reached epsilon at step 310, loss sum: 35.0443, final loss: 0.00099693, weight distance: 2.5066
2025-09-05 14:46:37,280 - INFO - Example 1209 completed: 310 steps, loss sum: 35.0443, final loss: 0.00099693, weight distance: 2.5066 (universal rank: 44194)
2025-09-05 14:46:37,280 - INFO - 
=== Training Example 1210/1500: /home/projects/bagon/shared/imagenet512/val/n01689811/ILSVRC2012_val_00033734.JPEG ===
2025-09-05 14:46:51,097 - INFO - Example /home/projects/bagon/shared/imagenet512/val/n01689811/ILSVRC2012_val_00033734.JPEG reached epsilon at step 414, loss sum: 45.1432, final loss: 0.00099764, weight distance: 2.3167
2025-09-05 14:46:51,102 - INFO - Example 1210 completed: 414 steps, loss sum: 45.1432, final loss: 0.00099764, weight distance: 2.3167 (universal rank: 44197)
2025-09-05 14:46:51,102 - INFO - 
=== Training Example 1211/1500: /home/projects/bagon/shared/imagenet512/val/n03045698/ILSVRC2012_val_00025105.JPEG ===
2025-09-05 14:46:55,525 - INFO - Example /home/projects/bagon/shared/imagenet512/val/n03045698/ILSVRC2012_val_00025105.JPEG reached epsilon at step 131, loss sum: 22.4452, final loss: 0.00099455, weight distance: 3.9034
2025-09-05 14:46:55,530 - INFO - Example 1211 completed: 131 steps, loss sum: 22.4452, final loss: 0.00099455, weight distance: 3.9034 (universal rank: 44207)
2025-09-05 14:46:55,530 - INFO - 
=== Training Example 1212/1500: /home/projects/bagon/shared/imagenet512/val/n02786058/ILSVRC2012_val_00036161.JPEG ===
2025-09-05 14:46:58,864 - INFO - Example /home/projects/bagon/shared/imagenet512/val/n02786058/ILSVRC2012_val_00036161.JPEG reached epsilon at step 98, loss sum: 14.4355, final loss: 0.00099526, weight distance: 1.7247
2025-09-05 14:46:58,869 - INFO - Example 1212 completed: 98 steps, loss sum: 14.4355, final loss: 0.00099526, weight distance: 1.7247 (universal rank: 44211)
2025-09-05 14:46:58,869 - INFO - 
=== Training Example 1213/1500: /home/projects/bagon/shared/imagenet512/val/n02837789/ILSVRC2012_val_00005005.JPEG ===
2025-09-05 14:47:08,540 - INFO - Example /home/projects/bagon/shared/imagenet512/val/n02837789/ILSVRC2012_val_00005005.JPEG reached epsilon at step 290, loss sum: 23.3005, final loss: 0.00099681, weight distance: 1.9395
2025-09-05 14:47:08,547 - INFO - Example 1213 completed: 290 steps, loss sum: 23.3005, final loss: 0.00099681, weight distance: 1.9395 (universal rank: 44217)
2025-09-05 14:47:08,547 - INFO - 
=== Training Example 1214/1500: /home/projects/bagon/shared/imagenet512/val/n03207941/ILSVRC2012_val_00042603.JPEG ===
2025-09-05 14:47:16,055 - INFO - Example /home/projects/bagon/shared/imagenet512/val/n03207941/ILSVRC2012_val_00042603.JPEG reached epsilon at step 225, loss sum: 21.1717, final loss: 0.00099800, weight distance: 1.1202
2025-09-05 14:47:16,060 - INFO - Example 1214 completed: 225 steps, loss sum: 21.1717, final loss: 0.00099800, weight distance: 1.1202 (universal rank: 44222)
2025-09-05 14:47:16,061 - INFO - 
=== Training Example 1215/1500: /home/projects/bagon/shared/imagenet512/val/n02808440/ILSVRC2012_val_00016026.JPEG ===
2025-09-05 14:47:23,195 - INFO - Example /home/projects/bagon/shared/imagenet512/val/n02808440/ILSVRC2012_val_00016026.JPEG reached epsilon at step 212, loss sum: 26.5740, final loss: 0.00099824, weight distance: 2.5011
2025-09-05 14:47:23,200 - INFO - Example 1215 completed: 212 steps, loss sum: 26.5740, final loss: 0.00099824, weight distance: 2.5011 (universal rank: 44225)
2025-09-05 14:47:23,200 - INFO - 
=== Training Example 1216/1500: /home/projects/bagon/shared/imagenet512/val/n02730930/ILSVRC2012_val_00031520.JPEG ===
2025-09-05 14:47:33,531 - INFO - Example /home/projects/bagon/shared/imagenet512/val/n02730930/ILSVRC2012_val_00031520.JPEG reached epsilon at step 309, loss sum: 36.6588, final loss: 0.00099943, weight distance: 3.7437
2025-09-05 14:47:33,537 - INFO - Example 1216 completed: 309 steps, loss sum: 36.6588, final loss: 0.00099943, weight distance: 3.7437 (universal rank: 44230)
2025-09-05 14:47:33,537 - INFO - 
=== Training Example 1217/1500: /home/projects/bagon/shared/imagenet512/val/n02091244/ILSVRC2012_val_00025708.JPEG ===
2025-09-05 14:47:42,159 - INFO - Example /home/projects/bagon/shared/imagenet512/val/n02091244/ILSVRC2012_val_00025708.JPEG reached epsilon at step 258, loss sum: 36.5556, final loss: 0.00099669, weight distance: 2.9813
2025-09-05 14:47:42,164 - INFO - Example 1217 completed: 258 steps, loss sum: 36.5556, final loss: 0.00099669, weight distance: 2.9813 (universal rank: 44232)
2025-09-05 14:47:42,164 - INFO - 
=== Training Example 1218/1500: /home/projects/bagon/shared/imagenet512/val/n03692522/ILSVRC2012_val_00035877.JPEG ===
2025-09-05 14:47:49,370 - INFO - Example /home/projects/bagon/shared/imagenet512/val/n03692522/ILSVRC2012_val_00035877.JPEG reached epsilon at step 213, loss sum: 20.6947, final loss: 0.00099836, weight distance: 3.4922
2025-09-05 14:47:49,375 - INFO - Example 1218 completed: 213 steps, loss sum: 20.6947, final loss: 0.00099836, weight distance: 3.4922 (universal rank: 44234)
2025-09-05 14:47:49,375 - INFO - 
=== Training Example 1219/1500: /home/projects/bagon/shared/imagenet512/val/n04461696/ILSVRC2012_val_00029413.JPEG ===
2025-09-05 14:47:53,446 - INFO - Example /home/projects/bagon/shared/imagenet512/val/n04461696/ILSVRC2012_val_00029413.JPEG reached epsilon at step 119, loss sum: 26.1121, final loss: 0.00099657, weight distance: 4.0132
2025-09-05 14:47:53,452 - INFO - Example 1219 completed: 119 steps, loss sum: 26.1121, final loss: 0.00099657, weight distance: 4.0132 (universal rank: 44236)
2025-09-05 14:47:53,452 - INFO - 
=== Training Example 1220/1500: /home/projects/bagon/shared/imagenet512/val/n03223299/ILSVRC2012_val_00020689.JPEG ===
2025-09-05 14:47:57,513 - INFO - Example /home/projects/bagon/shared/imagenet512/val/n03223299/ILSVRC2012_val_00020689.JPEG reached epsilon at step 119, loss sum: 28.2261, final loss: 0.00099943, weight distance: 3.6708
2025-09-05 14:47:57,518 - INFO - Example 1220 completed: 119 steps, loss sum: 28.2261, final loss: 0.00099943, weight distance: 3.6708 (universal rank: 44238)
2025-09-05 14:47:57,518 - INFO - 
=== Training Example 1221/1500: /home/projects/bagon/shared/imagenet512/val/n07860988/ILSVRC2012_val_00014716.JPEG ===
2025-09-05 14:48:20,800 - INFO - Example /home/projects/bagon/shared/imagenet512/val/n07860988/ILSVRC2012_val_00014716.JPEG reached epsilon at step 698, loss sum: 58.7559, final loss: 0.00099871, weight distance: 5.2541
2025-09-05 14:48:21,025 - INFO - Example 1221 completed: 698 steps, loss sum: 58.7559, final loss: 0.00099871, weight distance: 5.2541 (universal rank: 44247)
2025-09-05 14:48:21,025 - INFO - 
=== Training Example 1222/1500: /home/projects/bagon/shared/imagenet512/val/n02840245/ILSVRC2012_val_00040500.JPEG ===
2025-09-05 14:48:26,239 - INFO - Example /home/projects/bagon/shared/imagenet512/val/n02840245/ILSVRC2012_val_00040500.JPEG reached epsilon at step 154, loss sum: 19.7583, final loss: 0.00099574, weight distance: 1.7138
2025-09-05 14:48:26,245 - INFO - Example 1222 completed: 154 steps, loss sum: 19.7583, final loss: 0.00099574, weight distance: 1.7138 (universal rank: 44251)
2025-09-05 14:48:26,246 - INFO - 
=== Training Example 1223/1500: /home/projects/bagon/shared/imagenet512/val/n04591713/ILSVRC2012_val_00010827.JPEG ===
2025-09-05 14:48:35,398 - INFO - Example /home/projects/bagon/shared/imagenet512/val/n04591713/ILSVRC2012_val_00010827.JPEG reached epsilon at step 273, loss sum: 19.7727, final loss: 0.00099657, weight distance: 1.3385
2025-09-05 14:48:35,403 - INFO - Example 1223 completed: 273 steps, loss sum: 19.7727, final loss: 0.00099657, weight distance: 1.3385 (universal rank: 44258)
2025-09-05 14:48:35,403 - INFO - 
=== Training Example 1224/1500: /home/projects/bagon/shared/imagenet512/val/n01514668/ILSVRC2012_val_00003936.JPEG ===
2025-09-05 14:48:42,914 - INFO - Example /home/projects/bagon/shared/imagenet512/val/n01514668/ILSVRC2012_val_00003936.JPEG reached epsilon at step 223, loss sum: 25.5165, final loss: 0.00099681, weight distance: 1.7157
2025-09-05 14:48:42,920 - INFO - Example 1224 completed: 223 steps, loss sum: 25.5165, final loss: 0.00099681, weight distance: 1.7157 (universal rank: 44262)
2025-09-05 14:48:42,920 - INFO - 
=== Training Example 1225/1500: /home/projects/bagon/shared/imagenet512/val/n03125729/ILSVRC2012_val_00048318.JPEG ===
2025-09-05 14:48:48,955 - INFO - Example /home/projects/bagon/shared/imagenet512/val/n03125729/ILSVRC2012_val_00048318.JPEG reached epsilon at step 178, loss sum: 26.8160, final loss: 0.00099955, weight distance: 2.8698
2025-09-05 14:48:48,961 - INFO - Example 1225 completed: 178 steps, loss sum: 26.8160, final loss: 0.00099955, weight distance: 2.8698 (universal rank: 44265)
2025-09-05 14:48:48,961 - INFO - 
=== Training Example 1226/1500: /home/projects/bagon/shared/imagenet512/val/n12144580/ILSVRC2012_val_00008867.JPEG ===
2025-09-05 14:48:53,552 - INFO - Example /home/projects/bagon/shared/imagenet512/val/n12144580/ILSVRC2012_val_00008867.JPEG reached epsilon at step 134, loss sum: 14.7288, final loss: 0.00099550, weight distance: 3.2880
2025-09-05 14:48:53,558 - INFO - Example 1226 completed: 134 steps, loss sum: 14.7288, final loss: 0.00099550, weight distance: 3.2880 (universal rank: 44271)
2025-09-05 14:48:53,558 - INFO - 
=== Training Example 1227/1500: /home/projects/bagon/shared/imagenet512/val/n04239074/ILSVRC2012_val_00002286.JPEG ===
2025-09-05 14:49:00,500 - INFO - Example /home/projects/bagon/shared/imagenet512/val/n04239074/ILSVRC2012_val_00002286.JPEG reached epsilon at step 204, loss sum: 21.1549, final loss: 0.00099812, weight distance: 2.6708
2025-09-05 14:49:00,505 - INFO - Example 1227 completed: 204 steps, loss sum: 21.1549, final loss: 0.00099812, weight distance: 2.6708 (universal rank: 44275)
2025-09-05 14:49:00,506 - INFO - 
=== Training Example 1228/1500: /home/projects/bagon/shared/imagenet512/val/n03970156/ILSVRC2012_val_00032246.JPEG ===
2025-09-05 14:49:04,199 - INFO - Example /home/projects/bagon/shared/imagenet512/val/n03970156/ILSVRC2012_val_00032246.JPEG reached epsilon at step 108, loss sum: 15.1189, final loss: 0.00099728, weight distance: 1.2961
2025-09-05 14:49:04,203 - INFO - Example 1228 completed: 108 steps, loss sum: 15.1189, final loss: 0.00099728, weight distance: 1.2961 (universal rank: 44277)
2025-09-05 14:49:04,203 - INFO - 
=== Training Example 1229/1500: /home/projects/bagon/shared/imagenet512/val/n03126707/ILSVRC2012_val_00022837.JPEG ===
2025-09-05 14:49:10,814 - INFO - Example /home/projects/bagon/shared/imagenet512/val/n03126707/ILSVRC2012_val_00022837.JPEG reached epsilon at step 196, loss sum: 29.6839, final loss: 0.00099788, weight distance: 3.6981
2025-09-05 14:49:10,819 - INFO - Example 1229 completed: 196 steps, loss sum: 29.6839, final loss: 0.00099788, weight distance: 3.6981 (universal rank: 44284)
2025-09-05 14:49:10,819 - INFO - 
=== Training Example 1230/1500: /home/projects/bagon/shared/imagenet512/val/n04040759/ILSVRC2012_val_00015712.JPEG ===
2025-09-05 14:49:23,285 - INFO - Example /home/projects/bagon/shared/imagenet512/val/n04040759/ILSVRC2012_val_00015712.JPEG reached epsilon at step 372, loss sum: 28.7969, final loss: 0.00099848, weight distance: 3.6099
2025-09-05 14:49:23,292 - INFO - Example 1230 completed: 372 steps, loss sum: 28.7969, final loss: 0.00099848, weight distance: 3.6099 (universal rank: 44288)
2025-09-05 14:49:23,292 - INFO - 
=== Training Example 1231/1500: /home/projects/bagon/shared/imagenet512/val/n03710637/ILSVRC2012_val_00015042.JPEG ===
2025-09-05 14:49:27,787 - INFO - Example /home/projects/bagon/shared/imagenet512/val/n03710637/ILSVRC2012_val_00015042.JPEG reached epsilon at step 133, loss sum: 31.8099, final loss: 0.00099526, weight distance: 0.9194
2025-09-05 14:49:27,792 - INFO - Example 1231 completed: 133 steps, loss sum: 31.8099, final loss: 0.00099526, weight distance: 0.9194 (universal rank: 44295)
2025-09-05 14:49:27,793 - INFO - 
=== Training Example 1232/1500: /home/projects/bagon/shared/imagenet512/val/n04286575/ILSVRC2012_val_00006882.JPEG ===
2025-09-05 14:49:32,968 - INFO - Example /home/projects/bagon/shared/imagenet512/val/n04286575/ILSVRC2012_val_00006882.JPEG reached epsilon at step 153, loss sum: 15.1541, final loss: 0.00099728, weight distance: 3.0991
2025-09-05 14:49:32,973 - INFO - Example 1232 completed: 153 steps, loss sum: 15.1541, final loss: 0.00099728, weight distance: 3.0991 (universal rank: 44296)
2025-09-05 14:49:32,973 - INFO - 
=== Training Example 1233/1500: /home/projects/bagon/shared/imagenet512/val/n01697457/ILSVRC2012_val_00013072.JPEG ===
2025-09-05 14:49:38,967 - INFO - Example /home/projects/bagon/shared/imagenet512/val/n01697457/ILSVRC2012_val_00013072.JPEG reached epsilon at step 177, loss sum: 29.8671, final loss: 0.00099181, weight distance: 3.1826
2025-09-05 14:49:38,973 - INFO - Example 1233 completed: 177 steps, loss sum: 29.8671, final loss: 0.00099181, weight distance: 3.1826 (universal rank: 44300)
2025-09-05 14:49:38,973 - INFO - 
=== Training Example 1234/1500: /home/projects/bagon/shared/imagenet512/val/n02708093/ILSVRC2012_val_00017378.JPEG ===
2025-09-05 14:49:44,787 - INFO - Example /home/projects/bagon/shared/imagenet512/val/n02708093/ILSVRC2012_val_00017378.JPEG reached epsilon at step 172, loss sum: 21.5754, final loss: 0.00099633, weight distance: 2.4739
2025-09-05 14:49:44,793 - INFO - Example 1234 completed: 172 steps, loss sum: 21.5754, final loss: 0.00099633, weight distance: 2.4739 (universal rank: 44311)
2025-09-05 14:49:44,793 - INFO - 
=== Training Example 1235/1500: /home/projects/bagon/shared/imagenet512/val/n02981792/ILSVRC2012_val_00043754.JPEG ===
2025-09-05 14:49:51,461 - INFO - Example /home/projects/bagon/shared/imagenet512/val/n02981792/ILSVRC2012_val_00043754.JPEG reached epsilon at step 196, loss sum: 18.9980, final loss: 0.00099097, weight distance: 2.5086
2025-09-05 14:49:51,467 - INFO - Example 1235 completed: 196 steps, loss sum: 18.9980, final loss: 0.00099097, weight distance: 2.5086 (universal rank: 44321)
2025-09-05 14:49:51,468 - INFO - 
=== Training Example 1236/1500: /home/projects/bagon/shared/imagenet512/val/n13133613/ILSVRC2012_val_00012688.JPEG ===
2025-09-05 14:49:59,964 - INFO - Example /home/projects/bagon/shared/imagenet512/val/n13133613/ILSVRC2012_val_00012688.JPEG reached epsilon at step 252, loss sum: 18.7947, final loss: 0.00099836, weight distance: 1.9589
2025-09-05 14:49:59,970 - INFO - Example 1236 completed: 252 steps, loss sum: 18.7947, final loss: 0.00099836, weight distance: 1.9589 (universal rank: 44326)
2025-09-05 14:49:59,970 - INFO - 
=== Training Example 1237/1500: /home/projects/bagon/shared/imagenet512/val/n03956157/ILSVRC2012_val_00042681.JPEG ===
2025-09-05 14:50:07,441 - INFO - Example /home/projects/bagon/shared/imagenet512/val/n03956157/ILSVRC2012_val_00042681.JPEG reached epsilon at step 220, loss sum: 18.6617, final loss: 0.00099574, weight distance: 3.1847
2025-09-05 14:50:07,447 - INFO - Example 1237 completed: 220 steps, loss sum: 18.6617, final loss: 0.00099574, weight distance: 3.1847 (universal rank: 44329)
2025-09-05 14:50:07,447 - INFO - 
=== Training Example 1238/1500: /home/projects/bagon/shared/imagenet512/val/n03000247/ILSVRC2012_val_00015584.JPEG ===
2025-09-05 14:50:15,153 - INFO - Example /home/projects/bagon/shared/imagenet512/val/n03000247/ILSVRC2012_val_00015584.JPEG reached epsilon at step 229, loss sum: 27.7156, final loss: 0.00099657, weight distance: 2.0571
2025-09-05 14:50:15,158 - INFO - Example 1238 completed: 229 steps, loss sum: 27.7156, final loss: 0.00099657, weight distance: 2.0571 (universal rank: 44330)
2025-09-05 14:50:15,159 - INFO - 
=== Training Example 1239/1500: /home/projects/bagon/shared/imagenet512/val/n02708093/ILSVRC2012_val_00015871.JPEG ===
2025-09-05 14:50:23,737 - INFO - Example /home/projects/bagon/shared/imagenet512/val/n02708093/ILSVRC2012_val_00015871.JPEG reached epsilon at step 255, loss sum: 17.1035, final loss: 0.00099979, weight distance: 2.1376
2025-09-05 14:50:23,744 - INFO - Example 1239 completed: 255 steps, loss sum: 17.1035, final loss: 0.00099979, weight distance: 2.1376 (universal rank: 44335)
2025-09-05 14:50:23,745 - INFO - 
=== Training Example 1240/1500: /home/projects/bagon/shared/imagenet512/val/n04026417/ILSVRC2012_val_00004461.JPEG ===
2025-09-05 14:50:31,171 - INFO - Example /home/projects/bagon/shared/imagenet512/val/n04026417/ILSVRC2012_val_00004461.JPEG reached epsilon at step 221, loss sum: 22.4794, final loss: 0.00099574, weight distance: 3.4026
2025-09-05 14:50:31,177 - INFO - Example 1240 completed: 221 steps, loss sum: 22.4794, final loss: 0.00099574, weight distance: 3.4026 (universal rank: 44345)
2025-09-05 14:50:31,177 - INFO - 
=== Training Example 1241/1500: /home/projects/bagon/shared/imagenet512/val/n03876231/ILSVRC2012_val_00018290.JPEG ===
2025-09-05 14:50:38,232 - INFO - Example /home/projects/bagon/shared/imagenet512/val/n03876231/ILSVRC2012_val_00018290.JPEG reached epsilon at step 209, loss sum: 17.2721, final loss: 0.00099967, weight distance: 3.2472
2025-09-05 14:50:38,238 - INFO - Example 1241 completed: 209 steps, loss sum: 17.2721, final loss: 0.00099967, weight distance: 3.2472 (universal rank: 44354)
2025-09-05 14:50:38,238 - INFO - 
=== Training Example 1242/1500: /home/projects/bagon/shared/imagenet512/val/n04118538/ILSVRC2012_val_00008802.JPEG ===
2025-09-05 14:50:44,001 - INFO - Example /home/projects/bagon/shared/imagenet512/val/n04118538/ILSVRC2012_val_00008802.JPEG reached epsilon at step 171, loss sum: 32.4393, final loss: 0.00099871, weight distance: 4.8812
2025-09-05 14:50:44,006 - INFO - Example 1242 completed: 171 steps, loss sum: 32.4393, final loss: 0.00099871, weight distance: 4.8812 (universal rank: 44355)
2025-09-05 14:50:44,006 - INFO - 
=== Training Example 1243/1500: /home/projects/bagon/shared/imagenet512/val/n02640242/ILSVRC2012_val_00001669.JPEG ===
2025-09-05 14:50:54,675 - INFO - Example /home/projects/bagon/shared/imagenet512/val/n02640242/ILSVRC2012_val_00001669.JPEG reached epsilon at step 317, loss sum: 19.5561, final loss: 0.00099740, weight distance: 3.6477
2025-09-05 14:50:54,681 - INFO - Example 1243 completed: 317 steps, loss sum: 19.5561, final loss: 0.00099740, weight distance: 3.6477 (universal rank: 44357)
2025-09-05 14:50:54,681 - INFO - 
=== Training Example 1244/1500: /home/projects/bagon/shared/imagenet512/val/n02089973/ILSVRC2012_val_00020403.JPEG ===
2025-09-05 14:51:02,208 - INFO - Example /home/projects/bagon/shared/imagenet512/val/n02089973/ILSVRC2012_val_00020403.JPEG reached epsilon at step 223, loss sum: 28.9046, final loss: 0.00099955, weight distance: 2.3726
2025-09-05 14:51:02,214 - INFO - Example 1244 completed: 223 steps, loss sum: 28.9046, final loss: 0.00099955, weight distance: 2.3726 (universal rank: 44363)
2025-09-05 14:51:02,214 - INFO - 
=== Training Example 1245/1500: /home/projects/bagon/shared/imagenet512/val/n04525038/ILSVRC2012_val_00013636.JPEG ===
2025-09-05 14:51:06,517 - INFO - Example /home/projects/bagon/shared/imagenet512/val/n04525038/ILSVRC2012_val_00013636.JPEG reached epsilon at step 127, loss sum: 9.9442, final loss: 0.00099764, weight distance: 4.0493
2025-09-05 14:51:06,522 - INFO - Example 1245 completed: 127 steps, loss sum: 9.9442, final loss: 0.00099764, weight distance: 4.0493 (universal rank: 44369)
2025-09-05 14:51:06,522 - INFO - 
=== Training Example 1246/1500: /home/projects/bagon/shared/imagenet512/val/n01688243/ILSVRC2012_val_00046517.JPEG ===
2025-09-05 14:51:17,816 - INFO - Example /home/projects/bagon/shared/imagenet512/val/n01688243/ILSVRC2012_val_00046517.JPEG reached epsilon at step 337, loss sum: 39.4724, final loss: 0.00099812, weight distance: 3.4276
2025-09-05 14:51:17,822 - INFO - Example 1246 completed: 337 steps, loss sum: 39.4724, final loss: 0.00099812, weight distance: 3.4276 (universal rank: 44378)
2025-09-05 14:51:17,822 - INFO - 
=== Training Example 1247/1500: /home/projects/bagon/shared/imagenet512/val/n04026417/ILSVRC2012_val_00018572.JPEG ===
2025-09-05 14:51:26,533 - INFO - Example /home/projects/bagon/shared/imagenet512/val/n04026417/ILSVRC2012_val_00018572.JPEG reached epsilon at step 260, loss sum: 20.7463, final loss: 0.00099705, weight distance: 3.5200
2025-09-05 14:51:26,541 - INFO - Example 1247 completed: 260 steps, loss sum: 20.7463, final loss: 0.00099705, weight distance: 3.5200 (universal rank: 44381)
2025-09-05 14:51:26,541 - INFO - 
=== Training Example 1248/1500: /home/projects/bagon/shared/imagenet512/val/n01883070/ILSVRC2012_val_00046059.JPEG ===
2025-09-05 14:51:33,801 - INFO - Example /home/projects/bagon/shared/imagenet512/val/n01883070/ILSVRC2012_val_00046059.JPEG reached epsilon at step 216, loss sum: 24.5323, final loss: 0.00099597, weight distance: 3.9537
2025-09-05 14:51:33,807 - INFO - Example 1248 completed: 216 steps, loss sum: 24.5323, final loss: 0.00099597, weight distance: 3.9537 (universal rank: 44391)
2025-09-05 14:51:33,807 - INFO - 
=== Training Example 1249/1500: /home/projects/bagon/shared/imagenet512/val/n02056570/ILSVRC2012_val_00042878.JPEG ===
2025-09-05 14:51:42,515 - INFO - Example /home/projects/bagon/shared/imagenet512/val/n02056570/ILSVRC2012_val_00042878.JPEG reached epsilon at step 259, loss sum: 23.2682, final loss: 0.00099931, weight distance: 2.5405
2025-09-05 14:51:42,520 - INFO - Example 1249 completed: 259 steps, loss sum: 23.2682, final loss: 0.00099931, weight distance: 2.5405 (universal rank: 44393)
2025-09-05 14:51:42,520 - INFO - 
=== Training Example 1250/1500: /home/projects/bagon/shared/imagenet512/val/n03018349/ILSVRC2012_val_00007692.JPEG ===
2025-09-05 14:51:54,076 - INFO - Example /home/projects/bagon/shared/imagenet512/val/n03018349/ILSVRC2012_val_00007692.JPEG reached epsilon at step 342, loss sum: 41.7896, final loss: 0.00099990, weight distance: 4.4267
2025-09-05 14:51:54,083 - INFO - Example 1250 completed: 342 steps, loss sum: 41.7896, final loss: 0.00099990, weight distance: 4.4267 (universal rank: 44416)
2025-09-05 14:51:54,083 - INFO - 
=== Training Example 1251/1500: /home/projects/bagon/shared/imagenet512/val/n04597913/ILSVRC2012_val_00004899.JPEG ===
2025-09-05 14:51:59,639 - INFO - Example /home/projects/bagon/shared/imagenet512/val/n04597913/ILSVRC2012_val_00004899.JPEG reached epsilon at step 163, loss sum: 33.6996, final loss: 0.00099859, weight distance: 4.3700
2025-09-05 14:51:59,644 - INFO - Example 1251 completed: 163 steps, loss sum: 33.6996, final loss: 0.00099859, weight distance: 4.3700 (universal rank: 44419)
2025-09-05 14:51:59,644 - INFO - 
=== Training Example 1252/1500: /home/projects/bagon/shared/imagenet512/val/n02100236/ILSVRC2012_val_00009453.JPEG ===
2025-09-05 14:52:05,404 - INFO - Example /home/projects/bagon/shared/imagenet512/val/n02100236/ILSVRC2012_val_00009453.JPEG reached epsilon at step 170, loss sum: 20.7696, final loss: 0.00099919, weight distance: 2.1633
2025-09-05 14:52:05,409 - INFO - Example 1252 completed: 170 steps, loss sum: 20.7696, final loss: 0.00099919, weight distance: 2.1633 (universal rank: 44423)
2025-09-05 14:52:05,409 - INFO - 
=== Training Example 1253/1500: /home/projects/bagon/shared/imagenet512/val/n02441942/ILSVRC2012_val_00042140.JPEG ===
2025-09-05 14:52:17,049 - INFO - Example /home/projects/bagon/shared/imagenet512/val/n02441942/ILSVRC2012_val_00042140.JPEG reached epsilon at step 347, loss sum: 29.0936, final loss: 0.00099776, weight distance: 2.2573
2025-09-05 14:52:17,056 - INFO - Example 1253 completed: 347 steps, loss sum: 29.0936, final loss: 0.00099776, weight distance: 2.2573 (universal rank: 44436)
2025-09-05 14:52:17,056 - INFO - 
=== Training Example 1254/1500: /home/projects/bagon/shared/imagenet512/val/n04265275/ILSVRC2012_val_00031079.JPEG ===
2025-09-05 14:52:21,564 - INFO - Example /home/projects/bagon/shared/imagenet512/val/n04265275/ILSVRC2012_val_00031079.JPEG reached epsilon at step 133, loss sum: 22.5619, final loss: 0.00099859, weight distance: 3.6976
2025-09-05 14:52:21,569 - INFO - Example 1254 completed: 133 steps, loss sum: 22.5619, final loss: 0.00099859, weight distance: 3.6976 (universal rank: 44447)
2025-09-05 14:52:21,569 - INFO - 
=== Training Example 1255/1500: /home/projects/bagon/shared/imagenet512/val/n04376876/ILSVRC2012_val_00021049.JPEG ===
2025-09-05 14:52:30,184 - INFO - Example /home/projects/bagon/shared/imagenet512/val/n04376876/ILSVRC2012_val_00021049.JPEG reached epsilon at step 258, loss sum: 29.8776, final loss: 0.00099717, weight distance: 5.1155
2025-09-05 14:52:30,191 - INFO - Example 1255 completed: 258 steps, loss sum: 29.8776, final loss: 0.00099717, weight distance: 5.1155 (universal rank: 44452)
2025-09-05 14:52:30,192 - INFO - 
=== Training Example 1256/1500: /home/projects/bagon/shared/imagenet512/val/n02939185/ILSVRC2012_val_00036084.JPEG ===
2025-09-05 14:52:31,011 - INFO - Example /home/projects/bagon/shared/imagenet512/val/n02939185/ILSVRC2012_val_00036084.JPEG reached epsilon at step 22, loss sum: 16.8016, final loss: 0.00099157, weight distance: 4.3558
2025-09-05 14:52:31,016 - INFO - Example 1256 completed: 22 steps, loss sum: 16.8016, final loss: 0.00099157, weight distance: 4.3558 (universal rank: 44453)
2025-09-05 14:52:31,017 - INFO - 
=== Training Example 1257/1500: /home/projects/bagon/shared/imagenet512/val/n02974003/ILSVRC2012_val_00000085.JPEG ===
2025-09-05 14:52:37,899 - INFO - Example /home/projects/bagon/shared/imagenet512/val/n02974003/ILSVRC2012_val_00000085.JPEG reached epsilon at step 205, loss sum: 21.4950, final loss: 0.00099812, weight distance: 2.5129
2025-09-05 14:52:37,905 - INFO - Example 1257 completed: 205 steps, loss sum: 21.4950, final loss: 0.00099812, weight distance: 2.5129 (universal rank: 44454)
2025-09-05 14:52:37,905 - INFO - 
=== Training Example 1258/1500: /home/projects/bagon/shared/imagenet512/val/n03291819/ILSVRC2012_val_00034999.JPEG ===
2025-09-05 14:52:47,617 - INFO - Example /home/projects/bagon/shared/imagenet512/val/n03291819/ILSVRC2012_val_00034999.JPEG reached epsilon at step 290, loss sum: 37.1490, final loss: 0.00099848, weight distance: 3.7692
2025-09-05 14:52:47,622 - INFO - Example 1258 completed: 290 steps, loss sum: 37.1490, final loss: 0.00099848, weight distance: 3.7692 (universal rank: 44456)
2025-09-05 14:52:47,622 - INFO - 
=== Training Example 1259/1500: /home/projects/bagon/shared/imagenet512/val/n02825657/ILSVRC2012_val_00022959.JPEG ===
2025-09-05 14:52:55,511 - INFO - Example /home/projects/bagon/shared/imagenet512/val/n02825657/ILSVRC2012_val_00022959.JPEG reached epsilon at step 235, loss sum: 18.2091, final loss: 0.00099740, weight distance: 2.2897
2025-09-05 14:52:55,517 - INFO - Example 1259 completed: 235 steps, loss sum: 18.2091, final loss: 0.00099740, weight distance: 2.2897 (universal rank: 44466)
2025-09-05 14:52:55,517 - INFO - 
=== Training Example 1260/1500: /home/projects/bagon/shared/imagenet512/val/n04263257/ILSVRC2012_val_00034989.JPEG ===
2025-09-05 14:53:04,941 - INFO - Example /home/projects/bagon/shared/imagenet512/val/n04263257/ILSVRC2012_val_00034989.JPEG reached epsilon at step 281, loss sum: 36.5863, final loss: 0.00099955, weight distance: 4.0223
2025-09-05 14:53:04,946 - INFO - Example 1260 completed: 281 steps, loss sum: 36.5863, final loss: 0.00099955, weight distance: 4.0223 (universal rank: 44470)
2025-09-05 14:53:04,946 - INFO - 
=== Training Example 1261/1500: /home/projects/bagon/shared/imagenet512/val/n02412080/ILSVRC2012_val_00022981.JPEG ===
2025-09-05 14:53:11,478 - INFO - Example /home/projects/bagon/shared/imagenet512/val/n02412080/ILSVRC2012_val_00022981.JPEG reached epsilon at step 194, loss sum: 19.7487, final loss: 0.00099514, weight distance: 1.7764
2025-09-05 14:53:11,483 - INFO - Example 1261 completed: 194 steps, loss sum: 19.7487, final loss: 0.00099514, weight distance: 1.7764 (universal rank: 44471)
2025-09-05 14:53:11,483 - INFO - 
=== Training Example 1262/1500: /home/projects/bagon/shared/imagenet512/val/n02174001/ILSVRC2012_val_00023013.JPEG ===
2025-09-05 14:53:20,506 - INFO - Example /home/projects/bagon/shared/imagenet512/val/n02174001/ILSVRC2012_val_00023013.JPEG reached epsilon at step 270, loss sum: 22.8763, final loss: 0.00099919, weight distance: 2.8100
2025-09-05 14:53:20,512 - INFO - Example 1262 completed: 270 steps, loss sum: 22.8763, final loss: 0.00099919, weight distance: 2.8100 (universal rank: 44473)
2025-09-05 14:53:20,512 - INFO - 
=== Training Example 1263/1500: /home/projects/bagon/shared/imagenet512/val/n03476684/ILSVRC2012_val_00005666.JPEG ===
2025-09-05 14:53:25,291 - INFO - Example /home/projects/bagon/shared/imagenet512/val/n03476684/ILSVRC2012_val_00005666.JPEG reached epsilon at step 142, loss sum: 21.9204, final loss: 0.00099002, weight distance: 3.1353
2025-09-05 14:53:25,296 - INFO - Example 1263 completed: 142 steps, loss sum: 21.9204, final loss: 0.00099002, weight distance: 3.1353 (universal rank: 44482)
2025-09-05 14:53:25,296 - INFO - 
=== Training Example 1264/1500: /home/projects/bagon/shared/imagenet512/val/n02113712/ILSVRC2012_val_00027109.JPEG ===
2025-09-05 14:53:34,623 - INFO - Example /home/projects/bagon/shared/imagenet512/val/n02113712/ILSVRC2012_val_00027109.JPEG reached epsilon at step 279, loss sum: 25.6447, final loss: 0.00099728, weight distance: 2.8039
2025-09-05 14:53:34,630 - INFO - Example 1264 completed: 279 steps, loss sum: 25.6447, final loss: 0.00099728, weight distance: 2.8039 (universal rank: 44489)
2025-09-05 14:53:34,630 - INFO - 
=== Training Example 1265/1500: /home/projects/bagon/shared/imagenet512/val/n13133613/ILSVRC2012_val_00043235.JPEG ===
2025-09-05 14:53:41,501 - INFO - Example /home/projects/bagon/shared/imagenet512/val/n13133613/ILSVRC2012_val_00043235.JPEG reached epsilon at step 205, loss sum: 32.7275, final loss: 0.00099538, weight distance: 1.8129
2025-09-05 14:53:41,508 - INFO - Example 1265 completed: 205 steps, loss sum: 32.7275, final loss: 0.00099538, weight distance: 1.8129 (universal rank: 44506)
2025-09-05 14:53:41,508 - INFO - 
=== Training Example 1266/1500: /home/projects/bagon/shared/imagenet512/val/n04370456/ILSVRC2012_val_00027003.JPEG ===
2025-09-05 14:53:48,752 - INFO - Example /home/projects/bagon/shared/imagenet512/val/n04370456/ILSVRC2012_val_00027003.JPEG reached epsilon at step 216, loss sum: 17.4800, final loss: 0.00099562, weight distance: 2.5013
2025-09-05 14:53:48,758 - INFO - Example 1266 completed: 216 steps, loss sum: 17.4800, final loss: 0.00099562, weight distance: 2.5013 (universal rank: 44508)
2025-09-05 14:53:48,758 - INFO - 
=== Training Example 1267/1500: /home/projects/bagon/shared/imagenet512/val/n03891251/ILSVRC2012_val_00005510.JPEG ===
2025-09-05 14:53:55,441 - INFO - Example /home/projects/bagon/shared/imagenet512/val/n03891251/ILSVRC2012_val_00005510.JPEG reached epsilon at step 196, loss sum: 16.4678, final loss: 0.00099788, weight distance: 1.5276
2025-09-05 14:53:55,446 - INFO - Example 1267 completed: 196 steps, loss sum: 16.4678, final loss: 0.00099788, weight distance: 1.5276 (universal rank: 44512)
2025-09-05 14:53:55,446 - INFO - 
=== Training Example 1268/1500: /home/projects/bagon/shared/imagenet512/val/n02951585/ILSVRC2012_val_00020234.JPEG ===
2025-09-05 14:54:10,216 - INFO - Example /home/projects/bagon/shared/imagenet512/val/n02951585/ILSVRC2012_val_00020234.JPEG reached epsilon at step 442, loss sum: 47.1055, final loss: 0.00099848, weight distance: 3.1932
2025-09-05 14:54:10,222 - INFO - Example 1268 completed: 442 steps, loss sum: 47.1055, final loss: 0.00099848, weight distance: 3.1932 (universal rank: 44524)
2025-09-05 14:54:10,222 - INFO - 
=== Training Example 1269/1500: /home/projects/bagon/shared/imagenet512/val/n04200800/ILSVRC2012_val_00049450.JPEG ===
2025-09-05 14:54:17,968 - INFO - Example /home/projects/bagon/shared/imagenet512/val/n04200800/ILSVRC2012_val_00049450.JPEG reached epsilon at step 231, loss sum: 21.3751, final loss: 0.00099657, weight distance: 2.4438
2025-09-05 14:54:17,974 - INFO - Example 1269 completed: 231 steps, loss sum: 21.3751, final loss: 0.00099657, weight distance: 2.4438 (universal rank: 44529)
2025-09-05 14:54:17,974 - INFO - 
=== Training Example 1270/1500: /home/projects/bagon/shared/imagenet512/val/n04596742/ILSVRC2012_val_00023337.JPEG ===
2025-09-05 14:54:22,888 - INFO - Example /home/projects/bagon/shared/imagenet512/val/n04596742/ILSVRC2012_val_00023337.JPEG reached epsilon at step 147, loss sum: 17.9166, final loss: 0.00098669, weight distance: 3.5736
2025-09-05 14:54:22,893 - INFO - Example 1270 completed: 147 steps, loss sum: 17.9166, final loss: 0.00098669, weight distance: 3.5736 (universal rank: 44530)
2025-09-05 14:54:22,893 - INFO - 
=== Training Example 1271/1500: /home/projects/bagon/shared/imagenet512/val/n07920052/ILSVRC2012_val_00034109.JPEG ===
2025-09-05 14:54:32,082 - INFO - Example /home/projects/bagon/shared/imagenet512/val/n07920052/ILSVRC2012_val_00034109.JPEG reached epsilon at step 277, loss sum: 31.7974, final loss: 0.00099764, weight distance: 2.9569
2025-09-05 14:54:32,087 - INFO - Example 1271 completed: 277 steps, loss sum: 31.7974, final loss: 0.00099764, weight distance: 2.9569 (universal rank: 44532)
2025-09-05 14:54:32,087 - INFO - 
=== Training Example 1272/1500: /home/projects/bagon/shared/imagenet512/val/n03902125/ILSVRC2012_val_00011239.JPEG ===
2025-09-05 14:54:39,137 - INFO - Example /home/projects/bagon/shared/imagenet512/val/n03902125/ILSVRC2012_val_00011239.JPEG reached epsilon at step 205, loss sum: 31.3363, final loss: 0.00099919, weight distance: 4.6204
2025-09-05 14:54:39,142 - INFO - Example 1272 completed: 205 steps, loss sum: 31.3363, final loss: 0.00099919, weight distance: 4.6204 (universal rank: 44537)
2025-09-05 14:54:39,143 - INFO - 
=== Training Example 1273/1500: /home/projects/bagon/shared/imagenet512/val/n02948072/ILSVRC2012_val_00025186.JPEG ===
2025-09-05 14:54:45,659 - INFO - Example /home/projects/bagon/shared/imagenet512/val/n02948072/ILSVRC2012_val_00025186.JPEG reached epsilon at step 193, loss sum: 16.8830, final loss: 0.00099681, weight distance: 2.6944
2025-09-05 14:54:45,664 - INFO - Example 1273 completed: 193 steps, loss sum: 16.8830, final loss: 0.00099681, weight distance: 2.6944 (universal rank: 44541)
2025-09-05 14:54:45,665 - INFO - 
=== Training Example 1274/1500: /home/projects/bagon/shared/imagenet512/val/n04033901/ILSVRC2012_val_00034017.JPEG ===
2025-09-05 14:54:53,930 - INFO - Example /home/projects/bagon/shared/imagenet512/val/n04033901/ILSVRC2012_val_00034017.JPEG reached epsilon at step 244, loss sum: 19.2357, final loss: 0.00099574, weight distance: 2.1198
2025-09-05 14:54:53,935 - INFO - Example 1274 completed: 244 steps, loss sum: 19.2357, final loss: 0.00099574, weight distance: 2.1198 (universal rank: 44549)
2025-09-05 14:54:53,936 - INFO - 
=== Training Example 1275/1500: /home/projects/bagon/shared/imagenet512/val/n03692522/ILSVRC2012_val_00007089.JPEG ===
2025-09-05 14:55:01,502 - INFO - Example /home/projects/bagon/shared/imagenet512/val/n03692522/ILSVRC2012_val_00007089.JPEG reached epsilon at step 224, loss sum: 30.4438, final loss: 0.00099669, weight distance: 3.2318
2025-09-05 14:55:01,508 - INFO - Example 1275 completed: 224 steps, loss sum: 30.4438, final loss: 0.00099669, weight distance: 3.2318 (universal rank: 44552)
2025-09-05 14:55:01,508 - INFO - 
=== Training Example 1276/1500: /home/projects/bagon/shared/imagenet512/val/n03291819/ILSVRC2012_val_00007215.JPEG ===
2025-09-05 14:55:10,017 - INFO - Example /home/projects/bagon/shared/imagenet512/val/n03291819/ILSVRC2012_val_00007215.JPEG reached epsilon at step 251, loss sum: 14.1837, final loss: 0.00099526, weight distance: 2.8282
2025-09-05 14:55:10,022 - INFO - Example 1276 completed: 251 steps, loss sum: 14.1837, final loss: 0.00099526, weight distance: 2.8282 (universal rank: 44555)
2025-09-05 14:55:10,023 - INFO - 
=== Training Example 1277/1500: /home/projects/bagon/shared/imagenet512/val/n03637318/ILSVRC2012_val_00007656.JPEG ===
2025-09-05 14:55:18,871 - INFO - Example /home/projects/bagon/shared/imagenet512/val/n03637318/ILSVRC2012_val_00007656.JPEG reached epsilon at step 263, loss sum: 18.4181, final loss: 0.00099812, weight distance: 4.3415
2025-09-05 14:55:18,876 - INFO - Example 1277 completed: 263 steps, loss sum: 18.4181, final loss: 0.00099812, weight distance: 4.3415 (universal rank: 44564)
2025-09-05 14:55:18,877 - INFO - 
=== Training Example 1278/1500: /home/projects/bagon/shared/imagenet512/val/n03899768/ILSVRC2012_val_00015672.JPEG ===
2025-09-05 14:55:27,347 - INFO - Example /home/projects/bagon/shared/imagenet512/val/n03899768/ILSVRC2012_val_00015672.JPEG reached epsilon at step 254, loss sum: 24.3345, final loss: 0.00099955, weight distance: 2.9982
2025-09-05 14:55:27,353 - INFO - Example 1278 completed: 254 steps, loss sum: 24.3345, final loss: 0.00099955, weight distance: 2.9982 (universal rank: 44567)
2025-09-05 14:55:27,353 - INFO - 
=== Training Example 1279/1500: /home/projects/bagon/shared/imagenet512/val/n04493381/ILSVRC2012_val_00048028.JPEG ===
2025-09-05 14:55:38,170 - INFO - Example /home/projects/bagon/shared/imagenet512/val/n04493381/ILSVRC2012_val_00048028.JPEG reached epsilon at step 324, loss sum: 49.5467, final loss: 0.00099824, weight distance: 2.1578
2025-09-05 14:55:38,175 - INFO - Example 1279 completed: 324 steps, loss sum: 49.5467, final loss: 0.00099824, weight distance: 2.1578 (universal rank: 44574)
2025-09-05 14:55:38,175 - INFO - 
=== Training Example 1280/1500: /home/projects/bagon/shared/imagenet512/val/n02974003/ILSVRC2012_val_00019701.JPEG ===
2025-09-05 14:55:39,933 - INFO - Example /home/projects/bagon/shared/imagenet512/val/n02974003/ILSVRC2012_val_00019701.JPEG reached epsilon at step 50, loss sum: 10.6424, final loss: 0.00098823, weight distance: 1.9266
2025-09-05 14:55:39,939 - INFO - Example 1280 completed: 50 steps, loss sum: 10.6424, final loss: 0.00098823, weight distance: 1.9266 (universal rank: 44583)
2025-09-05 14:55:39,939 - INFO - 
=== Training Example 1281/1500: /home/projects/bagon/shared/imagenet512/val/n02974003/ILSVRC2012_val_00040366.JPEG ===
2025-09-05 14:55:51,988 - INFO - Example /home/projects/bagon/shared/imagenet512/val/n02974003/ILSVRC2012_val_00040366.JPEG reached epsilon at step 362, loss sum: 48.6910, final loss: 0.00099895, weight distance: 2.8082
2025-09-05 14:55:51,995 - INFO - Example 1281 completed: 362 steps, loss sum: 48.6910, final loss: 0.00099895, weight distance: 2.8082 (universal rank: 44594)
2025-09-05 14:55:51,995 - INFO - 
=== Training Example 1282/1500: /home/projects/bagon/shared/imagenet512/val/n03792782/ILSVRC2012_val_00018015.JPEG ===
2025-09-05 14:55:54,596 - INFO - Example /home/projects/bagon/shared/imagenet512/val/n03792782/ILSVRC2012_val_00018015.JPEG reached epsilon at step 76, loss sum: 38.0973, final loss: 0.00099859, weight distance: 2.6762
2025-09-05 14:55:54,601 - INFO - Example 1282 completed: 76 steps, loss sum: 38.0973, final loss: 0.00099859, weight distance: 2.6762 (universal rank: 44595)
2025-09-05 14:55:54,601 - INFO - 
=== Training Example 1283/1500: /home/projects/bagon/shared/imagenet512/val/n03000134/ILSVRC2012_val_00046648.JPEG ===
2025-09-05 14:56:02,983 - INFO - Example /home/projects/bagon/shared/imagenet512/val/n03000134/ILSVRC2012_val_00046648.JPEG reached epsilon at step 251, loss sum: 45.1936, final loss: 0.00099907, weight distance: 3.1391
2025-09-05 14:56:02,988 - INFO - Example 1283 completed: 251 steps, loss sum: 45.1936, final loss: 0.00099907, weight distance: 3.1391 (universal rank: 44600)
2025-09-05 14:56:02,988 - INFO - 
=== Training Example 1284/1500: /home/projects/bagon/shared/imagenet512/val/n04330267/ILSVRC2012_val_00027327.JPEG ===
2025-09-05 14:56:09,344 - INFO - Example /home/projects/bagon/shared/imagenet512/val/n04330267/ILSVRC2012_val_00027327.JPEG reached epsilon at step 190, loss sum: 16.5458, final loss: 0.00099764, weight distance: 2.6321
2025-09-05 14:56:09,350 - INFO - Example 1284 completed: 190 steps, loss sum: 16.5458, final loss: 0.00099764, weight distance: 2.6321 (universal rank: 44601)
2025-09-05 14:56:09,351 - INFO - 
=== Training Example 1285/1500: /home/projects/bagon/shared/imagenet512/val/n02795169/ILSVRC2012_val_00031245.JPEG ===
2025-09-05 14:56:14,784 - INFO - Example /home/projects/bagon/shared/imagenet512/val/n02795169/ILSVRC2012_val_00031245.JPEG reached epsilon at step 161, loss sum: 11.3739, final loss: 0.00099455, weight distance: 1.2910
2025-09-05 14:56:14,789 - INFO - Example 1285 completed: 161 steps, loss sum: 11.3739, final loss: 0.00099455, weight distance: 1.2910 (universal rank: 44607)
2025-09-05 14:56:14,790 - INFO - 
=== Training Example 1286/1500: /home/projects/bagon/shared/imagenet512/val/n01749939/ILSVRC2012_val_00046224.JPEG ===
2025-09-05 14:56:27,786 - INFO - Example /home/projects/bagon/shared/imagenet512/val/n01749939/ILSVRC2012_val_00046224.JPEG reached epsilon at step 389, loss sum: 46.2072, final loss: 0.00099538, weight distance: 1.6042
2025-09-05 14:56:27,792 - INFO - Example 1286 completed: 389 steps, loss sum: 46.2072, final loss: 0.00099538, weight distance: 1.6042 (universal rank: 44608)
2025-09-05 14:56:27,792 - INFO - 
=== Training Example 1287/1500: /home/projects/bagon/shared/imagenet512/val/n03337140/ILSVRC2012_val_00042663.JPEG ===
2025-09-05 14:56:36,859 - INFO - Example /home/projects/bagon/shared/imagenet512/val/n03337140/ILSVRC2012_val_00042663.JPEG reached epsilon at step 271, loss sum: 17.4615, final loss: 0.00099955, weight distance: 2.6557
2025-09-05 14:56:36,864 - INFO - Example 1287 completed: 271 steps, loss sum: 17.4615, final loss: 0.00099955, weight distance: 2.6557 (universal rank: 44609)
2025-09-05 14:56:36,865 - INFO - 
=== Training Example 1288/1500: /home/projects/bagon/shared/imagenet512/val/n02950826/ILSVRC2012_val_00005016.JPEG ===
2025-09-05 14:56:42,319 - INFO - Example /home/projects/bagon/shared/imagenet512/val/n02950826/ILSVRC2012_val_00005016.JPEG reached epsilon at step 161, loss sum: 18.2390, final loss: 0.00099526, weight distance: 3.8952
2025-09-05 14:56:42,326 - INFO - Example 1288 completed: 161 steps, loss sum: 18.2390, final loss: 0.00099526, weight distance: 3.8952 (universal rank: 44612)
2025-09-05 14:56:42,326 - INFO - 
=== Training Example 1289/1500: /home/projects/bagon/shared/imagenet512/val/n01735189/ILSVRC2012_val_00023442.JPEG ===
2025-09-05 14:56:51,415 - INFO - Example /home/projects/bagon/shared/imagenet512/val/n01735189/ILSVRC2012_val_00023442.JPEG reached epsilon at step 269, loss sum: 37.2031, final loss: 0.00099871, weight distance: 3.6053
2025-09-05 14:56:51,420 - INFO - Example 1289 completed: 269 steps, loss sum: 37.2031, final loss: 0.00099871, weight distance: 3.6053 (universal rank: 44623)
2025-09-05 14:56:51,420 - INFO - 
=== Training Example 1290/1500: /home/projects/bagon/shared/imagenet512/val/n04370456/ILSVRC2012_val_00025992.JPEG ===
2025-09-05 14:56:58,596 - INFO - Example /home/projects/bagon/shared/imagenet512/val/n04370456/ILSVRC2012_val_00025992.JPEG reached epsilon at step 213, loss sum: 19.1587, final loss: 0.00099848, weight distance: 2.4055
2025-09-05 14:56:58,601 - INFO - Example 1290 completed: 213 steps, loss sum: 19.1587, final loss: 0.00099848, weight distance: 2.4055 (universal rank: 44627)
2025-09-05 14:56:58,601 - INFO - 
=== Training Example 1291/1500: /home/projects/bagon/shared/imagenet512/val/n02119789/ILSVRC2012_val_00042460.JPEG ===
2025-09-05 14:57:12,066 - INFO - Example /home/projects/bagon/shared/imagenet512/val/n02119789/ILSVRC2012_val_00042460.JPEG reached epsilon at step 403, loss sum: 47.5945, final loss: 0.00099943, weight distance: 4.5089
2025-09-05 14:57:12,071 - INFO - Example 1291 completed: 403 steps, loss sum: 47.5945, final loss: 0.00099943, weight distance: 4.5089 (universal rank: 44638)
2025-09-05 14:57:12,071 - INFO - 
=== Training Example 1292/1500: /home/projects/bagon/shared/imagenet512/val/n04254120/ILSVRC2012_val_00034006.JPEG ===
2025-09-05 14:57:22,895 - INFO - Example /home/projects/bagon/shared/imagenet512/val/n04254120/ILSVRC2012_val_00034006.JPEG reached epsilon at step 324, loss sum: 26.3579, final loss: 0.00099979, weight distance: 2.8783
2025-09-05 14:57:22,901 - INFO - Example 1292 completed: 324 steps, loss sum: 26.3579, final loss: 0.00099979, weight distance: 2.8783 (universal rank: 44642)
2025-09-05 14:57:22,901 - INFO - 
=== Training Example 1293/1500: /home/projects/bagon/shared/imagenet512/val/n07693725/ILSVRC2012_val_00004675.JPEG ===
2025-09-05 14:57:32,961 - INFO - Example /home/projects/bagon/shared/imagenet512/val/n07693725/ILSVRC2012_val_00004675.JPEG reached epsilon at step 301, loss sum: 42.5490, final loss: 0.00099776, weight distance: 5.4189
2025-09-05 14:57:32,967 - INFO - Example 1293 completed: 301 steps, loss sum: 42.5490, final loss: 0.00099776, weight distance: 5.4189 (universal rank: 44646)
2025-09-05 14:57:32,967 - INFO - 
=== Training Example 1294/1500: /home/projects/bagon/shared/imagenet512/val/n04443257/ILSVRC2012_val_00000561.JPEG ===
2025-09-05 14:57:41,979 - INFO - Example /home/projects/bagon/shared/imagenet512/val/n04443257/ILSVRC2012_val_00000561.JPEG reached epsilon at step 269, loss sum: 25.1577, final loss: 0.00099728, weight distance: 3.8348
2025-09-05 14:57:41,984 - INFO - Example 1294 completed: 269 steps, loss sum: 25.1577, final loss: 0.00099728, weight distance: 3.8348 (universal rank: 44659)
2025-09-05 14:57:41,985 - INFO - 
=== Training Example 1295/1500: /home/projects/bagon/shared/imagenet512/val/n04476259/ILSVRC2012_val_00003129.JPEG ===
2025-09-05 14:57:49,006 - INFO - Example /home/projects/bagon/shared/imagenet512/val/n04476259/ILSVRC2012_val_00003129.JPEG reached epsilon at step 208, loss sum: 28.9108, final loss: 0.00099919, weight distance: 2.8268
2025-09-05 14:57:49,013 - INFO - Example 1295 completed: 208 steps, loss sum: 28.9108, final loss: 0.00099919, weight distance: 2.8268 (universal rank: 44665)
2025-09-05 14:57:49,013 - INFO - 
=== Training Example 1296/1500: /home/projects/bagon/shared/imagenet512/val/n03690938/ILSVRC2012_val_00004454.JPEG ===
2025-09-05 14:57:56,510 - INFO - Example /home/projects/bagon/shared/imagenet512/val/n03690938/ILSVRC2012_val_00004454.JPEG reached epsilon at step 222, loss sum: 20.4287, final loss: 0.00099586, weight distance: 1.5814
2025-09-05 14:57:56,515 - INFO - Example 1296 completed: 222 steps, loss sum: 20.4287, final loss: 0.00099586, weight distance: 1.5814 (universal rank: 44676)
2025-09-05 14:57:56,516 - INFO - 
=== Training Example 1297/1500: /home/projects/bagon/shared/imagenet512/val/n04336792/ILSVRC2012_val_00022108.JPEG ===
2025-09-05 14:58:06,000 - INFO - Example /home/projects/bagon/shared/imagenet512/val/n04336792/ILSVRC2012_val_00022108.JPEG reached epsilon at step 283, loss sum: 20.4331, final loss: 0.00099871, weight distance: 4.4169
2025-09-05 14:58:06,006 - INFO - Example 1297 completed: 283 steps, loss sum: 20.4331, final loss: 0.00099871, weight distance: 4.4169 (universal rank: 44677)
2025-09-05 14:58:06,006 - INFO - 
=== Training Example 1298/1500: /home/projects/bagon/shared/imagenet512/val/n07583066/ILSVRC2012_val_00024633.JPEG ===
2025-09-05 14:58:11,966 - INFO - Example /home/projects/bagon/shared/imagenet512/val/n07583066/ILSVRC2012_val_00024633.JPEG reached epsilon at step 177, loss sum: 36.9968, final loss: 0.00099836, weight distance: 2.6690
2025-09-05 14:58:11,971 - INFO - Example 1298 completed: 177 steps, loss sum: 36.9968, final loss: 0.00099836, weight distance: 2.6690 (universal rank: 44681)
2025-09-05 14:58:11,971 - INFO - 
=== Training Example 1299/1500: /home/projects/bagon/shared/imagenet512/val/n04590129/ILSVRC2012_val_00002189.JPEG ===
2025-09-05 14:58:16,502 - INFO - Example /home/projects/bagon/shared/imagenet512/val/n04590129/ILSVRC2012_val_00002189.JPEG reached epsilon at step 134, loss sum: 24.2213, final loss: 0.00099717, weight distance: 2.4986
2025-09-05 14:58:16,507 - INFO - Example 1299 completed: 134 steps, loss sum: 24.2213, final loss: 0.00099717, weight distance: 2.4986 (universal rank: 44682)
2025-09-05 14:58:16,507 - INFO - 
=== Training Example 1300/1500: /home/projects/bagon/shared/imagenet512/val/n03877845/ILSVRC2012_val_00005039.JPEG ===
2025-09-05 14:58:25,229 - INFO - Example /home/projects/bagon/shared/imagenet512/val/n03877845/ILSVRC2012_val_00005039.JPEG reached epsilon at step 261, loss sum: 36.3163, final loss: 0.00099943, weight distance: 3.4571
2025-09-05 14:58:25,235 - INFO - Example 1300 completed: 261 steps, loss sum: 36.3163, final loss: 0.00099943, weight distance: 3.4571 (universal rank: 44683)
2025-09-05 14:58:25,235 - INFO - 
=== Training Example 1301/1500: /home/projects/bagon/shared/imagenet512/val/n03742115/ILSVRC2012_val_00015528.JPEG ===
2025-09-05 14:58:33,590 - INFO - Example /home/projects/bagon/shared/imagenet512/val/n03742115/ILSVRC2012_val_00015528.JPEG reached epsilon at step 247, loss sum: 15.8124, final loss: 0.00099955, weight distance: 3.0592
2025-09-05 14:58:33,595 - INFO - Example 1301 completed: 247 steps, loss sum: 15.8124, final loss: 0.00099955, weight distance: 3.0592 (universal rank: 44704)
2025-09-05 14:58:33,595 - INFO - 
=== Training Example 1302/1500: /home/projects/bagon/shared/imagenet512/val/n03445924/ILSVRC2012_val_00022238.JPEG ===
2025-09-05 14:58:50,431 - INFO - Example /home/projects/bagon/shared/imagenet512/val/n03445924/ILSVRC2012_val_00022238.JPEG reached epsilon at step 504, loss sum: 15.9007, final loss: 0.00099907, weight distance: 6.1067
2025-09-05 14:58:50,439 - INFO - Example 1302 completed: 504 steps, loss sum: 15.9007, final loss: 0.00099907, weight distance: 6.1067 (universal rank: 44709)
2025-09-05 14:58:50,439 - INFO - 
=== Training Example 1303/1500: /home/projects/bagon/shared/imagenet512/val/n03127925/ILSVRC2012_val_00039897.JPEG ===
2025-09-05 14:59:02,452 - INFO - Example /home/projects/bagon/shared/imagenet512/val/n03127925/ILSVRC2012_val_00039897.JPEG reached epsilon at step 357, loss sum: 30.7064, final loss: 0.00099728, weight distance: 3.9362
2025-09-05 14:59:02,458 - INFO - Example 1303 completed: 357 steps, loss sum: 30.7064, final loss: 0.00099728, weight distance: 3.9362 (universal rank: 44715)
2025-09-05 14:59:02,458 - INFO - 
=== Training Example 1304/1500: /home/projects/bagon/shared/imagenet512/val/n03255030/ILSVRC2012_val_00026185.JPEG ===
2025-09-05 14:59:06,559 - INFO - Example /home/projects/bagon/shared/imagenet512/val/n03255030/ILSVRC2012_val_00026185.JPEG reached epsilon at step 121, loss sum: 42.2826, final loss: 0.00099490, weight distance: 3.7912
2025-09-05 14:59:06,564 - INFO - Example 1304 completed: 121 steps, loss sum: 42.2826, final loss: 0.00099490, weight distance: 3.7912 (universal rank: 44728)
2025-09-05 14:59:06,564 - INFO - 
=== Training Example 1305/1500: /home/projects/bagon/shared/imagenet512/val/n02395406/ILSVRC2012_val_00032867.JPEG ===
2025-09-05 14:59:16,466 - INFO - Example /home/projects/bagon/shared/imagenet512/val/n02395406/ILSVRC2012_val_00032867.JPEG reached epsilon at step 296, loss sum: 15.2988, final loss: 0.00099812, weight distance: 1.9160
2025-09-05 14:59:16,471 - INFO - Example 1305 completed: 296 steps, loss sum: 15.2988, final loss: 0.00099812, weight distance: 1.9160 (universal rank: 44733)
2025-09-05 14:59:16,472 - INFO - 
=== Training Example 1306/1500: /home/projects/bagon/shared/imagenet512/val/n07932039/ILSVRC2012_val_00032520.JPEG ===
2025-09-05 14:59:20,864 - INFO - Example /home/projects/bagon/shared/imagenet512/val/n07932039/ILSVRC2012_val_00032520.JPEG reached epsilon at step 129, loss sum: 41.7123, final loss: 0.00099931, weight distance: 2.3463
2025-09-05 14:59:20,869 - INFO - Example 1306 completed: 129 steps, loss sum: 41.7123, final loss: 0.00099931, weight distance: 2.3463 (universal rank: 44739)
2025-09-05 14:59:20,869 - INFO - 
=== Training Example 1307/1500: /home/projects/bagon/shared/imagenet512/val/n07718472/ILSVRC2012_val_00040986.JPEG ===
2025-09-05 14:59:31,388 - INFO - Example /home/projects/bagon/shared/imagenet512/val/n07718472/ILSVRC2012_val_00040986.JPEG reached epsilon at step 315, loss sum: 32.2093, final loss: 0.00099871, weight distance: 3.0872
2025-09-05 14:59:31,394 - INFO - Example 1307 completed: 315 steps, loss sum: 32.2093, final loss: 0.00099871, weight distance: 3.0872 (universal rank: 44742)
2025-09-05 14:59:31,394 - INFO - 
=== Training Example 1308/1500: /home/projects/bagon/shared/imagenet512/val/n02123159/ILSVRC2012_val_00028302.JPEG ===
2025-09-05 14:59:39,569 - INFO - Example /home/projects/bagon/shared/imagenet512/val/n02123159/ILSVRC2012_val_00028302.JPEG reached epsilon at step 244, loss sum: 25.3879, final loss: 0.00099955, weight distance: 1.8298
2025-09-05 14:59:39,575 - INFO - Example 1308 completed: 244 steps, loss sum: 25.3879, final loss: 0.00099955, weight distance: 1.8298 (universal rank: 44749)
2025-09-05 14:59:39,575 - INFO - 
=== Training Example 1309/1500: /home/projects/bagon/shared/imagenet512/val/n03786901/ILSVRC2012_val_00009080.JPEG ===
2025-09-05 14:59:47,421 - INFO - Example /home/projects/bagon/shared/imagenet512/val/n03786901/ILSVRC2012_val_00009080.JPEG reached epsilon at step 232, loss sum: 25.2713, final loss: 0.00099764, weight distance: 2.3830
2025-09-05 14:59:47,427 - INFO - Example 1309 completed: 232 steps, loss sum: 25.2713, final loss: 0.00099764, weight distance: 2.3830 (universal rank: 44751)
2025-09-05 14:59:47,427 - INFO - 
=== Training Example 1310/1500: /home/projects/bagon/shared/imagenet512/val/n03485407/ILSVRC2012_val_00041025.JPEG ===
2025-09-05 14:59:52,566 - INFO - Example /home/projects/bagon/shared/imagenet512/val/n03485407/ILSVRC2012_val_00041025.JPEG reached epsilon at step 151, loss sum: 31.0734, final loss: 0.00099181, weight distance: 2.6864
2025-09-05 14:59:52,572 - INFO - Example 1310 completed: 151 steps, loss sum: 31.0734, final loss: 0.00099181, weight distance: 2.6864 (universal rank: 44766)
2025-09-05 14:59:52,572 - INFO - 
=== Training Example 1311/1500: /home/projects/bagon/shared/imagenet512/val/n03355925/ILSVRC2012_val_00024130.JPEG ===
2025-09-05 14:59:59,249 - INFO - Example /home/projects/bagon/shared/imagenet512/val/n03355925/ILSVRC2012_val_00024130.JPEG reached epsilon at step 198, loss sum: 11.0011, final loss: 0.00099705, weight distance: 0.8917
2025-09-05 14:59:59,255 - INFO - Example 1311 completed: 198 steps, loss sum: 11.0011, final loss: 0.00099705, weight distance: 0.8917 (universal rank: 44769)
2025-09-05 14:59:59,255 - INFO - 
=== Training Example 1312/1500: /home/projects/bagon/shared/imagenet512/val/n02088364/ILSVRC2012_val_00034275.JPEG ===
2025-09-05 15:00:10,939 - INFO - Example /home/projects/bagon/shared/imagenet512/val/n02088364/ILSVRC2012_val_00034275.JPEG reached epsilon at step 348, loss sum: 33.7667, final loss: 0.00099907, weight distance: 2.2672
2025-09-05 15:00:10,946 - INFO - Example 1312 completed: 348 steps, loss sum: 33.7667, final loss: 0.00099907, weight distance: 2.2672 (universal rank: 44770)
2025-09-05 15:00:10,946 - INFO - 
=== Training Example 1313/1500: /home/projects/bagon/shared/imagenet512/val/n01729322/ILSVRC2012_val_00035784.JPEG ===
2025-09-05 15:00:16,966 - INFO - Example /home/projects/bagon/shared/imagenet512/val/n01729322/ILSVRC2012_val_00035784.JPEG reached epsilon at step 178, loss sum: 37.2619, final loss: 0.00099955, weight distance: 3.5514
2025-09-05 15:00:16,971 - INFO - Example 1313 completed: 178 steps, loss sum: 37.2619, final loss: 0.00099955, weight distance: 3.5514 (universal rank: 44772)
2025-09-05 15:00:16,971 - INFO - 
=== Training Example 1314/1500: /home/projects/bagon/shared/imagenet512/val/n01729977/ILSVRC2012_val_00031456.JPEG ===
2025-09-05 15:00:32,217 - INFO - Example /home/projects/bagon/shared/imagenet512/val/n01729977/ILSVRC2012_val_00031456.JPEG reached epsilon at step 458, loss sum: 28.5603, final loss: 0.00099883, weight distance: 4.3376
2025-09-05 15:00:32,223 - INFO - Example 1314 completed: 458 steps, loss sum: 28.5603, final loss: 0.00099883, weight distance: 4.3376 (universal rank: 44775)
2025-09-05 15:00:32,223 - INFO - 
=== Training Example 1315/1500: /home/projects/bagon/shared/imagenet512/val/n02879718/ILSVRC2012_val_00047335.JPEG ===
2025-09-05 15:00:37,250 - INFO - Example /home/projects/bagon/shared/imagenet512/val/n02879718/ILSVRC2012_val_00047335.JPEG reached epsilon at step 149, loss sum: 16.8657, final loss: 0.00099717, weight distance: 2.3846
2025-09-05 15:00:37,255 - INFO - Example 1315 completed: 149 steps, loss sum: 16.8657, final loss: 0.00099717, weight distance: 2.3846 (universal rank: 44782)
2025-09-05 15:00:37,255 - INFO - 
=== Training Example 1316/1500: /home/projects/bagon/shared/imagenet512/val/n03110669/ILSVRC2012_val_00048631.JPEG ===
2025-09-05 15:00:47,944 - INFO - Example /home/projects/bagon/shared/imagenet512/val/n03110669/ILSVRC2012_val_00048631.JPEG reached epsilon at step 319, loss sum: 27.0895, final loss: 0.00099752, weight distance: 1.6384
2025-09-05 15:00:47,949 - INFO - Example 1316 completed: 319 steps, loss sum: 27.0895, final loss: 0.00099752, weight distance: 1.6384 (universal rank: 44784)
2025-09-05 15:00:47,949 - INFO - 
=== Training Example 1317/1500: /home/projects/bagon/shared/imagenet512/val/n01740131/ILSVRC2012_val_00018388.JPEG ===
2025-09-05 15:00:55,257 - INFO - Example /home/projects/bagon/shared/imagenet512/val/n01740131/ILSVRC2012_val_00018388.JPEG reached epsilon at step 217, loss sum: 42.2113, final loss: 0.00099538, weight distance: 2.6638
2025-09-05 15:00:55,265 - INFO - Example 1317 completed: 217 steps, loss sum: 42.2113, final loss: 0.00099538, weight distance: 2.6638 (universal rank: 44788)
2025-09-05 15:00:55,266 - INFO - 
=== Training Example 1318/1500: /home/projects/bagon/shared/imagenet512/val/n04493381/ILSVRC2012_val_00009864.JPEG ===
2025-09-05 15:01:05,207 - INFO - Example /home/projects/bagon/shared/imagenet512/val/n04493381/ILSVRC2012_val_00009864.JPEG reached epsilon at step 297, loss sum: 26.3544, final loss: 0.00099990, weight distance: 3.3368
2025-09-05 15:01:05,213 - INFO - Example 1318 completed: 297 steps, loss sum: 26.3544, final loss: 0.00099990, weight distance: 3.3368 (universal rank: 44790)
2025-09-05 15:01:05,214 - INFO - 
=== Training Example 1319/1500: /home/projects/bagon/shared/imagenet512/val/n02699494/ILSVRC2012_val_00019197.JPEG ===
2025-09-05 15:01:15,513 - INFO - Example /home/projects/bagon/shared/imagenet512/val/n02699494/ILSVRC2012_val_00019197.JPEG reached epsilon at step 308, loss sum: 36.6694, final loss: 0.00099859, weight distance: 5.3257
2025-09-05 15:01:15,519 - INFO - Example 1319 completed: 308 steps, loss sum: 36.6694, final loss: 0.00099859, weight distance: 5.3257 (universal rank: 44795)
2025-09-05 15:01:15,519 - INFO - 
=== Training Example 1320/1500: /home/projects/bagon/shared/imagenet512/val/n02814860/ILSVRC2012_val_00026607.JPEG ===
2025-09-05 15:01:26,784 - INFO - Example /home/projects/bagon/shared/imagenet512/val/n02814860/ILSVRC2012_val_00026607.JPEG reached epsilon at step 338, loss sum: 18.8188, final loss: 0.00099859, weight distance: 3.1427
2025-09-05 15:01:26,790 - INFO - Example 1320 completed: 338 steps, loss sum: 18.8188, final loss: 0.00099859, weight distance: 3.1427 (universal rank: 44803)
2025-09-05 15:01:26,790 - INFO - 
=== Training Example 1321/1500: /home/projects/bagon/shared/imagenet512/val/n03498962/ILSVRC2012_val_00040559.JPEG ===
2025-09-05 15:01:34,319 - INFO - Example /home/projects/bagon/shared/imagenet512/val/n03498962/ILSVRC2012_val_00040559.JPEG reached epsilon at step 225, loss sum: 42.1759, final loss: 0.00099764, weight distance: 3.2378
2025-09-05 15:01:34,324 - INFO - Example 1321 completed: 225 steps, loss sum: 42.1759, final loss: 0.00099764, weight distance: 3.2378 (universal rank: 44805)
2025-09-05 15:01:34,324 - INFO - 
=== Training Example 1322/1500: /home/projects/bagon/shared/imagenet512/val/n02095889/ILSVRC2012_val_00027256.JPEG ===
2025-09-05 15:01:40,875 - INFO - Example /home/projects/bagon/shared/imagenet512/val/n02095889/ILSVRC2012_val_00027256.JPEG reached epsilon at step 195, loss sum: 34.5341, final loss: 0.00099669, weight distance: 2.7210
2025-09-05 15:01:40,881 - INFO - Example 1322 completed: 195 steps, loss sum: 34.5341, final loss: 0.00099669, weight distance: 2.7210 (universal rank: 44810)
2025-09-05 15:01:40,881 - INFO - 
=== Training Example 1323/1500: /home/projects/bagon/shared/imagenet512/val/n03710637/ILSVRC2012_val_00021142.JPEG ===
2025-09-05 15:01:48,126 - INFO - Example /home/projects/bagon/shared/imagenet512/val/n03710637/ILSVRC2012_val_00021142.JPEG reached epsilon at step 215, loss sum: 21.6709, final loss: 0.00099645, weight distance: 1.2828
2025-09-05 15:01:48,132 - INFO - Example 1323 completed: 215 steps, loss sum: 21.6709, final loss: 0.00099645, weight distance: 1.2828 (universal rank: 44812)
2025-09-05 15:01:48,132 - INFO - 
=== Training Example 1324/1500: /home/projects/bagon/shared/imagenet512/val/n02106030/ILSVRC2012_val_00036360.JPEG ===
2025-09-05 15:02:20,034 - INFO - Example /home/projects/bagon/shared/imagenet512/val/n02106030/ILSVRC2012_val_00036360.JPEG reached epsilon at step 961, loss sum: 51.1874, final loss: 0.00099943, weight distance: 2.4069
2025-09-05 15:02:20,042 - INFO - Example 1324 completed: 961 steps, loss sum: 51.1874, final loss: 0.00099943, weight distance: 2.4069 (universal rank: 44822)
2025-09-05 15:02:20,042 - INFO - 
=== Training Example 1325/1500: /home/projects/bagon/shared/imagenet512/val/n02086646/ILSVRC2012_val_00030642.JPEG ===
2025-09-05 15:02:31,358 - INFO - Example /home/projects/bagon/shared/imagenet512/val/n02086646/ILSVRC2012_val_00030642.JPEG reached epsilon at step 338, loss sum: 45.0813, final loss: 0.00099895, weight distance: 2.4875
2025-09-05 15:02:31,364 - INFO - Example 1325 completed: 338 steps, loss sum: 45.0813, final loss: 0.00099895, weight distance: 2.4875 (universal rank: 44827)
2025-09-05 15:02:31,364 - INFO - 
=== Training Example 1326/1500: /home/projects/bagon/shared/imagenet512/val/n02948072/ILSVRC2012_val_00031683.JPEG ===
2025-09-05 15:02:36,876 - INFO - Example /home/projects/bagon/shared/imagenet512/val/n02948072/ILSVRC2012_val_00031683.JPEG reached epsilon at step 164, loss sum: 19.0643, final loss: 0.00099740, weight distance: 4.1279
2025-09-05 15:02:36,881 - INFO - Example 1326 completed: 164 steps, loss sum: 19.0643, final loss: 0.00099740, weight distance: 4.1279 (universal rank: 44830)
2025-09-05 15:02:36,881 - INFO - 
=== Training Example 1327/1500: /home/projects/bagon/shared/imagenet512/val/n04372370/ILSVRC2012_val_00045927.JPEG ===
2025-09-05 15:02:44,589 - INFO - Example /home/projects/bagon/shared/imagenet512/val/n04372370/ILSVRC2012_val_00045927.JPEG reached epsilon at step 229, loss sum: 17.2664, final loss: 0.00099669, weight distance: 3.1560
2025-09-05 15:02:44,594 - INFO - Example 1327 completed: 229 steps, loss sum: 17.2664, final loss: 0.00099669, weight distance: 3.1560 (universal rank: 44832)
2025-09-05 15:02:44,594 - INFO - 
=== Training Example 1328/1500: /home/projects/bagon/shared/imagenet512/val/n02108000/ILSVRC2012_val_00033553.JPEG ===
2025-09-05 15:02:51,400 - INFO - Example /home/projects/bagon/shared/imagenet512/val/n02108000/ILSVRC2012_val_00033553.JPEG reached epsilon at step 201, loss sum: 29.9387, final loss: 0.00099812, weight distance: 2.6645
2025-09-05 15:02:51,406 - INFO - Example 1328 completed: 201 steps, loss sum: 29.9387, final loss: 0.00099812, weight distance: 2.6645 (universal rank: 44834)
2025-09-05 15:02:51,406 - INFO - 
=== Training Example 1329/1500: /home/projects/bagon/shared/imagenet512/val/n03180011/ILSVRC2012_val_00016800.JPEG ===
2025-09-05 15:03:00,130 - INFO - Example /home/projects/bagon/shared/imagenet512/val/n03180011/ILSVRC2012_val_00016800.JPEG reached epsilon at step 259, loss sum: 18.8321, final loss: 0.00099919, weight distance: 0.9237
2025-09-05 15:03:00,135 - INFO - Example 1329 completed: 259 steps, loss sum: 18.8321, final loss: 0.00099919, weight distance: 0.9237 (universal rank: 44836)
2025-09-05 15:03:00,136 - INFO - 
=== Training Example 1330/1500: /home/projects/bagon/shared/imagenet512/val/n01630670/ILSVRC2012_val_00003189.JPEG ===
2025-09-05 15:03:10,655 - INFO - Example /home/projects/bagon/shared/imagenet512/val/n01630670/ILSVRC2012_val_00003189.JPEG reached epsilon at step 313, loss sum: 25.4135, final loss: 0.00099979, weight distance: 3.1013
2025-09-05 15:03:10,661 - INFO - Example 1330 completed: 313 steps, loss sum: 25.4135, final loss: 0.00099979, weight distance: 3.1013 (universal rank: 44837)
2025-09-05 15:03:10,661 - INFO - 
=== Training Example 1331/1500: /home/projects/bagon/shared/imagenet512/val/n04154565/ILSVRC2012_val_00013516.JPEG ===
2025-09-05 15:03:14,568 - INFO - Example /home/projects/bagon/shared/imagenet512/val/n04154565/ILSVRC2012_val_00013516.JPEG reached epsilon at step 115, loss sum: 29.3729, final loss: 0.00099419, weight distance: 5.1311
2025-09-05 15:03:14,573 - INFO - Example 1331 completed: 115 steps, loss sum: 29.3729, final loss: 0.00099419, weight distance: 5.1311 (universal rank: 44838)
2025-09-05 15:03:14,573 - INFO - 
=== Training Example 1332/1500: /home/projects/bagon/shared/imagenet512/val/n03032252/ILSVRC2012_val_00036856.JPEG ===
2025-09-05 15:03:21,131 - INFO - Example /home/projects/bagon/shared/imagenet512/val/n03032252/ILSVRC2012_val_00036856.JPEG reached epsilon at step 195, loss sum: 13.7183, final loss: 0.00099776, weight distance: 3.0083
2025-09-05 15:03:21,138 - INFO - Example 1332 completed: 195 steps, loss sum: 13.7183, final loss: 0.00099776, weight distance: 3.0083 (universal rank: 44843)
2025-09-05 15:03:21,138 - INFO - 
=== Training Example 1333/1500: /home/projects/bagon/shared/imagenet512/val/n04355338/ILSVRC2012_val_00008323.JPEG ===
2025-09-05 15:03:31,030 - INFO - Example /home/projects/bagon/shared/imagenet512/val/n04355338/ILSVRC2012_val_00008323.JPEG reached epsilon at step 294, loss sum: 21.1812, final loss: 0.00099752, weight distance: 2.3426
2025-09-05 15:03:31,035 - INFO - Example 1333 completed: 294 steps, loss sum: 21.1812, final loss: 0.00099752, weight distance: 2.3426 (universal rank: 44845)
2025-09-05 15:03:31,035 - INFO - 
=== Training Example 1334/1500: /home/projects/bagon/shared/imagenet512/val/n01796340/ILSVRC2012_val_00034282.JPEG ===
2025-09-05 15:03:41,755 - INFO - Example /home/projects/bagon/shared/imagenet512/val/n01796340/ILSVRC2012_val_00034282.JPEG reached epsilon at step 320, loss sum: 16.9470, final loss: 0.00099740, weight distance: 3.9486
2025-09-05 15:03:41,761 - INFO - Example 1334 completed: 320 steps, loss sum: 16.9470, final loss: 0.00099740, weight distance: 3.9486 (universal rank: 44849)
2025-09-05 15:03:41,761 - INFO - 
=== Training Example 1335/1500: /home/projects/bagon/shared/imagenet512/val/n12144580/ILSVRC2012_val_00033564.JPEG ===
2025-09-05 15:03:51,458 - INFO - Example /home/projects/bagon/shared/imagenet512/val/n12144580/ILSVRC2012_val_00033564.JPEG reached epsilon at step 289, loss sum: 45.4753, final loss: 0.00099883, weight distance: 4.3851
2025-09-05 15:03:51,465 - INFO - Example 1335 completed: 289 steps, loss sum: 45.4753, final loss: 0.00099883, weight distance: 4.3851 (universal rank: 44850)
2025-09-05 15:03:51,465 - INFO - 
=== Training Example 1336/1500: /home/projects/bagon/shared/imagenet512/val/n04120489/ILSVRC2012_val_00043700.JPEG ===
2025-09-05 15:04:03,586 - INFO - Example /home/projects/bagon/shared/imagenet512/val/n04120489/ILSVRC2012_val_00043700.JPEG reached epsilon at step 362, loss sum: 22.8100, final loss: 0.00099895, weight distance: 4.6375
2025-09-05 15:04:03,592 - INFO - Example 1336 completed: 362 steps, loss sum: 22.8100, final loss: 0.00099895, weight distance: 4.6375 (universal rank: 44854)
2025-09-05 15:04:03,592 - INFO - 
=== Training Example 1337/1500: /home/projects/bagon/shared/imagenet512/val/n04355933/ILSVRC2012_val_00013274.JPEG ===
2025-09-05 15:04:12,296 - INFO - Example /home/projects/bagon/shared/imagenet512/val/n04355933/ILSVRC2012_val_00013274.JPEG reached epsilon at step 260, loss sum: 18.2871, final loss: 0.00099955, weight distance: 3.6829
2025-09-05 15:04:12,301 - INFO - Example 1337 completed: 260 steps, loss sum: 18.2871, final loss: 0.00099955, weight distance: 3.6829 (universal rank: 44858)
2025-09-05 15:04:12,301 - INFO - 
=== Training Example 1338/1500: /home/projects/bagon/shared/imagenet512/val/n01855672/ILSVRC2012_val_00025667.JPEG ===
2025-09-05 15:04:21,672 - INFO - Example /home/projects/bagon/shared/imagenet512/val/n01855672/ILSVRC2012_val_00025667.JPEG reached epsilon at step 280, loss sum: 23.1243, final loss: 0.00099657, weight distance: 1.6346
2025-09-05 15:04:21,679 - INFO - Example 1338 completed: 280 steps, loss sum: 23.1243, final loss: 0.00099657, weight distance: 1.6346 (universal rank: 44863)
2025-09-05 15:04:21,679 - INFO - 
=== Training Example 1339/1500: /home/projects/bagon/shared/imagenet512/val/n03670208/ILSVRC2012_val_00042844.JPEG ===
2025-09-05 15:04:27,303 - INFO - Example /home/projects/bagon/shared/imagenet512/val/n03670208/ILSVRC2012_val_00042844.JPEG reached epsilon at step 167, loss sum: 23.6124, final loss: 0.00099586, weight distance: 3.5638
2025-09-05 15:04:27,309 - INFO - Example 1339 completed: 167 steps, loss sum: 23.6124, final loss: 0.00099586, weight distance: 3.5638 (universal rank: 44867)
2025-09-05 15:04:27,309 - INFO - 
=== Training Example 1340/1500: /home/projects/bagon/shared/imagenet512/val/n04557648/ILSVRC2012_val_00046459.JPEG ===
2025-09-05 15:04:36,573 - INFO - Example /home/projects/bagon/shared/imagenet512/val/n04557648/ILSVRC2012_val_00046459.JPEG reached epsilon at step 277, loss sum: 21.1949, final loss: 0.00099669, weight distance: 3.5187
2025-09-05 15:04:36,578 - INFO - Example 1340 completed: 277 steps, loss sum: 21.1949, final loss: 0.00099669, weight distance: 3.5187 (universal rank: 44875)
2025-09-05 15:04:36,578 - INFO - 
=== Training Example 1341/1500: /home/projects/bagon/shared/imagenet512/val/n03584254/ILSVRC2012_val_00048390.JPEG ===
2025-09-05 15:04:47,818 - INFO - Example /home/projects/bagon/shared/imagenet512/val/n03584254/ILSVRC2012_val_00048390.JPEG reached epsilon at step 335, loss sum: 30.5576, final loss: 0.00099859, weight distance: 3.3981
2025-09-05 15:04:47,825 - INFO - Example 1341 completed: 335 steps, loss sum: 30.5576, final loss: 0.00099859, weight distance: 3.3981 (universal rank: 44880)
2025-09-05 15:04:47,825 - INFO - 
=== Training Example 1342/1500: /home/projects/bagon/shared/imagenet512/val/n09256479/ILSVRC2012_val_00004126.JPEG ===
2025-09-05 15:04:59,310 - INFO - Example /home/projects/bagon/shared/imagenet512/val/n09256479/ILSVRC2012_val_00004126.JPEG reached epsilon at step 342, loss sum: 36.6072, final loss: 0.00099967, weight distance: 1.3120
2025-09-05 15:04:59,315 - INFO - Example 1342 completed: 342 steps, loss sum: 36.6072, final loss: 0.00099967, weight distance: 1.3120 (universal rank: 44883)
2025-09-05 15:04:59,315 - INFO - 
=== Training Example 1343/1500: /home/projects/bagon/shared/imagenet512/val/n03483316/ILSVRC2012_val_00019454.JPEG ===
2025-09-05 15:05:06,008 - INFO - Example /home/projects/bagon/shared/imagenet512/val/n03483316/ILSVRC2012_val_00019454.JPEG reached epsilon at step 198, loss sum: 17.5057, final loss: 0.00099931, weight distance: 3.2877
2025-09-05 15:05:06,014 - INFO - Example 1343 completed: 198 steps, loss sum: 17.5057, final loss: 0.00099931, weight distance: 3.2877 (universal rank: 44887)
2025-09-05 15:05:06,014 - INFO - 
=== Training Example 1344/1500: /home/projects/bagon/shared/imagenet512/val/n03065424/ILSVRC2012_val_00038925.JPEG ===
2025-09-05 15:05:10,017 - INFO - Example /home/projects/bagon/shared/imagenet512/val/n03065424/ILSVRC2012_val_00038925.JPEG reached epsilon at step 117, loss sum: 21.4085, final loss: 0.00099931, weight distance: 2.7813
2025-09-05 15:05:10,022 - INFO - Example 1344 completed: 117 steps, loss sum: 21.4085, final loss: 0.00099931, weight distance: 2.7813 (universal rank: 44889)
2025-09-05 15:05:10,022 - INFO - 
=== Training Example 1345/1500: /home/projects/bagon/shared/imagenet512/val/n03710721/ILSVRC2012_val_00041693.JPEG ===
2025-09-05 15:05:14,754 - INFO - Example /home/projects/bagon/shared/imagenet512/val/n03710721/ILSVRC2012_val_00041693.JPEG reached epsilon at step 140, loss sum: 28.3120, final loss: 0.00099395, weight distance: 2.1412
2025-09-05 15:05:14,759 - INFO - Example 1345 completed: 140 steps, loss sum: 28.3120, final loss: 0.00099395, weight distance: 2.1412 (universal rank: 44890)
2025-09-05 15:05:14,759 - INFO - 
=== Training Example 1346/1500: /home/projects/bagon/shared/imagenet512/val/n02676566/ILSVRC2012_val_00005850.JPEG ===
2025-09-05 15:05:21,663 - INFO - Example /home/projects/bagon/shared/imagenet512/val/n02676566/ILSVRC2012_val_00005850.JPEG reached epsilon at step 205, loss sum: 25.5084, final loss: 0.00099586, weight distance: 3.3807
2025-09-05 15:05:21,669 - INFO - Example 1346 completed: 205 steps, loss sum: 25.5084, final loss: 0.00099586, weight distance: 3.3807 (universal rank: 44904)
2025-09-05 15:05:21,669 - INFO - 
=== Training Example 1347/1500: /home/projects/bagon/shared/imagenet512/val/n04371430/ILSVRC2012_val_00001918.JPEG ===
2025-09-05 15:05:27,298 - INFO - Example /home/projects/bagon/shared/imagenet512/val/n04371430/ILSVRC2012_val_00001918.JPEG reached epsilon at step 167, loss sum: 14.7970, final loss: 0.00099955, weight distance: 1.9577
2025-09-05 15:05:27,304 - INFO - Example 1347 completed: 167 steps, loss sum: 14.7970, final loss: 0.00099955, weight distance: 1.9577 (universal rank: 44905)
2025-09-05 15:05:27,304 - INFO - 
=== Training Example 1348/1500: /home/projects/bagon/shared/imagenet512/val/n04074963/ILSVRC2012_val_00022614.JPEG ===
2025-09-05 15:05:31,751 - INFO - Example /home/projects/bagon/shared/imagenet512/val/n04074963/ILSVRC2012_val_00022614.JPEG reached epsilon at step 132, loss sum: 32.1433, final loss: 0.00099383, weight distance: 2.5536
2025-09-05 15:05:31,756 - INFO - Example 1348 completed: 132 steps, loss sum: 32.1433, final loss: 0.00099383, weight distance: 2.5536 (universal rank: 44907)
2025-09-05 15:05:31,757 - INFO - 
=== Training Example 1349/1500: /home/projects/bagon/shared/imagenet512/val/n03980874/ILSVRC2012_val_00004159.JPEG ===
2025-09-05 15:05:40,847 - INFO - Example /home/projects/bagon/shared/imagenet512/val/n03980874/ILSVRC2012_val_00004159.JPEG reached epsilon at step 271, loss sum: 24.4912, final loss: 0.00099871, weight distance: 4.3082
2025-09-05 15:05:40,852 - INFO - Example 1349 completed: 271 steps, loss sum: 24.4912, final loss: 0.00099871, weight distance: 4.3082 (universal rank: 44908)
2025-09-05 15:05:40,852 - INFO - 
=== Training Example 1350/1500: /home/projects/bagon/shared/imagenet512/val/n04591713/ILSVRC2012_val_00006632.JPEG ===
2025-09-05 15:05:47,825 - INFO - Example /home/projects/bagon/shared/imagenet512/val/n04591713/ILSVRC2012_val_00006632.JPEG reached epsilon at step 207, loss sum: 12.8085, final loss: 0.00099919, weight distance: 1.5698
2025-09-05 15:05:47,831 - INFO - Example 1350 completed: 207 steps, loss sum: 12.8085, final loss: 0.00099919, weight distance: 1.5698 (universal rank: 44912)
2025-09-05 15:05:47,831 - INFO - 
=== Training Example 1351/1500: /home/projects/bagon/shared/imagenet512/val/n02096177/ILSVRC2012_val_00006615.JPEG ===
2025-09-05 15:05:54,652 - INFO - Example /home/projects/bagon/shared/imagenet512/val/n02096177/ILSVRC2012_val_00006615.JPEG reached epsilon at step 202, loss sum: 28.6633, final loss: 0.00099871, weight distance: 2.8200
2025-09-05 15:05:54,657 - INFO - Example 1351 completed: 202 steps, loss sum: 28.6633, final loss: 0.00099871, weight distance: 2.8200 (universal rank: 44918)
2025-09-05 15:05:54,657 - INFO - 
=== Training Example 1352/1500: /home/projects/bagon/shared/imagenet512/val/n02099712/ILSVRC2012_val_00044639.JPEG ===
2025-09-05 15:06:04,980 - INFO - Example /home/projects/bagon/shared/imagenet512/val/n02099712/ILSVRC2012_val_00044639.JPEG reached epsilon at step 308, loss sum: 25.5667, final loss: 0.00099812, weight distance: 4.4759
2025-09-05 15:06:04,985 - INFO - Example 1352 completed: 308 steps, loss sum: 25.5667, final loss: 0.00099812, weight distance: 4.4759 (universal rank: 44919)
2025-09-05 15:06:04,985 - INFO - 
=== Training Example 1353/1500: /home/projects/bagon/shared/imagenet512/val/n07614500/ILSVRC2012_val_00008264.JPEG ===
2025-09-05 15:06:09,392 - INFO - Example /home/projects/bagon/shared/imagenet512/val/n07614500/ILSVRC2012_val_00008264.JPEG reached epsilon at step 129, loss sum: 27.2647, final loss: 0.00099979, weight distance: 2.1567
2025-09-05 15:06:09,397 - INFO - Example 1353 completed: 129 steps, loss sum: 27.2647, final loss: 0.00099979, weight distance: 2.1567 (universal rank: 44920)
2025-09-05 15:06:09,397 - INFO - 
=== Training Example 1354/1500: /home/projects/bagon/shared/imagenet512/val/n02526121/ILSVRC2012_val_00036535.JPEG ===
2025-09-05 15:06:19,282 - INFO - Example /home/projects/bagon/shared/imagenet512/val/n02526121/ILSVRC2012_val_00036535.JPEG reached epsilon at step 295, loss sum: 24.7608, final loss: 0.00099800, weight distance: 3.1440
2025-09-05 15:06:19,288 - INFO - Example 1354 completed: 295 steps, loss sum: 24.7608, final loss: 0.00099800, weight distance: 3.1440 (universal rank: 44924)
2025-09-05 15:06:19,288 - INFO - 
=== Training Example 1355/1500: /home/projects/bagon/shared/imagenet512/val/n04239074/ILSVRC2012_val_00006127.JPEG ===
2025-09-05 15:06:23,811 - INFO - Example /home/projects/bagon/shared/imagenet512/val/n04239074/ILSVRC2012_val_00006127.JPEG reached epsilon at step 134, loss sum: 36.0629, final loss: 0.00099693, weight distance: 3.2563
2025-09-05 15:06:23,818 - INFO - Example 1355 completed: 134 steps, loss sum: 36.0629, final loss: 0.00099693, weight distance: 3.2563 (universal rank: 44927)
2025-09-05 15:06:23,818 - INFO - 
=== Training Example 1356/1500: /home/projects/bagon/shared/imagenet512/val/n02676566/ILSVRC2012_val_00043972.JPEG ===
2025-09-05 15:06:33,639 - INFO - Example /home/projects/bagon/shared/imagenet512/val/n02676566/ILSVRC2012_val_00043972.JPEG reached epsilon at step 293, loss sum: 20.9506, final loss: 0.00099955, weight distance: 1.1851
2025-09-05 15:06:33,644 - INFO - Example 1356 completed: 293 steps, loss sum: 20.9506, final loss: 0.00099955, weight distance: 1.1851 (universal rank: 44928)
2025-09-05 15:06:33,644 - INFO - 
=== Training Example 1357/1500: /home/projects/bagon/shared/imagenet512/val/n03710637/ILSVRC2012_val_00011548.JPEG ===
2025-09-05 15:06:40,625 - INFO - Example /home/projects/bagon/shared/imagenet512/val/n03710637/ILSVRC2012_val_00011548.JPEG reached epsilon at step 207, loss sum: 22.5486, final loss: 0.00099574, weight distance: 0.9593
2025-09-05 15:06:40,631 - INFO - Example 1357 completed: 207 steps, loss sum: 22.5486, final loss: 0.00099574, weight distance: 0.9593 (universal rank: 44933)
2025-09-05 15:06:40,631 - INFO - 
=== Training Example 1358/1500: /home/projects/bagon/shared/imagenet512/val/n04127249/ILSVRC2012_val_00040482.JPEG ===
2025-09-05 15:06:45,877 - INFO - Example /home/projects/bagon/shared/imagenet512/val/n04127249/ILSVRC2012_val_00040482.JPEG reached epsilon at step 155, loss sum: 21.3955, final loss: 0.00099562, weight distance: 2.7824
2025-09-05 15:06:45,882 - INFO - Example 1358 completed: 155 steps, loss sum: 21.3955, final loss: 0.00099562, weight distance: 2.7824 (universal rank: 44935)
2025-09-05 15:06:45,882 - INFO - 
=== Training Example 1359/1500: /home/projects/bagon/shared/imagenet512/val/n03995372/ILSVRC2012_val_00026148.JPEG ===
2025-09-05 15:06:50,698 - INFO - Example /home/projects/bagon/shared/imagenet512/val/n03995372/ILSVRC2012_val_00026148.JPEG reached epsilon at step 141, loss sum: 22.7457, final loss: 0.00099788, weight distance: 2.0309
2025-09-05 15:06:50,703 - INFO - Example 1359 completed: 141 steps, loss sum: 22.7457, final loss: 0.00099788, weight distance: 2.0309 (universal rank: 44936)
2025-09-05 15:06:50,703 - INFO - 
=== Training Example 1360/1500: /home/projects/bagon/shared/imagenet512/val/n04081281/ILSVRC2012_val_00039132.JPEG ===
2025-09-05 15:06:55,191 - INFO - Example /home/projects/bagon/shared/imagenet512/val/n04081281/ILSVRC2012_val_00039132.JPEG reached epsilon at step 132, loss sum: 20.5721, final loss: 0.00099657, weight distance: 3.5062
2025-09-05 15:06:55,195 - INFO - Example 1360 completed: 132 steps, loss sum: 20.5721, final loss: 0.00099657, weight distance: 3.5062 (universal rank: 44937)
2025-09-05 15:06:55,195 - INFO - 
=== Training Example 1361/1500: /home/projects/bagon/shared/imagenet512/val/n03991062/ILSVRC2012_val_00042420.JPEG ===
2025-09-05 15:07:05,392 - INFO - Example /home/projects/bagon/shared/imagenet512/val/n03991062/ILSVRC2012_val_00042420.JPEG reached epsilon at step 304, loss sum: 37.1281, final loss: 0.00099752, weight distance: 4.5183
2025-09-05 15:07:05,399 - INFO - Example 1361 completed: 304 steps, loss sum: 37.1281, final loss: 0.00099752, weight distance: 4.5183 (universal rank: 44940)
2025-09-05 15:07:05,399 - INFO - 
=== Training Example 1362/1500: /home/projects/bagon/shared/imagenet512/val/n03314780/ILSVRC2012_val_00047251.JPEG ===
2025-09-05 15:07:11,109 - INFO - Example /home/projects/bagon/shared/imagenet512/val/n03314780/ILSVRC2012_val_00047251.JPEG reached epsilon at step 169, loss sum: 27.6152, final loss: 0.00099562, weight distance: 4.6586
2025-09-05 15:07:11,114 - INFO - Example 1362 completed: 169 steps, loss sum: 27.6152, final loss: 0.00099562, weight distance: 4.6586 (universal rank: 44943)
2025-09-05 15:07:11,114 - INFO - 
=== Training Example 1363/1500: /home/projects/bagon/shared/imagenet512/val/n03250847/ILSVRC2012_val_00045452.JPEG ===
2025-09-05 15:07:14,330 - INFO - Example /home/projects/bagon/shared/imagenet512/val/n03250847/ILSVRC2012_val_00045452.JPEG reached epsilon at step 94, loss sum: 19.5544, final loss: 0.00099609, weight distance: 4.7724
2025-09-05 15:07:14,335 - INFO - Example 1363 completed: 94 steps, loss sum: 19.5544, final loss: 0.00099609, weight distance: 4.7724 (universal rank: 44944)
2025-09-05 15:07:14,335 - INFO - 
=== Training Example 1364/1500: /home/projects/bagon/shared/imagenet512/val/n02869837/ILSVRC2012_val_00036133.JPEG ===
2025-09-05 15:07:20,666 - INFO - Example /home/projects/bagon/shared/imagenet512/val/n02869837/ILSVRC2012_val_00036133.JPEG reached epsilon at step 188, loss sum: 23.9335, final loss: 0.00099300, weight distance: 4.9956
2025-09-05 15:07:20,672 - INFO - Example 1364 completed: 188 steps, loss sum: 23.9335, final loss: 0.00099300, weight distance: 4.9956 (universal rank: 44955)
2025-09-05 15:07:20,672 - INFO - 
=== Training Example 1365/1500: /home/projects/bagon/shared/imagenet512/val/n02133161/ILSVRC2012_val_00006793.JPEG ===
2025-09-05 15:07:28,913 - INFO - Example /home/projects/bagon/shared/imagenet512/val/n02133161/ILSVRC2012_val_00006793.JPEG reached epsilon at step 246, loss sum: 38.8561, final loss: 0.00099681, weight distance: 2.8340
2025-09-05 15:07:28,920 - INFO - Example 1365 completed: 246 steps, loss sum: 38.8561, final loss: 0.00099681, weight distance: 2.8340 (universal rank: 44960)
2025-09-05 15:07:28,920 - INFO - 
=== Training Example 1366/1500: /home/projects/bagon/shared/imagenet512/val/n04560804/ILSVRC2012_val_00005459.JPEG ===
2025-09-05 15:07:36,108 - INFO - Example /home/projects/bagon/shared/imagenet512/val/n04560804/ILSVRC2012_val_00005459.JPEG reached epsilon at step 215, loss sum: 19.4741, final loss: 0.00099728, weight distance: 2.4523
2025-09-05 15:07:36,114 - INFO - Example 1366 completed: 215 steps, loss sum: 19.4741, final loss: 0.00099728, weight distance: 2.4523 (universal rank: 44963)
2025-09-05 15:07:36,114 - INFO - 
=== Training Example 1367/1500: /home/projects/bagon/shared/imagenet512/val/n03814639/ILSVRC2012_val_00018259.JPEG ===
2025-09-05 15:07:43,702 - INFO - Example /home/projects/bagon/shared/imagenet512/val/n03814639/ILSVRC2012_val_00018259.JPEG reached epsilon at step 226, loss sum: 32.6885, final loss: 0.00099776, weight distance: 3.9299
2025-09-05 15:07:43,707 - INFO - Example 1367 completed: 226 steps, loss sum: 32.6885, final loss: 0.00099776, weight distance: 3.9299 (universal rank: 44965)
2025-09-05 15:07:43,707 - INFO - 
=== Training Example 1368/1500: /home/projects/bagon/shared/imagenet512/val/n02749479/ILSVRC2012_val_00018759.JPEG ===
2025-09-05 15:07:49,109 - INFO - Example /home/projects/bagon/shared/imagenet512/val/n02749479/ILSVRC2012_val_00018759.JPEG reached epsilon at step 159, loss sum: 17.1948, final loss: 0.00099550, weight distance: 2.1008
2025-09-05 15:07:49,115 - INFO - Example 1368 completed: 159 steps, loss sum: 17.1948, final loss: 0.00099550, weight distance: 2.1008 (universal rank: 44969)
2025-09-05 15:07:49,115 - INFO - 
=== Training Example 1369/1500: /home/projects/bagon/shared/imagenet512/val/n01675722/ILSVRC2012_val_00006853.JPEG ===
2025-09-05 15:08:02,660 - INFO - Example /home/projects/bagon/shared/imagenet512/val/n01675722/ILSVRC2012_val_00006853.JPEG reached epsilon at step 405, loss sum: 54.7979, final loss: 0.00099943, weight distance: 3.3741
2025-09-05 15:08:02,666 - INFO - Example 1369 completed: 405 steps, loss sum: 54.7979, final loss: 0.00099943, weight distance: 3.3741 (universal rank: 44970)
2025-09-05 15:08:02,666 - INFO - 
=== Training Example 1370/1500: /home/projects/bagon/shared/imagenet512/val/n03658185/ILSVRC2012_val_00022493.JPEG ===
2025-09-05 15:08:12,278 - INFO - Example /home/projects/bagon/shared/imagenet512/val/n03658185/ILSVRC2012_val_00022493.JPEG reached epsilon at step 287, loss sum: 25.1255, final loss: 0.00099574, weight distance: 2.9467
2025-09-05 15:08:12,284 - INFO - Example 1370 completed: 287 steps, loss sum: 25.1255, final loss: 0.00099574, weight distance: 2.9467 (universal rank: 44973)
2025-09-05 15:08:12,284 - INFO - 
=== Training Example 1371/1500: /home/projects/bagon/shared/imagenet512/val/n01978455/ILSVRC2012_val_00048052.JPEG ===
2025-09-05 15:08:27,389 - INFO - Example /home/projects/bagon/shared/imagenet512/val/n01978455/ILSVRC2012_val_00048052.JPEG reached epsilon at step 452, loss sum: 37.7386, final loss: 0.00099776, weight distance: 3.1391
2025-09-05 15:08:27,395 - INFO - Example 1371 completed: 452 steps, loss sum: 37.7386, final loss: 0.00099776, weight distance: 3.1391 (universal rank: 44975)
2025-09-05 15:08:27,395 - INFO - 
=== Training Example 1372/1500: /home/projects/bagon/shared/imagenet512/val/n04554684/ILSVRC2012_val_00041902.JPEG ===
2025-09-05 15:08:36,154 - INFO - Example /home/projects/bagon/shared/imagenet512/val/n04554684/ILSVRC2012_val_00041902.JPEG reached epsilon at step 261, loss sum: 29.2234, final loss: 0.00099657, weight distance: 4.3369
2025-09-05 15:08:36,162 - INFO - Example 1372 completed: 261 steps, loss sum: 29.2234, final loss: 0.00099657, weight distance: 4.3369 (universal rank: 44978)
2025-09-05 15:08:36,162 - INFO - 
=== Training Example 1373/1500: /home/projects/bagon/shared/imagenet512/val/n07932039/ILSVRC2012_val_00028866.JPEG ===
2025-09-05 15:08:45,259 - INFO - Example /home/projects/bagon/shared/imagenet512/val/n07932039/ILSVRC2012_val_00028866.JPEG reached epsilon at step 272, loss sum: 55.3991, final loss: 0.00099979, weight distance: 3.6639
2025-09-05 15:08:45,265 - INFO - Example 1373 completed: 272 steps, loss sum: 55.3991, final loss: 0.00099979, weight distance: 3.6639 (universal rank: 44981)
2025-09-05 15:08:45,265 - INFO - 
=== Training Example 1374/1500: /home/projects/bagon/shared/imagenet512/val/n07753113/ILSVRC2012_val_00008180.JPEG ===
2025-09-05 15:08:50,438 - INFO - Example /home/projects/bagon/shared/imagenet512/val/n07753113/ILSVRC2012_val_00008180.JPEG reached epsilon at step 152, loss sum: 31.0466, final loss: 0.00099252, weight distance: 3.1045
2025-09-05 15:08:50,444 - INFO - Example 1374 completed: 152 steps, loss sum: 31.0466, final loss: 0.00099252, weight distance: 3.1045 (universal rank: 44984)
2025-09-05 15:08:50,444 - INFO - 
=== Training Example 1375/1500: /home/projects/bagon/shared/imagenet512/val/n03124043/ILSVRC2012_val_00031385.JPEG ===
2025-09-05 15:08:56,427 - INFO - Example /home/projects/bagon/shared/imagenet512/val/n03124043/ILSVRC2012_val_00031385.JPEG reached epsilon at step 177, loss sum: 30.1410, final loss: 0.00099621, weight distance: 2.2391
2025-09-05 15:08:56,432 - INFO - Example 1375 completed: 177 steps, loss sum: 30.1410, final loss: 0.00099621, weight distance: 2.2391 (universal rank: 44990)
2025-09-05 15:08:56,432 - INFO - 
=== Training Example 1376/1500: /home/projects/bagon/shared/imagenet512/val/n03041632/ILSVRC2012_val_00026439.JPEG ===
2025-09-05 15:09:02,279 - INFO - Example /home/projects/bagon/shared/imagenet512/val/n03041632/ILSVRC2012_val_00026439.JPEG reached epsilon at step 173, loss sum: 23.3261, final loss: 0.00099514, weight distance: 3.3313
2025-09-05 15:09:02,285 - INFO - Example 1376 completed: 173 steps, loss sum: 23.3261, final loss: 0.00099514, weight distance: 3.3313 (universal rank: 44996)
2025-09-05 15:09:02,285 - INFO - 
=== Training Example 1377/1500: /home/projects/bagon/shared/imagenet512/val/n02783161/ILSVRC2012_val_00011882.JPEG ===
2025-09-05 15:09:10,035 - INFO - Example /home/projects/bagon/shared/imagenet512/val/n02783161/ILSVRC2012_val_00011882.JPEG reached epsilon at step 232, loss sum: 23.4361, final loss: 0.00099609, weight distance: 2.5727
2025-09-05 15:09:10,040 - INFO - Example 1377 completed: 232 steps, loss sum: 23.4361, final loss: 0.00099609, weight distance: 2.5727 (universal rank: 45006)
2025-09-05 15:09:10,041 - INFO - 
=== Training Example 1378/1500: /home/projects/bagon/shared/imagenet512/val/n07613480/ILSVRC2012_val_00002270.JPEG ===
2025-09-05 15:09:16,542 - INFO - Example /home/projects/bagon/shared/imagenet512/val/n07613480/ILSVRC2012_val_00002270.JPEG reached epsilon at step 194, loss sum: 48.7813, final loss: 0.00099693, weight distance: 2.9412
2025-09-05 15:09:16,547 - INFO - Example 1378 completed: 194 steps, loss sum: 48.7813, final loss: 0.00099693, weight distance: 2.9412 (universal rank: 45015)
2025-09-05 15:09:16,547 - INFO - 
=== Training Example 1379/1500: /home/projects/bagon/shared/imagenet512/val/n04154565/ILSVRC2012_val_00038927.JPEG ===
2025-09-05 15:09:23,457 - INFO - Example /home/projects/bagon/shared/imagenet512/val/n04154565/ILSVRC2012_val_00038927.JPEG reached epsilon at step 207, loss sum: 19.5289, final loss: 0.00099764, weight distance: 3.9208
2025-09-05 15:09:23,463 - INFO - Example 1379 completed: 207 steps, loss sum: 19.5289, final loss: 0.00099764, weight distance: 3.9208 (universal rank: 45021)
2025-09-05 15:09:23,463 - INFO - 
=== Training Example 1380/1500: /home/projects/bagon/shared/imagenet512/val/n03982430/ILSVRC2012_val_00029391.JPEG ===
2025-09-05 15:09:33,561 - INFO - Example /home/projects/bagon/shared/imagenet512/val/n03982430/ILSVRC2012_val_00029391.JPEG reached epsilon at step 304, loss sum: 25.9596, final loss: 0.00099717, weight distance: 4.5457
2025-09-05 15:09:33,566 - INFO - Example 1380 completed: 304 steps, loss sum: 25.9596, final loss: 0.00099717, weight distance: 4.5457 (universal rank: 45024)
2025-09-05 15:09:33,567 - INFO - 
=== Training Example 1381/1500: /home/projects/bagon/shared/imagenet512/val/n03710193/ILSVRC2012_val_00048410.JPEG ===
2025-09-05 15:09:37,848 - INFO - Example /home/projects/bagon/shared/imagenet512/val/n03710193/ILSVRC2012_val_00048410.JPEG reached epsilon at step 127, loss sum: 21.2635, final loss: 0.00099359, weight distance: 2.1785
2025-09-05 15:09:37,855 - INFO - Example 1381 completed: 127 steps, loss sum: 21.2635, final loss: 0.00099359, weight distance: 2.1785 (universal rank: 45030)
2025-09-05 15:09:37,855 - INFO - 
=== Training Example 1382/1500: /home/projects/bagon/shared/imagenet512/val/n04557648/ILSVRC2012_val_00040070.JPEG ===
2025-09-05 15:09:45,101 - INFO - Example /home/projects/bagon/shared/imagenet512/val/n04557648/ILSVRC2012_val_00040070.JPEG reached epsilon at step 217, loss sum: 21.0666, final loss: 0.00099586, weight distance: 2.6149
2025-09-05 15:09:45,107 - INFO - Example 1382 completed: 217 steps, loss sum: 21.0666, final loss: 0.00099586, weight distance: 2.6149 (universal rank: 45032)
2025-09-05 15:09:45,107 - INFO - 
=== Training Example 1383/1500: /home/projects/bagon/shared/imagenet512/val/n02808304/ILSVRC2012_val_00032096.JPEG ===
2025-09-05 15:09:51,631 - INFO - Example /home/projects/bagon/shared/imagenet512/val/n02808304/ILSVRC2012_val_00032096.JPEG reached epsilon at step 193, loss sum: 31.9710, final loss: 0.00099538, weight distance: 2.7488
2025-09-05 15:09:51,636 - INFO - Example 1383 completed: 193 steps, loss sum: 31.9710, final loss: 0.00099538, weight distance: 2.7488 (universal rank: 45043)
2025-09-05 15:09:51,637 - INFO - 
=== Training Example 1384/1500: /home/projects/bagon/shared/imagenet512/val/n07932039/ILSVRC2012_val_00029971.JPEG ===
2025-09-05 15:09:58,675 - INFO - Example /home/projects/bagon/shared/imagenet512/val/n07932039/ILSVRC2012_val_00029971.JPEG reached epsilon at step 210, loss sum: 52.4215, final loss: 0.00099728, weight distance: 2.5560
2025-09-05 15:09:58,680 - INFO - Example 1384 completed: 210 steps, loss sum: 52.4215, final loss: 0.00099728, weight distance: 2.5560 (universal rank: 45046)
2025-09-05 15:09:58,680 - INFO - 
=== Training Example 1385/1500: /home/projects/bagon/shared/imagenet512/val/n01694178/ILSVRC2012_val_00022997.JPEG ===
2025-09-05 15:10:09,544 - INFO - Example /home/projects/bagon/shared/imagenet512/val/n01694178/ILSVRC2012_val_00022997.JPEG reached epsilon at step 324, loss sum: 27.5895, final loss: 0.00099705, weight distance: 7.7126
2025-09-05 15:10:09,551 - INFO - Example 1385 completed: 324 steps, loss sum: 27.5895, final loss: 0.00099705, weight distance: 7.7126 (universal rank: 45058)
2025-09-05 15:10:09,551 - INFO - 
=== Training Example 1386/1500: /home/projects/bagon/shared/imagenet512/val/n03476684/ILSVRC2012_val_00032145.JPEG ===
2025-09-05 15:10:16,533 - INFO - Example /home/projects/bagon/shared/imagenet512/val/n03476684/ILSVRC2012_val_00032145.JPEG reached epsilon at step 205, loss sum: 18.0312, final loss: 0.00099609, weight distance: 2.8560
2025-09-05 15:10:16,538 - INFO - Example 1386 completed: 205 steps, loss sum: 18.0312, final loss: 0.00099609, weight distance: 2.8560 (universal rank: 45061)
2025-09-05 15:10:16,538 - INFO - 
=== Training Example 1387/1500: /home/projects/bagon/shared/imagenet512/val/n02966687/ILSVRC2012_val_00009310.JPEG ===
2025-09-05 15:10:20,908 - INFO - Example /home/projects/bagon/shared/imagenet512/val/n02966687/ILSVRC2012_val_00009310.JPEG reached epsilon at step 129, loss sum: 20.7576, final loss: 0.00099574, weight distance: 3.0610
2025-09-05 15:10:20,912 - INFO - Example 1387 completed: 129 steps, loss sum: 20.7576, final loss: 0.00099574, weight distance: 3.0610 (universal rank: 45062)
2025-09-05 15:10:20,913 - INFO - 
=== Training Example 1388/1500: /home/projects/bagon/shared/imagenet512/val/n02727426/ILSVRC2012_val_00014240.JPEG ===
2025-09-05 15:10:27,349 - INFO - Example /home/projects/bagon/shared/imagenet512/val/n02727426/ILSVRC2012_val_00014240.JPEG reached epsilon at step 192, loss sum: 16.0069, final loss: 0.00099574, weight distance: 1.6519
2025-09-05 15:10:27,355 - INFO - Example 1388 completed: 192 steps, loss sum: 16.0069, final loss: 0.00099574, weight distance: 1.6519 (universal rank: 45068)
2025-09-05 15:10:27,355 - INFO - 
=== Training Example 1389/1500: /home/projects/bagon/shared/imagenet512/val/n03180011/ILSVRC2012_val_00034300.JPEG ===
2025-09-05 15:10:38,412 - INFO - Example /home/projects/bagon/shared/imagenet512/val/n03180011/ILSVRC2012_val_00034300.JPEG reached epsilon at step 330, loss sum: 18.1349, final loss: 0.00099800, weight distance: 1.2120
2025-09-05 15:10:38,420 - INFO - Example 1389 completed: 330 steps, loss sum: 18.1349, final loss: 0.00099800, weight distance: 1.2120 (universal rank: 45070)
2025-09-05 15:10:38,420 - INFO - 
=== Training Example 1390/1500: /home/projects/bagon/shared/imagenet512/val/n03291819/ILSVRC2012_val_00035328.JPEG ===
2025-09-05 15:10:49,258 - INFO - Example /home/projects/bagon/shared/imagenet512/val/n03291819/ILSVRC2012_val_00035328.JPEG reached epsilon at step 325, loss sum: 20.7793, final loss: 0.00099907, weight distance: 2.8077
2025-09-05 15:10:49,265 - INFO - Example 1390 completed: 325 steps, loss sum: 20.7793, final loss: 0.00099907, weight distance: 2.8077 (universal rank: 45080)
2025-09-05 15:10:49,265 - INFO - 
=== Training Example 1391/1500: /home/projects/bagon/shared/imagenet512/val/n03483316/ILSVRC2012_val_00002351.JPEG ===
2025-09-05 15:10:58,274 - INFO - Example /home/projects/bagon/shared/imagenet512/val/n03483316/ILSVRC2012_val_00002351.JPEG reached epsilon at step 267, loss sum: 20.6713, final loss: 0.00099645, weight distance: 2.4704
2025-09-05 15:10:58,280 - INFO - Example 1391 completed: 267 steps, loss sum: 20.6713, final loss: 0.00099645, weight distance: 2.4704 (universal rank: 45085)
2025-09-05 15:10:58,280 - INFO - 
=== Training Example 1392/1500: /home/projects/bagon/shared/imagenet512/val/n07920052/ILSVRC2012_val_00013375.JPEG ===
2025-09-05 15:11:06,922 - INFO - Example /home/projects/bagon/shared/imagenet512/val/n07920052/ILSVRC2012_val_00013375.JPEG reached epsilon at step 257, loss sum: 26.3351, final loss: 0.00099669, weight distance: 2.3930
2025-09-05 15:11:06,927 - INFO - Example 1392 completed: 257 steps, loss sum: 26.3351, final loss: 0.00099669, weight distance: 2.3930 (universal rank: 45087)
2025-09-05 15:11:06,927 - INFO - 
=== Training Example 1393/1500: /home/projects/bagon/shared/imagenet512/val/n02105505/ILSVRC2012_val_00007059.JPEG ===
2025-09-05 15:11:16,503 - INFO - Example /home/projects/bagon/shared/imagenet512/val/n02105505/ILSVRC2012_val_00007059.JPEG reached epsilon at step 284, loss sum: 32.0690, final loss: 0.00099669, weight distance: 2.0176
2025-09-05 15:11:16,508 - INFO - Example 1393 completed: 284 steps, loss sum: 32.0690, final loss: 0.00099669, weight distance: 2.0176 (universal rank: 45090)
2025-09-05 15:11:16,508 - INFO - 
=== Training Example 1394/1500: /home/projects/bagon/shared/imagenet512/val/n03899768/ILSVRC2012_val_00046336.JPEG ===
2025-09-05 15:11:22,358 - INFO - Example /home/projects/bagon/shared/imagenet512/val/n03899768/ILSVRC2012_val_00046336.JPEG reached epsilon at step 173, loss sum: 17.2108, final loss: 0.00099586, weight distance: 1.8225
2025-09-05 15:11:22,364 - INFO - Example 1394 completed: 173 steps, loss sum: 17.2108, final loss: 0.00099586, weight distance: 1.8225 (universal rank: 45094)
2025-09-05 15:11:22,364 - INFO - 
=== Training Example 1395/1500: /home/projects/bagon/shared/imagenet512/val/n04548362/ILSVRC2012_val_00008472.JPEG ===
2025-09-05 15:11:25,956 - INFO - Example /home/projects/bagon/shared/imagenet512/val/n04548362/ILSVRC2012_val_00008472.JPEG reached epsilon at step 106, loss sum: 17.4174, final loss: 0.00099264, weight distance: 2.6189
2025-09-05 15:11:25,961 - INFO - Example 1395 completed: 106 steps, loss sum: 17.4174, final loss: 0.00099264, weight distance: 2.6189 (universal rank: 45102)
2025-09-05 15:11:25,961 - INFO - 
=== Training Example 1396/1500: /home/projects/bagon/shared/imagenet512/val/n03028079/ILSVRC2012_val_00039053.JPEG ===
2025-09-05 15:11:34,016 - INFO - Example /home/projects/bagon/shared/imagenet512/val/n03028079/ILSVRC2012_val_00039053.JPEG reached epsilon at step 239, loss sum: 21.9194, final loss: 0.00099919, weight distance: 3.9378
2025-09-05 15:11:34,022 - INFO - Example 1396 completed: 239 steps, loss sum: 21.9194, final loss: 0.00099919, weight distance: 3.9378 (universal rank: 45105)
2025-09-05 15:11:34,022 - INFO - 
=== Training Example 1397/1500: /home/projects/bagon/shared/imagenet512/val/n02749479/ILSVRC2012_val_00033972.JPEG ===
2025-09-05 15:11:43,427 - INFO - Example /home/projects/bagon/shared/imagenet512/val/n02749479/ILSVRC2012_val_00033972.JPEG reached epsilon at step 279, loss sum: 29.6218, final loss: 0.00099717, weight distance: 1.8929
2025-09-05 15:11:43,433 - INFO - Example 1397 completed: 279 steps, loss sum: 29.6218, final loss: 0.00099717, weight distance: 1.8929 (universal rank: 45111)
2025-09-05 15:11:43,433 - INFO - 
=== Training Example 1398/1500: /home/projects/bagon/shared/imagenet512/val/n01739381/ILSVRC2012_val_00047211.JPEG ===
2025-09-05 15:11:51,642 - INFO - Example /home/projects/bagon/shared/imagenet512/val/n01739381/ILSVRC2012_val_00047211.JPEG reached epsilon at step 243, loss sum: 35.9715, final loss: 0.00099859, weight distance: 3.1741
2025-09-05 15:11:51,647 - INFO - Example 1398 completed: 243 steps, loss sum: 35.9715, final loss: 0.00099859, weight distance: 3.1741 (universal rank: 45116)
2025-09-05 15:11:51,647 - INFO - 
=== Training Example 1399/1500: /home/projects/bagon/shared/imagenet512/val/n04557648/ILSVRC2012_val_00036165.JPEG ===
2025-09-05 15:12:02,051 - INFO - Example /home/projects/bagon/shared/imagenet512/val/n04557648/ILSVRC2012_val_00036165.JPEG reached epsilon at step 310, loss sum: 23.4233, final loss: 0.00099943, weight distance: 3.2889
2025-09-05 15:12:02,056 - INFO - Example 1399 completed: 310 steps, loss sum: 23.4233, final loss: 0.00099943, weight distance: 3.2889 (universal rank: 45121)
2025-09-05 15:12:02,056 - INFO - 
=== Training Example 1400/1500: /home/projects/bagon/shared/imagenet512/val/n03710637/ILSVRC2012_val_00007816.JPEG ===
2025-09-05 15:12:06,779 - INFO - Example /home/projects/bagon/shared/imagenet512/val/n03710637/ILSVRC2012_val_00007816.JPEG reached epsilon at step 138, loss sum: 32.2467, final loss: 0.00099514, weight distance: 1.0171
2025-09-05 15:12:06,784 - INFO - Example 1400 completed: 138 steps, loss sum: 32.2467, final loss: 0.00099514, weight distance: 1.0171 (universal rank: 45125)
2025-09-05 15:12:06,784 - INFO - 
=== Training Example 1401/1500: /home/projects/bagon/shared/imagenet512/val/n03216828/ILSVRC2012_val_00040816.JPEG ===
2025-09-05 15:12:18,107 - INFO - Example /home/projects/bagon/shared/imagenet512/val/n03216828/ILSVRC2012_val_00040816.JPEG reached epsilon at step 338, loss sum: 20.1700, final loss: 0.00099204, weight distance: 1.8277
2025-09-05 15:12:18,113 - INFO - Example 1401 completed: 338 steps, loss sum: 20.1700, final loss: 0.00099204, weight distance: 1.8277 (universal rank: 45133)
2025-09-05 15:12:18,113 - INFO - 
=== Training Example 1402/1500: /home/projects/bagon/shared/imagenet512/val/n03355925/ILSVRC2012_val_00027876.JPEG ===
2025-09-05 15:12:27,340 - INFO - Example /home/projects/bagon/shared/imagenet512/val/n03355925/ILSVRC2012_val_00027876.JPEG reached epsilon at step 276, loss sum: 18.8629, final loss: 0.00099871, weight distance: 2.8399
2025-09-05 15:12:27,346 - INFO - Example 1402 completed: 276 steps, loss sum: 18.8629, final loss: 0.00099871, weight distance: 2.8399 (universal rank: 45145)
2025-09-05 15:12:27,346 - INFO - 
=== Training Example 1403/1500: /home/projects/bagon/shared/imagenet512/val/n07730033/ILSVRC2012_val_00041676.JPEG ===
2025-09-05 15:12:41,620 - INFO - Example /home/projects/bagon/shared/imagenet512/val/n07730033/ILSVRC2012_val_00041676.JPEG reached epsilon at step 431, loss sum: 24.1253, final loss: 0.00099848, weight distance: 3.0352
2025-09-05 15:12:41,626 - INFO - Example 1403 completed: 431 steps, loss sum: 24.1253, final loss: 0.00099848, weight distance: 3.0352 (universal rank: 45147)
2025-09-05 15:12:41,626 - INFO - 
=== Training Example 1404/1500: /home/projects/bagon/shared/imagenet512/val/n04525038/ILSVRC2012_val_00005680.JPEG ===
2025-09-05 15:12:49,789 - INFO - Example /home/projects/bagon/shared/imagenet512/val/n04525038/ILSVRC2012_val_00005680.JPEG reached epsilon at step 244, loss sum: 18.9631, final loss: 0.00099967, weight distance: 2.3524
2025-09-05 15:12:49,796 - INFO - Example 1404 completed: 244 steps, loss sum: 18.9631, final loss: 0.00099967, weight distance: 2.3524 (universal rank: 45148)
2025-09-05 15:12:49,796 - INFO - 
=== Training Example 1405/1500: /home/projects/bagon/shared/imagenet512/val/n04522168/ILSVRC2012_val_00028768.JPEG ===
2025-09-05 15:12:54,947 - INFO - Example /home/projects/bagon/shared/imagenet512/val/n04522168/ILSVRC2012_val_00028768.JPEG reached epsilon at step 153, loss sum: 13.8565, final loss: 0.00099443, weight distance: 4.3964
2025-09-05 15:12:54,952 - INFO - Example 1405 completed: 153 steps, loss sum: 13.8565, final loss: 0.00099443, weight distance: 4.3964 (universal rank: 45156)
2025-09-05 15:12:54,952 - INFO - 
=== Training Example 1406/1500: /home/projects/bagon/shared/imagenet512/val/n03692522/ILSVRC2012_val_00049785.JPEG ===
2025-09-05 15:13:02,856 - INFO - Example /home/projects/bagon/shared/imagenet512/val/n03692522/ILSVRC2012_val_00049785.JPEG reached epsilon at step 236, loss sum: 26.9974, final loss: 0.00099681, weight distance: 2.5699
2025-09-05 15:13:02,862 - INFO - Example 1406 completed: 236 steps, loss sum: 26.9974, final loss: 0.00099681, weight distance: 2.5699 (universal rank: 45159)
2025-09-05 15:13:02,862 - INFO - 
=== Training Example 1407/1500: /home/projects/bagon/shared/imagenet512/val/n02795169/ILSVRC2012_val_00025231.JPEG ===
2025-09-05 15:13:04,690 - INFO - Example /home/projects/bagon/shared/imagenet512/val/n02795169/ILSVRC2012_val_00025231.JPEG reached epsilon at step 53, loss sum: 13.7757, final loss: 0.00098692, weight distance: 3.9105
2025-09-05 15:13:04,695 - INFO - Example 1407 completed: 53 steps, loss sum: 13.7757, final loss: 0.00098692, weight distance: 3.9105 (universal rank: 45168)
2025-09-05 15:13:04,695 - INFO - 
=== Training Example 1408/1500: /home/projects/bagon/shared/imagenet512/val/n03443371/ILSVRC2012_val_00003868.JPEG ===
2025-09-05 15:13:13,117 - INFO - Example /home/projects/bagon/shared/imagenet512/val/n03443371/ILSVRC2012_val_00003868.JPEG reached epsilon at step 253, loss sum: 37.1694, final loss: 0.00099586, weight distance: 3.3602
2025-09-05 15:13:13,121 - INFO - Example 1408 completed: 253 steps, loss sum: 37.1694, final loss: 0.00099586, weight distance: 3.3602 (universal rank: 45178)
2025-09-05 15:13:13,122 - INFO - 
=== Training Example 1409/1500: /home/projects/bagon/shared/imagenet512/val/n03980874/ILSVRC2012_val_00027107.JPEG ===
2025-09-05 15:13:19,111 - INFO - Example /home/projects/bagon/shared/imagenet512/val/n03980874/ILSVRC2012_val_00027107.JPEG reached epsilon at step 179, loss sum: 45.2703, final loss: 0.00099645, weight distance: 4.6308
2025-09-05 15:13:19,117 - INFO - Example 1409 completed: 179 steps, loss sum: 45.2703, final loss: 0.00099645, weight distance: 4.6308 (universal rank: 45179)
2025-09-05 15:13:19,117 - INFO - 
=== Training Example 1410/1500: /home/projects/bagon/shared/imagenet512/val/n04612504/ILSVRC2012_val_00011193.JPEG ===
2025-09-05 15:13:24,885 - INFO - Example /home/projects/bagon/shared/imagenet512/val/n04612504/ILSVRC2012_val_00011193.JPEG reached epsilon at step 173, loss sum: 18.1272, final loss: 0.00099919, weight distance: 2.1086
2025-09-05 15:13:24,890 - INFO - Example 1410 completed: 173 steps, loss sum: 18.1272, final loss: 0.00099919, weight distance: 2.1086 (universal rank: 45186)
2025-09-05 15:13:24,890 - INFO - 
=== Training Example 1411/1500: /home/projects/bagon/shared/imagenet512/val/n03125729/ILSVRC2012_val_00008716.JPEG ===
2025-09-05 15:13:38,417 - INFO - Example /home/projects/bagon/shared/imagenet512/val/n03125729/ILSVRC2012_val_00008716.JPEG reached epsilon at step 406, loss sum: 53.5634, final loss: 0.00099836, weight distance: 3.8387
2025-09-05 15:13:38,423 - INFO - Example 1411 completed: 406 steps, loss sum: 53.5634, final loss: 0.00099836, weight distance: 3.8387 (universal rank: 45192)
2025-09-05 15:13:38,423 - INFO - 
=== Training Example 1412/1500: /home/projects/bagon/shared/imagenet512/val/n04162706/ILSVRC2012_val_00028611.JPEG ===
2025-09-05 15:13:46,390 - INFO - Example /home/projects/bagon/shared/imagenet512/val/n04162706/ILSVRC2012_val_00028611.JPEG reached epsilon at step 239, loss sum: 46.8996, final loss: 0.00099740, weight distance: 3.3241
2025-09-05 15:13:46,398 - INFO - Example 1412 completed: 239 steps, loss sum: 46.8996, final loss: 0.00099740, weight distance: 3.3241 (universal rank: 45197)
2025-09-05 15:13:46,399 - INFO - 
=== Training Example 1413/1500: /home/projects/bagon/shared/imagenet512/val/n02667093/ILSVRC2012_val_00044339.JPEG ===
2025-09-05 15:13:52,274 - INFO - Example /home/projects/bagon/shared/imagenet512/val/n02667093/ILSVRC2012_val_00044339.JPEG reached epsilon at step 174, loss sum: 19.7204, final loss: 0.00099871, weight distance: 3.3704
2025-09-05 15:13:52,281 - INFO - Example 1413 completed: 174 steps, loss sum: 19.7204, final loss: 0.00099871, weight distance: 3.3704 (universal rank: 45212)
2025-09-05 15:13:52,281 - INFO - 
=== Training Example 1414/1500: /home/projects/bagon/shared/imagenet512/val/n04493381/ILSVRC2012_val_00015609.JPEG ===
2025-09-05 15:13:58,124 - INFO - Example /home/projects/bagon/shared/imagenet512/val/n04493381/ILSVRC2012_val_00015609.JPEG reached epsilon at step 172, loss sum: 27.8338, final loss: 0.00099478, weight distance: 1.5762
2025-09-05 15:13:58,129 - INFO - Example 1414 completed: 172 steps, loss sum: 27.8338, final loss: 0.00099478, weight distance: 1.5762 (universal rank: 45221)
2025-09-05 15:13:58,129 - INFO - 
=== Training Example 1415/1500: /home/projects/bagon/shared/imagenet512/val/n03085013/ILSVRC2012_val_00025409.JPEG ===
2025-09-05 15:14:09,668 - INFO - Example /home/projects/bagon/shared/imagenet512/val/n03085013/ILSVRC2012_val_00025409.JPEG reached epsilon at step 346, loss sum: 35.1083, final loss: 0.00099693, weight distance: 1.8717
2025-09-05 15:14:09,674 - INFO - Example 1415 completed: 346 steps, loss sum: 35.1083, final loss: 0.00099693, weight distance: 1.8717 (universal rank: 45222)
2025-09-05 15:14:09,674 - INFO - 
=== Training Example 1416/1500: /home/projects/bagon/shared/imagenet512/val/n04235860/ILSVRC2012_val_00007955.JPEG ===
2025-09-05 15:14:14,287 - INFO - Example /home/projects/bagon/shared/imagenet512/val/n04235860/ILSVRC2012_val_00007955.JPEG reached epsilon at step 137, loss sum: 22.2078, final loss: 0.00098704, weight distance: 3.4318
2025-09-05 15:14:14,291 - INFO - Example 1416 completed: 137 steps, loss sum: 22.2078, final loss: 0.00098704, weight distance: 3.4318 (universal rank: 45226)
2025-09-05 15:14:14,292 - INFO - 
=== Training Example 1417/1500: /home/projects/bagon/shared/imagenet512/val/n03724870/ILSVRC2012_val_00003148.JPEG ===
2025-09-05 15:14:20,874 - INFO - Example /home/projects/bagon/shared/imagenet512/val/n03724870/ILSVRC2012_val_00003148.JPEG reached epsilon at step 196, loss sum: 16.7057, final loss: 0.00099764, weight distance: 2.6809
2025-09-05 15:14:20,880 - INFO - Example 1417 completed: 196 steps, loss sum: 16.7057, final loss: 0.00099764, weight distance: 2.6809 (universal rank: 45228)
2025-09-05 15:14:20,880 - INFO - 
=== Training Example 1418/1500: /home/projects/bagon/shared/imagenet512/val/n03958227/ILSVRC2012_val_00027015.JPEG ===
2025-09-05 15:14:27,529 - INFO - Example /home/projects/bagon/shared/imagenet512/val/n03958227/ILSVRC2012_val_00027015.JPEG reached epsilon at step 199, loss sum: 18.5358, final loss: 0.00099740, weight distance: 2.5013
2025-09-05 15:14:27,534 - INFO - Example 1418 completed: 199 steps, loss sum: 18.5358, final loss: 0.00099740, weight distance: 2.5013 (universal rank: 45240)
2025-09-05 15:14:27,534 - INFO - 
=== Training Example 1419/1500: /home/projects/bagon/shared/imagenet512/val/n03759954/ILSVRC2012_val_00034944.JPEG ===
2025-09-05 15:14:33,070 - INFO - Example /home/projects/bagon/shared/imagenet512/val/n03759954/ILSVRC2012_val_00034944.JPEG reached epsilon at step 165, loss sum: 21.3953, final loss: 0.00096501, weight distance: 3.4079
2025-09-05 15:14:33,075 - INFO - Example 1419 completed: 165 steps, loss sum: 21.3953, final loss: 0.00096501, weight distance: 3.4079 (universal rank: 45241)
2025-09-05 15:14:33,075 - INFO - 
=== Training Example 1420/1500: /home/projects/bagon/shared/imagenet512/val/n02981792/ILSVRC2012_val_00020540.JPEG ===
2025-09-05 15:14:50,730 - INFO - Example /home/projects/bagon/shared/imagenet512/val/n02981792/ILSVRC2012_val_00020540.JPEG reached epsilon at step 530, loss sum: 44.7430, final loss: 0.00099848, weight distance: 2.2269
2025-09-05 15:14:50,736 - INFO - Example 1420 completed: 530 steps, loss sum: 44.7430, final loss: 0.00099848, weight distance: 2.2269 (universal rank: 45247)
2025-09-05 15:14:50,737 - INFO - 
=== Training Example 1421/1500: /home/projects/bagon/shared/imagenet512/val/n02074367/ILSVRC2012_val_00002000.JPEG ===
2025-09-05 15:14:56,809 - INFO - Example /home/projects/bagon/shared/imagenet512/val/n02074367/ILSVRC2012_val_00002000.JPEG reached epsilon at step 180, loss sum: 25.9386, final loss: 0.00099740, weight distance: 4.2129
2025-09-05 15:14:56,816 - INFO - Example 1421 completed: 180 steps, loss sum: 25.9386, final loss: 0.00099740, weight distance: 4.2129 (universal rank: 45250)
2025-09-05 15:14:56,816 - INFO - 
=== Training Example 1422/1500: /home/projects/bagon/shared/imagenet512/val/n02992529/ILSVRC2012_val_00031438.JPEG ===
2025-09-05 15:15:06,109 - INFO - Example /home/projects/bagon/shared/imagenet512/val/n02992529/ILSVRC2012_val_00031438.JPEG reached epsilon at step 278, loss sum: 33.1646, final loss: 0.00099717, weight distance: 2.9326
2025-09-05 15:15:06,114 - INFO - Example 1422 completed: 278 steps, loss sum: 33.1646, final loss: 0.00099717, weight distance: 2.9326 (universal rank: 45251)
2025-09-05 15:15:06,115 - INFO - 
=== Training Example 1423/1500: /home/projects/bagon/shared/imagenet512/val/n03877845/ILSVRC2012_val_00022667.JPEG ===
2025-09-05 15:15:13,560 - INFO - Example /home/projects/bagon/shared/imagenet512/val/n03877845/ILSVRC2012_val_00022667.JPEG reached epsilon at step 223, loss sum: 25.0184, final loss: 0.00099824, weight distance: 3.0573
2025-09-05 15:15:13,565 - INFO - Example 1423 completed: 223 steps, loss sum: 25.0184, final loss: 0.00099824, weight distance: 3.0573 (universal rank: 45258)
2025-09-05 15:15:13,565 - INFO - 
=== Training Example 1424/1500: /home/projects/bagon/shared/imagenet512/val/n03014705/ILSVRC2012_val_00044628.JPEG ===
2025-09-05 15:15:18,866 - INFO - Example /home/projects/bagon/shared/imagenet512/val/n03014705/ILSVRC2012_val_00044628.JPEG reached epsilon at step 158, loss sum: 28.6775, final loss: 0.00099824, weight distance: 3.1270
2025-09-05 15:15:18,872 - INFO - Example 1424 completed: 158 steps, loss sum: 28.6775, final loss: 0.00099824, weight distance: 3.1270 (universal rank: 45260)
2025-09-05 15:15:18,872 - INFO - 
=== Training Example 1425/1500: /home/projects/bagon/shared/imagenet512/val/n04612504/ILSVRC2012_val_00041292.JPEG ===
2025-09-05 15:15:23,196 - INFO - Example /home/projects/bagon/shared/imagenet512/val/n04612504/ILSVRC2012_val_00041292.JPEG reached epsilon at step 129, loss sum: 15.4639, final loss: 0.00099681, weight distance: 2.2201
2025-09-05 15:15:23,201 - INFO - Example 1425 completed: 129 steps, loss sum: 15.4639, final loss: 0.00099681, weight distance: 2.2201 (universal rank: 45261)
2025-09-05 15:15:23,201 - INFO - 
=== Training Example 1426/1500: /home/projects/bagon/shared/imagenet512/val/n02108089/ILSVRC2012_val_00023231.JPEG ===
2025-09-05 15:15:29,295 - INFO - Example /home/projects/bagon/shared/imagenet512/val/n02108089/ILSVRC2012_val_00023231.JPEG reached epsilon at step 183, loss sum: 27.5585, final loss: 0.00099562, weight distance: 4.2463
2025-09-05 15:15:29,301 - INFO - Example 1426 completed: 183 steps, loss sum: 27.5585, final loss: 0.00099562, weight distance: 4.2463 (universal rank: 45270)
2025-09-05 15:15:29,301 - INFO - 
=== Training Example 1427/1500: /home/projects/bagon/shared/imagenet512/val/n03594734/ILSVRC2012_val_00000110.JPEG ===
2025-09-05 15:15:39,375 - INFO - Example /home/projects/bagon/shared/imagenet512/val/n03594734/ILSVRC2012_val_00000110.JPEG reached epsilon at step 303, loss sum: 24.1326, final loss: 0.00099895, weight distance: 3.0514
2025-09-05 15:15:39,381 - INFO - Example 1427 completed: 303 steps, loss sum: 24.1326, final loss: 0.00099895, weight distance: 3.0514 (universal rank: 45272)
2025-09-05 15:15:39,381 - INFO - 
=== Training Example 1428/1500: /home/projects/bagon/shared/imagenet512/val/n02088632/ILSVRC2012_val_00032000.JPEG ===
2025-09-05 15:15:45,981 - INFO - Example /home/projects/bagon/shared/imagenet512/val/n02088632/ILSVRC2012_val_00032000.JPEG reached epsilon at step 198, loss sum: 21.3448, final loss: 0.00099657, weight distance: 2.3475
2025-09-05 15:15:45,986 - INFO - Example 1428 completed: 198 steps, loss sum: 21.3448, final loss: 0.00099657, weight distance: 2.3475 (universal rank: 45284)
2025-09-05 15:15:45,986 - INFO - 
=== Training Example 1429/1500: /home/projects/bagon/shared/imagenet512/val/n01985128/ILSVRC2012_val_00025521.JPEG ===
2025-09-05 15:15:53,213 - INFO - Example /home/projects/bagon/shared/imagenet512/val/n01985128/ILSVRC2012_val_00025521.JPEG reached epsilon at step 215, loss sum: 20.9043, final loss: 0.00099538, weight distance: 3.9042
2025-09-05 15:15:53,219 - INFO - Example 1429 completed: 215 steps, loss sum: 20.9043, final loss: 0.00099538, weight distance: 3.9042 (universal rank: 45289)
2025-09-05 15:15:53,219 - INFO - 
=== Training Example 1430/1500: /home/projects/bagon/shared/imagenet512/val/n02483708/ILSVRC2012_val_00022740.JPEG ===
2025-09-05 15:16:01,493 - INFO - Example /home/projects/bagon/shared/imagenet512/val/n02483708/ILSVRC2012_val_00022740.JPEG reached epsilon at step 248, loss sum: 31.5653, final loss: 0.00099907, weight distance: 3.4332
2025-09-05 15:16:01,499 - INFO - Example 1430 completed: 248 steps, loss sum: 31.5653, final loss: 0.00099907, weight distance: 3.4332 (universal rank: 45290)
2025-09-05 15:16:01,500 - INFO - 
=== Training Example 1431/1500: /home/projects/bagon/shared/imagenet512/val/n03782006/ILSVRC2012_val_00018187.JPEG ===
2025-09-05 15:16:06,709 - INFO - Example /home/projects/bagon/shared/imagenet512/val/n03782006/ILSVRC2012_val_00018187.JPEG reached epsilon at step 155, loss sum: 11.2768, final loss: 0.00099776, weight distance: 1.0556
2025-09-05 15:16:06,714 - INFO - Example 1431 completed: 155 steps, loss sum: 11.2768, final loss: 0.00099776, weight distance: 1.0556 (universal rank: 45293)
2025-09-05 15:16:06,715 - INFO - 
=== Training Example 1432/1500: /home/projects/bagon/shared/imagenet512/val/n02422699/ILSVRC2012_val_00025116.JPEG ===
2025-09-05 15:16:11,005 - INFO - Example /home/projects/bagon/shared/imagenet512/val/n02422699/ILSVRC2012_val_00025116.JPEG reached epsilon at step 127, loss sum: 25.3123, final loss: 0.00099919, weight distance: 2.5951
2025-09-05 15:16:11,010 - INFO - Example 1432 completed: 127 steps, loss sum: 25.3123, final loss: 0.00099919, weight distance: 2.5951 (universal rank: 45298)
2025-09-05 15:16:11,010 - INFO - 
=== Training Example 1433/1500: /home/projects/bagon/shared/imagenet512/val/n03017168/ILSVRC2012_val_00035306.JPEG ===
2025-09-05 15:16:16,010 - INFO - Example /home/projects/bagon/shared/imagenet512/val/n03017168/ILSVRC2012_val_00035306.JPEG reached epsilon at step 149, loss sum: 14.3411, final loss: 0.00099740, weight distance: 2.3798
2025-09-05 15:16:16,015 - INFO - Example 1433 completed: 149 steps, loss sum: 14.3411, final loss: 0.00099740, weight distance: 2.3798 (universal rank: 45306)
2025-09-05 15:16:16,016 - INFO - 
=== Training Example 1434/1500: /home/projects/bagon/shared/imagenet512/val/n06785654/ILSVRC2012_val_00046723.JPEG ===
2025-09-05 15:16:24,393 - INFO - Example /home/projects/bagon/shared/imagenet512/val/n06785654/ILSVRC2012_val_00046723.JPEG reached epsilon at step 251, loss sum: 40.4352, final loss: 0.00099990, weight distance: 2.6904
2025-09-05 15:16:24,400 - INFO - Example 1434 completed: 251 steps, loss sum: 40.4352, final loss: 0.00099990, weight distance: 2.6904 (universal rank: 45309)
2025-09-05 15:16:24,400 - INFO - 
=== Training Example 1435/1500: /home/projects/bagon/shared/imagenet512/val/n03884397/ILSVRC2012_val_00039417.JPEG ===
2025-09-05 15:16:32,187 - INFO - Example /home/projects/bagon/shared/imagenet512/val/n03884397/ILSVRC2012_val_00039417.JPEG reached epsilon at step 232, loss sum: 11.4797, final loss: 0.00099621, weight distance: 2.7608
2025-09-05 15:16:32,193 - INFO - Example 1435 completed: 232 steps, loss sum: 11.4797, final loss: 0.00099621, weight distance: 2.7608 (universal rank: 45317)
2025-09-05 15:16:32,193 - INFO - 
=== Training Example 1436/1500: /home/projects/bagon/shared/imagenet512/val/n03803284/ILSVRC2012_val_00049210.JPEG ===
2025-09-05 15:16:40,253 - INFO - Example /home/projects/bagon/shared/imagenet512/val/n03803284/ILSVRC2012_val_00049210.JPEG reached epsilon at step 241, loss sum: 50.2064, final loss: 0.00099871, weight distance: 4.4156
2025-09-05 15:16:40,260 - INFO - Example 1436 completed: 241 steps, loss sum: 50.2064, final loss: 0.00099871, weight distance: 4.4156 (universal rank: 45318)
2025-09-05 15:16:40,260 - INFO - 
=== Training Example 1437/1500: /home/projects/bagon/shared/imagenet512/val/n04428191/ILSVRC2012_val_00031546.JPEG ===
2025-09-05 15:16:45,038 - INFO - Example /home/projects/bagon/shared/imagenet512/val/n04428191/ILSVRC2012_val_00031546.JPEG reached epsilon at step 142, loss sum: 12.9057, final loss: 0.00099717, weight distance: 2.6712
2025-09-05 15:16:45,042 - INFO - Example 1437 completed: 142 steps, loss sum: 12.9057, final loss: 0.00099717, weight distance: 2.6712 (universal rank: 45324)
2025-09-05 15:16:45,043 - INFO - 
=== Training Example 1438/1500: /home/projects/bagon/shared/imagenet512/val/n04554684/ILSVRC2012_val_00022249.JPEG ===
2025-09-05 15:16:56,591 - INFO - Example /home/projects/bagon/shared/imagenet512/val/n04554684/ILSVRC2012_val_00022249.JPEG reached epsilon at step 345, loss sum: 33.8994, final loss: 0.00099895, weight distance: 5.4795
2025-09-05 15:16:56,597 - INFO - Example 1438 completed: 345 steps, loss sum: 33.8994, final loss: 0.00099895, weight distance: 5.4795 (universal rank: 45327)
2025-09-05 15:16:56,598 - INFO - 
=== Training Example 1439/1500: /home/projects/bagon/shared/imagenet512/val/n04141975/ILSVRC2012_val_00006418.JPEG ===
2025-09-05 15:17:01,246 - INFO - Example /home/projects/bagon/shared/imagenet512/val/n04141975/ILSVRC2012_val_00006418.JPEG reached epsilon at step 138, loss sum: 17.0213, final loss: 0.00099204, weight distance: 3.5706
2025-09-05 15:17:01,251 - INFO - Example 1439 completed: 138 steps, loss sum: 17.0213, final loss: 0.00099204, weight distance: 3.5706 (universal rank: 45328)
2025-09-05 15:17:01,252 - INFO - 
=== Training Example 1440/1500: /home/projects/bagon/shared/imagenet512/val/n03196217/ILSVRC2012_val_00019501.JPEG ===
2025-09-05 15:17:04,708 - INFO - Example /home/projects/bagon/shared/imagenet512/val/n03196217/ILSVRC2012_val_00019501.JPEG reached epsilon at step 102, loss sum: 21.6218, final loss: 0.00099621, weight distance: 0.9346
2025-09-05 15:17:04,715 - INFO - Example 1440 completed: 102 steps, loss sum: 21.6218, final loss: 0.00099621, weight distance: 0.9346 (universal rank: 45332)
2025-09-05 15:17:04,715 - INFO - 
=== Training Example 1441/1500: /home/projects/bagon/shared/imagenet512/val/n03372029/ILSVRC2012_val_00002542.JPEG ===
2025-09-05 15:17:10,841 - INFO - Example /home/projects/bagon/shared/imagenet512/val/n03372029/ILSVRC2012_val_00002542.JPEG reached epsilon at step 182, loss sum: 13.1106, final loss: 0.00099609, weight distance: 2.1765
2025-09-05 15:17:10,846 - INFO - Example 1441 completed: 182 steps, loss sum: 13.1106, final loss: 0.00099609, weight distance: 2.1765 (universal rank: 45334)
2025-09-05 15:17:10,846 - INFO - 
=== Training Example 1442/1500: /home/projects/bagon/shared/imagenet512/val/n03970156/ILSVRC2012_val_00011268.JPEG ===
2025-09-05 15:17:15,290 - INFO - Example /home/projects/bagon/shared/imagenet512/val/n03970156/ILSVRC2012_val_00011268.JPEG reached epsilon at step 132, loss sum: 18.7671, final loss: 0.00099705, weight distance: 6.2454
2025-09-05 15:17:15,295 - INFO - Example 1442 completed: 132 steps, loss sum: 18.7671, final loss: 0.00099705, weight distance: 6.2454 (universal rank: 45339)
2025-09-05 15:17:15,295 - INFO - 
=== Training Example 1443/1500: /home/projects/bagon/shared/imagenet512/val/n01756291/ILSVRC2012_val_00036067.JPEG ===
2025-09-05 15:17:19,301 - INFO - Example /home/projects/bagon/shared/imagenet512/val/n01756291/ILSVRC2012_val_00036067.JPEG reached epsilon at step 118, loss sum: 21.1531, final loss: 0.00099788, weight distance: 2.0898
2025-09-05 15:17:19,306 - INFO - Example 1443 completed: 118 steps, loss sum: 21.1531, final loss: 0.00099788, weight distance: 2.0898 (universal rank: 45341)
2025-09-05 15:17:19,306 - INFO - 
=== Training Example 1444/1500: /home/projects/bagon/shared/imagenet512/val/n02807133/ILSVRC2012_val_00037542.JPEG ===
2025-09-05 15:17:25,023 - INFO - Example /home/projects/bagon/shared/imagenet512/val/n02807133/ILSVRC2012_val_00037542.JPEG reached epsilon at step 171, loss sum: 18.7045, final loss: 0.00099466, weight distance: 2.2176
2025-09-05 15:17:25,029 - INFO - Example 1444 completed: 171 steps, loss sum: 18.7045, final loss: 0.00099466, weight distance: 2.2176 (universal rank: 45347)
2025-09-05 15:17:25,029 - INFO - 
=== Training Example 1445/1500: /home/projects/bagon/shared/imagenet512/val/n03535780/ILSVRC2012_val_00004312.JPEG ===
2025-09-05 15:17:29,657 - INFO - Example /home/projects/bagon/shared/imagenet512/val/n03535780/ILSVRC2012_val_00004312.JPEG reached epsilon at step 137, loss sum: 24.1353, final loss: 0.00099228, weight distance: 2.2731
2025-09-05 15:17:29,661 - INFO - Example 1445 completed: 137 steps, loss sum: 24.1353, final loss: 0.00099228, weight distance: 2.2731 (universal rank: 45352)
2025-09-05 15:17:29,662 - INFO - 
=== Training Example 1446/1500: /home/projects/bagon/shared/imagenet512/val/n04204347/ILSVRC2012_val_00004046.JPEG ===
2025-09-05 15:17:34,656 - INFO - Example /home/projects/bagon/shared/imagenet512/val/n04204347/ILSVRC2012_val_00004046.JPEG reached epsilon at step 149, loss sum: 21.5168, final loss: 0.00099478, weight distance: 1.0567
2025-09-05 15:17:34,661 - INFO - Example 1446 completed: 149 steps, loss sum: 21.5168, final loss: 0.00099478, weight distance: 1.0567 (universal rank: 45353)
2025-09-05 15:17:34,661 - INFO - 
=== Training Example 1447/1500: /home/projects/bagon/shared/imagenet512/val/n01667778/ILSVRC2012_val_00015475.JPEG ===
2025-09-05 15:17:45,724 - INFO - Example /home/projects/bagon/shared/imagenet512/val/n01667778/ILSVRC2012_val_00015475.JPEG reached epsilon at step 332, loss sum: 28.7801, final loss: 0.00099693, weight distance: 3.6822
2025-09-05 15:17:45,730 - INFO - Example 1447 completed: 332 steps, loss sum: 28.7801, final loss: 0.00099693, weight distance: 3.6822 (universal rank: 45354)
2025-09-05 15:17:45,730 - INFO - 
=== Training Example 1448/1500: /home/projects/bagon/shared/imagenet512/val/n09332890/ILSVRC2012_val_00039635.JPEG ===
2025-09-05 15:17:54,055 - INFO - Example /home/projects/bagon/shared/imagenet512/val/n09332890/ILSVRC2012_val_00039635.JPEG reached epsilon at step 248, loss sum: 27.6989, final loss: 0.00099597, weight distance: 4.9624
2025-09-05 15:17:54,061 - INFO - Example 1448 completed: 248 steps, loss sum: 27.6989, final loss: 0.00099597, weight distance: 4.9624 (universal rank: 45356)
2025-09-05 15:17:54,061 - INFO - 
=== Training Example 1449/1500: /home/projects/bagon/shared/imagenet512/val/n03297495/ILSVRC2012_val_00022933.JPEG ===
2025-09-05 15:18:04,176 - INFO - Example /home/projects/bagon/shared/imagenet512/val/n03297495/ILSVRC2012_val_00022933.JPEG reached epsilon at step 303, loss sum: 45.6047, final loss: 0.00099859, weight distance: 3.3071
2025-09-05 15:18:04,182 - INFO - Example 1449 completed: 303 steps, loss sum: 45.6047, final loss: 0.00099859, weight distance: 3.3071 (universal rank: 45358)
2025-09-05 15:18:04,182 - INFO - 
=== Training Example 1450/1500: /home/projects/bagon/shared/imagenet512/val/n02206856/ILSVRC2012_val_00049624.JPEG ===
2025-09-05 15:18:13,231 - INFO - Example /home/projects/bagon/shared/imagenet512/val/n02206856/ILSVRC2012_val_00049624.JPEG reached epsilon at step 271, loss sum: 20.0247, final loss: 0.00099717, weight distance: 2.8742
2025-09-05 15:18:13,239 - INFO - Example 1450 completed: 271 steps, loss sum: 20.0247, final loss: 0.00099717, weight distance: 2.8742 (universal rank: 45359)
2025-09-05 15:18:13,239 - INFO - 
=== Training Example 1451/1500: /home/projects/bagon/shared/imagenet512/val/n03535780/ILSVRC2012_val_00030841.JPEG ===
2025-09-05 15:18:17,892 - INFO - Example /home/projects/bagon/shared/imagenet512/val/n03535780/ILSVRC2012_val_00030841.JPEG reached epsilon at step 138, loss sum: 18.0721, final loss: 0.00099871, weight distance: 1.8633
2025-09-05 15:18:17,897 - INFO - Example 1451 completed: 138 steps, loss sum: 18.0721, final loss: 0.00099871, weight distance: 1.8633 (universal rank: 45371)
2025-09-05 15:18:17,898 - INFO - 
=== Training Example 1452/1500: /home/projects/bagon/shared/imagenet512/val/n02747177/ILSVRC2012_val_00018345.JPEG ===
2025-09-05 15:18:22,401 - INFO - Example /home/projects/bagon/shared/imagenet512/val/n02747177/ILSVRC2012_val_00018345.JPEG reached epsilon at step 134, loss sum: 21.9588, final loss: 0.00099383, weight distance: 2.0092
2025-09-05 15:18:22,406 - INFO - Example 1452 completed: 134 steps, loss sum: 21.9588, final loss: 0.00099383, weight distance: 2.0092 (universal rank: 45373)
2025-09-05 15:18:22,406 - INFO - 
=== Training Example 1453/1500: /home/projects/bagon/shared/imagenet512/val/n02894605/ILSVRC2012_val_00000358.JPEG ===
2025-09-05 15:18:30,412 - INFO - Example /home/projects/bagon/shared/imagenet512/val/n02894605/ILSVRC2012_val_00000358.JPEG reached epsilon at step 239, loss sum: 24.2310, final loss: 0.00099550, weight distance: 3.2684
2025-09-05 15:18:30,417 - INFO - Example 1453 completed: 239 steps, loss sum: 24.2310, final loss: 0.00099550, weight distance: 3.2684 (universal rank: 45378)
2025-09-05 15:18:30,417 - INFO - 
=== Training Example 1454/1500: /home/projects/bagon/shared/imagenet512/val/n02493793/ILSVRC2012_val_00017507.JPEG ===
2025-09-05 15:18:40,276 - INFO - Example /home/projects/bagon/shared/imagenet512/val/n02493793/ILSVRC2012_val_00017507.JPEG reached epsilon at step 296, loss sum: 24.2907, final loss: 0.00099812, weight distance: 3.0965
2025-09-05 15:18:40,281 - INFO - Example 1454 completed: 296 steps, loss sum: 24.2907, final loss: 0.00099812, weight distance: 3.0965 (universal rank: 45380)
2025-09-05 15:18:40,281 - INFO - 
=== Training Example 1455/1500: /home/projects/bagon/shared/imagenet512/val/n03666591/ILSVRC2012_val_00009293.JPEG ===
2025-09-05 15:18:51,574 - INFO - Example /home/projects/bagon/shared/imagenet512/val/n03666591/ILSVRC2012_val_00009293.JPEG reached epsilon at step 339, loss sum: 32.3598, final loss: 0.00099717, weight distance: 2.6656
2025-09-05 15:18:51,579 - INFO - Example 1455 completed: 339 steps, loss sum: 32.3598, final loss: 0.00099717, weight distance: 2.6656 (universal rank: 45382)
2025-09-05 15:18:51,580 - INFO - 
=== Training Example 1456/1500: /home/projects/bagon/shared/imagenet512/val/n02085620/ILSVRC2012_val_00028943.JPEG ===
2025-09-05 15:18:57,950 - INFO - Example /home/projects/bagon/shared/imagenet512/val/n02085620/ILSVRC2012_val_00028943.JPEG reached epsilon at step 188, loss sum: 28.9571, final loss: 0.00099502, weight distance: 2.1915
2025-09-05 15:18:57,958 - INFO - Example 1456 completed: 188 steps, loss sum: 28.9571, final loss: 0.00099502, weight distance: 2.1915 (universal rank: 45387)
2025-09-05 15:18:57,959 - INFO - 
=== Training Example 1457/1500: /home/projects/bagon/shared/imagenet512/val/n02091831/ILSVRC2012_val_00030249.JPEG ===
2025-09-05 15:19:10,070 - INFO - Example /home/projects/bagon/shared/imagenet512/val/n02091831/ILSVRC2012_val_00030249.JPEG reached epsilon at step 365, loss sum: 37.0348, final loss: 0.00099871, weight distance: 3.0745
2025-09-05 15:19:10,076 - INFO - Example 1457 completed: 365 steps, loss sum: 37.0348, final loss: 0.00099871, weight distance: 3.0745 (universal rank: 45388)
2025-09-05 15:19:10,076 - INFO - 
=== Training Example 1458/1500: /home/projects/bagon/shared/imagenet512/val/n04493381/ILSVRC2012_val_00038337.JPEG ===
2025-09-05 15:19:23,380 - INFO - Example /home/projects/bagon/shared/imagenet512/val/n04493381/ILSVRC2012_val_00038337.JPEG reached epsilon at step 401, loss sum: 18.0451, final loss: 0.00099955, weight distance: 2.1357
2025-09-05 15:19:23,387 - INFO - Example 1458 completed: 401 steps, loss sum: 18.0451, final loss: 0.00099955, weight distance: 2.1357 (universal rank: 45397)
2025-09-05 15:19:23,388 - INFO - 
=== Training Example 1459/1500: /home/projects/bagon/shared/imagenet512/val/n01914609/ILSVRC2012_val_00000017.JPEG ===
2025-09-05 15:19:38,383 - INFO - Example /home/projects/bagon/shared/imagenet512/val/n01914609/ILSVRC2012_val_00000017.JPEG reached epsilon at step 452, loss sum: 45.8549, final loss: 0.00099812, weight distance: 4.0645
2025-09-05 15:19:38,388 - INFO - Example 1459 completed: 452 steps, loss sum: 45.8549, final loss: 0.00099812, weight distance: 4.0645 (universal rank: 45398)
2025-09-05 15:19:38,389 - INFO - 
=== Training Example 1460/1500: /home/projects/bagon/shared/imagenet512/val/n03710721/ILSVRC2012_val_00029807.JPEG ===
2025-09-05 15:19:46,092 - INFO - Example /home/projects/bagon/shared/imagenet512/val/n03710721/ILSVRC2012_val_00029807.JPEG reached epsilon at step 231, loss sum: 18.5858, final loss: 0.00099955, weight distance: 0.7624
2025-09-05 15:19:46,098 - INFO - Example 1460 completed: 231 steps, loss sum: 18.5858, final loss: 0.00099955, weight distance: 0.7624 (universal rank: 45402)
2025-09-05 15:19:46,098 - INFO - 
=== Training Example 1461/1500: /home/projects/bagon/shared/imagenet512/val/n03976657/ILSVRC2012_val_00002567.JPEG ===
2025-09-05 15:19:53,438 - INFO - Example /home/projects/bagon/shared/imagenet512/val/n03976657/ILSVRC2012_val_00002567.JPEG reached epsilon at step 218, loss sum: 20.6946, final loss: 0.00099812, weight distance: 2.5330
2025-09-05 15:19:53,445 - INFO - Example 1461 completed: 218 steps, loss sum: 20.6946, final loss: 0.00099812, weight distance: 2.5330 (universal rank: 45404)
2025-09-05 15:19:53,446 - INFO - 
=== Training Example 1462/1500: /home/projects/bagon/shared/imagenet512/val/n03595614/ILSVRC2012_val_00007268.JPEG ===
2025-09-05 15:20:01,465 - INFO - Example /home/projects/bagon/shared/imagenet512/val/n03595614/ILSVRC2012_val_00007268.JPEG reached epsilon at step 239, loss sum: 26.8382, final loss: 0.00099574, weight distance: 3.3459
2025-09-05 15:20:01,471 - INFO - Example 1462 completed: 239 steps, loss sum: 26.8382, final loss: 0.00099574, weight distance: 3.3459 (universal rank: 45411)
2025-09-05 15:20:01,471 - INFO - 
=== Training Example 1463/1500: /home/projects/bagon/shared/imagenet512/val/n01728572/ILSVRC2012_val_00042352.JPEG ===
2025-09-05 15:20:08,311 - INFO - Example /home/projects/bagon/shared/imagenet512/val/n01728572/ILSVRC2012_val_00042352.JPEG reached epsilon at step 203, loss sum: 16.2880, final loss: 0.00099621, weight distance: 2.2025
2025-09-05 15:20:08,317 - INFO - Example 1463 completed: 203 steps, loss sum: 16.2880, final loss: 0.00099621, weight distance: 2.2025 (universal rank: 45414)
2025-09-05 15:20:08,317 - INFO - 
=== Training Example 1464/1500: /home/projects/bagon/shared/imagenet512/val/n02099712/ILSVRC2012_val_00027534.JPEG ===
2025-09-05 15:20:22,773 - INFO - Example /home/projects/bagon/shared/imagenet512/val/n02099712/ILSVRC2012_val_00027534.JPEG reached epsilon at step 435, loss sum: 29.4855, final loss: 0.00099919, weight distance: 2.8535
2025-09-05 15:20:22,779 - INFO - Example 1464 completed: 435 steps, loss sum: 29.4855, final loss: 0.00099919, weight distance: 2.8535 (universal rank: 45418)
2025-09-05 15:20:22,779 - INFO - 
=== Training Example 1465/1500: /home/projects/bagon/shared/imagenet512/val/n02676566/ILSVRC2012_val_00044937.JPEG ===
2025-09-05 15:20:31,535 - INFO - Example /home/projects/bagon/shared/imagenet512/val/n02676566/ILSVRC2012_val_00044937.JPEG reached epsilon at step 262, loss sum: 21.5987, final loss: 0.00099979, weight distance: 2.1421
2025-09-05 15:20:31,541 - INFO - Example 1465 completed: 262 steps, loss sum: 21.5987, final loss: 0.00099979, weight distance: 2.1421 (universal rank: 45419)
2025-09-05 15:20:31,542 - INFO - 
=== Training Example 1466/1500: /home/projects/bagon/shared/imagenet512/val/n03764736/ILSVRC2012_val_00013680.JPEG ===
2025-09-05 15:20:37,129 - INFO - Example /home/projects/bagon/shared/imagenet512/val/n03764736/ILSVRC2012_val_00013680.JPEG reached epsilon at step 166, loss sum: 17.1271, final loss: 0.00099526, weight distance: 4.4399
2025-09-05 15:20:37,135 - INFO - Example 1466 completed: 166 steps, loss sum: 17.1271, final loss: 0.00099526, weight distance: 4.4399 (universal rank: 45426)
2025-09-05 15:20:37,135 - INFO - 
=== Training Example 1467/1500: /home/projects/bagon/shared/imagenet512/val/n03782006/ILSVRC2012_val_00047803.JPEG ===
2025-09-05 15:20:43,421 - INFO - Example /home/projects/bagon/shared/imagenet512/val/n03782006/ILSVRC2012_val_00047803.JPEG reached epsilon at step 187, loss sum: 15.3388, final loss: 0.00099633, weight distance: 2.0767
2025-09-05 15:20:43,427 - INFO - Example 1467 completed: 187 steps, loss sum: 15.3388, final loss: 0.00099633, weight distance: 2.0767 (universal rank: 45431)
2025-09-05 15:20:43,428 - INFO - 
=== Training Example 1468/1500: /home/projects/bagon/shared/imagenet512/val/n02096177/ILSVRC2012_val_00033231.JPEG ===
2025-09-05 15:20:49,841 - INFO - Example /home/projects/bagon/shared/imagenet512/val/n02096177/ILSVRC2012_val_00033231.JPEG reached epsilon at step 190, loss sum: 51.7978, final loss: 0.00099681, weight distance: 3.6207
2025-09-05 15:20:49,846 - INFO - Example 1468 completed: 190 steps, loss sum: 51.7978, final loss: 0.00099681, weight distance: 3.6207 (universal rank: 45433)
2025-09-05 15:20:49,847 - INFO - 
=== Training Example 1469/1500: /home/projects/bagon/shared/imagenet512/val/n04326547/ILSVRC2012_val_00030823.JPEG ===
2025-09-05 15:21:05,154 - INFO - Example /home/projects/bagon/shared/imagenet512/val/n04326547/ILSVRC2012_val_00030823.JPEG reached epsilon at step 457, loss sum: 55.2902, final loss: 0.00099979, weight distance: 2.6768
2025-09-05 15:21:05,159 - INFO - Example 1469 completed: 457 steps, loss sum: 55.2902, final loss: 0.00099979, weight distance: 2.6768 (universal rank: 45439)
2025-09-05 15:21:05,160 - INFO - 
=== Training Example 1470/1500: /home/projects/bagon/shared/imagenet512/val/n03769881/ILSVRC2012_val_00042007.JPEG ===
2025-09-05 15:21:13,541 - INFO - Example /home/projects/bagon/shared/imagenet512/val/n03769881/ILSVRC2012_val_00042007.JPEG reached epsilon at step 249, loss sum: 20.9242, final loss: 0.00099990, weight distance: 3.8358
2025-09-05 15:21:13,546 - INFO - Example 1470 completed: 249 steps, loss sum: 20.9242, final loss: 0.00099990, weight distance: 3.8358 (universal rank: 45441)
2025-09-05 15:21:13,546 - INFO - 
=== Training Example 1471/1500: /home/projects/bagon/shared/imagenet512/val/n04067472/ILSVRC2012_val_00028684.JPEG ===
2025-09-05 15:21:23,318 - INFO - Example /home/projects/bagon/shared/imagenet512/val/n04067472/ILSVRC2012_val_00028684.JPEG reached epsilon at step 291, loss sum: 28.5145, final loss: 0.00099931, weight distance: 3.8009
2025-09-05 15:21:23,323 - INFO - Example 1471 completed: 291 steps, loss sum: 28.5145, final loss: 0.00099931, weight distance: 3.8009 (universal rank: 45444)
2025-09-05 15:21:23,324 - INFO - 
=== Training Example 1472/1500: /home/projects/bagon/shared/imagenet512/val/n04239074/ILSVRC2012_val_00014865.JPEG ===
2025-09-05 15:21:32,822 - INFO - Example /home/projects/bagon/shared/imagenet512/val/n04239074/ILSVRC2012_val_00014865.JPEG reached epsilon at step 283, loss sum: 28.2084, final loss: 0.00099812, weight distance: 2.7094
2025-09-05 15:21:32,829 - INFO - Example 1472 completed: 283 steps, loss sum: 28.2084, final loss: 0.00099812, weight distance: 2.7094 (universal rank: 45446)
2025-09-05 15:21:32,829 - INFO - 
=== Training Example 1473/1500: /home/projects/bagon/shared/imagenet512/val/n02169497/ILSVRC2012_val_00024558.JPEG ===
2025-09-05 15:21:45,124 - INFO - Example /home/projects/bagon/shared/imagenet512/val/n02169497/ILSVRC2012_val_00024558.JPEG reached epsilon at step 366, loss sum: 26.6257, final loss: 0.00099871, weight distance: 1.9197
2025-09-05 15:21:45,130 - INFO - Example 1473 completed: 366 steps, loss sum: 26.6257, final loss: 0.00099871, weight distance: 1.9197 (universal rank: 45465)
2025-09-05 15:21:45,130 - INFO - 
=== Training Example 1474/1500: /home/projects/bagon/shared/imagenet512/val/n02837789/ILSVRC2012_val_00006332.JPEG ===
2025-09-05 15:22:02,856 - INFO - Example /home/projects/bagon/shared/imagenet512/val/n02837789/ILSVRC2012_val_00006332.JPEG reached epsilon at step 530, loss sum: 43.2415, final loss: 0.00098931, weight distance: 3.5926
2025-09-05 15:22:02,862 - INFO - Example 1474 completed: 530 steps, loss sum: 43.2415, final loss: 0.00098931, weight distance: 3.5926 (universal rank: 45469)
2025-09-05 15:22:02,862 - INFO - 
=== Training Example 1475/1500: /home/projects/bagon/shared/imagenet512/val/n03476684/ILSVRC2012_val_00037586.JPEG ===
2025-09-05 15:22:12,080 - INFO - Example /home/projects/bagon/shared/imagenet512/val/n03476684/ILSVRC2012_val_00037586.JPEG reached epsilon at step 275, loss sum: 24.5898, final loss: 0.00099883, weight distance: 1.9453
2025-09-05 15:22:12,085 - INFO - Example 1475 completed: 275 steps, loss sum: 24.5898, final loss: 0.00099883, weight distance: 1.9453 (universal rank: 45471)
2025-09-05 15:22:12,085 - INFO - 
=== Training Example 1476/1500: /home/projects/bagon/shared/imagenet512/val/n03692522/ILSVRC2012_val_00036273.JPEG ===
2025-09-05 15:22:16,816 - INFO - Example /home/projects/bagon/shared/imagenet512/val/n03692522/ILSVRC2012_val_00036273.JPEG reached epsilon at step 140, loss sum: 22.4798, final loss: 0.00099990, weight distance: 2.4664
2025-09-05 15:22:16,821 - INFO - Example 1476 completed: 140 steps, loss sum: 22.4798, final loss: 0.00099990, weight distance: 2.4664 (universal rank: 45474)
2025-09-05 15:22:16,821 - INFO - 
=== Training Example 1477/1500: /home/projects/bagon/shared/imagenet512/val/n04357314/ILSVRC2012_val_00016583.JPEG ===
2025-09-05 15:22:22,847 - INFO - Example /home/projects/bagon/shared/imagenet512/val/n04357314/ILSVRC2012_val_00016583.JPEG reached epsilon at step 179, loss sum: 20.4292, final loss: 0.00099967, weight distance: 2.6202
2025-09-05 15:22:22,852 - INFO - Example 1477 completed: 179 steps, loss sum: 20.4292, final loss: 0.00099967, weight distance: 2.6202 (universal rank: 45475)
2025-09-05 15:22:22,852 - INFO - 
=== Training Example 1478/1500: /home/projects/bagon/shared/imagenet512/val/n03530642/ILSVRC2012_val_00022717.JPEG ===
2025-09-05 15:22:29,277 - INFO - Example /home/projects/bagon/shared/imagenet512/val/n03530642/ILSVRC2012_val_00022717.JPEG reached epsilon at step 191, loss sum: 40.0635, final loss: 0.00099574, weight distance: 2.1163
2025-09-05 15:22:29,282 - INFO - Example 1478 completed: 191 steps, loss sum: 40.0635, final loss: 0.00099574, weight distance: 2.1163 (universal rank: 45483)
2025-09-05 15:22:29,282 - INFO - 
=== Training Example 1479/1500: /home/projects/bagon/shared/imagenet512/val/n02834397/ILSVRC2012_val_00013913.JPEG ===
2025-09-05 15:22:42,602 - INFO - Example /home/projects/bagon/shared/imagenet512/val/n02834397/ILSVRC2012_val_00013913.JPEG reached epsilon at step 400, loss sum: 41.8185, final loss: 0.00099836, weight distance: 5.4262
2025-09-05 15:22:42,609 - INFO - Example 1479 completed: 400 steps, loss sum: 41.8185, final loss: 0.00099836, weight distance: 5.4262 (universal rank: 45485)
2025-09-05 15:22:42,609 - INFO - 
=== Training Example 1480/1500: /home/projects/bagon/shared/imagenet512/val/n03777568/ILSVRC2012_val_00042791.JPEG ===
2025-09-05 15:22:46,423 - INFO - Example /home/projects/bagon/shared/imagenet512/val/n03777568/ILSVRC2012_val_00042791.JPEG reached epsilon at step 112, loss sum: 16.4103, final loss: 0.00099883, weight distance: 2.6291
2025-09-05 15:22:46,428 - INFO - Example 1480 completed: 112 steps, loss sum: 16.4103, final loss: 0.00099883, weight distance: 2.6291 (universal rank: 45491)
2025-09-05 15:22:46,428 - INFO - 
=== Training Example 1481/1500: /home/projects/bagon/shared/imagenet512/val/n02110185/ILSVRC2012_val_00041649.JPEG ===
2025-09-05 15:22:59,593 - INFO - Example /home/projects/bagon/shared/imagenet512/val/n02110185/ILSVRC2012_val_00041649.JPEG reached epsilon at step 393, loss sum: 28.8283, final loss: 0.00099967, weight distance: 1.5027
2025-09-05 15:22:59,599 - INFO - Example 1481 completed: 393 steps, loss sum: 28.8283, final loss: 0.00099967, weight distance: 1.5027 (universal rank: 45492)
2025-09-05 15:22:59,599 - INFO - 
=== Training Example 1482/1500: /home/projects/bagon/shared/imagenet512/val/n02814533/ILSVRC2012_val_00031765.JPEG ===
2025-09-05 15:23:09,852 - INFO - Example /home/projects/bagon/shared/imagenet512/val/n02814533/ILSVRC2012_val_00031765.JPEG reached epsilon at step 306, loss sum: 24.0840, final loss: 0.00099836, weight distance: 5.3021
2025-09-05 15:23:09,857 - INFO - Example 1482 completed: 306 steps, loss sum: 24.0840, final loss: 0.00099836, weight distance: 5.3021 (universal rank: 45495)
2025-09-05 15:23:09,857 - INFO - 
=== Training Example 1483/1500: /home/projects/bagon/shared/imagenet512/val/n01729977/ILSVRC2012_val_00016703.JPEG ===
2025-09-05 15:23:19,312 - INFO - Example /home/projects/bagon/shared/imagenet512/val/n01729977/ILSVRC2012_val_00016703.JPEG reached epsilon at step 284, loss sum: 38.1047, final loss: 0.00099871, weight distance: 4.2377
2025-09-05 15:23:19,318 - INFO - Example 1483 completed: 284 steps, loss sum: 38.1047, final loss: 0.00099871, weight distance: 4.2377 (universal rank: 45501)
2025-09-05 15:23:19,318 - INFO - 
=== Training Example 1484/1500: /home/projects/bagon/shared/imagenet512/val/n01882714/ILSVRC2012_val_00014284.JPEG ===
2025-09-05 15:23:27,755 - INFO - Example /home/projects/bagon/shared/imagenet512/val/n01882714/ILSVRC2012_val_00014284.JPEG reached epsilon at step 251, loss sum: 33.6001, final loss: 0.00099919, weight distance: 3.3191
2025-09-05 15:23:27,760 - INFO - Example 1484 completed: 251 steps, loss sum: 33.6001, final loss: 0.00099919, weight distance: 3.3191 (universal rank: 45505)
2025-09-05 15:23:27,760 - INFO - 
=== Training Example 1485/1500: /home/projects/bagon/shared/imagenet512/val/n07860988/ILSVRC2012_val_00038923.JPEG ===
2025-09-05 15:23:45,016 - INFO - Example /home/projects/bagon/shared/imagenet512/val/n07860988/ILSVRC2012_val_00038923.JPEG reached epsilon at step 517, loss sum: 43.8599, final loss: 0.00099871, weight distance: 3.7738
2025-09-05 15:23:45,023 - INFO - Example 1485 completed: 517 steps, loss sum: 43.8599, final loss: 0.00099871, weight distance: 3.7738 (universal rank: 45519)
2025-09-05 15:23:45,023 - INFO - 
=== Training Example 1486/1500: /home/projects/bagon/shared/imagenet512/val/n03065424/ILSVRC2012_val_00007436.JPEG ===
2025-09-05 15:23:48,378 - INFO - Example /home/projects/bagon/shared/imagenet512/val/n03065424/ILSVRC2012_val_00007436.JPEG reached epsilon at step 98, loss sum: 16.5340, final loss: 0.00099562, weight distance: 3.4668
2025-09-05 15:23:48,383 - INFO - Example 1486 completed: 98 steps, loss sum: 16.5340, final loss: 0.00099562, weight distance: 3.4668 (universal rank: 45520)
2025-09-05 15:23:48,383 - INFO - 
=== Training Example 1487/1500: /home/projects/bagon/shared/imagenet512/val/n04404412/ILSVRC2012_val_00037104.JPEG ===
2025-09-05 15:23:56,731 - INFO - Example /home/projects/bagon/shared/imagenet512/val/n04404412/ILSVRC2012_val_00037104.JPEG reached epsilon at step 248, loss sum: 24.1465, final loss: 0.00099788, weight distance: 6.1864
2025-09-05 15:23:56,736 - INFO - Example 1487 completed: 248 steps, loss sum: 24.1465, final loss: 0.00099788, weight distance: 6.1864 (universal rank: 45523)
2025-09-05 15:23:56,736 - INFO - 
=== Training Example 1488/1500: /home/projects/bagon/shared/imagenet512/val/n02815834/ILSVRC2012_val_00049623.JPEG ===
2025-09-05 15:24:05,542 - INFO - Example /home/projects/bagon/shared/imagenet512/val/n02815834/ILSVRC2012_val_00049623.JPEG reached epsilon at step 262, loss sum: 48.9535, final loss: 0.00099967, weight distance: 2.9371
2025-09-05 15:24:05,547 - INFO - Example 1488 completed: 262 steps, loss sum: 48.9535, final loss: 0.00099967, weight distance: 2.9371 (universal rank: 45526)
2025-09-05 15:24:05,547 - INFO - 
=== Training Example 1489/1500: /home/projects/bagon/shared/imagenet512/val/n02870880/ILSVRC2012_val_00040682.JPEG ===
2025-09-05 15:24:05,736 - WARNING - NaN loss detected at step 3. Stopping training for this example.
2025-09-05 15:24:05,740 - INFO - Example 1489 completed: -1 steps, loss sum: nan, final loss: nan, weight distance: nan (universal rank: 45529)
2025-09-05 15:24:05,740 - INFO - 
=== Training Example 1490/1500: /home/projects/bagon/shared/imagenet512/val/n04443257/ILSVRC2012_val_00015268.JPEG ===
2025-09-05 15:24:12,793 - INFO - Example /home/projects/bagon/shared/imagenet512/val/n04443257/ILSVRC2012_val_00015268.JPEG reached epsilon at step 210, loss sum: 29.4639, final loss: 0.00099681, weight distance: 4.4139
2025-09-05 15:24:12,798 - INFO - Example 1490 completed: 210 steps, loss sum: 29.4639, final loss: 0.00099681, weight distance: 4.4139 (universal rank: 45530)
2025-09-05 15:24:12,798 - INFO - 
=== Training Example 1491/1500: /home/projects/bagon/shared/imagenet512/val/n02877765/ILSVRC2012_val_00006337.JPEG ===
2025-09-05 15:24:20,003 - INFO - Example /home/projects/bagon/shared/imagenet512/val/n02877765/ILSVRC2012_val_00006337.JPEG reached epsilon at step 214, loss sum: 37.5841, final loss: 0.00099848, weight distance: 2.9885
2025-09-05 15:24:20,008 - INFO - Example 1491 completed: 214 steps, loss sum: 37.5841, final loss: 0.00099848, weight distance: 2.9885 (universal rank: 45531)
2025-09-05 15:24:20,008 - INFO - 
=== Training Example 1492/1500: /home/projects/bagon/shared/imagenet512/val/n02504458/ILSVRC2012_val_00018263.JPEG ===
2025-09-05 15:24:26,981 - INFO - Example /home/projects/bagon/shared/imagenet512/val/n02504458/ILSVRC2012_val_00018263.JPEG reached epsilon at step 207, loss sum: 23.1213, final loss: 0.00099609, weight distance: 1.9097
2025-09-05 15:24:26,988 - INFO - Example 1492 completed: 207 steps, loss sum: 23.1213, final loss: 0.00099609, weight distance: 1.9097 (universal rank: 45533)
2025-09-05 15:24:26,988 - INFO - 
=== Training Example 1493/1500: /home/projects/bagon/shared/imagenet512/val/n02089973/ILSVRC2012_val_00043610.JPEG ===
2025-09-05 15:24:34,272 - INFO - Example /home/projects/bagon/shared/imagenet512/val/n02089973/ILSVRC2012_val_00043610.JPEG reached epsilon at step 216, loss sum: 32.2615, final loss: 0.00099657, weight distance: 2.1318
2025-09-05 15:24:34,277 - INFO - Example 1493 completed: 216 steps, loss sum: 32.2615, final loss: 0.00099657, weight distance: 2.1318 (universal rank: 45534)
2025-09-05 15:24:34,277 - INFO - 
=== Training Example 1494/1500: /home/projects/bagon/shared/imagenet512/val/n04350905/ILSVRC2012_val_00044549.JPEG ===
2025-09-05 15:24:47,265 - INFO - Example /home/projects/bagon/shared/imagenet512/val/n04350905/ILSVRC2012_val_00044549.JPEG reached epsilon at step 388, loss sum: 32.7224, final loss: 0.00099776, weight distance: 3.1774
2025-09-05 15:24:47,272 - INFO - Example 1494 completed: 388 steps, loss sum: 32.7224, final loss: 0.00099776, weight distance: 3.1774 (universal rank: 45543)
2025-09-05 15:24:47,272 - INFO - 
=== Training Example 1495/1500: /home/projects/bagon/shared/imagenet512/val/n03482405/ILSVRC2012_val_00038888.JPEG ===
2025-09-05 15:24:56,071 - INFO - Example /home/projects/bagon/shared/imagenet512/val/n03482405/ILSVRC2012_val_00038888.JPEG reached epsilon at step 261, loss sum: 20.7696, final loss: 0.00099943, weight distance: 2.6526
2025-09-05 15:24:56,077 - INFO - Example 1495 completed: 261 steps, loss sum: 20.7696, final loss: 0.00099943, weight distance: 2.6526 (universal rank: 45550)
2025-09-05 15:24:56,077 - INFO - 
=== Training Example 1496/1500: /home/projects/bagon/shared/imagenet512/val/n04090263/ILSVRC2012_val_00043093.JPEG ===
2025-09-05 15:25:03,387 - INFO - Example /home/projects/bagon/shared/imagenet512/val/n04090263/ILSVRC2012_val_00043093.JPEG reached epsilon at step 218, loss sum: 26.2865, final loss: 0.00099990, weight distance: 2.9462
2025-09-05 15:25:03,392 - INFO - Example 1496 completed: 218 steps, loss sum: 26.2865, final loss: 0.00099990, weight distance: 2.9462 (universal rank: 45557)
2025-09-05 15:25:03,392 - INFO - 
=== Training Example 1497/1500: /home/projects/bagon/shared/imagenet512/val/n02231487/ILSVRC2012_val_00033053.JPEG ===
2025-09-05 15:25:19,701 - INFO - Example /home/projects/bagon/shared/imagenet512/val/n02231487/ILSVRC2012_val_00033053.JPEG reached epsilon at step 490, loss sum: 40.1873, final loss: 0.00099848, weight distance: 4.7770
2025-09-05 15:25:19,708 - INFO - Example 1497 completed: 490 steps, loss sum: 40.1873, final loss: 0.00099848, weight distance: 4.7770 (universal rank: 45570)
2025-09-05 15:25:19,708 - INFO - 
=== Training Example 1498/1500: /home/projects/bagon/shared/imagenet512/val/n01871265/ILSVRC2012_val_00005860.JPEG ===
2025-09-05 15:25:28,466 - INFO - Example /home/projects/bagon/shared/imagenet512/val/n01871265/ILSVRC2012_val_00005860.JPEG reached epsilon at step 262, loss sum: 22.4482, final loss: 0.00099526, weight distance: 1.6156
2025-09-05 15:25:28,472 - INFO - Example 1498 completed: 262 steps, loss sum: 22.4482, final loss: 0.00099526, weight distance: 1.6156 (universal rank: 45572)
2025-09-05 15:25:28,472 - INFO - 
=== Training Example 1499/1500: /home/projects/bagon/shared/imagenet512/val/n03796401/ILSVRC2012_val_00042891.JPEG ===
2025-09-05 15:25:35,746 - INFO - Example /home/projects/bagon/shared/imagenet512/val/n03796401/ILSVRC2012_val_00042891.JPEG reached epsilon at step 218, loss sum: 50.0928, final loss: 0.00099657, weight distance: 2.6100
2025-09-05 15:25:35,751 - INFO - Example 1499 completed: 218 steps, loss sum: 50.0928, final loss: 0.00099657, weight distance: 2.6100 (universal rank: 45578)
2025-09-05 15:25:35,751 - INFO - 
=== Training Example 1500/1500: /home/projects/bagon/shared/imagenet512/val/n03873416/ILSVRC2012_val_00007150.JPEG ===
2025-09-05 15:25:44,975 - INFO - Example /home/projects/bagon/shared/imagenet512/val/n03873416/ILSVRC2012_val_00007150.JPEG reached epsilon at step 276, loss sum: 27.2208, final loss: 0.00099871, weight distance: 2.2686
2025-09-05 15:25:44,981 - INFO - Example 1500 completed: 276 steps, loss sum: 27.2208, final loss: 0.00099871, weight distance: 2.2686 (universal rank: 45579)
2025-09-05 15:25:44,981 - INFO - Creating final plots...
2025-09-05 15:25:46,208 - INFO - Training complete. Summary saved to /home/projects/bagon/andreyg/Projects/BMM_school/Universal_learning/Programming/training_gradient_evaluator_single_loss/outputs_150sol/efficientvit_b1.r224_in1k/training_summary.json
2025-09-05 15:25:46,208 - INFO - Results CSV: /home/projects/bagon/andreyg/Projects/BMM_school/Universal_learning/Programming/training_gradient_evaluator_single_loss/outputs_150sol/efficientvit_b1.r224_in1k/single_example_results.csv
