2025-09-23 12:14:24,010 - INFO - Parsed arguments:
2025-09-23 12:14:24,011 - INFO -   amp_dtype = None
2025-09-23 12:14:24,011 - INFO -   bars_npy = /home/projects/bagon/andreyg/Projects/BMM_school/Universal_learning/Programming/bars/geq6wrong_21017_geq6correct_1525_imagenet.npy
2025-09-23 12:14:24,011 - INFO -   cka_layer_fraction = 0.05
2025-09-23 12:14:24,011 - INFO -   current_worker = 1
2025-09-23 12:14:24,011 - INFO -   deterministic = True
2025-09-23 12:14:24,011 - INFO -   device = cuda
2025-09-23 12:14:24,011 - INFO -   epsilon = 0.001
2025-09-23 12:14:24,011 - INFO -   examples_csv = /home/projects/bagon/andreyg/Projects/BMM_school/Universal_learning/Programming/bars/geq6wrong_21017_geq6correct_1525_imagenet_examples_ammended.csv
2025-09-23 12:14:24,011 - INFO -   explicit_examples_for_training = None
2025-09-23 12:14:24,011 - INFO -   grad_clip_norm = 1.0
2025-09-23 12:14:24,011 - INFO -   hierarchy_json = /home/projects/bagon/andreyg/Projects/BMM_school/Universal_learning/Programming/bars/imagenet_synset_hierarchy.json
2025-09-23 12:14:24,011 - INFO -   imagenet_models_csv = /home/projects/bagon/andreyg/Projects/BMM_school/Universal_learning/Programming/bars/imagenet_models.csv
2025-09-23 12:14:24,011 - INFO -   lr = 0.0001
2025-09-23 12:14:24,011 - INFO -   max_examples = 50000
2025-09-23 12:14:24,011 - INFO -   max_steps_per_example = 10000
2025-09-23 12:14:24,011 - INFO -   model_csv_name = vgg_13_224_tv_imagenet_1k
2025-09-23 12:14:24,011 - INFO -   model_name = vgg13.tv_in1k
2025-09-23 12:14:24,011 - INFO -   no_amp = False
2025-09-23 12:14:24,011 - INFO -   num_workers = 8
2025-09-23 12:14:24,011 - INFO -   output_dir = /home/projects/bagon/andreyg/Projects/BMM_school/Universal_learning/Programming/training_gradient_evaluator_single_loss_parallel/output_parallel_8_workers_trial_3
2025-09-23 12:14:24,011 - INFO -   root_dir = None
2025-09-23 12:14:24,011 - INFO -   seed = 1337
2025-09-23 12:14:24,011 - INFO -   time_limit_seconds = 6300
2025-09-23 12:14:24,011 - INFO -   weight_decay = 0.0
2025-09-23 12:14:24,011 - INFO -   zero_aug_train = False
2025-09-23 12:14:26,172 - INFO - Loaded TIMM pretrained weights for vgg13.tv_in1k
2025-09-23 12:14:26,173 - INFO - pretrained_cfg.url= hf_hub_id=timm/vgg13.tv_in1k
2025-09-23 12:14:26,575 - INFO - Training configuration:
2025-09-23 12:14:26,576 - INFO -   lr = 0.0001
2025-09-23 12:14:26,576 - INFO -   weight_decay = 0.0
2025-09-23 12:14:26,576 - INFO -   max_steps = 10000
2025-09-23 12:14:26,576 - INFO -   epsilon = 0.001
2025-09-23 12:14:26,576 - INFO -   device = cuda
2025-09-23 12:14:26,576 - INFO -   use_amp = True
2025-09-23 12:14:26,576 - INFO -   amp_dtype = None
2025-09-23 12:14:26,576 - INFO -   gradient_clip_norm = 1.0
2025-09-23 12:14:30,918 - INFO - Global worker partitions (by ordered examples): [0, 1674) [1674, 3348) [3348, 5022) [5022, 6696) [6696, 8369) [8369, 10042) [10042, 11715) [11715, 13388)
2025-09-23 12:14:30,918 - INFO - Assigned slice for worker 1/8: [1674, 3348) with 1674 examples
2025-09-23 12:14:30,919 - INFO - Assigned universal ranks (1674): 31567, 31571, 31572, 31573, 31574, 31575, 31576, 31580, 31581, 31582, 31584, 31587, 31588, 31589, 31590, 31591, 31596, 31597, 31600, 31602, 31603, 31607, 31609, 31612, 31613, 31615, 31617, 31618, 31625, 31626, 31627, 31628, 31645, 31646, 31647, 31648, 31649, 31650, 31652, 31654, 31655, 31656, 31662, 31663, 31664, 31670, 31672, 31675, 31677, 31680, 31681, 31683, 31684, 31686, 31687, 31688, 31689, 31700, 31709, 31714, 31715, 31716, 31718, 31720, 31725, 31726, 31727, 31730, 31733, 31734, 31735, 31736, 31742, 31745, 31760, 31765, 31772, 31776, 31778, 31779, 31780, 31781, 31783, 31785, 31786, 31787, 31788, 31789, 31791, 31793, 31794, 31796, 31799, 31803, 31804, 31806, 31807, 31815, 31817, 31822, 31829, 31831, 31838, 31839, 31841, 31842, 31843, 31845, 31846, 31847, 31848, 31849, 31852, 31853, 31854, 31855, 31856, 31858, 31859, 31860, 31862, 31868, 31870, 31873, 31875, 31876, 31877, 31883, 31887, 31896, 31899, 31900, 31901, 31902, 31903, 31904, 31905, 31908, 31910, 31911, 31912, 31915, 31916, 31918, 31919, 31922, 31923, 31927, 31931, 31933, 31936, 31939, 31955, 31956, 31957, 31958, 31960, 31963, 31965, 31966, 31971, 31978, 31979, 31984, 31985, 32003, 32004, 32006, 32007, 32008, 32010, 32011, 32014, 32015, 32016, 32018, 32019, 32020, 32021, 32026, 32028, 32030, 32043, 32047, 32048, 32050, 32051, 32052, 32053, 32056, 32057, 32059, 32063, 32065, 32067, 32068, 32070, 32072, 32074, 32078, 32079, 32081, 32082, 32083, 32084, 32087, 32091, 32098, 32115, 32116, 32117, 32118, 32120, 32121, 32122, 32124, 32125, 32127, 32128, 32129, 32131, 32135, 32137, 32140, 32146, 32173, 32174, 32175, 32177, 32179, 32180, 32181, 32182, 32183, 32185, 32188, 32194, 32196, 32197, 32198, 32199, 32202, 32206, 32221, 32226, 32231, 32233, 32235, 32236, 32239, 32240, 32243, 32245, 32246, 32247, 32248, 32249, 32250, 32252, 32253, 32255, 32257, 32258, 32260, 32261, 32269, 32270, 32272, 32275, 32276, 32284, 32289, 32290, 32296, 32297, 32298, 32299, 32300, 32301, 32302, 32304, 32305, 32306, 32307, 32308, 32309, 32312, 32313, 32314, 32316, 32318, 32319, 32320, 32323, 32325, 32330, 32344, 32348, 32350, 32352, 32354, 32355, 32356, 32358, 32361, 32362, 32366, 32370, 32371, 32372, 32373, 32374, 32375, 32376, 32381, 32385, 32395, 32399, 32401, 32404, 32410, 32417, 32418, 32419, 32420, 32421, 32422, 32423, 32424, 32425, 32427, 32429, 32430, 32431, 32433, 32435, 32438, 32439, 32443, 32454, 32469, 32470, 32472, 32473, 32474, 32476, 32478, 32479, 32481, 32482, 32483, 32487, 32489, 32492, 32493, 32494, 32498, 32503, 32509, 32510, 32518, 32523, 32529, 32530, 32531, 32532, 32533, 32534, 32535, 32536, 32537, 32538, 32540, 32542, 32545, 32546, 32548, 32550, 32551, 32553, 32555, 32556, 32558, 32563, 32564, 32565, 32567, 32569, 32570, 32575, 32576, 32578, 32581, 32588, 32589, 32590, 32591, 32594, 32596, 32598, 32599, 32604, 32607, 32609, 32610, 32612, 32613, 32614, 32615, 32617, 32618, 32620, 32621, 32625, 32626, 32634, 32641, 32642, 32643, 32644, 32647, 32650, 32655, 32656, 32663, 32664, 32665, 32669, 32670, 32672, 32673, 32675, 32681, 32692, 32693, 32695, 32696, 32697, 32698, 32702, 32704, 32706, 32709, 32710, 32712, 32716, 32719, 32720, 32729, 32736, 32738, 32741, 32744, 32746, 32748, 32749, 32752, 32755, 32757, 32760, 32764, 32768, 32770, 32778, 32779, 32785, 32788, 32794, 32797, 32798, 32799, 32801, 32803, 32804, 32805, 32806, 32807, 32808, 32810, 32811, 32814, 32818, 32822, 32825, 32830, 32833, 32840, 32842, 32843, 32844, 32845, 32846, 32849, 32851, 32855, 32856, 32858, 32859, 32862, 32864, 32865, 32870, 32873, 32876, 32878, 32884, 32889, 32890, 32892, 32893, 32895, 32896, 32897, 32899, 32900, 32901, 32902, 32904, 32905, 32907, 32910, 32911, 32913, 32916, 32918, 32923, 32928, 32929, 32931, 32940, 32943, 32944, 32945, 32947, 32948, 32949, 32950, 32954, 32957, 32958, 32959, 32965, 32966, 32967, 32970, 32976, 32977, 32979, 32981, 32982, 32986, 32994, 32999, 33000, 33004, 33005, 33006, 33009, 33011, 33012, 33015, 33016, 33017, 33020, 33022, 33025, 33026, 33035, 33036, 33039, 33051, 33053, 33056, 33057, 33059, 33060, 33061, 33062, 33063, 33067, 33068, 33069, 33076, 33081, 33088, 33092, 33094, 33095, 33097, 33099, 33100, 33101, 33102, 33105, 33106, 33107, 33108, 33114, 33116, 33117, 33119, 33121, 33123, 33124, 33125, 33132, 33133, 33139, 33142, 33144, 33145, 33147, 33148, 33149, 33150, 33151, 33152, 33153, 33155, 33159, 33160, 33165, 33167, 33169, 33170, 33172, 33173, 33174, 33179, 33190, 33192, 33199, 33200, 33202, 33203, 33204, 33205, 33209, 33213, 33216, 33220, 33222, 33225, 33233, 33240, 33241, 33242, 33243, 33246, 33247, 33248, 33252, 33255, 33261, 33271, 33273, 33280, 33282, 33290, 33291, 33292, 33293, 33294, 33295, 33296, 33299, 33300, 33301, 33302, 33304, 33306, 33310, 33311, 33312, 33315, 33316, 33353, 33354, 33355, 33356, 33358, 33359, 33360, 33361, 33362, 33363, 33364, 33368, 33369, 33370, 33371, 33379, 33381, 33382, 33389, 33393, 33400, 33406, 33407, 33411, 33412, 33416, 33418, 33419, 33420, 33422, 33425, 33426, 33428, 33429, 33431, 33432, 33436, 33437, 33439, 33449, 33450, 33451, 33452, 33453, 33454, 33455, 33457, 33458, 33459, 33460, 33462, 33464, 33465, 33466, 33467, 33468, 33469, 33471, 33473, 33474, 33475, 33476, 33477, 33480, 33482, 33483, 33485, 33490, 33494, 33500, 33501, 33502, 33503, 33506, 33508, 33509, 33510, 33511, 33513, 33515, 33517, 33519, 33524, 33525, 33526, 33527, 33543, 33544, 33545, 33547, 33548, 33549, 33550, 33552, 33554, 33556, 33558, 33560, 33562, 33563, 33569, 33590, 33591, 33592, 33593, 33594, 33596, 33597, 33598, 33601, 33602, 33604, 33608, 33609, 33610, 33611, 33612, 33613, 33618, 33619, 33620, 33621, 33622, 33627, 33628, 33630, 33634, 33641, 33642, 33643, 33644, 33647, 33648, 33649, 33655, 33656, 33657, 33658, 33659, 33660, 33661, 33662, 33663, 33664, 33667, 33668, 33669, 33676, 33684, 33685, 33686, 33687, 33689, 33691, 33692, 33693, 33695, 33697, 33700, 33701, 33702, 33704, 33706, 33708, 33709, 33710, 33714, 33722, 33726, 33727, 33728, 33729, 33730, 33732, 33734, 33736, 33738, 33740, 33743, 33744, 33750, 33751, 33752, 33762, 33763, 33764, 33765, 33767, 33768, 33769, 33770, 33771, 33772, 33774, 33775, 33776, 33777, 33778, 33779, 33786, 33790, 33793, 33796, 33799, 33801, 33802, 33803, 33804, 33805, 33806, 33808, 33809, 33812, 33816, 33817, 33820, 33821, 33822, 33823, 33825, 33826, 33827, 33828, 33829, 33831, 33835, 33838, 33846, 33847, 33848, 33849, 33850, 33851, 33852, 33853, 33856, 33857, 33858, 33860, 33861, 33863, 33865, 33867, 33876, 33880, 33887, 33889, 33890, 33891, 33893, 33894, 33895, 33896, 33897, 33898, 33899, 33900, 33901, 33903, 33905, 33906, 33915, 33919, 33927, 33928, 33930, 33932, 33933, 33934, 33939, 33940, 33947, 33959, 33960, 33961, 33965, 33967, 33969, 33970, 33976, 33982, 33988, 33989, 33990, 33992, 33993, 33994, 33995, 33996, 33998, 34000, 34001, 34002, 34007, 34009, 34010, 34014, 34017, 34018, 34019, 34022, 34030, 34031, 34032, 34033, 34034, 34036, 34040, 34042, 34044, 34048, 34050, 34052, 34053, 34058, 34062, 34063, 34071, 34077, 34079, 34080, 34082, 34083, 34084, 34085, 34086, 34087, 34088, 34090, 34091, 34095, 34096, 34097, 34098, 34099, 34101, 34103, 34105, 34109, 34116, 34118, 34120, 34121, 34122, 34123, 34124, 34125, 34127, 34128, 34129, 34131, 34132, 34134, 34136, 34137, 34138, 34140, 34142, 34143, 34144, 34145, 34147, 34148, 34150, 34155, 34156, 34159, 34162, 34163, 34164, 34166, 34168, 34169, 34170, 34171, 34174, 34175, 34177, 34178, 34181, 34189, 34192, 34193, 34194, 34195, 34196, 34197, 34198, 34199, 34200, 34202, 34204, 34205, 34206, 34207, 34209, 34210, 34213, 34214, 34216, 34219, 34224, 34237, 34238, 34239, 34242, 34243, 34244, 34245, 34247, 34249, 34250, 34253, 34254, 34260, 34262, 34266, 34267, 34268, 34269, 34271, 34272, 34273, 34276, 34280, 34286, 34290, 34294, 34295, 34296, 34297, 34298, 34299, 34302, 34303, 34304, 34306, 34307, 34309, 34310, 34312, 34313, 34314, 34315, 34318, 34319, 34322, 34325, 34329, 34332, 34334, 34335, 34337, 34338, 34339, 34340, 34341, 34346, 34348, 34349, 34350, 34351, 34354, 34355, 34356, 34358, 34361, 34362, 34363, 34364, 34367, 34372, 34376, 34378, 34379, 34381, 34383, 34384, 34385, 34387, 34391, 34394, 34402, 34403, 34404, 34407, 34409, 34410, 34413, 34414, 34415, 34416, 34418, 34420, 34421, 34422, 34424, 34434, 34437, 34438, 34440, 34441, 34442, 34443, 34444, 34447, 34448, 34449, 34451, 34454, 34455, 34459, 34460, 34462, 34464, 34465, 34466, 34467, 34468, 34476, 34483, 34484, 34485, 34486, 34487, 34488, 34489, 34490, 34492, 34493, 34494, 34496, 34497, 34500, 34501, 34506, 34507, 34510, 34511, 34512, 34513, 34522, 34524, 34525, 34526, 34527, 34530, 34531, 34532, 34534, 34535, 34536, 34538, 34539, 34540, 34541, 34543, 34545, 34553, 34558, 34563, 34564, 34565, 34569, 34570, 34571, 34575, 34576, 34577, 34579, 34580, 34582, 34583, 34584, 34586, 34589, 34591, 34592, 34595, 34597, 34598, 34599, 34600, 34602, 34603, 34604, 34605, 34607, 34608, 34609, 34610, 34611, 34612, 34614, 34615, 34617, 34619, 34624, 34627, 34630, 34631, 34632, 34633, 34635, 34636, 34638, 34641, 34643, 34644, 34645, 34646, 34650, 34651, 34655, 34657, 34658, 34660, 34661, 34662, 34663, 34665, 34667, 34668, 34670, 34671, 34672, 34673, 34674, 34675, 34676, 34678, 34679, 34682, 34683, 34684, 34687, 34688, 34689, 34695, 34698, 34699, 34700, 34704, 34707, 34708, 34728, 34729, 34730, 34731, 34732, 34733, 34734, 34735, 34736, 34738, 34739, 34744, 34746, 34751, 34753, 34754, 34757, 34758, 34759, 34760, 34762, 34764, 34765, 34767, 34769, 34770, 34775, 34779, 34780, 34781, 34782, 34783, 34784, 34785, 34786, 34787, 34788, 34790, 34791, 34792, 34793, 34795, 34798, 34801, 34804, 34811, 34812, 34814, 34815, 34816, 34819, 34820, 34822, 34823, 34824, 34825, 34827, 34830, 34831, 34832, 34833, 34835, 34837, 34838, 34842, 34843, 34844, 34846, 34849, 34850, 34851, 34852, 34854, 34862, 34871, 34872, 34874, 34875, 34876, 34880, 34881, 34890, 34897, 34898, 34899, 34900, 34901, 34902, 34904, 34905, 34906, 34907, 34908, 34909, 34910, 34911, 34912, 34921, 34922, 34925, 34926, 34927, 34928, 34929, 34930, 34933, 34938, 34940, 34942, 34947, 34950, 34962, 34963, 34964, 34966, 34967, 34968, 34969, 34970, 34971, 34972, 34973, 34975, 34977, 34978, 34981, 34985, 34988, 34990, 34993, 35001, 35004, 35005, 35006, 35010, 35013, 35014, 35018, 35021, 35023, 35027, 35037, 35038, 35039, 35040, 35041, 35045, 35046, 35047, 35048, 35049, 35050, 35051, 35052, 35059, 35060, 35061, 35063, 35067, 35068, 35069, 35072, 35076, 35082, 35083, 35084, 35086, 35087, 35088, 35089, 35092, 35093, 35096, 35098, 35103, 35104, 35105, 35110, 35111, 35114, 35115, 35116, 35117, 35118, 35119, 35120, 35121, 35122, 35125, 35126, 35127, 35133, 35134, 35142, 35146, 35147, 35148, 35149, 35151, 35152, 35154, 35155, 35156, 35157, 35158, 35161, 35163, 35165, 35166, 35167, 35168, 35169, 35171, 35172, 35173, 35175, 35176, 35179, 35181, 35183, 35187, 35188, 35189, 35191, 35193, 35194, 35195, 35196, 35198, 35199, 35201, 35205, 35208, 35209, 35210, 35211, 35212, 35213, 35214, 35215, 35216, 35217, 35218, 35220, 35221, 35224, 35225, 35228, 35230, 35239, 35240, 35241, 35242, 35245, 35247, 35249, 35253, 35257, 35259, 35262, 35263, 35267, 35268, 35270, 35272, 35273, 35274, 35275, 35276, 35278, 35279, 35280, 35281, 35282, 35283, 35284, 35285, 35287, 35291, 35300, 35301, 35302, 35303, 35304, 35306, 35312, 35314, 35315, 35316, 35318, 35324, 35325, 35326, 35328, 35329, 35330, 35333, 35334, 35335, 35338, 35340, 35341, 35344, 35346, 35347, 35350, 35353, 35355, 35356, 35357, 35359, 35360, 35363, 35364, 35366, 35369, 35371, 35372, 35374, 35376, 35378, 35381, 35388, 35389, 35390, 35391, 35392, 35393, 35395, 35396, 35399, 35401, 35403, 35405, 35412, 35413, 35414, 35415, 35416, 35417, 35422, 35423, 35424, 35425, 35429, 35431, 35432, 35434, 35435, 35436, 35437, 35438, 35440
2025-09-23 12:14:30,919 - INFO - Assigned example paths (one per line):
/home/projects/bagon/shared/imagenet512/val/n01697457/ILSVRC2012_val_00007266.JPEG
/home/projects/bagon/shared/imagenet512/val/n02536864/ILSVRC2012_val_00044563.JPEG
/home/projects/bagon/shared/imagenet512/val/n03937543/ILSVRC2012_val_00048930.JPEG
/home/projects/bagon/shared/imagenet512/val/n03483316/ILSVRC2012_val_00016051.JPEG
/home/projects/bagon/shared/imagenet512/val/n01580077/ILSVRC2012_val_00013753.JPEG
/home/projects/bagon/shared/imagenet512/val/n02841315/ILSVRC2012_val_00017620.JPEG
/home/projects/bagon/shared/imagenet512/val/n01819313/ILSVRC2012_val_00020514.JPEG
/home/projects/bagon/shared/imagenet512/val/n03134739/ILSVRC2012_val_00033811.JPEG
/home/projects/bagon/shared/imagenet512/val/n01704323/ILSVRC2012_val_00048548.JPEG
/home/projects/bagon/shared/imagenet512/val/n04435653/ILSVRC2012_val_00020450.JPEG
/home/projects/bagon/shared/imagenet512/val/n02808304/ILSVRC2012_val_00022989.JPEG
/home/projects/bagon/shared/imagenet512/val/n04347754/ILSVRC2012_val_00013459.JPEG
/home/projects/bagon/shared/imagenet512/val/n03733805/ILSVRC2012_val_00029464.JPEG
/home/projects/bagon/shared/imagenet512/val/n04141327/ILSVRC2012_val_00003236.JPEG
/home/projects/bagon/shared/imagenet512/val/n03388549/ILSVRC2012_val_00015918.JPEG
/home/projects/bagon/shared/imagenet512/val/n02097047/ILSVRC2012_val_00047084.JPEG
/home/projects/bagon/shared/imagenet512/val/n03888605/ILSVRC2012_val_00035987.JPEG
/home/projects/bagon/shared/imagenet512/val/n03793489/ILSVRC2012_val_00045856.JPEG
/home/projects/bagon/shared/imagenet512/val/n03873416/ILSVRC2012_val_00016980.JPEG
/home/projects/bagon/shared/imagenet512/val/n07753592/ILSVRC2012_val_00040280.JPEG
/home/projects/bagon/shared/imagenet512/val/n01667778/ILSVRC2012_val_00034728.JPEG
/home/projects/bagon/shared/imagenet512/val/n04476259/ILSVRC2012_val_00032312.JPEG
/home/projects/bagon/shared/imagenet512/val/n04613696/ILSVRC2012_val_00012991.JPEG
/home/projects/bagon/shared/imagenet512/val/n02793495/ILSVRC2012_val_00027715.JPEG
/home/projects/bagon/shared/imagenet512/val/n03110669/ILSVRC2012_val_00002171.JPEG
/home/projects/bagon/shared/imagenet512/val/n04086273/ILSVRC2012_val_00032525.JPEG
/home/projects/bagon/shared/imagenet512/val/n02099712/ILSVRC2012_val_00022606.JPEG
/home/projects/bagon/shared/imagenet512/val/n02091635/ILSVRC2012_val_00019639.JPEG
/home/projects/bagon/shared/imagenet512/val/n02120505/ILSVRC2012_val_00035164.JPEG
/home/projects/bagon/shared/imagenet512/val/n02090379/ILSVRC2012_val_00020739.JPEG
/home/projects/bagon/shared/imagenet512/val/n02408429/ILSVRC2012_val_00009898.JPEG
/home/projects/bagon/shared/imagenet512/val/n02988304/ILSVRC2012_val_00040907.JPEG
/home/projects/bagon/shared/imagenet512/val/n02676566/ILSVRC2012_val_00013063.JPEG
/home/projects/bagon/shared/imagenet512/val/n03045698/ILSVRC2012_val_00041131.JPEG
/home/projects/bagon/shared/imagenet512/val/n02037110/ILSVRC2012_val_00009991.JPEG
/home/projects/bagon/shared/imagenet512/val/n02276258/ILSVRC2012_val_00001187.JPEG
/home/projects/bagon/shared/imagenet512/val/n04613696/ILSVRC2012_val_00042945.JPEG
/home/projects/bagon/shared/imagenet512/val/n02777292/ILSVRC2012_val_00004895.JPEG
/home/projects/bagon/shared/imagenet512/val/n02326432/ILSVRC2012_val_00007440.JPEG
/home/projects/bagon/shared/imagenet512/val/n04597913/ILSVRC2012_val_00022476.JPEG
/home/projects/bagon/shared/imagenet512/val/n01944390/ILSVRC2012_val_00008789.JPEG
/home/projects/bagon/shared/imagenet512/val/n03481172/ILSVRC2012_val_00026993.JPEG
/home/projects/bagon/shared/imagenet512/val/n03803284/ILSVRC2012_val_00020872.JPEG
/home/projects/bagon/shared/imagenet512/val/n02002724/ILSVRC2012_val_00022687.JPEG
/home/projects/bagon/shared/imagenet512/val/n03982430/ILSVRC2012_val_00034059.JPEG
/home/projects/bagon/shared/imagenet512/val/n02085782/ILSVRC2012_val_00029262.JPEG
/home/projects/bagon/shared/imagenet512/val/n09421951/ILSVRC2012_val_00018154.JPEG
/home/projects/bagon/shared/imagenet512/val/n02028035/ILSVRC2012_val_00029974.JPEG
/home/projects/bagon/shared/imagenet512/val/n02835271/ILSVRC2012_val_00043435.JPEG
/home/projects/bagon/shared/imagenet512/val/n02096177/ILSVRC2012_val_00032177.JPEG
/home/projects/bagon/shared/imagenet512/val/n02093428/ILSVRC2012_val_00008303.JPEG
/home/projects/bagon/shared/imagenet512/val/n02088466/ILSVRC2012_val_00013080.JPEG
/home/projects/bagon/shared/imagenet512/val/n03032252/ILSVRC2012_val_00031248.JPEG
/home/projects/bagon/shared/imagenet512/val/n02085620/ILSVRC2012_val_00021266.JPEG
/home/projects/bagon/shared/imagenet512/val/n02606052/ILSVRC2012_val_00038764.JPEG
/home/projects/bagon/shared/imagenet512/val/n02098105/ILSVRC2012_val_00005267.JPEG
/home/projects/bagon/shared/imagenet512/val/n03146219/ILSVRC2012_val_00002250.JPEG
/home/projects/bagon/shared/imagenet512/val/n04552348/ILSVRC2012_val_00047529.JPEG
/home/projects/bagon/shared/imagenet512/val/n02894605/ILSVRC2012_val_00020306.JPEG
/home/projects/bagon/shared/imagenet512/val/n04023962/ILSVRC2012_val_00013561.JPEG
/home/projects/bagon/shared/imagenet512/val/n04476259/ILSVRC2012_val_00011105.JPEG
/home/projects/bagon/shared/imagenet512/val/n03804744/ILSVRC2012_val_00028216.JPEG
/home/projects/bagon/shared/imagenet512/val/n03977966/ILSVRC2012_val_00029106.JPEG
/home/projects/bagon/shared/imagenet512/val/n01819313/ILSVRC2012_val_00033479.JPEG
/home/projects/bagon/shared/imagenet512/val/n03481172/ILSVRC2012_val_00025034.JPEG
/home/projects/bagon/shared/imagenet512/val/n02130308/ILSVRC2012_val_00041296.JPEG
/home/projects/bagon/shared/imagenet512/val/n03532672/ILSVRC2012_val_00018267.JPEG
/home/projects/bagon/shared/imagenet512/val/n07615774/ILSVRC2012_val_00039496.JPEG
/home/projects/bagon/shared/imagenet512/val/n02089078/ILSVRC2012_val_00047543.JPEG
/home/projects/bagon/shared/imagenet512/val/n03884397/ILSVRC2012_val_00030107.JPEG
/home/projects/bagon/shared/imagenet512/val/n02093647/ILSVRC2012_val_00001957.JPEG
/home/projects/bagon/shared/imagenet512/val/n03485407/ILSVRC2012_val_00013665.JPEG
/home/projects/bagon/shared/imagenet512/val/n04141975/ILSVRC2012_val_00010284.JPEG
/home/projects/bagon/shared/imagenet512/val/n04428191/ILSVRC2012_val_00006136.JPEG
/home/projects/bagon/shared/imagenet512/val/n01644900/ILSVRC2012_val_00039478.JPEG
/home/projects/bagon/shared/imagenet512/val/n04259630/ILSVRC2012_val_00026779.JPEG
/home/projects/bagon/shared/imagenet512/val/n02795169/ILSVRC2012_val_00011533.JPEG
/home/projects/bagon/shared/imagenet512/val/n02106550/ILSVRC2012_val_00012085.JPEG
/home/projects/bagon/shared/imagenet512/val/n02106382/ILSVRC2012_val_00022843.JPEG
/home/projects/bagon/shared/imagenet512/val/n02279972/ILSVRC2012_val_00023084.JPEG
/home/projects/bagon/shared/imagenet512/val/n03617480/ILSVRC2012_val_00027806.JPEG
/home/projects/bagon/shared/imagenet512/val/n02114855/ILSVRC2012_val_00004178.JPEG
/home/projects/bagon/shared/imagenet512/val/n01728920/ILSVRC2012_val_00013751.JPEG
/home/projects/bagon/shared/imagenet512/val/n02786058/ILSVRC2012_val_00016079.JPEG
/home/projects/bagon/shared/imagenet512/val/n02268443/ILSVRC2012_val_00030535.JPEG
/home/projects/bagon/shared/imagenet512/val/n02951585/ILSVRC2012_val_00000223.JPEG
/home/projects/bagon/shared/imagenet512/val/n04540053/ILSVRC2012_val_00004370.JPEG
/home/projects/bagon/shared/imagenet512/val/n02002724/ILSVRC2012_val_00042532.JPEG
/home/projects/bagon/shared/imagenet512/val/n01644373/ILSVRC2012_val_00007398.JPEG
/home/projects/bagon/shared/imagenet512/val/n02883205/ILSVRC2012_val_00036568.JPEG
/home/projects/bagon/shared/imagenet512/val/n02640242/ILSVRC2012_val_00008189.JPEG
/home/projects/bagon/shared/imagenet512/val/n02090379/ILSVRC2012_val_00024950.JPEG
/home/projects/bagon/shared/imagenet512/val/n02396427/ILSVRC2012_val_00027556.JPEG
/home/projects/bagon/shared/imagenet512/val/n02099849/ILSVRC2012_val_00023943.JPEG
/home/projects/bagon/shared/imagenet512/val/n02101388/ILSVRC2012_val_00011777.JPEG
/home/projects/bagon/shared/imagenet512/val/n03920288/ILSVRC2012_val_00005792.JPEG
/home/projects/bagon/shared/imagenet512/val/n02877765/ILSVRC2012_val_00028094.JPEG
/home/projects/bagon/shared/imagenet512/val/n02130308/ILSVRC2012_val_00035388.JPEG
/home/projects/bagon/shared/imagenet512/val/n03947888/ILSVRC2012_val_00036604.JPEG
/home/projects/bagon/shared/imagenet512/val/n02105251/ILSVRC2012_val_00028633.JPEG
/home/projects/bagon/shared/imagenet512/val/n02134418/ILSVRC2012_val_00034637.JPEG
/home/projects/bagon/shared/imagenet512/val/n03042490/ILSVRC2012_val_00010674.JPEG
/home/projects/bagon/shared/imagenet512/val/n02444819/ILSVRC2012_val_00007115.JPEG
/home/projects/bagon/shared/imagenet512/val/n02823428/ILSVRC2012_val_00011437.JPEG
/home/projects/bagon/shared/imagenet512/val/n01843383/ILSVRC2012_val_00019884.JPEG
/home/projects/bagon/shared/imagenet512/val/n02259212/ILSVRC2012_val_00044153.JPEG
/home/projects/bagon/shared/imagenet512/val/n03884397/ILSVRC2012_val_00041007.JPEG
/home/projects/bagon/shared/imagenet512/val/n02058221/ILSVRC2012_val_00000207.JPEG
/home/projects/bagon/shared/imagenet512/val/n13052670/ILSVRC2012_val_00040793.JPEG
/home/projects/bagon/shared/imagenet512/val/n03000684/ILSVRC2012_val_00023477.JPEG
/home/projects/bagon/shared/imagenet512/val/n02843684/ILSVRC2012_val_00000514.JPEG
/home/projects/bagon/shared/imagenet512/val/n02747177/ILSVRC2012_val_00021981.JPEG
/home/projects/bagon/shared/imagenet512/val/n07768694/ILSVRC2012_val_00041470.JPEG
/home/projects/bagon/shared/imagenet512/val/n03450230/ILSVRC2012_val_00008551.JPEG
/home/projects/bagon/shared/imagenet512/val/n09472597/ILSVRC2012_val_00016868.JPEG
/home/projects/bagon/shared/imagenet512/val/n03255030/ILSVRC2012_val_00032911.JPEG
/home/projects/bagon/shared/imagenet512/val/n02111277/ILSVRC2012_val_00047062.JPEG
/home/projects/bagon/shared/imagenet512/val/n04398044/ILSVRC2012_val_00030441.JPEG
/home/projects/bagon/shared/imagenet512/val/n01531178/ILSVRC2012_val_00031086.JPEG
/home/projects/bagon/shared/imagenet512/val/n02977058/ILSVRC2012_val_00029340.JPEG
/home/projects/bagon/shared/imagenet512/val/n02504458/ILSVRC2012_val_00021807.JPEG
/home/projects/bagon/shared/imagenet512/val/n03404251/ILSVRC2012_val_00033667.JPEG
/home/projects/bagon/shared/imagenet512/val/n02106550/ILSVRC2012_val_00034429.JPEG
/home/projects/bagon/shared/imagenet512/val/n02978881/ILSVRC2012_val_00038135.JPEG
/home/projects/bagon/shared/imagenet512/val/n03384352/ILSVRC2012_val_00036025.JPEG
/home/projects/bagon/shared/imagenet512/val/n04049303/ILSVRC2012_val_00019907.JPEG
/home/projects/bagon/shared/imagenet512/val/n04579145/ILSVRC2012_val_00047046.JPEG
/home/projects/bagon/shared/imagenet512/val/n02099849/ILSVRC2012_val_00017377.JPEG
/home/projects/bagon/shared/imagenet512/val/n03792782/ILSVRC2012_val_00005303.JPEG
/home/projects/bagon/shared/imagenet512/val/n04325704/ILSVRC2012_val_00039815.JPEG
/home/projects/bagon/shared/imagenet512/val/n04447861/ILSVRC2012_val_00026111.JPEG
/home/projects/bagon/shared/imagenet512/val/n02797295/ILSVRC2012_val_00017834.JPEG
/home/projects/bagon/shared/imagenet512/val/n03384352/ILSVRC2012_val_00009120.JPEG
/home/projects/bagon/shared/imagenet512/val/n15075141/ILSVRC2012_val_00029967.JPEG
/home/projects/bagon/shared/imagenet512/val/n02951585/ILSVRC2012_val_00036184.JPEG
/home/projects/bagon/shared/imagenet512/val/n04447861/ILSVRC2012_val_00028452.JPEG
/home/projects/bagon/shared/imagenet512/val/n02226429/ILSVRC2012_val_00006915.JPEG
/home/projects/bagon/shared/imagenet512/val/n03476991/ILSVRC2012_val_00017903.JPEG
/home/projects/bagon/shared/imagenet512/val/n01983481/ILSVRC2012_val_00026193.JPEG
/home/projects/bagon/shared/imagenet512/val/n15075141/ILSVRC2012_val_00027432.JPEG
/home/projects/bagon/shared/imagenet512/val/n04557648/ILSVRC2012_val_00017570.JPEG
/home/projects/bagon/shared/imagenet512/val/n03877472/ILSVRC2012_val_00010822.JPEG
/home/projects/bagon/shared/imagenet512/val/n07614500/ILSVRC2012_val_00009969.JPEG
/home/projects/bagon/shared/imagenet512/val/n02105855/ILSVRC2012_val_00044406.JPEG
/home/projects/bagon/shared/imagenet512/val/n04254680/ILSVRC2012_val_00036164.JPEG
/home/projects/bagon/shared/imagenet512/val/n07720875/ILSVRC2012_val_00027571.JPEG
/home/projects/bagon/shared/imagenet512/val/n02777292/ILSVRC2012_val_00030267.JPEG
/home/projects/bagon/shared/imagenet512/val/n03485794/ILSVRC2012_val_00005801.JPEG
/home/projects/bagon/shared/imagenet512/val/n03637318/ILSVRC2012_val_00017312.JPEG
/home/projects/bagon/shared/imagenet512/val/n01484850/ILSVRC2012_val_00031466.JPEG
/home/projects/bagon/shared/imagenet512/val/n03131574/ILSVRC2012_val_00004460.JPEG
/home/projects/bagon/shared/imagenet512/val/n02823428/ILSVRC2012_val_00022396.JPEG
/home/projects/bagon/shared/imagenet512/val/n03630383/ILSVRC2012_val_00002627.JPEG
/home/projects/bagon/shared/imagenet512/val/n01986214/ILSVRC2012_val_00037144.JPEG
/home/projects/bagon/shared/imagenet512/val/n03759954/ILSVRC2012_val_00049128.JPEG
/home/projects/bagon/shared/imagenet512/val/n01698640/ILSVRC2012_val_00006151.JPEG
/home/projects/bagon/shared/imagenet512/val/n02281406/ILSVRC2012_val_00049742.JPEG
/home/projects/bagon/shared/imagenet512/val/n03891332/ILSVRC2012_val_00017999.JPEG
/home/projects/bagon/shared/imagenet512/val/n04041544/ILSVRC2012_val_00024841.JPEG
/home/projects/bagon/shared/imagenet512/val/n01664065/ILSVRC2012_val_00036202.JPEG
/home/projects/bagon/shared/imagenet512/val/n02777292/ILSVRC2012_val_00003803.JPEG
/home/projects/bagon/shared/imagenet512/val/n04265275/ILSVRC2012_val_00049659.JPEG
/home/projects/bagon/shared/imagenet512/val/n03995372/ILSVRC2012_val_00045162.JPEG
/home/projects/bagon/shared/imagenet512/val/n02966687/ILSVRC2012_val_00034947.JPEG
/home/projects/bagon/shared/imagenet512/val/n03804744/ILSVRC2012_val_00037696.JPEG
/home/projects/bagon/shared/imagenet512/val/n03018349/ILSVRC2012_val_00000346.JPEG
/home/projects/bagon/shared/imagenet512/val/n04536866/ILSVRC2012_val_00039680.JPEG
/home/projects/bagon/shared/imagenet512/val/n03417042/ILSVRC2012_val_00042487.JPEG
/home/projects/bagon/shared/imagenet512/val/n03843555/ILSVRC2012_val_00010931.JPEG
/home/projects/bagon/shared/imagenet512/val/n04023962/ILSVRC2012_val_00007919.JPEG
/home/projects/bagon/shared/imagenet512/val/n03485407/ILSVRC2012_val_00022547.JPEG
/home/projects/bagon/shared/imagenet512/val/n01698640/ILSVRC2012_val_00010395.JPEG
/home/projects/bagon/shared/imagenet512/val/n03376595/ILSVRC2012_val_00001855.JPEG
/home/projects/bagon/shared/imagenet512/val/n03825788/ILSVRC2012_val_00023059.JPEG
/home/projects/bagon/shared/imagenet512/val/n02869837/ILSVRC2012_val_00038967.JPEG
/home/projects/bagon/shared/imagenet512/val/n01694178/ILSVRC2012_val_00017490.JPEG
/home/projects/bagon/shared/imagenet512/val/n04447861/ILSVRC2012_val_00035684.JPEG
/home/projects/bagon/shared/imagenet512/val/n01632777/ILSVRC2012_val_00041298.JPEG
/home/projects/bagon/shared/imagenet512/val/n02843684/ILSVRC2012_val_00004330.JPEG
/home/projects/bagon/shared/imagenet512/val/n03325584/ILSVRC2012_val_00029330.JPEG
/home/projects/bagon/shared/imagenet512/val/n04591713/ILSVRC2012_val_00048539.JPEG
/home/projects/bagon/shared/imagenet512/val/n02992211/ILSVRC2012_val_00039077.JPEG
/home/projects/bagon/shared/imagenet512/val/n03950228/ILSVRC2012_val_00019039.JPEG
/home/projects/bagon/shared/imagenet512/val/n04326547/ILSVRC2012_val_00011562.JPEG
/home/projects/bagon/shared/imagenet512/val/n02138441/ILSVRC2012_val_00032737.JPEG
/home/projects/bagon/shared/imagenet512/val/n03379051/ILSVRC2012_val_00047692.JPEG
/home/projects/bagon/shared/imagenet512/val/n02787622/ILSVRC2012_val_00032950.JPEG
/home/projects/bagon/shared/imagenet512/val/n02096177/ILSVRC2012_val_00016484.JPEG
/home/projects/bagon/shared/imagenet512/val/n02672831/ILSVRC2012_val_00034486.JPEG
/home/projects/bagon/shared/imagenet512/val/n04592741/ILSVRC2012_val_00022734.JPEG
/home/projects/bagon/shared/imagenet512/val/n02841315/ILSVRC2012_val_00002158.JPEG
/home/projects/bagon/shared/imagenet512/val/n03467068/ILSVRC2012_val_00043020.JPEG
/home/projects/bagon/shared/imagenet512/val/n03929660/ILSVRC2012_val_00029852.JPEG
/home/projects/bagon/shared/imagenet512/val/n04005630/ILSVRC2012_val_00040082.JPEG
/home/projects/bagon/shared/imagenet512/val/n03131574/ILSVRC2012_val_00009699.JPEG
/home/projects/bagon/shared/imagenet512/val/n02655020/ILSVRC2012_val_00010683.JPEG
/home/projects/bagon/shared/imagenet512/val/n03347037/ILSVRC2012_val_00011810.JPEG
/home/projects/bagon/shared/imagenet512/val/n01582220/ILSVRC2012_val_00000476.JPEG
/home/projects/bagon/shared/imagenet512/val/n02094258/ILSVRC2012_val_00016976.JPEG
/home/projects/bagon/shared/imagenet512/val/n01742172/ILSVRC2012_val_00029088.JPEG
/home/projects/bagon/shared/imagenet512/val/n03372029/ILSVRC2012_val_00003736.JPEG
/home/projects/bagon/shared/imagenet512/val/n04200800/ILSVRC2012_val_00036014.JPEG
/home/projects/bagon/shared/imagenet512/val/n01924916/ILSVRC2012_val_00047016.JPEG
/home/projects/bagon/shared/imagenet512/val/n01749939/ILSVRC2012_val_00008810.JPEG
/home/projects/bagon/shared/imagenet512/val/n03095699/ILSVRC2012_val_00010195.JPEG
/home/projects/bagon/shared/imagenet512/val/n04428191/ILSVRC2012_val_00008174.JPEG
/home/projects/bagon/shared/imagenet512/val/n02085782/ILSVRC2012_val_00015670.JPEG
/home/projects/bagon/shared/imagenet512/val/n02268853/ILSVRC2012_val_00049961.JPEG
/home/projects/bagon/shared/imagenet512/val/n02233338/ILSVRC2012_val_00036880.JPEG
/home/projects/bagon/shared/imagenet512/val/n01692333/ILSVRC2012_val_00014312.JPEG
/home/projects/bagon/shared/imagenet512/val/n01774384/ILSVRC2012_val_00047122.JPEG
/home/projects/bagon/shared/imagenet512/val/n03134739/ILSVRC2012_val_00023149.JPEG
/home/projects/bagon/shared/imagenet512/val/n03017168/ILSVRC2012_val_00036909.JPEG
/home/projects/bagon/shared/imagenet512/val/n03240683/ILSVRC2012_val_00008795.JPEG
/home/projects/bagon/shared/imagenet512/val/n03530642/ILSVRC2012_val_00038525.JPEG
/home/projects/bagon/shared/imagenet512/val/n02114548/ILSVRC2012_val_00015446.JPEG
/home/projects/bagon/shared/imagenet512/val/n01582220/ILSVRC2012_val_00039004.JPEG
/home/projects/bagon/shared/imagenet512/val/n04371774/ILSVRC2012_val_00015554.JPEG
/home/projects/bagon/shared/imagenet512/val/n01530575/ILSVRC2012_val_00035540.JPEG
/home/projects/bagon/shared/imagenet512/val/n04517823/ILSVRC2012_val_00048458.JPEG
/home/projects/bagon/shared/imagenet512/val/n03623198/ILSVRC2012_val_00041207.JPEG
/home/projects/bagon/shared/imagenet512/val/n04004767/ILSVRC2012_val_00020731.JPEG
/home/projects/bagon/shared/imagenet512/val/n07590611/ILSVRC2012_val_00038847.JPEG
/home/projects/bagon/shared/imagenet512/val/n02033041/ILSVRC2012_val_00035972.JPEG
/home/projects/bagon/shared/imagenet512/val/n04367480/ILSVRC2012_val_00025494.JPEG
/home/projects/bagon/shared/imagenet512/val/n01688243/ILSVRC2012_val_00017015.JPEG
/home/projects/bagon/shared/imagenet512/val/n03995372/ILSVRC2012_val_00021444.JPEG
/home/projects/bagon/shared/imagenet512/val/n02190166/ILSVRC2012_val_00040278.JPEG
/home/projects/bagon/shared/imagenet512/val/n01944390/ILSVRC2012_val_00047412.JPEG
/home/projects/bagon/shared/imagenet512/val/n03355925/ILSVRC2012_val_00020208.JPEG
/home/projects/bagon/shared/imagenet512/val/n04266014/ILSVRC2012_val_00005787.JPEG
/home/projects/bagon/shared/imagenet512/val/n04347754/ILSVRC2012_val_00030480.JPEG
/home/projects/bagon/shared/imagenet512/val/n04366367/ILSVRC2012_val_00011834.JPEG
/home/projects/bagon/shared/imagenet512/val/n03977966/ILSVRC2012_val_00046876.JPEG
/home/projects/bagon/shared/imagenet512/val/n07718747/ILSVRC2012_val_00011521.JPEG
/home/projects/bagon/shared/imagenet512/val/n04204238/ILSVRC2012_val_00009203.JPEG
/home/projects/bagon/shared/imagenet512/val/n04090263/ILSVRC2012_val_00039316.JPEG
/home/projects/bagon/shared/imagenet512/val/n02268853/ILSVRC2012_val_00043486.JPEG
/home/projects/bagon/shared/imagenet512/val/n01855672/ILSVRC2012_val_00047108.JPEG
/home/projects/bagon/shared/imagenet512/val/n04447861/ILSVRC2012_val_00040960.JPEG
/home/projects/bagon/shared/imagenet512/val/n04286575/ILSVRC2012_val_00020426.JPEG
/home/projects/bagon/shared/imagenet512/val/n03733281/ILSVRC2012_val_00032108.JPEG
/home/projects/bagon/shared/imagenet512/val/n02786058/ILSVRC2012_val_00005610.JPEG
/home/projects/bagon/shared/imagenet512/val/n02823750/ILSVRC2012_val_00014945.JPEG
/home/projects/bagon/shared/imagenet512/val/n07693725/ILSVRC2012_val_00019949.JPEG
/home/projects/bagon/shared/imagenet512/val/n01498041/ILSVRC2012_val_00042547.JPEG
/home/projects/bagon/shared/imagenet512/val/n07614500/ILSVRC2012_val_00006914.JPEG
/home/projects/bagon/shared/imagenet512/val/n03938244/ILSVRC2012_val_00023366.JPEG
/home/projects/bagon/shared/imagenet512/val/n02493793/ILSVRC2012_val_00036994.JPEG
/home/projects/bagon/shared/imagenet512/val/n02129604/ILSVRC2012_val_00049631.JPEG
/home/projects/bagon/shared/imagenet512/val/n03476991/ILSVRC2012_val_00002442.JPEG
/home/projects/bagon/shared/imagenet512/val/n04487394/ILSVRC2012_val_00037551.JPEG
/home/projects/bagon/shared/imagenet512/val/n02971356/ILSVRC2012_val_00015884.JPEG
/home/projects/bagon/shared/imagenet512/val/n02492035/ILSVRC2012_val_00041232.JPEG
/home/projects/bagon/shared/imagenet512/val/n04482393/ILSVRC2012_val_00023808.JPEG
/home/projects/bagon/shared/imagenet512/val/n03494278/ILSVRC2012_val_00002429.JPEG
/home/projects/bagon/shared/imagenet512/val/n02939185/ILSVRC2012_val_00017286.JPEG
/home/projects/bagon/shared/imagenet512/val/n03930313/ILSVRC2012_val_00004063.JPEG
/home/projects/bagon/shared/imagenet512/val/n02397096/ILSVRC2012_val_00004394.JPEG
/home/projects/bagon/shared/imagenet512/val/n03379051/ILSVRC2012_val_00035449.JPEG
/home/projects/bagon/shared/imagenet512/val/n02607072/ILSVRC2012_val_00016825.JPEG
/home/projects/bagon/shared/imagenet512/val/n04509417/ILSVRC2012_val_00019585.JPEG
/home/projects/bagon/shared/imagenet512/val/n02091134/ILSVRC2012_val_00049778.JPEG
/home/projects/bagon/shared/imagenet512/val/n07590611/ILSVRC2012_val_00037664.JPEG
/home/projects/bagon/shared/imagenet512/val/n03868863/ILSVRC2012_val_00033211.JPEG
/home/projects/bagon/shared/imagenet512/val/n02107908/ILSVRC2012_val_00045080.JPEG
/home/projects/bagon/shared/imagenet512/val/n02093991/ILSVRC2012_val_00017905.JPEG
/home/projects/bagon/shared/imagenet512/val/n04154565/ILSVRC2012_val_00009272.JPEG
/home/projects/bagon/shared/imagenet512/val/n02708093/ILSVRC2012_val_00022719.JPEG
/home/projects/bagon/shared/imagenet512/val/n01871265/ILSVRC2012_val_00015958.JPEG
/home/projects/bagon/shared/imagenet512/val/n02105855/ILSVRC2012_val_00014923.JPEG
/home/projects/bagon/shared/imagenet512/val/n02488291/ILSVRC2012_val_00024011.JPEG
/home/projects/bagon/shared/imagenet512/val/n02097209/ILSVRC2012_val_00036919.JPEG
/home/projects/bagon/shared/imagenet512/val/n04461696/ILSVRC2012_val_00048241.JPEG
/home/projects/bagon/shared/imagenet512/val/n03854065/ILSVRC2012_val_00029865.JPEG
/home/projects/bagon/shared/imagenet512/val/n03803284/ILSVRC2012_val_00045366.JPEG
/home/projects/bagon/shared/imagenet512/val/n03109150/ILSVRC2012_val_00034440.JPEG
/home/projects/bagon/shared/imagenet512/val/n07583066/ILSVRC2012_val_00038540.JPEG
/home/projects/bagon/shared/imagenet512/val/n04111531/ILSVRC2012_val_00013982.JPEG
/home/projects/bagon/shared/imagenet512/val/n02840245/ILSVRC2012_val_00036216.JPEG
/home/projects/bagon/shared/imagenet512/val/n03347037/ILSVRC2012_val_00031529.JPEG
/home/projects/bagon/shared/imagenet512/val/n02398521/ILSVRC2012_val_00027472.JPEG
/home/projects/bagon/shared/imagenet512/val/n03692522/ILSVRC2012_val_00022747.JPEG
/home/projects/bagon/shared/imagenet512/val/n02606052/ILSVRC2012_val_00030635.JPEG
/home/projects/bagon/shared/imagenet512/val/n02437616/ILSVRC2012_val_00005960.JPEG
/home/projects/bagon/shared/imagenet512/val/n03916031/ILSVRC2012_val_00011335.JPEG
/home/projects/bagon/shared/imagenet512/val/n02930766/ILSVRC2012_val_00025657.JPEG
/home/projects/bagon/shared/imagenet512/val/n03160309/ILSVRC2012_val_00016326.JPEG
/home/projects/bagon/shared/imagenet512/val/n04597913/ILSVRC2012_val_00017248.JPEG
/home/projects/bagon/shared/imagenet512/val/n01632777/ILSVRC2012_val_00035529.JPEG
/home/projects/bagon/shared/imagenet512/val/n02088466/ILSVRC2012_val_00036523.JPEG
/home/projects/bagon/shared/imagenet512/val/n01592084/ILSVRC2012_val_00007912.JPEG
/home/projects/bagon/shared/imagenet512/val/n04553703/ILSVRC2012_val_00003927.JPEG
/home/projects/bagon/shared/imagenet512/val/n02699494/ILSVRC2012_val_00027122.JPEG
/home/projects/bagon/shared/imagenet512/val/n01986214/ILSVRC2012_val_00027404.JPEG
/home/projects/bagon/shared/imagenet512/val/n03100240/ILSVRC2012_val_00041430.JPEG
/home/projects/bagon/shared/imagenet512/val/n02169497/ILSVRC2012_val_00020652.JPEG
/home/projects/bagon/shared/imagenet512/val/n02640242/ILSVRC2012_val_00036769.JPEG
/home/projects/bagon/shared/imagenet512/val/n01943899/ILSVRC2012_val_00046625.JPEG
/home/projects/bagon/shared/imagenet512/val/n02834397/ILSVRC2012_val_00010741.JPEG
/home/projects/bagon/shared/imagenet512/val/n02939185/ILSVRC2012_val_00035031.JPEG
/home/projects/bagon/shared/imagenet512/val/n02093647/ILSVRC2012_val_00015710.JPEG
/home/projects/bagon/shared/imagenet512/val/n04560804/ILSVRC2012_val_00020857.JPEG
/home/projects/bagon/shared/imagenet512/val/n04325704/ILSVRC2012_val_00042616.JPEG
/home/projects/bagon/shared/imagenet512/val/n07930864/ILSVRC2012_val_00049096.JPEG
/home/projects/bagon/shared/imagenet512/val/n03483316/ILSVRC2012_val_00022014.JPEG
/home/projects/bagon/shared/imagenet512/val/n02860847/ILSVRC2012_val_00002382.JPEG
/home/projects/bagon/shared/imagenet512/val/n03929660/ILSVRC2012_val_00039317.JPEG
/home/projects/bagon/shared/imagenet512/val/n01943899/ILSVRC2012_val_00028615.JPEG
/home/projects/bagon/shared/imagenet512/val/n04357314/ILSVRC2012_val_00023177.JPEG
/home/projects/bagon/shared/imagenet512/val/n02504458/ILSVRC2012_val_00001177.JPEG
/home/projects/bagon/shared/imagenet512/val/n02727426/ILSVRC2012_val_00032287.JPEG
/home/projects/bagon/shared/imagenet512/val/n03485794/ILSVRC2012_val_00043533.JPEG
/home/projects/bagon/shared/imagenet512/val/n03930313/ILSVRC2012_val_00046441.JPEG
/home/projects/bagon/shared/imagenet512/val/n02415577/ILSVRC2012_val_00033844.JPEG
/home/projects/bagon/shared/imagenet512/val/n04136333/ILSVRC2012_val_00009875.JPEG
/home/projects/bagon/shared/imagenet512/val/n02835271/ILSVRC2012_val_00040248.JPEG
/home/projects/bagon/shared/imagenet512/val/n02165456/ILSVRC2012_val_00046856.JPEG
/home/projects/bagon/shared/imagenet512/val/n02099429/ILSVRC2012_val_00005816.JPEG
/home/projects/bagon/shared/imagenet512/val/n03786901/ILSVRC2012_val_00044518.JPEG
/home/projects/bagon/shared/imagenet512/val/n04584207/ILSVRC2012_val_00012719.JPEG
/home/projects/bagon/shared/imagenet512/val/n04265275/ILSVRC2012_val_00008244.JPEG
/home/projects/bagon/shared/imagenet512/val/n02229544/ILSVRC2012_val_00030715.JPEG
/home/projects/bagon/shared/imagenet512/val/n02807133/ILSVRC2012_val_00002660.JPEG
/home/projects/bagon/shared/imagenet512/val/n03720891/ILSVRC2012_val_00034431.JPEG
/home/projects/bagon/shared/imagenet512/val/n04209133/ILSVRC2012_val_00029797.JPEG
/home/projects/bagon/shared/imagenet512/val/n03733805/ILSVRC2012_val_00019776.JPEG
/home/projects/bagon/shared/imagenet512/val/n03902125/ILSVRC2012_val_00021606.JPEG
/home/projects/bagon/shared/imagenet512/val/n03126707/ILSVRC2012_val_00016372.JPEG
/home/projects/bagon/shared/imagenet512/val/n02091032/ILSVRC2012_val_00042781.JPEG
/home/projects/bagon/shared/imagenet512/val/n03498962/ILSVRC2012_val_00004846.JPEG
/home/projects/bagon/shared/imagenet512/val/n02233338/ILSVRC2012_val_00002007.JPEG
/home/projects/bagon/shared/imagenet512/val/n02091467/ILSVRC2012_val_00047836.JPEG
/home/projects/bagon/shared/imagenet512/val/n03777754/ILSVRC2012_val_00033899.JPEG
/home/projects/bagon/shared/imagenet512/val/n01981276/ILSVRC2012_val_00046611.JPEG
/home/projects/bagon/shared/imagenet512/val/n03388183/ILSVRC2012_val_00006583.JPEG
/home/projects/bagon/shared/imagenet512/val/n04033995/ILSVRC2012_val_00020509.JPEG
/home/projects/bagon/shared/imagenet512/val/n04554684/ILSVRC2012_val_00004800.JPEG
/home/projects/bagon/shared/imagenet512/val/n07716906/ILSVRC2012_val_00033271.JPEG
/home/projects/bagon/shared/imagenet512/val/n03908618/ILSVRC2012_val_00012965.JPEG
/home/projects/bagon/shared/imagenet512/val/n01629819/ILSVRC2012_val_00014232.JPEG
/home/projects/bagon/shared/imagenet512/val/n01491361/ILSVRC2012_val_00036420.JPEG
/home/projects/bagon/shared/imagenet512/val/n02865351/ILSVRC2012_val_00047078.JPEG
/home/projects/bagon/shared/imagenet512/val/n03255030/ILSVRC2012_val_00031850.JPEG
/home/projects/bagon/shared/imagenet512/val/n09229709/ILSVRC2012_val_00012408.JPEG
/home/projects/bagon/shared/imagenet512/val/n03032252/ILSVRC2012_val_00006188.JPEG
/home/projects/bagon/shared/imagenet512/val/n02526121/ILSVRC2012_val_00001595.JPEG
/home/projects/bagon/shared/imagenet512/val/n04507155/ILSVRC2012_val_00020282.JPEG
/home/projects/bagon/shared/imagenet512/val/n03814639/ILSVRC2012_val_00007134.JPEG
/home/projects/bagon/shared/imagenet512/val/n07697313/ILSVRC2012_val_00010104.JPEG
/home/projects/bagon/shared/imagenet512/val/n02037110/ILSVRC2012_val_00045300.JPEG
/home/projects/bagon/shared/imagenet512/val/n03995372/ILSVRC2012_val_00013701.JPEG
/home/projects/bagon/shared/imagenet512/val/n04596742/ILSVRC2012_val_00034507.JPEG
/home/projects/bagon/shared/imagenet512/val/n01833805/ILSVRC2012_val_00013610.JPEG
/home/projects/bagon/shared/imagenet512/val/n03627232/ILSVRC2012_val_00049916.JPEG
/home/projects/bagon/shared/imagenet512/val/n02108000/ILSVRC2012_val_00048383.JPEG
/home/projects/bagon/shared/imagenet512/val/n02708093/ILSVRC2012_val_00002178.JPEG
/home/projects/bagon/shared/imagenet512/val/n01644900/ILSVRC2012_val_00038446.JPEG
/home/projects/bagon/shared/imagenet512/val/n02879718/ILSVRC2012_val_00015639.JPEG
/home/projects/bagon/shared/imagenet512/val/n01980166/ILSVRC2012_val_00036212.JPEG
/home/projects/bagon/shared/imagenet512/val/n03443371/ILSVRC2012_val_00000619.JPEG
/home/projects/bagon/shared/imagenet512/val/n02443484/ILSVRC2012_val_00023680.JPEG
/home/projects/bagon/shared/imagenet512/val/n02786058/ILSVRC2012_val_00032821.JPEG
/home/projects/bagon/shared/imagenet512/val/n04127249/ILSVRC2012_val_00012191.JPEG
/home/projects/bagon/shared/imagenet512/val/n04127249/ILSVRC2012_val_00017649.JPEG
/home/projects/bagon/shared/imagenet512/val/n03970156/ILSVRC2012_val_00004123.JPEG
/home/projects/bagon/shared/imagenet512/val/n04259630/ILSVRC2012_val_00027111.JPEG
/home/projects/bagon/shared/imagenet512/val/n02437616/ILSVRC2012_val_00026578.JPEG
/home/projects/bagon/shared/imagenet512/val/n01770081/ILSVRC2012_val_00045376.JPEG
/home/projects/bagon/shared/imagenet512/val/n02870880/ILSVRC2012_val_00019679.JPEG
/home/projects/bagon/shared/imagenet512/val/n09835506/ILSVRC2012_val_00002254.JPEG
/home/projects/bagon/shared/imagenet512/val/n02094114/ILSVRC2012_val_00019305.JPEG
/home/projects/bagon/shared/imagenet512/val/n02089973/ILSVRC2012_val_00038944.JPEG
/home/projects/bagon/shared/imagenet512/val/n04523525/ILSVRC2012_val_00013949.JPEG
/home/projects/bagon/shared/imagenet512/val/n03041632/ILSVRC2012_val_00014960.JPEG
/home/projects/bagon/shared/imagenet512/val/n01592084/ILSVRC2012_val_00005224.JPEG
/home/projects/bagon/shared/imagenet512/val/n04501370/ILSVRC2012_val_00028465.JPEG
/home/projects/bagon/shared/imagenet512/val/n03876231/ILSVRC2012_val_00004212.JPEG
/home/projects/bagon/shared/imagenet512/val/n01824575/ILSVRC2012_val_00008593.JPEG
/home/projects/bagon/shared/imagenet512/val/n03970156/ILSVRC2012_val_00048797.JPEG
/home/projects/bagon/shared/imagenet512/val/n04252225/ILSVRC2012_val_00040932.JPEG
/home/projects/bagon/shared/imagenet512/val/n02229544/ILSVRC2012_val_00042904.JPEG
/home/projects/bagon/shared/imagenet512/val/n03630383/ILSVRC2012_val_00040416.JPEG
/home/projects/bagon/shared/imagenet512/val/n02747177/ILSVRC2012_val_00042198.JPEG
/home/projects/bagon/shared/imagenet512/val/n02124075/ILSVRC2012_val_00028628.JPEG
/home/projects/bagon/shared/imagenet512/val/n02113023/ILSVRC2012_val_00007634.JPEG
/home/projects/bagon/shared/imagenet512/val/n04200800/ILSVRC2012_val_00004257.JPEG
/home/projects/bagon/shared/imagenet512/val/n04192698/ILSVRC2012_val_00017106.JPEG
/home/projects/bagon/shared/imagenet512/val/n01728572/ILSVRC2012_val_00037469.JPEG
/home/projects/bagon/shared/imagenet512/val/n02526121/ILSVRC2012_val_00014258.JPEG
/home/projects/bagon/shared/imagenet512/val/n03590841/ILSVRC2012_val_00027638.JPEG
/home/projects/bagon/shared/imagenet512/val/n04204238/ILSVRC2012_val_00012266.JPEG
/home/projects/bagon/shared/imagenet512/val/n03692522/ILSVRC2012_val_00012843.JPEG
/home/projects/bagon/shared/imagenet512/val/n04179913/ILSVRC2012_val_00010330.JPEG
/home/projects/bagon/shared/imagenet512/val/n01806143/ILSVRC2012_val_00008245.JPEG
/home/projects/bagon/shared/imagenet512/val/n04127249/ILSVRC2012_val_00041072.JPEG
/home/projects/bagon/shared/imagenet512/val/n02123394/ILSVRC2012_val_00004411.JPEG
/home/projects/bagon/shared/imagenet512/val/n03125729/ILSVRC2012_val_00033174.JPEG
/home/projects/bagon/shared/imagenet512/val/n03769881/ILSVRC2012_val_00024201.JPEG
/home/projects/bagon/shared/imagenet512/val/n03095699/ILSVRC2012_val_00034601.JPEG
/home/projects/bagon/shared/imagenet512/val/n02097209/ILSVRC2012_val_00039008.JPEG
/home/projects/bagon/shared/imagenet512/val/n04277352/ILSVRC2012_val_00021261.JPEG
/home/projects/bagon/shared/imagenet512/val/n02666196/ILSVRC2012_val_00041562.JPEG
/home/projects/bagon/shared/imagenet512/val/n03770439/ILSVRC2012_val_00020532.JPEG
/home/projects/bagon/shared/imagenet512/val/n03657121/ILSVRC2012_val_00020665.JPEG
/home/projects/bagon/shared/imagenet512/val/n03498962/ILSVRC2012_val_00015079.JPEG
/home/projects/bagon/shared/imagenet512/val/n03000134/ILSVRC2012_val_00025766.JPEG
/home/projects/bagon/shared/imagenet512/val/n03089624/ILSVRC2012_val_00028279.JPEG
/home/projects/bagon/shared/imagenet512/val/n03595614/ILSVRC2012_val_00005103.JPEG
/home/projects/bagon/shared/imagenet512/val/n02483708/ILSVRC2012_val_00040147.JPEG
/home/projects/bagon/shared/imagenet512/val/n03854065/ILSVRC2012_val_00037148.JPEG
/home/projects/bagon/shared/imagenet512/val/n02132136/ILSVRC2012_val_00013390.JPEG
/home/projects/bagon/shared/imagenet512/val/n01734418/ILSVRC2012_val_00004222.JPEG
/home/projects/bagon/shared/imagenet512/val/n02009229/ILSVRC2012_val_00034942.JPEG
/home/projects/bagon/shared/imagenet512/val/n03290653/ILSVRC2012_val_00018174.JPEG
/home/projects/bagon/shared/imagenet512/val/n02113712/ILSVRC2012_val_00020512.JPEG
/home/projects/bagon/shared/imagenet512/val/n03255030/ILSVRC2012_val_00046545.JPEG
/home/projects/bagon/shared/imagenet512/val/n07615774/ILSVRC2012_val_00033074.JPEG
/home/projects/bagon/shared/imagenet512/val/n04328186/ILSVRC2012_val_00048093.JPEG
/home/projects/bagon/shared/imagenet512/val/n04265275/ILSVRC2012_val_00042607.JPEG
/home/projects/bagon/shared/imagenet512/val/n01675722/ILSVRC2012_val_00039886.JPEG
/home/projects/bagon/shared/imagenet512/val/n04597913/ILSVRC2012_val_00045957.JPEG
/home/projects/bagon/shared/imagenet512/val/n04099969/ILSVRC2012_val_00013777.JPEG
/home/projects/bagon/shared/imagenet512/val/n07742313/ILSVRC2012_val_00023800.JPEG
/home/projects/bagon/shared/imagenet512/val/n04591157/ILSVRC2012_val_00021972.JPEG
/home/projects/bagon/shared/imagenet512/val/n02948072/ILSVRC2012_val_00014393.JPEG
/home/projects/bagon/shared/imagenet512/val/n02423022/ILSVRC2012_val_00003958.JPEG
/home/projects/bagon/shared/imagenet512/val/n02100877/ILSVRC2012_val_00035538.JPEG
/home/projects/bagon/shared/imagenet512/val/n03481172/ILSVRC2012_val_00020314.JPEG
/home/projects/bagon/shared/imagenet512/val/n04590129/ILSVRC2012_val_00015581.JPEG
/home/projects/bagon/shared/imagenet512/val/n01744401/ILSVRC2012_val_00002231.JPEG
/home/projects/bagon/shared/imagenet512/val/n03874599/ILSVRC2012_val_00044257.JPEG
/home/projects/bagon/shared/imagenet512/val/n03888605/ILSVRC2012_val_00043877.JPEG
/home/projects/bagon/shared/imagenet512/val/n03787032/ILSVRC2012_val_00000923.JPEG
/home/projects/bagon/shared/imagenet512/val/n03794056/ILSVRC2012_val_00002087.JPEG
/home/projects/bagon/shared/imagenet512/val/n03770679/ILSVRC2012_val_00006759.JPEG
/home/projects/bagon/shared/imagenet512/val/n04099969/ILSVRC2012_val_00006061.JPEG
/home/projects/bagon/shared/imagenet512/val/n03478589/ILSVRC2012_val_00008825.JPEG
/home/projects/bagon/shared/imagenet512/val/n04560804/ILSVRC2012_val_00014626.JPEG
/home/projects/bagon/shared/imagenet512/val/n04254777/ILSVRC2012_val_00039001.JPEG
/home/projects/bagon/shared/imagenet512/val/n03785016/ILSVRC2012_val_00044191.JPEG
/home/projects/bagon/shared/imagenet512/val/n02871525/ILSVRC2012_val_00012560.JPEG
/home/projects/bagon/shared/imagenet512/val/n03445924/ILSVRC2012_val_00001960.JPEG
/home/projects/bagon/shared/imagenet512/val/n02105641/ILSVRC2012_val_00047241.JPEG
/home/projects/bagon/shared/imagenet512/val/n02134418/ILSVRC2012_val_00014529.JPEG
/home/projects/bagon/shared/imagenet512/val/n02117135/ILSVRC2012_val_00025662.JPEG
/home/projects/bagon/shared/imagenet512/val/n03498962/ILSVRC2012_val_00031367.JPEG
/home/projects/bagon/shared/imagenet512/val/n03935335/ILSVRC2012_val_00046694.JPEG
/home/projects/bagon/shared/imagenet512/val/n02089973/ILSVRC2012_val_00049640.JPEG
/home/projects/bagon/shared/imagenet512/val/n03180011/ILSVRC2012_val_00044148.JPEG
/home/projects/bagon/shared/imagenet512/val/n04557648/ILSVRC2012_val_00019944.JPEG
/home/projects/bagon/shared/imagenet512/val/n02951585/ILSVRC2012_val_00015896.JPEG
/home/projects/bagon/shared/imagenet512/val/n07693725/ILSVRC2012_val_00045523.JPEG
/home/projects/bagon/shared/imagenet512/val/n02102318/ILSVRC2012_val_00008119.JPEG
/home/projects/bagon/shared/imagenet512/val/n03125729/ILSVRC2012_val_00027199.JPEG
/home/projects/bagon/shared/imagenet512/val/n01917289/ILSVRC2012_val_00040668.JPEG
/home/projects/bagon/shared/imagenet512/val/n01614925/ILSVRC2012_val_00038636.JPEG
/home/projects/bagon/shared/imagenet512/val/n01914609/ILSVRC2012_val_00024211.JPEG
/home/projects/bagon/shared/imagenet512/val/n03920288/ILSVRC2012_val_00034145.JPEG
/home/projects/bagon/shared/imagenet512/val/n04254120/ILSVRC2012_val_00025227.JPEG
/home/projects/bagon/shared/imagenet512/val/n04200800/ILSVRC2012_val_00020365.JPEG
/home/projects/bagon/shared/imagenet512/val/n03637318/ILSVRC2012_val_00021726.JPEG
/home/projects/bagon/shared/imagenet512/val/n07749582/ILSVRC2012_val_00002363.JPEG
/home/projects/bagon/shared/imagenet512/val/n04550184/ILSVRC2012_val_00007593.JPEG
/home/projects/bagon/shared/imagenet512/val/n04371430/ILSVRC2012_val_00048868.JPEG
/home/projects/bagon/shared/imagenet512/val/n02843684/ILSVRC2012_val_00025965.JPEG
/home/projects/bagon/shared/imagenet512/val/n02167151/ILSVRC2012_val_00005947.JPEG
/home/projects/bagon/shared/imagenet512/val/n03788195/ILSVRC2012_val_00024077.JPEG
/home/projects/bagon/shared/imagenet512/val/n03793489/ILSVRC2012_val_00027734.JPEG
/home/projects/bagon/shared/imagenet512/val/n02871525/ILSVRC2012_val_00017978.JPEG
/home/projects/bagon/shared/imagenet512/val/n02791270/ILSVRC2012_val_00009990.JPEG
/home/projects/bagon/shared/imagenet512/val/n04074963/ILSVRC2012_val_00016214.JPEG
/home/projects/bagon/shared/imagenet512/val/n04596742/ILSVRC2012_val_00020801.JPEG
/home/projects/bagon/shared/imagenet512/val/n02106550/ILSVRC2012_val_00036964.JPEG
/home/projects/bagon/shared/imagenet512/val/n02395406/ILSVRC2012_val_00005151.JPEG
/home/projects/bagon/shared/imagenet512/val/n01518878/ILSVRC2012_val_00028978.JPEG
/home/projects/bagon/shared/imagenet512/val/n02111277/ILSVRC2012_val_00025805.JPEG
/home/projects/bagon/shared/imagenet512/val/n02108915/ILSVRC2012_val_00027220.JPEG
/home/projects/bagon/shared/imagenet512/val/n03676483/ILSVRC2012_val_00001276.JPEG
/home/projects/bagon/shared/imagenet512/val/n02093256/ILSVRC2012_val_00046547.JPEG
/home/projects/bagon/shared/imagenet512/val/n03661043/ILSVRC2012_val_00013268.JPEG
/home/projects/bagon/shared/imagenet512/val/n02281787/ILSVRC2012_val_00021929.JPEG
/home/projects/bagon/shared/imagenet512/val/n03633091/ILSVRC2012_val_00047536.JPEG
/home/projects/bagon/shared/imagenet512/val/n02776631/ILSVRC2012_val_00027548.JPEG
/home/projects/bagon/shared/imagenet512/val/n02093754/ILSVRC2012_val_00017764.JPEG
/home/projects/bagon/shared/imagenet512/val/n02124075/ILSVRC2012_val_00010417.JPEG
/home/projects/bagon/shared/imagenet512/val/n03063599/ILSVRC2012_val_00037302.JPEG
/home/projects/bagon/shared/imagenet512/val/n03534580/ILSVRC2012_val_00030501.JPEG
/home/projects/bagon/shared/imagenet512/val/n03388043/ILSVRC2012_val_00002019.JPEG
/home/projects/bagon/shared/imagenet512/val/n01537544/ILSVRC2012_val_00033196.JPEG
/home/projects/bagon/shared/imagenet512/val/n02219486/ILSVRC2012_val_00043616.JPEG
/home/projects/bagon/shared/imagenet512/val/n02012849/ILSVRC2012_val_00029323.JPEG
/home/projects/bagon/shared/imagenet512/val/n03866082/ILSVRC2012_val_00003476.JPEG
/home/projects/bagon/shared/imagenet512/val/n03825788/ILSVRC2012_val_00028210.JPEG
/home/projects/bagon/shared/imagenet512/val/n01776313/ILSVRC2012_val_00015127.JPEG
/home/projects/bagon/shared/imagenet512/val/n03843555/ILSVRC2012_val_00032354.JPEG
/home/projects/bagon/shared/imagenet512/val/n02107574/ILSVRC2012_val_00046704.JPEG
/home/projects/bagon/shared/imagenet512/val/n04254120/ILSVRC2012_val_00003585.JPEG
/home/projects/bagon/shared/imagenet512/val/n04596742/ILSVRC2012_val_00032337.JPEG
/home/projects/bagon/shared/imagenet512/val/n03047690/ILSVRC2012_val_00021516.JPEG
/home/projects/bagon/shared/imagenet512/val/n04487394/ILSVRC2012_val_00027297.JPEG
/home/projects/bagon/shared/imagenet512/val/n03877845/ILSVRC2012_val_00024009.JPEG
/home/projects/bagon/shared/imagenet512/val/n02106550/ILSVRC2012_val_00039235.JPEG
/home/projects/bagon/shared/imagenet512/val/n04442312/ILSVRC2012_val_00046863.JPEG
/home/projects/bagon/shared/imagenet512/val/n04355933/ILSVRC2012_val_00043739.JPEG
/home/projects/bagon/shared/imagenet512/val/n04192698/ILSVRC2012_val_00007248.JPEG
/home/projects/bagon/shared/imagenet512/val/n01695060/ILSVRC2012_val_00011927.JPEG
/home/projects/bagon/shared/imagenet512/val/n03709823/ILSVRC2012_val_00017011.JPEG
/home/projects/bagon/shared/imagenet512/val/n03017168/ILSVRC2012_val_00026592.JPEG
/home/projects/bagon/shared/imagenet512/val/n01630670/ILSVRC2012_val_00038449.JPEG
/home/projects/bagon/shared/imagenet512/val/n04392985/ILSVRC2012_val_00042077.JPEG
/home/projects/bagon/shared/imagenet512/val/n03272010/ILSVRC2012_val_00008655.JPEG
/home/projects/bagon/shared/imagenet512/val/n03649909/ILSVRC2012_val_00005717.JPEG
/home/projects/bagon/shared/imagenet512/val/n01774384/ILSVRC2012_val_00024956.JPEG
/home/projects/bagon/shared/imagenet512/val/n02493509/ILSVRC2012_val_00000828.JPEG
/home/projects/bagon/shared/imagenet512/val/n03961711/ILSVRC2012_val_00008241.JPEG
/home/projects/bagon/shared/imagenet512/val/n02056570/ILSVRC2012_val_00036314.JPEG
/home/projects/bagon/shared/imagenet512/val/n04487394/ILSVRC2012_val_00000555.JPEG
/home/projects/bagon/shared/imagenet512/val/n03794056/ILSVRC2012_val_00019761.JPEG
/home/projects/bagon/shared/imagenet512/val/n02190166/ILSVRC2012_val_00030902.JPEG
/home/projects/bagon/shared/imagenet512/val/n03792782/ILSVRC2012_val_00024105.JPEG
/home/projects/bagon/shared/imagenet512/val/n03179701/ILSVRC2012_val_00004410.JPEG
/home/projects/bagon/shared/imagenet512/val/n04099969/ILSVRC2012_val_00017631.JPEG
/home/projects/bagon/shared/imagenet512/val/n02992529/ILSVRC2012_val_00039425.JPEG
/home/projects/bagon/shared/imagenet512/val/n02129165/ILSVRC2012_val_00015547.JPEG
/home/projects/bagon/shared/imagenet512/val/n01697457/ILSVRC2012_val_00023759.JPEG
/home/projects/bagon/shared/imagenet512/val/n02795169/ILSVRC2012_val_00034952.JPEG
/home/projects/bagon/shared/imagenet512/val/n02708093/ILSVRC2012_val_00013244.JPEG
/home/projects/bagon/shared/imagenet512/val/n07860988/ILSVRC2012_val_00024061.JPEG
/home/projects/bagon/shared/imagenet512/val/n04311174/ILSVRC2012_val_00035915.JPEG
/home/projects/bagon/shared/imagenet512/val/n02834397/ILSVRC2012_val_00040465.JPEG
/home/projects/bagon/shared/imagenet512/val/n04209133/ILSVRC2012_val_00030130.JPEG
/home/projects/bagon/shared/imagenet512/val/n02977058/ILSVRC2012_val_00030105.JPEG
/home/projects/bagon/shared/imagenet512/val/n04612504/ILSVRC2012_val_00028027.JPEG
/home/projects/bagon/shared/imagenet512/val/n02865351/ILSVRC2012_val_00011007.JPEG
/home/projects/bagon/shared/imagenet512/val/n04347754/ILSVRC2012_val_00047712.JPEG
/home/projects/bagon/shared/imagenet512/val/n02133161/ILSVRC2012_val_00004660.JPEG
/home/projects/bagon/shared/imagenet512/val/n01665541/ILSVRC2012_val_00016700.JPEG
/home/projects/bagon/shared/imagenet512/val/n02500267/ILSVRC2012_val_00020962.JPEG
/home/projects/bagon/shared/imagenet512/val/n02977058/ILSVRC2012_val_00041758.JPEG
/home/projects/bagon/shared/imagenet512/val/n02058221/ILSVRC2012_val_00017197.JPEG
/home/projects/bagon/shared/imagenet512/val/n03710721/ILSVRC2012_val_00017142.JPEG
/home/projects/bagon/shared/imagenet512/val/n03891332/ILSVRC2012_val_00036752.JPEG
/home/projects/bagon/shared/imagenet512/val/n02128757/ILSVRC2012_val_00045279.JPEG
/home/projects/bagon/shared/imagenet512/val/n04515003/ILSVRC2012_val_00047447.JPEG
/home/projects/bagon/shared/imagenet512/val/n04347754/ILSVRC2012_val_00025445.JPEG
/home/projects/bagon/shared/imagenet512/val/n02099601/ILSVRC2012_val_00011373.JPEG
/home/projects/bagon/shared/imagenet512/val/n03372029/ILSVRC2012_val_00005811.JPEG
/home/projects/bagon/shared/imagenet512/val/n03014705/ILSVRC2012_val_00043523.JPEG
/home/projects/bagon/shared/imagenet512/val/n02094258/ILSVRC2012_val_00016717.JPEG
/home/projects/bagon/shared/imagenet512/val/n04458633/ILSVRC2012_val_00010203.JPEG
/home/projects/bagon/shared/imagenet512/val/n09288635/ILSVRC2012_val_00030279.JPEG
/home/projects/bagon/shared/imagenet512/val/n03498962/ILSVRC2012_val_00002436.JPEG
/home/projects/bagon/shared/imagenet512/val/n03935335/ILSVRC2012_val_00040179.JPEG
/home/projects/bagon/shared/imagenet512/val/n03866082/ILSVRC2012_val_00023585.JPEG
/home/projects/bagon/shared/imagenet512/val/n04070727/ILSVRC2012_val_00029720.JPEG
/home/projects/bagon/shared/imagenet512/val/n04461696/ILSVRC2012_val_00016077.JPEG
/home/projects/bagon/shared/imagenet512/val/n03670208/ILSVRC2012_val_00035788.JPEG
/home/projects/bagon/shared/imagenet512/val/n02097474/ILSVRC2012_val_00008000.JPEG
/home/projects/bagon/shared/imagenet512/val/n02097209/ILSVRC2012_val_00012157.JPEG
/home/projects/bagon/shared/imagenet512/val/n03461385/ILSVRC2012_val_00043522.JPEG
/home/projects/bagon/shared/imagenet512/val/n04141327/ILSVRC2012_val_00038141.JPEG
/home/projects/bagon/shared/imagenet512/val/n02093754/ILSVRC2012_val_00044070.JPEG
/home/projects/bagon/shared/imagenet512/val/n03220513/ILSVRC2012_val_00011990.JPEG
/home/projects/bagon/shared/imagenet512/val/n03970156/ILSVRC2012_val_00024484.JPEG
/home/projects/bagon/shared/imagenet512/val/n04086273/ILSVRC2012_val_00011273.JPEG
/home/projects/bagon/shared/imagenet512/val/n09256479/ILSVRC2012_val_00046480.JPEG
/home/projects/bagon/shared/imagenet512/val/n03400231/ILSVRC2012_val_00022472.JPEG
/home/projects/bagon/shared/imagenet512/val/n02093859/ILSVRC2012_val_00002687.JPEG
/home/projects/bagon/shared/imagenet512/val/n02837789/ILSVRC2012_val_00037336.JPEG
/home/projects/bagon/shared/imagenet512/val/n01985128/ILSVRC2012_val_00005682.JPEG
/home/projects/bagon/shared/imagenet512/val/n01882714/ILSVRC2012_val_00042550.JPEG
/home/projects/bagon/shared/imagenet512/val/n02096177/ILSVRC2012_val_00000379.JPEG
/home/projects/bagon/shared/imagenet512/val/n03124170/ILSVRC2012_val_00006020.JPEG
/home/projects/bagon/shared/imagenet512/val/n04209239/ILSVRC2012_val_00003105.JPEG
/home/projects/bagon/shared/imagenet512/val/n03633091/ILSVRC2012_val_00025920.JPEG
/home/projects/bagon/shared/imagenet512/val/n04033901/ILSVRC2012_val_00008557.JPEG
/home/projects/bagon/shared/imagenet512/val/n04540053/ILSVRC2012_val_00033288.JPEG
/home/projects/bagon/shared/imagenet512/val/n04044716/ILSVRC2012_val_00011819.JPEG
/home/projects/bagon/shared/imagenet512/val/n02481823/ILSVRC2012_val_00019335.JPEG
/home/projects/bagon/shared/imagenet512/val/n01739381/ILSVRC2012_val_00013397.JPEG
/home/projects/bagon/shared/imagenet512/val/n02326432/ILSVRC2012_val_00001088.JPEG
/home/projects/bagon/shared/imagenet512/val/n03498962/ILSVRC2012_val_00032383.JPEG
/home/projects/bagon/shared/imagenet512/val/n04532670/ILSVRC2012_val_00011560.JPEG
/home/projects/bagon/shared/imagenet512/val/n03763968/ILSVRC2012_val_00045190.JPEG
/home/projects/bagon/shared/imagenet512/val/n04417672/ILSVRC2012_val_00011261.JPEG
/home/projects/bagon/shared/imagenet512/val/n02802426/ILSVRC2012_val_00003772.JPEG
/home/projects/bagon/shared/imagenet512/val/n03787032/ILSVRC2012_val_00004606.JPEG
/home/projects/bagon/shared/imagenet512/val/n04311004/ILSVRC2012_val_00033764.JPEG
/home/projects/bagon/shared/imagenet512/val/n02165105/ILSVRC2012_val_00049578.JPEG
/home/projects/bagon/shared/imagenet512/val/n04325704/ILSVRC2012_val_00003414.JPEG
/home/projects/bagon/shared/imagenet512/val/n01629819/ILSVRC2012_val_00018645.JPEG
/home/projects/bagon/shared/imagenet512/val/n02102318/ILSVRC2012_val_00015303.JPEG
/home/projects/bagon/shared/imagenet512/val/n04239074/ILSVRC2012_val_00010499.JPEG
/home/projects/bagon/shared/imagenet512/val/n04613696/ILSVRC2012_val_00018353.JPEG
/home/projects/bagon/shared/imagenet512/val/n04370456/ILSVRC2012_val_00047168.JPEG
/home/projects/bagon/shared/imagenet512/val/n04347754/ILSVRC2012_val_00013469.JPEG
/home/projects/bagon/shared/imagenet512/val/n04090263/ILSVRC2012_val_00008203.JPEG
/home/projects/bagon/shared/imagenet512/val/n09256479/ILSVRC2012_val_00005939.JPEG
/home/projects/bagon/shared/imagenet512/val/n02948072/ILSVRC2012_val_00007889.JPEG
/home/projects/bagon/shared/imagenet512/val/n03197337/ILSVRC2012_val_00039590.JPEG
/home/projects/bagon/shared/imagenet512/val/n04597913/ILSVRC2012_val_00041678.JPEG
/home/projects/bagon/shared/imagenet512/val/n04192698/ILSVRC2012_val_00024342.JPEG
/home/projects/bagon/shared/imagenet512/val/n03089624/ILSVRC2012_val_00036006.JPEG
/home/projects/bagon/shared/imagenet512/val/n02493793/ILSVRC2012_val_00045647.JPEG
/home/projects/bagon/shared/imagenet512/val/n03874599/ILSVRC2012_val_00040089.JPEG
/home/projects/bagon/shared/imagenet512/val/n03494278/ILSVRC2012_val_00032221.JPEG
/home/projects/bagon/shared/imagenet512/val/n07590611/ILSVRC2012_val_00007171.JPEG
/home/projects/bagon/shared/imagenet512/val/n03498962/ILSVRC2012_val_00017263.JPEG
/home/projects/bagon/shared/imagenet512/val/n02978881/ILSVRC2012_val_00046339.JPEG
/home/projects/bagon/shared/imagenet512/val/n02328150/ILSVRC2012_val_00031754.JPEG
/home/projects/bagon/shared/imagenet512/val/n02089078/ILSVRC2012_val_00031040.JPEG
/home/projects/bagon/shared/imagenet512/val/n03720891/ILSVRC2012_val_00012522.JPEG
/home/projects/bagon/shared/imagenet512/val/n04591713/ILSVRC2012_val_00005191.JPEG
/home/projects/bagon/shared/imagenet512/val/n04270147/ILSVRC2012_val_00013086.JPEG
/home/projects/bagon/shared/imagenet512/val/n04542943/ILSVRC2012_val_00021158.JPEG
/home/projects/bagon/shared/imagenet512/val/n03259280/ILSVRC2012_val_00035498.JPEG
/home/projects/bagon/shared/imagenet512/val/n03109150/ILSVRC2012_val_00012867.JPEG
/home/projects/bagon/shared/imagenet512/val/n04355338/ILSVRC2012_val_00041972.JPEG
/home/projects/bagon/shared/imagenet512/val/n03958227/ILSVRC2012_val_00005406.JPEG
/home/projects/bagon/shared/imagenet512/val/n02807133/ILSVRC2012_val_00016957.JPEG
/home/projects/bagon/shared/imagenet512/val/n02123597/ILSVRC2012_val_00005466.JPEG
/home/projects/bagon/shared/imagenet512/val/n03770439/ILSVRC2012_val_00035350.JPEG
/home/projects/bagon/shared/imagenet512/val/n04154565/ILSVRC2012_val_00041012.JPEG
/home/projects/bagon/shared/imagenet512/val/n02113799/ILSVRC2012_val_00021171.JPEG
/home/projects/bagon/shared/imagenet512/val/n01924916/ILSVRC2012_val_00024354.JPEG
/home/projects/bagon/shared/imagenet512/val/n02097047/ILSVRC2012_val_00046290.JPEG
/home/projects/bagon/shared/imagenet512/val/n02112706/ILSVRC2012_val_00012446.JPEG
/home/projects/bagon/shared/imagenet512/val/n03887697/ILSVRC2012_val_00047599.JPEG
/home/projects/bagon/shared/imagenet512/val/n03180011/ILSVRC2012_val_00014012.JPEG
/home/projects/bagon/shared/imagenet512/val/n02009912/ILSVRC2012_val_00015455.JPEG
/home/projects/bagon/shared/imagenet512/val/n03208938/ILSVRC2012_val_00019852.JPEG
/home/projects/bagon/shared/imagenet512/val/n02412080/ILSVRC2012_val_00047313.JPEG
/home/projects/bagon/shared/imagenet512/val/n09229709/ILSVRC2012_val_00045417.JPEG
/home/projects/bagon/shared/imagenet512/val/n02769748/ILSVRC2012_val_00000459.JPEG
/home/projects/bagon/shared/imagenet512/val/n04040759/ILSVRC2012_val_00041590.JPEG
/home/projects/bagon/shared/imagenet512/val/n07614500/ILSVRC2012_val_00046813.JPEG
/home/projects/bagon/shared/imagenet512/val/n02091032/ILSVRC2012_val_00006054.JPEG
/home/projects/bagon/shared/imagenet512/val/n01828970/ILSVRC2012_val_00048824.JPEG
/home/projects/bagon/shared/imagenet512/val/n03843555/ILSVRC2012_val_00016967.JPEG
/home/projects/bagon/shared/imagenet512/val/n03100240/ILSVRC2012_val_00015198.JPEG
/home/projects/bagon/shared/imagenet512/val/n07716906/ILSVRC2012_val_00002343.JPEG
/home/projects/bagon/shared/imagenet512/val/n03062245/ILSVRC2012_val_00042505.JPEG
/home/projects/bagon/shared/imagenet512/val/n02106550/ILSVRC2012_val_00018972.JPEG
/home/projects/bagon/shared/imagenet512/val/n03345487/ILSVRC2012_val_00037232.JPEG
/home/projects/bagon/shared/imagenet512/val/n04074963/ILSVRC2012_val_00000275.JPEG
/home/projects/bagon/shared/imagenet512/val/n07697537/ILSVRC2012_val_00010271.JPEG
/home/projects/bagon/shared/imagenet512/val/n04277352/ILSVRC2012_val_00002793.JPEG
/home/projects/bagon/shared/imagenet512/val/n02111277/ILSVRC2012_val_00010734.JPEG
/home/projects/bagon/shared/imagenet512/val/n01749939/ILSVRC2012_val_00012768.JPEG
/home/projects/bagon/shared/imagenet512/val/n01945685/ILSVRC2012_val_00008468.JPEG
/home/projects/bagon/shared/imagenet512/val/n07614500/ILSVRC2012_val_00024640.JPEG
/home/projects/bagon/shared/imagenet512/val/n02484975/ILSVRC2012_val_00016599.JPEG
/home/projects/bagon/shared/imagenet512/val/n02483708/ILSVRC2012_val_00015529.JPEG
/home/projects/bagon/shared/imagenet512/val/n02167151/ILSVRC2012_val_00033826.JPEG
/home/projects/bagon/shared/imagenet512/val/n03063689/ILSVRC2012_val_00029784.JPEG
/home/projects/bagon/shared/imagenet512/val/n03630383/ILSVRC2012_val_00049346.JPEG
/home/projects/bagon/shared/imagenet512/val/n07734744/ILSVRC2012_val_00046937.JPEG
/home/projects/bagon/shared/imagenet512/val/n04179913/ILSVRC2012_val_00010396.JPEG
/home/projects/bagon/shared/imagenet512/val/n02128925/ILSVRC2012_val_00017739.JPEG
/home/projects/bagon/shared/imagenet512/val/n02002556/ILSVRC2012_val_00009637.JPEG
/home/projects/bagon/shared/imagenet512/val/n02879718/ILSVRC2012_val_00034986.JPEG
/home/projects/bagon/shared/imagenet512/val/n04254777/ILSVRC2012_val_00030110.JPEG
/home/projects/bagon/shared/imagenet512/val/n04254120/ILSVRC2012_val_00045966.JPEG
/home/projects/bagon/shared/imagenet512/val/n02892767/ILSVRC2012_val_00040902.JPEG
/home/projects/bagon/shared/imagenet512/val/n03877472/ILSVRC2012_val_00023891.JPEG
/home/projects/bagon/shared/imagenet512/val/n02231487/ILSVRC2012_val_00016740.JPEG
/home/projects/bagon/shared/imagenet512/val/n02950826/ILSVRC2012_val_00011155.JPEG
/home/projects/bagon/shared/imagenet512/val/n04604644/ILSVRC2012_val_00049765.JPEG
/home/projects/bagon/shared/imagenet512/val/n03666591/ILSVRC2012_val_00043458.JPEG
/home/projects/bagon/shared/imagenet512/val/n03916031/ILSVRC2012_val_00008485.JPEG
/home/projects/bagon/shared/imagenet512/val/n03770439/ILSVRC2012_val_00042096.JPEG
/home/projects/bagon/shared/imagenet512/val/n03538406/ILSVRC2012_val_00010304.JPEG
/home/projects/bagon/shared/imagenet512/val/n03063599/ILSVRC2012_val_00038877.JPEG
/home/projects/bagon/shared/imagenet512/val/n04372370/ILSVRC2012_val_00005605.JPEG
/home/projects/bagon/shared/imagenet512/val/n02226429/ILSVRC2012_val_00042700.JPEG
/home/projects/bagon/shared/imagenet512/val/n03692522/ILSVRC2012_val_00040860.JPEG
/home/projects/bagon/shared/imagenet512/val/n03908714/ILSVRC2012_val_00036156.JPEG
/home/projects/bagon/shared/imagenet512/val/n02091134/ILSVRC2012_val_00012906.JPEG
/home/projects/bagon/shared/imagenet512/val/n04332243/ILSVRC2012_val_00009768.JPEG
/home/projects/bagon/shared/imagenet512/val/n04336792/ILSVRC2012_val_00037267.JPEG
/home/projects/bagon/shared/imagenet512/val/n01986214/ILSVRC2012_val_00020664.JPEG
/home/projects/bagon/shared/imagenet512/val/n02108915/ILSVRC2012_val_00002780.JPEG
/home/projects/bagon/shared/imagenet512/val/n03109150/ILSVRC2012_val_00004384.JPEG
/home/projects/bagon/shared/imagenet512/val/n04141327/ILSVRC2012_val_00000622.JPEG
/home/projects/bagon/shared/imagenet512/val/n02095889/ILSVRC2012_val_00031420.JPEG
/home/projects/bagon/shared/imagenet512/val/n03733281/ILSVRC2012_val_00005660.JPEG
/home/projects/bagon/shared/imagenet512/val/n09246464/ILSVRC2012_val_00034504.JPEG
/home/projects/bagon/shared/imagenet512/val/n03461385/ILSVRC2012_val_00003895.JPEG
/home/projects/bagon/shared/imagenet512/val/n02879718/ILSVRC2012_val_00001354.JPEG
/home/projects/bagon/shared/imagenet512/val/n02109047/ILSVRC2012_val_00035579.JPEG
/home/projects/bagon/shared/imagenet512/val/n03425413/ILSVRC2012_val_00032250.JPEG
/home/projects/bagon/shared/imagenet512/val/n02091134/ILSVRC2012_val_00004956.JPEG
/home/projects/bagon/shared/imagenet512/val/n07873807/ILSVRC2012_val_00047884.JPEG
/home/projects/bagon/shared/imagenet512/val/n02093428/ILSVRC2012_val_00035793.JPEG
/home/projects/bagon/shared/imagenet512/val/n07747607/ILSVRC2012_val_00028980.JPEG
/home/projects/bagon/shared/imagenet512/val/n01644373/ILSVRC2012_val_00012248.JPEG
/home/projects/bagon/shared/imagenet512/val/n04467665/ILSVRC2012_val_00025592.JPEG
/home/projects/bagon/shared/imagenet512/val/n03109150/ILSVRC2012_val_00018467.JPEG
/home/projects/bagon/shared/imagenet512/val/n01828970/ILSVRC2012_val_00011489.JPEG
/home/projects/bagon/shared/imagenet512/val/n03623198/ILSVRC2012_val_00019062.JPEG
/home/projects/bagon/shared/imagenet512/val/n03877472/ILSVRC2012_val_00015038.JPEG
/home/projects/bagon/shared/imagenet512/val/n02092002/ILSVRC2012_val_00029451.JPEG
/home/projects/bagon/shared/imagenet512/val/n03877472/ILSVRC2012_val_00010437.JPEG
/home/projects/bagon/shared/imagenet512/val/n04493381/ILSVRC2012_val_00042435.JPEG
/home/projects/bagon/shared/imagenet512/val/n04579432/ILSVRC2012_val_00021960.JPEG
/home/projects/bagon/shared/imagenet512/val/n01748264/ILSVRC2012_val_00023373.JPEG
/home/projects/bagon/shared/imagenet512/val/n04591157/ILSVRC2012_val_00009550.JPEG
/home/projects/bagon/shared/imagenet512/val/n03991062/ILSVRC2012_val_00024143.JPEG
/home/projects/bagon/shared/imagenet512/val/n02481823/ILSVRC2012_val_00044781.JPEG
/home/projects/bagon/shared/imagenet512/val/n03980874/ILSVRC2012_val_00042518.JPEG
/home/projects/bagon/shared/imagenet512/val/n03476684/ILSVRC2012_val_00027766.JPEG
/home/projects/bagon/shared/imagenet512/val/n02483362/ILSVRC2012_val_00018962.JPEG
/home/projects/bagon/shared/imagenet512/val/n04099969/ILSVRC2012_val_00026468.JPEG
/home/projects/bagon/shared/imagenet512/val/n03763968/ILSVRC2012_val_00013572.JPEG
/home/projects/bagon/shared/imagenet512/val/n07871810/ILSVRC2012_val_00003840.JPEG
/home/projects/bagon/shared/imagenet512/val/n04069434/ILSVRC2012_val_00019288.JPEG
/home/projects/bagon/shared/imagenet512/val/n02437616/ILSVRC2012_val_00019696.JPEG
/home/projects/bagon/shared/imagenet512/val/n02704792/ILSVRC2012_val_00026975.JPEG
/home/projects/bagon/shared/imagenet512/val/n02804610/ILSVRC2012_val_00004277.JPEG
/home/projects/bagon/shared/imagenet512/val/n03777754/ILSVRC2012_val_00019161.JPEG
/home/projects/bagon/shared/imagenet512/val/n03041632/ILSVRC2012_val_00003462.JPEG
/home/projects/bagon/shared/imagenet512/val/n04229816/ILSVRC2012_val_00048931.JPEG
/home/projects/bagon/shared/imagenet512/val/n04037443/ILSVRC2012_val_00026947.JPEG
/home/projects/bagon/shared/imagenet512/val/n07248320/ILSVRC2012_val_00021114.JPEG
/home/projects/bagon/shared/imagenet512/val/n02727426/ILSVRC2012_val_00007765.JPEG
/home/projects/bagon/shared/imagenet512/val/n04525038/ILSVRC2012_val_00010262.JPEG
/home/projects/bagon/shared/imagenet512/val/n02708093/ILSVRC2012_val_00008814.JPEG
/home/projects/bagon/shared/imagenet512/val/n04252077/ILSVRC2012_val_00048428.JPEG
/home/projects/bagon/shared/imagenet512/val/n02089867/ILSVRC2012_val_00030083.JPEG
/home/projects/bagon/shared/imagenet512/val/n03759954/ILSVRC2012_val_00027379.JPEG
/home/projects/bagon/shared/imagenet512/val/n04133789/ILSVRC2012_val_00003342.JPEG
/home/projects/bagon/shared/imagenet512/val/n02966193/ILSVRC2012_val_00019102.JPEG
/home/projects/bagon/shared/imagenet512/val/n02776631/ILSVRC2012_val_00018541.JPEG
/home/projects/bagon/shared/imagenet512/val/n02115641/ILSVRC2012_val_00015821.JPEG
/home/projects/bagon/shared/imagenet512/val/n01737021/ILSVRC2012_val_00031779.JPEG
/home/projects/bagon/shared/imagenet512/val/n04326547/ILSVRC2012_val_00013359.JPEG
/home/projects/bagon/shared/imagenet512/val/n04033901/ILSVRC2012_val_00017614.JPEG
/home/projects/bagon/shared/imagenet512/val/n03637318/ILSVRC2012_val_00044807.JPEG
/home/projects/bagon/shared/imagenet512/val/n03970156/ILSVRC2012_val_00041302.JPEG
/home/projects/bagon/shared/imagenet512/val/n02346627/ILSVRC2012_val_00005716.JPEG
/home/projects/bagon/shared/imagenet512/val/n04560804/ILSVRC2012_val_00037427.JPEG
/home/projects/bagon/shared/imagenet512/val/n02443484/ILSVRC2012_val_00025162.JPEG
/home/projects/bagon/shared/imagenet512/val/n02869837/ILSVRC2012_val_00002020.JPEG
/home/projects/bagon/shared/imagenet512/val/n07590611/ILSVRC2012_val_00047564.JPEG
/home/projects/bagon/shared/imagenet512/val/n02056570/ILSVRC2012_val_00048024.JPEG
/home/projects/bagon/shared/imagenet512/val/n04209133/ILSVRC2012_val_00041783.JPEG
/home/projects/bagon/shared/imagenet512/val/n03633091/ILSVRC2012_val_00034861.JPEG
/home/projects/bagon/shared/imagenet512/val/n02859443/ILSVRC2012_val_00002161.JPEG
/home/projects/bagon/shared/imagenet512/val/n02085620/ILSVRC2012_val_00006892.JPEG
/home/projects/bagon/shared/imagenet512/val/n09193705/ILSVRC2012_val_00011234.JPEG
/home/projects/bagon/shared/imagenet512/val/n03868863/ILSVRC2012_val_00011676.JPEG
/home/projects/bagon/shared/imagenet512/val/n03388183/ILSVRC2012_val_00040940.JPEG
/home/projects/bagon/shared/imagenet512/val/n03733805/ILSVRC2012_val_00042993.JPEG
/home/projects/bagon/shared/imagenet512/val/n01632458/ILSVRC2012_val_00015091.JPEG
/home/projects/bagon/shared/imagenet512/val/n03255030/ILSVRC2012_val_00001045.JPEG
/home/projects/bagon/shared/imagenet512/val/n03272010/ILSVRC2012_val_00022203.JPEG
/home/projects/bagon/shared/imagenet512/val/n04579432/ILSVRC2012_val_00018732.JPEG
/home/projects/bagon/shared/imagenet512/val/n02107574/ILSVRC2012_val_00023799.JPEG
/home/projects/bagon/shared/imagenet512/val/n03637318/ILSVRC2012_val_00020029.JPEG
/home/projects/bagon/shared/imagenet512/val/n03014705/ILSVRC2012_val_00044754.JPEG
/home/projects/bagon/shared/imagenet512/val/n01665541/ILSVRC2012_val_00047832.JPEG
/home/projects/bagon/shared/imagenet512/val/n03494278/ILSVRC2012_val_00015067.JPEG
/home/projects/bagon/shared/imagenet512/val/n02804610/ILSVRC2012_val_00037157.JPEG
/home/projects/bagon/shared/imagenet512/val/n03388183/ILSVRC2012_val_00035197.JPEG
/home/projects/bagon/shared/imagenet512/val/n03764736/ILSVRC2012_val_00010506.JPEG
/home/projects/bagon/shared/imagenet512/val/n04467665/ILSVRC2012_val_00033485.JPEG
/home/projects/bagon/shared/imagenet512/val/n03337140/ILSVRC2012_val_00047586.JPEG
/home/projects/bagon/shared/imagenet512/val/n02233338/ILSVRC2012_val_00016777.JPEG
/home/projects/bagon/shared/imagenet512/val/n02231487/ILSVRC2012_val_00030859.JPEG
/home/projects/bagon/shared/imagenet512/val/n03355925/ILSVRC2012_val_00027726.JPEG
/home/projects/bagon/shared/imagenet512/val/n01943899/ILSVRC2012_val_00029264.JPEG
/home/projects/bagon/shared/imagenet512/val/n04023962/ILSVRC2012_val_00030819.JPEG
/home/projects/bagon/shared/imagenet512/val/n03902125/ILSVRC2012_val_00031979.JPEG
/home/projects/bagon/shared/imagenet512/val/n02168699/ILSVRC2012_val_00015056.JPEG
/home/projects/bagon/shared/imagenet512/val/n02018795/ILSVRC2012_val_00049480.JPEG
/home/projects/bagon/shared/imagenet512/val/n02102040/ILSVRC2012_val_00023242.JPEG
/home/projects/bagon/shared/imagenet512/val/n04367480/ILSVRC2012_val_00049717.JPEG
/home/projects/bagon/shared/imagenet512/val/n03250847/ILSVRC2012_val_00017119.JPEG
/home/projects/bagon/shared/imagenet512/val/n03888605/ILSVRC2012_val_00012614.JPEG
/home/projects/bagon/shared/imagenet512/val/n01784675/ILSVRC2012_val_00032970.JPEG
/home/projects/bagon/shared/imagenet512/val/n03661043/ILSVRC2012_val_00023849.JPEG
/home/projects/bagon/shared/imagenet512/val/n01847000/ILSVRC2012_val_00012721.JPEG
/home/projects/bagon/shared/imagenet512/val/n02808304/ILSVRC2012_val_00015272.JPEG
/home/projects/bagon/shared/imagenet512/val/n02113023/ILSVRC2012_val_00001768.JPEG
/home/projects/bagon/shared/imagenet512/val/n03016953/ILSVRC2012_val_00008455.JPEG
/home/projects/bagon/shared/imagenet512/val/n03124043/ILSVRC2012_val_00037391.JPEG
/home/projects/bagon/shared/imagenet512/val/n03895866/ILSVRC2012_val_00033488.JPEG
/home/projects/bagon/shared/imagenet512/val/n02231487/ILSVRC2012_val_00025356.JPEG
/home/projects/bagon/shared/imagenet512/val/n03355925/ILSVRC2012_val_00045932.JPEG
/home/projects/bagon/shared/imagenet512/val/n03065424/ILSVRC2012_val_00006811.JPEG
/home/projects/bagon/shared/imagenet512/val/n03770679/ILSVRC2012_val_00043939.JPEG
/home/projects/bagon/shared/imagenet512/val/n03764736/ILSVRC2012_val_00026864.JPEG
/home/projects/bagon/shared/imagenet512/val/n02859443/ILSVRC2012_val_00024036.JPEG
/home/projects/bagon/shared/imagenet512/val/n04154565/ILSVRC2012_val_00014812.JPEG
/home/projects/bagon/shared/imagenet512/val/n02111500/ILSVRC2012_val_00045598.JPEG
/home/projects/bagon/shared/imagenet512/val/n02100236/ILSVRC2012_val_00020414.JPEG
/home/projects/bagon/shared/imagenet512/val/n04350905/ILSVRC2012_val_00003533.JPEG
/home/projects/bagon/shared/imagenet512/val/n04347754/ILSVRC2012_val_00049184.JPEG
/home/projects/bagon/shared/imagenet512/val/n03065424/ILSVRC2012_val_00001351.JPEG
/home/projects/bagon/shared/imagenet512/val/n02514041/ILSVRC2012_val_00029576.JPEG
/home/projects/bagon/shared/imagenet512/val/n01693334/ILSVRC2012_val_00024813.JPEG
/home/projects/bagon/shared/imagenet512/val/n02988304/ILSVRC2012_val_00013108.JPEG
/home/projects/bagon/shared/imagenet512/val/n04356056/ILSVRC2012_val_00037215.JPEG
/home/projects/bagon/shared/imagenet512/val/n02408429/ILSVRC2012_val_00003801.JPEG
/home/projects/bagon/shared/imagenet512/val/n02174001/ILSVRC2012_val_00038181.JPEG
/home/projects/bagon/shared/imagenet512/val/n01685808/ILSVRC2012_val_00042079.JPEG
/home/projects/bagon/shared/imagenet512/val/n04069434/ILSVRC2012_val_00012086.JPEG
/home/projects/bagon/shared/imagenet512/val/n03661043/ILSVRC2012_val_00027156.JPEG
/home/projects/bagon/shared/imagenet512/val/n02361337/ILSVRC2012_val_00047875.JPEG
/home/projects/bagon/shared/imagenet512/val/n02089078/ILSVRC2012_val_00009405.JPEG
/home/projects/bagon/shared/imagenet512/val/n03290653/ILSVRC2012_val_00049355.JPEG
/home/projects/bagon/shared/imagenet512/val/n02058221/ILSVRC2012_val_00016571.JPEG
/home/projects/bagon/shared/imagenet512/val/n02747177/ILSVRC2012_val_00048583.JPEG
/home/projects/bagon/shared/imagenet512/val/n03179701/ILSVRC2012_val_00040102.JPEG
/home/projects/bagon/shared/imagenet512/val/n02110185/ILSVRC2012_val_00042601.JPEG
/home/projects/bagon/shared/imagenet512/val/n04429376/ILSVRC2012_val_00038073.JPEG
/home/projects/bagon/shared/imagenet512/val/n01924916/ILSVRC2012_val_00016557.JPEG
/home/projects/bagon/shared/imagenet512/val/n02090721/ILSVRC2012_val_00017787.JPEG
/home/projects/bagon/shared/imagenet512/val/n02871525/ILSVRC2012_val_00040457.JPEG
/home/projects/bagon/shared/imagenet512/val/n02093428/ILSVRC2012_val_00023180.JPEG
/home/projects/bagon/shared/imagenet512/val/n03950228/ILSVRC2012_val_00009934.JPEG
/home/projects/bagon/shared/imagenet512/val/n02840245/ILSVRC2012_val_00005572.JPEG
/home/projects/bagon/shared/imagenet512/val/n03133878/ILSVRC2012_val_00000534.JPEG
/home/projects/bagon/shared/imagenet512/val/n04317175/ILSVRC2012_val_00032222.JPEG
/home/projects/bagon/shared/imagenet512/val/n02100583/ILSVRC2012_val_00047728.JPEG
/home/projects/bagon/shared/imagenet512/val/n01770393/ILSVRC2012_val_00020507.JPEG
/home/projects/bagon/shared/imagenet512/val/n03584829/ILSVRC2012_val_00037566.JPEG
/home/projects/bagon/shared/imagenet512/val/n07860988/ILSVRC2012_val_00048849.JPEG
/home/projects/bagon/shared/imagenet512/val/n03045698/ILSVRC2012_val_00003717.JPEG
/home/projects/bagon/shared/imagenet512/val/n04423845/ILSVRC2012_val_00020705.JPEG
/home/projects/bagon/shared/imagenet512/val/n04423845/ILSVRC2012_val_00013128.JPEG
/home/projects/bagon/shared/imagenet512/val/n02101556/ILSVRC2012_val_00038828.JPEG
/home/projects/bagon/shared/imagenet512/val/n03733281/ILSVRC2012_val_00034428.JPEG
/home/projects/bagon/shared/imagenet512/val/n01770081/ILSVRC2012_val_00012828.JPEG
/home/projects/bagon/shared/imagenet512/val/n01440764/ILSVRC2012_val_00003014.JPEG
/home/projects/bagon/shared/imagenet512/val/n01753488/ILSVRC2012_val_00040317.JPEG
/home/projects/bagon/shared/imagenet512/val/n04550184/ILSVRC2012_val_00008851.JPEG
/home/projects/bagon/shared/imagenet512/val/n03998194/ILSVRC2012_val_00041212.JPEG
/home/projects/bagon/shared/imagenet512/val/n02493509/ILSVRC2012_val_00004398.JPEG
/home/projects/bagon/shared/imagenet512/val/n02113799/ILSVRC2012_val_00021801.JPEG
/home/projects/bagon/shared/imagenet512/val/n02802426/ILSVRC2012_val_00012396.JPEG
/home/projects/bagon/shared/imagenet512/val/n02009912/ILSVRC2012_val_00015550.JPEG
/home/projects/bagon/shared/imagenet512/val/n04037443/ILSVRC2012_val_00017209.JPEG
/home/projects/bagon/shared/imagenet512/val/n02797295/ILSVRC2012_val_00033975.JPEG
/home/projects/bagon/shared/imagenet512/val/n01582220/ILSVRC2012_val_00037806.JPEG
/home/projects/bagon/shared/imagenet512/val/n15075141/ILSVRC2012_val_00007556.JPEG
/home/projects/bagon/shared/imagenet512/val/n12620546/ILSVRC2012_val_00008895.JPEG
/home/projects/bagon/shared/imagenet512/val/n03347037/ILSVRC2012_val_00023538.JPEG
/home/projects/bagon/shared/imagenet512/val/n01582220/ILSVRC2012_val_00009981.JPEG
/home/projects/bagon/shared/imagenet512/val/n03786901/ILSVRC2012_val_00034817.JPEG
/home/projects/bagon/shared/imagenet512/val/n03400231/ILSVRC2012_val_00037961.JPEG
/home/projects/bagon/shared/imagenet512/val/n04275548/ILSVRC2012_val_00005028.JPEG
/home/projects/bagon/shared/imagenet512/val/n04065272/ILSVRC2012_val_00000931.JPEG
/home/projects/bagon/shared/imagenet512/val/n02096437/ILSVRC2012_val_00015570.JPEG
/home/projects/bagon/shared/imagenet512/val/n03792782/ILSVRC2012_val_00019513.JPEG
/home/projects/bagon/shared/imagenet512/val/n01855032/ILSVRC2012_val_00014097.JPEG
/home/projects/bagon/shared/imagenet512/val/n07684084/ILSVRC2012_val_00031026.JPEG
/home/projects/bagon/shared/imagenet512/val/n04005630/ILSVRC2012_val_00041223.JPEG
/home/projects/bagon/shared/imagenet512/val/n03197337/ILSVRC2012_val_00043285.JPEG
/home/projects/bagon/shared/imagenet512/val/n03255030/ILSVRC2012_val_00012590.JPEG
/home/projects/bagon/shared/imagenet512/val/n03814639/ILSVRC2012_val_00033894.JPEG
/home/projects/bagon/shared/imagenet512/val/n03393912/ILSVRC2012_val_00022885.JPEG
/home/projects/bagon/shared/imagenet512/val/n01990800/ILSVRC2012_val_00009213.JPEG
/home/projects/bagon/shared/imagenet512/val/n01665541/ILSVRC2012_val_00047746.JPEG
/home/projects/bagon/shared/imagenet512/val/n02835271/ILSVRC2012_val_00045400.JPEG
/home/projects/bagon/shared/imagenet512/val/n07717410/ILSVRC2012_val_00027565.JPEG
/home/projects/bagon/shared/imagenet512/val/n03803284/ILSVRC2012_val_00003346.JPEG
/home/projects/bagon/shared/imagenet512/val/n04347754/ILSVRC2012_val_00025812.JPEG
/home/projects/bagon/shared/imagenet512/val/n03207743/ILSVRC2012_val_00018803.JPEG
/home/projects/bagon/shared/imagenet512/val/n03877472/ILSVRC2012_val_00048709.JPEG
/home/projects/bagon/shared/imagenet512/val/n04141076/ILSVRC2012_val_00025042.JPEG
/home/projects/bagon/shared/imagenet512/val/n02104365/ILSVRC2012_val_00011873.JPEG
/home/projects/bagon/shared/imagenet512/val/n04265275/ILSVRC2012_val_00042763.JPEG
/home/projects/bagon/shared/imagenet512/val/n01744401/ILSVRC2012_val_00002645.JPEG
/home/projects/bagon/shared/imagenet512/val/n04201297/ILSVRC2012_val_00041367.JPEG
/home/projects/bagon/shared/imagenet512/val/n03930630/ILSVRC2012_val_00037136.JPEG
/home/projects/bagon/shared/imagenet512/val/n04467665/ILSVRC2012_val_00032726.JPEG
/home/projects/bagon/shared/imagenet512/val/n02930766/ILSVRC2012_val_00026694.JPEG
/home/projects/bagon/shared/imagenet512/val/n02835271/ILSVRC2012_val_00031631.JPEG
/home/projects/bagon/shared/imagenet512/val/n02988304/ILSVRC2012_val_00014984.JPEG
/home/projects/bagon/shared/imagenet512/val/n01664065/ILSVRC2012_val_00014352.JPEG
/home/projects/bagon/shared/imagenet512/val/n03041632/ILSVRC2012_val_00016901.JPEG
/home/projects/bagon/shared/imagenet512/val/n03887697/ILSVRC2012_val_00007657.JPEG
/home/projects/bagon/shared/imagenet512/val/n03476684/ILSVRC2012_val_00000190.JPEG
/home/projects/bagon/shared/imagenet512/val/n04376876/ILSVRC2012_val_00006504.JPEG
/home/projects/bagon/shared/imagenet512/val/n03250847/ILSVRC2012_val_00007428.JPEG
/home/projects/bagon/shared/imagenet512/val/n02807133/ILSVRC2012_val_00045678.JPEG
/home/projects/bagon/shared/imagenet512/val/n03908714/ILSVRC2012_val_00048214.JPEG
/home/projects/bagon/shared/imagenet512/val/n01685808/ILSVRC2012_val_00008807.JPEG
/home/projects/bagon/shared/imagenet512/val/n01689811/ILSVRC2012_val_00020598.JPEG
/home/projects/bagon/shared/imagenet512/val/n02071294/ILSVRC2012_val_00033565.JPEG
/home/projects/bagon/shared/imagenet512/val/n02894605/ILSVRC2012_val_00023751.JPEG
/home/projects/bagon/shared/imagenet512/val/n02859443/ILSVRC2012_val_00021432.JPEG
/home/projects/bagon/shared/imagenet512/val/n04398044/ILSVRC2012_val_00042272.JPEG
/home/projects/bagon/shared/imagenet512/val/n01773549/ILSVRC2012_val_00009558.JPEG
/home/projects/bagon/shared/imagenet512/val/n02488291/ILSVRC2012_val_00003426.JPEG
/home/projects/bagon/shared/imagenet512/val/n02226429/ILSVRC2012_val_00043022.JPEG
/home/projects/bagon/shared/imagenet512/val/n02444819/ILSVRC2012_val_00023114.JPEG
/home/projects/bagon/shared/imagenet512/val/n04389033/ILSVRC2012_val_00034135.JPEG
/home/projects/bagon/shared/imagenet512/val/n04026417/ILSVRC2012_val_00014524.JPEG
/home/projects/bagon/shared/imagenet512/val/n02108422/ILSVRC2012_val_00026027.JPEG
/home/projects/bagon/shared/imagenet512/val/n07920052/ILSVRC2012_val_00005624.JPEG
/home/projects/bagon/shared/imagenet512/val/n04259630/ILSVRC2012_val_00036481.JPEG
/home/projects/bagon/shared/imagenet512/val/n03476991/ILSVRC2012_val_00015961.JPEG
/home/projects/bagon/shared/imagenet512/val/n04591157/ILSVRC2012_val_00001655.JPEG
/home/projects/bagon/shared/imagenet512/val/n03124043/ILSVRC2012_val_00044146.JPEG
/home/projects/bagon/shared/imagenet512/val/n02841315/ILSVRC2012_val_00032897.JPEG
/home/projects/bagon/shared/imagenet512/val/n01514668/ILSVRC2012_val_00016052.JPEG
/home/projects/bagon/shared/imagenet512/val/n01770081/ILSVRC2012_val_00037787.JPEG
/home/projects/bagon/shared/imagenet512/val/n04487394/ILSVRC2012_val_00022331.JPEG
/home/projects/bagon/shared/imagenet512/val/n02321529/ILSVRC2012_val_00048044.JPEG
/home/projects/bagon/shared/imagenet512/val/n02095314/ILSVRC2012_val_00048639.JPEG
/home/projects/bagon/shared/imagenet512/val/n04590129/ILSVRC2012_val_00029185.JPEG
/home/projects/bagon/shared/imagenet512/val/n01774750/ILSVRC2012_val_00003320.JPEG
/home/projects/bagon/shared/imagenet512/val/n03272010/ILSVRC2012_val_00042093.JPEG
/home/projects/bagon/shared/imagenet512/val/n01740131/ILSVRC2012_val_00043634.JPEG
/home/projects/bagon/shared/imagenet512/val/n01443537/ILSVRC2012_val_00037846.JPEG
/home/projects/bagon/shared/imagenet512/val/n04435653/ILSVRC2012_val_00019707.JPEG
/home/projects/bagon/shared/imagenet512/val/n03447721/ILSVRC2012_val_00027614.JPEG
/home/projects/bagon/shared/imagenet512/val/n02093991/ILSVRC2012_val_00004687.JPEG
/home/projects/bagon/shared/imagenet512/val/n02363005/ILSVRC2012_val_00014389.JPEG
/home/projects/bagon/shared/imagenet512/val/n03584829/ILSVRC2012_val_00004286.JPEG
/home/projects/bagon/shared/imagenet512/val/n04208210/ILSVRC2012_val_00005384.JPEG
/home/projects/bagon/shared/imagenet512/val/n04074963/ILSVRC2012_val_00034680.JPEG
/home/projects/bagon/shared/imagenet512/val/n03843555/ILSVRC2012_val_00047714.JPEG
/home/projects/bagon/shared/imagenet512/val/n04065272/ILSVRC2012_val_00028467.JPEG
/home/projects/bagon/shared/imagenet512/val/n03920288/ILSVRC2012_val_00035043.JPEG
/home/projects/bagon/shared/imagenet512/val/n02169497/ILSVRC2012_val_00008140.JPEG
/home/projects/bagon/shared/imagenet512/val/n02909870/ILSVRC2012_val_00022605.JPEG
/home/projects/bagon/shared/imagenet512/val/n03680355/ILSVRC2012_val_00002898.JPEG
/home/projects/bagon/shared/imagenet512/val/n07565083/ILSVRC2012_val_00011729.JPEG
/home/projects/bagon/shared/imagenet512/val/n02444819/ILSVRC2012_val_00026048.JPEG
/home/projects/bagon/shared/imagenet512/val/n04461696/ILSVRC2012_val_00007770.JPEG
/home/projects/bagon/shared/imagenet512/val/n02168699/ILSVRC2012_val_00044476.JPEG
/home/projects/bagon/shared/imagenet512/val/n03314780/ILSVRC2012_val_00034822.JPEG
/home/projects/bagon/shared/imagenet512/val/n07579787/ILSVRC2012_val_00002221.JPEG
/home/projects/bagon/shared/imagenet512/val/n02356798/ILSVRC2012_val_00010476.JPEG
/home/projects/bagon/shared/imagenet512/val/n02108089/ILSVRC2012_val_00038626.JPEG
/home/projects/bagon/shared/imagenet512/val/n03498962/ILSVRC2012_val_00021394.JPEG
/home/projects/bagon/shared/imagenet512/val/n03902125/ILSVRC2012_val_00027286.JPEG
/home/projects/bagon/shared/imagenet512/val/n03935335/ILSVRC2012_val_00025716.JPEG
/home/projects/bagon/shared/imagenet512/val/n03404251/ILSVRC2012_val_00042989.JPEG
/home/projects/bagon/shared/imagenet512/val/n03908714/ILSVRC2012_val_00028958.JPEG
/home/projects/bagon/shared/imagenet512/val/n04357314/ILSVRC2012_val_00031807.JPEG
/home/projects/bagon/shared/imagenet512/val/n03803284/ILSVRC2012_val_00042486.JPEG
/home/projects/bagon/shared/imagenet512/val/n03666591/ILSVRC2012_val_00020197.JPEG
/home/projects/bagon/shared/imagenet512/val/n03594945/ILSVRC2012_val_00008383.JPEG
/home/projects/bagon/shared/imagenet512/val/n01751748/ILSVRC2012_val_00006817.JPEG
/home/projects/bagon/shared/imagenet512/val/n03376595/ILSVRC2012_val_00013747.JPEG
/home/projects/bagon/shared/imagenet512/val/n02676566/ILSVRC2012_val_00040818.JPEG
/home/projects/bagon/shared/imagenet512/val/n03240683/ILSVRC2012_val_00017324.JPEG
/home/projects/bagon/shared/imagenet512/val/n02102480/ILSVRC2012_val_00009777.JPEG
/home/projects/bagon/shared/imagenet512/val/n04162706/ILSVRC2012_val_00005165.JPEG
/home/projects/bagon/shared/imagenet512/val/n03599486/ILSVRC2012_val_00036428.JPEG
/home/projects/bagon/shared/imagenet512/val/n03854065/ILSVRC2012_val_00036724.JPEG
/home/projects/bagon/shared/imagenet512/val/n03272562/ILSVRC2012_val_00037366.JPEG
/home/projects/bagon/shared/imagenet512/val/n03372029/ILSVRC2012_val_00007291.JPEG
/home/projects/bagon/shared/imagenet512/val/n03250847/ILSVRC2012_val_00000542.JPEG
/home/projects/bagon/shared/imagenet512/val/n03633091/ILSVRC2012_val_00038031.JPEG
/home/projects/bagon/shared/imagenet512/val/n02488291/ILSVRC2012_val_00024488.JPEG
/home/projects/bagon/shared/imagenet512/val/n04591157/ILSVRC2012_val_00006154.JPEG
/home/projects/bagon/shared/imagenet512/val/n03954731/ILSVRC2012_val_00015496.JPEG
/home/projects/bagon/shared/imagenet512/val/n02120505/ILSVRC2012_val_00018714.JPEG
/home/projects/bagon/shared/imagenet512/val/n02107142/ILSVRC2012_val_00023928.JPEG
/home/projects/bagon/shared/imagenet512/val/n03733805/ILSVRC2012_val_00045615.JPEG
/home/projects/bagon/shared/imagenet512/val/n04111531/ILSVRC2012_val_00038011.JPEG
/home/projects/bagon/shared/imagenet512/val/n03891251/ILSVRC2012_val_00006809.JPEG
/home/projects/bagon/shared/imagenet512/val/n01983481/ILSVRC2012_val_00003434.JPEG
/home/projects/bagon/shared/imagenet512/val/n02074367/ILSVRC2012_val_00009524.JPEG
/home/projects/bagon/shared/imagenet512/val/n02093859/ILSVRC2012_val_00037450.JPEG
/home/projects/bagon/shared/imagenet512/val/n01774384/ILSVRC2012_val_00007201.JPEG
/home/projects/bagon/shared/imagenet512/val/n02085782/ILSVRC2012_val_00047276.JPEG
/home/projects/bagon/shared/imagenet512/val/n03447721/ILSVRC2012_val_00026287.JPEG
/home/projects/bagon/shared/imagenet512/val/n04204347/ILSVRC2012_val_00035369.JPEG
/home/projects/bagon/shared/imagenet512/val/n04485082/ILSVRC2012_val_00028886.JPEG
/home/projects/bagon/shared/imagenet512/val/n04548362/ILSVRC2012_val_00007169.JPEG
/home/projects/bagon/shared/imagenet512/val/n02804610/ILSVRC2012_val_00038114.JPEG
/home/projects/bagon/shared/imagenet512/val/n02417914/ILSVRC2012_val_00009996.JPEG
/home/projects/bagon/shared/imagenet512/val/n02823428/ILSVRC2012_val_00004521.JPEG
/home/projects/bagon/shared/imagenet512/val/n03384352/ILSVRC2012_val_00010512.JPEG
/home/projects/bagon/shared/imagenet512/val/n07615774/ILSVRC2012_val_00024443.JPEG
/home/projects/bagon/shared/imagenet512/val/n03126707/ILSVRC2012_val_00000485.JPEG
/home/projects/bagon/shared/imagenet512/val/n04371430/ILSVRC2012_val_00029540.JPEG
/home/projects/bagon/shared/imagenet512/val/n04254680/ILSVRC2012_val_00014872.JPEG
/home/projects/bagon/shared/imagenet512/val/n02086079/ILSVRC2012_val_00038786.JPEG
/home/projects/bagon/shared/imagenet512/val/n03759954/ILSVRC2012_val_00016792.JPEG
/home/projects/bagon/shared/imagenet512/val/n02099849/ILSVRC2012_val_00024399.JPEG
/home/projects/bagon/shared/imagenet512/val/n03637318/ILSVRC2012_val_00026798.JPEG
/home/projects/bagon/shared/imagenet512/val/n01855672/ILSVRC2012_val_00020179.JPEG
/home/projects/bagon/shared/imagenet512/val/n04435653/ILSVRC2012_val_00007689.JPEG
/home/projects/bagon/shared/imagenet512/val/n02100236/ILSVRC2012_val_00004477.JPEG
/home/projects/bagon/shared/imagenet512/val/n02088466/ILSVRC2012_val_00038477.JPEG
/home/projects/bagon/shared/imagenet512/val/n07248320/ILSVRC2012_val_00039318.JPEG
/home/projects/bagon/shared/imagenet512/val/n03710721/ILSVRC2012_val_00039972.JPEG
/home/projects/bagon/shared/imagenet512/val/n03803284/ILSVRC2012_val_00026529.JPEG
/home/projects/bagon/shared/imagenet512/val/n04357314/ILSVRC2012_val_00011485.JPEG
/home/projects/bagon/shared/imagenet512/val/n04179913/ILSVRC2012_val_00004230.JPEG
/home/projects/bagon/shared/imagenet512/val/n02088466/ILSVRC2012_val_00046691.JPEG
/home/projects/bagon/shared/imagenet512/val/n03787032/ILSVRC2012_val_00032175.JPEG
/home/projects/bagon/shared/imagenet512/val/n01669191/ILSVRC2012_val_00045726.JPEG
/home/projects/bagon/shared/imagenet512/val/n04372370/ILSVRC2012_val_00031983.JPEG
/home/projects/bagon/shared/imagenet512/val/n02114548/ILSVRC2012_val_00044679.JPEG
/home/projects/bagon/shared/imagenet512/val/n02091635/ILSVRC2012_val_00038554.JPEG
/home/projects/bagon/shared/imagenet512/val/n07697537/ILSVRC2012_val_00034147.JPEG
/home/projects/bagon/shared/imagenet512/val/n02113799/ILSVRC2012_val_00043599.JPEG
/home/projects/bagon/shared/imagenet512/val/n01665541/ILSVRC2012_val_00011996.JPEG
/home/projects/bagon/shared/imagenet512/val/n09246464/ILSVRC2012_val_00009063.JPEG
/home/projects/bagon/shared/imagenet512/val/n09332890/ILSVRC2012_val_00046298.JPEG
/home/projects/bagon/shared/imagenet512/val/n02412080/ILSVRC2012_val_00035372.JPEG
/home/projects/bagon/shared/imagenet512/val/n03124043/ILSVRC2012_val_00031886.JPEG
/home/projects/bagon/shared/imagenet512/val/n03110669/ILSVRC2012_val_00013587.JPEG
/home/projects/bagon/shared/imagenet512/val/n04141076/ILSVRC2012_val_00009736.JPEG
/home/projects/bagon/shared/imagenet512/val/n02093991/ILSVRC2012_val_00027992.JPEG
/home/projects/bagon/shared/imagenet512/val/n01677366/ILSVRC2012_val_00040532.JPEG
/home/projects/bagon/shared/imagenet512/val/n01682714/ILSVRC2012_val_00007258.JPEG
/home/projects/bagon/shared/imagenet512/val/n01773549/ILSVRC2012_val_00035171.JPEG
/home/projects/bagon/shared/imagenet512/val/n01986214/ILSVRC2012_val_00016568.JPEG
/home/projects/bagon/shared/imagenet512/val/n04592741/ILSVRC2012_val_00027706.JPEG
/home/projects/bagon/shared/imagenet512/val/n03062245/ILSVRC2012_val_00035444.JPEG
/home/projects/bagon/shared/imagenet512/val/n04086273/ILSVRC2012_val_00045053.JPEG
/home/projects/bagon/shared/imagenet512/val/n02346627/ILSVRC2012_val_00047422.JPEG
/home/projects/bagon/shared/imagenet512/val/n03887697/ILSVRC2012_val_00011365.JPEG
/home/projects/bagon/shared/imagenet512/val/n02791270/ILSVRC2012_val_00002244.JPEG
/home/projects/bagon/shared/imagenet512/val/n03825788/ILSVRC2012_val_00001209.JPEG
/home/projects/bagon/shared/imagenet512/val/n03729826/ILSVRC2012_val_00036627.JPEG
/home/projects/bagon/shared/imagenet512/val/n03271574/ILSVRC2012_val_00004415.JPEG
/home/projects/bagon/shared/imagenet512/val/n03706229/ILSVRC2012_val_00036804.JPEG
/home/projects/bagon/shared/imagenet512/val/n07720875/ILSVRC2012_val_00033638.JPEG
/home/projects/bagon/shared/imagenet512/val/n03666591/ILSVRC2012_val_00044595.JPEG
/home/projects/bagon/shared/imagenet512/val/n04131690/ILSVRC2012_val_00027252.JPEG
/home/projects/bagon/shared/imagenet512/val/n02138441/ILSVRC2012_val_00005695.JPEG
/home/projects/bagon/shared/imagenet512/val/n04483307/ILSVRC2012_val_00035056.JPEG
/home/projects/bagon/shared/imagenet512/val/n04371774/ILSVRC2012_val_00015418.JPEG
/home/projects/bagon/shared/imagenet512/val/n03720891/ILSVRC2012_val_00011961.JPEG
/home/projects/bagon/shared/imagenet512/val/n04266014/ILSVRC2012_val_00034335.JPEG
/home/projects/bagon/shared/imagenet512/val/n01530575/ILSVRC2012_val_00000651.JPEG
/home/projects/bagon/shared/imagenet512/val/n03733805/ILSVRC2012_val_00028239.JPEG
/home/projects/bagon/shared/imagenet512/val/n03657121/ILSVRC2012_val_00017890.JPEG
/home/projects/bagon/shared/imagenet512/val/n02108422/ILSVRC2012_val_00040189.JPEG
/home/projects/bagon/shared/imagenet512/val/n01806143/ILSVRC2012_val_00040811.JPEG
/home/projects/bagon/shared/imagenet512/val/n04591157/ILSVRC2012_val_00012084.JPEG
/home/projects/bagon/shared/imagenet512/val/n02823428/ILSVRC2012_val_00032921.JPEG
/home/projects/bagon/shared/imagenet512/val/n02113799/ILSVRC2012_val_00045485.JPEG
/home/projects/bagon/shared/imagenet512/val/n04067472/ILSVRC2012_val_00044263.JPEG
/home/projects/bagon/shared/imagenet512/val/n03584254/ILSVRC2012_val_00017141.JPEG
/home/projects/bagon/shared/imagenet512/val/n04404412/ILSVRC2012_val_00003921.JPEG
/home/projects/bagon/shared/imagenet512/val/n03895866/ILSVRC2012_val_00044547.JPEG
/home/projects/bagon/shared/imagenet512/val/n02097658/ILSVRC2012_val_00017515.JPEG
/home/projects/bagon/shared/imagenet512/val/n02326432/ILSVRC2012_val_00028827.JPEG
/home/projects/bagon/shared/imagenet512/val/n02097130/ILSVRC2012_val_00045665.JPEG
/home/projects/bagon/shared/imagenet512/val/n02093859/ILSVRC2012_val_00039960.JPEG
/home/projects/bagon/shared/imagenet512/val/n02097130/ILSVRC2012_val_00037583.JPEG
/home/projects/bagon/shared/imagenet512/val/n02102973/ILSVRC2012_val_00034993.JPEG
/home/projects/bagon/shared/imagenet512/val/n02107142/ILSVRC2012_val_00040464.JPEG
/home/projects/bagon/shared/imagenet512/val/n01944390/ILSVRC2012_val_00007377.JPEG
/home/projects/bagon/shared/imagenet512/val/n02823428/ILSVRC2012_val_00040545.JPEG
/home/projects/bagon/shared/imagenet512/val/n04579432/ILSVRC2012_val_00020952.JPEG
/home/projects/bagon/shared/imagenet512/val/n02892767/ILSVRC2012_val_00038289.JPEG
/home/projects/bagon/shared/imagenet512/val/n01440764/ILSVRC2012_val_00031094.JPEG
/home/projects/bagon/shared/imagenet512/val/n02514041/ILSVRC2012_val_00012177.JPEG
/home/projects/bagon/shared/imagenet512/val/n04330267/ILSVRC2012_val_00045078.JPEG
/home/projects/bagon/shared/imagenet512/val/n03485407/ILSVRC2012_val_00035427.JPEG
/home/projects/bagon/shared/imagenet512/val/n02093991/ILSVRC2012_val_00034617.JPEG
/home/projects/bagon/shared/imagenet512/val/n02137549/ILSVRC2012_val_00023445.JPEG
/home/projects/bagon/shared/imagenet512/val/n03970156/ILSVRC2012_val_00046038.JPEG
/home/projects/bagon/shared/imagenet512/val/n07579787/ILSVRC2012_val_00017367.JPEG
/home/projects/bagon/shared/imagenet512/val/n02966687/ILSVRC2012_val_00019177.JPEG
/home/projects/bagon/shared/imagenet512/val/n03388549/ILSVRC2012_val_00012333.JPEG
/home/projects/bagon/shared/imagenet512/val/n02978881/ILSVRC2012_val_00008994.JPEG
/home/projects/bagon/shared/imagenet512/val/n03838899/ILSVRC2012_val_00010699.JPEG
/home/projects/bagon/shared/imagenet512/val/n02012849/ILSVRC2012_val_00042084.JPEG
/home/projects/bagon/shared/imagenet512/val/n02641379/ILSVRC2012_val_00032439.JPEG
/home/projects/bagon/shared/imagenet512/val/n03983396/ILSVRC2012_val_00033968.JPEG
/home/projects/bagon/shared/imagenet512/val/n02788148/ILSVRC2012_val_00005433.JPEG
/home/projects/bagon/shared/imagenet512/val/n02437312/ILSVRC2012_val_00024798.JPEG
/home/projects/bagon/shared/imagenet512/val/n04392985/ILSVRC2012_val_00046777.JPEG
/home/projects/bagon/shared/imagenet512/val/n04251144/ILSVRC2012_val_00020072.JPEG
/home/projects/bagon/shared/imagenet512/val/n04482393/ILSVRC2012_val_00002897.JPEG
/home/projects/bagon/shared/imagenet512/val/n01689811/ILSVRC2012_val_00047301.JPEG
/home/projects/bagon/shared/imagenet512/val/n04254120/ILSVRC2012_val_00041196.JPEG
/home/projects/bagon/shared/imagenet512/val/n02797295/ILSVRC2012_val_00044612.JPEG
/home/projects/bagon/shared/imagenet512/val/n02526121/ILSVRC2012_val_00036341.JPEG
/home/projects/bagon/shared/imagenet512/val/n03457902/ILSVRC2012_val_00014593.JPEG
/home/projects/bagon/shared/imagenet512/val/n03376595/ILSVRC2012_val_00015559.JPEG
/home/projects/bagon/shared/imagenet512/val/n02113023/ILSVRC2012_val_00005886.JPEG
/home/projects/bagon/shared/imagenet512/val/n03207941/ILSVRC2012_val_00047383.JPEG
/home/projects/bagon/shared/imagenet512/val/n03991062/ILSVRC2012_val_00046079.JPEG
/home/projects/bagon/shared/imagenet512/val/n03196217/ILSVRC2012_val_00023576.JPEG
/home/projects/bagon/shared/imagenet512/val/n02804610/ILSVRC2012_val_00044955.JPEG
/home/projects/bagon/shared/imagenet512/val/n07695742/ILSVRC2012_val_00019823.JPEG
/home/projects/bagon/shared/imagenet512/val/n13054560/ILSVRC2012_val_00043243.JPEG
/home/projects/bagon/shared/imagenet512/val/n02091635/ILSVRC2012_val_00010062.JPEG
/home/projects/bagon/shared/imagenet512/val/n02823750/ILSVRC2012_val_00020646.JPEG
/home/projects/bagon/shared/imagenet512/val/n02091635/ILSVRC2012_val_00032793.JPEG
/home/projects/bagon/shared/imagenet512/val/n03445924/ILSVRC2012_val_00034557.JPEG
/home/projects/bagon/shared/imagenet512/val/n03743016/ILSVRC2012_val_00040173.JPEG
/home/projects/bagon/shared/imagenet512/val/n04557648/ILSVRC2012_val_00027424.JPEG
/home/projects/bagon/shared/imagenet512/val/n03063599/ILSVRC2012_val_00021374.JPEG
/home/projects/bagon/shared/imagenet512/val/n09256479/ILSVRC2012_val_00014834.JPEG
/home/projects/bagon/shared/imagenet512/val/n01682714/ILSVRC2012_val_00045669.JPEG
/home/projects/bagon/shared/imagenet512/val/n07684084/ILSVRC2012_val_00038341.JPEG
/home/projects/bagon/shared/imagenet512/val/n03394916/ILSVRC2012_val_00048507.JPEG
/home/projects/bagon/shared/imagenet512/val/n04523525/ILSVRC2012_val_00049447.JPEG
/home/projects/bagon/shared/imagenet512/val/n02906734/ILSVRC2012_val_00033688.JPEG
/home/projects/bagon/shared/imagenet512/val/n03838899/ILSVRC2012_val_00001464.JPEG
/home/projects/bagon/shared/imagenet512/val/n03843555/ILSVRC2012_val_00042713.JPEG
/home/projects/bagon/shared/imagenet512/val/n01484850/ILSVRC2012_val_00023185.JPEG
/home/projects/bagon/shared/imagenet512/val/n04141975/ILSVRC2012_val_00047207.JPEG
/home/projects/bagon/shared/imagenet512/val/n04069434/ILSVRC2012_val_00041089.JPEG
/home/projects/bagon/shared/imagenet512/val/n03763968/ILSVRC2012_val_00033402.JPEG
/home/projects/bagon/shared/imagenet512/val/n01734418/ILSVRC2012_val_00019148.JPEG
/home/projects/bagon/shared/imagenet512/val/n03538406/ILSVRC2012_val_00042040.JPEG
/home/projects/bagon/shared/imagenet512/val/n03494278/ILSVRC2012_val_00027607.JPEG
/home/projects/bagon/shared/imagenet512/val/n03125729/ILSVRC2012_val_00036063.JPEG
/home/projects/bagon/shared/imagenet512/val/n03961711/ILSVRC2012_val_00039193.JPEG
/home/projects/bagon/shared/imagenet512/val/n02093428/ILSVRC2012_val_00002417.JPEG
/home/projects/bagon/shared/imagenet512/val/n04026417/ILSVRC2012_val_00019537.JPEG
/home/projects/bagon/shared/imagenet512/val/n02793495/ILSVRC2012_val_00003727.JPEG
/home/projects/bagon/shared/imagenet512/val/n02840245/ILSVRC2012_val_00004265.JPEG
/home/projects/bagon/shared/imagenet512/val/n02951585/ILSVRC2012_val_00033696.JPEG
/home/projects/bagon/shared/imagenet512/val/n03291819/ILSVRC2012_val_00021510.JPEG
/home/projects/bagon/shared/imagenet512/val/n07932039/ILSVRC2012_val_00029102.JPEG
/home/projects/bagon/shared/imagenet512/val/n03666591/ILSVRC2012_val_00038507.JPEG
/home/projects/bagon/shared/imagenet512/val/n02092002/ILSVRC2012_val_00029876.JPEG
/home/projects/bagon/shared/imagenet512/val/n02097658/ILSVRC2012_val_00005758.JPEG
/home/projects/bagon/shared/imagenet512/val/n04033995/ILSVRC2012_val_00035641.JPEG
/home/projects/bagon/shared/imagenet512/val/n02206856/ILSVRC2012_val_00024483.JPEG
/home/projects/bagon/shared/imagenet512/val/n03126707/ILSVRC2012_val_00044019.JPEG
/home/projects/bagon/shared/imagenet512/val/n03995372/ILSVRC2012_val_00005380.JPEG
/home/projects/bagon/shared/imagenet512/val/n04485082/ILSVRC2012_val_00018704.JPEG
/home/projects/bagon/shared/imagenet512/val/n03729826/ILSVRC2012_val_00048097.JPEG
/home/projects/bagon/shared/imagenet512/val/n02948072/ILSVRC2012_val_00021186.JPEG
/home/projects/bagon/shared/imagenet512/val/n02786058/ILSVRC2012_val_00038219.JPEG
/home/projects/bagon/shared/imagenet512/val/n04136333/ILSVRC2012_val_00032121.JPEG
/home/projects/bagon/shared/imagenet512/val/n04376876/ILSVRC2012_val_00010387.JPEG
/home/projects/bagon/shared/imagenet512/val/n07716906/ILSVRC2012_val_00024988.JPEG
/home/projects/bagon/shared/imagenet512/val/n03000684/ILSVRC2012_val_00011951.JPEG
/home/projects/bagon/shared/imagenet512/val/n02992211/ILSVRC2012_val_00011064.JPEG
/home/projects/bagon/shared/imagenet512/val/n02978881/ILSVRC2012_val_00006246.JPEG
/home/projects/bagon/shared/imagenet512/val/n07717410/ILSVRC2012_val_00043378.JPEG
/home/projects/bagon/shared/imagenet512/val/n03141823/ILSVRC2012_val_00025404.JPEG
/home/projects/bagon/shared/imagenet512/val/n01776313/ILSVRC2012_val_00002957.JPEG
/home/projects/bagon/shared/imagenet512/val/n02870880/ILSVRC2012_val_00014281.JPEG
/home/projects/bagon/shared/imagenet512/val/n02097130/ILSVRC2012_val_00029609.JPEG
/home/projects/bagon/shared/imagenet512/val/n02823750/ILSVRC2012_val_00037744.JPEG
/home/projects/bagon/shared/imagenet512/val/n04235860/ILSVRC2012_val_00014519.JPEG
/home/projects/bagon/shared/imagenet512/val/n03496892/ILSVRC2012_val_00048561.JPEG
/home/projects/bagon/shared/imagenet512/val/n06785654/ILSVRC2012_val_00034101.JPEG
/home/projects/bagon/shared/imagenet512/val/n03786901/ILSVRC2012_val_00032817.JPEG
/home/projects/bagon/shared/imagenet512/val/n02894605/ILSVRC2012_val_00037982.JPEG
/home/projects/bagon/shared/imagenet512/val/n02120505/ILSVRC2012_val_00043662.JPEG
/home/projects/bagon/shared/imagenet512/val/n01855672/ILSVRC2012_val_00009841.JPEG
/home/projects/bagon/shared/imagenet512/val/n04442312/ILSVRC2012_val_00047554.JPEG
/home/projects/bagon/shared/imagenet512/val/n03769881/ILSVRC2012_val_00027080.JPEG
/home/projects/bagon/shared/imagenet512/val/n07875152/ILSVRC2012_val_00041140.JPEG
/home/projects/bagon/shared/imagenet512/val/n03770439/ILSVRC2012_val_00005391.JPEG
/home/projects/bagon/shared/imagenet512/val/n02113624/ILSVRC2012_val_00036458.JPEG
/home/projects/bagon/shared/imagenet512/val/n03445777/ILSVRC2012_val_00020502.JPEG
/home/projects/bagon/shared/imagenet512/val/n04476259/ILSVRC2012_val_00034309.JPEG
/home/projects/bagon/shared/imagenet512/val/n02174001/ILSVRC2012_val_00014365.JPEG
/home/projects/bagon/shared/imagenet512/val/n03908714/ILSVRC2012_val_00032450.JPEG
/home/projects/bagon/shared/imagenet512/val/n03384352/ILSVRC2012_val_00009723.JPEG
/home/projects/bagon/shared/imagenet512/val/n07871810/ILSVRC2012_val_00019792.JPEG
/home/projects/bagon/shared/imagenet512/val/n03425413/ILSVRC2012_val_00000732.JPEG
/home/projects/bagon/shared/imagenet512/val/n03803284/ILSVRC2012_val_00022974.JPEG
/home/projects/bagon/shared/imagenet512/val/n03796401/ILSVRC2012_val_00039716.JPEG
/home/projects/bagon/shared/imagenet512/val/n03127747/ILSVRC2012_val_00003732.JPEG
/home/projects/bagon/shared/imagenet512/val/n03967562/ILSVRC2012_val_00027610.JPEG
/home/projects/bagon/shared/imagenet512/val/n02860847/ILSVRC2012_val_00025196.JPEG
/home/projects/bagon/shared/imagenet512/val/n03630383/ILSVRC2012_val_00036584.JPEG
/home/projects/bagon/shared/imagenet512/val/n03676483/ILSVRC2012_val_00003138.JPEG
/home/projects/bagon/shared/imagenet512/val/n01749939/ILSVRC2012_val_00040948.JPEG
/home/projects/bagon/shared/imagenet512/val/n07584110/ILSVRC2012_val_00032909.JPEG
/home/projects/bagon/shared/imagenet512/val/n01873310/ILSVRC2012_val_00000940.JPEG
/home/projects/bagon/shared/imagenet512/val/n03787032/ILSVRC2012_val_00010623.JPEG
/home/projects/bagon/shared/imagenet512/val/n03742115/ILSVRC2012_val_00040111.JPEG
/home/projects/bagon/shared/imagenet512/val/n02167151/ILSVRC2012_val_00028697.JPEG
/home/projects/bagon/shared/imagenet512/val/n03041632/ILSVRC2012_val_00009369.JPEG
/home/projects/bagon/shared/imagenet512/val/n02219486/ILSVRC2012_val_00020792.JPEG
/home/projects/bagon/shared/imagenet512/val/n03457902/ILSVRC2012_val_00030145.JPEG
/home/projects/bagon/shared/imagenet512/val/n02113978/ILSVRC2012_val_00033581.JPEG
/home/projects/bagon/shared/imagenet512/val/n04179913/ILSVRC2012_val_00037030.JPEG
/home/projects/bagon/shared/imagenet512/val/n01950731/ILSVRC2012_val_00029111.JPEG
/home/projects/bagon/shared/imagenet512/val/n03534580/ILSVRC2012_val_00041119.JPEG
/home/projects/bagon/shared/imagenet512/val/n02119022/ILSVRC2012_val_00031470.JPEG
/home/projects/bagon/shared/imagenet512/val/n03379051/ILSVRC2012_val_00030467.JPEG
/home/projects/bagon/shared/imagenet512/val/n02206856/ILSVRC2012_val_00028469.JPEG
/home/projects/bagon/shared/imagenet512/val/n02091635/ILSVRC2012_val_00038565.JPEG
/home/projects/bagon/shared/imagenet512/val/n03041632/ILSVRC2012_val_00008526.JPEG
/home/projects/bagon/shared/imagenet512/val/n03452741/ILSVRC2012_val_00039714.JPEG
/home/projects/bagon/shared/imagenet512/val/n15075141/ILSVRC2012_val_00021975.JPEG
/home/projects/bagon/shared/imagenet512/val/n02167151/ILSVRC2012_val_00046689.JPEG
/home/projects/bagon/shared/imagenet512/val/n03637318/ILSVRC2012_val_00003740.JPEG
/home/projects/bagon/shared/imagenet512/val/n02113624/ILSVRC2012_val_00046823.JPEG
/home/projects/bagon/shared/imagenet512/val/n04550184/ILSVRC2012_val_00018546.JPEG
/home/projects/bagon/shared/imagenet512/val/n04131690/ILSVRC2012_val_00032187.JPEG
/home/projects/bagon/shared/imagenet512/val/n03980874/ILSVRC2012_val_00006436.JPEG
/home/projects/bagon/shared/imagenet512/val/n02127052/ILSVRC2012_val_00024903.JPEG
/home/projects/bagon/shared/imagenet512/val/n04467665/ILSVRC2012_val_00035841.JPEG
/home/projects/bagon/shared/imagenet512/val/n02444819/ILSVRC2012_val_00030612.JPEG
/home/projects/bagon/shared/imagenet512/val/n01675722/ILSVRC2012_val_00039378.JPEG
/home/projects/bagon/shared/imagenet512/val/n04311174/ILSVRC2012_val_00022328.JPEG
/home/projects/bagon/shared/imagenet512/val/n02113978/ILSVRC2012_val_00014147.JPEG
/home/projects/bagon/shared/imagenet512/val/n02091032/ILSVRC2012_val_00035423.JPEG
/home/projects/bagon/shared/imagenet512/val/n03498962/ILSVRC2012_val_00016914.JPEG
/home/projects/bagon/shared/imagenet512/val/n07717410/ILSVRC2012_val_00033494.JPEG
/home/projects/bagon/shared/imagenet512/val/n12768682/ILSVRC2012_val_00014606.JPEG
/home/projects/bagon/shared/imagenet512/val/n03481172/ILSVRC2012_val_00015583.JPEG
/home/projects/bagon/shared/imagenet512/val/n02093428/ILSVRC2012_val_00037841.JPEG
/home/projects/bagon/shared/imagenet512/val/n04099969/ILSVRC2012_val_00001340.JPEG
/home/projects/bagon/shared/imagenet512/val/n03983396/ILSVRC2012_val_00012891.JPEG
/home/projects/bagon/shared/imagenet512/val/n04517823/ILSVRC2012_val_00048446.JPEG
/home/projects/bagon/shared/imagenet512/val/n02098105/ILSVRC2012_val_00036069.JPEG
/home/projects/bagon/shared/imagenet512/val/n03223299/ILSVRC2012_val_00020262.JPEG
/home/projects/bagon/shared/imagenet512/val/n02443484/ILSVRC2012_val_00000480.JPEG
/home/projects/bagon/shared/imagenet512/val/n04372370/ILSVRC2012_val_00034711.JPEG
/home/projects/bagon/shared/imagenet512/val/n03666591/ILSVRC2012_val_00009162.JPEG
/home/projects/bagon/shared/imagenet512/val/n03938244/ILSVRC2012_val_00011469.JPEG
/home/projects/bagon/shared/imagenet512/val/n03785016/ILSVRC2012_val_00021121.JPEG
/home/projects/bagon/shared/imagenet512/val/n02777292/ILSVRC2012_val_00014709.JPEG
/home/projects/bagon/shared/imagenet512/val/n02172182/ILSVRC2012_val_00005763.JPEG
/home/projects/bagon/shared/imagenet512/val/n04465501/ILSVRC2012_val_00035906.JPEG
/home/projects/bagon/shared/imagenet512/val/n04285008/ILSVRC2012_val_00022739.JPEG
/home/projects/bagon/shared/imagenet512/val/n04326547/ILSVRC2012_val_00028856.JPEG
/home/projects/bagon/shared/imagenet512/val/n02804610/ILSVRC2012_val_00030587.JPEG
/home/projects/bagon/shared/imagenet512/val/n02137549/ILSVRC2012_val_00047555.JPEG
/home/projects/bagon/shared/imagenet512/val/n12620546/ILSVRC2012_val_00034248.JPEG
/home/projects/bagon/shared/imagenet512/val/n02097298/ILSVRC2012_val_00013243.JPEG
/home/projects/bagon/shared/imagenet512/val/n02102318/ILSVRC2012_val_00023133.JPEG
/home/projects/bagon/shared/imagenet512/val/n02102318/ILSVRC2012_val_00027963.JPEG
/home/projects/bagon/shared/imagenet512/val/n04251144/ILSVRC2012_val_00009753.JPEG
/home/projects/bagon/shared/imagenet512/val/n03476991/ILSVRC2012_val_00004743.JPEG
/home/projects/bagon/shared/imagenet512/val/n02817516/ILSVRC2012_val_00040949.JPEG
/home/projects/bagon/shared/imagenet512/val/n03452741/ILSVRC2012_val_00008996.JPEG
/home/projects/bagon/shared/imagenet512/val/n03873416/ILSVRC2012_val_00008855.JPEG
/home/projects/bagon/shared/imagenet512/val/n01742172/ILSVRC2012_val_00039669.JPEG
/home/projects/bagon/shared/imagenet512/val/n07880968/ILSVRC2012_val_00049379.JPEG
/home/projects/bagon/shared/imagenet512/val/n04456115/ILSVRC2012_val_00008917.JPEG
/home/projects/bagon/shared/imagenet512/val/n01443537/ILSVRC2012_val_00020436.JPEG
/home/projects/bagon/shared/imagenet512/val/n02100583/ILSVRC2012_val_00038738.JPEG
/home/projects/bagon/shared/imagenet512/val/n03443371/ILSVRC2012_val_00019395.JPEG
/home/projects/bagon/shared/imagenet512/val/n04553703/ILSVRC2012_val_00016013.JPEG
/home/projects/bagon/shared/imagenet512/val/n03124170/ILSVRC2012_val_00025254.JPEG
/home/projects/bagon/shared/imagenet512/val/n02099849/ILSVRC2012_val_00029742.JPEG
/home/projects/bagon/shared/imagenet512/val/n04392985/ILSVRC2012_val_00021674.JPEG
/home/projects/bagon/shared/imagenet512/val/n02786058/ILSVRC2012_val_00020756.JPEG
/home/projects/bagon/shared/imagenet512/val/n03916031/ILSVRC2012_val_00032845.JPEG
/home/projects/bagon/shared/imagenet512/val/n03042490/ILSVRC2012_val_00008040.JPEG
/home/projects/bagon/shared/imagenet512/val/n04192698/ILSVRC2012_val_00005679.JPEG
/home/projects/bagon/shared/imagenet512/val/n02992529/ILSVRC2012_val_00039932.JPEG
/home/projects/bagon/shared/imagenet512/val/n01664065/ILSVRC2012_val_00014585.JPEG
/home/projects/bagon/shared/imagenet512/val/n07614500/ILSVRC2012_val_00042649.JPEG
/home/projects/bagon/shared/imagenet512/val/n02093647/ILSVRC2012_val_00008582.JPEG
/home/projects/bagon/shared/imagenet512/val/n02112137/ILSVRC2012_val_00020686.JPEG
/home/projects/bagon/shared/imagenet512/val/n02895154/ILSVRC2012_val_00031665.JPEG
/home/projects/bagon/shared/imagenet512/val/n04479046/ILSVRC2012_val_00020277.JPEG
/home/projects/bagon/shared/imagenet512/val/n04133789/ILSVRC2012_val_00014084.JPEG
/home/projects/bagon/shared/imagenet512/val/n04579432/ILSVRC2012_val_00021480.JPEG
/home/projects/bagon/shared/imagenet512/val/n03337140/ILSVRC2012_val_00022144.JPEG
/home/projects/bagon/shared/imagenet512/val/n02090721/ILSVRC2012_val_00006382.JPEG
/home/projects/bagon/shared/imagenet512/val/n03793489/ILSVRC2012_val_00018734.JPEG
/home/projects/bagon/shared/imagenet512/val/n02007558/ILSVRC2012_val_00011918.JPEG
/home/projects/bagon/shared/imagenet512/val/n02236044/ILSVRC2012_val_00041766.JPEG
/home/projects/bagon/shared/imagenet512/val/n02951585/ILSVRC2012_val_00026835.JPEG
/home/projects/bagon/shared/imagenet512/val/n03126707/ILSVRC2012_val_00042365.JPEG
/home/projects/bagon/shared/imagenet512/val/n13054560/ILSVRC2012_val_00011333.JPEG
/home/projects/bagon/shared/imagenet512/val/n04033995/ILSVRC2012_val_00009944.JPEG
/home/projects/bagon/shared/imagenet512/val/n02493509/ILSVRC2012_val_00019260.JPEG
/home/projects/bagon/shared/imagenet512/val/n03443371/ILSVRC2012_val_00018001.JPEG
/home/projects/bagon/shared/imagenet512/val/n10148035/ILSVRC2012_val_00022168.JPEG
/home/projects/bagon/shared/imagenet512/val/n04147183/ILSVRC2012_val_00042895.JPEG
/home/projects/bagon/shared/imagenet512/val/n02128385/ILSVRC2012_val_00000600.JPEG
/home/projects/bagon/shared/imagenet512/val/n04596742/ILSVRC2012_val_00046031.JPEG
/home/projects/bagon/shared/imagenet512/val/n02107574/ILSVRC2012_val_00026426.JPEG
/home/projects/bagon/shared/imagenet512/val/n04515003/ILSVRC2012_val_00041923.JPEG
/home/projects/bagon/shared/imagenet512/val/n02356798/ILSVRC2012_val_00001237.JPEG
/home/projects/bagon/shared/imagenet512/val/n03970156/ILSVRC2012_val_00047475.JPEG
/home/projects/bagon/shared/imagenet512/val/n02978881/ILSVRC2012_val_00045023.JPEG
/home/projects/bagon/shared/imagenet512/val/n02950826/ILSVRC2012_val_00008964.JPEG
/home/projects/bagon/shared/imagenet512/val/n03983396/ILSVRC2012_val_00003393.JPEG
/home/projects/bagon/shared/imagenet512/val/n02097298/ILSVRC2012_val_00025649.JPEG
/home/projects/bagon/shared/imagenet512/val/n03529860/ILSVRC2012_val_00004596.JPEG
/home/projects/bagon/shared/imagenet512/val/n04553703/ILSVRC2012_val_00011577.JPEG
/home/projects/bagon/shared/imagenet512/val/n02206856/ILSVRC2012_val_00039252.JPEG
/home/projects/bagon/shared/imagenet512/val/n02089973/ILSVRC2012_val_00043580.JPEG
/home/projects/bagon/shared/imagenet512/val/n01664065/ILSVRC2012_val_00043247.JPEG
/home/projects/bagon/shared/imagenet512/val/n02167151/ILSVRC2012_val_00001421.JPEG
/home/projects/bagon/shared/imagenet512/val/n04049303/ILSVRC2012_val_00042854.JPEG
/home/projects/bagon/shared/imagenet512/val/n01737021/ILSVRC2012_val_00002836.JPEG
/home/projects/bagon/shared/imagenet512/val/n02177972/ILSVRC2012_val_00020581.JPEG
/home/projects/bagon/shared/imagenet512/val/n04201297/ILSVRC2012_val_00030692.JPEG
/home/projects/bagon/shared/imagenet512/val/n04254120/ILSVRC2012_val_00026315.JPEG
/home/projects/bagon/shared/imagenet512/val/n01883070/ILSVRC2012_val_00039458.JPEG
/home/projects/bagon/shared/imagenet512/val/n04127249/ILSVRC2012_val_00045496.JPEG
/home/projects/bagon/shared/imagenet512/val/n04141975/ILSVRC2012_val_00048812.JPEG
/home/projects/bagon/shared/imagenet512/val/n02492035/ILSVRC2012_val_00037693.JPEG
/home/projects/bagon/shared/imagenet512/val/n04229816/ILSVRC2012_val_00023612.JPEG
/home/projects/bagon/shared/imagenet512/val/n03337140/ILSVRC2012_val_00008305.JPEG
/home/projects/bagon/shared/imagenet512/val/n01739381/ILSVRC2012_val_00022643.JPEG
/home/projects/bagon/shared/imagenet512/val/n07717556/ILSVRC2012_val_00023060.JPEG
/home/projects/bagon/shared/imagenet512/val/n02087394/ILSVRC2012_val_00004074.JPEG
/home/projects/bagon/shared/imagenet512/val/n02114548/ILSVRC2012_val_00013358.JPEG
/home/projects/bagon/shared/imagenet512/val/n02787622/ILSVRC2012_val_00042522.JPEG
/home/projects/bagon/shared/imagenet512/val/n03950228/ILSVRC2012_val_00016358.JPEG
/home/projects/bagon/shared/imagenet512/val/n02236044/ILSVRC2012_val_00042438.JPEG
/home/projects/bagon/shared/imagenet512/val/n03929660/ILSVRC2012_val_00042423.JPEG
/home/projects/bagon/shared/imagenet512/val/n07836838/ILSVRC2012_val_00027881.JPEG
/home/projects/bagon/shared/imagenet512/val/n02097474/ILSVRC2012_val_00047152.JPEG
/home/projects/bagon/shared/imagenet512/val/n03063689/ILSVRC2012_val_00047327.JPEG
/home/projects/bagon/shared/imagenet512/val/n04344873/ILSVRC2012_val_00019206.JPEG
/home/projects/bagon/shared/imagenet512/val/n02980441/ILSVRC2012_val_00019831.JPEG
/home/projects/bagon/shared/imagenet512/val/n02100583/ILSVRC2012_val_00018982.JPEG
/home/projects/bagon/shared/imagenet512/val/n03180011/ILSVRC2012_val_00046899.JPEG
/home/projects/bagon/shared/imagenet512/val/n03109150/ILSVRC2012_val_00042234.JPEG
/home/projects/bagon/shared/imagenet512/val/n07802026/ILSVRC2012_val_00001372.JPEG
/home/projects/bagon/shared/imagenet512/val/n03095699/ILSVRC2012_val_00016094.JPEG
/home/projects/bagon/shared/imagenet512/val/n02096177/ILSVRC2012_val_00009789.JPEG
/home/projects/bagon/shared/imagenet512/val/n03887697/ILSVRC2012_val_00030096.JPEG
/home/projects/bagon/shared/imagenet512/val/n01667778/ILSVRC2012_val_00022350.JPEG
/home/projects/bagon/shared/imagenet512/val/n04589890/ILSVRC2012_val_00019542.JPEG
/home/projects/bagon/shared/imagenet512/val/n03384352/ILSVRC2012_val_00042081.JPEG
/home/projects/bagon/shared/imagenet512/val/n02640242/ILSVRC2012_val_00009110.JPEG
/home/projects/bagon/shared/imagenet512/val/n02892767/ILSVRC2012_val_00029994.JPEG
/home/projects/bagon/shared/imagenet512/val/n01749939/ILSVRC2012_val_00018314.JPEG
/home/projects/bagon/shared/imagenet512/val/n02177972/ILSVRC2012_val_00016770.JPEG
/home/projects/bagon/shared/imagenet512/val/n04548362/ILSVRC2012_val_00005231.JPEG
/home/projects/bagon/shared/imagenet512/val/n02174001/ILSVRC2012_val_00032303.JPEG
/home/projects/bagon/shared/imagenet512/val/n04037443/ILSVRC2012_val_00015688.JPEG
/home/projects/bagon/shared/imagenet512/val/n03476991/ILSVRC2012_val_00038345.JPEG
/home/projects/bagon/shared/imagenet512/val/n01873310/ILSVRC2012_val_00006999.JPEG
/home/projects/bagon/shared/imagenet512/val/n02398521/ILSVRC2012_val_00014656.JPEG
/home/projects/bagon/shared/imagenet512/val/n01751748/ILSVRC2012_val_00048285.JPEG
/home/projects/bagon/shared/imagenet512/val/n04367480/ILSVRC2012_val_00001845.JPEG
/home/projects/bagon/shared/imagenet512/val/n03125729/ILSVRC2012_val_00014324.JPEG
/home/projects/bagon/shared/imagenet512/val/n01819313/ILSVRC2012_val_00006687.JPEG
/home/projects/bagon/shared/imagenet512/val/n02123045/ILSVRC2012_val_00025650.JPEG
/home/projects/bagon/shared/imagenet512/val/n03627232/ILSVRC2012_val_00011114.JPEG
/home/projects/bagon/shared/imagenet512/val/n03584829/ILSVRC2012_val_00047570.JPEG
/home/projects/bagon/shared/imagenet512/val/n03075370/ILSVRC2012_val_00026449.JPEG
/home/projects/bagon/shared/imagenet512/val/n03259280/ILSVRC2012_val_00020608.JPEG
/home/projects/bagon/shared/imagenet512/val/n02098105/ILSVRC2012_val_00016860.JPEG
/home/projects/bagon/shared/imagenet512/val/n03775071/ILSVRC2012_val_00014326.JPEG
/home/projects/bagon/shared/imagenet512/val/n03791053/ILSVRC2012_val_00005644.JPEG
/home/projects/bagon/shared/imagenet512/val/n01981276/ILSVRC2012_val_00021080.JPEG
/home/projects/bagon/shared/imagenet512/val/n04356056/ILSVRC2012_val_00004692.JPEG
/home/projects/bagon/shared/imagenet512/val/n02006656/ILSVRC2012_val_00000774.JPEG
/home/projects/bagon/shared/imagenet512/val/n04461696/ILSVRC2012_val_00046404.JPEG
/home/projects/bagon/shared/imagenet512/val/n03483316/ILSVRC2012_val_00009926.JPEG
/home/projects/bagon/shared/imagenet512/val/n02447366/ILSVRC2012_val_00029690.JPEG
/home/projects/bagon/shared/imagenet512/val/n02823428/ILSVRC2012_val_00012544.JPEG
/home/projects/bagon/shared/imagenet512/val/n03384352/ILSVRC2012_val_00016235.JPEG
/home/projects/bagon/shared/imagenet512/val/n02690373/ILSVRC2012_val_00015636.JPEG
/home/projects/bagon/shared/imagenet512/val/n02437616/ILSVRC2012_val_00019044.JPEG
/home/projects/bagon/shared/imagenet512/val/n02437616/ILSVRC2012_val_00045049.JPEG
/home/projects/bagon/shared/imagenet512/val/n04347754/ILSVRC2012_val_00030681.JPEG
/home/projects/bagon/shared/imagenet512/val/n02927161/ILSVRC2012_val_00013775.JPEG
/home/projects/bagon/shared/imagenet512/val/n04591713/ILSVRC2012_val_00005388.JPEG
/home/projects/bagon/shared/imagenet512/val/n03110669/ILSVRC2012_val_00044886.JPEG
/home/projects/bagon/shared/imagenet512/val/n01797886/ILSVRC2012_val_00017454.JPEG
/home/projects/bagon/shared/imagenet512/val/n02667093/ILSVRC2012_val_00013912.JPEG
/home/projects/bagon/shared/imagenet512/val/n04118538/ILSVRC2012_val_00029296.JPEG
/home/projects/bagon/shared/imagenet512/val/n04133789/ILSVRC2012_val_00048889.JPEG
/home/projects/bagon/shared/imagenet512/val/n02108089/ILSVRC2012_val_00007001.JPEG
/home/projects/bagon/shared/imagenet512/val/n02056570/ILSVRC2012_val_00046966.JPEG
/home/projects/bagon/shared/imagenet512/val/n02098105/ILSVRC2012_val_00045987.JPEG
/home/projects/bagon/shared/imagenet512/val/n03937543/ILSVRC2012_val_00043519.JPEG
/home/projects/bagon/shared/imagenet512/val/n03544143/ILSVRC2012_val_00033846.JPEG
/home/projects/bagon/shared/imagenet512/val/n02107142/ILSVRC2012_val_00030097.JPEG
/home/projects/bagon/shared/imagenet512/val/n03041632/ILSVRC2012_val_00048029.JPEG
/home/projects/bagon/shared/imagenet512/val/n04443257/ILSVRC2012_val_00004326.JPEG
/home/projects/bagon/shared/imagenet512/val/n03670208/ILSVRC2012_val_00016523.JPEG
/home/projects/bagon/shared/imagenet512/val/n02097658/ILSVRC2012_val_00006610.JPEG
/home/projects/bagon/shared/imagenet512/val/n02168699/ILSVRC2012_val_00017552.JPEG
/home/projects/bagon/shared/imagenet512/val/n03710721/ILSVRC2012_val_00010174.JPEG
/home/projects/bagon/shared/imagenet512/val/n04235860/ILSVRC2012_val_00028067.JPEG
/home/projects/bagon/shared/imagenet512/val/n03125729/ILSVRC2012_val_00028808.JPEG
/home/projects/bagon/shared/imagenet512/val/n02226429/ILSVRC2012_val_00045775.JPEG
/home/projects/bagon/shared/imagenet512/val/n01491361/ILSVRC2012_val_00013628.JPEG
/home/projects/bagon/shared/imagenet512/val/n02091032/ILSVRC2012_val_00005059.JPEG
/home/projects/bagon/shared/imagenet512/val/n02096585/ILSVRC2012_val_00037256.JPEG
/home/projects/bagon/shared/imagenet512/val/n02442845/ILSVRC2012_val_00002454.JPEG
/home/projects/bagon/shared/imagenet512/val/n04548280/ILSVRC2012_val_00010270.JPEG
/home/projects/bagon/shared/imagenet512/val/n12144580/ILSVRC2012_val_00020295.JPEG
/home/projects/bagon/shared/imagenet512/val/n02268853/ILSVRC2012_val_00003239.JPEG
/home/projects/bagon/shared/imagenet512/val/n04597913/ILSVRC2012_val_00019661.JPEG
/home/projects/bagon/shared/imagenet512/val/n02769748/ILSVRC2012_val_00036149.JPEG
/home/projects/bagon/shared/imagenet512/val/n03492542/ILSVRC2012_val_00023887.JPEG
/home/projects/bagon/shared/imagenet512/val/n03124170/ILSVRC2012_val_00005719.JPEG
/home/projects/bagon/shared/imagenet512/val/n02843684/ILSVRC2012_val_00026344.JPEG
/home/projects/bagon/shared/imagenet512/val/n02095570/ILSVRC2012_val_00005564.JPEG
/home/projects/bagon/shared/imagenet512/val/n02447366/ILSVRC2012_val_00039772.JPEG
/home/projects/bagon/shared/imagenet512/val/n01985128/ILSVRC2012_val_00037012.JPEG
/home/projects/bagon/shared/imagenet512/val/n02106662/ILSVRC2012_val_00019267.JPEG
/home/projects/bagon/shared/imagenet512/val/n09288635/ILSVRC2012_val_00014141.JPEG
/home/projects/bagon/shared/imagenet512/val/n01968897/ILSVRC2012_val_00048614.JPEG
/home/projects/bagon/shared/imagenet512/val/n03240683/ILSVRC2012_val_00036010.JPEG
/home/projects/bagon/shared/imagenet512/val/n04141327/ILSVRC2012_val_00016635.JPEG
/home/projects/bagon/shared/imagenet512/val/n03666591/ILSVRC2012_val_00044699.JPEG
/home/projects/bagon/shared/imagenet512/val/n02980441/ILSVRC2012_val_00002061.JPEG
/home/projects/bagon/shared/imagenet512/val/n04264628/ILSVRC2012_val_00013786.JPEG
/home/projects/bagon/shared/imagenet512/val/n03297495/ILSVRC2012_val_00015001.JPEG
/home/projects/bagon/shared/imagenet512/val/n02085782/ILSVRC2012_val_00026017.JPEG
/home/projects/bagon/shared/imagenet512/val/n03532672/ILSVRC2012_val_00032475.JPEG
/home/projects/bagon/shared/imagenet512/val/n03372029/ILSVRC2012_val_00046205.JPEG
/home/projects/bagon/shared/imagenet512/val/n03995372/ILSVRC2012_val_00010951.JPEG
/home/projects/bagon/shared/imagenet512/val/n02088466/ILSVRC2012_val_00049762.JPEG
/home/projects/bagon/shared/imagenet512/val/n03838899/ILSVRC2012_val_00003708.JPEG
/home/projects/bagon/shared/imagenet512/val/n02906734/ILSVRC2012_val_00010279.JPEG
/home/projects/bagon/shared/imagenet512/val/n04376876/ILSVRC2012_val_00022190.JPEG
/home/projects/bagon/shared/imagenet512/val/n01728572/ILSVRC2012_val_00049167.JPEG
/home/projects/bagon/shared/imagenet512/val/n02480495/ILSVRC2012_val_00015704.JPEG
/home/projects/bagon/shared/imagenet512/val/n02488291/ILSVRC2012_val_00028883.JPEG
/home/projects/bagon/shared/imagenet512/val/n15075141/ILSVRC2012_val_00042270.JPEG
/home/projects/bagon/shared/imagenet512/val/n02085782/ILSVRC2012_val_00034040.JPEG
/home/projects/bagon/shared/imagenet512/val/n02641379/ILSVRC2012_val_00042009.JPEG
/home/projects/bagon/shared/imagenet512/val/n03980874/ILSVRC2012_val_00045806.JPEG
/home/projects/bagon/shared/imagenet512/val/n04325704/ILSVRC2012_val_00017390.JPEG
/home/projects/bagon/shared/imagenet512/val/n07614500/ILSVRC2012_val_00030615.JPEG
/home/projects/bagon/shared/imagenet512/val/n01784675/ILSVRC2012_val_00004136.JPEG
/home/projects/bagon/shared/imagenet512/val/n04067472/ILSVRC2012_val_00021834.JPEG
/home/projects/bagon/shared/imagenet512/val/n07768694/ILSVRC2012_val_00011558.JPEG
/home/projects/bagon/shared/imagenet512/val/n02410509/ILSVRC2012_val_00006576.JPEG
/home/projects/bagon/shared/imagenet512/val/n03125729/ILSVRC2012_val_00003614.JPEG
/home/projects/bagon/shared/imagenet512/val/n04356056/ILSVRC2012_val_00035670.JPEG
/home/projects/bagon/shared/imagenet512/val/n04141975/ILSVRC2012_val_00035230.JPEG
/home/projects/bagon/shared/imagenet512/val/n02098105/ILSVRC2012_val_00032582.JPEG
/home/projects/bagon/shared/imagenet512/val/n02804610/ILSVRC2012_val_00031218.JPEG
/home/projects/bagon/shared/imagenet512/val/n04590129/ILSVRC2012_val_00016279.JPEG
/home/projects/bagon/shared/imagenet512/val/n03207941/ILSVRC2012_val_00039082.JPEG
/home/projects/bagon/shared/imagenet512/val/n02823750/ILSVRC2012_val_00045499.JPEG
/home/projects/bagon/shared/imagenet512/val/n04560804/ILSVRC2012_val_00012572.JPEG
/home/projects/bagon/shared/imagenet512/val/n02096177/ILSVRC2012_val_00044107.JPEG
/home/projects/bagon/shared/imagenet512/val/n02783161/ILSVRC2012_val_00036777.JPEG
/home/projects/bagon/shared/imagenet512/val/n03764736/ILSVRC2012_val_00047798.JPEG
/home/projects/bagon/shared/imagenet512/val/n04325704/ILSVRC2012_val_00020738.JPEG
/home/projects/bagon/shared/imagenet512/val/n04399382/ILSVRC2012_val_00018054.JPEG
/home/projects/bagon/shared/imagenet512/val/n03218198/ILSVRC2012_val_00004024.JPEG
/home/projects/bagon/shared/imagenet512/val/n12620546/ILSVRC2012_val_00016329.JPEG
/home/projects/bagon/shared/imagenet512/val/n04336792/ILSVRC2012_val_00006542.JPEG
/home/projects/bagon/shared/imagenet512/val/n03602883/ILSVRC2012_val_00023768.JPEG
/home/projects/bagon/shared/imagenet512/val/n04270147/ILSVRC2012_val_00013089.JPEG
/home/projects/bagon/shared/imagenet512/val/n03041632/ILSVRC2012_val_00025279.JPEG
/home/projects/bagon/shared/imagenet512/val/n01873310/ILSVRC2012_val_00029743.JPEG
/home/projects/bagon/shared/imagenet512/val/n01829413/ILSVRC2012_val_00029283.JPEG
/home/projects/bagon/shared/imagenet512/val/n03476991/ILSVRC2012_val_00041417.JPEG
/home/projects/bagon/shared/imagenet512/val/n02115913/ILSVRC2012_val_00040810.JPEG
/home/projects/bagon/shared/imagenet512/val/n03133878/ILSVRC2012_val_00011276.JPEG
/home/projects/bagon/shared/imagenet512/val/n03782006/ILSVRC2012_val_00035743.JPEG
/home/projects/bagon/shared/imagenet512/val/n02086079/ILSVRC2012_val_00046853.JPEG
/home/projects/bagon/shared/imagenet512/val/n04152593/ILSVRC2012_val_00002810.JPEG
/home/projects/bagon/shared/imagenet512/val/n04067472/ILSVRC2012_val_00010440.JPEG
/home/projects/bagon/shared/imagenet512/val/n02256656/ILSVRC2012_val_00016480.JPEG
/home/projects/bagon/shared/imagenet512/val/n03692522/ILSVRC2012_val_00029897.JPEG
/home/projects/bagon/shared/imagenet512/val/n04596742/ILSVRC2012_val_00034695.JPEG
/home/projects/bagon/shared/imagenet512/val/n02910353/ILSVRC2012_val_00039163.JPEG
/home/projects/bagon/shared/imagenet512/val/n03445777/ILSVRC2012_val_00038768.JPEG
/home/projects/bagon/shared/imagenet512/val/n04613696/ILSVRC2012_val_00046573.JPEG
/home/projects/bagon/shared/imagenet512/val/n02814860/ILSVRC2012_val_00016624.JPEG
/home/projects/bagon/shared/imagenet512/val/n03047690/ILSVRC2012_val_00014595.JPEG
/home/projects/bagon/shared/imagenet512/val/n07742313/ILSVRC2012_val_00000727.JPEG
/home/projects/bagon/shared/imagenet512/val/n04548362/ILSVRC2012_val_00034730.JPEG
/home/projects/bagon/shared/imagenet512/val/n04009552/ILSVRC2012_val_00045331.JPEG
/home/projects/bagon/shared/imagenet512/val/n07717556/ILSVRC2012_val_00007214.JPEG
/home/projects/bagon/shared/imagenet512/val/n03877472/ILSVRC2012_val_00020630.JPEG
/home/projects/bagon/shared/imagenet512/val/n01990800/ILSVRC2012_val_00014367.JPEG
/home/projects/bagon/shared/imagenet512/val/n04086273/ILSVRC2012_val_00007967.JPEG
/home/projects/bagon/shared/imagenet512/val/n04239074/ILSVRC2012_val_00017394.JPEG
/home/projects/bagon/shared/imagenet512/val/n03837869/ILSVRC2012_val_00028939.JPEG
/home/projects/bagon/shared/imagenet512/val/n03496892/ILSVRC2012_val_00007706.JPEG
/home/projects/bagon/shared/imagenet512/val/n02099601/ILSVRC2012_val_00028617.JPEG
/home/projects/bagon/shared/imagenet512/val/n02113712/ILSVRC2012_val_00023113.JPEG
/home/projects/bagon/shared/imagenet512/val/n02992211/ILSVRC2012_val_00014603.JPEG
/home/projects/bagon/shared/imagenet512/val/n04409515/ILSVRC2012_val_00027078.JPEG
/home/projects/bagon/shared/imagenet512/val/n02093991/ILSVRC2012_val_00019544.JPEG
/home/projects/bagon/shared/imagenet512/val/n03891332/ILSVRC2012_val_00048582.JPEG
/home/projects/bagon/shared/imagenet512/val/n07716906/ILSVRC2012_val_00015194.JPEG
/home/projects/bagon/shared/imagenet512/val/n01985128/ILSVRC2012_val_00011572.JPEG
/home/projects/bagon/shared/imagenet512/val/n04154565/ILSVRC2012_val_00006611.JPEG
/home/projects/bagon/shared/imagenet512/val/n03447721/ILSVRC2012_val_00030989.JPEG
/home/projects/bagon/shared/imagenet512/val/n04532106/ILSVRC2012_val_00000338.JPEG
/home/projects/bagon/shared/imagenet512/val/n04311004/ILSVRC2012_val_00017498.JPEG
/home/projects/bagon/shared/imagenet512/val/n04243546/ILSVRC2012_val_00014313.JPEG
/home/projects/bagon/shared/imagenet512/val/n12144580/ILSVRC2012_val_00013029.JPEG
/home/projects/bagon/shared/imagenet512/val/n02790996/ILSVRC2012_val_00011974.JPEG
/home/projects/bagon/shared/imagenet512/val/n02500267/ILSVRC2012_val_00010878.JPEG
/home/projects/bagon/shared/imagenet512/val/n02786058/ILSVRC2012_val_00016715.JPEG
/home/projects/bagon/shared/imagenet512/val/n01824575/ILSVRC2012_val_00033888.JPEG
/home/projects/bagon/shared/imagenet512/val/n03938244/ILSVRC2012_val_00009340.JPEG
/home/projects/bagon/shared/imagenet512/val/n03498962/ILSVRC2012_val_00017235.JPEG
/home/projects/bagon/shared/imagenet512/val/n04584207/ILSVRC2012_val_00017484.JPEG
/home/projects/bagon/shared/imagenet512/val/n01984695/ILSVRC2012_val_00008182.JPEG
/home/projects/bagon/shared/imagenet512/val/n02093859/ILSVRC2012_val_00034352.JPEG
/home/projects/bagon/shared/imagenet512/val/n03388183/ILSVRC2012_val_00045654.JPEG
/home/projects/bagon/shared/imagenet512/val/n03804744/ILSVRC2012_val_00029087.JPEG
/home/projects/bagon/shared/imagenet512/val/n07614500/ILSVRC2012_val_00031158.JPEG
/home/projects/bagon/shared/imagenet512/val/n01693334/ILSVRC2012_val_00000064.JPEG
/home/projects/bagon/shared/imagenet512/val/n02769748/ILSVRC2012_val_00041552.JPEG
/home/projects/bagon/shared/imagenet512/val/n02807133/ILSVRC2012_val_00011741.JPEG
/home/projects/bagon/shared/imagenet512/val/n02123394/ILSVRC2012_val_00016194.JPEG
/home/projects/bagon/shared/imagenet512/val/n04461696/ILSVRC2012_val_00046880.JPEG
/home/projects/bagon/shared/imagenet512/val/n04120489/ILSVRC2012_val_00037735.JPEG
/home/projects/bagon/shared/imagenet512/val/n02526121/ILSVRC2012_val_00042020.JPEG
/home/projects/bagon/shared/imagenet512/val/n02096294/ILSVRC2012_val_00044000.JPEG
/home/projects/bagon/shared/imagenet512/val/n02783161/ILSVRC2012_val_00006663.JPEG
/home/projects/bagon/shared/imagenet512/val/n02643566/ILSVRC2012_val_00013360.JPEG
/home/projects/bagon/shared/imagenet512/val/n02841315/ILSVRC2012_val_00032632.JPEG
/home/projects/bagon/shared/imagenet512/val/n03394916/ILSVRC2012_val_00042707.JPEG
/home/projects/bagon/shared/imagenet512/val/n01742172/ILSVRC2012_val_00002106.JPEG
/home/projects/bagon/shared/imagenet512/val/n02089973/ILSVRC2012_val_00039528.JPEG
/home/projects/bagon/shared/imagenet512/val/n02105505/ILSVRC2012_val_00007833.JPEG
/home/projects/bagon/shared/imagenet512/val/n02028035/ILSVRC2012_val_00002170.JPEG
/home/projects/bagon/shared/imagenet512/val/n03255030/ILSVRC2012_val_00043149.JPEG
/home/projects/bagon/shared/imagenet512/val/n03109150/ILSVRC2012_val_00033008.JPEG
/home/projects/bagon/shared/imagenet512/val/n02113712/ILSVRC2012_val_00002827.JPEG
/home/projects/bagon/shared/imagenet512/val/n01742172/ILSVRC2012_val_00018456.JPEG
/home/projects/bagon/shared/imagenet512/val/n02490219/ILSVRC2012_val_00031762.JPEG
/home/projects/bagon/shared/imagenet512/val/n02951585/ILSVRC2012_val_00023278.JPEG
/home/projects/bagon/shared/imagenet512/val/n04346328/ILSVRC2012_val_00033793.JPEG
/home/projects/bagon/shared/imagenet512/val/n03724870/ILSVRC2012_val_00035880.JPEG
/home/projects/bagon/shared/imagenet512/val/n04376876/ILSVRC2012_val_00044138.JPEG
/home/projects/bagon/shared/imagenet512/val/n01986214/ILSVRC2012_val_00031408.JPEG
/home/projects/bagon/shared/imagenet512/val/n02006656/ILSVRC2012_val_00000593.JPEG
/home/projects/bagon/shared/imagenet512/val/n03970156/ILSVRC2012_val_00018401.JPEG
/home/projects/bagon/shared/imagenet512/val/n02492035/ILSVRC2012_val_00005761.JPEG
/home/projects/bagon/shared/imagenet512/val/n04296562/ILSVRC2012_val_00040063.JPEG
/home/projects/bagon/shared/imagenet512/val/n04136333/ILSVRC2012_val_00046146.JPEG
/home/projects/bagon/shared/imagenet512/val/n02097047/ILSVRC2012_val_00048183.JPEG
/home/projects/bagon/shared/imagenet512/val/n03481172/ILSVRC2012_val_00018822.JPEG
/home/projects/bagon/shared/imagenet512/val/n02483708/ILSVRC2012_val_00023772.JPEG
/home/projects/bagon/shared/imagenet512/val/n03998194/ILSVRC2012_val_00035626.JPEG
/home/projects/bagon/shared/imagenet512/val/n02097474/ILSVRC2012_val_00039870.JPEG
/home/projects/bagon/shared/imagenet512/val/n10148035/ILSVRC2012_val_00041949.JPEG
/home/projects/bagon/shared/imagenet512/val/n03710193/ILSVRC2012_val_00030100.JPEG
/home/projects/bagon/shared/imagenet512/val/n02097298/ILSVRC2012_val_00022922.JPEG
/home/projects/bagon/shared/imagenet512/val/n03876231/ILSVRC2012_val_00038318.JPEG
/home/projects/bagon/shared/imagenet512/val/n02869837/ILSVRC2012_val_00033262.JPEG
/home/projects/bagon/shared/imagenet512/val/n02102973/ILSVRC2012_val_00030527.JPEG
/home/projects/bagon/shared/imagenet512/val/n03187595/ILSVRC2012_val_00021048.JPEG
/home/projects/bagon/shared/imagenet512/val/n03908618/ILSVRC2012_val_00029470.JPEG
/home/projects/bagon/shared/imagenet512/val/n03837869/ILSVRC2012_val_00021817.JPEG
/home/projects/bagon/shared/imagenet512/val/n03794056/ILSVRC2012_val_00038435.JPEG
/home/projects/bagon/shared/imagenet512/val/n03843555/ILSVRC2012_val_00010348.JPEG
/home/projects/bagon/shared/imagenet512/val/n04442312/ILSVRC2012_val_00004478.JPEG
/home/projects/bagon/shared/imagenet512/val/n01498041/ILSVRC2012_val_00006402.JPEG
/home/projects/bagon/shared/imagenet512/val/n03868863/ILSVRC2012_val_00042088.JPEG
/home/projects/bagon/shared/imagenet512/val/n04536866/ILSVRC2012_val_00014859.JPEG
/home/projects/bagon/shared/imagenet512/val/n02840245/ILSVRC2012_val_00049031.JPEG
/home/projects/bagon/shared/imagenet512/val/n03970156/ILSVRC2012_val_00009623.JPEG
/home/projects/bagon/shared/imagenet512/val/n04435653/ILSVRC2012_val_00007019.JPEG
/home/projects/bagon/shared/imagenet512/val/n01498041/ILSVRC2012_val_00028450.JPEG
/home/projects/bagon/shared/imagenet512/val/n02174001/ILSVRC2012_val_00039332.JPEG
/home/projects/bagon/shared/imagenet512/val/n01608432/ILSVRC2012_val_00046092.JPEG
/home/projects/bagon/shared/imagenet512/val/n04317175/ILSVRC2012_val_00010901.JPEG
/home/projects/bagon/shared/imagenet512/val/n03873416/ILSVRC2012_val_00031409.JPEG
/home/projects/bagon/shared/imagenet512/val/n04548362/ILSVRC2012_val_00046164.JPEG
/home/projects/bagon/shared/imagenet512/val/n02457408/ILSVRC2012_val_00031214.JPEG
/home/projects/bagon/shared/imagenet512/val/n04026417/ILSVRC2012_val_00039356.JPEG
/home/projects/bagon/shared/imagenet512/val/n04355338/ILSVRC2012_val_00024393.JPEG
/home/projects/bagon/shared/imagenet512/val/n04476259/ILSVRC2012_val_00002080.JPEG
/home/projects/bagon/shared/imagenet512/val/n03255030/ILSVRC2012_val_00042471.JPEG
/home/projects/bagon/shared/imagenet512/val/n02108915/ILSVRC2012_val_00015808.JPEG
/home/projects/bagon/shared/imagenet512/val/n04515003/ILSVRC2012_val_00038822.JPEG
/home/projects/bagon/shared/imagenet512/val/n03658185/ILSVRC2012_val_00016985.JPEG
/home/projects/bagon/shared/imagenet512/val/n02093859/ILSVRC2012_val_00032468.JPEG
/home/projects/bagon/shared/imagenet512/val/n01924916/ILSVRC2012_val_00004051.JPEG
/home/projects/bagon/shared/imagenet512/val/n04355338/ILSVRC2012_val_00022399.JPEG
/home/projects/bagon/shared/imagenet512/val/n01847000/ILSVRC2012_val_00023780.JPEG
/home/projects/bagon/shared/imagenet512/val/n03014705/ILSVRC2012_val_00020396.JPEG
/home/projects/bagon/shared/imagenet512/val/n01924916/ILSVRC2012_val_00008211.JPEG
/home/projects/bagon/shared/imagenet512/val/n02910353/ILSVRC2012_val_00020407.JPEG
/home/projects/bagon/shared/imagenet512/val/n03803284/ILSVRC2012_val_00002923.JPEG
/home/projects/bagon/shared/imagenet512/val/n03249569/ILSVRC2012_val_00044498.JPEG
/home/projects/bagon/shared/imagenet512/val/n02236044/ILSVRC2012_val_00015818.JPEG
/home/projects/bagon/shared/imagenet512/val/n03584829/ILSVRC2012_val_00017604.JPEG
/home/projects/bagon/shared/imagenet512/val/n03498962/ILSVRC2012_val_00017784.JPEG
/home/projects/bagon/shared/imagenet512/val/n04371774/ILSVRC2012_val_00001086.JPEG
/home/projects/bagon/shared/imagenet512/val/n02095314/ILSVRC2012_val_00012515.JPEG
/home/projects/bagon/shared/imagenet512/val/n03729826/ILSVRC2012_val_00023649.JPEG
/home/projects/bagon/shared/imagenet512/val/n02090379/ILSVRC2012_val_00026736.JPEG
/home/projects/bagon/shared/imagenet512/val/n02869837/ILSVRC2012_val_00049649.JPEG
/home/projects/bagon/shared/imagenet512/val/n02504458/ILSVRC2012_val_00036436.JPEG
/home/projects/bagon/shared/imagenet512/val/n01983481/ILSVRC2012_val_00017889.JPEG
/home/projects/bagon/shared/imagenet512/val/n03584829/ILSVRC2012_val_00016286.JPEG
/home/projects/bagon/shared/imagenet512/val/n03876231/ILSVRC2012_val_00007720.JPEG
/home/projects/bagon/shared/imagenet512/val/n04127249/ILSVRC2012_val_00016361.JPEG
/home/projects/bagon/shared/imagenet512/val/n02797295/ILSVRC2012_val_00023355.JPEG
/home/projects/bagon/shared/imagenet512/val/n02825657/ILSVRC2012_val_00041723.JPEG
/home/projects/bagon/shared/imagenet512/val/n02667093/ILSVRC2012_val_00028919.JPEG
/home/projects/bagon/shared/imagenet512/val/n01796340/ILSVRC2012_val_00008993.JPEG
/home/projects/bagon/shared/imagenet512/val/n02133161/ILSVRC2012_val_00033328.JPEG
/home/projects/bagon/shared/imagenet512/val/n03729826/ILSVRC2012_val_00041722.JPEG
/home/projects/bagon/shared/imagenet512/val/n07695742/ILSVRC2012_val_00026653.JPEG
/home/projects/bagon/shared/imagenet512/val/n03272010/ILSVRC2012_val_00012911.JPEG
/home/projects/bagon/shared/imagenet512/val/n03786901/ILSVRC2012_val_00036588.JPEG
/home/projects/bagon/shared/imagenet512/val/n12267677/ILSVRC2012_val_00018155.JPEG
/home/projects/bagon/shared/imagenet512/val/n03127925/ILSVRC2012_val_00004169.JPEG
/home/projects/bagon/shared/imagenet512/val/n04162706/ILSVRC2012_val_00033567.JPEG
/home/projects/bagon/shared/imagenet512/val/n01592084/ILSVRC2012_val_00015269.JPEG
/home/projects/bagon/shared/imagenet512/val/n04399382/ILSVRC2012_val_00046628.JPEG
/home/projects/bagon/shared/imagenet512/val/n04179913/ILSVRC2012_val_00000377.JPEG
/home/projects/bagon/shared/imagenet512/val/n03649909/ILSVRC2012_val_00043431.JPEG
/home/projects/bagon/shared/imagenet512/val/n02109525/ILSVRC2012_val_00048842.JPEG
/home/projects/bagon/shared/imagenet512/val/n01729322/ILSVRC2012_val_00024259.JPEG
/home/projects/bagon/shared/imagenet512/val/n03594734/ILSVRC2012_val_00019687.JPEG
/home/projects/bagon/shared/imagenet512/val/n04239074/ILSVRC2012_val_00025100.JPEG
/home/projects/bagon/shared/imagenet512/val/n03977966/ILSVRC2012_val_00036046.JPEG
/home/projects/bagon/shared/imagenet512/val/n03041632/ILSVRC2012_val_00022700.JPEG
/home/projects/bagon/shared/imagenet512/val/n03720891/ILSVRC2012_val_00044143.JPEG
/home/projects/bagon/shared/imagenet512/val/n02087046/ILSVRC2012_val_00001371.JPEG
/home/projects/bagon/shared/imagenet512/val/n04033995/ILSVRC2012_val_00016045.JPEG
/home/projects/bagon/shared/imagenet512/val/n03803284/ILSVRC2012_val_00044666.JPEG
/home/projects/bagon/shared/imagenet512/val/n04090263/ILSVRC2012_val_00040213.JPEG
/home/projects/bagon/shared/imagenet512/val/n06874185/ILSVRC2012_val_00005152.JPEG
/home/projects/bagon/shared/imagenet512/val/n04040759/ILSVRC2012_val_00046014.JPEG
/home/projects/bagon/shared/imagenet512/val/n03868863/ILSVRC2012_val_00026664.JPEG
/home/projects/bagon/shared/imagenet512/val/n03223299/ILSVRC2012_val_00001893.JPEG
/home/projects/bagon/shared/imagenet512/val/n03637318/ILSVRC2012_val_00027525.JPEG
/home/projects/bagon/shared/imagenet512/val/n02364673/ILSVRC2012_val_00045507.JPEG
/home/projects/bagon/shared/imagenet512/val/n02229544/ILSVRC2012_val_00001873.JPEG
/home/projects/bagon/shared/imagenet512/val/n01697457/ILSVRC2012_val_00035286.JPEG
/home/projects/bagon/shared/imagenet512/val/n04317175/ILSVRC2012_val_00001183.JPEG
/home/projects/bagon/shared/imagenet512/val/n07930864/ILSVRC2012_val_00033145.JPEG
/home/projects/bagon/shared/imagenet512/val/n04389033/ILSVRC2012_val_00030415.JPEG
/home/projects/bagon/shared/imagenet512/val/n03980874/ILSVRC2012_val_00023665.JPEG
/home/projects/bagon/shared/imagenet512/val/n02174001/ILSVRC2012_val_00036186.JPEG
/home/projects/bagon/shared/imagenet512/val/n02107312/ILSVRC2012_val_00012146.JPEG
/home/projects/bagon/shared/imagenet512/val/n03666591/ILSVRC2012_val_00034881.JPEG
/home/projects/bagon/shared/imagenet512/val/n04040759/ILSVRC2012_val_00011655.JPEG
/home/projects/bagon/shared/imagenet512/val/n02112706/ILSVRC2012_val_00003691.JPEG
/home/projects/bagon/shared/imagenet512/val/n04330267/ILSVRC2012_val_00016412.JPEG
/home/projects/bagon/shared/imagenet512/val/n04370456/ILSVRC2012_val_00040817.JPEG
/home/projects/bagon/shared/imagenet512/val/n02699494/ILSVRC2012_val_00046983.JPEG
/home/projects/bagon/shared/imagenet512/val/n03781244/ILSVRC2012_val_00024251.JPEG
/home/projects/bagon/shared/imagenet512/val/n03769881/ILSVRC2012_val_00037159.JPEG
/home/projects/bagon/shared/imagenet512/val/n02133161/ILSVRC2012_val_00041522.JPEG
/home/projects/bagon/shared/imagenet512/val/n01784675/ILSVRC2012_val_00023052.JPEG
/home/projects/bagon/shared/imagenet512/val/n04509417/ILSVRC2012_val_00019694.JPEG
/home/projects/bagon/shared/imagenet512/val/n02113624/ILSVRC2012_val_00027140.JPEG
/home/projects/bagon/shared/imagenet512/val/n07920052/ILSVRC2012_val_00010220.JPEG
/home/projects/bagon/shared/imagenet512/val/n03887697/ILSVRC2012_val_00021464.JPEG
/home/projects/bagon/shared/imagenet512/val/n02817516/ILSVRC2012_val_00030452.JPEG
/home/projects/bagon/shared/imagenet512/val/n04479046/ILSVRC2012_val_00030063.JPEG
/home/projects/bagon/shared/imagenet512/val/n02097474/ILSVRC2012_val_00029774.JPEG
/home/projects/bagon/shared/imagenet512/val/n02109047/ILSVRC2012_val_00044678.JPEG
/home/projects/bagon/shared/imagenet512/val/n04465501/ILSVRC2012_val_00038484.JPEG
/home/projects/bagon/shared/imagenet512/val/n03759954/ILSVRC2012_val_00020138.JPEG
/home/projects/bagon/shared/imagenet512/val/n03916031/ILSVRC2012_val_00005003.JPEG
/home/projects/bagon/shared/imagenet512/val/n03127925/ILSVRC2012_val_00046487.JPEG
/home/projects/bagon/shared/imagenet512/val/n03804744/ILSVRC2012_val_00002005.JPEG
/home/projects/bagon/shared/imagenet512/val/n04141975/ILSVRC2012_val_00016073.JPEG
/home/projects/bagon/shared/imagenet512/val/n03424325/ILSVRC2012_val_00043852.JPEG
/home/projects/bagon/shared/imagenet512/val/n04584207/ILSVRC2012_val_00024127.JPEG
/home/projects/bagon/shared/imagenet512/val/n03602883/ILSVRC2012_val_00036634.JPEG
/home/projects/bagon/shared/imagenet512/val/n04209239/ILSVRC2012_val_00032213.JPEG
/home/projects/bagon/shared/imagenet512/val/n02100735/ILSVRC2012_val_00030271.JPEG
/home/projects/bagon/shared/imagenet512/val/n03770679/ILSVRC2012_val_00018768.JPEG
/home/projects/bagon/shared/imagenet512/val/n03259280/ILSVRC2012_val_00011872.JPEG
/home/projects/bagon/shared/imagenet512/val/n04371430/ILSVRC2012_val_00035508.JPEG
/home/projects/bagon/shared/imagenet512/val/n04476259/ILSVRC2012_val_00049269.JPEG
/home/projects/bagon/shared/imagenet512/val/n01644900/ILSVRC2012_val_00005768.JPEG
/home/projects/bagon/shared/imagenet512/val/n04371774/ILSVRC2012_val_00029139.JPEG
/home/projects/bagon/shared/imagenet512/val/n02174001/ILSVRC2012_val_00023188.JPEG
/home/projects/bagon/shared/imagenet512/val/n07860988/ILSVRC2012_val_00036168.JPEG
/home/projects/bagon/shared/imagenet512/val/n04019541/ILSVRC2012_val_00013391.JPEG
/home/projects/bagon/shared/imagenet512/val/n02906734/ILSVRC2012_val_00015359.JPEG
/home/projects/bagon/shared/imagenet512/val/n02883205/ILSVRC2012_val_00005569.JPEG
/home/projects/bagon/shared/imagenet512/val/n04482393/ILSVRC2012_val_00008823.JPEG
/home/projects/bagon/shared/imagenet512/val/n02415577/ILSVRC2012_val_00020934.JPEG
/home/projects/bagon/shared/imagenet512/val/n02493509/ILSVRC2012_val_00038538.JPEG
/home/projects/bagon/shared/imagenet512/val/n03832673/ILSVRC2012_val_00025009.JPEG
/home/projects/bagon/shared/imagenet512/val/n01734418/ILSVRC2012_val_00006218.JPEG
/home/projects/bagon/shared/imagenet512/val/n04131690/ILSVRC2012_val_00014294.JPEG
/home/projects/bagon/shared/imagenet512/val/n03871628/ILSVRC2012_val_00048740.JPEG
2025-09-23 12:14:30,956 - INFO - Skipping already processed example (step log exists): rank=31567 path=/home/projects/bagon/shared/imagenet512/val/n01697457/ILSVRC2012_val_00007266.JPEG file=example_1674_rank_31567_n01697457_ILSVRC2012_val_00007266.JPEG_steps.csv
2025-09-23 12:14:30,957 - INFO - Skipping already processed example (step log exists): rank=31571 path=/home/projects/bagon/shared/imagenet512/val/n02536864/ILSVRC2012_val_00044563.JPEG file=example_1675_rank_31571_n02536864_ILSVRC2012_val_00044563.JPEG_steps.csv
2025-09-23 12:14:30,959 - INFO - Skipping already processed example (step log exists): rank=31572 path=/home/projects/bagon/shared/imagenet512/val/n03937543/ILSVRC2012_val_00048930.JPEG file=example_1676_rank_31572_n03937543_ILSVRC2012_val_00048930.JPEG_steps.csv
2025-09-23 12:14:30,960 - INFO - Skipping already processed example (step log exists): rank=31573 path=/home/projects/bagon/shared/imagenet512/val/n03483316/ILSVRC2012_val_00016051.JPEG file=example_1677_rank_31573_n03483316_ILSVRC2012_val_00016051.JPEG_steps.csv
2025-09-23 12:14:30,961 - INFO - Skipping already processed example (step log exists): rank=31574 path=/home/projects/bagon/shared/imagenet512/val/n01580077/ILSVRC2012_val_00013753.JPEG file=example_1678_rank_31574_n01580077_ILSVRC2012_val_00013753.JPEG_steps.csv
2025-09-23 12:14:30,963 - INFO - Skipping already processed example (step log exists): rank=31575 path=/home/projects/bagon/shared/imagenet512/val/n02841315/ILSVRC2012_val_00017620.JPEG file=example_1679_rank_31575_n02841315_ILSVRC2012_val_00017620.JPEG_steps.csv
2025-09-23 12:14:30,965 - INFO - Skipping already processed example (step log exists): rank=31576 path=/home/projects/bagon/shared/imagenet512/val/n01819313/ILSVRC2012_val_00020514.JPEG file=example_1680_rank_31576_n01819313_ILSVRC2012_val_00020514.JPEG_steps.csv
2025-09-23 12:14:30,966 - INFO - Skipping already processed example (step log exists): rank=31580 path=/home/projects/bagon/shared/imagenet512/val/n03134739/ILSVRC2012_val_00033811.JPEG file=example_1681_rank_31580_n03134739_ILSVRC2012_val_00033811.JPEG_steps.csv
2025-09-23 12:14:30,967 - INFO - Skipping already processed example (step log exists): rank=31581 path=/home/projects/bagon/shared/imagenet512/val/n01704323/ILSVRC2012_val_00048548.JPEG file=example_1682_rank_31581_n01704323_ILSVRC2012_val_00048548.JPEG_steps.csv
2025-09-23 12:14:30,968 - INFO - Skipping already processed example (step log exists): rank=31582 path=/home/projects/bagon/shared/imagenet512/val/n04435653/ILSVRC2012_val_00020450.JPEG file=example_1683_rank_31582_n04435653_ILSVRC2012_val_00020450.JPEG_steps.csv
2025-09-23 12:14:30,970 - INFO - Skipping already processed example (step log exists): rank=31584 path=/home/projects/bagon/shared/imagenet512/val/n02808304/ILSVRC2012_val_00022989.JPEG file=example_1684_rank_31584_n02808304_ILSVRC2012_val_00022989.JPEG_steps.csv
2025-09-23 12:14:30,971 - INFO - Skipping already processed example (step log exists): rank=31587 path=/home/projects/bagon/shared/imagenet512/val/n04347754/ILSVRC2012_val_00013459.JPEG file=example_1685_rank_31587_n04347754_ILSVRC2012_val_00013459.JPEG_steps.csv
2025-09-23 12:14:30,971 - INFO - Skipping already processed example (step log exists): rank=31588 path=/home/projects/bagon/shared/imagenet512/val/n03733805/ILSVRC2012_val_00029464.JPEG file=example_1686_rank_31588_n03733805_ILSVRC2012_val_00029464.JPEG_steps.csv
2025-09-23 12:14:30,972 - INFO - Skipping already processed example (step log exists): rank=31589 path=/home/projects/bagon/shared/imagenet512/val/n04141327/ILSVRC2012_val_00003236.JPEG file=example_1687_rank_31589_n04141327_ILSVRC2012_val_00003236.JPEG_steps.csv
2025-09-23 12:14:30,973 - INFO - Skipping already processed example (step log exists): rank=31590 path=/home/projects/bagon/shared/imagenet512/val/n03388549/ILSVRC2012_val_00015918.JPEG file=example_1688_rank_31590_n03388549_ILSVRC2012_val_00015918.JPEG_steps.csv
2025-09-23 12:14:30,975 - INFO - Skipping already processed example (step log exists): rank=31591 path=/home/projects/bagon/shared/imagenet512/val/n02097047/ILSVRC2012_val_00047084.JPEG file=example_1689_rank_31591_n02097047_ILSVRC2012_val_00047084.JPEG_steps.csv
2025-09-23 12:14:30,975 - INFO - Skipping already processed example (step log exists): rank=31596 path=/home/projects/bagon/shared/imagenet512/val/n03888605/ILSVRC2012_val_00035987.JPEG file=example_1690_rank_31596_n03888605_ILSVRC2012_val_00035987.JPEG_steps.csv
2025-09-23 12:14:30,976 - INFO - Skipping already processed example (step log exists): rank=31597 path=/home/projects/bagon/shared/imagenet512/val/n03793489/ILSVRC2012_val_00045856.JPEG file=example_1691_rank_31597_n03793489_ILSVRC2012_val_00045856.JPEG_steps.csv
2025-09-23 12:14:30,977 - INFO - Skipping already processed example (step log exists): rank=31600 path=/home/projects/bagon/shared/imagenet512/val/n03873416/ILSVRC2012_val_00016980.JPEG file=example_1692_rank_31600_n03873416_ILSVRC2012_val_00016980.JPEG_steps.csv
2025-09-23 12:14:30,978 - INFO - Skipping already processed example (step log exists): rank=31602 path=/home/projects/bagon/shared/imagenet512/val/n07753592/ILSVRC2012_val_00040280.JPEG file=example_1693_rank_31602_n07753592_ILSVRC2012_val_00040280.JPEG_steps.csv
2025-09-23 12:14:30,979 - INFO - Skipping already processed example (step log exists): rank=31603 path=/home/projects/bagon/shared/imagenet512/val/n01667778/ILSVRC2012_val_00034728.JPEG file=example_1694_rank_31603_n01667778_ILSVRC2012_val_00034728.JPEG_steps.csv
2025-09-23 12:14:30,980 - INFO - Skipping already processed example (step log exists): rank=31607 path=/home/projects/bagon/shared/imagenet512/val/n04476259/ILSVRC2012_val_00032312.JPEG file=example_1695_rank_31607_n04476259_ILSVRC2012_val_00032312.JPEG_steps.csv
2025-09-23 12:14:30,981 - INFO - Skipping already processed example (step log exists): rank=31609 path=/home/projects/bagon/shared/imagenet512/val/n04613696/ILSVRC2012_val_00012991.JPEG file=example_1696_rank_31609_n04613696_ILSVRC2012_val_00012991.JPEG_steps.csv
2025-09-23 12:14:30,982 - INFO - Skipping already processed example (step log exists): rank=31612 path=/home/projects/bagon/shared/imagenet512/val/n02793495/ILSVRC2012_val_00027715.JPEG file=example_1697_rank_31612_n02793495_ILSVRC2012_val_00027715.JPEG_steps.csv
2025-09-23 12:14:30,983 - INFO - Skipping already processed example (step log exists): rank=31613 path=/home/projects/bagon/shared/imagenet512/val/n03110669/ILSVRC2012_val_00002171.JPEG file=example_1698_rank_31613_n03110669_ILSVRC2012_val_00002171.JPEG_steps.csv
2025-09-23 12:14:30,985 - INFO - Skipping already processed example (step log exists): rank=31615 path=/home/projects/bagon/shared/imagenet512/val/n04086273/ILSVRC2012_val_00032525.JPEG file=example_1699_rank_31615_n04086273_ILSVRC2012_val_00032525.JPEG_steps.csv
2025-09-23 12:14:30,985 - INFO - Skipping already processed example (step log exists): rank=31617 path=/home/projects/bagon/shared/imagenet512/val/n02099712/ILSVRC2012_val_00022606.JPEG file=example_1700_rank_31617_n02099712_ILSVRC2012_val_00022606.JPEG_steps.csv
2025-09-23 12:14:30,986 - INFO - Skipping already processed example (step log exists): rank=31618 path=/home/projects/bagon/shared/imagenet512/val/n02091635/ILSVRC2012_val_00019639.JPEG file=example_1701_rank_31618_n02091635_ILSVRC2012_val_00019639.JPEG_steps.csv
2025-09-23 12:14:30,988 - INFO - Skipping already processed example (step log exists): rank=31625 path=/home/projects/bagon/shared/imagenet512/val/n02120505/ILSVRC2012_val_00035164.JPEG file=example_1702_rank_31625_n02120505_ILSVRC2012_val_00035164.JPEG_steps.csv
2025-09-23 12:14:30,989 - INFO - Skipping already processed example (step log exists): rank=31626 path=/home/projects/bagon/shared/imagenet512/val/n02090379/ILSVRC2012_val_00020739.JPEG file=example_1703_rank_31626_n02090379_ILSVRC2012_val_00020739.JPEG_steps.csv
2025-09-23 12:14:30,990 - INFO - Skipping already processed example (step log exists): rank=31627 path=/home/projects/bagon/shared/imagenet512/val/n02408429/ILSVRC2012_val_00009898.JPEG file=example_1704_rank_31627_n02408429_ILSVRC2012_val_00009898.JPEG_steps.csv
2025-09-23 12:14:30,991 - INFO - Skipping already processed example (step log exists): rank=31628 path=/home/projects/bagon/shared/imagenet512/val/n02988304/ILSVRC2012_val_00040907.JPEG file=example_1705_rank_31628_n02988304_ILSVRC2012_val_00040907.JPEG_steps.csv
2025-09-23 12:14:30,992 - INFO - Skipping already processed example (step log exists): rank=31645 path=/home/projects/bagon/shared/imagenet512/val/n02676566/ILSVRC2012_val_00013063.JPEG file=example_1706_rank_31645_n02676566_ILSVRC2012_val_00013063.JPEG_steps.csv
2025-09-23 12:14:30,993 - INFO - Skipping already processed example (step log exists): rank=31646 path=/home/projects/bagon/shared/imagenet512/val/n03045698/ILSVRC2012_val_00041131.JPEG file=example_1707_rank_31646_n03045698_ILSVRC2012_val_00041131.JPEG_steps.csv
2025-09-23 12:14:30,993 - INFO - Skipping already processed example (step log exists): rank=31647 path=/home/projects/bagon/shared/imagenet512/val/n02037110/ILSVRC2012_val_00009991.JPEG file=example_1708_rank_31647_n02037110_ILSVRC2012_val_00009991.JPEG_steps.csv
2025-09-23 12:14:30,995 - INFO - Skipping already processed example (step log exists): rank=31648 path=/home/projects/bagon/shared/imagenet512/val/n02276258/ILSVRC2012_val_00001187.JPEG file=example_1709_rank_31648_n02276258_ILSVRC2012_val_00001187.JPEG_steps.csv
2025-09-23 12:14:30,995 - INFO - Skipping already processed example (step log exists): rank=31649 path=/home/projects/bagon/shared/imagenet512/val/n04613696/ILSVRC2012_val_00042945.JPEG file=example_1710_rank_31649_n04613696_ILSVRC2012_val_00042945.JPEG_steps.csv
2025-09-23 12:14:30,996 - INFO - Skipping already processed example (step log exists): rank=31650 path=/home/projects/bagon/shared/imagenet512/val/n02777292/ILSVRC2012_val_00004895.JPEG file=example_1711_rank_31650_n02777292_ILSVRC2012_val_00004895.JPEG_steps.csv
2025-09-23 12:14:30,998 - INFO - Skipping already processed example (step log exists): rank=31652 path=/home/projects/bagon/shared/imagenet512/val/n02326432/ILSVRC2012_val_00007440.JPEG file=example_1712_rank_31652_n02326432_ILSVRC2012_val_00007440.JPEG_steps.csv
2025-09-23 12:14:30,999 - INFO - Skipping already processed example (step log exists): rank=31654 path=/home/projects/bagon/shared/imagenet512/val/n04597913/ILSVRC2012_val_00022476.JPEG file=example_1713_rank_31654_n04597913_ILSVRC2012_val_00022476.JPEG_steps.csv
2025-09-23 12:14:31,000 - INFO - Skipping already processed example (step log exists): rank=31655 path=/home/projects/bagon/shared/imagenet512/val/n01944390/ILSVRC2012_val_00008789.JPEG file=example_1714_rank_31655_n01944390_ILSVRC2012_val_00008789.JPEG_steps.csv
2025-09-23 12:14:31,001 - INFO - Skipping already processed example (step log exists): rank=31656 path=/home/projects/bagon/shared/imagenet512/val/n03481172/ILSVRC2012_val_00026993.JPEG file=example_1715_rank_31656_n03481172_ILSVRC2012_val_00026993.JPEG_steps.csv
2025-09-23 12:14:31,001 - INFO - Skipping already processed example (step log exists): rank=31662 path=/home/projects/bagon/shared/imagenet512/val/n03803284/ILSVRC2012_val_00020872.JPEG file=example_1716_rank_31662_n03803284_ILSVRC2012_val_00020872.JPEG_steps.csv
2025-09-23 12:14:31,002 - INFO - Skipping already processed example (step log exists): rank=31663 path=/home/projects/bagon/shared/imagenet512/val/n02002724/ILSVRC2012_val_00022687.JPEG file=example_1717_rank_31663_n02002724_ILSVRC2012_val_00022687.JPEG_steps.csv
2025-09-23 12:14:31,003 - INFO - Skipping already processed example (step log exists): rank=31664 path=/home/projects/bagon/shared/imagenet512/val/n03982430/ILSVRC2012_val_00034059.JPEG file=example_1718_rank_31664_n03982430_ILSVRC2012_val_00034059.JPEG_steps.csv
2025-09-23 12:14:31,004 - INFO - Skipping already processed example (step log exists): rank=31670 path=/home/projects/bagon/shared/imagenet512/val/n02085782/ILSVRC2012_val_00029262.JPEG file=example_1719_rank_31670_n02085782_ILSVRC2012_val_00029262.JPEG_steps.csv
2025-09-23 12:14:31,004 - INFO - Skipping already processed example (step log exists): rank=31672 path=/home/projects/bagon/shared/imagenet512/val/n09421951/ILSVRC2012_val_00018154.JPEG file=example_1720_rank_31672_n09421951_ILSVRC2012_val_00018154.JPEG_steps.csv
2025-09-23 12:14:31,005 - INFO - Skipping already processed example (step log exists): rank=31675 path=/home/projects/bagon/shared/imagenet512/val/n02028035/ILSVRC2012_val_00029974.JPEG file=example_1721_rank_31675_n02028035_ILSVRC2012_val_00029974.JPEG_steps.csv
2025-09-23 12:14:31,006 - INFO - Skipping already processed example (step log exists): rank=31677 path=/home/projects/bagon/shared/imagenet512/val/n02835271/ILSVRC2012_val_00043435.JPEG file=example_1722_rank_31677_n02835271_ILSVRC2012_val_00043435.JPEG_steps.csv
2025-09-23 12:14:31,007 - INFO - Skipping already processed example (step log exists): rank=31680 path=/home/projects/bagon/shared/imagenet512/val/n02096177/ILSVRC2012_val_00032177.JPEG file=example_1723_rank_31680_n02096177_ILSVRC2012_val_00032177.JPEG_steps.csv
2025-09-23 12:14:31,008 - INFO - Skipping already processed example (step log exists): rank=31681 path=/home/projects/bagon/shared/imagenet512/val/n02093428/ILSVRC2012_val_00008303.JPEG file=example_1724_rank_31681_n02093428_ILSVRC2012_val_00008303.JPEG_steps.csv
2025-09-23 12:14:31,009 - INFO - Skipping already processed example (step log exists): rank=31683 path=/home/projects/bagon/shared/imagenet512/val/n02088466/ILSVRC2012_val_00013080.JPEG file=example_1725_rank_31683_n02088466_ILSVRC2012_val_00013080.JPEG_steps.csv
2025-09-23 12:14:31,010 - INFO - Skipping already processed example (step log exists): rank=31684 path=/home/projects/bagon/shared/imagenet512/val/n03032252/ILSVRC2012_val_00031248.JPEG file=example_1726_rank_31684_n03032252_ILSVRC2012_val_00031248.JPEG_steps.csv
2025-09-23 12:14:31,011 - INFO - Skipping already processed example (step log exists): rank=31686 path=/home/projects/bagon/shared/imagenet512/val/n02085620/ILSVRC2012_val_00021266.JPEG file=example_1727_rank_31686_n02085620_ILSVRC2012_val_00021266.JPEG_steps.csv
2025-09-23 12:14:31,012 - INFO - Skipping already processed example (step log exists): rank=31687 path=/home/projects/bagon/shared/imagenet512/val/n02606052/ILSVRC2012_val_00038764.JPEG file=example_1728_rank_31687_n02606052_ILSVRC2012_val_00038764.JPEG_steps.csv
2025-09-23 12:14:31,013 - INFO - Skipping already processed example (step log exists): rank=31688 path=/home/projects/bagon/shared/imagenet512/val/n02098105/ILSVRC2012_val_00005267.JPEG file=example_1729_rank_31688_n02098105_ILSVRC2012_val_00005267.JPEG_steps.csv
2025-09-23 12:14:31,013 - INFO - Skipping already processed example (step log exists): rank=31689 path=/home/projects/bagon/shared/imagenet512/val/n03146219/ILSVRC2012_val_00002250.JPEG file=example_1730_rank_31689_n03146219_ILSVRC2012_val_00002250.JPEG_steps.csv
2025-09-23 12:14:31,014 - INFO - Skipping already processed example (step log exists): rank=31700 path=/home/projects/bagon/shared/imagenet512/val/n04552348/ILSVRC2012_val_00047529.JPEG file=example_1731_rank_31700_n04552348_ILSVRC2012_val_00047529.JPEG_steps.csv
2025-09-23 12:14:31,015 - INFO - Skipping already processed example (step log exists): rank=31709 path=/home/projects/bagon/shared/imagenet512/val/n02894605/ILSVRC2012_val_00020306.JPEG file=example_1732_rank_31709_n02894605_ILSVRC2012_val_00020306.JPEG_steps.csv
2025-09-23 12:14:31,016 - INFO - Skipping already processed example (step log exists): rank=31714 path=/home/projects/bagon/shared/imagenet512/val/n04023962/ILSVRC2012_val_00013561.JPEG file=example_1733_rank_31714_n04023962_ILSVRC2012_val_00013561.JPEG_steps.csv
2025-09-23 12:14:31,017 - INFO - Skipping already processed example (step log exists): rank=31715 path=/home/projects/bagon/shared/imagenet512/val/n04476259/ILSVRC2012_val_00011105.JPEG file=example_1734_rank_31715_n04476259_ILSVRC2012_val_00011105.JPEG_steps.csv
2025-09-23 12:14:31,018 - INFO - Skipping already processed example (step log exists): rank=31716 path=/home/projects/bagon/shared/imagenet512/val/n03804744/ILSVRC2012_val_00028216.JPEG file=example_1735_rank_31716_n03804744_ILSVRC2012_val_00028216.JPEG_steps.csv
2025-09-23 12:14:31,019 - INFO - Skipping already processed example (step log exists): rank=31718 path=/home/projects/bagon/shared/imagenet512/val/n03977966/ILSVRC2012_val_00029106.JPEG file=example_1736_rank_31718_n03977966_ILSVRC2012_val_00029106.JPEG_steps.csv
2025-09-23 12:14:31,019 - INFO - Skipping already processed example (step log exists): rank=31720 path=/home/projects/bagon/shared/imagenet512/val/n01819313/ILSVRC2012_val_00033479.JPEG file=example_1737_rank_31720_n01819313_ILSVRC2012_val_00033479.JPEG_steps.csv
2025-09-23 12:14:31,020 - INFO - Skipping already processed example (step log exists): rank=31725 path=/home/projects/bagon/shared/imagenet512/val/n03481172/ILSVRC2012_val_00025034.JPEG file=example_1738_rank_31725_n03481172_ILSVRC2012_val_00025034.JPEG_steps.csv
2025-09-23 12:14:31,021 - INFO - Skipping already processed example (step log exists): rank=31726 path=/home/projects/bagon/shared/imagenet512/val/n02130308/ILSVRC2012_val_00041296.JPEG file=example_1739_rank_31726_n02130308_ILSVRC2012_val_00041296.JPEG_steps.csv
2025-09-23 12:14:31,022 - INFO - Skipping already processed example (step log exists): rank=31727 path=/home/projects/bagon/shared/imagenet512/val/n03532672/ILSVRC2012_val_00018267.JPEG file=example_1740_rank_31727_n03532672_ILSVRC2012_val_00018267.JPEG_steps.csv
2025-09-23 12:14:31,022 - INFO - Skipping already processed example (step log exists): rank=31730 path=/home/projects/bagon/shared/imagenet512/val/n07615774/ILSVRC2012_val_00039496.JPEG file=example_1741_rank_31730_n07615774_ILSVRC2012_val_00039496.JPEG_steps.csv
2025-09-23 12:14:31,023 - INFO - Skipping already processed example (step log exists): rank=31733 path=/home/projects/bagon/shared/imagenet512/val/n02089078/ILSVRC2012_val_00047543.JPEG file=example_1742_rank_31733_n02089078_ILSVRC2012_val_00047543.JPEG_steps.csv
2025-09-23 12:14:31,024 - INFO - Skipping already processed example (step log exists): rank=31734 path=/home/projects/bagon/shared/imagenet512/val/n03884397/ILSVRC2012_val_00030107.JPEG file=example_1743_rank_31734_n03884397_ILSVRC2012_val_00030107.JPEG_steps.csv
2025-09-23 12:14:31,025 - INFO - Skipping already processed example (step log exists): rank=31735 path=/home/projects/bagon/shared/imagenet512/val/n02093647/ILSVRC2012_val_00001957.JPEG file=example_1744_rank_31735_n02093647_ILSVRC2012_val_00001957.JPEG_steps.csv
2025-09-23 12:14:31,026 - INFO - Skipping already processed example (step log exists): rank=31736 path=/home/projects/bagon/shared/imagenet512/val/n03485407/ILSVRC2012_val_00013665.JPEG file=example_1745_rank_31736_n03485407_ILSVRC2012_val_00013665.JPEG_steps.csv
2025-09-23 12:14:31,027 - INFO - Skipping already processed example (step log exists): rank=31742 path=/home/projects/bagon/shared/imagenet512/val/n04141975/ILSVRC2012_val_00010284.JPEG file=example_1746_rank_31742_n04141975_ILSVRC2012_val_00010284.JPEG_steps.csv
2025-09-23 12:14:31,028 - INFO - Skipping already processed example (step log exists): rank=31745 path=/home/projects/bagon/shared/imagenet512/val/n04428191/ILSVRC2012_val_00006136.JPEG file=example_1747_rank_31745_n04428191_ILSVRC2012_val_00006136.JPEG_steps.csv
2025-09-23 12:14:31,028 - INFO - Skipping already processed example (step log exists): rank=31760 path=/home/projects/bagon/shared/imagenet512/val/n01644900/ILSVRC2012_val_00039478.JPEG file=example_1748_rank_31760_n01644900_ILSVRC2012_val_00039478.JPEG_steps.csv
2025-09-23 12:14:31,029 - INFO - Skipping already processed example (step log exists): rank=31765 path=/home/projects/bagon/shared/imagenet512/val/n04259630/ILSVRC2012_val_00026779.JPEG file=example_1749_rank_31765_n04259630_ILSVRC2012_val_00026779.JPEG_steps.csv
2025-09-23 12:14:31,030 - INFO - Skipping already processed example (step log exists): rank=31772 path=/home/projects/bagon/shared/imagenet512/val/n02795169/ILSVRC2012_val_00011533.JPEG file=example_1750_rank_31772_n02795169_ILSVRC2012_val_00011533.JPEG_steps.csv
2025-09-23 12:14:31,031 - INFO - Skipping already processed example (step log exists): rank=31776 path=/home/projects/bagon/shared/imagenet512/val/n02106550/ILSVRC2012_val_00012085.JPEG file=example_1751_rank_31776_n02106550_ILSVRC2012_val_00012085.JPEG_steps.csv
2025-09-23 12:14:31,032 - INFO - Skipping already processed example (step log exists): rank=31778 path=/home/projects/bagon/shared/imagenet512/val/n02106382/ILSVRC2012_val_00022843.JPEG file=example_1752_rank_31778_n02106382_ILSVRC2012_val_00022843.JPEG_steps.csv
2025-09-23 12:14:31,033 - INFO - Skipping already processed example (step log exists): rank=31779 path=/home/projects/bagon/shared/imagenet512/val/n02279972/ILSVRC2012_val_00023084.JPEG file=example_1753_rank_31779_n02279972_ILSVRC2012_val_00023084.JPEG_steps.csv
2025-09-23 12:14:31,033 - INFO - Skipping already processed example (step log exists): rank=31780 path=/home/projects/bagon/shared/imagenet512/val/n03617480/ILSVRC2012_val_00027806.JPEG file=example_1754_rank_31780_n03617480_ILSVRC2012_val_00027806.JPEG_steps.csv
2025-09-23 12:14:31,034 - INFO - Skipping already processed example (step log exists): rank=31781 path=/home/projects/bagon/shared/imagenet512/val/n02114855/ILSVRC2012_val_00004178.JPEG file=example_1755_rank_31781_n02114855_ILSVRC2012_val_00004178.JPEG_steps.csv
2025-09-23 12:14:31,035 - INFO - Skipping already processed example (step log exists): rank=31783 path=/home/projects/bagon/shared/imagenet512/val/n01728920/ILSVRC2012_val_00013751.JPEG file=example_1756_rank_31783_n01728920_ILSVRC2012_val_00013751.JPEG_steps.csv
2025-09-23 12:14:31,036 - INFO - Skipping already processed example (step log exists): rank=31785 path=/home/projects/bagon/shared/imagenet512/val/n02786058/ILSVRC2012_val_00016079.JPEG file=example_1757_rank_31785_n02786058_ILSVRC2012_val_00016079.JPEG_steps.csv
2025-09-23 12:14:31,036 - INFO - Skipping already processed example (step log exists): rank=31786 path=/home/projects/bagon/shared/imagenet512/val/n02268443/ILSVRC2012_val_00030535.JPEG file=example_1758_rank_31786_n02268443_ILSVRC2012_val_00030535.JPEG_steps.csv
2025-09-23 12:14:31,038 - INFO - Skipping already processed example (step log exists): rank=31787 path=/home/projects/bagon/shared/imagenet512/val/n02951585/ILSVRC2012_val_00000223.JPEG file=example_1759_rank_31787_n02951585_ILSVRC2012_val_00000223.JPEG_steps.csv
2025-09-23 12:14:31,039 - INFO - Skipping already processed example (step log exists): rank=31788 path=/home/projects/bagon/shared/imagenet512/val/n04540053/ILSVRC2012_val_00004370.JPEG file=example_1760_rank_31788_n04540053_ILSVRC2012_val_00004370.JPEG_steps.csv
2025-09-23 12:14:31,040 - INFO - Skipping already processed example (step log exists): rank=31789 path=/home/projects/bagon/shared/imagenet512/val/n02002724/ILSVRC2012_val_00042532.JPEG file=example_1761_rank_31789_n02002724_ILSVRC2012_val_00042532.JPEG_steps.csv
2025-09-23 12:14:31,040 - INFO - Skipping already processed example (step log exists): rank=31791 path=/home/projects/bagon/shared/imagenet512/val/n01644373/ILSVRC2012_val_00007398.JPEG file=example_1762_rank_31791_n01644373_ILSVRC2012_val_00007398.JPEG_steps.csv
2025-09-23 12:14:31,041 - INFO - Skipping already processed example (step log exists): rank=31793 path=/home/projects/bagon/shared/imagenet512/val/n02883205/ILSVRC2012_val_00036568.JPEG file=example_1763_rank_31793_n02883205_ILSVRC2012_val_00036568.JPEG_steps.csv
2025-09-23 12:14:31,042 - INFO - Skipping already processed example (step log exists): rank=31794 path=/home/projects/bagon/shared/imagenet512/val/n02640242/ILSVRC2012_val_00008189.JPEG file=example_1764_rank_31794_n02640242_ILSVRC2012_val_00008189.JPEG_steps.csv
2025-09-23 12:14:31,043 - INFO - Skipping already processed example (step log exists): rank=31796 path=/home/projects/bagon/shared/imagenet512/val/n02090379/ILSVRC2012_val_00024950.JPEG file=example_1765_rank_31796_n02090379_ILSVRC2012_val_00024950.JPEG_steps.csv
2025-09-23 12:14:31,044 - INFO - Skipping already processed example (step log exists): rank=31799 path=/home/projects/bagon/shared/imagenet512/val/n02396427/ILSVRC2012_val_00027556.JPEG file=example_1766_rank_31799_n02396427_ILSVRC2012_val_00027556.JPEG_steps.csv
2025-09-23 12:14:31,045 - INFO - Skipping already processed example (step log exists): rank=31803 path=/home/projects/bagon/shared/imagenet512/val/n02099849/ILSVRC2012_val_00023943.JPEG file=example_1767_rank_31803_n02099849_ILSVRC2012_val_00023943.JPEG_steps.csv
2025-09-23 12:14:31,045 - INFO - Skipping already processed example (step log exists): rank=31804 path=/home/projects/bagon/shared/imagenet512/val/n02101388/ILSVRC2012_val_00011777.JPEG file=example_1768_rank_31804_n02101388_ILSVRC2012_val_00011777.JPEG_steps.csv
2025-09-23 12:14:31,047 - INFO - Skipping already processed example (step log exists): rank=31806 path=/home/projects/bagon/shared/imagenet512/val/n03920288/ILSVRC2012_val_00005792.JPEG file=example_1769_rank_31806_n03920288_ILSVRC2012_val_00005792.JPEG_steps.csv
2025-09-23 12:14:31,048 - INFO - Skipping already processed example (step log exists): rank=31807 path=/home/projects/bagon/shared/imagenet512/val/n02877765/ILSVRC2012_val_00028094.JPEG file=example_1770_rank_31807_n02877765_ILSVRC2012_val_00028094.JPEG_steps.csv
2025-09-23 12:14:31,049 - INFO - Skipping already processed example (step log exists): rank=31815 path=/home/projects/bagon/shared/imagenet512/val/n02130308/ILSVRC2012_val_00035388.JPEG file=example_1771_rank_31815_n02130308_ILSVRC2012_val_00035388.JPEG_steps.csv
2025-09-23 12:14:31,050 - INFO - Skipping already processed example (step log exists): rank=31817 path=/home/projects/bagon/shared/imagenet512/val/n03947888/ILSVRC2012_val_00036604.JPEG file=example_1772_rank_31817_n03947888_ILSVRC2012_val_00036604.JPEG_steps.csv
2025-09-23 12:14:31,051 - INFO - Skipping already processed example (step log exists): rank=31822 path=/home/projects/bagon/shared/imagenet512/val/n02105251/ILSVRC2012_val_00028633.JPEG file=example_1773_rank_31822_n02105251_ILSVRC2012_val_00028633.JPEG_steps.csv
2025-09-23 12:14:31,051 - INFO - Skipping already processed example (step log exists): rank=31829 path=/home/projects/bagon/shared/imagenet512/val/n02134418/ILSVRC2012_val_00034637.JPEG file=example_1774_rank_31829_n02134418_ILSVRC2012_val_00034637.JPEG_steps.csv
2025-09-23 12:14:31,052 - INFO - Skipping already processed example (step log exists): rank=31831 path=/home/projects/bagon/shared/imagenet512/val/n03042490/ILSVRC2012_val_00010674.JPEG file=example_1775_rank_31831_n03042490_ILSVRC2012_val_00010674.JPEG_steps.csv
2025-09-23 12:14:31,053 - INFO - Skipping already processed example (step log exists): rank=31838 path=/home/projects/bagon/shared/imagenet512/val/n02444819/ILSVRC2012_val_00007115.JPEG file=example_1776_rank_31838_n02444819_ILSVRC2012_val_00007115.JPEG_steps.csv
2025-09-23 12:14:31,054 - INFO - Skipping already processed example (step log exists): rank=31839 path=/home/projects/bagon/shared/imagenet512/val/n02823428/ILSVRC2012_val_00011437.JPEG file=example_1777_rank_31839_n02823428_ILSVRC2012_val_00011437.JPEG_steps.csv
2025-09-23 12:14:31,054 - INFO - Skipping already processed example (step log exists): rank=31841 path=/home/projects/bagon/shared/imagenet512/val/n01843383/ILSVRC2012_val_00019884.JPEG file=example_1778_rank_31841_n01843383_ILSVRC2012_val_00019884.JPEG_steps.csv
2025-09-23 12:14:31,055 - INFO - Skipping already processed example (step log exists): rank=31842 path=/home/projects/bagon/shared/imagenet512/val/n02259212/ILSVRC2012_val_00044153.JPEG file=example_1779_rank_31842_n02259212_ILSVRC2012_val_00044153.JPEG_steps.csv
2025-09-23 12:14:31,056 - INFO - Skipping already processed example (step log exists): rank=31843 path=/home/projects/bagon/shared/imagenet512/val/n03884397/ILSVRC2012_val_00041007.JPEG file=example_1780_rank_31843_n03884397_ILSVRC2012_val_00041007.JPEG_steps.csv
2025-09-23 12:14:31,057 - INFO - Skipping already processed example (step log exists): rank=31845 path=/home/projects/bagon/shared/imagenet512/val/n02058221/ILSVRC2012_val_00000207.JPEG file=example_1781_rank_31845_n02058221_ILSVRC2012_val_00000207.JPEG_steps.csv
2025-09-23 12:14:31,057 - INFO - Skipping already processed example (step log exists): rank=31846 path=/home/projects/bagon/shared/imagenet512/val/n13052670/ILSVRC2012_val_00040793.JPEG file=example_1782_rank_31846_n13052670_ILSVRC2012_val_00040793.JPEG_steps.csv
2025-09-23 12:14:31,058 - INFO - Skipping already processed example (step log exists): rank=31847 path=/home/projects/bagon/shared/imagenet512/val/n03000684/ILSVRC2012_val_00023477.JPEG file=example_1783_rank_31847_n03000684_ILSVRC2012_val_00023477.JPEG_steps.csv
2025-09-23 12:14:31,059 - INFO - Skipping already processed example (step log exists): rank=31848 path=/home/projects/bagon/shared/imagenet512/val/n02843684/ILSVRC2012_val_00000514.JPEG file=example_1784_rank_31848_n02843684_ILSVRC2012_val_00000514.JPEG_steps.csv
2025-09-23 12:14:31,060 - INFO - Skipping already processed example (step log exists): rank=31849 path=/home/projects/bagon/shared/imagenet512/val/n02747177/ILSVRC2012_val_00021981.JPEG file=example_1785_rank_31849_n02747177_ILSVRC2012_val_00021981.JPEG_steps.csv
2025-09-23 12:14:31,061 - INFO - Skipping already processed example (step log exists): rank=31852 path=/home/projects/bagon/shared/imagenet512/val/n07768694/ILSVRC2012_val_00041470.JPEG file=example_1786_rank_31852_n07768694_ILSVRC2012_val_00041470.JPEG_steps.csv
2025-09-23 12:14:31,062 - INFO - Skipping already processed example (step log exists): rank=31853 path=/home/projects/bagon/shared/imagenet512/val/n03450230/ILSVRC2012_val_00008551.JPEG file=example_1787_rank_31853_n03450230_ILSVRC2012_val_00008551.JPEG_steps.csv
2025-09-23 12:14:31,062 - INFO - Skipping already processed example (step log exists): rank=31854 path=/home/projects/bagon/shared/imagenet512/val/n09472597/ILSVRC2012_val_00016868.JPEG file=example_1788_rank_31854_n09472597_ILSVRC2012_val_00016868.JPEG_steps.csv
2025-09-23 12:14:31,063 - INFO - Skipping already processed example (step log exists): rank=31855 path=/home/projects/bagon/shared/imagenet512/val/n03255030/ILSVRC2012_val_00032911.JPEG file=example_1789_rank_31855_n03255030_ILSVRC2012_val_00032911.JPEG_steps.csv
2025-09-23 12:14:31,064 - INFO - Skipping already processed example (step log exists): rank=31856 path=/home/projects/bagon/shared/imagenet512/val/n02111277/ILSVRC2012_val_00047062.JPEG file=example_1790_rank_31856_n02111277_ILSVRC2012_val_00047062.JPEG_steps.csv
2025-09-23 12:14:31,065 - INFO - Skipping already processed example (step log exists): rank=31858 path=/home/projects/bagon/shared/imagenet512/val/n04398044/ILSVRC2012_val_00030441.JPEG file=example_1791_rank_31858_n04398044_ILSVRC2012_val_00030441.JPEG_steps.csv
2025-09-23 12:14:31,066 - INFO - Skipping already processed example (step log exists): rank=31859 path=/home/projects/bagon/shared/imagenet512/val/n01531178/ILSVRC2012_val_00031086.JPEG file=example_1792_rank_31859_n01531178_ILSVRC2012_val_00031086.JPEG_steps.csv
2025-09-23 12:14:31,066 - INFO - Skipping already processed example (step log exists): rank=31860 path=/home/projects/bagon/shared/imagenet512/val/n02977058/ILSVRC2012_val_00029340.JPEG file=example_1793_rank_31860_n02977058_ILSVRC2012_val_00029340.JPEG_steps.csv
2025-09-23 12:14:31,067 - INFO - Skipping already processed example (step log exists): rank=31862 path=/home/projects/bagon/shared/imagenet512/val/n02504458/ILSVRC2012_val_00021807.JPEG file=example_1794_rank_31862_n02504458_ILSVRC2012_val_00021807.JPEG_steps.csv
2025-09-23 12:14:31,068 - INFO - Skipping already processed example (step log exists): rank=31868 path=/home/projects/bagon/shared/imagenet512/val/n03404251/ILSVRC2012_val_00033667.JPEG file=example_1795_rank_31868_n03404251_ILSVRC2012_val_00033667.JPEG_steps.csv
2025-09-23 12:14:31,068 - INFO - Skipping already processed example (step log exists): rank=31870 path=/home/projects/bagon/shared/imagenet512/val/n02106550/ILSVRC2012_val_00034429.JPEG file=example_1796_rank_31870_n02106550_ILSVRC2012_val_00034429.JPEG_steps.csv
2025-09-23 12:14:31,069 - INFO - Skipping already processed example (step log exists): rank=31873 path=/home/projects/bagon/shared/imagenet512/val/n02978881/ILSVRC2012_val_00038135.JPEG file=example_1797_rank_31873_n02978881_ILSVRC2012_val_00038135.JPEG_steps.csv
2025-09-23 12:14:31,070 - INFO - Skipping already processed example (step log exists): rank=31875 path=/home/projects/bagon/shared/imagenet512/val/n03384352/ILSVRC2012_val_00036025.JPEG file=example_1798_rank_31875_n03384352_ILSVRC2012_val_00036025.JPEG_steps.csv
2025-09-23 12:14:31,071 - INFO - Skipping already processed example (step log exists): rank=31876 path=/home/projects/bagon/shared/imagenet512/val/n04049303/ILSVRC2012_val_00019907.JPEG file=example_1799_rank_31876_n04049303_ILSVRC2012_val_00019907.JPEG_steps.csv
2025-09-23 12:14:31,072 - INFO - Skipping already processed example (step log exists): rank=31877 path=/home/projects/bagon/shared/imagenet512/val/n04579145/ILSVRC2012_val_00047046.JPEG file=example_1800_rank_31877_n04579145_ILSVRC2012_val_00047046.JPEG_steps.csv
2025-09-23 12:14:31,073 - INFO - Skipping already processed example (step log exists): rank=31883 path=/home/projects/bagon/shared/imagenet512/val/n02099849/ILSVRC2012_val_00017377.JPEG file=example_1801_rank_31883_n02099849_ILSVRC2012_val_00017377.JPEG_steps.csv
2025-09-23 12:14:31,073 - INFO - Skipping already processed example (step log exists): rank=31887 path=/home/projects/bagon/shared/imagenet512/val/n03792782/ILSVRC2012_val_00005303.JPEG file=example_1802_rank_31887_n03792782_ILSVRC2012_val_00005303.JPEG_steps.csv
2025-09-23 12:14:31,074 - INFO - Skipping already processed example (step log exists): rank=31896 path=/home/projects/bagon/shared/imagenet512/val/n04325704/ILSVRC2012_val_00039815.JPEG file=example_1803_rank_31896_n04325704_ILSVRC2012_val_00039815.JPEG_steps.csv
2025-09-23 12:14:31,075 - INFO - Skipping already processed example (step log exists): rank=31899 path=/home/projects/bagon/shared/imagenet512/val/n04447861/ILSVRC2012_val_00026111.JPEG file=example_1804_rank_31899_n04447861_ILSVRC2012_val_00026111.JPEG_steps.csv
2025-09-23 12:14:31,076 - INFO - Skipping already processed example (step log exists): rank=31900 path=/home/projects/bagon/shared/imagenet512/val/n02797295/ILSVRC2012_val_00017834.JPEG file=example_1805_rank_31900_n02797295_ILSVRC2012_val_00017834.JPEG_steps.csv
2025-09-23 12:14:31,077 - INFO - Skipping already processed example (step log exists): rank=31901 path=/home/projects/bagon/shared/imagenet512/val/n03384352/ILSVRC2012_val_00009120.JPEG file=example_1806_rank_31901_n03384352_ILSVRC2012_val_00009120.JPEG_steps.csv
2025-09-23 12:14:31,078 - INFO - Skipping already processed example (step log exists): rank=31902 path=/home/projects/bagon/shared/imagenet512/val/n15075141/ILSVRC2012_val_00029967.JPEG file=example_1807_rank_31902_n15075141_ILSVRC2012_val_00029967.JPEG_steps.csv
2025-09-23 12:14:31,079 - INFO - Skipping already processed example (step log exists): rank=31903 path=/home/projects/bagon/shared/imagenet512/val/n02951585/ILSVRC2012_val_00036184.JPEG file=example_1808_rank_31903_n02951585_ILSVRC2012_val_00036184.JPEG_steps.csv
2025-09-23 12:14:31,080 - INFO - Skipping already processed example (step log exists): rank=31904 path=/home/projects/bagon/shared/imagenet512/val/n04447861/ILSVRC2012_val_00028452.JPEG file=example_1809_rank_31904_n04447861_ILSVRC2012_val_00028452.JPEG_steps.csv
2025-09-23 12:14:31,081 - INFO - Skipping already processed example (step log exists): rank=31905 path=/home/projects/bagon/shared/imagenet512/val/n02226429/ILSVRC2012_val_00006915.JPEG file=example_1810_rank_31905_n02226429_ILSVRC2012_val_00006915.JPEG_steps.csv
2025-09-23 12:14:31,081 - INFO - Skipping already processed example (step log exists): rank=31908 path=/home/projects/bagon/shared/imagenet512/val/n03476991/ILSVRC2012_val_00017903.JPEG file=example_1811_rank_31908_n03476991_ILSVRC2012_val_00017903.JPEG_steps.csv
2025-09-23 12:14:31,082 - INFO - Skipping already processed example (step log exists): rank=31910 path=/home/projects/bagon/shared/imagenet512/val/n01983481/ILSVRC2012_val_00026193.JPEG file=example_1812_rank_31910_n01983481_ILSVRC2012_val_00026193.JPEG_steps.csv
2025-09-23 12:14:31,082 - INFO - Skipping already processed example (step log exists): rank=31911 path=/home/projects/bagon/shared/imagenet512/val/n15075141/ILSVRC2012_val_00027432.JPEG file=example_1813_rank_31911_n15075141_ILSVRC2012_val_00027432.JPEG_steps.csv
2025-09-23 12:14:31,084 - INFO - Skipping already processed example (step log exists): rank=31912 path=/home/projects/bagon/shared/imagenet512/val/n04557648/ILSVRC2012_val_00017570.JPEG file=example_1814_rank_31912_n04557648_ILSVRC2012_val_00017570.JPEG_steps.csv
2025-09-23 12:14:31,084 - INFO - Skipping already processed example (step log exists): rank=31915 path=/home/projects/bagon/shared/imagenet512/val/n03877472/ILSVRC2012_val_00010822.JPEG file=example_1815_rank_31915_n03877472_ILSVRC2012_val_00010822.JPEG_steps.csv
2025-09-23 12:14:31,085 - INFO - Skipping already processed example (step log exists): rank=31916 path=/home/projects/bagon/shared/imagenet512/val/n07614500/ILSVRC2012_val_00009969.JPEG file=example_1816_rank_31916_n07614500_ILSVRC2012_val_00009969.JPEG_steps.csv
2025-09-23 12:14:31,086 - INFO - Skipping already processed example (step log exists): rank=31918 path=/home/projects/bagon/shared/imagenet512/val/n02105855/ILSVRC2012_val_00044406.JPEG file=example_1817_rank_31918_n02105855_ILSVRC2012_val_00044406.JPEG_steps.csv
2025-09-23 12:14:31,087 - INFO - Skipping already processed example (step log exists): rank=31919 path=/home/projects/bagon/shared/imagenet512/val/n04254680/ILSVRC2012_val_00036164.JPEG file=example_1818_rank_31919_n04254680_ILSVRC2012_val_00036164.JPEG_steps.csv
2025-09-23 12:14:31,088 - INFO - Skipping already processed example (step log exists): rank=31922 path=/home/projects/bagon/shared/imagenet512/val/n07720875/ILSVRC2012_val_00027571.JPEG file=example_1819_rank_31922_n07720875_ILSVRC2012_val_00027571.JPEG_steps.csv
2025-09-23 12:14:31,089 - INFO - Skipping already processed example (step log exists): rank=31923 path=/home/projects/bagon/shared/imagenet512/val/n02777292/ILSVRC2012_val_00030267.JPEG file=example_1820_rank_31923_n02777292_ILSVRC2012_val_00030267.JPEG_steps.csv
2025-09-23 12:14:31,089 - INFO - Skipping already processed example (step log exists): rank=31927 path=/home/projects/bagon/shared/imagenet512/val/n03485794/ILSVRC2012_val_00005801.JPEG file=example_1821_rank_31927_n03485794_ILSVRC2012_val_00005801.JPEG_steps.csv
2025-09-23 12:14:31,091 - INFO - Skipping already processed example (step log exists): rank=31931 path=/home/projects/bagon/shared/imagenet512/val/n03637318/ILSVRC2012_val_00017312.JPEG file=example_1822_rank_31931_n03637318_ILSVRC2012_val_00017312.JPEG_steps.csv
2025-09-23 12:14:31,091 - INFO - Skipping already processed example (step log exists): rank=31933 path=/home/projects/bagon/shared/imagenet512/val/n01484850/ILSVRC2012_val_00031466.JPEG file=example_1823_rank_31933_n01484850_ILSVRC2012_val_00031466.JPEG_steps.csv
2025-09-23 12:14:31,092 - INFO - Skipping already processed example (step log exists): rank=31936 path=/home/projects/bagon/shared/imagenet512/val/n03131574/ILSVRC2012_val_00004460.JPEG file=example_1824_rank_31936_n03131574_ILSVRC2012_val_00004460.JPEG_steps.csv
2025-09-23 12:14:31,093 - INFO - Skipping already processed example (step log exists): rank=31939 path=/home/projects/bagon/shared/imagenet512/val/n02823428/ILSVRC2012_val_00022396.JPEG file=example_1825_rank_31939_n02823428_ILSVRC2012_val_00022396.JPEG_steps.csv
2025-09-23 12:14:31,094 - INFO - Skipping already processed example (step log exists): rank=31955 path=/home/projects/bagon/shared/imagenet512/val/n03630383/ILSVRC2012_val_00002627.JPEG file=example_1826_rank_31955_n03630383_ILSVRC2012_val_00002627.JPEG_steps.csv
2025-09-23 12:14:31,094 - INFO - Skipping already processed example (step log exists): rank=31956 path=/home/projects/bagon/shared/imagenet512/val/n01986214/ILSVRC2012_val_00037144.JPEG file=example_1827_rank_31956_n01986214_ILSVRC2012_val_00037144.JPEG_steps.csv
2025-09-23 12:14:31,095 - INFO - Skipping already processed example (step log exists): rank=31957 path=/home/projects/bagon/shared/imagenet512/val/n03759954/ILSVRC2012_val_00049128.JPEG file=example_1828_rank_31957_n03759954_ILSVRC2012_val_00049128.JPEG_steps.csv
2025-09-23 12:14:31,096 - INFO - Skipping already processed example (step log exists): rank=31958 path=/home/projects/bagon/shared/imagenet512/val/n01698640/ILSVRC2012_val_00006151.JPEG file=example_1829_rank_31958_n01698640_ILSVRC2012_val_00006151.JPEG_steps.csv
2025-09-23 12:14:31,097 - INFO - Skipping already processed example (step log exists): rank=31960 path=/home/projects/bagon/shared/imagenet512/val/n02281406/ILSVRC2012_val_00049742.JPEG file=example_1830_rank_31960_n02281406_ILSVRC2012_val_00049742.JPEG_steps.csv
2025-09-23 12:14:31,097 - INFO - Skipping already processed example (step log exists): rank=31963 path=/home/projects/bagon/shared/imagenet512/val/n03891332/ILSVRC2012_val_00017999.JPEG file=example_1831_rank_31963_n03891332_ILSVRC2012_val_00017999.JPEG_steps.csv
2025-09-23 12:14:31,098 - INFO - Skipping already processed example (step log exists): rank=31965 path=/home/projects/bagon/shared/imagenet512/val/n04041544/ILSVRC2012_val_00024841.JPEG file=example_1832_rank_31965_n04041544_ILSVRC2012_val_00024841.JPEG_steps.csv
2025-09-23 12:14:31,099 - INFO - Skipping already processed example (step log exists): rank=31966 path=/home/projects/bagon/shared/imagenet512/val/n01664065/ILSVRC2012_val_00036202.JPEG file=example_1833_rank_31966_n01664065_ILSVRC2012_val_00036202.JPEG_steps.csv
2025-09-23 12:14:31,100 - INFO - Skipping already processed example (step log exists): rank=31971 path=/home/projects/bagon/shared/imagenet512/val/n02777292/ILSVRC2012_val_00003803.JPEG file=example_1834_rank_31971_n02777292_ILSVRC2012_val_00003803.JPEG_steps.csv
2025-09-23 12:14:31,101 - INFO - Skipping already processed example (step log exists): rank=31978 path=/home/projects/bagon/shared/imagenet512/val/n04265275/ILSVRC2012_val_00049659.JPEG file=example_1835_rank_31978_n04265275_ILSVRC2012_val_00049659.JPEG_steps.csv
2025-09-23 12:14:31,102 - INFO - Skipping already processed example (step log exists): rank=31979 path=/home/projects/bagon/shared/imagenet512/val/n03995372/ILSVRC2012_val_00045162.JPEG file=example_1836_rank_31979_n03995372_ILSVRC2012_val_00045162.JPEG_steps.csv
2025-09-23 12:14:31,103 - INFO - Skipping already processed example (step log exists): rank=31984 path=/home/projects/bagon/shared/imagenet512/val/n02966687/ILSVRC2012_val_00034947.JPEG file=example_1837_rank_31984_n02966687_ILSVRC2012_val_00034947.JPEG_steps.csv
2025-09-23 12:14:31,103 - INFO - Skipping already processed example (step log exists): rank=31985 path=/home/projects/bagon/shared/imagenet512/val/n03804744/ILSVRC2012_val_00037696.JPEG file=example_1838_rank_31985_n03804744_ILSVRC2012_val_00037696.JPEG_steps.csv
2025-09-23 12:14:31,104 - INFO - Skipping already processed example (step log exists): rank=32003 path=/home/projects/bagon/shared/imagenet512/val/n03018349/ILSVRC2012_val_00000346.JPEG file=example_1839_rank_32003_n03018349_ILSVRC2012_val_00000346.JPEG_steps.csv
2025-09-23 12:14:31,105 - INFO - Skipping already processed example (step log exists): rank=32004 path=/home/projects/bagon/shared/imagenet512/val/n04536866/ILSVRC2012_val_00039680.JPEG file=example_1840_rank_32004_n04536866_ILSVRC2012_val_00039680.JPEG_steps.csv
2025-09-23 12:14:31,106 - INFO - Skipping already processed example (step log exists): rank=32006 path=/home/projects/bagon/shared/imagenet512/val/n03417042/ILSVRC2012_val_00042487.JPEG file=example_1841_rank_32006_n03417042_ILSVRC2012_val_00042487.JPEG_steps.csv
2025-09-23 12:14:31,107 - INFO - Skipping already processed example (step log exists): rank=32007 path=/home/projects/bagon/shared/imagenet512/val/n03843555/ILSVRC2012_val_00010931.JPEG file=example_1842_rank_32007_n03843555_ILSVRC2012_val_00010931.JPEG_steps.csv
2025-09-23 12:14:31,107 - INFO - Skipping already processed example (step log exists): rank=32008 path=/home/projects/bagon/shared/imagenet512/val/n04023962/ILSVRC2012_val_00007919.JPEG file=example_1843_rank_32008_n04023962_ILSVRC2012_val_00007919.JPEG_steps.csv
2025-09-23 12:14:31,108 - INFO - Skipping already processed example (step log exists): rank=32010 path=/home/projects/bagon/shared/imagenet512/val/n03485407/ILSVRC2012_val_00022547.JPEG file=example_1844_rank_32010_n03485407_ILSVRC2012_val_00022547.JPEG_steps.csv
2025-09-23 12:14:31,109 - INFO - Skipping already processed example (step log exists): rank=32011 path=/home/projects/bagon/shared/imagenet512/val/n01698640/ILSVRC2012_val_00010395.JPEG file=example_1845_rank_32011_n01698640_ILSVRC2012_val_00010395.JPEG_steps.csv
2025-09-23 12:14:31,110 - INFO - Skipping already processed example (step log exists): rank=32014 path=/home/projects/bagon/shared/imagenet512/val/n03376595/ILSVRC2012_val_00001855.JPEG file=example_1846_rank_32014_n03376595_ILSVRC2012_val_00001855.JPEG_steps.csv
2025-09-23 12:14:31,110 - INFO - Skipping already processed example (step log exists): rank=32015 path=/home/projects/bagon/shared/imagenet512/val/n03825788/ILSVRC2012_val_00023059.JPEG file=example_1847_rank_32015_n03825788_ILSVRC2012_val_00023059.JPEG_steps.csv
2025-09-23 12:14:31,111 - INFO - Skipping already processed example (step log exists): rank=32016 path=/home/projects/bagon/shared/imagenet512/val/n02869837/ILSVRC2012_val_00038967.JPEG file=example_1848_rank_32016_n02869837_ILSVRC2012_val_00038967.JPEG_steps.csv
2025-09-23 12:14:31,112 - INFO - Skipping already processed example (step log exists): rank=32018 path=/home/projects/bagon/shared/imagenet512/val/n01694178/ILSVRC2012_val_00017490.JPEG file=example_1849_rank_32018_n01694178_ILSVRC2012_val_00017490.JPEG_steps.csv
2025-09-23 12:14:31,113 - INFO - Skipping already processed example (step log exists): rank=32019 path=/home/projects/bagon/shared/imagenet512/val/n04447861/ILSVRC2012_val_00035684.JPEG file=example_1850_rank_32019_n04447861_ILSVRC2012_val_00035684.JPEG_steps.csv
2025-09-23 12:14:31,114 - INFO - Skipping already processed example (step log exists): rank=32020 path=/home/projects/bagon/shared/imagenet512/val/n01632777/ILSVRC2012_val_00041298.JPEG file=example_1851_rank_32020_n01632777_ILSVRC2012_val_00041298.JPEG_steps.csv
2025-09-23 12:14:31,114 - INFO - Skipping already processed example (step log exists): rank=32021 path=/home/projects/bagon/shared/imagenet512/val/n02843684/ILSVRC2012_val_00004330.JPEG file=example_1852_rank_32021_n02843684_ILSVRC2012_val_00004330.JPEG_steps.csv
2025-09-23 12:14:31,115 - INFO - Skipping already processed example (step log exists): rank=32026 path=/home/projects/bagon/shared/imagenet512/val/n03325584/ILSVRC2012_val_00029330.JPEG file=example_1853_rank_32026_n03325584_ILSVRC2012_val_00029330.JPEG_steps.csv
2025-09-23 12:14:31,116 - INFO - Skipping already processed example (step log exists): rank=32028 path=/home/projects/bagon/shared/imagenet512/val/n04591713/ILSVRC2012_val_00048539.JPEG file=example_1854_rank_32028_n04591713_ILSVRC2012_val_00048539.JPEG_steps.csv
2025-09-23 12:14:31,117 - INFO - Skipping already processed example (step log exists): rank=32030 path=/home/projects/bagon/shared/imagenet512/val/n02992211/ILSVRC2012_val_00039077.JPEG file=example_1855_rank_32030_n02992211_ILSVRC2012_val_00039077.JPEG_steps.csv
2025-09-23 12:14:31,117 - INFO - Skipping already processed example (step log exists): rank=32043 path=/home/projects/bagon/shared/imagenet512/val/n03950228/ILSVRC2012_val_00019039.JPEG file=example_1856_rank_32043_n03950228_ILSVRC2012_val_00019039.JPEG_steps.csv
2025-09-23 12:14:31,118 - INFO - Skipping already processed example (step log exists): rank=32047 path=/home/projects/bagon/shared/imagenet512/val/n04326547/ILSVRC2012_val_00011562.JPEG file=example_1857_rank_32047_n04326547_ILSVRC2012_val_00011562.JPEG_steps.csv
2025-09-23 12:14:31,119 - INFO - Skipping already processed example (step log exists): rank=32048 path=/home/projects/bagon/shared/imagenet512/val/n02138441/ILSVRC2012_val_00032737.JPEG file=example_1858_rank_32048_n02138441_ILSVRC2012_val_00032737.JPEG_steps.csv
2025-09-23 12:14:31,120 - INFO - Skipping already processed example (step log exists): rank=32050 path=/home/projects/bagon/shared/imagenet512/val/n03379051/ILSVRC2012_val_00047692.JPEG file=example_1859_rank_32050_n03379051_ILSVRC2012_val_00047692.JPEG_steps.csv
2025-09-23 12:14:31,121 - INFO - Skipping already processed example (step log exists): rank=32051 path=/home/projects/bagon/shared/imagenet512/val/n02787622/ILSVRC2012_val_00032950.JPEG file=example_1860_rank_32051_n02787622_ILSVRC2012_val_00032950.JPEG_steps.csv
2025-09-23 12:14:31,122 - INFO - Skipping already processed example (step log exists): rank=32052 path=/home/projects/bagon/shared/imagenet512/val/n02096177/ILSVRC2012_val_00016484.JPEG file=example_1861_rank_32052_n02096177_ILSVRC2012_val_00016484.JPEG_steps.csv
2025-09-23 12:14:31,123 - INFO - Skipping already processed example (step log exists): rank=32053 path=/home/projects/bagon/shared/imagenet512/val/n02672831/ILSVRC2012_val_00034486.JPEG file=example_1862_rank_32053_n02672831_ILSVRC2012_val_00034486.JPEG_steps.csv
2025-09-23 12:14:31,124 - INFO - Skipping already processed example (step log exists): rank=32056 path=/home/projects/bagon/shared/imagenet512/val/n04592741/ILSVRC2012_val_00022734.JPEG file=example_1863_rank_32056_n04592741_ILSVRC2012_val_00022734.JPEG_steps.csv
2025-09-23 12:14:31,124 - INFO - Skipping already processed example (step log exists): rank=32057 path=/home/projects/bagon/shared/imagenet512/val/n02841315/ILSVRC2012_val_00002158.JPEG file=example_1864_rank_32057_n02841315_ILSVRC2012_val_00002158.JPEG_steps.csv
2025-09-23 12:14:31,125 - INFO - Skipping already processed example (step log exists): rank=32059 path=/home/projects/bagon/shared/imagenet512/val/n03467068/ILSVRC2012_val_00043020.JPEG file=example_1865_rank_32059_n03467068_ILSVRC2012_val_00043020.JPEG_steps.csv
2025-09-23 12:14:31,126 - INFO - Skipping already processed example (step log exists): rank=32063 path=/home/projects/bagon/shared/imagenet512/val/n03929660/ILSVRC2012_val_00029852.JPEG file=example_1866_rank_32063_n03929660_ILSVRC2012_val_00029852.JPEG_steps.csv
2025-09-23 12:14:31,127 - INFO - Skipping already processed example (step log exists): rank=32065 path=/home/projects/bagon/shared/imagenet512/val/n04005630/ILSVRC2012_val_00040082.JPEG file=example_1867_rank_32065_n04005630_ILSVRC2012_val_00040082.JPEG_steps.csv
2025-09-23 12:14:31,127 - INFO - Skipping already processed example (step log exists): rank=32067 path=/home/projects/bagon/shared/imagenet512/val/n03131574/ILSVRC2012_val_00009699.JPEG file=example_1868_rank_32067_n03131574_ILSVRC2012_val_00009699.JPEG_steps.csv
2025-09-23 12:14:31,128 - INFO - Skipping already processed example (step log exists): rank=32068 path=/home/projects/bagon/shared/imagenet512/val/n02655020/ILSVRC2012_val_00010683.JPEG file=example_1869_rank_32068_n02655020_ILSVRC2012_val_00010683.JPEG_steps.csv
2025-09-23 12:14:31,128 - INFO - Skipping already processed example (step log exists): rank=32070 path=/home/projects/bagon/shared/imagenet512/val/n03347037/ILSVRC2012_val_00011810.JPEG file=example_1870_rank_32070_n03347037_ILSVRC2012_val_00011810.JPEG_steps.csv
2025-09-23 12:14:31,129 - INFO - Skipping already processed example (step log exists): rank=32072 path=/home/projects/bagon/shared/imagenet512/val/n01582220/ILSVRC2012_val_00000476.JPEG file=example_1871_rank_32072_n01582220_ILSVRC2012_val_00000476.JPEG_steps.csv
2025-09-23 12:14:31,130 - INFO - Skipping already processed example (step log exists): rank=32074 path=/home/projects/bagon/shared/imagenet512/val/n02094258/ILSVRC2012_val_00016976.JPEG file=example_1872_rank_32074_n02094258_ILSVRC2012_val_00016976.JPEG_steps.csv
2025-09-23 12:14:31,130 - INFO - Skipping already processed example (step log exists): rank=32078 path=/home/projects/bagon/shared/imagenet512/val/n01742172/ILSVRC2012_val_00029088.JPEG file=example_1873_rank_32078_n01742172_ILSVRC2012_val_00029088.JPEG_steps.csv
2025-09-23 12:14:31,131 - INFO - Skipping already processed example (step log exists): rank=32079 path=/home/projects/bagon/shared/imagenet512/val/n03372029/ILSVRC2012_val_00003736.JPEG file=example_1874_rank_32079_n03372029_ILSVRC2012_val_00003736.JPEG_steps.csv
2025-09-23 12:14:31,132 - INFO - Skipping already processed example (step log exists): rank=32081 path=/home/projects/bagon/shared/imagenet512/val/n04200800/ILSVRC2012_val_00036014.JPEG file=example_1875_rank_32081_n04200800_ILSVRC2012_val_00036014.JPEG_steps.csv
2025-09-23 12:14:31,133 - INFO - Skipping already processed example (step log exists): rank=32082 path=/home/projects/bagon/shared/imagenet512/val/n01924916/ILSVRC2012_val_00047016.JPEG file=example_1876_rank_32082_n01924916_ILSVRC2012_val_00047016.JPEG_steps.csv
2025-09-23 12:14:31,134 - INFO - Skipping already processed example (step log exists): rank=32083 path=/home/projects/bagon/shared/imagenet512/val/n01749939/ILSVRC2012_val_00008810.JPEG file=example_1877_rank_32083_n01749939_ILSVRC2012_val_00008810.JPEG_steps.csv
2025-09-23 12:14:31,135 - INFO - Skipping already processed example (step log exists): rank=32084 path=/home/projects/bagon/shared/imagenet512/val/n03095699/ILSVRC2012_val_00010195.JPEG file=example_1878_rank_32084_n03095699_ILSVRC2012_val_00010195.JPEG_steps.csv
2025-09-23 12:14:31,135 - INFO - Skipping already processed example (step log exists): rank=32087 path=/home/projects/bagon/shared/imagenet512/val/n04428191/ILSVRC2012_val_00008174.JPEG file=example_1879_rank_32087_n04428191_ILSVRC2012_val_00008174.JPEG_steps.csv
2025-09-23 12:14:31,136 - INFO - Skipping already processed example (step log exists): rank=32091 path=/home/projects/bagon/shared/imagenet512/val/n02085782/ILSVRC2012_val_00015670.JPEG file=example_1880_rank_32091_n02085782_ILSVRC2012_val_00015670.JPEG_steps.csv
2025-09-23 12:14:31,137 - INFO - Skipping already processed example (step log exists): rank=32098 path=/home/projects/bagon/shared/imagenet512/val/n02268853/ILSVRC2012_val_00049961.JPEG file=example_1881_rank_32098_n02268853_ILSVRC2012_val_00049961.JPEG_steps.csv
2025-09-23 12:14:31,138 - INFO - Skipping already processed example (step log exists): rank=32115 path=/home/projects/bagon/shared/imagenet512/val/n02233338/ILSVRC2012_val_00036880.JPEG file=example_1882_rank_32115_n02233338_ILSVRC2012_val_00036880.JPEG_steps.csv
2025-09-23 12:14:31,141 - INFO - Skipping already processed example (step log exists): rank=32116 path=/home/projects/bagon/shared/imagenet512/val/n01692333/ILSVRC2012_val_00014312.JPEG file=example_1883_rank_32116_n01692333_ILSVRC2012_val_00014312.JPEG_steps.csv
2025-09-23 12:14:31,142 - INFO - Skipping already processed example (step log exists): rank=32117 path=/home/projects/bagon/shared/imagenet512/val/n01774384/ILSVRC2012_val_00047122.JPEG file=example_1884_rank_32117_n01774384_ILSVRC2012_val_00047122.JPEG_steps.csv
2025-09-23 12:14:31,142 - INFO - Skipping already processed example (step log exists): rank=32118 path=/home/projects/bagon/shared/imagenet512/val/n03134739/ILSVRC2012_val_00023149.JPEG file=example_1885_rank_32118_n03134739_ILSVRC2012_val_00023149.JPEG_steps.csv
2025-09-23 12:14:31,143 - INFO - Skipping already processed example (step log exists): rank=32120 path=/home/projects/bagon/shared/imagenet512/val/n03017168/ILSVRC2012_val_00036909.JPEG file=example_1886_rank_32120_n03017168_ILSVRC2012_val_00036909.JPEG_steps.csv
2025-09-23 12:14:31,144 - INFO - Skipping already processed example (step log exists): rank=32121 path=/home/projects/bagon/shared/imagenet512/val/n03240683/ILSVRC2012_val_00008795.JPEG file=example_1887_rank_32121_n03240683_ILSVRC2012_val_00008795.JPEG_steps.csv
2025-09-23 12:14:31,144 - INFO - Skipping already processed example (step log exists): rank=32122 path=/home/projects/bagon/shared/imagenet512/val/n03530642/ILSVRC2012_val_00038525.JPEG file=example_1888_rank_32122_n03530642_ILSVRC2012_val_00038525.JPEG_steps.csv
2025-09-23 12:14:31,145 - INFO - Skipping already processed example (step log exists): rank=32124 path=/home/projects/bagon/shared/imagenet512/val/n02114548/ILSVRC2012_val_00015446.JPEG file=example_1889_rank_32124_n02114548_ILSVRC2012_val_00015446.JPEG_steps.csv
2025-09-23 12:14:31,146 - INFO - Skipping already processed example (step log exists): rank=32125 path=/home/projects/bagon/shared/imagenet512/val/n01582220/ILSVRC2012_val_00039004.JPEG file=example_1890_rank_32125_n01582220_ILSVRC2012_val_00039004.JPEG_steps.csv
2025-09-23 12:14:31,147 - INFO - Skipping already processed example (step log exists): rank=32127 path=/home/projects/bagon/shared/imagenet512/val/n04371774/ILSVRC2012_val_00015554.JPEG file=example_1891_rank_32127_n04371774_ILSVRC2012_val_00015554.JPEG_steps.csv
2025-09-23 12:14:31,147 - INFO - Skipping already processed example (step log exists): rank=32128 path=/home/projects/bagon/shared/imagenet512/val/n01530575/ILSVRC2012_val_00035540.JPEG file=example_1892_rank_32128_n01530575_ILSVRC2012_val_00035540.JPEG_steps.csv
2025-09-23 12:14:31,147 - INFO - Skipping already processed example (step log exists): rank=32129 path=/home/projects/bagon/shared/imagenet512/val/n04517823/ILSVRC2012_val_00048458.JPEG file=example_1893_rank_32129_n04517823_ILSVRC2012_val_00048458.JPEG_steps.csv
2025-09-23 12:14:31,148 - INFO - Skipping already processed example (step log exists): rank=32131 path=/home/projects/bagon/shared/imagenet512/val/n03623198/ILSVRC2012_val_00041207.JPEG file=example_1894_rank_32131_n03623198_ILSVRC2012_val_00041207.JPEG_steps.csv
2025-09-23 12:14:31,149 - INFO - Skipping already processed example (step log exists): rank=32135 path=/home/projects/bagon/shared/imagenet512/val/n04004767/ILSVRC2012_val_00020731.JPEG file=example_1895_rank_32135_n04004767_ILSVRC2012_val_00020731.JPEG_steps.csv
2025-09-23 12:14:31,150 - INFO - Skipping already processed example (step log exists): rank=32137 path=/home/projects/bagon/shared/imagenet512/val/n07590611/ILSVRC2012_val_00038847.JPEG file=example_1896_rank_32137_n07590611_ILSVRC2012_val_00038847.JPEG_steps.csv
2025-09-23 12:14:31,151 - INFO - Skipping already processed example (step log exists): rank=32140 path=/home/projects/bagon/shared/imagenet512/val/n02033041/ILSVRC2012_val_00035972.JPEG file=example_1897_rank_32140_n02033041_ILSVRC2012_val_00035972.JPEG_steps.csv
2025-09-23 12:14:31,151 - INFO - Skipping already processed example (step log exists): rank=32146 path=/home/projects/bagon/shared/imagenet512/val/n04367480/ILSVRC2012_val_00025494.JPEG file=example_1898_rank_32146_n04367480_ILSVRC2012_val_00025494.JPEG_steps.csv
2025-09-23 12:14:31,152 - INFO - Skipping already processed example (step log exists): rank=32173 path=/home/projects/bagon/shared/imagenet512/val/n01688243/ILSVRC2012_val_00017015.JPEG file=example_1899_rank_32173_n01688243_ILSVRC2012_val_00017015.JPEG_steps.csv
2025-09-23 12:14:31,152 - INFO - Skipping already processed example (step log exists): rank=32174 path=/home/projects/bagon/shared/imagenet512/val/n03995372/ILSVRC2012_val_00021444.JPEG file=example_1900_rank_32174_n03995372_ILSVRC2012_val_00021444.JPEG_steps.csv
2025-09-23 12:14:31,153 - INFO - Skipping already processed example (step log exists): rank=32175 path=/home/projects/bagon/shared/imagenet512/val/n02190166/ILSVRC2012_val_00040278.JPEG file=example_1901_rank_32175_n02190166_ILSVRC2012_val_00040278.JPEG_steps.csv
2025-09-23 12:14:31,153 - INFO - Skipping already processed example (step log exists): rank=32177 path=/home/projects/bagon/shared/imagenet512/val/n01944390/ILSVRC2012_val_00047412.JPEG file=example_1902_rank_32177_n01944390_ILSVRC2012_val_00047412.JPEG_steps.csv
2025-09-23 12:14:31,154 - INFO - Skipping already processed example (step log exists): rank=32179 path=/home/projects/bagon/shared/imagenet512/val/n03355925/ILSVRC2012_val_00020208.JPEG file=example_1903_rank_32179_n03355925_ILSVRC2012_val_00020208.JPEG_steps.csv
2025-09-23 12:14:31,154 - INFO - Skipping already processed example (step log exists): rank=32180 path=/home/projects/bagon/shared/imagenet512/val/n04266014/ILSVRC2012_val_00005787.JPEG file=example_1904_rank_32180_n04266014_ILSVRC2012_val_00005787.JPEG_steps.csv
2025-09-23 12:14:31,155 - INFO - Skipping already processed example (step log exists): rank=32181 path=/home/projects/bagon/shared/imagenet512/val/n04347754/ILSVRC2012_val_00030480.JPEG file=example_1905_rank_32181_n04347754_ILSVRC2012_val_00030480.JPEG_steps.csv
2025-09-23 12:14:31,156 - INFO - Skipping already processed example (step log exists): rank=32182 path=/home/projects/bagon/shared/imagenet512/val/n04366367/ILSVRC2012_val_00011834.JPEG file=example_1906_rank_32182_n04366367_ILSVRC2012_val_00011834.JPEG_steps.csv
2025-09-23 12:14:31,156 - INFO - Skipping already processed example (step log exists): rank=32183 path=/home/projects/bagon/shared/imagenet512/val/n03977966/ILSVRC2012_val_00046876.JPEG file=example_1907_rank_32183_n03977966_ILSVRC2012_val_00046876.JPEG_steps.csv
2025-09-23 12:14:31,157 - INFO - Skipping already processed example (step log exists): rank=32185 path=/home/projects/bagon/shared/imagenet512/val/n07718747/ILSVRC2012_val_00011521.JPEG file=example_1908_rank_32185_n07718747_ILSVRC2012_val_00011521.JPEG_steps.csv
2025-09-23 12:14:31,157 - INFO - Skipping already processed example (step log exists): rank=32188 path=/home/projects/bagon/shared/imagenet512/val/n04204238/ILSVRC2012_val_00009203.JPEG file=example_1909_rank_32188_n04204238_ILSVRC2012_val_00009203.JPEG_steps.csv
2025-09-23 12:14:31,158 - INFO - Skipping already processed example (step log exists): rank=32194 path=/home/projects/bagon/shared/imagenet512/val/n04090263/ILSVRC2012_val_00039316.JPEG file=example_1910_rank_32194_n04090263_ILSVRC2012_val_00039316.JPEG_steps.csv
2025-09-23 12:14:31,159 - INFO - Skipping already processed example (step log exists): rank=32196 path=/home/projects/bagon/shared/imagenet512/val/n02268853/ILSVRC2012_val_00043486.JPEG file=example_1911_rank_32196_n02268853_ILSVRC2012_val_00043486.JPEG_steps.csv
2025-09-23 12:14:31,160 - INFO - Skipping already processed example (step log exists): rank=32197 path=/home/projects/bagon/shared/imagenet512/val/n01855672/ILSVRC2012_val_00047108.JPEG file=example_1912_rank_32197_n01855672_ILSVRC2012_val_00047108.JPEG_steps.csv
2025-09-23 12:14:31,161 - INFO - Skipping already processed example (step log exists): rank=32198 path=/home/projects/bagon/shared/imagenet512/val/n04447861/ILSVRC2012_val_00040960.JPEG file=example_1913_rank_32198_n04447861_ILSVRC2012_val_00040960.JPEG_steps.csv
2025-09-23 12:14:31,162 - INFO - Skipping already processed example (step log exists): rank=32199 path=/home/projects/bagon/shared/imagenet512/val/n04286575/ILSVRC2012_val_00020426.JPEG file=example_1914_rank_32199_n04286575_ILSVRC2012_val_00020426.JPEG_steps.csv
2025-09-23 12:14:31,162 - INFO - Skipping already processed example (step log exists): rank=32202 path=/home/projects/bagon/shared/imagenet512/val/n03733281/ILSVRC2012_val_00032108.JPEG file=example_1915_rank_32202_n03733281_ILSVRC2012_val_00032108.JPEG_steps.csv
2025-09-23 12:14:31,163 - INFO - Skipping already processed example (step log exists): rank=32206 path=/home/projects/bagon/shared/imagenet512/val/n02786058/ILSVRC2012_val_00005610.JPEG file=example_1916_rank_32206_n02786058_ILSVRC2012_val_00005610.JPEG_steps.csv
2025-09-23 12:14:31,164 - INFO - Skipping already processed example (step log exists): rank=32221 path=/home/projects/bagon/shared/imagenet512/val/n02823750/ILSVRC2012_val_00014945.JPEG file=example_1917_rank_32221_n02823750_ILSVRC2012_val_00014945.JPEG_steps.csv
2025-09-23 12:14:31,165 - INFO - Skipping already processed example (step log exists): rank=32226 path=/home/projects/bagon/shared/imagenet512/val/n07693725/ILSVRC2012_val_00019949.JPEG file=example_1918_rank_32226_n07693725_ILSVRC2012_val_00019949.JPEG_steps.csv
2025-09-23 12:14:31,165 - INFO - Skipping already processed example (step log exists): rank=32231 path=/home/projects/bagon/shared/imagenet512/val/n01498041/ILSVRC2012_val_00042547.JPEG file=example_1919_rank_32231_n01498041_ILSVRC2012_val_00042547.JPEG_steps.csv
2025-09-23 12:14:31,166 - INFO - Skipping already processed example (step log exists): rank=32233 path=/home/projects/bagon/shared/imagenet512/val/n07614500/ILSVRC2012_val_00006914.JPEG file=example_1920_rank_32233_n07614500_ILSVRC2012_val_00006914.JPEG_steps.csv
2025-09-23 12:14:31,167 - INFO - Skipping already processed example (step log exists): rank=32235 path=/home/projects/bagon/shared/imagenet512/val/n03938244/ILSVRC2012_val_00023366.JPEG file=example_1921_rank_32235_n03938244_ILSVRC2012_val_00023366.JPEG_steps.csv
2025-09-23 12:14:31,168 - INFO - Skipping already processed example (step log exists): rank=32236 path=/home/projects/bagon/shared/imagenet512/val/n02493793/ILSVRC2012_val_00036994.JPEG file=example_1922_rank_32236_n02493793_ILSVRC2012_val_00036994.JPEG_steps.csv
2025-09-23 12:14:31,168 - INFO - Skipping already processed example (step log exists): rank=32239 path=/home/projects/bagon/shared/imagenet512/val/n02129604/ILSVRC2012_val_00049631.JPEG file=example_1923_rank_32239_n02129604_ILSVRC2012_val_00049631.JPEG_steps.csv
2025-09-23 12:14:31,169 - INFO - Skipping already processed example (step log exists): rank=32240 path=/home/projects/bagon/shared/imagenet512/val/n03476991/ILSVRC2012_val_00002442.JPEG file=example_1924_rank_32240_n03476991_ILSVRC2012_val_00002442.JPEG_steps.csv
2025-09-23 12:14:31,170 - INFO - Skipping already processed example (step log exists): rank=32243 path=/home/projects/bagon/shared/imagenet512/val/n04487394/ILSVRC2012_val_00037551.JPEG file=example_1925_rank_32243_n04487394_ILSVRC2012_val_00037551.JPEG_steps.csv
2025-09-23 12:14:31,171 - INFO - Skipping already processed example (step log exists): rank=32245 path=/home/projects/bagon/shared/imagenet512/val/n02971356/ILSVRC2012_val_00015884.JPEG file=example_1926_rank_32245_n02971356_ILSVRC2012_val_00015884.JPEG_steps.csv
2025-09-23 12:14:31,172 - INFO - Skipping already processed example (step log exists): rank=32246 path=/home/projects/bagon/shared/imagenet512/val/n02492035/ILSVRC2012_val_00041232.JPEG file=example_1927_rank_32246_n02492035_ILSVRC2012_val_00041232.JPEG_steps.csv
2025-09-23 12:14:31,174 - INFO - Skipping already processed example (step log exists): rank=32247 path=/home/projects/bagon/shared/imagenet512/val/n04482393/ILSVRC2012_val_00023808.JPEG file=example_1928_rank_32247_n04482393_ILSVRC2012_val_00023808.JPEG_steps.csv
2025-09-23 12:14:31,175 - INFO - Skipping already processed example (step log exists): rank=32248 path=/home/projects/bagon/shared/imagenet512/val/n03494278/ILSVRC2012_val_00002429.JPEG file=example_1929_rank_32248_n03494278_ILSVRC2012_val_00002429.JPEG_steps.csv
2025-09-23 12:14:31,176 - INFO - Skipping already processed example (step log exists): rank=32249 path=/home/projects/bagon/shared/imagenet512/val/n02939185/ILSVRC2012_val_00017286.JPEG file=example_1930_rank_32249_n02939185_ILSVRC2012_val_00017286.JPEG_steps.csv
2025-09-23 12:14:31,177 - INFO - Skipping already processed example (step log exists): rank=32250 path=/home/projects/bagon/shared/imagenet512/val/n03930313/ILSVRC2012_val_00004063.JPEG file=example_1931_rank_32250_n03930313_ILSVRC2012_val_00004063.JPEG_steps.csv
2025-09-23 12:14:31,178 - INFO - Skipping already processed example (step log exists): rank=32252 path=/home/projects/bagon/shared/imagenet512/val/n02397096/ILSVRC2012_val_00004394.JPEG file=example_1932_rank_32252_n02397096_ILSVRC2012_val_00004394.JPEG_steps.csv
2025-09-23 12:14:31,179 - INFO - Skipping already processed example (step log exists): rank=32253 path=/home/projects/bagon/shared/imagenet512/val/n03379051/ILSVRC2012_val_00035449.JPEG file=example_1933_rank_32253_n03379051_ILSVRC2012_val_00035449.JPEG_steps.csv
2025-09-23 12:14:31,179 - INFO - Skipping already processed example (step log exists): rank=32255 path=/home/projects/bagon/shared/imagenet512/val/n02607072/ILSVRC2012_val_00016825.JPEG file=example_1934_rank_32255_n02607072_ILSVRC2012_val_00016825.JPEG_steps.csv
2025-09-23 12:14:31,182 - INFO - Skipping already processed example (step log exists): rank=32257 path=/home/projects/bagon/shared/imagenet512/val/n04509417/ILSVRC2012_val_00019585.JPEG file=example_1935_rank_32257_n04509417_ILSVRC2012_val_00019585.JPEG_steps.csv
2025-09-23 12:14:31,182 - INFO - Skipping already processed example (step log exists): rank=32258 path=/home/projects/bagon/shared/imagenet512/val/n02091134/ILSVRC2012_val_00049778.JPEG file=example_1936_rank_32258_n02091134_ILSVRC2012_val_00049778.JPEG_steps.csv
2025-09-23 12:14:31,184 - INFO - Skipping already processed example (step log exists): rank=32260 path=/home/projects/bagon/shared/imagenet512/val/n07590611/ILSVRC2012_val_00037664.JPEG file=example_1937_rank_32260_n07590611_ILSVRC2012_val_00037664.JPEG_steps.csv
2025-09-23 12:14:31,185 - INFO - Skipping already processed example (step log exists): rank=32261 path=/home/projects/bagon/shared/imagenet512/val/n03868863/ILSVRC2012_val_00033211.JPEG file=example_1938_rank_32261_n03868863_ILSVRC2012_val_00033211.JPEG_steps.csv
2025-09-23 12:14:31,186 - INFO - Skipping already processed example (step log exists): rank=32269 path=/home/projects/bagon/shared/imagenet512/val/n02107908/ILSVRC2012_val_00045080.JPEG file=example_1939_rank_32269_n02107908_ILSVRC2012_val_00045080.JPEG_steps.csv
2025-09-23 12:14:31,186 - INFO - Skipping already processed example (step log exists): rank=32270 path=/home/projects/bagon/shared/imagenet512/val/n02093991/ILSVRC2012_val_00017905.JPEG file=example_1940_rank_32270_n02093991_ILSVRC2012_val_00017905.JPEG_steps.csv
2025-09-23 12:14:31,187 - INFO - Skipping already processed example (step log exists): rank=32272 path=/home/projects/bagon/shared/imagenet512/val/n04154565/ILSVRC2012_val_00009272.JPEG file=example_1941_rank_32272_n04154565_ILSVRC2012_val_00009272.JPEG_steps.csv
2025-09-23 12:14:31,188 - INFO - Skipping already processed example (step log exists): rank=32275 path=/home/projects/bagon/shared/imagenet512/val/n02708093/ILSVRC2012_val_00022719.JPEG file=example_1942_rank_32275_n02708093_ILSVRC2012_val_00022719.JPEG_steps.csv
2025-09-23 12:14:31,189 - INFO - Skipping already processed example (step log exists): rank=32276 path=/home/projects/bagon/shared/imagenet512/val/n01871265/ILSVRC2012_val_00015958.JPEG file=example_1943_rank_32276_n01871265_ILSVRC2012_val_00015958.JPEG_steps.csv
2025-09-23 12:14:31,189 - INFO - Skipping already processed example (step log exists): rank=32284 path=/home/projects/bagon/shared/imagenet512/val/n02105855/ILSVRC2012_val_00014923.JPEG file=example_1944_rank_32284_n02105855_ILSVRC2012_val_00014923.JPEG_steps.csv
2025-09-23 12:14:31,191 - INFO - Skipping already processed example (step log exists): rank=32289 path=/home/projects/bagon/shared/imagenet512/val/n02488291/ILSVRC2012_val_00024011.JPEG file=example_1945_rank_32289_n02488291_ILSVRC2012_val_00024011.JPEG_steps.csv
2025-09-23 12:14:31,191 - INFO - Skipping already processed example (step log exists): rank=32290 path=/home/projects/bagon/shared/imagenet512/val/n02097209/ILSVRC2012_val_00036919.JPEG file=example_1946_rank_32290_n02097209_ILSVRC2012_val_00036919.JPEG_steps.csv
2025-09-23 12:14:31,193 - INFO - Skipping already processed example (step log exists): rank=32296 path=/home/projects/bagon/shared/imagenet512/val/n04461696/ILSVRC2012_val_00048241.JPEG file=example_1947_rank_32296_n04461696_ILSVRC2012_val_00048241.JPEG_steps.csv
2025-09-23 12:14:31,193 - INFO - Skipping already processed example (step log exists): rank=32297 path=/home/projects/bagon/shared/imagenet512/val/n03854065/ILSVRC2012_val_00029865.JPEG file=example_1948_rank_32297_n03854065_ILSVRC2012_val_00029865.JPEG_steps.csv
2025-09-23 12:14:31,194 - INFO - Skipping already processed example (step log exists): rank=32298 path=/home/projects/bagon/shared/imagenet512/val/n03803284/ILSVRC2012_val_00045366.JPEG file=example_1949_rank_32298_n03803284_ILSVRC2012_val_00045366.JPEG_steps.csv
2025-09-23 12:14:31,194 - INFO - Skipping already processed example (step log exists): rank=32299 path=/home/projects/bagon/shared/imagenet512/val/n03109150/ILSVRC2012_val_00034440.JPEG file=example_1950_rank_32299_n03109150_ILSVRC2012_val_00034440.JPEG_steps.csv
2025-09-23 12:14:31,195 - INFO - Skipping already processed example (step log exists): rank=32300 path=/home/projects/bagon/shared/imagenet512/val/n07583066/ILSVRC2012_val_00038540.JPEG file=example_1951_rank_32300_n07583066_ILSVRC2012_val_00038540.JPEG_steps.csv
2025-09-23 12:14:31,196 - INFO - Skipping already processed example (step log exists): rank=32301 path=/home/projects/bagon/shared/imagenet512/val/n04111531/ILSVRC2012_val_00013982.JPEG file=example_1952_rank_32301_n04111531_ILSVRC2012_val_00013982.JPEG_steps.csv
2025-09-23 12:14:31,197 - INFO - Skipping already processed example (step log exists): rank=32302 path=/home/projects/bagon/shared/imagenet512/val/n02840245/ILSVRC2012_val_00036216.JPEG file=example_1953_rank_32302_n02840245_ILSVRC2012_val_00036216.JPEG_steps.csv
2025-09-23 12:14:31,198 - INFO - Skipping already processed example (step log exists): rank=32304 path=/home/projects/bagon/shared/imagenet512/val/n03347037/ILSVRC2012_val_00031529.JPEG file=example_1954_rank_32304_n03347037_ILSVRC2012_val_00031529.JPEG_steps.csv
2025-09-23 12:14:31,199 - INFO - Skipping already processed example (step log exists): rank=32305 path=/home/projects/bagon/shared/imagenet512/val/n02398521/ILSVRC2012_val_00027472.JPEG file=example_1955_rank_32305_n02398521_ILSVRC2012_val_00027472.JPEG_steps.csv
2025-09-23 12:14:31,199 - INFO - Skipping already processed example (step log exists): rank=32306 path=/home/projects/bagon/shared/imagenet512/val/n03692522/ILSVRC2012_val_00022747.JPEG file=example_1956_rank_32306_n03692522_ILSVRC2012_val_00022747.JPEG_steps.csv
2025-09-23 12:14:31,200 - INFO - Skipping already processed example (step log exists): rank=32307 path=/home/projects/bagon/shared/imagenet512/val/n02606052/ILSVRC2012_val_00030635.JPEG file=example_1957_rank_32307_n02606052_ILSVRC2012_val_00030635.JPEG_steps.csv
2025-09-23 12:14:31,200 - INFO - Skipping already processed example (step log exists): rank=32308 path=/home/projects/bagon/shared/imagenet512/val/n02437616/ILSVRC2012_val_00005960.JPEG file=example_1958_rank_32308_n02437616_ILSVRC2012_val_00005960.JPEG_steps.csv
2025-09-23 12:14:31,201 - INFO - Skipping already processed example (step log exists): rank=32309 path=/home/projects/bagon/shared/imagenet512/val/n03916031/ILSVRC2012_val_00011335.JPEG file=example_1959_rank_32309_n03916031_ILSVRC2012_val_00011335.JPEG_steps.csv
2025-09-23 12:14:31,202 - INFO - Skipping already processed example (step log exists): rank=32312 path=/home/projects/bagon/shared/imagenet512/val/n02930766/ILSVRC2012_val_00025657.JPEG file=example_1960_rank_32312_n02930766_ILSVRC2012_val_00025657.JPEG_steps.csv
2025-09-23 12:14:31,202 - INFO - Skipping already processed example (step log exists): rank=32313 path=/home/projects/bagon/shared/imagenet512/val/n03160309/ILSVRC2012_val_00016326.JPEG file=example_1961_rank_32313_n03160309_ILSVRC2012_val_00016326.JPEG_steps.csv
2025-09-23 12:14:31,202 - INFO - Skipping already processed example (step log exists): rank=32314 path=/home/projects/bagon/shared/imagenet512/val/n04597913/ILSVRC2012_val_00017248.JPEG file=example_1962_rank_32314_n04597913_ILSVRC2012_val_00017248.JPEG_steps.csv
2025-09-23 12:14:31,203 - INFO - Skipping already processed example (step log exists): rank=32316 path=/home/projects/bagon/shared/imagenet512/val/n01632777/ILSVRC2012_val_00035529.JPEG file=example_1963_rank_32316_n01632777_ILSVRC2012_val_00035529.JPEG_steps.csv
2025-09-23 12:14:31,204 - INFO - Skipping already processed example (step log exists): rank=32318 path=/home/projects/bagon/shared/imagenet512/val/n02088466/ILSVRC2012_val_00036523.JPEG file=example_1964_rank_32318_n02088466_ILSVRC2012_val_00036523.JPEG_steps.csv
2025-09-23 12:14:31,205 - INFO - Skipping already processed example (step log exists): rank=32319 path=/home/projects/bagon/shared/imagenet512/val/n01592084/ILSVRC2012_val_00007912.JPEG file=example_1965_rank_32319_n01592084_ILSVRC2012_val_00007912.JPEG_steps.csv
2025-09-23 12:14:31,205 - INFO - Skipping already processed example (step log exists): rank=32320 path=/home/projects/bagon/shared/imagenet512/val/n04553703/ILSVRC2012_val_00003927.JPEG file=example_1966_rank_32320_n04553703_ILSVRC2012_val_00003927.JPEG_steps.csv
2025-09-23 12:14:31,206 - INFO - Skipping already processed example (step log exists): rank=32323 path=/home/projects/bagon/shared/imagenet512/val/n02699494/ILSVRC2012_val_00027122.JPEG file=example_1967_rank_32323_n02699494_ILSVRC2012_val_00027122.JPEG_steps.csv
2025-09-23 12:14:31,207 - INFO - Skipping already processed example (step log exists): rank=32325 path=/home/projects/bagon/shared/imagenet512/val/n01986214/ILSVRC2012_val_00027404.JPEG file=example_1968_rank_32325_n01986214_ILSVRC2012_val_00027404.JPEG_steps.csv
2025-09-23 12:14:31,208 - INFO - Skipping already processed example (step log exists): rank=32330 path=/home/projects/bagon/shared/imagenet512/val/n03100240/ILSVRC2012_val_00041430.JPEG file=example_1969_rank_32330_n03100240_ILSVRC2012_val_00041430.JPEG_steps.csv
2025-09-23 12:14:31,208 - INFO - Skipping already processed example (step log exists): rank=32344 path=/home/projects/bagon/shared/imagenet512/val/n02169497/ILSVRC2012_val_00020652.JPEG file=example_1970_rank_32344_n02169497_ILSVRC2012_val_00020652.JPEG_steps.csv
2025-09-23 12:14:31,209 - INFO - Skipping already processed example (step log exists): rank=32348 path=/home/projects/bagon/shared/imagenet512/val/n02640242/ILSVRC2012_val_00036769.JPEG file=example_1971_rank_32348_n02640242_ILSVRC2012_val_00036769.JPEG_steps.csv
2025-09-23 12:14:31,209 - INFO - Skipping already processed example (step log exists): rank=32350 path=/home/projects/bagon/shared/imagenet512/val/n01943899/ILSVRC2012_val_00046625.JPEG file=example_1972_rank_32350_n01943899_ILSVRC2012_val_00046625.JPEG_steps.csv
2025-09-23 12:14:31,210 - INFO - Skipping already processed example (step log exists): rank=32352 path=/home/projects/bagon/shared/imagenet512/val/n02834397/ILSVRC2012_val_00010741.JPEG file=example_1973_rank_32352_n02834397_ILSVRC2012_val_00010741.JPEG_steps.csv
2025-09-23 12:14:31,210 - INFO - Skipping already processed example (step log exists): rank=32354 path=/home/projects/bagon/shared/imagenet512/val/n02939185/ILSVRC2012_val_00035031.JPEG file=example_1974_rank_32354_n02939185_ILSVRC2012_val_00035031.JPEG_steps.csv
2025-09-23 12:14:31,211 - INFO - Skipping already processed example (step log exists): rank=32355 path=/home/projects/bagon/shared/imagenet512/val/n02093647/ILSVRC2012_val_00015710.JPEG file=example_1975_rank_32355_n02093647_ILSVRC2012_val_00015710.JPEG_steps.csv
2025-09-23 12:14:31,212 - INFO - Skipping already processed example (step log exists): rank=32356 path=/home/projects/bagon/shared/imagenet512/val/n04560804/ILSVRC2012_val_00020857.JPEG file=example_1976_rank_32356_n04560804_ILSVRC2012_val_00020857.JPEG_steps.csv
2025-09-23 12:14:31,213 - INFO - Skipping already processed example (step log exists): rank=32358 path=/home/projects/bagon/shared/imagenet512/val/n04325704/ILSVRC2012_val_00042616.JPEG file=example_1977_rank_32358_n04325704_ILSVRC2012_val_00042616.JPEG_steps.csv
2025-09-23 12:14:31,213 - INFO - Skipping already processed example (step log exists): rank=32361 path=/home/projects/bagon/shared/imagenet512/val/n07930864/ILSVRC2012_val_00049096.JPEG file=example_1978_rank_32361_n07930864_ILSVRC2012_val_00049096.JPEG_steps.csv
2025-09-23 12:14:31,214 - INFO - Skipping already processed example (step log exists): rank=32362 path=/home/projects/bagon/shared/imagenet512/val/n03483316/ILSVRC2012_val_00022014.JPEG file=example_1979_rank_32362_n03483316_ILSVRC2012_val_00022014.JPEG_steps.csv
2025-09-23 12:14:31,214 - INFO - Skipping already processed example (step log exists): rank=32366 path=/home/projects/bagon/shared/imagenet512/val/n02860847/ILSVRC2012_val_00002382.JPEG file=example_1980_rank_32366_n02860847_ILSVRC2012_val_00002382.JPEG_steps.csv
2025-09-23 12:14:31,215 - INFO - Skipping already processed example (step log exists): rank=32370 path=/home/projects/bagon/shared/imagenet512/val/n03929660/ILSVRC2012_val_00039317.JPEG file=example_1981_rank_32370_n03929660_ILSVRC2012_val_00039317.JPEG_steps.csv
2025-09-23 12:14:31,216 - INFO - Skipping already processed example (step log exists): rank=32371 path=/home/projects/bagon/shared/imagenet512/val/n01943899/ILSVRC2012_val_00028615.JPEG file=example_1982_rank_32371_n01943899_ILSVRC2012_val_00028615.JPEG_steps.csv
2025-09-23 12:14:31,216 - INFO - Skipping already processed example (step log exists): rank=32372 path=/home/projects/bagon/shared/imagenet512/val/n04357314/ILSVRC2012_val_00023177.JPEG file=example_1983_rank_32372_n04357314_ILSVRC2012_val_00023177.JPEG_steps.csv
2025-09-23 12:14:31,221 - INFO - Skipping already processed example (step log exists): rank=32373 path=/home/projects/bagon/shared/imagenet512/val/n02504458/ILSVRC2012_val_00001177.JPEG file=example_1984_rank_32373_n02504458_ILSVRC2012_val_00001177.JPEG_steps.csv
2025-09-23 12:14:31,221 - INFO - Skipping already processed example (step log exists): rank=32374 path=/home/projects/bagon/shared/imagenet512/val/n02727426/ILSVRC2012_val_00032287.JPEG file=example_1985_rank_32374_n02727426_ILSVRC2012_val_00032287.JPEG_steps.csv
2025-09-23 12:14:31,222 - INFO - Skipping already processed example (step log exists): rank=32375 path=/home/projects/bagon/shared/imagenet512/val/n03485794/ILSVRC2012_val_00043533.JPEG file=example_1986_rank_32375_n03485794_ILSVRC2012_val_00043533.JPEG_steps.csv
2025-09-23 12:14:31,223 - INFO - Skipping already processed example (step log exists): rank=32376 path=/home/projects/bagon/shared/imagenet512/val/n03930313/ILSVRC2012_val_00046441.JPEG file=example_1987_rank_32376_n03930313_ILSVRC2012_val_00046441.JPEG_steps.csv
2025-09-23 12:14:31,224 - INFO - Skipping already processed example (step log exists): rank=32381 path=/home/projects/bagon/shared/imagenet512/val/n02415577/ILSVRC2012_val_00033844.JPEG file=example_1988_rank_32381_n02415577_ILSVRC2012_val_00033844.JPEG_steps.csv
2025-09-23 12:14:31,225 - INFO - Skipping already processed example (step log exists): rank=32385 path=/home/projects/bagon/shared/imagenet512/val/n04136333/ILSVRC2012_val_00009875.JPEG file=example_1989_rank_32385_n04136333_ILSVRC2012_val_00009875.JPEG_steps.csv
2025-09-23 12:14:31,225 - INFO - Skipping already processed example (step log exists): rank=32395 path=/home/projects/bagon/shared/imagenet512/val/n02835271/ILSVRC2012_val_00040248.JPEG file=example_1990_rank_32395_n02835271_ILSVRC2012_val_00040248.JPEG_steps.csv
2025-09-23 12:14:31,226 - INFO - Skipping already processed example (step log exists): rank=32399 path=/home/projects/bagon/shared/imagenet512/val/n02165456/ILSVRC2012_val_00046856.JPEG file=example_1991_rank_32399_n02165456_ILSVRC2012_val_00046856.JPEG_steps.csv
2025-09-23 12:14:31,227 - INFO - Skipping already processed example (step log exists): rank=32401 path=/home/projects/bagon/shared/imagenet512/val/n02099429/ILSVRC2012_val_00005816.JPEG file=example_1992_rank_32401_n02099429_ILSVRC2012_val_00005816.JPEG_steps.csv
2025-09-23 12:14:31,227 - INFO - Skipping already processed example (step log exists): rank=32404 path=/home/projects/bagon/shared/imagenet512/val/n03786901/ILSVRC2012_val_00044518.JPEG file=example_1993_rank_32404_n03786901_ILSVRC2012_val_00044518.JPEG_steps.csv
2025-09-23 12:14:31,228 - INFO - Skipping already processed example (step log exists): rank=32410 path=/home/projects/bagon/shared/imagenet512/val/n04584207/ILSVRC2012_val_00012719.JPEG file=example_1994_rank_32410_n04584207_ILSVRC2012_val_00012719.JPEG_steps.csv
2025-09-23 12:14:31,229 - INFO - Skipping already processed example (step log exists): rank=32417 path=/home/projects/bagon/shared/imagenet512/val/n04265275/ILSVRC2012_val_00008244.JPEG file=example_1995_rank_32417_n04265275_ILSVRC2012_val_00008244.JPEG_steps.csv
2025-09-23 12:14:31,230 - INFO - Skipping already processed example (step log exists): rank=32418 path=/home/projects/bagon/shared/imagenet512/val/n02229544/ILSVRC2012_val_00030715.JPEG file=example_1996_rank_32418_n02229544_ILSVRC2012_val_00030715.JPEG_steps.csv
2025-09-23 12:14:31,230 - INFO - Skipping already processed example (step log exists): rank=32419 path=/home/projects/bagon/shared/imagenet512/val/n02807133/ILSVRC2012_val_00002660.JPEG file=example_1997_rank_32419_n02807133_ILSVRC2012_val_00002660.JPEG_steps.csv
2025-09-23 12:14:31,231 - INFO - Skipping already processed example (step log exists): rank=32420 path=/home/projects/bagon/shared/imagenet512/val/n03720891/ILSVRC2012_val_00034431.JPEG file=example_1998_rank_32420_n03720891_ILSVRC2012_val_00034431.JPEG_steps.csv
2025-09-23 12:14:31,232 - INFO - Skipping already processed example (step log exists): rank=32421 path=/home/projects/bagon/shared/imagenet512/val/n04209133/ILSVRC2012_val_00029797.JPEG file=example_1999_rank_32421_n04209133_ILSVRC2012_val_00029797.JPEG_steps.csv
2025-09-23 12:14:31,232 - INFO - Skipping already processed example (step log exists): rank=32422 path=/home/projects/bagon/shared/imagenet512/val/n03733805/ILSVRC2012_val_00019776.JPEG file=example_2000_rank_32422_n03733805_ILSVRC2012_val_00019776.JPEG_steps.csv
2025-09-23 12:14:31,233 - INFO - Skipping already processed example (step log exists): rank=32423 path=/home/projects/bagon/shared/imagenet512/val/n03902125/ILSVRC2012_val_00021606.JPEG file=example_2001_rank_32423_n03902125_ILSVRC2012_val_00021606.JPEG_steps.csv
2025-09-23 12:14:31,234 - INFO - Skipping already processed example (step log exists): rank=32424 path=/home/projects/bagon/shared/imagenet512/val/n03126707/ILSVRC2012_val_00016372.JPEG file=example_2002_rank_32424_n03126707_ILSVRC2012_val_00016372.JPEG_steps.csv
2025-09-23 12:14:31,235 - INFO - Skipping already processed example (step log exists): rank=32425 path=/home/projects/bagon/shared/imagenet512/val/n02091032/ILSVRC2012_val_00042781.JPEG file=example_2003_rank_32425_n02091032_ILSVRC2012_val_00042781.JPEG_steps.csv
2025-09-23 12:14:31,236 - INFO - Skipping already processed example (step log exists): rank=32427 path=/home/projects/bagon/shared/imagenet512/val/n03498962/ILSVRC2012_val_00004846.JPEG file=example_2004_rank_32427_n03498962_ILSVRC2012_val_00004846.JPEG_steps.csv
2025-09-23 12:14:31,237 - INFO - Skipping already processed example (step log exists): rank=32429 path=/home/projects/bagon/shared/imagenet512/val/n02233338/ILSVRC2012_val_00002007.JPEG file=example_2005_rank_32429_n02233338_ILSVRC2012_val_00002007.JPEG_steps.csv
2025-09-23 12:14:31,237 - INFO - Skipping already processed example (step log exists): rank=32430 path=/home/projects/bagon/shared/imagenet512/val/n02091467/ILSVRC2012_val_00047836.JPEG file=example_2006_rank_32430_n02091467_ILSVRC2012_val_00047836.JPEG_steps.csv
2025-09-23 12:14:31,238 - INFO - Skipping already processed example (step log exists): rank=32431 path=/home/projects/bagon/shared/imagenet512/val/n03777754/ILSVRC2012_val_00033899.JPEG file=example_2007_rank_32431_n03777754_ILSVRC2012_val_00033899.JPEG_steps.csv
2025-09-23 12:14:31,239 - INFO - Skipping already processed example (step log exists): rank=32433 path=/home/projects/bagon/shared/imagenet512/val/n01981276/ILSVRC2012_val_00046611.JPEG file=example_2008_rank_32433_n01981276_ILSVRC2012_val_00046611.JPEG_steps.csv
2025-09-23 12:14:31,239 - INFO - Skipping already processed example (step log exists): rank=32435 path=/home/projects/bagon/shared/imagenet512/val/n03388183/ILSVRC2012_val_00006583.JPEG file=example_2009_rank_32435_n03388183_ILSVRC2012_val_00006583.JPEG_steps.csv
2025-09-23 12:14:31,240 - INFO - Skipping already processed example (step log exists): rank=32438 path=/home/projects/bagon/shared/imagenet512/val/n04033995/ILSVRC2012_val_00020509.JPEG file=example_2010_rank_32438_n04033995_ILSVRC2012_val_00020509.JPEG_steps.csv
2025-09-23 12:14:31,241 - INFO - Skipping already processed example (step log exists): rank=32439 path=/home/projects/bagon/shared/imagenet512/val/n04554684/ILSVRC2012_val_00004800.JPEG file=example_2011_rank_32439_n04554684_ILSVRC2012_val_00004800.JPEG_steps.csv
2025-09-23 12:14:31,242 - INFO - Skipping already processed example (step log exists): rank=32443 path=/home/projects/bagon/shared/imagenet512/val/n07716906/ILSVRC2012_val_00033271.JPEG file=example_2012_rank_32443_n07716906_ILSVRC2012_val_00033271.JPEG_steps.csv
2025-09-23 12:14:31,243 - INFO - Skipping already processed example (step log exists): rank=32454 path=/home/projects/bagon/shared/imagenet512/val/n03908618/ILSVRC2012_val_00012965.JPEG file=example_2013_rank_32454_n03908618_ILSVRC2012_val_00012965.JPEG_steps.csv
2025-09-23 12:14:31,244 - INFO - Skipping already processed example (step log exists): rank=32469 path=/home/projects/bagon/shared/imagenet512/val/n01629819/ILSVRC2012_val_00014232.JPEG file=example_2014_rank_32469_n01629819_ILSVRC2012_val_00014232.JPEG_steps.csv
2025-09-23 12:14:31,244 - INFO - Skipping already processed example (step log exists): rank=32470 path=/home/projects/bagon/shared/imagenet512/val/n01491361/ILSVRC2012_val_00036420.JPEG file=example_2015_rank_32470_n01491361_ILSVRC2012_val_00036420.JPEG_steps.csv
2025-09-23 12:14:31,245 - INFO - Skipping already processed example (step log exists): rank=32472 path=/home/projects/bagon/shared/imagenet512/val/n02865351/ILSVRC2012_val_00047078.JPEG file=example_2016_rank_32472_n02865351_ILSVRC2012_val_00047078.JPEG_steps.csv
2025-09-23 12:14:31,246 - INFO - Skipping already processed example (step log exists): rank=32473 path=/home/projects/bagon/shared/imagenet512/val/n03255030/ILSVRC2012_val_00031850.JPEG file=example_2017_rank_32473_n03255030_ILSVRC2012_val_00031850.JPEG_steps.csv
2025-09-23 12:14:31,246 - INFO - Skipping already processed example (step log exists): rank=32474 path=/home/projects/bagon/shared/imagenet512/val/n09229709/ILSVRC2012_val_00012408.JPEG file=example_2018_rank_32474_n09229709_ILSVRC2012_val_00012408.JPEG_steps.csv
2025-09-23 12:14:31,247 - INFO - Skipping already processed example (step log exists): rank=32476 path=/home/projects/bagon/shared/imagenet512/val/n03032252/ILSVRC2012_val_00006188.JPEG file=example_2019_rank_32476_n03032252_ILSVRC2012_val_00006188.JPEG_steps.csv
2025-09-23 12:14:31,248 - INFO - Skipping already processed example (step log exists): rank=32478 path=/home/projects/bagon/shared/imagenet512/val/n02526121/ILSVRC2012_val_00001595.JPEG file=example_2020_rank_32478_n02526121_ILSVRC2012_val_00001595.JPEG_steps.csv
2025-09-23 12:14:31,249 - INFO - Skipping already processed example (step log exists): rank=32479 path=/home/projects/bagon/shared/imagenet512/val/n04507155/ILSVRC2012_val_00020282.JPEG file=example_2021_rank_32479_n04507155_ILSVRC2012_val_00020282.JPEG_steps.csv
2025-09-23 12:14:31,250 - INFO - Skipping already processed example (step log exists): rank=32481 path=/home/projects/bagon/shared/imagenet512/val/n03814639/ILSVRC2012_val_00007134.JPEG file=example_2022_rank_32481_n03814639_ILSVRC2012_val_00007134.JPEG_steps.csv
2025-09-23 12:14:31,250 - INFO - Skipping already processed example (step log exists): rank=32482 path=/home/projects/bagon/shared/imagenet512/val/n07697313/ILSVRC2012_val_00010104.JPEG file=example_2023_rank_32482_n07697313_ILSVRC2012_val_00010104.JPEG_steps.csv
2025-09-23 12:14:31,251 - INFO - Skipping already processed example (step log exists): rank=32483 path=/home/projects/bagon/shared/imagenet512/val/n02037110/ILSVRC2012_val_00045300.JPEG file=example_2024_rank_32483_n02037110_ILSVRC2012_val_00045300.JPEG_steps.csv
2025-09-23 12:14:31,252 - INFO - Skipping already processed example (step log exists): rank=32487 path=/home/projects/bagon/shared/imagenet512/val/n03995372/ILSVRC2012_val_00013701.JPEG file=example_2025_rank_32487_n03995372_ILSVRC2012_val_00013701.JPEG_steps.csv
2025-09-23 12:14:31,252 - INFO - Skipping already processed example (step log exists): rank=32489 path=/home/projects/bagon/shared/imagenet512/val/n04596742/ILSVRC2012_val_00034507.JPEG file=example_2026_rank_32489_n04596742_ILSVRC2012_val_00034507.JPEG_steps.csv
2025-09-23 12:14:31,253 - INFO - Skipping already processed example (step log exists): rank=32492 path=/home/projects/bagon/shared/imagenet512/val/n01833805/ILSVRC2012_val_00013610.JPEG file=example_2027_rank_32492_n01833805_ILSVRC2012_val_00013610.JPEG_steps.csv
2025-09-23 12:14:31,254 - INFO - Skipping already processed example (step log exists): rank=32493 path=/home/projects/bagon/shared/imagenet512/val/n03627232/ILSVRC2012_val_00049916.JPEG file=example_2028_rank_32493_n03627232_ILSVRC2012_val_00049916.JPEG_steps.csv
2025-09-23 12:14:31,254 - INFO - Skipping already processed example (step log exists): rank=32494 path=/home/projects/bagon/shared/imagenet512/val/n02108000/ILSVRC2012_val_00048383.JPEG file=example_2029_rank_32494_n02108000_ILSVRC2012_val_00048383.JPEG_steps.csv
2025-09-23 12:14:31,255 - INFO - Skipping already processed example (step log exists): rank=32498 path=/home/projects/bagon/shared/imagenet512/val/n02708093/ILSVRC2012_val_00002178.JPEG file=example_2030_rank_32498_n02708093_ILSVRC2012_val_00002178.JPEG_steps.csv
2025-09-23 12:14:31,256 - INFO - Skipping already processed example (step log exists): rank=32503 path=/home/projects/bagon/shared/imagenet512/val/n01644900/ILSVRC2012_val_00038446.JPEG file=example_2031_rank_32503_n01644900_ILSVRC2012_val_00038446.JPEG_steps.csv
2025-09-23 12:14:31,257 - INFO - Skipping already processed example (step log exists): rank=32509 path=/home/projects/bagon/shared/imagenet512/val/n02879718/ILSVRC2012_val_00015639.JPEG file=example_2032_rank_32509_n02879718_ILSVRC2012_val_00015639.JPEG_steps.csv
2025-09-23 12:14:31,257 - INFO - Skipping already processed example (step log exists): rank=32510 path=/home/projects/bagon/shared/imagenet512/val/n01980166/ILSVRC2012_val_00036212.JPEG file=example_2033_rank_32510_n01980166_ILSVRC2012_val_00036212.JPEG_steps.csv
2025-09-23 12:14:31,258 - INFO - Skipping already processed example (step log exists): rank=32518 path=/home/projects/bagon/shared/imagenet512/val/n03443371/ILSVRC2012_val_00000619.JPEG file=example_2034_rank_32518_n03443371_ILSVRC2012_val_00000619.JPEG_steps.csv
2025-09-23 12:14:31,259 - INFO - Skipping already processed example (step log exists): rank=32523 path=/home/projects/bagon/shared/imagenet512/val/n02443484/ILSVRC2012_val_00023680.JPEG file=example_2035_rank_32523_n02443484_ILSVRC2012_val_00023680.JPEG_steps.csv
2025-09-23 12:14:31,259 - INFO - Skipping already processed example (step log exists): rank=32529 path=/home/projects/bagon/shared/imagenet512/val/n02786058/ILSVRC2012_val_00032821.JPEG file=example_2036_rank_32529_n02786058_ILSVRC2012_val_00032821.JPEG_steps.csv
2025-09-23 12:14:31,260 - INFO - Skipping already processed example (step log exists): rank=32530 path=/home/projects/bagon/shared/imagenet512/val/n04127249/ILSVRC2012_val_00012191.JPEG file=example_2037_rank_32530_n04127249_ILSVRC2012_val_00012191.JPEG_steps.csv
2025-09-23 12:14:31,260 - INFO - Skipping already processed example (step log exists): rank=32531 path=/home/projects/bagon/shared/imagenet512/val/n04127249/ILSVRC2012_val_00017649.JPEG file=example_2038_rank_32531_n04127249_ILSVRC2012_val_00017649.JPEG_steps.csv
2025-09-23 12:14:31,261 - INFO - Skipping already processed example (step log exists): rank=32532 path=/home/projects/bagon/shared/imagenet512/val/n03970156/ILSVRC2012_val_00004123.JPEG file=example_2039_rank_32532_n03970156_ILSVRC2012_val_00004123.JPEG_steps.csv
2025-09-23 12:14:31,262 - INFO - Skipping already processed example (step log exists): rank=32533 path=/home/projects/bagon/shared/imagenet512/val/n04259630/ILSVRC2012_val_00027111.JPEG file=example_2040_rank_32533_n04259630_ILSVRC2012_val_00027111.JPEG_steps.csv
2025-09-23 12:14:31,263 - INFO - Skipping already processed example (step log exists): rank=32534 path=/home/projects/bagon/shared/imagenet512/val/n02437616/ILSVRC2012_val_00026578.JPEG file=example_2041_rank_32534_n02437616_ILSVRC2012_val_00026578.JPEG_steps.csv
2025-09-23 12:14:31,264 - INFO - Skipping already processed example (step log exists): rank=32535 path=/home/projects/bagon/shared/imagenet512/val/n01770081/ILSVRC2012_val_00045376.JPEG file=example_2042_rank_32535_n01770081_ILSVRC2012_val_00045376.JPEG_steps.csv
2025-09-23 12:14:31,265 - INFO - Skipping already processed example (step log exists): rank=32536 path=/home/projects/bagon/shared/imagenet512/val/n02870880/ILSVRC2012_val_00019679.JPEG file=example_2043_rank_32536_n02870880_ILSVRC2012_val_00019679.JPEG_steps.csv
2025-09-23 12:14:31,266 - INFO - Skipping already processed example (step log exists): rank=32537 path=/home/projects/bagon/shared/imagenet512/val/n09835506/ILSVRC2012_val_00002254.JPEG file=example_2044_rank_32537_n09835506_ILSVRC2012_val_00002254.JPEG_steps.csv
2025-09-23 12:14:31,267 - INFO - Skipping already processed example (step log exists): rank=32538 path=/home/projects/bagon/shared/imagenet512/val/n02094114/ILSVRC2012_val_00019305.JPEG file=example_2045_rank_32538_n02094114_ILSVRC2012_val_00019305.JPEG_steps.csv
2025-09-23 12:14:31,267 - INFO - Skipping already processed example (step log exists): rank=32540 path=/home/projects/bagon/shared/imagenet512/val/n02089973/ILSVRC2012_val_00038944.JPEG file=example_2046_rank_32540_n02089973_ILSVRC2012_val_00038944.JPEG_steps.csv
2025-09-23 12:14:31,268 - INFO - Skipping already processed example (step log exists): rank=32542 path=/home/projects/bagon/shared/imagenet512/val/n04523525/ILSVRC2012_val_00013949.JPEG file=example_2047_rank_32542_n04523525_ILSVRC2012_val_00013949.JPEG_steps.csv
2025-09-23 12:14:31,269 - INFO - Skipping already processed example (step log exists): rank=32545 path=/home/projects/bagon/shared/imagenet512/val/n03041632/ILSVRC2012_val_00014960.JPEG file=example_2048_rank_32545_n03041632_ILSVRC2012_val_00014960.JPEG_steps.csv
2025-09-23 12:14:31,269 - INFO - Skipping already processed example (step log exists): rank=32546 path=/home/projects/bagon/shared/imagenet512/val/n01592084/ILSVRC2012_val_00005224.JPEG file=example_2049_rank_32546_n01592084_ILSVRC2012_val_00005224.JPEG_steps.csv
2025-09-23 12:14:31,270 - INFO - Skipping already processed example (step log exists): rank=32548 path=/home/projects/bagon/shared/imagenet512/val/n04501370/ILSVRC2012_val_00028465.JPEG file=example_2050_rank_32548_n04501370_ILSVRC2012_val_00028465.JPEG_steps.csv
2025-09-23 12:14:31,271 - INFO - Skipping already processed example (step log exists): rank=32550 path=/home/projects/bagon/shared/imagenet512/val/n03876231/ILSVRC2012_val_00004212.JPEG file=example_2051_rank_32550_n03876231_ILSVRC2012_val_00004212.JPEG_steps.csv
2025-09-23 12:14:31,272 - INFO - Skipping already processed example (step log exists): rank=32551 path=/home/projects/bagon/shared/imagenet512/val/n01824575/ILSVRC2012_val_00008593.JPEG file=example_2052_rank_32551_n01824575_ILSVRC2012_val_00008593.JPEG_steps.csv
2025-09-23 12:14:31,273 - INFO - Skipping already processed example (step log exists): rank=32553 path=/home/projects/bagon/shared/imagenet512/val/n03970156/ILSVRC2012_val_00048797.JPEG file=example_2053_rank_32553_n03970156_ILSVRC2012_val_00048797.JPEG_steps.csv
2025-09-23 12:14:31,273 - INFO - Skipping already processed example (step log exists): rank=32555 path=/home/projects/bagon/shared/imagenet512/val/n04252225/ILSVRC2012_val_00040932.JPEG file=example_2054_rank_32555_n04252225_ILSVRC2012_val_00040932.JPEG_steps.csv
2025-09-23 12:14:31,274 - INFO - Skipping already processed example (step log exists): rank=32556 path=/home/projects/bagon/shared/imagenet512/val/n02229544/ILSVRC2012_val_00042904.JPEG file=example_2055_rank_32556_n02229544_ILSVRC2012_val_00042904.JPEG_steps.csv
2025-09-23 12:14:31,275 - INFO - Skipping already processed example (step log exists): rank=32558 path=/home/projects/bagon/shared/imagenet512/val/n03630383/ILSVRC2012_val_00040416.JPEG file=example_2056_rank_32558_n03630383_ILSVRC2012_val_00040416.JPEG_steps.csv
2025-09-23 12:14:31,275 - INFO - Skipping already processed example (step log exists): rank=32563 path=/home/projects/bagon/shared/imagenet512/val/n02747177/ILSVRC2012_val_00042198.JPEG file=example_2057_rank_32563_n02747177_ILSVRC2012_val_00042198.JPEG_steps.csv
2025-09-23 12:14:31,276 - INFO - Skipping already processed example (step log exists): rank=32564 path=/home/projects/bagon/shared/imagenet512/val/n02124075/ILSVRC2012_val_00028628.JPEG file=example_2058_rank_32564_n02124075_ILSVRC2012_val_00028628.JPEG_steps.csv
2025-09-23 12:14:31,276 - INFO - Skipping already processed example (step log exists): rank=32565 path=/home/projects/bagon/shared/imagenet512/val/n02113023/ILSVRC2012_val_00007634.JPEG file=example_2059_rank_32565_n02113023_ILSVRC2012_val_00007634.JPEG_steps.csv
2025-09-23 12:14:31,277 - INFO - Skipping already processed example (step log exists): rank=32567 path=/home/projects/bagon/shared/imagenet512/val/n04200800/ILSVRC2012_val_00004257.JPEG file=example_2060_rank_32567_n04200800_ILSVRC2012_val_00004257.JPEG_steps.csv
2025-09-23 12:14:31,281 - INFO - Skipping already processed example (step log exists): rank=32569 path=/home/projects/bagon/shared/imagenet512/val/n04192698/ILSVRC2012_val_00017106.JPEG file=example_2061_rank_32569_n04192698_ILSVRC2012_val_00017106.JPEG_steps.csv
2025-09-23 12:14:31,282 - INFO - Skipping already processed example (step log exists): rank=32570 path=/home/projects/bagon/shared/imagenet512/val/n01728572/ILSVRC2012_val_00037469.JPEG file=example_2062_rank_32570_n01728572_ILSVRC2012_val_00037469.JPEG_steps.csv
2025-09-23 12:14:31,283 - INFO - Skipping already processed example (step log exists): rank=32575 path=/home/projects/bagon/shared/imagenet512/val/n02526121/ILSVRC2012_val_00014258.JPEG file=example_2063_rank_32575_n02526121_ILSVRC2012_val_00014258.JPEG_steps.csv
2025-09-23 12:14:31,283 - INFO - Skipping already processed example (step log exists): rank=32576 path=/home/projects/bagon/shared/imagenet512/val/n03590841/ILSVRC2012_val_00027638.JPEG file=example_2064_rank_32576_n03590841_ILSVRC2012_val_00027638.JPEG_steps.csv
2025-09-23 12:14:31,284 - INFO - Skipping already processed example (step log exists): rank=32578 path=/home/projects/bagon/shared/imagenet512/val/n04204238/ILSVRC2012_val_00012266.JPEG file=example_2065_rank_32578_n04204238_ILSVRC2012_val_00012266.JPEG_steps.csv
2025-09-23 12:14:31,285 - INFO - Skipping already processed example (step log exists): rank=32581 path=/home/projects/bagon/shared/imagenet512/val/n03692522/ILSVRC2012_val_00012843.JPEG file=example_2066_rank_32581_n03692522_ILSVRC2012_val_00012843.JPEG_steps.csv
2025-09-23 12:14:31,286 - INFO - Skipping already processed example (step log exists): rank=32588 path=/home/projects/bagon/shared/imagenet512/val/n04179913/ILSVRC2012_val_00010330.JPEG file=example_2067_rank_32588_n04179913_ILSVRC2012_val_00010330.JPEG_steps.csv
2025-09-23 12:14:31,287 - INFO - Skipping already processed example (step log exists): rank=32589 path=/home/projects/bagon/shared/imagenet512/val/n01806143/ILSVRC2012_val_00008245.JPEG file=example_2068_rank_32589_n01806143_ILSVRC2012_val_00008245.JPEG_steps.csv
2025-09-23 12:14:31,288 - INFO - Skipping already processed example (step log exists): rank=32590 path=/home/projects/bagon/shared/imagenet512/val/n04127249/ILSVRC2012_val_00041072.JPEG file=example_2069_rank_32590_n04127249_ILSVRC2012_val_00041072.JPEG_steps.csv
2025-09-23 12:14:31,289 - INFO - Skipping already processed example (step log exists): rank=32591 path=/home/projects/bagon/shared/imagenet512/val/n02123394/ILSVRC2012_val_00004411.JPEG file=example_2070_rank_32591_n02123394_ILSVRC2012_val_00004411.JPEG_steps.csv
2025-09-23 12:14:31,291 - INFO - Skipping already processed example (step log exists): rank=32594 path=/home/projects/bagon/shared/imagenet512/val/n03125729/ILSVRC2012_val_00033174.JPEG file=example_2071_rank_32594_n03125729_ILSVRC2012_val_00033174.JPEG_steps.csv
2025-09-23 12:14:31,292 - INFO - Skipping already processed example (step log exists): rank=32596 path=/home/projects/bagon/shared/imagenet512/val/n03769881/ILSVRC2012_val_00024201.JPEG file=example_2072_rank_32596_n03769881_ILSVRC2012_val_00024201.JPEG_steps.csv
2025-09-23 12:14:31,293 - INFO - Skipping already processed example (step log exists): rank=32598 path=/home/projects/bagon/shared/imagenet512/val/n03095699/ILSVRC2012_val_00034601.JPEG file=example_2073_rank_32598_n03095699_ILSVRC2012_val_00034601.JPEG_steps.csv
2025-09-23 12:14:31,294 - INFO - Skipping already processed example (step log exists): rank=32599 path=/home/projects/bagon/shared/imagenet512/val/n02097209/ILSVRC2012_val_00039008.JPEG file=example_2074_rank_32599_n02097209_ILSVRC2012_val_00039008.JPEG_steps.csv
2025-09-23 12:14:31,295 - INFO - Skipping already processed example (step log exists): rank=32604 path=/home/projects/bagon/shared/imagenet512/val/n04277352/ILSVRC2012_val_00021261.JPEG file=example_2075_rank_32604_n04277352_ILSVRC2012_val_00021261.JPEG_steps.csv
2025-09-23 12:14:31,295 - INFO - Skipping already processed example (step log exists): rank=32607 path=/home/projects/bagon/shared/imagenet512/val/n02666196/ILSVRC2012_val_00041562.JPEG file=example_2076_rank_32607_n02666196_ILSVRC2012_val_00041562.JPEG_steps.csv
2025-09-23 12:14:31,296 - INFO - Skipping already processed example (step log exists): rank=32609 path=/home/projects/bagon/shared/imagenet512/val/n03770439/ILSVRC2012_val_00020532.JPEG file=example_2077_rank_32609_n03770439_ILSVRC2012_val_00020532.JPEG_steps.csv
2025-09-23 12:14:31,297 - INFO - Skipping already processed example (step log exists): rank=32610 path=/home/projects/bagon/shared/imagenet512/val/n03657121/ILSVRC2012_val_00020665.JPEG file=example_2078_rank_32610_n03657121_ILSVRC2012_val_00020665.JPEG_steps.csv
2025-09-23 12:14:31,298 - INFO - Skipping already processed example (step log exists): rank=32612 path=/home/projects/bagon/shared/imagenet512/val/n03498962/ILSVRC2012_val_00015079.JPEG file=example_2079_rank_32612_n03498962_ILSVRC2012_val_00015079.JPEG_steps.csv
2025-09-23 12:14:31,298 - INFO - Skipping already processed example (step log exists): rank=32613 path=/home/projects/bagon/shared/imagenet512/val/n03000134/ILSVRC2012_val_00025766.JPEG file=example_2080_rank_32613_n03000134_ILSVRC2012_val_00025766.JPEG_steps.csv
2025-09-23 12:14:31,299 - INFO - Skipping already processed example (step log exists): rank=32614 path=/home/projects/bagon/shared/imagenet512/val/n03089624/ILSVRC2012_val_00028279.JPEG file=example_2081_rank_32614_n03089624_ILSVRC2012_val_00028279.JPEG_steps.csv
2025-09-23 12:14:31,300 - INFO - Skipping already processed example (step log exists): rank=32615 path=/home/projects/bagon/shared/imagenet512/val/n03595614/ILSVRC2012_val_00005103.JPEG file=example_2082_rank_32615_n03595614_ILSVRC2012_val_00005103.JPEG_steps.csv
2025-09-23 12:14:31,300 - INFO - Skipping already processed example (step log exists): rank=32617 path=/home/projects/bagon/shared/imagenet512/val/n02483708/ILSVRC2012_val_00040147.JPEG file=example_2083_rank_32617_n02483708_ILSVRC2012_val_00040147.JPEG_steps.csv
2025-09-23 12:14:31,301 - INFO - Skipping already processed example (step log exists): rank=32618 path=/home/projects/bagon/shared/imagenet512/val/n03854065/ILSVRC2012_val_00037148.JPEG file=example_2084_rank_32618_n03854065_ILSVRC2012_val_00037148.JPEG_steps.csv
2025-09-23 12:14:31,302 - INFO - Skipping already processed example (step log exists): rank=32620 path=/home/projects/bagon/shared/imagenet512/val/n02132136/ILSVRC2012_val_00013390.JPEG file=example_2085_rank_32620_n02132136_ILSVRC2012_val_00013390.JPEG_steps.csv
2025-09-23 12:14:31,303 - INFO - Skipping already processed example (step log exists): rank=32621 path=/home/projects/bagon/shared/imagenet512/val/n01734418/ILSVRC2012_val_00004222.JPEG file=example_2086_rank_32621_n01734418_ILSVRC2012_val_00004222.JPEG_steps.csv
2025-09-23 12:14:31,304 - INFO - Skipping already processed example (step log exists): rank=32625 path=/home/projects/bagon/shared/imagenet512/val/n02009229/ILSVRC2012_val_00034942.JPEG file=example_2087_rank_32625_n02009229_ILSVRC2012_val_00034942.JPEG_steps.csv
2025-09-23 12:14:31,305 - INFO - Skipping already processed example (step log exists): rank=32626 path=/home/projects/bagon/shared/imagenet512/val/n03290653/ILSVRC2012_val_00018174.JPEG file=example_2088_rank_32626_n03290653_ILSVRC2012_val_00018174.JPEG_steps.csv
2025-09-23 12:14:31,306 - INFO - Skipping already processed example (step log exists): rank=32634 path=/home/projects/bagon/shared/imagenet512/val/n02113712/ILSVRC2012_val_00020512.JPEG file=example_2089_rank_32634_n02113712_ILSVRC2012_val_00020512.JPEG_steps.csv
2025-09-23 12:14:31,307 - INFO - Skipping already processed example (step log exists): rank=32641 path=/home/projects/bagon/shared/imagenet512/val/n03255030/ILSVRC2012_val_00046545.JPEG file=example_2090_rank_32641_n03255030_ILSVRC2012_val_00046545.JPEG_steps.csv
2025-09-23 12:14:31,308 - INFO - Skipping already processed example (step log exists): rank=32642 path=/home/projects/bagon/shared/imagenet512/val/n07615774/ILSVRC2012_val_00033074.JPEG file=example_2091_rank_32642_n07615774_ILSVRC2012_val_00033074.JPEG_steps.csv
2025-09-23 12:14:31,308 - INFO - Skipping already processed example (step log exists): rank=32643 path=/home/projects/bagon/shared/imagenet512/val/n04328186/ILSVRC2012_val_00048093.JPEG file=example_2092_rank_32643_n04328186_ILSVRC2012_val_00048093.JPEG_steps.csv
2025-09-23 12:14:31,309 - INFO - Skipping already processed example (step log exists): rank=32644 path=/home/projects/bagon/shared/imagenet512/val/n04265275/ILSVRC2012_val_00042607.JPEG file=example_2093_rank_32644_n04265275_ILSVRC2012_val_00042607.JPEG_steps.csv
2025-09-23 12:14:31,310 - INFO - Skipping already processed example (step log exists): rank=32647 path=/home/projects/bagon/shared/imagenet512/val/n01675722/ILSVRC2012_val_00039886.JPEG file=example_2094_rank_32647_n01675722_ILSVRC2012_val_00039886.JPEG_steps.csv
2025-09-23 12:14:31,311 - INFO - Skipping already processed example (step log exists): rank=32650 path=/home/projects/bagon/shared/imagenet512/val/n04597913/ILSVRC2012_val_00045957.JPEG file=example_2095_rank_32650_n04597913_ILSVRC2012_val_00045957.JPEG_steps.csv
2025-09-23 12:14:31,312 - INFO - Skipping already processed example (step log exists): rank=32655 path=/home/projects/bagon/shared/imagenet512/val/n04099969/ILSVRC2012_val_00013777.JPEG file=example_2096_rank_32655_n04099969_ILSVRC2012_val_00013777.JPEG_steps.csv
2025-09-23 12:14:31,313 - INFO - Skipping already processed example (step log exists): rank=32656 path=/home/projects/bagon/shared/imagenet512/val/n07742313/ILSVRC2012_val_00023800.JPEG file=example_2097_rank_32656_n07742313_ILSVRC2012_val_00023800.JPEG_steps.csv
2025-09-23 12:14:31,314 - INFO - Skipping already processed example (step log exists): rank=32663 path=/home/projects/bagon/shared/imagenet512/val/n04591157/ILSVRC2012_val_00021972.JPEG file=example_2098_rank_32663_n04591157_ILSVRC2012_val_00021972.JPEG_steps.csv
2025-09-23 12:14:31,314 - INFO - Skipping already processed example (step log exists): rank=32664 path=/home/projects/bagon/shared/imagenet512/val/n02948072/ILSVRC2012_val_00014393.JPEG file=example_2099_rank_32664_n02948072_ILSVRC2012_val_00014393.JPEG_steps.csv
2025-09-23 12:14:31,315 - INFO - Skipping already processed example (step log exists): rank=32665 path=/home/projects/bagon/shared/imagenet512/val/n02423022/ILSVRC2012_val_00003958.JPEG file=example_2100_rank_32665_n02423022_ILSVRC2012_val_00003958.JPEG_steps.csv
2025-09-23 12:14:31,316 - INFO - Skipping already processed example (step log exists): rank=32669 path=/home/projects/bagon/shared/imagenet512/val/n02100877/ILSVRC2012_val_00035538.JPEG file=example_2101_rank_32669_n02100877_ILSVRC2012_val_00035538.JPEG_steps.csv
2025-09-23 12:14:31,317 - INFO - Skipping already processed example (step log exists): rank=32670 path=/home/projects/bagon/shared/imagenet512/val/n03481172/ILSVRC2012_val_00020314.JPEG file=example_2102_rank_32670_n03481172_ILSVRC2012_val_00020314.JPEG_steps.csv
2025-09-23 12:14:31,317 - INFO - Skipping already processed example (step log exists): rank=32672 path=/home/projects/bagon/shared/imagenet512/val/n04590129/ILSVRC2012_val_00015581.JPEG file=example_2103_rank_32672_n04590129_ILSVRC2012_val_00015581.JPEG_steps.csv
2025-09-23 12:14:31,318 - INFO - Skipping already processed example (step log exists): rank=32673 path=/home/projects/bagon/shared/imagenet512/val/n01744401/ILSVRC2012_val_00002231.JPEG file=example_2104_rank_32673_n01744401_ILSVRC2012_val_00002231.JPEG_steps.csv
2025-09-23 12:14:31,319 - INFO - Skipping already processed example (step log exists): rank=32675 path=/home/projects/bagon/shared/imagenet512/val/n03874599/ILSVRC2012_val_00044257.JPEG file=example_2105_rank_32675_n03874599_ILSVRC2012_val_00044257.JPEG_steps.csv
2025-09-23 12:14:31,319 - INFO - Skipping already processed example (step log exists): rank=32681 path=/home/projects/bagon/shared/imagenet512/val/n03888605/ILSVRC2012_val_00043877.JPEG file=example_2106_rank_32681_n03888605_ILSVRC2012_val_00043877.JPEG_steps.csv
2025-09-23 12:14:31,320 - INFO - Skipping already processed example (step log exists): rank=32692 path=/home/projects/bagon/shared/imagenet512/val/n03787032/ILSVRC2012_val_00000923.JPEG file=example_2107_rank_32692_n03787032_ILSVRC2012_val_00000923.JPEG_steps.csv
2025-09-23 12:14:31,321 - INFO - Skipping already processed example (step log exists): rank=32693 path=/home/projects/bagon/shared/imagenet512/val/n03794056/ILSVRC2012_val_00002087.JPEG file=example_2108_rank_32693_n03794056_ILSVRC2012_val_00002087.JPEG_steps.csv
2025-09-23 12:14:31,322 - INFO - Skipping already processed example (step log exists): rank=32695 path=/home/projects/bagon/shared/imagenet512/val/n03770679/ILSVRC2012_val_00006759.JPEG file=example_2109_rank_32695_n03770679_ILSVRC2012_val_00006759.JPEG_steps.csv
2025-09-23 12:14:31,323 - INFO - Skipping already processed example (step log exists): rank=32696 path=/home/projects/bagon/shared/imagenet512/val/n04099969/ILSVRC2012_val_00006061.JPEG file=example_2110_rank_32696_n04099969_ILSVRC2012_val_00006061.JPEG_steps.csv
2025-09-23 12:14:31,323 - INFO - Skipping already processed example (step log exists): rank=32697 path=/home/projects/bagon/shared/imagenet512/val/n03478589/ILSVRC2012_val_00008825.JPEG file=example_2111_rank_32697_n03478589_ILSVRC2012_val_00008825.JPEG_steps.csv
2025-09-23 12:14:31,324 - INFO - Skipping already processed example (step log exists): rank=32698 path=/home/projects/bagon/shared/imagenet512/val/n04560804/ILSVRC2012_val_00014626.JPEG file=example_2112_rank_32698_n04560804_ILSVRC2012_val_00014626.JPEG_steps.csv
2025-09-23 12:14:31,324 - INFO - Skipping already processed example (step log exists): rank=32702 path=/home/projects/bagon/shared/imagenet512/val/n04254777/ILSVRC2012_val_00039001.JPEG file=example_2113_rank_32702_n04254777_ILSVRC2012_val_00039001.JPEG_steps.csv
2025-09-23 12:14:31,325 - INFO - Skipping already processed example (step log exists): rank=32704 path=/home/projects/bagon/shared/imagenet512/val/n03785016/ILSVRC2012_val_00044191.JPEG file=example_2114_rank_32704_n03785016_ILSVRC2012_val_00044191.JPEG_steps.csv
2025-09-23 12:14:31,326 - INFO - Skipping already processed example (step log exists): rank=32706 path=/home/projects/bagon/shared/imagenet512/val/n02871525/ILSVRC2012_val_00012560.JPEG file=example_2115_rank_32706_n02871525_ILSVRC2012_val_00012560.JPEG_steps.csv
2025-09-23 12:14:31,327 - INFO - Skipping already processed example (step log exists): rank=32709 path=/home/projects/bagon/shared/imagenet512/val/n03445924/ILSVRC2012_val_00001960.JPEG file=example_2116_rank_32709_n03445924_ILSVRC2012_val_00001960.JPEG_steps.csv
2025-09-23 12:14:31,327 - INFO - Skipping already processed example (step log exists): rank=32710 path=/home/projects/bagon/shared/imagenet512/val/n02105641/ILSVRC2012_val_00047241.JPEG file=example_2117_rank_32710_n02105641_ILSVRC2012_val_00047241.JPEG_steps.csv
2025-09-23 12:14:31,328 - INFO - Skipping already processed example (step log exists): rank=32712 path=/home/projects/bagon/shared/imagenet512/val/n02134418/ILSVRC2012_val_00014529.JPEG file=example_2118_rank_32712_n02134418_ILSVRC2012_val_00014529.JPEG_steps.csv
2025-09-23 12:14:31,329 - INFO - Skipping already processed example (step log exists): rank=32716 path=/home/projects/bagon/shared/imagenet512/val/n02117135/ILSVRC2012_val_00025662.JPEG file=example_2119_rank_32716_n02117135_ILSVRC2012_val_00025662.JPEG_steps.csv
2025-09-23 12:14:31,330 - INFO - Skipping already processed example (step log exists): rank=32719 path=/home/projects/bagon/shared/imagenet512/val/n03498962/ILSVRC2012_val_00031367.JPEG file=example_2120_rank_32719_n03498962_ILSVRC2012_val_00031367.JPEG_steps.csv
2025-09-23 12:14:31,330 - INFO - Skipping already processed example (step log exists): rank=32720 path=/home/projects/bagon/shared/imagenet512/val/n03935335/ILSVRC2012_val_00046694.JPEG file=example_2121_rank_32720_n03935335_ILSVRC2012_val_00046694.JPEG_steps.csv
2025-09-23 12:14:31,331 - INFO - Skipping already processed example (step log exists): rank=32729 path=/home/projects/bagon/shared/imagenet512/val/n02089973/ILSVRC2012_val_00049640.JPEG file=example_2122_rank_32729_n02089973_ILSVRC2012_val_00049640.JPEG_steps.csv
2025-09-23 12:14:31,332 - INFO - Skipping already processed example (step log exists): rank=32736 path=/home/projects/bagon/shared/imagenet512/val/n03180011/ILSVRC2012_val_00044148.JPEG file=example_2123_rank_32736_n03180011_ILSVRC2012_val_00044148.JPEG_steps.csv
2025-09-23 12:14:31,333 - INFO - Skipping already processed example (step log exists): rank=32738 path=/home/projects/bagon/shared/imagenet512/val/n04557648/ILSVRC2012_val_00019944.JPEG file=example_2124_rank_32738_n04557648_ILSVRC2012_val_00019944.JPEG_steps.csv
2025-09-23 12:14:31,333 - INFO - Skipping already processed example (step log exists): rank=32741 path=/home/projects/bagon/shared/imagenet512/val/n02951585/ILSVRC2012_val_00015896.JPEG file=example_2125_rank_32741_n02951585_ILSVRC2012_val_00015896.JPEG_steps.csv
2025-09-23 12:14:31,334 - INFO - Skipping already processed example (step log exists): rank=32744 path=/home/projects/bagon/shared/imagenet512/val/n07693725/ILSVRC2012_val_00045523.JPEG file=example_2126_rank_32744_n07693725_ILSVRC2012_val_00045523.JPEG_steps.csv
2025-09-23 12:14:31,335 - INFO - Skipping already processed example (step log exists): rank=32746 path=/home/projects/bagon/shared/imagenet512/val/n02102318/ILSVRC2012_val_00008119.JPEG file=example_2127_rank_32746_n02102318_ILSVRC2012_val_00008119.JPEG_steps.csv
2025-09-23 12:14:31,336 - INFO - Skipping already processed example (step log exists): rank=32748 path=/home/projects/bagon/shared/imagenet512/val/n03125729/ILSVRC2012_val_00027199.JPEG file=example_2128_rank_32748_n03125729_ILSVRC2012_val_00027199.JPEG_steps.csv
2025-09-23 12:14:31,337 - INFO - Skipping already processed example (step log exists): rank=32749 path=/home/projects/bagon/shared/imagenet512/val/n01917289/ILSVRC2012_val_00040668.JPEG file=example_2129_rank_32749_n01917289_ILSVRC2012_val_00040668.JPEG_steps.csv
2025-09-23 12:14:31,338 - INFO - Skipping already processed example (step log exists): rank=32752 path=/home/projects/bagon/shared/imagenet512/val/n01614925/ILSVRC2012_val_00038636.JPEG file=example_2130_rank_32752_n01614925_ILSVRC2012_val_00038636.JPEG_steps.csv
2025-09-23 12:14:31,339 - INFO - Skipping already processed example (step log exists): rank=32755 path=/home/projects/bagon/shared/imagenet512/val/n01914609/ILSVRC2012_val_00024211.JPEG file=example_2131_rank_32755_n01914609_ILSVRC2012_val_00024211.JPEG_steps.csv
2025-09-23 12:14:31,340 - INFO - Skipping already processed example (step log exists): rank=32757 path=/home/projects/bagon/shared/imagenet512/val/n03920288/ILSVRC2012_val_00034145.JPEG file=example_2132_rank_32757_n03920288_ILSVRC2012_val_00034145.JPEG_steps.csv
2025-09-23 12:14:31,340 - INFO - Skipping already processed example (step log exists): rank=32760 path=/home/projects/bagon/shared/imagenet512/val/n04254120/ILSVRC2012_val_00025227.JPEG file=example_2133_rank_32760_n04254120_ILSVRC2012_val_00025227.JPEG_steps.csv
2025-09-23 12:14:31,341 - INFO - Skipping already processed example (step log exists): rank=32764 path=/home/projects/bagon/shared/imagenet512/val/n04200800/ILSVRC2012_val_00020365.JPEG file=example_2134_rank_32764_n04200800_ILSVRC2012_val_00020365.JPEG_steps.csv
2025-09-23 12:14:31,342 - INFO - Skipping already processed example (step log exists): rank=32768 path=/home/projects/bagon/shared/imagenet512/val/n03637318/ILSVRC2012_val_00021726.JPEG file=example_2135_rank_32768_n03637318_ILSVRC2012_val_00021726.JPEG_steps.csv
2025-09-23 12:14:31,343 - INFO - Skipping already processed example (step log exists): rank=32770 path=/home/projects/bagon/shared/imagenet512/val/n07749582/ILSVRC2012_val_00002363.JPEG file=example_2136_rank_32770_n07749582_ILSVRC2012_val_00002363.JPEG_steps.csv
2025-09-23 12:14:31,343 - INFO - Skipping already processed example (step log exists): rank=32778 path=/home/projects/bagon/shared/imagenet512/val/n04550184/ILSVRC2012_val_00007593.JPEG file=example_2137_rank_32778_n04550184_ILSVRC2012_val_00007593.JPEG_steps.csv
2025-09-23 12:14:31,344 - INFO - Skipping already processed example (step log exists): rank=32779 path=/home/projects/bagon/shared/imagenet512/val/n04371430/ILSVRC2012_val_00048868.JPEG file=example_2138_rank_32779_n04371430_ILSVRC2012_val_00048868.JPEG_steps.csv
2025-09-23 12:14:31,345 - INFO - Skipping already processed example (step log exists): rank=32785 path=/home/projects/bagon/shared/imagenet512/val/n02843684/ILSVRC2012_val_00025965.JPEG file=example_2139_rank_32785_n02843684_ILSVRC2012_val_00025965.JPEG_steps.csv
2025-09-23 12:14:31,346 - INFO - Skipping already processed example (step log exists): rank=32788 path=/home/projects/bagon/shared/imagenet512/val/n02167151/ILSVRC2012_val_00005947.JPEG file=example_2140_rank_32788_n02167151_ILSVRC2012_val_00005947.JPEG_steps.csv
2025-09-23 12:14:31,347 - INFO - Skipping already processed example (step log exists): rank=32794 path=/home/projects/bagon/shared/imagenet512/val/n03788195/ILSVRC2012_val_00024077.JPEG file=example_2141_rank_32794_n03788195_ILSVRC2012_val_00024077.JPEG_steps.csv
2025-09-23 12:14:31,347 - INFO - Skipping already processed example (step log exists): rank=32797 path=/home/projects/bagon/shared/imagenet512/val/n03793489/ILSVRC2012_val_00027734.JPEG file=example_2142_rank_32797_n03793489_ILSVRC2012_val_00027734.JPEG_steps.csv
2025-09-23 12:14:31,348 - INFO - Skipping already processed example (step log exists): rank=32798 path=/home/projects/bagon/shared/imagenet512/val/n02871525/ILSVRC2012_val_00017978.JPEG file=example_2143_rank_32798_n02871525_ILSVRC2012_val_00017978.JPEG_steps.csv
2025-09-23 12:14:31,348 - INFO - Skipping already processed example (step log exists): rank=32799 path=/home/projects/bagon/shared/imagenet512/val/n02791270/ILSVRC2012_val_00009990.JPEG file=example_2144_rank_32799_n02791270_ILSVRC2012_val_00009990.JPEG_steps.csv
2025-09-23 12:14:58,762 - INFO - Example /home/projects/bagon/shared/imagenet512/val/n04074963/ILSVRC2012_val_00016214.JPEG reached epsilon at step 849, loss sum: 167.1793, final loss: 0.00099659, weight distance: 0.0560
2025-09-23 12:15:38,866 - INFO - Example /home/projects/bagon/shared/imagenet512/val/n04596742/ILSVRC2012_val_00020801.JPEG reached epsilon at step 1295, loss sum: 1125.3433, final loss: 0.00099754, weight distance: 0.0850
2025-09-23 12:16:04,251 - INFO - Example /home/projects/bagon/shared/imagenet512/val/n02106550/ILSVRC2012_val_00036964.JPEG reached epsilon at step 777, loss sum: 137.1710, final loss: 0.00099564, weight distance: 0.0536
2025-09-23 12:16:33,868 - INFO - Example /home/projects/bagon/shared/imagenet512/val/n02395406/ILSVRC2012_val_00005151.JPEG reached epsilon at step 980, loss sum: 995.2990, final loss: 0.00099087, weight distance: 0.0745
2025-09-23 12:16:50,558 - INFO - Example /home/projects/bagon/shared/imagenet512/val/n01518878/ILSVRC2012_val_00028978.JPEG reached epsilon at step 540, loss sum: 208.7464, final loss: 0.00099373, weight distance: 0.0430
2025-09-23 12:17:13,705 - INFO - Example /home/projects/bagon/shared/imagenet512/val/n02111277/ILSVRC2012_val_00025805.JPEG reached epsilon at step 768, loss sum: 38.3436, final loss: 0.00099850, weight distance: 0.0471
2025-09-23 12:17:45,621 - INFO - Example /home/projects/bagon/shared/imagenet512/val/n02108915/ILSVRC2012_val_00027220.JPEG reached epsilon at step 1066, loss sum: 417.6795, final loss: 0.00099468, weight distance: 0.0728
2025-09-23 12:17:57,313 - INFO - Example /home/projects/bagon/shared/imagenet512/val/n03676483/ILSVRC2012_val_00001276.JPEG reached epsilon at step 274, loss sum: 1.7254, final loss: 0.00099373, weight distance: 0.0166
2025-09-23 12:18:35,583 - INFO - Example /home/projects/bagon/shared/imagenet512/val/n02093256/ILSVRC2012_val_00046547.JPEG reached epsilon at step 1289, loss sum: 204.4638, final loss: 0.00098515, weight distance: 0.0809
2025-09-23 12:18:57,217 - INFO - Example /home/projects/bagon/shared/imagenet512/val/n03661043/ILSVRC2012_val_00013268.JPEG reached epsilon at step 706, loss sum: 27.9714, final loss: 0.00099564, weight distance: 0.0438
2025-09-23 12:19:24,538 - INFO - Example /home/projects/bagon/shared/imagenet512/val/n02281787/ILSVRC2012_val_00021929.JPEG reached epsilon at step 833, loss sum: 398.5932, final loss: 0.00099373, weight distance: 0.0580
2025-09-23 12:19:53,751 - INFO - Example /home/projects/bagon/shared/imagenet512/val/n03633091/ILSVRC2012_val_00047536.JPEG reached epsilon at step 941, loss sum: 147.9787, final loss: 0.00099850, weight distance: 0.0616
2025-09-23 12:20:09,308 - INFO - Example /home/projects/bagon/shared/imagenet512/val/n02776631/ILSVRC2012_val_00027548.JPEG reached epsilon at step 504, loss sum: 221.2833, final loss: 0.00099754, weight distance: 0.0414
2025-09-23 12:20:25,337 - INFO - Example /home/projects/bagon/shared/imagenet512/val/n02093754/ILSVRC2012_val_00017764.JPEG reached epsilon at step 498, loss sum: 32.8346, final loss: 0.00099373, weight distance: 0.0345
2025-09-23 12:20:51,950 - INFO - Example /home/projects/bagon/shared/imagenet512/val/n02124075/ILSVRC2012_val_00010417.JPEG reached epsilon at step 877, loss sum: 77.0846, final loss: 0.00099850, weight distance: 0.0552
2025-09-23 12:21:23,157 - INFO - Example /home/projects/bagon/shared/imagenet512/val/n03063599/ILSVRC2012_val_00037302.JPEG reached epsilon at step 1047, loss sum: 74.8551, final loss: 0.00099850, weight distance: 0.0604
2025-09-23 12:21:52,670 - INFO - Example /home/projects/bagon/shared/imagenet512/val/n03534580/ILSVRC2012_val_00030501.JPEG reached epsilon at step 993, loss sum: 394.2716, final loss: 0.00099850, weight distance: 0.0628
2025-09-23 12:22:10,406 - INFO - Example /home/projects/bagon/shared/imagenet512/val/n03388043/ILSVRC2012_val_00002019.JPEG reached epsilon at step 579, loss sum: 96.7817, final loss: 0.00098991, weight distance: 0.0413
2025-09-23 12:22:40,632 - INFO - Example /home/projects/bagon/shared/imagenet512/val/n01537544/ILSVRC2012_val_00033196.JPEG reached epsilon at step 1019, loss sum: 1010.0006, final loss: 0.00098801, weight distance: 0.0729
2025-09-23 12:23:03,340 - INFO - Example /home/projects/bagon/shared/imagenet512/val/n02219486/ILSVRC2012_val_00043616.JPEG reached epsilon at step 757, loss sum: 342.7842, final loss: 0.00099754, weight distance: 0.0536
2025-09-23 12:23:32,030 - INFO - Example /home/projects/bagon/shared/imagenet512/val/n02012849/ILSVRC2012_val_00029323.JPEG reached epsilon at step 966, loss sum: 485.3569, final loss: 0.00099945, weight distance: 0.0699
2025-09-23 12:24:27,556 - INFO - Example /home/projects/bagon/shared/imagenet512/val/n03866082/ILSVRC2012_val_00003476.JPEG reached epsilon at step 1878, loss sum: 603.3919, final loss: 0.00098610, weight distance: 0.1035
2025-09-23 12:25:04,149 - INFO - Example /home/projects/bagon/shared/imagenet512/val/n03825788/ILSVRC2012_val_00028210.JPEG reached epsilon at step 1229, loss sum: 839.3675, final loss: 0.00099659, weight distance: 0.0847
2025-09-23 12:25:24,585 - INFO - Example /home/projects/bagon/shared/imagenet512/val/n01776313/ILSVRC2012_val_00015127.JPEG reached epsilon at step 679, loss sum: 508.3369, final loss: 0.00099182, weight distance: 0.0527
2025-09-23 12:25:49,427 - INFO - Example /home/projects/bagon/shared/imagenet512/val/n03843555/ILSVRC2012_val_00032354.JPEG reached epsilon at step 819, loss sum: 356.7778, final loss: 0.00099182, weight distance: 0.0619
2025-09-23 12:26:22,205 - INFO - Example /home/projects/bagon/shared/imagenet512/val/n02107574/ILSVRC2012_val_00046704.JPEG reached epsilon at step 1107, loss sum: 539.2271, final loss: 0.00099659, weight distance: 0.0745
2025-09-23 12:26:45,615 - INFO - Example /home/projects/bagon/shared/imagenet512/val/n04254120/ILSVRC2012_val_00003585.JPEG reached epsilon at step 781, loss sum: 308.7334, final loss: 0.00098896, weight distance: 0.0562
2025-09-23 12:27:08,725 - INFO - Example /home/projects/bagon/shared/imagenet512/val/n04596742/ILSVRC2012_val_00032337.JPEG reached epsilon at step 754, loss sum: 65.1782, final loss: 0.00098801, weight distance: 0.0484
2025-09-23 12:27:30,577 - INFO - Example /home/projects/bagon/shared/imagenet512/val/n03047690/ILSVRC2012_val_00021516.JPEG reached epsilon at step 719, loss sum: 41.0633, final loss: 0.00098610, weight distance: 0.0442
2025-09-23 12:28:10,827 - INFO - Example /home/projects/bagon/shared/imagenet512/val/n04487394/ILSVRC2012_val_00027297.JPEG reached epsilon at step 1366, loss sum: 573.7844, final loss: 0.00099850, weight distance: 0.0903
2025-09-23 12:28:50,518 - INFO - Example /home/projects/bagon/shared/imagenet512/val/n03877845/ILSVRC2012_val_00024009.JPEG reached epsilon at step 1304, loss sum: 299.3904, final loss: 0.00099945, weight distance: 0.0798
2025-09-23 12:29:24,842 - INFO - Example /home/projects/bagon/shared/imagenet512/val/n02106550/ILSVRC2012_val_00039235.JPEG reached epsilon at step 1162, loss sum: 259.4424, final loss: 0.00099659, weight distance: 0.0733
2025-09-23 12:29:38,688 - INFO - Example /home/projects/bagon/shared/imagenet512/val/n04442312/ILSVRC2012_val_00046863.JPEG reached epsilon at step 446, loss sum: 87.2555, final loss: 0.00099850, weight distance: 0.0347
2025-09-23 12:30:25,220 - INFO - Example /home/projects/bagon/shared/imagenet512/val/n04355933/ILSVRC2012_val_00043739.JPEG reached epsilon at step 1584, loss sum: 184.6038, final loss: 0.00099468, weight distance: 0.0875
2025-09-23 12:30:39,105 - INFO - Example /home/projects/bagon/shared/imagenet512/val/n04192698/ILSVRC2012_val_00007248.JPEG reached epsilon at step 449, loss sum: 15.4797, final loss: 0.00098896, weight distance: 0.0301
2025-09-23 12:31:10,629 - INFO - Example /home/projects/bagon/shared/imagenet512/val/n01695060/ILSVRC2012_val_00011927.JPEG reached epsilon at step 1063, loss sum: 1399.9704, final loss: 0.00099277, weight distance: 0.0768
2025-09-23 12:31:37,488 - INFO - Example /home/projects/bagon/shared/imagenet512/val/n03709823/ILSVRC2012_val_00017011.JPEG reached epsilon at step 893, loss sum: 278.8177, final loss: 0.00099373, weight distance: 0.0575
2025-09-23 12:32:23,514 - INFO - Example /home/projects/bagon/shared/imagenet512/val/n03017168/ILSVRC2012_val_00026592.JPEG reached epsilon at step 1567, loss sum: 1680.5932, final loss: 0.00099182, weight distance: 0.1047
2025-09-23 12:33:03,199 - INFO - Example /home/projects/bagon/shared/imagenet512/val/n01630670/ILSVRC2012_val_00038449.JPEG reached epsilon at step 1347, loss sum: 429.3897, final loss: 0.00098991, weight distance: 0.0803
2025-09-23 12:33:44,100 - INFO - Example /home/projects/bagon/shared/imagenet512/val/n04392985/ILSVRC2012_val_00042077.JPEG reached epsilon at step 1387, loss sum: 313.4605, final loss: 0.00099182, weight distance: 0.0872
2025-09-23 12:34:05,326 - INFO - Example /home/projects/bagon/shared/imagenet512/val/n03272010/ILSVRC2012_val_00008655.JPEG reached epsilon at step 704, loss sum: 289.9495, final loss: 0.00099182, weight distance: 0.0521
2025-09-23 12:34:39,742 - INFO - Example /home/projects/bagon/shared/imagenet512/val/n03649909/ILSVRC2012_val_00005717.JPEG reached epsilon at step 1138, loss sum: 618.3640, final loss: 0.00099182, weight distance: 0.0763
2025-09-23 12:34:55,747 - INFO - Example /home/projects/bagon/shared/imagenet512/val/n01774384/ILSVRC2012_val_00024956.JPEG reached epsilon at step 517, loss sum: 8.6502, final loss: 0.00099277, weight distance: 0.0297
2025-09-23 12:35:28,008 - INFO - Example /home/projects/bagon/shared/imagenet512/val/n02493509/ILSVRC2012_val_00000828.JPEG reached epsilon at step 1076, loss sum: 165.7030, final loss: 0.00099564, weight distance: 0.0665
2025-09-23 12:35:49,058 - INFO - Example /home/projects/bagon/shared/imagenet512/val/n03961711/ILSVRC2012_val_00008241.JPEG reached epsilon at step 690, loss sum: 630.4562, final loss: 0.00098991, weight distance: 0.0549
2025-09-23 12:35:58,541 - INFO - Example /home/projects/bagon/shared/imagenet512/val/n02056570/ILSVRC2012_val_00036314.JPEG reached epsilon at step 279, loss sum: 6.7953, final loss: 0.00099945, weight distance: 0.0209
2025-09-23 12:36:39,910 - INFO - Example /home/projects/bagon/shared/imagenet512/val/n04487394/ILSVRC2012_val_00000555.JPEG reached epsilon at step 1371, loss sum: 527.6756, final loss: 0.00098991, weight distance: 0.0846
2025-09-23 12:36:49,976 - INFO - Example /home/projects/bagon/shared/imagenet512/val/n03794056/ILSVRC2012_val_00019761.JPEG reached epsilon at step 306, loss sum: 6.6291, final loss: 0.00099945, weight distance: 0.0222
2025-09-23 12:37:11,310 - INFO - Example /home/projects/bagon/shared/imagenet512/val/n02190166/ILSVRC2012_val_00030902.JPEG reached epsilon at step 667, loss sum: 325.6535, final loss: 0.00099468, weight distance: 0.0515
2025-09-23 12:37:30,298 - INFO - Example /home/projects/bagon/shared/imagenet512/val/n03792782/ILSVRC2012_val_00024105.JPEG reached epsilon at step 613, loss sum: 63.4305, final loss: 0.00099182, weight distance: 0.0437
2025-09-23 12:38:08,288 - INFO - Example /home/projects/bagon/shared/imagenet512/val/n03179701/ILSVRC2012_val_00004410.JPEG reached epsilon at step 1260, loss sum: 290.2869, final loss: 0.00099945, weight distance: 0.0796
2025-09-23 12:38:26,185 - INFO - Example /home/projects/bagon/shared/imagenet512/val/n04099969/ILSVRC2012_val_00017631.JPEG reached epsilon at step 584, loss sum: 35.5154, final loss: 0.00098991, weight distance: 0.0373
2025-09-23 12:38:58,433 - INFO - Example /home/projects/bagon/shared/imagenet512/val/n02992529/ILSVRC2012_val_00039425.JPEG reached epsilon at step 1085, loss sum: 86.6981, final loss: 0.00099754, weight distance: 0.0635
2025-09-23 12:39:14,002 - INFO - Example /home/projects/bagon/shared/imagenet512/val/n02129165/ILSVRC2012_val_00015547.JPEG reached epsilon at step 494, loss sum: 163.1998, final loss: 0.00098515, weight distance: 0.0399
2025-09-23 12:39:41,351 - INFO - Example /home/projects/bagon/shared/imagenet512/val/n01697457/ILSVRC2012_val_00023759.JPEG reached epsilon at step 912, loss sum: 123.2582, final loss: 0.00098991, weight distance: 0.0568
2025-09-23 12:40:13,982 - INFO - Example /home/projects/bagon/shared/imagenet512/val/n02795169/ILSVRC2012_val_00034952.JPEG reached epsilon at step 1084, loss sum: 175.2227, final loss: 0.00098610, weight distance: 0.0677
2025-09-23 12:40:40,147 - INFO - Example /home/projects/bagon/shared/imagenet512/val/n02708093/ILSVRC2012_val_00013244.JPEG reached epsilon at step 874, loss sum: 87.7727, final loss: 0.00099087, weight distance: 0.0548
2025-09-23 12:41:07,867 - INFO - Example /home/projects/bagon/shared/imagenet512/val/n07860988/ILSVRC2012_val_00024061.JPEG reached epsilon at step 928, loss sum: 122.1819, final loss: 0.00099277, weight distance: 0.0582
2025-09-23 12:41:27,864 - INFO - Example /home/projects/bagon/shared/imagenet512/val/n04311174/ILSVRC2012_val_00035915.JPEG reached epsilon at step 634, loss sum: 135.9410, final loss: 0.00099277, weight distance: 0.0448
2025-09-23 12:42:01,992 - INFO - Example /home/projects/bagon/shared/imagenet512/val/n02834397/ILSVRC2012_val_00040465.JPEG reached epsilon at step 1152, loss sum: 436.0579, final loss: 0.00099754, weight distance: 0.0738
2025-09-23 12:42:24,116 - INFO - Example /home/projects/bagon/shared/imagenet512/val/n04209133/ILSVRC2012_val_00030130.JPEG reached epsilon at step 736, loss sum: 205.6983, final loss: 0.00098705, weight distance: 0.0504
2025-09-23 12:42:49,599 - INFO - Example /home/projects/bagon/shared/imagenet512/val/n02977058/ILSVRC2012_val_00030105.JPEG reached epsilon at step 853, loss sum: 277.4836, final loss: 0.00099850, weight distance: 0.0605
2025-09-23 12:43:19,823 - INFO - Example /home/projects/bagon/shared/imagenet512/val/n04612504/ILSVRC2012_val_00028027.JPEG reached epsilon at step 1018, loss sum: 794.0197, final loss: 0.00099754, weight distance: 0.0694
2025-09-23 12:43:48,267 - INFO - Example /home/projects/bagon/shared/imagenet512/val/n02865351/ILSVRC2012_val_00011007.JPEG reached epsilon at step 950, loss sum: 443.2088, final loss: 0.00099277, weight distance: 0.0678
2025-09-23 12:44:13,268 - INFO - Example /home/projects/bagon/shared/imagenet512/val/n04347754/ILSVRC2012_val_00047712.JPEG reached epsilon at step 834, loss sum: 360.6987, final loss: 0.00099564, weight distance: 0.0591
2025-09-23 12:44:34,617 - INFO - Example /home/projects/bagon/shared/imagenet512/val/n02133161/ILSVRC2012_val_00004660.JPEG reached epsilon at step 708, loss sum: 95.7663, final loss: 0.00099659, weight distance: 0.0468
2025-09-23 12:45:01,902 - INFO - Example /home/projects/bagon/shared/imagenet512/val/n01665541/ILSVRC2012_val_00016700.JPEG reached epsilon at step 916, loss sum: 737.0076, final loss: 0.00098991, weight distance: 0.0676
2025-09-23 12:45:28,475 - INFO - Example /home/projects/bagon/shared/imagenet512/val/n02500267/ILSVRC2012_val_00020962.JPEG reached epsilon at step 888, loss sum: 312.4806, final loss: 0.00099754, weight distance: 0.0637
2025-09-23 12:45:55,393 - INFO - Example /home/projects/bagon/shared/imagenet512/val/n02977058/ILSVRC2012_val_00041758.JPEG reached epsilon at step 899, loss sum: 302.4827, final loss: 0.00099277, weight distance: 0.0620
2025-09-23 12:46:08,953 - INFO - Example /home/projects/bagon/shared/imagenet512/val/n02058221/ILSVRC2012_val_00017197.JPEG reached epsilon at step 438, loss sum: 136.6735, final loss: 0.00098896, weight distance: 0.0358
2025-09-23 12:46:57,131 - INFO - Example /home/projects/bagon/shared/imagenet512/val/n03710721/ILSVRC2012_val_00017142.JPEG reached epsilon at step 1641, loss sum: 654.1225, final loss: 0.00099945, weight distance: 0.1019
2025-09-23 12:47:08,176 - INFO - Example /home/projects/bagon/shared/imagenet512/val/n03891332/ILSVRC2012_val_00036752.JPEG reached epsilon at step 350, loss sum: 7.6079, final loss: 0.00099945, weight distance: 0.0240
2025-09-23 12:47:34,950 - INFO - Example /home/projects/bagon/shared/imagenet512/val/n02128757/ILSVRC2012_val_00045279.JPEG reached epsilon at step 887, loss sum: 391.4688, final loss: 0.00099373, weight distance: 0.0571
2025-09-23 12:47:47,216 - INFO - Example /home/projects/bagon/shared/imagenet512/val/n04515003/ILSVRC2012_val_00047447.JPEG reached epsilon at step 372, loss sum: 9.9600, final loss: 0.00099468, weight distance: 0.0246
2025-09-23 12:48:09,878 - INFO - Example /home/projects/bagon/shared/imagenet512/val/n04347754/ILSVRC2012_val_00025445.JPEG reached epsilon at step 750, loss sum: 394.7414, final loss: 0.00099754, weight distance: 0.0565
2025-09-23 12:48:41,964 - INFO - Example /home/projects/bagon/shared/imagenet512/val/n02099601/ILSVRC2012_val_00011373.JPEG reached epsilon at step 1082, loss sum: 890.4135, final loss: 0.00099087, weight distance: 0.0738
2025-09-23 12:49:07,280 - INFO - Example /home/projects/bagon/shared/imagenet512/val/n03372029/ILSVRC2012_val_00005811.JPEG reached epsilon at step 843, loss sum: 302.9964, final loss: 0.00098801, weight distance: 0.0569
2025-09-23 12:49:32,797 - INFO - Example /home/projects/bagon/shared/imagenet512/val/n03014705/ILSVRC2012_val_00043523.JPEG reached epsilon at step 846, loss sum: 183.9108, final loss: 0.00099373, weight distance: 0.0589
2025-09-23 12:50:02,160 - INFO - Example /home/projects/bagon/shared/imagenet512/val/n02094258/ILSVRC2012_val_00016717.JPEG reached epsilon at step 977, loss sum: 222.6199, final loss: 0.00099564, weight distance: 0.0634
2025-09-23 12:50:15,565 - INFO - Example /home/projects/bagon/shared/imagenet512/val/n04458633/ILSVRC2012_val_00010203.JPEG reached epsilon at step 431, loss sum: 16.8149, final loss: 0.00098991, weight distance: 0.0291
2025-09-23 12:50:24,559 - INFO - Example /home/projects/bagon/shared/imagenet512/val/n09288635/ILSVRC2012_val_00030279.JPEG reached epsilon at step 259, loss sum: 0.7551, final loss: 0.00098801, weight distance: 0.0124
2025-09-23 12:51:03,161 - INFO - Example /home/projects/bagon/shared/imagenet512/val/n03498962/ILSVRC2012_val_00002436.JPEG reached epsilon at step 1306, loss sum: 441.2526, final loss: 0.00099373, weight distance: 0.0811
2025-09-23 12:51:17,676 - INFO - Example /home/projects/bagon/shared/imagenet512/val/n03935335/ILSVRC2012_val_00040179.JPEG reached epsilon at step 469, loss sum: 93.2209, final loss: 0.00099945, weight distance: 0.0352
2025-09-23 12:51:56,091 - INFO - Example /home/projects/bagon/shared/imagenet512/val/n03866082/ILSVRC2012_val_00023585.JPEG reached epsilon at step 1298, loss sum: 321.0429, final loss: 0.00099850, weight distance: 0.0770
2025-09-23 12:52:24,745 - INFO - Example /home/projects/bagon/shared/imagenet512/val/n04070727/ILSVRC2012_val_00029720.JPEG reached epsilon at step 953, loss sum: 319.9097, final loss: 0.00099945, weight distance: 0.0638
2025-09-23 12:53:04,865 - INFO - Example /home/projects/bagon/shared/imagenet512/val/n04461696/ILSVRC2012_val_00016077.JPEG reached epsilon at step 1353, loss sum: 781.8521, final loss: 0.00099945, weight distance: 0.0857
2025-09-23 12:53:24,653 - INFO - Example /home/projects/bagon/shared/imagenet512/val/n03670208/ILSVRC2012_val_00035788.JPEG reached epsilon at step 654, loss sum: 590.4166, final loss: 0.00099754, weight distance: 0.0521
2025-09-23 12:53:55,649 - INFO - Example /home/projects/bagon/shared/imagenet512/val/n02097474/ILSVRC2012_val_00008000.JPEG reached epsilon at step 1036, loss sum: 389.2813, final loss: 0.00099087, weight distance: 0.0668
2025-09-23 12:54:24,984 - INFO - Example /home/projects/bagon/shared/imagenet512/val/n02097209/ILSVRC2012_val_00012157.JPEG reached epsilon at step 984, loss sum: 219.5003, final loss: 0.00099945, weight distance: 0.0642
2025-09-23 12:54:52,396 - INFO - Example /home/projects/bagon/shared/imagenet512/val/n03461385/ILSVRC2012_val_00043522.JPEG reached epsilon at step 916, loss sum: 56.9826, final loss: 0.00099754, weight distance: 0.0527
2025-09-23 12:55:20,490 - INFO - Example /home/projects/bagon/shared/imagenet512/val/n04141327/ILSVRC2012_val_00038141.JPEG reached epsilon at step 942, loss sum: 116.1702, final loss: 0.00099850, weight distance: 0.0572
2025-09-23 12:55:46,893 - INFO - Example /home/projects/bagon/shared/imagenet512/val/n02093754/ILSVRC2012_val_00044070.JPEG reached epsilon at step 884, loss sum: 420.3898, final loss: 0.00099754, weight distance: 0.0616
2025-09-23 12:56:13,740 - INFO - Example /home/projects/bagon/shared/imagenet512/val/n03220513/ILSVRC2012_val_00011990.JPEG reached epsilon at step 884, loss sum: 120.4639, final loss: 0.00099182, weight distance: 0.0542
2025-09-23 12:56:39,746 - INFO - Example /home/projects/bagon/shared/imagenet512/val/n03970156/ILSVRC2012_val_00024484.JPEG reached epsilon at step 827, loss sum: 142.4741, final loss: 0.00099087, weight distance: 0.0565
2025-09-23 12:56:51,583 - INFO - Example /home/projects/bagon/shared/imagenet512/val/n04086273/ILSVRC2012_val_00011273.JPEG reached epsilon at step 370, loss sum: 8.7817, final loss: 0.00098991, weight distance: 0.0246
2025-09-23 12:57:25,310 - INFO - Example /home/projects/bagon/shared/imagenet512/val/n09256479/ILSVRC2012_val_00046480.JPEG reached epsilon at step 1119, loss sum: 72.9437, final loss: 0.00099945, weight distance: 0.0639
2025-09-23 12:58:01,894 - INFO - Example /home/projects/bagon/shared/imagenet512/val/n03400231/ILSVRC2012_val_00022472.JPEG reached epsilon at step 1238, loss sum: 288.4471, final loss: 0.00099182, weight distance: 0.0786
2025-09-23 12:58:29,650 - INFO - Example /home/projects/bagon/shared/imagenet512/val/n02093859/ILSVRC2012_val_00002687.JPEG reached epsilon at step 931, loss sum: 243.3257, final loss: 0.00099945, weight distance: 0.0628
2025-09-23 12:59:10,693 - INFO - Example /home/projects/bagon/shared/imagenet512/val/n02837789/ILSVRC2012_val_00037336.JPEG reached epsilon at step 1394, loss sum: 234.6091, final loss: 0.00099850, weight distance: 0.0842
2025-09-23 12:59:34,747 - INFO - Example /home/projects/bagon/shared/imagenet512/val/n01985128/ILSVRC2012_val_00005682.JPEG reached epsilon at step 803, loss sum: 419.5851, final loss: 0.00099277, weight distance: 0.0598
2025-09-23 12:59:57,972 - INFO - Example /home/projects/bagon/shared/imagenet512/val/n01882714/ILSVRC2012_val_00042550.JPEG reached epsilon at step 761, loss sum: 1364.8266, final loss: 0.00098705, weight distance: 0.0597
2025-09-23 13:00:28,175 - INFO - Example /home/projects/bagon/shared/imagenet512/val/n02096177/ILSVRC2012_val_00000379.JPEG reached epsilon at step 981, loss sum: 217.1126, final loss: 0.00099373, weight distance: 0.0652
2025-09-23 13:00:49,532 - INFO - Example /home/projects/bagon/shared/imagenet512/val/n03124170/ILSVRC2012_val_00006020.JPEG reached epsilon at step 703, loss sum: 170.0096, final loss: 0.00099468, weight distance: 0.0490
2025-09-23 13:01:02,553 - INFO - Example /home/projects/bagon/shared/imagenet512/val/n04209239/ILSVRC2012_val_00003105.JPEG reached epsilon at step 419, loss sum: 35.3649, final loss: 0.00099087, weight distance: 0.0316
2025-09-23 13:01:39,995 - INFO - Example /home/projects/bagon/shared/imagenet512/val/n03633091/ILSVRC2012_val_00025920.JPEG reached epsilon at step 1269, loss sum: 853.3682, final loss: 0.00099564, weight distance: 0.0871
2025-09-23 13:02:05,171 - INFO - Example /home/projects/bagon/shared/imagenet512/val/n04033901/ILSVRC2012_val_00008557.JPEG reached epsilon at step 841, loss sum: 960.2266, final loss: 0.00099087, weight distance: 0.0678
2025-09-23 13:02:26,439 - INFO - Example /home/projects/bagon/shared/imagenet512/val/n04540053/ILSVRC2012_val_00033288.JPEG reached epsilon at step 705, loss sum: 28.2318, final loss: 0.00099850, weight distance: 0.0424
2025-09-23 13:02:50,854 - INFO - Example /home/projects/bagon/shared/imagenet512/val/n04044716/ILSVRC2012_val_00011819.JPEG reached epsilon at step 815, loss sum: 371.4159, final loss: 0.00099754, weight distance: 0.0559
2025-09-23 13:03:16,314 - INFO - Example /home/projects/bagon/shared/imagenet512/val/n02481823/ILSVRC2012_val_00019335.JPEG reached epsilon at step 852, loss sum: 495.2773, final loss: 0.00099373, weight distance: 0.0567
2025-09-23 13:03:52,279 - INFO - Example /home/projects/bagon/shared/imagenet512/val/n01739381/ILSVRC2012_val_00013397.JPEG reached epsilon at step 1199, loss sum: 148.0213, final loss: 0.00098991, weight distance: 0.0708
2025-09-23 13:04:21,797 - INFO - Example /home/projects/bagon/shared/imagenet512/val/n02326432/ILSVRC2012_val_00001088.JPEG reached epsilon at step 975, loss sum: 393.1456, final loss: 0.00098515, weight distance: 0.0618
2025-09-23 13:04:42,703 - INFO - Example /home/projects/bagon/shared/imagenet512/val/n03498962/ILSVRC2012_val_00032383.JPEG reached epsilon at step 687, loss sum: 53.7569, final loss: 0.00098991, weight distance: 0.0460
2025-09-23 13:05:08,901 - INFO - Example /home/projects/bagon/shared/imagenet512/val/n04532670/ILSVRC2012_val_00011560.JPEG reached epsilon at step 857, loss sum: 262.3772, final loss: 0.00099277, weight distance: 0.0593
2025-09-23 13:05:32,645 - INFO - Example /home/projects/bagon/shared/imagenet512/val/n03763968/ILSVRC2012_val_00045190.JPEG reached epsilon at step 791, loss sum: 211.7215, final loss: 0.00099182, weight distance: 0.0542
2025-09-23 13:05:50,684 - INFO - Example /home/projects/bagon/shared/imagenet512/val/n04417672/ILSVRC2012_val_00011261.JPEG reached epsilon at step 593, loss sum: 274.2473, final loss: 0.00098896, weight distance: 0.0465
2025-09-23 13:06:30,041 - INFO - Example /home/projects/bagon/shared/imagenet512/val/n02802426/ILSVRC2012_val_00003772.JPEG reached epsilon at step 1334, loss sum: 1559.0416, final loss: 0.00099564, weight distance: 0.0958
2025-09-23 13:07:04,019 - INFO - Example /home/projects/bagon/shared/imagenet512/val/n03787032/ILSVRC2012_val_00004606.JPEG reached epsilon at step 1144, loss sum: 809.1045, final loss: 0.00099754, weight distance: 0.0714
2025-09-23 13:07:29,320 - INFO - Example /home/projects/bagon/shared/imagenet512/val/n04311004/ILSVRC2012_val_00033764.JPEG reached epsilon at step 846, loss sum: 327.2655, final loss: 0.00099277, weight distance: 0.0569
2025-09-23 13:07:58,935 - INFO - Example /home/projects/bagon/shared/imagenet512/val/n02165105/ILSVRC2012_val_00049578.JPEG reached epsilon at step 995, loss sum: 239.1579, final loss: 0.00099277, weight distance: 0.0624
2025-09-23 13:08:41,161 - INFO - Example /home/projects/bagon/shared/imagenet512/val/n04325704/ILSVRC2012_val_00003414.JPEG reached epsilon at step 1401, loss sum: 145.2139, final loss: 0.00099182, weight distance: 0.0781
2025-09-23 13:09:05,486 - INFO - Example /home/projects/bagon/shared/imagenet512/val/n01629819/ILSVRC2012_val_00018645.JPEG reached epsilon at step 800, loss sum: 305.1309, final loss: 0.00098991, weight distance: 0.0578
2025-09-23 13:09:30,548 - INFO - Example /home/projects/bagon/shared/imagenet512/val/n02102318/ILSVRC2012_val_00015303.JPEG reached epsilon at step 826, loss sum: 231.8244, final loss: 0.00099564, weight distance: 0.0567
2025-09-23 13:10:01,428 - INFO - Example /home/projects/bagon/shared/imagenet512/val/n04239074/ILSVRC2012_val_00010499.JPEG reached epsilon at step 1034, loss sum: 204.7009, final loss: 0.00099277, weight distance: 0.0604
2025-09-23 13:10:20,528 - INFO - Example /home/projects/bagon/shared/imagenet512/val/n04613696/ILSVRC2012_val_00018353.JPEG reached epsilon at step 630, loss sum: 89.0345, final loss: 0.00098801, weight distance: 0.0424
2025-09-23 13:11:00,906 - INFO - Example /home/projects/bagon/shared/imagenet512/val/n04370456/ILSVRC2012_val_00047168.JPEG reached epsilon at step 1370, loss sum: 955.0101, final loss: 0.00099754, weight distance: 0.0923
2025-09-23 13:11:14,255 - INFO - Example /home/projects/bagon/shared/imagenet512/val/n04347754/ILSVRC2012_val_00013469.JPEG reached epsilon at step 426, loss sum: 27.3154, final loss: 0.00099659, weight distance: 0.0318
2025-09-23 13:11:58,345 - INFO - Example /home/projects/bagon/shared/imagenet512/val/n04090263/ILSVRC2012_val_00008203.JPEG reached epsilon at step 1499, loss sum: 996.7037, final loss: 0.00099945, weight distance: 0.0867
2025-09-23 13:12:23,012 - INFO - Example /home/projects/bagon/shared/imagenet512/val/n09256479/ILSVRC2012_val_00005939.JPEG reached epsilon at step 822, loss sum: 36.1771, final loss: 0.00099277, weight distance: 0.0476
2025-09-23 13:12:42,534 - INFO - Example /home/projects/bagon/shared/imagenet512/val/n02948072/ILSVRC2012_val_00007889.JPEG reached epsilon at step 645, loss sum: 38.5869, final loss: 0.00099182, weight distance: 0.0407
2025-09-23 13:13:09,422 - INFO - Example /home/projects/bagon/shared/imagenet512/val/n03197337/ILSVRC2012_val_00039590.JPEG reached epsilon at step 898, loss sum: 206.0661, final loss: 0.00099468, weight distance: 0.0622
2025-09-23 13:13:43,887 - INFO - Example /home/projects/bagon/shared/imagenet512/val/n04597913/ILSVRC2012_val_00041678.JPEG reached epsilon at step 1164, loss sum: 275.2981, final loss: 0.00098705, weight distance: 0.0698
2025-09-23 13:14:28,230 - INFO - Example /home/projects/bagon/shared/imagenet512/val/n04192698/ILSVRC2012_val_00024342.JPEG reached epsilon at step 1508, loss sum: 1397.2079, final loss: 0.00098801, weight distance: 0.1022
2025-09-23 13:14:59,281 - INFO - Example /home/projects/bagon/shared/imagenet512/val/n03089624/ILSVRC2012_val_00036006.JPEG reached epsilon at step 1046, loss sum: 360.9944, final loss: 0.00099659, weight distance: 0.0705
2025-09-23 13:15:14,781 - INFO - Example /home/projects/bagon/shared/imagenet512/val/n02493793/ILSVRC2012_val_00045647.JPEG reached epsilon at step 503, loss sum: 5.6700, final loss: 0.00099945, weight distance: 0.0280
2025-09-23 13:15:53,697 - INFO - Example /home/projects/bagon/shared/imagenet512/val/n03874599/ILSVRC2012_val_00040089.JPEG reached epsilon at step 1303, loss sum: 1145.6467, final loss: 0.00099468, weight distance: 0.0834
2025-09-23 13:16:23,900 - INFO - Example /home/projects/bagon/shared/imagenet512/val/n03494278/ILSVRC2012_val_00032221.JPEG reached epsilon at step 997, loss sum: 209.1753, final loss: 0.00099182, weight distance: 0.0654
2025-09-23 13:16:58,282 - INFO - Example /home/projects/bagon/shared/imagenet512/val/n07590611/ILSVRC2012_val_00007171.JPEG reached epsilon at step 1161, loss sum: 361.6129, final loss: 0.00099182, weight distance: 0.0802
2025-09-23 13:17:31,451 - INFO - Example /home/projects/bagon/shared/imagenet512/val/n03498962/ILSVRC2012_val_00017263.JPEG reached epsilon at step 1117, loss sum: 571.4247, final loss: 0.00099659, weight distance: 0.0746
2025-09-23 13:17:55,544 - INFO - Example /home/projects/bagon/shared/imagenet512/val/n02978881/ILSVRC2012_val_00046339.JPEG reached epsilon at step 804, loss sum: 303.1748, final loss: 0.00099373, weight distance: 0.0568
2025-09-23 13:18:14,590 - INFO - Example /home/projects/bagon/shared/imagenet512/val/n02328150/ILSVRC2012_val_00031754.JPEG reached epsilon at step 628, loss sum: 598.6414, final loss: 0.00099087, weight distance: 0.0508
2025-09-23 13:18:48,619 - INFO - Example /home/projects/bagon/shared/imagenet512/val/n02089078/ILSVRC2012_val_00031040.JPEG reached epsilon at step 1138, loss sum: 118.2616, final loss: 0.00099659, weight distance: 0.0650
2025-09-23 13:19:22,986 - INFO - Example /home/projects/bagon/shared/imagenet512/val/n03720891/ILSVRC2012_val_00012522.JPEG reached epsilon at step 1141, loss sum: 647.7767, final loss: 0.00099564, weight distance: 0.0772
2025-09-23 13:20:00,115 - INFO - Example /home/projects/bagon/shared/imagenet512/val/n04591713/ILSVRC2012_val_00005191.JPEG reached epsilon at step 1254, loss sum: 1653.7477, final loss: 0.00099754, weight distance: 0.0884
2025-09-23 13:20:24,316 - INFO - Example /home/projects/bagon/shared/imagenet512/val/n04270147/ILSVRC2012_val_00013086.JPEG reached epsilon at step 806, loss sum: 286.3621, final loss: 0.00099659, weight distance: 0.0549
2025-09-23 13:20:46,088 - INFO - Example /home/projects/bagon/shared/imagenet512/val/n04542943/ILSVRC2012_val_00021158.JPEG reached epsilon at step 688, loss sum: 511.9731, final loss: 0.00099373, weight distance: 0.0564
2025-09-23 13:21:09,173 - INFO - Example /home/projects/bagon/shared/imagenet512/val/n03259280/ILSVRC2012_val_00035498.JPEG reached epsilon at step 769, loss sum: 139.2354, final loss: 0.00099659, weight distance: 0.0538
2025-09-23 13:21:36,647 - INFO - Example /home/projects/bagon/shared/imagenet512/val/n03109150/ILSVRC2012_val_00012867.JPEG reached epsilon at step 881, loss sum: 300.7959, final loss: 0.00099564, weight distance: 0.0606
2025-09-23 13:22:06,340 - INFO - Example /home/projects/bagon/shared/imagenet512/val/n04355338/ILSVRC2012_val_00041972.JPEG reached epsilon at step 994, loss sum: 502.7909, final loss: 0.00099277, weight distance: 0.0728
2025-09-23 13:22:35,893 - INFO - Example /home/projects/bagon/shared/imagenet512/val/n03958227/ILSVRC2012_val_00005406.JPEG reached epsilon at step 965, loss sum: 220.0488, final loss: 0.00098610, weight distance: 0.0633
2025-09-23 13:23:00,696 - INFO - Example /home/projects/bagon/shared/imagenet512/val/n02807133/ILSVRC2012_val_00016957.JPEG reached epsilon at step 811, loss sum: 1439.2031, final loss: 0.00099087, weight distance: 0.0629
2025-09-23 13:23:12,601 - INFO - Example /home/projects/bagon/shared/imagenet512/val/n02123597/ILSVRC2012_val_00005466.JPEG reached epsilon at step 375, loss sum: 30.5041, final loss: 0.00098801, weight distance: 0.0284
2025-09-23 13:23:44,871 - INFO - Example /home/projects/bagon/shared/imagenet512/val/n03770439/ILSVRC2012_val_00035350.JPEG reached epsilon at step 1086, loss sum: 772.9579, final loss: 0.00099945, weight distance: 0.0753
2025-09-23 13:24:21,902 - INFO - Example /home/projects/bagon/shared/imagenet512/val/n04154565/ILSVRC2012_val_00041012.JPEG reached epsilon at step 1222, loss sum: 171.9279, final loss: 0.00099373, weight distance: 0.0725
2025-09-23 13:24:48,951 - INFO - Example /home/projects/bagon/shared/imagenet512/val/n02113799/ILSVRC2012_val_00021171.JPEG reached epsilon at step 907, loss sum: 141.4144, final loss: 0.00098610, weight distance: 0.0556
2025-09-23 13:25:20,859 - INFO - Example /home/projects/bagon/shared/imagenet512/val/n01924916/ILSVRC2012_val_00024354.JPEG reached epsilon at step 1062, loss sum: 231.6937, final loss: 0.00099945, weight distance: 0.0660
2025-09-23 13:25:58,811 - INFO - Example /home/projects/bagon/shared/imagenet512/val/n02097047/ILSVRC2012_val_00046290.JPEG reached epsilon at step 1286, loss sum: 660.0911, final loss: 0.00099468, weight distance: 0.0821
2025-09-23 13:26:16,166 - INFO - Example /home/projects/bagon/shared/imagenet512/val/n02112706/ILSVRC2012_val_00012446.JPEG reached epsilon at step 569, loss sum: 94.6247, final loss: 0.00099373, weight distance: 0.0427
2025-09-23 13:26:47,267 - INFO - Example /home/projects/bagon/shared/imagenet512/val/n03887697/ILSVRC2012_val_00047599.JPEG reached epsilon at step 1047, loss sum: 326.8935, final loss: 0.00099373, weight distance: 0.0628
2025-09-23 13:27:33,327 - INFO - Example /home/projects/bagon/shared/imagenet512/val/n03180011/ILSVRC2012_val_00014012.JPEG reached epsilon at step 1554, loss sum: 327.5618, final loss: 0.00099945, weight distance: 0.0978
2025-09-23 13:28:11,248 - INFO - Example /home/projects/bagon/shared/imagenet512/val/n02009912/ILSVRC2012_val_00015455.JPEG reached epsilon at step 1266, loss sum: 190.8640, final loss: 0.00099850, weight distance: 0.0727
2025-09-23 13:28:30,346 - INFO - Example /home/projects/bagon/shared/imagenet512/val/n03208938/ILSVRC2012_val_00019852.JPEG reached epsilon at step 602, loss sum: 109.6210, final loss: 0.00099087, weight distance: 0.0393
2025-09-23 13:28:58,632 - INFO - Example /home/projects/bagon/shared/imagenet512/val/n02412080/ILSVRC2012_val_00047313.JPEG reached epsilon at step 934, loss sum: 462.0783, final loss: 0.00099850, weight distance: 0.0695
2025-09-23 13:29:12,631 - INFO - Example /home/projects/bagon/shared/imagenet512/val/n09229709/ILSVRC2012_val_00045417.JPEG reached epsilon at step 452, loss sum: 109.6486, final loss: 0.00099754, weight distance: 0.0371
2025-09-23 13:29:35,007 - INFO - Example /home/projects/bagon/shared/imagenet512/val/n02769748/ILSVRC2012_val_00000459.JPEG reached epsilon at step 739, loss sum: 190.1380, final loss: 0.00099468, weight distance: 0.0509
2025-09-23 13:30:01,048 - INFO - Example /home/projects/bagon/shared/imagenet512/val/n04040759/ILSVRC2012_val_00041590.JPEG reached epsilon at step 845, loss sum: 411.8713, final loss: 0.00099564, weight distance: 0.0627
2025-09-23 13:30:24,499 - INFO - Example /home/projects/bagon/shared/imagenet512/val/n07614500/ILSVRC2012_val_00046813.JPEG reached epsilon at step 780, loss sum: 172.8632, final loss: 0.00099564, weight distance: 0.0522
2025-09-23 13:30:52,308 - INFO - Example /home/projects/bagon/shared/imagenet512/val/n02091032/ILSVRC2012_val_00006054.JPEG reached epsilon at step 930, loss sum: 746.1134, final loss: 0.00099373, weight distance: 0.0663
2025-09-23 13:31:03,455 - INFO - Example /home/projects/bagon/shared/imagenet512/val/n01828970/ILSVRC2012_val_00048824.JPEG reached epsilon at step 353, loss sum: 12.9694, final loss: 0.00099373, weight distance: 0.0255
2025-09-23 13:31:25,833 - INFO - Example /home/projects/bagon/shared/imagenet512/val/n03843555/ILSVRC2012_val_00016967.JPEG reached epsilon at step 744, loss sum: 136.1627, final loss: 0.00099564, weight distance: 0.0517
2025-09-23 13:31:50,253 - INFO - Example /home/projects/bagon/shared/imagenet512/val/n03100240/ILSVRC2012_val_00015198.JPEG reached epsilon at step 782, loss sum: 19.8917, final loss: 0.00099468, weight distance: 0.0413
2025-09-23 13:32:16,941 - INFO - Example /home/projects/bagon/shared/imagenet512/val/n07716906/ILSVRC2012_val_00002343.JPEG reached epsilon at step 891, loss sum: 98.2970, final loss: 0.00099277, weight distance: 0.0583
2025-09-23 13:32:40,049 - INFO - Example /home/projects/bagon/shared/imagenet512/val/n03062245/ILSVRC2012_val_00042505.JPEG reached epsilon at step 770, loss sum: 38.1824, final loss: 0.00099850, weight distance: 0.0453
2025-09-23 13:33:01,292 - INFO - Example /home/projects/bagon/shared/imagenet512/val/n02106550/ILSVRC2012_val_00018972.JPEG reached epsilon at step 703, loss sum: 72.9528, final loss: 0.00099659, weight distance: 0.0468
2025-09-23 13:33:28,704 - INFO - Example /home/projects/bagon/shared/imagenet512/val/n03345487/ILSVRC2012_val_00037232.JPEG reached epsilon at step 913, loss sum: 309.3995, final loss: 0.00099373, weight distance: 0.0616
2025-09-23 13:33:59,230 - INFO - Example /home/projects/bagon/shared/imagenet512/val/n04074963/ILSVRC2012_val_00000275.JPEG reached epsilon at step 1026, loss sum: 1159.4771, final loss: 0.00099564, weight distance: 0.0774
2025-09-23 13:34:24,679 - INFO - Example /home/projects/bagon/shared/imagenet512/val/n07697537/ILSVRC2012_val_00010271.JPEG reached epsilon at step 850, loss sum: 337.5702, final loss: 0.00099659, weight distance: 0.0619
2025-09-23 13:34:55,324 - INFO - Example /home/projects/bagon/shared/imagenet512/val/n04277352/ILSVRC2012_val_00002793.JPEG reached epsilon at step 1028, loss sum: 1610.1305, final loss: 0.00099182, weight distance: 0.0766
2025-09-23 13:35:22,798 - INFO - Example /home/projects/bagon/shared/imagenet512/val/n02111277/ILSVRC2012_val_00010734.JPEG reached epsilon at step 922, loss sum: 684.2515, final loss: 0.00099945, weight distance: 0.0636
2025-09-23 13:35:56,821 - INFO - Example /home/projects/bagon/shared/imagenet512/val/n01749939/ILSVRC2012_val_00012768.JPEG reached epsilon at step 1133, loss sum: 359.8854, final loss: 0.00098705, weight distance: 0.0740
2025-09-23 13:36:20,888 - INFO - Example /home/projects/bagon/shared/imagenet512/val/n01945685/ILSVRC2012_val_00008468.JPEG reached epsilon at step 802, loss sum: 629.3297, final loss: 0.00099087, weight distance: 0.0608
2025-09-23 13:36:49,945 - INFO - Example /home/projects/bagon/shared/imagenet512/val/n07614500/ILSVRC2012_val_00024640.JPEG reached epsilon at step 978, loss sum: 217.8542, final loss: 0.00099945, weight distance: 0.0644
2025-09-23 13:37:17,379 - INFO - Example /home/projects/bagon/shared/imagenet512/val/n02484975/ILSVRC2012_val_00016599.JPEG reached epsilon at step 921, loss sum: 266.2290, final loss: 0.00099182, weight distance: 0.0609
2025-09-23 13:37:51,908 - INFO - Example /home/projects/bagon/shared/imagenet512/val/n02483708/ILSVRC2012_val_00015529.JPEG reached epsilon at step 1166, loss sum: 230.4869, final loss: 0.00099850, weight distance: 0.0701
2025-09-23 13:38:20,995 - INFO - Example /home/projects/bagon/shared/imagenet512/val/n02167151/ILSVRC2012_val_00033826.JPEG reached epsilon at step 955, loss sum: 185.3130, final loss: 0.00099373, weight distance: 0.0607
2025-09-23 13:38:56,075 - INFO - Example /home/projects/bagon/shared/imagenet512/val/n03063689/ILSVRC2012_val_00029784.JPEG reached epsilon at step 1157, loss sum: 279.4465, final loss: 0.00098515, weight distance: 0.0727
2025-09-23 13:39:23,011 - INFO - Example /home/projects/bagon/shared/imagenet512/val/n03630383/ILSVRC2012_val_00049346.JPEG reached epsilon at step 870, loss sum: 155.7191, final loss: 0.00099277, weight distance: 0.0506
2025-09-23 13:39:53,549 - INFO - Example /home/projects/bagon/shared/imagenet512/val/n07734744/ILSVRC2012_val_00046937.JPEG reached epsilon at step 1025, loss sum: 115.0774, final loss: 0.00099564, weight distance: 0.0645
2025-09-23 13:40:20,560 - INFO - Example /home/projects/bagon/shared/imagenet512/val/n04179913/ILSVRC2012_val_00010396.JPEG reached epsilon at step 902, loss sum: 784.5936, final loss: 0.00099373, weight distance: 0.0672
2025-09-23 13:40:44,276 - INFO - Example /home/projects/bagon/shared/imagenet512/val/n02128925/ILSVRC2012_val_00017739.JPEG reached epsilon at step 789, loss sum: 142.7111, final loss: 0.00099659, weight distance: 0.0540
2025-09-23 13:41:19,245 - INFO - Example /home/projects/bagon/shared/imagenet512/val/n02002556/ILSVRC2012_val_00009637.JPEG reached epsilon at step 1180, loss sum: 1442.1712, final loss: 0.00099373, weight distance: 0.0817
2025-09-23 13:41:44,694 - INFO - Example /home/projects/bagon/shared/imagenet512/val/n02879718/ILSVRC2012_val_00034986.JPEG reached epsilon at step 808, loss sum: 228.3206, final loss: 0.00099182, weight distance: 0.0573
2025-09-23 13:42:04,688 - INFO - Example /home/projects/bagon/shared/imagenet512/val/n04254777/ILSVRC2012_val_00030110.JPEG reached epsilon at step 661, loss sum: 91.2931, final loss: 0.00099945, weight distance: 0.0459
2025-09-23 13:42:34,321 - INFO - Example /home/projects/bagon/shared/imagenet512/val/n04254120/ILSVRC2012_val_00045966.JPEG reached epsilon at step 991, loss sum: 602.4235, final loss: 0.00099277, weight distance: 0.0694
2025-09-23 13:43:00,221 - INFO - Example /home/projects/bagon/shared/imagenet512/val/n02892767/ILSVRC2012_val_00040902.JPEG reached epsilon at step 863, loss sum: 192.5769, final loss: 0.00099182, weight distance: 0.0581
2025-09-23 13:43:25,620 - INFO - Example /home/projects/bagon/shared/imagenet512/val/n03877472/ILSVRC2012_val_00023891.JPEG reached epsilon at step 839, loss sum: 171.0893, final loss: 0.00099373, weight distance: 0.0553
2025-09-23 13:44:01,146 - INFO - Example /home/projects/bagon/shared/imagenet512/val/n02231487/ILSVRC2012_val_00016740.JPEG reached epsilon at step 1193, loss sum: 100.2606, final loss: 0.00099850, weight distance: 0.0666
2025-09-23 13:44:19,223 - INFO - Example /home/projects/bagon/shared/imagenet512/val/n02950826/ILSVRC2012_val_00011155.JPEG reached epsilon at step 573, loss sum: 24.2358, final loss: 0.00099754, weight distance: 0.0350
2025-09-23 13:44:42,287 - INFO - Example /home/projects/bagon/shared/imagenet512/val/n04604644/ILSVRC2012_val_00049765.JPEG reached epsilon at step 770, loss sum: 403.8329, final loss: 0.00099373, weight distance: 0.0590
2025-09-23 13:45:12,674 - INFO - Example /home/projects/bagon/shared/imagenet512/val/n03666591/ILSVRC2012_val_00043458.JPEG reached epsilon at step 1023, loss sum: 367.9468, final loss: 0.00099087, weight distance: 0.0676
2025-09-23 13:45:43,731 - INFO - Example /home/projects/bagon/shared/imagenet512/val/n03916031/ILSVRC2012_val_00008485.JPEG reached epsilon at step 1008, loss sum: 569.2746, final loss: 0.00099087, weight distance: 0.0713
2025-09-23 13:46:11,273 - INFO - Example /home/projects/bagon/shared/imagenet512/val/n03770439/ILSVRC2012_val_00042096.JPEG reached epsilon at step 925, loss sum: 188.3567, final loss: 0.00099373, weight distance: 0.0599
2025-09-23 13:46:33,547 - INFO - Example /home/projects/bagon/shared/imagenet512/val/n03538406/ILSVRC2012_val_00010304.JPEG reached epsilon at step 725, loss sum: 99.6694, final loss: 0.00099850, weight distance: 0.0501
2025-09-23 13:46:57,339 - INFO - Example /home/projects/bagon/shared/imagenet512/val/n03063599/ILSVRC2012_val_00038877.JPEG reached epsilon at step 755, loss sum: 15.4938, final loss: 0.00099945, weight distance: 0.0413
2025-09-23 13:47:21,274 - INFO - Example /home/projects/bagon/shared/imagenet512/val/n04372370/ILSVRC2012_val_00005605.JPEG reached epsilon at step 779, loss sum: 168.8967, final loss: 0.00098896, weight distance: 0.0530
2025-09-23 13:47:58,476 - INFO - Example /home/projects/bagon/shared/imagenet512/val/n02226429/ILSVRC2012_val_00042700.JPEG reached epsilon at step 1239, loss sum: 149.0194, final loss: 0.00098801, weight distance: 0.0735
2025-09-23 13:48:24,260 - INFO - Example /home/projects/bagon/shared/imagenet512/val/n03692522/ILSVRC2012_val_00040860.JPEG reached epsilon at step 861, loss sum: 647.9471, final loss: 0.00099945, weight distance: 0.0652
2025-09-23 13:48:58,934 - INFO - Example /home/projects/bagon/shared/imagenet512/val/n03908714/ILSVRC2012_val_00036156.JPEG reached epsilon at step 1144, loss sum: 536.6563, final loss: 0.00099373, weight distance: 0.0767
2025-09-23 13:49:23,957 - INFO - Example /home/projects/bagon/shared/imagenet512/val/n02091134/ILSVRC2012_val_00012906.JPEG reached epsilon at step 815, loss sum: 434.9034, final loss: 0.00099564, weight distance: 0.0591
2025-09-23 13:49:51,458 - INFO - Example /home/projects/bagon/shared/imagenet512/val/n04332243/ILSVRC2012_val_00009768.JPEG reached epsilon at step 923, loss sum: 479.4636, final loss: 0.00099754, weight distance: 0.0676
2025-09-23 13:50:18,030 - INFO - Example /home/projects/bagon/shared/imagenet512/val/n04336792/ILSVRC2012_val_00037267.JPEG reached epsilon at step 891, loss sum: 601.6473, final loss: 0.00099468, weight distance: 0.0633
2025-09-23 13:50:39,070 - INFO - Example /home/projects/bagon/shared/imagenet512/val/n01986214/ILSVRC2012_val_00020664.JPEG reached epsilon at step 698, loss sum: 204.6153, final loss: 0.00099945, weight distance: 0.0508
2025-09-23 13:51:05,778 - INFO - Example /home/projects/bagon/shared/imagenet512/val/n02108915/ILSVRC2012_val_00002780.JPEG reached epsilon at step 881, loss sum: 560.3501, final loss: 0.00098991, weight distance: 0.0601
2025-09-23 13:51:43,931 - INFO - Example /home/projects/bagon/shared/imagenet512/val/n03109150/ILSVRC2012_val_00004384.JPEG reached epsilon at step 1290, loss sum: 282.4048, final loss: 0.00099087, weight distance: 0.0751
2025-09-23 13:52:05,953 - INFO - Example /home/projects/bagon/shared/imagenet512/val/n04141327/ILSVRC2012_val_00000622.JPEG reached epsilon at step 702, loss sum: 186.5402, final loss: 0.00099468, weight distance: 0.0484
2025-09-23 13:52:25,960 - INFO - Example /home/projects/bagon/shared/imagenet512/val/n02095889/ILSVRC2012_val_00031420.JPEG reached epsilon at step 654, loss sum: 92.2144, final loss: 0.00099277, weight distance: 0.0448
2025-09-23 13:52:36,404 - INFO - Example /home/projects/bagon/shared/imagenet512/val/n03733281/ILSVRC2012_val_00005660.JPEG reached epsilon at step 304, loss sum: 4.3529, final loss: 0.00099754, weight distance: 0.0207
2025-09-23 13:53:05,677 - INFO - Example /home/projects/bagon/shared/imagenet512/val/n09246464/ILSVRC2012_val_00034504.JPEG reached epsilon at step 959, loss sum: 70.8602, final loss: 0.00099659, weight distance: 0.0537
2025-09-23 13:53:36,376 - INFO - Example /home/projects/bagon/shared/imagenet512/val/n03461385/ILSVRC2012_val_00003895.JPEG reached epsilon at step 1034, loss sum: 209.6755, final loss: 0.00098801, weight distance: 0.0677
2025-09-23 13:53:58,886 - INFO - Example /home/projects/bagon/shared/imagenet512/val/n02879718/ILSVRC2012_val_00001354.JPEG reached epsilon at step 750, loss sum: 258.9499, final loss: 0.00099850, weight distance: 0.0539
2025-09-23 13:54:29,236 - INFO - Example /home/projects/bagon/shared/imagenet512/val/n02109047/ILSVRC2012_val_00035579.JPEG reached epsilon at step 1020, loss sum: 606.4805, final loss: 0.00099659, weight distance: 0.0727
2025-09-23 13:54:49,620 - INFO - Example /home/projects/bagon/shared/imagenet512/val/n03425413/ILSVRC2012_val_00032250.JPEG reached epsilon at step 675, loss sum: 259.9027, final loss: 0.00099754, weight distance: 0.0512
2025-09-23 13:55:13,921 - INFO - Example /home/projects/bagon/shared/imagenet512/val/n02091134/ILSVRC2012_val_00004956.JPEG reached epsilon at step 792, loss sum: 165.2633, final loss: 0.00099182, weight distance: 0.0541
2025-09-23 13:55:34,357 - INFO - Example /home/projects/bagon/shared/imagenet512/val/n07873807/ILSVRC2012_val_00047884.JPEG reached epsilon at step 642, loss sum: 174.9218, final loss: 0.00099087, weight distance: 0.0469
2025-09-23 13:56:09,773 - INFO - Example /home/projects/bagon/shared/imagenet512/val/n02093428/ILSVRC2012_val_00035793.JPEG reached epsilon at step 1195, loss sum: 383.6314, final loss: 0.00099087, weight distance: 0.0786
2025-09-23 13:56:22,463 - INFO - Example /home/projects/bagon/shared/imagenet512/val/n07747607/ILSVRC2012_val_00028980.JPEG reached epsilon at step 405, loss sum: 17.5302, final loss: 0.00099564, weight distance: 0.0284
2025-09-23 13:56:54,987 - INFO - Example /home/projects/bagon/shared/imagenet512/val/n01644373/ILSVRC2012_val_00012248.JPEG reached epsilon at step 1085, loss sum: 217.5749, final loss: 0.00098610, weight distance: 0.0581
2025-09-23 13:57:32,358 - INFO - Example /home/projects/bagon/shared/imagenet512/val/n04467665/ILSVRC2012_val_00025592.JPEG reached epsilon at step 1254, loss sum: 1322.9518, final loss: 0.00099564, weight distance: 0.0769
2025-09-23 13:58:11,490 - INFO - Example /home/projects/bagon/shared/imagenet512/val/n03109150/ILSVRC2012_val_00018467.JPEG reached epsilon at step 1311, loss sum: 662.9536, final loss: 0.00099659, weight distance: 0.0833
2025-09-23 13:58:46,035 - INFO - Example /home/projects/bagon/shared/imagenet512/val/n01828970/ILSVRC2012_val_00011489.JPEG reached epsilon at step 1168, loss sum: 925.0726, final loss: 0.00099182, weight distance: 0.0845
2025-09-23 13:59:15,382 - INFO - Example /home/projects/bagon/shared/imagenet512/val/n03623198/ILSVRC2012_val_00019062.JPEG reached epsilon at step 985, loss sum: 594.6760, final loss: 0.00099468, weight distance: 0.0758
2025-09-23 13:59:42,228 - INFO - Example /home/projects/bagon/shared/imagenet512/val/n03877472/ILSVRC2012_val_00015038.JPEG reached epsilon at step 900, loss sum: 249.8655, final loss: 0.00099564, weight distance: 0.0601
2025-09-23 13:59:42,838 - INFO - Time limit reached. Exiting before starting next example.
2025-09-23 13:59:42,838 - INFO - Worker 1 exiting due to time limit; processed 702/1674 assigned examples. Not marking DONE.
