example_index,path,total_steps_to_epsilon,total_loss_sum,final_loss,weight_distance,softmax_wasserstein,grad_mass_wasserstein,universal_difficulty_rank
0,/home/projects/bagon/shared/imagenet512/val/n04467665/ILSVRC2012_val_00038360.JPEG,2,2.0200798012665473,0.0005814530304633081,0.23046621553189373,0.8667498698541374,0.1537049981274255,15153
1,/home/projects/bagon/shared/imagenet512/val/n06596364/ILSVRC2012_val_00014976.JPEG,2,0.3457528314902447,0.00035601475974544883,0.06296424061272778,0.2917097212245788,0.10959873449193752,17150
2,/home/projects/bagon/shared/imagenet512/val/n07730033/ILSVRC2012_val_00000881.JPEG,27,0.39415315946098417,0.0009866851614788175,0.04582876297178137,0.30070453978514217,0.12447083194778841,17766
3,/home/projects/bagon/shared/imagenet512/val/n02325366/ILSVRC2012_val_00021928.JPEG,2,0.7177758781544981,7.915183232398704e-05,0.08237061227996573,0.5120552420161196,0.14523784397593517,18698
4,/home/projects/bagon/shared/imagenet512/val/n02119022/ILSVRC2012_val_00012749.JPEG,58,0.3841736828908324,0.0009918061550706625,0.043276063488043935,0.19963227739710032,0.07543083818010424,18949
5,/home/projects/bagon/shared/imagenet512/val/n02483708/ILSVRC2012_val_00029097.JPEG,12,0.4046834828914143,0.0009744186536408961,0.05353541191210052,0.3234256932339934,0.13915575487623336,19644
6,/home/projects/bagon/shared/imagenet512/val/n04347754/ILSVRC2012_val_00044250.JPEG,2,1.2461832761764526,0.0,0.22667454805838277,0.7123996015031415,0.10298115928767282,19682
7,/home/projects/bagon/shared/imagenet512/val/n02363005/ILSVRC2012_val_00003202.JPEG,30,0.19794977619312704,0.000992997083812952,0.03151215146855894,0.1343550333749026,0.08233698551568375,19728
8,/home/projects/bagon/shared/imagenet512/val/n07717410/ILSVRC2012_val_00038040.JPEG,2,0.9388120770422574,2.50339189733495e-06,0.1598355940794529,0.6089043349288731,0.09418999595767602,19845
9,/home/projects/bagon/shared/imagenet512/val/n04238763/ILSVRC2012_val_00022477.JPEG,12,0.04207998013589531,0.0009578645695000887,0.011437391128925578,0.019607364530321393,0.04824748469841651,19957
10,/home/projects/bagon/shared/imagenet512/val/n02093428/ILSVRC2012_val_00022502.JPEG,54,1.7580536474706605,0.0009912106906995177,0.15062777956633214,0.7212240989578317,0.178660236255884,21524
11,/home/projects/bagon/shared/imagenet512/val/n03899768/ILSVRC2012_val_00010780.JPEG,4,1.3754895941819996,0.0009567927336320281,0.1669125226963723,0.7460112583116628,0.05712501417718786,21812
12,/home/projects/bagon/shared/imagenet512/val/n02094114/ILSVRC2012_val_00015028.JPEG,45,1.2760572026018053,0.000985136954113841,0.1415361296484466,0.683048640522703,0.20191202984331505,21949
13,/home/projects/bagon/shared/imagenet512/val/n01883070/ILSVRC2012_val_00002030.JPEG,2,0.47885414909978863,3.099393507000059e-05,0.09527446198066884,0.38045706889047054,0.15268389908388527,22350
14,/home/projects/bagon/shared/imagenet512/val/n01498041/ILSVRC2012_val_00042534.JPEG,2,0.46581286137734423,3.290122185717337e-05,0.1026234495707618,0.37232193040192463,0.1477344784889531,22555
15,/home/projects/bagon/shared/imagenet512/val/n03041632/ILSVRC2012_val_00034599.JPEG,2,1.8048006296145331,1.5497195136049413e-06,0.20813053798078626,0.835490944264114,0.1867185191302611,22774
16,/home/projects/bagon/shared/imagenet512/val/n03868242/ILSVRC2012_val_00032711.JPEG,41,0.19458144332747906,0.0009825170272961259,0.02817092007890374,0.06452171997882664,0.0622514018296533,23057
17,/home/projects/bagon/shared/imagenet512/val/n02326432/ILSVRC2012_val_00015113.JPEG,2,1.113699393463321,0.00029225845355540514,0.1095248003386993,0.6714445687566855,0.2265987802990429,23066
18,/home/projects/bagon/shared/imagenet512/val/n12267677/ILSVRC2012_val_00045517.JPEG,2,0.19002779953734716,8.535020606359467e-05,0.040680286016491096,0.17290830008927477,0.13070274446488678,23256
19,/home/projects/bagon/shared/imagenet512/val/n04039381/ILSVRC2012_val_00002356.JPEG,2,2.7181293945905054,6.0794889577664435e-05,0.29016852824503253,0.9339373029499332,0.07654676777470705,23396
20,/home/projects/bagon/shared/imagenet512/val/n02859443/ILSVRC2012_val_00020927.JPEG,16,1.8694572512758896,0.0009776342194527388,0.1431120750212385,0.8407213661683836,0.025325833478337022,23774
21,/home/projects/bagon/shared/imagenet512/val/n03404251/ILSVRC2012_val_00029917.JPEG,2,5.066255807837479,8.821448318485636e-06,0.2631544944845264,0.9936851220808075,0.06090833749109768,24018
22,/home/projects/bagon/shared/imagenet512/val/n03534580/ILSVRC2012_val_00015718.JPEG,2,1.2593882773653604,0.0007596705690957606,0.137119498306939,0.715207768287147,0.08388487664181576,24097
23,/home/projects/bagon/shared/imagenet512/val/n03492542/ILSVRC2012_val_00036373.JPEG,2,1.1484162807250868,6.556489552167477e-06,0.1941041249804253,0.6828526857222701,0.04662490765836338,24429
24,/home/projects/bagon/shared/imagenet512/val/n02892201/ILSVRC2012_val_00049903.JPEG,2,2.0596414803867447,1.0847986231965479e-05,0.1834957890952859,0.8724880892167781,0.140302019259049,24457
25,/home/projects/bagon/shared/imagenet512/val/n02094433/ILSVRC2012_val_00010584.JPEG,26,3.2391518601798452,0.0009734659106470644,0.26541798147311696,0.9576624685224433,0.06412821886096719,24490
26,/home/projects/bagon/shared/imagenet512/val/n02917067/ILSVRC2012_val_00006822.JPEG,2,2.7083193595171906,0.0007802779437042773,0.42635627796803316,0.9328807124887382,0.048584930230386944,24632
27,/home/projects/bagon/shared/imagenet512/val/n01739381/ILSVRC2012_val_00024880.JPEG,50,1.5382374147884548,0.0009819215629249811,0.08983611352757509,0.7529280813549314,0.2841759425981236,24653
28,/home/projects/bagon/shared/imagenet512/val/n02105056/ILSVRC2012_val_00035891.JPEG,3,0.6395954306062777,0.0003948624071199447,0.08764874423349395,0.42297700853450476,0.1289488339391017,24711
29,/home/projects/bagon/shared/imagenet512/val/n04258138/ILSVRC2012_val_00039884.JPEG,2,2.1090581644675694,0.0004391897819004953,0.24603350656855322,0.8781827264267775,0.1737590799203126,25153
30,/home/projects/bagon/shared/imagenet512/val/n02088094/ILSVRC2012_val_00029232.JPEG,17,1.5769709255546331,0.0009947833605110645,0.21747022291867785,0.7790329510977437,0.047286568998272806,25466
31,/home/projects/bagon/shared/imagenet512/val/n02264363/ILSVRC2012_val_00048687.JPEG,2,1.012258051596291,4.95898348162882e-05,0.1509077105273514,0.6365352365961352,0.09496004239132283,25489
32,/home/projects/bagon/shared/imagenet512/val/n04482393/ILSVRC2012_val_00025771.JPEG,2,0.5652850912883878,0.0004786299541592598,0.06092455039150026,0.43105892003822266,0.033376241675500636,25504
33,/home/projects/bagon/shared/imagenet512/val/n03595614/ILSVRC2012_val_00012914.JPEG,2,0.478790581895737,0.0003432638186495751,0.07470662460151906,0.37992191666585184,0.28995027823251757,25708
34,/home/projects/bagon/shared/imagenet512/val/n07802026/ILSVRC2012_val_00024954.JPEG,4,5.490509320690762,0.0007926659309305251,0.4862521007400523,0.6627951979299477,0.0682223174096351,25734
35,/home/projects/bagon/shared/imagenet512/val/n02606052/ILSVRC2012_val_00011532.JPEG,2,0.41430040218983777,0.00044526674901135266,0.055208419719199826,0.33846629041167126,0.05721788793306197,25811
36,/home/projects/bagon/shared/imagenet512/val/n03814639/ILSVRC2012_val_00044290.JPEG,2,2.3271090984344482,0.0,0.25511240882796904,0.9024225832082595,0.031766509688837166,25905
37,/home/projects/bagon/shared/imagenet512/val/n02963159/ILSVRC2012_val_00002392.JPEG,25,5.228366075316444,0.000979658798314631,0.170749533985265,0.9934660938611842,0.053748723423705236,25954
38,/home/projects/bagon/shared/imagenet512/val/n01644373/ILSVRC2012_val_00030352.JPEG,2,4.900788186758291,4.9470632802695036e-05,0.49119024722651566,0.9925094783846992,0.25405332449172036,26184
39,/home/projects/bagon/shared/imagenet512/val/n04435653/ILSVRC2012_val_00012616.JPEG,2,2.7289621829986572,0.0,0.2047836043985348,0.9347129768773627,0.0590267305785709,26276
40,/home/projects/bagon/shared/imagenet512/val/n03459775/ILSVRC2012_val_00030037.JPEG,15,1.9925876231864095,0.000988114275969565,0.21205166934928915,0.8580012518590782,0.10260702834760246,26358
41,/home/projects/bagon/shared/imagenet512/val/n02892767/ILSVRC2012_val_00020819.JPEG,2,0.9931835519964807,4.9470632802695036e-05,0.12328369111267728,0.6295364856229393,0.07229525979304491,26372
42,/home/projects/bagon/shared/imagenet512/val/n02098105/ILSVRC2012_val_00003791.JPEG,3,1.3527301053982228,0.0009839460253715515,0.11906478583427951,0.7399973883230959,0.07224529311677969,26373
43,/home/projects/bagon/shared/imagenet512/val/n02087046/ILSVRC2012_val_00009570.JPEG,2,0.37473254941869527,0.000777776469476521,0.05275412359403191,0.3112303708982089,0.22276376681618923,26423
44,/home/projects/bagon/shared/imagenet512/val/n04456115/ILSVRC2012_val_00001008.JPEG,3,6.831584811210632,0.0,0.8017651101678349,0.8289552923039559,0.06166777629311623,26429
45,/home/projects/bagon/shared/imagenet512/val/n07718747/ILSVRC2012_val_00049407.JPEG,2,1.9482623338590201,4.6491513785440475e-06,0.23723495834224595,0.8574731652443515,0.12706513729303692,26434
46,/home/projects/bagon/shared/imagenet512/val/n03425413/ILSVRC2012_val_00035211.JPEG,2,1.6218504905700613,1.1920928244535389e-07,0.20619470981447746,0.8024669915392468,0.1562941834539333,26533
47,/home/projects/bagon/shared/imagenet512/val/n04065272/ILSVRC2012_val_00028188.JPEG,2,0.8160420058920863,1.5735502529423684e-05,0.12148874499062681,0.5577988741098526,0.045513992119450536,26581
48,/home/projects/bagon/shared/imagenet512/val/n02093647/ILSVRC2012_val_00001775.JPEG,4,3.5168031323119067,0.0009759668610058725,0.22914171198765915,0.9699207162175061,0.13856173262478066,26600
49,/home/projects/bagon/shared/imagenet512/val/n03447447/ILSVRC2012_val_00045286.JPEG,15,0.05909331463044509,0.0009420248097740114,0.014386983346340983,0.03003261891848185,0.09140948946172062,26649
50,/home/projects/bagon/shared/imagenet512/val/n02877765/ILSVRC2012_val_00036809.JPEG,2,2.1323885917663574,0.0,0.1700995843586435,0.881446232080992,0.14182903118057752,26810
51,/home/projects/bagon/shared/imagenet512/val/n07768694/ILSVRC2012_val_00009463.JPEG,2,3.8662122456007637,7.998623186722398e-05,0.1726036182886447,0.9789814308886517,0.1779749540033728,26830
52,/home/projects/bagon/shared/imagenet512/val/n04200800/ILSVRC2012_val_00020229.JPEG,2,0.16178345501975855,5.972207145532593e-05,0.043769013475578,0.14926449878859613,0.16761647488092907,26838
53,/home/projects/bagon/shared/imagenet512/val/n02488291/ILSVRC2012_val_00012723.JPEG,2,0.5497885939912521,2.253030106658116e-05,0.07582759855987681,0.4228927035933093,0.07019534244300288,26845
54,/home/projects/bagon/shared/imagenet512/val/n04273569/ILSVRC2012_val_00032833.JPEG,3,1.7846073656628505,1.1324817933200393e-05,0.25969990751787114,0.8123344825710604,0.22025701066148065,26984
55,/home/projects/bagon/shared/imagenet512/val/n02108000/ILSVRC2012_val_00037087.JPEG,28,3.5025254728388973,0.0009756095823831856,0.3486179780944064,0.8274101922610535,0.22148218723880825,27118
56,/home/projects/bagon/shared/imagenet512/val/n01687978/ILSVRC2012_val_00040444.JPEG,4,12.36376344528253,0.00011216964776394889,0.442038922152915,0.9966168517238609,0.05908250901676165,27146
57,/home/projects/bagon/shared/imagenet512/val/n04258138/ILSVRC2012_val_00021294.JPEG,2,0.5979612469672873,2.3841855067985307e-07,0.10149604311098495,0.450068022017978,0.08115084262518887,27188
58,/home/projects/bagon/shared/imagenet512/val/n04131690/ILSVRC2012_val_00042770.JPEG,3,3.5883317589600665,5.602820692729438e-06,0.26683263025711557,0.9423767294373478,0.08994001155829476,27228
59,/home/projects/bagon/shared/imagenet512/val/n04259630/ILSVRC2012_val_00038743.JPEG,12,0.06708405580138788,0.0009601273923180997,0.016638948973548656,0.050336116432649444,0.14400749280832256,27321
60,/home/projects/bagon/shared/imagenet512/val/n02229544/ILSVRC2012_val_00029373.JPEG,21,0.7378448070958257,0.0009924016194418073,0.0808511726602519,0.5076851135454142,0.08048376206672708,27325
61,/home/projects/bagon/shared/imagenet512/val/n03623198/ILSVRC2012_val_00039763.JPEG,2,0.9776291847228933,1.1920928244535389e-07,0.15682905317383564,0.6237978447533394,0.09131031850325336,27367
62,/home/projects/bagon/shared/imagenet512/val/n03888605/ILSVRC2012_val_00048531.JPEG,32,2.155046014697291,0.0009883524617180228,0.23999829336817446,0.8663262825848121,0.2347354090857651,27688
63,/home/projects/bagon/shared/imagenet512/val/n07720875/ILSVRC2012_val_00033111.JPEG,5,14.26509535205696,4.625213477993384e-05,0.532084012310364,0.994306838992015,0.11643209119592975,27694
64,/home/projects/bagon/shared/imagenet512/val/n03787032/ILSVRC2012_val_00011578.JPEG,52,0.4097861160989851,0.000982397934421897,0.04552503381085282,0.24140780604675716,0.1806456891559491,27728
65,/home/projects/bagon/shared/imagenet512/val/n04254777/ILSVRC2012_val_00021978.JPEG,2,0.7281438111322132,1.3708974620385561e-05,0.14368731000450635,0.5171753233801489,0.16908009064603366,27773
66,/home/projects/bagon/shared/imagenet512/val/n01592084/ILSVRC2012_val_00017756.JPEG,3,4.342032620450482,0.0007697956170886755,0.20186132343630955,0.9854045264984586,0.0853801644994911,27805
67,/home/projects/bagon/shared/imagenet512/val/n03388183/ILSVRC2012_val_00008576.JPEG,2,2.6679875652043847,0.00019929806876461953,0.2494751444803758,0.9304023892894662,0.05499047338379895,27857
68,/home/projects/bagon/shared/imagenet512/val/n02033041/ILSVRC2012_val_00010391.JPEG,2,0.23183144314680248,0.00035422726068645716,0.03978955315670109,0.20628996086073048,0.08250444944686988,27918
69,/home/projects/bagon/shared/imagenet512/val/n01664065/ILSVRC2012_val_00014316.JPEG,28,0.19973823078908026,0.0009791824268177152,0.04246055097923529,0.1155039904251628,0.11438417981111787,27999
70,/home/projects/bagon/shared/imagenet512/val/n04552348/ILSVRC2012_val_00034713.JPEG,21,1.2156074611702934,0.0009788251481950283,0.08319798301251104,0.6923151739567159,0.08133458171409108,28023
71,/home/projects/bagon/shared/imagenet512/val/n01664065/ILSVRC2012_val_00048221.JPEG,2,0.9361057270289166,4.732496745418757e-05,0.10090443575365818,0.6077822320717016,0.2252796253451049,28035
72,/home/projects/bagon/shared/imagenet512/val/n03255030/ILSVRC2012_val_00028417.JPEG,28,4.632087946985848,0.0009978797752410173,0.2136537845114595,0.9892772660273363,0.08678062695611821,28090
73,/home/projects/bagon/shared/imagenet512/val/n03770439/ILSVRC2012_val_00012776.JPEG,13,3.0482155692297965,0.0009565545478835702,0.2093595147569324,0.9504670170693736,0.08116200839551986,28150
74,/home/projects/bagon/shared/imagenet512/val/n03666591/ILSVRC2012_val_00005804.JPEG,3,2.5108606815338064,1.1920928244535389e-07,0.3100530994719568,0.8802006743782563,0.44347072021849004,28247
75,/home/projects/bagon/shared/imagenet512/val/n04263257/ILSVRC2012_val_00000004.JPEG,27,1.8117859631311148,0.0009856133256107569,0.11855995638488868,0.8289653553028585,0.03243904625217978,28407
76,/home/projects/bagon/shared/imagenet512/val/n01729322/ILSVRC2012_val_00045188.JPEG,2,0.9329662738600746,0.00039402826223522425,0.07937485552610005,0.606072150226465,0.08638432159511356,28424
77,/home/projects/bagon/shared/imagenet512/val/n03417042/ILSVRC2012_val_00025416.JPEG,2,4.31301842344692,0.00018845213344320655,0.24365508609064304,0.9864186207778987,0.10609990477083585,28477
78,/home/projects/bagon/shared/imagenet512/val/n02087394/ILSVRC2012_val_00043077.JPEG,30,1.4347058843122795,0.0009969270322471857,0.1005114316605931,0.7474846974508919,0.0834988461987801,28489
79,/home/projects/bagon/shared/imagenet512/val/n01883070/ILSVRC2012_val_00022887.JPEG,3,2.314498562103836,0.00028713393840007484,0.3475169907706942,0.494606025600363,0.10111915834772905,28547
80,/home/projects/bagon/shared/imagenet512/val/n03954731/ILSVRC2012_val_00004980.JPEG,4,1.984322432836052,0.0009420248097740114,0.24730575915203204,0.8609069131172296,0.25261565494986415,28557
81,/home/projects/bagon/shared/imagenet512/val/n04311174/ILSVRC2012_val_00010129.JPEG,2,4.090531945228406,5.960462772236497e-07,0.33650404847628773,0.9832690098363221,0.16364078246441394,28599
82,/home/projects/bagon/shared/imagenet512/val/n03958227/ILSVRC2012_val_00047831.JPEG,2,2.204432725905008,1.6689286894688848e-06,0.2447692780129104,0.8896849503831996,0.061190150545462826,28607
83,/home/projects/bagon/shared/imagenet512/val/n02097658/ILSVRC2012_val_00021362.JPEG,43,3.865238560596481,0.000982278841547668,0.2007455471880667,0.9759275824875561,0.19026414014891896,28620
84,/home/projects/bagon/shared/imagenet512/val/n02966687/ILSVRC2012_val_00046355.JPEG,2,0.2166755704820389,0.00013469743134919554,0.0448342211804268,0.19456625866982988,0.09401745577783852,28657
85,/home/projects/bagon/shared/imagenet512/val/n04367480/ILSVRC2012_val_00017582.JPEG,28,0.12794034386752173,0.000972155889030546,0.02255435073967829,0.056471779506145264,0.058331279284468,28797
86,/home/projects/bagon/shared/imagenet512/val/n02091467/ILSVRC2012_val_00044846.JPEG,4,7.5023429197317455,0.00019822540343739092,0.44260828074758934,0.8682517845261963,0.09445445681486533,28904
87,/home/projects/bagon/shared/imagenet512/val/n09421951/ILSVRC2012_val_00004857.JPEG,2,0.6757187666371465,0.00018809456378221512,0.07369665403245039,0.49092709320261935,0.13309892500978932,28916
88,/home/projects/bagon/shared/imagenet512/val/n04325704/ILSVRC2012_val_00009732.JPEG,11,2.040536707616411,0.0009994279826059937,0.18639227098635414,0.8672655097666976,0.21264107264748147,28928
89,/home/projects/bagon/shared/imagenet512/val/n02109047/ILSVRC2012_val_00025652.JPEG,2,0.17460778640815988,0.0005931286723352969,0.038139136684557706,0.1591369426123223,0.2143609790117038,28952
90,/home/projects/bagon/shared/imagenet512/val/n03201208/ILSVRC2012_val_00024188.JPEG,2,1.1047655343988936,2.0265558760002023e-06,0.19515986138716718,0.668708660056648,0.05302849494741845,28987
91,/home/projects/bagon/shared/imagenet512/val/n03710193/ILSVRC2012_val_00041167.JPEG,2,0.6019335981873155,2.5748875486897305e-05,0.08330248056798727,0.4522087441855173,0.12223333072769224,29031
92,/home/projects/bagon/shared/imagenet512/val/n04456115/ILSVRC2012_val_00025509.JPEG,2,0.3308765887968548,7.033323527139146e-06,0.060307608528722,0.28169416492095994,0.06091290959191365,29082
93,/home/projects/bagon/shared/imagenet512/val/n02074367/ILSVRC2012_val_00043544.JPEG,2,2.9645897347363643,0.0004459816846065223,0.2174844149496637,0.9479849327618396,0.1301218041885015,29134
94,/home/projects/bagon/shared/imagenet512/val/n02096294/ILSVRC2012_val_00004605.JPEG,2,0.8071272764354944,0.0007195267826318741,0.08951622408366558,0.5528464856590543,0.1077685305719977,29255
95,/home/projects/bagon/shared/imagenet512/val/n01491361/ILSVRC2012_val_00024854.JPEG,42,1.5654413339216262,0.0009909725049510598,0.12299229320119257,0.7655095119118275,0.09070745562643093,29328
96,/home/projects/bagon/shared/imagenet512/val/n04456115/ILSVRC2012_val_00003713.JPEG,2,1.604501247405949,3.576278118089249e-07,0.20891804222686292,0.7990097765537516,0.02887991929637789,29329
97,/home/projects/bagon/shared/imagenet512/val/n04041544/ILSVRC2012_val_00033725.JPEG,19,1.5299550815252587,0.0009965697536244988,0.11059825734956132,0.7744235248787872,0.16481060128598707,29355
98,/home/projects/bagon/shared/imagenet512/val/n04033995/ILSVRC2012_val_00048320.JPEG,19,1.8523554448620416,0.0009763241396285594,0.2583638264152022,0.8316862601810591,0.051325872581308774,29488
99,/home/projects/bagon/shared/imagenet512/val/n02110806/ILSVRC2012_val_00028725.JPEG,2,0.9300286170091567,2.729855441430118e-05,0.16284502884921775,0.6054195977612944,0.1489539556054037,29500
100,/home/projects/bagon/shared/imagenet512/val/n04005630/ILSVRC2012_val_00018223.JPEG,2,1.9144228685181588,0.0006921279709786177,0.23017725778175605,0.8518908884530682,0.2217404531844755,29561
101,/home/projects/bagon/shared/imagenet512/val/n02978881/ILSVRC2012_val_00045497.JPEG,2,1.8079050674423343,0.00014482879487331957,0.16632476689435371,0.8358348669272182,0.056942946771583326,29576
102,/home/projects/bagon/shared/imagenet512/val/n03584829/ILSVRC2012_val_00009696.JPEG,2,1.855974077618157,3.349725011503324e-05,0.15613164393341677,0.8436605492931746,0.22810203743971008,29656
103,/home/projects/bagon/shared/imagenet512/val/n01728572/ILSVRC2012_val_00028800.JPEG,25,0.9540215796441771,0.0009679876384325325,0.10386221189635626,0.5927939850786617,0.24390971932446448,29697
104,/home/projects/bagon/shared/imagenet512/val/n04429376/ILSVRC2012_val_00044863.JPEG,2,2.4960328339311673,1.5616295058862306e-05,0.3064059175072825,0.9175716886041078,0.11991602568314451,29700
105,/home/projects/bagon/shared/imagenet512/val/n03983396/ILSVRC2012_val_00017913.JPEG,40,2.23680470592808,0.0009890670189633965,0.12275812176955675,0.8719569068204713,0.06696760735107127,29710
106,/home/projects/bagon/shared/imagenet512/val/n03467068/ILSVRC2012_val_00039679.JPEG,2,0.8438327312469482,0.0,0.15750535512974426,0.5699409760851853,0.14769758224596963,29782
107,/home/projects/bagon/shared/imagenet512/val/n02124075/ILSVRC2012_val_00013410.JPEG,2,1.483364799656556,0.0002040654799202457,0.13313758162041778,0.7729711027581379,0.06021043152976853,29817
108,/home/projects/bagon/shared/imagenet512/val/n02105855/ILSVRC2012_val_00045056.JPEG,2,1.5025259624817409,0.0008008848526515067,0.1308128139810328,0.7764891353689056,0.1622440976213312,29854
109,/home/projects/bagon/shared/imagenet512/val/n03445777/ILSVRC2012_val_00008599.JPEG,2,1.8183634281158376,1.1920928244535389e-07,0.22616456786380393,0.837708758195977,0.09012072005702221,29855
110,/home/projects/bagon/shared/imagenet512/val/n02112706/ILSVRC2012_val_00029152.JPEG,2,0.27004306338494644,0.0006171943969093263,0.06735018023429078,0.23558484501639992,0.1851223583500319,29865
111,/home/projects/bagon/shared/imagenet512/val/n02113712/ILSVRC2012_val_00047119.JPEG,95,2.72285532951355,0.0009968079393729568,0.1731498811397273,0.7977547829906124,0.21585034063162684,29971
112,/home/projects/bagon/shared/imagenet512/val/n02504013/ILSVRC2012_val_00038720.JPEG,20,1.1788597935810685,0.0009994279826059937,0.08730822380380772,0.6842100942594039,0.3432523017906574,30019
113,/home/projects/bagon/shared/imagenet512/val/n02106030/ILSVRC2012_val_00036543.JPEG,5,5.2943503992282785,0.0007893307483755052,0.35777389530055204,0.9730125375536692,0.2760354107049775,30059
114,/home/projects/bagon/shared/imagenet512/val/n02666196/ILSVRC2012_val_00005970.JPEG,2,2.3385605812072754,0.0,0.22096679542840234,0.9035336076364013,0.11675270798627069,30077
115,/home/projects/bagon/shared/imagenet512/val/n02169497/ILSVRC2012_val_00027714.JPEG,26,0.44871495896950364,0.0009913297835737467,0.054074406164331276,0.3356707241818027,0.023258961127545913,30092
116,/home/projects/bagon/shared/imagenet512/val/n02797295/ILSVRC2012_val_00042798.JPEG,2,0.5245249271386001,1.1920922133867862e-06,0.10848482240823869,0.40816159708993205,0.13678797257540826,30154
117,/home/projects/bagon/shared/imagenet512/val/n07715103/ILSVRC2012_val_00034930.JPEG,2,4.503214359283447,0.0,0.25011919879262057,0.9889266254317028,0.07736204425708644,30228
118,/home/projects/bagon/shared/imagenet512/val/n02422106/ILSVRC2012_val_00047814.JPEG,30,1.6749984871130437,0.0009946642676368356,0.17168229441075097,0.7993320152597142,0.1258183061446017,30294
119,/home/projects/bagon/shared/imagenet512/val/n02971356/ILSVRC2012_val_00000831.JPEG,2,0.4121126944664866,0.0005785936955362558,0.08576967133960473,0.3368157036603515,0.09974358161014643,30327
120,/home/projects/bagon/shared/imagenet512/val/n03970156/ILSVRC2012_val_00031958.JPEG,2,0.815962791442864,1.1920928244535389e-07,0.12151023904608582,0.5577864435537327,0.06415183150757857,30356
121,/home/projects/bagon/shared/imagenet512/val/n02319095/ILSVRC2012_val_00036863.JPEG,3,1.9561065729358234,0.0006348263123072684,0.18935870865774754,0.8554439098332867,0.040863139867070755,30357
122,/home/projects/bagon/shared/imagenet512/val/n02667093/ILSVRC2012_val_00033550.JPEG,12,2.114000086847227,0.0009505997295491397,0.24651623177842252,0.876413878799122,0.3236279830851863,30360
123,/home/projects/bagon/shared/imagenet512/val/n01784675/ILSVRC2012_val_00039704.JPEG,2,5.40116107463831,3.576278118089249e-07,0.19155295061000854,0.9954882748043973,0.12219163913406345,30390
124,/home/projects/bagon/shared/imagenet512/val/n03992509/ILSVRC2012_val_00003967.JPEG,2,4.48292350769043,0.0,0.2968834638013282,0.9886996729510447,0.07151317121265863,30394
125,/home/projects/bagon/shared/imagenet512/val/n01498041/ILSVRC2012_val_00040342.JPEG,10,2.7653013931121677,0.0009782296838238835,0.15458619254360917,0.9357170206613751,0.11326433697187688,30401
126,/home/projects/bagon/shared/imagenet512/val/n04485082/ILSVRC2012_val_00039923.JPEG,2,2.7967734336834837,1.9073468138230965e-06,0.3123334194408903,0.9389914153039322,0.026667544896799573,30409
127,/home/projects/bagon/shared/imagenet512/val/n04311174/ILSVRC2012_val_00031667.JPEG,2,1.946234941482544,0.0,0.31516869936402586,0.857189232901655,0.04778121286642576,30424
128,/home/projects/bagon/shared/imagenet512/val/n02090379/ILSVRC2012_val_00008166.JPEG,28,3.3455704688094556,0.0009927588980644941,0.1517530088975209,0.9609023591112513,0.11560112300118064,30433
129,/home/projects/bagon/shared/imagenet512/val/n02106550/ILSVRC2012_val_00010228.JPEG,2,0.3265018194215372,0.0008060067193582654,0.05682635222048913,0.27719074777754,0.09003734117439577,30441
130,/home/projects/bagon/shared/imagenet512/val/n01689811/ILSVRC2012_val_00009907.JPEG,14,6.609328398364596,0.0009582218481227756,0.2822110189749423,0.9977166519858393,0.24001608154084844,30509
131,/home/projects/bagon/shared/imagenet512/val/n03888605/ILSVRC2012_val_00011389.JPEG,42,0.17033211945090443,0.0009926398051902652,0.02511215695096058,0.04136226185836098,0.09130943695974363,30520
132,/home/projects/bagon/shared/imagenet512/val/n07930864/ILSVRC2012_val_00029908.JPEG,11,2.495307869568933,0.0009288049186579883,0.1738764078516073,0.91365822655204,0.034031626317290994,30531
133,/home/projects/bagon/shared/imagenet512/val/n04435653/ILSVRC2012_val_00031918.JPEG,2,0.4930467583180871,6.69933797325939e-05,0.09831508858935332,0.38912996797021343,0.09477649785772202,30537
134,/home/projects/bagon/shared/imagenet512/val/n09835506/ILSVRC2012_val_00022153.JPEG,48,0.3612792844651267,0.000987756997346878,0.045068656911630284,0.2150224876284502,0.2532545320093027,30605
135,/home/projects/bagon/shared/imagenet512/val/n02099601/ILSVRC2012_val_00020868.JPEG,29,1.2090492115239613,0.0009744186536408961,0.09692811925198824,0.6550066779614877,0.07825635653420014,30628
136,/home/projects/bagon/shared/imagenet512/val/n02676566/ILSVRC2012_val_00015491.JPEG,32,2.8143682439695112,0.0009750141180120409,0.1264587314279711,0.931195915439972,0.26407204616439817,30662
137,/home/projects/bagon/shared/imagenet512/val/n07693725/ILSVRC2012_val_00033590.JPEG,3,1.4334466534783132,0.0009722749819047749,0.1651000184650634,0.755099756152463,0.2433749951647315,30682
138,/home/projects/bagon/shared/imagenet512/val/n03485794/ILSVRC2012_val_00035523.JPEG,16,3.2587555982754566,0.0009687021956779063,0.3383578221305901,0.9580683585253588,0.1544564596138964,30690
139,/home/projects/bagon/shared/imagenet512/val/n03047690/ILSVRC2012_val_00006708.JPEG,3,1.2502938210964203,0.0,0.23324507538548664,0.6293887499091129,0.08805774975812011,30731
140,/home/projects/bagon/shared/imagenet512/val/n09246464/ILSVRC2012_val_00043298.JPEG,9,1.0164285147329792,0.000982159748673439,0.13029071127479258,0.6096277940400955,0.04162762444551006,30757
141,/home/projects/bagon/shared/imagenet512/val/n03146219/ILSVRC2012_val_00033416.JPEG,84,0.4720678797457367,0.0009940688032656908,0.050739890398437945,0.1711234176679527,0.22966445662591475,30763
142,/home/projects/bagon/shared/imagenet512/val/n06596364/ILSVRC2012_val_00011310.JPEG,22,0.45572645275387913,0.0009947833605110645,0.05556263769071716,0.34640118602373027,0.14454554986597548,30764
143,/home/projects/bagon/shared/imagenet512/val/n02111277/ILSVRC2012_val_00037097.JPEG,21,3.343567978241481,0.0009788251481950283,0.27127596953200916,0.9581917175956223,0.14225957051387278,30768
144,/home/projects/bagon/shared/imagenet512/val/n02860847/ILSVRC2012_val_00020605.JPEG,2,1.2152207579347305,0.0007607426377944648,0.21469454552096784,0.7024618979866646,0.05296078977747587,30795
145,/home/projects/bagon/shared/imagenet512/val/n04404412/ILSVRC2012_val_00039246.JPEG,50,4.119938459480181,0.0009885906474664807,0.16787546555505797,0.9792099272004547,0.3871835405387227,30870
146,/home/projects/bagon/shared/imagenet512/val/n04254120/ILSVRC2012_val_00010748.JPEG,22,0.2283131272997707,0.0009788251481950283,0.033852393798326885,0.17906421979814585,0.05325144454394239,30933
147,/home/projects/bagon/shared/imagenet512/val/n02840245/ILSVRC2012_val_00030462.JPEG,2,2.39118993282284,8.344646857949556e-07,0.2256036267759258,0.9084784509269815,0.23325071410412007,30934
148,/home/projects/bagon/shared/imagenet512/val/n03888605/ILSVRC2012_val_00040605.JPEG,36,3.8162779067642987,0.000979539705440402,0.22971621214123064,0.9728152279101807,0.15255213824046354,30971
149,/home/projects/bagon/shared/imagenet512/val/n02109525/ILSVRC2012_val_00034243.JPEG,3,2.992187440395327,2.3841855067985307e-07,0.28742233263151334,0.9347051593450185,0.13069572343224733,31009
150,/home/projects/bagon/shared/imagenet512/val/n04442312/ILSVRC2012_val_00009662.JPEG,10,2.9036862212233245,0.0009803733555600047,0.17946774643000482,0.9436621680598264,0.04378968964274365,31049
151,/home/projects/bagon/shared/imagenet512/val/n01984695/ILSVRC2012_val_00026981.JPEG,2,4.3565074012149125,0.000196556793525815,0.2956374228723687,0.9869815462049516,0.14729188506956783,31055
152,/home/projects/bagon/shared/imagenet512/val/n04509417/ILSVRC2012_val_00015590.JPEG,2,3.213963716698345,0.00024625606602057815,0.19747456563075233,0.9595518779467695,0.09775041681170743,31060
153,/home/projects/bagon/shared/imagenet512/val/n03485407/ILSVRC2012_val_00036135.JPEG,2,1.4012580651324242,0.00030286493711173534,0.15188469776050076,0.7533707384928457,0.23290404914365925,31063
154,/home/projects/bagon/shared/imagenet512/val/n04540053/ILSVRC2012_val_00048430.JPEG,4,5.22081506250197,6.437280717364047e-06,0.5364270621317413,0.8190029973444797,0.056251152045776596,31120
155,/home/projects/bagon/shared/imagenet512/val/n03777754/ILSVRC2012_val_00013337.JPEG,2,0.9932710411230801,0.0001530530134914443,0.1662516855219586,0.6294334664626823,0.17783517822542008,31145
156,/home/projects/bagon/shared/imagenet512/val/n03424325/ILSVRC2012_val_00047935.JPEG,7,6.147976161097176,0.0009993088897317648,0.21518886324988382,0.9974138405567634,0.029837724832869353,31151
157,/home/projects/bagon/shared/imagenet512/val/n01986214/ILSVRC2012_val_00037765.JPEG,13,2.898495393630583,0.0009548871894367039,0.2526718071662963,0.9437841831208725,0.08805427094886005,31233
158,/home/projects/bagon/shared/imagenet512/val/n03602883/ILSVRC2012_val_00036241.JPEG,2,2.938536167144548,7.152555099310121e-07,0.21103107465091436,0.9470560186766295,0.10272793869842625,31304
159,/home/projects/bagon/shared/imagenet512/val/n03400231/ILSVRC2012_val_00021535.JPEG,19,4.722605420916807,0.0009701313101686537,0.2305018137553446,0.9898281901873581,0.16214161079256673,31318
160,/home/projects/bagon/shared/imagenet512/val/n07615774/ILSVRC2012_val_00031757.JPEG,5,3.561846074706409,0.0008411445305682719,0.366510962424967,0.9709058502649132,0.2492131679564438,31355
161,/home/projects/bagon/shared/imagenet512/val/n03196217/ILSVRC2012_val_00003643.JPEG,2,0.9453991630653036,6.460934673668817e-05,0.11463407492325106,0.6113861101191236,0.06891669246054535,31356
162,/home/projects/bagon/shared/imagenet512/val/n04147183/ILSVRC2012_val_00038471.JPEG,36,6.8844894656213,0.0009800160769373178,0.2729435854248351,0.9964288023660035,0.20101417807850797,31416
163,/home/projects/bagon/shared/imagenet512/val/n03804744/ILSVRC2012_val_00022621.JPEG,2,0.5407221850691712,0.00011193125828867778,0.08932777659188043,0.41749611492803007,0.03876868599103422,31436
164,/home/projects/bagon/shared/imagenet512/val/n02056570/ILSVRC2012_val_00026749.JPEG,2,7.310227394104004,0.0,0.2322831386252029,0.9993313300528353,0.038972453447843,31505
165,/home/projects/bagon/shared/imagenet512/val/n03110669/ILSVRC2012_val_00002171.JPEG,22,1.2485748305916786,0.0009915679693222046,0.1076941923287424,0.7040399534440636,0.08114644825944271,31614
166,/home/projects/bagon/shared/imagenet512/val/n03394916/ILSVRC2012_val_00025430.JPEG,3,3.702296257019043,0.0,0.30640822714585797,0.883176305536322,0.30463992600601253,31617
167,/home/projects/bagon/shared/imagenet512/val/n02090379/ILSVRC2012_val_00020739.JPEG,17,0.9506823335541412,0.0009628665866330266,0.09574162819794305,0.5949829188211448,0.05933114951576745,31627
168,/home/projects/bagon/shared/imagenet512/val/n02002724/ILSVRC2012_val_00022687.JPEG,3,1.5805522390292026,0.00033408781746402383,0.19178048523462624,0.7666010887720895,0.060485380377930276,31664
169,/home/projects/bagon/shared/imagenet512/val/n02106662/ILSVRC2012_val_00021704.JPEG,23,2.910597318492364,0.0009729895391501486,0.20069659511302895,0.9394024586584458,0.04727676675890942,31683
170,/home/projects/bagon/shared/imagenet512/val/n02606052/ILSVRC2012_val_00038764.JPEG,2,1.2614308595657278,1.1920928244535389e-07,0.15087088149474223,0.7167513063900406,0.23568484869990752,31688
171,/home/projects/bagon/shared/imagenet512/val/n02099601/ILSVRC2012_val_00009836.JPEG,3,2.10040676407516,0.0006011109799146652,0.19208339821919995,0.7159396872760369,0.088026182812736,31704
172,/home/projects/bagon/shared/imagenet512/val/n02869837/ILSVRC2012_val_00041433.JPEG,2,0.9047373533210248,2.7418097943154862e-06,0.12221370712636007,0.595348020105523,0.15923693372926245,31733
173,/home/projects/bagon/shared/imagenet512/val/n02992211/ILSVRC2012_val_00006782.JPEG,2,2.1058884593076073,0.00023064337437972426,0.1759507200749466,0.8780059543602048,0.053626057268560935,31756
174,/home/projects/bagon/shared/imagenet512/val/n02114855/ILSVRC2012_val_00004178.JPEG,31,3.715323433978483,0.000985017861239612,0.19727073307811535,0.9699336310525741,0.10178970952804192,31782
175,/home/projects/bagon/shared/imagenet512/val/n04229816/ILSVRC2012_val_00026205.JPEG,2,3.023886322973908,1.5497195136049413e-06,0.20628454110782204,0.9513865221943913,0.018858810026371776,31785
176,/home/projects/bagon/shared/imagenet512/val/n02786058/ILSVRC2012_val_00016079.JPEG,2,1.016771912230979,2.6225699912174605e-05,0.13766793092519297,0.6382034749482041,0.1849678954857135,31786
177,/home/projects/bagon/shared/imagenet512/val/n04540053/ILSVRC2012_val_00004370.JPEG,2,0.38751733104436425,6.305972783593461e-05,0.08343924923051398,0.32115460497928067,0.3017310855670121,31789
178,/home/projects/bagon/shared/imagenet512/val/n02640242/ILSVRC2012_val_00008189.JPEG,27,2.4675120954052545,0.0009677494526840746,0.24625348397267213,0.9016413498380811,0.08574721687687908,31795
179,/home/projects/bagon/shared/imagenet512/val/n03938244/ILSVRC2012_val_00035752.JPEG,2,3.1583598852080286,3.933898824470816e-06,0.22499343625069934,0.9575005399261771,0.07746962052702722,31825
180,/home/projects/bagon/shared/imagenet512/val/n03131574/ILSVRC2012_val_00004460.JPEG,22,2.7781125862384215,0.0009916870621964335,0.23303028869596995,0.9339266795153675,0.1895442061781774,31937
181,/home/projects/bagon/shared/imagenet512/val/n04275548/ILSVRC2012_val_00036672.JPEG,2,2.937695980011995,1.0967194612021558e-05,0.23069373764740048,0.9470006969779812,0.056433284894582034,31960
182,/home/projects/bagon/shared/imagenet512/val/n03706229/ILSVRC2012_val_00049888.JPEG,2,4.637931823399413,2.5748875486897305e-05,0.2678624660567201,0.9902962547939687,0.04258035523795621,31963
183,/home/projects/bagon/shared/imagenet512/val/n04041544/ILSVRC2012_val_00024841.JPEG,23,5.0142306624911726,0.0009918061550706625,0.19636983494727045,0.9919664929167723,0.07659878145741424,31966
184,/home/projects/bagon/shared/imagenet512/val/n01756291/ILSVRC2012_val_00047000.JPEG,89,1.3825505070853978,0.0009941878961399198,0.08053933002953785,0.5629018518704617,0.31831220521488224,31996
185,/home/projects/bagon/shared/imagenet512/val/n04344873/ILSVRC2012_val_00047700.JPEG,32,2.290552335907705,0.0009788251481950283,0.15731396125899416,0.8918960603341272,0.02667822012563341,32028
186,/home/projects/bagon/shared/imagenet512/val/n03492542/ILSVRC2012_val_00033649.JPEG,2,1.5252938270568848,0.0,0.20330652928347975,0.782442854303816,0.055879785035599094,32062
187,/home/projects/bagon/shared/imagenet512/val/n01873310/ILSVRC2012_val_00022372.JPEG,2,2.9299063680355175,2.098061486321967e-05,0.19579466653452904,0.9465757566922469,0.24228348316815906,32070
188,/home/projects/bagon/shared/imagenet512/val/n01582220/ILSVRC2012_val_00000476.JPEG,2,0.4475073218336547,1.311301275563892e-06,0.08353780260792462,0.3607783840689308,0.09866900457590924,32073
189,/home/projects/bagon/shared/imagenet512/val/n04328186/ILSVRC2012_val_00004385.JPEG,2,0.3537905975972535,0.00016389934171456844,0.05496540197684446,0.29769990920744044,0.0460944425935671,32089
190,/home/projects/bagon/shared/imagenet512/val/n04273569/ILSVRC2012_val_00000901.JPEG,2,1.474326847550401,5.352353764465079e-05,0.12547719851355987,0.7710014475759385,0.2226515795769448,32094
191,/home/projects/bagon/shared/imagenet512/val/n01774384/ILSVRC2012_val_00047122.JPEG,3,1.9620968288509175,0.0006043276516720653,0.23984191333699864,0.8538937161010312,0.09326037348404234,32118
192,/home/projects/bagon/shared/imagenet512/val/n03240683/ILSVRC2012_val_00008795.JPEG,2,1.6004288810945582,0.0003399271226953715,0.22547603540493674,0.7978432951632133,0.2756741994654013,32122
193,/home/projects/bagon/shared/imagenet512/val/n03530642/ILSVRC2012_val_00038525.JPEG,25,2.661212724458892,0.0009607228566892445,0.1992864614543504,0.923887761627494,0.08796405228946516,32123
194,/home/projects/bagon/shared/imagenet512/val/n02787622/ILSVRC2012_val_00018667.JPEG,2,0.09604358393698931,0.0005372511222958565,0.02266606139574922,0.0905660494472311,0.08853763529247471,32135
195,/home/projects/bagon/shared/imagenet512/val/n02190166/ILSVRC2012_val_00040278.JPEG,9,4.813068161311094,0.0009236836922354996,0.2567138811863452,0.9909204070650608,0.10335572748398063,32176
196,/home/projects/bagon/shared/imagenet512/val/n04366367/ILSVRC2012_val_00011834.JPEG,2,2.1048468286026036,0.00011431517486926168,0.19924847809131904,0.8780081050560975,0.14424513427181884,32183
197,/home/projects/bagon/shared/imagenet512/val/n04090263/ILSVRC2012_val_00039316.JPEG,3,1.1724545789766125,0.0006250573205761611,0.16486392861598417,0.5241061091388692,0.2101700369557526,32195
198,/home/projects/bagon/shared/imagenet512/val/n04090263/ILSVRC2012_val_00026495.JPEG,57,4.013746872195043,0.0009834696538746357,0.25249879854245044,0.9753523934457291,0.10947921191603918,32196
199,/home/projects/bagon/shared/imagenet512/val/n02786058/ILSVRC2012_val_00005610.JPEG,3,4.837606420886004,0.00013541258522309363,0.3260154452237616,0.9780825430094886,0.08463769669775693,32207
200,/home/projects/bagon/shared/imagenet512/val/n03272010/ILSVRC2012_val_00010371.JPEG,4,5.01265013217926,0.0,0.46584503694212004,0.9494920189697211,0.07935056030165791,32242
201,/home/projects/bagon/shared/imagenet512/val/n04127249/ILSVRC2012_val_00002975.JPEG,2,2.200568199157715,0.0,0.23207232835287092,0.8892597783262379,0.12932245880853965,32267
202,/home/projects/bagon/shared/imagenet512/val/n04553703/ILSVRC2012_val_00003927.JPEG,17,2.214599530561827,0.0009654866298660636,0.1963529926058251,0.885328123112441,0.1558368246476008,32321
203,/home/projects/bagon/shared/imagenet512/val/n02097130/ILSVRC2012_val_00027178.JPEG,60,0.5173593484796584,0.000990734319202602,0.05965749730481661,0.27156406979551534,0.31596432183428347,32369
204,/home/projects/bagon/shared/imagenet512/val/n03930313/ILSVRC2012_val_00046441.JPEG,2,0.5123751082719536,0.00012706902634818107,0.08135332696184204,0.4007263204952282,0.23647397268664083,32377
205,/home/projects/bagon/shared/imagenet512/val/n02027492/ILSVRC2012_val_00009198.JPEG,2,0.6120218634459889,5.364403477869928e-06,0.10687023340310543,0.4577384114357891,0.12317108457168595,32381
206,/home/projects/bagon/shared/imagenet512/val/n03868242/ILSVRC2012_val_00026057.JPEG,57,0.5901399042923003,0.000995974289253354,0.05521856770101229,0.3700873284771681,0.12108638531290541,32412
207,/home/projects/bagon/shared/imagenet512/val/n03028079/ILSVRC2012_val_00003351.JPEG,13,1.6134598005446605,0.0009747759322635829,0.16138729693996698,0.7966428201049256,0.06867198897970053,32449
208,/home/projects/bagon/shared/imagenet512/val/n02087046/ILSVRC2012_val_00011204.JPEG,2,1.9591774852015078,0.00013302871957421303,0.12136821791307258,0.8588751163445568,0.06792667331280706,32463
209,/home/projects/bagon/shared/imagenet512/val/n02865351/ILSVRC2012_val_00047078.JPEG,2,1.2022355794906048,3.576278118089249e-07,0.1221380465965885,0.699477973228981,0.05795246408307937,32473
210,/home/projects/bagon/shared/imagenet512/val/n02708093/ILSVRC2012_val_00002178.JPEG,62,1.9255459962878376,0.0009953788248822093,0.1470871365276583,0.7983812980023193,0.17671219445742267,32499
211,/home/projects/bagon/shared/imagenet512/val/n02786058/ILSVRC2012_val_00032821.JPEG,22,4.756443292135373,0.0009584600338712335,0.11011480299296512,0.9882383224406588,0.05679614826662488,32530
212,/home/projects/bagon/shared/imagenet512/val/n02137549/ILSVRC2012_val_00027922.JPEG,4,3.525254368720198,1.1086402082582936e-05,0.4905058862356823,0.7499877197544946,0.13320773897629828,32540
213,/home/projects/bagon/shared/imagenet512/val/n02177972/ILSVRC2012_val_00047065.JPEG,10,3.4579412968596444,0.0009803733555600047,0.2237373442652555,0.9672276353632111,0.08550267695451937,32601
214,/home/projects/bagon/shared/imagenet512/val/n02666196/ILSVRC2012_val_00041562.JPEG,2,4.814689397810525,1.6689286894688848e-06,0.1789267711697564,0.9918884930235474,0.11073175549507516,32608
215,/home/projects/bagon/shared/imagenet512/val/n03498962/ILSVRC2012_val_00015079.JPEG,8,2.3473503891727887,0.0009603655780665576,0.19337432874081106,0.9026755023692247,0.051259162159677796,32613
216,/home/projects/bagon/shared/imagenet512/val/n04591157/ILSVRC2012_val_00021972.JPEG,2,2.3336327075957968,2.3841855067985307e-07,0.22630893623810663,0.9030568350948485,0.08959936376569919,32664
217,/home/projects/bagon/shared/imagenet512/val/n04536866/ILSVRC2012_val_00041774.JPEG,2,0.6175127473397879,0.00017438798386137933,0.09786354563761562,0.4604486324873338,0.22215834732963277,32704
218,/home/projects/bagon/shared/imagenet512/val/n02117135/ILSVRC2012_val_00025662.JPEG,33,3.4348238797392696,0.00097977789118886,0.40981932844117114,0.7767593778591692,0.36102869915540486,32717
219,/home/projects/bagon/shared/imagenet512/val/n02109525/ILSVRC2012_val_00035820.JPEG,2,0.8216248747648933,2.4676019165781327e-05,0.10855171422729175,0.5602480332355265,0.13422912453635008,32728
220,/home/projects/bagon/shared/imagenet512/val/n07693725/ILSVRC2012_val_00045523.JPEG,20,3.268212346592918,0.0009627474937587976,0.21640276056273525,0.9587036115823436,0.08113097012148542,32745
221,/home/projects/bagon/shared/imagenet512/val/n03028079/ILSVRC2012_val_00014037.JPEG,13,0.8400569375953637,0.0009496469865553081,0.13812403837117593,0.5577841691960368,0.062400022361521125,32755
222,/home/projects/bagon/shared/imagenet512/val/n03920288/ILSVRC2012_val_00034145.JPEG,2,2.8177838325500204,2.3841855067985307e-07,0.28363059521733086,0.940261589685088,0.15832836478096105,32758
223,/home/projects/bagon/shared/imagenet512/val/n02640242/ILSVRC2012_val_00036834.JPEG,15,2.774336598464288,0.0009782296838238835,0.14816260394975098,0.9342420551783381,0.16291724493811063,32763
224,/home/projects/bagon/shared/imagenet512/val/n02113023/ILSVRC2012_val_00002484.JPEG,25,2.742930125677958,0.000982278841547668,0.2999447508653811,0.8656980282935532,0.21720480471690556,32781
225,/home/projects/bagon/shared/imagenet512/val/n02871525/ILSVRC2012_val_00017978.JPEG,19,1.048300861613825,0.0009845414897426963,0.10351417609176575,0.6348398841276218,0.2371897848635044,32799
226,/home/projects/bagon/shared/imagenet512/val/n01968897/ILSVRC2012_val_00037579.JPEG,2,1.878469944000237,1.1920928244535389e-07,0.1858143916917329,0.8471760785881013,0.06173441406510116,32816
227,/home/projects/bagon/shared/imagenet512/val/n03534580/ILSVRC2012_val_00030501.JPEG,2,3.347627363691572,0.0002743821241892874,0.20304594342211324,0.9645502345664168,0.09993681926136933,32843
228,/home/projects/bagon/shared/imagenet512/val/n03786901/ILSVRC2012_val_00043703.JPEG,2,0.5281176567077637,0.0,0.10399369328713835,0.4102860647840477,0.2484478960652833,32861
229,/home/projects/bagon/shared/imagenet512/val/n02493509/ILSVRC2012_val_00000828.JPEG,32,1.6170590829569846,0.000987637904472649,0.12853899449563416,0.7786832147907832,0.07634360477166938,32901
230,/home/projects/bagon/shared/imagenet512/val/n01665541/ILSVRC2012_val_00016700.JPEG,3,3.584537803664716,3.0397906812140718e-05,0.26084566934752373,0.9669978310574479,0.0814342954030392,32955
231,/home/projects/bagon/shared/imagenet512/val/n03788365/ILSVRC2012_val_00015159.JPEG,5,3.141164925182238,0.000947503256611526,0.24717007638455835,0.95572068211286,0.08092613892875904,32964
232,/home/projects/bagon/shared/imagenet512/val/n02493509/ILSVRC2012_val_00038047.JPEG,45,3.0323968043085188,0.000990734319202602,0.19220484345948277,0.9437466538645344,0.07954151812285311,33003
233,/home/projects/bagon/shared/imagenet512/val/n04409515/ILSVRC2012_val_00018697.JPEG,2,6.023223041131132,5.209310256759636e-05,0.23129492034890395,0.9975259322103279,0.04234749572945015,33014
234,/home/projects/bagon/shared/imagenet512/val/n03461385/ILSVRC2012_val_00043522.JPEG,28,2.1462624488631263,0.0009862087899819016,0.19372974128510456,0.8691798083859497,0.16995622657175058,33016
235,/home/projects/bagon/shared/imagenet512/val/n07711569/ILSVRC2012_val_00000183.JPEG,6,0.216906490852125,0.0009833505610004067,0.0631607538184156,0.17120710560374588,0.037984296038539214,33032
236,/home/projects/bagon/shared/imagenet512/val/n04041544/ILSVRC2012_val_00035466.JPEG,34,0.41537637426517904,0.0009835887467488647,0.057693520451667674,0.2984916815103995,0.18795986529716782,33039
237,/home/projects/bagon/shared/imagenet512/val/n02123045/ILSVRC2012_val_00023779.JPEG,101,1.2358836656203493,0.000995974289253354,0.08229209476116187,0.5431770516458975,0.12963558913743828,33065
238,/home/projects/bagon/shared/imagenet512/val/n04259630/ILSVRC2012_val_00032255.JPEG,2,2.751584887286299,2.0861407392658293e-05,0.16894130954151307,0.9361512850164558,0.05919144633532826,33123
239,/home/projects/bagon/shared/imagenet512/val/n04591713/ILSVRC2012_val_00005191.JPEG,35,5.644850518379826,0.0009741804678924382,0.32249669351311905,0.9958236206262909,0.2435110127464413,33150
240,/home/projects/bagon/shared/imagenet512/val/n04355338/ILSVRC2012_val_00041972.JPEG,3,2.350207818119088,0.00031883400515653193,0.20229820475103036,0.9007498121654415,0.08037352671358802,33156
241,/home/projects/bagon/shared/imagenet512/val/n03902125/ILSVRC2012_val_00044177.JPEG,2,3.513644814475356,5.602820692729438e-06,0.22385382010510274,0.9702060760638621,0.14810459571542306,33167
242,/home/projects/bagon/shared/imagenet512/val/n04487081/ILSVRC2012_val_00040746.JPEG,2,0.3780712476145709,4.279521817807108e-05,0.06744573421179481,0.3147460597669277,0.09275232989442028,33216
243,/home/projects/bagon/shared/imagenet512/val/n01698640/ILSVRC2012_val_00010826.JPEG,3,2.613976478575296,1.6689286894688848e-06,0.20388213111979234,0.8483714626532788,0.040963168191574355,33220
244,/home/projects/bagon/shared/imagenet512/val/n03345487/ILSVRC2012_val_00037232.JPEG,5,3.6053437088266946,0.0009707267745397985,0.38302214698362497,0.9022284079867443,0.15894975316456306,33241
245,/home/projects/bagon/shared/imagenet512/val/n03627232/ILSVRC2012_val_00037520.JPEG,2,4.205033248668769,0.0003275334893260151,0.23443058140772152,0.9847974351844149,0.09850387106800226,33246
246,/home/projects/bagon/shared/imagenet512/val/n01855672/ILSVRC2012_val_00029226.JPEG,15,3.2337709788116626,0.0009601273923180997,0.20619922838548713,0.9580043246961029,0.04530935447716554,33275
247,/home/projects/bagon/shared/imagenet512/val/n03763968/ILSVRC2012_val_00048381.JPEG,2,2.5227422713824126,9.059865078597795e-06,0.20986500142096792,0.9197508808747881,0.15408298766190345,33284
248,/home/projects/bagon/shared/imagenet512/val/n03109150/ILSVRC2012_val_00008404.JPEG,2,1.2593610286710373,7.152555099310121e-07,0.1506695201856987,0.7161637695547367,0.32294459527813435,33298
249,/home/projects/bagon/shared/imagenet512/val/n02087394/ILSVRC2012_val_00032859.JPEG,2,3.39727967287763,0.000364713923772797,0.20374874723784833,0.9661650770274555,0.04876911472163247,33323
250,/home/projects/bagon/shared/imagenet512/val/n02403003/ILSVRC2012_val_00007380.JPEG,33,1.4892552270321175,0.000995974289253354,0.14684756811419902,0.751787330197608,0.2889121378277656,33384
251,/home/projects/bagon/shared/imagenet512/val/n02115641/ILSVRC2012_val_00019728.JPEG,16,1.135746524319984,0.0009808497270569205,0.1382965041427745,0.6632986932353577,0.03517365674832062,33425
252,/home/projects/bagon/shared/imagenet512/val/n01748264/ILSVRC2012_val_00023373.JPEG,2,0.30261485395021737,0.0007508557755500078,0.07933110316689525,0.2600178508719329,0.24421873662881022,33426
253,/home/projects/bagon/shared/imagenet512/val/n03991062/ILSVRC2012_val_00024143.JPEG,19,1.713426984497346,0.000979658798314631,0.2711405793815093,0.800288644726454,0.14265486679310946,33429
254,/home/projects/bagon/shared/imagenet512/val/n03041632/ILSVRC2012_val_00003462.JPEG,2,2.9599553346613448,2.0265558760002023e-06,0.18717302051423657,0.9481765505174289,0.35349869478831,33456
255,/home/projects/bagon/shared/imagenet512/val/n01667114/ILSVRC2012_val_00039441.JPEG,51,2.3233191596809775,0.00099871342536062,0.11980245398499581,0.8886432903255853,0.09605373949170279,33462
256,/home/projects/bagon/shared/imagenet512/val/n02115641/ILSVRC2012_val_00015821.JPEG,17,0.7854857996571809,0.0009529816452413797,0.10776178090105892,0.5283981441515535,0.047656041470185435,33474
257,/home/projects/bagon/shared/imagenet512/val/n02776631/ILSVRC2012_val_00039610.JPEG,2,0.8528286621440202,0.0006294653285294771,0.09800158120075068,0.5729162163963721,0.07554365911005997,33489
258,/home/projects/bagon/shared/imagenet512/val/n03633091/ILSVRC2012_val_00034861.JPEG,2,0.4910132867989887,5.829164365422912e-05,0.07518450373394209,0.3879002076211057,0.11313634797318026,33503
259,/home/projects/bagon/shared/imagenet512/val/n03291819/ILSVRC2012_val_00003352.JPEG,16,0.20195097662508488,0.000990734319202602,0.033372705958202006,0.16268863536986283,0.0532643009384528,33533
260,/home/projects/bagon/shared/imagenet512/val/n04462240/ILSVRC2012_val_00040741.JPEG,3,1.547223746756572,6.318072337307967e-06,0.25636080519389404,0.7347175768324119,0.11528229933229191,33571
261,/home/projects/bagon/shared/imagenet512/val/n03761084/ILSVRC2012_val_00033830.JPEG,2,2.2949409484713215,5.483612312673358e-06,0.14454909526844167,0.8992266213209799,0.052039372854675005,33618
262,/home/projects/bagon/shared/imagenet512/val/n02100236/ILSVRC2012_val_00020414.JPEG,2,0.11728676111670211,0.0008313775178976357,0.026564606190080286,0.10912329823854454,0.1216376268361943,33621
263,/home/projects/bagon/shared/imagenet512/val/n02361337/ILSVRC2012_val_00047875.JPEG,6,4.346765676164068,0.0009410720085725188,0.30148454085058196,0.8966568560102433,0.1036750334360147,33650
264,/home/projects/bagon/shared/imagenet512/val/n02058221/ILSVRC2012_val_00016571.JPEG,3,5.271297988831066,0.0002540027489885688,0.2621070773590864,0.9936807502264452,0.1308063995261833,33658
265,/home/projects/bagon/shared/imagenet512/val/n03998194/ILSVRC2012_val_00041212.JPEG,2,1.9266477823057357,6.318072337307967e-06,0.23208910314233322,0.8543571659648592,0.04552455127187616,33707
266,/home/projects/bagon/shared/imagenet512/val/n02206856/ILSVRC2012_val_00017875.JPEG,44,2.718040078645572,0.0009809688199311495,0.2050906549759483,0.9058139710547086,0.10511622867499135,33713
267,/home/projects/bagon/shared/imagenet512/val/n03871628/ILSVRC2012_val_00008678.JPEG,4,9.644858601706801,0.0004820853646378964,0.42934425191315145,0.9254898768394572,0.17542487172009164,33755
268,/home/projects/bagon/shared/imagenet512/val/n03197337/ILSVRC2012_val_00043285.JPEG,8,0.4484276280272752,0.00098204065579921,0.0668275105726485,0.3556816595173664,0.10126102585974803,33763
269,/home/projects/bagon/shared/imagenet512/val/n03877472/ILSVRC2012_val_00040007.JPEG,17,2.0014462933759205,0.000969535845797509,0.2049091023272055,0.8490639283064112,0.2185528636576053,33767
270,/home/projects/bagon/shared/imagenet512/val/n03877472/ILSVRC2012_val_00048709.JPEG,2,0.740072309745301,2.1219027985353023e-05,0.11024259832464788,0.5228892883529095,0.25695576699144373,33776
271,/home/projects/bagon/shared/imagenet512/val/n03781244/ILSVRC2012_val_00040751.JPEG,6,1.8753497117431834,0.000952386180870235,0.11655794838291746,0.8442494263191275,0.10356043515796412,33799
272,/home/projects/bagon/shared/imagenet512/val/n04259630/ILSVRC2012_val_00036481.JPEG,2,6.184830063008121,0.00011431517486926168,0.1950741921022195,0.997825631534117,0.07340914549106757,33847
273,/home/projects/bagon/shared/imagenet512/val/n01443537/ILSVRC2012_val_00037846.JPEG,2,1.892691731452942,0.0,0.2556214023955114,0.8493342698478088,0.06690067565015481,33866
274,/home/projects/bagon/shared/imagenet512/val/n01735189/ILSVRC2012_val_00023657.JPEG,6,3.3290331166936085,0.0009815642843022943,0.20379560357397755,0.962066928292069,0.0665261078515312,33872
275,/home/projects/bagon/shared/imagenet512/val/n03902125/ILSVRC2012_val_00027286.JPEG,21,4.179212558607105,0.000974537746515125,0.3134374502410544,0.9838739703820871,0.1457904980994287,33929
276,/home/projects/bagon/shared/imagenet512/val/n03000247/ILSVRC2012_val_00007799.JPEG,2,0.8426308030648215,3.2305197237292305e-05,0.11359127915331028,0.5693775333486718,0.316559985475234,33944
277,/home/projects/bagon/shared/imagenet512/val/n03180011/ILSVRC2012_val_00039262.JPEG,54,1.174664617399685,0.0009871615329757333,0.08411234836580087,0.6497362692136114,0.08230029820985425,33955
278,/home/projects/bagon/shared/imagenet512/val/n03954731/ILSVRC2012_val_00015496.JPEG,3,3.21335528754571,2.6940935640595853e-05,0.22424909427563905,0.9551643384906767,0.10804875074392538,33995
279,/home/projects/bagon/shared/imagenet512/val/n02488291/ILSVRC2012_val_00028982.JPEG,2,1.4542813907610252,0.000342191313393414,0.2028071888475792,0.7660480261714012,0.2439330410947975,34055
280,/home/projects/bagon/shared/imagenet512/val/n03888605/ILSVRC2012_val_00011647.JPEG,16,6.407310637994669,0.0009650102583691478,0.33837084076515084,0.9950127706065653,0.03447231058176617,34061
281,/home/projects/bagon/shared/imagenet512/val/n02114548/ILSVRC2012_val_00044679.JPEG,41,4.912247090833262,0.0009894242975860834,0.32771074027665653,0.9179304406934772,0.3056268877302991,34088
282,/home/projects/bagon/shared/imagenet512/val/n01677366/ILSVRC2012_val_00040532.JPEG,2,1.1324614286190808,6.794906312279636e-06,0.1064997090869201,0.6777518839464567,0.0781270099833363,34110
283,/home/projects/bagon/shared/imagenet512/val/n03887697/ILSVRC2012_val_00011365.JPEG,40,2.1022730795666575,0.0009788251481950283,0.20789715345430473,0.8557337787436204,0.2147016021619761,34126
284,/home/projects/bagon/shared/imagenet512/val/n04479046/ILSVRC2012_val_00049537.JPEG,11,7.056022689852398,0.0009257083875127137,0.26882225795542486,0.9982956165884158,0.1244757504084579,34127
285,/home/projects/bagon/shared/imagenet512/val/n03271574/ILSVRC2012_val_00004415.JPEG,7,6.041275525931269,0.0009953788248822093,0.23133160550347734,0.9970034312653708,0.07462490831222227,34132
286,/home/projects/bagon/shared/imagenet512/val/n04330267/ILSVRC2012_val_00045078.JPEG,10,3.1373454101849347,0.0009526243666186929,0.22915573347591342,0.9500496154374392,0.08097264970845047,34197
287,/home/projects/bagon/shared/imagenet512/val/n02504458/ILSVRC2012_val_00010619.JPEG,18,1.3636118710273877,0.0009837078396230936,0.09890134697739575,0.7364505498364996,0.09374422839377923,34219
288,/home/projects/bagon/shared/imagenet512/val/n04482393/ILSVRC2012_val_00002897.JPEG,2,2.320864279521629,0.00028379703871905804,0.21725995813618457,0.9015038839318041,0.04912701774097762,34238
289,/home/projects/bagon/shared/imagenet512/val/n02526121/ILSVRC2012_val_00036341.JPEG,3,3.358676767180441,0.00013493580627255142,0.19607701226090204,0.9600139513557794,0.10004614116681003,34244
290,/home/projects/bagon/shared/imagenet512/val/n02361337/ILSVRC2012_val_00007212.JPEG,2,0.4019055961234699,1.6331539882230572e-05,0.08733062942076895,0.33092899473240356,0.09583060221782777,34256
291,/home/projects/bagon/shared/imagenet512/val/n04366367/ILSVRC2012_val_00043724.JPEG,2,2.1039286788436584,0.00011264643399044871,0.2175787590938914,0.8778984777805432,0.08796257936420405,34257
292,/home/projects/bagon/shared/imagenet512/val/n02091635/ILSVRC2012_val_00032793.JPEG,4,0.7359582787030376,0.0008935510995797813,0.11603392038096363,0.5189268967140974,0.061393615222403164,34269
293,/home/projects/bagon/shared/imagenet512/val/n02951358/ILSVRC2012_val_00008477.JPEG,2,1.7354806586517952,0.0001225396408699453,0.11548852352853695,0.8235410829841583,0.1615130283215533,34302
294,/home/projects/bagon/shared/imagenet512/val/n03961711/ILSVRC2012_val_00039193.JPEG,2,1.4007084369659424,0.0,0.14031316917354159,0.7535774945340907,0.0938745204381794,34311
295,/home/projects/bagon/shared/imagenet512/val/n04026417/ILSVRC2012_val_00019537.JPEG,21,2.292104856809601,0.000993592431768775,0.17508105082811282,0.8947401267534862,0.15914294647689736,34314
296,/home/projects/bagon/shared/imagenet512/val/n02793495/ILSVRC2012_val_00003727.JPEG,2,1.2909409999606396,6.9141146923357155e-06,0.13932620021390246,0.7249791143279007,0.04944913326504479,34315
297,/home/projects/bagon/shared/imagenet512/val/n03770679/ILSVRC2012_val_00022654.JPEG,20,1.2839512738864869,0.0009997851448133588,0.12920522833011003,0.7124084099395297,0.057270052838889654,34322
298,/home/projects/bagon/shared/imagenet512/val/n02948072/ILSVRC2012_val_00021186.JPEG,2,0.8055880750180222,0.0009677494526840746,0.23654884390642214,0.5522056375675148,0.12781485813615723,34342
299,/home/projects/bagon/shared/imagenet512/val/n02087046/ILSVRC2012_val_00029090.JPEG,16,1.4558143263566308,0.0009738231892697513,0.1404548289791464,0.7587293114994691,0.24053680200042082,34343
300,/home/projects/bagon/shared/imagenet512/val/n02894605/ILSVRC2012_val_00037982.JPEG,18,2.487602785229683,0.0009910915978252888,0.14170262050845253,0.9137792262929206,0.07773671673399736,34380
301,/home/projects/bagon/shared/imagenet512/val/n02939185/ILSVRC2012_val_00010282.JPEG,3,1.2191151976517176,3.6954811548639555e-06,0.15405180065579416,0.6050329566738252,0.4058814468308304,34389
302,/home/projects/bagon/shared/imagenet512/val/n02112706/ILSVRC2012_val_00044091.JPEG,3,2.954115963919321,0.00027497802511788905,0.2141012713586754,0.941262170144197,0.2786753942358684,34406
303,/home/projects/bagon/shared/imagenet512/val/n03496892/ILSVRC2012_val_00046202.JPEG,4,2.7423854153603315,0.0009984752396121621,0.20118553503037293,0.9344428531643683,0.2181827431964639,34412
304,/home/projects/bagon/shared/imagenet512/val/n02860847/ILSVRC2012_val_00025196.JPEG,2,1.6014969346942962,1.9788545614574105e-05,0.22721701719223536,0.7983817596108753,0.1026597060941842,34421
305,/home/projects/bagon/shared/imagenet512/val/n01873310/ILSVRC2012_val_00000940.JPEG,3,2.03459465501237,7.033323527139146e-06,0.3258324373096652,0.7565217351434539,0.025900305591364782,34438
306,/home/projects/bagon/shared/imagenet512/val/n03742115/ILSVRC2012_val_00040111.JPEG,2,0.6410351991307834,8.34461570775602e-06,0.10016029714545419,0.47324043280476147,0.4687688654407681,34441
307,/home/projects/bagon/shared/imagenet512/val/n04201297/ILSVRC2012_val_00049812.JPEG,2,4.057836770796712,2.074220174108632e-05,0.22842940691509556,0.9826927672453237,0.11645695156498802,34474
308,/home/projects/bagon/shared/imagenet512/val/n12144580/ILSVRC2012_val_00007467.JPEG,121,1.3754783655749634,0.0009920443408191204,0.08445161838948041,0.5163458668199414,0.1225746135162475,34475
309,/home/projects/bagon/shared/imagenet512/val/n04467665/ILSVRC2012_val_00035841.JPEG,24,4.336262854456436,0.0009706076816655695,0.2223943637578816,0.9847295347222804,0.3431099415225429,34487
310,/home/projects/bagon/shared/imagenet512/val/n12768682/ILSVRC2012_val_00014606.JPEG,3,4.155152440071106,0.0,0.3907514039395629,0.97091625996014,0.1020157769607066,34497
311,/home/projects/bagon/shared/imagenet512/val/n02777292/ILSVRC2012_val_00014709.JPEG,2,2.0008702278032615,4.529942543740617e-06,0.1464404175035299,0.8647773342346351,0.0406614145577597,34527
312,/home/projects/bagon/shared/imagenet512/val/n07590611/ILSVRC2012_val_00036662.JPEG,2,1.5792663080719649,5.769562994828448e-05,0.13323615682888643,0.7938041708556618,0.12024953391007544,34553
313,/home/projects/bagon/shared/imagenet512/val/n02871525/ILSVRC2012_val_00047726.JPEG,2,0.6257621645795552,5.125986263010418e-06,0.0800506166556671,0.46513834480198857,0.08105163541507478,34558
314,/home/projects/bagon/shared/imagenet512/val/n01664065/ILSVRC2012_val_00014585.JPEG,19,1.4893664812552743,0.0009702504030428827,0.1563739356252577,0.75964039944863,0.31691173652758986,34590
315,/home/projects/bagon/shared/imagenet512/val/n02112137/ILSVRC2012_val_00020686.JPEG,2,0.29139134188881144,4.446407547220588e-05,0.05269096022068653,0.25269894168440543,0.08930633581026631,34596
316,/home/projects/bagon/shared/imagenet512/val/n13054560/ILSVRC2012_val_00011333.JPEG,2,2.4754284611335606,4.23184028477408e-05,0.21543926551246984,0.9158272714955543,0.11349634200820122,34611
317,/home/projects/bagon/shared/imagenet512/val/n03970156/ILSVRC2012_val_00047475.JPEG,2,3.5932841454050504,0.0008273277780972421,0.15879837308292272,0.9723325781961749,0.24003924964557996,34633
318,/home/projects/bagon/shared/imagenet512/val/n01883070/ILSVRC2012_val_00039458.JPEG,4,3.336422700493131,0.0009049849468283355,0.21718574966945645,0.9635191694479794,0.18122339363963524,34662
319,/home/projects/bagon/shared/imagenet512/val/n04141975/ILSVRC2012_val_00048812.JPEG,2,3.41044616699196,7.152555099310121e-07,0.24762085001083867,0.9669727956083277,0.06866210927692193,34664
320,/home/projects/bagon/shared/imagenet512/val/n02087394/ILSVRC2012_val_00004074.JPEG,76,0.8163010870339349,0.0009972843108698726,0.0678328314650347,0.4665660945939219,0.21553646777922503,34673
321,/home/projects/bagon/shared/imagenet512/val/n02114548/ILSVRC2012_val_00013358.JPEG,2,3.226780397730181,0.00018356545479036868,0.2008566369985175,0.9601245845001297,0.09126109855813594,34674
322,/home/projects/bagon/shared/imagenet512/val/n03095699/ILSVRC2012_val_00016094.JPEG,2,0.6781274080212825,3.576272320060525e-06,0.13912238287003634,0.4924283051092215,0.13353640198854747,34700
323,/home/projects/bagon/shared/imagenet512/val/n01729322/ILSVRC2012_val_00045045.JPEG,14,7.950353641354013,0.0009330924949608743,0.4343616956323356,0.8903998401709173,0.12415572740042836,34711
324,/home/projects/bagon/shared/imagenet512/val/n02094433/ILSVRC2012_val_00037529.JPEG,9,1.2172233388992026,0.000987995183095336,0.14347281060981631,0.7003226149470474,0.14704853852429198,34718
325,/home/projects/bagon/shared/imagenet512/val/n04461696/ILSVRC2012_val_00046404.JPEG,18,1.4694706404116005,0.0009869233472272754,0.13798556889298758,0.7638797003564873,0.0983571465642703,34776
326,/home/projects/bagon/shared/imagenet512/val/n02268853/ILSVRC2012_val_00003239.JPEG,44,1.4759563136612996,0.0009925207123160362,0.0924390370891112,0.751279295437939,0.09971962314535429,34839
327,/home/projects/bagon/shared/imagenet512/val/n07802026/ILSVRC2012_val_00006753.JPEG,4,3.510365749942139,0.0009586982196196914,0.15368030351968423,0.9691079068839736,0.10660765486871904,34846
328,/home/projects/bagon/shared/imagenet512/val/n04264628/ILSVRC2012_val_00013786.JPEG,134,1.6795792316552252,0.0009964506607502699,0.09390421312253087,0.66255652065813,0.19957319980209182,34881
329,/home/projects/bagon/shared/imagenet512/val/n02096177/ILSVRC2012_val_00044107.JPEG,13,6.343629209033679,0.0009710840531624854,0.3245458809554879,0.9980430271670949,0.16849307158104643,34963
330,/home/projects/bagon/shared/imagenet512/val/n04325704/ILSVRC2012_val_00020738.JPEG,2,2.409996314847376,0.0006239851354621351,0.20990511656437702,0.9095381234879519,0.09518370817346336,34967
331,/home/projects/bagon/shared/imagenet512/val/n01873310/ILSVRC2012_val_00029743.JPEG,2,0.16484732377284672,0.0002019201492657885,0.03850312611119771,0.15161012908753677,0.08658236288721746,34976
332,/home/projects/bagon/shared/imagenet512/val/n03724870/ILSVRC2012_val_00007883.JPEG,3,4.064681077827117,0.00010132275929208845,0.22176954290011286,0.9752700712051635,0.0729410267942582,35004
333,/home/projects/bagon/shared/imagenet512/val/n03692522/ILSVRC2012_val_00029897.JPEG,2,3.229811191558838,0.0,0.27716848677329703,0.9604350348119135,0.12787797716390656,35006
334,/home/projects/bagon/shared/imagenet512/val/n01629819/ILSVRC2012_val_00046985.JPEG,2,1.0590335539891385,0.0006283930852077901,0.12832535707135387,0.6524912826156893,0.17059214082880847,35016
335,/home/projects/bagon/shared/imagenet512/val/n07717556/ILSVRC2012_val_00007214.JPEG,3,11.103790018431027,0.00022957073815632612,0.4638958040640556,0.9997332418166459,0.24132045687709947,35039
336,/home/projects/bagon/shared/imagenet512/val/n03837869/ILSVRC2012_val_00028939.JPEG,2,2.542588113770762,4.3987260141875595e-05,0.15469274609274647,0.9212900973861041,0.07048276635578987,35047
337,/home/projects/bagon/shared/imagenet512/val/n02500267/ILSVRC2012_val_00010878.JPEG,26,5.226829437771812,0.0009885906474664807,0.18947840950136297,0.9934274165986132,0.1302593558032982,35084
338,/home/projects/bagon/shared/imagenet512/val/n02095570/ILSVRC2012_val_00046999.JPEG,16,4.225359324307647,0.0009739422821439803,0.23860768907523175,0.6589195407144928,0.36963507782789295,35139
339,/home/projects/bagon/shared/imagenet512/val/n04346328/ILSVRC2012_val_00033793.JPEG,3,4.1152444034814835,0.0,0.2746342597412,0.9811148018910985,0.10710649149262225,35150
340,/home/projects/bagon/shared/imagenet512/val/n02483708/ILSVRC2012_val_00023772.JPEG,25,1.9144542833091691,0.000992877990938723,0.1556621918874821,0.8468777483819379,0.15688423903200244,35167
341,/home/projects/bagon/shared/imagenet512/val/n03998194/ILSVRC2012_val_00035626.JPEG,2,1.2885774373926324,4.0531076592742465e-06,0.1493670940916734,0.7243321956077535,0.11622998392892311,35168
342,/home/projects/bagon/shared/imagenet512/val/n04442312/ILSVRC2012_val_00004478.JPEG,2,4.132622900186107,0.00033778208307921886,0.2161559573827344,0.9836263464832764,0.17184407918363118,35190
343,/home/projects/bagon/shared/imagenet512/val/n01847000/ILSVRC2012_val_00023780.JPEG,2,1.0846624373843952,1.0490362910786644e-05,0.10221554946864497,0.6619700077873382,0.13839647448534448,35226
344,/home/projects/bagon/shared/imagenet512/val/n02988304/ILSVRC2012_val_00014182.JPEG,66,1.3985984263708815,0.0009890670189633965,0.08194877028188402,0.6889906969138502,0.028998897023263706,35236
345,/home/projects/bagon/shared/imagenet512/val/n02910353/ILSVRC2012_val_00020407.JPEG,21,6.919098244456109,0.0009706076816655695,0.2337988731103334,0.9982853940534134,0.17457865636957293,35240
346,/home/projects/bagon/shared/imagenet512/val/n03729826/ILSVRC2012_val_00041722.JPEG,11,0.37122930062469095,0.0009650102583691478,0.05913729556888093,0.29691832382278416,0.14847983563666692,35280
347,/home/projects/bagon/shared/imagenet512/val/n07697537/ILSVRC2012_val_00030973.JPEG,2,0.12053122103679925,0.0006613928126171231,0.027152097616002666,0.11232526908979722,0.06494837871855837,35306
348,/home/projects/bagon/shared/imagenet512/val/n03637318/ILSVRC2012_val_00027525.JPEG,53,0.9416589726461098,0.0009859706042334437,0.1200245587686435,0.551262002271987,0.14509495201661285,35334
349,/home/projects/bagon/shared/imagenet512/val/n02280649/ILSVRC2012_val_00020691.JPEG,7,4.794314899365418,0.0009632238652557135,0.28992739946439916,0.9908320418139192,0.027196921899181728,35362
350,/home/projects/bagon/shared/imagenet512/val/n02906734/ILSVRC2012_val_00015359.JPEG,2,3.1069319990929216,0.00029976642690598965,0.19914287382824425,0.9549564521924352,0.16034039817260076,35430
351,/home/projects/bagon/shared/imagenet512/val/n02676566/ILSVRC2012_val_00013648.JPEG,35,1.225656146532856,0.000987995183095336,0.11686103238070465,0.6690482225317712,0.3577856245339158,35464
352,/home/projects/bagon/shared/imagenet512/val/n02025239/ILSVRC2012_val_00002658.JPEG,39,6.668829470581841,0.0009744186536408961,0.49791072408611586,0.9608199928104981,0.16769706060995496,35498
353,/home/projects/bagon/shared/imagenet512/val/n07583066/ILSVRC2012_val_00001378.JPEG,2,2.0100980997073066,1.5497195136049413e-06,0.15980276529481247,0.8660227306728335,0.08584393722473904,35500
354,/home/projects/bagon/shared/imagenet512/val/n02708093/ILSVRC2012_val_00044752.JPEG,110,1.1454704854404554,0.0009966888464987278,0.07725864379456839,0.4157746742880135,0.11038212676502651,35504
355,/home/projects/bagon/shared/imagenet512/val/n04590129/ILSVRC2012_val_00032011.JPEG,2,0.4743549823497233,7.271740287251305e-06,0.09548444618796598,0.3777020319155105,0.07259447603207334,35505
356,/home/projects/bagon/shared/imagenet512/val/n04579432/ILSVRC2012_val_00027515.JPEG,2,1.6561976671215461,8.344646857949556e-07,0.18510978268571082,0.8091356998480368,0.11178104127859731,35506
357,/home/projects/bagon/shared/imagenet512/val/n01978455/ILSVRC2012_val_00024885.JPEG,3,3.2025553183048032,0.0005902693956159055,0.24375444755752318,0.9541311733147257,0.17218339167382957,35509
358,/home/projects/bagon/shared/imagenet512/val/n07565083/ILSVRC2012_val_00018731.JPEG,8,2.590398254164029,0.0009238027851097286,0.1611120980607607,0.9234312230168131,0.06694630160417801,35519
359,/home/projects/bagon/shared/imagenet512/val/n02094433/ILSVRC2012_val_00037838.JPEG,2,1.6100901327081374,8.737658936297521e-05,0.14233634940999135,0.8000257879188895,0.04820745892643841,35532
360,/home/projects/bagon/shared/imagenet512/val/n03874599/ILSVRC2012_val_00014197.JPEG,26,0.11851589143043384,0.0009689403814263642,0.020521593361448372,0.05040523961968408,0.14145375667726168,35551
361,/home/projects/bagon/shared/imagenet512/val/n02077923/ILSVRC2012_val_00007193.JPEG,2,2.3293466567465657,1.0251946150674485e-05,0.17214240817276572,0.9026293790934106,0.16465562909133058,35552
362,/home/projects/bagon/shared/imagenet512/val/n01744401/ILSVRC2012_val_00032663.JPEG,33,3.2810817868448794,0.0009766814764589071,0.20511068496930943,0.9582661647974164,0.2784223581621946,35557
363,/home/projects/bagon/shared/imagenet512/val/n02948072/ILSVRC2012_val_00021250.JPEG,2,2.5105133056640625,0.0,0.1863160060524287,0.9187734689961905,0.05461642361977613,35585
364,/home/projects/bagon/shared/imagenet512/val/n02087046/ILSVRC2012_val_00017869.JPEG,33,2.4935904962476343,0.000977276940830052,0.21460296303926737,0.9069723898854212,0.10702478156251159,35591
365,/home/projects/bagon/shared/imagenet512/val/n09428293/ILSVRC2012_val_00020833.JPEG,10,1.0470469479332678,0.0009690594743005931,0.09138524053666203,0.6445991505113127,0.056530136977619334,35606
366,/home/projects/bagon/shared/imagenet512/val/n03100240/ILSVRC2012_val_00040371.JPEG,13,0.8561041515786201,0.000990615226328373,0.08599822991242102,0.568269792917033,0.18604529047092383,35638
367,/home/projects/bagon/shared/imagenet512/val/n03876231/ILSVRC2012_val_00007792.JPEG,9,4.605083578615449,0.0009572691051289439,0.20473291496895857,0.9889953379389708,0.2754004832963543,35651
368,/home/projects/bagon/shared/imagenet512/val/n03485407/ILSVRC2012_val_00009246.JPEG,2,0.9894718438445125,0.00013362467871047556,0.1240785449248854,0.6280444306373989,0.10025789423523163,35723
369,/home/projects/bagon/shared/imagenet512/val/n01675722/ILSVRC2012_val_00044862.JPEG,4,22.059161060526094,0.00011383838864276186,0.5474282283317017,0.9998629385780686,0.2162068558668184,35751
370,/home/projects/bagon/shared/imagenet512/val/n01910747/ILSVRC2012_val_00046918.JPEG,2,0.30718743801116943,0.0,0.08515148477463139,0.2644873931388491,0.05284371135895567,35765
371,/home/projects/bagon/shared/imagenet512/val/n03498962/ILSVRC2012_val_00021304.JPEG,40,49.66351998591563,0.0009758477681316435,0.7734772405840697,0.9988845199452594,0.6649973535247724,35786
372,/home/projects/bagon/shared/imagenet512/val/n02692877/ILSVRC2012_val_00037584.JPEG,2,1.4337962730787694,0.0007097586058080196,0.19719733143673318,0.7608050274632168,0.16274883882521574,35787
373,/home/projects/bagon/shared/imagenet512/val/n02510455/ILSVRC2012_val_00027510.JPEG,8,1.1687913649366237,0.0009613183210603893,0.280677252477708,0.684616733297002,0.1304930955813548,35793
374,/home/projects/bagon/shared/imagenet512/val/n01819313/ILSVRC2012_val_00025262.JPEG,3,5.509042024608561,2.7418097943154862e-06,0.2850379036807303,0.9812930283120652,0.04531873029961697,35794
375,/home/projects/bagon/shared/imagenet512/val/n02106662/ILSVRC2012_val_00027763.JPEG,38,0.9495731844799593,0.0009787060553207994,0.08497834189857734,0.5732714515590496,0.06296211952733592,35802
376,/home/projects/bagon/shared/imagenet512/val/n03692522/ILSVRC2012_val_00013016.JPEG,2,1.9405535459500243,1.9073468138230965e-06,0.14919507758756134,0.8563734252390656,0.12539797497551425,35809
377,/home/projects/bagon/shared/imagenet512/val/n04033901/ILSVRC2012_val_00018322.JPEG,2,0.19661359488236485,3.814689989667386e-06,0.05570330544629189,0.17848491816179662,0.07494049989547771,35844
378,/home/projects/bagon/shared/imagenet512/val/n02137549/ILSVRC2012_val_00036708.JPEG,12,2.3154523620032705,0.0009589364635758102,0.19509529266095482,0.8983071556122628,0.0754329331102872,35857
379,/home/projects/bagon/shared/imagenet512/val/n04090263/ILSVRC2012_val_00013742.JPEG,44,9.570748564554378,0.000993711524643004,0.39945008108128394,0.9997442316831096,0.16556819078806823,35931
380,/home/projects/bagon/shared/imagenet512/val/n02486410/ILSVRC2012_val_00035561.JPEG,3,3.0694836372640566,3.302042750874534e-05,0.2533583201776013,0.9293404051795582,0.04285251479184919,35955
381,/home/projects/bagon/shared/imagenet512/val/n02086079/ILSVRC2012_val_00041109.JPEG,3,4.260162568825763,0.000680691737215966,0.18945193332956276,0.9840679705403336,0.04707330482932642,35983
382,/home/projects/bagon/shared/imagenet512/val/n02841315/ILSVRC2012_val_00015345.JPEG,2,2.564522981423579,2.098061486321967e-05,0.18739195412739007,0.9230215534182824,0.11264388019764163,36028
383,/home/projects/bagon/shared/imagenet512/val/n02797295/ILSVRC2012_val_00019923.JPEG,12,4.2916175129357725,0.0009472650708630681,0.19237142196405463,0.9851898321889864,0.22120659627426725,36044
384,/home/projects/bagon/shared/imagenet512/val/n03063599/ILSVRC2012_val_00028344.JPEG,3,3.766571935513639,8.34430247778073e-05,0.1893418480767275,0.9679593267090141,0.185514016255924,36058
385,/home/projects/bagon/shared/imagenet512/val/n03895866/ILSVRC2012_val_00048025.JPEG,3,1.4565119143608172,2.7179348762729205e-05,0.23529056370543125,0.5250474626818399,0.20495515501733585,36104
386,/home/projects/bagon/shared/imagenet512/val/n03666591/ILSVRC2012_val_00010010.JPEG,2,0.2663174271046955,1.0371154530730564e-05,0.059520879733194774,0.2337859862791813,0.1479193797605914,36121
387,/home/projects/bagon/shared/imagenet512/val/n03958227/ILSVRC2012_val_00036707.JPEG,2,1.569758512196131,0.0002108589978888631,0.22931091530241515,0.7916565188464759,0.14770799584573427,36123
388,/home/projects/bagon/shared/imagenet512/val/n01943899/ILSVRC2012_val_00037632.JPEG,2,2.5858160257339406,1.1920928244535389e-07,0.22949294229359782,0.924665286961435,0.14399438746767407,36136
389,/home/projects/bagon/shared/imagenet512/val/n03742115/ILSVRC2012_val_00003678.JPEG,2,2.1465592418098822,0.0008416209602728486,0.19385285716287745,0.8827005892800408,0.14187375097064203,36143
390,/home/projects/bagon/shared/imagenet512/val/n03218198/ILSVRC2012_val_00049755.JPEG,2,0.675791560774087,4.076874756719917e-05,0.08279572895038592,0.4911849041746046,0.10532372471741969,36144
391,/home/projects/bagon/shared/imagenet512/val/n02099601/ILSVRC2012_val_00027830.JPEG,33,3.868764986633323,0.0009916870621964335,0.18949610580011658,0.9755962633023179,0.042986577713524154,36166
392,/home/projects/bagon/shared/imagenet512/val/n04356056/ILSVRC2012_val_00008306.JPEG,139,1.5405653356574476,0.0009924016194418073,0.09081223974054052,0.5460616832700587,0.23118409150874858,36177
393,/home/projects/bagon/shared/imagenet512/val/n02177972/ILSVRC2012_val_00015293.JPEG,2,1.7820128202342858,4.410734163684538e-06,0.18226459947927676,0.8316957293019154,0.05568727772077708,36187
394,/home/projects/bagon/shared/imagenet512/val/n03443371/ILSVRC2012_val_00011835.JPEG,35,0.7499749059788883,0.0009833505610004067,0.1001030131462282,0.49576809021538465,0.3697533016495358,36199
395,/home/projects/bagon/shared/imagenet512/val/n03954731/ILSVRC2012_val_00022781.JPEG,3,8.260595083236694,0.0,0.4919806043026043,0.9953454990370855,0.35777755431154123,36214
396,/home/projects/bagon/shared/imagenet512/val/n03272562/ILSVRC2012_val_00034871.JPEG,2,1.4239722127676941,0.00026925752172246575,0.11137554579906259,0.7589122708839032,0.10481549586616459,36231
397,/home/projects/bagon/shared/imagenet512/val/n02966687/ILSVRC2012_val_00047093.JPEG,26,1.1288912322488613,0.0009760859538801014,0.19758792340187664,0.6564771477730589,0.07519838883071026,36233
398,/home/projects/bagon/shared/imagenet512/val/n02095570/ILSVRC2012_val_00040663.JPEG,34,2.1330940981861204,0.000990257947705686,0.1446483897466365,0.8527403850590499,0.029432554131543526,36238
399,/home/projects/bagon/shared/imagenet512/val/n03216828/ILSVRC2012_val_00029369.JPEG,64,1.1774885053746402,0.0009873997187241912,0.10119316145939335,0.6161576383327566,0.24149800415064265,36243
400,/home/projects/bagon/shared/imagenet512/val/n03085013/ILSVRC2012_val_00001071.JPEG,46,3.7755501432111487,0.0009976415894925594,0.19429232314492453,0.9715137465688243,0.0807449038310788,36280
401,/home/projects/bagon/shared/imagenet512/val/n04355338/ILSVRC2012_val_00039285.JPEG,2,2.56175885022094,0.00022635281493421644,0.1731135617429522,0.9225937171726558,0.17645327124586863,36299
402,/home/projects/bagon/shared/imagenet512/val/n04370456/ILSVRC2012_val_00002291.JPEG,2,3.472039856365882,0.0009371418273076415,0.16063327123020374,0.9679957868810063,0.11337069301347581,36310
403,/home/projects/bagon/shared/imagenet512/val/n02087394/ILSVRC2012_val_00000948.JPEG,38,3.4690898433327675,0.0009865660686045885,0.16733903778961445,0.9476662180057399,0.16963145701575727,36339
404,/home/projects/bagon/shared/imagenet512/val/n03376595/ILSVRC2012_val_00048103.JPEG,2,0.1657230541422905,5.400034933700226e-05,0.03969620834050541,0.1526194514390711,0.04818247855403393,36351
405,/home/projects/bagon/shared/imagenet512/val/n02085620/ILSVRC2012_val_00018882.JPEG,2,0.9622821777957142,7.73638384998776e-05,0.08934952650175765,0.6178730425097263,0.05327825398453811,36366
406,/home/projects/bagon/shared/imagenet512/val/n03535780/ILSVRC2012_val_00031836.JPEG,35,0.8465818070108071,0.0009919252479448915,0.10325717601242196,0.5460544211415245,0.1866881364996453,36385
407,/home/projects/bagon/shared/imagenet512/val/n02871525/ILSVRC2012_val_00000896.JPEG,2,1.526445046882145,0.0004549183649942279,0.15179772487283058,0.7821629456496912,0.31262976869607456,36391
408,/home/projects/bagon/shared/imagenet512/val/n04116512/ILSVRC2012_val_00012660.JPEG,2,1.229573369026184,0.0,0.16410868311694696,0.707582668845768,0.08714747130952075,36394
409,/home/projects/bagon/shared/imagenet512/val/n03937543/ILSVRC2012_val_00000112.JPEG,2,4.935392975807183,1.1920928244535389e-07,0.24393429350170384,0.9928122480668121,0.31303627090725694,36407
410,/home/projects/bagon/shared/imagenet512/val/n01829413/ILSVRC2012_val_00020976.JPEG,2,3.7866303758783033,0.00017998983094003052,0.21596575021579006,0.9771471045078801,0.11041572225458957,36409
411,/home/projects/bagon/shared/imagenet512/val/n02165105/ILSVRC2012_val_00036417.JPEG,20,3.209499576827511,0.0009660820942372084,0.1848676109348216,0.9566278988768586,0.04405737070137731,36412
412,/home/projects/bagon/shared/imagenet512/val/n04325704/ILSVRC2012_val_00023465.JPEG,10,1.3877834533923306,0.0009714413317851722,0.10115825015495351,0.7468603769462749,0.1856738589113307,36441
413,/home/projects/bagon/shared/imagenet512/val/n03930630/ILSVRC2012_val_00044388.JPEG,19,1.6603185982676223,0.0009897815762087703,0.16281368456655632,0.7997523106175951,0.21189415304495243,36448
414,/home/projects/bagon/shared/imagenet512/val/n03535780/ILSVRC2012_val_00011767.JPEG,2,1.7932827348122373,0.000513064325787127,0.16250111687710567,0.8329936261197547,0.10334088310765412,36452
415,/home/projects/bagon/shared/imagenet512/val/n02037110/ILSVRC2012_val_00034827.JPEG,10,0.22006672905990854,0.0009675112669356167,0.05148929363821402,0.18597988585034825,0.12829233698627707,36472
416,/home/projects/bagon/shared/imagenet512/val/n02088466/ILSVRC2012_val_00025718.JPEG,2,0.4346823706437135,0.00023827097902540118,0.06326080591981943,0.35213881307940975,0.06012264114926266,36480
417,/home/projects/bagon/shared/imagenet512/val/n04532106/ILSVRC2012_val_00009759.JPEG,2,2.707810044288067,1.0728830375228426e-06,0.21541641453610935,0.9333161618850135,0.056629845470534665,36509
418,/home/projects/bagon/shared/imagenet512/val/n03314780/ILSVRC2012_val_00033005.JPEG,2,3.4715535637078574,2.6940935640595853e-05,0.20179500698028405,0.9689036124024163,0.09279701113808286,36518
419,/home/projects/bagon/shared/imagenet512/val/n01775062/ILSVRC2012_val_00015835.JPEG,16,1.0940614452701993,0.0009725131676532328,0.1390763351100626,0.6574070189846714,0.12628403057428156,36530
420,/home/projects/bagon/shared/imagenet512/val/n09246464/ILSVRC2012_val_00037494.JPEG,2,0.4758181959623471,0.0009975224966183305,0.09908196424070952,0.3772862961166816,0.2377755401802901,36552
421,/home/projects/bagon/shared/imagenet512/val/n02095314/ILSVRC2012_val_00025330.JPEG,4,8.999724248424172,0.0009925207123160362,0.44802496464200403,0.9933391631595506,0.18290130921185602,36568
422,/home/projects/bagon/shared/imagenet512/val/n04346328/ILSVRC2012_val_00004184.JPEG,16,7.648639911203645,0.0009803733555600047,0.3309713970006795,0.998629645501829,0.16491725888265865,36570
423,/home/projects/bagon/shared/imagenet512/val/n03478589/ILSVRC2012_val_00011534.JPEG,29,0.08314554794924334,0.0009763241396285594,0.014695206877817552,0.01229861600780417,0.13618698393051992,36572
424,/home/projects/bagon/shared/imagenet512/val/n01770081/ILSVRC2012_val_00038467.JPEG,2,3.544446825981133,1.1920928244535389e-07,0.14525861773190277,0.9711152610553412,0.2659490723747047,36599
425,/home/projects/bagon/shared/imagenet512/val/n03494278/ILSVRC2012_val_00022564.JPEG,28,7.650079928920604,0.0009957361035048962,0.23045233714429106,0.9989486621261683,0.06803103969508767,36600
426,/home/projects/bagon/shared/imagenet512/val/n04296562/ILSVRC2012_val_00042609.JPEG,3,3.00597495486727,0.0003885467885993421,0.29575469775128216,0.9471922574619731,0.1305166030850225,36656
427,/home/projects/bagon/shared/imagenet512/val/n01744401/ILSVRC2012_val_00046389.JPEG,29,3.6853327171411365,0.0009804924484342337,0.18912401084902586,0.970414549154299,0.18218264928734335,36657
428,/home/projects/bagon/shared/imagenet512/val/n01917289/ILSVRC2012_val_00022239.JPEG,3,4.0506012138921506,2.3603161025675945e-05,0.3126669412904837,0.9778190090492445,0.10887184021235469,36666
429,/home/projects/bagon/shared/imagenet512/val/n02106662/ILSVRC2012_val_00000946.JPEG,2,0.9634607674088329,0.0006548406090587378,0.11786580058518062,0.6178136118638012,0.14552323644491452,36710
430,/home/projects/bagon/shared/imagenet512/val/n04442312/ILSVRC2012_val_00009071.JPEG,3,3.739442606049124,0.0003034608089365065,0.28249644041842104,0.9755522438475247,0.09822959458138232,36713
431,/home/projects/bagon/shared/imagenet512/val/n03444034/ILSVRC2012_val_00040851.JPEG,2,2.945963261936413,5.61460001335945e-05,0.26260560934972654,0.9473946270267821,0.031407494029688704,36739
432,/home/projects/bagon/shared/imagenet512/val/n02895154/ILSVRC2012_val_00041183.JPEG,56,2.029877436463721,0.0009865660686045885,0.2645005019067265,0.7878109623290458,0.12641157405772094,36758
433,/home/projects/bagon/shared/imagenet512/val/n02493509/ILSVRC2012_val_00046148.JPEG,33,1.3448551478795707,0.0009888288332149386,0.09705185159476541,0.7269436557431689,0.21884326198089027,36780
434,/home/projects/bagon/shared/imagenet512/val/n04147183/ILSVRC2012_val_00037184.JPEG,3,2.4124934661667794,4.827859811484814e-05,0.17547175848975397,0.8541155041009646,0.1261472525106467,36787
435,/home/projects/bagon/shared/imagenet512/val/n03796401/ILSVRC2012_val_00045876.JPEG,15,3.6084059135173447,0.0009753713966347277,0.30071049850949455,0.9712026937148905,0.0660021165509652,36805
436,/home/projects/bagon/shared/imagenet512/val/n02747177/ILSVRC2012_val_00013783.JPEG,2,1.8162629124708474,0.000309657771140337,0.16252873404560553,0.8370106433487636,0.13384788461609737,36818
437,/home/projects/bagon/shared/imagenet512/val/n02129165/ILSVRC2012_val_00009124.JPEG,2,6.991041285014944,0.0001879753835964948,0.2861381938553216,0.998893446112667,0.06075968346294187,36822
438,/home/projects/bagon/shared/imagenet512/val/n03938244/ILSVRC2012_val_00011231.JPEG,2,0.4398265179279406,2.7179348762729205e-05,0.07896460310788884,0.355807069785768,0.09682149171938025,36828
439,/home/projects/bagon/shared/imagenet512/val/n04023962/ILSVRC2012_val_00017642.JPEG,2,1.2088258266358025,4.291525328881107e-06,0.20288074294339425,0.7014469203030592,0.14378091111479122,36845
440,/home/projects/bagon/shared/imagenet512/val/n03729826/ILSVRC2012_val_00032307.JPEG,6,3.8938665948226117,0.0008829509024508297,0.32340743414861456,0.9789365020566129,0.18596777332953054,36848
441,/home/projects/bagon/shared/imagenet512/val/n01990800/ILSVRC2012_val_00021042.JPEG,2,6.47141408918651,5.722029527532868e-06,0.24262333502046793,0.9984472199118366,0.3016561102932115,36853
442,/home/projects/bagon/shared/imagenet512/val/n04532106/ILSVRC2012_val_00036410.JPEG,2,3.2988526821136475,0.0,0.2121810975233493,0.9630744652791157,0.06306791687188415,36873
443,/home/projects/bagon/shared/imagenet512/val/n01985128/ILSVRC2012_val_00021995.JPEG,14,7.030763507587835,0.000977157847955823,0.24925507675023273,0.9960938086805518,0.04354926087071745,36885
444,/home/projects/bagon/shared/imagenet512/val/n02669723/ILSVRC2012_val_00002220.JPEG,33,1.7129706828272901,0.0009753713966347277,0.23831778173261428,0.8035949385622587,0.19929345220783923,36887
445,/home/projects/bagon/shared/imagenet512/val/n02966687/ILSVRC2012_val_00027808.JPEG,3,4.334484807419358,0.00036816971260122955,0.22914960349471342,0.9795357574241219,0.30677936034018505,36892
446,/home/projects/bagon/shared/imagenet512/val/n07613480/ILSVRC2012_val_00012877.JPEG,2,0.906620025563825,1.1920858014491387e-05,0.12468180747567724,0.5960962523293294,0.05964995394101358,36918
447,/home/projects/bagon/shared/imagenet512/val/n04479046/ILSVRC2012_val_00023579.JPEG,2,3.6180059908383555,1.6927575416048057e-05,0.2613033275910335,0.9731464717033066,0.04043232644508213,36933
448,/home/projects/bagon/shared/imagenet512/val/n02823750/ILSVRC2012_val_00010416.JPEG,2,2.449248372169677,0.0006001578294672072,0.23655421677409205,0.9130117361875638,0.05627050914785198,36941
449,/home/projects/bagon/shared/imagenet512/val/n02123045/ILSVRC2012_val_00039877.JPEG,89,1.481127921724692,0.0009896624833345413,0.08615461460095124,0.681633377601909,0.054649989844687,36957
450,/home/projects/bagon/shared/imagenet512/val/n03160309/ILSVRC2012_val_00006222.JPEG,3,2.608567450193732,1.9073468138230965e-06,0.3302678124128084,0.9234551288636403,0.16185525436202608,36981
451,/home/projects/bagon/shared/imagenet512/val/n07802026/ILSVRC2012_val_00010439.JPEG,4,12.096574008261086,2.0146166207268834e-05,0.5109478296489359,0.9272383762887144,0.02506267207044706,36982
452,/home/projects/bagon/shared/imagenet512/val/n04120489/ILSVRC2012_val_00017319.JPEG,2,0.3699224889201105,3.933898824470816e-06,0.08461484562861997,0.30920539355455795,0.1286355208736672,36994
453,/home/projects/bagon/shared/imagenet512/val/n07871810/ILSVRC2012_val_00033661.JPEG,40,4.933278951793909,0.0009870424401015043,0.16361430332282703,0.9892942034603392,0.12679450014069477,36997
454,/home/projects/bagon/shared/imagenet512/val/n03710721/ILSVRC2012_val_00009951.JPEG,87,2.231453617219813,0.0009991897968575358,0.12011950156515043,0.8507499420161863,0.25169173501245745,37001
455,/home/projects/bagon/shared/imagenet512/val/n03998194/ILSVRC2012_val_00031445.JPEG,2,1.3013564346620115,1.7881233361549675e-05,0.18010612357214953,0.7278149426541597,0.11514896747290751,37011
456,/home/projects/bagon/shared/imagenet512/val/n03627232/ILSVRC2012_val_00033273.JPEG,2,5.196612164349062,0.0003860443539451808,0.18574264818833114,0.9940864520589628,0.19376019839773856,37012
457,/home/projects/bagon/shared/imagenet512/val/n03272010/ILSVRC2012_val_00044737.JPEG,28,2.4254003051901236,0.0009803733555600047,0.18264460023934675,0.9035940831476391,0.18681997180747387,37015
458,/home/projects/bagon/shared/imagenet512/val/n03773504/ILSVRC2012_val_00026052.JPEG,80,1.4660083998460323,0.000998832518234849,0.09620210346553631,0.6312044214924175,0.07738516799982828,37026
459,/home/projects/bagon/shared/imagenet512/val/n07836838/ILSVRC2012_val_00029981.JPEG,3,3.558778512655408,0.0001532914029667154,0.21908032820936535,0.9536535697438653,0.14387273176016854,37037
460,/home/projects/bagon/shared/imagenet512/val/n02105412/ILSVRC2012_val_00023038.JPEG,2,2.7740341277385596,0.00017176583060063422,0.17110851552769205,0.9374092634955158,0.054743634557143775,37060
461,/home/projects/bagon/shared/imagenet512/val/n01675722/ILSVRC2012_val_00011294.JPEG,2,3.400499095499981,0.0001411338453181088,0.22622375233901748,0.9664989422512524,0.03843513110287942,37061
462,/home/projects/bagon/shared/imagenet512/val/n03633091/ILSVRC2012_val_00029771.JPEG,15,5.118678699654993,0.0009609610424377024,0.2270259023678031,0.992926577720392,0.05824630551946203,37080
463,/home/projects/bagon/shared/imagenet512/val/n02100583/ILSVRC2012_val_00013430.JPEG,21,1.009505553811323,0.0009604846709407866,0.15200227671787847,0.5999363273678131,0.07855381611304021,37117
464,/home/projects/bagon/shared/imagenet512/val/n03814906/ILSVRC2012_val_00033099.JPEG,32,2.7534375557443127,0.0009893052047118545,0.13582795465853809,0.9323103603578254,0.09505943221784133,37123
465,/home/projects/bagon/shared/imagenet512/val/n03047690/ILSVRC2012_val_00039640.JPEG,5,3.598292061709799,0.0009167758980765939,0.34015655729038585,0.9716677108372008,0.22472247061801193,37135
466,/home/projects/bagon/shared/imagenet512/val/n04120489/ILSVRC2012_val_00028442.JPEG,2,0.9887220778618939,0.0009221353684552014,0.2125981611035824,0.626734522039637,0.06923781818304209,37142
467,/home/projects/bagon/shared/imagenet512/val/n03085013/ILSVRC2012_val_00021913.JPEG,29,3.13534073298797,0.000976919662207365,0.1843390300471259,0.9525797382320648,0.24862844239125387,37146
468,/home/projects/bagon/shared/imagenet512/val/n02669723/ILSVRC2012_val_00000851.JPEG,24,0.775470610242337,0.0009888288332149386,0.1072861290751289,0.5246958691702862,0.13480683015607725,37148
469,/home/projects/bagon/shared/imagenet512/val/n01871265/ILSVRC2012_val_00027274.JPEG,94,1.2586834019748494,0.0009954979177564383,0.08305681720617314,0.6123748911966777,0.25572123422581816,37151
470,/home/projects/bagon/shared/imagenet512/val/n02445715/ILSVRC2012_val_00042428.JPEG,12,0.8091272455640137,0.0009863278828561306,0.1244513114677847,0.5402412564398189,0.04456805195601058,37156
471,/home/projects/bagon/shared/imagenet512/val/n04371774/ILSVRC2012_val_00047466.JPEG,11,5.692641401838046,0.0009494088008068502,0.36258350642403575,0.9957690651205209,0.20568439895326276,37159
472,/home/projects/bagon/shared/imagenet512/val/n02106166/ILSVRC2012_val_00035632.JPEG,123,1.6675289039267227,0.0009971652179956436,0.09306800434045434,0.6888418963923983,0.15675686637108363,37169
473,/home/projects/bagon/shared/imagenet512/val/n04465501/ILSVRC2012_val_00030516.JPEG,49,1.330111091840081,0.000993592431768775,0.10225839188734832,0.6917121804875531,0.10717862042222556,37170
474,/home/projects/bagon/shared/imagenet512/val/n07745940/ILSVRC2012_val_00033919.JPEG,2,3.0403110700426623,0.000542612629942596,0.2026129479241604,0.9516297012944266,0.10717802348390029,37173
475,/home/projects/bagon/shared/imagenet512/val/n13133613/ILSVRC2012_val_00047190.JPEG,58,2.8824362836312503,0.0009956170106306672,0.21504150862832408,0.9308899177572052,0.18805331638562706,37188
476,/home/projects/bagon/shared/imagenet512/val/n02492660/ILSVRC2012_val_00008878.JPEG,32,2.231516389118042,0.0009717986104078591,0.15800800398548936,0.8755738042534364,0.17841230490932436,37213
477,/home/projects/bagon/shared/imagenet512/val/n02606052/ILSVRC2012_val_00049577.JPEG,8,1.4945222536334768,0.0009342834819108248,0.19259136019048198,0.7643659612999567,0.08070283510245324,37221
478,/home/projects/bagon/shared/imagenet512/val/n03733805/ILSVRC2012_val_00011426.JPEG,11,4.22197175223846,0.0009342834819108248,0.24939034504507127,0.9842286213491069,0.07504656010880188,37238
479,/home/projects/bagon/shared/imagenet512/val/n03314780/ILSVRC2012_val_00015321.JPEG,2,3.8974410109221935,0.00019298121333122253,0.187128757781027,0.9795119034295073,0.0782517225567516,37239
480,/home/projects/bagon/shared/imagenet512/val/n04259630/ILSVRC2012_val_00037401.JPEG,2,2.3152688737827702,2.777537883957848e-05,0.19220897709500548,0.9012298325630586,0.10717251261531081,37262
481,/home/projects/bagon/shared/imagenet512/val/n02085620/ILSVRC2012_val_00020016.JPEG,25,7.135367527487688,0.0009859706042334437,0.3839021258912596,0.9990645078159416,0.10183070490350346,37268
482,/home/projects/bagon/shared/imagenet512/val/n03045698/ILSVRC2012_val_00016939.JPEG,20,4.086559042450972,0.0009578645695000887,0.22241233775401406,0.981113549934677,0.03729411927959906,37270
483,/home/projects/bagon/shared/imagenet512/val/n01675722/ILSVRC2012_val_00032254.JPEG,2,2.624804973438586,1.811964830267243e-05,0.1692981500290159,0.9275265625494767,0.06285487755632205,37286
484,/home/projects/bagon/shared/imagenet512/val/n03633091/ILSVRC2012_val_00037722.JPEG,19,5.385292295832187,0.0009940688032656908,0.33675386844990535,0.9813491167555204,0.28169317126111226,37296
485,/home/projects/bagon/shared/imagenet512/val/n03938244/ILSVRC2012_val_00002959.JPEG,3,4.292484998701184,1.9073468138230965e-06,0.2870388942975672,0.9826412257716419,0.11816625270413075,37307
486,/home/projects/bagon/shared/imagenet512/val/n02788148/ILSVRC2012_val_00029432.JPEG,2,2.2144067255721893,7.962863310240209e-05,0.16982795806179396,0.8906936451996919,0.19047763161885253,37312
487,/home/projects/bagon/shared/imagenet512/val/n01742172/ILSVRC2012_val_00008688.JPEG,17,1.1957020534900948,0.0009409529156982899,0.12215395909194626,0.6804530413334468,0.17105693890831114,37320
488,/home/projects/bagon/shared/imagenet512/val/n04228054/ILSVRC2012_val_00000568.JPEG,2,0.32570647530519636,0.00011514954530866817,0.06781930236452044,0.27778535195817466,0.06806995890312217,37332
489,/home/projects/bagon/shared/imagenet512/val/n01981276/ILSVRC2012_val_00000821.JPEG,2,2.606108644831693,0.00020311199477873743,0.2753455417747918,0.9260637684726386,0.09029828683954078,37336
490,/home/projects/bagon/shared/imagenet512/val/n02939185/ILSVRC2012_val_00029179.JPEG,2,1.9775514602659996,4.768370445162873e-07,0.17887285950562481,0.8615918208756589,0.12200978780690888,37345
491,/home/projects/bagon/shared/imagenet512/val/n03000134/ILSVRC2012_val_00043280.JPEG,3,1.827526707726065,0.0006842655711807311,0.3168544234309876,0.8188869191248459,0.24757261758868548,37352
492,/home/projects/bagon/shared/imagenet512/val/n03400231/ILSVRC2012_val_00001620.JPEG,2,0.8028811126423534,0.00013410145766101778,0.11120759980327802,0.5517707708391156,0.25206643999067013,37353
493,/home/projects/bagon/shared/imagenet512/val/n07714571/ILSVRC2012_val_00041102.JPEG,14,0.9650661350460723,0.000952267087996006,0.1179091881738798,0.6101921419845135,0.18644485049799603,37378
494,/home/projects/bagon/shared/imagenet512/val/n04370456/ILSVRC2012_val_00022909.JPEG,30,7.093742533470504,0.0009789442410692573,0.305341895619175,0.9911652664089254,0.11597284446343954,37380
495,/home/projects/bagon/shared/imagenet512/val/n09472597/ILSVRC2012_val_00023470.JPEG,2,6.959026932716199,5.960462772236497e-07,0.1966658528053957,0.9990493764486799,0.18254513406696055,37381
496,/home/projects/bagon/shared/imagenet512/val/n03785016/ILSVRC2012_val_00005460.JPEG,58,4.855248480336741,0.0009889479260891676,0.21833646709061455,0.9890546266293283,0.056386176799204185,37419
497,/home/projects/bagon/shared/imagenet512/val/n04355338/ILSVRC2012_val_00036305.JPEG,2,6.063976954552345,0.00031156453769654036,0.2849603857048197,0.9974492064043154,0.4256731572567636,37442
498,/home/projects/bagon/shared/imagenet512/val/n02892767/ILSVRC2012_val_00021377.JPEG,2,3.6596723741531605,0.00010334911348763853,0.16940633496723845,0.9741537286018979,0.08231921002615376,37453
499,/home/projects/bagon/shared/imagenet512/val/n04033995/ILSVRC2012_val_00014527.JPEG,2,0.6652829045051476,3.45700973412022e-05,0.09364141850047909,0.4858196989160683,0.14482387452725934,37482
500,/home/projects/bagon/shared/imagenet512/val/n02097474/ILSVRC2012_val_00038580.JPEG,3,2.7700542926904745,0.0008491248008795083,0.18162634729789895,0.9207583663855353,0.12429766629318445,37508
501,/home/projects/bagon/shared/imagenet512/val/n03347037/ILSVRC2012_val_00010414.JPEG,2,2.8863260746002197,0.0,0.19951004101241795,0.9442192184090097,0.0458261471401657,37549
502,/home/projects/bagon/shared/imagenet512/val/n03594734/ILSVRC2012_val_00032071.JPEG,2,1.217048048972913,5.960462772236497e-07,0.18707518642903542,0.703896137658787,0.28476279979116653,37573
503,/home/projects/bagon/shared/imagenet512/val/n02930766/ILSVRC2012_val_00041065.JPEG,2,1.2344168860872742,0.0003887851198669523,0.26194271887204995,0.7085025212332184,0.3945749187213826,37608
504,/home/projects/bagon/shared/imagenet512/val/n01514668/ILSVRC2012_val_00019101.JPEG,39,1.3766590411541983,0.0009896624833345413,0.07895481230144669,0.7306738001716557,0.048294932234740004,37631
505,/home/projects/bagon/shared/imagenet512/val/n03770439/ILSVRC2012_val_00001192.JPEG,2,3.820779752393719,0.00030989613151177764,0.17775678591904692,0.9777768291444539,0.13367244085250182,37645
506,/home/projects/bagon/shared/imagenet512/val/n03494278/ILSVRC2012_val_00004948.JPEG,2,3.8830736874006107,1.7523612768854946e-05,0.2695268686444378,0.9793946580185152,0.05974831605086759,37664
507,/home/projects/bagon/shared/imagenet512/val/n04136333/ILSVRC2012_val_00041397.JPEG,2,3.6659655570983603,2.3841855067985307e-07,0.23984679868771028,0.9744203354898876,0.11942424792377891,37672
508,/home/projects/bagon/shared/imagenet512/val/n04328186/ILSVRC2012_val_00005075.JPEG,2,0.9484013605979271,0.0009465504554100335,0.07872777909008791,0.6113685205442501,0.2892447492534652,37685
509,/home/projects/bagon/shared/imagenet512/val/n04591713/ILSVRC2012_val_00040395.JPEG,40,4.768675731727853,0.0009918061550706625,0.20821702906139428,0.9893153526697078,0.06384336495231693,37709
510,/home/projects/bagon/shared/imagenet512/val/n02667093/ILSVRC2012_val_00048585.JPEG,3,3.161525160061501,5.006777428206988e-06,0.26217255231585124,0.9442793990557469,0.3065799091314501,37721
511,/home/projects/bagon/shared/imagenet512/val/n02128925/ILSVRC2012_val_00010173.JPEG,2,1.3722291389713064,0.0009348789462819695,0.12160572819028291,0.7454375319466988,0.04342578908654965,37736
512,/home/projects/bagon/shared/imagenet512/val/n03759954/ILSVRC2012_val_00042490.JPEG,34,2.710595962125808,0.0009977606823667884,0.16968922113590798,0.9215605034545611,0.17001985433749178,37737
513,/home/projects/bagon/shared/imagenet512/val/n03720891/ILSVRC2012_val_00011678.JPEG,2,2.5211905240903434,4.6491513785440475e-06,0.22929779643910014,0.9196311221341092,0.10963644456198895,37738
514,/home/projects/bagon/shared/imagenet512/val/n01945685/ILSVRC2012_val_00000546.JPEG,2,1.6170691123552388,0.00016008525562938303,0.130144813197481,0.8013293629636448,0.04878276403475294,37739
515,/home/projects/bagon/shared/imagenet512/val/n07836838/ILSVRC2012_val_00012021.JPEG,4,0.5462130163796246,0.0008912881603464484,0.0717432684769886,0.41823253620247713,0.29515071626362,37744
516,/home/projects/bagon/shared/imagenet512/val/n03633091/ILSVRC2012_val_00019674.JPEG,2,4.489574431368965,4.482168878894299e-05,0.19834143845355018,0.9887293276867953,0.11457508591860356,37751
517,/home/projects/bagon/shared/imagenet512/val/n02791124/ILSVRC2012_val_00047382.JPEG,22,4.135003235307522,0.0009916870621964335,0.2191661130135775,0.9675696192713306,0.12083673536018269,37754
518,/home/projects/bagon/shared/imagenet512/val/n02096294/ILSVRC2012_val_00039692.JPEG,23,1.0245221307268366,0.0009883524617180228,0.1330624395677928,0.6266302814759375,0.20092402314443245,37758
519,/home/projects/bagon/shared/imagenet512/val/n04501370/ILSVRC2012_val_00029667.JPEG,2,1.6409565179783385,7.819823804311454e-05,0.22236275702374383,0.8061133968130152,0.08676681342279476,37762
520,/home/projects/bagon/shared/imagenet512/val/n04254777/ILSVRC2012_val_00023140.JPEG,3,3.288909882265216,9.179073458653875e-06,0.25660944900050964,0.9560610907525515,0.06541442743215672,37763
521,/home/projects/bagon/shared/imagenet512/val/n03721384/ILSVRC2012_val_00006674.JPEG,2,4.185924052726477,3.0517112463712692e-05,0.23469320359183082,0.9847636119062415,0.21906681425581076,37798
522,/home/projects/bagon/shared/imagenet512/val/n04201297/ILSVRC2012_val_00029607.JPEG,2,3.0849053697747877,0.00017998983094003052,0.18113011031814083,0.9540786309555912,0.21365675360688374,37803
523,/home/projects/bagon/shared/imagenet512/val/n01990800/ILSVRC2012_val_00048808.JPEG,2,3.578802585547237,1.0490362910786644e-05,0.21808888180585326,0.9720800172314896,0.084468992136108,37812
524,/home/projects/bagon/shared/imagenet512/val/n03982430/ILSVRC2012_val_00017419.JPEG,2,1.997827410697937,0.0,0.19639634531536498,0.8643702875015719,0.2539548019832307,37814
525,/home/projects/bagon/shared/imagenet512/val/n03062245/ILSVRC2012_val_00003439.JPEG,2,1.241746896506811,0.00010918975021922961,0.11555775719732062,0.7109806962867903,0.2259210733599911,37823
526,/home/projects/bagon/shared/imagenet512/val/n01740131/ILSVRC2012_val_00025497.JPEG,28,6.23695134173613,0.0009883524617180228,0.28594029071218513,0.9968024421173565,0.20137813380682285,37837
527,/home/projects/bagon/shared/imagenet512/val/n02096051/ILSVRC2012_val_00047518.JPEG,32,0.27177384099923074,0.0009791824268177152,0.0403202440401399,0.19277813869594562,0.11323803925531098,37867
528,/home/projects/bagon/shared/imagenet512/val/n03187595/ILSVRC2012_val_00021110.JPEG,2,3.6901156900585192,1.8596476365928538e-05,0.3133629419246553,0.975011877916625,0.04271864106251293,37876
529,/home/projects/bagon/shared/imagenet512/val/n02356798/ILSVRC2012_val_00047262.JPEG,4,7.639420714164771,1.1324817933200393e-05,0.4767889962149601,0.9688350627047502,0.06234997954919355,37883
530,/home/projects/bagon/shared/imagenet512/val/n04367480/ILSVRC2012_val_00002251.JPEG,5,1.215356671193149,0.0008538890979252756,0.14648316789541985,0.7011794963653541,0.31019004242500897,37897
531,/home/projects/bagon/shared/imagenet512/val/n03633091/ILSVRC2012_val_00048133.JPEG,2,4.208608349406859,0.0002810560108628124,0.23864061096046418,0.9848526776747858,0.03094081669493435,37913
532,/home/projects/bagon/shared/imagenet512/val/n02363005/ILSVRC2012_val_00040322.JPEG,3,3.499623618728947,0.0002740246127359569,0.28319580279387024,0.9106472616111085,0.038955267648634065,37927
533,/home/projects/bagon/shared/imagenet512/val/n04154565/ILSVRC2012_val_00043928.JPEG,29,3.0330841044778936,0.0009752523037604988,0.1715856509599272,0.9470681031752723,0.05563080692308141,37929
534,/home/projects/bagon/shared/imagenet512/val/n02321529/ILSVRC2012_val_00003820.JPEG,3,3.2862571775258402,1.1444026313256472e-05,0.2960387751713118,0.9569620205320326,0.15447645444642832,37932
535,/home/projects/bagon/shared/imagenet512/val/n02095570/ILSVRC2012_val_00046610.JPEG,34,1.1891333769308403,0.000976919662207365,0.12083108192349544,0.6473848269087509,0.047130533671842195,37941
536,/home/projects/bagon/shared/imagenet512/val/n02797295/ILSVRC2012_val_00020027.JPEG,2,0.641295313834803,8.344646857949556e-07,0.1267154272902494,0.4733887465249378,0.05027714375903651,37951
537,/home/projects/bagon/shared/imagenet512/val/n03529860/ILSVRC2012_val_00030674.JPEG,59,1.2261329616885632,0.0009966888464987278,0.07710398817699185,0.6616163581378114,0.10445442208793904,37976
538,/home/projects/bagon/shared/imagenet512/val/n03692522/ILSVRC2012_val_00031406.JPEG,2,6.314595819363603,0.0004864939546678215,0.16905356033211272,0.9977184563081729,0.2438960493404814,37979
539,/home/projects/bagon/shared/imagenet512/val/n02093256/ILSVRC2012_val_00038280.JPEG,106,2.043244664557278,0.0009999042376875877,0.13309376822790836,0.7914159615956176,0.15351189831132914,37981
540,/home/projects/bagon/shared/imagenet512/val/n04040759/ILSVRC2012_val_00022101.JPEG,2,1.939793586730616,8.344646857949556e-07,0.16199540677213398,0.8562653105315225,0.05006455915655851,37992
541,/home/projects/bagon/shared/imagenet512/val/n02808304/ILSVRC2012_val_00005573.JPEG,3,0.5477721540210041,1.9550132492440753e-05,0.09561713376535472,0.2686552464146541,0.1038159656653282,38015
542,/home/projects/bagon/shared/imagenet512/val/n04265275/ILSVRC2012_val_00048533.JPEG,27,3.864642154192552,0.0009914488764479756,0.1998517778568165,0.9751276491115756,0.04724214823914612,38029
543,/home/projects/bagon/shared/imagenet512/val/n04507155/ILSVRC2012_val_00019266.JPEG,2,3.299367904657629,3.3378546504536644e-06,0.19490062603095903,0.9630900929378201,0.15435682246114907,38033
544,/home/projects/bagon/shared/imagenet512/val/n02488702/ILSVRC2012_val_00036154.JPEG,3,2.779470391338691,0.00021252757869660854,0.18928563887101194,0.9314174403327091,0.15858340245773112,38036
545,/home/projects/bagon/shared/imagenet512/val/n04067472/ILSVRC2012_val_00023931.JPEG,11,2.067781265359372,0.0009834696538746357,0.23882850908701908,0.8705538915883222,0.09754132637302725,38052
546,/home/projects/bagon/shared/imagenet512/val/n04258138/ILSVRC2012_val_00010525.JPEG,2,3.9212502241118727,1.7881377516459906e-06,0.2236713376681483,0.9801818598355143,0.05079006482517645,38054
547,/home/projects/bagon/shared/imagenet512/val/n02120079/ILSVRC2012_val_00013609.JPEG,3,3.6737791299819946,0.0,0.3434894070151503,0.8888625327363464,0.28625119127218307,38069
548,/home/projects/bagon/shared/imagenet512/val/n02138441/ILSVRC2012_val_00026404.JPEG,3,5.701864058995852,9.738924563862383e-05,0.3374490990735441,0.9917190978564673,0.09284086416656688,38071
549,/home/projects/bagon/shared/imagenet512/val/n04266014/ILSVRC2012_val_00005822.JPEG,3,2.6396230161190033,0.0,0.30662353778981305,0.9116738464533152,0.14587660201688163,38074
550,/home/projects/bagon/shared/imagenet512/val/n03063599/ILSVRC2012_val_00020276.JPEG,66,4.166969369747676,0.00098525604698807,0.2247017815859348,0.9788477162953294,0.43457574547437716,38075
551,/home/projects/bagon/shared/imagenet512/val/n04347754/ILSVRC2012_val_00041636.JPEG,2,2.8138953712768853,0.0008136299438774586,0.2177923999592989,0.9397006833967048,0.16276853569749233,38084
552,/home/projects/bagon/shared/imagenet512/val/n03126707/ILSVRC2012_val_00044885.JPEG,3,4.321491092443466,0.0,0.21867119782737746,0.983881633151352,0.26665013142969296,38086
553,/home/projects/bagon/shared/imagenet512/val/n02730930/ILSVRC2012_val_00030205.JPEG,2,3.528656721005973,1.4781842764932662e-05,0.2670677595582954,0.9706405267210164,0.0881321179211592,38088
554,/home/projects/bagon/shared/imagenet512/val/n03764736/ILSVRC2012_val_00043102.JPEG,3,2.2822180027724244,0.0008986725588329136,0.26433890082352823,0.8969460549538415,0.12481020924603899,38093
555,/home/projects/bagon/shared/imagenet512/val/n03980874/ILSVRC2012_val_00048787.JPEG,10,2.56807288271375,0.0009864469757303596,0.18470279162476394,0.9210922227899626,0.17712819316229295,38099
556,/home/projects/bagon/shared/imagenet512/val/n01883070/ILSVRC2012_val_00014931.JPEG,2,2.453873395915025,3.099436753473128e-06,0.2637632960141028,0.9140366370034974,0.2512487438622827,38111
557,/home/projects/bagon/shared/imagenet512/val/n02999410/ILSVRC2012_val_00021868.JPEG,10,2.1826930878451094,0.0009352362249046564,0.3101547361888656,0.8849538549160282,0.267871585324557,38115
558,/home/projects/bagon/shared/imagenet512/val/n02099429/ILSVRC2012_val_00030579.JPEG,3,2.9434720491990447,4.31528314948082e-05,0.18623878561065926,0.9425552466489893,0.22090477677636186,38173
559,/home/projects/bagon/shared/imagenet512/val/n03530642/ILSVRC2012_val_00017838.JPEG,2,3.684967875306029,1.8715683836489916e-05,0.28836396731478203,0.9748828929525711,0.08575435716144768,38195
560,/home/projects/bagon/shared/imagenet512/val/n02097209/ILSVRC2012_val_00010718.JPEG,35,2.921103083761409,0.0009789442410692573,0.1462365890679029,0.9380133505960578,0.034820864457682864,38199
561,/home/projects/bagon/shared/imagenet512/val/n03467068/ILSVRC2012_val_00010625.JPEG,3,3.1410588458529674,0.0005750194541178644,0.24205420667282077,0.9521136243432471,0.22840849404473088,38206
562,/home/projects/bagon/shared/imagenet512/val/n03970156/ILSVRC2012_val_00027554.JPEG,2,2.229441046613829,1.4185804502631072e-05,0.24500625666929987,0.8923956993299491,0.15342249469138713,38227
563,/home/projects/bagon/shared/imagenet512/val/n02099429/ILSVRC2012_val_00036808.JPEG,5,15.455470205459278,0.0006942722829990089,0.6322024643886495,0.5798050319662896,0.2823994618182497,38240
564,/home/projects/bagon/shared/imagenet512/val/n03476991/ILSVRC2012_val_00007805.JPEG,2,0.7900075443903916,0.0008992680232040584,0.07212467110580616,0.5448890885320673,0.07389311828831319,38257
565,/home/projects/bagon/shared/imagenet512/val/n07718472/ILSVRC2012_val_00037754.JPEG,21,1.4719072767184116,0.0009608419495634735,0.14510015204235543,0.7544213715336469,0.12014797873090356,38267
566,/home/projects/bagon/shared/imagenet512/val/n04517823/ILSVRC2012_val_00025993.JPEG,2,4.241246571866213,0.0001357701694360003,0.16605018379794462,0.9854736719061561,0.0936369826265479,38279
567,/home/projects/bagon/shared/imagenet512/val/n01697457/ILSVRC2012_val_00038287.JPEG,4,9.070164509990718,0.0006149308173917234,0.3685129240881363,0.9350532695293639,0.25821181954067374,38290
568,/home/projects/bagon/shared/imagenet512/val/n04485082/ILSVRC2012_val_00039663.JPEG,10,1.1630398577544838,0.0009865660686045885,0.17974926023811263,0.6829383983930406,0.0414799945058605,38311
569,/home/projects/bagon/shared/imagenet512/val/n02999410/ILSVRC2012_val_00013634.JPEG,2,3.3829383522388525,0.00025602878304198384,0.23779799786406108,0.9658494378842164,0.045299202365869484,38329
570,/home/projects/bagon/shared/imagenet512/val/n01753488/ILSVRC2012_val_00042749.JPEG,43,4.017173134256154,0.0009918061550706625,0.31057050476064574,0.9668333343685275,0.21308329625803538,38336
571,/home/projects/bagon/shared/imagenet512/val/n02085620/ILSVRC2012_val_00041000.JPEG,18,6.5653239050880075,0.0009934734553098679,0.31262851637215133,0.997685370161401,0.05760990556537538,38346
572,/home/projects/bagon/shared/imagenet512/val/n02114548/ILSVRC2012_val_00020076.JPEG,54,0.681179684936069,0.000990377040579915,0.06335646794026281,0.40650411555767707,0.09819252609641518,38349
573,/home/projects/bagon/shared/imagenet512/val/n03814639/ILSVRC2012_val_00034210.JPEG,3,7.462144373657793,4.875540980719961e-05,0.14768630718100817,0.9987628895445637,0.14732509095071505,38353
574,/home/projects/bagon/shared/imagenet512/val/n04442312/ILSVRC2012_val_00038755.JPEG,2,2.2769598960876465,0.0,0.17848965134945058,0.8974043493005479,0.05731137859916713,38361
575,/home/projects/bagon/shared/imagenet512/val/n03394916/ILSVRC2012_val_00023056.JPEG,10,13.014630229969043,0.0009738231892697513,0.35078670437693166,0.9989614013571045,0.25314394706335464,38381
576,/home/projects/bagon/shared/imagenet512/val/n01784675/ILSVRC2012_val_00009716.JPEG,2,2.7713793514540157,1.8000440832111053e-05,0.14901063743959306,0.937405045708597,0.1539002880224712,38419
577,/home/projects/bagon/shared/imagenet512/val/n04317175/ILSVRC2012_val_00017086.JPEG,2,4.795470117627701,4.23184028477408e-05,0.20067168090545026,0.9916906283099403,0.03511630144075478,38432
578,/home/projects/bagon/shared/imagenet512/val/n04355338/ILSVRC2012_val_00012033.JPEG,2,4.237180232645187,2.6702524337451905e-05,0.1924000599524342,0.985524689011161,0.14699580543881496,38444
579,/home/projects/bagon/shared/imagenet512/val/n02730930/ILSVRC2012_val_00014179.JPEG,2,3.0551784038542564,4.768370445162873e-07,0.20902349923896385,0.952885029333035,0.23226027079293105,38475
580,/home/projects/bagon/shared/imagenet512/val/n03532672/ILSVRC2012_val_00043481.JPEG,2,3.17969310261833,2.0861407392658293e-05,0.2068881318003938,0.9583799517252503,0.060201874249442816,38478
581,/home/projects/bagon/shared/imagenet512/val/n04041544/ILSVRC2012_val_00038611.JPEG,44,4.15232315461617,0.0009882333688437939,0.15323368792603384,0.9795113262128021,0.21696163616306444,38480
582,/home/projects/bagon/shared/imagenet512/val/n02089973/ILSVRC2012_val_00046454.JPEG,81,0.5334489159286022,0.0009953788248822093,0.05307316641685349,0.2655646352325092,0.2602920075987481,38500
583,/home/projects/bagon/shared/imagenet512/val/n03000134/ILSVRC2012_val_00048047.JPEG,4,21.18078613045509,6.8662193370983e-05,0.6369466472940416,0.9993101875079654,0.17263706469600654,38531
584,/home/projects/bagon/shared/imagenet512/val/n03706229/ILSVRC2012_val_00002384.JPEG,2,3.1345775127019806,8.821448318485636e-06,0.15202388215435583,0.9564726309206251,0.22451313487969482,38533
585,/home/projects/bagon/shared/imagenet512/val/n03532672/ILSVRC2012_val_00032596.JPEG,3,6.233193123014644,0.0007408496458083391,0.3680501611355052,0.9897124124733465,0.09400813016490245,38540
586,/home/projects/bagon/shared/imagenet512/val/n02799071/ILSVRC2012_val_00012687.JPEG,2,5.273671269416802,1.1920928244535389e-07,0.25256638973104,0.9948751521988028,0.3000596528881265,38549
587,/home/projects/bagon/shared/imagenet512/val/n03481172/ILSVRC2012_val_00028474.JPEG,31,1.6805029751267284,0.0009968079393729568,0.13363414524348635,0.7985426050213281,0.03845067725469083,38555
588,/home/projects/bagon/shared/imagenet512/val/n03785016/ILSVRC2012_val_00037092.JPEG,54,1.2865728553151712,0.000993354362435639,0.11727657640523481,0.6625229234858256,0.03936875227511409,38571
589,/home/projects/bagon/shared/imagenet512/val/n03207941/ILSVRC2012_val_00021969.JPEG,2,1.4482665061950684,0.0,0.2621323222772288,0.7650227152039105,0.15995032580255103,38584
590,/home/projects/bagon/shared/imagenet512/val/n01820546/ILSVRC2012_val_00005925.JPEG,7,1.2662317866343074,0.0009733468177728355,0.12737884182411954,0.7151215253400951,0.08036546240707913,38612
591,/home/projects/bagon/shared/imagenet512/val/n04090263/ILSVRC2012_val_00028273.JPEG,50,1.3187921795761213,0.000987876090221107,0.10635413275578715,0.6834313759360742,0.0526919091935238,38614
592,/home/projects/bagon/shared/imagenet512/val/n02782093/ILSVRC2012_val_00025777.JPEG,2,1.9008014976861887,0.0002889215829782188,0.21203146153667468,0.8502281778437022,0.022856810265674668,38615
593,/home/projects/bagon/shared/imagenet512/val/n02909870/ILSVRC2012_val_00017170.JPEG,2,2.6973849534856527,5.125986263010418e-06,0.15918143982841554,0.9326130387511453,0.09101479409546442,38631
594,/home/projects/bagon/shared/imagenet512/val/n01847000/ILSVRC2012_val_00035054.JPEG,8,2.225454415078275,0.0009971652179956436,0.1425953779646728,0.8894121766573689,0.19181962183156073,38636
595,/home/projects/bagon/shared/imagenet512/val/n03773504/ILSVRC2012_val_00006816.JPEG,132,1.6834324966184795,0.0009949024533852935,0.09450774010230119,0.6065562559224517,0.258588279251038,38637
596,/home/projects/bagon/shared/imagenet512/val/n02051845/ILSVRC2012_val_00043470.JPEG,2,0.5979712663393002,0.0003280101518612355,0.11455796757844589,0.44966512112115264,0.05884142732626358,38655
597,/home/projects/bagon/shared/imagenet512/val/n03014705/ILSVRC2012_val_00003447.JPEG,10,4.834183776460122,0.0009159421897493303,0.2968544443090708,0.9910648158592921,0.11517360450489701,38662
598,/home/projects/bagon/shared/imagenet512/val/n01774750/ILSVRC2012_val_00005326.JPEG,16,4.272552923706826,0.0009507188224233687,0.29376107215803005,0.9846755274589021,0.07197312364545405,38675
599,/home/projects/bagon/shared/imagenet512/val/n02128385/ILSVRC2012_val_00035368.JPEG,3,0.37259188617463224,0.00026079590315930545,0.05204571702697027,0.25319459845506254,0.16016737152553348,38696
600,/home/projects/bagon/shared/imagenet512/val/n04443257/ILSVRC2012_val_00043358.JPEG,2,0.17429488443303853,0.0009657248156145215,0.03831926938361345,0.1582141185536792,0.03158638112137667,38712
601,/home/projects/bagon/shared/imagenet512/val/n04049303/ILSVRC2012_val_00020371.JPEG,2,3.0625593891600147,0.0006563892820850015,0.21600563795233155,0.9525699759009562,0.16649062643203577,38714
602,/home/projects/bagon/shared/imagenet512/val/n03197337/ILSVRC2012_val_00042914.JPEG,17,3.5273235279601067,0.0009885906474664807,0.27578749593425667,0.9686217948343804,0.08446011787722113,38716
603,/home/projects/bagon/shared/imagenet512/val/n02701002/ILSVRC2012_val_00021146.JPEG,2,1.9826189692830667,0.0007952864980325103,0.13218894558035565,0.8614229463235759,0.25851974753324514,38728
604,/home/projects/bagon/shared/imagenet512/val/n01608432/ILSVRC2012_val_00006203.JPEG,3,8.787577959505143,0.00023326536756940186,0.3319143756040538,0.9983779015354844,0.2448011610093639,38760
605,/home/projects/bagon/shared/imagenet512/val/n04239074/ILSVRC2012_val_00003917.JPEG,2,2.534413454552123,6.878139538457617e-05,0.16140737182442377,0.9206179694720145,0.11187388584528896,38764
606,/home/projects/bagon/shared/imagenet512/val/n03133878/ILSVRC2012_val_00035267.JPEG,2,0.32391476616612636,1.7046782886609435e-05,0.06749504123621793,0.2766643842695009,0.22902257984473454,38771
607,/home/projects/bagon/shared/imagenet512/val/n04380533/ILSVRC2012_val_00013216.JPEG,47,2.505378797184676,0.0009990707039833069,0.19956976579480845,0.8788667249241656,0.30571601998150666,38789
608,/home/projects/bagon/shared/imagenet512/val/n03218198/ILSVRC2012_val_00011006.JPEG,2,1.0798943041518214,1.5735502529423684e-05,0.11301802615013115,0.6603539896367941,0.06426125038778423,38798
609,/home/projects/bagon/shared/imagenet512/val/n02321529/ILSVRC2012_val_00026823.JPEG,2,1.0669435235467972,7.378782902378589e-05,0.2135193959283003,0.6558434953185902,0.04557010682596614,38813
610,/home/projects/bagon/shared/imagenet512/val/n03944341/ILSVRC2012_val_00022949.JPEG,2,3.0823922157287598,0.0,0.2872068451647424,0.9541505499775433,0.10118925872714467,38827
611,/home/projects/bagon/shared/imagenet512/val/n04270147/ILSVRC2012_val_00027279.JPEG,4,0.10369157185778022,0.0009844223968684673,0.021834506519460787,0.09474923445734314,0.08193601665996904,38853
612,/home/projects/bagon/shared/imagenet512/val/n09332890/ILSVRC2012_val_00008757.JPEG,70,3.699273220379837,0.000988114275969565,0.14760031369311677,0.9638733716755218,0.2426137259273885,38854
613,/home/projects/bagon/shared/imagenet512/val/n04009552/ILSVRC2012_val_00038603.JPEG,14,0.9826475910376757,0.0009577454766258597,0.1394994631104621,0.6100609546592637,0.07353309623994943,38871
614,/home/projects/bagon/shared/imagenet512/val/n03325584/ILSVRC2012_val_00037917.JPEG,2,3.3407658334490407,2.8490614567999728e-05,0.2598909036071028,0.9645609233341171,0.2870612512277514,38886
615,/home/projects/bagon/shared/imagenet512/val/n01983481/ILSVRC2012_val_00007995.JPEG,13,3.8444660587701946,0.0009372609201818705,0.2155187210745673,0.9773771814706456,0.05279438788216649,38901
616,/home/projects/bagon/shared/imagenet512/val/n02111277/ILSVRC2012_val_00004435.JPEG,27,3.070940997917205,0.0009888288332149386,0.15609414350235026,0.9480474332094534,0.06458787610230327,38931
617,/home/projects/bagon/shared/imagenet512/val/n03131574/ILSVRC2012_val_00027577.JPEG,14,3.3192234924645163,0.0009390473715029657,0.3464131326855167,0.8794916698157778,0.0979622776328609,38938
618,/home/projects/bagon/shared/imagenet512/val/n03126707/ILSVRC2012_val_00031137.JPEG,2,1.8868716038123239,0.00042822727118618786,0.1898636714962686,0.8479865547060028,0.08220078143956616,38945
619,/home/projects/bagon/shared/imagenet512/val/n02095314/ILSVRC2012_val_00045861.JPEG,2,1.9361018855124712,0.0007297713309526443,0.16562364711345906,0.8549105963378095,0.08037240646385244,38960
620,/home/projects/bagon/shared/imagenet512/val/n02497673/ILSVRC2012_val_00020455.JPEG,2,1.963478088372085,3.6954811548639555e-06,0.22608334923039544,0.8596264389661094,0.07317339969885109,38968
621,/home/projects/bagon/shared/imagenet512/val/n04243546/ILSVRC2012_val_00011654.JPEG,8,6.52555345086148,0.00096941675292328,0.2562115087953266,0.9976847692534525,0.1781035468943328,39003
622,/home/projects/bagon/shared/imagenet512/val/n03404251/ILSVRC2012_val_00021886.JPEG,2,1.6921799182082395,1.2755313036905136e-05,0.18911016806497893,0.8158672648897227,0.15229906370430407,39004
623,/home/projects/bagon/shared/imagenet512/val/n03776460/ILSVRC2012_val_00025319.JPEG,9,5.568534055782948,0.0009726322605274618,0.3164616647727232,0.9724682359122309,0.11828547227236355,39010
624,/home/projects/bagon/shared/imagenet512/val/n02906734/ILSVRC2012_val_00026107.JPEG,12,5.252826427866239,0.000962151971179992,0.21287183005275698,0.9942406357278399,0.17417755108654065,39017
625,/home/projects/bagon/shared/imagenet512/val/n03786901/ILSVRC2012_val_00008123.JPEG,3,7.19120728968619,4.410734163684538e-06,0.36555284870609384,0.9958978293336217,0.09326705480140843,39025
626,/home/projects/bagon/shared/imagenet512/val/n06596364/ILSVRC2012_val_00044310.JPEG,2,1.2503728836454684,7.760223525110632e-05,0.16638503314042546,0.7135300155200602,0.16482579210410386,39032
627,/home/projects/bagon/shared/imagenet512/val/n01667114/ILSVRC2012_val_00029726.JPEG,52,3.9362371722236276,0.0009827552130445838,0.28815064493975084,0.975138655067581,0.1368110128542967,39048
628,/home/projects/bagon/shared/imagenet512/val/n07920052/ILSVRC2012_val_00029463.JPEG,2,0.575265969557222,0.0007381098694168031,0.08659984135313475,0.4363111976575892,0.09295542134141847,39050
629,/home/projects/bagon/shared/imagenet512/val/n03534580/ILSVRC2012_val_00031115.JPEG,50,3.3999551938613877,0.0009789442410692573,0.25217141451926933,0.9546288026156666,0.1960663742255126,39077
630,/home/projects/bagon/shared/imagenet512/val/n03658185/ILSVRC2012_val_00004567.JPEG,13,5.528220719425008,0.0009290431626141071,0.39357980023837685,0.9803136510708814,0.0864679969646959,39080
631,/home/projects/bagon/shared/imagenet512/val/n04116512/ILSVRC2012_val_00001154.JPEG,2,2.000292053387966,0.000856628583278507,0.16561854601137685,0.8637618644418126,0.1808601149940046,39087
632,/home/projects/bagon/shared/imagenet512/val/n03803284/ILSVRC2012_val_00027826.JPEG,3,7.043129563326147,3.3378546504536644e-06,0.2729778050879068,0.9972245982047385,0.07298981383544448,39103
633,/home/projects/bagon/shared/imagenet512/val/n02699494/ILSVRC2012_val_00041699.JPEG,2,1.7711607071832987,0.00017081231635529548,0.12611999868672172,0.8296696794802625,0.041732274995122165,39120
634,/home/projects/bagon/shared/imagenet512/val/n04146614/ILSVRC2012_val_00045384.JPEG,3,4.6929603815078735,0.0,0.3440850381652664,0.9624736344089878,0.07858976980113913,39158
635,/home/projects/bagon/shared/imagenet512/val/n02488291/ILSVRC2012_val_00048817.JPEG,13,2.857828305393923,0.0009455977124162018,0.22234582293888572,0.9396482005245604,0.07615008616476077,39203
636,/home/projects/bagon/shared/imagenet512/val/n02667093/ILSVRC2012_val_00026236.JPEG,2,1.4514658451062132,1.9073468138230965e-06,0.1548348950518937,0.7657709920226383,0.10459975826947641,39217
637,/home/projects/bagon/shared/imagenet512/val/n03792782/ILSVRC2012_val_00028824.JPEG,3,2.0673090596392285,0.00034397884155623615,0.15731137264090203,0.8600372305630759,0.059767330479763216,39224
638,/home/projects/bagon/shared/imagenet512/val/n04033995/ILSVRC2012_val_00013165.JPEG,2,2.5004050723364344,4.076874756719917e-05,0.16551299640322856,0.9179041050445067,0.10111290517857963,39226
639,/home/projects/bagon/shared/imagenet512/val/n03476684/ILSVRC2012_val_00009880.JPEG,18,3.3298480001976714,0.0009803733555600047,0.33113865862840636,0.9609409529189218,0.10751486529949288,39251
640,/home/projects/bagon/shared/imagenet512/val/n03717622/ILSVRC2012_val_00041537.JPEG,5,5.37485692644259,0.0008437649230472744,0.47548003130170013,0.9728703831808396,0.1703302513837993,39270
641,/home/projects/bagon/shared/imagenet512/val/n02708093/ILSVRC2012_val_00039274.JPEG,37,0.9774907280225307,0.0009983561467379332,0.07079656088333612,0.5949661851913859,0.052040194784395866,39280
642,/home/projects/bagon/shared/imagenet512/val/n02892767/ILSVRC2012_val_00019939.JPEG,27,3.601587335288059,0.0009702504030428827,0.19751623057257295,0.9697156750389564,0.056799191139309674,39284
643,/home/projects/bagon/shared/imagenet512/val/n02091635/ILSVRC2012_val_00043342.JPEG,3,1.8784182069357485,0.0004962643142789602,0.19700308375013026,0.8400207301411864,0.160189589501576,39286
644,/home/projects/bagon/shared/imagenet512/val/n04239074/ILSVRC2012_val_00017133.JPEG,2,2.577856421321485,1.728519782773219e-05,0.1638083088058248,0.9240448643334471,0.09585414578315408,39304
645,/home/projects/bagon/shared/imagenet512/val/n15075141/ILSVRC2012_val_00006252.JPEG,4,6.987584075308405,0.0006596058374270797,0.4461344708013183,0.9646721560431922,0.2566929473603478,39333
646,/home/projects/bagon/shared/imagenet512/val/n04179913/ILSVRC2012_val_00034658.JPEG,3,9.55193090425746,1.6212332411669195e-05,0.30514946945204785,0.999147958964782,0.07563806903946232,39346
647,/home/projects/bagon/shared/imagenet512/val/n03884397/ILSVRC2012_val_00018337.JPEG,2,2.5574517250061035,0.0,0.22713511135999734,0.9224980090522461,0.1697743205035443,39349
648,/home/projects/bagon/shared/imagenet512/val/n03478589/ILSVRC2012_val_00038891.JPEG,2,0.47107714414593715,2.3841855067985307e-07,0.09630659893528651,0.375670219467583,0.09602672370129706,39359
649,/home/projects/bagon/shared/imagenet512/val/n01843065/ILSVRC2012_val_00006372.JPEG,6,4.54596326709725,0.0009473841637372971,0.23679536782575106,0.9880212648030897,0.07692328180690736,39377
650,/home/projects/bagon/shared/imagenet512/val/n03775071/ILSVRC2012_val_00035581.JPEG,2,0.13014755513722776,0.00011216964776394889,0.033590395935328546,0.12182454672539716,0.07982745892368794,39381
651,/home/projects/bagon/shared/imagenet512/val/n03998194/ILSVRC2012_val_00044821.JPEG,2,4.799536466111022,3.123234637314454e-05,0.2044961932968731,0.9917350205247568,0.17343459298629643,39386
652,/home/projects/bagon/shared/imagenet512/val/n01755581/ILSVRC2012_val_00032714.JPEG,27,5.372186817345209,0.0009950215462595224,0.20766459791374742,0.9940730150871014,0.022395558647518257,39419
653,/home/projects/bagon/shared/imagenet512/val/n02808304/ILSVRC2012_val_00016455.JPEG,3,2.2101461738348007,0.0,0.22469673199530082,0.8783567789144039,0.07304557858982885,39430
654,/home/projects/bagon/shared/imagenet512/val/n02169497/ILSVRC2012_val_00048026.JPEG,38,2.590200718084816,0.000974537746515125,0.1388805451497058,0.9130315994153614,0.08852040478823,39436
655,/home/projects/bagon/shared/imagenet512/val/n04252225/ILSVRC2012_val_00000767.JPEG,2,0.5710225105237896,3.099436753473128e-06,0.11827010251334838,0.4350475857845038,0.03652975562246361,39446
656,/home/projects/bagon/shared/imagenet512/val/n02089867/ILSVRC2012_val_00007945.JPEG,68,2.7584448837442324,0.0009848987683653831,0.19801054720646769,0.90202503292245,0.2890770345787848,39450
657,/home/projects/bagon/shared/imagenet512/val/n04127249/ILSVRC2012_val_00036087.JPEG,3,11.620988368986787,1.5497195136049413e-06,0.38206783464533134,0.9999684900491663,0.3876915946587488,39456
658,/home/projects/bagon/shared/imagenet512/val/n02980441/ILSVRC2012_val_00019157.JPEG,22,0.127328981179744,0.0009654866298660636,0.023658957986029724,0.08434370146723946,0.10950923331409415,39476
659,/home/projects/bagon/shared/imagenet512/val/n02999410/ILSVRC2012_val_00013143.JPEG,49,4.871811045217328,0.0009834696538746357,0.19380472272511087,0.9893520491647412,0.24943762121907095,39482
660,/home/projects/bagon/shared/imagenet512/val/n03832673/ILSVRC2012_val_00043461.JPEG,120,1.3593057604739442,0.0009940688032656908,0.0843977077304425,0.5320839848747636,0.21669166553065683,39486
661,/home/projects/bagon/shared/imagenet512/val/n04152593/ILSVRC2012_val_00035949.JPEG,88,1.7182661645347252,0.0009995469590649009,0.0902631130880199,0.7652407503601436,0.1467964500086,39504
662,/home/projects/bagon/shared/imagenet512/val/n03710721/ILSVRC2012_val_00016414.JPEG,46,2.0515600081998855,0.0009887097403407097,0.15739377913667327,0.8586694413726933,0.05523457254894117,39510
663,/home/projects/bagon/shared/imagenet512/val/n02791270/ILSVRC2012_val_00036193.JPEG,2,1.433438896889129,2.2053474822314456e-05,0.1579617270797972,0.7614853194237095,0.050135387186575814,39547
664,/home/projects/bagon/shared/imagenet512/val/n03825788/ILSVRC2012_val_00011962.JPEG,2,3.5620080130174756,0.0001431601122021675,0.20636589921275333,0.9714733741942003,0.15640754216138664,39562
665,/home/projects/bagon/shared/imagenet512/val/n01664065/ILSVRC2012_val_00031829.JPEG,2,1.5945578559767455,0.0008750900160521269,0.1361803571107387,0.7959874033157665,0.06389638203285328,39569
666,/home/projects/bagon/shared/imagenet512/val/n02965783/ILSVRC2012_val_00005378.JPEG,3,5.926158144269721,4.005352093372494e-05,0.2424904020429851,0.9969248898832477,0.05185746006254429,39580
667,/home/projects/bagon/shared/imagenet512/val/n01737021/ILSVRC2012_val_00038046.JPEG,2,1.8059280455636326,0.00036197309964336455,0.16458039040946862,0.8353948966936741,0.21587925838259603,39584
668,/home/projects/bagon/shared/imagenet512/val/n01734418/ILSVRC2012_val_00021974.JPEG,14,3.3327065414050594,0.0009996660519391298,0.19312406381318573,0.9622340917017458,0.19240425869759603,39608
669,/home/projects/bagon/shared/imagenet512/val/n03595614/ILSVRC2012_val_00018901.JPEG,2,2.259712326427689,0.00015507926582358778,0.21616366514957905,0.8954496978377111,0.10513710685459028,39625
670,/home/projects/bagon/shared/imagenet512/val/n02110627/ILSVRC2012_val_00047479.JPEG,3,7.569870829582207,1.1920928244535389e-07,0.26202122505226677,0.9956636179165038,0.08226083191544198,39638
671,/home/projects/bagon/shared/imagenet512/val/n04591713/ILSVRC2012_val_00039657.JPEG,42,2.4835546541726217,0.0009835887467488647,0.18939281233829436,0.8995009090700822,0.0975777606241444,39641
672,/home/projects/bagon/shared/imagenet512/val/n07892512/ILSVRC2012_val_00010343.JPEG,27,1.4578696714015678,0.000996212475001812,0.0966368507236172,0.7588525318311975,0.1322651535271845,39656
673,/home/projects/bagon/shared/imagenet512/val/n02395406/ILSVRC2012_val_00047280.JPEG,6,7.531736347300466,0.0009495278936810791,0.2967302875051446,0.9992808195595224,0.24427091957261182,39669
674,/home/projects/bagon/shared/imagenet512/val/n03976657/ILSVRC2012_val_00045738.JPEG,14,2.3944603683194146,0.0009968079393729568,0.17955314823849555,0.9060465753501293,0.16009813096729764,39674
675,/home/projects/bagon/shared/imagenet512/val/n02104365/ILSVRC2012_val_00009939.JPEG,5,1.974051670229528,0.0009071287349797785,0.19680559296014205,0.859793727337579,0.10528719520897718,39677
676,/home/projects/bagon/shared/imagenet512/val/n03623198/ILSVRC2012_val_00042349.JPEG,2,0.2874536802410148,0.000773250067140907,0.09750267872499035,0.24850468370836645,0.26979976509559067,39683
677,/home/projects/bagon/shared/imagenet512/val/n02871525/ILSVRC2012_val_00011760.JPEG,4,5.926914215087891,0.0,0.43129030723251405,0.8196645592820395,0.034472271583830094,39693
678,/home/projects/bagon/shared/imagenet512/val/n03661043/ILSVRC2012_val_00020329.JPEG,2,4.067691683715566,1.0371154530730564e-05,0.24975881359034505,0.9828725031029157,0.06808000874300832,39705
679,/home/projects/bagon/shared/imagenet512/val/n03777754/ILSVRC2012_val_00007543.JPEG,2,1.6299020877340809,0.0002708068350329995,0.1562359542057197,0.8037313400173139,0.13953834731274292,39748
680,/home/projects/bagon/shared/imagenet512/val/n02974003/ILSVRC2012_val_00023793.JPEG,2,2.0389562841173756,2.8490614567999728e-05,0.2676579586461952,0.8698034213148669,0.1984779231419505,39766
681,/home/projects/bagon/shared/imagenet512/val/n02423022/ILSVRC2012_val_00021549.JPEG,25,2.0717882801545784,0.000990496133454144,0.13531034089635527,0.8623993077537353,0.042100307552929164,39770
682,/home/projects/bagon/shared/imagenet512/val/n02497673/ILSVRC2012_val_00037940.JPEG,11,5.583203122369014,0.000987756997346878,0.20750522982039524,0.9951991671656659,0.06681261153237103,39794
683,/home/projects/bagon/shared/imagenet512/val/n03796401/ILSVRC2012_val_00042924.JPEG,24,1.078567367629148,0.0009766814764589071,0.10828061790703579,0.6445843040570854,0.07350187812792836,39803
684,/home/projects/bagon/shared/imagenet512/val/n01806143/ILSVRC2012_val_00049665.JPEG,10,5.352750474063214,0.000935950840357691,0.2458353822951862,0.9945987105959152,0.08764722089400698,39807
685,/home/projects/bagon/shared/imagenet512/val/n03873416/ILSVRC2012_val_00044912.JPEG,13,2.557637597899884,0.000998594332486391,0.1840227683463588,0.9204485579222299,0.2355219356892099,39840
686,/home/projects/bagon/shared/imagenet512/val/n02107142/ILSVRC2012_val_00049614.JPEG,3,1.5961134485260118,0.0004104725376237184,0.20168484052523727,0.786139332693593,0.10579294879843365,39856
687,/home/projects/bagon/shared/imagenet512/val/n03131574/ILSVRC2012_val_00039064.JPEG,15,2.544215422705747,0.00097977789118886,0.16844342073606455,0.9128397859514922,0.07800658784759178,39883
688,/home/projects/bagon/shared/imagenet512/val/n03045698/ILSVRC2012_val_00022368.JPEG,2,1.7839927595778136,0.0001245659514097497,0.18409664803456657,0.8318893601324593,0.04512090172496991,39899
689,/home/projects/bagon/shared/imagenet512/val/n02486410/ILSVRC2012_val_00019077.JPEG,3,3.686627566094103,3.790783375734463e-05,0.27696823763384687,0.9460809498250531,0.24502998310676344,39915
690,/home/projects/bagon/shared/imagenet512/val/n02085620/ILSVRC2012_val_00016757.JPEG,2,1.97926540102344,0.0003175231395289302,0.20062306446248793,0.861486920182361,0.07637283154522141,39943
691,/home/projects/bagon/shared/imagenet512/val/n03483316/ILSVRC2012_val_00026003.JPEG,2,3.8727030750578706,2.6464111215318553e-05,0.20900354698942888,0.979170997486724,0.07891176931742454,39954
692,/home/projects/bagon/shared/imagenet512/val/n03478589/ILSVRC2012_val_00014449.JPEG,3,6.437991142272267,1.1920922133867862e-06,0.3645686533887249,0.9645159337044968,0.06643313938124178,39955
693,/home/projects/bagon/shared/imagenet512/val/n03208938/ILSVRC2012_val_00002489.JPEG,2,0.38105255365280755,1.311301275563892e-06,0.07342213290375384,0.31685578916103335,0.03840107975459922,39965
694,/home/projects/bagon/shared/imagenet512/val/n03733281/ILSVRC2012_val_00026206.JPEG,2,0.39649173617362976,0.0,0.10365174138744061,0.32732417814677534,0.061804370984869156,39999
695,/home/projects/bagon/shared/imagenet512/val/n03372029/ILSVRC2012_val_00008540.JPEG,2,4.328125566331437,0.00024375328212045133,0.26432703342363617,0.986575207306422,0.15779767244361725,40012
696,/home/projects/bagon/shared/imagenet512/val/n01978455/ILSVRC2012_val_00003705.JPEG,2,6.658461751416326,0.0005947966128587723,0.1701804748836534,0.9981368237572582,0.012604533424745362,40030
697,/home/projects/bagon/shared/imagenet512/val/n02776631/ILSVRC2012_val_00035746.JPEG,9,2.9542708854423836,0.0009577454766258597,0.2209788557029047,0.9445845037711251,0.11531889540343211,40039
698,/home/projects/bagon/shared/imagenet512/val/n03769881/ILSVRC2012_val_00043105.JPEG,2,0.817593567786389,0.0001161031104857102,0.09016107887795878,0.5583401557969555,0.26023751842570775,40105
699,/home/projects/bagon/shared/imagenet512/val/n03100240/ILSVRC2012_val_00009569.JPEG,17,1.0678215042571537,0.0009675112669356167,0.10031244166670578,0.6457876280221284,0.06655988949166336,40112
700,/home/projects/bagon/shared/imagenet512/val/n01829413/ILSVRC2012_val_00044903.JPEG,12,4.9331539769191295,0.000920825288631022,0.26842573403609526,0.9917541301787582,0.19816555818764892,40118
701,/home/projects/bagon/shared/imagenet512/val/n07590611/ILSVRC2012_val_00043737.JPEG,20,3.1445699091418646,0.0009759668610058725,0.20240687838027643,0.9542324068090515,0.07376981037234406,40121
702,/home/projects/bagon/shared/imagenet512/val/n03000134/ILSVRC2012_val_00024210.JPEG,3,2.366150824644137,0.00037043384509161115,0.22462842515931,0.9049356914681235,0.21963163043392642,40126
703,/home/projects/bagon/shared/imagenet512/val/n04258138/ILSVRC2012_val_00000897.JPEG,2,3.654655933380127,0.0,0.23830884235408198,0.9741296034950865,0.07114985782920696,40179
704,/home/projects/bagon/shared/imagenet512/val/n03916031/ILSVRC2012_val_00010916.JPEG,2,1.4632201022759546,0.0001854724541772157,0.11511657749123484,0.7682835690969645,0.25767452869969654,40195
705,/home/projects/bagon/shared/imagenet512/val/n02085782/ILSVRC2012_val_00018296.JPEG,2,1.7170806096983142,0.0009592937421984971,0.14211827562561385,0.819327528523817,0.18391878008377832,40199
706,/home/projects/bagon/shared/imagenet512/val/n01644900/ILSVRC2012_val_00049316.JPEG,25,6.7012392214965075,0.0009927588980644941,0.19880216760499017,0.9978204306283542,0.14227508997627863,40204
707,/home/projects/bagon/shared/imagenet512/val/n02110185/ILSVRC2012_val_00006539.JPEG,132,1.4094577884534374,0.0009956170106306672,0.08607088404710576,0.4365537326398769,0.18845163611560348,40209
708,/home/projects/bagon/shared/imagenet512/val/n04090263/ILSVRC2012_val_00000894.JPEG,81,1.302230637986213,0.0009970461251214147,0.08307765140851639,0.6733061862466313,0.25077180814078137,40218
709,/home/projects/bagon/shared/imagenet512/val/n04357314/ILSVRC2012_val_00007627.JPEG,28,4.197064443957061,0.0009778724052011967,0.19408398530769827,0.9833377775905123,0.08696360339538815,40225
710,/home/projects/bagon/shared/imagenet512/val/n07920052/ILSVRC2012_val_00025308.JPEG,2,1.039953589293873,1.7046782886609435e-05,0.11944595148290081,0.6465057727518874,0.04269522133110408,40253
711,/home/projects/bagon/shared/imagenet512/val/n03065424/ILSVRC2012_val_00010428.JPEG,2,2.658357381396854,2.90866428258596e-05,0.18950699319747638,0.9299057232703388,0.10178716636148824,40262
712,/home/projects/bagon/shared/imagenet512/val/n03710721/ILSVRC2012_val_00015356.JPEG,41,4.08593572844984,0.000969535845797509,0.2565125589344923,0.9774551103711723,0.06097322247264014,40265
713,/home/projects/bagon/shared/imagenet512/val/n02788148/ILSVRC2012_val_00005769.JPEG,2,2.093346118927002,0.0,0.1846434557322272,0.8767260323321753,0.09635809687677563,40285
714,/home/projects/bagon/shared/imagenet512/val/n03938244/ILSVRC2012_val_00046619.JPEG,2,3.7368382489075884,0.0004285847535356879,0.2933839218258626,0.9757387456953315,0.09112748774507322,40287
715,/home/projects/bagon/shared/imagenet512/val/n04008634/ILSVRC2012_val_00043374.JPEG,126,1.429106664727442,0.0009946642676368356,0.08547821500714146,0.5618322503510826,0.31974234881082486,40321
716,/home/projects/bagon/shared/imagenet512/val/n01753488/ILSVRC2012_val_00031311.JPEG,11,2.31172197178239,0.0009503615438006818,0.2800510475643085,0.7926086547851541,0.10382736946578153,40345
717,/home/projects/bagon/shared/imagenet512/val/n02504458/ILSVRC2012_val_00007292.JPEG,3,2.1549715918372385,0.0005598884890787303,0.11770588113874697,0.8758486478124025,0.1678100634942565,40351
718,/home/projects/bagon/shared/imagenet512/val/n04325704/ILSVRC2012_val_00007162.JPEG,25,3.4028627566294745,0.000985136954113841,0.14608274387941667,0.9612922898872974,0.12318442341786823,40354
719,/home/projects/bagon/shared/imagenet512/val/n01498041/ILSVRC2012_val_00014771.JPEG,3,0.5081820037885336,0.00017438798386137933,0.07733232015279809,0.3471852429368243,0.08095987550551426,40360
720,/home/projects/bagon/shared/imagenet512/val/n02749479/ILSVRC2012_val_00019910.JPEG,53,3.6820780698908493,0.0009901388548314571,0.1819445146221031,0.967920746706235,0.061447589548123266,40366
721,/home/projects/bagon/shared/imagenet512/val/n03938244/ILSVRC2012_val_00001087.JPEG,2,1.1791044473643524,9.536738616588991e-07,0.14961258819805318,0.6924447902436305,0.07530685477042905,40382
722,/home/projects/bagon/shared/imagenet512/val/n01797886/ILSVRC2012_val_00021625.JPEG,22,1.623634503572248,0.0009658439084887505,0.17033284471656085,0.791677280067564,0.058216146788243134,40392
723,/home/projects/bagon/shared/imagenet512/val/n02692877/ILSVRC2012_val_00013056.JPEG,2,2.9122540657408535,0.0007316772826015949,0.20171496461914876,0.944972105861223,0.29284252812357325,40393
724,/home/projects/bagon/shared/imagenet512/val/n12267677/ILSVRC2012_val_00020501.JPEG,2,3.1347652673721242,1.1920928244535389e-07,0.16112120666259158,0.9564898991166784,0.05915769501293506,40401
725,/home/projects/bagon/shared/imagenet512/val/n03781244/ILSVRC2012_val_00047255.JPEG,31,8.623754985746928,0.0009869233472272754,0.3271283086778672,0.9900939756732864,0.07075615663998454,40410
726,/home/projects/bagon/shared/imagenet512/val/n03400231/ILSVRC2012_val_00004787.JPEG,15,3.5207565327291377,0.000969535845797509,0.2183032627185728,0.9685150003159099,0.24064854993844165,40448
727,/home/projects/bagon/shared/imagenet512/val/n04330267/ILSVRC2012_val_00017468.JPEG,3,4.7458031773448965,4.887569048150908e-06,0.4404595674201386,0.9853638358657749,0.07468135288613999,40466
728,/home/projects/bagon/shared/imagenet512/val/n02794156/ILSVRC2012_val_00005441.JPEG,2,4.535315867644385,8.475421054754406e-05,0.1779512137611091,0.9891914364445902,0.058629233165663576,40485
729,/home/projects/bagon/shared/imagenet512/val/n04380533/ILSVRC2012_val_00038461.JPEG,74,3.5604152982123196,0.000990377040579915,0.20480875803960463,0.9620106329550122,0.02513340464115761,40495
730,/home/projects/bagon/shared/imagenet512/val/n03642806/ILSVRC2012_val_00015965.JPEG,74,1.318501451984048,0.000998594332486391,0.09922514018444564,0.6551541525606129,0.10628438315957706,40538
731,/home/projects/bagon/shared/imagenet512/val/n04141327/ILSVRC2012_val_00027852.JPEG,3,4.060853175280499,0.00012635385792236775,0.22631517747800478,0.9787860095139083,0.04853717662274021,40568
732,/home/projects/bagon/shared/imagenet512/val/n03633091/ILSVRC2012_val_00011185.JPEG,3,8.847134590148897,2.3841855067985307e-07,0.22827395224695446,0.999517165531705,0.07330147093206649,40579
733,/home/projects/bagon/shared/imagenet512/val/n03483316/ILSVRC2012_val_00016875.JPEG,2,3.7311402370251017,0.00019441144831944257,0.2239659540486477,0.9758388728189166,0.02674767362970032,40581
734,/home/projects/bagon/shared/imagenet512/val/n02113186/ILSVRC2012_val_00026343.JPEG,2,1.4740991956787184,0.000938332756049931,0.12692347464011489,0.769898843766639,0.02481550361575703,40586
735,/home/projects/bagon/shared/imagenet512/val/n01950731/ILSVRC2012_val_00036188.JPEG,2,2.788958805584116,0.00045062878052704036,0.2029001449511151,0.9380541600938725,0.04204408988758341,40595
736,/home/projects/bagon/shared/imagenet512/val/n01693334/ILSVRC2012_val_00041769.JPEG,52,1.6404015279840678,0.0009860896971076727,0.11003346531839499,0.7155026380277885,0.2058040628652882,40597
737,/home/projects/bagon/shared/imagenet512/val/n01748264/ILSVRC2012_val_00036217.JPEG,7,2.4815412648022175,0.0009837078396230936,0.20247898742230921,0.9148611101336552,0.06978003820323049,40598
738,/home/projects/bagon/shared/imagenet512/val/n03710721/ILSVRC2012_val_00010572.JPEG,66,1.1600813093828037,0.0009870424401015043,0.14284021619458476,0.6275039411983756,0.08518125190357004,40604
739,/home/projects/bagon/shared/imagenet512/val/n02101388/ILSVRC2012_val_00015972.JPEG,3,8.638543122142437,0.00011681827891152352,0.27418651960588036,0.9886269197609251,0.1497546236122647,40621
740,/home/projects/bagon/shared/imagenet512/val/n01944390/ILSVRC2012_val_00019782.JPEG,3,6.964743361924775,0.00084436044562608,0.18214498519340813,0.9980660571691973,0.1409636422887286,40627
741,/home/projects/bagon/shared/imagenet512/val/n01944390/ILSVRC2012_val_00009202.JPEG,18,6.584124949760735,0.0009868042543530464,0.15526816684870823,0.997626052997685,0.08526554887104978,40629
742,/home/projects/bagon/shared/imagenet512/val/n04131690/ILSVRC2012_val_00041903.JPEG,2,1.1912456748905242,1.9788545614574105e-05,0.155344805203179,0.6961316162793141,0.2537556814688946,40634
743,/home/projects/bagon/shared/imagenet512/val/n03690938/ILSVRC2012_val_00041882.JPEG,39,3.6748962292913347,0.0009996660519391298,0.1840197202348546,0.971682431628421,0.07316637531713913,40651
744,/home/projects/bagon/shared/imagenet512/val/n07693725/ILSVRC2012_val_00007322.JPEG,3,4.872735077398829,0.0009972843108698726,0.24940704665627703,0.9895764426573491,0.01894674143351294,40666
745,/home/projects/bagon/shared/imagenet512/val/n02795169/ILSVRC2012_val_00047237.JPEG,3,1.41495135857258,0.0007264359155669808,0.11065523131786206,0.6770590181911282,0.0330882547380294,40667
746,/home/projects/bagon/shared/imagenet512/val/n02814860/ILSVRC2012_val_00036801.JPEG,2,0.2913849626784213,0.0006940339808352292,0.04091760723011275,0.2515721709903925,0.10712186367834958,40679
747,/home/projects/bagon/shared/imagenet512/val/n01950731/ILSVRC2012_val_00016170.JPEG,3,2.295461414523743,5.864924969500862e-05,0.24196020560144318,0.8308010450762586,0.28881818105592305,40689
748,/home/projects/bagon/shared/imagenet512/val/n03630383/ILSVRC2012_val_00023980.JPEG,2,1.4633446931625258,6.556489552167477e-06,0.24552510088616353,0.7685310619621868,0.09416109229695988,40706
749,/home/projects/bagon/shared/imagenet512/val/n04525038/ILSVRC2012_val_00005602.JPEG,2,3.967761545907706,0.0006466205231845379,0.20870330636388504,0.9804690975454469,0.04303550683796049,40712
750,/home/projects/bagon/shared/imagenet512/val/n09332890/ILSVRC2012_val_00022291.JPEG,37,1.6955973498988897,0.000993711524643004,0.20067642173669464,0.799161690306729,0.11360406476852916,40721
751,/home/projects/bagon/shared/imagenet512/val/n02110958/ILSVRC2012_val_00038637.JPEG,3,5.452166914924874,5.483612312673358e-06,0.37983447427826567,0.9683748116761715,0.2979014483170275,40742
752,/home/projects/bagon/shared/imagenet512/val/n04263257/ILSVRC2012_val_00040184.JPEG,36,1.4007341173710302,0.000998832518234849,0.1286344122600199,0.7337868287098033,0.14425571309070032,40806
753,/home/projects/bagon/shared/imagenet512/val/n04152593/ILSVRC2012_val_00049455.JPEG,104,1.7687677540816367,0.0009925207123160362,0.09029900377144055,0.6969480475892936,0.26399528243154385,40812
754,/home/projects/bagon/shared/imagenet512/val/n02730930/ILSVRC2012_val_00037881.JPEG,2,1.0038411680725403,0.0008380476501770318,0.20192055544654092,0.6325282825679854,0.16508976209199266,40825
755,/home/projects/bagon/shared/imagenet512/val/n03908714/ILSVRC2012_val_00023446.JPEG,2,0.8943362236016128,1.1920922133867862e-06,0.15237791525359423,0.5911193219249243,0.10236768805417626,40835
756,/home/projects/bagon/shared/imagenet512/val/n03866082/ILSVRC2012_val_00033395.JPEG,71,4.302323905751109,0.0009857324184849858,0.32985151862150053,0.9749630700442276,0.0885141440062328,40843
757,/home/projects/bagon/shared/imagenet512/val/n03476684/ILSVRC2012_val_00016238.JPEG,7,3.7510540725197643,0.0009151084814220667,0.3329664179713582,0.9752867455787322,0.11778900306497077,40925
758,/home/projects/bagon/shared/imagenet512/val/n04442312/ILSVRC2012_val_00031310.JPEG,3,6.544611013145186,0.000976800569333136,0.2664391966904702,0.9979342845705994,0.10820550494377801,40936
759,/home/projects/bagon/shared/imagenet512/val/n07579787/ILSVRC2012_val_00013030.JPEG,21,3.0103030332829803,0.0009978797752410173,0.14918356315230674,0.9484527936086075,0.03742340355228749,40959
760,/home/projects/bagon/shared/imagenet512/val/n04136333/ILSVRC2012_val_00019762.JPEG,2,2.1646648644291417,1.490105023549404e-05,0.16038490028741195,0.8851949113531846,0.22065869494366064,40962
761,/home/projects/bagon/shared/imagenet512/val/n01740131/ILSVRC2012_val_00023015.JPEG,41,1.7976987920701504,0.000998951611109078,0.11982875075152204,0.8155178638539645,0.039165918116078335,40983
762,/home/projects/bagon/shared/imagenet512/val/n01514859/ILSVRC2012_val_00040038.JPEG,2,0.450178264756687,0.0005993238883093,0.0624471412488539,0.3615951494978402,0.18820654028391215,41001
763,/home/projects/bagon/shared/imagenet512/val/n02494079/ILSVRC2012_val_00029241.JPEG,59,0.8046317230910063,0.0009900197619572282,0.0639894374218972,0.49004444890899795,0.09117366481561376,41002
764,/home/projects/bagon/shared/imagenet512/val/n01669191/ILSVRC2012_val_00033723.JPEG,28,3.480527391366195,0.0009738231892697513,0.16143752621272772,0.9512298240182233,0.042214902891909836,41016
765,/home/projects/bagon/shared/imagenet512/val/n03958227/ILSVRC2012_val_00007768.JPEG,2,4.842351078940737,9.65590606938349e-06,0.24027032805232323,0.9921017508536427,0.30439765455944773,41023
766,/home/projects/bagon/shared/imagenet512/val/n04371774/ILSVRC2012_val_00002796.JPEG,2,2.078835964202881,0.0,0.19845172000048963,0.8749242880798395,0.0321533944164831,41033
767,/home/projects/bagon/shared/imagenet512/val/n01753488/ILSVRC2012_val_00001582.JPEG,68,3.5073365446878597,0.0009897815762087703,0.20172529187191635,0.921993206982352,0.11666748373209242,41044
768,/home/projects/bagon/shared/imagenet512/val/n03063599/ILSVRC2012_val_00023912.JPEG,38,0.3813910756725818,0.0009957361035048962,0.04779624937017388,0.2646149381494676,0.0198699586786023,41048
769,/home/projects/bagon/shared/imagenet512/val/n02701002/ILSVRC2012_val_00017171.JPEG,2,1.644664764397021,3.814689989667386e-06,0.17045020371423691,0.806918288046838,0.03684499059761073,41049
770,/home/projects/bagon/shared/imagenet512/val/n03794056/ILSVRC2012_val_00011238.JPEG,2,5.224647402761775,1.7881377516459906e-06,0.23550104556734022,0.9946159741589627,0.027259041980972835,41067
771,/home/projects/bagon/shared/imagenet512/val/n02794156/ILSVRC2012_val_00023691.JPEG,3,4.356240152990722,2.539125671319198e-05,0.26505802185695476,0.964249433409351,0.1129156448345333,41072
772,/home/projects/bagon/shared/imagenet512/val/n12144580/ILSVRC2012_val_00000869.JPEG,63,5.4213218978838995,0.0009839460253715515,0.269379197237067,0.9930863306256429,0.10554208933467762,41077
773,/home/projects/bagon/shared/imagenet512/val/n01558993/ILSVRC2012_val_00031273.JPEG,26,4.269812739570625,0.000990734319202602,0.15519534728721524,0.9837651878571954,0.022762439336144538,41081
774,/home/projects/bagon/shared/imagenet512/val/n02114367/ILSVRC2012_val_00000912.JPEG,10,5.565925159025937,0.000947503256611526,0.6008239150426012,0.7772534478134094,0.09287902674563384,41111
775,/home/projects/bagon/shared/imagenet512/val/n04270147/ILSVRC2012_val_00002285.JPEG,2,2.8506124018667833,1.3828182090946939e-05,0.14553407438534274,0.9421765026090695,0.09753172969643134,41113
776,/home/projects/bagon/shared/imagenet512/val/n04591157/ILSVRC2012_val_00022782.JPEG,2,1.547972798346109,1.6689286894688848e-06,0.1992183295035618,0.787319273496282,0.17862680831617442,41115
777,/home/projects/bagon/shared/imagenet512/val/n02089867/ILSVRC2012_val_00039247.JPEG,76,1.0004715365357697,0.000996331567876041,0.07249971760057611,0.5136070299550525,0.04116094086125247,41136
778,/home/projects/bagon/shared/imagenet512/val/n03065424/ILSVRC2012_val_00047628.JPEG,6,3.448795927106403,0.000993711524643004,0.25939696868408263,0.9670950493495423,0.05786093062147575,41146
779,/home/projects/bagon/shared/imagenet512/val/n04263257/ILSVRC2012_val_00013717.JPEG,77,1.6827537503559142,0.0009939497103914618,0.14475564781946773,0.7565832671806665,0.45173094860816226,41148
780,/home/projects/bagon/shared/imagenet512/val/n01665541/ILSVRC2012_val_00016779.JPEG,52,4.402003163704649,0.0009839460253715515,0.17782065993827692,0.9849466959778075,0.033534696064748494,41149
781,/home/projects/bagon/shared/imagenet512/val/n02992529/ILSVRC2012_val_00028501.JPEG,38,6.821310086641461,0.0009901388548314571,0.20845961815813702,0.9976209019534034,0.3490682081008444,41188
782,/home/projects/bagon/shared/imagenet512/val/n03255030/ILSVRC2012_val_00019337.JPEG,2,0.526584665698465,0.00019572250312194228,0.0700501691026114,0.4091163032376429,0.12325406316963797,41193
783,/home/projects/bagon/shared/imagenet512/val/n03443371/ILSVRC2012_val_00006157.JPEG,25,3.4418427001219243,0.0009978797752410173,0.18059086981177183,0.9645022993221817,0.25592449879986323,41206
784,/home/projects/bagon/shared/imagenet512/val/n01924916/ILSVRC2012_val_00033248.JPEG,2,7.368655877653509,0.0007493072189390659,0.28294113888786626,0.9991019546806286,0.1901108849027583,41223
785,/home/projects/bagon/shared/imagenet512/val/n03388043/ILSVRC2012_val_00013530.JPEG,2,4.23595046996968,1.4305104514278355e-06,0.1897344242737235,0.9855323976020942,0.07086695617258795,41229
786,/home/projects/bagon/shared/imagenet512/val/n02098413/ILSVRC2012_val_00008859.JPEG,82,1.7270385446026921,0.0009968079393729568,0.11017893082078693,0.7325688761938074,0.2854976670309032,41231
787,/home/projects/bagon/shared/imagenet512/val/n02787622/ILSVRC2012_val_00010860.JPEG,2,2.5078707933425832,1.1920928244535389e-07,0.18257029753677825,0.9185583981188237,0.17115987041180325,41234
788,/home/projects/bagon/shared/imagenet512/val/n04204238/ILSVRC2012_val_00009223.JPEG,2,1.5916286690007837,5.817244164063595e-05,0.2286723164649078,0.7963367923241682,0.042516715042893366,41236
789,/home/projects/bagon/shared/imagenet512/val/n02066245/ILSVRC2012_val_00022756.JPEG,4,6.670031280023977,0.0009818024700507522,0.27845582431312416,0.9982133120208385,0.12472301316413473,41237
790,/home/projects/bagon/shared/imagenet512/val/n04579145/ILSVRC2012_val_00015875.JPEG,7,2.5567182200029492,0.0009625093080103397,0.1777442913290888,0.9211100556711623,0.12336230321558692,41239
791,/home/projects/bagon/shared/imagenet512/val/n03633091/ILSVRC2012_val_00045311.JPEG,32,8.437398225534707,0.000985017861239612,0.1922838195413396,0.9988656535729441,0.17902574929012116,41269
792,/home/projects/bagon/shared/imagenet512/val/n04149813/ILSVRC2012_val_00021901.JPEG,2,3.77195465563409,5.125986263010418e-06,0.24402699058013358,0.9769876074998635,0.02669151613813202,41286
793,/home/projects/bagon/shared/imagenet512/val/n02012849/ILSVRC2012_val_00025564.JPEG,2,0.6743703416432254,0.00011669908417388797,0.09715804015368595,0.4903479459198505,0.1084600555328396,41292
794,/home/projects/bagon/shared/imagenet512/val/n02655020/ILSVRC2012_val_00000918.JPEG,2,3.5163879206229467,0.00019405389321036637,0.36933771229134676,0.9702282822011086,0.0991937866306891,41307
795,/home/projects/bagon/shared/imagenet512/val/n03400231/ILSVRC2012_val_00049474.JPEG,41,1.0206257799873129,0.000985375139862299,0.28534295161862233,0.5770589226112652,0.15504891965831083,41308
796,/home/projects/bagon/shared/imagenet512/val/n03733281/ILSVRC2012_val_00039998.JPEG,2,2.0349693298339844,0.0,0.2606949608260585,0.869315532747458,0.035023924434884085,41314
797,/home/projects/bagon/shared/imagenet512/val/n03838899/ILSVRC2012_val_00020624.JPEG,2,1.5835983810247853,0.0006821212591603398,0.1817175061103627,0.7939618914284715,0.11126631439446599,41320
798,/home/projects/bagon/shared/imagenet512/val/n04141327/ILSVRC2012_val_00030277.JPEG,16,0.9193544413428754,0.000979539705440402,0.11021337323932169,0.5828788374750979,0.05800169870109967,41338
799,/home/projects/bagon/shared/imagenet512/val/n04371774/ILSVRC2012_val_00035329.JPEG,2,2.2795802354812054,3.576278118089249e-07,0.20667968115874313,0.8976723757681611,0.05444139012113051,41372
800,/home/projects/bagon/shared/imagenet512/val/n04389033/ILSVRC2012_val_00008055.JPEG,2,0.8257434366441885,1.8358061424805783e-05,0.11974941266042083,0.5620643581371018,0.25385406160398527,41381
801,/home/projects/bagon/shared/imagenet512/val/n03930630/ILSVRC2012_val_00015879.JPEG,17,2.376723346533254,0.0009471459779888391,0.1329246170229519,0.9015594152618336,0.13429076046022032,41382
802,/home/projects/bagon/shared/imagenet512/val/n02977058/ILSVRC2012_val_00023322.JPEG,2,7.172554850562392,5.602820692729438e-06,0.24287655588927176,0.9992269477502379,0.09264853452622282,41392
803,/home/projects/bagon/shared/imagenet512/val/n03376595/ILSVRC2012_val_00013225.JPEG,2,0.9970126151392833,1.1324817933200393e-05,0.1691246311070932,0.6310043641943562,0.2375397222433779,41397
804,/home/projects/bagon/shared/imagenet512/val/n02974003/ILSVRC2012_val_00024401.JPEG,36,3.6646694659721106,0.0009777533123269677,0.1868369188911875,0.9710096929799126,0.08934761862271948,41403
805,/home/projects/bagon/shared/imagenet512/val/n04456115/ILSVRC2012_val_00049142.JPEG,2,8.51204800539199,3.6477376852417365e-05,0.23275507789766106,0.9997626288840045,0.29543801227785754,41465
806,/home/projects/bagon/shared/imagenet512/val/n04154565/ILSVRC2012_val_00034399.JPEG,2,2.33194160439416,2.098061486321967e-05,0.20112837060757907,0.9028699946956997,0.10312181938924193,41466
807,/home/projects/bagon/shared/imagenet512/val/n15075141/ILSVRC2012_val_00003181.JPEG,30,7.292001338908449,0.0009857324184849858,0.3591686972072234,0.9983099296835811,0.28951217145204355,41468
808,/home/projects/bagon/shared/imagenet512/val/n03866082/ILSVRC2012_val_00002332.JPEG,64,1.8605087952455506,0.0009921634336933494,0.1443030695673185,0.8051050257704119,0.20364064556561717,41475
809,/home/projects/bagon/shared/imagenet512/val/n02883205/ILSVRC2012_val_00024771.JPEG,2,7.76420462121132,1.4424220353248529e-05,0.31689070717087375,0.9995636760066753,0.11775487543487326,41488
810,/home/projects/bagon/shared/imagenet512/val/n02443114/ILSVRC2012_val_00045602.JPEG,50,4.548067837371491,0.0009977606823667884,0.2838210210781602,0.9727154718912394,0.10559467956649234,41489
811,/home/projects/bagon/shared/imagenet512/val/n02009912/ILSVRC2012_val_00038793.JPEG,29,3.9196572167566046,0.0009865660686045885,0.2601623340396755,0.9773827280935756,0.1437326050672553,41495
812,/home/projects/bagon/shared/imagenet512/val/n03347037/ILSVRC2012_val_00020463.JPEG,2,2.6451520919799805,0.0,0.19813488310957145,0.9290054165118715,0.04197363027278485,41515
813,/home/projects/bagon/shared/imagenet512/val/n03782006/ILSVRC2012_val_00009355.JPEG,82,2.105567134451121,0.0009995469590649009,0.09607017237986902,0.8197337140652503,0.03761652010728933,41523
814,/home/projects/bagon/shared/imagenet512/val/n03337140/ILSVRC2012_val_00003864.JPEG,7,3.3875511488877237,0.0009927588980644941,0.14027043637642997,0.96502692982788,0.12820221667293336,41527
815,/home/projects/bagon/shared/imagenet512/val/n03710721/ILSVRC2012_val_00040819.JPEG,122,1.5739232787163928,0.0009945451747626066,0.09058841475480783,0.6085971237686354,0.20496721405225624,41537
816,/home/projects/bagon/shared/imagenet512/val/n01930112/ILSVRC2012_val_00015650.JPEG,2,3.2344455718393874,1.0967194612021558e-05,0.22043857368467856,0.9606066463738703,0.1652368704003023,41543
817,/home/projects/bagon/shared/imagenet512/val/n02268443/ILSVRC2012_val_00043136.JPEG,30,2.3833071035915054,0.0009762050467543304,0.19703449665681583,0.8935270997976108,0.1929918080716686,41545
818,/home/projects/bagon/shared/imagenet512/val/n03937543/ILSVRC2012_val_00039011.JPEG,2,5.0694152116716396,3.4570634852570947e-06,0.2174176529181614,0.9937105411769848,0.03455037301185398,41552
819,/home/projects/bagon/shared/imagenet512/val/n03584829/ILSVRC2012_val_00049140.JPEG,2,3.3589524030685354,1.1920928244535389e-07,0.17331024493104913,0.9652281057279126,0.09340942722632499,41565
820,/home/projects/bagon/shared/imagenet512/val/n04270147/ILSVRC2012_val_00034977.JPEG,15,4.1878462436725385,0.0009734659106470644,0.343118332906456,0.9833080860521269,0.33598049867144575,41580
821,/home/projects/bagon/shared/imagenet512/val/n03240683/ILSVRC2012_val_00035038.JPEG,2,1.9043177366238524,1.9073468138230965e-06,0.2285682831948694,0.8510736261815717,0.13809912096398824,41586
822,/home/projects/bagon/shared/imagenet512/val/n01498041/ILSVRC2012_val_00043229.JPEG,38,6.397129031247459,0.0009791824268177152,0.27706827035622145,0.9975462673357782,0.08267820114408106,41618
823,/home/projects/bagon/shared/imagenet512/val/n03216828/ILSVRC2012_val_00014260.JPEG,47,1.5966588685987517,0.0009875188115984201,0.10654007848649942,0.7722825807304695,0.08156885067600408,41641
824,/home/projects/bagon/shared/imagenet512/val/n04204347/ILSVRC2012_val_00014048.JPEG,2,2.5757999655324966,0.0009520289022475481,0.1908431949894643,0.9229300836938158,0.034411546724388835,41656
825,/home/projects/bagon/shared/imagenet512/val/n04399382/ILSVRC2012_val_00002673.JPEG,2,4.09970605234048,5.280832192511298e-05,0.1757399826384293,0.983369112967878,0.07218702071876629,41657
826,/home/projects/bagon/shared/imagenet512/val/n04090263/ILSVRC2012_val_00041671.JPEG,63,5.944730281946249,0.0009858515113592148,0.27226729636531954,0.9953989136891463,0.32423690138258,41663
827,/home/projects/bagon/shared/imagenet512/val/n03887697/ILSVRC2012_val_00035594.JPEG,4,1.619986034813337,0.000952267087996006,0.26671297907250124,0.800596210516608,0.17535271382755027,41666
828,/home/projects/bagon/shared/imagenet512/val/n03729826/ILSVRC2012_val_00025397.JPEG,2,3.426954984664917,0.0,0.21634921592184908,0.9675141771917238,0.17060236704626508,41696
829,/home/projects/bagon/shared/imagenet512/val/n02894605/ILSVRC2012_val_00021166.JPEG,4,0.9406063389615156,0.000969535845797509,0.19307944363930596,0.607745236180074,0.036389446747977686,41698
830,/home/projects/bagon/shared/imagenet512/val/n01484850/ILSVRC2012_val_00044052.JPEG,21,1.9630617775255814,0.0009934734553098679,0.15554855705026296,0.8541516356119468,0.06593338691747563,41716
831,/home/projects/bagon/shared/imagenet512/val/n01667114/ILSVRC2012_val_00038085.JPEG,46,5.834220910444856,0.0009971652179956436,0.2714985235554397,0.9948592606282026,0.11854400673841606,41723
832,/home/projects/bagon/shared/imagenet512/val/n02483362/ILSVRC2012_val_00020997.JPEG,4,9.295299291610718,0.0,0.5576200443201942,0.9157361900208354,0.24138468191300355,41727
833,/home/projects/bagon/shared/imagenet512/val/n03958227/ILSVRC2012_val_00015317.JPEG,2,3.0108889341302074,3.2186455882765586e-06,0.22639409659022094,0.9507488135874758,0.3585235688008854,41743
834,/home/projects/bagon/shared/imagenet512/val/n02172182/ILSVRC2012_val_00006883.JPEG,3,7.061948093440151,0.00041654970846138895,0.46563051257713145,0.8012086687989568,0.1423452452721231,41773
835,/home/projects/bagon/shared/imagenet512/val/n04067472/ILSVRC2012_val_00031522.JPEG,2,4.360422491968166,1.0847986231965479e-05,0.17944607325966264,0.9872158959709256,0.29079287764807493,41786
836,/home/projects/bagon/shared/imagenet512/val/n02865351/ILSVRC2012_val_00016474.JPEG,2,4.064864754534938,1.680836794548668e-05,0.23410726574431462,0.9828173788031326,0.057339232968562796,41799
837,/home/projects/bagon/shared/imagenet512/val/n04376876/ILSVRC2012_val_00028012.JPEG,2,2.478014707565279,2.3841855067985307e-07,0.17076391053125253,0.9160901188192375,0.08566803778895174,41807
838,/home/projects/bagon/shared/imagenet512/val/n07836838/ILSVRC2012_val_00024526.JPEG,2,5.866563911084086,0.0001012035645544529,0.2091898905029956,0.9970672438587482,0.03264221603236273,41821
839,/home/projects/bagon/shared/imagenet512/val/n04398044/ILSVRC2012_val_00035011.JPEG,2,2.4078373627125984,0.0002374367177253589,0.13238477058802497,0.9097326338095303,0.06637678930829143,41822
840,/home/projects/bagon/shared/imagenet512/val/n02669723/ILSVRC2012_val_00049061.JPEG,37,0.4649644859600812,0.0009919252479448915,0.05171496328571919,0.33866294611372544,0.2141783858636155,41826
841,/home/projects/bagon/shared/imagenet512/val/n04597913/ILSVRC2012_val_00007881.JPEG,2,2.4718755158537533,0.0002549561613705009,0.21915215970213883,0.9153038076607103,0.11595234351933066,41827
842,/home/projects/bagon/shared/imagenet512/val/n03950228/ILSVRC2012_val_00005766.JPEG,73,3.617386569385417,0.0009981179609894753,0.14394961410227952,0.9666525806667334,0.16742446377471656,41832
843,/home/projects/bagon/shared/imagenet512/val/n02100877/ILSVRC2012_val_00025288.JPEG,3,1.8104081770288758,0.0009363081189803779,0.18306880262633532,0.8353056690743357,0.16218865446047556,41838
844,/home/projects/bagon/shared/imagenet512/val/n03483316/ILSVRC2012_val_00043535.JPEG,2,2.1056602001190186,0.0,0.21868572942000822,0.8782347223957936,0.11719644021320172,41862
845,/home/projects/bagon/shared/imagenet512/val/n03445924/ILSVRC2012_val_00006874.JPEG,4,3.4311405674670823,0.0007300095749087632,0.24672110722728693,0.9670491793305207,0.0663016016130887,41868
846,/home/projects/bagon/shared/imagenet512/val/n02483362/ILSVRC2012_val_00020301.JPEG,3,3.616975840384839,0.00043108707177452743,0.26807418831576246,0.9681803657010487,0.039226446293123496,41869
847,/home/projects/bagon/shared/imagenet512/val/n04596742/ILSVRC2012_val_00019557.JPEG,12,7.437076552305371,0.0009900197619572282,0.24164317559326676,0.9990573326692052,0.0786694034167083,41870
848,/home/projects/bagon/shared/imagenet512/val/n03062245/ILSVRC2012_val_00012643.JPEG,11,3.0950506178778596,0.000972155889030546,0.30293302902588864,0.953368800030486,0.07563652516802646,41889
849,/home/projects/bagon/shared/imagenet512/val/n01644900/ILSVRC2012_val_00039996.JPEG,10,4.388537973398343,0.0009946642676368356,0.18680698715084623,0.9779879516333516,0.08845758389516711,41904
850,/home/projects/bagon/shared/imagenet512/val/n03673027/ILSVRC2012_val_00049813.JPEG,2,4.207273694788455,0.00023195437097456306,0.2291891853183554,0.9848797685897062,0.33450621679783593,41913
851,/home/projects/bagon/shared/imagenet512/val/n03775546/ILSVRC2012_val_00047849.JPEG,11,2.7869191622012295,0.0009602464851923287,0.1966256362002224,0.936125667706184,0.19177875691493962,41916
852,/home/projects/bagon/shared/imagenet512/val/n03196217/ILSVRC2012_val_00026752.JPEG,2,4.194892325205728,0.0006331584881991148,0.24797428764544352,0.984297343214201,0.03835309052398829,41923
853,/home/projects/bagon/shared/imagenet512/val/n04311004/ILSVRC2012_val_00005791.JPEG,11,3.0930524454452097,0.0009838269324973226,0.19130755112658046,0.953093275405577,0.11581372830845257,41946
854,/home/projects/bagon/shared/imagenet512/val/n02776631/ILSVRC2012_val_00032747.JPEG,15,4.822508566081524,0.0009635811438784003,0.21493648016831018,0.9908028425070374,0.052063791380993645,41947
855,/home/projects/bagon/shared/imagenet512/val/n02493509/ILSVRC2012_val_00040269.JPEG,67,0.9775107756722718,0.0009882333688437939,0.07299580249559431,0.5684628133749116,0.3192300414763091,41948
856,/home/projects/bagon/shared/imagenet512/val/n03179701/ILSVRC2012_val_00011003.JPEG,49,1.8429013963323087,0.0009947833605110645,0.11122128656569383,0.8262998526430201,0.10334596151199589,41951
857,/home/projects/bagon/shared/imagenet512/val/n07749582/ILSVRC2012_val_00040755.JPEG,12,3.092098870605696,0.0009725131676532328,0.19898589389907242,0.9528211836328678,0.1837364724876699,41953
858,/home/projects/bagon/shared/imagenet512/val/n02814860/ILSVRC2012_val_00009577.JPEG,2,0.340960412286222,0.000691770575940609,0.055575028056207273,0.28775601470803674,0.1132996606318244,41954
859,/home/projects/bagon/shared/imagenet512/val/n04008634/ILSVRC2012_val_00000621.JPEG,92,1.133687419234775,0.000995974289253354,0.07488755068979748,0.5621963236480593,0.07771324742523784,41962
860,/home/projects/bagon/shared/imagenet512/val/n01984695/ILSVRC2012_val_00039080.JPEG,8,2.8041968541801907,0.0009065332706086338,0.1972111069417748,0.9378515874381749,0.3074960734398956,41965
861,/home/projects/bagon/shared/imagenet512/val/n02165105/ILSVRC2012_val_00000768.JPEG,5,4.819278257957194,0.0009717986104078591,0.21766210134967337,0.9909591229626604,0.0579844127312683,41973
862,/home/projects/bagon/shared/imagenet512/val/n04317175/ILSVRC2012_val_00010695.JPEG,2,7.2100222087683505,6.794698856538162e-05,0.2129380780028322,0.9991930801009401,0.19653138924546493,41978
863,/home/projects/bagon/shared/imagenet512/val/n03891332/ILSVRC2012_val_00004937.JPEG,3,4.349785026526661,8.201262971851975e-05,0.21548453248210378,0.985029115527096,0.15358160380683394,41983
864,/home/projects/bagon/shared/imagenet512/val/n03691459/ILSVRC2012_val_00030580.JPEG,42,7.850830229232088,0.0009910915978252888,0.16640185365623017,0.9987946761901424,0.1400029391175215,42007
865,/home/projects/bagon/shared/imagenet512/val/n03141823/ILSVRC2012_val_00007337.JPEG,3,5.27190661426539,8.702239938429557e-06,0.22100079272309556,0.9937392715848054,0.04792529061434658,42034
866,/home/projects/bagon/shared/imagenet512/val/n02002724/ILSVRC2012_val_00030904.JPEG,17,3.16860641061794,0.0009934734553098679,0.18648746319168452,0.95604051599623,0.12278046163014915,42048
867,/home/projects/bagon/shared/imagenet512/val/n03937543/ILSVRC2012_val_00023209.JPEG,2,6.543572306112765,3.2305197237292305e-05,0.20079024140999815,0.9985281498921255,0.12339926796961384,42079
868,/home/projects/bagon/shared/imagenet512/val/n03642806/ILSVRC2012_val_00007948.JPEG,76,1.15655230905395,0.0009912106906995177,0.07843355685975893,0.6175986266435473,0.295457174917103,42088
869,/home/projects/bagon/shared/imagenet512/val/n02110185/ILSVRC2012_val_00007501.JPEG,103,1.5844719799933955,0.000993116176687181,0.08965381300691094,0.6930325877908149,0.23316601843907475,42103
870,/home/projects/bagon/shared/imagenet512/val/n02423022/ILSVRC2012_val_00007265.JPEG,3,2.6922639603944845,2.9801878554280847e-05,0.15946937941976277,0.8878829042982616,0.16691445588520123,42123
871,/home/projects/bagon/shared/imagenet512/val/n01871265/ILSVRC2012_val_00029569.JPEG,63,2.510137538658455,0.0009944260818883777,0.11538495818301789,0.9013230992438481,0.04567405986865366,42131
872,/home/projects/bagon/shared/imagenet512/val/n02097298/ILSVRC2012_val_00012881.JPEG,52,3.1293496491853148,0.0009913297835737467,0.16196389531180894,0.9453898379356857,0.03401759191723916,42137
873,/home/projects/bagon/shared/imagenet512/val/n01744401/ILSVRC2012_val_00035023.JPEG,37,2.0615036997478455,0.0009838269324973226,0.12466918664986709,0.8429269511769855,0.19069463324305735,42153
874,/home/projects/bagon/shared/imagenet512/val/n02093256/ILSVRC2012_val_00001222.JPEG,75,3.2785657171625644,0.0009934734553098679,0.16248618204553741,0.9457701725477731,0.10860641114965439,42192
875,/home/projects/bagon/shared/imagenet512/val/n04372370/ILSVRC2012_val_00035679.JPEG,3,2.708998337387982,3.576278118089249e-07,0.2509096929387054,0.9224725370810115,0.08457777955661747,42198
876,/home/projects/bagon/shared/imagenet512/val/n02790996/ILSVRC2012_val_00041419.JPEG,41,1.7058516890974715,0.0009983561467379332,0.1509420856155053,0.7895012663070153,0.16580652287146028,42199
877,/home/projects/bagon/shared/imagenet512/val/n02442845/ILSVRC2012_val_00033047.JPEG,22,2.44941614032723,0.0009939497103914618,0.16920515791494475,0.9099215165071562,0.13342403269277786,42200
878,/home/projects/bagon/shared/imagenet512/val/n03710721/ILSVRC2012_val_00043449.JPEG,107,2.1952511791605502,0.000993711524643004,0.10938360418331695,0.8166004610033626,0.05431825078639014,42204
879,/home/projects/bagon/shared/imagenet512/val/n03840681/ILSVRC2012_val_00025369.JPEG,2,6.148516774177544,1.1920928244535389e-07,0.23251829222075848,0.9978631668584841,0.09366850231659436,42217
880,/home/projects/bagon/shared/imagenet512/val/n04286575/ILSVRC2012_val_00015036.JPEG,2,3.3682398795253903,1.2874520507466514e-05,0.19394662677494537,0.9655363620450247,0.0807183289618804,42218
881,/home/projects/bagon/shared/imagenet512/val/n03450230/ILSVRC2012_val_00016433.JPEG,54,6.411368656903505,0.0009801351698115468,0.2064551066393001,0.9973007096790251,0.10296509161092254,42219
882,/home/projects/bagon/shared/imagenet512/val/n02526121/ILSVRC2012_val_00015692.JPEG,2,0.23882479831809178,0.0003491030656732619,0.04326373177141184,0.21183072641519526,0.19980318673089587,42224
883,/home/projects/bagon/shared/imagenet512/val/n01943899/ILSVRC2012_val_00010955.JPEG,2,1.6917394052434247,0.00026353701832704246,0.12738141255959246,0.8154916626413751,0.1049353865893354,42230
884,/home/projects/bagon/shared/imagenet512/val/n04356056/ILSVRC2012_val_00024708.JPEG,63,5.657199371373281,0.0009914488764479756,0.21693882518678573,0.9935549315548597,0.09524766505479877,42231
885,/home/projects/bagon/shared/imagenet512/val/n01755581/ILSVRC2012_val_00016470.JPEG,21,3.7406353811966255,0.0009815642843022943,0.22066828278305925,0.9742907661543659,0.07416426514428529,42254
886,/home/projects/bagon/shared/imagenet512/val/n03657121/ILSVRC2012_val_00027626.JPEG,2,2.57764863576449,8.844937838148326e-05,0.1339413744050226,0.923952535964338,0.2488251951030581,42262
887,/home/projects/bagon/shared/imagenet512/val/n02100735/ILSVRC2012_val_00016187.JPEG,3,1.6439477890453418,0.00010942813969450071,0.16031542012147879,0.7910457146783145,0.030774084154250928,42263
888,/home/projects/bagon/shared/imagenet512/val/n04154565/ILSVRC2012_val_00026682.JPEG,13,7.35981680941768,0.0009560781763866544,0.29511582509190337,0.9962015853481279,0.2991884421430815,42265
889,/home/projects/bagon/shared/imagenet512/val/n04270147/ILSVRC2012_val_00021865.JPEG,7,4.90426532382844,0.000880449719261378,0.5991160850601279,0.840979834065741,0.09621745381342961,42270
890,/home/projects/bagon/shared/imagenet512/val/n03976657/ILSVRC2012_val_00022177.JPEG,53,3.600552216055803,0.0009996660519391298,0.17696465637830902,0.9653884237987556,0.16626852860395186,42290
891,/home/projects/bagon/shared/imagenet512/val/n03742115/ILSVRC2012_val_00045254.JPEG,4,8.909096777439117,0.0,0.4859259570523559,0.983860906428125,0.14763709659151864,42302
892,/home/projects/bagon/shared/imagenet512/val/n02971356/ILSVRC2012_val_00008083.JPEG,9,3.2031562093179673,0.0009997851448133588,0.27297241395194194,0.9580157496630956,0.2251142671794108,42313
893,/home/projects/bagon/shared/imagenet512/val/n02113799/ILSVRC2012_val_00000800.JPEG,25,6.258014044491574,0.0009953788248822093,0.3188974965373774,0.9909115057509916,0.5228727554488657,42315
894,/home/projects/bagon/shared/imagenet512/val/n03400231/ILSVRC2012_val_00024865.JPEG,16,1.4418687507277355,0.0009926398051902652,0.15889177064912668,0.7563150232369004,0.08596856263628293,42319
895,/home/projects/bagon/shared/imagenet512/val/n06874185/ILSVRC2012_val_00000274.JPEG,2,0.4126221166807227,0.0006100462633185089,0.10191537094139322,0.3371142865718393,0.24434048726872953,42330
896,/home/projects/bagon/shared/imagenet512/val/n04371430/ILSVRC2012_val_00022478.JPEG,22,3.205730175366625,0.0009806115413084626,0.24174091284715782,0.9534534153275193,0.03840491267829453,42347
897,/home/projects/bagon/shared/imagenet512/val/n02910353/ILSVRC2012_val_00033707.JPEG,2,2.751704919443,0.00015376816736534238,0.28450873516854797,0.9360559421171291,0.04471134890197919,42356
898,/home/projects/bagon/shared/imagenet512/val/n02834397/ILSVRC2012_val_00013224.JPEG,2,2.684441906239954,0.00018892886873800308,0.20620158446157522,0.9315430270926458,0.051517992286720854,42362
899,/home/projects/bagon/shared/imagenet512/val/n04200800/ILSVRC2012_val_00028940.JPEG,2,4.023955458695127,0.00010644822759786621,0.1752790468832993,0.9820101142076708,0.20901372589578093,42367
900,/home/projects/bagon/shared/imagenet512/val/n03866082/ILSVRC2012_val_00043954.JPEG,4,7.785904310527258,0.0006105228094384074,0.3454307991830868,0.9984994615746334,0.12049336452481045,42371
901,/home/projects/bagon/shared/imagenet512/val/n02089867/ILSVRC2012_val_00011792.JPEG,79,3.8124533273512498,0.000988114275969565,0.17838670447686322,0.9635213121350633,0.17540967744403854,42379
902,/home/projects/bagon/shared/imagenet512/val/n02356798/ILSVRC2012_val_00009581.JPEG,8,4.239010806661099,0.0009974034037441015,0.17129934245814837,0.9844916663830843,0.13323742597632604,42420
903,/home/projects/bagon/shared/imagenet512/val/n04442312/ILSVRC2012_val_00004154.JPEG,2,1.8085780143712782,2.264974000354414e-06,0.15649136179202255,0.8361101781981164,0.12056648560739269,42427
904,/home/projects/bagon/shared/imagenet512/val/n04596742/ILSVRC2012_val_00044786.JPEG,2,4.765380231488962,0.0007351318490691483,0.22058699592058212,0.9911403488719848,0.19742956479189,42428
905,/home/projects/bagon/shared/imagenet512/val/n02909870/ILSVRC2012_val_00048205.JPEG,3,5.150862574577104,7.152555099310121e-07,0.24163508731050193,0.9900201143675793,0.1848108283592674,42429
906,/home/projects/bagon/shared/imagenet512/val/n03481172/ILSVRC2012_val_00017376.JPEG,9,0.5949309475836344,0.0009160612826235592,0.15509107401121067,0.4389497464226581,0.20968305211351246,42432
907,/home/projects/bagon/shared/imagenet512/val/n03197337/ILSVRC2012_val_00033472.JPEG,2,2.0849806343903765,0.0006495987763628364,0.16474097263560925,0.8753777783974978,0.03128697777980299,42435
908,/home/projects/bagon/shared/imagenet512/val/n01873310/ILSVRC2012_val_00012431.JPEG,11,8.072110919631086,0.0009128456003963947,0.3329617634198036,0.9988425760510042,0.09418837849563533,42436
909,/home/projects/bagon/shared/imagenet512/val/n04335435/ILSVRC2012_val_00031714.JPEG,18,8.986108225537464,0.0009833505610004067,0.27648894881183245,0.9991129033806053,0.10990728436370441,42439
910,/home/projects/bagon/shared/imagenet512/val/n02088466/ILSVRC2012_val_00029326.JPEG,3,5.251708023708488,0.00011824862303910777,0.15748184853094374,0.9923058759164214,0.029433204431014007,42452
911,/home/projects/bagon/shared/imagenet512/val/n04392985/ILSVRC2012_val_00022460.JPEG,85,4.431734169833362,0.0009920443408191204,0.24284014290040512,0.9717796717796803,0.08579709435977412,42471
912,/home/projects/bagon/shared/imagenet512/val/n07932039/ILSVRC2012_val_00023089.JPEG,2,2.8169852495191776,5.960462772236497e-07,0.1992029840577457,0.9402134059563716,0.03562517920298979,42477
913,/home/projects/bagon/shared/imagenet512/val/n02892201/ILSVRC2012_val_00028715.JPEG,2,7.470326423637744,3.814689989667386e-06,0.17532904633932186,0.9994263543169823,0.016609412673107136,42488
914,/home/projects/bagon/shared/imagenet512/val/n03761084/ILSVRC2012_val_00039006.JPEG,23,7.401199601707049,0.0009991897968575358,0.17672996956293316,0.9983957262171131,0.11431065361638795,42494
915,/home/projects/bagon/shared/imagenet512/val/n04366367/ILSVRC2012_val_00017220.JPEG,39,1.0897259876364842,0.000987995183095336,0.08039667855739467,0.6312612287163574,0.09208979633834705,42500
916,/home/projects/bagon/shared/imagenet512/val/n03532672/ILSVRC2012_val_00026912.JPEG,52,6.24560830462724,0.0009969270322471857,0.16250152430573306,0.9961260595722019,0.2595561710148802,42516
917,/home/projects/bagon/shared/imagenet512/val/n04127249/ILSVRC2012_val_00023860.JPEG,2,5.472364425651904,3.814689989667386e-06,0.2613006272637679,0.995794747052901,0.11515158679278285,42518
918,/home/projects/bagon/shared/imagenet512/val/n04461696/ILSVRC2012_val_00045225.JPEG,30,3.811193721368909,0.0009945451747626066,0.14632842570908935,0.9743086295140092,0.03906866771729034,42527
919,/home/projects/bagon/shared/imagenet512/val/n03929660/ILSVRC2012_val_00004035.JPEG,3,6.306815981864361,1.0728830375228426e-06,0.2933523659924462,0.9934631555432143,0.04921344051411568,42528
920,/home/projects/bagon/shared/imagenet512/val/n02233338/ILSVRC2012_val_00010774.JPEG,12,11.119901315425523,0.0009966888464987278,0.4143533338860159,0.99991635710755,0.1728574184880558,42533
921,/home/projects/bagon/shared/imagenet512/val/n02966687/ILSVRC2012_val_00040057.JPEG,2,3.9606308724469272,0.00020621081057470292,0.20575105856845283,0.9807411728418154,0.038022188002675164,42537
922,/home/projects/bagon/shared/imagenet512/val/n03345487/ILSVRC2012_val_00048156.JPEG,2,1.7530670165997435,1.9073468138230965e-06,0.14212804755426908,0.826755882234087,0.04008668899945639,42543
923,/home/projects/bagon/shared/imagenet512/val/n04033995/ILSVRC2012_val_00012625.JPEG,2,2.161676531744888,0.0004764852055814117,0.15500749007191367,0.8843422470957417,0.10505486193662486,42557
924,/home/projects/bagon/shared/imagenet512/val/n02930766/ILSVRC2012_val_00003886.JPEG,2,2.0728667972489347,1.9907753085135482e-05,0.12806426066890267,0.8741529877395608,0.04504238558786293,42569
925,/home/projects/bagon/shared/imagenet512/val/n01582220/ILSVRC2012_val_00041051.JPEG,16,3.2568276650854386,0.0009457168052904308,0.22276098488246315,0.9596396071502091,0.1327993536360287,42577
926,/home/projects/bagon/shared/imagenet512/val/n03980874/ILSVRC2012_val_00032899.JPEG,2,2.4142394065029293,1.2874520507466514e-05,0.1805802706281197,0.9105506841419163,0.06457960610841024,42583
927,/home/projects/bagon/shared/imagenet512/val/n03970156/ILSVRC2012_val_00033787.JPEG,2,1.8516679923195625,0.00012575789878610522,0.2022744771919093,0.8428803944962738,0.043786934138229365,42586
928,/home/projects/bagon/shared/imagenet512/val/n03530642/ILSVRC2012_val_00037008.JPEG,7,6.372229072556365,0.0008625839254818857,0.3486906200473197,0.9975887704131304,0.18671691332411788,42587
929,/home/projects/bagon/shared/imagenet512/val/n02098413/ILSVRC2012_val_00033577.JPEG,69,1.5701645346125588,0.0009910915978252888,0.09102963897626554,0.7075917250341357,0.16602665990107346,42592
930,/home/projects/bagon/shared/imagenet512/val/n02497673/ILSVRC2012_val_00033350.JPEG,2,0.8660982710862299,0.00016509123088326305,0.08446335948037001,0.5791841003467708,0.13348587795317624,42613
931,/home/projects/bagon/shared/imagenet512/val/n02093256/ILSVRC2012_val_00008532.JPEG,107,1.5147397252731025,0.0009914488764479756,0.09155951913715618,0.6873054254913811,0.24175839838664465,42622
932,/home/projects/bagon/shared/imagenet512/val/n03832673/ILSVRC2012_val_00032781.JPEG,73,10.415722855599597,0.0009918061550706625,0.4044683780771179,0.9978217245573785,0.491645656284893,42625
933,/home/projects/bagon/shared/imagenet512/val/n04026417/ILSVRC2012_val_00037263.JPEG,22,1.2803765605203807,0.0009832315845414996,0.14209513152066464,0.7095240022812194,0.254052593581224,42643
934,/home/projects/bagon/shared/imagenet512/val/n03976657/ILSVRC2012_val_00015391.JPEG,9,4.3640600016806275,0.0009637002367526293,0.2624294989500492,0.9868162620579557,0.13860473329343673,42655
935,/home/projects/bagon/shared/imagenet512/val/n02100877/ILSVRC2012_val_00000224.JPEG,18,2.785192171577364,0.0009934734553098679,0.2734228534590827,0.9342850062301916,0.062257630052955,42658
936,/home/projects/bagon/shared/imagenet512/val/n04208210/ILSVRC2012_val_00049240.JPEG,2,2.839575513236923,0.00017808281700126827,0.17559319954760108,0.9413635189917757,0.3531308319763248,42676
937,/home/projects/bagon/shared/imagenet512/val/n02226429/ILSVRC2012_val_00025061.JPEG,55,3.0921463953563944,0.0009891861118376255,0.32767128522318856,0.9350694556291776,0.33022161199932143,42696
938,/home/projects/bagon/shared/imagenet512/val/n02783161/ILSVRC2012_val_00000721.JPEG,44,0.7302351319231093,0.0009944260818883777,0.06901513264097454,0.46548537019491365,0.054360835947001876,42747
939,/home/projects/bagon/shared/imagenet512/val/n04366367/ILSVRC2012_val_00002301.JPEG,2,1.4115109433187172,4.577531944960356e-05,0.1482210631503998,0.75616838271704,0.14559370205010463,42756
940,/home/projects/bagon/shared/imagenet512/val/n02492035/ILSVRC2012_val_00019432.JPEG,35,3.4276620040182024,0.0009864469757303596,0.1755653790569316,0.9600724301657015,0.3604554692278523,42769
941,/home/projects/bagon/shared/imagenet512/val/n03791053/ILSVRC2012_val_00011611.JPEG,42,6.7362578575266525,0.0009914488764479756,0.24543936949899345,0.9979019771710274,0.021984122288071346,42784
942,/home/projects/bagon/shared/imagenet512/val/n04392985/ILSVRC2012_val_00034873.JPEG,78,3.5890151186613366,0.0009847796754911542,0.16738477251377262,0.9399618143252407,0.18431406691775065,42789
943,/home/projects/bagon/shared/imagenet512/val/n02787622/ILSVRC2012_val_00044408.JPEG,11,1.096229161368683,0.0009896624833345413,0.1335476929080363,0.6500494782528543,0.12980656384055683,42808
944,/home/projects/bagon/shared/imagenet512/val/n03970156/ILSVRC2012_val_00011609.JPEG,3,5.67112920375439,3.397406908334233e-05,0.2657891021884289,0.9962772300719873,0.03002947170791367,42810
945,/home/projects/bagon/shared/imagenet512/val/n03933933/ILSVRC2012_val_00026135.JPEG,26,1.294791868305765,0.0009921634336933494,0.11480820371332111,0.7118880279703167,0.07976448622859555,42814
946,/home/projects/bagon/shared/imagenet512/val/n01682714/ILSVRC2012_val_00023243.JPEG,43,4.351442773244344,0.000993830617517233,0.23190146649330343,0.983335570527259,0.10675753051385678,42816
947,/home/projects/bagon/shared/imagenet512/val/n02895154/ILSVRC2012_val_00013879.JPEG,75,1.1318185172276571,0.000993592431768775,0.07480521461108153,0.5753724519650762,0.09630014551037067,42830
948,/home/projects/bagon/shared/imagenet512/val/n07932039/ILSVRC2012_val_00006310.JPEG,7,6.047397419111803,0.0009042703313753009,0.21290004408615476,0.9968024651201354,0.17443841642918648,42833
949,/home/projects/bagon/shared/imagenet512/val/n03249569/ILSVRC2012_val_00006936.JPEG,24,1.3644349303795025,0.000985136954113841,0.14549946006508446,0.7209899795349332,0.09531426325402453,42839
950,/home/projects/bagon/shared/imagenet512/val/n07693725/ILSVRC2012_val_00028893.JPEG,7,0.5348350827698596,0.0009741804678924382,0.08493523535220818,0.40918236229654803,0.18969441375166834,42851
951,/home/projects/bagon/shared/imagenet512/val/n04592741/ILSVRC2012_val_00044184.JPEG,15,1.673768961452879,0.0009899006690829992,0.09432167653969022,0.8082435454852924,0.18377768908649722,42867
952,/home/projects/bagon/shared/imagenet512/val/n03976467/ILSVRC2012_val_00008666.JPEG,2,1.8039791584014608,2.3841855067985307e-07,0.20011597902023984,0.8353572739253804,0.0467212310694132,42874
953,/home/projects/bagon/shared/imagenet512/val/n01664065/ILSVRC2012_val_00046095.JPEG,38,5.634766323724762,0.0009979988681152463,0.23760740669198682,0.9948029098859782,0.1119982248829765,42879
954,/home/projects/bagon/shared/imagenet512/val/n03794056/ILSVRC2012_val_00045500.JPEG,2,6.4430294036792475,3.814689989667386e-06,0.25831413181130836,0.9984044801158212,0.1286198034214145,42890
955,/home/projects/bagon/shared/imagenet512/val/n01496331/ILSVRC2012_val_00015555.JPEG,3,1.7151163312082645,0.0002522150462027639,0.1504103204604703,0.8097522987015822,0.06874638592384777,42892
956,/home/projects/bagon/shared/imagenet512/val/n03998194/ILSVRC2012_val_00008650.JPEG,2,0.42191356161492877,7.199982064776123e-05,0.057611722152856294,0.3440902217559461,0.06829805686273166,42906
957,/home/projects/bagon/shared/imagenet512/val/n03877845/ILSVRC2012_val_00003804.JPEG,30,0.5995151115348563,0.0009890670189633965,0.06532947161900218,0.4124235657712158,0.36956253704277586,42913
958,/home/projects/bagon/shared/imagenet512/val/n02102318/ILSVRC2012_val_00019914.JPEG,2,0.8245336013205815,0.0004463391669560224,0.09608555500792337,0.5609554859998201,0.2621127540005225,42923
959,/home/projects/bagon/shared/imagenet512/val/n02099267/ILSVRC2012_val_00020892.JPEG,23,4.1772068057907745,0.0009782296838238835,0.32481025613594267,0.9104006178569921,0.2135909812552106,42936
960,/home/projects/bagon/shared/imagenet512/val/n04461696/ILSVRC2012_val_00027753.JPEG,17,5.720394617528655,0.0009519098093733191,0.21938879419425178,0.9957060120135451,0.08732013540804873,42937
961,/home/projects/bagon/shared/imagenet512/val/n03770439/ILSVRC2012_val_00034072.JPEG,3,8.555840112632723,0.00020966715237591416,0.2990850897060024,0.9980487382768002,0.08581947835431405,42955
962,/home/projects/bagon/shared/imagenet512/val/n03075370/ILSVRC2012_val_00006660.JPEG,2,5.441479086870686,3.2186455882765586e-06,0.15213545592903757,0.9956636750462047,0.13545475310267585,42973
963,/home/projects/bagon/shared/imagenet512/val/n09229709/ILSVRC2012_val_00041112.JPEG,2,3.2842612266540527,0.0,0.16550100017941835,0.9625317442864677,0.06842123473466737,42990
964,/home/projects/bagon/shared/imagenet512/val/n03854065/ILSVRC2012_val_00013782.JPEG,7,5.4194834401714616,0.0009255892946384847,0.20909915866940545,0.9947095610086005,0.09449973956840071,42995
965,/home/projects/bagon/shared/imagenet512/val/n03220513/ILSVRC2012_val_00030808.JPEG,2,2.6905885484884493,0.0003000047872774303,0.16914622676818922,0.9318948214706253,0.19470815175047002,43004
966,/home/projects/bagon/shared/imagenet512/val/n02877765/ILSVRC2012_val_00001080.JPEG,2,7.5294270515441895,0.0,0.2913570484359315,0.9994629490803757,0.039695769676097684,43005
967,/home/projects/bagon/shared/imagenet512/val/n02108089/ILSVRC2012_val_00017602.JPEG,17,4.016566957114264,0.0009864469757303596,0.20333563878286448,0.9804026637030998,0.024895235660000792,43027
968,/home/projects/bagon/shared/imagenet512/val/n03347037/ILSVRC2012_val_00044848.JPEG,2,3.696603298187256,0.0,0.20529019967731407,0.9751922901583048,0.16752945416819826,43029
969,/home/projects/bagon/shared/imagenet512/val/n02536864/ILSVRC2012_val_00019672.JPEG,2,2.1259452100312046,2.9205850296420977e-05,0.15970222147491758,0.8806471940842893,0.04399341921043226,43055
970,/home/projects/bagon/shared/imagenet512/val/n02870880/ILSVRC2012_val_00026166.JPEG,3,7.338672470010351,0.0003121604095213115,0.33535262749433953,0.9961568296723973,0.04287232144399395,43078
971,/home/projects/bagon/shared/imagenet512/val/n02091831/ILSVRC2012_val_00027058.JPEG,12,1.8931237261276692,0.0009379754774272442,0.19455933605965436,0.8463143382662682,0.11917128511173662,43091
972,/home/projects/bagon/shared/imagenet512/val/n01622779/ILSVRC2012_val_00004345.JPEG,3,8.450365811453594,1.6331539882230572e-05,0.221230170416977,0.9997416343758703,0.3243272205674894,43093
973,/home/projects/bagon/shared/imagenet512/val/n02704792/ILSVRC2012_val_00000998.JPEG,8,2.371115996968001,0.0009637002367526293,0.17839195680760248,0.9051250849374353,0.17999056551962814,43108
974,/home/projects/bagon/shared/imagenet512/val/n02106662/ILSVRC2012_val_00007922.JPEG,22,0.5394324182416312,0.0009735850035212934,0.08952406196463895,0.38870335340596196,0.186273057489395,43134
975,/home/projects/bagon/shared/imagenet512/val/n01981276/ILSVRC2012_val_00016333.JPEG,2,1.4235657453536987,0.0,0.1650154567190256,0.7591462262449729,0.06296630147680021,43136
976,/home/projects/bagon/shared/imagenet512/val/n02102177/ILSVRC2012_val_00036664.JPEG,3,1.6949659287529357,8.940656698541716e-06,0.1486999203460923,0.758861380722401,0.09695709308375522,43159
977,/home/projects/bagon/shared/imagenet512/val/n04590129/ILSVRC2012_val_00030272.JPEG,30,4.574640211241785,0.0009716795175336301,0.1781807562414419,0.9875160847501225,0.0967017693660147,43170
978,/home/projects/bagon/shared/imagenet512/val/n02526121/ILSVRC2012_val_00033294.JPEG,29,8.037807552609593,0.0009778724052011967,0.2629585760659803,0.9973996308987885,0.023360465321210947,43180
979,/home/projects/bagon/shared/imagenet512/val/n03781244/ILSVRC2012_val_00042508.JPEG,39,2.2820192045764998,0.0009885906474664807,0.1320615013023634,0.8815598486767625,0.08965685922034203,43218
980,/home/projects/bagon/shared/imagenet512/val/n01697457/ILSVRC2012_val_00049954.JPEG,4,9.073244777682703,7.235741941258311e-05,0.39391852215515577,0.92924542223705,0.15673736219310197,43232
981,/home/projects/bagon/shared/imagenet512/val/n03733805/ILSVRC2012_val_00018011.JPEG,23,5.3369911417830735,0.0009908534120768309,0.16372117481063717,0.9940354450441777,0.04361917338768984,43233
982,/home/projects/bagon/shared/imagenet512/val/n02281406/ILSVRC2012_val_00035465.JPEG,3,3.016007292098948,0.00015555603022221476,0.3191364096802406,0.8726702250458708,0.07089831430382867,43246
983,/home/projects/bagon/shared/imagenet512/val/n01843383/ILSVRC2012_val_00038685.JPEG,9,4.283840000862256,0.0009766814764589071,0.2917633914055387,0.9851477473288646,0.12172749028233845,43247
984,/home/projects/bagon/shared/imagenet512/val/n03016953/ILSVRC2012_val_00004641.JPEG,2,0.755291790002957,0.0008093419019132853,0.09656694417515856,0.5289609023355367,0.16517911506928012,43269
985,/home/projects/bagon/shared/imagenet512/val/n07873807/ILSVRC2012_val_00047660.JPEG,2,4.132373568354524,7.795983401592821e-05,0.21676137640108406,0.9838763786302159,0.12396820221783794,43279
986,/home/projects/bagon/shared/imagenet512/val/n01739381/ILSVRC2012_val_00034919.JPEG,3,6.309167668165173,0.00017295771976932883,0.2193623092311314,0.9962813905554662,0.07609291290716877,43280
987,/home/projects/bagon/shared/imagenet512/val/n02093428/ILSVRC2012_val_00029242.JPEG,66,14.364230240462348,0.0009947833605110645,0.34794176411654026,0.9992637407777889,0.3388932288597655,43282
988,/home/projects/bagon/shared/imagenet512/val/n01740131/ILSVRC2012_val_00045638.JPEG,31,7.123756108165253,0.0009715604246594012,0.3942879284178583,0.9983249040277198,0.10520411789343409,43291
989,/home/projects/bagon/shared/imagenet512/val/n02916936/ILSVRC2012_val_00023905.JPEG,25,6.45707302284427,0.0009838269324973226,0.2193205173470626,0.9973641415061374,0.08131544342499147,43302
990,/home/projects/bagon/shared/imagenet512/val/n03223299/ILSVRC2012_val_00013498.JPEG,2,2.235156178474419,1.1920928244535389e-07,0.2168391686119538,0.8930243971542876,0.12626338907997592,43313
991,/home/projects/bagon/shared/imagenet512/val/n04270147/ILSVRC2012_val_00001587.JPEG,11,2.7809900686261244,0.0009703694959171116,0.19385941998989917,0.9360419310621942,0.19089678600404275,43318
992,/home/projects/bagon/shared/imagenet512/val/n02951585/ILSVRC2012_val_00002909.JPEG,11,2.8568762955255806,0.0009887097403407097,0.15461566594202655,0.9408544304159718,0.1736608256558525,43355
993,/home/projects/bagon/shared/imagenet512/val/n04579145/ILSVRC2012_val_00005933.JPEG,16,2.607091187906917,0.0009713222389109433,0.16665963022707544,0.9200599591389217,0.03834775614752417,43359
994,/home/projects/bagon/shared/imagenet512/val/n03443371/ILSVRC2012_val_00044868.JPEG,21,2.5214447209145874,0.0009827552130445838,0.1572109070216178,0.9147489274753255,0.09712385459678023,43411
995,/home/projects/bagon/shared/imagenet512/val/n04540053/ILSVRC2012_val_00010766.JPEG,16,4.684568603697699,0.0009753713966347277,0.24798789858828102,0.990446094516546,0.2513962726948067,43424
996,/home/projects/bagon/shared/imagenet512/val/n03995372/ILSVRC2012_val_00039029.JPEG,19,3.8046317405533046,0.0009825170272961259,0.162669863142171,0.9760521337514568,0.15886358562798794,43440
997,/home/projects/bagon/shared/imagenet512/val/n07717410/ILSVRC2012_val_00042721.JPEG,2,2.4284931420024805,1.585470999998506e-05,0.2038635759153968,0.9118131498602717,0.19588493986506855,43462
998,/home/projects/bagon/shared/imagenet512/val/n02097474/ILSVRC2012_val_00011240.JPEG,39,1.8524969964055344,0.0009939497103914618,0.11776011084152317,0.83227230322745,0.23385304068808938,43483
999,/home/projects/bagon/shared/imagenet512/val/n02094114/ILSVRC2012_val_00037568.JPEG,42,0.6341184681514278,0.0009813260985538363,0.05864983032407886,0.39023651242660723,0.1710869821424382,43491
1000,/home/projects/bagon/shared/imagenet512/val/n02825657/ILSVRC2012_val_00018459.JPEG,2,2.1137949228086654,6.318072337307967e-06,0.15371257589026482,0.8792140738034487,0.14246901180400395,43499
1001,/home/projects/bagon/shared/imagenet512/val/n03742115/ILSVRC2012_val_00027318.JPEG,2,4.376902547228383,0.000256982195423916,0.2067752081863825,0.9872228983144931,0.1345000484033021,43509
1002,/home/projects/bagon/shared/imagenet512/val/n04370456/ILSVRC2012_val_00037376.JPEG,2,2.7988059791969135,0.000649956171400845,0.18429803844071926,0.9384423540355464,0.23524951201333855,43526
1003,/home/projects/bagon/shared/imagenet512/val/n04599235/ILSVRC2012_val_00012145.JPEG,7,2.270675281411968,0.0009999042376875877,0.13335344035821275,0.8952845749784692,0.1164737118640006,43551
1004,/home/projects/bagon/shared/imagenet512/val/n02097130/ILSVRC2012_val_00014157.JPEG,15,2.045832493226044,0.0009990707039833069,0.18443403264363759,0.6990884978504317,0.07620225825022955,43561
1005,/home/projects/bagon/shared/imagenet512/val/n03976657/ILSVRC2012_val_00048353.JPEG,23,3.764985277899541,0.000987876090221107,0.18254826545545214,0.9703557821186883,0.06524823508080056,43577
1006,/home/projects/bagon/shared/imagenet512/val/n02747177/ILSVRC2012_val_00038276.JPEG,5,14.862129211425781,0.0,0.8508453335234143,0.9750507821263157,0.17687638965729632,43581
1007,/home/projects/bagon/shared/imagenet512/val/n02791124/ILSVRC2012_val_00041772.JPEG,22,0.499344767711591,0.0009732277248986065,0.057568471699314644,0.37300407853534945,0.09787210167556885,43618
1008,/home/projects/bagon/shared/imagenet512/val/n04456115/ILSVRC2012_val_00004239.JPEG,2,2.8133002519607473,1.1920928244535389e-07,0.30041493269662567,0.9399932381327506,0.02815233202929373,43645
1009,/home/projects/bagon/shared/imagenet512/val/n04389033/ILSVRC2012_val_00039017.JPEG,2,2.29763386407285,0.0002109781780745834,0.15816814940718446,0.8992744373761764,0.03610212237341394,43679
1010,/home/projects/bagon/shared/imagenet512/val/n03584829/ILSVRC2012_val_00044371.JPEG,2,4.564663886994822,7.629365427419543e-06,0.18577064400766335,0.9895789064981905,0.09770029486930348,43701
1011,/home/projects/bagon/shared/imagenet512/val/n04336792/ILSVRC2012_val_00037415.JPEG,2,4.622052907942361,1.6689286894688848e-06,0.2048869145718913,0.9901657099541128,0.05813777205174521,43704
1012,/home/projects/bagon/shared/imagenet512/val/n02114712/ILSVRC2012_val_00041684.JPEG,36,1.2615813766606152,0.0009984752396121621,0.08404350160116522,0.6983041549637301,0.031171602051645056,43725
1013,/home/projects/bagon/shared/imagenet512/val/n04392985/ILSVRC2012_val_00015503.JPEG,95,5.787025082856417,0.0009958551963791251,0.18709948550116812,0.9908180899759985,0.3395724757388104,43734
1014,/home/projects/bagon/shared/imagenet512/val/n04591713/ILSVRC2012_val_00042920.JPEG,18,4.37373157060938,0.0009758477681316435,0.3414129277272943,0.9864640616378255,0.09654642484126479,43735
1015,/home/projects/bagon/shared/imagenet512/val/n02319095/ILSVRC2012_val_00021857.JPEG,26,9.280409511178732,0.0009910915978252888,0.261337467586065,0.999177212485431,0.1937555960922187,43739
1016,/home/projects/bagon/shared/imagenet512/val/n04479046/ILSVRC2012_val_00041995.JPEG,7,3.0427547950530425,0.0009446449112147093,0.2519699827901203,0.9508283759029663,0.2589266186503717,43740
1017,/home/projects/bagon/shared/imagenet512/val/n02808440/ILSVRC2012_val_00036711.JPEG,71,4.169051047298126,0.000998594332486391,0.2694174651471252,0.9751961425280194,0.042026528630528595,43774
1018,/home/projects/bagon/shared/imagenet512/val/n02094433/ILSVRC2012_val_00034082.JPEG,21,1.09110563818831,0.0009927588980644941,0.11472740537034479,0.6286709618263242,0.18252273150151407,43775
1019,/home/projects/bagon/shared/imagenet512/val/n03958227/ILSVRC2012_val_00016320.JPEG,3,4.987765729426769,1.0728830375228426e-06,0.21469813788384345,0.9918684999829703,0.11916763445974465,43794
1020,/home/projects/bagon/shared/imagenet512/val/n01943899/ILSVRC2012_val_00010122.JPEG,3,7.404606729920488,0.0006280356901697814,0.2744107070493644,0.9987824440324635,0.06628991577748769,43806
1021,/home/projects/bagon/shared/imagenet512/val/n01689811/ILSVRC2012_val_00037210.JPEG,2,5.025915937090758,0.00029404606902971864,0.24885591779158422,0.9931465326208755,0.12228323686026286,43835
1022,/home/projects/bagon/shared/imagenet512/val/n02119022/ILSVRC2012_val_00027828.JPEG,65,2.395565557410009,0.0009943069890141487,0.11411922045029632,0.8882002771457678,0.03841933539989322,43841
1023,/home/projects/bagon/shared/imagenet512/val/n03127925/ILSVRC2012_val_00014628.JPEG,14,4.075930107850581,0.0009815642843022943,0.17274344735498812,0.9816140857336058,0.05581471106107615,43842
1024,/home/projects/bagon/shared/imagenet512/val/n02090379/ILSVRC2012_val_00049766.JPEG,16,2.0441424129530787,0.0009979988681152463,0.1228059719863782,0.867023659656689,0.03800371734556912,43848
1025,/home/projects/bagon/shared/imagenet512/val/n03877845/ILSVRC2012_val_00007599.JPEG,65,2.9426057032542303,0.0009934734553098679,0.16945325576794035,0.9335882585831694,0.19843582681483607,43856
1026,/home/projects/bagon/shared/imagenet512/val/n02892767/ILSVRC2012_val_00035738.JPEG,22,6.4282573275850154,0.0009729895391501486,0.22003211185392235,0.997401549298863,0.08199933552107197,43867
1027,/home/projects/bagon/shared/imagenet512/val/n04548362/ILSVRC2012_val_00006088.JPEG,36,4.153852767194621,0.0009969270322471857,0.29330848903627316,0.9812260376599242,0.10579129356709045,43868
1028,/home/projects/bagon/shared/imagenet512/val/n03179701/ILSVRC2012_val_00032085.JPEG,95,2.9320980412885547,0.0009895433904603124,0.1475100770981537,0.924830062293772,0.09377753654006926,43877
1029,/home/projects/bagon/shared/imagenet512/val/n01687978/ILSVRC2012_val_00035717.JPEG,2,3.2790797707566526,0.0002196785935666412,0.20435997635558253,0.9621711961282566,0.11949661667615762,43878
1030,/home/projects/bagon/shared/imagenet512/val/n04099969/ILSVRC2012_val_00045048.JPEG,19,5.2033775460440665,0.000977276940830052,0.2714375691238819,0.9931578271847281,0.20667708228030582,43882
1031,/home/projects/bagon/shared/imagenet512/val/n03782006/ILSVRC2012_val_00009529.JPEG,82,1.418709258781746,0.00099323526956141,0.08441711866272811,0.6798255997486261,0.12631176687505685,43885
1032,/home/projects/bagon/shared/imagenet512/val/n04254777/ILSVRC2012_val_00016817.JPEG,2,1.950398801742267,4.5060096454108134e-05,0.19665622654788048,0.8577313624976206,0.22251331248203934,43892
1033,/home/projects/bagon/shared/imagenet512/val/n02910353/ILSVRC2012_val_00046056.JPEG,2,5.094892377332144,0.00010287232726113871,0.26284188193358704,0.9937712758489725,0.11394423953049858,43896
1034,/home/projects/bagon/shared/imagenet512/val/n03724870/ILSVRC2012_val_00008569.JPEG,21,6.928445373778231,0.0009915679693222046,0.19030735750125496,0.9980265443281997,0.15632570848987098,43897
1035,/home/projects/bagon/shared/imagenet512/val/n02412080/ILSVRC2012_val_00043984.JPEG,18,1.915084837411996,0.0009675112669356167,0.11187122931691136,0.847488629237285,0.07893065034664301,43899
1036,/home/projects/bagon/shared/imagenet512/val/n02979186/ILSVRC2012_val_00017463.JPEG,42,1.482895458349958,0.0009807306341826916,0.0724386954413068,0.6967941479763611,0.10533339621205373,43909
1037,/home/projects/bagon/shared/imagenet512/val/n03476991/ILSVRC2012_val_00030023.JPEG,12,3.190182375605218,0.0009814451914280653,0.24707565231590423,0.956676768081051,0.1162097343612156,43911
1038,/home/projects/bagon/shared/imagenet512/val/n01682714/ILSVRC2012_val_00020154.JPEG,79,3.1058936406625435,0.0009908534120768309,0.12961068549310492,0.9267412462901269,0.10532943566483977,43912
1039,/home/projects/bagon/shared/imagenet512/val/n04355933/ILSVRC2012_val_00025934.JPEG,64,5.53472989727743,0.0009857324184849858,0.2251989454100024,0.9929315722097158,0.176267888938357,43919
1040,/home/projects/bagon/shared/imagenet512/val/n02018795/ILSVRC2012_val_00044694.JPEG,3,11.169424197869375,0.0006469779182225466,0.23913853728200532,0.9997853247548433,0.09975351089801902,43928
1041,/home/projects/bagon/shared/imagenet512/val/n03920288/ILSVRC2012_val_00012663.JPEG,2,5.922003076353576,0.0007899263291619718,0.189675596186868,0.9965661954154894,0.04093180152858457,43947
1042,/home/projects/bagon/shared/imagenet512/val/n03770679/ILSVRC2012_val_00001722.JPEG,20,2.357223546714522,0.00096703483723104,0.18059903786282622,0.9010577369934032,0.16940025870932937,43953
1043,/home/projects/bagon/shared/imagenet512/val/n03998194/ILSVRC2012_val_00007273.JPEG,18,5.572104522783775,0.0009728704462759197,0.245368762472284,0.9915416733102391,0.1173809780126772,43955
1044,/home/projects/bagon/shared/imagenet512/val/n07892512/ILSVRC2012_val_00034228.JPEG,17,2.580625305417925,0.0009866851614788175,0.1574847671546821,0.9181270321397147,0.15509118359449203,43966
1045,/home/projects/bagon/shared/imagenet512/val/n03961711/ILSVRC2012_val_00027388.JPEG,2,3.283943772315972,1.1920928244535389e-07,0.24870219270115515,0.9625197244686676,0.09967771459003644,43969
1046,/home/projects/bagon/shared/imagenet512/val/n04355933/ILSVRC2012_val_00002682.JPEG,73,2.7213449012488127,0.000990257947705686,0.1310959058958288,0.9061523027459841,0.09032892159193767,43989
1047,/home/projects/bagon/shared/imagenet512/val/n03773504/ILSVRC2012_val_00023537.JPEG,123,1.3084500432014465,0.0009949024533852935,0.08199310055644016,0.48312031357418417,0.3633711710324188,43991
1048,/home/projects/bagon/shared/imagenet512/val/n02096177/ILSVRC2012_val_00022682.JPEG,2,1.3406724926044262,2.7417760065873154e-05,0.14556163495921992,0.7382958402410027,0.09754632239752417,43999
1049,/home/projects/bagon/shared/imagenet512/val/n07747607/ILSVRC2012_val_00033807.JPEG,31,4.191590353730135,0.0009896624833345413,0.15945571567078648,0.9824052774349844,0.10675601734580727,44009
1050,/home/projects/bagon/shared/imagenet512/val/n03180011/ILSVRC2012_val_00013776.JPEG,38,2.175550463842228,0.000993830617517233,0.16080008274082644,0.8754512238474372,0.10708550506772774,44013
1051,/home/projects/bagon/shared/imagenet512/val/n03763968/ILSVRC2012_val_00020898.JPEG,28,3.728794670139905,0.0009739422821439803,0.2911479935969879,0.9722086358430049,0.054203226963867146,44022
1052,/home/projects/bagon/shared/imagenet512/val/n10565667/ILSVRC2012_val_00022622.JPEG,27,5.417712624068372,0.0009996660519391298,0.21159849337931344,0.9942480677476342,0.08077799622457332,44030
1053,/home/projects/bagon/shared/imagenet512/val/n03041632/ILSVRC2012_val_00009160.JPEG,13,5.500633561459836,0.0009672730811871588,0.26057180021142606,0.9949184809528956,0.05883132966776855,44057
1054,/home/projects/bagon/shared/imagenet512/val/n04592741/ILSVRC2012_val_00001901.JPEG,19,1.7078957030316815,0.0009652484441176057,0.10538377876662783,0.808369879562692,0.08140321839829212,44058
1055,/home/projects/bagon/shared/imagenet512/val/n04209133/ILSVRC2012_val_00021560.JPEG,17,5.604984312667511,0.0009581027552485466,0.19778701742564977,0.9952606055672819,0.1264357624700983,44085
1056,/home/projects/bagon/shared/imagenet512/val/n03995372/ILSVRC2012_val_00021148.JPEG,21,5.967540176701732,0.00099871342536062,0.15274634999060666,0.9962592289868935,0.103117230246119,44095
1057,/home/projects/bagon/shared/imagenet512/val/n04525038/ILSVRC2012_val_00044175.JPEG,24,3.62653995747678,0.0009871615329757333,0.16975537876096958,0.9713988848665005,0.10587827105546653,44100
1058,/home/projects/bagon/shared/imagenet512/val/n03126707/ILSVRC2012_val_00035122.JPEG,10,1.0386833840748295,0.0009626284008845687,0.11578938695654206,0.6410356894553149,0.20420663958277707,44104
1059,/home/projects/bagon/shared/imagenet512/val/n01514859/ILSVRC2012_val_00032162.JPEG,17,1.7628382515977137,0.0009744186536408961,0.09390052027348178,0.8238998409494841,0.042997611685186274,44105
1060,/home/projects/bagon/shared/imagenet512/val/n02415577/ILSVRC2012_val_00049704.JPEG,51,0.9917858957778662,0.0009952597320079803,0.0790011761191052,0.5908629897162789,0.12959070099553827,44115
1061,/home/projects/bagon/shared/imagenet512/val/n02028035/ILSVRC2012_val_00040471.JPEG,2,1.3278312679976807,2.5033637939486653e-05,0.1204882544231508,0.7349168279019934,0.0687696850702342,44122
1062,/home/projects/bagon/shared/imagenet512/val/n03476684/ILSVRC2012_val_00010530.JPEG,2,3.7657405135305453,2.3245540432981215e-05,0.2696918440913305,0.9768256168855993,0.045484241785244586,44130
1063,/home/projects/bagon/shared/imagenet512/val/n02979186/ILSVRC2012_val_00006787.JPEG,51,1.7875835419399664,0.0009841842111200094,0.09095912094786829,0.8122077728102787,0.04906276122429238,44137
1064,/home/projects/bagon/shared/imagenet512/val/n01978287/ILSVRC2012_val_00019368.JPEG,7,3.061814122600481,0.0009909725049510598,0.2712495051488669,0.9522946662532307,0.09279200377079527,44138
1065,/home/projects/bagon/shared/imagenet512/val/n01630670/ILSVRC2012_val_00045101.JPEG,31,2.8953746367478743,0.0009972843108698726,0.179399252136217,0.9362787255692269,0.06473742090756784,44139
1066,/home/projects/bagon/shared/imagenet512/val/n02704792/ILSVRC2012_val_00010301.JPEG,2,1.8445923328326899,3.814689989667386e-06,0.16225863927669987,0.8419058821594505,0.15841543280205417,44143
1067,/home/projects/bagon/shared/imagenet512/val/n02092002/ILSVRC2012_val_00024989.JPEG,2,4.626348919875454,0.0009054613183252513,0.21738506202406943,0.9897069437584056,0.07113732799255001,44150
1068,/home/projects/bagon/shared/imagenet512/val/n03887697/ILSVRC2012_val_00021774.JPEG,10,1.785539879638236,0.000950004265177995,0.1331379671222864,0.8276449419449146,0.24810169878294602,44166
1069,/home/projects/bagon/shared/imagenet512/val/n03980874/ILSVRC2012_val_00044689.JPEG,4,18.194228469303198,4.51792984677013e-05,0.5730495260284626,0.9999136328440429,0.06549937791269153,44169
1070,/home/projects/bagon/shared/imagenet512/val/n04550184/ILSVRC2012_val_00046428.JPEG,26,2.2137466790154576,0.0009640575153753161,0.14821260219074325,0.8812727953243532,0.043669363220435575,44171
1071,/home/projects/bagon/shared/imagenet512/val/n04330267/ILSVRC2012_val_00049277.JPEG,19,9.51833655545488,0.0009584600338712335,0.32018537874270603,0.9993843118659523,0.1209925710621814,44181
1072,/home/projects/bagon/shared/imagenet512/val/n04428191/ILSVRC2012_val_00026435.JPEG,35,0.28283952875062823,0.0009788251481950283,0.03790585612215873,0.19275287178143824,0.1261029506581899,44189
1073,/home/projects/bagon/shared/imagenet512/val/n03944341/ILSVRC2012_val_00023236.JPEG,2,2.788923254411202,0.0007035640883259475,0.3543020820663874,0.9378595570844485,0.06560265448972423,44192
1074,/home/projects/bagon/shared/imagenet512/val/n02974003/ILSVRC2012_val_00009686.JPEG,2,4.443975566740846,4.637133679352701e-05,0.2628964983269281,0.9882041813114464,0.06988384575722871,44195
1075,/home/projects/bagon/shared/imagenet512/val/n03345487/ILSVRC2012_val_00025134.JPEG,2,0.19050653898739256,0.0003268184664193541,0.04011723600772985,0.17286901183710934,0.1360546451498446,44208
1076,/home/projects/bagon/shared/imagenet512/val/n02837789/ILSVRC2012_val_00005005.JPEG,37,3.009574594325386,0.0009781105909496546,0.20702874702360094,0.945825393036279,0.14953741796975195,44217
1077,/home/projects/bagon/shared/imagenet512/val/n04263257/ILSVRC2012_val_00014670.JPEG,17,1.5576166819082573,0.0009863278828561306,0.10024431637105224,0.7843523854273534,0.07519448938881296,44218
1078,/home/projects/bagon/shared/imagenet512/val/n03476991/ILSVRC2012_val_00046358.JPEG,25,3.3880094624473713,0.0009687021956779063,0.14589548452383644,0.96262278529056,0.09264972842962907,44240
1079,/home/projects/bagon/shared/imagenet512/val/n07860988/ILSVRC2012_val_00014716.JPEG,8,2.8468883807654493,0.0009708458674140275,0.16766367429978993,0.940556000317676,0.08955135141948196,44247
1080,/home/projects/bagon/shared/imagenet512/val/n04270147/ILSVRC2012_val_00012069.JPEG,2,2.372229453525506,0.0004950728034600616,0.23558894923757043,0.9062059564770643,0.041864243497965595,44248
1081,/home/projects/bagon/shared/imagenet512/val/n02134084/ILSVRC2012_val_00017605.JPEG,3,3.8884899085969664,0.0006297035724855959,0.3469211602206332,0.9777898318753829,0.03813365547582194,44261
1082,/home/projects/bagon/shared/imagenet512/val/n03970156/ILSVRC2012_val_00032246.JPEG,52,4.701894314261153,0.000998951611109078,0.13585167998376155,0.9861460556881296,0.079684354962228,44277
1083,/home/projects/bagon/shared/imagenet512/val/n03089624/ILSVRC2012_val_00006745.JPEG,31,4.356784334522672,0.0009866851614788175,0.217242228831631,0.9853017820306477,0.21468435602501698,44299
1084,/home/projects/bagon/shared/imagenet512/val/n02860847/ILSVRC2012_val_00018212.JPEG,2,4.382090926170292,3.576278118089249e-07,0.23555558691427525,0.987500312895308,0.21342354296072025,44320
1085,/home/projects/bagon/shared/imagenet512/val/n03196217/ILSVRC2012_val_00025849.JPEG,3,6.969151973724365,0.0,0.4306126380968333,0.995872799747588,0.05648290474297279,44328
1086,/home/projects/bagon/shared/imagenet512/val/n03000247/ILSVRC2012_val_00015584.JPEG,2,1.2627487182617188,0.0,0.19185907009655803,0.7171245405486752,0.053052608744630386,44330
1087,/home/projects/bagon/shared/imagenet512/val/n02504013/ILSVRC2012_val_00034035.JPEG,12,1.7186162639409304,0.000992877990938723,0.13017794852778705,0.8167570803410956,0.06103514177090706,44332
1088,/home/projects/bagon/shared/imagenet512/val/n03443371/ILSVRC2012_val_00025255.JPEG,7,6.628506510576699,0.0009609610424377024,0.4433928234147481,0.9450696030043494,0.2774149379727807,44360
1089,/home/projects/bagon/shared/imagenet512/val/n02089973/ILSVRC2012_val_00020403.JPEG,98,3.003178616403602,0.000992877990938723,0.16313271111138988,0.9236670026149199,0.5552188881482305,44363
1090,/home/projects/bagon/shared/imagenet512/val/n02120505/ILSVRC2012_val_00019480.JPEG,2,2.1434496188303456,0.000300958170555532,0.11630594987815107,0.8824199958661864,0.05866962547602562,44380
1091,/home/projects/bagon/shared/imagenet512/val/n02113624/ILSVRC2012_val_00000425.JPEG,86,1.355185379856266,0.0009919252479448915,0.08095931092636341,0.6569442940655665,0.2918017221473911,44387
1092,/home/projects/bagon/shared/imagenet512/val/n01883070/ILSVRC2012_val_00046059.JPEG,3,3.9957182156213094,0.0002240883477497846,0.18933393348817296,0.9782944778813534,0.04076029559651533,44391
1093,/home/projects/bagon/shared/imagenet512/val/n02749479/ILSVRC2012_val_00041270.JPEG,43,5.260445855208673,0.00097977789118886,0.27022091099557594,0.9926761612744804,0.07289505098842704,44402
1094,/home/projects/bagon/shared/imagenet512/val/n04536866/ILSVRC2012_val_00016034.JPEG,37,6.0999159251805395,0.0009790633339434862,0.19931487895598365,0.9966547984244105,0.04662142372925491,44417
1095,/home/projects/bagon/shared/imagenet512/val/n03485407/ILSVRC2012_val_00020304.JPEG,25,4.552516105701216,0.0009585791267454624,0.1973141327441796,0.9878250882567441,0.32975923921951733,44437
1096,/home/projects/bagon/shared/imagenet512/val/n02814533/ILSVRC2012_val_00041979.JPEG,17,2.433836979442276,0.0009999042376875877,0.11988017255317814,0.9095773749247877,0.12062333963299617,44441
1097,/home/projects/bagon/shared/imagenet512/val/n02226429/ILSVRC2012_val_00007589.JPEG,62,2.4525611525168642,0.0009950215462595224,0.11792039703414536,0.8788280276120563,0.14062330219554456,44467
1098,/home/projects/bagon/shared/imagenet512/val/n01990800/ILSVRC2012_val_00015874.JPEG,2,3.897244334084462,1.6569954823353328e-05,0.24829286568055758,0.9796853567985591,0.15638903749242522,44476
1099,/home/projects/bagon/shared/imagenet512/val/n02837789/ILSVRC2012_val_00016038.JPEG,2,3.105780839068757,4.124556289752945e-05,0.17494572775163203,0.9551674092881909,0.09010894797355233,44477
1100,/home/projects/bagon/shared/imagenet512/val/n02951585/ILSVRC2012_val_00034830.JPEG,2,4.255436773484689,9.572047565598041e-05,0.19422148774564305,0.9857166164307882,0.09975241428890458,44486
1101,/home/projects/bagon/shared/imagenet512/val/n02113712/ILSVRC2012_val_00027109.JPEG,53,9.338928604032844,0.000990257947705686,0.47003305125969913,0.957078906388849,0.3375380916372481,44489
1102,/home/projects/bagon/shared/imagenet512/val/n04370456/ILSVRC2012_val_00027003.JPEG,8,3.6364148929715157,0.00096703483723104,0.1344342102792322,0.9725175281491063,0.09737479733306517,44508
1103,/home/projects/bagon/shared/imagenet512/val/n04487394/ILSVRC2012_val_00045716.JPEG,11,1.814979591872543,0.0009650102583691478,0.23289191322898836,0.8340519176468348,0.08979246232075136,44522
1104,/home/projects/bagon/shared/imagenet512/val/n02951585/ILSVRC2012_val_00020234.JPEG,2,4.084287866746308,0.00017379203927703202,0.1848777561420412,0.9829898303586172,0.38944033997221106,44524
1105,/home/projects/bagon/shared/imagenet512/val/n01807496/ILSVRC2012_val_00049353.JPEG,34,4.485971354995854,0.0009778724052011967,0.1998703126605613,0.9855719765090643,0.10230100504661195,44562
1106,/home/projects/bagon/shared/imagenet512/val/n04493381/ILSVRC2012_val_00048028.JPEG,126,2.400279846857302,0.0009924016194418073,0.11806831107288478,0.7881749657745696,0.11150302502440426,44574
1107,/home/projects/bagon/shared/imagenet512/val/n02974003/ILSVRC2012_val_00019701.JPEG,3,3.1132858117925934,0.00041797960875555873,0.16997068727608824,0.931964565418567,0.07119530497914087,44583
1108,/home/projects/bagon/shared/imagenet512/val/n04209133/ILSVRC2012_val_00029858.JPEG,2,0.27018842101028895,1.1920922133867862e-06,0.05668275932363307,0.23676206563221253,0.04452140150813279,44590
1109,/home/projects/bagon/shared/imagenet512/val/n03804744/ILSVRC2012_val_00039239.JPEG,14,3.6717793280258775,0.0009856133256107569,0.3419983416923608,0.9528843236846022,0.05806341019341682,44591
1110,/home/projects/bagon/shared/imagenet512/val/n03032252/ILSVRC2012_val_00022304.JPEG,2,0.7972447872143675,1.9073468138230965e-06,0.11292271251869215,0.5494287129950345,0.12354397588061389,44592
1111,/home/projects/bagon/shared/imagenet512/val/n03000134/ILSVRC2012_val_00046648.JPEG,3,11.545150637622783,2.7418097943154862e-06,0.36119945020863425,0.9998877089825975,0.1251296863885135,44600
1112,/home/projects/bagon/shared/imagenet512/val/n04330267/ILSVRC2012_val_00027327.JPEG,2,3.6403914575639647,0.0001512651506345719,0.1684525806337916,0.973603573654498,0.11806059705767366,44601
1113,/home/projects/bagon/shared/imagenet512/val/n03633091/ILSVRC2012_val_00010243.JPEG,3,8.023913502693176,0.0,0.290051814412822,0.9979860568132413,0.04507375780559329,44606
1114,/home/projects/bagon/shared/imagenet512/val/n02823428/ILSVRC2012_val_00049690.JPEG,15,2.8284225661773235,0.0009815642843022943,0.3064508496636003,0.9385487892333231,0.15981313756968424,44613
1115,/home/projects/bagon/shared/imagenet512/val/n09332890/ILSVRC2012_val_00043027.JPEG,78,5.763768806122243,0.0009918061550706625,0.26805784179399184,0.9948280051811842,0.24189341493173136,44620
1116,/home/projects/bagon/shared/imagenet512/val/n03063599/ILSVRC2012_val_00048882.JPEG,37,7.630477487924509,0.0009793015196919441,0.2282400996944365,0.9987352865727126,0.1256927102410505,44649
1117,/home/projects/bagon/shared/imagenet512/val/n03657121/ILSVRC2012_val_00048132.JPEG,2,3.442968124858453,0.00010251473577227443,0.1835120915127178,0.9679250043094287,0.04276276388898181,44653
1118,/home/projects/bagon/shared/imagenet512/val/n03873416/ILSVRC2012_val_00039481.JPEG,24,0.8851662817178294,0.000987756997346878,0.11363710908458957,0.5629883100511712,0.06468906733878124,44657
1119,/home/projects/bagon/shared/imagenet512/val/n03843555/ILSVRC2012_val_00030676.JPEG,2,3.321167111163959,2.1576648578047752e-05,0.20239584635724273,0.963866914029798,0.06963044101508187,44663
1120,/home/projects/bagon/shared/imagenet512/val/n03814639/ILSVRC2012_val_00005600.JPEG,2,4.728550504514715,0.0003123987407889217,0.12666793262087805,0.9908498989230909,0.13868414521870875,44672
1121,/home/projects/bagon/shared/imagenet512/val/n02114367/ILSVRC2012_val_00041991.JPEG,20,5.327158310683444,0.0009812070056796074,0.35249585426321567,0.9862945935592413,0.26593829336789965,44673
1122,/home/projects/bagon/shared/imagenet512/val/n03877845/ILSVRC2012_val_00005039.JPEG,30,3.565408967086114,0.0009816833771765232,0.21462157707898227,0.9667049205808932,0.16784044981301305,44683
1123,/home/projects/bagon/shared/imagenet512/val/n03742115/ILSVRC2012_val_00015528.JPEG,3,7.567824214593202,1.4424220353248529e-05,0.19735289128482084,0.9992508352002796,0.08880583320852345,44704
1124,/home/projects/bagon/shared/imagenet512/val/n02791270/ILSVRC2012_val_00001520.JPEG,2,6.581723579758545,0.00046957432641647756,0.23552911490317766,0.9981516385873221,0.26903992191417614,44719
1125,/home/projects/bagon/shared/imagenet512/val/n04118776/ILSVRC2012_val_00043998.JPEG,3,9.499057291002828,6.222531374078244e-05,0.21460461565487926,0.9996877764359805,0.1479766576781375,44732
1126,/home/projects/bagon/shared/imagenet512/val/n03498962/ILSVRC2012_val_00012745.JPEG,11,6.1106141726486385,0.0009901388548314571,0.1840028532135552,0.9968264187322414,0.07311404800395446,44740
1127,/home/projects/bagon/shared/imagenet512/val/n07718472/ILSVRC2012_val_00040986.JPEG,2,4.436398954130709,0.00024029705673456192,0.19198441437022035,0.9879302515544632,0.21456308848722833,44742
1128,/home/projects/bagon/shared/imagenet512/val/n02123159/ILSVRC2012_val_00028302.JPEG,70,1.5888720302609727,0.000987637904472649,0.0987034117911533,0.7307554695748432,0.08378791021299903,44749
1129,/home/projects/bagon/shared/imagenet512/val/n03786901/ILSVRC2012_val_00009080.JPEG,2,5.920191884039582,1.5497195136049413e-06,0.1892905187330057,0.9973137545287359,0.016104668171634157,44751
1130,/home/projects/bagon/shared/imagenet512/val/n02808304/ILSVRC2012_val_00039179.JPEG,2,2.358411192893975,1.1920928244535389e-07,0.22686275808392634,0.9054294235013156,0.02774961614290598,44757
1131,/home/projects/bagon/shared/imagenet512/val/n02444819/ILSVRC2012_val_00039796.JPEG,12,5.984365472337231,0.0009996660519391298,0.21507794230027763,0.99572394462332,0.057856833954518426,44773
1132,/home/projects/bagon/shared/imagenet512/val/n04591157/ILSVRC2012_val_00011733.JPEG,2,2.585819243955484,2.932505594799295e-05,0.1152760635888937,0.9246340741187199,0.16107709810459764,44791
1133,/home/projects/bagon/shared/imagenet512/val/n01728572/ILSVRC2012_val_00004269.JPEG,2,0.9391384712289437,4.124556289752945e-05,0.14837334871698502,0.6090054914090163,0.0446028240151337,44801
1134,/home/projects/bagon/shared/imagenet512/val/n04039381/ILSVRC2012_val_00031107.JPEG,21,7.204068907827605,0.0009752523037604988,0.2626171785708487,0.9982683927109807,0.17012475465462176,44804
1135,/home/projects/bagon/shared/imagenet512/val/n02102318/ILSVRC2012_val_00020250.JPEG,3,7.7542228395468555,0.00024625606602057815,0.37636329798430007,0.9949697056213522,0.18819388670703496,44809
1136,/home/projects/bagon/shared/imagenet512/val/n02108000/ILSVRC2012_val_00012740.JPEG,58,0.6342421934241429,0.0009927588980644941,0.056443272020660115,0.39885080367348436,0.13851839173647806,44813
1137,/home/projects/bagon/shared/imagenet512/val/n07734744/ILSVRC2012_val_00028371.JPEG,41,3.346141732763499,0.0009957361035048962,0.17304485921862103,0.9592027579029524,0.061601469501494185,44826
1138,/home/projects/bagon/shared/imagenet512/val/n04039381/ILSVRC2012_val_00031371.JPEG,2,8.45907294240169,0.00010096516780322418,0.21168758299516605,0.9996873244235654,0.10238114628395831,44829
1139,/home/projects/bagon/shared/imagenet512/val/n02948072/ILSVRC2012_val_00031683.JPEG,3,11.540226697921753,0.0,0.44152944883301243,0.9999477150430239,0.22918348526901355,44830
1140,/home/projects/bagon/shared/imagenet512/val/n03998194/ILSVRC2012_val_00038469.JPEG,3,5.1927265574922785,0.0006380429258570075,0.21120802153373966,0.9929946528669519,0.21844465563934923,44835
1141,/home/projects/bagon/shared/imagenet512/val/n03032252/ILSVRC2012_val_00036856.JPEG,3,3.1263350099272884,3.2186455882765586e-06,0.2874669874883199,0.9452554243303313,0.13122135021749326,44843
1142,/home/projects/bagon/shared/imagenet512/val/n09229709/ILSVRC2012_val_00039170.JPEG,2,4.026305556294801,2.264974000354414e-06,0.2442313793967959,0.9821575273270307,0.10180935108790183,44848
1143,/home/projects/bagon/shared/imagenet512/val/n04428191/ILSVRC2012_val_00003542.JPEG,2,4.222435235600642,2.7417760065873154e-05,0.23166254901102265,0.9853093869892511,0.020773899892683943,44852
1144,/home/projects/bagon/shared/imagenet512/val/n03777754/ILSVRC2012_val_00026631.JPEG,2,2.723988175377599,5.364403477869928e-06,0.2605530641418565,0.9343816897018493,0.1416363407076957,44859
1145,/home/projects/bagon/shared/imagenet512/val/n03838899/ILSVRC2012_val_00016801.JPEG,2,1.0502319331135368,3.099393507000059e-05,0.1013260140015608,0.6501016673831127,0.11383482080498836,44866
1146,/home/projects/bagon/shared/imagenet512/val/n03710721/ILSVRC2012_val_00041693.JPEG,5,11.894292124081403,0.0009793015196919441,0.4726937393412435,0.9991812355718539,0.2270848899139306,44890
1147,/home/projects/bagon/shared/imagenet512/val/n04557648/ILSVRC2012_val_00045644.JPEG,9,5.57144238485489,0.0009835887467488647,0.35569117279670853,0.9952253482872706,0.2636930315922991,44893
1148,/home/projects/bagon/shared/imagenet512/val/n04465501/ILSVRC2012_val_00003326.JPEG,4,8.353113947552629,0.00042691652197390795,0.3980356772936616,0.9983798703545194,0.19574965279166273,44902
1149,/home/projects/bagon/shared/imagenet512/val/n02788148/ILSVRC2012_val_00044590.JPEG,22,2.5830716021591797,0.0009872806258499622,0.23557045461040568,0.9171576820324718,0.22979631033408937,44929
1150,/home/projects/bagon/shared/imagenet512/val/n04355933/ILSVRC2012_val_00040219.JPEG,102,5.347727834479883,0.0009981179609894753,0.20001355557013975,0.9907271742884419,0.23541736037790845,44941
1151,/home/projects/bagon/shared/imagenet512/val/n03372029/ILSVRC2012_val_00018133.JPEG,2,1.3403605832136236,0.0005957497633062303,0.10829650127711439,0.7375058958905057,0.15157766809936823,44951
1152,/home/projects/bagon/shared/imagenet512/val/n03895866/ILSVRC2012_val_00020623.JPEG,13,3.3030461113667116,0.000957030919380486,0.2581731372234885,0.7465011016715694,0.08854779385799051,44957
1153,/home/projects/bagon/shared/imagenet512/val/n03075370/ILSVRC2012_val_00041941.JPEG,10,5.3742671039071865,0.0009553635609336197,0.3829179405366638,0.9945194494321146,0.11846329870735953,44966
1154,/home/projects/bagon/shared/imagenet512/val/n02747177/ILSVRC2012_val_00046749.JPEG,2,2.15215921372328,2.4318398573086597e-05,0.1803191692500168,0.883739893037687,0.12912137211110952,44967
1155,/home/projects/bagon/shared/imagenet512/val/n02749479/ILSVRC2012_val_00018759.JPEG,2,4.039847367326729,0.0005016260547563434,0.20430122640003726,0.9819002495918585,0.08685908103458587,44969
1156,/home/projects/bagon/shared/imagenet512/val/n01675722/ILSVRC2012_val_00006853.JPEG,3,6.556313991546631,0.0,0.335626072674937,0.9835242191937061,0.04844539561054788,44970
1157,/home/projects/bagon/shared/imagenet512/val/n07930864/ILSVRC2012_val_00003109.JPEG,54,2.0551906939363107,0.0009952597320079803,0.10266321773298864,0.8458539069733444,0.13648263312790548,44974
1158,/home/projects/bagon/shared/imagenet512/val/n04554684/ILSVRC2012_val_00041902.JPEG,2,0.5803106427192688,0.0,0.12036817580424426,0.44027556194003903,0.06720161850555031,44978
1159,/home/projects/bagon/shared/imagenet512/val/n07932039/ILSVRC2012_val_00028866.JPEG,9,3.6264208402717486,0.0009788251481950283,0.19929667392243203,0.9721926115940476,0.2995554930650388,44981
1160,/home/projects/bagon/shared/imagenet512/val/n09468604/ILSVRC2012_val_00012937.JPEG,31,4.245661677210592,0.0009895433904603124,0.18609458359596195,0.9838968071417737,0.10990917086384355,44987
1161,/home/projects/bagon/shared/imagenet512/val/n03764736/ILSVRC2012_val_00008765.JPEG,15,5.150150522124022,0.000990496133454144,0.20284534316772201,0.9922604972872862,0.06360959759551796,45004
1162,/home/projects/bagon/shared/imagenet512/val/n02012849/ILSVRC2012_val_00042638.JPEG,3,4.352809465621249,0.00021514961554203182,0.3127835428081554,0.9826543245726064,0.215090583592912,45023
1163,/home/projects/bagon/shared/imagenet512/val/n03630383/ILSVRC2012_val_00042984.JPEG,2,2.9469122886657715,0.0,0.1888041421971072,0.9474984260550758,0.07454297635851515,45031
1164,/home/projects/bagon/shared/imagenet512/val/n04355338/ILSVRC2012_val_00031308.JPEG,9,3.023073994263541,0.000910225382540375,0.18436368665131964,0.9495376461940329,0.1204688176014777,45048
1165,/home/projects/bagon/shared/imagenet512/val/n01491361/ILSVRC2012_val_00023935.JPEG,36,2.653358452138491,0.0009913297835737467,0.1973452241859871,0.9201606353000722,0.11509535926746542,45079
1166,/home/projects/bagon/shared/imagenet512/val/n04548362/ILSVRC2012_val_00008472.JPEG,56,6.184185105492361,0.000998594332486391,0.29100974377836825,0.9961608275839686,0.5352585193246355,45102
1167,/home/projects/bagon/shared/imagenet512/val/n01669191/ILSVRC2012_val_00048480.JPEG,3,6.151764305657707,0.0006424508756026626,0.24221685637273907,0.995110861974998,0.03522964965640624,45110
1168,/home/projects/bagon/shared/imagenet512/val/n02089867/ILSVRC2012_val_00009220.JPEG,73,5.290319905732758,0.000990615226328373,0.21627755956069913,0.9916520275725279,0.34354544460072783,45132
1169,/home/projects/bagon/shared/imagenet512/val/n02105251/ILSVRC2012_val_00006419.JPEG,20,2.8256076413672417,0.0009791824268177152,0.15092309541070031,0.9379476747240414,0.15536721304620157,45149
1170,/home/projects/bagon/shared/imagenet512/val/n07734744/ILSVRC2012_val_00030099.JPEG,47,1.843680904363282,0.000998594332486391,0.15515172919531325,0.7673330150659448,0.11732819152901353,45157
1171,/home/projects/bagon/shared/imagenet512/val/n02504458/ILSVRC2012_val_00039678.JPEG,16,1.2425612639635801,0.000987876090221107,0.09804073033196248,0.7052664645163368,0.04241000512007259,45158
1172,/home/projects/bagon/shared/imagenet512/val/n01753488/ILSVRC2012_val_00016469.JPEG,64,3.049666857579723,0.000990496133454144,0.1670129656973908,0.9332113880271993,0.24596280591861125,45161
1173,/home/projects/bagon/shared/imagenet512/val/n04487394/ILSVRC2012_val_00049208.JPEG,63,7.691222528228536,0.0009832315845414996,0.2758720128129439,0.9978914494724831,0.050290778844006026,45164
1174,/home/projects/bagon/shared/imagenet512/val/n04355933/ILSVRC2012_val_00031126.JPEG,67,5.895312641747296,0.000993592431768775,0.2241866143644557,0.9939030942094581,0.15273338878760864,45165
1175,/home/projects/bagon/shared/imagenet512/val/n04429376/ILSVRC2012_val_00041720.JPEG,2,3.709777831871179,1.7881233361549675e-05,0.26582667837630747,0.9754987886330486,0.04653944907410323,45172
1176,/home/projects/bagon/shared/imagenet512/val/n04154565/ILSVRC2012_val_00019043.JPEG,16,3.7704676158027723,0.0009978797752410173,0.195680932199823,0.9750909423255574,0.21011785989700218,45175
1177,/home/projects/bagon/shared/imagenet512/val/n02236044/ILSVRC2012_val_00012127.JPEG,3,16.366342902183362,5.960462772236497e-07,0.40455358611492664,0.9999987262831179,0.15099318771341702,45201
1178,/home/projects/bagon/shared/imagenet512/val/n02090721/ILSVRC2012_val_00030412.JPEG,30,2.153711677994579,0.0009873997187241912,0.2542952129158782,0.8650395745210833,0.16031384413677446,45203
1179,/home/projects/bagon/shared/imagenet512/val/n03661043/ILSVRC2012_val_00024394.JPEG,2,3.4484691612960887,3.71926071238704e-05,0.17892244047131983,0.9681673694098765,0.031927184508321646,45206
1180,/home/projects/bagon/shared/imagenet512/val/n02988304/ILSVRC2012_val_00035511.JPEG,21,1.0133847304387018,0.0009913297835737467,0.0702238765653439,0.62629048719774,0.11539634067867582,45211
1181,/home/projects/bagon/shared/imagenet512/val/n03461385/ILSVRC2012_val_00003568.JPEG,31,3.092842438898515,0.0009750141180120409,0.17311513845393522,0.9506685220343982,0.12392783546773228,45214
1182,/home/projects/bagon/shared/imagenet512/val/n04493381/ILSVRC2012_val_00015609.JPEG,112,1.537700659246184,0.0009918061550706625,0.09125733198258817,0.6222853066069924,0.2524081154600244,45221
1183,/home/projects/bagon/shared/imagenet512/val/n04111531/ILSVRC2012_val_00029341.JPEG,2,1.8896996974945068,0.0,0.212966571242148,0.8488828144927523,0.030395879627042346,45225
1184,/home/projects/bagon/shared/imagenet512/val/n04409515/ILSVRC2012_val_00019125.JPEG,2,1.3402695837721694,0.00044943721150048077,0.1359684194926497,0.7376655806858445,0.06427905569308795,45243
1185,/home/projects/bagon/shared/imagenet512/val/n02074367/ILSVRC2012_val_00002000.JPEG,13,6.5829035168280825,0.0009921634336933494,0.244824232913031,0.9976529124740434,0.07288475732241725,45250
1186,/home/projects/bagon/shared/imagenet512/val/n01667114/ILSVRC2012_val_00016550.JPEG,61,0.5826217333087698,0.0009894242975860834,0.05594465603993444,0.3389316913476679,0.13517349008868026,45269
1187,/home/projects/bagon/shared/imagenet512/val/n03843555/ILSVRC2012_val_00047442.JPEG,6,1.9618440127233043,0.0009813260985538363,0.22597070972925654,0.857657457233138,0.1907254519308625,45322
1188,/home/projects/bagon/shared/imagenet512/val/n04428191/ILSVRC2012_val_00031546.JPEG,10,1.514530431595631,0.0009939497103914618,0.12719686141985842,0.7747245665757148,0.14845859367021527,45324
1189,/home/projects/bagon/shared/imagenet512/val/n03599486/ILSVRC2012_val_00029813.JPEG,4,7.1763686537742615,0.0,0.4025046410864216,0.9975285464269522,0.19890041598432734,45329
1190,/home/projects/bagon/shared/imagenet512/val/n07714990/ILSVRC2012_val_00048012.JPEG,2,0.7080239057540894,0.0,0.10756101782053554,0.5073832717136915,0.07000618752328476,45357
1191,/home/projects/bagon/shared/imagenet512/val/n04392985/ILSVRC2012_val_00001738.JPEG,122,5.378633396234363,0.0009915679693222046,0.1591082235655137,0.9868469595701277,0.06732114540210146,45376
1192,/home/projects/bagon/shared/imagenet512/val/n04467665/ILSVRC2012_val_00038561.JPEG,5,4.74229889200069,0.0009653675369918346,0.19143328832015585,0.9903157859927564,0.11879649095656376,45377
1193,/home/projects/bagon/shared/imagenet512/val/n03977966/ILSVRC2012_val_00023057.JPEG,2,3.4298416373785585,2.1576648578047752e-05,0.29549983537901664,0.9675857582915189,0.08926839516305604,45390
1194,/home/projects/bagon/shared/imagenet512/val/n03110669/ILSVRC2012_val_00008033.JPEG,56,3.9454647041857243,0.0009994279826059937,0.19785269006836356,0.9714644235313505,0.08828920928716052,45392
1195,/home/projects/bagon/shared/imagenet512/val/n04522168/ILSVRC2012_val_00018777.JPEG,33,7.515506215044297,0.000977276940830052,0.17865849352079163,0.9984499022366297,0.2159861641925776,45395
1196,/home/projects/bagon/shared/imagenet512/val/n01914609/ILSVRC2012_val_00000017.JPEG,31,4.921689543640241,0.0009976415894925594,0.3061661200795461,0.9907324466318155,0.14203295973752045,45398
1197,/home/projects/bagon/shared/imagenet512/val/n04356056/ILSVRC2012_val_00034446.JPEG,127,2.066844625514932,0.0009918061550706625,0.09968576336424154,0.7462092318977512,0.20061025520971418,45415
1198,/home/projects/bagon/shared/imagenet512/val/n03983396/ILSVRC2012_val_00030749.JPEG,29,3.1102693303255364,0.00099323526956141,0.2148145398341681,0.9470837586591169,0.08097977302208101,45422
1199,/home/projects/bagon/shared/imagenet512/val/n01682714/ILSVRC2012_val_00041164.JPEG,64,1.6930908656213433,0.000985375139862299,0.09479175986284144,0.7793689788848741,0.021139953872390472,45424
1200,/home/projects/bagon/shared/imagenet512/val/n03814639/ILSVRC2012_val_00007014.JPEG,2,4.27779793739316,2.3841855067985307e-07,0.2278639679221397,0.9861264404959365,0.09035218465649543,45427
1201,/home/projects/bagon/shared/imagenet512/val/n03690938/ILSVRC2012_val_00032191.JPEG,56,2.9800330847501755,0.0009834696538746357,0.21989283634220325,0.9260221966523976,0.465056986343477,45429
1202,/home/projects/bagon/shared/imagenet512/val/n03782006/ILSVRC2012_val_00041449.JPEG,58,0.9694579422939569,0.0009809688199311495,0.06372747946995218,0.42875161702443293,0.03103414265814615,45449
1203,/home/projects/bagon/shared/imagenet512/val/n03995372/ILSVRC2012_val_00014379.JPEG,28,9.252848710981198,0.0009640575153753161,0.40430092302054615,0.9954612239857517,0.06725829561691886,45455
1204,/home/projects/bagon/shared/imagenet512/val/n02974003/ILSVRC2012_val_00015230.JPEG,81,2.3462846195325255,0.0009927588980644941,0.10354773144671339,0.8653047846053447,0.12139051963269668,45463
1205,/home/projects/bagon/shared/imagenet512/val/n02169497/ILSVRC2012_val_00024558.JPEG,46,2.030777465319261,0.000998832518234849,0.09998665540859308,0.8552013250380315,0.13976106462705812,45465
1206,/home/projects/bagon/shared/imagenet512/val/n01632777/ILSVRC2012_val_00044893.JPEG,12,5.828101032180712,0.0009831124916672707,0.22309794618276255,0.9960669805547245,0.05736723704151071,45498
1207,/home/projects/bagon/shared/imagenet512/val/n02815834/ILSVRC2012_val_00027061.JPEG,3,7.01053262304049,0.0008391196606680751,0.32395664395602447,0.9981758757336685,0.13795414008742618,45502
1208,/home/projects/bagon/shared/imagenet512/val/n03770439/ILSVRC2012_val_00003742.JPEG,4,7.467763557994658,8.4638240878121e-06,0.3146220009352969,0.9973060347983159,0.09197069984048409,45504
1209,/home/projects/bagon/shared/imagenet512/val/n02321529/ILSVRC2012_val_00007344.JPEG,2,5.63297052733833,0.0007516896002925932,0.3011738190942147,0.9958595059704574,0.035626852274026684,45506
1210,/home/projects/bagon/shared/imagenet512/val/n02815834/ILSVRC2012_val_00049623.JPEG,13,4.50536396028474,0.0009766814764589071,0.23869333681466504,0.9863686364169008,0.31208510619494045,45526
1211,/home/projects/bagon/shared/imagenet512/val/n04192698/ILSVRC2012_val_00016932.JPEG,2,3.3760517834252823,1.6569954823353328e-05,0.22605221857056845,0.9658007201866871,0.07175662159535662,45527
1212,/home/projects/bagon/shared/imagenet512/val/n02089973/ILSVRC2012_val_00043610.JPEG,100,1.7685341308824718,0.0009941878961399198,0.12234221995696604,0.7649208983411534,0.4411543916169933,45534
1213,/home/projects/bagon/shared/imagenet512/val/n04285008/ILSVRC2012_val_00025465.JPEG,51,2.2944750970928,0.000985136954113841,0.11809451082043151,0.8867454308210813,0.12053349241535977,45538
1214,/home/projects/bagon/shared/imagenet512/val/n03347037/ILSVRC2012_val_00023102.JPEG,2,5.912029981356682,2.2649508537142538e-05,0.24387672829445012,0.9972707283820357,0.0343036499770233,45553
1215,/home/projects/bagon/shared/imagenet512/val/n01514668/ILSVRC2012_val_00000911.JPEG,2,1.9293019028846174,0.000929281348362565,0.1384838436448915,0.8544294915285812,0.16618555892840756,45559
1216,/home/projects/bagon/shared/imagenet512/val/n03482405/ILSVRC2012_val_00048126.JPEG,19,1.1260435045696795,0.0009521479951217771,0.09689895532011868,0.6557083454804135,0.2993934529733489,45573
1217,/home/projects/bagon/shared/imagenet512/val/n03250847/ILSVRC2012_val_00036385.JPEG,2,4.18012499766337,2.932505594799295e-05,0.29339262696529705,0.9846735956101312,0.05933073399668311,45580
1218,/home/projects/bagon/shared/imagenet512/val/n04389033/ILSVRC2012_val_00017065.JPEG,23,3.316189946839586,0.0009639384225010872,0.15633107151166292,0.960074278213227,0.046258451307335455,45584
1219,/home/projects/bagon/shared/imagenet512/val/n04376876/ILSVRC2012_val_00027991.JPEG,2,7.243413070740644,0.0008688965463079512,0.2638915832127822,0.9987798223205342,0.08298182632920688,45603
1220,/home/projects/bagon/shared/imagenet512/val/n07747607/ILSVRC2012_val_00021528.JPEG,17,4.068006216897629,0.0009993088897317648,0.2159304161345971,0.9814544487473984,0.03299515679434013,45604
1221,/home/projects/bagon/shared/imagenet512/val/n02971356/ILSVRC2012_val_00043603.JPEG,2,5.12198435672326,0.0005000770906917751,0.28364775482039956,0.9935527253871848,0.059461949384029614,45640
1222,/home/projects/bagon/shared/imagenet512/val/n04026417/ILSVRC2012_val_00017752.JPEG,20,5.054755081888288,0.000993711524643004,0.18637330801803365,0.9924945244291643,0.2571436756437947,45653
1223,/home/projects/bagon/shared/imagenet512/val/n04536866/ILSVRC2012_val_00036501.JPEG,6,8.727767609932926,0.0009741804678924382,0.22201197584240115,0.9988105326246757,0.08626863450004343,45661
1224,/home/projects/bagon/shared/imagenet512/val/n04336792/ILSVRC2012_val_00044134.JPEG,2,4.003723621327481,9.059865078597795e-06,0.18019604198969835,0.9817430886503111,0.10772422781146787,45662
1225,/home/projects/bagon/shared/imagenet512/val/n03866082/ILSVRC2012_val_00011988.JPEG,36,4.43496688088635,0.0009727513534016907,0.20304721581888,0.9853039818660481,0.10249569868317535,45673
1226,/home/projects/bagon/shared/imagenet512/val/n07920052/ILSVRC2012_val_00023051.JPEG,22,0.1590091945254244,0.0009703694959171116,0.03137655355147764,0.11376984102620712,0.13886743338060353,45676
1227,/home/projects/bagon/shared/imagenet512/val/n03028079/ILSVRC2012_val_00017198.JPEG,2,4.630588195344899,0.0006586528033949435,0.2147795874834445,0.9897155884018446,0.05428837868615144,45683
1228,/home/projects/bagon/shared/imagenet512/val/n02950826/ILSVRC2012_val_00022031.JPEG,14,3.8306128706317395,0.0009891861118376255,0.19584496779934543,0.9765869815095618,0.05133844206129856,45687
1229,/home/projects/bagon/shared/imagenet512/val/n02948072/ILSVRC2012_val_00010256.JPEG,2,5.824265208502766,0.0005519058904610574,0.1456248642621325,0.9965230855908007,0.08027621839162849,45689
1230,/home/projects/bagon/shared/imagenet512/val/n02107908/ILSVRC2012_val_00007773.JPEG,101,1.736428796313703,0.0009956170106306672,0.0953477760506856,0.7530319156758066,0.08730597539892009,45705
1231,/home/projects/bagon/shared/imagenet512/val/n02363005/ILSVRC2012_val_00021586.JPEG,6,1.6951764144469053,0.0009826361201703548,0.1510700757588932,0.814510255484809,0.05426800912684136,45714
1232,/home/projects/bagon/shared/imagenet512/val/n03976467/ILSVRC2012_val_00010922.JPEG,9,2.968798610032536,0.0009349980391561985,0.17606931558581507,0.9471566416188715,0.16711896814096078,45723
1233,/home/projects/bagon/shared/imagenet512/val/n01744401/ILSVRC2012_val_00006262.JPEG,6,9.655550334835425,0.0009838269324973226,0.20068659833983432,0.9991784913970415,0.15685031166429825,45726
1234,/home/projects/bagon/shared/imagenet512/val/n04392985/ILSVRC2012_val_00006037.JPEG,139,6.190323660383001,0.000993711524643004,0.18598878726119622,0.9914884387263062,0.2217008691537154,45727
1235,/home/projects/bagon/shared/imagenet512/val/n03692522/ILSVRC2012_val_00046713.JPEG,3,6.5022424152703024,0.0005474975914694369,0.24197525532540282,0.9953191434728942,0.2498492465098696,45740
1236,/home/projects/bagon/shared/imagenet512/val/n03337140/ILSVRC2012_val_00036889.JPEG,2,3.312150952500815,7.343022298300639e-05,0.1783033602478239,0.9634867672456979,0.08040514529389711,45747
1237,/home/projects/bagon/shared/imagenet512/val/n02815834/ILSVRC2012_val_00002035.JPEG,2,5.340272794070188,0.0004676678800024092,0.2246893477589035,0.9948389774787069,0.23160181204673083,45756
1238,/home/projects/bagon/shared/imagenet512/val/n02977058/ILSVRC2012_val_00037304.JPEG,2,1.7856171131130623,8.344646857949556e-07,0.21016683484301246,0.8323054794943865,0.13073459879641358,45757
1239,/home/projects/bagon/shared/imagenet512/val/n03240683/ILSVRC2012_val_00016893.JPEG,3,4.598079472725658,1.0490362910786644e-05,0.24329076058722895,0.987820684805198,0.14577012311758936,45767
1240,/home/projects/bagon/shared/imagenet512/val/n04258138/ILSVRC2012_val_00014079.JPEG,2,5.309671044349102,1.0728830375228426e-06,0.28297283662493605,0.9950553482096257,0.19185455210329327,45784
1241,/home/projects/bagon/shared/imagenet512/val/n02804414/ILSVRC2012_val_00023356.JPEG,40,3.76774266094435,0.0009979988681152463,0.29924228811268866,0.9713486920543505,0.37004098107050537,45795
1242,/home/projects/bagon/shared/imagenet512/val/n04591157/ILSVRC2012_val_00015778.JPEG,32,2.245873441628646,0.0009751332108862698,0.10790701388606004,0.8844171868800133,0.2741462397019392,45799
1243,/home/projects/bagon/shared/imagenet512/val/n03000247/ILSVRC2012_val_00024215.JPEG,4,6.4601689610863104,0.0009918061550706625,0.201817706560903,0.9975657564380929,0.16093284386677165,45818
1244,/home/projects/bagon/shared/imagenet512/val/n04550184/ILSVRC2012_val_00046925.JPEG,25,3.742961581912823,0.0009885906474664807,0.20286555730391584,0.9741685251733567,0.05519709829488494,45820
1245,/home/projects/bagon/shared/imagenet512/val/n02002724/ILSVRC2012_val_00017388.JPEG,3,3.393940448657304,1.4424220353248529e-05,0.3135581672353892,0.9537949866208736,0.10645937642309744,45856
1246,/home/projects/bagon/shared/imagenet512/val/n02504458/ILSVRC2012_val_00033832.JPEG,27,0.3146871846402064,0.0009885906474664807,0.04181673525661316,0.24074378746537883,0.0852951677126316,45867
1247,/home/projects/bagon/shared/imagenet512/val/n04548362/ILSVRC2012_val_00013857.JPEG,5,1.2436533572035842,0.0009589364635758102,0.1069236920883145,0.6602477149384052,0.13208240505894495,45874
1248,/home/projects/bagon/shared/imagenet512/val/n03201208/ILSVRC2012_val_00032574.JPEG,27,6.7560509440954775,0.0009947833605110645,0.17708068582532588,0.997813635360023,0.042169607528005,45881
1249,/home/projects/bagon/shared/imagenet512/val/n03188531/ILSVRC2012_val_00039269.JPEG,2,3.3770444375404622,5.9602869441732764e-05,0.20049977611249656,0.9657903107372039,0.06058803822024859,45883
1250,/home/projects/bagon/shared/imagenet512/val/n02113624/ILSVRC2012_val_00018755.JPEG,54,4.1503390717552975,0.0009885906474664807,0.2558740216424259,0.9097867587623654,0.17081152903262897,45904
1251,/home/projects/bagon/shared/imagenet512/val/n04429376/ILSVRC2012_val_00046304.JPEG,16,4.658122774329968,0.0009572691051289439,0.22779622008800884,0.9893618398616091,0.11505287804634289,45905
1252,/home/projects/bagon/shared/imagenet512/val/n04275548/ILSVRC2012_val_00045648.JPEG,42,1.0907789065968245,0.0009916870621964335,0.07763043352632562,0.6216786967970893,0.12164709829893126,45907
1253,/home/projects/bagon/shared/imagenet512/val/n04005630/ILSVRC2012_val_00031106.JPEG,2,2.601159421959892,0.0002506657037883997,0.2195464348630743,0.9255465273893596,0.10750815015307284,45908
1254,/home/projects/bagon/shared/imagenet512/val/n03710637/ILSVRC2012_val_00000184.JPEG,80,2.6152401252184063,0.0009946642676368356,0.10815380687312841,0.8841549088928347,0.08176520146826252,45913
1255,/home/projects/bagon/shared/imagenet512/val/n07695742/ILSVRC2012_val_00013996.JPEG,15,10.95046576182358,0.000990377040579915,0.24742458851827517,0.9992309895082911,0.08832224312424698,45935
1256,/home/projects/bagon/shared/imagenet512/val/n01753488/ILSVRC2012_val_00033125.JPEG,86,1.9580272969324142,0.0009927588980644941,0.10830603831212153,0.7766984636580342,0.2126208249967665,45945
1257,/home/projects/bagon/shared/imagenet512/val/n03871628/ILSVRC2012_val_00028843.JPEG,44,4.097195000736974,0.0009856133256107569,0.14816637617971162,0.9800212696975177,0.03201301075232765,45946
1258,/home/projects/bagon/shared/imagenet512/val/n03045698/ILSVRC2012_val_00023868.JPEG,9,3.5527465487248264,0.0009698931244201958,0.17322362711150288,0.970115705363797,0.046537510828233514,45950
1259,/home/projects/bagon/shared/imagenet512/val/n03838899/ILSVRC2012_val_00004639.JPEG,18,9.032234330894426,0.0009773960337042809,0.38693808012278663,0.9993060326480125,0.1683148449608587,45957
1260,/home/projects/bagon/shared/imagenet512/val/n02108000/ILSVRC2012_val_00041093.JPEG,85,1.0161418289644644,0.0009941878961399198,0.07078302112220716,0.5082293249284611,0.17231588912150014,45975
1261,/home/projects/bagon/shared/imagenet512/val/n04154565/ILSVRC2012_val_00010044.JPEG,38,6.802748363348655,0.0009857324184849858,0.1628534403391225,0.9977384286748378,0.14558351727335989,45979
1262,/home/projects/bagon/shared/imagenet512/val/n02776631/ILSVRC2012_val_00014946.JPEG,8,2.5464167904574424,0.0009920443408191204,0.20259095323713586,0.9175531978679421,0.08087805921165153,45983
1263,/home/projects/bagon/shared/imagenet512/val/n02018207/ILSVRC2012_val_00034172.JPEG,5,3.7795826045330614,0.0009559590835124254,0.19637563614912357,0.9761625149161848,0.09170472115075713,45985
1264,/home/projects/bagon/shared/imagenet512/val/n01914609/ILSVRC2012_val_00031110.JPEG,19,4.0927150619681925,0.0009773960337042809,0.20047222481206234,0.9698236523665604,0.03949968593481882,46010
1265,/home/projects/bagon/shared/imagenet512/val/n02403003/ILSVRC2012_val_00039271.JPEG,3,3.4464674534392543,0.0009196343016810715,0.18852850773422347,0.8882367376009518,0.12111586620294913,46018
1266,/home/projects/bagon/shared/imagenet512/val/n03998194/ILSVRC2012_val_00015241.JPEG,3,4.9730747342046016,3.576272320060525e-06,0.29830039778077566,0.9912264896725504,0.04149812191969529,46033
1267,/home/projects/bagon/shared/imagenet512/val/n02871525/ILSVRC2012_val_00041323.JPEG,26,3.76304521295242,0.0009862087899819016,0.1292344886671834,0.9748626813203587,0.16727462702027235,46034
1268,/home/projects/bagon/shared/imagenet512/val/n07248320/ILSVRC2012_val_00027903.JPEG,2,2.684428095817509,3.576278118089249e-07,0.15767657813977232,0.9317393298750426,0.07724363382931052,46037
1269,/home/projects/bagon/shared/imagenet512/val/n02441942/ILSVRC2012_val_00031587.JPEG,29,1.203774242894724,0.0009978797752410173,0.11788684910577969,0.6678383450274205,0.02477176284544549,46047
1270,/home/projects/bagon/shared/imagenet512/val/n02087046/ILSVRC2012_val_00007511.JPEG,3,3.308809757173549,1.0847986231965479e-05,0.28547593607052024,0.9429619640117944,0.2670361685963998,46058
1271,/home/projects/bagon/shared/imagenet512/val/n04591713/ILSVRC2012_val_00049393.JPEG,50,4.364627423346974,0.000985136954113841,0.1657924586623848,0.9824206004752336,0.05560393112968013,46083
1272,/home/projects/bagon/shared/imagenet512/val/n03871628/ILSVRC2012_val_00017618.JPEG,2,2.844268559372722,4.5536911784438416e-05,0.20823019388188593,0.9417750787032638,0.04415776524586486,46088
1273,/home/projects/bagon/shared/imagenet512/val/n02085620/ILSVRC2012_val_00017702.JPEG,3,4.766430494259112,0.0004941195948049426,0.27054191760722834,0.9833984063227139,0.1665007154824662,46097
1274,/home/projects/bagon/shared/imagenet512/val/n02123597/ILSVRC2012_val_00032328.JPEG,3,2.383598849424743,0.00013469743134919554,0.24924012388644423,0.9050461590008994,0.08184320163709216,46109
1275,/home/projects/bagon/shared/imagenet512/val/n01582220/ILSVRC2012_val_00041135.JPEG,3,16.695260166678054,2.9801878554280847e-05,0.38165027883873415,0.9999956375781826,0.09974815746215447,46111
1276,/home/projects/bagon/shared/imagenet512/val/n02749479/ILSVRC2012_val_00018390.JPEG,64,2.2888939902186394,0.0009896624833345413,0.10677981955117767,0.8826467928491042,0.03158493467668815,46115
1277,/home/projects/bagon/shared/imagenet512/val/n09428293/ILSVRC2012_val_00009073.JPEG,30,3.3064110692357644,0.0009847796754911542,0.23866346075331787,0.9596975127794443,0.10115836564514433,46124
1278,/home/projects/bagon/shared/imagenet512/val/n07745940/ILSVRC2012_val_00012652.JPEG,15,4.106756413821131,0.0009839460253715515,0.19994224922556134,0.9822665001322326,0.06276290375767743,46127
1279,/home/projects/bagon/shared/imagenet512/val/n07614500/ILSVRC2012_val_00031184.JPEG,34,11.171674559940584,0.0009790633339434862,0.3619839207290536,0.99992375303302,0.2873689473721468,46128
1280,/home/projects/bagon/shared/imagenet512/val/n03532672/ILSVRC2012_val_00044336.JPEG,26,4.7399847926571965,0.0009800160769373178,0.19528399668043392,0.9899479120858589,0.1503752118613521,46135
1281,/home/projects/bagon/shared/imagenet512/val/n03623198/ILSVRC2012_val_00007091.JPEG,2,4.30490541457948,1.9073468138230965e-06,0.20088725088430384,0.986495900744017,0.027017304067630032,46149
1282,/home/projects/bagon/shared/imagenet512/val/n04192698/ILSVRC2012_val_00041860.JPEG,2,0.5147748813324142,0.0004400238685775548,0.07052024196879622,0.40167051784569213,0.07539234796974793,46151
1283,/home/projects/bagon/shared/imagenet512/val/n04033995/ILSVRC2012_val_00000260.JPEG,13,5.954648314451333,0.0009757286752574146,0.28116636308897197,0.9965450379787836,0.07104684209452028,46153
1284,/home/projects/bagon/shared/imagenet512/val/n03866082/ILSVRC2012_val_00030796.JPEG,57,2.985708168358542,0.0009919252479448915,0.11782924557534712,0.9417567624293514,0.08027926442006365,46157
1285,/home/projects/bagon/shared/imagenet512/val/n07871810/ILSVRC2012_val_00035622.JPEG,3,7.681268751604875,5.722029527532868e-06,0.27888405712371683,0.9988961178933545,0.05138436248788186,46164
1286,/home/projects/bagon/shared/imagenet512/val/n04356056/ILSVRC2012_val_00036536.JPEG,53,4.940285768476315,0.0009893052047118545,0.15037861198316638,0.9895763273780072,0.15430826740046127,46176
1287,/home/projects/bagon/shared/imagenet512/val/n03125729/ILSVRC2012_val_00038754.JPEG,2,2.9178589046932757,0.000587767455726862,0.14195490821637222,0.9453374342412615,0.03642482477971674,46179
1288,/home/projects/bagon/shared/imagenet512/val/n02123045/ILSVRC2012_val_00044027.JPEG,54,1.5191390545805916,0.0009991897968575358,0.09806327299670402,0.7477600136092091,0.06662079180817748,46183
1289,/home/projects/bagon/shared/imagenet512/val/n07745940/ILSVRC2012_val_00016159.JPEG,2,3.3383028505722905,1.7404405298293568e-05,0.19682200576848605,0.9644848203678361,0.1621277374809751,46189
1290,/home/projects/bagon/shared/imagenet512/val/n04507155/ILSVRC2012_val_00008909.JPEG,18,5.169223414326552,0.0009623901569284499,0.1776788596042106,0.9929253511197986,0.2480635361904819,46196
1291,/home/projects/bagon/shared/imagenet512/val/n07579787/ILSVRC2012_val_00022658.JPEG,42,2.4976753323571756,0.000987876090221107,0.15870848816241812,0.8976176353125742,0.10441816037992374,46199
1292,/home/projects/bagon/shared/imagenet512/val/n03063599/ILSVRC2012_val_00038548.JPEG,59,3.4071874460205436,0.0009833505610004067,0.14779274418513327,0.9411308618181365,0.15427429463089481,46201
1293,/home/projects/bagon/shared/imagenet512/val/n03127925/ILSVRC2012_val_00007666.JPEG,28,5.206053473579232,0.0009752523037604988,0.2148440929243398,0.9932435809641924,0.07515908517392644,46205
1294,/home/projects/bagon/shared/imagenet512/val/n02124075/ILSVRC2012_val_00022337.JPEG,5,6.039448049385101,0.0009946642676368356,0.3656963857214178,0.9967172999393219,0.093783291434578,46218
1295,/home/projects/bagon/shared/imagenet512/val/n03982430/ILSVRC2012_val_00025940.JPEG,10,4.779605526011437,0.000976800569333136,0.19777559041288537,0.9905835075510689,0.05438275549996632,46251
1296,/home/projects/bagon/shared/imagenet512/val/n04589890/ILSVRC2012_val_00000351.JPEG,44,1.6073931929422542,0.0009860896971076727,0.10085952850832593,0.7747381804372745,0.09404035505137179,46252
1297,/home/projects/bagon/shared/imagenet512/val/n04037443/ILSVRC2012_val_00012769.JPEG,18,4.997854932094924,0.0009946642676368356,0.16128158502582232,0.989098781554176,0.30131609077510324,46253
1298,/home/projects/bagon/shared/imagenet512/val/n02443484/ILSVRC2012_val_00044484.JPEG,95,8.684509291197173,0.0009897815762087703,0.19295441577128594,0.9988696718850525,0.3888716592560323,46263
1299,/home/projects/bagon/shared/imagenet512/val/n03196217/ILSVRC2012_val_00020490.JPEG,2,4.651690602293002,4.410734163684538e-06,0.19923689771662115,0.9904501096025206,0.11542425003650615,46268
1300,/home/projects/bagon/shared/imagenet512/val/n02403003/ILSVRC2012_val_00038584.JPEG,13,1.3406947078183293,0.0009912106906995177,0.13068270161593099,0.7333980325477774,0.034588444129200806,46273
1301,/home/projects/bagon/shared/imagenet512/val/n02526121/ILSVRC2012_val_00037146.JPEG,27,6.419515836634673,0.000998832518234849,0.17472695000182434,0.9972357955425579,0.05592152297604783,46286
1302,/home/projects/bagon/shared/imagenet512/val/n02823750/ILSVRC2012_val_00041934.JPEG,14,9.012200169847347,0.0009629856795072556,0.21625065876142613,0.9991107882829935,0.21398633064583994,46288
1303,/home/projects/bagon/shared/imagenet512/val/n03450230/ILSVRC2012_val_00045337.JPEG,35,2.2889825018355623,0.0009922825265675783,0.14548973778422017,0.8671703670158448,0.111895892239465,46297
1304,/home/projects/bagon/shared/imagenet512/val/n09256479/ILSVRC2012_val_00029077.JPEG,57,0.9019795161439106,0.0009872806258499622,0.08030100115532658,0.5195280182212417,0.0878468442045737,46301
1305,/home/projects/bagon/shared/imagenet512/val/n03658185/ILSVRC2012_val_00014001.JPEG,42,5.101558825233951,0.000992877990938723,0.16464655957475274,0.9922365620953272,0.08393045783447683,46304
1306,/home/projects/bagon/shared/imagenet512/val/n03127925/ILSVRC2012_val_00025671.JPEG,2,5.412295418325812,0.0005684667266905308,0.2177737416259412,0.9949892610452018,0.09939533879519737,46308
1307,/home/projects/bagon/shared/imagenet512/val/n03047690/ILSVRC2012_val_00005595.JPEG,2,1.7720535399275832,0.0007717015105299652,0.13667308601762512,0.8291445463567128,0.06162441196151255,46309
1308,/home/projects/bagon/shared/imagenet512/val/n03041632/ILSVRC2012_val_00041660.JPEG,3,6.282284505927237,0.00040415700641460717,0.3243809025591505,0.9976620001199823,0.0766961320264987,46314
1309,/home/projects/bagon/shared/imagenet512/val/n07930864/ILSVRC2012_val_00009249.JPEG,51,0.5387703875312582,0.0009901388548314571,0.06406092164244827,0.3399582674149299,0.11581260837772432,46316
1310,/home/projects/bagon/shared/imagenet512/val/n04550184/ILSVRC2012_val_00042535.JPEG,2,1.1973206693655811,0.00024625606602057815,0.11084627873090029,0.6976787712692092,0.06826062247063135,46334
1311,/home/projects/bagon/shared/imagenet512/val/n02105056/ILSVRC2012_val_00034992.JPEG,2,2.8141049654223025,0.00036995718255639076,0.18614699018548606,0.9396551947569617,0.06081352201518392,46344
1312,/home/projects/bagon/shared/imagenet512/val/n04447861/ILSVRC2012_val_00003310.JPEG,21,1.6953926909482107,0.0009825170272961259,0.17028129539802977,0.8082918255512644,0.053652120168913825,46345
1313,/home/projects/bagon/shared/imagenet512/val/n03134739/ILSVRC2012_val_00024198.JPEG,2,2.5228595733632346,1.4305104514278355e-06,0.2760100020891653,0.9197685903973535,0.041670493303774904,46353
1314,/home/projects/bagon/shared/imagenet512/val/n04270147/ILSVRC2012_val_00005377.JPEG,37,4.637562434421852,0.0009895433904603124,0.1666435201515073,0.988426334111024,0.1257365586340896,46363
1315,/home/projects/bagon/shared/imagenet512/val/n02971356/ILSVRC2012_val_00018554.JPEG,2,2.6773617246435606,6.508615479106084e-05,0.1728137053007745,0.9311861967041448,0.2220622015635125,46380
1316,/home/projects/bagon/shared/imagenet512/val/n02971356/ILSVRC2012_val_00041985.JPEG,2,0.8300733566277358,1.1920922133867862e-06,0.10568402365493067,0.5639809666012077,0.2597714877058289,46381
1317,/home/projects/bagon/shared/imagenet512/val/n02113624/ILSVRC2012_val_00013862.JPEG,91,5.64488936169073,0.0009956170106306672,0.1964574581076073,0.990155784419854,0.07840418914623987,46382
1318,/home/projects/bagon/shared/imagenet512/val/n04443257/ILSVRC2012_val_00022890.JPEG,50,3.013499596971087,0.0009894242975860834,0.1429136857865493,0.9386171556887336,0.053893775855733586,46390
1319,/home/projects/bagon/shared/imagenet512/val/n04254120/ILSVRC2012_val_00025804.JPEG,2,2.1972310542259947,1.2636104656849056e-05,0.17770187092003228,0.8888793343648769,0.25643770226245804,46396
1320,/home/projects/bagon/shared/imagenet512/val/n03937543/ILSVRC2012_val_00000252.JPEG,2,3.0409681598539464,0.0005273620481602848,0.24989601704934297,0.9520757347303304,0.14439101848852898,46404
1321,/home/projects/bagon/shared/imagenet512/val/n02443484/ILSVRC2012_val_00031517.JPEG,92,1.9664028089027852,0.0009993088897317648,0.12635128875609,0.796676647355892,0.2894169791171928,46415
1322,/home/projects/bagon/shared/imagenet512/val/n03062245/ILSVRC2012_val_00002826.JPEG,18,5.54891829600092,0.0009983561467379332,0.26318547036412887,0.9949825747905185,0.03617640152822635,46424
1323,/home/projects/bagon/shared/imagenet512/val/n02786058/ILSVRC2012_val_00044252.JPEG,2,3.4625005719208275,2.3841574147809297e-05,0.31462905263302643,0.9686242207376529,0.06580233724695224,46434
1324,/home/projects/bagon/shared/imagenet512/val/n03642806/ILSVRC2012_val_00000151.JPEG,52,2.823390319943428,0.0009856133256107569,0.19849409568083093,0.9290096510646402,0.09589285515062682,46438
1325,/home/projects/bagon/shared/imagenet512/val/n01739381/ILSVRC2012_val_00001108.JPEG,30,8.907818492501974,0.000993354362435639,0.23847297849101506,0.9986978319959865,0.04713112267137848,46442
1326,/home/projects/bagon/shared/imagenet512/val/n01682714/ILSVRC2012_val_00041640.JPEG,49,1.3899114893283695,0.0009843033039942384,0.08356187917972432,0.7200188989111403,0.056442519996428464,46468
1327,/home/projects/bagon/shared/imagenet512/val/n07565083/ILSVRC2012_val_00001281.JPEG,32,8.914437548315618,0.0009764432325027883,0.19700095409316026,0.9989242206221269,0.11123777594494605,46474
1328,/home/projects/bagon/shared/imagenet512/val/n03950228/ILSVRC2012_val_00047131.JPEG,57,4.628369168727659,0.000992877990938723,0.18717776317646206,0.9854141769100867,0.2847925590821291,46487
1329,/home/projects/bagon/shared/imagenet512/val/n04350905/ILSVRC2012_val_00025482.JPEG,13,5.791336171561852,0.0009563163621351123,0.21487315423935235,0.9956619024135759,0.10241066220298906,46491
1330,/home/projects/bagon/shared/imagenet512/val/n02504013/ILSVRC2012_val_00042441.JPEG,40,3.295416103559546,0.0009827552130445838,0.17660673694265772,0.9229916890828122,0.18899473996033744,46497
1331,/home/projects/bagon/shared/imagenet512/val/n02776631/ILSVRC2012_val_00043895.JPEG,13,4.144375216332264,0.0009657248156145215,0.193627255253606,0.9829550968308065,0.02641861709348424,46512
1332,/home/projects/bagon/shared/imagenet512/val/n04026417/ILSVRC2012_val_00042230.JPEG,3,4.993861317867413,0.00034457468427717686,0.20732861581664438,0.9871125098275959,0.286907941044736,46513
1333,/home/projects/bagon/shared/imagenet512/val/n02104029/ILSVRC2012_val_00033303.JPEG,3,8.650630744290538,0.0004180987598374486,0.28793762933794326,0.9990076914496011,0.17486638204644975,46519
1334,/home/projects/bagon/shared/imagenet512/val/n02089973/ILSVRC2012_val_00033862.JPEG,64,2.2973102956311777,0.0009870424401015043,0.13663817333893274,0.8698815436892862,0.14829823641903195,46529
1335,/home/projects/bagon/shared/imagenet512/val/n01740131/ILSVRC2012_val_00003693.JPEG,72,3.970454160589725,0.0009899006690829992,0.13873277593592595,0.9704267307241647,0.17421836482557984,46539
1336,/home/projects/bagon/shared/imagenet512/val/n03920288/ILSVRC2012_val_00014355.JPEG,3,4.843679844852886,3.099393507000059e-05,0.2445669873930039,0.9863890590948725,0.06478154984053938,46548
1337,/home/projects/bagon/shared/imagenet512/val/n07584110/ILSVRC2012_val_00041589.JPEG,2,3.4908379527623765,0.00044288364006206393,0.20946653763753212,0.969074990172256,0.07802306850736018,46560
1338,/home/projects/bagon/shared/imagenet512/val/n04208210/ILSVRC2012_val_00031937.JPEG,3,3.3427559089905117,9.738924563862383e-05,0.17097962598979255,0.9593054643999457,0.11810050332300515,46563
1339,/home/projects/bagon/shared/imagenet512/val/n01871265/ILSVRC2012_val_00026221.JPEG,57,2.8471362105337903,0.0009839460253715515,0.14336127035542848,0.9257426336277358,0.12778320370543333,46566
1340,/home/projects/bagon/shared/imagenet512/val/n04380533/ILSVRC2012_val_00027143.JPEG,85,2.018124349997379,0.0009968079393729568,0.10372498352877002,0.8380535427837253,0.2930799406199919,46586
1341,/home/projects/bagon/shared/imagenet512/val/n04560804/ILSVRC2012_val_00034498.JPEG,30,5.195010858820751,0.0009993088897317648,0.25017471478781755,0.9803104930789954,0.11218553907460407,46597
1342,/home/projects/bagon/shared/imagenet512/val/n04560804/ILSVRC2012_val_00013262.JPEG,105,2.6119439403992146,0.0009941878961399198,0.12396518685302395,0.8841339028389724,0.2725863239537133,46604
1343,/home/projects/bagon/shared/imagenet512/val/n02094433/ILSVRC2012_val_00008374.JPEG,2,2.5614018949272577,0.0003695997002068907,0.13280243995286384,0.9224090186813787,0.057313901379394905,46606
1344,/home/projects/bagon/shared/imagenet512/val/n04429376/ILSVRC2012_val_00025374.JPEG,6,2.9398971138871275,0.00096941675292328,0.2513090303726353,0.9437416215243412,0.019669705909461634,46614
1345,/home/projects/bagon/shared/imagenet512/val/n02415577/ILSVRC2012_val_00017917.JPEG,2,2.0069953702914063,0.0003721021639648825,0.12078758978936477,0.8652776632883719,0.18964322243250203,46615
1346,/home/projects/bagon/shared/imagenet512/val/n04356056/ILSVRC2012_val_00013325.JPEG,67,6.853528090519831,0.0009952597320079803,0.17988870543708776,0.9971761615827295,0.18940019369808148,46619
1347,/home/projects/bagon/shared/imagenet512/val/n04357314/ILSVRC2012_val_00026569.JPEG,2,2.9615276774857193,0.0005420169327408075,0.19244149729253518,0.9477074478179652,0.20723775323524612,46625
1348,/home/projects/bagon/shared/imagenet512/val/n03450230/ILSVRC2012_val_00029850.JPEG,3,1.9362406730315342,8.22540732769994e-06,0.13310467668251158,0.6611943263038802,0.12225632976123,46627
1349,/home/projects/bagon/shared/imagenet512/val/n03895866/ILSVRC2012_val_00004809.JPEG,3,5.394451126281638,0.0006226746481843293,0.22970637622757564,0.9899789876728164,0.15672079887443735,46638
1350,/home/projects/bagon/shared/imagenet512/val/n03045698/ILSVRC2012_val_00026552.JPEG,24,6.489473362977151,0.0009712031460367143,0.19410056560963995,0.9972183024638267,0.10247491825778798,46650
1351,/home/projects/bagon/shared/imagenet512/val/n04532670/ILSVRC2012_val_00044782.JPEG,18,3.395542869460769,0.0009527434594929218,0.15410719726826883,0.9641843582719211,0.1135870624596155,46658
1352,/home/projects/bagon/shared/imagenet512/val/n02493509/ILSVRC2012_val_00021679.JPEG,18,1.288446748512797,0.0009982370538637042,0.09402604183555763,0.7056726992645559,0.1059243562446561,46663
1353,/home/projects/bagon/shared/imagenet512/val/n03062245/ILSVRC2012_val_00036404.JPEG,2,3.1800235508071637,1.8954096958623268e-05,0.15983075784186013,0.958395685033472,0.12245750151870015,46672
1354,/home/projects/bagon/shared/imagenet512/val/n02840245/ILSVRC2012_val_00042130.JPEG,2,1.0786105340448557,0.00010382589971413836,0.10111087425417373,0.6597932774764816,0.13844383601813576,46673
1355,/home/projects/bagon/shared/imagenet512/val/n03692522/ILSVRC2012_val_00032694.JPEG,29,6.382193220430054,0.0009983561467379332,0.1548224471973,0.996845669803693,0.15534276457330717,46679
1356,/home/projects/bagon/shared/imagenet512/val/n04525038/ILSVRC2012_val_00023329.JPEG,2,3.3965480327605917,2.3841855067985307e-07,0.18974363990977514,0.9665110412149409,0.05703459381062473,46692
1357,/home/projects/bagon/shared/imagenet512/val/n02109961/ILSVRC2012_val_00006059.JPEG,144,1.5611689438810572,0.0009941878961399198,0.08981990024289033,0.5128917857848131,0.34799066972718673,46696
1358,/home/projects/bagon/shared/imagenet512/val/n02119789/ILSVRC2012_val_00001260.JPEG,73,2.258581803413108,0.0009927588980644941,0.09649479749760857,0.8659345452696748,0.020102524685409538,46707
1359,/home/projects/bagon/shared/imagenet512/val/n02443114/ILSVRC2012_val_00048525.JPEG,19,1.2073268595268019,0.0009717986104078591,0.09120170010933507,0.6759730125304797,0.020653517079159738,46721
1360,/home/projects/bagon/shared/imagenet512/val/n03787032/ILSVRC2012_val_00026132.JPEG,24,1.6519616708392277,0.0009884715545922518,0.10360914496702692,0.7974500307512542,0.09126084246565846,46725
1361,/home/projects/bagon/shared/imagenet512/val/n02837789/ILSVRC2012_val_00007559.JPEG,39,10.293675136519596,0.0009860896971076727,0.2543662135493043,0.9990476802362509,0.18501689388909998,46730
1362,/home/projects/bagon/shared/imagenet512/val/n04263257/ILSVRC2012_val_00040481.JPEG,61,3.7719180105486885,0.0009990707039833069,0.18135716980098962,0.9728064577864327,0.27283461570660017,46736
1363,/home/projects/bagon/shared/imagenet512/val/n02979186/ILSVRC2012_val_00014287.JPEG,110,1.8540197547990829,0.000992877990938723,0.09520344332336603,0.707240025824154,0.31733723770013444,46758
1364,/home/projects/bagon/shared/imagenet512/val/n04008634/ILSVRC2012_val_00037967.JPEG,104,1.6602143418276682,0.0009976415894925594,0.08971883918708586,0.6536210505244863,0.08565871308389084,46765
1365,/home/projects/bagon/shared/imagenet512/val/n02113624/ILSVRC2012_val_00016805.JPEG,56,2.0115454936167225,0.0009883524617180228,0.1388794688406209,0.8506712305268338,0.04891216478038706,46773
1366,/home/projects/bagon/shared/imagenet512/val/n13054560/ILSVRC2012_val_00036596.JPEG,2,0.4007375831788522,3.0278701160568744e-05,0.06288667222377838,0.3301237491607028,0.05634158898029015,46776
1367,/home/projects/bagon/shared/imagenet512/val/n03843555/ILSVRC2012_val_00046120.JPEG,3,6.619965442834655,0.00038258862332440913,0.3237500238946858,0.9981863992427472,0.0872016796190623,46786
1368,/home/projects/bagon/shared/imagenet512/val/n04208210/ILSVRC2012_val_00014894.JPEG,3,8.317185369582148,7.116541382856667e-05,0.20955223134444703,0.9996067097021026,0.13747940272982662,46787
1369,/home/projects/bagon/shared/imagenet512/val/n03710637/ILSVRC2012_val_00016626.JPEG,140,1.3519499531248584,0.0009952597320079803,0.08318709110701925,0.44629726295085964,0.2418851896146458,46790
1370,/home/projects/bagon/shared/imagenet512/val/n07920052/ILSVRC2012_val_00020352.JPEG,9,0.2374738035723567,0.0009970461251214147,0.03733546508468237,0.203268765471636,0.15661013621353087,46802
1371,/home/projects/bagon/shared/imagenet512/val/n01990800/ILSVRC2012_val_00041213.JPEG,2,8.053933954884997,0.0002153879904653877,0.20159011244492647,0.9994691147516118,0.06449292463682206,46804
1372,/home/projects/bagon/shared/imagenet512/val/n03759954/ILSVRC2012_val_00007409.JPEG,5,16.937415361362582,9.179073458653875e-06,0.5584422446627437,0.9967065833789543,0.17800018166703888,46813
1373,/home/projects/bagon/shared/imagenet512/val/n03983396/ILSVRC2012_val_00028328.JPEG,20,4.4829195363563485,0.0009760859538801014,0.19712083627106644,0.9875229279481437,0.10113248070669387,46825
1374,/home/projects/bagon/shared/imagenet512/val/n02017213/ILSVRC2012_val_00042376.JPEG,23,7.387845192686655,0.0009976415894925594,0.28835294066613665,0.9983750135342114,0.04450565732226724,46829
1375,/home/projects/bagon/shared/imagenet512/val/n02676566/ILSVRC2012_val_00039740.JPEG,56,7.679359627421945,0.0009859706042334437,0.20878295406507938,0.9983213690570012,0.028983813078100128,46856
1376,/home/projects/bagon/shared/imagenet512/val/n04209133/ILSVRC2012_val_00046639.JPEG,30,6.315870901511516,0.0009742995607666671,0.21878522954258242,0.9970769640566739,0.15469305834329833,46857
1377,/home/projects/bagon/shared/imagenet512/val/n03998194/ILSVRC2012_val_00049806.JPEG,3,10.752979736425914,0.0003122795606032014,0.28089241335355486,0.9998104306802541,0.18407918418935446,46858
1378,/home/projects/bagon/shared/imagenet512/val/n04270147/ILSVRC2012_val_00024034.JPEG,3,7.4595584222406615,0.0003597089380491525,0.30040801026004216,0.8637766834195651,0.24798686149844,46866
1379,/home/projects/bagon/shared/imagenet512/val/n03131574/ILSVRC2012_val_00022199.JPEG,3,2.6521273255348135,1.1920928244535389e-07,0.17931341718933608,0.8973963613017332,0.11991342253259532,46870
1380,/home/projects/bagon/shared/imagenet512/val/n02909870/ILSVRC2012_val_00007724.JPEG,2,3.5441049043438397,0.0005451146862469614,0.16779406249909706,0.9705698254946524,0.3958471497569841,46884
1381,/home/projects/bagon/shared/imagenet512/val/n03146219/ILSVRC2012_val_00028726.JPEG,71,7.49752129544504,0.0009999042376875877,0.31058461856048913,0.9980926985751906,0.4042257742260818,46886
1382,/home/projects/bagon/shared/imagenet512/val/n02769748/ILSVRC2012_val_00019321.JPEG,44,8.033979023457505,0.0009884715545922518,0.18854117954763888,0.9986554556786893,0.05877102036753998,46896
1383,/home/projects/bagon/shared/imagenet512/val/n07718472/ILSVRC2012_val_00025981.JPEG,2,1.6725740431284066,1.7046782886609435e-05,0.1550526606062112,0.8122167066930481,0.27780342440631656,46913
1384,/home/projects/bagon/shared/imagenet512/val/n04597913/ILSVRC2012_val_00006723.JPEG,10,3.466623611631803,0.0009990707039833069,0.16887585254561013,0.9675650862242025,0.09401637337632253,46931
1385,/home/projects/bagon/shared/imagenet512/val/n02871525/ILSVRC2012_val_00041619.JPEG,4,6.092599612544291,0.0006503135664388537,0.313878732174559,0.9943619129430739,0.17271948632311065,46943
1386,/home/projects/bagon/shared/imagenet512/val/n02325366/ILSVRC2012_val_00025889.JPEG,20,8.488507253467105,0.000966915744356811,0.3439489962013908,0.8621547261377337,0.14869312048385352,46953
1387,/home/projects/bagon/shared/imagenet512/val/n02974003/ILSVRC2012_val_00014292.JPEG,37,3.7431001536315307,0.0009833505610004067,0.14766196558004768,0.973046838801571,0.1384473725939765,46961
1388,/home/projects/bagon/shared/imagenet512/val/n03498962/ILSVRC2012_val_00013140.JPEG,2,3.161881325944705,5.8053239627042785e-05,0.1796271187031587,0.9575936865313676,0.13585191978806488,46970
1389,/home/projects/bagon/shared/imagenet512/val/n04355933/ILSVRC2012_val_00039909.JPEG,98,2.9853117374004796,0.000993354362435639,0.17361429238364634,0.9232627327641614,0.1406977471747089,46973
1390,/home/projects/bagon/shared/imagenet512/val/n02165105/ILSVRC2012_val_00048224.JPEG,49,6.984198241494596,0.0009895433904603124,0.31743859770074817,0.9977328940347366,0.11929277636289118,46985
1391,/home/projects/bagon/shared/imagenet512/val/n04557648/ILSVRC2012_val_00019201.JPEG,2,5.590312123114927,1.9192511899746023e-05,0.2765906061130372,0.9962468324845781,0.08872907582994258,46993
1392,/home/projects/bagon/shared/imagenet512/val/n02747177/ILSVRC2012_val_00028319.JPEG,27,11.763852794189006,0.000985375139862299,0.36970996979690557,0.997545704280981,0.5024685743110753,47015
1393,/home/projects/bagon/shared/imagenet512/val/n02504458/ILSVRC2012_val_00030840.JPEG,3,2.0633650416239107,3.421248038648628e-05,0.16325149596893604,0.8175415287540265,0.11121317529130655,47034
1394,/home/projects/bagon/shared/imagenet512/val/n04591713/ILSVRC2012_val_00019154.JPEG,14,7.742435760621447,0.0009733468177728355,0.39877076930558164,0.9986193302355977,0.0841404718393892,47037
1395,/home/projects/bagon/shared/imagenet512/val/n03814639/ILSVRC2012_val_00002650.JPEG,4,14.268926611490315,0.00013410145766101778,0.47743115699224187,0.9995424754663575,0.2948470193840409,47048
1396,/home/projects/bagon/shared/imagenet512/val/n03929660/ILSVRC2012_val_00036513.JPEG,4,4.609682072594296,0.0008490057080052793,0.3620603439643717,0.9893721705792732,0.07252665386959235,47055
1397,/home/projects/bagon/shared/imagenet512/val/n02104029/ILSVRC2012_val_00045545.JPEG,3,6.336982424851158,9.142934868577868e-05,0.36646796492686545,0.5428976511824706,0.3528789227863828,47065
1398,/home/projects/bagon/shared/imagenet512/val/n02168699/ILSVRC2012_val_00028427.JPEG,2,2.4535123066671076,9.285972191719338e-05,0.16425696339963555,0.9139083588620046,0.11152310062093312,47089
1399,/home/projects/bagon/shared/imagenet512/val/n03888605/ILSVRC2012_val_00033964.JPEG,2,1.4388369720545597,0.0003983181086368859,0.10255220220983426,0.7623077449702553,0.11023519451668931,47106
1400,/home/projects/bagon/shared/imagenet512/val/n04037443/ILSVRC2012_val_00019812.JPEG,40,0.7327599297277629,0.0009927588980644941,0.09972324746002034,0.44164728717170343,0.11793683721603165,47108
1401,/home/projects/bagon/shared/imagenet512/val/n09399592/ILSVRC2012_val_00032757.JPEG,77,2.424446689663455,0.0009910915978252888,0.17159117119026995,0.8755124119253057,0.2674929454694001,47109
1402,/home/projects/bagon/shared/imagenet512/val/n04192698/ILSVRC2012_val_00000232.JPEG,3,6.638906765787397,0.0004138090298511088,0.284140774043955,0.9980309580260434,0.24686390666391556,47117
1403,/home/projects/bagon/shared/imagenet512/val/n02097298/ILSVRC2012_val_00017537.JPEG,3,1.6414410155048245,6.139089964563027e-05,0.17381244887049105,0.7927179655927047,0.1514401747797106,47135
1404,/home/projects/bagon/shared/imagenet512/val/n02794156/ILSVRC2012_val_00022041.JPEG,58,7.178815208608285,0.0009818024700507522,0.20016706391495243,0.9980226930383889,0.05021957468414603,47142
1405,/home/projects/bagon/shared/imagenet512/val/n04370456/ILSVRC2012_val_00007413.JPEG,2,4.171828498248942,0.0005085367010906339,0.17775289870291924,0.9840709283438585,0.08894711294438712,47150
1406,/home/projects/bagon/shared/imagenet512/val/n03877472/ILSVRC2012_val_00003443.JPEG,2,3.40108895242156,3.45700973412022e-05,0.18881956611175416,0.9666273073612277,0.150698064370562,47151
1407,/home/projects/bagon/shared/imagenet512/val/n01984695/ILSVRC2012_val_00043359.JPEG,33,4.050725944922306,0.0009885906474664807,0.21939601553590588,0.9777214189019839,0.08605185168864335,47165
1408,/home/projects/bagon/shared/imagenet512/val/n03793489/ILSVRC2012_val_00029924.JPEG,3,6.981092810630798,0.0,0.29129891429147764,0.9979083943368581,0.27969547043171383,47168
1409,/home/projects/bagon/shared/imagenet512/val/n02105505/ILSVRC2012_val_00007246.JPEG,7,2.7480112485936843,0.0009083197801373899,0.17826364319474355,0.9346191367819389,0.0417723784043382,47171
1410,/home/projects/bagon/shared/imagenet512/val/n02808440/ILSVRC2012_val_00013900.JPEG,87,1.2048413007287309,0.000990257947705686,0.08210139543534671,0.5970434194636246,0.17754489225353196,47172
1411,/home/projects/bagon/shared/imagenet512/val/n02877765/ILSVRC2012_val_00032877.JPEG,36,7.861641023657285,0.0009859706042334437,0.15702299982285386,0.9985918953226114,0.03332504261805319,47173
1412,/home/projects/bagon/shared/imagenet512/val/n01601694/ILSVRC2012_val_00021656.JPEG,2,3.494930744168869,2.145764938177308e-06,0.18679772535041494,0.969646912983653,0.26698264759365264,47189
1413,/home/projects/bagon/shared/imagenet512/val/n03874599/ILSVRC2012_val_00007293.JPEG,22,3.4035378199769184,0.0009956170106306672,0.17522033993391284,0.9645220642907243,0.056439859671467446,47212
1414,/home/projects/bagon/shared/imagenet512/val/n02981792/ILSVRC2012_val_00009253.JPEG,87,2.0886399431619793,0.0009940688032656908,0.09994618969247991,0.8231782343630145,0.07571049687475101,47214
1415,/home/projects/bagon/shared/imagenet512/val/n04286575/ILSVRC2012_val_00034493.JPEG,16,3.447572950157337,0.0009951406391337514,0.2005904638420614,0.9658758287349691,0.11349826313894852,47220
1416,/home/projects/bagon/shared/imagenet512/val/n04560804/ILSVRC2012_val_00048064.JPEG,67,4.6881044812034816,0.0009910915978252888,0.15733906418965213,0.9857807138459959,0.07925492684876678,47222
1417,/home/projects/bagon/shared/imagenet512/val/n01756291/ILSVRC2012_val_00043916.JPEG,73,7.41204080125317,0.0009996660519391298,0.2558043788429227,0.9980958864415302,0.10810039175823374,47227
1418,/home/projects/bagon/shared/imagenet512/val/n03220513/ILSVRC2012_val_00033270.JPEG,37,3.2061670364346355,0.0009814451914280653,0.14464558848551598,0.953307817364769,0.06886895899569054,47236
1419,/home/projects/bagon/shared/imagenet512/val/n04264628/ILSVRC2012_val_00025138.JPEG,147,8.404365646303631,0.0009977606823667884,0.21892334964871585,0.9989013020888786,0.2284732411907049,47241
1420,/home/projects/bagon/shared/imagenet512/val/n04008634/ILSVRC2012_val_00026599.JPEG,137,1.9081485173664987,0.0009922825265675783,0.0999496655354422,0.6720354685621047,0.37574252606511094,47249
1421,/home/projects/bagon/shared/imagenet512/val/n01749939/ILSVRC2012_val_00009059.JPEG,71,1.3453105374937877,0.0009914488764479756,0.08640690789430423,0.6785106233638528,0.12549955092668133,47257
1422,/home/projects/bagon/shared/imagenet512/val/n02107908/ILSVRC2012_val_00009877.JPEG,66,2.1384664165088907,0.0009995469590649009,0.11163934987674731,0.8274218796812733,0.3119795599685238,47285
1423,/home/projects/bagon/shared/imagenet512/val/n04350905/ILSVRC2012_val_00007902.JPEG,54,5.952056862413883,0.0009956170106306672,0.2817502669450922,0.9964796348190189,0.35880008045124057,47299
1424,/home/projects/bagon/shared/imagenet512/val/n03372029/ILSVRC2012_val_00013537.JPEG,4,5.5660973123740405,0.00036423723213374615,0.3091829854951121,0.993440100064229,0.11734651092068071,47318
1425,/home/projects/bagon/shared/imagenet512/val/n02109961/ILSVRC2012_val_00024226.JPEG,93,6.346018005395308,0.000996331567876041,0.24591384026403573,0.9790168170757344,0.20094844788080857,47323
1426,/home/projects/bagon/shared/imagenet512/val/n07892512/ILSVRC2012_val_00043894.JPEG,16,2.315172157716006,0.000990496133454144,0.13332356863498118,0.8978758416143103,0.038882681968196595,47332
1427,/home/projects/bagon/shared/imagenet512/val/n03782006/ILSVRC2012_val_00024976.JPEG,70,3.9057636599754915,0.000993830617517233,0.12279217713009222,0.9655829082773505,0.09269478663527245,47333
1428,/home/projects/bagon/shared/imagenet512/val/n04523525/ILSVRC2012_val_00001798.JPEG,15,0.8589436807669699,0.0009956170106306672,0.08652143604589502,0.5677175001449066,0.06550006356088853,47341
1429,/home/projects/bagon/shared/imagenet512/val/n02814860/ILSVRC2012_val_00028727.JPEG,2,3.0099953275494045,0.0001658063702052459,0.15088179153472123,0.9505355471741969,0.05473430406582106,47342
1430,/home/projects/bagon/shared/imagenet512/val/n03691459/ILSVRC2012_val_00037730.JPEG,42,12.978160563739948,0.0009896624833345413,0.22430940310256575,0.9996859647305124,0.13813244951255163,47347
1431,/home/projects/bagon/shared/imagenet512/val/n09399592/ILSVRC2012_val_00038398.JPEG,90,3.847391560790129,0.0009952597320079803,0.15053890889164173,0.9690155371982822,0.10305752310420085,47356
1432,/home/projects/bagon/shared/imagenet512/val/n03950228/ILSVRC2012_val_00049774.JPEG,68,2.940720377024263,0.0009871615329757333,0.13427607826800236,0.9289268916112068,0.20750221606573666,47362
1433,/home/projects/bagon/shared/imagenet512/val/n03272010/ILSVRC2012_val_00006373.JPEG,6,1.580447833170183,0.0009833505610004067,0.18980198363185813,0.7920462633562488,0.09105045424446409,47368
1434,/home/projects/bagon/shared/imagenet512/val/n02979186/ILSVRC2012_val_00002034.JPEG,103,2.2068048275541514,0.0009883524617180228,0.10191890610386962,0.686887204362743,0.051329134571269606,47380
1435,/home/projects/bagon/shared/imagenet512/val/n03197337/ILSVRC2012_val_00020267.JPEG,30,2.3558637354290113,0.000993592431768775,0.12316012457992317,0.8950171769092259,0.03202974928699147,47384
1436,/home/projects/bagon/shared/imagenet512/val/n04004767/ILSVRC2012_val_00041807.JPEG,8,2.0764081104425713,0.0009785869624465704,0.20993946916639633,0.5623985805915399,0.1783441408963377,47411
1437,/home/projects/bagon/shared/imagenet512/val/n03770679/ILSVRC2012_val_00031088.JPEG,2,4.324594718054868,0.00019000156316906214,0.19937285569459137,0.9865694373765459,0.1888136406328621,47419
1438,/home/projects/bagon/shared/imagenet512/val/n02018207/ILSVRC2012_val_00001165.JPEG,2,3.583303211031307,6.460934673668817e-05,0.1694292394255213,0.9721501007088572,0.04654850602472659,47420
1439,/home/projects/bagon/shared/imagenet512/val/n03207941/ILSVRC2012_val_00038108.JPEG,2,2.9377212925464846,0.00039772229501977563,0.16735563518060903,0.9466059141278816,0.11429024138727562,47433
1440,/home/projects/bagon/shared/imagenet512/val/n09421951/ILSVRC2012_val_00030176.JPEG,8,10.34562955837464,0.0009617946925573051,0.5281970073586488,0.9903355667406701,0.0888375970108129,47444
1441,/home/projects/bagon/shared/imagenet512/val/n04548280/ILSVRC2012_val_00048471.JPEG,2,0.938770379521884,0.0002603192115202546,0.13672272114887077,0.6085314366033339,0.16883227823603053,47458
1442,/home/projects/bagon/shared/imagenet512/val/n02966687/ILSVRC2012_val_00019916.JPEG,32,4.91734646318946,0.0009921634336933494,0.15868501225142073,0.9913806434306153,0.1855218766789073,47460
1443,/home/projects/bagon/shared/imagenet512/val/n01756291/ILSVRC2012_val_00041994.JPEG,76,8.108214148902334,0.0009873997187241912,0.22734548673714022,0.9984227183368483,0.4039524159458392,47506
1444,/home/projects/bagon/shared/imagenet512/val/n03125729/ILSVRC2012_val_00015803.JPEG,70,8.706245623179711,0.000998951611109078,0.27041145802181343,0.9993759618286708,0.04827993088110634,47507
1445,/home/projects/bagon/shared/imagenet512/val/n03325584/ILSVRC2012_val_00031047.JPEG,2,5.3198348283765995,5.960462772236497e-07,0.42270531660320815,0.9951058594911611,0.09631589796136719,47525
1446,/home/projects/bagon/shared/imagenet512/val/n02837789/ILSVRC2012_val_00024370.JPEG,17,8.876447008107789,0.0009946642676368356,0.4441356027224305,0.9839581802690933,0.08667215555623684,47531
1447,/home/projects/bagon/shared/imagenet512/val/n03291819/ILSVRC2012_val_00003514.JPEG,20,3.380301711265929,0.000996212475001812,0.38159898217358584,0.9616708902966569,0.269579756524599,47534
1448,/home/projects/bagon/shared/imagenet512/val/n02120505/ILSVRC2012_val_00049125.JPEG,3,6.817744483152637,0.00014375607133843005,0.3486204509299021,0.9843409164064523,0.052964377303025445,47542
1449,/home/projects/bagon/shared/imagenet512/val/n04154565/ILSVRC2012_val_00002631.JPEG,33,5.3149044218007475,0.0009869233472272754,0.16665029828443664,0.9936639210714221,0.34373172830095444,47547
1450,/home/projects/bagon/shared/imagenet512/val/n02119022/ILSVRC2012_val_00039745.JPEG,74,1.7292727708118036,0.000993711524643004,0.08767367007422912,0.7574653781038189,0.08542889744726197,47562
1451,/home/projects/bagon/shared/imagenet512/val/n04336792/ILSVRC2012_val_00048036.JPEG,3,15.119733571518736,3.123234637314454e-05,0.5608949927749431,0.9997359460567923,0.0439481536093648,47564
1452,/home/projects/bagon/shared/imagenet512/val/n02834397/ILSVRC2012_val_00011752.JPEG,3,10.891200006007807,8.344646857949556e-07,0.22017558123473077,0.9999627213472626,0.31298877730520797,47573
1453,/home/projects/bagon/shared/imagenet512/val/n03908618/ILSVRC2012_val_00049972.JPEG,47,6.180425789440051,0.0009884715545922518,0.17613507708508555,0.9965331354115492,0.09192143519445009,47578
1454,/home/projects/bagon/shared/imagenet512/val/n04372370/ILSVRC2012_val_00047334.JPEG,2,4.404130433860701,0.0007257211836986244,0.17242348764288162,0.9870583208553614,0.09742804367295485,47580
1455,/home/projects/bagon/shared/imagenet512/val/n02119789/ILSVRC2012_val_00021730.JPEG,2,1.5611079631489702,0.0005461869877763093,0.11224694914470956,0.7894422826985599,0.14375084725503412,47593
1456,/home/projects/bagon/shared/imagenet512/val/n04263257/ILSVRC2012_val_00044538.JPEG,27,4.385530584375374,0.00099323526956141,0.19677671141042075,0.9854199195548533,0.09978640815078446,47604
1457,/home/projects/bagon/shared/imagenet512/val/n02454379/ILSVRC2012_val_00015170.JPEG,3,9.628758907315614,2.264974000354414e-06,0.3592238481373967,0.9998073954612244,0.24139462701608877,47629
1458,/home/projects/bagon/shared/imagenet512/val/n03977966/ILSVRC2012_val_00015758.JPEG,7,1.0147219145437703,0.0009943069890141487,0.08021523838662636,0.5811049274791313,0.03922376191429987,47638
1459,/home/projects/bagon/shared/imagenet512/val/n01981276/ILSVRC2012_val_00049981.JPEG,2,3.2548952092183754,4.577531944960356e-05,0.19400974397903095,0.9613676886808736,0.1520793895714548,47654
1460,/home/projects/bagon/shared/imagenet512/val/n03180011/ILSVRC2012_val_00036393.JPEG,58,3.0239010349614546,0.0009918061550706625,0.16101090154843462,0.9319272212888597,0.10614372121278647,47656
1461,/home/projects/bagon/shared/imagenet512/val/n04209239/ILSVRC2012_val_00040307.JPEG,3,7.81966829295834,9.059865078597795e-06,0.42860332679421936,0.9942331014105888,0.06891825406028107,47685
1462,/home/projects/bagon/shared/imagenet512/val/n02137549/ILSVRC2012_val_00036537.JPEG,3,8.539117097846884,3.933898824470816e-06,0.3071641028218736,0.9991968355617297,0.06700410908029877,47690
1463,/home/projects/bagon/shared/imagenet512/val/n02526121/ILSVRC2012_val_00000933.JPEG,5,24.26289761066431,3.576278118089249e-07,0.6020258174888875,0.9950438861314056,0.7522677018482151,47693
1464,/home/projects/bagon/shared/imagenet512/val/n07930864/ILSVRC2012_val_00037077.JPEG,44,3.3821665063733235,0.0009958551963791251,0.15987402085588004,0.959070315823624,0.06416690352372036,47699
1465,/home/projects/bagon/shared/imagenet512/val/n01641577/ILSVRC2012_val_00034226.JPEG,3,6.477549433537206,1.847726889536716e-05,0.38835005471173073,0.8748776867825044,0.3260497869527017,47700
1466,/home/projects/bagon/shared/imagenet512/val/n02815834/ILSVRC2012_val_00027232.JPEG,4,35.379430294036865,0.0,1.0187298584038555,0.9999997675425223,0.268612782820725,47703
1467,/home/projects/bagon/shared/imagenet512/val/n03697007/ILSVRC2012_val_00013144.JPEG,2,2.7702605724334433,2.3841855067985307e-07,0.21574857238827722,0.9373540556362562,0.047055722135391484,47707
1468,/home/projects/bagon/shared/imagenet512/val/n03291819/ILSVRC2012_val_00025948.JPEG,3,3.273683125793468,0.0006591292913071811,0.18987050211039955,0.9610256477788571,0.09694251698112927,47728
1469,/home/projects/bagon/shared/imagenet512/val/n03838899/ILSVRC2012_val_00021762.JPEG,2,3.0346111001781537,0.00010716341057559475,0.16839876476101875,0.9517945379372654,0.1388085938195199,47736
1470,/home/projects/bagon/shared/imagenet512/val/n03690938/ILSVRC2012_val_00017504.JPEG,89,3.093520497204736,0.0009970461251214147,0.12680564096637592,0.8839403824291221,0.20098274358273094,47745
1471,/home/projects/bagon/shared/imagenet512/val/n03793489/ILSVRC2012_val_00022389.JPEG,30,5.985449937754311,0.0009920443408191204,0.23114215065631044,0.99638112321506,0.14013672198123192,47764
1472,/home/projects/bagon/shared/imagenet512/val/n01980166/ILSVRC2012_val_00035169.JPEG,4,10.686230892588355,5.638440416078083e-05,0.28004946463536945,0.9991798139187571,0.06309652538847607,47772
1473,/home/projects/bagon/shared/imagenet512/val/n07930864/ILSVRC2012_val_00033139.JPEG,45,4.09322240378242,0.000993354362435639,0.15422822709462206,0.9810488912472469,0.10298101960348943,47777
1474,/home/projects/bagon/shared/imagenet512/val/n04332243/ILSVRC2012_val_00008608.JPEG,19,5.6836233920184895,0.0009972843108698726,0.18711265515841538,0.9955729080382414,0.05563604530697152,47778
1475,/home/projects/bagon/shared/imagenet512/val/n03930313/ILSVRC2012_val_00044064.JPEG,2,4.267435193057281,2.9802276912960224e-06,0.3023450530404922,0.9859793102446771,0.18714051910307183,47786
1476,/home/projects/bagon/shared/imagenet512/val/n07836838/ILSVRC2012_val_00026528.JPEG,11,4.4476283880649135,0.0009470268851146102,0.20231242388264384,0.9874651720659051,0.222361832891761,47787
1477,/home/projects/bagon/shared/imagenet512/val/n03220513/ILSVRC2012_val_00046008.JPEG,4,17.233885503635975,0.00021455370006151497,0.45010046554318595,0.9999444711376639,0.05531716463648916,47801
1478,/home/projects/bagon/shared/imagenet512/val/n01774750/ILSVRC2012_val_00009462.JPEG,2,2.2989491151383845,0.000120751719805412,0.2313926135054335,0.8995228348377167,0.17516381004818907,47820
1479,/home/projects/bagon/shared/imagenet512/val/n03954731/ILSVRC2012_val_00029388.JPEG,9,5.850475959596224,0.0009414292871952057,0.25895318620127755,0.99614005687568,0.06754796705059338,47827
1480,/home/projects/bagon/shared/imagenet512/val/n03594945/ILSVRC2012_val_00018474.JPEG,3,8.263874292839319,0.0002422039397060871,0.2290333026023481,0.9994131639934696,0.11515179947842646,47834
1481,/home/projects/bagon/shared/imagenet512/val/n03657121/ILSVRC2012_val_00009467.JPEG,31,6.983948269044049,0.0009812070056796074,0.193527045918044,0.9980296300184777,0.14442306502537097,47837
1482,/home/projects/bagon/shared/imagenet512/val/n04296562/ILSVRC2012_val_00006930.JPEG,3,8.739009976385773,1.5497195136049413e-06,0.2756510593355021,0.9983866704700466,0.16963356405146723,47838
1483,/home/projects/bagon/shared/imagenet512/val/n01744401/ILSVRC2012_val_00033761.JPEG,36,5.5084891899023205,0.0009910915978252888,0.25037432611363775,0.9915547192605426,0.09119504810031775,47852
1484,/home/projects/bagon/shared/imagenet512/val/n04356056/ILSVRC2012_val_00023952.JPEG,83,3.1181788207031786,0.000996093382127583,0.2725971154489805,0.9192162145115882,0.1499053016099171,47856
1485,/home/projects/bagon/shared/imagenet512/val/n02493793/ILSVRC2012_val_00007725.JPEG,34,1.0729544163914397,0.0009956170106306672,0.08143755184583318,0.6355241195878651,0.09424475226615651,47860
1486,/home/projects/bagon/shared/imagenet512/val/n01697457/ILSVRC2012_val_00038188.JPEG,3,5.89986383892392,2.1219027985353023e-05,0.2905286557138662,0.9933173769145868,0.08410140085287343,47872
1487,/home/projects/bagon/shared/imagenet512/val/n04090263/ILSVRC2012_val_00013267.JPEG,29,5.142937160562724,0.0009896624833345413,0.25971560859845655,0.988567268927706,0.05293104676516304,47873
1488,/home/projects/bagon/shared/imagenet512/val/n04589890/ILSVRC2012_val_00033500.JPEG,3,6.485558091066196,5.531158240046352e-05,0.2609607231007671,0.9972702676842351,0.46250689446027926,47886
1489,/home/projects/bagon/shared/imagenet512/val/n01630670/ILSVRC2012_val_00032864.JPEG,5,6.8424726872108295,1.7523612768854946e-05,0.405971228693746,0.9493174565801433,0.089198695537456,47914
1490,/home/projects/bagon/shared/imagenet512/val/n02085620/ILSVRC2012_val_00011639.JPEG,14,13.899980846326798,0.0009276139317080379,0.40419797030418664,0.9989705730414888,0.16130844619122595,47926
1491,/home/projects/bagon/shared/imagenet512/val/n02782093/ILSVRC2012_val_00007205.JPEG,2,1.3271407913416624,0.00018308870494365692,0.21907950440694443,0.7345371257374487,0.05783223282200817,47930
1492,/home/projects/bagon/shared/imagenet512/val/n02233338/ILSVRC2012_val_00040914.JPEG,3,12.286550641029862,7.748573807475623e-06,0.4172144397079841,0.9998704056157496,0.24428113443765187,47940
1493,/home/projects/bagon/shared/imagenet512/val/n04485082/ILSVRC2012_val_00001409.JPEG,2,2.938130245922366,0.00016485285595990717,0.24570878257641957,0.9468688258314056,0.2987432183164686,47966
1494,/home/projects/bagon/shared/imagenet512/val/n03642806/ILSVRC2012_val_00002580.JPEG,71,2.422829325776547,0.000985017861239612,0.0928579643483784,0.8656444743817245,0.11621542440746313,47970
1495,/home/projects/bagon/shared/imagenet512/val/n03692522/ILSVRC2012_val_00004519.JPEG,13,6.058756820566487,0.0009550062823109329,0.2495959316454509,0.9969152046742362,0.2923718074055205,47971
1496,/home/projects/bagon/shared/imagenet512/val/n03866082/ILSVRC2012_val_00046877.JPEG,65,4.366883945767768,0.0009915679693222046,0.12936603350736395,0.9814153356963617,0.018749186015192182,47973
1497,/home/projects/bagon/shared/imagenet512/val/n03980874/ILSVRC2012_val_00005834.JPEG,6,3.4672460387228057,0.000998951611109078,0.1678789911295952,0.9676855598463855,0.21803574150896793,47989
1498,/home/projects/bagon/shared/imagenet512/val/n01917289/ILSVRC2012_val_00008087.JPEG,21,3.400306029827334,0.0009658439084887505,0.22753757367356817,0.9646149618317312,0.09292572906725237,47996
1499,/home/projects/bagon/shared/imagenet512/val/n07749582/ILSVRC2012_val_00022375.JPEG,15,1.2854814081219956,0.0009844223968684673,0.14757470713734935,0.7147485724252548,0.14312910054596933,48008
