2025-09-22 15:37:18,028 - INFO - Parsed arguments:
2025-09-22 15:37:18,028 - INFO -   amp_dtype = None
2025-09-22 15:37:18,028 - INFO -   bars_npy = /home/projects/bagon/andreyg/Projects/BMM_school/Universal_learning/Programming/bars/geq6wrong_21017_geq6correct_1525_imagenet.npy
2025-09-22 15:37:18,028 - INFO -   cka_layer_fraction = 0.05
2025-09-22 15:37:18,028 - INFO -   current_worker = 4
2025-09-22 15:37:18,028 - INFO -   deterministic = True
2025-09-22 15:37:18,028 - INFO -   device = cuda
2025-09-22 15:37:18,028 - INFO -   epsilon = 0.001
2025-09-22 15:37:18,028 - INFO -   examples_csv = /home/projects/bagon/andreyg/Projects/BMM_school/Universal_learning/Programming/bars/geq6wrong_21017_geq6correct_1525_imagenet_examples_ammended.csv
2025-09-22 15:37:18,028 - INFO -   explicit_examples_for_training = None
2025-09-22 15:37:18,029 - INFO -   grad_clip_norm = 1.0
2025-09-22 15:37:18,029 - INFO -   hierarchy_json = /home/projects/bagon/andreyg/Projects/BMM_school/Universal_learning/Programming/bars/imagenet_synset_hierarchy.json
2025-09-22 15:37:18,029 - INFO -   imagenet_models_csv = /home/projects/bagon/andreyg/Projects/BMM_school/Universal_learning/Programming/bars/imagenet_models.csv
2025-09-22 15:37:18,029 - INFO -   lr = 0.0001
2025-09-22 15:37:18,029 - INFO -   max_examples = 50000
2025-09-22 15:37:18,029 - INFO -   max_steps_per_example = 10000
2025-09-22 15:37:18,029 - INFO -   model_csv_name = convnext_tiny_224_classification_imagenet_12k_ft_classification_imagenet_1k
2025-09-22 15:37:18,029 - INFO -   model_name = convnext_tiny.in12k_ft_in1k
2025-09-22 15:37:18,029 - INFO -   no_amp = False
2025-09-22 15:37:18,029 - INFO -   num_workers = 8
2025-09-22 15:37:18,029 - INFO -   output_dir = /home/projects/bagon/andreyg/Projects/BMM_school/Universal_learning/Programming/training_gradient_evaluator_single_loss_parallel/output_parallel_8_workers
2025-09-22 15:37:18,029 - INFO -   root_dir = None
2025-09-22 15:37:18,029 - INFO -   seed = 1337
2025-09-22 15:37:18,029 - INFO -   time_limit_seconds = 6300
2025-09-22 15:37:18,029 - INFO -   weight_decay = 0.0
2025-09-22 15:37:18,029 - INFO -   zero_aug_train = False
2025-09-22 15:37:18,040 - INFO - Loaded 50000 examples in difficulty order
2025-09-22 15:37:19,306 - INFO - Loaded TIMM pretrained weights for convnext_tiny.in12k_ft_in1k
2025-09-22 15:37:19,306 - INFO - pretrained_cfg.url= hf_hub_id=timm/convnext_tiny.in12k_ft_in1k
2025-09-22 15:37:19,691 - INFO - Stored original model weights for reset
2025-09-22 15:37:19,693 - INFO - Training configuration:
2025-09-22 15:37:19,693 - INFO -   lr = 0.0001
2025-09-22 15:37:19,693 - INFO -   weight_decay = 0.0
2025-09-22 15:37:19,693 - INFO -   max_steps = 10000
2025-09-22 15:37:19,693 - INFO -   epsilon = 0.001
2025-09-22 15:37:19,693 - INFO -   device = cuda
2025-09-22 15:37:19,693 - INFO -   use_amp = True
2025-09-22 15:37:19,693 - INFO -   amp_dtype = bfloat16
2025-09-22 15:37:19,693 - INFO -   gradient_clip_norm = 1.0
2025-09-22 15:37:19,732 - INFO - Resolved model_csv_name='convnext_tiny_224_classification_imagenet_12k_ft_classification_imagenet_1k' to mask_row_index=258
2025-09-22 15:37:22,457 - INFO - Selected 6386 wrong examples for training (sorted by difficulty)
2025-09-22 15:37:22,458 - INFO - Worker 4/8 assigned range [3194, 3992) with 798 examples
2025-09-22 15:37:22,483 - INFO - 
=== Worker 4 Training Example 1/798 (global idx 3194): /home/projects/bagon/shared/imagenet512/val/n07932039/ILSVRC2012_val_00029971.JPEG ===
2025-09-22 15:37:42,348 - INFO - Example /home/projects/bagon/shared/imagenet512/val/n07932039/ILSVRC2012_val_00029971.JPEG reached epsilon at step 343, loss sum: 32.6470, final loss: 0.00097275, weight distance: 0.0195
2025-09-22 15:37:44,247 - INFO - Example 1 completed: 343 steps, loss sum: 32.6470, final loss: 0.00097275, weight distance: 0.0195 (universal rank: 45046)
2025-09-22 15:37:44,247 - INFO - 
=== Worker 4 Training Example 2/798 (global idx 3195): /home/projects/bagon/shared/imagenet512/val/n04591157/ILSVRC2012_val_00005426.JPEG ===
2025-09-22 15:39:51,408 - INFO - Example /home/projects/bagon/shared/imagenet512/val/n04591157/ILSVRC2012_val_00005426.JPEG reached epsilon at step 2432, loss sum: 420.4332, final loss: 0.00096130, weight distance: 0.0237
2025-09-22 15:39:53,695 - INFO - Example 2 completed: 2432 steps, loss sum: 420.4332, final loss: 0.00096130, weight distance: 0.0237 (universal rank: 45047)
2025-09-22 15:39:53,696 - INFO - 
=== Worker 4 Training Example 3/798 (global idx 3196): /home/projects/bagon/shared/imagenet512/val/n04355338/ILSVRC2012_val_00031308.JPEG ===
2025-09-22 15:40:14,704 - INFO - Example /home/projects/bagon/shared/imagenet512/val/n04355338/ILSVRC2012_val_00031308.JPEG reached epsilon at step 373, loss sum: 35.3961, final loss: 0.00097275, weight distance: 0.0196
2025-09-22 15:40:17,845 - INFO - Example 3 completed: 373 steps, loss sum: 35.3961, final loss: 0.00097275, weight distance: 0.0196 (universal rank: 45048)
2025-09-22 15:40:17,846 - INFO - 
=== Worker 4 Training Example 4/798 (global idx 3197): /home/projects/bagon/shared/imagenet512/val/n04435653/ILSVRC2012_val_00008528.JPEG ===
2025-09-22 15:40:30,485 - INFO - Example /home/projects/bagon/shared/imagenet512/val/n04435653/ILSVRC2012_val_00008528.JPEG reached epsilon at step 202, loss sum: 92.6147, final loss: 0.00097275, weight distance: 0.0144
2025-09-22 15:40:31,375 - INFO - Example 4 completed: 202 steps, loss sum: 92.6147, final loss: 0.00097275, weight distance: 0.0144 (universal rank: 45049)
2025-09-22 15:40:31,375 - INFO - 
=== Worker 4 Training Example 5/798 (global idx 3198): /home/projects/bagon/shared/imagenet512/val/n07714571/ILSVRC2012_val_00043273.JPEG ===
2025-09-22 15:40:49,265 - INFO - Example /home/projects/bagon/shared/imagenet512/val/n07714571/ILSVRC2012_val_00043273.JPEG reached epsilon at step 328, loss sum: 98.4399, final loss: 0.00099945, weight distance: 0.0212
2025-09-22 15:40:50,328 - INFO - Example 5 completed: 328 steps, loss sum: 98.4399, final loss: 0.00099945, weight distance: 0.0212 (universal rank: 45050)
2025-09-22 15:40:50,328 - INFO - 
=== Worker 4 Training Example 6/798 (global idx 3199): /home/projects/bagon/shared/imagenet512/val/n04376876/ILSVRC2012_val_00044486.JPEG ===
2025-09-22 15:40:57,779 - INFO - Example /home/projects/bagon/shared/imagenet512/val/n04376876/ILSVRC2012_val_00044486.JPEG reached epsilon at step 104, loss sum: 8.5515, final loss: 0.00099945, weight distance: 0.0063
2025-09-22 15:40:58,828 - INFO - Example 6 completed: 104 steps, loss sum: 8.5515, final loss: 0.00099945, weight distance: 0.0063 (universal rank: 45051)
2025-09-22 15:40:58,829 - INFO - 
=== Worker 4 Training Example 7/798 (global idx 3200): /home/projects/bagon/shared/imagenet512/val/n02939185/ILSVRC2012_val_00031452.JPEG ===
2025-09-22 15:41:15,056 - INFO - Example /home/projects/bagon/shared/imagenet512/val/n02939185/ILSVRC2012_val_00031452.JPEG reached epsilon at step 273, loss sum: 51.0101, final loss: 0.00094604, weight distance: 0.0164
2025-09-22 15:41:16,585 - INFO - Example 7 completed: 273 steps, loss sum: 51.0101, final loss: 0.00094604, weight distance: 0.0164 (universal rank: 45052)
2025-09-22 15:41:16,585 - INFO - 
=== Worker 4 Training Example 8/798 (global idx 3201): /home/projects/bagon/shared/imagenet512/val/n03216828/ILSVRC2012_val_00005968.JPEG ===
2025-09-22 15:41:39,673 - INFO - Example /home/projects/bagon/shared/imagenet512/val/n03216828/ILSVRC2012_val_00005968.JPEG reached epsilon at step 420, loss sum: 115.7658, final loss: 0.00099182, weight distance: 0.0236
2025-09-22 15:41:41,412 - INFO - Example 8 completed: 420 steps, loss sum: 115.7658, final loss: 0.00099182, weight distance: 0.0236 (universal rank: 45053)
2025-09-22 15:41:41,412 - INFO - 
=== Worker 4 Training Example 9/798 (global idx 3202): /home/projects/bagon/shared/imagenet512/val/n01630670/ILSVRC2012_val_00048295.JPEG ===
2025-09-22 15:42:13,913 - INFO - Example /home/projects/bagon/shared/imagenet512/val/n01630670/ILSVRC2012_val_00048295.JPEG reached epsilon at step 613, loss sum: 117.5374, final loss: 0.00096893, weight distance: 0.0341
2025-09-22 15:42:14,683 - INFO - Example 9 completed: 613 steps, loss sum: 117.5374, final loss: 0.00096893, weight distance: 0.0341 (universal rank: 45054)
2025-09-22 15:42:14,683 - INFO - 
=== Worker 4 Training Example 10/798 (global idx 3203): /home/projects/bagon/shared/imagenet512/val/n03461385/ILSVRC2012_val_00000372.JPEG ===
2025-09-22 15:42:36,366 - INFO - Example /home/projects/bagon/shared/imagenet512/val/n03461385/ILSVRC2012_val_00000372.JPEG reached epsilon at step 412, loss sum: 156.4182, final loss: 0.00097275, weight distance: 0.0285
2025-09-22 15:42:37,321 - INFO - Example 10 completed: 412 steps, loss sum: 156.4182, final loss: 0.00097275, weight distance: 0.0285 (universal rank: 45056)
2025-09-22 15:42:37,321 - INFO - 
=== Worker 4 Training Example 11/798 (global idx 3204): /home/projects/bagon/shared/imagenet512/val/n03047690/ILSVRC2012_val_00004108.JPEG ===
2025-09-22 15:43:09,322 - INFO - Example /home/projects/bagon/shared/imagenet512/val/n03047690/ILSVRC2012_val_00004108.JPEG reached epsilon at step 609, loss sum: 32.8783, final loss: 0.00094604, weight distance: 0.0255
2025-09-22 15:43:10,121 - INFO - Example 11 completed: 609 steps, loss sum: 32.8783, final loss: 0.00094604, weight distance: 0.0255 (universal rank: 45057)
2025-09-22 15:43:10,121 - INFO - 
=== Worker 4 Training Example 12/798 (global idx 3205): /home/projects/bagon/shared/imagenet512/val/n01694178/ILSVRC2012_val_00022997.JPEG ===
2025-09-22 15:43:27,023 - INFO - Example /home/projects/bagon/shared/imagenet512/val/n01694178/ILSVRC2012_val_00022997.JPEG reached epsilon at step 320, loss sum: 72.7464, final loss: 0.00099182, weight distance: 0.0185
2025-09-22 15:43:27,947 - INFO - Example 12 completed: 320 steps, loss sum: 72.7464, final loss: 0.00099182, weight distance: 0.0185 (universal rank: 45058)
2025-09-22 15:43:27,948 - INFO - 
=== Worker 4 Training Example 13/798 (global idx 3206): /home/projects/bagon/shared/imagenet512/val/n04081281/ILSVRC2012_val_00015832.JPEG ===
2025-09-22 15:43:50,353 - INFO - Example /home/projects/bagon/shared/imagenet512/val/n04081281/ILSVRC2012_val_00015832.JPEG reached epsilon at step 430, loss sum: 59.1847, final loss: 0.00097656, weight distance: 0.0255
2025-09-22 15:43:51,005 - INFO - Example 13 completed: 430 steps, loss sum: 59.1847, final loss: 0.00097656, weight distance: 0.0255 (universal rank: 45059)
2025-09-22 15:43:51,005 - INFO - 
=== Worker 4 Training Example 14/798 (global idx 3207): /home/projects/bagon/shared/imagenet512/val/n03476684/ILSVRC2012_val_00032145.JPEG ===
2025-09-22 15:44:15,191 - INFO - Example /home/projects/bagon/shared/imagenet512/val/n03476684/ILSVRC2012_val_00032145.JPEG reached epsilon at step 464, loss sum: 156.8000, final loss: 0.00099182, weight distance: 0.0301
2025-09-22 15:44:15,856 - INFO - Example 14 completed: 464 steps, loss sum: 156.8000, final loss: 0.00099182, weight distance: 0.0301 (universal rank: 45061)
2025-09-22 15:44:15,856 - INFO - 
=== Worker 4 Training Example 15/798 (global idx 3208): /home/projects/bagon/shared/imagenet512/val/n01734418/ILSVRC2012_val_00031390.JPEG ===
2025-09-22 15:44:37,256 - INFO - Example /home/projects/bagon/shared/imagenet512/val/n01734418/ILSVRC2012_val_00031390.JPEG reached epsilon at step 409, loss sum: 112.6672, final loss: 0.00099945, weight distance: 0.0264
2025-09-22 15:44:37,920 - INFO - Example 15 completed: 409 steps, loss sum: 112.6672, final loss: 0.00099945, weight distance: 0.0264 (universal rank: 45065)
2025-09-22 15:44:37,920 - INFO - 
=== Worker 4 Training Example 16/798 (global idx 3209): /home/projects/bagon/shared/imagenet512/val/n02669723/ILSVRC2012_val_00046320.JPEG ===
2025-09-22 15:45:10,915 - INFO - Example /home/projects/bagon/shared/imagenet512/val/n02669723/ILSVRC2012_val_00046320.JPEG reached epsilon at step 632, loss sum: 50.1453, final loss: 0.00098419, weight distance: 0.0293
2025-09-22 15:45:11,577 - INFO - Example 16 completed: 632 steps, loss sum: 50.1453, final loss: 0.00098419, weight distance: 0.0293 (universal rank: 45066)
2025-09-22 15:45:11,577 - INFO - 
=== Worker 4 Training Example 17/798 (global idx 3210): /home/projects/bagon/shared/imagenet512/val/n02727426/ILSVRC2012_val_00014240.JPEG ===
2025-09-22 15:45:44,868 - INFO - Example /home/projects/bagon/shared/imagenet512/val/n02727426/ILSVRC2012_val_00014240.JPEG reached epsilon at step 642, loss sum: 38.8592, final loss: 0.00097275, weight distance: 0.0330
2025-09-22 15:45:45,515 - INFO - Example 17 completed: 642 steps, loss sum: 38.8592, final loss: 0.00097275, weight distance: 0.0330 (universal rank: 45068)
2025-09-22 15:45:45,516 - INFO - 
=== Worker 4 Training Example 18/798 (global idx 3211): /home/projects/bagon/shared/imagenet512/val/n02110806/ILSVRC2012_val_00040381.JPEG ===
2025-09-22 15:46:22,623 - INFO - Example /home/projects/bagon/shared/imagenet512/val/n02110806/ILSVRC2012_val_00040381.JPEG reached epsilon at step 715, loss sum: 45.0333, final loss: 0.00098419, weight distance: 0.0322
2025-09-22 15:46:23,267 - INFO - Example 18 completed: 715 steps, loss sum: 45.0333, final loss: 0.00098419, weight distance: 0.0322 (universal rank: 45069)
2025-09-22 15:46:23,267 - INFO - 
=== Worker 4 Training Example 19/798 (global idx 3212): /home/projects/bagon/shared/imagenet512/val/n03180011/ILSVRC2012_val_00034300.JPEG ===
2025-09-22 15:47:11,628 - INFO - Example /home/projects/bagon/shared/imagenet512/val/n03180011/ILSVRC2012_val_00034300.JPEG reached epsilon at step 931, loss sum: 76.5835, final loss: 0.00095367, weight distance: 0.0414
2025-09-22 15:47:12,278 - INFO - Example 19 completed: 931 steps, loss sum: 76.5835, final loss: 0.00095367, weight distance: 0.0414 (universal rank: 45070)
2025-09-22 15:47:12,278 - INFO - 
=== Worker 4 Training Example 20/798 (global idx 3213): /home/projects/bagon/shared/imagenet512/val/n01981276/ILSVRC2012_val_00021241.JPEG ===
2025-09-22 15:47:42,233 - INFO - Example /home/projects/bagon/shared/imagenet512/val/n01981276/ILSVRC2012_val_00021241.JPEG reached epsilon at step 577, loss sum: 183.9261, final loss: 0.00096893, weight distance: 0.0301
2025-09-22 15:47:44,193 - INFO - Example 20 completed: 577 steps, loss sum: 183.9261, final loss: 0.00096893, weight distance: 0.0301 (universal rank: 45071)
2025-09-22 15:47:44,193 - INFO - 
=== Worker 4 Training Example 21/798 (global idx 3214): /home/projects/bagon/shared/imagenet512/val/n07684084/ILSVRC2012_val_00032674.JPEG ===
2025-09-22 15:48:16,496 - INFO - Example /home/projects/bagon/shared/imagenet512/val/n07684084/ILSVRC2012_val_00032674.JPEG reached epsilon at step 603, loss sum: 36.9426, final loss: 0.00099182, weight distance: 0.0309
2025-09-22 15:48:17,159 - INFO - Example 21 completed: 603 steps, loss sum: 36.9426, final loss: 0.00099182, weight distance: 0.0309 (universal rank: 45072)
2025-09-22 15:48:17,159 - INFO - 
=== Worker 4 Training Example 22/798 (global idx 3215): /home/projects/bagon/shared/imagenet512/val/n02233338/ILSVRC2012_val_00039550.JPEG ===
2025-09-22 15:48:38,659 - INFO - Example /home/projects/bagon/shared/imagenet512/val/n02233338/ILSVRC2012_val_00039550.JPEG reached epsilon at step 408, loss sum: 230.2131, final loss: 0.00099945, weight distance: 0.0202
2025-09-22 15:48:40,591 - INFO - Example 22 completed: 408 steps, loss sum: 230.2131, final loss: 0.00099945, weight distance: 0.0202 (universal rank: 45073)
2025-09-22 15:48:40,591 - INFO - 
=== Worker 4 Training Example 23/798 (global idx 3216): /home/projects/bagon/shared/imagenet512/val/n03710193/ILSVRC2012_val_00025673.JPEG ===
2025-09-22 15:48:53,996 - INFO - Example /home/projects/bagon/shared/imagenet512/val/n03710193/ILSVRC2012_val_00025673.JPEG reached epsilon at step 256, loss sum: 52.4428, final loss: 0.00096893, weight distance: 0.0150
2025-09-22 15:48:54,663 - INFO - Example 23 completed: 256 steps, loss sum: 52.4428, final loss: 0.00096893, weight distance: 0.0150 (universal rank: 45074)
2025-09-22 15:48:54,663 - INFO - 
=== Worker 4 Training Example 24/798 (global idx 3217): /home/projects/bagon/shared/imagenet512/val/n04418357/ILSVRC2012_val_00034027.JPEG ===
2025-09-22 15:49:04,125 - INFO - Example /home/projects/bagon/shared/imagenet512/val/n04418357/ILSVRC2012_val_00034027.JPEG reached epsilon at step 180, loss sum: 27.3829, final loss: 0.00099945, weight distance: 0.0120
2025-09-22 15:49:04,773 - INFO - Example 24 completed: 180 steps, loss sum: 27.3829, final loss: 0.00099945, weight distance: 0.0120 (universal rank: 45075)
2025-09-22 15:49:04,773 - INFO - 
=== Worker 4 Training Example 25/798 (global idx 3218): /home/projects/bagon/shared/imagenet512/val/n04542943/ILSVRC2012_val_00016069.JPEG ===
2025-09-22 15:49:22,055 - INFO - Example /home/projects/bagon/shared/imagenet512/val/n04542943/ILSVRC2012_val_00016069.JPEG reached epsilon at step 331, loss sum: 37.3291, final loss: 0.00097275, weight distance: 0.0200
2025-09-22 15:49:22,722 - INFO - Example 25 completed: 331 steps, loss sum: 37.3291, final loss: 0.00097275, weight distance: 0.0200 (universal rank: 45076)
2025-09-22 15:49:22,722 - INFO - 
=== Worker 4 Training Example 26/798 (global idx 3219): /home/projects/bagon/shared/imagenet512/val/n04356056/ILSVRC2012_val_00037040.JPEG ===
2025-09-22 15:49:51,928 - INFO - Example /home/projects/bagon/shared/imagenet512/val/n04356056/ILSVRC2012_val_00037040.JPEG reached epsilon at step 561, loss sum: 29.3514, final loss: 0.00098419, weight distance: 0.0290
2025-09-22 15:49:52,572 - INFO - Example 26 completed: 561 steps, loss sum: 29.3514, final loss: 0.00098419, weight distance: 0.0290 (universal rank: 45078)
2025-09-22 15:49:52,572 - INFO - 
=== Worker 4 Training Example 27/798 (global idx 3220): /home/projects/bagon/shared/imagenet512/val/n01491361/ILSVRC2012_val_00023935.JPEG ===
2025-09-22 15:50:52,665 - INFO - Example /home/projects/bagon/shared/imagenet512/val/n01491361/ILSVRC2012_val_00023935.JPEG reached epsilon at step 1157, loss sum: 234.8470, final loss: 0.00099945, weight distance: 0.0278
2025-09-22 15:50:53,343 - INFO - Example 27 completed: 1157 steps, loss sum: 234.8470, final loss: 0.00099945, weight distance: 0.0278 (universal rank: 45079)
2025-09-22 15:50:53,343 - INFO - 
=== Worker 4 Training Example 28/798 (global idx 3221): /home/projects/bagon/shared/imagenet512/val/n03291819/ILSVRC2012_val_00035328.JPEG ===
2025-09-22 15:51:10,738 - INFO - Example /home/projects/bagon/shared/imagenet512/val/n03291819/ILSVRC2012_val_00035328.JPEG reached epsilon at step 334, loss sum: 49.1451, final loss: 0.00097656, weight distance: 0.0170
2025-09-22 15:51:11,822 - INFO - Example 28 completed: 334 steps, loss sum: 49.1451, final loss: 0.00097656, weight distance: 0.0170 (universal rank: 45080)
2025-09-22 15:51:11,823 - INFO - 
=== Worker 4 Training Example 29/798 (global idx 3222): /home/projects/bagon/shared/imagenet512/val/n03642806/ILSVRC2012_val_00008787.JPEG ===
2025-09-22 15:51:35,990 - INFO - Example /home/projects/bagon/shared/imagenet512/val/n03642806/ILSVRC2012_val_00008787.JPEG reached epsilon at step 464, loss sum: 78.1079, final loss: 0.00094986, weight distance: 0.0262
2025-09-22 15:51:36,659 - INFO - Example 29 completed: 464 steps, loss sum: 78.1079, final loss: 0.00094986, weight distance: 0.0262 (universal rank: 45081)
2025-09-22 15:51:36,659 - INFO - 
=== Worker 4 Training Example 30/798 (global idx 3223): /home/projects/bagon/shared/imagenet512/val/n03902125/ILSVRC2012_val_00040702.JPEG ===
2025-09-22 15:51:59,997 - INFO - Example /home/projects/bagon/shared/imagenet512/val/n03902125/ILSVRC2012_val_00040702.JPEG reached epsilon at step 448, loss sum: 62.7747, final loss: 0.00097656, weight distance: 0.0166
2025-09-22 15:52:00,874 - INFO - Example 30 completed: 448 steps, loss sum: 62.7747, final loss: 0.00097656, weight distance: 0.0166 (universal rank: 45082)
2025-09-22 15:52:00,874 - INFO - 
=== Worker 4 Training Example 31/798 (global idx 3224): /home/projects/bagon/shared/imagenet512/val/n04275548/ILSVRC2012_val_00043164.JPEG ===
2025-09-22 15:52:16,273 - INFO - Example /home/projects/bagon/shared/imagenet512/val/n04275548/ILSVRC2012_val_00043164.JPEG reached epsilon at step 292, loss sum: 21.8902, final loss: 0.00094986, weight distance: 0.0168
2025-09-22 15:52:16,920 - INFO - Example 31 completed: 292 steps, loss sum: 21.8902, final loss: 0.00094986, weight distance: 0.0168 (universal rank: 45083)
2025-09-22 15:52:16,921 - INFO - 
=== Worker 4 Training Example 32/798 (global idx 3225): /home/projects/bagon/shared/imagenet512/val/n03764736/ILSVRC2012_val_00001770.JPEG ===
2025-09-22 15:53:27,543 - INFO - Example /home/projects/bagon/shared/imagenet512/val/n03764736/ILSVRC2012_val_00001770.JPEG reached epsilon at step 1354, loss sum: 32.3991, final loss: 0.00099182, weight distance: 0.0118
2025-09-22 15:53:28,211 - INFO - Example 32 completed: 1354 steps, loss sum: 32.3991, final loss: 0.00099182, weight distance: 0.0118 (universal rank: 45084)
2025-09-22 15:53:28,211 - INFO - 
=== Worker 4 Training Example 33/798 (global idx 3226): /home/projects/bagon/shared/imagenet512/val/n03483316/ILSVRC2012_val_00002351.JPEG ===
2025-09-22 15:54:05,112 - INFO - Example /home/projects/bagon/shared/imagenet512/val/n03483316/ILSVRC2012_val_00002351.JPEG reached epsilon at step 710, loss sum: 739.2539, final loss: 0.00094986, weight distance: 0.0165
2025-09-22 15:54:06,497 - INFO - Example 33 completed: 710 steps, loss sum: 739.2539, final loss: 0.00094986, weight distance: 0.0165 (universal rank: 45085)
2025-09-22 15:54:06,497 - INFO - 
=== Worker 4 Training Example 34/798 (global idx 3227): /home/projects/bagon/shared/imagenet512/val/n02128757/ILSVRC2012_val_00024910.JPEG ===
2025-09-22 15:54:26,331 - INFO - Example /home/projects/bagon/shared/imagenet512/val/n02128757/ILSVRC2012_val_00024910.JPEG reached epsilon at step 380, loss sum: 104.2912, final loss: 0.00095367, weight distance: 0.0214
2025-09-22 15:54:26,970 - INFO - Example 34 completed: 380 steps, loss sum: 104.2912, final loss: 0.00095367, weight distance: 0.0214 (universal rank: 45086)
2025-09-22 15:54:26,971 - INFO - 
=== Worker 4 Training Example 35/798 (global idx 3228): /home/projects/bagon/shared/imagenet512/val/n07920052/ILSVRC2012_val_00013375.JPEG ===
2025-09-22 15:54:54,715 - INFO - Example /home/projects/bagon/shared/imagenet512/val/n07920052/ILSVRC2012_val_00013375.JPEG reached epsilon at step 532, loss sum: 95.9580, final loss: 0.00097656, weight distance: 0.0311
2025-09-22 15:54:55,983 - INFO - Example 35 completed: 532 steps, loss sum: 95.9580, final loss: 0.00097656, weight distance: 0.0311 (universal rank: 45087)
2025-09-22 15:54:55,983 - INFO - 
=== Worker 4 Training Example 36/798 (global idx 3229): /home/projects/bagon/shared/imagenet512/val/n04090263/ILSVRC2012_val_00038216.JPEG ===
2025-09-22 15:55:13,783 - INFO - Example /home/projects/bagon/shared/imagenet512/val/n04090263/ILSVRC2012_val_00038216.JPEG reached epsilon at step 342, loss sum: 104.6328, final loss: 0.00097656, weight distance: 0.0216
2025-09-22 15:55:14,427 - INFO - Example 36 completed: 342 steps, loss sum: 104.6328, final loss: 0.00097656, weight distance: 0.0216 (universal rank: 45088)
2025-09-22 15:55:14,427 - INFO - 
=== Worker 4 Training Example 37/798 (global idx 3230): /home/projects/bagon/shared/imagenet512/val/n02105505/ILSVRC2012_val_00007059.JPEG ===
2025-09-22 15:55:42,596 - INFO - Example /home/projects/bagon/shared/imagenet512/val/n02105505/ILSVRC2012_val_00007059.JPEG reached epsilon at step 542, loss sum: 90.9310, final loss: 0.00097275, weight distance: 0.0278
2025-09-22 15:55:45,598 - INFO - Example 37 completed: 542 steps, loss sum: 90.9310, final loss: 0.00097275, weight distance: 0.0278 (universal rank: 45090)
2025-09-22 15:55:45,598 - INFO - 
=== Worker 4 Training Example 38/798 (global idx 3231): /home/projects/bagon/shared/imagenet512/val/n03770439/ILSVRC2012_val_00006000.JPEG ===
2025-09-22 15:55:56,641 - INFO - Example /home/projects/bagon/shared/imagenet512/val/n03770439/ILSVRC2012_val_00006000.JPEG reached epsilon at step 211, loss sum: 26.1658, final loss: 0.00096130, weight distance: 0.0137
2025-09-22 15:55:57,305 - INFO - Example 38 completed: 211 steps, loss sum: 26.1658, final loss: 0.00096130, weight distance: 0.0137 (universal rank: 45091)
2025-09-22 15:55:57,306 - INFO - 
=== Worker 4 Training Example 39/798 (global idx 3232): /home/projects/bagon/shared/imagenet512/val/n04522168/ILSVRC2012_val_00042916.JPEG ===
2025-09-22 15:56:09,884 - INFO - Example /home/projects/bagon/shared/imagenet512/val/n04522168/ILSVRC2012_val_00042916.JPEG reached epsilon at step 240, loss sum: 133.6042, final loss: 0.00096512, weight distance: 0.0176
2025-09-22 15:56:10,528 - INFO - Example 39 completed: 240 steps, loss sum: 133.6042, final loss: 0.00096512, weight distance: 0.0176 (universal rank: 45092)
2025-09-22 15:56:10,528 - INFO - 
=== Worker 4 Training Example 40/798 (global idx 3233): /home/projects/bagon/shared/imagenet512/val/n02825657/ILSVRC2012_val_00006205.JPEG ===
2025-09-22 15:56:39,860 - INFO - Example /home/projects/bagon/shared/imagenet512/val/n02825657/ILSVRC2012_val_00006205.JPEG reached epsilon at step 564, loss sum: 123.8654, final loss: 0.00099945, weight distance: 0.0213
2025-09-22 15:56:40,517 - INFO - Example 40 completed: 564 steps, loss sum: 123.8654, final loss: 0.00099945, weight distance: 0.0213 (universal rank: 45093)
2025-09-22 15:56:40,517 - INFO - 
=== Worker 4 Training Example 41/798 (global idx 3234): /home/projects/bagon/shared/imagenet512/val/n03899768/ILSVRC2012_val_00046336.JPEG ===
2025-09-22 15:57:06,080 - INFO - Example /home/projects/bagon/shared/imagenet512/val/n03899768/ILSVRC2012_val_00046336.JPEG reached epsilon at step 489, loss sum: 49.3113, final loss: 0.00096130, weight distance: 0.0254
2025-09-22 15:57:06,721 - INFO - Example 41 completed: 489 steps, loss sum: 49.3113, final loss: 0.00096130, weight distance: 0.0254 (universal rank: 45094)
2025-09-22 15:57:06,721 - INFO - 
=== Worker 4 Training Example 42/798 (global idx 3235): /home/projects/bagon/shared/imagenet512/val/n03249569/ILSVRC2012_val_00002905.JPEG ===
2025-09-22 15:57:22,934 - INFO - Example /home/projects/bagon/shared/imagenet512/val/n03249569/ILSVRC2012_val_00002905.JPEG reached epsilon at step 311, loss sum: 26.5058, final loss: 0.00099182, weight distance: 0.0219
2025-09-22 15:57:23,872 - INFO - Example 42 completed: 311 steps, loss sum: 26.5058, final loss: 0.00099182, weight distance: 0.0219 (universal rank: 45095)
2025-09-22 15:57:23,872 - INFO - 
=== Worker 4 Training Example 43/798 (global idx 3236): /home/projects/bagon/shared/imagenet512/val/n09246464/ILSVRC2012_val_00031523.JPEG ===
2025-09-22 15:57:37,797 - INFO - Example /home/projects/bagon/shared/imagenet512/val/n09246464/ILSVRC2012_val_00031523.JPEG reached epsilon at step 265, loss sum: 42.9546, final loss: 0.00098419, weight distance: 0.0154
2025-09-22 15:57:38,436 - INFO - Example 43 completed: 265 steps, loss sum: 42.9546, final loss: 0.00098419, weight distance: 0.0154 (universal rank: 45096)
2025-09-22 15:57:38,436 - INFO - 
=== Worker 4 Training Example 44/798 (global idx 3237): /home/projects/bagon/shared/imagenet512/val/n04604644/ILSVRC2012_val_00021154.JPEG ===
2025-09-22 15:57:56,737 - INFO - Example /home/projects/bagon/shared/imagenet512/val/n04604644/ILSVRC2012_val_00021154.JPEG reached epsilon at step 350, loss sum: 57.2907, final loss: 0.00096130, weight distance: 0.0210
2025-09-22 15:57:57,388 - INFO - Example 44 completed: 350 steps, loss sum: 57.2907, final loss: 0.00096130, weight distance: 0.0210 (universal rank: 45097)
2025-09-22 15:57:57,388 - INFO - 
=== Worker 4 Training Example 45/798 (global idx 3238): /home/projects/bagon/shared/imagenet512/val/n03483316/ILSVRC2012_val_00011813.JPEG ===
2025-09-22 15:58:13,018 - INFO - Example /home/projects/bagon/shared/imagenet512/val/n03483316/ILSVRC2012_val_00011813.JPEG reached epsilon at step 299, loss sum: 83.3899, final loss: 0.00096512, weight distance: 0.0187
2025-09-22 15:58:14,284 - INFO - Example 45 completed: 299 steps, loss sum: 83.3899, final loss: 0.00096512, weight distance: 0.0187 (universal rank: 45099)
2025-09-22 15:58:14,284 - INFO - 
=== Worker 4 Training Example 46/798 (global idx 3239): /home/projects/bagon/shared/imagenet512/val/n03958227/ILSVRC2012_val_00015775.JPEG ===
2025-09-22 15:58:32,821 - INFO - Example /home/projects/bagon/shared/imagenet512/val/n03958227/ILSVRC2012_val_00015775.JPEG reached epsilon at step 355, loss sum: 45.7881, final loss: 0.00097656, weight distance: 0.0234
2025-09-22 15:58:33,516 - INFO - Example 46 completed: 355 steps, loss sum: 45.7881, final loss: 0.00097656, weight distance: 0.0234 (universal rank: 45100)
2025-09-22 15:58:33,516 - INFO - 
=== Worker 4 Training Example 47/798 (global idx 3240): /home/projects/bagon/shared/imagenet512/val/n03259280/ILSVRC2012_val_00010219.JPEG ===
2025-09-22 15:58:54,962 - INFO - Example /home/projects/bagon/shared/imagenet512/val/n03259280/ILSVRC2012_val_00010219.JPEG reached epsilon at step 409, loss sum: 38.1814, final loss: 0.00099182, weight distance: 0.0243
2025-09-22 15:58:55,778 - INFO - Example 47 completed: 409 steps, loss sum: 38.1814, final loss: 0.00099182, weight distance: 0.0243 (universal rank: 45101)
2025-09-22 15:58:55,779 - INFO - 
=== Worker 4 Training Example 48/798 (global idx 3241): /home/projects/bagon/shared/imagenet512/val/n04548362/ILSVRC2012_val_00008472.JPEG ===
2025-09-22 15:59:19,193 - INFO - Example /home/projects/bagon/shared/imagenet512/val/n04548362/ILSVRC2012_val_00008472.JPEG reached epsilon at step 445, loss sum: 32.4083, final loss: 0.00099182, weight distance: 0.0207
2025-09-22 15:59:19,871 - INFO - Example 48 completed: 445 steps, loss sum: 32.4083, final loss: 0.00099182, weight distance: 0.0207 (universal rank: 45102)
2025-09-22 15:59:19,871 - INFO - 
=== Worker 4 Training Example 49/798 (global idx 3242): /home/projects/bagon/shared/imagenet512/val/n03376595/ILSVRC2012_val_00014479.JPEG ===
2025-09-22 15:59:36,448 - INFO - Example /home/projects/bagon/shared/imagenet512/val/n03376595/ILSVRC2012_val_00014479.JPEG reached epsilon at step 313, loss sum: 398.4674, final loss: 0.00095749, weight distance: 0.0241
2025-09-22 15:59:37,173 - INFO - Example 49 completed: 313 steps, loss sum: 398.4674, final loss: 0.00095749, weight distance: 0.0241 (universal rank: 45103)
2025-09-22 15:59:37,173 - INFO - 
=== Worker 4 Training Example 50/798 (global idx 3243): /home/projects/bagon/shared/imagenet512/val/n02100236/ILSVRC2012_val_00031655.JPEG ===
2025-09-22 16:00:07,228 - INFO - Example /home/projects/bagon/shared/imagenet512/val/n02100236/ILSVRC2012_val_00031655.JPEG reached epsilon at step 572, loss sum: 118.4526, final loss: 0.00096512, weight distance: 0.0311
2025-09-22 16:00:07,867 - INFO - Example 50 completed: 572 steps, loss sum: 118.4526, final loss: 0.00096512, weight distance: 0.0311 (universal rank: 45104)
2025-09-22 16:00:07,867 - INFO - 
=== Worker 4 Training Example 51/798 (global idx 3244): /home/projects/bagon/shared/imagenet512/val/n03028079/ILSVRC2012_val_00039053.JPEG ===
2025-09-22 16:00:27,514 - INFO - Example /home/projects/bagon/shared/imagenet512/val/n03028079/ILSVRC2012_val_00039053.JPEG reached epsilon at step 376, loss sum: 66.8392, final loss: 0.00095749, weight distance: 0.0253
2025-09-22 16:00:28,163 - INFO - Example 51 completed: 376 steps, loss sum: 66.8392, final loss: 0.00095749, weight distance: 0.0253 (universal rank: 45105)
2025-09-22 16:00:28,163 - INFO - 
=== Worker 4 Training Example 52/798 (global idx 3245): /home/projects/bagon/shared/imagenet512/val/n02111500/ILSVRC2012_val_00036075.JPEG ===
2025-09-22 16:00:48,575 - INFO - Example /home/projects/bagon/shared/imagenet512/val/n02111500/ILSVRC2012_val_00036075.JPEG reached epsilon at step 392, loss sum: 40.0528, final loss: 0.00096893, weight distance: 0.0210
2025-09-22 16:00:49,825 - INFO - Example 52 completed: 392 steps, loss sum: 40.0528, final loss: 0.00096893, weight distance: 0.0210 (universal rank: 45106)
2025-09-22 16:00:49,825 - INFO - 
=== Worker 4 Training Example 53/798 (global idx 3246): /home/projects/bagon/shared/imagenet512/val/n02727426/ILSVRC2012_val_00018413.JPEG ===
2025-09-22 16:01:08,308 - INFO - Example /home/projects/bagon/shared/imagenet512/val/n02727426/ILSVRC2012_val_00018413.JPEG reached epsilon at step 353, loss sum: 102.8322, final loss: 0.00096130, weight distance: 0.0198
2025-09-22 16:01:08,969 - INFO - Example 53 completed: 353 steps, loss sum: 102.8322, final loss: 0.00096130, weight distance: 0.0198 (universal rank: 45107)
2025-09-22 16:01:08,969 - INFO - 
=== Worker 4 Training Example 54/798 (global idx 3247): /home/projects/bagon/shared/imagenet512/val/n02894605/ILSVRC2012_val_00015515.JPEG ===
2025-09-22 16:01:29,956 - INFO - Example /home/projects/bagon/shared/imagenet512/val/n02894605/ILSVRC2012_val_00015515.JPEG reached epsilon at step 402, loss sum: 46.2455, final loss: 0.00099945, weight distance: 0.0217
2025-09-22 16:01:30,610 - INFO - Example 54 completed: 402 steps, loss sum: 46.2455, final loss: 0.00099945, weight distance: 0.0217 (universal rank: 45108)
2025-09-22 16:01:30,610 - INFO - 
=== Worker 4 Training Example 55/798 (global idx 3248): /home/projects/bagon/shared/imagenet512/val/n03788195/ILSVRC2012_val_00030336.JPEG ===
2025-09-22 16:01:52,093 - INFO - Example /home/projects/bagon/shared/imagenet512/val/n03788195/ILSVRC2012_val_00030336.JPEG reached epsilon at step 413, loss sum: 39.6644, final loss: 0.00098419, weight distance: 0.0218
2025-09-22 16:01:52,745 - INFO - Example 55 completed: 413 steps, loss sum: 39.6644, final loss: 0.00098419, weight distance: 0.0218 (universal rank: 45109)
2025-09-22 16:01:52,745 - INFO - 
=== Worker 4 Training Example 56/798 (global idx 3249): /home/projects/bagon/shared/imagenet512/val/n02749479/ILSVRC2012_val_00033972.JPEG ===
2025-09-22 16:02:25,933 - INFO - Example /home/projects/bagon/shared/imagenet512/val/n02749479/ILSVRC2012_val_00033972.JPEG reached epsilon at step 637, loss sum: 60.7381, final loss: 0.00099945, weight distance: 0.0346
2025-09-22 16:02:27,580 - INFO - Example 56 completed: 637 steps, loss sum: 60.7381, final loss: 0.00099945, weight distance: 0.0346 (universal rank: 45111)
2025-09-22 16:02:27,581 - INFO - 
=== Worker 4 Training Example 57/798 (global idx 3250): /home/projects/bagon/shared/imagenet512/val/n13133613/ILSVRC2012_val_00011122.JPEG ===
2025-09-22 16:03:16,496 - INFO - Example /home/projects/bagon/shared/imagenet512/val/n13133613/ILSVRC2012_val_00011122.JPEG reached epsilon at step 941, loss sum: 96.4260, final loss: 0.00095749, weight distance: 0.0465
2025-09-22 16:03:17,418 - INFO - Example 57 completed: 941 steps, loss sum: 96.4260, final loss: 0.00095749, weight distance: 0.0465 (universal rank: 45112)
2025-09-22 16:03:17,418 - INFO - 
=== Worker 4 Training Example 58/798 (global idx 3251): /home/projects/bagon/shared/imagenet512/val/n02971356/ILSVRC2012_val_00035114.JPEG ===
2025-09-22 16:03:31,649 - INFO - Example /home/projects/bagon/shared/imagenet512/val/n02971356/ILSVRC2012_val_00035114.JPEG reached epsilon at step 272, loss sum: 17.1493, final loss: 0.00096130, weight distance: 0.0160
2025-09-22 16:03:32,317 - INFO - Example 58 completed: 272 steps, loss sum: 17.1493, final loss: 0.00096130, weight distance: 0.0160 (universal rank: 45114)
2025-09-22 16:03:32,317 - INFO - 
=== Worker 4 Training Example 59/798 (global idx 3252): /home/projects/bagon/shared/imagenet512/val/n03141823/ILSVRC2012_val_00038458.JPEG ===
2025-09-22 16:03:46,900 - INFO - Example /home/projects/bagon/shared/imagenet512/val/n03141823/ILSVRC2012_val_00038458.JPEG reached epsilon at step 280, loss sum: 186.3101, final loss: 0.00099182, weight distance: 0.0209
2025-09-22 16:03:47,547 - INFO - Example 59 completed: 280 steps, loss sum: 186.3101, final loss: 0.00099182, weight distance: 0.0209 (universal rank: 45115)
2025-09-22 16:03:47,548 - INFO - 
=== Worker 4 Training Example 60/798 (global idx 3253): /home/projects/bagon/shared/imagenet512/val/n04350905/ILSVRC2012_val_00033166.JPEG ===
2025-09-22 16:04:33,249 - INFO - Example /home/projects/bagon/shared/imagenet512/val/n04350905/ILSVRC2012_val_00033166.JPEG reached epsilon at step 878, loss sum: 142.3610, final loss: 0.00095749, weight distance: 0.0322
2025-09-22 16:04:33,959 - INFO - Example 60 completed: 878 steps, loss sum: 142.3610, final loss: 0.00095749, weight distance: 0.0322 (universal rank: 45118)
2025-09-22 16:04:33,959 - INFO - 
=== Worker 4 Training Example 61/798 (global idx 3254): /home/projects/bagon/shared/imagenet512/val/n03763968/ILSVRC2012_val_00031265.JPEG ===
2025-09-22 16:04:51,275 - INFO - Example /home/projects/bagon/shared/imagenet512/val/n03763968/ILSVRC2012_val_00031265.JPEG reached epsilon at step 332, loss sum: 58.4533, final loss: 0.00097656, weight distance: 0.0194
2025-09-22 16:04:52,258 - INFO - Example 61 completed: 332 steps, loss sum: 58.4533, final loss: 0.00097656, weight distance: 0.0194 (universal rank: 45119)
2025-09-22 16:04:52,258 - INFO - 
=== Worker 4 Training Example 62/798 (global idx 3255): /home/projects/bagon/shared/imagenet512/val/n03598930/ILSVRC2012_val_00010088.JPEG ===
2025-09-22 16:05:10,157 - INFO - Example /home/projects/bagon/shared/imagenet512/val/n03598930/ILSVRC2012_val_00010088.JPEG reached epsilon at step 341, loss sum: 3.2351, final loss: 0.00098419, weight distance: 0.0159
2025-09-22 16:05:10,797 - INFO - Example 62 completed: 341 steps, loss sum: 3.2351, final loss: 0.00098419, weight distance: 0.0159 (universal rank: 45120)
2025-09-22 16:05:10,797 - INFO - 
=== Worker 4 Training Example 63/798 (global idx 3256): /home/projects/bagon/shared/imagenet512/val/n03047690/ILSVRC2012_val_00018631.JPEG ===
2025-09-22 16:05:31,639 - INFO - Example /home/projects/bagon/shared/imagenet512/val/n03047690/ILSVRC2012_val_00018631.JPEG reached epsilon at step 394, loss sum: 22.2281, final loss: 0.00099182, weight distance: 0.0204
2025-09-22 16:05:35,299 - INFO - Example 63 completed: 394 steps, loss sum: 22.2281, final loss: 0.00099182, weight distance: 0.0204 (universal rank: 45122)
2025-09-22 16:05:35,300 - INFO - 
=== Worker 4 Training Example 64/798 (global idx 3257): /home/projects/bagon/shared/imagenet512/val/n02096294/ILSVRC2012_val_00034554.JPEG ===
2025-09-22 16:05:52,436 - INFO - Example /home/projects/bagon/shared/imagenet512/val/n02096294/ILSVRC2012_val_00034554.JPEG reached epsilon at step 329, loss sum: 61.9105, final loss: 0.00095367, weight distance: 0.0215
2025-09-22 16:05:53,084 - INFO - Example 64 completed: 329 steps, loss sum: 61.9105, final loss: 0.00095367, weight distance: 0.0215 (universal rank: 45123)
2025-09-22 16:05:53,084 - INFO - 
=== Worker 4 Training Example 65/798 (global idx 3258): /home/projects/bagon/shared/imagenet512/val/n02791270/ILSVRC2012_val_00035205.JPEG ===
2025-09-22 16:06:26,363 - INFO - Example /home/projects/bagon/shared/imagenet512/val/n02791270/ILSVRC2012_val_00035205.JPEG reached epsilon at step 641, loss sum: 127.6565, final loss: 0.00099182, weight distance: 0.0339
2025-09-22 16:06:27,043 - INFO - Example 65 completed: 641 steps, loss sum: 127.6565, final loss: 0.00099182, weight distance: 0.0339 (universal rank: 45124)
2025-09-22 16:06:27,043 - INFO - 
=== Worker 4 Training Example 66/798 (global idx 3259): /home/projects/bagon/shared/imagenet512/val/n03710637/ILSVRC2012_val_00007816.JPEG ===
2025-09-22 16:07:12,480 - INFO - Example /home/projects/bagon/shared/imagenet512/val/n03710637/ILSVRC2012_val_00007816.JPEG reached epsilon at step 874, loss sum: 57.6827, final loss: 0.00099182, weight distance: 0.0297
2025-09-22 16:07:13,381 - INFO - Example 66 completed: 874 steps, loss sum: 57.6827, final loss: 0.00099182, weight distance: 0.0297 (universal rank: 45125)
2025-09-22 16:07:13,381 - INFO - 
=== Worker 4 Training Example 67/798 (global idx 3260): /home/projects/bagon/shared/imagenet512/val/n15075141/ILSVRC2012_val_00046353.JPEG ===
2025-09-22 16:07:32,794 - INFO - Example /home/projects/bagon/shared/imagenet512/val/n15075141/ILSVRC2012_val_00046353.JPEG reached epsilon at step 373, loss sum: 169.6258, final loss: 0.00096512, weight distance: 0.0172
2025-09-22 16:07:36,499 - INFO - Example 67 completed: 373 steps, loss sum: 169.6258, final loss: 0.00096512, weight distance: 0.0172 (universal rank: 45127)
2025-09-22 16:07:36,499 - INFO - 
=== Worker 4 Training Example 68/798 (global idx 3261): /home/projects/bagon/shared/imagenet512/val/n03627232/ILSVRC2012_val_00013065.JPEG ===
2025-09-22 16:07:50,590 - INFO - Example /home/projects/bagon/shared/imagenet512/val/n03627232/ILSVRC2012_val_00013065.JPEG reached epsilon at step 270, loss sum: 149.6064, final loss: 0.00094604, weight distance: 0.0206
2025-09-22 16:07:51,385 - INFO - Example 68 completed: 270 steps, loss sum: 149.6064, final loss: 0.00094604, weight distance: 0.0206 (universal rank: 45128)
2025-09-22 16:07:51,385 - INFO - 
=== Worker 4 Training Example 69/798 (global idx 3262): /home/projects/bagon/shared/imagenet512/val/n04147183/ILSVRC2012_val_00010749.JPEG ===
2025-09-22 16:08:31,068 - INFO - Example /home/projects/bagon/shared/imagenet512/val/n04147183/ILSVRC2012_val_00010749.JPEG reached epsilon at step 764, loss sum: 248.2228, final loss: 0.00099945, weight distance: 0.0410
2025-09-22 16:08:32,534 - INFO - Example 69 completed: 764 steps, loss sum: 248.2228, final loss: 0.00099945, weight distance: 0.0410 (universal rank: 45129)
2025-09-22 16:08:32,534 - INFO - 
=== Worker 4 Training Example 70/798 (global idx 3263): /home/projects/bagon/shared/imagenet512/val/n02105056/ILSVRC2012_val_00049815.JPEG ===
2025-09-22 16:08:51,724 - INFO - Example /home/projects/bagon/shared/imagenet512/val/n02105056/ILSVRC2012_val_00049815.JPEG reached epsilon at step 356, loss sum: 107.6805, final loss: 0.00097656, weight distance: 0.0172
2025-09-22 16:08:52,380 - INFO - Example 70 completed: 356 steps, loss sum: 107.6805, final loss: 0.00097656, weight distance: 0.0172 (universal rank: 45130)
2025-09-22 16:08:52,380 - INFO - 
=== Worker 4 Training Example 71/798 (global idx 3264): /home/projects/bagon/shared/imagenet512/val/n03476684/ILSVRC2012_val_00008183.JPEG ===
2025-09-22 16:09:13,087 - INFO - Example /home/projects/bagon/shared/imagenet512/val/n03476684/ILSVRC2012_val_00008183.JPEG reached epsilon at step 396, loss sum: 122.5313, final loss: 0.00096512, weight distance: 0.0266
2025-09-22 16:09:14,469 - INFO - Example 71 completed: 396 steps, loss sum: 122.5313, final loss: 0.00096512, weight distance: 0.0266 (universal rank: 45131)
2025-09-22 16:09:14,469 - INFO - 
=== Worker 4 Training Example 72/798 (global idx 3265): /home/projects/bagon/shared/imagenet512/val/n02089867/ILSVRC2012_val_00009220.JPEG ===
2025-09-22 16:09:38,569 - INFO - Example /home/projects/bagon/shared/imagenet512/val/n02089867/ILSVRC2012_val_00009220.JPEG reached epsilon at step 462, loss sum: 126.8080, final loss: 0.00099182, weight distance: 0.0257
2025-09-22 16:09:39,210 - INFO - Example 72 completed: 462 steps, loss sum: 126.8080, final loss: 0.00099182, weight distance: 0.0257 (universal rank: 45132)
2025-09-22 16:09:39,210 - INFO - 
=== Worker 4 Training Example 73/798 (global idx 3266): /home/projects/bagon/shared/imagenet512/val/n07836838/ILSVRC2012_val_00020034.JPEG ===
2025-09-22 16:10:01,682 - INFO - Example /home/projects/bagon/shared/imagenet512/val/n07836838/ILSVRC2012_val_00020034.JPEG reached epsilon at step 431, loss sum: 67.7233, final loss: 0.00094223, weight distance: 0.0244
2025-09-22 16:10:02,498 - INFO - Example 73 completed: 431 steps, loss sum: 67.7233, final loss: 0.00094223, weight distance: 0.0244 (universal rank: 45135)
2025-09-22 16:10:02,498 - INFO - 
=== Worker 4 Training Example 74/798 (global idx 3267): /home/projects/bagon/shared/imagenet512/val/n01644900/ILSVRC2012_val_00028673.JPEG ===
2025-09-22 16:10:31,906 - INFO - Example /home/projects/bagon/shared/imagenet512/val/n01644900/ILSVRC2012_val_00028673.JPEG reached epsilon at step 563, loss sum: 75.0248, final loss: 0.00097656, weight distance: 0.0330
2025-09-22 16:10:32,555 - INFO - Example 74 completed: 563 steps, loss sum: 75.0248, final loss: 0.00097656, weight distance: 0.0330 (universal rank: 45136)
2025-09-22 16:10:32,555 - INFO - 
=== Worker 4 Training Example 75/798 (global idx 3268): /home/projects/bagon/shared/imagenet512/val/n03854065/ILSVRC2012_val_00031331.JPEG ===
2025-09-22 16:10:55,698 - INFO - Example /home/projects/bagon/shared/imagenet512/val/n03854065/ILSVRC2012_val_00031331.JPEG reached epsilon at step 445, loss sum: 123.3064, final loss: 0.00097275, weight distance: 0.0217
2025-09-22 16:10:56,615 - INFO - Example 75 completed: 445 steps, loss sum: 123.3064, final loss: 0.00097275, weight distance: 0.0217 (universal rank: 45137)
2025-09-22 16:10:56,615 - INFO - 
=== Worker 4 Training Example 76/798 (global idx 3269): /home/projects/bagon/shared/imagenet512/val/n02483362/ILSVRC2012_val_00038037.JPEG ===
2025-09-22 16:11:23,837 - INFO - Example /home/projects/bagon/shared/imagenet512/val/n02483362/ILSVRC2012_val_00038037.JPEG reached epsilon at step 523, loss sum: 234.0820, final loss: 0.00098419, weight distance: 0.0253
2025-09-22 16:11:24,523 - INFO - Example 76 completed: 523 steps, loss sum: 234.0820, final loss: 0.00098419, weight distance: 0.0253 (universal rank: 45138)
2025-09-22 16:11:24,524 - INFO - 
=== Worker 4 Training Example 77/798 (global idx 3270): /home/projects/bagon/shared/imagenet512/val/n01798484/ILSVRC2012_val_00006790.JPEG ===
2025-09-22 16:11:49,796 - INFO - Example /home/projects/bagon/shared/imagenet512/val/n01798484/ILSVRC2012_val_00006790.JPEG reached epsilon at step 487, loss sum: 52.7890, final loss: 0.00099182, weight distance: 0.0266
2025-09-22 16:11:50,449 - INFO - Example 77 completed: 487 steps, loss sum: 52.7890, final loss: 0.00099182, weight distance: 0.0266 (universal rank: 45140)
2025-09-22 16:11:50,449 - INFO - 
=== Worker 4 Training Example 78/798 (global idx 3271): /home/projects/bagon/shared/imagenet512/val/n07745940/ILSVRC2012_val_00012645.JPEG ===
2025-09-22 16:12:13,218 - INFO - Example /home/projects/bagon/shared/imagenet512/val/n07745940/ILSVRC2012_val_00012645.JPEG reached epsilon at step 435, loss sum: 129.7178, final loss: 0.00099182, weight distance: 0.0286
2025-09-22 16:12:14,101 - INFO - Example 78 completed: 435 steps, loss sum: 129.7178, final loss: 0.00099182, weight distance: 0.0286 (universal rank: 45142)
2025-09-22 16:12:14,101 - INFO - 
=== Worker 4 Training Example 79/798 (global idx 3272): /home/projects/bagon/shared/imagenet512/val/n04356056/ILSVRC2012_val_00028254.JPEG ===
2025-09-22 16:12:43,271 - INFO - Example /home/projects/bagon/shared/imagenet512/val/n04356056/ILSVRC2012_val_00028254.JPEG reached epsilon at step 561, loss sum: 197.9096, final loss: 0.00096893, weight distance: 0.0310
2025-09-22 16:12:43,909 - INFO - Example 79 completed: 561 steps, loss sum: 197.9096, final loss: 0.00096893, weight distance: 0.0310 (universal rank: 45143)
2025-09-22 16:12:43,910 - INFO - 
=== Worker 4 Training Example 80/798 (global idx 3273): /home/projects/bagon/shared/imagenet512/val/n03355925/ILSVRC2012_val_00027876.JPEG ===
2025-09-22 16:13:10,949 - INFO - Example /home/projects/bagon/shared/imagenet512/val/n03355925/ILSVRC2012_val_00027876.JPEG reached epsilon at step 518, loss sum: 31.7016, final loss: 0.00098419, weight distance: 0.0165
2025-09-22 16:13:11,609 - INFO - Example 80 completed: 518 steps, loss sum: 31.7016, final loss: 0.00098419, weight distance: 0.0165 (universal rank: 45145)
2025-09-22 16:13:11,610 - INFO - 
=== Worker 4 Training Example 81/798 (global idx 3274): /home/projects/bagon/shared/imagenet512/val/n07730033/ILSVRC2012_val_00041676.JPEG ===
2025-09-22 16:13:39,057 - INFO - Example /home/projects/bagon/shared/imagenet512/val/n07730033/ILSVRC2012_val_00041676.JPEG reached epsilon at step 527, loss sum: 228.1059, final loss: 0.00095749, weight distance: 0.0338
2025-09-22 16:13:39,697 - INFO - Example 81 completed: 527 steps, loss sum: 228.1059, final loss: 0.00095749, weight distance: 0.0338 (universal rank: 45147)
2025-09-22 16:13:39,697 - INFO - 
=== Worker 4 Training Example 82/798 (global idx 3275): /home/projects/bagon/shared/imagenet512/val/n02105251/ILSVRC2012_val_00006419.JPEG ===
2025-09-22 16:14:10,986 - INFO - Example /home/projects/bagon/shared/imagenet512/val/n02105251/ILSVRC2012_val_00006419.JPEG reached epsilon at step 601, loss sum: 259.9064, final loss: 0.00099182, weight distance: 0.0249
2025-09-22 16:14:11,639 - INFO - Example 82 completed: 601 steps, loss sum: 259.9064, final loss: 0.00099182, weight distance: 0.0249 (universal rank: 45149)
2025-09-22 16:14:11,639 - INFO - 
=== Worker 4 Training Example 83/798 (global idx 3276): /home/projects/bagon/shared/imagenet512/val/n03920288/ILSVRC2012_val_00049112.JPEG ===
2025-09-22 16:14:27,947 - INFO - Example /home/projects/bagon/shared/imagenet512/val/n03920288/ILSVRC2012_val_00049112.JPEG reached epsilon at step 307, loss sum: 4.2210, final loss: 0.00097656, weight distance: 0.0076
2025-09-22 16:14:28,930 - INFO - Example 83 completed: 307 steps, loss sum: 4.2210, final loss: 0.00097656, weight distance: 0.0076 (universal rank: 45150)
2025-09-22 16:14:28,930 - INFO - 
=== Worker 4 Training Example 84/798 (global idx 3277): /home/projects/bagon/shared/imagenet512/val/n03787032/ILSVRC2012_val_00035779.JPEG ===
2025-09-22 16:14:50,396 - INFO - Example /home/projects/bagon/shared/imagenet512/val/n03787032/ILSVRC2012_val_00035779.JPEG reached epsilon at step 410, loss sum: 79.8413, final loss: 0.00096512, weight distance: 0.0265
2025-09-22 16:14:51,052 - INFO - Example 84 completed: 410 steps, loss sum: 79.8413, final loss: 0.00096512, weight distance: 0.0265 (universal rank: 45151)
2025-09-22 16:14:51,052 - INFO - 
=== Worker 4 Training Example 85/798 (global idx 3278): /home/projects/bagon/shared/imagenet512/val/n03126707/ILSVRC2012_val_00047451.JPEG ===
2025-09-22 16:15:18,309 - INFO - Example /home/projects/bagon/shared/imagenet512/val/n03126707/ILSVRC2012_val_00047451.JPEG reached epsilon at step 524, loss sum: 92.4678, final loss: 0.00099182, weight distance: 0.0240
2025-09-22 16:15:18,994 - INFO - Example 85 completed: 524 steps, loss sum: 92.4678, final loss: 0.00099182, weight distance: 0.0240 (universal rank: 45152)
2025-09-22 16:15:18,994 - INFO - 
=== Worker 4 Training Example 86/798 (global idx 3279): /home/projects/bagon/shared/imagenet512/val/n04286575/ILSVRC2012_val_00032647.JPEG ===
2025-09-22 16:16:10,361 - INFO - Example /home/projects/bagon/shared/imagenet512/val/n04286575/ILSVRC2012_val_00032647.JPEG reached epsilon at step 988, loss sum: 100.6104, final loss: 0.00099945, weight distance: 0.0194
2025-09-22 16:16:11,856 - INFO - Example 86 completed: 988 steps, loss sum: 100.6104, final loss: 0.00099945, weight distance: 0.0194 (universal rank: 45153)
2025-09-22 16:16:11,857 - INFO - 
=== Worker 4 Training Example 87/798 (global idx 3280): /home/projects/bagon/shared/imagenet512/val/n02910353/ILSVRC2012_val_00008958.JPEG ===
2025-09-22 16:16:24,544 - INFO - Example /home/projects/bagon/shared/imagenet512/val/n02910353/ILSVRC2012_val_00008958.JPEG reached epsilon at step 236, loss sum: 29.6346, final loss: 0.00095367, weight distance: 0.0148
2025-09-22 16:16:25,646 - INFO - Example 87 completed: 236 steps, loss sum: 29.6346, final loss: 0.00095367, weight distance: 0.0148 (universal rank: 45155)
2025-09-22 16:16:25,646 - INFO - 
=== Worker 4 Training Example 88/798 (global idx 3281): /home/projects/bagon/shared/imagenet512/val/n04522168/ILSVRC2012_val_00028768.JPEG ===
2025-09-22 16:16:42,418 - INFO - Example /home/projects/bagon/shared/imagenet512/val/n04522168/ILSVRC2012_val_00028768.JPEG reached epsilon at step 307, loss sum: 94.2995, final loss: 0.00097275, weight distance: 0.0184
2025-09-22 16:16:43,199 - INFO - Example 88 completed: 307 steps, loss sum: 94.2995, final loss: 0.00097275, weight distance: 0.0184 (universal rank: 45156)
2025-09-22 16:16:43,199 - INFO - 
=== Worker 4 Training Example 89/798 (global idx 3282): /home/projects/bagon/shared/imagenet512/val/n02504458/ILSVRC2012_val_00039678.JPEG ===
2025-09-22 16:17:07,073 - INFO - Example /home/projects/bagon/shared/imagenet512/val/n02504458/ILSVRC2012_val_00039678.JPEG reached epsilon at step 455, loss sum: 43.0343, final loss: 0.00096130, weight distance: 0.0254
2025-09-22 16:17:07,815 - INFO - Example 89 completed: 455 steps, loss sum: 43.0343, final loss: 0.00096130, weight distance: 0.0254 (universal rank: 45158)
2025-09-22 16:17:07,816 - INFO - 
=== Worker 4 Training Example 90/798 (global idx 3283): /home/projects/bagon/shared/imagenet512/val/n03692522/ILSVRC2012_val_00049785.JPEG ===
2025-09-22 16:17:20,993 - INFO - Example /home/projects/bagon/shared/imagenet512/val/n03692522/ILSVRC2012_val_00049785.JPEG reached epsilon at step 253, loss sum: 113.1122, final loss: 0.00098419, weight distance: 0.0141
2025-09-22 16:17:21,639 - INFO - Example 90 completed: 253 steps, loss sum: 113.1122, final loss: 0.00098419, weight distance: 0.0141 (universal rank: 45159)
2025-09-22 16:17:21,639 - INFO - 
=== Worker 4 Training Example 91/798 (global idx 3284): /home/projects/bagon/shared/imagenet512/val/n04228054/ILSVRC2012_val_00008835.JPEG ===
2025-09-22 16:17:51,213 - INFO - Example /home/projects/bagon/shared/imagenet512/val/n04228054/ILSVRC2012_val_00008835.JPEG reached epsilon at step 568, loss sum: 68.8766, final loss: 0.00096130, weight distance: 0.0287
2025-09-22 16:17:51,847 - INFO - Example 91 completed: 568 steps, loss sum: 68.8766, final loss: 0.00096130, weight distance: 0.0287 (universal rank: 45160)
2025-09-22 16:17:51,847 - INFO - 
=== Worker 4 Training Example 92/798 (global idx 3285): /home/projects/bagon/shared/imagenet512/val/n04597913/ILSVRC2012_val_00008202.JPEG ===
2025-09-22 16:18:07,470 - INFO - Example /home/projects/bagon/shared/imagenet512/val/n04597913/ILSVRC2012_val_00008202.JPEG reached epsilon at step 291, loss sum: 115.2836, final loss: 0.00094986, weight distance: 0.0199
2025-09-22 16:18:08,518 - INFO - Example 92 completed: 291 steps, loss sum: 115.2836, final loss: 0.00094986, weight distance: 0.0199 (universal rank: 45162)
2025-09-22 16:18:08,518 - INFO - 
=== Worker 4 Training Example 93/798 (global idx 3286): /home/projects/bagon/shared/imagenet512/val/n04487394/ILSVRC2012_val_00049208.JPEG ===
2025-09-22 16:18:37,900 - INFO - Example /home/projects/bagon/shared/imagenet512/val/n04487394/ILSVRC2012_val_00049208.JPEG reached epsilon at step 557, loss sum: 108.3618, final loss: 0.00099945, weight distance: 0.0339
2025-09-22 16:18:38,546 - INFO - Example 93 completed: 557 steps, loss sum: 108.3618, final loss: 0.00099945, weight distance: 0.0339 (universal rank: 45164)
2025-09-22 16:18:38,546 - INFO - 
=== Worker 4 Training Example 94/798 (global idx 3287): /home/projects/bagon/shared/imagenet512/val/n04355933/ILSVRC2012_val_00031126.JPEG ===
2025-09-22 16:19:43,740 - INFO - Example /home/projects/bagon/shared/imagenet512/val/n04355933/ILSVRC2012_val_00031126.JPEG reached epsilon at step 1254, loss sum: 117.9207, final loss: 0.00098419, weight distance: 0.0297
2025-09-22 16:19:45,298 - INFO - Example 94 completed: 1254 steps, loss sum: 117.9207, final loss: 0.00098419, weight distance: 0.0297 (universal rank: 45165)
2025-09-22 16:19:45,299 - INFO - 
=== Worker 4 Training Example 95/798 (global idx 3288): /home/projects/bagon/shared/imagenet512/val/n02107312/ILSVRC2012_val_00015511.JPEG ===
2025-09-22 16:20:10,746 - INFO - Example /home/projects/bagon/shared/imagenet512/val/n02107312/ILSVRC2012_val_00015511.JPEG reached epsilon at step 487, loss sum: 154.1614, final loss: 0.00099182, weight distance: 0.0234
2025-09-22 16:20:11,372 - INFO - Example 95 completed: 487 steps, loss sum: 154.1614, final loss: 0.00099182, weight distance: 0.0234 (universal rank: 45166)
2025-09-22 16:20:11,372 - INFO - 
=== Worker 4 Training Example 96/798 (global idx 3289): /home/projects/bagon/shared/imagenet512/val/n01632777/ILSVRC2012_val_00011474.JPEG ===
2025-09-22 16:20:26,301 - INFO - Example /home/projects/bagon/shared/imagenet512/val/n01632777/ILSVRC2012_val_00011474.JPEG reached epsilon at step 286, loss sum: 44.0125, final loss: 0.00096893, weight distance: 0.0191
2025-09-22 16:20:26,948 - INFO - Example 96 completed: 286 steps, loss sum: 44.0125, final loss: 0.00096893, weight distance: 0.0191 (universal rank: 45167)
2025-09-22 16:20:26,948 - INFO - 
=== Worker 4 Training Example 97/798 (global idx 3290): /home/projects/bagon/shared/imagenet512/val/n02939185/ILSVRC2012_val_00008169.JPEG ===
2025-09-22 16:20:41,482 - INFO - Example /home/projects/bagon/shared/imagenet512/val/n02939185/ILSVRC2012_val_00008169.JPEG reached epsilon at step 278, loss sum: 65.9854, final loss: 0.00098419, weight distance: 0.0175
2025-09-22 16:20:42,495 - INFO - Example 97 completed: 278 steps, loss sum: 65.9854, final loss: 0.00098419, weight distance: 0.0175 (universal rank: 45170)
2025-09-22 16:20:42,495 - INFO - 
=== Worker 4 Training Example 98/798 (global idx 3291): /home/projects/bagon/shared/imagenet512/val/n02981792/ILSVRC2012_val_00049543.JPEG ===
2025-09-22 16:21:05,922 - INFO - Example /home/projects/bagon/shared/imagenet512/val/n02981792/ILSVRC2012_val_00049543.JPEG reached epsilon at step 447, loss sum: 97.4709, final loss: 0.00096512, weight distance: 0.0257
2025-09-22 16:21:06,579 - INFO - Example 98 completed: 447 steps, loss sum: 97.4709, final loss: 0.00096512, weight distance: 0.0257 (universal rank: 45171)
2025-09-22 16:21:06,579 - INFO - 
=== Worker 4 Training Example 99/798 (global idx 3292): /home/projects/bagon/shared/imagenet512/val/n01739381/ILSVRC2012_val_00005827.JPEG ===
2025-09-22 16:21:32,781 - INFO - Example /home/projects/bagon/shared/imagenet512/val/n01739381/ILSVRC2012_val_00005827.JPEG reached epsilon at step 502, loss sum: 57.0265, final loss: 0.00099945, weight distance: 0.0266
2025-09-22 16:21:34,068 - INFO - Example 99 completed: 502 steps, loss sum: 57.0265, final loss: 0.00099945, weight distance: 0.0266 (universal rank: 45173)
2025-09-22 16:21:34,068 - INFO - 
=== Worker 4 Training Example 100/798 (global idx 3293): /home/projects/bagon/shared/imagenet512/val/n04357314/ILSVRC2012_val_00023241.JPEG ===
2025-09-22 16:21:49,964 - INFO - Example /home/projects/bagon/shared/imagenet512/val/n04357314/ILSVRC2012_val_00023241.JPEG reached epsilon at step 304, loss sum: 96.6190, final loss: 0.00098419, weight distance: 0.0194
2025-09-22 16:21:50,601 - INFO - Example 100 completed: 304 steps, loss sum: 96.6190, final loss: 0.00098419, weight distance: 0.0194 (universal rank: 45174)
2025-09-22 16:21:50,602 - INFO - 
=== Worker 4 Training Example 101/798 (global idx 3294): /home/projects/bagon/shared/imagenet512/val/n04154565/ILSVRC2012_val_00019043.JPEG ===
2025-09-22 16:22:12,634 - INFO - Example /home/projects/bagon/shared/imagenet512/val/n04154565/ILSVRC2012_val_00019043.JPEG reached epsilon at step 423, loss sum: 34.4125, final loss: 0.00097275, weight distance: 0.0181
2025-09-22 16:22:13,830 - INFO - Example 101 completed: 423 steps, loss sum: 34.4125, final loss: 0.00097275, weight distance: 0.0181 (universal rank: 45175)
2025-09-22 16:22:13,830 - INFO - 
=== Worker 4 Training Example 102/798 (global idx 3295): /home/projects/bagon/shared/imagenet512/val/n02892767/ILSVRC2012_val_00000808.JPEG ===
2025-09-22 16:22:32,598 - INFO - Example /home/projects/bagon/shared/imagenet512/val/n02892767/ILSVRC2012_val_00000808.JPEG reached epsilon at step 361, loss sum: 102.7955, final loss: 0.00099182, weight distance: 0.0143
2025-09-22 16:22:35,301 - INFO - Example 102 completed: 361 steps, loss sum: 102.7955, final loss: 0.00099182, weight distance: 0.0143 (universal rank: 45176)
2025-09-22 16:22:35,301 - INFO - 
=== Worker 4 Training Example 103/798 (global idx 3296): /home/projects/bagon/shared/imagenet512/val/n03980874/ILSVRC2012_val_00027107.JPEG ===
2025-09-22 16:22:50,953 - INFO - Example /home/projects/bagon/shared/imagenet512/val/n03980874/ILSVRC2012_val_00027107.JPEG reached epsilon at step 301, loss sum: 74.4892, final loss: 0.00095367, weight distance: 0.0168
2025-09-22 16:22:51,593 - INFO - Example 103 completed: 301 steps, loss sum: 74.4892, final loss: 0.00095367, weight distance: 0.0168 (universal rank: 45179)
2025-09-22 16:22:51,593 - INFO - 
=== Worker 4 Training Example 104/798 (global idx 3297): /home/projects/bagon/shared/imagenet512/val/n02892767/ILSVRC2012_val_00005423.JPEG ===
2025-09-22 16:23:05,135 - INFO - Example /home/projects/bagon/shared/imagenet512/val/n02892767/ILSVRC2012_val_00005423.JPEG reached epsilon at step 259, loss sum: 137.4996, final loss: 0.00099945, weight distance: 0.0181
2025-09-22 16:23:05,779 - INFO - Example 104 completed: 259 steps, loss sum: 137.4996, final loss: 0.00099945, weight distance: 0.0181 (universal rank: 45180)
2025-09-22 16:23:05,779 - INFO - 
=== Worker 4 Training Example 105/798 (global idx 3298): /home/projects/bagon/shared/imagenet512/val/n02090721/ILSVRC2012_val_00017327.JPEG ===
2025-09-22 16:23:27,930 - INFO - Example /home/projects/bagon/shared/imagenet512/val/n02090721/ILSVRC2012_val_00017327.JPEG reached epsilon at step 426, loss sum: 61.2396, final loss: 0.00099945, weight distance: 0.0227
2025-09-22 16:23:29,168 - INFO - Example 105 completed: 426 steps, loss sum: 61.2396, final loss: 0.00099945, weight distance: 0.0227 (universal rank: 45182)
2025-09-22 16:23:29,168 - INFO - 
=== Worker 4 Training Example 106/798 (global idx 3299): /home/projects/bagon/shared/imagenet512/val/n02089078/ILSVRC2012_val_00037609.JPEG ===
2025-09-22 16:23:52,269 - INFO - Example /home/projects/bagon/shared/imagenet512/val/n02089078/ILSVRC2012_val_00037609.JPEG reached epsilon at step 443, loss sum: 111.8925, final loss: 0.00099182, weight distance: 0.0245
2025-09-22 16:23:52,922 - INFO - Example 106 completed: 443 steps, loss sum: 111.8925, final loss: 0.00099182, weight distance: 0.0245 (universal rank: 45185)
2025-09-22 16:23:52,922 - INFO - 
=== Worker 4 Training Example 107/798 (global idx 3300): /home/projects/bagon/shared/imagenet512/val/n02974003/ILSVRC2012_val_00006952.JPEG ===
2025-09-22 16:26:27,454 - INFO - Example /home/projects/bagon/shared/imagenet512/val/n02974003/ILSVRC2012_val_00006952.JPEG reached epsilon at step 2971, loss sum: 202.1487, final loss: 0.00096512, weight distance: 0.0261
2025-09-22 16:26:28,329 - INFO - Example 107 completed: 2971 steps, loss sum: 202.1487, final loss: 0.00096512, weight distance: 0.0261 (universal rank: 45188)
2025-09-22 16:26:28,329 - INFO - 
=== Worker 4 Training Example 108/798 (global idx 3301): /home/projects/bagon/shared/imagenet512/val/n02089973/ILSVRC2012_val_00045799.JPEG ===
2025-09-22 16:27:09,750 - INFO - Example /home/projects/bagon/shared/imagenet512/val/n02089973/ILSVRC2012_val_00045799.JPEG reached epsilon at step 794, loss sum: 30.5085, final loss: 0.00099945, weight distance: 0.0366
2025-09-22 16:27:10,383 - INFO - Example 108 completed: 794 steps, loss sum: 30.5085, final loss: 0.00099945, weight distance: 0.0366 (universal rank: 45189)
2025-09-22 16:27:10,383 - INFO - 
=== Worker 4 Training Example 109/798 (global idx 3302): /home/projects/bagon/shared/imagenet512/val/n02113186/ILSVRC2012_val_00023268.JPEG ===
2025-09-22 16:27:38,500 - INFO - Example /home/projects/bagon/shared/imagenet512/val/n02113186/ILSVRC2012_val_00023268.JPEG reached epsilon at step 539, loss sum: 66.7521, final loss: 0.00098419, weight distance: 0.0305
2025-09-22 16:27:39,174 - INFO - Example 109 completed: 539 steps, loss sum: 66.7521, final loss: 0.00098419, weight distance: 0.0305 (universal rank: 45190)
2025-09-22 16:27:39,174 - INFO - 
=== Worker 4 Training Example 110/798 (global idx 3303): /home/projects/bagon/shared/imagenet512/val/n03125729/ILSVRC2012_val_00008716.JPEG ===
2025-09-22 16:28:04,114 - INFO - Example /home/projects/bagon/shared/imagenet512/val/n03125729/ILSVRC2012_val_00008716.JPEG reached epsilon at step 452, loss sum: 103.1381, final loss: 0.00094604, weight distance: 0.0252
2025-09-22 16:28:05,264 - INFO - Example 110 completed: 452 steps, loss sum: 103.1381, final loss: 0.00094604, weight distance: 0.0252 (universal rank: 45192)
2025-09-22 16:28:05,265 - INFO - 
=== Worker 4 Training Example 111/798 (global idx 3304): /home/projects/bagon/shared/imagenet512/val/n03532672/ILSVRC2012_val_00024123.JPEG ===
2025-09-22 16:28:24,455 - INFO - Example /home/projects/bagon/shared/imagenet512/val/n03532672/ILSVRC2012_val_00024123.JPEG reached epsilon at step 368, loss sum: 150.2620, final loss: 0.00099182, weight distance: 0.0237
2025-09-22 16:28:25,228 - INFO - Example 111 completed: 368 steps, loss sum: 150.2620, final loss: 0.00099182, weight distance: 0.0237 (universal rank: 45193)
2025-09-22 16:28:25,228 - INFO - 
=== Worker 4 Training Example 112/798 (global idx 3305): /home/projects/bagon/shared/imagenet512/val/n03775071/ILSVRC2012_val_00022216.JPEG ===
2025-09-22 16:28:46,181 - INFO - Example /home/projects/bagon/shared/imagenet512/val/n03775071/ILSVRC2012_val_00022216.JPEG reached epsilon at step 389, loss sum: 58.0009, final loss: 0.00099182, weight distance: 0.0225
2025-09-22 16:28:46,850 - INFO - Example 112 completed: 389 steps, loss sum: 58.0009, final loss: 0.00099182, weight distance: 0.0225 (universal rank: 45194)
2025-09-22 16:28:46,851 - INFO - 
=== Worker 4 Training Example 113/798 (global idx 3306): /home/projects/bagon/shared/imagenet512/val/n02840245/ILSVRC2012_val_00041698.JPEG ===
2025-09-22 16:28:57,264 - INFO - Example /home/projects/bagon/shared/imagenet512/val/n02840245/ILSVRC2012_val_00041698.JPEG reached epsilon at step 198, loss sum: 19.6243, final loss: 0.00098419, weight distance: 0.0131
2025-09-22 16:29:00,944 - INFO - Example 113 completed: 198 steps, loss sum: 19.6243, final loss: 0.00098419, weight distance: 0.0131 (universal rank: 45195)
2025-09-22 16:29:00,944 - INFO - 
=== Worker 4 Training Example 114/798 (global idx 3307): /home/projects/bagon/shared/imagenet512/val/n04008634/ILSVRC2012_val_00049362.JPEG ===
2025-09-22 16:29:37,601 - INFO - Example /home/projects/bagon/shared/imagenet512/val/n04008634/ILSVRC2012_val_00049362.JPEG reached epsilon at step 689, loss sum: 51.0055, final loss: 0.00099182, weight distance: 0.0333
2025-09-22 16:29:38,237 - INFO - Example 114 completed: 689 steps, loss sum: 51.0055, final loss: 0.00099182, weight distance: 0.0333 (universal rank: 45196)
2025-09-22 16:29:38,237 - INFO - 
=== Worker 4 Training Example 115/798 (global idx 3308): /home/projects/bagon/shared/imagenet512/val/n03476991/ILSVRC2012_val_00025365.JPEG ===
2025-09-22 16:29:51,675 - INFO - Example /home/projects/bagon/shared/imagenet512/val/n03476991/ILSVRC2012_val_00025365.JPEG reached epsilon at step 257, loss sum: 153.2592, final loss: 0.00096130, weight distance: 0.0184
2025-09-22 16:29:52,327 - INFO - Example 115 completed: 257 steps, loss sum: 153.2592, final loss: 0.00096130, weight distance: 0.0184 (universal rank: 45198)
2025-09-22 16:29:52,327 - INFO - 
=== Worker 4 Training Example 116/798 (global idx 3309): /home/projects/bagon/shared/imagenet512/val/n03706229/ILSVRC2012_val_00008728.JPEG ===
2025-09-22 16:30:19,850 - INFO - Example /home/projects/bagon/shared/imagenet512/val/n03706229/ILSVRC2012_val_00008728.JPEG reached epsilon at step 528, loss sum: 7.3923, final loss: 0.00096512, weight distance: 0.0162
2025-09-22 16:30:20,487 - INFO - Example 116 completed: 528 steps, loss sum: 7.3923, final loss: 0.00096512, weight distance: 0.0162 (universal rank: 45199)
2025-09-22 16:30:20,487 - INFO - 
=== Worker 4 Training Example 117/798 (global idx 3310): /home/projects/bagon/shared/imagenet512/val/n02236044/ILSVRC2012_val_00012127.JPEG ===
2025-09-22 16:30:57,380 - INFO - Example /home/projects/bagon/shared/imagenet512/val/n02236044/ILSVRC2012_val_00012127.JPEG reached epsilon at step 707, loss sum: 458.0346, final loss: 0.00096893, weight distance: 0.0331
2025-09-22 16:30:58,133 - INFO - Example 117 completed: 707 steps, loss sum: 458.0346, final loss: 0.00096893, weight distance: 0.0331 (universal rank: 45201)
2025-09-22 16:30:58,133 - INFO - 
=== Worker 4 Training Example 118/798 (global idx 3311): /home/projects/bagon/shared/imagenet512/val/n04579145/ILSVRC2012_val_00033173.JPEG ===
2025-09-22 16:31:20,198 - INFO - Example /home/projects/bagon/shared/imagenet512/val/n04579145/ILSVRC2012_val_00033173.JPEG reached epsilon at step 422, loss sum: 107.6404, final loss: 0.00096130, weight distance: 0.0239
2025-09-22 16:31:20,862 - INFO - Example 118 completed: 422 steps, loss sum: 107.6404, final loss: 0.00096130, weight distance: 0.0239 (universal rank: 45202)
2025-09-22 16:31:20,862 - INFO - 
=== Worker 4 Training Example 119/798 (global idx 3312): /home/projects/bagon/shared/imagenet512/val/n02090721/ILSVRC2012_val_00030412.JPEG ===
2025-09-22 16:31:37,884 - INFO - Example /home/projects/bagon/shared/imagenet512/val/n02090721/ILSVRC2012_val_00030412.JPEG reached epsilon at step 323, loss sum: 9.3095, final loss: 0.00095749, weight distance: 0.0200
2025-09-22 16:31:38,541 - INFO - Example 119 completed: 323 steps, loss sum: 9.3095, final loss: 0.00095749, weight distance: 0.0200 (universal rank: 45203)
2025-09-22 16:31:38,541 - INFO - 
=== Worker 4 Training Example 120/798 (global idx 3313): /home/projects/bagon/shared/imagenet512/val/n02109961/ILSVRC2012_val_00028523.JPEG ===
2025-09-22 16:32:20,443 - INFO - Example /home/projects/bagon/shared/imagenet512/val/n02109961/ILSVRC2012_val_00028523.JPEG reached epsilon at step 803, loss sum: 138.1411, final loss: 0.00097656, weight distance: 0.0359
2025-09-22 16:32:21,354 - INFO - Example 120 completed: 803 steps, loss sum: 138.1411, final loss: 0.00097656, weight distance: 0.0359 (universal rank: 45205)
2025-09-22 16:32:21,355 - INFO - 
=== Worker 4 Training Example 121/798 (global idx 3314): /home/projects/bagon/shared/imagenet512/val/n04456115/ILSVRC2012_val_00035674.JPEG ===
2025-09-22 16:32:34,219 - INFO - Example /home/projects/bagon/shared/imagenet512/val/n04456115/ILSVRC2012_val_00035674.JPEG reached epsilon at step 247, loss sum: 116.2845, final loss: 0.00099945, weight distance: 0.0166
2025-09-22 16:32:34,880 - INFO - Example 121 completed: 247 steps, loss sum: 116.2845, final loss: 0.00099945, weight distance: 0.0166 (universal rank: 45207)
2025-09-22 16:32:34,880 - INFO - 
=== Worker 4 Training Example 122/798 (global idx 3315): /home/projects/bagon/shared/imagenet512/val/n01871265/ILSVRC2012_val_00011218.JPEG ===
2025-09-22 16:33:19,983 - INFO - Example /home/projects/bagon/shared/imagenet512/val/n01871265/ILSVRC2012_val_00011218.JPEG reached epsilon at step 864, loss sum: 137.6193, final loss: 0.00099182, weight distance: 0.0429
2025-09-22 16:33:20,639 - INFO - Example 122 completed: 864 steps, loss sum: 137.6193, final loss: 0.00099182, weight distance: 0.0429 (universal rank: 45209)
2025-09-22 16:33:20,639 - INFO - 
=== Worker 4 Training Example 123/798 (global idx 3316): /home/projects/bagon/shared/imagenet512/val/n03838899/ILSVRC2012_val_00044509.JPEG ===
2025-09-22 16:33:45,795 - INFO - Example /home/projects/bagon/shared/imagenet512/val/n03838899/ILSVRC2012_val_00044509.JPEG reached epsilon at step 483, loss sum: 50.1868, final loss: 0.00099182, weight distance: 0.0271
2025-09-22 16:33:46,459 - INFO - Example 123 completed: 483 steps, loss sum: 50.1868, final loss: 0.00099182, weight distance: 0.0271 (universal rank: 45210)
2025-09-22 16:33:46,459 - INFO - 
=== Worker 4 Training Example 124/798 (global idx 3317): /home/projects/bagon/shared/imagenet512/val/n02988304/ILSVRC2012_val_00035511.JPEG ===
2025-09-22 16:34:13,113 - INFO - Example /home/projects/bagon/shared/imagenet512/val/n02988304/ILSVRC2012_val_00035511.JPEG reached epsilon at step 510, loss sum: 163.8865, final loss: 0.00097656, weight distance: 0.0324
2025-09-22 16:34:14,082 - INFO - Example 124 completed: 510 steps, loss sum: 163.8865, final loss: 0.00097656, weight distance: 0.0324 (universal rank: 45211)
2025-09-22 16:34:14,082 - INFO - 
=== Worker 4 Training Example 125/798 (global idx 3318): /home/projects/bagon/shared/imagenet512/val/n02667093/ILSVRC2012_val_00044339.JPEG ===
2025-09-22 16:34:30,186 - INFO - Example /home/projects/bagon/shared/imagenet512/val/n02667093/ILSVRC2012_val_00044339.JPEG reached epsilon at step 288, loss sum: 103.9348, final loss: 0.00098419, weight distance: 0.0151
2025-09-22 16:34:30,843 - INFO - Example 125 completed: 288 steps, loss sum: 103.9348, final loss: 0.00098419, weight distance: 0.0151 (universal rank: 45212)
2025-09-22 16:34:30,843 - INFO - 
=== Worker 4 Training Example 126/798 (global idx 3319): /home/projects/bagon/shared/imagenet512/val/n03461385/ILSVRC2012_val_00003568.JPEG ===
2025-09-22 16:34:46,432 - INFO - Example /home/projects/bagon/shared/imagenet512/val/n03461385/ILSVRC2012_val_00003568.JPEG reached epsilon at step 298, loss sum: 13.4170, final loss: 0.00095367, weight distance: 0.0187
2025-09-22 16:34:47,083 - INFO - Example 126 completed: 298 steps, loss sum: 13.4170, final loss: 0.00095367, weight distance: 0.0187 (universal rank: 45214)
2025-09-22 16:34:47,083 - INFO - 
=== Worker 4 Training Example 127/798 (global idx 3320): /home/projects/bagon/shared/imagenet512/val/n01744401/ILSVRC2012_val_00001482.JPEG ===
2025-09-22 16:35:16,268 - INFO - Example /home/projects/bagon/shared/imagenet512/val/n01744401/ILSVRC2012_val_00001482.JPEG reached epsilon at step 554, loss sum: 479.9435, final loss: 0.00099945, weight distance: 0.0315
2025-09-22 16:35:16,920 - INFO - Example 127 completed: 554 steps, loss sum: 479.9435, final loss: 0.00099945, weight distance: 0.0315 (universal rank: 45215)
2025-09-22 16:35:16,920 - INFO - 
=== Worker 4 Training Example 128/798 (global idx 3321): /home/projects/bagon/shared/imagenet512/val/n02869837/ILSVRC2012_val_00016535.JPEG ===
2025-09-22 16:35:35,793 - INFO - Example /home/projects/bagon/shared/imagenet512/val/n02869837/ILSVRC2012_val_00016535.JPEG reached epsilon at step 361, loss sum: 55.9275, final loss: 0.00098419, weight distance: 0.0245
2025-09-22 16:35:36,467 - INFO - Example 128 completed: 361 steps, loss sum: 55.9275, final loss: 0.00098419, weight distance: 0.0245 (universal rank: 45216)
2025-09-22 16:35:36,467 - INFO - 
=== Worker 4 Training Example 129/798 (global idx 3322): /home/projects/bagon/shared/imagenet512/val/n04069434/ILSVRC2012_val_00030477.JPEG ===
2025-09-22 16:36:04,241 - INFO - Example /home/projects/bagon/shared/imagenet512/val/n04069434/ILSVRC2012_val_00030477.JPEG reached epsilon at step 531, loss sum: 71.6658, final loss: 0.00094986, weight distance: 0.0275
2025-09-22 16:36:04,896 - INFO - Example 129 completed: 531 steps, loss sum: 71.6658, final loss: 0.00094986, weight distance: 0.0275 (universal rank: 45217)
2025-09-22 16:36:04,896 - INFO - 
=== Worker 4 Training Example 130/798 (global idx 3323): /home/projects/bagon/shared/imagenet512/val/n04136333/ILSVRC2012_val_00002902.JPEG ===
2025-09-22 16:36:23,170 - INFO - Example /home/projects/bagon/shared/imagenet512/val/n04136333/ILSVRC2012_val_00002902.JPEG reached epsilon at step 350, loss sum: 63.8397, final loss: 0.00098419, weight distance: 0.0185
2025-09-22 16:36:23,905 - INFO - Example 130 completed: 350 steps, loss sum: 63.8397, final loss: 0.00098419, weight distance: 0.0185 (universal rank: 45218)
2025-09-22 16:36:23,905 - INFO - 
=== Worker 4 Training Example 131/798 (global idx 3324): /home/projects/bagon/shared/imagenet512/val/n07860988/ILSVRC2012_val_00033051.JPEG ===
2025-09-22 16:36:50,114 - INFO - Example /home/projects/bagon/shared/imagenet512/val/n07860988/ILSVRC2012_val_00033051.JPEG reached epsilon at step 504, loss sum: 124.9452, final loss: 0.00095749, weight distance: 0.0285
2025-09-22 16:36:50,790 - INFO - Example 131 completed: 504 steps, loss sum: 124.9452, final loss: 0.00095749, weight distance: 0.0285 (universal rank: 45219)
2025-09-22 16:36:50,790 - INFO - 
=== Worker 4 Training Example 132/798 (global idx 3325): /home/projects/bagon/shared/imagenet512/val/n03400231/ILSVRC2012_val_00015404.JPEG ===
2025-09-22 16:37:13,188 - INFO - Example /home/projects/bagon/shared/imagenet512/val/n03400231/ILSVRC2012_val_00015404.JPEG reached epsilon at step 427, loss sum: 51.8218, final loss: 0.00099945, weight distance: 0.0273
2025-09-22 16:37:13,847 - INFO - Example 132 completed: 427 steps, loss sum: 51.8218, final loss: 0.00099945, weight distance: 0.0273 (universal rank: 45220)
2025-09-22 16:37:13,848 - INFO - 
=== Worker 4 Training Example 133/798 (global idx 3326): /home/projects/bagon/shared/imagenet512/val/n03085013/ILSVRC2012_val_00025409.JPEG ===
2025-09-22 16:37:42,665 - INFO - Example /home/projects/bagon/shared/imagenet512/val/n03085013/ILSVRC2012_val_00025409.JPEG reached epsilon at step 554, loss sum: 107.1587, final loss: 0.00096893, weight distance: 0.0316
2025-09-22 16:37:43,493 - INFO - Example 133 completed: 554 steps, loss sum: 107.1587, final loss: 0.00096893, weight distance: 0.0316 (universal rank: 45222)
2025-09-22 16:37:43,493 - INFO - 
=== Worker 4 Training Example 134/798 (global idx 3327): /home/projects/bagon/shared/imagenet512/val/n01843383/ILSVRC2012_val_00029589.JPEG ===
2025-09-22 16:38:13,371 - INFO - Example /home/projects/bagon/shared/imagenet512/val/n01843383/ILSVRC2012_val_00029589.JPEG reached epsilon at step 567, loss sum: 14.1055, final loss: 0.00099945, weight distance: 0.0330
2025-09-22 16:38:15,439 - INFO - Example 134 completed: 567 steps, loss sum: 14.1055, final loss: 0.00099945, weight distance: 0.0330 (universal rank: 45223)
2025-09-22 16:38:15,440 - INFO - 
=== Worker 4 Training Example 135/798 (global idx 3328): /home/projects/bagon/shared/imagenet512/val/n04111531/ILSVRC2012_val_00029341.JPEG ===
2025-09-22 16:38:32,662 - INFO - Example /home/projects/bagon/shared/imagenet512/val/n04111531/ILSVRC2012_val_00029341.JPEG reached epsilon at step 330, loss sum: 9.6913, final loss: 0.00097656, weight distance: 0.0180
2025-09-22 16:38:33,306 - INFO - Example 135 completed: 330 steps, loss sum: 9.6913, final loss: 0.00097656, weight distance: 0.0180 (universal rank: 45225)
2025-09-22 16:38:33,306 - INFO - 
=== Worker 4 Training Example 136/798 (global idx 3329): /home/projects/bagon/shared/imagenet512/val/n04235860/ILSVRC2012_val_00007955.JPEG ===
2025-09-22 16:38:47,798 - INFO - Example /home/projects/bagon/shared/imagenet512/val/n04235860/ILSVRC2012_val_00007955.JPEG reached epsilon at step 277, loss sum: 13.9958, final loss: 0.00095367, weight distance: 0.0155
2025-09-22 16:38:48,442 - INFO - Example 136 completed: 277 steps, loss sum: 13.9958, final loss: 0.00095367, weight distance: 0.0155 (universal rank: 45226)
2025-09-22 16:38:48,442 - INFO - 
=== Worker 4 Training Example 137/798 (global idx 3330): /home/projects/bagon/shared/imagenet512/val/n01985128/ILSVRC2012_val_00013580.JPEG ===
2025-09-22 16:39:21,479 - INFO - Example /home/projects/bagon/shared/imagenet512/val/n01985128/ILSVRC2012_val_00013580.JPEG reached epsilon at step 636, loss sum: 32.0558, final loss: 0.00095749, weight distance: 0.0310
2025-09-22 16:39:22,131 - INFO - Example 137 completed: 636 steps, loss sum: 32.0558, final loss: 0.00095749, weight distance: 0.0310 (universal rank: 45227)
2025-09-22 16:39:22,132 - INFO - 
=== Worker 4 Training Example 138/798 (global idx 3331): /home/projects/bagon/shared/imagenet512/val/n03724870/ILSVRC2012_val_00003148.JPEG ===
2025-09-22 16:40:06,345 - INFO - Example /home/projects/bagon/shared/imagenet512/val/n03724870/ILSVRC2012_val_00003148.JPEG reached epsilon at step 848, loss sum: 119.2104, final loss: 0.00099182, weight distance: 0.0114
2025-09-22 16:40:07,005 - INFO - Example 138 completed: 848 steps, loss sum: 119.2104, final loss: 0.00099182, weight distance: 0.0114 (universal rank: 45228)
2025-09-22 16:40:07,005 - INFO - 
=== Worker 4 Training Example 139/798 (global idx 3332): /home/projects/bagon/shared/imagenet512/val/n03929855/ILSVRC2012_val_00022617.JPEG ===
2025-09-22 16:40:34,385 - INFO - Example /home/projects/bagon/shared/imagenet512/val/n03929855/ILSVRC2012_val_00022617.JPEG reached epsilon at step 527, loss sum: 285.6485, final loss: 0.00096512, weight distance: 0.0322
2025-09-22 16:40:35,047 - INFO - Example 139 completed: 527 steps, loss sum: 285.6485, final loss: 0.00096512, weight distance: 0.0322 (universal rank: 45229)
2025-09-22 16:40:35,047 - INFO - 
=== Worker 4 Training Example 140/798 (global idx 3333): /home/projects/bagon/shared/imagenet512/val/n04259630/ILSVRC2012_val_00013340.JPEG ===
2025-09-22 16:40:50,741 - INFO - Example /home/projects/bagon/shared/imagenet512/val/n04259630/ILSVRC2012_val_00013340.JPEG reached epsilon at step 298, loss sum: 103.7783, final loss: 0.00096512, weight distance: 0.0185
2025-09-22 16:40:51,371 - INFO - Example 140 completed: 298 steps, loss sum: 103.7783, final loss: 0.00096512, weight distance: 0.0185 (universal rank: 45230)
2025-09-22 16:40:51,371 - INFO - 
=== Worker 4 Training Example 141/798 (global idx 3334): /home/projects/bagon/shared/imagenet512/val/n04332243/ILSVRC2012_val_00030726.JPEG ===
2025-09-22 16:41:05,248 - INFO - Example /home/projects/bagon/shared/imagenet512/val/n04332243/ILSVRC2012_val_00030726.JPEG reached epsilon at step 263, loss sum: 19.5119, final loss: 0.00096512, weight distance: 0.0150
2025-09-22 16:41:06,647 - INFO - Example 141 completed: 263 steps, loss sum: 19.5119, final loss: 0.00096512, weight distance: 0.0150 (universal rank: 45232)
2025-09-22 16:41:06,647 - INFO - 
=== Worker 4 Training Example 142/798 (global idx 3335): /home/projects/bagon/shared/imagenet512/val/n02110185/ILSVRC2012_val_00041189.JPEG ===
2025-09-22 16:41:55,870 - INFO - Example /home/projects/bagon/shared/imagenet512/val/n02110185/ILSVRC2012_val_00041189.JPEG reached epsilon at step 945, loss sum: 130.7003, final loss: 0.00096893, weight distance: 0.0440
2025-09-22 16:41:56,680 - INFO - Example 142 completed: 945 steps, loss sum: 130.7003, final loss: 0.00096893, weight distance: 0.0440 (universal rank: 45234)
2025-09-22 16:41:56,681 - INFO - 
=== Worker 4 Training Example 143/798 (global idx 3336): /home/projects/bagon/shared/imagenet512/val/n02988304/ILSVRC2012_val_00007354.JPEG ===
2025-09-22 16:42:29,444 - INFO - Example /home/projects/bagon/shared/imagenet512/val/n02988304/ILSVRC2012_val_00007354.JPEG reached epsilon at step 628, loss sum: 102.0164, final loss: 0.00099182, weight distance: 0.0268
2025-09-22 16:42:30,203 - INFO - Example 143 completed: 628 steps, loss sum: 102.0164, final loss: 0.00099182, weight distance: 0.0268 (universal rank: 45235)
2025-09-22 16:42:30,203 - INFO - 
=== Worker 4 Training Example 144/798 (global idx 3337): /home/projects/bagon/shared/imagenet512/val/n02124075/ILSVRC2012_val_00041579.JPEG ===
2025-09-22 16:42:52,394 - INFO - Example /home/projects/bagon/shared/imagenet512/val/n02124075/ILSVRC2012_val_00041579.JPEG reached epsilon at step 425, loss sum: 37.8050, final loss: 0.00096893, weight distance: 0.0199
2025-09-22 16:42:53,031 - INFO - Example 144 completed: 425 steps, loss sum: 37.8050, final loss: 0.00096893, weight distance: 0.0199 (universal rank: 45236)
2025-09-22 16:42:53,032 - INFO - 
=== Worker 4 Training Example 145/798 (global idx 3338): /home/projects/bagon/shared/imagenet512/val/n04009552/ILSVRC2012_val_00047644.JPEG ===
2025-09-22 16:43:10,823 - INFO - Example /home/projects/bagon/shared/imagenet512/val/n04009552/ILSVRC2012_val_00047644.JPEG reached epsilon at step 339, loss sum: 70.6652, final loss: 0.00099945, weight distance: 0.0167
2025-09-22 16:43:11,473 - INFO - Example 145 completed: 339 steps, loss sum: 70.6652, final loss: 0.00099945, weight distance: 0.0167 (universal rank: 45237)
2025-09-22 16:43:11,473 - INFO - 
=== Worker 4 Training Example 146/798 (global idx 3339): /home/projects/bagon/shared/imagenet512/val/n04423845/ILSVRC2012_val_00026989.JPEG ===
2025-09-22 16:43:25,739 - INFO - Example /home/projects/bagon/shared/imagenet512/val/n04423845/ILSVRC2012_val_00026989.JPEG reached epsilon at step 274, loss sum: 153.7249, final loss: 0.00099945, weight distance: 0.0196
2025-09-22 16:43:26,379 - INFO - Example 146 completed: 274 steps, loss sum: 153.7249, final loss: 0.00099945, weight distance: 0.0196 (universal rank: 45238)
2025-09-22 16:43:26,379 - INFO - 
=== Worker 4 Training Example 147/798 (global idx 3340): /home/projects/bagon/shared/imagenet512/val/n07711569/ILSVRC2012_val_00013084.JPEG ===
2025-09-22 16:43:46,612 - INFO - Example /home/projects/bagon/shared/imagenet512/val/n07711569/ILSVRC2012_val_00013084.JPEG reached epsilon at step 387, loss sum: 85.7493, final loss: 0.00098419, weight distance: 0.0206
2025-09-22 16:43:47,253 - INFO - Example 147 completed: 387 steps, loss sum: 85.7493, final loss: 0.00098419, weight distance: 0.0206 (universal rank: 45239)
2025-09-22 16:43:47,253 - INFO - 
=== Worker 4 Training Example 148/798 (global idx 3341): /home/projects/bagon/shared/imagenet512/val/n03958227/ILSVRC2012_val_00027015.JPEG ===
2025-09-22 16:44:01,182 - INFO - Example /home/projects/bagon/shared/imagenet512/val/n03958227/ILSVRC2012_val_00027015.JPEG reached epsilon at step 266, loss sum: 145.3772, final loss: 0.00094604, weight distance: 0.0153
2025-09-22 16:44:02,048 - INFO - Example 148 completed: 266 steps, loss sum: 145.3772, final loss: 0.00094604, weight distance: 0.0153 (universal rank: 45240)
2025-09-22 16:44:02,048 - INFO - 
=== Worker 4 Training Example 149/798 (global idx 3342): /home/projects/bagon/shared/imagenet512/val/n04372370/ILSVRC2012_val_00041016.JPEG ===
2025-09-22 16:44:23,667 - INFO - Example /home/projects/bagon/shared/imagenet512/val/n04372370/ILSVRC2012_val_00041016.JPEG reached epsilon at step 400, loss sum: 210.9001, final loss: 0.00095749, weight distance: 0.0142
2025-09-22 16:44:24,339 - INFO - Example 149 completed: 400 steps, loss sum: 210.9001, final loss: 0.00095749, weight distance: 0.0142 (universal rank: 45242)
2025-09-22 16:44:24,339 - INFO - 
=== Worker 4 Training Example 150/798 (global idx 3343): /home/projects/bagon/shared/imagenet512/val/n04409515/ILSVRC2012_val_00019125.JPEG ===
2025-09-22 16:44:48,789 - INFO - Example /home/projects/bagon/shared/imagenet512/val/n04409515/ILSVRC2012_val_00019125.JPEG reached epsilon at step 461, loss sum: 119.9825, final loss: 0.00099182, weight distance: 0.0306
2025-09-22 16:44:50,087 - INFO - Example 150 completed: 461 steps, loss sum: 119.9825, final loss: 0.00099182, weight distance: 0.0306 (universal rank: 45243)
2025-09-22 16:44:50,087 - INFO - 
=== Worker 4 Training Example 151/798 (global idx 3344): /home/projects/bagon/shared/imagenet512/val/n03272010/ILSVRC2012_val_00006680.JPEG ===
2025-09-22 16:45:17,772 - INFO - Example /home/projects/bagon/shared/imagenet512/val/n03272010/ILSVRC2012_val_00006680.JPEG reached epsilon at step 529, loss sum: 4.3727, final loss: 0.00098419, weight distance: 0.0138
2025-09-22 16:45:18,436 - INFO - Example 151 completed: 529 steps, loss sum: 4.3727, final loss: 0.00098419, weight distance: 0.0138 (universal rank: 45244)
2025-09-22 16:45:18,436 - INFO - 
=== Worker 4 Training Example 152/798 (global idx 3345): /home/projects/bagon/shared/imagenet512/val/n07930864/ILSVRC2012_val_00048321.JPEG ===
2025-09-22 16:45:49,585 - INFO - Example /home/projects/bagon/shared/imagenet512/val/n07930864/ILSVRC2012_val_00048321.JPEG reached epsilon at step 599, loss sum: 104.9715, final loss: 0.00096130, weight distance: 0.0329
2025-09-22 16:45:50,243 - INFO - Example 152 completed: 599 steps, loss sum: 104.9715, final loss: 0.00096130, weight distance: 0.0329 (universal rank: 45245)
2025-09-22 16:45:50,243 - INFO - 
=== Worker 4 Training Example 153/798 (global idx 3346): /home/projects/bagon/shared/imagenet512/val/n03793489/ILSVRC2012_val_00017816.JPEG ===
2025-09-22 16:46:06,215 - INFO - Example /home/projects/bagon/shared/imagenet512/val/n03793489/ILSVRC2012_val_00017816.JPEG reached epsilon at step 305, loss sum: 55.7915, final loss: 0.00097656, weight distance: 0.0190
2025-09-22 16:46:06,930 - INFO - Example 153 completed: 305 steps, loss sum: 55.7915, final loss: 0.00097656, weight distance: 0.0190 (universal rank: 45246)
2025-09-22 16:46:06,931 - INFO - 
=== Worker 4 Training Example 154/798 (global idx 3347): /home/projects/bagon/shared/imagenet512/val/n02981792/ILSVRC2012_val_00020540.JPEG ===
2025-09-22 16:46:53,077 - INFO - Example /home/projects/bagon/shared/imagenet512/val/n02981792/ILSVRC2012_val_00020540.JPEG reached epsilon at step 889, loss sum: 23.1058, final loss: 0.00097656, weight distance: 0.0366
2025-09-22 16:46:54,237 - INFO - Example 154 completed: 889 steps, loss sum: 23.1058, final loss: 0.00097656, weight distance: 0.0366 (universal rank: 45247)
2025-09-22 16:46:54,238 - INFO - 
=== Worker 4 Training Example 155/798 (global idx 3348): /home/projects/bagon/shared/imagenet512/val/n02113186/ILSVRC2012_val_00049884.JPEG ===
2025-09-22 16:47:21,918 - INFO - Example /home/projects/bagon/shared/imagenet512/val/n02113186/ILSVRC2012_val_00049884.JPEG reached epsilon at step 531, loss sum: 102.0152, final loss: 0.00096512, weight distance: 0.0296
2025-09-22 16:47:22,553 - INFO - Example 155 completed: 531 steps, loss sum: 102.0152, final loss: 0.00096512, weight distance: 0.0296 (universal rank: 45248)
2025-09-22 16:47:22,554 - INFO - 
=== Worker 4 Training Example 156/798 (global idx 3349): /home/projects/bagon/shared/imagenet512/val/n02074367/ILSVRC2012_val_00002000.JPEG ===
2025-09-22 16:47:38,893 - INFO - Example /home/projects/bagon/shared/imagenet512/val/n02074367/ILSVRC2012_val_00002000.JPEG reached epsilon at step 313, loss sum: 101.8653, final loss: 0.00096512, weight distance: 0.0158
2025-09-22 16:47:39,532 - INFO - Example 156 completed: 313 steps, loss sum: 101.8653, final loss: 0.00096512, weight distance: 0.0158 (universal rank: 45250)
2025-09-22 16:47:39,532 - INFO - 
=== Worker 4 Training Example 157/798 (global idx 3350): /home/projects/bagon/shared/imagenet512/val/n02992529/ILSVRC2012_val_00031438.JPEG ===
2025-09-22 16:48:20,098 - INFO - Example /home/projects/bagon/shared/imagenet512/val/n02992529/ILSVRC2012_val_00031438.JPEG reached epsilon at step 777, loss sum: 377.5081, final loss: 0.00099945, weight distance: 0.0198
2025-09-22 16:48:20,745 - INFO - Example 157 completed: 777 steps, loss sum: 377.5081, final loss: 0.00099945, weight distance: 0.0198 (universal rank: 45251)
2025-09-22 16:48:20,745 - INFO - 
=== Worker 4 Training Example 158/798 (global idx 3351): /home/projects/bagon/shared/imagenet512/val/n03733805/ILSVRC2012_val_00033697.JPEG ===
2025-09-22 16:48:43,298 - INFO - Example /home/projects/bagon/shared/imagenet512/val/n03733805/ILSVRC2012_val_00033697.JPEG reached epsilon at step 434, loss sum: 66.0832, final loss: 0.00096512, weight distance: 0.0238
2025-09-22 16:48:44,200 - INFO - Example 158 completed: 434 steps, loss sum: 66.0832, final loss: 0.00096512, weight distance: 0.0238 (universal rank: 45252)
2025-09-22 16:48:44,200 - INFO - 
=== Worker 4 Training Example 159/798 (global idx 3352): /home/projects/bagon/shared/imagenet512/val/n03249569/ILSVRC2012_val_00002043.JPEG ===
2025-09-22 16:49:05,069 - INFO - Example /home/projects/bagon/shared/imagenet512/val/n03249569/ILSVRC2012_val_00002043.JPEG reached epsilon at step 397, loss sum: 51.6932, final loss: 0.00096893, weight distance: 0.0232
2025-09-22 16:49:05,741 - INFO - Example 159 completed: 397 steps, loss sum: 51.6932, final loss: 0.00096893, weight distance: 0.0232 (universal rank: 45254)
2025-09-22 16:49:05,742 - INFO - 
=== Worker 4 Training Example 160/798 (global idx 3353): /home/projects/bagon/shared/imagenet512/val/n07742313/ILSVRC2012_val_00034491.JPEG ===
2025-09-22 16:49:35,439 - INFO - Example /home/projects/bagon/shared/imagenet512/val/n07742313/ILSVRC2012_val_00034491.JPEG reached epsilon at step 569, loss sum: 67.0844, final loss: 0.00096130, weight distance: 0.0292
2025-09-22 16:49:36,147 - INFO - Example 160 completed: 569 steps, loss sum: 67.0844, final loss: 0.00096130, weight distance: 0.0292 (universal rank: 45255)
2025-09-22 16:49:36,147 - INFO - 
=== Worker 4 Training Example 161/798 (global idx 3354): /home/projects/bagon/shared/imagenet512/val/n03141823/ILSVRC2012_val_00037313.JPEG ===
2025-09-22 16:49:51,123 - INFO - Example /home/projects/bagon/shared/imagenet512/val/n03141823/ILSVRC2012_val_00037313.JPEG reached epsilon at step 286, loss sum: 133.3113, final loss: 0.00094986, weight distance: 0.0142
2025-09-22 16:49:52,210 - INFO - Example 161 completed: 286 steps, loss sum: 133.3113, final loss: 0.00094986, weight distance: 0.0142 (universal rank: 45256)
2025-09-22 16:49:52,210 - INFO - 
=== Worker 4 Training Example 162/798 (global idx 3355): /home/projects/bagon/shared/imagenet512/val/n04081281/ILSVRC2012_val_00039444.JPEG ===
2025-09-22 16:50:07,345 - INFO - Example /home/projects/bagon/shared/imagenet512/val/n04081281/ILSVRC2012_val_00039444.JPEG reached epsilon at step 289, loss sum: 33.4183, final loss: 0.00099945, weight distance: 0.0182
2025-09-22 16:50:08,000 - INFO - Example 162 completed: 289 steps, loss sum: 33.4183, final loss: 0.00099945, weight distance: 0.0182 (universal rank: 45257)
2025-09-22 16:50:08,000 - INFO - 
=== Worker 4 Training Example 163/798 (global idx 3356): /home/projects/bagon/shared/imagenet512/val/n01756291/ILSVRC2012_val_00020569.JPEG ===
2025-09-22 16:52:12,083 - INFO - Example /home/projects/bagon/shared/imagenet512/val/n01756291/ILSVRC2012_val_00020569.JPEG reached epsilon at step 2379, loss sum: 139.3838, final loss: 0.00099945, weight distance: 0.0405
2025-09-22 16:52:13,876 - INFO - Example 163 completed: 2379 steps, loss sum: 139.3838, final loss: 0.00099945, weight distance: 0.0405 (universal rank: 45259)
2025-09-22 16:52:13,876 - INFO - 
=== Worker 4 Training Example 164/798 (global idx 3357): /home/projects/bagon/shared/imagenet512/val/n03014705/ILSVRC2012_val_00044628.JPEG ===
2025-09-22 16:52:34,162 - INFO - Example /home/projects/bagon/shared/imagenet512/val/n03014705/ILSVRC2012_val_00044628.JPEG reached epsilon at step 375, loss sum: 41.7287, final loss: 0.00099945, weight distance: 0.0194
2025-09-22 16:52:34,807 - INFO - Example 164 completed: 375 steps, loss sum: 41.7287, final loss: 0.00099945, weight distance: 0.0194 (universal rank: 45260)
2025-09-22 16:52:34,807 - INFO - 
=== Worker 4 Training Example 165/798 (global idx 3358): /home/projects/bagon/shared/imagenet512/val/n04392985/ILSVRC2012_val_00029455.JPEG ===
2025-09-22 16:53:46,937 - INFO - Example /home/projects/bagon/shared/imagenet512/val/n04392985/ILSVRC2012_val_00029455.JPEG reached epsilon at step 1391, loss sum: 146.9247, final loss: 0.00095749, weight distance: 0.0454
2025-09-22 16:53:47,601 - INFO - Example 165 completed: 1391 steps, loss sum: 146.9247, final loss: 0.00095749, weight distance: 0.0454 (universal rank: 45263)
2025-09-22 16:53:47,601 - INFO - 
=== Worker 4 Training Example 166/798 (global idx 3359): /home/projects/bagon/shared/imagenet512/val/n04522168/ILSVRC2012_val_00046271.JPEG ===
2025-09-22 16:54:10,326 - INFO - Example /home/projects/bagon/shared/imagenet512/val/n04522168/ILSVRC2012_val_00046271.JPEG reached epsilon at step 436, loss sum: 47.3613, final loss: 0.00096130, weight distance: 0.0197
2025-09-22 16:54:10,955 - INFO - Example 166 completed: 436 steps, loss sum: 47.3613, final loss: 0.00096130, weight distance: 0.0197 (universal rank: 45264)
2025-09-22 16:54:10,955 - INFO - 
=== Worker 4 Training Example 167/798 (global idx 3360): /home/projects/bagon/shared/imagenet512/val/n03637318/ILSVRC2012_val_00047460.JPEG ===
2025-09-22 16:54:38,230 - INFO - Example /home/projects/bagon/shared/imagenet512/val/n03637318/ILSVRC2012_val_00047460.JPEG reached epsilon at step 525, loss sum: 71.2191, final loss: 0.00094986, weight distance: 0.0272
2025-09-22 16:54:38,879 - INFO - Example 167 completed: 525 steps, loss sum: 71.2191, final loss: 0.00094986, weight distance: 0.0272 (universal rank: 45265)
2025-09-22 16:54:38,879 - INFO - 
=== Worker 4 Training Example 168/798 (global idx 3361): /home/projects/bagon/shared/imagenet512/val/n03534580/ILSVRC2012_val_00042152.JPEG ===
2025-09-22 16:54:59,680 - INFO - Example /home/projects/bagon/shared/imagenet512/val/n03534580/ILSVRC2012_val_00042152.JPEG reached epsilon at step 400, loss sum: 240.0664, final loss: 0.00099945, weight distance: 0.0215
2025-09-22 16:55:00,339 - INFO - Example 168 completed: 400 steps, loss sum: 240.0664, final loss: 0.00099945, weight distance: 0.0215 (universal rank: 45266)
2025-09-22 16:55:00,339 - INFO - 
=== Worker 4 Training Example 169/798 (global idx 3362): /home/projects/bagon/shared/imagenet512/val/n07583066/ILSVRC2012_val_00038089.JPEG ===
2025-09-22 16:55:33,892 - INFO - Example /home/projects/bagon/shared/imagenet512/val/n07583066/ILSVRC2012_val_00038089.JPEG reached epsilon at step 639, loss sum: 67.7500, final loss: 0.00099182, weight distance: 0.0355
2025-09-22 16:55:34,539 - INFO - Example 169 completed: 639 steps, loss sum: 67.7500, final loss: 0.00099182, weight distance: 0.0355 (universal rank: 45267)
2025-09-22 16:55:34,539 - INFO - 
=== Worker 4 Training Example 170/798 (global idx 3363): /home/projects/bagon/shared/imagenet512/val/n03933933/ILSVRC2012_val_00040499.JPEG ===
2025-09-22 16:56:29,744 - INFO - Example /home/projects/bagon/shared/imagenet512/val/n03933933/ILSVRC2012_val_00040499.JPEG reached epsilon at step 1063, loss sum: 70.3940, final loss: 0.00099182, weight distance: 0.0159
2025-09-22 16:56:30,400 - INFO - Example 170 completed: 1063 steps, loss sum: 70.3940, final loss: 0.00099182, weight distance: 0.0159 (universal rank: 45268)
2025-09-22 16:56:30,400 - INFO - 
=== Worker 4 Training Example 171/798 (global idx 3364): /home/projects/bagon/shared/imagenet512/val/n01667114/ILSVRC2012_val_00016550.JPEG ===
2025-09-22 17:00:38,243 - INFO - Example /home/projects/bagon/shared/imagenet512/val/n01667114/ILSVRC2012_val_00016550.JPEG reached epsilon at step 4776, loss sum: 402.7848, final loss: 0.00099945, weight distance: 0.0377
2025-09-22 17:00:38,906 - INFO - Example 171 completed: 4776 steps, loss sum: 402.7848, final loss: 0.00099945, weight distance: 0.0377 (universal rank: 45269)
2025-09-22 17:00:38,907 - INFO - 
=== Worker 4 Training Example 172/798 (global idx 3365): /home/projects/bagon/shared/imagenet512/val/n02108089/ILSVRC2012_val_00023231.JPEG ===
2025-09-22 17:01:04,338 - INFO - Example /home/projects/bagon/shared/imagenet512/val/n02108089/ILSVRC2012_val_00023231.JPEG reached epsilon at step 489, loss sum: 286.4008, final loss: 0.00097656, weight distance: 0.0291
2025-09-22 17:01:04,993 - INFO - Example 172 completed: 489 steps, loss sum: 286.4008, final loss: 0.00097656, weight distance: 0.0291 (universal rank: 45270)
2025-09-22 17:01:04,993 - INFO - 
=== Worker 4 Training Example 173/798 (global idx 3366): /home/projects/bagon/shared/imagenet512/val/n04033901/ILSVRC2012_val_00003041.JPEG ===
2025-09-22 17:01:25,978 - INFO - Example /home/projects/bagon/shared/imagenet512/val/n04033901/ILSVRC2012_val_00003041.JPEG reached epsilon at step 404, loss sum: 31.6057, final loss: 0.00098419, weight distance: 0.0145
2025-09-22 17:01:26,915 - INFO - Example 173 completed: 404 steps, loss sum: 31.6057, final loss: 0.00098419, weight distance: 0.0145 (universal rank: 45271)
2025-09-22 17:01:26,915 - INFO - 
=== Worker 4 Training Example 174/798 (global idx 3367): /home/projects/bagon/shared/imagenet512/val/n02640242/ILSVRC2012_val_00032922.JPEG ===
2025-09-22 17:01:51,225 - INFO - Example /home/projects/bagon/shared/imagenet512/val/n02640242/ILSVRC2012_val_00032922.JPEG reached epsilon at step 466, loss sum: 109.6887, final loss: 0.00097656, weight distance: 0.0285
2025-09-22 17:01:51,885 - INFO - Example 174 completed: 466 steps, loss sum: 109.6887, final loss: 0.00097656, weight distance: 0.0285 (universal rank: 45273)
2025-09-22 17:01:51,885 - INFO - 
=== Worker 4 Training Example 175/798 (global idx 3368): /home/projects/bagon/shared/imagenet512/val/n07695742/ILSVRC2012_val_00004195.JPEG ===
2025-09-22 17:02:12,781 - INFO - Example /home/projects/bagon/shared/imagenet512/val/n07695742/ILSVRC2012_val_00004195.JPEG reached epsilon at step 402, loss sum: 151.1305, final loss: 0.00095749, weight distance: 0.0224
2025-09-22 17:02:13,716 - INFO - Example 175 completed: 402 steps, loss sum: 151.1305, final loss: 0.00095749, weight distance: 0.0224 (universal rank: 45274)
2025-09-22 17:02:13,716 - INFO - 
=== Worker 4 Training Example 176/798 (global idx 3369): /home/projects/bagon/shared/imagenet512/val/n02018795/ILSVRC2012_val_00044999.JPEG ===
2025-09-22 17:02:34,907 - INFO - Example /home/projects/bagon/shared/imagenet512/val/n02018795/ILSVRC2012_val_00044999.JPEG reached epsilon at step 402, loss sum: 176.0096, final loss: 0.00098419, weight distance: 0.0195
2025-09-22 17:02:35,549 - INFO - Example 176 completed: 402 steps, loss sum: 176.0096, final loss: 0.00098419, weight distance: 0.0195 (universal rank: 45275)
2025-09-22 17:02:35,549 - INFO - 
=== Worker 4 Training Example 177/798 (global idx 3370): /home/projects/bagon/shared/imagenet512/val/n04525038/ILSVRC2012_val_00036415.JPEG ===
2025-09-22 17:02:51,663 - INFO - Example /home/projects/bagon/shared/imagenet512/val/n04525038/ILSVRC2012_val_00036415.JPEG reached epsilon at step 309, loss sum: 312.6188, final loss: 0.00096893, weight distance: 0.0227
2025-09-22 17:02:52,320 - INFO - Example 177 completed: 309 steps, loss sum: 312.6188, final loss: 0.00096893, weight distance: 0.0227 (universal rank: 45276)
2025-09-22 17:02:52,320 - INFO - 
=== Worker 4 Training Example 178/798 (global idx 3371): /home/projects/bagon/shared/imagenet512/val/n03796401/ILSVRC2012_val_00000365.JPEG ===
2025-09-22 17:03:09,025 - INFO - Example /home/projects/bagon/shared/imagenet512/val/n03796401/ILSVRC2012_val_00000365.JPEG reached epsilon at step 321, loss sum: 74.9000, final loss: 0.00096512, weight distance: 0.0232
2025-09-22 17:03:09,676 - INFO - Example 178 completed: 321 steps, loss sum: 74.9000, final loss: 0.00096512, weight distance: 0.0232 (universal rank: 45277)
2025-09-22 17:03:09,676 - INFO - 
=== Worker 4 Training Example 179/798 (global idx 3372): /home/projects/bagon/shared/imagenet512/val/n09193705/ILSVRC2012_val_00027422.JPEG ===
2025-09-22 17:03:27,070 - INFO - Example /home/projects/bagon/shared/imagenet512/val/n09193705/ILSVRC2012_val_00027422.JPEG reached epsilon at step 322, loss sum: 41.6119, final loss: 0.00096893, weight distance: 0.0197
2025-09-22 17:03:27,971 - INFO - Example 179 completed: 322 steps, loss sum: 41.6119, final loss: 0.00096893, weight distance: 0.0197 (universal rank: 45278)
2025-09-22 17:03:27,971 - INFO - 
=== Worker 4 Training Example 180/798 (global idx 3373): /home/projects/bagon/shared/imagenet512/val/n04493381/ILSVRC2012_val_00006781.JPEG ===
2025-09-22 17:03:56,784 - INFO - Example /home/projects/bagon/shared/imagenet512/val/n04493381/ILSVRC2012_val_00006781.JPEG reached epsilon at step 539, loss sum: 65.9370, final loss: 0.00094604, weight distance: 0.0305
2025-09-22 17:03:57,445 - INFO - Example 180 completed: 539 steps, loss sum: 65.9370, final loss: 0.00094604, weight distance: 0.0305 (universal rank: 45279)
2025-09-22 17:03:57,445 - INFO - 
=== Worker 4 Training Example 181/798 (global idx 3374): /home/projects/bagon/shared/imagenet512/val/n04270147/ILSVRC2012_val_00028618.JPEG ===
2025-09-22 17:04:45,194 - INFO - Example /home/projects/bagon/shared/imagenet512/val/n04270147/ILSVRC2012_val_00028618.JPEG reached epsilon at step 922, loss sum: 87.5185, final loss: 0.00097275, weight distance: 0.0181
2025-09-22 17:04:46,166 - INFO - Example 181 completed: 922 steps, loss sum: 87.5185, final loss: 0.00097275, weight distance: 0.0181 (universal rank: 45280)
2025-09-22 17:04:46,166 - INFO - 
=== Worker 4 Training Example 182/798 (global idx 3375): /home/projects/bagon/shared/imagenet512/val/n07932039/ILSVRC2012_val_00017072.JPEG ===
2025-09-22 17:05:00,612 - INFO - Example /home/projects/bagon/shared/imagenet512/val/n07932039/ILSVRC2012_val_00017072.JPEG reached epsilon at step 275, loss sum: 66.1083, final loss: 0.00096512, weight distance: 0.0164
2025-09-22 17:05:01,358 - INFO - Example 182 completed: 275 steps, loss sum: 66.1083, final loss: 0.00096512, weight distance: 0.0164 (universal rank: 45281)
2025-09-22 17:05:01,358 - INFO - 
=== Worker 4 Training Example 183/798 (global idx 3376): /home/projects/bagon/shared/imagenet512/val/n02910353/ILSVRC2012_val_00028342.JPEG ===
2025-09-22 17:05:14,053 - INFO - Example /home/projects/bagon/shared/imagenet512/val/n02910353/ILSVRC2012_val_00028342.JPEG reached epsilon at step 242, loss sum: 95.6303, final loss: 0.00094604, weight distance: 0.0182
2025-09-22 17:05:14,753 - INFO - Example 183 completed: 242 steps, loss sum: 95.6303, final loss: 0.00094604, weight distance: 0.0182 (universal rank: 45282)
2025-09-22 17:05:14,753 - INFO - 
=== Worker 4 Training Example 184/798 (global idx 3377): /home/projects/bagon/shared/imagenet512/val/n02088632/ILSVRC2012_val_00032000.JPEG ===
2025-09-22 17:05:28,164 - INFO - Example /home/projects/bagon/shared/imagenet512/val/n02088632/ILSVRC2012_val_00032000.JPEG reached epsilon at step 256, loss sum: 81.9302, final loss: 0.00099945, weight distance: 0.0179
2025-09-22 17:05:29,017 - INFO - Example 184 completed: 256 steps, loss sum: 81.9302, final loss: 0.00099945, weight distance: 0.0179 (universal rank: 45284)
2025-09-22 17:05:29,017 - INFO - 
=== Worker 4 Training Example 185/798 (global idx 3378): /home/projects/bagon/shared/imagenet512/val/n03690938/ILSVRC2012_val_00003466.JPEG ===
2025-09-22 17:07:10,350 - INFO - Example /home/projects/bagon/shared/imagenet512/val/n03690938/ILSVRC2012_val_00003466.JPEG reached epsilon at step 1947, loss sum: 101.4355, final loss: 0.00099945, weight distance: 0.0219
2025-09-22 17:07:11,028 - INFO - Example 185 completed: 1947 steps, loss sum: 101.4355, final loss: 0.00099945, weight distance: 0.0219 (universal rank: 45285)
2025-09-22 17:07:11,028 - INFO - 
=== Worker 4 Training Example 186/798 (global idx 3379): /home/projects/bagon/shared/imagenet512/val/n03476991/ILSVRC2012_val_00039891.JPEG ===
2025-09-22 17:07:32,598 - INFO - Example /home/projects/bagon/shared/imagenet512/val/n03476991/ILSVRC2012_val_00039891.JPEG reached epsilon at step 412, loss sum: 402.1759, final loss: 0.00097275, weight distance: 0.0198
2025-09-22 17:07:33,238 - INFO - Example 186 completed: 412 steps, loss sum: 402.1759, final loss: 0.00097275, weight distance: 0.0198 (universal rank: 45286)
2025-09-22 17:07:33,238 - INFO - 
=== Worker 4 Training Example 187/798 (global idx 3380): /home/projects/bagon/shared/imagenet512/val/n02443114/ILSVRC2012_val_00030469.JPEG ===
2025-09-22 17:08:06,719 - INFO - Example /home/projects/bagon/shared/imagenet512/val/n02443114/ILSVRC2012_val_00030469.JPEG reached epsilon at step 628, loss sum: 69.2476, final loss: 0.00096130, weight distance: 0.0318
2025-09-22 17:08:07,482 - INFO - Example 187 completed: 628 steps, loss sum: 69.2476, final loss: 0.00096130, weight distance: 0.0318 (universal rank: 45287)
2025-09-22 17:08:07,482 - INFO - 
=== Worker 4 Training Example 188/798 (global idx 3381): /home/projects/bagon/shared/imagenet512/val/n02363005/ILSVRC2012_val_00028074.JPEG ===
2025-09-22 17:08:28,524 - INFO - Example /home/projects/bagon/shared/imagenet512/val/n02363005/ILSVRC2012_val_00028074.JPEG reached epsilon at step 404, loss sum: 60.7845, final loss: 0.00099182, weight distance: 0.0234
2025-09-22 17:08:29,192 - INFO - Example 188 completed: 404 steps, loss sum: 60.7845, final loss: 0.00099182, weight distance: 0.0234 (universal rank: 45288)
2025-09-22 17:08:29,192 - INFO - 
=== Worker 4 Training Example 189/798 (global idx 3382): /home/projects/bagon/shared/imagenet512/val/n01985128/ILSVRC2012_val_00025521.JPEG ===
2025-09-22 17:08:53,409 - INFO - Example /home/projects/bagon/shared/imagenet512/val/n01985128/ILSVRC2012_val_00025521.JPEG reached epsilon at step 465, loss sum: 102.5396, final loss: 0.00099182, weight distance: 0.0266
2025-09-22 17:08:54,668 - INFO - Example 189 completed: 465 steps, loss sum: 102.5396, final loss: 0.00099182, weight distance: 0.0266 (universal rank: 45289)
2025-09-22 17:08:54,668 - INFO - 
=== Worker 4 Training Example 190/798 (global idx 3383): /home/projects/bagon/shared/imagenet512/val/n02483708/ILSVRC2012_val_00022740.JPEG ===
2025-09-22 17:09:17,992 - INFO - Example /home/projects/bagon/shared/imagenet512/val/n02483708/ILSVRC2012_val_00022740.JPEG reached epsilon at step 447, loss sum: 63.9779, final loss: 0.00099182, weight distance: 0.0216
2025-09-22 17:09:19,962 - INFO - Example 190 completed: 447 steps, loss sum: 63.9779, final loss: 0.00099182, weight distance: 0.0216 (universal rank: 45290)
2025-09-22 17:09:19,962 - INFO - 
=== Worker 4 Training Example 191/798 (global idx 3384): /home/projects/bagon/shared/imagenet512/val/n01980166/ILSVRC2012_val_00000818.JPEG ===
2025-09-22 17:09:37,897 - INFO - Example /home/projects/bagon/shared/imagenet512/val/n01980166/ILSVRC2012_val_00000818.JPEG reached epsilon at step 344, loss sum: 93.7680, final loss: 0.00098419, weight distance: 0.0206
2025-09-22 17:09:38,531 - INFO - Example 191 completed: 344 steps, loss sum: 93.7680, final loss: 0.00098419, weight distance: 0.0206 (universal rank: 45291)
2025-09-22 17:09:38,532 - INFO - 
=== Worker 4 Training Example 192/798 (global idx 3385): /home/projects/bagon/shared/imagenet512/val/n02966687/ILSVRC2012_val_00025709.JPEG ===
2025-09-22 17:09:55,327 - INFO - Example /home/projects/bagon/shared/imagenet512/val/n02966687/ILSVRC2012_val_00025709.JPEG reached epsilon at step 325, loss sum: 72.2359, final loss: 0.00099182, weight distance: 0.0164
2025-09-22 17:09:55,973 - INFO - Example 192 completed: 325 steps, loss sum: 72.2359, final loss: 0.00099182, weight distance: 0.0164 (universal rank: 45292)
2025-09-22 17:09:55,973 - INFO - 
=== Worker 4 Training Example 193/798 (global idx 3386): /home/projects/bagon/shared/imagenet512/val/n03782006/ILSVRC2012_val_00018187.JPEG ===
2025-09-22 17:10:35,543 - INFO - Example /home/projects/bagon/shared/imagenet512/val/n03782006/ILSVRC2012_val_00018187.JPEG reached epsilon at step 768, loss sum: 132.3933, final loss: 0.00095749, weight distance: 0.0409
2025-09-22 17:10:36,524 - INFO - Example 193 completed: 768 steps, loss sum: 132.3933, final loss: 0.00095749, weight distance: 0.0409 (universal rank: 45293)
2025-09-22 17:10:36,524 - INFO - 
=== Worker 4 Training Example 194/798 (global idx 3387): /home/projects/bagon/shared/imagenet512/val/n03063599/ILSVRC2012_val_00010857.JPEG ===
2025-09-22 17:11:10,494 - INFO - Example /home/projects/bagon/shared/imagenet512/val/n03063599/ILSVRC2012_val_00010857.JPEG reached epsilon at step 660, loss sum: 140.3763, final loss: 0.00096512, weight distance: 0.0266
2025-09-22 17:11:11,146 - INFO - Example 194 completed: 660 steps, loss sum: 140.3763, final loss: 0.00096512, weight distance: 0.0266 (universal rank: 45294)
2025-09-22 17:11:11,146 - INFO - 
=== Worker 4 Training Example 195/798 (global idx 3388): /home/projects/bagon/shared/imagenet512/val/n02526121/ILSVRC2012_val_00042915.JPEG ===
2025-09-22 17:11:31,501 - INFO - Example /home/projects/bagon/shared/imagenet512/val/n02526121/ILSVRC2012_val_00042915.JPEG reached epsilon at step 394, loss sum: 114.9607, final loss: 0.00098419, weight distance: 0.0247
2025-09-22 17:11:32,498 - INFO - Example 195 completed: 394 steps, loss sum: 114.9607, final loss: 0.00098419, weight distance: 0.0247 (universal rank: 45295)
2025-09-22 17:11:32,499 - INFO - 
=== Worker 4 Training Example 196/798 (global idx 3389): /home/projects/bagon/shared/imagenet512/val/n01682714/ILSVRC2012_val_00042070.JPEG ===
2025-09-22 17:12:31,104 - INFO - Example /home/projects/bagon/shared/imagenet512/val/n01682714/ILSVRC2012_val_00042070.JPEG reached epsilon at step 1137, loss sum: 135.6281, final loss: 0.00096893, weight distance: 0.0297
2025-09-22 17:12:32,707 - INFO - Example 196 completed: 1137 steps, loss sum: 135.6281, final loss: 0.00096893, weight distance: 0.0297 (universal rank: 45296)
2025-09-22 17:12:32,707 - INFO - 
=== Worker 4 Training Example 197/798 (global idx 3390): /home/projects/bagon/shared/imagenet512/val/n02422699/ILSVRC2012_val_00025116.JPEG ===
2025-09-22 17:13:09,114 - INFO - Example /home/projects/bagon/shared/imagenet512/val/n02422699/ILSVRC2012_val_00025116.JPEG reached epsilon at step 708, loss sum: 62.0886, final loss: 0.00099945, weight distance: 0.0341
2025-09-22 17:13:09,758 - INFO - Example 197 completed: 708 steps, loss sum: 62.0886, final loss: 0.00099945, weight distance: 0.0341 (universal rank: 45298)
2025-09-22 17:13:09,758 - INFO - 
=== Worker 4 Training Example 198/798 (global idx 3391): /home/projects/bagon/shared/imagenet512/val/n01698640/ILSVRC2012_val_00007238.JPEG ===
2025-09-22 17:14:28,254 - INFO - Example /home/projects/bagon/shared/imagenet512/val/n01698640/ILSVRC2012_val_00007238.JPEG reached epsilon at step 1524, loss sum: 78.0770, final loss: 0.00099945, weight distance: 0.0145
2025-09-22 17:14:28,925 - INFO - Example 198 completed: 1524 steps, loss sum: 78.0770, final loss: 0.00099945, weight distance: 0.0145 (universal rank: 45299)
2025-09-22 17:14:28,925 - INFO - 
=== Worker 4 Training Example 199/798 (global idx 3392): /home/projects/bagon/shared/imagenet512/val/n03773504/ILSVRC2012_val_00010189.JPEG ===
2025-09-22 17:15:09,714 - INFO - Example /home/projects/bagon/shared/imagenet512/val/n03773504/ILSVRC2012_val_00010189.JPEG reached epsilon at step 791, loss sum: 64.1745, final loss: 0.00099945, weight distance: 0.0332
2025-09-22 17:15:11,139 - INFO - Example 199 completed: 791 steps, loss sum: 64.1745, final loss: 0.00099945, weight distance: 0.0332 (universal rank: 45300)
2025-09-22 17:15:11,139 - INFO - 
=== Worker 4 Training Example 200/798 (global idx 3393): /home/projects/bagon/shared/imagenet512/val/n02493793/ILSVRC2012_val_00045444.JPEG ===
2025-09-22 17:15:29,317 - INFO - Example /home/projects/bagon/shared/imagenet512/val/n02493793/ILSVRC2012_val_00045444.JPEG reached epsilon at step 351, loss sum: 24.1053, final loss: 0.00099182, weight distance: 0.0222
2025-09-22 17:15:29,975 - INFO - Example 200 completed: 351 steps, loss sum: 24.1053, final loss: 0.00099182, weight distance: 0.0222 (universal rank: 45301)
2025-09-22 17:15:29,975 - INFO - 
=== Worker 4 Training Example 201/798 (global idx 3394): /home/projects/bagon/shared/imagenet512/val/n03179701/ILSVRC2012_val_00032302.JPEG ===
2025-09-22 17:15:50,346 - INFO - Example /home/projects/bagon/shared/imagenet512/val/n03179701/ILSVRC2012_val_00032302.JPEG reached epsilon at step 393, loss sum: 69.4151, final loss: 0.00099945, weight distance: 0.0176
2025-09-22 17:15:50,989 - INFO - Example 201 completed: 393 steps, loss sum: 69.4151, final loss: 0.00099945, weight distance: 0.0176 (universal rank: 45302)
2025-09-22 17:15:50,989 - INFO - 
=== Worker 4 Training Example 202/798 (global idx 3395): /home/projects/bagon/shared/imagenet512/val/n04008634/ILSVRC2012_val_00014988.JPEG ===
2025-09-22 17:16:32,667 - INFO - Example /home/projects/bagon/shared/imagenet512/val/n04008634/ILSVRC2012_val_00014988.JPEG reached epsilon at step 810, loss sum: 52.5265, final loss: 0.00098419, weight distance: 0.0315
2025-09-22 17:16:33,308 - INFO - Example 202 completed: 810 steps, loss sum: 52.5265, final loss: 0.00098419, weight distance: 0.0315 (universal rank: 45303)
2025-09-22 17:16:33,308 - INFO - 
=== Worker 4 Training Example 203/798 (global idx 3396): /home/projects/bagon/shared/imagenet512/val/n04479046/ILSVRC2012_val_00043734.JPEG ===
2025-09-22 17:16:46,073 - INFO - Example /home/projects/bagon/shared/imagenet512/val/n04479046/ILSVRC2012_val_00043734.JPEG reached epsilon at step 249, loss sum: 121.3129, final loss: 0.00099945, weight distance: 0.0183
2025-09-22 17:16:46,709 - INFO - Example 203 completed: 249 steps, loss sum: 121.3129, final loss: 0.00099945, weight distance: 0.0183 (universal rank: 45304)
2025-09-22 17:16:46,710 - INFO - 
=== Worker 4 Training Example 204/798 (global idx 3397): /home/projects/bagon/shared/imagenet512/val/n03355925/ILSVRC2012_val_00001962.JPEG ===
2025-09-22 17:17:01,716 - INFO - Example /home/projects/bagon/shared/imagenet512/val/n03355925/ILSVRC2012_val_00001962.JPEG reached epsilon at step 290, loss sum: 39.5313, final loss: 0.00097656, weight distance: 0.0168
2025-09-22 17:17:02,352 - INFO - Example 204 completed: 290 steps, loss sum: 39.5313, final loss: 0.00097656, weight distance: 0.0168 (universal rank: 45305)
2025-09-22 17:17:02,352 - INFO - 
=== Worker 4 Training Example 205/798 (global idx 3398): /home/projects/bagon/shared/imagenet512/val/n03017168/ILSVRC2012_val_00035306.JPEG ===
2025-09-22 17:19:42,146 - INFO - Example /home/projects/bagon/shared/imagenet512/val/n03017168/ILSVRC2012_val_00035306.JPEG reached epsilon at step 3105, loss sum: 809.3528, final loss: 0.00099945, weight distance: 0.0235
2025-09-22 17:19:43,493 - INFO - Example 205 completed: 3105 steps, loss sum: 809.3528, final loss: 0.00099945, weight distance: 0.0235 (universal rank: 45306)
2025-09-22 17:19:43,493 - INFO - 
=== Worker 4 Training Example 206/798 (global idx 3399): /home/projects/bagon/shared/imagenet512/val/n03443371/ILSVRC2012_val_00017478.JPEG ===
2025-09-22 17:19:57,737 - INFO - Example /home/projects/bagon/shared/imagenet512/val/n03443371/ILSVRC2012_val_00017478.JPEG reached epsilon at step 275, loss sum: 3.5904, final loss: 0.00096130, weight distance: 0.0124
2025-09-22 17:19:58,378 - INFO - Example 206 completed: 275 steps, loss sum: 3.5904, final loss: 0.00096130, weight distance: 0.0124 (universal rank: 45307)
2025-09-22 17:19:58,378 - INFO - 
=== Worker 4 Training Example 207/798 (global idx 3400): /home/projects/bagon/shared/imagenet512/val/n06785654/ILSVRC2012_val_00046723.JPEG ===
2025-09-22 17:20:37,730 - INFO - Example /home/projects/bagon/shared/imagenet512/val/n06785654/ILSVRC2012_val_00046723.JPEG reached epsilon at step 764, loss sum: 247.3869, final loss: 0.00099182, weight distance: 0.0205
2025-09-22 17:20:38,385 - INFO - Example 207 completed: 764 steps, loss sum: 247.3869, final loss: 0.00099182, weight distance: 0.0205 (universal rank: 45309)
2025-09-22 17:20:38,385 - INFO - 
=== Worker 4 Training Example 208/798 (global idx 3401): /home/projects/bagon/shared/imagenet512/val/n02098105/ILSVRC2012_val_00031531.JPEG ===
2025-09-22 17:20:57,935 - INFO - Example /home/projects/bagon/shared/imagenet512/val/n02098105/ILSVRC2012_val_00031531.JPEG reached epsilon at step 381, loss sum: 54.4208, final loss: 0.00095749, weight distance: 0.0241
2025-09-22 17:20:58,718 - INFO - Example 208 completed: 381 steps, loss sum: 54.4208, final loss: 0.00095749, weight distance: 0.0241 (universal rank: 45310)
2025-09-22 17:20:58,719 - INFO - 
=== Worker 4 Training Example 209/798 (global idx 3402): /home/projects/bagon/shared/imagenet512/val/n03958227/ILSVRC2012_val_00008350.JPEG ===
2025-09-22 17:21:13,462 - INFO - Example /home/projects/bagon/shared/imagenet512/val/n03958227/ILSVRC2012_val_00008350.JPEG reached epsilon at step 284, loss sum: 156.7147, final loss: 0.00099945, weight distance: 0.0168
2025-09-22 17:21:14,884 - INFO - Example 209 completed: 284 steps, loss sum: 156.7147, final loss: 0.00099945, weight distance: 0.0168 (universal rank: 45311)
2025-09-22 17:21:14,885 - INFO - 
=== Worker 4 Training Example 210/798 (global idx 3403): /home/projects/bagon/shared/imagenet512/val/n04599235/ILSVRC2012_val_00028150.JPEG ===
2025-09-22 17:21:32,974 - INFO - Example /home/projects/bagon/shared/imagenet512/val/n04599235/ILSVRC2012_val_00028150.JPEG reached epsilon at step 350, loss sum: 221.9467, final loss: 0.00097656, weight distance: 0.0239
2025-09-22 17:21:33,623 - INFO - Example 210 completed: 350 steps, loss sum: 221.9467, final loss: 0.00097656, weight distance: 0.0239 (universal rank: 45312)
2025-09-22 17:21:33,623 - INFO - 
=== Worker 4 Training Example 211/798 (global idx 3404): /home/projects/bagon/shared/imagenet512/val/n03124170/ILSVRC2012_val_00037403.JPEG ===
2025-09-22 17:21:58,082 - INFO - Example /home/projects/bagon/shared/imagenet512/val/n03124170/ILSVRC2012_val_00037403.JPEG reached epsilon at step 470, loss sum: 17.6648, final loss: 0.00099945, weight distance: 0.0256
2025-09-22 17:21:58,737 - INFO - Example 211 completed: 470 steps, loss sum: 17.6648, final loss: 0.00099945, weight distance: 0.0256 (universal rank: 45313)
2025-09-22 17:21:58,738 - INFO - 
=== Worker 4 Training Example 212/798 (global idx 3405): /home/projects/bagon/shared/imagenet512/val/n03976657/ILSVRC2012_val_00044719.JPEG ===
2025-09-22 17:22:10,984 - INFO - Example /home/projects/bagon/shared/imagenet512/val/n03976657/ILSVRC2012_val_00044719.JPEG reached epsilon at step 236, loss sum: 120.3004, final loss: 0.00095367, weight distance: 0.0167
2025-09-22 17:22:11,633 - INFO - Example 212 completed: 236 steps, loss sum: 120.3004, final loss: 0.00095367, weight distance: 0.0167 (universal rank: 45314)
2025-09-22 17:22:11,633 - INFO - 
=== Worker 4 Training Example 213/798 (global idx 3406): /home/projects/bagon/shared/imagenet512/val/n02268443/ILSVRC2012_val_00046231.JPEG ===
2025-09-22 17:22:37,623 - INFO - Example /home/projects/bagon/shared/imagenet512/val/n02268443/ILSVRC2012_val_00046231.JPEG reached epsilon at step 503, loss sum: 43.2463, final loss: 0.00096512, weight distance: 0.0279
2025-09-22 17:22:38,274 - INFO - Example 213 completed: 503 steps, loss sum: 43.2463, final loss: 0.00096512, weight distance: 0.0279 (universal rank: 45315)
2025-09-22 17:22:38,274 - INFO - Time limit reached (~1h45m). Exiting before starting next example.
2025-09-22 17:22:38,274 - INFO - Worker 4 completed. Per-worker results at /home/projects/bagon/andreyg/Projects/BMM_school/Universal_learning/Programming/training_gradient_evaluator_single_loss_parallel/output_parallel_8_workers/convnext_tiny.in12k_ft_in1k/single_example_results_4.csv
