example_index,path,total_steps_to_epsilon,total_loss_sum,final_loss,weight_distance,softmax_wasserstein,grad_mass_wasserstein,universal_difficulty_rank,global_linear_cka,init_highest_softmax_prob,init_target_softmax_prob,steps_to_correct
5532,/home/projects/bagon/shared/imagenet512/val/n04443257/ILSVRC2012_val_00014272.JPEG,39,60.3171124458313,0.0007739067077636719,0.002909255668481313,0.9837968422584928,0.0,44991,0.997924,0.5367699265480042,0.015612543560564518,14
5533,/home/projects/bagon/shared/imagenet512/val/n07695742/ILSVRC2012_val_00008100.JPEG,64,64.50090408325195,0.0009965896606445312,0.00481492122423593,0.9805031799491605,0.0,44992,0.993968,0.5598524212837219,0.01854998618364334,17
5534,/home/projects/bagon/shared/imagenet512/val/n02093428/ILSVRC2012_val_00015076.JPEG,51,34.76907253265381,0.0009021759033203125,0.004108457697095197,0.9102297205351277,0.0,44993,0.997106,0.8487998247146606,0.08897996693849564,15
5535,/home/projects/bagon/shared/imagenet512/val/n01855032/ILSVRC2012_val_00045281.JPEG,55,64.91405010223389,0.0009899139404296875,0.003686269201323945,0.9914345654430614,0.0,44994,0.996849,0.8945093750953674,0.007614790927618742,17
5536,/home/projects/bagon/shared/imagenet512/val/n04476259/ILSVRC2012_val_00000899.JPEG,51,92.61562585830688,0.0008339881896972656,0.0041063902082220565,0.9945031768957927,0.0,44995,0.995048,0.1411387026309967,0.00484168017283082,17
5537,/home/projects/bagon/shared/imagenet512/val/n03041632/ILSVRC2012_val_00026439.JPEG,56,114.75991916656494,0.0009765625,0.004084493776389333,0.9977618909616915,0.0,44996,0.992970,0.13730207085609436,0.0013988163555040956,21
5538,/home/projects/bagon/shared/imagenet512/val/n04357314/ILSVRC2012_val_00043950.JPEG,52,114.98952627182007,0.0009694099426269531,0.0037899596982887977,0.9977914119956036,0.0,44997,0.996989,0.17466506361961365,0.0014333067229017615,19
5539,/home/projects/bagon/shared/imagenet512/val/n04591157/ILSVRC2012_val_00011761.JPEG,74,141.61411142349243,0.0009179115295410156,0.005014091677523293,0.997966024508292,0.0,44998,0.994622,0.5484392046928406,0.0011931185144931078,26
5540,/home/projects/bagon/shared/imagenet512/val/n03658185/ILSVRC2012_val_00033478.JPEG,44,42.344419956207275,0.0009264945983886719,0.00339754287942372,0.9537977449046336,0.0,44999,0.996824,0.6774128675460815,0.0454108901321888,14
5541,/home/projects/bagon/shared/imagenet512/val/n04493381/ILSVRC2012_val_00018795.JPEG,70,52.566959857940674,0.0009131431579589844,0.005238310233864181,0.9664534107279152,0.0,45001,0.995629,0.6172162294387817,0.03275071457028389,14
5542,/home/projects/bagon/shared/imagenet512/val/n04286575/ILSVRC2012_val_00000959.JPEG,53,42.105031967163086,0.0009660720825195312,0.004064711786092614,0.9311610863259776,0.0,45002,0.995678,0.868173360824585,0.06800952553749084,17
5543,/home/projects/bagon/shared/imagenet512/val/n02101556/ILSVRC2012_val_00008944.JPEG,72,66.44764375686646,0.0008797645568847656,0.005831499274476133,0.9756508287087196,0.0,45003,0.991724,0.8063062429428101,0.0235455259680748,21
5544,/home/projects/bagon/shared/imagenet512/val/n03764736/ILSVRC2012_val_00008765.JPEG,51,165.23260307312012,0.0009737014770507812,0.0037833495358916627,0.9990338442946877,0.0,45004,0.995734,0.9818873405456543,0.00015640704077668488,26
5545,/home/projects/bagon/shared/imagenet512/val/n03483316/ILSVRC2012_val_00023379.JPEG,77,142.61487293243408,0.0009374618530273438,0.005978599360740439,0.9969170961395382,0.0,45005,0.993947,0.5057602524757385,0.002254371764138341,28
5546,/home/projects/bagon/shared/imagenet512/val/n02783161/ILSVRC2012_val_00011882.JPEG,57,73.23671674728394,0.0009427070617675781,0.004652912547830555,0.9825402226434479,0.0,45006,0.993749,0.9672645926475525,0.016635676845908165,25
5547,/home/projects/bagon/shared/imagenet512/val/n03000134/ILSVRC2012_val_00024833.JPEG,56,30.315202713012695,0.0009756088256835938,0.004224201609665364,0.9002717617552491,0.0,45008,0.996661,0.624468982219696,0.09884575009346008,13
5548,/home/projects/bagon/shared/imagenet512/val/n03633091/ILSVRC2012_val_00039364.JPEG,52,56.45665788650513,0.0009045600891113281,0.004028985868622996,0.975317509753416,0.0,45010,0.995826,0.6244878768920898,0.02392258681356907,15
5549,/home/projects/bagon/shared/imagenet512/val/n09399592/ILSVRC2012_val_00003374.JPEG,58,20.745694160461426,0.0008955001831054688,0.004584401640888626,0.7769411474090104,0.0,45011,0.995063,0.22223281860351562,0.22223281860351562,0
5550,/home/projects/bagon/shared/imagenet512/val/n02666196/ILSVRC2012_val_00034718.JPEG,76,237.23748064041138,0.0008969306945800781,0.005782878719367742,0.9991186839588828,0.0,45012,0.992693,0.9874863624572754,7.688703044550493e-05,37
5551,/home/projects/bagon/shared/imagenet512/val/n03891251/ILSVRC2012_val_00029949.JPEG,57,41.34808158874512,0.0009088516235351562,0.003944092652053087,0.9632817537402811,0.0,45013,0.996572,0.4748614430427551,0.03588179498910904,12
5552,/home/projects/bagon/shared/imagenet512/val/n02095570/ILSVRC2012_val_00025520.JPEG,57,45.505069732666016,0.0009908676147460938,0.004650000670128157,0.9431010007492965,0.0,45014,0.994998,0.16477657854557037,0.056031886488199234,11
5553,/home/projects/bagon/shared/imagenet512/val/n07613480/ILSVRC2012_val_00002270.JPEG,79,92.03360366821289,0.0009756088256835938,0.006088318837664091,0.9916282727089087,0.0,45015,0.987302,0.7854384183883667,0.0074396152049303055,24
5554,/home/projects/bagon/shared/imagenet512/val/n02107908/ILSVRC2012_val_00025496.JPEG,39,23.64701271057129,0.0008344650268554688,0.0030611757182032844,0.8525177939426887,0.0,45017,0.998440,0.6189596056938171,0.14678771793842316,12
5555,/home/projects/bagon/shared/imagenet512/val/n04149813/ILSVRC2012_val_00028121.JPEG,61,43.24576950073242,0.000957489013671875,0.004392840834832742,0.9430346493654234,0.0,45018,0.995495,0.24864768981933594,0.05605441331863403,12
5556,/home/projects/bagon/shared/imagenet512/val/n02119789/ILSVRC2012_val_00039454.JPEG,43,26.08668041229248,0.0009679794311523438,0.0034186318813290025,0.848468733620448,0.0,45019,0.996822,0.770800769329071,0.15077534317970276,13
5557,/home/projects/bagon/shared/imagenet512/val/n03188531/ILSVRC2012_val_00015180.JPEG,74,180.88635921478271,0.0009775161743164062,0.005735425773072735,0.9985881706214776,0.0,45020,0.988076,0.8722855448722839,0.0005763822118751705,35
5558,/home/projects/bagon/shared/imagenet512/val/n04154565/ILSVRC2012_val_00038927.JPEG,55,79.64182615280151,0.0008473396301269531,0.004059856650181533,0.9909640112976676,0.0,45021,0.996189,0.9096611142158508,0.008302426896989346,20
5559,/home/projects/bagon/shared/imagenet512/val/n03016953/ILSVRC2012_val_00024303.JPEG,85,54.16925764083862,0.0009646415710449219,0.006355567052418035,0.951647848061167,0.0,45022,0.992803,0.20712211728096008,0.04744921624660492,13
5560,/home/projects/bagon/shared/imagenet512/val/n03982430/ILSVRC2012_val_00029391.JPEG,59,61.04440498352051,0.0009937286376953125,0.004337526227463994,0.9856390626743936,0.0,45024,0.994362,0.8007169365882874,0.013470328412950039,16
5561,/home/projects/bagon/shared/imagenet512/val/n01682714/ILSVRC2012_val_00025668.JPEG,59,56.371498584747314,0.0009102821350097656,0.004234734664314458,0.9789788249467674,0.0,45025,0.995735,0.9545549750328064,0.020248694345355034,18
5562,/home/projects/bagon/shared/imagenet512/val/n02105056/ILSVRC2012_val_00049146.JPEG,73,94.7828426361084,0.0009965896606445312,0.005510024388535092,0.9903926145736943,0.0,45026,0.988114,0.1908111423254013,0.008692915551364422,22
5563,/home/projects/bagon/shared/imagenet512/val/n04004767/ILSVRC2012_val_00032509.JPEG,58,26.385440826416016,0.0009326934814453125,0.004650179280565055,0.8169751001402534,0.0,45027,0.994004,0.20752155780792236,0.18224191665649414,10
5564,/home/projects/bagon/shared/imagenet512/val/n02808304/ILSVRC2012_val_00030884.JPEG,75,146.76959800720215,0.0007486343383789062,0.005783495095032991,0.9971714955427735,0.0,45028,0.994582,0.3833600878715515,0.0022286425810307264,29
5565,/home/projects/bagon/shared/imagenet512/val/n02099849/ILSVRC2012_val_00005909.JPEG,71,156.90749216079712,0.0009360313415527344,0.005462143095727707,0.998619040312831,0.0,45029,0.981631,0.7824931144714355,0.0005538606201298535,28
5566,/home/projects/bagon/shared/imagenet512/val/n03710193/ILSVRC2012_val_00048410.JPEG,50,62.88197326660156,0.0009317398071289062,0.003965242862380559,0.9758482749917441,0.0,45030,0.995202,0.19231091439723969,0.02337869256734848,17
5567,/home/projects/bagon/shared/imagenet512/val/n03630383/ILSVRC2012_val_00042984.JPEG,58,44.82171392440796,0.0009026527404785156,0.004584641797336012,0.9649295079812071,0.0,45031,0.994337,0.10854469239711761,0.034250836819410324,11
5568,/home/projects/bagon/shared/imagenet512/val/n04557648/ILSVRC2012_val_00040070.JPEG,53,123.671621799469,0.0008015632629394531,0.004149942410024602,0.9972541871109754,0.0,45032,0.995864,0.18214116990566254,0.002116663148626685,21
5569,/home/projects/bagon/shared/imagenet512/val/n04355933/ILSVRC2012_val_00026693.JPEG,53,25.15318489074707,0.0009317398071289062,0.003793804971717725,0.8653940043613323,0.0,45033,0.997221,0.3351109027862549,0.13376595079898834,10
5570,/home/projects/bagon/shared/imagenet512/val/n04033995/ILSVRC2012_val_00008026.JPEG,55,89.15354299545288,0.0009407997131347656,0.003916174248555417,0.9964640907872149,0.0,45034,0.995087,0.8325623869895935,0.002725874539464712,17
5571,/home/projects/bagon/shared/imagenet512/val/n04039381/ILSVRC2012_val_00043586.JPEG,69,17.689635276794434,0.0009260177612304688,0.005608845989622969,0.6734624202876006,0.0,45036,0.992836,0.5667444467544556,0.3256646990776062,10
5572,/home/projects/bagon/shared/imagenet512/val/n03930630/ILSVRC2012_val_00027997.JPEG,51,50.98908042907715,0.0009975433349609375,0.004022945975014169,0.9674306677510119,0.0,45037,0.995787,0.45548945665359497,0.03172425925731659,15
5573,/home/projects/bagon/shared/imagenet512/val/n03014705/ILSVRC2012_val_00018166.JPEG,63,79.1378583908081,0.0009107589721679688,0.004695142835943226,0.9918229672186247,0.0,45038,0.992477,0.7279021739959717,0.007346410769969225,21
5574,/home/projects/bagon/shared/imagenet512/val/n04355933/ILSVRC2012_val_00000413.JPEG,62,109.6756649017334,0.0009622573852539062,0.005129018297769555,0.9960586213364905,0.0,45039,0.990176,0.1234484389424324,0.0031235283240675926,19
5575,/home/projects/bagon/shared/imagenet512/val/n02107908/ILSVRC2012_val_00046552.JPEG,43,33.5113468170166,0.0009164810180664062,0.0033385591919258112,0.900340922284321,0.0,45040,0.997718,0.706179678440094,0.09887959063053131,15
5576,/home/projects/bagon/shared/imagenet512/val/n01667778/ILSVRC2012_val_00031815.JPEG,66,59.6268835067749,0.0009927749633789062,0.005338816800808206,0.9646629027086184,0.0,45041,0.995070,0.9139083027839661,0.03447258844971657,23
5577,/home/projects/bagon/shared/imagenet512/val/n02114712/ILSVRC2012_val_00040677.JPEG,44,47.11529874801636,0.0008397102355957031,0.003314174168021275,0.9636510100267048,0.0,45042,0.996202,0.6471808552742004,0.035636816173791885,15
5578,/home/projects/bagon/shared/imagenet512/val/n02808304/ILSVRC2012_val_00032096.JPEG,59,106.66811418533325,0.0009016990661621094,0.004492962533498438,0.9953516498629397,0.0,45043,0.995994,0.14798587560653687,0.003897701855748892,22
5579,/home/projects/bagon/shared/imagenet512/val/n03476991/ILSVRC2012_val_00042521.JPEG,50,28.13289737701416,0.0009431838989257812,0.004189554517090548,0.8748095197379295,0.0,45044,0.996980,0.5717757940292358,0.12440123409032822,12
5580,/home/projects/bagon/shared/imagenet512/val/n02087046/ILSVRC2012_val_00042449.JPEG,50,36.415043354034424,0.0008482933044433594,0.003848143953074917,0.9373369868874692,0.0,45045,0.996395,0.7291080355644226,0.061927251517772675,13
5581,/home/projects/bagon/shared/imagenet512/val/n07932039/ILSVRC2012_val_00029971.JPEG,55,55.03872346878052,0.0008969306945800781,0.004476189755551081,0.9643523750833604,0.0,45046,0.996316,0.2063746601343155,0.03493360057473183,15
5582,/home/projects/bagon/shared/imagenet512/val/n04591157/ILSVRC2012_val_00005426.JPEG,62,190.2685112953186,0.0009751319885253906,0.004864406927474677,0.9988423176946413,0.0,45047,0.991355,0.4795314073562622,0.0002809896250255406,31
5583,/home/projects/bagon/shared/imagenet512/val/n04355338/ILSVRC2012_val_00031308.JPEG,68,124.96711158752441,0.0009632110595703125,0.004850001045788869,0.9984858228787664,0.0,45048,0.993784,0.9677110314369202,0.0006079792510718107,23
5584,/home/projects/bagon/shared/imagenet512/val/n04435653/ILSVRC2012_val_00008528.JPEG,52,17.644609451293945,0.0009775161743164062,0.00365196112811674,0.7773641287551233,0.0,45049,0.996917,0.39141637086868286,0.2217303067445755,9
5585,/home/projects/bagon/shared/imagenet512/val/n07714571/ILSVRC2012_val_00043273.JPEG,56,36.39491558074951,0.00095367431640625,0.004145618130590444,0.9317412153989378,0.0,45050,0.995213,0.8268471956253052,0.067357636988163,14
5586,/home/projects/bagon/shared/imagenet512/val/n04376876/ILSVRC2012_val_00044486.JPEG,40,16.186245441436768,0.0008368492126464844,0.0030109117984849962,0.727609149310888,0.0,45051,0.995300,0.27171820402145386,0.27171820402145386,0
5587,/home/projects/bagon/shared/imagenet512/val/n02939185/ILSVRC2012_val_00031452.JPEG,47,32.09523248672485,0.0009140968322753906,0.0037082393030660205,0.8843387837528075,0.0,45052,0.996545,0.2540483772754669,0.11492013931274414,12
5588,/home/projects/bagon/shared/imagenet512/val/n03216828/ILSVRC2012_val_00005968.JPEG,66,69.26485633850098,0.0009746551513671875,0.005206686147898081,0.9846654533760812,0.0,45053,0.995671,0.7600838541984558,0.014456155709922314,19
5589,/home/projects/bagon/shared/imagenet512/val/n01630670/ILSVRC2012_val_00048295.JPEG,59,32.65798568725586,0.0009632110595703125,0.004310906256819346,0.9101024276478533,0.0,45054,0.995732,0.8853680491447449,0.08900999277830124,15
5590,/home/projects/bagon/shared/imagenet512/val/n07579787/ILSVRC2012_val_00035678.JPEG,57,50.74984645843506,0.000988006591796875,0.004470024250523734,0.9665899777910923,0.0,45055,0.994459,0.09183382242918015,0.03256763517856598,11
5591,/home/projects/bagon/shared/imagenet512/val/n03461385/ILSVRC2012_val_00000372.JPEG,44,45.31132221221924,0.0009508132934570312,0.0032189563260049824,0.9639756346510437,0.0,45056,0.996255,0.7312327027320862,0.03524564951658249,13
5592,/home/projects/bagon/shared/imagenet512/val/n03047690/ILSVRC2012_val_00004108.JPEG,51,51.84347915649414,0.00092315673828125,0.003857285011333746,0.9642501672368264,0.0,45057,0.996218,0.7561326026916504,0.034950632601976395,16
5593,/home/projects/bagon/shared/imagenet512/val/n01694178/ILSVRC2012_val_00022997.JPEG,50,38.41093349456787,0.0009899139404296875,0.0031591946914788873,0.9515981736268223,0.0,45058,0.997534,0.18833895027637482,0.04746006056666374,12
5594,/home/projects/bagon/shared/imagenet512/val/n04081281/ILSVRC2012_val_00015832.JPEG,44,37.50692653656006,0.0008716583251953125,0.0034543882358710276,0.9411779028618219,0.0,45059,0.996116,0.5526639223098755,0.0580558218061924,13
5595,/home/projects/bagon/shared/imagenet512/val/n02879718/ILSVRC2012_val_00004535.JPEG,59,75.59399223327637,0.00095367431640625,0.004539856755879479,0.9920929975334801,0.0,45060,0.995572,0.6443555355072021,0.00704276654869318,18
5596,/home/projects/bagon/shared/imagenet512/val/n03476684/ILSVRC2012_val_00032145.JPEG,42,27.902230739593506,0.0008244514465332031,0.0033770133205527518,0.8897358770141948,0.0,45061,0.997788,0.23585674166679382,0.10955258458852768,10
5597,/home/projects/bagon/shared/imagenet512/val/n02966687/ILSVRC2012_val_00009310.JPEG,52,80.98690795898438,0.0008897781372070312,0.003991565786859916,0.9932872780827553,0.0,45062,0.995072,0.1961449533700943,0.005907227285206318,17
5598,/home/projects/bagon/shared/imagenet512/val/n03062245/ILSVRC2012_val_00005812.JPEG,45,76.67886686325073,0.0008749961853027344,0.0035015692030602287,0.9918551749819206,0.0,45064,0.994512,0.13709652423858643,0.00745448749512434,17
5599,/home/projects/bagon/shared/imagenet512/val/n01734418/ILSVRC2012_val_00031390.JPEG,49,22.93954038619995,0.0009026527404785156,0.003645427454678997,0.8507012811501764,0.0,45065,0.997539,0.336253821849823,0.14851857721805573,9
5600,/home/projects/bagon/shared/imagenet512/val/n02669723/ILSVRC2012_val_00046320.JPEG,72,39.503597259521484,0.0009889602661132812,0.00531748623938956,0.9359682952284993,0.0,45066,0.995769,0.8825321197509766,0.0631236881017685,16
5601,/home/projects/bagon/shared/imagenet512/val/n02097209/ILSVRC2012_val_00025185.JPEG,46,12.702020645141602,0.000904083251953125,0.003766221966746897,0.6681154225076334,0.0,45067,0.997088,0.3311253786087036,0.3311253786087036,0
5602,/home/projects/bagon/shared/imagenet512/val/n02727426/ILSVRC2012_val_00014240.JPEG,80,35.8066463470459,0.0009393692016601562,0.0060523110005635695,0.8645156157469215,0.0,45068,0.994523,0.8078821301460266,0.13460054993629456,19
5603,/home/projects/bagon/shared/imagenet512/val/n02110806/ILSVRC2012_val_00040381.JPEG,69,24.358001708984375,0.0009517669677734375,0.005278232934553088,0.828974995203523,0.0,45069,0.996111,0.3240514397621155,0.17011971771717072,9
5604,/home/projects/bagon/shared/imagenet512/val/n03180011/ILSVRC2012_val_00034300.JPEG,67,40.63992786407471,0.0008754730224609375,0.005292227590410027,0.865516832271798,0.0,45070,0.993175,0.6093818545341492,0.13372169435024261,18
5605,/home/projects/bagon/shared/imagenet512/val/n07684084/ILSVRC2012_val_00032674.JPEG,58,51.668792724609375,0.000865936279296875,0.0045791764837428105,0.9606430708921403,0.0,45072,0.994401,0.17226383090019226,0.038625214248895645,13
5606,/home/projects/bagon/shared/imagenet512/val/n02233338/ILSVRC2012_val_00039550.JPEG,76,210.46654653549194,0.0009150505065917969,0.005837458717070469,0.9989797465709414,0.0,45073,0.986129,0.12542302906513214,0.0002010377065744251,30
5607,/home/projects/bagon/shared/imagenet512/val/n03710193/ILSVRC2012_val_00025673.JPEG,74,85.70268964767456,0.0008969306945800781,0.0056446439388007355,0.9913831090967131,0.0,45074,0.991662,0.7943107485771179,0.007808894384652376,23
5608,/home/projects/bagon/shared/imagenet512/val/n04418357/ILSVRC2012_val_00034027.JPEG,48,42.727553367614746,0.0009632110595703125,0.0038007235162159396,0.9392379923360258,0.0,45075,0.996012,0.06163667142391205,0.059896789491176605,9
5609,/home/projects/bagon/shared/imagenet512/val/n04542943/ILSVRC2012_val_00016069.JPEG,40,46.45333766937256,0.000911712646484375,0.0031741205547684997,0.9678258591213452,0.0,45076,0.997894,0.4740176498889923,0.03141132742166519,14
5610,/home/projects/bagon/shared/imagenet512/val/n03131574/ILSVRC2012_val_00043010.JPEG,56,52.08724594116211,0.000926971435546875,0.004292181896632695,0.9709597576623669,0.0,45077,0.995224,0.6035401821136475,0.028215738013386726,15
5611,/home/projects/bagon/shared/imagenet512/val/n01491361/ILSVRC2012_val_00023935.JPEG,65,92.07262992858887,0.0009565353393554688,0.004800156461015491,0.99372395238976,0.0,45079,0.993696,0.9104171395301819,0.0054029906168580055,21
5612,/home/projects/bagon/shared/imagenet512/val/n03291819/ILSVRC2012_val_00035328.JPEG,37,14.739017009735107,0.0008931159973144531,0.002785945212154436,0.7101179724498139,0.0,45080,0.998042,0.3425257205963135,0.2891436815261841,9
5613,/home/projects/bagon/shared/imagenet512/val/n03902125/ILSVRC2012_val_00040702.JPEG,52,92.37610721588135,0.0009222030639648438,0.0037761910140554707,0.9953356620801013,0.0,45082,0.989507,0.9033042192459106,0.0038666329346597195,22
5614,/home/projects/bagon/shared/imagenet512/val/n04275548/ILSVRC2012_val_00043164.JPEG,65,55.06678819656372,0.0009465217590332031,0.004378765795685102,0.9747650471084132,0.0,45083,0.994857,0.8635044097900391,0.024353990331292152,17
5615,/home/projects/bagon/shared/imagenet512/val/n03764736/ILSVRC2012_val_00001770.JPEG,62,168.6385612487793,0.0009832382202148438,0.004631387763374988,0.9988414865364468,0.0,45084,0.991808,0.9828208684921265,0.0002787120174616575,29
5616,/home/projects/bagon/shared/imagenet512/val/n03483316/ILSVRC2012_val_00002351.JPEG,93,306.74398040771484,0.0009918212890625,0.007342213131090798,0.99908772776122,0.0,45085,0.991542,0.2498198002576828,6.998335447860882e-05,43
5617,/home/projects/bagon/shared/imagenet512/val/n02128757/ILSVRC2012_val_00024910.JPEG,64,64.57807731628418,0.0009698867797851562,0.004476844812290799,0.9859275193523569,0.0,45086,0.995790,0.13924172520637512,0.01316890399903059,15
5618,/home/projects/bagon/shared/imagenet512/val/n07920052/ILSVRC2012_val_00013375.JPEG,62,41.62192678451538,0.0009264945983886719,0.005065046188335382,0.9304691629524615,0.0,45087,0.994600,0.10050582140684128,0.06869588792324066,10
5619,/home/projects/bagon/shared/imagenet512/val/n04090263/ILSVRC2012_val_00038216.JPEG,49,103.35385227203369,0.000934600830078125,0.0038771391643655263,0.9961291495795624,0.0,45088,0.995188,0.24612957239151,0.0030559105798602104,20
5620,/home/projects/bagon/shared/imagenet512/val/n01667778/ILSVRC2012_val_00014106.JPEG,37,12.630842685699463,0.0009722709655761719,0.00290375146110409,0.6780118526021314,0.0,45089,0.997945,0.3451805114746094,0.32116007804870605,8
5621,/home/projects/bagon/shared/imagenet512/val/n02105505/ILSVRC2012_val_00007059.JPEG,88,98.50008392333984,0.0009222030639648438,0.006951421261397313,0.9863023141389091,0.0,45090,0.984443,0.204035684466362,0.012838923372328281,24
5622,/home/projects/bagon/shared/imagenet512/val/n03770439/ILSVRC2012_val_00006000.JPEG,55,38.44014883041382,0.0009293556213378906,0.004148555268431505,0.937362003931892,0.0,45091,0.995709,0.3038087785243988,0.06181574985384941,11
5623,/home/projects/bagon/shared/imagenet512/val/n04522168/ILSVRC2012_val_00042916.JPEG,63,72.2928466796875,0.00099945068359375,0.005109558351165634,0.979890621384991,0.0,45092,0.991549,0.21565139293670654,0.019292447715997696,18
5624,/home/projects/bagon/shared/imagenet512/val/n02825657/ILSVRC2012_val_00006205.JPEG,54,119.66069030761719,0.0008878707885742188,0.00415699487269352,0.9977612064342612,0.0,45093,0.995530,0.6559908986091614,0.0014408406568691134,23
5625,/home/projects/bagon/shared/imagenet512/val/n03899768/ILSVRC2012_val_00046336.JPEG,41,18.962369918823242,0.000885009765625,0.003339406921711135,0.7888117660771604,0.0,45094,0.997560,0.7343003153800964,0.21046650409698486,12
5626,/home/projects/bagon/shared/imagenet512/val/n03249569/ILSVRC2012_val_00002905.JPEG,45,16.95054817199707,0.0009775161743164062,0.00350021371520812,0.7308458115265203,0.0,45095,0.995136,0.7013519406318665,0.2682793140411377,11
5627,/home/projects/bagon/shared/imagenet512/val/n09246464/ILSVRC2012_val_00031523.JPEG,52,49.20743751525879,0.000949859619140625,0.003884160710969761,0.9563625028521394,0.0,45096,0.995870,0.549267590045929,0.04277832806110382,17
5628,/home/projects/bagon/shared/imagenet512/val/n04447861/ILSVRC2012_val_00036382.JPEG,55,43.80370235443115,0.0009784698486328125,0.0045198339222571465,0.9462790235262966,0.0,45098,0.996816,0.13563036918640137,0.052854374051094055,9
5629,/home/projects/bagon/shared/imagenet512/val/n03483316/ILSVRC2012_val_00011813.JPEG,47,49.03167724609375,0.0009622573852539062,0.0036801870515185534,0.9732428726921449,0.0,45099,0.997350,0.2340230643749237,0.025930622592568398,14
5630,/home/projects/bagon/shared/imagenet512/val/n03259280/ILSVRC2012_val_00010219.JPEG,41,12.440316200256348,0.0009260177612304688,0.003128242122478095,0.6445019461677577,0.0,45101,0.997842,0.3546607494354248,0.3546607494354248,0
5631,/home/projects/bagon/shared/imagenet512/val/n04548362/ILSVRC2012_val_00008472.JPEG,34,8.490494728088379,0.0008668899536132812,0.002521891960481883,0.5360156767838214,0.0,45102,0.997826,0.46324771642684937,0.46324771642684937,0
5632,/home/projects/bagon/shared/imagenet512/val/n03376595/ILSVRC2012_val_00014479.JPEG,85,193.68925666809082,0.00098419189453125,0.006811769232118478,0.9986087859781531,0.0,45103,0.990216,0.11750080436468124,0.0005239000311121345,30
5633,/home/projects/bagon/shared/imagenet512/val/n02100236/ILSVRC2012_val_00031655.JPEG,53,12.822859764099121,0.000995635986328125,0.003972651609824328,0.6350392889994694,0.0,45104,0.997707,0.3640342652797699,0.3640342652797699,0
5634,/home/projects/bagon/shared/imagenet512/val/n03028079/ILSVRC2012_val_00039053.JPEG,55,69.65527868270874,0.0008702278137207031,0.004235369462203173,0.9863150709791333,0.0,45105,0.996428,0.6290002465248108,0.012936536222696304,17
5635,/home/projects/bagon/shared/imagenet512/val/n02111500/ILSVRC2012_val_00036075.JPEG,55,37.30991506576538,0.0008854866027832031,0.004169292099646699,0.9084751518703422,0.0,45106,0.992906,0.3173381984233856,0.09077869355678558,14
5636,/home/projects/bagon/shared/imagenet512/val/n02727426/ILSVRC2012_val_00018413.JPEG,86,136.03712463378906,0.00098419189453125,0.006354480396796731,0.9976411050798283,0.0,45107,0.991484,0.27519384026527405,0.001446730806492269,25
5637,/home/projects/bagon/shared/imagenet512/val/n02894605/ILSVRC2012_val_00015515.JPEG,46,18.627556800842285,0.0008945465087890625,0.003627301163621347,0.7678534381103053,0.0,45108,0.995637,0.3677089810371399,0.23137681186199188,9
5638,/home/projects/bagon/shared/imagenet512/val/n03788195/ILSVRC2012_val_00030336.JPEG,69,83.5535078048706,0.0009927749633789062,0.005277379663411471,0.9899081314675181,0.0,45109,0.995103,0.887098491191864,0.009203714318573475,24
5639,/home/projects/bagon/shared/imagenet512/val/n01669191/ILSVRC2012_val_00048480.JPEG,51,50.584956645965576,0.0009226799011230469,0.003773021673675038,0.9744610679271257,0.0,45110,0.997149,0.12224177271127701,0.02472827024757862,13
5640,/home/projects/bagon/shared/imagenet512/val/n02749479/ILSVRC2012_val_00033972.JPEG,52,17.33506202697754,0.0009975433349609375,0.004071140045224576,0.7125033998680232,0.0,45111,0.996983,0.6436983346939087,0.2866552472114563,11
5641,/home/projects/bagon/shared/imagenet512/val/n13133613/ILSVRC2012_val_00011122.JPEG,48,12.849493503570557,0.0009045600891113281,0.0037892213439328034,0.6359270109797063,0.0,45112,0.997161,0.5911349654197693,0.36326903104782104,9
5642,/home/projects/bagon/shared/imagenet512/val/n02108089/ILSVRC2012_val_00025897.JPEG,66,28.54654359817505,0.0009083747863769531,0.004873464351186543,0.8728148930035216,0.0,45113,0.994750,0.8166797757148743,0.1263546645641327,15
5643,/home/projects/bagon/shared/imagenet512/val/n02971356/ILSVRC2012_val_00035114.JPEG,49,76.7103180885315,0.0009617805480957031,0.0036627976815036037,0.991218854337403,0.0,45114,0.991781,0.36370769143104553,0.007961238734424114,17
5644,/home/projects/bagon/shared/imagenet512/val/n03141823/ILSVRC2012_val_00038458.JPEG,48,81.81527709960938,0.000885009765625,0.0036479371838278878,0.9930734441469428,0.0,45115,0.993352,0.2801269590854645,0.006149457301944494,17
5645,/home/projects/bagon/shared/imagenet512/val/n01739381/ILSVRC2012_val_00047211.JPEG,76,87.27018737792969,0.0009565353393554688,0.005590015334737645,0.990356192675591,0.0,45116,0.993052,0.5134991407394409,0.008791991509497166,21
5646,/home/projects/bagon/shared/imagenet512/val/n04023962/ILSVRC2012_val_00005486.JPEG,60,111.50441646575928,0.0009899139404296875,0.004234096594737149,0.997906834904545,0.0,45117,0.994335,0.17497287690639496,0.0011988322949036956,18
5647,/home/projects/bagon/shared/imagenet512/val/n04350905/ILSVRC2012_val_00033166.JPEG,72,63.39778709411621,0.0009832382202148438,0.0055135231089989195,0.9760781325110577,0.0,45118,0.990842,0.3540111184120178,0.02300640195608139,17
5648,/home/projects/bagon/shared/imagenet512/val/n03763968/ILSVRC2012_val_00031265.JPEG,62,141.90428256988525,0.000873565673828125,0.004719789352493916,0.9981353752915421,0.0,45119,0.993625,0.2915092706680298,0.0010749194771051407,27
5649,/home/projects/bagon/shared/imagenet512/val/n03598930/ILSVRC2012_val_00010088.JPEG,64,136.6394486427307,0.0009684562683105469,0.004136723915196208,0.9976498285530673,0.0,45120,0.995429,0.21397903561592102,0.0014379138592630625,25
5650,/home/projects/bagon/shared/imagenet512/val/n04557648/ILSVRC2012_val_00036165.JPEG,54,63.97056531906128,0.0009055137634277344,0.004256439905822134,0.9772805857588669,0.0,45121,0.994772,0.17214292287826538,0.021962232887744904,13
5651,/home/projects/bagon/shared/imagenet512/val/n03047690/ILSVRC2012_val_00018631.JPEG,57,23.620437622070312,0.0009822845458984375,0.004423048229573114,0.825458551756368,0.0,45122,0.996813,0.17501452565193176,0.17365843057632446,8
5652,/home/projects/bagon/shared/imagenet512/val/n02096294/ILSVRC2012_val_00034554.JPEG,42,19.583489418029785,0.0009279251098632812,0.003231175819098799,0.8118177037200002,0.0,45123,0.997794,0.22210143506526947,0.18742722272872925,8
5653,/home/projects/bagon/shared/imagenet512/val/n02791270/ILSVRC2012_val_00035205.JPEG,68,29.684399604797363,0.0009946823120117188,0.005413986324755545,0.8155710763539429,0.0,45124,0.988912,0.7806926369667053,0.18355737626552582,17
5654,/home/projects/bagon/shared/imagenet512/val/n03710637/ILSVRC2012_val_00007816.JPEG,91,33.577091217041016,0.0009870529174804688,0.007234682138762469,0.8035027526630358,0.0,45125,0.993656,0.6717724800109863,0.19559739530086517,18
5655,/home/projects/bagon/shared/imagenet512/val/n15075141/ILSVRC2012_val_00046353.JPEG,57,144.36372470855713,0.0009021759033203125,0.00428636155656291,0.9981323503836316,0.0,45127,0.990090,0.14209842681884766,0.0011511992197483778,22
5656,/home/projects/bagon/shared/imagenet512/val/n03627232/ILSVRC2012_val_00013065.JPEG,40,37.05526924133301,0.0008449554443359375,0.003158757321637338,0.923974089519952,0.0,45128,0.997074,0.16192717850208282,0.07534894347190857,10
5657,/home/projects/bagon/shared/imagenet512/val/n02105056/ILSVRC2012_val_00049815.JPEG,54,40.66082048416138,0.0009713172912597656,0.003948299493536961,0.9261795720178785,0.0,45130,0.993208,0.45465344190597534,0.07298574596643448,15
5658,/home/projects/bagon/shared/imagenet512/val/n02089867/ILSVRC2012_val_00009220.JPEG,61,92.92034578323364,0.0008740425109863281,0.004781359376298166,0.9931039696410301,0.0,45132,0.992003,0.9125121235847473,0.00615040585398674,25
5659,/home/projects/bagon/shared/imagenet512/val/n03216828/ILSVRC2012_val_00040816.JPEG,54,28.41737127304077,0.0008559226989746094,0.004476615667328207,0.8559366629060776,0.0,45133,0.993848,0.4842790961265564,0.14336144924163818,12
5660,/home/projects/bagon/shared/imagenet512/val/n07836838/ILSVRC2012_val_00020034.JPEG,58,15.554055213928223,0.00095367431640625,0.004667973071388649,0.6500444441881833,0.0,45135,0.994099,0.5865291357040405,0.34907636046409607,9
5661,/home/projects/bagon/shared/imagenet512/val/n01644900/ILSVRC2012_val_00028673.JPEG,56,16.32811403274536,0.0009474754333496094,0.004323209030832866,0.7043925427251632,0.0,45136,0.993949,0.5540674328804016,0.29475268721580505,10
5662,/home/projects/bagon/shared/imagenet512/val/n03854065/ILSVRC2012_val_00031331.JPEG,72,184.49759578704834,0.0009326934814453125,0.00502081185776036,0.9987021704472077,0.0,45137,0.990626,0.26981121301651,0.0004519428766798228,30
5663,/home/projects/bagon/shared/imagenet512/val/n02483362/ILSVRC2012_val_00038037.JPEG,91,194.38211965560913,0.0009455680847167969,0.006766532886776465,0.9989592771712603,0.0,45138,0.988984,0.9596243500709534,0.00017588322225492448,36
5664,/home/projects/bagon/shared/imagenet512/val/n07697313/ILSVRC2012_val_00047793.JPEG,62,16.542930603027344,0.0009374618530273438,0.004610908635020889,0.768419131725647,0.0,45139,0.996699,0.6906664967536926,0.23069165647029877,10
5665,/home/projects/bagon/shared/imagenet512/val/n01798484/ILSVRC2012_val_00006790.JPEG,35,10.390355587005615,0.0009274482727050781,0.0025913445232887485,0.6120743555864139,0.0,45140,0.998293,0.3870832324028015,0.3870832324028015,0
5666,/home/projects/bagon/shared/imagenet512/val/n07745940/ILSVRC2012_val_00012645.JPEG,45,59.64850616455078,0.000926971435546875,0.0031515938456734985,0.9842515489599752,0.0,45142,0.996926,0.20872272551059723,0.014905817806720734,13
5667,/home/projects/bagon/shared/imagenet512/val/n04356056/ILSVRC2012_val_00028254.JPEG,66,44.48714876174927,0.0008730888366699219,0.005190720235046281,0.9259504743147434,0.0,45143,0.995855,0.17126058042049408,0.0732661709189415,12
5668,/home/projects/bagon/shared/imagenet512/val/n03400231/ILSVRC2012_val_00042520.JPEG,51,88.40212869644165,0.0009446144104003906,0.004045504130824062,0.9929878656155326,0.0,45144,0.995668,0.2703813314437866,0.0062422254122793674,19
5669,/home/projects/bagon/shared/imagenet512/val/n03355925/ILSVRC2012_val_00027876.JPEG,58,58.20905876159668,0.0009918212890625,0.004655874168432407,0.9692825210443468,0.0,45145,0.993974,0.06897260248661041,0.029848553240299225,10
5670,/home/projects/bagon/shared/imagenet512/val/n04243546/ILSVRC2012_val_00018690.JPEG,73,88.63970422744751,0.0009665489196777344,0.004910148042736406,0.9945694765736004,0.0,45146,0.991678,0.9841794371604919,0.004510069265961647,22
5671,/home/projects/bagon/shared/imagenet512/val/n07730033/ILSVRC2012_val_00041676.JPEG,78,80.96369171142578,0.000980377197265625,0.005463801861528835,0.9905633810443797,0.0,45147,0.995142,0.2565286457538605,0.008509484119713306,19
5672,/home/projects/bagon/shared/imagenet512/val/n04525038/ILSVRC2012_val_00005680.JPEG,26,5.132611274719238,0.00099945068359375,0.0018383255689947058,0.3993753863522108,0.0,45148,0.998914,0.599854588508606,0.599854588508606,0
5673,/home/projects/bagon/shared/imagenet512/val/n02105251/ILSVRC2012_val_00006419.JPEG,63,66.2058653831482,0.0008625984191894531,0.005072604504523535,0.9773113921256229,0.0,45149,0.995949,0.6038138270378113,0.02194620855152607,20
5674,/home/projects/bagon/shared/imagenet512/val/n03787032/ILSVRC2012_val_00035779.JPEG,50,26.344039916992188,0.0009603500366210938,0.003979184974646309,0.8549420324371,0.0,45151,0.996786,0.8171465396881104,0.1442389190196991,14
5675,/home/projects/bagon/shared/imagenet512/val/n03126707/ILSVRC2012_val_00047451.JPEG,37,4.834795951843262,0.00089263916015625,0.0028640026406862324,0.3455802649571115,0.0,45152,0.997775,0.6536714434623718,0.6536714434623718,0
5676,/home/projects/bagon/shared/imagenet512/val/n04286575/ILSVRC2012_val_00032647.JPEG,50,49.407907485961914,0.0008182525634765625,0.0038219928089310118,0.9560818333767359,0.0,45153,0.996414,0.4640599191188812,0.04330586642026901,15
5677,/home/projects/bagon/shared/imagenet512/val/n03920288/ILSVRC2012_val_00011763.JPEG,59,223.76170253753662,0.0009918212890625,0.004380782151774776,0.9990625519225933,0.0,45154,0.994030,0.9814053177833557,3.4715430956566706e-05,31
5678,/home/projects/bagon/shared/imagenet512/val/n02910353/ILSVRC2012_val_00008958.JPEG,29,3.3237853050231934,0.0009274482727050781,0.0023423459935432256,0.3059261481499474,0.0,45155,0.999103,0.6932916045188904,0.6932916045188904,0
5679,/home/projects/bagon/shared/imagenet512/val/n04522168/ILSVRC2012_val_00028768.JPEG,43,38.07278060913086,0.000995635986328125,0.0032517219226473916,0.9584625305107521,0.0,45156,0.997453,0.8945773839950562,0.04066142439842224,14
5680,/home/projects/bagon/shared/imagenet512/val/n07734744/ILSVRC2012_val_00030099.JPEG,44,27.697935104370117,0.0008726119995117188,0.0035523080063154873,0.8798914092261608,0.0,45157,0.994071,0.7417451739311218,0.11936057358980179,13
5681,/home/projects/bagon/shared/imagenet512/val/n02504458/ILSVRC2012_val_00039678.JPEG,37,23.40007734298706,0.0009102821350097656,0.0027300743903602145,0.8432378058611056,0.0,45158,0.998498,0.2802842855453491,0.1559799462556839,10
5682,/home/projects/bagon/shared/imagenet512/val/n03692522/ILSVRC2012_val_00049785.JPEG,64,77.39812660217285,0.0008077621459960938,0.0052438896370435376,0.9866545898765222,0.0,45159,0.995435,0.08858887851238251,0.01265463326126337,14
5683,/home/projects/bagon/shared/imagenet512/val/n04228054/ILSVRC2012_val_00008835.JPEG,62,28.030121326446533,0.0009360313415527344,0.004713601449637641,0.8407813034313502,0.0,45160,0.986374,0.8026609420776367,0.1584043800830841,15
5684,/home/projects/bagon/shared/imagenet512/val/n01753488/ILSVRC2012_val_00016469.JPEG,47,9.583120822906494,0.0009579658508300781,0.0037878750069274946,0.5666456498339622,0.0,45161,0.997032,0.432510107755661,0.432510107755661,0
5685,/home/projects/bagon/shared/imagenet512/val/n04597913/ILSVRC2012_val_00008202.JPEG,55,50.74040412902832,0.000919342041015625,0.004346868414252455,0.9513311677181499,0.0,45162,0.994761,0.8676970601081848,0.04786033183336258,20
5686,/home/projects/bagon/shared/imagenet512/val/n04009552/ILSVRC2012_val_00003990.JPEG,40,46.71286582946777,0.0009098052978515625,0.0031269179372286435,0.9621992030042394,0.0,45163,0.997954,0.17467550933361053,0.03716285154223442,13
5687,/home/projects/bagon/shared/imagenet512/val/n04487394/ILSVRC2012_val_00049208.JPEG,100,188.36920070648193,0.0008955001831054688,0.007940143449774527,0.9983408290390229,0.0,45164,0.992348,0.5471476316452026,0.0008473859052173793,34
5688,/home/projects/bagon/shared/imagenet512/val/n04355933/ILSVRC2012_val_00031126.JPEG,56,26.13228178024292,0.0009007453918457031,0.0044382035962243225,0.8282842833280898,0.0,45165,0.993549,0.17096561193466187,0.17096561193466187,0
5689,/home/projects/bagon/shared/imagenet512/val/n02107312/ILSVRC2012_val_00015511.JPEG,68,170.18817520141602,0.0008916854858398438,0.005572688680866665,0.998477236245716,0.0,45166,0.990927,0.24244719743728638,0.0007743089809082448,30
5690,/home/projects/bagon/shared/imagenet512/val/n01632777/ILSVRC2012_val_00011474.JPEG,47,24.265441417694092,0.0008988380432128906,0.003524112333616961,0.870447121356072,0.0,45167,0.995122,0.6019034385681152,0.1287417858839035,11
5691,/home/projects/bagon/shared/imagenet512/val/n02795169/ILSVRC2012_val_00025231.JPEG,48,42.573463439941406,0.0008726119995117188,0.0032679872959101596,0.9445208919782057,0.0,45168,0.990252,0.5024341940879822,0.05470758303999901,15
5692,/home/projects/bagon/shared/imagenet512/val/n03216828/ILSVRC2012_val_00006838.JPEG,67,91.98223686218262,0.0009298324584960938,0.005116384494082209,0.9921717773589527,0.0,45169,0.990705,0.8504824042320251,0.0070085651241242886,23
5693,/home/projects/bagon/shared/imagenet512/val/n02939185/ILSVRC2012_val_00008169.JPEG,33,26.615177154541016,0.00096893310546875,0.0024517177181590517,0.8779353222582107,0.0,45170,0.998397,0.1332189440727234,0.121278777718544,9
5694,/home/projects/bagon/shared/imagenet512/val/n02981792/ILSVRC2012_val_00049543.JPEG,40,48.93588352203369,0.0008792877197265625,0.003099887156245875,0.9679595453225383,0.0,45171,0.998075,0.7261935472488403,0.03132585436105728,16
5695,/home/projects/bagon/shared/imagenet512/val/n04429376/ILSVRC2012_val_00041720.JPEG,50,28.61669635772705,0.0009603500366210938,0.0035730577897031867,0.9072081355715937,0.0,45172,0.997059,0.4799187481403351,0.0918985977768898,12
5696,/home/projects/bagon/shared/imagenet512/val/n01739381/ILSVRC2012_val_00005827.JPEG,56,61.001219749450684,0.0009431838989257812,0.004461636449895949,0.9820613680434238,0.0,45173,0.994757,0.34831538796424866,0.01713019236922264,15
5697,/home/projects/bagon/shared/imagenet512/val/n04154565/ILSVRC2012_val_00019043.JPEG,54,46.18109941482544,0.0009684562683105469,0.004038434179912158,0.9501761274981281,0.0,45175,0.997519,0.9037179350852966,0.04895060136914253,18
5698,/home/projects/bagon/shared/imagenet512/val/n13133613/ILSVRC2012_val_00000408.JPEG,50,13.698782920837402,0.000881195068359375,0.00394890779140385,0.6396332355741314,0.0,45177,0.996952,0.5615858435630798,0.35957273840904236,9
5699,/home/projects/bagon/shared/imagenet512/val/n03443371/ILSVRC2012_val_00003868.JPEG,59,157.2885036468506,0.00091552734375,0.004356800946180158,0.9988953377727792,0.0,45178,0.996053,0.9251042008399963,0.0003140532353427261,26
5700,/home/projects/bagon/shared/imagenet512/val/n03980874/ILSVRC2012_val_00027107.JPEG,59,75.24844169616699,0.0009860992431640625,0.004369640080914939,0.9904636744947926,0.0,45179,0.996814,0.47201627492904663,0.008625539019703865,17
5701,/home/projects/bagon/shared/imagenet512/val/n02892767/ILSVRC2012_val_00005423.JPEG,56,106.26806831359863,0.000843048095703125,0.0045443322353458625,0.9967032623904757,0.0,45180,0.995144,0.7388388514518738,0.0025690007023513317,23
5702,/home/projects/bagon/shared/imagenet512/val/n02883205/ILSVRC2012_val_00019224.JPEG,68,87.76217555999756,0.0009555816650390625,0.005564949798574528,0.9849506998265183,0.0,45181,0.991141,0.201719269156456,0.014191454276442528,22
5703,/home/projects/bagon/shared/imagenet512/val/n02090721/ILSVRC2012_val_00017327.JPEG,44,39.40122890472412,0.0009899139404296875,0.0033564748142920664,0.9450701902737703,0.0,45182,0.997640,0.3038826584815979,0.05411083996295929,12
5704,/home/projects/bagon/shared/imagenet512/val/n07745940/ILSVRC2012_val_00005066.JPEG,55,105.92773103713989,0.0009331703186035156,0.0034785129947741892,0.99862741231606,0.0,45183,0.995157,0.9775691628456116,0.0005461534019559622,18
5705,/home/projects/bagon/shared/imagenet512/val/n03291819/ILSVRC2012_val_00018067.JPEG,48,84.80307006835938,0.0009183883666992188,0.0036492469680075653,0.9946909586879235,0.0,45184,0.994037,0.5159086585044861,0.004546400159597397,18
5706,/home/projects/bagon/shared/imagenet512/val/n02089078/ILSVRC2012_val_00037609.JPEG,59,75.31142997741699,0.0009307861328125,0.004374687750791849,0.9856811033020075,0.0,45185,0.995477,0.7875427603721619,0.01349050272256136,20
5707,/home/projects/bagon/shared/imagenet512/val/n04612504/ILSVRC2012_val_00011193.JPEG,68,71.059805393219,0.0009484291076660156,0.005288857335017979,0.9795299059389916,0.0,45186,0.994879,0.5821921229362488,0.019610248506069183,21
5708,/home/projects/bagon/shared/imagenet512/val/n07930864/ILSVRC2012_val_00028410.JPEG,60,106.43665885925293,0.0009632110595703125,0.004761740603744603,0.9939421485199496,0.0,45187,0.992734,0.6814605593681335,0.005272652488201857,24
5709,/home/projects/bagon/shared/imagenet512/val/n02974003/ILSVRC2012_val_00006952.JPEG,68,58.540679931640625,0.0009393692016601562,0.005343995485946876,0.9580951983396226,0.0,45188,0.996189,0.620419979095459,0.04105611890554428,18
5710,/home/projects/bagon/shared/imagenet512/val/n02089973/ILSVRC2012_val_00045799.JPEG,46,13.694507122039795,0.0009312629699707031,0.0038232846318037137,0.6707319352032485,0.0,45189,0.996347,0.4755150079727173,0.3284663259983063,8
5711,/home/projects/bagon/shared/imagenet512/val/n02113186/ILSVRC2012_val_00023268.JPEG,45,12.703097820281982,0.0008759498596191406,0.0036047747398451286,0.6432048733220983,0.0,45190,0.996456,0.5326237082481384,0.35604244470596313,9
5712,/home/projects/bagon/shared/imagenet512/val/n02795169/ILSVRC2012_val_00008205.JPEG,66,48.48196887969971,0.0009050369262695312,0.004948530150767958,0.9554199121580836,0.0,45191,0.995495,0.48224902153015137,0.04376189783215523,14
5713,/home/projects/bagon/shared/imagenet512/val/n03125729/ILSVRC2012_val_00008716.JPEG,43,26.60646390914917,0.0008425712585449219,0.0032053997593026193,0.8782227077280674,0.0,45192,0.996877,0.7944337129592896,0.12101011723279953,13
5714,/home/projects/bagon/shared/imagenet512/val/n03532672/ILSVRC2012_val_00024123.JPEG,53,119.69354248046875,0.0009822845458984375,0.004270696755152756,0.9965077214393802,0.0,45193,0.996374,0.2512880861759186,0.002674710238352418,25
5715,/home/projects/bagon/shared/imagenet512/val/n03775071/ILSVRC2012_val_00022216.JPEG,55,63.62011241912842,0.0009937286376953125,0.004172460047052444,0.9863022981451882,0.0,45194,0.993279,0.7864217758178711,0.012782791629433632,17
5716,/home/projects/bagon/shared/imagenet512/val/n02840245/ILSVRC2012_val_00041698.JPEG,42,47.90380811691284,0.0008931159973144531,0.0032005757070129146,0.9701584146822321,0.0,45195,0.997339,0.6004423499107361,0.029047610238194466,15
5717,/home/projects/bagon/shared/imagenet512/val/n04008634/ILSVRC2012_val_00049362.JPEG,80,27.980082035064697,0.0009446144104003906,0.005959905191618625,0.7650187995494616,0.0,45196,0.993126,0.48071226477622986,0.23416222631931305,10
5718,/home/projects/bagon/shared/imagenet512/val/n04162706/ILSVRC2012_val_00028611.JPEG,64,88.38125562667847,0.0009398460388183594,0.004983123624954305,0.9927215058334335,0.0,45197,0.989192,0.18658700585365295,0.006450622342526913,17
5719,/home/projects/bagon/shared/imagenet512/val/n03476991/ILSVRC2012_val_00025365.JPEG,56,109.76716995239258,0.0009241104125976562,0.004424555157322298,0.9965543674653246,0.0,45198,0.994053,0.5146544575691223,0.0027299183420836926,23
5720,/home/projects/bagon/shared/imagenet512/val/n03706229/ILSVRC2012_val_00008728.JPEG,39,1.4937553405761719,0.0009746551513671875,0.003018975753282754,0.14712665311001688,0.0,45199,0.998225,0.8519387245178223,0.8519387245178223,0
5721,/home/projects/bagon/shared/imagenet512/val/n03476991/ILSVRC2012_val_00004982.JPEG,47,29.63537883758545,0.000843048095703125,0.003785877282679887,0.8879889519506421,0.0,45200,0.996075,0.13268864154815674,0.11128152161836624,8
5722,/home/projects/bagon/shared/imagenet512/val/n02236044/ILSVRC2012_val_00012127.JPEG,86,102.48598957061768,0.0009813308715820312,0.005777934656325542,0.9945315463467137,0.0,45201,0.989428,0.5610244274139404,0.004511092323809862,25
5723,/home/projects/bagon/shared/imagenet512/val/n04579145/ILSVRC2012_val_00033173.JPEG,67,137.0237603187561,0.0009360313415527344,0.005072594382953832,0.997420989550444,0.0,45202,0.995021,0.5984734296798706,0.0017272760160267353,28
5724,/home/projects/bagon/shared/imagenet512/val/n02090721/ILSVRC2012_val_00030412.JPEG,41,5.8574018478393555,0.0009002685546875,0.0032521308401595008,0.40601401696420697,0.0,45203,0.997125,0.5931608080863953,0.5931608080863953,0
5725,/home/projects/bagon/shared/imagenet512/val/n03394916/ILSVRC2012_val_00033682.JPEG,66,78.24619770050049,0.0009899139404296875,0.00501170922998711,0.9798616793292134,0.0,45204,0.995615,0.6183936595916748,0.019250452518463135,26
5726,/home/projects/bagon/shared/imagenet512/val/n02109961/ILSVRC2012_val_00028523.JPEG,70,58.81530570983887,0.0009851455688476562,0.004872687765432586,0.9697413784393184,0.0,45205,0.995939,0.9153965711593628,0.02934843674302101,18
5727,/home/projects/bagon/shared/imagenet512/val/n03661043/ILSVRC2012_val_00024394.JPEG,43,64.4211835861206,0.0009021759033203125,0.003296546573612717,0.9870460141400705,0.0,45206,0.997458,0.31407979130744934,0.012165965512394905,15
5728,/home/projects/bagon/shared/imagenet512/val/n04456115/ILSVRC2012_val_00035674.JPEG,46,17.96252679824829,0.0009188652038574219,0.0032804701823921584,0.7959473234272916,0.0,45207,0.997250,0.2032185047864914,0.2032185047864914,0
5729,/home/projects/bagon/shared/imagenet512/val/n03832673/ILSVRC2012_val_00021415.JPEG,73,72.5579137802124,0.0009450912475585938,0.005753503166875836,0.9839942387303318,0.0,45208,0.992179,0.5885477066040039,0.015133981592953205,19
5730,/home/projects/bagon/shared/imagenet512/val/n01871265/ILSVRC2012_val_00011218.JPEG,48,19.462931632995605,0.0008916854858398438,0.003865076856907954,0.7709855465504163,0.0,45209,0.996545,0.3924292027950287,0.22818447649478912,10
5731,/home/projects/bagon/shared/imagenet512/val/n02988304/ILSVRC2012_val_00035511.JPEG,57,35.517847537994385,0.0008730888366699219,0.004571723731885188,0.8773488874283284,0.0,45211,0.995675,0.622261106967926,0.1218906044960022,17
5732,/home/projects/bagon/shared/imagenet512/val/n02667093/ILSVRC2012_val_00044339.JPEG,62,163.2546844482422,0.0009984970092773438,0.004939183661840267,0.9985900362259419,0.0,45212,0.993408,0.8113582730293274,0.0005768062546849251,27
5733,/home/projects/bagon/shared/imagenet512/val/n03633091/ILSVRC2012_val_00019976.JPEG,71,143.735360622406,0.0009531974792480469,0.005564619634050479,0.9976378440683653,0.0,45213,0.992127,0.13669228553771973,0.0015418838011100888,25
5734,/home/projects/bagon/shared/imagenet512/val/n01744401/ILSVRC2012_val_00001482.JPEG,75,130.46088886260986,0.0009765625,0.005896628786045624,0.997461470540285,0.0,45215,0.993542,0.7071518898010254,0.0016744454624131322,28
5735,/home/projects/bagon/shared/imagenet512/val/n04069434/ILSVRC2012_val_00030477.JPEG,72,65.01230716705322,0.0009965896606445312,0.0058118844885281865,0.9667067372261472,0.0,45217,0.994780,0.5311888456344604,0.032409653067588806,19
5736,/home/projects/bagon/shared/imagenet512/val/n04136333/ILSVRC2012_val_00002902.JPEG,113,383.00041103363037,0.0009899139404296875,0.008581692340956952,0.9991062893920821,0.0,45218,0.985433,0.4414089322090149,3.233342431485653e-05,54
5737,/home/projects/bagon/shared/imagenet512/val/n03400231/ILSVRC2012_val_00015404.JPEG,53,30.189767360687256,0.0009579658508300781,0.004260361378509796,0.8453362455616906,0.0,45220,0.995661,0.2908777892589569,0.15383684635162354,11
5738,/home/projects/bagon/shared/imagenet512/val/n04493381/ILSVRC2012_val_00015609.JPEG,62,18.88705062866211,0.0008840560913085938,0.004634005978565088,0.7196181580652801,0.0,45221,0.994771,0.6822010278701782,0.27958592772483826,12
5739,/home/projects/bagon/shared/imagenet512/val/n03085013/ILSVRC2012_val_00025409.JPEG,60,19.726781845092773,0.00092315673828125,0.004959635855980121,0.772458800111461,0.0,45222,0.994306,0.565832257270813,0.2266886830329895,10
5740,/home/projects/bagon/shared/imagenet512/val/n01843383/ILSVRC2012_val_00029589.JPEG,46,20.216076374053955,0.0009675025939941406,0.0035411883329030548,0.7864855655536036,0.0,45223,0.995916,0.3325023055076599,0.21258515119552612,9
5741,/home/projects/bagon/shared/imagenet512/val/n03777754/ILSVRC2012_val_00038670.JPEG,62,164.78694105148315,0.0008349418640136719,0.004714378689367107,0.9987637169404686,0.0,45224,0.992515,0.6241598725318909,0.0005343171069398522,28
5742,/home/projects/bagon/shared/imagenet512/val/n04111531/ILSVRC2012_val_00029341.JPEG,62,104.5479965209961,0.0009870529174804688,0.004571655642844624,0.9957899825692408,0.0,45225,0.995929,0.9071027040481567,0.003324433695524931,21
5743,/home/projects/bagon/shared/imagenet512/val/n04235860/ILSVRC2012_val_00007955.JPEG,56,92.11777687072754,0.0009260177612304688,0.004065528802279017,0.9918562746984833,0.0,45226,0.991526,0.7983116507530212,0.007434734143316746,22
5744,/home/projects/bagon/shared/imagenet512/val/n01985128/ILSVRC2012_val_00013580.JPEG,48,33.78843021392822,0.000885009765625,0.0034872498488710325,0.9215254988735823,0.0,45227,0.994860,0.7928261160850525,0.07769542187452316,13
5745,/home/projects/bagon/shared/imagenet512/val/n03724870/ILSVRC2012_val_00003148.JPEG,63,68.87114143371582,0.00095367431640625,0.004913365554242461,0.9846416805035254,0.0,45228,0.993092,0.2213762402534485,0.014478262513875961,16
5746,/home/projects/bagon/shared/imagenet512/val/n03929855/ILSVRC2012_val_00022617.JPEG,64,79.10197353363037,0.0009775161743164062,0.005035238135881641,0.9780565085527289,0.0,45229,0.991668,0.30232521891593933,0.02120339125394821,22
5747,/home/projects/bagon/shared/imagenet512/val/n04259630/ILSVRC2012_val_00013340.JPEG,66,136.57563734054565,0.0009751319885253906,0.004924277160519875,0.9981626469248606,0.0,45230,0.992653,0.15273843705654144,0.0009490231168456376,22
5748,/home/projects/bagon/shared/imagenet512/val/n03832673/ILSVRC2012_val_00000677.JPEG,75,44.18812656402588,0.0009365081787109375,0.005939555496234163,0.9194863740364011,0.0,45231,0.992345,0.22260382771492004,0.07966570556163788,13
5749,/home/projects/bagon/shared/imagenet512/val/n04332243/ILSVRC2012_val_00030726.JPEG,37,6.008787631988525,0.0009026527404785156,0.002572078586289872,0.42877034663069263,0.0,45232,0.998626,0.5704208016395569,0.5704208016395569,0
5750,/home/projects/bagon/shared/imagenet512/val/n04548280/ILSVRC2012_val_00023862.JPEG,55,62.005786418914795,0.0009303092956542969,0.00409689194919074,0.9835311616701844,0.0,45233,0.994604,0.9079887270927429,0.015605786815285683,18
5751,/home/projects/bagon/shared/imagenet512/val/n02124075/ILSVRC2012_val_00041579.JPEG,40,5.109767913818359,0.0009527206420898438,0.0032365470298340924,0.35662430984343785,0.0,45236,0.997036,0.6425399780273438,0.6425399780273438,0
5752,/home/projects/bagon/shared/imagenet512/val/n04009552/ILSVRC2012_val_00047644.JPEG,39,32.40479898452759,0.0009398460388183594,0.002806138655067265,0.9014916402949269,0.0,45237,0.995954,0.4576438367366791,0.09774687886238098,13
5753,/home/projects/bagon/shared/imagenet512/val/n07711569/ILSVRC2012_val_00013084.JPEG,59,32.785024642944336,0.0009546279907226562,0.004268469860988839,0.9157526904492979,0.0,45239,0.996630,0.8865652084350586,0.08342018723487854,15
5754,/home/projects/bagon/shared/imagenet512/val/n03958227/ILSVRC2012_val_00027015.JPEG,58,102.72012662887573,0.0007853507995605469,0.004576747270630905,0.9934437777521026,0.0,45240,0.994857,0.11673815548419952,0.005950982682406902,18
5755,/home/projects/bagon/shared/imagenet512/val/n03759954/ILSVRC2012_val_00034944.JPEG,73,156.05305194854736,0.0008630752563476562,0.0054332565785173235,0.9985564929989662,0.0,45241,0.991863,0.8922341465950012,0.0006676457123830914,29
5756,/home/projects/bagon/shared/imagenet512/val/n04372370/ILSVRC2012_val_00041016.JPEG,38,59.07764911651611,0.0008573532104492188,0.0028701278658731927,0.9857840347219596,0.0,45242,0.997227,0.18699494004249573,0.013497717678546906,13
5757,/home/projects/bagon/shared/imagenet512/val/n04409515/ILSVRC2012_val_00019125.JPEG,60,25.634586811065674,0.0008854866027832031,0.004612794702313297,0.8363411532716314,0.0,45243,0.992072,0.4608739912509918,0.16287466883659363,11
5758,/home/projects/bagon/shared/imagenet512/val/n03272010/ILSVRC2012_val_00006680.JPEG,53,57.339887619018555,0.0008916854858398438,0.0041227309822871394,0.9780439023477335,0.0,45244,0.996399,0.28884366154670715,0.02118435688316822,17
5759,/home/projects/bagon/shared/imagenet512/val/n07930864/ILSVRC2012_val_00048321.JPEG,53,18.148420810699463,0.0008759498596191406,0.0044246230846221625,0.7334814439497499,0.0,45245,0.996831,0.30590716004371643,0.2657635509967804,7
5760,/home/projects/bagon/shared/imagenet512/val/n03793489/ILSVRC2012_val_00017816.JPEG,80,90.62482595443726,0.0009646415710449219,0.006016816508861606,0.9850396861727011,0.0,45246,0.990162,0.8667683005332947,0.014103643596172333,28
5761,/home/projects/bagon/shared/imagenet512/val/n02981792/ILSVRC2012_val_00020540.JPEG,55,16.1984920501709,0.0009222030639648438,0.004470175051851479,0.7442091996962514,0.0,45247,0.995672,0.6094859838485718,0.2549301087856293,10
5762,/home/projects/bagon/shared/imagenet512/val/n02113186/ILSVRC2012_val_00049884.JPEG,64,89.2859354019165,0.0009737014770507812,0.004993933634515467,0.9911516676533918,0.0,45248,0.995120,0.5615293979644775,0.00798624474555254,25
5763,/home/projects/bagon/shared/imagenet512/val/n02916936/ILSVRC2012_val_00026746.JPEG,46,23.180684566497803,0.0009598731994628906,0.003505722886444187,0.8259520593363816,0.0,45249,0.995009,0.17316868901252747,0.17316868901252747,0
5764,/home/projects/bagon/shared/imagenet512/val/n02074367/ILSVRC2012_val_00002000.JPEG,63,90.9229040145874,0.0009126663208007812,0.0044637159071710675,0.9963438526801557,0.0,45250,0.991199,0.15500976145267487,0.0028387277852743864,16
5765,/home/projects/bagon/shared/imagenet512/val/n02992529/ILSVRC2012_val_00031438.JPEG,69,171.87281131744385,0.00093841552734375,0.005353380303005549,0.9987621068640483,0.0,45251,0.994826,0.31066590547561646,0.00038665556348860264,29
5766,/home/projects/bagon/shared/imagenet512/val/n03733805/ILSVRC2012_val_00033697.JPEG,55,34.17026090621948,0.0009398460388183594,0.004101898693990978,0.912393371440815,0.0,45252,0.995551,0.8449488878250122,0.08675328642129898,15
5767,/home/projects/bagon/shared/imagenet512/val/n02259212/ILSVRC2012_val_00046417.JPEG,57,57.69950819015503,0.0009236335754394531,0.004388484580392265,0.9778182348401554,0.0,45253,0.993801,0.5449550151824951,0.021318165585398674,17
5768,/home/projects/bagon/shared/imagenet512/val/n03249569/ILSVRC2012_val_00002043.JPEG,67,21.058635711669922,0.0009775161743164062,0.005399185332046679,0.7489163701123982,0.0,45254,0.993421,0.7101786732673645,0.2502085864543915,12
5769,/home/projects/bagon/shared/imagenet512/val/n03141823/ILSVRC2012_val_00037313.JPEG,74,157.39740705490112,0.0008769035339355469,0.005628348063015858,0.9985134303322694,0.0,45256,0.994814,0.8691957592964172,0.0008068095776252449,27
5770,/home/projects/bagon/shared/imagenet512/val/n03877845/ILSVRC2012_val_00022667.JPEG,56,29.74629831314087,0.0009264945983886719,0.00427912211082402,0.8835213725480623,0.0,45258,0.995482,0.11563974618911743,0.11563974618911743,0
5771,/home/projects/bagon/shared/imagenet512/val/n03014705/ILSVRC2012_val_00044628.JPEG,46,75.89414978027344,0.0009641647338867188,0.003388951545139942,0.9912868264074766,0.0,45260,0.996459,0.5037480592727661,0.00782050471752882,17
5772,/home/projects/bagon/shared/imagenet512/val/n04612504/ILSVRC2012_val_00041292.JPEG,56,49.61862802505493,0.0008845329284667969,0.004253559541980673,0.9574142677087509,0.0,45261,0.994317,0.9148833155632019,0.04178004711866379,18
5773,/home/projects/bagon/shared/imagenet512/val/n09246464/ILSVRC2012_val_00030857.JPEG,36,9.735087871551514,0.0008826255798339844,0.0027009090866065982,0.6208906573522823,0.0,45262,0.997485,0.5255815386772156,0.3783465623855591,8
5774,/home/projects/bagon/shared/imagenet512/val/n04392985/ILSVRC2012_val_00029455.JPEG,80,35.716506004333496,0.0009660720825195312,0.006351722200630018,0.8743547571443036,0.0,45263,0.991686,0.3894362449645996,0.12479305267333984,13
5775,/home/projects/bagon/shared/imagenet512/val/n04522168/ILSVRC2012_val_00046271.JPEG,73,170.3382043838501,0.0008258819580078125,0.005938591148142197,0.9987243851468146,0.0,45264,0.990548,0.0794195905327797,0.0006138700409792364,26
5776,/home/projects/bagon/shared/imagenet512/val/n03534580/ILSVRC2012_val_00042152.JPEG,78,205.0952091217041,0.0008983612060546875,0.005540362090483485,0.9990391100033686,0.0,45266,0.985986,0.9163240790367126,0.0001076974585885182,30
5777,/home/projects/bagon/shared/imagenet512/val/n07583066/ILSVRC2012_val_00038089.JPEG,71,137.91044902801514,0.00098419189453125,0.005078668588988441,0.9977529144493542,0.0,45267,0.985552,0.9818848967552185,0.0013741614529863,30
5778,/home/projects/bagon/shared/imagenet512/val/n02108089/ILSVRC2012_val_00023231.JPEG,46,43.357197761535645,0.0009174346923828125,0.00343861822182471,0.9613206797096073,0.0,45270,0.995731,0.8118770122528076,0.03784925118088722,15
5779,/home/projects/bagon/shared/imagenet512/val/n04033901/ILSVRC2012_val_00003041.JPEG,68,81.78033447265625,0.0009222030639648438,0.005329136070111311,0.9869305160083349,0.0,45271,0.992325,0.8319233655929565,0.012235807254910469,22
5780,/home/projects/bagon/shared/imagenet512/val/n03594734/ILSVRC2012_val_00000110.JPEG,47,32.60939407348633,0.00095367431640625,0.003809157584345033,0.9148353960689741,0.0,45272,0.997596,0.5530791282653809,0.08437089622020721,12
5781,/home/projects/bagon/shared/imagenet512/val/n02640242/ILSVRC2012_val_00032922.JPEG,75,100.58042335510254,0.0008935928344726562,0.0056847789737349925,0.9927627631039628,0.0,45273,0.991734,0.3163013756275177,0.006464932579547167,22
5782,/home/projects/bagon/shared/imagenet512/val/n07695742/ILSVRC2012_val_00004195.JPEG,37,58.63210105895996,0.0008230209350585938,0.002689569687283158,0.983645460491399,0.0,45274,0.997196,0.7268550992012024,0.015667524188756943,16
5783,/home/projects/bagon/shared/imagenet512/val/n02018795/ILSVRC2012_val_00044999.JPEG,57,36.955941677093506,0.0009751319885253906,0.004208035897868974,0.9279148697354861,0.0,45275,0.996895,0.6815520524978638,0.07118724286556244,14
5784,/home/projects/bagon/shared/imagenet512/val/n04525038/ILSVRC2012_val_00036415.JPEG,48,96.59574747085571,0.0009446144104003906,0.0036055521368550283,0.995931082829669,0.0,45276,0.997185,0.13897575438022614,0.003405898343771696,17
5785,/home/projects/bagon/shared/imagenet512/val/n03796401/ILSVRC2012_val_00000365.JPEG,43,31.94149684906006,0.000904083251953125,0.0033876218146279137,0.9258858077645565,0.0,45277,0.997102,0.892874538898468,0.0733521580696106,14
5786,/home/projects/bagon/shared/imagenet512/val/n09193705/ILSVRC2012_val_00027422.JPEG,42,14.694629669189453,0.0009908676147460938,0.0032397942230035772,0.7202386197262416,0.0,45278,0.997632,0.2788950502872467,0.2788950502872467,0
5787,/home/projects/bagon/shared/imagenet512/val/n04493381/ILSVRC2012_val_00006781.JPEG,67,26.624814987182617,0.0009717941284179688,0.005339826535983974,0.8041650705855741,0.0,45279,0.993968,0.6130702495574951,0.19496293365955353,13
5788,/home/projects/bagon/shared/imagenet512/val/n04270147/ILSVRC2012_val_00028618.JPEG,44,10.981585025787354,0.0008521080017089844,0.003582717672967329,0.6207653491962788,0.0,45280,0.997324,0.48089537024497986,0.3785095512866974,7
5789,/home/projects/bagon/shared/imagenet512/val/n07932039/ILSVRC2012_val_00017072.JPEG,64,135.58371686935425,0.0009093284606933594,0.004948025752090645,0.9973719062316302,0.0,45281,0.993493,0.2301005870103836,0.0018236273899674416,27
5790,/home/projects/bagon/shared/imagenet512/val/n02910353/ILSVRC2012_val_00028342.JPEG,44,84.38710594177246,0.0008335113525390625,0.0034952327265758507,0.9955028153239671,0.0,45282,0.996663,0.32702746987342834,0.003862663172185421,17
5791,/home/projects/bagon/shared/imagenet512/val/n02279972/ILSVRC2012_val_00019145.JPEG,78,114.41374206542969,0.0009870529174804688,0.005539790794746039,0.9967871015696812,0.0,45283,0.988952,0.10477091372013092,0.002284025540575385,20
5792,/home/projects/bagon/shared/imagenet512/val/n02088632/ILSVRC2012_val_00032000.JPEG,47,11.253863334655762,0.00098419189453125,0.0034635749376991367,0.5812593622677464,0.0,45284,0.997939,0.4178869426250458,0.4178869426250458,0
5793,/home/projects/bagon/shared/imagenet512/val/n03690938/ILSVRC2012_val_00003466.JPEG,73,34.73659038543701,0.0009698867797851562,0.005496437477436718,0.8648129387487329,0.0,45285,0.992151,0.7440645694732666,0.13430194556713104,17
5794,/home/projects/bagon/shared/imagenet512/val/n03476991/ILSVRC2012_val_00039891.JPEG,54,52.560269355773926,0.000972747802734375,0.004403681151746104,0.9618862607851281,0.0,45286,0.997534,0.08876185119152069,0.037263691425323486,11
5795,/home/projects/bagon/shared/imagenet512/val/n02443114/ILSVRC2012_val_00030469.JPEG,57,21.20041275024414,0.0009307861328125,0.00423043200465487,0.8006949038820821,0.0,45287,0.995813,0.6831867098808289,0.19848434627056122,12
5796,/home/projects/bagon/shared/imagenet512/val/n02363005/ILSVRC2012_val_00028074.JPEG,47,31.5518159866333,0.00086212158203125,0.0034946640534678996,0.9026659824705215,0.0,45288,0.997529,0.8756401538848877,0.09657353907823563,15
5797,/home/projects/bagon/shared/imagenet512/val/n01985128/ILSVRC2012_val_00025521.JPEG,47,25.656944274902344,0.000949859619140625,0.0035827735690218713,0.8928477387569664,0.0,45289,0.997103,0.77657151222229,0.10627742111682892,12
5798,/home/projects/bagon/shared/imagenet512/val/n02483708/ILSVRC2012_val_00022740.JPEG,62,68.30013465881348,0.0009918212890625,0.004572819857280261,0.9891790962850737,0.0,45290,0.994941,0.29462385177612305,0.0099157290533185,16
5799,/home/projects/bagon/shared/imagenet512/val/n01980166/ILSVRC2012_val_00000818.JPEG,40,28.775949478149414,0.0009708404541015625,0.0029572596480150126,0.897855702952464,0.0,45291,0.997456,0.21845951676368713,0.10131796449422836,10
5800,/home/projects/bagon/shared/imagenet512/val/n03782006/ILSVRC2012_val_00018187.JPEG,67,27.400373458862305,0.000995635986328125,0.005654678212268188,0.79784836713977,0.0,45293,0.994311,0.3196084499359131,0.20124827325344086,8
5801,/home/projects/bagon/shared/imagenet512/val/n03063599/ILSVRC2012_val_00010857.JPEG,68,166.014488697052,0.0009274482727050781,0.005462526907799173,0.998370384853578,0.0,45294,0.990711,0.264149010181427,0.0008193645044229925,27
5802,/home/projects/bagon/shared/imagenet512/val/n02526121/ILSVRC2012_val_00042915.JPEG,58,142.50225162506104,0.0009012222290039062,0.0042850362149032175,0.998501436884218,0.0,45295,0.992617,0.5938541293144226,0.0007416656007990241,26
5803,/home/projects/bagon/shared/imagenet512/val/n01682714/ILSVRC2012_val_00042070.JPEG,58,34.32601022720337,0.0009407997131347656,0.004668780619217699,0.9137327207042207,0.0,45296,0.994965,0.8334944844245911,0.08540350943803787,15
5804,/home/projects/bagon/shared/imagenet512/val/n03220513/ILSVRC2012_val_00037465.JPEG,52,36.439645290374756,0.0009217262268066406,0.003986648127661802,0.9126029481054474,0.0,45297,0.993947,0.8400344848632812,0.08658627420663834,16
5805,/home/projects/bagon/shared/imagenet512/val/n02422699/ILSVRC2012_val_00025116.JPEG,76,49.83692407608032,0.0009055137634277344,0.005759101328674049,0.9435281386853056,0.0,45298,0.990594,0.14522211253643036,0.0556582547724247,16
5806,/home/projects/bagon/shared/imagenet512/val/n01698640/ILSVRC2012_val_00007238.JPEG,54,41.8025598526001,0.0009698867797851562,0.003818543839832471,0.9359472197492305,0.0,45299,0.993983,0.1397424340248108,0.0631565973162651,16
5807,/home/projects/bagon/shared/imagenet512/val/n03773504/ILSVRC2012_val_00010189.JPEG,55,15.95914602279663,0.0009665489196777344,0.004106603399379187,0.7177662767434333,0.0,45300,0.996480,0.5888433456420898,0.28137195110321045,10
5808,/home/projects/bagon/shared/imagenet512/val/n02493793/ILSVRC2012_val_00045444.JPEG,53,43.026594161987305,0.0008544921875,0.004086298776411963,0.9354123380048343,0.0,45301,0.996330,0.5441654324531555,0.06388289481401443,15
5809,/home/projects/bagon/shared/imagenet512/val/n03179701/ILSVRC2012_val_00032302.JPEG,54,23.38283061981201,0.0009927749633789062,0.004480971767312846,0.8335706508976963,0.0,45302,0.996894,0.2760765850543976,0.16550353169441223,8
5810,/home/projects/bagon/shared/imagenet512/val/n04008634/ILSVRC2012_val_00014988.JPEG,79,52.51936101913452,0.0009312629699707031,0.006138911046282485,0.9494370176759888,0.0,45303,0.992190,0.43709027767181396,0.04970875382423401,19
5811,/home/projects/bagon/shared/imagenet512/val/n04479046/ILSVRC2012_val_00043734.JPEG,57,144.64925479888916,0.0009794235229492188,0.00411066719462555,0.9988793187851147,0.0,45304,0.995649,0.7938812375068665,0.00024006377498153597,21
5812,/home/projects/bagon/shared/imagenet512/val/n03355925/ILSVRC2012_val_00001962.JPEG,52,12.340946674346924,0.0009160041809082031,0.004154605802030572,0.6305601510108318,0.0,45305,0.995187,0.3686272203922272,0.3686272203922272,0
5813,/home/projects/bagon/shared/imagenet512/val/n03017168/ILSVRC2012_val_00035306.JPEG,80,115.79483413696289,0.0009527206420898438,0.006379895460903733,0.9943312837005716,0.0,45306,0.993184,0.4329981505870819,0.0048217675648629665,25
5814,/home/projects/bagon/shared/imagenet512/val/n03443371/ILSVRC2012_val_00017478.JPEG,50,24.22569465637207,0.00090789794921875,0.004051079841542917,0.8378616400677834,0.0,45307,0.995800,0.4320199489593506,0.16131964325904846,10
5815,/home/projects/bagon/shared/imagenet512/val/n03908714/ILSVRC2012_val_00043654.JPEG,55,54.097731590270996,0.0009918212890625,0.0043183248395729755,0.9576564187385501,0.0,45308,0.994600,0.5160712003707886,0.04150857403874397,18
5816,/home/projects/bagon/shared/imagenet512/val/n06785654/ILSVRC2012_val_00046723.JPEG,69,168.12210416793823,0.0009284019470214844,0.00512303373466707,0.9987600642822734,0.0,45309,0.994374,0.1808510571718216,0.0003844646271318197,27
5817,/home/projects/bagon/shared/imagenet512/val/n02098105/ILSVRC2012_val_00031531.JPEG,42,33.8900260925293,0.0008687973022460938,0.0033748256292891895,0.9059590036652342,0.0,45310,0.997377,0.38773852586746216,0.09335653483867645,12
5818,/home/projects/bagon/shared/imagenet512/val/n03958227/ILSVRC2012_val_00008350.JPEG,44,47.05653381347656,0.0009975433349609375,0.003026106504000454,0.9749980226749903,0.0,45311,0.998123,0.8958485722541809,0.02413749322295189,14
5819,/home/projects/bagon/shared/imagenet512/val/n04599235/ILSVRC2012_val_00028150.JPEG,51,68.81100702285767,0.0009198188781738281,0.004175837001191738,0.9861850858259628,0.0,45312,0.994391,0.14732670783996582,0.013022364117205143,15
5820,/home/projects/bagon/shared/imagenet512/val/n03976657/ILSVRC2012_val_00044719.JPEG,47,40.23336744308472,0.0008606910705566406,0.0037068294278766916,0.9445665480756603,0.0,45314,0.995058,0.5971720814704895,0.05466805398464203,13
5821,/home/projects/bagon/shared/imagenet512/val/n02268443/ILSVRC2012_val_00046231.JPEG,50,13.928646087646484,0.0009546279907226562,0.004038589115797704,0.6904860425831743,0.0,45315,0.996095,0.6267222166061401,0.3086959719657898,9
5822,/home/projects/bagon/shared/imagenet512/val/n03125729/ILSVRC2012_val_00016343.JPEG,50,96.89225673675537,0.0009002685546875,0.003943547152552818,0.9952775437537809,0.0,45316,0.997623,0.5647315979003906,0.00392942177131772,21
5823,/home/projects/bagon/shared/imagenet512/val/n03884397/ILSVRC2012_val_00039417.JPEG,38,21.433860301971436,0.0009236335754394531,0.0029919442073974845,0.8168387099369304,0.0,45317,0.996070,0.3295418918132782,0.18240265548229218,9
5824,/home/projects/bagon/shared/imagenet512/val/n03803284/ILSVRC2012_val_00049210.JPEG,58,84.70473194122314,0.0009889602661132812,0.004209450316313315,0.9949851763675743,0.0,45318,0.996027,0.9486420154571533,0.00412788474932313,20
5825,/home/projects/bagon/shared/imagenet512/val/n03804744/ILSVRC2012_val_00016760.JPEG,46,65.7122049331665,0.0008974075317382812,0.0034387545008544565,0.9877303728142124,0.0,45319,0.994827,0.2785896062850952,0.01149157527834177,15
5826,/home/projects/bagon/shared/imagenet512/val/n01917289/ILSVRC2012_val_00033440.JPEG,50,62.752153396606445,0.0009784698486328125,0.0032582818384108854,0.9920446877640183,0.0,45320,0.998136,0.9734647870063782,0.007052329834550619,16
5827,/home/projects/bagon/shared/imagenet512/val/n04285008/ILSVRC2012_val_00033293.JPEG,56,47.93921661376953,0.0009775161743164062,0.004429256223345062,0.954690035379816,0.0,45321,0.996574,0.19050590693950653,0.04446440562605858,14
5828,/home/projects/bagon/shared/imagenet512/val/n03843555/ILSVRC2012_val_00047442.JPEG,49,50.30699110031128,0.0008654594421386719,0.0037481959896839543,0.9706405456031922,0.0,45322,0.996353,0.26694777607917786,0.028632501140236855,13
5829,/home/projects/bagon/shared/imagenet512/val/n02109961/ILSVRC2012_val_00014701.JPEG,66,16.946017265319824,0.000995635986328125,0.005169274815355686,0.6705080247222922,0.0,45323,0.994387,0.613588809967041,0.3285716474056244,10
5830,/home/projects/bagon/shared/imagenet512/val/n04428191/ILSVRC2012_val_00031546.JPEG,48,27.24876356124878,0.0009751319885253906,0.0038250421013362682,0.8767904784486656,0.0,45324,0.996407,0.8314763903617859,0.12232056260108948,14
5831,/home/projects/bagon/shared/imagenet512/val/n03450230/ILSVRC2012_val_00011683.JPEG,46,19.555541038513184,0.0009403228759765625,0.003697045716358139,0.7784509598962636,0.0,45325,0.997615,0.7381089329719543,0.22071704268455505,12
5832,/home/projects/bagon/shared/imagenet512/val/n03124170/ILSVRC2012_val_00017204.JPEG,48,31.092573642730713,0.0008845329284667969,0.003862071725111362,0.8982294243656894,0.0,45326,0.996209,0.5019125938415527,0.10104670375585556,12
5833,/home/projects/bagon/shared/imagenet512/val/n04554684/ILSVRC2012_val_00022249.JPEG,57,146.91023111343384,0.0008978843688964844,0.0036924774156580245,0.9989447205299616,0.0,45327,0.994942,0.9654456973075867,0.00022890603577252477,24
5834,/home/projects/bagon/shared/imagenet512/val/n04141975/ILSVRC2012_val_00006418.JPEG,43,45.25990915298462,0.0009474754333496094,0.0033592819628444404,0.9553863326139703,0.0,45328,0.997644,0.5806241631507874,0.043894171714782715,15
5835,/home/projects/bagon/shared/imagenet512/val/n03599486/ILSVRC2012_val_00029813.JPEG,64,53.773552894592285,0.0009069442749023438,0.0042783683921896135,0.9810980180948683,0.0,45329,0.995704,0.5271021127700806,0.018074246123433113,14
5836,/home/projects/bagon/shared/imagenet512/val/n03929660/ILSVRC2012_val_00022149.JPEG,46,29.295684814453125,0.000980377197265625,0.0034846610996735303,0.912141841664055,0.0,45330,0.997983,0.3804565668106079,0.0869508609175682,11
5837,/home/projects/bagon/shared/imagenet512/val/n02169497/ILSVRC2012_val_00001539.JPEG,40,17.510124683380127,0.0008931159973144531,0.0029837524731942317,0.7706970911035541,0.0,45331,0.997215,0.2598647475242615,0.2285194993019104,9
5838,/home/projects/bagon/shared/imagenet512/val/n03196217/ILSVRC2012_val_00019501.JPEG,53,5.595888614654541,0.0009627342224121094,0.004325854294047696,0.3794836495844602,0.0,45332,0.994189,0.6196275353431702,0.6196275353431702,0
5839,/home/projects/bagon/shared/imagenet512/val/n02093991/ILSVRC2012_val_00043404.JPEG,55,36.7177209854126,0.0009412765502929688,0.004384467439673552,0.8999436285368178,0.0,45333,0.990828,0.33039867877960205,0.09925821423530579,11
5840,/home/projects/bagon/shared/imagenet512/val/n03372029/ILSVRC2012_val_00002542.JPEG,69,75.8834080696106,0.0009417533874511719,0.00562564173397622,0.9769908786166706,0.0,45334,0.992179,0.27862200140953064,0.02222367748618126,18
5841,/home/projects/bagon/shared/imagenet512/val/n03961711/ILSVRC2012_val_00017668.JPEG,50,71.74677467346191,0.0009012222290039062,0.003544737089067732,0.9897867817733047,0.0,45335,0.996392,0.41690146923065186,0.009421938098967075,17
5842,/home/projects/bagon/shared/imagenet512/val/n02837789/ILSVRC2012_val_00038813.JPEG,40,21.276949405670166,0.0009169578552246094,0.0029668901979597933,0.7804157675767036,0.0,45336,0.995834,0.6207981109619141,0.21885138750076294,13
5843,/home/projects/bagon/shared/imagenet512/val/n02999410/ILSVRC2012_val_00024021.JPEG,37,26.25033473968506,0.0009136199951171875,0.002781978058090156,0.8777617575295265,0.0,45338,0.998382,0.7546582818031311,0.12146440148353577,13
5844,/home/projects/bagon/shared/imagenet512/val/n03970156/ILSVRC2012_val_00011268.JPEG,41,62.685460567474365,0.0009217262268066406,0.0030048755425117527,0.9882035294018225,0.0,45339,0.997691,0.8023248314857483,0.011008898727595806,15
5845,/home/projects/bagon/shared/imagenet512/val/n01749939/ILSVRC2012_val_00014575.JPEG,64,146.9567165374756,0.0009489059448242188,0.005006327903834506,0.9986460922032101,0.0,45340,0.991143,0.22278156876564026,0.0005317695322446525,28
5846,/home/projects/bagon/shared/imagenet512/val/n01756291/ILSVRC2012_val_00036067.JPEG,78,29.505616188049316,0.0009889602661132812,0.005793154711365335,0.8310143969891062,0.0,45341,0.992025,0.7858601808547974,0.16808801889419556,15
5847,/home/projects/bagon/shared/imagenet512/val/n02101556/ILSVRC2012_val_00045011.JPEG,50,35.087623596191406,0.000797271728515625,0.0040173027302244785,0.9095593048363001,0.0,45342,0.995679,0.41174769401550293,0.08979428559541702,12
5848,/home/projects/bagon/shared/imagenet512/val/n02395406/ILSVRC2012_val_00030014.JPEG,63,85.59336614608765,0.0009531974792480469,0.0044159205171042295,0.9938777848792647,0.0,45343,0.995096,0.8483059406280518,0.005268180277198553,19
5849,/home/projects/bagon/shared/imagenet512/val/n02815834/ILSVRC2012_val_00012908.JPEG,37,10.385366439819336,0.000926971435546875,0.0028611853701501658,0.6098113040852469,0.0,45344,0.997526,0.43196120858192444,0.38935086131095886,8
5850,/home/projects/bagon/shared/imagenet512/val/n04599235/ILSVRC2012_val_00001417.JPEG,47,51.13971662521362,0.0008416175842285156,0.003609542765439169,0.9711246761072792,0.0,45345,0.997349,0.9215213656425476,0.02817632630467415,17
5851,/home/projects/bagon/shared/imagenet512/val/n02229544/ILSVRC2012_val_00026894.JPEG,68,144.57830715179443,0.0008440017700195312,0.005192914704839132,0.9978594522660779,0.0,45346,0.983781,0.21053622663021088,0.0014390036230906844,22
5852,/home/projects/bagon/shared/imagenet512/val/n02807133/ILSVRC2012_val_00037542.JPEG,60,79.82051372528076,0.0008602142333984375,0.004761721392874906,0.9846595036235708,0.0,45347,0.995011,0.332719087600708,0.014633012935519218,21
5853,/home/projects/bagon/shared/imagenet512/val/n01749939/ILSVRC2012_val_00026739.JPEG,92,188.176362991333,0.000926971435546875,0.007119465748451029,0.9987244773456303,0.0,45348,0.989579,0.31600236892700195,0.0004699357086792588,28
5854,/home/projects/bagon/shared/imagenet512/val/n02085620/ILSVRC2012_val_00016688.JPEG,46,17.856465339660645,0.000972747802734375,0.003630719560003364,0.7350465534148648,0.0,45349,0.997853,0.3542739748954773,0.26409855484962463,9
5855,/home/projects/bagon/shared/imagenet512/val/n02104365/ILSVRC2012_val_00027051.JPEG,47,45.646625995635986,0.0009388923645019531,0.0037094503950896767,0.9664242924859671,0.0,45350,0.996330,0.7661228179931641,0.03275889530777931,16
5856,/home/projects/bagon/shared/imagenet512/val/n02749479/ILSVRC2012_val_00031231.JPEG,74,124.38832235336304,0.0009722709655761719,0.005342112509221867,0.9980425571272565,0.0,45351,0.994414,0.9797143340110779,0.0010529077844694257,26
5857,/home/projects/bagon/shared/imagenet512/val/n03535780/ILSVRC2012_val_00004312.JPEG,44,18.126803398132324,0.0009603500366210938,0.0034001144500371686,0.7588779109681135,0.0,45352,0.996570,0.6274184584617615,0.24031192064285278,11
5858,/home/projects/bagon/shared/imagenet512/val/n04204347/ILSVRC2012_val_00004046.JPEG,42,2.8470940589904785,0.0008873939514160156,0.003329449806485583,0.24667542291883426,0.0,45353,0.996289,0.7525274157524109,0.7525274157524109,0
5859,/home/projects/bagon/shared/imagenet512/val/n01667778/ILSVRC2012_val_00015475.JPEG,38,14.553738117218018,0.0008406639099121094,0.00286370716953241,0.7401111904094347,0.0,45354,0.997966,0.6860895752906799,0.2591891288757324,9
5860,/home/projects/bagon/shared/imagenet512/val/n03742115/ILSVRC2012_val_00003433.JPEG,34,30.330398559570312,0.00090789794921875,0.002384173193606164,0.9219303776328075,0.0,45355,0.998483,0.9075182676315308,0.07734180241823196,13
5861,/home/projects/bagon/shared/imagenet512/val/n09332890/ILSVRC2012_val_00039635.JPEG,41,60.438876152038574,0.000919342041015625,0.003028662284685694,0.9864966200810028,0.0,45356,0.997608,0.7339980602264404,0.012698045931756496,16
5862,/home/projects/bagon/shared/imagenet512/val/n07714990/ILSVRC2012_val_00048012.JPEG,63,6.734529495239258,0.0009918212890625,0.004897595563486769,0.43808009166153866,0.0,45357,0.995118,0.5609731674194336,0.5609731674194336,0
5863,/home/projects/bagon/shared/imagenet512/val/n03297495/ILSVRC2012_val_00022933.JPEG,63,70.35782814025879,0.0009670257568359375,0.0046660214269863875,0.9859404937906466,0.0,45358,0.992487,0.36439332365989685,0.013186417520046234,18
5864,/home/projects/bagon/shared/imagenet512/val/n02206856/ILSVRC2012_val_00049624.JPEG,53,41.61335372924805,0.0009889602661132812,0.003848220682735354,0.9490322951095518,0.0,45359,0.996485,0.7696750164031982,0.050079457461833954,15
5865,/home/projects/bagon/shared/imagenet512/val/n03496892/ILSVRC2012_val_00030173.JPEG,53,29.428014278411865,0.0008749961853027344,0.004179146270919147,0.8561880705163611,0.0,45361,0.992794,0.8181220889091492,0.14303936064243317,15
5866,/home/projects/bagon/shared/imagenet512/val/n02769748/ILSVRC2012_val_00036598.JPEG,62,105.54637575149536,0.0009303092956542969,0.005182200615078878,0.993894459478373,0.0,45362,0.995062,0.2619621753692627,0.005325186066329479,19
5867,/home/projects/bagon/shared/imagenet512/val/n02027492/ILSVRC2012_val_00001643.JPEG,61,50.52451992034912,0.0009546279907226562,0.00429173398195119,0.9735755249460111,0.0,45363,0.995446,0.9356764554977417,0.025565586984157562,16
5868,/home/projects/bagon/shared/imagenet512/val/n02951585/ILSVRC2012_val_00012878.JPEG,54,97.6476559638977,0.0008702278137207031,0.00432030633390434,0.9951788172724748,0.0,45364,0.993929,0.19295813143253326,0.004082618746906519,20
5869,/home/projects/bagon/shared/imagenet512/val/n03998194/ILSVRC2012_val_00014123.JPEG,47,44.603909492492676,0.00090789794921875,0.003340633514994955,0.96596875041112,0.0,45365,0.996677,0.3366437256336212,0.03323991224169731,13
5870,/home/projects/bagon/shared/imagenet512/val/n01980166/ILSVRC2012_val_00023339.JPEG,62,39.62973213195801,0.0008974075317382812,0.004189069745915633,0.9389855973901967,0.0,45367,0.995920,0.8822755217552185,0.060194231569767,16
5871,/home/projects/bagon/shared/imagenet512/val/n02097474/ILSVRC2012_val_00039212.JPEG,54,29.154082775115967,0.0009493827819824219,0.00417788390507791,0.8561550882542522,0.0,45368,0.994290,0.6200331449508667,0.14299403131008148,14
5872,/home/projects/bagon/shared/imagenet512/val/n03782006/ILSVRC2012_val_00032019.JPEG,62,25.439760208129883,0.0009927749633789062,0.005010484921098305,0.8145045682512867,0.0,45369,0.988635,0.7620142698287964,0.1846301555633545,14
5873,/home/projects/bagon/shared/imagenet512/val/n03535780/ILSVRC2012_val_00030841.JPEG,54,15.23829460144043,0.0009965896606445312,0.004295399566832116,0.6826142471258516,0.0,45371,0.996902,0.5358230471611023,0.3164837956428528,9
5874,/home/projects/bagon/shared/imagenet512/val/n04033995/ILSVRC2012_val_00038032.JPEG,39,4.039480209350586,0.0009870529174804688,0.002913978477154601,0.3539303218817863,0.0,45372,0.996399,0.6451975107192993,0.6451975107192993,0
5875,/home/projects/bagon/shared/imagenet512/val/n02747177/ILSVRC2012_val_00018345.JPEG,69,36.76491737365723,0.0009393692016601562,0.005524807832700811,0.8692647979789889,0.0,45373,0.991447,0.12988390028476715,0.12988390028476715,0
5876,/home/projects/bagon/shared/imagenet512/val/n01665541/ILSVRC2012_val_00038549.JPEG,75,134.12222814559937,0.0009570121765136719,0.005591332782870165,0.9968435809335957,0.0,45375,0.991618,0.28493010997772217,0.0022833046969026327,24
5877,/home/projects/bagon/shared/imagenet512/val/n04392985/ILSVRC2012_val_00001738.JPEG,75,40.518653869628906,0.000988006591796875,0.006014168507475774,0.8975775098620763,0.0,45376,0.993824,0.35305649042129517,0.10154833644628525,15
5878,/home/projects/bagon/shared/imagenet512/val/n04467665/ILSVRC2012_val_00038561.JPEG,57,62.384521484375,0.0009603500366210938,0.004420562421867141,0.9785309116797597,0.0,45377,0.995362,0.30421745777130127,0.02059178613126278,17
5879,/home/projects/bagon/shared/imagenet512/val/n02894605/ILSVRC2012_val_00000358.JPEG,42,18.096339225769043,0.0009012222290039062,0.003139944986200922,0.755825853417682,0.0,45378,0.996703,0.3806108236312866,0.2433854341506958,9
5880,/home/projects/bagon/shared/imagenet512/val/n04355933/ILSVRC2012_val_00038797.JPEG,52,16.236976623535156,0.0009508132934570312,0.003906829366759824,0.6818364604883348,0.0,45379,0.996395,0.5247915387153625,0.3173019289970398,10
5881,/home/projects/bagon/shared/imagenet512/val/n02493793/ILSVRC2012_val_00017507.JPEG,66,25.166569709777832,0.00092315673828125,0.004845726909239832,0.8421584960188173,0.0,45380,0.991186,0.6926509141921997,0.1569511592388153,12
5882,/home/projects/bagon/shared/imagenet512/val/n07711569/ILSVRC2012_val_00016562.JPEG,66,26.145464420318604,0.0009245872497558594,0.00457318762564685,0.8755705587715085,0.0,45381,0.994484,0.8261057138442993,0.12356546521186829,13
5883,/home/projects/bagon/shared/imagenet512/val/n03666591/ILSVRC2012_val_00009293.JPEG,63,101.04323768615723,0.0009069442749023438,0.0051865277702774805,0.9940515200150859,0.0,45382,0.995010,0.1598716676235199,0.005170872434973717,21
5884,/home/projects/bagon/shared/imagenet512/val/n03527444/ILSVRC2012_val_00027822.JPEG,64,123.9343810081482,0.0009112358093261719,0.005182509480374034,0.9969133891114901,0.0,45383,0.991399,0.34538450837135315,0.0022832024842500687,24
5885,/home/projects/bagon/shared/imagenet512/val/n02231487/ILSVRC2012_val_00047952.JPEG,71,177.5588617324829,0.00091552734375,0.00505202626178116,0.998681545910079,0.0,45384,0.991060,0.5161105990409851,0.0005043390556238592,30
5886,/home/projects/bagon/shared/imagenet512/val/n02107312/ILSVRC2012_val_00039020.JPEG,65,55.216782569885254,0.0008945465087890625,0.0053773877635968645,0.950674096487688,0.0,45385,0.993944,0.24375376105308533,0.04855357110500336,15
5887,/home/projects/bagon/shared/imagenet512/val/n02892767/ILSVRC2012_val_00047165.JPEG,58,49.487648010253906,0.0009546279907226562,0.00447616771263431,0.9672835710744175,0.0,45386,0.996310,0.26649776101112366,0.0318833589553833,16
5888,/home/projects/bagon/shared/imagenet512/val/n02085620/ILSVRC2012_val_00028943.JPEG,41,15.784967422485352,0.0008707046508789062,0.0032718264795122687,0.7147813226274506,0.0,45387,0.998569,0.30976593494415283,0.2844838798046112,8
5889,/home/projects/bagon/shared/imagenet512/val/n02091831/ILSVRC2012_val_00030249.JPEG,62,50.298237800598145,0.0009794235229492188,0.004294333650438128,0.962036514325014,0.0,45388,0.993586,0.24237756431102753,0.03705373406410217,14
5890,/home/projects/bagon/shared/imagenet512/val/n03709823/ILSVRC2012_val_00012321.JPEG,44,26.923518657684326,0.0009675025939941406,0.0036547235822377406,0.8739979035205744,0.0,45389,0.996872,0.45595425367355347,0.12518654763698578,11
5891,/home/projects/bagon/shared/imagenet512/val/n03977966/ILSVRC2012_val_00023057.JPEG,59,59.266347885131836,0.0009984970092773438,0.004689953295590403,0.9781810298430265,0.0,45390,0.995740,0.5663705468177795,0.020897237583994865,16
5892,/home/projects/bagon/shared/imagenet512/val/n03709823/ILSVRC2012_val_00032247.JPEG,50,33.5604887008667,0.000949859619140625,0.004008913819867733,0.9099878256009074,0.0,45391,0.998032,0.3457685708999634,0.0892036184668541,13
5893,/home/projects/bagon/shared/imagenet512/val/n03110669/ILSVRC2012_val_00008033.JPEG,52,25.571027278900146,0.0008959770202636719,0.004177511293475613,0.8547452529049856,0.0,45392,0.997016,0.7143924236297607,0.14443770051002502,13
5894,/home/projects/bagon/shared/imagenet512/val/n02669723/ILSVRC2012_val_00045424.JPEG,53,27.87828016281128,0.0009083747863769531,0.003950972092520476,0.8710168247068946,0.0,45393,0.996272,0.47032228112220764,0.1281583607196808,11
5895,/home/projects/bagon/shared/imagenet512/val/n03729826/ILSVRC2012_val_00037724.JPEG,52,53.134631633758545,0.0009303092956542969,0.00406820453836944,0.9608531601491409,0.0,45394,0.996347,0.4142041802406311,0.03834139183163643,17
5896,/home/projects/bagon/shared/imagenet512/val/n04522168/ILSVRC2012_val_00018777.JPEG,58,115.03749656677246,0.0008859634399414062,0.004390490648029707,0.997824026360727,0.0,45395,0.995727,0.8284417390823364,0.0014208810171112418,21
5897,/home/projects/bagon/shared/imagenet512/val/n04154565/ILSVRC2012_val_00000310.JPEG,25,2.192439556121826,0.0009665489196777344,0.001953045436409138,0.22003939106875345,0.0,45396,0.999066,0.7791776657104492,0.7791776657104492,0
5898,/home/projects/bagon/shared/imagenet512/val/n04493381/ILSVRC2012_val_00038337.JPEG,58,25.50922203063965,0.0009088516235351562,0.00463629757842862,0.8183680381962283,0.0,45397,0.995561,0.34995198249816895,0.1808331161737442,11
5899,/home/projects/bagon/shared/imagenet512/val/n01914609/ILSVRC2012_val_00000017.JPEG,72,38.79054641723633,0.0009832382202148438,0.0049905533108738935,0.9445642219247393,0.0,45398,0.995003,0.771605908870697,0.05449457839131355,15
5900,/home/projects/bagon/shared/imagenet512/val/n04579145/ILSVRC2012_val_00007489.JPEG,53,61.031020164489746,0.0009775161743164062,0.003583826700526532,0.9815332480621696,0.0,45399,0.995323,0.6670221090316772,0.017541542649269104,16
5901,/home/projects/bagon/shared/imagenet512/val/n02906734/ILSVRC2012_val_00018911.JPEG,72,84.50563383102417,0.0009484291076660156,0.005712642779184726,0.981364136157246,0.0,45400,0.993405,0.37739643454551697,0.017821479588747025,21
5902,/home/projects/bagon/shared/imagenet512/val/n02098413/ILSVRC2012_val_00030660.JPEG,42,20.395323753356934,0.0008668899536132812,0.003425248668036086,0.8187386003949854,0.0,45401,0.997502,0.7421020865440369,0.18052546679973602,11
5903,/home/projects/bagon/shared/imagenet512/val/n03710721/ILSVRC2012_val_00029807.JPEG,77,14.98076057434082,0.0009965896606445312,0.0056807892294581976,0.5528919119576771,0.0,45402,0.994971,0.5211561322212219,0.44615527987480164,7
5904,/home/projects/bagon/shared/imagenet512/val/n04522168/ILSVRC2012_val_00041967.JPEG,55,70.89386940002441,0.000995635986328125,0.004512441909258485,0.9848689948236884,0.0,45403,0.995575,0.12712395191192627,0.014300337992608547,15
5905,/home/projects/bagon/shared/imagenet512/val/n03976657/ILSVRC2012_val_00002567.JPEG,55,44.47885274887085,0.0009236335754394531,0.00442903916592645,0.9405281060909436,0.0,45404,0.995047,0.06730005890130997,0.058646172285079956,8
5906,/home/projects/bagon/shared/imagenet512/val/n01729977/ILSVRC2012_val_00014472.JPEG,59,55.94624614715576,0.0008602142333984375,0.004678575203884295,0.9689385828091841,0.0,45405,0.995645,0.9331324696540833,0.030301129445433617,20
5907,/home/projects/bagon/shared/imagenet512/val/n02107574/ILSVRC2012_val_00034266.JPEG,46,8.387251853942871,0.00095367431640625,0.003552056401209522,0.5655846423843408,0.0,45406,0.997933,0.43359804153442383,0.43359804153442383,0
5908,/home/projects/bagon/shared/imagenet512/val/n04347754/ILSVRC2012_val_00042324.JPEG,49,34.083136558532715,0.00093841552734375,0.003660270175212994,0.9305279437734494,0.0,45407,0.994924,0.38444983959198,0.06860991567373276,11
5909,/home/projects/bagon/shared/imagenet512/val/n02909870/ILSVRC2012_val_00010175.JPEG,47,62.67329502105713,0.0009641647338867188,0.0036494806545330255,0.9851562264427234,0.0,45408,0.995580,0.8330798149108887,0.014029486104846,17
5910,/home/projects/bagon/shared/imagenet512/val/n04229816/ILSVRC2012_val_00009290.JPEG,58,71.21594858169556,0.0009245872497558594,0.004688850839010979,0.9889910847825221,0.0,45409,0.992434,0.4698506295681,0.010178115218877792,18
5911,/home/projects/bagon/shared/imagenet512/val/n01773549/ILSVRC2012_val_00037282.JPEG,57,50.860562801361084,0.0009226799011230469,0.004398742970983917,0.9626285535240491,0.0,45410,0.995824,0.9205048084259033,0.036532867699861526,21
5912,/home/projects/bagon/shared/imagenet512/val/n03595614/ILSVRC2012_val_00007268.JPEG,56,93.55366563796997,0.0009150505065917969,0.0044097771549146715,0.9946985075957432,0.0,45411,0.995559,0.2007804661989212,0.004504186101257801,17
5913,/home/projects/bagon/shared/imagenet512/val/n03776460/ILSVRC2012_val_00026878.JPEG,48,108.82216453552246,0.0008573532104492188,0.003478836665208656,0.9984227520700649,0.0,45412,0.997328,0.9643383026123047,0.0008215320413000882,21
5914,/home/projects/bagon/shared/imagenet512/val/n04389033/ILSVRC2012_val_00042641.JPEG,63,46.48207664489746,0.0009517669677734375,0.0048909560537589315,0.9426099765509485,0.0,45413,0.990160,0.7541902661323547,0.056524377316236496,15
5915,/home/projects/bagon/shared/imagenet512/val/n01728572/ILSVRC2012_val_00042352.JPEG,67,35.860087871551514,0.0008959770202636719,0.005266737648238969,0.8948709446200829,0.0,45414,0.993586,0.5429272055625916,0.10427301377058029,13
5916,/home/projects/bagon/shared/imagenet512/val/n04356056/ILSVRC2012_val_00034446.JPEG,58,14.920952796936035,0.0009899139404296875,0.004644076569775158,0.6405923871639924,0.0,45415,0.992699,0.5980445146560669,0.35849660634994507,10
5917,/home/projects/bagon/shared/imagenet512/val/n03482405/ILSVRC2012_val_00035547.JPEG,66,53.858036518096924,0.0009245872497558594,0.005233395534417479,0.9662707130559193,0.0,45416,0.993630,0.9214617609977722,0.03291352093219757,19
5918,/home/projects/bagon/shared/imagenet512/val/n04275548/ILSVRC2012_val_00009763.JPEG,52,25.889663696289062,0.0009784698486328125,0.003986269683487735,0.8622026795947233,0.0,45417,0.993766,0.511170506477356,0.13693933188915253,12
5919,/home/projects/bagon/shared/imagenet512/val/n02099712/ILSVRC2012_val_00027534.JPEG,46,13.777013778686523,0.0009555816650390625,0.0035625632307283175,0.6820852878467418,0.0,45418,0.996482,0.4213016629219055,0.31706541776657104,8
5920,/home/projects/bagon/shared/imagenet512/val/n02676566/ILSVRC2012_val_00044937.JPEG,63,12.140270709991455,0.0009407997131347656,0.0047894636216931595,0.6244561612788387,0.0,45419,0.995207,0.3746390640735626,0.3746390640735626,0
5921,/home/projects/bagon/shared/imagenet512/val/n02797295/ILSVRC2012_val_00016353.JPEG,39,11.968194484710693,0.0009388923645019531,0.0028603890111101988,0.6663638663932124,0.0,45420,0.997939,0.572073221206665,0.3327913284301758,9
5922,/home/projects/bagon/shared/imagenet512/val/n02037110/ILSVRC2012_val_00037288.JPEG,52,18.054058074951172,0.0009908676147460938,0.003775906221993707,0.7598040284385386,0.0,45421,0.994858,0.27094563841819763,0.23926596343517303,9
5923,/home/projects/bagon/shared/imagenet512/val/n03216828/ILSVRC2012_val_00012195.JPEG,63,84.03911685943604,0.0009832382202148438,0.004668210035303018,0.9948734624269688,0.0,45423,0.994957,0.9742986559867859,0.004244989715516567,19
5924,/home/projects/bagon/shared/imagenet512/val/n01682714/ILSVRC2012_val_00041164.JPEG,72,16.868282794952393,0.0009446144104003906,0.005756777968778532,0.6888648849125188,0.0,45424,0.993557,0.6345873475074768,0.31025826930999756,10
5925,/home/projects/bagon/shared/imagenet512/val/n03445924/ILSVRC2012_val_00022035.JPEG,48,46.1837477684021,0.0009570121765136719,0.003703958878158886,0.9645367536967535,0.0,45425,0.996093,0.5267028212547302,0.034589119255542755,14
5926,/home/projects/bagon/shared/imagenet512/val/n03764736/ILSVRC2012_val_00013680.JPEG,50,23.192565441131592,0.0009207725524902344,0.0033999495355139984,0.8434546999796966,0.0,45426,0.997551,0.7783070206642151,0.15570764243602753,12
5927,/home/projects/bagon/shared/imagenet512/val/n03814639/ILSVRC2012_val_00007014.JPEG,44,52.634596824645996,0.0009832382202148438,0.0031811836748406146,0.9758901957883901,0.0,45427,0.996842,0.515766441822052,0.023237811401486397,14
5928,/home/projects/bagon/shared/imagenet512/val/n04355338/ILSVRC2012_val_00002015.JPEG,42,46.46858310699463,0.0008707046508789062,0.002945705014628002,0.9693338623037637,0.0,45428,0.997478,0.6578164100646973,0.029936496168375015,13
5929,/home/projects/bagon/shared/imagenet512/val/n03690938/ILSVRC2012_val_00032191.JPEG,67,32.704720973968506,0.0009026527404785156,0.005100178186963713,0.9009937020826495,0.0,45429,0.994561,0.6895896196365356,0.09821482002735138,14
5930,/home/projects/bagon/shared/imagenet512/val/n07932039/ILSVRC2012_val_00048392.JPEG,67,107.68616390228271,0.0009622573852539062,0.005376097886098212,0.9954741509027558,0.0,45430,0.993235,0.576140820980072,0.0036963277962058783,25
5931,/home/projects/bagon/shared/imagenet512/val/n03782006/ILSVRC2012_val_00047803.JPEG,57,27.18696403503418,0.0009746551513671875,0.004506249770697275,0.8392538593046281,0.0,45431,0.994782,0.2208658754825592,0.15987974405288696,9
5932,/home/projects/bagon/shared/imagenet512/val/n02096177/ILSVRC2012_val_00033231.JPEG,48,39.40401268005371,0.0008573532104492188,0.0038233736704801104,0.9471526539077784,0.0,45433,0.997355,0.7321162223815918,0.052111901342868805,14
5933,/home/projects/bagon/shared/imagenet512/val/n03255030/ILSVRC2012_val_00012202.JPEG,73,262.16861152648926,0.0009012222290039062,0.005463879081168767,0.9991830534646424,0.0,45434,0.988226,0.9822209477424622,5.103938019601628e-05,37
5934,/home/projects/bagon/shared/imagenet512/val/n07871810/ILSVRC2012_val_00016553.JPEG,62,57.87160682678223,0.00091552734375,0.004623606836213929,0.9676857553097385,0.0,45435,0.992613,0.8646700978279114,0.03147270530462265,19
5935,/home/projects/bagon/shared/imagenet512/val/n04404412/ILSVRC2012_val_00001532.JPEG,70,56.51386737823486,0.000995635986328125,0.005260359162960453,0.9539320422204753,0.0,45436,0.994185,0.4572579264640808,0.04520800709724426,19
5936,/home/projects/bagon/shared/imagenet512/val/n04355933/ILSVRC2012_val_00024618.JPEG,70,57.413241386413574,0.0009698867797851562,0.005385392069448622,0.9633478291148551,0.0,45437,0.992151,0.44059208035469055,0.03574240207672119,20
5937,/home/projects/bagon/shared/imagenet512/val/n03995372/ILSVRC2012_val_00048981.JPEG,51,47.97651958465576,0.000942230224609375,0.003991602817522921,0.9625307485476408,0.0,45438,0.996342,0.36155661940574646,0.0366608090698719,13
5938,/home/projects/bagon/shared/imagenet512/val/n04326547/ILSVRC2012_val_00030823.JPEG,58,7.448760509490967,0.0009655952453613281,0.004170082414970382,0.5057535133406716,0.0,45439,0.996926,0.49334028363227844,0.49334028363227844,0
5939,/home/projects/bagon/shared/imagenet512/val/n03710721/ILSVRC2012_val_00003089.JPEG,64,23.84822368621826,0.0008449554443359375,0.005004492464053529,0.7883433792561664,0.0,45440,0.997061,0.3934783637523651,0.2109234780073166,11
5940,/home/projects/bagon/shared/imagenet512/val/n03769881/ILSVRC2012_val_00042007.JPEG,53,32.63929224014282,0.0008950233459472656,0.004120424975646595,0.923265432123595,0.0,45441,0.996797,0.5719875693321228,0.075921930372715,12
5941,/home/projects/bagon/shared/imagenet512/val/n03786901/ILSVRC2012_val_00025293.JPEG,58,60.84230947494507,0.0009675025939941406,0.004433290375636797,0.9759282954306968,0.0,45442,0.986780,0.6957931518554688,0.023190466687083244,18
5942,/home/projects/bagon/shared/imagenet512/val/n07716358/ILSVRC2012_val_00040637.JPEG,55,36.84913969039917,0.0009303092956542969,0.004281749415494555,0.9110484818327789,0.0,45443,0.995651,0.3188885450363159,0.08814214915037155,13
5943,/home/projects/bagon/shared/imagenet512/val/n04067472/ILSVRC2012_val_00028684.JPEG,38,68.945068359375,0.0007944107055664062,0.0029007351530443357,0.990479072382106,0.0,45444,0.997253,0.1729983389377594,0.008873210288584232,16
5944,/home/projects/bagon/shared/imagenet512/val/n04239074/ILSVRC2012_val_00014865.JPEG,55,83.52035570144653,0.0008759498596191406,0.004391059165744115,0.9915422357046287,0.0,45446,0.995318,0.33060580492019653,0.007738480810075998,19
5945,/home/projects/bagon/shared/imagenet512/val/n02799071/ILSVRC2012_val_00020572.JPEG,69,46.78579044342041,0.0009393692016601562,0.005560653071188023,0.9196485710947491,0.0,45447,0.994933,0.6889790892601013,0.07953668385744095,19
5946,/home/projects/bagon/shared/imagenet512/val/n04116512/ILSVRC2012_val_00029621.JPEG,67,58.00359344482422,0.0009136199951171875,0.005300459472072627,0.9690813760273381,0.0,45448,0.996818,0.25369709730148315,0.03018505871295929,16
5947,/home/projects/bagon/shared/imagenet512/val/n03782006/ILSVRC2012_val_00041449.JPEG,64,13.56716775894165,0.0009064674377441406,0.0050178672243990155,0.6068174698513583,0.0,45449,0.995424,0.39241862297058105,0.39241862297058105,0
5948,/home/projects/bagon/shared/imagenet512/val/n04392985/ILSVRC2012_val_00003844.JPEG,66,52.18850088119507,0.0009350776672363281,0.005258223212022631,0.9550314485234686,0.0,45451,0.995509,0.6060808300971985,0.0441800095140934,17
5949,/home/projects/bagon/shared/imagenet512/val/n02100583/ILSVRC2012_val_00005923.JPEG,56,28.45044994354248,0.0009031295776367188,0.004430108912288276,0.8710864311404481,0.0,45452,0.997485,0.8253100514411926,0.12807291746139526,13
5950,/home/projects/bagon/shared/imagenet512/val/n01784675/ILSVRC2012_val_00028449.JPEG,81,120.18518829345703,0.0009908676147460938,0.005258664258527979,0.9983013554311586,0.0,45453,0.995157,0.8678001761436462,0.0007570433663204312,22
5951,/home/projects/bagon/shared/imagenet512/val/n03995372/ILSVRC2012_val_00014379.JPEG,57,122.04365158081055,0.0009860992431640625,0.004259167621884083,0.9980843175126971,0.0,45455,0.993744,0.914415180683136,0.0010722324950620532,21
5952,/home/projects/bagon/shared/imagenet512/val/n02102318/ILSVRC2012_val_00026540.JPEG,57,53.82277870178223,0.0009431838989257812,0.004658709912354989,0.9639780906839074,0.0,45456,0.994120,0.22591157257556915,0.0351959727704525,15
5953,/home/projects/bagon/shared/imagenet512/val/n04090263/ILSVRC2012_val_00013481.JPEG,54,56.871487617492676,0.0009126663208007812,0.004087524768307478,0.9806565581690224,0.0,45457,0.991651,0.3406217396259308,0.01853102259337902,15
5954,/home/projects/bagon/shared/imagenet512/val/n04423845/ILSVRC2012_val_00023632.JPEG,61,51.72201871871948,0.0009627342224121094,0.004237735725006066,0.971829259436144,0.0,45458,0.994217,0.16459418833255768,0.027271460741758347,13
5955,/home/projects/bagon/shared/imagenet512/val/n04557648/ILSVRC2012_val_00000745.JPEG,54,62.78695869445801,0.0009555816650390625,0.00429557432557103,0.974615821418106,0.0,45459,0.994940,0.15913362801074982,0.024584081023931503,14
5956,/home/projects/bagon/shared/imagenet512/val/n03314780/ILSVRC2012_val_00034940.JPEG,66,92.0382251739502,0.000949859619140625,0.005438007294008661,0.9901184148072242,0.0,45460,0.993413,0.33413854241371155,0.009047066792845726,23
5957,/home/projects/bagon/shared/imagenet512/val/n12144580/ILSVRC2012_val_00040756.JPEG,65,50.913447856903076,0.0008988380432128906,0.004751750016550809,0.9591672977566575,0.0,45461,0.990319,0.43367820978164673,0.04008469730615616,14
5958,/home/projects/bagon/shared/imagenet512/val/n04392985/ILSVRC2012_val_00008846.JPEG,70,56.85890531539917,0.0009522438049316406,0.005139983257538549,0.9747179719067649,0.0,45462,0.996340,0.1384413093328476,0.02443220652639866,12
5959,/home/projects/bagon/shared/imagenet512/val/n02974003/ILSVRC2012_val_00015230.JPEG,71,67.98632192611694,0.0009436607360839844,0.005938169793490557,0.9702344712795863,0.0,45463,0.990995,0.39342212677001953,0.028928665444254875,19
5960,/home/projects/bagon/shared/imagenet512/val/n02091831/ILSVRC2012_val_00027810.JPEG,74,64.22094011306763,0.0009207725524902344,0.00554192446245647,0.9689587097891957,0.0,45464,0.991807,0.3067912459373474,0.030210617929697037,16
5961,/home/projects/bagon/shared/imagenet512/val/n02169497/ILSVRC2012_val_00024558.JPEG,63,49.92907238006592,0.0009250640869140625,0.005008500539523076,0.9387420415441827,0.0,45465,0.991559,0.9031246304512024,0.0604185126721859,21
5962,/home/projects/bagon/shared/imagenet512/val/n02412080/ILSVRC2012_val_00048002.JPEG,62,32.2081937789917,0.0008792877197265625,0.0048550601437926414,0.8328777539646931,0.0,45466,0.991073,0.7828776240348816,0.16635367274284363,17
5963,/home/projects/bagon/shared/imagenet512/val/n03535780/ILSVRC2012_val_00026801.JPEG,50,37.62484407424927,0.0009665489196777344,0.004013382440311854,0.9369521067930464,0.0,45467,0.996644,0.9039591550827026,0.06219984591007233,15
5964,/home/projects/bagon/shared/imagenet512/val/n02776631/ILSVRC2012_val_00042857.JPEG,51,46.92996692657471,0.0008592605590820312,0.0041939716220364435,0.9530527247093781,0.0,45468,0.995847,0.38796964287757874,0.046227265149354935,16
5965,/home/projects/bagon/shared/imagenet512/val/n02837789/ILSVRC2012_val_00006332.JPEG,56,93.94003582000732,0.0009784698486328125,0.004495898946228433,0.9947725942193315,0.0,45469,0.996336,0.25042620301246643,0.004384825937449932,21
5966,/home/projects/bagon/shared/imagenet512/val/n03877472/ILSVRC2012_val_00013462.JPEG,69,76.4390115737915,0.0009164810180664062,0.005228163580101935,0.9872400863473874,0.0,45470,0.991898,0.46530407667160034,0.011890209279954433,19
5967,/home/projects/bagon/shared/imagenet512/val/n03476684/ILSVRC2012_val_00037586.JPEG,68,189.13133430480957,0.0009183883666992188,0.005528066886725252,0.9984948713034745,0.0,45471,0.993807,0.1461414247751236,0.0008361482759937644,32
5968,/home/projects/bagon/shared/imagenet512/val/n01644900/ILSVRC2012_val_00049287.JPEG,44,65.65901517868042,0.0008692741394042969,0.0033308464472310223,0.9867971234270522,0.0,45472,0.996661,0.604403018951416,0.012459417805075645,17
5969,/home/projects/bagon/shared/imagenet512/val/n04259630/ILSVRC2012_val_00040383.JPEG,91,150.8853096961975,0.0009217262268066406,0.006367701778821103,0.9980700484805705,0.0,45473,0.989562,0.30000099539756775,0.0010804887861013412,24
5970,/home/projects/bagon/shared/imagenet512/val/n03692522/ILSVRC2012_val_00036273.JPEG,65,129.7724847793579,0.0009775161743164062,0.00514472906472542,0.9966886865891649,0.0,45474,0.992802,0.19772402942180634,0.0024750696029514074,23
5971,/home/projects/bagon/shared/imagenet512/val/n04357314/ILSVRC2012_val_00016583.JPEG,59,60.71605825424194,0.0009140968322753906,0.004703443281317379,0.9741787803894015,0.0,45475,0.994802,0.5686553120613098,0.025033507496118546,20
5972,/home/projects/bagon/shared/imagenet512/val/n04152593/ILSVRC2012_val_00041664.JPEG,64,35.68438720703125,0.000919342041015625,0.004942165803263386,0.8835287161973603,0.0,45476,0.993077,0.27713796496391296,0.11564310640096664,11
5973,/home/projects/bagon/shared/imagenet512/val/n09421951/ILSVRC2012_val_00040169.JPEG,38,32.33729648590088,0.0008945465087890625,0.0029631480783715697,0.9236208339419654,0.0,45477,0.998023,0.370136022567749,0.0756080225110054,12
5974,/home/projects/bagon/shared/imagenet512/val/n04584207/ILSVRC2012_val_00043846.JPEG,65,35.814045429229736,0.0009322166442871094,0.0052085525922425345,0.9133752615694842,0.0,45478,0.993352,0.28950056433677673,0.08575868606567383,12
5975,/home/projects/bagon/shared/imagenet512/val/n01985128/ILSVRC2012_val_00002693.JPEG,54,88.58276844024658,0.0009899139404296875,0.0037470907302869297,0.9965234100167456,0.0,45479,0.995692,0.6349629759788513,0.002568551804870367,17
5976,/home/projects/bagon/shared/imagenet512/val/n03146219/ILSVRC2012_val_00026209.JPEG,74,64.22260808944702,0.0009427070617675781,0.005306453714054867,0.9787053796193846,0.0,45480,0.993726,0.24355395138263702,0.02045609802007675,20
5977,/home/projects/bagon/shared/imagenet512/val/n03983396/ILSVRC2012_val_00008437.JPEG,57,25.82172918319702,0.0009360313415527344,0.00475067633810301,0.8407510952801148,0.0,45481,0.996670,0.46075141429901123,0.1584174782037735,10
5978,/home/projects/bagon/shared/imagenet512/val/n01773797/ILSVRC2012_val_00034972.JPEG,76,60.723007678985596,0.0009274482727050781,0.006082449114405657,0.9628761474517286,0.0,45482,0.992253,0.9127568602561951,0.03632578253746033,23
5979,/home/projects/bagon/shared/imagenet512/val/n03530642/ILSVRC2012_val_00022717.JPEG,55,71.02169227600098,0.000804901123046875,0.004184227007447038,0.9778974538302136,0.0,45483,0.992387,0.9304278492927551,0.021454382687807083,24
5980,/home/projects/bagon/shared/imagenet512/val/n02837789/ILSVRC2012_val_00036936.JPEG,71,62.2194037437439,0.0009217262268066406,0.005793043731646234,0.9708404021708007,0.0,45484,0.989846,0.4390026330947876,0.028307193890213966,17
5981,/home/projects/bagon/shared/imagenet512/val/n02834397/ILSVRC2012_val_00013913.JPEG,45,70.968026638031,0.0009713172912597656,0.0031430155160075937,0.9931309281773171,0.0,45485,0.997559,0.9828900694847107,0.005989006720483303,17
5982,/home/projects/bagon/shared/imagenet512/val/n03690938/ILSVRC2012_val_00004618.JPEG,74,100.2088212966919,0.0009889602661132812,0.005642228014699893,0.9917543526552943,0.0,45486,0.990898,0.4824095368385315,0.007357747294008732,25
5983,/home/projects/bagon/shared/imagenet512/val/n03775546/ILSVRC2012_val_00037888.JPEG,50,60.32938003540039,0.0008115768432617188,0.003748469456273409,0.983580070576331,0.0,45488,0.996898,0.513218343257904,0.01572890393435955,16
5984,/home/projects/bagon/shared/imagenet512/val/n04465501/ILSVRC2012_val_00013518.JPEG,57,35.60914325714111,0.0009918212890625,0.004210070350011296,0.9308373884961135,0.0,45490,0.995770,0.7949106693267822,0.06827192008495331,14
5985,/home/projects/bagon/shared/imagenet512/val/n03777568/ILSVRC2012_val_00042791.JPEG,70,39.1184778213501,0.0009794235229492188,0.005443685025734486,0.9273788306618573,0.0,45491,0.996290,0.28532612323760986,0.07169030606746674,13
5986,/home/projects/bagon/shared/imagenet512/val/n02110185/ILSVRC2012_val_00041649.JPEG,59,12.988049030303955,0.0009169578552246094,0.004887518987904399,0.6228093319512991,0.0,45492,0.996144,0.5290794372558594,0.3763834536075592,8
5987,/home/projects/bagon/shared/imagenet512/val/n04201297/ILSVRC2012_val_00030601.JPEG,58,26.049482822418213,0.0009188652038574219,0.004268631438849072,0.8657049814469522,0.0,45493,0.994001,0.6443594098091125,0.13344208896160126,12
5988,/home/projects/bagon/shared/imagenet512/val/n03868863/ILSVRC2012_val_00033355.JPEG,62,35.216145038604736,0.0009703636169433594,0.004948475280854435,0.8949751734241531,0.0,45494,0.995428,0.7346885800361633,0.10413900017738342,17
5989,/home/projects/bagon/shared/imagenet512/val/n02814533/ILSVRC2012_val_00031765.JPEG,47,62.113651275634766,0.00090789794921875,0.0035251824426233433,0.9867238364418612,0.0,45495,0.996207,0.34472137689590454,0.01251853909343481,14
5990,/home/projects/bagon/shared/imagenet512/val/n07711569/ILSVRC2012_val_00021770.JPEG,64,94.60613203048706,0.0009617805480957031,0.0045474910652412845,0.9968111317401279,0.0,45496,0.994364,0.9006045460700989,0.0023202907759696245,20
5991,/home/projects/bagon/shared/imagenet512/val/n03976657/ILSVRC2012_val_00026833.JPEG,56,75.27177810668945,0.00077056884765625,0.004466939208625828,0.9886910521606719,0.0,45497,0.996710,0.06758598238229752,0.010651782155036926,13
5992,/home/projects/bagon/shared/imagenet512/val/n01632777/ILSVRC2012_val_00044893.JPEG,76,93.11831331253052,0.0009665489196777344,0.005741637134140776,0.9902152314576669,0.0,45498,0.990028,0.23834745585918427,0.008866108022630215,25
5993,/home/projects/bagon/shared/imagenet512/val/n04443257/ILSVRC2012_val_00043259.JPEG,54,36.57014083862305,0.0009365081787109375,0.004475016270266502,0.9019074286458462,0.0,45499,0.995933,0.30925452709198,0.09726966917514801,11
5994,/home/projects/bagon/shared/imagenet512/val/n02127052/ILSVRC2012_val_00044715.JPEG,56,67.80057907104492,0.0009374618530273438,0.003932972154534021,0.9827376217537955,0.0,45500,0.996486,0.18266621232032776,0.01642472669482231,17
5995,/home/projects/bagon/shared/imagenet512/val/n01729977/ILSVRC2012_val_00016703.JPEG,65,53.5765380859375,0.000988006591796875,0.004804312922142237,0.9771472830218472,0.0,45501,0.992183,0.9392346739768982,0.02193516120314598,17
5996,/home/projects/bagon/shared/imagenet512/val/n02815834/ILSVRC2012_val_00027061.JPEG,63,106.57692575454712,0.0008740425109863281,0.004705810336882226,0.9957540742223807,0.0,45502,0.994023,0.5858561992645264,0.0034963854122906923,23
5997,/home/projects/bagon/shared/imagenet512/val/n04336792/ILSVRC2012_val_00016751.JPEG,48,90.24509000778198,0.0009551048278808594,0.0037618927753893163,0.9948250205359438,0.0,45503,0.992476,0.42202863097190857,0.004404572769999504,18
5998,/home/projects/bagon/shared/imagenet512/val/n03770439/ILSVRC2012_val_00003742.JPEG,71,120.13468837738037,0.0008983612060546875,0.0051518594058396015,0.9979583112272344,0.0,45504,0.991972,0.19596853852272034,0.0012513584224507213,20
5999,/home/projects/bagon/shared/imagenet512/val/n01882714/ILSVRC2012_val_00014284.JPEG,45,23.421058654785156,0.0009889602661132812,0.0030561425666017685,0.8748697808833457,0.0,45505,0.998193,0.2228921800851822,0.12418725341558456,9
6000,/home/projects/bagon/shared/imagenet512/val/n02321529/ILSVRC2012_val_00007344.JPEG,58,96.66165828704834,0.00098419189453125,0.004084116309152012,0.9954370791804228,0.0,45506,0.992196,0.6782165169715881,0.0036708172410726547,21
6001,/home/projects/bagon/shared/imagenet512/val/n07579787/ILSVRC2012_val_00015280.JPEG,81,88.12285614013672,0.0009832382202148438,0.006751955868009844,0.9817564556380234,0.0,45507,0.990465,0.1777431070804596,0.017345799133181572,20
6002,/home/projects/bagon/shared/imagenet512/val/n03814639/ILSVRC2012_val_00010868.JPEG,62,134.88399076461792,0.0009341239929199219,0.004712548425047371,0.9980520323050222,0.0,45508,0.993833,0.06726944446563721,0.0010943395318463445,22
6003,/home/projects/bagon/shared/imagenet512/val/n03637318/ILSVRC2012_val_00010971.JPEG,59,148.37911558151245,0.0009064674377441406,0.004035450843134375,0.9980019505029021,0.0,45509,0.996101,0.07352956384420395,0.0012362351408228278,25
6004,/home/projects/bagon/shared/imagenet512/val/n03492542/ILSVRC2012_val_00014717.JPEG,34,0.7599248886108398,0.0009107589721679688,0.0025517621042815673,0.09205342612224277,0.0,45510,0.998325,0.9071295857429504,0.9071295857429504,0
6005,/home/projects/bagon/shared/imagenet512/val/n01692333/ILSVRC2012_val_00035069.JPEG,61,34.89409637451172,0.0009593963623046875,0.004231155590799111,0.8985925697298153,0.0,45511,0.992447,0.2757548391819,0.10052039474248886,12
6006,/home/projects/bagon/shared/imagenet512/val/n03179701/ILSVRC2012_val_00024153.JPEG,50,33.576170921325684,0.000988006591796875,0.0037597213841753423,0.9075486141975458,0.0,45512,0.996232,0.258696973323822,0.09155476093292236,11
6007,/home/projects/bagon/shared/imagenet512/val/n01740131/ILSVRC2012_val_00044557.JPEG,47,24.80976104736328,0.0009002685546875,0.0036742144014898217,0.8789957668422446,0.0,45513,0.997469,0.689732551574707,0.12022330611944199,11
6008,/home/projects/bagon/shared/imagenet512/val/n04515003/ILSVRC2012_val_00003401.JPEG,48,58.23200082778931,0.0009655952453613281,0.0035889790398247402,0.9721747961536727,0.0,45515,0.993829,0.40850383043289185,0.027001135051250458,18
6009,/home/projects/bagon/shared/imagenet512/val/n02096177/ILSVRC2012_val_00048476.JPEG,67,100.85022830963135,0.00090789794921875,0.005456875178298471,0.9940599868534452,0.0,45516,0.989699,0.9331579208374023,0.0051900772377848625,25
6010,/home/projects/bagon/shared/imagenet512/val/n04265275/ILSVRC2012_val_00044745.JPEG,43,16.32097578048706,0.0009131431579589844,0.0031890773359625887,0.7348324824202195,0.0,45517,0.997217,0.2644025981426239,0.2644025981426239,0
6011,/home/projects/bagon/shared/imagenet512/val/n02105056/ILSVRC2012_val_00035640.JPEG,50,56.3702826499939,0.0009360313415527344,0.004015981208676258,0.9769964371979858,0.0,45518,0.995866,0.20185354351997375,0.02222505398094654,15
6012,/home/projects/bagon/shared/imagenet512/val/n07860988/ILSVRC2012_val_00038923.JPEG,42,16.12606716156006,0.000926971435546875,0.0029169132811064247,0.7180259947065035,0.0,45519,0.997925,0.28113090991973877,0.28113090991973877,0
6013,/home/projects/bagon/shared/imagenet512/val/n03065424/ILSVRC2012_val_00007436.JPEG,45,24.908903121948242,0.0009899139404296875,0.0035462879153754785,0.8689472938546648,0.0,45520,0.998076,0.5903962850570679,0.13018043339252472,11
6014,/home/projects/bagon/shared/imagenet512/val/n07684084/ILSVRC2012_val_00006422.JPEG,49,14.070599555969238,0.0009222030639648438,0.0038623167293117674,0.6766034270132881,0.0,45521,0.996838,0.322539746761322,0.322539746761322,0
6015,/home/projects/bagon/shared/imagenet512/val/n03954731/ILSVRC2012_val_00025108.JPEG,68,114.98995351791382,0.0008816719055175781,0.005330789833215467,0.9953896148168804,0.0,45522,0.990171,0.16917285323143005,0.00384072819724679,23
6016,/home/projects/bagon/shared/imagenet512/val/n04404412/ILSVRC2012_val_00037104.JPEG,44,89.30109071731567,0.0009217262268066406,0.003056910776108967,0.9975482888754764,0.0,45523,0.997689,0.6538600921630859,0.0016392545076087117,16
6017,/home/projects/bagon/shared/imagenet512/val/n01644900/ILSVRC2012_val_00005532.JPEG,69,153.78039169311523,0.0009002685546875,0.0050255109956481555,0.9985989631951544,0.0,45524,0.989836,0.3236728310585022,0.0006145989173091948,26
6018,/home/projects/bagon/shared/imagenet512/val/n03697007/ILSVRC2012_val_00004442.JPEG,40,31.817251682281494,0.0008864402770996094,0.0031635568061876614,0.918444566521247,0.0,45525,0.997847,0.6659449338912964,0.08083329349756241,13
6019,/home/projects/bagon/shared/imagenet512/val/n02815834/ILSVRC2012_val_00049623.JPEG,62,124.75994205474854,0.0009860992431640625,0.004730707275235843,0.9966365602432123,0.0,45526,0.992544,0.714652419090271,0.0025227295700460672,26
6020,/home/projects/bagon/shared/imagenet512/val/n04192698/ILSVRC2012_val_00016932.JPEG,43,52.97300052642822,0.0009260177612304688,0.0034434838361426753,0.9780234398467774,0.0,45527,0.995454,0.5437315106391907,0.021217895671725273,16
6021,/home/projects/bagon/shared/imagenet512/val/n04040759/ILSVRC2012_val_00013737.JPEG,64,5.486595153808594,0.0009984970092773438,0.004949193545211633,0.33579892761241303,0.0,45528,0.995413,0.6632466316223145,0.6632466316223145,0
6022,/home/projects/bagon/shared/imagenet512/val/n02870880/ILSVRC2012_val_00040682.JPEG,72,59.211021900177,0.0009684562683105469,0.004754416090888322,0.9702381610847446,0.0,45529,0.992926,0.28101256489753723,0.02883419394493103,16
6023,/home/projects/bagon/shared/imagenet512/val/n04443257/ILSVRC2012_val_00015268.JPEG,42,44.38504505157471,0.0008449554443359375,0.0031680301333798463,0.9610494324530165,0.0,45530,0.997018,0.40980610251426697,0.038251377642154694,13
6024,/home/projects/bagon/shared/imagenet512/val/n02877765/ILSVRC2012_val_00006337.JPEG,69,87.2446928024292,0.0009517669677734375,0.005359640001874801,0.9879031719212639,0.0,45531,0.993037,0.585222601890564,0.011242350563406944,24
6025,/home/projects/bagon/shared/imagenet512/val/n03903868/ILSVRC2012_val_00010985.JPEG,63,35.15770959854126,0.0009522438049316406,0.004762700551102984,0.9289109969187709,0.0,45532,0.994523,0.8483474254608154,0.07022254914045334,14
6026,/home/projects/bagon/shared/imagenet512/val/n02504458/ILSVRC2012_val_00018263.JPEG,50,18.229928970336914,0.0009775161743164062,0.003913334598455401,0.7431078816782019,0.0,45533,0.997331,0.6882470846176147,0.25600001215934753,11
6027,/home/projects/bagon/shared/imagenet512/val/n02089973/ILSVRC2012_val_00043610.JPEG,59,22.583056926727295,0.0009598731994628906,0.0048268058743130985,0.8025167579989044,0.0,45534,0.996404,0.3366355299949646,0.19661228358745575,9
6028,/home/projects/bagon/shared/imagenet512/val/n01667778/ILSVRC2012_val_00021291.JPEG,78,31.738758087158203,0.0009813308715820312,0.00565361592858127,0.8777909828652559,0.0,45535,0.994630,0.5211418867111206,0.12128105759620667,13
6029,/home/projects/bagon/shared/imagenet512/val/n02909870/ILSVRC2012_val_00005035.JPEG,55,56.161927223205566,0.0009851455688476562,0.004517463520810161,0.9710889491181627,0.0,45539,0.996248,0.42685702443122864,0.028019024059176445,15
6030,/home/projects/bagon/shared/imagenet512/val/n04005630/ILSVRC2012_val_00014718.JPEG,54,86.55623626708984,0.0008497238159179688,0.0040267263900749355,0.9946474505436624,0.0,45540,0.996270,0.9617021083831787,0.004598473198711872,20
6031,/home/projects/bagon/shared/imagenet512/val/n04116512/ILSVRC2012_val_00042224.JPEG,56,148.0613079071045,0.0009851455688476562,0.0043170810856975874,0.9986628217102459,0.0,45541,0.996102,0.6865670680999756,0.0005280020413920283,25
6032,/home/projects/bagon/shared/imagenet512/val/n03832673/ILSVRC2012_val_00041094.JPEG,64,170.21684503555298,0.0008473396301269531,0.005051608744086459,0.99872151649364,0.0,45542,0.992887,0.3377918303012848,0.0005625961348414421,30
6033,/home/projects/bagon/shared/imagenet512/val/n04350905/ILSVRC2012_val_00044549.JPEG,87,238.65200519561768,0.0009183883666992188,0.0064725228961170726,0.9992306490501989,0.0,45543,0.990288,0.9600018858909607,6.785550067434087e-05,37
6034,/home/projects/bagon/shared/imagenet512/val/n03062245/ILSVRC2012_val_00040906.JPEG,49,65.38508987426758,0.0009965896606445312,0.003922240155375601,0.9843086746298636,0.0,45544,0.994824,0.21192802488803864,0.014832631684839725,15
6035,/home/projects/bagon/shared/imagenet512/val/n03657121/ILSVRC2012_val_00028008.JPEG,41,10.380942821502686,0.0009131431579589844,0.0033016057630222014,0.5925797491361152,0.0,45545,0.997744,0.4870772957801819,0.40664592385292053,7
6036,/home/projects/bagon/shared/imagenet512/val/n02123045/ILSVRC2012_val_00038672.JPEG,67,52.75853490829468,0.0009646415710449219,0.005286980592143363,0.9573498515190222,0.0,45546,0.994713,0.632959246635437,0.041784632951021194,18
6037,/home/projects/bagon/shared/imagenet512/val/n03125729/ILSVRC2012_val_00000210.JPEG,35,7.889374256134033,0.0008645057678222656,0.002612714764559026,0.5100721118037304,0.0,45547,0.997594,0.4892362952232361,0.4892362952232361,0
6038,/home/projects/bagon/shared/imagenet512/val/n01689811/ILSVRC2012_val_00025909.JPEG,44,10.890101432800293,0.0009584426879882812,0.0032660293347090384,0.6479363133041632,0.0,45548,0.997695,0.3512037396430969,0.3512037396430969,0
6039,/home/projects/bagon/shared/imagenet512/val/n07747607/ILSVRC2012_val_00039277.JPEG,50,11.883035659790039,0.0008983612060546875,0.003796767405035868,0.6545000178812975,0.0,45549,0.996525,0.367669016122818,0.34471970796585083,7
6040,/home/projects/bagon/shared/imagenet512/val/n03482405/ILSVRC2012_val_00038888.JPEG,57,71.15413904190063,0.0009074211120605469,0.0046212213920168495,0.9847665117966051,0.0,45550,0.994963,0.9701849222183228,0.014447471126914024,22
6041,/home/projects/bagon/shared/imagenet512/val/n07745940/ILSVRC2012_val_00012728.JPEG,59,24.67579936981201,0.00099945068359375,0.004397973745624319,0.8318612382927018,0.0,45551,0.995556,0.6365503668785095,0.1672482192516327,12
6042,/home/projects/bagon/shared/imagenet512/val/n03840681/ILSVRC2012_val_00005995.JPEG,61,152.26491498947144,0.0007538795471191406,0.004589869223808203,0.9980202230497356,0.0,45552,0.994244,0.3071800768375397,0.0013298036064952612,29
6043,/home/projects/bagon/shared/imagenet512/val/n03347037/ILSVRC2012_val_00023102.JPEG,49,109.1398138999939,0.0009140968322753906,0.003660494909641935,0.9976173538984663,0.0,45553,0.997345,0.8944681882858276,0.0015511666424572468,22
6044,/home/projects/bagon/shared/imagenet512/val/n03804744/ILSVRC2012_val_00043967.JPEG,56,90.09972953796387,0.0009965896606445312,0.004293111489403284,0.9929837273015437,0.0,45554,0.995154,0.2140752077102661,0.006149459630250931,19
6045,/home/projects/bagon/shared/imagenet512/val/n01560419/ILSVRC2012_val_00001720.JPEG,73,132.21142196655273,0.0009965896606445312,0.005081328869045062,0.9984500440120745,0.0,45555,0.987555,0.9293426275253296,0.0006054139230400324,21
6046,/home/projects/bagon/shared/imagenet512/val/n03942813/ILSVRC2012_val_00049680.JPEG,49,76.16421222686768,0.000980377197265625,0.0034441048400618746,0.992523736790915,0.0,45556,0.996285,0.9307587146759033,0.00663928035646677,19
6047,/home/projects/bagon/shared/imagenet512/val/n04090263/ILSVRC2012_val_00043093.JPEG,74,80.5350284576416,0.00096893310546875,0.0057817684812941335,0.9839635508145995,0.0,45557,0.991905,0.3439841568470001,0.015176713466644287,21
6048,/home/projects/bagon/shared/imagenet512/val/n01773797/ILSVRC2012_val_00049478.JPEG,68,18.01292610168457,0.000934600830078125,0.00519120169383907,0.7251444280236166,0.0,45558,0.996140,0.6397807598114014,0.27401015162467957,11
6049,/home/projects/bagon/shared/imagenet512/val/n01514668/ILSVRC2012_val_00000911.JPEG,71,14.620654106140137,0.00099945068359375,0.005675962627412756,0.6717122000107649,0.0,45559,0.990886,0.5832990407943726,0.32734769582748413,9
6050,/home/projects/bagon/shared/imagenet512/val/n02870880/ILSVRC2012_val_00006458.JPEG,76,72.35495185852051,0.0009794235229492188,0.005836684371817413,0.9839806715629044,0.0,45560,0.990621,0.1286984533071518,0.01515673566609621,14
6051,/home/projects/bagon/shared/imagenet512/val/n04259630/ILSVRC2012_val_00010377.JPEG,57,65.20405006408691,0.0008649826049804688,0.004111880335631703,0.9843020895205389,0.0,45562,0.995596,0.8971724510192871,0.014936349354684353,18
6052,/home/projects/bagon/shared/imagenet512/val/n01728920/ILSVRC2012_val_00018041.JPEG,50,60.0960054397583,0.0008993148803710938,0.003940387291146239,0.9776436922071146,0.0,45563,0.995707,0.18120978772640228,0.021602945402264595,14
6053,/home/projects/bagon/shared/imagenet512/val/n04371430/ILSVRC2012_val_00015877.JPEG,68,48.603750705718994,0.0009264945983886719,0.005410274102496239,0.9144355717241877,0.0,45564,0.992897,0.21636345982551575,0.08478227257728577,12
6054,/home/projects/bagon/shared/imagenet512/val/n02814533/ILSVRC2012_val_00029057.JPEG,55,51.62001371383667,0.0009284019470214844,0.004636529813918528,0.9599222223334769,0.0,45565,0.996282,0.248340904712677,0.039310406893491745,13
6055,/home/projects/bagon/shared/imagenet512/val/n04131690/ILSVRC2012_val_00043782.JPEG,50,41.25581073760986,0.0009059906005859375,0.0038317323177513973,0.947534732065351,0.0,45566,0.996561,0.10085112601518631,0.05166352167725563,10
6056,/home/projects/bagon/shared/imagenet512/val/n07579787/ILSVRC2012_val_00007076.JPEG,42,18.49759578704834,0.00099945068359375,0.0032739843999694705,0.7763489574279858,0.0,45567,0.997342,0.48849454522132874,0.2227974832057953,9
6057,/home/projects/bagon/shared/imagenet512/val/n01677366/ILSVRC2012_val_00046740.JPEG,75,41.55114030838013,0.0009655952453613281,0.005554391824728583,0.9322042391546215,0.0,45568,0.994574,0.7060465216636658,0.0668569877743721,15
6058,/home/projects/bagon/shared/imagenet512/val/n02791124/ILSVRC2012_val_00000804.JPEG,61,26.56570339202881,0.0009708404541015625,0.004912917205335612,0.8404915265942199,0.0,45569,0.992348,0.8084499835968018,0.158673956990242,15
6059,/home/projects/bagon/shared/imagenet512/val/n02231487/ILSVRC2012_val_00033053.JPEG,52,45.42710494995117,0.0009164810180664062,0.0037485853201741494,0.9604423552446386,0.0,45570,0.996338,0.686593234539032,0.03869384527206421,14
6060,/home/projects/bagon/shared/imagenet512/val/n02089867/ILSVRC2012_val_00021357.JPEG,45,29.476320266723633,0.0009813308715820312,0.0034276204722626094,0.9000736585131023,0.0,45571,0.997503,0.8506565093994141,0.09905657917261124,14
6061,/home/projects/bagon/shared/imagenet512/val/n01871265/ILSVRC2012_val_00005860.JPEG,60,19.101386547088623,0.0009522438049316406,0.004806618068882187,0.7194089961664333,0.0,45572,0.992502,0.49386486411094666,0.2797383964061737,10
6062,/home/projects/bagon/shared/imagenet512/val/n03482405/ILSVRC2012_val_00048126.JPEG,61,43.856821060180664,0.0009603500366210938,0.004771392452463104,0.9493195431627299,0.0,45573,0.996031,0.9101061820983887,0.04980168119072914,17
6063,/home/projects/bagon/shared/imagenet512/val/n01693334/ILSVRC2012_val_00013392.JPEG,46,32.871644496917725,0.0009636878967285156,0.0034035253257907318,0.9351634267995887,0.0,45574,0.996132,0.877307116985321,0.06398440897464752,13
6064,/home/projects/bagon/shared/imagenet512/val/n04376876/ILSVRC2012_val_00034016.JPEG,61,45.69725322723389,0.0009555816650390625,0.004950009945974691,0.9552271060318199,0.0,45575,0.994986,0.869047224521637,0.04391200840473175,17
6065,/home/projects/bagon/shared/imagenet512/val/n04344873/ILSVRC2012_val_00048386.JPEG,67,65.0223331451416,0.000980377197265625,0.0052951701835479556,0.9670285789254579,0.0,45576,0.993835,0.6865031123161316,0.032089874148368835,21
6066,/home/projects/bagon/shared/imagenet512/val/n04522168/ILSVRC2012_val_00037121.JPEG,51,26.134041786193848,0.0008907318115234375,0.0040101854299839125,0.8463175950412173,0.0,45577,0.995749,0.6772521138191223,0.1529540866613388,13
6067,/home/projects/bagon/shared/imagenet512/val/n03796401/ILSVRC2012_val_00042891.JPEG,54,44.72564458847046,0.0009093284606933594,0.004412113606818408,0.9461985252370508,0.0,45578,0.993018,0.3062900900840759,0.053039707243442535,13
6068,/home/projects/bagon/shared/imagenet512/val/n03873416/ILSVRC2012_val_00007150.JPEG,62,32.29419136047363,0.000888824462890625,0.004913162439176876,0.8870797238199852,0.0,45579,0.996327,0.7790721654891968,0.11212112009525299,16
6069,/home/projects/bagon/shared/imagenet512/val/n03250847/ILSVRC2012_val_00036385.JPEG,45,23.324081897735596,0.0009350776672363281,0.0033556402008467884,0.8165324631250008,0.0,45580,0.996838,0.18266263604164124,0.18266263604164124,0
6070,/home/projects/bagon/shared/imagenet512/val/n03637318/ILSVRC2012_val_00017934.JPEG,45,12.916683197021484,0.0009584426879882812,0.0035554548483014057,0.6298473463088866,0.0,45582,0.996338,0.5847635865211487,0.3693527579307556,9
6071,/home/projects/bagon/shared/imagenet512/val/n02443114/ILSVRC2012_val_00006629.JPEG,73,30.55902338027954,0.0009608268737792969,0.005599704420344829,0.8595168793669317,0.0,45583,0.993903,0.7472469806671143,0.13956724107265472,15
6072,/home/projects/bagon/shared/imagenet512/val/n01914609/ILSVRC2012_val_00041548.JPEG,60,12.987664222717285,0.0009937286376953125,0.004553666664544973,0.6574461690045312,0.0,45585,0.995977,0.5723651051521301,0.3416004180908203,8
6073,/home/projects/bagon/shared/imagenet512/val/n02483708/ILSVRC2012_val_00003170.JPEG,57,11.246333599090576,0.0009655952453613281,0.004741743530755613,0.5853322690283504,0.0,45586,0.995882,0.41378527879714966,0.41378527879714966,0
6074,/home/projects/bagon/shared/imagenet512/val/n02749479/ILSVRC2012_val_00019363.JPEG,60,22.52330446243286,0.0008711814880371094,0.004949864212970612,0.7738012768922256,0.0,45587,0.995500,0.6616135835647583,0.22544120252132416,12
6075,/home/projects/bagon/shared/imagenet512/val/n03041632/ILSVRC2012_val_00027474.JPEG,44,86.68081712722778,0.0009675025939941406,0.0034422110063797784,0.9941517476169406,0.0,45588,0.997301,0.06655216217041016,0.005100237671285868,16
6076,/home/projects/bagon/shared/imagenet512/val/n03530642/ILSVRC2012_val_00007383.JPEG,47,107.06725978851318,0.0008831024169921875,0.0036545718865071608,0.9973989246890741,0.0,45589,0.992877,0.37579840421676636,0.0018269696738570929,18
6077,/home/projects/bagon/shared/imagenet512/val/n02317335/ILSVRC2012_val_00003537.JPEG,64,81.9698338508606,0.0009627342224121094,0.0043809934017129525,0.9946074298979817,0.0,45590,0.994167,0.6717427372932434,0.0045021772384643555,18
6078,/home/projects/bagon/shared/imagenet512/val/n04326547/ILSVRC2012_val_00015034.JPEG,67,45.99506092071533,0.0009946823120117188,0.004965065219457206,0.9559318934473054,0.0,45591,0.993325,0.2964203357696533,0.04312225431203842,13
6079,/home/projects/bagon/shared/imagenet512/val/n04552348/ILSVRC2012_val_00018638.JPEG,56,63.86621856689453,0.00091552734375,0.004023134663226751,0.981569025340465,0.0,45592,0.994903,0.5985984802246094,0.017608754336833954,16
6080,/home/projects/bagon/shared/imagenet512/val/n04209239/ILSVRC2012_val_00032893.JPEG,57,21.819809436798096,0.0009627342224121094,0.004097546983427026,0.8380755380671217,0.0,45593,0.995649,0.431428462266922,0.16102930903434753,10
6081,/home/projects/bagon/shared/imagenet512/val/n01807496/ILSVRC2012_val_00021090.JPEG,60,38.39069938659668,0.0009632110595703125,0.004511775701352872,0.9335193343367818,0.0,45594,0.994232,0.7540301084518433,0.0655796229839325,16
6082,/home/projects/bagon/shared/imagenet512/val/n04525038/ILSVRC2012_val_00025705.JPEG,39,67.89783382415771,0.0009336471557617188,0.002606741543463717,0.9880597525769632,0.0,45595,0.997169,0.7319064140319824,0.011213582940399647,16
6083,/home/projects/bagon/shared/imagenet512/val/n04370456/ILSVRC2012_val_00019805.JPEG,62,99.38320827484131,0.000926971435546875,0.005245380404514396,0.993460392002636,0.0,45596,0.991126,0.16568487882614136,0.005739159882068634,23
6084,/home/projects/bagon/shared/imagenet512/val/n09421951/ILSVRC2012_val_00026980.JPEG,47,10.03660249710083,0.0009598731994628906,0.0037168515372939886,0.526802613422707,0.0,45597,0.996377,0.4723856747150421,0.4723856747150421,0
6085,/home/projects/bagon/shared/imagenet512/val/n04548280/ILSVRC2012_val_00015199.JPEG,54,61.61052751541138,0.0009322166442871094,0.00442829543369015,0.9769044410982637,0.0,45598,0.995659,0.14036394655704498,0.022304464131593704,14
6086,/home/projects/bagon/shared/imagenet512/val/n04026417/ILSVRC2012_val_00030223.JPEG,42,13.634421348571777,0.00098419189453125,0.0033223939785048968,0.640192744390272,0.0,45599,0.997275,0.3589955270290375,0.3589955270290375,0
6087,/home/projects/bagon/shared/imagenet512/val/n03658185/ILSVRC2012_val_00045642.JPEG,64,135.70162439346313,0.0009055137634277344,0.0051092720266255965,0.9980690075697064,0.0,45600,0.993799,0.529918372631073,0.0011888016015291214,25
6088,/home/projects/bagon/shared/imagenet512/val/n02804414/ILSVRC2012_val_00017317.JPEG,47,19.002302646636963,0.0009102821350097656,0.003587972522905063,0.808514319273589,0.0,45601,0.997937,0.19066523015499115,0.19066523015499115,0
6089,/home/projects/bagon/shared/imagenet512/val/n04522168/ILSVRC2012_val_00013199.JPEG,72,96.27288389205933,0.0008864402770996094,0.005651310530975422,0.988577942709921,0.0,45602,0.987618,0.9005388021469116,0.010647823102772236,28
6090,/home/projects/bagon/shared/imagenet512/val/n04376876/ILSVRC2012_val_00027991.JPEG,63,143.42630863189697,0.0009355545043945312,0.005115159621159809,0.9979180068777895,0.0,45603,0.994942,0.1703546941280365,0.0013210169272497296,26
6091,/home/projects/bagon/shared/imagenet512/val/n07747607/ILSVRC2012_val_00021528.JPEG,70,65.187584400177,0.0009150505065917969,0.005484212558248513,0.9787647598497105,0.0,45604,0.990917,0.4154040813446045,0.0204144436866045,17
6092,/home/projects/bagon/shared/imagenet512/val/n04417672/ILSVRC2012_val_00025905.JPEG,41,42.45416736602783,0.0009632110595703125,0.0030957761973221002,0.9637568682044442,0.0,45605,0.997368,0.3249191343784332,0.0353347584605217,12
6093,/home/projects/bagon/shared/imagenet512/val/n03825788/ILSVRC2012_val_00025039.JPEG,65,47.493492126464844,0.0008754730224609375,0.0053631197196814025,0.9347795460793354,0.0,45606,0.993748,0.184037446975708,0.06445245444774628,12
6094,/home/projects/bagon/shared/imagenet512/val/n02104365/ILSVRC2012_val_00008860.JPEG,43,8.045948505401611,0.0009675025939941406,0.003492566152378691,0.49575388478762616,0.0,45607,0.997586,0.5034112930297852,0.5034112930297852,0
6095,/home/projects/bagon/shared/imagenet512/val/n02123159/ILSVRC2012_val_00022896.JPEG,58,17.71701431274414,0.0009622573852539062,0.004733284980323095,0.7018946362944483,0.0,45608,0.994830,0.5593991875648499,0.2972446084022522,10
6096,/home/projects/bagon/shared/imagenet512/val/n02979186/ILSVRC2012_val_00035160.JPEG,68,27.069079399108887,0.0009775161743164062,0.005260004164918221,0.8136365989731583,0.0,45609,0.992453,0.4562588930130005,0.18549107015132904,12
6097,/home/projects/bagon/shared/imagenet512/val/n07584110/ILSVRC2012_val_00006602.JPEG,43,28.602946281433105,0.0009889602661132812,0.0032510421196406116,0.8827026291489743,0.0,45610,0.997872,0.8323781490325928,0.11643831431865692,14
6098,/home/projects/bagon/shared/imagenet512/val/n04612504/ILSVRC2012_val_00040974.JPEG,53,20.161601066589355,0.0009832382202148438,0.004040487127372519,0.7945410084792737,0.0,45611,0.994623,0.7599417567253113,0.2045873999595642,12
6099,/home/projects/bagon/shared/imagenet512/val/n03782006/ILSVRC2012_val_00049772.JPEG,53,56.42377328872681,0.0008912086486816406,0.0042526048968718425,0.9534178104868318,0.0,45612,0.995621,0.6171100735664368,0.045857492834329605,19
6100,/home/projects/bagon/shared/imagenet512/val/n04447861/ILSVRC2012_val_00027324.JPEG,60,47.25117540359497,0.0009369850158691406,0.004680942934979367,0.9467080844463017,0.0,45613,0.996513,0.722537636756897,0.05246865376830101,17
6101,/home/projects/bagon/shared/imagenet512/val/n04286575/ILSVRC2012_val_00011571.JPEG,49,96.77332210540771,0.0009555816650390625,0.0038052845540294243,0.996218793596019,0.0,45614,0.996336,0.6215081214904785,0.0030095900874584913,19
6102,/home/projects/bagon/shared/imagenet512/val/n03729826/ILSVRC2012_val_00035659.JPEG,42,26.10860013961792,0.0009541511535644531,0.0031338194371735013,0.8519146932802926,0.0,45615,0.997972,0.8117697834968567,0.14723992347717285,14
6103,/home/projects/bagon/shared/imagenet512/val/n04265275/ILSVRC2012_val_00008398.JPEG,53,57.66480827331543,0.0008935928344726562,0.0042271856144503175,0.9683104223807169,0.0,45616,0.994478,0.1593477427959442,0.03094695694744587,15
6104,/home/projects/bagon/shared/imagenet512/val/n02233338/ILSVRC2012_val_00024192.JPEG,82,144.12930011749268,0.0009317398071289062,0.006221985632824506,0.9957476213014987,0.0,45617,0.992640,0.11025012284517288,0.0034394424874335527,26
6105,/home/projects/bagon/shared/imagenet512/val/n02107312/ILSVRC2012_val_00040747.JPEG,55,118.02347660064697,0.00087738037109375,0.004562122171504648,0.9966296333419524,0.0,45618,0.994775,0.4984728991985321,0.002695005154237151,27
6106,/home/projects/bagon/shared/imagenet512/val/n02097047/ILSVRC2012_val_00015427.JPEG,75,34.39739227294922,0.0009126663208007812,0.005904934032691574,0.8482485203519956,0.0,45619,0.991683,0.5666475892066956,0.15094783902168274,16
6107,/home/projects/bagon/shared/imagenet512/val/n02895154/ILSVRC2012_val_00023971.JPEG,44,30.163354873657227,0.0009679794311523438,0.0034143284758125438,0.880780913686285,0.0,45620,0.996210,0.8269465565681458,0.11838702857494354,15
6108,/home/projects/bagon/shared/imagenet512/val/n01682714/ILSVRC2012_val_00049851.JPEG,73,23.967860221862793,0.00096893310546875,0.005431082779905661,0.7928645474948516,0.0,45621,0.993274,0.7566337585449219,0.20623700320720673,14
6109,/home/projects/bagon/shared/imagenet512/val/n02916936/ILSVRC2012_val_00020902.JPEG,50,29.745993614196777,0.0009145736694335938,0.0038383805300433657,0.8830923786554347,0.0,45622,0.993545,0.5244237184524536,0.11606189608573914,13
6110,/home/projects/bagon/shared/imagenet512/val/n03388549/ILSVRC2012_val_00009375.JPEG,78,28.021924018859863,0.000988006591796875,0.0055407635046300545,0.8540631710949326,0.0,45623,0.990481,0.47813495993614197,0.1449940800666809,13
6111,/home/projects/bagon/shared/imagenet512/val/n02979186/ILSVRC2012_val_00041893.JPEG,77,20.208937644958496,0.0009851455688476562,0.00599641684963646,0.6673084859524305,0.0,45624,0.993273,0.5347296595573425,0.33178696036338806,10
6112,/home/projects/bagon/shared/imagenet512/val/n02124075/ILSVRC2012_val_00024000.JPEG,52,17.263686180114746,0.0009555816650390625,0.003994769995683652,0.7194711182880235,0.0,45625,0.995692,0.3344554007053375,0.27972933650016785,8
6113,/home/projects/bagon/shared/imagenet512/val/n02321529/ILSVRC2012_val_00042639.JPEG,55,98.13387632369995,0.0009722709655761719,0.003545645465463381,0.9978210582518284,0.0,45626,0.995327,0.9856613874435425,0.0013115268666297197,19
6114,/home/projects/bagon/shared/imagenet512/val/n07714571/ILSVRC2012_val_00031177.JPEG,55,15.175137519836426,0.0009765625,0.0038043186187345524,0.6942794379121446,0.0,45627,0.997211,0.6113132834434509,0.30485615134239197,10
6115,/home/projects/bagon/shared/imagenet512/val/n02988304/ILSVRC2012_val_00014002.JPEG,65,33.83243989944458,0.0009436607360839844,0.0053140156091161204,0.8618410815245126,0.0,45628,0.993961,0.5305982828140259,0.13729912042617798,14
6116,/home/projects/bagon/shared/imagenet512/val/n04208210/ILSVRC2012_val_00032430.JPEG,69,73.96329069137573,0.0008778572082519531,0.005619907946868514,0.9800515465440132,0.0,45629,0.993550,0.10611005127429962,0.0191849023103714,15
6117,/home/projects/bagon/shared/imagenet512/val/n04120489/ILSVRC2012_val_00026868.JPEG,66,121.47887516021729,0.000919342041015625,0.005217178271762379,0.9961114259039203,0.0,45630,0.989856,0.127157062292099,0.003042510710656643,20
6118,/home/projects/bagon/shared/imagenet512/val/n02895154/ILSVRC2012_val_00037025.JPEG,64,109.81270027160645,0.000988006591796875,0.004466018549660205,0.9983730252163112,0.0,45631,0.996314,0.9806042909622192,0.0007802153122611344,19
6119,/home/projects/bagon/shared/imagenet512/val/n03495258/ILSVRC2012_val_00009425.JPEG,67,109.69400310516357,0.0009860992431640625,0.004938225364773871,0.9951763863240434,0.0,45632,0.993990,0.14148923754692078,0.0038624457083642483,21
6120,/home/projects/bagon/shared/imagenet512/val/n03188531/ILSVRC2012_val_00030302.JPEG,67,110.5222315788269,0.0009150505065917969,0.005090785884186906,0.9960707929307528,0.0,45633,0.995669,0.12222021818161011,0.003091096645221114,22
6121,/home/projects/bagon/shared/imagenet512/val/n04522168/ILSVRC2012_val_00011020.JPEG,60,59.92968273162842,0.000885009765625,0.004600148015879527,0.9781362012470501,0.0,45634,0.996754,0.21069198846817017,0.02106354758143425,13
6122,/home/projects/bagon/shared/imagenet512/val/n04325704/ILSVRC2012_val_00045762.JPEG,30,14.517684936523438,0.0009775161743164062,0.0021669415122347988,0.7723832843772844,0.0,45636,0.998965,0.6942002773284912,0.22676503658294678,9
6123,/home/projects/bagon/shared/imagenet512/val/n02808304/ILSVRC2012_val_00021340.JPEG,43,57.32366991043091,0.0009284019470214844,0.0032221198408195714,0.983625410996246,0.0,45637,0.997000,0.9737699031829834,0.015544379130005836,18
6124,/home/projects/bagon/shared/imagenet512/val/n04596742/ILSVRC2012_val_00044190.JPEG,42,10.296031951904297,0.0009860992431640625,0.0033984687564578456,0.5867618287991408,0.0,45638,0.997295,0.4935866594314575,0.4123806655406952,7
6125,/home/projects/bagon/shared/imagenet512/val/n03832673/ILSVRC2012_val_00035825.JPEG,71,66.44070816040039,0.0009813308715820312,0.005417087815686542,0.971257472765178,0.0,45639,0.992260,0.6968117952346802,0.027868902310729027,23
6126,/home/projects/bagon/shared/imagenet512/val/n02971356/ILSVRC2012_val_00043603.JPEG,48,43.60454750061035,0.0009603500366210938,0.0033772392031780727,0.9438991608880338,0.0,45640,0.993485,0.09859350323677063,0.05521727353334427,11
6127,/home/projects/bagon/shared/imagenet512/val/n07745940/ILSVRC2012_val_00046437.JPEG,69,46.86014747619629,0.0009365081787109375,0.004906434088507158,0.9564061063661021,0.0,45641,0.992789,0.7257245779037476,0.04274412989616394,16
6128,/home/projects/bagon/shared/imagenet512/val/n04392985/ILSVRC2012_val_00001666.JPEG,61,14.953103065490723,0.0009298324584960938,0.004841576365737667,0.6710983394835678,0.0,45642,0.997217,0.5332001447677612,0.3280579745769501,8
6129,/home/projects/bagon/shared/imagenet512/val/n03594734/ILSVRC2012_val_00047544.JPEG,61,78.50185012817383,0.0008983612060546875,0.004926159189233816,0.9856936690327487,0.0,45643,0.993873,0.15244288742542267,0.013520427979528904,15
6130,/home/projects/bagon/shared/imagenet512/val/n01797886/ILSVRC2012_val_00005315.JPEG,46,7.0484299659729,0.0008721351623535156,0.003504265086530076,0.4480509400125577,0.0,45644,0.994356,0.5511830449104309,0.5511830449104309,0
6131,/home/projects/bagon/shared/imagenet512/val/n02979186/ILSVRC2012_val_00034563.JPEG,76,50.95259189605713,0.0009937286376953125,0.0059436749862634974,0.9093368345959852,0.0,45645,0.989579,0.44782769680023193,0.08975672721862793,23
6132,/home/projects/bagon/shared/imagenet512/val/n04355933/ILSVRC2012_val_00040473.JPEG,75,73.8736252784729,0.0009379386901855469,0.006125768624695834,0.9762892131993344,0.0,45646,0.987099,0.5880236029624939,0.02286314219236374,25
6133,/home/projects/bagon/shared/imagenet512/val/n03930630/ILSVRC2012_val_00017708.JPEG,95,190.99906826019287,0.0009832382202148438,0.0073941142173230496,0.9983467317967845,0.0,45647,0.986822,0.21349157392978668,0.000750662584323436,32
6134,/home/projects/bagon/shared/imagenet512/val/n03063599/ILSVRC2012_val_00032778.JPEG,87,81.08081436157227,0.000865936279296875,0.006801914940671896,0.9798987694897864,0.0,45648,0.990361,0.3402322828769684,0.019310470670461655,23
6135,/home/projects/bagon/shared/imagenet512/val/n03450230/ILSVRC2012_val_00021132.JPEG,42,10.24296522140503,0.0009217262268066406,0.003149123069562803,0.5960057446363818,0.0,45649,0.996995,0.4031471014022827,0.4031471014022827,0
6136,/home/projects/bagon/shared/imagenet512/val/n03045698/ILSVRC2012_val_00049579.JPEG,49,67.14781618118286,0.0009140968322753906,0.0036695685534417722,0.9851802903773035,0.0,45650,0.995809,0.1169048324227333,0.014010422863066196,14
6137,/home/projects/bagon/shared/imagenet512/val/n03895866/ILSVRC2012_val_00048083.JPEG,41,16.32175350189209,0.0009832382202148438,0.003080070617041249,0.7583512269223358,0.0,45651,0.996610,0.24075262248516083,0.24075262248516083,0
6138,/home/projects/bagon/shared/imagenet512/val/n04026417/ILSVRC2012_val_00017752.JPEG,52,82.55419158935547,0.0008821487426757812,0.004044064100505026,0.9925305118185572,0.0,45653,0.995564,0.08000411093235016,0.006688990630209446,17
6139,/home/projects/bagon/shared/imagenet512/val/n07871810/ILSVRC2012_val_00012785.JPEG,43,26.040815353393555,0.0009632110595703125,0.0032399138220086635,0.8861143688409875,0.0,45654,0.997750,0.20151561498641968,0.1130223423242569,9
6140,/home/projects/bagon/shared/imagenet512/val/n07584110/ILSVRC2012_val_00021669.JPEG,47,57.6829891204834,0.0009784698486328125,0.0035069973827802883,0.965010800791756,0.0,45655,0.993862,0.2850317358970642,0.03411025181412697,16
6141,/home/projects/bagon/shared/imagenet512/val/n03874599/ILSVRC2012_val_00037449.JPEG,81,79.30300760269165,0.0009016990661621094,0.005992539873171735,0.9813541821019687,0.0,45656,0.993268,0.8979517817497253,0.017818426713347435,23
6142,/home/projects/bagon/shared/imagenet512/val/n03249569/ILSVRC2012_val_00044932.JPEG,67,76.32575607299805,0.0008878707885742188,0.005051055674036474,0.9762207367506096,0.0,45657,0.993137,0.9382119178771973,0.023027442395687103,26
6143,/home/projects/bagon/shared/imagenet512/val/n03124043/ILSVRC2012_val_00043569.JPEG,48,88.76491022109985,0.0009427070617675781,0.003745926446723785,0.993460657964924,0.0,45658,0.993750,0.7305188775062561,0.00574340857565403,21
6144,/home/projects/bagon/shared/imagenet512/val/n02910353/ILSVRC2012_val_00017543.JPEG,41,43.328670501708984,0.0009212493896484375,0.003047461463813581,0.9611363555541539,0.0,45659,0.997079,0.6856268048286438,0.03810976818203926,15
6145,/home/projects/bagon/shared/imagenet512/val/n02825657/ILSVRC2012_val_00036386.JPEG,66,125.57884883880615,0.000965118408203125,0.005129424243128264,0.9977739952221902,0.0,45660,0.994807,0.9695543050765991,0.0014077209634706378,28
6146,/home/projects/bagon/shared/imagenet512/val/n04536866/ILSVRC2012_val_00036501.JPEG,73,111.85375785827637,0.0009279251098632812,0.0059179211407430965,0.9936295191651748,0.0,45661,0.991067,0.29435083270072937,0.00553169846534729,21
6147,/home/projects/bagon/shared/imagenet512/val/n04336792/ILSVRC2012_val_00044134.JPEG,45,70.51524591445923,0.0008482933044433594,0.0035804657433064534,0.9907812941816962,0.0,45662,0.996844,0.08565859496593475,0.008482473902404308,14
6148,/home/projects/bagon/shared/imagenet512/val/n02950826/ILSVRC2012_val_00027001.JPEG,61,52.16082000732422,0.00090789794921875,0.0044930205679388135,0.955612316903612,0.0,45663,0.994072,0.8030542731285095,0.04357513412833214,18
6149,/home/projects/bagon/shared/imagenet512/val/n03661043/ILSVRC2012_val_00036001.JPEG,40,11.323083400726318,0.0008587837219238281,0.0031201417773653586,0.6284071930202139,0.0,45664,0.998173,0.3708341419696808,0.3708341419696808,0
6150,/home/projects/bagon/shared/imagenet512/val/n02107908/ILSVRC2012_val_00030786.JPEG,47,30.94311761856079,0.0008625984191894531,0.003754811534069221,0.8955121728000897,0.0,45666,0.995808,0.7370122671127319,0.10371452569961548,14
6151,/home/projects/bagon/shared/imagenet512/val/n02415577/ILSVRC2012_val_00041263.JPEG,50,17.918113708496094,0.0009164810180664062,0.003771854518463212,0.7280469890381815,0.0,45667,0.995426,0.6781710386276245,0.27112090587615967,11
6152,/home/projects/bagon/shared/imagenet512/val/n02895154/ILSVRC2012_val_00011775.JPEG,61,28.87965488433838,0.000995635986328125,0.004776332143251429,0.8125872934098988,0.0,45670,0.994971,0.7418100833892822,0.1865786910057068,16
6153,/home/projects/bagon/shared/imagenet512/val/n03773504/ILSVRC2012_val_00001525.JPEG,96,24.609233856201172,0.00095367431640625,0.007330938896621472,0.6778435196731883,0.0,45671,0.991308,0.45801854133605957,0.32127827405929565,10
6154,/home/projects/bagon/shared/imagenet512/val/n03832673/ILSVRC2012_val_00008237.JPEG,62,24.418782234191895,0.0009822845458984375,0.00493563520291044,0.8144005314806819,0.0,45672,0.996123,0.45738738775253296,0.18473617732524872,10
6155,/home/projects/bagon/shared/imagenet512/val/n03866082/ILSVRC2012_val_00011988.JPEG,62,150.1273331642151,0.0008845329284667969,0.0046781658982962175,0.9989161883293851,0.0,45673,0.994240,0.8929421305656433,0.0003643541713245213,25
6156,/home/projects/bagon/shared/imagenet512/val/n03666591/ILSVRC2012_val_00018595.JPEG,71,167.4486689567566,0.0008082389831542969,0.005875778868302517,0.9985205710861144,0.0,45674,0.991812,0.10668744891881943,0.0007605500868521631,27
6157,/home/projects/bagon/shared/imagenet512/val/n03724870/ILSVRC2012_val_00008913.JPEG,67,105.55412292480469,0.0009307861328125,0.005199483398800934,0.9961540775481051,0.0,45675,0.993248,0.7133275270462036,0.003021207870915532,21
6158,/home/projects/bagon/shared/imagenet512/val/n02860847/ILSVRC2012_val_00021907.JPEG,60,85.9984221458435,0.0009436607360839844,0.004084670337061751,0.9961426373174267,0.0,45677,0.994393,0.4596886932849884,0.0029915492050349712,18
6159,/home/projects/bagon/shared/imagenet512/val/n02087046/ILSVRC2012_val_00004717.JPEG,55,9.714693069458008,0.0009746551513671875,0.004412076887613421,0.5461715657958592,0.0,45678,0.996186,0.45292627811431885,0.45292627811431885,0
6160,/home/projects/bagon/shared/imagenet512/val/n04208210/ILSVRC2012_val_00042371.JPEG,46,89.02570533752441,0.000789642333984375,0.003479641902171056,0.9929850468599235,0.0,45679,0.992872,0.08047137409448624,0.0063876258209347725,18
6161,/home/projects/bagon/shared/imagenet512/val/n06794110/ILSVRC2012_val_00035300.JPEG,51,56.077138900756836,0.0008840560913085938,0.004039105551164414,0.9724574191151059,0.0,45680,0.995930,0.5274368524551392,0.026812363415956497,16
6162,/home/projects/bagon/shared/imagenet512/val/n06596364/ILSVRC2012_val_00015936.JPEG,57,85.02613162994385,0.0009899139404296875,0.00422483961217371,0.9943861170899344,0.0,45681,0.995158,0.41789454221725464,0.004700159654021263,19
6163,/home/projects/bagon/shared/imagenet512/val/n01667778/ILSVRC2012_val_00037154.JPEG,57,46.98444843292236,0.0009164810180664062,0.004419395666842328,0.9401125670898326,0.0,45682,0.993812,0.8797610402107239,0.059110429137945175,19
6164,/home/projects/bagon/shared/imagenet512/val/n03028079/ILSVRC2012_val_00017198.JPEG,49,26.759833335876465,0.0009584426879882812,0.0038067531374264387,0.8783712959359684,0.0,45683,0.996436,0.6955850720405579,0.12080153077840805,12
6165,/home/projects/bagon/shared/imagenet512/val/n03871628/ILSVRC2012_val_00027103.JPEG,29,2.3292293548583984,0.0009794235229492188,0.0023070374024769615,0.23430137414924845,0.0,45684,0.999128,0.7648511528968811,0.7648511528968811,0
6166,/home/projects/bagon/shared/imagenet512/val/n02494079/ILSVRC2012_val_00012384.JPEG,57,5.031230926513672,0.0009336471557617188,0.004599396988898045,0.34085009370382213,0.0,45685,0.995183,0.6582809090614319,0.6582809090614319,0
6167,/home/projects/bagon/shared/imagenet512/val/n01664065/ILSVRC2012_val_00022842.JPEG,61,96.55232381820679,0.0009360313415527344,0.004271453447293546,0.9925577840183621,0.0,45686,0.994609,0.8964486718177795,0.006587876472622156,23
6168,/home/projects/bagon/shared/imagenet512/val/n02950826/ILSVRC2012_val_00022031.JPEG,74,119.42198467254639,0.0009527206420898438,0.005481360226961495,0.9970666258423396,0.0,45687,0.985231,0.42060282826423645,0.00207042065449059,25
6169,/home/projects/bagon/shared/imagenet512/val/n03950228/ILSVRC2012_val_00009107.JPEG,44,30.322080612182617,0.0008211135864257812,0.0032419231803583128,0.8790908421031053,0.0,45688,0.995380,0.8301129937171936,0.12021493911743164,15
6170,/home/projects/bagon/shared/imagenet512/val/n02948072/ILSVRC2012_val_00010256.JPEG,65,182.32291507720947,0.0009679794311523438,0.005087881520223528,0.9984162905882503,0.0,45689,0.992349,0.25889503955841064,0.0007915201131254435,30
6171,/home/projects/bagon/shared/imagenet512/val/n04251144/ILSVRC2012_val_00045219.JPEG,62,74.09458446502686,0.0009698867797851562,0.004077327711331059,0.9892074157191024,0.0,45690,0.996465,0.6040921211242676,0.009885614737868309,19
6172,/home/projects/bagon/shared/imagenet512/val/n02963159/ILSVRC2012_val_00016246.JPEG,56,65.07890129089355,0.000995635986328125,0.004145124317830396,0.9838721819302183,0.0,45691,0.994631,0.7008085250854492,0.01521565206348896,19
6173,/home/projects/bagon/shared/imagenet512/val/n03770439/ILSVRC2012_val_00006164.JPEG,39,3.214158058166504,0.0009851455688476562,0.0031311810641475387,0.2591888023858003,0.0,45692,0.997776,0.7399209141731262,0.7399209141731262,0
6174,/home/projects/bagon/shared/imagenet512/val/n07753275/ILSVRC2012_val_00035283.JPEG,47,89.23684167861938,0.0009379386901855469,0.0029377690158160358,0.9940438016885323,0.0,45693,0.996352,0.28589457273483276,0.00514372019097209,18
6175,/home/projects/bagon/shared/imagenet512/val/n07930864/ILSVRC2012_val_00012871.JPEG,63,136.92119884490967,0.0008792877197265625,0.004672563034183738,0.9985742291415418,0.0,45694,0.996257,0.552502453327179,0.0006589009426534176,24
6176,/home/projects/bagon/shared/imagenet512/val/n01944390/ILSVRC2012_val_00003625.JPEG,71,114.52705669403076,0.0009164810180664062,0.0057350059932774885,0.9957335811171901,0.0,45696,0.993633,0.39517179131507874,0.0034319499973207712,22
6177,/home/projects/bagon/shared/imagenet512/val/n03691459/ILSVRC2012_val_00007417.JPEG,48,54.43669605255127,0.00087738037109375,0.0037316710571079965,0.9731370332179364,0.0,45697,0.997445,0.168173685669899,0.026102470234036446,13
6178,/home/projects/bagon/shared/imagenet512/val/n04265275/ILSVRC2012_val_00007228.JPEG,61,93.37859106063843,0.0009293556213378906,0.004818634400336922,0.9918730463160926,0.0,45698,0.995661,0.061797674745321274,0.007311802823096514,16
6179,/home/projects/bagon/shared/imagenet512/val/n04536866/ILSVRC2012_val_00027728.JPEG,61,122.3186993598938,0.0009560585021972656,0.00447439035186942,0.997961278568077,0.0,45699,0.993999,0.7975832223892212,0.001191363437101245,23
6180,/home/projects/bagon/shared/imagenet512/val/n03452741/ILSVRC2012_val_00029142.JPEG,118,220.06546926498413,0.0009446144104003906,0.008791638403462709,0.9986048495087593,0.0,45700,0.986781,0.6356911063194275,0.000491804035846144,33
6181,/home/projects/bagon/shared/imagenet512/val/n03792972/ILSVRC2012_val_00012130.JPEG,37,6.984102249145508,0.0008945465087890625,0.0026486615168080287,0.4446048486021451,0.0,45701,0.997679,0.5546008944511414,0.5546008944511414,0
6182,/home/projects/bagon/shared/imagenet512/val/n04591157/ILSVRC2012_val_00023814.JPEG,80,67.28400325775146,0.0009860992431640625,0.005915146636374978,0.9742329198711814,0.0,45702,0.991940,0.6958543658256531,0.024840842932462692,19
6183,/home/projects/bagon/shared/imagenet512/val/n02364673/ILSVRC2012_val_00022509.JPEG,69,68.61672782897949,0.000949859619140625,0.0048316610937587144,0.9876302247985669,0.0,45703,0.994769,0.4290078282356262,0.011451110243797302,16
6184,/home/projects/bagon/shared/imagenet512/val/n02085620/ILSVRC2012_val_00019402.JPEG,52,25.39384698867798,0.0009341239929199219,0.003780359155560428,0.8375993740338138,0.0,45704,0.996625,0.5823013186454773,0.16155165433883667,13
6185,/home/projects/bagon/shared/imagenet512/val/n04525305/ILSVRC2012_val_00018285.JPEG,48,47.813251972198486,0.0009465217590332031,0.003435141418355252,0.977903193714567,0.0,45706,0.997146,0.23481999337673187,0.02124839648604393,12
6186,/home/projects/bagon/shared/imagenet512/val/n09399592/ILSVRC2012_val_00002476.JPEG,49,10.116870403289795,0.0009665489196777344,0.003773602495422898,0.539749284578264,0.0,45707,0.997521,0.4593758285045624,0.4593758285045624,0
6187,/home/projects/bagon/shared/imagenet512/val/n07590611/ILSVRC2012_val_00031682.JPEG,44,10.998801231384277,0.0008955001831054688,0.003055096651724777,0.638232547954063,0.0,45709,0.997633,0.5055018663406372,0.36096280813217163,9
6188,/home/projects/bagon/shared/imagenet512/val/n04517823/ILSVRC2012_val_00036519.JPEG,34,8.856971740722656,0.000988006591796875,0.002576370316564276,0.5448014905312486,0.0,45712,0.997256,0.4543280601501465,0.4543280601501465,0
6189,/home/projects/bagon/shared/imagenet512/val/n04591157/ILSVRC2012_val_00049283.JPEG,61,133.04664278030396,0.0009713172912597656,0.0044536903399441,0.9978068795932383,0.0,45713,0.996767,0.10372044891119003,0.0013339457800611854,23
6190,/home/projects/bagon/shared/imagenet512/val/n02363005/ILSVRC2012_val_00021586.JPEG,36,15.213654518127441,0.0008792877197265625,0.0027568018569171368,0.7304569136461605,0.0,45714,0.998591,0.6955002546310425,0.2688000500202179,10
6191,/home/projects/bagon/shared/imagenet512/val/n02974003/ILSVRC2012_val_00044439.JPEG,56,13.896502017974854,0.0009655952453613281,0.0043796224080313775,0.6833228525649213,0.0,45715,0.997425,0.5980542302131653,0.3157610595226288,9
6192,/home/projects/bagon/shared/imagenet512/val/n07584110/ILSVRC2012_val_00000267.JPEG,48,31.813183307647705,0.0009331703186035156,0.0035496379261574507,0.9146071805280899,0.0,45716,0.996489,0.8392526507377625,0.08457569032907486,14
6193,/home/projects/bagon/shared/imagenet512/val/n03838899/ILSVRC2012_val_00032360.JPEG,43,20.03217649459839,0.0008492469787597656,0.003385753542086146,0.7837194224527896,0.0,45717,0.996289,0.30089759826660156,0.21553200483322144,8
6194,/home/projects/bagon/shared/imagenet512/val/n09472597/ILSVRC2012_val_00033527.JPEG,68,149.0768666267395,0.0009284019470214844,0.004984469964726345,0.9988687619932272,0.0,45718,0.991486,0.9683032035827637,0.000281147105852142,26
6195,/home/projects/bagon/shared/imagenet512/val/n01749939/ILSVRC2012_val_00014252.JPEG,73,118.0583086013794,0.0009174346923828125,0.005817102296222795,0.9966217082254853,0.0,45719,0.994730,0.24735939502716064,0.0025831800885498524,24
6196,/home/projects/bagon/shared/imagenet512/val/n03527444/ILSVRC2012_val_00028910.JPEG,42,58.834969997406006,0.0009083747863769531,0.003234643007500697,0.9877570432439932,0.0,45720,0.996395,0.4298586845397949,0.011437530629336834,15
6197,/home/projects/bagon/shared/imagenet512/val/n02115641/ILSVRC2012_val_00004372.JPEG,42,52.72498607635498,0.000881195068359375,0.0033187885142541384,0.9805433449801577,0.0,45721,0.996545,0.17867593467235565,0.018729783594608307,13
6198,/home/projects/bagon/shared/imagenet512/val/n02951585/ILSVRC2012_val_00021257.JPEG,44,31.167130947113037,0.0008654594421386719,0.0034822462809366316,0.9038497406618413,0.0,45722,0.997615,0.4588988125324249,0.09540561586618423,12
6199,/home/projects/bagon/shared/imagenet512/val/n03976467/ILSVRC2012_val_00010922.JPEG,63,57.91611623764038,0.0009341239929199219,0.00440428935043189,0.9791181154433184,0.0,45723,0.993266,0.9371330738067627,0.020029617473483086,18
6200,/home/projects/bagon/shared/imagenet512/val/n07932039/ILSVRC2012_val_00032432.JPEG,66,128.0376477241516,0.0008969306945800781,0.004975918918955683,0.9971756408021724,0.0,45724,0.993393,0.5807463526725769,0.002028987044468522,26
6201,/home/projects/bagon/shared/imagenet512/val/n02939185/ILSVRC2012_val_00043061.JPEG,57,75.97933197021484,0.0009365081787109375,0.004501808099894415,0.9859663027181407,0.0,45725,0.994923,0.4070730209350586,0.013215056620538235,17
6202,/home/projects/bagon/shared/imagenet512/val/n01744401/ILSVRC2012_val_00006262.JPEG,93,213.83046674728394,0.0009188652038574219,0.0065665384229677765,0.9989727710850745,0.0,45726,0.986498,0.1259370893239975,0.0001864566729636863,29
6203,/home/projects/bagon/shared/imagenet512/val/n04392985/ILSVRC2012_val_00006037.JPEG,78,39.86429977416992,0.0009469985961914062,0.00634367337613996,0.8873840712720763,0.0,45727,0.995387,0.7295176386833191,0.11173691600561142,18
6204,/home/projects/bagon/shared/imagenet512/val/n04204347/ILSVRC2012_val_00013003.JPEG,63,29.59549617767334,0.0009174346923828125,0.00512781954158719,0.8576382877490459,0.0,45729,0.994640,0.3412870764732361,0.14151376485824585,11
6205,/home/projects/bagon/shared/imagenet512/val/n03447447/ILSVRC2012_val_00023392.JPEG,72,65.05431079864502,0.0009698867797851562,0.005060948628467502,0.9876396802765744,0.0,45730,0.994116,0.30056291818618774,0.011434603482484818,15
6206,/home/projects/bagon/shared/imagenet512/val/n03920288/ILSVRC2012_val_00042530.JPEG,38,27.647919178009033,0.0009455680847167969,0.0028417327606423274,0.9153708972929567,0.0,45733,0.997505,0.0837920606136322,0.0837920606136322,0
6207,/home/projects/bagon/shared/imagenet512/val/n04026417/ILSVRC2012_val_00024778.JPEG,53,43.913589000701904,0.0009150505065917969,0.004199441900444592,0.9517737519614854,0.0,45734,0.997372,0.6570704579353333,0.047454800456762314,16
6208,/home/projects/bagon/shared/imagenet512/val/n02497673/ILSVRC2012_val_00014914.JPEG,78,7.266783714294434,0.0009975433349609375,0.0061230439687588924,0.420819916090983,0.0,45736,0.993036,0.5782214999198914,0.5782214999198914,0
6209,/home/projects/bagon/shared/imagenet512/val/n04356056/ILSVRC2012_val_00031656.JPEG,54,30.690749645233154,0.0009579658508300781,0.004301523510830768,0.8829667866496038,0.0,45737,0.996278,0.8108040690422058,0.11619675904512405,15
6210,/home/projects/bagon/shared/imagenet512/val/n07860988/ILSVRC2012_val_00016961.JPEG,34,4.395110130310059,0.0008821487426757812,0.0024299930614430317,0.35691550640977054,0.0,45738,0.998751,0.6422977447509766,0.6422977447509766,0
6211,/home/projects/bagon/shared/imagenet512/val/n03908714/ILSVRC2012_val_00034235.JPEG,71,119.22209548950195,0.0009546279907226562,0.005507928086117247,0.9965836909154531,0.0,45739,0.995556,0.05422087758779526,0.00261379755102098,21
6212,/home/projects/bagon/shared/imagenet512/val/n03692522/ILSVRC2012_val_00046713.JPEG,39,50.66694688796997,0.0008091926574707031,0.0030678954796480983,0.9768289132990925,0.0,45740,0.997785,0.892092764377594,0.0224942434579134,16
6213,/home/projects/bagon/shared/imagenet512/val/n02641379/ILSVRC2012_val_00033535.JPEG,58,192.94506692886353,0.0008072853088378906,0.0045289283960227855,0.9988914758724502,0.0,45741,0.992911,0.08968968689441681,0.00040785493911243975,28
6214,/home/projects/bagon/shared/imagenet512/val/n07745940/ILSVRC2012_val_00008738.JPEG,81,117.1911301612854,0.0009617805480957031,0.005484360031119869,0.9979940847158683,0.0,45742,0.992152,0.9705916047096252,0.0010840072063729167,22
6215,/home/projects/bagon/shared/imagenet512/val/n04259630/ILSVRC2012_val_00025763.JPEG,73,175.0446319580078,0.0009984970092773438,0.005955283368815396,0.9983926337847807,0.0,45743,0.992512,0.6008110046386719,0.0007569672306999564,31
6216,/home/projects/bagon/shared/imagenet512/val/n04026417/ILSVRC2012_val_00019863.JPEG,41,39.56425905227661,0.0009722709655761719,0.002993468254856146,0.9454430352299786,0.0,45744,0.997663,0.10840733349323273,0.05372658744454384,10
6217,/home/projects/bagon/shared/imagenet512/val/n01775062/ILSVRC2012_val_00036773.JPEG,53,125.47813653945923,0.0009331703186035156,0.0035018769502292973,0.9987847581666929,0.0,45745,0.997226,0.978766918182373,0.00035843634395860136,21
6218,/home/projects/bagon/shared/imagenet512/val/n02101006/ILSVRC2012_val_00003714.JPEG,54,55.17941379547119,0.0009202957153320312,0.004190982088024575,0.9718378952060168,0.0,45746,0.996197,0.5865369439125061,0.027348265051841736,17
6219,/home/projects/bagon/shared/imagenet512/val/n03337140/ILSVRC2012_val_00036889.JPEG,43,42.450435161590576,0.0009493827819824219,0.0031940804222464537,0.9335231768500696,0.0,45747,0.994292,0.3910193145275116,0.06561095267534256,14
6220,/home/projects/bagon/shared/imagenet512/val/n04493381/ILSVRC2012_val_00027916.JPEG,86,48.33515739440918,0.000926971435546875,0.00679666016263321,0.8950400100666043,0.0,45748,0.992524,0.5404571294784546,0.10414715111255646,21
6221,/home/projects/bagon/shared/imagenet512/val/n02727426/ILSVRC2012_val_00042797.JPEG,65,61.16751432418823,0.0009226799011230469,0.0046418224047269085,0.9877122662428299,0.0,45749,0.996210,0.10269048810005188,0.011433604173362255,13
6222,/home/projects/bagon/shared/imagenet512/val/n01753488/ILSVRC2012_val_00045247.JPEG,48,4.844574928283691,0.0009775161743164062,0.003956725999058481,0.3474247431609471,0.0,45750,0.995666,0.6516709923744202,0.6516709923744202,0
6223,/home/projects/bagon/shared/imagenet512/val/n04371430/ILSVRC2012_val_00026485.JPEG,70,70.55568361282349,0.0009665489196777344,0.00554800472051174,0.9821395224280685,0.0,45751,0.995522,0.9517697095870972,0.016986865550279617,24
6224,/home/projects/bagon/shared/imagenet512/val/n04522168/ILSVRC2012_val_00002092.JPEG,58,127.2242021560669,0.000919342041015625,0.00421217074793194,0.9983048010668205,0.0,45752,0.993946,0.34736141562461853,0.0009061981691047549,22
6225,/home/projects/bagon/shared/imagenet512/val/n02815834/ILSVRC2012_val_00009575.JPEG,47,86.33324718475342,0.0008897781372070312,0.0035102746770545685,0.9948472754033333,0.0,45753,0.994671,0.660167396068573,0.004356981720775366,20
6226,/home/projects/bagon/shared/imagenet512/val/n01817953/ILSVRC2012_val_00049313.JPEG,79,116.00618314743042,0.0009722709655761719,0.0052062530997629,0.9984569299837656,0.0,45754,0.992340,0.7584261298179626,0.000626657041721046,19
6227,/home/projects/bagon/shared/imagenet512/val/n04192698/ILSVRC2012_val_00012874.JPEG,47,43.0515456199646,0.0009036064147949219,0.0035159622884072084,0.9456216115560472,0.0,45755,0.998011,0.41563403606414795,0.05359135940670967,15
6228,/home/projects/bagon/shared/imagenet512/val/n02815834/ILSVRC2012_val_00002035.JPEG,62,102.59969520568848,0.0009279251098632812,0.004752933955426153,0.9964370820750269,0.0,45756,0.995562,0.28565916419029236,0.0027004508301615715,19
6229,/home/projects/bagon/shared/imagenet512/val/n02977058/ILSVRC2012_val_00037304.JPEG,55,52.321205139160156,0.0009708404541015625,0.00416283885025236,0.9645484276399164,0.0,45757,0.996075,0.6893923878669739,0.034528784453868866,17
6230,/home/projects/bagon/shared/imagenet512/val/n04584207/ILSVRC2012_val_00046684.JPEG,50,66.03488302230835,0.0009636878967285156,0.003943140912330366,0.9840622342407996,0.0,45758,0.995147,0.05490119755268097,0.015076804906129837,12
6231,/home/projects/bagon/shared/imagenet512/val/n03690938/ILSVRC2012_val_00043006.JPEG,56,63.81035661697388,0.0009684562683105469,0.0042297383811414745,0.9843026909841771,0.0,45759,0.991997,0.25970160961151123,0.014817913994193077,16
6232,/home/projects/bagon/shared/imagenet512/val/n03868863/ILSVRC2012_val_00011326.JPEG,50,67.3394832611084,0.0007848739624023438,0.003954672555785745,0.9832703980043539,0.0,45760,0.997297,0.9438989162445068,0.016095446422696114,20
6233,/home/projects/bagon/shared/imagenet512/val/n03832673/ILSVRC2012_val_00044609.JPEG,62,82.87368535995483,0.0008540153503417969,0.004577442457812373,0.9925048765343211,0.0,45761,0.993763,0.2423766702413559,0.006750903092324734,17
6234,/home/projects/bagon/shared/imagenet512/val/n04493381/ILSVRC2012_val_00032144.JPEG,61,34.057390213012695,0.0009984970092773438,0.004465885842052575,0.8687785615309487,0.0,45762,0.995555,0.8240333199501038,0.1303168535232544,18
6235,/home/projects/bagon/shared/imagenet512/val/n04004767/ILSVRC2012_val_00002985.JPEG,48,63.61109113693237,0.0008530616760253906,0.003635698200113651,0.9824876000588232,0.0,45763,0.994825,0.7009466290473938,0.016821803525090218,17
6236,/home/projects/bagon/shared/imagenet512/val/n09193705/ILSVRC2012_val_00001986.JPEG,51,27.744513034820557,0.0008788108825683594,0.00392606396858839,0.8876616845635809,0.0,45764,0.996431,0.46575793623924255,0.11157004535198212,11
6237,/home/projects/bagon/shared/imagenet512/val/n03680355/ILSVRC2012_val_00000385.JPEG,59,107.68476152420044,0.0009436607360839844,0.0045688878045584335,0.9964965691383197,0.0,45765,0.996506,0.9701125621795654,0.0027919821441173553,25
6238,/home/projects/bagon/shared/imagenet512/val/n03141823/ILSVRC2012_val_00022136.JPEG,41,45.52762174606323,0.0008807182312011719,0.0028518864086528872,0.974874234872492,0.0,45766,0.997457,0.12114880979061127,0.024363869801163673,11
6239,/home/projects/bagon/shared/imagenet512/val/n03240683/ILSVRC2012_val_00016893.JPEG,60,93.07540225982666,0.0009794235229492188,0.004102632798139388,0.9946708673437401,0.0,45767,0.996543,0.3202873766422272,0.004447998479008675,20
6240,/home/projects/bagon/shared/imagenet512/val/n03530642/ILSVRC2012_val_00009904.JPEG,55,79.58732891082764,0.0008754730224609375,0.0040066435841649055,0.9916545602011543,0.0,45768,0.994722,0.129460871219635,0.007613555062562227,15
6241,/home/projects/bagon/shared/imagenet512/val/n02105056/ILSVRC2012_val_00032837.JPEG,46,22.734976768493652,0.0008907318115234375,0.0035726966652640164,0.8115248906235916,0.0,45769,0.995484,0.25381818413734436,0.1876857429742813,9
6242,/home/projects/bagon/shared/imagenet512/val/n04332243/ILSVRC2012_val_00007118.JPEG,53,129.5506443977356,0.0009675025939941406,0.004095230971666608,0.9977964088500842,0.0,45770,0.993714,0.3521215319633484,0.0014218686847016215,23
6243,/home/projects/bagon/shared/imagenet512/val/n03452741/ILSVRC2012_val_00012805.JPEG,59,55.069923400878906,0.0009126663208007812,0.004647900973252764,0.965432394692708,0.0,45772,0.993058,0.9145252108573914,0.03376971185207367,20
6244,/home/projects/bagon/shared/imagenet512/val/n04579432/ILSVRC2012_val_00034891.JPEG,40,46.309438705444336,0.0009908676147460938,0.003042122484245587,0.967514651737512,0.0,45773,0.997482,0.38157808780670166,0.03168117627501488,14
6245,/home/projects/bagon/shared/imagenet512/val/n03871628/ILSVRC2012_val_00002169.JPEG,46,45.897582054138184,0.0009698867797851562,0.0034777975069399227,0.9584208845331441,0.0,45774,0.996376,0.3081175684928894,0.04073411971330643,14
6246,/home/projects/bagon/shared/imagenet512/val/n02106382/ILSVRC2012_val_00027219.JPEG,50,40.15904521942139,0.0009059906005859375,0.0039133806838889005,0.9159604136146903,0.0,45775,0.995232,0.23998402059078217,0.08324087411165237,13
6247,/home/projects/bagon/shared/imagenet512/val/n03764736/ILSVRC2012_val_00020546.JPEG,66,62.528563499450684,0.00098419189453125,0.004585959289894117,0.9872676842878905,0.0,45776,0.993275,0.8897321224212646,0.011891734786331654,17
6248,/home/projects/bagon/shared/imagenet512/val/n04328186/ILSVRC2012_val_00020153.JPEG,50,28.093138217926025,0.0009608268737792969,0.003876778613896604,0.8443095805118065,0.0,45777,0.995406,0.5905887484550476,0.15487371385097504,13
6249,/home/projects/bagon/shared/imagenet512/val/n09399592/ILSVRC2012_val_00004005.JPEG,65,40.58652973175049,0.000995635986328125,0.005092199250581878,0.9321311324707737,0.0,45778,0.994652,0.7065592408180237,0.06696167588233948,16
6250,/home/projects/bagon/shared/imagenet512/val/n03868242/ILSVRC2012_val_00035457.JPEG,60,51.921194076538086,0.000988006591796875,0.004484620603316883,0.9770872450727843,0.0,45780,0.997081,0.5132239460945129,0.022043798118829727,14
6251,/home/projects/bagon/shared/imagenet512/val/n03124043/ILSVRC2012_val_00027845.JPEG,75,187.44899129867554,0.0009541511535644531,0.005877843301861265,0.9983139538427082,0.0,45781,0.990779,0.20330199599266052,0.0008795561734586954,31
6252,/home/projects/bagon/shared/imagenet512/val/n01601694/ILSVRC2012_val_00012797.JPEG,60,57.00359869003296,0.0009026527404785156,0.004753369544941818,0.9649360035469481,0.0,45782,0.994744,0.3022979497909546,0.03426540642976761,16
6253,/home/projects/bagon/shared/imagenet512/val/n03018349/ILSVRC2012_val_00014428.JPEG,68,194.9213752746582,0.0009918212890625,0.005322266387251718,0.9989302574403663,0.0,45783,0.989257,0.7446609139442444,0.00016611437604296952,29
6254,/home/projects/bagon/shared/imagenet512/val/n04258138/ILSVRC2012_val_00014079.JPEG,47,72.09387302398682,0.0009365081787109375,0.0033428702900615073,0.9902478316170519,0.0,45784,0.996791,0.7313925623893738,0.008911658078432083,17
6255,/home/projects/bagon/shared/imagenet512/val/n01748264/ILSVRC2012_val_00005033.JPEG,64,50.591439723968506,0.0009026527404785156,0.004391352590825051,0.9742695129245451,0.0,45785,0.992911,0.3638901710510254,0.02490716427564621,14
6256,/home/projects/bagon/shared/imagenet512/val/n04461696/ILSVRC2012_val_00025748.JPEG,71,116.64413452148438,0.000972747802734375,0.005537585087639439,0.9970259834481853,0.0,45786,0.993421,0.5572918653488159,0.002125351456925273,24
6257,/home/projects/bagon/shared/imagenet512/val/n02776631/ILSVRC2012_val_00040240.JPEG,47,47.60878229141235,0.0009350776672363281,0.003552264512733546,0.9650469206672243,0.0,45787,0.996646,0.4872688353061676,0.034202564507722855,15
6258,/home/projects/bagon/shared/imagenet512/val/n04326547/ILSVRC2012_val_00017530.JPEG,53,35.050878047943115,0.0009636878967285156,0.0035031291274535245,0.9339705613758185,0.0,45788,0.993523,0.47416508197784424,0.06514216959476471,12
6259,/home/projects/bagon/shared/imagenet512/val/n04493381/ILSVRC2012_val_00034803.JPEG,97,39.23970603942871,0.0009641647338867188,0.00714579174356419,0.8203511151101319,0.0,45789,0.983724,0.7612935304641724,0.1787683665752411,21
6260,/home/projects/bagon/shared/imagenet512/val/n03452741/ILSVRC2012_val_00035196.JPEG,45,9.321505546569824,0.0009431838989257812,0.003654373737399607,0.5641092706692045,0.0,45790,0.996456,0.43505361676216125,0.43505361676216125,0
6261,/home/projects/bagon/shared/imagenet512/val/n04579145/ILSVRC2012_val_00030522.JPEG,63,119.5278148651123,0.0009479522705078125,0.005080735560952839,0.9976079798051852,0.0,45791,0.994492,0.7308843731880188,0.0016233031637966633,27
6262,/home/projects/bagon/shared/imagenet512/val/n02108915/ILSVRC2012_val_00032262.JPEG,65,57.28466033935547,0.0009469985961914062,0.004838215157086336,0.9756241129957707,0.0,45792,0.993337,0.3061048090457916,0.023508254438638687,15
6263,/home/projects/bagon/shared/imagenet512/val/n02825657/ILSVRC2012_val_00018151.JPEG,59,33.97849941253662,0.0009775161743164062,0.004525511730896531,0.9088709790033618,0.0,45794,0.995452,0.7935619950294495,0.09021968394517899,15
6264,/home/projects/bagon/shared/imagenet512/val/n02804414/ILSVRC2012_val_00023356.JPEG,63,96.1057915687561,0.0009179115295410156,0.00433808470831038,0.9959896917386547,0.0,45795,0.996505,0.8748740553855896,0.003160216612741351,22
6265,/home/projects/bagon/shared/imagenet512/val/n04604644/ILSVRC2012_val_00037279.JPEG,73,89.91886949539185,0.0008120536804199219,0.005867574973073702,0.9823002497076081,0.0,45796,0.994974,0.35190361738204956,0.017025087028741837,27
6266,/home/projects/bagon/shared/imagenet512/val/n04596742/ILSVRC2012_val_00008899.JPEG,46,31.911782264709473,0.0009927749633789062,0.0036109637279557964,0.8930738867116961,0.0,45797,0.997005,0.2823699414730072,0.1061226949095726,12
6267,/home/projects/bagon/shared/imagenet512/val/n07745940/ILSVRC2012_val_00023512.JPEG,62,39.49727916717529,0.0009984970092773438,0.004614777840673127,0.9387884694384888,0.0,45798,0.993123,0.17928080260753632,0.06029849126935005,11
6268,/home/projects/bagon/shared/imagenet512/val/n04591157/ILSVRC2012_val_00015778.JPEG,80,73.25098657608032,0.0009551048278808594,0.006005209582623974,0.9742445312178595,0.0,45799,0.987975,0.9311196804046631,0.024852562695741653,25
6269,/home/projects/bagon/shared/imagenet512/val/n03223299/ILSVRC2012_val_00021082.JPEG,42,72.9181694984436,0.0007977485656738281,0.0032159373783352515,0.9896513209448312,0.0,45800,0.997136,0.8492563962936401,0.009718227200210094,19
6270,/home/projects/bagon/shared/imagenet512/val/n02108422/ILSVRC2012_val_00041422.JPEG,57,30.527796745300293,0.0009393692016601562,0.004576410936159492,0.8726719224155601,0.0,45801,0.995735,0.5109647512435913,0.12646567821502686,12
6271,/home/projects/bagon/shared/imagenet512/val/n04447861/ILSVRC2012_val_00004573.JPEG,98,236.3999571800232,0.0009150505065917969,0.007513709017746731,0.9990367706482115,0.0,45803,0.989620,0.6625254154205322,0.00015243016241583973,34
6272,/home/projects/bagon/shared/imagenet512/val/n02321529/ILSVRC2012_val_00016075.JPEG,79,286.6575846672058,0.0009436607360839844,0.0059717294284919314,0.9990409142430672,0.0,45804,0.988809,0.21853703260421753,0.00010041999485110864,40
6273,/home/projects/bagon/shared/imagenet512/val/n03770679/ILSVRC2012_val_00034281.JPEG,59,98.68114805221558,0.0008769035339355469,0.0047620485415238835,0.9959554432770179,0.0,45805,0.995526,0.8207427263259888,0.003289014333859086,23
6274,/home/projects/bagon/shared/imagenet512/val/n03958227/ILSVRC2012_val_00020834.JPEG,50,96.47783470153809,0.00099945068359375,0.003780298047217523,0.9975065334540254,0.0,45806,0.996073,0.9364657998085022,0.0016171274473890662,19
6275,/home/projects/bagon/shared/imagenet512/val/n03146219/ILSVRC2012_val_00043567.JPEG,48,15.373355388641357,0.0008931159973144531,0.0038306974160082215,0.7135131006832912,0.0,45807,0.996083,0.5621428489685059,0.28567495942115784,10
6276,/home/projects/bagon/shared/imagenet512/val/n03062245/ILSVRC2012_val_00017747.JPEG,53,63.59068536758423,0.0009741783142089844,0.004133212210288182,0.9799078210766852,0.0,45808,0.996903,0.38366472721099854,0.01925087533891201,17
6277,/home/projects/bagon/shared/imagenet512/val/n01978287/ILSVRC2012_val_00018673.JPEG,39,7.479720115661621,0.0009374618530273438,0.0029912409428968926,0.5156409645013683,0.0,45810,0.998158,0.48351243138313293,0.48351243138313293,0
6278,/home/projects/bagon/shared/imagenet512/val/n01807496/ILSVRC2012_val_00041361.JPEG,66,40.39691781997681,0.0009274482727050781,0.004745212105566472,0.9387946783313622,0.0,45811,0.995406,0.8725100159645081,0.06035959720611572,16
6279,/home/projects/bagon/shared/imagenet512/val/n03710721/ILSVRC2012_val_00019278.JPEG,65,34.248780727386475,0.0009350776672363281,0.004683825877703027,0.8733911757958841,0.0,45812,0.994096,0.8145526647567749,0.12570805847644806,18
6280,/home/projects/bagon/shared/imagenet512/val/n03272010/ILSVRC2012_val_00033727.JPEG,58,38.523786544799805,0.0009708404541015625,0.0042828081720113365,0.9318290737979972,0.0,45813,0.993420,0.8936831951141357,0.06729838252067566,16
6281,/home/projects/bagon/shared/imagenet512/val/n02797295/ILSVRC2012_val_00025847.JPEG,64,217.4187774658203,0.0009374618530273438,0.005016540733363224,0.9990209661653979,0.0,45815,0.992359,0.6699297428131104,0.00012760621029883623,30
6282,/home/projects/bagon/shared/imagenet512/val/n03691459/ILSVRC2012_val_00014908.JPEG,68,193.32393646240234,0.000934600830078125,0.004944778115740116,0.9990785017997372,0.0,45816,0.991824,0.9805446863174438,0.00015102853649295866,31
6283,/home/projects/bagon/shared/imagenet512/val/n04355933/ILSVRC2012_val_00043078.JPEG,54,33.361857414245605,0.0009899139404296875,0.0039689402072232306,0.9359142254711922,0.0,45817,0.996084,0.6284092664718628,0.06320646405220032,12
6284,/home/projects/bagon/shared/imagenet512/val/n02089973/ILSVRC2012_val_00012875.JPEG,60,43.42784404754639,0.0009765625,0.00487276130519028,0.9345328123185193,0.0,45819,0.996454,0.45476001501083374,0.06461057811975479,16
6285,/home/projects/bagon/shared/imagenet512/val/n04550184/ILSVRC2012_val_00046925.JPEG,62,75.48444318771362,0.0008635520935058594,0.004961309906875955,0.9867791322574823,0.0,45820,0.994277,0.4002529978752136,0.012444916181266308,20
6286,/home/projects/bagon/shared/imagenet512/val/n04008634/ILSVRC2012_val_00000468.JPEG,68,12.1790132522583,0.000988006591796875,0.005379554026261718,0.4958288101387176,0.0,45822,0.990459,0.5032941699028015,0.5032941699028015,0
6287,/home/projects/bagon/shared/imagenet512/val/n02109047/ILSVRC2012_val_00047250.JPEG,74,139.77553367614746,0.000957489013671875,0.005749061979975402,0.9963289789708167,0.0,45823,0.992334,0.7108238339424133,0.002831500954926014,28
6288,/home/projects/bagon/shared/imagenet512/val/n02769748/ILSVRC2012_val_00043921.JPEG,85,138.33801889419556,0.0008931159973144531,0.0067328768642549025,0.9957225129046966,0.0,45824,0.990197,0.15938438475131989,0.0034860470332205296,23
6289,/home/projects/bagon/shared/imagenet512/val/n04136333/ILSVRC2012_val_00033983.JPEG,67,82.55827808380127,0.0008974075317382812,0.004861795287886024,0.9892140321607299,0.0,45825,0.991906,0.10790280997753143,0.009978518821299076,17
6290,/home/projects/bagon/shared/imagenet512/val/n02776631/ILSVRC2012_val_00040321.JPEG,56,180.06881618499756,0.0008020401000976562,0.0044289213792828306,0.9992205851610971,0.0,45826,0.996886,0.5500051379203796,0.00012359557149466127,26
6291,/home/projects/bagon/shared/imagenet512/val/n03995372/ILSVRC2012_val_00009204.JPEG,68,125.14142608642578,0.0009050369262695312,0.005562238752407124,0.995184743510425,0.0,45827,0.993895,0.1505180299282074,0.004068356938660145,22
6292,/home/projects/bagon/shared/imagenet512/val/n02106382/ILSVRC2012_val_00010765.JPEG,44,35.97096014022827,0.0009608268737792969,0.0033721754354365083,0.9221030251335212,0.0,45828,0.995116,0.370838463306427,0.07705581188201904,13
6293,/home/projects/bagon/shared/imagenet512/val/n03929660/ILSVRC2012_val_00023274.JPEG,68,94.28218269348145,0.0009250640869140625,0.004741722594844271,0.9949262890221069,0.0,45829,0.987291,0.9498823881149292,0.004215117543935776,23
6294,/home/projects/bagon/shared/imagenet512/val/n01873310/ILSVRC2012_val_00036442.JPEG,57,121.2251672744751,0.000980377197265625,0.003909618083429839,0.9980178097080644,0.0,45830,0.991243,0.22622579336166382,0.0011027141008526087,21
6295,/home/projects/bagon/shared/imagenet512/val/n09193705/ILSVRC2012_val_00029110.JPEG,61,35.82361888885498,0.00093841552734375,0.004750091008576594,0.9194893984814221,0.0,45831,0.995203,0.890489399433136,0.07967159152030945,16
6296,/home/projects/bagon/shared/imagenet512/val/n01944390/ILSVRC2012_val_00040504.JPEG,67,101.91586303710938,0.0009613037109375,0.0053681895715441234,0.9906961397418719,0.0,45832,0.992827,0.22919748723506927,0.008462848141789436,23
6297,/home/projects/bagon/shared/imagenet512/val/n04372370/ILSVRC2012_val_00047391.JPEG,66,54.81813955307007,0.0009398460388183594,0.005318974763879222,0.9575399329243076,0.0,45833,0.990330,0.39464816451072693,0.0416242778301239,17
6298,/home/projects/bagon/shared/imagenet512/val/n03796401/ILSVRC2012_val_00013011.JPEG,49,24.495871543884277,0.0009126663208007812,0.003753246203532983,0.8585223358831231,0.0,45834,0.995355,0.18061478435993195,0.1406679004430771,8
6299,/home/projects/bagon/shared/imagenet512/val/n03970156/ILSVRC2012_val_00040215.JPEG,37,29.680073738098145,0.0008869171142578125,0.0026068027525586413,0.8856089430413754,0.0,45835,0.997900,0.13440005481243134,0.11361918598413467,10
6300,/home/projects/bagon/shared/imagenet512/val/n07565083/ILSVRC2012_val_00005232.JPEG,66,98.68138408660889,0.0009984970092773438,0.004641695108242536,0.9968158620480747,0.0,45836,0.995637,0.8795313239097595,0.0022664531134068966,19
6301,/home/projects/bagon/shared/imagenet512/val/n02483362/ILSVRC2012_val_00004753.JPEG,62,44.42194700241089,0.0009331703186035156,0.00441835301660098,0.9555915374558707,0.0,45837,0.994906,0.6710904836654663,0.043546974658966064,14
6302,/home/projects/bagon/shared/imagenet512/val/n07892512/ILSVRC2012_val_00020261.JPEG,62,65.08482503890991,0.0009293556213378906,0.00473454981351435,0.9712666515143523,0.0,45838,0.989581,0.6775258183479309,0.02788802981376648,22
6303,/home/projects/bagon/shared/imagenet512/val/n01774384/ILSVRC2012_val_00029029.JPEG,68,122.73405933380127,0.000995635986328125,0.0048283321868190735,0.9975456886900688,0.0,45839,0.992303,0.9474971294403076,0.0015205751406028867,25
6304,/home/projects/bagon/shared/imagenet512/val/n06794110/ILSVRC2012_val_00020350.JPEG,56,73.35803413391113,0.000995635986328125,0.004010700037674048,0.992469506423187,0.0,45840,0.996734,0.2853235900402069,0.006651340983808041,15
6305,/home/projects/bagon/shared/imagenet512/val/n03095699/ILSVRC2012_val_00043479.JPEG,85,82.46069812774658,0.0009737014770507812,0.005786836235594231,0.990345805283847,0.0,45841,0.979656,0.6631132960319519,0.008742683567106724,20
6306,/home/projects/bagon/shared/imagenet512/val/n02895154/ILSVRC2012_val_00030994.JPEG,44,11.582799911499023,0.0009851455688476562,0.0032524239290083676,0.5997625684714161,0.0,45842,0.996732,0.5197251439094543,0.3993696868419647,9
6307,/home/projects/bagon/shared/imagenet512/val/n04392985/ILSVRC2012_val_00008785.JPEG,47,22.117852210998535,0.0009374618530273438,0.0036958685454596078,0.8088364312326992,0.0,45843,0.996586,0.23196080327033997,0.19040395319461823,7
6308,/home/projects/bagon/shared/imagenet512/val/n03207941/ILSVRC2012_val_00044218.JPEG,40,44.40050554275513,0.0009436607360839844,0.0029427457530568444,0.9722512874904305,0.0,45844,0.997490,0.09793930500745773,0.026964418590068817,11
6309,/home/projects/bagon/shared/imagenet512/val/n01978287/ILSVRC2012_val_00028594.JPEG,59,51.091397285461426,0.0009403228759765625,0.004300539744609044,0.9632857021109037,0.0,45845,0.992144,0.34065020084381104,0.03586661443114281,17
6310,/home/projects/bagon/shared/imagenet512/val/n03710637/ILSVRC2012_val_00029104.JPEG,87,51.51310920715332,0.00092315673828125,0.006573937665650436,0.953029672795476,0.0,45846,0.990267,0.7306250333786011,0.046072736382484436,19
6311,/home/projects/bagon/shared/imagenet512/val/n03485794/ILSVRC2012_val_00036155.JPEG,36,33.24273109436035,0.0009174346923828125,0.0023622924050890138,0.9477969607848342,0.0,45847,0.998309,0.8543016910552979,0.051426809281110764,12
6312,/home/projects/bagon/shared/imagenet512/val/n02097474/ILSVRC2012_val_00014109.JPEG,52,39.46630001068115,0.0008306503295898438,0.004202193756458412,0.9209194925265013,0.0,45848,0.996108,0.5548574328422546,0.07833985984325409,15
6313,/home/projects/bagon/shared/imagenet512/val/n03891251/ILSVRC2012_val_00013082.JPEG,42,23.361552238464355,0.0009059906005859375,0.0031637827650235293,0.8683858836067914,0.0,45849,0.997660,0.17932146787643433,0.13080532848834991,8
6314,/home/projects/bagon/shared/imagenet512/val/n03498962/ILSVRC2012_val_00047210.JPEG,57,176.01342248916626,0.0007548332214355469,0.0044485526849851464,0.9990181093131628,0.0,45850,0.995543,0.5700517296791077,0.0004157226940151304,27
6315,/home/projects/bagon/shared/imagenet512/val/n12985857/ILSVRC2012_val_00035903.JPEG,54,70.90368175506592,0.0009183883666992188,0.003800543645586271,0.9869701579716521,0.0,45851,0.996358,0.32942456007003784,0.012193379923701286,18
6316,/home/projects/bagon/shared/imagenet512/val/n02641379/ILSVRC2012_val_00036245.JPEG,49,55.850911140441895,0.0008955001831054688,0.003606135104791067,0.9740338295757021,0.0,45852,0.995447,0.22427581250667572,0.025201311334967613,13
6317,/home/projects/bagon/shared/imagenet512/val/n07615774/ILSVRC2012_val_00047951.JPEG,67,217.14708614349365,0.0009326934814453125,0.004735852559165226,0.9990706821409998,0.0,45853,0.995357,0.9855698943138123,8.175516268238425e-05,33
6318,/home/projects/bagon/shared/imagenet512/val/n02992529/ILSVRC2012_val_00002114.JPEG,40,11.292832851409912,0.0008902549743652344,0.0032376722700032078,0.6332509202634269,0.0,45854,0.998059,0.3660043776035309,0.3660043776035309,0
6319,/home/projects/bagon/shared/imagenet512/val/n02002724/ILSVRC2012_val_00017388.JPEG,62,17.642574787139893,0.0009608268737792969,0.004223131753513873,0.7219199541797776,0.0,45856,0.994417,0.37690526247024536,0.27715158462524414,10
6320,/home/projects/bagon/shared/imagenet512/val/n03372029/ILSVRC2012_val_00044942.JPEG,64,86.89005708694458,0.0009751319885253906,0.004924953195709451,0.9914784321060404,0.0,45857,0.991647,0.8087254166603088,0.007643586490303278,23
6321,/home/projects/bagon/shared/imagenet512/val/n01755581/ILSVRC2012_val_00022486.JPEG,73,95.73228025436401,0.0009493827819824219,0.005514541409391272,0.9905510111957977,0.0,45858,0.993998,0.40547093749046326,0.008632374927401543,24
6322,/home/projects/bagon/shared/imagenet512/val/n09468604/ILSVRC2012_val_00037477.JPEG,53,4.003910064697266,0.0009918212890625,0.004160457490832251,0.26962218388300435,0.0,45859,0.991219,0.7295013666152954,0.7295013666152954,0
6323,/home/projects/bagon/shared/imagenet512/val/n04008634/ILSVRC2012_val_00023914.JPEG,76,26.661237716674805,0.0009851455688476562,0.005846597097477854,0.7419414429707705,0.0,45860,0.988156,0.6582686305046082,0.25716570019721985,15
6324,/home/projects/bagon/shared/imagenet512/val/n02979186/ILSVRC2012_val_00000557.JPEG,66,25.837849617004395,0.0009355545043945312,0.005295083377956392,0.8087354724971267,0.0,45861,0.993897,0.3780888020992279,0.19044940173625946,11
6325,/home/projects/bagon/shared/imagenet512/val/n04357314/ILSVRC2012_val_00001102.JPEG,41,27.620326042175293,0.0009765625,0.0031856055781140724,0.8571247457440514,0.0,45863,0.997176,0.7353494167327881,0.142124742269516,14
6326,/home/projects/bagon/shared/imagenet512/val/n04254777/ILSVRC2012_val_00013213.JPEG,53,83.4597053527832,0.0008945465087890625,0.003663699560740666,0.9920506483090987,0.0,45864,0.990828,0.09985112398862839,0.007141688838601112,18
6327,/home/projects/bagon/shared/imagenet512/val/n01773549/ILSVRC2012_val_00008352.JPEG,50,66.57806825637817,0.0009322166442871094,0.0037317941425115426,0.9859625846519495,0.0,45865,0.995450,0.9407865405082703,0.01320774294435978,20
6328,/home/projects/bagon/shared/imagenet512/val/n03220513/ILSVRC2012_val_00044722.JPEG,57,62.93277645111084,0.00098419189453125,0.004230436025218019,0.9822732253571563,0.0,45866,0.995234,0.9596758484840393,0.016854340210556984,19
6329,/home/projects/bagon/shared/imagenet512/val/n02504458/ILSVRC2012_val_00033832.JPEG,49,23.13758373260498,0.0009870529174804688,0.003909677708885973,0.837336354514592,0.0,45867,0.996668,0.7952863574028015,0.16176444292068481,13
6330,/home/projects/bagon/shared/imagenet512/val/n04336792/ILSVRC2012_val_00004166.JPEG,63,332.102303981781,0.0008330345153808594,0.004714413568835367,0.9992861975442964,0.0,45868,0.995368,0.9802600741386414,3.548988388502039e-06,38
6331,/home/projects/bagon/shared/imagenet512/val/n01728572/ILSVRC2012_val_00049017.JPEG,82,190.31750965118408,0.0009775161743164062,0.005781107126626082,0.9988224123578515,0.0,45869,0.992571,0.4044669568538666,0.0003176339960191399,29
6332,/home/projects/bagon/shared/imagenet512/val/n04347754/ILSVRC2012_val_00020107.JPEG,62,148.32741689682007,0.0009579658508300781,0.004414020465961254,0.9986142876404425,0.0,45870,0.994475,0.1915772557258606,0.0004979579243808985,25
6333,/home/projects/bagon/shared/imagenet512/val/n03476991/ILSVRC2012_val_00027282.JPEG,41,29.642978191375732,0.0009274482727050781,0.003069805761715518,0.8809663603654203,0.0,45871,0.996506,0.6963762044906616,0.11828387528657913,13
6334,/home/projects/bagon/shared/imagenet512/val/n04325704/ILSVRC2012_val_00047302.JPEG,51,85.34888648986816,0.0009355545043945312,0.0038338876565887975,0.9936281413407703,0.0,45872,0.995701,0.5960173606872559,0.005527857691049576,21
6335,/home/projects/bagon/shared/imagenet512/val/n02093256/ILSVRC2012_val_00034733.JPEG,46,12.677802562713623,0.0009303092956542969,0.003783409918225182,0.6503945940947935,0.0,45873,0.997098,0.6069327592849731,0.3487800359725952,9
6336,/home/projects/bagon/shared/imagenet512/val/n04548362/ILSVRC2012_val_00013857.JPEG,57,59.7573561668396,0.0008730888366699219,0.004587302631200828,0.9741956461193879,0.0,45874,0.997146,0.9629096388816833,0.02502509020268917,21
6337,/home/projects/bagon/shared/imagenet512/val/n04008634/ILSVRC2012_val_00009436.JPEG,78,14.872206687927246,0.0009832382202148438,0.006393654185294951,0.5588967894747303,0.0,45875,0.990703,0.4817674458026886,0.44021469354629517,6
6338,/home/projects/bagon/shared/imagenet512/val/n02109961/ILSVRC2012_val_00033758.JPEG,51,12.216215133666992,0.0009717941284179688,0.004147351409909704,0.6166315713247575,0.0,45876,0.996955,0.5769522190093994,0.3824765682220459,8
6339,/home/projects/bagon/shared/imagenet512/val/n02788148/ILSVRC2012_val_00039546.JPEG,42,42.43344259262085,0.0008454322814941406,0.003085410288790785,0.9439802970770015,0.0,45877,0.997338,0.44442635774612427,0.055336710065603256,12
6340,/home/projects/bagon/shared/imagenet512/val/n01729977/ILSVRC2012_val_00007710.JPEG,57,50.20059108734131,0.0009317398071289062,0.004451216939364626,0.9634320507593602,0.0,45878,0.995566,0.9439913034439087,0.03571845963597298,19
6341,/home/projects/bagon/shared/imagenet512/val/n03443371/ILSVRC2012_val_00020444.JPEG,78,249.36944913864136,0.0009341239929199219,0.005781481092385948,0.9991270258632294,0.0,45879,0.993280,0.5986543297767639,1.7350370399071835e-05,29
6342,/home/projects/bagon/shared/imagenet512/val/n04208210/ILSVRC2012_val_00040253.JPEG,59,108.65192461013794,0.0008721351623535156,0.004614834381066965,0.9944638978541924,0.0,45880,0.996213,0.21406255662441254,0.0047500706277787685,21
6343,/home/projects/bagon/shared/imagenet512/val/n03201208/ILSVRC2012_val_00032574.JPEG,72,102.8454999923706,0.0009107589721679688,0.0057718995805178955,0.9937820492624474,0.0,45881,0.992739,0.5783911347389221,0.0053750984370708466,24
6344,/home/projects/bagon/shared/imagenet512/val/n03773504/ILSVRC2012_val_00006868.JPEG,85,19.673715591430664,0.0009899139404296875,0.006752005993041212,0.6833628231713323,0.0,45882,0.991454,0.5550625920295715,0.31570592522621155,10
6345,/home/projects/bagon/shared/imagenet512/val/n03188531/ILSVRC2012_val_00039269.JPEG,47,71.49962043762207,0.000980377197265625,0.0035782704319768234,0.9878489321069428,0.0,45883,0.995873,0.5376611351966858,0.011272539384663105,18
6346,/home/projects/bagon/shared/imagenet512/val/n03481172/ILSVRC2012_val_00009152.JPEG,63,125.49566888809204,0.0009331703186035156,0.004774110695664852,0.9971861695175297,0.0,45884,0.997156,0.47829753160476685,0.00194404402282089,24
6347,/home/projects/bagon/shared/imagenet512/val/n04325704/ILSVRC2012_val_00042632.JPEG,67,83.90845680236816,0.00099945068359375,0.0055615848084243835,0.9863174405051413,0.0,45885,0.994888,0.1852758675813675,0.012765955179929733,21
6348,/home/projects/bagon/shared/imagenet512/val/n04553703/ILSVRC2012_val_00013534.JPEG,53,88.03625297546387,0.0009870529174804688,0.00431320080652863,0.9906317384705542,0.0,45886,0.993508,0.920242965221405,0.008525087498128414,25
6349,/home/projects/bagon/shared/imagenet512/val/n02361337/ILSVRC2012_val_00042013.JPEG,81,192.20585203170776,0.0009493827819824219,0.00587816052269225,0.9988013415728695,0.0,45888,0.989214,0.14231295883655548,0.0003231191076338291,30
6350,/home/projects/bagon/shared/imagenet512/val/n07742313/ILSVRC2012_val_00031019.JPEG,75,75.27641868591309,0.0009555816650390625,0.006006941318316883,0.9835054303878534,0.0,45889,0.990874,0.6301698684692383,0.01565421000123024,21
6351,/home/projects/bagon/shared/imagenet512/val/n04328186/ILSVRC2012_val_00000290.JPEG,51,42.37944936752319,0.0009570121765136719,0.004058909487992412,0.9482189435776741,0.0,45890,0.995637,0.8841701745986938,0.05095068737864494,16
6352,/home/projects/bagon/shared/imagenet512/val/n03976657/ILSVRC2012_val_00000334.JPEG,52,43.29350185394287,0.0008678436279296875,0.004119345656100329,0.9469498964448223,0.0,45891,0.996381,0.36823394894599915,0.052334945648908615,14
6353,/home/projects/bagon/shared/imagenet512/val/n02950826/ILSVRC2012_val_00041215.JPEG,67,120.97514724731445,0.0009660720825195312,0.004849064723894138,0.9978418502571551,0.0,45892,0.995335,0.23726718127727509,0.001243311446160078,22
6354,/home/projects/bagon/shared/imagenet512/val/n04254777/ILSVRC2012_val_00026534.JPEG,60,125.91787624359131,0.0009145736694335938,0.0045927988616106166,0.9973368200494624,0.0,45893,0.995648,0.11426537483930588,0.0019177430076524615,21
6355,/home/projects/bagon/shared/imagenet512/val/n02841315/ILSVRC2012_val_00013969.JPEG,64,144.71411037445068,0.0009679794311523438,0.005004247899397802,0.9979127455328056,0.0,45894,0.990992,0.6590505242347717,0.001224192907102406,27
6356,/home/projects/bagon/shared/imagenet512/val/n04133789/ILSVRC2012_val_00041654.JPEG,80,127.75500965118408,0.0009031295776367188,0.005903273517032713,0.9979441603858796,0.0,45895,0.995819,0.8187113404273987,0.0012611043639481068,25
6357,/home/projects/bagon/shared/imagenet512/val/n03929855/ILSVRC2012_val_00017885.JPEG,55,60.99315309524536,0.0008387565612792969,0.004369703173056713,0.972369983497003,0.0,45896,0.992007,0.8661907911300659,0.026929793879389763,20
6358,/home/projects/bagon/shared/imagenet512/val/n02190166/ILSVRC2012_val_00014356.JPEG,57,32.919318199157715,0.0009984970092773438,0.0038095496652042087,0.9373173933573322,0.0,45897,0.995843,0.2773382067680359,0.06175282225012779,11
6359,/home/projects/bagon/shared/imagenet512/val/n04026417/ILSVRC2012_val_00049451.JPEG,52,28.405944347381592,0.0008873939514160156,0.00410873739863879,0.8691068334641547,0.0,45898,0.997776,0.2773725092411041,0.13011038303375244,10
6360,/home/projects/bagon/shared/imagenet512/val/n02871525/ILSVRC2012_val_00013599.JPEG,64,102.12506103515625,0.0009822845458984375,0.004852388462732674,0.992047324703305,0.0,45899,0.988852,0.6348678469657898,0.007086212281137705,22
6361,/home/projects/bagon/shared/imagenet512/val/n03085013/ILSVRC2012_val_00018863.JPEG,66,14.621312618255615,0.0009160041809082031,0.005534931933112112,0.6478675286987056,0.0,45900,0.995615,0.3513064384460449,0.3513064384460449,0
6362,/home/projects/bagon/shared/imagenet512/val/n01729322/ILSVRC2012_val_00003071.JPEG,41,58.782129764556885,0.0009131431579589844,0.0030160856351803132,0.9863929570181363,0.0,45901,0.996796,0.8474143743515015,0.012887478806078434,15
6363,/home/projects/bagon/shared/imagenet512/val/n02114367/ILSVRC2012_val_00043363.JPEG,50,33.56883955001831,0.0009646415710449219,0.0038508512449804905,0.9375704158478713,0.0,45902,0.997266,0.3967338502407074,0.06156759336590767,12
6364,/home/projects/bagon/shared/imagenet512/val/n04591157/ILSVRC2012_val_00020606.JPEG,54,30.9548978805542,0.0009937286376953125,0.00441869110826658,0.8872259744606629,0.0,45903,0.994261,0.8187432289123535,0.1118859276175499,15
6365,/home/projects/bagon/shared/imagenet512/val/n02113624/ILSVRC2012_val_00018755.JPEG,65,73.93164873123169,0.0009474754333496094,0.005023117763361401,0.9851464082751801,0.0,45904,0.992236,0.7035009860992432,0.013999042101204395,19
6366,/home/projects/bagon/shared/imagenet512/val/n04429376/ILSVRC2012_val_00046304.JPEG,37,14.750217914581299,0.0009360313415527344,0.0024055616502661557,0.765354320007676,0.0,45905,0.997946,0.23382031917572021,0.23382031917572021,0
6367,/home/projects/bagon/shared/imagenet512/val/n04275548/ILSVRC2012_val_00045648.JPEG,78,8.598289489746094,0.0009746551513671875,0.005712280108560503,0.5002436170559866,0.0,45907,0.991445,0.49884170293807983,0.49884170293807983,0
6368,/home/projects/bagon/shared/imagenet512/val/n04005630/ILSVRC2012_val_00031106.JPEG,39,27.169742107391357,0.0008912086486816406,0.003005242537042977,0.8777227192265316,0.0,45908,0.997872,0.44984525442123413,0.12157463282346725,11
6369,/home/projects/bagon/shared/imagenet512/val/n07920052/ILSVRC2012_val_00006067.JPEG,67,102.65303897857666,0.0009794235229492188,0.005449431433171548,0.9941008978772857,0.0,45909,0.995745,0.20074230432510376,0.005023833364248276,23
6370,/home/projects/bagon/shared/imagenet512/val/n03692522/ILSVRC2012_val_00021030.JPEG,69,101.07585763931274,0.0008740425109863281,0.00549184992921719,0.992924062249546,0.0,45910,0.992267,0.20037683844566345,0.006300490815192461,19
6371,/home/projects/bagon/shared/imagenet512/val/n03498962/ILSVRC2012_val_00030655.JPEG,70,171.77371740341187,0.0009245872497558594,0.005698756812436873,0.9987067427182913,0.0,45911,0.989287,0.39626333117485046,0.0005711557460017502,27
6372,/home/projects/bagon/shared/imagenet512/val/n04265275/ILSVRC2012_val_00013439.JPEG,49,43.629698753356934,0.0009517669677734375,0.004003859649715421,0.956787450597486,0.0,45912,0.997478,0.40474992990493774,0.042395465075969696,13
6373,/home/projects/bagon/shared/imagenet512/val/n03710637/ILSVRC2012_val_00000184.JPEG,80,41.17538785934448,0.0009741783142089844,0.006336885880392009,0.9024024298998222,0.0,45913,0.994107,0.40628114342689514,0.09666913747787476,15
6374,/home/projects/bagon/shared/imagenet512/val/n04479046/ILSVRC2012_val_00047064.JPEG,57,45.054465770721436,0.0009188652038574219,0.004319031570110967,0.9582884193018983,0.0,45914,0.995677,0.49234235286712646,0.04085449501872063,14
6375,/home/projects/bagon/shared/imagenet512/val/n03141823/ILSVRC2012_val_00040956.JPEG,70,69.9163384437561,0.0009713172912597656,0.0054132233402732184,0.9785047134685164,0.0,45915,0.993855,0.6539517641067505,0.020612604916095734,18
6376,/home/projects/bagon/shared/imagenet512/val/n02094258/ILSVRC2012_val_00043451.JPEG,52,39.727699756622314,0.0008692741394042969,0.004179651185286254,0.9311655885158419,0.0,45916,0.996771,0.27481842041015625,0.06810066103935242,14
6377,/home/projects/bagon/shared/imagenet512/val/n03207941/ILSVRC2012_val_00040127.JPEG,50,43.20044183731079,0.0009360313415527344,0.0038323046916642,0.9484729236805178,0.0,45917,0.995809,0.5111891627311707,0.05072314664721489,14
6378,/home/projects/bagon/shared/imagenet512/val/n02978881/ILSVRC2012_val_00014469.JPEG,59,51.78156614303589,0.0009055137634277344,0.004436026153805426,0.9707925983261194,0.0,45918,0.994528,0.32298561930656433,0.028362568467855453,16
6379,/home/projects/bagon/shared/imagenet512/val/n04238763/ILSVRC2012_val_00001599.JPEG,65,72.51513862609863,0.0009784698486328125,0.005014075032271156,0.9835098131500776,0.0,45919,0.991074,0.6627144813537598,0.015573307871818542,19
6380,/home/projects/bagon/shared/imagenet512/val/n04487394/ILSVRC2012_val_00012290.JPEG,89,13.158024311065674,0.0009627342224121094,0.006649138037095102,0.5367887762965304,0.0,45920,0.983097,0.4622829258441925,0.4622829258441925,0
6381,/home/projects/bagon/shared/imagenet512/val/n04532106/ILSVRC2012_val_00014166.JPEG,60,92.66413974761963,0.0009775161743164062,0.004313703861315406,0.9959873200386372,0.0,45923,0.987867,0.7524048686027527,0.003119452390819788,21
6382,/home/projects/bagon/shared/imagenet512/val/n03793489/ILSVRC2012_val_00000803.JPEG,56,10.816329956054688,0.0009851455688476562,0.004481587481257062,0.5675934398519099,0.0,45924,0.994922,0.5167765617370605,0.43153712153434753,7
6383,/home/projects/bagon/shared/imagenet512/val/n03903868/ILSVRC2012_val_00020223.JPEG,60,29.459585666656494,0.0008549690246582031,0.004871717582905104,0.8515998500539192,0.0,45925,0.994550,0.24377693235874176,0.1476544588804245,9
6384,/home/projects/bagon/shared/imagenet512/val/n01775062/ILSVRC2012_val_00006378.JPEG,53,24.183818340301514,0.0008978843688964844,0.004048199651466315,0.861852501981974,0.0,45926,0.995306,0.3267572820186615,0.1373482346534729,10
6385,/home/projects/bagon/shared/imagenet512/val/n04591157/ILSVRC2012_val_00048707.JPEG,57,19.96610736846924,0.00098419189453125,0.0046150967782988325,0.7636769924546806,0.0,45927,0.995979,0.23541498184204102,0.23541498184204102,0
6386,/home/projects/bagon/shared/imagenet512/val/n03920288/ILSVRC2012_val_00023452.JPEG,49,77.55483770370483,0.0009303092956542969,0.003424065701534906,0.9953072229407366,0.0,45929,0.995437,0.966444730758667,0.0038549089804291725,16
6387,/home/projects/bagon/shared/imagenet512/val/n02776631/ILSVRC2012_val_00022863.JPEG,63,35.070701599121094,0.0009031295776367188,0.00499946938647742,0.8971417160168853,0.0,45930,0.993792,0.7053471803665161,0.10205161571502686,15
6388,/home/projects/bagon/shared/imagenet512/val/n03777754/ILSVRC2012_val_00029230.JPEG,57,82.20609283447266,0.0009813308715820312,0.004459035277225702,0.9859923165344886,0.0,45931,0.996698,0.40075021982192993,0.013194957748055458,21
6389,/home/projects/bagon/shared/imagenet512/val/n02909870/ILSVRC2012_val_00000226.JPEG,43,65.31467151641846,0.000980377197265625,0.003253864489429339,0.986680517279424,0.0,45932,0.996946,0.9271985292434692,0.012494299560785294,19
6390,/home/projects/bagon/shared/imagenet512/val/n04592741/ILSVRC2012_val_00036435.JPEG,56,45.11980152130127,0.0009298324584960938,0.004306301514479366,0.9398845535920299,0.0,45933,0.996084,0.8727073669433594,0.05931219831109047,17
6391,/home/projects/bagon/shared/imagenet512/val/n04229816/ILSVRC2012_val_00033073.JPEG,50,59.758042335510254,0.0009298324584960938,0.0038799447935059846,0.984940625095353,0.0,45934,0.997215,0.44309401512145996,0.0142438355833292,16
6392,/home/projects/bagon/shared/imagenet512/val/n07695742/ILSVRC2012_val_00013996.JPEG,44,48.50429153442383,0.0008668899536132812,0.0032716627521910085,0.9611381113569649,0.0,45935,0.996068,0.18855392932891846,0.03810479864478111,14
6393,/home/projects/bagon/shared/imagenet512/val/n01693334/ILSVRC2012_val_00018857.JPEG,60,41.418344497680664,0.0009403228759765625,0.0047059481709761505,0.9354279373542291,0.0,45936,0.994748,0.891126811504364,0.06373900920152664,17
6394,/home/projects/bagon/shared/imagenet512/val/n01694178/ILSVRC2012_val_00001375.JPEG,51,24.647847175598145,0.0009937286376953125,0.003759832367417114,0.8671659792155777,0.0,45937,0.996373,0.44219812750816345,0.1318977028131485,10
6395,/home/projects/bagon/shared/imagenet512/val/n04435653/ILSVRC2012_val_00044409.JPEG,71,81.77906036376953,0.0009975433349609375,0.004812858656377258,0.9938709914564267,0.0,45938,0.995362,0.16196772456169128,0.005193652119487524,16
6396,/home/projects/bagon/shared/imagenet512/val/n02106662/ILSVRC2012_val_00022209.JPEG,57,85.06785583496094,0.0009517669677734375,0.004333677062769618,0.9939159660577742,0.0,45940,0.995564,0.4692973792552948,0.005235472694039345,21
6397,/home/projects/bagon/shared/imagenet512/val/n03347037/ILSVRC2012_val_00026804.JPEG,45,64.5194239616394,0.0009684562683105469,0.003082460659975821,0.9922642715117311,0.0,45941,0.997067,0.7927316427230835,0.00685094203799963,15
6398,/home/projects/bagon/shared/imagenet512/val/n03627232/ILSVRC2012_val_00002377.JPEG,52,92.55321407318115,0.0009889602661132812,0.003927473643921121,0.9936989157564076,0.0,45942,0.992884,0.2162008285522461,0.005426117219030857,17
6399,/home/projects/bagon/shared/imagenet512/val/n02110063/ILSVRC2012_val_00000729.JPEG,43,37.390546798706055,0.0008401870727539062,0.0035840677415198406,0.9407221574014047,0.0,45943,0.997794,0.7848771810531616,0.05855157598853111,15
6400,/home/projects/bagon/shared/imagenet512/val/n04147183/ILSVRC2012_val_00015783.JPEG,47,20.773805618286133,0.00098419189453125,0.0033624387021751016,0.7890038652017519,0.0,45944,0.997016,0.7545686364173889,0.21010883152484894,12
6401,/home/projects/bagon/shared/imagenet512/val/n01753488/ILSVRC2012_val_00033125.JPEG,58,14.892610549926758,0.00095367431640625,0.004576177758752275,0.6387297315412146,0.0,45945,0.995817,0.5503917932510376,0.36042842268943787,9
6402,/home/projects/bagon/shared/imagenet512/val/n03871628/ILSVRC2012_val_00028843.JPEG,46,34.45616817474365,0.0009069442749023438,0.0035468065880981596,0.9121257366550936,0.0,45946,0.998049,0.5576064586639404,0.08708696812391281,13
6403,/home/projects/bagon/shared/imagenet512/val/n01978455/ILSVRC2012_val_00014921.JPEG,48,49.83670997619629,0.0009489059448242188,0.003681768203332961,0.9619149490487781,0.0,45947,0.997122,0.38196054100990295,0.03727554902434349,14
6404,/home/projects/bagon/shared/imagenet512/val/n03710721/ILSVRC2012_val_00031620.JPEG,70,43.3313627243042,0.000980377197265625,0.005498418889477053,0.9312506012640965,0.0,45949,0.994943,0.8586891293525696,0.06781092286109924,18
6405,/home/projects/bagon/shared/imagenet512/val/n03045698/ILSVRC2012_val_00023868.JPEG,44,46.18141460418701,0.0009927749633789062,0.0034849231650586872,0.9530591920879598,0.0,45950,0.997491,0.15560732781887054,0.04608606919646263,12
6406,/home/projects/bagon/shared/imagenet512/val/n03271574/ILSVRC2012_val_00026921.JPEG,64,120.05193138122559,0.0009899139404296875,0.004085329703843947,0.9980568454823582,0.0,45952,0.996839,0.9073466062545776,0.0010370215168222785,21
6407,/home/projects/bagon/shared/imagenet512/val/n02444819/ILSVRC2012_val_00016665.JPEG,70,72.7329044342041,0.000942230224609375,0.0051047773271365015,0.9884162915869986,0.0,45953,0.995566,0.2997548282146454,0.01074783131480217,18
6408,/home/projects/bagon/shared/imagenet512/val/n04228054/ILSVRC2012_val_00047702.JPEG,52,42.11015033721924,0.0009794235229492188,0.003975040182354381,0.9300534505405446,0.0,45954,0.996068,0.9005158543586731,0.06916327029466629,19
6409,/home/projects/bagon/shared/imagenet512/val/n02769748/ILSVRC2012_val_00036510.JPEG,57,25.211767196655273,0.0009937286376953125,0.004497569688032664,0.8253460208789583,0.0,45955,0.993019,0.6562573313713074,0.17376838624477386,13
6410,/home/projects/bagon/shared/imagenet512/val/n02093428/ILSVRC2012_val_00039832.JPEG,54,81.53519773483276,0.0009722709655761719,0.004183875493511303,0.9925912360943212,0.0,45956,0.995513,0.8529248237609863,0.006591530051082373,19
6411,/home/projects/bagon/shared/imagenet512/val/n03838899/ILSVRC2012_val_00004639.JPEG,47,45.414011001586914,0.0009317398071289062,0.003330690458264189,0.965717046727294,0.0,45957,0.997718,0.9060872197151184,0.03344039246439934,15
6412,/home/projects/bagon/shared/imagenet512/val/n01981276/ILSVRC2012_val_00004965.JPEG,48,14.987773418426514,0.0009188652038574219,0.003821337750572785,0.6610686202528625,0.0,45958,0.996723,0.5303817391395569,0.3381272852420807,10
6413,/home/projects/bagon/shared/imagenet512/val/n02490219/ILSVRC2012_val_00006219.JPEG,39,12.797415733337402,0.0009765625,0.0031361201467084753,0.6814809460049924,0.0,45959,0.997788,0.31768518686294556,0.31768518686294556,0
6414,/home/projects/bagon/shared/imagenet512/val/n01753488/ILSVRC2012_val_00016066.JPEG,62,34.78289842605591,0.0009150505065917969,0.004647805672616535,0.9104021793370697,0.0,45960,0.996463,0.7578213810920715,0.08879251778125763,15
6415,/home/projects/bagon/shared/imagenet512/val/n03933933/ILSVRC2012_val_00045336.JPEG,58,101.77107858657837,0.0008454322814941406,0.004552007952304855,0.995719795006798,0.0,45961,0.994550,0.6452880501747131,0.0035393263678997755,22
6416,/home/projects/bagon/shared/imagenet512/val/n03710637/ILSVRC2012_val_00026276.JPEG,81,22.666308879852295,0.0009102821350097656,0.006290603374231821,0.7344430566522938,0.0,45962,0.989660,0.4669497311115265,0.2647067904472351,11
6417,/home/projects/bagon/shared/imagenet512/val/n15075141/ILSVRC2012_val_00014649.JPEG,34,6.6797990798950195,0.000942230224609375,0.0025908788352024753,0.46803628903132144,0.0,45963,0.997401,0.5311400890350342,0.5311400890350342,0
6418,/home/projects/bagon/shared/imagenet512/val/n02749479/ILSVRC2012_val_00042983.JPEG,68,13.691385269165039,0.0009946823120117188,0.005843388185098403,0.5628451173312925,0.0,45964,0.994725,0.47172433137893677,0.4362833797931671,5
6419,/home/projects/bagon/shared/imagenet512/val/n04004767/ILSVRC2012_val_00008544.JPEG,57,48.052433013916016,0.000888824462890625,0.004371240011470106,0.9629444867325182,0.0,45965,0.994321,0.920738160610199,0.03624475747346878,17
6420,/home/projects/bagon/shared/imagenet512/val/n03920288/ILSVRC2012_val_00026927.JPEG,56,165.19484329223633,0.0009288787841796875,0.004406591227506287,0.9989716800000362,0.0,45966,0.993217,0.13940590620040894,0.00024734216276556253,23
6421,/home/projects/bagon/shared/imagenet512/val/n03014705/ILSVRC2012_val_00037817.JPEG,46,15.991496562957764,0.0009675025939941406,0.0033868324474034166,0.7806083795975491,0.0,45968,0.997267,0.21851269900798798,0.21851269900798798,0
6422,/home/projects/bagon/shared/imagenet512/val/n03947888/ILSVRC2012_val_00006118.JPEG,57,19.50810432434082,0.0009031295776367188,0.0045123250894075016,0.7944866051317828,0.0,45970,0.997167,0.7298318147659302,0.2047039419412613,11
6423,/home/projects/bagon/shared/imagenet512/val/n04296562/ILSVRC2012_val_00031263.JPEG,41,25.717984676361084,0.0008845329284667969,0.003049582979252355,0.852343301845509,0.0,45971,0.997312,0.14696083962917328,0.14696083962917328,0
6424,/home/projects/bagon/shared/imagenet512/val/n04192698/ILSVRC2012_val_00025337.JPEG,42,61.59201097488403,0.0008254051208496094,0.0032938630563378083,0.9861586745742126,0.0,45972,0.997300,0.23007352650165558,0.013174575753509998,14
6425,/home/projects/bagon/shared/imagenet512/val/n03642806/ILSVRC2012_val_00005001.JPEG,71,29.630290508270264,0.0008816719055175781,0.005847597070888082,0.8181609956068405,0.0,45973,0.989839,0.7150490283966064,0.18105576932430267,16
6426,/home/projects/bagon/shared/imagenet512/val/n02229544/ILSVRC2012_val_00026590.JPEG,52,30.434237957000732,0.0009217262268066406,0.004019665657269068,0.8703966506366244,0.0,45974,0.997240,0.3609919846057892,0.1288609653711319,13
6427,/home/projects/bagon/shared/imagenet512/val/n02108000/ILSVRC2012_val_00041093.JPEG,51,36.47985887527466,0.0008940696716308594,0.004028731849396298,0.9335410080129086,0.0,45975,0.997022,0.8305726051330566,0.06571198254823685,15
6428,/home/projects/bagon/shared/imagenet512/val/n02422106/ILSVRC2012_val_00014740.JPEG,87,87.27068376541138,0.0009608268737792969,0.006121377795245544,0.9898853856632904,0.0,45976,0.992060,0.4769606292247772,0.009202983230352402,24
6429,/home/projects/bagon/shared/imagenet512/val/n03838899/ILSVRC2012_val_00023184.JPEG,77,112.82914590835571,0.0009417533874511719,0.0059044290867931535,0.9951450149717893,0.0,45977,0.989551,0.4416488707065582,0.004022629931569099,27
6430,/home/projects/bagon/shared/imagenet512/val/n03724870/ILSVRC2012_val_00038854.JPEG,40,80.6505651473999,0.0009431838989257812,0.002853524840292332,0.99572891102066,0.0,45978,0.996188,0.2397298812866211,0.003482151310890913,16
6431,/home/projects/bagon/shared/imagenet512/val/n04154565/ILSVRC2012_val_00010044.JPEG,94,160.6023712158203,0.0009927749633789062,0.007462073619696805,0.9969773500667091,0.0,45979,0.989251,0.39705726504325867,0.0021485507022589445,32
6432,/home/projects/bagon/shared/imagenet512/val/n04476259/ILSVRC2012_val_00042785.JPEG,43,32.95828056335449,0.0007848739624023438,0.0034893637556270064,0.9161541678593192,0.0,45980,0.998204,0.5791069865226746,0.08317874372005463,13
6433,/home/projects/bagon/shared/imagenet512/val/n02107574/ILSVRC2012_val_00007071.JPEG,68,117.07036399841309,0.0008697509765625,0.005453624351610736,0.9971491493373169,0.0,45981,0.995261,0.6360489726066589,0.0020554724615067244,23
6434,/home/projects/bagon/shared/imagenet512/val/n03782006/ILSVRC2012_val_00028687.JPEG,72,41.955756187438965,0.0009136199951171875,0.005888692219681166,0.8934960079725679,0.0,45982,0.991724,0.29298216104507446,0.10569600760936737,13
6435,/home/projects/bagon/shared/imagenet512/val/n02776631/ILSVRC2012_val_00014946.JPEG,70,120.58146572113037,0.000980377197265625,0.005303255622590288,0.9963780096280599,0.0,45983,0.993947,0.437736451625824,0.002735078101977706,22
6436,/home/projects/bagon/shared/imagenet512/val/n03141823/ILSVRC2012_val_00022939.JPEG,44,18.673641204833984,0.0009431838989257812,0.0033348680606339475,0.7635071319532852,0.0,45984,0.996883,0.3374113142490387,0.2356816679239273,9
6437,/home/projects/bagon/shared/imagenet512/val/n02018207/ILSVRC2012_val_00034172.JPEG,72,114.76541042327881,0.0009489059448242188,0.0049930714079787965,0.9980917852656537,0.0,45985,0.994243,0.9387071132659912,0.001017435803078115,22
6438,/home/projects/bagon/shared/imagenet512/val/n03895866/ILSVRC2012_val_00014820.JPEG,52,16.332426071166992,0.0009984970092773438,0.0036347597168657013,0.7145723324125822,0.0,45986,0.994992,0.3379676938056946,0.284491628408432,10
6439,/home/projects/bagon/shared/imagenet512/val/n02088364/ILSVRC2012_val_00017873.JPEG,66,65.62090253829956,0.0008559226989746094,0.005095960006100752,0.9769674138606024,0.0,45987,0.993689,0.4684411883354187,0.02224479615688324,19
6440,/home/projects/bagon/shared/imagenet512/val/n02110185/ILSVRC2012_val_00013150.JPEG,57,28.622358798980713,0.0008893013000488281,0.004545732822710949,0.869951581786869,0.0,45988,0.996102,0.8243649005889893,0.12925702333450317,14
6441,/home/projects/bagon/shared/imagenet512/val/n03998194/ILSVRC2012_val_00042119.JPEG,42,8.84323787689209,0.0009851455688476562,0.0031638547133062537,0.5521024769236675,0.0,45989,0.998111,0.4470018446445465,0.4470018446445465,0
6442,/home/projects/bagon/shared/imagenet512/val/n02895154/ILSVRC2012_val_00048989.JPEG,51,15.361661434173584,0.0009474754333496094,0.0038732831572200494,0.6653188118457414,0.0,45990,0.995724,0.5875742435455322,0.3338482081890106,10
6443,/home/projects/bagon/shared/imagenet512/val/n04560804/ILSVRC2012_val_00049951.JPEG,57,18.22915029525757,0.0008931159973144531,0.004514707723300094,0.7414468889968641,0.0,45991,0.995069,0.6627529859542847,0.2577384114265442,11
6444,/home/projects/bagon/shared/imagenet512/val/n02098286/ILSVRC2012_val_00030961.JPEG,57,46.94779682159424,0.0008945465087890625,0.004436254861645253,0.9607804672129631,0.0,45992,0.994746,0.8028092980384827,0.03840404376387596,16
6445,/home/projects/bagon/shared/imagenet512/val/n01514859/ILSVRC2012_val_00004183.JPEG,45,29.762150287628174,0.0009083747863769531,0.0034245675805384306,0.8964437973624856,0.0,45993,0.996506,0.8460277318954468,0.10276717692613602,14
6446,/home/projects/bagon/shared/imagenet512/val/n07697537/ILSVRC2012_val_00046213.JPEG,111,208.79174327850342,0.0009965896606445312,0.008272482313004283,0.9984028673792711,0.0,45994,0.990461,0.5289443135261536,0.0006747580482624471,33
6447,/home/projects/bagon/shared/imagenet512/val/n04376876/ILSVRC2012_val_00019899.JPEG,74,149.96096754074097,0.0008873939514160156,0.005697538866641194,0.9979834915174337,0.0,45995,0.988002,0.674584686756134,0.0012575197033584118,28
6448,/home/projects/bagon/shared/imagenet512/val/n04485082/ILSVRC2012_val_00024877.JPEG,44,61.61490440368652,0.0009613037109375,0.003385129584807926,0.98227427849881,0.0,45996,0.995435,0.8576174974441528,0.016879843547940254,19
6449,/home/projects/bagon/shared/imagenet512/val/n03126707/ILSVRC2012_val_00006428.JPEG,45,12.599503517150879,0.0009508132934570312,0.0032533496325853543,0.6424260592921385,0.0,45997,0.997172,0.3964643180370331,0.3567517101764679,8
6450,/home/projects/bagon/shared/imagenet512/val/n07717556/ILSVRC2012_val_00012757.JPEG,51,4.431600570678711,0.000942230224609375,0.003739349741009796,0.3419761628167215,0.0,45998,0.997423,0.6571637988090515,0.6571637988090515,0
6451,/home/projects/bagon/shared/imagenet512/val/n03481172/ILSVRC2012_val_00045767.JPEG,50,42.96657609939575,0.0009102821350097656,0.0038123929715689164,0.9455856925453604,0.0,45999,0.996711,0.224624902009964,0.05360633507370949,13
6452,/home/projects/bagon/shared/imagenet512/val/n12998815/ILSVRC2012_val_00016330.JPEG,66,31.105239391326904,0.0009369850158691406,0.0053130617610139715,0.8760758995387621,0.0,46000,0.994939,0.6490388512611389,0.123051717877388,12
6453,/home/projects/bagon/shared/imagenet512/val/n03400231/ILSVRC2012_val_00033419.JPEG,51,28.542595863342285,0.0009431838989257812,0.004080461015205196,0.8524341582069886,0.0,46001,0.996683,0.7728517055511475,0.14672359824180603,15
6454,/home/projects/bagon/shared/imagenet512/val/n04008634/ILSVRC2012_val_00032572.JPEG,85,36.80306816101074,0.0009908676147460938,0.006806052431807295,0.8632726348655094,0.0,46002,0.988324,0.26763346791267395,0.13582134246826172,16
6455,/home/projects/bagon/shared/imagenet512/val/n02107908/ILSVRC2012_val_00044462.JPEG,44,21.044919967651367,0.00091552734375,0.003674256466400753,0.8224094275693355,0.0,46003,0.997161,0.44597914814949036,0.17682957649230957,10
6456,/home/projects/bagon/shared/imagenet512/val/n04591713/ILSVRC2012_val_00035740.JPEG,57,18.854413509368896,0.0009617805480957031,0.004515870497592069,0.7428365836056243,0.0,46004,0.993218,0.6911066770553589,0.2563146948814392,12
6457,/home/projects/bagon/shared/imagenet512/val/n02096294/ILSVRC2012_val_00029691.JPEG,47,82.12315511703491,0.0009198188781738281,0.0035935960239882126,0.9936645440987988,0.0,46005,0.997406,0.5744556784629822,0.00554601801559329,20
6458,/home/projects/bagon/shared/imagenet512/val/n02415577/ILSVRC2012_val_00022966.JPEG,57,23.970348358154297,0.0009975433349609375,0.004488802108890123,0.7992523900369207,0.0,46006,0.996885,0.7440071702003479,0.19981564581394196,14
6459,/home/projects/bagon/shared/imagenet512/val/n02233338/ILSVRC2012_val_00021514.JPEG,54,65.75928068161011,0.0009274482727050781,0.0036180477614181136,0.9914687568087375,0.0,46007,0.997980,0.7588255405426025,0.007676329929381609,17
6460,/home/projects/bagon/shared/imagenet512/val/n03394916/ILSVRC2012_val_00003587.JPEG,61,59.17059803009033,0.0009613037109375,0.004596503630575106,0.979090708382449,0.0,46008,0.993281,0.8775145411491394,0.02001013793051243,19
6461,/home/projects/bagon/shared/imagenet512/val/n02910353/ILSVRC2012_val_00028179.JPEG,52,153.81213188171387,0.0007839202880859375,0.0040773994767541386,0.9989762753142581,0.0,46009,0.993845,0.5565213561058044,0.00047957454808056355,25
6462,/home/projects/bagon/shared/imagenet512/val/n01914609/ILSVRC2012_val_00031110.JPEG,54,70.43625354766846,0.0009946823120117188,0.003604493444562694,0.9941525410274942,0.0,46010,0.995912,0.9785712361335754,0.004959557205438614,18
6463,/home/projects/bagon/shared/imagenet512/val/n03527444/ILSVRC2012_val_00005443.JPEG,74,103.17203378677368,0.0008702278137207031,0.005874495299721447,0.9912813574612436,0.0,46011,0.990603,0.17993691563606262,0.007956485264003277,26
6464,/home/projects/bagon/shared/imagenet512/val/n02091244/ILSVRC2012_val_00001137.JPEG,88,99.15876770019531,0.0009984970092773438,0.006084700725000762,0.9927033178063385,0.0,46012,0.992111,0.06281775236129761,0.006364777684211731,21
6465,/home/projects/bagon/shared/imagenet512/val/n03724870/ILSVRC2012_val_00002798.JPEG,77,95.84989595413208,0.0008692741394042969,0.006114915474809674,0.991288847663533,0.0,46013,0.993454,0.6563434600830078,0.007930312305688858,22
6466,/home/projects/bagon/shared/imagenet512/val/n03763968/ILSVRC2012_val_00044291.JPEG,58,110.98824548721313,0.0009322166442871094,0.004357711988624273,0.997844148753487,0.0,46014,0.996028,0.49515634775161743,0.0013282959116622806,20
6467,/home/projects/bagon/shared/imagenet512/val/n03676483/ILSVRC2012_val_00019870.JPEG,60,104.77110576629639,0.0009050369262695312,0.004614282043436718,0.9968287136425382,0.0,46015,0.990181,0.4104683995246887,0.0023692080285400152,21
6468,/home/projects/bagon/shared/imagenet512/val/n04090263/ILSVRC2012_val_00021492.JPEG,65,92.82038021087646,0.0009126663208007812,0.005398410828809125,0.9910090361371486,0.0,46016,0.990694,0.18778476119041443,0.008249853737652302,20
6469,/home/projects/bagon/shared/imagenet512/val/n03761084/ILSVRC2012_val_00001614.JPEG,59,87.41877460479736,0.0009660720825195312,0.004843235920738906,0.9886468275881868,0.0,46017,0.994900,0.9347197413444519,0.010526559315621853,27
6470,/home/projects/bagon/shared/imagenet512/val/n02403003/ILSVRC2012_val_00039271.JPEG,54,49.21488809585571,0.0008673667907714844,0.0041632626272647185,0.9113323655704937,0.0,46018,0.995950,0.6234495043754578,0.08791348338127136,21
6471,/home/projects/bagon/shared/imagenet512/val/n02091467/ILSVRC2012_val_00017193.JPEG,74,44.336050033569336,0.0009927749633789062,0.005772392950846378,0.9448785984631127,0.0,46019,0.993531,0.5306257605552673,0.05417509749531746,17
6472,/home/projects/bagon/shared/imagenet512/val/n03125729/ILSVRC2012_val_00038317.JPEG,30,6.419579029083252,0.0009541511535644531,0.0023338716592444654,0.5045910517800656,0.0,46020,0.998203,0.4946095645427704,0.4946095645427704,0
6473,/home/projects/bagon/shared/imagenet512/val/n04081281/ILSVRC2012_val_00022454.JPEG,50,62.17057514190674,0.0009832382202148438,0.0037856807955246765,0.9811094812945595,0.0,46021,0.995697,0.26529979705810547,0.018032439053058624,16
6474,/home/projects/bagon/shared/imagenet512/val/n02011460/ILSVRC2012_val_00024007.JPEG,72,118.67118501663208,0.0009055137634277344,0.0055757227946031775,0.9962377110977058,0.0,46022,0.994331,0.16629838943481445,0.002949947491288185,25
6475,/home/projects/bagon/shared/imagenet512/val/n04560804/ILSVRC2012_val_00011758.JPEG,54,35.25700855255127,0.0008897781372070312,0.004263964585448509,0.9121755987025447,0.0,46023,0.996589,0.6553365588188171,0.0870501697063446,15
6476,/home/projects/bagon/shared/imagenet512/val/n03930630/ILSVRC2012_val_00039963.JPEG,59,103.03190612792969,0.0009098052978515625,0.004519059593151295,0.9945443899916919,0.0,46024,0.994430,0.559844434261322,0.004734421148896217,20
6477,/home/projects/bagon/shared/imagenet512/val/n03787032/ILSVRC2012_val_00028732.JPEG,56,23.152428150177002,0.0009398460388183594,0.004370586551620834,0.793422392721121,0.0,46025,0.991972,0.7325530648231506,0.20570646226406097,14
6478,/home/projects/bagon/shared/imagenet512/val/n01632458/ILSVRC2012_val_00010675.JPEG,44,4.547898769378662,0.0008921623229980469,0.0035527007055854106,0.3315798689276488,0.0,46026,0.996285,0.6676228046417236,0.6676228046417236,0
6479,/home/projects/bagon/shared/imagenet512/val/n04392985/ILSVRC2012_val_00041808.JPEG,76,39.65784692764282,0.0009026527404785156,0.00605907148344901,0.8914548699475382,0.0,46027,0.995678,0.5972440242767334,0.10772036015987396,18
6480,/home/projects/bagon/shared/imagenet512/val/n01685808/ILSVRC2012_val_00010887.JPEG,55,19.27765655517578,0.0009212493896484375,0.003953795570179522,0.8022396428672971,0.0,46028,0.995604,0.37478697299957275,0.19693118333816528,9
6481,/home/projects/bagon/shared/imagenet512/val/n07584110/ILSVRC2012_val_00030584.JPEG,50,25.67680835723877,0.0009756088256835938,0.0038684256419864614,0.8708758853469765,0.0,46029,0.996577,0.7173765301704407,0.12827925384044647,12
6482,/home/projects/bagon/shared/imagenet512/val/n01990800/ILSVRC2012_val_00014138.JPEG,82,237.76538515090942,0.0009093284606933594,0.005926204158110854,0.998907460342356,0.0,46030,0.992147,0.5085875988006592,0.00036564114270731807,37
6483,/home/projects/bagon/shared/imagenet512/val/n03775071/ILSVRC2012_val_00015151.JPEG,69,90.65403938293457,0.000972747802734375,0.004775954803280256,0.9966395069891858,0.0,46031,0.994167,0.5800954103469849,0.002454835921525955,18
6484,/home/projects/bagon/shared/imagenet512/val/n02808440/ILSVRC2012_val_00030761.JPEG,83,162.04932308197021,0.000934600830078125,0.005964820895245796,0.998425578561664,0.0,46032,0.991021,0.26420605182647705,0.0007078309427015483,27
6485,/home/projects/bagon/shared/imagenet512/val/n03998194/ILSVRC2012_val_00015241.JPEG,51,10.987846374511719,0.000934600830078125,0.0037740654022357066,0.5916118382977932,0.0,46033,0.996387,0.453062504529953,0.40751901268959045,9
6486,/home/projects/bagon/shared/imagenet512/val/n02871525/ILSVRC2012_val_00041323.JPEG,71,101.531494140625,0.0009593963623046875,0.005671211611316542,0.99038029033698,0.0,46034,0.988786,0.6243284344673157,0.008811026811599731,26
6487,/home/projects/bagon/shared/imagenet512/val/n02107908/ILSVRC2012_val_00033982.JPEG,62,23.11533832550049,0.0008916854858398438,0.004432593964917882,0.773545606922621,0.0,46035,0.996735,0.5767886638641357,0.2256641834974289,11
6488,/home/projects/bagon/shared/imagenet512/val/n02106382/ILSVRC2012_val_00003834.JPEG,51,51.47294759750366,0.0009179115295410156,0.0040811398407822825,0.9702384322021583,0.0,46036,0.996556,0.674560010433197,0.028974369168281555,16
