example_index,path,total_steps_to_epsilon,total_loss_sum,final_loss,weight_distance,softmax_wasserstein,grad_mass_wasserstein,universal_difficulty_rank,global_linear_cka,init_highest_softmax_prob,init_target_softmax_prob,steps_to_correct
7468,/home/projects/bagon/shared/imagenet512/val/n03538406/ILSVRC2012_val_00049729.JPEG,2376,916.6226787567139,0.0009899139404296875,0.11997383023723712,0.973051448926229,0.0,39824,0.977567,0.06880868971347809,0.025950772687792778,109
7469,/home/projects/bagon/shared/imagenet512/val/n04523525/ILSVRC2012_val_00022733.JPEG,1245,428.862998008728,0.0009946823120117188,0.06996936767962,0.9408803031401693,0.0,39825,0.991395,0.3500062823295593,0.05811562016606331,137
7470,/home/projects/bagon/shared/imagenet512/val/n03794056/ILSVRC2012_val_00047199.JPEG,1450,2046.1663074493408,0.0009899139404296875,0.10569495869969914,0.9974939767925458,0.0,39826,0.992477,0.05581840127706528,0.001513071940280497,324
7471,/home/projects/bagon/shared/imagenet512/val/n01682714/ILSVRC2012_val_00030523.JPEG,3149,2614.4190044403076,0.000995635986328125,0.1525849679636263,0.9976000186339183,0.0,39827,0.980904,0.16739869117736816,0.0013886800734326243,430
7472,/home/projects/bagon/shared/imagenet512/val/n02395406/ILSVRC2012_val_00045459.JPEG,3036,450.2438507080078,0.0009908676147460938,0.12278011421623664,0.8859628532320383,0.0,39828,0.986345,0.4291118383407593,0.11304087191820145,106
7473,/home/projects/bagon/shared/imagenet512/val/n02128385/ILSVRC2012_val_00019439.JPEG,1995,208.75856494903564,0.0009927749633789062,0.09742718483358818,0.6851791080530722,0.0,39829,0.991118,0.5483589172363281,0.31381797790527344,57
7474,/home/projects/bagon/shared/imagenet512/val/n13052670/ILSVRC2012_val_00047179.JPEG,2072,471.9826908111572,0.0009937286376953125,0.1078549110541522,0.8867241207482406,0.0,39830,0.989579,0.49416616559028625,0.1122763380408287,163
7475,/home/projects/bagon/shared/imagenet512/val/n04265275/ILSVRC2012_val_00037493.JPEG,2200,1050.277084350586,0.0009975433349609375,0.12148324074081555,0.9736786435282896,0.0,39831,0.974075,0.11056244373321533,0.0253133662045002,178
7476,/home/projects/bagon/shared/imagenet512/val/n07760859/ILSVRC2012_val_00028419.JPEG,1222,338.1286153793335,0.0009946823120117188,0.07474217336047899,0.9052144253732411,0.0,39832,0.993274,0.2917163670063019,0.09378150850534439,94
7477,/home/projects/bagon/shared/imagenet512/val/n03709823/ILSVRC2012_val_00028436.JPEG,2168,2244.385248184204,0.0009984970092773438,0.12731966784720927,0.9973620088017718,0.0,39833,0.983321,0.2340756356716156,0.001888286555185914,466
7478,/home/projects/bagon/shared/imagenet512/val/n02090721/ILSVRC2012_val_00013817.JPEG,2335,234.84940147399902,0.0009927749633789062,0.0995478557581149,0.7204213177542813,0.0,39834,0.993579,0.6927074193954468,0.27857932448387146,119
7479,/home/projects/bagon/shared/imagenet512/val/n03706229/ILSVRC2012_val_00017460.JPEG,1783,1372.678207397461,0.0009937286376953125,0.1144180550584176,0.9881710222644288,0.0,39836,0.991644,0.3248388171195984,0.01082521490752697,378
7480,/home/projects/bagon/shared/imagenet512/val/n02747177/ILSVRC2012_val_00049367.JPEG,2647,1377.2664031982422,0.0009965896606445312,0.13103341471072083,0.9877516989810388,0.0,39837,0.977984,0.5732276439666748,0.01124129630625248,407
7481,/home/projects/bagon/shared/imagenet512/val/n03793489/ILSVRC2012_val_00039149.JPEG,1401,109.76932621002197,0.000988006591796875,0.06970018067530678,0.5950138213921761,0.0,39838,0.992322,0.40399035811424255,0.40399035811424255,0
7482,/home/projects/bagon/shared/imagenet512/val/n03478589/ILSVRC2012_val_00049378.JPEG,1793,1101.1867923736572,0.0009908676147460938,0.09706595216990922,0.9921302133655576,0.0,39839,0.970703,0.16256274282932281,0.006874100770801306,198
7483,/home/projects/bagon/shared/imagenet512/val/n03873416/ILSVRC2012_val_00044912.JPEG,2770,758.0072021484375,0.0009918212890625,0.12943768588816634,0.9539554569662474,0.0,39840,0.985700,0.20348067581653595,0.04504724591970444,171
7484,/home/projects/bagon/shared/imagenet512/val/n03125729/ILSVRC2012_val_00044994.JPEG,2885,605.0195608139038,0.0009984970092773438,0.12949059934489915,0.9215892198625473,0.0,39841,0.988236,0.23418667912483215,0.07740936428308487,255
7485,/home/projects/bagon/shared/imagenet512/val/n02113624/ILSVRC2012_val_00033017.JPEG,3188,447.2195920944214,0.0009899139404296875,0.1330815577736864,0.8084586046601758,0.0,39843,0.986186,0.6728626489639282,0.19054368138313293,227
7486,/home/projects/bagon/shared/imagenet512/val/n04005630/ILSVRC2012_val_00007463.JPEG,1249,650.2325601577759,0.0009918212890625,0.07796712150035337,0.9723135156869362,0.0,39844,0.977124,0.3747002184391022,0.026690997183322906,172
7487,/home/projects/bagon/shared/imagenet512/val/n02895154/ILSVRC2012_val_00012474.JPEG,4029,460.251501083374,0.0009965896606445312,0.13849806473582904,0.9008695621352457,0.0,39847,0.983631,0.15936090052127838,0.09812220931053162,49
7488,/home/projects/bagon/shared/imagenet512/val/n03179701/ILSVRC2012_val_00006423.JPEG,3400,398.42439460754395,0.000988006591796875,0.12706403453397655,0.8214181636721403,0.0,39849,0.985958,0.19176103174686432,0.17758387327194214,11
7489,/home/projects/bagon/shared/imagenet512/val/n04525038/ILSVRC2012_val_00028997.JPEG,2495,1008.4929943084717,0.0009937286376953125,0.12490022224511133,0.9772114080759294,0.0,39851,0.989836,0.34913283586502075,0.02178911119699478,231
7490,/home/projects/bagon/shared/imagenet512/val/n01784675/ILSVRC2012_val_00016866.JPEG,2021,2054.2147789001465,0.0009889602661132812,0.1254394388829984,0.9951460117693119,0.0,39852,0.962185,0.35035812854766846,0.0038622862193733454,518
7491,/home/projects/bagon/shared/imagenet512/val/n07747607/ILSVRC2012_val_00022623.JPEG,2792,1115.2162818908691,0.0009946823120117188,0.13081525690218007,0.9867996507300476,0.0,39853,0.986335,0.8853302597999573,0.012195502407848835,333
7492,/home/projects/bagon/shared/imagenet512/val/n03598930/ILSVRC2012_val_00011552.JPEG,1923,2145.171799659729,0.0009908676147460938,0.1278122902400249,0.9966897491775785,0.0,39854,0.979401,0.06273706257343292,0.0023106015287339687,379
7493,/home/projects/bagon/shared/imagenet512/val/n09399592/ILSVRC2012_val_00039874.JPEG,2866,293.4383249282837,0.0009965896606445312,0.11209255105735486,0.7876558021439702,0.0,39855,0.983075,0.7630859017372131,0.2113364189863205,150
7494,/home/projects/bagon/shared/imagenet512/val/n02107142/ILSVRC2012_val_00049614.JPEG,1155,481.0227289199829,0.0009984970092773438,0.06649549008503991,0.9592527146847268,0.0,39856,0.989567,0.752704381942749,0.03974840044975281,186
7495,/home/projects/bagon/shared/imagenet512/val/n01756291/ILSVRC2012_val_00026190.JPEG,4394,780.3876161575317,0.0009984970092773438,0.17224101158097258,0.8961466711854369,0.0,39857,0.975614,0.676456868648529,0.1028485894203186,374
7496,/home/projects/bagon/shared/imagenet512/val/n03485407/ILSVRC2012_val_00015175.JPEG,2106,129.74661445617676,0.0009965896606445312,0.08368291490503628,0.602979673212675,0.0,39860,0.991180,0.4073609411716461,0.39602091908454895,5
7497,/home/projects/bagon/shared/imagenet512/val/n04154565/ILSVRC2012_val_00008060.JPEG,2404,872.670331954956,0.00099945068359375,0.12009507196441596,0.9653615821542655,0.0,39861,0.985658,0.17972052097320557,0.0336364321410656,134
7498,/home/projects/bagon/shared/imagenet512/val/n01740131/ILSVRC2012_val_00025544.JPEG,2763,504.14061737060547,0.000995635986328125,0.12488329784960656,0.8739021091607517,0.0,39865,0.991719,0.3804503083229065,0.12509240210056305,114
7499,/home/projects/bagon/shared/imagenet512/val/n07693725/ILSVRC2012_val_00013335.JPEG,2150,1166.4910821914673,0.0009918212890625,0.12058858451163557,0.979482073304612,0.0,39866,0.989133,0.08576519787311554,0.019519463181495667,193
7500,/home/projects/bagon/shared/imagenet512/val/n02099849/ILSVRC2012_val_00042838.JPEG,2038,1192.6566801071167,0.0009937286376953125,0.11605144055556718,0.9854564056687758,0.0,39867,0.978702,0.3284710645675659,0.013548786751925945,314
7501,/home/projects/bagon/shared/imagenet512/val/n02326432/ILSVRC2012_val_00000644.JPEG,2510,923.7051334381104,0.000995635986328125,0.10535052629428608,0.988285916620687,0.0,39868,0.992058,0.35406947135925293,0.010711305774748325,232
7502,/home/projects/bagon/shared/imagenet512/val/n03977966/ILSVRC2012_val_00022807.JPEG,2271,303.63396072387695,0.0009965896606445312,0.10554829978696689,0.7809000858708924,0.0,39869,0.981785,0.21810293197631836,0.21810293197631836,0
7503,/home/projects/bagon/shared/imagenet512/val/n01531178/ILSVRC2012_val_00032359.JPEG,2242,778.763991355896,0.0009918212890625,0.11449271360564836,0.9562921083813587,0.0,39870,0.992170,0.5677478313446045,0.042711496353149414,261
7504,/home/projects/bagon/shared/imagenet512/val/n01530575/ILSVRC2012_val_00023766.JPEG,2192,1545.1578845977783,0.0009965896606445312,0.1263516019681804,0.9902405569137498,0.0,39871,0.984606,0.14033980667591095,0.008758628740906715,224
7505,/home/projects/bagon/shared/imagenet512/val/n04336792/ILSVRC2012_val_00027835.JPEG,1849,529.01917552948,0.0009937286376953125,0.10049333145633298,0.9157645701575653,0.0,39872,0.983095,0.3807174563407898,0.08323484659194946,143
7506,/home/projects/bagon/shared/imagenet512/val/n02113712/ILSVRC2012_val_00043750.JPEG,3524,372.82457637786865,0.000995635986328125,0.13993260385871356,0.7439183086832014,0.0,39873,0.991615,0.5112746357917786,0.2550758719444275,139
7507,/home/projects/bagon/shared/imagenet512/val/n03991062/ILSVRC2012_val_00046305.JPEG,1798,159.2066125869751,0.0009984970092773438,0.0845613846459629,0.6502191682538438,0.0,39875,0.994562,0.3487778306007385,0.3487778306007385,0
7508,/home/projects/bagon/shared/imagenet512/val/n04380533/ILSVRC2012_val_00031065.JPEG,2664,233.4682502746582,0.0009927749633789062,0.11136253338263197,0.6758225861020302,0.0,39876,0.983127,0.3231751024723053,0.3231751024723053,0
7509,/home/projects/bagon/shared/imagenet512/val/n02097047/ILSVRC2012_val_00002021.JPEG,2322,116.86841678619385,0.0009918212890625,0.09264667680459039,0.5059157100031234,0.0,39877,0.993628,0.49308791756629944,0.49308791756629944,0
7510,/home/projects/bagon/shared/imagenet512/val/n03710721/ILSVRC2012_val_00042939.JPEG,4065,486.6759719848633,0.0009965896606445312,0.1578098293256406,0.7991396691737183,0.0,39878,0.984942,0.27631035447120667,0.19985291361808777,109
7511,/home/projects/bagon/shared/imagenet512/val/n04204238/ILSVRC2012_val_00034721.JPEG,1610,870.9742822647095,0.0009946823120117188,0.09575020777068279,0.9796766220205841,0.0,39880,0.991455,0.21767912805080414,0.01932138204574585,176
7512,/home/projects/bagon/shared/imagenet512/val/n03045698/ILSVRC2012_val_00045792.JPEG,3249,663.5129318237305,0.0009984970092773438,0.13856476596370315,0.912985747798002,0.0,39881,0.983220,0.27847525477409363,0.08600650727748871,224
7513,/home/projects/bagon/shared/imagenet512/val/n04579432/ILSVRC2012_val_00046147.JPEG,3244,1850.7646322250366,0.0009946823120117188,0.15895542616177574,0.9928008420163885,0.0,39882,0.979443,0.1310485601425171,0.006199922412633896,485
7514,/home/projects/bagon/shared/imagenet512/val/n03131574/ILSVRC2012_val_00039064.JPEG,2187,600.521487236023,0.0009889602661132812,0.10680127656036642,0.9412564961947198,0.0,39883,0.958963,0.37094247341156006,0.05775122717022896,211
7515,/home/projects/bagon/shared/imagenet512/val/n01514859/ILSVRC2012_val_00002372.JPEG,3287,2707.83664894104,0.0009984970092773438,0.1627969139437339,0.9978312543914284,0.0,39884,0.960728,0.11898589134216309,0.0011635335395112634,406
7516,/home/projects/bagon/shared/imagenet512/val/n01632777/ILSVRC2012_val_00016441.JPEG,1302,728.6740026473999,0.0009918212890625,0.08725281455903477,0.9708413908013822,0.0,39885,0.991906,0.060799598693847656,0.028159895911812782,80
7517,/home/projects/bagon/shared/imagenet512/val/n12144580/ILSVRC2012_val_00021207.JPEG,3917,1503.206943511963,0.0009965896606445312,0.14230222339159615,0.9949856767361825,0.0,39886,0.977726,0.5068153738975525,0.004011034499853849,321
7518,/home/projects/bagon/shared/imagenet512/val/n03658185/ILSVRC2012_val_00001977.JPEG,2596,941.3486604690552,0.00099945068359375,0.12930101073058478,0.9642346242624684,0.0,39887,0.987537,0.2722437083721161,0.0347600020468235,227
7519,/home/projects/bagon/shared/imagenet512/val/n03291819/ILSVRC2012_val_00038807.JPEG,1772,845.420524597168,0.0009937286376953125,0.10316671711874527,0.9748447022197373,0.0,39888,0.980139,0.27612990140914917,0.02415785752236843,224
7520,/home/projects/bagon/shared/imagenet512/val/n02088094/ILSVRC2012_val_00032668.JPEG,1389,650.237211227417,0.000995635986328125,0.08984011827565962,0.9628488594512405,0.0,39889,0.986381,0.3149954378604889,0.036144860088825226,216
7521,/home/projects/bagon/shared/imagenet512/val/n02939185/ILSVRC2012_val_00044457.JPEG,1411,619.0524959564209,0.0009918212890625,0.08684698603394228,0.9663562709590616,0.0,39890,0.978994,0.196424201130867,0.03265007957816124,127
7522,/home/projects/bagon/shared/imagenet512/val/n02097474/ILSVRC2012_val_00008488.JPEG,1726,450.18898487091064,0.0009946823120117188,0.09138454862188926,0.9168520065083572,0.0,39891,0.980274,0.4531886875629425,0.08214325457811356,183
7523,/home/projects/bagon/shared/imagenet512/val/n03658185/ILSVRC2012_val_00040268.JPEG,3226,2770.7966775894165,0.0009946823120117188,0.16579510488946084,0.9976432735606521,0.0,39896,0.984681,0.2626078724861145,0.001353216590359807,591
7524,/home/projects/bagon/shared/imagenet512/val/n07860988/ILSVRC2012_val_00041661.JPEG,1380,742.6292362213135,0.0009946823120117188,0.08961721118889568,0.9718710125125043,0.0,39897,0.981287,0.2648197114467621,0.027133742347359657,196
7525,/home/projects/bagon/shared/imagenet512/val/n04127249/ILSVRC2012_val_00004233.JPEG,1534,879.348162651062,0.0009946823120117188,0.0946421150883834,0.9846311249346296,0.0,39898,0.993481,0.11629363894462585,0.014368983916938305,130
7526,/home/projects/bagon/shared/imagenet512/val/n03045698/ILSVRC2012_val_00022368.JPEG,2236,510.91479110717773,0.0009918212890625,0.10745341370137454,0.9140436553298058,0.0,39899,0.991767,0.20175117254257202,0.08495114743709564,109
7527,/home/projects/bagon/shared/imagenet512/val/n02807133/ILSVRC2012_val_00005533.JPEG,1422,943.3631401062012,0.0009899139404296875,0.09035929614003832,0.9860350442597293,0.0,39902,0.992127,0.061609212309122086,0.01296958141028881,140
7528,/home/projects/bagon/shared/imagenet512/val/n04487394/ILSVRC2012_val_00033205.JPEG,2754,1284.3069944381714,0.0009975433349609375,0.13895300716910225,0.9832149074244823,0.0,39903,0.983763,0.20293772220611572,0.015778938308358192,289
7529,/home/projects/bagon/shared/imagenet512/val/n09421951/ILSVRC2012_val_00023410.JPEG,2577,689.5092277526855,0.00099945068359375,0.12793777276405363,0.9162747409881831,0.0,39905,0.957188,0.26657867431640625,0.08271680772304535,171
7530,/home/projects/bagon/shared/imagenet512/val/n02087394/ILSVRC2012_val_00035341.JPEG,4146,1139.8099527359009,0.0009984970092773438,0.17149899913000002,0.963399676329673,0.0,39908,0.987907,0.20998890697956085,0.03559381514787674,346
7531,/home/projects/bagon/shared/imagenet512/val/n02971356/ILSVRC2012_val_00022906.JPEG,1551,95.86947441101074,0.0009984970092773438,0.07228218339772768,0.5109171857118594,0.0,39909,0.991584,0.4880819618701935,0.4880819618701935,0
7532,/home/projects/bagon/shared/imagenet512/val/n02730930/ILSVRC2012_val_00022269.JPEG,1647,186.65535926818848,0.0009889602661132812,0.08266619553316291,0.7222648748199889,0.0,39914,0.992755,0.5290398597717285,0.27673572301864624,56
7533,/home/projects/bagon/shared/imagenet512/val/n02486410/ILSVRC2012_val_00019077.JPEG,2500,1438.4304876327515,0.0009984970092773438,0.13012586177461433,0.9901179036922607,0.0,39915,0.946078,0.16055181622505188,0.008878138847649097,212
7534,/home/projects/bagon/shared/imagenet512/val/n01755581/ILSVRC2012_val_00034660.JPEG,3086,1353.840145111084,0.0009937286376953125,0.14873148203445466,0.98428205963214,0.0,39916,0.985043,0.08775410056114197,0.014716872945427895,187
7535,/home/projects/bagon/shared/imagenet512/val/n03372029/ILSVRC2012_val_00026960.JPEG,1288,452.15441131591797,0.00099945068359375,0.08101774148999324,0.9294860960039957,0.0,39917,0.970549,0.22535550594329834,0.06949939578771591,115
7536,/home/projects/bagon/shared/imagenet512/val/n02098413/ILSVRC2012_val_00035633.JPEG,2423,124.26481437683105,0.0009984970092773438,0.09363690081435005,0.5428285976070718,0.0,39918,0.992187,0.4561663866043091,0.4561663866043091,0
7537,/home/projects/bagon/shared/imagenet512/val/n02093428/ILSVRC2012_val_00000191.JPEG,3175,292.15782833099365,0.00099945068359375,0.11924973061188263,0.7465462628870075,0.0,39919,0.975683,0.2963789999485016,0.2524484694004059,18
7538,/home/projects/bagon/shared/imagenet512/val/n04069434/ILSVRC2012_val_00024065.JPEG,2022,138.34457874298096,0.00099945068359375,0.08646966536873636,0.598072278177852,0.0,39920,0.989239,0.40092116594314575,0.40092116594314575,0
7539,/home/projects/bagon/shared/imagenet512/val/n02504013/ILSVRC2012_val_00008093.JPEG,3234,286.52405738830566,0.0009975433349609375,0.12769005137952336,0.697675419622374,0.0,39921,0.987778,0.3454166054725647,0.301321417093277,36
7540,/home/projects/bagon/shared/imagenet512/val/n04399382/ILSVRC2012_val_00047220.JPEG,2017,1966.0360307693481,0.0009918212890625,0.1246676369064958,0.996242293942002,0.0,39922,0.980868,0.05994782969355583,0.002758614020422101,325
7541,/home/projects/bagon/shared/imagenet512/val/n07745940/ILSVRC2012_val_00017534.JPEG,1685,1333.3206052780151,0.0009984970092773438,0.10564313919722533,0.9932969275664872,0.0,39923,0.989468,0.6198001503944397,0.005694338586181402,353
7542,/home/projects/bagon/shared/imagenet512/val/n03888605/ILSVRC2012_val_00004275.JPEG,2347,208.1151943206787,0.0009975433349609375,0.08549966331574489,0.805657387174829,0.0,39924,0.987577,0.1933397352695465,0.1933397352695465,0
7543,/home/projects/bagon/shared/imagenet512/val/n03485407/ILSVRC2012_val_00034650.JPEG,2608,1688.1061506271362,0.00099945068359375,0.13642059921986832,0.9930194053216859,0.0,39925,0.977927,0.33099034428596497,0.005976822227239609,425
7544,/home/projects/bagon/shared/imagenet512/val/n02808440/ILSVRC2012_val_00006993.JPEG,4346,309.76891899108887,0.0009927749633789062,0.1372802266655113,0.7408319125224506,0.0,39927,0.986389,0.2581610083580017,0.2581610083580017,0
7545,/home/projects/bagon/shared/imagenet512/val/n04090263/ILSVRC2012_val_00000707.JPEG,2819,1869.5388164520264,0.0009965896606445312,0.1269191183971093,0.9969356170728274,0.0,39929,0.982523,0.1687561571598053,0.002422981895506382,363
7546,/home/projects/bagon/shared/imagenet512/val/n03160309/ILSVRC2012_val_00031535.JPEG,1029,37.53521251678467,0.0009937286376953125,0.05126340776240854,0.3293434410089072,0.0,39930,0.996111,0.6696608066558838,0.6696608066558838,0
7547,/home/projects/bagon/shared/imagenet512/val/n02454379/ILSVRC2012_val_00011253.JPEG,1728,345.25344467163086,0.0009937286376953125,0.09124419573294308,0.864216597321547,0.0,39931,0.994342,0.1347842514514923,0.1347842514514923,0
7548,/home/projects/bagon/shared/imagenet512/val/n02906734/ILSVRC2012_val_00008097.JPEG,1835,985.7480220794678,0.0009965896606445312,0.100038764260744,0.9885751119780256,0.0,39932,0.984687,0.17084568738937378,0.01042251382023096,221
7549,/home/projects/bagon/shared/imagenet512/val/n01945685/ILSVRC2012_val_00034595.JPEG,2079,1382.0349569320679,0.0009975433349609375,0.1249635786979479,0.9879356021948743,0.0,39933,0.989726,0.13460513949394226,0.011058364994823933,284
7550,/home/projects/bagon/shared/imagenet512/val/n04330267/ILSVRC2012_val_00049251.JPEG,991,169.06761074066162,0.0009965896606445312,0.06340300601765611,0.7597977200105834,0.0,39934,0.995014,0.5851569175720215,0.23919683694839478,69
7551,/home/projects/bagon/shared/imagenet512/val/n03666591/ILSVRC2012_val_00025964.JPEG,1547,2149.9560918807983,0.0009927749633789062,0.11062000474284506,0.9975818624726003,0.0,39935,0.976017,0.845780611038208,0.0014213379472494125,548
7552,/home/projects/bagon/shared/imagenet512/val/n03680355/ILSVRC2012_val_00019717.JPEG,2116,470.2603063583374,0.0009899139404296875,0.1029222948051665,0.907363040369384,0.0,39937,0.991075,0.20025597512722015,0.0916491150856018,98
7553,/home/projects/bagon/shared/imagenet512/val/n02814533/ILSVRC2012_val_00023221.JPEG,2235,692.9661722183228,0.0009908676147460938,0.11719216984768446,0.9333533966048059,0.0,39938,0.986091,0.5394313335418701,0.06565128266811371,259
7554,/home/projects/bagon/shared/imagenet512/val/n02492660/ILSVRC2012_val_00043945.JPEG,2242,832.3777360916138,0.0009899139404296875,0.1026294124282371,0.9897577983646824,0.0,39940,0.987043,0.36788320541381836,0.009248181246221066,183
7555,/home/projects/bagon/shared/imagenet512/val/n06785654/ILSVRC2012_val_00041680.JPEG,1601,593.1594848632812,0.0009946823120117188,0.0920943000115671,0.95467595891884,0.0,39941,0.991474,0.09429716318845749,0.04432104527950287,57
7556,/home/projects/bagon/shared/imagenet512/val/n02815834/ILSVRC2012_val_00023499.JPEG,1850,115.16018009185791,0.0009965896606445312,0.08303978014936614,0.5420832369488503,0.0,39942,0.995418,0.45786914229393005,0.45691344141960144,3
7557,/home/projects/bagon/shared/imagenet512/val/n02085620/ILSVRC2012_val_00016757.JPEG,2031,708.6959810256958,0.000988006591796875,0.09437837897177312,0.9743831054328659,0.0,39943,0.989036,0.9673338532447815,0.02468585968017578,294
7558,/home/projects/bagon/shared/imagenet512/val/n03709823/ILSVRC2012_val_00012477.JPEG,2745,1543.9112758636475,0.00099945068359375,0.11941641181931621,0.9976606949551758,0.0,39945,0.978992,0.2692965269088745,0.001337225898168981,300
7559,/home/projects/bagon/shared/imagenet512/val/n09835506/ILSVRC2012_val_00014689.JPEG,2994,412.26831817626953,0.0009946823120117188,0.1207055801628982,0.8373588307928274,0.0,39946,0.984157,0.16164110600948334,0.16164110600948334,0
7560,/home/projects/bagon/shared/imagenet512/val/n03637318/ILSVRC2012_val_00013438.JPEG,1939,301.70465564727783,0.0009975433349609375,0.08801608289329017,0.8516252226535078,0.0,39947,0.983309,0.1473713368177414,0.1473713368177414,0
7561,/home/projects/bagon/shared/imagenet512/val/n04204347/ILSVRC2012_val_00041108.JPEG,1587,1719.6813344955444,0.0009984970092773438,0.11101088969976278,0.9950295142978656,0.0,39950,0.982006,0.15880504250526428,0.003971691709011793,317
7562,/home/projects/bagon/shared/imagenet512/val/n02992211/ILSVRC2012_val_00033245.JPEG,3037,3649.507558822632,0.000995635986328125,0.1566327450277795,0.9988154449294968,0.0,39951,0.982103,0.17238330841064453,0.00018744311819318682,581
7563,/home/projects/bagon/shared/imagenet512/val/n02091244/ILSVRC2012_val_00021165.JPEG,1378,531.3107767105103,0.0009908676147460938,0.0850610425532936,0.9376862098043621,0.0,39952,0.991602,0.5955250859260559,0.061311058700084686,204
7564,/home/projects/bagon/shared/imagenet512/val/n01665541/ILSVRC2012_val_00043797.JPEG,2234,557.8019418716431,0.0009975433349609375,0.10638135427462321,0.9333335193583552,0.0,39953,0.991517,0.20579111576080322,0.06566016376018524,108
7565,/home/projects/bagon/shared/imagenet512/val/n03483316/ILSVRC2012_val_00026003.JPEG,2257,1847.1135263442993,0.0009918212890625,0.131020963405752,0.9950763483068983,0.0,39954,0.981038,0.12621554732322693,0.0039231739938259125,351
7566,/home/projects/bagon/shared/imagenet512/val/n03478589/ILSVRC2012_val_00014449.JPEG,2366,2162.0696744918823,0.000995635986328125,0.13424216477382586,0.9972845455703025,0.0,39955,0.984793,0.16009996831417084,0.0017151926876977086,366
7567,/home/projects/bagon/shared/imagenet512/val/n03908618/ILSVRC2012_val_00020063.JPEG,2650,302.38947677612305,0.0009984970092773438,0.10738540664414266,0.7975086312184579,0.0,39956,0.987228,0.26169419288635254,0.20148931443691254,24
7568,/home/projects/bagon/shared/imagenet512/val/n04286575/ILSVRC2012_val_00035484.JPEG,2815,1223.8676071166992,0.0009899139404296875,0.14348478029493789,0.9742332599867627,0.0,39957,0.975967,0.35718396306037903,0.024768734350800514,358
7569,/home/projects/bagon/shared/imagenet512/val/n03769881/ILSVRC2012_val_00024788.JPEG,2652,1321.8582468032837,0.0009899139404296875,0.13798150506229848,0.9810576613811651,0.0,39958,0.963370,0.12272225320339203,0.017944196239113808,255
7570,/home/projects/bagon/shared/imagenet512/val/n03642806/ILSVRC2012_val_00045326.JPEG,2891,558.4064998626709,0.0009899139404296875,0.14296749181910262,0.8371485811306654,0.0,39959,0.981179,0.2694965600967407,0.1618555337190628,152
7571,/home/projects/bagon/shared/imagenet512/val/n07614500/ILSVRC2012_val_00003592.JPEG,2267,169.53602123260498,0.0009946823120117188,0.09762028432408838,0.5954038022260374,0.0,39961,0.989268,0.45625045895576477,0.40359723567962646,21
7572,/home/projects/bagon/shared/imagenet512/val/n01698640/ILSVRC2012_val_00039888.JPEG,2109,230.87702560424805,0.0009984970092773438,0.09531467856196425,0.735379864880555,0.0,39962,0.987753,0.31580644845962524,0.26361364126205444,37
7573,/home/projects/bagon/shared/imagenet512/val/n07693725/ILSVRC2012_val_00044026.JPEG,2306,1296.463635444641,0.000988006591796875,0.12100356152161844,0.988941478277442,0.0,39966,0.986630,0.9526757597923279,0.010152444243431091,446
7574,/home/projects/bagon/shared/imagenet512/val/n02113023/ILSVRC2012_val_00042776.JPEG,2709,1361.697551727295,0.0009965896606445312,0.13270834218329716,0.9888336559336487,0.0,39967,0.981626,0.19269907474517822,0.010162340477108955,348
7575,/home/projects/bagon/shared/imagenet512/val/n03895866/ILSVRC2012_val_00032237.JPEG,1655,712.661699295044,0.0009899139404296875,0.09781087930109006,0.961357898171908,0.0,39968,0.986062,0.6094363331794739,0.0376477874815464,279
7576,/home/projects/bagon/shared/imagenet512/val/n04515003/ILSVRC2012_val_00007908.JPEG,3298,2765.06591129303,0.0009965896606445312,0.16836877765705918,0.997119470629209,0.0,39969,0.986092,0.0995107889175415,0.0018768396694213152,431
7577,/home/projects/bagon/shared/imagenet512/val/n03017168/ILSVRC2012_val_00024782.JPEG,1644,498.38172721862793,0.0009984970092773438,0.08825551953423921,0.9391063886260972,0.0,39972,0.986075,0.08618918061256409,0.059882886707782745,44
7578,/home/projects/bagon/shared/imagenet512/val/n03384352/ILSVRC2012_val_00030800.JPEG,1525,1863.861050605774,0.0009937286376953125,0.10670557604408423,0.9971621433812706,0.0,39973,0.982076,0.06257100403308868,0.0018366067670285702,351
7579,/home/projects/bagon/shared/imagenet512/val/n03967562/ILSVRC2012_val_00024276.JPEG,1466,1711.4263877868652,0.0009927749633789062,0.09506496815020853,0.9981360144748915,0.0,39974,0.970260,0.17532922327518463,0.0008622379973530769,333
7580,/home/projects/bagon/shared/imagenet512/val/n03250847/ILSVRC2012_val_00049918.JPEG,2209,1064.3012647628784,0.0009975433349609375,0.12160202456264557,0.9772917862938081,0.0,39975,0.972722,0.3048798441886902,0.021703554317355156,369
7581,/home/projects/bagon/shared/imagenet512/val/n03146219/ILSVRC2012_val_00009449.JPEG,3376,1203.831865310669,0.0009984970092773438,0.13182047260118854,0.98935130393408,0.0,39976,0.983254,0.12425091862678528,0.009645018726587296,231
7582,/home/projects/bagon/shared/imagenet512/val/n02948072/ILSVRC2012_val_00032008.JPEG,1350,642.9636650085449,0.0009975433349609375,0.08957515463237654,0.955159773272187,0.0,39977,0.990489,0.21974438428878784,0.043832968920469284,150
7583,/home/projects/bagon/shared/imagenet512/val/n03871628/ILSVRC2012_val_00022746.JPEG,2534,934.6342878341675,0.0009899139404296875,0.12887924400673767,0.960733087155815,0.0,39979,0.987462,0.11366809159517288,0.03827595338225365,166
7584,/home/projects/bagon/shared/imagenet512/val/n02107312/ILSVRC2012_val_00022240.JPEG,2817,568.0453329086304,0.0009975433349609375,0.1251899824838289,0.9034382382861468,0.0,39980,0.931112,0.4909464716911316,0.09555976092815399,214
7585,/home/projects/bagon/shared/imagenet512/val/n04372370/ILSVRC2012_val_00036463.JPEG,1288,63.77490520477295,0.000995635986328125,0.06477073871369993,0.42120213447362154,0.0,39981,0.995608,0.5777966976165771,0.5777966976165771,0
7586,/home/projects/bagon/shared/imagenet512/val/n03538406/ILSVRC2012_val_00016461.JPEG,2029,1882.9033374786377,0.0009918212890625,0.12267531445148057,0.9941101428113177,0.0,39987,0.978141,0.024021174758672714,0.004893090110272169,218
7587,/home/projects/bagon/shared/imagenet512/val/n04258138/ILSVRC2012_val_00008261.JPEG,1366,795.855354309082,0.000995635986328125,0.0843501018776018,0.9813911524706194,0.0,39988,0.984672,0.13393382728099823,0.017606796696782112,161
7588,/home/projects/bagon/shared/imagenet512/val/n02871525/ILSVRC2012_val_00017877.JPEG,2029,392.67802238464355,0.0009965896606445312,0.10359285415576819,0.8520573249569009,0.0,39989,0.991517,0.27457380294799805,0.146937295794487,117
7589,/home/projects/bagon/shared/imagenet512/val/n03840681/ILSVRC2012_val_00014785.JPEG,1937,940.1307106018066,0.00099945068359375,0.11079733968103625,0.9785948179817643,0.0,39990,0.989433,0.20320093631744385,0.02039259299635887,286
7590,/home/projects/bagon/shared/imagenet512/val/n01735189/ILSVRC2012_val_00032997.JPEG,1379,212.74360466003418,0.0009984970092773438,0.07844388696784631,0.7588321089605433,0.0,39991,0.983706,0.3808409869670868,0.24016179144382477,46
7591,/home/projects/bagon/shared/imagenet512/val/n04141076/ILSVRC2012_val_00039518.JPEG,2233,4023.8639087677,0.0009946823120117188,0.13407796166255442,0.9995394651629231,0.0,39994,0.961789,0.19862443208694458,9.17226861929521e-05,687
7592,/home/projects/bagon/shared/imagenet512/val/n04356056/ILSVRC2012_val_00034012.JPEG,5333,1787.3003301620483,0.0009908676147460938,0.19568767504531587,0.9851163650028012,0.0,39995,0.986841,0.09548750519752502,0.013883375562727451,258
7593,/home/projects/bagon/shared/imagenet512/val/n02168699/ILSVRC2012_val_00032989.JPEG,1996,1624.0976371765137,0.0009975433349609375,0.11572113347109839,0.9959365413879246,0.0,39996,0.977360,0.4874017834663391,0.003074916312471032,384
7594,/home/projects/bagon/shared/imagenet512/val/n01644900/ILSVRC2012_val_00016934.JPEG,2471,829.709882736206,0.000995635986328125,0.11925075292810705,0.9663423902745123,0.0,39997,0.985904,0.3330017328262329,0.03265544772148132,247
7595,/home/projects/bagon/shared/imagenet512/val/n03759954/ILSVRC2012_val_00033438.JPEG,2712,597.3403224945068,0.0009918212890625,0.11428412696052272,0.9211238103646013,0.0,39998,0.991795,0.24500320851802826,0.07787563651800156,126
7596,/home/projects/bagon/shared/imagenet512/val/n03733281/ILSVRC2012_val_00026206.JPEG,685,78.5038013458252,0.0009946823120117188,0.04514081147079316,0.6146808747667672,0.0,39999,0.996032,0.3843195140361786,0.3843195140361786,0
7597,/home/projects/bagon/shared/imagenet512/val/n01784675/ILSVRC2012_val_00040763.JPEG,1247,431.74240016937256,0.0009889602661132812,0.0713313232847644,0.9526038834069673,0.0,40000,0.989244,0.2107742726802826,0.046401530504226685,129
7598,/home/projects/bagon/shared/imagenet512/val/n01632458/ILSVRC2012_val_00047089.JPEG,1720,414.63158988952637,0.0009946823120117188,0.09151949619255385,0.9174639471058722,0.0,40001,0.979889,0.21813495457172394,0.08153440058231354,61
7599,/home/projects/bagon/shared/imagenet512/val/n04136333/ILSVRC2012_val_00017485.JPEG,2165,1346.8810472488403,0.0009937286376953125,0.1269942812421711,0.9862888400197167,0.0,40002,0.973896,0.08122550696134567,0.012708169408142567,180
7600,/home/projects/bagon/shared/imagenet512/val/n04606251/ILSVRC2012_val_00016351.JPEG,1159,357.2690839767456,0.0009965896606445312,0.07322765607074103,0.9053058497139903,0.0,40003,0.990609,0.12339083105325699,0.09368409961462021,28
7601,/home/projects/bagon/shared/imagenet512/val/n04507155/ILSVRC2012_val_00025041.JPEG,1833,1626.1429138183594,0.0009946823120117188,0.11497348194903938,0.9946883894044638,0.0,40004,0.976137,0.05706113204360008,0.0043060993775725365,245
7602,/home/projects/bagon/shared/imagenet512/val/n01729977/ILSVRC2012_val_00035576.JPEG,1983,318.33910942077637,0.0009927749633789062,0.09166266432027147,0.8585205939691117,0.0,40005,0.987624,0.14048486948013306,0.14048486948013306,0
7603,/home/projects/bagon/shared/imagenet512/val/n02089973/ILSVRC2012_val_00011586.JPEG,3247,654.5736360549927,0.00099945068359375,0.1382811274263381,0.9071982085503743,0.0,40006,0.977029,0.17209629714488983,0.09179370105266571,87
7604,/home/projects/bagon/shared/imagenet512/val/n01737021/ILSVRC2012_val_00018334.JPEG,2385,2782.5558919906616,0.0009927749633789062,0.1511720388724522,0.9976679602507031,0.0,40008,0.973663,0.18920797109603882,0.001333387685008347,590
7605,/home/projects/bagon/shared/imagenet512/val/n03995372/ILSVRC2012_val_00000589.JPEG,2324,2754.1674947738647,0.0009975433349609375,0.1474087843440835,0.9974687024691609,0.0,40009,0.961283,0.05646789073944092,0.0015235316241160035,547
7606,/home/projects/bagon/shared/imagenet512/val/n02877765/ILSVRC2012_val_00045915.JPEG,1068,124.73200988769531,0.0009870529174804688,0.06159781536776848,0.6538935775847251,0.0,40010,0.995843,0.45608454942703247,0.34511449933052063,27
7607,/home/projects/bagon/shared/imagenet512/val/n03498962/ILSVRC2012_val_00025619.JPEG,2865,1720.956109046936,0.000995635986328125,0.1522368528201119,0.9890868889912354,0.0,40011,0.982384,0.17192871868610382,0.009907455183565617,494
7608,/home/projects/bagon/shared/imagenet512/val/n03372029/ILSVRC2012_val_00008540.JPEG,2568,2701.8010606765747,0.0009946823120117188,0.14273168816119422,0.9978770452723489,0.0,40012,0.978628,0.20336095988750458,0.0011177031556144357,459
7609,/home/projects/bagon/shared/imagenet512/val/n04592741/ILSVRC2012_val_00018081.JPEG,3024,629.4835538864136,0.0009984970092773438,0.12739256172685004,0.933356594441029,0.0,40013,0.973803,0.3630129098892212,0.0656389594078064,260
7610,/home/projects/bagon/shared/imagenet512/val/n01882714/ILSVRC2012_val_00016952.JPEG,1423,517.7889270782471,0.0009975433349609375,0.08727314467640902,0.9378714653103697,0.0,40014,0.986169,0.0917971283197403,0.06112202629446983,38
7611,/home/projects/bagon/shared/imagenet512/val/n02124075/ILSVRC2012_val_00046964.JPEG,3469,1418.4485168457031,0.0009908676147460938,0.15102382180541257,0.9875177662860659,0.0,40015,0.980335,0.1321823000907898,0.011482100002467632,392
7612,/home/projects/bagon/shared/imagenet512/val/n03124170/ILSVRC2012_val_00013839.JPEG,2366,2178.548219680786,0.0009975433349609375,0.1371766203024152,0.9955602137832289,0.0,40017,0.972714,0.08886152505874634,0.0034323495347052813,364
7613,/home/projects/bagon/shared/imagenet512/val/n02808440/ILSVRC2012_val_00012591.JPEG,4235,695.2931079864502,0.0009908676147460938,0.1701700221946502,0.877498915146609,0.0,40019,0.984372,0.25010284781455994,0.12149853259325027,292
7614,/home/projects/bagon/shared/imagenet512/val/n03658185/ILSVRC2012_val_00045471.JPEG,2552,174.46505641937256,0.0009984970092773438,0.1048834607727185,0.5819331230943889,0.0,40020,0.992659,0.4170631468296051,0.4170631468296051,0
7615,/home/projects/bagon/shared/imagenet512/val/n02825657/ILSVRC2012_val_00016504.JPEG,1907,947.527416229248,0.0009899139404296875,0.11086145611302725,0.9681509077135912,0.0,40023,0.979765,0.4659618139266968,0.030853359028697014,335
7616,/home/projects/bagon/shared/imagenet512/val/n07716906/ILSVRC2012_val_00034474.JPEG,1990,811.6768503189087,0.0009975433349609375,0.10822764492547744,0.9752053019970214,0.0,40026,0.973482,0.20667500793933868,0.02379101701080799,161
7617,/home/projects/bagon/shared/imagenet512/val/n03400231/ILSVRC2012_val_00034320.JPEG,4544,4993.555097579956,0.00099945068359375,0.2068139507891312,0.9991265598429246,0.0,40027,0.987018,0.1917198747396469,0.0001716856349958107,750
7618,/home/projects/bagon/shared/imagenet512/val/n02786058/ILSVRC2012_val_00031915.JPEG,1318,597.2308959960938,0.0009870529174804688,0.08156872219943906,0.9635366467010203,0.0,40028,0.993170,0.3349742889404297,0.035476136952638626,179
7619,/home/projects/bagon/shared/imagenet512/val/n04270147/ILSVRC2012_val_00049955.JPEG,2686,719.7492752075195,0.000995635986328125,0.12513022307117808,0.9440358834090731,0.0,40029,0.989214,0.16046005487442017,0.054958775639534,124
7620,/home/projects/bagon/shared/imagenet512/val/n01978455/ILSVRC2012_val_00003705.JPEG,2663,1655.3940525054932,0.0009908676147460938,0.13761410200910645,0.9925248138779208,0.0,40030,0.970760,0.12892770767211914,0.0064799003303050995,354
7621,/home/projects/bagon/shared/imagenet512/val/n04263257/ILSVRC2012_val_00037162.JPEG,2704,832.0753192901611,0.0009899139404296875,0.12369906299432987,0.9653519635095866,0.0,40031,0.989609,0.39359158277511597,0.03365316987037659,209
7622,/home/projects/bagon/shared/imagenet512/val/n07734744/ILSVRC2012_val_00004570.JPEG,2145,2022.9118928909302,0.00099945068359375,0.12235309356260511,0.99773382590902,0.0,40032,0.976015,0.0557616651058197,0.0012577237794175744,431
7623,/home/projects/bagon/shared/imagenet512/val/n01728920/ILSVRC2012_val_00018398.JPEG,2047,1621.420443534851,0.0009937286376953125,0.12043124095668346,0.9954633166739565,0.0,40033,0.980610,0.040231168270111084,0.003540003439411521,264
7624,/home/projects/bagon/shared/imagenet512/val/n02840245/ILSVRC2012_val_00044322.JPEG,2610,1612.8890190124512,0.000995635986328125,0.1329327411020421,0.9922498428639521,0.0,40034,0.604042,0.39176416397094727,0.006755347829312086,414
7625,/home/projects/bagon/shared/imagenet512/val/n02808440/ILSVRC2012_val_00013344.JPEG,3476,283.30078887939453,0.0009946823120117188,0.1393992803109523,0.6605204431164906,0.0,40035,0.982612,0.3384774327278137,0.3384774327278137,0
7626,/home/projects/bagon/shared/imagenet512/val/n02480855/ILSVRC2012_val_00005826.JPEG,1735,671.2571907043457,0.0009965896606445312,0.10016706318704091,0.9575411127756056,0.0,40036,0.984934,0.07707295566797256,0.041454073041677475,69
7627,/home/projects/bagon/shared/imagenet512/val/n03443371/ILSVRC2012_val_00045766.JPEG,2665,1110.2769966125488,0.00099945068359375,0.12092071807438028,0.9780276068639335,0.0,40037,0.979946,0.26213905215263367,0.020967772230505943,271
7628,/home/projects/bagon/shared/imagenet512/val/n02776631/ILSVRC2012_val_00035746.JPEG,1145,182.50010681152344,0.000995635986328125,0.06418672767504205,0.8029825441727368,0.0,40039,0.996004,0.7468454241752625,0.19601978361606598,95
7629,/home/projects/bagon/shared/imagenet512/val/n03787032/ILSVRC2012_val_00010504.JPEG,3117,396.66876220703125,0.0009927749633789062,0.11420356713840592,0.9048226165953397,0.0,40042,0.983298,0.18574939668178558,0.09417998790740967,51
7630,/home/projects/bagon/shared/imagenet512/val/n04404412/ILSVRC2012_val_00049406.JPEG,2404,1480.7370491027832,0.0009946823120117188,0.12480612761322797,0.9921822281405074,0.0,40043,0.964072,0.12493341416120529,0.006820475682616234,315
7631,/home/projects/bagon/shared/imagenet512/val/n03637318/ILSVRC2012_val_00020746.JPEG,3244,344.2102384567261,0.000995635986328125,0.13329577389159988,0.7181614094206579,0.0,40044,0.972774,0.5584086775779724,0.280837744474411,133
7632,/home/projects/bagon/shared/imagenet512/val/n04590129/ILSVRC2012_val_00020510.JPEG,1963,488.43209648132324,0.0009927749633789062,0.10441391668274946,0.9044836915128407,0.0,40045,0.978795,0.3027760088443756,0.09451235085725784,139
7633,/home/projects/bagon/shared/imagenet512/val/n07583066/ILSVRC2012_val_00005316.JPEG,1912,411.23030948638916,0.00099945068359375,0.10133709393051243,0.8639549412149927,0.0,40046,0.984151,0.1350375860929489,0.1350375860929489,0
7634,/home/projects/bagon/shared/imagenet512/val/n04483307/ILSVRC2012_val_00034885.JPEG,4200,744.1605005264282,0.0009946823120117188,0.16564947655212256,0.89886975829392,0.0,40047,0.982672,0.14224578440189362,0.10012742131948471,132
7635,/home/projects/bagon/shared/imagenet512/val/n03995372/ILSVRC2012_val_00021576.JPEG,1569,423.7943172454834,0.0009984970092773438,0.09186108307476437,0.8997656394596494,0.0,40048,0.987058,0.16445006430149078,0.09922223538160324,48
7636,/home/projects/bagon/shared/imagenet512/val/n04483307/ILSVRC2012_val_00013464.JPEG,2492,291.8645782470703,0.0009927749633789062,0.1096720845678573,0.7357426710196984,0.0,40050,0.988980,0.7093438506126404,0.26325565576553345,149
7637,/home/projects/bagon/shared/imagenet512/val/n03721384/ILSVRC2012_val_00019690.JPEG,717,37.57108116149902,0.00099945068359375,0.042680787741039485,0.38165712436735105,0.0,40053,0.997360,0.6173401474952698,0.6173401474952698,0
7638,/home/projects/bagon/shared/imagenet512/val/n01945685/ILSVRC2012_val_00023207.JPEG,2160,945.8309965133667,0.0009965896606445312,0.11345590114788111,0.9747762395077821,0.0,40054,0.992444,0.13908204436302185,0.024226030334830284,173
7639,/home/projects/bagon/shared/imagenet512/val/n03534580/ILSVRC2012_val_00017825.JPEG,3183,902.3690690994263,0.0009927749633789062,0.12746589753135268,0.9689134589038652,0.0,40055,0.978754,0.0583961121737957,0.030087247490882874,76
7640,/home/projects/bagon/shared/imagenet512/val/n04235860/ILSVRC2012_val_00008064.JPEG,2341,1144.649598121643,0.0009937286376953125,0.1282220439915473,0.9796746305223011,0.0,40056,0.961234,0.47359776496887207,0.01932070404291153,281
7641,/home/projects/bagon/shared/imagenet512/val/n03729826/ILSVRC2012_val_00030695.JPEG,1948,635.47336769104,0.0009937286376953125,0.10608608078882016,0.9381269214159282,0.0,40057,0.870694,0.1314866840839386,0.0608631931245327,73
7642,/home/projects/bagon/shared/imagenet512/val/n03085013/ILSVRC2012_val_00029239.JPEG,3735,601.9931688308716,0.0009870529174804688,0.14371392957418833,0.8918898676809324,0.0,40058,0.982587,0.3098246455192566,0.10711808502674103,153
7643,/home/projects/bagon/shared/imagenet512/val/n03314780/ILSVRC2012_val_00043622.JPEG,1812,934.3101758956909,0.0009975433349609375,0.10595976148728972,0.9776635733816174,0.0,40059,0.980142,0.2840348780155182,0.021334219723939896,220
7644,/home/projects/bagon/shared/imagenet512/val/n02859443/ILSVRC2012_val_00012812.JPEG,2837,1075.2657871246338,0.0009984970092773438,0.14137802177533312,0.9662344173413467,0.0,40060,0.981859,0.12208139151334763,0.032760124653577805,168
7645,/home/projects/bagon/shared/imagenet512/val/n02730930/ILSVRC2012_val_00027623.JPEG,1942,1153.3280601501465,0.0009927749633789062,0.1072983655519054,0.9917207173345411,0.0,40061,0.990653,0.12097825855016708,0.007275886833667755,208
7646,/home/projects/bagon/shared/imagenet512/val/n07714990/ILSVRC2012_val_00017289.JPEG,1955,464.3265781402588,0.000995635986328125,0.10353640235579921,0.8850274206429716,0.0,40062,0.992010,0.17886459827423096,0.11397311836481094,62
7647,/home/projects/bagon/shared/imagenet512/val/n03967562/ILSVRC2012_val_00041847.JPEG,1810,1083.7513875961304,0.0009927749633789062,0.10240868750826082,0.9873913376685038,0.0,40063,0.976639,0.2471868246793747,0.011604642495512962,238
7648,/home/projects/bagon/shared/imagenet512/val/n02096051/ILSVRC2012_val_00039927.JPEG,1469,73.87860202789307,0.0009946823120117188,0.06483223373142073,0.49196924130745395,0.0,40064,0.992953,0.5070273280143738,0.5070273280143738,0
7649,/home/projects/bagon/shared/imagenet512/val/n02264363/ILSVRC2012_val_00040239.JPEG,1109,152.24846839904785,0.00099945068359375,0.06379299174373418,0.7332731597622689,0.0,40065,0.993042,0.44375377893447876,0.2657313942909241,39
7650,/home/projects/bagon/shared/imagenet512/val/n07614500/ILSVRC2012_val_00049832.JPEG,1977,102.04358863830566,0.0009984970092773438,0.08625132102031853,0.4647065775688583,0.0,40066,0.990485,0.5342873930931091,0.5342873930931091,0
7651,/home/projects/bagon/shared/imagenet512/val/n02791124/ILSVRC2012_val_00033973.JPEG,2537,1341.0446071624756,0.0009937286376953125,0.13603805996016588,0.9823726262112558,0.0,40067,0.973329,0.13771042227745056,0.016632985323667526,254
7652,/home/projects/bagon/shared/imagenet512/val/n03930313/ILSVRC2012_val_00040905.JPEG,2331,1657.5525398254395,0.0009918212890625,0.12764608782001285,0.9931249638962696,0.0,40069,0.968983,0.0884135439991951,0.00587516650557518,278
7653,/home/projects/bagon/shared/imagenet512/val/n04606251/ILSVRC2012_val_00009749.JPEG,1410,569.6221294403076,0.0009908676147460938,0.08546043878149621,0.9510368482630862,0.0,40070,0.990895,0.4522883892059326,0.047961436212062836,190
7654,/home/projects/bagon/shared/imagenet512/val/n03697007/ILSVRC2012_val_00010251.JPEG,1065,68.38201236724854,0.0009899139404296875,0.06011509969918865,0.4527848518794538,0.0,40071,0.993463,0.5462295413017273,0.5462295413017273,0
7655,/home/projects/bagon/shared/imagenet512/val/n02089973/ILSVRC2012_val_00004795.JPEG,3108,226.6057949066162,0.0009984970092773438,0.11487464266228344,0.6816429955091288,0.0,40072,0.982668,0.3173491358757019,0.3173491358757019,0
7656,/home/projects/bagon/shared/imagenet512/val/n02109525/ILSVRC2012_val_00030327.JPEG,2253,726.769814491272,0.0009975433349609375,0.11230915638068192,0.9547634698163268,0.0,40073,0.985994,0.14451272785663605,0.044232580810785294,136
7657,/home/projects/bagon/shared/imagenet512/val/n04442312/ILSVRC2012_val_00048721.JPEG,1841,903.2513818740845,0.00098419189453125,0.10185998269856278,0.9823798644143468,0.0,40074,0.908231,0.7880446314811707,0.016624124720692635,305
7658,/home/projects/bagon/shared/imagenet512/val/n01795545/ILSVRC2012_val_00039465.JPEG,2091,519.3719787597656,0.0009975433349609375,0.10706708502337003,0.9110555891188622,0.0,40075,0.982775,0.41158169507980347,0.08793871104717255,168
7659,/home/projects/bagon/shared/imagenet512/val/n03447721/ILSVRC2012_val_00006388.JPEG,2063,1032.5928325653076,0.0009965896606445312,0.11206140521115386,0.9816580392627142,0.0,40076,0.990703,0.08496523648500443,0.01733962632715702,154
7660,/home/projects/bagon/shared/imagenet512/val/n04493381/ILSVRC2012_val_00000874.JPEG,4041,251.94569969177246,0.0009965896606445312,0.13906624023308933,0.6233238288599809,0.0,40077,0.989546,0.37567177414894104,0.37567177414894104,0
7661,/home/projects/bagon/shared/imagenet512/val/n04019541/ILSVRC2012_val_00048262.JPEG,2056,819.0041952133179,0.000995635986328125,0.11610842021380567,0.9579613991335724,0.0,40078,0.993817,0.13706207275390625,0.041038334369659424,169
7662,/home/projects/bagon/shared/imagenet512/val/n03602883/ILSVRC2012_val_00017448.JPEG,3050,2554.89169216156,0.0009937286376953125,0.15945387410652115,0.9971513969306625,0.0,40081,0.982422,0.3875919282436371,0.0018504373729228973,509
7663,/home/projects/bagon/shared/imagenet512/val/n03956157/ILSVRC2012_val_00045597.JPEG,2659,14.657332420349121,0.00099945068359375,0.06437413799039433,0.06040529263839061,0.0,40082,0.997478,0.9385852217674255,0.9385852217674255,0
7664,/home/projects/bagon/shared/imagenet512/val/n01734418/ILSVRC2012_val_00047810.JPEG,2347,969.414457321167,0.0009918212890625,0.11738432691948558,0.9839687651684509,0.0,40083,0.983507,0.11240658909082413,0.015036571770906448,125
7665,/home/projects/bagon/shared/imagenet512/val/n01704323/ILSVRC2012_val_00009035.JPEG,1709,3386.4732933044434,0.0009965896606445312,0.11915752782380198,0.998916820234288,0.0,40084,0.980984,0.9006959199905396,7.97281609266065e-05,606
7666,/home/projects/bagon/shared/imagenet512/val/n02109047/ILSVRC2012_val_00048145.JPEG,2661,1271.4707098007202,0.0009946823120117188,0.13684605579148315,0.983164340054067,0.0,40085,0.984078,0.14728130400180817,0.015832507982850075,243
7667,/home/projects/bagon/shared/imagenet512/val/n03141823/ILSVRC2012_val_00027513.JPEG,3061,2518.207251548767,0.0009975433349609375,0.16362169672948296,0.995164495200394,0.0,40086,0.983129,0.13058917224407196,0.003826717846095562,466
7668,/home/projects/bagon/shared/imagenet512/val/n02808304/ILSVRC2012_val_00042579.JPEG,1077,310.3565368652344,0.0009984970092773438,0.06799353021696183,0.9133717452198599,0.0,40087,0.996334,0.47568970918655396,0.08561413735151291,121
7669,/home/projects/bagon/shared/imagenet512/val/n02090721/ILSVRC2012_val_00042158.JPEG,1745,190.7005968093872,0.0009937286376953125,0.08678197438323738,0.6810976355012888,0.0,40088,0.990883,0.519677460193634,0.31790462136268616,62
7670,/home/projects/bagon/shared/imagenet512/val/n02110063/ILSVRC2012_val_00008270.JPEG,2848,835.4737033843994,0.000995635986328125,0.13065413798009579,0.959404167872351,0.0,40089,0.970458,0.32012036442756653,0.039593085646629333,370
7671,/home/projects/bagon/shared/imagenet512/val/n02099429/ILSVRC2012_val_00044629.JPEG,1645,1003.6471347808838,0.00099945068359375,0.09564418320370245,0.9915698238596384,0.0,40090,0.991978,0.13766014575958252,0.007422621361911297,184
7672,/home/projects/bagon/shared/imagenet512/val/n01950731/ILSVRC2012_val_00046587.JPEG,2023,261.4454154968262,0.0009908676147460938,0.09647671692015546,0.7581684022728824,0.0,40091,0.987787,0.7317430377006531,0.24083516001701355,140
7673,/home/projects/bagon/shared/imagenet512/val/n03763968/ILSVRC2012_val_00016657.JPEG,2045,370.0171871185303,0.0009975433349609375,0.09819956738352381,0.8629413392286645,0.0,40094,0.986061,0.5228431820869446,0.1360555738210678,136
7674,/home/projects/bagon/shared/imagenet512/val/n03961711/ILSVRC2012_val_00001853.JPEG,1198,929.1518974304199,0.0009918212890625,0.08324636508422388,0.9881341723658953,0.0,40095,0.988865,0.1759488433599472,0.010860122740268707,232
7675,/home/projects/bagon/shared/imagenet512/val/n04264628/ILSVRC2012_val_00032561.JPEG,3390,259.3616352081299,0.0009937286376953125,0.12675505891321798,0.6418997676700315,0.0,40097,0.980191,0.49071890115737915,0.35709822177886963,65
7676,/home/projects/bagon/shared/imagenet512/val/n09288635/ILSVRC2012_val_00038012.JPEG,751,71.10699844360352,0.00099945068359375,0.04365692899903912,0.6213260686325699,0.0,40098,0.991515,0.3776717185974121,0.3776717185974121,0
7677,/home/projects/bagon/shared/imagenet512/val/n04330267/ILSVRC2012_val_00010670.JPEG,2422,750.2025842666626,0.0009937286376953125,0.12025583357437178,0.9471525362731927,0.0,40099,0.987619,0.38283205032348633,0.0518437959253788,198
7678,/home/projects/bagon/shared/imagenet512/val/n01665541/ILSVRC2012_val_00029324.JPEG,2108,678.0068616867065,0.0009965896606445312,0.09702300823190291,0.9683039968053854,0.0,40101,0.983538,0.42260175943374634,0.030691029503941536,208
7679,/home/projects/bagon/shared/imagenet512/val/n04346328/ILSVRC2012_val_00019273.JPEG,1672,410.8980350494385,0.0009918212890625,0.09218832665614178,0.8772239060934033,0.0,40102,0.987774,0.12178513407707214,0.12178513407707214,0
7680,/home/projects/bagon/shared/imagenet512/val/n04604644/ILSVRC2012_val_00033877.JPEG,2004,732.9719429016113,0.0009975433349609375,0.10321821572825593,0.9615479067523311,0.0,40104,0.985559,0.26568907499313354,0.03744560480117798,194
7681,/home/projects/bagon/shared/imagenet512/val/n03769881/ILSVRC2012_val_00043105.JPEG,2650,866.0197992324829,0.0009965896606445312,0.13782993011133676,0.9403843130442279,0.0,40105,0.984335,0.2483471930027008,0.05861488729715347,243
7682,/home/projects/bagon/shared/imagenet512/val/n02089867/ILSVRC2012_val_00010950.JPEG,3188,1788.9996252059937,0.0009984970092773438,0.13759546588749902,0.9982340147673665,0.0,40106,0.982848,0.7688416838645935,0.0010135730262845755,356
7683,/home/projects/bagon/shared/imagenet512/val/n04033901/ILSVRC2012_val_00010234.JPEG,1153,334.81462383270264,0.0009965896606445312,0.07472283416928473,0.8832324232889256,0.0,40107,0.989540,0.13205495476722717,0.11575431376695633,14
7684,/home/projects/bagon/shared/imagenet512/val/n01698640/ILSVRC2012_val_00032796.JPEG,1877,496.6677932739258,0.0009984970092773438,0.08857442689732575,0.9463405197630185,0.0,40108,0.986371,0.39840489625930786,0.05265438184142113,164
7685,/home/projects/bagon/shared/imagenet512/val/n03532672/ILSVRC2012_val_00018823.JPEG,3687,1338.7844743728638,0.0009946823120117188,0.16123717497323425,0.968763687205767,0.0,40109,0.979160,0.11108019202947617,0.030235053971409798,152
7686,/home/projects/bagon/shared/imagenet512/val/n02109961/ILSVRC2012_val_00007551.JPEG,4698,552.8969821929932,0.000995635986328125,0.17690620951133765,0.777253409252638,0.0,40110,0.987780,0.42601045966148376,0.22174160182476044,130
7687,/home/projects/bagon/shared/imagenet512/val/n04263257/ILSVRC2012_val_00041729.JPEG,2676,884.5921564102173,0.00099945068359375,0.13640154302502536,0.9536109071470101,0.0,40111,0.981723,0.0718495324254036,0.04537671059370041,89
7688,/home/projects/bagon/shared/imagenet512/val/n03100240/ILSVRC2012_val_00009569.JPEG,2873,714.4498348236084,0.0009918212890625,0.1356108196183566,0.9203612117426339,0.0,40112,0.993781,0.18471477925777435,0.07863977551460266,126
7689,/home/projects/bagon/shared/imagenet512/val/n03676483/ILSVRC2012_val_00004742.JPEG,2164,1109.0532178878784,0.0009889602661132812,0.11976615260468301,0.9834118537430274,0.0,40113,0.984649,0.10025953501462936,0.015596875920891762,176
7690,/home/projects/bagon/shared/imagenet512/val/n04090263/ILSVRC2012_val_00042016.JPEG,2241,869.262186050415,0.00099945068359375,0.10036819785808343,0.9850211348062944,0.0,40114,0.979893,0.4858447313308716,0.013971839100122452,247
7691,/home/projects/bagon/shared/imagenet512/val/n06596364/ILSVRC2012_val_00047005.JPEG,1724,1918.485478401184,0.0009937286376953125,0.11740306713142895,0.9955001100481532,0.0,40117,0.977569,0.22016087174415588,0.003519925754517317,507
7692,/home/projects/bagon/shared/imagenet512/val/n01829413/ILSVRC2012_val_00044903.JPEG,1985,1769.463571548462,0.0009927749633789062,0.11497364832519942,0.9974243736107705,0.0,40118,0.975216,0.10322848707437515,0.0015852688811719418,336
7693,/home/projects/bagon/shared/imagenet512/val/n03075370/ILSVRC2012_val_00007910.JPEG,2295,1700.7224969863892,0.00099945068359375,0.1351096773925288,0.990942545550925,0.0,40119,0.979854,0.0772436112165451,0.008053675293922424,340
7694,/home/projects/bagon/shared/imagenet512/val/n02096294/ILSVRC2012_val_00026475.JPEG,2696,627.5106029510498,0.0009984970092773438,0.11590604205171674,0.9490364361414402,0.0,40120,0.993027,0.4956895112991333,0.049956172704696655,190
7695,/home/projects/bagon/shared/imagenet512/val/n03400231/ILSVRC2012_val_00042145.JPEG,1844,304.9060411453247,0.0009927749633789062,0.08775173520694918,0.8755130083788507,0.0,40122,0.991235,0.4056507647037506,0.12348699569702148,75
7696,/home/projects/bagon/shared/imagenet512/val/n03706229/ILSVRC2012_val_00018894.JPEG,1773,1132.8359231948853,0.0009937286376953125,0.10192151616149188,0.9925697606074889,0.0,40123,0.982913,0.27324968576431274,0.006431885063648224,300
7697,/home/projects/bagon/shared/imagenet512/val/n01494475/ILSVRC2012_val_00034115.JPEG,2322,466.56152534484863,0.0009965896606445312,0.10591041837230819,0.906224936494026,0.0,40124,0.989163,0.30760979652404785,0.09276904165744781,119
7698,/home/projects/bagon/shared/imagenet512/val/n03658185/ILSVRC2012_val_00019541.JPEG,3312,755.9368677139282,0.0009965896606445312,0.1420793572477363,0.9299918144759657,0.0,40125,0.982943,0.08362028747797012,0.06900345534086227,32
7699,/home/projects/bagon/shared/imagenet512/val/n03000134/ILSVRC2012_val_00024210.JPEG,1677,1283.8679313659668,0.0009984970092773438,0.10579942797751066,0.9889102939652161,0.0,40126,0.976408,0.3300197422504425,0.01008670125156641,340
7700,/home/projects/bagon/shared/imagenet512/val/n02094258/ILSVRC2012_val_00017817.JPEG,2693,396.5169839859009,0.0009984970092773438,0.11266106870299805,0.8407042446316109,0.0,40127,0.993215,0.3674968481063843,0.15829329192638397,126
7701,/home/projects/bagon/shared/imagenet512/val/n02111500/ILSVRC2012_val_00006232.JPEG,1652,35.90752124786377,0.00099945068359375,0.062186354694055555,0.26733457694522944,0.0,40128,0.987293,0.7316590547561646,0.7316590547561646,0
7702,/home/projects/bagon/shared/imagenet512/val/n01749939/ILSVRC2012_val_00030360.JPEG,2698,1782.41898727417,0.0009889602661132812,0.12955185557444432,0.9955525858660329,0.0,40129,0.978856,0.12570109963417053,0.003455285681411624,304
7703,/home/projects/bagon/shared/imagenet512/val/n04009552/ILSVRC2012_val_00002739.JPEG,1830,1725.9905223846436,0.0009927749633789062,0.12076760486591315,0.9947129907606295,0.0,40130,0.985130,0.3255290687084198,0.004291868302971125,373
7704,/home/projects/bagon/shared/imagenet512/val/n07880968/ILSVRC2012_val_00043866.JPEG,1720,590.8203191757202,0.0009965896606445312,0.09442252107073348,0.9593458870495889,0.0,40131,0.987132,0.25296899676322937,0.03965194150805473,109
7705,/home/projects/bagon/shared/imagenet512/val/n02123045/ILSVRC2012_val_00028829.JPEG,2689,1195.541522026062,0.0009927749633789062,0.12127647801021525,0.9936295301443436,0.0,40132,0.981356,0.21146157383918762,0.005371411330997944,194
7706,/home/projects/bagon/shared/imagenet512/val/n03787032/ILSVRC2012_val_00040935.JPEG,2126,314.1257038116455,0.0009965896606445312,0.07791364127878204,0.914966356566405,0.0,40133,0.985688,0.26942360401153564,0.08402714133262634,78
7707,/home/projects/bagon/shared/imagenet512/val/n02791270/ILSVRC2012_val_00002611.JPEG,2052,422.7445316314697,0.000995635986328125,0.10583449542906663,0.8631471827691184,0.0,40134,0.980604,0.3066970705986023,0.13584662973880768,102
7708,/home/projects/bagon/shared/imagenet512/val/n03388549/ILSVRC2012_val_00023839.JPEG,1423,165.12566375732422,0.0009975433349609375,0.0709185148517,0.7436169440893359,0.0,40135,0.989613,0.2553838789463043,0.2553838789463043,0
7709,/home/projects/bagon/shared/imagenet512/val/n02807133/ILSVRC2012_val_00001584.JPEG,1459,672.5120811462402,0.0009984970092773438,0.08925412557254685,0.9658138582307887,0.0,40136,0.981190,0.32790446281433105,0.033181194216012955,241
7710,/home/projects/bagon/shared/imagenet512/val/n03891251/ILSVRC2012_val_00003224.JPEG,1588,2285.665714263916,0.00099945068359375,0.11362307963433688,0.9979714139961593,0.0,40137,0.976008,0.08008809387683868,0.0010248308535665274,389
7711,/home/projects/bagon/shared/imagenet512/val/n03188531/ILSVRC2012_val_00033272.JPEG,2036,578.894829750061,0.0009918212890625,0.10152474119977914,0.9422448579751328,0.0,40138,0.982957,0.09067225456237793,0.05675848200917244,42
7712,/home/projects/bagon/shared/imagenet512/val/n04277352/ILSVRC2012_val_00038422.JPEG,1139,541.3354682922363,0.0009946823120117188,0.07638811021657134,0.964696058276682,0.0,40139,0.989568,0.2936611771583557,0.0343174934387207,209
7713,/home/projects/bagon/shared/imagenet512/val/n03792782/ILSVRC2012_val_00015867.JPEG,2056,195.85626602172852,0.0009965896606445312,0.08876115041401463,0.7329638042777192,0.0,40140,0.991922,0.48818546533584595,0.2660394012928009,54
7714,/home/projects/bagon/shared/imagenet512/val/n03763968/ILSVRC2012_val_00008107.JPEG,1055,95.28960514068604,0.0009946823120117188,0.051600783465230726,0.6585418304857035,0.0,40141,0.991978,0.6227563619613647,0.3404628336429596,41
7715,/home/projects/bagon/shared/imagenet512/val/n03916031/ILSVRC2012_val_00042837.JPEG,2318,543.9183931350708,0.0009984970092773438,0.11672410908532317,0.8885177827636368,0.0,40142,0.982570,0.21539881825447083,0.11048293113708496,103
7716,/home/projects/bagon/shared/imagenet512/val/n06874185/ILSVRC2012_val_00021177.JPEG,1416,782.8651371002197,0.0009965896606445312,0.09464206470648646,0.9698298857423511,0.0,40144,0.992044,0.22827987372875214,0.02916841395199299,177
7717,/home/projects/bagon/shared/imagenet512/val/n04162706/ILSVRC2012_val_00020770.JPEG,1544,867.5954666137695,0.0009937286376953125,0.10089663526291384,0.9715847644237163,0.0,40148,0.987791,0.0344420000910759,0.027412407100200653,27
7718,/home/projects/bagon/shared/imagenet512/val/n03876231/ILSVRC2012_val_00011153.JPEG,2616,2835.013548851013,0.000995635986328125,0.15775092894364584,0.9970350523475868,0.0,40149,0.962881,0.27950596809387207,0.0019623106345534325,545
7719,/home/projects/bagon/shared/imagenet512/val/n03950228/ILSVRC2012_val_00008882.JPEG,3466,603.8450679779053,0.00099945068359375,0.13112871015640296,0.9166220293579488,0.0,40150,0.988815,0.47685471177101135,0.08237314969301224,190
7720,/home/projects/bagon/shared/imagenet512/val/n02226429/ILSVRC2012_val_00013924.JPEG,3091,1145.5055828094482,0.0009965896606445312,0.14015195609871733,0.981664796497913,0.0,40153,0.982760,0.45392319560050964,0.0173295009881258,220
7721,/home/projects/bagon/shared/imagenet512/val/n02504458/ILSVRC2012_val_00002282.JPEG,1791,261.7926445007324,0.000995635986328125,0.08848502006690304,0.7871498080519663,0.0,40155,0.968334,0.7336006164550781,0.21184735000133514,138
7722,/home/projects/bagon/shared/imagenet512/val/n03970156/ILSVRC2012_val_00005311.JPEG,2813,1313.3909406661987,0.00099945068359375,0.13798801536616212,0.9837234816472823,0.0,40156,0.987997,0.09510108828544617,0.015271955169737339,200
7723,/home/projects/bagon/shared/imagenet512/val/n03179701/ILSVRC2012_val_00021078.JPEG,2819,578.1472702026367,0.00099945068359375,0.131712413267712,0.8724879835557178,0.0,40157,0.988780,0.1675991714000702,0.1265040934085846,80
7724,/home/projects/bagon/shared/imagenet512/val/n04127249/ILSVRC2012_val_00040574.JPEG,2597,5378.434794425964,0.0009908676147460938,0.17299425692307943,0.9989453684020648,0.0,40159,0.988170,0.22365756332874298,9.584077633917332e-05,844
7725,/home/projects/bagon/shared/imagenet512/val/n04357314/ILSVRC2012_val_00029557.JPEG,2707,1589.5089473724365,0.00099945068359375,0.14710458358981146,0.9872408184795791,0.0,40160,0.987807,0.03430589661002159,0.011752097867429256,144
7726,/home/projects/bagon/shared/imagenet512/val/n03658185/ILSVRC2012_val_00049058.JPEG,2856,1991.829426765442,0.000995635986328125,0.14661316050762876,0.9957813062679649,0.0,40161,0.980361,0.08540850877761841,0.003218242898583412,348
7727,/home/projects/bagon/shared/imagenet512/val/n01914609/ILSVRC2012_val_00011035.JPEG,2599,218.54237174987793,0.0009965896606445312,0.09210154641879983,0.7665783380799249,0.0,40163,0.992004,0.4299894869327545,0.23241829872131348,58
7728,/home/projects/bagon/shared/imagenet512/val/n01697457/ILSVRC2012_val_00034898.JPEG,2209,3093.3723917007446,0.0009889602661132812,0.1272246848721628,0.9993251879572974,0.0,40165,0.979408,0.12878970801830292,0.00023728827363811433,538
7729,/home/projects/bagon/shared/imagenet512/val/n02447366/ILSVRC2012_val_00025242.JPEG,1890,947.8126754760742,0.0009918212890625,0.10804635612593422,0.9739343383421203,0.0,40166,0.982143,0.12103140354156494,0.025063835084438324,188
7730,/home/projects/bagon/shared/imagenet512/val/n04251144/ILSVRC2012_val_00005678.JPEG,1703,1878.051197052002,0.0009899139404296875,0.109344680945981,0.9978251700613109,0.0,40167,0.985541,0.8295044898986816,0.001173953409306705,445
7731,/home/projects/bagon/shared/imagenet512/val/n02879718/ILSVRC2012_val_00017996.JPEG,1229,511.8580560684204,0.0009975433349609375,0.07779558162095714,0.9489587826631403,0.0,40168,0.981358,0.054000549018383026,0.05003783851861954,9
7732,/home/projects/bagon/shared/imagenet512/val/n02443114/ILSVRC2012_val_00006225.JPEG,2990,403.4217863082886,0.0009946823120117188,0.13190613618644373,0.7899056849480927,0.0,40171,0.982148,0.4324156641960144,0.2090936005115509,136
7733,/home/projects/bagon/shared/imagenet512/val/n02109961/ILSVRC2012_val_00022485.JPEG,4105,376.1818332672119,0.0009870529174804688,0.14811324187441105,0.7318090572828708,0.0,40172,0.988034,0.3478623330593109,0.26719367504119873,81
7734,/home/projects/bagon/shared/imagenet512/val/n03657121/ILSVRC2012_val_00013060.JPEG,1777,1799.1597356796265,0.0009908676147460938,0.11649065549813696,0.9951399777110385,0.0,40173,0.967246,0.1296791136264801,0.003864286234602332,362
7735,/home/projects/bagon/shared/imagenet512/val/n04356056/ILSVRC2012_val_00023501.JPEG,3777,326.22693157196045,0.0009975433349609375,0.14840548161207584,0.6569196579520762,0.0,40175,0.988703,0.5687552094459534,0.34207144379615784,117
7736,/home/projects/bagon/shared/imagenet512/val/n03532672/ILSVRC2012_val_00047501.JPEG,2902,2139.973527908325,0.0009937286376953125,0.15117482034735852,0.9940223580721965,0.0,40176,0.978456,0.21773779392242432,0.004973073489964008,394
7737,/home/projects/bagon/shared/imagenet512/val/n03249569/ILSVRC2012_val_00006656.JPEG,2269,2594.131314277649,0.0009937286376953125,0.14407319288921078,0.9963943311963146,0.0,40177,0.982188,0.13330847024917603,0.0026043616235256195,468
7738,/home/projects/bagon/shared/imagenet512/val/n03372029/ILSVRC2012_val_00009395.JPEG,1840,240.3608055114746,0.0009965896606445312,0.09212168124430688,0.747035504106944,0.0,40178,0.994766,0.25196200609207153,0.25196200609207153,0
7739,/home/projects/bagon/shared/imagenet512/val/n04258138/ILSVRC2012_val_00000897.JPEG,1324,695.9699382781982,0.0009984970092773438,0.08602337048031415,0.9728173224271843,0.0,40179,0.989018,0.054285790771245956,0.026177432388067245,58
7740,/home/projects/bagon/shared/imagenet512/val/n02105251/ILSVRC2012_val_00022566.JPEG,2996,1064.3219919204712,0.000995635986328125,0.14291759383260474,0.9731174676895168,0.0,40180,0.989191,0.5716952681541443,0.025880886241793633,352
7741,/home/projects/bagon/shared/imagenet512/val/n04536866/ILSVRC2012_val_00001118.JPEG,2291,1058.4549884796143,0.00099945068359375,0.11989528352269231,0.9788951287192564,0.0,40181,0.992934,0.10013853013515472,0.020101144909858704,199
7742,/home/projects/bagon/shared/imagenet512/val/n03337140/ILSVRC2012_val_00021909.JPEG,1816,283.50081157684326,0.000995635986328125,0.0944177511764753,0.78350747330357,0.0,40183,0.989631,0.27243781089782715,0.21549570560455322,37
7743,/home/projects/bagon/shared/imagenet512/val/n01755581/ILSVRC2012_val_00026379.JPEG,2452,2197.019932746887,0.0009984970092773438,0.11360510510100916,0.9984938323249708,0.0,40189,0.982653,0.7933976054191589,0.0009159035398624837,477
7744,/home/projects/bagon/shared/imagenet512/val/n03690938/ILSVRC2012_val_00040596.JPEG,2856,2374.9937801361084,0.0009984970092773438,0.1582449015093457,0.996640274208057,0.0,40190,0.966646,0.11453908681869507,0.0023539133835583925,511
7745,/home/projects/bagon/shared/imagenet512/val/n03124170/ILSVRC2012_val_00008522.JPEG,2720,613.6328926086426,0.0009937286376953125,0.12210510058299356,0.928212801092015,0.0,40191,0.992351,0.08008017390966415,0.07078807055950165,13
7746,/home/projects/bagon/shared/imagenet512/val/n04209239/ILSVRC2012_val_00041879.JPEG,1627,557.0423765182495,0.00099945068359375,0.09358779434707179,0.9454250160289188,0.0,40192,0.988842,0.37327274680137634,0.05357734486460686,160
7747,/home/projects/bagon/shared/imagenet512/val/n02123159/ILSVRC2012_val_00041877.JPEG,3435,1174.1410751342773,0.0009975433349609375,0.15689641991456796,0.9691722501088664,0.0,40193,0.986342,0.11968614161014557,0.02982231229543686,428
7748,/home/projects/bagon/shared/imagenet512/val/n02107312/ILSVRC2012_val_00004750.JPEG,3253,1182.3314504623413,0.0009937286376953125,0.14213248930639766,0.9811362450807559,0.0,40194,0.982294,0.046693626791238785,0.017863549292087555,188
7749,/home/projects/bagon/shared/imagenet512/val/n03916031/ILSVRC2012_val_00010916.JPEG,3112,790.8194923400879,0.00099945068359375,0.13576790893958177,0.9418688991057669,0.0,40195,0.968034,0.3875347077846527,0.057121533900499344,278
7750,/home/projects/bagon/shared/imagenet512/val/n02128757/ILSVRC2012_val_00032794.JPEG,1287,210.66321277618408,0.00099945068359375,0.07546622491682521,0.7560476964221964,0.0,40197,0.988312,0.24294579029083252,0.24294579029083252,0
7751,/home/projects/bagon/shared/imagenet512/val/n02085782/ILSVRC2012_val_00018296.JPEG,1795,114.48925876617432,0.0009984970092773438,0.08140572316943806,0.5411292150614313,0.0,40199,0.992781,0.45785924792289734,0.45785924792289734,0
7752,/home/projects/bagon/shared/imagenet512/val/n03482405/ILSVRC2012_val_00048673.JPEG,1055,219.72228145599365,0.0009937286376953125,0.06273361658900395,0.8534441518147766,0.0,40201,0.997030,0.4479236304759979,0.14556047320365906,72
7753,/home/projects/bagon/shared/imagenet512/val/n01773549/ILSVRC2012_val_00012895.JPEG,2118,493.05635356903076,0.0009984970092773438,0.09379060649635404,0.9137218205921072,0.0,40202,0.971079,0.24977001547813416,0.08527377992868423,93
7754,/home/projects/bagon/shared/imagenet512/val/n01644900/ILSVRC2012_val_00049316.JPEG,2166,2545.6868324279785,0.0009937286376953125,0.13174024144626875,0.9978207672430334,0.0,40204,0.979242,0.16565392911434174,0.0013783255126327276,534
7755,/home/projects/bagon/shared/imagenet512/val/n03249569/ILSVRC2012_val_00034434.JPEG,2416,4104.848742485046,0.0009984970092773438,0.15394487085764114,0.9987263134271954,0.0,40205,0.984277,0.025551864877343178,0.00029419304337352514,609
7756,/home/projects/bagon/shared/imagenet512/val/n03494278/ILSVRC2012_val_00015448.JPEG,1520,391.6540222167969,0.0009899139404296875,0.08419995126951921,0.901196966868802,0.0,40206,0.989944,0.20870506763458252,0.09781180322170258,68
7757,/home/projects/bagon/shared/imagenet512/val/n02088632/ILSVRC2012_val_00046273.JPEG,1652,908.3643703460693,0.0009927749633789062,0.09724751570060457,0.9807108579290191,0.0,40207,0.969224,0.25417181849479675,0.018282264471054077,228
7758,/home/projects/bagon/shared/imagenet512/val/n09288635/ILSVRC2012_val_00037151.JPEG,798,79.48549938201904,0.0009946823120117188,0.04982607611261242,0.5632125689074252,0.0,40208,0.995185,0.43579551577568054,0.43579551577568054,0
7759,/home/projects/bagon/shared/imagenet512/val/n02110185/ILSVRC2012_val_00006539.JPEG,3902,229.37297439575195,0.0009908676147460938,0.1456468175975853,0.5211048688885138,0.0,40209,0.989762,0.4914082884788513,0.4778926372528076,10
7760,/home/projects/bagon/shared/imagenet512/val/n02910353/ILSVRC2012_val_00026105.JPEG,2494,1774.0152807235718,0.0009908676147460938,0.13506255574170345,0.9946314972874923,0.0,40213,0.969892,0.09670557826757431,0.00436741579324007,275
7761,/home/projects/bagon/shared/imagenet512/val/n02169497/ILSVRC2012_val_00019357.JPEG,2464,1065.4106874465942,0.0009965896606445312,0.12461384339361965,0.9778338726594573,0.0,40214,0.989561,0.4693169593811035,0.02116134762763977,382
7762,/home/projects/bagon/shared/imagenet512/val/n02423022/ILSVRC2012_val_00013417.JPEG,2244,1214.1521472930908,0.00099945068359375,0.11163515748491601,0.991427937384302,0.0,40215,0.988759,0.09674198925495148,0.007810213137418032,217
7763,/home/projects/bagon/shared/imagenet512/val/n03843555/ILSVRC2012_val_00029904.JPEG,1493,628.7162399291992,0.00099945068359375,0.09118866635836968,0.9597545783855818,0.0,40216,0.993530,0.30901527404785156,0.03924241662025452,191
7764,/home/projects/bagon/shared/imagenet512/val/n03676483/ILSVRC2012_val_00027770.JPEG,2084,2472.4612140655518,0.0009984970092773438,0.12482548849447014,0.9985205636793479,0.0,40217,0.981589,0.46444496512413025,0.0006160404882393777,526
7765,/home/projects/bagon/shared/imagenet512/val/n04090263/ILSVRC2012_val_00000894.JPEG,4540,283.25210094451904,0.0009975433349609375,0.14674690643312832,0.63725060497294,0.0,40218,0.989645,0.5790950655937195,0.36174410581588745,96
7766,/home/projects/bagon/shared/imagenet512/val/n04523525/ILSVRC2012_val_00018433.JPEG,2533,507.7834825515747,0.0009899139404296875,0.11890586266017258,0.8891064681086869,0.0,40219,0.984161,0.10989830642938614,0.10989830642938614,0
7767,/home/projects/bagon/shared/imagenet512/val/n02777292/ILSVRC2012_val_00028173.JPEG,2159,1118.0534868240356,0.0009975433349609375,0.11756908649960893,0.9811124348873617,0.0,40220,0.982750,0.04462346062064171,0.017883606255054474,101
7768,/home/projects/bagon/shared/imagenet512/val/n02699494/ILSVRC2012_val_00016156.JPEG,1842,114.8333911895752,0.00099945068359375,0.08119768503287554,0.5534873889573004,0.0,40223,0.991583,0.44550424814224243,0.44550424814224243,0
7769,/home/projects/bagon/shared/imagenet512/val/n04357314/ILSVRC2012_val_00007627.JPEG,2870,1656.100975036621,0.0009965896606445312,0.1308195925565909,0.9952329142520995,0.0,40225,0.978748,0.21476545929908752,0.0037619085051119328,362
7770,/home/projects/bagon/shared/imagenet512/val/n03633091/ILSVRC2012_val_00037904.JPEG,3009,1399.6532192230225,0.0009918212890625,0.1489225402194256,0.9823269476561739,0.0,40226,0.987012,0.3145037293434143,0.016673604026436806,311
7771,/home/projects/bagon/shared/imagenet512/val/n04557648/ILSVRC2012_val_00049929.JPEG,2156,2816.2866821289062,0.0009965896606445312,0.11432684546710359,0.9994868662785374,0.0,40227,0.987853,0.8395703434944153,0.00013461893831845373,563
7772,/home/projects/bagon/shared/imagenet512/val/n02013706/ILSVRC2012_val_00047809.JPEG,1151,79.56381320953369,0.0009946823120117188,0.06080537910300842,0.5266973371274896,0.0,40228,0.995694,0.4722955822944641,0.4722955822944641,0
7773,/home/projects/bagon/shared/imagenet512/val/n03720891/ILSVRC2012_val_00018219.JPEG,2186,514.518632888794,0.0009899139404296875,0.10529944734200881,0.9265659198535678,0.0,40229,0.983590,0.7392547726631165,0.0724402368068695,214
7774,/home/projects/bagon/shared/imagenet512/val/n01756291/ILSVRC2012_val_00024795.JPEG,3879,738.3633527755737,0.0009918212890625,0.16111003320756898,0.8826049403843708,0.0,40231,0.976391,0.4460667073726654,0.11639607697725296,340
7775,/home/projects/bagon/shared/imagenet512/val/n03075370/ILSVRC2012_val_00046514.JPEG,2746,2406.9997329711914,0.0009965896606445312,0.14911504631754033,0.9969281440559847,0.0,40232,0.970098,0.25219082832336426,0.0020702416077256203,517
7776,/home/projects/bagon/shared/imagenet512/val/n04501370/ILSVRC2012_val_00016643.JPEG,967,41.99682807922363,0.0009965896606445312,0.05238979755416516,0.35328767360976765,0.0,40233,0.997048,0.6456966400146484,0.6456966400146484,0
7777,/home/projects/bagon/shared/imagenet512/val/n04371430/ILSVRC2012_val_00020245.JPEG,2371,1440.2162504196167,0.000995635986328125,0.1308172585152407,0.9895076380486253,0.0,40235,0.980731,0.16698594391345978,0.009495613165199757,275
7778,/home/projects/bagon/shared/imagenet512/val/n07749582/ILSVRC2012_val_00017184.JPEG,2584,1186.2801694869995,0.0009889602661132812,0.12772361554849898,0.9851268785031879,0.0,40236,0.979489,0.09800034761428833,0.013874235562980175,193
7779,/home/projects/bagon/shared/imagenet512/val/n02099267/ILSVRC2012_val_00004341.JPEG,2698,956.4223461151123,0.0009975433349609375,0.12531887123906316,0.9782453775769289,0.0,40240,0.979147,0.2858825623989105,0.020748808979988098,198
7780,/home/projects/bagon/shared/imagenet512/val/n02123045/ILSVRC2012_val_00022080.JPEG,2866,376.276159286499,0.0009889602661132812,0.11722123580893787,0.837636988546171,0.0,40241,0.980451,0.16136816143989563,0.16136816143989563,0
7781,/home/projects/bagon/shared/imagenet512/val/n03958227/ILSVRC2012_val_00029044.JPEG,1529,503.56277656555176,0.0009946823120117188,0.09319717953466405,0.906575101819482,0.0,40243,0.989943,0.19919241964817047,0.09242095053195953,90
7782,/home/projects/bagon/shared/imagenet512/val/n04311174/ILSVRC2012_val_00045460.JPEG,1746,956.5731048583984,0.0009908676147460938,0.1003042126586115,0.9841603215812861,0.0,40244,0.985430,0.23238562047481537,0.014844000339508057,217
7783,/home/projects/bagon/shared/imagenet512/val/n03483316/ILSVRC2012_val_00043382.JPEG,2093,1550.7997941970825,0.0009918212890625,0.12621909229370196,0.9898290784754089,0.0,40245,0.970598,0.05881323665380478,0.009172962047159672,231
7784,/home/projects/bagon/shared/imagenet512/val/n04118538/ILSVRC2012_val_00030547.JPEG,2243,2221.9884729385376,0.0009937286376953125,0.1302449017475647,0.997862840108917,0.0,40246,0.963208,0.6439074277877808,0.0011331947753205895,476
7785,/home/projects/bagon/shared/imagenet512/val/n03733281/ILSVRC2012_val_00025868.JPEG,1493,2047.7172088623047,0.0009927749633789062,0.10402012570308382,0.9972374680567146,0.0,40247,0.984855,0.09837930649518967,0.0017636183183640242,361
7786,/home/projects/bagon/shared/imagenet512/val/n03249569/ILSVRC2012_val_00016663.JPEG,2739,1890.7465925216675,0.00099945068359375,0.1488637186352076,0.9941014381215484,0.0,40248,0.982639,0.6858742833137512,0.004893821198493242,450
7787,/home/projects/bagon/shared/imagenet512/val/n07695742/ILSVRC2012_val_00004887.JPEG,1466,950.8290491104126,0.0009889602661132812,0.09365814748012016,0.9863445306425086,0.0,40249,0.989063,0.6486354470252991,0.012665882706642151,303
7788,/home/projects/bagon/shared/imagenet512/val/n03884397/ILSVRC2012_val_00008940.JPEG,1496,990.921778678894,0.000988006591796875,0.09328418027803288,0.9889399852168962,0.0,40250,0.984727,0.14733339846134186,0.010064296424388885,200
7789,/home/projects/bagon/shared/imagenet512/val/n04039381/ILSVRC2012_val_00044264.JPEG,895,174.73836517333984,0.0009918212890625,0.05975760682159294,0.7726024937552763,0.0,40251,0.995653,0.22640734910964966,0.22640734910964966,0
7790,/home/projects/bagon/shared/imagenet512/val/n02090379/ILSVRC2012_val_00005493.JPEG,3474,594.4805164337158,0.0009946823120117188,0.13325719872800962,0.9173956340751223,0.0,40252,0.992661,0.08160068839788437,0.08160068839788437,0
7791,/home/projects/bagon/shared/imagenet512/val/n07920052/ILSVRC2012_val_00025308.JPEG,1912,926.952054977417,0.0009918212890625,0.11065274525618021,0.9742473496790567,0.0,40253,0.985119,0.4249717891216278,0.024752218276262283,288
7792,/home/projects/bagon/shared/imagenet512/val/n02093991/ILSVRC2012_val_00039452.JPEG,2083,483.4451322555542,0.0009965896606445312,0.0997045856946886,0.9164211810599983,0.0,40254,0.993227,0.08257678151130676,0.08257678151130676,0
7793,/home/projects/bagon/shared/imagenet512/val/n02137549/ILSVRC2012_val_00003556.JPEG,2032,995.8288707733154,0.0009908676147460938,0.11683407538423833,0.9731712518807613,0.0,40255,0.986772,0.05545380339026451,0.025836700573563576,69
7794,/home/projects/bagon/shared/imagenet512/val/n03532672/ILSVRC2012_val_00039940.JPEG,2689,922.3618259429932,0.000995635986328125,0.11538860949462827,0.978934228576103,0.0,40256,0.933694,0.24135847389698029,0.0200654324144125,164
7795,/home/projects/bagon/shared/imagenet512/val/n03770439/ILSVRC2012_val_00018583.JPEG,2211,1127.6202058792114,0.0009937286376953125,0.1133007672501771,0.9894381239438406,0.0,40257,0.978111,0.4306285083293915,0.009564299136400223,287
7796,/home/projects/bagon/shared/imagenet512/val/n02776631/ILSVRC2012_val_00049148.JPEG,3357,1236.7943201065063,0.0009927749633789062,0.14790425950019168,0.9825988900028868,0.0,40258,0.968652,0.111184261739254,0.01641092076897621,176
7797,/home/projects/bagon/shared/imagenet512/val/n02098286/ILSVRC2012_val_00007746.JPEG,2270,1088.5797653198242,0.0009975433349609375,0.1130171709197172,0.9908946357914314,0.0,40260,0.965052,0.3124220669269562,0.008102900348603725,228
7798,/home/projects/bagon/shared/imagenet512/val/n03476991/ILSVRC2012_val_00007464.JPEG,2391,677.8049964904785,0.00099945068359375,0.12360014391343992,0.9223665216470139,0.0,40261,0.971390,0.34654858708381653,0.07662812620401382,168
7799,/home/projects/bagon/shared/imagenet512/val/n03065424/ILSVRC2012_val_00010428.JPEG,2218,852.4667024612427,0.0009975433349609375,0.11089196592726085,0.9773032351686146,0.0,40262,0.986039,0.07717157155275345,0.021689729765057564,152
7800,/home/projects/bagon/shared/imagenet512/val/n02488291/ILSVRC2012_val_00003539.JPEG,1628,695.2408390045166,0.0009918212890625,0.09081222876640324,0.9764987529090654,0.0,40263,0.989649,0.18260347843170166,0.022508030757308006,182
7801,/home/projects/bagon/shared/imagenet512/val/n02999410/ILSVRC2012_val_00009591.JPEG,1475,989.3734302520752,0.0009975433349609375,0.08978103293209705,0.9897628408249507,0.0,40264,0.974423,0.3437478542327881,0.009228883311152458,252
7802,/home/projects/bagon/shared/imagenet512/val/n03710721/ILSVRC2012_val_00015356.JPEG,3188,1683.7866735458374,0.0009946823120117188,0.14332967035813235,0.9938701710751938,0.0,40265,0.971468,0.2847590744495392,0.0051274229772388935,335
7803,/home/projects/bagon/shared/imagenet512/val/n07614500/ILSVRC2012_val_00044555.JPEG,3105,1746.6551036834717,0.0009946823120117188,0.15108962109405227,0.9920487824899489,0.0,40266,0.987658,0.07764742523431778,0.0069482396356761456,390
7804,/home/projects/bagon/shared/imagenet512/val/n02099267/ILSVRC2012_val_00039504.JPEG,3002,877.2079801559448,0.0009984970092773438,0.12656882695900276,0.97815373263171,0.0,40267,0.981621,0.2693741023540497,0.02083684876561165,192
7805,/home/projects/bagon/shared/imagenet512/val/n03272562/ILSVRC2012_val_00005895.JPEG,2550,366.9881868362427,0.0009899139404296875,0.11433947579621194,0.8187248410798785,0.0,40268,0.984188,0.28997480869293213,0.18027745187282562,80
7806,/home/projects/bagon/shared/imagenet512/val/n07248320/ILSVRC2012_val_00003594.JPEG,2452,936.0417737960815,0.000995635986328125,0.12664548144627885,0.9641119491199547,0.0,40269,0.991137,0.13446463644504547,0.03488381206989288,172
7807,/home/projects/bagon/shared/imagenet512/val/n03530642/ILSVRC2012_val_00025146.JPEG,1494,401.71781158447266,0.0009946823120117188,0.09369317235158561,0.8464958355120565,0.0,40270,0.994050,0.33348578214645386,0.15249988436698914,100
7808,/home/projects/bagon/shared/imagenet512/val/n04589890/ILSVRC2012_val_00035963.JPEG,1551,126.28103923797607,0.0009946823120117188,0.06929216542152378,0.7063767484757347,0.0,40271,0.996903,0.6479827165603638,0.29262295365333557,48
7809,/home/projects/bagon/shared/imagenet512/val/n02403003/ILSVRC2012_val_00016415.JPEG,2346,230.44348621368408,0.0009965896606445312,0.10193226575608633,0.7074713440600682,0.0,40272,0.992054,0.626065731048584,0.29152604937553406,104
7810,/home/projects/bagon/shared/imagenet512/val/n04553703/ILSVRC2012_val_00011665.JPEG,2371,522.0969877243042,0.0009937286376953125,0.10636640179465744,0.9301337676661425,0.0,40273,0.988989,0.20864011347293854,0.06886906921863556,80
7811,/home/projects/bagon/shared/imagenet512/val/n04239074/ILSVRC2012_val_00002553.JPEG,3384,1544.8913793563843,0.0009965896606445312,0.16243740989775443,0.9825565014534464,0.0,40274,0.979625,0.1215449869632721,0.01643918827176094,278
7812,/home/projects/bagon/shared/imagenet512/val/n04208210/ILSVRC2012_val_00045236.JPEG,2780,1253.3960876464844,0.0009975433349609375,0.1365554147786565,0.982423754251038,0.0,40275,0.986919,0.29142752289772034,0.01657206378877163,358
7813,/home/projects/bagon/shared/imagenet512/val/n01796340/ILSVRC2012_val_00040103.JPEG,1520,1170.3002319335938,0.0009965896606445312,0.10411777109842418,0.9853643436403999,0.0,40276,0.965696,0.15183494985103607,0.01363960187882185,321
7814,/home/projects/bagon/shared/imagenet512/val/n02321529/ILSVRC2012_val_00018073.JPEG,1004,186.90129947662354,0.0009918212890625,0.06081584780070611,0.8255120647591891,0.0,40277,0.995617,0.30929648876190186,0.17348867654800415,46
7815,/home/projects/bagon/shared/imagenet512/val/n03782006/ILSVRC2012_val_00045106.JPEG,4362,778.35426902771,0.00099945068359375,0.16434792421619676,0.9344989220666415,0.0,40278,0.979225,0.7238462567329407,0.0644889548420906,232
7816,/home/projects/bagon/shared/imagenet512/val/n03706229/ILSVRC2012_val_00042621.JPEG,2501,309.52305793762207,0.0009870529174804688,0.10699673451230196,0.7875554897336957,0.0,40279,0.989822,0.21145284175872803,0.21145284175872803,0
7817,/home/projects/bagon/shared/imagenet512/val/n03721384/ILSVRC2012_val_00019860.JPEG,1386,429.25541973114014,0.0009908676147460938,0.08197589900182775,0.9220514066184129,0.0,40280,0.984205,0.3007292151451111,0.0769449770450592,115
7818,/home/projects/bagon/shared/imagenet512/val/n02110806/ILSVRC2012_val_00043464.JPEG,1645,214.21889972686768,0.0009965896606445312,0.08264474619528209,0.7608813846909489,0.0,40281,0.991815,0.23811301589012146,0.23811301589012146,0
7819,/home/projects/bagon/shared/imagenet512/val/n02114855/ILSVRC2012_val_00044732.JPEG,2950,527.8614625930786,0.0009927749633789062,0.11832571054151367,0.9088607217379153,0.0,40282,0.980606,0.33186429738998413,0.09013890475034714,137
7820,/home/projects/bagon/shared/imagenet512/val/n04285008/ILSVRC2012_val_00022270.JPEG,3316,346.92289447784424,0.0009918212890625,0.12173307706758951,0.7852347680450324,0.0,40283,0.990730,0.7793195247650146,0.21376663446426392,193
7821,/home/projects/bagon/shared/imagenet512/val/n02396427/ILSVRC2012_val_00043558.JPEG,3441,540.1966104507446,0.0009965896606445312,0.14034658464799674,0.8739229623910487,0.0,40284,0.986984,0.28667426109313965,0.12507088482379913,83
7822,/home/projects/bagon/shared/imagenet512/val/n02788148/ILSVRC2012_val_00005769.JPEG,2231,563.2291469573975,0.0009984970092773438,0.11197626083871141,0.9185383713703454,0.0,40285,0.993103,0.23302921652793884,0.0804591178894043,198
7823,/home/projects/bagon/shared/imagenet512/val/n04493381/ILSVRC2012_val_00015843.JPEG,3934,268.9253988265991,0.0009937286376953125,0.13891795536518495,0.6204960913665354,0.0,40286,0.990550,0.5043113231658936,0.3785039782524109,72
7824,/home/projects/bagon/shared/imagenet512/val/n03938244/ILSVRC2012_val_00046619.JPEG,2305,1437.615294456482,0.00099945068359375,0.11905351434899218,0.9950585675937486,0.0,40287,0.979670,0.2785385847091675,0.003927251789718866,253
7825,/home/projects/bagon/shared/imagenet512/val/n04192698/ILSVRC2012_val_00018574.JPEG,1893,878.8649063110352,0.0009937286376953125,0.10506851423090632,0.9812474328016919,0.0,40291,0.977260,0.8711240291595459,0.017747994512319565,327
7826,/home/projects/bagon/shared/imagenet512/val/n03534580/ILSVRC2012_val_00033113.JPEG,2727,915.3090171813965,0.0009889602661132812,0.11976923178519427,0.9757619346335538,0.0,40292,0.985091,0.14480054378509521,0.023241223767399788,167
7827,/home/projects/bagon/shared/imagenet512/val/n02687172/ILSVRC2012_val_00042849.JPEG,1811,779.6297769546509,0.0009899139404296875,0.10325136196487306,0.9649155916345914,0.0,40294,0.978801,0.1472889930009842,0.034095898270606995,185
7828,/home/projects/bagon/shared/imagenet512/val/n02667093/ILSVRC2012_val_00007974.JPEG,1470,718.7890214920044,0.0009927749633789062,0.09199031957827643,0.962319724530182,0.0,40295,0.992038,0.20419318974018097,0.0366823747754097,162
7829,/home/projects/bagon/shared/imagenet512/val/n01744401/ILSVRC2012_val_00043836.JPEG,2395,316.910005569458,0.0009889602661132812,0.10802126994943308,0.7967426556773655,0.0,40296,0.985239,0.20225997269153595,0.20225997269153595,0
7830,/home/projects/bagon/shared/imagenet512/val/n06596364/ILSVRC2012_val_00018766.JPEG,2171,1799.7865648269653,0.0009908676147460938,0.11490466022939264,0.9982855827241048,0.0,40297,0.979072,0.6838646531105042,0.0010162394028156996,429
7831,/home/projects/bagon/shared/imagenet512/val/n03534580/ILSVRC2012_val_00002592.JPEG,3836,832.146782875061,0.0009984970092773438,0.14069938784046315,0.9666312348911265,0.0,40298,0.978247,0.12731534242630005,0.032360970973968506,102
7832,/home/projects/bagon/shared/imagenet512/val/n02277742/ILSVRC2012_val_00006514.JPEG,2145,504.89297580718994,0.0009918212890625,0.10828994661952408,0.8884780062671619,0.0,40299,0.990235,0.5904555320739746,0.11052025854587555,211
7833,/home/projects/bagon/shared/imagenet512/val/n01689811/ILSVRC2012_val_00010911.JPEG,1591,435.69107246398926,0.0009937286376953125,0.09023758660293074,0.8935499290155695,0.0,40301,0.986842,0.1839638203382492,0.10545239597558975,62
7834,/home/projects/bagon/shared/imagenet512/val/n02794156/ILSVRC2012_val_00042800.JPEG,1699,537.0110235214233,0.0009975433349609375,0.09080074506509633,0.9497261187305306,0.0,40305,0.992504,0.22296395897865295,0.04926865175366402,104
7835,/home/projects/bagon/shared/imagenet512/val/n04141076/ILSVRC2012_val_00043084.JPEG,2349,1152.0960664749146,0.0009965896606445312,0.11358115793134048,0.9891590152273313,0.0,40306,0.956456,0.10317175090312958,0.009842529892921448,175
7836,/home/projects/bagon/shared/imagenet512/val/n03877472/ILSVRC2012_val_00046238.JPEG,1564,1164.0752458572388,0.0009899139404296875,0.10338386058183507,0.9882452556476079,0.0,40307,0.984344,0.39199990034103394,0.010759634897112846,361
7837,/home/projects/bagon/shared/imagenet512/val/n03492542/ILSVRC2012_val_00011209.JPEG,1650,1342.2046489715576,0.0009946823120117188,0.11094803589364537,0.9872186548212288,0.0,40308,0.987478,0.3291035592556,0.01178344339132309,362
7838,/home/projects/bagon/shared/imagenet512/val/n03967562/ILSVRC2012_val_00025752.JPEG,1463,158.74187088012695,0.000995635986328125,0.0771863563770877,0.6733135722891692,0.0,40309,0.990402,0.32568320631980896,0.32568320631980896,0
7839,/home/projects/bagon/shared/imagenet512/val/n01608432/ILSVRC2012_val_00014196.JPEG,2098,635.1289224624634,0.0009937286376953125,0.10276847977194155,0.9584924708458316,0.0,40310,0.989611,0.4718082845211029,0.04050780087709427,176
7840,/home/projects/bagon/shared/imagenet512/val/n03814639/ILSVRC2012_val_00036811.JPEG,2652,1551.2982988357544,0.0009975433349609375,0.14329135600974768,0.9854935288262634,0.0,40311,0.962189,0.1208379715681076,0.013507861644029617,274
7841,/home/projects/bagon/shared/imagenet512/val/n03763968/ILSVRC2012_val_00047985.JPEG,1614,1101.7961692810059,0.0009908676147460938,0.09850444139151039,0.9892001498161053,0.0,40312,0.977615,0.208037331700325,0.009807060472667217,220
7842,/home/projects/bagon/shared/imagenet512/val/n02814860/ILSVRC2012_val_00047155.JPEG,1841,34.951087951660156,0.0009927749633789062,0.06653349884528927,0.23086200001180116,0.0,40313,0.988497,0.768139660358429,0.768139660358429,0
7843,/home/projects/bagon/shared/imagenet512/val/n04208210/ILSVRC2012_val_00023586.JPEG,1584,929.0702209472656,0.0009946823120117188,0.09619107898935343,0.9839123257080571,0.0,40314,0.985218,0.03393030911684036,0.015094482339918613,80
7844,/home/projects/bagon/shared/imagenet512/val/n01990800/ILSVRC2012_val_00049411.JPEG,1571,1015.7662763595581,0.0009946823120117188,0.10370299839232539,0.9818158937625523,0.0,40315,0.991120,0.07461471110582352,0.01718059927225113,215
7845,/home/projects/bagon/shared/imagenet512/val/n03763968/ILSVRC2012_val_00014202.JPEG,1744,1110.1789484024048,0.0009946823120117188,0.1083586967641467,0.9840980300490466,0.0,40316,0.979404,0.1096847802400589,0.014900331385433674,199
7846,/home/projects/bagon/shared/imagenet512/val/n02119789/ILSVRC2012_val_00021899.JPEG,2472,94.60338020324707,0.0009965896606445312,0.09445687669739708,0.39663184775868404,0.0,40319,0.992699,0.602362871170044,0.602362871170044,0
7847,/home/projects/bagon/shared/imagenet512/val/n01737021/ILSVRC2012_val_00043805.JPEG,1253,545.6032400131226,0.0009927749633789062,0.07781297165057223,0.9619265697375087,0.0,40322,0.987219,0.21663261950016022,0.037075310945510864,103
7848,/home/projects/bagon/shared/imagenet512/val/n04235860/ILSVRC2012_val_00036984.JPEG,970,274.37608432769775,0.0009975433349609375,0.06470004620912792,0.8815840334163769,0.0,40323,0.991224,0.17374518513679504,0.11741118133068085,32
7849,/home/projects/bagon/shared/imagenet512/val/n02939185/ILSVRC2012_val_00028378.JPEG,1527,392.0237731933594,0.00099945068359375,0.08861005401196036,0.8862474747058878,0.0,40324,0.986313,0.15856362879276276,0.11274237185716629,41
7850,/home/projects/bagon/shared/imagenet512/val/n02909870/ILSVRC2012_val_00049238.JPEG,3064,711.3741321563721,0.0009965896606445312,0.13361496336238812,0.9297235854143385,0.0,40325,0.973620,0.0918397530913353,0.06926903128623962,45
7851,/home/projects/bagon/shared/imagenet512/val/n04204238/ILSVRC2012_val_00028789.JPEG,2555,2894.8268995285034,0.000995635986328125,0.15334638256751454,0.9971656000475233,0.0,40326,0.978733,0.08671769499778748,0.001832405338063836,498
7852,/home/projects/bagon/shared/imagenet512/val/n01742172/ILSVRC2012_val_00045129.JPEG,1566,1533.6720504760742,0.0009965896606445312,0.09786238099281262,0.9967885567114174,0.0,40328,0.978718,0.18142691254615784,0.0022017760202288628,296
7853,/home/projects/bagon/shared/imagenet512/val/n03249569/ILSVRC2012_val_00014089.JPEG,2227,1016.850980758667,0.0009918212890625,0.1204089028878467,0.9734144500413847,0.0,40329,0.962143,0.08823049813508987,0.02558988146483898,169
7854,/home/projects/bagon/shared/imagenet512/val/n02097047/ILSVRC2012_val_00045674.JPEG,2314,322.9097204208374,0.0009927749633789062,0.10074694543135096,0.8277921494873565,0.0,40331,0.970355,0.5154154300689697,0.17121312022209167,140
7855,/home/projects/bagon/shared/imagenet512/val/n03180011/ILSVRC2012_val_00021891.JPEG,3220,321.40470027923584,0.0009984970092773438,0.12630796393738383,0.7399339922468557,0.0,40336,0.981008,0.4226591885089874,0.25906068086624146,79
7856,/home/projects/bagon/shared/imagenet512/val/n09468604/ILSVRC2012_val_00009596.JPEG,2624,586.4780254364014,0.0009984970092773438,0.1284523099209826,0.8966895622334474,0.0,40337,0.969183,0.2084158957004547,0.10230924934148788,64
7857,/home/projects/bagon/shared/imagenet512/val/n07684084/ILSVRC2012_val_00006466.JPEG,2319,2893.836567878723,0.00099945068359375,0.1390196369285295,0.9984999365153262,0.0,40339,0.978929,0.2633805572986603,0.0005712675047107041,609
7858,/home/projects/bagon/shared/imagenet512/val/n03476991/ILSVRC2012_val_00021548.JPEG,2990,1323.4643106460571,0.0009946823120117188,0.14411951839318668,0.9834973699444526,0.0,40340,0.964781,0.3982638418674469,0.015502279624342918,323
7859,/home/projects/bagon/shared/imagenet512/val/n04404412/ILSVRC2012_val_00023618.JPEG,3574,360.1069812774658,0.0009984970092773438,0.13563421034753953,0.76053524195533,0.0,40341,0.987919,0.4959865212440491,0.23845629394054413,115
7860,/home/projects/bagon/shared/imagenet512/val/n03903868/ILSVRC2012_val_00016660.JPEG,1528,535.1800489425659,0.0009965896606445312,0.08706645883200134,0.9472731292904463,0.0,40342,0.992221,0.07745236903429031,0.05172155052423477,33
7861,/home/projects/bagon/shared/imagenet512/val/n03642806/ILSVRC2012_val_00003142.JPEG,3129,2275.6313400268555,0.00099945068359375,0.15143750049904764,0.9962464064755872,0.0,40344,0.992335,0.2681003212928772,0.0028920487966388464,462
7862,/home/projects/bagon/shared/imagenet512/val/n01753488/ILSVRC2012_val_00031311.JPEG,2664,592.0412149429321,0.00099945068359375,0.11348811173063197,0.9713666153093602,0.0,40345,0.986811,0.15607714653015137,0.027628079056739807,95
7863,/home/projects/bagon/shared/imagenet512/val/n03977966/ILSVRC2012_val_00007655.JPEG,2151,204.62117385864258,0.0009937286376953125,0.09728170141902247,0.6720858709276873,0.0,40346,0.991641,0.40338626503944397,0.3269127607345581,32
7864,/home/projects/bagon/shared/imagenet512/val/n03763968/ILSVRC2012_val_00028662.JPEG,2600,2114.98881149292,0.0009975433349609375,0.14288802286836325,0.9944876151338551,0.0,40347,0.950085,0.3644554913043976,0.004511554259806871,453
7865,/home/projects/bagon/shared/imagenet512/val/n02226429/ILSVRC2012_val_00023570.JPEG,3406,894.0831747055054,0.0009946823120117188,0.14601630748760805,0.9466796205646925,0.0,40348,0.980904,0.6214478611946106,0.05232200399041176,327
7866,/home/projects/bagon/shared/imagenet512/val/n02981792/ILSVRC2012_val_00046898.JPEG,2355,91.1462755203247,0.0009927749633789062,0.0902138897917086,0.4225294403990707,0.0,40349,0.991264,0.5764700174331665,0.5764700174331665,0
7867,/home/projects/bagon/shared/imagenet512/val/n02104029/ILSVRC2012_val_00025299.JPEG,1477,139.91543865203857,0.000995635986328125,0.07210073469639987,0.6285965746092289,0.0,40350,0.989801,0.37040677666664124,0.37040677666664124,0
7868,/home/projects/bagon/shared/imagenet512/val/n04493381/ILSVRC2012_val_00031207.JPEG,4556,799.502345085144,0.0009965896606445312,0.1666846086981729,0.9261880396563849,0.0,40352,0.975189,0.2384149432182312,0.07281393557786942,246
7869,/home/projects/bagon/shared/imagenet512/val/n02708093/ILSVRC2012_val_00020621.JPEG,3277,836.7879791259766,0.0009937286376953125,0.13574888002827568,0.9582733088604896,0.0,40353,0.977443,0.16418933868408203,0.04072652384638786,271
7870,/home/projects/bagon/shared/imagenet512/val/n02321529/ILSVRC2012_val_00030847.JPEG,1689,934.9754085540771,0.0009927749633789062,0.1039231075217507,0.978749484080877,0.0,40359,0.981161,0.058250948786735535,0.020251702517271042,131
7871,/home/projects/bagon/shared/imagenet512/val/n01498041/ILSVRC2012_val_00014771.JPEG,2016,562.3199148178101,0.0009918212890625,0.10448564955800603,0.9252240494657544,0.0,40360,0.986371,0.6478356122970581,0.07377282530069351,265
7872,/home/projects/bagon/shared/imagenet512/val/n04263257/ILSVRC2012_val_00002204.JPEG,3560,801.5308361053467,0.0009927749633789062,0.14645557860256667,0.9386151528523208,0.0,40361,0.983766,0.1721193492412567,0.06038416922092438,127
7873,/home/projects/bagon/shared/imagenet512/val/n04192698/ILSVRC2012_val_00018970.JPEG,2178,1592.5867834091187,0.0009965896606445312,0.12688037035957456,0.9930949169543387,0.0,40362,0.985454,0.21042297780513763,0.005900749005377293,365
7874,/home/projects/bagon/shared/imagenet512/val/n03041632/ILSVRC2012_val_00015679.JPEG,1441,476.6767110824585,0.0009918212890625,0.08763357452999399,0.9245830632787253,0.0,40363,0.992328,0.15525773167610168,0.07442224770784378,69
7875,/home/projects/bagon/shared/imagenet512/val/n02102973/ILSVRC2012_val_00013759.JPEG,2604,1629.6404314041138,0.0009965896606445312,0.13495302209015347,0.9936301763039275,0.0,40364,0.982525,0.1141538918018341,0.005371358711272478,373
7876,/home/projects/bagon/shared/imagenet512/val/n02277742/ILSVRC2012_val_00033554.JPEG,1773,426.70777702331543,0.0009984970092773438,0.09588054124053105,0.8968088063409466,0.0,40365,0.994562,0.30400723218917847,0.10218572616577148,123
7877,/home/projects/bagon/shared/imagenet512/val/n02749479/ILSVRC2012_val_00019910.JPEG,3546,579.4246587753296,0.000995635986328125,0.132778113273533,0.913980720358779,0.0,40366,0.990487,0.6495960354804993,0.08502095192670822,205
7878,/home/projects/bagon/shared/imagenet512/val/n02749479/ILSVRC2012_val_00027344.JPEG,3626,1443.2916870117188,0.0009937286376953125,0.16722290499571482,0.9789347139653545,0.0,40367,0.944330,0.08361763507127762,0.020069284364581108,530
7879,/home/projects/bagon/shared/imagenet512/val/n02012849/ILSVRC2012_val_00033138.JPEG,1997,1786.794602394104,0.00099945068359375,0.1202591426182323,0.9958139224071331,0.0,40368,0.979237,0.46961358189582825,0.0031829720828682184,425
7880,/home/projects/bagon/shared/imagenet512/val/n02113712/ILSVRC2012_val_00026547.JPEG,3899,560.9849481582642,0.0009937286376953125,0.1417813411041728,0.9312821704384702,0.0,40369,0.979546,0.5098732113838196,0.067718505859375,120
7881,/home/projects/bagon/shared/imagenet512/val/n09472597/ILSVRC2012_val_00036733.JPEG,1007,92.88229179382324,0.000995635986328125,0.05776967844689899,0.5802710749592258,0.0,40370,0.996312,0.4999152421951294,0.4187314212322235,17
7882,/home/projects/bagon/shared/imagenet512/val/n01688243/ILSVRC2012_val_00049652.JPEG,1295,1020.4965124130249,0.00099945068359375,0.08667956142373733,0.9904999722547333,0.0,40371,0.989130,0.23178046941757202,0.008488073945045471,196
7883,/home/projects/bagon/shared/imagenet512/val/n02123394/ILSVRC2012_val_00001101.JPEG,2695,614.7777624130249,0.0009927749633789062,0.11973933731751964,0.932593996922611,0.0,40372,0.975544,0.17161238193511963,0.06640609353780746,92
7884,/home/projects/bagon/shared/imagenet512/val/n03876231/ILSVRC2012_val_00016070.JPEG,2559,2048.269052505493,0.000988006591796875,0.14443057291258563,0.9949343335238006,0.0,40375,0.966356,0.03117651306092739,0.0040720729157328606,284
7885,/home/projects/bagon/shared/imagenet512/val/n03630383/ILSVRC2012_val_00015323.JPEG,1606,712.9125566482544,0.000995635986328125,0.09483951621640808,0.9650699353621041,0.0,40377,0.985818,0.16464567184448242,0.03392326086759567,133
7886,/home/projects/bagon/shared/imagenet512/val/n03729826/ILSVRC2012_val_00042470.JPEG,877,286.0065460205078,0.0009965896606445312,0.06328743435019632,0.8749311770588893,0.0,40378,0.983505,0.46886441111564636,0.12407318502664566,111
7887,/home/projects/bagon/shared/imagenet512/val/n03089624/ILSVRC2012_val_00005760.JPEG,1778,132.8200740814209,0.0009975433349609375,0.08482229464336732,0.5749692730625953,0.0,40379,0.994428,0.4395216405391693,0.4240275025367737,6
7888,/home/projects/bagon/shared/imagenet512/val/n02951585/ILSVRC2012_val_00018344.JPEG,2703,752.8181848526001,0.0009965896606445312,0.12912714305770767,0.9350983833452674,0.0,40380,0.983781,0.3431410491466522,0.06389578431844711,215
7889,/home/projects/bagon/shared/imagenet512/val/n02966193/ILSVRC2012_val_00033090.JPEG,925,89.4361400604248,0.0009975433349609375,0.05456287911500892,0.6065920693211193,0.0,40381,0.990569,0.3924106955528259,0.3924106955528259,0
7890,/home/projects/bagon/shared/imagenet512/val/n03938244/ILSVRC2012_val_00001087.JPEG,2457,932.0124187469482,0.0009946823120117188,0.12500462310867985,0.9683506547004789,0.0,40382,0.984802,0.09865652769804001,0.03065219335258007,183
7891,/home/projects/bagon/shared/imagenet512/val/n03110669/ILSVRC2012_val_00013454.JPEG,3010,1618.0463771820068,0.0009927749633789062,0.15190385189767247,0.9900110071950732,0.0,40383,0.987504,0.1749337911605835,0.00899238046258688,511
7892,/home/projects/bagon/shared/imagenet512/val/n03602883/ILSVRC2012_val_00030988.JPEG,1857,463.9442329406738,0.0009899139404296875,0.09760651579414321,0.9114804857117381,0.0,40385,0.983257,0.22963517904281616,0.08751997351646423,107
7893,/home/projects/bagon/shared/imagenet512/val/n03877845/ILSVRC2012_val_00016739.JPEG,2797,296.66628074645996,0.000995635986328125,0.11613540505596824,0.7423027792481868,0.0,40386,0.984895,0.25669384002685547,0.25669384002685547,0
7894,/home/projects/bagon/shared/imagenet512/val/n02415577/ILSVRC2012_val_00033087.JPEG,3342,484.42475986480713,0.000995635986328125,0.12148117706469404,0.9188226387278398,0.0,40388,0.984086,0.22620905935764313,0.08017677068710327,65
7895,/home/projects/bagon/shared/imagenet512/val/n02641379/ILSVRC2012_val_00001975.JPEG,2382,1920.6377296447754,0.0009927749633789062,0.1324028447737983,0.9959102568635433,0.0,40391,0.983457,0.5170300602912903,0.003087153658270836,419
7896,/home/projects/bagon/shared/imagenet512/val/n01797886/ILSVRC2012_val_00021625.JPEG,1683,814.6194791793823,0.00099945068359375,0.09628224909413229,0.961599148773071,0.0,40392,0.988158,0.07425173372030258,0.037395983934402466,86
7897,/home/projects/bagon/shared/imagenet512/val/n02692877/ILSVRC2012_val_00013056.JPEG,2876,2198.0216550827026,0.0009946823120117188,0.1533511872092431,0.9953247300937207,0.0,40393,0.984190,0.4134547710418701,0.003669541096314788,501
7898,/home/projects/bagon/shared/imagenet512/val/n02672831/ILSVRC2012_val_00001317.JPEG,1392,1443.4052600860596,0.0009908676147460938,0.09729688386358207,0.995117134048586,0.0,40394,0.987747,0.124147430062294,0.003895456437021494,252
7899,/home/projects/bagon/shared/imagenet512/val/n02128925/ILSVRC2012_val_00045369.JPEG,2619,1482.3570051193237,0.000988006591796875,0.12988964647752022,0.98812914541097,0.0,40395,0.954144,0.2997094690799713,0.010872598737478256,323
7900,/home/projects/bagon/shared/imagenet512/val/n07717410/ILSVRC2012_val_00011443.JPEG,2217,492.44642639160156,0.0009965896606445312,0.10787269304833781,0.9106042942982983,0.0,40396,0.986180,0.16248632967472076,0.08839698135852814,110
7901,/home/projects/bagon/shared/imagenet512/val/n03160309/ILSVRC2012_val_00020885.JPEG,927,147.33814239501953,0.0009899139404296875,0.06077232721148042,0.721353885878184,0.0,40397,0.991342,0.27765604853630066,0.27765604853630066,0
7902,/home/projects/bagon/shared/imagenet512/val/n02109961/ILSVRC2012_val_00037595.JPEG,4354,339.14919662475586,0.0009937286376953125,0.1510689755276341,0.6922791596431792,0.0,40398,0.977475,0.5247393846511841,0.3067188560962677,91
7903,/home/projects/bagon/shared/imagenet512/val/n12267677/ILSVRC2012_val_00020501.JPEG,1596,955.7900543212891,0.0009899139404296875,0.09925864864598982,0.9841208825267537,0.0,40401,0.983731,0.13436904549598694,0.014886550605297089,238
7904,/home/projects/bagon/shared/imagenet512/val/n03127925/ILSVRC2012_val_00020677.JPEG,1512,392.72292709350586,0.0009975433349609375,0.08758719543254918,0.8986728901711979,0.0,40402,0.990894,0.3243386149406433,0.10032662004232407,120
7905,/home/projects/bagon/shared/imagenet512/val/n04355338/ILSVRC2012_val_00037875.JPEG,2160,792.9343662261963,0.000995635986328125,0.1084709867738526,0.9725261869647849,0.0,40403,0.982441,0.6875341534614563,0.026473810896277428,247
7906,/home/projects/bagon/shared/imagenet512/val/n03887697/ILSVRC2012_val_00049441.JPEG,1763,323.22144985198975,0.000988006591796875,0.08634064505945216,0.8221412285893795,0.0,40405,0.985746,0.4114685654640198,0.17686177790164948,133
7907,/home/projects/bagon/shared/imagenet512/val/n02089867/ILSVRC2012_val_00025773.JPEG,3824,347.2065601348877,0.0009899139404296875,0.1370486394460851,0.7746131228691638,0.0,40407,0.985338,0.5775829553604126,0.22439053654670715,90
7908,/home/projects/bagon/shared/imagenet512/val/n03017168/ILSVRC2012_val_00001761.JPEG,1165,486.25507640838623,0.0009937286376953125,0.07779771259493164,0.9449686289436118,0.0,40408,0.983735,0.1675262749195099,0.0540255643427372,80
7909,/home/projects/bagon/shared/imagenet512/val/n02951585/ILSVRC2012_val_00019599.JPEG,2250,592.4467716217041,0.00099945068359375,0.10724432040712117,0.9432283412447254,0.0,40409,0.974298,0.2899055480957031,0.05576392263174057,106
7910,/home/projects/bagon/shared/imagenet512/val/n03781244/ILSVRC2012_val_00047255.JPEG,2935,766.5796508789062,0.0009965896606445312,0.1300107009894673,0.9540189523566531,0.0,40410,0.990113,0.7052819132804871,0.04497850686311722,279
7911,/home/projects/bagon/shared/imagenet512/val/n04023962/ILSVRC2012_val_00033882.JPEG,2000,2051.870343208313,0.0009984970092773438,0.12869909723573178,0.9959789633893086,0.0,40411,0.986910,0.2301665097475052,0.0030206062365323305,433
7912,/home/projects/bagon/shared/imagenet512/val/n07693725/ILSVRC2012_val_00045573.JPEG,1507,222.70708084106445,0.00099945068359375,0.07317564673587824,0.8268157814944597,0.0,40412,0.992827,0.8190756440162659,0.17218850553035736,125
7913,/home/projects/bagon/shared/imagenet512/val/n03920288/ILSVRC2012_val_00035034.JPEG,1125,134.78279781341553,0.0009918212890625,0.06333471661905929,0.704556151227006,0.0,40413,0.994352,0.2944432497024536,0.2944432497024536,0
7914,/home/projects/bagon/shared/imagenet512/val/n02494079/ILSVRC2012_val_00043510.JPEG,2478,276.5225257873535,0.00099945068359375,0.09762112290431849,0.8120803298752222,0.0,40414,0.988760,0.3998485505580902,0.1869158148765564,79
7915,/home/projects/bagon/shared/imagenet512/val/n01728920/ILSVRC2012_val_00042312.JPEG,2744,563.788311958313,0.0009984970092773438,0.12537584119408382,0.9023510857486868,0.0,40415,0.981259,0.29804015159606934,0.09664004296064377,218
7916,/home/projects/bagon/shared/imagenet512/val/n03770679/ILSVRC2012_val_00031770.JPEG,2937,612.6247148513794,0.0009984970092773438,0.1296767396691588,0.9137779547921854,0.0,40416,0.975834,0.46561968326568604,0.085214763879776,190
7917,/home/projects/bagon/shared/imagenet512/val/n04443257/ILSVRC2012_val_00029586.JPEG,3275,786.7962379455566,0.0009975433349609375,0.1368296691124595,0.9466581634619118,0.0,40417,0.961573,0.11429176479578018,0.05233300104737282,126
7918,/home/projects/bagon/shared/imagenet512/val/n03781244/ILSVRC2012_val_00044002.JPEG,2315,615.283712387085,0.0009984970092773438,0.11985139440051402,0.9043200401481282,0.0,40418,0.987926,0.7307403683662415,0.09467306733131409,276
7919,/home/projects/bagon/shared/imagenet512/val/n04228054/ILSVRC2012_val_00029954.JPEG,1267,120.7383804321289,0.00099945068359375,0.06810963390079414,0.6175072161394711,0.0,40419,0.992661,0.5420116782188416,0.38149362802505493,36
7920,/home/projects/bagon/shared/imagenet512/val/n03179701/ILSVRC2012_val_00049150.JPEG,2017,309.5043649673462,0.000995635986328125,0.10282784275314996,0.7950649987342441,0.0,40420,0.991114,0.4526088833808899,0.20393270254135132,90
7921,/home/projects/bagon/shared/imagenet512/val/n02123045/ILSVRC2012_val_00033420.JPEG,4212,363.4890365600586,0.00099945068359375,0.14679456750995123,0.7333758206459975,0.0,40421,0.980027,0.26561495661735535,0.26561495661735535,0
7922,/home/projects/bagon/shared/imagenet512/val/n03793489/ILSVRC2012_val_00013161.JPEG,2952,1342.4784660339355,0.0009984970092773438,0.14045231629055743,0.9872086394121847,0.0,40424,0.987456,0.616240918636322,0.011784275062382221,348
7923,/home/projects/bagon/shared/imagenet512/val/n03777754/ILSVRC2012_val_00044183.JPEG,2425,1444.501573562622,0.0009984970092773438,0.13000298913199096,0.991428207977956,0.0,40425,0.988390,0.32897165417671204,0.007570765446871519,314
7924,/home/projects/bagon/shared/imagenet512/val/n02086646/ILSVRC2012_val_00025085.JPEG,2368,2076.094906806946,0.0009946823120117188,0.13743682667534585,0.9959912309909376,0.0,40426,0.981321,0.33409178256988525,0.0030102687887847424,538
7925,/home/projects/bagon/shared/imagenet512/val/n02814533/ILSVRC2012_val_00014732.JPEG,2886,1098.7075862884521,0.0009946823120117188,0.14303781154111758,0.9547409601188468,0.0,40427,0.979126,0.47835978865623474,0.0442589595913887,410
7926,/home/projects/bagon/shared/imagenet512/val/n03400231/ILSVRC2012_val_00046101.JPEG,2960,464.85186767578125,0.000995635986328125,0.12912514186993243,0.8479943616567799,0.0,40428,0.984338,0.2520753741264343,0.1510056108236313,101
7927,/home/projects/bagon/shared/imagenet512/val/n02791270/ILSVRC2012_val_00009262.JPEG,2173,610.4893836975098,0.0009975433349609375,0.10827865274499729,0.9361094814109118,0.0,40429,0.987820,0.07909218221902847,0.06288608908653259,33
7928,/home/projects/bagon/shared/imagenet512/val/n02226429/ILSVRC2012_val_00039032.JPEG,3833,1709.1750526428223,0.0009937286376953125,0.16731349778753749,0.990899614609744,0.0,40430,0.980277,0.2159956693649292,0.008100493811070919,427
7929,/home/projects/bagon/shared/imagenet512/val/n03146219/ILSVRC2012_val_00023917.JPEG,3401,2974.7394523620605,0.0009965896606445312,0.1566011901786258,0.9985124185323193,0.0,40432,0.972870,0.22517436742782593,0.00048160928417928517,567
7930,/home/projects/bagon/shared/imagenet512/val/n02749479/ILSVRC2012_val_00043236.JPEG,3352,1758.2395610809326,0.0009984970092773438,0.16289325952362885,0.9896448008589086,0.0,40433,0.986080,0.15914706885814667,0.009353609755635262,485
7931,/home/projects/bagon/shared/imagenet512/val/n03400231/ILSVRC2012_val_00025760.JPEG,3827,1624.618800163269,0.0009908676147460938,0.1706980005847427,0.9847395066773232,0.0,40434,0.978940,0.0408753901720047,0.014262476935982704,183
7932,/home/projects/bagon/shared/imagenet512/val/n02102040/ILSVRC2012_val_00010994.JPEG,1917,608.4626474380493,0.0009899139404296875,0.09777442751128217,0.94845858548573,0.0,40435,0.985489,0.5898308157920837,0.05053996667265892,227
7933,/home/projects/bagon/shared/imagenet512/val/n02093991/ILSVRC2012_val_00018224.JPEG,2123,1072.1512956619263,0.0009937286376953125,0.11724867935602076,0.9772446004623366,0.0,40436,0.977151,0.44337475299835205,0.02175835147500038,329
7934,/home/projects/bagon/shared/imagenet512/val/n03775071/ILSVRC2012_val_00035830.JPEG,1474,1248.9533224105835,0.0009918212890625,0.09457164675054407,0.9950549282915409,0.0,40441,0.985980,0.3823925256729126,0.003943511284887791,324
7935,/home/projects/bagon/shared/imagenet512/val/n04204347/ILSVRC2012_val_00039345.JPEG,1552,1951.5392417907715,0.00099945068359375,0.1038382500978277,0.9973178286797263,0.0,40442,0.990603,0.5550022125244141,0.001668640412390232,415
7936,/home/projects/bagon/shared/imagenet512/val/n04372370/ILSVRC2012_val_00037750.JPEG,2369,1044.7371034622192,0.0009908676147460938,0.12847339966253052,0.9724522376894686,0.0,40443,0.974188,0.18087650835514069,0.02655140869319439,214
7937,/home/projects/bagon/shared/imagenet512/val/n03372029/ILSVRC2012_val_00028648.JPEG,2154,2414.5657148361206,0.0009937286376953125,0.13071702973256316,0.9977604661922711,0.0,40444,0.977449,0.09102068841457367,0.001244261278770864,374
7938,/home/projects/bagon/shared/imagenet512/val/n04251144/ILSVRC2012_val_00035850.JPEG,2006,707.3512897491455,0.00099945068359375,0.105808684074029,0.9602121878849164,0.0,40445,0.965812,0.4781123399734497,0.038780998438596725,223
7939,/home/projects/bagon/shared/imagenet512/val/n03929660/ILSVRC2012_val_00018730.JPEG,2358,1643.4806423187256,0.00099945068359375,0.13075757115281286,0.9934549039551143,0.0,40446,0.983809,0.10852216929197311,0.005531555972993374,312
7940,/home/projects/bagon/shared/imagenet512/val/n03026506/ILSVRC2012_val_00024373.JPEG,1716,1606.0966024398804,0.0009908676147460938,0.11058066995512299,0.9952342595767728,0.0,40447,0.981816,0.08823452889919281,0.0037679136730730534,348
7941,/home/projects/bagon/shared/imagenet512/val/n03400231/ILSVRC2012_val_00004787.JPEG,2937,1421.5717000961304,0.0009889602661132812,0.13873243726903162,0.9879050702260262,0.0,40448,0.983711,0.2761760652065277,0.011100377887487411,293
7942,/home/projects/bagon/shared/imagenet512/val/n01883070/ILSVRC2012_val_00002300.JPEG,1212,486.12671756744385,0.0009918212890625,0.07395174141175885,0.9632806879174752,0.0,40449,0.987100,0.661021888256073,0.03572145476937294,174
7943,/home/projects/bagon/shared/imagenet512/val/n02088364/ILSVRC2012_val_00034041.JPEG,3237,935.3204679489136,0.0009927749633789062,0.12626655493988695,0.9829345507608173,0.0,40450,0.977489,0.19204869866371155,0.016062552109360695,173
7944,/home/projects/bagon/shared/imagenet512/val/n03594945/ILSVRC2012_val_00003945.JPEG,1178,121.17756652832031,0.0009908676147460938,0.06489272331215802,0.636436813706672,0.0,40451,0.997043,0.3625651001930237,0.3625651001930237,0
7945,/home/projects/bagon/shared/imagenet512/val/n09246464/ILSVRC2012_val_00035485.JPEG,1786,130.9809045791626,0.0009908676147460938,0.07883705278111115,0.6126368944507682,0.0,40452,0.991254,0.38636425137519836,0.38636425137519836,0
7946,/home/projects/bagon/shared/imagenet512/val/n04325704/ILSVRC2012_val_00021921.JPEG,2746,240.709454536438,0.00099945068359375,0.11111622168661321,0.6961425844473839,0.0,40453,0.986535,0.6498090028762817,0.3028511106967926,106
7947,/home/projects/bagon/shared/imagenet512/val/n03196217/ILSVRC2012_val_00021836.JPEG,1088,309.4047689437866,0.0009870529174804688,0.06530745654525584,0.9337254892430491,0.0,40454,0.994362,0.42447957396507263,0.0652867928147316,87
7948,/home/projects/bagon/shared/imagenet512/val/n03179701/ILSVRC2012_val_00036651.JPEG,2559,261.6721239089966,0.0009965896606445312,0.10942052787975647,0.725640057336642,0.0,40455,0.987210,0.2733541429042816,0.2733541429042816,0
7949,/home/projects/bagon/shared/imagenet512/val/n02443114/ILSVRC2012_val_00004999.JPEG,1982,133.91185092926025,0.0009984970092773438,0.08760508137262464,0.5493879350891231,0.0,40456,0.991797,0.5342515707015991,0.4496070146560669,26
7950,/home/projects/bagon/shared/imagenet512/val/n04532670/ILSVRC2012_val_00028767.JPEG,1650,1311.1646785736084,0.0009975433349609375,0.10562033592809114,0.9912685965907323,0.0,40459,0.984585,0.18869271874427795,0.007720851805061102,241
7951,/home/projects/bagon/shared/imagenet512/val/n04330267/ILSVRC2012_val_00016797.JPEG,1836,1101.1605682373047,0.0009899139404296875,0.10988502188222579,0.9866907808304748,0.0,40460,0.985608,0.12216813862323761,0.012312954291701317,190
7952,/home/projects/bagon/shared/imagenet512/val/n02790996/ILSVRC2012_val_00016261.JPEG,1333,11.140567779541016,0.0009946823120117188,0.04765515902108517,0.08441364838486551,0.0,40461,0.996623,0.9145781993865967,0.9145781993865967,0
7953,/home/projects/bagon/shared/imagenet512/val/n03724870/ILSVRC2012_val_00022613.JPEG,1476,319.21531105041504,0.0009975433349609375,0.08246804897196786,0.8604263825250646,0.0,40462,0.985532,0.29490843415260315,0.138570174574852,56
7954,/home/projects/bagon/shared/imagenet512/val/n04263257/ILSVRC2012_val_00009658.JPEG,3048,564.9286594390869,0.00099945068359375,0.1297153933378759,0.8985416416489299,0.0,40465,0.992201,0.23898176848888397,0.1004517525434494,147
7955,/home/projects/bagon/shared/imagenet512/val/n04330267/ILSVRC2012_val_00017468.JPEG,1385,770.1007804870605,0.0009975433349609375,0.08861700194949448,0.9774984071159976,0.0,40466,0.989352,0.8913227319717407,0.021502919495105743,283
7956,/home/projects/bagon/shared/imagenet512/val/n04501370/ILSVRC2012_val_00014492.JPEG,895,91.71917057037354,0.0009908676147460938,0.05631068616327767,0.5875695514819638,0.0,40468,0.996841,0.41142982244491577,0.41142982244491577,0
7957,/home/projects/bagon/shared/imagenet512/val/n03866082/ILSVRC2012_val_00028311.JPEG,3815,960.0228214263916,0.00099945068359375,0.13901922961204075,0.9807079572361493,0.0,40469,0.977824,0.14788265526294708,0.018286608159542084,184
7958,/home/projects/bagon/shared/imagenet512/val/n03425413/ILSVRC2012_val_00018516.JPEG,2057,457.04943656921387,0.0009899139404296875,0.10445988554672551,0.8909530151418683,0.0,40472,0.992503,0.22958236932754517,0.10804685205221176,75
7959,/home/projects/bagon/shared/imagenet512/val/n04238763/ILSVRC2012_val_00027531.JPEG,1396,938.9098720550537,0.0009860992431640625,0.08935487133765106,0.9875818238809441,0.0,40473,0.986500,0.20428843796253204,0.011422298848628998,210
7960,/home/projects/bagon/shared/imagenet512/val/n04141975/ILSVRC2012_val_00044791.JPEG,1926,2060.7623567581177,0.0009918212890625,0.1276457131515148,0.9940898267394522,0.0,40474,0.981498,0.06221507489681244,0.00490541011095047,304
7961,/home/projects/bagon/shared/imagenet512/val/n01608432/ILSVRC2012_val_00047191.JPEG,2175,2404.054347038269,0.0009984970092773438,0.12786536237570217,0.9979894903402764,0.0,40475,0.986938,0.33959880471229553,0.001085589057765901,519
7962,/home/projects/bagon/shared/imagenet512/val/n02106662/ILSVRC2012_val_00002012.JPEG,2615,1120.6995105743408,0.0009984970092773438,0.13221131607136508,0.9779606606038516,0.0,40476,0.981357,0.0691278949379921,0.021033715456724167,190
7963,/home/projects/bagon/shared/imagenet512/val/n02114855/ILSVRC2012_val_00036324.JPEG,3143,777.9986610412598,0.000995635986328125,0.13638932410065985,0.9370278824567932,0.0,40477,0.982131,0.21316534280776978,0.0619722343981266,258
7964,/home/projects/bagon/shared/imagenet512/val/n07614500/ILSVRC2012_val_00014137.JPEG,2444,505.2924690246582,0.0009975433349609375,0.11452921532062195,0.8904134756777113,0.0,40479,0.986546,0.2878529727458954,0.10858087241649628,150
7965,/home/projects/bagon/shared/imagenet512/val/n04081281/ILSVRC2012_val_00045074.JPEG,1756,79.38874912261963,0.00099945068359375,0.07382733803325497,0.465677691896275,0.0,40480,0.997229,0.5333130955696106,0.5333130955696106,0
7966,/home/projects/bagon/shared/imagenet512/val/n04355933/ILSVRC2012_val_00039088.JPEG,2904,726.4555768966675,0.0009870529174804688,0.12872952983845326,0.9397753900181958,0.0,40481,0.976570,0.18903318047523499,0.05923677608370781,317
7967,/home/projects/bagon/shared/imagenet512/val/n03884397/ILSVRC2012_val_00045373.JPEG,1322,407.894003868103,0.0009927749633789062,0.08001380521588554,0.9116489493070462,0.0,40483,0.981805,0.16066525876522064,0.08734951913356781,69
7968,/home/projects/bagon/shared/imagenet512/val/n01734418/ILSVRC2012_val_00031885.JPEG,1496,178.47016716003418,0.00099945068359375,0.07639618246948218,0.7628327792136529,0.0,40484,0.991828,0.23615762591362,0.23615762591362,0
7969,/home/projects/bagon/shared/imagenet512/val/n02794156/ILSVRC2012_val_00005441.JPEG,1713,2174.6403579711914,0.0009984970092773438,0.11774039683333591,0.9968087836322257,0.0,40485,0.977630,0.29618704319000244,0.0021932008676230907,542
7970,/home/projects/bagon/shared/imagenet512/val/n03085013/ILSVRC2012_val_00032810.JPEG,3665,846.61279296875,0.000988006591796875,0.14951150613187056,0.948166554074814,0.0,40486,0.969913,0.20303471386432648,0.050835900008678436,176
7971,/home/projects/bagon/shared/imagenet512/val/n04370456/ILSVRC2012_val_00006323.JPEG,2504,217.975115776062,0.0009975433349609375,0.09767992389705599,0.7236062410432111,0.0,40487,0.987938,0.49620291590690613,0.27538976073265076,59
7972,/home/projects/bagon/shared/imagenet512/val/n04146614/ILSVRC2012_val_00022679.JPEG,1534,211.0612621307373,0.00099945068359375,0.08263045042382434,0.7413654104831425,0.0,40488,0.995148,0.29732847213745117,0.25762084126472473,17
7973,/home/projects/bagon/shared/imagenet512/val/n01693334/ILSVRC2012_val_00026269.JPEG,3348,1404.4998846054077,0.0009975433349609375,0.14369513972594447,0.9815666952194384,0.0,40489,0.970483,0.19987529516220093,0.017424730584025383,341
7974,/home/projects/bagon/shared/imagenet512/val/n02504013/ILSVRC2012_val_00048547.JPEG,2794,245.2121353149414,0.000995635986328125,0.1162837467893963,0.674202493082402,0.0,40490,0.989959,0.4294949769973755,0.3247964382171631,53
7975,/home/projects/bagon/shared/imagenet512/val/n04560804/ILSVRC2012_val_00014146.JPEG,3177,378.76544284820557,0.0009984970092773438,0.12855997865773508,0.7904312216445786,0.0,40491,0.982599,0.2085617631673813,0.2085617631673813,0
7976,/home/projects/bagon/shared/imagenet512/val/n03930313/ILSVRC2012_val_00042364.JPEG,2501,330.10832118988037,0.0009975433349609375,0.1135185632324498,0.790428156940042,0.0,40492,0.993065,0.2101825773715973,0.20856383442878723,3
7977,/home/projects/bagon/shared/imagenet512/val/n03110669/ILSVRC2012_val_00014951.JPEG,2511,965.2284498214722,0.00099945068359375,0.12684668789647713,0.9708427406765942,0.0,40493,0.980400,0.1363586038351059,0.028154663741588593,244
7978,/home/projects/bagon/shared/imagenet512/val/n04380533/ILSVRC2012_val_00038461.JPEG,3687,2013.718415260315,0.0009946823120117188,0.1453907457241555,0.9980004965354305,0.0,40495,0.977095,0.7108442783355713,0.0013553877361118793,467
7979,/home/projects/bagon/shared/imagenet512/val/n03666591/ILSVRC2012_val_00003417.JPEG,2675,3251.5041942596436,0.0009975433349609375,0.1700225319594223,0.9969961675203148,0.0,40496,0.976897,0.059386443346738815,0.0019959963392466307,564
7980,/home/projects/bagon/shared/imagenet512/val/n01744401/ILSVRC2012_val_00016821.JPEG,2234,3662.1361169815063,0.0009975433349609375,0.12713830761253286,0.9993425373641699,0.0,40497,0.981378,0.24290731549263,0.0001037377878674306,606
7981,/home/projects/bagon/shared/imagenet512/val/n03476991/ILSVRC2012_val_00035008.JPEG,2537,1961.486026763916,0.0009984970092773438,0.15184123996539572,0.9898453901725924,0.0,40498,0.954208,0.06923980265855789,0.0091476459056139,249
7982,/home/projects/bagon/shared/imagenet512/val/n03483316/ILSVRC2012_val_00046673.JPEG,2087,1226.9993753433228,0.0009984970092773438,0.11794327255486318,0.9856701443634508,0.0,40499,0.983067,0.05774862691760063,0.013327652588486671,143
7983,/home/projects/bagon/shared/imagenet512/val/n03457902/ILSVRC2012_val_00001543.JPEG,1227,374.11717796325684,0.0009908676147460938,0.077366123914078,0.9121010291606834,0.0,40500,0.989419,0.49892371892929077,0.08690258860588074,132
7984,/home/projects/bagon/shared/imagenet512/val/n04591713/ILSVRC2012_val_00027648.JPEG,2518,1270.316822052002,0.000995635986328125,0.13341852252435565,0.9806287435015613,0.0,40501,0.983613,0.2286185473203659,0.018369823694229126,407
7985,/home/projects/bagon/shared/imagenet512/val/n02133161/ILSVRC2012_val_00016621.JPEG,1765,279.0272388458252,0.00099945068359375,0.08195054288250778,0.8351681832979695,0.0,40502,0.989274,0.785798966884613,0.16382086277008057,146
7986,/home/projects/bagon/shared/imagenet512/val/n04004767/ILSVRC2012_val_00041235.JPEG,1976,935.257809638977,0.0009908676147460938,0.10951630846196275,0.9829952074596923,0.0,40503,0.982881,0.2854124903678894,0.01600687764585018,173
7987,/home/projects/bagon/shared/imagenet512/val/n02895154/ILSVRC2012_val_00046195.JPEG,2684,378.9272356033325,0.000988006591796875,0.11350782058346756,0.8550227260811762,0.0,40505,0.987375,0.16406148672103882,0.14398126304149628,72
7988,/home/projects/bagon/shared/imagenet512/val/n03016953/ILSVRC2012_val_00033266.JPEG,2133,95.81131553649902,0.0009937286376953125,0.08679746582632755,0.444626223985069,0.0,40507,0.990189,0.5543754696846008,0.5543754696846008,0
7989,/home/projects/bagon/shared/imagenet512/val/n04597913/ILSVRC2012_val_00026727.JPEG,2645,2729.8990507125854,0.0009946823120117188,0.15196721318461298,0.99638362675152,0.0,40509,0.945088,0.11275636404752731,0.0026228404603898525,557
7990,/home/projects/bagon/shared/imagenet512/val/n03785016/ILSVRC2012_val_00037248.JPEG,3613,989.327320098877,0.00099945068359375,0.136346259383096,0.9798527598064891,0.0,40510,0.986538,0.5992881059646606,0.01913786493241787,304
7991,/home/projects/bagon/shared/imagenet512/val/n04461696/ILSVRC2012_val_00022323.JPEG,2774,266.82894802093506,0.0009946823120117188,0.10649758304463847,0.7590765073442589,0.0,40511,0.981420,0.23992261290550232,0.23992261290550232,0
7992,/home/projects/bagon/shared/imagenet512/val/n03447721/ILSVRC2012_val_00001400.JPEG,2865,1512.8147430419922,0.0009984970092773438,0.13267261093496807,0.9929236653585679,0.0,40512,0.978134,0.3529297411441803,0.0060676527209579945,327
7993,/home/projects/bagon/shared/imagenet512/val/n03803284/ILSVRC2012_val_00015228.JPEG,1166,1816.2054023742676,0.0009975433349609375,0.08580688568545954,0.9983115070987835,0.0,40513,0.983301,0.593952476978302,0.0008181510493159294,411
7994,/home/projects/bagon/shared/imagenet512/val/n03803284/ILSVRC2012_val_00027336.JPEG,1642,1240.6159496307373,0.000995635986328125,0.1081721067836133,0.9877366760989075,0.0,40514,0.990099,0.04877511411905289,0.011265126056969166,210
7995,/home/projects/bagon/shared/imagenet512/val/n03843555/ILSVRC2012_val_00047873.JPEG,1686,735.2004957199097,0.0009918212890625,0.09968734955232356,0.9678189879352573,0.0,40515,0.992367,0.17293711006641388,0.03118155337870121,171
7996,/home/projects/bagon/shared/imagenet512/val/n09229709/ILSVRC2012_val_00029026.JPEG,1668,1311.8047542572021,0.0009946823120117188,0.11384023459325877,0.9874801481029979,0.0,40516,0.986102,0.050510473549366,0.0115274116396904,166
7997,/home/projects/bagon/shared/imagenet512/val/n03930630/ILSVRC2012_val_00039120.JPEG,2290,395.8616189956665,0.0009937286376953125,0.10874591522056591,0.8480813650716088,0.0,40517,0.993526,0.15091651678085327,0.15091651678085327,0
7998,/home/projects/bagon/shared/imagenet512/val/n07717410/ILSVRC2012_val_00034687.JPEG,2950,1543.5853252410889,0.0009965896606445312,0.15655160195510226,0.9849855627463381,0.0,40518,0.985402,0.503726065158844,0.01400842610746622,441
7999,/home/projects/bagon/shared/imagenet512/val/n03535780/ILSVRC2012_val_00017778.JPEG,2886,557.8168954849243,0.00099945068359375,0.12253531030937452,0.9131863959591728,0.0,40520,0.983694,0.683686375617981,0.08580800145864487,212
8000,/home/projects/bagon/shared/imagenet512/val/n07932039/ILSVRC2012_val_00030298.JPEG,1933,1480.843448638916,0.0009918212890625,0.12277963692062058,0.9904991976356925,0.0,40521,0.978628,0.08408460766077042,0.00849867332726717,287
8001,/home/projects/bagon/shared/imagenet512/val/n03075370/ILSVRC2012_val_00032920.JPEG,2015,786.854377746582,0.0009927749633789062,0.10863665955120369,0.964861694166185,0.0,40522,0.980240,0.170939102768898,0.03413793817162514,232
8002,/home/projects/bagon/shared/imagenet512/val/n01871265/ILSVRC2012_val_00038632.JPEG,2766,91.87279415130615,0.0009918212890625,0.09420395350967313,0.3956242920968129,0.0,40526,0.989019,0.6033754944801331,0.6033754944801331,0
8003,/home/projects/bagon/shared/imagenet512/val/n03929855/ILSVRC2012_val_00003281.JPEG,1153,1234.6338291168213,0.0009984970092773438,0.07531947216741414,0.9976090686210971,0.0,40527,0.980811,0.41368573904037476,0.0014173040399327874,276
8004,/home/projects/bagon/shared/imagenet512/val/n04442312/ILSVRC2012_val_00049467.JPEG,1662,1977.2608261108398,0.0009899139404296875,0.1148684017732018,0.9964878411356046,0.0,40528,0.986829,0.06684687733650208,0.0025221449322998524,332
8005,/home/projects/bagon/shared/imagenet512/val/n15075141/ILSVRC2012_val_00002663.JPEG,2561,929.7920379638672,0.0009984970092773438,0.1261683528804048,0.9766000182045325,0.0,40529,0.973778,0.2534104883670807,0.022389696910977364,269
8006,/home/projects/bagon/shared/imagenet512/val/n04127249/ILSVRC2012_val_00041648.JPEG,1576,1347.256859779358,0.0009984970092773438,0.09996778184077791,0.9947946054965263,0.0,40530,0.984933,0.3057571351528168,0.004197902977466583,334
8007,/home/projects/bagon/shared/imagenet512/val/n02869837/ILSVRC2012_val_00025125.JPEG,2257,505.3059711456299,0.0009946823120117188,0.11185654240892172,0.8982591100868734,0.0,40531,0.992579,0.4611126780509949,0.10073763877153397,171
8008,/home/projects/bagon/shared/imagenet512/val/n04026417/ILSVRC2012_val_00026615.JPEG,3282,953.2958011627197,0.0009984970092773438,0.1386687151369924,0.9702190120283442,0.0,40533,0.990586,0.3617112338542938,0.028774933889508247,227
8009,/home/projects/bagon/shared/imagenet512/val/n02110185/ILSVRC2012_val_00012604.JPEG,4599,163.93996238708496,0.0009975433349609375,0.14189193149649523,0.43583265613748795,0.0,40534,0.988062,0.5631619691848755,0.5631619691848755,0
8010,/home/projects/bagon/shared/imagenet512/val/n04355933/ILSVRC2012_val_00007625.JPEG,4947,899.8724031448364,0.0009946823120117188,0.17443782540472783,0.9444873702051757,0.0,40535,0.974344,0.2683333456516266,0.054511457681655884,167
8011,/home/projects/bagon/shared/imagenet512/val/n02895154/ILSVRC2012_val_00030532.JPEG,2620,134.65935230255127,0.0009899139404296875,0.1055485289933881,0.47527888374637206,0.0,40536,0.985732,0.523716390132904,0.523716390132904,0
8012,/home/projects/bagon/shared/imagenet512/val/n03642806/ILSVRC2012_val_00015965.JPEG,3571,599.0146541595459,0.0009927749633789062,0.14996044896761768,0.8576718674110022,0.0,40538,0.974273,0.1719721108675003,0.14132489264011383,76
8013,/home/projects/bagon/shared/imagenet512/val/n07932039/ILSVRC2012_val_00027665.JPEG,1902,272.66141986846924,0.0009908676147460938,0.09556792451017308,0.7806358734659798,0.0,40540,0.996762,0.21836788952350616,0.21836788952350616,0
8014,/home/projects/bagon/shared/imagenet512/val/n03000134/ILSVRC2012_val_00022377.JPEG,1868,445.78187465667725,0.0009965896606445312,0.09502752132229073,0.9033258893123843,0.0,40541,0.991261,0.6663260459899902,0.09566830098628998,193
8015,/home/projects/bagon/shared/imagenet512/val/n03868863/ILSVRC2012_val_00014804.JPEG,1580,920.9393949508667,0.0009984970092773438,0.10080779979531758,0.9761717195825579,0.0,40542,0.979435,0.07346820831298828,0.02282077632844448,137
8016,/home/projects/bagon/shared/imagenet512/val/n03721384/ILSVRC2012_val_00031471.JPEG,1413,939.8929309844971,0.0009984970092773438,0.0923048175603861,0.9868399126845949,0.0,40543,0.991440,0.053159378468990326,0.01216149888932705,166
8017,/home/projects/bagon/shared/imagenet512/val/n01491361/ILSVRC2012_val_00010074.JPEG,2169,1210.8139123916626,0.00099945068359375,0.10401662891690734,0.9940556098193378,0.0,40544,0.975494,0.9146907925605774,0.004938434809446335,363
8018,/home/projects/bagon/shared/imagenet512/val/n03843555/ILSVRC2012_val_00047376.JPEG,1943,902.8867988586426,0.0009984970092773438,0.1103713772993547,0.9745016189617364,0.0,40545,0.988491,0.5446860790252686,0.024496104568243027,259
8019,/home/projects/bagon/shared/imagenet512/val/n04604644/ILSVRC2012_val_00019440.JPEG,1847,105.85010719299316,0.0009946823120117188,0.08188763560205409,0.4988572167956058,0.0,40546,0.991893,0.5001437067985535,0.5001437067985535,0
8020,/home/projects/bagon/shared/imagenet512/val/n02443114/ILSVRC2012_val_00011616.JPEG,3354,655.8963623046875,0.00099945068359375,0.14575927659619675,0.8874582879558535,0.0,40549,0.989056,0.5858103632926941,0.11154187470674515,314
8021,/home/projects/bagon/shared/imagenet512/val/n02109047/ILSVRC2012_val_00024275.JPEG,1366,401.2679681777954,0.0009927749633789062,0.07226327668959102,0.9533379991658522,0.0,40550,0.984181,0.8990785479545593,0.04566115140914917,173
8022,/home/projects/bagon/shared/imagenet512/val/n03498962/ILSVRC2012_val_00034911.JPEG,2033,405.3447380065918,0.0009899139404296875,0.1030425395105847,0.8671725460559038,0.0,40551,0.991032,0.17602212727069855,0.13183511793613434,36
8023,/home/projects/bagon/shared/imagenet512/val/n03532672/ILSVRC2012_val_00014236.JPEG,2450,1093.512456893921,0.0009937286376953125,0.12447908880089152,0.9832538801812413,0.0,40552,0.990077,0.24613218009471893,0.0157458633184433,192
8024,/home/projects/bagon/shared/imagenet512/val/n01753488/ILSVRC2012_val_00033459.JPEG,2957,196.646635055542,0.0009946823120117188,0.11020518701364353,0.5991894273533567,0.0,40554,0.991570,0.39981335401535034,0.39981335401535034,0
8025,/home/projects/bagon/shared/imagenet512/val/n02018207/ILSVRC2012_val_00015711.JPEG,1970,313.0417070388794,0.000995635986328125,0.09702469513634576,0.8205193966473558,0.0,40555,0.994248,0.17848069965839386,0.17848069965839386,0
8026,/home/projects/bagon/shared/imagenet512/val/n01775062/ILSVRC2012_val_00025335.JPEG,2586,609.4157114028931,0.0009946823120117188,0.1180506432594959,0.9552551399600041,0.0,40557,0.986972,0.6248979568481445,0.043748483061790466,173
8027,/home/projects/bagon/shared/imagenet512/val/n02865351/ILSVRC2012_val_00049236.JPEG,1948,268.64590072631836,0.0009965896606445312,0.09343831991095125,0.7931396553834806,0.0,40559,0.989871,0.25594788789749146,0.20585614442825317,25
8028,/home/projects/bagon/shared/imagenet512/val/n04209133/ILSVRC2012_val_00013723.JPEG,2874,2441.8011112213135,0.0009899139404296875,0.15963966255726433,0.9957445246035544,0.0,40560,0.972462,0.04139509052038193,0.003259684657678008,354
8029,/home/projects/bagon/shared/imagenet512/val/n02939185/ILSVRC2012_val_00043291.JPEG,1807,1836.6882019042969,0.0009899139404296875,0.1151307116585752,0.9968621923869028,0.0,40561,0.980375,0.09346534311771393,0.0021431755740195513,285
8030,/home/projects/bagon/shared/imagenet512/val/n02328150/ILSVRC2012_val_00000010.JPEG,1493,416.73502254486084,0.0009918212890625,0.08276206953651322,0.9270837914730408,0.0,40562,0.988042,0.21118800342082977,0.07192079722881317,75
8031,/home/projects/bagon/shared/imagenet512/val/n04357314/ILSVRC2012_val_00007823.JPEG,2502,711.7691583633423,0.0009975433349609375,0.12141464326947163,0.9377078517497617,0.0,40563,0.979096,0.10337807238101959,0.06128731742501259,67
8032,/home/projects/bagon/shared/imagenet512/val/n07718747/ILSVRC2012_val_00007247.JPEG,1419,1150.696499824524,0.0009965896606445312,0.09184838918532394,0.9924959870435986,0.0,40566,0.982216,0.044982898980379105,0.00649888813495636,158
8033,/home/projects/bagon/shared/imagenet512/val/n02097658/ILSVRC2012_val_00044453.JPEG,3341,1582.7744407653809,0.0009975433349609375,0.16406874085824044,0.9831711134606277,0.0,40567,0.960311,0.8970171809196472,0.015820622444152832,583
8034,/home/projects/bagon/shared/imagenet512/val/n04141327/ILSVRC2012_val_00027852.JPEG,2459,1335.6980085372925,0.000995635986328125,0.12573568916904454,0.9915408293603551,0.0,40568,0.985665,0.25758805871009827,0.007453717291355133,306
8035,/home/projects/bagon/shared/imagenet512/val/n03658185/ILSVRC2012_val_00010684.JPEG,2835,648.490517616272,0.00099945068359375,0.12995219400222383,0.9049808861619527,0.0,40569,0.987969,0.44930294156074524,0.09401372075080872,262
8036,/home/projects/bagon/shared/imagenet512/val/n01744401/ILSVRC2012_val_00043969.JPEG,3255,2011.427083015442,0.0009946823120117188,0.15075352135824874,0.9959760057486382,0.0,40570,0.967642,0.09613001346588135,0.003022313117980957,345
8037,/home/projects/bagon/shared/imagenet512/val/n01978287/ILSVRC2012_val_00018211.JPEG,1606,845.180682182312,0.0009889602661132812,0.0871008055257774,0.9903650766809773,0.0,40571,0.987492,0.14089415967464447,0.00863752793520689,168
8038,/home/projects/bagon/shared/imagenet512/val/n02398521/ILSVRC2012_val_00010123.JPEG,1477,441.2329521179199,0.0009918212890625,0.08472585904373343,0.922168006797579,0.0,40572,0.987616,0.08574648201465607,0.07683253288269043,14
8039,/home/projects/bagon/shared/imagenet512/val/n04252225/ILSVRC2012_val_00007264.JPEG,2061,1196.3692455291748,0.0009870529174804688,0.11781344109569726,0.9850640223524507,0.0,40573,0.989307,0.1581425666809082,0.013945468701422215,236
8040,/home/projects/bagon/shared/imagenet512/val/n03089624/ILSVRC2012_val_00001190.JPEG,2096,494.683650970459,0.00099945068359375,0.10431746275688576,0.9054082152686255,0.0,40574,0.983722,0.154922753572464,0.09359155595302582,57
8041,/home/projects/bagon/shared/imagenet512/val/n02109047/ILSVRC2012_val_00036231.JPEG,1890,428.5279359817505,0.00099945068359375,0.09574270041942941,0.9075764914755806,0.0,40575,0.986506,0.15487250685691833,0.0914156585931778,49
8042,/home/projects/bagon/shared/imagenet512/val/n02493509/ILSVRC2012_val_00014782.JPEG,2989,1210.1678848266602,0.0009984970092773438,0.13722835469070094,0.9815821197373341,0.0,40578,0.987137,0.22481372952461243,0.017410920932888985,307
8043,/home/projects/bagon/shared/imagenet512/val/n03633091/ILSVRC2012_val_00011185.JPEG,3576,4887.349285125732,0.000995635986328125,0.2040359143525155,0.9986012683305336,0.0,40579,0.973363,0.05641511455178261,0.000397960830014199,1002
8044,/home/projects/bagon/shared/imagenet512/val/n01824575/ILSVRC2012_val_00018318.JPEG,1749,986.0383596420288,0.0009918212890625,0.10625982273405618,0.9779722531865127,0.0,40580,0.979924,0.05268298462033272,0.021028565242886543,131
8045,/home/projects/bagon/shared/imagenet512/val/n03483316/ILSVRC2012_val_00016875.JPEG,1956,390.72253608703613,0.0009899139404296875,0.09587137585958494,0.8846790689637586,0.0,40581,0.981713,0.3201677203178406,0.11432491987943649,90
8046,/home/projects/bagon/shared/imagenet512/val/n04357314/ILSVRC2012_val_00020425.JPEG,3511,724.8493366241455,0.0009975433349609375,0.13305717398387865,0.9471382372837401,0.0,40583,0.977176,0.1766512095928192,0.051854025572538376,111
8047,/home/projects/bagon/shared/imagenet512/val/n02108551/ILSVRC2012_val_00029976.JPEG,2416,1439.2931966781616,0.0009965896606445312,0.12493139938559197,0.9927565458126043,0.0,40584,0.989545,0.05769506096839905,0.00624132389202714,227
8048,/home/projects/bagon/shared/imagenet512/val/n02113186/ILSVRC2012_val_00026343.JPEG,2392,852.9136447906494,0.00099945068359375,0.12630489269524434,0.9532908390845399,0.0,40586,0.964541,0.21748484671115875,0.045705948024988174,284
8049,/home/projects/bagon/shared/imagenet512/val/n03742115/ILSVRC2012_val_00019217.JPEG,1712,478.13195514678955,0.0009975433349609375,0.09286268038244903,0.9268374630326683,0.0,40587,0.991187,0.20473730564117432,0.07216271758079529,97
8050,/home/projects/bagon/shared/imagenet512/val/n03110669/ILSVRC2012_val_00016017.JPEG,3150,1601.4964113235474,0.0009984970092773438,0.1579835785515798,0.9872689061574498,0.0,40589,0.967799,0.08729204535484314,0.011727841570973396,513
8051,/home/projects/bagon/shared/imagenet512/val/n03481172/ILSVRC2012_val_00032084.JPEG,2369,2019.979172706604,0.0009937286376953125,0.13414351541692857,0.9948647803816353,0.0,40590,0.981357,0.0678563043475151,0.004139010328799486,402
8052,/home/projects/bagon/shared/imagenet512/val/n02672831/ILSVRC2012_val_00046265.JPEG,2389,2749.952028274536,0.00099945068359375,0.14618502581654583,0.9975501908747497,0.0,40591,0.983647,0.09164810180664062,0.0014468035660684109,428
8053,/home/projects/bagon/shared/imagenet512/val/n03494278/ILSVRC2012_val_00018302.JPEG,2055,1485.2957859039307,0.0009889602661132812,0.11815541917635922,0.9918458679976005,0.0,40592,0.971473,0.09884566813707352,0.00715813459828496,248
8054,/home/projects/bagon/shared/imagenet512/val/n02640242/ILSVRC2012_val_00042544.JPEG,1193,345.02717113494873,0.0009984970092773438,0.07701902471977307,0.8913253079705286,0.0,40593,0.992421,0.3068309426307678,0.10766804218292236,121
8055,/home/projects/bagon/shared/imagenet512/val/n04435653/ILSVRC2012_val_00032741.JPEG,1251,441.14710521698,0.00099945068359375,0.07997900877180024,0.9271477084096659,0.0,40594,0.989867,0.4518221616744995,0.07185089588165283,145
8056,/home/projects/bagon/shared/imagenet512/val/n01950731/ILSVRC2012_val_00036188.JPEG,1651,220.8474245071411,0.0009908676147460938,0.07949564143167921,0.8023199757680414,0.0,40595,0.994573,0.3728215992450714,0.19668251276016235,51
8057,/home/projects/bagon/shared/imagenet512/val/n04336792/ILSVRC2012_val_00001196.JPEG,1450,376.54751205444336,0.0009908676147460938,0.08153605518540186,0.9075094982687721,0.0,40596,0.995414,0.22409291565418243,0.09149330854415894,87
8058,/home/projects/bagon/shared/imagenet512/val/n01693334/ILSVRC2012_val_00041769.JPEG,3481,295.5251131057739,0.0009946823120117188,0.13322797887873403,0.6717635563814428,0.0,40597,0.987019,0.3909991383552551,0.327231764793396,49
8059,/home/projects/bagon/shared/imagenet512/val/n01748264/ILSVRC2012_val_00036217.JPEG,2293,939.9661464691162,0.000988006591796875,0.11399261592268167,0.9814560993454156,0.0,40598,0.986263,0.17574457824230194,0.017548756673932076,250
8060,/home/projects/bagon/shared/imagenet512/val/n02090721/ILSVRC2012_val_00017041.JPEG,1713,121.91529941558838,0.0009984970092773438,0.0809161951619461,0.5602331772277583,0.0,40599,0.993960,0.5076042413711548,0.4387652277946472,18
8061,/home/projects/bagon/shared/imagenet512/val/n02927161/ILSVRC2012_val_00044970.JPEG,1642,231.9626693725586,0.0009984970092773438,0.08333369413542903,0.782631004255964,0.0,40600,0.993795,0.21636545658111572,0.21636545658111572,0
8062,/home/projects/bagon/shared/imagenet512/val/n02085936/ILSVRC2012_val_00039146.JPEG,1939,344.6003427505493,0.0009946823120117188,0.09367299327769193,0.8568853145082073,0.0,40602,0.979981,0.303158164024353,0.1421171873807907,90
8063,/home/projects/bagon/shared/imagenet512/val/n02105056/ILSVRC2012_val_00036843.JPEG,1664,264.7969341278076,0.00099945068359375,0.08115897837795699,0.8535379597545671,0.0,40606,0.993494,0.1454523801803589,0.1454523801803589,0
8064,/home/projects/bagon/shared/imagenet512/val/n01532829/ILSVRC2012_val_00007129.JPEG,1691,833.4371614456177,0.0009984970092773438,0.10533382009594949,0.9650679010762773,0.0,40607,0.949789,0.09431099146604538,0.033932875841856,97
8065,/home/projects/bagon/shared/imagenet512/val/n06596364/ILSVRC2012_val_00030390.JPEG,1439,3138.7178354263306,0.0009946823120117188,0.10760945560629684,0.9990091026727724,0.0,40608,0.988065,0.6151737570762634,7.275083044078201e-05,490
8066,/home/projects/bagon/shared/imagenet512/val/n02102480/ILSVRC2012_val_00046700.JPEG,1749,837.7348508834839,0.00099945068359375,0.10153108558597668,0.9769853267450394,0.0,40609,0.992104,0.0891907811164856,0.022007852792739868,257
8067,/home/projects/bagon/shared/imagenet512/val/n01664065/ILSVRC2012_val_00046105.JPEG,2093,2179.727789878845,0.0009927749633789062,0.11243868941975328,0.999128519230708,0.0,40610,0.982553,0.8936219811439514,0.0004661154525820166,503
8068,/home/projects/bagon/shared/imagenet512/val/n04275548/ILSVRC2012_val_00040594.JPEG,1887,583.1456251144409,0.0009984970092773438,0.09878229244788572,0.9552607384470432,0.0,40611,0.948698,0.09175574779510498,0.04372907429933548,80
8069,/home/projects/bagon/shared/imagenet512/val/n04200800/ILSVRC2012_val_00049275.JPEG,1975,556.293553352356,0.0009927749633789062,0.10156579336600088,0.9438116583707559,0.0,40612,0.969526,0.3032914400100708,0.05519190430641174,128
8070,/home/projects/bagon/shared/imagenet512/val/n02093428/ILSVRC2012_val_00029175.JPEG,3246,781.8674116134644,0.0009984970092773438,0.14504328392155885,0.9360351436977945,0.0,40613,0.975786,0.24639619886875153,0.06295903027057648,205
8071,/home/projects/bagon/shared/imagenet512/val/n03594734/ILSVRC2012_val_00008023.JPEG,1604,355.9006690979004,0.0009984970092773438,0.0891412352182898,0.8606782028043372,0.0,40616,0.976707,0.22178655862808228,0.13831757009029388,54
8072,/home/projects/bagon/shared/imagenet512/val/n04023962/ILSVRC2012_val_00032748.JPEG,1594,203.07038021087646,0.0009870529174804688,0.08357446418193923,0.7315342127795748,0.0,40618,0.991390,0.26747360825538635,0.26747360825538635,0
8073,/home/projects/bagon/shared/imagenet512/val/n03781244/ILSVRC2012_val_00032245.JPEG,2813,458.05354404449463,0.0009965896606445312,0.125403876271841,0.8452096171291608,0.0,40619,0.976817,0.23857255280017853,0.1537817120552063,63
8074,/home/projects/bagon/shared/imagenet512/val/n03483316/ILSVRC2012_val_00033909.JPEG,2049,1032.8958959579468,0.0009889602661132812,0.11485032228806193,0.9854672875768711,0.0,40620,0.975188,0.36757564544677734,0.013537422753870487,202
8075,/home/projects/bagon/shared/imagenet512/val/n02101388/ILSVRC2012_val_00015972.JPEG,2668,730.4593935012817,0.0009946823120117188,0.12148713719589015,0.9515707395453804,0.0,40621,0.987718,0.6262969374656677,0.04743838682770729,235
8076,/home/projects/bagon/shared/imagenet512/val/n02107908/ILSVRC2012_val_00021846.JPEG,3939,1172.14146900177,0.000995635986328125,0.16430387334826194,0.9656156985970118,0.0,40622,0.990538,0.8743464350700378,0.03337725251913071,456
8077,/home/projects/bagon/shared/imagenet512/val/n02098413/ILSVRC2012_val_00011063.JPEG,3239,368.70994567871094,0.0009965896606445312,0.1278399132324323,0.7947794856806158,0.0,40624,0.988445,0.21562258899211884,0.20421648025512695,26
8078,/home/projects/bagon/shared/imagenet512/val/n01985128/ILSVRC2012_val_00013744.JPEG,2614,548.7884855270386,0.00099945068359375,0.11593052014278954,0.9180068853420977,0.0,40625,0.973632,0.1558734029531479,0.08098308742046356,62
8079,/home/projects/bagon/shared/imagenet512/val/n04465501/ILSVRC2012_val_00020921.JPEG,2497,210.67083930969238,0.0009965896606445312,0.1066087295408857,0.6607297573932146,0.0,40626,0.995442,0.3382629156112671,0.3382629156112671,0
8080,/home/projects/bagon/shared/imagenet512/val/n01944390/ILSVRC2012_val_00019782.JPEG,1960,2713.2466535568237,0.0009927749633789062,0.12922015069423445,0.9974484070209377,0.0,40627,0.962353,0.07032914459705353,0.0015533455880358815,539
8081,/home/projects/bagon/shared/imagenet512/val/n02930766/ILSVRC2012_val_00031878.JPEG,2607,974.7740345001221,0.0009927749633789062,0.1258449193926658,0.9751654730477219,0.0,40628,0.990008,0.8870760202407837,0.023835502564907074,380
8082,/home/projects/bagon/shared/imagenet512/val/n01944390/ILSVRC2012_val_00009202.JPEG,2631,2846.3264875411987,0.0009975433349609375,0.15724233122404913,0.9975479155441791,0.0,40629,0.977532,0.052731096744537354,0.00144872535020113,422
8083,/home/projects/bagon/shared/imagenet512/val/n03874599/ILSVRC2012_val_00023222.JPEG,1496,1169.5163736343384,0.0009975433349609375,0.09987667735427458,0.9892344681451866,0.0,40630,0.988622,0.14414943754673004,0.009775820188224316,206
8084,/home/projects/bagon/shared/imagenet512/val/n13052670/ILSVRC2012_val_00016544.JPEG,1357,247.04096603393555,0.00099945068359375,0.06960963546383327,0.851725174412123,0.0,40631,0.987609,0.35272958874702454,0.14726732671260834,64
8085,/home/projects/bagon/shared/imagenet512/val/n03787032/ILSVRC2012_val_00047480.JPEG,3899,2301.1004028320312,0.000995635986328125,0.17662910426181339,0.9941588567749612,0.0,40632,0.976579,0.32494357228279114,0.004835887812077999,386
8086,/home/projects/bagon/shared/imagenet512/val/n02002724/ILSVRC2012_val_00003011.JPEG,2465,647.8621006011963,0.0009908676147460938,0.1138793020881683,0.9441727844571884,0.0,40633,0.988801,0.5529921054840088,0.05483311414718628,210
8087,/home/projects/bagon/shared/imagenet512/val/n02105056/ILSVRC2012_val_00038674.JPEG,2410,662.4250507354736,0.0009965896606445312,0.11829564821054939,0.9402321399253539,0.0,40635,0.985914,0.16928191483020782,0.058766528964042664,195
8088,/home/projects/bagon/shared/imagenet512/val/n03249569/ILSVRC2012_val_00021326.JPEG,2070,880.1315717697144,0.00099945068359375,0.10934865196867824,0.9756389187927477,0.0,40636,0.987420,0.4995584785938263,0.02335212007164955,274
8089,/home/projects/bagon/shared/imagenet512/val/n02110185/ILSVRC2012_val_00021736.JPEG,4202,690.5574035644531,0.0009927749633789062,0.1495570472296122,0.9526410222054513,0.0,40637,0.982635,0.21047638356685638,0.04636454954743385,98
8090,/home/projects/bagon/shared/imagenet512/val/n04584207/ILSVRC2012_val_00000854.JPEG,1753,813.2242040634155,0.000995635986328125,0.10296143897517483,0.9685909990639111,0.0,40638,0.974788,0.0858888328075409,0.030410610139369965,106
8091,/home/projects/bagon/shared/imagenet512/val/n04429376/ILSVRC2012_val_00039872.JPEG,1746,2522.0620107650757,0.0009965896606445312,0.11811598806977879,0.9983388647734204,0.0,40639,0.986583,0.07215259969234467,0.000701007607858628,470
8092,/home/projects/bagon/shared/imagenet512/val/n04328186/ILSVRC2012_val_00029240.JPEG,2602,289.0408000946045,0.000995635986328125,0.10588483141050294,0.8146634296828578,0.0,40640,0.992941,0.6274117231369019,0.1843355894088745,96
8093,/home/projects/bagon/shared/imagenet512/val/n01692333/ILSVRC2012_val_00006500.JPEG,1186,631.8877906799316,0.0009918212890625,0.08077559162135263,0.9644937800651282,0.0,40641,0.988000,0.40332844853401184,0.03450857847929001,184
8094,/home/projects/bagon/shared/imagenet512/val/n02808440/ILSVRC2012_val_00033910.JPEG,4003,693.6647443771362,0.0009937286376953125,0.15467717033407624,0.9272800964355576,0.0,40642,0.972498,0.07410219311714172,0.07171810418367386,21
8095,/home/projects/bagon/shared/imagenet512/val/n01751748/ILSVRC2012_val_00021259.JPEG,2306,671.9126310348511,0.0009965896606445312,0.11303572435086452,0.942598784671694,0.0,40643,0.978328,0.427886039018631,0.05639674887061119,226
8096,/home/projects/bagon/shared/imagenet512/val/n02667093/ILSVRC2012_val_00010498.JPEG,2317,191.4081678390503,0.000988006591796875,0.09722458003682528,0.6662448111301957,0.0,40644,0.993267,0.6568242907524109,0.3327607810497284,88
8097,/home/projects/bagon/shared/imagenet512/val/n04548362/ILSVRC2012_val_00005044.JPEG,3155,1512.1411237716675,0.0009918212890625,0.13909799804056763,0.989798340300362,0.0,40648,0.975133,0.14782670140266418,0.009273835457861423,279
8098,/home/projects/bagon/shared/imagenet512/val/n02105412/ILSVRC2012_val_00042144.JPEG,2413,1746.8065605163574,0.00099945068359375,0.13004394771360794,0.9954698175768812,0.0,40649,0.978327,0.1729913204908371,0.00352612417191267,347
8099,/home/projects/bagon/shared/imagenet512/val/n02906734/ILSVRC2012_val_00004586.JPEG,1612,120.42259120941162,0.0009965896606445312,0.0764517046993827,0.587159895081632,0.0,40650,0.994309,0.5056877732276917,0.4118362069129944,22
8100,/home/projects/bagon/shared/imagenet512/val/n03690938/ILSVRC2012_val_00041882.JPEG,3650,810.701337814331,0.0009946823120117188,0.14598013329184803,0.9417581362070023,0.0,40651,0.980609,0.6370968222618103,0.05724719539284706,268
8101,/home/projects/bagon/shared/imagenet512/val/n02667093/ILSVRC2012_val_00005439.JPEG,2599,98.63675117492676,0.0009946823120117188,0.09792480273390518,0.40831992095292935,0.0,40652,0.995111,0.5906745791435242,0.5906745791435242,0
8102,/home/projects/bagon/shared/imagenet512/val/n03630383/ILSVRC2012_val_00020085.JPEG,2004,222.66828632354736,0.0009908676147460938,0.09370231947244333,0.7174870410737187,0.0,40653,0.985109,0.2867618501186371,0.28151217103004456,5
8103,/home/projects/bagon/shared/imagenet512/val/n03417042/ILSVRC2012_val_00032800.JPEG,1357,90.29354095458984,0.0009937286376953125,0.06765815712218787,0.5298638735742013,0.0,40654,0.995389,0.4691355526447296,0.4691355526447296,0
8104,/home/projects/bagon/shared/imagenet512/val/n03706229/ILSVRC2012_val_00046324.JPEG,1090,200.26248168945312,0.0009908676147460938,0.06935206282285146,0.7710743753613866,0.0,40655,0.992045,0.525542676448822,0.22792497277259827,77
8105,/home/projects/bagon/shared/imagenet512/val/n03535780/ILSVRC2012_val_00027475.JPEG,2739,328.0860071182251,0.0009984970092773438,0.11287043489944798,0.815069614022382,0.0,40657,0.991832,0.6019427180290222,0.18392615020275116,125
8106,/home/projects/bagon/shared/imagenet512/val/n03661043/ILSVRC2012_val_00029650.JPEG,2556,450.58389472961426,0.0009965896606445312,0.11736154595400368,0.8678524526134088,0.0,40662,0.978981,0.4089917838573456,0.13114817440509796,161
8107,/home/projects/bagon/shared/imagenet512/val/n02795169/ILSVRC2012_val_00014204.JPEG,2370,630.625804901123,0.0009965896606445312,0.11910707421267604,0.9242349952206177,0.0,40663,0.992316,0.2019142359495163,0.07476037740707397,232
8108,/home/projects/bagon/shared/imagenet512/val/n07880968/ILSVRC2012_val_00048815.JPEG,1185,1228.971586227417,0.0009975433349609375,0.09063711235559734,0.9899794560349005,0.0,40664,0.986522,0.2554561197757721,0.009019726887345314,278
8109,/home/projects/bagon/shared/imagenet512/val/n02802426/ILSVRC2012_val_00040597.JPEG,2156,937.7522134780884,0.0009927749633789062,0.11357356019715308,0.9810068058295824,0.0,40665,0.986229,0.042968329042196274,0.01799522154033184,253
8110,/home/projects/bagon/shared/imagenet512/val/n07693725/ILSVRC2012_val_00007322.JPEG,2111,1750.4037799835205,0.0009889602661132812,0.12466514144769972,0.9944218311283085,0.0,40666,0.980893,0.4088481068611145,0.0045827762223780155,414
8111,/home/projects/bagon/shared/imagenet512/val/n02795169/ILSVRC2012_val_00047237.JPEG,2567,344.61202907562256,0.0009984970092773438,0.10926516351031605,0.8235505704075763,0.0,40667,0.990241,0.17544203996658325,0.17544203996658325,0
8112,/home/projects/bagon/shared/imagenet512/val/n02172182/ILSVRC2012_val_00021314.JPEG,1471,254.7547264099121,0.0009937286376953125,0.07396708141223457,0.8869758335938924,0.0,40668,0.990908,0.17480391263961792,0.11202386766672134,28
8113,/home/projects/bagon/shared/imagenet512/val/n03843555/ILSVRC2012_val_00018387.JPEG,1564,388.59556007385254,0.0009927749633789062,0.08586863616871208,0.9107108633281158,0.0,40669,0.980636,0.4837018549442291,0.08829259872436523,121
8114,/home/projects/bagon/shared/imagenet512/val/n03899768/ILSVRC2012_val_00004279.JPEG,2132,428.5615453720093,0.000995635986328125,0.10265199667386476,0.8839349878634498,0.0,40672,0.982454,0.12098037451505661,0.11506470292806625,7
8115,/home/projects/bagon/shared/imagenet512/val/n01688243/ILSVRC2012_val_00012759.JPEG,1120,169.0085325241089,0.0009984970092773438,0.06670406306627184,0.7294272597159431,0.0,40675,0.992052,0.5409978032112122,0.2695595920085907,64
8116,/home/projects/bagon/shared/imagenet512/val/n07760859/ILSVRC2012_val_00042369.JPEG,915,636.4386186599731,0.0009927749633789062,0.06618761379353316,0.9806595876514403,0.0,40676,0.994381,0.09841644018888474,0.01834949292242527,106
8117,/home/projects/bagon/shared/imagenet512/val/n03250847/ILSVRC2012_val_00037741.JPEG,1774,1035.8600177764893,0.0009918212890625,0.10285930046068963,0.9849375498760882,0.0,40677,0.978178,0.15272493660449982,0.014064415358006954,221
8118,/home/projects/bagon/shared/imagenet512/val/n07717556/ILSVRC2012_val_00029151.JPEG,953,173.15695095062256,0.000995635986328125,0.06067632023141613,0.7515938735631738,0.0,40678,0.987639,0.6363735198974609,0.24739854037761688,89
8119,/home/projects/bagon/shared/imagenet512/val/n02814860/ILSVRC2012_val_00036801.JPEG,2613,473.3002576828003,0.0009889602661132812,0.11834279933400241,0.8815882729657781,0.0,40679,0.987747,0.329813152551651,0.11740989983081818,167
8120,/home/projects/bagon/shared/imagenet512/val/n01806567/ILSVRC2012_val_00016887.JPEG,2028,495.6048917770386,0.0009937286376953125,0.10257105564970931,0.9208568832178462,0.0,40683,0.985100,0.46796199679374695,0.07814547419548035,127
8121,/home/projects/bagon/shared/imagenet512/val/n07745940/ILSVRC2012_val_00019253.JPEG,2344,1325.9713668823242,0.000988006591796875,0.12096737145551821,0.9914806434529819,0.0,40684,0.979537,0.10991648584604263,0.007520194165408611,236
8122,/home/projects/bagon/shared/imagenet512/val/n03223299/ILSVRC2012_val_00026334.JPEG,1511,408.88121223449707,0.0009899139404296875,0.08669161854590797,0.8981254358727411,0.0,40685,0.991260,0.20593416690826416,0.10087647289037704,63
8123,/home/projects/bagon/shared/imagenet512/val/n04584207/ILSVRC2012_val_00036677.JPEG,2165,600.5281076431274,0.0009975433349609375,0.11117514195256911,0.926421111356666,0.0,40686,0.984328,0.10219927132129669,0.07257675379514694,35
8124,/home/projects/bagon/shared/imagenet512/val/n02231487/ILSVRC2012_val_00003586.JPEG,1998,2345.2154455184937,0.0009937286376953125,0.12405942275275315,0.9975388763990598,0.0,40687,0.986750,0.03922928497195244,0.0014593639643862844,459
8125,/home/projects/bagon/shared/imagenet512/val/n03868242/ILSVRC2012_val_00039238.JPEG,2870,446.77983379364014,0.0009975433349609375,0.12114767713009442,0.8728226133471015,0.0,40688,0.991318,0.5144621729850769,0.12617385387420654,163
8126,/home/projects/bagon/shared/imagenet512/val/n01950731/ILSVRC2012_val_00016170.JPEG,2243,972.9216442108154,0.0009937286376953125,0.11339324261310897,0.9796660943384963,0.0,40689,0.963553,0.18333449959754944,0.019328715279698372,193
8127,/home/projects/bagon/shared/imagenet512/val/n02066245/ILSVRC2012_val_00033405.JPEG,1782,652.1977701187134,0.0009965896606445312,0.10212175617867601,0.9506453380263612,0.0,40690,0.983216,0.21438337862491608,0.048366229981184006,135
8128,/home/projects/bagon/shared/imagenet512/val/n03895866/ILSVRC2012_val_00005480.JPEG,2538,957.360743522644,0.0009899139404296875,0.1243560676741044,0.9690991066300653,0.0,40691,0.984750,0.5016882419586182,0.029903952032327652,353
8129,/home/projects/bagon/shared/imagenet512/val/n03877845/ILSVRC2012_val_00042066.JPEG,2197,241.67486667633057,0.0009946823120117188,0.09550153083447054,0.7680083327682136,0.0,40692,0.982157,0.3555130660533905,0.230987548828125,50
8130,/home/projects/bagon/shared/imagenet512/val/n02094258/ILSVRC2012_val_00020681.JPEG,2141,162.93206405639648,0.000988006591796875,0.09087653747263273,0.6533894601491138,0.0,40693,0.993854,0.3456152081489563,0.3456152081489563,0
8131,/home/projects/bagon/shared/imagenet512/val/n03954731/ILSVRC2012_val_00037755.JPEG,1637,1232.239751815796,0.0009889602661132812,0.0996270401424082,0.9938347022726405,0.0,40694,0.976960,0.14639827609062195,0.005169968586415052,267
8132,/home/projects/bagon/shared/imagenet512/val/n07697313/ILSVRC2012_val_00024158.JPEG,1369,651.7003946304321,0.0009965896606445312,0.08591083766170639,0.9683557848645213,0.0,40695,0.990648,0.2120879739522934,0.03064793534576893,157
8133,/home/projects/bagon/shared/imagenet512/val/n09428293/ILSVRC2012_val_00036398.JPEG,3051,584.9627361297607,0.00099945068359375,0.13101808851753202,0.9088561283425849,0.0,40699,0.973169,0.0901363417506218,0.0901363417506218,0
8134,/home/projects/bagon/shared/imagenet512/val/n02490219/ILSVRC2012_val_00008188.JPEG,2605,2175.584197998047,0.0009975433349609375,0.13653558257335718,0.9978058100030136,0.0,40700,0.978262,0.2714266777038574,0.001187641522847116,357
8135,/home/projects/bagon/shared/imagenet512/val/n04542943/ILSVRC2012_val_00039485.JPEG,1789,1449.0915460586548,0.0009965896606445312,0.11226809433865556,0.9939409189293406,0.0,40701,0.991313,0.5140582919120789,0.005057657137513161,375
8136,/home/projects/bagon/shared/imagenet512/val/n02087394/ILSVRC2012_val_00043252.JPEG,3630,341.0680980682373,0.0009908676147460938,0.13367425237529484,0.744891258223,0.0,40702,0.984575,0.5046153664588928,0.2541128695011139,96
8137,/home/projects/bagon/shared/imagenet512/val/n03481172/ILSVRC2012_val_00045142.JPEG,2378,763.7591543197632,0.00099945068359375,0.11374079634226722,0.9654696323469919,0.0,40704,0.985803,0.36346420645713806,0.03352152928709984,179
8138,/home/projects/bagon/shared/imagenet512/val/n01749939/ILSVRC2012_val_00049542.JPEG,2263,1058.5306367874146,0.0009984970092773438,0.11969584952394696,0.980844034731901,0.0,40711,0.982021,0.2336418479681015,0.01815209910273552,249
8139,/home/projects/bagon/shared/imagenet512/val/n04525038/ILSVRC2012_val_00005602.JPEG,2441,1641.2980298995972,0.0009908676147460938,0.13489139352346644,0.9919741413506927,0.0,40712,0.972303,0.27014029026031494,0.007025721482932568,402
8140,/home/projects/bagon/shared/imagenet512/val/n02219486/ILSVRC2012_val_00014966.JPEG,1818,761.5530195236206,0.0009984970092773438,0.10443448547765517,0.9636499258040878,0.0,40713,0.990700,0.24952122569084167,0.035352934151887894,178
8141,/home/projects/bagon/shared/imagenet512/val/n02091635/ILSVRC2012_val_00037347.JPEG,2205,462.41246509552,0.0009984970092773438,0.1080233199223969,0.9008994224288414,0.0,40714,0.990610,0.48906224966049194,0.0980992391705513,164
8142,/home/projects/bagon/shared/imagenet512/val/n03476991/ILSVRC2012_val_00028034.JPEG,2289,477.49470615386963,0.0009937286376953125,0.10703588964415701,0.9118385807585168,0.0,40715,0.971698,0.11886686831712723,0.0871586874127388,32
8143,/home/projects/bagon/shared/imagenet512/val/n03633091/ILSVRC2012_val_00036758.JPEG,1997,644.4455184936523,0.0009975433349609375,0.1095004536783754,0.93749586725284,0.0,40716,0.989609,0.11527145653963089,0.06150349974632263,82
8144,/home/projects/bagon/shared/imagenet512/val/n02085936/ILSVRC2012_val_00030893.JPEG,2261,410.9562635421753,0.0009975433349609375,0.10224387329692079,0.8883659854780218,0.0,40717,0.986426,0.40076306462287903,0.11062590032815933,121
8145,/home/projects/bagon/shared/imagenet512/val/n03291819/ILSVRC2012_val_00042559.JPEG,2191,977.9805755615234,0.0009908676147460938,0.11306284150049413,0.9844799359021046,0.0,40718,0.980757,0.5713890790939331,0.014520905911922455,261
8146,/home/projects/bagon/shared/imagenet512/val/n02105505/ILSVRC2012_val_00032099.JPEG,2228,1746.710048675537,0.00099945068359375,0.1391192647042386,0.9896661792557525,0.0,40719,0.983905,0.15826144814491272,0.009333690628409386,372
8147,/home/projects/bagon/shared/imagenet512/val/n03141823/ILSVRC2012_val_00026638.JPEG,2686,2640.5206594467163,0.000988006591796875,0.15790318036128922,0.9958552828527202,0.0,40722,0.969619,0.09692643582820892,0.0031441249884665012,508
8148,/home/projects/bagon/shared/imagenet512/val/n04591713/ILSVRC2012_val_00048602.JPEG,2705,346.4871520996094,0.0009984970092773438,0.11429590444772617,0.8137606828516579,0.0,40723,0.991223,0.18523773550987244,0.18523773550987244,0
8149,/home/projects/bagon/shared/imagenet512/val/n03995372/ILSVRC2012_val_00043807.JPEG,2290,510.7548532485962,0.0009975433349609375,0.10763795768856099,0.9163585796024157,0.0,40725,0.987138,0.09920700639486313,0.08263537287712097,38
8150,/home/projects/bagon/shared/imagenet512/val/n03100240/ILSVRC2012_val_00020673.JPEG,3206,680.2080888748169,0.0009975433349609375,0.13717456674023354,0.9085198697989588,0.0,40726,0.978489,0.4425603747367859,0.09047127515077591,235
8151,/home/projects/bagon/shared/imagenet512/val/n09193705/ILSVRC2012_val_00025919.JPEG,1724,258.16836166381836,0.0009937286376953125,0.08954452587854554,0.7678837421345411,0.0,40727,0.990384,0.25172972679138184,0.23111742734909058,16
8152,/home/projects/bagon/shared/imagenet512/val/n04487394/ILSVRC2012_val_00000146.JPEG,3091,1766.7083292007446,0.00099945068359375,0.14663497532730554,0.9947575991750673,0.0,40728,0.986236,0.19635798037052155,0.0042332871817052364,322
8153,/home/projects/bagon/shared/imagenet512/val/n04389033/ILSVRC2012_val_00048799.JPEG,1928,403.93969917297363,0.0009965896606445312,0.09685824965516107,0.8906846368327569,0.0,40729,0.992648,0.3804800510406494,0.10831422358751297,142
8154,/home/projects/bagon/shared/imagenet512/val/n03141823/ILSVRC2012_val_00004150.JPEG,1621,337.20988941192627,0.000995635986328125,0.09084665686957019,0.8487860269204919,0.0,40730,0.993866,0.15022094547748566,0.15022094547748566,0
8155,/home/projects/bagon/shared/imagenet512/val/n03804744/ILSVRC2012_val_00024466.JPEG,2137,1273.5128078460693,0.0009975433349609375,0.10975541562717882,0.9931720769565671,0.0,40732,0.979093,0.4469490647315979,0.005818894132971764,287
8156,/home/projects/bagon/shared/imagenet512/val/n07860988/ILSVRC2012_val_00026243.JPEG,1931,1050.0672216415405,0.0009946823120117188,0.1143295727328763,0.9766106615491221,0.0,40733,0.981274,0.36732760071754456,0.022385191172361374,324
8157,/home/projects/bagon/shared/imagenet512/val/n02093428/ILSVRC2012_val_00045238.JPEG,2757,482.53683853149414,0.00099945068359375,0.11413547473724096,0.8989647530937978,0.0,40734,0.978123,0.21199220418930054,0.10002913326025009,102
8158,/home/projects/bagon/shared/imagenet512/val/n04270147/ILSVRC2012_val_00012969.JPEG,2829,741.9338884353638,0.0009984970092773438,0.1302078573733981,0.9346966874043154,0.0,40735,0.981551,0.3925026059150696,0.06430535018444061,227
8159,/home/projects/bagon/shared/imagenet512/val/n02177972/ILSVRC2012_val_00044760.JPEG,2838,1305.1494932174683,0.0009918212890625,0.15006865018905144,0.965092722594879,0.0,40736,0.981467,0.07376927137374878,0.03390979394316673,189
8160,/home/projects/bagon/shared/imagenet512/val/n01980166/ILSVRC2012_val_00038606.JPEG,1181,344.44542026519775,0.0009975433349609375,0.07066609602180575,0.9241963862052088,0.0,40737,0.995259,0.39745932817459106,0.07480213791131973,99
8161,/home/projects/bagon/shared/imagenet512/val/n04443257/ILSVRC2012_val_00046294.JPEG,2235,116.47584629058838,0.0009984970092773438,0.09003070715272583,0.5116566476738823,0.0,40738,0.996113,0.4873374104499817,0.4873374104499817,0
8162,/home/projects/bagon/shared/imagenet512/val/n03903868/ILSVRC2012_val_00045365.JPEG,1035,70.62119483947754,0.0009937286376953125,0.055258926222101455,0.5108337231009481,0.0,40740,0.994034,0.48817524313926697,0.48817524313926697,0
8163,/home/projects/bagon/shared/imagenet512/val/n03721384/ILSVRC2012_val_00019692.JPEG,1669,930.2097930908203,0.0009975433349609375,0.09703327166319103,0.988911379518319,0.0,40741,0.980492,0.44165241718292236,0.010083300061523914,248
8164,/home/projects/bagon/shared/imagenet512/val/n02110958/ILSVRC2012_val_00038637.JPEG,1686,1350.8168239593506,0.000988006591796875,0.10663772171840215,0.9926604170415014,0.0,40742,0.981663,0.08006217330694199,0.0063466718420386314,202
8165,/home/projects/bagon/shared/imagenet512/val/n09428293/ILSVRC2012_val_00032534.JPEG,3797,1020.8850708007812,0.0009908676147460938,0.15897222951237602,0.9493675128064838,0.0,40743,0.983552,0.07078764587640762,0.04963309317827225,125
8166,/home/projects/bagon/shared/imagenet512/val/n02871525/ILSVRC2012_val_00027303.JPEG,1640,667.1563892364502,0.0009975433349609375,0.09669127988401587,0.9572097969485183,0.0,40744,0.944591,0.1611960381269455,0.04179428145289421,114
8167,/home/projects/bagon/shared/imagenet512/val/n04270147/ILSVRC2012_val_00004044.JPEG,2155,890.3808794021606,0.00099945068359375,0.11532668317609246,0.9711491042642385,0.0,40745,0.990701,0.06963363289833069,0.027846243232488632,98
8168,/home/projects/bagon/shared/imagenet512/val/n02111277/ILSVRC2012_val_00044206.JPEG,1685,262.09017276763916,0.0009965896606445312,0.07707351158838477,0.8723971433136324,0.0,40746,0.991010,0.12659557163715363,0.12659557163715363,0
8169,/home/projects/bagon/shared/imagenet512/val/n03450230/ILSVRC2012_val_00024207.JPEG,2745,738.3252906799316,0.0009975433349609375,0.12085256185156755,0.9548141793949623,0.0,40747,0.959254,0.527852475643158,0.044183436781167984,226
8170,/home/projects/bagon/shared/imagenet512/val/n01914609/ILSVRC2012_val_00023448.JPEG,2286,188.49059295654297,0.0009918212890625,0.09729071904729517,0.6605898848202556,0.0,40748,0.995311,0.33841797709465027,0.33841797709465027,0
8171,/home/projects/bagon/shared/imagenet512/val/n03372029/ILSVRC2012_val_00011201.JPEG,1686,408.7928476333618,0.000995635986328125,0.09133465203768203,0.8980990876681348,0.0,40749,0.992862,0.31745070219039917,0.10090673714876175,100
8172,/home/projects/bagon/shared/imagenet512/val/n04296562/ILSVRC2012_val_00025776.JPEG,1572,385.28920459747314,0.0009870529174804688,0.08634025083180959,0.8921777771623813,0.0,40751,0.993068,0.16298766434192657,0.10682521015405655,51
8173,/home/projects/bagon/shared/imagenet512/val/n04133789/ILSVRC2012_val_00032051.JPEG,2385,342.5391330718994,0.0009927749633789062,0.10913514902002795,0.8088375518885508,0.0,40752,0.980166,0.360095351934433,0.19016487896442413,87
8174,/home/projects/bagon/shared/imagenet512/val/n02483708/ILSVRC2012_val_00019132.JPEG,1817,750.1131000518799,0.0009984970092773438,0.10091365755340041,0.97591293183331,0.0,40753,0.976995,0.19689206779003143,0.02308356948196888,162
8175,/home/projects/bagon/shared/imagenet512/val/n07718472/ILSVRC2012_val_00038547.JPEG,1957,206.07168579101562,0.000988006591796875,0.09484748703010036,0.6737226000664496,0.0,40754,0.991505,0.4416385889053345,0.32528045773506165,44
8176,/home/projects/bagon/shared/imagenet512/val/n03443371/ILSVRC2012_val_00011666.JPEG,3567,4646.5343017578125,0.0009927749633789062,0.1815867526765713,0.9989605621616928,0.0,40755,0.945866,0.6869427561759949,0.00011795642058132216,774
8177,/home/projects/bagon/shared/imagenet512/val/n02074367/ILSVRC2012_val_00030029.JPEG,1889,470.1491823196411,0.0009965896606445312,0.09987485741527312,0.9003470612610701,0.0,40756,0.988005,0.33005401492118835,0.0986441895365715,129
8178,/home/projects/bagon/shared/imagenet512/val/n01749939/ILSVRC2012_val_00025938.JPEG,2754,1743.3827543258667,0.0009918212890625,0.1529665236317543,0.9892996029303888,0.0,40757,0.973009,0.22101052105426788,0.009698295034468174,543
8179,/home/projects/bagon/shared/imagenet512/val/n04606251/ILSVRC2012_val_00041464.JPEG,1464,369.0576276779175,0.0009908676147460938,0.08329419692286853,0.8923272466624537,0.0,40758,0.984341,0.296192467212677,0.10667455941438675,92
8180,/home/projects/bagon/shared/imagenet512/val/n04355338/ILSVRC2012_val_00030816.JPEG,1188,329.3033742904663,0.0009851455688476562,0.07224983748264688,0.90787869898167,0.0,40759,0.991945,0.3098215162754059,0.09113232791423798,75
8181,/home/projects/bagon/shared/imagenet512/val/n02948072/ILSVRC2012_val_00026055.JPEG,1586,289.0169677734375,0.00099945068359375,0.08806967870880682,0.816514914138954,0.0,40761,0.985847,0.18248526751995087,0.18248526751995087,0
8182,/home/projects/bagon/shared/imagenet512/val/n02988304/ILSVRC2012_val_00046236.JPEG,2252,227.84214210510254,0.0009965896606445312,0.10745606294009874,0.6521969775717698,0.0,40762,0.994618,0.5314505696296692,0.34680071473121643,64
8183,/home/projects/bagon/shared/imagenet512/val/n03769881/ILSVRC2012_val_00000314.JPEG,2511,307.82752799987793,0.0009984970092773438,0.11158227122865885,0.7619667976096369,0.0,40764,0.983226,0.4217172861099243,0.2370309978723526,87
8184,/home/projects/bagon/shared/imagenet512/val/n03124170/ILSVRC2012_val_00030013.JPEG,2507,2407.035442352295,0.0009899139404296875,0.14463185656859293,0.9966157328544039,0.0,40765,0.967955,0.08981766551733017,0.0023881455417722464,417
8185,/home/projects/bagon/shared/imagenet512/val/n01537544/ILSVRC2012_val_00003279.JPEG,1391,71.19855785369873,0.0009965896606445312,0.0649496450511166,0.47236353015515536,0.0,40766,0.995876,0.5266292095184326,0.5266292095184326,0
8186,/home/projects/bagon/shared/imagenet512/val/n04039381/ILSVRC2012_val_00033869.JPEG,1756,1035.8385944366455,0.0009908676147460938,0.09854767067533125,0.9893909586983711,0.0,40767,0.973157,0.025294791907072067,0.009614167734980583,270
8187,/home/projects/bagon/shared/imagenet512/val/n02114855/ILSVRC2012_val_00031197.JPEG,2639,831.0077333450317,0.0009975433349609375,0.12342925744793626,0.9624555030844515,0.0,40768,0.983060,0.25027021765708923,0.03654251992702484,213
8188,/home/projects/bagon/shared/imagenet512/val/n06596364/ILSVRC2012_val_00001613.JPEG,1876,1034.3325691223145,0.0009908676147460938,0.11065845317474753,0.9809053814534922,0.0,40769,0.989741,0.17442865669727325,0.018093006685376167,225
8189,/home/projects/bagon/shared/imagenet512/val/n04116512/ILSVRC2012_val_00042132.JPEG,2774,1075.0573444366455,0.0009927749633789062,0.14071967326872703,0.9702841934066699,0.0,40770,0.975766,0.12649324536323547,0.028712764382362366,163
8190,/home/projects/bagon/shared/imagenet512/val/n02089078/ILSVRC2012_val_00002398.JPEG,3089,1554.6097288131714,0.0009984970092773438,0.15654418525172947,0.9794041497762704,0.0,40771,0.982843,0.27581119537353516,0.019596589729189873,467
8191,/home/projects/bagon/shared/imagenet512/val/n02799071/ILSVRC2012_val_00037365.JPEG,2096,2376.4574975967407,0.0009937286376953125,0.12648754635208484,0.9978750253935648,0.0,40773,0.983574,0.13456229865550995,0.001121998531743884,469
8192,/home/projects/bagon/shared/imagenet512/val/n04371774/ILSVRC2012_val_00007229.JPEG,892,101.87724590301514,0.00099945068359375,0.05856752777740168,0.5910856706974837,0.0,40774,0.996827,0.40790417790412903,0.40790417790412903,0
8193,/home/projects/bagon/shared/imagenet512/val/n03961711/ILSVRC2012_val_00005375.JPEG,2296,3546.410753250122,0.0009889602661132812,0.14336382245185422,0.9987369985929235,0.0,40775,0.976545,0.13878244161605835,0.00026168348267674446,550
8194,/home/projects/bagon/shared/imagenet512/val/n04476259/ILSVRC2012_val_00029985.JPEG,1514,22.40851402282715,0.0009965896606445312,0.05832148778886449,0.1575084179831424,0.0,40776,0.993794,0.8414872288703918,0.8414872288703918,0
8195,/home/projects/bagon/shared/imagenet512/val/n02109961/ILSVRC2012_val_00045291.JPEG,4154,808.7176742553711,0.0009965896606445312,0.1524962325374481,0.969150305934015,0.0,40778,0.977956,0.13743489980697632,0.02984483167529106,102
8196,/home/projects/bagon/shared/imagenet512/val/n04355933/ILSVRC2012_val_00030842.JPEG,4011,1378.3480730056763,0.0009937286376953125,0.16042048397803763,0.9865751930487667,0.0,40779,0.982313,0.06582185626029968,0.012425116263329983,312
8197,/home/projects/bagon/shared/imagenet512/val/n07860988/ILSVRC2012_val_00038843.JPEG,1602,435.6725101470947,0.0009946823120117188,0.09494067209162227,0.8842568613583803,0.0,40780,0.981081,0.11473793536424637,0.11473793536424637,0
8198,/home/projects/bagon/shared/imagenet512/val/n02497673/ILSVRC2012_val_00027093.JPEG,1361,230.79583072662354,0.000995635986328125,0.07799845236354651,0.7762031973464736,0.0,40782,0.991873,0.74277263879776,0.2227981835603714,125
8199,/home/projects/bagon/shared/imagenet512/val/n03843555/ILSVRC2012_val_00025419.JPEG,2134,2900.8954887390137,0.0009908676147460938,0.13721218423723222,0.9981780453906797,0.0,40785,0.954848,0.08961189538240433,0.0008227272192016244,485
8200,/home/projects/bagon/shared/imagenet512/val/n03478589/ILSVRC2012_val_00028045.JPEG,2223,1513.9916887283325,0.0009918212890625,0.12107309601288413,0.9945016307001608,0.0,40786,0.978462,0.0712432935833931,0.004496112000197172,236
8201,/home/projects/bagon/shared/imagenet512/val/n02834397/ILSVRC2012_val_00005643.JPEG,1932,1315.9809188842773,0.0009965896606445312,0.113687100206255,0.9915495427738275,0.0,40787,0.982999,0.3176765441894531,0.007443719543516636,373
8202,/home/projects/bagon/shared/imagenet512/val/n03794056/ILSVRC2012_val_00003270.JPEG,1775,1087.467119216919,0.00099945068359375,0.11035110780760202,0.9809013920147833,0.0,40788,0.975714,0.20351530611515045,0.01809585653245449,231
8203,/home/projects/bagon/shared/imagenet512/val/n01756291/ILSVRC2012_val_00048112.JPEG,3590,1592.3637971878052,0.0009918212890625,0.15715741693591448,0.9928489103432727,0.0,40789,0.983035,0.20720084011554718,0.0061562685295939445,414
8204,/home/projects/bagon/shared/imagenet512/val/n02526121/ILSVRC2012_val_00030260.JPEG,1959,1085.5382623672485,0.000988006591796875,0.10051971041867253,0.9927355679941796,0.0,40790,0.986147,0.9527525305747986,0.006266181822866201,352
8205,/home/projects/bagon/shared/imagenet512/val/n02978881/ILSVRC2012_val_00012205.JPEG,1670,220.85846614837646,0.000995635986328125,0.08671468279822016,0.7155429916321698,0.0,40791,0.992564,0.28345221281051636,0.28345221281051636,0
8206,/home/projects/bagon/shared/imagenet512/val/n02102318/ILSVRC2012_val_00015183.JPEG,1270,330.7083492279053,0.0009899139404296875,0.07191916435133834,0.911564060482294,0.0,40792,0.989671,0.3063530921936035,0.08743894100189209,96
8207,/home/projects/bagon/shared/imagenet512/val/n03770679/ILSVRC2012_val_00013466.JPEG,2803,496.42255306243896,0.0009946823120117188,0.11735066715447895,0.9080634244892066,0.0,40793,0.984879,0.7007597088813782,0.09093501418828964,192
8208,/home/projects/bagon/shared/imagenet512/val/n04264628/ILSVRC2012_val_00008260.JPEG,2851,149.7572250366211,0.0009889602661132812,0.10937357363160397,0.5046347746470986,0.0,40794,0.990398,0.49436846375465393,0.49436846375465393,0
8209,/home/projects/bagon/shared/imagenet512/val/n02699494/ILSVRC2012_val_00002803.JPEG,1176,92.37523365020752,0.0009889602661132812,0.0626686400638767,0.5575287764688359,0.0,40795,0.989613,0.44147372245788574,0.44147372245788574,0
8210,/home/projects/bagon/shared/imagenet512/val/n03532672/ILSVRC2012_val_00032807.JPEG,2992,1798.0698461532593,0.000995635986328125,0.14986245551092997,0.989819477578359,0.0,40800,0.966585,0.27779319882392883,0.00917453970760107,389
8211,/home/projects/bagon/shared/imagenet512/val/n04179913/ILSVRC2012_val_00001803.JPEG,1477,401.2565107345581,0.000995635986328125,0.08561141604920355,0.907928366235842,0.0,40801,0.989550,0.2185344696044922,0.09107239544391632,61
8212,/home/projects/bagon/shared/imagenet512/val/n01737021/ILSVRC2012_val_00009042.JPEG,2133,2591.1837825775146,0.000988006591796875,0.12942742160560256,0.9979708355016544,0.0,40802,0.968638,0.24925395846366882,0.0010347672505304217,473
8213,/home/projects/bagon/shared/imagenet512/val/n02109961/ILSVRC2012_val_00032304.JPEG,4657,624.7130270004272,0.0009908676147460938,0.16214543277041213,0.879938668555017,0.0,40805,0.963942,0.37295326590538025,0.11905840039253235,125
8214,/home/projects/bagon/shared/imagenet512/val/n04263257/ILSVRC2012_val_00040184.JPEG,2884,270.87508392333984,0.0009937286376953125,0.11461018948080297,0.750301387503201,0.0,40806,0.988239,0.24869489669799805,0.24869489669799805,0
8215,/home/projects/bagon/shared/imagenet512/val/n02113186/ILSVRC2012_val_00043399.JPEG,2083,157.69252586364746,0.00099945068359375,0.0959688857659204,0.5829416773631141,0.0,40807,0.979662,0.4160533845424652,0.4160533845424652,0
8216,/home/projects/bagon/shared/imagenet512/val/n04026417/ILSVRC2012_val_00034222.JPEG,2549,238.30209636688232,0.0009946823120117188,0.10467240204212554,0.7181697247782483,0.0,40808,0.992394,0.3694212734699249,0.28082790970802307,44
8217,/home/projects/bagon/shared/imagenet512/val/n04380533/ILSVRC2012_val_00032077.JPEG,3305,171.5337610244751,0.0009918212890625,0.11780482063339169,0.5358643512579985,0.0,40810,0.986655,0.5346248149871826,0.4631348252296448,28
8218,/home/projects/bagon/shared/imagenet512/val/n01796340/ILSVRC2012_val_00005100.JPEG,1465,732.4422874450684,0.0009946823120117188,0.08758763015071423,0.9788396906543118,0.0,40811,0.983487,0.13365305960178375,0.020155716687440872,163
8219,/home/projects/bagon/shared/imagenet512/val/n03944341/ILSVRC2012_val_00028761.JPEG,1651,1980.6902828216553,0.0009984970092773438,0.11832181644139,0.9965941182989813,0.0,40814,0.985205,0.09830853343009949,0.0023964724969118834,360
8220,/home/projects/bagon/shared/imagenet512/val/n03691459/ILSVRC2012_val_00047542.JPEG,3673,4335.469455718994,0.0009927749633789062,0.2012585597139404,0.998296678696877,0.0,40815,0.953496,0.2018716186285019,0.0007336124544963241,839
8221,/home/projects/bagon/shared/imagenet512/val/n03929855/ILSVRC2012_val_00014938.JPEG,1239,1176.4621467590332,0.0009975433349609375,0.08769558700708478,0.9934884969468863,0.0,40816,0.990096,0.22296394407749176,0.005515953991562128,232
8222,/home/projects/bagon/shared/imagenet512/val/n03476991/ILSVRC2012_val_00000856.JPEG,2267,2444.1275386810303,0.0009899139404296875,0.13468490039884282,0.9978359863393959,0.0,40817,0.958775,0.7803872227668762,0.0011725925141945481,531
8223,/home/projects/bagon/shared/imagenet512/val/n04152593/ILSVRC2012_val_00044524.JPEG,3196,346.694543838501,0.00099945068359375,0.13410566497984497,0.7079697136420443,0.0,40818,0.979332,0.33617183566093445,0.29102572798728943,29
8224,/home/projects/bagon/shared/imagenet512/val/n01530575/ILSVRC2012_val_00013512.JPEG,2149,1720.5239248275757,0.0009975433349609375,0.12631697073631365,0.9925479190845293,0.0,40819,0.976546,0.1963978111743927,0.006451004184782505,407
8225,/home/projects/bagon/shared/imagenet512/val/n07716358/ILSVRC2012_val_00010332.JPEG,2247,623.6434192657471,0.0009946823120117188,0.11525779361710856,0.9230613024511097,0.0,40820,0.985873,0.13235415518283844,0.07593034207820892,128
8226,/home/projects/bagon/shared/imagenet512/val/n04265275/ILSVRC2012_val_00048836.JPEG,1519,264.34503841400146,0.0009889602661132812,0.07919753900890164,0.838884046261175,0.0,40821,0.989345,0.3346112072467804,0.1601104587316513,70
8227,/home/projects/bagon/shared/imagenet512/val/n03942813/ILSVRC2012_val_00016600.JPEG,1258,515.3198261260986,0.0009984970092773438,0.08005479850744797,0.9514625008791977,0.0,40824,0.993715,0.06889870762825012,0.04752893000841141,36
8228,/home/projects/bagon/shared/imagenet512/val/n02730930/ILSVRC2012_val_00037881.JPEG,1995,527.3253498077393,0.0009899139404296875,0.09756905871940617,0.9458013581069689,0.0,40825,0.987280,0.22671712934970856,0.053204093128442764,93
8229,/home/projects/bagon/shared/imagenet512/val/n01697457/ILSVRC2012_val_00020667.JPEG,2731,925.7346239089966,0.0009975433349609375,0.11920954500458586,0.9785541209307466,0.0,40826,0.971297,0.02846704237163067,0.020438795909285545,30
8230,/home/projects/bagon/shared/imagenet512/val/n02916936/ILSVRC2012_val_00025721.JPEG,1456,896.5993413925171,0.0009946823120117188,0.0923147093984605,0.9857300040521316,0.0,40827,0.990077,0.33353906869888306,0.013271830044686794,209
8231,/home/projects/bagon/shared/imagenet512/val/n03481172/ILSVRC2012_val_00044583.JPEG,3258,2145.0585536956787,0.00099945068359375,0.1553115485940641,0.9940418415831147,0.0,40828,0.968397,0.05556658282876015,0.005017681512981653,354
8232,/home/projects/bagon/shared/imagenet512/val/n02859443/ILSVRC2012_val_00003322.JPEG,2420,865.6846265792847,0.0009975433349609375,0.11632065989589196,0.9758690648679293,0.0,40829,0.987333,0.6659183502197266,0.023125924170017242,250
8233,/home/projects/bagon/shared/imagenet512/val/n02776631/ILSVRC2012_val_00000008.JPEG,1963,1182.117380142212,0.0009984970092773438,0.11527561573800948,0.9848021772141446,0.0,40830,0.991738,0.20083223283290863,0.014197106473147869,344
8234,/home/projects/bagon/shared/imagenet512/val/n03388549/ILSVRC2012_val_00036037.JPEG,1407,458.6069173812866,0.0009908676147460938,0.07838753905795538,0.9512601825974117,0.0,40832,0.991385,0.8180716633796692,0.047743115574121475,197
8235,/home/projects/bagon/shared/imagenet512/val/n04599235/ILSVRC2012_val_00003805.JPEG,1364,807.2403373718262,0.0009927749633789062,0.09172891259636094,0.9680497503066872,0.0,40834,0.981142,0.19202940165996552,0.030954832211136818,291
8236,/home/projects/bagon/shared/imagenet512/val/n03908714/ILSVRC2012_val_00023446.JPEG,2067,648.437442779541,0.0009889602661132812,0.10752676806118108,0.9362391570600762,0.0,40835,0.979271,0.28225943446159363,0.06276674568653107,188
8237,/home/projects/bagon/shared/imagenet512/val/n04380533/ILSVRC2012_val_00016180.JPEG,2885,201.29942226409912,0.00099945068359375,0.10513932896649561,0.6523706399145968,0.0,40836,0.988023,0.6248229742050171,0.3466266691684723,83
8238,/home/projects/bagon/shared/imagenet512/val/n04153751/ILSVRC2012_val_00037654.JPEG,1570,358.76774311065674,0.0009870529174804688,0.08390992925016397,0.8792626961621262,0.0,40837,0.986224,0.17752103507518768,0.11974229663610458,34
8239,/home/projects/bagon/shared/imagenet512/val/n02823428/ILSVRC2012_val_00007680.JPEG,2817,148.16574478149414,0.0009927749633789062,0.10521331266134339,0.5397007402845451,0.0,40839,0.976272,0.45929908752441406,0.45929908752441406,0
8240,/home/projects/bagon/shared/imagenet512/val/n03400231/ILSVRC2012_val_00031422.JPEG,3604,1284.45547580719,0.000995635986328125,0.1417560321912356,0.9908081733799999,0.0,40840,0.983393,0.11737930774688721,0.0081860963255167,300
8241,/home/projects/bagon/shared/imagenet512/val/n03041632/ILSVRC2012_val_00027427.JPEG,1773,1142.1446981430054,0.000988006591796875,0.1121036362103698,0.982095484828143,0.0,40841,0.980253,0.24854251742362976,0.016912829130887985,246
8242,/home/projects/bagon/shared/imagenet512/val/n03884397/ILSVRC2012_val_00009441.JPEG,1360,1726.5010204315186,0.00099945068359375,0.10365122592029744,0.9953465071049812,0.0,40842,0.982907,0.06982365995645523,0.0036441823467612267,289
8243,/home/projects/bagon/shared/imagenet512/val/n03866082/ILSVRC2012_val_00033395.JPEG,4198,515.0408706665039,0.00099945068359375,0.1487565599427793,0.8717115727066093,0.0,40843,0.981399,0.4958534240722656,0.1272825449705124,195
8244,/home/projects/bagon/shared/imagenet512/val/n03485407/ILSVRC2012_val_00024942.JPEG,2117,357.00963401794434,0.0009889602661132812,0.10454757701396293,0.833928953325779,0.0,40844,0.993369,0.6402291059494019,0.1650780439376831,148
8245,/home/projects/bagon/shared/imagenet512/val/n03476991/ILSVRC2012_val_00003959.JPEG,2543,1529.9470767974854,0.0009918212890625,0.12784764692856224,0.9944536105175388,0.0,40845,0.978488,0.5439521670341492,0.004550469573587179,338
8246,/home/projects/bagon/shared/imagenet512/val/n04127249/ILSVRC2012_val_00041888.JPEG,1441,819.8875846862793,0.0009965896606445312,0.09039167283573807,0.9774414140953382,0.0,40846,0.990034,0.12305844575166702,0.021558433771133423,165
8247,/home/projects/bagon/shared/imagenet512/val/n02098105/ILSVRC2012_val_00027820.JPEG,2079,1063.1676216125488,0.0009918212890625,0.11353642870767956,0.9828431788611328,0.0,40847,0.991688,0.29856035113334656,0.016164155676960945,264
8248,/home/projects/bagon/shared/imagenet512/val/n03680355/ILSVRC2012_val_00034238.JPEG,1754,1723.9447994232178,0.0009946823120117188,0.10762349991890388,0.9968208515170233,0.0,40850,0.985408,0.4403189420700073,0.0021999450400471687,413
8249,/home/projects/bagon/shared/imagenet512/val/n02077923/ILSVRC2012_val_00000033.JPEG,1923,1442.4817237854004,0.000995635986328125,0.11335630285359262,0.9915126805973579,0.0,40851,0.972686,0.36278581619262695,0.007481815759092569,384
8250,/home/projects/bagon/shared/imagenet512/val/n01667114/ILSVRC2012_val_00016633.JPEG,3085,507.54254722595215,0.00099945068359375,0.12354969483494796,0.8855742192923972,0.0,40852,0.973422,0.8485624194145203,0.11341647803783417,264
8251,/home/projects/bagon/shared/imagenet512/val/n03160309/ILSVRC2012_val_00030594.JPEG,1638,946.649224281311,0.0009927749633789062,0.10283713254086677,0.9754696889060417,0.0,40853,0.989202,0.14178873598575592,0.023529943078756332,200
8252,/home/projects/bagon/shared/imagenet512/val/n02132136/ILSVRC2012_val_00017155.JPEG,1151,250.68532371520996,0.0009899139404296875,0.06678287634005493,0.8760503239216777,0.0,40854,0.990582,0.17849722504615784,0.122958704829216,28
8253,/home/projects/bagon/shared/imagenet512/val/n03089624/ILSVRC2012_val_00048886.JPEG,2225,469.4715099334717,0.0009984970092773438,0.10626792610697909,0.899657300497721,0.0,40856,0.992737,0.13274550437927246,0.09933450073003769,68
8254,/home/projects/bagon/shared/imagenet512/val/n02231487/ILSVRC2012_val_00013535.JPEG,1658,150.04962062835693,0.000995635986328125,0.07918965435062827,0.6522253699210108,0.0,40857,0.997259,0.5686200857162476,0.34677034616470337,54
8255,/home/projects/bagon/shared/imagenet512/val/n02977058/ILSVRC2012_val_00035516.JPEG,1165,73.04508686065674,0.00099945068359375,0.06342792551463272,0.4594237154404923,0.0,40859,0.996248,0.5395652055740356,0.5395652055740356,0
8256,/home/projects/bagon/shared/imagenet512/val/n03617480/ILSVRC2012_val_00035822.JPEG,2578,1240.9190521240234,0.000995635986328125,0.13288272301406873,0.9805735798066529,0.0,40860,0.979485,0.07701592147350311,0.01842517964541912,180
8257,/home/projects/bagon/shared/imagenet512/val/n02487347/ILSVRC2012_val_00015926.JPEG,2688,1664.1363019943237,0.0009984970092773438,0.13681645408784765,0.9936370921180631,0.0,40861,0.976302,0.3116944134235382,0.005358851980417967,415
8258,/home/projects/bagon/shared/imagenet512/val/n03255030/ILSVRC2012_val_00042722.JPEG,1621,1019.7377557754517,0.0009946823120117188,0.09582882360539512,0.9873867274700054,0.0,40862,0.984226,0.3043908476829529,0.011850006878376007,239
8259,/home/projects/bagon/shared/imagenet512/val/n01748264/ILSVRC2012_val_00049448.JPEG,1850,1042.974139213562,0.0009899139404296875,0.10453935932820041,0.9881269320470863,0.0,40863,0.975048,0.7689899802207947,0.010875027626752853,338
8260,/home/projects/bagon/shared/imagenet512/val/n02835271/ILSVRC2012_val_00026900.JPEG,2156,868.6211175918579,0.00099945068359375,0.10728195762078073,0.9811189691494109,0.0,40864,0.987719,0.1833226978778839,0.017873698845505714,183
8261,/home/projects/bagon/shared/imagenet512/val/n02009229/ILSVRC2012_val_00042026.JPEG,2928,2247.4171743392944,0.0009927749633789062,0.1536722623666525,0.9947591935264549,0.0,40865,0.971829,0.07156077027320862,0.004243143368512392,335
8262,/home/projects/bagon/shared/imagenet512/val/n03028079/ILSVRC2012_val_00031446.JPEG,1897,254.11336994171143,0.0009927749633789062,0.08958370579789507,0.7774401920249433,0.0,40866,0.988120,0.4860410690307617,0.22155852615833282,81
8263,/home/projects/bagon/shared/imagenet512/val/n04033901/ILSVRC2012_val_00011707.JPEG,1583,508.4767017364502,0.00099945068359375,0.09058581371697222,0.9369657260994202,0.0,40867,0.989243,0.08470392972230911,0.06203041225671768,29
8264,/home/projects/bagon/shared/imagenet512/val/n03782006/ILSVRC2012_val_00039562.JPEG,1915,1147.67005443573,0.0009908676147460938,0.10706026134323289,0.9904535742355565,0.0,40868,0.972625,0.27207839488983154,0.008551004342734814,283
8265,/home/projects/bagon/shared/imagenet512/val/n03770439/ILSVRC2012_val_00024418.JPEG,3365,250.29949474334717,0.0009918212890625,0.12436220636462192,0.6734937002259644,0.0,40869,0.984118,0.32550573348999023,0.32550573348999023,0
8266,/home/projects/bagon/shared/imagenet512/val/n02099267/ILSVRC2012_val_00022333.JPEG,4188,1569.7354745864868,0.0009965896606445312,0.18236158353762225,0.9811400867921771,0.0,40872,0.984643,0.09108943492174149,0.017855051904916763,293
8267,/home/projects/bagon/shared/imagenet512/val/n04328186/ILSVRC2012_val_00025621.JPEG,2357,570.1079359054565,0.00099945068359375,0.11157546033712468,0.9317025730180962,0.0,40874,0.986003,0.474170058965683,0.06728529185056686,201
8268,/home/projects/bagon/shared/imagenet512/val/n03216828/ILSVRC2012_val_00003590.JPEG,2443,428.4436836242676,0.0009984970092773438,0.11464578553346337,0.8540076874766387,0.0,40875,0.970723,0.2506859302520752,0.1449919044971466,57
8269,/home/projects/bagon/shared/imagenet512/val/n02869837/ILSVRC2012_val_00040107.JPEG,1649,515.4525547027588,0.0009918212890625,0.09620212521640004,0.9188635337410243,0.0,40876,0.993600,0.27467840909957886,0.08014065027236938,119
8270,/home/projects/bagon/shared/imagenet512/val/n09472597/ILSVRC2012_val_00039611.JPEG,2631,3139.9560804367065,0.0009946823120117188,0.1606984383088096,0.9969571704113428,0.0,40877,0.973675,0.6170948147773743,0.0020479385275393724,785
8271,/home/projects/bagon/shared/imagenet512/val/n03452741/ILSVRC2012_val_00026127.JPEG,1592,754.2844457626343,0.0009975433349609375,0.094004470757015,0.9759533010007474,0.0,40878,0.982418,0.17666909098625183,0.023051971569657326,192
8272,/home/projects/bagon/shared/imagenet512/val/n04116512/ILSVRC2012_val_00047135.JPEG,2268,794.171332359314,0.0009946823120117188,0.12177517126997459,0.941356607336812,0.0,40879,0.990746,0.2808952033519745,0.057641856372356415,220
8273,/home/projects/bagon/shared/imagenet512/val/n03594734/ILSVRC2012_val_00039574.JPEG,1818,750.3287858963013,0.0009927749633789062,0.10289182757409059,0.9646404571355502,0.0,40880,0.984943,0.1042291596531868,0.034361083060503006,92
8274,/home/projects/bagon/shared/imagenet512/val/n04596742/ILSVRC2012_val_00005730.JPEG,2352,2331.417121887207,0.000995635986328125,0.13300324925572146,0.9968948178428867,0.0,40881,0.975170,0.1376808136701584,0.002106315456330776,524
8275,/home/projects/bagon/shared/imagenet512/val/n04263257/ILSVRC2012_val_00018765.JPEG,3539,620.5032711029053,0.0009927749633789062,0.14118140470964524,0.902405117864449,0.0,40883,0.982025,0.13883158564567566,0.09660457074642181,56
8276,/home/projects/bagon/shared/imagenet512/val/n01773797/ILSVRC2012_val_00007672.JPEG,2836,784.7466487884521,0.0009965896606445312,0.12491902539721284,0.962058359028225,0.0,40884,0.972710,0.15459614992141724,0.03693580627441406,192
8277,/home/projects/bagon/shared/imagenet512/val/n03933933/ILSVRC2012_val_00034480.JPEG,2692,2751.721923828125,0.0009899139404296875,0.14547854410123212,0.9982542235897689,0.0,40888,0.960172,0.24660824239253998,0.0007578383665531874,451
8278,/home/projects/bagon/shared/imagenet512/val/n03630383/ILSVRC2012_val_00032567.JPEG,2199,890.5978336334229,0.000988006591796875,0.11609023043015128,0.9734590104976604,0.0,40889,0.981993,0.2842625677585602,0.02554340660572052,193
8279,/home/projects/bagon/shared/imagenet512/val/n03814639/ILSVRC2012_val_00013194.JPEG,2195,2376.3997325897217,0.00099945068359375,0.13452403583027134,0.997170782447193,0.0,40890,0.963734,0.3869498074054718,0.0018333501648157835,533
8280,/home/projects/bagon/shared/imagenet512/val/n02108089/ILSVRC2012_val_00045933.JPEG,2550,859.120343208313,0.0009937286376953125,0.12122362317832408,0.9701633636319772,0.0,40891,0.988977,0.12395993620157242,0.02883797697722912,182
8281,/home/projects/bagon/shared/imagenet512/val/n02791124/ILSVRC2012_val_00004679.JPEG,1805,508.97385120391846,0.0009984970092773438,0.09440966359141838,0.9363921252878702,0.0,40892,0.984327,0.1103958711028099,0.0626043900847435,141
8282,/home/projects/bagon/shared/imagenet512/val/n02422699/ILSVRC2012_val_00025352.JPEG,2961,561.5919389724731,0.00099945068359375,0.12577966154322864,0.9042731745458472,0.0,40894,0.984206,0.4331343472003937,0.09471920877695084,238
8283,/home/projects/bagon/shared/imagenet512/val/n04133789/ILSVRC2012_val_00015569.JPEG,1694,961.1810455322266,0.00099945068359375,0.09591329901009106,0.9891627330995842,0.0,40895,0.983777,0.19411897659301758,0.009837058372795582,226
8284,/home/projects/bagon/shared/imagenet512/val/n02105251/ILSVRC2012_val_00041178.JPEG,3037,1161.0293560028076,0.0009984970092773438,0.14252257182137562,0.977564657802795,0.0,40896,0.986441,0.44016239047050476,0.021432120352983475,401
8285,/home/projects/bagon/shared/imagenet512/val/n02106382/ILSVRC2012_val_00022254.JPEG,3390,1241.3263788223267,0.0009975433349609375,0.15141389956080448,0.9781771073320816,0.0,40897,0.986047,0.10196676850318909,0.02082144282758236,193
8286,/home/projects/bagon/shared/imagenet512/val/n03785016/ILSVRC2012_val_00024487.JPEG,2902,311.9341526031494,0.0009860992431640625,0.1008218714142497,0.8535347446802551,0.0,40898,0.989609,0.4737931489944458,0.145471453666687,96
8287,/home/projects/bagon/shared/imagenet512/val/n02869837/ILSVRC2012_val_00009041.JPEG,2214,2267.9822425842285,0.0009984970092773438,0.1365364036125788,0.9971068806822329,0.0,40902,0.988925,0.04637549817562103,0.001892726169899106,386
8288,/home/projects/bagon/shared/imagenet512/val/n02105056/ILSVRC2012_val_00001109.JPEG,1954,1362.187668800354,0.0009946823120117188,0.1099866430592621,0.9941854718744725,0.0,40903,0.990407,0.12542925775051117,0.00481609720736742,273
8289,/home/projects/bagon/shared/imagenet512/val/n01930112/ILSVRC2012_val_00017983.JPEG,2303,1600.6912364959717,0.00099945068359375,0.12866882268770383,0.9931248977473988,0.0,40904,0.982820,0.25601422786712646,0.00586725864559412,395
8290,/home/projects/bagon/shared/imagenet512/val/n04162706/ILSVRC2012_val_00032515.JPEG,912,424.1907424926758,0.000988006591796875,0.06716555936114772,0.9356946400281727,0.0,40905,0.991934,0.43901291489601135,0.06332607567310333,155
8291,/home/projects/bagon/shared/imagenet512/val/n07697537/ILSVRC2012_val_00032384.JPEG,1804,1957.8577575683594,0.0009984970092773438,0.11689841917901596,0.9969288461164332,0.0,40906,0.983982,0.22944363951683044,0.002067319583147764,385
8292,/home/projects/bagon/shared/imagenet512/val/n02095570/ILSVRC2012_val_00036793.JPEG,2973,957.9727821350098,0.0009965896606445312,0.12392545215730982,0.9817444471261513,0.0,40908,0.986329,0.08842073380947113,0.017255088314414024,200
8293,/home/projects/bagon/shared/imagenet512/val/n03062245/ILSVRC2012_val_00041567.JPEG,2168,459.3863830566406,0.0009899139404296875,0.10416305443528753,0.9031993882089192,0.0,40909,0.990021,0.22061671316623688,0.09580919146537781,83
8294,/home/projects/bagon/shared/imagenet512/val/n04192698/ILSVRC2012_val_00001173.JPEG,872,39.95909881591797,0.0009946823120117188,0.04761665837885231,0.3930493550613732,0.0,40911,0.995620,0.60594642162323,0.60594642162323,0
8295,/home/projects/bagon/shared/imagenet512/val/n02167151/ILSVRC2012_val_00037713.JPEG,2498,313.75911712646484,0.0009927749633789062,0.09903530148024478,0.8378944575280283,0.0,40913,0.992842,0.509614109992981,0.1611069142818451,115
8296,/home/projects/bagon/shared/imagenet512/val/n09399592/ILSVRC2012_val_00042727.JPEG,3036,87.71701431274414,0.0009908676147460938,0.09861744247539532,0.38067353927526393,0.0,40914,0.989497,0.6183313131332397,0.6183313131332397,0
8297,/home/projects/bagon/shared/imagenet512/val/n02747177/ILSVRC2012_val_00012984.JPEG,3094,1555.9234638214111,0.00099945068359375,0.1536602643573213,0.9849270657464504,0.0,40917,0.961842,0.09874366223812103,0.014066917821764946,246
8298,/home/projects/bagon/shared/imagenet512/val/n03995372/ILSVRC2012_val_00004543.JPEG,2256,1386.4766235351562,0.0009908676147460938,0.12727377125125228,0.9880188097047298,0.0,40918,0.978173,0.0992489904165268,0.010985981673002243,287
8299,/home/projects/bagon/shared/imagenet512/val/n02692877/ILSVRC2012_val_00035876.JPEG,2455,3372.0635051727295,0.0009908676147460938,0.1501519105219763,0.998511460958833,0.0,40919,0.964118,0.07343173772096634,0.0004946507979184389,653
8300,/home/projects/bagon/shared/imagenet512/val/n03535780/ILSVRC2012_val_00047312.JPEG,3580,1255.600037574768,0.0009918212890625,0.15120804747379968,0.9884303679248371,0.0,40920,0.981895,0.024394435808062553,0.010574626736342907,336
8301,/home/projects/bagon/shared/imagenet512/val/n03709823/ILSVRC2012_val_00001860.JPEG,3192,309.8212585449219,0.000995635986328125,0.12474258458110876,0.7300047653107046,0.0,40921,0.989154,0.3166416585445404,0.26899540424346924,35
8302,/home/projects/bagon/shared/imagenet512/val/n04443257/ILSVRC2012_val_00023578.JPEG,2089,658.4255838394165,0.0009965896606445312,0.11127774679672817,0.9425901290100869,0.0,40922,0.985843,0.20660008490085602,0.056406207382678986,116
8303,/home/projects/bagon/shared/imagenet512/val/n03770679/ILSVRC2012_val_00044089.JPEG,2315,335.9828176498413,0.0009975433349609375,0.10775335996710113,0.7997368236711253,0.0,40923,0.992438,0.26893240213394165,0.19926036894321442,50
8304,/home/projects/bagon/shared/imagenet512/val/n04486054/ILSVRC2012_val_00046244.JPEG,1325,480.4321937561035,0.0009965896606445312,0.07955817487942199,0.9503657615377301,0.0,40924,0.985914,0.6261280179023743,0.04863195866346359,158
8305,/home/projects/bagon/shared/imagenet512/val/n03476684/ILSVRC2012_val_00016238.JPEG,2108,991.9152116775513,0.0009937286376953125,0.09596344807003127,0.9891456421221123,0.0,40925,0.971880,0.3339446187019348,0.009842815808951855,319
8306,/home/projects/bagon/shared/imagenet512/val/n02843684/ILSVRC2012_val_00025083.JPEG,1476,705.8887796401978,0.0009965896606445312,0.09376169979316752,0.9622076370623796,0.0,40926,0.986506,0.13806024193763733,0.03679069131612778,136
8307,/home/projects/bagon/shared/imagenet512/val/n01667114/ILSVRC2012_val_00025567.JPEG,3133,1376.5554637908936,0.0009927749633789062,0.1367429655027955,0.9927993636919106,0.0,40927,0.970080,0.2668805420398712,0.006200579460710287,347
8308,/home/projects/bagon/shared/imagenet512/val/n03717622/ILSVRC2012_val_00010030.JPEG,1763,881.1748571395874,0.0009946823120117188,0.10455340615015031,0.9761137477700755,0.0,40928,0.984736,0.09919468313455582,0.022885382175445557,158
8309,/home/projects/bagon/shared/imagenet512/val/n02086240/ILSVRC2012_val_00036888.JPEG,2698,668.9756679534912,0.0009965896606445312,0.1269153669621151,0.9088987323747358,0.0,40929,0.978761,0.535021185874939,0.09010455012321472,301
8310,/home/projects/bagon/shared/imagenet512/val/n02092002/ILSVRC2012_val_00010222.JPEG,2520,92.4031925201416,0.00099945068359375,0.09023080356130524,0.4416615725442857,0.0,40931,0.991142,0.5573323965072632,0.5573323965072632,0
8311,/home/projects/bagon/shared/imagenet512/val/n04179913/ILSVRC2012_val_00002518.JPEG,1831,3445.323085784912,0.0009946823120117188,0.12932826137740008,0.9987479660127165,0.0,40932,0.986330,0.6071189641952515,0.00025447027292102575,621
8312,/home/projects/bagon/shared/imagenet512/val/n03920288/ILSVRC2012_val_00023466.JPEG,1958,3284.8452768325806,0.0009889602661132812,0.1330718064784946,0.9986082976734016,0.0,40933,0.977333,0.14972129464149475,0.0004055269237142056,521
8313,/home/projects/bagon/shared/imagenet512/val/n04127249/ILSVRC2012_val_00025670.JPEG,2925,4141.34234046936,0.0009918212890625,0.1719509224107989,0.9987208779998791,0.0,40934,0.984993,0.041876569390296936,0.00028007966466248035,724
8314,/home/projects/bagon/shared/imagenet512/val/n02786058/ILSVRC2012_val_00027029.JPEG,2613,2602.7657566070557,0.0009965896606445312,0.15426413719547502,0.9963760865459373,0.0,40935,0.986039,0.09355438500642776,0.002619762672111392,460
8315,/home/projects/bagon/shared/imagenet512/val/n04442312/ILSVRC2012_val_00031310.JPEG,1601,592.2306327819824,0.0009937286376953125,0.09106982445320216,0.9567429720174159,0.0,40936,0.990258,0.3961486518383026,0.042254965752363205,166
8316,/home/projects/bagon/shared/imagenet512/val/n04081281/ILSVRC2012_val_00006031.JPEG,2379,1344.1733436584473,0.0009965896606445312,0.12320263780428592,0.9930521757415323,0.0,40937,0.976573,0.8145021200180054,0.005964331794530153,318
8317,/home/projects/bagon/shared/imagenet512/val/n03998194/ILSVRC2012_val_00049687.JPEG,1981,380.0155200958252,0.0009965896606445312,0.10000827824543392,0.8541018283171811,0.0,40938,0.982017,0.26313021779060364,0.14489467442035675,86
8318,/home/projects/bagon/shared/imagenet512/val/n03045698/ILSVRC2012_val_00008369.JPEG,2246,1595.819736480713,0.0009965896606445312,0.11945430543823854,0.9945813441888087,0.0,40939,0.985113,0.0679955706000328,0.004413757007569075,225
8319,/home/projects/bagon/shared/imagenet512/val/n04532670/ILSVRC2012_val_00016295.JPEG,1596,654.7397422790527,0.0009965896606445312,0.095787620515575,0.9501185235935196,0.0,40940,0.984906,0.1294795423746109,0.04888008162379265,119
8320,/home/projects/bagon/shared/imagenet512/val/n03776460/ILSVRC2012_val_00038128.JPEG,2226,835.9498233795166,0.0009918212890625,0.10802612073670996,0.9709948478667451,0.0,40941,0.987754,0.10550199449062347,0.028005266562104225,196
8321,/home/projects/bagon/shared/imagenet512/val/n04435653/ILSVRC2012_val_00027687.JPEG,1173,505.74525260925293,0.0009908676147460938,0.07555573689626907,0.9552094769331586,0.0,40942,0.991731,0.18567073345184326,0.04379552602767944,102
8322,/home/projects/bagon/shared/imagenet512/val/n04553703/ILSVRC2012_val_00041632.JPEG,2489,777.3126831054688,0.0009965896606445312,0.12358204943757915,0.9500153772525821,0.0,40943,0.972063,0.5020208358764648,0.04898000508546829,267
8323,/home/projects/bagon/shared/imagenet512/val/n03977966/ILSVRC2012_val_00036375.JPEG,3234,1872.4146976470947,0.0009927749633789062,0.16506454200548978,0.989342353983306,0.0,40944,0.967629,0.31167352199554443,0.009664978832006454,463
8324,/home/projects/bagon/shared/imagenet512/val/n03976657/ILSVRC2012_val_00006976.JPEG,2292,905.8292150497437,0.0009908676147460938,0.11994733606602384,0.9709494948332726,0.0,40946,0.969997,0.04760640859603882,0.02805466577410698,65
8325,/home/projects/bagon/shared/imagenet512/val/n02099267/ILSVRC2012_val_00045739.JPEG,2518,798.9745588302612,0.000995635986328125,0.12246992842760838,0.9712154569780214,0.0,40947,0.989154,0.06636855751276016,0.027780471369624138,81
8326,/home/projects/bagon/shared/imagenet512/val/n04355338/ILSVRC2012_val_00029017.JPEG,1555,1340.8309259414673,0.0009860992431640625,0.102952436719212,0.991390361414361,0.0,40950,0.984688,0.2936437427997589,0.007615137845277786,343
8327,/home/projects/bagon/shared/imagenet512/val/n02096177/ILSVRC2012_val_00030479.JPEG,2582,1109.6458854675293,0.00099945068359375,0.1287018148692545,0.9794843337753046,0.0,40951,0.982129,0.317790687084198,0.019508223980665207,329
8328,/home/projects/bagon/shared/imagenet512/val/n04335435/ILSVRC2012_val_00046946.JPEG,3162,1374.1069202423096,0.000995635986328125,0.13884588963038677,0.9888592888668198,0.0,40952,0.981240,0.04835610091686249,0.010137908160686493,172
8329,/home/projects/bagon/shared/imagenet512/val/n02497673/ILSVRC2012_val_00045299.JPEG,1957,742.1591949462891,0.000995635986328125,0.0993361441443304,0.9793135437878655,0.0,40953,0.979640,0.06594807654619217,0.01968187838792801,202
8330,/home/projects/bagon/shared/imagenet512/val/n03127925/ILSVRC2012_val_00020004.JPEG,1762,426.1637668609619,0.0009965896606445312,0.09414478642115735,0.8987216532474631,0.0,40954,0.987544,0.10027263313531876,0.10027263313531876,0
8331,/home/projects/bagon/shared/imagenet512/val/n03764736/ILSVRC2012_val_00034439.JPEG,1212,441.68373012542725,0.00099945068359375,0.0757597084083768,0.9375826995815559,0.0,40955,0.986640,0.11534383147954941,0.06141248717904091,58
8332,/home/projects/bagon/shared/imagenet512/val/n04398044/ILSVRC2012_val_00043719.JPEG,2450,717.9332122802734,0.0009975433349609375,0.11941529373823515,0.9522110900007338,0.0,40956,0.982966,0.3851143717765808,0.04678436741232872,276
8333,/home/projects/bagon/shared/imagenet512/val/n03089624/ILSVRC2012_val_00041487.JPEG,2382,973.2277040481567,0.0009965896606445312,0.11183470276670832,0.9833443376919101,0.0,40957,0.987744,0.8387156128883362,0.01565343141555786,337
8334,/home/projects/bagon/shared/imagenet512/val/n07584110/ILSVRC2012_val_00011392.JPEG,1756,288.91959381103516,0.0009918212890625,0.090136327645279,0.8228827440953079,0.0,40958,0.981308,0.20102092623710632,0.17611971497535706,17
8335,/home/projects/bagon/shared/imagenet512/val/n01829413/ILSVRC2012_val_00047943.JPEG,1484,173.60769367218018,0.0009965896606445312,0.07401311280326511,0.7387384040950997,0.0,40960,0.996308,0.6878491640090942,0.2602587640285492,86
8336,/home/projects/bagon/shared/imagenet512/val/n09332890/ILSVRC2012_val_00037421.JPEG,2635,446.0228633880615,0.000995635986328125,0.12427454470476684,0.8288261664265856,0.0,40961,0.982037,0.17017242312431335,0.17017242312431335,0
8337,/home/projects/bagon/shared/imagenet512/val/n04136333/ILSVRC2012_val_00019762.JPEG,2164,218.1078758239746,0.0009899139404296875,0.09467726843028151,0.7138944747672371,0.0,40962,0.985602,0.2851083278656006,0.2851083278656006,0
8338,/home/projects/bagon/shared/imagenet512/val/n02423022/ILSVRC2012_val_00021795.JPEG,1816,101.51758766174316,0.000995635986328125,0.08047055794843343,0.5332631825543684,0.0,40963,0.996599,0.4657346308231354,0.4657346308231354,0
8339,/home/projects/bagon/shared/imagenet512/val/n02447366/ILSVRC2012_val_00023870.JPEG,1363,399.3161859512329,0.0009937286376953125,0.07844407840339956,0.9289220390723503,0.0,40964,0.991506,0.27572453022003174,0.07007645815610886,93
8340,/home/projects/bagon/shared/imagenet512/val/n04254120/ILSVRC2012_val_00026459.JPEG,2225,1024.724063873291,0.0009870529174804688,0.1144649705413626,0.9807473143367165,0.0,40967,0.982378,0.09715799987316132,0.018261490389704704,150
8341,/home/projects/bagon/shared/imagenet512/val/n02445715/ILSVRC2012_val_00008517.JPEG,1873,1650.4891271591187,0.0009899139404296875,0.1200941570473914,0.9923278259702453,0.0,40968,0.973337,0.07099703699350357,0.00667129410430789,268
8342,/home/projects/bagon/shared/imagenet512/val/n04228054/ILSVRC2012_val_00004798.JPEG,1487,594.4601745605469,0.0009984970092773438,0.08795705681660468,0.9629050475482996,0.0,40969,0.986921,0.14878080785274506,0.036091193556785583,104
8343,/home/projects/bagon/shared/imagenet512/val/n04154565/ILSVRC2012_val_00011280.JPEG,2633,2106.891779899597,0.0009899139404296875,0.14989285086240864,0.9941565762077994,0.0,40970,0.974271,0.09618362039327621,0.004849708639085293,443
8344,/home/projects/bagon/shared/imagenet512/val/n02804414/ILSVRC2012_val_00004383.JPEG,3101,1459.1970443725586,0.0009918212890625,0.13778647869989796,0.9909895313163498,0.0,40971,0.982618,0.10325875878334045,0.008009581826627254,248
8345,/home/projects/bagon/shared/imagenet512/val/n09421951/ILSVRC2012_val_00048253.JPEG,1902,679.6829719543457,0.0009965896606445312,0.10094335024446115,0.9629133637191056,0.0,40972,0.985114,0.07738491892814636,0.036085255444049835,105
8346,/home/projects/bagon/shared/imagenet512/val/n03110669/ILSVRC2012_val_00007427.JPEG,2792,1352.5366516113281,0.0009899139404296875,0.13839841396712896,0.9874205633236948,0.0,40973,0.970060,0.22017940878868103,0.011578883975744247,315
8347,/home/projects/bagon/shared/imagenet512/val/n09193705/ILSVRC2012_val_00011422.JPEG,2960,673.5834379196167,0.000995635986328125,0.12102378315653056,0.9331500242958669,0.0,40974,0.984537,0.3129614591598511,0.06585346162319183,185
8348,/home/projects/bagon/shared/imagenet512/val/n01644373/ILSVRC2012_val_00034290.JPEG,1639,180.55564212799072,0.000995635986328125,0.07908544242612046,0.722692553816002,0.0,40977,0.989184,0.6108714938163757,0.27629780769348145,81
8349,/home/projects/bagon/shared/imagenet512/val/n09332890/ILSVRC2012_val_00015143.JPEG,2649,1150.6415748596191,0.0009899139404296875,0.13060730578647903,0.9773967037238616,0.0,40978,0.976750,0.20905689895153046,0.021608538925647736,286
8350,/home/projects/bagon/shared/imagenet512/val/n02108089/ILSVRC2012_val_00010648.JPEG,2777,976.1467132568359,0.0009984970092773438,0.13072651779445366,0.9732042508720342,0.0,40979,0.988064,0.5700629353523254,0.02578815445303917,335
8351,/home/projects/bagon/shared/imagenet512/val/n04229816/ILSVRC2012_val_00049073.JPEG,2523,1071.1260976791382,0.0009975433349609375,0.12426400368362425,0.9797447555700043,0.0,40980,0.983631,0.41780829429626465,0.019255762919783592,324
8352,/home/projects/bagon/shared/imagenet512/val/n02119022/ILSVRC2012_val_00014133.JPEG,2522,66.46087741851807,0.000995635986328125,0.08833601344942184,0.31410177457388433,0.0,40982,0.987295,0.6848971843719482,0.6848971843719482,0
8353,/home/projects/bagon/shared/imagenet512/val/n01740131/ILSVRC2012_val_00023015.JPEG,1212,230.41757202148438,0.0009975433349609375,0.07321807670343958,0.7888242273198077,0.0,40983,0.993818,0.2511424124240875,0.21017760038375854,20
8354,/home/projects/bagon/shared/imagenet512/val/n04418357/ILSVRC2012_val_00049138.JPEG,1331,738.9844913482666,0.0009908676147460938,0.08458067581107845,0.9690480165568389,0.0,40984,0.985436,0.07186352461576462,0.02997143380343914,144
8355,/home/projects/bagon/shared/imagenet512/val/n03697007/ILSVRC2012_val_00009180.JPEG,972,367.12158584594727,0.00099945068359375,0.06934544927837619,0.9034585727306288,0.0,40985,0.994449,0.4515529274940491,0.09554293751716614,137
8356,/home/projects/bagon/shared/imagenet512/val/n02877765/ILSVRC2012_val_00004124.JPEG,1573,1114.0573110580444,0.0009927749633789062,0.10104065950124552,0.9833706115919771,0.0,40991,0.985442,0.1372050940990448,0.015636039897799492,200
8357,/home/projects/bagon/shared/imagenet512/val/n02094114/ILSVRC2012_val_00010798.JPEG,3234,485.45234870910645,0.000995635986328125,0.13542199228242086,0.8353763596964231,0.0,40992,0.987966,0.40613898634910583,0.1636202335357666,172
8358,/home/projects/bagon/shared/imagenet512/val/n02865351/ILSVRC2012_val_00008494.JPEG,1370,187.6435890197754,0.000995635986328125,0.0715334293644106,0.7695587218364557,0.0,40993,0.991648,0.5290302038192749,0.22944167256355286,68
8359,/home/projects/bagon/shared/imagenet512/val/n02808304/ILSVRC2012_val_00011843.JPEG,1933,2407.9222106933594,0.0009946823120117188,0.12665747147830095,0.9972781708596095,0.0,40994,0.970397,0.0511779859662056,0.0017207268392667174,385
8360,/home/projects/bagon/shared/imagenet512/val/n04254120/ILSVRC2012_val_00005772.JPEG,1528,1586.244785308838,0.00099945068359375,0.10338875793263208,0.9960698521731998,0.0,40996,0.992577,0.10201121866703033,0.0029254506807774305,273
8361,/home/projects/bagon/shared/imagenet512/val/n02096177/ILSVRC2012_val_00030394.JPEG,2622,976.0722999572754,0.0009918212890625,0.1345915936707494,0.9572066784631846,0.0,40997,0.974353,0.13848868012428284,0.041795551776885986,259
8362,/home/projects/bagon/shared/imagenet512/val/n01682714/ILSVRC2012_val_00020764.JPEG,3234,549.5786819458008,0.0009918212890625,0.14829259308754614,0.8294860711771873,0.0,40998,0.973151,0.263755202293396,0.16950862109661102,171
8363,/home/projects/bagon/shared/imagenet512/val/n02963159/ILSVRC2012_val_00045038.JPEG,2266,439.9122829437256,0.0009984970092773438,0.1100697036493187,0.8645364524709345,0.0,40999,0.994024,0.33840736746788025,0.13445687294006348,130
8364,/home/projects/bagon/shared/imagenet512/val/n04522168/ILSVRC2012_val_00012147.JPEG,2553,539.3678636550903,0.00099945068359375,0.11728193969607008,0.9189762079675887,0.0,41000,0.965637,0.4424160420894623,0.08001472055912018,133
8365,/home/projects/bagon/shared/imagenet512/val/n01514859/ILSVRC2012_val_00040038.JPEG,1229,13.300200462341309,0.0009946823120117188,0.048135700531548635,0.10349005299045992,0.0,41001,0.996417,0.8955064415931702,0.8955064415931702,0
8366,/home/projects/bagon/shared/imagenet512/val/n02494079/ILSVRC2012_val_00029241.JPEG,2431,149.54326248168945,0.00099945068359375,0.09842108895918072,0.5551009756497814,0.0,41002,0.989282,0.44390127062797546,0.44390127062797546,0
8367,/home/projects/bagon/shared/imagenet512/val/n02988304/ILSVRC2012_val_00044283.JPEG,2971,539.5445489883423,0.0009899139404296875,0.13090559442771016,0.8857262770931424,0.0,41003,0.991584,0.36650997400283813,0.11327926814556122,146
8368,/home/projects/bagon/shared/imagenet512/val/n12144580/ILSVRC2012_val_00027392.JPEG,2338,370.3739833831787,0.0009870529174804688,0.10247710005421345,0.8920517165505343,0.0,41005,0.994799,0.20016714930534363,0.10695058852434158,47
8369,/home/projects/bagon/shared/imagenet512/val/n03933933/ILSVRC2012_val_00000652.JPEG,3507,2232.3918886184692,0.00099945068359375,0.15888386244996297,0.9952078622555198,0.0,41006,0.961942,0.10057127475738525,0.0037851266097277403,367
8370,/home/projects/bagon/shared/imagenet512/val/n07745940/ILSVRC2012_val_00040989.JPEG,1629,551.9648723602295,0.0009984970092773438,0.0934501514411518,0.9375090915337606,0.0,41007,0.984170,0.17278596758842468,0.0614875890314579,110
8371,/home/projects/bagon/shared/imagenet512/val/n02814533/ILSVRC2012_val_00031828.JPEG,3098,727.6326570510864,0.00099945068359375,0.13318004686602924,0.9476649883857353,0.0,41008,0.979560,0.1996237337589264,0.05133023485541344,174
8372,/home/projects/bagon/shared/imagenet512/val/n02002724/ILSVRC2012_val_00017851.JPEG,3118,2509.2686729431152,0.00099945068359375,0.15788197722854871,0.9974063418345037,0.0,41009,0.986241,0.06378146260976791,0.0015843986766412854,538
8373,/home/projects/bagon/shared/imagenet512/val/n09428293/ILSVRC2012_val_00018980.JPEG,2631,452.27843284606934,0.0009965896606445312,0.11671640112347763,0.8674692569647808,0.0,41010,0.979410,0.3491664230823517,0.1315251886844635,124
8374,/home/projects/bagon/shared/imagenet512/val/n02109961/ILSVRC2012_val_00002066.JPEG,3446,248.19056224822998,0.0009975433349609375,0.13351237639436853,0.5901050621275563,0.0,41011,0.976238,0.5384635925292969,0.40889015793800354,62
8375,/home/projects/bagon/shared/imagenet512/val/n03478589/ILSVRC2012_val_00035615.JPEG,2123,2751.863404273987,0.0009937286376953125,0.1207628173425728,0.9991566247846186,0.0,41012,0.983220,0.8225741386413574,0.00018265692051500082,507
8376,/home/projects/bagon/shared/imagenet512/val/n03803284/ILSVRC2012_val_00020427.JPEG,1418,1441.9197750091553,0.000995635986328125,0.09735684759333012,0.9947257571270074,0.0,41013,0.986596,0.048144835978746414,0.004270972218364477,187
8377,/home/projects/bagon/shared/imagenet512/val/n04507155/ILSVRC2012_val_00030930.JPEG,2643,2271.24959564209,0.0009918212890625,0.14896450780758336,0.9947765930896479,0.0,41014,0.976848,0.12870080769062042,0.004222219344228506,399
8378,/home/projects/bagon/shared/imagenet512/val/n03530642/ILSVRC2012_val_00030885.JPEG,1013,278.5537338256836,0.0009965896606445312,0.0614305004456623,0.895369749196588,0.0,41015,0.988824,0.21192558109760284,0.10363203287124634,48
8379,/home/projects/bagon/shared/imagenet512/val/n01669191/ILSVRC2012_val_00033723.JPEG,2756,637.8847236633301,0.0009927749633789062,0.1271266020872458,0.9185832696836979,0.0,41016,0.968008,0.101829893887043,0.08041587471961975,28
8380,/home/projects/bagon/shared/imagenet512/val/n03450230/ILSVRC2012_val_00046807.JPEG,2308,1303.5291204452515,0.0009946823120117188,0.11309924091885576,0.9893158985633836,0.0,41017,0.970990,0.11350353807210922,0.009876872412860394,218
8381,/home/projects/bagon/shared/imagenet512/val/n04376876/ILSVRC2012_val_00032983.JPEG,1855,1024.666706085205,0.0009908676147460938,0.10569996972870657,0.9831853450309062,0.0,41018,0.983354,0.10179992020130157,0.015820730477571487,210
8382,/home/projects/bagon/shared/imagenet512/val/n01675722/ILSVRC2012_val_00013269.JPEG,1930,1326.7143821716309,0.0009899139404296875,0.11257268136306377,0.9933974924656696,0.0,41020,0.983088,0.3912581205368042,0.005610612686723471,306
8383,/home/projects/bagon/shared/imagenet512/val/n04590129/ILSVRC2012_val_00011450.JPEG,2081,638.703724861145,0.000995635986328125,0.10762874071842099,0.9374409953672941,0.0,41021,0.982162,0.17602011561393738,0.061555370688438416,161
8384,/home/projects/bagon/shared/imagenet512/val/n02115641/ILSVRC2012_val_00037363.JPEG,1170,232.50243186950684,0.0009984970092773438,0.06792207854151693,0.8386896283728568,0.0,41022,0.988732,0.2064266949892044,0.16029436886310577,24
8385,/home/projects/bagon/shared/imagenet512/val/n03958227/ILSVRC2012_val_00007768.JPEG,1310,799.023509979248,0.0009946823120117188,0.09013341429157541,0.971994468559888,0.0,41023,0.980731,0.12055780738592148,0.02700902335345745,127
8386,/home/projects/bagon/shared/imagenet512/val/n02408429/ILSVRC2012_val_00040531.JPEG,1847,947.3774843215942,0.0009927749633789062,0.10486052862949967,0.9797706211112562,0.0,41025,0.989667,0.2623372972011566,0.019230281934142113,305
8387,/home/projects/bagon/shared/imagenet512/val/n03761084/ILSVRC2012_val_00047421.JPEG,1966,1484.1930494308472,0.00099945068359375,0.11949429001149683,0.9924742538894114,0.0,41026,0.969854,0.1986721307039261,0.006517287343740463,406
8388,/home/projects/bagon/shared/imagenet512/val/n02094114/ILSVRC2012_val_00033720.JPEG,3366,1531.4802751541138,0.0009965896606445312,0.15803210817802074,0.9836327219270462,0.0,41027,0.973674,0.25377213954925537,0.015362749807536602,419
8389,/home/projects/bagon/shared/imagenet512/val/n04141327/ILSVRC2012_val_00045024.JPEG,2296,862.1751194000244,0.0009908676147460938,0.11255447898791451,0.9813848652811491,0.0,41028,0.985243,0.4224570393562317,0.017618432641029358,198
8390,/home/projects/bagon/shared/imagenet512/val/n02128385/ILSVRC2012_val_00037779.JPEG,3040,208.762469291687,0.0009889602661132812,0.11689424827825881,0.6026520244746951,0.0,41029,0.989106,0.39635106921195984,0.39635106921195984,0
8391,/home/projects/bagon/shared/imagenet512/val/n02090379/ILSVRC2012_val_00030696.JPEG,2534,590.7593231201172,0.00099945068359375,0.12379069752957834,0.8858159531933766,0.0,41030,0.967302,0.2887248694896698,0.11317972093820572,148
8392,/home/projects/bagon/shared/imagenet512/val/n02909870/ILSVRC2012_val_00022528.JPEG,2408,616.9504175186157,0.00099945068359375,0.1157476471497656,0.9336700554439876,0.0,41032,0.986363,0.11143498122692108,0.06532564014196396,77
8393,/home/projects/bagon/shared/imagenet512/val/n04111531/ILSVRC2012_val_00020809.JPEG,1121,84.27159214019775,0.0009937286376953125,0.0603177126150301,0.5339704772011373,0.0,41034,0.994850,0.4650347828865051,0.4650347828865051,0
8394,/home/projects/bagon/shared/imagenet512/val/n03045698/ILSVRC2012_val_00031496.JPEG,2810,775.3922719955444,0.0009965896606445312,0.12821908136984583,0.9476320578240132,0.0,41037,0.982249,0.1051073893904686,0.051363565027713776,127
8395,/home/projects/bagon/shared/imagenet512/val/n02965783/ILSVRC2012_val_00028488.JPEG,1456,286.44972229003906,0.00099945068359375,0.08017253868662227,0.8525826149995496,0.0,41038,0.993783,0.14641235768795013,0.14641235768795013,0
8396,/home/projects/bagon/shared/imagenet512/val/n04590129/ILSVRC2012_val_00011220.JPEG,1646,359.8839282989502,0.0009927749633789062,0.08897634630589388,0.8728492904912767,0.0,41039,0.988936,0.12615090608596802,0.12615090608596802,0
8397,/home/projects/bagon/shared/imagenet512/val/n04376876/ILSVRC2012_val_00020150.JPEG,1817,1373.178150177002,0.0009984970092773438,0.11262542225319969,0.990653364968541,0.0,41040,0.983181,0.04578184336423874,0.00834276620298624,183
8398,/home/projects/bagon/shared/imagenet512/val/n04208210/ILSVRC2012_val_00021349.JPEG,2523,2508.473735809326,0.0009918212890625,0.13900374189369202,0.9980989340702631,0.0,41041,0.977590,0.4417901039123535,0.0009110690443776548,473
8399,/home/projects/bagon/shared/imagenet512/val/n04442312/ILSVRC2012_val_00013210.JPEG,1939,1141.625373840332,0.0009946823120117188,0.11535620612936631,0.9821195081452913,0.0,41042,0.978130,0.11855155229568481,0.016880573704838753,229
8400,/home/projects/bagon/shared/imagenet512/val/n01984695/ILSVRC2012_val_00039918.JPEG,1204,567.3158292770386,0.0009984970092773438,0.07442967591188845,0.972151100830895,0.0,41043,0.985080,0.3055887222290039,0.026845786720514297,141
8401,/home/projects/bagon/shared/imagenet512/val/n01753488/ILSVRC2012_val_00001582.JPEG,3320,779.6888589859009,0.000995635986328125,0.1275982072247069,0.9642573054584471,0.0,41044,0.985618,0.58375483751297,0.034738071262836456,221
8402,/home/projects/bagon/shared/imagenet512/val/n04141076/ILSVRC2012_val_00006297.JPEG,1991,472.0265636444092,0.0009927749633789062,0.0947640815698558,0.9242447530835038,0.0,41046,0.992830,0.13330112397670746,0.07475575804710388,83
8403,/home/projects/bagon/shared/imagenet512/val/n03697007/ILSVRC2012_val_00037670.JPEG,1384,358.1458444595337,0.0009899139404296875,0.08008326082526805,0.9017976200016281,0.0,41047,0.983016,0.31595519185066223,0.097209133207798,100
8404,/home/projects/bagon/shared/imagenet512/val/n03063599/ILSVRC2012_val_00023912.JPEG,2942,483.1542806625366,0.0009927749633789062,0.11535109166880841,0.910517748889803,0.0,41048,0.985732,0.36673837900161743,0.08847908675670624,126
8405,/home/projects/bagon/shared/imagenet512/val/n02701002/ILSVRC2012_val_00017171.JPEG,1932,219.8296880722046,0.0009927749633789062,0.09446142229007382,0.6967281125891551,0.0,41049,0.992738,0.5079187750816345,0.3022769093513489,73
8406,/home/projects/bagon/shared/imagenet512/val/n03876231/ILSVRC2012_val_00007959.JPEG,1148,204.4420680999756,0.00099945068359375,0.06689691467837489,0.7978910985674036,0.0,41052,0.992057,0.6346584558486938,0.20109930634498596,96
8407,/home/projects/bagon/shared/imagenet512/val/n02988304/ILSVRC2012_val_00043295.JPEG,3308,830.2024164199829,0.0009975433349609375,0.14910845903937334,0.9351937208739618,0.0,41053,0.986079,0.1377250999212265,0.06379958242177963,237
8408,/home/projects/bagon/shared/imagenet512/val/n04040759/ILSVRC2012_val_00042431.JPEG,1378,865.3093891143799,0.0009975433349609375,0.08913709893114552,0.9829620667145884,0.0,41054,0.985868,0.15388336777687073,0.016041697934269905,182
8409,/home/projects/bagon/shared/imagenet512/val/n01697457/ILSVRC2012_val_00025463.JPEG,2114,1318.489764213562,0.000995635986328125,0.11936537214716399,0.9886259782710277,0.0,41055,0.973933,0.5354293584823608,0.010363901033997536,484
8410,/home/projects/bagon/shared/imagenet512/val/n03538406/ILSVRC2012_val_00012792.JPEG,2000,767.9126081466675,0.0009975433349609375,0.10483502971733163,0.961261512162984,0.0,41056,0.987612,0.8831889629364014,0.03773391619324684,329
8411,/home/projects/bagon/shared/imagenet512/val/n03532672/ILSVRC2012_val_00007783.JPEG,3028,699.8467874526978,0.000988006591796875,0.1334879361347545,0.9273336495747632,0.0,41057,0.988162,0.17097817361354828,0.07166875153779984,104
8412,/home/projects/bagon/shared/imagenet512/val/n03724870/ILSVRC2012_val_00023885.JPEG,1445,170.6036958694458,0.0009899139404296875,0.07267748549211783,0.7590099530772724,0.0,41058,0.995097,0.5730974078178406,0.23999522626399994,58
8413,/home/projects/bagon/shared/imagenet512/val/n04325704/ILSVRC2012_val_00004654.JPEG,2644,812.8912181854248,0.0009918212890625,0.12540578649775805,0.9539388449158882,0.0,41059,0.982226,0.31153273582458496,0.04506140202283859,285
8414,/home/projects/bagon/shared/imagenet512/val/n02106382/ILSVRC2012_val_00018331.JPEG,1893,531.941556930542,0.0009937286376953125,0.09425364925424919,0.9647347757053334,0.0,41060,0.988407,0.35471072793006897,0.03426574915647507,117
8415,/home/projects/bagon/shared/imagenet512/val/n02277742/ILSVRC2012_val_00046372.JPEG,2012,530.645076751709,0.0009946823120117188,0.09897300158943127,0.9343557512493142,0.0,41063,0.994019,0.929070770740509,0.0646633505821228,269
8416,/home/projects/bagon/shared/imagenet512/val/n02971356/ILSVRC2012_val_00028821.JPEG,868,45.38192367553711,0.0009975433349609375,0.046552785342006665,0.42860788830426594,0.0,41064,0.997536,0.5703868269920349,0.5703868269920349,0
8417,/home/projects/bagon/shared/imagenet512/val/n02514041/ILSVRC2012_val_00021343.JPEG,2164,467.9471321105957,0.0009965896606445312,0.1067851318860816,0.8855464070481184,0.0,41065,0.985119,0.5026988983154297,0.11344663053750992,171
8418,/home/projects/bagon/shared/imagenet512/val/n07615774/ILSVRC2012_val_00048151.JPEG,2465,3418.30268573761,0.000995635986328125,0.1463309942256559,0.9988747626004554,0.0,41066,0.972819,0.38077279925346375,0.0001231080386787653,539
8419,/home/projects/bagon/shared/imagenet512/val/n03794056/ILSVRC2012_val_00011238.JPEG,1855,2631.1183910369873,0.0009937286376953125,0.13147945301486696,0.9974040655910565,0.0,41067,0.990194,0.052110448479652405,0.0015902469167485833,448
8420,/home/projects/bagon/shared/imagenet512/val/n04317175/ILSVRC2012_val_00030733.JPEG,3248,4682.356418609619,0.0009965896606445312,0.18727469323498566,0.9986083212966503,0.0,41068,0.969884,0.07908432185649872,0.00039037803071551025,756
8421,/home/projects/bagon/shared/imagenet512/val/n04604644/ILSVRC2012_val_00042823.JPEG,1247,944.4537181854248,0.0009984970092773438,0.08340598730495856,0.9901088876128419,0.0,41069,0.988015,0.6378827095031738,0.008885547518730164,292
8422,/home/projects/bagon/shared/imagenet512/val/n04599235/ILSVRC2012_val_00016103.JPEG,2813,568.086672782898,0.0009937286376953125,0.12647510761072794,0.8964439521466552,0.0,41070,0.988047,0.27187344431877136,0.10255753993988037,141
8423,/home/projects/bagon/shared/imagenet512/val/n02883205/ILSVRC2012_val_00012387.JPEG,1890,704.5379247665405,0.000995635986328125,0.1107850107270816,0.9464325414775447,0.0,41071,0.988058,0.356513112783432,0.052562423050403595,223
8424,/home/projects/bagon/shared/imagenet512/val/n02794156/ILSVRC2012_val_00023691.JPEG,1088,175.34320449829102,0.0009918212890625,0.0668978598298469,0.7394652768685648,0.0,41072,0.997038,0.437285453081131,0.25953564047813416,42
8425,/home/projects/bagon/shared/imagenet512/val/n04235860/ILSVRC2012_val_00049290.JPEG,1422,997.4243812561035,0.0009946823120117188,0.09293514219112907,0.9881313112593086,0.0,41073,0.984452,0.09057781100273132,0.010869855061173439,151
8426,/home/projects/bagon/shared/imagenet512/val/n02730930/ILSVRC2012_val_00034506.JPEG,1738,458.5125741958618,0.0009899139404296875,0.09640526330826606,0.9103505163763959,0.0,41074,0.986184,0.18717680871486664,0.08865611255168915,92
8427,/home/projects/bagon/shared/imagenet512/val/n03032252/ILSVRC2012_val_00030890.JPEG,1902,604.3870372772217,0.0009918212890625,0.09722114654403208,0.9505687719885347,0.0,41075,0.990470,0.049319226294755936,0.048435330390930176,5
8428,/home/projects/bagon/shared/imagenet512/val/n03866082/ILSVRC2012_val_00009489.JPEG,3943,1492.4446897506714,0.00099945068359375,0.167171951383586,0.9863747946452189,0.0,41076,0.963195,0.14231252670288086,0.01261960156261921,525
8429,/home/projects/bagon/shared/imagenet512/val/n12144580/ILSVRC2012_val_00000869.JPEG,3684,367.2111520767212,0.0009965896606445312,0.11740221452341308,0.8804258007279077,0.0,41077,0.983944,0.14957773685455322,0.11857713758945465,24
8430,/home/projects/bagon/shared/imagenet512/val/n04532106/ILSVRC2012_val_00021107.JPEG,1556,618.3778676986694,0.000988006591796875,0.09022119762343055,0.9635202423733275,0.0,41078,0.983992,0.0680067241191864,0.03548727184534073,90
8431,/home/projects/bagon/shared/imagenet512/val/n01558993/ILSVRC2012_val_00031273.JPEG,2163,1390.6538467407227,0.0009975433349609375,0.12483007577667846,0.9894975820240071,0.0,41081,0.986812,0.1343337595462799,0.009493041783571243,202
8432,/home/projects/bagon/shared/imagenet512/val/n04380533/ILSVRC2012_val_00020607.JPEG,2645,482.9089813232422,0.00099945068359375,0.11022173092666739,0.9231208896995469,0.0,41082,0.983252,0.09628435969352722,0.07587828487157822,28
8433,/home/projects/bagon/shared/imagenet512/val/n03594945/ILSVRC2012_val_00017611.JPEG,1489,98.75038528442383,0.0009899139404296875,0.0729652835267687,0.5246921325996848,0.0,41085,0.994299,0.47430887818336487,0.47430887818336487,0
8434,/home/projects/bagon/shared/imagenet512/val/n02966687/ILSVRC2012_val_00007100.JPEG,1667,1651.3050413131714,0.00099945068359375,0.10696769182239978,0.9964217664465372,0.0,41086,0.988706,0.4604516625404358,0.0025843374896794558,396
8435,/home/projects/bagon/shared/imagenet512/val/n09332890/ILSVRC2012_val_00004188.JPEG,2519,528.9287776947021,0.0009937286376953125,0.11261843463973442,0.9104925085488043,0.0,41087,0.978504,0.38102731108665466,0.08850540220737457,156
8436,/home/projects/bagon/shared/imagenet512/val/n04560804/ILSVRC2012_val_00029711.JPEG,3366,676.4455766677856,0.00099945068359375,0.14498176720606956,0.9060234444394638,0.0,41089,0.975678,0.15090902149677277,0.09296933561563492,108
8437,/home/projects/bagon/shared/imagenet512/val/n02870880/ILSVRC2012_val_00017082.JPEG,2386,183.23500633239746,0.0009984970092773438,0.09990166774737713,0.6305479365756878,0.0,41090,0.994291,0.52269047498703,0.36844637989997864,45
8438,/home/projects/bagon/shared/imagenet512/val/n03207743/ILSVRC2012_val_00009079.JPEG,1514,183.37458992004395,0.0009889602661132812,0.07853411951114987,0.7171823845289527,0.0,41091,0.990940,0.28181856870651245,0.28181856870651245,0
8439,/home/projects/bagon/shared/imagenet512/val/n04376876/ILSVRC2012_val_00039903.JPEG,1968,555.395791053772,0.0009908676147460938,0.10543714300452932,0.9192894469562277,0.0,41093,0.983434,0.07971243560314178,0.07971243560314178,0
8440,/home/projects/bagon/shared/imagenet512/val/n02165456/ILSVRC2012_val_00039712.JPEG,3057,2544.423734664917,0.00099945068359375,0.16285014549077853,0.9960623819916797,0.0,41094,0.951681,0.5408132672309875,0.002927230205386877,690
8441,/home/projects/bagon/shared/imagenet512/val/n03223299/ILSVRC2012_val_00016328.JPEG,1991,2248.877847671509,0.0009937286376953125,0.1243356493289075,0.9977959683764187,0.0,41095,0.981528,0.04436236619949341,0.0012062402674928308,339
8442,/home/projects/bagon/shared/imagenet512/val/n03888257/ILSVRC2012_val_00010460.JPEG,1507,114.19862747192383,0.0009975433349609375,0.07231828159130889,0.5905408370444054,0.0,41096,0.993311,0.5650163292884827,0.40845438838005066,34
8443,/home/projects/bagon/shared/imagenet512/val/n02808304/ILSVRC2012_val_00048667.JPEG,2115,441.549054145813,0.000995635986328125,0.10130931130920992,0.8997869283319422,0.0,41097,0.975424,0.31608861684799194,0.0992143377661705,100
8444,/home/projects/bagon/shared/imagenet512/val/n03781244/ILSVRC2012_val_00043489.JPEG,2391,505.792067527771,0.0009965896606445312,0.11515473555028173,0.8932511464725542,0.0,41099,0.989452,0.6878919005393982,0.10574254393577576,204
