2025-09-23 05:20:34,636 - INFO - Parsed arguments:
2025-09-23 05:20:34,637 - INFO -   amp_dtype = None
2025-09-23 05:20:34,637 - INFO -   bars_npy = /home/projects/bagon/andreyg/Projects/BMM_school/Universal_learning/Programming/bars/geq6wrong_21017_geq6correct_1525_imagenet.npy
2025-09-23 05:20:34,637 - INFO -   cka_layer_fraction = 0.05
2025-09-23 05:20:34,637 - INFO -   current_worker = 0
2025-09-23 05:20:34,637 - INFO -   deterministic = True
2025-09-23 05:20:34,637 - INFO -   device = cuda
2025-09-23 05:20:34,637 - INFO -   epsilon = 0.001
2025-09-23 05:20:34,637 - INFO -   examples_csv = /home/projects/bagon/andreyg/Projects/BMM_school/Universal_learning/Programming/bars/geq6wrong_21017_geq6correct_1525_imagenet_examples_ammended.csv
2025-09-23 05:20:34,637 - INFO -   explicit_examples_for_training = None
2025-09-23 05:20:34,637 - INFO -   grad_clip_norm = 1.0
2025-09-23 05:20:34,637 - INFO -   hierarchy_json = /home/projects/bagon/andreyg/Projects/BMM_school/Universal_learning/Programming/bars/imagenet_synset_hierarchy.json
2025-09-23 05:20:34,637 - INFO -   imagenet_models_csv = /home/projects/bagon/andreyg/Projects/BMM_school/Universal_learning/Programming/bars/imagenet_models.csv
2025-09-23 05:20:34,637 - INFO -   lr = 0.0001
2025-09-23 05:20:34,637 - INFO -   max_examples = 50000
2025-09-23 05:20:34,637 - INFO -   max_steps_per_example = 10000
2025-09-23 05:20:34,637 - INFO -   model_csv_name = resnet_10t_176_classification_imagenet_1k
2025-09-23 05:20:34,637 - INFO -   model_name = resnet10t.c3_in1k
2025-09-23 05:20:34,637 - INFO -   no_amp = False
2025-09-23 05:20:34,637 - INFO -   num_workers = 8
2025-09-23 05:20:34,637 - INFO -   output_dir = /home/projects/bagon/andreyg/Projects/BMM_school/Universal_learning/Programming/training_gradient_evaluator_single_loss_parallel/output_parallel_8_workers_trial_3
2025-09-23 05:20:34,637 - INFO -   root_dir = None
2025-09-23 05:20:34,637 - INFO -   seed = 1337
2025-09-23 05:20:34,637 - INFO -   time_limit_seconds = 6300
2025-09-23 05:20:34,637 - INFO -   weight_decay = 0.0
2025-09-23 05:20:34,637 - INFO -   zero_aug_train = False
2025-09-23 05:20:35,181 - INFO - Loaded TIMM pretrained weights for resnet10t.c3_in1k
2025-09-23 05:20:35,181 - INFO - pretrained_cfg.url=https://github.com/rwightman/pytorch-image-models/releases/download/v0.1-rsb-weights/resnet10t_176_c3-f3215ab1.pth hf_hub_id=timm/resnet10t.c3_in1k
2025-09-23 05:20:35,632 - INFO - Training configuration:
2025-09-23 05:20:35,632 - INFO -   lr = 0.0001
2025-09-23 05:20:35,632 - INFO -   weight_decay = 0.0
2025-09-23 05:20:35,632 - INFO -   max_steps = 10000
2025-09-23 05:20:35,632 - INFO -   epsilon = 0.001
2025-09-23 05:20:35,632 - INFO -   device = cuda
2025-09-23 05:20:35,632 - INFO -   use_amp = True
2025-09-23 05:20:35,632 - INFO -   amp_dtype = None
2025-09-23 05:20:35,632 - INFO -   gradient_clip_norm = 1.0
2025-09-23 05:20:41,268 - INFO - Global worker partitions (by ordered examples): [0, 1867) [1867, 3734) [3734, 5601) [5601, 7468) [7468, 9334) [9334, 11200) [11200, 13066) [13066, 14932)
2025-09-23 05:20:41,269 - INFO - Assigned slice for worker 0/8: [0, 1867) with 1867 examples
2025-09-23 05:20:41,270 - INFO - Assigned universal ranks (1867): 21019, 21025, 21028, 21033, 21037, 21045, 21048, 21058, 21076, 21077, 21084, 21094, 21097, 21114, 21117, 21122, 21131, 21135, 21145, 21154, 21165, 21180, 21184, 21209, 21211, 21221, 21244, 21257, 21318, 21328, 21330, 21338, 21348, 21359, 21365, 21433, 21483, 21586, 21599, 21664, 21666, 21667, 21671, 21677, 21682, 21731, 21745, 21752, 21754, 21758, 21759, 21760, 21763, 21769, 21772, 21774, 21775, 21780, 21781, 21795, 21804, 21812, 21818, 21825, 21826, 21834, 21852, 21854, 21862, 21872, 21891, 21893, 21929, 21958, 22007, 22036, 22125, 22202, 22203, 22206, 22232, 22243, 22245, 22256, 22266, 22271, 22279, 22286, 22295, 22300, 22304, 22310, 22312, 22313, 22326, 22338, 22358, 22366, 22370, 22376, 22380, 22398, 22400, 22405, 22410, 22443, 22448, 22451, 22458, 22459, 22466, 22473, 22481, 22491, 22501, 22530, 22534, 22594, 22618, 22652, 22716, 22719, 22721, 22722, 22726, 22730, 22733, 22734, 22739, 22740, 22741, 22750, 22769, 22773, 22777, 22782, 22786, 22793, 22797, 22799, 22810, 22815, 22823, 22829, 22830, 22834, 22843, 22855, 22859, 22866, 22882, 22887, 22891, 22894, 22901, 22902, 22905, 22914, 22919, 22922, 22927, 22933, 22944, 22946, 22956, 22962, 22969, 22994, 23001, 23018, 23026, 23163, 23166, 23167, 23172, 23182, 23187, 23188, 23190, 23195, 23196, 23197, 23202, 23216, 23217, 23219, 23223, 23239, 23247, 23252, 23253, 23256, 23262, 23265, 23270, 23271, 23272, 23273, 23282, 23290, 23294, 23298, 23299, 23306, 23308, 23315, 23326, 23335, 23337, 23348, 23370, 23386, 23406, 23417, 23430, 23438, 23445, 23450, 23502, 23506, 23551, 23554, 23555, 23558, 23565, 23568, 23572, 23573, 23576, 23577, 23578, 23586, 23604, 23619, 23653, 23656, 23661, 23668, 23674, 23678, 23679, 23688, 23689, 23692, 23706, 23712, 23726, 23729, 23732, 23735, 23748, 23751, 23752, 23753, 23764, 23771, 23772, 23778, 23780, 23784, 23798, 23799, 23810, 23815, 23816, 23819, 23835, 23879, 23915, 23922, 23923, 23924, 23932, 23937, 23947, 23948, 23950, 23951, 23953, 23954, 23960, 23962, 23963, 23964, 23965, 23966, 23974, 23982, 23984, 23986, 23988, 23997, 23998, 24002, 24004, 24006, 24017, 24018, 24021, 24027, 24028, 24054, 24058, 24060, 24066, 24068, 24073, 24089, 24092, 24104, 24117, 24132, 24156, 24157, 24170, 24206, 24260, 24262, 24274, 24276, 24282, 24290, 24298, 24301, 24309, 24313, 24318, 24319, 24321, 24322, 24329, 24334, 24339, 24341, 24345, 24346, 24349, 24354, 24357, 24361, 24362, 24375, 24382, 24386, 24387, 24390, 24391, 24396, 24397, 24400, 24404, 24409, 24410, 24425, 24440, 24443, 24448, 24472, 24473, 24484, 24485, 24489, 24493, 24496, 24497, 24499, 24524, 24525, 24578, 24580, 24582, 24583, 24588, 24595, 24596, 24600, 24603, 24608, 24609, 24610, 24620, 24622, 24623, 24635, 24640, 24644, 24645, 24648, 24653, 24659, 24662, 24663, 24673, 24675, 24685, 24688, 24692, 24698, 24712, 24716, 24722, 24735, 24739, 24747, 24748, 24754, 24765, 24776, 24778, 24790, 24825, 24878, 24881, 24886, 24888, 24891, 24892, 24895, 24898, 24900, 24904, 24905, 24906, 24909, 24913, 24914, 24917, 24919, 24920, 24922, 24923, 24927, 24929, 24932, 24941, 24945, 24946, 24948, 24952, 24955, 24956, 24966, 24969, 24972, 24973, 24979, 24987, 24992, 25004, 25007, 25010, 25011, 25015, 25017, 25022, 25026, 25031, 25034, 25057, 25058, 25071, 25073, 25083, 25087, 25151, 25155, 25158, 25159, 25160, 25168, 25169, 25172, 25182, 25184, 25187, 25188, 25191, 25194, 25203, 25220, 25222, 25227, 25229, 25231, 25232, 25233, 25235, 25238, 25244, 25247, 25248, 25250, 25255, 25256, 25260, 25261, 25265, 25276, 25279, 25280, 25288, 25304, 25306, 25308, 25309, 25319, 25330, 25337, 25349, 25360, 25365, 25398, 25402, 25404, 25405, 25413, 25416, 25422, 25428, 25430, 25435, 25436, 25442, 25443, 25448, 25452, 25454, 25464, 25465, 25466, 25468, 25481, 25496, 25498, 25502, 25509, 25517, 25520, 25526, 25527, 25538, 25539, 25540, 25541, 25543, 25551, 25562, 25596, 25604, 25639, 25643, 25646, 25648, 25649, 25652, 25655, 25658, 25664, 25665, 25667, 25668, 25669, 25670, 25672, 25673, 25674, 25675, 25677, 25678, 25679, 25681, 25689, 25690, 25692, 25700, 25702, 25709, 25711, 25712, 25714, 25720, 25723, 25724, 25725, 25727, 25736, 25740, 25749, 25750, 25753, 25754, 25756, 25757, 25759, 25760, 25762, 25769, 25772, 25773, 25775, 25784, 25796, 25812, 25826, 25829, 25844, 25864, 25869, 25893, 25894, 25895, 25903, 25904, 25907, 25909, 25911, 25916, 25917, 25919, 25925, 25926, 25927, 25928, 25936, 25941, 25944, 25947, 25948, 25950, 25955, 25960, 25965, 25966, 25968, 25970, 25975, 25977, 25984, 25985, 25987, 25991, 25997, 26001, 26049, 26055, 26064, 26078, 26087, 26127, 26128, 26129, 26130, 26131, 26132, 26133, 26135, 26136, 26137, 26138, 26140, 26142, 26145, 26147, 26152, 26160, 26161, 26162, 26164, 26168, 26169, 26172, 26173, 26178, 26179, 26182, 26184, 26188, 26190, 26196, 26198, 26202, 26207, 26209, 26211, 26214, 26215, 26227, 26233, 26251, 26255, 26337, 26338, 26342, 26343, 26344, 26347, 26348, 26349, 26353, 26355, 26356, 26357, 26361, 26362, 26363, 26364, 26365, 26368, 26373, 26374, 26375, 26387, 26393, 26396, 26402, 26403, 26405, 26407, 26410, 26421, 26424, 26426, 26427, 26434, 26436, 26439, 26441, 26443, 26446, 26451, 26454, 26455, 26457, 26461, 26470, 26471, 26476, 26535, 26554, 26555, 26556, 26557, 26559, 26561, 26562, 26564, 26567, 26568, 26574, 26577, 26578, 26584, 26588, 26589, 26591, 26592, 26597, 26600, 26605, 26607, 26610, 26617, 26619, 26620, 26626, 26627, 26628, 26629, 26630, 26634, 26638, 26649, 26659, 26665, 26678, 26679, 26684, 26697, 26701, 26709, 26731, 26736, 26737, 26740, 26741, 26744, 26745, 26746, 26747, 26748, 26750, 26751, 26752, 26753, 26754, 26755, 26756, 26757, 26762, 26763, 26767, 26773, 26774, 26775, 26776, 26782, 26784, 26788, 26789, 26791, 26793, 26794, 26795, 26796, 26801, 26802, 26807, 26811, 26813, 26814, 26815, 26816, 26819, 26823, 26825, 26826, 26835, 26838, 26845, 26853, 26863, 26871, 26882, 26899, 26901, 26915, 26919, 26949, 26950, 26951, 26953, 26955, 26956, 26957, 26960, 26961, 26964, 26966, 26971, 26980, 26982, 26984, 26987, 26988, 26990, 26991, 26992, 26994, 26996, 26998, 27000, 27002, 27003, 27004, 27007, 27008, 27009, 27011, 27015, 27021, 27023, 27033, 27067, 27068, 27072, 27080, 27114, 27115, 27116, 27117, 27118, 27120, 27121, 27122, 27123, 27126, 27129, 27130, 27132, 27136, 27139, 27140, 27141, 27142, 27160, 27161, 27164, 27165, 27167, 27168, 27169, 27174, 27177, 27181, 27184, 27185, 27190, 27194, 27196, 27198, 27203, 27211, 27278, 27279, 27283, 27284, 27286, 27289, 27293, 27296, 27297, 27299, 27300, 27301, 27304, 27309, 27312, 27315, 27318, 27326, 27329, 27330, 27331, 27332, 27333, 27344, 27347, 27355, 27357, 27359, 27360, 27366, 27373, 27377, 27378, 27384, 27385, 27389, 27400, 27401, 27406, 27409, 27411, 27431, 27453, 27454, 27455, 27459, 27463, 27467, 27474, 27476, 27477, 27478, 27481, 27486, 27489, 27491, 27494, 27501, 27504, 27506, 27509, 27511, 27514, 27516, 27517, 27525, 27528, 27530, 27532, 27538, 27547, 27549, 27556, 27557, 27560, 27565, 27570, 27572, 27579, 27593, 27632, 27633, 27634, 27635, 27638, 27639, 27640, 27646, 27647, 27648, 27650, 27653, 27655, 27656, 27658, 27659, 27661, 27662, 27668, 27670, 27676, 27677, 27678, 27682, 27685, 27687, 27689, 27696, 27698, 27699, 27700, 27702, 27704, 27710, 27715, 27723, 27731, 27736, 27741, 27748, 27753, 27756, 27801, 27802, 27804, 27805, 27806, 27808, 27810, 27811, 27812, 27814, 27815, 27818, 27819, 27820, 27821, 27825, 27826, 27827, 27828, 27831, 27832, 27833, 27834, 27836, 27839, 27842, 27843, 27844, 27845, 27846, 27848, 27849, 27854, 27859, 27861, 27862, 27865, 27870, 27875, 27878, 27883, 27890, 27895, 27897, 27900, 27905, 27907, 27915, 27936, 27945, 27947, 27948, 27949, 27950, 27951, 27952, 27953, 27954, 27955, 27956, 27958, 27959, 27962, 27963, 27965, 27971, 27972, 27974, 27978, 27980, 27982, 27984, 27986, 27989, 27991, 27992, 27993, 27997, 27998, 28000, 28005, 28006, 28007, 28009, 28013, 28015, 28019, 28022, 28028, 28039, 28045, 28067, 28076, 28077, 28079, 28083, 28085, 28089, 28090, 28091, 28092, 28094, 28096, 28097, 28098, 28103, 28104, 28108, 28109, 28111, 28112, 28113, 28114, 28117, 28119, 28120, 28123, 28124, 28125, 28126, 28127, 28129, 28134, 28137, 28138, 28139, 28145, 28146, 28149, 28152, 28153, 28155, 28158, 28160, 28165, 28167, 28170, 28171, 28173, 28174, 28178, 28228, 28229, 28231, 28232, 28233, 28235, 28236, 28239, 28240, 28242, 28243, 28248, 28250, 28255, 28257, 28258, 28259, 28260, 28261, 28262, 28266, 28268, 28271, 28272, 28273, 28279, 28281, 28282, 28291, 28293, 28294, 28297, 28300, 28301, 28304, 28306, 28309, 28311, 28326, 28337, 28365, 28366, 28367, 28368, 28369, 28371, 28373, 28374, 28375, 28377, 28379, 28381, 28382, 28383, 28384, 28386, 28389, 28390, 28391, 28393, 28396, 28398, 28399, 28400, 28402, 28403, 28408, 28411, 28413, 28414, 28415, 28417, 28422, 28423, 28427, 28430, 28433, 28439, 28449, 28451, 28453, 28454, 28457, 28460, 28476, 28477, 28478, 28480, 28481, 28482, 28483, 28486, 28488, 28489, 28490, 28492, 28493, 28494, 28496, 28497, 28498, 28500, 28502, 28503, 28504, 28505, 28508, 28510, 28511, 28513, 28518, 28522, 28523, 28524, 28528, 28530, 28532, 28534, 28536, 28539, 28541, 28542, 28548, 28552, 28555, 28562, 28564, 28565, 28566, 28573, 28577, 28585, 28598, 28599, 28604, 28606, 28608, 28609, 28610, 28611, 28612, 28619, 28622, 28626, 28627, 28630, 28632, 28633, 28636, 28638, 28639, 28643, 28648, 28649, 28650, 28659, 28662, 28669, 28670, 28675, 28700, 28719, 28720, 28721, 28722, 28724, 28725, 28726, 28727, 28729, 28730, 28731, 28732, 28733, 28734, 28737, 28742, 28743, 28744, 28745, 28746, 28750, 28751, 28755, 28759, 28761, 28767, 28768, 28770, 28775, 28778, 28783, 28784, 28786, 28800, 28802, 28803, 28809, 28814, 28817, 28820, 28822, 28828, 28832, 28847, 28848, 28849, 28850, 28851, 28854, 28855, 28856, 28857, 28858, 28860, 28861, 28862, 28864, 28869, 28872, 28874, 28875, 28876, 28878, 28880, 28885, 28886, 28889, 28893, 28894, 28895, 28898, 28899, 28903, 28904, 28910, 28914, 28915, 28917, 28919, 28923, 28924, 28929, 28931, 28939, 28942, 28943, 28946, 28947, 28953, 28960, 28962, 28976, 28987, 28988, 28989, 28990, 28991, 28992, 28995, 28997, 28999, 29000, 29001, 29003, 29004, 29006, 29007, 29011, 29013, 29015, 29017, 29018, 29022, 29023, 29027, 29028, 29031, 29032, 29033, 29036, 29039, 29040, 29043, 29054, 29063, 29072, 29075, 29077, 29089, 29108, 29109, 29110, 29111, 29113, 29115, 29118, 29119, 29120, 29121, 29124, 29126, 29129, 29130, 29131, 29133, 29137, 29138, 29141, 29142, 29145, 29146, 29149, 29152, 29153, 29155, 29160, 29167, 29182, 29209, 29210, 29211, 29212, 29213, 29215, 29220, 29221, 29222, 29223, 29226, 29228, 29229, 29230, 29231, 29232, 29234, 29235, 29236, 29241, 29242, 29244, 29245, 29248, 29254, 29261, 29266, 29271, 29278, 29280, 29287, 29289, 29290, 29297, 29300, 29303, 29314, 29316, 29318, 29321, 29322, 29324, 29325, 29326, 29327, 29328, 29330, 29331, 29332, 29334, 29335, 29336, 29337, 29339, 29341, 29342, 29343, 29345, 29346, 29347, 29348, 29349, 29350, 29351, 29353, 29354, 29355, 29358, 29359, 29364, 29365, 29369, 29370, 29379, 29380, 29387, 29391, 29405, 29410, 29423, 29424, 29425, 29426, 29428, 29430, 29431, 29432, 29433, 29434, 29435, 29437, 29438, 29439, 29441, 29442, 29444, 29446, 29447, 29448, 29449, 29450, 29453, 29456, 29460, 29462, 29463, 29465, 29471, 29474, 29478, 29480, 29486, 29487, 29488, 29489, 29498, 29499, 29500, 29501, 29506, 29508, 29511, 29512, 29514, 29527, 29532, 29533, 29534, 29535, 29536, 29537, 29538, 29540, 29541, 29544, 29545, 29550, 29551, 29553, 29554, 29555, 29557, 29558, 29561, 29563, 29565, 29566, 29567, 29569, 29570, 29571, 29572, 29573, 29574, 29575, 29576, 29580, 29582, 29583, 29584, 29592, 29596, 29597, 29598, 29600, 29602, 29605, 29607, 29608, 29611, 29615, 29617, 29618, 29619, 29620, 29621, 29625, 29629, 29638, 29648, 29657, 29659, 29660, 29661, 29663, 29666, 29670, 29671, 29672, 29674, 29675, 29676, 29677, 29678, 29680, 29683, 29685, 29688, 29689, 29690, 29694, 29697, 29699, 29701, 29704, 29711, 29712, 29714, 29718, 29725, 29726, 29727, 29728, 29729, 29733, 29758, 29759, 29760, 29761, 29762, 29765, 29766, 29767, 29769, 29770, 29772, 29774, 29775, 29780, 29781, 29782, 29783, 29784, 29791, 29793, 29795, 29796, 29798, 29799, 29804, 29806, 29808, 29810, 29820, 29821, 29851, 29852, 29853, 29854, 29855, 29856, 29858, 29859, 29863, 29866, 29867, 29868, 29870, 29871, 29873, 29874, 29875, 29877, 29878, 29880, 29883, 29884, 29887, 29888, 29889, 29892, 29895, 29898, 29901, 29905, 29906, 29944, 29945, 29946, 29947, 29948, 29949, 29950, 29951, 29952, 29953, 29955, 29957, 29958, 29959, 29961, 29962, 29964, 29966, 29967, 29968, 29969, 29970, 29972, 29973, 29975, 29977, 29980, 29987, 29988, 29989, 29994, 29996, 29998, 30001, 30007, 30008, 30012, 30030, 30032, 30044, 30045, 30046, 30047, 30049, 30050, 30051, 30053, 30054, 30055, 30057, 30058, 30059, 30060, 30062, 30063, 30066, 30069, 30076, 30077, 30081, 30085, 30086, 30089, 30094, 30095, 30103, 30104, 30106, 30110, 30112, 30113, 30115, 30131, 30132, 30133, 30134, 30135, 30136, 30137, 30139, 30140, 30141, 30142, 30143, 30145, 30149, 30150, 30153, 30154, 30156, 30159, 30160, 30161, 30164, 30165, 30166, 30169
2025-09-23 05:20:41,270 - INFO - Assigned example paths (one per line):
/home/projects/bagon/shared/imagenet512/val/n03325584/ILSVRC2012_val_00007855.JPEG
/home/projects/bagon/shared/imagenet512/val/n02279972/ILSVRC2012_val_00046412.JPEG
/home/projects/bagon/shared/imagenet512/val/n01774750/ILSVRC2012_val_00030405.JPEG
/home/projects/bagon/shared/imagenet512/val/n01614925/ILSVRC2012_val_00008151.JPEG
/home/projects/bagon/shared/imagenet512/val/n02787622/ILSVRC2012_val_00009566.JPEG
/home/projects/bagon/shared/imagenet512/val/n03814639/ILSVRC2012_val_00002713.JPEG
/home/projects/bagon/shared/imagenet512/val/n02108551/ILSVRC2012_val_00017006.JPEG
/home/projects/bagon/shared/imagenet512/val/n01692333/ILSVRC2012_val_00015190.JPEG
/home/projects/bagon/shared/imagenet512/val/n03733131/ILSVRC2012_val_00026391.JPEG
/home/projects/bagon/shared/imagenet512/val/n02002724/ILSVRC2012_val_00018159.JPEG
/home/projects/bagon/shared/imagenet512/val/n02486261/ILSVRC2012_val_00038873.JPEG
/home/projects/bagon/shared/imagenet512/val/n03127747/ILSVRC2012_val_00001689.JPEG
/home/projects/bagon/shared/imagenet512/val/n07880968/ILSVRC2012_val_00020718.JPEG
/home/projects/bagon/shared/imagenet512/val/n01689811/ILSVRC2012_val_00038667.JPEG
/home/projects/bagon/shared/imagenet512/val/n03240683/ILSVRC2012_val_00025774.JPEG
/home/projects/bagon/shared/imagenet512/val/n02101388/ILSVRC2012_val_00009088.JPEG
/home/projects/bagon/shared/imagenet512/val/n04423845/ILSVRC2012_val_00047072.JPEG
/home/projects/bagon/shared/imagenet512/val/n03977966/ILSVRC2012_val_00034103.JPEG
/home/projects/bagon/shared/imagenet512/val/n01498041/ILSVRC2012_val_00023239.JPEG
/home/projects/bagon/shared/imagenet512/val/n02403003/ILSVRC2012_val_00034143.JPEG
/home/projects/bagon/shared/imagenet512/val/n02687172/ILSVRC2012_val_00048573.JPEG
/home/projects/bagon/shared/imagenet512/val/n04335435/ILSVRC2012_val_00024430.JPEG
/home/projects/bagon/shared/imagenet512/val/n04074963/ILSVRC2012_val_00037963.JPEG
/home/projects/bagon/shared/imagenet512/val/n02815834/ILSVRC2012_val_00018885.JPEG
/home/projects/bagon/shared/imagenet512/val/n04026417/ILSVRC2012_val_00011671.JPEG
/home/projects/bagon/shared/imagenet512/val/n04409515/ILSVRC2012_val_00036818.JPEG
/home/projects/bagon/shared/imagenet512/val/n02687172/ILSVRC2012_val_00045276.JPEG
/home/projects/bagon/shared/imagenet512/val/n03697007/ILSVRC2012_val_00012312.JPEG
/home/projects/bagon/shared/imagenet512/val/n04065272/ILSVRC2012_val_00028509.JPEG
/home/projects/bagon/shared/imagenet512/val/n01580077/ILSVRC2012_val_00046280.JPEG
/home/projects/bagon/shared/imagenet512/val/n03944341/ILSVRC2012_val_00032550.JPEG
/home/projects/bagon/shared/imagenet512/val/n02117135/ILSVRC2012_val_00035999.JPEG
/home/projects/bagon/shared/imagenet512/val/n02102973/ILSVRC2012_val_00025660.JPEG
/home/projects/bagon/shared/imagenet512/val/n04009552/ILSVRC2012_val_00007704.JPEG
/home/projects/bagon/shared/imagenet512/val/n02108915/ILSVRC2012_val_00026558.JPEG
/home/projects/bagon/shared/imagenet512/val/n03042490/ILSVRC2012_val_00019794.JPEG
/home/projects/bagon/shared/imagenet512/val/n04264628/ILSVRC2012_val_00024441.JPEG
/home/projects/bagon/shared/imagenet512/val/n04039381/ILSVRC2012_val_00012059.JPEG
/home/projects/bagon/shared/imagenet512/val/n07565083/ILSVRC2012_val_00021275.JPEG
/home/projects/bagon/shared/imagenet512/val/n01806143/ILSVRC2012_val_00049584.JPEG
/home/projects/bagon/shared/imagenet512/val/n01688243/ILSVRC2012_val_00025025.JPEG
/home/projects/bagon/shared/imagenet512/val/n01737021/ILSVRC2012_val_00044544.JPEG
/home/projects/bagon/shared/imagenet512/val/n03495258/ILSVRC2012_val_00022015.JPEG
/home/projects/bagon/shared/imagenet512/val/n02219486/ILSVRC2012_val_00009720.JPEG
/home/projects/bagon/shared/imagenet512/val/n02256656/ILSVRC2012_val_00010562.JPEG
/home/projects/bagon/shared/imagenet512/val/n04317175/ILSVRC2012_val_00012110.JPEG
/home/projects/bagon/shared/imagenet512/val/n03874599/ILSVRC2012_val_00030206.JPEG
/home/projects/bagon/shared/imagenet512/val/n01784675/ILSVRC2012_val_00030825.JPEG
/home/projects/bagon/shared/imagenet512/val/n02480855/ILSVRC2012_val_00012496.JPEG
/home/projects/bagon/shared/imagenet512/val/n02776631/ILSVRC2012_val_00021256.JPEG
/home/projects/bagon/shared/imagenet512/val/n03804744/ILSVRC2012_val_00013531.JPEG
/home/projects/bagon/shared/imagenet512/val/n02108089/ILSVRC2012_val_00027128.JPEG
/home/projects/bagon/shared/imagenet512/val/n01443537/ILSVRC2012_val_00005870.JPEG
/home/projects/bagon/shared/imagenet512/val/n04125021/ILSVRC2012_val_00024752.JPEG
/home/projects/bagon/shared/imagenet512/val/n02120079/ILSVRC2012_val_00039620.JPEG
/home/projects/bagon/shared/imagenet512/val/n02074367/ILSVRC2012_val_00008263.JPEG
/home/projects/bagon/shared/imagenet512/val/n02012849/ILSVRC2012_val_00034198.JPEG
/home/projects/bagon/shared/imagenet512/val/n03930630/ILSVRC2012_val_00032894.JPEG
/home/projects/bagon/shared/imagenet512/val/n02236044/ILSVRC2012_val_00013395.JPEG
/home/projects/bagon/shared/imagenet512/val/n03958227/ILSVRC2012_val_00027382.JPEG
/home/projects/bagon/shared/imagenet512/val/n02089867/ILSVRC2012_val_00036492.JPEG
/home/projects/bagon/shared/imagenet512/val/n03125729/ILSVRC2012_val_00010259.JPEG
/home/projects/bagon/shared/imagenet512/val/n02640242/ILSVRC2012_val_00048433.JPEG
/home/projects/bagon/shared/imagenet512/val/n04275548/ILSVRC2012_val_00040081.JPEG
/home/projects/bagon/shared/imagenet512/val/n03141823/ILSVRC2012_val_00006889.JPEG
/home/projects/bagon/shared/imagenet512/val/n03899768/ILSVRC2012_val_00021364.JPEG
/home/projects/bagon/shared/imagenet512/val/n02795169/ILSVRC2012_val_00028797.JPEG
/home/projects/bagon/shared/imagenet512/val/n07717410/ILSVRC2012_val_00040432.JPEG
/home/projects/bagon/shared/imagenet512/val/n03884397/ILSVRC2012_val_00000844.JPEG
/home/projects/bagon/shared/imagenet512/val/n03134739/ILSVRC2012_val_00026063.JPEG
/home/projects/bagon/shared/imagenet512/val/n02321529/ILSVRC2012_val_00035545.JPEG
/home/projects/bagon/shared/imagenet512/val/n03930630/ILSVRC2012_val_00039508.JPEG
/home/projects/bagon/shared/imagenet512/val/n02963159/ILSVRC2012_val_00038892.JPEG
/home/projects/bagon/shared/imagenet512/val/n01534433/ILSVRC2012_val_00004577.JPEG
/home/projects/bagon/shared/imagenet512/val/n02815834/ILSVRC2012_val_00034634.JPEG
/home/projects/bagon/shared/imagenet512/val/n02396427/ILSVRC2012_val_00037643.JPEG
/home/projects/bagon/shared/imagenet512/val/n02777292/ILSVRC2012_val_00015365.JPEG
/home/projects/bagon/shared/imagenet512/val/n02437312/ILSVRC2012_val_00037772.JPEG
/home/projects/bagon/shared/imagenet512/val/n02134084/ILSVRC2012_val_00016340.JPEG
/home/projects/bagon/shared/imagenet512/val/n04209239/ILSVRC2012_val_00013514.JPEG
/home/projects/bagon/shared/imagenet512/val/n02096437/ILSVRC2012_val_00026675.JPEG
/home/projects/bagon/shared/imagenet512/val/n02105412/ILSVRC2012_val_00011465.JPEG
/home/projects/bagon/shared/imagenet512/val/n03476684/ILSVRC2012_val_00002471.JPEG
/home/projects/bagon/shared/imagenet512/val/n02120079/ILSVRC2012_val_00027233.JPEG
/home/projects/bagon/shared/imagenet512/val/n04179913/ILSVRC2012_val_00001239.JPEG
/home/projects/bagon/shared/imagenet512/val/n03325584/ILSVRC2012_val_00033608.JPEG
/home/projects/bagon/shared/imagenet512/val/n02488702/ILSVRC2012_val_00031100.JPEG
/home/projects/bagon/shared/imagenet512/val/n07717410/ILSVRC2012_val_00044960.JPEG
/home/projects/bagon/shared/imagenet512/val/n01795545/ILSVRC2012_val_00042859.JPEG
/home/projects/bagon/shared/imagenet512/val/n02814533/ILSVRC2012_val_00040706.JPEG
/home/projects/bagon/shared/imagenet512/val/n04596742/ILSVRC2012_val_00029572.JPEG
/home/projects/bagon/shared/imagenet512/val/n04229816/ILSVRC2012_val_00011305.JPEG
/home/projects/bagon/shared/imagenet512/val/n04208210/ILSVRC2012_val_00035208.JPEG
/home/projects/bagon/shared/imagenet512/val/n03729826/ILSVRC2012_val_00044803.JPEG
/home/projects/bagon/shared/imagenet512/val/n03785016/ILSVRC2012_val_00038388.JPEG
/home/projects/bagon/shared/imagenet512/val/n04336792/ILSVRC2012_val_00023176.JPEG
/home/projects/bagon/shared/imagenet512/val/n02037110/ILSVRC2012_val_00000548.JPEG
/home/projects/bagon/shared/imagenet512/val/n02484975/ILSVRC2012_val_00045413.JPEG
/home/projects/bagon/shared/imagenet512/val/n04367480/ILSVRC2012_val_00049559.JPEG
/home/projects/bagon/shared/imagenet512/val/n03759954/ILSVRC2012_val_00032691.JPEG
/home/projects/bagon/shared/imagenet512/val/n02437312/ILSVRC2012_val_00049007.JPEG
/home/projects/bagon/shared/imagenet512/val/n04254680/ILSVRC2012_val_00044160.JPEG
/home/projects/bagon/shared/imagenet512/val/n03788365/ILSVRC2012_val_00044292.JPEG
/home/projects/bagon/shared/imagenet512/val/n02105855/ILSVRC2012_val_00001963.JPEG
/home/projects/bagon/shared/imagenet512/val/n01739381/ILSVRC2012_val_00037666.JPEG
/home/projects/bagon/shared/imagenet512/val/n01871265/ILSVRC2012_val_00034969.JPEG
/home/projects/bagon/shared/imagenet512/val/n02099849/ILSVRC2012_val_00027174.JPEG
/home/projects/bagon/shared/imagenet512/val/n02088094/ILSVRC2012_val_00016722.JPEG
/home/projects/bagon/shared/imagenet512/val/n01795545/ILSVRC2012_val_00020683.JPEG
/home/projects/bagon/shared/imagenet512/val/n07717410/ILSVRC2012_val_00027745.JPEG
/home/projects/bagon/shared/imagenet512/val/n02138441/ILSVRC2012_val_00016368.JPEG
/home/projects/bagon/shared/imagenet512/val/n01983481/ILSVRC2012_val_00028475.JPEG
/home/projects/bagon/shared/imagenet512/val/n04067472/ILSVRC2012_val_00043691.JPEG
/home/projects/bagon/shared/imagenet512/val/n04153751/ILSVRC2012_val_00012421.JPEG
/home/projects/bagon/shared/imagenet512/val/n03888605/ILSVRC2012_val_00036323.JPEG
/home/projects/bagon/shared/imagenet512/val/n02097047/ILSVRC2012_val_00036019.JPEG
/home/projects/bagon/shared/imagenet512/val/n02093647/ILSVRC2012_val_00003887.JPEG
/home/projects/bagon/shared/imagenet512/val/n02319095/ILSVRC2012_val_00035430.JPEG
/home/projects/bagon/shared/imagenet512/val/n02488291/ILSVRC2012_val_00002477.JPEG
/home/projects/bagon/shared/imagenet512/val/n03763968/ILSVRC2012_val_00038094.JPEG
/home/projects/bagon/shared/imagenet512/val/n02395406/ILSVRC2012_val_00031236.JPEG
/home/projects/bagon/shared/imagenet512/val/n04070727/ILSVRC2012_val_00030034.JPEG
/home/projects/bagon/shared/imagenet512/val/n02441942/ILSVRC2012_val_00026472.JPEG
/home/projects/bagon/shared/imagenet512/val/n04252225/ILSVRC2012_val_00013986.JPEG
/home/projects/bagon/shared/imagenet512/val/n02102177/ILSVRC2012_val_00025493.JPEG
/home/projects/bagon/shared/imagenet512/val/n03000247/ILSVRC2012_val_00020322.JPEG
/home/projects/bagon/shared/imagenet512/val/n03944341/ILSVRC2012_val_00025817.JPEG
/home/projects/bagon/shared/imagenet512/val/n04026417/ILSVRC2012_val_00036411.JPEG
/home/projects/bagon/shared/imagenet512/val/n01943899/ILSVRC2012_val_00038001.JPEG
/home/projects/bagon/shared/imagenet512/val/n02815834/ILSVRC2012_val_00037928.JPEG
/home/projects/bagon/shared/imagenet512/val/n03133878/ILSVRC2012_val_00042723.JPEG
/home/projects/bagon/shared/imagenet512/val/n02110958/ILSVRC2012_val_00033673.JPEG
/home/projects/bagon/shared/imagenet512/val/n02138441/ILSVRC2012_val_00033234.JPEG
/home/projects/bagon/shared/imagenet512/val/n03041632/ILSVRC2012_val_00034599.JPEG
/home/projects/bagon/shared/imagenet512/val/n02536864/ILSVRC2012_val_00046522.JPEG
/home/projects/bagon/shared/imagenet512/val/n04133789/ILSVRC2012_val_00029942.JPEG
/home/projects/bagon/shared/imagenet512/val/n02403003/ILSVRC2012_val_00049278.JPEG
/home/projects/bagon/shared/imagenet512/val/n02231487/ILSVRC2012_val_00009943.JPEG
/home/projects/bagon/shared/imagenet512/val/n04229816/ILSVRC2012_val_00005577.JPEG
/home/projects/bagon/shared/imagenet512/val/n02025239/ILSVRC2012_val_00033718.JPEG
/home/projects/bagon/shared/imagenet512/val/n01514668/ILSVRC2012_val_00009219.JPEG
/home/projects/bagon/shared/imagenet512/val/n01614925/ILSVRC2012_val_00044921.JPEG
/home/projects/bagon/shared/imagenet512/val/n03485794/ILSVRC2012_val_00033870.JPEG
/home/projects/bagon/shared/imagenet512/val/n02398521/ILSVRC2012_val_00001473.JPEG
/home/projects/bagon/shared/imagenet512/val/n04273569/ILSVRC2012_val_00031072.JPEG
/home/projects/bagon/shared/imagenet512/val/n03017168/ILSVRC2012_val_00035720.JPEG
/home/projects/bagon/shared/imagenet512/val/n02978881/ILSVRC2012_val_00016154.JPEG
/home/projects/bagon/shared/imagenet512/val/n02094258/ILSVRC2012_val_00030671.JPEG
/home/projects/bagon/shared/imagenet512/val/n03404251/ILSVRC2012_val_00018215.JPEG
/home/projects/bagon/shared/imagenet512/val/n01986214/ILSVRC2012_val_00005582.JPEG
/home/projects/bagon/shared/imagenet512/val/n02099849/ILSVRC2012_val_00040639.JPEG
/home/projects/bagon/shared/imagenet512/val/n04589890/ILSVRC2012_val_00029584.JPEG
/home/projects/bagon/shared/imagenet512/val/n03976657/ILSVRC2012_val_00026898.JPEG
/home/projects/bagon/shared/imagenet512/val/n02106030/ILSVRC2012_val_00009055.JPEG
/home/projects/bagon/shared/imagenet512/val/n03630383/ILSVRC2012_val_00019735.JPEG
/home/projects/bagon/shared/imagenet512/val/n03961711/ILSVRC2012_val_00010631.JPEG
/home/projects/bagon/shared/imagenet512/val/n04049303/ILSVRC2012_val_00038346.JPEG
/home/projects/bagon/shared/imagenet512/val/n03485794/ILSVRC2012_val_00018118.JPEG
/home/projects/bagon/shared/imagenet512/val/n04372370/ILSVRC2012_val_00026447.JPEG
/home/projects/bagon/shared/imagenet512/val/n04116512/ILSVRC2012_val_00015501.JPEG
/home/projects/bagon/shared/imagenet512/val/n04376876/ILSVRC2012_val_00010898.JPEG
/home/projects/bagon/shared/imagenet512/val/n04456115/ILSVRC2012_val_00015178.JPEG
/home/projects/bagon/shared/imagenet512/val/n03637318/ILSVRC2012_val_00033621.JPEG
/home/projects/bagon/shared/imagenet512/val/n02028035/ILSVRC2012_val_00023199.JPEG
/home/projects/bagon/shared/imagenet512/val/n01877812/ILSVRC2012_val_00027300.JPEG
/home/projects/bagon/shared/imagenet512/val/n03958227/ILSVRC2012_val_00041533.JPEG
/home/projects/bagon/shared/imagenet512/val/n04200800/ILSVRC2012_val_00003291.JPEG
/home/projects/bagon/shared/imagenet512/val/n02701002/ILSVRC2012_val_00016090.JPEG
/home/projects/bagon/shared/imagenet512/val/n02281406/ILSVRC2012_val_00045771.JPEG
/home/projects/bagon/shared/imagenet512/val/n04540053/ILSVRC2012_val_00044431.JPEG
/home/projects/bagon/shared/imagenet512/val/n02488702/ILSVRC2012_val_00039808.JPEG
/home/projects/bagon/shared/imagenet512/val/n01560419/ILSVRC2012_val_00026929.JPEG
/home/projects/bagon/shared/imagenet512/val/n04398044/ILSVRC2012_val_00006001.JPEG
/home/projects/bagon/shared/imagenet512/val/n07760859/ILSVRC2012_val_00004368.JPEG
/home/projects/bagon/shared/imagenet512/val/n02692877/ILSVRC2012_val_00046169.JPEG
/home/projects/bagon/shared/imagenet512/val/n02091831/ILSVRC2012_val_00000300.JPEG
/home/projects/bagon/shared/imagenet512/val/n02356798/ILSVRC2012_val_00000502.JPEG
/home/projects/bagon/shared/imagenet512/val/n03814639/ILSVRC2012_val_00000243.JPEG
/home/projects/bagon/shared/imagenet512/val/n02444819/ILSVRC2012_val_00032606.JPEG
/home/projects/bagon/shared/imagenet512/val/n02018207/ILSVRC2012_val_00043477.JPEG
/home/projects/bagon/shared/imagenet512/val/n02099429/ILSVRC2012_val_00041438.JPEG
/home/projects/bagon/shared/imagenet512/val/n01828970/ILSVRC2012_val_00024106.JPEG
/home/projects/bagon/shared/imagenet512/val/n02106662/ILSVRC2012_val_00012960.JPEG
/home/projects/bagon/shared/imagenet512/val/n01955084/ILSVRC2012_val_00011430.JPEG
/home/projects/bagon/shared/imagenet512/val/n02672831/ILSVRC2012_val_00028627.JPEG
/home/projects/bagon/shared/imagenet512/val/n04270147/ILSVRC2012_val_00045450.JPEG
/home/projects/bagon/shared/imagenet512/val/n03680355/ILSVRC2012_val_00024652.JPEG
/home/projects/bagon/shared/imagenet512/val/n03706229/ILSVRC2012_val_00018668.JPEG
/home/projects/bagon/shared/imagenet512/val/n02105412/ILSVRC2012_val_00015210.JPEG
/home/projects/bagon/shared/imagenet512/val/n02095570/ILSVRC2012_val_00005146.JPEG
/home/projects/bagon/shared/imagenet512/val/n04146614/ILSVRC2012_val_00009450.JPEG
/home/projects/bagon/shared/imagenet512/val/n02655020/ILSVRC2012_val_00032907.JPEG
/home/projects/bagon/shared/imagenet512/val/n04372370/ILSVRC2012_val_00025073.JPEG
/home/projects/bagon/shared/imagenet512/val/n04443257/ILSVRC2012_val_00041486.JPEG
/home/projects/bagon/shared/imagenet512/val/n04201297/ILSVRC2012_val_00015864.JPEG
/home/projects/bagon/shared/imagenet512/val/n03630383/ILSVRC2012_val_00024199.JPEG
/home/projects/bagon/shared/imagenet512/val/n04326547/ILSVRC2012_val_00006408.JPEG
/home/projects/bagon/shared/imagenet512/val/n01950731/ILSVRC2012_val_00009910.JPEG
/home/projects/bagon/shared/imagenet512/val/n03127747/ILSVRC2012_val_00013542.JPEG
/home/projects/bagon/shared/imagenet512/val/n01669191/ILSVRC2012_val_00030593.JPEG
/home/projects/bagon/shared/imagenet512/val/n01667778/ILSVRC2012_val_00032135.JPEG
/home/projects/bagon/shared/imagenet512/val/n01797886/ILSVRC2012_val_00035521.JPEG
/home/projects/bagon/shared/imagenet512/val/n04192698/ILSVRC2012_val_00026513.JPEG
/home/projects/bagon/shared/imagenet512/val/n03595614/ILSVRC2012_val_00004520.JPEG
/home/projects/bagon/shared/imagenet512/val/n03903868/ILSVRC2012_val_00013811.JPEG
/home/projects/bagon/shared/imagenet512/val/n02077923/ILSVRC2012_val_00023070.JPEG
/home/projects/bagon/shared/imagenet512/val/n09246464/ILSVRC2012_val_00030220.JPEG
/home/projects/bagon/shared/imagenet512/val/n02190166/ILSVRC2012_val_00039673.JPEG
/home/projects/bagon/shared/imagenet512/val/n02879718/ILSVRC2012_val_00030252.JPEG
/home/projects/bagon/shared/imagenet512/val/n02100735/ILSVRC2012_val_00032017.JPEG
/home/projects/bagon/shared/imagenet512/val/n02099712/ILSVRC2012_val_00023471.JPEG
/home/projects/bagon/shared/imagenet512/val/n02910353/ILSVRC2012_val_00004324.JPEG
/home/projects/bagon/shared/imagenet512/val/n03759954/ILSVRC2012_val_00021431.JPEG
/home/projects/bagon/shared/imagenet512/val/n01798484/ILSVRC2012_val_00001461.JPEG
/home/projects/bagon/shared/imagenet512/val/n01496331/ILSVRC2012_val_00002207.JPEG
/home/projects/bagon/shared/imagenet512/val/n03991062/ILSVRC2012_val_00024712.JPEG
/home/projects/bagon/shared/imagenet512/val/n01818515/ILSVRC2012_val_00030397.JPEG
/home/projects/bagon/shared/imagenet512/val/n02114855/ILSVRC2012_val_00028347.JPEG
/home/projects/bagon/shared/imagenet512/val/n13052670/ILSVRC2012_val_00002575.JPEG
/home/projects/bagon/shared/imagenet512/val/n03126707/ILSVRC2012_val_00047718.JPEG
/home/projects/bagon/shared/imagenet512/val/n02441942/ILSVRC2012_val_00024239.JPEG
/home/projects/bagon/shared/imagenet512/val/n03617480/ILSVRC2012_val_00020146.JPEG
/home/projects/bagon/shared/imagenet512/val/n03000684/ILSVRC2012_val_00027785.JPEG
/home/projects/bagon/shared/imagenet512/val/n01530575/ILSVRC2012_val_00037748.JPEG
/home/projects/bagon/shared/imagenet512/val/n03478589/ILSVRC2012_val_00017907.JPEG
/home/projects/bagon/shared/imagenet512/val/n03840681/ILSVRC2012_val_00023261.JPEG
/home/projects/bagon/shared/imagenet512/val/n07717556/ILSVRC2012_val_00032936.JPEG
/home/projects/bagon/shared/imagenet512/val/n01955084/ILSVRC2012_val_00001857.JPEG
/home/projects/bagon/shared/imagenet512/val/n04039381/ILSVRC2012_val_00037671.JPEG
/home/projects/bagon/shared/imagenet512/val/n02410509/ILSVRC2012_val_00023312.JPEG
/home/projects/bagon/shared/imagenet512/val/n04435653/ILSVRC2012_val_00004121.JPEG
/home/projects/bagon/shared/imagenet512/val/n03584829/ILSVRC2012_val_00000910.JPEG
/home/projects/bagon/shared/imagenet512/val/n02091244/ILSVRC2012_val_00015464.JPEG
/home/projects/bagon/shared/imagenet512/val/n02100236/ILSVRC2012_val_00011682.JPEG
/home/projects/bagon/shared/imagenet512/val/n02948072/ILSVRC2012_val_00025086.JPEG
/home/projects/bagon/shared/imagenet512/val/n03461385/ILSVRC2012_val_00012013.JPEG
/home/projects/bagon/shared/imagenet512/val/n04346328/ILSVRC2012_val_00010542.JPEG
/home/projects/bagon/shared/imagenet512/val/n02326432/ILSVRC2012_val_00034786.JPEG
/home/projects/bagon/shared/imagenet512/val/n02137549/ILSVRC2012_val_00022398.JPEG
/home/projects/bagon/shared/imagenet512/val/n02137549/ILSVRC2012_val_00017084.JPEG
/home/projects/bagon/shared/imagenet512/val/n03874293/ILSVRC2012_val_00028384.JPEG
/home/projects/bagon/shared/imagenet512/val/n02666196/ILSVRC2012_val_00038861.JPEG
/home/projects/bagon/shared/imagenet512/val/n02328150/ILSVRC2012_val_00029874.JPEG
/home/projects/bagon/shared/imagenet512/val/n02091831/ILSVRC2012_val_00017092.JPEG
/home/projects/bagon/shared/imagenet512/val/n02108089/ILSVRC2012_val_00043791.JPEG
/home/projects/bagon/shared/imagenet512/val/n07745940/ILSVRC2012_val_00019754.JPEG
/home/projects/bagon/shared/imagenet512/val/n02948072/ILSVRC2012_val_00008806.JPEG
/home/projects/bagon/shared/imagenet512/val/n04606251/ILSVRC2012_val_00009289.JPEG
/home/projects/bagon/shared/imagenet512/val/n02277742/ILSVRC2012_val_00000810.JPEG
/home/projects/bagon/shared/imagenet512/val/n01531178/ILSVRC2012_val_00025535.JPEG
/home/projects/bagon/shared/imagenet512/val/n01689811/ILSVRC2012_val_00048213.JPEG
/home/projects/bagon/shared/imagenet512/val/n03944341/ILSVRC2012_val_00044025.JPEG
/home/projects/bagon/shared/imagenet512/val/n02397096/ILSVRC2012_val_00043406.JPEG
/home/projects/bagon/shared/imagenet512/val/n02457408/ILSVRC2012_val_00006352.JPEG
/home/projects/bagon/shared/imagenet512/val/n04332243/ILSVRC2012_val_00016707.JPEG
/home/projects/bagon/shared/imagenet512/val/n03478589/ILSVRC2012_val_00007018.JPEG
/home/projects/bagon/shared/imagenet512/val/n02114367/ILSVRC2012_val_00009604.JPEG
/home/projects/bagon/shared/imagenet512/val/n07892512/ILSVRC2012_val_00004421.JPEG
/home/projects/bagon/shared/imagenet512/val/n01687978/ILSVRC2012_val_00042029.JPEG
/home/projects/bagon/shared/imagenet512/val/n03840681/ILSVRC2012_val_00040993.JPEG
/home/projects/bagon/shared/imagenet512/val/n04039381/ILSVRC2012_val_00013012.JPEG
/home/projects/bagon/shared/imagenet512/val/n04613696/ILSVRC2012_val_00021122.JPEG
/home/projects/bagon/shared/imagenet512/val/n06794110/ILSVRC2012_val_00027438.JPEG
/home/projects/bagon/shared/imagenet512/val/n02114712/ILSVRC2012_val_00045702.JPEG
/home/projects/bagon/shared/imagenet512/val/n02492660/ILSVRC2012_val_00039645.JPEG
/home/projects/bagon/shared/imagenet512/val/n01498041/ILSVRC2012_val_00027005.JPEG
/home/projects/bagon/shared/imagenet512/val/n02487347/ILSVRC2012_val_00039624.JPEG
/home/projects/bagon/shared/imagenet512/val/n03063689/ILSVRC2012_val_00036221.JPEG
/home/projects/bagon/shared/imagenet512/val/n04044716/ILSVRC2012_val_00017872.JPEG
/home/projects/bagon/shared/imagenet512/val/n03240683/ILSVRC2012_val_00034447.JPEG
/home/projects/bagon/shared/imagenet512/val/n04033901/ILSVRC2012_val_00017841.JPEG
/home/projects/bagon/shared/imagenet512/val/n03961711/ILSVRC2012_val_00006921.JPEG
/home/projects/bagon/shared/imagenet512/val/n02804610/ILSVRC2012_val_00014404.JPEG
/home/projects/bagon/shared/imagenet512/val/n02102480/ILSVRC2012_val_00004185.JPEG
/home/projects/bagon/shared/imagenet512/val/n04332243/ILSVRC2012_val_00022612.JPEG
/home/projects/bagon/shared/imagenet512/val/n03733281/ILSVRC2012_val_00030874.JPEG
/home/projects/bagon/shared/imagenet512/val/n03868863/ILSVRC2012_val_00049205.JPEG
/home/projects/bagon/shared/imagenet512/val/n01776313/ILSVRC2012_val_00013600.JPEG
/home/projects/bagon/shared/imagenet512/val/n02088632/ILSVRC2012_val_00038498.JPEG
/home/projects/bagon/shared/imagenet512/val/n04254680/ILSVRC2012_val_00019408.JPEG
/home/projects/bagon/shared/imagenet512/val/n03977966/ILSVRC2012_val_00014660.JPEG
/home/projects/bagon/shared/imagenet512/val/n03379051/ILSVRC2012_val_00037929.JPEG
/home/projects/bagon/shared/imagenet512/val/n04542943/ILSVRC2012_val_00045700.JPEG
/home/projects/bagon/shared/imagenet512/val/n04208210/ILSVRC2012_val_00032928.JPEG
/home/projects/bagon/shared/imagenet512/val/n02480495/ILSVRC2012_val_00026499.JPEG
/home/projects/bagon/shared/imagenet512/val/n03721384/ILSVRC2012_val_00022878.JPEG
/home/projects/bagon/shared/imagenet512/val/n02777292/ILSVRC2012_val_00024933.JPEG
/home/projects/bagon/shared/imagenet512/val/n07802026/ILSVRC2012_val_00044474.JPEG
/home/projects/bagon/shared/imagenet512/val/n02410509/ILSVRC2012_val_00032942.JPEG
/home/projects/bagon/shared/imagenet512/val/n03259280/ILSVRC2012_val_00032896.JPEG
/home/projects/bagon/shared/imagenet512/val/n02317335/ILSVRC2012_val_00043732.JPEG
/home/projects/bagon/shared/imagenet512/val/n02090721/ILSVRC2012_val_00023769.JPEG
/home/projects/bagon/shared/imagenet512/val/n03843555/ILSVRC2012_val_00041128.JPEG
/home/projects/bagon/shared/imagenet512/val/n03388043/ILSVRC2012_val_00028934.JPEG
/home/projects/bagon/shared/imagenet512/val/n02115641/ILSVRC2012_val_00038986.JPEG
/home/projects/bagon/shared/imagenet512/val/n02514041/ILSVRC2012_val_00046233.JPEG
/home/projects/bagon/shared/imagenet512/val/n03404251/ILSVRC2012_val_00029917.JPEG
/home/projects/bagon/shared/imagenet512/val/n04099969/ILSVRC2012_val_00018123.JPEG
/home/projects/bagon/shared/imagenet512/val/n03954731/ILSVRC2012_val_00019106.JPEG
/home/projects/bagon/shared/imagenet512/val/n03840681/ILSVRC2012_val_00018185.JPEG
/home/projects/bagon/shared/imagenet512/val/n04118776/ILSVRC2012_val_00017428.JPEG
/home/projects/bagon/shared/imagenet512/val/n01860187/ILSVRC2012_val_00040025.JPEG
/home/projects/bagon/shared/imagenet512/val/n02134418/ILSVRC2012_val_00009976.JPEG
/home/projects/bagon/shared/imagenet512/val/n04447861/ILSVRC2012_val_00003317.JPEG
/home/projects/bagon/shared/imagenet512/val/n03967562/ILSVRC2012_val_00024846.JPEG
/home/projects/bagon/shared/imagenet512/val/n03874293/ILSVRC2012_val_00008933.JPEG
/home/projects/bagon/shared/imagenet512/val/n03425413/ILSVRC2012_val_00007186.JPEG
/home/projects/bagon/shared/imagenet512/val/n01689811/ILSVRC2012_val_00003178.JPEG
/home/projects/bagon/shared/imagenet512/val/n04310018/ILSVRC2012_val_00024134.JPEG
/home/projects/bagon/shared/imagenet512/val/n01910747/ILSVRC2012_val_00041401.JPEG
/home/projects/bagon/shared/imagenet512/val/n03637318/ILSVRC2012_val_00049145.JPEG
/home/projects/bagon/shared/imagenet512/val/n02114367/ILSVRC2012_val_00002259.JPEG
/home/projects/bagon/shared/imagenet512/val/n04275548/ILSVRC2012_val_00020974.JPEG
/home/projects/bagon/shared/imagenet512/val/n02105505/ILSVRC2012_val_00042890.JPEG
/home/projects/bagon/shared/imagenet512/val/n02268853/ILSVRC2012_val_00012681.JPEG
/home/projects/bagon/shared/imagenet512/val/n02687172/ILSVRC2012_val_00026474.JPEG
/home/projects/bagon/shared/imagenet512/val/n03544143/ILSVRC2012_val_00044178.JPEG
/home/projects/bagon/shared/imagenet512/val/n01537544/ILSVRC2012_val_00043965.JPEG
/home/projects/bagon/shared/imagenet512/val/n01776313/ILSVRC2012_val_00001766.JPEG
/home/projects/bagon/shared/imagenet512/val/n02089867/ILSVRC2012_val_00038779.JPEG
/home/projects/bagon/shared/imagenet512/val/n04311174/ILSVRC2012_val_00030265.JPEG
/home/projects/bagon/shared/imagenet512/val/n02096177/ILSVRC2012_val_00004397.JPEG
/home/projects/bagon/shared/imagenet512/val/n01534433/ILSVRC2012_val_00006326.JPEG
/home/projects/bagon/shared/imagenet512/val/n01784675/ILSVRC2012_val_00020950.JPEG
/home/projects/bagon/shared/imagenet512/val/n01829413/ILSVRC2012_val_00008626.JPEG
/home/projects/bagon/shared/imagenet512/val/n04326547/ILSVRC2012_val_00028031.JPEG
/home/projects/bagon/shared/imagenet512/val/n03134739/ILSVRC2012_val_00022258.JPEG
/home/projects/bagon/shared/imagenet512/val/n03764736/ILSVRC2012_val_00037170.JPEG
/home/projects/bagon/shared/imagenet512/val/n02085936/ILSVRC2012_val_00002214.JPEG
/home/projects/bagon/shared/imagenet512/val/n03944341/ILSVRC2012_val_00044651.JPEG
/home/projects/bagon/shared/imagenet512/val/n02112350/ILSVRC2012_val_00000658.JPEG
/home/projects/bagon/shared/imagenet512/val/n04613696/ILSVRC2012_val_00032256.JPEG
/home/projects/bagon/shared/imagenet512/val/n02641379/ILSVRC2012_val_00041561.JPEG
/home/projects/bagon/shared/imagenet512/val/n02172182/ILSVRC2012_val_00002042.JPEG
/home/projects/bagon/shared/imagenet512/val/n01847000/ILSVRC2012_val_00029070.JPEG
/home/projects/bagon/shared/imagenet512/val/n02017213/ILSVRC2012_val_00009554.JPEG
/home/projects/bagon/shared/imagenet512/val/n01614925/ILSVRC2012_val_00026614.JPEG
/home/projects/bagon/shared/imagenet512/val/n03141823/ILSVRC2012_val_00045621.JPEG
/home/projects/bagon/shared/imagenet512/val/n02442845/ILSVRC2012_val_00048718.JPEG
/home/projects/bagon/shared/imagenet512/val/n04209133/ILSVRC2012_val_00011124.JPEG
/home/projects/bagon/shared/imagenet512/val/n04591157/ILSVRC2012_val_00000106.JPEG
/home/projects/bagon/shared/imagenet512/val/n02091244/ILSVRC2012_val_00004434.JPEG
/home/projects/bagon/shared/imagenet512/val/n03854065/ILSVRC2012_val_00035575.JPEG
/home/projects/bagon/shared/imagenet512/val/n02099712/ILSVRC2012_val_00009984.JPEG
/home/projects/bagon/shared/imagenet512/val/n01632458/ILSVRC2012_val_00046616.JPEG
/home/projects/bagon/shared/imagenet512/val/n02895154/ILSVRC2012_val_00019421.JPEG
/home/projects/bagon/shared/imagenet512/val/n04311174/ILSVRC2012_val_00048232.JPEG
/home/projects/bagon/shared/imagenet512/val/n01440764/ILSVRC2012_val_00026064.JPEG
/home/projects/bagon/shared/imagenet512/val/n04235860/ILSVRC2012_val_00001395.JPEG
/home/projects/bagon/shared/imagenet512/val/n03160309/ILSVRC2012_val_00017090.JPEG
/home/projects/bagon/shared/imagenet512/val/n02096437/ILSVRC2012_val_00035400.JPEG
/home/projects/bagon/shared/imagenet512/val/n02948072/ILSVRC2012_val_00008717.JPEG
/home/projects/bagon/shared/imagenet512/val/n03976467/ILSVRC2012_val_00018451.JPEG
/home/projects/bagon/shared/imagenet512/val/n01695060/ILSVRC2012_val_00019652.JPEG
/home/projects/bagon/shared/imagenet512/val/n03478589/ILSVRC2012_val_00040225.JPEG
/home/projects/bagon/shared/imagenet512/val/n03733131/ILSVRC2012_val_00022473.JPEG
/home/projects/bagon/shared/imagenet512/val/n02966687/ILSVRC2012_val_00013571.JPEG
/home/projects/bagon/shared/imagenet512/val/n07716906/ILSVRC2012_val_00000886.JPEG
/home/projects/bagon/shared/imagenet512/val/n02095570/ILSVRC2012_val_00023256.JPEG
/home/projects/bagon/shared/imagenet512/val/n01729322/ILSVRC2012_val_00015046.JPEG
/home/projects/bagon/shared/imagenet512/val/n01820546/ILSVRC2012_val_00038426.JPEG
/home/projects/bagon/shared/imagenet512/val/n02094433/ILSVRC2012_val_00010584.JPEG
/home/projects/bagon/shared/imagenet512/val/n02107312/ILSVRC2012_val_00005242.JPEG
/home/projects/bagon/shared/imagenet512/val/n02113799/ILSVRC2012_val_00010688.JPEG
/home/projects/bagon/shared/imagenet512/val/n03197337/ILSVRC2012_val_00024672.JPEG
/home/projects/bagon/shared/imagenet512/val/n02346627/ILSVRC2012_val_00019800.JPEG
/home/projects/bagon/shared/imagenet512/val/n02089867/ILSVRC2012_val_00031118.JPEG
/home/projects/bagon/shared/imagenet512/val/n02105855/ILSVRC2012_val_00045482.JPEG
/home/projects/bagon/shared/imagenet512/val/n03794056/ILSVRC2012_val_00005435.JPEG
/home/projects/bagon/shared/imagenet512/val/n02086240/ILSVRC2012_val_00004049.JPEG
/home/projects/bagon/shared/imagenet512/val/n02672831/ILSVRC2012_val_00042479.JPEG
/home/projects/bagon/shared/imagenet512/val/n04501370/ILSVRC2012_val_00004651.JPEG
/home/projects/bagon/shared/imagenet512/val/n02808304/ILSVRC2012_val_00036502.JPEG
/home/projects/bagon/shared/imagenet512/val/n03089624/ILSVRC2012_val_00005202.JPEG
/home/projects/bagon/shared/imagenet512/val/n02977058/ILSVRC2012_val_00037622.JPEG
/home/projects/bagon/shared/imagenet512/val/n02795169/ILSVRC2012_val_00017179.JPEG
/home/projects/bagon/shared/imagenet512/val/n07880968/ILSVRC2012_val_00000572.JPEG
/home/projects/bagon/shared/imagenet512/val/n02504013/ILSVRC2012_val_00023398.JPEG
/home/projects/bagon/shared/imagenet512/val/n04458633/ILSVRC2012_val_00020247.JPEG
/home/projects/bagon/shared/imagenet512/val/n01855672/ILSVRC2012_val_00023709.JPEG
/home/projects/bagon/shared/imagenet512/val/n03814639/ILSVRC2012_val_00007041.JPEG
/home/projects/bagon/shared/imagenet512/val/n02795169/ILSVRC2012_val_00038485.JPEG
/home/projects/bagon/shared/imagenet512/val/n02115913/ILSVRC2012_val_00003403.JPEG
/home/projects/bagon/shared/imagenet512/val/n04141327/ILSVRC2012_val_00043071.JPEG
/home/projects/bagon/shared/imagenet512/val/n02865351/ILSVRC2012_val_00039127.JPEG
/home/projects/bagon/shared/imagenet512/val/n07802026/ILSVRC2012_val_00029143.JPEG
/home/projects/bagon/shared/imagenet512/val/n02099849/ILSVRC2012_val_00034849.JPEG
/home/projects/bagon/shared/imagenet512/val/n03250847/ILSVRC2012_val_00046845.JPEG
/home/projects/bagon/shared/imagenet512/val/n03325584/ILSVRC2012_val_00007857.JPEG
/home/projects/bagon/shared/imagenet512/val/n03868863/ILSVRC2012_val_00041244.JPEG
/home/projects/bagon/shared/imagenet512/val/n04258138/ILSVRC2012_val_00009920.JPEG
/home/projects/bagon/shared/imagenet512/val/n02167151/ILSVRC2012_val_00009626.JPEG
/home/projects/bagon/shared/imagenet512/val/n03792782/ILSVRC2012_val_00011330.JPEG
/home/projects/bagon/shared/imagenet512/val/n04579145/ILSVRC2012_val_00002867.JPEG
/home/projects/bagon/shared/imagenet512/val/n01729322/ILSVRC2012_val_00013400.JPEG
/home/projects/bagon/shared/imagenet512/val/n06785654/ILSVRC2012_val_00042236.JPEG
/home/projects/bagon/shared/imagenet512/val/n04179913/ILSVRC2012_val_00025462.JPEG
/home/projects/bagon/shared/imagenet512/val/n02106662/ILSVRC2012_val_00018107.JPEG
/home/projects/bagon/shared/imagenet512/val/n04357314/ILSVRC2012_val_00021692.JPEG
/home/projects/bagon/shared/imagenet512/val/n02089867/ILSVRC2012_val_00045469.JPEG
/home/projects/bagon/shared/imagenet512/val/n07831146/ILSVRC2012_val_00000646.JPEG
/home/projects/bagon/shared/imagenet512/val/n03018349/ILSVRC2012_val_00044531.JPEG
/home/projects/bagon/shared/imagenet512/val/n03388549/ILSVRC2012_val_00048243.JPEG
/home/projects/bagon/shared/imagenet512/val/n03291819/ILSVRC2012_val_00031282.JPEG
/home/projects/bagon/shared/imagenet512/val/n03417042/ILSVRC2012_val_00005094.JPEG
/home/projects/bagon/shared/imagenet512/val/n02786058/ILSVRC2012_val_00015343.JPEG
/home/projects/bagon/shared/imagenet512/val/n02114855/ILSVRC2012_val_00019239.JPEG
/home/projects/bagon/shared/imagenet512/val/n02110185/ILSVRC2012_val_00023437.JPEG
/home/projects/bagon/shared/imagenet512/val/n07720875/ILSVRC2012_val_00005981.JPEG
/home/projects/bagon/shared/imagenet512/val/n01514859/ILSVRC2012_val_00028107.JPEG
/home/projects/bagon/shared/imagenet512/val/n02085620/ILSVRC2012_val_00002917.JPEG
/home/projects/bagon/shared/imagenet512/val/n02132136/ILSVRC2012_val_00049788.JPEG
/home/projects/bagon/shared/imagenet512/val/n02028035/ILSVRC2012_val_00000751.JPEG
/home/projects/bagon/shared/imagenet512/val/n06785654/ILSVRC2012_val_00045904.JPEG
/home/projects/bagon/shared/imagenet512/val/n04326547/ILSVRC2012_val_00005047.JPEG
/home/projects/bagon/shared/imagenet512/val/n02950826/ILSVRC2012_val_00031280.JPEG
/home/projects/bagon/shared/imagenet512/val/n01698640/ILSVRC2012_val_00004009.JPEG
/home/projects/bagon/shared/imagenet512/val/n01692333/ILSVRC2012_val_00033706.JPEG
/home/projects/bagon/shared/imagenet512/val/n01694178/ILSVRC2012_val_00021092.JPEG
/home/projects/bagon/shared/imagenet512/val/n02096051/ILSVRC2012_val_00043789.JPEG
/home/projects/bagon/shared/imagenet512/val/n02807133/ILSVRC2012_val_00047265.JPEG
/home/projects/bagon/shared/imagenet512/val/n03345487/ILSVRC2012_val_00039449.JPEG
/home/projects/bagon/shared/imagenet512/val/n02027492/ILSVRC2012_val_00026820.JPEG
/home/projects/bagon/shared/imagenet512/val/n03424325/ILSVRC2012_val_00009479.JPEG
/home/projects/bagon/shared/imagenet512/val/n02090622/ILSVRC2012_val_00003164.JPEG
/home/projects/bagon/shared/imagenet512/val/n02481823/ILSVRC2012_val_00037790.JPEG
/home/projects/bagon/shared/imagenet512/val/n01484850/ILSVRC2012_val_00035774.JPEG
/home/projects/bagon/shared/imagenet512/val/n02268443/ILSVRC2012_val_00048401.JPEG
/home/projects/bagon/shared/imagenet512/val/n03255030/ILSVRC2012_val_00030287.JPEG
/home/projects/bagon/shared/imagenet512/val/n02094258/ILSVRC2012_val_00022061.JPEG
/home/projects/bagon/shared/imagenet512/val/n02028035/ILSVRC2012_val_00024808.JPEG
/home/projects/bagon/shared/imagenet512/val/n03720891/ILSVRC2012_val_00040340.JPEG
/home/projects/bagon/shared/imagenet512/val/n04111531/ILSVRC2012_val_00017971.JPEG
/home/projects/bagon/shared/imagenet512/val/n01496331/ILSVRC2012_val_00005432.JPEG
/home/projects/bagon/shared/imagenet512/val/n02108915/ILSVRC2012_val_00003938.JPEG
/home/projects/bagon/shared/imagenet512/val/n02730930/ILSVRC2012_val_00005807.JPEG
/home/projects/bagon/shared/imagenet512/val/n04065272/ILSVRC2012_val_00031346.JPEG
/home/projects/bagon/shared/imagenet512/val/n02606052/ILSVRC2012_val_00000996.JPEG
/home/projects/bagon/shared/imagenet512/val/n03666591/ILSVRC2012_val_00015019.JPEG
/home/projects/bagon/shared/imagenet512/val/n03530642/ILSVRC2012_val_00037411.JPEG
/home/projects/bagon/shared/imagenet512/val/n02457408/ILSVRC2012_val_00045127.JPEG
/home/projects/bagon/shared/imagenet512/val/n01986214/ILSVRC2012_val_00010039.JPEG
/home/projects/bagon/shared/imagenet512/val/n01744401/ILSVRC2012_val_00032500.JPEG
/home/projects/bagon/shared/imagenet512/val/n03595614/ILSVRC2012_val_00006226.JPEG
/home/projects/bagon/shared/imagenet512/val/n03967562/ILSVRC2012_val_00023747.JPEG
/home/projects/bagon/shared/imagenet512/val/n04005630/ILSVRC2012_val_00008376.JPEG
/home/projects/bagon/shared/imagenet512/val/n02793495/ILSVRC2012_val_00012775.JPEG
/home/projects/bagon/shared/imagenet512/val/n02098413/ILSVRC2012_val_00003377.JPEG
/home/projects/bagon/shared/imagenet512/val/n04153751/ILSVRC2012_val_00032448.JPEG
/home/projects/bagon/shared/imagenet512/val/n04557648/ILSVRC2012_val_00046515.JPEG
/home/projects/bagon/shared/imagenet512/val/n04275548/ILSVRC2012_val_00038930.JPEG
/home/projects/bagon/shared/imagenet512/val/n07880968/ILSVRC2012_val_00016592.JPEG
/home/projects/bagon/shared/imagenet512/val/n03980874/ILSVRC2012_val_00015841.JPEG
/home/projects/bagon/shared/imagenet512/val/n02488291/ILSVRC2012_val_00044270.JPEG
/home/projects/bagon/shared/imagenet512/val/n02231487/ILSVRC2012_val_00032661.JPEG
/home/projects/bagon/shared/imagenet512/val/n02690373/ILSVRC2012_val_00046862.JPEG
/home/projects/bagon/shared/imagenet512/val/n07695742/ILSVRC2012_val_00013493.JPEG
/home/projects/bagon/shared/imagenet512/val/n03930313/ILSVRC2012_val_00035769.JPEG
/home/projects/bagon/shared/imagenet512/val/n01491361/ILSVRC2012_val_00002969.JPEG
/home/projects/bagon/shared/imagenet512/val/n02114712/ILSVRC2012_val_00039939.JPEG
/home/projects/bagon/shared/imagenet512/val/n07716358/ILSVRC2012_val_00041474.JPEG
/home/projects/bagon/shared/imagenet512/val/n02321529/ILSVRC2012_val_00035186.JPEG
/home/projects/bagon/shared/imagenet512/val/n01930112/ILSVRC2012_val_00001882.JPEG
/home/projects/bagon/shared/imagenet512/val/n02106382/ILSVRC2012_val_00006970.JPEG
/home/projects/bagon/shared/imagenet512/val/n02092339/ILSVRC2012_val_00023005.JPEG
/home/projects/bagon/shared/imagenet512/val/n02883205/ILSVRC2012_val_00037646.JPEG
/home/projects/bagon/shared/imagenet512/val/n01770081/ILSVRC2012_val_00030812.JPEG
/home/projects/bagon/shared/imagenet512/val/n01806143/ILSVRC2012_val_00013378.JPEG
/home/projects/bagon/shared/imagenet512/val/n07753275/ILSVRC2012_val_00023804.JPEG
/home/projects/bagon/shared/imagenet512/val/n02093754/ILSVRC2012_val_00025302.JPEG
/home/projects/bagon/shared/imagenet512/val/n02980441/ILSVRC2012_val_00018999.JPEG
/home/projects/bagon/shared/imagenet512/val/n03250847/ILSVRC2012_val_00002037.JPEG
/home/projects/bagon/shared/imagenet512/val/n07875152/ILSVRC2012_val_00023843.JPEG
/home/projects/bagon/shared/imagenet512/val/n02128757/ILSVRC2012_val_00032712.JPEG
/home/projects/bagon/shared/imagenet512/val/n02317335/ILSVRC2012_val_00014590.JPEG
/home/projects/bagon/shared/imagenet512/val/n01494475/ILSVRC2012_val_00016395.JPEG
/home/projects/bagon/shared/imagenet512/val/n04037443/ILSVRC2012_val_00020181.JPEG
/home/projects/bagon/shared/imagenet512/val/n09421951/ILSVRC2012_val_00006564.JPEG
/home/projects/bagon/shared/imagenet512/val/n02814533/ILSVRC2012_val_00006084.JPEG
/home/projects/bagon/shared/imagenet512/val/n03938244/ILSVRC2012_val_00011154.JPEG
/home/projects/bagon/shared/imagenet512/val/n01872401/ILSVRC2012_val_00042693.JPEG
/home/projects/bagon/shared/imagenet512/val/n02233338/ILSVRC2012_val_00044491.JPEG
/home/projects/bagon/shared/imagenet512/val/n02100735/ILSVRC2012_val_00049965.JPEG
/home/projects/bagon/shared/imagenet512/val/n02033041/ILSVRC2012_val_00030590.JPEG
/home/projects/bagon/shared/imagenet512/val/n02110806/ILSVRC2012_val_00043319.JPEG
/home/projects/bagon/shared/imagenet512/val/n03598930/ILSVRC2012_val_00006625.JPEG
/home/projects/bagon/shared/imagenet512/val/n02794156/ILSVRC2012_val_00036836.JPEG
/home/projects/bagon/shared/imagenet512/val/n02280649/ILSVRC2012_val_00020938.JPEG
/home/projects/bagon/shared/imagenet512/val/n04141975/ILSVRC2012_val_00016341.JPEG
/home/projects/bagon/shared/imagenet512/val/n04023962/ILSVRC2012_val_00029900.JPEG
/home/projects/bagon/shared/imagenet512/val/n03623198/ILSVRC2012_val_00038767.JPEG
/home/projects/bagon/shared/imagenet512/val/n04049303/ILSVRC2012_val_00025514.JPEG
/home/projects/bagon/shared/imagenet512/val/n04254680/ILSVRC2012_val_00042311.JPEG
/home/projects/bagon/shared/imagenet512/val/n01749939/ILSVRC2012_val_00000298.JPEG
/home/projects/bagon/shared/imagenet512/val/n02259212/ILSVRC2012_val_00007916.JPEG
/home/projects/bagon/shared/imagenet512/val/n02132136/ILSVRC2012_val_00048979.JPEG
/home/projects/bagon/shared/imagenet512/val/n02167151/ILSVRC2012_val_00027791.JPEG
/home/projects/bagon/shared/imagenet512/val/n09288635/ILSVRC2012_val_00019666.JPEG
/home/projects/bagon/shared/imagenet512/val/n02094433/ILSVRC2012_val_00036254.JPEG
/home/projects/bagon/shared/imagenet512/val/n04532106/ILSVRC2012_val_00013500.JPEG
/home/projects/bagon/shared/imagenet512/val/n03483316/ILSVRC2012_val_00013907.JPEG
/home/projects/bagon/shared/imagenet512/val/n03887697/ILSVRC2012_val_00029141.JPEG
/home/projects/bagon/shared/imagenet512/val/n09468604/ILSVRC2012_val_00031161.JPEG
/home/projects/bagon/shared/imagenet512/val/n01514859/ILSVRC2012_val_00037719.JPEG
/home/projects/bagon/shared/imagenet512/val/n07932039/ILSVRC2012_val_00018693.JPEG
/home/projects/bagon/shared/imagenet512/val/n07697537/ILSVRC2012_val_00038387.JPEG
/home/projects/bagon/shared/imagenet512/val/n02894605/ILSVRC2012_val_00012400.JPEG
/home/projects/bagon/shared/imagenet512/val/n03895866/ILSVRC2012_val_00018861.JPEG
/home/projects/bagon/shared/imagenet512/val/n02107683/ILSVRC2012_val_00036682.JPEG
/home/projects/bagon/shared/imagenet512/val/n03838899/ILSVRC2012_val_00007097.JPEG
/home/projects/bagon/shared/imagenet512/val/n04505470/ILSVRC2012_val_00044924.JPEG
/home/projects/bagon/shared/imagenet512/val/n01744401/ILSVRC2012_val_00015523.JPEG
/home/projects/bagon/shared/imagenet512/val/n03404251/ILSVRC2012_val_00010157.JPEG
/home/projects/bagon/shared/imagenet512/val/n02105641/ILSVRC2012_val_00011498.JPEG
/home/projects/bagon/shared/imagenet512/val/n03838899/ILSVRC2012_val_00003524.JPEG
/home/projects/bagon/shared/imagenet512/val/n04040759/ILSVRC2012_val_00030262.JPEG
/home/projects/bagon/shared/imagenet512/val/n01776313/ILSVRC2012_val_00046529.JPEG
/home/projects/bagon/shared/imagenet512/val/n01855672/ILSVRC2012_val_00013794.JPEG
/home/projects/bagon/shared/imagenet512/val/n02101006/ILSVRC2012_val_00029333.JPEG
/home/projects/bagon/shared/imagenet512/val/n01735189/ILSVRC2012_val_00041743.JPEG
/home/projects/bagon/shared/imagenet512/val/n04311174/ILSVRC2012_val_00020039.JPEG
/home/projects/bagon/shared/imagenet512/val/n02403003/ILSVRC2012_val_00041005.JPEG
/home/projects/bagon/shared/imagenet512/val/n04086273/ILSVRC2012_val_00002840.JPEG
/home/projects/bagon/shared/imagenet512/val/n02106550/ILSVRC2012_val_00019107.JPEG
/home/projects/bagon/shared/imagenet512/val/n02437616/ILSVRC2012_val_00044769.JPEG
/home/projects/bagon/shared/imagenet512/val/n02834397/ILSVRC2012_val_00027533.JPEG
/home/projects/bagon/shared/imagenet512/val/n02408429/ILSVRC2012_val_00005951.JPEG
/home/projects/bagon/shared/imagenet512/val/n02011460/ILSVRC2012_val_00045951.JPEG
/home/projects/bagon/shared/imagenet512/val/n02088094/ILSVRC2012_val_00029232.JPEG
/home/projects/bagon/shared/imagenet512/val/n03314780/ILSVRC2012_val_00021308.JPEG
/home/projects/bagon/shared/imagenet512/val/n02951585/ILSVRC2012_val_00000101.JPEG
/home/projects/bagon/shared/imagenet512/val/n02797295/ILSVRC2012_val_00007968.JPEG
/home/projects/bagon/shared/imagenet512/val/n03794056/ILSVRC2012_val_00005987.JPEG
/home/projects/bagon/shared/imagenet512/val/n03538406/ILSVRC2012_val_00033806.JPEG
/home/projects/bagon/shared/imagenet512/val/n02099712/ILSVRC2012_val_00011807.JPEG
/home/projects/bagon/shared/imagenet512/val/n02133161/ILSVRC2012_val_00012011.JPEG
/home/projects/bagon/shared/imagenet512/val/n01728920/ILSVRC2012_val_00047852.JPEG
/home/projects/bagon/shared/imagenet512/val/n13040303/ILSVRC2012_val_00018306.JPEG
/home/projects/bagon/shared/imagenet512/val/n02102318/ILSVRC2012_val_00004995.JPEG
/home/projects/bagon/shared/imagenet512/val/n02111277/ILSVRC2012_val_00021356.JPEG
/home/projects/bagon/shared/imagenet512/val/n02669723/ILSVRC2012_val_00040365.JPEG
/home/projects/bagon/shared/imagenet512/val/n04118538/ILSVRC2012_val_00027139.JPEG
/home/projects/bagon/shared/imagenet512/val/n03837869/ILSVRC2012_val_00024307.JPEG
/home/projects/bagon/shared/imagenet512/val/n03595614/ILSVRC2012_val_00028375.JPEG
/home/projects/bagon/shared/imagenet512/val/n02777292/ILSVRC2012_val_00005105.JPEG
/home/projects/bagon/shared/imagenet512/val/n03908714/ILSVRC2012_val_00006862.JPEG
/home/projects/bagon/shared/imagenet512/val/n13054560/ILSVRC2012_val_00019196.JPEG
/home/projects/bagon/shared/imagenet512/val/n02096585/ILSVRC2012_val_00044773.JPEG
/home/projects/bagon/shared/imagenet512/val/n01883070/ILSVRC2012_val_00048658.JPEG
/home/projects/bagon/shared/imagenet512/val/n04597913/ILSVRC2012_val_00018243.JPEG
/home/projects/bagon/shared/imagenet512/val/n03598930/ILSVRC2012_val_00001188.JPEG
/home/projects/bagon/shared/imagenet512/val/n03535780/ILSVRC2012_val_00013546.JPEG
/home/projects/bagon/shared/imagenet512/val/n02018207/ILSVRC2012_val_00021459.JPEG
/home/projects/bagon/shared/imagenet512/val/n03141823/ILSVRC2012_val_00015567.JPEG
/home/projects/bagon/shared/imagenet512/val/n02138441/ILSVRC2012_val_00029590.JPEG
/home/projects/bagon/shared/imagenet512/val/n01990800/ILSVRC2012_val_00022755.JPEG
/home/projects/bagon/shared/imagenet512/val/n03874599/ILSVRC2012_val_00013842.JPEG
/home/projects/bagon/shared/imagenet512/val/n04154565/ILSVRC2012_val_00016205.JPEG
/home/projects/bagon/shared/imagenet512/val/n02099267/ILSVRC2012_val_00030810.JPEG
/home/projects/bagon/shared/imagenet512/val/n07892512/ILSVRC2012_val_00016904.JPEG
/home/projects/bagon/shared/imagenet512/val/n04442312/ILSVRC2012_val_00002081.JPEG
/home/projects/bagon/shared/imagenet512/val/n04542943/ILSVRC2012_val_00028926.JPEG
/home/projects/bagon/shared/imagenet512/val/n03075370/ILSVRC2012_val_00023151.JPEG
/home/projects/bagon/shared/imagenet512/val/n01514859/ILSVRC2012_val_00007729.JPEG
/home/projects/bagon/shared/imagenet512/val/n02999410/ILSVRC2012_val_00017637.JPEG
/home/projects/bagon/shared/imagenet512/val/n02974003/ILSVRC2012_val_00035524.JPEG
/home/projects/bagon/shared/imagenet512/val/n03992509/ILSVRC2012_val_00033886.JPEG
/home/projects/bagon/shared/imagenet512/val/n02091831/ILSVRC2012_val_00016547.JPEG
/home/projects/bagon/shared/imagenet512/val/n02095570/ILSVRC2012_val_00003789.JPEG
/home/projects/bagon/shared/imagenet512/val/n04067472/ILSVRC2012_val_00034487.JPEG
/home/projects/bagon/shared/imagenet512/val/n04346328/ILSVRC2012_val_00022217.JPEG
/home/projects/bagon/shared/imagenet512/val/n02087394/ILSVRC2012_val_00006900.JPEG
/home/projects/bagon/shared/imagenet512/val/n02100735/ILSVRC2012_val_00011024.JPEG
/home/projects/bagon/shared/imagenet512/val/n03706229/ILSVRC2012_val_00026009.JPEG
/home/projects/bagon/shared/imagenet512/val/n02268443/ILSVRC2012_val_00042405.JPEG
/home/projects/bagon/shared/imagenet512/val/n02484975/ILSVRC2012_val_00021557.JPEG
/home/projects/bagon/shared/imagenet512/val/n02396427/ILSVRC2012_val_00019681.JPEG
/home/projects/bagon/shared/imagenet512/val/n02114367/ILSVRC2012_val_00018311.JPEG
/home/projects/bagon/shared/imagenet512/val/n03995372/ILSVRC2012_val_00028887.JPEG
/home/projects/bagon/shared/imagenet512/val/n04270147/ILSVRC2012_val_00031848.JPEG
/home/projects/bagon/shared/imagenet512/val/n04591157/ILSVRC2012_val_00018039.JPEG
/home/projects/bagon/shared/imagenet512/val/n02981792/ILSVRC2012_val_00001063.JPEG
/home/projects/bagon/shared/imagenet512/val/n03786901/ILSVRC2012_val_00021100.JPEG
/home/projects/bagon/shared/imagenet512/val/n02640242/ILSVRC2012_val_00002525.JPEG
/home/projects/bagon/shared/imagenet512/val/n02879718/ILSVRC2012_val_00001542.JPEG
/home/projects/bagon/shared/imagenet512/val/n02259212/ILSVRC2012_val_00011535.JPEG
/home/projects/bagon/shared/imagenet512/val/n03494278/ILSVRC2012_val_00030826.JPEG
/home/projects/bagon/shared/imagenet512/val/n02441942/ILSVRC2012_val_00029331.JPEG
/home/projects/bagon/shared/imagenet512/val/n02483708/ILSVRC2012_val_00039346.JPEG
/home/projects/bagon/shared/imagenet512/val/n02033041/ILSVRC2012_val_00017634.JPEG
/home/projects/bagon/shared/imagenet512/val/n03761084/ILSVRC2012_val_00028554.JPEG
/home/projects/bagon/shared/imagenet512/val/n02018207/ILSVRC2012_val_00046599.JPEG
/home/projects/bagon/shared/imagenet512/val/n04367480/ILSVRC2012_val_00036545.JPEG
/home/projects/bagon/shared/imagenet512/val/n02091467/ILSVRC2012_val_00034005.JPEG
/home/projects/bagon/shared/imagenet512/val/n03788365/ILSVRC2012_val_00028526.JPEG
/home/projects/bagon/shared/imagenet512/val/n02859443/ILSVRC2012_val_00019378.JPEG
/home/projects/bagon/shared/imagenet512/val/n02814860/ILSVRC2012_val_00044244.JPEG
/home/projects/bagon/shared/imagenet512/val/n11939491/ILSVRC2012_val_00018189.JPEG
/home/projects/bagon/shared/imagenet512/val/n01608432/ILSVRC2012_val_00020710.JPEG
/home/projects/bagon/shared/imagenet512/val/n02093991/ILSVRC2012_val_00001927.JPEG
/home/projects/bagon/shared/imagenet512/val/n04371774/ILSVRC2012_val_00049797.JPEG
/home/projects/bagon/shared/imagenet512/val/n04067472/ILSVRC2012_val_00023896.JPEG
/home/projects/bagon/shared/imagenet512/val/n02109525/ILSVRC2012_val_00010183.JPEG
/home/projects/bagon/shared/imagenet512/val/n03495258/ILSVRC2012_val_00000448.JPEG
/home/projects/bagon/shared/imagenet512/val/n02112706/ILSVRC2012_val_00049650.JPEG
/home/projects/bagon/shared/imagenet512/val/n02130308/ILSVRC2012_val_00033042.JPEG
/home/projects/bagon/shared/imagenet512/val/n02102040/ILSVRC2012_val_00017664.JPEG
/home/projects/bagon/shared/imagenet512/val/n07684084/ILSVRC2012_val_00049497.JPEG
/home/projects/bagon/shared/imagenet512/val/n03916031/ILSVRC2012_val_00043495.JPEG
/home/projects/bagon/shared/imagenet512/val/n07718472/ILSVRC2012_val_00037064.JPEG
/home/projects/bagon/shared/imagenet512/val/n04336792/ILSVRC2012_val_00042085.JPEG
/home/projects/bagon/shared/imagenet512/val/n03131574/ILSVRC2012_val_00031029.JPEG
/home/projects/bagon/shared/imagenet512/val/n03814639/ILSVRC2012_val_00044290.JPEG
/home/projects/bagon/shared/imagenet512/val/n02097130/ILSVRC2012_val_00023320.JPEG
/home/projects/bagon/shared/imagenet512/val/n02117135/ILSVRC2012_val_00026516.JPEG
/home/projects/bagon/shared/imagenet512/val/n03483316/ILSVRC2012_val_00005824.JPEG
/home/projects/bagon/shared/imagenet512/val/n04461696/ILSVRC2012_val_00020258.JPEG
/home/projects/bagon/shared/imagenet512/val/n04201297/ILSVRC2012_val_00032743.JPEG
/home/projects/bagon/shared/imagenet512/val/n07714571/ILSVRC2012_val_00002993.JPEG
/home/projects/bagon/shared/imagenet512/val/n02978881/ILSVRC2012_val_00035631.JPEG
/home/projects/bagon/shared/imagenet512/val/n04456115/ILSVRC2012_val_00003323.JPEG
/home/projects/bagon/shared/imagenet512/val/n02457408/ILSVRC2012_val_00038710.JPEG
/home/projects/bagon/shared/imagenet512/val/n03908618/ILSVRC2012_val_00029339.JPEG
/home/projects/bagon/shared/imagenet512/val/n02687172/ILSVRC2012_val_00047902.JPEG
/home/projects/bagon/shared/imagenet512/val/n02112018/ILSVRC2012_val_00038989.JPEG
/home/projects/bagon/shared/imagenet512/val/n01955084/ILSVRC2012_val_00032797.JPEG
/home/projects/bagon/shared/imagenet512/val/n02906734/ILSVRC2012_val_00045118.JPEG
/home/projects/bagon/shared/imagenet512/val/n02859443/ILSVRC2012_val_00037680.JPEG
/home/projects/bagon/shared/imagenet512/val/n02837789/ILSVRC2012_val_00020207.JPEG
/home/projects/bagon/shared/imagenet512/val/n07716906/ILSVRC2012_val_00028212.JPEG
/home/projects/bagon/shared/imagenet512/val/n03954731/ILSVRC2012_val_00025997.JPEG
/home/projects/bagon/shared/imagenet512/val/n02666196/ILSVRC2012_val_00034444.JPEG
/home/projects/bagon/shared/imagenet512/val/n02219486/ILSVRC2012_val_00022160.JPEG
/home/projects/bagon/shared/imagenet512/val/n04254120/ILSVRC2012_val_00029642.JPEG
/home/projects/bagon/shared/imagenet512/val/n04597913/ILSVRC2012_val_00047133.JPEG
/home/projects/bagon/shared/imagenet512/val/n04479046/ILSVRC2012_val_00031804.JPEG
/home/projects/bagon/shared/imagenet512/val/n02037110/ILSVRC2012_val_00009047.JPEG
/home/projects/bagon/shared/imagenet512/val/n04254680/ILSVRC2012_val_00002349.JPEG
/home/projects/bagon/shared/imagenet512/val/n04273569/ILSVRC2012_val_00008080.JPEG
/home/projects/bagon/shared/imagenet512/val/n03388549/ILSVRC2012_val_00038144.JPEG
/home/projects/bagon/shared/imagenet512/val/n03017168/ILSVRC2012_val_00013705.JPEG
/home/projects/bagon/shared/imagenet512/val/n12768682/ILSVRC2012_val_00044066.JPEG
/home/projects/bagon/shared/imagenet512/val/n04209133/ILSVRC2012_val_00006587.JPEG
/home/projects/bagon/shared/imagenet512/val/n03721384/ILSVRC2012_val_00032278.JPEG
/home/projects/bagon/shared/imagenet512/val/n04485082/ILSVRC2012_val_00044164.JPEG
/home/projects/bagon/shared/imagenet512/val/n04201297/ILSVRC2012_val_00045241.JPEG
/home/projects/bagon/shared/imagenet512/val/n02100877/ILSVRC2012_val_00025479.JPEG
/home/projects/bagon/shared/imagenet512/val/n02443484/ILSVRC2012_val_00047022.JPEG
/home/projects/bagon/shared/imagenet512/val/n03075370/ILSVRC2012_val_00017150.JPEG
/home/projects/bagon/shared/imagenet512/val/n03803284/ILSVRC2012_val_00033597.JPEG
/home/projects/bagon/shared/imagenet512/val/n04332243/ILSVRC2012_val_00008446.JPEG
/home/projects/bagon/shared/imagenet512/val/n02110806/ILSVRC2012_val_00021126.JPEG
/home/projects/bagon/shared/imagenet512/val/n03976657/ILSVRC2012_val_00012459.JPEG
/home/projects/bagon/shared/imagenet512/val/n04141076/ILSVRC2012_val_00004761.JPEG
/home/projects/bagon/shared/imagenet512/val/n12267677/ILSVRC2012_val_00004433.JPEG
/home/projects/bagon/shared/imagenet512/val/n07717410/ILSVRC2012_val_00023613.JPEG
/home/projects/bagon/shared/imagenet512/val/n02113023/ILSVRC2012_val_00021908.JPEG
/home/projects/bagon/shared/imagenet512/val/n02978881/ILSVRC2012_val_00041815.JPEG
/home/projects/bagon/shared/imagenet512/val/n02107312/ILSVRC2012_val_00019364.JPEG
/home/projects/bagon/shared/imagenet512/val/n02877765/ILSVRC2012_val_00036686.JPEG
/home/projects/bagon/shared/imagenet512/val/n02112137/ILSVRC2012_val_00014452.JPEG
/home/projects/bagon/shared/imagenet512/val/n01692333/ILSVRC2012_val_00025104.JPEG
/home/projects/bagon/shared/imagenet512/val/n04579432/ILSVRC2012_val_00031358.JPEG
/home/projects/bagon/shared/imagenet512/val/n04099969/ILSVRC2012_val_00028947.JPEG
/home/projects/bagon/shared/imagenet512/val/n03937543/ILSVRC2012_val_00015504.JPEG
/home/projects/bagon/shared/imagenet512/val/n02011460/ILSVRC2012_val_00048540.JPEG
/home/projects/bagon/shared/imagenet512/val/n03000684/ILSVRC2012_val_00044793.JPEG
/home/projects/bagon/shared/imagenet512/val/n02892767/ILSVRC2012_val_00012129.JPEG
/home/projects/bagon/shared/imagenet512/val/n02769748/ILSVRC2012_val_00006379.JPEG
/home/projects/bagon/shared/imagenet512/val/n02018207/ILSVRC2012_val_00024270.JPEG
/home/projects/bagon/shared/imagenet512/val/n02012849/ILSVRC2012_val_00014612.JPEG
/home/projects/bagon/shared/imagenet512/val/n04604644/ILSVRC2012_val_00028154.JPEG
/home/projects/bagon/shared/imagenet512/val/n03633091/ILSVRC2012_val_00043518.JPEG
/home/projects/bagon/shared/imagenet512/val/n01616318/ILSVRC2012_val_00015769.JPEG
/home/projects/bagon/shared/imagenet512/val/n04509417/ILSVRC2012_val_00005518.JPEG
/home/projects/bagon/shared/imagenet512/val/n12620546/ILSVRC2012_val_00034899.JPEG
/home/projects/bagon/shared/imagenet512/val/n02486410/ILSVRC2012_val_00021248.JPEG
/home/projects/bagon/shared/imagenet512/val/n03786901/ILSVRC2012_val_00014325.JPEG
/home/projects/bagon/shared/imagenet512/val/n02105641/ILSVRC2012_val_00013007.JPEG
/home/projects/bagon/shared/imagenet512/val/n04090263/ILSVRC2012_val_00001291.JPEG
/home/projects/bagon/shared/imagenet512/val/n02865351/ILSVRC2012_val_00031971.JPEG
/home/projects/bagon/shared/imagenet512/val/n02229544/ILSVRC2012_val_00017677.JPEG
/home/projects/bagon/shared/imagenet512/val/n04238763/ILSVRC2012_val_00010211.JPEG
/home/projects/bagon/shared/imagenet512/val/n02667093/ILSVRC2012_val_00008447.JPEG
/home/projects/bagon/shared/imagenet512/val/n02096585/ILSVRC2012_val_00002406.JPEG
/home/projects/bagon/shared/imagenet512/val/n01582220/ILSVRC2012_val_00030017.JPEG
/home/projects/bagon/shared/imagenet512/val/n03627232/ILSVRC2012_val_00041858.JPEG
/home/projects/bagon/shared/imagenet512/val/n01755581/ILSVRC2012_val_00029615.JPEG
/home/projects/bagon/shared/imagenet512/val/n02096177/ILSVRC2012_val_00014645.JPEG
/home/projects/bagon/shared/imagenet512/val/n02256656/ILSVRC2012_val_00032172.JPEG
/home/projects/bagon/shared/imagenet512/val/n04398044/ILSVRC2012_val_00016042.JPEG
/home/projects/bagon/shared/imagenet512/val/n03733805/ILSVRC2012_val_00014866.JPEG
/home/projects/bagon/shared/imagenet512/val/n01675722/ILSVRC2012_val_00021055.JPEG
/home/projects/bagon/shared/imagenet512/val/n04540053/ILSVRC2012_val_00048811.JPEG
/home/projects/bagon/shared/imagenet512/val/n03047690/ILSVRC2012_val_00027854.JPEG
/home/projects/bagon/shared/imagenet512/val/n04336792/ILSVRC2012_val_00031783.JPEG
/home/projects/bagon/shared/imagenet512/val/n01518878/ILSVRC2012_val_00038156.JPEG
/home/projects/bagon/shared/imagenet512/val/n04376876/ILSVRC2012_val_00023498.JPEG
/home/projects/bagon/shared/imagenet512/val/n02091635/ILSVRC2012_val_00044766.JPEG
/home/projects/bagon/shared/imagenet512/val/n02093991/ILSVRC2012_val_00039027.JPEG
/home/projects/bagon/shared/imagenet512/val/n02112706/ILSVRC2012_val_00031355.JPEG
/home/projects/bagon/shared/imagenet512/val/n03459775/ILSVRC2012_val_00030037.JPEG
/home/projects/bagon/shared/imagenet512/val/n02110341/ILSVRC2012_val_00014430.JPEG
/home/projects/bagon/shared/imagenet512/val/n03447447/ILSVRC2012_val_00012445.JPEG
/home/projects/bagon/shared/imagenet512/val/n02865351/ILSVRC2012_val_00011047.JPEG
/home/projects/bagon/shared/imagenet512/val/n04162706/ILSVRC2012_val_00014127.JPEG
/home/projects/bagon/shared/imagenet512/val/n03595614/ILSVRC2012_val_00019141.JPEG
/home/projects/bagon/shared/imagenet512/val/n03394916/ILSVRC2012_val_00013113.JPEG
/home/projects/bagon/shared/imagenet512/val/n01843383/ILSVRC2012_val_00025371.JPEG
/home/projects/bagon/shared/imagenet512/val/n03467068/ILSVRC2012_val_00028668.JPEG
/home/projects/bagon/shared/imagenet512/val/n02088094/ILSVRC2012_val_00042097.JPEG
/home/projects/bagon/shared/imagenet512/val/n01924916/ILSVRC2012_val_00043455.JPEG
/home/projects/bagon/shared/imagenet512/val/n02110806/ILSVRC2012_val_00004804.JPEG
/home/projects/bagon/shared/imagenet512/val/n01744401/ILSVRC2012_val_00028743.JPEG
/home/projects/bagon/shared/imagenet512/val/n01753488/ILSVRC2012_val_00046538.JPEG
/home/projects/bagon/shared/imagenet512/val/n02672831/ILSVRC2012_val_00040830.JPEG
/home/projects/bagon/shared/imagenet512/val/n04200800/ILSVRC2012_val_00005271.JPEG
/home/projects/bagon/shared/imagenet512/val/n03976657/ILSVRC2012_val_00026436.JPEG
/home/projects/bagon/shared/imagenet512/val/n03837869/ILSVRC2012_val_00030264.JPEG
/home/projects/bagon/shared/imagenet512/val/n01698640/ILSVRC2012_val_00027872.JPEG
/home/projects/bagon/shared/imagenet512/val/n03777754/ILSVRC2012_val_00017077.JPEG
/home/projects/bagon/shared/imagenet512/val/n03394916/ILSVRC2012_val_00041958.JPEG
/home/projects/bagon/shared/imagenet512/val/n01882714/ILSVRC2012_val_00002811.JPEG
/home/projects/bagon/shared/imagenet512/val/n04462240/ILSVRC2012_val_00026073.JPEG
/home/projects/bagon/shared/imagenet512/val/n01443537/ILSVRC2012_val_00016962.JPEG
/home/projects/bagon/shared/imagenet512/val/n07717556/ILSVRC2012_val_00021097.JPEG
/home/projects/bagon/shared/imagenet512/val/n02704792/ILSVRC2012_val_00021040.JPEG
/home/projects/bagon/shared/imagenet512/val/n07583066/ILSVRC2012_val_00029534.JPEG
/home/projects/bagon/shared/imagenet512/val/n02966193/ILSVRC2012_val_00031566.JPEG
/home/projects/bagon/shared/imagenet512/val/n07714571/ILSVRC2012_val_00002925.JPEG
/home/projects/bagon/shared/imagenet512/val/n02978881/ILSVRC2012_val_00042959.JPEG
/home/projects/bagon/shared/imagenet512/val/n02088238/ILSVRC2012_val_00049819.JPEG
/home/projects/bagon/shared/imagenet512/val/n01829413/ILSVRC2012_val_00013713.JPEG
/home/projects/bagon/shared/imagenet512/val/n02690373/ILSVRC2012_val_00015498.JPEG
/home/projects/bagon/shared/imagenet512/val/n02128757/ILSVRC2012_val_00026982.JPEG
/home/projects/bagon/shared/imagenet512/val/n02823428/ILSVRC2012_val_00038570.JPEG
/home/projects/bagon/shared/imagenet512/val/n04067472/ILSVRC2012_val_00026659.JPEG
/home/projects/bagon/shared/imagenet512/val/n04523525/ILSVRC2012_val_00033859.JPEG
/home/projects/bagon/shared/imagenet512/val/n02125311/ILSVRC2012_val_00012457.JPEG
/home/projects/bagon/shared/imagenet512/val/n03733805/ILSVRC2012_val_00041079.JPEG
/home/projects/bagon/shared/imagenet512/val/n02747177/ILSVRC2012_val_00009320.JPEG
/home/projects/bagon/shared/imagenet512/val/n03598930/ILSVRC2012_val_00015328.JPEG
/home/projects/bagon/shared/imagenet512/val/n03467068/ILSVRC2012_val_00016424.JPEG
/home/projects/bagon/shared/imagenet512/val/n02168699/ILSVRC2012_val_00021688.JPEG
/home/projects/bagon/shared/imagenet512/val/n03908618/ILSVRC2012_val_00041757.JPEG
/home/projects/bagon/shared/imagenet512/val/n02012849/ILSVRC2012_val_00029365.JPEG
/home/projects/bagon/shared/imagenet512/val/n03916031/ILSVRC2012_val_00001754.JPEG
/home/projects/bagon/shared/imagenet512/val/n04579432/ILSVRC2012_val_00045862.JPEG
/home/projects/bagon/shared/imagenet512/val/n03649909/ILSVRC2012_val_00025989.JPEG
/home/projects/bagon/shared/imagenet512/val/n02110806/ILSVRC2012_val_00022196.JPEG
/home/projects/bagon/shared/imagenet512/val/n01877812/ILSVRC2012_val_00042504.JPEG
/home/projects/bagon/shared/imagenet512/val/n04040759/ILSVRC2012_val_00023521.JPEG
/home/projects/bagon/shared/imagenet512/val/n02356798/ILSVRC2012_val_00048669.JPEG
/home/projects/bagon/shared/imagenet512/val/n03814639/ILSVRC2012_val_00048113.JPEG
/home/projects/bagon/shared/imagenet512/val/n03602883/ILSVRC2012_val_00000969.JPEG
/home/projects/bagon/shared/imagenet512/val/n03047690/ILSVRC2012_val_00045240.JPEG
/home/projects/bagon/shared/imagenet512/val/n04532106/ILSVRC2012_val_00032900.JPEG
/home/projects/bagon/shared/imagenet512/val/n04372370/ILSVRC2012_val_00028201.JPEG
/home/projects/bagon/shared/imagenet512/val/n09332890/ILSVRC2012_val_00020069.JPEG
/home/projects/bagon/shared/imagenet512/val/n03424325/ILSVRC2012_val_00021850.JPEG
/home/projects/bagon/shared/imagenet512/val/n03796401/ILSVRC2012_val_00043346.JPEG
/home/projects/bagon/shared/imagenet512/val/n03781244/ILSVRC2012_val_00008955.JPEG
/home/projects/bagon/shared/imagenet512/val/n02090379/ILSVRC2012_val_00041688.JPEG
/home/projects/bagon/shared/imagenet512/val/n03920288/ILSVRC2012_val_00047393.JPEG
/home/projects/bagon/shared/imagenet512/val/n02108915/ILSVRC2012_val_00015098.JPEG
/home/projects/bagon/shared/imagenet512/val/n01806143/ILSVRC2012_val_00021345.JPEG
/home/projects/bagon/shared/imagenet512/val/n03724870/ILSVRC2012_val_00045737.JPEG
/home/projects/bagon/shared/imagenet512/val/n02808440/ILSVRC2012_val_00003072.JPEG
/home/projects/bagon/shared/imagenet512/val/n01514859/ILSVRC2012_val_00025324.JPEG
/home/projects/bagon/shared/imagenet512/val/n01990800/ILSVRC2012_val_00034806.JPEG
/home/projects/bagon/shared/imagenet512/val/n03594734/ILSVRC2012_val_00043905.JPEG
/home/projects/bagon/shared/imagenet512/val/n02096051/ILSVRC2012_val_00011394.JPEG
/home/projects/bagon/shared/imagenet512/val/n03388183/ILSVRC2012_val_00040541.JPEG
/home/projects/bagon/shared/imagenet512/val/n02910353/ILSVRC2012_val_00002548.JPEG
/home/projects/bagon/shared/imagenet512/val/n03063689/ILSVRC2012_val_00014889.JPEG
/home/projects/bagon/shared/imagenet512/val/n07871810/ILSVRC2012_val_00035848.JPEG
/home/projects/bagon/shared/imagenet512/val/n02667093/ILSVRC2012_val_00031515.JPEG
/home/projects/bagon/shared/imagenet512/val/n01629819/ILSVRC2012_val_00040470.JPEG
/home/projects/bagon/shared/imagenet512/val/n03791053/ILSVRC2012_val_00008959.JPEG
/home/projects/bagon/shared/imagenet512/val/n02791124/ILSVRC2012_val_00024368.JPEG
/home/projects/bagon/shared/imagenet512/val/n02979186/ILSVRC2012_val_00027673.JPEG
/home/projects/bagon/shared/imagenet512/val/n02018795/ILSVRC2012_val_00029510.JPEG
/home/projects/bagon/shared/imagenet512/val/n04179913/ILSVRC2012_val_00049810.JPEG
/home/projects/bagon/shared/imagenet512/val/n03141823/ILSVRC2012_val_00014253.JPEG
/home/projects/bagon/shared/imagenet512/val/n03527444/ILSVRC2012_val_00040655.JPEG
/home/projects/bagon/shared/imagenet512/val/n01796340/ILSVRC2012_val_00001641.JPEG
/home/projects/bagon/shared/imagenet512/val/n07753275/ILSVRC2012_val_00023957.JPEG
/home/projects/bagon/shared/imagenet512/val/n04254120/ILSVRC2012_val_00032214.JPEG
/home/projects/bagon/shared/imagenet512/val/n04254120/ILSVRC2012_val_00005424.JPEG
/home/projects/bagon/shared/imagenet512/val/n04317175/ILSVRC2012_val_00024810.JPEG
/home/projects/bagon/shared/imagenet512/val/n02655020/ILSVRC2012_val_00007185.JPEG
/home/projects/bagon/shared/imagenet512/val/n03314780/ILSVRC2012_val_00022550.JPEG
/home/projects/bagon/shared/imagenet512/val/n03692522/ILSVRC2012_val_00044571.JPEG
/home/projects/bagon/shared/imagenet512/val/n01943899/ILSVRC2012_val_00038299.JPEG
/home/projects/bagon/shared/imagenet512/val/n04086273/ILSVRC2012_val_00009333.JPEG
/home/projects/bagon/shared/imagenet512/val/n02091032/ILSVRC2012_val_00031302.JPEG
/home/projects/bagon/shared/imagenet512/val/n02823750/ILSVRC2012_val_00005859.JPEG
/home/projects/bagon/shared/imagenet512/val/n02128385/ILSVRC2012_val_00021066.JPEG
/home/projects/bagon/shared/imagenet512/val/n04404412/ILSVRC2012_val_00023763.JPEG
/home/projects/bagon/shared/imagenet512/val/n02095570/ILSVRC2012_val_00017581.JPEG
/home/projects/bagon/shared/imagenet512/val/n03134739/ILSVRC2012_val_00035923.JPEG
/home/projects/bagon/shared/imagenet512/val/n01770393/ILSVRC2012_val_00032644.JPEG
/home/projects/bagon/shared/imagenet512/val/n03903868/ILSVRC2012_val_00049155.JPEG
/home/projects/bagon/shared/imagenet512/val/n03995372/ILSVRC2012_val_00017255.JPEG
/home/projects/bagon/shared/imagenet512/val/n02777292/ILSVRC2012_val_00045397.JPEG
/home/projects/bagon/shared/imagenet512/val/n02174001/ILSVRC2012_val_00021607.JPEG
/home/projects/bagon/shared/imagenet512/val/n01847000/ILSVRC2012_val_00010388.JPEG
/home/projects/bagon/shared/imagenet512/val/n04254120/ILSVRC2012_val_00022275.JPEG
/home/projects/bagon/shared/imagenet512/val/n02442845/ILSVRC2012_val_00022236.JPEG
/home/projects/bagon/shared/imagenet512/val/n03188531/ILSVRC2012_val_00045688.JPEG
/home/projects/bagon/shared/imagenet512/val/n02939185/ILSVRC2012_val_00046481.JPEG
/home/projects/bagon/shared/imagenet512/val/n03787032/ILSVRC2012_val_00019760.JPEG
/home/projects/bagon/shared/imagenet512/val/n11879895/ILSVRC2012_val_00007447.JPEG
/home/projects/bagon/shared/imagenet512/val/n02096437/ILSVRC2012_val_00024766.JPEG
/home/projects/bagon/shared/imagenet512/val/n13037406/ILSVRC2012_val_00022905.JPEG
/home/projects/bagon/shared/imagenet512/val/n03843555/ILSVRC2012_val_00007573.JPEG
/home/projects/bagon/shared/imagenet512/val/n02114855/ILSVRC2012_val_00006092.JPEG
/home/projects/bagon/shared/imagenet512/val/n02097658/ILSVRC2012_val_00015119.JPEG
/home/projects/bagon/shared/imagenet512/val/n01689811/ILSVRC2012_val_00043624.JPEG
/home/projects/bagon/shared/imagenet512/val/n13040303/ILSVRC2012_val_00041673.JPEG
/home/projects/bagon/shared/imagenet512/val/n07684084/ILSVRC2012_val_00005911.JPEG
/home/projects/bagon/shared/imagenet512/val/n03240683/ILSVRC2012_val_00035099.JPEG
/home/projects/bagon/shared/imagenet512/val/n02730930/ILSVRC2012_val_00028783.JPEG
/home/projects/bagon/shared/imagenet512/val/n13054560/ILSVRC2012_val_00015530.JPEG
/home/projects/bagon/shared/imagenet512/val/n01560419/ILSVRC2012_val_00026541.JPEG
/home/projects/bagon/shared/imagenet512/val/n03938244/ILSVRC2012_val_00045046.JPEG
/home/projects/bagon/shared/imagenet512/val/n01774750/ILSVRC2012_val_00005208.JPEG
/home/projects/bagon/shared/imagenet512/val/n02443484/ILSVRC2012_val_00027914.JPEG
/home/projects/bagon/shared/imagenet512/val/n02102040/ILSVRC2012_val_00017370.JPEG
/home/projects/bagon/shared/imagenet512/val/n04548362/ILSVRC2012_val_00034876.JPEG
/home/projects/bagon/shared/imagenet512/val/n03721384/ILSVRC2012_val_00033203.JPEG
/home/projects/bagon/shared/imagenet512/val/n02099601/ILSVRC2012_val_00027833.JPEG
/home/projects/bagon/shared/imagenet512/val/n04435653/ILSVRC2012_val_00019905.JPEG
/home/projects/bagon/shared/imagenet512/val/n02869837/ILSVRC2012_val_00033052.JPEG
/home/projects/bagon/shared/imagenet512/val/n02097298/ILSVRC2012_val_00043974.JPEG
/home/projects/bagon/shared/imagenet512/val/n03788365/ILSVRC2012_val_00005611.JPEG
/home/projects/bagon/shared/imagenet512/val/n02088632/ILSVRC2012_val_00035347.JPEG
/home/projects/bagon/shared/imagenet512/val/n02786058/ILSVRC2012_val_00024570.JPEG
/home/projects/bagon/shared/imagenet512/val/n04536866/ILSVRC2012_val_00046990.JPEG
/home/projects/bagon/shared/imagenet512/val/n03075370/ILSVRC2012_val_00047032.JPEG
/home/projects/bagon/shared/imagenet512/val/n04335435/ILSVRC2012_val_00048230.JPEG
/home/projects/bagon/shared/imagenet512/val/n01985128/ILSVRC2012_val_00032174.JPEG
/home/projects/bagon/shared/imagenet512/val/n04357314/ILSVRC2012_val_00049539.JPEG
/home/projects/bagon/shared/imagenet512/val/n07714571/ILSVRC2012_val_00015805.JPEG
/home/projects/bagon/shared/imagenet512/val/n03109150/ILSVRC2012_val_00003262.JPEG
/home/projects/bagon/shared/imagenet512/val/n01531178/ILSVRC2012_val_00010409.JPEG
/home/projects/bagon/shared/imagenet512/val/n03982430/ILSVRC2012_val_00023590.JPEG
/home/projects/bagon/shared/imagenet512/val/n02129165/ILSVRC2012_val_00024902.JPEG
/home/projects/bagon/shared/imagenet512/val/n01770081/ILSVRC2012_val_00004172.JPEG
/home/projects/bagon/shared/imagenet512/val/n02002556/ILSVRC2012_val_00048606.JPEG
/home/projects/bagon/shared/imagenet512/val/n03065424/ILSVRC2012_val_00004471.JPEG
/home/projects/bagon/shared/imagenet512/val/n01669191/ILSVRC2012_val_00047941.JPEG
/home/projects/bagon/shared/imagenet512/val/n04326547/ILSVRC2012_val_00047787.JPEG
/home/projects/bagon/shared/imagenet512/val/n02090721/ILSVRC2012_val_00011311.JPEG
/home/projects/bagon/shared/imagenet512/val/n01986214/ILSVRC2012_val_00033105.JPEG
/home/projects/bagon/shared/imagenet512/val/n01955084/ILSVRC2012_val_00024870.JPEG
/home/projects/bagon/shared/imagenet512/val/n03874599/ILSVRC2012_val_00007780.JPEG
/home/projects/bagon/shared/imagenet512/val/n03065424/ILSVRC2012_val_00029746.JPEG
/home/projects/bagon/shared/imagenet512/val/n04462240/ILSVRC2012_val_00000579.JPEG
/home/projects/bagon/shared/imagenet512/val/n04147183/ILSVRC2012_val_00041013.JPEG
/home/projects/bagon/shared/imagenet512/val/n03954731/ILSVRC2012_val_00037962.JPEG
/home/projects/bagon/shared/imagenet512/val/n03197337/ILSVRC2012_val_00045934.JPEG
/home/projects/bagon/shared/imagenet512/val/n02107683/ILSVRC2012_val_00033057.JPEG
/home/projects/bagon/shared/imagenet512/val/n01818515/ILSVRC2012_val_00024381.JPEG
/home/projects/bagon/shared/imagenet512/val/n04347754/ILSVRC2012_val_00014568.JPEG
/home/projects/bagon/shared/imagenet512/val/n03983396/ILSVRC2012_val_00024815.JPEG
/home/projects/bagon/shared/imagenet512/val/n04141327/ILSVRC2012_val_00005709.JPEG
/home/projects/bagon/shared/imagenet512/val/n01806143/ILSVRC2012_val_00028656.JPEG
/home/projects/bagon/shared/imagenet512/val/n04099969/ILSVRC2012_val_00025634.JPEG
/home/projects/bagon/shared/imagenet512/val/n03594734/ILSVRC2012_val_00032954.JPEG
/home/projects/bagon/shared/imagenet512/val/n03534580/ILSVRC2012_val_00042217.JPEG
/home/projects/bagon/shared/imagenet512/val/n02098413/ILSVRC2012_val_00032318.JPEG
/home/projects/bagon/shared/imagenet512/val/n02009912/ILSVRC2012_val_00031290.JPEG
/home/projects/bagon/shared/imagenet512/val/n03786901/ILSVRC2012_val_00022089.JPEG
/home/projects/bagon/shared/imagenet512/val/n02325366/ILSVRC2012_val_00014788.JPEG
/home/projects/bagon/shared/imagenet512/val/n04162706/ILSVRC2012_val_00029582.JPEG
/home/projects/bagon/shared/imagenet512/val/n04347754/ILSVRC2012_val_00031407.JPEG
/home/projects/bagon/shared/imagenet512/val/n02091635/ILSVRC2012_val_00007446.JPEG
/home/projects/bagon/shared/imagenet512/val/n03793489/ILSVRC2012_val_00045539.JPEG
/home/projects/bagon/shared/imagenet512/val/n02108000/ILSVRC2012_val_00037087.JPEG
/home/projects/bagon/shared/imagenet512/val/n04204347/ILSVRC2012_val_00020500.JPEG
/home/projects/bagon/shared/imagenet512/val/n03355925/ILSVRC2012_val_00012848.JPEG
/home/projects/bagon/shared/imagenet512/val/n02808304/ILSVRC2012_val_00020121.JPEG
/home/projects/bagon/shared/imagenet512/val/n03796401/ILSVRC2012_val_00008394.JPEG
/home/projects/bagon/shared/imagenet512/val/n02704792/ILSVRC2012_val_00004017.JPEG
/home/projects/bagon/shared/imagenet512/val/n01945685/ILSVRC2012_val_00043904.JPEG
/home/projects/bagon/shared/imagenet512/val/n04141076/ILSVRC2012_val_00045041.JPEG
/home/projects/bagon/shared/imagenet512/val/n04208210/ILSVRC2012_val_00002164.JPEG
/home/projects/bagon/shared/imagenet512/val/n02869837/ILSVRC2012_val_00045399.JPEG
/home/projects/bagon/shared/imagenet512/val/n03854065/ILSVRC2012_val_00044437.JPEG
/home/projects/bagon/shared/imagenet512/val/n02992211/ILSVRC2012_val_00034445.JPEG
/home/projects/bagon/shared/imagenet512/val/n02788148/ILSVRC2012_val_00048426.JPEG
/home/projects/bagon/shared/imagenet512/val/n03347037/ILSVRC2012_val_00012175.JPEG
/home/projects/bagon/shared/imagenet512/val/n04540053/ILSVRC2012_val_00033329.JPEG
/home/projects/bagon/shared/imagenet512/val/n02837789/ILSVRC2012_val_00005308.JPEG
/home/projects/bagon/shared/imagenet512/val/n02110185/ILSVRC2012_val_00034263.JPEG
/home/projects/bagon/shared/imagenet512/val/n01755581/ILSVRC2012_val_00004448.JPEG
/home/projects/bagon/shared/imagenet512/val/n03697007/ILSVRC2012_val_00040424.JPEG
/home/projects/bagon/shared/imagenet512/val/n03980874/ILSVRC2012_val_00043665.JPEG
/home/projects/bagon/shared/imagenet512/val/n09256479/ILSVRC2012_val_00021955.JPEG
/home/projects/bagon/shared/imagenet512/val/n03891332/ILSVRC2012_val_00029096.JPEG
/home/projects/bagon/shared/imagenet512/val/n01968897/ILSVRC2012_val_00043170.JPEG
/home/projects/bagon/shared/imagenet512/val/n02667093/ILSVRC2012_val_00010876.JPEG
/home/projects/bagon/shared/imagenet512/val/n04483307/ILSVRC2012_val_00005196.JPEG
/home/projects/bagon/shared/imagenet512/val/n04536866/ILSVRC2012_val_00011089.JPEG
/home/projects/bagon/shared/imagenet512/val/n03271574/ILSVRC2012_val_00016106.JPEG
/home/projects/bagon/shared/imagenet512/val/n03445777/ILSVRC2012_val_00016748.JPEG
/home/projects/bagon/shared/imagenet512/val/n04136333/ILSVRC2012_val_00010408.JPEG
/home/projects/bagon/shared/imagenet512/val/n04141327/ILSVRC2012_val_00021381.JPEG
/home/projects/bagon/shared/imagenet512/val/n02092002/ILSVRC2012_val_00021145.JPEG
/home/projects/bagon/shared/imagenet512/val/n04229816/ILSVRC2012_val_00009838.JPEG
/home/projects/bagon/shared/imagenet512/val/n03445777/ILSVRC2012_val_00008161.JPEG
/home/projects/bagon/shared/imagenet512/val/n03109150/ILSVRC2012_val_00038771.JPEG
/home/projects/bagon/shared/imagenet512/val/n03538406/ILSVRC2012_val_00034261.JPEG
/home/projects/bagon/shared/imagenet512/val/n03720891/ILSVRC2012_val_00001453.JPEG
/home/projects/bagon/shared/imagenet512/val/n04277352/ILSVRC2012_val_00041765.JPEG
/home/projects/bagon/shared/imagenet512/val/n02704792/ILSVRC2012_val_00025756.JPEG
/home/projects/bagon/shared/imagenet512/val/n04162706/ILSVRC2012_val_00020348.JPEG
/home/projects/bagon/shared/imagenet512/val/n02264363/ILSVRC2012_val_00025589.JPEG
/home/projects/bagon/shared/imagenet512/val/n02640242/ILSVRC2012_val_00045896.JPEG
/home/projects/bagon/shared/imagenet512/val/n03649909/ILSVRC2012_val_00029725.JPEG
/home/projects/bagon/shared/imagenet512/val/n02168699/ILSVRC2012_val_00018106.JPEG
/home/projects/bagon/shared/imagenet512/val/n02011460/ILSVRC2012_val_00028920.JPEG
/home/projects/bagon/shared/imagenet512/val/n03796401/ILSVRC2012_val_00015917.JPEG
/home/projects/bagon/shared/imagenet512/val/n02747177/ILSVRC2012_val_00032347.JPEG
/home/projects/bagon/shared/imagenet512/val/n03733281/ILSVRC2012_val_00003420.JPEG
/home/projects/bagon/shared/imagenet512/val/n02403003/ILSVRC2012_val_00025775.JPEG
/home/projects/bagon/shared/imagenet512/val/n09468604/ILSVRC2012_val_00001829.JPEG
/home/projects/bagon/shared/imagenet512/val/n03498962/ILSVRC2012_val_00031055.JPEG
/home/projects/bagon/shared/imagenet512/val/n02086910/ILSVRC2012_val_00009688.JPEG
/home/projects/bagon/shared/imagenet512/val/n04613696/ILSVRC2012_val_00046272.JPEG
/home/projects/bagon/shared/imagenet512/val/n02172182/ILSVRC2012_val_00009945.JPEG
/home/projects/bagon/shared/imagenet512/val/n02281787/ILSVRC2012_val_00043381.JPEG
/home/projects/bagon/shared/imagenet512/val/n03843555/ILSVRC2012_val_00032407.JPEG
/home/projects/bagon/shared/imagenet512/val/n02966687/ILSVRC2012_val_00032641.JPEG
/home/projects/bagon/shared/imagenet512/val/n01484850/ILSVRC2012_val_00039304.JPEG
/home/projects/bagon/shared/imagenet512/val/n02457408/ILSVRC2012_val_00031183.JPEG
/home/projects/bagon/shared/imagenet512/val/n02058221/ILSVRC2012_val_00008056.JPEG
/home/projects/bagon/shared/imagenet512/val/n01924916/ILSVRC2012_val_00012303.JPEG
/home/projects/bagon/shared/imagenet512/val/n01986214/ILSVRC2012_val_00004444.JPEG
/home/projects/bagon/shared/imagenet512/val/n07711569/ILSVRC2012_val_00032485.JPEG
/home/projects/bagon/shared/imagenet512/val/n03623198/ILSVRC2012_val_00039763.JPEG
/home/projects/bagon/shared/imagenet512/val/n01978455/ILSVRC2012_val_00042553.JPEG
/home/projects/bagon/shared/imagenet512/val/n02134418/ILSVRC2012_val_00043326.JPEG
/home/projects/bagon/shared/imagenet512/val/n03065424/ILSVRC2012_val_00040737.JPEG
/home/projects/bagon/shared/imagenet512/val/n04476259/ILSVRC2012_val_00027040.JPEG
/home/projects/bagon/shared/imagenet512/val/n03770439/ILSVRC2012_val_00019005.JPEG
/home/projects/bagon/shared/imagenet512/val/n02102973/ILSVRC2012_val_00009428.JPEG
/home/projects/bagon/shared/imagenet512/val/n09256479/ILSVRC2012_val_00034862.JPEG
/home/projects/bagon/shared/imagenet512/val/n02097209/ILSVRC2012_val_00000044.JPEG
/home/projects/bagon/shared/imagenet512/val/n02825657/ILSVRC2012_val_00007587.JPEG
/home/projects/bagon/shared/imagenet512/val/n03598930/ILSVRC2012_val_00011008.JPEG
/home/projects/bagon/shared/imagenet512/val/n04252225/ILSVRC2012_val_00002276.JPEG
/home/projects/bagon/shared/imagenet512/val/n04273569/ILSVRC2012_val_00041179.JPEG
/home/projects/bagon/shared/imagenet512/val/n03017168/ILSVRC2012_val_00038376.JPEG
/home/projects/bagon/shared/imagenet512/val/n03498962/ILSVRC2012_val_00027332.JPEG
/home/projects/bagon/shared/imagenet512/val/n03697007/ILSVRC2012_val_00049741.JPEG
/home/projects/bagon/shared/imagenet512/val/n04265275/ILSVRC2012_val_00035322.JPEG
/home/projects/bagon/shared/imagenet512/val/n03794056/ILSVRC2012_val_00025274.JPEG
/home/projects/bagon/shared/imagenet512/val/n03529860/ILSVRC2012_val_00017900.JPEG
/home/projects/bagon/shared/imagenet512/val/n07749582/ILSVRC2012_val_00020573.JPEG
/home/projects/bagon/shared/imagenet512/val/n04228054/ILSVRC2012_val_00015149.JPEG
/home/projects/bagon/shared/imagenet512/val/n02783161/ILSVRC2012_val_00044189.JPEG
/home/projects/bagon/shared/imagenet512/val/n02403003/ILSVRC2012_val_00049320.JPEG
/home/projects/bagon/shared/imagenet512/val/n01855672/ILSVRC2012_val_00033257.JPEG
/home/projects/bagon/shared/imagenet512/val/n02105056/ILSVRC2012_val_00034070.JPEG
/home/projects/bagon/shared/imagenet512/val/n03891332/ILSVRC2012_val_00002759.JPEG
/home/projects/bagon/shared/imagenet512/val/n02110806/ILSVRC2012_val_00013318.JPEG
/home/projects/bagon/shared/imagenet512/val/n02097130/ILSVRC2012_val_00045760.JPEG
/home/projects/bagon/shared/imagenet512/val/n03929660/ILSVRC2012_val_00042856.JPEG
/home/projects/bagon/shared/imagenet512/val/n03942813/ILSVRC2012_val_00046563.JPEG
/home/projects/bagon/shared/imagenet512/val/n01980166/ILSVRC2012_val_00038526.JPEG
/home/projects/bagon/shared/imagenet512/val/n02268853/ILSVRC2012_val_00038466.JPEG
/home/projects/bagon/shared/imagenet512/val/n03733131/ILSVRC2012_val_00003505.JPEG
/home/projects/bagon/shared/imagenet512/val/n02085782/ILSVRC2012_val_00015730.JPEG
/home/projects/bagon/shared/imagenet512/val/n02077923/ILSVRC2012_val_00027024.JPEG
/home/projects/bagon/shared/imagenet512/val/n01677366/ILSVRC2012_val_00032513.JPEG
/home/projects/bagon/shared/imagenet512/val/n02113978/ILSVRC2012_val_00041092.JPEG
/home/projects/bagon/shared/imagenet512/val/n02999410/ILSVRC2012_val_00021778.JPEG
/home/projects/bagon/shared/imagenet512/val/n03692522/ILSVRC2012_val_00006135.JPEG
/home/projects/bagon/shared/imagenet512/val/n03916031/ILSVRC2012_val_00043438.JPEG
/home/projects/bagon/shared/imagenet512/val/n02808440/ILSVRC2012_val_00012823.JPEG
/home/projects/bagon/shared/imagenet512/val/n04590129/ILSVRC2012_val_00045960.JPEG
/home/projects/bagon/shared/imagenet512/val/n01728920/ILSVRC2012_val_00047238.JPEG
/home/projects/bagon/shared/imagenet512/val/n04136333/ILSVRC2012_val_00002581.JPEG
/home/projects/bagon/shared/imagenet512/val/n02488702/ILSVRC2012_val_00032396.JPEG
/home/projects/bagon/shared/imagenet512/val/n02102040/ILSVRC2012_val_00027918.JPEG
/home/projects/bagon/shared/imagenet512/val/n02123045/ILSVRC2012_val_00045239.JPEG
/home/projects/bagon/shared/imagenet512/val/n01728920/ILSVRC2012_val_00013802.JPEG
/home/projects/bagon/shared/imagenet512/val/n04336792/ILSVRC2012_val_00023741.JPEG
/home/projects/bagon/shared/imagenet512/val/n02783161/ILSVRC2012_val_00019443.JPEG
/home/projects/bagon/shared/imagenet512/val/n04118776/ILSVRC2012_val_00017923.JPEG
/home/projects/bagon/shared/imagenet512/val/n02787622/ILSVRC2012_val_00025772.JPEG
/home/projects/bagon/shared/imagenet512/val/n01985128/ILSVRC2012_val_00011978.JPEG
/home/projects/bagon/shared/imagenet512/val/n04311004/ILSVRC2012_val_00004981.JPEG
/home/projects/bagon/shared/imagenet512/val/n03888257/ILSVRC2012_val_00019289.JPEG
/home/projects/bagon/shared/imagenet512/val/n02066245/ILSVRC2012_val_00020707.JPEG
/home/projects/bagon/shared/imagenet512/val/n04465501/ILSVRC2012_val_00000611.JPEG
/home/projects/bagon/shared/imagenet512/val/n03785016/ILSVRC2012_val_00013130.JPEG
/home/projects/bagon/shared/imagenet512/val/n01582220/ILSVRC2012_val_00029695.JPEG
/home/projects/bagon/shared/imagenet512/val/n02669723/ILSVRC2012_val_00005192.JPEG
/home/projects/bagon/shared/imagenet512/val/n04270147/ILSVRC2012_val_00003369.JPEG
/home/projects/bagon/shared/imagenet512/val/n03868242/ILSVRC2012_val_00010511.JPEG
/home/projects/bagon/shared/imagenet512/val/n02098413/ILSVRC2012_val_00009190.JPEG
/home/projects/bagon/shared/imagenet512/val/n02177972/ILSVRC2012_val_00019202.JPEG
/home/projects/bagon/shared/imagenet512/val/n04357314/ILSVRC2012_val_00008617.JPEG
/home/projects/bagon/shared/imagenet512/val/n03494278/ILSVRC2012_val_00001605.JPEG
/home/projects/bagon/shared/imagenet512/val/n02099429/ILSVRC2012_val_00020347.JPEG
/home/projects/bagon/shared/imagenet512/val/n04597913/ILSVRC2012_val_00032118.JPEG
/home/projects/bagon/shared/imagenet512/val/n04336792/ILSVRC2012_val_00020184.JPEG
/home/projects/bagon/shared/imagenet512/val/n15075141/ILSVRC2012_val_00027666.JPEG
/home/projects/bagon/shared/imagenet512/val/n01737021/ILSVRC2012_val_00035379.JPEG
/home/projects/bagon/shared/imagenet512/val/n04456115/ILSVRC2012_val_00005528.JPEG
/home/projects/bagon/shared/imagenet512/val/n02492660/ILSVRC2012_val_00003818.JPEG
/home/projects/bagon/shared/imagenet512/val/n03908714/ILSVRC2012_val_00036558.JPEG
/home/projects/bagon/shared/imagenet512/val/n02206856/ILSVRC2012_val_00011167.JPEG
/home/projects/bagon/shared/imagenet512/val/n03884397/ILSVRC2012_val_00042381.JPEG
/home/projects/bagon/shared/imagenet512/val/n03888605/ILSVRC2012_val_00048531.JPEG
/home/projects/bagon/shared/imagenet512/val/n04325704/ILSVRC2012_val_00022281.JPEG
/home/projects/bagon/shared/imagenet512/val/n02747177/ILSVRC2012_val_00008670.JPEG
/home/projects/bagon/shared/imagenet512/val/n04389033/ILSVRC2012_val_00026377.JPEG
/home/projects/bagon/shared/imagenet512/val/n03047690/ILSVRC2012_val_00040110.JPEG
/home/projects/bagon/shared/imagenet512/val/n02133161/ILSVRC2012_val_00046668.JPEG
/home/projects/bagon/shared/imagenet512/val/n02100583/ILSVRC2012_val_00049010.JPEG
/home/projects/bagon/shared/imagenet512/val/n04209239/ILSVRC2012_val_00030436.JPEG
/home/projects/bagon/shared/imagenet512/val/n02480495/ILSVRC2012_val_00032080.JPEG
/home/projects/bagon/shared/imagenet512/val/n02088364/ILSVRC2012_val_00042531.JPEG
/home/projects/bagon/shared/imagenet512/val/n02113799/ILSVRC2012_val_00027366.JPEG
/home/projects/bagon/shared/imagenet512/val/n01677366/ILSVRC2012_val_00000523.JPEG
/home/projects/bagon/shared/imagenet512/val/n03100240/ILSVRC2012_val_00016613.JPEG
/home/projects/bagon/shared/imagenet512/val/n02165456/ILSVRC2012_val_00040156.JPEG
/home/projects/bagon/shared/imagenet512/val/n02492660/ILSVRC2012_val_00026012.JPEG
/home/projects/bagon/shared/imagenet512/val/n02086646/ILSVRC2012_val_00010163.JPEG
/home/projects/bagon/shared/imagenet512/val/n12998815/ILSVRC2012_val_00042199.JPEG
/home/projects/bagon/shared/imagenet512/val/n07880968/ILSVRC2012_val_00001822.JPEG
/home/projects/bagon/shared/imagenet512/val/n04238763/ILSVRC2012_val_00037530.JPEG
/home/projects/bagon/shared/imagenet512/val/n01592084/ILSVRC2012_val_00017756.JPEG
/home/projects/bagon/shared/imagenet512/val/n03141823/ILSVRC2012_val_00005672.JPEG
/home/projects/bagon/shared/imagenet512/val/n02317335/ILSVRC2012_val_00024247.JPEG
/home/projects/bagon/shared/imagenet512/val/n02804610/ILSVRC2012_val_00014826.JPEG
/home/projects/bagon/shared/imagenet512/val/n02730930/ILSVRC2012_val_00011640.JPEG
/home/projects/bagon/shared/imagenet512/val/n03788195/ILSVRC2012_val_00031119.JPEG
/home/projects/bagon/shared/imagenet512/val/n02480495/ILSVRC2012_val_00035901.JPEG
/home/projects/bagon/shared/imagenet512/val/n04536866/ILSVRC2012_val_00011745.JPEG
/home/projects/bagon/shared/imagenet512/val/n04116512/ILSVRC2012_val_00039841.JPEG
/home/projects/bagon/shared/imagenet512/val/n02417914/ILSVRC2012_val_00040252.JPEG
/home/projects/bagon/shared/imagenet512/val/n03954731/ILSVRC2012_val_00038701.JPEG
/home/projects/bagon/shared/imagenet512/val/n02787622/ILSVRC2012_val_00029236.JPEG
/home/projects/bagon/shared/imagenet512/val/n04317175/ILSVRC2012_val_00048424.JPEG
/home/projects/bagon/shared/imagenet512/val/n04141975/ILSVRC2012_val_00014401.JPEG
/home/projects/bagon/shared/imagenet512/val/n02483362/ILSVRC2012_val_00026222.JPEG
/home/projects/bagon/shared/imagenet512/val/n03000134/ILSVRC2012_val_00010835.JPEG
/home/projects/bagon/shared/imagenet512/val/n03393912/ILSVRC2012_val_00017525.JPEG
/home/projects/bagon/shared/imagenet512/val/n04238763/ILSVRC2012_val_00030636.JPEG
/home/projects/bagon/shared/imagenet512/val/n04192698/ILSVRC2012_val_00036370.JPEG
/home/projects/bagon/shared/imagenet512/val/n03967562/ILSVRC2012_val_00027567.JPEG
/home/projects/bagon/shared/imagenet512/val/n01632777/ILSVRC2012_val_00047938.JPEG
/home/projects/bagon/shared/imagenet512/val/n07693725/ILSVRC2012_val_00018883.JPEG
/home/projects/bagon/shared/imagenet512/val/n03627232/ILSVRC2012_val_00012101.JPEG
/home/projects/bagon/shared/imagenet512/val/n02107312/ILSVRC2012_val_00037164.JPEG
/home/projects/bagon/shared/imagenet512/val/n02120079/ILSVRC2012_val_00013487.JPEG
/home/projects/bagon/shared/imagenet512/val/n01914609/ILSVRC2012_val_00038901.JPEG
/home/projects/bagon/shared/imagenet512/val/n13052670/ILSVRC2012_val_00012630.JPEG
/home/projects/bagon/shared/imagenet512/val/n02494079/ILSVRC2012_val_00031195.JPEG
/home/projects/bagon/shared/imagenet512/val/n02977058/ILSVRC2012_val_00034150.JPEG
/home/projects/bagon/shared/imagenet512/val/n04311174/ILSVRC2012_val_00028491.JPEG
/home/projects/bagon/shared/imagenet512/val/n04081281/ILSVRC2012_val_00019466.JPEG
/home/projects/bagon/shared/imagenet512/val/n01728920/ILSVRC2012_val_00032358.JPEG
/home/projects/bagon/shared/imagenet512/val/n01614925/ILSVRC2012_val_00049899.JPEG
/home/projects/bagon/shared/imagenet512/val/n07753113/ILSVRC2012_val_00033994.JPEG
/home/projects/bagon/shared/imagenet512/val/n02110958/ILSVRC2012_val_00015419.JPEG
/home/projects/bagon/shared/imagenet512/val/n04542943/ILSVRC2012_val_00049512.JPEG
/home/projects/bagon/shared/imagenet512/val/n02174001/ILSVRC2012_val_00020026.JPEG
/home/projects/bagon/shared/imagenet512/val/n02488291/ILSVRC2012_val_00044914.JPEG
/home/projects/bagon/shared/imagenet512/val/n01748264/ILSVRC2012_val_00015801.JPEG
/home/projects/bagon/shared/imagenet512/val/n04070727/ILSVRC2012_val_00005541.JPEG
/home/projects/bagon/shared/imagenet512/val/n02108551/ILSVRC2012_val_00023424.JPEG
/home/projects/bagon/shared/imagenet512/val/n02093754/ILSVRC2012_val_00031172.JPEG
/home/projects/bagon/shared/imagenet512/val/n02106382/ILSVRC2012_val_00032290.JPEG
/home/projects/bagon/shared/imagenet512/val/n04041544/ILSVRC2012_val_00034715.JPEG
/home/projects/bagon/shared/imagenet512/val/n02107312/ILSVRC2012_val_00027983.JPEG
/home/projects/bagon/shared/imagenet512/val/n02119022/ILSVRC2012_val_00026288.JPEG
/home/projects/bagon/shared/imagenet512/val/n03888605/ILSVRC2012_val_00008363.JPEG
/home/projects/bagon/shared/imagenet512/val/n04509417/ILSVRC2012_val_00048460.JPEG
/home/projects/bagon/shared/imagenet512/val/n01669191/ILSVRC2012_val_00036944.JPEG
/home/projects/bagon/shared/imagenet512/val/n07583066/ILSVRC2012_val_00038420.JPEG
/home/projects/bagon/shared/imagenet512/val/n02481823/ILSVRC2012_val_00007619.JPEG
/home/projects/bagon/shared/imagenet512/val/n02860847/ILSVRC2012_val_00014338.JPEG
/home/projects/bagon/shared/imagenet512/val/n04509417/ILSVRC2012_val_00045666.JPEG
/home/projects/bagon/shared/imagenet512/val/n07697537/ILSVRC2012_val_00034161.JPEG
/home/projects/bagon/shared/imagenet512/val/n03223299/ILSVRC2012_val_00005057.JPEG
/home/projects/bagon/shared/imagenet512/val/n04517823/ILSVRC2012_val_00033301.JPEG
/home/projects/bagon/shared/imagenet512/val/n02910353/ILSVRC2012_val_00027948.JPEG
/home/projects/bagon/shared/imagenet512/val/n02977058/ILSVRC2012_val_00011876.JPEG
/home/projects/bagon/shared/imagenet512/val/n01443537/ILSVRC2012_val_00028713.JPEG
/home/projects/bagon/shared/imagenet512/val/n01530575/ILSVRC2012_val_00047878.JPEG
/home/projects/bagon/shared/imagenet512/val/n04462240/ILSVRC2012_val_00031580.JPEG
/home/projects/bagon/shared/imagenet512/val/n02672831/ILSVRC2012_val_00018139.JPEG
/home/projects/bagon/shared/imagenet512/val/n03417042/ILSVRC2012_val_00034001.JPEG
/home/projects/bagon/shared/imagenet512/val/n02114855/ILSVRC2012_val_00004869.JPEG
/home/projects/bagon/shared/imagenet512/val/n02109047/ILSVRC2012_val_00032160.JPEG
/home/projects/bagon/shared/imagenet512/val/n02129165/ILSVRC2012_val_00008553.JPEG
/home/projects/bagon/shared/imagenet512/val/n04347754/ILSVRC2012_val_00020293.JPEG
/home/projects/bagon/shared/imagenet512/val/n01728572/ILSVRC2012_val_00027142.JPEG
/home/projects/bagon/shared/imagenet512/val/n01695060/ILSVRC2012_val_00014794.JPEG
/home/projects/bagon/shared/imagenet512/val/n03485407/ILSVRC2012_val_00000149.JPEG
/home/projects/bagon/shared/imagenet512/val/n02794156/ILSVRC2012_val_00003043.JPEG
/home/projects/bagon/shared/imagenet512/val/n03495258/ILSVRC2012_val_00047550.JPEG
/home/projects/bagon/shared/imagenet512/val/n02093256/ILSVRC2012_val_00037333.JPEG
/home/projects/bagon/shared/imagenet512/val/n03467068/ILSVRC2012_val_00015497.JPEG
/home/projects/bagon/shared/imagenet512/val/n04542943/ILSVRC2012_val_00015462.JPEG
/home/projects/bagon/shared/imagenet512/val/n02655020/ILSVRC2012_val_00033584.JPEG
/home/projects/bagon/shared/imagenet512/val/n01664065/ILSVRC2012_val_00014316.JPEG
/home/projects/bagon/shared/imagenet512/val/n03929660/ILSVRC2012_val_00020351.JPEG
/home/projects/bagon/shared/imagenet512/val/n04501370/ILSVRC2012_val_00044881.JPEG
/home/projects/bagon/shared/imagenet512/val/n04238763/ILSVRC2012_val_00040867.JPEG
/home/projects/bagon/shared/imagenet512/val/n02795169/ILSVRC2012_val_00006754.JPEG
/home/projects/bagon/shared/imagenet512/val/n04476259/ILSVRC2012_val_00037691.JPEG
/home/projects/bagon/shared/imagenet512/val/n02906734/ILSVRC2012_val_00036355.JPEG
/home/projects/bagon/shared/imagenet512/val/n06359193/ILSVRC2012_val_00023565.JPEG
/home/projects/bagon/shared/imagenet512/val/n02107574/ILSVRC2012_val_00010268.JPEG
/home/projects/bagon/shared/imagenet512/val/n04552348/ILSVRC2012_val_00034713.JPEG
/home/projects/bagon/shared/imagenet512/val/n02091134/ILSVRC2012_val_00004378.JPEG
/home/projects/bagon/shared/imagenet512/val/n04536866/ILSVRC2012_val_00007249.JPEG
/home/projects/bagon/shared/imagenet512/val/n02871525/ILSVRC2012_val_00005079.JPEG
/home/projects/bagon/shared/imagenet512/val/n02494079/ILSVRC2012_val_00009947.JPEG
/home/projects/bagon/shared/imagenet512/val/n03160309/ILSVRC2012_val_00025103.JPEG
/home/projects/bagon/shared/imagenet512/val/n01945685/ILSVRC2012_val_00035202.JPEG
/home/projects/bagon/shared/imagenet512/val/n04613696/ILSVRC2012_val_00009584.JPEG
/home/projects/bagon/shared/imagenet512/val/n01847000/ILSVRC2012_val_00019313.JPEG
/home/projects/bagon/shared/imagenet512/val/n02437312/ILSVRC2012_val_00021903.JPEG
/home/projects/bagon/shared/imagenet512/val/n03255030/ILSVRC2012_val_00028417.JPEG
/home/projects/bagon/shared/imagenet512/val/n02093647/ILSVRC2012_val_00040786.JPEG
/home/projects/bagon/shared/imagenet512/val/n07753592/ILSVRC2012_val_00014063.JPEG
/home/projects/bagon/shared/imagenet512/val/n03814639/ILSVRC2012_val_00001029.JPEG
/home/projects/bagon/shared/imagenet512/val/n02825657/ILSVRC2012_val_00004291.JPEG
/home/projects/bagon/shared/imagenet512/val/n03535780/ILSVRC2012_val_00009482.JPEG
/home/projects/bagon/shared/imagenet512/val/n07717410/ILSVRC2012_val_00027320.JPEG
/home/projects/bagon/shared/imagenet512/val/n02415577/ILSVRC2012_val_00024759.JPEG
/home/projects/bagon/shared/imagenet512/val/n07584110/ILSVRC2012_val_00016359.JPEG
/home/projects/bagon/shared/imagenet512/val/n02699494/ILSVRC2012_val_00018297.JPEG
/home/projects/bagon/shared/imagenet512/val/n02091635/ILSVRC2012_val_00037989.JPEG
/home/projects/bagon/shared/imagenet512/val/n02089973/ILSVRC2012_val_00007850.JPEG
/home/projects/bagon/shared/imagenet512/val/n02099849/ILSVRC2012_val_00000668.JPEG
/home/projects/bagon/shared/imagenet512/val/n03584829/ILSVRC2012_val_00018010.JPEG
/home/projects/bagon/shared/imagenet512/val/n02088632/ILSVRC2012_val_00022179.JPEG
/home/projects/bagon/shared/imagenet512/val/n02099601/ILSVRC2012_val_00023159.JPEG
/home/projects/bagon/shared/imagenet512/val/n02074367/ILSVRC2012_val_00037898.JPEG
/home/projects/bagon/shared/imagenet512/val/n03584829/ILSVRC2012_val_00026533.JPEG
/home/projects/bagon/shared/imagenet512/val/n02120505/ILSVRC2012_val_00030934.JPEG
/home/projects/bagon/shared/imagenet512/val/n04125021/ILSVRC2012_val_00006008.JPEG
/home/projects/bagon/shared/imagenet512/val/n02093428/ILSVRC2012_val_00026978.JPEG
/home/projects/bagon/shared/imagenet512/val/n03000684/ILSVRC2012_val_00045940.JPEG
/home/projects/bagon/shared/imagenet512/val/n03000134/ILSVRC2012_val_00007827.JPEG
/home/projects/bagon/shared/imagenet512/val/n03916031/ILSVRC2012_val_00047385.JPEG
/home/projects/bagon/shared/imagenet512/val/n02095889/ILSVRC2012_val_00015325.JPEG
/home/projects/bagon/shared/imagenet512/val/n02096437/ILSVRC2012_val_00002411.JPEG
/home/projects/bagon/shared/imagenet512/val/n02105641/ILSVRC2012_val_00030524.JPEG
/home/projects/bagon/shared/imagenet512/val/n02236044/ILSVRC2012_val_00023258.JPEG
/home/projects/bagon/shared/imagenet512/val/n02115913/ILSVRC2012_val_00009314.JPEG
/home/projects/bagon/shared/imagenet512/val/n04483307/ILSVRC2012_val_00013203.JPEG
/home/projects/bagon/shared/imagenet512/val/n02106662/ILSVRC2012_val_00031857.JPEG
/home/projects/bagon/shared/imagenet512/val/n03770439/ILSVRC2012_val_00012776.JPEG
/home/projects/bagon/shared/imagenet512/val/n02236044/ILSVRC2012_val_00025089.JPEG
/home/projects/bagon/shared/imagenet512/val/n02782093/ILSVRC2012_val_00026032.JPEG
/home/projects/bagon/shared/imagenet512/val/n03838899/ILSVRC2012_val_00004486.JPEG
/home/projects/bagon/shared/imagenet512/val/n02088466/ILSVRC2012_val_00023811.JPEG
/home/projects/bagon/shared/imagenet512/val/n03769881/ILSVRC2012_val_00036750.JPEG
/home/projects/bagon/shared/imagenet512/val/n03424325/ILSVRC2012_val_00009685.JPEG
/home/projects/bagon/shared/imagenet512/val/n03197337/ILSVRC2012_val_00046789.JPEG
/home/projects/bagon/shared/imagenet512/val/n02408429/ILSVRC2012_val_00003349.JPEG
/home/projects/bagon/shared/imagenet512/val/n02106382/ILSVRC2012_val_00001074.JPEG
/home/projects/bagon/shared/imagenet512/val/n03100240/ILSVRC2012_val_00046196.JPEG
/home/projects/bagon/shared/imagenet512/val/n02487347/ILSVRC2012_val_00032193.JPEG
/home/projects/bagon/shared/imagenet512/val/n01632458/ILSVRC2012_val_00018008.JPEG
/home/projects/bagon/shared/imagenet512/val/n02484975/ILSVRC2012_val_00011396.JPEG
/home/projects/bagon/shared/imagenet512/val/n07717556/ILSVRC2012_val_00012047.JPEG
/home/projects/bagon/shared/imagenet512/val/n04591713/ILSVRC2012_val_00016360.JPEG
/home/projects/bagon/shared/imagenet512/val/n04417672/ILSVRC2012_val_00048192.JPEG
/home/projects/bagon/shared/imagenet512/val/n02129165/ILSVRC2012_val_00007646.JPEG
/home/projects/bagon/shared/imagenet512/val/n02090622/ILSVRC2012_val_00009057.JPEG
/home/projects/bagon/shared/imagenet512/val/n02777292/ILSVRC2012_val_00024313.JPEG
/home/projects/bagon/shared/imagenet512/val/n01632458/ILSVRC2012_val_00003157.JPEG
/home/projects/bagon/shared/imagenet512/val/n02099712/ILSVRC2012_val_00011507.JPEG
/home/projects/bagon/shared/imagenet512/val/n01753488/ILSVRC2012_val_00043310.JPEG
/home/projects/bagon/shared/imagenet512/val/n03026506/ILSVRC2012_val_00001908.JPEG
/home/projects/bagon/shared/imagenet512/val/n03982430/ILSVRC2012_val_00030833.JPEG
/home/projects/bagon/shared/imagenet512/val/n01980166/ILSVRC2012_val_00023550.JPEG
/home/projects/bagon/shared/imagenet512/val/n02910353/ILSVRC2012_val_00001077.JPEG
/home/projects/bagon/shared/imagenet512/val/n02917067/ILSVRC2012_val_00010671.JPEG
/home/projects/bagon/shared/imagenet512/val/n01833805/ILSVRC2012_val_00038563.JPEG
/home/projects/bagon/shared/imagenet512/val/n07718747/ILSVRC2012_val_00012744.JPEG
/home/projects/bagon/shared/imagenet512/val/n02879718/ILSVRC2012_val_00043151.JPEG
/home/projects/bagon/shared/imagenet512/val/n03929660/ILSVRC2012_val_00010529.JPEG
/home/projects/bagon/shared/imagenet512/val/n03127925/ILSVRC2012_val_00019472.JPEG
/home/projects/bagon/shared/imagenet512/val/n03770439/ILSVRC2012_val_00012362.JPEG
/home/projects/bagon/shared/imagenet512/val/n02107574/ILSVRC2012_val_00021196.JPEG
/home/projects/bagon/shared/imagenet512/val/n02396427/ILSVRC2012_val_00019873.JPEG
/home/projects/bagon/shared/imagenet512/val/n02814533/ILSVRC2012_val_00007786.JPEG
/home/projects/bagon/shared/imagenet512/val/n02102177/ILSVRC2012_val_00016315.JPEG
/home/projects/bagon/shared/imagenet512/val/n04509417/ILSVRC2012_val_00017279.JPEG
/home/projects/bagon/shared/imagenet512/val/n02950826/ILSVRC2012_val_00040163.JPEG
/home/projects/bagon/shared/imagenet512/val/n04069434/ILSVRC2012_val_00014371.JPEG
/home/projects/bagon/shared/imagenet512/val/n02132136/ILSVRC2012_val_00018469.JPEG
/home/projects/bagon/shared/imagenet512/val/n03983396/ILSVRC2012_val_00023580.JPEG
/home/projects/bagon/shared/imagenet512/val/n02109047/ILSVRC2012_val_00028932.JPEG
/home/projects/bagon/shared/imagenet512/val/n01496331/ILSVRC2012_val_00000921.JPEG
/home/projects/bagon/shared/imagenet512/val/n01677366/ILSVRC2012_val_00048467.JPEG
/home/projects/bagon/shared/imagenet512/val/n03710193/ILSVRC2012_val_00035424.JPEG
/home/projects/bagon/shared/imagenet512/val/n04154565/ILSVRC2012_val_00025110.JPEG
/home/projects/bagon/shared/imagenet512/val/n02869837/ILSVRC2012_val_00015589.JPEG
/home/projects/bagon/shared/imagenet512/val/n07614500/ILSVRC2012_val_00028064.JPEG
/home/projects/bagon/shared/imagenet512/val/n03899768/ILSVRC2012_val_00012065.JPEG
/home/projects/bagon/shared/imagenet512/val/n01632458/ILSVRC2012_val_00000088.JPEG
/home/projects/bagon/shared/imagenet512/val/n01829413/ILSVRC2012_val_00038476.JPEG
/home/projects/bagon/shared/imagenet512/val/n04517823/ILSVRC2012_val_00021621.JPEG
/home/projects/bagon/shared/imagenet512/val/n03942813/ILSVRC2012_val_00047088.JPEG
/home/projects/bagon/shared/imagenet512/val/n07615774/ILSVRC2012_val_00030790.JPEG
/home/projects/bagon/shared/imagenet512/val/n01877812/ILSVRC2012_val_00039145.JPEG
/home/projects/bagon/shared/imagenet512/val/n03891332/ILSVRC2012_val_00002431.JPEG
/home/projects/bagon/shared/imagenet512/val/n03958227/ILSVRC2012_val_00016551.JPEG
/home/projects/bagon/shared/imagenet512/val/n02093647/ILSVRC2012_val_00033215.JPEG
/home/projects/bagon/shared/imagenet512/val/n04357314/ILSVRC2012_val_00022465.JPEG
/home/projects/bagon/shared/imagenet512/val/n02107683/ILSVRC2012_val_00007086.JPEG
/home/projects/bagon/shared/imagenet512/val/n06785654/ILSVRC2012_val_00023409.JPEG
/home/projects/bagon/shared/imagenet512/val/n02815834/ILSVRC2012_val_00034097.JPEG
/home/projects/bagon/shared/imagenet512/val/n04552348/ILSVRC2012_val_00024705.JPEG
/home/projects/bagon/shared/imagenet512/val/n03777754/ILSVRC2012_val_00028466.JPEG
/home/projects/bagon/shared/imagenet512/val/n07614500/ILSVRC2012_val_00017575.JPEG
/home/projects/bagon/shared/imagenet512/val/n02097209/ILSVRC2012_val_00037194.JPEG
/home/projects/bagon/shared/imagenet512/val/n03425413/ILSVRC2012_val_00020951.JPEG
/home/projects/bagon/shared/imagenet512/val/n04591157/ILSVRC2012_val_00008047.JPEG
/home/projects/bagon/shared/imagenet512/val/n02089867/ILSVRC2012_val_00002656.JPEG
/home/projects/bagon/shared/imagenet512/val/n04204347/ILSVRC2012_val_00039778.JPEG
/home/projects/bagon/shared/imagenet512/val/n03376595/ILSVRC2012_val_00001616.JPEG
/home/projects/bagon/shared/imagenet512/val/n03773504/ILSVRC2012_val_00031707.JPEG
/home/projects/bagon/shared/imagenet512/val/n02879718/ILSVRC2012_val_00045257.JPEG
/home/projects/bagon/shared/imagenet512/val/n01735189/ILSVRC2012_val_00003286.JPEG
/home/projects/bagon/shared/imagenet512/val/n04208210/ILSVRC2012_val_00036636.JPEG
/home/projects/bagon/shared/imagenet512/val/n04099969/ILSVRC2012_val_00026013.JPEG
/home/projects/bagon/shared/imagenet512/val/n01950731/ILSVRC2012_val_00022527.JPEG
/home/projects/bagon/shared/imagenet512/val/n01955084/ILSVRC2012_val_00041097.JPEG
/home/projects/bagon/shared/imagenet512/val/n01667778/ILSVRC2012_val_00032405.JPEG
/home/projects/bagon/shared/imagenet512/val/n04146614/ILSVRC2012_val_00035866.JPEG
/home/projects/bagon/shared/imagenet512/val/n02107142/ILSVRC2012_val_00016451.JPEG
/home/projects/bagon/shared/imagenet512/val/n01943899/ILSVRC2012_val_00018076.JPEG
/home/projects/bagon/shared/imagenet512/val/n02087394/ILSVRC2012_val_00010038.JPEG
/home/projects/bagon/shared/imagenet512/val/n02423022/ILSVRC2012_val_00023708.JPEG
/home/projects/bagon/shared/imagenet512/val/n01729322/ILSVRC2012_val_00045188.JPEG
/home/projects/bagon/shared/imagenet512/val/n03594945/ILSVRC2012_val_00013993.JPEG
/home/projects/bagon/shared/imagenet512/val/n02526121/ILSVRC2012_val_00037558.JPEG
/home/projects/bagon/shared/imagenet512/val/n02091831/ILSVRC2012_val_00009624.JPEG
/home/projects/bagon/shared/imagenet512/val/n03125729/ILSVRC2012_val_00015206.JPEG
/home/projects/bagon/shared/imagenet512/val/n03709823/ILSVRC2012_val_00048331.JPEG
/home/projects/bagon/shared/imagenet512/val/n03196217/ILSVRC2012_val_00028203.JPEG
/home/projects/bagon/shared/imagenet512/val/n02105056/ILSVRC2012_val_00031489.JPEG
/home/projects/bagon/shared/imagenet512/val/n02099267/ILSVRC2012_val_00027677.JPEG
/home/projects/bagon/shared/imagenet512/val/n04118538/ILSVRC2012_val_00027516.JPEG
/home/projects/bagon/shared/imagenet512/val/n07745940/ILSVRC2012_val_00021854.JPEG
/home/projects/bagon/shared/imagenet512/val/n03417042/ILSVRC2012_val_00025416.JPEG
/home/projects/bagon/shared/imagenet512/val/n02229544/ILSVRC2012_val_00037356.JPEG
/home/projects/bagon/shared/imagenet512/val/n03530642/ILSVRC2012_val_00028432.JPEG
/home/projects/bagon/shared/imagenet512/val/n04099969/ILSVRC2012_val_00041916.JPEG
/home/projects/bagon/shared/imagenet512/val/n06874185/ILSVRC2012_val_00035748.JPEG
/home/projects/bagon/shared/imagenet512/val/n03995372/ILSVRC2012_val_00026789.JPEG
/home/projects/bagon/shared/imagenet512/val/n04376876/ILSVRC2012_val_00023982.JPEG
/home/projects/bagon/shared/imagenet512/val/n13040303/ILSVRC2012_val_00014746.JPEG
/home/projects/bagon/shared/imagenet512/val/n02087394/ILSVRC2012_val_00043077.JPEG
/home/projects/bagon/shared/imagenet512/val/n02672831/ILSVRC2012_val_00006152.JPEG
/home/projects/bagon/shared/imagenet512/val/n03769881/ILSVRC2012_val_00001403.JPEG
/home/projects/bagon/shared/imagenet512/val/n03916031/ILSVRC2012_val_00040879.JPEG
/home/projects/bagon/shared/imagenet512/val/n02492035/ILSVRC2012_val_00002450.JPEG
/home/projects/bagon/shared/imagenet512/val/n04192698/ILSVRC2012_val_00006435.JPEG
/home/projects/bagon/shared/imagenet512/val/n04409515/ILSVRC2012_val_00033602.JPEG
/home/projects/bagon/shared/imagenet512/val/n04357314/ILSVRC2012_val_00025046.JPEG
/home/projects/bagon/shared/imagenet512/val/n02056570/ILSVRC2012_val_00045742.JPEG
/home/projects/bagon/shared/imagenet512/val/n02865351/ILSVRC2012_val_00008058.JPEG
/home/projects/bagon/shared/imagenet512/val/n03445777/ILSVRC2012_val_00043745.JPEG
/home/projects/bagon/shared/imagenet512/val/n04041544/ILSVRC2012_val_00029014.JPEG
/home/projects/bagon/shared/imagenet512/val/n03920288/ILSVRC2012_val_00032717.JPEG
/home/projects/bagon/shared/imagenet512/val/n02114712/ILSVRC2012_val_00042834.JPEG
/home/projects/bagon/shared/imagenet512/val/n02100583/ILSVRC2012_val_00013094.JPEG
/home/projects/bagon/shared/imagenet512/val/n09246464/ILSVRC2012_val_00002337.JPEG
/home/projects/bagon/shared/imagenet512/val/n01693334/ILSVRC2012_val_00033615.JPEG
/home/projects/bagon/shared/imagenet512/val/n01697457/ILSVRC2012_val_00027760.JPEG
/home/projects/bagon/shared/imagenet512/val/n03843555/ILSVRC2012_val_00019929.JPEG
/home/projects/bagon/shared/imagenet512/val/n04040759/ILSVRC2012_val_00046737.JPEG
/home/projects/bagon/shared/imagenet512/val/n02786058/ILSVRC2012_val_00045756.JPEG
/home/projects/bagon/shared/imagenet512/val/n02107574/ILSVRC2012_val_00004666.JPEG
/home/projects/bagon/shared/imagenet512/val/n03891332/ILSVRC2012_val_00029294.JPEG
/home/projects/bagon/shared/imagenet512/val/n04347754/ILSVRC2012_val_00014049.JPEG
/home/projects/bagon/shared/imagenet512/val/n03742115/ILSVRC2012_val_00024554.JPEG
/home/projects/bagon/shared/imagenet512/val/n04404412/ILSVRC2012_val_00027893.JPEG
/home/projects/bagon/shared/imagenet512/val/n02089973/ILSVRC2012_val_00001696.JPEG
/home/projects/bagon/shared/imagenet512/val/n01491361/ILSVRC2012_val_00034413.JPEG
/home/projects/bagon/shared/imagenet512/val/n02087046/ILSVRC2012_val_00014912.JPEG
/home/projects/bagon/shared/imagenet512/val/n03916031/ILSVRC2012_val_00021710.JPEG
/home/projects/bagon/shared/imagenet512/val/n04367480/ILSVRC2012_val_00015088.JPEG
/home/projects/bagon/shared/imagenet512/val/n02096051/ILSVRC2012_val_00041551.JPEG
/home/projects/bagon/shared/imagenet512/val/n03649909/ILSVRC2012_val_00023077.JPEG
/home/projects/bagon/shared/imagenet512/val/n04417672/ILSVRC2012_val_00023548.JPEG
/home/projects/bagon/shared/imagenet512/val/n07873807/ILSVRC2012_val_00008506.JPEG
/home/projects/bagon/shared/imagenet512/val/n09246464/ILSVRC2012_val_00015613.JPEG
/home/projects/bagon/shared/imagenet512/val/n03843555/ILSVRC2012_val_00000148.JPEG
/home/projects/bagon/shared/imagenet512/val/n02097130/ILSVRC2012_val_00012299.JPEG
/home/projects/bagon/shared/imagenet512/val/n02111277/ILSVRC2012_val_00002854.JPEG
/home/projects/bagon/shared/imagenet512/val/n03792782/ILSVRC2012_val_00004147.JPEG
/home/projects/bagon/shared/imagenet512/val/n04311174/ILSVRC2012_val_00010129.JPEG
/home/projects/bagon/shared/imagenet512/val/n03481172/ILSVRC2012_val_00032002.JPEG
/home/projects/bagon/shared/imagenet512/val/n04462240/ILSVRC2012_val_00026920.JPEG
/home/projects/bagon/shared/imagenet512/val/n03958227/ILSVRC2012_val_00047831.JPEG
/home/projects/bagon/shared/imagenet512/val/n04376876/ILSVRC2012_val_00028088.JPEG
/home/projects/bagon/shared/imagenet512/val/n03188531/ILSVRC2012_val_00039191.JPEG
/home/projects/bagon/shared/imagenet512/val/n02951585/ILSVRC2012_val_00026332.JPEG
/home/projects/bagon/shared/imagenet512/val/n02109047/ILSVRC2012_val_00013414.JPEG
/home/projects/bagon/shared/imagenet512/val/n01795545/ILSVRC2012_val_00043130.JPEG
/home/projects/bagon/shared/imagenet512/val/n02097658/ILSVRC2012_val_00021362.JPEG
/home/projects/bagon/shared/imagenet512/val/n03599486/ILSVRC2012_val_00044410.JPEG
/home/projects/bagon/shared/imagenet512/val/n02777292/ILSVRC2012_val_00036717.JPEG
/home/projects/bagon/shared/imagenet512/val/n04542943/ILSVRC2012_val_00035765.JPEG
/home/projects/bagon/shared/imagenet512/val/n12267677/ILSVRC2012_val_00042458.JPEG
/home/projects/bagon/shared/imagenet512/val/n07565083/ILSVRC2012_val_00012233.JPEG
/home/projects/bagon/shared/imagenet512/val/n01440764/ILSVRC2012_val_00002138.JPEG
/home/projects/bagon/shared/imagenet512/val/n03014705/ILSVRC2012_val_00001168.JPEG
/home/projects/bagon/shared/imagenet512/val/n01924916/ILSVRC2012_val_00014168.JPEG
/home/projects/bagon/shared/imagenet512/val/n04070727/ILSVRC2012_val_00009745.JPEG
/home/projects/bagon/shared/imagenet512/val/n03976467/ILSVRC2012_val_00014850.JPEG
/home/projects/bagon/shared/imagenet512/val/n02797295/ILSVRC2012_val_00015341.JPEG
/home/projects/bagon/shared/imagenet512/val/n04357314/ILSVRC2012_val_00017550.JPEG
/home/projects/bagon/shared/imagenet512/val/n04258138/ILSVRC2012_val_00038224.JPEG
/home/projects/bagon/shared/imagenet512/val/n02437312/ILSVRC2012_val_00027334.JPEG
/home/projects/bagon/shared/imagenet512/val/n04326547/ILSVRC2012_val_00017665.JPEG
/home/projects/bagon/shared/imagenet512/val/n01807496/ILSVRC2012_val_00048722.JPEG
/home/projects/bagon/shared/imagenet512/val/n04118776/ILSVRC2012_val_00004023.JPEG
/home/projects/bagon/shared/imagenet512/val/n03196217/ILSVRC2012_val_00042911.JPEG
/home/projects/bagon/shared/imagenet512/val/n01914609/ILSVRC2012_val_00046325.JPEG
/home/projects/bagon/shared/imagenet512/val/n04039381/ILSVRC2012_val_00029274.JPEG
/home/projects/bagon/shared/imagenet512/val/n02074367/ILSVRC2012_val_00024932.JPEG
/home/projects/bagon/shared/imagenet512/val/n04090263/ILSVRC2012_val_00003780.JPEG
/home/projects/bagon/shared/imagenet512/val/n02268443/ILSVRC2012_val_00047870.JPEG
/home/projects/bagon/shared/imagenet512/val/n03930313/ILSVRC2012_val_00030935.JPEG
/home/projects/bagon/shared/imagenet512/val/n02233338/ILSVRC2012_val_00039843.JPEG
/home/projects/bagon/shared/imagenet512/val/n03344393/ILSVRC2012_val_00045522.JPEG
/home/projects/bagon/shared/imagenet512/val/n07753275/ILSVRC2012_val_00012119.JPEG
/home/projects/bagon/shared/imagenet512/val/n03017168/ILSVRC2012_val_00026501.JPEG
/home/projects/bagon/shared/imagenet512/val/n03992509/ILSVRC2012_val_00006989.JPEG
/home/projects/bagon/shared/imagenet512/val/n02786058/ILSVRC2012_val_00007865.JPEG
/home/projects/bagon/shared/imagenet512/val/n04317175/ILSVRC2012_val_00044951.JPEG
/home/projects/bagon/shared/imagenet512/val/n04542943/ILSVRC2012_val_00042908.JPEG
/home/projects/bagon/shared/imagenet512/val/n02442845/ILSVRC2012_val_00023994.JPEG
/home/projects/bagon/shared/imagenet512/val/n03697007/ILSVRC2012_val_00047930.JPEG
/home/projects/bagon/shared/imagenet512/val/n02951585/ILSVRC2012_val_00024763.JPEG
/home/projects/bagon/shared/imagenet512/val/n02481823/ILSVRC2012_val_00049985.JPEG
/home/projects/bagon/shared/imagenet512/val/n04070727/ILSVRC2012_val_00020389.JPEG
/home/projects/bagon/shared/imagenet512/val/n02116738/ILSVRC2012_val_00007075.JPEG
/home/projects/bagon/shared/imagenet512/val/n02910353/ILSVRC2012_val_00028437.JPEG
/home/projects/bagon/shared/imagenet512/val/n03680355/ILSVRC2012_val_00026177.JPEG
/home/projects/bagon/shared/imagenet512/val/n01677366/ILSVRC2012_val_00012156.JPEG
/home/projects/bagon/shared/imagenet512/val/n04442312/ILSVRC2012_val_00011659.JPEG
/home/projects/bagon/shared/imagenet512/val/n01748264/ILSVRC2012_val_00030306.JPEG
/home/projects/bagon/shared/imagenet512/val/n03792972/ILSVRC2012_val_00036701.JPEG
/home/projects/bagon/shared/imagenet512/val/n02102177/ILSVRC2012_val_00041026.JPEG
/home/projects/bagon/shared/imagenet512/val/n07873807/ILSVRC2012_val_00042820.JPEG
/home/projects/bagon/shared/imagenet512/val/n01770393/ILSVRC2012_val_00031684.JPEG
/home/projects/bagon/shared/imagenet512/val/n03935335/ILSVRC2012_val_00009999.JPEG
/home/projects/bagon/shared/imagenet512/val/n03630383/ILSVRC2012_val_00045271.JPEG
/home/projects/bagon/shared/imagenet512/val/n04067472/ILSVRC2012_val_00017567.JPEG
/home/projects/bagon/shared/imagenet512/val/n02099601/ILSVRC2012_val_00030385.JPEG
/home/projects/bagon/shared/imagenet512/val/n01950731/ILSVRC2012_val_00003733.JPEG
/home/projects/bagon/shared/imagenet512/val/n02930766/ILSVRC2012_val_00016645.JPEG
/home/projects/bagon/shared/imagenet512/val/n03481172/ILSVRC2012_val_00044928.JPEG
/home/projects/bagon/shared/imagenet512/val/n03840681/ILSVRC2012_val_00040518.JPEG
/home/projects/bagon/shared/imagenet512/val/n04372370/ILSVRC2012_val_00025135.JPEG
/home/projects/bagon/shared/imagenet512/val/n07248320/ILSVRC2012_val_00023681.JPEG
/home/projects/bagon/shared/imagenet512/val/n02823428/ILSVRC2012_val_00016065.JPEG
/home/projects/bagon/shared/imagenet512/val/n03207941/ILSVRC2012_val_00012714.JPEG
/home/projects/bagon/shared/imagenet512/val/n02814860/ILSVRC2012_val_00042546.JPEG
/home/projects/bagon/shared/imagenet512/val/n04536866/ILSVRC2012_val_00021977.JPEG
/home/projects/bagon/shared/imagenet512/val/n02423022/ILSVRC2012_val_00030609.JPEG
/home/projects/bagon/shared/imagenet512/val/n02088238/ILSVRC2012_val_00024258.JPEG
/home/projects/bagon/shared/imagenet512/val/n04507155/ILSVRC2012_val_00038778.JPEG
/home/projects/bagon/shared/imagenet512/val/n03884397/ILSVRC2012_val_00041523.JPEG
/home/projects/bagon/shared/imagenet512/val/n03498962/ILSVRC2012_val_00023600.JPEG
/home/projects/bagon/shared/imagenet512/val/n03680355/ILSVRC2012_val_00049231.JPEG
/home/projects/bagon/shared/imagenet512/val/n01984695/ILSVRC2012_val_00037902.JPEG
/home/projects/bagon/shared/imagenet512/val/n04376876/ILSVRC2012_val_00036106.JPEG
/home/projects/bagon/shared/imagenet512/val/n04336792/ILSVRC2012_val_00012987.JPEG
/home/projects/bagon/shared/imagenet512/val/n02815834/ILSVRC2012_val_00004061.JPEG
/home/projects/bagon/shared/imagenet512/val/n04070727/ILSVRC2012_val_00047217.JPEG
/home/projects/bagon/shared/imagenet512/val/n04074963/ILSVRC2012_val_00040768.JPEG
/home/projects/bagon/shared/imagenet512/val/n03954731/ILSVRC2012_val_00041121.JPEG
/home/projects/bagon/shared/imagenet512/val/n01698640/ILSVRC2012_val_00023902.JPEG
/home/projects/bagon/shared/imagenet512/val/n03544143/ILSVRC2012_val_00022005.JPEG
/home/projects/bagon/shared/imagenet512/val/n01751748/ILSVRC2012_val_00019204.JPEG
/home/projects/bagon/shared/imagenet512/val/n02100735/ILSVRC2012_val_00006837.JPEG
/home/projects/bagon/shared/imagenet512/val/n02879718/ILSVRC2012_val_00022831.JPEG
/home/projects/bagon/shared/imagenet512/val/n07714571/ILSVRC2012_val_00028051.JPEG
/home/projects/bagon/shared/imagenet512/val/n02281787/ILSVRC2012_val_00036924.JPEG
/home/projects/bagon/shared/imagenet512/val/n02231487/ILSVRC2012_val_00047601.JPEG
/home/projects/bagon/shared/imagenet512/val/n03207941/ILSVRC2012_val_00009855.JPEG
/home/projects/bagon/shared/imagenet512/val/n07836838/ILSVRC2012_val_00005494.JPEG
/home/projects/bagon/shared/imagenet512/val/n01749939/ILSVRC2012_val_00046039.JPEG
/home/projects/bagon/shared/imagenet512/val/n02442845/ILSVRC2012_val_00025532.JPEG
/home/projects/bagon/shared/imagenet512/val/n03788365/ILSVRC2012_val_00022181.JPEG
/home/projects/bagon/shared/imagenet512/val/n03794056/ILSVRC2012_val_00018002.JPEG
/home/projects/bagon/shared/imagenet512/val/n03457902/ILSVRC2012_val_00016907.JPEG
/home/projects/bagon/shared/imagenet512/val/n03627232/ILSVRC2012_val_00015681.JPEG
/home/projects/bagon/shared/imagenet512/val/n02977058/ILSVRC2012_val_00010658.JPEG
/home/projects/bagon/shared/imagenet512/val/n02091467/ILSVRC2012_val_00044846.JPEG
/home/projects/bagon/shared/imagenet512/val/n02788148/ILSVRC2012_val_00037788.JPEG
/home/projects/bagon/shared/imagenet512/val/n02098105/ILSVRC2012_val_00001923.JPEG
/home/projects/bagon/shared/imagenet512/val/n02834397/ILSVRC2012_val_00019315.JPEG
/home/projects/bagon/shared/imagenet512/val/n09421951/ILSVRC2012_val_00004857.JPEG
/home/projects/bagon/shared/imagenet512/val/n02098105/ILSVRC2012_val_00036959.JPEG
/home/projects/bagon/shared/imagenet512/val/n03920288/ILSVRC2012_val_00039324.JPEG
/home/projects/bagon/shared/imagenet512/val/n02504458/ILSVRC2012_val_00029453.JPEG
/home/projects/bagon/shared/imagenet512/val/n04483307/ILSVRC2012_val_00040034.JPEG
/home/projects/bagon/shared/imagenet512/val/n03485407/ILSVRC2012_val_00028176.JPEG
/home/projects/bagon/shared/imagenet512/val/n03666591/ILSVRC2012_val_00042002.JPEG
/home/projects/bagon/shared/imagenet512/val/n03297495/ILSVRC2012_val_00029360.JPEG
/home/projects/bagon/shared/imagenet512/val/n04208210/ILSVRC2012_val_00047002.JPEG
/home/projects/bagon/shared/imagenet512/val/n04404412/ILSVRC2012_val_00034008.JPEG
/home/projects/bagon/shared/imagenet512/val/n07248320/ILSVRC2012_val_00038849.JPEG
/home/projects/bagon/shared/imagenet512/val/n04515003/ILSVRC2012_val_00046319.JPEG
/home/projects/bagon/shared/imagenet512/val/n04522168/ILSVRC2012_val_00034163.JPEG
/home/projects/bagon/shared/imagenet512/val/n02107312/ILSVRC2012_val_00004733.JPEG
/home/projects/bagon/shared/imagenet512/val/n04037443/ILSVRC2012_val_00044471.JPEG
/home/projects/bagon/shared/imagenet512/val/n02085620/ILSVRC2012_val_00036150.JPEG
/home/projects/bagon/shared/imagenet512/val/n02105056/ILSVRC2012_val_00012577.JPEG
/home/projects/bagon/shared/imagenet512/val/n04141975/ILSVRC2012_val_00032635.JPEG
/home/projects/bagon/shared/imagenet512/val/n01494475/ILSVRC2012_val_00036479.JPEG
/home/projects/bagon/shared/imagenet512/val/n04522168/ILSVRC2012_val_00018977.JPEG
/home/projects/bagon/shared/imagenet512/val/n01776313/ILSVRC2012_val_00031374.JPEG
/home/projects/bagon/shared/imagenet512/val/n02514041/ILSVRC2012_val_00045795.JPEG
/home/projects/bagon/shared/imagenet512/val/n04456115/ILSVRC2012_val_00002331.JPEG
/home/projects/bagon/shared/imagenet512/val/n03720891/ILSVRC2012_val_00045870.JPEG
/home/projects/bagon/shared/imagenet512/val/n01632777/ILSVRC2012_val_00031386.JPEG
/home/projects/bagon/shared/imagenet512/val/n02098286/ILSVRC2012_val_00040114.JPEG
/home/projects/bagon/shared/imagenet512/val/n03627232/ILSVRC2012_val_00023148.JPEG
/home/projects/bagon/shared/imagenet512/val/n02398521/ILSVRC2012_val_00035386.JPEG
/home/projects/bagon/shared/imagenet512/val/n02093859/ILSVRC2012_val_00012635.JPEG
/home/projects/bagon/shared/imagenet512/val/n02093991/ILSVRC2012_val_00045059.JPEG
/home/projects/bagon/shared/imagenet512/val/n04553703/ILSVRC2012_val_00010599.JPEG
/home/projects/bagon/shared/imagenet512/val/n04376876/ILSVRC2012_val_00019973.JPEG
/home/projects/bagon/shared/imagenet512/val/n01443537/ILSVRC2012_val_00013513.JPEG
/home/projects/bagon/shared/imagenet512/val/n04099969/ILSVRC2012_val_00007686.JPEG
/home/projects/bagon/shared/imagenet512/val/n03888605/ILSVRC2012_val_00019889.JPEG
/home/projects/bagon/shared/imagenet512/val/n02361337/ILSVRC2012_val_00023597.JPEG
/home/projects/bagon/shared/imagenet512/val/n01981276/ILSVRC2012_val_00010874.JPEG
/home/projects/bagon/shared/imagenet512/val/n07583066/ILSVRC2012_val_00035481.JPEG
/home/projects/bagon/shared/imagenet512/val/n02892201/ILSVRC2012_val_00016139.JPEG
/home/projects/bagon/shared/imagenet512/val/n03388183/ILSVRC2012_val_00002830.JPEG
/home/projects/bagon/shared/imagenet512/val/n02089867/ILSVRC2012_val_00037331.JPEG
/home/projects/bagon/shared/imagenet512/val/n01685808/ILSVRC2012_val_00026901.JPEG
/home/projects/bagon/shared/imagenet512/val/n02110806/ILSVRC2012_val_00035296.JPEG
/home/projects/bagon/shared/imagenet512/val/n04483307/ILSVRC2012_val_00017840.JPEG
/home/projects/bagon/shared/imagenet512/val/n02871525/ILSVRC2012_val_00021555.JPEG
/home/projects/bagon/shared/imagenet512/val/n02769748/ILSVRC2012_val_00043513.JPEG
/home/projects/bagon/shared/imagenet512/val/n02125311/ILSVRC2012_val_00003978.JPEG
/home/projects/bagon/shared/imagenet512/val/n02104029/ILSVRC2012_val_00043543.JPEG
/home/projects/bagon/shared/imagenet512/val/n04613696/ILSVRC2012_val_00001300.JPEG
/home/projects/bagon/shared/imagenet512/val/n02110185/ILSVRC2012_val_00031687.JPEG
/home/projects/bagon/shared/imagenet512/val/n02107574/ILSVRC2012_val_00026650.JPEG
/home/projects/bagon/shared/imagenet512/val/n03777754/ILSVRC2012_val_00008248.JPEG
/home/projects/bagon/shared/imagenet512/val/n01677366/ILSVRC2012_val_00033698.JPEG
/home/projects/bagon/shared/imagenet512/val/n03803284/ILSVRC2012_val_00006876.JPEG
/home/projects/bagon/shared/imagenet512/val/n03743016/ILSVRC2012_val_00043128.JPEG
/home/projects/bagon/shared/imagenet512/val/n04238763/ILSVRC2012_val_00024829.JPEG
/home/projects/bagon/shared/imagenet512/val/n03840681/ILSVRC2012_val_00031740.JPEG
/home/projects/bagon/shared/imagenet512/val/n03786901/ILSVRC2012_val_00021007.JPEG
/home/projects/bagon/shared/imagenet512/val/n13052670/ILSVRC2012_val_00019422.JPEG
/home/projects/bagon/shared/imagenet512/val/n02841315/ILSVRC2012_val_00022229.JPEG
/home/projects/bagon/shared/imagenet512/val/n03980874/ILSVRC2012_val_00030625.JPEG
/home/projects/bagon/shared/imagenet512/val/n04482393/ILSVRC2012_val_00005167.JPEG
/home/projects/bagon/shared/imagenet512/val/n01580077/ILSVRC2012_val_00040412.JPEG
/home/projects/bagon/shared/imagenet512/val/n02236044/ILSVRC2012_val_00043266.JPEG
/home/projects/bagon/shared/imagenet512/val/n02397096/ILSVRC2012_val_00046916.JPEG
/home/projects/bagon/shared/imagenet512/val/n04118776/ILSVRC2012_val_00014473.JPEG
/home/projects/bagon/shared/imagenet512/val/n03109150/ILSVRC2012_val_00027237.JPEG
/home/projects/bagon/shared/imagenet512/val/n03216828/ILSVRC2012_val_00008942.JPEG
/home/projects/bagon/shared/imagenet512/val/n02074367/ILSVRC2012_val_00043544.JPEG
/home/projects/bagon/shared/imagenet512/val/n03729826/ILSVRC2012_val_00011644.JPEG
/home/projects/bagon/shared/imagenet512/val/n02100236/ILSVRC2012_val_00047417.JPEG
/home/projects/bagon/shared/imagenet512/val/n03666591/ILSVRC2012_val_00046622.JPEG
/home/projects/bagon/shared/imagenet512/val/n04037443/ILSVRC2012_val_00010565.JPEG
/home/projects/bagon/shared/imagenet512/val/n02134084/ILSVRC2012_val_00028938.JPEG
/home/projects/bagon/shared/imagenet512/val/n02105162/ILSVRC2012_val_00016658.JPEG
/home/projects/bagon/shared/imagenet512/val/n02107683/ILSVRC2012_val_00022520.JPEG
/home/projects/bagon/shared/imagenet512/val/n04120489/ILSVRC2012_val_00044519.JPEG
/home/projects/bagon/shared/imagenet512/val/n04548362/ILSVRC2012_val_00008403.JPEG
/home/projects/bagon/shared/imagenet512/val/n07717410/ILSVRC2012_val_00038017.JPEG
/home/projects/bagon/shared/imagenet512/val/n03272562/ILSVRC2012_val_00037150.JPEG
/home/projects/bagon/shared/imagenet512/val/n03347037/ILSVRC2012_val_00024604.JPEG
/home/projects/bagon/shared/imagenet512/val/n03661043/ILSVRC2012_val_00012222.JPEG
/home/projects/bagon/shared/imagenet512/val/n03814639/ILSVRC2012_val_00019686.JPEG
/home/projects/bagon/shared/imagenet512/val/n04317175/ILSVRC2012_val_00023592.JPEG
/home/projects/bagon/shared/imagenet512/val/n02115913/ILSVRC2012_val_00008729.JPEG
/home/projects/bagon/shared/imagenet512/val/n03786901/ILSVRC2012_val_00040918.JPEG
/home/projects/bagon/shared/imagenet512/val/n03995372/ILSVRC2012_val_00001730.JPEG
/home/projects/bagon/shared/imagenet512/val/n04591157/ILSVRC2012_val_00043770.JPEG
/home/projects/bagon/shared/imagenet512/val/n02028035/ILSVRC2012_val_00010037.JPEG
/home/projects/bagon/shared/imagenet512/val/n01980166/ILSVRC2012_val_00028730.JPEG
/home/projects/bagon/shared/imagenet512/val/n02097209/ILSVRC2012_val_00006069.JPEG
/home/projects/bagon/shared/imagenet512/val/n02786058/ILSVRC2012_val_00034958.JPEG
/home/projects/bagon/shared/imagenet512/val/n03992509/ILSVRC2012_val_00005794.JPEG
/home/projects/bagon/shared/imagenet512/val/n07873807/ILSVRC2012_val_00005438.JPEG
/home/projects/bagon/shared/imagenet512/val/n02799071/ILSVRC2012_val_00027308.JPEG
/home/projects/bagon/shared/imagenet512/val/n02111889/ILSVRC2012_val_00039709.JPEG
/home/projects/bagon/shared/imagenet512/val/n04579432/ILSVRC2012_val_00019781.JPEG
/home/projects/bagon/shared/imagenet512/val/n03908618/ILSVRC2012_val_00020431.JPEG
/home/projects/bagon/shared/imagenet512/val/n02236044/ILSVRC2012_val_00011932.JPEG
/home/projects/bagon/shared/imagenet512/val/n09229709/ILSVRC2012_val_00018478.JPEG
/home/projects/bagon/shared/imagenet512/val/n02011460/ILSVRC2012_val_00042193.JPEG
/home/projects/bagon/shared/imagenet512/val/n04005630/ILSVRC2012_val_00015614.JPEG
/home/projects/bagon/shared/imagenet512/val/n02101388/ILSVRC2012_val_00015176.JPEG
/home/projects/bagon/shared/imagenet512/val/n03761084/ILSVRC2012_val_00031780.JPEG
/home/projects/bagon/shared/imagenet512/val/n04251144/ILSVRC2012_val_00030850.JPEG
/home/projects/bagon/shared/imagenet512/val/n03895866/ILSVRC2012_val_00041508.JPEG
/home/projects/bagon/shared/imagenet512/val/n02096294/ILSVRC2012_val_00004605.JPEG
/home/projects/bagon/shared/imagenet512/val/n04004767/ILSVRC2012_val_00017060.JPEG
/home/projects/bagon/shared/imagenet512/val/n02641379/ILSVRC2012_val_00049738.JPEG
/home/projects/bagon/shared/imagenet512/val/n10565667/ILSVRC2012_val_00025234.JPEG
/home/projects/bagon/shared/imagenet512/val/n04590129/ILSVRC2012_val_00004767.JPEG
/home/projects/bagon/shared/imagenet512/val/n01644900/ILSVRC2012_val_00016519.JPEG
/home/projects/bagon/shared/imagenet512/val/n03126707/ILSVRC2012_val_00000637.JPEG
/home/projects/bagon/shared/imagenet512/val/n04553703/ILSVRC2012_val_00007994.JPEG
/home/projects/bagon/shared/imagenet512/val/n04040759/ILSVRC2012_val_00016024.JPEG
/home/projects/bagon/shared/imagenet512/val/n02951585/ILSVRC2012_val_00044327.JPEG
/home/projects/bagon/shared/imagenet512/val/n03450230/ILSVRC2012_val_00000780.JPEG
/home/projects/bagon/shared/imagenet512/val/n04131690/ILSVRC2012_val_00038351.JPEG
/home/projects/bagon/shared/imagenet512/val/n03794056/ILSVRC2012_val_00049431.JPEG
/home/projects/bagon/shared/imagenet512/val/n07695742/ILSVRC2012_val_00025414.JPEG
/home/projects/bagon/shared/imagenet512/val/n01986214/ILSVRC2012_val_00025585.JPEG
/home/projects/bagon/shared/imagenet512/val/n04277352/ILSVRC2012_val_00034385.JPEG
/home/projects/bagon/shared/imagenet512/val/n02095889/ILSVRC2012_val_00045721.JPEG
/home/projects/bagon/shared/imagenet512/val/n03793489/ILSVRC2012_val_00026095.JPEG
/home/projects/bagon/shared/imagenet512/val/n03887697/ILSVRC2012_val_00020299.JPEG
/home/projects/bagon/shared/imagenet512/val/n02090721/ILSVRC2012_val_00044944.JPEG
/home/projects/bagon/shared/imagenet512/val/n01491361/ILSVRC2012_val_00024854.JPEG
/home/projects/bagon/shared/imagenet512/val/n04456115/ILSVRC2012_val_00003713.JPEG
/home/projects/bagon/shared/imagenet512/val/n04325704/ILSVRC2012_val_00042656.JPEG
/home/projects/bagon/shared/imagenet512/val/n02114367/ILSVRC2012_val_00033884.JPEG
/home/projects/bagon/shared/imagenet512/val/n04258138/ILSVRC2012_val_00036418.JPEG
/home/projects/bagon/shared/imagenet512/val/n09193705/ILSVRC2012_val_00023335.JPEG
/home/projects/bagon/shared/imagenet512/val/n04456115/ILSVRC2012_val_00025918.JPEG
/home/projects/bagon/shared/imagenet512/val/n03445924/ILSVRC2012_val_00046656.JPEG
/home/projects/bagon/shared/imagenet512/val/n01728572/ILSVRC2012_val_00010185.JPEG
/home/projects/bagon/shared/imagenet512/val/n02776631/ILSVRC2012_val_00008915.JPEG
/home/projects/bagon/shared/imagenet512/val/n03961711/ILSVRC2012_val_00040900.JPEG
/home/projects/bagon/shared/imagenet512/val/n03630383/ILSVRC2012_val_00021852.JPEG
/home/projects/bagon/shared/imagenet512/val/n02978881/ILSVRC2012_val_00000353.JPEG
/home/projects/bagon/shared/imagenet512/val/n03657121/ILSVRC2012_val_00009884.JPEG
/home/projects/bagon/shared/imagenet512/val/n02097474/ILSVRC2012_val_00034884.JPEG
/home/projects/bagon/shared/imagenet512/val/n03325584/ILSVRC2012_val_00007663.JPEG
/home/projects/bagon/shared/imagenet512/val/n02102973/ILSVRC2012_val_00020128.JPEG
/home/projects/bagon/shared/imagenet512/val/n02017213/ILSVRC2012_val_00034792.JPEG
/home/projects/bagon/shared/imagenet512/val/n01697457/ILSVRC2012_val_00037392.JPEG
/home/projects/bagon/shared/imagenet512/val/n03197337/ILSVRC2012_val_00035747.JPEG
/home/projects/bagon/shared/imagenet512/val/n04435653/ILSVRC2012_val_00003912.JPEG
/home/projects/bagon/shared/imagenet512/val/n04041544/ILSVRC2012_val_00033725.JPEG
/home/projects/bagon/shared/imagenet512/val/n03961711/ILSVRC2012_val_00022716.JPEG
/home/projects/bagon/shared/imagenet512/val/n01560419/ILSVRC2012_val_00020788.JPEG
/home/projects/bagon/shared/imagenet512/val/n02483362/ILSVRC2012_val_00042637.JPEG
/home/projects/bagon/shared/imagenet512/val/n04579432/ILSVRC2012_val_00010197.JPEG
/home/projects/bagon/shared/imagenet512/val/n02219486/ILSVRC2012_val_00023798.JPEG
/home/projects/bagon/shared/imagenet512/val/n02002556/ILSVRC2012_val_00006959.JPEG
/home/projects/bagon/shared/imagenet512/val/n10565667/ILSVRC2012_val_00020796.JPEG
/home/projects/bagon/shared/imagenet512/val/n04146614/ILSVRC2012_val_00030750.JPEG
/home/projects/bagon/shared/imagenet512/val/n02129165/ILSVRC2012_val_00023212.JPEG
/home/projects/bagon/shared/imagenet512/val/n02098413/ILSVRC2012_val_00033308.JPEG
/home/projects/bagon/shared/imagenet512/val/n04584207/ILSVRC2012_val_00012244.JPEG
/home/projects/bagon/shared/imagenet512/val/n03110669/ILSVRC2012_val_00017037.JPEG
/home/projects/bagon/shared/imagenet512/val/n07579787/ILSVRC2012_val_00016597.JPEG
/home/projects/bagon/shared/imagenet512/val/n02787622/ILSVRC2012_val_00046445.JPEG
/home/projects/bagon/shared/imagenet512/val/n03495258/ILSVRC2012_val_00010855.JPEG
/home/projects/bagon/shared/imagenet512/val/n04074963/ILSVRC2012_val_00002910.JPEG
/home/projects/bagon/shared/imagenet512/val/n07693725/ILSVRC2012_val_00043485.JPEG
/home/projects/bagon/shared/imagenet512/val/n04507155/ILSVRC2012_val_00013644.JPEG
/home/projects/bagon/shared/imagenet512/val/n02276258/ILSVRC2012_val_00015025.JPEG
/home/projects/bagon/shared/imagenet512/val/n03938244/ILSVRC2012_val_00025885.JPEG
/home/projects/bagon/shared/imagenet512/val/n02364673/ILSVRC2012_val_00043664.JPEG
/home/projects/bagon/shared/imagenet512/val/n04023962/ILSVRC2012_val_00046859.JPEG
/home/projects/bagon/shared/imagenet512/val/n03944341/ILSVRC2012_val_00038474.JPEG
/home/projects/bagon/shared/imagenet512/val/n02236044/ILSVRC2012_val_00001948.JPEG
/home/projects/bagon/shared/imagenet512/val/n04039381/ILSVRC2012_val_00014634.JPEG
/home/projects/bagon/shared/imagenet512/val/n04376876/ILSVRC2012_val_00004348.JPEG
/home/projects/bagon/shared/imagenet512/val/n02089078/ILSVRC2012_val_00008152.JPEG
/home/projects/bagon/shared/imagenet512/val/n01819313/ILSVRC2012_val_00032843.JPEG
/home/projects/bagon/shared/imagenet512/val/n03895866/ILSVRC2012_val_00018523.JPEG
/home/projects/bagon/shared/imagenet512/val/n01632777/ILSVRC2012_val_00002524.JPEG
/home/projects/bagon/shared/imagenet512/val/n04311004/ILSVRC2012_val_00033624.JPEG
/home/projects/bagon/shared/imagenet512/val/n03494278/ILSVRC2012_val_00048826.JPEG
/home/projects/bagon/shared/imagenet512/val/n03063689/ILSVRC2012_val_00019271.JPEG
/home/projects/bagon/shared/imagenet512/val/n02101556/ILSVRC2012_val_00015116.JPEG
/home/projects/bagon/shared/imagenet512/val/n04584207/ILSVRC2012_val_00005990.JPEG
/home/projects/bagon/shared/imagenet512/val/n02233338/ILSVRC2012_val_00004177.JPEG
/home/projects/bagon/shared/imagenet512/val/n01829413/ILSVRC2012_val_00007139.JPEG
/home/projects/bagon/shared/imagenet512/val/n02687172/ILSVRC2012_val_00031383.JPEG
/home/projects/bagon/shared/imagenet512/val/n02106662/ILSVRC2012_val_00013963.JPEG
/home/projects/bagon/shared/imagenet512/val/n04461696/ILSVRC2012_val_00026517.JPEG
/home/projects/bagon/shared/imagenet512/val/n02417914/ILSVRC2012_val_00012409.JPEG
/home/projects/bagon/shared/imagenet512/val/n10565667/ILSVRC2012_val_00039388.JPEG
/home/projects/bagon/shared/imagenet512/val/n03854065/ILSVRC2012_val_00048283.JPEG
/home/projects/bagon/shared/imagenet512/val/n03255030/ILSVRC2012_val_00041086.JPEG
/home/projects/bagon/shared/imagenet512/val/n03467068/ILSVRC2012_val_00042875.JPEG
/home/projects/bagon/shared/imagenet512/val/n01855032/ILSVRC2012_val_00027070.JPEG
/home/projects/bagon/shared/imagenet512/val/n04033995/ILSVRC2012_val_00048320.JPEG
/home/projects/bagon/shared/imagenet512/val/n03127925/ILSVRC2012_val_00004481.JPEG
/home/projects/bagon/shared/imagenet512/val/n02101556/ILSVRC2012_val_00030705.JPEG
/home/projects/bagon/shared/imagenet512/val/n04125021/ILSVRC2012_val_00049387.JPEG
/home/projects/bagon/shared/imagenet512/val/n02110806/ILSVRC2012_val_00028725.JPEG
/home/projects/bagon/shared/imagenet512/val/n03127925/ILSVRC2012_val_00007784.JPEG
/home/projects/bagon/shared/imagenet512/val/n02100236/ILSVRC2012_val_00048834.JPEG
/home/projects/bagon/shared/imagenet512/val/n02102480/ILSVRC2012_val_00008713.JPEG
/home/projects/bagon/shared/imagenet512/val/n03188531/ILSVRC2012_val_00014675.JPEG
/home/projects/bagon/shared/imagenet512/val/n02097130/ILSVRC2012_val_00002573.JPEG
/home/projects/bagon/shared/imagenet512/val/n03461385/ILSVRC2012_val_00009965.JPEG
/home/projects/bagon/shared/imagenet512/val/n03255030/ILSVRC2012_val_00034805.JPEG
/home/projects/bagon/shared/imagenet512/val/n01498041/ILSVRC2012_val_00003518.JPEG
/home/projects/bagon/shared/imagenet512/val/n03720891/ILSVRC2012_val_00023761.JPEG
/home/projects/bagon/shared/imagenet512/val/n01608432/ILSVRC2012_val_00026444.JPEG
/home/projects/bagon/shared/imagenet512/val/n03014705/ILSVRC2012_val_00029640.JPEG
/home/projects/bagon/shared/imagenet512/val/n02110341/ILSVRC2012_val_00047631.JPEG
/home/projects/bagon/shared/imagenet512/val/n03788195/ILSVRC2012_val_00000680.JPEG
/home/projects/bagon/shared/imagenet512/val/n02100877/ILSVRC2012_val_00038122.JPEG
/home/projects/bagon/shared/imagenet512/val/n02088094/ILSVRC2012_val_00015249.JPEG
/home/projects/bagon/shared/imagenet512/val/n03197337/ILSVRC2012_val_00019997.JPEG
/home/projects/bagon/shared/imagenet512/val/n03249569/ILSVRC2012_val_00013953.JPEG
/home/projects/bagon/shared/imagenet512/val/n03109150/ILSVRC2012_val_00020908.JPEG
/home/projects/bagon/shared/imagenet512/val/n03958227/ILSVRC2012_val_00031510.JPEG
/home/projects/bagon/shared/imagenet512/val/n02480495/ILSVRC2012_val_00002911.JPEG
/home/projects/bagon/shared/imagenet512/val/n04243546/ILSVRC2012_val_00048665.JPEG
/home/projects/bagon/shared/imagenet512/val/n03404251/ILSVRC2012_val_00029075.JPEG
/home/projects/bagon/shared/imagenet512/val/n03661043/ILSVRC2012_val_00047573.JPEG
/home/projects/bagon/shared/imagenet512/val/n02442845/ILSVRC2012_val_00028458.JPEG
/home/projects/bagon/shared/imagenet512/val/n01910747/ILSVRC2012_val_00049020.JPEG
/home/projects/bagon/shared/imagenet512/val/n01494475/ILSVRC2012_val_00045925.JPEG
/home/projects/bagon/shared/imagenet512/val/n03769881/ILSVRC2012_val_00010881.JPEG
/home/projects/bagon/shared/imagenet512/val/n02112137/ILSVRC2012_val_00006416.JPEG
/home/projects/bagon/shared/imagenet512/val/n02125311/ILSVRC2012_val_00035821.JPEG
/home/projects/bagon/shared/imagenet512/val/n03838899/ILSVRC2012_val_00017944.JPEG
/home/projects/bagon/shared/imagenet512/val/n03376595/ILSVRC2012_val_00036175.JPEG
/home/projects/bagon/shared/imagenet512/val/n07875152/ILSVRC2012_val_00034100.JPEG
/home/projects/bagon/shared/imagenet512/val/n07718747/ILSVRC2012_val_00004836.JPEG
/home/projects/bagon/shared/imagenet512/val/n03347037/ILSVRC2012_val_00010263.JPEG
/home/projects/bagon/shared/imagenet512/val/n02130308/ILSVRC2012_val_00031348.JPEG
/home/projects/bagon/shared/imagenet512/val/n07248320/ILSVRC2012_val_00034391.JPEG
/home/projects/bagon/shared/imagenet512/val/n04235860/ILSVRC2012_val_00012254.JPEG
/home/projects/bagon/shared/imagenet512/val/n02978881/ILSVRC2012_val_00045497.JPEG
/home/projects/bagon/shared/imagenet512/val/n01688243/ILSVRC2012_val_00039831.JPEG
/home/projects/bagon/shared/imagenet512/val/n04286575/ILSVRC2012_val_00018294.JPEG
/home/projects/bagon/shared/imagenet512/val/n04254120/ILSVRC2012_val_00009704.JPEG
/home/projects/bagon/shared/imagenet512/val/n03062245/ILSVRC2012_val_00041455.JPEG
/home/projects/bagon/shared/imagenet512/val/n02747177/ILSVRC2012_val_00024193.JPEG
/home/projects/bagon/shared/imagenet512/val/n03291819/ILSVRC2012_val_00037625.JPEG
/home/projects/bagon/shared/imagenet512/val/n02128385/ILSVRC2012_val_00046032.JPEG
/home/projects/bagon/shared/imagenet512/val/n02412080/ILSVRC2012_val_00044042.JPEG
/home/projects/bagon/shared/imagenet512/val/n01677366/ILSVRC2012_val_00023555.JPEG
/home/projects/bagon/shared/imagenet512/val/n04344873/ILSVRC2012_val_00043530.JPEG
/home/projects/bagon/shared/imagenet512/val/n04584207/ILSVRC2012_val_00026020.JPEG
/home/projects/bagon/shared/imagenet512/val/n01644373/ILSVRC2012_val_00034542.JPEG
/home/projects/bagon/shared/imagenet512/val/n02802426/ILSVRC2012_val_00031833.JPEG
/home/projects/bagon/shared/imagenet512/val/n01819313/ILSVRC2012_val_00049682.JPEG
/home/projects/bagon/shared/imagenet512/val/n02643566/ILSVRC2012_val_00031935.JPEG
/home/projects/bagon/shared/imagenet512/val/n02606052/ILSVRC2012_val_00041511.JPEG
/home/projects/bagon/shared/imagenet512/val/n07579787/ILSVRC2012_val_00013115.JPEG
/home/projects/bagon/shared/imagenet512/val/n03710193/ILSVRC2012_val_00044062.JPEG
/home/projects/bagon/shared/imagenet512/val/n02607072/ILSVRC2012_val_00004672.JPEG
/home/projects/bagon/shared/imagenet512/val/n02086646/ILSVRC2012_val_00046701.JPEG
/home/projects/bagon/shared/imagenet512/val/n03272010/ILSVRC2012_val_00035404.JPEG
/home/projects/bagon/shared/imagenet512/val/n02106166/ILSVRC2012_val_00003734.JPEG
/home/projects/bagon/shared/imagenet512/val/n02097209/ILSVRC2012_val_00006178.JPEG
/home/projects/bagon/shared/imagenet512/val/n04069434/ILSVRC2012_val_00003744.JPEG
/home/projects/bagon/shared/imagenet512/val/n07714571/ILSVRC2012_val_00014348.JPEG
/home/projects/bagon/shared/imagenet512/val/n01824575/ILSVRC2012_val_00027478.JPEG
/home/projects/bagon/shared/imagenet512/val/n06785654/ILSVRC2012_val_00014638.JPEG
/home/projects/bagon/shared/imagenet512/val/n03250847/ILSVRC2012_val_00018610.JPEG
/home/projects/bagon/shared/imagenet512/val/n01534433/ILSVRC2012_val_00023850.JPEG
/home/projects/bagon/shared/imagenet512/val/n03530642/ILSVRC2012_val_00031851.JPEG
/home/projects/bagon/shared/imagenet512/val/n02110063/ILSVRC2012_val_00046768.JPEG
/home/projects/bagon/shared/imagenet512/val/n04067472/ILSVRC2012_val_00016525.JPEG
/home/projects/bagon/shared/imagenet512/val/n03970156/ILSVRC2012_val_00015058.JPEG
/home/projects/bagon/shared/imagenet512/val/n01984695/ILSVRC2012_val_00040612.JPEG
/home/projects/bagon/shared/imagenet512/val/n04487394/ILSVRC2012_val_00016009.JPEG
/home/projects/bagon/shared/imagenet512/val/n04447861/ILSVRC2012_val_00037132.JPEG
/home/projects/bagon/shared/imagenet512/val/n04371774/ILSVRC2012_val_00028878.JPEG
/home/projects/bagon/shared/imagenet512/val/n04070727/ILSVRC2012_val_00017487.JPEG
/home/projects/bagon/shared/imagenet512/val/n03825788/ILSVRC2012_val_00019751.JPEG
/home/projects/bagon/shared/imagenet512/val/n02910353/ILSVRC2012_val_00041070.JPEG
/home/projects/bagon/shared/imagenet512/val/n03602883/ILSVRC2012_val_00025203.JPEG
/home/projects/bagon/shared/imagenet512/val/n03657121/ILSVRC2012_val_00000855.JPEG
/home/projects/bagon/shared/imagenet512/val/n04192698/ILSVRC2012_val_00015006.JPEG
/home/projects/bagon/shared/imagenet512/val/n02099429/ILSVRC2012_val_00023717.JPEG
/home/projects/bagon/shared/imagenet512/val/n03792972/ILSVRC2012_val_00045159.JPEG
/home/projects/bagon/shared/imagenet512/val/n02091635/ILSVRC2012_val_00000500.JPEG
/home/projects/bagon/shared/imagenet512/val/n04398044/ILSVRC2012_val_00015109.JPEG
/home/projects/bagon/shared/imagenet512/val/n04429376/ILSVRC2012_val_00044863.JPEG
/home/projects/bagon/shared/imagenet512/val/n02096585/ILSVRC2012_val_00022848.JPEG
/home/projects/bagon/shared/imagenet512/val/n06596364/ILSVRC2012_val_00029708.JPEG
/home/projects/bagon/shared/imagenet512/val/n02808440/ILSVRC2012_val_00018670.JPEG
/home/projects/bagon/shared/imagenet512/val/n02110958/ILSVRC2012_val_00034628.JPEG
/home/projects/bagon/shared/imagenet512/val/n04254120/ILSVRC2012_val_00021837.JPEG
/home/projects/bagon/shared/imagenet512/val/n02088364/ILSVRC2012_val_00020553.JPEG
/home/projects/bagon/shared/imagenet512/val/n04350905/ILSVRC2012_val_00022962.JPEG
/home/projects/bagon/shared/imagenet512/val/n04258138/ILSVRC2012_val_00002606.JPEG
/home/projects/bagon/shared/imagenet512/val/n09288635/ILSVRC2012_val_00005608.JPEG
/home/projects/bagon/shared/imagenet512/val/n04041544/ILSVRC2012_val_00035460.JPEG
/home/projects/bagon/shared/imagenet512/val/n04389033/ILSVRC2012_val_00020377.JPEG
/home/projects/bagon/shared/imagenet512/val/n07920052/ILSVRC2012_val_00024448.JPEG
/home/projects/bagon/shared/imagenet512/val/n03764736/ILSVRC2012_val_00005478.JPEG
/home/projects/bagon/shared/imagenet512/val/n03908714/ILSVRC2012_val_00022879.JPEG
/home/projects/bagon/shared/imagenet512/val/n02002724/ILSVRC2012_val_00033578.JPEG
/home/projects/bagon/shared/imagenet512/val/n04277352/ILSVRC2012_val_00018256.JPEG
/home/projects/bagon/shared/imagenet512/val/n03840681/ILSVRC2012_val_00012014.JPEG
/home/projects/bagon/shared/imagenet512/val/n02641379/ILSVRC2012_val_00025810.JPEG
/home/projects/bagon/shared/imagenet512/val/n03721384/ILSVRC2012_val_00032461.JPEG
/home/projects/bagon/shared/imagenet512/val/n03000134/ILSVRC2012_val_00018410.JPEG
/home/projects/bagon/shared/imagenet512/val/n01955084/ILSVRC2012_val_00015408.JPEG
/home/projects/bagon/shared/imagenet512/val/n01744401/ILSVRC2012_val_00026133.JPEG
/home/projects/bagon/shared/imagenet512/val/n07875152/ILSVRC2012_val_00015691.JPEG
/home/projects/bagon/shared/imagenet512/val/n03188531/ILSVRC2012_val_00017183.JPEG
/home/projects/bagon/shared/imagenet512/val/n04118538/ILSVRC2012_val_00007612.JPEG
/home/projects/bagon/shared/imagenet512/val/n07753592/ILSVRC2012_val_00002187.JPEG
/home/projects/bagon/shared/imagenet512/val/n03467068/ILSVRC2012_val_00039679.JPEG
/home/projects/bagon/shared/imagenet512/val/n04482393/ILSVRC2012_val_00016774.JPEG
/home/projects/bagon/shared/imagenet512/val/n03627232/ILSVRC2012_val_00018534.JPEG
/home/projects/bagon/shared/imagenet512/val/n02883205/ILSVRC2012_val_00006456.JPEG
/home/projects/bagon/shared/imagenet512/val/n01968897/ILSVRC2012_val_00034901.JPEG
/home/projects/bagon/shared/imagenet512/val/n02356798/ILSVRC2012_val_00024584.JPEG
/home/projects/bagon/shared/imagenet512/val/n04371774/ILSVRC2012_val_00025323.JPEG
/home/projects/bagon/shared/imagenet512/val/n02277742/ILSVRC2012_val_00036926.JPEG
/home/projects/bagon/shared/imagenet512/val/n04141975/ILSVRC2012_val_00013890.JPEG
/home/projects/bagon/shared/imagenet512/val/n07716358/ILSVRC2012_val_00047036.JPEG
/home/projects/bagon/shared/imagenet512/val/n01739381/ILSVRC2012_val_00007242.JPEG
/home/projects/bagon/shared/imagenet512/val/n02676566/ILSVRC2012_val_00041857.JPEG
/home/projects/bagon/shared/imagenet512/val/n02815834/ILSVRC2012_val_00013020.JPEG
/home/projects/bagon/shared/imagenet512/val/n09835506/ILSVRC2012_val_00024872.JPEG
/home/projects/bagon/shared/imagenet512/val/n02095570/ILSVRC2012_val_00020156.JPEG
/home/projects/bagon/shared/imagenet512/val/n02443484/ILSVRC2012_val_00036425.JPEG
/home/projects/bagon/shared/imagenet512/val/n03733131/ILSVRC2012_val_00014531.JPEG
/home/projects/bagon/shared/imagenet512/val/n07753275/ILSVRC2012_val_00045670.JPEG
/home/projects/bagon/shared/imagenet512/val/n02105855/ILSVRC2012_val_00045056.JPEG
/home/projects/bagon/shared/imagenet512/val/n03445777/ILSVRC2012_val_00008599.JPEG
/home/projects/bagon/shared/imagenet512/val/n02795169/ILSVRC2012_val_00006525.JPEG
/home/projects/bagon/shared/imagenet512/val/n03874293/ILSVRC2012_val_00000822.JPEG
/home/projects/bagon/shared/imagenet512/val/n02133161/ILSVRC2012_val_00040347.JPEG
/home/projects/bagon/shared/imagenet512/val/n03314780/ILSVRC2012_val_00043440.JPEG
/home/projects/bagon/shared/imagenet512/val/n02106030/ILSVRC2012_val_00021226.JPEG
/home/projects/bagon/shared/imagenet512/val/n04141076/ILSVRC2012_val_00012795.JPEG
/home/projects/bagon/shared/imagenet512/val/n03998194/ILSVRC2012_val_00045181.JPEG
/home/projects/bagon/shared/imagenet512/val/n04606251/ILSVRC2012_val_00021959.JPEG
/home/projects/bagon/shared/imagenet512/val/n07860988/ILSVRC2012_val_00035491.JPEG
/home/projects/bagon/shared/imagenet512/val/n02231487/ILSVRC2012_val_00038537.JPEG
/home/projects/bagon/shared/imagenet512/val/n04208210/ILSVRC2012_val_00035200.JPEG
/home/projects/bagon/shared/imagenet512/val/n01537544/ILSVRC2012_val_00011646.JPEG
/home/projects/bagon/shared/imagenet512/val/n04483307/ILSVRC2012_val_00028995.JPEG
/home/projects/bagon/shared/imagenet512/val/n04429376/ILSVRC2012_val_00045464.JPEG
/home/projects/bagon/shared/imagenet512/val/n02699494/ILSVRC2012_val_00010833.JPEG
/home/projects/bagon/shared/imagenet512/val/n07753113/ILSVRC2012_val_00038688.JPEG
/home/projects/bagon/shared/imagenet512/val/n04238763/ILSVRC2012_val_00015563.JPEG
/home/projects/bagon/shared/imagenet512/val/n02492660/ILSVRC2012_val_00041501.JPEG
/home/projects/bagon/shared/imagenet512/val/n07697537/ILSVRC2012_val_00049219.JPEG
/home/projects/bagon/shared/imagenet512/val/n02951585/ILSVRC2012_val_00031819.JPEG
/home/projects/bagon/shared/imagenet512/val/n01728572/ILSVRC2012_val_00018775.JPEG
/home/projects/bagon/shared/imagenet512/val/n01742172/ILSVRC2012_val_00020401.JPEG
/home/projects/bagon/shared/imagenet512/val/n03871628/ILSVRC2012_val_00028316.JPEG
/home/projects/bagon/shared/imagenet512/val/n01744401/ILSVRC2012_val_00017381.JPEG
/home/projects/bagon/shared/imagenet512/val/n03467068/ILSVRC2012_val_00011622.JPEG
/home/projects/bagon/shared/imagenet512/val/n02133161/ILSVRC2012_val_00019862.JPEG
/home/projects/bagon/shared/imagenet512/val/n03527444/ILSVRC2012_val_00028590.JPEG
/home/projects/bagon/shared/imagenet512/val/n03467068/ILSVRC2012_val_00001841.JPEG
/home/projects/bagon/shared/imagenet512/val/n04259630/ILSVRC2012_val_00045907.JPEG
/home/projects/bagon/shared/imagenet512/val/n07697537/ILSVRC2012_val_00025922.JPEG
/home/projects/bagon/shared/imagenet512/val/n07717410/ILSVRC2012_val_00031841.JPEG
/home/projects/bagon/shared/imagenet512/val/n03180011/ILSVRC2012_val_00001757.JPEG
/home/projects/bagon/shared/imagenet512/val/n03874293/ILSVRC2012_val_00032653.JPEG
/home/projects/bagon/shared/imagenet512/val/n03781244/ILSVRC2012_val_00029842.JPEG
/home/projects/bagon/shared/imagenet512/val/n02097474/ILSVRC2012_val_00039144.JPEG
/home/projects/bagon/shared/imagenet512/val/n04461696/ILSVRC2012_val_00027593.JPEG
/home/projects/bagon/shared/imagenet512/val/n02093754/ILSVRC2012_val_00027082.JPEG
/home/projects/bagon/shared/imagenet512/val/n02219486/ILSVRC2012_val_00029109.JPEG
/home/projects/bagon/shared/imagenet512/val/n02099267/ILSVRC2012_val_00027230.JPEG
/home/projects/bagon/shared/imagenet512/val/n04371774/ILSVRC2012_val_00008853.JPEG
/home/projects/bagon/shared/imagenet512/val/n03680355/ILSVRC2012_val_00016345.JPEG
/home/projects/bagon/shared/imagenet512/val/n02786058/ILSVRC2012_val_00010473.JPEG
/home/projects/bagon/shared/imagenet512/val/n03785016/ILSVRC2012_val_00006596.JPEG
/home/projects/bagon/shared/imagenet512/val/n01630670/ILSVRC2012_val_00026773.JPEG
/home/projects/bagon/shared/imagenet512/val/n02167151/ILSVRC2012_val_00037453.JPEG
/home/projects/bagon/shared/imagenet512/val/n04330267/ILSVRC2012_val_00030182.JPEG
/home/projects/bagon/shared/imagenet512/val/n02018207/ILSVRC2012_val_00046081.JPEG
/home/projects/bagon/shared/imagenet512/val/n03935335/ILSVRC2012_val_00015347.JPEG
/home/projects/bagon/shared/imagenet512/val/n02113712/ILSVRC2012_val_00047119.JPEG
/home/projects/bagon/shared/imagenet512/val/n02109047/ILSVRC2012_val_00013475.JPEG
/home/projects/bagon/shared/imagenet512/val/n02090379/ILSVRC2012_val_00043388.JPEG
/home/projects/bagon/shared/imagenet512/val/n02096437/ILSVRC2012_val_00018262.JPEG
/home/projects/bagon/shared/imagenet512/val/n01608432/ILSVRC2012_val_00015107.JPEG
/home/projects/bagon/shared/imagenet512/val/n06874185/ILSVRC2012_val_00018625.JPEG
/home/projects/bagon/shared/imagenet512/val/n04090263/ILSVRC2012_val_00006389.JPEG
/home/projects/bagon/shared/imagenet512/val/n04265275/ILSVRC2012_val_00004382.JPEG
/home/projects/bagon/shared/imagenet512/val/n03041632/ILSVRC2012_val_00010886.JPEG
/home/projects/bagon/shared/imagenet512/val/n02730930/ILSVRC2012_val_00008451.JPEG
/home/projects/bagon/shared/imagenet512/val/n04328186/ILSVRC2012_val_00008052.JPEG
/home/projects/bagon/shared/imagenet512/val/n02655020/ILSVRC2012_val_00020220.JPEG
/home/projects/bagon/shared/imagenet512/val/n01740131/ILSVRC2012_val_00004652.JPEG
/home/projects/bagon/shared/imagenet512/val/n02102318/ILSVRC2012_val_00012155.JPEG
/home/projects/bagon/shared/imagenet512/val/n02442845/ILSVRC2012_val_00041087.JPEG
/home/projects/bagon/shared/imagenet512/val/n02786058/ILSVRC2012_val_00014006.JPEG
/home/projects/bagon/shared/imagenet512/val/n04328186/ILSVRC2012_val_00028484.JPEG
/home/projects/bagon/shared/imagenet512/val/n02963159/ILSVRC2012_val_00012417.JPEG
/home/projects/bagon/shared/imagenet512/val/n03697007/ILSVRC2012_val_00025659.JPEG
/home/projects/bagon/shared/imagenet512/val/n03891332/ILSVRC2012_val_00021293.JPEG
/home/projects/bagon/shared/imagenet512/val/n01855032/ILSVRC2012_val_00041982.JPEG
/home/projects/bagon/shared/imagenet512/val/n03944341/ILSVRC2012_val_00012575.JPEG
/home/projects/bagon/shared/imagenet512/val/n03710193/ILSVRC2012_val_00002203.JPEG
/home/projects/bagon/shared/imagenet512/val/n03394916/ILSVRC2012_val_00009651.JPEG
/home/projects/bagon/shared/imagenet512/val/n01755581/ILSVRC2012_val_00009692.JPEG
/home/projects/bagon/shared/imagenet512/val/n01980166/ILSVRC2012_val_00005836.JPEG
/home/projects/bagon/shared/imagenet512/val/n01833805/ILSVRC2012_val_00048749.JPEG
/home/projects/bagon/shared/imagenet512/val/n02112706/ILSVRC2012_val_00028642.JPEG
/home/projects/bagon/shared/imagenet512/val/n07684084/ILSVRC2012_val_00004199.JPEG
/home/projects/bagon/shared/imagenet512/val/n02106030/ILSVRC2012_val_00036543.JPEG
/home/projects/bagon/shared/imagenet512/val/n02100583/ILSVRC2012_val_00020113.JPEG
/home/projects/bagon/shared/imagenet512/val/n02102480/ILSVRC2012_val_00019449.JPEG
/home/projects/bagon/shared/imagenet512/val/n02168699/ILSVRC2012_val_00029307.JPEG
/home/projects/bagon/shared/imagenet512/val/n03485794/ILSVRC2012_val_00000305.JPEG
/home/projects/bagon/shared/imagenet512/val/n01930112/ILSVRC2012_val_00000836.JPEG
/home/projects/bagon/shared/imagenet512/val/n02690373/ILSVRC2012_val_00037801.JPEG
/home/projects/bagon/shared/imagenet512/val/n02666196/ILSVRC2012_val_00005970.JPEG
/home/projects/bagon/shared/imagenet512/val/n01664065/ILSVRC2012_val_00033442.JPEG
/home/projects/bagon/shared/imagenet512/val/n02916936/ILSVRC2012_val_00039377.JPEG
/home/projects/bagon/shared/imagenet512/val/n02085936/ILSVRC2012_val_00011805.JPEG
/home/projects/bagon/shared/imagenet512/val/n04482393/ILSVRC2012_val_00012442.JPEG
/home/projects/bagon/shared/imagenet512/val/n02107908/ILSVRC2012_val_00045984.JPEG
/home/projects/bagon/shared/imagenet512/val/n02106382/ILSVRC2012_val_00020216.JPEG
/home/projects/bagon/shared/imagenet512/val/n07749582/ILSVRC2012_val_00035888.JPEG
/home/projects/bagon/shared/imagenet512/val/n03692522/ILSVRC2012_val_00031152.JPEG
/home/projects/bagon/shared/imagenet512/val/n03970156/ILSVRC2012_val_00027340.JPEG
/home/projects/bagon/shared/imagenet512/val/n03127925/ILSVRC2012_val_00027797.JPEG
/home/projects/bagon/shared/imagenet512/val/n02699494/ILSVRC2012_val_00020568.JPEG
/home/projects/bagon/shared/imagenet512/val/n03935335/ILSVRC2012_val_00022426.JPEG
/home/projects/bagon/shared/imagenet512/val/n02107142/ILSVRC2012_val_00037931.JPEG
/home/projects/bagon/shared/imagenet512/val/n03457902/ILSVRC2012_val_00021681.JPEG
/home/projects/bagon/shared/imagenet512/val/n02326432/ILSVRC2012_val_00016344.JPEG
/home/projects/bagon/shared/imagenet512/val/n03124043/ILSVRC2012_val_00043397.JPEG
/home/projects/bagon/shared/imagenet512/val/n03404251/ILSVRC2012_val_00015466.JPEG
/home/projects/bagon/shared/imagenet512/val/n04033901/ILSVRC2012_val_00035051.JPEG
/home/projects/bagon/shared/imagenet512/val/n02787622/ILSVRC2012_val_00024757.JPEG
/home/projects/bagon/shared/imagenet512/val/n02692877/ILSVRC2012_val_00033803.JPEG
/home/projects/bagon/shared/imagenet512/val/n03445924/ILSVRC2012_val_00040651.JPEG
/home/projects/bagon/shared/imagenet512/val/n02105505/ILSVRC2012_val_00041147.JPEG
/home/projects/bagon/shared/imagenet512/val/n01687978/ILSVRC2012_val_00029055.JPEG
/home/projects/bagon/shared/imagenet512/val/n02113799/ILSVRC2012_val_00038393.JPEG
/home/projects/bagon/shared/imagenet512/val/n07714990/ILSVRC2012_val_00000155.JPEG
/home/projects/bagon/shared/imagenet512/val/n03032252/ILSVRC2012_val_00029305.JPEG
/home/projects/bagon/shared/imagenet512/val/n02783161/ILSVRC2012_val_00036962.JPEG
/home/projects/bagon/shared/imagenet512/val/n03843555/ILSVRC2012_val_00028014.JPEG
/home/projects/bagon/shared/imagenet512/val/n02112706/ILSVRC2012_val_00042912.JPEG
/home/projects/bagon/shared/imagenet512/val/n02797295/ILSVRC2012_val_00042798.JPEG
/home/projects/bagon/shared/imagenet512/val/n02219486/ILSVRC2012_val_00030054.JPEG
/home/projects/bagon/shared/imagenet512/val/n02825657/ILSVRC2012_val_00029682.JPEG
/home/projects/bagon/shared/imagenet512/val/n02231487/ILSVRC2012_val_00039948.JPEG
/home/projects/bagon/shared/imagenet512/val/n03793489/ILSVRC2012_val_00040868.JPEG
/home/projects/bagon/shared/imagenet512/val/n04501370/ILSVRC2012_val_00037051.JPEG
/home/projects/bagon/shared/imagenet512/val/n04367480/ILSVRC2012_val_00039837.JPEG
/home/projects/bagon/shared/imagenet512/val/n03888257/ILSVRC2012_val_00013527.JPEG
/home/projects/bagon/shared/imagenet512/val/n03825788/ILSVRC2012_val_00037715.JPEG
/home/projects/bagon/shared/imagenet512/val/n03666591/ILSVRC2012_val_00042314.JPEG
2025-09-23 05:20:48,203 - INFO - Example /home/projects/bagon/shared/imagenet512/val/n03325584/ILSVRC2012_val_00007855.JPEG reached epsilon at step 928, loss sum: 19.6805, final loss: 0.00098991, weight distance: 0.0453
2025-09-23 05:21:01,731 - INFO - Example /home/projects/bagon/shared/imagenet512/val/n02279972/ILSVRC2012_val_00046412.JPEG reached epsilon at step 1870, loss sum: 795.4836, final loss: 0.00099468, weight distance: 0.1087
2025-09-23 05:21:09,121 - INFO - Example /home/projects/bagon/shared/imagenet512/val/n01774750/ILSVRC2012_val_00030405.JPEG reached epsilon at step 1019, loss sum: 274.6708, final loss: 0.00099373, weight distance: 0.0615
2025-09-23 05:21:21,202 - INFO - Example /home/projects/bagon/shared/imagenet512/val/n01614925/ILSVRC2012_val_00008151.JPEG reached epsilon at step 1735, loss sum: 348.0185, final loss: 0.00099659, weight distance: 0.0933
2025-09-23 05:21:34,413 - INFO - Example /home/projects/bagon/shared/imagenet512/val/n02787622/ILSVRC2012_val_00009566.JPEG reached epsilon at step 1901, loss sum: 853.9347, final loss: 0.00099087, weight distance: 0.1084
2025-09-23 05:21:45,745 - INFO - Example /home/projects/bagon/shared/imagenet512/val/n03814639/ILSVRC2012_val_00002713.JPEG reached epsilon at step 1624, loss sum: 1115.4125, final loss: 0.00098801, weight distance: 0.1040
2025-09-23 05:22:00,069 - INFO - Example /home/projects/bagon/shared/imagenet512/val/n02108551/ILSVRC2012_val_00017006.JPEG reached epsilon at step 2065, loss sum: 749.9578, final loss: 0.00099850, weight distance: 0.1016
2025-09-23 05:22:09,497 - INFO - Example /home/projects/bagon/shared/imagenet512/val/n01692333/ILSVRC2012_val_00015190.JPEG reached epsilon at step 1340, loss sum: 747.9113, final loss: 0.00098705, weight distance: 0.0868
2025-09-23 05:22:16,824 - INFO - Example /home/projects/bagon/shared/imagenet512/val/n03733131/ILSVRC2012_val_00026391.JPEG reached epsilon at step 1030, loss sum: 18.0778, final loss: 0.00099468, weight distance: 0.0473
2025-09-23 05:22:28,263 - INFO - Example /home/projects/bagon/shared/imagenet512/val/n02002724/ILSVRC2012_val_00018159.JPEG reached epsilon at step 1638, loss sum: 71.9296, final loss: 0.00099659, weight distance: 0.0647
2025-09-23 05:22:42,329 - INFO - Example /home/projects/bagon/shared/imagenet512/val/n02486261/ILSVRC2012_val_00038873.JPEG reached epsilon at step 2032, loss sum: 564.5566, final loss: 0.00099182, weight distance: 0.1037
2025-09-23 05:22:53,061 - INFO - Example /home/projects/bagon/shared/imagenet512/val/n03127747/ILSVRC2012_val_00001689.JPEG reached epsilon at step 1477, loss sum: 81.0368, final loss: 0.00099659, weight distance: 0.0687
2025-09-23 05:23:03,125 - INFO - Example /home/projects/bagon/shared/imagenet512/val/n07880968/ILSVRC2012_val_00020718.JPEG reached epsilon at step 1400, loss sum: 709.0611, final loss: 0.00099754, weight distance: 0.0890
2025-09-23 05:23:09,955 - INFO - Example /home/projects/bagon/shared/imagenet512/val/n01689811/ILSVRC2012_val_00038667.JPEG reached epsilon at step 952, loss sum: 130.8852, final loss: 0.00098705, weight distance: 0.0616
2025-09-23 05:23:18,217 - INFO - Example /home/projects/bagon/shared/imagenet512/val/n03240683/ILSVRC2012_val_00025774.JPEG reached epsilon at step 1167, loss sum: 67.6926, final loss: 0.00099850, weight distance: 0.0620
2025-09-23 05:23:32,126 - INFO - Example /home/projects/bagon/shared/imagenet512/val/n02101388/ILSVRC2012_val_00009088.JPEG reached epsilon at step 2005, loss sum: 192.6338, final loss: 0.00099468, weight distance: 0.0894
2025-09-23 05:23:46,847 - INFO - Example /home/projects/bagon/shared/imagenet512/val/n04423845/ILSVRC2012_val_00047072.JPEG reached epsilon at step 2122, loss sum: 494.6118, final loss: 0.00099945, weight distance: 0.1053
2025-09-23 05:24:04,098 - INFO - Example /home/projects/bagon/shared/imagenet512/val/n03977966/ILSVRC2012_val_00034103.JPEG reached epsilon at step 2496, loss sum: 97.4748, final loss: 0.00099277, weight distance: 0.0938
2025-09-23 05:24:10,644 - INFO - Example /home/projects/bagon/shared/imagenet512/val/n01498041/ILSVRC2012_val_00023239.JPEG reached epsilon at step 913, loss sum: 15.5081, final loss: 0.00099564, weight distance: 0.0424
2025-09-23 05:24:19,627 - INFO - Example /home/projects/bagon/shared/imagenet512/val/n02403003/ILSVRC2012_val_00034143.JPEG reached epsilon at step 1269, loss sum: 477.5775, final loss: 0.00099373, weight distance: 0.0754
2025-09-23 05:24:29,126 - INFO - Example /home/projects/bagon/shared/imagenet512/val/n02687172/ILSVRC2012_val_00048573.JPEG reached epsilon at step 1348, loss sum: 283.0554, final loss: 0.00099468, weight distance: 0.0789
2025-09-23 05:24:41,150 - INFO - Example /home/projects/bagon/shared/imagenet512/val/n04335435/ILSVRC2012_val_00024430.JPEG reached epsilon at step 1720, loss sum: 161.7271, final loss: 0.00099182, weight distance: 0.0828
2025-09-23 05:24:53,574 - INFO - Example /home/projects/bagon/shared/imagenet512/val/n04074963/ILSVRC2012_val_00037963.JPEG reached epsilon at step 1784, loss sum: 980.5334, final loss: 0.00099754, weight distance: 0.1030
2025-09-23 05:25:11,752 - INFO - Example /home/projects/bagon/shared/imagenet512/val/n02815834/ILSVRC2012_val_00018885.JPEG reached epsilon at step 2636, loss sum: 382.7515, final loss: 0.00099277, weight distance: 0.1097
2025-09-23 05:25:30,771 - INFO - Example /home/projects/bagon/shared/imagenet512/val/n04026417/ILSVRC2012_val_00011671.JPEG reached epsilon at step 2766, loss sum: 253.3894, final loss: 0.00099754, weight distance: 0.1088
2025-09-23 05:25:38,557 - INFO - Example /home/projects/bagon/shared/imagenet512/val/n04409515/ILSVRC2012_val_00036818.JPEG reached epsilon at step 1093, loss sum: 86.5525, final loss: 0.00099087, weight distance: 0.0604
2025-09-23 05:25:45,393 - INFO - Example /home/projects/bagon/shared/imagenet512/val/n02687172/ILSVRC2012_val_00045276.JPEG reached epsilon at step 951, loss sum: 208.4972, final loss: 0.00099277, weight distance: 0.0631
2025-09-23 05:25:54,473 - INFO - Example /home/projects/bagon/shared/imagenet512/val/n03697007/ILSVRC2012_val_00012312.JPEG reached epsilon at step 1285, loss sum: 84.5779, final loss: 0.00099468, weight distance: 0.0640
2025-09-23 05:26:07,794 - INFO - Example /home/projects/bagon/shared/imagenet512/val/n04065272/ILSVRC2012_val_00028509.JPEG reached epsilon at step 1917, loss sum: 188.8752, final loss: 0.00099087, weight distance: 0.0868
2025-09-23 05:26:20,436 - INFO - Example /home/projects/bagon/shared/imagenet512/val/n01580077/ILSVRC2012_val_00046280.JPEG reached epsilon at step 1801, loss sum: 362.2465, final loss: 0.00099945, weight distance: 0.0941
2025-09-23 05:26:26,157 - INFO - Example /home/projects/bagon/shared/imagenet512/val/n03944341/ILSVRC2012_val_00032550.JPEG reached epsilon at step 788, loss sum: 283.5219, final loss: 0.00098801, weight distance: 0.0557
2025-09-23 05:26:40,273 - INFO - Example /home/projects/bagon/shared/imagenet512/val/n02117135/ILSVRC2012_val_00035999.JPEG reached epsilon at step 1974, loss sum: 138.2512, final loss: 0.00099754, weight distance: 0.0727
2025-09-23 05:26:50,480 - INFO - Example /home/projects/bagon/shared/imagenet512/val/n02102973/ILSVRC2012_val_00025660.JPEG reached epsilon at step 1451, loss sum: 58.9933, final loss: 0.00099945, weight distance: 0.0653
2025-09-23 05:27:02,430 - INFO - Example /home/projects/bagon/shared/imagenet512/val/n04009552/ILSVRC2012_val_00007704.JPEG reached epsilon at step 1642, loss sum: 230.5354, final loss: 0.00099182, weight distance: 0.0846
2025-09-23 05:27:16,272 - INFO - Example /home/projects/bagon/shared/imagenet512/val/n02108915/ILSVRC2012_val_00026558.JPEG reached epsilon at step 2011, loss sum: 204.6289, final loss: 0.00099754, weight distance: 0.0909
2025-09-23 05:27:24,547 - INFO - Example /home/projects/bagon/shared/imagenet512/val/n03042490/ILSVRC2012_val_00019794.JPEG reached epsilon at step 1167, loss sum: 259.0554, final loss: 0.00099182, weight distance: 0.0678
2025-09-23 05:27:42,096 - INFO - Example /home/projects/bagon/shared/imagenet512/val/n04264628/ILSVRC2012_val_00024441.JPEG reached epsilon at step 2538, loss sum: 103.6455, final loss: 0.00099373, weight distance: 0.0980
2025-09-23 05:27:56,167 - INFO - Example /home/projects/bagon/shared/imagenet512/val/n04039381/ILSVRC2012_val_00012059.JPEG reached epsilon at step 2028, loss sum: 46.2335, final loss: 0.00099659, weight distance: 0.0737
2025-09-23 05:28:04,604 - INFO - Example /home/projects/bagon/shared/imagenet512/val/n07565083/ILSVRC2012_val_00021275.JPEG reached epsilon at step 1187, loss sum: 43.4588, final loss: 0.00099373, weight distance: 0.0575
2025-09-23 05:28:09,852 - INFO - Example /home/projects/bagon/shared/imagenet512/val/n01806143/ILSVRC2012_val_00049584.JPEG reached epsilon at step 718, loss sum: 250.7648, final loss: 0.00099945, weight distance: 0.0525
2025-09-23 05:28:18,425 - INFO - Example /home/projects/bagon/shared/imagenet512/val/n01688243/ILSVRC2012_val_00025025.JPEG reached epsilon at step 1212, loss sum: 230.7744, final loss: 0.00099468, weight distance: 0.0757
2025-09-23 05:28:31,785 - INFO - Example /home/projects/bagon/shared/imagenet512/val/n01737021/ILSVRC2012_val_00044544.JPEG reached epsilon at step 1897, loss sum: 1259.1959, final loss: 0.00099468, weight distance: 0.1064
2025-09-23 05:28:39,010 - INFO - Example /home/projects/bagon/shared/imagenet512/val/n03495258/ILSVRC2012_val_00022015.JPEG reached epsilon at step 957, loss sum: 142.0815, final loss: 0.00099754, weight distance: 0.0612
2025-09-23 05:28:47,597 - INFO - Example /home/projects/bagon/shared/imagenet512/val/n02219486/ILSVRC2012_val_00009720.JPEG reached epsilon at step 1167, loss sum: 113.1813, final loss: 0.00098896, weight distance: 0.0631
2025-09-23 05:28:55,231 - INFO - Example /home/projects/bagon/shared/imagenet512/val/n02256656/ILSVRC2012_val_00010562.JPEG reached epsilon at step 956, loss sum: 94.7088, final loss: 0.00098896, weight distance: 0.0543
2025-09-23 05:29:06,408 - INFO - Example /home/projects/bagon/shared/imagenet512/val/n04317175/ILSVRC2012_val_00012110.JPEG reached epsilon at step 1593, loss sum: 873.5402, final loss: 0.00099277, weight distance: 0.1038
2025-09-23 05:29:20,652 - INFO - Example /home/projects/bagon/shared/imagenet512/val/n03874599/ILSVRC2012_val_00030206.JPEG reached epsilon at step 2059, loss sum: 350.4703, final loss: 0.00099754, weight distance: 0.0986
2025-09-23 05:29:27,680 - INFO - Example /home/projects/bagon/shared/imagenet512/val/n01784675/ILSVRC2012_val_00030825.JPEG reached epsilon at step 983, loss sum: 28.2266, final loss: 0.00099754, weight distance: 0.0499
2025-09-23 05:29:35,529 - INFO - Example /home/projects/bagon/shared/imagenet512/val/n02480855/ILSVRC2012_val_00012496.JPEG reached epsilon at step 1103, loss sum: 169.4261, final loss: 0.00099754, weight distance: 0.0601
2025-09-23 05:29:46,515 - INFO - Example /home/projects/bagon/shared/imagenet512/val/n02776631/ILSVRC2012_val_00021256.JPEG reached epsilon at step 1572, loss sum: 412.1594, final loss: 0.00099182, weight distance: 0.0900
2025-09-23 05:30:02,980 - INFO - Example /home/projects/bagon/shared/imagenet512/val/n03804744/ILSVRC2012_val_00013531.JPEG reached epsilon at step 2384, loss sum: 811.5246, final loss: 0.00098991, weight distance: 0.1135
2025-09-23 05:30:18,018 - INFO - Example /home/projects/bagon/shared/imagenet512/val/n02108089/ILSVRC2012_val_00027128.JPEG reached epsilon at step 2156, loss sum: 122.7129, final loss: 0.00099850, weight distance: 0.0766
2025-09-23 05:30:24,866 - INFO - Example /home/projects/bagon/shared/imagenet512/val/n01443537/ILSVRC2012_val_00005870.JPEG reached epsilon at step 957, loss sum: 234.5326, final loss: 0.00099373, weight distance: 0.0619
2025-09-23 05:30:35,493 - INFO - Example /home/projects/bagon/shared/imagenet512/val/n04125021/ILSVRC2012_val_00024752.JPEG reached epsilon at step 1509, loss sum: 247.0478, final loss: 0.00099373, weight distance: 0.0830
2025-09-23 05:30:45,790 - INFO - Example /home/projects/bagon/shared/imagenet512/val/n02120079/ILSVRC2012_val_00039620.JPEG reached epsilon at step 1468, loss sum: 183.3107, final loss: 0.00099754, weight distance: 0.0714
2025-09-23 05:30:57,294 - INFO - Example /home/projects/bagon/shared/imagenet512/val/n02074367/ILSVRC2012_val_00008263.JPEG reached epsilon at step 1642, loss sum: 1031.6560, final loss: 0.00098896, weight distance: 0.0988
2025-09-23 05:31:06,282 - INFO - Example /home/projects/bagon/shared/imagenet512/val/n02012849/ILSVRC2012_val_00034198.JPEG reached epsilon at step 1191, loss sum: 7.2609, final loss: 0.00099182, weight distance: 0.0394
2025-09-23 05:31:24,224 - INFO - Example /home/projects/bagon/shared/imagenet512/val/n03930630/ILSVRC2012_val_00032894.JPEG reached epsilon at step 2594, loss sum: 171.8434, final loss: 0.00099468, weight distance: 0.1080
2025-09-23 05:31:36,097 - INFO - Example /home/projects/bagon/shared/imagenet512/val/n02236044/ILSVRC2012_val_00013395.JPEG reached epsilon at step 1704, loss sum: 149.3786, final loss: 0.00099754, weight distance: 0.0816
2025-09-23 05:31:47,206 - INFO - Example /home/projects/bagon/shared/imagenet512/val/n03958227/ILSVRC2012_val_00027382.JPEG reached epsilon at step 1590, loss sum: 1044.9785, final loss: 0.00099182, weight distance: 0.0992
2025-09-23 05:32:09,181 - INFO - Example /home/projects/bagon/shared/imagenet512/val/n02089867/ILSVRC2012_val_00036492.JPEG reached epsilon at step 3202, loss sum: 403.3154, final loss: 0.00099659, weight distance: 0.1145
2025-09-23 05:32:25,029 - INFO - Example /home/projects/bagon/shared/imagenet512/val/n03125729/ILSVRC2012_val_00010259.JPEG reached epsilon at step 2294, loss sum: 261.1300, final loss: 0.00099182, weight distance: 0.0876
2025-09-23 05:32:36,092 - INFO - Example /home/projects/bagon/shared/imagenet512/val/n02640242/ILSVRC2012_val_00048433.JPEG reached epsilon at step 1581, loss sum: 55.2750, final loss: 0.00099373, weight distance: 0.0685
2025-09-23 05:32:47,208 - INFO - Example /home/projects/bagon/shared/imagenet512/val/n04275548/ILSVRC2012_val_00040081.JPEG reached epsilon at step 1591, loss sum: 707.2596, final loss: 0.00099182, weight distance: 0.0934
2025-09-23 05:32:59,467 - INFO - Example /home/projects/bagon/shared/imagenet512/val/n03141823/ILSVRC2012_val_00006889.JPEG reached epsilon at step 1762, loss sum: 820.5542, final loss: 0.00099850, weight distance: 0.1013
2025-09-23 05:33:08,080 - INFO - Example /home/projects/bagon/shared/imagenet512/val/n03899768/ILSVRC2012_val_00021364.JPEG reached epsilon at step 1171, loss sum: 36.2679, final loss: 0.00098991, weight distance: 0.0555
2025-09-23 05:33:19,800 - INFO - Example /home/projects/bagon/shared/imagenet512/val/n02795169/ILSVRC2012_val_00028797.JPEG reached epsilon at step 1660, loss sum: 129.4863, final loss: 0.00099754, weight distance: 0.0762
2025-09-23 05:33:30,217 - INFO - Example /home/projects/bagon/shared/imagenet512/val/n07717410/ILSVRC2012_val_00040432.JPEG reached epsilon at step 1439, loss sum: 356.9011, final loss: 0.00099468, weight distance: 0.0846
2025-09-23 05:33:37,909 - INFO - Example /home/projects/bagon/shared/imagenet512/val/n03884397/ILSVRC2012_val_00000844.JPEG reached epsilon at step 1082, loss sum: 227.1603, final loss: 0.00099468, weight distance: 0.0689
2025-09-23 05:33:45,715 - INFO - Example /home/projects/bagon/shared/imagenet512/val/n03134739/ILSVRC2012_val_00026063.JPEG reached epsilon at step 1085, loss sum: 67.2906, final loss: 0.00099659, weight distance: 0.0583
2025-09-23 05:33:52,765 - INFO - Example /home/projects/bagon/shared/imagenet512/val/n02321529/ILSVRC2012_val_00035545.JPEG reached epsilon at step 985, loss sum: 47.0209, final loss: 0.00099182, weight distance: 0.0546
2025-09-23 05:34:07,636 - INFO - Example /home/projects/bagon/shared/imagenet512/val/n03930630/ILSVRC2012_val_00039508.JPEG reached epsilon at step 2144, loss sum: 80.4848, final loss: 0.00099754, weight distance: 0.0877
2025-09-23 05:34:23,122 - INFO - Example /home/projects/bagon/shared/imagenet512/val/n02963159/ILSVRC2012_val_00038892.JPEG reached epsilon at step 2238, loss sum: 524.6575, final loss: 0.00099754, weight distance: 0.1042
2025-09-23 05:34:33,411 - INFO - Example /home/projects/bagon/shared/imagenet512/val/n01534433/ILSVRC2012_val_00004577.JPEG reached epsilon at step 1467, loss sum: 153.0757, final loss: 0.00099277, weight distance: 0.0712
2025-09-23 05:34:48,142 - INFO - Example /home/projects/bagon/shared/imagenet512/val/n02815834/ILSVRC2012_val_00034634.JPEG reached epsilon at step 2127, loss sum: 152.2754, final loss: 0.00099659, weight distance: 0.0885
2025-09-23 05:35:05,155 - INFO - Example /home/projects/bagon/shared/imagenet512/val/n02396427/ILSVRC2012_val_00037643.JPEG reached epsilon at step 2460, loss sum: 68.3734, final loss: 0.00099564, weight distance: 0.0905
2025-09-23 05:35:21,048 - INFO - Example /home/projects/bagon/shared/imagenet512/val/n02777292/ILSVRC2012_val_00015365.JPEG reached epsilon at step 2252, loss sum: 62.4113, final loss: 0.00099468, weight distance: 0.0807
2025-09-23 05:35:30,134 - INFO - Example /home/projects/bagon/shared/imagenet512/val/n02437312/ILSVRC2012_val_00037772.JPEG reached epsilon at step 1285, loss sum: 70.3073, final loss: 0.00099087, weight distance: 0.0631
2025-09-23 05:35:35,764 - INFO - Example /home/projects/bagon/shared/imagenet512/val/n02134084/ILSVRC2012_val_00016340.JPEG reached epsilon at step 774, loss sum: 180.0781, final loss: 0.00099182, weight distance: 0.0511
2025-09-23 05:35:42,941 - INFO - Example /home/projects/bagon/shared/imagenet512/val/n04209239/ILSVRC2012_val_00013514.JPEG reached epsilon at step 1001, loss sum: 137.8709, final loss: 0.00099564, weight distance: 0.0605
2025-09-23 05:35:50,572 - INFO - Example /home/projects/bagon/shared/imagenet512/val/n02096437/ILSVRC2012_val_00026675.JPEG reached epsilon at step 1070, loss sum: 40.8036, final loss: 0.00099373, weight distance: 0.0518
2025-09-23 05:36:07,678 - INFO - Example /home/projects/bagon/shared/imagenet512/val/n02105412/ILSVRC2012_val_00011465.JPEG reached epsilon at step 2477, loss sum: 488.4422, final loss: 0.00099277, weight distance: 0.1131
2025-09-23 05:36:22,599 - INFO - Example /home/projects/bagon/shared/imagenet512/val/n03476684/ILSVRC2012_val_00002471.JPEG reached epsilon at step 2155, loss sum: 287.6192, final loss: 0.00099277, weight distance: 0.0998
2025-09-23 05:36:36,902 - INFO - Example /home/projects/bagon/shared/imagenet512/val/n02120079/ILSVRC2012_val_00027233.JPEG reached epsilon at step 2062, loss sum: 82.7578, final loss: 0.00099087, weight distance: 0.0721
2025-09-23 05:36:43,262 - INFO - Example /home/projects/bagon/shared/imagenet512/val/n04179913/ILSVRC2012_val_00001239.JPEG reached epsilon at step 885, loss sum: 47.8985, final loss: 0.00098705, weight distance: 0.0503
2025-09-23 05:36:51,899 - INFO - Example /home/projects/bagon/shared/imagenet512/val/n03325584/ILSVRC2012_val_00033608.JPEG reached epsilon at step 1220, loss sum: 437.2914, final loss: 0.00098705, weight distance: 0.0806
2025-09-23 05:37:11,575 - INFO - Example /home/projects/bagon/shared/imagenet512/val/n02488702/ILSVRC2012_val_00031100.JPEG reached epsilon at step 2857, loss sum: 473.2043, final loss: 0.00099850, weight distance: 0.1186
2025-09-23 05:37:18,971 - INFO - Example /home/projects/bagon/shared/imagenet512/val/n07717410/ILSVRC2012_val_00044960.JPEG reached epsilon at step 1037, loss sum: 124.9968, final loss: 0.00099182, weight distance: 0.0603
2025-09-23 05:37:28,916 - INFO - Example /home/projects/bagon/shared/imagenet512/val/n01795545/ILSVRC2012_val_00042859.JPEG reached epsilon at step 1413, loss sum: 150.4372, final loss: 0.00099754, weight distance: 0.0694
2025-09-23 05:37:42,701 - INFO - Example /home/projects/bagon/shared/imagenet512/val/n02814533/ILSVRC2012_val_00040706.JPEG reached epsilon at step 1985, loss sum: 68.4096, final loss: 0.00098991, weight distance: 0.0766
2025-09-23 05:37:58,900 - INFO - Example /home/projects/bagon/shared/imagenet512/val/n04596742/ILSVRC2012_val_00029572.JPEG reached epsilon at step 2342, loss sum: 240.2043, final loss: 0.00099945, weight distance: 0.0992
2025-09-23 05:38:13,462 - INFO - Example /home/projects/bagon/shared/imagenet512/val/n04229816/ILSVRC2012_val_00011305.JPEG reached epsilon at step 2100, loss sum: 574.3222, final loss: 0.00098991, weight distance: 0.1031
2025-09-23 05:38:25,763 - INFO - Example /home/projects/bagon/shared/imagenet512/val/n04208210/ILSVRC2012_val_00035208.JPEG reached epsilon at step 1765, loss sum: 484.2420, final loss: 0.00098896, weight distance: 0.0870
2025-09-23 05:38:39,278 - INFO - Example /home/projects/bagon/shared/imagenet512/val/n03729826/ILSVRC2012_val_00044803.JPEG reached epsilon at step 1928, loss sum: 215.6994, final loss: 0.00098610, weight distance: 0.0880
2025-09-23 05:38:58,260 - INFO - Example /home/projects/bagon/shared/imagenet512/val/n03785016/ILSVRC2012_val_00038388.JPEG reached epsilon at step 2758, loss sum: 71.0612, final loss: 0.00099373, weight distance: 0.0882
2025-09-23 05:39:11,309 - INFO - Example /home/projects/bagon/shared/imagenet512/val/n04336792/ILSVRC2012_val_00023176.JPEG reached epsilon at step 1879, loss sum: 444.8997, final loss: 0.00099087, weight distance: 0.1007
2025-09-23 05:39:23,969 - INFO - Example /home/projects/bagon/shared/imagenet512/val/n02037110/ILSVRC2012_val_00000548.JPEG reached epsilon at step 1820, loss sum: 115.8437, final loss: 0.00099850, weight distance: 0.0808
2025-09-23 05:39:34,936 - INFO - Example /home/projects/bagon/shared/imagenet512/val/n02484975/ILSVRC2012_val_00045413.JPEG reached epsilon at step 1569, loss sum: 190.6478, final loss: 0.00099373, weight distance: 0.0818
2025-09-23 05:39:49,639 - INFO - Example /home/projects/bagon/shared/imagenet512/val/n04367480/ILSVRC2012_val_00049559.JPEG reached epsilon at step 2128, loss sum: 82.6582, final loss: 0.00099754, weight distance: 0.0786
2025-09-23 05:40:04,356 - INFO - Example /home/projects/bagon/shared/imagenet512/val/n03759954/ILSVRC2012_val_00032691.JPEG reached epsilon at step 2104, loss sum: 1299.1387, final loss: 0.00099945, weight distance: 0.1179
2025-09-23 05:40:10,347 - INFO - Example /home/projects/bagon/shared/imagenet512/val/n02437312/ILSVRC2012_val_00049007.JPEG reached epsilon at step 835, loss sum: 25.5282, final loss: 0.00099945, weight distance: 0.0421
2025-09-23 05:40:24,202 - INFO - Example /home/projects/bagon/shared/imagenet512/val/n04254680/ILSVRC2012_val_00044160.JPEG reached epsilon at step 2002, loss sum: 192.0406, final loss: 0.00099277, weight distance: 0.0910
2025-09-23 05:40:28,040 - INFO - Example /home/projects/bagon/shared/imagenet512/val/n03788365/ILSVRC2012_val_00044292.JPEG reached epsilon at step 513, loss sum: 3.7891, final loss: 0.00099468, weight distance: 0.0258
2025-09-23 05:40:46,806 - INFO - Example /home/projects/bagon/shared/imagenet512/val/n02105855/ILSVRC2012_val_00001963.JPEG reached epsilon at step 2738, loss sum: 599.4847, final loss: 0.00099850, weight distance: 0.1224
2025-09-23 05:41:06,219 - INFO - Example /home/projects/bagon/shared/imagenet512/val/n01739381/ILSVRC2012_val_00037666.JPEG reached epsilon at step 2816, loss sum: 149.7592, final loss: 0.00099659, weight distance: 0.0896
2025-09-23 05:41:25,139 - INFO - Example /home/projects/bagon/shared/imagenet512/val/n01871265/ILSVRC2012_val_00034969.JPEG reached epsilon at step 2730, loss sum: 198.5971, final loss: 0.00099850, weight distance: 0.1128
2025-09-23 05:41:35,172 - INFO - Example /home/projects/bagon/shared/imagenet512/val/n02099849/ILSVRC2012_val_00027174.JPEG reached epsilon at step 1363, loss sum: 29.0763, final loss: 0.00099659, weight distance: 0.0585
2025-09-23 05:41:41,102 - INFO - Example /home/projects/bagon/shared/imagenet512/val/n02088094/ILSVRC2012_val_00016722.JPEG reached epsilon at step 783, loss sum: 5.3005, final loss: 0.00099277, weight distance: 0.0329
2025-09-23 05:41:50,264 - INFO - Example /home/projects/bagon/shared/imagenet512/val/n01795545/ILSVRC2012_val_00020683.JPEG reached epsilon at step 1244, loss sum: 341.2487, final loss: 0.00099373, weight distance: 0.0734
2025-09-23 05:41:55,154 - INFO - Example /home/projects/bagon/shared/imagenet512/val/n07717410/ILSVRC2012_val_00027745.JPEG reached epsilon at step 662, loss sum: 4.9112, final loss: 0.00099468, weight distance: 0.0298
2025-09-23 05:42:07,156 - INFO - Example /home/projects/bagon/shared/imagenet512/val/n02138441/ILSVRC2012_val_00016368.JPEG reached epsilon at step 1721, loss sum: 484.1165, final loss: 0.00099182, weight distance: 0.0830
2025-09-23 05:42:18,310 - INFO - Example /home/projects/bagon/shared/imagenet512/val/n01983481/ILSVRC2012_val_00028475.JPEG reached epsilon at step 1577, loss sum: 292.8848, final loss: 0.00098896, weight distance: 0.0767
2025-09-23 05:42:28,035 - INFO - Example /home/projects/bagon/shared/imagenet512/val/n04067472/ILSVRC2012_val_00043691.JPEG reached epsilon at step 1382, loss sum: 22.5078, final loss: 0.00099754, weight distance: 0.0553
2025-09-23 05:42:42,506 - INFO - Example /home/projects/bagon/shared/imagenet512/val/n04153751/ILSVRC2012_val_00012421.JPEG reached epsilon at step 2083, loss sum: 328.2812, final loss: 0.00099850, weight distance: 0.0978
2025-09-23 05:42:59,143 - INFO - Example /home/projects/bagon/shared/imagenet512/val/n03888605/ILSVRC2012_val_00036323.JPEG reached epsilon at step 2416, loss sum: 35.6691, final loss: 0.00099659, weight distance: 0.0802
2025-09-23 05:43:13,855 - INFO - Example /home/projects/bagon/shared/imagenet512/val/n02097047/ILSVRC2012_val_00036019.JPEG reached epsilon at step 2123, loss sum: 322.8022, final loss: 0.00099564, weight distance: 0.0887
2025-09-23 05:43:23,427 - INFO - Example /home/projects/bagon/shared/imagenet512/val/n02093647/ILSVRC2012_val_00003887.JPEG reached epsilon at step 1348, loss sum: 22.4811, final loss: 0.00099659, weight distance: 0.0559
2025-09-23 05:43:31,138 - INFO - Example /home/projects/bagon/shared/imagenet512/val/n02319095/ILSVRC2012_val_00035430.JPEG reached epsilon at step 1082, loss sum: 51.6847, final loss: 0.00099373, weight distance: 0.0560
2025-09-23 05:43:40,557 - INFO - Example /home/projects/bagon/shared/imagenet512/val/n02488291/ILSVRC2012_val_00002477.JPEG reached epsilon at step 1337, loss sum: 60.0410, final loss: 0.00099659, weight distance: 0.0581
2025-09-23 05:43:48,878 - INFO - Example /home/projects/bagon/shared/imagenet512/val/n03763968/ILSVRC2012_val_00038094.JPEG reached epsilon at step 1174, loss sum: 232.1673, final loss: 0.00099945, weight distance: 0.0662
2025-09-23 05:43:52,140 - INFO - Example /home/projects/bagon/shared/imagenet512/val/n02395406/ILSVRC2012_val_00031236.JPEG reached epsilon at step 424, loss sum: 5.1492, final loss: 0.00098801, weight distance: 0.0249
2025-09-23 05:44:02,884 - INFO - Example /home/projects/bagon/shared/imagenet512/val/n04070727/ILSVRC2012_val_00030034.JPEG reached epsilon at step 1535, loss sum: 232.6618, final loss: 0.00099182, weight distance: 0.0815
2025-09-23 05:44:16,900 - INFO - Example /home/projects/bagon/shared/imagenet512/val/n02441942/ILSVRC2012_val_00026472.JPEG reached epsilon at step 2025, loss sum: 75.5201, final loss: 0.00099850, weight distance: 0.0715
2025-09-23 05:44:27,228 - INFO - Example /home/projects/bagon/shared/imagenet512/val/n04252225/ILSVRC2012_val_00013986.JPEG reached epsilon at step 1471, loss sum: 331.3598, final loss: 0.00099754, weight distance: 0.0827
2025-09-23 05:44:42,169 - INFO - Example /home/projects/bagon/shared/imagenet512/val/n02102177/ILSVRC2012_val_00025493.JPEG reached epsilon at step 2159, loss sum: 269.7237, final loss: 0.00099468, weight distance: 0.0983
2025-09-23 05:44:52,566 - INFO - Example /home/projects/bagon/shared/imagenet512/val/n03000247/ILSVRC2012_val_00020322.JPEG reached epsilon at step 1485, loss sum: 500.8774, final loss: 0.00099850, weight distance: 0.0820
2025-09-23 05:45:03,050 - INFO - Example /home/projects/bagon/shared/imagenet512/val/n03944341/ILSVRC2012_val_00025817.JPEG reached epsilon at step 1496, loss sum: 1642.8211, final loss: 0.00099373, weight distance: 0.1058
2025-09-23 05:45:22,363 - INFO - Example /home/projects/bagon/shared/imagenet512/val/n04026417/ILSVRC2012_val_00036411.JPEG reached epsilon at step 2805, loss sum: 372.7372, final loss: 0.00099945, weight distance: 0.1066
2025-09-23 05:45:31,651 - INFO - Example /home/projects/bagon/shared/imagenet512/val/n01943899/ILSVRC2012_val_00038001.JPEG reached epsilon at step 1318, loss sum: 333.7466, final loss: 0.00099373, weight distance: 0.0799
2025-09-23 05:45:49,121 - INFO - Example /home/projects/bagon/shared/imagenet512/val/n02815834/ILSVRC2012_val_00037928.JPEG reached epsilon at step 2549, loss sum: 362.7734, final loss: 0.00098991, weight distance: 0.1047
2025-09-23 05:45:56,552 - INFO - Example /home/projects/bagon/shared/imagenet512/val/n03133878/ILSVRC2012_val_00042723.JPEG reached epsilon at step 1045, loss sum: 109.0728, final loss: 0.00099945, weight distance: 0.0586
2025-09-23 05:46:08,468 - INFO - Example /home/projects/bagon/shared/imagenet512/val/n02110958/ILSVRC2012_val_00033673.JPEG reached epsilon at step 1709, loss sum: 45.4587, final loss: 0.00099277, weight distance: 0.0673
2025-09-23 05:46:23,121 - INFO - Example /home/projects/bagon/shared/imagenet512/val/n02138441/ILSVRC2012_val_00033234.JPEG reached epsilon at step 2113, loss sum: 280.3956, final loss: 0.00099468, weight distance: 0.0851
2025-09-23 05:46:35,620 - INFO - Example /home/projects/bagon/shared/imagenet512/val/n03041632/ILSVRC2012_val_00034599.JPEG reached epsilon at step 1796, loss sum: 307.7197, final loss: 0.00099373, weight distance: 0.0896
2025-09-23 05:46:50,204 - INFO - Example /home/projects/bagon/shared/imagenet512/val/n02536864/ILSVRC2012_val_00046522.JPEG reached epsilon at step 2108, loss sum: 516.3648, final loss: 0.00099564, weight distance: 0.1003
2025-09-23 05:47:02,545 - INFO - Example /home/projects/bagon/shared/imagenet512/val/n04133789/ILSVRC2012_val_00029942.JPEG reached epsilon at step 1774, loss sum: 539.1058, final loss: 0.00099945, weight distance: 0.0954
2025-09-23 05:47:19,239 - INFO - Example /home/projects/bagon/shared/imagenet512/val/n02403003/ILSVRC2012_val_00049278.JPEG reached epsilon at step 2421, loss sum: 762.8146, final loss: 0.00099754, weight distance: 0.1223
2025-09-23 05:47:27,939 - INFO - Example /home/projects/bagon/shared/imagenet512/val/n02231487/ILSVRC2012_val_00009943.JPEG reached epsilon at step 1235, loss sum: 91.8307, final loss: 0.00099754, weight distance: 0.0600
2025-09-23 05:47:40,548 - INFO - Example /home/projects/bagon/shared/imagenet512/val/n04229816/ILSVRC2012_val_00005577.JPEG reached epsilon at step 1817, loss sum: 576.1667, final loss: 0.00099468, weight distance: 0.0951
2025-09-23 05:47:53,037 - INFO - Example /home/projects/bagon/shared/imagenet512/val/n02025239/ILSVRC2012_val_00033718.JPEG reached epsilon at step 1795, loss sum: 268.9523, final loss: 0.00098896, weight distance: 0.0858
2025-09-23 05:48:02,499 - INFO - Example /home/projects/bagon/shared/imagenet512/val/n01514668/ILSVRC2012_val_00009219.JPEG reached epsilon at step 1347, loss sum: 54.6902, final loss: 0.00099659, weight distance: 0.0540
2025-09-23 05:48:17,099 - INFO - Example /home/projects/bagon/shared/imagenet512/val/n01614925/ILSVRC2012_val_00044921.JPEG reached epsilon at step 2105, loss sum: 279.1485, final loss: 0.00099850, weight distance: 0.0966
2025-09-23 05:48:27,210 - INFO - Example /home/projects/bagon/shared/imagenet512/val/n03485794/ILSVRC2012_val_00033870.JPEG reached epsilon at step 1442, loss sum: 286.0466, final loss: 0.00099659, weight distance: 0.0751
2025-09-23 05:48:31,385 - INFO - Example /home/projects/bagon/shared/imagenet512/val/n02398521/ILSVRC2012_val_00001473.JPEG reached epsilon at step 560, loss sum: 17.0692, final loss: 0.00099659, weight distance: 0.0352
2025-09-23 05:48:43,788 - INFO - Example /home/projects/bagon/shared/imagenet512/val/n04273569/ILSVRC2012_val_00031072.JPEG reached epsilon at step 1781, loss sum: 375.4837, final loss: 0.00099087, weight distance: 0.0977
2025-09-23 05:48:59,094 - INFO - Example /home/projects/bagon/shared/imagenet512/val/n03017168/ILSVRC2012_val_00035720.JPEG reached epsilon at step 2122, loss sum: 244.1617, final loss: 0.00099564, weight distance: 0.0928
2025-09-23 05:49:14,555 - INFO - Example /home/projects/bagon/shared/imagenet512/val/n02978881/ILSVRC2012_val_00016154.JPEG reached epsilon at step 2244, loss sum: 713.7556, final loss: 0.00099945, weight distance: 0.1185
2025-09-23 05:49:33,890 - INFO - Example /home/projects/bagon/shared/imagenet512/val/n02094258/ILSVRC2012_val_00030671.JPEG reached epsilon at step 2813, loss sum: 233.2812, final loss: 0.00098896, weight distance: 0.1068
2025-09-23 05:49:35,799 - INFO - Example /home/projects/bagon/shared/imagenet512/val/n03404251/ILSVRC2012_val_00018215.JPEG reached epsilon at step 223, loss sum: 0.4441, final loss: 0.00098515, weight distance: 0.0083
2025-09-23 05:49:44,410 - INFO - Example /home/projects/bagon/shared/imagenet512/val/n01986214/ILSVRC2012_val_00005582.JPEG reached epsilon at step 1219, loss sum: 118.9005, final loss: 0.00099754, weight distance: 0.0631
2025-09-23 05:49:56,579 - INFO - Example /home/projects/bagon/shared/imagenet512/val/n02099849/ILSVRC2012_val_00040639.JPEG reached epsilon at step 1748, loss sum: 90.1584, final loss: 0.00099850, weight distance: 0.0716
2025-09-23 05:50:07,021 - INFO - Example /home/projects/bagon/shared/imagenet512/val/n04589890/ILSVRC2012_val_00029584.JPEG reached epsilon at step 1489, loss sum: 430.5906, final loss: 0.00099373, weight distance: 0.0887
2025-09-23 05:50:19,574 - INFO - Example /home/projects/bagon/shared/imagenet512/val/n03976657/ILSVRC2012_val_00026898.JPEG reached epsilon at step 1808, loss sum: 70.1242, final loss: 0.00099659, weight distance: 0.0732
2025-09-23 05:50:35,696 - INFO - Example /home/projects/bagon/shared/imagenet512/val/n02106030/ILSVRC2012_val_00009055.JPEG reached epsilon at step 2337, loss sum: 198.0416, final loss: 0.00099659, weight distance: 0.0990
2025-09-23 05:50:43,618 - INFO - Example /home/projects/bagon/shared/imagenet512/val/n03630383/ILSVRC2012_val_00019735.JPEG reached epsilon at step 1117, loss sum: 47.8084, final loss: 0.00099659, weight distance: 0.0564
2025-09-23 05:50:54,501 - INFO - Example /home/projects/bagon/shared/imagenet512/val/n03961711/ILSVRC2012_val_00010631.JPEG reached epsilon at step 1559, loss sum: 531.5797, final loss: 0.00098991, weight distance: 0.0911
2025-09-23 05:51:05,943 - INFO - Example /home/projects/bagon/shared/imagenet512/val/n04049303/ILSVRC2012_val_00038346.JPEG reached epsilon at step 1642, loss sum: 262.2284, final loss: 0.00099945, weight distance: 0.0808
2025-09-23 05:51:11,798 - INFO - Example /home/projects/bagon/shared/imagenet512/val/n03485794/ILSVRC2012_val_00018118.JPEG reached epsilon at step 811, loss sum: 76.3147, final loss: 0.00098705, weight distance: 0.0476
2025-09-23 05:51:20,048 - INFO - Example /home/projects/bagon/shared/imagenet512/val/n04372370/ILSVRC2012_val_00026447.JPEG reached epsilon at step 1163, loss sum: 314.5425, final loss: 0.00099754, weight distance: 0.0747
2025-09-23 05:51:29,609 - INFO - Example /home/projects/bagon/shared/imagenet512/val/n04116512/ILSVRC2012_val_00015501.JPEG reached epsilon at step 1309, loss sum: 113.6624, final loss: 0.00099754, weight distance: 0.0703
2025-09-23 05:51:45,558 - INFO - Example /home/projects/bagon/shared/imagenet512/val/n04376876/ILSVRC2012_val_00010898.JPEG reached epsilon at step 2310, loss sum: 209.4927, final loss: 0.00099373, weight distance: 0.1005
2025-09-23 05:51:51,289 - INFO - Example /home/projects/bagon/shared/imagenet512/val/n04456115/ILSVRC2012_val_00015178.JPEG reached epsilon at step 792, loss sum: 183.4111, final loss: 0.00099182, weight distance: 0.0547
2025-09-23 05:52:08,297 - INFO - Example /home/projects/bagon/shared/imagenet512/val/n03637318/ILSVRC2012_val_00033621.JPEG reached epsilon at step 2474, loss sum: 564.8708, final loss: 0.00099754, weight distance: 0.1063
2025-09-23 05:52:21,066 - INFO - Example /home/projects/bagon/shared/imagenet512/val/n02028035/ILSVRC2012_val_00023199.JPEG reached epsilon at step 1837, loss sum: 157.9411, final loss: 0.00099850, weight distance: 0.0806
2025-09-23 05:52:34,398 - INFO - Example /home/projects/bagon/shared/imagenet512/val/n01877812/ILSVRC2012_val_00027300.JPEG reached epsilon at step 1919, loss sum: 232.9329, final loss: 0.00099945, weight distance: 0.0920
2025-09-23 05:52:44,020 - INFO - Example /home/projects/bagon/shared/imagenet512/val/n03958227/ILSVRC2012_val_00041533.JPEG reached epsilon at step 1306, loss sum: 272.8874, final loss: 0.00099087, weight distance: 0.0760
2025-09-23 05:52:52,969 - INFO - Example /home/projects/bagon/shared/imagenet512/val/n04200800/ILSVRC2012_val_00003291.JPEG reached epsilon at step 1220, loss sum: 561.9032, final loss: 0.00099087, weight distance: 0.0807
2025-09-23 05:53:06,069 - INFO - Example /home/projects/bagon/shared/imagenet512/val/n02701002/ILSVRC2012_val_00016090.JPEG reached epsilon at step 1885, loss sum: 130.8776, final loss: 0.00099850, weight distance: 0.0851
2025-09-23 05:53:23,017 - INFO - Example /home/projects/bagon/shared/imagenet512/val/n02281406/ILSVRC2012_val_00045771.JPEG reached epsilon at step 2458, loss sum: 1125.7180, final loss: 0.00099754, weight distance: 0.1336
2025-09-23 05:53:32,055 - INFO - Example /home/projects/bagon/shared/imagenet512/val/n04540053/ILSVRC2012_val_00044431.JPEG reached epsilon at step 1282, loss sum: 62.6354, final loss: 0.00099087, weight distance: 0.0624
2025-09-23 05:53:38,736 - INFO - Example /home/projects/bagon/shared/imagenet512/val/n02488702/ILSVRC2012_val_00039808.JPEG reached epsilon at step 927, loss sum: 46.3954, final loss: 0.00099850, weight distance: 0.0529
2025-09-23 05:53:49,800 - INFO - Example /home/projects/bagon/shared/imagenet512/val/n01560419/ILSVRC2012_val_00026929.JPEG reached epsilon at step 1576, loss sum: 255.3434, final loss: 0.00099945, weight distance: 0.0824
2025-09-23 05:54:07,138 - INFO - Example /home/projects/bagon/shared/imagenet512/val/n04398044/ILSVRC2012_val_00006001.JPEG reached epsilon at step 2353, loss sum: 703.3896, final loss: 0.00099468, weight distance: 0.1153
2025-09-23 05:54:14,772 - INFO - Example /home/projects/bagon/shared/imagenet512/val/n07760859/ILSVRC2012_val_00004368.JPEG reached epsilon at step 1024, loss sum: 383.2011, final loss: 0.00098801, weight distance: 0.0682
2025-09-23 05:54:32,314 - INFO - Example /home/projects/bagon/shared/imagenet512/val/n02692877/ILSVRC2012_val_00046169.JPEG reached epsilon at step 2543, loss sum: 2015.0233, final loss: 0.00099754, weight distance: 0.1427
2025-09-23 05:54:41,996 - INFO - Example /home/projects/bagon/shared/imagenet512/val/n02091831/ILSVRC2012_val_00000300.JPEG reached epsilon at step 1376, loss sum: 149.2713, final loss: 0.00099087, weight distance: 0.0673
2025-09-23 05:54:54,485 - INFO - Example /home/projects/bagon/shared/imagenet512/val/n02356798/ILSVRC2012_val_00000502.JPEG reached epsilon at step 1791, loss sum: 255.6386, final loss: 0.00099468, weight distance: 0.0882
2025-09-23 05:55:03,293 - INFO - Example /home/projects/bagon/shared/imagenet512/val/n03814639/ILSVRC2012_val_00000243.JPEG reached epsilon at step 1247, loss sum: 117.4567, final loss: 0.00099468, weight distance: 0.0659
2025-09-23 05:55:13,054 - INFO - Example /home/projects/bagon/shared/imagenet512/val/n02444819/ILSVRC2012_val_00032606.JPEG reached epsilon at step 1391, loss sum: 649.2545, final loss: 0.00099945, weight distance: 0.0823
2025-09-23 05:55:24,198 - INFO - Example /home/projects/bagon/shared/imagenet512/val/n02018207/ILSVRC2012_val_00043477.JPEG reached epsilon at step 1595, loss sum: 467.8580, final loss: 0.00099754, weight distance: 0.0905
2025-09-23 05:55:38,860 - INFO - Example /home/projects/bagon/shared/imagenet512/val/n02099429/ILSVRC2012_val_00041438.JPEG reached epsilon at step 2119, loss sum: 562.2668, final loss: 0.00099277, weight distance: 0.0976
2025-09-23 05:55:48,142 - INFO - Example /home/projects/bagon/shared/imagenet512/val/n01828970/ILSVRC2012_val_00024106.JPEG reached epsilon at step 1315, loss sum: 131.0440, final loss: 0.00099850, weight distance: 0.0700
2025-09-23 05:55:59,741 - INFO - Example /home/projects/bagon/shared/imagenet512/val/n02106662/ILSVRC2012_val_00012960.JPEG reached epsilon at step 1612, loss sum: 71.0470, final loss: 0.00099945, weight distance: 0.0629
2025-09-23 05:56:02,700 - INFO - Example /home/projects/bagon/shared/imagenet512/val/n01955084/ILSVRC2012_val_00011430.JPEG reached epsilon at step 359, loss sum: 0.7100, final loss: 0.00099850, weight distance: 0.0103
2025-09-23 05:56:09,556 - INFO - Example /home/projects/bagon/shared/imagenet512/val/n02672831/ILSVRC2012_val_00028627.JPEG reached epsilon at step 904, loss sum: 32.7506, final loss: 0.00099659, weight distance: 0.0489
2025-09-23 05:56:21,982 - INFO - Example /home/projects/bagon/shared/imagenet512/val/n04270147/ILSVRC2012_val_00045450.JPEG reached epsilon at step 1777, loss sum: 444.7321, final loss: 0.00099087, weight distance: 0.0946
2025-09-23 05:56:32,417 - INFO - Example /home/projects/bagon/shared/imagenet512/val/n03680355/ILSVRC2012_val_00024652.JPEG reached epsilon at step 1465, loss sum: 66.3897, final loss: 0.00099564, weight distance: 0.0680
2025-09-23 05:56:40,664 - INFO - Example /home/projects/bagon/shared/imagenet512/val/n03706229/ILSVRC2012_val_00018668.JPEG reached epsilon at step 1166, loss sum: 75.1693, final loss: 0.00099659, weight distance: 0.0609
2025-09-23 05:56:53,354 - INFO - Example /home/projects/bagon/shared/imagenet512/val/n02105412/ILSVRC2012_val_00015210.JPEG reached epsilon at step 1829, loss sum: 286.5923, final loss: 0.00099945, weight distance: 0.0926
2025-09-23 05:57:11,886 - INFO - Example /home/projects/bagon/shared/imagenet512/val/n02095570/ILSVRC2012_val_00005146.JPEG reached epsilon at step 2696, loss sum: 442.3548, final loss: 0.00099564, weight distance: 0.1077
2025-09-23 05:57:20,653 - INFO - Example /home/projects/bagon/shared/imagenet512/val/n04146614/ILSVRC2012_val_00009450.JPEG reached epsilon at step 1244, loss sum: 44.7483, final loss: 0.00098801, weight distance: 0.0594
2025-09-23 05:57:31,199 - INFO - Example /home/projects/bagon/shared/imagenet512/val/n02655020/ILSVRC2012_val_00032907.JPEG reached epsilon at step 1509, loss sum: 567.5393, final loss: 0.00098991, weight distance: 0.0883
2025-09-23 05:57:41,889 - INFO - Example /home/projects/bagon/shared/imagenet512/val/n04372370/ILSVRC2012_val_00025073.JPEG reached epsilon at step 1528, loss sum: 86.7329, final loss: 0.00098991, weight distance: 0.0716
2025-09-23 05:57:51,018 - INFO - Example /home/projects/bagon/shared/imagenet512/val/n04443257/ILSVRC2012_val_00041486.JPEG reached epsilon at step 1299, loss sum: 108.4172, final loss: 0.00099373, weight distance: 0.0704
2025-09-23 05:58:05,446 - INFO - Example /home/projects/bagon/shared/imagenet512/val/n04201297/ILSVRC2012_val_00015864.JPEG reached epsilon at step 2086, loss sum: 149.4860, final loss: 0.00098896, weight distance: 0.0860
2025-09-23 05:58:13,197 - INFO - Example /home/projects/bagon/shared/imagenet512/val/n03630383/ILSVRC2012_val_00024199.JPEG reached epsilon at step 1091, loss sum: 24.0238, final loss: 0.00099277, weight distance: 0.0481
2025-09-23 05:58:25,362 - INFO - Example /home/projects/bagon/shared/imagenet512/val/n04326547/ILSVRC2012_val_00006408.JPEG reached epsilon at step 1745, loss sum: 102.6159, final loss: 0.00099468, weight distance: 0.0744
2025-09-23 05:58:35,703 - INFO - Example /home/projects/bagon/shared/imagenet512/val/n01950731/ILSVRC2012_val_00009910.JPEG reached epsilon at step 1477, loss sum: 89.5831, final loss: 0.00098705, weight distance: 0.0637
2025-09-23 05:58:51,492 - INFO - Example /home/projects/bagon/shared/imagenet512/val/n03127747/ILSVRC2012_val_00013542.JPEG reached epsilon at step 2286, loss sum: 807.3211, final loss: 0.00099564, weight distance: 0.1194
2025-09-23 05:59:05,085 - INFO - Example /home/projects/bagon/shared/imagenet512/val/n01669191/ILSVRC2012_val_00030593.JPEG reached epsilon at step 1959, loss sum: 236.2597, final loss: 0.00099564, weight distance: 0.0899
2025-09-23 05:59:17,090 - INFO - Example /home/projects/bagon/shared/imagenet512/val/n01667778/ILSVRC2012_val_00032135.JPEG reached epsilon at step 1724, loss sum: 331.4120, final loss: 0.00099182, weight distance: 0.0740
2025-09-23 05:59:31,216 - INFO - Example /home/projects/bagon/shared/imagenet512/val/n01797886/ILSVRC2012_val_00035521.JPEG reached epsilon at step 2040, loss sum: 118.8687, final loss: 0.00099659, weight distance: 0.0859
2025-09-23 05:59:41,391 - INFO - Example /home/projects/bagon/shared/imagenet512/val/n04192698/ILSVRC2012_val_00026513.JPEG reached epsilon at step 1451, loss sum: 371.6714, final loss: 0.00098991, weight distance: 0.0794
2025-09-23 05:59:48,161 - INFO - Example /home/projects/bagon/shared/imagenet512/val/n03595614/ILSVRC2012_val_00004520.JPEG reached epsilon at step 944, loss sum: 2.0236, final loss: 0.00099182, weight distance: 0.0189
2025-09-23 05:59:59,932 - INFO - Example /home/projects/bagon/shared/imagenet512/val/n03903868/ILSVRC2012_val_00013811.JPEG reached epsilon at step 1687, loss sum: 257.2748, final loss: 0.00098896, weight distance: 0.0794
2025-09-23 06:00:04,817 - INFO - Example /home/projects/bagon/shared/imagenet512/val/n02077923/ILSVRC2012_val_00023070.JPEG reached epsilon at step 664, loss sum: 22.6192, final loss: 0.00099659, weight distance: 0.0390
2025-09-23 06:00:15,359 - INFO - Example /home/projects/bagon/shared/imagenet512/val/n09246464/ILSVRC2012_val_00030220.JPEG reached epsilon at step 1505, loss sum: 64.7443, final loss: 0.00099945, weight distance: 0.0645
2025-09-23 06:00:23,483 - INFO - Example /home/projects/bagon/shared/imagenet512/val/n02190166/ILSVRC2012_val_00039673.JPEG reached epsilon at step 1144, loss sum: 99.1575, final loss: 0.00099850, weight distance: 0.0594
2025-09-23 06:00:31,733 - INFO - Example /home/projects/bagon/shared/imagenet512/val/n02879718/ILSVRC2012_val_00030252.JPEG reached epsilon at step 1162, loss sum: 544.7947, final loss: 0.00099564, weight distance: 0.0780
2025-09-23 06:00:41,554 - INFO - Example /home/projects/bagon/shared/imagenet512/val/n02100735/ILSVRC2012_val_00032017.JPEG reached epsilon at step 1341, loss sum: 80.1847, final loss: 0.00099754, weight distance: 0.0668
2025-09-23 06:00:54,110 - INFO - Example /home/projects/bagon/shared/imagenet512/val/n02099712/ILSVRC2012_val_00023471.JPEG reached epsilon at step 1809, loss sum: 76.4869, final loss: 0.00099945, weight distance: 0.0721
2025-09-23 06:01:01,777 - INFO - Example /home/projects/bagon/shared/imagenet512/val/n02910353/ILSVRC2012_val_00004324.JPEG reached epsilon at step 1076, loss sum: 99.8812, final loss: 0.00099373, weight distance: 0.0583
2025-09-23 06:01:17,545 - INFO - Example /home/projects/bagon/shared/imagenet512/val/n03759954/ILSVRC2012_val_00021431.JPEG reached epsilon at step 2262, loss sum: 857.3144, final loss: 0.00098991, weight distance: 0.1172
2025-09-23 06:01:24,492 - INFO - Example /home/projects/bagon/shared/imagenet512/val/n01798484/ILSVRC2012_val_00001461.JPEG reached epsilon at step 969, loss sum: 47.9325, final loss: 0.00099564, weight distance: 0.0498
2025-09-23 06:01:37,727 - INFO - Example /home/projects/bagon/shared/imagenet512/val/n01496331/ILSVRC2012_val_00002207.JPEG reached epsilon at step 1903, loss sum: 589.3824, final loss: 0.00098801, weight distance: 0.0954
2025-09-23 06:01:51,504 - INFO - Example /home/projects/bagon/shared/imagenet512/val/n03991062/ILSVRC2012_val_00024712.JPEG reached epsilon at step 1966, loss sum: 374.4357, final loss: 0.00099945, weight distance: 0.1001
2025-09-23 06:01:58,160 - INFO - Example /home/projects/bagon/shared/imagenet512/val/n01818515/ILSVRC2012_val_00030397.JPEG reached epsilon at step 929, loss sum: 61.6905, final loss: 0.00099087, weight distance: 0.0525
2025-09-23 06:02:12,032 - INFO - Example /home/projects/bagon/shared/imagenet512/val/n02114855/ILSVRC2012_val_00028347.JPEG reached epsilon at step 2002, loss sum: 111.0556, final loss: 0.00099850, weight distance: 0.0842
2025-09-23 06:02:21,114 - INFO - Example /home/projects/bagon/shared/imagenet512/val/n13052670/ILSVRC2012_val_00002575.JPEG reached epsilon at step 1291, loss sum: 88.3386, final loss: 0.00099277, weight distance: 0.0619
2025-09-23 06:02:31,309 - INFO - Example /home/projects/bagon/shared/imagenet512/val/n03126707/ILSVRC2012_val_00047718.JPEG reached epsilon at step 1453, loss sum: 165.2305, final loss: 0.00099850, weight distance: 0.0756
2025-09-23 06:02:48,623 - INFO - Example /home/projects/bagon/shared/imagenet512/val/n02441942/ILSVRC2012_val_00024239.JPEG reached epsilon at step 2513, loss sum: 641.7119, final loss: 0.00099850, weight distance: 0.0981
2025-09-23 06:03:01,091 - INFO - Example /home/projects/bagon/shared/imagenet512/val/n03617480/ILSVRC2012_val_00020146.JPEG reached epsilon at step 1792, loss sum: 863.5531, final loss: 0.00098705, weight distance: 0.1026
2025-09-23 06:03:10,115 - INFO - Example /home/projects/bagon/shared/imagenet512/val/n03000684/ILSVRC2012_val_00027785.JPEG reached epsilon at step 1281, loss sum: 284.6942, final loss: 0.00099087, weight distance: 0.0744
2025-09-23 06:03:20,692 - INFO - Example /home/projects/bagon/shared/imagenet512/val/n01530575/ILSVRC2012_val_00037748.JPEG reached epsilon at step 1512, loss sum: 926.8997, final loss: 0.00099277, weight distance: 0.0863
2025-09-23 06:03:35,475 - INFO - Example /home/projects/bagon/shared/imagenet512/val/n03478589/ILSVRC2012_val_00017907.JPEG reached epsilon at step 2136, loss sum: 1257.3393, final loss: 0.00099182, weight distance: 0.1142
2025-09-23 06:03:46,266 - INFO - Example /home/projects/bagon/shared/imagenet512/val/n03840681/ILSVRC2012_val_00023261.JPEG reached epsilon at step 1543, loss sum: 340.4855, final loss: 0.00099754, weight distance: 0.0879
2025-09-23 06:04:00,670 - INFO - Example /home/projects/bagon/shared/imagenet512/val/n07717556/ILSVRC2012_val_00032936.JPEG reached epsilon at step 2081, loss sum: 1435.5551, final loss: 0.00099373, weight distance: 0.1102
2025-09-23 06:04:04,326 - INFO - Example /home/projects/bagon/shared/imagenet512/val/n01955084/ILSVRC2012_val_00001857.JPEG reached epsilon at step 480, loss sum: 1.9349, final loss: 0.00099468, weight distance: 0.0208
2025-09-23 06:04:12,463 - INFO - Example /home/projects/bagon/shared/imagenet512/val/n04039381/ILSVRC2012_val_00037671.JPEG reached epsilon at step 1144, loss sum: 506.2288, final loss: 0.00099850, weight distance: 0.0773
2025-09-23 06:04:18,169 - INFO - Example /home/projects/bagon/shared/imagenet512/val/n02410509/ILSVRC2012_val_00023312.JPEG reached epsilon at step 787, loss sum: 40.1177, final loss: 0.00099373, weight distance: 0.0461
2025-09-23 06:04:22,918 - INFO - Example /home/projects/bagon/shared/imagenet512/val/n04435653/ILSVRC2012_val_00004121.JPEG reached epsilon at step 641, loss sum: 8.7156, final loss: 0.00098801, weight distance: 0.0330
2025-09-23 06:04:34,263 - INFO - Example /home/projects/bagon/shared/imagenet512/val/n03584829/ILSVRC2012_val_00000910.JPEG reached epsilon at step 1625, loss sum: 935.1152, final loss: 0.00099945, weight distance: 0.1010
2025-09-23 06:04:46,426 - INFO - Example /home/projects/bagon/shared/imagenet512/val/n02091244/ILSVRC2012_val_00015464.JPEG reached epsilon at step 1740, loss sum: 203.9619, final loss: 0.00099945, weight distance: 0.0831
2025-09-23 06:05:00,225 - INFO - Example /home/projects/bagon/shared/imagenet512/val/n02100236/ILSVRC2012_val_00011682.JPEG reached epsilon at step 1992, loss sum: 1174.1365, final loss: 0.00099277, weight distance: 0.1044
2025-09-23 06:05:10,454 - INFO - Example /home/projects/bagon/shared/imagenet512/val/n02948072/ILSVRC2012_val_00025086.JPEG reached epsilon at step 1462, loss sum: 123.7018, final loss: 0.00099468, weight distance: 0.0751
2025-09-23 06:05:26,897 - INFO - Example /home/projects/bagon/shared/imagenet512/val/n03461385/ILSVRC2012_val_00012013.JPEG reached epsilon at step 2382, loss sum: 466.8961, final loss: 0.00099659, weight distance: 0.1038
2025-09-23 06:05:34,728 - INFO - Example /home/projects/bagon/shared/imagenet512/val/n04346328/ILSVRC2012_val_00010542.JPEG reached epsilon at step 1102, loss sum: 476.7011, final loss: 0.00099087, weight distance: 0.0714
2025-09-23 06:05:57,069 - INFO - Example /home/projects/bagon/shared/imagenet512/val/n02326432/ILSVRC2012_val_00034786.JPEG reached epsilon at step 3256, loss sum: 339.7395, final loss: 0.00099850, weight distance: 0.1215
2025-09-23 06:06:09,892 - INFO - Example /home/projects/bagon/shared/imagenet512/val/n02137549/ILSVRC2012_val_00022398.JPEG reached epsilon at step 1846, loss sum: 283.8083, final loss: 0.00099182, weight distance: 0.0910
2025-09-23 06:06:21,437 - INFO - Example /home/projects/bagon/shared/imagenet512/val/n02137549/ILSVRC2012_val_00017084.JPEG reached epsilon at step 1655, loss sum: 653.0180, final loss: 0.00099468, weight distance: 0.0957
2025-09-23 06:06:26,508 - INFO - Example /home/projects/bagon/shared/imagenet512/val/n03874293/ILSVRC2012_val_00028384.JPEG reached epsilon at step 694, loss sum: 2.5614, final loss: 0.00098991, weight distance: 0.0253
2025-09-23 06:06:32,517 - INFO - Example /home/projects/bagon/shared/imagenet512/val/n02666196/ILSVRC2012_val_00038861.JPEG reached epsilon at step 831, loss sum: 19.5173, final loss: 0.00099468, weight distance: 0.0423
2025-09-23 06:06:44,673 - INFO - Example /home/projects/bagon/shared/imagenet512/val/n02328150/ILSVRC2012_val_00029874.JPEG reached epsilon at step 1748, loss sum: 646.7603, final loss: 0.00099945, weight distance: 0.0983
2025-09-23 06:06:56,326 - INFO - Example /home/projects/bagon/shared/imagenet512/val/n02091831/ILSVRC2012_val_00017092.JPEG reached epsilon at step 1672, loss sum: 257.9086, final loss: 0.00099468, weight distance: 0.0846
2025-09-23 06:07:08,777 - INFO - Example /home/projects/bagon/shared/imagenet512/val/n02108089/ILSVRC2012_val_00043791.JPEG reached epsilon at step 1795, loss sum: 171.8828, final loss: 0.00099850, weight distance: 0.0811
2025-09-23 06:07:19,910 - INFO - Example /home/projects/bagon/shared/imagenet512/val/n07745940/ILSVRC2012_val_00019754.JPEG reached epsilon at step 1593, loss sum: 154.4122, final loss: 0.00099659, weight distance: 0.0807
2025-09-23 06:07:30,552 - INFO - Example /home/projects/bagon/shared/imagenet512/val/n02948072/ILSVRC2012_val_00008806.JPEG reached epsilon at step 1439, loss sum: 87.7029, final loss: 0.00098991, weight distance: 0.0719
2025-09-23 06:07:40,885 - INFO - Example /home/projects/bagon/shared/imagenet512/val/n04606251/ILSVRC2012_val_00009289.JPEG reached epsilon at step 1408, loss sum: 261.3955, final loss: 0.00099659, weight distance: 0.0770
2025-09-23 06:07:55,682 - INFO - Example /home/projects/bagon/shared/imagenet512/val/n02277742/ILSVRC2012_val_00000810.JPEG reached epsilon at step 2119, loss sum: 445.3461, final loss: 0.00099850, weight distance: 0.1000
2025-09-23 06:08:07,590 - INFO - Example /home/projects/bagon/shared/imagenet512/val/n01531178/ILSVRC2012_val_00025535.JPEG reached epsilon at step 1658, loss sum: 576.4682, final loss: 0.00099945, weight distance: 0.1006
2025-09-23 06:08:16,002 - INFO - Example /home/projects/bagon/shared/imagenet512/val/n01689811/ILSVRC2012_val_00048213.JPEG reached epsilon at step 1188, loss sum: 120.6406, final loss: 0.00099659, weight distance: 0.0659
2025-09-23 06:08:23,601 - INFO - Example /home/projects/bagon/shared/imagenet512/val/n03944341/ILSVRC2012_val_00044025.JPEG reached epsilon at step 1066, loss sum: 184.7346, final loss: 0.00098991, weight distance: 0.0661
2025-09-23 06:08:36,694 - INFO - Example /home/projects/bagon/shared/imagenet512/val/n02397096/ILSVRC2012_val_00043406.JPEG reached epsilon at step 1884, loss sum: 93.2720, final loss: 0.00099564, weight distance: 0.0743
2025-09-23 06:08:42,756 - INFO - Example /home/projects/bagon/shared/imagenet512/val/n02457408/ILSVRC2012_val_00006352.JPEG reached epsilon at step 807, loss sum: 49.0271, final loss: 0.00099182, weight distance: 0.0482
2025-09-23 06:08:53,296 - INFO - Example /home/projects/bagon/shared/imagenet512/val/n04332243/ILSVRC2012_val_00016707.JPEG reached epsilon at step 1508, loss sum: 404.8732, final loss: 0.00099659, weight distance: 0.0829
2025-09-23 06:09:05,116 - INFO - Example /home/projects/bagon/shared/imagenet512/val/n03478589/ILSVRC2012_val_00007018.JPEG reached epsilon at step 1692, loss sum: 288.5572, final loss: 0.00099564, weight distance: 0.0879
2025-09-23 06:09:22,679 - INFO - Example /home/projects/bagon/shared/imagenet512/val/n02114367/ILSVRC2012_val_00009604.JPEG reached epsilon at step 2552, loss sum: 324.7463, final loss: 0.00099659, weight distance: 0.0990
2025-09-23 06:09:33,455 - INFO - Example /home/projects/bagon/shared/imagenet512/val/n07892512/ILSVRC2012_val_00004421.JPEG reached epsilon at step 1474, loss sum: 111.2096, final loss: 0.00099754, weight distance: 0.0727
2025-09-23 06:09:45,694 - INFO - Example /home/projects/bagon/shared/imagenet512/val/n01687978/ILSVRC2012_val_00042029.JPEG reached epsilon at step 1762, loss sum: 216.1788, final loss: 0.00099659, weight distance: 0.0857
2025-09-23 06:09:57,683 - INFO - Example /home/projects/bagon/shared/imagenet512/val/n03840681/ILSVRC2012_val_00040993.JPEG reached epsilon at step 1721, loss sum: 1075.5828, final loss: 0.00099945, weight distance: 0.1075
2025-09-23 06:10:13,768 - INFO - Example /home/projects/bagon/shared/imagenet512/val/n04039381/ILSVRC2012_val_00013012.JPEG reached epsilon at step 2328, loss sum: 210.7470, final loss: 0.00099945, weight distance: 0.1001
2025-09-23 06:10:20,312 - INFO - Example /home/projects/bagon/shared/imagenet512/val/n04613696/ILSVRC2012_val_00021122.JPEG reached epsilon at step 894, loss sum: 207.3742, final loss: 0.00098991, weight distance: 0.0559
2025-09-23 06:10:31,677 - INFO - Example /home/projects/bagon/shared/imagenet512/val/n06794110/ILSVRC2012_val_00027438.JPEG reached epsilon at step 1628, loss sum: 166.4210, final loss: 0.00099277, weight distance: 0.0806
2025-09-23 06:10:47,367 - INFO - Example /home/projects/bagon/shared/imagenet512/val/n02114712/ILSVRC2012_val_00045702.JPEG reached epsilon at step 2253, loss sum: 271.7400, final loss: 0.00098801, weight distance: 0.1023
2025-09-23 06:11:01,558 - INFO - Example /home/projects/bagon/shared/imagenet512/val/n02492660/ILSVRC2012_val_00039645.JPEG reached epsilon at step 2048, loss sum: 273.3117, final loss: 0.00098896, weight distance: 0.0937
2025-09-23 06:11:09,013 - INFO - Example /home/projects/bagon/shared/imagenet512/val/n01498041/ILSVRC2012_val_00027005.JPEG reached epsilon at step 1048, loss sum: 168.8595, final loss: 0.00099087, weight distance: 0.0633
2025-09-23 06:11:20,988 - INFO - Example /home/projects/bagon/shared/imagenet512/val/n02487347/ILSVRC2012_val_00039624.JPEG reached epsilon at step 1718, loss sum: 195.0640, final loss: 0.00099373, weight distance: 0.0751
2025-09-23 06:11:35,416 - INFO - Example /home/projects/bagon/shared/imagenet512/val/n03063689/ILSVRC2012_val_00036221.JPEG reached epsilon at step 2081, loss sum: 29.3506, final loss: 0.00099945, weight distance: 0.0697
2025-09-23 06:11:47,233 - INFO - Example /home/projects/bagon/shared/imagenet512/val/n04044716/ILSVRC2012_val_00017872.JPEG reached epsilon at step 1696, loss sum: 88.3135, final loss: 0.00099850, weight distance: 0.0723
2025-09-23 06:12:00,062 - INFO - Example /home/projects/bagon/shared/imagenet512/val/n03240683/ILSVRC2012_val_00034447.JPEG reached epsilon at step 1845, loss sum: 146.4919, final loss: 0.00098991, weight distance: 0.0806
2025-09-23 06:12:07,675 - INFO - Example /home/projects/bagon/shared/imagenet512/val/n04033901/ILSVRC2012_val_00017841.JPEG reached epsilon at step 1070, loss sum: 115.5486, final loss: 0.00099182, weight distance: 0.0618
2025-09-23 06:12:20,627 - INFO - Example /home/projects/bagon/shared/imagenet512/val/n03961711/ILSVRC2012_val_00006921.JPEG reached epsilon at step 1846, loss sum: 922.3674, final loss: 0.00099945, weight distance: 0.1061
2025-09-23 06:12:34,369 - INFO - Example /home/projects/bagon/shared/imagenet512/val/n02804610/ILSVRC2012_val_00014404.JPEG reached epsilon at step 1984, loss sum: 523.2904, final loss: 0.00099087, weight distance: 0.0974
2025-09-23 06:12:45,966 - INFO - Example /home/projects/bagon/shared/imagenet512/val/n02102480/ILSVRC2012_val_00004185.JPEG reached epsilon at step 1664, loss sum: 52.8289, final loss: 0.00099277, weight distance: 0.0674
2025-09-23 06:12:53,469 - INFO - Example /home/projects/bagon/shared/imagenet512/val/n04332243/ILSVRC2012_val_00022612.JPEG reached epsilon at step 1057, loss sum: 85.7847, final loss: 0.00098705, weight distance: 0.0585
2025-09-23 06:13:03,911 - INFO - Example /home/projects/bagon/shared/imagenet512/val/n03733281/ILSVRC2012_val_00030874.JPEG reached epsilon at step 1489, loss sum: 117.6332, final loss: 0.00099087, weight distance: 0.0688
2025-09-23 06:13:13,318 - INFO - Example /home/projects/bagon/shared/imagenet512/val/n03868863/ILSVRC2012_val_00049205.JPEG reached epsilon at step 1338, loss sum: 327.5676, final loss: 0.00099850, weight distance: 0.0778
2025-09-23 06:13:26,695 - INFO - Example /home/projects/bagon/shared/imagenet512/val/n01776313/ILSVRC2012_val_00013600.JPEG reached epsilon at step 1925, loss sum: 193.9981, final loss: 0.00099754, weight distance: 0.0883
2025-09-23 06:13:37,157 - INFO - Example /home/projects/bagon/shared/imagenet512/val/n02088632/ILSVRC2012_val_00038498.JPEG reached epsilon at step 1493, loss sum: 171.9992, final loss: 0.00099468, weight distance: 0.0716
2025-09-23 06:13:45,643 - INFO - Example /home/projects/bagon/shared/imagenet512/val/n04254680/ILSVRC2012_val_00019408.JPEG reached epsilon at step 1199, loss sum: 117.9096, final loss: 0.00099087, weight distance: 0.0616
2025-09-23 06:13:58,194 - INFO - Example /home/projects/bagon/shared/imagenet512/val/n03977966/ILSVRC2012_val_00014660.JPEG reached epsilon at step 1807, loss sum: 73.9456, final loss: 0.00099087, weight distance: 0.0782
2025-09-23 06:14:02,811 - INFO - Example /home/projects/bagon/shared/imagenet512/val/n03379051/ILSVRC2012_val_00037929.JPEG reached epsilon at step 624, loss sum: 1.9223, final loss: 0.00099087, weight distance: 0.0216
2025-09-23 06:14:13,097 - INFO - Example /home/projects/bagon/shared/imagenet512/val/n04542943/ILSVRC2012_val_00045700.JPEG reached epsilon at step 1469, loss sum: 224.6122, final loss: 0.00099659, weight distance: 0.0807
2025-09-23 06:14:25,253 - INFO - Example /home/projects/bagon/shared/imagenet512/val/n04208210/ILSVRC2012_val_00032928.JPEG reached epsilon at step 1744, loss sum: 498.3670, final loss: 0.00099087, weight distance: 0.0902
2025-09-23 06:14:37,179 - INFO - Example /home/projects/bagon/shared/imagenet512/val/n02480495/ILSVRC2012_val_00026499.JPEG reached epsilon at step 1710, loss sum: 624.8751, final loss: 0.00099277, weight distance: 0.0930
2025-09-23 06:14:46,198 - INFO - Example /home/projects/bagon/shared/imagenet512/val/n03721384/ILSVRC2012_val_00022878.JPEG reached epsilon at step 1278, loss sum: 540.1515, final loss: 0.00099277, weight distance: 0.0842
2025-09-23 06:14:54,086 - INFO - Example /home/projects/bagon/shared/imagenet512/val/n02777292/ILSVRC2012_val_00024933.JPEG reached epsilon at step 1113, loss sum: 18.7217, final loss: 0.00099277, weight distance: 0.0496
2025-09-23 06:15:04,553 - INFO - Example /home/projects/bagon/shared/imagenet512/val/n07802026/ILSVRC2012_val_00044474.JPEG reached epsilon at step 1496, loss sum: 178.6514, final loss: 0.00098896, weight distance: 0.0772
2025-09-23 06:15:10,322 - INFO - Example /home/projects/bagon/shared/imagenet512/val/n02410509/ILSVRC2012_val_00032942.JPEG reached epsilon at step 793, loss sum: 18.7981, final loss: 0.00099182, weight distance: 0.0402
2025-09-23 06:15:20,851 - INFO - Example /home/projects/bagon/shared/imagenet512/val/n03259280/ILSVRC2012_val_00032896.JPEG reached epsilon at step 1503, loss sum: 417.4020, final loss: 0.00099754, weight distance: 0.0804
2025-09-23 06:15:26,455 - INFO - Example /home/projects/bagon/shared/imagenet512/val/n02317335/ILSVRC2012_val_00043732.JPEG reached epsilon at step 773, loss sum: 87.3059, final loss: 0.00099468, weight distance: 0.0495
2025-09-23 06:15:41,819 - INFO - Example /home/projects/bagon/shared/imagenet512/val/n02090721/ILSVRC2012_val_00023769.JPEG reached epsilon at step 2222, loss sum: 363.0636, final loss: 0.00099277, weight distance: 0.1060
2025-09-23 06:15:57,413 - INFO - Example /home/projects/bagon/shared/imagenet512/val/n03843555/ILSVRC2012_val_00041128.JPEG reached epsilon at step 2254, loss sum: 809.9773, final loss: 0.00099850, weight distance: 0.1198
2025-09-23 06:16:02,199 - INFO - Example /home/projects/bagon/shared/imagenet512/val/n03388043/ILSVRC2012_val_00028934.JPEG reached epsilon at step 649, loss sum: 181.2701, final loss: 0.00099277, weight distance: 0.0478
2025-09-23 06:16:12,722 - INFO - Example /home/projects/bagon/shared/imagenet512/val/n02115641/ILSVRC2012_val_00038986.JPEG reached epsilon at step 1504, loss sum: 693.5756, final loss: 0.00099945, weight distance: 0.0895
2025-09-23 06:16:30,586 - INFO - Example /home/projects/bagon/shared/imagenet512/val/n02514041/ILSVRC2012_val_00046233.JPEG reached epsilon at step 2595, loss sum: 341.3679, final loss: 0.00099277, weight distance: 0.1147
2025-09-23 06:16:39,401 - INFO - Example /home/projects/bagon/shared/imagenet512/val/n03404251/ILSVRC2012_val_00029917.JPEG reached epsilon at step 1239, loss sum: 648.2759, final loss: 0.00098991, weight distance: 0.0823
2025-09-23 06:16:51,011 - INFO - Example /home/projects/bagon/shared/imagenet512/val/n04099969/ILSVRC2012_val_00018123.JPEG reached epsilon at step 1665, loss sum: 477.0521, final loss: 0.00099182, weight distance: 0.0963
2025-09-23 06:16:58,967 - INFO - Example /home/projects/bagon/shared/imagenet512/val/n03954731/ILSVRC2012_val_00019106.JPEG reached epsilon at step 1122, loss sum: 186.4751, final loss: 0.00099659, weight distance: 0.0612
2025-09-23 06:17:10,045 - INFO - Example /home/projects/bagon/shared/imagenet512/val/n03840681/ILSVRC2012_val_00018185.JPEG reached epsilon at step 1584, loss sum: 214.9524, final loss: 0.00098610, weight distance: 0.0808
2025-09-23 06:17:20,887 - INFO - Example /home/projects/bagon/shared/imagenet512/val/n04118776/ILSVRC2012_val_00017428.JPEG reached epsilon at step 1549, loss sum: 416.0480, final loss: 0.00099850, weight distance: 0.0887
2025-09-23 06:17:32,211 - INFO - Example /home/projects/bagon/shared/imagenet512/val/n01860187/ILSVRC2012_val_00040025.JPEG reached epsilon at step 1621, loss sum: 407.1477, final loss: 0.00099373, weight distance: 0.0849
2025-09-23 06:17:44,189 - INFO - Example /home/projects/bagon/shared/imagenet512/val/n02134418/ILSVRC2012_val_00009976.JPEG reached epsilon at step 1716, loss sum: 179.3940, final loss: 0.00099468, weight distance: 0.0836
2025-09-23 06:17:55,490 - INFO - Example /home/projects/bagon/shared/imagenet512/val/n04447861/ILSVRC2012_val_00003317.JPEG reached epsilon at step 1620, loss sum: 175.7269, final loss: 0.00099373, weight distance: 0.0829
2025-09-23 06:18:02,408 - INFO - Example /home/projects/bagon/shared/imagenet512/val/n03967562/ILSVRC2012_val_00024846.JPEG reached epsilon at step 969, loss sum: 59.5185, final loss: 0.00099182, weight distance: 0.0549
2025-09-23 06:18:08,953 - INFO - Example /home/projects/bagon/shared/imagenet512/val/n03874293/ILSVRC2012_val_00008933.JPEG reached epsilon at step 913, loss sum: 24.0592, final loss: 0.00099182, weight distance: 0.0461
2025-09-23 06:18:17,004 - INFO - Example /home/projects/bagon/shared/imagenet512/val/n03425413/ILSVRC2012_val_00007186.JPEG reached epsilon at step 1139, loss sum: 5.2016, final loss: 0.00099373, weight distance: 0.0374
2025-09-23 06:18:26,089 - INFO - Example /home/projects/bagon/shared/imagenet512/val/n01689811/ILSVRC2012_val_00003178.JPEG reached epsilon at step 1287, loss sum: 132.8886, final loss: 0.00099564, weight distance: 0.0700
2025-09-23 06:18:35,192 - INFO - Example /home/projects/bagon/shared/imagenet512/val/n04310018/ILSVRC2012_val_00024134.JPEG reached epsilon at step 1293, loss sum: 107.2051, final loss: 0.00099468, weight distance: 0.0691
2025-09-23 06:18:43,052 - INFO - Example /home/projects/bagon/shared/imagenet512/val/n01910747/ILSVRC2012_val_00041401.JPEG reached epsilon at step 1106, loss sum: 454.6831, final loss: 0.00099850, weight distance: 0.0711
2025-09-23 06:19:07,517 - INFO - Example /home/projects/bagon/shared/imagenet512/val/n03637318/ILSVRC2012_val_00049145.JPEG reached epsilon at step 3580, loss sum: 393.5603, final loss: 0.00099564, weight distance: 0.1308
2025-09-23 06:19:26,087 - INFO - Example /home/projects/bagon/shared/imagenet512/val/n02114367/ILSVRC2012_val_00002259.JPEG reached epsilon at step 2701, loss sum: 121.3501, final loss: 0.00099850, weight distance: 0.0928
2025-09-23 06:19:35,072 - INFO - Example /home/projects/bagon/shared/imagenet512/val/n04275548/ILSVRC2012_val_00020974.JPEG reached epsilon at step 1272, loss sum: 100.0547, final loss: 0.00099659, weight distance: 0.0541
2025-09-23 06:19:41,741 - INFO - Example /home/projects/bagon/shared/imagenet512/val/n02105505/ILSVRC2012_val_00042890.JPEG reached epsilon at step 931, loss sum: 181.7710, final loss: 0.00099564, weight distance: 0.0579
2025-09-23 06:19:56,759 - INFO - Example /home/projects/bagon/shared/imagenet512/val/n02268853/ILSVRC2012_val_00012681.JPEG reached epsilon at step 2175, loss sum: 61.0484, final loss: 0.00099754, weight distance: 0.0814
2025-09-23 06:20:04,853 - INFO - Example /home/projects/bagon/shared/imagenet512/val/n02687172/ILSVRC2012_val_00026474.JPEG reached epsilon at step 1054, loss sum: 48.9629, final loss: 0.00099087, weight distance: 0.0549
2025-09-23 06:20:12,657 - INFO - Example /home/projects/bagon/shared/imagenet512/val/n03544143/ILSVRC2012_val_00044178.JPEG reached epsilon at step 1098, loss sum: 803.2575, final loss: 0.00098896, weight distance: 0.0758
2025-09-23 06:20:23,094 - INFO - Example /home/projects/bagon/shared/imagenet512/val/n01537544/ILSVRC2012_val_00043965.JPEG reached epsilon at step 1488, loss sum: 596.2077, final loss: 0.00099373, weight distance: 0.0757
2025-09-23 06:20:35,409 - INFO - Example /home/projects/bagon/shared/imagenet512/val/n01776313/ILSVRC2012_val_00001766.JPEG reached epsilon at step 1767, loss sum: 468.3541, final loss: 0.00099850, weight distance: 0.0921
2025-09-23 06:20:59,324 - INFO - Example /home/projects/bagon/shared/imagenet512/val/n02089867/ILSVRC2012_val_00038779.JPEG reached epsilon at step 3498, loss sum: 379.1540, final loss: 0.00099850, weight distance: 0.1250
2025-09-23 06:21:06,496 - INFO - Example /home/projects/bagon/shared/imagenet512/val/n04311174/ILSVRC2012_val_00030265.JPEG reached epsilon at step 1005, loss sum: 692.5931, final loss: 0.00098610, weight distance: 0.0741
2025-09-23 06:21:24,580 - INFO - Example /home/projects/bagon/shared/imagenet512/val/n02096177/ILSVRC2012_val_00004397.JPEG reached epsilon at step 2626, loss sum: 454.1871, final loss: 0.00099754, weight distance: 0.1180
2025-09-23 06:21:37,656 - INFO - Example /home/projects/bagon/shared/imagenet512/val/n01534433/ILSVRC2012_val_00006326.JPEG reached epsilon at step 1881, loss sum: 191.8982, final loss: 0.00099659, weight distance: 0.0913
2025-09-23 06:21:49,306 - INFO - Example /home/projects/bagon/shared/imagenet512/val/n01784675/ILSVRC2012_val_00020950.JPEG reached epsilon at step 1665, loss sum: 1480.8161, final loss: 0.00099945, weight distance: 0.1032
2025-09-23 06:21:58,404 - INFO - Example /home/projects/bagon/shared/imagenet512/val/n01829413/ILSVRC2012_val_00008626.JPEG reached epsilon at step 1288, loss sum: 24.8934, final loss: 0.00099754, weight distance: 0.0548
2025-09-23 06:22:08,529 - INFO - Example /home/projects/bagon/shared/imagenet512/val/n04326547/ILSVRC2012_val_00028031.JPEG reached epsilon at step 1444, loss sum: 118.6149, final loss: 0.00099850, weight distance: 0.0711
2025-09-23 06:22:18,495 - INFO - Example /home/projects/bagon/shared/imagenet512/val/n03134739/ILSVRC2012_val_00022258.JPEG reached epsilon at step 1419, loss sum: 128.0148, final loss: 0.00099754, weight distance: 0.0688
2025-09-23 06:22:28,983 - INFO - Example /home/projects/bagon/shared/imagenet512/val/n03764736/ILSVRC2012_val_00037170.JPEG reached epsilon at step 1496, loss sum: 809.2803, final loss: 0.00099754, weight distance: 0.0924
2025-09-23 06:22:42,392 - INFO - Example /home/projects/bagon/shared/imagenet512/val/n02085936/ILSVRC2012_val_00002214.JPEG reached epsilon at step 1930, loss sum: 181.0008, final loss: 0.00099277, weight distance: 0.0850
2025-09-23 06:22:49,963 - INFO - Example /home/projects/bagon/shared/imagenet512/val/n03944341/ILSVRC2012_val_00044651.JPEG reached epsilon at step 1065, loss sum: 166.9453, final loss: 0.00099087, weight distance: 0.0644
2025-09-23 06:22:53,868 - INFO - Example /home/projects/bagon/shared/imagenet512/val/n02112350/ILSVRC2012_val_00000658.JPEG reached epsilon at step 507, loss sum: 4.5647, final loss: 0.00099945, weight distance: 0.0255
2025-09-23 06:23:01,743 - INFO - Example /home/projects/bagon/shared/imagenet512/val/n04613696/ILSVRC2012_val_00032256.JPEG reached epsilon at step 1107, loss sum: 144.6121, final loss: 0.00098896, weight distance: 0.0627
2025-09-23 06:23:13,483 - INFO - Example /home/projects/bagon/shared/imagenet512/val/n02641379/ILSVRC2012_val_00041561.JPEG reached epsilon at step 1595, loss sum: 384.9196, final loss: 0.00099659, weight distance: 0.0815
2025-09-23 06:23:26,639 - INFO - Example /home/projects/bagon/shared/imagenet512/val/n02172182/ILSVRC2012_val_00002042.JPEG reached epsilon at step 1890, loss sum: 56.9348, final loss: 0.00099659, weight distance: 0.0778
2025-09-23 06:23:40,956 - INFO - Example /home/projects/bagon/shared/imagenet512/val/n01847000/ILSVRC2012_val_00029070.JPEG reached epsilon at step 2065, loss sum: 1802.7916, final loss: 0.00099277, weight distance: 0.1245
2025-09-23 06:23:52,680 - INFO - Example /home/projects/bagon/shared/imagenet512/val/n02017213/ILSVRC2012_val_00009554.JPEG reached epsilon at step 1680, loss sum: 473.6128, final loss: 0.00099373, weight distance: 0.0946
2025-09-23 06:24:05,000 - INFO - Example /home/projects/bagon/shared/imagenet512/val/n01614925/ILSVRC2012_val_00026614.JPEG reached epsilon at step 1767, loss sum: 92.8267, final loss: 0.00099850, weight distance: 0.0784
2025-09-23 06:24:23,815 - INFO - Example /home/projects/bagon/shared/imagenet512/val/n03141823/ILSVRC2012_val_00045621.JPEG reached epsilon at step 2731, loss sum: 1690.9536, final loss: 0.00099087, weight distance: 0.1474
2025-09-23 06:24:36,926 - INFO - Example /home/projects/bagon/shared/imagenet512/val/n02442845/ILSVRC2012_val_00048718.JPEG reached epsilon at step 1889, loss sum: 353.6725, final loss: 0.00098896, weight distance: 0.0860
2025-09-23 06:24:44,571 - INFO - Example /home/projects/bagon/shared/imagenet512/val/n04209133/ILSVRC2012_val_00011124.JPEG reached epsilon at step 1074, loss sum: 133.9839, final loss: 0.00098705, weight distance: 0.0641
2025-09-23 06:25:01,111 - INFO - Example /home/projects/bagon/shared/imagenet512/val/n04591157/ILSVRC2012_val_00000106.JPEG reached epsilon at step 2394, loss sum: 1512.8519, final loss: 0.00099850, weight distance: 0.1296
2025-09-23 06:25:10,591 - INFO - Example /home/projects/bagon/shared/imagenet512/val/n02091244/ILSVRC2012_val_00004434.JPEG reached epsilon at step 1344, loss sum: 237.9838, final loss: 0.00099850, weight distance: 0.0741
2025-09-23 06:25:18,015 - INFO - Example /home/projects/bagon/shared/imagenet512/val/n03854065/ILSVRC2012_val_00035575.JPEG reached epsilon at step 1040, loss sum: 115.7859, final loss: 0.00099087, weight distance: 0.0611
2025-09-23 06:25:35,681 - INFO - Example /home/projects/bagon/shared/imagenet512/val/n02099712/ILSVRC2012_val_00009984.JPEG reached epsilon at step 2561, loss sum: 461.7775, final loss: 0.00099277, weight distance: 0.1103
2025-09-23 06:25:46,584 - INFO - Example /home/projects/bagon/shared/imagenet512/val/n01632458/ILSVRC2012_val_00046616.JPEG reached epsilon at step 1559, loss sum: 227.2862, final loss: 0.00098801, weight distance: 0.0851
2025-09-23 06:26:06,847 - INFO - Example /home/projects/bagon/shared/imagenet512/val/n02895154/ILSVRC2012_val_00019421.JPEG reached epsilon at step 2950, loss sum: 295.8011, final loss: 0.00099373, weight distance: 0.1162
2025-09-23 06:26:12,455 - INFO - Example /home/projects/bagon/shared/imagenet512/val/n04311174/ILSVRC2012_val_00048232.JPEG reached epsilon at step 771, loss sum: 7.7685, final loss: 0.00098896, weight distance: 0.0358
2025-09-23 06:26:21,283 - INFO - Example /home/projects/bagon/shared/imagenet512/val/n01440764/ILSVRC2012_val_00026064.JPEG reached epsilon at step 1250, loss sum: 145.7162, final loss: 0.00099277, weight distance: 0.0632
2025-09-23 06:26:26,949 - INFO - Example /home/projects/bagon/shared/imagenet512/val/n04235860/ILSVRC2012_val_00001395.JPEG reached epsilon at step 782, loss sum: 159.8648, final loss: 0.00099945, weight distance: 0.0499
2025-09-23 06:26:36,850 - INFO - Example /home/projects/bagon/shared/imagenet512/val/n03160309/ILSVRC2012_val_00017090.JPEG reached epsilon at step 1410, loss sum: 127.5439, final loss: 0.00099277, weight distance: 0.0722
2025-09-23 06:26:49,295 - INFO - Example /home/projects/bagon/shared/imagenet512/val/n02096437/ILSVRC2012_val_00035400.JPEG reached epsilon at step 1788, loss sum: 239.4074, final loss: 0.00099850, weight distance: 0.0874
2025-09-23 06:26:57,736 - INFO - Example /home/projects/bagon/shared/imagenet512/val/n02948072/ILSVRC2012_val_00008717.JPEG reached epsilon at step 1194, loss sum: 6.5060, final loss: 0.00099468, weight distance: 0.0397
2025-09-23 06:27:10,221 - INFO - Example /home/projects/bagon/shared/imagenet512/val/n03976467/ILSVRC2012_val_00018451.JPEG reached epsilon at step 1793, loss sum: 190.1837, final loss: 0.00099087, weight distance: 0.0839
2025-09-23 06:27:18,541 - INFO - Example /home/projects/bagon/shared/imagenet512/val/n01695060/ILSVRC2012_val_00019652.JPEG reached epsilon at step 1178, loss sum: 130.6037, final loss: 0.00098801, weight distance: 0.0664
2025-09-23 06:27:32,441 - INFO - Example /home/projects/bagon/shared/imagenet512/val/n03478589/ILSVRC2012_val_00040225.JPEG reached epsilon at step 2009, loss sum: 343.3730, final loss: 0.00099754, weight distance: 0.0963
2025-09-23 06:27:44,732 - INFO - Example /home/projects/bagon/shared/imagenet512/val/n03733131/ILSVRC2012_val_00022473.JPEG reached epsilon at step 1765, loss sum: 725.2870, final loss: 0.00099850, weight distance: 0.1011
2025-09-23 06:27:57,677 - INFO - Example /home/projects/bagon/shared/imagenet512/val/n02966687/ILSVRC2012_val_00013571.JPEG reached epsilon at step 1862, loss sum: 704.3641, final loss: 0.00098991, weight distance: 0.1012
2025-09-23 06:28:07,236 - INFO - Example /home/projects/bagon/shared/imagenet512/val/n07716906/ILSVRC2012_val_00000886.JPEG reached epsilon at step 1361, loss sum: 41.9824, final loss: 0.00099850, weight distance: 0.0620
2025-09-23 06:28:25,146 - INFO - Example /home/projects/bagon/shared/imagenet512/val/n02095570/ILSVRC2012_val_00023256.JPEG reached epsilon at step 2595, loss sum: 118.3562, final loss: 0.00099564, weight distance: 0.0982
2025-09-23 06:28:39,208 - INFO - Example /home/projects/bagon/shared/imagenet512/val/n01729322/ILSVRC2012_val_00015046.JPEG reached epsilon at step 2027, loss sum: 132.2720, final loss: 0.00099373, weight distance: 0.0899
2025-09-23 06:28:50,592 - INFO - Example /home/projects/bagon/shared/imagenet512/val/n01820546/ILSVRC2012_val_00038426.JPEG reached epsilon at step 1632, loss sum: 274.4558, final loss: 0.00099277, weight distance: 0.0807
2025-09-23 06:29:07,249 - INFO - Example /home/projects/bagon/shared/imagenet512/val/n02094433/ILSVRC2012_val_00010584.JPEG reached epsilon at step 2417, loss sum: 229.4503, final loss: 0.00099659, weight distance: 0.0991
2025-09-23 06:29:23,638 - INFO - Example /home/projects/bagon/shared/imagenet512/val/n02107312/ILSVRC2012_val_00005242.JPEG reached epsilon at step 2379, loss sum: 374.4007, final loss: 0.00099659, weight distance: 0.1011
2025-09-23 06:29:37,625 - INFO - Example /home/projects/bagon/shared/imagenet512/val/n02113799/ILSVRC2012_val_00010688.JPEG reached epsilon at step 2016, loss sum: 69.1589, final loss: 0.00099754, weight distance: 0.0799
2025-09-23 06:29:51,215 - INFO - Example /home/projects/bagon/shared/imagenet512/val/n03197337/ILSVRC2012_val_00024672.JPEG reached epsilon at step 1944, loss sum: 73.0978, final loss: 0.00099754, weight distance: 0.0808
2025-09-23 06:30:02,220 - INFO - Example /home/projects/bagon/shared/imagenet512/val/n02346627/ILSVRC2012_val_00019800.JPEG reached epsilon at step 1570, loss sum: 1188.4424, final loss: 0.00099659, weight distance: 0.1025
2025-09-23 06:30:17,430 - INFO - Example /home/projects/bagon/shared/imagenet512/val/n02089867/ILSVRC2012_val_00031118.JPEG reached epsilon at step 2200, loss sum: 179.7246, final loss: 0.00099564, weight distance: 0.0865
2025-09-23 06:30:33,275 - INFO - Example /home/projects/bagon/shared/imagenet512/val/n02105855/ILSVRC2012_val_00045482.JPEG reached epsilon at step 2290, loss sum: 216.1342, final loss: 0.00099754, weight distance: 0.0963
2025-09-23 06:30:43,057 - INFO - Example /home/projects/bagon/shared/imagenet512/val/n03794056/ILSVRC2012_val_00005435.JPEG reached epsilon at step 1389, loss sum: 677.6510, final loss: 0.00098896, weight distance: 0.0884
2025-09-23 06:30:57,768 - INFO - Example /home/projects/bagon/shared/imagenet512/val/n02086240/ILSVRC2012_val_00004049.JPEG reached epsilon at step 2124, loss sum: 181.0919, final loss: 0.00099850, weight distance: 0.0857
2025-09-23 06:31:10,083 - INFO - Example /home/projects/bagon/shared/imagenet512/val/n02672831/ILSVRC2012_val_00042479.JPEG reached epsilon at step 1771, loss sum: 256.3312, final loss: 0.00099945, weight distance: 0.0895
2025-09-23 06:31:19,622 - INFO - Example /home/projects/bagon/shared/imagenet512/val/n04501370/ILSVRC2012_val_00004651.JPEG reached epsilon at step 1354, loss sum: 415.2360, final loss: 0.00099564, weight distance: 0.0832
2025-09-23 06:31:28,432 - INFO - Example /home/projects/bagon/shared/imagenet512/val/n02808304/ILSVRC2012_val_00036502.JPEG reached epsilon at step 1249, loss sum: 1020.3724, final loss: 0.00098610, weight distance: 0.0859
2025-09-23 06:31:45,027 - INFO - Example /home/projects/bagon/shared/imagenet512/val/n03089624/ILSVRC2012_val_00005202.JPEG reached epsilon at step 2402, loss sum: 501.5423, final loss: 0.00099564, weight distance: 0.1186
2025-09-23 06:31:54,852 - INFO - Example /home/projects/bagon/shared/imagenet512/val/n02977058/ILSVRC2012_val_00037622.JPEG reached epsilon at step 1379, loss sum: 493.9592, final loss: 0.00098801, weight distance: 0.0837
2025-09-23 06:31:59,799 - INFO - Example /home/projects/bagon/shared/imagenet512/val/n02795169/ILSVRC2012_val_00017179.JPEG reached epsilon at step 674, loss sum: 5.2379, final loss: 0.00099373, weight distance: 0.0311
2025-09-23 06:32:08,680 - INFO - Example /home/projects/bagon/shared/imagenet512/val/n07880968/ILSVRC2012_val_00000572.JPEG reached epsilon at step 1257, loss sum: 419.7373, final loss: 0.00099277, weight distance: 0.0721
2025-09-23 06:32:25,243 - INFO - Example /home/projects/bagon/shared/imagenet512/val/n02504013/ILSVRC2012_val_00023398.JPEG reached epsilon at step 2397, loss sum: 82.9416, final loss: 0.00099754, weight distance: 0.0911
2025-09-23 06:32:32,167 - INFO - Example /home/projects/bagon/shared/imagenet512/val/n04458633/ILSVRC2012_val_00020247.JPEG reached epsilon at step 965, loss sum: 155.9366, final loss: 0.00099182, weight distance: 0.0584
2025-09-23 06:32:43,205 - INFO - Example /home/projects/bagon/shared/imagenet512/val/n01855672/ILSVRC2012_val_00023709.JPEG reached epsilon at step 1577, loss sum: 576.6523, final loss: 0.00099373, weight distance: 0.0844
2025-09-23 06:32:54,771 - INFO - Example /home/projects/bagon/shared/imagenet512/val/n03814639/ILSVRC2012_val_00007041.JPEG reached epsilon at step 1658, loss sum: 489.8239, final loss: 0.00099850, weight distance: 0.0961
2025-09-23 06:33:12,868 - INFO - Example /home/projects/bagon/shared/imagenet512/val/n02795169/ILSVRC2012_val_00038485.JPEG reached epsilon at step 2628, loss sum: 949.8561, final loss: 0.00099373, weight distance: 0.1292
2025-09-23 06:33:22,104 - INFO - Example /home/projects/bagon/shared/imagenet512/val/n02115913/ILSVRC2012_val_00003403.JPEG reached epsilon at step 1311, loss sum: 309.0269, final loss: 0.00099945, weight distance: 0.0789
2025-09-23 06:33:32,894 - INFO - Example /home/projects/bagon/shared/imagenet512/val/n04141327/ILSVRC2012_val_00043071.JPEG reached epsilon at step 1544, loss sum: 504.6028, final loss: 0.00099659, weight distance: 0.0867
2025-09-23 06:33:41,967 - INFO - Example /home/projects/bagon/shared/imagenet512/val/n02865351/ILSVRC2012_val_00039127.JPEG reached epsilon at step 1287, loss sum: 422.8509, final loss: 0.00098991, weight distance: 0.0768
2025-09-23 06:33:49,197 - INFO - Example /home/projects/bagon/shared/imagenet512/val/n07802026/ILSVRC2012_val_00029143.JPEG reached epsilon at step 1014, loss sum: 145.3017, final loss: 0.00099182, weight distance: 0.0599
2025-09-23 06:34:03,682 - INFO - Example /home/projects/bagon/shared/imagenet512/val/n02099849/ILSVRC2012_val_00034849.JPEG reached epsilon at step 2094, loss sum: 871.2968, final loss: 0.00099945, weight distance: 0.1016
2025-09-23 06:34:21,415 - INFO - Example /home/projects/bagon/shared/imagenet512/val/n03250847/ILSVRC2012_val_00046845.JPEG reached epsilon at step 2572, loss sum: 710.2852, final loss: 0.00099659, weight distance: 0.1188
2025-09-23 06:34:27,983 - INFO - Example /home/projects/bagon/shared/imagenet512/val/n03325584/ILSVRC2012_val_00007857.JPEG reached epsilon at step 914, loss sum: 104.5437, final loss: 0.00099373, weight distance: 0.0534
2025-09-23 06:34:38,175 - INFO - Example /home/projects/bagon/shared/imagenet512/val/n03868863/ILSVRC2012_val_00041244.JPEG reached epsilon at step 1453, loss sum: 139.9747, final loss: 0.00098896, weight distance: 0.0757
2025-09-23 06:34:46,429 - INFO - Example /home/projects/bagon/shared/imagenet512/val/n04258138/ILSVRC2012_val_00009920.JPEG reached epsilon at step 1124, loss sum: 339.6282, final loss: 0.00098991, weight distance: 0.0690
2025-09-23 06:35:03,195 - INFO - Example /home/projects/bagon/shared/imagenet512/val/n02167151/ILSVRC2012_val_00009626.JPEG reached epsilon at step 2427, loss sum: 263.7937, final loss: 0.00099945, weight distance: 0.1047
2025-09-23 06:35:18,248 - INFO - Example /home/projects/bagon/shared/imagenet512/val/n03792782/ILSVRC2012_val_00011330.JPEG reached epsilon at step 2174, loss sum: 582.5126, final loss: 0.00099468, weight distance: 0.1086
2025-09-23 06:35:38,574 - INFO - Example /home/projects/bagon/shared/imagenet512/val/n04579145/ILSVRC2012_val_00002867.JPEG reached epsilon at step 2960, loss sum: 1165.5679, final loss: 0.00099277, weight distance: 0.1320
2025-09-23 06:35:49,751 - INFO - Example /home/projects/bagon/shared/imagenet512/val/n01729322/ILSVRC2012_val_00013400.JPEG reached epsilon at step 1599, loss sum: 210.4660, final loss: 0.00099754, weight distance: 0.0775
2025-09-23 06:36:06,756 - INFO - Example /home/projects/bagon/shared/imagenet512/val/n06785654/ILSVRC2012_val_00042236.JPEG reached epsilon at step 2457, loss sum: 950.6041, final loss: 0.00099468, weight distance: 0.1270
2025-09-23 06:36:19,358 - INFO - Example /home/projects/bagon/shared/imagenet512/val/n04179913/ILSVRC2012_val_00025462.JPEG reached epsilon at step 1812, loss sum: 828.1394, final loss: 0.00099564, weight distance: 0.1091
2025-09-23 06:36:34,531 - INFO - Example /home/projects/bagon/shared/imagenet512/val/n02106662/ILSVRC2012_val_00018107.JPEG reached epsilon at step 2193, loss sum: 141.2020, final loss: 0.00099659, weight distance: 0.0922
2025-09-23 06:36:49,920 - INFO - Example /home/projects/bagon/shared/imagenet512/val/n04357314/ILSVRC2012_val_00021692.JPEG reached epsilon at step 2230, loss sum: 455.7785, final loss: 0.00099945, weight distance: 0.1094
2025-09-23 06:37:08,751 - INFO - Example /home/projects/bagon/shared/imagenet512/val/n02089867/ILSVRC2012_val_00045469.JPEG reached epsilon at step 2733, loss sum: 248.4118, final loss: 0.00099373, weight distance: 0.1095
2025-09-23 06:37:22,104 - INFO - Example /home/projects/bagon/shared/imagenet512/val/n07831146/ILSVRC2012_val_00000646.JPEG reached epsilon at step 1924, loss sum: 312.7609, final loss: 0.00099945, weight distance: 0.0964
2025-09-23 06:37:30,296 - INFO - Example /home/projects/bagon/shared/imagenet512/val/n03018349/ILSVRC2012_val_00044531.JPEG reached epsilon at step 1157, loss sum: 33.3996, final loss: 0.00099850, weight distance: 0.0559
2025-09-23 06:37:39,337 - INFO - Example /home/projects/bagon/shared/imagenet512/val/n03388549/ILSVRC2012_val_00048243.JPEG reached epsilon at step 1288, loss sum: 416.6984, final loss: 0.00099182, weight distance: 0.0782
2025-09-23 06:37:54,576 - INFO - Example /home/projects/bagon/shared/imagenet512/val/n03291819/ILSVRC2012_val_00031282.JPEG reached epsilon at step 2207, loss sum: 629.1575, final loss: 0.00099754, weight distance: 0.1067
2025-09-23 06:38:06,644 - INFO - Example /home/projects/bagon/shared/imagenet512/val/n03417042/ILSVRC2012_val_00005094.JPEG reached epsilon at step 1738, loss sum: 467.5528, final loss: 0.00099277, weight distance: 0.0927
2025-09-23 06:38:17,407 - INFO - Example /home/projects/bagon/shared/imagenet512/val/n02786058/ILSVRC2012_val_00015343.JPEG reached epsilon at step 1539, loss sum: 270.0328, final loss: 0.00099850, weight distance: 0.0848
2025-09-23 06:38:31,465 - INFO - Example /home/projects/bagon/shared/imagenet512/val/n02114855/ILSVRC2012_val_00019239.JPEG reached epsilon at step 2029, loss sum: 93.1155, final loss: 0.00099945, weight distance: 0.0773
2025-09-23 06:39:07,411 - INFO - Example /home/projects/bagon/shared/imagenet512/val/n02110185/ILSVRC2012_val_00023437.JPEG reached epsilon at step 5281, loss sum: 384.7193, final loss: 0.00099564, weight distance: 0.1674
2025-09-23 06:39:15,102 - INFO - Example /home/projects/bagon/shared/imagenet512/val/n07720875/ILSVRC2012_val_00005981.JPEG reached epsilon at step 1083, loss sum: 47.0705, final loss: 0.00099945, weight distance: 0.0567
2025-09-23 06:39:32,100 - INFO - Example /home/projects/bagon/shared/imagenet512/val/n01514859/ILSVRC2012_val_00028107.JPEG reached epsilon at step 2372, loss sum: 955.9468, final loss: 0.00099945, weight distance: 0.1169
2025-09-23 06:39:48,619 - INFO - Example /home/projects/bagon/shared/imagenet512/val/n02085620/ILSVRC2012_val_00002917.JPEG reached epsilon at step 2315, loss sum: 201.2591, final loss: 0.00099945, weight distance: 0.0945
2025-09-23 06:39:55,244 - INFO - Example /home/projects/bagon/shared/imagenet512/val/n02132136/ILSVRC2012_val_00049788.JPEG reached epsilon at step 882, loss sum: 31.3753, final loss: 0.00099945, weight distance: 0.0462
2025-09-23 06:40:13,195 - INFO - Example /home/projects/bagon/shared/imagenet512/val/n02028035/ILSVRC2012_val_00000751.JPEG reached epsilon at step 2600, loss sum: 1038.1970, final loss: 0.00099468, weight distance: 0.1258
2025-09-23 06:40:21,868 - INFO - Example /home/projects/bagon/shared/imagenet512/val/n06785654/ILSVRC2012_val_00045904.JPEG reached epsilon at step 1227, loss sum: 253.3262, final loss: 0.00098801, weight distance: 0.0705
2025-09-23 06:40:33,051 - INFO - Example /home/projects/bagon/shared/imagenet512/val/n04326547/ILSVRC2012_val_00005047.JPEG reached epsilon at step 1603, loss sum: 193.6285, final loss: 0.00099564, weight distance: 0.0796
2025-09-23 06:40:41,105 - INFO - Example /home/projects/bagon/shared/imagenet512/val/n02950826/ILSVRC2012_val_00031280.JPEG reached epsilon at step 1136, loss sum: 49.9376, final loss: 0.00099850, weight distance: 0.0575
2025-09-23 06:40:50,162 - INFO - Example /home/projects/bagon/shared/imagenet512/val/n01698640/ILSVRC2012_val_00004009.JPEG reached epsilon at step 1284, loss sum: 53.5708, final loss: 0.00099659, weight distance: 0.0588
2025-09-23 06:41:00,499 - INFO - Example /home/projects/bagon/shared/imagenet512/val/n01692333/ILSVRC2012_val_00033706.JPEG reached epsilon at step 1477, loss sum: 823.9359, final loss: 0.00098896, weight distance: 0.1002
2025-09-23 06:41:08,225 - INFO - Example /home/projects/bagon/shared/imagenet512/val/n01694178/ILSVRC2012_val_00021092.JPEG reached epsilon at step 1087, loss sum: 105.1827, final loss: 0.00099182, weight distance: 0.0594
2025-09-23 06:41:21,815 - INFO - Example /home/projects/bagon/shared/imagenet512/val/n02096051/ILSVRC2012_val_00043789.JPEG reached epsilon at step 1957, loss sum: 126.0914, final loss: 0.00099564, weight distance: 0.0885
2025-09-23 06:41:33,363 - INFO - Example /home/projects/bagon/shared/imagenet512/val/n02807133/ILSVRC2012_val_00047265.JPEG reached epsilon at step 1652, loss sum: 126.7343, final loss: 0.00098801, weight distance: 0.0807
2025-09-23 06:41:40,183 - INFO - Example /home/projects/bagon/shared/imagenet512/val/n03345487/ILSVRC2012_val_00039449.JPEG reached epsilon at step 953, loss sum: 7.4309, final loss: 0.00099182, weight distance: 0.0377
2025-09-23 06:41:51,087 - INFO - Example /home/projects/bagon/shared/imagenet512/val/n02027492/ILSVRC2012_val_00026820.JPEG reached epsilon at step 1546, loss sum: 1028.3134, final loss: 0.00099277, weight distance: 0.0919
2025-09-23 06:42:03,402 - INFO - Example /home/projects/bagon/shared/imagenet512/val/n03424325/ILSVRC2012_val_00009479.JPEG reached epsilon at step 1769, loss sum: 381.8930, final loss: 0.00099659, weight distance: 0.0929
2025-09-23 06:42:15,063 - INFO - Example /home/projects/bagon/shared/imagenet512/val/n02090622/ILSVRC2012_val_00003164.JPEG reached epsilon at step 1674, loss sum: 407.5151, final loss: 0.00099945, weight distance: 0.0885
2025-09-23 06:42:26,492 - INFO - Example /home/projects/bagon/shared/imagenet512/val/n02481823/ILSVRC2012_val_00037790.JPEG reached epsilon at step 1640, loss sum: 95.6379, final loss: 0.00099087, weight distance: 0.0686
2025-09-23 06:42:36,793 - INFO - Example /home/projects/bagon/shared/imagenet512/val/n01484850/ILSVRC2012_val_00035774.JPEG reached epsilon at step 1472, loss sum: 45.6265, final loss: 0.00099468, weight distance: 0.0632
2025-09-23 06:42:55,853 - INFO - Example /home/projects/bagon/shared/imagenet512/val/n02268443/ILSVRC2012_val_00048401.JPEG reached epsilon at step 2774, loss sum: 224.8812, final loss: 0.00099659, weight distance: 0.1160
2025-09-23 06:43:10,030 - INFO - Example /home/projects/bagon/shared/imagenet512/val/n03255030/ILSVRC2012_val_00030287.JPEG reached epsilon at step 1991, loss sum: 26.1739, final loss: 0.00099564, weight distance: 0.0703
2025-09-23 06:43:28,554 - INFO - Example /home/projects/bagon/shared/imagenet512/val/n02094258/ILSVRC2012_val_00022061.JPEG reached epsilon at step 2690, loss sum: 495.0169, final loss: 0.00099564, weight distance: 0.1127
2025-09-23 06:43:42,497 - INFO - Example /home/projects/bagon/shared/imagenet512/val/n02028035/ILSVRC2012_val_00024808.JPEG reached epsilon at step 2002, loss sum: 539.7415, final loss: 0.00099373, weight distance: 0.1094
2025-09-23 06:43:54,924 - INFO - Example /home/projects/bagon/shared/imagenet512/val/n03720891/ILSVRC2012_val_00040340.JPEG reached epsilon at step 1786, loss sum: 329.1073, final loss: 0.00099564, weight distance: 0.0861
2025-09-23 06:44:03,358 - INFO - Example /home/projects/bagon/shared/imagenet512/val/n04111531/ILSVRC2012_val_00017971.JPEG reached epsilon at step 1195, loss sum: 301.8837, final loss: 0.00099087, weight distance: 0.0739
2025-09-23 06:44:13,838 - INFO - Example /home/projects/bagon/shared/imagenet512/val/n01496331/ILSVRC2012_val_00005432.JPEG reached epsilon at step 1493, loss sum: 103.1368, final loss: 0.00099564, weight distance: 0.0724
2025-09-23 06:44:33,149 - INFO - Example /home/projects/bagon/shared/imagenet512/val/n02108915/ILSVRC2012_val_00003938.JPEG reached epsilon at step 2805, loss sum: 275.1684, final loss: 0.00099468, weight distance: 0.1137
2025-09-23 06:44:45,195 - INFO - Example /home/projects/bagon/shared/imagenet512/val/n02730930/ILSVRC2012_val_00005807.JPEG reached epsilon at step 1728, loss sum: 173.4918, final loss: 0.00099087, weight distance: 0.0841
2025-09-23 06:45:03,576 - INFO - Example /home/projects/bagon/shared/imagenet512/val/n04065272/ILSVRC2012_val_00031346.JPEG reached epsilon at step 2678, loss sum: 260.8781, final loss: 0.00099659, weight distance: 0.1123
2025-09-23 06:45:14,704 - INFO - Example /home/projects/bagon/shared/imagenet512/val/n02606052/ILSVRC2012_val_00000996.JPEG reached epsilon at step 1595, loss sum: 181.1590, final loss: 0.00098896, weight distance: 0.0801
2025-09-23 06:45:28,776 - INFO - Example /home/projects/bagon/shared/imagenet512/val/n03666591/ILSVRC2012_val_00015019.JPEG reached epsilon at step 2035, loss sum: 227.8720, final loss: 0.00099850, weight distance: 0.0948
2025-09-23 06:45:34,054 - INFO - Example /home/projects/bagon/shared/imagenet512/val/n03530642/ILSVRC2012_val_00037411.JPEG reached epsilon at step 725, loss sum: 53.3523, final loss: 0.00099373, weight distance: 0.0448
2025-09-23 06:45:42,224 - INFO - Example /home/projects/bagon/shared/imagenet512/val/n02457408/ILSVRC2012_val_00045127.JPEG reached epsilon at step 1154, loss sum: 790.4850, final loss: 0.00099754, weight distance: 0.0806
2025-09-23 06:45:49,152 - INFO - Example /home/projects/bagon/shared/imagenet512/val/n01986214/ILSVRC2012_val_00010039.JPEG reached epsilon at step 970, loss sum: 96.5584, final loss: 0.00099754, weight distance: 0.0567
2025-09-23 06:46:01,203 - INFO - Example /home/projects/bagon/shared/imagenet512/val/n01744401/ILSVRC2012_val_00032500.JPEG reached epsilon at step 1734, loss sum: 81.7885, final loss: 0.00099945, weight distance: 0.0720
2025-09-23 06:46:07,108 - INFO - Example /home/projects/bagon/shared/imagenet512/val/n03595614/ILSVRC2012_val_00006226.JPEG reached epsilon at step 817, loss sum: 1.9430, final loss: 0.00098705, weight distance: 0.0206
2025-09-23 06:46:18,514 - INFO - Example /home/projects/bagon/shared/imagenet512/val/n03967562/ILSVRC2012_val_00023747.JPEG reached epsilon at step 1636, loss sum: 583.0117, final loss: 0.00099182, weight distance: 0.0954
2025-09-23 06:46:26,457 - INFO - Example /home/projects/bagon/shared/imagenet512/val/n04005630/ILSVRC2012_val_00008376.JPEG reached epsilon at step 1120, loss sum: 72.9549, final loss: 0.00099850, weight distance: 0.0612
2025-09-23 06:46:36,349 - INFO - Example /home/projects/bagon/shared/imagenet512/val/n02793495/ILSVRC2012_val_00012775.JPEG reached epsilon at step 1410, loss sum: 445.9924, final loss: 0.00099087, weight distance: 0.0850
2025-09-23 06:46:57,033 - INFO - Example /home/projects/bagon/shared/imagenet512/val/n02098413/ILSVRC2012_val_00003377.JPEG reached epsilon at step 3016, loss sum: 695.3603, final loss: 0.00099945, weight distance: 0.1367
2025-09-23 06:47:05,987 - INFO - Example /home/projects/bagon/shared/imagenet512/val/n04153751/ILSVRC2012_val_00032448.JPEG reached epsilon at step 1267, loss sum: 30.5914, final loss: 0.00098705, weight distance: 0.0551
2025-09-23 06:47:19,859 - INFO - Example /home/projects/bagon/shared/imagenet512/val/n04557648/ILSVRC2012_val_00046515.JPEG reached epsilon at step 2004, loss sum: 490.4921, final loss: 0.00099373, weight distance: 0.0971
2025-09-23 06:47:32,793 - INFO - Example /home/projects/bagon/shared/imagenet512/val/n04275548/ILSVRC2012_val_00038930.JPEG reached epsilon at step 1847, loss sum: 475.0181, final loss: 0.00099659, weight distance: 0.0914
2025-09-23 06:47:48,184 - INFO - Example /home/projects/bagon/shared/imagenet512/val/n07880968/ILSVRC2012_val_00016592.JPEG reached epsilon at step 2221, loss sum: 1380.8543, final loss: 0.00099850, weight distance: 0.1307
2025-09-23 06:47:56,139 - INFO - Example /home/projects/bagon/shared/imagenet512/val/n03980874/ILSVRC2012_val_00015841.JPEG reached epsilon at step 1116, loss sum: 25.2310, final loss: 0.00098991, weight distance: 0.0501
2025-09-23 06:48:09,465 - INFO - Example /home/projects/bagon/shared/imagenet512/val/n02488291/ILSVRC2012_val_00044270.JPEG reached epsilon at step 1913, loss sum: 161.8986, final loss: 0.00099659, weight distance: 0.0883
2025-09-23 06:48:24,261 - INFO - Example /home/projects/bagon/shared/imagenet512/val/n02231487/ILSVRC2012_val_00032661.JPEG reached epsilon at step 2137, loss sum: 572.0571, final loss: 0.00099087, weight distance: 0.0992
2025-09-23 06:48:35,754 - INFO - Example /home/projects/bagon/shared/imagenet512/val/n02690373/ILSVRC2012_val_00046862.JPEG reached epsilon at step 1647, loss sum: 128.4335, final loss: 0.00099373, weight distance: 0.0775
2025-09-23 06:48:43,035 - INFO - Example /home/projects/bagon/shared/imagenet512/val/n07695742/ILSVRC2012_val_00013493.JPEG reached epsilon at step 1019, loss sum: 142.1854, final loss: 0.00099945, weight distance: 0.0621
2025-09-23 06:48:53,556 - INFO - Example /home/projects/bagon/shared/imagenet512/val/n03930313/ILSVRC2012_val_00035769.JPEG reached epsilon at step 1503, loss sum: 142.5501, final loss: 0.00099087, weight distance: 0.0771
2025-09-23 06:49:11,704 - INFO - Example /home/projects/bagon/shared/imagenet512/val/n01491361/ILSVRC2012_val_00002969.JPEG reached epsilon at step 2638, loss sum: 225.4743, final loss: 0.00099850, weight distance: 0.1103
2025-09-23 06:49:18,930 - INFO - Example /home/projects/bagon/shared/imagenet512/val/n02114712/ILSVRC2012_val_00039939.JPEG reached epsilon at step 1011, loss sum: 16.2452, final loss: 0.00099182, weight distance: 0.0445
2025-09-23 06:49:25,548 - INFO - Example /home/projects/bagon/shared/imagenet512/val/n07716358/ILSVRC2012_val_00041474.JPEG reached epsilon at step 921, loss sum: 16.2807, final loss: 0.00099564, weight distance: 0.0444
2025-09-23 06:49:33,149 - INFO - Example /home/projects/bagon/shared/imagenet512/val/n02321529/ILSVRC2012_val_00035186.JPEG reached epsilon at step 1066, loss sum: 208.1444, final loss: 0.00099945, weight distance: 0.0653
2025-09-23 06:49:37,398 - INFO - Example /home/projects/bagon/shared/imagenet512/val/n01930112/ILSVRC2012_val_00001882.JPEG reached epsilon at step 570, loss sum: 119.6398, final loss: 0.00099277, weight distance: 0.0425
2025-09-23 06:49:50,304 - INFO - Example /home/projects/bagon/shared/imagenet512/val/n02106382/ILSVRC2012_val_00006970.JPEG reached epsilon at step 1858, loss sum: 214.0901, final loss: 0.00099182, weight distance: 0.0836
2025-09-23 06:50:00,915 - INFO - Example /home/projects/bagon/shared/imagenet512/val/n02092339/ILSVRC2012_val_00023005.JPEG reached epsilon at step 1516, loss sum: 66.8292, final loss: 0.00099659, weight distance: 0.0700
2025-09-23 06:50:10,257 - INFO - Example /home/projects/bagon/shared/imagenet512/val/n02883205/ILSVRC2012_val_00037646.JPEG reached epsilon at step 1316, loss sum: 297.5824, final loss: 0.00099850, weight distance: 0.0718
2025-09-23 06:50:24,803 - INFO - Example /home/projects/bagon/shared/imagenet512/val/n01770081/ILSVRC2012_val_00030812.JPEG reached epsilon at step 2073, loss sum: 1858.9731, final loss: 0.00098801, weight distance: 0.1245
2025-09-23 06:50:33,575 - INFO - Example /home/projects/bagon/shared/imagenet512/val/n01806143/ILSVRC2012_val_00013378.JPEG reached epsilon at step 1243, loss sum: 1160.7836, final loss: 0.00099659, weight distance: 0.0903
2025-09-23 06:50:44,284 - INFO - Example /home/projects/bagon/shared/imagenet512/val/n07753275/ILSVRC2012_val_00023804.JPEG reached epsilon at step 1531, loss sum: 751.5079, final loss: 0.00099277, weight distance: 0.0879
2025-09-23 06:50:54,844 - INFO - Example /home/projects/bagon/shared/imagenet512/val/n02093754/ILSVRC2012_val_00025302.JPEG reached epsilon at step 1506, loss sum: 154.4885, final loss: 0.00099754, weight distance: 0.0704
2025-09-23 06:51:07,545 - INFO - Example /home/projects/bagon/shared/imagenet512/val/n02980441/ILSVRC2012_val_00018999.JPEG reached epsilon at step 1824, loss sum: 391.8240, final loss: 0.00099182, weight distance: 0.1004
2025-09-23 06:51:19,442 - INFO - Example /home/projects/bagon/shared/imagenet512/val/n03250847/ILSVRC2012_val_00002037.JPEG reached epsilon at step 1700, loss sum: 277.0795, final loss: 0.00099373, weight distance: 0.0854
2025-09-23 06:51:28,187 - INFO - Example /home/projects/bagon/shared/imagenet512/val/n07875152/ILSVRC2012_val_00023843.JPEG reached epsilon at step 1207, loss sum: 573.8976, final loss: 0.00099659, weight distance: 0.0808
2025-09-23 06:51:38,110 - INFO - Example /home/projects/bagon/shared/imagenet512/val/n02128757/ILSVRC2012_val_00032712.JPEG reached epsilon at step 1412, loss sum: 203.2394, final loss: 0.00099182, weight distance: 0.0786
2025-09-23 06:51:45,923 - INFO - Example /home/projects/bagon/shared/imagenet512/val/n02317335/ILSVRC2012_val_00014590.JPEG reached epsilon at step 1046, loss sum: 662.7822, final loss: 0.00098610, weight distance: 0.0726
2025-09-23 06:52:07,151 - INFO - Example /home/projects/bagon/shared/imagenet512/val/n01494475/ILSVRC2012_val_00016395.JPEG reached epsilon at step 3069, loss sum: 1259.8113, final loss: 0.00098991, weight distance: 0.1389
2025-09-23 06:52:30,822 - INFO - Example /home/projects/bagon/shared/imagenet512/val/n04037443/ILSVRC2012_val_00020181.JPEG reached epsilon at step 3451, loss sum: 297.6037, final loss: 0.00099850, weight distance: 0.1252
2025-09-23 06:52:40,000 - INFO - Example /home/projects/bagon/shared/imagenet512/val/n09421951/ILSVRC2012_val_00006564.JPEG reached epsilon at step 1302, loss sum: 69.9501, final loss: 0.00099277, weight distance: 0.0642
2025-09-23 06:53:00,492 - INFO - Example /home/projects/bagon/shared/imagenet512/val/n02814533/ILSVRC2012_val_00006084.JPEG reached epsilon at step 2982, loss sum: 308.3782, final loss: 0.00099754, weight distance: 0.1218
2025-09-23 06:53:09,523 - INFO - Example /home/projects/bagon/shared/imagenet512/val/n03938244/ILSVRC2012_val_00011154.JPEG reached epsilon at step 1280, loss sum: 5.6421, final loss: 0.00099564, weight distance: 0.0390
2025-09-23 06:53:19,322 - INFO - Example /home/projects/bagon/shared/imagenet512/val/n01872401/ILSVRC2012_val_00042693.JPEG reached epsilon at step 1391, loss sum: 831.8448, final loss: 0.00099945, weight distance: 0.0873
2025-09-23 06:53:25,628 - INFO - Example /home/projects/bagon/shared/imagenet512/val/n02233338/ILSVRC2012_val_00044491.JPEG reached epsilon at step 876, loss sum: 68.0556, final loss: 0.00099468, weight distance: 0.0507
2025-09-23 06:53:35,052 - INFO - Example /home/projects/bagon/shared/imagenet512/val/n02100735/ILSVRC2012_val_00049965.JPEG reached epsilon at step 1340, loss sum: 754.4050, final loss: 0.00098801, weight distance: 0.0841
2025-09-23 06:53:47,263 - INFO - Example /home/projects/bagon/shared/imagenet512/val/n02033041/ILSVRC2012_val_00030590.JPEG reached epsilon at step 1749, loss sum: 720.9073, final loss: 0.00099564, weight distance: 0.1002
2025-09-23 06:53:58,433 - INFO - Example /home/projects/bagon/shared/imagenet512/val/n02110806/ILSVRC2012_val_00043319.JPEG reached epsilon at step 1595, loss sum: 46.8296, final loss: 0.00099373, weight distance: 0.0655
2025-09-23 06:54:08,160 - INFO - Example /home/projects/bagon/shared/imagenet512/val/n03598930/ILSVRC2012_val_00006625.JPEG reached epsilon at step 1378, loss sum: 393.9643, final loss: 0.00099373, weight distance: 0.0810
2025-09-23 06:54:23,763 - INFO - Example /home/projects/bagon/shared/imagenet512/val/n02794156/ILSVRC2012_val_00036836.JPEG reached epsilon at step 2251, loss sum: 1066.7485, final loss: 0.00099754, weight distance: 0.1183
2025-09-23 06:54:38,801 - INFO - Example /home/projects/bagon/shared/imagenet512/val/n02280649/ILSVRC2012_val_00020938.JPEG reached epsilon at step 2170, loss sum: 645.7026, final loss: 0.00099373, weight distance: 0.1094
2025-09-23 06:54:50,365 - INFO - Example /home/projects/bagon/shared/imagenet512/val/n04141975/ILSVRC2012_val_00016341.JPEG reached epsilon at step 1656, loss sum: 799.9751, final loss: 0.00099754, weight distance: 0.0998
2025-09-23 06:54:59,468 - INFO - Example /home/projects/bagon/shared/imagenet512/val/n04023962/ILSVRC2012_val_00029900.JPEG reached epsilon at step 1290, loss sum: 185.8517, final loss: 0.00099373, weight distance: 0.0722
2025-09-23 06:55:12,596 - INFO - Example /home/projects/bagon/shared/imagenet512/val/n03623198/ILSVRC2012_val_00038767.JPEG reached epsilon at step 1884, loss sum: 1306.2255, final loss: 0.00099850, weight distance: 0.1142
2025-09-23 06:55:26,006 - INFO - Example /home/projects/bagon/shared/imagenet512/val/n04049303/ILSVRC2012_val_00025514.JPEG reached epsilon at step 1925, loss sum: 918.9366, final loss: 0.00099754, weight distance: 0.1093
2025-09-23 06:55:37,967 - INFO - Example /home/projects/bagon/shared/imagenet512/val/n04254680/ILSVRC2012_val_00042311.JPEG reached epsilon at step 1695, loss sum: 5.8413, final loss: 0.00099659, weight distance: 0.0410
2025-09-23 06:55:50,764 - INFO - Example /home/projects/bagon/shared/imagenet512/val/n01749939/ILSVRC2012_val_00000298.JPEG reached epsilon at step 1827, loss sum: 83.4764, final loss: 0.00099468, weight distance: 0.0831
2025-09-23 06:56:01,142 - INFO - Example /home/projects/bagon/shared/imagenet512/val/n02259212/ILSVRC2012_val_00007916.JPEG reached epsilon at step 1480, loss sum: 190.9080, final loss: 0.00099373, weight distance: 0.0752
2025-09-23 06:56:10,160 - INFO - Example /home/projects/bagon/shared/imagenet512/val/n02132136/ILSVRC2012_val_00048979.JPEG reached epsilon at step 1275, loss sum: 440.9749, final loss: 0.00099564, weight distance: 0.0777
2025-09-23 06:56:24,363 - INFO - Example /home/projects/bagon/shared/imagenet512/val/n02167151/ILSVRC2012_val_00027791.JPEG reached epsilon at step 2045, loss sum: 252.9620, final loss: 0.00099945, weight distance: 0.0931
2025-09-23 06:56:29,689 - INFO - Example /home/projects/bagon/shared/imagenet512/val/n09288635/ILSVRC2012_val_00019666.JPEG reached epsilon at step 727, loss sum: 49.4216, final loss: 0.00099659, weight distance: 0.0432
2025-09-23 06:56:55,583 - INFO - Example /home/projects/bagon/shared/imagenet512/val/n02094433/ILSVRC2012_val_00036254.JPEG reached epsilon at step 3734, loss sum: 742.5214, final loss: 0.00099659, weight distance: 0.1433
2025-09-23 06:57:03,382 - INFO - Example /home/projects/bagon/shared/imagenet512/val/n04532106/ILSVRC2012_val_00013500.JPEG reached epsilon at step 1097, loss sum: 148.5973, final loss: 0.00098801, weight distance: 0.0621
2025-09-23 06:57:17,362 - INFO - Example /home/projects/bagon/shared/imagenet512/val/n03483316/ILSVRC2012_val_00013907.JPEG reached epsilon at step 2018, loss sum: 256.1383, final loss: 0.00098896, weight distance: 0.0923
2025-09-23 06:57:32,081 - INFO - Example /home/projects/bagon/shared/imagenet512/val/n03887697/ILSVRC2012_val_00029141.JPEG reached epsilon at step 2120, loss sum: 64.0288, final loss: 0.00099754, weight distance: 0.0792
2025-09-23 06:57:41,239 - INFO - Example /home/projects/bagon/shared/imagenet512/val/n09468604/ILSVRC2012_val_00031161.JPEG reached epsilon at step 1293, loss sum: 77.7192, final loss: 0.00099564, weight distance: 0.0626
2025-09-23 06:57:54,305 - INFO - Example /home/projects/bagon/shared/imagenet512/val/n01514859/ILSVRC2012_val_00037719.JPEG reached epsilon at step 1878, loss sum: 88.5220, final loss: 0.00099945, weight distance: 0.0730
2025-09-23 06:58:07,241 - INFO - Example /home/projects/bagon/shared/imagenet512/val/n07932039/ILSVRC2012_val_00018693.JPEG reached epsilon at step 1863, loss sum: 241.1375, final loss: 0.00099659, weight distance: 0.0910
2025-09-23 06:58:15,412 - INFO - Example /home/projects/bagon/shared/imagenet512/val/n07697537/ILSVRC2012_val_00038387.JPEG reached epsilon at step 1150, loss sum: 28.4974, final loss: 0.00099468, weight distance: 0.0523
2025-09-23 06:58:28,877 - INFO - Example /home/projects/bagon/shared/imagenet512/val/n02894605/ILSVRC2012_val_00012400.JPEG reached epsilon at step 1936, loss sum: 68.3189, final loss: 0.00098991, weight distance: 0.0779
2025-09-23 06:58:39,429 - INFO - Example /home/projects/bagon/shared/imagenet512/val/n03895866/ILSVRC2012_val_00018861.JPEG reached epsilon at step 1503, loss sum: 54.5846, final loss: 0.00099850, weight distance: 0.0614
2025-09-23 06:58:48,270 - INFO - Example /home/projects/bagon/shared/imagenet512/val/n02107683/ILSVRC2012_val_00036682.JPEG reached epsilon at step 1250, loss sum: 97.2826, final loss: 0.00099468, weight distance: 0.0627
2025-09-23 06:59:00,838 - INFO - Example /home/projects/bagon/shared/imagenet512/val/n03838899/ILSVRC2012_val_00007097.JPEG reached epsilon at step 1806, loss sum: 54.7975, final loss: 0.00099945, weight distance: 0.0668
2025-09-23 06:59:23,000 - INFO - Example /home/projects/bagon/shared/imagenet512/val/n04505470/ILSVRC2012_val_00044924.JPEG reached epsilon at step 3233, loss sum: 543.7268, final loss: 0.00099087, weight distance: 0.1286
2025-09-23 06:59:39,898 - INFO - Example /home/projects/bagon/shared/imagenet512/val/n01744401/ILSVRC2012_val_00015523.JPEG reached epsilon at step 2451, loss sum: 846.9579, final loss: 0.00098896, weight distance: 0.1124
2025-09-23 06:59:51,163 - INFO - Example /home/projects/bagon/shared/imagenet512/val/n03404251/ILSVRC2012_val_00010157.JPEG reached epsilon at step 1544, loss sum: 507.9482, final loss: 0.00099277, weight distance: 0.0907
2025-09-23 07:00:06,071 - INFO - Example /home/projects/bagon/shared/imagenet512/val/n02105641/ILSVRC2012_val_00011498.JPEG reached epsilon at step 2155, loss sum: 2030.6498, final loss: 0.00099277, weight distance: 0.1331
2025-09-23 07:00:27,050 - INFO - Example /home/projects/bagon/shared/imagenet512/val/n03838899/ILSVRC2012_val_00003524.JPEG reached epsilon at step 3059, loss sum: 472.2614, final loss: 0.00099182, weight distance: 0.1269
2025-09-23 07:00:32,791 - INFO - Example /home/projects/bagon/shared/imagenet512/val/n04040759/ILSVRC2012_val_00030262.JPEG reached epsilon at step 789, loss sum: 164.2234, final loss: 0.00099659, weight distance: 0.0523
2025-09-23 07:00:40,366 - INFO - Example /home/projects/bagon/shared/imagenet512/val/n01776313/ILSVRC2012_val_00046529.JPEG reached epsilon at step 1045, loss sum: 186.3888, final loss: 0.00099373, weight distance: 0.0604
2025-09-23 07:00:54,572 - INFO - Example /home/projects/bagon/shared/imagenet512/val/n01855672/ILSVRC2012_val_00013794.JPEG reached epsilon at step 2052, loss sum: 432.4090, final loss: 0.00099754, weight distance: 0.0995
2025-09-23 07:01:02,285 - INFO - Example /home/projects/bagon/shared/imagenet512/val/n02101006/ILSVRC2012_val_00029333.JPEG reached epsilon at step 1085, loss sum: 81.0371, final loss: 0.00099087, weight distance: 0.0535
2025-09-23 07:01:17,836 - INFO - Example /home/projects/bagon/shared/imagenet512/val/n01735189/ILSVRC2012_val_00041743.JPEG reached epsilon at step 2250, loss sum: 447.8287, final loss: 0.00099945, weight distance: 0.1054
2025-09-23 07:01:22,127 - INFO - Example /home/projects/bagon/shared/imagenet512/val/n04311174/ILSVRC2012_val_00020039.JPEG reached epsilon at step 576, loss sum: 70.1934, final loss: 0.00098801, weight distance: 0.0405
2025-09-23 07:01:33,674 - INFO - Example /home/projects/bagon/shared/imagenet512/val/n02403003/ILSVRC2012_val_00041005.JPEG reached epsilon at step 1655, loss sum: 19.4329, final loss: 0.00099945, weight distance: 0.0573
2025-09-23 07:01:49,018 - INFO - Example /home/projects/bagon/shared/imagenet512/val/n04086273/ILSVRC2012_val_00002840.JPEG reached epsilon at step 2227, loss sum: 673.0784, final loss: 0.00099659, weight distance: 0.1170
2025-09-23 07:02:06,918 - INFO - Example /home/projects/bagon/shared/imagenet512/val/n02106550/ILSVRC2012_val_00019107.JPEG reached epsilon at step 2592, loss sum: 611.8410, final loss: 0.00099945, weight distance: 0.1193
2025-09-23 07:02:14,258 - INFO - Example /home/projects/bagon/shared/imagenet512/val/n02437616/ILSVRC2012_val_00044769.JPEG reached epsilon at step 1028, loss sum: 147.6335, final loss: 0.00099564, weight distance: 0.0588
2025-09-23 07:02:24,391 - INFO - Example /home/projects/bagon/shared/imagenet512/val/n02834397/ILSVRC2012_val_00027533.JPEG reached epsilon at step 1438, loss sum: 748.0421, final loss: 0.00099087, weight distance: 0.0838
2025-09-23 07:02:39,365 - INFO - Example /home/projects/bagon/shared/imagenet512/val/n02408429/ILSVRC2012_val_00005951.JPEG reached epsilon at step 2161, loss sum: 595.4161, final loss: 0.00099468, weight distance: 0.1025
2025-09-23 07:02:47,369 - INFO - Example /home/projects/bagon/shared/imagenet512/val/n02011460/ILSVRC2012_val_00045951.JPEG reached epsilon at step 1126, loss sum: 187.7742, final loss: 0.00099564, weight distance: 0.0644
2025-09-23 07:02:58,111 - INFO - Example /home/projects/bagon/shared/imagenet512/val/n02088094/ILSVRC2012_val_00029232.JPEG reached epsilon at step 1534, loss sum: 315.3974, final loss: 0.00098801, weight distance: 0.0860
2025-09-23 07:03:10,054 - INFO - Example /home/projects/bagon/shared/imagenet512/val/n03314780/ILSVRC2012_val_00021308.JPEG reached epsilon at step 1707, loss sum: 475.5790, final loss: 0.00098991, weight distance: 0.0926
2025-09-23 07:03:24,531 - INFO - Example /home/projects/bagon/shared/imagenet512/val/n02951585/ILSVRC2012_val_00000101.JPEG reached epsilon at step 2095, loss sum: 74.8677, final loss: 0.00098896, weight distance: 0.0808
2025-09-23 07:03:31,799 - INFO - Example /home/projects/bagon/shared/imagenet512/val/n02797295/ILSVRC2012_val_00007968.JPEG reached epsilon at step 1019, loss sum: 28.7305, final loss: 0.00099850, weight distance: 0.0506
2025-09-23 07:03:40,387 - INFO - Example /home/projects/bagon/shared/imagenet512/val/n03794056/ILSVRC2012_val_00005987.JPEG reached epsilon at step 1214, loss sum: 96.3946, final loss: 0.00099564, weight distance: 0.0650
2025-09-23 07:03:49,084 - INFO - Example /home/projects/bagon/shared/imagenet512/val/n03538406/ILSVRC2012_val_00033806.JPEG reached epsilon at step 1229, loss sum: 76.1875, final loss: 0.00099373, weight distance: 0.0649
2025-09-23 07:04:09,358 - INFO - Example /home/projects/bagon/shared/imagenet512/val/n02099712/ILSVRC2012_val_00011807.JPEG reached epsilon at step 2950, loss sum: 524.2846, final loss: 0.00099277, weight distance: 0.1145
2025-09-23 07:04:24,046 - INFO - Example /home/projects/bagon/shared/imagenet512/val/n02133161/ILSVRC2012_val_00012011.JPEG reached epsilon at step 2119, loss sum: 384.2386, final loss: 0.00098991, weight distance: 0.0960
2025-09-23 07:04:43,814 - INFO - Example /home/projects/bagon/shared/imagenet512/val/n01728920/ILSVRC2012_val_00047852.JPEG reached epsilon at step 2879, loss sum: 1489.4019, final loss: 0.00099850, weight distance: 0.1381
2025-09-23 07:04:49,757 - INFO - Example /home/projects/bagon/shared/imagenet512/val/n13040303/ILSVRC2012_val_00018306.JPEG reached epsilon at step 805, loss sum: 24.4965, final loss: 0.00099945, weight distance: 0.0433
2025-09-23 07:05:01,336 - INFO - Example /home/projects/bagon/shared/imagenet512/val/n02102318/ILSVRC2012_val_00004995.JPEG reached epsilon at step 1652, loss sum: 160.6462, final loss: 0.00099659, weight distance: 0.0810
2025-09-23 07:05:20,857 - INFO - Example /home/projects/bagon/shared/imagenet512/val/n02111277/ILSVRC2012_val_00021356.JPEG reached epsilon at step 2793, loss sum: 255.8537, final loss: 0.00099945, weight distance: 0.1027
2025-09-23 07:05:40,873 - INFO - Example /home/projects/bagon/shared/imagenet512/val/n02669723/ILSVRC2012_val_00040365.JPEG reached epsilon at step 2884, loss sum: 345.5632, final loss: 0.00098896, weight distance: 0.1178
2025-09-23 07:05:53,884 - INFO - Example /home/projects/bagon/shared/imagenet512/val/n04118538/ILSVRC2012_val_00027139.JPEG reached epsilon at step 1872, loss sum: 312.2979, final loss: 0.00099277, weight distance: 0.0936
2025-09-23 07:05:54,300 - INFO - Time limit reached. Exiting before starting next example.
2025-09-23 07:05:54,300 - INFO - Worker 0 exiting due to time limit; processed 542/1867 assigned examples. Not marking DONE.
