example_index,path,total_steps_to_epsilon,total_loss_sum,final_loss,weight_distance,softmax_wasserstein,grad_mass_wasserstein,universal_difficulty_rank
0,/home/projects/bagon/shared/imagenet512/val/n04252225/ILSVRC2012_val_00049171.JPEG,541,2.817157499724999,0.0009984752396121621,0.11766972251075591,0.25641475455829643,0.34858038486275467,17040
1,/home/projects/bagon/shared/imagenet512/val/n02692877/ILSVRC2012_val_00039339.JPEG,151,7.498119522351772,0.0009927588980644941,0.26335425383393585,0.5915030027143398,0.30774825945304113,17276
2,/home/projects/bagon/shared/imagenet512/val/n02119022/ILSVRC2012_val_00012749.JPEG,283,1.520715122926049,0.0009995469590649009,0.08041216321486541,0.16418162978733286,0.1613906844393333,18949
3,/home/projects/bagon/shared/imagenet512/val/n02086910/ILSVRC2012_val_00015144.JPEG,180,1.3734383753035218,0.0009957361035048962,0.07945910211261906,0.44424766464970694,0.27163058123416484,19915
4,/home/projects/bagon/shared/imagenet512/val/n03584829/ILSVRC2012_val_00031726.JPEG,147,1.6364848555531353,0.0009950215462595224,0.08743341643890308,0.38145984460257176,0.20476890972669537,20508
5,/home/projects/bagon/shared/imagenet512/val/n02086240/ILSVRC2012_val_00022799.JPEG,5,33.60589826107025,0.0,1.9505622575390877,0.7924226133703323,0.5318578823118604,20899
6,/home/projects/bagon/shared/imagenet512/val/n02009912/ILSVRC2012_val_00040244.JPEG,648,13.077189708710648,0.0009983561467379332,0.31124219930597286,0.7112350486952601,0.37287870074832463,20933
7,/home/projects/bagon/shared/imagenet512/val/n03724870/ILSVRC2012_val_00046114.JPEG,137,8.78714724094607,0.0009999042376875877,0.18734240052057188,0.8703777058230701,0.23610555196210128,21176
8,/home/projects/bagon/shared/imagenet512/val/n03720891/ILSVRC2012_val_00030357.JPEG,4,2.4570042486302555,0.0007329876534640789,0.41143086513370275,0.19336232128785633,0.10837571870248675,21745
9,/home/projects/bagon/shared/imagenet512/val/n04204238/ILSVRC2012_val_00027294.JPEG,148,9.667394189396873,0.0009978797752410173,0.30925442190700037,0.9830025331716443,0.215962835928121,22035
10,/home/projects/bagon/shared/imagenet512/val/n03874599/ILSVRC2012_val_00042881.JPEG,291,17.531416655518115,0.0009999042376875877,0.3548540197424815,0.5685268202050526,0.2698170067767124,23720
11,/home/projects/bagon/shared/imagenet512/val/n02807133/ILSVRC2012_val_00043987.JPEG,70,13.232483706437051,0.0009941878961399198,0.26081563995202556,0.7490256954937018,0.2087751836807685,24015
12,/home/projects/bagon/shared/imagenet512/val/n01737021/ILSVRC2012_val_00047243.JPEG,6,81.72893571853638,0.0,2.429937876990081,0.922053006061891,0.4686620394024595,24313
13,/home/projects/bagon/shared/imagenet512/val/n07695742/ILSVRC2012_val_00025390.JPEG,196,11.441188210155815,0.0009966888464987278,0.2992387946211979,0.943993617889505,0.3658729458647654,24436
14,/home/projects/bagon/shared/imagenet512/val/n02099849/ILSVRC2012_val_00034849.JPEG,4,43.171589970588684,0.0,7.8947853213978085,0.7832685678066525,0.5642670808437404,24646
15,/home/projects/bagon/shared/imagenet512/val/n03259280/ILSVRC2012_val_00008773.JPEG,148,16.067090576631017,0.0009941878961399198,0.21964303841381688,0.9964015124812962,0.26123625418764684,24741
16,/home/projects/bagon/shared/imagenet512/val/n01494475/ILSVRC2012_val_00009978.JPEG,454,10.135545416618697,0.0009983561467379332,0.1796329506806806,0.25808690703219966,0.3112209020482487,24801
17,/home/projects/bagon/shared/imagenet512/val/n04447861/ILSVRC2012_val_00037291.JPEG,86,2.2604160304181278,0.0009993088897317648,0.18735535554476715,0.38820420416746004,0.39826083359623254,24996
18,/home/projects/bagon/shared/imagenet512/val/n04081281/ILSVRC2012_val_00029996.JPEG,225,15.048640530090779,0.0009968079393729568,0.34607387143229834,0.9464929039140157,0.304702527669505,25297
19,/home/projects/bagon/shared/imagenet512/val/n02493509/ILSVRC2012_val_00033277.JPEG,363,4.5514599428279325,0.0009991897968575358,0.16732460087702383,0.7967401463529504,0.21772693384170078,25308
20,/home/projects/bagon/shared/imagenet512/val/n02106550/ILSVRC2012_val_00019107.JPEG,172,12.226096011465415,0.0009966888464987278,0.27884872878847805,0.6718657700206395,0.47811842300398355,25444
21,/home/projects/bagon/shared/imagenet512/val/n04040759/ILSVRC2012_val_00016784.JPEG,260,2.1125259317923337,0.0009982370538637042,0.10417936298678708,0.4145114264861168,0.22912900696780583,25677
22,/home/projects/bagon/shared/imagenet512/val/n02095314/ILSVRC2012_val_00012471.JPEG,-1,nan,nan,nan,nan,nan,26001
23,/home/projects/bagon/shared/imagenet512/val/n01796340/ILSVRC2012_val_00039113.JPEG,390,13.709838109556586,0.0009996660519391298,0.35332577253734493,nan,0.32047227939816403,26257
24,/home/projects/bagon/shared/imagenet512/val/n07614500/ILSVRC2012_val_00034087.JPEG,165,23.51693514501676,0.0009957361035048962,0.3957572253169763,0.8321308076744884,0.3521803665349722,26370
25,/home/projects/bagon/shared/imagenet512/val/n02134084/ILSVRC2012_val_00020441.JPEG,147,1.6040667042834684,0.000995974289253354,0.103954493618287,0.325077093682893,0.3297865132563701,26681
26,/home/projects/bagon/shared/imagenet512/val/n01739381/ILSVRC2012_val_00015794.JPEG,479,3.8247499315766618,0.0009997851448133588,0.22309550028922387,0.5538427177590916,0.3667914115721712,26765
27,/home/projects/bagon/shared/imagenet512/val/n02096437/ILSVRC2012_val_00024766.JPEG,385,4.619320533471182,0.0009982370538637042,0.33420615124845365,0.7592890356223115,0.3809170664371424,26797
28,/home/projects/bagon/shared/imagenet512/val/n02124075/ILSVRC2012_val_00023393.JPEG,212,7.893258802010678,0.000996331567876041,0.23982683652871242,0.9248952261824034,0.2379969965943158,27138
29,/home/projects/bagon/shared/imagenet512/val/n04540053/ILSVRC2012_val_00033329.JPEG,265,3.9011730481870472,0.000998832518234849,0.1656184582865981,0.4441282687653717,0.29737195112838477,27143
30,/home/projects/bagon/shared/imagenet512/val/n03843555/ILSVRC2012_val_00032407.JPEG,53,8.79373342928011,0.0009896624833345413,0.36938589485812956,0.8742587201947548,0.260713198931663,27333
31,/home/projects/bagon/shared/imagenet512/val/n02134418/ILSVRC2012_val_00043326.JPEG,-1,nan,nan,nan,nan,nan,27378
32,/home/projects/bagon/shared/imagenet512/val/n02091635/ILSVRC2012_val_00049144.JPEG,189,4.489126407890581,0.000998594332486391,0.23897973341765294,nan,0.309051056387609,27554
33,/home/projects/bagon/shared/imagenet512/val/n03347037/ILSVRC2012_val_00020741.JPEG,127,1.4853820408461615,0.0009972843108698726,0.08962253727188162,0.3829589220968521,0.31602332989130616,27947
34,/home/projects/bagon/shared/imagenet512/val/n01530575/ILSVRC2012_val_00047878.JPEG,259,9.4731017871527,0.0009978797752410173,0.1952507594090907,0.6355719110181979,0.28586423595675803,27960
35,/home/projects/bagon/shared/imagenet512/val/n03871628/ILSVRC2012_val_00049476.JPEG,52,3.2968669498804957,0.0009859706042334437,0.20226943240116418,0.8182445736112188,0.15789619456210002,27986
36,/home/projects/bagon/shared/imagenet512/val/n02120505/ILSVRC2012_val_00030934.JPEG,571,13.485501524293795,0.0009984752396121621,0.2712962772314627,0.8682961123177042,0.2741186550539153,28121
37,/home/projects/bagon/shared/imagenet512/val/n02777292/ILSVRC2012_val_00024313.JPEG,40,4.850599877303466,0.0009922825265675783,0.5278331855115171,0.40576640486279975,0.3067595031987818,28237
38,/home/projects/bagon/shared/imagenet512/val/n09835506/ILSVRC2012_val_00016865.JPEG,200,10.005979897105135,0.0009979988681152463,0.3393062010422428,0.9690117213355602,0.35902193833671237,28254
39,/home/projects/bagon/shared/imagenet512/val/n02115641/ILSVRC2012_val_00042614.JPEG,248,12.815310627105646,0.000995974289253354,0.29974401194886535,0.8284907735533551,0.30564561202198604,28275
40,/home/projects/bagon/shared/imagenet512/val/n03781244/ILSVRC2012_val_00018653.JPEG,292,2.350209806347266,0.0009994279826059937,0.12042334134744816,0.5823423250969267,0.22012658744677885,28402
41,/home/projects/bagon/shared/imagenet512/val/n02442845/ILSVRC2012_val_00023994.JPEG,332,14.334969665273093,0.0009981179609894753,0.3281546123990697,0.8052632841682861,0.41308958055397327,28735
42,/home/projects/bagon/shared/imagenet512/val/n04376876/ILSVRC2012_val_00036106.JPEG,-1,nan,nan,nan,nan,nan,28856
43,/home/projects/bagon/shared/imagenet512/val/n04404412/ILSVRC2012_val_00035390.JPEG,196,13.947381152887829,0.0009953788248822093,0.39306557766371847,nan,0.5543821595991754,28888
44,/home/projects/bagon/shared/imagenet512/val/n04483307/ILSVRC2012_val_00040034.JPEG,228,3.0080497142625973,0.000998951611109078,0.15436279607642803,0.7408211511415621,0.2925049419356186,28925
45,/home/projects/bagon/shared/imagenet512/val/n03666591/ILSVRC2012_val_00042002.JPEG,-1,nan,nan,nan,nan,nan,28932
46,/home/projects/bagon/shared/imagenet512/val/n01685808/ILSVRC2012_val_00026901.JPEG,7,28.32625675201416,0.0,25.418154634181803,nan,0.510274740694615,29033
47,/home/projects/bagon/shared/imagenet512/val/n07831146/ILSVRC2012_val_00037443.JPEG,240,11.017958632088266,0.0009970461251214147,0.3635679784359928,0.8075010236192465,0.26078063719853395,29050
48,/home/projects/bagon/shared/imagenet512/val/n02104029/ILSVRC2012_val_00043543.JPEG,336,10.096093403873965,0.000998594332486391,0.32976191692981527,0.8616000624290562,0.4314134492277736,29055
49,/home/projects/bagon/shared/imagenet512/val/n03840681/ILSVRC2012_val_00031740.JPEG,88,6.188169517205097,0.0009944260818883777,0.3164442765505327,0.956286659827265,0.19193478811821751,29112
50,/home/projects/bagon/shared/imagenet512/val/n02093754/ILSVRC2012_val_00044399.JPEG,130,8.170658331480809,0.000993116176687181,0.35756231750952644,0.9257243086935231,0.15734202100152203,29123
51,/home/projects/bagon/shared/imagenet512/val/n02692877/ILSVRC2012_val_00018562.JPEG,4,26.10216212272644,0.0,2.079024314441225,0.8999969251726153,0.6513602522928725,29159
52,/home/projects/bagon/shared/imagenet512/val/n03991062/ILSVRC2012_val_00047636.JPEG,134,1.6661862484179437,0.0009940688032656908,0.11332508297278673,0.4896262793580317,0.2178322755123983,29180
53,/home/projects/bagon/shared/imagenet512/val/n07873807/ILSVRC2012_val_00005438.JPEG,239,3.290471807587892,0.000996331567876041,0.19443894354263236,0.8890317027109818,0.30396524831934235,29229
54,/home/projects/bagon/shared/imagenet512/val/n02090721/ILSVRC2012_val_00044944.JPEG,271,24.47223549883347,0.0009995469590649009,0.46397485104606456,0.9886027895583578,0.4483137691905606,29327
55,/home/projects/bagon/shared/imagenet512/val/n04325704/ILSVRC2012_val_00042656.JPEG,176,4.351523851510137,0.0009952597320079803,0.19389062244947095,0.8763423102238467,0.14012672987342326,29331
56,/home/projects/bagon/shared/imagenet512/val/n03929660/ILSVRC2012_val_00027002.JPEG,176,2.8514097568113357,0.0009977606823667884,0.13431791652400557,0.6733791585945024,0.2495525972012007,29341
57,/home/projects/bagon/shared/imagenet512/val/n03630383/ILSVRC2012_val_00021852.JPEG,-1,nan,nan,nan,nan,nan,29343
58,/home/projects/bagon/shared/imagenet512/val/n02361337/ILSVRC2012_val_00015451.JPEG,5,28.52461004257202,0.0,5.855119892198958,nan,0.4726075980603954,29437
59,/home/projects/bagon/shared/imagenet512/val/n01729977/ILSVRC2012_val_00005050.JPEG,213,5.896610511583276,0.0009957361035048962,0.27989417330840416,0.6990218155849038,0.32924952000287033,29498
60,/home/projects/bagon/shared/imagenet512/val/n04389033/ILSVRC2012_val_00030941.JPEG,-1,nan,nan,nan,nan,nan,29540
61,/home/projects/bagon/shared/imagenet512/val/n03794056/ILSVRC2012_val_00018129.JPEG,270,5.623890137998387,0.0009974034037441015,0.20113497475295775,nan,0.26620429410934787,29544
62,/home/projects/bagon/shared/imagenet512/val/n02113186/ILSVRC2012_val_00029799.JPEG,310,12.14562170067802,0.0009997851448133588,0.1910313605701218,0.8238046739177964,0.2547505721570481,29565
63,/home/projects/bagon/shared/imagenet512/val/n03216828/ILSVRC2012_val_00018083.JPEG,-1,nan,nan,nan,nan,nan,29588
64,/home/projects/bagon/shared/imagenet512/val/n06359193/ILSVRC2012_val_00022255.JPEG,12,52.91089601814747,0.0,9.469618031195239,nan,0.5036681061166628,29615
65,/home/projects/bagon/shared/imagenet512/val/n03792972/ILSVRC2012_val_00045159.JPEG,6,16.41276037233183,0.0006529344827868044,0.48524629668240105,0.987684710248814,0.39642463085031654,29691
66,/home/projects/bagon/shared/imagenet512/val/n04398044/ILSVRC2012_val_00015109.JPEG,7,25.2740262238367,0.00046993177966214716,2.186049690594356,0.3433107003923291,0.3330056784849025,29698
67,/home/projects/bagon/shared/imagenet512/val/n02883205/ILSVRC2012_val_00006456.JPEG,7,55.091620445251465,0.0,17.54502898678398,0.81123689498305,0.5002191447773141,29785
68,/home/projects/bagon/shared/imagenet512/val/n02730930/ILSVRC2012_val_00020467.JPEG,160,4.801942173857242,0.0009966888464987278,0.22121698603340983,0.7256505252826437,0.3377031639451642,30028
69,/home/projects/bagon/shared/imagenet512/val/n04179913/ILSVRC2012_val_00001715.JPEG,89,22.93105091608595,0.0009999042376875877,0.31913641835153417,0.9896069274292674,0.3002321200051514,30049
70,/home/projects/bagon/shared/imagenet512/val/n02787622/ILSVRC2012_val_00024757.JPEG,122,28.184746800805442,0.0009952597320079803,0.462727299220454,0.9750621801135451,0.32763832787506064,30136
71,/home/projects/bagon/shared/imagenet512/val/n03887697/ILSVRC2012_val_00014996.JPEG,206,38.0323712072568,0.0009979988681152463,1.3545595510098978,0.4030750787242152,0.4309169406338616,30145
72,/home/projects/bagon/shared/imagenet512/val/n01981276/ILSVRC2012_val_00035209.JPEG,373,4.631000222521834,0.0009995469590649009,0.2222069276057857,0.8738527282333097,0.25294997790952645,30156
73,/home/projects/bagon/shared/imagenet512/val/n04501370/ILSVRC2012_val_00002459.JPEG,64,12.975948433740996,0.0009990707039833069,0.465974693073788,0.2863816696451823,0.25606250644926754,30257
74,/home/projects/bagon/shared/imagenet512/val/n03388043/ILSVRC2012_val_00023645.JPEG,69,16.360406003776006,0.0009956170106306672,0.5477756181395723,0.7610679192660712,0.4914806568680107,30315
75,/home/projects/bagon/shared/imagenet512/val/n03775071/ILSVRC2012_val_00015588.JPEG,406,2.7655846695415676,0.0009993088897317648,0.13980873604230887,0.44000219954897807,0.2737126879165006,30406
76,/home/projects/bagon/shared/imagenet512/val/n03825788/ILSVRC2012_val_00048296.JPEG,109,4.5066019935766235,0.0009916870621964335,0.2238254798703225,0.8783661404287013,0.30142670075212324,30444
77,/home/projects/bagon/shared/imagenet512/val/n04467665/ILSVRC2012_val_00030438.JPEG,121,6.32815293117892,0.000998832518234849,0.273061896804859,0.8323445109691963,0.28122109121409944,30453
78,/home/projects/bagon/shared/imagenet512/val/n02111500/ILSVRC2012_val_00023003.JPEG,212,42.70885308808647,0.0009974034037441015,0.43394280870767615,0.9966121879669244,0.3877400141949368,30513
79,/home/projects/bagon/shared/imagenet512/val/n02091032/ILSVRC2012_val_00049193.JPEG,189,6.453860572306439,0.0009983561467379332,0.3352533805527945,0.9345194849097618,0.41854001370631366,30580
80,/home/projects/bagon/shared/imagenet512/val/n01776313/ILSVRC2012_val_00005788.JPEG,186,21.625112937646918,0.00099871342536062,0.4835247906200121,0.9861370899665653,0.44853643364628837,30679
81,/home/projects/bagon/shared/imagenet512/val/n03584829/ILSVRC2012_val_00042861.JPEG,182,1.0191282978048548,0.0009990707039833069,0.09121395421812939,0.34920460431318134,0.15327364837754662,30842
82,/home/projects/bagon/shared/imagenet512/val/n03759954/ILSVRC2012_val_00049557.JPEG,125,19.219421763089485,0.000993711524643004,0.3820475274529986,0.42572280275651303,0.3865140283417461,30843
83,/home/projects/bagon/shared/imagenet512/val/n02119789/ILSVRC2012_val_00021231.JPEG,457,2.8709293517749757,0.0009990707039833069,0.13452996185801516,0.4786041734647591,0.3615978436376939,30851
84,/home/projects/bagon/shared/imagenet512/val/n03602883/ILSVRC2012_val_00025597.JPEG,4,61.08367681503296,0.0,44.36410205687543,0.5908662353843608,0.5028539340919795,30879
85,/home/projects/bagon/shared/imagenet512/val/n03803284/ILSVRC2012_val_00012090.JPEG,131,12.608055940479971,0.0009997851448133588,0.32104895907856257,0.9851228170158941,0.2351176664852661,30917
86,/home/projects/bagon/shared/imagenet512/val/n02091244/ILSVRC2012_val_00039847.JPEG,9,88.93380756676197,0.0,20.885034452143067,0.9410746200770308,0.5151935871191554,31004
87,/home/projects/bagon/shared/imagenet512/val/n03017168/ILSVRC2012_val_00031533.JPEG,27,10.458617403986864,0.000990734319202602,0.2785218464620097,0.3102735566408719,0.20887052241898463,31015
88,/home/projects/bagon/shared/imagenet512/val/n02093754/ILSVRC2012_val_00020832.JPEG,324,13.051417691865936,0.0009971652179956436,0.34208078981461193,0.6111191488394132,0.30096901952778704,31019
89,/home/projects/bagon/shared/imagenet512/val/n03250847/ILSVRC2012_val_00018929.JPEG,42,27.346288186032325,0.0009883524617180228,0.7189482763532175,0.9374743084239257,0.35767125799427524,31052
90,/home/projects/bagon/shared/imagenet512/val/n03709823/ILSVRC2012_val_00048873.JPEG,271,5.862109188688919,0.0009957361035048962,0.24848099451110275,0.6370830381958861,0.3626710577534099,31062
91,/home/projects/bagon/shared/imagenet512/val/n04366367/ILSVRC2012_val_00004644.JPEG,279,24.216944243293256,0.0009976415894925594,0.37897820119345277,0.8131213929656224,0.46157459263486694,31075
92,/home/projects/bagon/shared/imagenet512/val/n07892512/ILSVRC2012_val_00035226.JPEG,117,14.429764895583503,0.000992877990938723,0.3778780167723669,0.9802036704823434,0.2940686219597168,31128
93,/home/projects/bagon/shared/imagenet512/val/n04367480/ILSVRC2012_val_00029338.JPEG,5,36.732624769210815,0.0,125.37360897323835,0.9673729781880255,0.44529634756988334,31294
94,/home/projects/bagon/shared/imagenet512/val/n02090622/ILSVRC2012_val_00046420.JPEG,359,14.118919527623802,0.0009981179609894753,0.3005260640575759,0.8545576031444015,0.45067502582294616,31363
95,/home/projects/bagon/shared/imagenet512/val/n09428293/ILSVRC2012_val_00002495.JPEG,356,9.242996127111837,0.000998832518234849,0.22544854267044054,0.7951174655999556,0.300040135535811,31383
96,/home/projects/bagon/shared/imagenet512/val/n09193705/ILSVRC2012_val_00044456.JPEG,309,9.486506380839273,0.0009984752396121621,0.2577172495134927,0.9158466485552329,0.3139146136556449,31387
97,/home/projects/bagon/shared/imagenet512/val/n03787032/ILSVRC2012_val_00017035.JPEG,4,19.873090505599976,0.0,1.7342378552101123,0.8435952672753282,0.5520468832854959,31388
98,/home/projects/bagon/shared/imagenet512/val/n04127249/ILSVRC2012_val_00030687.JPEG,89,27.912200951948762,0.0009974034037441015,0.8054157219274225,0.6834687025032244,0.18960540797441902,31429
99,/home/projects/bagon/shared/imagenet512/val/n04019541/ILSVRC2012_val_00024506.JPEG,99,10.576753699220717,0.0009957361035048962,0.524613985543121,0.8068087331720144,0.34161655232065,31441
100,/home/projects/bagon/shared/imagenet512/val/n02840245/ILSVRC2012_val_00020410.JPEG,3,7.604635953903198,0.0,2.7190525272239365,0.8644451381800993,0.5625045650328118,31502
101,/home/projects/bagon/shared/imagenet512/val/n02841315/ILSVRC2012_val_00014836.JPEG,4,51.616769909858704,0.0,44.425067276413905,0.8107916906522418,0.44628942148375667,31504
102,/home/projects/bagon/shared/imagenet512/val/n01558993/ILSVRC2012_val_00007667.JPEG,349,20.41611649352126,0.00099871342536062,0.3457343467375613,0.9882646822380323,0.2586688961091926,31518
103,/home/projects/bagon/shared/imagenet512/val/n02236044/ILSVRC2012_val_00035261.JPEG,297,8.412149378680624,0.0009969270322471857,0.21874735481837307,0.6407288271172067,0.30710138549473853,31538
104,/home/projects/bagon/shared/imagenet512/val/n02504458/ILSVRC2012_val_00033235.JPEG,419,5.701979043893516,0.0009983561467379332,0.1603191590354104,0.7467897141667672,0.21614500456852703,31554
105,/home/projects/bagon/shared/imagenet512/val/n01580077/ILSVRC2012_val_00013753.JPEG,282,25.771043485263363,0.00099871342536062,0.3332441273887122,0.9886677841879999,0.25155987627824794,31575
106,/home/projects/bagon/shared/imagenet512/val/n03991062/ILSVRC2012_val_00001919.JPEG,68,14.046205833205022,0.0009909725049510598,0.26662873780842866,0.8370135029184713,0.1132878851290583,31623
107,/home/projects/bagon/shared/imagenet512/val/n02974003/ILSVRC2012_val_00022999.JPEG,7,37.93624496459961,0.0,5.370493659154828,0.9680051992047085,0.45282019021921444,31668
108,/home/projects/bagon/shared/imagenet512/val/n03666591/ILSVRC2012_val_00033324.JPEG,4,50.23595714569092,0.0,4.99437894634679,0.9901305166740701,0.4988006336481142,31669
109,/home/projects/bagon/shared/imagenet512/val/n02088466/ILSVRC2012_val_00013080.JPEG,281,15.91260222834535,0.0009993088897317648,0.3378177008989218,0.9177162200471255,0.34325892061793917,31684
110,/home/projects/bagon/shared/imagenet512/val/n02825657/ILSVRC2012_val_00049548.JPEG,5,22.304056525230408,0.0,65.93228757533224,0.8488302456563956,0.5342966318343019,31723
111,/home/projects/bagon/shared/imagenet512/val/n02101556/ILSVRC2012_val_00023735.JPEG,319,9.802194962510839,0.0009966888464987278,0.34389784463303075,0.9206768168076742,0.31715534468004125,31791
112,/home/projects/bagon/shared/imagenet512/val/n02090379/ILSVRC2012_val_00024950.JPEG,409,2.680309042800218,0.00099871342536062,0.11453294064985599,0.5975587800240021,0.19678949730475437,31797
113,/home/projects/bagon/shared/imagenet512/val/n13052670/ILSVRC2012_val_00040793.JPEG,104,22.718049945426174,0.0009950215462595224,0.5040880246053199,0.7525009025948619,0.2918784456708533,31847
114,/home/projects/bagon/shared/imagenet512/val/n02978881/ILSVRC2012_val_00038135.JPEG,82,1.6075870154891163,0.0009970461251214147,0.2241495352656576,0.466310571169258,0.18628077795521564,31874
115,/home/projects/bagon/shared/imagenet512/val/n02105855/ILSVRC2012_val_00044406.JPEG,198,14.254915962112136,0.0009978797752410173,0.2484362548844913,0.8632250689278951,0.23728972379797578,31919
116,/home/projects/bagon/shared/imagenet512/val/n03891332/ILSVRC2012_val_00017999.JPEG,3,9.456989526748657,0.0,1.5035915397180601,0.9270291053014059,0.27574455788074403,31964
117,/home/projects/bagon/shared/imagenet512/val/n02106662/ILSVRC2012_val_00022142.JPEG,306,5.137133327894844,0.0009999042376875877,0.23688323407376088,0.7873287239304944,0.2863699452989519,31969
118,/home/projects/bagon/shared/imagenet512/val/n02095889/ILSVRC2012_val_00037272.JPEG,291,13.642454005894251,0.0009971652179956436,0.4632637655273365,0.9827568338107481,0.45626976898257476,31975
119,/home/projects/bagon/shared/imagenet512/val/n03825788/ILSVRC2012_val_00023059.JPEG,6,127.82669472694397,0.0,5.021169306640775,0.9645592500042265,0.4372270772418683,32016
120,/home/projects/bagon/shared/imagenet512/val/n02096177/ILSVRC2012_val_00016484.JPEG,250,10.313012780854478,0.00099871342536062,0.25609621101079383,0.930677676610219,0.3136889458468207,32053
121,/home/projects/bagon/shared/imagenet512/val/n01873310/ILSVRC2012_val_00022372.JPEG,31,10.921762414742261,0.0009868042543530464,0.5280899428273771,0.8191142397577179,0.285461568066443,32070
122,/home/projects/bagon/shared/imagenet512/val/n04118538/ILSVRC2012_val_00038323.JPEG,211,6.917740647797473,0.0009983561467379332,0.17900087190711284,0.9865375512770885,0.1330096496703767,32100
123,/home/projects/bagon/shared/imagenet512/val/n03947888/ILSVRC2012_val_00007351.JPEG,130,8.805844848859124,0.0009976415894925594,0.3396013981751171,0.8987906656357827,0.347096072353833,32105
124,/home/projects/bagon/shared/imagenet512/val/n02504013/ILSVRC2012_val_00049268.JPEG,674,8.510292164515704,0.00099871342536062,0.2690126374167432,0.7502790515325467,0.36971930723119323,32127
125,/home/projects/bagon/shared/imagenet512/val/n07590611/ILSVRC2012_val_00038847.JPEG,5,69.3585262298584,0.0,8.632338271811628,0.9522106971824611,0.504545171516902,32138
126,/home/projects/bagon/shared/imagenet512/val/n07718472/ILSVRC2012_val_00001615.JPEG,6,23.53865247833528,5.125868119648658e-05,0.8682349287608316,0.5295570198723072,0.3341297933688211,32231
127,/home/projects/bagon/shared/imagenet512/val/n03854065/ILSVRC2012_val_00029865.JPEG,270,13.795720189576969,0.0009983561467379332,0.41326559599634716,0.6662884636218808,0.28411381440310945,32298
128,/home/projects/bagon/shared/imagenet512/val/n01930112/ILSVRC2012_val_00045183.JPEG,139,4.600875047268346,0.0009956170106306672,0.3443408606924016,0.9098469942358576,0.3011720730421544,32325
129,/home/projects/bagon/shared/imagenet512/val/n04548362/ILSVRC2012_val_00021967.JPEG,213,5.821697765379213,0.0009984752396121621,0.4244798802536203,0.7692792833119297,0.2281129538581684,32327
130,/home/projects/bagon/shared/imagenet512/val/n02094258/ILSVRC2012_val_00045352.JPEG,309,2.1059695180738345,0.00099871342536062,0.09845072705452819,0.44576899341838905,0.20130231565199644,32348
131,/home/projects/bagon/shared/imagenet512/val/n02939185/ILSVRC2012_val_00035031.JPEG,230,3.997381981345825,0.0009978797752410173,0.2908019255326215,0.9240035851645324,0.2817794365232158,32355
132,/home/projects/bagon/shared/imagenet512/val/n04265275/ILSVRC2012_val_00008244.JPEG,-1,nan,nan,nan,nan,nan,32418
133,/home/projects/bagon/shared/imagenet512/val/n01697457/ILSVRC2012_val_00008469.JPEG,180,20.56321238889359,0.000996212475001812,0.32774273424940126,nan,0.31584207289209487,32429
134,/home/projects/bagon/shared/imagenet512/val/n01978455/ILSVRC2012_val_00031923.JPEG,216,15.563993655960076,0.0009947833605110645,0.2681641029943279,0.7879625057288092,0.18866526678189754,32461
135,/home/projects/bagon/shared/imagenet512/val/n01756291/ILSVRC2012_val_00019270.JPEG,574,9.543177059735171,0.0009979988681152463,0.19790915369123646,0.6568043904019077,0.18104218235076633,32518
136,/home/projects/bagon/shared/imagenet512/val/n02089973/ILSVRC2012_val_00038944.JPEG,247,3.7068157363682985,0.0009972843108698726,0.16317459257214684,0.6697349259880068,0.22909942127169003,32541
137,/home/projects/bagon/shared/imagenet512/val/n03630383/ILSVRC2012_val_00040416.JPEG,135,7.461447438341565,0.0009969270322471857,0.1862099666695207,0.49304495354594624,0.3380124154004778,32559
138,/home/projects/bagon/shared/imagenet512/val/n01806143/ILSVRC2012_val_00008245.JPEG,272,22.331110222032294,0.0009977606823667884,0.3673991621797068,0.9973044238072987,0.2376474852872223,32590
139,/home/projects/bagon/shared/imagenet512/val/n02123394/ILSVRC2012_val_00004411.JPEG,125,46.13125842763111,0.0009971652179956436,0.6269581187365435,0.9933954795399708,0.5220435873852662,32592
140,/home/projects/bagon/shared/imagenet512/val/n02097209/ILSVRC2012_val_00039008.JPEG,220,4.740006451960653,0.000996093382127583,0.16450355693134566,0.8678950607964426,0.16941943724995884,32600
141,/home/projects/bagon/shared/imagenet512/val/n02514041/ILSVRC2012_val_00044660.JPEG,491,5.059963055187836,0.000998832518234849,0.19825681712057383,0.6896806468274552,0.26997083002582156,32607
142,/home/projects/bagon/shared/imagenet512/val/n04542943/ILSVRC2012_val_00049401.JPEG,5,33.656099796295166,0.0,2.9400159501128487,0.932784571900418,0.5140786094304495,32612
143,/home/projects/bagon/shared/imagenet512/val/n02113712/ILSVRC2012_val_00031963.JPEG,403,6.596170159522444,0.0009972843108698726,0.15736506618290244,0.655881485229456,0.1927684339032694,32639
144,/home/projects/bagon/shared/imagenet512/val/n03602883/ILSVRC2012_val_00032873.JPEG,6,118.8387062549591,0.0,8.540742593310743,0.7118648379228644,0.4827832751914841,32646
145,/home/projects/bagon/shared/imagenet512/val/n01675722/ILSVRC2012_val_00039886.JPEG,7,37.89010905321629,0.00013398226292338222,1.5202208925449283,0.9910386652173901,0.24851567663334842,32648
146,/home/projects/bagon/shared/imagenet512/val/n03724870/ILSVRC2012_val_00038076.JPEG,-1,nan,nan,nan,nan,nan,32649
147,/home/projects/bagon/shared/imagenet512/val/n02113799/ILSVRC2012_val_00018971.JPEG,206,39.2253963049734,0.0009964506607502699,0.3998344803037838,nan,0.30726594173953364,32653
148,/home/projects/bagon/shared/imagenet512/val/n02526121/ILSVRC2012_val_00019070.JPEG,166,8.91875129204709,0.0009970461251214147,0.24691549487338996,0.8206091465686524,0.23802635545905343,32662
149,/home/projects/bagon/shared/imagenet512/val/n03785016/ILSVRC2012_val_00044191.JPEG,448,9.263281222316436,0.0009991897968575358,0.21354257948113328,0.9109412770529565,0.20954937650024524,32705
150,/home/projects/bagon/shared/imagenet512/val/n02117135/ILSVRC2012_val_00025662.JPEG,70,22.405252269818448,0.0009915679693222046,0.26099323787214473,0.46183571747310276,0.2276938322357112,32717
151,/home/projects/bagon/shared/imagenet512/val/n04120489/ILSVRC2012_val_00026200.JPEG,163,10.46501312754117,0.000998594332486391,0.4241076565192691,0.9812773229775473,0.34499821192789637,32723
152,/home/projects/bagon/shared/imagenet512/val/n01749939/ILSVRC2012_val_00021593.JPEG,5,45.17308437824249,0.0,3.8581204032344303,0.7853640715430554,0.3912955644680928,32743
153,/home/projects/bagon/shared/imagenet512/val/n02111277/ILSVRC2012_val_00025805.JPEG,196,34.40394727233797,0.0009957361035048962,0.3534729627299003,0.9492276380112886,0.3978207067684373,32808
154,/home/projects/bagon/shared/imagenet512/val/n03444034/ILSVRC2012_val_00045220.JPEG,191,9.82923323661089,0.0009970461251214147,0.27402925171362824,0.9329737581106717,0.2590416610130908,32825
155,/home/projects/bagon/shared/imagenet512/val/n02101006/ILSVRC2012_val_00016804.JPEG,11,67.6220018863678,0.0,7.591169753895735,0.9404982128254,0.6600365321993551,32848
156,/home/projects/bagon/shared/imagenet512/val/n03786901/ILSVRC2012_val_00043703.JPEG,148,14.318141748546623,0.0009974034037441015,0.42192997788005004,0.9607744244788554,0.4252578944158632,32861
157,/home/projects/bagon/shared/imagenet512/val/n02097474/ILSVRC2012_val_00005082.JPEG,176,2.0503076488384977,0.00099871342536062,0.12799819398486936,0.7000769348776651,0.2214413667308855,32873
158,/home/projects/bagon/shared/imagenet512/val/n02325366/ILSVRC2012_val_00013352.JPEG,670,4.9240323569392785,0.0009982370538637042,0.16275072050305112,0.5471199176988868,0.1678122952010594,32878
159,/home/projects/bagon/shared/imagenet512/val/n02190166/ILSVRC2012_val_00030902.JPEG,224,23.38717055565212,0.0009975224966183305,0.5221027260769016,0.9690851470997655,0.39089848475936884,32908
160,/home/projects/bagon/shared/imagenet512/val/n02727426/ILSVRC2012_val_00020886.JPEG,-1,nan,nan,nan,nan,nan,32913
161,/home/projects/bagon/shared/imagenet512/val/n02795169/ILSVRC2012_val_00034952.JPEG,197,1.8919840632006526,0.0009993088897317648,0.11198430120298203,nan,0.21795054802788702,32929
162,/home/projects/bagon/shared/imagenet512/val/n02114855/ILSVRC2012_val_00000188.JPEG,120,12.945618570083752,0.0009968079393729568,0.29001013309184903,0.7014939009659007,0.19166764066340689,32935
163,/home/projects/bagon/shared/imagenet512/val/n04209133/ILSVRC2012_val_00030130.JPEG,12,14.144529306213371,0.0009651293512433767,0.8497439525778843,0.3313465567966927,0.19864748904776142,32945
164,/home/projects/bagon/shared/imagenet512/val/n03014705/ILSVRC2012_val_00043523.JPEG,66,8.057915203855373,0.0009979988681152463,0.31965100199703694,0.768994574635868,0.1704730708706999,32982
165,/home/projects/bagon/shared/imagenet512/val/n02123045/ILSVRC2012_val_00023779.JPEG,588,9.817729273927398,0.0009994279826059937,0.23951975953488158,0.7841032352040239,0.2740338297282942,33065
166,/home/projects/bagon/shared/imagenet512/val/n04136333/ILSVRC2012_val_00039558.JPEG,123,14.228673932724632,0.0009950215462595224,0.3310722822853579,0.8202632385541143,0.29475358261457996,33127
167,/home/projects/bagon/shared/imagenet512/val/n01748264/ILSVRC2012_val_00015596.JPEG,231,2.8852419340983033,0.000996093382127583,0.17660248692516534,0.6105303958428682,0.23064586368454285,33129
168,/home/projects/bagon/shared/imagenet512/val/n01751748/ILSVRC2012_val_00035365.JPEG,4,55.6542181968689,0.0,58.628687365601564,0.9669083771498599,0.5042624033076931,33144
169,/home/projects/bagon/shared/imagenet512/val/n02988304/ILSVRC2012_val_00003491.JPEG,180,2.5693566241534427,0.0009976415894925594,0.1335011156046942,0.6817818378010755,0.2394021295679306,33196
170,/home/projects/bagon/shared/imagenet512/val/n02091032/ILSVRC2012_val_00006054.JPEG,180,21.229235841194168,0.00099871342536062,0.36146853047391103,0.9073794693910002,0.3687912183656667,33210
171,/home/projects/bagon/shared/imagenet512/val/n01828970/ILSVRC2012_val_00048824.JPEG,65,15.344994436018169,0.0009984752396121621,0.4320390348512023,0.8226851380985603,0.3056700616598754,33214
172,/home/projects/bagon/shared/imagenet512/val/n02113624/ILSVRC2012_val_00013506.JPEG,5,141.0823106765747,0.0,45.66358302028554,0.8946548870150124,0.5356967294764633,33228
173,/home/projects/bagon/shared/imagenet512/val/n03627232/ILSVRC2012_val_00037520.JPEG,4,14.696638584136963,0.0,2.0135366081871875,0.9809989868239717,0.1189552787818462,33246
174,/home/projects/bagon/shared/imagenet512/val/n04479046/ILSVRC2012_val_00018547.JPEG,175,12.62736717890948,0.00099323526956141,0.2082851153860187,0.9825812836964696,0.21063031815731498,33257
175,/home/projects/bagon/shared/imagenet512/val/n04596742/ILSVRC2012_val_00012519.JPEG,146,6.061053818324581,0.000998951611109078,0.30868703594377145,0.8117938131029883,0.23586898961110264,33277
176,/home/projects/bagon/shared/imagenet512/val/n04604644/ILSVRC2012_val_00049765.JPEG,115,3.613486439571716,0.0009990707039833069,0.2251441963150311,0.3232602276019598,0.27651580284371313,33303
177,/home/projects/bagon/shared/imagenet512/val/n02138441/ILSVRC2012_val_00035330.JPEG,279,2.9863746009068564,0.00099871342536062,0.24538302681213603,0.678265617143928,0.3266385443107408,33309
178,/home/projects/bagon/shared/imagenet512/val/n03770439/ILSVRC2012_val_00042096.JPEG,248,14.096225259942003,0.000996212475001812,0.23558669847555122,0.988879078137366,0.2514143023980828,33311
179,/home/projects/bagon/shared/imagenet512/val/n04579432/ILSVRC2012_val_00021960.JPEG,151,2.633356961188838,0.0009977606823667884,0.14588338288407335,0.8429305982332893,0.17894731838216404,33423
180,/home/projects/bagon/shared/imagenet512/val/n02776631/ILSVRC2012_val_00039610.JPEG,-1,nan,nan,nan,nan,nan,33489
181,/home/projects/bagon/shared/imagenet512/val/n11939491/ILSVRC2012_val_00030744.JPEG,609,3.7867423051502556,0.0009991897968575358,0.13654727627430377,nan,0.06441905618769975,33506
182,/home/projects/bagon/shared/imagenet512/val/n03843555/ILSVRC2012_val_00046519.JPEG,-1,nan,nan,nan,nan,nan,33515
183,/home/projects/bagon/shared/imagenet512/val/n04456115/ILSVRC2012_val_00012862.JPEG,3,11.914833307266235,0.0,3.8368395856783817,nan,0.19679086640406718,33524
184,/home/projects/bagon/shared/imagenet512/val/n03291819/ILSVRC2012_val_00003352.JPEG,127,6.311237892019562,0.0009993088897317648,0.32485234217274134,0.5767411306605167,0.3162929907605905,33533
185,/home/projects/bagon/shared/imagenet512/val/n02105056/ILSVRC2012_val_00032013.JPEG,5,486.7433089017868,0.0,66.6619016252121,0.8593514039609561,0.6055606913842461,33536
186,/home/projects/bagon/shared/imagenet512/val/n03250847/ILSVRC2012_val_00017119.JPEG,126,10.0188271823572,0.0009977606823667884,0.5138751473138691,0.958153760013852,0.32706339707683385,33592
187,/home/projects/bagon/shared/imagenet512/val/n01818515/ILSVRC2012_val_00021663.JPEG,83,2.5229303437517956,0.0009970461251214147,0.36633612165727053,0.7768897653820086,0.2973467552806643,33604
188,/home/projects/bagon/shared/imagenet512/val/n02114548/ILSVRC2012_val_00048997.JPEG,472,17.260387014015578,0.0009982370538637042,0.2491365660805805,0.4390069703561438,0.34458566066685276,33667
189,/home/projects/bagon/shared/imagenet512/val/n04265275/ILSVRC2012_val_00042763.JPEG,43,2.4696027955505997,0.0009826361201703548,0.2839177377920891,0.7384031446013156,0.3524510315669852,33779
190,/home/projects/bagon/shared/imagenet512/val/n03124043/ILSVRC2012_val_00022123.JPEG,4,47.02112066745758,0.0,52.70142973507864,0.500533465110757,0.4380031254339165,33784
191,/home/projects/bagon/shared/imagenet512/val/n02096177/ILSVRC2012_val_00035381.JPEG,172,22.645291605149396,0.0009996660519391298,0.33433989075759546,0.8755377679811909,0.29891824266344635,33786
192,/home/projects/bagon/shared/imagenet512/val/n03908714/ILSVRC2012_val_00048214.JPEG,4,9.0200035572052,0.0,15.831174771322068,0.8961929300160965,0.401986658746009,33813
193,/home/projects/bagon/shared/imagenet512/val/n02100735/ILSVRC2012_val_00020830.JPEG,119,22.27026834420394,0.000993116176687181,0.34190893747778733,0.87254987903497,0.2316971191726067,33837
194,/home/projects/bagon/shared/imagenet512/val/n03690938/ILSVRC2012_val_00008609.JPEG,340,22.026306457002647,0.000998832518234849,0.45881612032965735,0.7325945061149258,0.35350781988058816,33842
195,/home/projects/bagon/shared/imagenet512/val/n04591157/ILSVRC2012_val_00001655.JPEG,148,1.6753212335752323,0.0009993088897317648,0.17568477522410306,0.6070264809249271,0.3588016217586174,33849
196,/home/projects/bagon/shared/imagenet512/val/n02841315/ILSVRC2012_val_00032897.JPEG,104,28.02401748218108,0.000990734319202602,0.30007662538948254,0.6049878507619949,0.39238876775346376,33851
197,/home/projects/bagon/shared/imagenet512/val/n02749479/ILSVRC2012_val_00014056.JPEG,416,5.102311120950617,0.00099871342536062,0.1579005009709643,0.5967848671464548,0.3589238414086818,33873
198,/home/projects/bagon/shared/imagenet512/val/n02423022/ILSVRC2012_val_00031339.JPEG,370,13.1176990007516,0.0009978797752410173,0.20951457434270637,0.9747021404168044,0.23763720474104638,33903
199,/home/projects/bagon/shared/imagenet512/val/n03770439/ILSVRC2012_val_00034389.JPEG,377,12.903378063929267,0.0009983561467379332,0.28124123698868153,0.9402815269153558,0.2760510575171907,33919
200,/home/projects/bagon/shared/imagenet512/val/n03902125/ILSVRC2012_val_00027286.JPEG,219,6.26647306070663,0.0009956170106306672,0.25884646317553106,0.9635809824243999,0.26448908750911365,33929
201,/home/projects/bagon/shared/imagenet512/val/n04486054/ILSVRC2012_val_00025313.JPEG,274,17.85282218665816,0.0009977606823667884,0.3133636001092931,0.7580597646977082,0.3306528758399397,33930
202,/home/projects/bagon/shared/imagenet512/val/n04371430/ILSVRC2012_val_00036018.JPEG,-1,nan,nan,nan,nan,nan,33937
203,/home/projects/bagon/shared/imagenet512/val/n02259212/ILSVRC2012_val_00024868.JPEG,270,1.644924744963646,0.0009974034037441015,0.09246684114046771,nan,0.22275133858565915,33959
204,/home/projects/bagon/shared/imagenet512/val/n04141076/ILSVRC2012_val_00030435.JPEG,113,23.763439194182865,0.0009946642676368356,0.3508987217532889,0.6550647607064783,0.34348765769031975,33998
205,/home/projects/bagon/shared/imagenet512/val/n03126707/ILSVRC2012_val_00000485.JPEG,299,3.032477541011758,0.0009997851448133588,0.1331439525432115,0.6001937636266096,0.27975994449695135,34037
206,/home/projects/bagon/shared/imagenet512/val/n02115641/ILSVRC2012_val_00017313.JPEG,351,6.201532369479537,0.0009975224966183305,0.31822648105292595,0.9461940018107842,0.37947470668250194,34120
207,/home/projects/bagon/shared/imagenet512/val/n04086273/ILSVRC2012_val_00045053.JPEG,128,14.599401522078551,0.0009964506607502699,0.2911187370206237,0.38950019332907876,0.35694411549194016,34124
208,/home/projects/bagon/shared/imagenet512/val/n03271574/ILSVRC2012_val_00004415.JPEG,101,11.697897922364064,0.0009954979177564383,0.6127201002701498,0.9847667377321165,0.3342462146765436,34132
209,/home/projects/bagon/shared/imagenet512/val/n04536866/ILSVRC2012_val_00044174.JPEG,4,117.66006350517273,0.0,11.360279362981734,0.9504987599819618,0.4523957594301764,34140
210,/home/projects/bagon/shared/imagenet512/val/n04483307/ILSVRC2012_val_00035056.JPEG,210,3.2579351289896294,0.0009976415894925594,0.21505368507157027,0.552447912030008,0.3956152474615015,34141
211,/home/projects/bagon/shared/imagenet512/val/n03483316/ILSVRC2012_val_00021449.JPEG,7,31.721197270768243,6.318072337307967e-06,2.9504513421257936,0.9892052638441247,0.4408736082224635,34173
212,/home/projects/bagon/shared/imagenet512/val/n03388549/ILSVRC2012_val_00012333.JPEG,128,1.300748805864714,0.0009909725049510598,0.07418205931064478,0.24886992642206932,0.0978655688319097,34206
213,/home/projects/bagon/shared/imagenet512/val/n04254777/ILSVRC2012_val_00035090.JPEG,384,11.47934767708648,0.0009975224966183305,0.23287588452639416,0.7846686579598432,0.4296998538163354,34227
214,/home/projects/bagon/shared/imagenet512/val/n02099601/ILSVRC2012_val_00001191.JPEG,202,23.105092153069563,0.0009999042376875877,0.4625022910990432,0.7733586368612538,0.4554226807007031,34230
215,/home/projects/bagon/shared/imagenet512/val/n02939185/ILSVRC2012_val_00002629.JPEG,214,23.85687891638372,0.0009940688032656908,0.365596273687425,0.47638255478380803,0.3638451081347772,34232
216,/home/projects/bagon/shared/imagenet512/val/n04008634/ILSVRC2012_val_00009588.JPEG,-1,nan,nan,nan,nan,nan,34236
217,/home/projects/bagon/shared/imagenet512/val/n03196217/ILSVRC2012_val_00026298.JPEG,89,4.916484369896352,0.0009946642676368356,0.27232115664464834,nan,0.25897100440134463,34252
218,/home/projects/bagon/shared/imagenet512/val/n02091635/ILSVRC2012_val_00010062.JPEG,137,20.265150979044847,0.0009956170106306672,0.37064470455409904,0.9932590508406023,0.29470842091473276,34267
219,/home/projects/bagon/shared/imagenet512/val/n03538406/ILSVRC2012_val_00011604.JPEG,8,45.1282901763916,0.0,2.069857308868144,0.9743193445868396,0.3578023917486704,34280
220,/home/projects/bagon/shared/imagenet512/val/n02113186/ILSVRC2012_val_00022712.JPEG,267,1.9208363307407126,0.0009996660519391298,0.09806591837787859,0.5065256847916235,0.19734289219214388,34283
221,/home/projects/bagon/shared/imagenet512/val/n02102318/ILSVRC2012_val_00046143.JPEG,220,19.745085816364735,0.0009979988681152463,0.6684763599296167,0.9595148994394915,0.40015630278346337,34284
222,/home/projects/bagon/shared/imagenet512/val/n02906734/ILSVRC2012_val_00033688.JPEG,375,34.291321086348034,0.0009978797752410173,0.5197597970719385,0.9845359266449032,0.3822515325884237,34296
223,/home/projects/bagon/shared/imagenet512/val/n01608432/ILSVRC2012_val_00018796.JPEG,214,24.47841970587615,0.0009979988681152463,1.0666999877429257,0.6320754861473366,0.4305785048112139,34325
224,/home/projects/bagon/shared/imagenet512/val/n02948072/ILSVRC2012_val_00021186.JPEG,3,22.521897792816162,0.0,4.921340072192881,0.9703567469489923,0.6845380596374193,34342
225,/home/projects/bagon/shared/imagenet512/val/n02786058/ILSVRC2012_val_00038219.JPEG,186,8.107488218927756,0.0009954979177564383,0.4779320513608685,0.9873131311342116,0.36385616694266326,34347
226,/home/projects/bagon/shared/imagenet512/val/n04376876/ILSVRC2012_val_00010387.JPEG,182,14.660773821990006,0.000996212475001812,0.24804255060225763,0.9182895557721329,0.2617062637832177,34350
227,/home/projects/bagon/shared/imagenet512/val/n01616318/ILSVRC2012_val_00020743.JPEG,286,25.37797174823936,0.0009979988681152463,0.4306515706172848,0.9680065385173469,0.35070257771800906,34360
228,/home/projects/bagon/shared/imagenet512/val/n07871810/ILSVRC2012_val_00019792.JPEG,246,23.95105861616321,0.0009965697536244988,0.6925113285841771,0.590290757400672,0.27313341097231714,34411
229,/home/projects/bagon/shared/imagenet512/val/n02108551/ILSVRC2012_val_00036949.JPEG,228,16.821886008488946,0.000995974289253354,0.2815630898347251,0.991619660209068,0.23443460487459072,34458
230,/home/projects/bagon/shared/imagenet512/val/n03187595/ILSVRC2012_val_00025972.JPEG,243,12.026624414254911,0.0009990707039833069,0.25230186196623167,0.9957495828115,0.22747493409348704,34499
231,/home/projects/bagon/shared/imagenet512/val/n02804610/ILSVRC2012_val_00030587.JPEG,152,16.71781984716654,0.0009941878961399198,0.4076636956628693,0.9271858823970441,0.2995507874339093,34535
232,/home/projects/bagon/shared/imagenet512/val/n02102318/ILSVRC2012_val_00027963.JPEG,107,10.993702331441455,0.0009974034037441015,0.46654017002149123,0.7955848841475356,0.3891436671513844,34541
233,/home/projects/bagon/shared/imagenet512/val/n04251144/ILSVRC2012_val_00009753.JPEG,89,35.482200934085995,0.0009947833605110645,1.0612024178747617,0.7055148211006662,0.26594863196553464,34542
234,/home/projects/bagon/shared/imagenet512/val/n02113712/ILSVRC2012_val_00008018.JPEG,257,16.456062214449048,0.0009974034037441015,0.414734213325705,0.6883399218814376,0.34452031652730564,34557
235,/home/projects/bagon/shared/imagenet512/val/n03793489/ILSVRC2012_val_00018734.JPEG,4,89.1821596622467,0.0,9.536977069495034,0.8344864932340567,0.48483651582278164,34605
236,/home/projects/bagon/shared/imagenet512/val/n02951585/ILSVRC2012_val_00026835.JPEG,159,7.769989217980765,0.0009978797752410173,0.5081407203458131,0.530000655742142,0.4212399107472295,34609
237,/home/projects/bagon/shared/imagenet512/val/n02128385/ILSVRC2012_val_00000600.JPEG,554,4.7087140016956255,0.0009999042376875877,0.1734455029700108,0.8409514244491418,0.26174492095724355,34620
238,/home/projects/bagon/shared/imagenet512/val/n02356798/ILSVRC2012_val_00001237.JPEG,90,21.02162796293851,0.0009873997187241912,0.27173933711211146,0.9977975258392222,0.16382536053852162,34632
239,/home/projects/bagon/shared/imagenet512/val/n03970156/ILSVRC2012_val_00047475.JPEG,21,10.494121087831445,0.0009812070056796074,0.1915815000889842,0.9678462972299864,0.17081690415695155,34633
240,/home/projects/bagon/shared/imagenet512/val/n04127249/ILSVRC2012_val_00045496.JPEG,109,1.6688528807135299,0.0009975224966183305,0.15965691887173847,0.7298912620482038,0.24178953747294388,34663
241,/home/projects/bagon/shared/imagenet512/val/n03967562/ILSVRC2012_val_00019662.JPEG,104,17.181901870761067,0.0009951406391337514,0.41667496244004504,0.8606284405202747,0.2943192448591785,34670
242,/home/projects/bagon/shared/imagenet512/val/n01644373/ILSVRC2012_val_00023855.JPEG,232,12.64574947708752,0.0009976415894925594,0.3221412707155013,0.8705029120951837,0.2935771072439372,34682
243,/home/projects/bagon/shared/imagenet512/val/n04070727/ILSVRC2012_val_00008031.JPEG,59,1.9528996048029512,0.000985494232736528,0.16480040336226845,0.5074673015968678,0.16536922847759195,34698
244,/home/projects/bagon/shared/imagenet512/val/n04548362/ILSVRC2012_val_00005231.JPEG,274,11.823360313544981,0.0009964506607502699,0.42686701818333067,0.8247314932101678,0.3192406598623063,34734
245,/home/projects/bagon/shared/imagenet512/val/n04252225/ILSVRC2012_val_00031447.JPEG,388,5.630393796833232,0.0009981179609894753,0.33616352671937644,0.9082556816028414,0.314476337797735,34751
246,/home/projects/bagon/shared/imagenet512/val/n03584829/ILSVRC2012_val_00047570.JPEG,108,2.810183490626514,0.0009926398051902652,0.24452740478962545,0.2921203576749094,0.37283449782333433,34759
247,/home/projects/bagon/shared/imagenet512/val/n04356056/ILSVRC2012_val_00004692.JPEG,258,38.77278077893425,0.0009972843108698726,2.757943032546657,0.9739834012540185,0.4090704734829037,34770
248,/home/projects/bagon/shared/imagenet512/val/n02226429/ILSVRC2012_val_00045775.JPEG,194,18.1953731138492,0.00099871342536062,0.3838646935063418,0.8847896988090342,0.3129960142372439,34828
249,/home/projects/bagon/shared/imagenet512/val/n03877845/ILSVRC2012_val_00019573.JPEG,263,5.1897479518083856,0.0009983561467379332,0.2012050432185588,0.9062112015178578,0.31505861668393165,34837
250,/home/projects/bagon/shared/imagenet512/val/n03124170/ILSVRC2012_val_00005719.JPEG,267,9.515488108852878,0.0009995469590649009,0.28461984649620803,0.36035598353859266,0.3426157728140224,34847
251,/home/projects/bagon/shared/imagenet512/val/n02106662/ILSVRC2012_val_00019267.JPEG,258,14.622306606499478,0.0009978797752410173,0.3414200084342627,0.7846676123333828,0.2881007581886699,34855
252,/home/projects/bagon/shared/imagenet512/val/n03240683/ILSVRC2012_val_00036010.JPEG,-1,nan,nan,nan,nan,nan,34873
253,/home/projects/bagon/shared/imagenet512/val/n04141327/ILSVRC2012_val_00016635.JPEG,3,17.34450364112854,0.0,3.7808511761171224,nan,0.6737703363126096,34875
254,/home/projects/bagon/shared/imagenet512/val/n04263257/ILSVRC2012_val_00038264.JPEG,396,13.26008984260261,0.0009997851448133588,0.289970263996303,0.832715313883186,0.2836160964477968,34883
255,/home/projects/bagon/shared/imagenet512/val/n02120079/ILSVRC2012_val_00011289.JPEG,9,153.20544293522835,0.0,64.53436344310094,0.5317526335915066,0.48778881610135577,34886
256,/home/projects/bagon/shared/imagenet512/val/n03995372/ILSVRC2012_val_00010951.JPEG,24,38.90463013679255,0.0009994279826059937,0.3095802021604185,0.9936909965018317,0.17699626725223444,34900
257,/home/projects/bagon/shared/imagenet512/val/n01728572/ILSVRC2012_val_00049167.JPEG,340,2.882174636120908,0.000998951611109078,0.12451363111711204,0.6448027840826032,0.1806898043866902,34906
258,/home/projects/bagon/shared/imagenet512/val/n03980874/ILSVRC2012_val_00045806.JPEG,140,20.69405839929823,0.000992997083812952,0.8599155369257478,0.818168156165179,0.39681925663006623,34912
259,/home/projects/bagon/shared/imagenet512/val/n03485794/ILSVRC2012_val_00019813.JPEG,127,2.0899284400511533,0.0009968079393729568,0.21909165261667182,0.74395786699746,0.269039227904175,34917
260,/home/projects/bagon/shared/imagenet512/val/n02410509/ILSVRC2012_val_00006576.JPEG,226,9.22307489067316,0.0009979988681152463,0.3229888649319409,0.8744530080049273,0.3768735595658601,34928
261,/home/projects/bagon/shared/imagenet512/val/n02097474/ILSVRC2012_val_00045741.JPEG,165,11.62324455799535,0.0009945451747626066,0.26651970039369305,0.9772351796448521,0.22198255523430635,34933
262,/home/projects/bagon/shared/imagenet512/val/n02096177/ILSVRC2012_val_00044107.JPEG,315,22.434236810193397,0.0009982370538637042,0.3042990035880044,0.9934113703570348,0.2548341326661295,34963
263,/home/projects/bagon/shared/imagenet512/val/n01917289/ILSVRC2012_val_00018203.JPEG,189,14.56232377444394,0.0009977606823667884,0.24862333156349073,0.9747561055648875,0.25699680801543284,35010
264,/home/projects/bagon/shared/imagenet512/val/n04070727/ILSVRC2012_val_00011166.JPEG,85,8.747528030420654,0.0009872806258499622,0.40531531612447513,0.43249447503206384,0.24042020167570444,35063
265,/home/projects/bagon/shared/imagenet512/val/n02791270/ILSVRC2012_val_00000762.JPEG,413,2.995639627217315,0.0009993088897317648,0.12135761099249079,0.4713021656261346,0.24922817990003657,35110
266,/home/projects/bagon/shared/imagenet512/val/n01496331/ILSVRC2012_val_00009420.JPEG,221,17.08160057105124,0.0009997851448133588,0.2956455172999209,0.6667215237212578,0.29142641155532056,35125
267,/home/projects/bagon/shared/imagenet512/val/n01986214/ILSVRC2012_val_00031408.JPEG,151,18.621060079196468,0.000998594332486391,0.4307674374882186,0.9126556471131921,0.38655163054671204,35155
268,/home/projects/bagon/shared/imagenet512/val/n04136333/ILSVRC2012_val_00046146.JPEG,153,1.5546733018709347,0.0009991897968575358,0.11739235940547538,0.5462349522987711,0.2528282103845444,35162
269,/home/projects/bagon/shared/imagenet512/val/n02097047/ILSVRC2012_val_00048183.JPEG,399,16.110592501005158,0.0009999042376875877,0.3353842753980468,0.9394422419119189,0.40419062790463395,35164
270,/home/projects/bagon/shared/imagenet512/val/n10148035/ILSVRC2012_val_00041949.JPEG,265,10.691260553663597,0.0009965697536244988,0.44590049306989527,0.8601374071418882,0.35656888323824554,35170
271,/home/projects/bagon/shared/imagenet512/val/n02835271/ILSVRC2012_val_00031498.JPEG,331,5.569094149512239,0.0009997851448133588,0.36837704031315477,0.8276060526117579,0.3051063273681312,35171
272,/home/projects/bagon/shared/imagenet512/val/n03868863/ILSVRC2012_val_00042088.JPEG,8,45.828086614608765,0.0,3.3981479746699375,0.9974999040634921,0.33118541245729194,35194
273,/home/projects/bagon/shared/imagenet512/val/n02840245/ILSVRC2012_val_00049031.JPEG,-1,nan,nan,nan,nan,nan,35196
274,/home/projects/bagon/shared/imagenet512/val/n07684084/ILSVRC2012_val_00046190.JPEG,140,8.696288421400823,0.0009999042376875877,0.225014658277376,nan,0.2598353013141665,35251
275,/home/projects/bagon/shared/imagenet512/val/n03876231/ILSVRC2012_val_00007720.JPEG,-1,nan,nan,nan,nan,nan,35271
276,/home/projects/bagon/shared/imagenet512/val/n03729826/ILSVRC2012_val_00041722.JPEG,5,155.56330877542496,0.0,20.27310752960551,nan,0.4795145219146954,35280
277,/home/projects/bagon/shared/imagenet512/val/n03314780/ILSVRC2012_val_00029020.JPEG,5,22.144020795822144,0.0,2.4036604202956227,0.8684819131431932,0.5237118263900794,35289
278,/home/projects/bagon/shared/imagenet512/val/n06874185/ILSVRC2012_val_00005152.JPEG,4,19.675339460372925,0.0,29.543636601189963,0.981383876452947,0.5344399304683376,35327
279,/home/projects/bagon/shared/imagenet512/val/n03868863/ILSVRC2012_val_00026664.JPEG,56,49.76854205946438,0.0009916870621964335,0.7469236185239881,0.9854325127088331,0.3773208972852415,35330
280,/home/projects/bagon/shared/imagenet512/val/n07695742/ILSVRC2012_val_00007024.JPEG,245,8.736548600369133,0.0009978797752410173,0.24238420928787763,0.8731720639514503,0.3269755851028455,35338
281,/home/projects/bagon/shared/imagenet512/val/n01697457/ILSVRC2012_val_00035286.JPEG,192,14.571916538872756,0.0009970461251214147,0.24198523093738739,0.9353634028062824,0.2925401566390694,35339
282,/home/projects/bagon/shared/imagenet512/val/n02190166/ILSVRC2012_val_00008038.JPEG,221,7.0764999309321865,0.0009984752396121621,0.3187320419745947,0.8092318389936066,0.27399366103753664,35352
283,/home/projects/bagon/shared/imagenet512/val/n04040759/ILSVRC2012_val_00011655.JPEG,58,8.593042374239303,0.000982397934421897,0.32591858163245463,0.9669704095099074,0.25037463659789505,35356
284,/home/projects/bagon/shared/imagenet512/val/n02113624/ILSVRC2012_val_00027140.JPEG,-1,nan,nan,nan,nan,nan,35373
285,/home/projects/bagon/shared/imagenet512/val/n02101388/ILSVRC2012_val_00018787.JPEG,375,15.571002336917445,0.0009974034037441015,0.29884566855122674,nan,0.26967640426229417,35378
286,/home/projects/bagon/shared/imagenet512/val/n02109047/ILSVRC2012_val_00044678.JPEG,155,8.325016219634563,0.0009996660519391298,0.23305882626819607,0.6851991252619065,0.2140568239728168,35390
287,/home/projects/bagon/shared/imagenet512/val/n01644900/ILSVRC2012_val_00005768.JPEG,386,2.7153356169583276,0.00099871342536062,0.15306143886854018,0.5969897761380701,0.28398869352394907,35418
288,/home/projects/bagon/shared/imagenet512/val/n03599486/ILSVRC2012_val_00003203.JPEG,-1,nan,nan,nan,nan,nan,35497
289,/home/projects/bagon/shared/imagenet512/val/n03888605/ILSVRC2012_val_00027466.JPEG,329,4.245254567940719,0.000998594332486391,0.2408150087904367,nan,0.2811311538875641,35499
290,/home/projects/bagon/shared/imagenet512/val/n04192698/ILSVRC2012_val_00048729.JPEG,-1,nan,nan,nan,nan,nan,35530
291,/home/projects/bagon/shared/imagenet512/val/n02776631/ILSVRC2012_val_00002621.JPEG,279,3.7379458751529455,0.00099871342536062,0.1370069147883866,nan,0.21017764860700788,35531
292,/home/projects/bagon/shared/imagenet512/val/n03450230/ILSVRC2012_val_00045534.JPEG,311,5.0738278748467565,0.0009995469590649009,0.1592219051956262,0.795584606391139,0.23561658591584864,35535
293,/home/projects/bagon/shared/imagenet512/val/n03534580/ILSVRC2012_val_00019960.JPEG,194,7.16281909996178,0.0009983561467379332,0.20811268384232928,0.9126925468625858,0.2755151115431062,35556
294,/home/projects/bagon/shared/imagenet512/val/n02105412/ILSVRC2012_val_00001781.JPEG,146,15.051008923794143,0.0009971652179956436,0.28986811150644404,0.9411680301553051,0.29880409417935005,35564
295,/home/projects/bagon/shared/imagenet512/val/n03729826/ILSVRC2012_val_00049625.JPEG,270,13.077626578742638,0.0009976415894925594,0.4106415265115815,0.9189503314851105,0.5115499227353486,35584
296,/home/projects/bagon/shared/imagenet512/val/n03598930/ILSVRC2012_val_00017750.JPEG,-1,nan,nan,nan,nan,nan,35586
297,/home/projects/bagon/shared/imagenet512/val/n09332890/ILSVRC2012_val_00001323.JPEG,205,2.9010640520136803,0.0009952597320079803,0.13437417612925961,nan,0.13432017423720083,35590
298,/home/projects/bagon/shared/imagenet512/val/n02086240/ILSVRC2012_val_00000907.JPEG,7,37.82967233657837,0.0,21.593882622657336,0.8124520488129907,0.405187925638576,35619
299,/home/projects/bagon/shared/imagenet512/val/n02484975/ILSVRC2012_val_00027443.JPEG,130,35.04617739468813,0.0009999042376875877,0.5368053195689715,0.8925418869171369,0.4372903159019152,35659
300,/home/projects/bagon/shared/imagenet512/val/n04507155/ILSVRC2012_val_00049952.JPEG,3,18.16555690765381,0.0,5.282913193125819,0.9970022774264107,0.651078391190441,35716
301,/home/projects/bagon/shared/imagenet512/val/n03207941/ILSVRC2012_val_00049048.JPEG,87,8.394974720315076,0.0009915679693222046,0.23532543260665217,0.3744793126907993,0.29227934238059416,35720
302,/home/projects/bagon/shared/imagenet512/val/n02093647/ILSVRC2012_val_00017453.JPEG,198,4.333965220954269,0.0009968079393729568,0.22127882946016486,0.8656688790316682,0.2645297829178354,35753
303,/home/projects/bagon/shared/imagenet512/val/n02787622/ILSVRC2012_val_00000315.JPEG,-1,nan,nan,nan,nan,nan,35760
304,/home/projects/bagon/shared/imagenet512/val/n04507155/ILSVRC2012_val_00005226.JPEG,28,16.164652334409766,0.000988114275969565,0.219631064316356,nan,0.10522782737108827,35781
305,/home/projects/bagon/shared/imagenet512/val/n04522168/ILSVRC2012_val_00006280.JPEG,194,21.324586095521227,0.0009970461251214147,0.4050836982810972,0.9823056448655709,0.2770926288488825,35820
306,/home/projects/bagon/shared/imagenet512/val/n03929855/ILSVRC2012_val_00001261.JPEG,137,1.3992951246909797,0.0009946642676368356,0.11139654552782087,0.5318369820079574,0.16167404264010893,35821
307,/home/projects/bagon/shared/imagenet512/val/n01755581/ILSVRC2012_val_00012731.JPEG,172,29.800428364309482,0.0009999042376875877,0.6584357447136089,0.7573099551943562,0.34566019247436053,35881
308,/home/projects/bagon/shared/imagenet512/val/n04479046/ILSVRC2012_val_00035271.JPEG,21,43.5834400584572,0.0009622710640542209,2.416125076309236,0.9824450755135004,0.4466562665631243,35882
309,/home/projects/bagon/shared/imagenet512/val/n03529860/ILSVRC2012_val_00037350.JPEG,5,1187.2442240715027,0.0,49.67628451076399,0.45408321866551504,0.5964394466449383,35888
310,/home/projects/bagon/shared/imagenet512/val/n04238763/ILSVRC2012_val_00013545.JPEG,4,22.761950254440308,0.0,1.7610703154377785,0.8948814925347784,0.5721077284913203,35901
311,/home/projects/bagon/shared/imagenet512/val/n03255030/ILSVRC2012_val_00027650.JPEG,31,12.903052864712663,0.0009972843108698726,0.204454588315321,0.48412586521537815,0.23613927165410703,35924
312,/home/projects/bagon/shared/imagenet512/val/n04264628/ILSVRC2012_val_00030759.JPEG,246,5.603166646906175,0.00099871342536062,0.16221234094526107,0.6490627151553049,0.25948461422633623,35968
313,/home/projects/bagon/shared/imagenet512/val/n07615774/ILSVRC2012_val_00019985.JPEG,-1,nan,nan,nan,nan,nan,35987
314,/home/projects/bagon/shared/imagenet512/val/n01755581/ILSVRC2012_val_00038555.JPEG,210,23.409061532001942,0.0009977606823667884,0.28881622367602494,nan,0.23960174950992255,36020
315,/home/projects/bagon/shared/imagenet512/val/n03868863/ILSVRC2012_val_00025765.JPEG,151,24.56219284713734,0.0009934734553098679,0.3696550211227561,0.9095127771316222,0.4195588353467761,36025
316,/home/projects/bagon/shared/imagenet512/val/n02487347/ILSVRC2012_val_00024625.JPEG,222,10.441890184418298,0.0009958551963791251,0.3898162257914549,0.7084191610001268,0.38571973951749505,36036
317,/home/projects/bagon/shared/imagenet512/val/n04330267/ILSVRC2012_val_00045303.JPEG,4,190.01060509681702,0.0,68.94455112961103,0.8923633675677568,0.5204199065282827,36056
318,/home/projects/bagon/shared/imagenet512/val/n03902125/ILSVRC2012_val_00023419.JPEG,192,1.2143024026881903,0.000993354362435639,0.06729556446332989,0.2612997900158159,0.07340503916706159,36078
319,/home/projects/bagon/shared/imagenet512/val/n03250847/ILSVRC2012_val_00008946.JPEG,6,38.74325406551361,0.0,7.761184728104064,0.7518356755925142,0.4761762968348508,36079
320,/home/projects/bagon/shared/imagenet512/val/n04141327/ILSVRC2012_val_00049068.JPEG,199,4.8982105031609535,0.0009947833605110645,0.36438228933289835,0.8879564874619099,0.39436152824636417,36102
321,/home/projects/bagon/shared/imagenet512/val/n03384352/ILSVRC2012_val_00003059.JPEG,96,8.970355380442925,0.0009925207123160362,0.3099580214770749,0.9173447137939414,0.27928024083974334,36159
322,/home/projects/bagon/shared/imagenet512/val/n01630670/ILSVRC2012_val_00031919.JPEG,236,21.816002259030938,0.0009968079393729568,0.4923619238642542,0.9932215034687246,0.36332912929331584,36163
323,/home/projects/bagon/shared/imagenet512/val/n02177972/ILSVRC2012_val_00015293.JPEG,4,22.886160850524902,0.0,9.83015279540929,0.983696649142932,0.5295505006435646,36187
324,/home/projects/bagon/shared/imagenet512/val/n04525038/ILSVRC2012_val_00044419.JPEG,4,16.520477056503296,0.0,7.776182896008093,0.9424172625478242,0.544175307590202,36197
325,/home/projects/bagon/shared/imagenet512/val/n02412080/ILSVRC2012_val_00023652.JPEG,113,1.9160462130093947,0.0009999042376875877,0.08916626182631511,0.5931261258297472,0.15606556298819454,36210
326,/home/projects/bagon/shared/imagenet512/val/n03201208/ILSVRC2012_val_00036230.JPEG,388,17.863240938982926,0.0009978797752410173,0.33687984517498837,0.9256181809855888,0.2903170734932815,36227
327,/home/projects/bagon/shared/imagenet512/val/n02795169/ILSVRC2012_val_00005245.JPEG,182,7.06381862948183,0.0009999042376875877,0.38373081191777086,0.6318819704231848,0.1997203542844222,36232
328,/home/projects/bagon/shared/imagenet512/val/n02412080/ILSVRC2012_val_00014871.JPEG,101,37.56583843100816,0.0009910915978252888,0.3788743152946038,0.9952442286738274,0.33545787571542773,36235
329,/home/projects/bagon/shared/imagenet512/val/n02094258/ILSVRC2012_val_00015967.JPEG,5,23.901013731956482,0.0,0.7826375711792268,0.8538999501173665,0.5258271957929483,36284
330,/home/projects/bagon/shared/imagenet512/val/n07718472/ILSVRC2012_val_00047851.JPEG,80,4.56504816247616,0.0009990707039833069,0.16179273066320896,0.8481759274802327,0.13961279644575028,36305
331,/home/projects/bagon/shared/imagenet512/val/n07248320/ILSVRC2012_val_00047159.JPEG,141,3.578981432830915,0.0009941878961399198,0.22498674774751676,0.6696086234616297,0.2610514405954061,36316
332,/home/projects/bagon/shared/imagenet512/val/n03028079/ILSVRC2012_val_00028310.JPEG,365,2.631529103615321,0.0009991897968575358,0.11129053452497577,0.5700515779136553,0.1919937625548554,36323
333,/home/projects/bagon/shared/imagenet512/val/n02098413/ILSVRC2012_val_00001764.JPEG,549,28.42140196391847,0.0009994279826059937,0.391813219034528,0.9933454174823737,0.34580245187586367,36332
334,/home/projects/bagon/shared/imagenet512/val/n02107574/ILSVRC2012_val_00019535.JPEG,228,18.4424605416134,0.0009969270322471857,0.4545641916200413,0.9226197382790152,0.23260781733334965,36336
335,/home/projects/bagon/shared/imagenet512/val/n03062245/ILSVRC2012_val_00023065.JPEG,168,2.0809391998918727,0.0009972843108698726,0.1946882029850315,0.5228304259189375,0.3814226559482857,36337
336,/home/projects/bagon/shared/imagenet512/val/n03759954/ILSVRC2012_val_00031013.JPEG,153,8.551930351997726,0.0009943069890141487,0.28771598127491693,0.987399281654271,0.2746225810119267,36340
337,/home/projects/bagon/shared/imagenet512/val/n03785016/ILSVRC2012_val_00033724.JPEG,610,6.511196297244169,0.00099871342536062,0.1883651777835842,0.7634012310659435,0.22423797742170232,36384
338,/home/projects/bagon/shared/imagenet512/val/n03125729/ILSVRC2012_val_00000947.JPEG,171,14.99269913265016,0.0009976415894925594,0.2664093129245915,0.7779917855712306,0.316159539996603,36393
339,/home/projects/bagon/shared/imagenet512/val/n04505470/ILSVRC2012_val_00039947.JPEG,325,5.977923037833534,0.0009965697536244988,0.15065798424835672,0.7173215051943914,0.20069079141355695,36398
340,/home/projects/bagon/shared/imagenet512/val/n02088632/ILSVRC2012_val_00038423.JPEG,163,6.4168096566572785,0.0009968079393729568,0.20907874244776684,0.6777104892900869,0.25787549930788356,36400
341,/home/projects/bagon/shared/imagenet512/val/n03649909/ILSVRC2012_val_00020327.JPEG,103,13.258942542830482,0.0009889479260891676,0.5397554730884319,0.6906618370882502,0.15129920584742468,36408
342,/home/projects/bagon/shared/imagenet512/val/n01829413/ILSVRC2012_val_00020976.JPEG,76,11.841902934014797,0.000990734319202602,0.25979850887920414,0.9938135909382837,0.25628588914079403,36409
343,/home/projects/bagon/shared/imagenet512/val/n03197337/ILSVRC2012_val_00017597.JPEG,160,5.1616230653598905,0.0009983561467379332,0.4099543285293599,0.908024504701833,0.3527346109954909,36440
344,/home/projects/bagon/shared/imagenet512/val/n04235860/ILSVRC2012_val_00031462.JPEG,56,6.8929207808105275,0.0009969270322471857,0.23187201150997677,0.58397782753202,0.18593023664280922,36442
345,/home/projects/bagon/shared/imagenet512/val/n02454379/ILSVRC2012_val_00018717.JPEG,173,0.9477067377883941,0.0009996660519391298,0.07059509244163999,0.180670521184792,0.23468969943806692,36446
346,/home/projects/bagon/shared/imagenet512/val/n03425413/ILSVRC2012_val_00017350.JPEG,-1,nan,nan,nan,nan,nan,36489
347,/home/projects/bagon/shared/imagenet512/val/n03314780/ILSVRC2012_val_00033005.JPEG,4,18.782594680786133,0.0,17.18411894579031,nan,0.5285496673660425,36518
348,/home/projects/bagon/shared/imagenet512/val/n02437616/ILSVRC2012_val_00030488.JPEG,109,1.2137894121697173,0.0009996660519391298,0.08534583432919772,0.414272044987263,0.21621599581836962,36538
349,/home/projects/bagon/shared/imagenet512/val/n02883205/ILSVRC2012_val_00000202.JPEG,5,132.18146467208862,0.0,53.60936627502225,0.9770858988967525,0.4534308216428961,36539
350,/home/projects/bagon/shared/imagenet512/val/n02002556/ILSVRC2012_val_00007369.JPEG,232,11.88188238046132,0.0009977606823667884,0.5419489712585384,0.8239332017326688,0.25852446919979405,36548
351,/home/projects/bagon/shared/imagenet512/val/n03014705/ILSVRC2012_val_00038968.JPEG,86,19.70670682610944,0.0009895433904603124,0.46383506408447345,0.9133689305044235,0.4196944769692593,36555
352,/home/projects/bagon/shared/imagenet512/val/n04026417/ILSVRC2012_val_00017058.JPEG,292,17.42989022913389,0.0009978797752410173,0.28864175284350096,0.9990385022683509,0.28266771248391154,36564
353,/home/projects/bagon/shared/imagenet512/val/n04557648/ILSVRC2012_val_00049261.JPEG,178,15.284108300576918,0.0009979988681152463,0.33966218526920916,0.9964494367360504,0.338428454310959,36569
354,/home/projects/bagon/shared/imagenet512/val/n01770081/ILSVRC2012_val_00038467.JPEG,237,4.333047688938677,0.0009971652179956436,0.2760435038004993,0.837031504204512,0.18373233870245337,36599
355,/home/projects/bagon/shared/imagenet512/val/n03494278/ILSVRC2012_val_00022564.JPEG,154,14.696521442383528,0.000998951611109078,0.23269397045742438,0.978631503503763,0.19006298207413033,36600
356,/home/projects/bagon/shared/imagenet512/val/n02091244/ILSVRC2012_val_00000115.JPEG,127,27.22994875605218,0.0009952597320079803,0.4175593413766403,0.9778317889314055,0.19520319908175854,36609
357,/home/projects/bagon/shared/imagenet512/val/n02356798/ILSVRC2012_val_00029719.JPEG,351,8.177297857007943,0.0009978797752410173,0.2846349563836886,0.9432987446536057,0.37515875761875994,36625
358,/home/projects/bagon/shared/imagenet512/val/n02669723/ILSVRC2012_val_00008937.JPEG,674,23.324016665108502,0.000998951611109078,0.5597558878304008,0.7546088812751033,0.45932981141287016,36642
359,/home/projects/bagon/shared/imagenet512/val/n01855672/ILSVRC2012_val_00036969.JPEG,241,5.349411607719958,0.0009953788248822093,0.21972749303022948,0.9176556500713885,0.24587678912755404,36662
360,/home/projects/bagon/shared/imagenet512/val/n04429376/ILSVRC2012_val_00035142.JPEG,105,3.743817608221434,0.0009912106906995177,0.2104133173485681,0.6918852965680141,0.16219862706739877,36663
361,/home/projects/bagon/shared/imagenet512/val/n04398044/ILSVRC2012_val_00032195.JPEG,189,3.958407808910124,0.0009952597320079803,0.18775620864414894,0.790434197301585,0.21970409325700305,36700
362,/home/projects/bagon/shared/imagenet512/val/n02895154/ILSVRC2012_val_00016882.JPEG,307,3.1897523757070303,0.000998594332486391,0.12799544674946184,0.76646305728526,0.2244210520837072,36704
363,/home/projects/bagon/shared/imagenet512/val/n01753488/ILSVRC2012_val_00002852.JPEG,204,3.5782475111773238,0.0009945451747626066,0.1379554754818368,0.6312463066032009,0.25490489746424017,36727
364,/home/projects/bagon/shared/imagenet512/val/n04209133/ILSVRC2012_val_00022674.JPEG,219,26.573258099262603,0.0009977606823667884,0.4034959469906583,0.9942012883314725,0.3347406990991221,36737
365,/home/projects/bagon/shared/imagenet512/val/n03876231/ILSVRC2012_val_00048953.JPEG,7,47.518728256225586,0.0,11.048965609667748,0.6888074303351392,0.4946288715551562,36774
366,/home/projects/bagon/shared/imagenet512/val/n02493509/ILSVRC2012_val_00046148.JPEG,506,4.568757658475079,0.0009982370538637042,0.14794242338626923,0.8072815309525245,0.3045148573189558,36780
367,/home/projects/bagon/shared/imagenet512/val/n03661043/ILSVRC2012_val_00043408.JPEG,196,3.7709924028022215,0.0009997851448133588,0.24533836673803533,0.783123890298413,0.14590487555805035,36797
368,/home/projects/bagon/shared/imagenet512/val/n03452741/ILSVRC2012_val_00033366.JPEG,202,9.566238399012946,0.0009965697536244988,0.2655144711059607,0.47969112479887144,0.36695394403187387,36798
369,/home/projects/bagon/shared/imagenet512/val/n03692522/ILSVRC2012_val_00046598.JPEG,133,14.947563578141853,0.0009974034037441015,0.3522931934235886,0.8935187563899571,0.4313100496486969,36821
370,/home/projects/bagon/shared/imagenet512/val/n04008634/ILSVRC2012_val_00003596.JPEG,121,4.544770757784136,0.0009966888464987278,0.1322314536513337,0.6550713714238954,0.11870896674082931,36837
371,/home/projects/bagon/shared/imagenet512/val/n07583066/ILSVRC2012_val_00007582.JPEG,38,12.865357230068184,0.0009968079393729568,0.32073664179695094,0.7228191955998101,0.12234174141983056,36844
372,/home/projects/bagon/shared/imagenet512/val/n01883070/ILSVRC2012_val_00013821.JPEG,10,101.85737442970276,0.0,6.675532123144478,0.9979034033911398,0.6295114255927362,36888
373,/home/projects/bagon/shared/imagenet512/val/n03179701/ILSVRC2012_val_00026204.JPEG,295,10.718914705212228,0.0009990707039833069,0.24749263681185704,0.9674388533087197,0.24427732854136686,36953
374,/home/projects/bagon/shared/imagenet512/val/n02115641/ILSVRC2012_val_00031077.JPEG,194,11.096793490462005,0.0009958551963791251,0.15173088795799206,0.9342750290680316,0.19002322387996975,36963
375,/home/projects/bagon/shared/imagenet512/val/n04201297/ILSVRC2012_val_00046889.JPEG,211,6.886726352386177,0.0009944260818883777,0.7966872911960551,0.6361579424760516,0.48208457081876904,36990
376,/home/projects/bagon/shared/imagenet512/val/n02097658/ILSVRC2012_val_00044231.JPEG,376,10.358433823450468,0.0009993088897317648,0.24536358302382943,0.9177120376939892,0.3327471826709757,37087
377,/home/projects/bagon/shared/imagenet512/val/n09246464/ILSVRC2012_val_00013764.JPEG,117,24.8728641072521,0.0009919252479448915,0.3625272847422455,0.8709721487476769,0.3733503144386503,37093
378,/home/projects/bagon/shared/imagenet512/val/n04509417/ILSVRC2012_val_00023683.JPEG,-1,nan,nan,nan,nan,nan,37099
379,/home/projects/bagon/shared/imagenet512/val/n02641379/ILSVRC2012_val_00033453.JPEG,8,36.829485177993774,0.0,0.553935356027933,nan,0.47249853451723367,37108
380,/home/projects/bagon/shared/imagenet512/val/n03961711/ILSVRC2012_val_00045246.JPEG,31,7.793246579356492,0.0009971652179956436,0.22775145353511023,0.6695304977192054,0.1836276074078942,37124
381,/home/projects/bagon/shared/imagenet512/val/n03065424/ILSVRC2012_val_00011283.JPEG,159,5.265331921866164,0.0009956170106306672,0.1843453825733846,0.9827725281230005,0.2273652043882852,37128
382,/home/projects/bagon/shared/imagenet512/val/n03450230/ILSVRC2012_val_00002892.JPEG,229,25.161413440131582,0.0009999042376875877,0.46660708813418283,0.6796577890213048,0.2612836283964801,37141
383,/home/projects/bagon/shared/imagenet512/val/n02100583/ILSVRC2012_val_00040257.JPEG,338,4.035049575031735,0.0009981179609894753,0.14390734052645213,0.8762362294268979,0.287876329191716,37147
384,/home/projects/bagon/shared/imagenet512/val/n02066245/ILSVRC2012_val_00018438.JPEG,86,12.247897838358767,0.0009953788248822093,0.5101892986022312,0.9947282418600354,0.3026283472582372,37160
385,/home/projects/bagon/shared/imagenet512/val/n13133613/ILSVRC2012_val_00047190.JPEG,233,12.677885744371451,0.0009981179609894753,0.3477621221914218,0.9942295823351813,0.3137938003962557,37188
386,/home/projects/bagon/shared/imagenet512/val/n03314780/ILSVRC2012_val_00015321.JPEG,12,44.74230131506852,1.1920922133867862e-06,2.5535981286768834,0.9898817176611625,0.46988350746582663,37239
387,/home/projects/bagon/shared/imagenet512/val/n02346627/ILSVRC2012_val_00036853.JPEG,9,41.371490240042476,1.0490362910786644e-05,2.08859708771408,0.9781808253639988,0.5861965543982279,37242
388,/home/projects/bagon/shared/imagenet512/val/n01687978/ILSVRC2012_val_00016637.JPEG,203,9.016197371878661,0.0009997851448133588,0.3258444796729142,0.6143826639263908,0.20421357010857735,37269
389,/home/projects/bagon/shared/imagenet512/val/n02105855/ILSVRC2012_val_00004631.JPEG,625,4.984608202823438,0.0009999042376875877,0.18013029730146213,0.574104445702887,0.3340408473550828,37273
390,/home/projects/bagon/shared/imagenet512/val/n02231487/ILSVRC2012_val_00014683.JPEG,284,3.4359186256770045,0.000998832518234849,0.1509309242083432,0.7458821443613557,0.30030645304700243,37289
391,/home/projects/bagon/shared/imagenet512/val/n02091032/ILSVRC2012_val_00002239.JPEG,245,14.370935618993826,0.0009966888464987278,0.29230633715317966,0.9481261487397386,0.3594632272614829,37295
392,/home/projects/bagon/shared/imagenet512/val/n02090379/ILSVRC2012_val_00011798.JPEG,328,10.521935760509223,0.0009968079393729568,0.3227035998090192,0.8219513429221981,0.2689067656672477,37326
393,/home/projects/bagon/shared/imagenet512/val/n04228054/ILSVRC2012_val_00000568.JPEG,154,5.832105660112575,0.0009945451747626066,0.2894808309967984,0.5534057533273051,0.4281204403515994,37332
394,/home/projects/bagon/shared/imagenet512/val/n02791124/ILSVRC2012_val_00040965.JPEG,498,4.3541785961715505,0.0009994279826059937,0.25529547464864694,0.47072144515466185,0.26591464063079184,37339
395,/home/projects/bagon/shared/imagenet512/val/n03720891/ILSVRC2012_val_00043932.JPEG,43,2.442908614058979,0.0009954979177564383,0.2488547210469552,0.9001408072281455,0.26375867726771696,37343
396,/home/projects/bagon/shared/imagenet512/val/n13054560/ILSVRC2012_val_00037227.JPEG,115,10.700578622636385,0.0009983561467379332,0.2777545464039158,0.5235409282676322,0.36689248580388034,37391
397,/home/projects/bagon/shared/imagenet512/val/n03785016/ILSVRC2012_val_00005460.JPEG,700,8.42336259339936,0.00099871342536062,0.23055220819528963,0.9453258072600987,0.27505005898328894,37419
398,/home/projects/bagon/shared/imagenet512/val/n03598930/ILSVRC2012_val_00001266.JPEG,32,3.670615390408784,0.0009835887467488647,0.21015877185163456,0.9496282346197102,0.0967962137008308,37444
399,/home/projects/bagon/shared/imagenet512/val/n09472597/ILSVRC2012_val_00031323.JPEG,9,26.38517463207188,1.0728830375228426e-06,1.2525774675413373,0.8774256471714178,0.4212051839892598,37463
400,/home/projects/bagon/shared/imagenet512/val/n04004767/ILSVRC2012_val_00024375.JPEG,280,7.66340423154179,0.0009981179609894753,0.3191796068611341,0.8412606191076493,0.422623357725435,37518
401,/home/projects/bagon/shared/imagenet512/val/n07860988/ILSVRC2012_val_00035441.JPEG,304,24.380752622615546,0.0009977606823667884,0.3946494059766129,0.9512578693331235,0.3190770707453423,37559
402,/home/projects/bagon/shared/imagenet512/val/n04522168/ILSVRC2012_val_00049753.JPEG,108,57.64541549794376,0.0009946642676368356,1.5711774438497579,0.794168936772509,0.411477800657707,37602
403,/home/projects/bagon/shared/imagenet512/val/n04367480/ILSVRC2012_val_00016625.JPEG,150,6.532923059188761,0.0009941878961399198,0.2731757364646106,0.9472730637219573,0.28921152100548364,37605
404,/home/projects/bagon/shared/imagenet512/val/n02107312/ILSVRC2012_val_00008809.JPEG,245,10.065470933564939,0.000996212475001812,0.26172364885891936,0.9554467711210349,0.2923444760272061,37609
405,/home/projects/bagon/shared/imagenet512/val/n02095889/ILSVRC2012_val_00017858.JPEG,225,9.081179960165173,0.0009958551963791251,0.4120334004842014,0.9289428331502227,0.3982156791722262,37611
406,/home/projects/bagon/shared/imagenet512/val/n04209239/ILSVRC2012_val_00013948.JPEG,201,6.082810961059295,0.0009983561467379332,0.3281896459209907,0.9709792552786418,0.3861312639003942,37615
407,/home/projects/bagon/shared/imagenet512/val/n02708093/ILSVRC2012_val_00024290.JPEG,4,92.342414021492,0.0,19.010236827493095,0.6466357956060662,0.6384346126369408,37622
408,/home/projects/bagon/shared/imagenet512/val/n04596742/ILSVRC2012_val_00001328.JPEG,68,21.90997102088295,0.0009968079393729568,0.9866291184806941,0.8741322129674867,0.4566553145221663,37627
409,/home/projects/bagon/shared/imagenet512/val/n02097474/ILSVRC2012_val_00023596.JPEG,5,33.50517165660858,0.0,7.310900108097587,0.6282445985418248,0.43690797271974713,37643
410,/home/projects/bagon/shared/imagenet512/val/n03661043/ILSVRC2012_val_00018849.JPEG,122,8.157393973669969,0.0009950215462595224,0.36214532798368615,0.8485855538765223,0.3013395586428279,37656
411,/home/projects/bagon/shared/imagenet512/val/n04525305/ILSVRC2012_val_00045040.JPEG,81,6.625969007494859,0.0009941878961399198,0.2864546151996194,0.795799365683274,0.27598655752951906,37657
412,/home/projects/bagon/shared/imagenet512/val/n03494278/ILSVRC2012_val_00004948.JPEG,87,10.154934863443486,0.0009891861118376255,0.27081301011956843,0.9691539682068625,0.17390694393051612,37664
413,/home/projects/bagon/shared/imagenet512/val/n03944341/ILSVRC2012_val_00030830.JPEG,4,34.96081805229187,0.0,11.858891326644624,0.9310779339890117,0.5899997289905656,37677
414,/home/projects/bagon/shared/imagenet512/val/n03773504/ILSVRC2012_val_00020413.JPEG,505,11.601565143791959,0.00099871342536062,0.274649639261964,0.7694394430122264,0.25323076199948613,37690
415,/home/projects/bagon/shared/imagenet512/val/n02037110/ILSVRC2012_val_00005266.JPEG,349,27.430143554345705,0.0009990707039833069,0.36390918586804116,0.994027669637948,0.49340605890918,37710
416,/home/projects/bagon/shared/imagenet512/val/n01945685/ILSVRC2012_val_00000546.JPEG,91,17.712876346311532,0.000988114275969565,0.25162922446973895,0.8943876837269186,0.26763243400573666,37739
417,/home/projects/bagon/shared/imagenet512/val/n03633091/ILSVRC2012_val_00019674.JPEG,95,12.864122738363221,0.0009953788248822093,0.3116147244218143,0.985137676227144,0.24199461446248924,37751
418,/home/projects/bagon/shared/imagenet512/val/n07695742/ILSVRC2012_val_00017241.JPEG,4,8.527699290309101,0.0006002769805490971,0.3126370919694556,0.9506301437524333,0.22567165370290593,37833
419,/home/projects/bagon/shared/imagenet512/val/n02007558/ILSVRC2012_val_00042000.JPEG,104,2.166273029288277,0.0009995469590649009,0.1286306344911261,0.6946421582624688,0.1688442648869098,37852
420,/home/projects/bagon/shared/imagenet512/val/n03868863/ILSVRC2012_val_00002895.JPEG,4,215.57961475849152,0.0,44.06206962922545,0.6505899743131999,0.5992728892238883,37864
421,/home/projects/bagon/shared/imagenet512/val/n04536866/ILSVRC2012_val_00008158.JPEG,-1,nan,nan,nan,nan,nan,37874
422,/home/projects/bagon/shared/imagenet512/val/n03481172/ILSVRC2012_val_00049008.JPEG,4,31.854655027389526,0.0,33.322784107684896,nan,0.5683297912107385,37878
423,/home/projects/bagon/shared/imagenet512/val/n07615774/ILSVRC2012_val_00003591.JPEG,175,8.85806941112969,0.0009950215462595224,0.2714474316898051,0.9939179804688253,0.20619647259062565,37885
424,/home/projects/bagon/shared/imagenet512/val/n03787032/ILSVRC2012_val_00034131.JPEG,6,86.49872016906738,0.0,107.19937205634758,0.9947343211627826,0.5359827511426405,37886
425,/home/projects/bagon/shared/imagenet512/val/n02051845/ILSVRC2012_val_00035810.JPEG,175,16.934255010797642,0.0009949024533852935,0.2784842395927397,0.8587427128944898,0.2449858701839279,37889
426,/home/projects/bagon/shared/imagenet512/val/n04548362/ILSVRC2012_val_00012462.JPEG,317,9.963436483871192,0.0009978797752410173,0.2825370945401742,0.9248282105748045,0.4234310410769795,37893
427,/home/projects/bagon/shared/imagenet512/val/n03400231/ILSVRC2012_val_00017770.JPEG,309,2.747216661926359,0.00099871342536062,0.11414298124598021,0.6465853539820143,0.2588036086652547,37938
428,/home/projects/bagon/shared/imagenet512/val/n02219486/ILSVRC2012_val_00034370.JPEG,174,1.874356641084887,0.0009969270322471857,0.1450557484845951,0.564992610433358,0.2671534450954575,37949
429,/home/projects/bagon/shared/imagenet512/val/n02325366/ILSVRC2012_val_00012698.JPEG,647,4.679421235108748,0.0009991897968575358,0.15774260729794937,0.40637432768275994,0.20714733242993072,38027
430,/home/projects/bagon/shared/imagenet512/val/n03124170/ILSVRC2012_val_00002639.JPEG,204,5.213469756068662,0.0009976415894925594,0.24632606925006945,0.9582864395026136,0.25249221535844113,38041
431,/home/projects/bagon/shared/imagenet512/val/n02808440/ILSVRC2012_val_00033106.JPEG,335,15.799604207277298,0.0009970461251214147,0.32306150645408926,0.988253720649898,0.26899736270468205,38050
432,/home/projects/bagon/shared/imagenet512/val/n04004767/ILSVRC2012_val_00005920.JPEG,-1,nan,nan,nan,nan,nan,38073
433,/home/projects/bagon/shared/imagenet512/val/n01855672/ILSVRC2012_val_00025924.JPEG,103,29.156424209242687,0.000998832518234849,0.4117899712716614,nan,0.2714868735388779,38112
434,/home/projects/bagon/shared/imagenet512/val/n03623198/ILSVRC2012_val_00012945.JPEG,4,63.88728713989258,0.0,49.12523418973189,0.9862506188398559,0.56136137382458,38124
435,/home/projects/bagon/shared/imagenet512/val/n03041632/ILSVRC2012_val_00037845.JPEG,6,12.528679004462902,0.0009450022480450571,0.45648441605619383,0.9258615986222948,0.06566802257963805,38136
436,/home/projects/bagon/shared/imagenet512/val/n04509417/ILSVRC2012_val_00006850.JPEG,230,1.2052549450891092,0.0009971652179956436,0.06988142127265738,0.20029825098633414,0.1688805264563256,38190
437,/home/projects/bagon/shared/imagenet512/val/n04116512/ILSVRC2012_val_00004247.JPEG,136,10.169211108935997,0.0009965697536244988,0.2562784871807448,0.9708662273632825,0.34576121875121096,38208
438,/home/projects/bagon/shared/imagenet512/val/n02747177/ILSVRC2012_val_00025380.JPEG,33,21.276655089925043,0.0009873997187241912,0.44233421526412975,0.9893112416888784,0.29871992287894344,38210
439,/home/projects/bagon/shared/imagenet512/val/n02747177/ILSVRC2012_val_00007643.JPEG,130,3.583518839208409,0.000996093382127583,0.1706211844198204,0.8984715171628791,0.22015367895721988,38224
440,/home/projects/bagon/shared/imagenet512/val/n04336792/ILSVRC2012_val_00049033.JPEG,-1,nan,nan,nan,nan,nan,38230
441,/home/projects/bagon/shared/imagenet512/val/n03775071/ILSVRC2012_val_00044497.JPEG,568,5.919357513310388,0.000998832518234849,0.16646432667182576,nan,0.291795820991754,38231
442,/home/projects/bagon/shared/imagenet512/val/n02100583/ILSVRC2012_val_00010808.JPEG,362,6.447190569364466,0.00099871342536062,0.22120195971991505,0.8850525124465668,0.24890972544574289,38234
443,/home/projects/bagon/shared/imagenet512/val/n10565667/ILSVRC2012_val_00020135.JPEG,102,24.963991212076508,0.0009920443408191204,0.4110260096199784,0.9622476770194858,0.43424081679559867,38246
444,/home/projects/bagon/shared/imagenet512/val/n03476991/ILSVRC2012_val_00007194.JPEG,6,19.4365316089237,1.0728830375228426e-06,0.4858466023354397,0.9918694860988604,0.4324409498887978,38249
445,/home/projects/bagon/shared/imagenet512/val/n07579787/ILSVRC2012_val_00013674.JPEG,210,12.479864747845568,0.0009968079393729568,0.23841871378189713,0.8820383399099885,0.255583874862009,38258
446,/home/projects/bagon/shared/imagenet512/val/n03908714/ILSVRC2012_val_00010000.JPEG,49,26.015620763180777,0.000990257947705686,0.47469787621312093,0.9287592406471841,0.39975004133663794,38273
447,/home/projects/bagon/shared/imagenet512/val/n04552348/ILSVRC2012_val_00026553.JPEG,241,2.6875179952476174,0.0009994279826059937,0.15655670461850993,0.6661926613847178,0.2812107577010091,38277
448,/home/projects/bagon/shared/imagenet512/val/n02085620/ILSVRC2012_val_00046450.JPEG,112,6.797823834000155,0.0009939497103914618,0.2117716065868186,0.8253641768543758,0.1532896972574735,38288
449,/home/projects/bagon/shared/imagenet512/val/n03706229/ILSVRC2012_val_00001229.JPEG,42,6.487041762680747,0.0009866851614788175,0.33809973354829975,0.951105168923315,0.24230407695438985,38307
450,/home/projects/bagon/shared/imagenet512/val/n04239074/ILSVRC2012_val_00011546.JPEG,323,2.803009843453765,0.0009997851448133588,0.20842608936236778,0.5801539373603954,0.2926199939488518,38309
451,/home/projects/bagon/shared/imagenet512/val/n02488702/ILSVRC2012_val_00045991.JPEG,245,17.65357473527547,0.0009991897968575358,0.2964149258925388,0.9792884169496727,0.23881747491239905,38312
452,/home/projects/bagon/shared/imagenet512/val/n02102318/ILSVRC2012_val_00045085.JPEG,221,20.84976482822094,0.000996093382127583,0.460706348669075,0.740866754630837,0.34182514110275486,38318
453,/home/projects/bagon/shared/imagenet512/val/n01739381/ILSVRC2012_val_00032571.JPEG,4,16.334925532341003,0.0,4.0605716351464745,0.7634572909982329,0.4290441290374535,38343
454,/home/projects/bagon/shared/imagenet512/val/n01682714/ILSVRC2012_val_00028042.JPEG,510,5.605007667443715,0.0009994279826059937,0.15360590341675792,0.6029570056817481,0.3348051083843441,38345
455,/home/projects/bagon/shared/imagenet512/val/n04355338/ILSVRC2012_val_00014263.JPEG,-1,nan,nan,nan,nan,nan,38352
456,/home/projects/bagon/shared/imagenet512/val/n04591713/ILSVRC2012_val_00042526.JPEG,5,21.019264817237854,0.0,1.5883348980421645,nan,0.49800774473689746,38358
457,/home/projects/bagon/shared/imagenet512/val/n03785016/ILSVRC2012_val_00026409.JPEG,425,26.18981580354739,0.0009972843108698726,0.7485183101850159,0.9304700793842178,0.28028409029695717,38367
458,/home/projects/bagon/shared/imagenet512/val/n03761084/ILSVRC2012_val_00045008.JPEG,303,10.560475748265162,0.0009981179609894753,0.35890076786094205,0.8862277539553463,0.4792278598407198,38377
459,/home/projects/bagon/shared/imagenet512/val/n02100583/ILSVRC2012_val_00029753.JPEG,277,10.773360648541711,0.0009995469590649009,0.3306047984172107,0.7476673135580422,0.27006583379497096,38407
460,/home/projects/bagon/shared/imagenet512/val/n04125021/ILSVRC2012_val_00047300.JPEG,108,6.456490283831954,0.0009983561467379332,0.31882211444579506,0.9758038197167472,0.4086284339300421,38422
461,/home/projects/bagon/shared/imagenet512/val/n04136333/ILSVRC2012_val_00049844.JPEG,231,8.775014248560183,0.000995974289253354,0.41796539361718577,0.9593504295717176,0.27078574390047216,38429
462,/home/projects/bagon/shared/imagenet512/val/n04336792/ILSVRC2012_val_00045163.JPEG,67,12.049000216065906,0.0009888288332149386,0.44351120115454357,0.9903027896916483,0.20924595368850446,38451
463,/home/projects/bagon/shared/imagenet512/val/n04554684/ILSVRC2012_val_00002422.JPEG,5,870.6519554853439,0.0,26.518981149734667,0.8360917716053228,0.4018968102101758,38454
464,/home/projects/bagon/shared/imagenet512/val/n02107312/ILSVRC2012_val_00005750.JPEG,251,15.184104411047883,0.0009971652179956436,0.25999707424936586,0.9949764012671406,0.27017820064615794,38461
465,/home/projects/bagon/shared/imagenet512/val/n03947888/ILSVRC2012_val_00023269.JPEG,58,15.743745062500238,0.0009915679693222046,0.24959004978031363,0.9288247464106378,0.12393254791364794,38476
466,/home/projects/bagon/shared/imagenet512/val/n03100240/ILSVRC2012_val_00027508.JPEG,405,3.2043443956645206,0.000998832518234849,0.12688415450671742,0.4405405873026404,0.20832300159720019,38481
467,/home/projects/bagon/shared/imagenet512/val/n03825788/ILSVRC2012_val_00039757.JPEG,-1,nan,nan,nan,nan,nan,38485
468,/home/projects/bagon/shared/imagenet512/val/n01817953/ILSVRC2012_val_00024592.JPEG,139,27.763920959434472,0.00099323526956141,0.42879669844166657,nan,0.41833364678607365,38505
469,/home/projects/bagon/shared/imagenet512/val/n03141823/ILSVRC2012_val_00025538.JPEG,72,6.597619109903462,0.0009864469757303596,0.3409820398297144,0.9238628187348249,0.1254975858938736,38509
470,/home/projects/bagon/shared/imagenet512/val/n02939185/ILSVRC2012_val_00040315.JPEG,5,30.475340247154236,0.0,89.65650792208714,0.6946923294101311,0.41989218571655884,38510
471,/home/projects/bagon/shared/imagenet512/val/n04330267/ILSVRC2012_val_00033864.JPEG,74,8.544015918974765,0.0009999042376875877,0.40128163789576143,0.801224365247269,0.3548707055828389,38511
472,/home/projects/bagon/shared/imagenet512/val/n03706229/ILSVRC2012_val_00002384.JPEG,4,13.192180395126343,0.0,30.457155502441413,0.9380795812830955,0.44135144682857547,38533
473,/home/projects/bagon/shared/imagenet512/val/n12768682/ILSVRC2012_val_00037517.JPEG,35,17.389897259301506,0.0009913297835737467,0.6944133728135002,0.99765804472032,0.3147934307049409,38537
474,/home/projects/bagon/shared/imagenet512/val/n04597913/ILSVRC2012_val_00049566.JPEG,7,65.20197129249573,0.0,99.9273108614668,0.9838759155449841,0.4933399021255014,38539
475,/home/projects/bagon/shared/imagenet512/val/n15075141/ILSVRC2012_val_00021031.JPEG,55,20.041237910394557,0.0009976415894925594,1.06791127170432,0.9963469487628599,0.4667444549375188,38567
476,/home/projects/bagon/shared/imagenet512/val/n04259630/ILSVRC2012_val_00044472.JPEG,486,15.642737961141393,0.000998594332486391,0.488358075371407,0.6762900880456341,0.4435998221007607,38580
477,/home/projects/bagon/shared/imagenet512/val/n03794056/ILSVRC2012_val_00020381.JPEG,4,4.759476065631588,2.861018856492592e-06,0.35085150688112243,0.9033840021626314,0.0663769995820287,38585
478,/home/projects/bagon/shared/imagenet512/val/n04090263/ILSVRC2012_val_00028273.JPEG,-1,nan,nan,nan,nan,nan,38614
479,/home/projects/bagon/shared/imagenet512/val/n02096051/ILSVRC2012_val_00014738.JPEG,326,20.169196342350915,0.0009977606823667884,0.22234057650051586,nan,0.26834112220157597,38616
480,/home/projects/bagon/shared/imagenet512/val/n02909870/ILSVRC2012_val_00017170.JPEG,29,9.305966848274693,0.000998951611109078,0.33974085159466083,0.9279257756694528,0.27491139235291423,38631
481,/home/projects/bagon/shared/imagenet512/val/n03065424/ILSVRC2012_val_00046331.JPEG,330,1.5607570625143126,0.0009978797752410173,0.08202934361698676,0.22260786940420454,0.1965370778525492,38634
482,/home/projects/bagon/shared/imagenet512/val/n09246464/ILSVRC2012_val_00007794.JPEG,240,7.823238448938355,0.00099871342536062,0.3579830108849958,0.679536608002592,0.31971948866754857,38640
483,/home/projects/bagon/shared/imagenet512/val/n03014705/ILSVRC2012_val_00003447.JPEG,69,31.491573730716482,0.0009976415894925594,1.3496925990910413,0.9854724717817576,0.27432379896406944,38662
484,/home/projects/bagon/shared/imagenet512/val/n02101006/ILSVRC2012_val_00003769.JPEG,7,47.97882568312343,0.0008517451351508498,0.7012859888605057,0.9901908675653569,0.29117293644820463,38665
485,/home/projects/bagon/shared/imagenet512/val/n01740131/ILSVRC2012_val_00040781.JPEG,329,9.551287550129928,0.0009966888464987278,0.21842958278143962,0.9899403926143026,0.24356366992436254,38682
486,/home/projects/bagon/shared/imagenet512/val/n04591713/ILSVRC2012_val_00006808.JPEG,297,9.341888337978162,0.0009971652179956436,0.255976235496922,0.9700228529537529,0.2593355038665786,38726
487,/home/projects/bagon/shared/imagenet512/val/n03804744/ILSVRC2012_val_00015196.JPEG,90,15.734974120161496,0.0009996660519391298,0.45074585650287025,0.9623169542682684,0.29110091646000735,38727
488,/home/projects/bagon/shared/imagenet512/val/n02835271/ILSVRC2012_val_00026292.JPEG,580,4.161084550782107,0.0009996660519391298,0.1468511703337451,0.5852791719790525,0.2184127222047366,38733
489,/home/projects/bagon/shared/imagenet512/val/n03775071/ILSVRC2012_val_00041132.JPEG,211,8.816692305961624,0.0009940688032656908,0.4340158733957805,0.9809100673518257,0.21223409974143811,38749
490,/home/projects/bagon/shared/imagenet512/val/n07745940/ILSVRC2012_val_00048023.JPEG,291,6.03453375492245,0.0009995469590649009,0.23416807247935176,0.975971653744942,0.2934179365645472,38759
491,/home/projects/bagon/shared/imagenet512/val/n02883205/ILSVRC2012_val_00047612.JPEG,145,9.553577319486067,0.0009964506607502699,0.242261956998894,0.895643442854913,0.4249799608296556,38761
492,/home/projects/bagon/shared/imagenet512/val/n02730930/ILSVRC2012_val_00027370.JPEG,168,11.29766010993626,0.0009997851448133588,0.3977966998199952,0.9376271160650316,0.38177801036533643,38792
493,/home/projects/bagon/shared/imagenet512/val/n03272010/ILSVRC2012_val_00032755.JPEG,4,22.67534351348877,0.0,14.282056783872168,0.873875015970219,0.5147322026890735,38802
494,/home/projects/bagon/shared/imagenet512/val/n07684084/ILSVRC2012_val_00009913.JPEG,173,3.2094956155633554,0.000996212475001812,0.14018180241768685,0.8361024926341378,0.23273495096276636,38814
495,/home/projects/bagon/shared/imagenet512/val/n03063599/ILSVRC2012_val_00028575.JPEG,636,7.386681612231769,0.0009984752396121621,0.22361274535641962,0.9243298700851948,0.33114689212407383,38821
496,/home/projects/bagon/shared/imagenet512/val/n03676483/ILSVRC2012_val_00035083.JPEG,-1,nan,nan,nan,nan,nan,38835
497,/home/projects/bagon/shared/imagenet512/val/n03197337/ILSVRC2012_val_00041530.JPEG,138,4.98338372935541,0.0009969270322471857,0.22305973273950808,nan,0.23141101559709681,38850
498,/home/projects/bagon/shared/imagenet512/val/n09332890/ILSVRC2012_val_00008757.JPEG,160,10.23174884985201,0.0009972843108698726,0.23137264938892144,0.8813758141557826,0.3692621761595275,38854
499,/home/projects/bagon/shared/imagenet512/val/n01955084/ILSVRC2012_val_00014350.JPEG,90,26.830920984968543,0.0009910915978252888,0.5390314241223989,0.9789218655931369,0.3340233655872151,38860
500,/home/projects/bagon/shared/imagenet512/val/n03347037/ILSVRC2012_val_00020944.JPEG,150,2.865037447656505,0.0009969270322471857,0.17415021406561196,0.5269036329118054,0.2972168582865752,38872
501,/home/projects/bagon/shared/imagenet512/val/n01697457/ILSVRC2012_val_00043428.JPEG,114,24.069490876281634,0.000992997083812952,0.3650477398025095,0.917449266922429,0.21674130403357098,38874
502,/home/projects/bagon/shared/imagenet512/val/n03764736/ILSVRC2012_val_00022235.JPEG,-1,nan,nan,nan,nan,nan,38882
503,/home/projects/bagon/shared/imagenet512/val/n02966687/ILSVRC2012_val_00026561.JPEG,230,2.2075731164077297,0.0009953788248822093,0.12542953676561355,nan,0.20204314486406685,38906
504,/home/projects/bagon/shared/imagenet512/val/n03000684/ILSVRC2012_val_00026061.JPEG,-1,nan,nan,nan,nan,nan,38913
505,/home/projects/bagon/shared/imagenet512/val/n02988304/ILSVRC2012_val_00022657.JPEG,-1,nan,nan,nan,nan,nan,38915
506,/home/projects/bagon/shared/imagenet512/val/n03950228/ILSVRC2012_val_00005609.JPEG,293,5.356326148612425,0.0009982370538637042,0.17265718761831825,nan,0.31696953618900403,38921
507,/home/projects/bagon/shared/imagenet512/val/n03476991/ILSVRC2012_val_00024231.JPEG,-1,nan,nan,nan,nan,nan,38943
508,/home/projects/bagon/shared/imagenet512/val/n02137549/ILSVRC2012_val_00000518.JPEG,173,31.713821354089305,0.000998594332486391,0.4161658996481791,nan,0.3491163208445299,38947
509,/home/projects/bagon/shared/imagenet512/val/n02095314/ILSVRC2012_val_00045861.JPEG,314,4.513867234112695,0.0009981179609894753,0.18765723359734376,0.8202029233208389,0.24959226173683585,38960
510,/home/projects/bagon/shared/imagenet512/val/n03018349/ILSVRC2012_val_00028820.JPEG,499,9.301507305703126,0.00099871342536062,0.2620929111860286,0.8819228227750572,0.27368845279249987,38972
511,/home/projects/bagon/shared/imagenet512/val/n09835506/ILSVRC2012_val_00043690.JPEG,5,22.06504786014557,0.0,4.712609405118227,0.7150801319049439,0.42548403387404365,38993
512,/home/projects/bagon/shared/imagenet512/val/n02058221/ILSVRC2012_val_00000492.JPEG,4,38.560664653778076,0.0,5.350057014103227,0.9311716810750089,0.5710831253324662,38996
513,/home/projects/bagon/shared/imagenet512/val/n04612504/ILSVRC2012_val_00034363.JPEG,222,5.478670836775564,0.00099871342536062,0.2320756162949988,0.8864479730154429,0.22340906996988735,39009
514,/home/projects/bagon/shared/imagenet512/val/n01514859/ILSVRC2012_val_00021430.JPEG,192,14.07470955804456,0.0009990707039833069,0.3035084412980812,0.8686486972914066,0.3111490116510323,39016
515,/home/projects/bagon/shared/imagenet512/val/n02963159/ILSVRC2012_val_00013156.JPEG,6,83.17187452316284,0.0,11.992394908593043,0.9527379082035989,0.625610111226339,39019
516,/home/projects/bagon/shared/imagenet512/val/n03032252/ILSVRC2012_val_00046956.JPEG,194,7.313679357757792,0.0009947833605110645,0.4798101416911046,0.9734235431499756,0.2826953408522302,39027
517,/home/projects/bagon/shared/imagenet512/val/n04493381/ILSVRC2012_val_00034164.JPEG,442,26.33136891713366,0.0009975224966183305,0.35212655474669813,0.8116838541022293,0.37357841620895277,39029
518,/home/projects/bagon/shared/imagenet512/val/n04026417/ILSVRC2012_val_00045888.JPEG,-1,nan,nan,nan,nan,nan,39034
519,/home/projects/bagon/shared/imagenet512/val/n02102318/ILSVRC2012_val_00040898.JPEG,307,35.809693995746784,0.0009979988681152463,1.1947489128360866,nan,0.4827192215354179,39041
520,/home/projects/bagon/shared/imagenet512/val/n03877472/ILSVRC2012_val_00037360.JPEG,151,4.891182270599529,0.0009995469590649009,0.25049427771287686,0.9628524872970375,0.24722260513343433,39051
521,/home/projects/bagon/shared/imagenet512/val/n07583066/ILSVRC2012_val_00000789.JPEG,279,10.787730057141744,0.000998951611109078,0.25761910274994315,0.735088452022041,0.33008384000360597,39061
522,/home/projects/bagon/shared/imagenet512/val/n03775546/ILSVRC2012_val_00048704.JPEG,186,5.458483878173865,0.0009940688032656908,0.27345639199262717,0.9189055578454126,0.32443498969905205,39066
523,/home/projects/bagon/shared/imagenet512/val/n03534580/ILSVRC2012_val_00031115.JPEG,7,31.150026135204826,0.0003660247311927378,2.029358919440136,0.9883536878094744,0.19138728875501743,39077
524,/home/projects/bagon/shared/imagenet512/val/n04476259/ILSVRC2012_val_00005555.JPEG,106,7.523643075721338,0.0009915679693222046,0.21889525097723672,0.9950103869663989,0.19373600640563068,39122
525,/home/projects/bagon/shared/imagenet512/val/n04325704/ILSVRC2012_val_00038229.JPEG,7,73.4931104183197,0.0,10.871901743442601,0.8897545386438122,0.47245922166446314,39127
526,/home/projects/bagon/shared/imagenet512/val/n02233338/ILSVRC2012_val_00033184.JPEG,143,20.37580521136988,0.0009996660519391298,0.5705650254004516,0.8052835780443107,0.483048141015313,39140
527,/home/projects/bagon/shared/imagenet512/val/n01873310/ILSVRC2012_val_00024992.JPEG,228,11.86154127214104,0.000996212475001812,0.32225949051756464,0.8451191442225809,0.27209592465954313,39145
528,/home/projects/bagon/shared/imagenet512/val/n04141076/ILSVRC2012_val_00036726.JPEG,4,12.985913634300232,0.0,11.314704461843307,0.7688883588350368,0.5428659259120248,39150
529,/home/projects/bagon/shared/imagenet512/val/n04074963/ILSVRC2012_val_00035110.JPEG,184,15.021905105793849,0.0009951406391337514,0.543663901561112,0.8219512771156945,0.43072052474827194,39152
530,/home/projects/bagon/shared/imagenet512/val/n12985857/ILSVRC2012_val_00024236.JPEG,318,3.6712530727963895,0.0009983561467379332,0.1957643643473995,0.7425553814108323,0.3096771004267177,39159
531,/home/projects/bagon/shared/imagenet512/val/n03791053/ILSVRC2012_val_00037320.JPEG,204,6.799736158223823,0.000995974289253354,0.30689473188445354,0.9735687457338962,0.30148475206970965,39163
532,/home/projects/bagon/shared/imagenet512/val/n09428293/ILSVRC2012_val_00015471.JPEG,307,15.94619264244102,0.0009991897968575358,0.2389212781065366,0.6137429347334535,0.4471507463176051,39165
533,/home/projects/bagon/shared/imagenet512/val/n01491361/ILSVRC2012_val_00047326.JPEG,184,18.7562739943387,0.0009995469590649009,0.30305623552973693,0.962819107389485,0.3625408524809094,39180
534,/home/projects/bagon/shared/imagenet512/val/n02504458/ILSVRC2012_val_00037659.JPEG,-1,nan,nan,nan,nan,nan,39181
535,/home/projects/bagon/shared/imagenet512/val/n04560804/ILSVRC2012_val_00024412.JPEG,327,7.39994825294707,0.0009982370538637042,0.189597922750103,nan,0.38030096684874637,39182
536,/home/projects/bagon/shared/imagenet512/val/n03000134/ILSVRC2012_val_00007982.JPEG,4,11.050082385540009,0.0,2.0103168383079497,0.6294537874289001,0.5528715842093652,39195
537,/home/projects/bagon/shared/imagenet512/val/n01756291/ILSVRC2012_val_00028598.JPEG,559,6.851446995511651,0.00099871342536062,0.19542363949316985,0.7707341873551038,0.1999261276048646,39210
538,/home/projects/bagon/shared/imagenet512/val/n02085620/ILSVRC2012_val_00029289.JPEG,172,5.3256667031673715,0.0009977606823667884,0.33056479531465166,0.8070525082769847,0.2246884921825968,39223
539,/home/projects/bagon/shared/imagenet512/val/n01740131/ILSVRC2012_val_00038437.JPEG,273,3.5571501697413623,0.0009964506607502699,0.1818991112375065,0.8554549407232771,0.19878183649176692,39239
540,/home/projects/bagon/shared/imagenet512/val/n02356798/ILSVRC2012_val_00006392.JPEG,-1,nan,nan,nan,nan,nan,39241
541,/home/projects/bagon/shared/imagenet512/val/n07579787/ILSVRC2012_val_00021811.JPEG,166,15.55594558804296,0.0009981179609894753,0.27153677436932017,nan,0.21357212958067162,39254
542,/home/projects/bagon/shared/imagenet512/val/n02326432/ILSVRC2012_val_00037546.JPEG,237,4.2188082040520385,0.0009979988681152463,0.15771301119287257,0.8739730782677403,0.219103798426503,39260
543,/home/projects/bagon/shared/imagenet512/val/n02823428/ILSVRC2012_val_00004371.JPEG,574,5.831794620491564,0.0009996660519391298,0.23307183453997934,0.8587797863591128,0.3113334265994054,39261
544,/home/projects/bagon/shared/imagenet512/val/n04505470/ILSVRC2012_val_00025109.JPEG,542,10.532384915044531,0.0009976415894925594,0.258600335978181,0.9413899933131099,0.22832155224112374,39272
545,/home/projects/bagon/shared/imagenet512/val/n07720875/ILSVRC2012_val_00047598.JPEG,104,4.909915895201266,0.000990496133454144,0.5659046255065845,0.8882603069798012,0.36884318627027746,39298
546,/home/projects/bagon/shared/imagenet512/val/n04065272/ILSVRC2012_val_00002745.JPEG,485,5.65052034414839,0.0009982370538637042,0.17024892923449383,0.9026053326544947,0.22559535533426653,39305
547,/home/projects/bagon/shared/imagenet512/val/n04008634/ILSVRC2012_val_00018888.JPEG,589,5.723531055264175,0.000998832518234849,0.16008431443160254,0.6497191209791751,0.2667820204795169,39311
548,/home/projects/bagon/shared/imagenet512/val/n01632777/ILSVRC2012_val_00048148.JPEG,159,6.231909979716875,0.0009949024533852935,0.2335216750296291,0.98887694488624,0.33274965728045014,39325
549,/home/projects/bagon/shared/imagenet512/val/n15075141/ILSVRC2012_val_00006252.JPEG,200,30.06848205148708,0.000998951611109078,0.5541669555501414,0.7936632668659969,0.5808623129399815,39333
550,/home/projects/bagon/shared/imagenet512/val/n02837789/ILSVRC2012_val_00001072.JPEG,390,9.207461425801739,0.0009982370538637042,0.44791464334101844,0.7173218758544224,0.28047309210859006,39337
551,/home/projects/bagon/shared/imagenet512/val/n03884397/ILSVRC2012_val_00018337.JPEG,38,6.48388984950725,0.0009896624833345413,0.391304125163271,0.8577751487530116,0.3141700470074862,39349
552,/home/projects/bagon/shared/imagenet512/val/n03903868/ILSVRC2012_val_00024519.JPEG,5,17.67740309238434,0.0,1.7623233901058195,0.7767481396120746,0.5826381002447658,39353
553,/home/projects/bagon/shared/imagenet512/val/n02128385/ILSVRC2012_val_00040100.JPEG,280,4.008084648055956,0.0009965697536244988,0.18881171398663246,0.6065396599067163,0.3193548576278651,39355
554,/home/projects/bagon/shared/imagenet512/val/n02100583/ILSVRC2012_val_00027038.JPEG,232,17.505881004501134,0.0009975224966183305,0.31298533010031243,0.9745917496960833,0.32525151475828634,39378
555,/home/projects/bagon/shared/imagenet512/val/n03775071/ILSVRC2012_val_00035581.JPEG,197,1.5430387891829014,0.0009979988681152463,0.08575175560803906,0.2525765875268617,0.19844432308514784,39381
556,/home/projects/bagon/shared/imagenet512/val/n02917067/ILSVRC2012_val_00015398.JPEG,-1,nan,nan,nan,nan,nan,39382
557,/home/projects/bagon/shared/imagenet512/val/n02841315/ILSVRC2012_val_00026394.JPEG,-1,nan,nan,nan,nan,nan,39421
558,/home/projects/bagon/shared/imagenet512/val/n03075370/ILSVRC2012_val_00013488.JPEG,5,14.093413352966309,0.0,30.75071968612718,nan,0.38332882685221936,39438
559,/home/projects/bagon/shared/imagenet512/val/n04525038/ILSVRC2012_val_00034058.JPEG,-1,nan,nan,nan,nan,nan,39443
560,/home/projects/bagon/shared/imagenet512/val/n04127249/ILSVRC2012_val_00036087.JPEG,201,22.8662336836569,0.0009976415894925594,0.3948636235403456,nan,0.415491525455603,39456
561,/home/projects/bagon/shared/imagenet512/val/n02804610/ILSVRC2012_val_00018419.JPEG,259,3.843327803304419,0.0009958551963791251,0.14395427557982557,0.8569439246513184,0.15721795232330452,39477
562,/home/projects/bagon/shared/imagenet512/val/n01968897/ILSVRC2012_val_00006645.JPEG,222,1.617545708315447,0.000998832518234849,0.08389501222352999,0.2859428895658512,0.17091654083808847,39499
563,/home/projects/bagon/shared/imagenet512/val/n03424325/ILSVRC2012_val_00002290.JPEG,69,13.57538854808081,0.0009890670189633965,0.34514947385062217,0.9636751286901786,0.3278405114176075,39522
564,/home/projects/bagon/shared/imagenet512/val/n02412080/ILSVRC2012_val_00041048.JPEG,483,34.10375005379319,0.0009990707039833069,0.5434937682556544,0.9796941412505277,0.4605169140472156,39544
565,/home/projects/bagon/shared/imagenet512/val/n01664065/ILSVRC2012_val_00031829.JPEG,340,21.583774194004945,0.0009976415894925594,0.3316958006111798,0.9543495012560741,0.3006037459565086,39569
566,/home/projects/bagon/shared/imagenet512/val/n01694178/ILSVRC2012_val_00007701.JPEG,267,6.137234200723469,0.0009965697536244988,0.2189422355036797,0.9851546065103634,0.17817515546875745,39583
567,/home/projects/bagon/shared/imagenet512/val/n03584254/ILSVRC2012_val_00021026.JPEG,-1,nan,nan,nan,nan,nan,39596
568,/home/projects/bagon/shared/imagenet512/val/n04330267/ILSVRC2012_val_00011852.JPEG,15,4.970939951133914,0.0009802542626857758,0.32412714206976123,nan,0.12505553233995087,39610
569,/home/projects/bagon/shared/imagenet512/val/n02692877/ILSVRC2012_val_00007779.JPEG,7,22.783189708483405,0.0004976941272616386,2.6384917485098986,0.945509381400359,0.38254095883019124,39618
570,/home/projects/bagon/shared/imagenet512/val/n03496892/ILSVRC2012_val_00014167.JPEG,206,37.811360326362774,0.0009979988681152463,0.4502870135710071,0.9931615116851584,0.356391180599972,39635
571,/home/projects/bagon/shared/imagenet512/val/n03041632/ILSVRC2012_val_00000564.JPEG,22,3.3566354030626826,0.0009676303598098457,0.19524669282724696,0.9109862678249583,0.06461773658889142,39653
572,/home/projects/bagon/shared/imagenet512/val/n09193705/ILSVRC2012_val_00023497.JPEG,135,2.6223585985135287,0.0009927588980644941,0.11570490936160903,0.7651409671968946,0.13108374662085653,39664
573,/home/projects/bagon/shared/imagenet512/val/n04252077/ILSVRC2012_val_00046727.JPEG,251,7.286060294369236,0.0009979988681152463,0.23649275765559236,0.9942890513633433,0.28980448984768237,39673
574,/home/projects/bagon/shared/imagenet512/val/n03976657/ILSVRC2012_val_00045738.JPEG,171,7.409695333451964,0.0009966888464987278,0.4112818925705582,0.8622921067882617,0.2816247401632229,39674
575,/home/projects/bagon/shared/imagenet512/val/n04141975/ILSVRC2012_val_00034393.JPEG,-1,nan,nan,nan,nan,nan,39675
576,/home/projects/bagon/shared/imagenet512/val/n02104365/ILSVRC2012_val_00009939.JPEG,120,38.18469422555063,0.0009974034037441015,3.091632072572439,nan,0.42220267327994565,39677
577,/home/projects/bagon/shared/imagenet512/val/n03623198/ILSVRC2012_val_00042349.JPEG,138,1.8178096691844985,0.000995974289253354,0.12320243569602655,0.5742998267308497,0.2875758830807077,39683
578,/home/projects/bagon/shared/imagenet512/val/n02168699/ILSVRC2012_val_00023834.JPEG,343,8.704254940268584,0.0009974034037441015,0.3417357804316469,0.6459727593682727,0.42329713923332013,39688
579,/home/projects/bagon/shared/imagenet512/val/n03133878/ILSVRC2012_val_00029502.JPEG,-1,nan,nan,nan,nan,nan,39698
580,/home/projects/bagon/shared/imagenet512/val/n04266014/ILSVRC2012_val_00039643.JPEG,124,23.371281439554878,0.0009977606823667884,0.3169471915318928,nan,0.3146562457175106,39701
581,/home/projects/bagon/shared/imagenet512/val/n03942813/ILSVRC2012_val_00035578.JPEG,-1,nan,nan,nan,nan,nan,39703
582,/home/projects/bagon/shared/imagenet512/val/n03661043/ILSVRC2012_val_00020329.JPEG,395,3.319313247106038,0.0009977606823667884,0.13277114205144566,nan,0.2669643010490479,39705
583,/home/projects/bagon/shared/imagenet512/val/n02906734/ILSVRC2012_val_00040599.JPEG,103,14.61637998081278,0.0009990707039833069,0.41947126562289094,0.8027383139243465,0.2217601417447638,39707
584,/home/projects/bagon/shared/imagenet512/val/n03840681/ILSVRC2012_val_00037751.JPEG,196,10.288380765239708,0.0009982370538637042,0.4281798290809701,0.9290121267805598,0.26382357663993883,39738
585,/home/projects/bagon/shared/imagenet512/val/n13052670/ILSVRC2012_val_00034099.JPEG,112,8.509516386897303,0.0009921634336933494,0.2150041972012156,0.9954701464623804,0.1831594568571036,39744
586,/home/projects/bagon/shared/imagenet512/val/n02871525/ILSVRC2012_val_00003005.JPEG,467,24.22728514787741,0.0009990707039833069,0.3768734998552039,0.9144277924626127,0.3799945166189821,39745
587,/home/projects/bagon/shared/imagenet512/val/n03777754/ILSVRC2012_val_00007543.JPEG,78,4.413446763181128,0.000996212475001812,0.42991474469207597,0.4081118986401154,0.23433404769334654,39748
588,/home/projects/bagon/shared/imagenet512/val/n02105251/ILSVRC2012_val_00031131.JPEG,137,14.767069419729523,0.0009951406391337514,0.4010734362437273,0.8825823467278893,0.2882474916866419,39755
589,/home/projects/bagon/shared/imagenet512/val/n04461696/ILSVRC2012_val_00008483.JPEG,249,1.8786997272400185,0.0009983561467379332,0.10530343346186222,0.46836158683246376,0.19263527846062606,39761
590,/home/projects/bagon/shared/imagenet512/val/n03742115/ILSVRC2012_val_00016447.JPEG,262,8.176725587924011,0.0009956170106306672,0.2623527975452885,0.9630736938913182,0.31981705828195556,39778
591,/home/projects/bagon/shared/imagenet512/val/n03534580/ILSVRC2012_val_00021779.JPEG,366,2.4507343895966187,0.0009977606823667884,0.11219733121235544,0.5535746078412705,0.34618598083966934,39804
592,/home/projects/bagon/shared/imagenet512/val/n02939185/ILSVRC2012_val_00025808.JPEG,181,24.419923101319,0.0009984752396121621,0.41442442462982243,0.8953028720520579,0.38632555855701467,39812
593,/home/projects/bagon/shared/imagenet512/val/n04536866/ILSVRC2012_val_00025372.JPEG,262,14.454083620687015,0.0009965697536244988,0.5181949181086924,0.8736333462501207,0.3109320007832109,39816
594,/home/projects/bagon/shared/imagenet512/val/n13052670/ILSVRC2012_val_00047179.JPEG,338,4.51985193695873,0.0009979988681152463,0.15856675238357526,0.8427283123204415,0.30001363627430533,39830
595,/home/projects/bagon/shared/imagenet512/val/n01784675/ILSVRC2012_val_00016866.JPEG,161,10.410556236514822,0.0009956170106306672,0.2424365384595544,0.9891298000042644,0.16509456577702383,39852
596,/home/projects/bagon/shared/imagenet512/val/n04154565/ILSVRC2012_val_00008060.JPEG,4,65.22118949890137,0.0,36.0499012926327,0.9686625648940352,0.5262148194452374,39861
597,/home/projects/bagon/shared/imagenet512/val/n04332243/ILSVRC2012_val_00002067.JPEG,145,6.0956215193727985,0.0009966888464987278,0.44410988611484076,0.7156973028715334,0.42631730600175305,39864
598,/home/projects/bagon/shared/imagenet512/val/n02099849/ILSVRC2012_val_00042838.JPEG,276,14.486984578310512,0.000998594332486391,0.3576955426141344,0.9782603326890121,0.4500624594005419,39867
599,/home/projects/bagon/shared/imagenet512/val/n01530575/ILSVRC2012_val_00023766.JPEG,-1,nan,nan,nan,nan,nan,39871
600,/home/projects/bagon/shared/imagenet512/val/n04579432/ILSVRC2012_val_00046147.JPEG,165,7.113994262646884,0.0009951406391337514,0.18271112812705,nan,0.2620682997413055,39882
601,/home/projects/bagon/shared/imagenet512/val/n12144580/ILSVRC2012_val_00021207.JPEG,371,3.9289297205395997,0.0009996660519391298,0.15075284810924983,0.801339076578677,0.1910129061794363,39886
602,/home/projects/bagon/shared/imagenet512/val/n02088094/ILSVRC2012_val_00032668.JPEG,119,6.810984836542048,0.0009945451747626066,0.28156514857692283,0.817449361735447,0.25024251959392385,39889
603,/home/projects/bagon/shared/imagenet512/val/n04204238/ILSVRC2012_val_00006961.JPEG,397,3.957091375836171,0.0009994279826059937,0.17182857968542684,0.744865656394182,0.22842666718344642,39892
604,/home/projects/bagon/shared/imagenet512/val/n02490219/ILSVRC2012_val_00029926.JPEG,319,5.422394168912433,0.0009968079393729568,0.24484611801899822,0.6635881625136713,0.2116643125246201,39913
605,/home/projects/bagon/shared/imagenet512/val/n03372029/ILSVRC2012_val_00026960.JPEG,5,586.256067276001,0.0,26.049748621970256,0.9453290138444895,0.6112299909387653,39917
606,/home/projects/bagon/shared/imagenet512/val/n02093428/ILSVRC2012_val_00000191.JPEG,449,4.263673176639713,0.0009979988681152463,0.13985507786498938,0.608390474888512,0.19253459744112983,39919
607,/home/projects/bagon/shared/imagenet512/val/n02454379/ILSVRC2012_val_00011253.JPEG,6,49.44608926773071,0.0,5.905214691611919,0.9916985043937585,0.5013646066099274,39931
608,/home/projects/bagon/shared/imagenet512/val/n02906734/ILSVRC2012_val_00008097.JPEG,103,8.70759056485258,0.0009897815762087703,0.4448497163284598,0.9803749646213435,0.27638186414418675,39932
609,/home/projects/bagon/shared/imagenet512/val/n02091244/ILSVRC2012_val_00021165.JPEG,187,22.85435188410338,0.0009975224966183305,0.28248643019068415,0.9587757750678173,0.35417166526196264,39952
610,/home/projects/bagon/shared/imagenet512/val/n03690938/ILSVRC2012_val_00007869.JPEG,272,8.842378767789342,0.0009968079393729568,0.29709792378517047,0.6159339200230778,0.32684417495882906,39960
611,/home/projects/bagon/shared/imagenet512/val/n04515003/ILSVRC2012_val_00007908.JPEG,-1,nan,nan,nan,nan,nan,39969
612,/home/projects/bagon/shared/imagenet512/val/n03967562/ILSVRC2012_val_00024276.JPEG,414,61.67857436835766,0.0009994279826059937,0.5343064313380412,nan,0.4611878718384547,39974
613,/home/projects/bagon/shared/imagenet512/val/n01735189/ILSVRC2012_val_00032997.JPEG,-1,nan,nan,nan,nan,nan,39991
614,/home/projects/bagon/shared/imagenet512/val/n09468604/ILSVRC2012_val_00000313.JPEG,229,5.266787018044852,0.0009969270322471857,0.2117956714054099,nan,0.3899695940914508,39992
615,/home/projects/bagon/shared/imagenet512/val/n01729977/ILSVRC2012_val_00035576.JPEG,245,5.139502503909171,0.0009981179609894753,0.22437128139285373,0.8420576281956816,0.3444456596303176,40005
616,/home/projects/bagon/shared/imagenet512/val/n03995372/ILSVRC2012_val_00000589.JPEG,7,49.01127039642597,0.00012194366718176752,1.945789045835432,0.9988643661701675,0.27010418387606033,40009
617,/home/projects/bagon/shared/imagenet512/val/n03372029/ILSVRC2012_val_00008540.JPEG,138,34.98852252867073,0.0009944260818883777,0.5074573594889733,0.9907291717969862,0.48115816047446797,40012
618,/home/projects/bagon/shared/imagenet512/val/n04592741/ILSVRC2012_val_00018081.JPEG,5,9.744461178779602,0.0,1.0455845816069562,0.7662322338275352,0.10066025106687054,40013
619,/home/projects/bagon/shared/imagenet512/val/n03124170/ILSVRC2012_val_00013839.JPEG,3,15.308924674987793,0.0,1.196483818049323,0.9947181796645737,0.6707138602962475,40017
620,/home/projects/bagon/shared/imagenet512/val/n03658185/ILSVRC2012_val_00045471.JPEG,5,200.7959222793579,0.0,21.23355345556198,0.8378804437461713,0.4606464680832596,40020
621,/home/projects/bagon/shared/imagenet512/val/n04136333/ILSVRC2012_val_00031664.JPEG,171,26.21797894744668,0.0009976415894925594,0.32388891106973555,0.9466741237164125,0.2361561254678846,40022
622,/home/projects/bagon/shared/imagenet512/val/n04270147/ILSVRC2012_val_00049955.JPEG,148,35.0431118987035,0.0009943069890141487,0.48323458717942114,0.9115492211675048,0.43221349564057054,40029
623,/home/projects/bagon/shared/imagenet512/val/n01728920/ILSVRC2012_val_00018398.JPEG,91,25.67140670295339,0.000992877990938723,0.33408187705356757,0.9811179402545396,0.25737034152907684,40033
624,/home/projects/bagon/shared/imagenet512/val/n03637318/ILSVRC2012_val_00020746.JPEG,473,3.562666656100191,0.000998951611109078,0.12982585579602737,0.7024992384741714,0.28439389179357105,40044
625,/home/projects/bagon/shared/imagenet512/val/n04483307/ILSVRC2012_val_00034885.JPEG,255,23.23121642577462,0.0009991897968575358,0.9638441409377536,0.8391283492122732,0.28722270283889373,40047
626,/home/projects/bagon/shared/imagenet512/val/n03529860/ILSVRC2012_val_00016585.JPEG,360,4.7924412314314395,0.0009977606823667884,0.15560137528945592,0.8885013608525754,0.26359908090511996,40096
627,/home/projects/bagon/shared/imagenet512/val/n07590611/ILSVRC2012_val_00043737.JPEG,174,16.5215310001513,0.0009954979177564383,0.2740881986960595,0.9251779243397475,0.29794179021893485,40121
628,/home/projects/bagon/shared/imagenet512/val/n03706229/ILSVRC2012_val_00018894.JPEG,211,11.533379973028786,0.000996093382127583,0.25342799081884326,0.9944973217264058,0.2512025492168296,40123
629,/home/projects/bagon/shared/imagenet512/val/n02111500/ILSVRC2012_val_00006232.JPEG,99,16.692864047479816,0.0009994279826059937,0.3496562433637485,0.8374675987011,0.27555019642176537,40128
630,/home/projects/bagon/shared/imagenet512/val/n02123045/ILSVRC2012_val_00028829.JPEG,486,14.035290867788717,0.0009982370538637042,0.44040511564303086,0.9561710274701914,0.2864652522250794,40132
631,/home/projects/bagon/shared/imagenet512/val/n04162706/ILSVRC2012_val_00020770.JPEG,-1,nan,nan,nan,nan,nan,40148
632,/home/projects/bagon/shared/imagenet512/val/n03658185/ILSVRC2012_val_00049058.JPEG,215,5.863977067871019,0.0009974034037441015,0.2133381292075322,nan,0.20472768450230372,40161
633,/home/projects/bagon/shared/imagenet512/val/n03249569/ILSVRC2012_val_00006656.JPEG,234,13.975463431561366,0.00099871342536062,0.27406899384903555,0.9784971523377746,0.28316049434340085,40177
634,/home/projects/bagon/shared/imagenet512/val/n03866082/ILSVRC2012_val_00005872.JPEG,5,18.498507976531982,0.0,15.735554067819274,0.8963888092075818,0.42898161575517185,40182
635,/home/projects/bagon/shared/imagenet512/val/n03916031/ILSVRC2012_val_00010916.JPEG,-1,nan,nan,nan,nan,nan,40195
636,/home/projects/bagon/shared/imagenet512/val/n02088632/ILSVRC2012_val_00046273.JPEG,156,38.29676442441996,0.0009969270322471857,0.5171488635958666,nan,0.38188734469371605,40207
637,/home/projects/bagon/shared/imagenet512/val/n04357314/ILSVRC2012_val_00007627.JPEG,-1,nan,nan,nan,nan,nan,40225
638,/home/projects/bagon/shared/imagenet512/val/n07749582/ILSVRC2012_val_00017184.JPEG,157,12.088094092323445,0.0009995469590649009,0.41454213980437393,nan,0.4462521471913531,40236
639,/home/projects/bagon/shared/imagenet512/val/n04311174/ILSVRC2012_val_00045460.JPEG,401,2.326186903519556,0.0009975224966183305,0.11370128273453615,0.28239984411905217,0.34276431003516494,40244
640,/home/projects/bagon/shared/imagenet512/val/n04039381/ILSVRC2012_val_00044264.JPEG,-1,nan,nan,nan,nan,nan,40251
641,/home/projects/bagon/shared/imagenet512/val/n02090379/ILSVRC2012_val_00005493.JPEG,187,41.15326380718034,0.0009971652179956436,0.3290704230658493,nan,0.3182139252689025,40252
642,/home/projects/bagon/shared/imagenet512/val/n02093991/ILSVRC2012_val_00039452.JPEG,-1,nan,nan,nan,nan,nan,40254
643,/home/projects/bagon/shared/imagenet512/val/n03476991/ILSVRC2012_val_00007464.JPEG,6,33.31829917430878,0.0,18.065408823698814,nan,0.5658621622911475,40261
644,/home/projects/bagon/shared/imagenet512/val/n01796340/ILSVRC2012_val_00040103.JPEG,158,47.45184723462444,0.0009943069890141487,0.3625715037753878,0.9937905301191446,0.2054280101067857,40276
645,/home/projects/bagon/shared/imagenet512/val/n04265275/ILSVRC2012_val_00028998.JPEG,56,18.432208960293792,0.0009934734553098679,1.1419822933447878,0.9485030523938432,0.20433336677874395,40317
646,/home/projects/bagon/shared/imagenet512/val/n02097047/ILSVRC2012_val_00045674.JPEG,325,16.850566906039603,0.0009954979177564383,0.3140755446280513,0.6797646530576527,0.3502664753465329,40331
647,/home/projects/bagon/shared/imagenet512/val/n03476991/ILSVRC2012_val_00021548.JPEG,200,6.017866708571091,0.0009971652179956436,0.28416458591361304,0.9918788219259396,0.34140646414760567,40340
648,/home/projects/bagon/shared/imagenet512/val/n02102973/ILSVRC2012_val_00013759.JPEG,149,30.798226538929157,0.0009975224966183305,0.3603611422996323,0.9543552760226992,0.3014322379980543,40364
649,/home/projects/bagon/shared/imagenet512/val/n02749479/ILSVRC2012_val_00027344.JPEG,311,13.024758839048445,0.0009978797752410173,0.3528877005868177,0.8822448475297435,0.3125863077267891,40367
650,/home/projects/bagon/shared/imagenet512/val/n02113712/ILSVRC2012_val_00026547.JPEG,82,41.84721745294519,0.0009856133256107569,0.3580541430437094,0.9909145359425433,0.3234552452437706,40369
651,/home/projects/bagon/shared/imagenet512/val/n02492035/ILSVRC2012_val_00019129.JPEG,181,19.780195468338206,0.0009951406391337514,0.27265089299014217,0.9777951507252522,0.3455888593409944,40384
652,/home/projects/bagon/shared/imagenet512/val/n03843555/ILSVRC2012_val_00047130.JPEG,82,2.8486166074872017,0.0009982370538637042,0.19802185149375742,0.886194034642588,0.15312988907509448,40400
653,/home/projects/bagon/shared/imagenet512/val/n01756291/ILSVRC2012_val_00039601.JPEG,577,8.07364580698777,0.0009979988681152463,0.1781099579762579,0.7685902659554981,0.17520183722575672,40404
654,/home/projects/bagon/shared/imagenet512/val/n02097047/ILSVRC2012_val_00046995.JPEG,331,4.928495267406106,0.000998594332486391,0.2534435404476388,0.7183404363645761,0.25252078132334,40406
655,/home/projects/bagon/shared/imagenet512/val/n02494079/ILSVRC2012_val_00043510.JPEG,301,52.06209537992254,0.0009977606823667884,0.4781273957954808,0.9946363697021781,0.39331297412689337,40414
656,/home/projects/bagon/shared/imagenet512/val/n04228054/ILSVRC2012_val_00029954.JPEG,8,45.875606298446655,0.0,2.4142325300630585,0.9031307873460572,0.1328306587512424,40419
657,/home/projects/bagon/shared/imagenet512/val/n02791270/ILSVRC2012_val_00009262.JPEG,205,2.6404377720318735,0.0009991897968575358,0.17437869863706504,0.7922932045882856,0.23021633967535224,40429
658,/home/projects/bagon/shared/imagenet512/val/n02097130/ILSVRC2012_val_00042201.JPEG,379,19.2550885315286,0.0009993088897317648,0.44483177112843525,0.8005863908218527,0.40666296363722054,40438
659,/home/projects/bagon/shared/imagenet512/val/n02088364/ILSVRC2012_val_00034041.JPEG,-1,nan,nan,nan,nan,nan,40450
660,/home/projects/bagon/shared/imagenet512/val/n04141975/ILSVRC2012_val_00044791.JPEG,5,16.90017671737587,0.000303818320389837,0.28341301961665427,nan,0.1241322599779468,40474
661,/home/projects/bagon/shared/imagenet512/val/n02106662/ILSVRC2012_val_00002012.JPEG,192,52.19685409765225,0.0009975224966183305,0.5031757417431626,0.9813794096103102,0.4785513941142275,40476
662,/home/projects/bagon/shared/imagenet512/val/n02114855/ILSVRC2012_val_00036324.JPEG,4,116.09068536758423,0.0,26.953075911734974,0.9180947999728567,0.4903057220007552,40477
663,/home/projects/bagon/shared/imagenet512/val/n04380533/ILSVRC2012_val_00038461.JPEG,6,25.66627812385559,0.0,2.9888178597155743,0.9522503392048693,0.25498457094779053,40495
664,/home/projects/bagon/shared/imagenet512/val/n03483316/ILSVRC2012_val_00046673.JPEG,117,8.605547228245996,0.0009940688032656908,0.2568045517331419,0.6813970651756968,0.22318521444040493,40499
665,/home/projects/bagon/shared/imagenet512/val/n04591713/ILSVRC2012_val_00027648.JPEG,203,5.390140976058319,0.0009977606823667884,0.1728620483246126,0.9416785278848608,0.18680817517057305,40501
666,/home/projects/bagon/shared/imagenet512/val/n03803284/ILSVRC2012_val_00027336.JPEG,104,6.603969660704024,0.0009983561467379332,0.14528032861866164,0.9962904728114486,0.19593818543919267,40514
667,/home/projects/bagon/shared/imagenet512/val/n02113023/ILSVRC2012_val_00049215.JPEG,206,8.19163632451091,0.0009958551963791251,0.21424058953313962,0.9795174836077116,0.31157660607685866,40519
668,/home/projects/bagon/shared/imagenet512/val/n03782006/ILSVRC2012_val_00037964.JPEG,367,7.385491173248738,0.0009976415894925594,0.17563983432554256,0.7914455164763882,0.21194670935866755,40539
669,/home/projects/bagon/shared/imagenet512/val/n03532672/ILSVRC2012_val_00014236.JPEG,78,7.113688643323258,0.000990377040579915,0.2948748230016132,0.9598660474432388,0.1986703685732794,40552
670,/home/projects/bagon/shared/imagenet512/val/n02939185/ILSVRC2012_val_00043291.JPEG,99,15.424258416052908,0.0009918061550706625,0.2896537554445197,0.9924579923300272,0.18828613596657506,40561
671,/home/projects/bagon/shared/imagenet512/val/n03658185/ILSVRC2012_val_00010684.JPEG,243,5.199737132177688,0.0009979988681152463,0.1851236959898409,0.7807251707030248,0.26482819811143143,40569
672,/home/projects/bagon/shared/imagenet512/val/n02398521/ILSVRC2012_val_00010123.JPEG,137,46.97222077148035,0.0009968079393729568,0.6319296781610877,0.9577660147357081,0.3857780882809938,40572
673,/home/projects/bagon/shared/imagenet512/val/n04252225/ILSVRC2012_val_00007264.JPEG,195,14.065373021177948,0.0009966888464987278,0.386660203850315,0.992599843819459,0.30881978806800814,40573
674,/home/projects/bagon/shared/imagenet512/val/n01824575/ILSVRC2012_val_00018318.JPEG,111,12.312162744812667,0.0009934734553098679,0.32583451047203804,0.8633214256058542,0.2639603077479843,40580
675,/home/projects/bagon/shared/imagenet512/val/n02102480/ILSVRC2012_val_00046700.JPEG,46,31.447979192831554,0.000979658798314631,0.42924367911040434,0.8064318693984186,0.4347693998053344,40609
676,/home/projects/bagon/shared/imagenet512/val/n02093428/ILSVRC2012_val_00029175.JPEG,580,16.739935424993746,0.000998594332486391,0.2602804172213163,0.9033800453714472,0.25012659404079296,40613
677,/home/projects/bagon/shared/imagenet512/val/n03483316/ILSVRC2012_val_00033909.JPEG,88,17.31559101154562,0.000993592431768775,0.23158293135339195,0.9914422133829074,0.2569149445948883,40620
678,/home/projects/bagon/shared/imagenet512/val/n04328186/ILSVRC2012_val_00029240.JPEG,222,2.594842587830499,0.000996212475001812,0.18952858644569887,0.5495034126554326,0.29755069039229187,40640
679,/home/projects/bagon/shared/imagenet512/val/n04548362/ILSVRC2012_val_00005044.JPEG,4,322.9749245643616,0.0,18.765734222363164,0.9975172689753957,0.5654915965744602,40648
680,/home/projects/bagon/shared/imagenet512/val/n03899768/ILSVRC2012_val_00004279.JPEG,111,6.070324970292859,0.0009940688032656908,0.2418551809128664,0.531723715331522,0.24266496869259538,40672
681,/home/projects/bagon/shared/imagenet512/val/n04584207/ILSVRC2012_val_00036677.JPEG,125,3.552031527273357,0.0009972843108698726,0.36794018155722197,0.7188128786771393,0.2730291573226457,40686
682,/home/projects/bagon/shared/imagenet512/val/n02219486/ILSVRC2012_val_00014966.JPEG,49,17.661370091256686,0.0009870424401015043,0.3054485122582801,0.9867017101418031,0.20632843979135854,40713
683,/home/projects/bagon/shared/imagenet512/val/n02091635/ILSVRC2012_val_00037347.JPEG,110,12.050626658136025,0.000996331567876041,0.45692806685599996,0.9886220266728569,0.1477718740773668,40714
684,/home/projects/bagon/shared/imagenet512/val/n04389033/ILSVRC2012_val_00048799.JPEG,239,21.994923070189543,0.0009958551963791251,0.3192045381812511,0.9331933210180464,0.32198963214848153,40729
685,/home/projects/bagon/shared/imagenet512/val/n03804744/ILSVRC2012_val_00024466.JPEG,124,3.0533531844848767,0.0009947833605110645,0.20026984099929065,0.9219495990238884,0.23885123712032147,40732
686,/home/projects/bagon/shared/imagenet512/val/n02871525/ILSVRC2012_val_00027303.JPEG,160,9.961905056610703,0.0009951406391337514,0.2634140773931052,0.877329921359227,0.30830195943247585,40744
687,/home/projects/bagon/shared/imagenet512/val/n02111277/ILSVRC2012_val_00044206.JPEG,5,46.50098705291748,0.0,58.820204864738,0.9775212759543234,0.6615613021257281,40746
688,/home/projects/bagon/shared/imagenet512/val/n04296562/ILSVRC2012_val_00025776.JPEG,219,13.343553025857545,0.0009964506607502699,0.6473118127354359,0.9730935026778852,0.302399332480278,40751
689,/home/projects/bagon/shared/imagenet512/val/n04476259/ILSVRC2012_val_00029985.JPEG,4,7.591944214575051,7.879423355916515e-05,0.7093890824272725,0.42069825824124013,0.3617310399864446,40776
690,/home/projects/bagon/shared/imagenet512/val/n02834397/ILSVRC2012_val_00005643.JPEG,260,8.467227338114753,0.0009964506607502699,0.20409050202383525,0.855112096865,0.2132121805289812,40787
691,/home/projects/bagon/shared/imagenet512/val/n02102318/ILSVRC2012_val_00015183.JPEG,322,17.51226384320762,0.000998832518234849,0.5750549100693318,0.9467465301906648,0.3114542301082233,40792
692,/home/projects/bagon/shared/imagenet512/val/n01796340/ILSVRC2012_val_00005100.JPEG,351,62.91654196626041,0.0009995469590649009,0.47222428042541104,0.8510690537120033,0.30720474667116837,40811
693,/home/projects/bagon/shared/imagenet512/val/n03944341/ILSVRC2012_val_00028761.JPEG,97,10.270963377319276,0.0009993088897317648,0.3736919266468168,0.9985915382379479,0.2208486255326407,40814
694,/home/projects/bagon/shared/imagenet512/val/n04152593/ILSVRC2012_val_00044524.JPEG,170,3.860385883715935,0.000993116176687181,0.2064074543613162,0.8690086287527721,0.43654323877347817,40818
695,/home/projects/bagon/shared/imagenet512/val/n03481172/ILSVRC2012_val_00044583.JPEG,167,11.130565947270952,0.000992997083812952,0.2774751178315161,0.9769924587626491,0.2900323893388034,40828
696,/home/projects/bagon/shared/imagenet512/val/n02859443/ILSVRC2012_val_00003322.JPEG,4,21.860595703125,0.0,0.8277280070634282,0.9930222259686743,0.35566404546645025,40829
697,/home/projects/bagon/shared/imagenet512/val/n03680355/ILSVRC2012_val_00034238.JPEG,-1,nan,nan,nan,nan,nan,40850
698,/home/projects/bagon/shared/imagenet512/val/n02077923/ILSVRC2012_val_00000033.JPEG,103,14.121412885026075,0.0009913297835737467,0.2814164254385359,nan,0.29877467401058566,40851
699,/home/projects/bagon/shared/imagenet512/val/n04149813/ILSVRC2012_val_00001205.JPEG,121,2.8169110587332398,0.0009941878961399198,0.18359408483873219,0.8784229594465282,0.15679510853186052,40858
700,/home/projects/bagon/shared/imagenet512/val/n01748264/ILSVRC2012_val_00049448.JPEG,121,4.731606239452958,0.0009990707039833069,0.14827610366765967,0.97659885862115,0.18370187454485143,40863
701,/home/projects/bagon/shared/imagenet512/val/n02815834/ILSVRC2012_val_00026649.JPEG,146,19.801224215887487,0.0009983561467379332,0.44100774144846405,0.6563093836520213,0.3512515972043343,40871
702,/home/projects/bagon/shared/imagenet512/val/n03089624/ILSVRC2012_val_00015302.JPEG,257,17.281426631612703,0.0009977606823667884,0.19245977705333198,0.9013692922877534,0.25327022380176945,40873
703,/home/projects/bagon/shared/imagenet512/val/n03814639/ILSVRC2012_val_00013194.JPEG,3,17.678524017333984,0.0,12.788824174461473,0.9900386087723568,0.635017008620458,40890
704,/home/projects/bagon/shared/imagenet512/val/n02108089/ILSVRC2012_val_00045933.JPEG,5,46.74959945678711,0.0,2.019376364056582,0.9275201699825151,0.5549494898299752,40891
705,/home/projects/bagon/shared/imagenet512/val/n04162706/ILSVRC2012_val_00032515.JPEG,-1,nan,nan,nan,nan,nan,40905
706,/home/projects/bagon/shared/imagenet512/val/n02095570/ILSVRC2012_val_00036793.JPEG,137,48.12379626824986,0.0009950215462595224,0.412717504418786,nan,0.3395006845129733,40908
707,/home/projects/bagon/shared/imagenet512/val/n02747177/ILSVRC2012_val_00012984.JPEG,4,139.79207134246826,0.0,18.453601242412702,0.98335694438481,0.5807492814006098,40917
708,/home/projects/bagon/shared/imagenet512/val/n02786058/ILSVRC2012_val_00027029.JPEG,74,18.850613028509542,0.0009871615329757333,0.2670940932813901,0.9963735127835335,0.15903023008012854,40935
709,/home/projects/bagon/shared/imagenet512/val/n03127925/ILSVRC2012_val_00020004.JPEG,211,14.86615232238546,0.0009956170106306672,0.2870094300081749,0.9143333730379295,0.2995574588445842,40954
710,/home/projects/bagon/shared/imagenet512/val/n02877765/ILSVRC2012_val_00004124.JPEG,30,10.72735200234456,0.0009754904895089567,0.28259717056222294,0.9962185847990015,0.0676405461033216,40991
711,/home/projects/bagon/shared/imagenet512/val/n02408429/ILSVRC2012_val_00040531.JPEG,57,15.93628656072542,0.0009969270322471857,0.4559644897588093,0.9570879194254296,0.3715585832278334,41025
712,/home/projects/bagon/shared/imagenet512/val/n01753488/ILSVRC2012_val_00001582.JPEG,534,7.804061387432739,0.0009978797752410173,0.2659056071315378,0.8491973669125631,0.30231516665070485,41044
713,/home/projects/bagon/shared/imagenet512/val/n04040759/ILSVRC2012_val_00042431.JPEG,-1,nan,nan,nan,nan,nan,41054
714,/home/projects/bagon/shared/imagenet512/val/n03538406/ILSVRC2012_val_00012792.JPEG,174,11.101971187395975,0.0009995469590649009,0.32701084368706956,nan,0.1646433798677772,41056
715,/home/projects/bagon/shared/imagenet512/val/n03724870/ILSVRC2012_val_00023885.JPEG,5,90.27788543701172,0.0,4.3564567750261,0.9605904703268024,0.5075806620376874,41058
716,/home/projects/bagon/shared/imagenet512/val/n12144580/ILSVRC2012_val_00000869.JPEG,386,3.8617242517648265,0.0009976415894925594,0.2566957137880339,0.8573957990289695,0.34084351948355357,41077
717,/home/projects/bagon/shared/imagenet512/val/n02100583/ILSVRC2012_val_00035278.JPEG,155,15.122051065671258,0.0009946642676368356,0.29897171251723037,0.9777433401423049,0.29589484403441907,41092
718,/home/projects/bagon/shared/imagenet512/val/n04596742/ILSVRC2012_val_00007451.JPEG,4,21.461324453353882,0.0,2.967754459451847,0.9232000885267792,0.48606711691693094,41098
719,/home/projects/bagon/shared/imagenet512/val/n02168699/ILSVRC2012_val_00047337.JPEG,443,26.68361271568574,0.0009982370538637042,0.2720580128058721,0.991165349430442,0.33659113885143277,41103
720,/home/projects/bagon/shared/imagenet512/val/n01871265/ILSVRC2012_val_00046452.JPEG,314,16.45926422823686,0.0009976415894925594,0.38305993369836316,0.8590172058582753,0.3371381639921923,41104
721,/home/projects/bagon/shared/imagenet512/val/n03041632/ILSVRC2012_val_00009367.JPEG,55,23.370431065675803,0.0009914488764479756,0.4999355117330645,0.9972415620670527,0.16982692595305815,41121
722,/home/projects/bagon/shared/imagenet512/val/n01494475/ILSVRC2012_val_00021325.JPEG,161,4.004947052453645,0.0009941878961399198,0.18219140077387844,0.9220808323824463,0.2645053045809419,41123
723,/home/projects/bagon/shared/imagenet512/val/n03866082/ILSVRC2012_val_00025945.JPEG,450,8.18442421942018,0.0009993088897317648,0.18958527137955267,0.9823598691347026,0.24810154541479884,41143
724,/home/projects/bagon/shared/imagenet512/val/n15075141/ILSVRC2012_val_00020175.JPEG,-1,nan,nan,nan,nan,nan,41155
725,/home/projects/bagon/shared/imagenet512/val/n02870880/ILSVRC2012_val_00032229.JPEG,-1,nan,nan,nan,nan,nan,41160
726,/home/projects/bagon/shared/imagenet512/val/n02871525/ILSVRC2012_val_00012405.JPEG,194,22.489407106419094,0.0009940688032656908,0.2972683525323979,nan,0.23247995651290823,41171
727,/home/projects/bagon/shared/imagenet512/val/n01685808/ILSVRC2012_val_00007084.JPEG,173,5.7609304044162855,0.0009949024533852935,0.16821794955368963,0.9876610432666288,0.1865127874343264,41187
728,/home/projects/bagon/shared/imagenet512/val/n01943899/ILSVRC2012_val_00007422.JPEG,185,5.567097666324116,0.0009993088897317648,0.23623990926256624,0.9800179776683743,0.34051696103221857,41191
729,/home/projects/bagon/shared/imagenet512/val/n03476991/ILSVRC2012_val_00012907.JPEG,-1,nan,nan,nan,nan,nan,41200
730,/home/projects/bagon/shared/imagenet512/val/n04239074/ILSVRC2012_val_00044705.JPEG,4,23.426398038864136,0.0,45.08706230837504,nan,0.49644717977751907,41222
731,/home/projects/bagon/shared/imagenet512/val/n02841315/ILSVRC2012_val_00024139.JPEG,14,27.583234498044476,0.0009277330245822668,1.0316896681167191,0.8879818518201084,0.4966357536249546,41226
732,/home/projects/bagon/shared/imagenet512/val/n04204238/ILSVRC2012_val_00009223.JPEG,94,6.8094448276096955,0.000987995183095336,0.3467043215237749,0.7980859753848282,0.1563624832649636,41236
733,/home/projects/bagon/shared/imagenet512/val/n02087394/ILSVRC2012_val_00037577.JPEG,469,16.31420701718889,0.0009984752396121621,0.26155512806160663,0.9722630506607866,0.19414703192966778,41243
734,/home/projects/bagon/shared/imagenet512/val/n03259280/ILSVRC2012_val_00021316.JPEG,241,5.7022879717405885,0.0009978797752410173,0.26019305622699185,0.9726499399007785,0.34593242242691835,41249
735,/home/projects/bagon/shared/imagenet512/val/n02927161/ILSVRC2012_val_00000071.JPEG,52,16.420916872564703,0.0009924016194418073,0.28181445353384754,0.9973810141113819,0.2585071785503863,41251
736,/home/projects/bagon/shared/imagenet512/val/n03527444/ILSVRC2012_val_00019785.JPEG,242,12.741656665690243,0.0009976415894925594,0.3765447554702868,0.9971374476682092,0.4051314694533542,41256
737,/home/projects/bagon/shared/imagenet512/val/n02747177/ILSVRC2012_val_00023490.JPEG,94,1.4824883084511384,0.0009999042376875877,0.11622137052147237,0.7147476893776492,0.1362620826847965,41278
738,/home/projects/bagon/shared/imagenet512/val/n04346328/ILSVRC2012_val_00017856.JPEG,278,10.557660327292979,0.00099871342536062,0.24585118295523925,0.9913336430311409,0.23215301253610246,41282
739,/home/projects/bagon/shared/imagenet512/val/n04149813/ILSVRC2012_val_00021901.JPEG,304,25.288873589364812,0.0009993088897317648,0.3093225530408632,0.9936622965159914,0.4065115346325818,41286
740,/home/projects/bagon/shared/imagenet512/val/n03692522/ILSVRC2012_val_00044466.JPEG,170,15.24003518128302,0.000998832518234849,0.3931695430259576,0.9686864128424171,0.37643881990696615,41304
741,/home/projects/bagon/shared/imagenet512/val/n03400231/ILSVRC2012_val_00049474.JPEG,283,2.0827804364962503,0.0009995469590649009,0.0994470783011806,0.29749345757026047,0.25646839447542713,41308
742,/home/projects/bagon/shared/imagenet512/val/n03773504/ILSVRC2012_val_00038198.JPEG,142,4.804380128160119,0.0009913297835737467,0.13281500022552878,0.5365550337984981,0.17510621031445314,41340
743,/home/projects/bagon/shared/imagenet512/val/n04493381/ILSVRC2012_val_00049853.JPEG,401,9.366799510549754,0.000998594332486391,0.2541049879649181,0.9679326128022119,0.26932734356280486,41353
744,/home/projects/bagon/shared/imagenet512/val/n04443257/ILSVRC2012_val_00036516.JPEG,109,4.180918603437021,0.000993711524643004,0.1163715381930341,0.9346992411709941,0.10703189659404128,41360
745,/home/projects/bagon/shared/imagenet512/val/n02317335/ILSVRC2012_val_00016273.JPEG,361,5.465703541529365,0.0009999042376875877,0.23557415250982028,0.9605772361647601,0.3404588067165405,41367
746,/home/projects/bagon/shared/imagenet512/val/n04371774/ILSVRC2012_val_00035329.JPEG,158,1.5785111740697175,0.0009976415894925594,0.08827814166112624,0.5749709441374757,0.11563389332474569,41372
747,/home/projects/bagon/shared/imagenet512/val/n02107142/ILSVRC2012_val_00047225.JPEG,311,11.4217871457804,0.0009968079393729568,0.2803773283913572,0.9812971043524549,0.25769477885261916,41388
748,/home/projects/bagon/shared/imagenet512/val/n02504458/ILSVRC2012_val_00047534.JPEG,299,22.236822582548484,0.0009976415894925594,0.31791711325373456,0.9237662749124179,0.2392970789762602,41399
749,/home/projects/bagon/shared/imagenet512/val/n04154565/ILSVRC2012_val_00003547.JPEG,178,11.618744383915327,0.0009950215462595224,0.28143965900405676,0.994319558956238,0.36278948318883314,41406
750,/home/projects/bagon/shared/imagenet512/val/n03958227/ILSVRC2012_val_00016676.JPEG,127,11.323897484107874,0.000995974289253354,0.2507456038889672,0.9954437427912336,0.29720476810694474,41411
751,/home/projects/bagon/shared/imagenet512/val/n04070727/ILSVRC2012_val_00046360.JPEG,89,1.964359198929742,0.0009947833605110645,0.161015554867368,0.7008560982121472,0.2740291768428402,41415
752,/home/projects/bagon/shared/imagenet512/val/n02814860/ILSVRC2012_val_00002527.JPEG,232,11.305710528977215,0.0009958551963791251,0.3021392490683321,0.5912868561822331,0.36975728084254333,41424
753,/home/projects/bagon/shared/imagenet512/val/n03125729/ILSVRC2012_val_00033220.JPEG,-1,nan,nan,nan,nan,nan,41433
754,/home/projects/bagon/shared/imagenet512/val/n04325704/ILSVRC2012_val_00018510.JPEG,226,28.799252006341703,0.0009958551963791251,0.33505803085131697,nan,0.42569751334517725,41434
755,/home/projects/bagon/shared/imagenet512/val/n01496331/ILSVRC2012_val_00042751.JPEG,219,30.447550534037873,0.0009981179609894753,0.5515983313889142,0.9777270653951372,0.4956548764419392,41440
756,/home/projects/bagon/shared/imagenet512/val/n03291819/ILSVRC2012_val_00038803.JPEG,6,64.62638413906097,0.0,14.366896196960418,0.9961918776656995,0.6088798517898962,41441
757,/home/projects/bagon/shared/imagenet512/val/n04536866/ILSVRC2012_val_00027587.JPEG,181,24.607939528184943,0.0009977606823667884,0.34346339155027045,0.9861698946048062,0.3497210422237072,41443
758,/home/projects/bagon/shared/imagenet512/val/n03223299/ILSVRC2012_val_00015640.JPEG,4,19.950398445129395,0.0,24.069127021814545,0.7535001076608685,0.3707713343598731,41450
759,/home/projects/bagon/shared/imagenet512/val/n02174001/ILSVRC2012_val_00047630.JPEG,220,16.178582687629387,0.0009991897968575358,0.31011111509525585,0.9638187758301155,0.2486392681152163,41453
760,/home/projects/bagon/shared/imagenet512/val/n04596742/ILSVRC2012_val_00017513.JPEG,218,8.163642807747237,0.000998951611109078,0.22060532828160748,0.8370319998764666,0.3596006028215024,41459
761,/home/projects/bagon/shared/imagenet512/val/n03733805/ILSVRC2012_val_00027672.JPEG,222,13.851703399210237,0.0009952597320079803,0.26275720716005313,0.9953466884902483,0.25401562452744597,41497
762,/home/projects/bagon/shared/imagenet512/val/n02095570/ILSVRC2012_val_00003220.JPEG,8,53.16438913345337,0.0,23.717273732426495,0.982651752302378,0.3807002296477145,41517
763,/home/projects/bagon/shared/imagenet512/val/n02089867/ILSVRC2012_val_00044513.JPEG,400,6.674721063347533,0.0009991897968575358,0.20623418476025715,0.6810453375499498,0.38348254181598573,41521
764,/home/projects/bagon/shared/imagenet512/val/n02481823/ILSVRC2012_val_00000870.JPEG,133,15.030842751380987,0.0009950215462595224,0.32178450410040343,0.9943957235573012,0.2646014411353553,41546
765,/home/projects/bagon/shared/imagenet512/val/n01877812/ILSVRC2012_val_00019476.JPEG,151,48.547106615733355,0.0009991897968575358,2.107656188791913,0.9917730686316453,0.5058971581626877,41547
766,/home/projects/bagon/shared/imagenet512/val/n02834397/ILSVRC2012_val_00017590.JPEG,211,8.19192066474352,0.0009984752396121621,0.2640028289171402,0.9483451189510992,0.3512683833102848,41553
767,/home/projects/bagon/shared/imagenet512/val/n04553703/ILSVRC2012_val_00013941.JPEG,220,10.200411506812088,0.0009970461251214147,0.29576322100391195,0.8216524396172977,0.46177564645449354,41555
768,/home/projects/bagon/shared/imagenet512/val/n03240683/ILSVRC2012_val_00035038.JPEG,-1,nan,nan,nan,nan,nan,41586
769,/home/projects/bagon/shared/imagenet512/val/n03866082/ILSVRC2012_val_00016048.JPEG,4,47.70390057563782,0.0,2.7463497111961477,nan,0.45516903503236705,41601
770,/home/projects/bagon/shared/imagenet512/val/n02123159/ILSVRC2012_val_00014860.JPEG,105,46.23290007538162,0.0009899006690829992,1.753029957256143,0.9231398913290514,0.3014905246265273,41626
771,/home/projects/bagon/shared/imagenet512/val/n03141823/ILSVRC2012_val_00048789.JPEG,4,1729.99032664299,0.0,114.68617802762871,0.9669495997677141,0.5580827442088359,41637
772,/home/projects/bagon/shared/imagenet512/val/n03710721/ILSVRC2012_val_00035009.JPEG,5,16.593003153800964,0.0,2.802034861825869,0.9843176552112034,0.4235336801944104,41643
773,/home/projects/bagon/shared/imagenet512/val/n03733805/ILSVRC2012_val_00026855.JPEG,6,1033.467004776001,0.0,58.65802564569351,0.9982693663400164,0.4485349081212662,41649
774,/home/projects/bagon/shared/imagenet512/val/n03887697/ILSVRC2012_val_00035594.JPEG,196,8.655502209207043,0.0009946642676368356,1.0189110726268011,0.9566395621937966,0.3793964696970805,41666
775,/home/projects/bagon/shared/imagenet512/val/n07717410/ILSVRC2012_val_00015486.JPEG,251,27.04133964399807,0.000998951611109078,0.47671183928962657,0.8225011224420862,0.38232827456257223,41668
776,/home/projects/bagon/shared/imagenet512/val/n03970156/ILSVRC2012_val_00019150.JPEG,8,21.82523661106825,0.00012206286191940308,0.43555696677983735,0.9925976400657548,0.1668678721692441,41682
777,/home/projects/bagon/shared/imagenet512/val/n09428293/ILSVRC2012_val_00041638.JPEG,509,9.116050094831735,0.0009978797752410173,0.21675052469960956,0.9804144703488987,0.20518494835642304,41685
778,/home/projects/bagon/shared/imagenet512/val/n04579432/ILSVRC2012_val_00048926.JPEG,5,15.462950564920902,0.0,4.16619488893238,0.9870534698422827,0.3687584722934548,41689
779,/home/projects/bagon/shared/imagenet512/val/n03776460/ILSVRC2012_val_00005878.JPEG,152,14.642685176455416,0.0009999042376875877,0.2958923360773326,0.9915517195422419,0.37376301795078815,41701
780,/home/projects/bagon/shared/imagenet512/val/n02123045/ILSVRC2012_val_00030706.JPEG,667,7.49492279428523,0.00099871342536062,0.20153275025478343,0.6977585499672974,0.2648399175889814,41732
781,/home/projects/bagon/shared/imagenet512/val/n02093428/ILSVRC2012_val_00045109.JPEG,393,26.115565220825374,0.0009979988681152463,0.3694446564916197,0.9792469346263101,0.3332921661781823,41734
782,/home/projects/bagon/shared/imagenet512/val/n01883070/ILSVRC2012_val_00032499.JPEG,251,43.54195360769518,0.0009993088897317648,0.3823733482626696,0.9978827161034416,0.35258927121725514,41747
783,/home/projects/bagon/shared/imagenet512/val/n04209133/ILSVRC2012_val_00004457.JPEG,18,15.891283666191157,0.0009763241396285594,0.19478637668086163,0.9979425822128766,0.12789279150681004,41759
784,/home/projects/bagon/shared/imagenet512/val/n02099601/ILSVRC2012_val_00031731.JPEG,18,35.69354943954386,0.0009978797752410173,0.4488338770462836,0.7052437527714218,0.4196816307260945,41766
785,/home/projects/bagon/shared/imagenet512/val/n03658185/ILSVRC2012_val_00011481.JPEG,45,24.77463412086945,0.0009856133256107569,1.5839500921473442,0.8644447742573955,0.44419387289865797,41823
786,/home/projects/bagon/shared/imagenet512/val/n03958227/ILSVRC2012_val_00037856.JPEG,4,8.208723026851658,0.0005666795768775046,0.3976566762870861,0.9514056044427571,0.1679854905740596,41834
787,/home/projects/bagon/shared/imagenet512/val/n02100877/ILSVRC2012_val_00025288.JPEG,197,8.764898573164828,0.0009966888464987278,0.1960455632806664,0.6082237698202883,0.28619156729358053,41838
788,/home/projects/bagon/shared/imagenet512/val/n02791124/ILSVRC2012_val_00008115.JPEG,503,26.662715154816397,0.000998951611109078,0.37430400062825786,0.987546877142583,0.4094010697709166,41844
789,/home/projects/bagon/shared/imagenet512/val/n04522168/ILSVRC2012_val_00040024.JPEG,4,139.42415595054626,0.0,19.92463757336498,0.9674445875804263,0.6294435442056139,41850
790,/home/projects/bagon/shared/imagenet512/val/n01514668/ILSVRC2012_val_00019423.JPEG,268,3.246581621700898,0.0009979988681152463,0.1384640365852482,0.7043346962615499,0.29699370650212586,41890
791,/home/projects/bagon/shared/imagenet512/val/n01644900/ILSVRC2012_val_00039996.JPEG,311,13.404757327283733,0.0009997851448133588,0.360049708575736,0.9852138991970572,0.3671114453782389,41904
792,/home/projects/bagon/shared/imagenet512/val/n03445777/ILSVRC2012_val_00023845.JPEG,111,14.58289377449546,0.0009919252479448915,0.25014438149645585,0.6044083079385298,0.261776874363182,41906
793,/home/projects/bagon/shared/imagenet512/val/n03476684/ILSVRC2012_val_00024049.JPEG,101,19.129893659381196,0.0009966888464987278,0.23081200816013842,0.998559937150694,0.23669913506183465,41911
794,/home/projects/bagon/shared/imagenet512/val/n02916936/ILSVRC2012_val_00004704.JPEG,60,12.008745557628572,0.000990377040579915,0.29493834278180026,0.9987629778081506,0.16856516974939856,41914
795,/home/projects/bagon/shared/imagenet512/val/n02096437/ILSVRC2012_val_00000279.JPEG,155,20.05231953971088,0.0009950215462595224,0.3779986794689929,0.9892665384032775,0.2757401614723007,41917
796,/home/projects/bagon/shared/imagenet512/val/n01914609/ILSVRC2012_val_00015587.JPEG,3,22.19197654724121,0.0,2.298522700679701,0.9820148114765923,0.6230312398403838,41931
797,/home/projects/bagon/shared/imagenet512/val/n04591713/ILSVRC2012_val_00026709.JPEG,5,71.95212888717651,0.0,41.055635561197064,0.9986478741754219,0.4990307053461226,41937
798,/home/projects/bagon/shared/imagenet512/val/n02092339/ILSVRC2012_val_00004974.JPEG,231,27.940400385065004,0.0009990707039833069,0.26762649870143873,0.996981621553148,0.3462718445661257,41967
799,/home/projects/bagon/shared/imagenet512/val/n02095570/ILSVRC2012_val_00002194.JPEG,264,20.608969254302792,0.0009996660519391298,0.3484945438438406,0.9970254015434775,0.21664363455534233,41975
800,/home/projects/bagon/shared/imagenet512/val/n04317175/ILSVRC2012_val_00010695.JPEG,201,13.929851747700013,0.0009994279826059937,0.2784312008415147,0.9978165243726674,0.32446728904080835,41978
801,/home/projects/bagon/shared/imagenet512/val/n03325584/ILSVRC2012_val_00016174.JPEG,162,15.88520349166356,0.0009952597320079803,0.40564454837701813,0.9776799199512444,0.4074768997527223,42000
802,/home/projects/bagon/shared/imagenet512/val/n03782006/ILSVRC2012_val_00015161.JPEG,233,5.537418679334223,0.0009968079393729568,0.15610417572438623,0.8644648277342041,0.2218992960970679,42003
803,/home/projects/bagon/shared/imagenet512/val/n04532106/ILSVRC2012_val_00033805.JPEG,80,7.546306817326695,0.0009915679693222046,0.18801448888905548,0.7157906708409294,0.21718723851035596,42037
804,/home/projects/bagon/shared/imagenet512/val/n04099969/ILSVRC2012_val_00016203.JPEG,116,17.0385735220043,0.0009997851448133588,0.6747970994402676,0.8702837414226824,0.37436127797345964,42041
805,/home/projects/bagon/shared/imagenet512/val/n03141823/ILSVRC2012_val_00004783.JPEG,129,5.5119234706508,0.00099323526956141,0.31818080618773936,0.9160883233070659,0.28728910710251876,42065
806,/home/projects/bagon/shared/imagenet512/val/n04485082/ILSVRC2012_val_00033425.JPEG,186,5.382468773634173,0.0009956170106306672,0.15936154080145185,0.9865440158297558,0.19443906615229029,42071
807,/home/projects/bagon/shared/imagenet512/val/n03347037/ILSVRC2012_val_00041368.JPEG,66,2.981230605393648,0.000990377040579915,0.18661340242930735,0.913135031854972,0.14637986316096663,42075
808,/home/projects/bagon/shared/imagenet512/val/n03866082/ILSVRC2012_val_00014561.JPEG,4,91.62612247467041,0.0,22.555396196494357,0.9920774704151253,0.5213970801806194,42078
809,/home/projects/bagon/shared/imagenet512/val/n03250847/ILSVRC2012_val_00046129.JPEG,203,4.042425954830833,0.000998594332486391,0.23510867792636247,0.9176931406912955,0.13345681527586886,42084
810,/home/projects/bagon/shared/imagenet512/val/n02124075/ILSVRC2012_val_00021675.JPEG,222,21.879968195338733,0.0009991897968575358,0.29563389424249675,0.8129068157664815,0.1824112800736102,42094
811,/home/projects/bagon/shared/imagenet512/val/n04476259/ILSVRC2012_val_00041437.JPEG,159,13.76982412871439,0.0009946642676368356,0.6410279388998875,0.9790459509850039,0.3646900777152595,42097
812,/home/projects/bagon/shared/imagenet512/val/n03485407/ILSVRC2012_val_00045552.JPEG,210,1.7242465718882158,0.0009969270322471857,0.0912426456336939,0.3928328241096639,0.13645279857812603,42104
813,/home/projects/bagon/shared/imagenet512/val/n02087394/ILSVRC2012_val_00010057.JPEG,31,50.98826758604264,0.0009608419495634735,1.8656172312021613,0.8402724349161812,0.3695537337760779,42105
814,/home/projects/bagon/shared/imagenet512/val/n02840245/ILSVRC2012_val_00022685.JPEG,4,1334.0006356239319,0.0,58.549622253944364,0.7158238046099217,0.6718781085222385,42112
815,/home/projects/bagon/shared/imagenet512/val/n02395406/ILSVRC2012_val_00023351.JPEG,150,39.55414575722534,0.0009993088897317648,0.35051533967706894,0.9985753080543365,0.30137699358058057,42124
816,/home/projects/bagon/shared/imagenet512/val/n04235860/ILSVRC2012_val_00019223.JPEG,122,11.66792242822703,0.00099871342536062,0.2893299323201345,0.9729237152786443,0.244240791261331,42150
817,/home/projects/bagon/shared/imagenet512/val/n03141823/ILSVRC2012_val_00009886.JPEG,184,2.970457435119897,0.000992997083812952,0.1299141328545005,0.8452780832976436,0.1689262924160749,42169
818,/home/projects/bagon/shared/imagenet512/val/n03482405/ILSVRC2012_val_00003890.JPEG,127,7.880986657459289,0.0009977606823667884,0.2995346699710198,0.985107590669528,0.31096864659398776,42181
819,/home/projects/bagon/shared/imagenet512/val/n04542943/ILSVRC2012_val_00027407.JPEG,242,16.920848222100176,0.0009994279826059937,0.41191320637124595,0.9893296247850965,0.4024826136300314,42188
820,/home/projects/bagon/shared/imagenet512/val/n03868863/ILSVRC2012_val_00019871.JPEG,344,5.608023273991421,0.0009997851448133588,0.22415728299041585,0.847332666751012,0.3547660605426619,42201
821,/home/projects/bagon/shared/imagenet512/val/n02978881/ILSVRC2012_val_00010757.JPEG,-1,nan,nan,nan,nan,nan,42209
822,/home/projects/bagon/shared/imagenet512/val/n02841315/ILSVRC2012_val_00039447.JPEG,-1,nan,nan,nan,nan,nan,42228
823,/home/projects/bagon/shared/imagenet512/val/n02443114/ILSVRC2012_val_00024734.JPEG,464,4.488851009402424,0.0009982370538637042,0.14688441024416216,nan,0.2501593828182629,42253
824,/home/projects/bagon/shared/imagenet512/val/n02916936/ILSVRC2012_val_00004825.JPEG,202,15.9547712886706,0.00099871342536062,0.4011454030310556,0.9977437382159076,0.5094406742844902,42277
825,/home/projects/bagon/shared/imagenet512/val/n04591713/ILSVRC2012_val_00027316.JPEG,4,33.00140833854675,0.0,8.718097992908731,0.9198307281241971,0.5566742237439846,42287
826,/home/projects/bagon/shared/imagenet512/val/n02410509/ILSVRC2012_val_00039568.JPEG,230,27.320455399225466,0.000998832518234849,0.4034857408973496,0.9903237731676201,0.43400193562498235,42289
827,/home/projects/bagon/shared/imagenet512/val/n04069434/ILSVRC2012_val_00043715.JPEG,255,22.64737823442556,0.000998951611109078,0.3358471512318549,0.9368160755051467,0.37858805005102036,42300
828,/home/projects/bagon/shared/imagenet512/val/n07932039/ILSVRC2012_val_00006588.JPEG,6,44.326048851013184,0.0,20.022183514567946,0.9985802618760344,0.44711660497659567,42310
829,/home/projects/bagon/shared/imagenet512/val/n02730930/ILSVRC2012_val_00034582.JPEG,5,112.6314845085144,0.0,12.265800344582784,0.9961460507879725,0.46630332850633255,42312
830,/home/projects/bagon/shared/imagenet512/val/n02971356/ILSVRC2012_val_00008083.JPEG,206,13.660087805707008,0.000996331567876041,0.30706590787575616,0.9666407872627778,0.2615987308975082,42313
831,/home/projects/bagon/shared/imagenet512/val/n02790996/ILSVRC2012_val_00027401.JPEG,186,17.832367164082825,0.000996212475001812,0.27722195403168864,0.9985632426892228,0.28860874048058394,42320
832,/home/projects/bagon/shared/imagenet512/val/n01740131/ILSVRC2012_val_00038556.JPEG,-1,nan,nan,nan,nan,nan,42328
833,/home/projects/bagon/shared/imagenet512/val/n06874185/ILSVRC2012_val_00000274.JPEG,234,6.101970393792726,0.0009965697536244988,0.2415064590232637,nan,0.47687528459698847,42330
834,/home/projects/bagon/shared/imagenet512/val/n03837869/ILSVRC2012_val_00035318.JPEG,544,6.656076170038432,0.00099871342536062,0.24510248849196692,0.38563143706187974,0.48819540219364593,42337
835,/home/projects/bagon/shared/imagenet512/val/n03933933/ILSVRC2012_val_00040544.JPEG,152,5.451039342209697,0.0009982370538637042,0.20356600203233763,0.7614895177866894,0.334399062027264,42339
836,/home/projects/bagon/shared/imagenet512/val/n02077923/ILSVRC2012_val_00038371.JPEG,206,11.979048597160727,0.0009950215462595224,0.5088294861222561,0.9921137057978893,0.39565258118266594,42343
837,/home/projects/bagon/shared/imagenet512/val/n03814639/ILSVRC2012_val_00034119.JPEG,6,18.765165375487413,0.0003812778159044683,0.36155594905417127,0.9915253841949072,0.10098775674047406,42361
838,/home/projects/bagon/shared/imagenet512/val/n02892767/ILSVRC2012_val_00023370.JPEG,56,14.02987986302469,0.000998951611109078,0.4413623765794194,0.9943071587473776,0.2927222773165468,42368
839,/home/projects/bagon/shared/imagenet512/val/n04201297/ILSVRC2012_val_00037763.JPEG,375,2.2779005855554715,0.000998951611109078,0.10572035907624024,0.29217385644052074,0.3388202803555826,42369
840,/home/projects/bagon/shared/imagenet512/val/n02089867/ILSVRC2012_val_00011792.JPEG,403,11.40964564983733,0.0009984752396121621,0.25876177974504466,0.9810543357851385,0.22039510507469495,42379
841,/home/projects/bagon/shared/imagenet512/val/n04336792/ILSVRC2012_val_00031393.JPEG,8,32.69833990931511,0.0,1.8738805907503435,0.9878959836210803,0.27948973257644993,42391
842,/home/projects/bagon/shared/imagenet512/val/n03180011/ILSVRC2012_val_00021772.JPEG,375,7.487106119049713,0.0009974034037441015,0.1843453203237891,0.9012954439882784,0.31202560403209767,42403
843,/home/projects/bagon/shared/imagenet512/val/n03868863/ILSVRC2012_val_00026092.JPEG,144,7.4008785135811195,0.0009972843108698726,0.2661666791819782,0.8069720772140195,0.3269445177005306,42407
844,/home/projects/bagon/shared/imagenet512/val/n04330267/ILSVRC2012_val_00010115.JPEG,119,14.826056852471083,0.0009977606823667884,0.32692356014113216,0.9978466138701172,0.4643078808837007,42418
845,/home/projects/bagon/shared/imagenet512/val/n03291819/ILSVRC2012_val_00033471.JPEG,292,5.847301322268322,0.000998594332486391,0.2734667166977641,0.8261161317624,0.2939202393091547,42434
846,/home/projects/bagon/shared/imagenet512/val/n04476259/ILSVRC2012_val_00000513.JPEG,101,6.9389042319962755,0.0009950215462595224,0.1949022165438331,0.9938700579726544,0.22082089700344712,42482
847,/home/projects/bagon/shared/imagenet512/val/n02325366/ILSVRC2012_val_00042110.JPEG,483,3.2608103156089783,0.0009983561467379332,0.125459195428137,0.4692382715489765,0.23767351921195642,42486
848,/home/projects/bagon/shared/imagenet512/val/n04548280/ILSVRC2012_val_00032136.JPEG,171,5.384923422825523,0.0009952597320079803,0.30867612603044814,0.8993778003323889,0.2210874064757393,42497
849,/home/projects/bagon/shared/imagenet512/val/n07930864/ILSVRC2012_val_00042254.JPEG,398,19.91206784080714,0.0009981179609894753,2.074029699449917,0.9880209218184353,0.38645522257045073,42509
850,/home/projects/bagon/shared/imagenet512/val/n03724870/ILSVRC2012_val_00030570.JPEG,99,18.140350348316133,0.000990496133454144,0.4142261698163,0.9706511041959798,0.3008084126008691,42519
851,/home/projects/bagon/shared/imagenet512/val/n03970156/ILSVRC2012_val_00033787.JPEG,5,14.523602843284607,0.0,17.49771712447025,0.9779370885201384,0.4787110488453746,42586
852,/home/projects/bagon/shared/imagenet512/val/n02837789/ILSVRC2012_val_00030730.JPEG,354,14.764034082530998,0.0009974034037441015,1.6650596008992653,0.8318889896984436,0.42778300208548997,42598
853,/home/projects/bagon/shared/imagenet512/val/n02783161/ILSVRC2012_val_00025837.JPEG,151,4.877379531273618,0.0009965697536244988,0.22194106614850434,0.9708419327418913,0.25590786276523453,42610
854,/home/projects/bagon/shared/imagenet512/val/n04026417/ILSVRC2012_val_00001565.JPEG,336,14.136465668678284,0.0009990707039833069,0.8120801916207689,0.9611432334067257,0.24652411690647133,42621
855,/home/projects/bagon/shared/imagenet512/val/n02807133/ILSVRC2012_val_00006861.JPEG,100,19.09492328739725,0.0009982370538637042,0.2950330644255502,0.9961986303623541,0.3127022745637828,42626
856,/home/projects/bagon/shared/imagenet512/val/n04026417/ILSVRC2012_val_00037263.JPEG,197,21.109507861663587,0.0009951406391337514,0.7579378823462631,0.9821564753045129,0.3263727912314309,42643
857,/home/projects/bagon/shared/imagenet512/val/n02992529/ILSVRC2012_val_00020206.JPEG,155,1.3858043021755293,0.0009970461251214147,0.11905896514930897,0.42707394849424646,0.1984790154330342,42661
858,/home/projects/bagon/shared/imagenet512/val/n02088466/ILSVRC2012_val_00042692.JPEG,6,107.59651803970337,0.0,101.86471888592195,0.9965890228175,0.5304862571985206,42662
859,/home/projects/bagon/shared/imagenet512/val/n04332243/ILSVRC2012_val_00040530.JPEG,182,6.6497051594778895,0.0009978797752410173,0.39878762533488943,0.9343345317746776,0.40914249308730694,42678
860,/home/projects/bagon/shared/imagenet512/val/n07930864/ILSVRC2012_val_00008181.JPEG,308,7.672999314963818,0.000998832518234849,0.18059037766781064,0.9818713625979585,0.21597840274254185,42685
861,/home/projects/bagon/shared/imagenet512/val/n04548362/ILSVRC2012_val_00034577.JPEG,429,14.874300517141819,0.0009995469590649009,0.30026071950560346,0.9942917886978673,0.3606124169451367,42689
862,/home/projects/bagon/shared/imagenet512/val/n02105251/ILSVRC2012_val_00012486.JPEG,254,10.848427683347836,0.0009969270322471857,0.3425492010337041,0.9658796996217274,0.3139478825549585,42695
863,/home/projects/bagon/shared/imagenet512/val/n03804744/ILSVRC2012_val_00019774.JPEG,-1,nan,nan,nan,nan,nan,42701
864,/home/projects/bagon/shared/imagenet512/val/n03125729/ILSVRC2012_val_00041550.JPEG,217,12.145780186867341,0.0009970461251214147,0.27154676041963527,nan,0.24490437121263642,42705
865,/home/projects/bagon/shared/imagenet512/val/n03920288/ILSVRC2012_val_00018533.JPEG,-1,nan,nan,nan,nan,nan,42707
866,/home/projects/bagon/shared/imagenet512/val/n04229816/ILSVRC2012_val_00009410.JPEG,330,6.537506271386519,0.0009994279826059937,0.2961028903957471,nan,0.36049640572573655,42723
867,/home/projects/bagon/shared/imagenet512/val/n02395406/ILSVRC2012_val_00000661.JPEG,177,52.25827092025429,0.0009975224966183305,0.44476701754803477,0.9979542812884533,0.3242406214509913,42729
868,/home/projects/bagon/shared/imagenet512/val/n02492035/ILSVRC2012_val_00040730.JPEG,76,35.55493736581411,0.0009926398051902652,0.5317661145651529,0.8767247204133275,0.4881519295003347,42730
869,/home/projects/bagon/shared/imagenet512/val/n03958227/ILSVRC2012_val_00040336.JPEG,-1,nan,nan,nan,nan,nan,42734
870,/home/projects/bagon/shared/imagenet512/val/n03124043/ILSVRC2012_val_00049053.JPEG,84,10.250231221085414,0.0009977606823667884,0.29234388148291274,nan,0.23304372655884206,42737
871,/home/projects/bagon/shared/imagenet512/val/n04026417/ILSVRC2012_val_00010949.JPEG,-1,nan,nan,nan,nan,nan,42748
872,/home/projects/bagon/shared/imagenet512/val/n03534580/ILSVRC2012_val_00012439.JPEG,170,37.76581702847034,0.0009947833605110645,0.5415314380323314,nan,0.4144304423157274,42764
873,/home/projects/bagon/shared/imagenet512/val/n04548362/ILSVRC2012_val_00045317.JPEG,4,32.46119713783264,0.0,2.3700640317242794,0.7374455147530544,0.3822759811564672,42766
874,/home/projects/bagon/shared/imagenet512/val/n04409515/ILSVRC2012_val_00017369.JPEG,4,19.728854417800903,0.0,17.428515525714477,0.8569273364149584,0.6441665539671666,42768
875,/home/projects/bagon/shared/imagenet512/val/n03902125/ILSVRC2012_val_00025783.JPEG,225,11.215363765251823,0.000998951611109078,0.2896425722144442,0.9949270262411579,0.35417901529158236,42791
876,/home/projects/bagon/shared/imagenet512/val/n01491361/ILSVRC2012_val_00035405.JPEG,-1,nan,nan,nan,nan,nan,42800
877,/home/projects/bagon/shared/imagenet512/val/n01744401/ILSVRC2012_val_00031980.JPEG,311,30.46279479423538,0.0009974034037441015,0.5188831668795595,nan,0.48328895366451785,42802
878,/home/projects/bagon/shared/imagenet512/val/n04317175/ILSVRC2012_val_00039411.JPEG,-1,nan,nan,nan,nan,nan,42805
879,/home/projects/bagon/shared/imagenet512/val/n03249569/ILSVRC2012_val_00006936.JPEG,152,9.753482550615445,0.0009940688032656908,0.31566569190608623,nan,0.20143065364231286,42839
880,/home/projects/bagon/shared/imagenet512/val/n07932039/ILSVRC2012_val_00046179.JPEG,75,11.97020525264088,0.000990734319202602,0.2140838859102279,0.9927921785331721,0.15727825546843982,42846
881,/home/projects/bagon/shared/imagenet512/val/n04204347/ILSVRC2012_val_00011855.JPEG,175,7.3095521533396095,0.0009956170106306672,0.1817803311743212,0.5687695619441393,0.15930180459518467,42857
882,/home/projects/bagon/shared/imagenet512/val/n03599486/ILSVRC2012_val_00047366.JPEG,202,6.83676650992129,0.000998951611109078,0.1755012002080888,0.9850516068779691,0.203755198135487,42870
883,/home/projects/bagon/shared/imagenet512/val/n02869837/ILSVRC2012_val_00031092.JPEG,4,92.60510778427124,0.0,204.68732515121536,0.9902301246358113,0.525610319029883,42877
884,/home/projects/bagon/shared/imagenet512/val/n04371430/ILSVRC2012_val_00028842.JPEG,65,24.391961285145953,0.0009990707039833069,1.6098464935281533,0.948386160008894,0.1786193766817203,42883
885,/home/projects/bagon/shared/imagenet512/val/n02165456/ILSVRC2012_val_00029086.JPEG,381,3.883696336299181,0.0009994279826059937,0.13654175006285424,0.5450972725210635,0.09196491799990822,42886
886,/home/projects/bagon/shared/imagenet512/val/n03794056/ILSVRC2012_val_00045500.JPEG,148,13.626127965282649,0.0009951406391337514,0.2974931251017058,0.9960350444447608,0.3510824369274157,42890
887,/home/projects/bagon/shared/imagenet512/val/n03961711/ILSVRC2012_val_00006124.JPEG,49,6.92047501145862,0.0009857324184849858,0.36222457838874245,0.9459541949341452,0.2923888651920673,42891
888,/home/projects/bagon/shared/imagenet512/val/n03781244/ILSVRC2012_val_00012783.JPEG,460,6.423782459809445,0.0009983561467379332,0.1895656400355571,0.9686570662705711,0.26166675320362875,42895
889,/home/projects/bagon/shared/imagenet512/val/n02408429/ILSVRC2012_val_00002726.JPEG,213,12.87765126884915,0.0009966888464987278,0.23780520647283124,0.8562894075197482,0.3641022528198248,42925
890,/home/projects/bagon/shared/imagenet512/val/n04286575/ILSVRC2012_val_00000345.JPEG,-1,nan,nan,nan,nan,nan,42942
891,/home/projects/bagon/shared/imagenet512/val/n03710637/ILSVRC2012_val_00006979.JPEG,455,5.348133989260532,0.0009979988681152463,0.15523737609872038,nan,0.24794361243055657,42947
892,/home/projects/bagon/shared/imagenet512/val/n02268853/ILSVRC2012_val_00035819.JPEG,198,7.287577623035759,0.0009982370538637042,0.3364010483718093,0.9213466929330092,0.24829191302560558,42960
893,/home/projects/bagon/shared/imagenet512/val/n03662601/ILSVRC2012_val_00048015.JPEG,282,16.973754176404327,0.0009970461251214147,0.2849252653078288,0.9806426215299039,0.23049886847890053,42961
894,/home/projects/bagon/shared/imagenet512/val/n04033901/ILSVRC2012_val_00009513.JPEG,108,13.150433734292164,0.0009952597320079803,0.28703968661966833,0.9969849881899742,0.31101400243788757,42967
895,/home/projects/bagon/shared/imagenet512/val/n02281787/ILSVRC2012_val_00026704.JPEG,486,17.05906843370758,0.0009982370538637042,0.37480108143810653,0.9225594240370782,0.20637027607706893,42972
896,/home/projects/bagon/shared/imagenet512/val/n09229709/ILSVRC2012_val_00041112.JPEG,45,12.132230981136672,0.0009997851448133588,0.3022428427807079,0.9973681427031109,0.1260781044788682,42990
897,/home/projects/bagon/shared/imagenet512/val/n15075141/ILSVRC2012_val_00035894.JPEG,185,10.05234014452435,0.0009958551963791251,0.302326951306596,0.9725917882887518,0.3236833378786196,43001
898,/home/projects/bagon/shared/imagenet512/val/n04542943/ILSVRC2012_val_00003817.JPEG,59,25.162322471733205,0.0009941878961399198,0.43720228288872115,0.9914854460894417,0.37949961782346253,43008
899,/home/projects/bagon/shared/imagenet512/val/n03891332/ILSVRC2012_val_00042599.JPEG,113,30.618442782899365,0.0009941878961399198,0.6469861135990937,0.9833780724525212,0.3229006602066534,43013
900,/home/projects/bagon/shared/imagenet512/val/n02895154/ILSVRC2012_val_00013983.JPEG,506,15.044991044327617,0.0009997851448133588,0.48366773063926893,0.9846963686394612,0.4074204732047788,43020
901,/home/projects/bagon/shared/imagenet512/val/n04507155/ILSVRC2012_val_00002976.JPEG,5,54.66689968109131,0.0,64.32662540564787,0.8676163515148511,0.45004086140018296,43021
902,/home/projects/bagon/shared/imagenet512/val/n02494079/ILSVRC2012_val_00007196.JPEG,251,5.64498978247866,0.0009966888464987278,0.15598076152598161,0.6677136023489416,0.15055420153729035,43031
903,/home/projects/bagon/shared/imagenet512/val/n07716358/ILSVRC2012_val_00013592.JPEG,159,5.540530654368922,0.000992997083812952,0.2817968004947336,0.8854321275147955,0.27130379671829274,43038
904,/home/projects/bagon/shared/imagenet512/val/n03891251/ILSVRC2012_val_00030253.JPEG,4,59.24152851104736,0.0,4.7923407652010415,0.9891551243512124,0.2732820378889483,43041
905,/home/projects/bagon/shared/imagenet512/val/n07831146/ILSVRC2012_val_00004837.JPEG,177,30.4095875590574,0.0009984752396121621,0.8419358733680857,0.9023822432393721,0.3307189063229682,43044
906,/home/projects/bagon/shared/imagenet512/val/n01682714/ILSVRC2012_val_00011551.JPEG,355,5.953347122762352,0.0009978797752410173,0.2092266002658873,0.8873723589758983,0.29412485645313147,43099
907,/home/projects/bagon/shared/imagenet512/val/n02730930/ILSVRC2012_val_00016687.JPEG,-1,nan,nan,nan,nan,nan,43100
908,/home/projects/bagon/shared/imagenet512/val/n03770679/ILSVRC2012_val_00048444.JPEG,205,12.028999343398027,0.0009958551963791251,0.47699497377412964,nan,0.34244155483065697,43102
909,/home/projects/bagon/shared/imagenet512/val/n04347754/ILSVRC2012_val_00024807.JPEG,-1,nan,nan,nan,nan,nan,43110
910,/home/projects/bagon/shared/imagenet512/val/n02927161/ILSVRC2012_val_00045329.JPEG,5,18.21100640296936,0.0,6.04885237956214,nan,0.40559202749565476,43116
911,/home/projects/bagon/shared/imagenet512/val/n02769748/ILSVRC2012_val_00031604.JPEG,-1,nan,nan,nan,nan,nan,43121
912,/home/projects/bagon/shared/imagenet512/val/n04008634/ILSVRC2012_val_00016696.JPEG,-1,nan,nan,nan,nan,nan,43122
913,/home/projects/bagon/shared/imagenet512/val/n02486261/ILSVRC2012_val_00001236.JPEG,251,13.867237385595217,0.0009983561467379332,0.2540627810398975,nan,0.35139032301528084,43127
914,/home/projects/bagon/shared/imagenet512/val/n04501370/ILSVRC2012_val_00020213.JPEG,256,9.89278759690933,0.0009964506607502699,0.3176295190294539,0.8262467855387874,0.35656554117952133,43140
915,/home/projects/bagon/shared/imagenet512/val/n03534580/ILSVRC2012_val_00021696.JPEG,211,17.155394250294194,0.0009978797752410173,0.26024905998512865,0.9869699874805281,0.22989565244554053,43151
916,/home/projects/bagon/shared/imagenet512/val/n03131574/ILSVRC2012_val_00043169.JPEG,321,8.278115124325268,0.0009997851448133588,0.20390394143059862,0.9684768706048785,0.26679383172029003,43160
917,/home/projects/bagon/shared/imagenet512/val/n02777292/ILSVRC2012_val_00047774.JPEG,207,2.940980646526441,0.0009977606823667884,0.13779285217739637,0.7662681033298335,0.26762703726368386,43164
918,/home/projects/bagon/shared/imagenet512/val/n01667114/ILSVRC2012_val_00022710.JPEG,246,16.530088064842857,0.0009971652179956436,0.35337111222915507,0.9809795560419936,0.3439424194962079,43173
919,/home/projects/bagon/shared/imagenet512/val/n07614500/ILSVRC2012_val_00046528.JPEG,238,3.8891281640389934,0.0009969270322471857,0.14325614976654402,0.826435446446024,0.20674109513112746,43178
920,/home/projects/bagon/shared/imagenet512/val/n02526121/ILSVRC2012_val_00033294.JPEG,57,17.641972090117633,0.0009845414897426963,0.22468965323135506,0.9975762590625477,0.2650561831682914,43180
921,/home/projects/bagon/shared/imagenet512/val/n02093428/ILSVRC2012_val_00011387.JPEG,383,32.1981158190174,0.0009991897968575358,0.3402268204992504,0.9976286769597703,0.40287689174489916,43182
922,/home/projects/bagon/shared/imagenet512/val/n03124170/ILSVRC2012_val_00047358.JPEG,134,19.47167794033885,0.0009975224966183305,0.4710721689333855,0.9948252792683716,0.2843213660645642,43191
923,/home/projects/bagon/shared/imagenet512/val/n02412080/ILSVRC2012_val_00043956.JPEG,218,7.122576778987423,0.0009984752396121621,0.2661801302246866,0.7549021700597067,0.20137003038416457,43203
924,/home/projects/bagon/shared/imagenet512/val/n03527444/ILSVRC2012_val_00035702.JPEG,298,20.365355926915072,0.0009999042376875877,0.25437652236062946,0.9977754530476477,0.46940170065404024,43208
925,/home/projects/bagon/shared/imagenet512/val/n04517823/ILSVRC2012_val_00042558.JPEG,46,15.285055026295595,0.0009991897968575358,0.423087516503614,0.9388049351137284,0.39051401986356815,43228
926,/home/projects/bagon/shared/imagenet512/val/n09399592/ILSVRC2012_val_00042143.JPEG,655,6.278212939854711,0.0009996660519391298,0.18613510204573414,0.6402998626997917,0.34599125146337695,43234
927,/home/projects/bagon/shared/imagenet512/val/n09421951/ILSVRC2012_val_00036629.JPEG,337,4.030595190124586,0.0009991897968575358,0.17558653554317147,0.7179410134854273,0.3371527361424006,43250
928,/home/projects/bagon/shared/imagenet512/val/n01748264/ILSVRC2012_val_00013245.JPEG,138,8.106354443123564,0.0009974034037441015,0.300860368565655,0.8800097109576484,0.23579214648552246,43260
929,/home/projects/bagon/shared/imagenet512/val/n02799071/ILSVRC2012_val_00025233.JPEG,203,16.388064926373772,0.0009958551963791251,0.26694045931064975,0.9957161972987638,0.23274232846603943,43261
930,/home/projects/bagon/shared/imagenet512/val/n07873807/ILSVRC2012_val_00047660.JPEG,271,10.677226025029086,0.0009999042376875877,0.26665485122088245,0.941013299399609,0.2896021247213229,43279
931,/home/projects/bagon/shared/imagenet512/val/n02110185/ILSVRC2012_val_00022851.JPEG,897,9.664073996129446,0.0009996660519391298,0.210208322340162,0.6225830958458877,0.21507002738311146,43292
932,/home/projects/bagon/shared/imagenet512/val/n03207941/ILSVRC2012_val_00005008.JPEG,169,5.047578246099874,0.0009976415894925594,0.23713498173304634,0.9729712633848638,0.3404225530182483,43294
933,/home/projects/bagon/shared/imagenet512/val/n04370456/ILSVRC2012_val_00016068.JPEG,116,24.94883165450301,0.0009919252479448915,0.41535850973228355,0.9956870501710602,0.3360915616150749,43297
934,/home/projects/bagon/shared/imagenet512/val/n02916936/ILSVRC2012_val_00023905.JPEG,47,19.06783472711686,0.0009952597320079803,0.5805484088534447,0.6588851082089459,0.30272262539553685,43302
935,/home/projects/bagon/shared/imagenet512/val/n03724870/ILSVRC2012_val_00012539.JPEG,167,14.802214122959413,0.0009945451747626066,0.36318433557550717,0.9986261162217909,0.33571216946119375,43308
936,/home/projects/bagon/shared/imagenet512/val/n02172182/ILSVRC2012_val_00020824.JPEG,161,5.555327475303784,0.000996093382127583,0.1790911359579132,0.9621403074113068,0.20827033838435788,43320
937,/home/projects/bagon/shared/imagenet512/val/n02795169/ILSVRC2012_val_00046794.JPEG,124,20.28934843384195,0.000993830617517233,1.4742208345200216,0.956840898033305,0.3962263578101352,43322
938,/home/projects/bagon/shared/imagenet512/val/n03347037/ILSVRC2012_val_00000743.JPEG,88,12.657791687641293,0.0009972843108698726,0.37290521600555804,0.9977599032344862,0.17543172732772,43326
939,/home/projects/bagon/shared/imagenet512/val/n04235860/ILSVRC2012_val_00017154.JPEG,80,21.23999850009568,0.0009975224966183305,0.4436365753702416,0.9958712584932075,0.2882091759321668,43328
940,/home/projects/bagon/shared/imagenet512/val/n01697457/ILSVRC2012_val_00007934.JPEG,192,24.751162101398222,0.000996331567876041,0.43636305277066484,0.9706356764745856,0.2806580715614815,43338
941,/home/projects/bagon/shared/imagenet512/val/n02364673/ILSVRC2012_val_00000565.JPEG,43,22.71401012397837,0.000990496133454144,0.2659617778867952,0.9987405388610213,0.22593266717759453,43346
942,/home/projects/bagon/shared/imagenet512/val/n02835271/ILSVRC2012_val_00049382.JPEG,143,24.95749724493362,0.0009916870621964335,0.3107549993629904,0.9528281294700898,0.22339180678575757,43350
943,/home/projects/bagon/shared/imagenet512/val/n04579145/ILSVRC2012_val_00005933.JPEG,445,6.002869593328796,0.0009990707039833069,0.23185388119060982,0.863752372731758,0.4158099636654987,43359
944,/home/projects/bagon/shared/imagenet512/val/n03942813/ILSVRC2012_val_00018814.JPEG,98,15.977294914075173,0.0009978797752410173,0.31840367923326346,0.998552028374224,0.32222221545465257,43364
945,/home/projects/bagon/shared/imagenet512/val/n03961711/ILSVRC2012_val_00028126.JPEG,53,5.256804589764215,0.000992877990938723,0.2928850598332434,0.5305709136148568,0.29495569544567923,43396
946,/home/projects/bagon/shared/imagenet512/val/n03692522/ILSVRC2012_val_00040460.JPEG,-1,nan,nan,nan,nan,nan,43407
947,/home/projects/bagon/shared/imagenet512/val/n02869837/ILSVRC2012_val_00049514.JPEG,130,10.667605633614585,0.0009953788248822093,0.24173147141948306,nan,0.2112973182402107,43417
948,/home/projects/bagon/shared/imagenet512/val/n04532106/ILSVRC2012_val_00019133.JPEG,102,13.415006987284869,0.000992997083812952,0.3341128769963197,0.991383389542061,0.21313155152728924,43421
949,/home/projects/bagon/shared/imagenet512/val/n03481172/ILSVRC2012_val_00006198.JPEG,431,25.42933813878335,0.0009994279826059937,0.3129969543020636,0.9976101804532407,0.302895065837638,43436
950,/home/projects/bagon/shared/imagenet512/val/n03000134/ILSVRC2012_val_00026866.JPEG,-1,nan,nan,nan,nan,nan,43437
951,/home/projects/bagon/shared/imagenet512/val/n02095889/ILSVRC2012_val_00022642.JPEG,421,12.331905534607358,0.0009995469590649009,0.35046091887471836,nan,0.40352186150635916,43441
952,/home/projects/bagon/shared/imagenet512/val/n04380533/ILSVRC2012_val_00033933.JPEG,359,4.493398835766129,0.0009982370538637042,0.13655815654988102,0.6285377849202683,0.12985337103049266,43442
953,/home/projects/bagon/shared/imagenet512/val/n09428293/ILSVRC2012_val_00001327.JPEG,420,7.134582390775904,0.0009990707039833069,0.22131366107682063,0.9729231958292079,0.32899173156683925,43447
954,/home/projects/bagon/shared/imagenet512/val/n07615774/ILSVRC2012_val_00008864.JPEG,127,12.534084110171534,0.0009982370538637042,0.2913796667342707,0.9799380070333839,0.26824818282062457,43455
955,/home/projects/bagon/shared/imagenet512/val/n02834397/ILSVRC2012_val_00002482.JPEG,229,14.186149397981353,0.0009996660519391298,0.37688532725039514,0.9890740333953747,0.4338791673443324,43487
956,/home/projects/bagon/shared/imagenet512/val/n07684084/ILSVRC2012_val_00040328.JPEG,203,15.834511080407538,0.0009970461251214147,0.34997197785450895,0.9485800856992221,0.4138903467042534,43494
957,/home/projects/bagon/shared/imagenet512/val/n04067472/ILSVRC2012_val_00003992.JPEG,52,5.831044690683484,0.0009981179609894753,0.24408459380339742,0.977487477960265,0.13466738286587038,43495
958,/home/projects/bagon/shared/imagenet512/val/n04265275/ILSVRC2012_val_00028294.JPEG,64,5.807484165416099,0.0009952597320079803,0.21059301949861098,0.9853484086205374,0.1969066244468385,43496
959,/home/projects/bagon/shared/imagenet512/val/n02109525/ILSVRC2012_val_00042860.JPEG,57,49.08976147812791,0.00097977789118886,4.027622355870021,0.6369228929975308,0.4147933293187707,43521
960,/home/projects/bagon/shared/imagenet512/val/n02123159/ILSVRC2012_val_00022822.JPEG,475,4.8977339733392,0.0009993088897317648,0.15171127101732992,0.8294782585863385,0.25664588110364195,43534
961,/home/projects/bagon/shared/imagenet512/val/n02776631/ILSVRC2012_val_00026847.JPEG,6,29.51681685447693,0.0,8.398147148375834,0.9946168250563763,0.41594855188365243,43541
962,/home/projects/bagon/shared/imagenet512/val/n07590611/ILSVRC2012_val_00046256.JPEG,164,21.552481718943454,0.0009953788248822093,0.46626196636066297,0.9620367213615364,0.36884859821836125,43544
963,/home/projects/bagon/shared/imagenet512/val/n04507155/ILSVRC2012_val_00006260.JPEG,80,2.2517524734139442,0.000987876090221107,0.17375397438745696,0.834270775113279,0.22515864350819034,43552
964,/home/projects/bagon/shared/imagenet512/val/n02105412/ILSVRC2012_val_00006002.JPEG,179,20.86719908460509,0.000995974289253354,0.4557780434185738,0.9297290527409443,0.5372429017847483,43570
965,/home/projects/bagon/shared/imagenet512/val/n02487347/ILSVRC2012_val_00010340.JPEG,134,19.362554227001965,0.0009997851448133588,0.30456425634323364,0.9884450170981132,0.2393872233959212,43571
966,/home/projects/bagon/shared/imagenet512/val/n02799071/ILSVRC2012_val_00038120.JPEG,253,3.1820646262494847,0.0009968079393729568,0.11849170407342385,0.8615862858001861,0.12634455531779964,43572
967,/home/projects/bagon/shared/imagenet512/val/n03661043/ILSVRC2012_val_00044809.JPEG,42,19.794187897758093,0.0009731086320243776,0.4201005534157837,0.981140483363232,0.13040323848378066,43576
968,/home/projects/bagon/shared/imagenet512/val/n02939185/ILSVRC2012_val_00049223.JPEG,89,39.42479757138062,0.0009868042543530464,0.35903397808647247,0.9921656288818751,0.2844588014875602,43578
969,/home/projects/bagon/shared/imagenet512/val/n03782006/ILSVRC2012_val_00044208.JPEG,254,10.3507918989053,0.0009991897968575358,0.24454654689438998,0.8696102634912835,0.24798714019499563,43579
970,/home/projects/bagon/shared/imagenet512/val/n04152593/ILSVRC2012_val_00019442.JPEG,963,14.606534659396857,0.0009995469590649009,0.2669194843729065,0.9667705924323352,0.29554028004411115,43586
971,/home/projects/bagon/shared/imagenet512/val/n02909870/ILSVRC2012_val_00031208.JPEG,199,6.452372710220516,0.0009966888464987278,0.25638679684412363,0.9932752132637657,0.27752965077488195,43590
972,/home/projects/bagon/shared/imagenet512/val/n04435653/ILSVRC2012_val_00000914.JPEG,138,5.176922912360169,0.0009925207123160362,0.17919288382929383,0.9624211924708493,0.15794122972788108,43597
973,/home/projects/bagon/shared/imagenet512/val/n04392985/ILSVRC2012_val_00040920.JPEG,4,14.85060441493988,0.0,97.66721787051547,0.8427407101290848,0.494293092718995,43598
974,/home/projects/bagon/shared/imagenet512/val/n01693334/ILSVRC2012_val_00025378.JPEG,144,5.385177418938838,0.0009966888464987278,0.14292504066395212,0.6423601600293406,0.14493918012739582,43604
975,/home/projects/bagon/shared/imagenet512/val/n04235860/ILSVRC2012_val_00006729.JPEG,114,22.27034923469182,0.000990496133454144,0.3939060444767168,0.8866360515090647,0.3415638581855606,43607
976,/home/projects/bagon/shared/imagenet512/val/n02823428/ILSVRC2012_val_00044787.JPEG,151,5.379176273825578,0.0009951406391337514,0.13302717365518635,0.9772459600689972,0.07200313176876866,43609
977,/home/projects/bagon/shared/imagenet512/val/n03063689/ILSVRC2012_val_00045069.JPEG,29,25.676960356649943,0.0009975224966183305,0.7321075995308475,0.8294938738310943,0.5697208507829494,43635
978,/home/projects/bagon/shared/imagenet512/val/n03259280/ILSVRC2012_val_00043855.JPEG,313,14.24022587633226,0.0009984752396121621,0.2650812262340649,0.9726460490052841,0.34999617751621387,43656
979,/home/projects/bagon/shared/imagenet512/val/n04317175/ILSVRC2012_val_00003333.JPEG,196,4.729611896444112,0.0009991897968575358,0.20219296726729033,0.7355494537024229,0.22378933110837465,43670
980,/home/projects/bagon/shared/imagenet512/val/n03724870/ILSVRC2012_val_00040112.JPEG,151,2.1435306816129014,0.000993592431768775,0.12474369333431735,0.7800324389011949,0.14639278318506313,43702
981,/home/projects/bagon/shared/imagenet512/val/n04336792/ILSVRC2012_val_00037415.JPEG,68,17.822577115381137,0.0009953788248822093,0.3212723521588083,0.997078705474176,0.21661680409819892,43704
982,/home/projects/bagon/shared/imagenet512/val/n03535780/ILSVRC2012_val_00006650.JPEG,312,11.822947358712554,0.000998951611109078,0.38336498926735685,0.8461101095339265,0.35939790974247654,43710
983,/home/projects/bagon/shared/imagenet512/val/n03376595/ILSVRC2012_val_00043453.JPEG,181,12.958556814584881,0.0009966888464987278,0.2603502116495946,0.9949578160595656,0.26034073718030837,43720
984,/home/projects/bagon/shared/imagenet512/val/n02089973/ILSVRC2012_val_00038676.JPEG,331,5.073721119086258,0.0009977606823667884,0.19835984120555547,0.8089658472321886,0.3191702190972106,43738
985,/home/projects/bagon/shared/imagenet512/val/n03599486/ILSVRC2012_val_00004290.JPEG,241,29.85488989087753,0.0009954979177564383,0.37274547229642296,0.997267420937621,0.26372950463760314,43750
986,/home/projects/bagon/shared/imagenet512/val/n03201208/ILSVRC2012_val_00034560.JPEG,5,18.27461675554514,0.0,4.825509418311298,0.8809837973390102,0.24339879664867992,43754
987,/home/projects/bagon/shared/imagenet512/val/n03874599/ILSVRC2012_val_00045334.JPEG,273,10.679687707917765,0.000998951611109078,0.2545850533511971,0.9883296218680181,0.38242413635100964,43767
988,/home/projects/bagon/shared/imagenet512/val/n03124170/ILSVRC2012_val_00035920.JPEG,204,12.122401292435825,0.0009947833605110645,0.3231477987037923,0.8773499363871238,0.22190394648684492,43768
989,/home/projects/bagon/shared/imagenet512/val/n09399592/ILSVRC2012_val_00038599.JPEG,-1,nan,nan,nan,nan,nan,43776
990,/home/projects/bagon/shared/imagenet512/val/n03776460/ILSVRC2012_val_00024703.JPEG,-1,nan,nan,nan,nan,nan,43807
991,/home/projects/bagon/shared/imagenet512/val/n03255030/ILSVRC2012_val_00013123.JPEG,10,11.487301821704023,0.0009401192655786872,0.31839959924952543,nan,0.1547405929016306,43809
992,/home/projects/bagon/shared/imagenet512/val/n01847000/ILSVRC2012_val_00032503.JPEG,133,14.819333339226432,0.0009979988681152463,0.2664510645754952,0.9822167267447007,0.277495639888125,43811
993,/home/projects/bagon/shared/imagenet512/val/n02111277/ILSVRC2012_val_00016001.JPEG,215,30.885899115004577,0.000998832518234849,0.31642857677970104,0.6981187032909043,0.3574593841125658,43812
994,/home/projects/bagon/shared/imagenet512/val/n02504458/ILSVRC2012_val_00047540.JPEG,386,43.77225096442271,0.0009975224966183305,0.266659039349649,0.7342930761948802,0.31175065408975744,43813
995,/home/projects/bagon/shared/imagenet512/val/n01744401/ILSVRC2012_val_00044112.JPEG,262,41.21365540777333,0.0009966888464987278,0.7974353525217219,0.9720292247140137,0.44591915297450535,43817
996,/home/projects/bagon/shared/imagenet512/val/n03657121/ILSVRC2012_val_00043055.JPEG,157,18.46420054580085,0.0009953788248822093,0.3263498046655212,0.9977808060240777,0.353880275410845,43830
997,/home/projects/bagon/shared/imagenet512/val/n03866082/ILSVRC2012_val_00024930.JPEG,321,30.170866607688367,0.0009978797752410173,0.3936545473276188,0.9318795688632894,0.34181910809548377,43832
998,/home/projects/bagon/shared/imagenet512/val/n02279972/ILSVRC2012_val_00046963.JPEG,113,22.867780559579842,0.000998594332486391,0.18992468108139748,0.9983352582031784,0.13785693731342485,43834
999,/home/projects/bagon/shared/imagenet512/val/n09193705/ILSVRC2012_val_00034257.JPEG,292,13.615132376900874,0.0009977606823667884,0.3056534661417395,0.7871207508193787,0.44964881532913403,43837
1000,/home/projects/bagon/shared/imagenet512/val/n04069434/ILSVRC2012_val_00045725.JPEG,267,6.392202784656547,0.000998594332486391,0.2774089950686506,0.9250686581315084,0.24838917204831995,43843
1001,/home/projects/bagon/shared/imagenet512/val/n02488702/ILSVRC2012_val_00015257.JPEG,261,28.849300859263167,0.0009974034037441015,0.5902148809367624,0.9573747931200673,0.43261116717021086,43844
1002,/home/projects/bagon/shared/imagenet512/val/n04523525/ILSVRC2012_val_00009995.JPEG,6,33.500396728515625,0.0,175.73342948943804,0.9664802672716786,0.5691393757131651,43865
1003,/home/projects/bagon/shared/imagenet512/val/n02692877/ILSVRC2012_val_00015935.JPEG,240,1.656814525835216,0.0009954979177564383,0.08384842205056178,0.24339940642313915,0.1583252394312215,43870
1004,/home/projects/bagon/shared/imagenet512/val/n02808304/ILSVRC2012_val_00012656.JPEG,134,9.768560522934422,0.00099871342536062,0.25310192807311077,0.9834209939009878,0.3546594872125934,43871
1005,/home/projects/bagon/shared/imagenet512/val/n04579432/ILSVRC2012_val_00035496.JPEG,42,11.684881891356781,0.0009983561467379332,0.34695005816015534,0.7671625117445744,0.3048276265494474,43873
1006,/home/projects/bagon/shared/imagenet512/val/n01687978/ILSVRC2012_val_00035717.JPEG,198,26.435163339949213,0.000996331567876041,0.26666608345599035,0.9525994012547171,0.2607593473427755,43878
1007,/home/projects/bagon/shared/imagenet512/val/n04270147/ILSVRC2012_val_00032673.JPEG,149,14.154135898686945,0.0009997851448133588,0.2214896441537275,0.9978326851102788,0.2501644776024091,43895
1008,/home/projects/bagon/shared/imagenet512/val/n02412080/ILSVRC2012_val_00043984.JPEG,470,10.787209772621281,0.0009994279826059937,0.303795955526557,0.8822348928473185,0.33514412281557626,43899
1009,/home/projects/bagon/shared/imagenet512/val/n02979186/ILSVRC2012_val_00017463.JPEG,332,4.63809056521859,0.0009982370538637042,0.13713361722370607,0.7794188793667776,0.17903018488892625,43909
1010,/home/projects/bagon/shared/imagenet512/val/n01580077/ILSVRC2012_val_00004317.JPEG,459,19.387742857914418,0.0009975224966183305,0.4004869426563642,0.9806275575394454,0.3966970382636255,43920
1011,/home/projects/bagon/shared/imagenet512/val/n03075370/ILSVRC2012_val_00020729.JPEG,170,10.756890740478411,0.0009941878961399198,0.26847134650935955,0.9310307753293996,0.34867352572483634,43923
1012,/home/projects/bagon/shared/imagenet512/val/n04548280/ILSVRC2012_val_00014635.JPEG,154,6.407170084654354,0.000996212475001812,0.1579365386701076,0.983462731950946,0.24612637656651876,43926
1013,/home/projects/bagon/shared/imagenet512/val/n03535780/ILSVRC2012_val_00038838.JPEG,210,9.411590218893252,0.000995974289253354,0.2115740390140197,0.7597680820520708,0.2746397444731079,43935
1014,/home/projects/bagon/shared/imagenet512/val/n02823750/ILSVRC2012_val_00027329.JPEG,247,3.7028496341081336,0.0009984752396121621,0.1773069607308639,0.8634623142497834,0.29104978777806567,43951
1015,/home/projects/bagon/shared/imagenet512/val/n04141975/ILSVRC2012_val_00036057.JPEG,4,12.328354639350437,0.0009939497103914618,0.34726323700927253,0.9954488842837876,0.19348029375519393,43956
1016,/home/projects/bagon/shared/imagenet512/val/n09256479/ILSVRC2012_val_00011484.JPEG,341,5.876178531209007,0.0009977606823667884,0.21972812446074125,0.9321272506343079,0.21481180885361814,43960
1017,/home/projects/bagon/shared/imagenet512/val/n02490219/ILSVRC2012_val_00045164.JPEG,4,33.482624530792236,0.0,15.40976525947498,0.9609696839420024,0.573543466015625,43965
1018,/home/projects/bagon/shared/imagenet512/val/n03961711/ILSVRC2012_val_00027388.JPEG,83,4.034039278398268,0.000992877990938723,0.3342581162108219,0.9666960790876387,0.3039336571895104,43969
1019,/home/projects/bagon/shared/imagenet512/val/n07693725/ILSVRC2012_val_00009341.JPEG,130,13.226730766939,0.0009970461251214147,0.33219612354432926,0.9897077903821963,0.4277153984330063,43978
1020,/home/projects/bagon/shared/imagenet512/val/n10148035/ILSVRC2012_val_00031852.JPEG,7,64.69452929496765,0.0,5.629788168167897,0.9753756725757843,0.5165432023080063,44010
1021,/home/projects/bagon/shared/imagenet512/val/n02104029/ILSVRC2012_val_00020132.JPEG,363,29.677474713418633,0.0009999042376875877,0.5232612495830136,0.9931058818394146,0.5140400217357409,44016
1022,/home/projects/bagon/shared/imagenet512/val/n04483307/ILSVRC2012_val_00014691.JPEG,287,5.216615482699126,0.0009997851448133588,0.17199973362896992,0.8739540872222153,0.19952878088545328,44017
1023,/home/projects/bagon/shared/imagenet512/val/n03124170/ILSVRC2012_val_00040779.JPEG,256,2.5135929051321,0.0009978797752410173,0.20871860181607432,0.3827598426124729,0.2724653796923757,44018
1024,/home/projects/bagon/shared/imagenet512/val/n03763968/ILSVRC2012_val_00020898.JPEG,5,28.022136688232422,0.0,9.02864746215737,0.9974776283630478,0.3695211865608495,44022
1025,/home/projects/bagon/shared/imagenet512/val/n02669723/ILSVRC2012_val_00016186.JPEG,548,4.956596845993772,0.0009978797752410173,0.15235121043751454,0.7160889451016026,0.28050547040637985,44024
1026,/home/projects/bagon/shared/imagenet512/val/n03710721/ILSVRC2012_val_00020057.JPEG,427,10.322788911522366,0.0009984752396121621,0.32924888742434666,0.9546491487198268,0.41397897527311744,44025
1027,/home/projects/bagon/shared/imagenet512/val/n10565667/ILSVRC2012_val_00022622.JPEG,282,16.450104726711288,0.0009995469590649009,0.39782144226138405,0.9954870043767328,0.325015572653581,44030
1028,/home/projects/bagon/shared/imagenet512/val/n02483362/ILSVRC2012_val_00048939.JPEG,119,30.82612324669026,0.0009995469590649009,0.42061874645423625,0.9364368069081823,0.37267691956748167,44043
1029,/home/projects/bagon/shared/imagenet512/val/n03485407/ILSVRC2012_val_00040501.JPEG,241,3.9932856844970956,0.0009972843108698726,0.16757357036083018,0.9197763896850972,0.2616788858706627,44061
1030,/home/projects/bagon/shared/imagenet512/val/n03595614/ILSVRC2012_val_00000282.JPEG,4,48.697481751441956,0.0,126.50004509919208,0.6702687029415341,0.5466108370851257,44070
1031,/home/projects/bagon/shared/imagenet512/val/n01914609/ILSVRC2012_val_00022969.JPEG,214,1.6042532462161034,0.0009974034037441015,0.08991948059587208,0.29284042356723905,0.17175263304681299,44082
1032,/home/projects/bagon/shared/imagenet512/val/n02109525/ILSVRC2012_val_00045060.JPEG,278,34.400433960487135,0.000998594332486391,0.3571655183275492,0.9851072497808608,0.33075008212668355,44088
1033,/home/projects/bagon/shared/imagenet512/val/n03476684/ILSVRC2012_val_00008548.JPEG,32,17.423787558451295,0.0009953788248822093,0.3919512638947948,0.9959364847744422,0.26073202515409627,44094
1034,/home/projects/bagon/shared/imagenet512/val/n03908714/ILSVRC2012_val_00046578.JPEG,38,15.267885477398522,0.0009895433904603124,0.22391588020342224,0.9986216491314934,0.15341847312233736,44107
1035,/home/projects/bagon/shared/imagenet512/val/n04579432/ILSVRC2012_val_00031012.JPEG,141,8.583673613145947,0.0009954979177564383,0.24154717957920135,0.9876294851945154,0.26679298242116983,44109
1036,/home/projects/bagon/shared/imagenet512/val/n04133789/ILSVRC2012_val_00019572.JPEG,254,21.43307455384638,0.0009968079393729568,0.3061751036970726,0.9945438213121748,0.13140005698422205,44117
1037,/home/projects/bagon/shared/imagenet512/val/n09428293/ILSVRC2012_val_00009411.JPEG,195,19.60812888108194,0.0009983561467379332,0.307312787873893,0.9435880384345023,0.3536619946009614,44118
1038,/home/projects/bagon/shared/imagenet512/val/n01498041/ILSVRC2012_val_00002284.JPEG,243,3.7547513304743916,0.0009974034037441015,0.14277697848403612,0.8953966486839772,0.14704669040611337,44123
1039,/home/projects/bagon/shared/imagenet512/val/n04264628/ILSVRC2012_val_00026369.JPEG,7,49.64944350719452,0.0,11.19076174180815,0.8734868307084556,0.41429728258931897,44126
1040,/home/projects/bagon/shared/imagenet512/val/n02114712/ILSVRC2012_val_00017643.JPEG,661,8.02069212961942,0.0009994279826059937,0.22163045509031415,0.8932569533584109,0.22069641666491796,44129
1041,/home/projects/bagon/shared/imagenet512/val/n03661043/ILSVRC2012_val_00028549.JPEG,80,6.491736386553384,0.0009883524617180228,0.1430366515961792,0.9953022545971864,0.024681274076941984,44145
1042,/home/projects/bagon/shared/imagenet512/val/n04357314/ILSVRC2012_val_00023722.JPEG,260,8.582684972323477,0.0009970461251214147,0.1904831504986994,0.9867262038531464,0.20594772091627164,44159
1043,/home/projects/bagon/shared/imagenet512/val/n03877845/ILSVRC2012_val_00003937.JPEG,321,3.295872737537138,0.0009990707039833069,0.14736815285585295,0.585730659291975,0.32327288132202253,44167
1044,/home/projects/bagon/shared/imagenet512/val/n03709823/ILSVRC2012_val_00005195.JPEG,308,4.291987969190814,0.0009974034037441015,0.16055297544024763,0.7389511294302987,0.20957855598563827,44172
1045,/home/projects/bagon/shared/imagenet512/val/n03530642/ILSVRC2012_val_00042804.JPEG,47,15.053919484373182,0.0009999042376875877,0.27185502140271434,0.9400881328141583,0.1610871566021783,44175
1046,/home/projects/bagon/shared/imagenet512/val/n02264363/ILSVRC2012_val_00011783.JPEG,5,29.200100898742676,0.0,1.1553854840006843,0.9655032083903479,0.36243926866121046,44176
1047,/home/projects/bagon/shared/imagenet512/val/n04330267/ILSVRC2012_val_00049277.JPEG,4,66.38218784332275,0.0,5.235311570169443,0.9928165164136444,0.5245284974566613,44181
1048,/home/projects/bagon/shared/imagenet512/val/n02974003/ILSVRC2012_val_00009686.JPEG,158,3.8802452739328146,0.000993711524643004,0.16116804122586414,0.9442206377664729,0.17913853709114655,44195
1049,/home/projects/bagon/shared/imagenet512/val/n02268443/ILSVRC2012_val_00000418.JPEG,267,3.7556593240005895,0.0009984752396121621,0.2382798740882005,0.41570919590374555,0.274681207748079,44203
1050,/home/projects/bagon/shared/imagenet512/val/n02786058/ILSVRC2012_val_00036161.JPEG,-1,nan,nan,nan,nan,nan,44211
1051,/home/projects/bagon/shared/imagenet512/val/n02093991/ILSVRC2012_val_00005867.JPEG,278,12.612553520943038,0.0009972843108698726,0.2657507714263786,nan,0.2980717325439287,44214
1052,/home/projects/bagon/shared/imagenet512/val/n03297495/ILSVRC2012_val_00001545.JPEG,424,4.827664780663326,0.0009999042376875877,0.14455527095355533,0.730863485903158,0.19575800406035734,44228
1053,/home/projects/bagon/shared/imagenet512/val/n02730930/ILSVRC2012_val_00031520.JPEG,4,119.37336826324463,0.0,79.7510840238909,0.9942438741775498,0.47572800256299513,44230
1054,/home/projects/bagon/shared/imagenet512/val/n04370456/ILSVRC2012_val_00031379.JPEG,96,10.858446838683449,0.000990377040579915,0.24904585473129368,0.9621715461811887,0.24157224414996858,44239
1055,/home/projects/bagon/shared/imagenet512/val/n12144580/ILSVRC2012_val_00008231.JPEG,373,6.8004476932110265,0.0009983561467379332,0.2829556073767993,0.9518460992729123,0.2819196666275085,44242
1056,/home/projects/bagon/shared/imagenet512/val/n02089867/ILSVRC2012_val_00030025.JPEG,256,5.750417542411014,0.0009979988681152463,0.18028564186589718,0.7358305920442094,0.25141608383369185,44256
1057,/home/projects/bagon/shared/imagenet512/val/n03970156/ILSVRC2012_val_00032246.JPEG,88,6.2870069014607,0.000988114275969565,0.18534204275909624,0.9582073981228305,0.29683909099411043,44277
1058,/home/projects/bagon/shared/imagenet512/val/n02027492/ILSVRC2012_val_00022207.JPEG,475,10.725835711695254,0.0009983561467379332,0.24643054961355781,0.5621472796741691,0.29727915883472406,44281
1059,/home/projects/bagon/shared/imagenet512/val/n01688243/ILSVRC2012_val_00017338.JPEG,274,14.389908492215909,0.0009979988681152463,0.2653944954391166,0.9931813900346713,0.25576280154520736,44322
1060,/home/projects/bagon/shared/imagenet512/val/n02504013/ILSVRC2012_val_00034035.JPEG,353,4.173837942769751,0.0009978797752410173,0.15547163346439405,0.8070031487565545,0.19526233609690802,44332
1061,/home/projects/bagon/shared/imagenet512/val/n02442845/ILSVRC2012_val_00049780.JPEG,230,25.231349016889,0.0009984752396121621,0.256746590989453,0.9975745393754673,0.2661051099184523,44338
1062,/home/projects/bagon/shared/imagenet512/val/n03720891/ILSVRC2012_val_00009143.JPEG,3,5.80425021389965,0.000539634027518332,0.39524254853595353,0.9897266766943325,0.14298606695901783,44343
1063,/home/projects/bagon/shared/imagenet512/val/n01744401/ILSVRC2012_val_00004499.JPEG,398,22.879138452815823,0.000998951611109078,0.2617106613701501,0.9919518771282338,0.3319154638244429,44358
1064,/home/projects/bagon/shared/imagenet512/val/n02113712/ILSVRC2012_val_00002460.JPEG,609,5.130061453208327,0.0009994279826059937,0.1549752258298887,0.6087189988931868,0.2378050197281726,44364
1065,/home/projects/bagon/shared/imagenet512/val/n04081281/ILSVRC2012_val_00043267.JPEG,201,8.057757235714234,0.0009966888464987278,0.2509098802078951,0.9363142786508015,0.23425073382600706,44377
1066,/home/projects/bagon/shared/imagenet512/val/n04409515/ILSVRC2012_val_00029009.JPEG,258,4.530980180366896,0.0009994279826059937,0.19551558012407355,0.298046070335822,0.40003800891839847,44379
1067,/home/projects/bagon/shared/imagenet512/val/n03372029/ILSVRC2012_val_00029188.JPEG,240,10.866585596115328,0.0009970461251214147,0.2312208760483511,0.9862047872019029,0.2991171885606927,44383
1068,/home/projects/bagon/shared/imagenet512/val/n04552348/ILSVRC2012_val_00031559.JPEG,120,25.47207041969523,0.0009913297835737467,1.2882945985078196,0.8618850627136574,0.4360410240462905,44385
1069,/home/projects/bagon/shared/imagenet512/val/n02077923/ILSVRC2012_val_00041773.JPEG,178,19.527990111499093,0.0009970461251214147,0.3469136485633446,0.9918601503183553,0.2655886925443657,44400
1070,/home/projects/bagon/shared/imagenet512/val/n04447861/ILSVRC2012_val_00029071.JPEG,5,18.10445630549657,3.814689989667386e-06,0.7695065035344639,0.9888694061371994,0.5660745120577069,44404
1071,/home/projects/bagon/shared/imagenet512/val/n03197337/ILSVRC2012_val_00010958.JPEG,4,894.5004682540894,0.0,52.70873034108961,0.9847805739343145,0.4897946490141689,44405
1072,/home/projects/bagon/shared/imagenet512/val/n04355933/ILSVRC2012_val_00021396.JPEG,547,15.132507814792916,0.000998951611109078,0.2999315609994893,0.9681285092790735,0.3247010213047361,44413
1073,/home/projects/bagon/shared/imagenet512/val/n03691459/ILSVRC2012_val_00049479.JPEG,198,2.168975321459584,0.0009978797752410173,0.11128905555598051,0.596951936723709,0.25357131830842994,44425
1074,/home/projects/bagon/shared/imagenet512/val/n04039381/ILSVRC2012_val_00037315.JPEG,126,11.832595653948374,0.000993116176687181,0.24829976205429197,0.9896557528874621,0.14236347245757117,44426
1075,/home/projects/bagon/shared/imagenet512/val/n01728572/ILSVRC2012_val_00033391.JPEG,265,8.001435372396372,0.000998951611109078,0.29839680067460783,0.8802014318431413,0.4485120801432652,44442
1076,/home/projects/bagon/shared/imagenet512/val/n02114367/ILSVRC2012_val_00014734.JPEG,345,9.255881510558538,0.0009996660519391298,0.23647184610652677,0.7332647825496692,0.33350603413593544,44448
1077,/home/projects/bagon/shared/imagenet512/val/n02974003/ILSVRC2012_val_00000085.JPEG,-1,nan,nan,nan,nan,nan,44454
1078,/home/projects/bagon/shared/imagenet512/val/n07693725/ILSVRC2012_val_00043931.JPEG,161,9.65752199513372,0.000998951611109078,0.2078510247910508,nan,0.2515567416935917,44462
1079,/home/projects/bagon/shared/imagenet512/val/n09332890/ILSVRC2012_val_00011436.JPEG,131,4.5844125060830265,0.0009957361035048962,0.15188041689019754,0.9606538290015048,0.2670991759738241,44463
1080,/home/projects/bagon/shared/imagenet512/val/n01990800/ILSVRC2012_val_00015874.JPEG,42,17.887234586523846,0.0009953788248822093,0.3281878417229897,0.9768029854967037,0.16408341089498302,44476
1081,/home/projects/bagon/shared/imagenet512/val/n02978881/ILSVRC2012_val_00027004.JPEG,97,7.05420944688376,0.0009996660519391298,0.31333298668877313,0.8282577033035442,0.21397622502986724,44483
1082,/home/projects/bagon/shared/imagenet512/val/n03692522/ILSVRC2012_val_00046725.JPEG,155,13.740783160435967,0.0009940688032656908,0.22574611144328482,0.9983384141083697,0.2619557610573555,44494
1083,/home/projects/bagon/shared/imagenet512/val/n02948072/ILSVRC2012_val_00027494.JPEG,106,9.456091221305542,0.000996093382127583,0.2409513332394809,0.9972713599698111,0.19766596150388316,44495
1084,/home/projects/bagon/shared/imagenet512/val/n02085782/ILSVRC2012_val_00010516.JPEG,-1,nan,nan,nan,nan,nan,44505
1085,/home/projects/bagon/shared/imagenet512/val/n13133613/ILSVRC2012_val_00043235.JPEG,653,9.887903618393466,0.0009995469590649009,0.24148766062190186,nan,0.31650162240274204,44506
1086,/home/projects/bagon/shared/imagenet512/val/n04081281/ILSVRC2012_val_00028580.JPEG,197,20.187370983767323,0.00099871342536062,0.4647755657850996,0.7793162959197799,0.20301765234174055,44521
1087,/home/projects/bagon/shared/imagenet512/val/n01860187/ILSVRC2012_val_00045505.JPEG,287,13.486128503805958,0.0009995469590649009,0.23044776102383366,0.9898264270721412,0.2057715656746239,44538
1088,/home/projects/bagon/shared/imagenet512/val/n07718472/ILSVRC2012_val_00017427.JPEG,4,29.873502254486084,0.0,4.603681819082923,0.9686172391996768,0.5454119332945097,44556
1089,/home/projects/bagon/shared/imagenet512/val/n04591157/ILSVRC2012_val_00000285.JPEG,122,8.601682050386444,0.0009944260818883777,0.42735530723135595,0.927626260739649,0.4171857151917607,44563
1090,/home/projects/bagon/shared/imagenet512/val/n02106662/ILSVRC2012_val_00011593.JPEG,155,17.788126367493533,0.0009953788248822093,0.344787292492221,0.9428414797349987,0.3503693693931672,44571
1091,/home/projects/bagon/shared/imagenet512/val/n03803284/ILSVRC2012_val_00019525.JPEG,61,23.562415224616416,0.000993116176687181,0.28837411345576874,0.9971345298162442,0.16525297519385787,44572
1092,/home/projects/bagon/shared/imagenet512/val/n01756291/ILSVRC2012_val_00013418.JPEG,683,7.1166610644431785,0.0009984752396121621,0.17320503225196116,0.6892768225730687,0.2120695798247901,44589
1093,/home/projects/bagon/shared/imagenet512/val/n03804744/ILSVRC2012_val_00039239.JPEG,156,1.4783820084994659,0.0009949024533852935,0.09567352129992093,0.5638678079278199,0.14312832519263838,44591
1094,/home/projects/bagon/shared/imagenet512/val/n02823428/ILSVRC2012_val_00049690.JPEG,-1,nan,nan,nan,nan,nan,44613
1095,/home/projects/bagon/shared/imagenet512/val/n03372029/ILSVRC2012_val_00021856.JPEG,55,23.392689728876576,0.000990377040579915,0.6752449333565262,nan,0.16510118777715935,44630
1096,/home/projects/bagon/shared/imagenet512/val/n03785016/ILSVRC2012_val_00017422.JPEG,-1,nan,nan,nan,nan,nan,44644
1097,/home/projects/bagon/shared/imagenet512/val/n07693725/ILSVRC2012_val_00004675.JPEG,-1,nan,nan,nan,nan,nan,44646
1098,/home/projects/bagon/shared/imagenet512/val/n04443257/ILSVRC2012_val_00000561.JPEG,89,13.074880330823362,0.0009990707039833069,0.23429434170748162,nan,0.179508330138981,44659
1099,/home/projects/bagon/shared/imagenet512/val/n02113712/ILSVRC2012_val_00031415.JPEG,-1,nan,nan,nan,nan,nan,44679
1100,/home/projects/bagon/shared/imagenet512/val/n04590129/ILSVRC2012_val_00002189.JPEG,83,3.1622236672556028,0.0009829933987930417,0.1464824469756209,nan,0.26045975443219915,44682
1101,/home/projects/bagon/shared/imagenet512/val/n03089624/ILSVRC2012_val_00002618.JPEG,204,20.12433189083822,0.0009970461251214147,0.26102337193804753,0.984023296415057,0.23671667995425036,44706
1102,/home/projects/bagon/shared/imagenet512/val/n03127925/ILSVRC2012_val_00039897.JPEG,104,4.288646419998258,0.0009919252479448915,0.17803283942305095,0.9716086711237505,0.2098353260655172,44715
1103,/home/projects/bagon/shared/imagenet512/val/n03255030/ILSVRC2012_val_00026185.JPEG,4,44.33459258079529,0.0,60.18284666888995,0.9610622796603364,0.4585251357688553,44728
1104,/home/projects/bagon/shared/imagenet512/val/n02799071/ILSVRC2012_val_00044225.JPEG,-1,nan,nan,nan,nan,nan,44745
1105,/home/projects/bagon/shared/imagenet512/val/n04404412/ILSVRC2012_val_00048910.JPEG,5,80.77773571014404,0.0,29.440962397615834,nan,0.5379149071160584,44762
1106,/home/projects/bagon/shared/imagenet512/val/n01729977/ILSVRC2012_val_00031456.JPEG,203,15.562212122255005,0.0009979988681152463,0.2985185287381508,0.9851146654052938,0.3539312602907856,44775
1107,/home/projects/bagon/shared/imagenet512/val/n04065272/ILSVRC2012_val_00021804.JPEG,150,10.404842089279555,0.000995974289253354,0.26982188888381964,0.8122612748121867,0.26972047937542865,44776
1108,/home/projects/bagon/shared/imagenet512/val/n04008634/ILSVRC2012_val_00018494.JPEG,4,17.883659958839417,0.0,2.300946424169074,0.8451523686928262,0.4111370080171809,44778
1109,/home/projects/bagon/shared/imagenet512/val/n03110669/ILSVRC2012_val_00048631.JPEG,221,22.325803300132975,0.0009958551963791251,0.2815963418624894,0.9287978922525955,0.2383610775102968,44784
1110,/home/projects/bagon/shared/imagenet512/val/n03259280/ILSVRC2012_val_00048045.JPEG,223,14.998769003199413,0.0009968079393729568,0.34129082756939516,0.9709199911606489,0.22795221640514352,44785
1111,/home/projects/bagon/shared/imagenet512/val/n02102318/ILSVRC2012_val_00020250.JPEG,236,16.011297238175757,0.0009976415894925594,0.2934379189723701,0.985307956218235,0.21739521208985219,44809
1112,/home/projects/bagon/shared/imagenet512/val/n02965783/ILSVRC2012_val_00049299.JPEG,206,16.28991466865409,0.0009977606823667884,0.26995176516611574,0.9976339249885287,0.45365333078790016,44816
1113,/home/projects/bagon/shared/imagenet512/val/n04259630/ILSVRC2012_val_00035937.JPEG,67,5.575494971708395,0.0009864469757303596,0.2225528597410354,0.9386072911012884,0.1274493367375404,44820
1114,/home/projects/bagon/shared/imagenet512/val/n04356056/ILSVRC2012_val_00022285.JPEG,357,7.207924370886758,0.0009993088897317648,0.1693144033105293,0.8088808856186972,0.19167061739276164,44821
1115,/home/projects/bagon/shared/imagenet512/val/n03998194/ILSVRC2012_val_00028039.JPEG,77,15.89781449304428,0.0009990707039833069,0.2586715168459022,0.9984218173772667,0.21930071069217616,44825
1116,/home/projects/bagon/shared/imagenet512/val/n04372370/ILSVRC2012_val_00045927.JPEG,-1,nan,nan,nan,nan,nan,44832
1117,/home/projects/bagon/shared/imagenet512/val/n04086273/ILSVRC2012_val_00037225.JPEG,225,8.123236772604287,0.0009984752396121621,0.3219922755524415,nan,0.41528469597840495,44844
1118,/home/projects/bagon/shared/imagenet512/val/n03404251/ILSVRC2012_val_00004835.JPEG,4,28.681209087371826,0.0,15.945962530831391,0.9878779322448864,0.5743403912862198,44853
1119,/home/projects/bagon/shared/imagenet512/val/n02109961/ILSVRC2012_val_00005521.JPEG,462,59.95294015528634,0.0009993088897317648,0.8245530228596407,0.6736046913522792,0.40057133261662214,44855
1120,/home/projects/bagon/shared/imagenet512/val/n09256479/ILSVRC2012_val_00004126.JPEG,306,4.886375346919522,0.0009964506607502699,0.20244576580174814,0.6626558546710888,0.2991238764554761,44883
1121,/home/projects/bagon/shared/imagenet512/val/n03976657/ILSVRC2012_val_00018564.JPEG,277,15.343969791894779,0.0009991897968575358,0.22222413887096035,0.972688037174361,0.3187455406554093,44888
1122,/home/projects/bagon/shared/imagenet512/val/n03895866/ILSVRC2012_val_00010334.JPEG,55,7.069866192992777,0.0009921634336933494,0.6352278356326567,0.8031661670159612,0.2047406405780337,44906
1123,/home/projects/bagon/shared/imagenet512/val/n02526121/ILSVRC2012_val_00036535.JPEG,286,22.364377446472645,0.0009999042376875877,0.2897292350677042,0.9973626910592261,0.1633107564418683,44924
1124,/home/projects/bagon/shared/imagenet512/val/n04355933/ILSVRC2012_val_00040219.JPEG,5,21.976845264434814,0.0,3.180210622646883,0.9752245401196659,0.42914909024103587,44941
1125,/home/projects/bagon/shared/imagenet512/val/n03062245/ILSVRC2012_val_00017110.JPEG,186,7.079056796035729,0.0009978797752410173,0.2755012442358352,0.9310683159647604,0.24050723861238843,44950
1126,/home/projects/bagon/shared/imagenet512/val/n03814639/ILSVRC2012_val_00018259.JPEG,4,83.64176082611084,0.0,5.479860361756898,0.9988305939038076,0.6726989430623035,44965
1127,/home/projects/bagon/shared/imagenet512/val/n09468604/ILSVRC2012_val_00012937.JPEG,323,20.782468285644427,0.0009990707039833069,0.34227851913065277,0.9514921806526412,0.4495015581879821,44987
1128,/home/projects/bagon/shared/imagenet512/val/n02101556/ILSVRC2012_val_00008944.JPEG,9,32.6843603849411,0.0,3.239890781152458,0.7041720350855883,0.2456478413918161,45003
1129,/home/projects/bagon/shared/imagenet512/val/n03633091/ILSVRC2012_val_00039364.JPEG,-1,nan,nan,nan,nan,nan,45010
1130,/home/projects/bagon/shared/imagenet512/val/n04149813/ILSVRC2012_val_00028121.JPEG,3,8.99736738204956,0.0,6.763755630792352,nan,0.6130451930179597,45018
1131,/home/projects/bagon/shared/imagenet512/val/n04004767/ILSVRC2012_val_00032509.JPEG,6,37.764440059661865,0.0,57.61172672584272,0.9908018092196871,0.3790901232514455,45027
1132,/home/projects/bagon/shared/imagenet512/val/n03476991/ILSVRC2012_val_00042521.JPEG,4,25.249529361724854,0.0,50.693640225478596,0.9607089820683095,0.6069093082063893,45044
1133,/home/projects/bagon/shared/imagenet512/val/n02727426/ILSVRC2012_val_00014240.JPEG,72,3.588394850725308,0.0009927588980644941,0.1151619151238988,0.9351790351703216,0.09043959047550207,45068
1134,/home/projects/bagon/shared/imagenet512/val/n07684084/ILSVRC2012_val_00032674.JPEG,219,6.449779227026738,0.0009978797752410173,0.16193810400989456,0.986097175220515,0.1368033802214838,45072
1135,/home/projects/bagon/shared/imagenet512/val/n03131574/ILSVRC2012_val_00043010.JPEG,203,10.496402122662403,0.0009944260818883777,0.2951983795977607,0.9675146088911615,0.34219352938746783,45077
1136,/home/projects/bagon/shared/imagenet512/val/n03770439/ILSVRC2012_val_00006000.JPEG,198,17.506138443830423,0.0009991897968575358,0.36031801586176737,0.9893569036688363,0.40719504013760577,45091
1137,/home/projects/bagon/shared/imagenet512/val/n04604644/ILSVRC2012_val_00021154.JPEG,227,10.532108660088852,0.0009982370538637042,0.2162229684449738,0.8168204083920241,0.22368642777598904,45097
1138,/home/projects/bagon/shared/imagenet512/val/n04147183/ILSVRC2012_val_00010749.JPEG,399,14.594912999426015,0.000998951611109078,0.3806339628603627,0.9285200467184507,0.20542755192495255,45129
1139,/home/projects/bagon/shared/imagenet512/val/n03126707/ILSVRC2012_val_00047451.JPEG,351,2.7533327793935314,0.0009991897968575358,0.12262935584955104,0.603641797624991,0.25199874444322434,45152
1140,/home/projects/bagon/shared/imagenet512/val/n03920288/ILSVRC2012_val_00011763.JPEG,72,22.85374117200263,0.0009899006690829992,0.5129804463712367,0.9958911489942138,0.4258062997433599,45154
1141,/home/projects/bagon/shared/imagenet512/val/n03216828/ILSVRC2012_val_00006838.JPEG,267,12.764231134438887,0.0009991897968575358,0.3001494196852252,0.9372859850014822,0.3451024595564616,45169
1142,/home/projects/bagon/shared/imagenet512/val/n02090721/ILSVRC2012_val_00017327.JPEG,193,17.695044288178906,0.0009977606823667884,0.3176516416451812,0.9797317453513649,0.28539287443611094,45182
1143,/home/projects/bagon/shared/imagenet512/val/n02090721/ILSVRC2012_val_00030412.JPEG,292,25.9417496152455,0.0009978797752410173,0.34964950727456956,0.8318271324791284,0.30485968863249613,45203
1144,/home/projects/bagon/shared/imagenet512/val/n03661043/ILSVRC2012_val_00024394.JPEG,178,5.7958255398552865,0.0009927588980644941,0.2588479282867929,0.9369184140682099,0.23078882877416945,45206
1145,/home/projects/bagon/shared/imagenet512/val/n03724870/ILSVRC2012_val_00003148.JPEG,7,75.54404211044312,0.0,19.158402448354675,0.9994327686506165,0.5002179482093899,45228
1146,/home/projects/bagon/shared/imagenet512/val/n04259630/ILSVRC2012_val_00013340.JPEG,142,27.233065503183752,0.0009957361035048962,0.31441785173325204,0.9902737388216337,0.2901179650572811,45230
1147,/home/projects/bagon/shared/imagenet512/val/n03832673/ILSVRC2012_val_00000677.JPEG,371,6.066929230117239,0.0009968079393729568,0.20569111610746307,0.8113032477282894,0.23842190850639058,45231
1148,/home/projects/bagon/shared/imagenet512/val/n02124075/ILSVRC2012_val_00041579.JPEG,224,14.466095807030797,0.0009979988681152463,0.3450572875761622,0.8020891613252744,0.3563699923409517,45236
1149,/home/projects/bagon/shared/imagenet512/val/n04009552/ILSVRC2012_val_00047644.JPEG,112,30.641803061706014,0.000990257947705686,0.8160824766909801,0.9887932940083134,0.6064654604717701,45237
1150,/home/projects/bagon/shared/imagenet512/val/n03759954/ILSVRC2012_val_00034944.JPEG,9,37.59490156173706,0.0,3.1407881909499835,0.9990777742583221,0.44785028539509564,45241
1151,/home/projects/bagon/shared/imagenet512/val/n04372370/ILSVRC2012_val_00041016.JPEG,3,12.83030366897583,0.0,58.06020298803689,0.9959509735082851,0.5509494039764428,45242
1152,/home/projects/bagon/shared/imagenet512/val/n02640242/ILSVRC2012_val_00032922.JPEG,48,32.04375068936497,0.0009970461251214147,0.3729612227927021,0.9985519825814282,0.38418783646937166,45273
1153,/home/projects/bagon/shared/imagenet512/val/n07695742/ILSVRC2012_val_00004195.JPEG,19,5.294597550062463,0.000995974289253354,0.3613820306854941,0.8547122407361232,0.15755345077415417,45274
1154,/home/projects/bagon/shared/imagenet512/val/n03063599/ILSVRC2012_val_00010857.JPEG,221,25.954861623817123,0.0009996660519391298,0.336465911678759,0.9975834402353058,0.5102406823750233,45294
1155,/home/projects/bagon/shared/imagenet512/val/n04479046/ILSVRC2012_val_00043734.JPEG,128,17.124671728583053,0.0009968079393729568,0.734613706033203,0.9889329242003886,0.27871527753342606,45304
1156,/home/projects/bagon/shared/imagenet512/val/n03970156/ILSVRC2012_val_00011268.JPEG,4,11.812351142521948,0.0006379238329827785,0.6497408965858867,0.973817924301303,0.3208129353209886,45339
1157,/home/projects/bagon/shared/imagenet512/val/n04599235/ILSVRC2012_val_00001417.JPEG,212,7.006747780018486,0.0009974034037441015,0.1867628400040916,0.964171508549914,0.3674535152620047,45345
1158,/home/projects/bagon/shared/imagenet512/val/n02229544/ILSVRC2012_val_00026894.JPEG,4,74.16806364059448,0.0,37.88015655638571,0.9977283436835597,0.42850407948818164,45346
1159,/home/projects/bagon/shared/imagenet512/val/n02749479/ILSVRC2012_val_00031231.JPEG,388,27.971352510037832,0.0009976415894925594,0.47824557504847276,0.9978569054992728,0.4628399460099015,45351
1160,/home/projects/bagon/shared/imagenet512/val/n07714990/ILSVRC2012_val_00048012.JPEG,101,10.833200736669824,0.0009920443408191204,0.2634549746689882,0.8365594007624386,0.2252771019731971,45357
1161,/home/projects/bagon/shared/imagenet512/val/n01980166/ILSVRC2012_val_00023339.JPEG,260,29.18070105172228,0.0009965697536244988,0.3219613218798724,0.91429265155024,0.35093845983337457,45367
1162,/home/projects/bagon/shared/imagenet512/val/n02097474/ILSVRC2012_val_00039212.JPEG,5,606.788938999176,0.0,36.533291218101205,0.9552657623125934,0.6029699610157432,45368
1163,/home/projects/bagon/shared/imagenet512/val/n03666591/ILSVRC2012_val_00009293.JPEG,5,19.212311267852783,0.0,25.904956044618352,0.9887907671385561,0.3436736603168561,45382
1164,/home/projects/bagon/shared/imagenet512/val/n03527444/ILSVRC2012_val_00027822.JPEG,229,21.4235145408893,0.000996331567876041,0.2330124787390137,0.9982300467362881,0.25036924652365256,45383
1165,/home/projects/bagon/shared/imagenet512/val/n02892767/ILSVRC2012_val_00047165.JPEG,352,4.269146643928252,0.0009971652179956436,0.2670960293253401,0.7119231470984275,0.4125935954796982,45386
1166,/home/projects/bagon/shared/imagenet512/val/n03709823/ILSVRC2012_val_00012321.JPEG,286,4.71020742948167,0.0009997851448133588,0.15453977022429374,0.8708714323816964,0.25705496247116344,45389
1167,/home/projects/bagon/shared/imagenet512/val/n04493381/ILSVRC2012_val_00038337.JPEG,4,44.54568386077881,0.0,76.40401891038871,0.9695748529309773,0.49600014697519246,45397
1168,/home/projects/bagon/shared/imagenet512/val/n02098413/ILSVRC2012_val_00030660.JPEG,467,18.673499700264074,0.000998832518234849,0.36920908512568174,0.6992875077802768,0.3753212656858661,45401
1169,/home/projects/bagon/shared/imagenet512/val/n03710721/ILSVRC2012_val_00029807.JPEG,553,4.991862369235605,0.00099871342536062,0.1884218811639239,0.7528929547495673,0.4187021021694901,45402
1170,/home/projects/bagon/shared/imagenet512/val/n02107574/ILSVRC2012_val_00034266.JPEG,519,5.436951680108905,0.0009995469590649009,0.15582177737713068,0.8801974171541529,0.23617653560932797,45406
1171,/home/projects/bagon/shared/imagenet512/val/n04275548/ILSVRC2012_val_00009763.JPEG,8,39.3407145247329,0.0009317824151366949,1.2692801892433374,0.9671226260813066,0.47044937731529957,45417
1172,/home/projects/bagon/shared/imagenet512/val/n02676566/ILSVRC2012_val_00044937.JPEG,535,7.271548924734816,0.0009978797752410173,0.20383369066052773,0.9737181097914921,0.2740254857805322,45419
1173,/home/projects/bagon/shared/imagenet512/val/n02797295/ILSVRC2012_val_00016353.JPEG,-1,nan,nan,nan,nan,nan,45420
1174,/home/projects/bagon/shared/imagenet512/val/n03764736/ILSVRC2012_val_00013680.JPEG,240,13.036928232293576,0.0009993088897317648,0.518405609788505,nan,0.4575124134743765,45426
1175,/home/projects/bagon/shared/imagenet512/val/n04355933/ILSVRC2012_val_00024618.JPEG,298,22.532571271876805,0.0009996660519391298,0.3478164532382581,0.8742795899898473,0.32707129291567816,45437
1176,/home/projects/bagon/shared/imagenet512/val/n02102318/ILSVRC2012_val_00026540.JPEG,5,23.471709966659546,0.0,7.441732518402081,0.9695425951588176,0.5036885585457297,45456
1177,/home/projects/bagon/shared/imagenet512/val/n02974003/ILSVRC2012_val_00015230.JPEG,411,12.891688803443685,0.0009984752396121621,0.21215038847419398,0.881140157045436,0.3403070962910315,45463
1178,/home/projects/bagon/shared/imagenet512/val/n02091831/ILSVRC2012_val_00027810.JPEG,6,25.95450448989868,0.0,2.53405946521322,0.9940673284025143,0.4558060887065523,45464
1179,/home/projects/bagon/shared/imagenet512/val/n04152593/ILSVRC2012_val_00041664.JPEG,627,12.702078712289222,0.00099871342536062,0.25818662676479615,0.900512006180907,0.20591154409818835,45476
1180,/home/projects/bagon/shared/imagenet512/val/n03983396/ILSVRC2012_val_00008437.JPEG,434,11.852836058707908,0.000998832518234849,0.3161029811071799,0.9753697112165077,0.26189212439357756,45481
1181,/home/projects/bagon/shared/imagenet512/val/n01729977/ILSVRC2012_val_00016703.JPEG,355,2.7997404555790126,0.0009994279826059937,0.11914857557655036,0.6373954491946465,0.1514939559399893,45501
1182,/home/projects/bagon/shared/imagenet512/val/n04336792/ILSVRC2012_val_00016751.JPEG,277,19.499016863876022,0.0009990707039833069,0.37473107699287717,0.9929590498724113,0.3452860969033804,45503
1183,/home/projects/bagon/shared/imagenet512/val/n03637318/ILSVRC2012_val_00010971.JPEG,224,12.713004159624688,0.0009945451747626066,0.317799070812448,0.9982016691709967,0.33835530269087677,45509
1184,/home/projects/bagon/shared/imagenet512/val/n02096177/ILSVRC2012_val_00048476.JPEG,171,44.79367553687189,0.0009974034037441015,0.37953633149991,0.9268756493641561,0.42435788885754144,45516
1185,/home/projects/bagon/shared/imagenet512/val/n03065424/ILSVRC2012_val_00007436.JPEG,141,3.431680710054934,0.0009940688032656908,0.17747571441312734,0.7800459813823971,0.23032288305507337,45520
1186,/home/projects/bagon/shared/imagenet512/val/n02870880/ILSVRC2012_val_00040682.JPEG,3,15.446183443069458,0.0,8.212112448266875,0.9815208659026468,0.5579254294249976,45529
1187,/home/projects/bagon/shared/imagenet512/val/n13133613/ILSVRC2012_val_00025296.JPEG,316,6.473186613875441,0.0009965697536244988,0.1735871999058047,0.7046572608610555,0.30274416062869536,45537
1188,/home/projects/bagon/shared/imagenet512/val/n02870880/ILSVRC2012_val_00006458.JPEG,497,17.85547573294025,0.0009991897968575358,0.35405743306269966,0.9964162846576965,0.3190256123670948,45560
1189,/home/projects/bagon/shared/imagenet512/val/n03724870/ILSVRC2012_val_00046920.JPEG,48,21.92695183295291,0.0009843033039942384,0.3181466985106434,0.8942370458848526,0.2674218780795625,45561
1190,/home/projects/bagon/shared/imagenet512/val/n02791124/ILSVRC2012_val_00000804.JPEG,356,5.1922291569644585,0.0009993088897317648,0.15052994684420715,0.7853805878731044,0.22417609301704472,45569
1191,/home/projects/bagon/shared/imagenet512/val/n04389033/ILSVRC2012_val_00017065.JPEG,493,5.910930399084464,0.0009995469590649009,0.22659336429425103,0.8872807041851389,0.2842779998694437,45584
1192,/home/projects/bagon/shared/imagenet512/val/n01807496/ILSVRC2012_val_00021090.JPEG,5,70.40933680534363,0.0,16.999102269861993,0.8832581432813276,0.5239772539553917,45594
1193,/home/projects/bagon/shared/imagenet512/val/n04026417/ILSVRC2012_val_00030223.JPEG,394,9.313143027480692,0.0009993088897317648,0.2510055272460868,0.853578197713557,0.289844807976708,45599
1194,/home/projects/bagon/shared/imagenet512/val/n04376876/ILSVRC2012_val_00027991.JPEG,88,23.623831860139035,0.0009975224966183305,0.274941439532437,0.9950010974412744,0.2790995448279546,45603
1195,/home/projects/bagon/shared/imagenet512/val/n07747607/ILSVRC2012_val_00021528.JPEG,257,7.389764214050956,0.000996093382127583,0.23841306256083747,0.9922629830951057,0.3093146204647193,45604
1196,/home/projects/bagon/shared/imagenet512/val/n04612504/ILSVRC2012_val_00040974.JPEG,280,18.004815594060346,0.000996331567876041,0.6144150770069565,0.853229733173977,0.3412446663477411,45611
1197,/home/projects/bagon/shared/imagenet512/val/n02107312/ILSVRC2012_val_00040747.JPEG,259,20.800346247153357,0.0009976415894925594,0.2894561595946993,0.9983923931504053,0.32759878495731576,45618
1198,/home/projects/bagon/shared/imagenet512/val/n02895154/ILSVRC2012_val_00023971.JPEG,510,10.573123400099576,0.0009997851448133588,0.3840059853933519,0.7911054275811147,0.3021588803375974,45620
1199,/home/projects/bagon/shared/imagenet512/val/n02124075/ILSVRC2012_val_00024000.JPEG,254,3.6476694010198116,0.0009997851448133588,0.189959251134229,0.7594260616930575,0.311263877805262,45625
1200,/home/projects/bagon/shared/imagenet512/val/n04120489/ILSVRC2012_val_00026868.JPEG,314,21.43395639397204,0.0009978797752410173,0.3035138444510767,0.9968303175473132,0.29073140944575343,45630
1201,/home/projects/bagon/shared/imagenet512/val/n02895154/ILSVRC2012_val_00037025.JPEG,269,8.312506439979188,0.0009966888464987278,0.5930325388104907,0.9723775330580429,0.3304886856075596,45631
1202,/home/projects/bagon/shared/imagenet512/val/n03495258/ILSVRC2012_val_00009425.JPEG,161,25.81647897802759,0.000998594332486391,0.3878316404555467,0.9963449770497058,0.3775374050321685,45632
1203,/home/projects/bagon/shared/imagenet512/val/n04325704/ILSVRC2012_val_00045762.JPEG,-1,nan,nan,nan,nan,nan,45636
1204,/home/projects/bagon/shared/imagenet512/val/n02971356/ILSVRC2012_val_00043603.JPEG,-1,nan,nan,nan,nan,nan,45640
1205,/home/projects/bagon/shared/imagenet512/val/n07584110/ILSVRC2012_val_00021669.JPEG,-1,nan,nan,nan,nan,nan,45655
1206,/home/projects/bagon/shared/imagenet512/val/n03249569/ILSVRC2012_val_00044932.JPEG,182,4.810915024136193,0.0009947833605110645,0.1957775031584225,nan,0.11162108771541762,45657
1207,/home/projects/bagon/shared/imagenet512/val/n02910353/ILSVRC2012_val_00017543.JPEG,79,7.121990297338925,0.0009983561467379332,0.32087788953798135,0.9866689608404582,0.3189015775171627,45659
1208,/home/projects/bagon/shared/imagenet512/val/n02107908/ILSVRC2012_val_00030786.JPEG,301,7.033765678410418,0.0009995469590649009,0.1825975039674499,0.8320841167687132,0.17624967773676006,45666
1209,/home/projects/bagon/shared/imagenet512/val/n03773504/ILSVRC2012_val_00001525.JPEG,808,9.877771605504677,0.000998832518234849,0.21294503935261275,0.6761050675285722,0.1729984142592551,45671
1210,/home/projects/bagon/shared/imagenet512/val/n03724870/ILSVRC2012_val_00008913.JPEG,256,11.80896572524216,0.0009957361035048962,0.34934460955445307,0.9903261307394098,0.33170090004690644,45675
1211,/home/projects/bagon/shared/imagenet512/val/n02087046/ILSVRC2012_val_00004717.JPEG,229,7.591397451818921,0.0009983561467379332,0.23117251303574687,0.7913353969372336,0.3339813735464774,45678
1212,/home/projects/bagon/shared/imagenet512/val/n04251144/ILSVRC2012_val_00045219.JPEG,132,15.958675113506615,0.0009997851448133588,0.35090892204247237,0.9579148624103457,0.2683045690439254,45690
1213,/home/projects/bagon/shared/imagenet512/val/n04536866/ILSVRC2012_val_00027728.JPEG,177,33.229897231794894,0.0009958551963791251,0.7085883857157697,0.997314187383546,0.4695212406680356,45699
1214,/home/projects/bagon/shared/imagenet512/val/n03452741/ILSVRC2012_val_00029142.JPEG,226,21.94624629977625,0.0009951406391337514,0.4866377453265403,0.9986556690668491,0.4194091839567456,45700
1215,/home/projects/bagon/shared/imagenet512/val/n09399592/ILSVRC2012_val_00002476.JPEG,4,360.9610985517502,0.0,26.668249546631714,0.8069781898466384,0.6042954097017502,45707
1216,/home/projects/bagon/shared/imagenet512/val/n06794110/ILSVRC2012_val_00032268.JPEG,193,1.8692553869914263,0.0009990707039833069,0.11297742955326358,0.4534069637316783,0.2464326878891651,45710
1217,/home/projects/bagon/shared/imagenet512/val/n03838899/ILSVRC2012_val_00032360.JPEG,4,14.33708643913269,0.0,1.9017942008401125,0.9655078313435774,0.5007290784498157,45717
1218,/home/projects/bagon/shared/imagenet512/val/n02115641/ILSVRC2012_val_00004372.JPEG,371,37.057774353423156,0.0009995469590649009,0.4310708154208787,0.9791182703003083,0.4058701860203874,45721
1219,/home/projects/bagon/shared/imagenet512/val/n04392985/ILSVRC2012_val_00006037.JPEG,553,24.47165457752999,0.0009993088897317648,0.36550870918825346,0.9538092811528518,0.3914014227346706,45727
1220,/home/projects/bagon/shared/imagenet512/val/n02169497/ILSVRC2012_val_00025729.JPEG,330,2.9898074767552316,0.0009977606823667884,0.10938383191881937,0.80574624563005,0.19916891381149926,45728
1221,/home/projects/bagon/shared/imagenet512/val/n03908714/ILSVRC2012_val_00034235.JPEG,198,16.963562663062476,0.0009970461251214147,0.3675350001394808,0.9981088794067949,0.24218292678632528,45739
1222,/home/projects/bagon/shared/imagenet512/val/n02815834/ILSVRC2012_val_00002035.JPEG,184,24.606609298149124,0.0009997851448133588,0.30888097736423054,0.992360648790749,0.30412488556548545,45756
1223,/home/projects/bagon/shared/imagenet512/val/n03452741/ILSVRC2012_val_00012805.JPEG,152,8.037638233741745,0.0009934734553098679,0.26568187316147274,0.8113983014649147,0.36236082181567064,45772
1224,/home/projects/bagon/shared/imagenet512/val/n04326547/ILSVRC2012_val_00017530.JPEG,166,5.40733377833385,0.0009993088897317648,0.20253191274752336,0.5178479393644468,0.27576232157873004,45788
1225,/home/projects/bagon/shared/imagenet512/val/n04493381/ILSVRC2012_val_00034803.JPEG,84,8.19346259906888,0.000985494232736528,0.20236170638895679,0.7655865410799583,0.1787517402891994,45789
1226,/home/projects/bagon/shared/imagenet512/val/n02825657/ILSVRC2012_val_00018151.JPEG,171,4.861230880720541,0.0009947833605110645,0.19293500778921846,0.8454263789841646,0.28310226956165147,45794
1227,/home/projects/bagon/shared/imagenet512/val/n04604644/ILSVRC2012_val_00037279.JPEG,42,11.298144262516871,0.0009999042376875877,0.3267880400636163,0.995325224446783,0.08383188320800183,45796
1228,/home/projects/bagon/shared/imagenet512/val/n04596742/ILSVRC2012_val_00008899.JPEG,128,14.296464146929793,0.000995974289253354,0.27423130246678545,0.9558995025819861,0.3518047652771721,45797
1229,/home/projects/bagon/shared/imagenet512/val/n03223299/ILSVRC2012_val_00021082.JPEG,6,58.19119402425713,0.00025769727653823793,4.005342024148144,0.9485038885268472,0.3090172363521652,45800
1230,/home/projects/bagon/shared/imagenet512/val/n02108422/ILSVRC2012_val_00041422.JPEG,531,9.09545817039907,0.000998594332486391,0.34536894982126237,0.7209936343561494,0.360461677847845,45801
1231,/home/projects/bagon/shared/imagenet512/val/n04008634/ILSVRC2012_val_00000468.JPEG,483,21.302838867879473,0.0009984752396121621,1.0072330669119955,0.7868992190219672,0.3660041276762353,45822
1232,/home/projects/bagon/shared/imagenet512/val/n04136333/ILSVRC2012_val_00033983.JPEG,-1,nan,nan,nan,nan,nan,45825
1233,/home/projects/bagon/shared/imagenet512/val/n03095699/ILSVRC2012_val_00043479.JPEG,36,8.78319623065181,0.0009868042543530464,0.4927391722171427,nan,0.3363604827974002,45841
1234,/home/projects/bagon/shared/imagenet512/val/n03498962/ILSVRC2012_val_00047210.JPEG,-1,nan,nan,nan,nan,nan,45850
1235,/home/projects/bagon/shared/imagenet512/val/n02992529/ILSVRC2012_val_00002114.JPEG,89,4.113711194717325,0.0009970461251214147,0.22288678101197937,nan,0.231035945213273,45854
1236,/home/projects/bagon/shared/imagenet512/val/n04254777/ILSVRC2012_val_00013213.JPEG,392,18.651842076447792,0.0009994279826059937,0.5642718894251564,0.9393665604010282,0.5883226576266584,45864
1237,/home/projects/bagon/shared/imagenet512/val/n01729977/ILSVRC2012_val_00007710.JPEG,416,4.779631926910952,0.0009997851448133588,0.1570246937377809,0.8094062105080614,0.23708012963082353,45878
1238,/home/projects/bagon/shared/imagenet512/val/n03481172/ILSVRC2012_val_00009152.JPEG,146,22.4667407827219,0.000993830617517233,0.29421026709847387,0.9972601445346639,0.33000274805434104,45884
1239,/home/projects/bagon/shared/imagenet512/val/n02871525/ILSVRC2012_val_00013599.JPEG,271,12.215226925793104,0.0009978797752410173,0.2819783231676075,0.947640721838403,0.18208939079718853,45899
1240,/home/projects/bagon/shared/imagenet512/val/n02114367/ILSVRC2012_val_00043363.JPEG,728,13.82275964668952,0.0009984752396121621,0.23717086302465828,0.9836745685744642,0.31618635914642523,45902
1241,/home/projects/bagon/shared/imagenet512/val/n02090721/ILSVRC2012_val_00014293.JPEG,370,30.29911606956739,0.0009984752396121621,0.3619069818573719,0.9977981766816006,0.44565664779628655,45906
1242,/home/projects/bagon/shared/imagenet512/val/n03793489/ILSVRC2012_val_00000803.JPEG,368,4.798963680048473,0.0009975224966183305,0.1799447299054688,0.7007620395182099,0.2173127123615154,45924
1243,/home/projects/bagon/shared/imagenet512/val/n04592741/ILSVRC2012_val_00036435.JPEG,216,14.453019729931839,0.0009952597320079803,0.2941946395709794,0.8869148223461535,0.31275370499525734,45933
1244,/home/projects/bagon/shared/imagenet512/val/n04229816/ILSVRC2012_val_00033073.JPEG,-1,nan,nan,nan,nan,nan,45934
1245,/home/projects/bagon/shared/imagenet512/val/n03627232/ILSVRC2012_val_00002377.JPEG,86,8.418074190616608,0.000993830617517233,0.24996059441079282,nan,0.22196459401555987,45942
1246,/home/projects/bagon/shared/imagenet512/val/n01753488/ILSVRC2012_val_00033125.JPEG,323,7.497392273158766,0.0009978797752410173,0.18964896046152405,0.6943120895580315,0.2627272750411186,45945
1247,/home/projects/bagon/shared/imagenet512/val/n04004767/ILSVRC2012_val_00008544.JPEG,4,18.026593446731567,0.0,7.425576078026321,0.964996430613001,0.5575311088591092,45965
1248,/home/projects/bagon/shared/imagenet512/val/n02107574/ILSVRC2012_val_00007071.JPEG,-1,nan,nan,nan,nan,nan,45981
1249,/home/projects/bagon/shared/imagenet512/val/n02776631/ILSVRC2012_val_00014946.JPEG,4,739.1603841781616,0.0,24.596067144940747,nan,0.4344089894415272,45983
1250,/home/projects/bagon/shared/imagenet512/val/n04081281/ILSVRC2012_val_00022454.JPEG,6,1234.989854335785,0.0,79.00466349798133,0.939633560478057,0.4409007289065823,46021
1251,/home/projects/bagon/shared/imagenet512/val/n02011460/ILSVRC2012_val_00024007.JPEG,198,19.79642730159685,0.0009972843108698726,0.3669531005400383,0.9977767468135125,0.2712066385275593,46022
1252,/home/projects/bagon/shared/imagenet512/val/n02871525/ILSVRC2012_val_00041323.JPEG,4,27.799804210662842,0.0,10.57839885124567,0.9853875418176953,0.5761487566318972,46034
1253,/home/projects/bagon/shared/imagenet512/val/n01682714/ILSVRC2012_val_00015721.JPEG,242,6.759499112726189,0.0009965697536244988,0.1783468292147947,0.6955709662899996,0.31870781344210714,46041
1254,/home/projects/bagon/shared/imagenet512/val/n02769748/ILSVRC2012_val_00042967.JPEG,232,22.3985235147411,0.0009981179609894753,0.49976249927010846,0.9858887952005724,0.5033137723574801,46048
1255,/home/projects/bagon/shared/imagenet512/val/n02100877/ILSVRC2012_val_00039863.JPEG,325,4.4360824703471735,0.0009996660519391298,0.20844844803448723,0.8194357138809756,0.3496994249423293,46049
1256,/home/projects/bagon/shared/imagenet512/val/n01740131/ILSVRC2012_val_00043843.JPEG,240,4.738866203930229,0.000998594332486391,0.1425814695801838,0.9478123295061549,0.10241743745773293,46050
1257,/home/projects/bagon/shared/imagenet512/val/n02109961/ILSVRC2012_val_00039381.JPEG,5,914.219575047493,0.0,61.11621788478083,0.8678991740166234,0.4197104593007137,46057
1258,/home/projects/bagon/shared/imagenet512/val/n02087046/ILSVRC2012_val_00007511.JPEG,211,2.020677278400399,0.0009995469590649009,0.16617814108184867,0.6290815409186687,0.31449824331268705,46058
1259,/home/projects/bagon/shared/imagenet512/val/n04372370/ILSVRC2012_val_00044588.JPEG,-1,nan,nan,nan,nan,nan,46064
1260,/home/projects/bagon/shared/imagenet512/val/n02326432/ILSVRC2012_val_00038132.JPEG,134,10.93397989613004,0.0009919252479448915,0.21393880982244617,nan,0.23325634896207081,46072
1261,/home/projects/bagon/shared/imagenet512/val/n03042490/ILSVRC2012_val_00037549.JPEG,158,15.499707369483076,0.0009964506607502699,0.2746006048445854,0.8920207378419512,0.32138728915902354,46078
1262,/home/projects/bagon/shared/imagenet512/val/n02107908/ILSVRC2012_val_00016969.JPEG,346,5.436937373364344,0.0009990707039833069,0.1582724523517571,0.906121860789784,0.31073619003990216,46087
1263,/home/projects/bagon/shared/imagenet512/val/n03047690/ILSVRC2012_val_00026701.JPEG,102,11.961433646152727,0.0009890670189633965,0.2978950373917519,0.9196973912340536,0.29189801649216573,46100
1264,/home/projects/bagon/shared/imagenet512/val/n04023962/ILSVRC2012_val_00002782.JPEG,73,4.428706259001046,0.000990377040579915,0.3923236564751873,0.9107094319337009,0.36206062978450937,46104
1265,/home/projects/bagon/shared/imagenet512/val/n02129604/ILSVRC2012_val_00011590.JPEG,23,30.569650208868552,0.0009507188224233687,1.2653571162151815,0.7271646454779825,0.2893286266214872,46108
1266,/home/projects/bagon/shared/imagenet512/val/n02749479/ILSVRC2012_val_00018390.JPEG,262,3.121312772622332,0.0009971652179956436,0.1734849181299874,0.6980866295200507,0.382501484258044,46115
1267,/home/projects/bagon/shared/imagenet512/val/n04370456/ILSVRC2012_val_00018171.JPEG,3,10.515995502471924,0.0,20.6269056514176,0.988709517953,0.660655726786555,46121
1268,/home/projects/bagon/shared/imagenet512/val/n02676566/ILSVRC2012_val_00004501.JPEG,6,84.6006350517273,0.0,9.732912755100385,0.9965177089059875,0.3543919696476245,46122
1269,/home/projects/bagon/shared/imagenet512/val/n02837789/ILSVRC2012_val_00000239.JPEG,632,8.870108253904618,0.0009982370538637042,0.24527818628252682,0.968704272771188,0.1869672552192014,46132
1270,/home/projects/bagon/shared/imagenet512/val/n03691459/ILSVRC2012_val_00022310.JPEG,8,14.499984179085004,0.00014685506175737828,1.282567234767641,0.7317642170350539,0.28914542597864806,46148
1271,/home/projects/bagon/shared/imagenet512/val/n04330267/ILSVRC2012_val_00001353.JPEG,-1,nan,nan,nan,nan,nan,46163
1272,/home/projects/bagon/shared/imagenet512/val/n03661043/ILSVRC2012_val_00016662.JPEG,5,59.2030348777771,0.0,17.583165017945714,nan,0.4804790465336307,46174
1273,/home/projects/bagon/shared/imagenet512/val/n02108422/ILSVRC2012_val_00010709.JPEG,359,22.590739533188753,0.0009981179609894753,0.32835391109889317,0.9970914521013745,0.2480305638290134,46180
1274,/home/projects/bagon/shared/imagenet512/val/n03642806/ILSVRC2012_val_00017736.JPEG,135,11.448138379259035,0.0009908534120768309,0.2628348805067132,0.9911302339157445,0.2907262227667924,46182
1275,/home/projects/bagon/shared/imagenet512/val/n07745940/ILSVRC2012_val_00016159.JPEG,293,6.919836062239483,0.000998951611109078,0.2343599157270811,0.9811351626579976,0.26575525149485835,46189
1276,/home/projects/bagon/shared/imagenet512/val/n02097658/ILSVRC2012_val_00013549.JPEG,-1,nan,nan,nan,nan,nan,46191
1277,/home/projects/bagon/shared/imagenet512/val/n03785016/ILSVRC2012_val_00048082.JPEG,391,57.64325942832511,0.0009995469590649009,0.4798506738987701,nan,0.3917643238072165,46198
1278,/home/projects/bagon/shared/imagenet512/val/n02808304/ILSVRC2012_val_00017661.JPEG,-1,nan,nan,nan,nan,nan,46211
1279,/home/projects/bagon/shared/imagenet512/val/n02098413/ILSVRC2012_val_00016689.JPEG,222,17.681050326209515,0.0009964506607502699,0.2504876298808348,nan,0.40345748949584037,46228
1280,/home/projects/bagon/shared/imagenet512/val/n02951585/ILSVRC2012_val_00003235.JPEG,119,8.050818402669393,0.0009909725049510598,0.21029044733287805,0.9442995032542204,0.22343826245735007,46229
1281,/home/projects/bagon/shared/imagenet512/val/n03388549/ILSVRC2012_val_00041407.JPEG,360,7.4650755253387615,0.0009970461251214147,0.30900094400981754,0.9412522777976007,0.23698972176971475,46238
1282,/home/projects/bagon/shared/imagenet512/val/n02808304/ILSVRC2012_val_00006361.JPEG,234,19.00882702146191,0.0009991897968575358,0.36606996521134255,0.9948269994237235,0.36548877760556997,46241
1283,/home/projects/bagon/shared/imagenet512/val/n03825788/ILSVRC2012_val_00021664.JPEG,164,31.570546970004216,0.0009970461251214147,1.038314635990004,0.9866708978742105,0.5730224956121461,46244
1284,/home/projects/bagon/shared/imagenet512/val/n04493381/ILSVRC2012_val_00037255.JPEG,267,21.78118982166052,0.0009983561467379332,0.5835813104130043,0.8142534531585246,0.45528794230522,46248
1285,/home/projects/bagon/shared/imagenet512/val/n03160309/ILSVRC2012_val_00019801.JPEG,144,10.783907318953425,0.0009994279826059937,0.2524208653719594,0.9884230006349927,0.23429998365455593,46261
1286,/home/projects/bagon/shared/imagenet512/val/n01630670/ILSVRC2012_val_00002774.JPEG,417,4.982853399589658,0.0009999042376875877,0.24326545284705248,0.855785112226316,0.3104114769447935,46264
1287,/home/projects/bagon/shared/imagenet512/val/n07860988/ILSVRC2012_val_00039195.JPEG,5,57.89063334465027,0.0,51.86891008947075,0.9706867344208541,0.48169335794466145,46265
1288,/home/projects/bagon/shared/imagenet512/val/n02033041/ILSVRC2012_val_00003261.JPEG,423,10.261330686043948,0.0009977606823667884,0.23842945248377914,0.9189426238301541,0.18299494005696296,46270
1289,/home/projects/bagon/shared/imagenet512/val/n03617480/ILSVRC2012_val_00021009.JPEG,173,18.20828709343914,0.000995974289253354,0.36537103416069544,0.9660594290495133,0.3832210344740554,46278
1290,/home/projects/bagon/shared/imagenet512/val/n01693334/ILSVRC2012_val_00024435.JPEG,1066,8.612938902224414,0.0009994279826059937,0.19920488419522353,0.6921376420061317,0.28533685230562683,46283
1291,/home/projects/bagon/shared/imagenet512/val/n03045698/ILSVRC2012_val_00041598.JPEG,4,30.919580459594727,0.0,12.79548923756452,0.9955422056251332,0.44249154460886436,46287
1292,/home/projects/bagon/shared/imagenet512/val/n04536866/ILSVRC2012_val_00026957.JPEG,103,34.34345138410572,0.0009997851448133588,0.5296072474905515,0.971989494991961,0.4605936064955174,46293
1293,/home/projects/bagon/shared/imagenet512/val/n01756291/ILSVRC2012_val_00045599.JPEG,448,13.32249753025826,0.0009983561467379332,0.38585999722349223,0.7561788183876751,0.3730091469983726,46299
1294,/home/projects/bagon/shared/imagenet512/val/n03868863/ILSVRC2012_val_00033287.JPEG,208,6.490559003315866,0.0009979988681152463,0.2686437615503594,0.992116380176945,0.30765643735382764,46322
1295,/home/projects/bagon/shared/imagenet512/val/n01744401/ILSVRC2012_val_00049723.JPEG,497,4.184241729439236,0.0009982370538637042,0.14541822842416088,0.6612420261741758,0.18509314624171674,46326
1296,/home/projects/bagon/shared/imagenet512/val/n02098105/ILSVRC2012_val_00026691.JPEG,112,14.661013244302012,0.000993711524643004,0.24241251398382135,0.9810852776719643,0.14182633037264597,46333
1297,/home/projects/bagon/shared/imagenet512/val/n02105056/ILSVRC2012_val_00034992.JPEG,149,8.746725459583104,0.0009945451747626066,0.2241366811089018,0.9726899162140016,0.24079831633399854,46344
1298,/home/projects/bagon/shared/imagenet512/val/n03785016/ILSVRC2012_val_00006644.JPEG,702,19.096597823081538,0.000998832518234849,0.27300212142772357,0.9575734216147422,0.2904867227626537,46354
1299,/home/projects/bagon/shared/imagenet512/val/n04597913/ILSVRC2012_val_00004473.JPEG,-1,nan,nan,nan,nan,nan,46359
1300,/home/projects/bagon/shared/imagenet512/val/n04264628/ILSVRC2012_val_00020036.JPEG,4,24.041473865509033,0.0,1.3075620864346271,nan,0.4812936662774881,46370
1301,/home/projects/bagon/shared/imagenet512/val/n02895154/ILSVRC2012_val_00013779.JPEG,361,25.614515211316757,0.0009984752396121621,0.38054111339254343,0.9967510681191194,0.4246469611090533,46379
1302,/home/projects/bagon/shared/imagenet512/val/n02102480/ILSVRC2012_val_00032557.JPEG,219,13.444472997100092,0.0009979988681152463,0.3425740516603148,0.9544732799190155,0.355479275724486,46385
1303,/home/projects/bagon/shared/imagenet512/val/n02749479/ILSVRC2012_val_00049123.JPEG,383,5.096152205020189,0.0009972843108698726,0.1476473449896045,0.898197377446077,0.21118412180296975,46393
1304,/home/projects/bagon/shared/imagenet512/val/n02916936/ILSVRC2012_val_00040143.JPEG,134,8.76948945375625,0.0009945451747626066,0.2886771562397389,0.9661979196648768,0.24429133922726984,46394
1305,/home/projects/bagon/shared/imagenet512/val/n04254120/ILSVRC2012_val_00025804.JPEG,162,7.859987633419223,0.0009940688032656908,0.19924903699668894,0.9027664407283721,0.25632049863137024,46396
1306,/home/projects/bagon/shared/imagenet512/val/n02979186/ILSVRC2012_val_00048478.JPEG,398,5.555648326640949,0.0009970461251214147,0.16963732911313426,0.832128504651692,0.33424200948102967,46398
1307,/home/projects/bagon/shared/imagenet512/val/n02795169/ILSVRC2012_val_00015219.JPEG,204,2.539077549125068,0.0009999042376875877,0.09926518879149775,0.7590351344191967,0.11259375461607765,46399
1308,/home/projects/bagon/shared/imagenet512/val/n04133789/ILSVRC2012_val_00013852.JPEG,188,10.004792821360752,0.0009946642676368356,0.25035780549926195,0.9966781749979403,0.3310395408450849,46402
1309,/home/projects/bagon/shared/imagenet512/val/n03691459/ILSVRC2012_val_00034656.JPEG,4,840.7441511154175,0.0,47.732143965054796,0.9539177139426681,0.7379708943433283,46405
1310,/home/projects/bagon/shared/imagenet512/val/n03991062/ILSVRC2012_val_00040270.JPEG,95,9.949264192255214,0.0009884715545922518,0.3046901084758935,0.9845057077846738,0.16399402880612332,46408
1311,/home/projects/bagon/shared/imagenet512/val/n02443484/ILSVRC2012_val_00031517.JPEG,5,23.79655957221985,0.0,17.870414982736115,0.9706416668015982,0.6797856858024224,46415
1312,/home/projects/bagon/shared/imagenet512/val/n04229816/ILSVRC2012_val_00012859.JPEG,161,28.69602477364242,0.0009952597320079803,0.5471892481855418,0.9954553664168839,0.5411131924897564,46419
1313,/home/projects/bagon/shared/imagenet512/val/n09421951/ILSVRC2012_val_00005236.JPEG,5,52.611368060112,0.0,11.581490099825382,0.9367165476388566,0.4152705820685633,46430
1314,/home/projects/bagon/shared/imagenet512/val/n02087046/ILSVRC2012_val_00037669.JPEG,112,7.740417102584615,0.0009995469590649009,0.18024019292971197,0.8356238883499154,0.130102683668829,46445
1315,/home/projects/bagon/shared/imagenet512/val/n12144580/ILSVRC2012_val_00000484.JPEG,244,5.010385657660663,0.0009975224966183305,0.15514023638484553,0.7243262561671671,0.1679921964691761,46451
1316,/home/projects/bagon/shared/imagenet512/val/n04067472/ILSVRC2012_val_00034956.JPEG,119,12.384470838005655,0.0009941878961399198,0.18065183524465206,0.9981851393253887,0.17821384950137223,46452
1317,/home/projects/bagon/shared/imagenet512/val/n02441942/ILSVRC2012_val_00001386.JPEG,113,40.37662784999702,0.0009893052047118545,0.4089770812125118,0.9979548286364421,0.3289237228412917,46470
1318,/home/projects/bagon/shared/imagenet512/val/n04366367/ILSVRC2012_val_00015073.JPEG,282,3.549022569670342,0.0009994279826059937,0.13333452306063326,0.7909380470479692,0.2698000344678386,46499
1319,/home/projects/bagon/shared/imagenet512/val/n04493381/ILSVRC2012_val_00038066.JPEG,5,71.47449517250061,0.0,3.9119440946034802,0.9419628117824079,0.5877765835089415,46520
1320,/home/projects/bagon/shared/imagenet512/val/n02099267/ILSVRC2012_val_00025184.JPEG,601,4.231109154759906,0.0009991897968575358,0.15208952694134126,0.6627154398919598,0.32838683672984703,46528
1321,/home/projects/bagon/shared/imagenet512/val/n02095314/ILSVRC2012_val_00041762.JPEG,293,16.42007458093576,0.0009978797752410173,0.26564495887729955,0.968805064190817,0.228674498944771,46546
1322,/home/projects/bagon/shared/imagenet512/val/n03179701/ILSVRC2012_val_00022464.JPEG,14,34.385911713237874,0.0008095800876617432,0.9264571534960642,0.9966931054385845,0.47357828434217814,46559
1323,/home/projects/bagon/shared/imagenet512/val/n01871265/ILSVRC2012_val_00026221.JPEG,344,31.898382641840726,0.000996093382127583,0.4585475301872688,0.9308345040368801,0.25897544400787287,46566
1324,/home/projects/bagon/shared/imagenet512/val/n02134418/ILSVRC2012_val_00003135.JPEG,5,789.5305752754211,0.0,69.3465256426507,0.9402408262685159,0.5001144505622949,46572
1325,/home/projects/bagon/shared/imagenet512/val/n03452741/ILSVRC2012_val_00003889.JPEG,4,9.722576296888263,2.3841855067985307e-07,0.6315834081951597,0.8795195231170332,0.6030674556832459,46573
1326,/home/projects/bagon/shared/imagenet512/val/n03388043/ILSVRC2012_val_00019659.JPEG,81,11.81068585603498,0.0009897815762087703,2.0015368919273775,0.9924455473890048,0.2604002751844675,46576
1327,/home/projects/bagon/shared/imagenet512/val/n01689811/ILSVRC2012_val_00008561.JPEG,130,40.08883000188507,0.0009996660519391298,0.3309182636145548,0.9983362326232286,0.1517419969508975,46579
1328,/home/projects/bagon/shared/imagenet512/val/n04136333/ILSVRC2012_val_00003695.JPEG,326,6.4606785729993135,0.0009978797752410173,0.1931353425697427,0.8731963848996109,0.2523000313110031,46580
1329,/home/projects/bagon/shared/imagenet512/val/n01689811/ILSVRC2012_val_00028626.JPEG,368,13.241114252712578,0.0009970461251214147,0.2594516045132964,0.9856822169926769,0.324719007759836,46585
1330,/home/projects/bagon/shared/imagenet512/val/n02095570/ILSVRC2012_val_00005060.JPEG,277,33.48313572409097,0.0009982370538637042,0.34590829975171583,0.9374653882403972,0.3504625144698546,46587
1331,/home/projects/bagon/shared/imagenet512/val/n01667114/ILSVRC2012_val_00038527.JPEG,10,54.4620840446878,0.00014327930693980306,1.782468184268884,0.9067155478131816,0.2966791801753651,46590
1332,/home/projects/bagon/shared/imagenet512/val/n04398044/ILSVRC2012_val_00044188.JPEG,237,4.341463666642085,0.0009997851448133588,0.1840214100352051,0.7520385474811172,0.30890509535877503,46607
1333,/home/projects/bagon/shared/imagenet512/val/n07802026/ILSVRC2012_val_00014094.JPEG,142,13.990304262144491,0.0009991897968575358,0.31330934181456765,0.9960035978544365,0.15522800900200115,46620
1334,/home/projects/bagon/shared/imagenet512/val/n04275548/ILSVRC2012_val_00049091.JPEG,190,23.75665599957574,0.0009934734553098679,0.839357308344424,0.9983726286497306,0.41878601402338145,46622
1335,/home/projects/bagon/shared/imagenet512/val/n04357314/ILSVRC2012_val_00026569.JPEG,111,10.211158014484681,0.0009908534120768309,0.2886562815053134,0.8733366591910812,0.2262801160486395,46625
1336,/home/projects/bagon/shared/imagenet512/val/n04118776/ILSVRC2012_val_00045651.JPEG,6,156.21623373031616,0.0,29.96288156629803,0.9988723620012264,0.5119828437552518,46632
1337,/home/projects/bagon/shared/imagenet512/val/n03929660/ILSVRC2012_val_00024209.JPEG,87,15.1847139330348,0.0009970461251214147,0.2266458390623656,0.977455360153768,0.24348289376465543,46635
1338,/home/projects/bagon/shared/imagenet512/val/n07831146/ILSVRC2012_val_00024518.JPEG,187,19.152212557732128,0.0009994279826059937,0.29701626435057144,0.9758611217204082,0.34495944226053377,46642
1339,/home/projects/bagon/shared/imagenet512/val/n04589890/ILSVRC2012_val_00024360.JPEG,169,4.890693049761467,0.000996212475001812,0.3027002310139197,0.9663622479320347,0.34440563364455706,46646
1340,/home/projects/bagon/shared/imagenet512/val/n02493509/ILSVRC2012_val_00021679.JPEG,493,5.005980660789646,0.0009999042376875877,0.1541430808604201,0.7585805965133409,0.21997971375121245,46663
1341,/home/projects/bagon/shared/imagenet512/val/n03590841/ILSVRC2012_val_00042696.JPEG,77,10.667193588102236,0.0009965697536244988,0.282106266533586,0.9979960165467401,0.2549264186242577,46671
1342,/home/projects/bagon/shared/imagenet512/val/n09399592/ILSVRC2012_val_00043889.JPEG,324,16.502568827476352,0.000998951611109078,0.27151128629322313,0.9793032172627566,0.2966420199211015,46687
1343,/home/projects/bagon/shared/imagenet512/val/n04590129/ILSVRC2012_val_00013882.JPEG,6,22.194704733788967,0.0,6.033899210236519,0.9992736716141116,0.48037800768635275,46719
1344,/home/projects/bagon/shared/imagenet512/val/n02443114/ILSVRC2012_val_00048525.JPEG,204,8.343627241905779,0.000998594332486391,0.2653227826810642,0.7975580014382329,0.3007896173295556,46721
1345,/home/projects/bagon/shared/imagenet512/val/n03796401/ILSVRC2012_val_00030948.JPEG,155,8.436411194386892,0.0009976415894925594,0.21295736507759347,0.9879534139399743,0.2149527341238325,46741
1346,/home/projects/bagon/shared/imagenet512/val/n02326432/ILSVRC2012_val_00018196.JPEG,289,5.1852278638398275,0.0009970461251214147,0.14834529484481276,0.927381303233942,0.16437227296219312,46748
1347,/home/projects/bagon/shared/imagenet512/val/n02114712/ILSVRC2012_val_00009578.JPEG,494,7.790404449682683,0.0009978797752410173,0.20093428545274497,0.8497441607996453,0.2655404879236898,46774
1348,/home/projects/bagon/shared/imagenet512/val/n03843555/ILSVRC2012_val_00046120.JPEG,5,53.82610213756561,0.0,13.657599256204776,0.9992635984053111,0.485976082017056,46786
1349,/home/projects/bagon/shared/imagenet512/val/n03710637/ILSVRC2012_val_00016626.JPEG,746,8.441034608054906,0.0009983561467379332,0.20065034449477176,0.6852501345213706,0.2617527724794766,46790
1350,/home/projects/bagon/shared/imagenet512/val/n03930630/ILSVRC2012_val_00026079.JPEG,207,14.409833265002817,0.000995974289253354,0.2920661669758261,0.9751757207213015,0.29568430262203726,46791
1351,/home/projects/bagon/shared/imagenet512/val/n01773549/ILSVRC2012_val_00039025.JPEG,310,10.80155500723049,0.0009997851448133588,0.3805428457008319,0.9317974301920717,0.35687418869090914,46797
1352,/home/projects/bagon/shared/imagenet512/val/n01990800/ILSVRC2012_val_00041213.JPEG,72,33.19019146205392,0.0009927588980644941,0.2987923241375836,0.9988036474529594,0.2613351270198294,46804
1353,/home/projects/bagon/shared/imagenet512/val/n02786058/ILSVRC2012_val_00037985.JPEG,5,66.02043581008911,0.0,15.015296527585948,0.9998305490178903,0.4362207359177137,46806
1354,/home/projects/bagon/shared/imagenet512/val/n04612504/ILSVRC2012_val_00031426.JPEG,204,15.452071883250028,0.0009982370538637042,0.3319757073554985,0.9533155764887478,0.2740439084027213,46812
1355,/home/projects/bagon/shared/imagenet512/val/n04462240/ILSVRC2012_val_00016686.JPEG,121,14.569865149213001,0.0009957361035048962,0.28349339127276757,0.9190100320352194,0.36126761506560645,46827
1356,/home/projects/bagon/shared/imagenet512/val/n04070727/ILSVRC2012_val_00033032.JPEG,277,23.242394566652365,0.0009976415894925594,0.5926283260183758,0.9803783326118973,0.46877974514514253,46833
1357,/home/projects/bagon/shared/imagenet512/val/n10148035/ILSVRC2012_val_00029882.JPEG,-1,nan,nan,nan,nan,nan,46835
1358,/home/projects/bagon/shared/imagenet512/val/n03207941/ILSVRC2012_val_00048287.JPEG,-1,nan,nan,nan,nan,nan,46836
1359,/home/projects/bagon/shared/imagenet512/val/n04265275/ILSVRC2012_val_00024097.JPEG,6,23.92874503135681,0.0,6.399099483367395,nan,0.4767376534900825,46838
1360,/home/projects/bagon/shared/imagenet512/val/n04209133/ILSVRC2012_val_00046639.JPEG,4,72.5407350063324,0.0,4.786401440770335,0.9522025825609826,0.5249759411971499,46857
1361,/home/projects/bagon/shared/imagenet512/val/n04118776/ILSVRC2012_val_00027203.JPEG,218,5.696208766894415,0.0009996660519391298,0.33539053401604935,0.9684061421904897,0.4068294777805358,46863
1362,/home/projects/bagon/shared/imagenet512/val/n03529860/ILSVRC2012_val_00033213.JPEG,240,4.449927933514118,0.000996212475001812,0.13859969569168196,0.9119398553278086,0.3022270260258286,46867
1363,/home/projects/bagon/shared/imagenet512/val/n03131574/ILSVRC2012_val_00022199.JPEG,302,10.861859624972567,0.0009976415894925594,0.2946141526069776,0.7936983949741572,0.3220176011749201,46870
1364,/home/projects/bagon/shared/imagenet512/val/n02219486/ILSVRC2012_val_00032504.JPEG,135,21.091902409796603,0.0009975224966183305,0.29466999981191927,0.9927837014666221,0.3391986773394381,46872
1365,/home/projects/bagon/shared/imagenet512/val/n03207941/ILSVRC2012_val_00014622.JPEG,84,12.944011279498227,0.0009924016194418073,0.2671570382272199,0.9941685214096356,0.24966192449177718,46874
1366,/home/projects/bagon/shared/imagenet512/val/n03903868/ILSVRC2012_val_00005095.JPEG,69,9.354901808081195,0.0009896624833345413,0.27338069037771484,0.9734270100587357,0.32951492270180355,46880
1367,/home/projects/bagon/shared/imagenet512/val/n02504458/ILSVRC2012_val_00022907.JPEG,472,18.756238383240998,0.0009997851448133588,0.4868210130308276,0.8984919379630353,0.3149751787657839,46889
1368,/home/projects/bagon/shared/imagenet512/val/n13054560/ILSVRC2012_val_00042718.JPEG,31,46.40083626867272,0.000990377040579915,0.573811454609161,0.989172856076839,0.45944677502254005,46903
1369,/home/projects/bagon/shared/imagenet512/val/n04371430/ILSVRC2012_val_00015591.JPEG,178,17.87884471565485,0.0009953788248822093,0.35924085556872676,0.9375588132908864,0.21062516585830757,46907
1370,/home/projects/bagon/shared/imagenet512/val/n04356056/ILSVRC2012_val_00032243.JPEG,-1,nan,nan,nan,nan,nan,46909
1371,/home/projects/bagon/shared/imagenet512/val/n01744401/ILSVRC2012_val_00037464.JPEG,439,12.481958373798989,0.0009994279826059937,0.2488992539943983,nan,0.21603672767267407,46911
1372,/home/projects/bagon/shared/imagenet512/val/n02104365/ILSVRC2012_val_00045533.JPEG,204,38.209002413321286,0.0009972843108698726,1.3344695018369077,0.884477144501353,0.49364557572549733,46919
1373,/home/projects/bagon/shared/imagenet512/val/n02123159/ILSVRC2012_val_00045958.JPEG,463,9.66711949009914,0.0009975224966183305,0.2181442357311423,0.8772811656148052,0.20246449265868882,46933
1374,/home/projects/bagon/shared/imagenet512/val/n04141975/ILSVRC2012_val_00007472.JPEG,23,19.589040114660747,0.0009956170106306672,0.27447958558531615,0.9983343168739978,0.15865728457077127,46942
1375,/home/projects/bagon/shared/imagenet512/val/n03976657/ILSVRC2012_val_00046123.JPEG,179,12.597430775058456,0.0009969270322471857,0.19278617598881745,0.9896527395766069,0.22427921716636848,46946
1376,/home/projects/bagon/shared/imagenet512/val/n02106030/ILSVRC2012_val_00016572.JPEG,543,11.171718005440198,0.000998951611109078,0.41516738356326754,0.68651727614776,0.20469001283364271,46963
1377,/home/projects/bagon/shared/imagenet512/val/n04398044/ILSVRC2012_val_00039681.JPEG,5,22.54820426410879,0.00027807659353129566,0.9217567640539772,0.8622080114127751,0.3268023310345195,46967
1378,/home/projects/bagon/shared/imagenet512/val/n04355933/ILSVRC2012_val_00039909.JPEG,515,14.976116758887656,0.000998951611109078,0.26923435239204385,0.991704761695019,0.33055555823135807,46973
1379,/home/projects/bagon/shared/imagenet512/val/n02089973/ILSVRC2012_val_00001777.JPEG,322,12.458388084312901,0.0009995469590649009,0.4103102596991104,0.6708986226913539,0.4299282165464287,46980
1380,/home/projects/bagon/shared/imagenet512/val/n02111500/ILSVRC2012_val_00022990.JPEG,286,9.772180351894349,0.0009978797752410173,0.2271090612188284,0.9468381403916957,0.28185509723804403,46986
1381,/home/projects/bagon/shared/imagenet512/val/n04557648/ILSVRC2012_val_00019201.JPEG,-1,nan,nan,nan,nan,nan,46993
1382,/home/projects/bagon/shared/imagenet512/val/n01514668/ILSVRC2012_val_00010208.JPEG,144,1.56465250661131,0.0009981179609894753,0.08297928402972958,nan,0.10930045123508492,47008
1383,/home/projects/bagon/shared/imagenet512/val/n04579145/ILSVRC2012_val_00031287.JPEG,168,15.602069548564032,0.0009953788248822093,0.2768729994835732,0.9973261230014557,0.29262603220684513,47012
1384,/home/projects/bagon/shared/imagenet512/val/n02092002/ILSVRC2012_val_00049206.JPEG,284,6.478577540954575,0.0009975224966183305,0.21795133148752044,0.9643453078187556,0.20879378323480022,47027
1385,/home/projects/bagon/shared/imagenet512/val/n03180011/ILSVRC2012_val_00009325.JPEG,311,7.4435994868399575,0.0009999042376875877,0.16672903379422013,0.8897000749373286,0.21263574136497934,47032
1386,/home/projects/bagon/shared/imagenet512/val/n03485407/ILSVRC2012_val_00005121.JPEG,326,5.100904563558288,0.0009995469590649009,0.1839226980499439,0.9421129692994434,0.3366572255025683,47041
1387,/home/projects/bagon/shared/imagenet512/val/n03661043/ILSVRC2012_val_00009804.JPEG,162,11.940649377647787,0.000993830617517233,0.260341788214733,0.8547847330402208,0.21461868895836425,47062
1388,/home/projects/bagon/shared/imagenet512/val/n04332243/ILSVRC2012_val_00009360.JPEG,194,4.630805244320072,0.0009975224966183305,0.18017567795408923,0.9516238335800736,0.22968364523585802,47063
1389,/home/projects/bagon/shared/imagenet512/val/n02094433/ILSVRC2012_val_00011893.JPEG,442,20.98658850416541,0.0009990707039833069,0.26057649696135426,0.9947574515407316,0.3148642944968636,47074
1390,/home/projects/bagon/shared/imagenet512/val/n03903868/ILSVRC2012_val_00034941.JPEG,83,3.06620326184202,0.0009997851448133588,0.16224415105747436,0.8836857514948984,0.20457314289323986,47084
1391,/home/projects/bagon/shared/imagenet512/val/n03871628/ILSVRC2012_val_00049179.JPEG,9,52.93951213359833,0.0,57.874488461107106,0.9147681939610434,0.5845900582674967,47086
1392,/home/projects/bagon/shared/imagenet512/val/n07614500/ILSVRC2012_val_00038691.JPEG,125,14.32272901723627,0.000998951611109078,0.20623200912996356,0.9059601932163469,0.16789406164208545,47110
1393,/home/projects/bagon/shared/imagenet512/val/n04254777/ILSVRC2012_val_00013273.JPEG,4,47.57767677307129,0.0,27.115683880577997,0.9999438817361048,0.5502041607735062,47118
1394,/home/projects/bagon/shared/imagenet512/val/n04286575/ILSVRC2012_val_00001679.JPEG,6,125.2905048429966,0.0,107.5793659799615,0.99482967430762,0.35536473040331024,47119
1395,/home/projects/bagon/shared/imagenet512/val/n04005630/ILSVRC2012_val_00004865.JPEG,191,8.97068327863235,0.0009993088897317648,0.22524009730765354,0.9956447902143201,0.24274109478381983,47122
1396,/home/projects/bagon/shared/imagenet512/val/n09428293/ILSVRC2012_val_00049343.JPEG,5,148.02825832366943,0.0,8.762674171071748,0.9979721163255785,0.5252235140627901,47139
1397,/home/projects/bagon/shared/imagenet512/val/n03637318/ILSVRC2012_val_00046581.JPEG,-1,nan,nan,nan,nan,nan,47141
1398,/home/projects/bagon/shared/imagenet512/val/n04428191/ILSVRC2012_val_00014087.JPEG,192,3.736031918320805,0.0009981179609894753,0.16131127070207837,nan,0.2342966394703073,47149
1399,/home/projects/bagon/shared/imagenet512/val/n02494079/ILSVRC2012_val_00009682.JPEG,765,14.308826754800975,0.0009990707039833069,0.46093377321862977,0.7551330010632433,0.3311437914172687,47157
1400,/home/projects/bagon/shared/imagenet512/val/n04286575/ILSVRC2012_val_00037651.JPEG,161,2.546059548854828,0.0009977606823667884,0.16324255465296214,0.5643271030059904,0.37164757186001185,47158
1401,/home/projects/bagon/shared/imagenet512/val/n04599235/ILSVRC2012_val_00027561.JPEG,4,21.963023900985718,0.0,8.071302685433576,0.9538723407863389,0.524421600170207,47169
1402,/home/projects/bagon/shared/imagenet512/val/n04286575/ILSVRC2012_val_00014051.JPEG,156,16.056521144346334,0.000996331567876041,0.44987936916314125,0.9937839103475731,0.49189298338437726,47174
1403,/home/projects/bagon/shared/imagenet512/val/n03062245/ILSVRC2012_val_00001471.JPEG,224,11.164450612384826,0.000998951611109078,0.518715101455465,0.9780623120208594,0.4068527651021824,47183
1404,/home/projects/bagon/shared/imagenet512/val/n02086240/ILSVRC2012_val_00024776.JPEG,162,29.92913643247448,0.0009934734553098679,0.6552570477296189,0.9464136209744729,0.3288564730896285,47204
1405,/home/projects/bagon/shared/imagenet512/val/n02123159/ILSVRC2012_val_00036268.JPEG,593,9.344542186823674,0.0009982370538637042,0.3088955410850604,0.8320696923545801,0.2825160490697821,47206
1406,/home/projects/bagon/shared/imagenet512/val/n03857828/ILSVRC2012_val_00033905.JPEG,97,22.31910339090973,0.0009975224966183305,1.8124125751101126,0.9954180927016499,0.4954804334003128,47223
1407,/home/projects/bagon/shared/imagenet512/val/n02443114/ILSVRC2012_val_00045379.JPEG,297,26.425241627148353,0.0009969270322471857,0.3576808908745468,0.9735996772366947,0.28677126325753766,47229
1408,/home/projects/bagon/shared/imagenet512/val/n01667114/ILSVRC2012_val_00036345.JPEG,333,46.54968662012834,0.0009999042376875877,0.45075322291800096,0.9658668967381647,0.4078857655411603,47246
1409,/home/projects/bagon/shared/imagenet512/val/n02441942/ILSVRC2012_val_00031642.JPEG,291,16.56702116888482,0.0009976415894925594,0.3284053450745638,0.9664309009207528,0.32738508681693335,47250
1410,/home/projects/bagon/shared/imagenet512/val/n03032252/ILSVRC2012_val_00024311.JPEG,-1,nan,nan,nan,nan,nan,47262
1411,/home/projects/bagon/shared/imagenet512/val/n07615774/ILSVRC2012_val_00018091.JPEG,4,17.635514736175537,0.0,28.837945356833576,nan,0.6167254577158194,47275
1412,/home/projects/bagon/shared/imagenet512/val/n04008634/ILSVRC2012_val_00020190.JPEG,721,10.434367621433921,0.0009999042376875877,0.2205844056936203,0.6910663097505991,0.262011965863341,47277
1413,/home/projects/bagon/shared/imagenet512/val/n03063689/ILSVRC2012_val_00036792.JPEG,-1,nan,nan,nan,nan,nan,47278
1414,/home/projects/bagon/shared/imagenet512/val/n02980441/ILSVRC2012_val_00020249.JPEG,442,22.8706189354416,0.000998832518234849,0.3513236579299372,nan,0.3690301319197944,47292
1415,/home/projects/bagon/shared/imagenet512/val/n04008634/ILSVRC2012_val_00002304.JPEG,87,15.209221380879171,0.000988114275969565,0.26682243170046904,0.9964192061919819,0.23880745411274545,47303
1416,/home/projects/bagon/shared/imagenet512/val/n02747177/ILSVRC2012_val_00039919.JPEG,42,13.540723809273914,0.0009887097403407097,0.3150076970663238,0.9494215565541468,0.12854341943342734,47306
1417,/home/projects/bagon/shared/imagenet512/val/n04004767/ILSVRC2012_val_00022694.JPEG,190,10.2864258592017,0.000998594332486391,0.3105924347548098,0.9522434418240943,0.2627703504564818,47314
1418,/home/projects/bagon/shared/imagenet512/val/n03666591/ILSVRC2012_val_00014322.JPEG,90,13.630423486465588,0.0009946642676368356,0.24847192237703802,0.9987030162039239,0.12781368281092917,47315
1419,/home/projects/bagon/shared/imagenet512/val/n04296562/ILSVRC2012_val_00003686.JPEG,306,12.114843761897646,0.0009981179609894753,0.2564277562481619,0.9922290464789416,0.23275735014242366,47319
1420,/home/projects/bagon/shared/imagenet512/val/n02109961/ILSVRC2012_val_00024226.JPEG,537,29.882505589630455,0.0009978797752410173,0.3641704382371322,0.9833650145305053,0.28744487763830684,47323
1421,/home/projects/bagon/shared/imagenet512/val/n07892512/ILSVRC2012_val_00043894.JPEG,222,8.817938838037662,0.0009966888464987278,0.3830766078414021,0.9063236159213244,0.37159031212279425,47332
1422,/home/projects/bagon/shared/imagenet512/val/n03691459/ILSVRC2012_val_00037730.JPEG,5,427.3662865161896,0.0,47.074679697175135,0.9998521263848045,0.516218810475509,47347
1423,/home/projects/bagon/shared/imagenet512/val/n02085782/ILSVRC2012_val_00021896.JPEG,98,35.71399759419728,0.0009976415894925594,1.0752937856590357,0.9801182262633169,0.3948815239706046,47348
1424,/home/projects/bagon/shared/imagenet512/val/n03782006/ILSVRC2012_val_00018503.JPEG,693,14.603584386059083,0.000998951611109078,0.4078304417672153,0.8609803915101055,0.43838293537115514,47361
1425,/home/projects/bagon/shared/imagenet512/val/n02704792/ILSVRC2012_val_00006872.JPEG,83,15.445311553310603,0.0009900197619572282,0.23467139543794316,0.9654433358450336,0.20887717508844914,47371
1426,/home/projects/bagon/shared/imagenet512/val/n02106662/ILSVRC2012_val_00030828.JPEG,276,15.82890892168507,0.0009969270322471857,0.32646794783887434,0.8473636631178574,0.3413557585796751,47383
1427,/home/projects/bagon/shared/imagenet512/val/n03197337/ILSVRC2012_val_00020267.JPEG,152,4.69605499622412,0.0009964506607502699,0.1606048590145979,0.9169384344559439,0.24770929568571123,47384
1428,/home/projects/bagon/shared/imagenet512/val/n03903868/ILSVRC2012_val_00024632.JPEG,95,8.931260283803567,0.0009953788248822093,0.3059395048686232,0.9815642558438432,0.26165189080023343,47391
1429,/home/projects/bagon/shared/imagenet512/val/n03642806/ILSVRC2012_val_00033185.JPEG,290,8.240289408480749,0.0009997851448133588,0.20723605214875973,0.8575595939418261,0.39882059722966834,47403
1430,/home/projects/bagon/shared/imagenet512/val/n03124170/ILSVRC2012_val_00003256.JPEG,6,26.646795749664307,0.0,0.8729702903053144,0.9811218175863464,0.24856625923921924,47415
1431,/home/projects/bagon/shared/imagenet512/val/n01773549/ILSVRC2012_val_00033819.JPEG,241,3.232354465755634,0.0009969270322471857,0.13245764972304389,0.816654985450517,0.27848072431386267,47422
1432,/home/projects/bagon/shared/imagenet512/val/n02123159/ILSVRC2012_val_00021195.JPEG,682,5.427946736221202,0.0009990707039833069,0.1757672696207483,0.7477309074795379,0.20185757623840112,47425
1433,/home/projects/bagon/shared/imagenet512/val/n03633091/ILSVRC2012_val_00009892.JPEG,91,20.669529880629852,0.0009958551963791251,0.24068422989271904,0.9912375811171551,0.31521829344590846,47435
1434,/home/projects/bagon/shared/imagenet512/val/n12144580/ILSVRC2012_val_00030528.JPEG,340,10.563111378229223,0.0009977606823667884,0.30912228356937527,0.9774606684104097,0.32191119004537044,47439
1435,/home/projects/bagon/shared/imagenet512/val/n01756291/ILSVRC2012_val_00043119.JPEG,376,8.64800747053232,0.0009995469590649009,0.20324721679811364,0.8443472850653733,0.201519048609628,47448
1436,/home/projects/bagon/shared/imagenet512/val/n02085782/ILSVRC2012_val_00033476.JPEG,231,7.034459083923139,0.0009996660519391298,0.30277081326808203,0.9739945245319787,0.4419218611783764,47475
1437,/home/projects/bagon/shared/imagenet512/val/n02979186/ILSVRC2012_val_00044373.JPEG,388,6.59630698512774,0.0009997851448133588,0.18207524064603225,0.8121577477031078,0.2849340865065588,47480
1438,/home/projects/bagon/shared/imagenet512/val/n01729322/ILSVRC2012_val_00022930.JPEG,226,4.487057125195861,0.0009966888464987278,0.2359472117236376,0.8776509790223169,0.12337229313701256,47483
1439,/home/projects/bagon/shared/imagenet512/val/n09428293/ILSVRC2012_val_00013774.JPEG,3,11.912135124206543,0.0,2.7859267349412606,0.960799175940776,0.5600337946578824,47489
1440,/home/projects/bagon/shared/imagenet512/val/n04355933/ILSVRC2012_val_00000704.JPEG,-1,nan,nan,nan,nan,nan,47491
1441,/home/projects/bagon/shared/imagenet512/val/n02110185/ILSVRC2012_val_00000269.JPEG,332,14.25070743006654,0.0009981179609894753,0.328417620608624,nan,0.4293108744230831,47493
1442,/home/projects/bagon/shared/imagenet512/val/n02930766/ILSVRC2012_val_00038811.JPEG,150,18.695985285798088,0.000993354362435639,0.22249040762864938,0.9988317270926645,0.23274073556410868,47514
1443,/home/projects/bagon/shared/imagenet512/val/n04264628/ILSVRC2012_val_00022053.JPEG,612,7.046220021904446,0.000998594332486391,0.18523143920039,0.8930604120231433,0.30790785673375054,47524
1444,/home/projects/bagon/shared/imagenet512/val/n04286575/ILSVRC2012_val_00023584.JPEG,-1,nan,nan,nan,nan,nan,47544
1445,/home/projects/bagon/shared/imagenet512/val/n03895866/ILSVRC2012_val_00038339.JPEG,191,32.8074736247072,0.0009979988681152463,0.36179259953253756,nan,0.22580363911349094,47548
1446,/home/projects/bagon/shared/imagenet512/val/n04326547/ILSVRC2012_val_00008758.JPEG,120,28.29750763415359,0.0009941878961399198,0.6607491333836546,0.9832109991816472,0.4730245667383302,47560
1447,/home/projects/bagon/shared/imagenet512/val/n02206856/ILSVRC2012_val_00036958.JPEG,197,1.658095421269536,0.0009949024533852935,0.11362451985706175,0.5569831799556311,0.3012410976563412,47561
1448,/home/projects/bagon/shared/imagenet512/val/n03532672/ILSVRC2012_val_00023777.JPEG,-1,nan,nan,nan,nan,nan,47576
1449,/home/projects/bagon/shared/imagenet512/val/n02999410/ILSVRC2012_val_00029452.JPEG,-1,nan,nan,nan,nan,nan,47583
1450,/home/projects/bagon/shared/imagenet512/val/n04286575/ILSVRC2012_val_00042961.JPEG,3,7.353336811065674,0.0,0.8567077420253737,nan,0.530239483805496,47609
1451,/home/projects/bagon/shared/imagenet512/val/n01914609/ILSVRC2012_val_00042456.JPEG,274,3.4324217996327206,0.0009984752396121621,0.11686511497187332,0.7901811284000316,0.12688170598232865,47618
1452,/home/projects/bagon/shared/imagenet512/val/n04376876/ILSVRC2012_val_00042241.JPEG,105,17.900104196276516,0.000995974289253354,0.2695665021032431,0.9980289689136921,0.3469929885967191,47622
1453,/home/projects/bagon/shared/imagenet512/val/n04560804/ILSVRC2012_val_00005333.JPEG,293,10.914025380043313,0.0009972843108698726,0.23212177764540393,0.9939344371105858,0.39968008774146024,47626
1454,/home/projects/bagon/shared/imagenet512/val/n03481172/ILSVRC2012_val_00027296.JPEG,85,10.951583153684624,0.0009859706042334437,0.18816054276946656,0.9928020190551239,0.16506331506379424,47634
1455,/home/projects/bagon/shared/imagenet512/val/n03452741/ILSVRC2012_val_00021188.JPEG,234,2.941553264972754,0.0009969270322471857,0.12473439021457586,0.7156702062560117,0.18934967381663081,47644
1456,/home/projects/bagon/shared/imagenet512/val/n03180011/ILSVRC2012_val_00036393.JPEG,216,7.723744297283702,0.0009956170106306672,0.22575441903952267,0.9599500206206606,0.340563960440989,47656
1457,/home/projects/bagon/shared/imagenet512/val/n03938244/ILSVRC2012_val_00008191.JPEG,69,11.972535787150264,0.000993711524643004,0.24819256977449178,0.9955553953856259,0.25853774435092414,47664
1458,/home/projects/bagon/shared/imagenet512/val/n01644900/ILSVRC2012_val_00030622.JPEG,303,12.818586050067097,0.0009976415894925594,0.28543195045461606,0.9463071863037703,0.306566244922309,47669
1459,/home/projects/bagon/shared/imagenet512/val/n01773549/ILSVRC2012_val_00023989.JPEG,225,13.035009762854315,0.0009994279826059937,0.31387310164029697,0.9956783360302507,0.2625197563922085,47688
1460,/home/projects/bagon/shared/imagenet512/val/n02526121/ILSVRC2012_val_00000933.JPEG,344,21.281799069372937,0.00099871342536062,0.2923191586457661,0.9959269182722473,0.19616223526585766,47693
1461,/home/projects/bagon/shared/imagenet512/val/n07930864/ILSVRC2012_val_00037077.JPEG,206,8.34478124033194,0.0009991897968575358,0.259793265713569,0.9326131838312951,0.39741469235237925,47699
1462,/home/projects/bagon/shared/imagenet512/val/n02094114/ILSVRC2012_val_00011404.JPEG,291,23.147000020951964,0.0009974034037441015,0.33982504644465,0.967378838994959,0.428122779060341,47716
1463,/home/projects/bagon/shared/imagenet512/val/n03124043/ILSVRC2012_val_00033631.JPEG,99,19.09674484655261,0.0009947833605110645,0.2419117322913294,0.9898426797386976,0.1961057881394463,47721
1464,/home/projects/bagon/shared/imagenet512/val/n09428293/ILSVRC2012_val_00003056.JPEG,292,9.235346714500338,0.0009972843108698726,0.2424538857415059,0.985412858045349,0.24448445086139026,47724
1465,/home/projects/bagon/shared/imagenet512/val/n02105412/ILSVRC2012_val_00027094.JPEG,104,8.305899823782966,0.000996093382127583,0.272889895926812,0.9841877907736934,0.16692756627664823,47731
1466,/home/projects/bagon/shared/imagenet512/val/n03709823/ILSVRC2012_val_00032241.JPEG,322,5.931226393557154,0.0009975224966183305,0.2918237054047273,0.8266749606414198,0.4088156429990385,47732
1467,/home/projects/bagon/shared/imagenet512/val/n02091134/ILSVRC2012_val_00036765.JPEG,219,5.451882802415639,0.0009950215462595224,0.20018276058911788,0.9622809396864559,0.29117471439782594,47739
1468,/home/projects/bagon/shared/imagenet512/val/n04330267/ILSVRC2012_val_00028834.JPEG,97,2.9930344205349684,0.0009909725049510598,0.14650255276162133,0.9002505332269735,0.1607794866738162,47760
1469,/home/projects/bagon/shared/imagenet512/val/n01796340/ILSVRC2012_val_00031689.JPEG,137,34.23521300684661,0.0009994279826059937,0.49016199456492904,0.9889609058054346,0.3679041330495427,47767
1470,/home/projects/bagon/shared/imagenet512/val/n02776631/ILSVRC2012_val_00021392.JPEG,392,13.728677712380886,0.0009976415894925594,0.2608451665413278,0.9935837100508542,0.34973358534224314,47774
1471,/home/projects/bagon/shared/imagenet512/val/n02916936/ILSVRC2012_val_00018713.JPEG,-1,nan,nan,nan,nan,nan,47776
1472,/home/projects/bagon/shared/imagenet512/val/n04493381/ILSVRC2012_val_00008574.JPEG,-1,nan,nan,nan,nan,nan,47793
1473,/home/projects/bagon/shared/imagenet512/val/n03710721/ILSVRC2012_val_00030322.JPEG,534,9.315232136053964,0.00099871342536062,0.23637521758903554,nan,0.32541469179645066,47800
1474,/home/projects/bagon/shared/imagenet512/val/n09428293/ILSVRC2012_val_00022923.JPEG,265,24.126073524705134,0.0009983561467379332,0.39270704961121616,0.9814684620235088,0.4285350103227603,47806
1475,/home/projects/bagon/shared/imagenet512/val/n01630670/ILSVRC2012_val_00032171.JPEG,289,5.781200640019961,0.0009977606823667884,0.21605899183820304,0.45376900240922285,0.3110059027519241,47825
1476,/home/projects/bagon/shared/imagenet512/val/n03594945/ILSVRC2012_val_00018474.JPEG,5,31.603689193725586,0.0,43.572591165400425,0.9772693131254591,0.3873954528279771,47834
1477,/home/projects/bagon/shared/imagenet512/val/n04296562/ILSVRC2012_val_00006930.JPEG,9,43.5138857960701,0.0,7.763449486951263,0.9925393757377433,0.2724595066661577,47838
1478,/home/projects/bagon/shared/imagenet512/val/n02268443/ILSVRC2012_val_00035582.JPEG,429,3.192570748971775,0.0009996660519391298,0.12182837325964545,0.596575340316597,0.23287929890988066,47843
1479,/home/projects/bagon/shared/imagenet512/val/n03065424/ILSVRC2012_val_00020368.JPEG,154,8.626306626596488,0.0009982370538637042,0.19301271723750033,0.997601439448017,0.19558726167715218,47850
1480,/home/projects/bagon/shared/imagenet512/val/n09193705/ILSVRC2012_val_00017733.JPEG,4,34.836676716804504,0.0,10.07347691885589,0.8224894476149207,0.48807551618654393,47858
1481,/home/projects/bagon/shared/imagenet512/val/n03642806/ILSVRC2012_val_00048251.JPEG,8,24.81431072950363,0.0,1.8342407022648197,0.7728925320910466,0.4893120358737173,47861
1482,/home/projects/bagon/shared/imagenet512/val/n02869837/ILSVRC2012_val_00048571.JPEG,-1,nan,nan,nan,nan,nan,47866
1483,/home/projects/bagon/shared/imagenet512/val/n04090263/ILSVRC2012_val_00013267.JPEG,259,16.132852773880586,0.0009956170106306672,0.524302182018494,nan,0.35073917742742744,47873
1484,/home/projects/bagon/shared/imagenet512/val/n04599235/ILSVRC2012_val_00033022.JPEG,145,12.133286494994536,0.0009965697536244988,0.2289191951608087,0.9373603365509406,0.4119945379764615,47876
1485,/home/projects/bagon/shared/imagenet512/val/n04366367/ILSVRC2012_val_00006298.JPEG,257,22.1992218705127,0.0009964506607502699,0.8410863896803139,0.9673279188765495,0.3490287385908111,47879
1486,/home/projects/bagon/shared/imagenet512/val/n04285008/ILSVRC2012_val_00013805.JPEG,4,146.16689014434814,0.0,9.255311653879458,0.9972874434454291,0.5021562115549845,47888
1487,/home/projects/bagon/shared/imagenet512/val/n03250847/ILSVRC2012_val_00038053.JPEG,268,6.438277834211476,0.0009983561467379332,0.22442626358051657,0.9773946862210388,0.3059192333888735,47892
1488,/home/projects/bagon/shared/imagenet512/val/n01644900/ILSVRC2012_val_00020180.JPEG,7,33.42567539215088,0.0,0.7398788169964423,0.9669381042493758,0.46358782216692646,47905
1489,/home/projects/bagon/shared/imagenet512/val/n02823428/ILSVRC2012_val_00006248.JPEG,4,28.993810176849365,0.0,1.5039932797042201,0.999057632980184,0.4409425265945987,47906
1490,/home/projects/bagon/shared/imagenet512/val/n07248320/ILSVRC2012_val_00010338.JPEG,157,6.9411144244950265,0.000996212475001812,0.2909261561251584,0.8911669394873197,0.30670171483277353,47939
1491,/home/projects/bagon/shared/imagenet512/val/n03482405/ILSVRC2012_val_00019326.JPEG,4,17.99987828731537,0.0,3.2938862879272435,0.7641703856950295,0.4805185762749024,47943
1492,/home/projects/bagon/shared/imagenet512/val/n02088466/ILSVRC2012_val_00015244.JPEG,320,45.24768128315918,0.0009975224966183305,0.43568398513495016,0.9099426338979059,0.4877603606009431,47952
1493,/home/projects/bagon/shared/imagenet512/val/n02395406/ILSVRC2012_val_00036996.JPEG,135,32.09919735288713,0.0009981179609894753,0.44756311576441266,0.9758823391490333,0.43490651974765726,47976
1494,/home/projects/bagon/shared/imagenet512/val/n02106030/ILSVRC2012_val_00020196.JPEG,519,9.612898146966472,0.000998832518234849,0.20894615898759464,0.8173247734091589,0.21966694277014182,47979
1495,/home/projects/bagon/shared/imagenet512/val/n04004767/ILSVRC2012_val_00016838.JPEG,-1,nan,nan,nan,nan,nan,47980
1496,/home/projects/bagon/shared/imagenet512/val/n02669723/ILSVRC2012_val_00010024.JPEG,758,6.1533792852424085,0.0009996660519391298,0.24033704533321912,nan,0.32186153593680866,47982
1497,/home/projects/bagon/shared/imagenet512/val/n02676566/ILSVRC2012_val_00049664.JPEG,439,7.217483742162585,0.0009990707039833069,0.191004176674106,0.9300561955038837,0.30864393869007206,47995
1498,/home/projects/bagon/shared/imagenet512/val/n03776460/ILSVRC2012_val_00020127.JPEG,181,35.649094716180116,0.000996093382127583,1.49173240474278,0.9808729755540161,0.2818895663796374,48001
1499,/home/projects/bagon/shared/imagenet512/val/n03297495/ILSVRC2012_val_00041481.JPEG,199,7.181167375529185,0.0009994279826059937,0.19930720144366146,0.8532550108153348,0.17461609423674015,48012
