example_index,path,total_steps_to_epsilon,total_loss_sum,final_loss,weight_distance,softmax_wasserstein,grad_mass_wasserstein,universal_difficulty_rank,global_linear_cka
0,/home/projects/bagon/shared/imagenet512/val/n07720875/ILSVRC2012_val_00023892.JPEG,1465,205.93619537353516,0.00099945068359375,0.07280376578510842,0.8135344491870798,0.007955981621800067,21037,0.9879271682398948
1,/home/projects/bagon/shared/imagenet512/val/n04482393/ILSVRC2012_val_00049567.JPEG,1315,607.7452087402344,0.00099945068359375,0.08073804920474277,0.9714726681160906,0.02839270619609374,21039,0.9831105145497947
2,/home/projects/bagon/shared/imagenet512/val/n02123394/ILSVRC2012_val_00003382.JPEG,1323,590.4433517456055,0.00099945068359375,0.07429165660708902,0.9783345172373716,0.005404765663918749,21047,0.9804401118710665
3,/home/projects/bagon/shared/imagenet512/val/n04127249/ILSVRC2012_val_00033544.JPEG,1158,408.3040351867676,0.000957489013671875,0.06967600540406503,0.9598627898835674,0.011556329827487624,21048,0.9700298396384143
4,/home/projects/bagon/shared/imagenet512/val/n01692333/ILSVRC2012_val_00015190.JPEG,951,262.9274368286133,0.0009918212890625,0.0649848286949961,0.8726442981423544,0.0054265996421922775,21059,0.9882324519062401
5,/home/projects/bagon/shared/imagenet512/val/n03095699/ILSVRC2012_val_00018818.JPEG,1208,222.14208984375,0.00096893310546875,0.07009140124885097,0.8680231648250553,0.009493649070346373,21065,0.9821986851460406
6,/home/projects/bagon/shared/imagenet512/val/n02018207/ILSVRC2012_val_00006231.JPEG,1007,136.7098846435547,0.0009918212890625,0.05964803220526733,0.7480017047177716,0.01733083505754667,21066,0.9897106052707277
7,/home/projects/bagon/shared/imagenet512/val/n02002724/ILSVRC2012_val_00018159.JPEG,1204,145.5824966430664,0.00099945068359375,0.06305997893557433,0.7182479128740028,0.007419494025846541,21078,0.9712893236835798
8,/home/projects/bagon/shared/imagenet512/val/n01532829/ILSVRC2012_val_00038160.JPEG,1315,595.812255859375,0.00099945068359375,0.08203055978318574,0.9620668168832551,0.008303312092801149,21088,0.9874518739015372
9,/home/projects/bagon/shared/imagenet512/val/n01955084/ILSVRC2012_val_00018435.JPEG,621,69.08165740966797,0.0009613037109375,0.04276543754585543,0.6145038547886367,0.0013201015509707193,21094,0.9823238754740192
10,/home/projects/bagon/shared/imagenet512/val/n12267677/ILSVRC2012_val_00024975.JPEG,1277,738.7588500976562,0.0009613037109375,0.08246972689790417,0.9772013440798366,0.005513726168122964,21104,0.9789827973349239
11,/home/projects/bagon/shared/imagenet512/val/n01986214/ILSVRC2012_val_00009485.JPEG,849,15.655746459960938,0.0009765625,0.04278549846052592,0.17004022498589502,0.004305016245009307,21111,0.9941308093029761
12,/home/projects/bagon/shared/imagenet512/val/n01689811/ILSVRC2012_val_00038667.JPEG,851,219.83331298828125,0.0009613037109375,0.05469554243777362,0.8936137825416283,0.007102005991956111,21115,0.9719225258861431
13,/home/projects/bagon/shared/imagenet512/val/n02115641/ILSVRC2012_val_00029825.JPEG,1197,118.19689178466797,0.000946044921875,0.06735768303419938,0.6024133531553513,0.011216962385194436,21119,0.9862299764493819
14,/home/projects/bagon/shared/imagenet512/val/n04423845/ILSVRC2012_val_00047072.JPEG,1175,1222.2123069763184,0.000972747802734375,0.08077219085733843,0.997403638858323,0.006723191473493269,21132,0.9928310723966953
15,/home/projects/bagon/shared/imagenet512/val/n02442845/ILSVRC2012_val_00048096.JPEG,1497,265.0733184814453,0.00099945068359375,0.07464144224316005,0.8787254169398823,0.008848894959697262,21144,0.9796785417454902
16,/home/projects/bagon/shared/imagenet512/val/n02321529/ILSVRC2012_val_00024300.JPEG,1066,52.219566345214844,0.00096893310546875,0.055474324198463966,0.4105701069917518,0.009022826171184373,21151,0.9921030806146627
17,/home/projects/bagon/shared/imagenet512/val/n03085013/ILSVRC2012_val_00008331.JPEG,2411,377.80965423583984,0.00099945068359375,0.09711402838784358,0.9211624047580305,0.00640191871213507,21163,0.9756007417739314
18,/home/projects/bagon/shared/imagenet512/val/n02088094/ILSVRC2012_val_00014386.JPEG,1176,284.0148696899414,0.00099945068359375,0.07077738948851235,0.8689022741483579,0.010740387783639865,21169,0.9859715561128781
19,/home/projects/bagon/shared/imagenet512/val/n02009912/ILSVRC2012_val_00005474.JPEG,2687,121.95236206054688,0.00099945068359375,0.08797890819656404,0.5761545930394054,0.020215523496489224,21191,0.9645591006303482
20,/home/projects/bagon/shared/imagenet512/val/n01440764/ILSVRC2012_val_00028158.JPEG,1304,120.89218139648438,0.00098419189453125,0.06814915892817096,0.6663384748980302,0.013079285152428007,21211,0.9892629320131732
21,/home/projects/bagon/shared/imagenet512/val/n02422106/ILSVRC2012_val_00038984.JPEG,1693,379.79139709472656,0.00098419189453125,0.08650083263070764,0.9278985876454531,0.014609892866273922,21213,0.9794315726492083
22,/home/projects/bagon/shared/imagenet512/val/n04090263/ILSVRC2012_val_00028504.JPEG,2240,438.8499450683594,0.00098419189453125,0.0847607113878468,0.9626430311730514,0.018293844004755415,21231,0.9878427011574477
23,/home/projects/bagon/shared/imagenet512/val/n02408429/ILSVRC2012_val_00008103.JPEG,1178,377.3431701660156,0.0009613037109375,0.07319416418447401,0.9301085893233896,0.005340587876976886,21246,0.9841200719264698
24,/home/projects/bagon/shared/imagenet512/val/n01729322/ILSVRC2012_val_00006440.JPEG,2251,212.50542449951172,0.00098419189453125,0.0971168219694922,0.7141683807155654,0.009147765591063638,21263,0.9813679245772196
25,/home/projects/bagon/shared/imagenet512/val/n03908714/ILSVRC2012_val_00005829.JPEG,689,5.3109588623046875,0.0009765625,0.03000663248743132,0.061918163471065546,0.008152596686669705,21267,0.9981446651413148
26,/home/projects/bagon/shared/imagenet512/val/n01739381/ILSVRC2012_val_00039185.JPEG,1818,354.38891220092773,0.000957489013671875,0.08818880003360502,0.9061132338538139,0.00889234614250755,21285,0.9431122520449338
27,/home/projects/bagon/shared/imagenet512/val/n04251144/ILSVRC2012_val_00036339.JPEG,1171,58.38447189331055,0.000942230224609375,0.059685959884684975,0.3889044202552513,0.0027010265706673853,21322,0.991794155061843
28,/home/projects/bagon/shared/imagenet512/val/n13052670/ILSVRC2012_val_00002537.JPEG,807,113.64633178710938,0.00099945068359375,0.04939779240845121,0.6924287136663465,0.0021197102551195335,21328,0.9828317718399103
29,/home/projects/bagon/shared/imagenet512/val/n04275548/ILSVRC2012_val_00014968.JPEG,922,190.7778091430664,0.00099945068359375,0.05172527376580058,0.8810185595713493,0.006173524999210362,21342,0.9905584253592693
30,/home/projects/bagon/shared/imagenet512/val/n02108915/ILSVRC2012_val_00026558.JPEG,2362,141.40863418579102,0.000965118408203125,0.0959157815985655,0.5664640366261156,0.005339436813129591,21366,0.9796449822239709
31,/home/projects/bagon/shared/imagenet512/val/n02113023/ILSVRC2012_val_00036894.JPEG,1761,571.5002822875977,0.00099945068359375,0.08578759425167888,0.9745544714702415,0.008980173243627484,21381,0.9582307247574275
32,/home/projects/bagon/shared/imagenet512/val/n03376595/ILSVRC2012_val_00035959.JPEG,978,85.66339874267578,0.00096893310546875,0.0574673557989485,0.5328164142691261,0.006187853521087876,21386,0.9921158255154523
33,/home/projects/bagon/shared/imagenet512/val/n02667093/ILSVRC2012_val_00017329.JPEG,924,34.024070739746094,0.00099945068359375,0.05003474218933696,0.3006769674278358,0.0064350261961896894,21536,0.995171138618485
34,/home/projects/bagon/shared/imagenet512/val/n04141975/ILSVRC2012_val_00040149.JPEG,932,31.72046661376953,0.000946044921875,0.04887952155046811,0.30807046526801607,0.005141154501710633,21655,0.9941066097463954
35,/home/projects/bagon/shared/imagenet512/val/n02328150/ILSVRC2012_val_00032730.JPEG,1152,178.83199310302734,0.00099945068359375,0.06532304108256758,0.7900818053410308,0.0040713213021771315,21657,0.9825176504611964
36,/home/projects/bagon/shared/imagenet512/val/n02797295/ILSVRC2012_val_00035053.JPEG,955,150.14019393920898,0.000934600830078125,0.055992003536783796,0.8188356428246606,0.005258953926406188,21658,0.9916131950411596
37,/home/projects/bagon/shared/imagenet512/val/n02454379/ILSVRC2012_val_00005355.JPEG,1181,511.82032012939453,0.00099945068359375,0.07355936483355448,0.965398706307544,0.005364914123807165,21659,0.9502795250706011
38,/home/projects/bagon/shared/imagenet512/val/n02134418/ILSVRC2012_val_00016132.JPEG,1491,654.6691207885742,0.00099945068359375,0.08874735228967694,0.9673880442270706,0.005029981811821689,21671,0.9741016474949146
39,/home/projects/bagon/shared/imagenet512/val/n02233338/ILSVRC2012_val_00016160.JPEG,1326,157.56521224975586,0.000942230224609375,0.07184650764798148,0.7129056376436576,0.004853408861412329,21708,0.9883140675542386
40,/home/projects/bagon/shared/imagenet512/val/n03666591/ILSVRC2012_val_00005516.JPEG,1041,443.8856658935547,0.00099945068359375,0.07218827750554963,0.9373730539067683,0.01009846866968876,21710,0.9875488588796068
41,/home/projects/bagon/shared/imagenet512/val/n04417672/ILSVRC2012_val_00026663.JPEG,1243,376.7952537536621,0.000972747802734375,0.06550828886475091,0.973955605073026,0.012008631874435535,21711,0.9797657541338709
42,/home/projects/bagon/shared/imagenet512/val/n03000684/ILSVRC2012_val_00042907.JPEG,847,61.743247985839844,0.00098419189453125,0.04648858950288885,0.6060724003659081,0.004385456928400392,21721,0.9803005292110653
43,/home/projects/bagon/shared/imagenet512/val/n02669723/ILSVRC2012_val_00021881.JPEG,2359,165.4390869140625,0.0009918212890625,0.0869717991251998,0.731660382626284,0.015946871737990715,21733,0.9800525714121142
44,/home/projects/bagon/shared/imagenet512/val/n02978881/ILSVRC2012_val_00046708.JPEG,1343,1677.8519172668457,0.000965118408203125,0.08750885188807705,0.9973976003254329,0.004929822318363562,21749,0.9685037840383464
45,/home/projects/bagon/shared/imagenet512/val/n03877845/ILSVRC2012_val_00023227.JPEG,1397,33.420127868652344,0.00099945068359375,0.06026786934559829,0.23842191855770883,0.004252321206529988,21756,0.9882227557967147
46,/home/projects/bagon/shared/imagenet512/val/n03804744/ILSVRC2012_val_00013531.JPEG,1025,215.04839324951172,0.00098419189453125,0.0646392695696396,0.8242447370866715,0.007615329525827782,21760,0.9851087667112104
47,/home/projects/bagon/shared/imagenet512/val/n02892767/ILSVRC2012_val_00041849.JPEG,870,42.87013626098633,0.000942230224609375,0.04622330434810616,0.45801114919497904,0.041000393790510514,21768,0.9960218324288416
48,/home/projects/bagon/shared/imagenet512/val/n03794056/ILSVRC2012_val_00022828.JPEG,1001,169.00385665893555,0.000934600830078125,0.06411490863370464,0.7655613206616285,0.0026686073194981015,21771,0.9932655114743216
49,/home/projects/bagon/shared/imagenet512/val/n02396427/ILSVRC2012_val_00046930.JPEG,2853,123.81060791015625,0.0009918212890625,0.1078068697718235,0.46342707277709727,0.011314351662033857,21814,0.969787664400053
50,/home/projects/bagon/shared/imagenet512/val/n01860187/ILSVRC2012_val_00033733.JPEG,1281,158.2220230102539,0.0009918212890625,0.07653273854037725,0.6471911721351635,0.0023275263531262946,21836,0.9848145128713155
51,/home/projects/bagon/shared/imagenet512/val/n02951358/ILSVRC2012_val_00023856.JPEG,1068,21.849143981933594,0.00096893310546875,0.05057746644585935,0.17277268064070078,0.004312605941506504,21854,0.9891850748634841
52,/home/projects/bagon/shared/imagenet512/val/n02097209/ILSVRC2012_val_00033454.JPEG,1893,175.02100372314453,0.0009918212890625,0.08446884813267869,0.6827385802575971,0.02223919631322488,21859,0.9642793572865089
53,/home/projects/bagon/shared/imagenet512/val/n04120489/ILSVRC2012_val_00038922.JPEG,520,64.92908477783203,0.0009918212890625,0.03687772954437863,0.5944788031007722,0.019625896897076486,21867,0.994078092763616
54,/home/projects/bagon/shared/imagenet512/val/n06874185/ILSVRC2012_val_00030276.JPEG,742,37.32597351074219,0.000946044921875,0.04407707324709044,0.3604269476260662,0.004323201083592467,21868,0.9905100285888325
55,/home/projects/bagon/shared/imagenet512/val/n02099267/ILSVRC2012_val_00000824.JPEG,2357,91.78591918945312,0.0009918212890625,0.08135156637139679,0.519454020062348,0.013300952873948887,21880,0.985748037434888
56,/home/projects/bagon/shared/imagenet512/val/n01632458/ILSVRC2012_val_00035814.JPEG,1137,151.73329544067383,0.000942230224609375,0.06346191951633616,0.7469751828433715,0.012978975995382764,21903,0.983743041829271
57,/home/projects/bagon/shared/imagenet512/val/n01735189/ILSVRC2012_val_00037764.JPEG,1055,63.65309143066406,0.00098419189453125,0.05428793186864206,0.4812867616371307,0.003934604167847362,21913,0.9901990605344794
58,/home/projects/bagon/shared/imagenet512/val/n03929660/ILSVRC2012_val_00022410.JPEG,940,53.134185791015625,0.00098419189453125,0.05243226825283804,0.4238884527399093,0.003496531868747526,21916,0.9900099678212643
59,/home/projects/bagon/shared/imagenet512/val/n02963159/ILSVRC2012_val_00038892.JPEG,1658,481.41969299316406,0.0009918212890625,0.09667815630248151,0.9208573454134443,0.005209810802458997,21930,0.9794038964176951
60,/home/projects/bagon/shared/imagenet512/val/n01530575/ILSVRC2012_val_00012814.JPEG,1334,388.4900665283203,0.00099945068359375,0.08032337718347975,0.9159544872544277,0.013359196187122908,21945,0.9828813507534706
61,/home/projects/bagon/shared/imagenet512/val/n03729826/ILSVRC2012_val_00042218.JPEG,995,84.23313903808594,0.00099945068359375,0.0554309201817414,0.5370259382198742,0.007298516822487593,22021,0.9940554473610967
62,/home/projects/bagon/shared/imagenet512/val/n04204238/ILSVRC2012_val_00027294.JPEG,1257,306.8810577392578,0.00098419189453125,0.06837382950952184,0.929057781013802,0.009427898033566189,22035,0.9854160614777371
63,/home/projects/bagon/shared/imagenet512/val/n01770393/ILSVRC2012_val_00048800.JPEG,716,120.97836303710938,0.00099945068359375,0.04746260858688483,0.7710429448018125,0.019354643373734,22211,0.9941472988273541
64,/home/projects/bagon/shared/imagenet512/val/n01744401/ILSVRC2012_val_00046489.JPEG,1787,689.102970123291,0.000957489013671875,0.0873338801871537,0.9882988615760792,0.007050265857508505,22217,0.9678302841029819
65,/home/projects/bagon/shared/imagenet512/val/n02787622/ILSVRC2012_val_00046921.JPEG,1315,674.2683563232422,0.0009765625,0.08304647785431427,0.9752547736109018,0.009130950494088174,22226,0.9891435466561815
66,/home/projects/bagon/shared/imagenet512/val/n02099849/ILSVRC2012_val_00021344.JPEG,1213,761.4893531799316,0.000942230224609375,0.07850778832921508,0.9848827582069661,0.011865997689472416,22235,0.9755011166540802
67,/home/projects/bagon/shared/imagenet512/val/n02510455/ILSVRC2012_val_00006012.JPEG,1453,563.1049270629883,0.00099945068359375,0.0858385369679097,0.9646533861220754,0.0168481455855429,22236,0.9761266353780891
68,/home/projects/bagon/shared/imagenet512/val/n02422106/ILSVRC2012_val_00049022.JPEG,1534,109.84491729736328,0.00099945068359375,0.07366552938599058,0.580966473516095,0.008450565208310449,22245,0.982476784178648
69,/home/projects/bagon/shared/imagenet512/val/n02101388/ILSVRC2012_val_00031599.JPEG,2524,390.69325256347656,0.00098419189453125,0.11176250226886335,0.8840110800480792,0.011428224476916425,22292,0.9792373689964243
70,/home/projects/bagon/shared/imagenet512/val/n02167151/ILSVRC2012_val_00049611.JPEG,1796,148.74300384521484,0.0009613037109375,0.08052828875964303,0.6685123462248598,0.013269094704830628,22302,0.9456347743869664
71,/home/projects/bagon/shared/imagenet512/val/n01882714/ILSVRC2012_val_00005734.JPEG,968,285.4817924499512,0.000919342041015625,0.06700334005832329,0.8824262583484953,0.004852730150806282,22303,0.982267668117896
72,/home/projects/bagon/shared/imagenet512/val/n04208210/ILSVRC2012_val_00035208.JPEG,1216,1031.0607223510742,0.000946044921875,0.08421498951175596,0.9918321683948129,0.012855746106854192,22313,0.982353245449178
73,/home/projects/bagon/shared/imagenet512/val/n02445715/ILSVRC2012_val_00008722.JPEG,1128,146.35391235351562,0.00099945068359375,0.06491352625145422,0.7524738179750647,0.006585042126473381,22334,0.9901187810988176
74,/home/projects/bagon/shared/imagenet512/val/n03187595/ILSVRC2012_val_00016388.JPEG,1241,805.9012451171875,0.00099945068359375,0.08298142543797783,0.9853367169570965,0.008847019296775309,22345,0.9856866556757744
75,/home/projects/bagon/shared/imagenet512/val/n04204347/ILSVRC2012_val_00015201.JPEG,1045,52.58744812011719,0.0009613037109375,0.0531826667040117,0.4050183721910744,0.005827230015996841,22352,0.9913951403150733
76,/home/projects/bagon/shared/imagenet512/val/n04487394/ILSVRC2012_val_00010269.JPEG,1779,411.51866149902344,0.0009918212890625,0.0902108943309025,0.9171571941731355,0.006042874728227004,22358,0.9801401482940979
77,/home/projects/bagon/shared/imagenet512/val/n02037110/ILSVRC2012_val_00000548.JPEG,1788,220.9844970703125,0.0009918212890625,0.08613623512802526,0.7321425247644123,0.012872700448539274,22359,0.987038908755918
78,/home/projects/bagon/shared/imagenet512/val/n03930313/ILSVRC2012_val_00003290.JPEG,1044,227.51280212402344,0.0009765625,0.061892328417654414,0.8682204356833653,0.008073541865066824,22362,0.990743367763567
79,/home/projects/bagon/shared/imagenet512/val/n02840245/ILSVRC2012_val_00005370.JPEG,1359,205.4241485595703,0.00098419189453125,0.07520318538173604,0.7893978014971507,0.002744804334812969,22391,0.9790527260906248
80,/home/projects/bagon/shared/imagenet512/val/n01443537/ILSVRC2012_val_00002848.JPEG,1033,171.84540557861328,0.0009765625,0.06127247105116878,0.8070553906540672,0.01914308274802043,22398,0.9922531190698824
81,/home/projects/bagon/shared/imagenet512/val/n01498041/ILSVRC2012_val_00033337.JPEG,1237,408.8746871948242,0.00098419189453125,0.061860337355214214,0.9653863134140673,0.01454415019330282,22456,0.9858623704323983
82,/home/projects/bagon/shared/imagenet512/val/n02051845/ILSVRC2012_val_00041754.JPEG,1117,479.58599853515625,0.00098419189453125,0.07696710569790816,0.9409189990285192,0.00674686022774381,22759,0.9858093758868861
83,/home/projects/bagon/shared/imagenet512/val/n02109525/ILSVRC2012_val_00034007.JPEG,1510,655.4433441162109,0.00098419189453125,0.08971183720165254,0.976129844127796,0.005724021647322783,22766,0.9834991338587528
84,/home/projects/bagon/shared/imagenet512/val/n02536864/ILSVRC2012_val_00046522.JPEG,1688,379.66661071777344,0.00096893310546875,0.08877846640308663,0.9094480261682554,0.005240809159815327,22778,0.9737721128684839
85,/home/projects/bagon/shared/imagenet512/val/n03724870/ILSVRC2012_val_00032913.JPEG,1209,706.3601913452148,0.0009918212890625,0.07353891022031905,0.9851209020887186,0.014318024594164137,22784,0.9836048767253601
86,/home/projects/bagon/shared/imagenet512/val/n02100735/ILSVRC2012_val_00046878.JPEG,830,578.8192443847656,0.00099945068359375,0.06194559899890667,0.9794458439438658,0.007328062253576465,22810,0.9726060280738097
87,/home/projects/bagon/shared/imagenet512/val/n04041544/ILSVRC2012_val_00017613.JPEG,1975,339.65492248535156,0.0009613037109375,0.09696857221033126,0.852108399300745,0.0027755541194325606,22820,0.9830402144613977
88,/home/projects/bagon/shared/imagenet512/val/n02095570/ILSVRC2012_val_00026738.JPEG,2492,312.8073272705078,0.0009918212890625,0.10535097857822619,0.8410710375755167,0.0231391332816168,22829,0.975695919762422
89,/home/projects/bagon/shared/imagenet512/val/n04273569/ILSVRC2012_val_00031072.JPEG,1602,323.3581314086914,0.00099945068359375,0.09128003904332728,0.8425937763746731,0.006817188756824752,22831,0.9708586806288902
90,/home/projects/bagon/shared/imagenet512/val/n01806143/ILSVRC2012_val_00014890.JPEG,672,43.46209716796875,0.00099945068359375,0.03887097561333913,0.5307860967136354,0.006779851874683765,22877,0.9973764613293935
91,/home/projects/bagon/shared/imagenet512/val/n03770439/ILSVRC2012_val_00012737.JPEG,2228,1159.8558959960938,0.0009918212890625,0.11556429654253315,0.9869462053106892,0.01753672778697326,22941,0.9683230980629369
92,/home/projects/bagon/shared/imagenet512/val/n04584207/ILSVRC2012_val_00043156.JPEG,950,159.68793487548828,0.00098419189453125,0.054229348587142505,0.8184453125970661,0.014782182861877663,23034,0.9809910074620699
93,/home/projects/bagon/shared/imagenet512/val/n03930630/ILSVRC2012_val_00013435.JPEG,1788,71.020751953125,0.00098419189453125,0.07494526961563205,0.3995807887178551,0.008096345573526807,23073,0.9903121485293626
94,/home/projects/bagon/shared/imagenet512/val/n04418357/ILSVRC2012_val_00009384.JPEG,1293,147.95782852172852,0.000972747802734375,0.06803482611126299,0.6765664999590963,0.008826746560727149,23084,0.9781031596986008
95,/home/projects/bagon/shared/imagenet512/val/n02087046/ILSVRC2012_val_00038335.JPEG,1819,144.75659561157227,0.000957489013671875,0.08553490017969857,0.5933865901504757,0.011843813471247197,23097,0.9430766850699404
96,/home/projects/bagon/shared/imagenet512/val/n04461696/ILSVRC2012_val_00031782.JPEG,1583,238.53709411621094,0.00099945068359375,0.08580598539591752,0.758442688013767,0.010939619266470184,23143,0.9916224459087893
97,/home/projects/bagon/shared/imagenet512/val/n07615774/ILSVRC2012_val_00033375.JPEG,1021,597.9347686767578,0.0009918212890625,0.06681036296178994,0.981664891725252,0.014892835671569455,23151,0.984439041277151
98,/home/projects/bagon/shared/imagenet512/val/n02086910/ILSVRC2012_val_00001389.JPEG,2074,545.6370468139648,0.0009765625,0.1065698003550694,0.922836746490771,0.015747924116035143,23174,0.9847910236595206
99,/home/projects/bagon/shared/imagenet512/val/n03868863/ILSVRC2012_val_00005568.JPEG,1038,411.5187225341797,0.0009918212890625,0.06902298818368198,0.946507445092623,0.005661733638703276,23177,0.9876464896804128
100,/home/projects/bagon/shared/imagenet512/val/n02107312/ILSVRC2012_val_00048723.JPEG,1653,42.33707046508789,0.000972747802734375,0.06929550012922388,0.2555199511142526,0.0173562913709698,23179,0.9876291388173156
101,/home/projects/bagon/shared/imagenet512/val/n01688243/ILSVRC2012_val_00015981.JPEG,760,65.4027099609375,0.00098419189453125,0.04886687994946685,0.545622043837275,0.005440771065057771,23200,0.980428325886961
102,/home/projects/bagon/shared/imagenet512/val/n02457408/ILSVRC2012_val_00031565.JPEG,920,296.4091606140137,0.000911712646484375,0.059814697806888376,0.9236533715721718,0.0034371910068165517,23211,0.9841195183515415
103,/home/projects/bagon/shared/imagenet512/val/n04149813/ILSVRC2012_val_00048154.JPEG,698,8.693367004394531,0.00099945068359375,0.03461008979672994,0.10207736988796204,0.003090575217146719,23222,0.9930324165208912
104,/home/projects/bagon/shared/imagenet512/val/n03976467/ILSVRC2012_val_00009106.JPEG,1619,431.9812240600586,0.000946044921875,0.08866948954959866,0.9107778313713959,0.003203312288163827,23228,0.987302913152733
105,/home/projects/bagon/shared/imagenet512/val/n02483708/ILSVRC2012_val_00028746.JPEG,1602,386.24696350097656,0.0009765625,0.07822816536793732,0.9422950426470472,0.0037608857266854413,23229,0.9839347424217482
106,/home/projects/bagon/shared/imagenet512/val/n03908714/ILSVRC2012_val_00034380.JPEG,1610,861.3224105834961,0.0009765625,0.09926054166826961,0.9803738764854615,0.014167091440017451,23281,0.9810737162628412
107,/home/projects/bagon/shared/imagenet512/val/n02099601/ILSVRC2012_val_00012954.JPEG,1631,352.94361877441406,0.00096893310546875,0.07980035403553484,0.9248705329217306,0.011852547121840702,23282,0.9782311769069755
108,/home/projects/bagon/shared/imagenet512/val/n04536866/ILSVRC2012_val_00025413.JPEG,1935,207.6885223388672,0.00096893310546875,0.08951796546920275,0.7287562114977233,0.0131892825766633,23306,0.9875214342675649
109,/home/projects/bagon/shared/imagenet512/val/n04111531/ILSVRC2012_val_00019568.JPEG,608,43.093170166015625,0.00091552734375,0.04053527290081437,0.43300494901478215,0.001146776127355034,23317,0.9946931193945696
110,/home/projects/bagon/shared/imagenet512/val/n03126707/ILSVRC2012_val_00043871.JPEG,806,51.85126495361328,0.00099945068359375,0.04858428864586988,0.45139737880389935,0.004224109599270765,23335,0.9936998931242205
111,/home/projects/bagon/shared/imagenet512/val/n02091134/ILSVRC2012_val_00031544.JPEG,1058,87.52530288696289,0.000972747802734375,0.060923360287852155,0.5522120423164919,0.006839026907748752,23339,0.9899139832088625
112,/home/projects/bagon/shared/imagenet512/val/n02493509/ILSVRC2012_val_00013541.JPEG,1678,78.83350372314453,0.0009918212890625,0.07396318851679613,0.5062601649062284,0.009879161804051961,23361,0.9805940002693749
113,/home/projects/bagon/shared/imagenet512/val/n02910353/ILSVRC2012_val_00004324.JPEG,519,5.5345306396484375,0.00093841552734375,0.02603380206966071,0.10348421873375951,0.006328973510412178,23387,0.9953846020580569
114,/home/projects/bagon/shared/imagenet512/val/n02071294/ILSVRC2012_val_00048794.JPEG,1039,14.790897369384766,0.000965118408203125,0.046967348411465236,0.12121292621076601,0.0025189080813473926,23393,0.9957361771649783
115,/home/projects/bagon/shared/imagenet512/val/n04118776/ILSVRC2012_val_00048870.JPEG,895,105.14700317382812,0.0009765625,0.054886982958203656,0.6636884258861999,0.006831294676727955,23537,0.9957538655943601
116,/home/projects/bagon/shared/imagenet512/val/n01749939/ILSVRC2012_val_00043850.JPEG,1995,495.38658142089844,0.0009918212890625,0.08721169206079274,0.9551469545170924,0.016137103243951893,23547,0.9682985169436302
117,/home/projects/bagon/shared/imagenet512/val/n01532829/ILSVRC2012_val_00042370.JPEG,1220,194.142333984375,0.0009918212890625,0.0718294783892392,0.7856031227435573,0.014426790847790966,23551,0.983466421133504
118,/home/projects/bagon/shared/imagenet512/val/n01924916/ILSVRC2012_val_00007683.JPEG,1996,426.7114486694336,0.0009613037109375,0.10568989290967708,0.8711280144587835,0.004874861996868074,23560,0.9583387744632317
119,/home/projects/bagon/shared/imagenet512/val/n01697457/ILSVRC2012_val_00018000.JPEG,1015,51.614479064941406,0.00098419189453125,0.05418524791366601,0.4167425467312196,0.01989752966346694,23571,0.9799076895774335
120,/home/projects/bagon/shared/imagenet512/val/n07802026/ILSVRC2012_val_00026159.JPEG,761,318.105712890625,0.00099945068359375,0.04920843899534549,0.967457745829714,0.030880495589197796,23575,0.9917155291097377
121,/home/projects/bagon/shared/imagenet512/val/n04039381/ILSVRC2012_val_00037671.JPEG,1337,366.4820098876953,0.00099945068359375,0.07658180955213154,0.9177242032798778,0.009991937518709098,23577,0.9813642678362835
122,/home/projects/bagon/shared/imagenet512/val/n04435653/ILSVRC2012_val_00004121.JPEG,587,57.9732666015625,0.00099945068359375,0.04116215276245759,0.5617578959975793,0.0010650160020447665,23579,0.9948337508374533
123,/home/projects/bagon/shared/imagenet512/val/n02058221/ILSVRC2012_val_00035517.JPEG,1083,93.16391372680664,0.000926971435546875,0.061839220451631434,0.5336595513118721,0.01772289497258067,23600,0.9911515858109096
124,/home/projects/bagon/shared/imagenet512/val/n04536866/ILSVRC2012_val_00000212.JPEG,1665,229.57622528076172,0.00098419189453125,0.0694548255239488,0.8787014035428312,0.0045760851689388305,23602,0.9896696526196245
125,/home/projects/bagon/shared/imagenet512/val/n04328186/ILSVRC2012_val_00011717.JPEG,2188,899.6931991577148,0.0009918212890625,0.1142017977590782,0.9716350388904991,0.006609752776297818,23612,0.9684764682675513
126,/home/projects/bagon/shared/imagenet512/val/n12267677/ILSVRC2012_val_00031998.JPEG,1393,975.4430313110352,0.00099945068359375,0.0801743283202436,0.9916635603246289,0.0071156971248647685,23616,0.9792699244944026
127,/home/projects/bagon/shared/imagenet512/val/n02091134/ILSVRC2012_val_00041224.JPEG,1448,496.37731170654297,0.00099945068359375,0.09310090841575797,0.9127025400923401,0.011890831446300059,23631,0.9767199762545483
128,/home/projects/bagon/shared/imagenet512/val/n02865351/ILSVRC2012_val_00046688.JPEG,843,51.227699279785156,0.00099945068359375,0.048350407757701164,0.5194089061269975,0.006652941960858827,23632,0.9822250812560506
129,/home/projects/bagon/shared/imagenet512/val/n01608432/ILSVRC2012_val_00033214.JPEG,913,74.82289505004883,0.000926971435546875,0.04778787624725092,0.6088664881641408,0.017878640979069087,23634,0.9837721969594693
130,/home/projects/bagon/shared/imagenet512/val/n02096051/ILSVRC2012_val_00027860.JPEG,1411,40.633506774902344,0.00099945068359375,0.06402769518804216,0.26711415834729835,0.012829536349988298,23660,0.9875279075113597
131,/home/projects/bagon/shared/imagenet512/val/n02727426/ILSVRC2012_val_00015988.JPEG,756,55.736114501953125,0.00098419189453125,0.046377629229059594,0.5129708088583687,0.007188516584164426,23663,0.9941924089668281
132,/home/projects/bagon/shared/imagenet512/val/n04228054/ILSVRC2012_val_00007148.JPEG,838,41.435333251953125,0.00098419189453125,0.04786416190114084,0.3772476425529877,0.0012280707671758206,23672,0.99142418558694
133,/home/projects/bagon/shared/imagenet512/val/n01784675/ILSVRC2012_val_00011861.JPEG,985,323.9947738647461,0.00099945068359375,0.058515091882154945,0.9458800694711726,0.004326239811921525,23674,0.9898494824460256
134,/home/projects/bagon/shared/imagenet512/val/n02107683/ILSVRC2012_val_00029946.JPEG,2048,893.1755142211914,0.00098419189453125,0.10566458734849626,0.9766497611193266,0.0056065389846468375,23683,0.9753061081767992
135,/home/projects/bagon/shared/imagenet512/val/n02113624/ILSVRC2012_val_00006887.JPEG,2876,237.07632446289062,0.00099945068359375,0.11245394297952833,0.6940408321974589,0.006785940801208264,23762,0.9788141126650777
136,/home/projects/bagon/shared/imagenet512/val/n01945685/ILSVRC2012_val_00024260.JPEG,1026,139.54956817626953,0.0009765625,0.06309107727495161,0.70706965158261,0.00645544410357082,23793,0.9829728000500039
137,/home/projects/bagon/shared/imagenet512/val/n02086240/ILSVRC2012_val_00012394.JPEG,1865,258.2029724121094,0.0009918212890625,0.09289716305523558,0.8220219045927186,0.009825660413468803,23879,0.985181200215611
138,/home/projects/bagon/shared/imagenet512/val/n02869837/ILSVRC2012_val_00016726.JPEG,1144,840.3535766601562,0.0009765625,0.07717847742094562,0.9931474426876297,0.010879317173068892,23909,0.9875733809529373
139,/home/projects/bagon/shared/imagenet512/val/n04259630/ILSVRC2012_val_00006089.JPEG,1188,1054.7105026245117,0.00099945068359375,0.08438784757577693,0.992759593657979,0.008230567742079045,23913,0.9838849051788228
140,/home/projects/bagon/shared/imagenet512/val/n02966193/ILSVRC2012_val_00012278.JPEG,752,79.90766906738281,0.00099945068359375,0.049317361926564,0.5942917951783576,0.006790794673845562,23914,0.9935014838472773
141,/home/projects/bagon/shared/imagenet512/val/n01990800/ILSVRC2012_val_00046912.JPEG,1183,1037.1296691894531,0.00098419189453125,0.0827123489940628,0.9927264152297255,0.013378909837063847,23918,0.9740643156156684
142,/home/projects/bagon/shared/imagenet512/val/n03729826/ILSVRC2012_val_00041898.JPEG,954,441.4653015136719,0.0009918212890625,0.0651251904747391,0.9642678889056939,0.014679535335730343,23922,0.9796075292681257
143,/home/projects/bagon/shared/imagenet512/val/n03857828/ILSVRC2012_val_00023588.JPEG,926,34.89832305908203,0.00099945068359375,0.047044463311344036,0.328304655623584,0.008825958963447941,23928,0.9901471266282648
144,/home/projects/bagon/shared/imagenet512/val/n02088632/ILSVRC2012_val_00038498.JPEG,1100,156.22825622558594,0.0009918212890625,0.065294747277876,0.7256648027511572,0.008915727294396355,23954,0.9899533517974193
145,/home/projects/bagon/shared/imagenet512/val/n02276258/ILSVRC2012_val_00012764.JPEG,1299,993.5945434570312,0.00099945068359375,0.07436108775311098,0.9958714404444796,0.0033701391903889523,23960,0.9876124839716218
146,/home/projects/bagon/shared/imagenet512/val/n02999410/ILSVRC2012_val_00019921.JPEG,1367,1006.5178642272949,0.000972747802734375,0.0798150319540334,0.9977571890753785,0.0036733164487929154,23981,0.9477126292868963
147,/home/projects/bagon/shared/imagenet512/val/n03584829/ILSVRC2012_val_00006813.JPEG,1130,473.17012786865234,0.00093841552734375,0.07622568067741661,0.9460339144435861,0.0038310114279859865,23993,0.9824174711784346
148,/home/projects/bagon/shared/imagenet512/val/n02403003/ILSVRC2012_val_00016115.JPEG,1433,277.61912536621094,0.00098419189453125,0.07640895514511153,0.8709862841696392,0.014109378001880099,24000,0.9842450800701976
149,/home/projects/bagon/shared/imagenet512/val/n02111277/ILSVRC2012_val_00001129.JPEG,881,69.89551544189453,0.00095367431640625,0.0512751818606197,0.5424760744678784,0.003237778582663801,24048,0.9877241711563505
150,/home/projects/bagon/shared/imagenet512/val/n02094433/ILSVRC2012_val_00021892.JPEG,2928,838.6531944274902,0.000972747802734375,0.13516114789110792,0.9470366403352468,0.018245462288446184,24094,0.9469306995114489
151,/home/projects/bagon/shared/imagenet512/val/n04133789/ILSVRC2012_val_00021228.JPEG,1520,75.85481262207031,0.00099945068359375,0.06759160029631893,0.5214554010772015,0.010842649533298278,24099,0.9805971213418789
152,/home/projects/bagon/shared/imagenet512/val/n07711569/ILSVRC2012_val_00042589.JPEG,1569,136.01194763183594,0.0009765625,0.07501346317772127,0.6487840416199698,0.00966115709055796,24125,0.9863560763358334
153,/home/projects/bagon/shared/imagenet512/val/n07695742/ILSVRC2012_val_00014687.JPEG,940,272.9801712036133,0.00099945068359375,0.06255643460581539,0.8967445650860737,0.004413130999498086,24272,0.9882242747970283
154,/home/projects/bagon/shared/imagenet512/val/n02814533/ILSVRC2012_val_00018138.JPEG,2164,363.7097358703613,0.000972747802734375,0.10643822359270247,0.8407632756619787,0.006337546392032167,24280,0.9800905896039344
155,/home/projects/bagon/shared/imagenet512/val/n04311174/ILSVRC2012_val_00030265.JPEG,596,247.96077728271484,0.00099945068359375,0.04421928050603958,0.9483218080612764,0.0035120258763201764,24283,0.9862265834121009
156,/home/projects/bagon/shared/imagenet512/val/n04336792/ILSVRC2012_val_00000535.JPEG,984,775.4937973022461,0.00099945068359375,0.0713385395421622,0.9903847715978276,0.005297397912451994,24285,0.9830077944198868
157,/home/projects/bagon/shared/imagenet512/val/n02104029/ILSVRC2012_val_00047356.JPEG,1728,699.5155563354492,0.00099945068359375,0.08386709421920924,0.9871184385953372,0.0083109728360137,24295,0.9646276973263637
158,/home/projects/bagon/shared/imagenet512/val/n07684084/ILSVRC2012_val_00041610.JPEG,1198,91.22002410888672,0.00093841552734375,0.06624231431788974,0.5154706339655019,0.0054054295636237395,24300,0.9837452926134228
159,/home/projects/bagon/shared/imagenet512/val/n04277352/ILSVRC2012_val_00006163.JPEG,1374,702.5985260009766,0.00099945068359375,0.08792218155540044,0.9750582656731033,0.01859419243384973,24304,0.976435958869492
160,/home/projects/bagon/shared/imagenet512/val/n01829413/ILSVRC2012_val_00008626.JPEG,1421,154.3147735595703,0.0009613037109375,0.07114921269373416,0.7251491946708626,0.007313969540711916,24310,0.9900074597860055
161,/home/projects/bagon/shared/imagenet512/val/n03124170/ILSVRC2012_val_00005346.JPEG,1044,20.906387329101562,0.00098419189453125,0.045499800052540146,0.22067187967066662,0.016106775432174432,24324,0.9957801639411613
162,/home/projects/bagon/shared/imagenet512/val/n02099267/ILSVRC2012_val_00017321.JPEG,1889,677.9867858886719,0.000946044921875,0.0900891470508687,0.9766851659259821,0.019500517436996635,24328,0.9599955855928503
163,/home/projects/bagon/shared/imagenet512/val/n04613696/ILSVRC2012_val_00032256.JPEG,1331,206.67757415771484,0.0009918212890625,0.07047613053212441,0.8191038673166735,0.012070516203415541,24335,0.9927229321915746
164,/home/projects/bagon/shared/imagenet512/val/n02389026/ILSVRC2012_val_00034108.JPEG,920,230.23141479492188,0.00099945068359375,0.05663003371387898,0.9036992419114771,0.013326658292816982,24379,0.9849327605230612
165,/home/projects/bagon/shared/imagenet512/val/n02090622/ILSVRC2012_val_00016991.JPEG,1099,34.88667297363281,0.0009918212890625,0.05143697600765371,0.3436431432120631,0.004328580447791719,24409,0.9933265458039776
166,/home/projects/bagon/shared/imagenet512/val/n03895866/ILSVRC2012_val_00012957.JPEG,1571,169.71271514892578,0.00099945068359375,0.08240147418772786,0.6787084597995094,0.018048262846522396,24417,0.9830181458243072
167,/home/projects/bagon/shared/imagenet512/val/n02099849/ILSVRC2012_val_00004997.JPEG,1333,269.30809783935547,0.00099945068359375,0.07177216412016789,0.8703098181115413,0.005591941484311751,24424,0.9827714880602898
168,/home/projects/bagon/shared/imagenet512/val/n02643566/ILSVRC2012_val_00034998.JPEG,755,36.081077575683594,0.0009918212890625,0.040786887361991306,0.42126940338940305,0.012888627146744054,24427,0.9940668153443347
169,/home/projects/bagon/shared/imagenet512/val/n02125311/ILSVRC2012_val_00010047.JPEG,1199,222.44486618041992,0.000926971435546875,0.06682019026223486,0.8658566564477079,0.00714098048505488,24428,0.9847888074946246
170,/home/projects/bagon/shared/imagenet512/val/n02892201/ILSVRC2012_val_00049903.JPEG,1279,319.4398651123047,0.00098419189453125,0.07739378250782629,0.8916694421718027,0.00311160455031248,24457,0.986391656588272
171,/home/projects/bagon/shared/imagenet512/val/n04251144/ILSVRC2012_val_00028847.JPEG,1293,175.84024047851562,0.00095367431640625,0.06490967440677241,0.7697405605987667,0.005095237413628401,24512,0.9886616456160239
172,/home/projects/bagon/shared/imagenet512/val/n02403003/ILSVRC2012_val_00023387.JPEG,1890,208.0167007446289,0.0009918212890625,0.09135095901409185,0.6679465363741217,0.005579469051424271,24561,0.9730770799545031
173,/home/projects/bagon/shared/imagenet512/val/n02017213/ILSVRC2012_val_00043456.JPEG,1612,620.3090782165527,0.000926971435546875,0.09267620650406766,0.9538359759123709,0.0020484928194185025,24576,0.9728596751770571
174,/home/projects/bagon/shared/imagenet512/val/n03935335/ILSVRC2012_val_00032699.JPEG,1420,167.23128509521484,0.0009765625,0.07543691443191455,0.72081994625575,0.008487333610671067,24590,0.9843154612746128
175,/home/projects/bagon/shared/imagenet512/val/n02504013/ILSVRC2012_val_00023398.JPEG,1954,241.88729095458984,0.00098419189453125,0.09101726542754485,0.8010738448026304,0.011439352219373299,24609,0.9755181120269961
176,/home/projects/bagon/shared/imagenet512/val/n02115913/ILSVRC2012_val_00003403.JPEG,1151,226.41161346435547,0.00090789794921875,0.06335645217171267,0.8886374936387246,0.010700425329158283,24624,0.9877556400014771
177,/home/projects/bagon/shared/imagenet512/val/n04447861/ILSVRC2012_val_00004263.JPEG,921,89.8778076171875,0.00098419189453125,0.05255578889057429,0.6704420399406211,0.020655740052552322,24629,0.9924042626562278
178,/home/projects/bagon/shared/imagenet512/val/n02099601/ILSVRC2012_val_00006981.JPEG,1609,210.98451232910156,0.0009918212890625,0.07871417523995672,0.7783642175393126,0.009395270706268699,24637,0.9693347558597996
179,/home/projects/bagon/shared/imagenet512/val/n02356798/ILSVRC2012_val_00016105.JPEG,1400,1436.5769577026367,0.0009307861328125,0.09467290872728291,0.9937608555177949,0.009587254628301775,24644,0.9581781337137175
180,/home/projects/bagon/shared/imagenet512/val/n07718472/ILSVRC2012_val_00042061.JPEG,1304,170.0148162841797,0.0009918212890625,0.06755734860619089,0.8071575665669035,0.011911386166213659,24675,0.9872214026831903
181,/home/projects/bagon/shared/imagenet512/val/n03065424/ILSVRC2012_val_00029883.JPEG,962,38.84911346435547,0.0009613037109375,0.05000032065129224,0.3554450591132954,0.005207363866264668,24706,0.9935267911062564
182,/home/projects/bagon/shared/imagenet512/val/n04070727/ILSVRC2012_val_00006658.JPEG,1109,194.20807647705078,0.00099945068359375,0.0687351566221741,0.7574137596445765,0.0020514449767765515,24742,0.9802272060837328
183,/home/projects/bagon/shared/imagenet512/val/n02085620/ILSVRC2012_val_00002917.JPEG,2056,985.7027893066406,0.00099945068359375,0.11440947343033753,0.9732909942746183,0.013642764587165164,24826,0.9420177497826054
184,/home/projects/bagon/shared/imagenet512/val/n03124170/ILSVRC2012_val_00033776.JPEG,1246,105.26432037353516,0.0009918212890625,0.0670502817208596,0.5702337916639557,0.02353714814812359,24875,0.9870073323648103
185,/home/projects/bagon/shared/imagenet512/val/n02231487/ILSVRC2012_val_00044824.JPEG,838,432.868709564209,0.000949859619140625,0.060113988121135636,0.9377759052398587,0.0072476434775877886,24881,0.9843470700296172
186,/home/projects/bagon/shared/imagenet512/val/n02028035/ILSVRC2012_val_00000751.JPEG,1313,547.6449661254883,0.00096893310546875,0.07890162297297731,0.9790153865649148,0.009169308261584496,24882,0.9824408758855724
187,/home/projects/bagon/shared/imagenet512/val/n02410509/ILSVRC2012_val_00034061.JPEG,1485,273.8381690979004,0.000934600830078125,0.07252418839470909,0.9165722014812141,0.008464895922743632,24908,0.9811259908676225
188,/home/projects/bagon/shared/imagenet512/val/n03424325/ILSVRC2012_val_00031677.JPEG,1539,577.9456939697266,0.00098419189453125,0.08485415313518142,0.9756868826608474,0.010755030229760595,24922,0.955439384283013
189,/home/projects/bagon/shared/imagenet512/val/n13054560/ILSVRC2012_val_00022724.JPEG,2504,195.61808395385742,0.000972747802734375,0.09979021505579862,0.6995037021481624,0.005069904319251332,24931,0.9817422498424718
190,/home/projects/bagon/shared/imagenet512/val/n02102480/ILSVRC2012_val_00007971.JPEG,1257,939.9700241088867,0.00099945068359375,0.0785114546396436,0.994034833415388,0.008889807834830038,24934,0.9489355266269487
191,/home/projects/bagon/shared/imagenet512/val/n02787622/ILSVRC2012_val_00049293.JPEG,795,40.603511810302734,0.000942230224609375,0.04432887879265331,0.3888801314669853,0.007072874229489446,24936,0.9928708452104426
192,/home/projects/bagon/shared/imagenet512/val/n06794110/ILSVRC2012_val_00014864.JPEG,1849,1352.2211608886719,0.00099945068359375,0.1070572888374853,0.9873939722096728,0.01974134173072972,24944,0.9566056090877177
193,/home/projects/bagon/shared/imagenet512/val/n04200800/ILSVRC2012_val_00022813.JPEG,928,413.93798065185547,0.0009918212890625,0.06456782323030558,0.9405925963086259,0.008915696538294882,24964,0.990897720421984
194,/home/projects/bagon/shared/imagenet512/val/n04254777/ILSVRC2012_val_00048733.JPEG,1422,838.7577362060547,0.00098419189453125,0.0889477966937521,0.9850337982048227,0.008601360701626945,24969,0.9648500746997227
195,/home/projects/bagon/shared/imagenet512/val/n01744401/ILSVRC2012_val_00032500.JPEG,1218,196.74237060546875,0.0009765625,0.07713443155185401,0.6720434227501532,0.006544793903731548,24970,0.9689127873058413
196,/home/projects/bagon/shared/imagenet512/val/n02113799/ILSVRC2012_val_00047699.JPEG,2091,585.7956695556641,0.00098419189453125,0.0961892846821119,0.9596430499854911,0.014004949059735504,24989,0.9659073426220404
197,/home/projects/bagon/shared/imagenet512/val/n02009229/ILSVRC2012_val_00002003.JPEG,1480,119.1837043762207,0.000942230224609375,0.07164016986476836,0.6117430987175421,0.015866884745280065,25015,0.9840664384627839
198,/home/projects/bagon/shared/imagenet512/val/n02090379/ILSVRC2012_val_00028006.JPEG,1765,377.0004119873047,0.00099945068359375,0.09268268161959581,0.8843041355593694,0.004837207262134731,25030,0.9689814681892626
199,/home/projects/bagon/shared/imagenet512/val/n07716906/ILSVRC2012_val_00042582.JPEG,882,40.516841888427734,0.000972747802734375,0.04631876249617222,0.3604596148669464,0.004827235794154942,25155,0.9946946859378023
200,/home/projects/bagon/shared/imagenet512/val/n03787032/ILSVRC2012_val_00044851.JPEG,1058,10.344657897949219,0.0009918212890625,0.0390176660541408,0.1124445119923997,0.011661635287741924,25168,0.9954607847779928
201,/home/projects/bagon/shared/imagenet512/val/n02093754/ILSVRC2012_val_00025302.JPEG,1227,502.7002487182617,0.00095367431640625,0.07868886159844087,0.9560498356118254,0.0033560926563854718,25169,0.9810837581873928
202,/home/projects/bagon/shared/imagenet512/val/n07875152/ILSVRC2012_val_00016498.JPEG,845,227.04236602783203,0.0009765625,0.055121182530485785,0.915834241003864,0.009232075709181803,25186,0.9887562487349598
203,/home/projects/bagon/shared/imagenet512/val/n02814533/ILSVRC2012_val_00006084.JPEG,1993,390.3503112792969,0.00098419189453125,0.10042030605492448,0.8689294053661759,0.008233365872702753,25204,0.9754820922165385
204,/home/projects/bagon/shared/imagenet512/val/n02797295/ILSVRC2012_val_00016849.JPEG,1028,313.091365814209,0.000949859619140625,0.06697766541494815,0.9111515152327035,0.009501041304300366,25217,0.9871303774748722
205,/home/projects/bagon/shared/imagenet512/val/n02115913/ILSVRC2012_val_00040454.JPEG,1399,263.69677734375,0.00099945068359375,0.07605401628873562,0.8637296784385337,0.004937211542781358,25218,0.9681562251914945
206,/home/projects/bagon/shared/imagenet512/val/n02134084/ILSVRC2012_val_00029624.JPEG,1182,556.3087158203125,0.00099945068359375,0.0707041650232391,0.9737618695633347,0.004555393848852712,25220,0.9641071307445686
207,/home/projects/bagon/shared/imagenet512/val/n03598930/ILSVRC2012_val_00006625.JPEG,880,259.79127502441406,0.0009613037109375,0.060615210321289914,0.8958545433070584,0.0022166614329629467,25234,0.9891396342284333
208,/home/projects/bagon/shared/imagenet512/val/n03791053/ILSVRC2012_val_00038689.JPEG,1106,79.72241973876953,0.00096893310546875,0.061485579228767094,0.43001788997755125,0.011356937681277544,25246,0.9823897916636383
209,/home/projects/bagon/shared/imagenet512/val/n02177972/ILSVRC2012_val_00025212.JPEG,1580,495.01251220703125,0.00099945068359375,0.0852920454102533,0.9481616104492855,0.008695166530653725,25250,0.9714126267217112
210,/home/projects/bagon/shared/imagenet512/val/n03089624/ILSVRC2012_val_00026113.JPEG,1348,367.4680824279785,0.000957489013671875,0.0816463297741152,0.9096457801820221,0.0040021292216116675,25253,0.9712519394944402
211,/home/projects/bagon/shared/imagenet512/val/n01784675/ILSVRC2012_val_00047031.JPEG,1465,1337.8087577819824,0.000942230224609375,0.08921172747123955,0.9956024564723902,0.017584008847221833,25283,0.970713704836817
212,/home/projects/bagon/shared/imagenet512/val/n02128925/ILSVRC2012_val_00021585.JPEG,827,52.69548034667969,0.00099945068359375,0.05256112877530401,0.3905943784159225,0.00369737226994692,25302,0.9854424255775777
213,/home/projects/bagon/shared/imagenet512/val/n02895154/ILSVRC2012_val_00009114.JPEG,2310,197.70298767089844,0.0009918212890625,0.09035289676256222,0.8021083575197928,0.011463917097920993,25304,0.9795269546377952
214,/home/projects/bagon/shared/imagenet512/val/n03983396/ILSVRC2012_val_00001970.JPEG,1230,134.6364288330078,0.000946044921875,0.06535890899644461,0.737906920815692,0.005787784604413553,25321,0.9932086887522165
215,/home/projects/bagon/shared/imagenet512/val/n03929660/ILSVRC2012_val_00035611.JPEG,844,300.1944122314453,0.0009918212890625,0.060883703593399736,0.9123639500929566,0.005200813731783102,25401,0.9925004078504832
216,/home/projects/bagon/shared/imagenet512/val/n02787622/ILSVRC2012_val_00006855.JPEG,1310,1257.2372970581055,0.0009918212890625,0.09168951480628343,0.9937212932813133,0.007337232833151656,25402,0.9738498386448062
217,/home/projects/bagon/shared/imagenet512/val/n03249569/ILSVRC2012_val_00003719.JPEG,1326,358.7535705566406,0.0009918212890625,0.07649387610410935,0.9237157314764022,0.005779509256942759,25409,0.9831624464142178
218,/home/projects/bagon/shared/imagenet512/val/n02091831/ILSVRC2012_val_00019498.JPEG,1159,234.43853759765625,0.0009613037109375,0.06846244763114695,0.8607200262816137,0.012177343858260572,25415,0.9913750172106007
219,/home/projects/bagon/shared/imagenet512/val/n03476991/ILSVRC2012_val_00026637.JPEG,1522,240.19461822509766,0.00096893310546875,0.08305280098503805,0.7626219248152296,0.009660932402268183,25428,0.9791186005695036
220,/home/projects/bagon/shared/imagenet512/val/n01735189/ILSVRC2012_val_00041743.JPEG,1104,315.15086364746094,0.00099945068359375,0.06833046841681689,0.8923929181215936,0.006045515171889377,25431,0.9866347206958339
221,/home/projects/bagon/shared/imagenet512/val/n02113023/ILSVRC2012_val_00031145.JPEG,2213,256.0519027709961,0.0009765625,0.1036002680423089,0.7700344241839153,0.011212088671679953,25468,0.9649695604599569
222,/home/projects/bagon/shared/imagenet512/val/n02099712/ILSVRC2012_val_00011807.JPEG,2277,531.3347930908203,0.0009613037109375,0.09238232101471236,0.972809608002537,0.010659262929901263,25503,0.9712856904933347
223,/home/projects/bagon/shared/imagenet512/val/n02108089/ILSVRC2012_val_00020841.JPEG,1837,171.5843620300293,0.000965118408203125,0.08486572162663504,0.6708261167851219,0.0057421885239246195,25525,0.9893411426864168
224,/home/projects/bagon/shared/imagenet512/val/n04548280/ILSVRC2012_val_00018443.JPEG,1773,1164.3583221435547,0.00098419189453125,0.10568645989194926,0.9841276224572503,0.007500648159296375,25549,0.9676103555853067
225,/home/projects/bagon/shared/imagenet512/val/n04525305/ILSVRC2012_val_00019911.JPEG,1379,136.1760025024414,0.00099945068359375,0.0744870686916756,0.6124147366591658,0.0045453836188704706,25562,0.9884878182557096
226,/home/projects/bagon/shared/imagenet512/val/n02108915/ILSVRC2012_val_00047762.JPEG,2262,744.0442085266113,0.000949859619140625,0.10983856989776612,0.9647124106423386,0.006232548557354249,25595,0.9550861285367639
227,/home/projects/bagon/shared/imagenet512/val/n03445924/ILSVRC2012_val_00002135.JPEG,997,138.34716033935547,0.0009918212890625,0.058316649997875315,0.8040520873737995,0.010345496956037814,25639,0.9928831694470396
228,/home/projects/bagon/shared/imagenet512/val/n02018207/ILSVRC2012_val_00021459.JPEG,1154,95.03453826904297,0.0009918212890625,0.061087307835809436,0.5714469601111054,0.0051252359299354105,25649,0.9874415481810296
229,/home/projects/bagon/shared/imagenet512/val/n03141823/ILSVRC2012_val_00015567.JPEG,1399,503.13026428222656,0.0009918212890625,0.08765064481955395,0.941366367600605,0.004397759788206428,25650,0.9790129427965666
230,/home/projects/bagon/shared/imagenet512/val/n04458633/ILSVRC2012_val_00028047.JPEG,1383,1777.8796157836914,0.00096893310546875,0.09568682190085358,0.9975448736466938,0.008493613073859034,25660,0.9670568518751825
231,/home/projects/bagon/shared/imagenet512/val/n03920288/ILSVRC2012_val_00015865.JPEG,1423,467.95152282714844,0.00092315673828125,0.07716174350981395,0.9591883773913117,0.01351502458711255,25664,0.9801466555712213
232,/home/projects/bagon/shared/imagenet512/val/n01819313/ILSVRC2012_val_00043975.JPEG,1111,692.5506935119629,0.000972747802734375,0.06913785553160046,0.9847175148071285,0.010541746498124166,25699,0.9881204432009649
233,/home/projects/bagon/shared/imagenet512/val/n02102177/ILSVRC2012_val_00021022.JPEG,2013,498.44635009765625,0.0009918212890625,0.10481675945550131,0.911565368744563,0.006567461189366174,25709,0.9572752495760933
234,/home/projects/bagon/shared/imagenet512/val/n02106382/ILSVRC2012_val_00035815.JPEG,1450,37.90892791748047,0.00099945068359375,0.058402472593985705,0.33144905770225386,0.011294390813566462,25719,0.9827924016711712
235,/home/projects/bagon/shared/imagenet512/val/n02981792/ILSVRC2012_val_00001063.JPEG,1801,37.13078308105469,0.0009613037109375,0.06255449433753531,0.2550435469218202,0.004274741620781416,25724,0.9776906282073442
236,/home/projects/bagon/shared/imagenet512/val/n03786901/ILSVRC2012_val_00021100.JPEG,1067,92.57606506347656,0.00099945068359375,0.058576522992074595,0.6112273288390822,0.004939461333810843,25725,0.9767694573148845
237,/home/projects/bagon/shared/imagenet512/val/n04266014/ILSVRC2012_val_00014262.JPEG,802,82.85379791259766,0.0009765625,0.0477528115058103,0.6183714695983613,0.01627631695780087,25735,0.9613989459715526
238,/home/projects/bagon/shared/imagenet512/val/n01560419/ILSVRC2012_val_00042600.JPEG,1529,865.6993064880371,0.000926971435546875,0.09513620155458846,0.9654991886676516,0.009328452187522675,25788,0.9702450612681096
239,/home/projects/bagon/shared/imagenet512/val/n04200800/ILSVRC2012_val_00019741.JPEG,1011,113.1134033203125,0.00099945068359375,0.05248288574719423,0.7726861253819292,0.007170263867436068,25806,0.9845858795489699
240,/home/projects/bagon/shared/imagenet512/val/n02704792/ILSVRC2012_val_00014723.JPEG,1503,507.50999450683594,0.00099945068359375,0.08364355035024865,0.9583169257189358,0.012169028535969448,25892,0.9604452960656948
241,/home/projects/bagon/shared/imagenet512/val/n07718472/ILSVRC2012_val_00037064.JPEG,1245,179.33724975585938,0.00098419189453125,0.06959030438873309,0.7529755288506017,0.003709635403432908,25895,0.9891396595327703
242,/home/projects/bagon/shared/imagenet512/val/n03110669/ILSVRC2012_val_00008380.JPEG,1323,138.94981002807617,0.000972747802734375,0.06749464738384113,0.6656453327249079,0.007504016354641353,25898,0.9885205692484377
243,/home/projects/bagon/shared/imagenet512/val/n01644373/ILSVRC2012_val_00025717.JPEG,1513,206.6204376220703,0.00095367431640625,0.07535192824389762,0.8415310197859225,0.008257039512857927,25902,0.9851014041353175
244,/home/projects/bagon/shared/imagenet512/val/n03884397/ILSVRC2012_val_00006391.JPEG,642,32.004905700683594,0.0009613037109375,0.038232830867012735,0.4505843827503119,0.002542622003632306,25906,0.9948320323882088
245,/home/projects/bagon/shared/imagenet512/val/n04542943/ILSVRC2012_val_00044601.JPEG,1269,1197.0391159057617,0.00099945068359375,0.08574774648562493,0.9951896924748517,0.005145734086281802,25921,0.983989553520821
246,/home/projects/bagon/shared/imagenet512/val/n02233338/ILSVRC2012_val_00019592.JPEG,1340,432.026123046875,0.0009918212890625,0.07872067653784572,0.9428196644777415,0.003919645818816752,25922,0.9741607439705461
247,/home/projects/bagon/shared/imagenet512/val/n02454379/ILSVRC2012_val_00005298.JPEG,783,128.11922454833984,0.00093841552734375,0.05176952677462861,0.7532501140412001,0.00607004275678351,25963,0.9878596333825486
248,/home/projects/bagon/shared/imagenet512/val/n04254680/ILSVRC2012_val_00002349.JPEG,1602,101.14603424072266,0.00098419189453125,0.07848469482613343,0.48882281890232426,0.01727449705272688,25985,0.9877623835067687
249,/home/projects/bagon/shared/imagenet512/val/n04273569/ILSVRC2012_val_00008080.JPEG,1366,320.09908294677734,0.0009765625,0.08177317681913655,0.8471253525497116,0.006684249343199014,25986,0.9839539981115604
250,/home/projects/bagon/shared/imagenet512/val/n04209239/ILSVRC2012_val_00022250.JPEG,837,282.91920471191406,0.0009918212890625,0.05732074222586751,0.9320146961048219,0.020057814387252425,25995,0.9862543223678469
251,/home/projects/bagon/shared/imagenet512/val/n03188531/ILSVRC2012_val_00026240.JPEG,1319,189.21321487426758,0.000919342041015625,0.07218614701407282,0.7404789132833866,0.005884434946167912,26008,0.978590400692252
252,/home/projects/bagon/shared/imagenet512/val/n02106550/ILSVRC2012_val_00012856.JPEG,1510,59.217376708984375,0.0009765625,0.06305316213260376,0.39855478460373955,0.01491239884123379,26009,0.9847957272283725
253,/home/projects/bagon/shared/imagenet512/val/n04009552/ILSVRC2012_val_00003647.JPEG,908,35.405906677246094,0.00098419189453125,0.04672641022694572,0.3560801252593319,0.008409854903075132,26089,0.9957146658809664
254,/home/projects/bagon/shared/imagenet512/val/n03075370/ILSVRC2012_val_00017150.JPEG,978,123.40058135986328,0.0009765625,0.057026981080859865,0.7114602612305102,0.019281760394991892,26128,0.9904708879208922
255,/home/projects/bagon/shared/imagenet512/val/n04141076/ILSVRC2012_val_00004761.JPEG,1344,640.8592414855957,0.000972747802734375,0.07985023967978981,0.9793051021765359,0.009706888308135821,26133,0.986715594502554
256,/home/projects/bagon/shared/imagenet512/val/n02107312/ILSVRC2012_val_00019364.JPEG,1405,440.90589141845703,0.0009765625,0.0875666690079072,0.9108109274017883,0.005984529217390385,26139,0.9844086161795648
257,/home/projects/bagon/shared/imagenet512/val/n02877765/ILSVRC2012_val_00036686.JPEG,1018,888.6650619506836,0.00099945068359375,0.07642024576922636,0.9881706963004522,0.005832692235403364,26141,0.9873711534977314
258,/home/projects/bagon/shared/imagenet512/val/n07715103/ILSVRC2012_val_00035149.JPEG,719,191.6612319946289,0.0009918212890625,0.05359938877318081,0.8255593723770692,0.0023170411498822973,26154,0.9845975885788457
259,/home/projects/bagon/shared/imagenet512/val/n04509417/ILSVRC2012_val_00038319.JPEG,1465,565.5431976318359,0.00099945068359375,0.08265712144266353,0.969238882174491,0.007021676410958787,26160,0.9855888364920409
260,/home/projects/bagon/shared/imagenet512/val/n07697537/ILSVRC2012_val_00048937.JPEG,875,90.10494232177734,0.00099945068359375,0.05205303830416475,0.6218743978824931,0.0031797882471010126,26188,0.9825151681882279
261,/home/projects/bagon/shared/imagenet512/val/n02105641/ILSVRC2012_val_00013007.JPEG,1202,184.6807975769043,0.000965118408203125,0.06912199922495729,0.7782261711133698,0.00865980667194566,26197,0.9912187828705689
262,/home/projects/bagon/shared/imagenet512/val/n04235860/ILSVRC2012_val_00027331.JPEG,871,281.4271545410156,0.0009918212890625,0.058790754067264965,0.906656605092066,0.00564518139441653,26206,0.9880465881893694
263,/home/projects/bagon/shared/imagenet512/val/n02098286/ILSVRC2012_val_00006848.JPEG,1723,316.5695037841797,0.00099945068359375,0.0915494037158178,0.8284334458779755,0.021101358043548422,26232,0.9789217610628749
264,/home/projects/bagon/shared/imagenet512/val/n04398044/ILSVRC2012_val_00016042.JPEG,1828,391.18930435180664,0.000972747802734375,0.08895118269456728,0.9306130165863228,0.005842212684221668,26338,0.9849769648863318
265,/home/projects/bagon/shared/imagenet512/val/n12768682/ILSVRC2012_val_00047834.JPEG,1264,1405.879280090332,0.00099945068359375,0.08814217200263474,0.9964061660905328,0.008519111064601046,26341,0.95613130291981
266,/home/projects/bagon/shared/imagenet512/val/n01675722/ILSVRC2012_val_00021055.JPEG,930,255.44722747802734,0.00093841552734375,0.05689356861598642,0.9233785291828377,0.003245629782514206,26343,0.9808171582199203
267,/home/projects/bagon/shared/imagenet512/val/n03544143/ILSVRC2012_val_00011019.JPEG,952,24.330543518066406,0.00099945068359375,0.04755109267629634,0.21962828092947023,0.008173315971413742,26346,0.9948458625094683
268,/home/projects/bagon/shared/imagenet512/val/n03920288/ILSVRC2012_val_00024971.JPEG,783,31.527427673339844,0.00099945068359375,0.043466410077823855,0.3568213681091729,0.00588205443131154,26347,0.989338998896734
269,/home/projects/bagon/shared/imagenet512/val/n01843383/ILSVRC2012_val_00025371.JPEG,1336,432.32154846191406,0.00099945068359375,0.07677259670048969,0.9512694369188676,0.012337071826481878,26374,0.9738020669689275
270,/home/projects/bagon/shared/imagenet512/val/n03697007/ILSVRC2012_val_00003724.JPEG,780,147.87530136108398,0.000934600830078125,0.05126430326891629,0.8237641150672848,0.004448448927970675,26387,0.9882770910247699
271,/home/projects/bagon/shared/imagenet512/val/n02095314/ILSVRC2012_val_00031713.JPEG,1395,281.0443572998047,0.00099945068359375,0.08546738493017805,0.8102006151013383,0.005330626986868901,26399,0.9757759207523115
272,/home/projects/bagon/shared/imagenet512/val/n02090721/ILSVRC2012_val_00040053.JPEG,1120,193.1468734741211,0.00098419189453125,0.06070558937378996,0.8188431316324065,0.014306289404984681,26409,0.9826388784971134
273,/home/projects/bagon/shared/imagenet512/val/n03837869/ILSVRC2012_val_00030264.JPEG,1268,199.72826385498047,0.0009613037109375,0.07351229371304312,0.799721302000694,0.01114281938027228,26411,0.9928975836246524
274,/home/projects/bagon/shared/imagenet512/val/n01698640/ILSVRC2012_val_00027872.JPEG,1372,94.14939880371094,0.0009918212890625,0.07021875406643613,0.5397021943786586,0.006767376300406206,26422,0.9875761337344274
275,/home/projects/bagon/shared/imagenet512/val/n02497673/ILSVRC2012_val_00046035.JPEG,1253,392.74798583984375,0.0009613037109375,0.07417266100937135,0.9311175031312314,0.018191681854314405,26438,0.9841894779568833
276,/home/projects/bagon/shared/imagenet512/val/n09428293/ILSVRC2012_val_00002896.JPEG,2794,410.89495849609375,0.0009918212890625,0.11919201094284772,0.8581973234713058,0.011509947323490715,26446,0.9792671724650709
277,/home/projects/bagon/shared/imagenet512/val/n02108422/ILSVRC2012_val_00023294.JPEG,2197,579.4248123168945,0.00095367431640625,0.10698345057124545,0.9519552399456852,0.026325471629682667,26463,0.9800866245651394
278,/home/projects/bagon/shared/imagenet512/val/n03977966/ILSVRC2012_val_00016091.JPEG,1795,181.63131713867188,0.0009765625,0.08264944746259673,0.6813116355129145,0.010955899283394797,26580,0.956820061547673
279,/home/projects/bagon/shared/imagenet512/val/n02105641/ILSVRC2012_val_00028464.JPEG,1789,886.3778762817383,0.00099945068359375,0.09351236235782744,0.9938110320085973,0.010531595723624778,26582,0.9508902533060563
280,/home/projects/bagon/shared/imagenet512/val/n02804610/ILSVRC2012_val_00005838.JPEG,1247,758.4055938720703,0.0009918212890625,0.07777885786971486,0.9885071291578004,0.0187004959916613,26583,0.9793834186491415
281,/home/projects/bagon/shared/imagenet512/val/n02114548/ILSVRC2012_val_00002565.JPEG,2308,321.73636627197266,0.0009918212890625,0.08742703115892289,0.8796329829111271,0.010746032052374633,26625,0.955307810159228
282,/home/projects/bagon/shared/imagenet512/val/n02808440/ILSVRC2012_val_00003072.JPEG,3700,341.425594329834,0.000972747802734375,0.1256546001087195,0.8401000016991013,0.015343475016379407,26630,0.9836239045355778
283,/home/projects/bagon/shared/imagenet512/val/n01990800/ILSVRC2012_val_00034806.JPEG,1128,519.684642791748,0.000965118408203125,0.06471464364778819,0.9812111725198407,0.008124267310330542,26635,0.9765458542641038
284,/home/projects/bagon/shared/imagenet512/val/n02037110/ILSVRC2012_val_00031863.JPEG,1705,450.11795806884766,0.00099945068359375,0.09417322970418748,0.9017794240618091,0.009126486541829687,26638,0.9715132230604306
285,/home/projects/bagon/shared/imagenet512/val/n02231487/ILSVRC2012_val_00002014.JPEG,1247,353.6726722717285,0.000965118408203125,0.07658808924783046,0.8988632629055464,0.01211024319130833,26646,0.9782170382930636
286,/home/projects/bagon/shared/imagenet512/val/n02099429/ILSVRC2012_val_00023634.JPEG,1747,334.4973831176758,0.00098419189453125,0.085773975256411,0.9011163672800551,0.023598814171065383,26705,0.9627034758018657
287,/home/projects/bagon/shared/imagenet512/val/n02110627/ILSVRC2012_val_00041953.JPEG,2037,1154.7320709228516,0.0009918212890625,0.09886302828766139,0.994964445353056,0.009787827129871595,26750,0.9614759336715977
288,/home/projects/bagon/shared/imagenet512/val/n01739381/ILSVRC2012_val_00015794.JPEG,1845,264.76956939697266,0.00099945068359375,0.08869450103719155,0.7957940428009385,0.006513794427173393,26765,0.9482260086605908
289,/home/projects/bagon/shared/imagenet512/val/n03347037/ILSVRC2012_val_00030600.JPEG,653,11.813240051269531,0.0009765625,0.03260945964606447,0.23394759297118145,0.007826859222924448,26767,0.9909505070948434
290,/home/projects/bagon/shared/imagenet512/val/n03208938/ILSVRC2012_val_00039208.JPEG,792,53.22856140136719,0.00095367431640625,0.04378814339712627,0.5183340790331405,0.008996738057010184,26771,0.9928577811623553
291,/home/projects/bagon/shared/imagenet512/val/n02396427/ILSVRC2012_val_00045758.JPEG,2805,685.1325378417969,0.0009765625,0.10880409286853313,0.9722987525041414,0.015663211429469828,26801,0.9715460441907109
292,/home/projects/bagon/shared/imagenet512/val/n01667114/ILSVRC2012_val_00013299.JPEG,2129,224.8993682861328,0.00099945068359375,0.09350207933328594,0.7780245988889583,0.016737441499457256,26874,0.9830101012022777
293,/home/projects/bagon/shared/imagenet512/val/n04357314/ILSVRC2012_val_00049539.JPEG,1650,652.0055084228516,0.0009765625,0.0801387378590229,0.9836267995706384,0.007846444148073152,26957,0.9873962574517554
294,/home/projects/bagon/shared/imagenet512/val/n01531178/ILSVRC2012_val_00010409.JPEG,1294,37.49897766113281,0.0009918212890625,0.05203745975735088,0.4322243609798986,0.013115244732671182,26962,0.9879094663536778
295,/home/projects/bagon/shared/imagenet512/val/n04579432/ILSVRC2012_val_00037298.JPEG,1491,570.4534301757812,0.00099945068359375,0.08700069528011396,0.9499048214432392,0.019969441734473,26975,0.9708539518924317
296,/home/projects/bagon/shared/imagenet512/val/n02672831/ILSVRC2012_val_00047423.JPEG,1301,141.18622589111328,0.0009765625,0.06720389977545355,0.6906039210867454,0.0050579980596498555,26977,0.9874815538553472
297,/home/projects/bagon/shared/imagenet512/val/n04462240/ILSVRC2012_val_00000579.JPEG,1752,434.8147888183594,0.00099945068359375,0.08857317907267945,0.9248660365502724,0.01064257410377667,26997,0.9819962980643608
298,/home/projects/bagon/shared/imagenet512/val/n03954731/ILSVRC2012_val_00037962.JPEG,1009,546.0631408691406,0.00099945068359375,0.07109986661052342,0.9651771952592405,0.013933806210163208,27001,0.9869183172707345
299,/home/projects/bagon/shared/imagenet512/val/n02105162/ILSVRC2012_val_00037799.JPEG,1859,349.2906837463379,0.000972747802734375,0.08876642002147352,0.8861597883952077,0.006917254290368024,27015,0.9720123558469227
300,/home/projects/bagon/shared/imagenet512/val/n01677366/ILSVRC2012_val_00047184.JPEG,1027,164.74920654296875,0.00099945068359375,0.06006378924605473,0.8032140120433731,0.004628592146451111,27027,0.9831281886341788
301,/home/projects/bagon/shared/imagenet512/val/n02093859/ILSVRC2012_val_00007109.JPEG,1723,234.4079132080078,0.0009613037109375,0.07772781469820811,0.873697520928898,0.008230351104083851,27039,0.9700910013164675
302,/home/projects/bagon/shared/imagenet512/val/n04147183/ILSVRC2012_val_00017945.JPEG,1267,154.2103042602539,0.0009918212890625,0.06927810508399998,0.6784242630046934,0.007288631266833172,27042,0.9791624704644578
303,/home/projects/bagon/shared/imagenet512/val/n02823750/ILSVRC2012_val_00014305.JPEG,1165,141.68480682373047,0.00099945068359375,0.06569132479585518,0.7085543837039939,0.008664362374966044,27055,0.988000409586614
304,/home/projects/bagon/shared/imagenet512/val/n02002556/ILSVRC2012_val_00031666.JPEG,2458,327.09045791625977,0.000965118408203125,0.11048323986886616,0.7909619146481096,0.013370073020610185,27070,0.9802890408446313
305,/home/projects/bagon/shared/imagenet512/val/n03793489/ILSVRC2012_val_00045539.JPEG,1032,263.7582473754883,0.00093841552734375,0.062085313373996344,0.8966380769035505,0.01424462598628361,27117,0.9841624522184154
306,/home/projects/bagon/shared/imagenet512/val/n02168699/ILSVRC2012_val_00006595.JPEG,1679,347.5428771972656,0.0009918212890625,0.08758785739817476,0.8936224753686213,0.009920903019985154,27136,0.9792018421797766
307,/home/projects/bagon/shared/imagenet512/val/n02124075/ILSVRC2012_val_00023393.JPEG,2069,266.681583404541,0.000972747802734375,0.095413086309251,0.804986754255267,0.0044134625022803995,27138,0.9721827920643755
308,/home/projects/bagon/shared/imagenet512/val/n02088238/ILSVRC2012_val_00047981.JPEG,1546,439.52104568481445,0.000965118408203125,0.07511197457421437,0.954057127758725,0.008531437137905877,27144,0.9776649715661687
309,/home/projects/bagon/shared/imagenet512/val/n07716906/ILSVRC2012_val_00038602.JPEG,1265,84.4399185180664,0.0009613037109375,0.06373631793029554,0.5025025718797318,0.00959822494665476,27171,0.9889037262550128
310,/home/projects/bagon/shared/imagenet512/val/n03775071/ILSVRC2012_val_00016004.JPEG,1221,312.64405822753906,0.0009307861328125,0.07130210772614275,0.9187250468802051,0.005288396890314629,27192,0.9833487569518939
311,/home/projects/bagon/shared/imagenet512/val/n02097130/ILSVRC2012_val_00038625.JPEG,1633,87.26953506469727,0.000949859619140625,0.0746014331281281,0.48967354550949754,0.0061135889018935595,27210,0.9828236064788486
312,/home/projects/bagon/shared/imagenet512/val/n03544143/ILSVRC2012_val_00003951.JPEG,1203,1755.0073776245117,0.0009765625,0.09066859788084,0.9968217713211337,0.006768403224847339,27282,0.9486280331128852
313,/home/projects/bagon/shared/imagenet512/val/n03980874/ILSVRC2012_val_00015930.JPEG,1279,563.6317291259766,0.00098419189453125,0.08005688428229706,0.9669398228400857,0.004333522170795973,27289,0.983593278627936
314,/home/projects/bagon/shared/imagenet512/val/n04162706/ILSVRC2012_val_00020348.JPEG,925,635.6723785400391,0.0009613037109375,0.06322841319875103,0.9854502816945192,0.007802807761126643,27290,0.9732172944547494
315,/home/projects/bagon/shared/imagenet512/val/n03627232/ILSVRC2012_val_00022225.JPEG,1230,1219.594337463379,0.0009307861328125,0.08880729234846384,0.9929879204164835,0.0036819888150213236,27303,0.9672722263878129
316,/home/projects/bagon/shared/imagenet512/val/n04200800/ILSVRC2012_val_00035624.JPEG,362,0.9882011413574219,0.000949859619140625,0.014508877477376732,0.009484913429813632,0.003663592610969342,27323,0.9986539163807279
317,/home/projects/bagon/shared/imagenet512/val/n03929660/ILSVRC2012_val_00045977.JPEG,928,316.81339263916016,0.0009918212890625,0.06275129879697959,0.925462751463411,0.002661272760023715,27364,0.9859389401044043
318,/home/projects/bagon/shared/imagenet512/val/n04404412/ILSVRC2012_val_00019755.JPEG,2064,1097.8789405822754,0.000957489013671875,0.11992468447423986,0.9706514221572206,0.003088308398894842,27382,0.969991500173853
319,/home/projects/bagon/shared/imagenet512/val/n02102973/ILSVRC2012_val_00009428.JPEG,2127,127.72127914428711,0.000957489013671875,0.083700620220559,0.6063249976077029,0.012899953145875498,27390,0.9695214036776808
320,/home/projects/bagon/shared/imagenet512/val/n03017168/ILSVRC2012_val_00038376.JPEG,1194,1124.272834777832,0.00095367431640625,0.08609756205258601,0.992187348363341,0.0036594682226768023,27454,0.9877444111263715
321,/home/projects/bagon/shared/imagenet512/val/n02883205/ILSVRC2012_val_00043821.JPEG,1055,363.5266876220703,0.00099945068359375,0.07062440697746189,0.935909634832016,0.02003672158882007,27457,0.9889151796001852
322,/home/projects/bagon/shared/imagenet512/val/n02783161/ILSVRC2012_val_00044189.JPEG,1773,428.2733917236328,0.0009918212890625,0.08642500422714768,0.9523483262292753,0.006732292315968934,27478,0.9583623064369142
323,/home/projects/bagon/shared/imagenet512/val/n01616318/ILSVRC2012_val_00018092.JPEG,1404,969.2193412780762,0.000965118408203125,0.08718549432916187,0.9933817013441292,0.022690574865102855,27493,0.9702138913672979
324,/home/projects/bagon/shared/imagenet512/val/n02097130/ILSVRC2012_val_00045760.JPEG,2258,821.0585327148438,0.0009613037109375,0.1154997043311879,0.9756352724085179,0.00874207485284813,27495,0.9530648478263933
325,/home/projects/bagon/shared/imagenet512/val/n03345487/ILSVRC2012_val_00036198.JPEG,1313,287.5094985961914,0.00099945068359375,0.07404267509113856,0.878109696660605,0.00674563154002951,27498,0.9554031239058556
326,/home/projects/bagon/shared/imagenet512/val/n03372029/ILSVRC2012_val_00031149.JPEG,1522,387.755615234375,0.0009918212890625,0.09269572901382922,0.8472041067440261,0.010675100846746693,27504,0.9861172002261557
327,/home/projects/bagon/shared/imagenet512/val/n02808440/ILSVRC2012_val_00012823.JPEG,2989,89.08729553222656,0.00098419189453125,0.09824270827910273,0.3791182430592405,0.014609165279299523,27539,0.985473530332826
328,/home/projects/bagon/shared/imagenet512/val/n02916936/ILSVRC2012_val_00037390.JPEG,1446,135.61963653564453,0.00099945068359375,0.07259618321438373,0.6901339214920532,0.007991606128572804,27547,0.9823319746281712
329,/home/projects/bagon/shared/imagenet512/val/n02787622/ILSVRC2012_val_00025772.JPEG,1640,2200.9152870178223,0.000972747802734375,0.10268091509165474,0.9957016482022449,0.012831896930954077,27633,0.9715571573633042
330,/home/projects/bagon/shared/imagenet512/val/n01990800/ILSVRC2012_val_00015754.JPEG,1108,400.9388122558594,0.00099945068359375,0.06548401667204057,0.9482453972149022,0.00698117403241162,27638,0.973189223700996
331,/home/projects/bagon/shared/imagenet512/val/n04277352/ILSVRC2012_val_00011226.JPEG,985,239.00933074951172,0.0009765625,0.061905171452315076,0.8830422789509408,0.012705424291146612,27646,0.9942723918267925
332,/home/projects/bagon/shared/imagenet512/val/n02098413/ILSVRC2012_val_00009190.JPEG,2532,473.8854446411133,0.00099945068359375,0.10250201615821931,0.9022177026983029,0.006511449344733505,27654,0.9639565994107259
333,/home/projects/bagon/shared/imagenet512/val/n09193705/ILSVRC2012_val_00036787.JPEG,1444,535.0932769775391,0.0009918212890625,0.07732058811775498,0.9798242036584879,0.014696134984732474,27661,0.9756565615225892
334,/home/projects/bagon/shared/imagenet512/val/n03884397/ILSVRC2012_val_00042381.JPEG,1033,165.60828399658203,0.00098419189453125,0.058381315545062165,0.8077743501988565,0.0024935089495901116,27686,0.9959901994845365
335,/home/projects/bagon/shared/imagenet512/val/n03888605/ILSVRC2012_val_00011816.JPEG,2609,412.7886199951172,0.0009918212890625,0.10980161836969377,0.8725976377457674,0.008236260049458367,27723,0.9859571037488152
336,/home/projects/bagon/shared/imagenet512/val/n04311174/ILSVRC2012_val_00027640.JPEG,802,127.44802856445312,0.00096893310546875,0.05314153129847611,0.7155766751928923,0.0019290336368433542,27733,0.9721582853353956
337,/home/projects/bagon/shared/imagenet512/val/n03627232/ILSVRC2012_val_00007296.JPEG,1306,2136.802635192871,0.00099945068359375,0.10232652289125883,0.9974256390559076,0.011712053965596804,27810,0.9537044515739447
338,/home/projects/bagon/shared/imagenet512/val/n04116512/ILSVRC2012_val_00039841.JPEG,3067,769.2372207641602,0.00099945068359375,0.131971395947101,0.9555726359189828,0.014247919086275311,27816,0.9814824200018498
339,/home/projects/bagon/shared/imagenet512/val/n02641379/ILSVRC2012_val_00011694.JPEG,1681,224.08425903320312,0.00099945068359375,0.08678274760771772,0.7462033445213316,0.015884540016708908,27824,0.9795616828233576
340,/home/projects/bagon/shared/imagenet512/val/n02095570/ILSVRC2012_val_00017992.JPEG,1797,444.34613037109375,0.00098419189453125,0.08679326083982203,0.9568021093736756,0.01544140028969705,27825,0.9776433558728838
341,/home/projects/bagon/shared/imagenet512/val/n03393912/ILSVRC2012_val_00017525.JPEG,1336,313.3097915649414,0.0009918212890625,0.07791272486084606,0.8758913996920747,0.006547364928741696,27829,0.9795683263046406
342,/home/projects/bagon/shared/imagenet512/val/n04238763/ILSVRC2012_val_00030636.JPEG,808,333.8325729370117,0.00098419189453125,0.05569382255515616,0.9520511751650063,0.00759435630660342,27832,0.9905110949516525
343,/home/projects/bagon/shared/imagenet512/val/n07693725/ILSVRC2012_val_00018883.JPEG,1637,178.1082305908203,0.00098419189453125,0.0834894827723451,0.7056742950972618,0.011985362713967796,27837,0.9889228930501653
344,/home/projects/bagon/shared/imagenet512/val/n03388183/ILSVRC2012_val_00008576.JPEG,1816,808.1128311157227,0.00099945068359375,0.08630872855707128,0.9906911815935993,0.008254663969632495,27857,0.9675554260745013
345,/home/projects/bagon/shared/imagenet512/val/n04542943/ILSVRC2012_val_00049512.JPEG,1094,383.91466522216797,0.00096893310546875,0.06926227552046028,0.9338997464248291,0.0038283010201217264,27871,0.9888303956543495
346,/home/projects/bagon/shared/imagenet512/val/n04380533/ILSVRC2012_val_00046160.JPEG,3163,567.5258255004883,0.0009918212890625,0.09952741165378219,0.9730757077243234,0.011976170090674225,27929,0.9689365851845341
347,/home/projects/bagon/shared/imagenet512/val/n03109150/ILSVRC2012_val_00032588.JPEG,1429,468.513916015625,0.0009918212890625,0.0918529722962577,0.9107608775204334,0.008646530235224553,27942,0.9854801931426009
348,/home/projects/bagon/shared/imagenet512/val/n02802426/ILSVRC2012_val_00014210.JPEG,1520,930.7318153381348,0.000972747802734375,0.09521302837173344,0.9781879991895748,0.010824314007865887,27945,0.974915163462796
349,/home/projects/bagon/shared/imagenet512/val/n03134739/ILSVRC2012_val_00013483.JPEG,1647,444.7935333251953,0.00098419189453125,0.08104895475384434,0.9383193309201511,0.022462458670118694,27968,0.9468100541701271
350,/home/projects/bagon/shared/imagenet512/val/n01829413/ILSVRC2012_val_00035542.JPEG,1298,348.5883560180664,0.0009918212890625,0.07449979015126629,0.9104270429902881,0.004424166857780748,27977,0.9677650240361324
351,/home/projects/bagon/shared/imagenet512/val/n03467068/ILSVRC2012_val_00015497.JPEG,839,213.07037353515625,0.0009918212890625,0.05556211575694379,0.8708640704551365,0.0033342288850556866,27993,0.9942742452859104
352,/home/projects/bagon/shared/imagenet512/val/n04482393/ILSVRC2012_val_00013099.JPEG,1468,475.29188537597656,0.00099945068359375,0.09445942688949573,0.8908100733072891,0.0020191014438050185,28075,0.9773771712492505
353,/home/projects/bagon/shared/imagenet512/val/n03000684/ILSVRC2012_val_00004262.JPEG,892,81.02597427368164,0.000965118408203125,0.04679628361154281,0.6696462662177397,0.015421780820895873,28081,0.9938766193416838
354,/home/projects/bagon/shared/imagenet512/val/n07717410/ILSVRC2012_val_00027320.JPEG,1350,785.7139892578125,0.00099945068359375,0.07415261709963482,0.9917809866946928,0.011962036545912597,28098,0.9910400171723115
355,/home/projects/bagon/shared/imagenet512/val/n02090622/ILSVRC2012_val_00038649.JPEG,1002,260.0193176269531,0.00099945068359375,0.0612995631820262,0.9082997590256616,0.005881335779355653,28101,0.9885400300934387
356,/home/projects/bagon/shared/imagenet512/val/n02074367/ILSVRC2012_val_00037898.JPEG,1334,460.1953010559082,0.000965118408203125,0.07422797895993077,0.9462690301348088,0.023759400154794427,28118,0.9666177199556094
357,/home/projects/bagon/shared/imagenet512/val/n03000684/ILSVRC2012_val_00045940.JPEG,1179,431.3602294921875,0.00099945068359375,0.07257170184294637,0.9503107149328482,0.006908367289475418,28126,0.9690081510106336
358,/home/projects/bagon/shared/imagenet512/val/n03930313/ILSVRC2012_val_00015816.JPEG,1701,245.88383102416992,0.000957489013671875,0.08981388953727189,0.7700107345397289,0.008184115079508973,28133,0.9840159476999946
359,/home/projects/bagon/shared/imagenet512/val/n04204347/ILSVRC2012_val_00045143.JPEG,996,187.27265167236328,0.0009918212890625,0.05739805876023015,0.850054021674582,0.01376496088930047,28169,0.9545644736536569
360,/home/projects/bagon/shared/imagenet512/val/n03259280/ILSVRC2012_val_00018603.JPEG,2044,1366.9358673095703,0.00099945068359375,0.11260163291834815,0.9950054242262694,0.023120169228830353,28235,0.981566415840531
361,/home/projects/bagon/shared/imagenet512/val/n01667778/ILSVRC2012_val_00040231.JPEG,1160,333.34095001220703,0.0009918212890625,0.07734748860731613,0.8612045296838413,0.007799164158116363,28239,0.9647862192104572
362,/home/projects/bagon/shared/imagenet512/val/n12267677/ILSVRC2012_val_00038516.JPEG,1514,1766.5176315307617,0.0009765625,0.09971408935853658,0.9969270912159697,0.009723757068778243,28242,0.9734306334339309
363,/home/projects/bagon/shared/imagenet512/val/n01753488/ILSVRC2012_val_00043310.JPEG,3025,278.3208541870117,0.0009765625,0.11539118590505883,0.7451005005256092,0.011490960698324216,28243,0.9354519168277136
364,/home/projects/bagon/shared/imagenet512/val/n03026506/ILSVRC2012_val_00001908.JPEG,932,321.48676681518555,0.000972747802734375,0.06835650525564284,0.8894988689750793,0.0042070024194134185,28244,0.9918022306720815
365,/home/projects/bagon/shared/imagenet512/val/n02950826/ILSVRC2012_val_00040163.JPEG,1411,532.6292190551758,0.0009918212890625,0.08879827130664865,0.9565901183950304,0.004120687735947039,28282,0.9785908895758
366,/home/projects/bagon/shared/imagenet512/val/n03124170/ILSVRC2012_val_00004413.JPEG,1739,584.867561340332,0.00099945068359375,0.0959021798749346,0.9619318062044269,0.01540548935638177,28322,0.9636397018135575
367,/home/projects/bagon/shared/imagenet512/val/n02093647/ILSVRC2012_val_00033215.JPEG,1904,818.7535057067871,0.000965118408203125,0.09024036564137004,0.9863185851566131,0.01347153661038361,28374,0.9388391509370404
368,/home/projects/bagon/shared/imagenet512/val/n06785654/ILSVRC2012_val_00023409.JPEG,644,63.51072692871094,0.00099945068359375,0.041699832380987296,0.5722819302538353,0.003751964620053937,28378,0.9961444353232121
369,/home/projects/bagon/shared/imagenet512/val/n03709823/ILSVRC2012_val_00048331.JPEG,2001,42.544044494628906,0.00099945068359375,0.07092475322087322,0.2810275708649269,0.01645244283985756,28450,0.9876376954646023
370,/home/projects/bagon/shared/imagenet512/val/n02099267/ILSVRC2012_val_00027677.JPEG,2102,145.913330078125,0.00099945068359375,0.0889312342904739,0.6115774344946906,0.01849807343087994,28455,0.9869789751083663
371,/home/projects/bagon/shared/imagenet512/val/n13040303/ILSVRC2012_val_00014746.JPEG,1392,343.3855857849121,0.000942230224609375,0.07411767621277109,0.9275576631520785,0.008813376669805337,28487,0.9696107326997636
372,/home/projects/bagon/shared/imagenet512/val/n15075141/ILSVRC2012_val_00002916.JPEG,2304,260.1988639831543,0.000972747802734375,0.08981627382080902,0.8684539915973158,0.008355674673281986,28507,0.9852373071561121
373,/home/projects/bagon/shared/imagenet512/val/n09246464/ILSVRC2012_val_00002337.JPEG,1276,318.92034912109375,0.00096893310546875,0.07944797174365681,0.8656518918022694,0.01168536547802187,28511,0.9698390642054749
374,/home/projects/bagon/shared/imagenet512/val/n04540053/ILSVRC2012_val_00047763.JPEG,1441,174.32337951660156,0.00098419189453125,0.07487952368669028,0.7115727682619593,0.02386729262374887,28521,0.957867885634555
375,/home/projects/bagon/shared/imagenet512/val/n02107574/ILSVRC2012_val_00004666.JPEG,1892,40.81464385986328,0.0009918212890625,0.07128751618856634,0.2438423648354511,0.02591353521763707,28525,0.9885905117836257
376,/home/projects/bagon/shared/imagenet512/val/n04311174/ILSVRC2012_val_00010129.JPEG,740,136.38716888427734,0.00099945068359375,0.04715398240701144,0.8422726543920188,0.007452050150466461,28599,0.9876673638027436
377,/home/projects/bagon/shared/imagenet512/val/n01532829/ILSVRC2012_val_00000873.JPEG,1528,315.3695297241211,0.0009918212890625,0.07962608652786997,0.9018149186305761,0.007411047964357502,28602,0.9801099554888935
378,/home/projects/bagon/shared/imagenet512/val/n04462240/ILSVRC2012_val_00026920.JPEG,1187,373.75330352783203,0.00098419189453125,0.0748298865737876,0.9134711751840467,0.003954584698954379,28605,0.9867364123666651
379,/home/projects/bagon/shared/imagenet512/val/n01795545/ILSVRC2012_val_00043130.JPEG,773,77.9100112915039,0.000946044921875,0.05027703085655539,0.563897229498593,0.00925848688397627,28613,0.9707700813200849
380,/home/projects/bagon/shared/imagenet512/val/n02130308/ILSVRC2012_val_00026943.JPEG,1137,166.5506820678711,0.00099945068359375,0.06740492516333937,0.7544775793094345,0.013605756898867553,28614,0.9896232033890081
381,/home/projects/bagon/shared/imagenet512/val/n03417042/ILSVRC2012_val_00016208.JPEG,1229,544.6047973632812,0.00099945068359375,0.07609161466372916,0.9673194417600137,0.01943227652583272,28619,0.9808227382758083
382,/home/projects/bagon/shared/imagenet512/val/n01820546/ILSVRC2012_val_00021278.JPEG,1269,452.7789611816406,0.00099945068359375,0.07700696212372111,0.9582708852779847,0.0165256211693069,28653,0.9873368886032213
383,/home/projects/bagon/shared/imagenet512/val/n01580077/ILSVRC2012_val_00026656.JPEG,1273,439.2073287963867,0.00098419189453125,0.08222624868235764,0.9100763367353517,0.0027885752932875216,28662,0.9696011957338552
384,/home/projects/bagon/shared/imagenet512/val/n04317175/ILSVRC2012_val_00044951.JPEG,1161,1585.2698059082031,0.0009918212890625,0.09572940118365622,0.9932888222592129,0.005524532705158356,28733,0.9648900860084637
385,/home/projects/bagon/shared/imagenet512/val/n02442845/ILSVRC2012_val_00023994.JPEG,1320,302.921875,0.0009918212890625,0.07915620717087245,0.8416482036178699,0.004018874532152068,28735,0.9848607556627917
386,/home/projects/bagon/shared/imagenet512/val/n03201208/ILSVRC2012_val_00027949.JPEG,1704,221.15862274169922,0.0009918212890625,0.08080828864593044,0.7975390673899224,0.005953527520703207,28750,0.9812532892801247
387,/home/projects/bagon/shared/imagenet512/val/n04442312/ILSVRC2012_val_00011659.JPEG,1679,1233.0563278198242,0.00099945068359375,0.10348307228414713,0.9921374115308388,0.012646822425838542,28756,0.952032884306307
388,/home/projects/bagon/shared/imagenet512/val/n02190166/ILSVRC2012_val_00005894.JPEG,1658,148.55419921875,0.00099945068359375,0.08020924210040656,0.6301831766260808,0.006602019544832508,28764,0.9836643268373054
389,/home/projects/bagon/shared/imagenet512/val/n03630383/ILSVRC2012_val_00045271.JPEG,1275,26.672359466552734,0.000965118408203125,0.052871090408143334,0.2359932471893118,0.019018490758373616,28779,0.9823003524497445
390,/home/projects/bagon/shared/imagenet512/val/n02444819/ILSVRC2012_val_00017559.JPEG,1491,731.6761169433594,0.0009918212890625,0.08806318926179446,0.9811451386064196,0.0070402551619995705,28793,0.9774381342007643
391,/home/projects/bagon/shared/imagenet512/val/n03498962/ILSVRC2012_val_00023600.JPEG,1051,476.04219818115234,0.0009765625,0.06887798768198172,0.9656887574715659,0.01135724236069281,28851,0.9756027759989296
392,/home/projects/bagon/shared/imagenet512/val/n01751748/ILSVRC2012_val_00019204.JPEG,1691,251.73264694213867,0.000949859619140625,0.08552412932478207,0.824953215201653,0.005737832621224693,28870,0.9786937034910069
393,/home/projects/bagon/shared/imagenet512/val/n02442845/ILSVRC2012_val_00025532.JPEG,1025,94.79658508300781,0.0009613037109375,0.05731305083049074,0.6290234994885067,0.002477996637462905,28890,0.9943869397301537
394,/home/projects/bagon/shared/imagenet512/val/n01978287/ILSVRC2012_val_00023583.JPEG,1345,226.14549255371094,0.00096893310546875,0.0686381573766692,0.8560828244174215,0.02720604510810429,28892,0.978477462943276
395,/home/projects/bagon/shared/imagenet512/val/n02097209/ILSVRC2012_val_00010536.JPEG,2417,395.3742141723633,0.00099945068359375,0.09787133339091203,0.9266207173134755,0.016805845847379985,28902,0.9657341595879892
396,/home/projects/bagon/shared/imagenet512/val/n03887697/ILSVRC2012_val_00009790.JPEG,1620,320.90025329589844,0.00098419189453125,0.08005079017814545,0.9176008240581188,0.020912046917715744,28909,0.9755603757828494
397,/home/projects/bagon/shared/imagenet512/val/n04325704/ILSVRC2012_val_00009732.JPEG,1963,1285.8573837280273,0.0009765625,0.10268263516647945,0.9945394679202169,0.019430417118544867,28928,0.9610492053774881
398,/home/projects/bagon/shared/imagenet512/val/n04366367/ILSVRC2012_val_00035017.JPEG,1371,121.50410461425781,0.00099945068359375,0.06805709039455544,0.6728766350562508,0.021809134015739515,28938,0.986487391608199
399,/home/projects/bagon/shared/imagenet512/val/n01944390/ILSVRC2012_val_00025566.JPEG,1355,95.00489807128906,0.000946044921875,0.06280608014698785,0.5838935957972495,0.0047034956488056934,28962,0.9902749359346772
400,/home/projects/bagon/shared/imagenet512/val/n01443537/ILSVRC2012_val_00013513.JPEG,821,914.2717437744141,0.00098419189453125,0.06437485091311428,0.9933213796167115,0.006421791865991091,29014,0.9868368067598224
401,/home/projects/bagon/shared/imagenet512/val/n01981276/ILSVRC2012_val_00010874.JPEG,949,35.06536102294922,0.00096893310546875,0.0460876200475792,0.34985634731716925,0.008091631198065519,29023,0.983791836389161
402,/home/projects/bagon/shared/imagenet512/val/n02110627/ILSVRC2012_val_00048288.JPEG,1771,78.65794372558594,0.00099945068359375,0.07023714540965735,0.5269786317093756,0.02315043321935215,29085,0.9742644700063233
403,/home/projects/bagon/shared/imagenet512/val/n03803284/ILSVRC2012_val_00006876.JPEG,961,1367.159408569336,0.00099945068359375,0.0765402777892436,0.9967294047043098,0.004329572175856835,29109,0.978614856797129
404,/home/projects/bagon/shared/imagenet512/val/n03840681/ILSVRC2012_val_00031740.JPEG,973,894.4327239990234,0.00096893310546875,0.07245792652664981,0.9921830956895915,0.004806624790576951,29112,0.9552958759801051
405,/home/projects/bagon/shared/imagenet512/val/n03417042/ILSVRC2012_val_00047189.JPEG,1410,326.3639335632324,0.000942230224609375,0.08060724460844416,0.8611149862056895,0.009542812567122007,29115,0.987964043447617
406,/home/projects/bagon/shared/imagenet512/val/n02841315/ILSVRC2012_val_00022229.JPEG,1354,348.7270965576172,0.00099945068359375,0.07989403520126434,0.9004628687445619,0.012093578555900613,29119,0.9881004735023438
407,/home/projects/bagon/shared/imagenet512/val/n03980874/ILSVRC2012_val_00030625.JPEG,1604,223.99183654785156,0.00099945068359375,0.0885618828602284,0.725516094632912,0.004829955322958192,29120,0.9836132767039962
408,/home/projects/bagon/shared/imagenet512/val/n04118776/ILSVRC2012_val_00014473.JPEG,1092,292.2397689819336,0.0009765625,0.07228323578045717,0.8510538396123511,0.0019774195737060976,29130,0.984871292729702
409,/home/projects/bagon/shared/imagenet512/val/n01985128/ILSVRC2012_val_00028073.JPEG,1894,420.75699615478516,0.00098419189453125,0.09480360838566525,0.9134611719136826,0.006198547441746919,29209,0.9800759406305566
410,/home/projects/bagon/shared/imagenet512/val/n03814639/ILSVRC2012_val_00019686.JPEG,1231,878.0483169555664,0.00099945068359375,0.08219090095952176,0.9736276364090297,0.015725346167388646,29210,0.9599904430732922
411,/home/projects/bagon/shared/imagenet512/val/n04033901/ILSVRC2012_val_00001457.JPEG,735,200.34740447998047,0.0009765625,0.05107581186801578,0.8804455821199206,0.012241572702009616,29220,0.9858968970743238
412,/home/projects/bagon/shared/imagenet512/val/n03992509/ILSVRC2012_val_00005794.JPEG,1030,487.92284393310547,0.0009765625,0.07312905667652464,0.9617375785847518,0.007275582058395638,29227,0.9887555351467099
413,/home/projects/bagon/shared/imagenet512/val/n02105855/ILSVRC2012_val_00027445.JPEG,1631,219.9626007080078,0.0009918212890625,0.07925872210122609,0.8019993004676729,0.029905889533508624,29247,0.9854405934423941
414,/home/projects/bagon/shared/imagenet512/val/n07695742/ILSVRC2012_val_00025414.JPEG,1374,1153.6184692382812,0.0009918212890625,0.08712596526137709,0.9955078512327706,0.015081325281149693,29317,0.9750782614084745
415,/home/projects/bagon/shared/imagenet512/val/n01986214/ILSVRC2012_val_00025585.JPEG,776,132.5832748413086,0.00099945068359375,0.051972776451490094,0.7835750151008747,0.006263641147725582,29319,0.9903966146345072
416,/home/projects/bagon/shared/imagenet512/val/n03857828/ILSVRC2012_val_00047380.JPEG,1759,683.0370445251465,0.000949859619140625,0.10124273534109864,0.9611018675122486,0.004420533423854747,29375,0.9823602174615246
417,/home/projects/bagon/shared/imagenet512/val/n04127249/ILSVRC2012_val_00027502.JPEG,901,185.29660034179688,0.0009918212890625,0.057977783885391446,0.8485012879086233,0.010540304237115654,29401,0.9837640462955097
418,/home/projects/bagon/shared/imagenet512/val/n03495258/ILSVRC2012_val_00010855.JPEG,1141,1050.1317520141602,0.00099945068359375,0.08700373857588455,0.9868964171789525,0.01062818611448677,29425,0.9770551809405337
419,/home/projects/bagon/shared/imagenet512/val/n04311004/ILSVRC2012_val_00033624.JPEG,1383,799.5007553100586,0.0009918212890625,0.08827978540621956,0.9815429762246193,0.013393926649270457,29447,0.9822355898597883
420,/home/projects/bagon/shared/imagenet512/val/n03794056/ILSVRC2012_val_00048711.JPEG,624,74.80021667480469,0.00099945068359375,0.03352606018465662,0.8320307587696876,0.0043272130907368025,29452,0.9936835061351378
421,/home/projects/bagon/shared/imagenet512/val/n02088238/ILSVRC2012_val_00011434.JPEG,2374,583.2890014648438,0.00098419189453125,0.11881258356945408,0.9251652103814834,0.005951365845494137,29485,0.9805158259970594
422,/home/projects/bagon/shared/imagenet512/val/n02687172/ILSVRC2012_val_00012386.JPEG,1143,41.99977111816406,0.0009918212890625,0.05431479868014675,0.3405440265029413,0.009715891962328645,29492,0.9876421877512656
423,/home/projects/bagon/shared/imagenet512/val/n02514041/ILSVRC2012_val_00003806.JPEG,1910,214.30807495117188,0.00099945068359375,0.09024571617756125,0.7908276779381386,0.009125011859388465,29503,0.9806590386258031
424,/home/projects/bagon/shared/imagenet512/val/n03197337/ILSVRC2012_val_00019997.JPEG,1607,1221.7642936706543,0.000957489013671875,0.09628622773374632,0.9950967671856767,0.011096589533227,29541,0.9707782060062579
425,/home/projects/bagon/shared/imagenet512/val/n04548362/ILSVRC2012_val_00048305.JPEG,1612,236.96735382080078,0.00099945068359375,0.07852389867869305,0.8500022563508135,0.019441404919753654,29548,0.98341372167168
426,/home/projects/bagon/shared/imagenet512/val/n03769881/ILSVRC2012_val_00010881.JPEG,1720,194.0965690612793,0.000949859619140625,0.08153809875439061,0.7489252586331654,0.017941335319895578,29562,0.9814120652720453
427,/home/projects/bagon/shared/imagenet512/val/n02112137/ILSVRC2012_val_00006416.JPEG,1195,100.33448791503906,0.0009613037109375,0.06340081465942003,0.6015816777111361,0.003830715651220718,29564,0.9836464721216894
428,/home/projects/bagon/shared/imagenet512/val/n07871810/ILSVRC2012_val_00014713.JPEG,1402,536.8666000366211,0.00096893310546875,0.08493333328272845,0.9475853070391725,0.007079464081986319,29569,0.949957186398441
429,/home/projects/bagon/shared/imagenet512/val/n03062245/ILSVRC2012_val_00041455.JPEG,1970,1385.1284484863281,0.0009918212890625,0.11433220222979636,0.9931534548886065,0.004766017752539696,29584,0.9679447643239808
430,/home/projects/bagon/shared/imagenet512/val/n04254680/ILSVRC2012_val_00028138.JPEG,1009,561.9946937561035,0.000957489013671875,0.07049010962533084,0.964380075774868,0.005140740510365725,29591,0.9787446232798991
431,/home/projects/bagon/shared/imagenet512/val/n03196217/ILSVRC2012_val_00046460.JPEG,1331,612.0385818481445,0.000946044921875,0.08381542635001771,0.9591836306465917,0.007940866143704295,29600,0.9910578678042109
432,/home/projects/bagon/shared/imagenet512/val/n04235860/ILSVRC2012_val_00049108.JPEG,702,133.52952194213867,0.000911712646484375,0.05232415968900211,0.718716653157339,0.002141166105823449,29617,0.9901439053744897
433,/home/projects/bagon/shared/imagenet512/val/n02106166/ILSVRC2012_val_00003734.JPEG,3219,120.1777572631836,0.0009765625,0.11560476200509985,0.3941728305837833,0.008221196385339198,29626,0.9542284187517412
434,/home/projects/bagon/shared/imagenet512/val/n02112018/ILSVRC2012_val_00039662.JPEG,1790,249.60229110717773,0.000965118408203125,0.08018132382496364,0.8400283049729831,0.00917017731536402,29632,0.9824542754781495
435,/home/projects/bagon/shared/imagenet512/val/n03388183/ILSVRC2012_val_00010518.JPEG,1841,197.12294006347656,0.0009918212890625,0.08229397968832074,0.8103462879735538,0.006542666237351663,29668,0.9817396625967727
436,/home/projects/bagon/shared/imagenet512/val/n04597913/ILSVRC2012_val_00008027.JPEG,1403,1134.9566040039062,0.00099945068359375,0.09312636861244168,0.988870866990682,0.0028101788903486993,29669,0.9824187919596152
437,/home/projects/bagon/shared/imagenet512/val/n04067472/ILSVRC2012_val_00016525.JPEG,1316,533.3744163513184,0.000942230224609375,0.08449999255858656,0.9474150751824921,0.007623086683564701,29671,0.9777390823993725
438,/home/projects/bagon/shared/imagenet512/val/n04487394/ILSVRC2012_val_00016009.JPEG,1767,177.00987243652344,0.00098419189453125,0.07756895793203303,0.7765527355688723,0.015108540232666298,29675,0.9777200043516536
439,/home/projects/bagon/shared/imagenet512/val/n03938244/ILSVRC2012_val_00020983.JPEG,588,2.9224014282226562,0.000946044921875,0.025940358279122906,0.029256082960145435,0.002274016271159574,29683,0.998336209647065
440,/home/projects/bagon/shared/imagenet512/val/n02086240/ILSVRC2012_val_00001393.JPEG,2690,259.19226837158203,0.00098419189453125,0.10695516344219047,0.7031789431176578,0.02118900142075525,29701,0.9782480001889414
441,/home/projects/bagon/shared/imagenet512/val/n04201297/ILSVRC2012_val_00003497.JPEG,1086,192.23516845703125,0.0009918212890625,0.06422357858310007,0.7867091452038469,0.005305176626183985,29704,0.9737810074997386
442,/home/projects/bagon/shared/imagenet512/val/n02808440/ILSVRC2012_val_00018670.JPEG,2801,276.79601287841797,0.00099945068359375,0.11049493922983802,0.7379972196011183,0.0166841733708899,29712,0.9829816163803773
443,/home/projects/bagon/shared/imagenet512/val/n03721384/ILSVRC2012_val_00032461.JPEG,711,169.38431930541992,0.000896453857421875,0.049796885187152674,0.8475738801274314,0.015269036774290725,29767,0.9917290070020147
444,/home/projects/bagon/shared/imagenet512/val/n03792782/ILSVRC2012_val_00044560.JPEG,1566,159.36834716796875,0.00099945068359375,0.07798500905549194,0.6957614456593886,0.0047185732356969075,29788,0.9746397757452054
445,/home/projects/bagon/shared/imagenet512/val/n04141975/ILSVRC2012_val_00013890.JPEG,1112,482.51831817626953,0.00099945068359375,0.0742780423132244,0.9580744199535082,0.013526716497371867,29799,0.9887352163760976
446,/home/projects/bagon/shared/imagenet512/val/n03899768/ILSVRC2012_val_00024191.JPEG,1310,363.8362922668457,0.000949859619140625,0.07524314320902371,0.9205711169009285,0.016363096701855134,29829,0.9760627578035523
447,/home/projects/bagon/shared/imagenet512/val/n03733131/ILSVRC2012_val_00014531.JPEG,1795,547.160213470459,0.000949859619140625,0.10167783191143405,0.9239037309442348,0.008587954710831817,29852,0.979421420822976
448,/home/projects/bagon/shared/imagenet512/val/n03445777/ILSVRC2012_val_00008599.JPEG,1199,173.88570404052734,0.00099945068359375,0.06315119787413358,0.8172412809379748,0.013777615339504386,29855,0.9908020370502212
449,/home/projects/bagon/shared/imagenet512/val/n02133161/ILSVRC2012_val_00040347.JPEG,1397,327.3892059326172,0.00099945068359375,0.07415196460395718,0.9217517006058089,0.011591942182740721,29859,0.9846286947239257
450,/home/projects/bagon/shared/imagenet512/val/n01608432/ILSVRC2012_val_00028521.JPEG,1639,175.96349334716797,0.00099945068359375,0.07255558118587695,0.7760877058143454,0.021513994511919942,29861,0.962708403367035
451,/home/projects/bagon/shared/imagenet512/val/n02231487/ILSVRC2012_val_00038537.JPEG,1579,814.5005493164062,0.0009765625,0.07018537298906237,0.9934981237361877,0.015284574092202503,29872,0.9805447451150026
452,/home/projects/bagon/shared/imagenet512/val/n01978455/ILSVRC2012_val_00004113.JPEG,1391,445.4968719482422,0.00099945068359375,0.08080334803555307,0.9468643330346878,0.0038892005644422644,29904,0.9861958967094918
453,/home/projects/bagon/shared/imagenet512/val/n02090721/ILSVRC2012_val_00031545.JPEG,1186,391.2749710083008,0.00093841552734375,0.07521287825710661,0.9279562237406567,0.014835123436766911,29919,0.9837276327775656
454,/home/projects/bagon/shared/imagenet512/val/n03781244/ILSVRC2012_val_00029842.JPEG,1851,100.53006744384766,0.00099945068359375,0.07336603664756344,0.5168553906303042,0.004376093890547198,29951,0.9724714405379916
455,/home/projects/bagon/shared/imagenet512/val/n04371774/ILSVRC2012_val_00008853.JPEG,1304,200.3591079711914,0.0009918212890625,0.07613033749911664,0.7463798790896603,0.009311588833317064,29959,0.9876813687701248
456,/home/projects/bagon/shared/imagenet512/val/n03220513/ILSVRC2012_val_00003991.JPEG,1900,506.8608589172363,0.000957489013671875,0.10279014488119237,0.8998241434343098,0.007025450135034299,29975,0.9632856989710872
457,/home/projects/bagon/shared/imagenet512/val/n02730930/ILSVRC2012_val_00020467.JPEG,1495,36.398006439208984,0.000949859619140625,0.06359111044191558,0.25733446724666664,0.009767644457453598,30028,0.9793778839221822
458,/home/projects/bagon/shared/imagenet512/val/n01980166/ILSVRC2012_val_00005836.JPEG,1402,558.6492767333984,0.0009307861328125,0.08646384776682708,0.9441251285838846,0.011277381694785047,30054,0.9626277714263616
459,/home/projects/bagon/shared/imagenet512/val/n02102480/ILSVRC2012_val_00019449.JPEG,1161,219.58525848388672,0.0009918212890625,0.06535879437829138,0.8619649539038043,0.011109119315948095,30061,0.9800386688524324
460,/home/projects/bagon/shared/imagenet512/val/n02787622/ILSVRC2012_val_00024757.JPEG,1234,763.7780914306641,0.00099945068359375,0.078973378103558,0.9875288764170193,0.004939078629978292,30136,0.9819812052003913
461,/home/projects/bagon/shared/imagenet512/val/n01847000/ILSVRC2012_val_00029022.JPEG,1597,1473.8542976379395,0.000957489013671875,0.10168140929741604,0.9965340166301726,0.014411368889618928,30174,0.9778565970219901
462,/home/projects/bagon/shared/imagenet512/val/n02422699/ILSVRC2012_val_00003871.JPEG,1955,171.40863037109375,0.00099945068359375,0.09029161512705638,0.6812125250524934,0.011886317243983362,30179,0.9798599196454642
463,/home/projects/bagon/shared/imagenet512/val/n07753113/ILSVRC2012_val_00002179.JPEG,1166,234.9367904663086,0.00099945068359375,0.06841763824346046,0.8576757981184141,0.005982641843014192,30202,0.9815028985091863
464,/home/projects/bagon/shared/imagenet512/val/n03467068/ILSVRC2012_val_00048005.JPEG,955,96.49629974365234,0.00096893310546875,0.05896793616876928,0.5533796719754943,0.0024746860287514225,30230,0.9925422605438687
465,/home/projects/bagon/shared/imagenet512/val/n02669723/ILSVRC2012_val_00022883.JPEG,1862,126.32698059082031,0.00099945068359375,0.0836696428000169,0.6065416441666986,0.016880551499340434,30251,0.9503871233684414
466,/home/projects/bagon/shared/imagenet512/val/n03032252/ILSVRC2012_val_00001894.JPEG,1374,973.7825965881348,0.000934600830078125,0.0839980235616082,0.9911421267295141,0.017601435934514083,30287,0.9616043559894564
467,/home/projects/bagon/shared/imagenet512/val/n03400231/ILSVRC2012_val_00015489.JPEG,2023,920.6799926757812,0.00098419189453125,0.1129559257581147,0.9789368820055607,0.009901014659768996,30307,0.9537717300800109
468,/home/projects/bagon/shared/imagenet512/val/n01737021/ILSVRC2012_val_00028076.JPEG,1046,958.7034301757812,0.0009918212890625,0.0597965375276615,0.9968578551006178,0.022972991568152627,30312,0.9846456652309986
469,/home/projects/bagon/shared/imagenet512/val/n02101556/ILSVRC2012_val_00006827.JPEG,1595,367.554630279541,0.000957489013671875,0.07932565316347531,0.9346170431747467,0.003727208085602011,30319,0.9810296296054634
470,/home/projects/bagon/shared/imagenet512/val/n03017168/ILSVRC2012_val_00027888.JPEG,1574,694.670467376709,0.000965118408203125,0.09696309035397808,0.9679484176096912,0.004848098490367591,30328,0.9837434259656206
471,/home/projects/bagon/shared/imagenet512/val/n04041544/ILSVRC2012_val_00034712.JPEG,2645,426.5611038208008,0.00099945068359375,0.11646936342861472,0.8455990705035243,0.012685280289889217,30347,0.9428608511081008
472,/home/projects/bagon/shared/imagenet512/val/n01784675/ILSVRC2012_val_00039704.JPEG,1127,416.72530364990234,0.0009918212890625,0.07360794412264393,0.9452522028481338,0.006037424042362679,30390,0.9873380216102597
473,/home/projects/bagon/shared/imagenet512/val/n01498041/ILSVRC2012_val_00040342.JPEG,1696,236.67896270751953,0.00098419189453125,0.07558969789575336,0.8030080540604938,0.0063591745950457084,30401,0.9786196093104529
474,/home/projects/bagon/shared/imagenet512/val/n02704792/ILSVRC2012_val_00005458.JPEG,1301,520.3627471923828,0.0009918212890625,0.08610467382763172,0.9328939822325985,0.005109163890532665,30416,0.9796425029848387
475,/home/projects/bagon/shared/imagenet512/val/n04311174/ILSVRC2012_val_00031667.JPEG,621,153.28152465820312,0.0009918212890625,0.04465014776637619,0.858074830087989,0.0054675036705394125,30424,0.9839429726589862
476,/home/projects/bagon/shared/imagenet512/val/n01774384/ILSVRC2012_val_00004164.JPEG,1290,129.54454803466797,0.0009918212890625,0.06411145650109361,0.687064992567282,0.005092621949903901,30455,0.9908411350736591
477,/home/projects/bagon/shared/imagenet512/val/n03691459/ILSVRC2012_val_00012602.JPEG,2117,190.54765701293945,0.000942230224609375,0.09268033020662737,0.7029193899391419,0.005621388121590578,30478,0.9789003120907338
478,/home/projects/bagon/shared/imagenet512/val/n03729826/ILSVRC2012_val_00034339.JPEG,1590,890.5174369812012,0.000957489013671875,0.10175066282338063,0.9739142040760004,0.004180349725339934,30481,0.9849519864696208
479,/home/projects/bagon/shared/imagenet512/val/n02840245/ILSVRC2012_val_00005453.JPEG,1920,790.0204544067383,0.00093841552734375,0.10241920546031687,0.9743164240246334,0.013578478875232138,30508,0.9158645899593143
480,/home/projects/bagon/shared/imagenet512/val/n03729826/ILSVRC2012_val_00038947.JPEG,1012,129.62084579467773,0.000949859619140625,0.0620830813234696,0.6944758166146406,0.004842944065922412,30611,0.9934562921676142
481,/home/projects/bagon/shared/imagenet512/val/n02206856/ILSVRC2012_val_00005559.JPEG,2279,668.2510604858398,0.0009918212890625,0.12058854996847383,0.9208606790084686,0.013954937764811838,30664,0.9762024473305485
482,/home/projects/bagon/shared/imagenet512/val/n03803284/ILSVRC2012_val_00018103.JPEG,1431,1546.4535026550293,0.000926971435546875,0.10011868810669453,0.9957316963367134,0.012806136851504026,30678,0.9710943124068753
483,/home/projects/bagon/shared/imagenet512/val/n01945685/ILSVRC2012_val_00014762.JPEG,856,370.2660827636719,0.000946044921875,0.05660870417371547,0.9704758221615333,0.014776471640700789,30748,0.9901804150517862
484,/home/projects/bagon/shared/imagenet512/val/n04131690/ILSVRC2012_val_00043092.JPEG,1006,115.71734619140625,0.00098419189453125,0.056151283423884056,0.72293574188965,0.003713883610608734,30770,0.9898177704778774
485,/home/projects/bagon/shared/imagenet512/val/n04208210/ILSVRC2012_val_00004896.JPEG,1556,423.6865997314453,0.00099945068359375,0.08149889155914558,0.9387351461146914,0.011051422624876295,30835,0.9806228986393377
486,/home/projects/bagon/shared/imagenet512/val/n02807133/ILSVRC2012_val_00048150.JPEG,1538,1166.0367546081543,0.000965118408203125,0.10559399711529262,0.985504657225534,0.007210546566950202,30840,0.9796754171687219
487,/home/projects/bagon/shared/imagenet512/val/n02692877/ILSVRC2012_val_00001602.JPEG,977,551.3220138549805,0.00099945068359375,0.06948821568710942,0.9676394219165192,0.00251586925166113,30844,0.9504332871106808
488,/home/projects/bagon/shared/imagenet512/val/n03544143/ILSVRC2012_val_00003986.JPEG,942,482.7066879272461,0.00099945068359375,0.06643639156154893,0.9536971499185698,0.005851506218569514,30859,0.9862406061930516
489,/home/projects/bagon/shared/imagenet512/val/n04483307/ILSVRC2012_val_00049433.JPEG,2545,154.29397583007812,0.0009765625,0.1001343071308637,0.5818620809712609,0.020169450845989142,30860,0.9760513778441416
490,/home/projects/bagon/shared/imagenet512/val/n03938244/ILSVRC2012_val_00012501.JPEG,1143,1284.5942993164062,0.00098419189453125,0.07708803886461389,0.99739253450422,0.007025003773340439,30862,0.9819511150147315
491,/home/projects/bagon/shared/imagenet512/val/n02104029/ILSVRC2012_val_00002260.JPEG,1783,151.29267120361328,0.0009918212890625,0.08756811518280376,0.6055743408954799,0.01271968197301494,30942,0.9838977625866357
492,/home/projects/bagon/shared/imagenet512/val/n02106550/ILSVRC2012_val_00017940.JPEG,2364,467.0890121459961,0.00098419189453125,0.10402374333140531,0.9175972419567651,0.026633149702951633,30976,0.9761910290390075
493,/home/projects/bagon/shared/imagenet512/val/n02165456/ILSVRC2012_val_00038463.JPEG,1763,922.6744232177734,0.0009918212890625,0.095367744207941,0.9853664481317708,0.005365143910973345,30981,0.9753029561157035
494,/home/projects/bagon/shared/imagenet512/val/n04560804/ILSVRC2012_val_00031871.JPEG,2290,550.0139236450195,0.00099945068359375,0.10965190676062392,0.9307403951520834,0.010763230511717924,30993,0.9781520197908568
495,/home/projects/bagon/shared/imagenet512/val/n02009912/ILSVRC2012_val_00017874.JPEG,2287,346.0265426635742,0.00099945068359375,0.09675544912359921,0.8771259801329102,0.007248789125073575,30998,0.9759393468820453
496,/home/projects/bagon/shared/imagenet512/val/n03376595/ILSVRC2012_val_00029215.JPEG,1052,138.74666213989258,0.000972747802734375,0.06298431564282317,0.7117896910339753,0.004185243842508925,31000,0.9881524130125557
497,/home/projects/bagon/shared/imagenet512/val/n01742172/ILSVRC2012_val_00043349.JPEG,804,65.8439712524414,0.00099945068359375,0.04968495095298255,0.5047709306307993,0.00578681581226919,31007,0.9923462751545986
498,/home/projects/bagon/shared/imagenet512/val/n01688243/ILSVRC2012_val_00000297.JPEG,1127,610.418083190918,0.00099945068359375,0.07490339814586269,0.9767347192131309,0.01085741703470339,31048,0.9755991163297637
499,/home/projects/bagon/shared/imagenet512/val/n02481823/ILSVRC2012_val_00008256.JPEG,2001,253.64662170410156,0.00099945068359375,0.10088132472937479,0.7490091001921437,0.00644279008478366,31053,0.9735217439169799
500,/home/projects/bagon/shared/imagenet512/val/n02090379/ILSVRC2012_val_00033094.JPEG,1863,169.29288482666016,0.00099945068359375,0.08384123086561081,0.6934253871486256,0.012382083506919044,31105,0.9888713391900134
501,/home/projects/bagon/shared/imagenet512/val/n03424325/ILSVRC2012_val_00005566.JPEG,1442,664.4599266052246,0.000904083251953125,0.08614991227364242,0.9745938300981919,0.015306886560814574,31121,0.9802699023332238
502,/home/projects/bagon/shared/imagenet512/val/n04259630/ILSVRC2012_val_00017706.JPEG,1350,859.0759658813477,0.00099945068359375,0.08256536241661767,0.9919901442104715,0.023649207027508154,31127,0.9802313466390606
503,/home/projects/bagon/shared/imagenet512/val/n07892512/ILSVRC2012_val_00035226.JPEG,1697,483.5662498474121,0.000949859619140625,0.08441039222274457,0.9554557625342626,0.005190943907509373,31128,0.9843831236105274
504,/home/projects/bagon/shared/imagenet512/val/n01945685/ILSVRC2012_val_00028401.JPEG,1034,349.1422882080078,0.0009765625,0.06301828503407482,0.9634316173807199,0.014462789503489162,31136,0.988788366856456
505,/home/projects/bagon/shared/imagenet512/val/n04344873/ILSVRC2012_val_00042078.JPEG,1239,17.129810333251953,0.000972747802734375,0.04964320667365261,0.1494023513386283,0.006787840049012915,31169,0.989999727640883
506,/home/projects/bagon/shared/imagenet512/val/n03838899/ILSVRC2012_val_00036626.JPEG,1934,90.43397521972656,0.0009918212890625,0.08718335111080427,0.4173003833819332,0.008723349039065837,31189,0.9876621848927535
507,/home/projects/bagon/shared/imagenet512/val/n02788148/ILSVRC2012_val_00004094.JPEG,792,275.78611755371094,0.00098419189453125,0.05301307935975051,0.9209638334166401,0.0036770855901864926,31195,0.9640559218676124
508,/home/projects/bagon/shared/imagenet512/val/n04040759/ILSVRC2012_val_00040259.JPEG,1203,300.26887130737305,0.000965118408203125,0.07248306827724904,0.9011315698159427,0.010192454216189462,31209,0.9818923966319162
509,/home/projects/bagon/shared/imagenet512/val/n03837869/ILSVRC2012_val_00044841.JPEG,1060,12.764739990234375,0.00091552734375,0.0447924427446056,0.11676375722161858,0.007588339296210432,31220,0.9869054601517585
510,/home/projects/bagon/shared/imagenet512/val/n02169497/ILSVRC2012_val_00021794.JPEG,1760,54.827880859375,0.000946044921875,0.07577432664792985,0.3029927835944139,0.007727722567057404,31230,0.9833148010369076
511,/home/projects/bagon/shared/imagenet512/val/n04399382/ILSVRC2012_val_00033881.JPEG,1470,724.7406997680664,0.0009918212890625,0.08171648279166788,0.9858320768774789,0.023543951816672605,31289,0.9865654417322677
512,/home/projects/bagon/shared/imagenet512/val/n03602883/ILSVRC2012_val_00036241.JPEG,1573,469.63636016845703,0.00093841552734375,0.09132924038954765,0.9084703934879481,0.00725849660678695,31304,0.9784173971991844
513,/home/projects/bagon/shared/imagenet512/val/n01749939/ILSVRC2012_val_00044333.JPEG,2452,310.53216552734375,0.00098419189453125,0.10504287303546617,0.7783770300199793,0.01523417061385246,31327,0.9830735189977328
514,/home/projects/bagon/shared/imagenet512/val/n02730930/ILSVRC2012_val_00042510.JPEG,1596,197.34475326538086,0.000926971435546875,0.0800911482601193,0.7646847363310811,0.0043481574779661285,31337,0.9786320716537892
515,/home/projects/bagon/shared/imagenet512/val/n03843555/ILSVRC2012_val_00027462.JPEG,1374,1056.6496047973633,0.0009307861328125,0.09217773270408605,0.989923994613136,0.013420703663366312,31358,0.9821935872960543
516,/home/projects/bagon/shared/imagenet512/val/n01532829/ILSVRC2012_val_00026755.JPEG,1326,248.18762969970703,0.0009918212890625,0.06787755115331824,0.8703726803042057,0.006895412206797725,31361,0.9658497962472168
517,/home/projects/bagon/shared/imagenet512/val/n04509417/ILSVRC2012_val_00032079.JPEG,1445,352.23068618774414,0.000965118408203125,0.07953972787040182,0.8980002715759752,0.01903789870383031,31372,0.9850586000447638
518,/home/projects/bagon/shared/imagenet512/val/n03584829/ILSVRC2012_val_00019167.JPEG,685,39.179656982421875,0.0009918212890625,0.04351998401123769,0.433884778624112,0.004205516549407389,31391,0.9945995793133077
519,/home/projects/bagon/shared/imagenet512/val/n04317175/ILSVRC2012_val_00048835.JPEG,1079,267.29068756103516,0.00099945068359375,0.07054486067135948,0.852651886695234,0.0021745984105914842,31428,0.9786585116576217
520,/home/projects/bagon/shared/imagenet512/val/n04200800/ILSVRC2012_val_00005401.JPEG,1215,850.3268814086914,0.00099945068359375,0.08036718970372042,0.9852388329779798,0.004400710194820082,31431,0.9578497167988028
521,/home/projects/bagon/shared/imagenet512/val/n04254120/ILSVRC2012_val_00031761.JPEG,1616,354.2737274169922,0.00099945068359375,0.08557531710062424,0.8810027757508774,0.01401955531470368,31501,0.9812507064285512
522,/home/projects/bagon/shared/imagenet512/val/n02281787/ILSVRC2012_val_00032927.JPEG,1547,350.16107177734375,0.00099945068359375,0.08307974820047,0.893703472208631,0.006134780553889618,31515,0.9776477784145741
523,/home/projects/bagon/shared/imagenet512/val/n03476684/ILSVRC2012_val_00039290.JPEG,986,375.5526809692383,0.00092315673828125,0.07011112329644303,0.9145516276153385,0.007308203029490585,31532,0.9743446293624893
524,/home/projects/bagon/shared/imagenet512/val/n02236044/ILSVRC2012_val_00035261.JPEG,1500,1600.1149368286133,0.00090789794921875,0.10568562374198287,0.9951094674005027,0.016154085424285418,31538,0.9774205904647042
525,/home/projects/bagon/shared/imagenet512/val/n02536864/ILSVRC2012_val_00044563.JPEG,1296,919.092529296875,0.00099945068359375,0.08215413893095602,0.9897903983052863,0.021860116253560158,31572,0.9581730432851071
526,/home/projects/bagon/shared/imagenet512/val/n03388549/ILSVRC2012_val_00015918.JPEG,1314,346.0361099243164,0.00098419189453125,0.0701103535662778,0.9241585156807733,0.013679141291474907,31591,0.9919696165249747
527,/home/projects/bagon/shared/imagenet512/val/n03873416/ILSVRC2012_val_00016980.JPEG,1926,512.9256744384766,0.00098419189453125,0.09813745425148455,0.9436400887939089,0.01513121837163977,31601,0.9807212325050616
528,/home/projects/bagon/shared/imagenet512/val/n04146614/ILSVRC2012_val_00011337.JPEG,978,432.32238006591797,0.00098419189453125,0.06945315425193704,0.9431181168781129,0.0037643122961675763,31654,0.989860850489839
529,/home/projects/bagon/shared/imagenet512/val/n01592084/ILSVRC2012_val_00043585.JPEG,2251,572.5986175537109,0.00093841552734375,0.11074356750694203,0.925734610002924,0.0352707534985876,31674,0.9801851064495474
530,/home/projects/bagon/shared/imagenet512/val/n02130308/ILSVRC2012_val_00041296.JPEG,1359,558.066535949707,0.00099945068359375,0.08251045829028307,0.9586458111939182,0.0041017697508531825,31727,0.9783012325010878
531,/home/projects/bagon/shared/imagenet512/val/n04141975/ILSVRC2012_val_00010284.JPEG,1256,292.80987548828125,0.0009307861328125,0.07451896087674793,0.8842309057456714,0.002446166597305165,31743,0.9893966516235189
532,/home/projects/bagon/shared/imagenet512/val/n04428191/ILSVRC2012_val_00006136.JPEG,1237,43.649269104003906,0.00099945068359375,0.05910350066953964,0.30716236017923315,0.013356551803789593,31746,0.990937506253072
533,/home/projects/bagon/shared/imagenet512/val/n07615774/ILSVRC2012_val_00024265.JPEG,1612,1407.4065017700195,0.00099945068359375,0.1073676878861076,0.9930851727053014,0.020638624278436362,31747,0.9647807240487811
534,/home/projects/bagon/shared/imagenet512/val/n03781244/ILSVRC2012_val_00023032.JPEG,1741,199.72621154785156,0.00099945068359375,0.08947332521416519,0.6589621176598642,0.006243421088343174,31764,0.9722067876957109
535,/home/projects/bagon/shared/imagenet512/val/n03617480/ILSVRC2012_val_00027806.JPEG,1609,994.2959518432617,0.0009765625,0.09514306662665478,0.9889930305742801,0.010507593465587292,31781,0.9771862170019021
536,/home/projects/bagon/shared/imagenet512/val/n02951585/ILSVRC2012_val_00000223.JPEG,1709,475.10226821899414,0.000949859619140625,0.0861133544106007,0.9517932946562324,0.02092103649840671,31788,0.9685291019376945
537,/home/projects/bagon/shared/imagenet512/val/n02101556/ILSVRC2012_val_00023735.JPEG,1322,561.1653518676758,0.0009765625,0.08606404503627299,0.965033006909997,0.009097776201986348,31791,0.9863086698258589
538,/home/projects/bagon/shared/imagenet512/val/n02396427/ILSVRC2012_val_00027556.JPEG,2736,400.81068420410156,0.0009918212890625,0.09879047740123968,0.9153422437129101,0.011163346436220198,31800,0.9693122568341732
539,/home/projects/bagon/shared/imagenet512/val/n01532829/ILSVRC2012_val_00011056.JPEG,1556,272.13344955444336,0.000972747802734375,0.07560554434773818,0.8864213877842289,0.016954723983768037,31803,0.9771535208982444
540,/home/projects/bagon/shared/imagenet512/val/n01950731/ILSVRC2012_val_00016162.JPEG,1453,412.99609756469727,0.000957489013671875,0.08230515772036809,0.9112426420157287,0.011996939446460363,31814,0.9864324007257466
541,/home/projects/bagon/shared/imagenet512/val/n02417914/ILSVRC2012_val_00004814.JPEG,1640,769.7266693115234,0.00099945068359375,0.09585610940330079,0.9762103888194779,0.008060558771986623,31845,0.9717726345754636
542,/home/projects/bagon/shared/imagenet512/val/n01514668/ILSVRC2012_val_00005505.JPEG,1360,713.1451721191406,0.0009918212890625,0.07288435781221876,0.9840909374853906,0.018077431647607705,31852,0.9792401422740075
543,/home/projects/bagon/shared/imagenet512/val/n03814906/ILSVRC2012_val_00024535.JPEG,1568,825.3237228393555,0.00098419189453125,0.08453907100685684,0.9939514747888317,0.0228488242013992,31873,0.9770430326696201
544,/home/projects/bagon/shared/imagenet512/val/n09193705/ILSVRC2012_val_00029172.JPEG,1533,102.54551696777344,0.0009613037109375,0.07085061087746966,0.5541715524400305,0.005940110926568414,31886,0.9799848582411123
545,/home/projects/bagon/shared/imagenet512/val/n07754684/ILSVRC2012_val_00034787.JPEG,1333,410.9284896850586,0.0009918212890625,0.08160400633467599,0.9258342849418969,0.011779437767526527,31898,0.9829494168451166
546,/home/projects/bagon/shared/imagenet512/val/n07892512/ILSVRC2012_val_00006481.JPEG,2204,696.8707046508789,0.00099945068359375,0.10355285759721511,0.9764345778923456,0.006859856513098502,31899,0.9730430550203816
547,/home/projects/bagon/shared/imagenet512/val/n04483307/ILSVRC2012_val_00017663.JPEG,2643,333.50699615478516,0.00098419189453125,0.11519289443766717,0.772405907010328,0.013407251191785114,31926,0.9710038434371473
548,/home/projects/bagon/shared/imagenet512/val/n03891332/ILSVRC2012_val_00017999.JPEG,1207,842.7357330322266,0.00099945068359375,0.07805512353246628,0.9909314373507072,0.006447884621366291,31964,0.9879176992791608
549,/home/projects/bagon/shared/imagenet512/val/n02869837/ILSVRC2012_val_00010850.JPEG,1367,836.0907554626465,0.000972747802734375,0.09424696457348078,0.9763339217806979,0.016489283725146034,31973,0.9804736898210358
550,/home/projects/bagon/shared/imagenet512/val/n04265275/ILSVRC2012_val_00049659.JPEG,1315,278.5841941833496,0.000934600830078125,0.07745799661237046,0.8578747381516215,0.00772610189310808,31979,0.9804805658339286
551,/home/projects/bagon/shared/imagenet512/val/n04023962/ILSVRC2012_val_00007919.JPEG,2094,1430.7956848144531,0.00096893310546875,0.1221741718636061,0.9901356310950811,0.006475137432304573,32009,0.9628251692683675
552,/home/projects/bagon/shared/imagenet512/val/n04392985/ILSVRC2012_val_00027793.JPEG,2932,492.0386428833008,0.00098419189453125,0.12342735231912651,0.8887732675450848,0.009673594937307845,32010,0.973820895953427
553,/home/projects/bagon/shared/imagenet512/val/n02841315/ILSVRC2012_val_00002158.JPEG,1469,869.2597122192383,0.00095367431640625,0.08779032133249771,0.9897881741000496,0.012228137929834699,32058,0.9739773244394717
554,/home/projects/bagon/shared/imagenet512/val/n02109047/ILSVRC2012_val_00014257.JPEG,1695,323.3761901855469,0.00095367431640625,0.07048608767667627,0.9455854220623332,0.018995661922779197,32072,0.9882344074196655
555,/home/projects/bagon/shared/imagenet512/val/n04296562/ILSVRC2012_val_00013796.JPEG,1266,315.5386505126953,0.0009918212890625,0.07516530923496913,0.8940028934725096,0.011639521458314197,32101,0.9853338760256741
556,/home/projects/bagon/shared/imagenet512/val/n03207743/ILSVRC2012_val_00005434.JPEG,1596,33.77265930175781,0.00099945068359375,0.05844287611605159,0.30959208087311074,0.01214427169580391,32102,0.9940155938149492
557,/home/projects/bagon/shared/imagenet512/val/n02115913/ILSVRC2012_val_00036691.JPEG,1057,182.45252990722656,0.00099945068359375,0.06205373644997793,0.8394356738809637,0.02366471711655601,32133,0.9926164280714205
558,/home/projects/bagon/shared/imagenet512/val/n02666196/ILSVRC2012_val_00047040.JPEG,1136,381.3193588256836,0.00099945068359375,0.067497765290548,0.9538629265133395,0.01045836050315913,32188,0.9867996399128828
559,/home/projects/bagon/shared/imagenet512/val/n02090379/ILSVRC2012_val_00023155.JPEG,2041,167.72777557373047,0.0009918212890625,0.08704390085864051,0.6795802357067915,0.004690205094369269,32191,0.9475106015617735
560,/home/projects/bagon/shared/imagenet512/val/n01644900/ILSVRC2012_val_00028629.JPEG,2472,664.2498016357422,0.00099945068359375,0.11293898339314365,0.9554824683614145,0.013374568703005178,32194,0.9739022140006376
561,/home/projects/bagon/shared/imagenet512/val/n04447861/ILSVRC2012_val_00040960.JPEG,1247,453.15559005737305,0.000972747802734375,0.07316983934074864,0.9562526303418428,0.0067793230658719054,32199,0.9803732439663491
562,/home/projects/bagon/shared/imagenet512/val/n03733281/ILSVRC2012_val_00032108.JPEG,1519,797.2272529602051,0.000949859619140625,0.09713748944350994,0.9733643589014036,0.016364012707771387,32203,0.9829910639260372
563,/home/projects/bagon/shared/imagenet512/val/n01807496/ILSVRC2012_val_00037024.JPEG,3067,1103.3596572875977,0.00099945068359375,0.1303061953079188,0.9844308769041016,0.008694754230609636,32206,0.9707351368790892
564,/home/projects/bagon/shared/imagenet512/val/n01443537/ILSVRC2012_val_00049712.JPEG,1260,1061.7344818115234,0.0009307861328125,0.08593776572822713,0.9916578797564257,0.004030518191813112,32216,0.9880391222578009
565,/home/projects/bagon/shared/imagenet512/val/n03272010/ILSVRC2012_val_00010371.JPEG,1384,1030.194595336914,0.0009613037109375,0.08209760210534736,0.991678909752564,0.0017693239112649504,32242,0.9811559850852805
566,/home/projects/bagon/shared/imagenet512/val/n04127249/ILSVRC2012_val_00002975.JPEG,1584,66.07147979736328,0.00098419189453125,0.0694718375857052,0.40640248452800176,0.012183335971781069,32267,0.9766261723526108
567,/home/projects/bagon/shared/imagenet512/val/n02909870/ILSVRC2012_val_00022064.JPEG,1598,40.23066711425781,0.00095367431640625,0.06258116087059197,0.3227854654315486,0.007593567191912462,32274,0.9895732808742477
568,/home/projects/bagon/shared/imagenet512/val/n04505470/ILSVRC2012_val_00044703.JPEG,2839,1969.1204147338867,0.0009613037109375,0.12407753192511646,0.9983219995335946,0.007766740969820997,32283,0.9693720348947684
569,/home/projects/bagon/shared/imagenet512/val/n02606052/ILSVRC2012_val_00030635.JPEG,1110,975.031494140625,0.0009613037109375,0.07549957593149258,0.9899360414987616,0.018630902054774502,32308,0.9518155970122855
570,/home/projects/bagon/shared/imagenet512/val/n02099429/ILSVRC2012_val_00048141.JPEG,1933,502.85343170166016,0.0009765625,0.0996506194251937,0.939282870401155,0.014913792279232575,32339,0.9586181850466083
571,/home/projects/bagon/shared/imagenet512/val/n04118776/ILSVRC2012_val_00046198.JPEG,1488,539.7859916687012,0.000949859619140625,0.0853030939445904,0.9495625500909626,0.017647125518646986,32354,0.9801465905733951
572,/home/projects/bagon/shared/imagenet512/val/n03075370/ILSVRC2012_val_00014463.JPEG,1162,104.55226135253906,0.0009613037109375,0.06321156242105896,0.645906405210287,0.006003656646483526,32388,0.9926867150458929
573,/home/projects/bagon/shared/imagenet512/val/n02730930/ILSVRC2012_val_00046383.JPEG,1530,355.8734893798828,0.0009765625,0.08436320833769208,0.9054923695572226,0.010250204290801309,32407,0.981587981831006
574,/home/projects/bagon/shared/imagenet512/val/n03720891/ILSVRC2012_val_00034431.JPEG,1878,974.2259330749512,0.000965118408203125,0.1099586397314082,0.9812194059411564,0.0187277592515177,32421,0.9482245464365712
575,/home/projects/bagon/shared/imagenet512/val/n04209133/ILSVRC2012_val_00029797.JPEG,1014,290.95056915283203,0.00098419189453125,0.06640736464388583,0.8962365280066829,0.00790096624523227,32422,0.9920466563911757
576,/home/projects/bagon/shared/imagenet512/val/n02091032/ILSVRC2012_val_00042781.JPEG,1630,419.3642272949219,0.0009918212890625,0.08203566360955028,0.9555714042269053,0.013875752180209474,32426,0.98048251776081
577,/home/projects/bagon/shared/imagenet512/val/n03775071/ILSVRC2012_val_00038329.JPEG,1250,93.50283813476562,0.0009918212890625,0.06270585570188761,0.5628836626369083,0.003763272479453907,32441,0.9909212422330229
578,/home/projects/bagon/shared/imagenet512/val/n04404412/ILSVRC2012_val_00044381.JPEG,1862,725.85986328125,0.00098419189453125,0.10159510390063753,0.9675416289290486,0.004393071084157419,32476,0.9849013801082898
579,/home/projects/bagon/shared/imagenet512/val/n02526121/ILSVRC2012_val_00001595.JPEG,1298,338.6521911621094,0.0009613037109375,0.07556031099266025,0.8890376411192799,0.007446939810382743,32479,0.9863441280668255
580,/home/projects/bagon/shared/imagenet512/val/n04277352/ILSVRC2012_val_00004080.JPEG,1195,373.0941619873047,0.0009765625,0.06757245042817216,0.9745874669255327,0.014445610704328312,32486,0.9846802561850909
581,/home/projects/bagon/shared/imagenet512/val/n03670208/ILSVRC2012_val_00044197.JPEG,1284,231.27273559570312,0.00098419189453125,0.06714601451166183,0.874553229946613,0.0092557350630218,32489,0.9583246168557384
582,/home/projects/bagon/shared/imagenet512/val/n02108000/ILSVRC2012_val_00048383.JPEG,1982,134.7622528076172,0.00098419189453125,0.08257974095097256,0.5271191465651869,0.0025933029006377974,32495,0.95160974068489
583,/home/projects/bagon/shared/imagenet512/val/n04127249/ILSVRC2012_val_00012191.JPEG,1500,1486.355812072754,0.000946044921875,0.10225828627348141,0.9937588545250449,0.02586757327551934,32531,0.9450198265320882
584,/home/projects/bagon/shared/imagenet512/val/n02100877/ILSVRC2012_val_00016589.JPEG,1493,1242.9194030761719,0.0009765625,0.10062004478363538,0.9923611765071793,0.010748996883655054,32542,0.9716022459264264
585,/home/projects/bagon/shared/imagenet512/val/n03201208/ILSVRC2012_val_00036955.JPEG,1533,75.69766235351562,0.00099945068359375,0.06603998165819888,0.5096080935089906,0.007837358065261427,32550,0.9711322540185898
586,/home/projects/bagon/shared/imagenet512/val/n02526121/ILSVRC2012_val_00020757.JPEG,1161,586.2717018127441,0.000942230224609375,0.08001517943223399,0.9604361786193347,0.010122432749764081,32553,0.9794427452334021
587,/home/projects/bagon/shared/imagenet512/val/n01806143/ILSVRC2012_val_00008245.JPEG,1426,625.9594879150391,0.0009765625,0.09176431047491428,0.9554798670815889,0.0021927681240405082,32590,0.9840267554021745
588,/home/projects/bagon/shared/imagenet512/val/n04127249/ILSVRC2012_val_00041072.JPEG,1137,1153.1779747009277,0.000934600830078125,0.08036803269006941,0.9944439002140952,0.008553363717257192,32591,0.9876303225167244
589,/home/projects/bagon/shared/imagenet512/val/n03495258/ILSVRC2012_val_00003669.JPEG,1140,411.5963897705078,0.0009918212890625,0.07517488500230211,0.9320934140968347,0.004875162601828793,32604,0.9923442115495131
590,/home/projects/bagon/shared/imagenet512/val/n07615774/ILSVRC2012_val_00033074.JPEG,1722,1937.2766761779785,0.000934600830078125,0.11062295520171943,0.9974722139364234,0.011354229093129295,32643,0.9572654605259433
591,/home/projects/bagon/shared/imagenet512/val/n04265275/ILSVRC2012_val_00042607.JPEG,1001,291.22444915771484,0.0009918212890625,0.06134744683053173,0.9381249905751614,0.004163643320314056,32645,0.9931620778754341
592,/home/projects/bagon/shared/imagenet512/val/n02100877/ILSVRC2012_val_00035538.JPEG,1249,431.7717590332031,0.00099945068359375,0.08262552348960425,0.9148774994804018,0.006847651525223021,32670,0.9716513498021387
593,/home/projects/bagon/shared/imagenet512/val/n02123159/ILSVRC2012_val_00016399.JPEG,2015,267.1950912475586,0.00098419189453125,0.10205927714317918,0.7054643829489906,0.0042666108543016265,32736,0.9735260560576611
594,/home/projects/bagon/shared/imagenet512/val/n02951585/ILSVRC2012_val_00015896.JPEG,1200,307.2825241088867,0.0009918212890625,0.07844664104645098,0.8419397212865236,0.012338614595450607,32742,0.9808555532867896
595,/home/projects/bagon/shared/imagenet512/val/n01749939/ILSVRC2012_val_00021593.JPEG,2390,502.6990203857422,0.00099945068359375,0.10306775811249304,0.9417042531644717,0.020532652408162405,32743,0.9539419558075395
596,/home/projects/bagon/shared/imagenet512/val/n02879718/ILSVRC2012_val_00043427.JPEG,1108,545.7878265380859,0.0009613037109375,0.07387645602364336,0.9715580578700906,0.006399041838105265,32759,0.9868603532659146
597,/home/projects/bagon/shared/imagenet512/val/n02093754/ILSVRC2012_val_00017764.JPEG,1631,506.7770538330078,0.0009765625,0.08824226514237107,0.9576373136001106,0.01548745454774611,32831,0.9824550101253864
598,/home/projects/bagon/shared/imagenet512/val/n01537544/ILSVRC2012_val_00033196.JPEG,1549,366.37662506103516,0.0009918212890625,0.09101549375070363,0.860040169085828,0.0047838952578879755,32845,0.9865216697198924
599,/home/projects/bagon/shared/imagenet512/val/n02219486/ILSVRC2012_val_00043616.JPEG,1255,577.0746459960938,0.0009307861328125,0.08100822753605291,0.9660404653659339,0.010592223283338597,32846,0.98839775436001
600,/home/projects/bagon/shared/imagenet512/val/n04317175/ILSVRC2012_val_00046901.JPEG,1329,1089.0114212036133,0.00098419189453125,0.09288975977254202,0.9915209029871888,0.013526322540047087,32849,0.9688651244278336
601,/home/projects/bagon/shared/imagenet512/val/n04487394/ILSVRC2012_val_00027297.JPEG,2391,1227.025463104248,0.000957489013671875,0.12252990853369847,0.9886189910892664,0.021692309099540043,32866,0.9476394784303078
602,/home/projects/bagon/shared/imagenet512/val/n03272010/ILSVRC2012_val_00008655.JPEG,1802,1677.4811363220215,0.000934600830078125,0.10549218738603255,0.9970816246586485,0.005992495838434014,32897,0.966259368809467
603,/home/projects/bagon/shared/imagenet512/val/n02190166/ILSVRC2012_val_00030902.JPEG,1597,502.66233825683594,0.00093841552734375,0.09273765052725635,0.9280626300550424,0.00260250792467746,32908,0.9836056008244377
604,/home/projects/bagon/shared/imagenet512/val/n01796340/ILSVRC2012_val_00022095.JPEG,1489,274.9912567138672,0.00099945068359375,0.07553445558443903,0.8482259317778498,0.01324075981838556,32931,0.9814804920334071
605,/home/projects/bagon/shared/imagenet512/val/n04209133/ILSVRC2012_val_00030130.JPEG,1123,515.1975059509277,0.000972747802734375,0.07810962033325829,0.9525598641177844,0.00965130853783853,32945,0.9775348165936342
606,/home/projects/bagon/shared/imagenet512/val/n02492660/ILSVRC2012_val_00048140.JPEG,1591,367.94385528564453,0.0009918212890625,0.09152266227133363,0.85049863251242,0.006073318528873108,32954,0.98117026686128
607,/home/projects/bagon/shared/imagenet512/val/n03485794/ILSVRC2012_val_00002861.JPEG,1155,48.68824768066406,0.0009613037109375,0.05938527318314412,0.36967006984539513,0.005712683102553613,32990,0.9930338885995054
608,/home/projects/bagon/shared/imagenet512/val/n02493509/ILSVRC2012_val_00038047.JPEG,2356,602.4987564086914,0.00099945068359375,0.10838577340117371,0.9488650647956818,0.03173385170633569,33003,0.9519400835426026
609,/home/projects/bagon/shared/imagenet512/val/n02097474/ILSVRC2012_val_00008000.JPEG,2150,1110.7202529907227,0.0009918212890625,0.10887231523487441,0.988553861471767,0.0137182095341635,33012,0.9580562548152721
610,/home/projects/bagon/shared/imagenet512/val/n04086273/ILSVRC2012_val_00011273.JPEG,1842,667.6735343933105,0.000965118408203125,0.10195241176661309,0.9573105828557602,0.0029880531311810045,33026,0.9770564970328873
611,/home/projects/bagon/shared/imagenet512/val/n07920052/ILSVRC2012_val_00007708.JPEG,1929,411.309814453125,0.0009765625,0.09361008779063136,0.9009024959662119,0.005367495317754389,33028,0.9746090341237789
612,/home/projects/bagon/shared/imagenet512/val/n03325584/ILSVRC2012_val_00018101.JPEG,1121,402.5182876586914,0.00098419189453125,0.06411978857624892,0.9540470170508437,0.00754044042072269,33031,0.9880099133222072
613,/home/projects/bagon/shared/imagenet512/val/n01882714/ILSVRC2012_val_00042550.JPEG,1241,726.1602554321289,0.00095367431640625,0.07850288086563882,0.9875512999917516,0.010204042868783096,33054,0.983776213248831
614,/home/projects/bagon/shared/imagenet512/val/n04540053/ILSVRC2012_val_00033288.JPEG,2032,1349.466323852539,0.0009918212890625,0.11661808360674268,0.989028482375218,0.0028601075372110263,33063,0.972458194153043
615,/home/projects/bagon/shared/imagenet512/val/n04090263/ILSVRC2012_val_00006962.JPEG,2024,112.22274017333984,0.0009918212890625,0.08636669137445382,0.5331268721731456,0.027253020547299157,33067,0.9864629325799361
616,/home/projects/bagon/shared/imagenet512/val/n02165105/ILSVRC2012_val_00049578.JPEG,1840,408.6721649169922,0.0009765625,0.09611165057212935,0.9006725533457289,0.008442970080836524,33100,0.9868858989629228
617,/home/projects/bagon/shared/imagenet512/val/n03498962/ILSVRC2012_val_00017263.JPEG,1478,257.03951263427734,0.0009765625,0.08269802202665993,0.8258191829431927,0.00928494018086743,33143,0.9731900528590816
618,/home/projects/bagon/shared/imagenet512/val/n02807133/ILSVRC2012_val_00016957.JPEG,1157,579.0311660766602,0.00093841552734375,0.06837609489619836,0.9830444823839593,0.014194777185920054,33161,0.9800326014828408
619,/home/projects/bagon/shared/imagenet512/val/n02105056/ILSVRC2012_val_00003026.JPEG,2056,203.77922821044922,0.00098419189453125,0.09135956025241718,0.7583715717512165,0.00923894448141445,33192,0.9836102071879866
620,/home/projects/bagon/shared/imagenet512/val/n02091032/ILSVRC2012_val_00006054.JPEG,1669,893.6896133422852,0.0009918212890625,0.09418408834630533,0.9875703936501579,0.016137949407572898,33210,0.9628054103447258
621,/home/projects/bagon/shared/imagenet512/val/n04487081/ILSVRC2012_val_00040746.JPEG,1738,156.32947158813477,0.000965118408203125,0.08201113789487649,0.6469617258345361,0.01398362694969045,33216,0.9798325049834778
622,/home/projects/bagon/shared/imagenet512/val/n07697537/ILSVRC2012_val_00010271.JPEG,1088,207.61314392089844,0.00099945068359375,0.06828668307863009,0.804694256897221,0.0030220308915303237,33243,0.9869574431090471
623,/home/projects/bagon/shared/imagenet512/val/n03141823/ILSVRC2012_val_00013219.JPEG,1002,345.0584259033203,0.0009918212890625,0.06049460610668734,0.9701256053881886,0.021580176865431885,33266,0.987751628501765
624,/home/projects/bagon/shared/imagenet512/val/n02092002/ILSVRC2012_val_00019120.JPEG,2098,731.9217338562012,0.000942230224609375,0.0956390493122307,0.9863972396462412,0.010252219796891558,33267,0.981866184930368
625,/home/projects/bagon/shared/imagenet512/val/n03929855/ILSVRC2012_val_00028879.JPEG,1278,1286.5598602294922,0.00099945068359375,0.09071696674337557,0.9937905439429093,0.0025918315942969235,33325,0.9842934644043095
626,/home/projects/bagon/shared/imagenet512/val/n02091134/ILSVRC2012_val_00012906.JPEG,1409,1402.7972106933594,0.00098419189453125,0.09732232828458864,0.9955321622357064,0.009509226629216756,33356,0.9728849839220964
627,/home/projects/bagon/shared/imagenet512/val/n04517823/ILSVRC2012_val_00000712.JPEG,997,512.1349563598633,0.0009918212890625,0.07376193766234815,0.9464934720002662,0.013817147191847507,33366,0.9859743445716388
628,/home/projects/bagon/shared/imagenet512/val/n02879718/ILSVRC2012_val_00001354.JPEG,1373,935.8303070068359,0.000946044921875,0.08404114708092783,0.9919304367592805,0.0053832998369091785,33371,0.9789013386556249
629,/home/projects/bagon/shared/imagenet512/val/n04005630/ILSVRC2012_val_00003802.JPEG,1292,74.46441650390625,0.00095367431640625,0.06074342032456461,0.5562787224171751,0.005241736254079945,33375,0.9919638587090992
630,/home/projects/bagon/shared/imagenet512/val/n01744401/ILSVRC2012_val_00044599.JPEG,1994,342.5500946044922,0.00098419189453125,0.0960111373273836,0.8365122046990969,0.00825181195035896,33387,0.9692183506966896
631,/home/projects/bagon/shared/imagenet512/val/n07753592/ILSVRC2012_val_00038819.JPEG,1279,753.1292495727539,0.00099945068359375,0.08165206618818813,0.9772769628566844,0.007570658172406281,33389,0.9883222222835318
632,/home/projects/bagon/shared/imagenet512/val/n03146219/ILSVRC2012_val_00036246.JPEG,2491,381.03369522094727,0.000957489013671875,0.11033021104789253,0.8611317130563751,0.007761579516233855,33406,0.9512669597647022
633,/home/projects/bagon/shared/imagenet512/val/n01644900/ILSVRC2012_val_00041919.JPEG,2076,712.8989181518555,0.00099945068359375,0.0997404095758868,0.9763665108029022,0.012172221524679552,33414,0.9653920359663972
634,/home/projects/bagon/shared/imagenet512/val/n04525038/ILSVRC2012_val_00010262.JPEG,992,261.7642822265625,0.0009613037109375,0.061813142417870635,0.8906355929923535,0.011930869131186066,33463,0.9915950523796038
635,/home/projects/bagon/shared/imagenet512/val/n01737021/ILSVRC2012_val_00031779.JPEG,1340,548.3319969177246,0.000972747802734375,0.07605799722998047,0.9687437670831294,0.006913406238691237,33475,0.9849135962993393
636,/home/projects/bagon/shared/imagenet512/val/n04136333/ILSVRC2012_val_00000615.JPEG,1164,343.4818687438965,0.000949859619140625,0.07304503021230097,0.9188068458850467,0.009081585918542502,33485,0.9917675452141131
637,/home/projects/bagon/shared/imagenet512/val/n03791053/ILSVRC2012_val_00045153.JPEG,1685,674.4875183105469,0.0009918212890625,0.09132077262120594,0.9700883975350872,0.0033187996430198196,33490,0.9538493364022189
638,/home/projects/bagon/shared/imagenet512/val/n09193705/ILSVRC2012_val_00011234.JPEG,1980,454.60472869873047,0.00098419189453125,0.10205082379274404,0.8994288755553559,0.004662842197068726,33509,0.972425793963695
639,/home/projects/bagon/shared/imagenet512/val/n02500267/ILSVRC2012_val_00045942.JPEG,969,95.03687286376953,0.00098419189453125,0.05244126719490491,0.6656500013825047,0.010660627189205995,33519,0.9877228316201284
640,/home/projects/bagon/shared/imagenet512/val/n02107312/ILSVRC2012_val_00024305.JPEG,1434,206.63653945922852,0.000957489013671875,0.07400594656304658,0.8017806493814608,0.006792230590995265,33521,0.9807308768335916
641,/home/projects/bagon/shared/imagenet512/val/n04443257/ILSVRC2012_val_00041466.JPEG,2169,186.0298309326172,0.0009765625,0.08460580157322982,0.6800742851750969,0.006520972138582547,33537,0.9521377719505466
642,/home/projects/bagon/shared/imagenet512/val/n03494278/ILSVRC2012_val_00015067.JPEG,1669,885.9913940429688,0.0009918212890625,0.09760605265605446,0.9806807222175883,0.002160836903910616,33544,0.9759202643786833
643,/home/projects/bagon/shared/imagenet512/val/n03250847/ILSVRC2012_val_00017119.JPEG,1570,569.4801940917969,0.0009613037109375,0.09360002765122027,0.9464032352854574,0.002476368141788296,33592,0.9883104753520621
644,/home/projects/bagon/shared/imagenet512/val/n01784675/ILSVRC2012_val_00032970.JPEG,1106,523.5690078735352,0.00099945068359375,0.07497283701001226,0.9616504515497691,0.00801940877355984,33594,0.9870246208731032
645,/home/projects/bagon/shared/imagenet512/val/n02113023/ILSVRC2012_val_00001768.JPEG,1629,187.39865112304688,0.00099945068359375,0.07863451379676979,0.7693632155480148,0.024284405532706065,33599,0.9734634652944256
646,/home/projects/bagon/shared/imagenet512/val/n03895866/ILSVRC2012_val_00033488.JPEG,2150,869.7652206420898,0.00099945068359375,0.10526933063191127,0.9824356496473907,0.0083386882572415,33605,0.9683024630286574
647,/home/projects/bagon/shared/imagenet512/val/n02747177/ILSVRC2012_val_00048583.JPEG,2158,848.3639831542969,0.0009918212890625,0.1141951362887761,0.9665570140209965,0.005759525777162027,33659,0.977382646412056
648,/home/projects/bagon/shared/imagenet512/val/n07697537/ILSVRC2012_val_00043773.JPEG,1020,58.00457000732422,0.00099945068359375,0.05762943395277158,0.41885865262909255,0.004406444208443647,33672,0.9944790002770546
649,/home/projects/bagon/shared/imagenet512/val/n02443114/ILSVRC2012_val_00011710.JPEG,2003,536.0975570678711,0.00098419189453125,0.09549020793111922,0.9585891520247865,0.02023068551575171,33675,0.9754298498936712
650,/home/projects/bagon/shared/imagenet512/val/n07860988/ILSVRC2012_val_00048849.JPEG,1495,1382.2527236938477,0.0009918212890625,0.10015138967442144,0.9957337369848122,0.006293126101527408,33690,0.9785922299099834
651,/home/projects/bagon/shared/imagenet512/val/n04423845/ILSVRC2012_val_00013128.JPEG,1414,1004.5329666137695,0.00095367431640625,0.09269822418214592,0.989323967467824,0.006565763634540214,33694,0.9735318357636699
652,/home/projects/bagon/shared/imagenet512/val/n01582220/ILSVRC2012_val_00037806.JPEG,1694,1080.992691040039,0.00099945068359375,0.10187762062376103,0.9878354913521309,0.011325535041116825,33728,0.9785190091001756
653,/home/projects/bagon/shared/imagenet512/val/n09229709/ILSVRC2012_val_00023304.JPEG,782,149.88091278076172,0.00095367431640625,0.052726799214526644,0.783109995831469,0.0068067353765052865,33742,0.9943562846763527
654,/home/projects/bagon/shared/imagenet512/val/n04347754/ILSVRC2012_val_00025812.JPEG,1008,134.3708267211914,0.0009918212890625,0.05605219219342061,0.7574957505917834,0.015285843006540721,33773,0.970436239824523
655,/home/projects/bagon/shared/imagenet512/val/n02096177/ILSVRC2012_val_00035381.JPEG,1493,536.5981750488281,0.00093841552734375,0.08507771057342034,0.9582915707251051,0.005622887512689722,33786,0.9702713884268389
656,/home/projects/bagon/shared/imagenet512/val/n03976657/ILSVRC2012_val_00012001.JPEG,1459,706.3267288208008,0.0009918212890625,0.09099250667550882,0.9734089572347964,0.012633229181315198,33814,0.9789055965176446
657,/home/projects/bagon/shared/imagenet512/val/n01689811/ILSVRC2012_val_00020598.JPEG,1340,1167.897087097168,0.0009918212890625,0.08836121017609047,0.9931577680800471,0.013653507735681948,33818,0.920023255904002
658,/home/projects/bagon/shared/imagenet512/val/n04487394/ILSVRC2012_val_00022331.JPEG,1943,367.6851005554199,0.000972747802734375,0.08905330840380649,0.9092174332522601,0.01595663840336482,33854,0.9786062114460484
659,/home/projects/bagon/shared/imagenet512/val/n02086240/ILSVRC2012_val_00014050.JPEG,2299,393.2517623901367,0.00099945068359375,0.0897797778299782,0.9206927687763118,0.01209050806826302,33874,0.9736939187200674
660,/home/projects/bagon/shared/imagenet512/val/n03584829/ILSVRC2012_val_00004286.JPEG,1516,938.1099586486816,0.000972747802734375,0.09730322599748713,0.9800188483536988,0.010296228712722759,33890,0.9808299429821048
661,/home/projects/bagon/shared/imagenet512/val/n03314780/ILSVRC2012_val_00034822.JPEG,1621,294.2256546020508,0.00099945068359375,0.0879336972636873,0.8271443278359248,0.021008326937027425,33906,0.9868949481762574
662,/home/projects/bagon/shared/imagenet512/val/n07749582/ILSVRC2012_val_00014017.JPEG,834,55.689781188964844,0.00098419189453125,0.05105819635512751,0.46406794892260994,0.0098207728718846,33915,0.9929780723472691
663,/home/projects/bagon/shared/imagenet512/val/n02088632/ILSVRC2012_val_00049779.JPEG,1310,639.2462844848633,0.00098419189453125,0.07895809566557886,0.9838509721911152,0.016608692968261302,33921,0.980409827922288
664,/home/projects/bagon/shared/imagenet512/val/n03935335/ILSVRC2012_val_00025716.JPEG,1482,713.9285125732422,0.00099945068359375,0.08623955345470029,0.9767730139252082,0.014149523017467847,33931,0.9794466194410879
665,/home/projects/bagon/shared/imagenet512/val/n03908714/ILSVRC2012_val_00028958.JPEG,1463,583.1081008911133,0.00099945068359375,0.0838877931208811,0.9644745623151891,0.007884348881911139,33934,0.9711045523178876
666,/home/projects/bagon/shared/imagenet512/val/n02825657/ILSVRC2012_val_00037196.JPEG,2046,179.87281036376953,0.0009765625,0.09192556743753241,0.7018586777432161,0.01202836096554371,33938,0.9809211746956948
667,/home/projects/bagon/shared/imagenet512/val/n03803284/ILSVRC2012_val_00042486.JPEG,858,333.66418838500977,0.000972747802734375,0.06313122308254553,0.9098327210157173,0.00210549554190498,33940,0.9750446524102833
668,/home/projects/bagon/shared/imagenet512/val/n07730033/ILSVRC2012_val_00043178.JPEG,1365,113.85063934326172,0.00099945068359375,0.055311435335933676,0.6927446791917728,0.0048892892596203285,33981,0.9710799319459374
669,/home/projects/bagon/shared/imagenet512/val/n04336792/ILSVRC2012_val_00026841.JPEG,1010,321.581787109375,0.0009765625,0.06278954960492773,0.9244027300912219,0.010049738930232168,34027,0.9722444191727209
670,/home/projects/bagon/shared/imagenet512/val/n09229709/ILSVRC2012_val_00008969.JPEG,1149,1121.755256652832,0.00093841552734375,0.07931470513182913,0.9932657011543456,0.00982192729376531,34030,0.975173932241641
671,/home/projects/bagon/shared/imagenet512/val/n02086079/ILSVRC2012_val_00038786.JPEG,1727,200.4077911376953,0.00099945068359375,0.07386651362124899,0.8264267033090122,0.02179097269522388,34045,0.9899765726995443
672,/home/projects/bagon/shared/imagenet512/val/n02093991/ILSVRC2012_val_00016711.JPEG,1313,573.6273803710938,0.0009918212890625,0.08738409867911343,0.9385315072742875,0.0015456648096566815,34065,0.9769768227793172
673,/home/projects/bagon/shared/imagenet512/val/n03255030/ILSVRC2012_val_00027642.JPEG,1366,965.0105514526367,0.0009918212890625,0.09433552185204781,0.9851122680419441,0.0026235579626692884,34103,0.9668981721532218
674,/home/projects/bagon/shared/imagenet512/val/n04325704/ILSVRC2012_val_00026365.JPEG,1565,76.61978149414062,0.00098419189453125,0.07119094687963473,0.4473036335833186,0.01260967707445235,34112,0.9892369684887801
675,/home/projects/bagon/shared/imagenet512/val/n02346627/ILSVRC2012_val_00047422.JPEG,2139,1680.2259063720703,0.00099945068359375,0.13089358972934922,0.992743162289706,0.0034303959468954,34125,0.9508661774741319
676,/home/projects/bagon/shared/imagenet512/val/n01877812/ILSVRC2012_val_00042917.JPEG,1114,277.3385543823242,0.00099945068359375,0.06950682296640397,0.867220644474819,0.012723529075422443,34131,0.9670141639539969
677,/home/projects/bagon/shared/imagenet512/val/n02823428/ILSVRC2012_val_00032921.JPEG,1846,496.3305130004883,0.0009918212890625,0.09689579277038941,0.9331274495865745,0.0131254788598432,34160,0.9794066325569319
678,/home/projects/bagon/shared/imagenet512/val/n02927161/ILSVRC2012_val_00001821.JPEG,858,279.59847259521484,0.0009918212890625,0.0589345631635039,0.9181930951792124,0.005958924651427149,34162,0.9914455395313435
679,/home/projects/bagon/shared/imagenet512/val/n04404412/ILSVRC2012_val_00003921.JPEG,1752,845.5406875610352,0.00099945068359375,0.08658095044098828,0.9864826475511911,0.005861104241965627,34167,0.9890578305236906
680,/home/projects/bagon/shared/imagenet512/val/n02815834/ILSVRC2012_val_00036789.JPEG,1933,1624.8228034973145,0.000972747802734375,0.1018848606246282,0.9971341175973525,0.004897312044085644,34168,0.9391134723208172
681,/home/projects/bagon/shared/imagenet512/val/n02090721/ILSVRC2012_val_00009772.JPEG,1526,618.8787498474121,0.000949859619140625,0.08485463366526366,0.9725141561181874,0.01480924278528338,34204,0.970224276304091
682,/home/projects/bagon/shared/imagenet512/val/n02100735/ILSVRC2012_val_00036817.JPEG,1432,160.89253997802734,0.0009765625,0.06897387351246927,0.7595328737225124,0.009768798913798862,34213,0.9855012086818458
683,/home/projects/bagon/shared/imagenet512/val/n02788148/ILSVRC2012_val_00005433.JPEG,1152,205.80659103393555,0.000972747802734375,0.06832241105120457,0.8014101071386694,0.013254440061564529,34215,0.9934893408137957
684,/home/projects/bagon/shared/imagenet512/val/n04146614/ILSVRC2012_val_00018568.JPEG,1264,703.0846328735352,0.0009765625,0.08124226381197314,0.9813577556085402,0.013656296501579086,34241,0.9836143756530659
685,/home/projects/bagon/shared/imagenet512/val/n03376595/ILSVRC2012_val_00015559.JPEG,1595,388.48247146606445,0.000934600830078125,0.07745786571305337,0.9415968933134455,0.014163361536391146,34246,0.9592890986050632
686,/home/projects/bagon/shared/imagenet512/val/n02091635/ILSVRC2012_val_00010062.JPEG,2512,1517.0893783569336,0.00099945068359375,0.12327242201368359,0.9919945408640862,0.004977963211907303,34267,0.9390568370753342
687,/home/projects/bagon/shared/imagenet512/val/n01882714/ILSVRC2012_val_00020599.JPEG,891,43.05634689331055,0.000949859619140625,0.04929630605463938,0.40412352072685787,0.004123301264905857,34275,0.9941099754884333
688,/home/projects/bagon/shared/imagenet512/val/n01682714/ILSVRC2012_val_00045669.JPEG,2473,417.3527297973633,0.00099945068359375,0.12224736292278891,0.794544373748005,0.005688261833375797,34281,0.9689027798179195
689,/home/projects/bagon/shared/imagenet512/val/n03216828/ILSVRC2012_val_00045822.JPEG,1559,47.580352783203125,0.0009613037109375,0.06545715486837425,0.35211430400765376,0.017345357455964876,34285,0.9853805256525493
690,/home/projects/bagon/shared/imagenet512/val/n07693725/ILSVRC2012_val_00018914.JPEG,839,64.60778427124023,0.000926971435546875,0.053167922562729536,0.47227209945538895,0.003949380883592279,34290,0.9920062097387717
691,/home/projects/bagon/shared/imagenet512/val/n01484850/ILSVRC2012_val_00023185.JPEG,1529,271.9361114501953,0.0009918212890625,0.08378596351774024,0.8044557973468807,0.019922345791353598,34299,0.9738790388311773
692,/home/projects/bagon/shared/imagenet512/val/n02894605/ILSVRC2012_val_00037982.JPEG,2060,445.7103462219238,0.000942230224609375,0.09485531262322049,0.9252809577488873,0.017920079471115267,34380,0.9791253106897785
693,/home/projects/bagon/shared/imagenet512/val/n07875152/ILSVRC2012_val_00041140.JPEG,2187,1375.6659774780273,0.00099945068359375,0.11953175283354354,0.994548988626848,0.016995631573712554,34388,0.9531209078029077
694,/home/projects/bagon/shared/imagenet512/val/n02408429/ILSVRC2012_val_00001248.JPEG,1566,289.0981750488281,0.0009918212890625,0.08104592611073662,0.8384247328853581,0.01973695106520676,34394,0.9725976749971961
695,/home/projects/bagon/shared/imagenet512/val/n02112706/ILSVRC2012_val_00044091.JPEG,1997,548.0424156188965,0.000949859619140625,0.09461656140750116,0.9477021211429242,0.010440536617179079,34406,0.9633640689384451
696,/home/projects/bagon/shared/imagenet512/val/n02108551/ILSVRC2012_val_00036949.JPEG,2385,1917.8539276123047,0.00099945068359375,0.14192885099882865,0.9935907998275302,0.005524303155254747,34458,0.9626159152863192
697,/home/projects/bagon/shared/imagenet512/val/n04311174/ILSVRC2012_val_00022328.JPEG,1104,1574.0123901367188,0.0009918212890625,0.08304011474515437,0.9967000361001561,0.01680328293013513,34490,0.9738319455020981
698,/home/projects/bagon/shared/imagenet512/val/n02091032/ILSVRC2012_val_00035423.JPEG,1812,962.355583190918,0.0009918212890625,0.09272831394750126,0.9910528643025741,0.004554871359263612,34493,0.9590854032684683
699,/home/projects/bagon/shared/imagenet512/val/n01877812/ILSVRC2012_val_00022693.JPEG,1496,656.2776985168457,0.000965118408203125,0.07745738188569214,0.9752428833299535,0.00410498587044178,34496,0.9630172743201522
700,/home/projects/bagon/shared/imagenet512/val/n02102318/ILSVRC2012_val_00017742.JPEG,1766,537.3813591003418,0.000965118408203125,0.08354942522479233,0.9682882289360564,0.011631493316689934,34505,0.9766475169799853
701,/home/projects/bagon/shared/imagenet512/val/n03223299/ILSVRC2012_val_00020262.JPEG,1143,588.8304214477539,0.0009918212890625,0.07268198032620511,0.977715754778182,0.016746476632253548,34512,0.9571206613722116
702,/home/projects/bagon/shared/imagenet512/val/n04344873/ILSVRC2012_val_00025377.JPEG,1420,152.23374938964844,0.00096893310546875,0.0713098516657674,0.748091479239336,0.01700528494290614,34515,0.9853861050486393
703,/home/projects/bagon/shared/imagenet512/val/n04285008/ILSVRC2012_val_00022739.JPEG,2052,839.1487197875977,0.0009918212890625,0.10747988305467625,0.9752564060262103,0.010817571637619466,34532,0.9564476250514017
704,/home/projects/bagon/shared/imagenet512/val/n02871525/ILSVRC2012_val_00047726.JPEG,1746,179.31818389892578,0.00096893310546875,0.09123049786729216,0.6477536789558463,0.003295164379279917,34558,0.9829650495482142
705,/home/projects/bagon/shared/imagenet512/val/n02992529/ILSVRC2012_val_00039932.JPEG,1526,211.9720230102539,0.00099945068359375,0.0785746282269546,0.8225053915430813,0.014795552408051657,34587,0.9778159765915136
706,/home/projects/bagon/shared/imagenet512/val/n02992211/ILSVRC2012_val_00048772.JPEG,1661,232.8430519104004,0.000957489013671875,0.06541894316702007,0.8723816007220899,0.004811493205870177,34602,0.9836803188951131
707,/home/projects/bagon/shared/imagenet512/val/n02101006/ILSVRC2012_val_00015552.JPEG,1503,722.7934722900391,0.00099945068359375,0.08320658450218266,0.981719901307804,0.012605920000260354,34607,0.9781133398743588
708,/home/projects/bagon/shared/imagenet512/val/n03126707/ILSVRC2012_val_00042365.JPEG,1303,129.4275360107422,0.00093841552734375,0.06310764711516542,0.7668409963198788,0.008242952055003347,34610,0.9916622019848385
709,/home/projects/bagon/shared/imagenet512/val/n02978881/ILSVRC2012_val_00045023.JPEG,2212,893.3474044799805,0.00099945068359375,0.10866076567510603,0.9838222457044944,0.005037840682149525,34634,0.9729244660090196
710,/home/projects/bagon/shared/imagenet512/val/n04049303/ILSVRC2012_val_00042854.JPEG,1438,203.39298248291016,0.0009918212890625,0.07469756498030837,0.8264147803023335,0.0055188090380879126,34652,0.986726953361125
711,/home/projects/bagon/shared/imagenet512/val/n07717556/ILSVRC2012_val_00023060.JPEG,953,51.64768981933594,0.00099945068359375,0.04763056236095242,0.5505885794448616,0.005529828805630847,34672,0.9911516429188955
712,/home/projects/bagon/shared/imagenet512/val/n03950228/ILSVRC2012_val_00016358.JPEG,2149,855.3684921264648,0.00098419189453125,0.11225001175978046,0.9840037280698226,0.025137828399787066,34676,0.9755221962179067
713,/home/projects/bagon/shared/imagenet512/val/n02097474/ILSVRC2012_val_00047152.JPEG,2783,1337.1204376220703,0.0009918212890625,0.1398754950053677,0.9895718479714486,0.008146714066717612,34683,0.9652750109577215
714,/home/projects/bagon/shared/imagenet512/val/n02814860/ILSVRC2012_val_00036780.JPEG,1533,320.9093475341797,0.00099945068359375,0.08454914604658145,0.8541229286911667,0.008268987574407877,34703,0.9817001599876436
715,/home/projects/bagon/shared/imagenet512/val/n02177972/ILSVRC2012_val_00016770.JPEG,3189,2439.954071044922,0.0009613037109375,0.17516442433381843,0.9938442196003423,0.007403847184498024,34733,0.9687464188131559
