example_index,path,total_steps_to_epsilon,total_loss_sum,final_loss,weight_distance,softmax_wasserstein,grad_mass_wasserstein,universal_difficulty_rank,global_linear_cka
0,/home/projects/bagon/shared/imagenet512/val/n02951358/ILSVRC2012_val_00039572.JPEG,279,15.73077392578125,0.00099945068359375,0.0026399254615798056,0.2424339739360976,0.05969099741185846,21493,0.9924579302860848
1,/home/projects/bagon/shared/imagenet512/val/n02606052/ILSVRC2012_val_00006833.JPEG,310,17.316043853759766,0.000896453857421875,0.0025808834608750633,0.2717470608993068,0.1090098253331388,21514,0.996862337848545
2,/home/projects/bagon/shared/imagenet512/val/n02088632/ILSVRC2012_val_00019481.JPEG,515,21.86957550048828,0.0009002685546875,0.004186707426584617,0.5063201493334076,0.010958583235504249,22090,0.9953869047724154
3,/home/projects/bagon/shared/imagenet512/val/n02107312/ILSVRC2012_val_00016499.JPEG,370,37.19806671142578,0.00093841552734375,0.003407951692717424,0.40481857995804876,0.1557760038280963,22165,0.9936975476898776
4,/home/projects/bagon/shared/imagenet512/val/n02236044/ILSVRC2012_val_00047877.JPEG,311,78.269775390625,0.00095367431640625,0.002688218331473556,0.8333134440205847,0.07293667976288601,22400,0.9918712463679891
5,/home/projects/bagon/shared/imagenet512/val/n02445715/ILSVRC2012_val_00000447.JPEG,389,124.85417938232422,0.00098419189453125,0.0032112855669762064,0.9557166283249753,0.17451367402502496,23621,0.9973566750822651
6,/home/projects/bagon/shared/imagenet512/val/n01950731/ILSVRC2012_val_00018470.JPEG,330,60.37619400024414,0.000942230224609375,0.0029176207656837817,0.8482210839311469,0.0163886638231395,23742,0.998055019270749
7,/home/projects/bagon/shared/imagenet512/val/n02892201/ILSVRC2012_val_00029408.JPEG,210,0.6895332336425781,0.000965118408203125,0.0020080715712429906,0.005396577660749929,0.005245182711485413,24175,0.9985014776938631
8,/home/projects/bagon/shared/imagenet512/val/n02797295/ILSVRC2012_val_00008359.JPEG,347,11.253467559814453,0.000965118408203125,0.003041578642217576,0.3281460450217109,0.0052640524392844334,24482,0.9982102035044988
9,/home/projects/bagon/shared/imagenet512/val/n04389033/ILSVRC2012_val_00040332.JPEG,360,14.857322692871094,0.000946044921875,0.003202199883000666,0.14428270077512845,0.2092557961280941,24538,0.9985467379749586
10,/home/projects/bagon/shared/imagenet512/val/n01872401/ILSVRC2012_val_00026263.JPEG,349,3.2282333374023438,0.00098419189453125,0.0029960612095733564,0.07633181054773339,0.04374585906186915,24737,0.9950658426164913
11,/home/projects/bagon/shared/imagenet512/val/n03032252/ILSVRC2012_val_00042815.JPEG,156,2.4194717407226562,0.00096893310546875,0.0015168416528595773,0.0565525044456553,0.09461612008056164,24781,0.9993120034960995
12,/home/projects/bagon/shared/imagenet512/val/n02389026/ILSVRC2012_val_00033221.JPEG,461,25.000701904296875,0.00098419189453125,0.003982345039232013,0.7144830636515729,0.13853195661280077,24787,0.9964455338653567
13,/home/projects/bagon/shared/imagenet512/val/n04265275/ILSVRC2012_val_00015782.JPEG,205,27.176513671875,0.0009307861328125,0.00191689831019369,0.6548409594294291,0.23041748643969656,24972,0.9985428679686814
14,/home/projects/bagon/shared/imagenet512/val/n04429376/ILSVRC2012_val_00016534.JPEG,308,247.39060592651367,0.000926971435546875,0.002638273508704153,0.980270908994359,0.10590459820325704,25062,0.9909203124313639
15,/home/projects/bagon/shared/imagenet512/val/n03887697/ILSVRC2012_val_00029980.JPEG,289,70.41996765136719,0.0009307861328125,0.002713039994348491,0.6574679012746152,0.15994671854345566,25093,0.9873215076757623
16,/home/projects/bagon/shared/imagenet512/val/n02804414/ILSVRC2012_val_00020359.JPEG,405,21.21273422241211,0.000934600830078125,0.003658419280147446,0.44287626903557886,0.058897189753921664,25292,0.99101082024474
17,/home/projects/bagon/shared/imagenet512/val/n02281787/ILSVRC2012_val_00037965.JPEG,536,12.150459289550781,0.0009918212890625,0.00437616125841107,0.45611988410904714,0.007815401593169347,25500,0.9902078754995248
18,/home/projects/bagon/shared/imagenet512/val/n02111277/ILSVRC2012_val_00021777.JPEG,431,139.40589141845703,0.0009918212890625,0.00407010065271762,0.8647138332821901,0.06518734531486525,25731,0.9838651362703249
19,/home/projects/bagon/shared/imagenet512/val/n03769881/ILSVRC2012_val_00035193.JPEG,270,12.40011978149414,0.000881195068359375,0.0024503937990770484,0.4336209543830531,0.09451267893025356,25886,0.9981065304697485
20,/home/projects/bagon/shared/imagenet512/val/n01664065/ILSVRC2012_val_00015924.JPEG,327,47.387168884277344,0.0009307861328125,0.0029088226950719194,0.8400359216252401,0.05229444338087133,25989,0.9973375073713007
21,/home/projects/bagon/shared/imagenet512/val/n03843555/ILSVRC2012_val_00019596.JPEG,150,44.954254150390625,0.00098419189453125,0.0014232336621598208,0.6588392468936394,0.13037386914834576,25993,0.9980134211234057
22,/home/projects/bagon/shared/imagenet512/val/n02423022/ILSVRC2012_val_00034438.JPEG,325,10.379196166992188,0.00095367431640625,0.0029191000578015877,0.5116839607266033,0.06543685381766634,26261,0.9955278229612579
23,/home/projects/bagon/shared/imagenet512/val/n01632458/ILSVRC2012_val_00038459.JPEG,379,13.954475402832031,0.00099945068359375,0.0032308559438120185,0.3595309205452255,0.04413059316557874,26305,0.9968136596807852
24,/home/projects/bagon/shared/imagenet512/val/n03733805/ILSVRC2012_val_00005136.JPEG,396,78.14865112304688,0.00098419189453125,0.00314689997841929,0.743561631356943,0.07620722234097524,26315,0.9963362767732237
25,/home/projects/bagon/shared/imagenet512/val/n02107683/ILSVRC2012_val_00041233.JPEG,397,29.273719787597656,0.0009765625,0.0036043276520041044,0.567173732728884,0.038716694761927184,26670,0.995428599467041
26,/home/projects/bagon/shared/imagenet512/val/n03133878/ILSVRC2012_val_00044416.JPEG,250,158.49076080322266,0.0009307861328125,0.002420569034945393,0.9341291344812008,0.07861067888540596,26703,0.997755141698248
27,/home/projects/bagon/shared/imagenet512/val/n02177972/ILSVRC2012_val_00031920.JPEG,668,49.853355407714844,0.00099945068359375,0.005203537045986529,0.8403121046266575,0.0847240034018858,26725,0.9953054774729025
28,/home/projects/bagon/shared/imagenet512/val/n02363005/ILSVRC2012_val_00017230.JPEG,283,19.26807403564453,0.00098419189453125,0.0024658372021302576,0.3190494339746988,0.032847121601875084,26994,0.9978323370912617
29,/home/projects/bagon/shared/imagenet512/val/n02168699/ILSVRC2012_val_00006595.JPEG,331,6.789398193359375,0.0009918212890625,0.0028884778729284977,0.10492727413015142,0.048843218097925634,27136,0.9977283075591608
30,/home/projects/bagon/shared/imagenet512/val/n02219486/ILSVRC2012_val_00031267.JPEG,278,15.689292907714844,0.0008697509765625,0.002324823911998395,0.3244067887159244,0.08840494818782266,27145,0.9986821787342165
31,/home/projects/bagon/shared/imagenet512/val/n01985128/ILSVRC2012_val_00049661.JPEG,241,5.404632568359375,0.000946044921875,0.002059057078290656,0.3239113104674028,0.05483760186084791,27234,0.9991657630759778
32,/home/projects/bagon/shared/imagenet512/val/n02086240/ILSVRC2012_val_00040864.JPEG,450,62.35551452636719,0.00098419189453125,0.003995447186947218,0.718945677389059,0.13677047795139402,27372,0.9918215660220989
33,/home/projects/bagon/shared/imagenet512/val/n01847000/ILSVRC2012_val_00040846.JPEG,464,55.64586639404297,0.0009765625,0.003862690859584709,0.8810948265842717,0.04437156001248463,27411,0.9946639362819265
34,/home/projects/bagon/shared/imagenet512/val/n01616318/ILSVRC2012_val_00018092.JPEG,212,8.611026763916016,0.000965118408203125,0.0019052503810808963,0.3923892573453274,0.10611954385613376,27493,0.9983632782883107
35,/home/projects/bagon/shared/imagenet512/val/n03384352/ILSVRC2012_val_00023568.JPEG,324,28.468017578125,0.0009765625,0.002740294074165127,0.679636773016999,0.0540966026968937,27544,0.9982909483560798
36,/home/projects/bagon/shared/imagenet512/val/n03788195/ILSVRC2012_val_00015012.JPEG,269,17.457931518554688,0.0009765625,0.0023556792706558023,0.5330859109929238,0.02047607143814839,27670,0.9981977037797849
37,/home/projects/bagon/shared/imagenet512/val/n03908714/ILSVRC2012_val_00036558.JPEG,283,112.12405776977539,0.000835418701171875,0.0027225747724049063,0.8943589041603329,0.019727803534439536,27679,0.997191352128574
38,/home/projects/bagon/shared/imagenet512/val/n01494475/ILSVRC2012_val_00007405.JPEG,287,61.16386413574219,0.00099945068359375,0.002618701120709525,0.8809692106836616,0.0417462945511054,27774,0.9965508287157969
39,/home/projects/bagon/shared/imagenet512/val/n01984695/ILSVRC2012_val_00017162.JPEG,367,23.480506896972656,0.00099945068359375,0.003310919288862392,0.3678510178328857,0.18326758000487042,27893,0.995633159205695
40,/home/projects/bagon/shared/imagenet512/val/n03208938/ILSVRC2012_val_00044623.JPEG,260,46.53092575073242,0.000934600830078125,0.0023779570355704494,0.4930319601141117,0.05303373599772959,27894,0.9948531022324038
41,/home/projects/bagon/shared/imagenet512/val/n13054560/ILSVRC2012_val_00015978.JPEG,479,46.61488723754883,0.000942230224609375,0.003997746811735687,0.7742356198324624,0.009997352248277747,27936,0.9934723892291907
42,/home/projects/bagon/shared/imagenet512/val/n04192698/ILSVRC2012_val_00035470.JPEG,283,69.64117813110352,0.000926971435546875,0.0027162692384557954,0.7918760560495597,0.01802061243498687,27996,0.9967961635132015
43,/home/projects/bagon/shared/imagenet512/val/n02782093/ILSVRC2012_val_00026032.JPEG,483,34.36765670776367,0.000942230224609375,0.0038306851618587707,0.4443573725174536,0.15038286279101715,28154,0.9930369126143143
44,/home/projects/bagon/shared/imagenet512/val/n04612504/ILSVRC2012_val_00012489.JPEG,450,41.8182373046875,0.0009918212890625,0.004035613135664925,0.5463603830767897,0.20360214925834502,28198,0.9932611719495298
45,/home/projects/bagon/shared/imagenet512/val/n03100240/ILSVRC2012_val_00020524.JPEG,312,27.183361053466797,0.000926971435546875,0.002955716846213733,0.46686278420943333,0.11762917245188206,28343,0.9970205720019818
46,/home/projects/bagon/shared/imagenet512/val/n04367480/ILSVRC2012_val_00049383.JPEG,393,42.51347351074219,0.0009918212890625,0.0034976436198669025,0.733251756409797,0.11140840271858199,28419,0.994108904749787
47,/home/projects/bagon/shared/imagenet512/val/n03785016/ILSVRC2012_val_00001701.JPEG,426,21.36163330078125,0.0009918212890625,0.0035630857512418206,0.23946924355553417,0.01219019833433932,28441,0.9952956259169211
48,/home/projects/bagon/shared/imagenet512/val/n03649909/ILSVRC2012_val_00023077.JPEG,342,55.90343475341797,0.0009613037109375,0.003066878621723985,0.8571261144758875,0.013674567127951454,28556,0.9966207114783681
49,/home/projects/bagon/shared/imagenet512/val/n03131574/ILSVRC2012_val_00034154.JPEG,479,36.69178009033203,0.00098419189453125,0.0042776162491025916,0.6028033665241186,0.011748688618194447,28595,0.9957908111718157
50,/home/projects/bagon/shared/imagenet512/val/n01728920/ILSVRC2012_val_00026548.JPEG,334,20.516403198242188,0.0009918212890625,0.003060849256107564,0.5569179022004256,0.005403029601227571,28661,0.9966911094451966
51,/home/projects/bagon/shared/imagenet512/val/n02085620/ILSVRC2012_val_00029450.JPEG,499,107.16674041748047,0.00098419189453125,0.0045229405817867425,0.8545823823810406,0.06248335796069954,28706,0.9920779149159967
52,/home/projects/bagon/shared/imagenet512/val/n03935335/ILSVRC2012_val_00009999.JPEG,213,1.5175704956054688,0.0009918212890625,0.001921582980845178,0.02296596174989339,0.10272786181958296,28776,0.9988834341338249
53,/home/projects/bagon/shared/imagenet512/val/n02667093/ILSVRC2012_val_00049989.JPEG,349,26.219161987304688,0.0009918212890625,0.0031656346268456557,0.4552188370273802,0.07545059171658497,28782,0.9951179892974973
54,/home/projects/bagon/shared/imagenet512/val/n04536866/ILSVRC2012_val_00021977.JPEG,352,4.806419372558594,0.0009918212890625,0.0032438088220576662,0.1036035272426267,0.06926269148238348,28829,0.9952659856801402
55,/home/projects/bagon/shared/imagenet512/val/n04270147/ILSVRC2012_val_00015262.JPEG,321,10.968254089355469,0.0009918212890625,0.0029634575495732962,0.22190051509631206,0.04164832322385609,28929,0.997246063329623
56,/home/projects/bagon/shared/imagenet512/val/n02102177/ILSVRC2012_val_00028131.JPEG,389,58.769222259521484,0.000972747802734375,0.0034738037338008037,0.6534168410508148,0.016336060544431985,28973,0.9971341737086945
57,/home/projects/bagon/shared/imagenet512/val/n02085620/ILSVRC2012_val_00036150.JPEG,337,18.851234436035156,0.0009918212890625,0.0031744007415941133,0.4892890323139756,0.09775291353272064,28977,0.9975082380940468
58,/home/projects/bagon/shared/imagenet512/val/n02104029/ILSVRC2012_val_00043543.JPEG,417,90.97393035888672,0.00099945068359375,0.003513346920758075,0.9141833379683175,0.09211886088442484,29055,0.9937344430248348
59,/home/projects/bagon/shared/imagenet512/val/n04591713/ILSVRC2012_val_00003201.JPEG,538,179.19292449951172,0.00099945068359375,0.004385332359178409,0.9769724774384664,0.05509640694252965,29067,0.9941592183420207
60,/home/projects/bagon/shared/imagenet512/val/n03991062/ILSVRC2012_val_00048852.JPEG,509,39.00397491455078,0.00099945068359375,0.004296578256471817,0.3502440907940824,0.18855342595095817,29070,0.9706064855677153
61,/home/projects/bagon/shared/imagenet512/val/n02120079/ILSVRC2012_val_00015128.JPEG,353,20.47629165649414,0.000949859619140625,0.0031354208232964756,0.4350350138755176,0.033751516507480456,29083,0.9956742599872651
62,/home/projects/bagon/shared/imagenet512/val/n02396427/ILSVRC2012_val_00037833.JPEG,660,62.25196838378906,0.0009765625,0.005420291465596368,0.7296665705486571,0.0626931892610951,29157,0.9839328094440027
63,/home/projects/bagon/shared/imagenet512/val/n04005630/ILSVRC2012_val_00015614.JPEG,373,60.18193054199219,0.0009765625,0.003375784562858302,0.7120362737759521,0.07284985828809698,29242,0.995888685712524
64,/home/projects/bagon/shared/imagenet512/val/n02101388/ILSVRC2012_val_00015176.JPEG,463,72.11009216308594,0.0009307861328125,0.004080901101817579,0.8282429715768749,0.005581652551952032,29243,0.9956574026943744
65,/home/projects/bagon/shared/imagenet512/val/n04251144/ILSVRC2012_val_00030850.JPEG,333,107.17520523071289,0.000972747802734375,0.0027846109337235476,0.9191996155029944,0.03667400541460475,29246,0.9921827508592919
66,/home/projects/bagon/shared/imagenet512/val/n10565667/ILSVRC2012_val_00025234.JPEG,406,37.26471710205078,0.00095367431640625,0.003380627805938946,0.6237755709946381,0.07927017728232175,29272,0.9924470119682037
67,/home/projects/bagon/shared/imagenet512/val/n04501370/ILSVRC2012_val_00024489.JPEG,393,76.38274383544922,0.000946044921875,0.003111317860787401,0.8278499952125096,0.014876450712468181,29273,0.9976428274317058
68,/home/projects/bagon/shared/imagenet512/val/n02699494/ILSVRC2012_val_00047571.JPEG,509,20.950653076171875,0.00099945068359375,0.0044959749722653115,0.2933545277397718,0.15023144652312886,29287,0.9944384061070966
69,/home/projects/bagon/shared/imagenet512/val/n04258138/ILSVRC2012_val_00038855.JPEG,360,108.90020751953125,0.00099945068359375,0.003112426010569339,0.9482013474170791,0.15827796961854237,29309,0.9971447150593845
70,/home/projects/bagon/shared/imagenet512/val/n04258138/ILSVRC2012_val_00036418.JPEG,321,6.648853302001953,0.000965118408203125,0.0029033212470209986,0.12371149934692804,0.05400896699487576,29333,0.9972013219934351
71,/home/projects/bagon/shared/imagenet512/val/n03197337/ILSVRC2012_val_00035747.JPEG,340,16.13922882080078,0.00095367431640625,0.0031696418415798643,0.22995529296919925,0.09412255404245112,29352,0.9964494637679886
72,/home/projects/bagon/shared/imagenet512/val/n02361337/ILSVRC2012_val_00015451.JPEG,464,73.4435043334961,0.0009765625,0.004031500017185121,0.8128138944753823,0.029116579314702573,29437,0.993854437982744
73,/home/projects/bagon/shared/imagenet512/val/n03494278/ILSVRC2012_val_00048826.JPEG,423,247.49674606323242,0.000873565673828125,0.003855977073164618,0.9593110425090352,0.06771636889272248,29448,0.9958359728023833
74,/home/projects/bagon/shared/imagenet512/val/n07768694/ILSVRC2012_val_00006411.JPEG,329,33.274574279785156,0.00098419189453125,0.0030423008417513426,0.4574964461121959,0.022078927073641702,29470,0.9958056537984351
75,/home/projects/bagon/shared/imagenet512/val/n02860847/ILSVRC2012_val_00025451.JPEG,360,7.167213439941406,0.00098419189453125,0.0029948197058363548,0.1089279117570282,0.05496743903759066,29484,0.9975519504341762
76,/home/projects/bagon/shared/imagenet512/val/n02364673/ILSVRC2012_val_00006685.JPEG,361,10.319137573242188,0.00098419189453125,0.003127917342089471,0.22453881362494307,0.08159071265454643,29494,0.9944724746483483
77,/home/projects/bagon/shared/imagenet512/val/n03461385/ILSVRC2012_val_00009965.JPEG,289,28.051132202148438,0.00096893310546875,0.00271579720509757,0.6122859521961718,0.09033864855889245,29513,0.9985223483033222
78,/home/projects/bagon/shared/imagenet512/val/n03529860/ILSVRC2012_val_00035132.JPEG,510,81.65528106689453,0.00099945068359375,0.004455420150258667,0.5924345810780851,0.072268944654092,29517,0.9837718047582216
79,/home/projects/bagon/shared/imagenet512/val/n04146614/ILSVRC2012_val_00047962.JPEG,671,29.913219451904297,0.000858306884765625,0.00576271754052631,0.42325024264717065,0.11269370910972001,29531,0.9910378750177333
80,/home/projects/bagon/shared/imagenet512/val/n02747177/ILSVRC2012_val_00024193.JPEG,254,25.27508544921875,0.00091552734375,0.0023700753311749092,0.39183322318857267,0.15889031383715693,29585,0.9981564496357686
81,/home/projects/bagon/shared/imagenet512/val/n03000684/ILSVRC2012_val_00026946.JPEG,252,33.27791976928711,0.000858306884765625,0.0024001255664255028,0.5649033985471335,0.00576208631486555,29627,0.997248234042792
82,/home/projects/bagon/shared/imagenet512/val/n02206856/ILSVRC2012_val_00035838.JPEG,703,161.9804916381836,0.0009918212890625,0.0056460539888245325,0.8611279988011122,0.09938887459275814,29641,0.9839629163667304
83,/home/projects/bagon/shared/imagenet512/val/n02096585/ILSVRC2012_val_00022848.JPEG,296,15.531490325927734,0.000965118408203125,0.0027623223125156715,0.2735442757388888,0.0822816292862571,29702,0.9977376718837426
84,/home/projects/bagon/shared/imagenet512/val/n01984695/ILSVRC2012_val_00040806.JPEG,436,30.27330780029297,0.0009918212890625,0.0040502389787445865,0.37669488841188,0.031274118648574656,29826,0.9932048374148199
85,/home/projects/bagon/shared/imagenet512/val/n02268853/ILSVRC2012_val_00008894.JPEG,897,329.8616180419922,0.00096893310546875,0.0070078293481719844,0.949098517488076,0.08461515995595392,29843,0.8485592609309808
86,/home/projects/bagon/shared/imagenet512/val/n13133613/ILSVRC2012_val_00029871.JPEG,471,59.12116241455078,0.0009765625,0.004125251639933252,0.5429515615031041,0.02852873929848926,29846,0.9491287620729322
87,/home/projects/bagon/shared/imagenet512/val/n01498041/ILSVRC2012_val_00030380.JPEG,294,53.276512145996094,0.0009307861328125,0.0025703028316573628,0.8502127401049598,0.08982981741544965,29891,0.9980190536575286
88,/home/projects/bagon/shared/imagenet512/val/n03496892/ILSVRC2012_val_00015968.JPEG,278,4.848957061767578,0.000949859619140625,0.0025942611476716337,0.068429159831143,0.13099514008442717,29903,0.9979392328533557
89,/home/projects/bagon/shared/imagenet512/val/n01644373/ILSVRC2012_val_00041279.JPEG,464,38.35877227783203,0.00099945068359375,0.004134341838140701,0.5659989783309056,0.017102646626930923,29914,0.9964090435877212
90,/home/projects/bagon/shared/imagenet512/val/n02107683/ILSVRC2012_val_00045305.JPEG,362,20.057544708251953,0.000949859619140625,0.0034118815577010514,0.31646094306941747,0.05395649855642398,29917,0.9942241813718113
91,/home/projects/bagon/shared/imagenet512/val/n04522168/ILSVRC2012_val_00000973.JPEG,332,132.0484390258789,0.00096893310546875,0.0029720339524688757,0.9069619258108678,0.12936052837543782,29923,0.9974107744276505
92,/home/projects/bagon/shared/imagenet512/val/n03291819/ILSVRC2012_val_00039817.JPEG,330,37.06919479370117,0.000942230224609375,0.003004705958168658,0.8789460559841524,0.1305183578065046,29924,0.9928423742039543
93,/home/projects/bagon/shared/imagenet512/val/n02777292/ILSVRC2012_val_00024511.JPEG,435,17.484718322753906,0.0009765625,0.0036575102040018216,0.43626574703004306,0.13407673812066115,29929,0.9953019767775769
94,/home/projects/bagon/shared/imagenet512/val/n02093754/ILSVRC2012_val_00027082.JPEG,460,106.75196838378906,0.00099945068359375,0.004170044188762021,0.8919545779492852,0.016237550513187315,29954,0.9923789243989539
95,/home/projects/bagon/shared/imagenet512/val/n07615774/ILSVRC2012_val_00017249.JPEG,336,87.12090301513672,0.00099945068359375,0.002989727768633356,0.7053441918407098,0.137290009920516,29996,0.9944974705250165
96,/home/projects/bagon/shared/imagenet512/val/n02788148/ILSVRC2012_val_00013013.JPEG,215,36.741371154785156,0.00079345703125,0.0019160859927957199,0.7586515982789566,0.2927893110791533,30023,0.9978798499990562
97,/home/projects/bagon/shared/imagenet512/val/n01981276/ILSVRC2012_val_00035209.JPEG,293,30.15180206298828,0.0009918212890625,0.002544146148234494,0.5655676873659857,0.019056924041669726,30156,0.9965364513066435
98,/home/projects/bagon/shared/imagenet512/val/n04067472/ILSVRC2012_val_00040260.JPEG,281,25.756683349609375,0.0009002685546875,0.0026265691955686277,0.3190985402931572,0.09502979933249325,30183,0.9978797044342553
99,/home/projects/bagon/shared/imagenet512/val/n02817516/ILSVRC2012_val_00004556.JPEG,259,12.651496887207031,0.00099945068359375,0.0024172186954188085,0.30446072113216965,0.027618636902800642,30232,0.997367807424914
100,/home/projects/bagon/shared/imagenet512/val/n03476684/ILSVRC2012_val_00036183.JPEG,282,79.24789428710938,0.00090789794921875,0.0026447298623979276,0.756700790598821,0.10234608666727057,30253,0.9971799758455757
101,/home/projects/bagon/shared/imagenet512/val/n02486410/ILSVRC2012_val_00046666.JPEG,381,26.0421142578125,0.000946044921875,0.0032771972194491944,0.3923727737438901,0.11589355814581337,30266,0.9936318692661373
102,/home/projects/bagon/shared/imagenet512/val/n03459775/ILSVRC2012_val_00033620.JPEG,540,96.86347579956055,0.000957489013671875,0.004555238420398834,0.7542326107638092,0.02902717061975471,30302,0.9924207687408975
103,/home/projects/bagon/shared/imagenet512/val/n04606251/ILSVRC2012_val_00013793.JPEG,304,13.060432434082031,0.0009918212890625,0.0027191233241953194,0.1577318115072432,0.010932397492547707,30322,0.9975373672633476
104,/home/projects/bagon/shared/imagenet512/val/n03998194/ILSVRC2012_val_00025032.JPEG,440,106.65848541259766,0.00099945068359375,0.003790794624302638,0.7971727372355395,0.09644677934420734,30378,0.9958007060671198
105,/home/projects/bagon/shared/imagenet512/val/n07697537/ILSVRC2012_val_00003908.JPEG,495,36.61958312988281,0.00098419189453125,0.00417265754978895,0.7319162284888231,0.08869837950596915,30422,0.9889083170929301
106,/home/projects/bagon/shared/imagenet512/val/n02493793/ILSVRC2012_val_00038052.JPEG,219,6.093967437744141,0.000949859619140625,0.002086793047885888,0.1479525636807098,0.08718799598992433,30445,0.9976629628731472
107,/home/projects/bagon/shared/imagenet512/val/n04162706/ILSVRC2012_val_00024473.JPEG,437,86.9312744140625,0.0009918212890625,0.0035991272749704684,0.9235471660028617,0.09022480172012587,30500,0.9947571546505102
108,/home/projects/bagon/shared/imagenet512/val/n04357314/ILSVRC2012_val_00014837.JPEG,289,104.0672607421875,0.000885009765625,0.0027858853929748953,0.9128624773603228,0.03393568040782527,30505,0.995942240134334
109,/home/projects/bagon/shared/imagenet512/val/n04264628/ILSVRC2012_val_00031182.JPEG,624,110.31543731689453,0.00099945068359375,0.005364795213480271,0.6988416007939972,0.019771835729911813,30559,0.9931223215012838
110,/home/projects/bagon/shared/imagenet512/val/n02948072/ILSVRC2012_val_00008021.JPEG,407,122.20553588867188,0.00099945068359375,0.0034665830650924168,0.936250528539977,0.21804125214466796,30608,0.9949324147247129
111,/home/projects/bagon/shared/imagenet512/val/n02085782/ILSVRC2012_val_00028706.JPEG,339,58.401912689208984,0.000949859619140625,0.0031407181278851615,0.6596696408951266,0.08102290037607346,30677,0.9949687793616961
112,/home/projects/bagon/shared/imagenet512/val/n07693725/ILSVRC2012_val_00033590.JPEG,405,13.886245727539062,0.00099945068359375,0.003554979626093091,0.47167654724451047,0.011663894926383256,30682,0.9941650807277158
113,/home/projects/bagon/shared/imagenet512/val/n02493509/ILSVRC2012_val_00046527.JPEG,403,339.2997360229492,0.00099945068359375,0.0035392447357701982,0.9953295666581554,0.018940527451268258,30699,0.9936411691149633
114,/home/projects/bagon/shared/imagenet512/val/n01770393/ILSVRC2012_val_00014126.JPEG,396,101.79338455200195,0.000965118408203125,0.0035990697184462893,0.9240587285468277,0.03741741551172731,30747,0.9967602543800301
115,/home/projects/bagon/shared/imagenet512/val/n03146219/ILSVRC2012_val_00033416.JPEG,501,213.0860252380371,0.000942230224609375,0.004164770791608423,0.9142019503846613,0.03533091660317034,30763,0.988973635164565
116,/home/projects/bagon/shared/imagenet512/val/n02124075/ILSVRC2012_val_00007023.JPEG,581,328.4301109313965,0.000957489013671875,0.005163459124743091,0.9639711544680402,0.019567736539757796,30820,0.9952491591405236
117,/home/projects/bagon/shared/imagenet512/val/n03709823/ILSVRC2012_val_00027741.JPEG,264,4.649543762207031,0.00099945068359375,0.0024995049385507805,0.11851070342963288,0.04272966469112491,30828,0.9970977666734049
118,/home/projects/bagon/shared/imagenet512/val/n04229816/ILSVRC2012_val_00039762.JPEG,393,81.20256042480469,0.00098419189453125,0.0033944476994767206,0.8091475462916113,0.024255708007522248,30855,0.9967526687727635
119,/home/projects/bagon/shared/imagenet512/val/n02894605/ILSVRC2012_val_00012548.JPEG,305,41.94190216064453,0.00099945068359375,0.002814705054126429,0.5146299045552161,0.06838657339624449,30952,0.996341970318764
120,/home/projects/bagon/shared/imagenet512/val/n04522168/ILSVRC2012_val_00031592.JPEG,406,21.255699157714844,0.00096893310546875,0.003782417288458449,0.4515568957587333,0.11928807480894407,30992,0.9921406885178309
121,/home/projects/bagon/shared/imagenet512/val/n04560804/ILSVRC2012_val_00031871.JPEG,187,5.9364776611328125,0.00098419189453125,0.0017619268628808191,0.20193991030011743,0.08018058492376173,30993,0.9976109369741539
122,/home/projects/bagon/shared/imagenet512/val/n04376876/ILSVRC2012_val_00034357.JPEG,253,24.481128692626953,0.000957489013671875,0.0024198574776054037,0.489941525207562,0.04367586521845479,31033,0.9971774486109996
123,/home/projects/bagon/shared/imagenet512/val/n03250847/ILSVRC2012_val_00018929.JPEG,281,23.263343811035156,0.0009765625,0.002674632957837592,0.29799101598743133,0.017919411064445112,31052,0.9970550034655319
124,/home/projects/bagon/shared/imagenet512/val/n07716358/ILSVRC2012_val_00008225.JPEG,236,6.162834167480469,0.00098419189453125,0.0021899250939651357,0.18395396904538674,0.04546090452021995,31107,0.9989957256002604
125,/home/projects/bagon/shared/imagenet512/val/n03676483/ILSVRC2012_val_00039467.JPEG,374,94.06109619140625,0.0009918212890625,0.0035357511068744457,0.7625307485740586,0.04739683331145089,31139,0.9966952884220666
126,/home/projects/bagon/shared/imagenet512/val/n03895866/ILSVRC2012_val_00013920.JPEG,505,13.037872314453125,0.0009765625,0.004178157924671509,0.24254345971394392,0.0941370537369367,31152,0.9940600568749877
127,/home/projects/bagon/shared/imagenet512/val/n02219486/ILSVRC2012_val_00011617.JPEG,318,12.660171508789062,0.00098419189453125,0.0027055583146880107,0.3698810582489942,0.09862133584439586,31156,0.9953540675803207
128,/home/projects/bagon/shared/imagenet512/val/n07754684/ILSVRC2012_val_00018870.JPEG,319,6.1819000244140625,0.0009918212890625,0.0026248241545682063,0.15559280422192817,0.016914517525067285,31157,0.9983583719430175
129,/home/projects/bagon/shared/imagenet512/val/n01728920/ILSVRC2012_val_00028092.JPEG,205,2.4790611267089844,0.000965118408203125,0.0019615644317223717,0.10343710093982374,0.047875510377627994,31164,0.998827663994699
130,/home/projects/bagon/shared/imagenet512/val/n02085620/ILSVRC2012_val_00041642.JPEG,229,8.127277374267578,0.000949859619140625,0.0021292866223153375,0.493295421959134,0.03373448717558561,31210,0.9986450982600044
131,/home/projects/bagon/shared/imagenet512/val/n04026417/ILSVRC2012_val_00004109.JPEG,356,45.91436004638672,0.00099945068359375,0.003362148409665313,0.5234428216892332,0.07980793863377122,31237,0.9978559832997048
132,/home/projects/bagon/shared/imagenet512/val/n02113712/ILSVRC2012_val_00043139.JPEG,363,74.25529479980469,0.00099945068359375,0.003384121467649151,0.7378195999118913,0.16254397987294542,31238,0.989969803758212
133,/home/projects/bagon/shared/imagenet512/val/n04033995/ILSVRC2012_val_00008340.JPEG,529,333.970703125,0.00099945068359375,0.004622895346363322,0.9687384861077514,0.16479467567043754,31263,0.9847499505845306
134,/home/projects/bagon/shared/imagenet512/val/n01728920/ILSVRC2012_val_00041379.JPEG,403,429.8658142089844,0.00099945068359375,0.0036255956891622513,0.995165282167271,0.017054005978770825,31268,0.9950930395897528
135,/home/projects/bagon/shared/imagenet512/val/n02837789/ILSVRC2012_val_00013671.JPEG,529,23.444839477539062,0.00099945068359375,0.004642110374126887,0.29130722022324806,0.016885571121510956,31287,0.9944149280821577
136,/home/projects/bagon/shared/imagenet512/val/n02669723/ILSVRC2012_val_00012083.JPEG,368,38.57987976074219,0.0009918212890625,0.003325745239432781,0.5726490619095368,0.04824592171472672,31343,0.9922644124949508
137,/home/projects/bagon/shared/imagenet512/val/n02814533/ILSVRC2012_val_00027081.JPEG,408,149.82935333251953,0.0009918212890625,0.0037663536546691527,0.8752080585119326,0.01710893054020557,31374,0.9963454332360038
138,/home/projects/bagon/shared/imagenet512/val/n04370456/ILSVRC2012_val_00012434.JPEG,497,94.20185852050781,0.0009918212890625,0.0045262327384119685,0.7706745699734301,0.02790525803864105,31398,0.9963938546202231
139,/home/projects/bagon/shared/imagenet512/val/n02708093/ILSVRC2012_val_00004360.JPEG,303,50.25274658203125,0.0008697509765625,0.0028018885495379197,0.7616317669642814,0.13575624526242497,31409,0.9960875123383692
140,/home/projects/bagon/shared/imagenet512/val/n02514041/ILSVRC2012_val_00035957.JPEG,373,160.14909744262695,0.000965118408203125,0.003423875479426124,0.8830496195180012,0.12119423123427775,31422,0.9915086887125607
141,/home/projects/bagon/shared/imagenet512/val/n03961711/ILSVRC2012_val_00047310.JPEG,312,23.617305755615234,0.000942230224609375,0.0028000901796980068,0.4520916130605918,0.050455164460724955,31446,0.9979718983315592
142,/home/projects/bagon/shared/imagenet512/val/n03690938/ILSVRC2012_val_00029256.JPEG,356,117.17509460449219,0.0009613037109375,0.003369573221487123,0.9088949542369053,0.036719144175245466,31468,0.995642868500931
143,/home/projects/bagon/shared/imagenet512/val/n02093859/ILSVRC2012_val_00031752.JPEG,383,52.10411071777344,0.0009307861328125,0.003366947492522348,0.6405111893627183,0.10751077820403016,31484,0.9975517672419129
144,/home/projects/bagon/shared/imagenet512/val/n04552348/ILSVRC2012_val_00047539.JPEG,332,13.308021545410156,0.00098419189453125,0.002965957383618722,0.25501039843299905,0.1303339947014811,31569,0.9965301207523598
145,/home/projects/bagon/shared/imagenet512/val/n02841315/ILSVRC2012_val_00017620.JPEG,431,125.3425407409668,0.000957489013671875,0.0038417978272675237,0.9049937393559291,0.014361067477395684,31576,0.9967948892384872
146,/home/projects/bagon/shared/imagenet512/val/n02093256/ILSVRC2012_val_00027428.JPEG,399,89.47594833374023,0.000965118408203125,0.003730946958663109,0.8251975383715022,0.08913204624244139,31630,0.9961052404300063
147,/home/projects/bagon/shared/imagenet512/val/n02974003/ILSVRC2012_val_00022999.JPEG,485,410.72442626953125,0.00098419189453125,0.004197004372158708,0.9914772107146786,0.030524101263642356,31668,0.9940697836329003
148,/home/projects/bagon/shared/imagenet512/val/n03868863/ILSVRC2012_val_00012336.JPEG,326,79.21339416503906,0.00098419189453125,0.0030362562060499646,0.6314105356249229,0.07240466149573666,31672,0.9953419106003158
149,/home/projects/bagon/shared/imagenet512/val/n02825657/ILSVRC2012_val_00049548.JPEG,555,307.0095901489258,0.00098419189453125,0.004905859296020523,0.9687251318001078,0.1162279812429946,31723,0.9931840626398515
150,/home/projects/bagon/shared/imagenet512/val/n02130308/ILSVRC2012_val_00041296.JPEG,536,64.15180969238281,0.0009918212890625,0.004236997430084996,0.8423991479667944,0.005626522906291093,31727,0.9943160794075024
151,/home/projects/bagon/shared/imagenet512/val/n04277352/ILSVRC2012_val_00039856.JPEG,394,49.86982345581055,0.000919342041015625,0.0032540642297074957,0.8558017075552357,0.0945258545788289,31750,0.9975360861019933
152,/home/projects/bagon/shared/imagenet512/val/n01756291/ILSVRC2012_val_00022529.JPEG,381,46.44211196899414,0.000888824462890625,0.0035155763889753076,0.5674393766924818,0.1402475294298899,31752,0.994305793571944
153,/home/projects/bagon/shared/imagenet512/val/n02087046/ILSVRC2012_val_00023310.JPEG,451,101.40354919433594,0.0009613037109375,0.004081975730798813,0.8425369454395208,0.01993510776052554,31765,0.9941774854149925
154,/home/projects/bagon/shared/imagenet512/val/n01532829/ILSVRC2012_val_00011056.JPEG,417,8.705390930175781,0.0009918212890625,0.00347899868336189,0.7117265518302294,0.05562093935172552,31803,0.996707224845079
155,/home/projects/bagon/shared/imagenet512/val/n04265275/ILSVRC2012_val_00037694.JPEG,322,38.8306770324707,0.000911712646484375,0.0030756145499869617,0.598543159302406,0.13218693150446936,31819,0.9963062875539278
156,/home/projects/bagon/shared/imagenet512/val/n03042490/ILSVRC2012_val_00010674.JPEG,346,25.021499633789062,0.00099945068359375,0.0030582416159810493,0.46716575331690363,0.047911447766683796,31832,0.994627550790694
157,/home/projects/bagon/shared/imagenet512/val/n03485407/ILSVRC2012_val_00025149.JPEG,357,4.2987060546875,0.00096893310546875,0.0032203188777604978,0.056989704088332455,0.19755676920246304,31865,0.9973435916117406
158,/home/projects/bagon/shared/imagenet512/val/n02106550/ILSVRC2012_val_00034429.JPEG,343,65.65230178833008,0.000949859619140625,0.00316303806774982,0.801945605310205,0.10667579801985935,31871,0.9962073059421753
159,/home/projects/bagon/shared/imagenet512/val/n04209239/ILSVRC2012_val_00021217.JPEG,408,57.29725646972656,0.00099945068359375,0.003488369484558249,0.7035411337046893,0.03596914335148116,31883,0.9975601956329364
160,/home/projects/bagon/shared/imagenet512/val/n01698640/ILSVRC2012_val_00020290.JPEG,443,26.064834594726562,0.00099945068359375,0.0038567691698311105,0.43967078535830073,0.03399082472677986,31965,0.9917984605269843
161,/home/projects/bagon/shared/imagenet512/val/n02086910/ILSVRC2012_val_00032120.JPEG,471,18.617706298828125,0.00099945068359375,0.004215680862375173,0.2555507111246499,0.011023986035887334,31976,0.9954475672360525
162,/home/projects/bagon/shared/imagenet512/val/n03995372/ILSVRC2012_val_00045162.JPEG,374,26.040695190429688,0.00093841552734375,0.0033296726124098534,0.4278420224225904,0.16665053969809654,31980,0.9952316666019665
163,/home/projects/bagon/shared/imagenet512/val/n04023962/ILSVRC2012_val_00007919.JPEG,461,309.102294921875,0.00095367431640625,0.004151665328892852,0.9833169312188024,0.013033654359450919,32009,0.9958232181977417
164,/home/projects/bagon/shared/imagenet512/val/n04204238/ILSVRC2012_val_00045367.JPEG,299,14.1292724609375,0.0009918212890625,0.00279402636151415,0.3574356835868563,0.033606873773304236,32032,0.998103298947943
165,/home/projects/bagon/shared/imagenet512/val/n04326547/ILSVRC2012_val_00011562.JPEG,328,39.70446014404297,0.0009918212890625,0.0027437302608044065,0.6886702809774623,0.1447735254454451,32048,0.9982003286569974
166,/home/projects/bagon/shared/imagenet512/val/n02787622/ILSVRC2012_val_00032950.JPEG,434,70.25627517700195,0.000972747802734375,0.00353567040381638,0.6270391288547974,0.15811186728777724,32052,0.9945114026447059
167,/home/projects/bagon/shared/imagenet512/val/n01873310/ILSVRC2012_val_00022372.JPEG,397,13.187644958496094,0.0009765625,0.003412360605229085,0.2420463237065544,0.060458133077884196,32070,0.9962083104604283
168,/home/projects/bagon/shared/imagenet512/val/n04273569/ILSVRC2012_val_00000901.JPEG,438,119.19945526123047,0.00096893310546875,0.003909797383528357,0.897873443456211,0.041570618606120074,32094,0.9936837673599782
169,/home/projects/bagon/shared/imagenet512/val/n03742115/ILSVRC2012_val_00045616.JPEG,280,22.088211059570312,0.0009918212890625,0.0024019992960242747,0.5534529181138669,0.041322719714740386,32103,0.9989096845635762
170,/home/projects/bagon/shared/imagenet512/val/n04606251/ILSVRC2012_val_00001034.JPEG,307,42.22077178955078,0.0009918212890625,0.0028184501170218294,0.6297019997884185,0.09882430086579558,32171,0.9951166109731032
171,/home/projects/bagon/shared/imagenet512/val/n02666196/ILSVRC2012_val_00047040.JPEG,457,92.7833251953125,0.0009613037109375,0.003507782939165203,0.9599335382541733,0.014192126322538967,32188,0.9938843682230171
172,/home/projects/bagon/shared/imagenet512/val/n02120079/ILSVRC2012_val_00033625.JPEG,354,87.70801544189453,0.00099945068359375,0.003071638356933748,0.9423955815850265,0.12569181382833405,32190,0.9964335228128974
173,/home/projects/bagon/shared/imagenet512/val/n04443257/ILSVRC2012_val_00044655.JPEG,222,22.561424255371094,0.0009613037109375,0.002137909559362741,0.49872399586749994,0.17631688779617855,32208,0.9977552761887911
174,/home/projects/bagon/shared/imagenet512/val/n04149813/ILSVRC2012_val_00030627.JPEG,249,2.0279388427734375,0.00099945068359375,0.0023173121718232533,0.024407188745587487,0.12495977720987048,32220,0.9986803650881876
175,/home/projects/bagon/shared/imagenet512/val/n01498041/ILSVRC2012_val_00042547.JPEG,362,86.98690032958984,0.0009765625,0.0031608605509351423,0.7977029542465246,0.033783285370565436,32232,0.9968864733572379
176,/home/projects/bagon/shared/imagenet512/val/n07614500/ILSVRC2012_val_00006914.JPEG,341,23.746288299560547,0.000934600830078125,0.0030184095364741512,0.5748220354578031,0.005807855391232963,32234,0.9969138080662142
177,/home/projects/bagon/shared/imagenet512/val/n02939185/ILSVRC2012_val_00017286.JPEG,313,57.69060516357422,0.0009307861328125,0.0028991898276580345,0.7419741132667321,0.18528964513219076,32250,0.9975717580289767
178,/home/projects/bagon/shared/imagenet512/val/n02526121/ILSVRC2012_val_00040279.JPEG,367,110.064453125,0.00099945068359375,0.003131733852362953,0.9418120669723475,0.10839829938676548,32266,0.9944758500411861
179,/home/projects/bagon/shared/imagenet512/val/n02086240/ILSVRC2012_val_00011869.JPEG,503,107.05369567871094,0.00099945068359375,0.004576339529570597,0.8126479704690163,0.04922996131162985,32268,0.9907529555279356
180,/home/projects/bagon/shared/imagenet512/val/n04548362/ILSVRC2012_val_00021967.JPEG,449,388.62877655029297,0.0009918212890625,0.003961700625059279,0.9892070111813364,0.10687759216753837,32327,0.9968431708313777
181,/home/projects/bagon/shared/imagenet512/val/n03100240/ILSVRC2012_val_00041430.JPEG,351,15.372352600097656,0.00099945068359375,0.0031052652743417267,0.21024715807878755,0.044339833261044515,32331,0.9979050714288514
182,/home/projects/bagon/shared/imagenet512/val/n03197337/ILSVRC2012_val_00047198.JPEG,214,11.810630798339844,0.00096893310546875,0.0020134153920371898,0.32400891330466663,0.05291917854126135,32361,0.9989964217520588
183,/home/projects/bagon/shared/imagenet512/val/n02165456/ILSVRC2012_val_00046856.JPEG,363,13.00490951538086,0.000942230224609375,0.0032802612994239895,0.2784746891213371,0.21364869720543328,32400,0.9956155614135119
184,/home/projects/bagon/shared/imagenet512/val/n02091032/ILSVRC2012_val_00042781.JPEG,231,4.9739227294921875,0.0009918212890625,0.0021484029505815234,0.17311623251538927,0.0455622870392105,32426,0.9984627076411922
185,/home/projects/bagon/shared/imagenet512/val/n02870880/ILSVRC2012_val_00016924.JPEG,513,42.80619812011719,0.00098419189453125,0.0042813475561894404,0.6039017962756424,0.032687901226384125,32435,0.9904390577396686
186,/home/projects/bagon/shared/imagenet512/val/n03792782/ILSVRC2012_val_00032967.JPEG,389,31.005794525146484,0.000972747802734375,0.0035572127776511394,0.28998994739151324,0.06722859514794555,32450,0.9957581508107664
187,/home/projects/bagon/shared/imagenet512/val/n07871810/ILSVRC2012_val_00037774.JPEG,471,126.28341674804688,0.000946044921875,0.004094705455374238,0.8500984846736395,0.1149879197747661,32520,0.9952231699389138
188,/home/projects/bagon/shared/imagenet512/val/n02443484/ILSVRC2012_val_00023680.JPEG,460,136.68645858764648,0.000911712646484375,0.004110217910863437,0.8711295419749575,0.019648275950151672,32524,0.9948770361784002
189,/home/projects/bagon/shared/imagenet512/val/n03876231/ILSVRC2012_val_00004212.JPEG,219,32.49357986450195,0.000957489013671875,0.002040640380079294,0.8592441153864551,0.00911709927946619,32551,0.998025967459318
190,/home/projects/bagon/shared/imagenet512/val/n01682714/ILSVRC2012_val_00039749.JPEG,733,102.20392608642578,0.00099945068359375,0.006028498918556979,0.5841834313947725,0.005089943513996609,32575,0.9931981657229332
191,/home/projects/bagon/shared/imagenet512/val/n03290653/ILSVRC2012_val_00018174.JPEG,403,39.004981994628906,0.00099945068359375,0.003463486489918165,0.5280852318246507,0.10440696985862036,32627,0.9966944508556806
192,/home/projects/bagon/shared/imagenet512/val/n02113799/ILSVRC2012_val_00018971.JPEG,376,34.134971618652344,0.00099945068359375,0.003524966129017255,0.5908938979481553,0.04880663889126399,32653,0.9941199261255832
193,/home/projects/bagon/shared/imagenet512/val/n02092002/ILSVRC2012_val_00036747.JPEG,496,186.97457885742188,0.00099945068359375,0.004538919859753465,0.9188534506164383,0.07464498663119185,32675,0.9874836939974133
194,/home/projects/bagon/shared/imagenet512/val/n03126707/ILSVRC2012_val_00048470.JPEG,323,58.850440979003906,0.00098419189453125,0.0028200350781288326,0.47493225136250306,0.13612682696451078,32677,0.9964508440846936
195,/home/projects/bagon/shared/imagenet512/val/n04522168/ILSVRC2012_val_00017607.JPEG,385,40.897830963134766,0.000949859619140625,0.003531558983597929,0.5149617756599997,0.040641351816126325,32678,0.9798937562679207
196,/home/projects/bagon/shared/imagenet512/val/n07747607/ILSVRC2012_val_00001778.JPEG,441,121.3611946105957,0.000965118408203125,0.0037156261098972927,0.9621313750078371,0.067381865034679,32685,0.9857819145781291
197,/home/projects/bagon/shared/imagenet512/val/n04099969/ILSVRC2012_val_00006061.JPEG,399,97.47504425048828,0.0009918212890625,0.0035938509709674276,0.9198880238757793,0.07605396235988676,32697,0.9936217547168682
198,/home/projects/bagon/shared/imagenet512/val/n02124075/ILSVRC2012_val_00014432.JPEG,411,69.62567520141602,0.000812530517578125,0.003625561197558044,0.6961066834504019,0.19650748986197986,32700,0.9896943405285711
199,/home/projects/bagon/shared/imagenet512/val/n04536866/ILSVRC2012_val_00041774.JPEG,331,90.74512481689453,0.00096893310546875,0.002945074288981207,0.6417619737787542,0.041957993757687134,32704,0.9960652251276394
200,/home/projects/bagon/shared/imagenet512/val/n03255030/ILSVRC2012_val_00046720.JPEG,461,71.51206588745117,0.000896453857421875,0.004181499982226504,0.7252263048868253,0.0275555032428198,32718,0.9960184675304713
201,/home/projects/bagon/shared/imagenet512/val/n04254120/ILSVRC2012_val_00025227.JPEG,309,84.21932220458984,0.00098419189453125,0.002931325909221031,0.8032171238619521,0.05623684925001948,32761,0.9955048666403538
202,/home/projects/bagon/shared/imagenet512/val/n03637318/ILSVRC2012_val_00021726.JPEG,375,54.76454162597656,0.000946044921875,0.003346978428256855,0.7198456909439125,0.12222639160423282,32769,0.998459401008643
203,/home/projects/bagon/shared/imagenet512/val/n02096177/ILSVRC2012_val_00037972.JPEG,308,50.80445098876953,0.00096893310546875,0.0028183889818950395,0.7433015791753794,0.008349971607332085,32775,0.9961382437342733
204,/home/projects/bagon/shared/imagenet512/val/n02167151/ILSVRC2012_val_00005947.JPEG,486,88.52946472167969,0.00099945068359375,0.004144833245906343,0.6051750595109239,0.04382652255437797,32789,0.9949145639094225
205,/home/projects/bagon/shared/imagenet512/val/n01518878/ILSVRC2012_val_00028978.JPEG,373,24.125816345214844,0.0009918212890625,0.0031050926027786805,0.5567248097361415,0.03027802651975922,32807,0.9980494343085594
206,/home/projects/bagon/shared/imagenet512/val/n03633091/ILSVRC2012_val_00047536.JPEG,323,350.36051177978516,0.00099945068359375,0.003046260131452414,0.9945809681070228,0.025936028616147522,32823,0.997658781504402
207,/home/projects/bagon/shared/imagenet512/val/n02206856/ILSVRC2012_val_00016575.JPEG,437,39.83354949951172,0.00095367431640625,0.003696009295498661,0.596247442323901,0.035010398110617735,32832,0.9859183427392411
208,/home/projects/bagon/shared/imagenet512/val/n03877845/ILSVRC2012_val_00026991.JPEG,283,8.310314178466797,0.000926971435546875,0.0025729922024742545,0.17863737223595366,0.0721736678047884,32835,0.998383103366634
209,/home/projects/bagon/shared/imagenet512/val/n02190166/ILSVRC2012_val_00030902.JPEG,460,20.858741760253906,0.0009918212890625,0.0036994251732110246,0.5495541443117042,0.10444448540965631,32908,0.9957615709910184
210,/home/projects/bagon/shared/imagenet512/val/n02165456/ILSVRC2012_val_00016683.JPEG,685,70.7734603881836,0.0009918212890625,0.005836132360271488,0.652845170425225,0.06887245111567211,32923,0.9893139732028435
211,/home/projects/bagon/shared/imagenet512/val/n03788365/ILSVRC2012_val_00015159.JPEG,274,8.452804565429688,0.00096893310546875,0.0023228462787211,0.7069331063561458,0.0030496358666985413,32964,0.9988221733402343
212,/home/projects/bagon/shared/imagenet512/val/n03742115/ILSVRC2012_val_00028334.JPEG,351,162.72724151611328,0.0009765625,0.003286560953362881,0.9389877866980854,0.05441169263326129,32981,0.995809775641806
213,/home/projects/bagon/shared/imagenet512/val/n04536866/ILSVRC2012_val_00031548.JPEG,501,288.20158767700195,0.000919342041015625,0.004427799734848256,0.9810282161941091,0.021392382757303458,33002,0.9933268044838557
214,/home/projects/bagon/shared/imagenet512/val/n02093754/ILSVRC2012_val_00044070.JPEG,429,34.55229187011719,0.00096893310546875,0.003703184249492946,0.645514750606638,0.0651245927787788,33018,0.9945973732965009
215,/home/projects/bagon/shared/imagenet512/val/n04461696/ILSVRC2012_val_00046525.JPEG,260,22.117977142333984,0.000957489013671875,0.002455796706804669,0.2647573431087128,0.03553039266287167,33043,0.9982383888917145
216,/home/projects/bagon/shared/imagenet512/val/n03729826/ILSVRC2012_val_00023453.JPEG,257,87.52110290527344,0.0009613037109375,0.0024594649968673696,0.925511873038264,0.08481885513632295,33080,0.997987482473165
217,/home/projects/bagon/shared/imagenet512/val/n02165105/ILSVRC2012_val_00049578.JPEG,569,128.9248046875,0.00099945068359375,0.0042523109498776935,0.855712997775181,0.03032890270659533,33100,0.9899038436491349
218,/home/projects/bagon/shared/imagenet512/val/n03976657/ILSVRC2012_val_00030045.JPEG,266,45.60844421386719,0.00098419189453125,0.002471344047069296,0.726920092828959,0.025433137912188708,33110,0.9976034054643571
219,/home/projects/bagon/shared/imagenet512/val/n07880968/ILSVRC2012_val_00009621.JPEG,424,156.77597045898438,0.0009765625,0.003483991148358818,0.9512086404165349,0.015493798017331,33114,0.9967167210053752
220,/home/projects/bagon/shared/imagenet512/val/n02087394/ILSVRC2012_val_00003615.JPEG,327,82.33222198486328,0.0009918212890625,0.003081248633780036,0.6570865984091337,0.0860448337735544,33116,0.9956368451724616
221,/home/projects/bagon/shared/imagenet512/val/n03476991/ILSVRC2012_val_00014521.JPEG,478,201.36961364746094,0.00096893310546875,0.004515376347593387,0.9095737782131439,0.0546168663800716,33130,0.9913252543625288
222,/home/projects/bagon/shared/imagenet512/val/n02687172/ILSVRC2012_val_00000289.JPEG,511,38.72882843017578,0.00096893310546875,0.004131718187472099,0.566283886940146,0.025065554335809703,33159,0.9922956596506951
223,/home/projects/bagon/shared/imagenet512/val/n02930766/ILSVRC2012_val_00001093.JPEG,347,52.0826301574707,0.000934600830078125,0.0030782661301281843,0.8035468804949176,0.015797041327498734,33163,0.9973762859088212
224,/home/projects/bagon/shared/imagenet512/val/n03146219/ILSVRC2012_val_00023457.JPEG,365,26.900344848632812,0.00098419189453125,0.0033617880859542113,0.2704197164514159,0.06405978677234764,33187,0.9963673222749115
225,/home/projects/bagon/shared/imagenet512/val/n04507155/ILSVRC2012_val_00017824.JPEG,345,256.2814712524414,0.00098419189453125,0.0032190851267622496,0.9100984241795086,0.016367449315465493,33202,0.9945633207616915
226,/home/projects/bagon/shared/imagenet512/val/n07932039/ILSVRC2012_val_00011790.JPEG,248,28.25595474243164,0.000934600830078125,0.0023284496171946125,0.2937014582996764,0.01446929409963571,33213,0.997707407763796
227,/home/projects/bagon/shared/imagenet512/val/n04141975/ILSVRC2012_val_00017206.JPEG,298,110.32466888427734,0.00099945068359375,0.0028513615366931094,0.8854106649926049,0.05488274645089575,33215,0.9975765817179878
228,/home/projects/bagon/shared/imagenet512/val/n01756291/ILSVRC2012_val_00013698.JPEG,394,59.3412971496582,0.000926971435546875,0.003590063509264211,0.7797405999935505,0.013419506230737038,33219,0.9969210475812476
229,/home/projects/bagon/shared/imagenet512/val/n01749939/ILSVRC2012_val_00012768.JPEG,303,30.789512634277344,0.00099945068359375,0.0028180190005762475,0.42940631948925295,0.1428692992729549,33248,0.9944883209872696
230,/home/projects/bagon/shared/imagenet512/val/n03857828/ILSVRC2012_val_00034052.JPEG,434,24.836318969726562,0.00096893310546875,0.003288477205712685,0.588982528036984,0.018881618376928533,33282,0.9910194902980421
231,/home/projects/bagon/shared/imagenet512/val/n03255030/ILSVRC2012_val_00048022.JPEG,295,64.93680572509766,0.00092315673828125,0.0026333575161271395,0.5258775187241022,0.02745708894259477,33322,0.9970786439856735
232,/home/projects/bagon/shared/imagenet512/val/n02108915/ILSVRC2012_val_00002780.JPEG,316,11.151985168457031,0.00098419189453125,0.0028889848082314395,0.31179715169554467,0.0483103479160632,33361,0.9988429241104497
233,/home/projects/bagon/shared/imagenet512/val/n01985128/ILSVRC2012_val_00013707.JPEG,456,97.99382400512695,0.000926971435546875,0.003936371882604466,0.8813296508677465,0.14460253380855798,33377,0.9934375926861607
234,/home/projects/bagon/shared/imagenet512/val/n03877472/ILSVRC2012_val_00010437.JPEG,299,97.18302917480469,0.0009918212890625,0.002825078232888061,0.7609400808727207,0.10979874287535382,33420,0.9955858711229163
235,/home/projects/bagon/shared/imagenet512/val/n04579432/ILSVRC2012_val_00021960.JPEG,300,17.035907745361328,0.000957489013671875,0.002898934339493335,0.1927498629059523,0.07165784698427247,33423,0.9977126690898976
236,/home/projects/bagon/shared/imagenet512/val/n04591157/ILSVRC2012_val_00009550.JPEG,297,3.661956787109375,0.00099945068359375,0.0027552144729877876,0.059794954152228,0.008009980357552238,33427,0.9982567507819974
237,/home/projects/bagon/shared/imagenet512/val/n03991062/ILSVRC2012_val_00024143.JPEG,387,45.78624725341797,0.0009307861328125,0.0032753456093861555,0.6787091359263129,0.0317553870619281,33429,0.9939079587661078
238,/home/projects/bagon/shared/imagenet512/val/n02992211/ILSVRC2012_val_00035600.JPEG,334,12.294174194335938,0.00098419189453125,0.0029144755556641034,0.37913768024104955,0.02494145914492074,33439,0.9983474147839033
239,/home/projects/bagon/shared/imagenet512/val/n04560804/ILSVRC2012_val_00037427.JPEG,194,21.864654541015625,0.0009002685546875,0.0018525724195805056,0.5196662321074931,0.08641826084487758,33484,0.9949378956874978
240,/home/projects/bagon/shared/imagenet512/val/n03047690/ILSVRC2012_val_00040643.JPEG,322,6.893352508544922,0.000865936279296875,0.0030313153258744916,0.12089031375030485,0.08333329931128147,33493,0.9980625228060908
241,/home/projects/bagon/shared/imagenet512/val/n03255030/ILSVRC2012_val_00001045.JPEG,365,143.83312225341797,0.0009918212890625,0.0032042523884233927,0.9713796972818598,0.087597399685658,33516,0.9965806485397245
242,/home/projects/bagon/shared/imagenet512/val/n02493793/ILSVRC2012_val_00013076.JPEG,384,36.42766571044922,0.00099945068359375,0.0031518430941295987,0.8741335619733591,0.15828188590715053,33531,0.9962872882760219
243,/home/projects/bagon/shared/imagenet512/val/n02231487/ILSVRC2012_val_00030859.JPEG,353,31.95836639404297,0.0009918212890625,0.003207112699184661,0.3201124386713884,0.03380615995344363,33553,0.9955500630345154
244,/home/projects/bagon/shared/imagenet512/val/n02483362/ILSVRC2012_val_00023595.JPEG,341,106.770263671875,0.00099945068359375,0.0029838835663021563,0.9672858974667246,0.09098478058669601,33562,0.9952235407089317
245,/home/projects/bagon/shared/imagenet512/val/n04367480/ILSVRC2012_val_00049717.JPEG,434,136.68115615844727,0.000957489013671875,0.004057904507412021,0.9104562594245846,0.07206568991701562,33591,0.9953712346174906
246,/home/projects/bagon/shared/imagenet512/val/n03661043/ILSVRC2012_val_00023849.JPEG,218,19.627307891845703,0.000926971435546875,0.00208717026250914,0.5519092964233451,0.05347036371104133,33595,0.9980062598834537
247,/home/projects/bagon/shared/imagenet512/val/n04356056/ILSVRC2012_val_00037215.JPEG,442,91.95079040527344,0.00090789794921875,0.003965524391240018,0.7996246807445754,0.01668687619758702,33642,0.9938600281716664
248,/home/projects/bagon/shared/imagenet512/val/n02123159/ILSVRC2012_val_00045420.JPEG,277,35.40066909790039,0.000812530517578125,0.0026712665500949204,0.6742083119306816,0.07067798723637048,33679,0.9967615909959169
249,/home/projects/bagon/shared/imagenet512/val/n03045698/ILSVRC2012_val_00003717.JPEG,445,157.67502975463867,0.000972747802734375,0.003909010319931936,0.9219533508215495,0.10288539522917978,33692,0.9960498224224521
250,/home/projects/bagon/shared/imagenet512/val/n03733281/ILSVRC2012_val_00034428.JPEG,318,1.9865646362304688,0.00091552734375,0.002711268156836474,0.03457465854003254,0.07160217430189864,33698,0.9971175068427263
251,/home/projects/bagon/shared/imagenet512/val/n03950228/ILSVRC2012_val_00018324.JPEG,434,57.50572967529297,0.00099945068359375,0.0038173698604076827,0.6122727122562244,0.10341046440845933,33740,0.9861484195489232
252,/home/projects/bagon/shared/imagenet512/val/n04347754/ILSVRC2012_val_00025812.JPEG,260,3.076141357421875,0.00099945068359375,0.0023358999241037564,0.11661648738399073,0.15055562910463216,33773,0.9964854789171698
253,/home/projects/bagon/shared/imagenet512/val/n04141076/ILSVRC2012_val_00025042.JPEG,403,106.30218505859375,0.00098419189453125,0.0033832112890951967,0.7982460876345289,0.0543096625137926,33777,0.9958544625138088
254,/home/projects/bagon/shared/imagenet512/val/n01744401/ILSVRC2012_val_00002645.JPEG,295,16.696304321289062,0.00098419189453125,0.0026512670356026577,0.23275280521917743,0.1322327380210719,33780,0.9965612330590813
255,/home/projects/bagon/shared/imagenet512/val/n02442845/ILSVRC2012_val_00035243.JPEG,498,176.6001205444336,0.00099945068359375,0.004375482648054389,0.8976354329764856,0.05150074480649497,33789,0.9932995093893575
256,/home/projects/bagon/shared/imagenet512/val/n04467665/ILSVRC2012_val_00032726.JPEG,330,164.31204986572266,0.00098419189453125,0.0029428170115260296,0.9704647532355573,0.07242618054231753,33794,0.9902076976201716
257,/home/projects/bagon/shared/imagenet512/val/n01737021/ILSVRC2012_val_00015666.JPEG,298,32.830467224121094,0.0009918212890625,0.0026617382898214115,0.6582554856047662,0.03600385577357393,33825,0.9972015908392448
258,/home/projects/bagon/shared/imagenet512/val/n02825657/ILSVRC2012_val_00016714.JPEG,268,71.82308578491211,0.000949859619140625,0.0024591577379953805,0.8239349921281872,0.005297799058537056,33840,0.9952236370052532
259,/home/projects/bagon/shared/imagenet512/val/n07892512/ILSVRC2012_val_00022978.JPEG,513,101.51059341430664,0.000904083251953125,0.004615063807852669,0.6794257448025609,0.06612803467677875,33886,0.9903940437844927
260,/home/projects/bagon/shared/imagenet512/val/n03047690/ILSVRC2012_val_00042925.JPEG,325,41.72205352783203,0.00098419189453125,0.002979110706943367,0.5095007353115939,0.17613719793425434,33923,0.998435881852807
261,/home/projects/bagon/shared/imagenet512/val/n04462240/ILSVRC2012_val_00042902.JPEG,174,3.1771888732910156,0.000911712646484375,0.0016680561572305897,0.13932896043486737,0.09824118101311394,33947,0.9991128029865048
262,/home/projects/bagon/shared/imagenet512/val/n02123045/ILSVRC2012_val_00008876.JPEG,619,279.82503509521484,0.00099945068359375,0.005502351756312188,0.9153068730756233,0.02687000649720861,33954,0.9901204696028592
263,/home/projects/bagon/shared/imagenet512/val/n02877765/ILSVRC2012_val_00012571.JPEG,509,93.06956100463867,0.000972747802734375,0.003900373424477614,0.9011651656486764,0.06659560424699418,33958,0.9905961240186095
264,/home/projects/bagon/shared/imagenet512/val/n02708093/ILSVRC2012_val_00009361.JPEG,521,126.90628051757812,0.0009765625,0.0046100939582396335,0.8255244515522979,0.005310491317100818,33965,0.9937945338410333
265,/home/projects/bagon/shared/imagenet512/val/n02071294/ILSVRC2012_val_00019118.JPEG,347,3.384765625,0.00098419189453125,0.0030085700777836657,0.0585363827109419,0.09704072266078495,33985,0.9927959130619727
266,/home/projects/bagon/shared/imagenet512/val/n04141076/ILSVRC2012_val_00030435.JPEG,585,58.80730438232422,0.0009765625,0.0047905789278721075,0.6796323829447815,0.13060088610964496,33998,0.9849005081437683
267,/home/projects/bagon/shared/imagenet512/val/n03803284/ILSVRC2012_val_00032681.JPEG,306,83.80643844604492,0.000896453857421875,0.0028242327325473868,0.9453536384356963,0.07325033062054478,34007,0.9974360173762639
268,/home/projects/bagon/shared/imagenet512/val/n03125729/ILSVRC2012_val_00018902.JPEG,344,28.57482147216797,0.0009918212890625,0.003172622175782787,0.4850374603110171,0.1917784409037749,34016,0.9962949605169372
269,/home/projects/bagon/shared/imagenet512/val/n03902125/ILSVRC2012_val_00026091.JPEG,316,96.91757202148438,0.00099945068359375,0.002970162395580002,0.719529528271894,0.037426786344856244,34062,0.9976068460657667
270,/home/projects/bagon/shared/imagenet512/val/n03843555/ILSVRC2012_val_00048680.JPEG,235,18.94367218017578,0.00099945068359375,0.002301137121282288,0.22680962107641536,0.0021817111963138847,34071,0.9981011199432029
271,/home/projects/bagon/shared/imagenet512/val/n02088466/ILSVRC2012_val_00046691.JPEG,331,63.374366760253906,0.0009918212890625,0.0031587734793913037,0.6548001842118651,0.02904196525498115,34084,0.9967310255625821
272,/home/projects/bagon/shared/imagenet512/val/n01669191/ILSVRC2012_val_00045726.JPEG,323,5.993011474609375,0.00098419189453125,0.002871322279641655,0.2615726828653098,0.07513660761832941,34086,0.9968039756627356
273,/home/projects/bagon/shared/imagenet512/val/n02113799/ILSVRC2012_val_00043599.JPEG,363,29.397994995117188,0.00092315673828125,0.0034069978293855374,0.35427149648781897,0.007765670759501353,34092,0.9966613069482901
274,/home/projects/bagon/shared/imagenet512/val/n03692522/ILSVRC2012_val_00004029.JPEG,165,30.564598083496094,0.00091552734375,0.0016074595234026048,0.7665716502109499,0.03339308664637275,34094,0.9992110540178181
275,/home/projects/bagon/shared/imagenet512/val/n03825788/ILSVRC2012_val_00001209.JPEG,462,205.57549285888672,0.00098419189453125,0.004121185237569973,0.919304114591091,0.032750413252996186,34129,0.9923058971857275
276,/home/projects/bagon/shared/imagenet512/val/n04131690/ILSVRC2012_val_00027252.JPEG,282,6.04791259765625,0.00098419189453125,0.0027143610278639713,0.15720013953226666,0.11232425641183763,34138,0.9970953795447124
277,/home/projects/bagon/shared/imagenet512/val/n04266014/ILSVRC2012_val_00034335.JPEG,372,43.32970428466797,0.0009918212890625,0.0034592701794729864,0.6027947241652586,0.07043391428195844,34145,0.9966801087762963
278,/home/projects/bagon/shared/imagenet512/val/n03344393/ILSVRC2012_val_00046357.JPEG,362,14.632579803466797,0.000965118408203125,0.002975581589485728,0.3542034179019971,0.05127655216474014,34159,0.9978882370366358
279,/home/projects/bagon/shared/imagenet512/val/n03777568/ILSVRC2012_val_00039051.JPEG,513,23.814205169677734,0.000957489013671875,0.004330655985988152,0.3737225738192356,0.02901130091059065,34185,0.9962268403818434
280,/home/projects/bagon/shared/imagenet512/val/n02012849/ILSVRC2012_val_00042084.JPEG,470,292.1336975097656,0.00098419189453125,0.003894362830484907,0.9915298904500462,0.059362407741042456,34210,0.9899462855652794
281,/home/projects/bagon/shared/imagenet512/val/n02788148/ILSVRC2012_val_00005433.JPEG,323,58.10198211669922,0.00098419189453125,0.0030086483698328827,0.7144975639976693,0.060464497627611635,34215,0.9981196279916287
282,/home/projects/bagon/shared/imagenet512/val/n04146614/ILSVRC2012_val_00018568.JPEG,547,30.45977783203125,0.0009918212890625,0.004323963342673271,0.5277290627090444,0.008442089891212923,34241,0.9960091603984348
283,/home/projects/bagon/shared/imagenet512/val/n02113023/ILSVRC2012_val_00005886.JPEG,243,12.904483795166016,0.000926971435546875,0.002266339481244964,0.36771511321253425,0.008943230398724383,34248,0.9970687052441263
284,/home/projects/bagon/shared/imagenet512/val/n02640242/ILSVRC2012_val_00010603.JPEG,254,44.135520935058594,0.0009918212890625,0.002344285144211822,0.9532455879538877,0.07449873079718364,34249,0.9976000142500429
285,/home/projects/bagon/shared/imagenet512/val/n02102318/ILSVRC2012_val_00046143.JPEG,267,65.7044906616211,0.00099945068359375,0.0024473538948156354,0.7759876722259532,0.06868119044381854,34284,0.9974107573598701
286,/home/projects/bagon/shared/imagenet512/val/n03216828/ILSVRC2012_val_00045822.JPEG,238,6.103057861328125,0.00098419189453125,0.002237321452687343,0.11907869572602424,0.003248968174285549,34285,0.9982299136441213
287,/home/projects/bagon/shared/imagenet512/val/n03538406/ILSVRC2012_val_00042040.JPEG,258,21.195510864257812,0.00099945068359375,0.0022341876517980104,0.4530567844240873,0.09286766155384135,34307,0.99796648803681
288,/home/projects/bagon/shared/imagenet512/val/n02172182/ILSVRC2012_val_00036729.JPEG,538,87.12873077392578,0.00096893310546875,0.0046785102853523,0.666229501448244,0.04844799706555711,34312,0.9928151156719024
289,/home/projects/bagon/shared/imagenet512/val/n02422699/ILSVRC2012_val_00035239.JPEG,494,133.6966781616211,0.00098419189453125,0.004336780700973442,0.7503999742447015,0.13065929529151518,34321,0.9954585768777682
290,/home/projects/bagon/shared/imagenet512/val/n04485082/ILSVRC2012_val_00018704.JPEG,220,2.6061859130859375,0.0009613037109375,0.002089232056518111,0.060085240706566435,0.02385994715812728,34340,0.9985653583675556
291,/home/projects/bagon/shared/imagenet512/val/n02321529/ILSVRC2012_val_00005880.JPEG,398,203.4783706665039,0.00099945068359375,0.003670519100623152,0.908770665734627,0.015227959690543746,34344,0.9957299398528335
292,/home/projects/bagon/shared/imagenet512/val/n04131690/ILSVRC2012_val_00032630.JPEG,298,17.108657836914062,0.00095367431640625,0.002808993608910181,0.5652397754110733,0.048232862480305616,34345,0.9954124660052565
293,/home/projects/bagon/shared/imagenet512/val/n03141823/ILSVRC2012_val_00025404.JPEG,286,86.05118560791016,0.00092315673828125,0.002732118414378751,0.7001021373217459,0.057984661555793016,34359,0.99839519610934
294,/home/projects/bagon/shared/imagenet512/val/n01776313/ILSVRC2012_val_00002957.JPEG,422,40.34590148925781,0.00098419189453125,0.003387193545607099,0.8107764623977307,0.10695106506595242,34362,0.9969280438097643
295,/home/projects/bagon/shared/imagenet512/val/n04596742/ILSVRC2012_val_00010687.JPEG,365,41.70491409301758,0.000934600830078125,0.0034509697872812466,0.43072247852286616,0.027545816917542543,34370,0.9976230368763002
296,/home/projects/bagon/shared/imagenet512/val/n03814906/ILSVRC2012_val_00018854.JPEG,555,73.34856414794922,0.0009918212890625,0.004853252626628876,0.6513970187816366,0.24277095707226626,34376,0.9883267286378912
297,/home/projects/bagon/shared/imagenet512/val/n04264628/ILSVRC2012_val_00043621.JPEG,335,39.93510055541992,0.000896453857421875,0.0030525345005736563,0.6064152637722,0.03577550864621304,34390,0.995731200923922
298,/home/projects/bagon/shared/imagenet512/val/n02113624/ILSVRC2012_val_00036458.JPEG,358,64.47293853759766,0.0009765625,0.003221825291873158,0.7242956197892624,0.08788142849385372,34395,0.996467115757268
299,/home/projects/bagon/shared/imagenet512/val/n04152593/ILSVRC2012_val_00034850.JPEG,558,72.6099739074707,0.000965118408203125,0.004666253983640439,0.6788831871098356,0.07652021008715779,34434,0.9919139124710543
300,/home/projects/bagon/shared/imagenet512/val/n04557648/ILSVRC2012_val_00026262.JPEG,233,44.741886138916016,0.000843048095703125,0.0022304952483981947,0.4161375818146386,0.009396086441953222,34447,0.9981341211113863
301,/home/projects/bagon/shared/imagenet512/val/n04367480/ILSVRC2012_val_00040620.JPEG,337,21.384811401367188,0.00099945068359375,0.0031406613668196865,0.41167206631354575,0.04983983757559862,34459,0.9975007325282683
302,/home/projects/bagon/shared/imagenet512/val/n02206856/ILSVRC2012_val_00028469.JPEG,383,39.51996994018555,0.000957489013671875,0.003295456721614455,0.6838468676781143,0.02835394535234978,34460,0.9978947363481858
303,/home/projects/bagon/shared/imagenet512/val/n03637318/ILSVRC2012_val_00003740.JPEG,673,72.55387878417969,0.0009765625,0.0058760021779827015,0.5998167298153655,0.19119563574346948,34468,0.987950235917748
304,/home/projects/bagon/shared/imagenet512/val/n03498962/ILSVRC2012_val_00016914.JPEG,196,24.927104949951172,0.000919342041015625,0.0018888939033180389,0.4036501326385166,0.14769722793686368,34494,0.9980929288656684
305,/home/projects/bagon/shared/imagenet512/val/n12768682/ILSVRC2012_val_00014606.JPEG,343,194.74241256713867,0.000965118408203125,0.00272239055450704,0.9796166001718919,0.02188298516312126,34497,0.9889208792530274
306,/home/projects/bagon/shared/imagenet512/val/n03983396/ILSVRC2012_val_00012891.JPEG,337,41.49723815917969,0.0009918212890625,0.0030973915253521655,0.708143645522719,0.05033034433640571,34507,0.9930649693977555
307,/home/projects/bagon/shared/imagenet512/val/n04344873/ILSVRC2012_val_00025377.JPEG,486,167.57566833496094,0.0009613037109375,0.0041815355016497436,0.9457554870248015,0.1733963270941848,34515,0.9935712489871158
308,/home/projects/bagon/shared/imagenet512/val/n02172182/ILSVRC2012_val_00005763.JPEG,375,13.4581298828125,0.0009613037109375,0.0031032421296893985,0.44431353569517584,0.03139778375433047,34528,0.9981130116226751
309,/home/projects/bagon/shared/imagenet512/val/n03773504/ILSVRC2012_val_00022433.JPEG,671,121.043701171875,0.0009765625,0.005482868125622194,0.8257355278245933,0.08926706026288395,34550,0.9895960334310888
310,/home/projects/bagon/shared/imagenet512/val/n03045698/ILSVRC2012_val_00008841.JPEG,466,128.97078704833984,0.0009918212890625,0.004291832056685628,0.852088136832425,0.005019472174989048,34560,0.9917131684004068
311,/home/projects/bagon/shared/imagenet512/val/n02114855/ILSVRC2012_val_00016911.JPEG,394,40.7347412109375,0.00099945068359375,0.0036575491596785264,0.6025012138732829,0.12775680147559704,34561,0.9962138237633624
312,/home/projects/bagon/shared/imagenet512/val/n03124170/ILSVRC2012_val_00025254.JPEG,601,322.1510887145996,0.000957489013671875,0.005243552473491719,0.9629393974569136,0.08693630306583089,34577,0.9862017831702583
313,/home/projects/bagon/shared/imagenet512/val/n04192698/ILSVRC2012_val_00005679.JPEG,308,82.69769287109375,0.00098419189453125,0.002919672629856803,0.8346673481475164,0.14459471878127617,34585,0.9958535384433193
314,/home/projects/bagon/shared/imagenet512/val/n02090721/ILSVRC2012_val_00022022.JPEG,394,24.000202178955078,0.000972747802734375,0.003621795270143387,0.2517232671502293,0.05973070803727054,34586,0.9961265631505318
315,/home/projects/bagon/shared/imagenet512/val/n04033995/ILSVRC2012_val_00009944.JPEG,394,11.30303955078125,0.0009918212890625,0.0035084428984424225,0.3378626901595416,0.20408815817574386,34612,0.9959967072317774
316,/home/projects/bagon/shared/imagenet512/val/n02978881/ILSVRC2012_val_00045023.JPEG,468,96.71517944335938,0.0009002685546875,0.003762883909074641,0.7077643273810301,0.07353365736161324,34634,0.9942758228336437
317,/home/projects/bagon/shared/imagenet512/val/n04553703/ILSVRC2012_val_00011577.JPEG,349,78.78304290771484,0.00099945068359375,0.003154524676156165,0.6862410353619495,0.1048058369813834,34644,0.9958371396144349
318,/home/projects/bagon/shared/imagenet512/val/n04201297/ILSVRC2012_val_00030692.JPEG,650,232.68682098388672,0.0009918212890625,0.005005530827993974,0.989597705358991,0.030275413176030608,34659,0.993269579540164
319,/home/projects/bagon/shared/imagenet512/val/n07717556/ILSVRC2012_val_00023060.JPEG,319,4.258354187011719,0.0009307861328125,0.0028282728113210383,0.06303842944446247,0.0185843986232459,34672,0.9983004818672744
320,/home/projects/bagon/shared/imagenet512/val/n02087394/ILSVRC2012_val_00004074.JPEG,444,328.2794418334961,0.00087738037109375,0.003956199777437373,0.9957330745556908,0.09726839278254293,34673,0.9932725544764789
321,/home/projects/bagon/shared/imagenet512/val/n02114548/ILSVRC2012_val_00013358.JPEG,582,93.61766052246094,0.0009918212890625,0.0049980831038047464,0.761306913194259,0.15459848481660976,34674,0.9920420964354705
322,/home/projects/bagon/shared/imagenet512/val/n01644373/ILSVRC2012_val_00023855.JPEG,315,87.28055572509766,0.0009613037109375,0.002764246066697066,0.7897373897904746,0.04340668378401477,34682,0.9971105397655566
323,/home/projects/bagon/shared/imagenet512/val/n03534580/ILSVRC2012_val_00033044.JPEG,282,33.270870208740234,0.000957489013671875,0.0026870130179613956,0.5491853389407891,0.06101156640508487,34687,0.9927190573947555
324,/home/projects/bagon/shared/imagenet512/val/n02107574/ILSVRC2012_val_00012839.JPEG,379,94.2746353149414,0.0009918212890625,0.003538898640227603,0.63971100149103,0.05913518364038661,34693,0.9935237832897639
325,/home/projects/bagon/shared/imagenet512/val/n02109047/ILSVRC2012_val_00038938.JPEG,220,47.99626159667969,0.00098419189453125,0.0020882660817622255,0.5252814899272122,0.014260182139192279,34716,0.9966947171275097
326,/home/projects/bagon/shared/imagenet512/val/n02091467/ILSVRC2012_val_00006937.JPEG,412,108.82640838623047,0.00099945068359375,0.003601668526416295,0.8158634397228208,0.10225393046370038,34746,0.9957674760144095
327,/home/projects/bagon/shared/imagenet512/val/n02087046/ILSVRC2012_val_00049421.JPEG,391,193.99275970458984,0.0009613037109375,0.0035722744734288303,0.9488976598803327,0.07064479524820338,34762,0.9938053950485188
328,/home/projects/bagon/shared/imagenet512/val/n01496331/ILSVRC2012_val_00021461.JPEG,333,79.6479263305664,0.0009613037109375,0.003043113305167672,0.7770424423574956,0.0942405843023974,34803,0.9909971201871276
329,/home/projects/bagon/shared/imagenet512/val/n02226429/ILSVRC2012_val_00045775.JPEG,571,462.7923812866211,0.0009918212890625,0.004547465504365989,0.9917877556940266,0.00784566908049053,34828,0.9846896322072417
330,/home/projects/bagon/shared/imagenet512/val/n02447366/ILSVRC2012_val_00039772.JPEG,388,73.73338317871094,0.0009918212890625,0.003163793430212206,0.8411802508849676,0.03738685072531012,34852,0.9945250350185892
331,/home/projects/bagon/shared/imagenet512/val/n02980441/ILSVRC2012_val_00002061.JPEG,400,21.385208129882812,0.00099945068359375,0.0034849882540848483,0.21623366684067608,0.05429447154169384,34877,0.9970050559414155
332,/home/projects/bagon/shared/imagenet512/val/n04264628/ILSVRC2012_val_00013786.JPEG,610,74.3396987915039,0.00098419189453125,0.005238913542524718,0.4905708591456448,0.056428508825988155,34881,0.9803452786667983
333,/home/projects/bagon/shared/imagenet512/val/n02120079/ILSVRC2012_val_00011289.JPEG,277,5.139335632324219,0.00096893310546875,0.0025990600778355664,0.3195407433694294,0.17122723071095747,34886,0.9959063584005663
334,/home/projects/bagon/shared/imagenet512/val/n03532672/ILSVRC2012_val_00032475.JPEG,197,7.262123107910156,0.00099945068359375,0.001899941055057206,0.14874311841622279,0.01668215580063387,34898,0.9982317592665056
335,/home/projects/bagon/shared/imagenet512/val/n02088466/ILSVRC2012_val_00049762.JPEG,273,35.31027603149414,0.000942230224609375,0.0025991622906112104,0.5468031980599001,0.06857272229460293,34901,0.9963424624036508
336,/home/projects/bagon/shared/imagenet512/val/n02085782/ILSVRC2012_val_00034040.JPEG,330,12.334968566894531,0.00096893310546875,0.0030820475548298766,0.23974570661306124,0.03577939003322095,34910,0.9949511961925318
337,/home/projects/bagon/shared/imagenet512/val/n02279972/ILSVRC2012_val_00001717.JPEG,321,0.9067916870117188,0.00099945068359375,0.0028499063671093812,0.0047063364643704355,0.03555985177650908,34914,0.9967980521978905
338,/home/projects/bagon/shared/imagenet512/val/n01498041/ILSVRC2012_val_00039525.JPEG,298,94.92284393310547,0.0009918212890625,0.0027635549474810863,0.8458283863806161,0.08837763314578154,34918,0.9951597090024668
339,/home/projects/bagon/shared/imagenet512/val/n03344393/ILSVRC2012_val_00017413.JPEG,408,11.318954467773438,0.00098419189453125,0.003561815126850929,0.20361013475082132,0.11103881205619123,34920,0.9969081758501297
340,/home/projects/bagon/shared/imagenet512/val/n04141975/ILSVRC2012_val_00035230.JPEG,173,15.982181549072266,0.000934600830078125,0.0016866834654482227,0.6130952269170942,0.0386682053312189,34931,0.9989608186012824
341,/home/projects/bagon/shared/imagenet512/val/n02415577/ILSVRC2012_val_00036236.JPEG,451,25.157142639160156,0.00099945068359375,0.003931564892910688,0.21811560009171968,0.04081069355784239,34935,0.9940910783680377
342,/home/projects/bagon/shared/imagenet512/val/n02804610/ILSVRC2012_val_00031218.JPEG,505,43.92329025268555,0.000965118408203125,0.004245262033452694,0.5710726511088617,0.13283762270056038,34939,0.9958875268881732
343,/home/projects/bagon/shared/imagenet512/val/n02233338/ILSVRC2012_val_00042811.JPEG,371,232.40231704711914,0.000942230224609375,0.003148954394550542,0.9140365158239047,0.1489059439930454,34944,0.9945769655056933
344,/home/projects/bagon/shared/imagenet512/val/n03729826/ILSVRC2012_val_00009874.JPEG,305,90.57388305664062,0.0009613037109375,0.0029087602257724327,0.8198221510419582,0.026249427642654588,34966,0.996675506460474
345,/home/projects/bagon/shared/imagenet512/val/n01829413/ILSVRC2012_val_00029283.JPEG,497,124.08270645141602,0.000926971435546875,0.004062880581526192,0.8498263691699256,0.07457442393561192,34978,0.9893141254889866
346,/home/projects/bagon/shared/imagenet512/val/n04067472/ILSVRC2012_val_00010440.JPEG,445,422.74486541748047,0.00098419189453125,0.003818978137002603,0.9936106958747194,0.2061257222682469,35002,0.9870285405790667
347,/home/projects/bagon/shared/imagenet512/val/n02437312/ILSVRC2012_val_00009825.JPEG,514,159.1084747314453,0.00083160400390625,0.0046523347701460755,0.8329692718568367,0.05100366899274808,35008,0.9936879481352402
348,/home/projects/bagon/shared/imagenet512/val/n04596742/ILSVRC2012_val_00007324.JPEG,344,80.17314529418945,0.000965118408203125,0.0031795593823193097,0.7752074802186456,0.08547305847576686,35013,0.9948752672451806
349,/home/projects/bagon/shared/imagenet512/val/n04613696/ILSVRC2012_val_00046573.JPEG,519,21.268142700195312,0.00099945068359375,0.004186371218967703,0.38056684552939857,0.0847214316345466,35015,0.9945777735720898
350,/home/projects/bagon/shared/imagenet512/val/n02814860/ILSVRC2012_val_00016624.JPEG,597,20.072982788085938,0.0009765625,0.0050016130651403205,0.21534351583260486,0.05600400084038665,35019,0.9850193935643621
351,/home/projects/bagon/shared/imagenet512/val/n04532106/ILSVRC2012_val_00000338.JPEG,424,18.904129028320312,0.0009918212890625,0.003419510924999619,0.37647855846563794,0.09179502501732811,35069,0.9962236971663064
352,/home/projects/bagon/shared/imagenet512/val/n12768682/ILSVRC2012_val_00034646.JPEG,432,6.064849853515625,0.0009765625,0.0035095303251100824,0.21840810004146477,0.08446182158799201,35086,0.9959382538723658
353,/home/projects/bagon/shared/imagenet512/val/n02504013/ILSVRC2012_val_00004882.JPEG,290,17.549732208251953,0.000934600830078125,0.002665339400615763,0.45567885096516814,0.09479303505791423,35096,0.9936999283973627
354,/home/projects/bagon/shared/imagenet512/val/n02100877/ILSVRC2012_val_00041746.JPEG,435,17.490638732910156,0.00099945068359375,0.0038152905692441143,0.29084417819042613,0.12119384688112447,35108,0.9955633159590848
355,/home/projects/bagon/shared/imagenet512/val/n02526121/ILSVRC2012_val_00042020.JPEG,306,3.0837745666503906,0.000972747802734375,0.002723071548094596,0.08076494346530393,0.0865654507778453,35117,0.9959235477388307
356,/home/projects/bagon/shared/imagenet512/val/n02783161/ILSVRC2012_val_00006663.JPEG,516,270.7120361328125,0.0009613037109375,0.004728880581318956,0.9223221493723087,0.10154547159858676,35119,0.9930601194263997
357,/home/projects/bagon/shared/imagenet512/val/n03970156/ILSVRC2012_val_00018401.JPEG,303,105.6983642578125,0.000946044921875,0.0028809492500268836,0.7191247833964383,0.0030536258426838436,35157,0.9971615281462562
358,/home/projects/bagon/shared/imagenet512/val/n07802026/ILSVRC2012_val_00009887.JPEG,443,24.305072784423828,0.000957489013671875,0.0036945326742478675,0.795198316454567,0.0859440773803862,35160,0.996250438333725
359,/home/projects/bagon/shared/imagenet512/val/n03710193/ILSVRC2012_val_00030100.JPEG,293,7.243919372558594,0.000946044921875,0.002705849089198559,0.15435778338063366,0.004255180260609781,35172,0.9978691573544607
360,/home/projects/bagon/shared/imagenet512/val/n02097298/ILSVRC2012_val_00022922.JPEG,422,143.58165740966797,0.00098419189453125,0.00389816154293078,0.8314290098013558,0.031318829219206534,35173,0.9840472225921598
361,/home/projects/bagon/shared/imagenet512/val/n04254120/ILSVRC2012_val_00008831.JPEG,198,45.68022918701172,0.000946044921875,0.0019229551963748667,0.8368701312876216,0.08966078028663851,35193,0.9985549663912036
362,/home/projects/bagon/shared/imagenet512/val/n07614500/ILSVRC2012_val_00035076.JPEG,415,223.3016586303711,0.00098419189453125,0.003643127324451095,0.9427114304750196,0.05439687931250056,35201,0.9952997070065154
363,/home/projects/bagon/shared/imagenet512/val/n04476259/ILSVRC2012_val_00002080.JPEG,244,3.8069381713867188,0.00099945068359375,0.002305406505442529,0.06471732828251879,0.020964958372652137,35215,0.9990274604013201
364,/home/projects/bagon/shared/imagenet512/val/n03249569/ILSVRC2012_val_00044498.JPEG,301,34.565067291259766,0.000926971435546875,0.0028140957109904683,0.37290192319437687,0.006234340900326679,35242,0.9979333495389708
365,/home/projects/bagon/shared/imagenet512/val/n03584829/ILSVRC2012_val_00016286.JPEG,223,33.88902282714844,0.00099945068359375,0.002104884451961605,0.6496451433632179,0.09808811809787607,35269,0.9981809980707006
366,/home/projects/bagon/shared/imagenet512/val/n02133161/ILSVRC2012_val_00033328.JPEG,371,179.53231811523438,0.0009918212890625,0.0032234283948242453,0.9239878540990436,0.030623921023374134,35279,0.9921530182461807
367,/home/projects/bagon/shared/imagenet512/val/n03272010/ILSVRC2012_val_00012911.JPEG,369,133.1695098876953,0.0009765625,0.0034823003299046984,0.8298344170735951,0.011802236611244882,35282,0.9957577275161611
368,/home/projects/bagon/shared/imagenet512/val/n12267677/ILSVRC2012_val_00018155.JPEG,311,80.16823959350586,0.000942230224609375,0.0026996223717509313,0.8699120551970768,0.12945268491595927,35284,0.9953060435899318
369,/home/projects/bagon/shared/imagenet512/val/n02109525/ILSVRC2012_val_00048842.JPEG,342,53.375064849853516,0.000972747802734375,0.0031893924001579043,0.675750003327662,0.008293679420327549,35303,0.9964454683670215
370,/home/projects/bagon/shared/imagenet512/val/n03594734/ILSVRC2012_val_00019687.JPEG,346,12.146240234375,0.00098419189453125,0.0029550821393902623,0.1666023863987,0.17540576008812728,35305,0.9965871056524396
371,/home/projects/bagon/shared/imagenet512/val/n03788195/ILSVRC2012_val_00025478.JPEG,337,19.86803436279297,0.0009613037109375,0.0029977010866795908,0.47341669652875507,0.11036263092719961,35332,0.9926443256773723
372,/home/projects/bagon/shared/imagenet512/val/n03637318/ILSVRC2012_val_00027525.JPEG,335,44.121543884277344,0.0009918212890625,0.0030538244257958956,0.5392592139572567,0.04459608192242598,35334,0.9954749704209103
373,/home/projects/bagon/shared/imagenet512/val/n01491361/ILSVRC2012_val_00003183.JPEG,406,60.17235565185547,0.00099945068359375,0.0032517392701685802,0.9367243501052872,0.12333228449905859,35343,0.9975701836577368
374,/home/projects/bagon/shared/imagenet512/val/n03063689/ILSVRC2012_val_00028811.JPEG,498,51.156166076660156,0.00098419189453125,0.004489534026582443,0.3873020432583119,0.14470844136786776,35353,0.9850027313856883
375,/home/projects/bagon/shared/imagenet512/val/n02280649/ILSVRC2012_val_00020691.JPEG,510,121.98408508300781,0.0009918212890625,0.0041141698142415336,0.8027659716773456,0.15576951777098308,35362,0.9958583987604438
376,/home/projects/bagon/shared/imagenet512/val/n02794156/ILSVRC2012_val_00037026.JPEG,408,22.22808074951172,0.00096893310546875,0.003485041944932576,0.3923970347278215,0.11104392674535293,35371,0.9946603707617478
377,/home/projects/bagon/shared/imagenet512/val/n04542943/ILSVRC2012_val_00015573.JPEG,388,66.2784309387207,0.000949859619140625,0.0031608920277311973,0.7711821546192134,0.23450243677114097,35374,0.9956813032982886
378,/home/projects/bagon/shared/imagenet512/val/n02423022/ILSVRC2012_val_00028130.JPEG,428,36.77813720703125,0.00098419189453125,0.003604811743329945,0.6194995732428971,0.03834923195728818,35398,0.9940104670817222
379,/home/projects/bagon/shared/imagenet512/val/n02268853/ILSVRC2012_val_00026913.JPEG,590,101.2423324584961,0.00099945068359375,0.005119012804146821,0.7721897887608917,0.1093643932805721,35401,0.9917865475461342
380,/home/projects/bagon/shared/imagenet512/val/n03529860/ILSVRC2012_val_00044725.JPEG,452,67.78636169433594,0.00093841552734375,0.0040925407204657205,0.7053233650827329,0.05609650045164863,35420,0.9968686245879609
381,/home/projects/bagon/shared/imagenet512/val/n03871628/ILSVRC2012_val_00048740.JPEG,248,41.87813186645508,0.000957489013671875,0.002260663656878981,0.889881607692903,0.00835034957397593,35441,0.9981650456818281
382,/home/projects/bagon/shared/imagenet512/val/n03450230/ILSVRC2012_val_00045534.JPEG,539,176.0143165588379,0.000934600830078125,0.004739284554107033,0.8964683171892969,0.01186256136513758,35535,0.9935149582229809
383,/home/projects/bagon/shared/imagenet512/val/n04612504/ILSVRC2012_val_00020544.JPEG,538,86.83902740478516,0.0009918212890625,0.004508974625811682,0.7807877877957716,0.06040537228300527,35541,0.9909444580368936
384,/home/projects/bagon/shared/imagenet512/val/n02992529/ILSVRC2012_val_00004117.JPEG,231,35.26715850830078,0.00096893310546875,0.002212929925829112,0.7623408996050627,0.08097053079047209,35567,0.998643249782968
385,/home/projects/bagon/shared/imagenet512/val/n02769748/ILSVRC2012_val_00003680.JPEG,361,85.02217102050781,0.00091552734375,0.0032029781645725127,0.9333766736981046,0.03642357122717155,35577,0.9944232113112903
386,/home/projects/bagon/shared/imagenet512/val/n03598930/ILSVRC2012_val_00017750.JPEG,592,84.30197143554688,0.0009307861328125,0.0048256729867250095,0.8900055349495014,0.038130817532603556,35586,0.9892581008437225
387,/home/projects/bagon/shared/imagenet512/val/n02948072/ILSVRC2012_val_00046860.JPEG,421,57.20977783203125,0.000946044921875,0.003652776620226645,0.6900356824864697,0.06209895580027683,35588,0.996026387860427
388,/home/projects/bagon/shared/imagenet512/val/n03933933/ILSVRC2012_val_00031244.JPEG,454,68.70592498779297,0.00091552734375,0.004174264419285106,0.6861668157431153,0.03437726577975109,35604,0.995309723351998
389,/home/projects/bagon/shared/imagenet512/val/n02871525/ILSVRC2012_val_00034868.JPEG,238,7.288402557373047,0.000949859619140625,0.0022144435910088954,0.17920074668633504,0.1801989241399623,35607,0.993578945598973
390,/home/projects/bagon/shared/imagenet512/val/n02488702/ILSVRC2012_val_00049111.JPEG,88,0.161712646484375,0.00098419189453125,0.0008470509940872161,0.0018626291858145697,0.060024317019987616,35611,0.9997082684768782
391,/home/projects/bagon/shared/imagenet512/val/n13054560/ILSVRC2012_val_00030181.JPEG,354,18.656700134277344,0.0009765625,0.0030593573827558717,0.7555316796272097,0.04615767774234522,35614,0.9967778150561614
392,/home/projects/bagon/shared/imagenet512/val/n04147183/ILSVRC2012_val_00025661.JPEG,449,106.6378173828125,0.00099945068359375,0.004008907594682318,0.7171057483867667,0.11264191718561758,35635,0.9962332507959765
393,/home/projects/bagon/shared/imagenet512/val/n03100240/ILSVRC2012_val_00040371.JPEG,250,10.00494384765625,0.00091552734375,0.002407370923241454,0.2105942744005319,0.037533456248458386,35638,0.9979661437449167
394,/home/projects/bagon/shared/imagenet512/val/n15075141/ILSVRC2012_val_00038640.JPEG,324,64.48489761352539,0.000972747802734375,0.0030479552175624153,0.673729164994644,0.166856286879354,35668,0.997686015224813
395,/home/projects/bagon/shared/imagenet512/val/n04509417/ILSVRC2012_val_00036912.JPEG,331,126.94849395751953,0.00083160400390625,0.0030818276644834094,0.9177492085368606,0.018048816630906517,35691,0.9968034671968851
396,/home/projects/bagon/shared/imagenet512/val/n03447721/ILSVRC2012_val_00010239.JPEG,545,140.22747802734375,0.00098419189453125,0.004881915618058025,0.8556311884993981,0.029735273211793922,35698,0.9898738318033534
397,/home/projects/bagon/shared/imagenet512/val/n15075141/ILSVRC2012_val_00041824.JPEG,322,14.544803619384766,0.000934600830078125,0.002974993912036668,0.34943881164467777,0.02131802527144311,35701,0.9975579354849728
398,/home/projects/bagon/shared/imagenet512/val/n01796340/ILSVRC2012_val_00025998.JPEG,542,433.4413414001465,0.000911712646484375,0.004744206757245087,0.9841551968212403,0.02095429331610335,35714,0.9930430490014499
399,/home/projects/bagon/shared/imagenet512/val/n04507155/ILSVRC2012_val_00049952.JPEG,266,46.69355010986328,0.00099945068359375,0.0023339989798539977,0.8152707292587684,0.09500551169174071,35716,0.9972279461043937
400,/home/projects/bagon/shared/imagenet512/val/n07753113/ILSVRC2012_val_00002435.JPEG,371,30.6424560546875,0.00098419189453125,0.003022230709416472,0.8090803927068261,0.11104278015411351,35719,0.9939363162357812
401,/home/projects/bagon/shared/imagenet512/val/n04152593/ILSVRC2012_val_00042871.JPEG,612,69.0323486328125,0.0009307861328125,0.005130401300240334,0.5446021064727775,0.022143139934912487,35736,0.9907399652472427
402,/home/projects/bagon/shared/imagenet512/val/n03259280/ILSVRC2012_val_00046182.JPEG,252,14.86391830444336,0.000835418701171875,0.0024377611457831625,0.35194460961579555,0.037379899690386076,35745,0.9985314066505252
403,/home/projects/bagon/shared/imagenet512/val/n03733281/ILSVRC2012_val_00010635.JPEG,330,308.9904327392578,0.00099945068359375,0.0027483038926635764,0.9952743845346473,0.05951954174082236,35750,0.9963780193257495
404,/home/projects/bagon/shared/imagenet512/val/n07730033/ILSVRC2012_val_00016921.JPEG,505,49.25775146484375,0.0009765625,0.004335596038736097,0.7810315128512297,0.053103966324158286,35770,0.9902790688110337
405,/home/projects/bagon/shared/imagenet512/val/n03980874/ILSVRC2012_val_00013567.JPEG,327,69.51809692382812,0.0009918212890625,0.002901888586057146,0.8079795578323457,0.011545948152150182,35790,0.9976715267001519
406,/home/projects/bagon/shared/imagenet512/val/n04548362/ILSVRC2012_val_00046245.JPEG,319,62.76947784423828,0.0009918212890625,0.0029627512001826057,0.5567033918087123,0.10146806420908333,35791,0.9975265616003675
407,/home/projects/bagon/shared/imagenet512/val/n02096585/ILSVRC2012_val_00046398.JPEG,446,218.61260986328125,0.00098419189453125,0.004221509730079195,0.8994053674021069,0.002185747234333707,35799,0.9929399926039912
408,/home/projects/bagon/shared/imagenet512/val/n02783161/ILSVRC2012_val_00020272.JPEG,312,44.361961364746094,0.00099945068359375,0.002941486422343749,0.6464559747639234,0.05973178570262361,35819,0.9969582190201242
409,/home/projects/bagon/shared/imagenet512/val/n03929855/ILSVRC2012_val_00001261.JPEG,202,2.239665985107422,0.000972747802734375,0.00193293136080029,0.07988256074353034,0.1074801175433511,35821,0.9991638291200335
410,/home/projects/bagon/shared/imagenet512/val/n07614500/ILSVRC2012_val_00047647.JPEG,390,89.38561630249023,0.000934600830078125,0.0035988285784692496,0.8629532979838783,0.022201873524750254,35848,0.9975015015648214
411,/home/projects/bagon/shared/imagenet512/val/n02109047/ILSVRC2012_val_00006172.JPEG,299,94.73878860473633,0.000972747802734375,0.0028595898642593174,0.7576474859380791,0.11820722221404786,35859,0.997922161236844
412,/home/projects/bagon/shared/imagenet512/val/n04507155/ILSVRC2012_val_00031400.JPEG,463,34.5142822265625,0.00098419189453125,0.0038155018255168847,0.5697790061264445,0.14537462758615732,35886,0.9966693657335766
413,/home/projects/bagon/shared/imagenet512/val/n02871525/ILSVRC2012_val_00047336.JPEG,418,36.29021453857422,0.00099945068359375,0.003936178750602701,0.5816520052610756,0.0589081804588375,35898,0.9883405073570292
414,/home/projects/bagon/shared/imagenet512/val/n02442845/ILSVRC2012_val_00026106.JPEG,108,0.799957275390625,0.00099945068359375,0.0010535931909062433,0.05068180625550314,0.08188342953307895,35900,0.9992666895527583
415,/home/projects/bagon/shared/imagenet512/val/n02133161/ILSVRC2012_val_00000592.JPEG,234,12.360069274902344,0.00098419189453125,0.002139985100014768,0.3591527527414562,0.03662587675485335,35904,0.9957898683593168
416,/home/projects/bagon/shared/imagenet512/val/n01984695/ILSVRC2012_val_00018716.JPEG,497,243.06261444091797,0.00099945068359375,0.004358134115502557,0.9132837776826576,0.20409316644292286,35911,0.9901755637974916
417,/home/projects/bagon/shared/imagenet512/val/n04116512/ILSVRC2012_val_00049481.JPEG,327,282.5840377807617,0.000946044921875,0.003089276267282119,0.9909747768651115,0.008775139969644685,35913,0.9979389538925802
418,/home/projects/bagon/shared/imagenet512/val/n07684084/ILSVRC2012_val_00022011.JPEG,546,265.8515853881836,0.00098419189453125,0.004281786771727881,0.972560350545605,0.1248276647990938,35918,0.9920197524194366
419,/home/projects/bagon/shared/imagenet512/val/n04392985/ILSVRC2012_val_00036753.JPEG,515,111.26539611816406,0.00099945068359375,0.004518686033091029,0.734243044503588,0.10215538504046767,35951,0.9963041819621828
420,/home/projects/bagon/shared/imagenet512/val/n03761084/ILSVRC2012_val_00000519.JPEG,373,299.46180725097656,0.00099945068359375,0.0034569142140728998,0.9779459007873685,0.07030601855474353,35952,0.9955209043391694
421,/home/projects/bagon/shared/imagenet512/val/n07615774/ILSVRC2012_val_00019985.JPEG,317,204.77211380004883,0.000934600830078125,0.002868533261261871,0.9921858240895396,0.041631067289825074,35987,0.9977624786010525
422,/home/projects/bagon/shared/imagenet512/val/n01871265/ILSVRC2012_val_00017361.JPEG,457,96.822998046875,0.0009918212890625,0.0040460883540267365,0.8254384425876244,0.080378986641395,36009,0.9948260244244693
423,/home/projects/bagon/shared/imagenet512/val/n06794110/ILSVRC2012_val_00001650.JPEG,437,79.36949157714844,0.0009918212890625,0.0038994825710937497,0.7181247400646621,0.024562412794474603,36013,0.9956795850836829
424,/home/projects/bagon/shared/imagenet512/val/n03980874/ILSVRC2012_val_00012576.JPEG,446,43.26945114135742,0.000965118408203125,0.0037255722819751168,0.6852560454205818,0.049906614946212846,36034,0.9957163758475681
425,/home/projects/bagon/shared/imagenet512/val/n03314780/ILSVRC2012_val_00030231.JPEG,493,271.53931045532227,0.000949859619140625,0.004471223847756685,0.9492281288022018,0.1585385417406826,36038,0.9943838279855933
426,/home/projects/bagon/shared/imagenet512/val/n07615774/ILSVRC2012_val_00015454.JPEG,606,519.582275390625,0.00096893310546875,0.005436183397177827,0.9869551571426718,0.039190021175461026,36047,0.9891483065229075
427,/home/projects/bagon/shared/imagenet512/val/n09428293/ILSVRC2012_val_00024891.JPEG,325,15.976768493652344,0.000946044921875,0.0030592373492768546,0.3436468136614983,0.048691237865285536,36062,0.9972230801992619
428,/home/projects/bagon/shared/imagenet512/val/n07248320/ILSVRC2012_val_00005253.JPEG,321,62.13793182373047,0.0009613037109375,0.0030639831755407574,0.5896359186152893,0.09820029351449852,36077,0.9982904577289526
429,/home/projects/bagon/shared/imagenet512/val/n07742313/ILSVRC2012_val_00012279.JPEG,549,22.94982147216797,0.00096893310546875,0.00459035913480504,0.36484766060221957,0.11765400537341147,36083,0.9630522351390334
430,/home/projects/bagon/shared/imagenet512/val/n07875152/ILSVRC2012_val_00038043.JPEG,342,51.393253326416016,0.000965118408203125,0.0031319300159033474,0.7107450961528521,0.0710526752946492,36094,0.9960094652752451
431,/home/projects/bagon/shared/imagenet512/val/n03724870/ILSVRC2012_val_00040925.JPEG,484,226.2675552368164,0.00096893310546875,0.004355333985315665,0.9452971214914557,0.16196704476807883,36105,0.9942876309686544
432,/home/projects/bagon/shared/imagenet512/val/n02102177/ILSVRC2012_val_00040990.JPEG,278,13.582958221435547,0.000888824462890625,0.002624319985592497,0.26836474609102606,0.0972978990686642,36108,0.997968413031706
433,/home/projects/bagon/shared/imagenet512/val/n03970156/ILSVRC2012_val_00028223.JPEG,284,56.37147521972656,0.0009307861328125,0.0026462876624491474,0.7701138142260132,0.08599564178527136,36118,0.9975036831397301
434,/home/projects/bagon/shared/imagenet512/val/n02951358/ILSVRC2012_val_00007245.JPEG,331,231.17306900024414,0.000965118408203125,0.0031494721904506296,0.9684183105547033,0.08114191614210048,36124,0.9962313182023527
435,/home/projects/bagon/shared/imagenet512/val/n02097130/ILSVRC2012_val_00038174.JPEG,395,93.9781723022461,0.00095367431640625,0.0035676949996811405,0.8953784373597122,0.030839946311566946,36156,0.996712116266124
436,/home/projects/bagon/shared/imagenet512/val/n03930630/ILSVRC2012_val_00034975.JPEG,429,132.1514892578125,0.00096893310546875,0.003852534252461308,0.8388286533637048,0.0417895709576874,36162,0.9952800380874396
437,/home/projects/bagon/shared/imagenet512/val/n02120505/ILSVRC2012_val_00019589.JPEG,217,9.603950500488281,0.00098419189453125,0.002060985184075835,0.4241646504388743,0.0797168035903622,36178,0.9988478116002797
438,/home/projects/bagon/shared/imagenet512/val/n02504458/ILSVRC2012_val_00041799.JPEG,374,93.65857696533203,0.00098419189453125,0.0033355005607414146,0.7560908231738714,0.023368275237644287,36179,0.9958176832202754
439,/home/projects/bagon/shared/imagenet512/val/n02177972/ILSVRC2012_val_00015293.JPEG,513,42.33168029785156,0.0009918212890625,0.004003733503351694,0.7646278810300722,0.08504951487165605,36187,0.9861573760287505
440,/home/projects/bagon/shared/imagenet512/val/n02422699/ILSVRC2012_val_00027136.JPEG,419,79.69957733154297,0.0009918212890625,0.0038084520397311064,0.5764872630752992,0.18186423069946822,36195,0.9896710383765059
441,/home/projects/bagon/shared/imagenet512/val/n04525038/ILSVRC2012_val_00044419.JPEG,231,67.5504379272461,0.0009918212890625,0.0022453256454809186,0.8452098768449847,0.07960457045580294,36197,0.9983266199193859
442,/home/projects/bagon/shared/imagenet512/val/n04239074/ILSVRC2012_val_00043144.JPEG,195,6.605998992919922,0.000949859619140625,0.0018751815730752082,0.29202717036308334,0.04982400804882031,36198,0.9984342317537525
443,/home/projects/bagon/shared/imagenet512/val/n09835506/ILSVRC2012_val_00020051.JPEG,229,2.3353271484375,0.00099945068359375,0.0020970763791200954,0.05281737643058187,0.02071511676152693,36212,0.9979121284916296
444,/home/projects/bagon/shared/imagenet512/val/n07768694/ILSVRC2012_val_00016923.JPEG,526,215.25053787231445,0.000972747802734375,0.004503965853442451,0.9458144285360226,0.030838389175072756,36256,0.9962589365773205
445,/home/projects/bagon/shared/imagenet512/val/n03110669/ILSVRC2012_val_00013373.JPEG,486,97.4856948852539,0.00098419189453125,0.0044668727776403004,0.6983341370478147,0.09454998257321265,36261,0.9931912452743773
446,/home/projects/bagon/shared/imagenet512/val/n03085013/ILSVRC2012_val_00001071.JPEG,637,183.44602584838867,0.000965118408203125,0.005514199990336401,0.8341381968370707,0.12974366615181301,36280,0.9924025814540628
447,/home/projects/bagon/shared/imagenet512/val/n03529860/ILSVRC2012_val_00047579.JPEG,538,43.26726531982422,0.00098419189453125,0.004871696138399014,0.4233581789467304,0.18471876991557754,36293,0.9838895542244088
448,/home/projects/bagon/shared/imagenet512/val/n01729322/ILSVRC2012_val_00002754.JPEG,273,100.78377532958984,0.00091552734375,0.002587891114871631,0.7964543402972363,0.010079962316061841,36304,0.9982515900983802
449,/home/projects/bagon/shared/imagenet512/val/n07718472/ILSVRC2012_val_00047851.JPEG,303,13.759178161621094,0.00091552734375,0.0027341335109611433,0.3356291846849361,0.08234188715105242,36305,0.9986750228490474
450,/home/projects/bagon/shared/imagenet512/val/n04370456/ILSVRC2012_val_00002291.JPEG,348,54.21179962158203,0.00099945068359375,0.003320280867532597,0.6655976610449159,0.08939368548801269,36310,0.9968123602633967
451,/home/projects/bagon/shared/imagenet512/val/n04310018/ILSVRC2012_val_00021734.JPEG,672,367.1000289916992,0.00093841552734375,0.005502483090851669,0.9814230235772675,0.1124212734755416,36328,0.9818894435255713
452,/home/projects/bagon/shared/imagenet512/val/n03483316/ILSVRC2012_val_00022405.JPEG,256,28.551982879638672,0.000926971435546875,0.0024400536978898386,0.6695264199317783,0.01337893392807843,36352,0.9976570032679007
453,/home/projects/bagon/shared/imagenet512/val/n03891251/ILSVRC2012_val_00049769.JPEG,353,39.99108123779297,0.00099945068359375,0.0029751062045241614,0.7562791455505391,0.032468341580530746,36355,0.9979063785120641
454,/home/projects/bagon/shared/imagenet512/val/n03496892/ILSVRC2012_val_00036671.JPEG,327,110.31485748291016,0.00098419189453125,0.002883838474612242,0.785620470282238,0.018518829906489592,36387,0.995893561178107
455,/home/projects/bagon/shared/imagenet512/val/n01784675/ILSVRC2012_val_00011629.JPEG,394,29.456295013427734,0.000934600830078125,0.003323784365308043,0.45994969444175804,0.0037956834636825587,36389,0.9969426188546802
456,/home/projects/bagon/shared/imagenet512/val/n02927161/ILSVRC2012_val_00012448.JPEG,572,50.890289306640625,0.0009918212890625,0.004500363536976875,0.6341156330830653,0.10093884006521325,36413,0.9951863834360092
457,/home/projects/bagon/shared/imagenet512/val/n02317335/ILSVRC2012_val_00049576.JPEG,432,84.46813201904297,0.00095367431640625,0.0035599942729323797,0.7585811428421544,0.024186121426074902,36417,0.9959886970268352
458,/home/projects/bagon/shared/imagenet512/val/n04235860/ILSVRC2012_val_00031462.JPEG,280,15.9285888671875,0.0009918212890625,0.0024136682433779054,0.5418687909999745,0.030917345121655504,36442,0.9977687146289399
459,/home/projects/bagon/shared/imagenet512/val/n03930630/ILSVRC2012_val_00044388.JPEG,587,130.07752227783203,0.00093841552734375,0.004931168430727697,0.9011452341645634,0.09957955416018333,36448,0.994727628434782
460,/home/projects/bagon/shared/imagenet512/val/n04458633/ILSVRC2012_val_00025558.JPEG,384,19.318382263183594,0.0009765625,0.002959201052417128,0.8337426380054096,0.07908116180206479,36499,0.9962573650695737
461,/home/projects/bagon/shared/imagenet512/val/n04554684/ILSVRC2012_val_00006768.JPEG,282,29.8087158203125,0.0009765625,0.0025467827531431408,0.5704525507939544,0.04580542648190039,36500,0.9983953357975172
462,/home/projects/bagon/shared/imagenet512/val/n02002556/ILSVRC2012_val_00007369.JPEG,471,73.81410217285156,0.00098419189453125,0.0038938616982874745,0.6834301375504498,0.09066864211172632,36548,0.9958506763738211
463,/home/projects/bagon/shared/imagenet512/val/n04026417/ILSVRC2012_val_00017058.JPEG,416,591.5094032287598,0.000858306884765625,0.0036737264125706755,0.9960658844995534,0.04281564489478973,36564,0.9951302862380899
464,/home/projects/bagon/shared/imagenet512/val/n03404251/ILSVRC2012_val_00042865.JPEG,441,66.67384338378906,0.00098419189453125,0.0036728181142678495,0.8216148045512262,0.155168870605684,36584,0.9958198840514026
465,/home/projects/bagon/shared/imagenet512/val/n03494278/ILSVRC2012_val_00022564.JPEG,484,341.5547409057617,0.0009613037109375,0.004412919464626242,0.9701117068667809,0.08367213775506685,36600,0.9917299291745765
466,/home/projects/bagon/shared/imagenet512/val/n04037443/ILSVRC2012_val_00019802.JPEG,745,275.93063735961914,0.000965118408203125,0.005764217055989191,0.9674689783913989,0.010970082927143104,36617,0.992661369029117
467,/home/projects/bagon/shared/imagenet512/val/n02835271/ILSVRC2012_val_00025534.JPEG,509,90.70288467407227,0.000888824462890625,0.0042094476245387764,0.6991965695101328,0.10028166432376745,36621,0.9955838935932314
468,/home/projects/bagon/shared/imagenet512/val/n01877812/ILSVRC2012_val_00008736.JPEG,483,386.23451232910156,0.00098419189453125,0.004099027854822888,0.993378301527881,0.08147909253205685,36647,0.9928355739338728
469,/home/projects/bagon/shared/imagenet512/val/n02231487/ILSVRC2012_val_00047704.JPEG,533,709.5845947265625,0.00096893310546875,0.00444199682576943,0.995368780690659,0.07292671553762761,36650,0.9799774417093811
470,/home/projects/bagon/shared/imagenet512/val/n03379051/ILSVRC2012_val_00019724.JPEG,426,311.0083770751953,0.00098419189453125,0.003649911719752075,0.9876785989010017,0.04792802101910981,36653,0.995759234224538
471,/home/projects/bagon/shared/imagenet512/val/n03476684/ILSVRC2012_val_00038977.JPEG,362,62.69682312011719,0.00099945068359375,0.003232863006220464,0.7706364099441899,0.10462692303290999,36660,0.9972099069371997
472,/home/projects/bagon/shared/imagenet512/val/n07768694/ILSVRC2012_val_00004347.JPEG,459,399.0518798828125,0.00098419189453125,0.004205142205604249,0.9843910469327362,0.02294650861338554,36673,0.9930515421855445
473,/home/projects/bagon/shared/imagenet512/val/n04317175/ILSVRC2012_val_00031926.JPEG,470,753.3724594116211,0.0009918212890625,0.004367050631000116,0.9964817119296623,0.07842592329725262,36680,0.9937191550273536
474,/home/projects/bagon/shared/imagenet512/val/n01818515/ILSVRC2012_val_00007474.JPEG,232,13.027103424072266,0.000965118408203125,0.0019665623164563245,0.42866885996739806,0.07424202593395998,36682,0.9980880392710284
475,/home/projects/bagon/shared/imagenet512/val/n02107574/ILSVRC2012_val_00040869.JPEG,353,142.40826797485352,0.000972747802734375,0.0033141660867514722,0.8700135115529326,0.0620822693471241,36684,0.9979950846946491
476,/home/projects/bagon/shared/imagenet512/val/n03220513/ILSVRC2012_val_00019506.JPEG,418,76.56278991699219,0.000885009765625,0.003804179202573733,0.7465104175579798,0.0382090767465636,36688,0.9961022406271357
477,/home/projects/bagon/shared/imagenet512/val/n03197337/ILSVRC2012_val_00023643.JPEG,509,56.282466888427734,0.000919342041015625,0.0042791989932620175,0.5694227991519348,0.20194292686532717,36693,0.991230799786556
478,/home/projects/bagon/shared/imagenet512/val/n04398044/ILSVRC2012_val_00032195.JPEG,340,34.25917053222656,0.00099945068359375,0.003210124185137979,0.38571032672943606,0.008812804726274825,36700,0.997957693432918
479,/home/projects/bagon/shared/imagenet512/val/n04540053/ILSVRC2012_val_00014565.JPEG,345,136.1077880859375,0.00091552734375,0.002876464367725426,0.9799287102557099,0.00835290973652153,36719,0.9982977421945093
480,/home/projects/bagon/shared/imagenet512/val/n02101388/ILSVRC2012_val_00027526.JPEG,282,13.964427947998047,0.000949859619140625,0.0025684154390619796,0.28812784054946566,0.08347848700764399,36721,0.9978881024198762
481,/home/projects/bagon/shared/imagenet512/val/n04209133/ILSVRC2012_val_00022674.JPEG,469,228.84720611572266,0.00099945068359375,0.0042597322074078535,0.9500306667009,0.13496489146626595,36737,0.9928076218985549
482,/home/projects/bagon/shared/imagenet512/val/n03876231/ILSVRC2012_val_00048953.JPEG,245,3.73077392578125,0.00099945068359375,0.002267266883237295,0.05367370774151862,0.04886380628476983,36774,0.9987098557058083
483,/home/projects/bagon/shared/imagenet512/val/n03837869/ILSVRC2012_val_00008078.JPEG,477,246.37467193603516,0.00098419189453125,0.00413192168336694,0.968126312987414,0.011515974571642523,36775,0.9926909791838853
484,/home/projects/bagon/shared/imagenet512/val/n01817953/ILSVRC2012_val_00038553.JPEG,599,504.27526092529297,0.00099945068359375,0.004988579353567564,0.9956328139979391,0.0869448950160917,36778,0.9937931539095657
485,/home/projects/bagon/shared/imagenet512/val/n04069434/ILSVRC2012_val_00011905.JPEG,306,29.159072875976562,0.0009918212890625,0.002806792900051931,0.3088180246009251,0.044343597546222135,36784,0.9981263768175508
486,/home/projects/bagon/shared/imagenet512/val/n03961711/ILSVRC2012_val_00033665.JPEG,361,42.03571319580078,0.00098419189453125,0.003029268679588525,0.8658741876735281,0.2692881561982335,36785,0.9973650241931904
487,/home/projects/bagon/shared/imagenet512/val/n02095314/ILSVRC2012_val_00045280.JPEG,518,331.2528533935547,0.00098419189453125,0.004637893854504882,0.9603962074573837,0.028042601484370266,36804,0.9753006414780647
488,/home/projects/bagon/shared/imagenet512/val/n02747177/ILSVRC2012_val_00013783.JPEG,342,50.092864990234375,0.00098419189453125,0.0031740871093029663,0.8424174831759266,0.13042842776027036,36818,0.9974132531591273
489,/home/projects/bagon/shared/imagenet512/val/n03773504/ILSVRC2012_val_00037619.JPEG,675,84.9534683227539,0.00099945068359375,0.005856038074868618,0.4799822465198883,0.045309157693702945,36835,0.9913525586661713
490,/home/projects/bagon/shared/imagenet512/val/n02443114/ILSVRC2012_val_00003081.JPEG,388,55.34857940673828,0.00092315673828125,0.003641784713698167,0.7049111854421104,0.044679902059549303,36839,0.9917567150187798
491,/home/projects/bagon/shared/imagenet512/val/n01990800/ILSVRC2012_val_00021042.JPEG,479,163.4405174255371,0.000949859619140625,0.004282532813795848,0.9289882094699188,0.012111622462009697,36853,0.995448419552263
492,/home/projects/bagon/shared/imagenet512/val/n02443484/ILSVRC2012_val_00026767.JPEG,655,216.8419189453125,0.00099945068359375,0.005419714308784563,0.9212085224747103,0.013354866872109017,36860,0.9882917384707344
493,/home/projects/bagon/shared/imagenet512/val/n03223299/ILSVRC2012_val_00040379.JPEG,225,15.351940155029297,0.000934600830078125,0.002071308228870666,0.2936412901648256,0.30373009941799145,36886,0.9980648677931256
494,/home/projects/bagon/shared/imagenet512/val/n02108422/ILSVRC2012_val_00007319.JPEG,430,117.15349197387695,0.000926971435546875,0.0039674967357443665,0.8534079227403993,0.007342905420667789,36915,0.9910818134377433
495,/home/projects/bagon/shared/imagenet512/val/n07613480/ILSVRC2012_val_00012877.JPEG,567,119.00753021240234,0.0009918212890625,0.004107595187597093,0.8420200402542098,0.09027827507276304,36918,0.9960356077512341
496,/home/projects/bagon/shared/imagenet512/val/n03126707/ILSVRC2012_val_00012665.JPEG,468,61.769447326660156,0.00095367431640625,0.004024283925686541,0.7382750795156723,0.15122069345167105,36935,0.9941021354700654
497,/home/projects/bagon/shared/imagenet512/val/n02536864/ILSVRC2012_val_00036127.JPEG,266,96.85020446777344,0.00098419189453125,0.002483528968230696,0.9127004141868063,0.07971742066959461,36937,0.9976035600402775
498,/home/projects/bagon/shared/imagenet512/val/n01440764/ILSVRC2012_val_00037383.JPEG,372,149.3541488647461,0.00099945068359375,0.003330174179828097,0.9532778132160483,0.012694866738004407,36943,0.9950570602076851
499,/home/projects/bagon/shared/imagenet512/val/n03877472/ILSVRC2012_val_00017271.JPEG,539,236.79076385498047,0.0009765625,0.004792775904364938,0.9549770811772529,0.06002092779362722,36972,0.9867047586773614
500,/home/projects/bagon/shared/imagenet512/val/n02097474/ILSVRC2012_val_00025055.JPEG,410,153.46977615356445,0.000904083251953125,0.0038496599797333275,0.8744608523145627,0.12126097462358904,36975,0.9960730536342668
501,/home/projects/bagon/shared/imagenet512/val/n01986214/ILSVRC2012_val_00028653.JPEG,330,185.40658569335938,0.00098419189453125,0.0030583838489350616,0.9859386973723832,0.13160818632272547,37005,0.9965908288108309
502,/home/projects/bagon/shared/imagenet512/val/n03259280/ILSVRC2012_val_00005194.JPEG,328,65.06170272827148,0.000957489013671875,0.0031662225048743487,0.7750066302171087,0.08757379749806293,37013,0.9973709792943446
503,/home/projects/bagon/shared/imagenet512/val/n03355925/ILSVRC2012_val_00017432.JPEG,512,262.9267272949219,0.00096893310546875,0.0044005492426292475,0.9806187130079973,0.09692607308102569,37032,0.9946651505001078
504,/home/projects/bagon/shared/imagenet512/val/n03916031/ILSVRC2012_val_00035878.JPEG,364,144.9037628173828,0.00099945068359375,0.003338638678926836,0.8480123922680499,0.012502992518334255,37056,0.9970429378004051
505,/home/projects/bagon/shared/imagenet512/val/n02105412/ILSVRC2012_val_00023038.JPEG,499,172.56208419799805,0.000881195068359375,0.004397869664846551,0.8353841252991885,0.09736804909715424,37060,0.9841282699310266
506,/home/projects/bagon/shared/imagenet512/val/n01675722/ILSVRC2012_val_00011294.JPEG,321,70.70371627807617,0.000949859619140625,0.002879425070648729,0.5548584058605937,0.00967294824634446,37061,0.9966491045277517
507,/home/projects/bagon/shared/imagenet512/val/n07875152/ILSVRC2012_val_00030875.JPEG,233,24.987041473388672,0.000972747802734375,0.0021422639630446984,0.4878928708417425,0.07117696334540072,37070,0.9978487420090931
508,/home/projects/bagon/shared/imagenet512/val/n04417672/ILSVRC2012_val_00013350.JPEG,306,28.546493530273438,0.0009307861328125,0.002799121279400266,0.6187929819465605,0.1082316115292804,37074,0.994985862453032
509,/home/projects/bagon/shared/imagenet512/val/n04229816/ILSVRC2012_val_00043826.JPEG,352,54.91608428955078,0.00098419189453125,0.0032547640516151894,0.7985697017292649,0.08168175074299283,37083,0.9957189814047037
510,/home/projects/bagon/shared/imagenet512/val/n04596742/ILSVRC2012_val_00017443.JPEG,300,40.541770935058594,0.00099945068359375,0.002884479994071005,0.46716027073726996,0.0552187434347412,37086,0.9982645578217542
511,/home/projects/bagon/shared/imagenet512/val/n04228054/ILSVRC2012_val_00040782.JPEG,337,94.18052673339844,0.0009918212890625,0.002979730851476166,0.917247526015929,0.05562327777321152,37113,0.9979631032033541
512,/home/projects/bagon/shared/imagenet512/val/n04141975/ILSVRC2012_val_00037979.JPEG,249,213.16588973999023,0.000873565673828125,0.0024277606855092632,0.9813446785193228,0.11271613430628635,37119,0.9973820465003749
513,/home/projects/bagon/shared/imagenet512/val/n03325584/ILSVRC2012_val_00007722.JPEG,529,188.3616714477539,0.0009613037109375,0.004065870544731788,0.9645284673979312,0.13898203599082687,37120,0.9942899899108647
514,/home/projects/bagon/shared/imagenet512/val/n04201297/ILSVRC2012_val_00035412.JPEG,781,64.06207275390625,0.0009918212890625,0.0061492158923478245,0.5680559164511656,0.09364416126008279,37145,0.9896056515050647
515,/home/projects/bagon/shared/imagenet512/val/n07920052/ILSVRC2012_val_00032165.JPEG,330,16.570323944091797,0.000972747802734375,0.0030828577345129913,0.35452231686517033,0.09060922680055708,37152,0.9943381282405781
516,/home/projects/bagon/shared/imagenet512/val/n02168699/ILSVRC2012_val_00007520.JPEG,447,284.53524017333984,0.00098419189453125,0.003954939727690337,0.9767746104700412,0.00902403138992347,37168,0.9961708160077624
517,/home/projects/bagon/shared/imagenet512/val/n03602883/ILSVRC2012_val_00010992.JPEG,302,101.22914123535156,0.000946044921875,0.0028486420747429425,0.9557690850570245,0.005154989276603739,37187,0.9964869215260767
518,/home/projects/bagon/shared/imagenet512/val/n03249569/ILSVRC2012_val_00010381.JPEG,419,304.2745780944824,0.000965118408203125,0.003745186069420517,0.9878841827831274,0.14983370784000694,37219,0.9952503904649891
519,/home/projects/bagon/shared/imagenet512/val/n02815834/ILSVRC2012_val_00028516.JPEG,386,346.4850082397461,0.0009918212890625,0.0032509852024650314,0.9933342113346237,0.05611578416938351,37233,0.9963470284486022
520,/home/projects/bagon/shared/imagenet512/val/n02346627/ILSVRC2012_val_00036853.JPEG,492,79.54730987548828,0.00099945068359375,0.003573403427748897,0.9542828824737455,0.035417764357403125,37242,0.9973916969195592
521,/home/projects/bagon/shared/imagenet512/val/n01675722/ILSVRC2012_val_00032254.JPEG,547,679.5540771484375,0.0009918212890625,0.00473564362315685,0.9948721614111509,0.07058078958441327,37286,0.989648076057938
522,/home/projects/bagon/shared/imagenet512/val/n04461696/ILSVRC2012_val_00028004.JPEG,360,112.1302719116211,0.0009918212890625,0.0033546255384069097,0.8209171771014188,0.2951161661648296,37288,0.9933680056215843
523,/home/projects/bagon/shared/imagenet512/val/n03658185/ILSVRC2012_val_00036764.JPEG,255,51.21192932128906,0.0009918212890625,0.0023895195705919805,0.5283911791002702,0.06099120867841315,37292,0.998322053225441
524,/home/projects/bagon/shared/imagenet512/val/n02791124/ILSVRC2012_val_00045348.JPEG,581,39.96864318847656,0.0009613037109375,0.004918131018934056,0.45566629266112724,0.08431642127764188,37315,0.9951350805074802
525,/home/projects/bagon/shared/imagenet512/val/n02090379/ILSVRC2012_val_00011798.JPEG,250,13.838417053222656,0.0009307861328125,0.0023489191283944315,0.3449965422041882,0.1420217486357924,37326,0.9981787948969856
526,/home/projects/bagon/shared/imagenet512/val/n03950228/ILSVRC2012_val_00018978.JPEG,472,415.24693298339844,0.0009918212890625,0.004274572213400363,0.9789740820982479,0.15209532381602703,37344,0.9853876763619667
527,/home/projects/bagon/shared/imagenet512/val/n07749582/ILSVRC2012_val_00017842.JPEG,456,9.50888442993164,0.000972747802734375,0.003527233520535317,0.251860508139281,0.1300114136198312,37360,0.9931709853466852
528,/home/projects/bagon/shared/imagenet512/val/n01687978/ILSVRC2012_val_00044934.JPEG,383,35.315956115722656,0.00096893310546875,0.0034371519504518833,0.6275767998760287,0.12055886315252859,37365,0.9861810183646232
529,/home/projects/bagon/shared/imagenet512/val/n03457902/ILSVRC2012_val_00048899.JPEG,442,28.132591247558594,0.00096893310546875,0.0036058348291893322,0.7072778384989857,0.2899821848054397,37410,0.9921067129819583
530,/home/projects/bagon/shared/imagenet512/val/n04597913/ILSVRC2012_val_00030008.JPEG,471,905.2600746154785,0.000972747802734375,0.004236129707539673,0.9988330334780019,0.08888505934898813,37416,0.9892579446331792
531,/home/projects/bagon/shared/imagenet512/val/n02708093/ILSVRC2012_val_00001011.JPEG,392,71.42375183105469,0.00095367431640625,0.003663476096109622,0.7850295742457576,0.1505746459216784,37429,0.9960015787623269
532,/home/projects/bagon/shared/imagenet512/val/n01682714/ILSVRC2012_val_00035598.JPEG,489,47.15805435180664,0.000957489013671875,0.00429130690239311,0.593093443000798,0.05114355986038846,37430,0.9938493244011809
533,/home/projects/bagon/shared/imagenet512/val/n03594945/ILSVRC2012_val_00005147.JPEG,405,104.20408630371094,0.0009765625,0.0036493682834378674,0.8838099644428894,0.04176218854875424,37441,0.9948704575839857
534,/home/projects/bagon/shared/imagenet512/val/n02093859/ILSVRC2012_val_00049667.JPEG,152,1.797119140625,0.00099945068359375,0.001458345419191798,0.06631142750972432,0.059213494907445985,37449,0.9990898788968441
535,/home/projects/bagon/shared/imagenet512/val/n02089867/ILSVRC2012_val_00035749.JPEG,298,41.40221405029297,0.00099945068359375,0.0028077013045959918,0.6906109650680411,0.11932572934420174,37513,0.9967656473612622
536,/home/projects/bagon/shared/imagenet512/val/n03899768/ILSVRC2012_val_00045144.JPEG,462,237.1445198059082,0.000972747802734375,0.004303432981630296,0.9423216682672839,0.0214990877501679,37514,0.9936646972813132
537,/home/projects/bagon/shared/imagenet512/val/n04392985/ILSVRC2012_val_00005368.JPEG,729,122.53499603271484,0.0009918212890625,0.006134187003458019,0.700068064770615,0.19055221876214576,37516,0.992145141075195
538,/home/projects/bagon/shared/imagenet512/val/n01978287/ILSVRC2012_val_00020511.JPEG,203,3.9003143310546875,0.00098419189453125,0.0019002113676926103,0.18923213557272284,0.045746951982045314,37521,0.9974165119704023
539,/home/projects/bagon/shared/imagenet512/val/n02112706/ILSVRC2012_val_00013524.JPEG,407,40.154571533203125,0.000946044921875,0.0036407291237753187,0.5718016633593135,0.09510165463571643,37524,0.9961470850521476
540,/home/projects/bagon/shared/imagenet512/val/n07860988/ILSVRC2012_val_00035441.JPEG,295,27.788516998291016,0.000926971435546875,0.0028412532644164373,0.4812335464952658,0.0466489208079959,37559,0.9962379456366071
541,/home/projects/bagon/shared/imagenet512/val/n04044716/ILSVRC2012_val_00003857.JPEG,629,57.97412109375,0.00099945068359375,0.005276130781598919,0.7383715311673427,0.1514198693041978,37562,0.9920729390738708
542,/home/projects/bagon/shared/imagenet512/val/n07684084/ILSVRC2012_val_00047894.JPEG,383,85.98226928710938,0.00098419189453125,0.0033765054557692927,0.7839326956590246,0.08373326696571953,37564,0.9961437982206275
543,/home/projects/bagon/shared/imagenet512/val/n03691459/ILSVRC2012_val_00020742.JPEG,517,100.36931228637695,0.000972747802734375,0.004501632560527028,0.7142577264481397,0.0037322043106093328,37567,0.9882054036154937
544,/home/projects/bagon/shared/imagenet512/val/n02871525/ILSVRC2012_val_00023067.JPEG,331,57.80239486694336,0.000957489013671875,0.0030375930976097973,0.7060635535570812,0.1064382337440899,37578,0.9922296579276082
545,/home/projects/bagon/shared/imagenet512/val/n03000134/ILSVRC2012_val_00002617.JPEG,521,132.34705352783203,0.00096893310546875,0.004432475019335923,0.908003808277714,0.03403913754004567,37592,0.9916263321204313
546,/home/projects/bagon/shared/imagenet512/val/n03709823/ILSVRC2012_val_00049199.JPEG,430,87.55348205566406,0.00092315673828125,0.004014007471313982,0.7753140462397983,0.005029033654876058,37596,0.9938537514879531
547,/home/projects/bagon/shared/imagenet512/val/n02415577/ILSVRC2012_val_00044438.JPEG,427,24.823101043701172,0.000957489013671875,0.0036460774541146944,0.3422356972216304,0.1480230460717457,37606,0.996512322736692
548,/home/projects/bagon/shared/imagenet512/val/n03146219/ILSVRC2012_val_00037168.JPEG,501,101.1445541381836,0.0009765625,0.004374079660697696,0.6605723604719358,0.052137637548645366,37636,0.9801653316383129
549,/home/projects/bagon/shared/imagenet512/val/n02966687/ILSVRC2012_val_00036120.JPEG,549,230.7346954345703,0.0009765625,0.004895721499105979,0.9607863051126155,0.17415413369382923,37639,0.9937792157580597
550,/home/projects/bagon/shared/imagenet512/val/n04252077/ILSVRC2012_val_00005353.JPEG,367,93.58709716796875,0.0009918212890625,0.003385592223699021,0.8359384199178497,0.014902162953239373,37660,0.9921936970868573
551,/home/projects/bagon/shared/imagenet512/val/n03773504/ILSVRC2012_val_00020413.JPEG,622,104.08292388916016,0.0009002685546875,0.005409359433908845,0.7241602586802771,0.1886306275569338,37690,0.9871616505152038
552,/home/projects/bagon/shared/imagenet512/val/n07718472/ILSVRC2012_val_00010054.JPEG,451,118.71620178222656,0.00093841552734375,0.004155465805535431,0.7882131488068553,0.030950485663312544,37691,0.976624945437544
553,/home/projects/bagon/shared/imagenet512/val/n02837789/ILSVRC2012_val_00032484.JPEG,448,133.11300659179688,0.00099945068359375,0.004056071975628577,0.8716669026155472,0.03448247155819045,37703,0.9909331180077957
554,/home/projects/bagon/shared/imagenet512/val/n04209133/ILSVRC2012_val_00018778.JPEG,339,4.034111022949219,0.00098419189453125,0.0029982509231102753,0.044101521405069954,0.007069148521093305,37712,0.9929433136633826
555,/home/projects/bagon/shared/imagenet512/val/n04542943/ILSVRC2012_val_00035062.JPEG,361,130.34378814697266,0.00096893310546875,0.0032461881441831243,0.9490111625095126,0.045728532950275125,37713,0.9957642959170776
556,/home/projects/bagon/shared/imagenet512/val/n02091635/ILSVRC2012_val_00002397.JPEG,454,620.4452438354492,0.00098419189453125,0.00405652724410667,0.9932502070245435,0.13108878355629616,37717,0.9787457381483881
557,/home/projects/bagon/shared/imagenet512/val/n04141327/ILSVRC2012_val_00018070.JPEG,170,5.067352294921875,0.0009918212890625,0.0016503810871557757,0.07092289109781028,0.032284054935353745,37725,0.9991389310990153
558,/home/projects/bagon/shared/imagenet512/val/n02795169/ILSVRC2012_val_00014885.JPEG,484,258.54127502441406,0.0009765625,0.004453129053960397,0.9744625510778764,0.040587819329196806,37773,0.9963747858636657
559,/home/projects/bagon/shared/imagenet512/val/n02091244/ILSVRC2012_val_00018737.JPEG,330,30.211341857910156,0.00099945068359375,0.002928683236772638,0.601341441124738,0.018396330994563503,37784,0.9972563725620884
560,/home/projects/bagon/shared/imagenet512/val/n04127249/ILSVRC2012_val_00020995.JPEG,304,29.93017578125,0.00090789794921875,0.0026480132368209464,0.33830853468024225,0.09335259446008498,37795,0.9982651583437964
561,/home/projects/bagon/shared/imagenet512/val/n03976657/ILSVRC2012_val_00019093.JPEG,503,86.66612243652344,0.00098419189453125,0.0045410218474688565,0.7608115591539791,0.03027173629767077,37815,0.9934680070382765
562,/home/projects/bagon/shared/imagenet512/val/n04131690/ILSVRC2012_val_00035155.JPEG,319,45.69219207763672,0.00099945068359375,0.003027363888296533,0.8067995404749103,0.021533275266435448,37825,0.9972334925458405
563,/home/projects/bagon/shared/imagenet512/val/n01773157/ILSVRC2012_val_00024404.JPEG,695,182.60658264160156,0.00099945068359375,0.005718073504773577,0.8979950085172114,0.02499259338670834,37828,0.9630079617269751
564,/home/projects/bagon/shared/imagenet512/val/n04204238/ILSVRC2012_val_00029914.JPEG,375,12.038936614990234,0.000965118408203125,0.003175153409967205,0.20653030945540793,0.11105932237260213,37830,0.9973534167353065
565,/home/projects/bagon/shared/imagenet512/val/n03017168/ILSVRC2012_val_00033645.JPEG,510,321.3425979614258,0.0009918212890625,0.004042126220375421,0.9701583657938474,0.172699383744006,37845,0.9938577557668135
566,/home/projects/bagon/shared/imagenet512/val/n03109150/ILSVRC2012_val_00025609.JPEG,456,89.82050323486328,0.00098419189453125,0.004072410264540674,0.6314893151111602,0.09353538992221075,37860,0.9928761833611325
567,/home/projects/bagon/shared/imagenet512/val/n04074963/ILSVRC2012_val_00006113.JPEG,259,8.25503921508789,0.000965118408203125,0.002432318715553729,0.4024715523376879,0.045529356802079146,37869,0.9972998492856944
568,/home/projects/bagon/shared/imagenet512/val/n04443257/ILSVRC2012_val_00021395.JPEG,401,137.3306121826172,0.00099945068359375,0.003678054488631394,0.9093614971785848,0.153626019793781,37898,0.9942403234992303
569,/home/projects/bagon/shared/imagenet512/val/n03891251/ILSVRC2012_val_00034458.JPEG,282,21.523826599121094,0.00098419189453125,0.0026628037840734932,0.33766555301506673,0.009002983544758703,37900,0.9978268731037719
570,/home/projects/bagon/shared/imagenet512/val/n03888605/ILSVRC2012_val_00028863.JPEG,242,19.47052001953125,0.00098419189453125,0.0023051549710400424,0.5177535499684532,0.1360005634283439,37910,0.9983825935582176
571,/home/projects/bagon/shared/imagenet512/val/n04133789/ILSVRC2012_val_00020491.JPEG,447,325.95938873291016,0.00098419189453125,0.003870278588373793,0.9764013214479859,0.03157567673065126,37928,0.9950162716811793
572,/home/projects/bagon/shared/imagenet512/val/n04154565/ILSVRC2012_val_00043928.JPEG,288,39.784584045410156,0.0009765625,0.0027196276104460015,0.7071777604780225,0.010957679700938527,37929,0.9980636502464154
573,/home/projects/bagon/shared/imagenet512/val/n02797295/ILSVRC2012_val_00020027.JPEG,279,33.766204833984375,0.0009765625,0.0025049455859369506,0.8164421113218759,0.03906461491662097,37951,0.9983035777975171
574,/home/projects/bagon/shared/imagenet512/val/n02443114/ILSVRC2012_val_00017019.JPEG,388,34.54207229614258,0.000911712646484375,0.0034961956605660586,0.40143591856341276,0.0023545823046567382,37955,0.9975487090447831
575,/home/projects/bagon/shared/imagenet512/val/n07718472/ILSVRC2012_val_00036503.JPEG,286,26.768775939941406,0.00099945068359375,0.0026824705429080798,0.6193019545532178,0.015801855625406314,37968,0.99587409473982
576,/home/projects/bagon/shared/imagenet512/val/n01986214/ILSVRC2012_val_00019512.JPEG,464,50.55617904663086,0.000972747802734375,0.004039621550390429,0.595785744828641,0.040919289907765666,37970,0.9939285561775963
577,/home/projects/bagon/shared/imagenet512/val/n04251144/ILSVRC2012_val_00015061.JPEG,360,38.13321304321289,0.000942230224609375,0.002997945356218861,0.6042150160601295,0.1262791427233777,38001,0.9979756503916407
578,/home/projects/bagon/shared/imagenet512/val/n04116512/ILSVRC2012_val_00001422.JPEG,466,274.62400817871094,0.00090789794921875,0.004035956788469103,0.9660354834525944,0.08025858474353526,38006,0.9959210329100548
579,/home/projects/bagon/shared/imagenet512/val/n02124075/ILSVRC2012_val_00026412.JPEG,428,287.9277153015137,0.000942230224609375,0.004012483205776656,0.945303047370152,0.23701335822800956,38008,0.9929552850828098
580,/home/projects/bagon/shared/imagenet512/val/n02138441/ILSVRC2012_val_00037731.JPEG,679,112.24730682373047,0.00099945068359375,0.005150109887654005,0.7901857419230396,0.0937665524606037,38026,0.9925406318662034
581,/home/projects/bagon/shared/imagenet512/val/n02488702/ILSVRC2012_val_00036154.JPEG,430,87.45999145507812,0.0009765625,0.0038638333268370137,0.8399603045835995,0.033268945688516294,38036,0.9921865878021395
582,/home/projects/bagon/shared/imagenet512/val/n04550184/ILSVRC2012_val_00018418.JPEG,409,45.78372573852539,0.000965118408203125,0.003521245394762578,0.46106365351083334,0.14021077081240724,38046,0.995249933358119
583,/home/projects/bagon/shared/imagenet512/val/n03709823/ILSVRC2012_val_00014162.JPEG,421,89.98796463012695,0.000919342041015625,0.003854194214779413,0.6479994056547651,0.11180940810011367,38047,0.9934052207816069
584,/home/projects/bagon/shared/imagenet512/val/n04004767/ILSVRC2012_val_00005920.JPEG,379,29.552223205566406,0.00098419189453125,0.003508148969665776,0.5621477251921562,0.038111559582505894,38073,0.9962118642571005
585,/home/projects/bagon/shared/imagenet512/val/n06596364/ILSVRC2012_val_00009212.JPEG,382,190.2144317626953,0.00098419189453125,0.003354312769983443,0.9720460663330773,0.05162714617522937,38078,0.9971887740714738
586,/home/projects/bagon/shared/imagenet512/val/n02730930/ILSVRC2012_val_00030205.JPEG,234,12.45498275756836,0.000926971435546875,0.0022447897310572495,0.5273985048639542,0.013935126086839333,38088,0.9966369916142119
587,/home/projects/bagon/shared/imagenet512/val/n07892512/ILSVRC2012_val_00033630.JPEG,491,75.57164001464844,0.0009765625,0.004385262600170866,0.5124506997109674,0.030420904727495757,38135,0.9934765537060769
588,/home/projects/bagon/shared/imagenet512/val/n03216828/ILSVRC2012_val_00040097.JPEG,379,71.38724517822266,0.000946044921875,0.003406914004035435,0.7441718307945077,0.04895629856657002,38146,0.9964438822923662
589,/home/projects/bagon/shared/imagenet512/val/n02776631/ILSVRC2012_val_00000633.JPEG,475,117.42194747924805,0.000957489013671875,0.004423447235496282,0.700209241377308,0.02250629715272054,38165,0.9951540955086937
590,/home/projects/bagon/shared/imagenet512/val/n03372029/ILSVRC2012_val_00023610.JPEG,546,245.4457893371582,0.000949859619140625,0.0047633586090288105,0.9523156949863332,0.07798821059584327,38172,0.9888963041432665
591,/home/projects/bagon/shared/imagenet512/val/n03529860/ILSVRC2012_val_00021601.JPEG,526,73.14460754394531,0.00099945068359375,0.004641680187589172,0.6658767960681797,0.06479260321923913,38186,0.9850552204871312
592,/home/projects/bagon/shared/imagenet512/val/n02098105/ILSVRC2012_val_00023764.JPEG,219,7.312397003173828,0.000934600830078125,0.001987577558028579,0.1787102902771402,0.04438156125932413,38198,0.9981792986779703
593,/home/projects/bagon/shared/imagenet512/val/n01773549/ILSVRC2012_val_00008316.JPEG,281,65.17504119873047,0.0009307861328125,0.002662719429237297,0.7140543382225077,0.032619259895458996,38216,0.9976099345601322
594,/home/projects/bagon/shared/imagenet512/val/n04357314/ILSVRC2012_val_00031832.JPEG,408,101.85699081420898,0.000972747802734375,0.0038257121895400757,0.7305896438966077,0.09542618668361422,38225,0.9961446119726384
595,/home/projects/bagon/shared/imagenet512/val/n04336792/ILSVRC2012_val_00028123.JPEG,281,73.11838150024414,0.000957489013671875,0.002652829783284302,0.8715818853246234,0.008136339945776339,38247,0.9976650263813727
596,/home/projects/bagon/shared/imagenet512/val/n04389033/ILSVRC2012_val_00004353.JPEG,399,112.36424255371094,0.00099945068359375,0.003439179886158102,0.9431788297136348,0.14845521523676358,38254,0.9955692904036396
597,/home/projects/bagon/shared/imagenet512/val/n03476991/ILSVRC2012_val_00007805.JPEG,378,168.15451431274414,0.000942230224609375,0.003586901391004418,0.8965187967468569,0.11149569379010615,38257,0.9954694146448765
598,/home/projects/bagon/shared/imagenet512/val/n02490219/ILSVRC2012_val_00003437.JPEG,363,37.73917770385742,0.000957489013671875,0.003223730089685789,0.4051854366032011,0.016280233815017475,38264,0.9949980472793298
599,/home/projects/bagon/shared/imagenet512/val/n03000134/ILSVRC2012_val_00010799.JPEG,349,81.88358306884766,0.0009613037109375,0.002996240954776427,0.9141719546006207,0.1270264061983477,38276,0.9965890515663796
600,/home/projects/bagon/shared/imagenet512/val/n04517823/ILSVRC2012_val_00025993.JPEG,342,315.95848846435547,0.0009765625,0.003279983493621959,0.9913223573131358,0.05290152060768294,38279,0.9911485278203626
601,/home/projects/bagon/shared/imagenet512/val/n04579145/ILSVRC2012_val_00044906.JPEG,413,36.6373405456543,0.000972747802734375,0.003511879058627444,0.6649395421226065,0.09567684322424957,38293,0.9969887609110247
602,/home/projects/bagon/shared/imagenet512/val/n03720891/ILSVRC2012_val_00034846.JPEG,510,493.21173095703125,0.00099945068359375,0.004257580096203746,0.9982474516921485,0.01442811125416213,38295,0.9960291270831312
603,/home/projects/bagon/shared/imagenet512/val/n04485082/ILSVRC2012_val_00000059.JPEG,288,55.66472625732422,0.0009918212890625,0.002706727815218624,0.7631109951775699,0.04497883841205283,38296,0.9982975652904139
604,/home/projects/bagon/shared/imagenet512/val/n03938244/ILSVRC2012_val_00043255.JPEG,371,58.561790466308594,0.00098419189453125,0.003338660771873849,0.7779188816347692,0.13412864138740638,38302,0.996137882288694
605,/home/projects/bagon/shared/imagenet512/val/n03100240/ILSVRC2012_val_00022835.JPEG,329,58.0177001953125,0.00087738037109375,0.0031130160067289773,0.7155782995521205,0.005328858784818202,38369,0.9965395051201955
606,/home/projects/bagon/shared/imagenet512/val/n03345487/ILSVRC2012_val_00000764.JPEG,348,81.26081085205078,0.00096893310546875,0.003000439723286095,0.8645035059464176,0.09588267708051207,38382,0.996415881976778
607,/home/projects/bagon/shared/imagenet512/val/n02100583/ILSVRC2012_val_00029753.JPEG,304,19.104595184326172,0.000957489013671875,0.002846052921956769,0.36309058586370824,0.07440272079356558,38407,0.997911725897661
608,/home/projects/bagon/shared/imagenet512/val/n04523525/ILSVRC2012_val_00019004.JPEG,372,56.679664611816406,0.00099945068359375,0.0032972345158327363,0.6407647654428434,0.1427553030828244,38412,0.9927703324308712
609,/home/projects/bagon/shared/imagenet512/val/n02091635/ILSVRC2012_val_00018526.JPEG,279,67.19065856933594,0.00099945068359375,0.002548955080129126,0.9045457555011849,0.01760176492623433,38417,0.9986001023919929
610,/home/projects/bagon/shared/imagenet512/val/n02979186/ILSVRC2012_val_00024874.JPEG,653,301.72994232177734,0.00098419189453125,0.005201445804241265,0.9532979159137978,0.08288434662067945,38426,0.9947265423803685
611,/home/projects/bagon/shared/imagenet512/val/n04505470/ILSVRC2012_val_00049808.JPEG,489,63.79447937011719,0.0009918212890625,0.0044191558926826,0.7279897827954945,0.010324757909746046,38433,0.9947616805239465
612,/home/projects/bagon/shared/imagenet512/val/n02206856/ILSVRC2012_val_00042015.JPEG,440,62.091087341308594,0.0009765625,0.003782370892654877,0.6768032228525095,0.034789625612853314,38453,0.9958188664158919
613,/home/projects/bagon/shared/imagenet512/val/n03532672/ILSVRC2012_val_00043481.JPEG,376,390.55426025390625,0.00099945068359375,0.003445869968469088,0.9939987293184317,0.059047927329880984,38478,0.997055413064225
614,/home/projects/bagon/shared/imagenet512/val/n03017168/ILSVRC2012_val_00001601.JPEG,479,295.5479431152344,0.0009918212890625,0.0039783892498690835,0.9830863487986199,0.10656463695082558,38487,0.9897515869865767
615,/home/projects/bagon/shared/imagenet512/val/n03873416/ILSVRC2012_val_00026884.JPEG,276,161.1550750732422,0.00086212158203125,0.0025611826897331052,0.9308091430422327,0.09494874718284316,38504,0.9975860681768739
616,/home/projects/bagon/shared/imagenet512/val/n01817953/ILSVRC2012_val_00024592.JPEG,298,15.307685852050781,0.0009918212890625,0.0026024992110563376,0.6985462263031379,0.018310657509728517,38505,0.9977934248265827
617,/home/projects/bagon/shared/imagenet512/val/n01644900/ILSVRC2012_val_00032966.JPEG,493,218.74999237060547,0.00099945068359375,0.004039543994212645,0.9582016900902935,0.04371843601983899,38512,0.9913846760460828
618,/home/projects/bagon/shared/imagenet512/val/n01687978/ILSVRC2012_val_00018305.JPEG,378,92.9886474609375,0.00098419189453125,0.0034147096532138083,0.8505785950483451,0.038785911041624516,38515,0.9942897855619478
619,/home/projects/bagon/shared/imagenet512/val/n04596742/ILSVRC2012_val_00014677.JPEG,308,76.87648010253906,0.00096893310546875,0.0028588683490454133,0.7538019651471454,0.0667363017034196,38561,0.9938336641040509
620,/home/projects/bagon/shared/imagenet512/val/n15075141/ILSVRC2012_val_00021031.JPEG,369,357.5174102783203,0.00099945068359375,0.003282990469113982,0.9924712784040345,0.03805136481330029,38567,0.9920385678295779
621,/home/projects/bagon/shared/imagenet512/val/n02113712/ILSVRC2012_val_00029675.JPEG,305,37.835426330566406,0.0009918212890625,0.0029040573075552294,0.6672869152194737,0.01356968106084247,38575,0.992802638657105
622,/home/projects/bagon/shared/imagenet512/val/n04461696/ILSVRC2012_val_00000671.JPEG,302,50.695220947265625,0.0009918212890625,0.002778836256083688,0.7335710267936018,0.21765129844125553,38577,0.9981408585199417
623,/home/projects/bagon/shared/imagenet512/val/n02087394/ILSVRC2012_val_00036907.JPEG,399,81.78224182128906,0.0009918212890625,0.0037046600694227044,0.7154110389397516,0.05995771373115549,38578,0.994873323640414
624,/home/projects/bagon/shared/imagenet512/val/n04560804/ILSVRC2012_val_00002597.JPEG,355,123.03885650634766,0.0009918212890625,0.0032841354301577697,0.8105635414346859,0.06558377662753803,38592,0.9934347530833528
625,/home/projects/bagon/shared/imagenet512/val/n03075370/ILSVRC2012_val_00036914.JPEG,621,614.9877777099609,0.00098419189453125,0.00525301168746863,0.9922095375861006,0.0948336824901822,38598,0.9684177251733735
626,/home/projects/bagon/shared/imagenet512/val/n04493381/ILSVRC2012_val_00036788.JPEG,312,20.654571533203125,0.0009918212890625,0.0026809185382740994,0.4756607905852666,0.05728266238465757,38633,0.9964800833532022
627,/home/projects/bagon/shared/imagenet512/val/n02667093/ILSVRC2012_val_00009218.JPEG,319,94.91408920288086,0.000904083251953125,0.0028813135131862903,0.8188981288775864,0.027187920522669384,38649,0.9966992903442913
628,/home/projects/bagon/shared/imagenet512/val/n02097298/ILSVRC2012_val_00028300.JPEG,396,49.607234954833984,0.000957489013671875,0.003644067432086154,0.5849576432844699,0.11259987033203123,38651,0.9960724520676263
629,/home/projects/bagon/shared/imagenet512/val/n03903868/ILSVRC2012_val_00026940.JPEG,485,388.0508155822754,0.000965118408203125,0.004161704152979493,0.9942258920030335,0.179352005177021,38681,0.9947849580399291
630,/home/projects/bagon/shared/imagenet512/val/n03692522/ILSVRC2012_val_00019600.JPEG,442,221.74616622924805,0.000751495361328125,0.004094811587647908,0.9546149346327312,0.06270001841479661,38710,0.9938360996195468
631,/home/projects/bagon/shared/imagenet512/val/n03773504/ILSVRC2012_val_00024028.JPEG,727,185.60198211669922,0.00090789794921875,0.005943702754217371,0.8418930018491017,0.09080076675153237,38711,0.991932534910761
632,/home/projects/bagon/shared/imagenet512/val/n01608432/ILSVRC2012_val_00006203.JPEG,557,426.85722732543945,0.000972747802734375,0.00485189458135472,0.9785508678498932,0.043537433946066184,38760,0.9906552069715704
633,/home/projects/bagon/shared/imagenet512/val/n04258138/ILSVRC2012_val_00015995.JPEG,465,215.7242889404297,0.00098419189453125,0.0038369245160081804,0.9819695007982968,0.05796300896257517,38766,0.9941831657018869
634,/home/projects/bagon/shared/imagenet512/val/n04200800/ILSVRC2012_val_00038439.JPEG,511,513.6328125,0.0009613037109375,0.004061522365926364,0.9983793105370232,0.0807488592453236,38775,0.9902735068324544
635,/home/projects/bagon/shared/imagenet512/val/n02799071/ILSVRC2012_val_00045333.JPEG,339,57.532936096191406,0.000885009765625,0.003174232197390907,0.6599490925306968,0.09497474021481389,38777,0.9962142263303878
636,/home/projects/bagon/shared/imagenet512/val/n07831146/ILSVRC2012_val_00006096.JPEG,420,291.1985549926758,0.00098419189453125,0.003376091719008845,0.995319301101657,0.18954462009620995,38783,0.9953169255778428
637,/home/projects/bagon/shared/imagenet512/val/n02093647/ILSVRC2012_val_00045903.JPEG,643,164.98695373535156,0.00098419189453125,0.004965278850887618,0.9478567630660879,0.04057296568881505,38791,0.9915954274063581
638,/home/projects/bagon/shared/imagenet512/val/n03498962/ILSVRC2012_val_00042039.JPEG,276,87.08268356323242,0.000957489013671875,0.0026165198629082287,0.7769674172930664,0.09513005844575917,38806,0.998290033051617
639,/home/projects/bagon/shared/imagenet512/val/n02804610/ILSVRC2012_val_00035685.JPEG,318,49.59519958496094,0.00096893310546875,0.0027445256966499324,0.5247885534034571,0.023285027688751125,38807,0.9968205362143824
640,/home/projects/bagon/shared/imagenet512/val/n04376876/ILSVRC2012_val_00006272.JPEG,272,37.51896667480469,0.0009918212890625,0.0026173144083788814,0.6668599755062854,0.11223619973203292,38831,0.9969011814496708
641,/home/projects/bagon/shared/imagenet512/val/n03866082/ILSVRC2012_val_00017791.JPEG,425,99.36933135986328,0.00096893310546875,0.0038897456124733242,0.7219820808934077,0.030274590302113463,38837,0.9971316343819951
642,/home/projects/bagon/shared/imagenet512/val/n02096294/ILSVRC2012_val_00022292.JPEG,399,133.70430755615234,0.00099945068359375,0.0036881069702034653,0.837924144747595,0.024401962392008925,38848,0.9908120062012249
643,/home/projects/bagon/shared/imagenet512/val/n04553703/ILSVRC2012_val_00045791.JPEG,506,429.0515823364258,0.0009765625,0.004575672301064065,0.9864583541829178,0.16937481935988458,38852,0.9860585583640976
644,/home/projects/bagon/shared/imagenet512/val/n01955084/ILSVRC2012_val_00014350.JPEG,475,216.2033462524414,0.00099945068359375,0.003727670940456671,0.9840555220806596,0.11991321408473851,38860,0.9962667803869468
645,/home/projects/bagon/shared/imagenet512/val/n01697457/ILSVRC2012_val_00043428.JPEG,325,123.60340118408203,0.0009918212890625,0.0029709048584699647,0.8900187499478929,0.10926473227526687,38874,0.996057258110602
646,/home/projects/bagon/shared/imagenet512/val/n03014705/ILSVRC2012_val_00041519.JPEG,365,32.05499267578125,0.00093841552734375,0.0033687550819870593,0.5790690393943609,0.013840041074642262,38875,0.9967065845359063
647,/home/projects/bagon/shared/imagenet512/val/n07768694/ILSVRC2012_val_00007525.JPEG,538,1112.238754272461,0.000946044921875,0.004826943425426718,0.9980743265580482,0.043257188655451806,38876,0.9878192746623924
648,/home/projects/bagon/shared/imagenet512/val/n02999410/ILSVRC2012_val_00008475.JPEG,243,63.371482849121094,0.00092315673828125,0.002373854844083184,0.7980932249658985,0.050768143465816845,38937,0.9977353332301866
649,/home/projects/bagon/shared/imagenet512/val/n02978881/ILSVRC2012_val_00017217.JPEG,376,171.89355850219727,0.000904083251953125,0.003468822475734158,0.9391054070741955,0.09086444126244442,38955,0.9946365140808956
650,/home/projects/bagon/shared/imagenet512/val/n02992211/ILSVRC2012_val_00008029.JPEG,366,8.171714782714844,0.00099945068359375,0.002988863674370201,0.17286376579297788,0.02378198580453389,38958,0.9968824112964672
651,/home/projects/bagon/shared/imagenet512/val/n03929855/ILSVRC2012_val_00030707.JPEG,354,224.6180877685547,0.00099945068359375,0.003296825101230029,0.9744383233313634,0.003698249316012453,38971,0.9959889627142151
652,/home/projects/bagon/shared/imagenet512/val/n02879718/ILSVRC2012_val_00047446.JPEG,268,97.93429565429688,0.0009765625,0.0025770429952726628,0.8274534564004725,0.00280003562810055,38976,0.9978087027320959
653,/home/projects/bagon/shared/imagenet512/val/n03691459/ILSVRC2012_val_00010791.JPEG,395,419.9893569946289,0.00095367431640625,0.0034887079943106396,0.9972846991578213,0.034406043827037214,39000,0.99633315910431
654,/home/projects/bagon/shared/imagenet512/val/n04612504/ILSVRC2012_val_00034363.JPEG,538,266.8104705810547,0.00099945068359375,0.004535609426916128,0.9159478051935195,0.16081878358840235,39009,0.9930593707344051
655,/home/projects/bagon/shared/imagenet512/val/n03595614/ILSVRC2012_val_00004708.JPEG,409,29.38459014892578,0.00098419189453125,0.003602064380310013,0.38855132250547997,0.04273397266288653,39024,0.9933621619201433
656,/home/projects/bagon/shared/imagenet512/val/n03481172/ILSVRC2012_val_00041876.JPEG,201,14.442852020263672,0.000934600830078125,0.0019238541831687439,0.39798621010157964,0.10256696608010152,39039,0.9974898474683732
657,/home/projects/bagon/shared/imagenet512/val/n03976657/ILSVRC2012_val_00036239.JPEG,415,125.56094741821289,0.000934600830078125,0.0038165684155237437,0.9067001063001562,0.06915909791933539,39059,0.9957411198421738
658,/home/projects/bagon/shared/imagenet512/val/n03602883/ILSVRC2012_val_00039165.JPEG,322,187.0613250732422,0.0009918212890625,0.0030206755323729058,0.9531717024380865,0.08600043949939207,39067,0.9968128702569148
659,/home/projects/bagon/shared/imagenet512/val/n04505470/ILSVRC2012_val_00001330.JPEG,474,46.41169357299805,0.000949859619140625,0.004395854473441689,0.5796449331228948,0.11819877154658351,39085,0.995721855166109
660,/home/projects/bagon/shared/imagenet512/val/n04372370/ILSVRC2012_val_00036222.JPEG,201,29.964969635009766,0.000858306884765625,0.0019106090501754456,0.6309535257347435,0.0493100466693524,39106,0.9977894037203874
661,/home/projects/bagon/shared/imagenet512/val/n02094258/ILSVRC2012_val_00013370.JPEG,464,221.72803115844727,0.000972747802734375,0.00433120081190062,0.951027981396107,0.05545217936890551,39121,0.9960196538865377
662,/home/projects/bagon/shared/imagenet512/val/n04204238/ILSVRC2012_val_00022322.JPEG,442,56.972999572753906,0.00098419189453125,0.0037916918575566214,0.8751401706455453,0.0059995728575818474,39126,0.9939572322734856
663,/home/projects/bagon/shared/imagenet512/val/n03498962/ILSVRC2012_val_00040931.JPEG,292,12.17138671875,0.00099945068359375,0.0026878313334948683,0.11305050446115496,0.013357856432233028,39144,0.9983934815111144
664,/home/projects/bagon/shared/imagenet512/val/n01873310/ILSVRC2012_val_00024992.JPEG,254,36.45063781738281,0.0009918212890625,0.002369824654420055,0.7632879913385174,0.0046597465337037125,39145,0.9970737272655289
665,/home/projects/bagon/shared/imagenet512/val/n04141076/ILSVRC2012_val_00036726.JPEG,326,3.1021385192871094,0.000942230224609375,0.0028973700721778733,0.03588227265301474,0.035397521919202896,39150,0.9972150621436948
666,/home/projects/bagon/shared/imagenet512/val/n03633091/ILSVRC2012_val_00009885.JPEG,271,98.45130920410156,0.00096893310546875,0.0025888211515817544,0.9420312830160569,0.22172309530189863,39176,0.9932514006656433
667,/home/projects/bagon/shared/imagenet512/val/n02423022/ILSVRC2012_val_00028513.JPEG,575,197.8378791809082,0.000934600830078125,0.004992770824588544,0.9550891843847429,0.01494882194177416,39221,0.9899380607705373
668,/home/projects/bagon/shared/imagenet512/val/n02085620/ILSVRC2012_val_00029289.JPEG,414,115.15901947021484,0.00098419189453125,0.003864075951991714,0.8758094719498211,0.00618688746781304,39223,0.9928499356802962
669,/home/projects/bagon/shared/imagenet512/val/n04507155/ILSVRC2012_val_00014596.JPEG,546,618.6903190612793,0.000934600830078125,0.0048481115406850085,0.9863606283744386,0.06815661672100015,39245,0.9857102319114844
670,/home/projects/bagon/shared/imagenet512/val/n01694178/ILSVRC2012_val_00028441.JPEG,434,192.94815826416016,0.00099945068359375,0.003738500412132743,0.9466959861080781,0.05316750198379608,39247,0.9887685847877645
671,/home/projects/bagon/shared/imagenet512/val/n02051845/ILSVRC2012_val_00021063.JPEG,368,276.7681427001953,0.0009765625,0.0031345869401289863,0.9785451520147912,0.1407346997512946,39255,0.9969633931015145
672,/home/projects/bagon/shared/imagenet512/val/n02999410/ILSVRC2012_val_00017121.JPEG,382,101.17524719238281,0.00089263916015625,0.0035307898294458673,0.801327213037293,0.01840795616527982,39271,0.9970235376650773
673,/home/projects/bagon/shared/imagenet512/val/n01753488/ILSVRC2012_val_00015221.JPEG,361,21.445159912109375,0.0009918212890625,0.003102753284429555,0.4213335244900205,0.01098522534527592,39273,0.9952458377391353
674,/home/projects/bagon/shared/imagenet512/val/n03494278/ILSVRC2012_val_00016322.JPEG,438,437.6771926879883,0.00083160400390625,0.003969031793912872,0.9808483146405068,0.0231338537740573,39275,0.9943246741057292
675,/home/projects/bagon/shared/imagenet512/val/n04009552/ILSVRC2012_val_00030104.JPEG,350,164.42889404296875,0.00099945068359375,0.003291716092806091,0.8891012816517366,0.16111148956953117,39310,0.99688148014478
676,/home/projects/bagon/shared/imagenet512/val/n04008634/ILSVRC2012_val_00018888.JPEG,569,96.66670989990234,0.00098419189453125,0.005069108640456092,0.570383024231858,0.059546182903102984,39311,0.9857306899392235
677,/home/projects/bagon/shared/imagenet512/val/n03063599/ILSVRC2012_val_00031746.JPEG,502,122.71088409423828,0.00098419189453125,0.0046028129527005196,0.8101586198998619,0.059174795931612345,39316,0.9952395705850572
678,/home/projects/bagon/shared/imagenet512/val/n01494475/ILSVRC2012_val_00005339.JPEG,354,74.01363372802734,0.00096893310546875,0.003011923597779803,0.9151661456281264,0.12182114952474027,39324,0.9868760930723578
679,/home/projects/bagon/shared/imagenet512/val/n04418357/ILSVRC2012_val_00020310.JPEG,510,269.92857360839844,0.00099945068359375,0.004019069036550094,0.9785517709245517,0.05223550314366371,39326,0.9890538959944118
680,/home/projects/bagon/shared/imagenet512/val/n02916936/ILSVRC2012_val_00041494.JPEG,414,872.1329040527344,0.00098419189453125,0.0035342526927779304,0.9977259147877809,0.00966446201639623,39329,0.994423027177908
681,/home/projects/bagon/shared/imagenet512/val/n03770439/ILSVRC2012_val_00031174.JPEG,267,41.079803466796875,0.00098419189453125,0.0025272157633496536,0.5481573532596435,0.05203360593157541,39341,0.9980725073641473
682,/home/projects/bagon/shared/imagenet512/val/n02095889/ILSVRC2012_val_00006701.JPEG,357,53.236083984375,0.0009613037109375,0.003338847126971977,0.7267909577020046,0.0716710711696282,39360,0.9977941101285394
683,/home/projects/bagon/shared/imagenet512/val/n07579787/ILSVRC2012_val_00023009.JPEG,368,222.6567840576172,0.00093841552734375,0.0033412995316790804,0.9791737788027105,0.007792162108961304,39369,0.9956622423944922
684,/home/projects/bagon/shared/imagenet512/val/n02113978/ILSVRC2012_val_00044767.JPEG,514,247.7259063720703,0.00098419189453125,0.004441005044957804,0.9372724672227724,0.025399986450352463,39379,0.9957647247483532
685,/home/projects/bagon/shared/imagenet512/val/n07248320/ILSVRC2012_val_00004738.JPEG,370,433.73219299316406,0.0009307861328125,0.0034924999639896126,0.9912992267860603,0.1007290944208829,39385,0.9977827433534904
686,/home/projects/bagon/shared/imagenet512/val/n03804744/ILSVRC2012_val_00016078.JPEG,296,123.2375717163086,0.00098419189453125,0.002571985730855522,0.9770050679634597,0.11790155925491164,39388,0.9961524581841003
687,/home/projects/bagon/shared/imagenet512/val/n02676566/ILSVRC2012_val_00011828.JPEG,513,182.78508758544922,0.00098419189453125,0.004682439643162087,0.8157149751202528,0.05716671730490441,39394,0.9869047897381825
688,/home/projects/bagon/shared/imagenet512/val/n03481172/ILSVRC2012_val_00015962.JPEG,311,31.24722671508789,0.000888824462890625,0.0028348770004826347,0.43641596351452766,0.02291061332146263,39397,0.9955141177106479
689,/home/projects/bagon/shared/imagenet512/val/n02107574/ILSVRC2012_val_00020550.JPEG,304,10.707874298095703,0.000972747802734375,0.002727199119531176,0.1941369357997533,0.013762555500681506,39400,0.9983879808475624
690,/home/projects/bagon/shared/imagenet512/val/n02113624/ILSVRC2012_val_00006209.JPEG,311,126.96554565429688,0.00098419189453125,0.0028249061845050127,0.9089305488663706,0.039451449216329926,39404,0.9969372240419501
691,/home/projects/bagon/shared/imagenet512/val/n13052670/ILSVRC2012_val_00008275.JPEG,425,33.937408447265625,0.00098419189453125,0.0033106415895114687,0.4872666363166619,0.023793803258545576,39412,0.997263967606221
692,/home/projects/bagon/shared/imagenet512/val/n02097047/ILSVRC2012_val_00039547.JPEG,435,260.37684631347656,0.00096893310546875,0.003924652276098564,0.9640714988319786,0.05176137434386352,39413,0.9921569995926015
693,/home/projects/bagon/shared/imagenet512/val/n03724870/ILSVRC2012_val_00039224.JPEG,329,76.930908203125,0.00099945068359375,0.0028891096068876685,0.858694065463379,0.099615582627259,39440,0.9975512518960072
694,/home/projects/bagon/shared/imagenet512/val/n03095699/ILSVRC2012_val_00049475.JPEG,529,71.9880142211914,0.0009765625,0.00403325739572002,0.6655225378037591,0.06366229284171379,39490,0.9939710977348675
695,/home/projects/bagon/shared/imagenet512/val/n04116512/ILSVRC2012_val_00007146.JPEG,286,63.90669250488281,0.0009307861328125,0.0026885953071973585,0.6505213745625702,0.1304896800813098,39501,0.9951500667547636
696,/home/projects/bagon/shared/imagenet512/val/n07880968/ILSVRC2012_val_00047830.JPEG,354,15.284927368164062,0.00093841552734375,0.003057925429930352,0.3240241017195687,0.06860797911312544,39511,0.9983434872537245
697,/home/projects/bagon/shared/imagenet512/val/n04487394/ILSVRC2012_val_00044627.JPEG,542,682.168586730957,0.0009765625,0.004465855483873175,0.9972242495639656,0.017318992832324548,39542,0.9950350992749147
698,/home/projects/bagon/shared/imagenet512/val/n03255030/ILSVRC2012_val_00010730.JPEG,402,213.3327178955078,0.000885009765625,0.0035551010573677405,0.9288204356555376,0.025075295112786333,39545,0.9945029862092237
699,/home/projects/bagon/shared/imagenet512/val/n03584254/ILSVRC2012_val_00030348.JPEG,393,64.85502243041992,0.000972747802734375,0.003506098874629627,0.8489670649289784,0.1283478294844386,39549,0.992896122271805
700,/home/projects/bagon/shared/imagenet512/val/n07565083/ILSVRC2012_val_00010286.JPEG,313,22.2998046875,0.00095367431640625,0.002711210234751764,0.6702175615221733,0.03375873820534123,39563,0.9930151281800349
701,/home/projects/bagon/shared/imagenet512/val/n03773504/ILSVRC2012_val_00012495.JPEG,653,137.1558723449707,0.000965118408203125,0.005345922357339255,0.9087033457641203,0.021120107612103978,39585,0.9923635805397497
702,/home/projects/bagon/shared/imagenet512/val/n03937543/ILSVRC2012_val_00014534.JPEG,420,56.029754638671875,0.00098419189453125,0.0036632685544526447,0.8628843638646042,0.1308375216424263,39602,0.9954292615833382
703,/home/projects/bagon/shared/imagenet512/val/n03207941/ILSVRC2012_val_00029869.JPEG,374,143.10433197021484,0.00092315673828125,0.003388799627222151,0.7900633577390732,0.019871628946910636,39605,0.9928664528115096
704,/home/projects/bagon/shared/imagenet512/val/n01682714/ILSVRC2012_val_00001931.JPEG,756,145.22447967529297,0.00093841552734375,0.006266508720954817,0.8536013729470799,0.09583918265827313,39628,0.9812439993522171
705,/home/projects/bagon/shared/imagenet512/val/n03976657/ILSVRC2012_val_00043517.JPEG,448,165.70429611206055,0.000926971435546875,0.004020409312621275,0.9352827163521811,0.287661027259486,39648,0.9941694705017438
706,/home/projects/bagon/shared/imagenet512/val/n02268443/ILSVRC2012_val_00044892.JPEG,512,46.2551383972168,0.000965118408203125,0.004682550765046062,0.5016269071678049,0.037072436040107404,39652,0.9894277050268596
707,/home/projects/bagon/shared/imagenet512/val/n03710193/ILSVRC2012_val_00045727.JPEG,279,16.656524658203125,0.00099945068359375,0.0025695663605094744,0.5725020341951348,0.10364410206913996,39661,0.9979963553985105
708,/home/projects/bagon/shared/imagenet512/val/n03028079/ILSVRC2012_val_00029870.JPEG,332,50.21974182128906,0.0009918212890625,0.003103041500101634,0.6872830397699783,0.0023925888339091095,39666,0.9959019566014028
709,/home/projects/bagon/shared/imagenet512/val/n02992211/ILSVRC2012_val_00041209.JPEG,626,80.5367660522461,0.00095367431640625,0.0055001548903302186,0.5925866338337552,0.04089694256211496,39671,0.9933567898428433
710,/home/projects/bagon/shared/imagenet512/val/n02939185/ILSVRC2012_val_00012210.JPEG,381,15.156394958496094,0.00096893310546875,0.0033264068817514736,0.211445033774382,0.08602449997973194,39682,0.9951931121061862
711,/home/projects/bagon/shared/imagenet512/val/n04507155/ILSVRC2012_val_00022988.JPEG,297,40.47593307495117,0.000911712646484375,0.002616036038262297,0.5483333842799945,0.057284988854843344,39699,0.9983696372327168
712,/home/projects/bagon/shared/imagenet512/val/n03942813/ILSVRC2012_val_00035578.JPEG,424,107.66756057739258,0.000919342041015625,0.003703703208492987,0.8642349166583054,0.03949365945983346,39703,0.9936868335469324
713,/home/projects/bagon/shared/imagenet512/val/n02089078/ILSVRC2012_val_00012293.JPEG,450,305.1355514526367,0.00099945068359375,0.004090199583823875,0.9731182748949745,0.06904379758745993,39723,0.9956151177158302
714,/home/projects/bagon/shared/imagenet512/val/n03773504/ILSVRC2012_val_00016927.JPEG,767,206.5737190246582,0.000965118408203125,0.006192333854031763,0.8021930956123217,0.13123870827229736,39739,0.9850883337195002
715,/home/projects/bagon/shared/imagenet512/val/n04467665/ILSVRC2012_val_00029961.JPEG,647,578.9414291381836,0.0009765625,0.005826278855735184,0.9843321381003552,0.08336501748735886,39765,0.9904304007513363
716,/home/projects/bagon/shared/imagenet512/val/n04317175/ILSVRC2012_val_00018591.JPEG,491,246.64257431030273,0.000911712646484375,0.004468754126833236,0.9763544770966867,0.0639822089904103,39790,0.9941304554197016
717,/home/projects/bagon/shared/imagenet512/val/n03733805/ILSVRC2012_val_00038292.JPEG,442,220.06174087524414,0.000949859619140625,0.003965657601610964,0.9722103086738669,0.022296038118176043,39798,0.9951637275023274
718,/home/projects/bagon/shared/imagenet512/val/n04311174/ILSVRC2012_val_00011156.JPEG,389,617.7306175231934,0.000965118408203125,0.0034823295998439928,0.9943463465177035,0.08376663424814978,39808,0.9896008345707682
719,/home/projects/bagon/shared/imagenet512/val/n04270147/ILSVRC2012_val_00015649.JPEG,279,75.48702239990234,0.0008697509765625,0.0025994902509974918,0.9364873234659107,0.07068108017952127,39811,0.9987642867032718
720,/home/projects/bagon/shared/imagenet512/val/n03794056/ILSVRC2012_val_00047199.JPEG,285,67.13139724731445,0.000942230224609375,0.002600339029177953,0.8250283050849434,0.009783745105059,39826,0.9977057147850337
721,/home/projects/bagon/shared/imagenet512/val/n13052670/ILSVRC2012_val_00047179.JPEG,530,213.17981719970703,0.00096893310546875,0.004206366031093445,0.9403290028640177,0.11043512769140523,39830,0.9944815715129585
722,/home/projects/bagon/shared/imagenet512/val/n02090721/ILSVRC2012_val_00013817.JPEG,317,34.6562614440918,0.000911712646484375,0.0029514662684164686,0.6380148757137553,0.06822146540956239,39834,0.9945263001306675
723,/home/projects/bagon/shared/imagenet512/val/n02747177/ILSVRC2012_val_00049367.JPEG,412,255.06434631347656,0.00095367431640625,0.0036288506637952985,0.957161539957581,0.13932520126490577,39837,0.989658054302117
724,/home/projects/bagon/shared/imagenet512/val/n03478589/ILSVRC2012_val_00049378.JPEG,565,757.1448059082031,0.00099945068359375,0.004547925201783811,0.996970774782221,0.06909543082586017,39839,0.9928332138340865
725,/home/projects/bagon/shared/imagenet512/val/n02107142/ILSVRC2012_val_00049614.JPEG,336,23.9237060546875,0.00099945068359375,0.0030700439637989323,0.48887406356470686,0.08377335555884033,39856,0.9977031721607679
726,/home/projects/bagon/shared/imagenet512/val/n07693725/ILSVRC2012_val_00013335.JPEG,236,25.50019073486328,0.0009765625,0.002205349361854921,0.5348578596532779,0.2140808196101869,39866,0.997409555128349
727,/home/projects/bagon/shared/imagenet512/val/n04204238/ILSVRC2012_val_00034721.JPEG,326,20.184852600097656,0.00099945068359375,0.0030268221243573605,0.2731231444565432,0.12185856138819409,39880,0.9966449109955856
728,/home/projects/bagon/shared/imagenet512/val/n03131574/ILSVRC2012_val_00039064.JPEG,396,90.49752426147461,0.000942230224609375,0.003459914485535368,0.6763461655437504,0.031615877479884175,39883,0.9968412248701366
729,/home/projects/bagon/shared/imagenet512/val/n03291819/ILSVRC2012_val_00038807.JPEG,289,28.374595642089844,0.00093841552734375,0.0027325158498004397,0.6809384967394747,0.05267475868451471,39888,0.9935120211351994
730,/home/projects/bagon/shared/imagenet512/val/n04127249/ILSVRC2012_val_00004233.JPEG,238,32.258544921875,0.00099945068359375,0.002215784850347112,0.8331830081978723,0.022881091356740546,39898,0.9987383208366487
731,/home/projects/bagon/shared/imagenet512/val/n01755581/ILSVRC2012_val_00034660.JPEG,521,367.18999099731445,0.000881195068359375,0.004839490643997794,0.9716791612001814,0.1398103543063894,39916,0.983297800135648
732,/home/projects/bagon/shared/imagenet512/val/n03888605/ILSVRC2012_val_00004275.JPEG,294,62.56475067138672,0.00091552734375,0.002711066732059003,0.9194961348639984,0.1634926135225811,39924,0.9972497854836792
733,/home/projects/bagon/shared/imagenet512/val/n02808440/ILSVRC2012_val_00015996.JPEG,538,137.73817443847656,0.00096893310546875,0.0045797260361778525,0.6593330057793614,0.048442505968993466,39928,0.9908407070550784
734,/home/projects/bagon/shared/imagenet512/val/n02814533/ILSVRC2012_val_00023221.JPEG,387,37.49890899658203,0.0009918212890625,0.0034776757494974614,0.5900572617515683,0.10139218477768339,39938,0.9960235277475407
735,/home/projects/bagon/shared/imagenet512/val/n03709823/ILSVRC2012_val_00012477.JPEG,382,139.73888397216797,0.0009613037109375,0.0034520544503076106,0.7890288214306126,0.04644651756593182,39945,0.9951986983041644
736,/home/projects/bagon/shared/imagenet512/val/n04347754/ILSVRC2012_val_00029680.JPEG,407,105.59304809570312,0.0009918212890625,0.0033286038068481615,0.9057875352208601,0.05899603447845375,39948,0.9905119759478376
737,/home/projects/bagon/shared/imagenet512/val/n02108422/ILSVRC2012_val_00003022.JPEG,498,135.79654693603516,0.00098419189453125,0.004386475323340409,0.8975356362537535,0.04043026689831425,39949,0.9936896495523004
738,/home/projects/bagon/shared/imagenet512/val/n03642806/ILSVRC2012_val_00045326.JPEG,506,127.84508514404297,0.00099945068359375,0.004427992137788998,0.7956778896520565,0.28053023900104407,39959,0.990768677866595
739,/home/projects/bagon/shared/imagenet512/val/n03690938/ILSVRC2012_val_00007869.JPEG,365,23.433853149414062,0.0009918212890625,0.0033908998692985448,0.4111628134094236,0.04535636993998424,39960,0.9950621809695067
740,/home/projects/bagon/shared/imagenet512/val/n04265275/ILSVRC2012_val_00047742.JPEG,361,17.244644165039062,0.00095367431640625,0.0032198772773856057,0.3849351029453236,0.042981225220597385,39983,0.9975578446470512
741,/home/projects/bagon/shared/imagenet512/val/n03759954/ILSVRC2012_val_00033438.JPEG,335,99.01063919067383,0.000942230224609375,0.0030564110009107756,0.7612013170085589,0.05162766982258976,39998,0.9966001869287989
742,/home/projects/bagon/shared/imagenet512/val/n02877765/ILSVRC2012_val_00045915.JPEG,586,144.84042358398438,0.0009918212890625,0.004701051596663644,0.9004637623009794,0.039841745526295796,40010,0.9955045565443511
743,/home/projects/bagon/shared/imagenet512/val/n03372029/ILSVRC2012_val_00008540.JPEG,453,491.4019966125488,0.000965118408203125,0.004043387547092663,0.994641586090422,0.07435057127518782,40012,0.9933275279175421
744,/home/projects/bagon/shared/imagenet512/val/n02825657/ILSVRC2012_val_00016504.JPEG,503,267.9299507141113,0.000926971435546875,0.004564679416244447,0.9678017991260532,0.08010231341461863,40023,0.9916035406392735
745,/home/projects/bagon/shared/imagenet512/val/n03534580/ILSVRC2012_val_00017825.JPEG,317,49.24085235595703,0.0009918212890625,0.0029893563257738774,0.5963447031593581,0.0721151458510721,40055,0.9976615427635307
746,/home/projects/bagon/shared/imagenet512/val/n02859443/ILSVRC2012_val_00012812.JPEG,391,145.9716682434082,0.000926971435546875,0.003672209790042773,0.9189333213182463,0.09255955957595705,40060,0.9962998458657616
747,/home/projects/bagon/shared/imagenet512/val/n02109525/ILSVRC2012_val_00030327.JPEG,420,292.2708511352539,0.00099945068359375,0.003921195507859787,0.9657496498077045,0.08548758824757619,40073,0.9920993550173908
748,/home/projects/bagon/shared/imagenet512/val/n01734418/ILSVRC2012_val_00047810.JPEG,478,241.5412254333496,0.000904083251953125,0.004027290045183238,0.9608185240988357,0.007141479749477764,40083,0.989489644512875
749,/home/projects/bagon/shared/imagenet512/val/n01704323/ILSVRC2012_val_00009035.JPEG,564,288.7222023010254,0.000942230224609375,0.004471033506427211,0.9911652182959346,0.08060199806830298,40084,0.9907783860575993
750,/home/projects/bagon/shared/imagenet512/val/n03529860/ILSVRC2012_val_00016585.JPEG,449,102.35340118408203,0.00098419189453125,0.00403796362107767,0.8750049012341722,0.04988876253493424,40096,0.9883168647610705
751,/home/projects/bagon/shared/imagenet512/val/n01749939/ILSVRC2012_val_00030360.JPEG,390,318.29819107055664,0.000972747802734375,0.0033613723735535688,0.9956210159629441,0.19108510376865953,40129,0.9949576143851491
752,/home/projects/bagon/shared/imagenet512/val/n03388549/ILSVRC2012_val_00023839.JPEG,303,17.937755584716797,0.000926971435546875,0.0025883054339262443,0.2845912531255583,0.1980561770575541,40135,0.9983099491223999
753,/home/projects/bagon/shared/imagenet512/val/n04548280/ILSVRC2012_val_00024764.JPEG,532,284.49432373046875,0.00096893310546875,0.004674511064652761,0.9693946757546255,0.05237224595911019,40145,0.9890006081300249
754,/home/projects/bagon/shared/imagenet512/val/n03950228/ILSVRC2012_val_00008882.JPEG,446,91.07402038574219,0.00099945068359375,0.003998251636287106,0.6969408735739242,0.06826550736615278,40150,0.9683505365446335
755,/home/projects/bagon/shared/imagenet512/val/n04127249/ILSVRC2012_val_00040574.JPEG,540,1172.1470184326172,0.0009918212890625,0.004448454571542992,0.9978737999165265,0.12342700351131192,40159,0.993730615440099
756,/home/projects/bagon/shared/imagenet512/val/n02672831/ILSVRC2012_val_00025574.JPEG,443,101.71099853515625,0.0009918212890625,0.003578995050598647,0.8888834870314839,0.025295835557621105,40184,0.994937713724375
757,/home/projects/bagon/shared/imagenet512/val/n02123159/ILSVRC2012_val_00041877.JPEG,382,34.38872528076172,0.00098419189453125,0.00349608476935267,0.5758982238461692,0.09575535825109899,40193,0.996779218504123
758,/home/projects/bagon/shared/imagenet512/val/n04286575/ILSVRC2012_val_00033190.JPEG,324,55.89818572998047,0.00099945068359375,0.00294657699652903,0.839816972283595,0.011201203699582774,40196,0.9978763280468435
759,/home/projects/bagon/shared/imagenet512/val/n02128757/ILSVRC2012_val_00032794.JPEG,423,128.4259147644043,0.000949859619140625,0.0033014445921973543,0.9740932493381226,0.035209238468574156,40197,0.995146493899014
760,/home/projects/bagon/shared/imagenet512/val/n04131690/ILSVRC2012_val_00034258.JPEG,571,83.88268280029297,0.00093841552734375,0.005116155833319443,0.6659443707926965,0.020856044064891888,40222,0.9886701370742838
761,/home/projects/bagon/shared/imagenet512/val/n04557648/ILSVRC2012_val_00049929.JPEG,524,390.30453872680664,0.000926971435546875,0.004870164294030912,0.9827187382884134,0.05107718077040693,40227,0.9941830070305524
762,/home/projects/bagon/shared/imagenet512/val/n02776631/ILSVRC2012_val_00049148.JPEG,522,254.14714813232422,0.00092315673828125,0.004773381788733164,0.9153861640442025,0.05902362420102103,40258,0.9877827693615365
763,/home/projects/bagon/shared/imagenet512/val/n02098286/ILSVRC2012_val_00007746.JPEG,489,422.7533874511719,0.0009765625,0.00442303210441982,0.9888515001078619,0.009447315406744206,40260,0.9872669766255456
764,/home/projects/bagon/shared/imagenet512/val/n03710721/ILSVRC2012_val_00015356.JPEG,554,165.49745178222656,0.00098419189453125,0.004839649317564512,0.8471345439648339,0.012763150148014935,40265,0.9921737809786474
765,/home/projects/bagon/shared/imagenet512/val/n02403003/ILSVRC2012_val_00016415.JPEG,294,36.67500686645508,0.000881195068359375,0.00273646077914694,0.5797573778670287,0.07487607160160614,40272,0.9977496814111304
766,/home/projects/bagon/shared/imagenet512/val/n04208210/ILSVRC2012_val_00045236.JPEG,283,52.721004486083984,0.000896453857421875,0.0026752393261668117,0.4330492980998701,0.041008489296483985,40275,0.9954689286531048
767,/home/projects/bagon/shared/imagenet512/val/n04285008/ILSVRC2012_val_00022270.JPEG,520,78.13361740112305,0.000965118408203125,0.004781139331246514,0.7296103398217916,0.05556841043776273,40283,0.9922860762861183
768,/home/projects/bagon/shared/imagenet512/val/n07753113/ILSVRC2012_val_00037431.JPEG,497,130.38538360595703,0.00098419189453125,0.003745099964526323,0.9733872673445514,0.07212317677611599,40288,0.9694998590004245
769,/home/projects/bagon/shared/imagenet512/val/n02277742/ILSVRC2012_val_00006514.JPEG,504,200.04402923583984,0.00099945068359375,0.004105182130607771,0.9693663521207405,0.08095637300721734,40299,0.9924106721804146
770,/home/projects/bagon/shared/imagenet512/val/n01910747/ILSVRC2012_val_00014456.JPEG,480,141.9815216064453,0.0009765625,0.0036940442262684255,0.9342890233451973,0.20959228817624442,40300,0.9937270939822392
771,/home/projects/bagon/shared/imagenet512/val/n01682714/ILSVRC2012_val_00028351.JPEG,507,130.9532699584961,0.0009613037109375,0.004124787628412851,0.8358841032164823,0.10797051022376591,40302,0.9906786284713601
772,/home/projects/bagon/shared/imagenet512/val/n03977966/ILSVRC2012_val_00007655.JPEG,579,151.43479919433594,0.0009918212890625,0.004876620109077198,0.878475357262072,0.017468279602674858,40346,0.9939038698201805
773,/home/projects/bagon/shared/imagenet512/val/n02226429/ILSVRC2012_val_00023570.JPEG,440,43.14312744140625,0.0009918212890625,0.003904475067715999,0.4704157638346356,0.011497115845986061,40348,0.9930359489322208
774,/home/projects/bagon/shared/imagenet512/val/n02981792/ILSVRC2012_val_00046898.JPEG,320,20.753631591796875,0.00098419189453125,0.0029326188771040783,0.30626951089742377,0.17775943478282236,40349,0.9969161727588038
775,/home/projects/bagon/shared/imagenet512/val/n02123394/ILSVRC2012_val_00001101.JPEG,439,220.8845977783203,0.00095367431640625,0.004000743601991518,0.9156372239923859,0.0737011243371298,40372,0.993487974174666
776,/home/projects/bagon/shared/imagenet512/val/n02641379/ILSVRC2012_val_00001975.JPEG,282,241.6367416381836,0.00092315673828125,0.0026704779302836905,0.9964320463071212,0.01830749260072015,40391,0.9982788998740512
777,/home/projects/bagon/shared/imagenet512/val/n02692877/ILSVRC2012_val_00013056.JPEG,422,7.410789489746094,0.0009918212890625,0.0035954714143256582,0.11247664510438368,0.042852698639211984,40393,0.9973159938709152
778,/home/projects/bagon/shared/imagenet512/val/n03887697/ILSVRC2012_val_00049441.JPEG,227,10.932289123535156,0.0009918212890625,0.0020979196746139534,0.27615690830338707,0.07414045637448474,40405,0.9965531300005738
779,/home/projects/bagon/shared/imagenet512/val/n04443257/ILSVRC2012_val_00029586.JPEG,266,35.132259368896484,0.000965118408203125,0.002574175447975899,0.6548412314607295,0.2506197646626749,40417,0.9945021971506602
780,/home/projects/bagon/shared/imagenet512/val/n07920052/ILSVRC2012_val_00044233.JPEG,408,88.3328971862793,0.000965118408203125,0.0037490104310477067,0.6117328456824392,0.019213997034648433,40431,0.99514441134983
781,/home/projects/bagon/shared/imagenet512/val/n03146219/ILSVRC2012_val_00023917.JPEG,536,324.37042236328125,0.00096893310546875,0.004444109389418624,0.9719213148888124,0.0835486723530584,40432,0.9933407267229625
782,/home/projects/bagon/shared/imagenet512/val/n04251144/ILSVRC2012_val_00035850.JPEG,577,464.8734893798828,0.0009918212890625,0.005225703097029615,0.9886468937151168,0.1097097973661263,40445,0.9872717395630612
783,/home/projects/bagon/shared/imagenet512/val/n03724870/ILSVRC2012_val_00022613.JPEG,230,20.920757293701172,0.000835418701171875,0.0022197882554441067,0.35623733488614284,0.05552993812268575,40462,0.998300757144376
784,/home/projects/bagon/shared/imagenet512/val/n02113624/ILSVRC2012_val_00005820.JPEG,472,116.01074981689453,0.0009918212890625,0.0043028421749434055,0.8989765376438433,0.04822302460482475,40494,0.9946901995922887
785,/home/projects/bagon/shared/imagenet512/val/n03476991/ILSVRC2012_val_00035008.JPEG,477,262.4849548339844,0.0009613037109375,0.004339589279488103,0.9202383746562417,0.021676652375343664,40498,0.9909781043008568
786,/home/projects/bagon/shared/imagenet512/val/n03016953/ILSVRC2012_val_00033266.JPEG,444,102.89239501953125,0.00098419189453125,0.003927344421769435,0.7527301636156584,0.02464137660031851,40507,0.9936914058016655
787,/home/projects/bagon/shared/imagenet512/val/n07932039/ILSVRC2012_val_00027665.JPEG,305,157.33273315429688,0.00099945068359375,0.0028899043771653727,0.9105351210721344,0.04311583638705152,40540,0.9964545451101982
788,/home/projects/bagon/shared/imagenet512/val/n03498962/ILSVRC2012_val_00034911.JPEG,275,35.75800323486328,0.00099945068359375,0.00260451864406908,0.4167335831167249,0.05051632191878336,40551,0.9972073135681766
789,/home/projects/bagon/shared/imagenet512/val/n02090721/ILSVRC2012_val_00017041.JPEG,414,181.53036499023438,0.0009613037109375,0.0037929129096272137,0.9190952956277655,0.045875243693851125,40599,0.9950797217602718
790,/home/projects/bagon/shared/imagenet512/val/n01740131/ILSVRC2012_val_00004587.JPEG,293,44.09764099121094,0.00095367431640625,0.002697981952805728,0.6646759735212928,0.2798708078968195,40614,0.9965205599165247
791,/home/projects/bagon/shared/imagenet512/val/n01944390/ILSVRC2012_val_00019782.JPEG,521,487.20503997802734,0.00099945068359375,0.004612253888053623,0.9887392424689397,0.09126156076626168,40627,0.9874132567813545
792,/home/projects/bagon/shared/imagenet512/val/n02930766/ILSVRC2012_val_00031878.JPEG,276,82.39295196533203,0.0009918212890625,0.0025819273497980012,0.9365118103080289,0.014080933994000483,40628,0.9980186962738681
793,/home/projects/bagon/shared/imagenet512/val/n04548362/ILSVRC2012_val_00005044.JPEG,365,249.20355224609375,0.0009613037109375,0.0034682073050803226,0.9842591293653173,0.11729804356179888,40648,0.9967659545191143
794,/home/projects/bagon/shared/imagenet512/val/n02105412/ILSVRC2012_val_00042144.JPEG,467,462.99279022216797,0.0009613037109375,0.004402069888648958,0.9848554244481077,0.09805984604072826,40649,0.9916890164585572
795,/home/projects/bagon/shared/imagenet512/val/n02814860/ILSVRC2012_val_00036801.JPEG,449,32.40070343017578,0.0009918212890625,0.0039308574164737785,0.22188872598547332,0.06358611017585258,40679,0.9956899899622824
796,/home/projects/bagon/shared/imagenet512/val/n03443371/ILSVRC2012_val_00034645.JPEG,327,47.74103927612305,0.000934600830078125,0.002964958134318089,0.8103124827439985,0.029889623089046524,40703,0.9929298865968498
797,/home/projects/bagon/shared/imagenet512/val/n03481172/ILSVRC2012_val_00045142.JPEG,289,21.8165283203125,0.000946044921875,0.00266426981426532,0.5737659811072314,0.10445324863833638,40704,0.9977629533170346
798,/home/projects/bagon/shared/imagenet512/val/n04525038/ILSVRC2012_val_00005602.JPEG,348,518.8822593688965,0.000942230224609375,0.0032692071556117723,0.9956024310684823,0.07764869033659533,40712,0.996921757336402
799,/home/projects/bagon/shared/imagenet512/val/n02105505/ILSVRC2012_val_00032099.JPEG,567,235.20748138427734,0.0009765625,0.004866090793889998,0.9450388967004371,0.014267398366806072,40719,0.9902600225611519
800,/home/projects/bagon/shared/imagenet512/val/n09332890/ILSVRC2012_val_00022291.JPEG,514,165.06195831298828,0.0009918212890625,0.004477821789344963,0.9531373091944274,0.036880507854176126,40721,0.9921017652736875
801,/home/projects/bagon/shared/imagenet512/val/n03100240/ILSVRC2012_val_00020673.JPEG,336,80.17951202392578,0.0009613037109375,0.003203250859659007,0.8011756575774216,0.05281689912847112,40726,0.9967694202818517
802,/home/projects/bagon/shared/imagenet512/val/n01980166/ILSVRC2012_val_00038606.JPEG,449,132.1016845703125,0.0009613037109375,0.0035596244825692423,0.9176006172747934,0.029297799654652346,40737,0.9923829714368327
803,/home/projects/bagon/shared/imagenet512/val/n02111277/ILSVRC2012_val_00044206.JPEG,351,112.14188385009766,0.00098419189453125,0.003087720552490133,0.8770120577341282,0.17716899024446475,40746,0.9924164270500971
804,/home/projects/bagon/shared/imagenet512/val/n03450230/ILSVRC2012_val_00024207.JPEG,353,53.977272033691406,0.0009918212890625,0.0032419526867721866,0.6771939560544058,0.04435479987664992,40747,0.9912903982442282
805,/home/projects/bagon/shared/imagenet512/val/n02114855/ILSVRC2012_val_00031197.JPEG,536,229.64934539794922,0.0009765625,0.004934644067695484,0.9321441470189464,0.02132689378798011,40768,0.9904853063003178
806,/home/projects/bagon/shared/imagenet512/val/n02978881/ILSVRC2012_val_00012205.JPEG,312,43.095672607421875,0.00098419189453125,0.00286805830952129,0.6520103768303598,0.017505020328103638,40791,0.9958660272459725
807,/home/projects/bagon/shared/imagenet512/val/n02085936/ILSVRC2012_val_00015300.JPEG,413,58.61845779418945,0.000965118408203125,0.003696080542141974,0.7506497297474991,0.09985449935315799,40803,0.9909203420604334
808,/home/projects/bagon/shared/imagenet512/val/n04152593/ILSVRC2012_val_00049455.JPEG,808,128.84917831420898,0.000957489013671875,0.006661306414521564,0.6427206052304999,0.07706190509963684,40812,0.9917443896475749
809,/home/projects/bagon/shared/imagenet512/val/n01697457/ILSVRC2012_val_00020667.JPEG,434,119.1622543334961,0.0009307861328125,0.004043934753000347,0.814458059172543,0.07451001578294544,40826,0.9891751463482528
810,/home/projects/bagon/shared/imagenet512/val/n04127249/ILSVRC2012_val_00041888.JPEG,309,167.07632446289062,0.0009918212890625,0.0028642593670579336,0.9760837303096552,0.05004960445376566,40846,0.9966907401083699
811,/home/projects/bagon/shared/imagenet512/val/n02231487/ILSVRC2012_val_00013535.JPEG,487,10.966728210449219,0.0009765625,0.0041692265122303725,0.32411627715697333,0.012965339888149408,40857,0.9943766727673061
812,/home/projects/bagon/shared/imagenet512/val/n01748264/ILSVRC2012_val_00049448.JPEG,574,400.52496337890625,0.0009918212890625,0.004724609682566012,0.9944354531786285,0.029965877496184096,40863,0.9946393648066137
813,/home/projects/bagon/shared/imagenet512/val/n04116512/ILSVRC2012_val_00047135.JPEG,363,260.5345001220703,0.00098419189453125,0.00340323128875475,0.9799672288233129,0.007529222214993692,40879,0.9961215886266438
814,/home/projects/bagon/shared/imagenet512/val/n03594734/ILSVRC2012_val_00039574.JPEG,442,301.9512634277344,0.0009765625,0.004189165051986248,0.9564963731610767,0.027457109802100255,40880,0.9929288520295965
815,/home/projects/bagon/shared/imagenet512/val/n02667093/ILSVRC2012_val_00030369.JPEG,284,45.751441955566406,0.00098419189453125,0.002770902777665843,0.8163035144782922,0.01464638378333577,40887,0.9974729938663988
816,/home/projects/bagon/shared/imagenet512/val/n02747177/ILSVRC2012_val_00012984.JPEG,439,419.67663955688477,0.000881195068359375,0.003969291498980182,0.9861206099410205,0.14770721857087382,40917,0.9940074686181718
817,/home/projects/bagon/shared/imagenet512/val/n02692877/ILSVRC2012_val_00035876.JPEG,566,410.15128326416016,0.00098419189453125,0.004582930399738322,0.993439205500765,0.06472713161538202,40919,0.9932539704618262
818,/home/projects/bagon/shared/imagenet512/val/n03709823/ILSVRC2012_val_00001860.JPEG,435,207.78430557250977,0.000957489013671875,0.003842075889395364,0.9365479888265716,0.012279742579586694,40921,0.9956138584612847
819,/home/projects/bagon/shared/imagenet512/val/n02786058/ILSVRC2012_val_00027029.JPEG,663,813.4617958068848,0.000957489013671875,0.005516339334018783,0.9948360603924521,0.02343370030603864,40935,0.9913236325966852
820,/home/projects/bagon/shared/imagenet512/val/n04532670/ILSVRC2012_val_00016295.JPEG,343,65.79944610595703,0.00096893310546875,0.002998044283369053,0.7757993786101175,0.1530415793314009,40940,0.9928147011989807
821,/home/projects/bagon/shared/imagenet512/val/n04229816/ILSVRC2012_val_00049073.JPEG,551,328.56555557250977,0.000926971435546875,0.004738247362842123,0.9218306446724557,0.06620826614614872,40980,0.9887739617672521
822,/home/projects/bagon/shared/imagenet512/val/n03314780/ILSVRC2012_val_00025164.JPEG,312,12.430191040039062,0.00099945068359375,0.0027445809937062574,0.3169565998263728,0.07458948170346194,40988,0.9970537727213015
823,/home/projects/bagon/shared/imagenet512/val/n02094114/ILSVRC2012_val_00010798.JPEG,414,60.50988006591797,0.00098419189453125,0.0038400254839540578,0.6694245473367199,0.06903995926524423,40992,0.9888297154479052
824,/home/projects/bagon/shared/imagenet512/val/n02096177/ILSVRC2012_val_00030394.JPEG,264,32.791160583496094,0.00086212158203125,0.0024908655939916108,0.5561677548014008,0.026064795113813682,40997,0.997443102710359
825,/home/projects/bagon/shared/imagenet512/val/n03063689/ILSVRC2012_val_00027273.JPEG,401,49.815208435058594,0.0009918212890625,0.003616210887515905,0.6386840151610733,0.06009380978015649,41004,0.9968457594920889
826,/home/projects/bagon/shared/imagenet512/val/n04111531/ILSVRC2012_val_00020809.JPEG,449,36.568321228027344,0.000946044921875,0.003768137064773677,0.6841849485413554,0.18719285033771482,41034,0.9958770623426801
827,/home/projects/bagon/shared/imagenet512/val/n03776460/ILSVRC2012_val_00029643.JPEG,306,30.149818420410156,0.0009765625,0.0027579826943047257,0.6577203464830166,0.16987532726654198,41080,0.9945986332719212
828,/home/projects/bagon/shared/imagenet512/val/n01558993/ILSVRC2012_val_00031273.JPEG,562,272.01688385009766,0.000885009765625,0.0050043318890728465,0.9263513374281162,0.0005167400232251873,41081,0.9944081800627583
829,/home/projects/bagon/shared/imagenet512/val/n02229544/ILSVRC2012_val_00021602.JPEG,492,405.45252990722656,0.00092315673828125,0.004076953705866745,0.9963679160907772,0.042118409945228114,41127,0.9934086685862643
830,/home/projects/bagon/shared/imagenet512/val/n04264628/ILSVRC2012_val_00023229.JPEG,557,99.42466735839844,0.00099945068359375,0.00482321466034036,0.695444582986153,0.09132860135417631,41134,0.9957817866985076
831,/home/projects/bagon/shared/imagenet512/val/n03065424/ILSVRC2012_val_00047628.JPEG,275,217.8593292236328,0.00093841552734375,0.0026401609836769584,0.975357222576927,0.0882885988386378,41146,0.9984894097272305
832,/home/projects/bagon/shared/imagenet512/val/n03773504/ILSVRC2012_val_00012289.JPEG,777,64.74695587158203,0.00099945068359375,0.00611028970772142,0.44833482627874605,0.14396413831200164,41181,0.9931038126092367
833,/home/projects/bagon/shared/imagenet512/val/n07875152/ILSVRC2012_val_00029054.JPEG,453,398.37041091918945,0.000911712646484375,0.004116043401992282,0.9938454612424602,0.04213424095224455,41186,0.9944286632690366
834,/home/projects/bagon/shared/imagenet512/val/n03014705/ILSVRC2012_val_00042636.JPEG,441,652.4109191894531,0.00099945068359375,0.0040350181141228895,0.9958987285611308,0.0028967446126788865,41198,0.9922474114645305
835,/home/projects/bagon/shared/imagenet512/val/n03476991/ILSVRC2012_val_00012907.JPEG,594,635.5994033813477,0.00084686279296875,0.005225770079624345,0.9962298934936897,0.09402550623316136,41200,0.990653758287465
836,/home/projects/bagon/shared/imagenet512/val/n02113186/ILSVRC2012_val_00049129.JPEG,576,1206.711196899414,0.0009765625,0.005045584459154543,0.9978418229744024,0.0325524878941125,41203,0.99282752112372
837,/home/projects/bagon/shared/imagenet512/val/n02087394/ILSVRC2012_val_00037577.JPEG,521,307.5342254638672,0.00098419189453125,0.00477619917825835,0.978463212033635,0.10200858583026273,41243,0.9898049244354182
838,/home/projects/bagon/shared/imagenet512/val/n02087046/ILSVRC2012_val_00013133.JPEG,414,170.888427734375,0.0009918212890625,0.003656188190095521,0.9066970011171522,0.041482956376453606,41248,0.9964959997356435
839,/home/projects/bagon/shared/imagenet512/val/n03594734/ILSVRC2012_val_00023880.JPEG,568,450.2455940246582,0.000904083251953125,0.005135044180795487,0.9831510729322052,0.08451825327910728,41253,0.9897254567159429
840,/home/projects/bagon/shared/imagenet512/val/n04523525/ILSVRC2012_val_00029349.JPEG,594,301.53282928466797,0.0009918212890625,0.004906028753896761,0.9860224769166923,0.07635668392010936,41254,0.9931399855881144
841,/home/projects/bagon/shared/imagenet512/val/n03201208/ILSVRC2012_val_00002772.JPEG,321,2.2751998901367188,0.0009765625,0.002898121001856102,0.025988865009401653,0.1913504669791876,41262,0.9976495877872895
842,/home/projects/bagon/shared/imagenet512/val/n03337140/ILSVRC2012_val_00032599.JPEG,378,257.4615249633789,0.00093841552734375,0.003442636141787281,0.9763540524475806,0.10639205272625346,41272,0.9961687684029409
843,/home/projects/bagon/shared/imagenet512/val/n03942813/ILSVRC2012_val_00014523.JPEG,360,95.28610229492188,0.0009307861328125,0.003382795860261442,0.7899797961479798,0.05887417879729978,41279,0.9953395671865864
844,/home/projects/bagon/shared/imagenet512/val/n04041544/ILSVRC2012_val_00023399.JPEG,263,10.924148559570312,0.0009918212890625,0.0024785391231500844,0.31007280500673734,0.00532181137473281,41280,0.9970659752081714
845,/home/projects/bagon/shared/imagenet512/val/n03376595/ILSVRC2012_val_00008646.JPEG,476,843.2180061340332,0.000904083251953125,0.004224853482421417,0.9979881480210385,0.0260329102784429,41290,0.9932973752842581
846,/home/projects/bagon/shared/imagenet512/val/n02797295/ILSVRC2012_val_00039627.JPEG,504,167.2210235595703,0.00098419189453125,0.004216301421943613,0.9676100607640945,0.017589009634570663,41302,0.9938407002347398
847,/home/projects/bagon/shared/imagenet512/val/n03384352/ILSVRC2012_val_00006277.JPEG,499,345.67588806152344,0.0009002685546875,0.004067387004335675,0.9931893762226611,0.11459489549969532,41310,0.995622672932818
848,/home/projects/bagon/shared/imagenet512/val/n01682714/ILSVRC2012_val_00011129.JPEG,497,51.51231384277344,0.00099945068359375,0.004307984457397278,0.695547575485893,0.11709621282927926,41315,0.9915108633545847
849,/home/projects/bagon/shared/imagenet512/val/n03838899/ILSVRC2012_val_00020624.JPEG,308,38.735511779785156,0.00098419189453125,0.002775488245902908,0.5891730796986889,0.0449724189462678,41320,0.9972149031790953
850,/home/projects/bagon/shared/imagenet512/val/n02488291/ILSVRC2012_val_00045431.JPEG,361,137.4387435913086,0.00099945068359375,0.0032537187910926745,0.9382279802128478,0.09529709153480842,41329,0.9966196196359761
851,/home/projects/bagon/shared/imagenet512/val/n02977058/ILSVRC2012_val_00023322.JPEG,385,251.49313735961914,0.000957489013671875,0.0036257126257724327,0.9737650769574625,0.08517311627714774,41392,0.9835656745293027
852,/home/projects/bagon/shared/imagenet512/val/n03255030/ILSVRC2012_val_00021820.JPEG,353,263.753173828125,0.0009307861328125,0.0030121473372285695,0.9956537815894919,0.0978731695760553,41401,0.9967494126951332
853,/home/projects/bagon/shared/imagenet512/val/n03970156/ILSVRC2012_val_00008755.JPEG,437,484.31565856933594,0.0009765625,0.003962578756549137,0.9967190951501794,0.007155374380424961,41402,0.9905796276624369
854,/home/projects/bagon/shared/imagenet512/val/n03761084/ILSVRC2012_val_00013197.JPEG,338,14.15313720703125,0.0009918212890625,0.0030634611202925268,0.2751364943259106,0.22006394402000495,41410,0.9955969498360671
855,/home/projects/bagon/shared/imagenet512/val/n03125729/ILSVRC2012_val_00033220.JPEG,404,251.89968872070312,0.00099945068359375,0.003608159236433321,0.9867665177460548,0.08085477246493522,41433,0.9940357951432868
856,/home/projects/bagon/shared/imagenet512/val/n02102177/ILSVRC2012_val_00009871.JPEG,425,339.0898857116699,0.000919342041015625,0.0037775041174381127,0.9884030746619478,0.053103489628921,41457,0.9955658674972094
857,/home/projects/bagon/shared/imagenet512/val/n07875152/ILSVRC2012_val_00019967.JPEG,400,360.1256408691406,0.0009307861328125,0.003199041774429834,0.9978248388259158,0.09067829155951115,41503,0.9969049368223143
858,/home/projects/bagon/shared/imagenet512/val/n02113186/ILSVRC2012_val_00040018.JPEG,306,28.297874450683594,0.00098419189453125,0.0028616874132801123,0.4279418705971155,0.051241260484777534,41536,0.9963433291017324
859,/home/projects/bagon/shared/imagenet512/val/n03995372/ILSVRC2012_val_00025477.JPEG,425,309.91827392578125,0.0009307861328125,0.003993140401459497,0.9707661986727949,0.021243907912019494,41539,0.9939240073038703
860,/home/projects/bagon/shared/imagenet512/val/n01728572/ILSVRC2012_val_00043966.JPEG,329,34.294612884521484,0.000965118408203125,0.0028152076465118177,0.41539559249948443,0.17422430778464643,41557,0.9935227227579855
861,/home/projects/bagon/shared/imagenet512/val/n01697457/ILSVRC2012_val_00018876.JPEG,403,193.73580932617188,0.0009918212890625,0.003500616297615208,0.8703513732922452,0.03266735794773179,41570,0.9959667729070779
862,/home/projects/bagon/shared/imagenet512/val/n01943899/ILSVRC2012_val_00045972.JPEG,368,86.34869384765625,0.0009765625,0.0030184612012575315,0.9576355849587901,0.009746298324296382,41594,0.9981582760982672
863,/home/projects/bagon/shared/imagenet512/val/n03595614/ILSVRC2012_val_00039876.JPEG,622,429.8668746948242,0.00096893310546875,0.005182905282965669,0.9959607303700684,0.1647120833350622,41602,0.9920803844354343
864,/home/projects/bagon/shared/imagenet512/val/n04467665/ILSVRC2012_val_00030427.JPEG,533,660.5670967102051,0.000949859619140625,0.004791568209787032,0.9953209931395249,0.17594014315097042,41607,0.9916241562238025
865,/home/projects/bagon/shared/imagenet512/val/n01756291/ILSVRC2012_val_00020632.JPEG,732,118.97694396972656,0.00099945068359375,0.005936934719254131,0.6670632488204689,0.0339559849468673,41610,0.9857110061187139
866,/home/projects/bagon/shared/imagenet512/val/n03014705/ILSVRC2012_val_00049689.JPEG,400,230.70463180541992,0.000957489013671875,0.0034729305356107003,0.9943771580579154,0.10194164015948981,41611,0.996428771924571
867,/home/projects/bagon/shared/imagenet512/val/n02408429/ILSVRC2012_val_00037147.JPEG,503,104.08612060546875,0.00095367431640625,0.004188504812942654,0.8473966366977923,0.038147774484613095,41632,0.9938226409954656
868,/home/projects/bagon/shared/imagenet512/val/n02930766/ILSVRC2012_val_00012182.JPEG,614,229.93876266479492,0.000949859619140625,0.005466597670375023,0.8758133470621683,0.1573776603960374,41635,0.9913567265867472
869,/home/projects/bagon/shared/imagenet512/val/n02113712/ILSVRC2012_val_00026778.JPEG,443,255.54794692993164,0.000942230224609375,0.003858074222550681,0.9902652770504912,0.08021253101028727,41639,0.9951277506058445
870,/home/projects/bagon/shared/imagenet512/val/n02807133/ILSVRC2012_val_00021386.JPEG,287,6.7857666015625,0.0009765625,0.002644089604475536,0.292498592786566,0.08361119700134362,41640,0.9978659635001064
871,/home/projects/bagon/shared/imagenet512/val/n02134084/ILSVRC2012_val_00038291.JPEG,428,39.45685577392578,0.00099945068359375,0.0036387121979863566,0.43725007327130777,0.1763420301115127,41648,0.9959593226116766
872,/home/projects/bagon/shared/imagenet512/val/n03594734/ILSVRC2012_val_00024452.JPEG,482,280.77652740478516,0.00092315673828125,0.004429342243744974,0.9456263650535219,0.04777140809048375,41673,0.9940125680354925
873,/home/projects/bagon/shared/imagenet512/val/n01773797/ILSVRC2012_val_00001987.JPEG,542,117.34633255004883,0.000942230224609375,0.004792800309884132,0.8755367330169791,0.10889965853015476,41676,0.9935772545029675
874,/home/projects/bagon/shared/imagenet512/val/n03729826/ILSVRC2012_val_00025397.JPEG,201,7.308269500732422,0.000942230224609375,0.0019574038540187883,0.17815185554787882,0.08505708303640566,41696,0.9989932674985136
875,/home/projects/bagon/shared/imagenet512/val/n02093428/ILSVRC2012_val_00045109.JPEG,397,84.87144470214844,0.00099945068359375,0.003584389400068089,0.7974608746780232,0.10620578143810872,41734,0.9957740940592195
876,/home/projects/bagon/shared/imagenet512/val/n01484850/ILSVRC2012_val_00015157.JPEG,575,184.87217712402344,0.00098419189453125,0.005108889601825538,0.8668420896431634,0.009800616559141634,41737,0.9884806312841516
877,/home/projects/bagon/shared/imagenet512/val/n03929660/ILSVRC2012_val_00013780.JPEG,415,511.3506202697754,0.000957489013671875,0.003850961454756244,0.9872473278034376,0.06728925896519117,41741,0.9956039642227726
878,/home/projects/bagon/shared/imagenet512/val/n03873416/ILSVRC2012_val_00046406.JPEG,376,121.65487670898438,0.0009765625,0.003239165575039492,0.9559091980512259,0.23614278104740583,41757,0.9943157707937206
879,/home/projects/bagon/shared/imagenet512/val/n04429376/ILSVRC2012_val_00028295.JPEG,548,195.24589920043945,0.000972747802734375,0.004180279700933316,0.924832094605096,0.10564297904033382,41761,0.9954703810901534
880,/home/projects/bagon/shared/imagenet512/val/n07920052/ILSVRC2012_val_00040661.JPEG,595,438.2447052001953,0.00098419189453125,0.005441852306927782,0.9764073264270234,0.03136773663102321,41770,0.9918234318713341
881,/home/projects/bagon/shared/imagenet512/val/n03792782/ILSVRC2012_val_00041265.JPEG,428,118.7521743774414,0.00099945068359375,0.0038358851846583904,0.8998091463424632,0.03821339189907416,41784,0.9958740754474499
882,/home/projects/bagon/shared/imagenet512/val/n04376876/ILSVRC2012_val_00028012.JPEG,571,939.7805328369141,0.0009307861328125,0.005187077169813228,0.9964133571575929,0.05651464814410487,41807,0.9809994097430274
883,/home/projects/bagon/shared/imagenet512/val/n01692333/ILSVRC2012_val_00010164.JPEG,587,738.3414154052734,0.00098419189453125,0.004834708446956553,0.9964168645414679,0.007659422787023529,41843,0.985691676868908
884,/home/projects/bagon/shared/imagenet512/val/n15075141/ILSVRC2012_val_00001079.JPEG,462,387.7504119873047,0.0009918212890625,0.004270013493365136,0.9838785240578753,0.09982866388970651,41845,0.9927112116619841
885,/home/projects/bagon/shared/imagenet512/val/n04118776/ILSVRC2012_val_00022488.JPEG,450,183.6554718017578,0.000946044921875,0.0040092222751852095,0.9459900020400417,0.033740932687138014,41846,0.9953277234433611
886,/home/projects/bagon/shared/imagenet512/val/n04590129/ILSVRC2012_val_00025610.JPEG,358,18.043277740478516,0.000972747802734375,0.003378657095348549,0.3861402458784604,0.003714797948698223,41847,0.9975031338014619
887,/home/projects/bagon/shared/imagenet512/val/n03445924/ILSVRC2012_val_00006874.JPEG,397,174.36595916748047,0.00098419189453125,0.003390257393351747,0.9733412959318533,0.08130168623844386,41868,0.9968101468881166
888,/home/projects/bagon/shared/imagenet512/val/n01644373/ILSVRC2012_val_00036293.JPEG,582,1038.167366027832,0.00098419189453125,0.004926061600909656,0.9980799943338651,0.10020849740018903,41879,0.984060311205306
889,/home/projects/bagon/shared/imagenet512/val/n03992509/ILSVRC2012_val_00043757.JPEG,302,248.4403839111328,0.0009307861328125,0.00288209693742255,0.9856878885142337,0.054168856213756444,41899,0.9974862369316929
890,/home/projects/bagon/shared/imagenet512/val/n04548362/ILSVRC2012_val_00014862.JPEG,278,194.1318130493164,0.00098419189453125,0.002655408103640418,0.9885446054945757,0.00902527225195665,41902,0.9979526577826303
891,/home/projects/bagon/shared/imagenet512/val/n01496331/ILSVRC2012_val_00037260.JPEG,343,25.64459228515625,0.00099945068359375,0.0030194752809029122,0.5729344725241895,0.0018448020322668346,41919,0.9975748125558003
892,/home/projects/bagon/shared/imagenet512/val/n03476991/ILSVRC2012_val_00045906.JPEG,434,354.7550849914551,0.000957489013671875,0.003905856608641621,0.9827749122820153,0.14397678357654015,41924,0.9940663295367603
893,/home/projects/bagon/shared/imagenet512/val/n03976657/ILSVRC2012_val_00019140.JPEG,429,190.05990982055664,0.000972747802734375,0.003893790933708363,0.94714140280963,0.07181192679930143,41929,0.9944123898509021
894,/home/projects/bagon/shared/imagenet512/val/n03485407/ILSVRC2012_val_00043726.JPEG,435,137.53949737548828,0.0009918212890625,0.0039968746126484295,0.8466782999650594,0.08430182576332995,41930,0.996447529548922
895,/home/projects/bagon/shared/imagenet512/val/n02783161/ILSVRC2012_val_00001098.JPEG,325,48.7275505065918,0.000965118408203125,0.0030908886714735868,0.601335316379688,0.019634178822799553,41933,0.9960758332434133
896,/home/projects/bagon/shared/imagenet512/val/n04311004/ILSVRC2012_val_00005791.JPEG,420,26.734458923339844,0.00095367431640625,0.003541820023231063,0.7343147011937574,0.03425448431457606,41946,0.9969479213760128
897,/home/projects/bagon/shared/imagenet512/val/n03899768/ILSVRC2012_val_00004308.JPEG,469,274.8104782104492,0.0009765625,0.004413123937103425,0.9720703187721866,0.09418865672886001,41959,0.9918927635685346
898,/home/projects/bagon/shared/imagenet512/val/n03916031/ILSVRC2012_val_00021129.JPEG,442,380.99816513061523,0.000972747802734375,0.004074575639210124,0.9662851905157391,0.03688431347085408,41972,0.9907127316790091
899,/home/projects/bagon/shared/imagenet512/val/n04579432/ILSVRC2012_val_00028072.JPEG,372,61.94628143310547,0.0009918212890625,0.003460386862931313,0.7987407798947133,0.0805323601182174,41974,0.9967578246195994
900,/home/projects/bagon/shared/imagenet512/val/n03891332/ILSVRC2012_val_00004937.JPEG,512,185.94591522216797,0.0009918212890625,0.004602363224817182,0.9503127132031516,0.09818383506657108,41983,0.9863519898606462
901,/home/projects/bagon/shared/imagenet512/val/n02099429/ILSVRC2012_val_00032181.JPEG,499,232.87056732177734,0.00098419189453125,0.004336057614380974,0.8999301530612881,0.026070902342255897,41984,0.9846619807301605
902,/home/projects/bagon/shared/imagenet512/val/n07753592/ILSVRC2012_val_00017021.JPEG,717,439.62596893310547,0.00099945068359375,0.0060785407198598145,0.9823764462240401,0.04469224626138482,42032,0.981926938641755
903,/home/projects/bagon/shared/imagenet512/val/n04592741/ILSVRC2012_val_00011343.JPEG,390,69.9206771850586,0.0009765625,0.0035330002415290746,0.8498960180950136,0.07879673659272707,42036,0.9931994357729914
904,/home/projects/bagon/shared/imagenet512/val/n02119789/ILSVRC2012_val_00016254.JPEG,263,21.011680603027344,0.00095367431640625,0.002530133855697079,0.4974766196169389,0.019640731341334955,42060,0.9982001843815526
905,/home/projects/bagon/shared/imagenet512/val/n04485082/ILSVRC2012_val_00033425.JPEG,535,221.86517715454102,0.000965118408203125,0.004743218997964535,0.9749012448829002,0.006026710634393556,42071,0.992608018762177
906,/home/projects/bagon/shared/imagenet512/val/n01693334/ILSVRC2012_val_00016778.JPEG,249,8.57461929321289,0.000957489013671875,0.0022725745950525275,0.2436754307526682,0.0986652110473823,42077,0.9846432847573706
907,/home/projects/bagon/shared/imagenet512/val/n03642806/ILSVRC2012_val_00007948.JPEG,512,84.81145477294922,0.00098419189453125,0.004211213278649429,0.6519770646064819,0.10770373150574586,42088,0.9928685045937352
908,/home/projects/bagon/shared/imagenet512/val/n03891251/ILSVRC2012_val_00013228.JPEG,352,58.26191711425781,0.0009613037109375,0.003160689437326208,0.6180548486827254,0.006386733446618803,42089,0.9960809246426946
909,/home/projects/bagon/shared/imagenet512/val/n01985128/ILSVRC2012_val_00049686.JPEG,363,91.23783874511719,0.00095367431640625,0.0031703542733634922,0.9326265214747828,0.12873874555226533,42107,0.9968029939960708
910,/home/projects/bagon/shared/imagenet512/val/n03710637/ILSVRC2012_val_00025685.JPEG,713,162.77600860595703,0.00099945068359375,0.006025389331300156,0.6820901158750298,0.021640744207850615,42116,0.989813511757427
911,/home/projects/bagon/shared/imagenet512/val/n04392985/ILSVRC2012_val_00001249.JPEG,612,178.08495330810547,0.00093841552734375,0.005276522708560162,0.7655969508325414,0.10574835355931508,42118,0.991537174002557
912,/home/projects/bagon/shared/imagenet512/val/n03633091/ILSVRC2012_val_00029666.JPEG,388,92.61646270751953,0.00096893310546875,0.00360659925194579,0.756099994352525,0.10073770967390547,42130,0.9949629521240091
913,/home/projects/bagon/shared/imagenet512/val/n04286575/ILSVRC2012_val_00049656.JPEG,498,373.0696334838867,0.00095367431640625,0.004642417937199452,0.9756074501448623,0.020344219059394264,42140,0.9967008617215444
914,/home/projects/bagon/shared/imagenet512/val/n01744401/ILSVRC2012_val_00035023.JPEG,306,61.302528381347656,0.00099945068359375,0.002744896708975357,0.823226758540028,0.04420336094094776,42153,0.9973039987579624
915,/home/projects/bagon/shared/imagenet512/val/n01667114/ILSVRC2012_val_00027877.JPEG,377,35.89628219604492,0.000919342041015625,0.003486374161832669,0.5607861549469358,0.09870895609663233,42158,0.9971912886309341
916,/home/projects/bagon/shared/imagenet512/val/n04366367/ILSVRC2012_val_00027827.JPEG,518,162.62728881835938,0.0009613037109375,0.004639072924885217,0.9262702382703236,0.07594683348613873,42162,0.9836865243862946
917,/home/projects/bagon/shared/imagenet512/val/n15075141/ILSVRC2012_val_00044368.JPEG,497,691.7881546020508,0.00098419189453125,0.004437289605787336,0.9977510253592219,0.06164587163938007,42186,0.994586043158668
918,/home/projects/bagon/shared/imagenet512/val/n04286575/ILSVRC2012_val_00034914.JPEG,422,311.46448516845703,0.00093841552734375,0.003910173251947644,0.9606040187838568,0.05252595128292603,42216,0.9810064703071362
919,/home/projects/bagon/shared/imagenet512/val/n04008634/ILSVRC2012_val_00041790.JPEG,454,42.67962646484375,0.00095367431640625,0.004011165311489124,0.597762993856123,0.10428711384169465,42222,0.994672540618521
920,/home/projects/bagon/shared/imagenet512/val/n04591713/ILSVRC2012_val_00027316.JPEG,504,589.1670074462891,0.00099945068359375,0.0043433121006092364,0.9965121599106992,0.045035399928118724,42287,0.969113344305501
921,/home/projects/bagon/shared/imagenet512/val/n04505470/ILSVRC2012_val_00041420.JPEG,456,129.31397247314453,0.0009918212890625,0.0037897196680516366,0.8625466436403583,0.0648952200402847,42294,0.9966500786896356
922,/home/projects/bagon/shared/imagenet512/val/n03529860/ILSVRC2012_val_00024939.JPEG,685,287.8466262817383,0.0009765625,0.005992753080897161,0.9569729768663024,0.07791014751700823,42304,0.9883739489563743
923,/home/projects/bagon/shared/imagenet512/val/n04548362/ILSVRC2012_val_00049758.JPEG,420,170.0958251953125,0.00099945068359375,0.0038905233772140494,0.909858396743093,0.10023351395821789,42307,0.9965474429241769
924,/home/projects/bagon/shared/imagenet512/val/n04099969/ILSVRC2012_val_00022208.JPEG,290,27.14883804321289,0.000965118408203125,0.002646944356166844,0.5905088889874633,0.0577150475883248,42346,0.9967063507427965
925,/home/projects/bagon/shared/imagenet512/val/n04461696/ILSVRC2012_val_00041448.JPEG,357,47.198822021484375,0.00099945068359375,0.0032639047963621505,0.8305482640000867,0.1006505143303742,42374,0.9963927513557654
926,/home/projects/bagon/shared/imagenet512/val/n04505470/ILSVRC2012_val_00026053.JPEG,597,162.34686660766602,0.000896453857421875,0.005358757597646247,0.8890631161013013,0.0025182518169074297,42381,0.9921680349628078
927,/home/projects/bagon/shared/imagenet512/val/n02699494/ILSVRC2012_val_00006295.JPEG,486,170.18987655639648,0.000965118408203125,0.004137382177004945,0.9375303446864158,0.007534892827842171,42415,0.9955114675076068
928,/home/projects/bagon/shared/imagenet512/val/n03792972/ILSVRC2012_val_00045315.JPEG,276,50.27436828613281,0.00099945068359375,0.002570834967903185,0.7990821237809212,0.0947121722643447,42416,0.9979059920322447
929,/home/projects/bagon/shared/imagenet512/val/n01514668/ILSVRC2012_val_00009663.JPEG,397,3.2446823120117188,0.0009765625,0.0036502026732134455,0.03292772592647039,0.008702117774710194,42424,0.9963031697299153
930,/home/projects/bagon/shared/imagenet512/val/n03481172/ILSVRC2012_val_00017376.JPEG,207,8.436206817626953,0.000972747802734375,0.0018729271528412053,0.7358299246562979,0.06270992000386685,42432,0.9976361266857718
931,/home/projects/bagon/shared/imagenet512/val/n03063689/ILSVRC2012_val_00033795.JPEG,466,109.24220275878906,0.0009918212890625,0.004135341041801455,0.7947845367509458,0.15333017202225036,42448,0.9914750543109823
932,/home/projects/bagon/shared/imagenet512/val/n04443257/ILSVRC2012_val_00022107.JPEG,337,115.64078521728516,0.0009765625,0.0031819314508472894,0.8384971067266394,0.06819109574543264,42467,0.9959100711925523
933,/home/projects/bagon/shared/imagenet512/val/n03388183/ILSVRC2012_val_00022973.JPEG,419,305.41019439697266,0.00090789794921875,0.0038973811232240786,0.9800238716590055,0.10069410832209097,42472,0.9975586900104245
934,/home/projects/bagon/shared/imagenet512/val/n04204238/ILSVRC2012_val_00035373.JPEG,354,101.59328079223633,0.000949859619140625,0.0031451204631880803,0.9378714728046068,0.21096669793551345,42473,0.9979197253419047
935,/home/projects/bagon/shared/imagenet512/val/n03924679/ILSVRC2012_val_00026874.JPEG,461,212.78508758544922,0.00096893310546875,0.0039358302635320586,0.911116233187284,0.1826259609956831,42478,0.99590834989982
936,/home/projects/bagon/shared/imagenet512/val/n04366367/ILSVRC2012_val_00017220.JPEG,617,121.5972785949707,0.000888824462890625,0.005044347588490089,0.8455900547457262,0.1155336336401129,42500,0.9910772912123944
937,/home/projects/bagon/shared/imagenet512/val/n04590129/ILSVRC2012_val_00029620.JPEG,423,131.7575454711914,0.0009613037109375,0.0036969472033324996,0.9244101543601329,0.03144906238606787,42538,0.9974222565950269
938,/home/projects/bagon/shared/imagenet512/val/n03100240/ILSVRC2012_val_00033796.JPEG,339,114.36005401611328,0.00099945068359375,0.003055648909235641,0.9570132616843604,0.19699601352371288,42539,0.9975244097754239
939,/home/projects/bagon/shared/imagenet512/val/n03400231/ILSVRC2012_val_00016201.JPEG,345,77.74435043334961,0.000972747802734375,0.0031540479686896303,0.8829397179509493,0.08238193046522807,42542,0.9883933031084845
940,/home/projects/bagon/shared/imagenet512/val/n02110806/ILSVRC2012_val_00030771.JPEG,324,86.9866828918457,0.000949859619140625,0.0030144215619901707,0.8842017072254081,0.02435537331728027,42581,0.9978299697979889
941,/home/projects/bagon/shared/imagenet512/val/n04350905/ILSVRC2012_val_00044242.JPEG,584,199.45269012451172,0.0009918212890625,0.004885170370320304,0.9248904982656577,0.021126942730409548,42603,0.9890541534848936
942,/home/projects/bagon/shared/imagenet512/val/n15075141/ILSVRC2012_val_00005846.JPEG,542,170.88526153564453,0.0009765625,0.004881980954592926,0.852897030248847,0.01587660307294772,42604,0.9899186096448502
943,/home/projects/bagon/shared/imagenet512/val/n02097474/ILSVRC2012_val_00009764.JPEG,509,124.46595764160156,0.00091552734375,0.004665968580068242,0.741270120753738,0.05833965016317608,42635,0.9927107508130913
944,/home/projects/bagon/shared/imagenet512/val/n01739381/ILSVRC2012_val_00023108.JPEG,680,479.78449630737305,0.000926971435546875,0.005523209089333832,0.9901034830086799,0.04019963926931619,42649,0.9933283668289091
945,/home/projects/bagon/shared/imagenet512/val/n04286575/ILSVRC2012_val_00009421.JPEG,391,171.00357818603516,0.0009613037109375,0.003594628453472001,0.9418639269537841,0.09569714811335961,42653,0.9949047402702367
946,/home/projects/bagon/shared/imagenet512/val/n02098286/ILSVRC2012_val_00018069.JPEG,227,58.04517364501953,0.0009918212890625,0.0021902164571583316,0.7893875028370803,0.10657110868739966,42668,0.9970433773418802
947,/home/projects/bagon/shared/imagenet512/val/n03920288/ILSVRC2012_val_00023165.JPEG,334,38.41008377075195,0.000972747802734375,0.003016867240699217,0.6565872062151189,0.010628771513878199,42672,0.9941361940494748
948,/home/projects/bagon/shared/imagenet512/val/n03804744/ILSVRC2012_val_00028170.JPEG,662,1354.9461097717285,0.000926971435546875,0.0056553587461553225,0.9981021651073905,0.031075163734569533,42675,0.9858635325145185
949,/home/projects/bagon/shared/imagenet512/val/n07718472/ILSVRC2012_val_00010447.JPEG,484,195.50428771972656,0.00081634521484375,0.003905770716626853,0.942947284689344,0.0023301813722085007,42680,0.9919833889687779
950,/home/projects/bagon/shared/imagenet512/val/n03532672/ILSVRC2012_val_00012674.JPEG,346,101.01427459716797,0.00098419189453125,0.0032884608082946135,0.8458727734546557,0.04830757072203784,42700,0.9979963721315612
951,/home/projects/bagon/shared/imagenet512/val/n02776631/ILSVRC2012_val_00007727.JPEG,303,130.30084228515625,0.00099945068359375,0.002853525182818331,0.8647281274510987,0.07283131708036766,42721,0.9962693878380251
952,/home/projects/bagon/shared/imagenet512/val/n03792782/ILSVRC2012_val_00040230.JPEG,469,440.6065368652344,0.00099945068359375,0.004169203058494917,0.9831300799785048,0.03671776639902005,42726,0.9917591495087363
953,/home/projects/bagon/shared/imagenet512/val/n01756291/ILSVRC2012_val_00011531.JPEG,563,72.30899047851562,0.0009765625,0.00483414463246965,0.587203851132806,0.03925701755479771,42735,0.9954091873722197
954,/home/projects/bagon/shared/imagenet512/val/n02091244/ILSVRC2012_val_00041573.JPEG,416,264.12596893310547,0.0009765625,0.0037264330295442944,0.9607734935999289,0.0849515761341939,42741,0.995638220007163
955,/home/projects/bagon/shared/imagenet512/val/n04392985/ILSVRC2012_val_00002564.JPEG,833,136.2863540649414,0.00091552734375,0.0068226884620078065,0.6391012221791739,0.03125266665490603,42744,0.9839955767899654
956,/home/projects/bagon/shared/imagenet512/val/n04026417/ILSVRC2012_val_00010949.JPEG,462,178.3028678894043,0.000888824462890625,0.004113847614544771,0.8769961559832449,0.12993507410954033,42748,0.9967288890131994
957,/home/projects/bagon/shared/imagenet512/val/n02109047/ILSVRC2012_val_00006834.JPEG,335,153.52141571044922,0.00096893310546875,0.0031761196101934477,0.9318780390197899,0.011294261888093876,42755,0.9976407434056026
958,/home/projects/bagon/shared/imagenet512/val/n04554684/ILSVRC2012_val_00048391.JPEG,683,540.6304016113281,0.00099945068359375,0.005631234524676189,0.9867520575595077,0.037743295579554526,42761,0.9926921981922554
959,/home/projects/bagon/shared/imagenet512/val/n02096294/ILSVRC2012_val_00016374.JPEG,473,167.7663230895996,0.000965118408203125,0.004344038698742916,0.8699100954060949,0.03190018419631713,42792,0.9944993307253623
960,/home/projects/bagon/shared/imagenet512/val/n09428293/ILSVRC2012_val_00018113.JPEG,644,319.6156921386719,0.0009307861328125,0.005295546354851545,0.9587204919181198,0.07125585881043728,42801,0.9856164237076845
961,/home/projects/bagon/shared/imagenet512/val/n03933933/ILSVRC2012_val_00026135.JPEG,500,271.3995132446289,0.00096893310546875,0.004426011788244733,0.9617487042296048,0.019581105378456976,42814,0.993513783747384
962,/home/projects/bagon/shared/imagenet512/val/n01796340/ILSVRC2012_val_00044591.JPEG,584,355.95246505737305,0.000965118408203125,0.0050567894749698515,0.9745644694098218,0.03750421085353561,42815,0.9856792033400885
963,/home/projects/bagon/shared/imagenet512/val/n01682714/ILSVRC2012_val_00023243.JPEG,571,246.5085678100586,0.0009918212890625,0.004909727747267138,0.9250500822089481,0.03841797936116717,42816,0.9926830314317298
964,/home/projects/bagon/shared/imagenet512/val/n03530642/ILSVRC2012_val_00029028.JPEG,411,235.7792510986328,0.00099945068359375,0.003271011842671291,0.971052706241677,0.1665734014358879,42837,0.9974854856006213
965,/home/projects/bagon/shared/imagenet512/val/n03424325/ILSVRC2012_val_00034204.JPEG,356,54.9798469543457,0.000904083251953125,0.003200298815669598,0.7633471973327823,0.06925681156787106,42843,0.9957709045138927
966,/home/projects/bagon/shared/imagenet512/val/n01644900/ILSVRC2012_val_00024102.JPEG,518,121.47659301757812,0.00098419189453125,0.004338833158665924,0.8306299364350138,0.1741361343394277,42852,0.9895349383605302
967,/home/projects/bagon/shared/imagenet512/val/n04204347/ILSVRC2012_val_00011855.JPEG,485,122.45870208740234,0.0009918212890625,0.004160160139293087,0.935801042619451,0.16842580439027058,42857,0.9885314686235604
968,/home/projects/bagon/shared/imagenet512/val/n03197337/ILSVRC2012_val_00009109.JPEG,300,235.92664337158203,0.00099945068359375,0.0028404892979117394,0.976109902528279,0.13069006765655156,42869,0.996174250655352
969,/home/projects/bagon/shared/imagenet512/val/n03188531/ILSVRC2012_val_00010368.JPEG,377,183.10139083862305,0.000926971435546875,0.0033863692451959154,0.9456259837941527,0.025080970335996988,42871,0.9973289988902325
970,/home/projects/bagon/shared/imagenet512/val/n04033995/ILSVRC2012_val_00011029.JPEG,592,112.91500854492188,0.0009918212890625,0.0046584910716689736,0.7310672997111446,0.18308712017039627,42872,0.9939143231497507
971,/home/projects/bagon/shared/imagenet512/val/n01955084/ILSVRC2012_val_00031321.JPEG,584,332.8870620727539,0.00093841552734375,0.004414095251023863,0.995094272925212,0.021604090991247077,42881,0.9936994025382616
972,/home/projects/bagon/shared/imagenet512/val/n01496331/ILSVRC2012_val_00015555.JPEG,517,96.40010070800781,0.0009918212890625,0.004078881832625825,0.8270697828032453,0.12188351773621642,42892,0.9923274858757548
973,/home/projects/bagon/shared/imagenet512/val/n04118538/ILSVRC2012_val_00017936.JPEG,500,670.4855728149414,0.00096893310546875,0.004496403848134131,0.9943940352427065,0.1488583636243036,42901,0.9846144755922617
974,/home/projects/bagon/shared/imagenet512/val/n01847000/ILSVRC2012_val_00026811.JPEG,650,205.29681396484375,0.00099945068359375,0.0054978478330860135,0.9442439403850068,0.17687015063618372,42904,0.990586831635154
975,/home/projects/bagon/shared/imagenet512/val/n03223299/ILSVRC2012_val_00017518.JPEG,323,4.604900360107422,0.000972747802734375,0.002983016243167463,0.12367405487866773,0.007628496027915155,42905,0.9965325522928055
976,/home/projects/bagon/shared/imagenet512/val/n02119789/ILSVRC2012_val_00047804.JPEG,301,82.0797119140625,0.0009918212890625,0.0028838127907777292,0.7814055009467084,0.03272979682079133,42921,0.9980134766099491
977,/home/projects/bagon/shared/imagenet512/val/n04461696/ILSVRC2012_val_00027753.JPEG,458,360.4842987060547,0.0009918212890625,0.004165695628152653,0.9870275055457407,0.0028522256229366882,42937,0.9947629665788646
978,/home/projects/bagon/shared/imagenet512/val/n01496331/ILSVRC2012_val_00004698.JPEG,495,95.16156768798828,0.000946044921875,0.004293226290505378,0.8426759115996947,0.009177149975666488,42944,0.9933390937275449
979,/home/projects/bagon/shared/imagenet512/val/n01641577/ILSVRC2012_val_00028113.JPEG,458,80.7025032043457,0.000965118408203125,0.004046534424644097,0.8632366261589043,0.1445294712467842,42949,0.9960180802357032
980,/home/projects/bagon/shared/imagenet512/val/n02051845/ILSVRC2012_val_00048644.JPEG,508,217.9275131225586,0.0009918212890625,0.0041886290183840765,0.9789035856490012,0.03290782972021292,42962,0.985565356016505
981,/home/projects/bagon/shared/imagenet512/val/n03223299/ILSVRC2012_val_00040733.JPEG,543,155.60101318359375,0.00095367431640625,0.0044891849033194394,0.973870008958397,0.12762890355958467,42965,0.992110411567872
982,/home/projects/bagon/shared/imagenet512/val/n03710721/ILSVRC2012_val_00010762.JPEG,772,209.58113861083984,0.00096893310546875,0.006110880764998615,0.7607432473255611,0.14579757181085368,42970,0.9934089803147652
983,/home/projects/bagon/shared/imagenet512/val/n02963159/ILSVRC2012_val_00034450.JPEG,353,242.2022476196289,0.00099945068359375,0.003336936818224535,0.9791933536139331,0.00700730693676993,42994,0.9962747421603999
984,/home/projects/bagon/shared/imagenet512/val/n04366367/ILSVRC2012_val_00044144.JPEG,456,38.575950622558594,0.00091552734375,0.0038860924605952324,0.6168727761615189,0.22593046673582184,42997,0.9920852889666003
985,/home/projects/bagon/shared/imagenet512/val/n03874293/ILSVRC2012_val_00034833.JPEG,492,774.9595947265625,0.00098419189453125,0.0035707440391644575,0.9982370072947019,0.02094252372202121,43003,0.993629317540572
986,/home/projects/bagon/shared/imagenet512/val/n04507155/ILSVRC2012_val_00002976.JPEG,505,670.0860214233398,0.00099945068359375,0.003973445169863943,0.997306544676434,0.06941266154299336,43021,0.9914262527750085
987,/home/projects/bagon/shared/imagenet512/val/n01694178/ILSVRC2012_val_00017680.JPEG,711,1362.186752319336,0.0009307861328125,0.005328471548591283,0.9983363656457883,0.054704987379820436,43028,0.9719902713544613
988,/home/projects/bagon/shared/imagenet512/val/n03803284/ILSVRC2012_val_00000277.JPEG,368,173.87796020507812,0.00098419189453125,0.003475573318489605,0.9431075504340694,0.05661881158110629,43032,0.9964821048881167
989,/home/projects/bagon/shared/imagenet512/val/n03891251/ILSVRC2012_val_00030253.JPEG,381,81.3144302368164,0.00098419189453125,0.0034793661953151822,0.8100731256175842,0.05363714505063494,43041,0.9971964747794722
990,/home/projects/bagon/shared/imagenet512/val/n03680355/ILSVRC2012_val_00008600.JPEG,336,19.479469299316406,0.00089263916015625,0.0029435141361463814,0.4428069920011133,0.10994627984296729,43056,0.9979295421655269
991,/home/projects/bagon/shared/imagenet512/val/n01689811/ILSVRC2012_val_00016357.JPEG,358,44.08995056152344,0.00099945068359375,0.0032164108802876087,0.7095447776833489,0.11915031363114284,43066,0.9960994662129506
992,/home/projects/bagon/shared/imagenet512/val/n03908618/ILSVRC2012_val_00002724.JPEG,269,27.738197326660156,0.0009918212890625,0.0025391710498151045,0.6973671420200691,0.027662563382537003,43070,0.9966466005942405
993,/home/projects/bagon/shared/imagenet512/val/n02009229/ILSVRC2012_val_00020582.JPEG,407,15.127681732177734,0.000965118408203125,0.0035711347712397033,0.4608832119120148,0.028438324467516568,43071,0.9953261056844849
994,/home/projects/bagon/shared/imagenet512/val/n02814860/ILSVRC2012_val_00009417.JPEG,473,193.24728775024414,0.000888824462890625,0.003994186228170985,0.8615725013114934,0.002562415931881612,43075,0.9907695187912182
995,/home/projects/bagon/shared/imagenet512/val/n04141076/ILSVRC2012_val_00043019.JPEG,635,526.4790077209473,0.000957489013671875,0.004950552382407995,0.9927158142374225,0.04506090589367398,43079,0.988704310377825
996,/home/projects/bagon/shared/imagenet512/val/n03950228/ILSVRC2012_val_00031108.JPEG,415,143.05127334594727,0.000942230224609375,0.003691046738514062,0.9189733033581033,0.06943728070607119,43082,0.9909582653493174
997,/home/projects/bagon/shared/imagenet512/val/n04447861/ILSVRC2012_val_00001621.JPEG,526,388.13794708251953,0.0009918212890625,0.004681135667729072,0.9852374267993671,0.010331278230413743,43087,0.9947698102888994
998,/home/projects/bagon/shared/imagenet512/val/n07836838/ILSVRC2012_val_00025087.JPEG,418,141.5008430480957,0.000949859619140625,0.00392699975340406,0.8057845827660886,0.09855549256320481,43089,0.9955361281606673
999,/home/projects/bagon/shared/imagenet512/val/n01622779/ILSVRC2012_val_00004345.JPEG,750,408.40991973876953,0.00099945068359375,0.006111045546305396,0.9916797358721026,0.11751440522211717,43093,0.9820677786559332
1000,/home/projects/bagon/shared/imagenet512/val/n03770679/ILSVRC2012_val_00048444.JPEG,407,68.5076675415039,0.0009918212890625,0.0036785673475859494,0.8325037140772134,0.0916539759647709,43102,0.9953047768079812
1001,/home/projects/bagon/shared/imagenet512/val/n03482405/ILSVRC2012_val_00028950.JPEG,425,88.87606430053711,0.000972747802734375,0.0036785610716510196,0.8864593227954329,0.10282209752394122,43118,0.9963499546634723
1002,/home/projects/bagon/shared/imagenet512/val/n03494278/ILSVRC2012_val_00028082.JPEG,646,1103.7080001831055,0.00099945068359375,0.005559807019995987,0.997770655224111,0.035198147030781946,43126,0.9868878661243251
1003,/home/projects/bagon/shared/imagenet512/val/n01981276/ILSVRC2012_val_00016333.JPEG,407,140.04719161987305,0.000881195068359375,0.0034605250016867665,0.8638546548127524,0.014940699557776438,43136,0.9967816144398168
1004,/home/projects/bagon/shared/imagenet512/val/n02916936/ILSVRC2012_val_00001043.JPEG,395,267.09619903564453,0.0009918212890625,0.0033879966469029525,0.9827903343681395,0.034323956910845055,43148,0.9969935410578408
1005,/home/projects/bagon/shared/imagenet512/val/n01986214/ILSVRC2012_val_00040059.JPEG,561,78.66892623901367,0.000965118408203125,0.004972892699544075,0.7669829711467835,0.06465529337442505,43166,0.983989491528212
1006,/home/projects/bagon/shared/imagenet512/val/n01484850/ILSVRC2012_val_00042345.JPEG,536,234.58422088623047,0.0009765625,0.004776827346995926,0.9477723370234102,0.010698724657523695,43197,0.9947514253385918
1007,/home/projects/bagon/shared/imagenet512/val/n04154565/ILSVRC2012_val_00035558.JPEG,841,1518.575252532959,0.000911712646484375,0.007329681542786403,0.9982214072844505,0.01295625446949955,43206,0.9769111908145729
1008,/home/projects/bagon/shared/imagenet512/val/n02281406/ILSVRC2012_val_00035465.JPEG,382,66.12776184082031,0.00098419189453125,0.003276264768869781,0.8450865745858929,0.03593406256293144,43246,0.9971053567614004
1009,/home/projects/bagon/shared/imagenet512/val/n01843383/ILSVRC2012_val_00038685.JPEG,396,86.03234100341797,0.000946044921875,0.0034897658742756416,0.808385194767225,0.021428539832668875,43247,0.9931985441432059
1010,/home/projects/bagon/shared/imagenet512/val/n04254777/ILSVRC2012_val_00025297.JPEG,531,562.337890625,0.0009918212890625,0.004530732867800237,0.9947242767758246,0.020306064218342024,43252,0.9861855659594403
1011,/home/projects/bagon/shared/imagenet512/val/n03250847/ILSVRC2012_val_00036841.JPEG,519,137.382568359375,0.0009765625,0.004593648421629439,0.87644791532436,0.14890063217353244,43265,0.9928873734168164
1012,/home/projects/bagon/shared/imagenet512/val/n03063599/ILSVRC2012_val_00025230.JPEG,606,363.1825485229492,0.0009765625,0.005321334159830613,0.9669956817379629,0.021211643365453364,43272,0.9930333068637748
1013,/home/projects/bagon/shared/imagenet512/val/n02119789/ILSVRC2012_val_00005613.JPEG,338,25.20948028564453,0.0009765625,0.0031340516887778253,0.5918903296940518,0.1766972072508748,43285,0.9977110192759395
1014,/home/projects/bagon/shared/imagenet512/val/n02916936/ILSVRC2012_val_00023905.JPEG,316,74.62252044677734,0.00099945068359375,0.0029150563093943574,0.7662356441822668,0.12633255782896546,43302,0.9970676336267421
1015,/home/projects/bagon/shared/imagenet512/val/n03196217/ILSVRC2012_val_00032946.JPEG,598,438.80694580078125,0.00089263916015625,0.005190815508896287,0.9797569309896182,0.20828399238335826,43309,0.9888510630989255
1016,/home/projects/bagon/shared/imagenet512/val/n13133613/ILSVRC2012_val_00027902.JPEG,459,162.54252243041992,0.000957489013671875,0.004130280703513682,0.9240582570880446,0.11603745914382763,43330,0.9949845862670149
1017,/home/projects/bagon/shared/imagenet512/val/n10148035/ILSVRC2012_val_00046796.JPEG,419,116.27232360839844,0.00098419189453125,0.0033539168476707875,0.9534921790153007,0.05427354735453571,43336,0.9976248610154765
1018,/home/projects/bagon/shared/imagenet512/val/n02107312/ILSVRC2012_val_00034324.JPEG,486,293.9436721801758,0.00095367431640625,0.004369175280728182,0.9747300417872551,0.008402710650904532,43353,0.9903351946057338
1019,/home/projects/bagon/shared/imagenet512/val/n07584110/ILSVRC2012_val_00031301.JPEG,402,152.03983688354492,0.000949859619140625,0.003671941771151703,0.906449327687828,0.008977938376317801,43370,0.9961027099639785
1020,/home/projects/bagon/shared/imagenet512/val/n03832673/ILSVRC2012_val_00025240.JPEG,433,49.59815216064453,0.00099945068359375,0.003966573067412173,0.48245932551858745,0.10368829502986171,43383,0.9963815435493237
1021,/home/projects/bagon/shared/imagenet512/val/n02859443/ILSVRC2012_val_00018440.JPEG,380,71.61962509155273,0.000934600830078125,0.0034586469625542157,0.5759392957671691,0.0753182730257177,43400,0.9964109529913185
1022,/home/projects/bagon/shared/imagenet512/val/n04552348/ILSVRC2012_val_00028234.JPEG,372,29.972206115722656,0.000946044921875,0.003175521058904958,0.5801370907471388,0.11039221456853437,43401,0.9976316533709392
1023,/home/projects/bagon/shared/imagenet512/val/n01945685/ILSVRC2012_val_00003601.JPEG,745,729.8429107666016,0.00099945068359375,0.005854242528397674,0.9975332126912232,0.032301501964911994,43406,0.9804445649062484
1024,/home/projects/bagon/shared/imagenet512/val/n04428191/ILSVRC2012_val_00025954.JPEG,477,99.6701545715332,0.000949859619140625,0.00435518273143404,0.7604688503867626,0.040111181767882365,43415,0.9955643647313434
1025,/home/projects/bagon/shared/imagenet512/val/n03000134/ILSVRC2012_val_00026866.JPEG,380,240.16038131713867,0.000865936279296875,0.0034269045949866534,0.9874579864908051,0.05780752115723936,43437,0.9941039929633982
1026,/home/projects/bagon/shared/imagenet512/val/n03832673/ILSVRC2012_val_00016670.JPEG,625,226.0323715209961,0.00092315673828125,0.005467938665282658,0.9310193010550348,0.15685513998956502,43444,0.9831873478359844
1027,/home/projects/bagon/shared/imagenet512/val/n03724870/ILSVRC2012_val_00009544.JPEG,372,30.254493713378906,0.0009918212890625,0.003346552310120078,0.5984236894875803,0.05484702436502423,43451,0.9971353211444535
1028,/home/projects/bagon/shared/imagenet512/val/n07717410/ILSVRC2012_val_00042721.JPEG,750,340.2479553222656,0.00099945068359375,0.005838883882338479,0.9728369496530267,0.029388301309911796,43462,0.9606589085484051
1029,/home/projects/bagon/shared/imagenet512/val/n02107908/ILSVRC2012_val_00035437.JPEG,317,23.624000549316406,0.00095367431640625,0.0029783393945377323,0.5650812898871245,0.02067893384261149,43464,0.9971177404436735
1030,/home/projects/bagon/shared/imagenet512/val/n02410509/ILSVRC2012_val_00033952.JPEG,611,680.0403289794922,0.0009765625,0.004945046866847477,0.9967495539973712,0.1933214601873094,43484,0.9853351685862307
1031,/home/projects/bagon/shared/imagenet512/val/n04179913/ILSVRC2012_val_00010108.JPEG,533,209.48104858398438,0.0009918212890625,0.0044352787436611986,0.9471496695778329,0.045535978702036906,43538,0.9956766808265521
1032,/home/projects/bagon/shared/imagenet512/val/n07836838/ILSVRC2012_val_00044759.JPEG,279,50.54962921142578,0.00098419189453125,0.0024301889897925524,0.876885180397989,0.0539149699067093,43543,0.9982486886448356
1033,/home/projects/bagon/shared/imagenet512/val/n07590611/ILSVRC2012_val_00046256.JPEG,305,42.411354064941406,0.00099945068359375,0.002855544453584852,0.6928656513022116,0.008069802395119813,43544,0.997224878627441
1034,/home/projects/bagon/shared/imagenet512/val/n04370456/ILSVRC2012_val_00011887.JPEG,357,140.54478073120117,0.000904083251953125,0.003292064171755481,0.9616033349122526,0.05743808793969146,43554,0.9968343975931941
1035,/home/projects/bagon/shared/imagenet512/val/n04435653/ILSVRC2012_val_00000914.JPEG,505,248.0917739868164,0.00099945068359375,0.003954477611441283,0.9752273947015764,0.10642756475946885,43597,0.9920853479583073
1036,/home/projects/bagon/shared/imagenet512/val/n04235860/ILSVRC2012_val_00006729.JPEG,330,394.3064727783203,0.00091552734375,0.0029983873269295736,0.987654703855394,0.15296919657179836,43607,0.9958679066884377
1037,/home/projects/bagon/shared/imagenet512/val/n03125729/ILSVRC2012_val_00035092.JPEG,381,43.364532470703125,0.00098419189453125,0.003648871015130147,0.5710392997004348,0.02550389318248139,43634,0.9970416193427334
1038,/home/projects/bagon/shared/imagenet512/val/n02100877/ILSVRC2012_val_00034851.JPEG,436,297.6707572937012,0.000957489013671875,0.004037476892319411,0.9824556443125639,0.0016490849053082957,43643,0.9955814126371205
1039,/home/projects/bagon/shared/imagenet512/val/n02095314/ILSVRC2012_val_00027245.JPEG,399,122.05393981933594,0.0009765625,0.0036702093419135316,0.8435903546442078,0.03695541654579859,43652,0.9844400480535436
1040,/home/projects/bagon/shared/imagenet512/val/n03793489/ILSVRC2012_val_00031394.JPEG,442,267.0482940673828,0.00099945068359375,0.004162063271071314,0.9514843943857719,0.05342654880461878,43655,0.9933448671362822
1041,/home/projects/bagon/shared/imagenet512/val/n03089624/ILSVRC2012_val_00036515.JPEG,221,9.679443359375,0.00090789794921875,0.002130939448987171,0.3559422596909513,0.0218482607046587,43675,0.9978999149705975
1042,/home/projects/bagon/shared/imagenet512/val/n04482393/ILSVRC2012_val_00008268.JPEG,335,115.09349060058594,0.00096893310546875,0.0030789414283844073,0.9440367067550063,0.09573856426840865,43700,0.9978002948549198
1043,/home/projects/bagon/shared/imagenet512/val/n03595614/ILSVRC2012_val_00013803.JPEG,457,83.3724136352539,0.0009307861328125,0.003953882095272831,0.8818449514536951,0.07815597483052678,43703,0.9961876539254686
1044,/home/projects/bagon/shared/imagenet512/val/n04228054/ILSVRC2012_val_00018348.JPEG,488,137.59701919555664,0.000972747802734375,0.004221686490353847,0.7926374227139917,0.2246405872650024,43728,0.9914418515222835
1045,/home/projects/bagon/shared/imagenet512/val/n03032252/ILSVRC2012_val_00012487.JPEG,468,559.5652847290039,0.0009765625,0.0040611924607916825,0.9939985100188834,0.02668390025984807,43749,0.9972318861396748
1046,/home/projects/bagon/shared/imagenet512/val/n03908714/ILSVRC2012_val_00036946.JPEG,444,460.5416793823242,0.0009918212890625,0.0040302958942015745,0.983620155134153,0.07393011364899571,43752,0.9961834602624011
1047,/home/projects/bagon/shared/imagenet512/val/n02094433/ILSVRC2012_val_00034082.JPEG,367,25.789901733398438,0.000946044921875,0.0034149204645526,0.3847445247418776,0.043258554837455776,43775,0.9980060911966383
1048,/home/projects/bagon/shared/imagenet512/val/n04355933/ILSVRC2012_val_00014720.JPEG,434,120.22635650634766,0.00098419189453125,0.00403317090117035,0.870153954162296,0.02525141183852242,43791,0.9939256608348987
1049,/home/projects/bagon/shared/imagenet512/val/n02504458/ILSVRC2012_val_00047540.JPEG,358,55.46588134765625,0.0008392333984375,0.003364715551333028,0.6937201670232898,0.04828970879562158,43813,0.9956683573951434
1050,/home/projects/bagon/shared/imagenet512/val/n03759954/ILSVRC2012_val_00035325.JPEG,459,702.4691009521484,0.00098419189453125,0.0035448339787514365,0.9987113017716229,0.14398418927804862,43829,0.9943829376816374
1051,/home/projects/bagon/shared/imagenet512/val/n03657121/ILSVRC2012_val_00043055.JPEG,686,943.3449096679688,0.0009918212890625,0.005716953867363942,0.9962375981319345,0.07483219047118866,43830,0.9881650826024869
1052,/home/projects/bagon/shared/imagenet512/val/n03388043/ILSVRC2012_val_00017412.JPEG,443,519.3081855773926,0.000972747802734375,0.00387676916392773,0.9945078044754407,0.04425552880617889,43855,0.9933510079597284
1053,/home/projects/bagon/shared/imagenet512/val/n02692877/ILSVRC2012_val_00015935.JPEG,439,2.7558326721191406,0.000972747802734375,0.003774370605970743,0.02914212304578948,0.34266213452267136,43870,0.996335376509089
1054,/home/projects/bagon/shared/imagenet512/val/n01687978/ILSVRC2012_val_00035717.JPEG,597,141.30516815185547,0.0009918212890625,0.004842000404005497,0.9174203442226626,0.003087997559588107,43878,0.9860439138201611
1055,/home/projects/bagon/shared/imagenet512/val/n03782006/ILSVRC2012_val_00009529.JPEG,652,178.1450958251953,0.0009765625,0.005533507458169227,0.8734620740373737,0.254637152116453,43885,0.9822514363635048
1056,/home/projects/bagon/shared/imagenet512/val/n07802026/ILSVRC2012_val_00042652.JPEG,364,86.1966438293457,0.000965118408203125,0.003067816163419316,0.9688547027057255,0.12035487553660057,43902,0.996046810730305
1057,/home/projects/bagon/shared/imagenet512/val/n02018795/ILSVRC2012_val_00044694.JPEG,596,542.2787666320801,0.000881195068359375,0.005114878167115494,0.9919915820847516,0.08622581942399746,43928,0.993044664497921
1058,/home/projects/bagon/shared/imagenet512/val/n07875152/ILSVRC2012_val_00003969.JPEG,581,854.6232223510742,0.00099945068359375,0.005166381980063754,0.9945503738270572,0.042305506741749044,43936,0.9866673912368417
1059,/home/projects/bagon/shared/imagenet512/val/n03961711/ILSVRC2012_val_00011608.JPEG,428,333.62255096435547,0.00089263916015625,0.0038857511652280624,0.9642769644020714,0.12135080677318283,43945,0.9918588761474628
1060,/home/projects/bagon/shared/imagenet512/val/n04462240/ILSVRC2012_val_00046337.JPEG,409,151.33679580688477,0.000911712646484375,0.003687672606040821,0.9382205803650018,0.06862429526951405,43952,0.9962927568552759
1061,/home/projects/bagon/shared/imagenet512/val/n03980874/ILSVRC2012_val_00039869.JPEG,385,287.00342178344727,0.000896453857421875,0.0036004407600850824,0.9578293459674743,0.06443119861557939,43977,0.9892307981027739
1062,/home/projects/bagon/shared/imagenet512/val/n04483307/ILSVRC2012_val_00014691.JPEG,558,81.13302993774414,0.000965118408203125,0.004654971083503207,0.659293781694163,0.014032508689592882,44017,0.9954619527065282
1063,/home/projects/bagon/shared/imagenet512/val/n04116512/ILSVRC2012_val_00030821.JPEG,349,260.6400909423828,0.00092315673828125,0.0031834562472174725,0.9748952021043201,0.11887432741904361,44047,0.9956817905510653
1064,/home/projects/bagon/shared/imagenet512/val/n03692522/ILSVRC2012_val_00033610.JPEG,333,569.2523040771484,0.000946044921875,0.003180252507624254,0.9956535486852458,0.04119268947011456,44056,0.9959458544122987
1065,/home/projects/bagon/shared/imagenet512/val/n01773549/ILSVRC2012_val_00028677.JPEG,412,96.46014404296875,0.0009918212890625,0.0038107954364789277,0.7101935714674082,0.012668412984844918,44060,0.995125080593765
1066,/home/projects/bagon/shared/imagenet512/val/n03595614/ILSVRC2012_val_00000282.JPEG,344,97.08170318603516,0.0009918212890625,0.002848245213126922,0.9193643668216336,0.06244672616675673,44070,0.996784623945395
1067,/home/projects/bagon/shared/imagenet512/val/n04579432/ILSVRC2012_val_00031012.JPEG,458,464.9843521118164,0.00098419189453125,0.0041711024589871715,0.9926308178240504,0.16670851358272093,44109,0.9953028879252437
1068,/home/projects/bagon/shared/imagenet512/val/n03476684/ILSVRC2012_val_00010530.JPEG,359,256.5550537109375,0.0009918212890625,0.0033410786581984505,0.9860589703991665,0.027071701549541416,44130,0.9971994219711379
1069,/home/projects/bagon/shared/imagenet512/val/n01665541/ILSVRC2012_val_00000938.JPEG,679,719.8624420166016,0.00093841552734375,0.005444038718141901,0.994635711811861,0.060814417241378704,44136,0.9764301011404315
1070,/home/projects/bagon/shared/imagenet512/val/n07745940/ILSVRC2012_val_00012371.JPEG,438,99.10433959960938,0.00099945068359375,0.003734120192421941,0.8628998955430566,0.12276104543511954,44154,0.9946571003774506
1071,/home/projects/bagon/shared/imagenet512/val/n03777754/ILSVRC2012_val_00034423.JPEG,309,62.917205810546875,0.00098419189453125,0.002891697342503155,0.7248184152792371,0.18274729531504508,44163,0.9984240465309372
1072,/home/projects/bagon/shared/imagenet512/val/n03527444/ILSVRC2012_val_00018385.JPEG,588,936.8156509399414,0.0009918212890625,0.004886961538423865,0.9960258836444932,0.004961536341930861,44168,0.9917114785406261
1073,/home/projects/bagon/shared/imagenet512/val/n02879718/ILSVRC2012_val_00014440.JPEG,358,466.8849334716797,0.00095367431640625,0.003268998549581682,0.9963630376916496,0.019288168733532396,44177,0.9971867423100533
1074,/home/projects/bagon/shared/imagenet512/val/n04428191/ILSVRC2012_val_00026435.JPEG,350,71.40827941894531,0.0009765625,0.0032937953359781233,0.8382925659804731,0.020198096672661592,44189,0.9971225699631926
1075,/home/projects/bagon/shared/imagenet512/val/n03530642/ILSVRC2012_val_00004681.JPEG,646,1815.8570518493652,0.000911712646484375,0.005005294924606202,0.9986821155729367,0.12268745677044487,44190,0.9944873344080688
1076,/home/projects/bagon/shared/imagenet512/val/n02109961/ILSVRC2012_val_00017529.JPEG,502,101.16410827636719,0.00098419189453125,0.004240092966128912,0.9212301546535723,0.07727031873906656,44215,0.9879171023871254
1077,/home/projects/bagon/shared/imagenet512/val/n03498962/ILSVRC2012_val_00033954.JPEG,513,700.6752166748047,0.00098419189453125,0.0046572865601327024,0.9957172751834408,0.024465168932102627,44220,0.9896146386461788
1078,/home/projects/bagon/shared/imagenet512/val/n03223299/ILSVRC2012_val_00020689.JPEG,245,45.084007263183594,0.00099945068359375,0.0023536848684731428,0.818903916028161,0.1719801411205991,44238,0.9977476814436637
1079,/home/projects/bagon/shared/imagenet512/val/n03476991/ILSVRC2012_val_00046358.JPEG,529,571.9004058837891,0.00099945068359375,0.004877937864273411,0.9878591476647246,0.012799892606210783,44240,0.9958733133026887
1080,/home/projects/bagon/shared/imagenet512/val/n07836838/ILSVRC2012_val_00043225.JPEG,437,935.2015991210938,0.00096893310546875,0.003665101444268661,0.9987822035255377,0.09770192312866677,44246,0.9964525216765941
1081,/home/projects/bagon/shared/imagenet512/val/n04270147/ILSVRC2012_val_00012069.JPEG,264,25.597789764404297,0.000934600830078125,0.0024444843151862155,0.5262893849977305,0.032237781655816644,44248,0.9978015445103553
1082,/home/projects/bagon/shared/imagenet512/val/n09399592/ILSVRC2012_val_00022008.JPEG,587,233.50873565673828,0.00099945068359375,0.0047760590145244025,0.9424944342555437,0.14703358397740823,44250,0.9939889599994977
1083,/home/projects/bagon/shared/imagenet512/val/n02088238/ILSVRC2012_val_00017892.JPEG,383,8.481033325195312,0.00098419189453125,0.003434823424542277,0.08389332117019375,0.05120096921033679,44254,0.9975347013524649
1084,/home/projects/bagon/shared/imagenet512/val/n02134084/ILSVRC2012_val_00017605.JPEG,566,534.366584777832,0.00099945068359375,0.004477921496442236,0.9951999948110155,0.021218813601540792,44261,0.9886769868117317
1085,/home/projects/bagon/shared/imagenet512/val/n07684084/ILSVRC2012_val_00001315.JPEG,562,399.0857810974121,0.000949859619140625,0.004962626639802718,0.9824857688894022,0.010840020003188067,44280,0.9886233217657998
1086,/home/projects/bagon/shared/imagenet512/val/n02114367/ILSVRC2012_val_00015465.JPEG,335,84.13236236572266,0.00098419189453125,0.003009272727164359,0.7975433854575904,0.13304286798715376,44305,0.9973291221144384
1087,/home/projects/bagon/shared/imagenet512/val/n04560804/ILSVRC2012_val_00013956.JPEG,276,81.4230728149414,0.00090789794921875,0.0026349139045740953,0.8491333241974909,0.041637786059083526,44308,0.9954261806403685
1088,/home/projects/bagon/shared/imagenet512/val/n04591157/ILSVRC2012_val_00010905.JPEG,609,1325.299087524414,0.00096893310546875,0.00535215779842921,0.9984302688975558,0.12094015787917911,44317,0.9794001629855276
1089,/home/projects/bagon/shared/imagenet512/val/n02981792/ILSVRC2012_val_00043754.JPEG,373,34.4276123046875,0.00098419189453125,0.003459018712752342,0.6447470566254048,0.05804714034369729,44321,0.9912744529666183
1090,/home/projects/bagon/shared/imagenet512/val/n03452741/ILSVRC2012_val_00010946.JPEG,622,503.42384338378906,0.0009765625,0.005041567624489597,0.9891199233116108,0.031441830546469374,44344,0.9912671653585292
1091,/home/projects/bagon/shared/imagenet512/val/n02120505/ILSVRC2012_val_00019480.JPEG,369,177.34479522705078,0.00099945068359375,0.003358847985582676,0.9343287748736824,0.017979236540305032,44380,0.9962430385292451
1092,/home/projects/bagon/shared/imagenet512/val/n04049303/ILSVRC2012_val_00017774.JPEG,445,67.88375854492188,0.0009918212890625,0.003988876146886722,0.790521765681893,0.07603916234311664,44406,0.9941267850776484
1093,/home/projects/bagon/shared/imagenet512/val/n02100236/ILSVRC2012_val_00009453.JPEG,376,96.50026321411133,0.000972747802734375,0.0033634396511911914,0.8508689313162318,0.025197643240522427,44423,0.9968838748409021
1094,/home/projects/bagon/shared/imagenet512/val/n03000684/ILSVRC2012_val_00019137.JPEG,405,445.7728462219238,0.000972747802734375,0.0035643960848944093,0.9948226799480563,0.06274207045583546,44424,0.9944183104910874
1095,/home/projects/bagon/shared/imagenet512/val/n04336792/ILSVRC2012_val_00019974.JPEG,344,135.16980743408203,0.0009765625,0.0032197780424963124,0.9395077170304784,0.019577753379291962,44440,0.9964513163548462
1096,/home/projects/bagon/shared/imagenet512/val/n04376876/ILSVRC2012_val_00021049.JPEG,361,400.0513572692871,0.000949859619140625,0.003305428334064141,0.9954468966322858,0.008897528423874812,44452,0.9964188770176249
1097,/home/projects/bagon/shared/imagenet512/val/n02974003/ILSVRC2012_val_00000085.JPEG,597,328.5367202758789,0.0009918212890625,0.005275361340081691,0.94770296645369,0.0568936458189751,44454,0.9941593757751009
1098,/home/projects/bagon/shared/imagenet512/val/n03291819/ILSVRC2012_val_00034999.JPEG,354,192.07089233398438,0.00098419189453125,0.003283423842074064,0.946416232970692,0.0019003327832156636,44456,0.996437506226258
1099,/home/projects/bagon/shared/imagenet512/val/n01978455/ILSVRC2012_val_00026314.JPEG,361,147.12564849853516,0.00099945068359375,0.003271614213567901,0.958786582695072,0.1059459992946303,44461,0.9973638123064836
1100,/home/projects/bagon/shared/imagenet512/val/n02226429/ILSVRC2012_val_00007589.JPEG,499,193.6259307861328,0.00099945068359375,0.004288882021014897,0.9128748959655414,0.06337110008751112,44467,0.9963555007184703
1101,/home/projects/bagon/shared/imagenet512/val/n02504013/ILSVRC2012_val_00014219.JPEG,420,78.2107925415039,0.0009918212890625,0.0038868545847448852,0.6092558848051974,0.010600145899910374,44497,0.9926936039783342
1102,/home/projects/bagon/shared/imagenet512/val/n01770081/ILSVRC2012_val_00020462.JPEG,602,172.6816177368164,0.00096893310546875,0.004739269152492259,0.9467172612099046,0.04759686514428063,44499,0.9727912648149439
1103,/home/projects/bagon/shared/imagenet512/val/n03891251/ILSVRC2012_val_00005510.JPEG,288,15.855087280273438,0.00099945068359375,0.0025627120050763963,0.33559854482376084,0.01680067929297374,44512,0.9967180901779654
1104,/home/projects/bagon/shared/imagenet512/val/n02408429/ILSVRC2012_val_00013548.JPEG,370,82.67842864990234,0.00099945068359375,0.0031618977818192446,0.8955634820801631,0.14473044839076435,44534,0.9967929183817903
1105,/home/projects/bagon/shared/imagenet512/val/n03970156/ILSVRC2012_val_00024638.JPEG,668,817.849967956543,0.00099945068359375,0.005826616394787162,0.9949728587368079,0.008017342716330839,44535,0.9883381504347342
1106,/home/projects/bagon/shared/imagenet512/val/n01693334/ILSVRC2012_val_00026626.JPEG,901,780.4693298339844,0.00099945068359375,0.006863197460736748,0.9925269396643974,0.1809655847303927,44553,0.9658895212767581
1107,/home/projects/bagon/shared/imagenet512/val/n04493381/ILSVRC2012_val_00048028.JPEG,767,324.60365295410156,0.00096893310546875,0.00643932662340583,0.9350923409076264,0.034110630222686456,44574,0.9921288559028133
1108,/home/projects/bagon/shared/imagenet512/val/n04286575/ILSVRC2012_val_00002856.JPEG,409,576.3648300170898,0.00099945068359375,0.003627465368146327,0.9979690629482638,0.061713939425303094,44581,0.9959472386527101
1109,/home/projects/bagon/shared/imagenet512/val/n04154565/ILSVRC2012_val_00048695.JPEG,511,246.48954010009766,0.000946044921875,0.004615132649218138,0.9640834972811129,0.07737570370365127,44587,0.9877279207208323
1110,/home/projects/bagon/shared/imagenet512/val/n03032252/ILSVRC2012_val_00022304.JPEG,305,117.05452728271484,0.00099945068359375,0.002671245671662473,0.9017764991161289,0.09877811050242014,44592,0.998041310049489
1111,/home/projects/bagon/shared/imagenet512/val/n03970156/ILSVRC2012_val_00047886.JPEG,745,959.1436462402344,0.0009613037109375,0.0063444035791671285,0.9959099415733481,0.018617844173744735,44602,0.9933131707033177
1112,/home/projects/bagon/shared/imagenet512/val/n03457902/ILSVRC2012_val_00041313.JPEG,499,817.6619110107422,0.00096893310546875,0.00407401856342632,0.9984960947323372,0.0943399059540515,44611,0.9937519542258851
1113,/home/projects/bagon/shared/imagenet512/val/n03733805/ILSVRC2012_val_00035975.JPEG,436,56.184661865234375,0.00095367431640625,0.003694063779268245,0.7943374528161286,0.0844889925031859,44619,0.9955368240853668
1114,/home/projects/bagon/shared/imagenet512/val/n03871628/ILSVRC2012_val_00008492.JPEG,543,1828.3475341796875,0.00095367431640625,0.004581676077924745,0.9991568542682627,0.05746868043084147,44639,0.9749074577759451
1115,/home/projects/bagon/shared/imagenet512/val/n03075370/ILSVRC2012_val_00020842.JPEG,295,7.063697814941406,0.000946044921875,0.002699117431149974,0.10860266368567582,0.011545948246580645,44641,0.9961210500814164
1116,/home/projects/bagon/shared/imagenet512/val/n03873416/ILSVRC2012_val_00039481.JPEG,406,99.68000793457031,0.00090789794921875,0.003768216220607799,0.7890293814411732,0.08384061604182277,44657,0.9977567028069326
1117,/home/projects/bagon/shared/imagenet512/val/n04330267/ILSVRC2012_val_00019610.JPEG,305,347.8302459716797,0.00099945068359375,0.0028923867186110095,0.9900019691028455,0.0653698952641946,44686,0.9969705734855813
1118,/home/projects/bagon/shared/imagenet512/val/n02916936/ILSVRC2012_val_00020142.JPEG,339,170.2869873046875,0.00095367431640625,0.003165262003216469,0.8390572739731206,0.03984018008249515,44691,0.9970808187142717
1119,/home/projects/bagon/shared/imagenet512/val/n03630383/ILSVRC2012_val_00040554.JPEG,458,201.62338638305664,0.000965118408203125,0.004049149996791008,0.9849387697215664,0.04714598209102583,44701,0.9964229018435187
1120,/home/projects/bagon/shared/imagenet512/val/n01873310/ILSVRC2012_val_00011130.JPEG,409,582.0787734985352,0.00095367431640625,0.003840549585348875,0.9902596608902391,0.06353096771349978,44705,0.9944399925754834
1121,/home/projects/bagon/shared/imagenet512/val/n02108915/ILSVRC2012_val_00041623.JPEG,566,278.1457824707031,0.00095367431640625,0.004547109349984274,0.979097606820294,0.04535168750237195,44748,0.9897395128758829
1122,/home/projects/bagon/shared/imagenet512/val/n02094114/ILSVRC2012_val_00001997.JPEG,483,186.45873260498047,0.0009765625,0.004361505207409624,0.8973257623857382,0.0728532834322726,44761,0.9923431879559762
1123,/home/projects/bagon/shared/imagenet512/val/n04355933/ILSVRC2012_val_00029889.JPEG,546,277.67781829833984,0.00099945068359375,0.005056090799880244,0.8935898960702218,0.054675662459363256,44764,0.9890765725403319
1124,/home/projects/bagon/shared/imagenet512/val/n04065272/ILSVRC2012_val_00021804.JPEG,280,68.01730346679688,0.0009918212890625,0.002513258951285785,0.8877536953327501,0.08014097662275688,44776,0.9970461159243885
1125,/home/projects/bagon/shared/imagenet512/val/n03110669/ILSVRC2012_val_00048631.JPEG,545,105.52559280395508,0.000965118408203125,0.004745370710666892,0.6519835398248433,0.08706141317101568,44784,0.9936368968431567
1126,/home/projects/bagon/shared/imagenet512/val/n03259280/ILSVRC2012_val_00048045.JPEG,356,255.2742691040039,0.00098419189453125,0.003345057798280356,0.9773247655304066,0.0022328901875740548,44785,0.9950795354013678
1127,/home/projects/bagon/shared/imagenet512/val/n03709823/ILSVRC2012_val_00004303.JPEG,503,390.2669677734375,0.0009765625,0.004585224355104363,0.9791424866117473,0.06101628815743504,44786,0.9946047886257267
1128,/home/projects/bagon/shared/imagenet512/val/n04493381/ILSVRC2012_val_00010293.JPEG,563,101.4929428100586,0.0009918212890625,0.00478898769205821,0.6045615548025911,0.05736656007700125,44799,0.9937392189660867
1129,/home/projects/bagon/shared/imagenet512/val/n02087394/ILSVRC2012_val_00047173.JPEG,450,338.31017684936523,0.000934600830078125,0.00415463359547122,0.9883549058236932,0.01743076822421824,44811,0.9961871820982925
1130,/home/projects/bagon/shared/imagenet512/val/n04238763/ILSVRC2012_val_00043886.JPEG,509,143.66113662719727,0.000972747802734375,0.004264455400750442,0.9386906843544741,0.00899705890571334,44818,0.9962920742367765
1131,/home/projects/bagon/shared/imagenet512/val/n04131690/ILSVRC2012_val_00014536.JPEG,485,629.4853477478027,0.000942230224609375,0.004358678384579026,0.9957075472691129,0.16451867621754648,44819,0.9964824193397811
1132,/home/projects/bagon/shared/imagenet512/val/n04356056/ILSVRC2012_val_00022285.JPEG,504,78.96295166015625,0.00099945068359375,0.004558087557941155,0.5219530231260723,0.1933600904395912,44821,0.9913182228806118
1133,/home/projects/bagon/shared/imagenet512/val/n04372370/ILSVRC2012_val_00045927.JPEG,293,168.5456314086914,0.0009613037109375,0.0028201194712453906,0.9219234431830552,0.04006950650965893,44832,0.9979852760162345
1134,/home/projects/bagon/shared/imagenet512/val/n02108000/ILSVRC2012_val_00033553.JPEG,525,543.6405029296875,0.0009918212890625,0.0047637613870437955,0.9904764589168196,0.16967395044352857,44834,0.9931341937002024
1135,/home/projects/bagon/shared/imagenet512/val/n02672831/ILSVRC2012_val_00009773.JPEG,1040,931.242790222168,0.0009002685546875,0.007825854260621455,0.9923900678430224,0.06896994216861527,44839,0.9843767457397808
1136,/home/projects/bagon/shared/imagenet512/val/n03045698/ILSVRC2012_val_00033789.JPEG,317,88.27397918701172,0.0009918212890625,0.0027963275008084684,0.735618640539852,0.00794689084469885,44851,0.9964397187167846
1137,/home/projects/bagon/shared/imagenet512/val/n04120489/ILSVRC2012_val_00043700.JPEG,567,572.1170883178711,0.0009765625,0.004609948904287509,0.9964265982580984,0.03077677490564018,44854,0.9791097209553934
1138,/home/projects/bagon/shared/imagenet512/val/n03787032/ILSVRC2012_val_00024968.JPEG,261,154.86017990112305,0.000957489013671875,0.0025036481656007543,0.9609801051384329,0.12091012592348035,44856,0.9979105205206065
1139,/home/projects/bagon/shared/imagenet512/val/n04429376/ILSVRC2012_val_00017455.JPEG,457,614.5091361999512,0.000911712646484375,0.004118887666755936,0.9905810485609445,0.05896986395222381,44857,0.9948700010415369
1140,/home/projects/bagon/shared/imagenet512/val/n04443257/ILSVRC2012_val_00030711.JPEG,511,370.0532646179199,0.000957489013671875,0.004788399274223748,0.9282711853908054,0.1416582639992913,44860,0.9914685674697482
1141,/home/projects/bagon/shared/imagenet512/val/n01773549/ILSVRC2012_val_00031117.JPEG,258,7.836002349853516,0.000888824462890625,0.002391471368723913,0.19365079645622416,0.07922342113892986,44862,0.9964120169300913
1142,/home/projects/bagon/shared/imagenet512/val/n03838899/ILSVRC2012_val_00016801.JPEG,476,103.76956176757812,0.00098419189453125,0.004285999840322252,0.8114463098114421,0.03457619157597619,44866,0.9912997559954679
1143,/home/projects/bagon/shared/imagenet512/val/n03761084/ILSVRC2012_val_00021354.JPEG,360,56.712135314941406,0.00087738037109375,0.003397489028012761,0.7442664841811221,0.17538502076099927,44877,0.9960848706453155
1144,/home/projects/bagon/shared/imagenet512/val/n02441942/ILSVRC2012_val_00029560.JPEG,681,195.00779724121094,0.00096893310546875,0.005663850234034447,0.8233417136994066,0.0507656473126393,44891,0.9919746783639528
1145,/home/projects/bagon/shared/imagenet512/val/n03637318/ILSVRC2012_val_00018590.JPEG,597,424.16142654418945,0.000965118408203125,0.005181323213101401,0.9768081943320475,0.13590703109004268,44892,0.9929232941927574
1146,/home/projects/bagon/shared/imagenet512/val/n03796401/ILSVRC2012_val_00048418.JPEG,528,86.90119171142578,0.0009918212890625,0.004440842776190001,0.8208004003103453,0.10108526837773757,44897,0.9963539550003375
1147,/home/projects/bagon/shared/imagenet512/val/n04074963/ILSVRC2012_val_00022614.JPEG,492,704.1849327087402,0.000957489013671875,0.004438912493749569,0.9930920004859939,0.13240023456234074,44907,0.9909766179303441
1148,/home/projects/bagon/shared/imagenet512/val/n02676566/ILSVRC2012_val_00043972.JPEG,618,81.59954071044922,0.00098419189453125,0.005250412166859215,0.5472005174543237,0.10865285379471995,44928,0.9913585396028043
1149,/home/projects/bagon/shared/imagenet512/val/n04355933/ILSVRC2012_val_00040219.JPEG,567,505.5277786254883,0.00084686279296875,0.00518079638456369,0.9858883729937408,0.07009282732887731,44941,0.9938616509980488
1150,/home/projects/bagon/shared/imagenet512/val/n03372029/ILSVRC2012_val_00018133.JPEG,565,176.75265884399414,0.000972747802734375,0.004994886586921074,0.8889111187035696,0.05766969646618186,44951,0.9945071349049508
1151,/home/projects/bagon/shared/imagenet512/val/n03063599/ILSVRC2012_val_00023142.JPEG,546,377.62091064453125,0.00099945068359375,0.004711033735510791,0.974628259602871,0.07518251444644702,44956,0.993785315905435
1152,/home/projects/bagon/shared/imagenet512/val/n03075370/ILSVRC2012_val_00041941.JPEG,499,503.82763671875,0.00099945068359375,0.0042180537928671645,0.9955541244358349,0.0312158576049352,44966,0.9925963130864286
1153,/home/projects/bagon/shared/imagenet512/val/n01675722/ILSVRC2012_val_00006853.JPEG,645,606.3903350830078,0.00098419189453125,0.004877416092186001,0.9950620839717668,0.03854452033715003,44970,0.9946833768178501
1154,/home/projects/bagon/shared/imagenet512/val/n04554684/ILSVRC2012_val_00041902.JPEG,466,331.21482849121094,0.00099945068359375,0.0038556533403410506,0.9788982654536964,0.2816266660651822,44978,0.991209196331359
1155,/home/projects/bagon/shared/imagenet512/val/n04116512/ILSVRC2012_val_00006643.JPEG,414,518.8198318481445,0.00099945068359375,0.0037818659004480288,0.9962365847070876,0.03501024599814545,44980,0.9963498250070201
1156,/home/projects/bagon/shared/imagenet512/val/n03764736/ILSVRC2012_val_00008765.JPEG,418,909.6890602111816,0.000972747802734375,0.0037372942457842657,0.998652997080053,0.04696475397109243,45004,0.9918604651029104
1157,/home/projects/bagon/shared/imagenet512/val/n02107908/ILSVRC2012_val_00025496.JPEG,296,81.06889343261719,0.0009002685546875,0.0028327668720443074,0.8493652944261295,0.0608706846059647,45017,0.9981986773116425
1158,/home/projects/bagon/shared/imagenet512/val/n03188531/ILSVRC2012_val_00015180.JPEG,637,1045.6397018432617,0.00090789794921875,0.005498304171368998,0.9981083213282174,0.13280363054375632,45020,0.9839690404431878
1159,/home/projects/bagon/shared/imagenet512/val/n03016953/ILSVRC2012_val_00024303.JPEG,701,282.4086380004883,0.0009918212890625,0.005883530611096438,0.9519175609012943,0.1642729856238922,45022,0.9891136297335074
1160,/home/projects/bagon/shared/imagenet512/val/n04004767/ILSVRC2012_val_00032509.JPEG,436,112.11604309082031,0.0009918212890625,0.003947547172171316,0.813784245958,0.09456780048954425,45027,0.9920066465053459
1161,/home/projects/bagon/shared/imagenet512/val/n04355933/ILSVRC2012_val_00026693.JPEG,406,106.03271484375,0.00095367431640625,0.003438431145250651,0.863432915737346,0.04000510126369222,45033,0.9978966066538281
1162,/home/projects/bagon/shared/imagenet512/val/n04039381/ILSVRC2012_val_00043586.JPEG,623,89.98384094238281,0.00098419189453125,0.005487576289048963,0.6730105398465539,0.040735811143787604,45036,0.9931680453931879
1163,/home/projects/bagon/shared/imagenet512/val/n03930630/ILSVRC2012_val_00027997.JPEG,463,333.67033767700195,0.000904083251953125,0.004136567648948408,0.9666998705353301,0.08492323749914626,45037,0.9928301446146426
1164,/home/projects/bagon/shared/imagenet512/val/n02808304/ILSVRC2012_val_00032096.JPEG,508,701.7472152709961,0.0009918212890625,0.004418086098990246,0.9946392927497105,0.1181810108266994,45043,0.994304361838936
1165,/home/projects/bagon/shared/imagenet512/val/n02233338/ILSVRC2012_val_00039550.JPEG,683,1644.6341133117676,0.000865936279296875,0.005771078978602849,0.9985442678611952,0.0738954693788377,45073,0.988187613989147
1166,/home/projects/bagon/shared/imagenet512/val/n04418357/ILSVRC2012_val_00034027.JPEG,400,212.74943161010742,0.000850677490234375,0.0037689738066118187,0.9387951382493804,0.1307484952311856,45075,0.9946774550029929
1167,/home/projects/bagon/shared/imagenet512/val/n04542943/ILSVRC2012_val_00016069.JPEG,329,164.79501724243164,0.000965118408203125,0.0031581139504502967,0.9684217553275922,0.057188894626530734,45076,0.9974689189612759
1168,/home/projects/bagon/shared/imagenet512/val/n03483316/ILSVRC2012_val_00002351.JPEG,804,2233.8860931396484,0.00095367431640625,0.00680187661773098,0.9969953334140074,0.11985501871350271,45085,0.9893644870070737
1169,/home/projects/bagon/shared/imagenet512/val/n07920052/ILSVRC2012_val_00013375.JPEG,550,292.2627258300781,0.0009918212890625,0.00497664662573929,0.9304009160419507,0.017908109265192484,45087,0.9911324409244553
1170,/home/projects/bagon/shared/imagenet512/val/n01667778/ILSVRC2012_val_00014106.JPEG,274,37.82701110839844,0.00099945068359375,0.002639017838862928,0.6782227785887116,0.01974384899734516,45089,0.9963268437439031
1171,/home/projects/bagon/shared/imagenet512/val/n03770439/ILSVRC2012_val_00006000.JPEG,486,307.3088073730469,0.00098419189453125,0.0041704340007597375,0.9356084095143966,0.09973133838312881,45091,0.9927269908721842
1172,/home/projects/bagon/shared/imagenet512/val/n03788195/ILSVRC2012_val_00030336.JPEG,608,482.2490997314453,0.0009918212890625,0.005144546560426801,0.9895774108966614,0.005021159737212677,45109,0.9943743689598468
1173,/home/projects/bagon/shared/imagenet512/val/n04243546/ILSVRC2012_val_00018690.JPEG,612,502.44681549072266,0.00099945068359375,0.004864987242635511,0.9941195451710063,0.01739879272677991,45146,0.9821658647773138
1174,/home/projects/bagon/shared/imagenet512/val/n01739381/ILSVRC2012_val_00005827.JPEG,486,335.31996154785156,0.00096893310546875,0.004438025090290946,0.9818204605995826,0.040959248714647456,45173,0.9866917018188965
1175,/home/projects/bagon/shared/imagenet512/val/n02090721/ILSVRC2012_val_00017327.JPEG,353,169.28793334960938,0.0009613037109375,0.003237992790016752,0.9442781294776703,0.0698807787425306,45182,0.9972621237547096
1176,/home/projects/bagon/shared/imagenet512/val/n02089973/ILSVRC2012_val_00045799.JPEG,378,67.7494125366211,0.0009918212890625,0.0035712099109910397,0.6754004432836729,0.1635170932276236,45189,0.9932424756835605
1177,/home/projects/bagon/shared/imagenet512/val/n02667093/ILSVRC2012_val_00044339.JPEG,545,1043.1660537719727,0.00092315673828125,0.004936490873957571,0.9983941527341886,0.06152218097248763,45212,0.9937107993421153
1178,/home/projects/bagon/shared/imagenet512/val/n04069434/ILSVRC2012_val_00030477.JPEG,619,299.12012481689453,0.00095367431640625,0.005544458003953067,0.9657878864738978,0.16033655846792888,45217,0.9921956813406227
1179,/home/projects/bagon/shared/imagenet512/val/n04493381/ILSVRC2012_val_00015609.JPEG,542,98.40481567382812,0.0009765625,0.00450892087564141,0.7169605791443094,0.16064963549063876,45221,0.9948314698149351
1180,/home/projects/bagon/shared/imagenet512/val/n04009552/ILSVRC2012_val_00047644.JPEG,288,119.0589370727539,0.00093841552734375,0.002703731741135713,0.90124207977199,0.14116141862184778,45237,0.9961257020541071
1181,/home/projects/bagon/shared/imagenet512/val/n03249569/ILSVRC2012_val_00002043.JPEG,663,138.01561737060547,0.0009918212890625,0.00576111833789074,0.7512301828986062,0.147012501769541,45254,0.9903893673182138
1182,/home/projects/bagon/shared/imagenet512/val/n03014705/ILSVRC2012_val_00044628.JPEG,406,329.0340995788574,0.000949859619140625,0.0034513092314191096,0.991275672637954,0.19010605528326316,45260,0.9953128713574849
1183,/home/projects/bagon/shared/imagenet512/val/n02640242/ILSVRC2012_val_00032922.JPEG,640,623.0208587646484,0.0009002685546875,0.005324827565466347,0.9921480725273654,0.013152261159634693,45273,0.9931428093552932
1184,/home/projects/bagon/shared/imagenet512/val/n03796401/ILSVRC2012_val_00000365.JPEG,333,152.53977966308594,0.00096893310546875,0.003155326733081969,0.926421446765416,0.04921151881197888,45277,0.9968647757885872
1185,/home/projects/bagon/shared/imagenet512/val/n02279972/ILSVRC2012_val_00019145.JPEG,740,773.1174697875977,0.00098419189453125,0.005730584088131106,0.9966051896607256,0.0911334393625731,45283,0.9900411148295801
1186,/home/projects/bagon/shared/imagenet512/val/n02088632/ILSVRC2012_val_00032000.JPEG,383,32.857398986816406,0.0009918212890625,0.0034615370528244256,0.5911531045247079,0.029352090957101507,45284,0.9969860324768494
1187,/home/projects/bagon/shared/imagenet512/val/n03220513/ILSVRC2012_val_00037465.JPEG,446,161.24172973632812,0.0009918212890625,0.003982093922856612,0.9111550653068453,0.13104891626723617,45297,0.9921554241540057
1188,/home/projects/bagon/shared/imagenet512/val/n02093991/ILSVRC2012_val_00043404.JPEG,487,223.0212860107422,0.00086212158203125,0.0043862799817084635,0.8986747351321175,0.07967537174842815,45333,0.9886774313873878
1189,/home/projects/bagon/shared/imagenet512/val/n09332890/ILSVRC2012_val_00039635.JPEG,334,186.72908401489258,0.000904083251953125,0.002996519757083148,0.9863078424295771,0.08323391510956166,45356,0.9934259778186459
1190,/home/projects/bagon/shared/imagenet512/val/n02894605/ILSVRC2012_val_00000358.JPEG,318,66.52863693237305,0.000926971435546875,0.0029402620866728862,0.7563894860686854,0.08346328077770415,45378,0.9966303499578273
1191,/home/projects/bagon/shared/imagenet512/val/n07711569/ILSVRC2012_val_00016562.JPEG,577,66.39385986328125,0.0009918212890625,0.004591950100271849,0.8761756521428825,0.06356915630205062,45381,0.9919666199087973
1192,/home/projects/bagon/shared/imagenet512/val/n03709823/ILSVRC2012_val_00012321.JPEG,380,142.9266471862793,0.000942230224609375,0.0035982104793972043,0.8715187994382008,0.048885245868892424,45389,0.9963629806679654
1193,/home/projects/bagon/shared/imagenet512/val/n04275548/ILSVRC2012_val_00009763.JPEG,456,120.48681259155273,0.000972747802734375,0.003921240985636472,0.8600970320253047,0.1340873758496902,45417,0.9914781031376917
1194,/home/projects/bagon/shared/imagenet512/val/n04355338/ILSVRC2012_val_00002015.JPEG,335,233.64138793945312,0.00089263916015625,0.003008357554572502,0.9701413951325852,0.09687407928538544,45428,0.995905412367069
1195,/home/projects/bagon/shared/imagenet512/val/n04067472/ILSVRC2012_val_00028684.JPEG,286,366.0279998779297,0.000946044921875,0.002763249312688684,0.9900152893538122,0.014611979944319703,45444,0.9920503686345452
1196,/home/projects/bagon/shared/imagenet512/val/n04116512/ILSVRC2012_val_00029621.JPEG,718,301.5973205566406,0.00099945068359375,0.00610949453376484,0.9690405296336438,0.13944582529448896,45448,0.9932164388822192
1197,/home/projects/bagon/shared/imagenet512/val/n04423845/ILSVRC2012_val_00023632.JPEG,546,226.3936767578125,0.0009918212890625,0.0042865677879238805,0.9719639482133782,0.10586738519323954,45458,0.9936952494034077
1198,/home/projects/bagon/shared/imagenet512/val/n02091831/ILSVRC2012_val_00027810.JPEG,659,329.70882415771484,0.0009613037109375,0.005517111733746646,0.9679599137648888,0.23246051928112627,45464,0.9908680073531684
1199,/home/projects/bagon/shared/imagenet512/val/n02169497/ILSVRC2012_val_00024558.JPEG,547,266.2189636230469,0.0009765625,0.004935688483889096,0.9385379136553671,0.09833729899123425,45465,0.9896670861729802
1200,/home/projects/bagon/shared/imagenet512/val/n04357314/ILSVRC2012_val_00016583.JPEG,489,216.0080337524414,0.00095367431640625,0.004451287530173672,0.9728474654853174,0.06492259494203179,45475,0.9932807179394062
1201,/home/projects/bagon/shared/imagenet512/val/n09421951/ILSVRC2012_val_00040169.JPEG,292,117.99692916870117,0.000957489013671875,0.002797204682905454,0.9251149063999448,0.005212819336790242,45477,0.9955321205511615
1202,/home/projects/bagon/shared/imagenet512/val/n03065424/ILSVRC2012_val_00007436.JPEG,346,102.46340560913086,0.000919342041015625,0.003238306421065145,0.8701809904833906,0.01879724257453394,45520,0.9978100421444369
1203,/home/projects/bagon/shared/imagenet512/val/n07684084/ILSVRC2012_val_00006422.JPEG,436,101.75598526000977,0.000957489013671875,0.003910839793905655,0.6788020048652232,0.012044576932307566,45521,0.9957488604112079
1204,/home/projects/bagon/shared/imagenet512/val/n03657121/ILSVRC2012_val_00028008.JPEG,337,40.145633697509766,0.000896453857421875,0.0031956902911617993,0.5994095768090593,0.12665904299310818,45545,0.9967021647501225
1205,/home/projects/bagon/shared/imagenet512/val/n01514668/ILSVRC2012_val_00000911.JPEG,619,70.85610961914062,0.0009918212890625,0.005507862984813341,0.6662993854640746,0.08367848280208717,45559,0.9896775205286884
1206,/home/projects/bagon/shared/imagenet512/val/n02814533/ILSVRC2012_val_00029057.JPEG,480,347.54852294921875,0.00099945068359375,0.004472025143927124,0.960052543269942,0.02025415627277416,45565,0.9957023359034195
1207,/home/projects/bagon/shared/imagenet512/val/n04376876/ILSVRC2012_val_00034016.JPEG,525,206.67636489868164,0.000957489013671875,0.0048235263378348546,0.9545714431186678,0.01601422660008231,45575,0.9931121425569793
1208,/home/projects/bagon/shared/imagenet512/val/n03873416/ILSVRC2012_val_00007150.JPEG,515,154.5441780090332,0.000965118408203125,0.004471404751865725,0.8855831129468583,0.02096159244313134,45579,0.9968133465323816
1209,/home/projects/bagon/shared/imagenet512/val/n01914609/ILSVRC2012_val_00041548.JPEG,557,62.08417510986328,0.00096893310546875,0.00466885239109483,0.6582915145257833,0.09486902034910072,45585,0.9926237027928938
1210,/home/projects/bagon/shared/imagenet512/val/n03041632/ILSVRC2012_val_00027474.JPEG,353,491.6575393676758,0.00096893310546875,0.003377574178910761,0.9936483714127723,0.03192907589154201,45588,0.9952701213549046
1211,/home/projects/bagon/shared/imagenet512/val/n04525038/ILSVRC2012_val_00025705.JPEG,290,179.2708854675293,0.000919342041015625,0.002582853257242193,0.9872956036064076,0.11767182939947488,45595,0.9967231266502219
1212,/home/projects/bagon/shared/imagenet512/val/n04522168/ILSVRC2012_val_00013199.JPEG,619,493.23368072509766,0.0009765625,0.005451678798827154,0.9881691202466041,0.16844020756729228,45602,0.984776060410162
1213,/home/projects/bagon/shared/imagenet512/val/n02233338/ILSVRC2012_val_00024192.JPEG,692,835.0097961425781,0.0009765625,0.005631284622522289,0.994735782764873,0.17905974243432166,45617,0.9862616171117964
1214,/home/projects/bagon/shared/imagenet512/val/n04208210/ILSVRC2012_val_00032430.JPEG,645,531.3471298217773,0.0009002685546875,0.005603777772058325,0.979220017438278,0.02067827886732626,45629,0.9923834264591147
1215,/home/projects/bagon/shared/imagenet512/val/n04522168/ILSVRC2012_val_00011020.JPEG,545,429.3148880004883,0.00096893310546875,0.00471812547133761,0.9776739662469036,0.039602439539829976,45634,0.9945816567393753
1216,/home/projects/bagon/shared/imagenet512/val/n03666591/ILSVRC2012_val_00018595.JPEG,656,1260.8437232971191,0.000942230224609375,0.005854399497029041,0.9980297996455536,0.044787121084482684,45674,0.9906472499678132
1217,/home/projects/bagon/shared/imagenet512/val/n01944390/ILSVRC2012_val_00003625.JPEG,589,653.3683738708496,0.000957489013671875,0.0052370646818328806,0.9935829687037617,0.056195613477012685,45696,0.9935120189844576
1218,/home/projects/bagon/shared/imagenet512/val/n03976467/ILSVRC2012_val_00010922.JPEG,554,276.74504470825195,0.000904083251953125,0.004355787881747709,0.9789231800362787,0.12328410603784626,45723,0.9943710318694601
1219,/home/projects/bagon/shared/imagenet512/val/n04026417/ILSVRC2012_val_00019863.JPEG,320,139.28606796264648,0.000957489013671875,0.0028691058174161194,0.94659129514073,0.10358672425778309,45744,0.9968982102955137
1220,/home/projects/bagon/shared/imagenet512/val/n01748264/ILSVRC2012_val_00005033.JPEG,566,284.65109634399414,0.000957489013671875,0.004398564469304421,0.9730868992306302,0.018952249939837434,45785,0.9896300224689327
1221,/home/projects/bagon/shared/imagenet512/val/n04493381/ILSVRC2012_val_00034803.JPEG,889,236.44410705566406,0.00098419189453125,0.007019540269261008,0.8198970148747478,0.16818302135314783,45789,0.981320815531993
1222,/home/projects/bagon/shared/imagenet512/val/n03272010/ILSVRC2012_val_00033727.JPEG,441,107.86048889160156,0.0009918212890625,0.0037850096245381996,0.9328093901501778,0.08088619047073126,45813,0.9937749135128464
1223,/home/projects/bagon/shared/imagenet512/val/n04550184/ILSVRC2012_val_00046925.JPEG,569,515.5526924133301,0.000949859619140625,0.0050892332695373415,0.9865779894995413,0.13631092122958605,45820,0.9930617580188211
1224,/home/projects/bagon/shared/imagenet512/val/n04136333/ILSVRC2012_val_00033983.JPEG,529,345.62217712402344,0.00098419189453125,0.004453291712912101,0.9882551967496208,0.12134884959262543,45825,0.9898900506039156
1225,/home/projects/bagon/shared/imagenet512/val/n09193705/ILSVRC2012_val_00029110.JPEG,552,147.85145568847656,0.00098419189453125,0.004789705852966924,0.9200923716736774,0.09818369057528228,45831,0.9734364079554289
1226,/home/projects/bagon/shared/imagenet512/val/n03095699/ILSVRC2012_val_00043479.JPEG,703,278.66376876831055,0.000972747802734375,0.005410579653436684,0.9896796450026678,0.12875281476608746,45841,0.9804071858818563
1227,/home/projects/bagon/shared/imagenet512/val/n03207941/ILSVRC2012_val_00044218.JPEG,325,192.29044342041016,0.00091552734375,0.002918418646894084,0.9714614111048763,0.07878310030606789,45844,0.9971623959274266
1228,/home/projects/bagon/shared/imagenet512/val/n03485794/ILSVRC2012_val_00036155.JPEG,275,119.4599609375,0.00093841552734375,0.0024100927394608337,0.9471996553459017,0.036557062040704774,45847,0.9977824533833917
1229,/home/projects/bagon/shared/imagenet512/val/n03891251/ILSVRC2012_val_00013082.JPEG,368,121.01531219482422,0.0009918212890625,0.0033113215326179162,0.8690062774878397,0.031715989625011404,45849,0.9958227518789504
1230,/home/projects/bagon/shared/imagenet512/val/n04008634/ILSVRC2012_val_00009436.JPEG,733,92.03707122802734,0.00099945068359375,0.006329027433518522,0.5568808413852089,0.04833399919403619,45875,0.9842917805417946
1231,/home/projects/bagon/shared/imagenet512/val/n03481172/ILSVRC2012_val_00009152.JPEG,521,564.6208267211914,0.0009918212890625,0.004554905828697001,0.9969612559289898,0.057182056573398365,45884,0.9923257441615718
1232,/home/projects/bagon/shared/imagenet512/val/n04553703/ILSVRC2012_val_00013534.JPEG,452,548.8019866943359,0.00099945068359375,0.00425431161331864,0.9900536966117645,0.06309393178953823,45886,0.9937999333723351
1233,/home/projects/bagon/shared/imagenet512/val/n02950826/ILSVRC2012_val_00041215.JPEG,597,757.3422317504883,0.00098419189453125,0.004701067029904124,0.9973800364666063,0.06333868428533951,45892,0.9949069794586861
1234,/home/projects/bagon/shared/imagenet512/val/n03929855/ILSVRC2012_val_00017885.JPEG,403,228.05071640014648,0.000934600830078125,0.0037887557069261335,0.9709625216049959,0.2665892747999427,45896,0.9897393709435574
1235,/home/projects/bagon/shared/imagenet512/val/n04429376/ILSVRC2012_val_00046304.JPEG,302,132.74354553222656,0.00091552734375,0.0025385895227315164,0.7556968357656297,0.002693003127265947,45905,0.9974069001782063
1236,/home/projects/bagon/shared/imagenet512/val/n03777754/ILSVRC2012_val_00029230.JPEG,484,436.82634353637695,0.000949859619140625,0.004296403175178359,0.9857789733511693,0.0016192526842833121,45931,0.9950642359610328
1237,/home/projects/bagon/shared/imagenet512/val/n02769748/ILSVRC2012_val_00036510.JPEG,481,105.50353622436523,0.000972747802734375,0.004343240154091346,0.8246834849511275,0.06029534141208828,45955,0.9922970642664304
1238,/home/projects/bagon/shared/imagenet512/val/n04296562/ILSVRC2012_val_00031263.JPEG,316,119.1123275756836,0.0009765625,0.002928402961072484,0.850779757151247,0.015780743753044613,45971,0.9961872880064272
1239,/home/projects/bagon/shared/imagenet512/val/n03642806/ILSVRC2012_val_00005001.JPEG,569,200.82040405273438,0.00096893310546875,0.005124104703073264,0.8146190530664986,0.07750624905987549,45973,0.991043467255226
1240,/home/projects/bagon/shared/imagenet512/val/n02107574/ILSVRC2012_val_00007071.JPEG,606,667.1283874511719,0.0008697509765625,0.005365551873721143,0.9968931657437017,0.013047034814467506,45981,0.991853996473386
1241,/home/projects/bagon/shared/imagenet512/val/n02088364/ILSVRC2012_val_00017873.JPEG,571,385.81735610961914,0.000965118408203125,0.005037469427181861,0.9757493985483532,0.015231309156720774,45987,0.9931753875961532
1242,/home/projects/bagon/shared/imagenet512/val/n02110185/ILSVRC2012_val_00013150.JPEG,486,187.06298828125,0.0009613037109375,0.00436233692403847,0.8680626316788099,0.012928744749995447,45988,0.9956991561918267
1243,/home/projects/bagon/shared/imagenet512/val/n03394916/ILSVRC2012_val_00003587.JPEG,463,216.92011260986328,0.0009765625,0.004065187925358863,0.9784543767983056,0.023255852823667295,46008,0.9932252470739167
1244,/home/projects/bagon/shared/imagenet512/val/n07248320/ILSVRC2012_val_00027903.JPEG,394,469.79476165771484,0.00099945068359375,0.003752742188825903,0.9933943583844714,0.02374756831868738,46037,0.9974780378529954
1245,/home/projects/bagon/shared/imagenet512/val/n09332890/ILSVRC2012_val_00000150.JPEG,542,508.47314453125,0.00092315673828125,0.004691368603137775,0.9837013631989322,0.05652592958020858,46044,0.9860283952201429
1246,/home/projects/bagon/shared/imagenet512/val/n02100877/ILSVRC2012_val_00039863.JPEG,417,51.59373092651367,0.000965118408203125,0.003636051214852515,0.8178677582649956,0.019339142219024108,46049,0.9959936054252221
1247,/home/projects/bagon/shared/imagenet512/val/n01740131/ILSVRC2012_val_00043843.JPEG,444,375.2953567504883,0.0009918212890625,0.004115830337668105,0.9719061547924865,0.013732790517848231,46050,0.9939330174827968
1248,/home/projects/bagon/shared/imagenet512/val/n04589890/ILSVRC2012_val_00039047.JPEG,667,429.688907623291,0.000972747802734375,0.005651987728541334,0.9816606994857555,0.04915009478548349,46069,0.9943638283051067
1249,/home/projects/bagon/shared/imagenet512/val/n02669723/ILSVRC2012_val_00034987.JPEG,460,81.79552459716797,0.0009307861328125,0.003846849620691999,0.7001012564906957,0.08546370956946553,46075,0.9961458287765945
1250,/home/projects/bagon/shared/imagenet512/val/n03793489/ILSVRC2012_val_00021458.JPEG,535,116.16339111328125,0.0009765625,0.0048794851156930205,0.6654045455371761,0.16578584229259188,46076,0.9870217049642571
1251,/home/projects/bagon/shared/imagenet512/val/n02791124/ILSVRC2012_val_00014462.JPEG,660,238.4052963256836,0.0009918212890625,0.005607230395588755,0.9227318709216206,0.1315092939859389,46077,0.983488598247609
1252,/home/projects/bagon/shared/imagenet512/val/n02870880/ILSVRC2012_val_00036444.JPEG,745,743.8895797729492,0.00099945068359375,0.005548325347806225,0.9961405867410055,0.15343102270484962,46084,0.9883380342456753
1253,/home/projects/bagon/shared/imagenet512/val/n04254777/ILSVRC2012_val_00015827.JPEG,385,110.20193481445312,0.00098419189453125,0.003648949496884249,0.8585452560635203,0.06922201234668846,46095,0.9904406952527602
1254,/home/projects/bagon/shared/imagenet512/val/n01582220/ILSVRC2012_val_00041135.JPEG,803,1741.2199096679688,0.00096893310546875,0.0067769515097314235,0.997802120393339,0.06706767887881535,46111,0.989448248164798
1255,/home/projects/bagon/shared/imagenet512/val/n03676483/ILSVRC2012_val_00022289.JPEG,371,310.27125549316406,0.00099945068359375,0.003540671636490611,0.9801622894409888,0.021476659474253035,46125,0.9854952602546871
1256,/home/projects/bagon/shared/imagenet512/val/n03781244/ILSVRC2012_val_00018837.JPEG,539,419.4006996154785,0.000904083251953125,0.00472058772956187,0.9686549573820359,0.05212545823195858,46130,0.9887632712302724
1257,/home/projects/bagon/shared/imagenet512/val/n03958227/ILSVRC2012_val_00013823.JPEG,584,1160.8358535766602,0.0009918212890625,0.004845788091294056,0.9983514501320313,0.024915371996431845,46133,0.9899924793195408
1258,/home/projects/bagon/shared/imagenet512/val/n02108422/ILSVRC2012_val_00010709.JPEG,767,535.7196083068848,0.000904083251953125,0.006429566858587525,0.9836199132647168,0.04305028684567269,46180,0.9928905845693475
1259,/home/projects/bagon/shared/imagenet512/val/n03661043/ILSVRC2012_val_00028061.JPEG,315,31.447967529296875,0.00096893310546875,0.0029058709678107535,0.7529349042486482,0.2290966119860009,46200,0.9949079852785706
1260,/home/projects/bagon/shared/imagenet512/val/n01751748/ILSVRC2012_val_00021916.JPEG,392,7.7150115966796875,0.00098419189453125,0.003499403755617419,0.10961249568892574,0.024183404712763257,46202,0.9959667371166278
1261,/home/projects/bagon/shared/imagenet512/val/n03045698/ILSVRC2012_val_00046955.JPEG,426,863.0556182861328,0.000946044921875,0.003908393009894227,0.9977273856352471,0.1168136626328296,46215,0.9947178046672178
1262,/home/projects/bagon/shared/imagenet512/val/n07930864/ILSVRC2012_val_00013198.JPEG,677,1285.5141906738281,0.00099945068359375,0.005804973952758012,0.9983844861912823,0.036712624490092355,46225,0.9914381995142721
1263,/home/projects/bagon/shared/imagenet512/val/n03787032/ILSVRC2012_val_00001035.JPEG,465,44.07738494873047,0.00098419189453125,0.004339842907380624,0.40308160323739617,0.06917289463458823,46226,0.9908976536472944
1264,/home/projects/bagon/shared/imagenet512/val/n02098413/ILSVRC2012_val_00016689.JPEG,461,197.99187469482422,0.0009307861328125,0.004184186703115075,0.9392708221192299,0.10100237966454176,46228,0.9955828036161816
1265,/home/projects/bagon/shared/imagenet512/val/n04325704/ILSVRC2012_val_00004680.JPEG,488,768.6822967529297,0.00090789794921875,0.0044782463012818735,0.9947989743071906,0.003196470618760827,46239,0.990287120944945
1266,/home/projects/bagon/shared/imagenet512/val/n03216828/ILSVRC2012_val_00006534.JPEG,616,400.3421058654785,0.000949859619140625,0.0052268837319840835,0.9843702928967181,0.06897852531491508,46243,0.9898625039188887
1267,/home/projects/bagon/shared/imagenet512/val/n04493381/ILSVRC2012_val_00037255.JPEG,593,275.66896057128906,0.00096893310546875,0.00522864642609157,0.911690216674467,0.08549115621408793,46248,0.9897198579678282
1268,/home/projects/bagon/shared/imagenet512/val/n02669723/ILSVRC2012_val_00028563.JPEG,687,127.5490493774414,0.0009918212890625,0.0054191241476272915,0.7607020562462632,0.1234413941582519,46266,0.9902604363336763
1269,/home/projects/bagon/shared/imagenet512/val/n03016953/ILSVRC2012_val_00030574.JPEG,376,66.1292724609375,0.00095367431640625,0.003359050745266781,0.6420576237476276,0.028880568683954833,46329,0.9959798597809303
1270,/home/projects/bagon/shared/imagenet512/val/n12144580/ILSVRC2012_val_00030375.JPEG,664,314.30997467041016,0.00099945068359375,0.0056813790963223575,0.9160871170605006,0.02320925494010359,46340,0.9924655307081724
1271,/home/projects/bagon/shared/imagenet512/val/n01773549/ILSVRC2012_val_00034665.JPEG,316,83.97970962524414,0.000934600830078125,0.0027824402678769716,0.9203367687944168,0.03686835925608245,46352,0.9953890865143495
1272,/home/projects/bagon/shared/imagenet512/val/n03134739/ILSVRC2012_val_00024198.JPEG,600,406.36085510253906,0.0009918212890625,0.00453406722961087,0.9966352641232533,0.04829370662537863,46353,0.9964222061224135
1273,/home/projects/bagon/shared/imagenet512/val/n02105056/ILSVRC2012_val_00007840.JPEG,489,467.3526039123535,0.000965118408203125,0.004389144616550623,0.9887347646788688,0.06187478811957353,46388,0.991457049837613
1274,/home/projects/bagon/shared/imagenet512/val/n04254120/ILSVRC2012_val_00025804.JPEG,547,491.6568832397461,0.00095367431640625,0.004733284094326571,0.989569198652951,0.06777345416311392,46396,0.9949741764831465
1275,/home/projects/bagon/shared/imagenet512/val/n03691459/ILSVRC2012_val_00034656.JPEG,347,133.47629165649414,0.000949859619140625,0.003210944534444612,0.9581739196291985,0.02429511095591219,46405,0.9948921259014426
1276,/home/projects/bagon/shared/imagenet512/val/n04201297/ILSVRC2012_val_00039751.JPEG,600,588.9931488037109,0.00099945068359375,0.004704523350314884,0.9977776127283551,0.019893407968801513,46410,0.994598619454115
1277,/home/projects/bagon/shared/imagenet512/val/n04141327/ILSVRC2012_val_00037613.JPEG,541,838.4934310913086,0.000885009765625,0.004722425678586336,0.9981348327601947,0.030207323414809917,46423,0.9916688107910997
1278,/home/projects/bagon/shared/imagenet512/val/n03062245/ILSVRC2012_val_00002826.JPEG,449,446.3243217468262,0.000782012939453125,0.004101699310118946,0.9898902012539794,0.09785803937427695,46424,0.994429659479217
1279,/home/projects/bagon/shared/imagenet512/val/n07892512/ILSVRC2012_val_00039879.JPEG,472,577.616268157959,0.000965118408203125,0.004256815897504998,0.9969038540774964,0.11828064003759711,46432,0.9876179866639542
1280,/home/projects/bagon/shared/imagenet512/val/n03642806/ILSVRC2012_val_00000151.JPEG,511,131.84719848632812,0.00098419189453125,0.004729935747346834,0.7741773518439778,0.024277978442449805,46438,0.993758050213029
1281,/home/projects/bagon/shared/imagenet512/val/n04008634/ILSVRC2012_val_00028671.JPEG,762,510.50042724609375,0.00098419189453125,0.00623611327839991,0.9866650479046671,0.010852433022450259,46440,0.9884862749781715
1282,/home/projects/bagon/shared/imagenet512/val/n03127747/ILSVRC2012_val_00025383.JPEG,285,75.01102066040039,0.000904083251953125,0.0027223657067328953,0.5879963721167384,0.028874428598047452,46443,0.9907355104478457
1283,/home/projects/bagon/shared/imagenet512/val/n12144580/ILSVRC2012_val_00000484.JPEG,640,265.4572563171387,0.000949859619140625,0.005504736888519585,0.9002857818951319,0.09376240650073764,46451,0.9931853561287333
1284,/home/projects/bagon/shared/imagenet512/val/n04335435/ILSVRC2012_val_00036805.JPEG,646,654.5680999755859,0.00095367431640625,0.005198313261185858,0.9975082454603711,0.11484522124289681,46453,0.9933859989892632
1285,/home/projects/bagon/shared/imagenet512/val/n02894605/ILSVRC2012_val_00016324.JPEG,487,639.2233505249023,0.00091552734375,0.004495186771179085,0.9924716531212142,0.021039118157193115,46454,0.9935413041443633
1286,/home/projects/bagon/shared/imagenet512/val/n03179701/ILSVRC2012_val_00016251.JPEG,771,814.7666091918945,0.0009918212890625,0.006113646249421648,0.9972912884224802,0.0985914586233651,46464,0.9900391244834646
1287,/home/projects/bagon/shared/imagenet512/val/n03379051/ILSVRC2012_val_00029117.JPEG,564,484.46398162841797,0.00096893310546875,0.0049603324721204,0.9870121055074392,0.012375647171022353,46471,0.9924614863691981
1288,/home/projects/bagon/shared/imagenet512/val/n02892201/ILSVRC2012_val_00025778.JPEG,432,101.1881103515625,0.0009613037109375,0.003834401209897866,0.842258264366526,0.015631336850587513,46481,0.9965573556154241
1289,/home/projects/bagon/shared/imagenet512/val/n03868863/ILSVRC2012_val_00032498.JPEG,395,458.9795951843262,0.000926971435546875,0.0037309804772772907,0.9878947484068474,0.018880073574721934,46498,0.9927222599106205
1290,/home/projects/bagon/shared/imagenet512/val/n03710637/ILSVRC2012_val_00029706.JPEG,635,393.2300262451172,0.000885009765625,0.0055730611540459425,0.9736350448515567,0.09977801086644225,46502,0.9912339844726491
1291,/home/projects/bagon/shared/imagenet512/val/n03532672/ILSVRC2012_val_00034066.JPEG,692,1349.4031677246094,0.00091552734375,0.005764461187181371,0.9979674529214547,0.04743065966288257,46505,0.9898245967371858
1292,/home/projects/bagon/shared/imagenet512/val/n04548280/ILSVRC2012_val_00049764.JPEG,582,359.13072204589844,0.00096893310546875,0.0052281727473354155,0.9377030410278058,0.05913546851609974,46556,0.9903418333048076
1293,/home/projects/bagon/shared/imagenet512/val/n15075141/ILSVRC2012_val_00015463.JPEG,439,224.0399627685547,0.00099945068359375,0.0038957676767008486,0.9776213245816623,0.07027935219189671,46577,0.9960525809114221
1294,/home/projects/bagon/shared/imagenet512/val/n01667114/ILSVRC2012_val_00038527.JPEG,471,212.33305740356445,0.000957489013671875,0.004281173396013212,0.8969675863480168,0.0508830522473831,46590,0.9943631464706412
1295,/home/projects/bagon/shared/imagenet512/val/n02963159/ILSVRC2012_val_00003718.JPEG,626,265.33595275878906,0.000946044921875,0.0053082771078914095,0.9303060586871317,0.05026272889349115,46598,0.9956394133686681
1296,/home/projects/bagon/shared/imagenet512/val/n03871628/ILSVRC2012_val_00042417.JPEG,460,258.0216293334961,0.00098419189453125,0.004234902309663091,0.957396943412735,0.04916404741209776,46609,0.9936833673487182
1297,/home/projects/bagon/shared/imagenet512/val/n03782006/ILSVRC2012_val_00011472.JPEG,749,291.0440101623535,0.000965118408203125,0.006416374242717624,0.92043997200691,0.13898511088368665,46611,0.985684547829
1298,/home/projects/bagon/shared/imagenet512/val/n02841315/ILSVRC2012_val_00022598.JPEG,776,1222.4397048950195,0.00099945068359375,0.006728247285470835,0.9976015112828518,0.046701768148211864,46618,0.9837369734792047
1299,/home/projects/bagon/shared/imagenet512/val/n03837869/ILSVRC2012_val_00011566.JPEG,466,211.65292739868164,0.000873565673828125,0.004163320654955815,0.9825405994764413,0.05866367049049681,46623,0.9956917566987822
1300,/home/projects/bagon/shared/imagenet512/val/n02939185/ILSVRC2012_val_00049824.JPEG,520,258.64087677001953,0.0009918212890625,0.004750056409766383,0.9736179987563636,0.10577902565132491,46636,0.9921813678289394
1301,/home/projects/bagon/shared/imagenet512/val/n02177972/ILSVRC2012_val_00004765.JPEG,401,156.25799560546875,0.0009918212890625,0.0031104084974470265,0.9914248359424571,0.01751486701924551,46647,0.9965392281755897
1302,/home/projects/bagon/shared/imagenet512/val/n04285008/ILSVRC2012_val_00043297.JPEG,371,104.78709411621094,0.00096893310546875,0.00348713978378124,0.9354110987505024,0.047859666409563156,46666,0.9956303483084114
1303,/home/projects/bagon/shared/imagenet512/val/n04525038/ILSVRC2012_val_00046504.JPEG,400,481.6432418823242,0.0009307861328125,0.003587957592637866,0.9952189483207171,0.12505899930106396,46676,0.9964885490179541
1304,/home/projects/bagon/shared/imagenet512/val/n04591157/ILSVRC2012_val_00004158.JPEG,532,203.91894912719727,0.000972747802734375,0.00445853337457247,0.9577572709451015,0.07384879655554993,46677,0.9944485119884224
1305,/home/projects/bagon/shared/imagenet512/val/n04147183/ILSVRC2012_val_00000094.JPEG,614,403.9792785644531,0.00095367431640625,0.005131339836992837,0.9915005139577763,0.08163324939656608,46699,0.9929471907597561
1306,/home/projects/bagon/shared/imagenet512/val/n02443114/ILSVRC2012_val_00048525.JPEG,530,369.4078369140625,0.00099945068359375,0.004663089377781503,0.9380319409085508,0.031686079024229985,46721,0.9921537086521761
1307,/home/projects/bagon/shared/imagenet512/val/n03085013/ILSVRC2012_val_00041349.JPEG,581,376.88401794433594,0.0009918212890625,0.005225216545721481,0.9478040206363997,0.05612458842714618,46726,0.9893952263629214
1308,/home/projects/bagon/shared/imagenet512/val/n04336792/ILSVRC2012_val_00027884.JPEG,397,353.21289825439453,0.00099945068359375,0.0036729506031383656,0.9880350162387279,0.10601104582851206,46731,0.9967841183196896
1309,/home/projects/bagon/shared/imagenet512/val/n03710637/ILSVRC2012_val_00014830.JPEG,895,255.9641571044922,0.00099945068359375,0.007349994924084942,0.7770601415424737,0.04533849584352956,46734,0.9896351504893093
1310,/home/projects/bagon/shared/imagenet512/val/n04263257/ILSVRC2012_val_00040481.JPEG,312,181.26300048828125,0.00099945068359375,0.002926975341506343,0.9511341852470375,0.03505514874171339,46736,0.9938009818618239
1311,/home/projects/bagon/shared/imagenet512/val/n02992211/ILSVRC2012_val_00003715.JPEG,608,218.1887664794922,0.00098419189453125,0.005121702385539795,0.959750207870006,0.13049363548932374,46737,0.9922317740334776
1312,/home/projects/bagon/shared/imagenet512/val/n03642806/ILSVRC2012_val_00031511.JPEG,564,298.44489669799805,0.000934600830078125,0.0049403730090210015,0.9604409108898047,0.17256663379671044,46757,0.9946946483639155
1313,/home/projects/bagon/shared/imagenet512/val/n04612504/ILSVRC2012_val_00031426.JPEG,471,232.8152313232422,0.00098419189453125,0.004448031117214797,0.912232810955459,0.05660996272000754,46812,0.991787827204759
1314,/home/projects/bagon/shared/imagenet512/val/n07753592/ILSVRC2012_val_00021098.JPEG,565,256.0484199523926,0.000957489013671875,0.00467414118454585,0.9799877478678437,0.05797127616315406,46814,0.9957606521965803
1315,/home/projects/bagon/shared/imagenet512/val/n07930864/ILSVRC2012_val_00005022.JPEG,520,344.4986343383789,0.0009918212890625,0.004807192256386486,0.9634492026348392,0.08280024264232808,46815,0.9921931423729571
1316,/home/projects/bagon/shared/imagenet512/val/n04356056/ILSVRC2012_val_00039734.JPEG,514,167.77228546142578,0.0009307861328125,0.004509805851276605,0.8863739987907165,0.061730835542518014,46824,0.9953111343241156
1317,/home/projects/bagon/shared/imagenet512/val/n03207941/ILSVRC2012_val_00048287.JPEG,612,1151.0030212402344,0.00098419189453125,0.005495874361831738,0.9982960332874399,0.10754493548469735,46836,0.9917461212830222
1318,/home/projects/bagon/shared/imagenet512/val/n04141076/ILSVRC2012_val_00029866.JPEG,497,96.79953002929688,0.000946044921875,0.004243678805819333,0.8488317727731652,0.012866009682058421,46839,0.9948414407271036
1319,/home/projects/bagon/shared/imagenet512/val/n03976467/ILSVRC2012_val_00020713.JPEG,583,274.24303436279297,0.0009918212890625,0.004716395701491536,0.9876213427073185,0.21409450273493036,46840,0.9910478115589508
1320,/home/projects/bagon/shared/imagenet512/val/n01693334/ILSVRC2012_val_00025809.JPEG,456,260.7344207763672,0.00098419189453125,0.004079600941196234,0.9667252031502956,0.01485944513230053,46847,0.9936976310560519
1321,/home/projects/bagon/shared/imagenet512/val/n03529860/ILSVRC2012_val_00033213.JPEG,395,128.0948715209961,0.00099945068359375,0.0036507596476697017,0.8726030778270621,0.1290227860671825,46867,0.988128152158331
1322,/home/projects/bagon/shared/imagenet512/val/n02909870/ILSVRC2012_val_00007724.JPEG,370,275.39635467529297,0.000946044921875,0.0035547117556996755,0.9601279422402743,0.04250192449337625,46884,0.9921284629344747
1323,/home/projects/bagon/shared/imagenet512/val/n02871525/ILSVRC2012_val_00040739.JPEG,573,398.11528396606445,0.000843048095703125,0.005154061238189771,0.9643207505409059,0.14010632241729354,46891,0.979364842923405
1324,/home/projects/bagon/shared/imagenet512/val/n04356056/ILSVRC2012_val_00032243.JPEG,755,983.608024597168,0.00098419189453125,0.006080647213442475,0.9966062249501916,0.1924603668216575,46909,0.9938876503160613
1325,/home/projects/bagon/shared/imagenet512/val/n02797295/ILSVRC2012_val_00026437.JPEG,490,337.58091735839844,0.0009918212890625,0.004327004571913732,0.9866060156330447,0.15614205496219932,46910,0.9941391993904021
1326,/home/projects/bagon/shared/imagenet512/val/n01744401/ILSVRC2012_val_00037464.JPEG,557,206.41854858398438,0.00099945068359375,0.004925761794722444,0.915994614587366,0.10549960676097406,46911,0.9908212669579397
1327,/home/projects/bagon/shared/imagenet512/val/n03899768/ILSVRC2012_val_00023647.JPEG,435,128.79479217529297,0.0009918212890625,0.003953484541648882,0.9364320636909769,0.044382535318968436,46918,0.9926693648546628
1328,/home/projects/bagon/shared/imagenet512/val/n04398044/ILSVRC2012_val_00039681.JPEG,460,62.54116439819336,0.000972747802734375,0.0042760183179697585,0.6235004919806416,0.07615815242029858,46967,0.9966659509182182
1329,/home/projects/bagon/shared/imagenet512/val/n02971356/ILSVRC2012_val_00041798.JPEG,326,179.9644317626953,0.0009613037109375,0.0026696354528372443,0.9909727807717805,0.06218112889572508,46969,0.9977770881571715
1330,/home/projects/bagon/shared/imagenet512/val/n07930864/ILSVRC2012_val_00046595.JPEG,535,261.6784362792969,0.0009918212890625,0.004652870913412524,0.9411479129461353,0.022326556079786786,46979,0.9896355614577161
1331,/home/projects/bagon/shared/imagenet512/val/n02111500/ILSVRC2012_val_00022990.JPEG,415,257.52662658691406,0.00099945068359375,0.003779202311078079,0.9386650760692017,0.04520529193582326,46986,0.9975186643684539
1332,/home/projects/bagon/shared/imagenet512/val/n01756291/ILSVRC2012_val_00013574.JPEG,647,259.4563293457031,0.0009918212890625,0.005127221602427816,0.9306063447886075,0.05642081484906414,46990,0.9945772198643263
1333,/home/projects/bagon/shared/imagenet512/val/n04557648/ILSVRC2012_val_00019201.JPEG,423,280.9368667602539,0.00096893310546875,0.003936033585960457,0.9659237255667006,0.08060603342770548,46993,0.989088003376265
1334,/home/projects/bagon/shared/imagenet512/val/n01514668/ILSVRC2012_val_00010208.JPEG,545,352.3877410888672,0.000946044921875,0.004752005277932692,0.9858313464465708,0.05055733008727001,47008,0.9963609088322766
1335,/home/projects/bagon/shared/imagenet512/val/n04286575/ILSVRC2012_val_00036296.JPEG,452,585.3913421630859,0.00087738037109375,0.003976090633749555,0.9963691341253693,0.1132490844367467,47014,0.9903098237195366
1336,/home/projects/bagon/shared/imagenet512/val/n04131690/ILSVRC2012_val_00009150.JPEG,433,168.2444305419922,0.00096893310546875,0.0040989606236308835,0.9555133493812935,0.14628734558753753,47023,0.9951899962004288
1337,/home/projects/bagon/shared/imagenet512/val/n04579432/ILSVRC2012_val_00021758.JPEG,435,474.6147689819336,0.0009765625,0.003925591406994783,0.9983236927245832,0.20627359570924653,47049,0.9966390255445464
1338,/home/projects/bagon/shared/imagenet512/val/n04131690/ILSVRC2012_val_00040437.JPEG,494,750.3938827514648,0.00099945068359375,0.004515637616878581,0.9975429161598776,0.05770117128258129,47053,0.9950660830282221
1339,/home/projects/bagon/shared/imagenet512/val/n03776460/ILSVRC2012_val_00004607.JPEG,612,571.7873306274414,0.0009918212890625,0.005519691134050124,0.9827345716785086,0.02856673181356892,47056,0.9896836825134189
1340,/home/projects/bagon/shared/imagenet512/val/n03661043/ILSVRC2012_val_00009804.JPEG,373,85.0164566040039,0.0009918212890625,0.0034000019227732356,0.9172403938871918,0.07713786884050164,47062,0.9973352601567045
1341,/home/projects/bagon/shared/imagenet512/val/n03843555/ILSVRC2012_val_00039328.JPEG,500,668.2842788696289,0.0008392333984375,0.0045409311188297575,0.996847854523655,0.07434758407919242,47088,0.9895924499572231
1342,/home/projects/bagon/shared/imagenet512/val/n02168699/ILSVRC2012_val_00028427.JPEG,541,299.6335906982422,0.00096893310546875,0.004552707555013805,0.9840238230166638,0.0021419222605613686,47089,0.9947335336546405
1343,/home/projects/bagon/shared/imagenet512/val/n04286575/ILSVRC2012_val_00001679.JPEG,517,636.7641944885254,0.000949859619140625,0.00463473022701736,0.9970829417444987,0.14152627763771053,47119,0.9888725667950563
1344,/home/projects/bagon/shared/imagenet512/val/n03045698/ILSVRC2012_val_00027135.JPEG,560,621.5829849243164,0.000946044921875,0.0049366122452338115,0.9932982006616224,0.04731285644432148,47123,0.990552275484018
1345,/home/projects/bagon/shared/imagenet512/val/n03032252/ILSVRC2012_val_00030652.JPEG,352,88.65846633911133,0.000965118408203125,0.0032942565328829875,0.8400047402106031,0.17325660293658515,47132,0.9956221366579292
1346,/home/projects/bagon/shared/imagenet512/val/n04239074/ILSVRC2012_val_00049429.JPEG,381,148.74269104003906,0.00099945068359375,0.0034969570614485006,0.9476194964588959,0.03536565566833991,47134,0.9959749780126699
1347,/home/projects/bagon/shared/imagenet512/val/n03017168/ILSVRC2012_val_00033140.JPEG,720,637.9816055297852,0.00099945068359375,0.00592419711540881,0.9864081634838631,0.008187212349084844,47138,0.9869150197469176
1348,/home/projects/bagon/shared/imagenet512/val/n03673027/ILSVRC2012_val_00044088.JPEG,767,581.7535018920898,0.0009918212890625,0.006120758287970497,0.9928208013094313,0.01637396373382516,47140,0.9916440656287848
1349,/home/projects/bagon/shared/imagenet512/val/n03637318/ILSVRC2012_val_00046581.JPEG,552,1201.6584091186523,0.0009765625,0.004404845183449578,0.998596709195946,0.10411246527546636,47141,0.992196709793365
1350,/home/projects/bagon/shared/imagenet512/val/n02094114/ILSVRC2012_val_00049926.JPEG,473,399.4077835083008,0.0009765625,0.004152803454756516,0.9959972332229188,0.08580936147996238,47143,0.9962975920294758
1351,/home/projects/bagon/shared/imagenet512/val/n04428191/ILSVRC2012_val_00034195.JPEG,357,119.20938491821289,0.000873565673828125,0.003365325922812298,0.9355341097783302,0.10566715835361859,47155,0.9963978446484839
1352,/home/projects/bagon/shared/imagenet512/val/n04286575/ILSVRC2012_val_00037651.JPEG,454,131.90914916992188,0.00090789794921875,0.003935235236970552,0.9421449729280622,0.16352949207645562,47158,0.989265105548584
1353,/home/projects/bagon/shared/imagenet512/val/n04599235/ILSVRC2012_val_00027561.JPEG,335,100.48223876953125,0.00098419189453125,0.0029074378432023137,0.9634593917637383,0.014484596368362357,47169,0.9959830728906051
1354,/home/projects/bagon/shared/imagenet512/val/n04111531/ILSVRC2012_val_00019775.JPEG,405,493.8122978210449,0.000965118408203125,0.0037974853490127247,0.993995998984177,0.013077950585836468,47185,0.9904554329712125
1355,/home/projects/bagon/shared/imagenet512/val/n04264628/ILSVRC2012_val_00025138.JPEG,892,1461.5269775390625,0.0009765625,0.006744031778884196,0.9971482354642784,0.013940603886116343,47241,0.9853286578788429
1356,/home/projects/bagon/shared/imagenet512/val/n01749939/ILSVRC2012_val_00009059.JPEG,442,398.50083923339844,0.00099945068359375,0.004029029046348553,0.9912698717390439,0.041861322439850246,47257,0.9937138028039525
1357,/home/projects/bagon/shared/imagenet512/val/n04350905/ILSVRC2012_val_00020131.JPEG,611,111.4509506225586,0.00099945068359375,0.005195510181483332,0.719369158621539,0.07326957012844737,47281,0.9866901043362385
1358,/home/projects/bagon/shared/imagenet512/val/n03000247/ILSVRC2012_val_00029688.JPEG,688,368.6469192504883,0.0009613037109375,0.005375823373157898,0.9942297068621638,0.07474795235332571,47291,0.9948139502307658
1359,/home/projects/bagon/shared/imagenet512/val/n03958227/ILSVRC2012_val_00004566.JPEG,275,104.24729537963867,0.000911712646484375,0.0025335255744809325,0.9799005682360071,0.08936356209975549,47305,0.9956433924030428
1360,/home/projects/bagon/shared/imagenet512/val/n07614500/ILSVRC2012_val_00049702.JPEG,681,918.2489280700684,0.000904083251953125,0.005717125572078593,0.9946501481401249,0.06865318582044347,47329,0.9875204396892493
1361,/home/projects/bagon/shared/imagenet512/val/n03782006/ILSVRC2012_val_00024976.JPEG,612,175.13158798217773,0.000934600830078125,0.005407298646288054,0.852335597727129,0.06179497822036584,47333,0.9924322178641327
1362,/home/projects/bagon/shared/imagenet512/val/n02102480/ILSVRC2012_val_00048974.JPEG,656,758.0730133056641,0.000946044921875,0.00548572182193232,0.9949276019447761,0.04884624395692,47335,0.9895485625026121
1363,/home/projects/bagon/shared/imagenet512/val/n01773549/ILSVRC2012_val_00011638.JPEG,525,195.72745513916016,0.00098419189453125,0.004525813287482701,0.8964757285094542,0.11626587988623055,47338,0.9941064762327119
1364,/home/projects/bagon/shared/imagenet512/val/n02097130/ILSVRC2012_val_00004251.JPEG,346,112.80318450927734,0.00099945068359375,0.003084308429999688,0.9027548639024379,0.0910374574826644,47360,0.9968114050855788
1365,/home/projects/bagon/shared/imagenet512/val/n04040759/ILSVRC2012_val_00025084.JPEG,507,923.175910949707,0.00095367431640625,0.004492804357285277,0.9986780352407256,0.13212066383386828,47373,0.9838320095264337
1366,/home/projects/bagon/shared/imagenet512/val/n03197337/ILSVRC2012_val_00020267.JPEG,335,453.7822952270508,0.00095367431640625,0.003181051184664923,0.9935398946753955,0.08121623240174775,47384,0.9933820155923037
1367,/home/projects/bagon/shared/imagenet512/val/n04428191/ILSVRC2012_val_00002879.JPEG,303,36.30548858642578,0.00099945068359375,0.002869312108783463,0.658334110810461,0.09045580241214862,47388,0.9972525032997814
1368,/home/projects/bagon/shared/imagenet512/val/n04125021/ILSVRC2012_val_00013070.JPEG,438,454.29028701782227,0.000919342041015625,0.004028140239428371,0.9866743410866353,0.23171463035884365,47392,0.9892926424216996
1369,/home/projects/bagon/shared/imagenet512/val/n04476259/ILSVRC2012_val_00029260.JPEG,371,584.2867431640625,0.00096893310546875,0.0033290581660566634,0.9981507119123116,0.1455928257973052,47396,0.9951480899044357
1370,/home/projects/bagon/shared/imagenet512/val/n03355925/ILSVRC2012_val_00041479.JPEG,592,444.43274688720703,0.0009918212890625,0.005161479587926735,0.9905844604606318,0.05118543555667665,47430,0.9935097230431775
1371,/home/projects/bagon/shared/imagenet512/val/n03877845/ILSVRC2012_val_00021980.JPEG,492,509.5406303405762,0.000957489013671875,0.0044101276578693924,0.9955622871527461,0.17474345000184355,47436,0.9886235014641325
1372,/home/projects/bagon/shared/imagenet512/val/n03530642/ILSVRC2012_val_00042170.JPEG,442,364.81822204589844,0.00098419189453125,0.0037426236875487693,0.9760561962311064,0.005828889844842977,47443,0.9966232985026952
1373,/home/projects/bagon/shared/imagenet512/val/n02089078/ILSVRC2012_val_00033531.JPEG,585,426.82141876220703,0.0009765625,0.005135627438956779,0.9921440723092867,0.008997278088891364,47447,0.9872371455312583
1374,/home/projects/bagon/shared/imagenet512/val/n02727426/ILSVRC2012_val_00013164.JPEG,459,91.56173324584961,0.000949859619140625,0.003969186328207773,0.7936960998746103,0.033095807982700814,47465,0.9934494081456883
1375,/home/projects/bagon/shared/imagenet512/val/n04355933/ILSVRC2012_val_00001719.JPEG,530,323.6243133544922,0.00099945068359375,0.0045087062108923924,0.9610206154891967,0.21287744958869692,47470,0.990202751626353
1376,/home/projects/bagon/shared/imagenet512/val/n02667093/ILSVRC2012_val_00011953.JPEG,351,22.663116455078125,0.0009613037109375,0.0031688250032981965,0.6494994827341005,0.05219906181219158,47471,0.9978970224489498
1377,/home/projects/bagon/shared/imagenet512/val/n03649909/ILSVRC2012_val_00031075.JPEG,315,212.28689193725586,0.000957489013671875,0.002898230434417918,0.9932610040118178,0.15970390891997277,47500,0.9958286623165077
1378,/home/projects/bagon/shared/imagenet512/val/n03125729/ILSVRC2012_val_00015803.JPEG,708,1462.8218078613281,0.00091552734375,0.005998702889207901,0.9989292308533594,0.054969903214106,47507,0.9831389445103036
1379,/home/projects/bagon/shared/imagenet512/val/n02869837/ILSVRC2012_val_00013039.JPEG,426,434.4753952026367,0.00096893310546875,0.003870899534472457,0.9896290371402282,0.041901587904312254,47513,0.9960036501783982
1380,/home/projects/bagon/shared/imagenet512/val/n02086240/ILSVRC2012_val_00044224.JPEG,505,162.73084259033203,0.00083160400390625,0.004609341867901131,0.8514670885810504,0.1091773836350449,47528,0.993741589049276
1381,/home/projects/bagon/shared/imagenet512/val/n02492035/ILSVRC2012_val_00019469.JPEG,569,654.1839828491211,0.00098419189453125,0.004709871642078831,0.9962115820158296,0.05015937120847641,47554,0.9922222259655828
1382,/home/projects/bagon/shared/imagenet512/val/n02895154/ILSVRC2012_val_00008405.JPEG,721,217.72924041748047,0.00098419189453125,0.006197660723599856,0.8796923124924574,0.024340318116769122,47566,0.9855999276994787
1383,/home/projects/bagon/shared/imagenet512/val/n07920052/ILSVRC2012_val_00032379.JPEG,651,822.8680839538574,0.000919342041015625,0.0056631887473422475,0.9926658307590268,0.11574282962922033,47569,0.9912514576456892
1384,/home/projects/bagon/shared/imagenet512/val/n04209133/ILSVRC2012_val_00010607.JPEG,612,733.4477767944336,0.0009918212890625,0.004634276408255674,0.9986599591958192,0.03426212999601855,47570,0.9900853234056194
1385,/home/projects/bagon/shared/imagenet512/val/n04081281/ILSVRC2012_val_00005240.JPEG,657,866.4268913269043,0.000972747802734375,0.005640296324785586,0.9984402164681274,0.07561181655061275,47571,0.9780992651140387
1386,/home/projects/bagon/shared/imagenet512/val/n03781244/ILSVRC2012_val_00021768.JPEG,468,645.5020141601562,0.0009613037109375,0.0042056011509374845,0.9977918849687,0.04139515709044292,47572,0.9951861561367717
1387,/home/projects/bagon/shared/imagenet512/val/n07831146/ILSVRC2012_val_00036499.JPEG,472,274.2845458984375,0.0009918212890625,0.004173011238962176,0.9340842447642668,0.08806160043039082,47577,0.9912590899018723
1388,/home/projects/bagon/shared/imagenet512/val/n02119789/ILSVRC2012_val_00021730.JPEG,320,25.985397338867188,0.0009918212890625,0.0030368240165956624,0.42333905971477287,0.05182395273756918,47593,0.9978175552430972
1389,/home/projects/bagon/shared/imagenet512/val/n04367480/ILSVRC2012_val_00010134.JPEG,517,439.53531646728516,0.00099945068359375,0.004427969879289477,0.9959419037233264,0.05178681780685479,47616,0.9939501087069662
1390,/home/projects/bagon/shared/imagenet512/val/n03710637/ILSVRC2012_val_00002513.JPEG,961,206.4091033935547,0.0009613037109375,0.007799571636693544,0.7299560732939253,0.09513701513048489,47619,0.9736704661036247
1391,/home/projects/bagon/shared/imagenet512/val/n04560804/ILSVRC2012_val_00005333.JPEG,462,535.1031494140625,0.00099945068359375,0.0041110457729384275,0.9977349030993986,0.10762383152271177,47626,0.9897346693535042
1392,/home/projects/bagon/shared/imagenet512/val/n01990800/ILSVRC2012_val_00021319.JPEG,449,613.8491592407227,0.00099945068359375,0.0035817877407660287,0.9987453527932547,0.11354529353922657,47630,0.9966406317307059
1393,/home/projects/bagon/shared/imagenet512/val/n09193705/ILSVRC2012_val_00000270.JPEG,626,392.03148651123047,0.00095367431640625,0.004969551739108695,0.9920035941258241,0.07665430964739478,47636,0.9923991986257732
1394,/home/projects/bagon/shared/imagenet512/val/n03532672/ILSVRC2012_val_00032965.JPEG,468,580.0752067565918,0.000896453857421875,0.004178795231928421,0.9963736914959469,0.017666260602344663,47641,0.9944878688888678
1395,/home/projects/bagon/shared/imagenet512/val/n01980166/ILSVRC2012_val_00012779.JPEG,519,577.484001159668,0.00096893310546875,0.00451307494365582,0.9966239332303659,0.10369409247790862,47658,0.9872555493017044
1396,/home/projects/bagon/shared/imagenet512/val/n04074963/ILSVRC2012_val_00031846.JPEG,589,418.6145248413086,0.000885009765625,0.0053583296512873455,0.9703703112383888,0.08047931440142886,47679,0.9885154929095735
1397,/home/projects/bagon/shared/imagenet512/val/n02098413/ILSVRC2012_val_00048235.JPEG,887,865.1491508483887,0.000919342041015625,0.006854679903894742,0.9961784213999085,0.0858731982992833,47684,0.9851936752787974
1398,/home/projects/bagon/shared/imagenet512/val/n02493793/ILSVRC2012_val_00024437.JPEG,369,197.89800262451172,0.00098419189453125,0.0031896789571491035,0.8618966034612924,0.0051365859478049725,47702,0.9968956708807579
1399,/home/projects/bagon/shared/imagenet512/val/n04443257/ILSVRC2012_val_00009808.JPEG,364,243.86402130126953,0.0009307861328125,0.00340477715447363,0.9899269260229364,0.03882327513814707,47705,0.9955745023453111
1400,/home/projects/bagon/shared/imagenet512/val/n04350905/ILSVRC2012_val_00027101.JPEG,833,899.2111740112305,0.00099945068359375,0.006914058245836217,0.9965505834671234,0.11159728829652399,47709,0.9844835273766019
1401,/home/projects/bagon/shared/imagenet512/val/n04591157/ILSVRC2012_val_00022572.JPEG,639,513.6191673278809,0.000949859619140625,0.005551926886269697,0.9712888553644929,0.033751183580072064,47713,0.9940789161416654
1402,/home/projects/bagon/shared/imagenet512/val/n02974003/ILSVRC2012_val_00017438.JPEG,695,342.9941864013672,0.0009918212890625,0.0059517042652384835,0.9651207022631834,0.002399920432895025,47720,0.9916942384190917
1403,/home/projects/bagon/shared/imagenet512/val/n02094114/ILSVRC2012_val_00010253.JPEG,405,550.590648651123,0.000797271728515625,0.003626430890971026,0.9975426445477835,0.002158901556202464,47723,0.9882287384908044
1404,/home/projects/bagon/shared/imagenet512/val/n03291819/ILSVRC2012_val_00025948.JPEG,365,65.78170776367188,0.00098419189453125,0.0034048173039054165,0.876186019230466,0.13605117714057635,47728,0.9971641415048345
1405,/home/projects/bagon/shared/imagenet512/val/n02229544/ILSVRC2012_val_00031335.JPEG,518,363.0243263244629,0.000965118408203125,0.004669744512789031,0.9838021629410311,0.10080925056486653,47733,0.9929524529145899
1406,/home/projects/bagon/shared/imagenet512/val/n02776631/ILSVRC2012_val_00021392.JPEG,527,486.4679985046387,0.000957489013671875,0.004732236022832578,0.9959710969793156,0.07831873319770238,47774,0.9928128487371441
1407,/home/projects/bagon/shared/imagenet512/val/n02979186/ILSVRC2012_val_00027735.JPEG,582,168.48799896240234,0.0009765625,0.004977447777042845,0.8835895157166109,0.07006288666845997,47782,0.9946492470792514
1408,/home/projects/bagon/shared/imagenet512/val/n03220513/ILSVRC2012_val_00046008.JPEG,693,1454.6944198608398,0.0009765625,0.005611863122446076,0.9988906890660789,0.19151548527705678,47801,0.981507416103439
1409,/home/projects/bagon/shared/imagenet512/val/n03633091/ILSVRC2012_val_00022723.JPEG,565,1156.1470336914062,0.00098419189453125,0.005287395530398588,0.9971759527037514,0.08377066810593595,47804,0.9840973850847037
1410,/home/projects/bagon/shared/imagenet512/val/n03658185/ILSVRC2012_val_00040880.JPEG,601,412.8996353149414,0.0009918212890625,0.005340659338047434,0.9560432217393099,0.16048348863967005,47811,0.9944701790063742
1411,/home/projects/bagon/shared/imagenet512/val/n03485794/ILSVRC2012_val_00019769.JPEG,448,299.5187225341797,0.00096893310546875,0.003928725671790359,0.9913639065771912,0.058174179959602196,47819,0.9970711962051338
1412,/home/projects/bagon/shared/imagenet512/val/n04141975/ILSVRC2012_val_00028818.JPEG,434,318.12038803100586,0.000957489013671875,0.004055345925742701,0.9591632675215285,0.03595341110085229,47835,0.9955683331587861
1413,/home/projects/bagon/shared/imagenet512/val/n04296562/ILSVRC2012_val_00006930.JPEG,517,275.3875045776367,0.0009765625,0.004475894199574817,0.9701026415411259,0.1273526096964043,47838,0.9946683388479783
1414,/home/projects/bagon/shared/imagenet512/val/n04192698/ILSVRC2012_val_00037734.JPEG,410,798.5637245178223,0.000873565673828125,0.0036912481004570652,0.998168069465325,0.14430993002904283,47854,0.9944129836776553
1415,/home/projects/bagon/shared/imagenet512/val/n03642806/ILSVRC2012_val_00048251.JPEG,436,87.9683609008789,0.0009918212890625,0.004020574250538726,0.7896600589540187,0.0249579917070383,47861,0.9940603231980342
1416,/home/projects/bagon/shared/imagenet512/val/n03196217/ILSVRC2012_val_00010672.JPEG,844,2264.60245513916,0.0009765625,0.007088540728691525,0.9987386589827428,0.029049948268332737,47870,0.9838172625775513
1417,/home/projects/bagon/shared/imagenet512/val/n02089973/ILSVRC2012_val_00000028.JPEG,507,409.65996170043945,0.000949859619140625,0.004619177435517431,0.9774262423069003,0.009842090276628468,47878,0.9946255325698728
1418,/home/projects/bagon/shared/imagenet512/val/n03657121/ILSVRC2012_val_00005509.JPEG,597,685.9805221557617,0.00093841552734375,0.00518112852573691,0.9958558884062649,0.03993349067749302,47887,0.9890575842144208
1419,/home/projects/bagon/shared/imagenet512/val/n02105251/ILSVRC2012_val_00048748.JPEG,361,102.33406066894531,0.00099945068359375,0.0033947186366765744,0.8629041257413084,0.06998728965677606,47907,0.9960009167724491
1420,/home/projects/bagon/shared/imagenet512/val/n02776631/ILSVRC2012_val_00048081.JPEG,585,1150.2458267211914,0.00098419189453125,0.005141669753791802,0.9975992824025912,0.026160343791764018,47908,0.9933643134867983
1421,/home/projects/bagon/shared/imagenet512/val/n03201208/ILSVRC2012_val_00039899.JPEG,659,320.66541290283203,0.00099945068359375,0.005682985920909943,0.9593882853090502,0.16811963743887934,47933,0.9915356288468683
1422,/home/projects/bagon/shared/imagenet512/val/n07248320/ILSVRC2012_val_00010338.JPEG,274,98.83168029785156,0.00098419189453125,0.002642217871850887,0.7346748942827316,0.0638826012589433,47939,0.9983106623452619
1423,/home/projects/bagon/shared/imagenet512/val/n03866082/ILSVRC2012_val_00043581.JPEG,787,511.81827545166016,0.00099945068359375,0.006710607945078929,0.9704134871362651,0.19772056798250118,47942,0.9827571679090737
1424,/home/projects/bagon/shared/imagenet512/val/n02437616/ILSVRC2012_val_00030943.JPEG,547,499.59693908691406,0.00099945068359375,0.004500062675163128,0.9979008670912776,0.054307987128502766,47955,0.9942648281974268
1425,/home/projects/bagon/shared/imagenet512/val/n03692522/ILSVRC2012_val_00004519.JPEG,419,1121.7660446166992,0.0009002685546875,0.0038663712986297095,0.998390326925807,0.024391249392133385,47971,0.9937912069469297
1426,/home/projects/bagon/shared/imagenet512/val/n02086240/ILSVRC2012_val_00010550.JPEG,456,147.6402587890625,0.00095367431640625,0.0037879013755472723,0.9800449868960741,0.013832826236260087,47974,0.9916127278047593
1427,/home/projects/bagon/shared/imagenet512/val/n07734744/ILSVRC2012_val_00048751.JPEG,603,257.85363006591797,0.0009918212890625,0.00509796617198074,0.9378387446760444,0.04074496175152889,47977,0.9951175327730419
1428,/home/projects/bagon/shared/imagenet512/val/n02486261/ILSVRC2012_val_00038203.JPEG,397,173.08116912841797,0.0009918212890625,0.003536562142479764,0.9793008316096665,0.13899184967816142,47985,0.9943881497975486
1429,/home/projects/bagon/shared/imagenet512/val/n04116512/ILSVRC2012_val_00045075.JPEG,833,2198.6346893310547,0.0009765625,0.006907712259009467,0.9981652112326052,0.025696337676021253,47987,0.9817319626946257
1430,/home/projects/bagon/shared/imagenet512/val/n01917289/ILSVRC2012_val_00008087.JPEG,455,8.693168640136719,0.00098419189453125,0.003614674093303814,0.39290367946947424,0.052627318761973546,47996,0.9968098919579003
1431,/home/projects/bagon/shared/imagenet512/val/n03125729/ILSVRC2012_val_00010193.JPEG,562,441.63438415527344,0.00096893310546875,0.005112584855928011,0.986433996657688,0.0069577436435034334,47997,0.988051765087224
1432,/home/projects/bagon/shared/imagenet512/val/n03201208/ILSVRC2012_val_00043733.JPEG,328,106.67601013183594,0.00099945068359375,0.0031212713729534013,0.8440125015389132,0.02869997728490556,48022,0.9948724599031706
1433,/home/projects/bagon/shared/imagenet512/val/n03709823/ILSVRC2012_val_00034177.JPEG,451,181.4844093322754,0.000896453857421875,0.0041363446414027305,0.8965623967926015,0.009373280325295774,48049,0.9955859486859221
1434,/home/projects/bagon/shared/imagenet512/val/n07720875/ILSVRC2012_val_00038872.JPEG,535,327.1876983642578,0.0009918212890625,0.004182975005958348,0.9955864311822582,0.0073485653493104985,48050,0.9949933054758524
1435,/home/projects/bagon/shared/imagenet512/val/n03045698/ILSVRC2012_val_00036947.JPEG,966,1400.4101219177246,0.000957489013671875,0.008047444296939203,0.9967622262626837,0.07457479937507513,48072,0.9835553888377107
1436,/home/projects/bagon/shared/imagenet512/val/n04428191/ILSVRC2012_val_00028609.JPEG,668,717.6464538574219,0.00098419189453125,0.005491504690193928,0.9968365365934758,0.009218037846134619,48073,0.9873103145015778
1437,/home/projects/bagon/shared/imagenet512/val/n04009552/ILSVRC2012_val_00046217.JPEG,286,218.51403045654297,0.00095367431640625,0.0027647518827684315,0.9772120464797125,0.0805592105252963,48074,0.9983324220549364
1438,/home/projects/bagon/shared/imagenet512/val/n07860988/ILSVRC2012_val_00005168.JPEG,552,1360.3445892333984,0.00098419189453125,0.004998993022128178,0.9985860944838953,0.045599186136253744,48075,0.9790134205088387
1439,/home/projects/bagon/shared/imagenet512/val/n02219486/ILSVRC2012_val_00012102.JPEG,618,932.0253372192383,0.00099945068359375,0.005361348015371986,0.9980293045458881,0.06023128317560897,48076,0.9766344515925053
1440,/home/projects/bagon/shared/imagenet512/val/n07892512/ILSVRC2012_val_00031627.JPEG,573,483.32895278930664,0.000949859619140625,0.004921440165366481,0.9940659566535408,0.03205092428855555,48078,0.9933889389051587
1441,/home/projects/bagon/shared/imagenet512/val/n04026417/ILSVRC2012_val_00013578.JPEG,652,639.8837356567383,0.0009918212890625,0.005340302377576791,0.9868942091189856,0.05761167435760567,48083,0.988890358247716
1442,/home/projects/bagon/shared/imagenet512/val/n02493509/ILSVRC2012_val_00014306.JPEG,553,59.36930847167969,0.00098419189453125,0.004762725764396424,0.5480724460904536,0.1945219248234681,48093,0.9886838461975321
1443,/home/projects/bagon/shared/imagenet512/val/n02127052/ILSVRC2012_val_00009992.JPEG,323,35.26392364501953,0.00099945068359375,0.0027694377325446417,0.9192814198236222,0.008348885591677901,48095,0.9979772545989456
1444,/home/projects/bagon/shared/imagenet512/val/n01491361/ILSVRC2012_val_00028564.JPEG,802,704.8276443481445,0.00098419189453125,0.006292362418046102,0.9902389833530476,0.08069816348941539,48103,0.9918710478341876
1445,/home/projects/bagon/shared/imagenet512/val/n07734744/ILSVRC2012_val_00011179.JPEG,353,77.98601531982422,0.00096893310546875,0.003284332056826814,0.6968978591673493,0.10937012999922013,48117,0.9955727570000384
1446,/home/projects/bagon/shared/imagenet512/val/n04428191/ILSVRC2012_val_00025547.JPEG,460,584.2481498718262,0.000972747802734375,0.004076146703511166,0.9975195948772947,0.05500082949799928,48121,0.9943941304942013
1447,/home/projects/bagon/shared/imagenet512/val/n03871628/ILSVRC2012_val_00003796.JPEG,493,351.8297348022461,0.00092315673828125,0.004497563220411384,0.9602486727443464,0.022421698026111936,48122,0.9952084145256248
1448,/home/projects/bagon/shared/imagenet512/val/n01776313/ILSVRC2012_val_00034020.JPEG,381,439.7532272338867,0.00096893310546875,0.0031831842021896985,0.9972935603994896,0.017357372520531017,48130,0.9965388664875758
1449,/home/projects/bagon/shared/imagenet512/val/n04532106/ILSVRC2012_val_00043135.JPEG,631,585.4465026855469,0.00098419189453125,0.004760297817191389,0.9979766225454386,0.053583662664982046,48141,0.9963501798931836
1450,/home/projects/bagon/shared/imagenet512/val/n03642806/ILSVRC2012_val_00019840.JPEG,640,267.60425186157227,0.000934600830078125,0.00566841956644495,0.9244586948875503,0.15555333958527662,48147,0.988791043800808
1451,/home/projects/bagon/shared/imagenet512/val/n01687978/ILSVRC2012_val_00030918.JPEG,536,454.53360748291016,0.0008697509765625,0.004761339084807844,0.9875526885303103,0.1917023471309774,48156,0.9913674653000986
1452,/home/projects/bagon/shared/imagenet512/val/n01978455/ILSVRC2012_val_00029812.JPEG,583,416.0533752441406,0.00098419189453125,0.005285821950674464,0.9428749864193827,0.0601151677141441,48159,0.989525673325056
1453,/home/projects/bagon/shared/imagenet512/val/n01693334/ILSVRC2012_val_00040704.JPEG,319,26.16790771484375,0.000823974609375,0.002952218859878924,0.4709826976732982,0.11607351385441611,48170,0.9947598448014598
1454,/home/projects/bagon/shared/imagenet512/val/n04239074/ILSVRC2012_val_00021568.JPEG,485,298.64196014404297,0.00096893310546875,0.004290468294593515,0.9805881858137565,0.12810748628867735,48178,0.9925707906800777
1455,/home/projects/bagon/shared/imagenet512/val/n04560804/ILSVRC2012_val_00003263.JPEG,600,617.1041717529297,0.0009002685546875,0.005198232636038938,0.9965870702046469,0.021466178318259727,48180,0.990522526017635
1456,/home/projects/bagon/shared/imagenet512/val/n03347037/ILSVRC2012_val_00030922.JPEG,613,1185.5604400634766,0.0009918212890625,0.004750962895787994,0.9981511614464429,0.036649451049034776,48187,0.989540765651204
1457,/home/projects/bagon/shared/imagenet512/val/n04264628/ILSVRC2012_val_00029531.JPEG,695,559.2301712036133,0.00098419189453125,0.005523674072817926,0.9926552261813955,0.1498652343491903,48188,0.9808353098724784
1458,/home/projects/bagon/shared/imagenet512/val/n04264628/ILSVRC2012_val_00018157.JPEG,562,374.934326171875,0.0009918212890625,0.004449963980726113,0.9786200775423658,0.10132088679119583,48193,0.9914895421243461
1459,/home/projects/bagon/shared/imagenet512/val/n04590129/ILSVRC2012_val_00002760.JPEG,584,536.1827239990234,0.0009918212890625,0.005306190905998472,0.9831297726402136,0.03999057495397307,48194,0.9936995856659405
1460,/home/projects/bagon/shared/imagenet512/val/n03929660/ILSVRC2012_val_00008406.JPEG,618,624.4113540649414,0.0009307861328125,0.005311280475222689,0.9887687063197421,0.10388306863694241,48199,0.9931826958968132
1461,/home/projects/bagon/shared/imagenet512/val/n04592741/ILSVRC2012_val_00008070.JPEG,452,549.0723876953125,0.00089263916015625,0.004153286487773093,0.9859533052076215,0.15856432062976816,48213,0.9813334205509469
1462,/home/projects/bagon/shared/imagenet512/val/n02747177/ILSVRC2012_val_00007993.JPEG,688,2094.7077255249023,0.0009765625,0.0057892414845763344,0.9984198182040364,0.08705768195663638,48218,0.9809931171408254
1463,/home/projects/bagon/shared/imagenet512/val/n03710721/ILSVRC2012_val_00003728.JPEG,618,178.52359771728516,0.0009918212890625,0.005014130033733048,0.8754977231344188,0.1956078316417008,48238,0.9916547252527506
1464,/home/projects/bagon/shared/imagenet512/val/n04487394/ILSVRC2012_val_00029268.JPEG,655,987.5786285400391,0.0009765625,0.005235369753944735,0.9977958696330425,0.04234689910237274,48239,0.9925770310238923
1465,/home/projects/bagon/shared/imagenet512/val/n03871628/ILSVRC2012_val_00029585.JPEG,519,730.0554847717285,0.000926971435546875,0.004630118566887858,0.9973277747336045,0.019369519018389292,48254,0.9957443161996248
1466,/home/projects/bagon/shared/imagenet512/val/n04328186/ILSVRC2012_val_00049993.JPEG,320,164.6103973388672,0.0009613037109375,0.0030252081285279085,0.9637122504162429,0.14275143038707463,48273,0.9981985451847443
1467,/home/projects/bagon/shared/imagenet512/val/n06794110/ILSVRC2012_val_00011435.JPEG,543,331.62589263916016,0.0009918212890625,0.004028825298979399,0.9896944645934311,0.06699311418498388,48289,0.9968432594943394
1468,/home/projects/bagon/shared/imagenet512/val/n03127925/ILSVRC2012_val_00003425.JPEG,508,345.95185470581055,0.000972747802734375,0.004567957730501762,0.9823717803473451,0.03452325157564201,48305,0.9898828972357029
1469,/home/projects/bagon/shared/imagenet512/val/n02110185/ILSVRC2012_val_00043643.JPEG,644,267.2958526611328,0.00091552734375,0.005524216106612512,0.9078511824712017,0.09153398795427775,48313,0.9919537592549341
1470,/home/projects/bagon/shared/imagenet512/val/n01983481/ILSVRC2012_val_00036833.JPEG,537,111.03389739990234,0.0009765625,0.004444016672703339,0.8484962127932446,0.06108046210997675,48317,0.9943657162562363
1471,/home/projects/bagon/shared/imagenet512/val/n03047690/ILSVRC2012_val_00035313.JPEG,271,142.71400451660156,0.00089263916015625,0.0025043622384349267,0.9652314801761936,0.0008784340582018157,48328,0.9968161277233301
1472,/home/projects/bagon/shared/imagenet512/val/n07871810/ILSVRC2012_val_00007058.JPEG,1274,1732.36079788208,0.000934600830078125,0.009250051746015881,0.9978015795029579,0.0665216307551848,48332,0.9819243748047998
1473,/home/projects/bagon/shared/imagenet512/val/n04591157/ILSVRC2012_val_00034137.JPEG,496,293.7116241455078,0.00096893310546875,0.004355588837046063,0.9248922247563642,0.017683497984965157,48333,0.9842300831435732
1474,/home/projects/bagon/shared/imagenet512/val/n03935335/ILSVRC2012_val_00038117.JPEG,960,1719.0996894836426,0.000881195068359375,0.007308169698302003,0.997255360863851,0.06763623759588652,48337,0.9821023909997151
1475,/home/projects/bagon/shared/imagenet512/val/n04591157/ILSVRC2012_val_00044298.JPEG,723,984.6268081665039,0.0009002685546875,0.006084001966316154,0.9959209418710468,0.06380483126042008,48342,0.9840031117503119
1476,/home/projects/bagon/shared/imagenet512/val/n01740131/ILSVRC2012_val_00000337.JPEG,461,336.6510238647461,0.0009918212890625,0.00412270814528189,0.9499396691543933,0.0202149470643552,48351,0.9920890434805776
1477,/home/projects/bagon/shared/imagenet512/val/n03065424/ILSVRC2012_val_00010445.JPEG,492,453.30164337158203,0.0009918212890625,0.004348202841845629,0.9894105684821717,0.09600927896017519,48355,0.9924502981703389
1478,/home/projects/bagon/shared/imagenet512/val/n03250847/ILSVRC2012_val_00020992.JPEG,426,281.1231918334961,0.0009613037109375,0.003903925683173121,0.9797479265613336,0.06587533733163481,48358,0.9956201792781397
1479,/home/projects/bagon/shared/imagenet512/val/n04090263/ILSVRC2012_val_00036194.JPEG,532,750.7691421508789,0.000946044921875,0.00457172248171446,0.9982089906982478,0.13591962193873255,48359,0.9913799249000708
1480,/home/projects/bagon/shared/imagenet512/val/n03782006/ILSVRC2012_val_00010771.JPEG,472,377.85852432250977,0.000965118408203125,0.004311022317685856,0.9667203830135845,0.055630273999213664,48364,0.989090183518397
1481,/home/projects/bagon/shared/imagenet512/val/n03868863/ILSVRC2012_val_00000549.JPEG,653,673.7025260925293,0.000942230224609375,0.005411863262974537,0.9875923486818986,0.10183024630994747,48375,0.9938653002504819
1482,/home/projects/bagon/shared/imagenet512/val/n01689811/ILSVRC2012_val_00038308.JPEG,562,277.1946716308594,0.0008697509765625,0.004697200076691121,0.9367736415675177,0.13138510665961176,48379,0.9925325745761688
1483,/home/projects/bagon/shared/imagenet512/val/n04560804/ILSVRC2012_val_00049563.JPEG,378,193.53381729125977,0.000972747802734375,0.003420626760911398,0.9457652577193287,0.004460237849914506,48382,0.9950935884119759
1484,/home/projects/bagon/shared/imagenet512/val/n01855032/ILSVRC2012_val_00039907.JPEG,659,852.7942428588867,0.00096893310546875,0.005042904406603936,0.9980697755948819,0.04946431978853627,48384,0.9915286950925921
1485,/home/projects/bagon/shared/imagenet512/val/n02012849/ILSVRC2012_val_00018517.JPEG,329,279.26160049438477,0.000972747802734375,0.00310935135648257,0.9740602910953409,0.08544406153205353,48387,0.9953147767011021
1486,/home/projects/bagon/shared/imagenet512/val/n03710637/ILSVRC2012_val_00043911.JPEG,955,743.0523147583008,0.0009613037109375,0.007053145657401804,0.9921945401788979,0.0012154776600059036,48399,0.9716406445917074
1487,/home/projects/bagon/shared/imagenet512/val/n03710721/ILSVRC2012_val_00030106.JPEG,1044,1715.3915939331055,0.00096893310546875,0.0076352635821865696,0.9985783672405468,0.12382738652984732,48400,0.9837764063827668
1488,/home/projects/bagon/shared/imagenet512/val/n03950228/ILSVRC2012_val_00009598.JPEG,605,635.5540962219238,0.000965118408203125,0.0051539543214575234,0.9944956038750948,0.10095619931463651,48410,0.9915453621121707
1489,/home/projects/bagon/shared/imagenet512/val/n03498962/ILSVRC2012_val_00023035.JPEG,578,948.1955947875977,0.00096893310546875,0.004952530755555164,0.9982081036034955,0.044768950647057076,48417,0.9914524883826987
1490,/home/projects/bagon/shared/imagenet512/val/n04296562/ILSVRC2012_val_00038146.JPEG,571,928.6068649291992,0.0008697509765625,0.004749588520628026,0.9981905316178359,0.0692474053523584,48421,0.9929175485005156
1491,/home/projects/bagon/shared/imagenet512/val/n02094433/ILSVRC2012_val_00046717.JPEG,536,313.3517532348633,0.0009918212890625,0.004906340906776283,0.9690875595917778,0.06331746735297059,48427,0.9928997251785775
1492,/home/projects/bagon/shared/imagenet512/val/n03642806/ILSVRC2012_val_00037062.JPEG,522,99.85231018066406,0.00098419189453125,0.0047509296973554565,0.6978391424376452,0.2394159793611073,48428,0.9901942441836766
1493,/home/projects/bagon/shared/imagenet512/val/n02666196/ILSVRC2012_val_00029302.JPEG,401,103.3818130493164,0.00098419189453125,0.003553729939725019,0.8136485821006041,0.03178134727919854,48432,0.991743251375694
1494,/home/projects/bagon/shared/imagenet512/val/n03032252/ILSVRC2012_val_00015013.JPEG,675,236.86949920654297,0.00084686279296875,0.005834396070278034,0.9280091007273004,0.22183796502789926,48440,0.9915894643195791
1495,/home/projects/bagon/shared/imagenet512/val/n01945685/ILSVRC2012_val_00027499.JPEG,377,110.49079513549805,0.000949859619140625,0.0034076902360781866,0.9584347894600632,0.03073970047780561,48457,0.9970865288125574
1496,/home/projects/bagon/shared/imagenet512/val/n02229544/ILSVRC2012_val_00006730.JPEG,390,251.52297592163086,0.000957489013671875,0.0036687129609932366,0.9643274899423196,0.04867648939625435,48458,0.9964011812589155
1497,/home/projects/bagon/shared/imagenet512/val/n02504013/ILSVRC2012_val_00003280.JPEG,635,656.1765518188477,0.00099945068359375,0.004939220171712693,0.9899525862462379,0.20254877893129047,48463,0.9879510647425598
1498,/home/projects/bagon/shared/imagenet512/val/n03888605/ILSVRC2012_val_00000240.JPEG,436,324.72307205200195,0.000942230224609375,0.003908008614119278,0.9843406706805713,0.12309495922095004,48466,0.9961264496900691
1499,/home/projects/bagon/shared/imagenet512/val/n01955084/ILSVRC2012_val_00015597.JPEG,505,262.07641220092773,0.000972747802734375,0.004094328967586761,0.9960627030416278,0.04902741734403088,48468,0.9925483420872262
