example_index,path,total_steps_to_epsilon,total_loss_sum,final_loss,weight_distance,softmax_wasserstein,grad_mass_wasserstein,universal_difficulty_rank
0,/home/projects/bagon/shared/imagenet512/val/n07716358/ILSVRC2012_val_00006290.JPEG,280,3.100379212759435,0.000996331567876041,0.1578193276176987,0.8120242415229233,0.28588853674424247,17559
1,/home/projects/bagon/shared/imagenet512/val/n03998194/ILSVRC2012_val_00030140.JPEG,203,1.4000067801680416,0.00099871342536062,0.08764330144383145,0.28489182293369564,0.22686138573072498,18916
2,/home/projects/bagon/shared/imagenet512/val/n04517823/ILSVRC2012_val_00037908.JPEG,-1,nan,nan,nan,nan,nan,19801
3,/home/projects/bagon/shared/imagenet512/val/n02087394/ILSVRC2012_val_00001651.JPEG,938,23.366682672989555,0.0009993088897317648,0.2929800877945896,nan,0.38917166583347074,20792
4,/home/projects/bagon/shared/imagenet512/val/n01560419/ILSVRC2012_val_00011331.JPEG,327,2.7928461582632735,0.0009982370538637042,0.16336730392111568,0.5463180626233738,0.38355895522083716,22050
5,/home/projects/bagon/shared/imagenet512/val/n02277742/ILSVRC2012_val_00040035.JPEG,-1,nan,nan,nan,nan,nan,22791
6,/home/projects/bagon/shared/imagenet512/val/n02106030/ILSVRC2012_val_00009055.JPEG,619,30.511021897778846,0.0009996660519391298,0.30696754721086555,nan,0.4808183540149628,22895
7,/home/projects/bagon/shared/imagenet512/val/n03840681/ILSVRC2012_val_00046678.JPEG,73,21.434585197130218,0.0009873997187241912,0.3869700557397574,0.9259681685320875,0.2687166542467931,23207
8,/home/projects/bagon/shared/imagenet512/val/n03888605/ILSVRC2012_val_00024084.JPEG,8,35.44511651992741,1.0728830375228426e-06,0.40287315194713125,0.6472362049575089,0.4314498398240544,23625
9,/home/projects/bagon/shared/imagenet512/val/n04542943/ILSVRC2012_val_00045700.JPEG,5,119.6035248041153,0.0,85.4284492670873,0.8372918607480486,0.45386590864126203,23964
10,/home/projects/bagon/shared/imagenet512/val/n07720875/ILSVRC2012_val_00022634.JPEG,161,1.4291053600609303,0.000996212475001812,0.08185025286890125,0.2602153996149724,0.1985064122644124,24170
11,/home/projects/bagon/shared/imagenet512/val/n02099712/ILSVRC2012_val_00009984.JPEG,172,15.15742331254296,0.0009972843108698726,0.2716492344916382,0.6573926235012887,0.48880073941074553,24387
12,/home/projects/bagon/shared/imagenet512/val/n02009229/ILSVRC2012_val_00002003.JPEG,-1,nan,nan,nan,nan,nan,25015
13,/home/projects/bagon/shared/imagenet512/val/n02090379/ILSVRC2012_val_00009348.JPEG,354,8.18239830690436,0.0009956170106306672,0.2814283320003983,nan,0.3847181571716178,25071
14,/home/projects/bagon/shared/imagenet512/val/n02123045/ILSVRC2012_val_00013673.JPEG,436,4.486655363114551,0.000998594332486391,0.14145710362070557,0.6351650620696321,0.17717332219631324,25104
15,/home/projects/bagon/shared/imagenet512/val/n03041632/ILSVRC2012_val_00048820.JPEG,419,3.9523038554470986,0.000998951611109078,0.1966086015426613,0.8478695921868303,0.36408736080767246,25284
16,/home/projects/bagon/shared/imagenet512/val/n03127925/ILSVRC2012_val_00029205.JPEG,303,2.489964386448264,0.0009965697536244988,0.1341361174237906,0.35680264921565014,0.25973872996060343,25296
17,/home/projects/bagon/shared/imagenet512/val/n01855032/ILSVRC2012_val_00011488.JPEG,414,8.076000402215868,0.0009984752396121621,0.2532221376847689,0.8520555328364334,0.3450345177719095,25316
18,/home/projects/bagon/shared/imagenet512/val/n03895866/ILSVRC2012_val_00018861.JPEG,470,5.074161098105833,0.0009993088897317648,0.2236744780630555,0.8016217957541126,0.36217987550745084,25338
19,/home/projects/bagon/shared/imagenet512/val/n02097209/ILSVRC2012_val_00010720.JPEG,390,2.746311504393816,0.0009991897968575358,0.1067045500029684,0.5042464357827827,0.1847279189447972,25508
20,/home/projects/bagon/shared/imagenet512/val/n03461385/ILSVRC2012_val_00012810.JPEG,198,16.92202863562852,0.0009990707039833069,0.33439519301428666,0.8627725608524504,0.34432168283109643,25530
21,/home/projects/bagon/shared/imagenet512/val/n02804610/ILSVRC2012_val_00001369.JPEG,-1,nan,nan,nan,nan,nan,25924
22,/home/projects/bagon/shared/imagenet512/val/n04209133/ILSVRC2012_val_00035327.JPEG,8,36.63525432348251,0.0,3.637253040474483,nan,0.02900969314137669,26182
23,/home/projects/bagon/shared/imagenet512/val/n02090379/ILSVRC2012_val_00008272.JPEG,409,29.03249353065621,0.0009993088897317648,0.4492154570658659,0.537963646397928,0.3494474565018473,26239
24,/home/projects/bagon/shared/imagenet512/val/n07760859/ILSVRC2012_val_00015400.JPEG,307,21.869902442442253,0.0009996660519391298,0.4400800843655952,0.7191436146909644,0.3623143990505049,26253
25,/home/projects/bagon/shared/imagenet512/val/n02088094/ILSVRC2012_val_00042097.JPEG,38,35.40623765264172,0.0009828743059188128,0.5068427690134583,0.9815798947051355,0.36804787445700404,26376
26,/home/projects/bagon/shared/imagenet512/val/n02095570/ILSVRC2012_val_00020116.JPEG,440,43.77145274914801,0.00099871342536062,0.42598299241642174,0.5895387168443021,0.31846771117903305,26416
27,/home/projects/bagon/shared/imagenet512/val/n02490219/ILSVRC2012_val_00046674.JPEG,11,73.68713188171387,0.0,12.545208967048488,0.8453160892119123,0.5691428021355118,26576
28,/home/projects/bagon/shared/imagenet512/val/n04141327/ILSVRC2012_val_00026734.JPEG,272,4.613005907158367,0.0009997851448133588,0.14967048300573482,0.8721193231241702,0.26773812723822127,26688
29,/home/projects/bagon/shared/imagenet512/val/n02096437/ILSVRC2012_val_00024766.JPEG,445,5.064839174388908,0.0009977606823667884,0.2583203877937092,0.5732722244891876,0.38899217811340403,26797
30,/home/projects/bagon/shared/imagenet512/val/n03970156/ILSVRC2012_val_00006502.JPEG,347,2.743216880597174,0.00099871342536062,0.1394339087827438,0.33584834487174137,0.3919547512782057,26959
31,/home/projects/bagon/shared/imagenet512/val/n02948072/ILSVRC2012_val_00019806.JPEG,170,1.5058210130082443,0.0009939497103914618,0.12518347143628758,0.2490428701388786,0.3876974705032252,27184
32,/home/projects/bagon/shared/imagenet512/val/n04004767/ILSVRC2012_val_00003258.JPEG,307,15.632665298762731,0.0009969270322471857,0.5529616773054058,0.6859463087249197,0.4118231789686943,27198
33,/home/projects/bagon/shared/imagenet512/val/n03498962/ILSVRC2012_val_00031055.JPEG,173,8.870971378055401,0.0009954979177564383,0.3646362269469716,0.9314692204879873,0.24861568293718025,27319
34,/home/projects/bagon/shared/imagenet512/val/n01630670/ILSVRC2012_val_00006331.JPEG,727,8.843132305308245,0.0009994279826059937,0.26895867637089,0.7338157201458816,0.38499812825806623,27353
35,/home/projects/bagon/shared/imagenet512/val/n03874293/ILSVRC2012_val_00028877.JPEG,274,9.787163523258641,0.0009991897968575358,0.2477182146084043,0.7249518372230728,0.303314863841351,27381
36,/home/projects/bagon/shared/imagenet512/val/n01704323/ILSVRC2012_val_00027700.JPEG,320,22.675620858441107,0.0009975224966183305,0.615225806123995,0.9027288101907636,0.5605449933289046,27486
37,/home/projects/bagon/shared/imagenet512/val/n02105056/ILSVRC2012_val_00034070.JPEG,154,14.609404791845009,0.0009991897968575358,0.30255610363798546,0.7498016697306671,0.518983053750071,27487
38,/home/projects/bagon/shared/imagenet512/val/n03884397/ILSVRC2012_val_00044369.JPEG,83,50.293386695790105,0.0009833505610004067,0.5430127944454406,0.9915782398744224,0.44847341572896704,27491
39,/home/projects/bagon/shared/imagenet512/val/n04162706/ILSVRC2012_val_00008883.JPEG,126,56.02045893250033,0.0009976415894925594,0.5222543349795803,0.8011228888473658,0.5695373952941059,27522
40,/home/projects/bagon/shared/imagenet512/val/n01742172/ILSVRC2012_val_00021032.JPEG,-1,nan,nan,nan,nan,nan,27693
41,/home/projects/bagon/shared/imagenet512/val/n04317175/ILSVRC2012_val_00048424.JPEG,170,2.226501803495921,0.0009999042376875877,0.19031895158236933,nan,0.5380364653699685,27822
42,/home/projects/bagon/shared/imagenet512/val/n01978455/ILSVRC2012_val_00023604.JPEG,305,22.00725557806436,0.000998832518234849,0.33993658504355834,0.8429058642021222,0.27549544713978896,27882
43,/home/projects/bagon/shared/imagenet512/val/n02088632/ILSVRC2012_val_00022179.JPEG,364,12.022633359651081,0.000998832518234849,0.3166498337032238,0.43776569314117764,0.39113163301077536,28114
44,/home/projects/bagon/shared/imagenet512/val/n03028079/ILSVRC2012_val_00016832.JPEG,6,170.11462819576263,0.0,29.655086677028645,0.7060884166017246,0.5975367260879229,28177
45,/home/projects/bagon/shared/imagenet512/val/n02090622/ILSVRC2012_val_00009057.JPEG,155,18.455043069203384,0.0009981179609894753,0.35673070368505444,0.5584021484427916,0.42208687092792163,28236
46,/home/projects/bagon/shared/imagenet512/val/n03100240/ILSVRC2012_val_00020524.JPEG,382,7.037032400956377,0.0009993088897317648,0.20595047767925517,0.7835799884326702,0.33560545789007634,28343
47,/home/projects/bagon/shared/imagenet512/val/n04263257/ILSVRC2012_val_00000004.JPEG,502,5.14551808568649,0.0009999042376875877,0.2942029705600545,0.8182194983461398,0.39790095233315137,28407
48,/home/projects/bagon/shared/imagenet512/val/n02090721/ILSVRC2012_val_00047950.JPEG,337,10.736715830862522,0.0009981179609894753,0.29323779856215765,0.6321938795274774,0.24616649841299265,28435
49,/home/projects/bagon/shared/imagenet512/val/n06874185/ILSVRC2012_val_00035748.JPEG,4,34.55914378166199,0.0,15.254987552930526,0.9191098138129035,0.47568878453165064,28482
50,/home/projects/bagon/shared/imagenet512/val/n02094433/ILSVRC2012_val_00038552.JPEG,640,4.979261973523535,0.0009999042376875877,0.15396680043748276,0.7276225094903069,0.2790051625742809,28538
51,/home/projects/bagon/shared/imagenet512/val/n04311174/ILSVRC2012_val_00010129.JPEG,26,16.815361970686354,0.000992997083812952,0.27149576733442005,0.588324866855602,0.13452175232291547,28599
52,/home/projects/bagon/shared/imagenet512/val/n03018349/ILSVRC2012_val_00038465.JPEG,449,12.999062607181258,0.0009993088897317648,0.30653255429062043,0.6340180223016363,0.4558611898567977,28695
53,/home/projects/bagon/shared/imagenet512/val/n02100236/ILSVRC2012_val_00010537.JPEG,488,39.918260677251965,0.0009997851448133588,0.36821800401060095,0.6452488328975745,0.4973931263870599,28795
54,/home/projects/bagon/shared/imagenet512/val/n01984695/ILSVRC2012_val_00037902.JPEG,82,66.00782212300692,0.0009921634336933494,0.3714848835093215,0.9936596001180059,0.3085464734825816,28855
55,/home/projects/bagon/shared/imagenet512/val/n03887697/ILSVRC2012_val_00027690.JPEG,349,4.841158130322583,0.0009993088897317648,0.16819741459542575,0.7985681869175598,0.2945148664361463,28914
56,/home/projects/bagon/shared/imagenet512/val/n03759954/ILSVRC2012_val_00047968.JPEG,5,58.507566690444946,0.0,3.54315771046526,0.9595908592825653,0.6996565837727174,28956
57,/home/projects/bagon/shared/imagenet512/val/n02088364/ILSVRC2012_val_00030567.JPEG,248,43.87809931638185,0.0009965697536244988,0.40496545663663636,0.7849257480030498,0.48602548672360846,28975
58,/home/projects/bagon/shared/imagenet512/val/n03775071/ILSVRC2012_val_00014685.JPEG,310,3.0602301922626793,0.0009970461251214147,0.16058454739047018,0.6701749932325507,0.21247121427518795,29182
59,/home/projects/bagon/shared/imagenet512/val/n04285008/ILSVRC2012_val_00027397.JPEG,645,12.545355596812442,0.0009994279826059937,0.3770533369625604,0.9214311677078791,0.4707513955085004,29254
60,/home/projects/bagon/shared/imagenet512/val/n07920052/ILSVRC2012_val_00016234.JPEG,209,11.003052959567867,0.0009968079393729568,0.31824910667135925,0.9920522605893609,0.27369346676237644,29278
61,/home/projects/bagon/shared/imagenet512/val/n02095889/ILSVRC2012_val_00045721.JPEG,311,17.930749163031578,0.0009978797752410173,0.43990403721644183,0.7067788402286523,0.25503259843097814,29323
62,/home/projects/bagon/shared/imagenet512/val/n02098413/ILSVRC2012_val_00029693.JPEG,980,13.379911878262646,0.0009997851448133588,0.29340817444870354,0.814327312228617,0.43351788541894776,29357
63,/home/projects/bagon/shared/imagenet512/val/n02219486/ILSVRC2012_val_00023798.JPEG,274,11.29310514847748,0.0009997851448133588,0.3404385394561288,0.9891870194043016,0.38898767614511354,29366
64,/home/projects/bagon/shared/imagenet512/val/n02102973/ILSVRC2012_val_00002416.JPEG,224,21.092984129791148,0.0009972843108698726,0.3357118448616907,0.5882311378169124,0.34191736544082174,29376
65,/home/projects/bagon/shared/imagenet512/val/n01580077/ILSVRC2012_val_00015195.JPEG,115,35.66848466999363,0.000992997083812952,0.3951876849879627,0.9679459494832385,0.36928542796175035,29459
66,/home/projects/bagon/shared/imagenet512/val/n02110806/ILSVRC2012_val_00040187.JPEG,210,1.4557297310093418,0.0009965697536244988,0.08722427022810168,0.30391118627412256,0.19410591844900774,29471
67,/home/projects/bagon/shared/imagenet512/val/n02100877/ILSVRC2012_val_00038122.JPEG,356,25.331210523843765,0.000998594332486391,0.36364068310315173,0.9750790655847213,0.3262180201936785,29538
68,/home/projects/bagon/shared/imagenet512/val/n02417914/ILSVRC2012_val_00034916.JPEG,374,22.158853189088404,0.0009971652179956436,0.35825140408440803,0.8625811416621665,0.2825608592159199,29547
69,/home/projects/bagon/shared/imagenet512/val/n01534433/ILSVRC2012_val_00023850.JPEG,442,16.5406793494476,0.0009999042376875877,0.5580316707416678,0.9130286666999714,0.2465653853756538,29662
70,/home/projects/bagon/shared/imagenet512/val/n04033995/ILSVRC2012_val_00023638.JPEG,206,12.943500489694998,0.0009991897968575358,0.33544149023534775,0.7620672523326276,0.3709079620686211,29887
71,/home/projects/bagon/shared/imagenet512/val/n02099849/ILSVRC2012_val_00019468.JPEG,258,63.354192500934005,0.0009977606823667884,0.4458183472733811,0.7235600885330786,0.45358287645810524,29912
72,/home/projects/bagon/shared/imagenet512/val/n02504013/ILSVRC2012_val_00038720.JPEG,416,4.392930946080014,0.0009993088897317648,0.14506318860854836,0.402071619165032,0.29786444612076457,30019
73,/home/projects/bagon/shared/imagenet512/val/n01980166/ILSVRC2012_val_00005836.JPEG,382,3.1332743727834895,0.0009984752396121621,0.13428968424028997,0.7574425226336299,0.23121697884283543,30054
74,/home/projects/bagon/shared/imagenet512/val/n07693725/ILSVRC2012_val_00001405.JPEG,83,7.679995396290906,0.000985375139862299,0.26383797157595773,0.9815111163576513,0.26116208534217356,30089
75,/home/projects/bagon/shared/imagenet512/val/n02787622/ILSVRC2012_val_00024757.JPEG,8,26.211610704605846,1.0490362910786644e-05,1.088074057361954,0.8474137471078893,0.17212118208777094,30136
76,/home/projects/bagon/shared/imagenet512/val/n03445924/ILSVRC2012_val_00040651.JPEG,4,51.42788350582123,0.0,18.760090561508004,0.8366386246734885,0.5870312349349801,30138
77,/home/projects/bagon/shared/imagenet512/val/n04509417/ILSVRC2012_val_00045158.JPEG,241,2.2580060561886057,0.0009996660519391298,0.13587891202494862,0.5103390765694601,0.32434541441628906,30178
78,/home/projects/bagon/shared/imagenet512/val/n02504458/ILSVRC2012_val_00046061.JPEG,456,22.46321097924374,0.000998594332486391,0.35615136309372986,0.5510181948565573,0.4473544950660753,30368
79,/home/projects/bagon/shared/imagenet512/val/n09835506/ILSVRC2012_val_00005037.JPEG,474,4.082957860897295,0.0009994279826059937,0.13772654649135405,0.6664149498008679,0.19856946623160993,30374
80,/home/projects/bagon/shared/imagenet512/val/n06794110/ILSVRC2012_val_00009438.JPEG,275,8.003597942879423,0.0009991897968575358,0.2980954378305841,0.6468383482306956,0.2795909548231881,30377
81,/home/projects/bagon/shared/imagenet512/val/n03794056/ILSVRC2012_val_00030945.JPEG,6,108.62059968709946,0.0,4.776216892207161,0.5536792211355115,0.5348311988298905,30400
82,/home/projects/bagon/shared/imagenet512/val/n03930630/ILSVRC2012_val_00047676.JPEG,381,10.26821872976143,0.0009984752396121621,0.2448450499938133,0.9878333466887547,0.39559778552256986,30436
83,/home/projects/bagon/shared/imagenet512/val/n02493793/ILSVRC2012_val_00038052.JPEG,5,317.30202054977417,0.0,11.95327506505829,0.9345918681057311,0.5717672732698997,30445
84,/home/projects/bagon/shared/imagenet512/val/n01873310/ILSVRC2012_val_00048752.JPEG,4,38.26887750352762,7.390703103737906e-05,2.625666643155161,0.8692931014995515,0.46021389702864246,30529
85,/home/projects/bagon/shared/imagenet512/val/n02749479/ILSVRC2012_val_00007515.JPEG,400,39.431626805337146,0.0009977606823667884,0.37931274669812354,0.9799564504080331,0.304599096105394,30535
86,/home/projects/bagon/shared/imagenet512/val/n04613696/ILSVRC2012_val_00028896.JPEG,4,83.31506824493408,0.0,23.080903563509324,0.8710775280869139,0.6990585869577922,30577
87,/home/projects/bagon/shared/imagenet512/val/n02113624/ILSVRC2012_val_00020474.JPEG,923,16.90066550776828,0.0009994279826059937,0.30147148893919445,0.7422276404071704,0.30122022289252304,30619
88,/home/projects/bagon/shared/imagenet512/val/n07693725/ILSVRC2012_val_00033590.JPEG,57,4.039557004347444,0.0009827552130445838,0.35345441394750693,0.6033007314081869,0.13779552257775218,30682
89,/home/projects/bagon/shared/imagenet512/val/n02443114/ILSVRC2012_val_00037122.JPEG,-1,nan,nan,nan,nan,nan,30683
90,/home/projects/bagon/shared/imagenet512/val/n02804414/ILSVRC2012_val_00006304.JPEG,396,22.480368409771472,0.000998832518234849,0.34879400044158204,nan,0.37948897693695455,30724
91,/home/projects/bagon/shared/imagenet512/val/n03124170/ILSVRC2012_val_00036529.JPEG,242,37.08506106911227,0.0009976415894925594,0.5374483140680584,0.9740310030683246,0.39240259861663074,30727
92,/home/projects/bagon/shared/imagenet512/val/n04285008/ILSVRC2012_val_00004970.JPEG,598,5.654609027202241,0.0009999042376875877,0.17298416574386022,0.7165016956274576,0.27941651806547885,30737
93,/home/projects/bagon/shared/imagenet512/val/n02105251/ILSVRC2012_val_00044034.JPEG,226,9.728611373458989,0.0009990707039833069,0.41677405926587546,0.9234743395719855,0.26287468448989315,30773
94,/home/projects/bagon/shared/imagenet512/val/n02909870/ILSVRC2012_val_00008220.JPEG,305,3.2175734838237986,0.0009981179609894753,0.1591635624703595,0.5790056002236428,0.2560389614664573,30856
95,/home/projects/bagon/shared/imagenet512/val/n03450230/ILSVRC2012_val_00027187.JPEG,295,20.838246955070645,0.000998951611109078,0.30781926082366134,0.9863999017970966,0.29373839971116306,30940
96,/home/projects/bagon/shared/imagenet512/val/n03792782/ILSVRC2012_val_00046549.JPEG,372,44.50023230770603,0.000998951611109078,0.35406888039856194,0.835011354867069,0.2916074264084053,30984
97,/home/projects/bagon/shared/imagenet512/val/n03840681/ILSVRC2012_val_00013249.JPEG,82,41.81965833262075,0.0009999042376875877,0.7157974177190242,0.9590713777108644,0.46581584706146584,30994
98,/home/projects/bagon/shared/imagenet512/val/n03776460/ILSVRC2012_val_00009641.JPEG,276,10.788362912018783,0.0009977606823667884,0.27641786823968123,0.8939151373921369,0.35568093044596505,31024
99,/home/projects/bagon/shared/imagenet512/val/n02110185/ILSVRC2012_val_00044104.JPEG,697,49.10171575739514,0.0009991897968575358,0.38194248492192034,0.9173399171711107,0.39647415893348475,31032
100,/home/projects/bagon/shared/imagenet512/val/n02106030/ILSVRC2012_val_00027165.JPEG,492,9.32231035886798,0.000998594332486391,0.24240512584693807,0.8369393482824931,0.4058931438065929,31044
101,/home/projects/bagon/shared/imagenet512/val/n04509417/ILSVRC2012_val_00015590.JPEG,97,7.835430981358513,0.0009922825265675783,0.16443263417660522,0.43777989325575817,0.22097406870274433,31060
102,/home/projects/bagon/shared/imagenet512/val/n02113624/ILSVRC2012_val_00003698.JPEG,830,13.585520716151223,0.0009999042376875877,0.2756359058343287,0.7288115679566203,0.4359120456698494,31100
103,/home/projects/bagon/shared/imagenet512/val/n03478589/ILSVRC2012_val_00047835.JPEG,105,28.75787696777843,0.0009914488764479756,0.6717084290165448,0.9916554520336891,0.39696689764362747,31190
104,/home/projects/bagon/shared/imagenet512/val/n02268443/ILSVRC2012_val_00007425.JPEG,482,16.09226481418591,0.0009984752396121621,0.3711428614975839,0.8906112018672732,0.341629685338922,31197
105,/home/projects/bagon/shared/imagenet512/val/n04366367/ILSVRC2012_val_00036570.JPEG,281,8.318845730274916,0.0009978797752410173,0.21339159603535363,0.46887575304380585,0.4062326798188109,31242
106,/home/projects/bagon/shared/imagenet512/val/n02094114/ILSVRC2012_val_00020556.JPEG,794,6.479829607764259,0.0009997851448133588,0.2075145058780695,0.7449631701872987,0.34554202426633285,31279
107,/home/projects/bagon/shared/imagenet512/val/n03796401/ILSVRC2012_val_00001809.JPEG,200,37.52791277307551,0.0009974034037441015,0.6243576764767059,0.957393545868604,0.40469143547031594,31313
108,/home/projects/bagon/shared/imagenet512/val/n02699494/ILSVRC2012_val_00030030.JPEG,749,5.784683975274675,0.00099871342536062,0.18457939638349333,0.508631957640252,0.31939641498227395,31362
109,/home/projects/bagon/shared/imagenet512/val/n04509417/ILSVRC2012_val_00032079.JPEG,160,17.83448702248279,0.000996093382127583,0.40700606664553723,0.8532344779629204,0.22175278569576556,31372
110,/home/projects/bagon/shared/imagenet512/val/n01744401/ILSVRC2012_val_00007222.JPEG,8,29.730036899447434,1.1920928244535389e-07,0.607513095743633,0.9903948237516527,0.40950335678854954,31430
111,/home/projects/bagon/shared/imagenet512/val/n04579432/ILSVRC2012_val_00039649.JPEG,4,69.6566972732544,0.0,8.8217940766179,0.956118096218611,0.6962312389912315,31432
112,/home/projects/bagon/shared/imagenet512/val/n01558993/ILSVRC2012_val_00007667.JPEG,4,45.32921552658081,0.0,4.862546368852065,0.9806060186111082,0.4624907905985496,31518
113,/home/projects/bagon/shared/imagenet512/val/n03929660/ILSVRC2012_val_00001365.JPEG,-1,nan,nan,nan,nan,nan,31522
114,/home/projects/bagon/shared/imagenet512/val/n03908714/ILSVRC2012_val_00034319.JPEG,5,51.46159814670682,0.0,62.985089681734735,nan,0.6146411770693632,31527
115,/home/projects/bagon/shared/imagenet512/val/n03584829/ILSVRC2012_val_00041463.JPEG,93,7.999454403528944,0.0009897815762087703,0.4544925868996487,0.1849367798464297,0.4287123811085687,31544
116,/home/projects/bagon/shared/imagenet512/val/n03916031/ILSVRC2012_val_00014886.JPEG,5,20.59178864955902,0.0,2.230105234363253,0.7543321543592265,0.4340724513204591,31547
117,/home/projects/bagon/shared/imagenet512/val/n02504458/ILSVRC2012_val_00033235.JPEG,385,9.020911794737913,0.0009996660519391298,0.28891675283884005,0.8702115573025124,0.3172012345677585,31554
118,/home/projects/bagon/shared/imagenet512/val/n02098105/ILSVRC2012_val_00012527.JPEG,379,8.558430556673557,0.0009969270322471857,0.24843215128824847,0.8890741058097074,0.33385420859192405,31636
119,/home/projects/bagon/shared/imagenet512/val/n01601694/ILSVRC2012_val_00015922.JPEG,815,87.40661587670911,0.0009994279826059937,0.5382343185398096,0.9934263312295519,0.41190398167182685,31652
120,/home/projects/bagon/shared/imagenet512/val/n03670208/ILSVRC2012_val_00033993.JPEG,7,26.027263487223536,0.0,1.0523976127206616,0.9770232176675363,0.37641887138257846,31658
121,/home/projects/bagon/shared/imagenet512/val/n02093428/ILSVRC2012_val_00008303.JPEG,119,49.20760792668443,0.0009939497103914618,0.4533821071701272,0.9295958843175517,0.5168742487439816,31682
122,/home/projects/bagon/shared/imagenet512/val/n02058221/ILSVRC2012_val_00000207.JPEG,287,24.410385218448937,0.000996212475001812,0.6755990302675169,0.9834842215735825,0.38456900490992296,31846
123,/home/projects/bagon/shared/imagenet512/val/n03792782/ILSVRC2012_val_00005303.JPEG,332,11.056259171571583,0.0009972843108698726,0.32366288778335156,0.43467760622324825,0.35092353660563114,31888
124,/home/projects/bagon/shared/imagenet512/val/n02226429/ILSVRC2012_val_00006915.JPEG,506,50.71400317782536,0.0009984752396121621,0.5698137546943534,0.9943123189949418,0.418625145567128,31906
125,/home/projects/bagon/shared/imagenet512/val/n07614500/ILSVRC2012_val_00009969.JPEG,4,170.6226246356964,0.0,12.803549962290104,0.7637935977636194,0.5408546891362541,31917
126,/home/projects/bagon/shared/imagenet512/val/n03291819/ILSVRC2012_val_00009905.JPEG,248,3.11843531311024,0.0009993088897317648,0.20423179184023046,0.4174829091114598,0.21708720231884174,31953
127,/home/projects/bagon/shared/imagenet512/val/n03759954/ILSVRC2012_val_00049128.JPEG,85,9.593049859744497,0.0009901388548314571,0.339228909902112,0.703593842410436,0.3567767645361607,31958
128,/home/projects/bagon/shared/imagenet512/val/n01698640/ILSVRC2012_val_00006151.JPEG,116,59.38263838668354,0.0009869233472272754,0.39174439689515483,0.7081512279051487,0.4862889047719312,31959
129,/home/projects/bagon/shared/imagenet512/val/n01664065/ILSVRC2012_val_00036202.JPEG,59,58.559535554551985,0.0009728704462759197,0.5501846275476382,0.6842521282135552,0.39864522834878785,31967
130,/home/projects/bagon/shared/imagenet512/val/n01950731/ILSVRC2012_val_00019684.JPEG,353,25.175794703885913,0.0009979988681152463,0.3969916652813502,0.8953748892249372,0.4007377663017496,31977
131,/home/projects/bagon/shared/imagenet512/val/n02110185/ILSVRC2012_val_00001314.JPEG,944,28.056446321774274,0.0009997851448133588,0.369963022244956,0.9449854466425283,0.47751282011373,31983
132,/home/projects/bagon/shared/imagenet512/val/n03871628/ILSVRC2012_val_00027639.JPEG,170,5.272321303375065,0.0009999042376875877,0.2052419818279773,0.7406752017168932,0.37072455834111795,32000
133,/home/projects/bagon/shared/imagenet512/val/n02672831/ILSVRC2012_val_00044113.JPEG,97,5.531371083809063,0.0009956170106306672,0.2574195022989255,0.9275215938450522,0.3503474748093389,32077
134,/home/projects/bagon/shared/imagenet512/val/n03623198/ILSVRC2012_val_00041207.JPEG,334,7.399225399945863,0.0009991897968575358,0.2913738465345488,0.7878701799535359,0.37378753730775394,32132
135,/home/projects/bagon/shared/imagenet512/val/n02963159/ILSVRC2012_val_00022917.JPEG,45,47.1012868193211,0.0009828743059188128,1.2533347244769104,0.928221558865681,0.5400567105523714,32179
136,/home/projects/bagon/shared/imagenet512/val/n03255030/ILSVRC2012_val_00021822.JPEG,-1,nan,nan,nan,nan,nan,32239
137,/home/projects/bagon/shared/imagenet512/val/n02165105/ILSVRC2012_val_00046267.JPEG,4,28.55635905265808,0.0,6.614055487161145,nan,0.5459044060091446,32243
138,/home/projects/bagon/shared/imagenet512/val/n02492035/ILSVRC2012_val_00041232.JPEG,285,21.894101848243736,0.0009976415894925594,0.3870125312423538,0.9490738957622257,0.37993205099583505,32247
139,/home/projects/bagon/shared/imagenet512/val/n03450230/ILSVRC2012_val_00007147.JPEG,567,17.31729347014334,0.0009993088897317648,0.25762886151899256,0.8018155449721416,0.34875712616733906,32384
140,/home/projects/bagon/shared/imagenet512/val/n03388183/ILSVRC2012_val_00006583.JPEG,162,7.214352965354919,0.0009926398051902652,0.35781807967386325,0.7122863575376722,0.2995201924962605,32436
141,/home/projects/bagon/shared/imagenet512/val/n04597913/ILSVRC2012_val_00043767.JPEG,12,26.792981634498574,0.0009299959056079388,1.3246675572688638,0.9789806995455393,0.5744182120281104,32442
142,/home/projects/bagon/shared/imagenet512/val/n03792782/ILSVRC2012_val_00032967.JPEG,377,10.372192425187677,0.0009979988681152463,0.3301894672283934,0.49490607039077794,0.33415527049808813,32450
143,/home/projects/bagon/shared/imagenet512/val/n02091134/ILSVRC2012_val_00033267.JPEG,236,4.571393882390112,0.0009977606823667884,0.17493056224381182,0.8489081021419403,0.19820736708714576,32460
144,/home/projects/bagon/shared/imagenet512/val/n02966687/ILSVRC2012_val_00033860.JPEG,448,2.8335287731606513,0.00099871342536062,0.10255441291252759,0.21158364692116488,0.16990547722345034,32467
145,/home/projects/bagon/shared/imagenet512/val/n03255030/ILSVRC2012_val_00031850.JPEG,241,23.500232594204135,0.0009969270322471857,0.6820361419528655,0.643053489471965,0.41601282490172187,32474
146,/home/projects/bagon/shared/imagenet512/val/n02526121/ILSVRC2012_val_00001595.JPEG,6,1920.176031589508,0.0,77.05893950022083,0.9872116725826128,0.4856648386809398,32479
147,/home/projects/bagon/shared/imagenet512/val/n03995372/ILSVRC2012_val_00013701.JPEG,63,31.188166793785058,0.0009946642676368356,0.45857459121992206,0.8668220255138521,0.34820654811867413,32488
148,/home/projects/bagon/shared/imagenet512/val/n02077923/ILSVRC2012_val_00027457.JPEG,136,9.898408272652887,0.0009984752396121621,0.2335612938788185,0.8601502678557946,0.24613082551016924,32492
149,/home/projects/bagon/shared/imagenet512/val/n04328186/ILSVRC2012_val_00031291.JPEG,298,12.481642678729258,0.00099871342536062,0.28846806810481657,0.9918714489743202,0.4375266365163004,32496
150,/home/projects/bagon/shared/imagenet512/val/n02837789/ILSVRC2012_val_00035607.JPEG,492,20.3441936817253,0.0009999042376875877,0.349415035945252,0.9000870337551559,0.3420700138462252,32503
151,/home/projects/bagon/shared/imagenet512/val/n02100877/ILSVRC2012_val_00016589.JPEG,442,19.98245012224652,0.000998951611109078,0.2784392728587939,0.9810347413707703,0.35950056558917365,32542
152,/home/projects/bagon/shared/imagenet512/val/n03041632/ILSVRC2012_val_00014960.JPEG,176,15.807278781547211,0.0009984752396121621,0.3348504330473481,0.9503080208557643,0.2707069518547256,32546
153,/home/projects/bagon/shared/imagenet512/val/n03876231/ILSVRC2012_val_00004212.JPEG,277,49.93533803941682,0.0009968079393729568,1.7363630911331576,0.8377561153214702,0.4998123477005723,32551
154,/home/projects/bagon/shared/imagenet512/val/n03970156/ILSVRC2012_val_00048797.JPEG,313,1.5912364824907854,0.0009997851448133588,0.10819784131782474,0.42635742620065353,0.2596862918728411,32554
155,/home/projects/bagon/shared/imagenet512/val/n02988304/ILSVRC2012_val_00027863.JPEG,168,39.76215786393732,0.0009994279826059937,0.5434102593083787,0.8235622191873447,0.619627887402773,32581
156,/home/projects/bagon/shared/imagenet512/val/n03602883/ILSVRC2012_val_00032873.JPEG,231,7.370351798017509,0.0009971652179956436,0.25620921824797127,0.8732006731655452,0.3190229875833081,32646
157,/home/projects/bagon/shared/imagenet512/val/n03223299/ILSVRC2012_val_00006845.JPEG,-1,nan,nan,nan,nan,nan,32668
158,/home/projects/bagon/shared/imagenet512/val/n03874599/ILSVRC2012_val_00044257.JPEG,310,6.678227890166454,0.0009970461251214147,0.20075398452166437,nan,0.23383820448599774,32676
159,/home/projects/bagon/shared/imagenet512/val/n03478589/ILSVRC2012_val_00008825.JPEG,270,17.381925410125405,0.0009991897968575358,0.2720280919294329,0.9930580376982359,0.27298283682513846,32698
160,/home/projects/bagon/shared/imagenet512/val/n02124075/ILSVRC2012_val_00014432.JPEG,-1,nan,nan,nan,nan,nan,32700
161,/home/projects/bagon/shared/imagenet512/val/n02871525/ILSVRC2012_val_00012560.JPEG,446,13.901391850900836,0.000998951611109078,0.4514549702175966,nan,0.2780710432885686,32707
162,/home/projects/bagon/shared/imagenet512/val/n03697007/ILSVRC2012_val_00004144.JPEG,258,15.658871307503432,0.0009983561467379332,0.29008299502854185,0.8574646024025865,0.2324442583335877,32766
163,/home/projects/bagon/shared/imagenet512/val/n07583066/ILSVRC2012_val_00027823.JPEG,5,946.7485315799713,0.0,57.46953820958676,0.8881245524994583,0.5051881027949988,32796
164,/home/projects/bagon/shared/imagenet512/val/n02791270/ILSVRC2012_val_00009990.JPEG,92,23.711429962073453,0.0009991897968575358,0.35654347980836054,0.9081381083068163,0.32396839816741957,32800
165,/home/projects/bagon/shared/imagenet512/val/n04254120/ILSVRC2012_val_00026535.JPEG,275,21.68977954913862,0.0009983561467379332,0.3756008046297785,0.7661358063163635,0.4116198159150214,32851
166,/home/projects/bagon/shared/imagenet512/val/n04487394/ILSVRC2012_val_00027297.JPEG,-1,nan,nan,nan,nan,nan,32866
167,/home/projects/bagon/shared/imagenet512/val/n02325366/ILSVRC2012_val_00013352.JPEG,919,7.144956615287811,0.000998951611109078,0.19900935234987227,nan,0.2636308604475179,32878
168,/home/projects/bagon/shared/imagenet512/val/n03903868/ILSVRC2012_val_00045458.JPEG,286,3.022586065460928,0.0009982370538637042,0.2031162779981439,0.578342693201553,0.44137788981875015,32887
169,/home/projects/bagon/shared/imagenet512/val/n04392985/ILSVRC2012_val_00042077.JPEG,235,13.841830469900742,0.0009996660519391298,0.320183584406846,0.9564733343180332,0.4117770847951637,32896
170,/home/projects/bagon/shared/imagenet512/val/n04456115/ILSVRC2012_val_00031777.JPEG,181,10.242393094697036,0.000996093382127583,0.5024072142083699,0.7303970220660254,0.3164320082604807,32920
171,/home/projects/bagon/shared/imagenet512/val/n01530575/ILSVRC2012_val_00023698.JPEG,53,39.53662326466292,0.0009897815762087703,0.39096169441589634,0.9973207543653079,0.3984088166854165,33009
172,/home/projects/bagon/shared/imagenet512/val/n04273569/ILSVRC2012_val_00040212.JPEG,152,14.914725545793772,0.000995974289253354,0.286867660943282,0.9848122700029952,0.2972596889767277,33019
173,/home/projects/bagon/shared/imagenet512/val/n04336792/ILSVRC2012_val_00013910.JPEG,100,10.8483363565756,0.0009999042376875877,0.3173790139715606,0.9122084273580339,0.2507255767470376,33056
174,/home/projects/bagon/shared/imagenet512/val/n04243546/ILSVRC2012_val_00036022.JPEG,188,2.430135874892585,0.0009969270322471857,0.1924858442896291,0.5249527887067507,0.40878219892435297,33059
175,/home/projects/bagon/shared/imagenet512/val/n04311004/ILSVRC2012_val_00033764.JPEG,269,15.843097927165218,0.0009994279826059937,0.2911313760616983,0.9840512215517329,0.24460299791881993,33098
176,/home/projects/bagon/shared/imagenet512/val/n03720891/ILSVRC2012_val_00012522.JPEG,-1,nan,nan,nan,nan,nan,33149
177,/home/projects/bagon/shared/imagenet512/val/n04507155/ILSVRC2012_val_00017824.JPEG,303,5.273805835517123,0.00099871342536062,0.22596661388319483,nan,0.32300706628793796,33202
178,/home/projects/bagon/shared/imagenet512/val/n02114367/ILSVRC2012_val_00001172.JPEG,979,23.899974267114885,0.00099871342536062,0.31021460205362705,0.987871618470765,0.4325211559776341,33208
179,/home/projects/bagon/shared/imagenet512/val/n01756291/ILSVRC2012_val_00013698.JPEG,744,15.766342020593584,0.0009982370538637042,0.4475199677392602,0.7917208357234005,0.3559841587371101,33219
180,/home/projects/bagon/shared/imagenet512/val/n02667093/ILSVRC2012_val_00035834.JPEG,5,37.19781565666199,0.0,9.169160717293176,0.9365284420226299,0.495878073753918,33229
181,/home/projects/bagon/shared/imagenet512/val/n01945685/ILSVRC2012_val_00008468.JPEG,-1,nan,nan,nan,nan,nan,33249
182,/home/projects/bagon/shared/imagenet512/val/n01558993/ILSVRC2012_val_00019082.JPEG,239,16.453788202255964,0.0009969270322471857,0.32083556228254223,nan,0.28599936404759563,33260
183,/home/projects/bagon/shared/imagenet512/val/n02879718/ILSVRC2012_val_00034986.JPEG,53,15.342419410939328,0.0009947833605110645,0.2978895937659599,0.9896237212184898,0.12302401456649653,33294
184,/home/projects/bagon/shared/imagenet512/val/n03483316/ILSVRC2012_val_00047139.JPEG,276,30.84597218723502,0.0009957361035048962,0.4078539029446418,0.9728881698832513,0.493110632919151,33308
185,/home/projects/bagon/shared/imagenet512/val/n09246464/ILSVRC2012_val_00034504.JPEG,535,35.94025304284878,0.000998832518234849,0.31843248101244537,0.6391846956312347,0.48888737587245096,33369
186,/home/projects/bagon/shared/imagenet512/val/n03623198/ILSVRC2012_val_00019062.JPEG,145,22.0407752628671,0.0009965697536244988,0.43062457381964353,0.9677535724302966,0.5582488080824374,33413
187,/home/projects/bagon/shared/imagenet512/val/n03494278/ILSVRC2012_val_00001367.JPEG,4,31.64821147918701,0.0,2.065476609429131,0.9341732288164226,0.5363694761539654,33418
188,/home/projects/bagon/shared/imagenet512/val/n01689811/ILSVRC2012_val_00006207.JPEG,567,23.56078681279905,0.000998951611109078,0.4078884352202297,0.9399067584049358,0.40238802859261213,33436
189,/home/projects/bagon/shared/imagenet512/val/n02437616/ILSVRC2012_val_00019696.JPEG,268,31.657100073294714,0.000996331567876041,0.36135951567658753,0.9855708174249769,0.22990832274147138,33452
190,/home/projects/bagon/shared/imagenet512/val/n04525038/ILSVRC2012_val_00010262.JPEG,-1,nan,nan,nan,nan,nan,33463
191,/home/projects/bagon/shared/imagenet512/val/n02056570/ILSVRC2012_val_00048024.JPEG,412,51.388555257348344,0.0009993088897317648,0.5426963148631558,nan,0.3921214889657585,33501
192,/home/projects/bagon/shared/imagenet512/val/n09193705/ILSVRC2012_val_00011234.JPEG,166,30.742999334121123,0.0009979988681152463,0.4453109885256429,0.8337668444629082,0.27043225019331263,33509
193,/home/projects/bagon/shared/imagenet512/val/n02437312/ILSVRC2012_val_00022162.JPEG,98,8.883617590530775,0.000987995183095336,0.3532526547843101,0.46049617360678696,0.16441445794754378,33523
194,/home/projects/bagon/shared/imagenet512/val/n04004767/ILSVRC2012_val_00031132.JPEG,346,3.967152401106432,0.0009991897968575358,0.2362211351326112,0.5534344996625555,0.42130182528809057,33535
195,/home/projects/bagon/shared/imagenet512/val/n04597913/ILSVRC2012_val_00021192.JPEG,190,18.79741462902166,0.0009922825265675783,0.3646632461839013,0.9377030976189673,0.3062450587769583,33558
196,/home/projects/bagon/shared/imagenet512/val/n04483307/ILSVRC2012_val_00020248.JPEG,588,4.936771559761837,0.0009979988681152463,0.16190565878107213,0.7781386340695193,0.2990663197591159,33576
197,/home/projects/bagon/shared/imagenet512/val/n04367480/ILSVRC2012_val_00049717.JPEG,209,5.443567660753615,0.0009966888464987278,0.29309507642403804,0.7377186572036891,0.20155975419078498,33591
198,/home/projects/bagon/shared/imagenet512/val/n02100583/ILSVRC2012_val_00013398.JPEG,365,11.205005736090243,0.0009976415894925594,0.3384245898082816,0.9042769860545704,0.4196394332495701,33625
199,/home/projects/bagon/shared/imagenet512/val/n04591713/ILSVRC2012_val_00000805.JPEG,8,41.40552490949631,0.0,15.778202533386729,0.5817582856079621,0.4643828576877585,33632
200,/home/projects/bagon/shared/imagenet512/val/n03538406/ILSVRC2012_val_00003461.JPEG,181,37.71520394447725,0.0009946642676368356,0.36720587895164725,0.9058788163876321,0.38570516589816073,33637
201,/home/projects/bagon/shared/imagenet512/val/n07697537/ILSVRC2012_val_00043773.JPEG,256,3.4257983843563125,0.0009981179609894753,0.13147363029348408,0.83819883427024,0.28394601577335266,33672
202,/home/projects/bagon/shared/imagenet512/val/n02088364/ILSVRC2012_val_00011719.JPEG,376,3.0358236144529656,0.0009979988681152463,0.1295148180731801,0.7885598159522067,0.27170909769928,33678
203,/home/projects/bagon/shared/imagenet512/val/n04423845/ILSVRC2012_val_00020705.JPEG,58,43.29326200997457,0.0009934734553098679,0.9994489502090675,0.5001999307768692,0.6057892924506995,33693
204,/home/projects/bagon/shared/imagenet512/val/n02802426/ILSVRC2012_val_00038899.JPEG,362,17.598837188677862,0.0009971652179956436,0.3566495845246741,0.7422975050734999,0.5236563027561384,33699
205,/home/projects/bagon/shared/imagenet512/val/n01756291/ILSVRC2012_val_00007991.JPEG,713,10.872225686442107,0.0009991897968575358,0.23588298904304691,0.685632069167721,0.24468356380952777,33719
206,/home/projects/bagon/shared/imagenet512/val/n03920288/ILSVRC2012_val_00021453.JPEG,159,9.281236299080774,0.0009972843108698726,0.351234239449085,0.9507637714626114,0.37590422850105665,33734
207,/home/projects/bagon/shared/imagenet512/val/n03584254/ILSVRC2012_val_00002833.JPEG,8,22.590573175242753,0.00018106251081917435,0.4827245235868654,0.8807013520806724,0.3199996370792037,33736
208,/home/projects/bagon/shared/imagenet512/val/n02835271/ILSVRC2012_val_00045400.JPEG,734,5.514466893277131,0.0009999042376875877,0.17273358160057412,0.7739978857644966,0.21051639736784097,33770
209,/home/projects/bagon/shared/imagenet512/val/n03877472/ILSVRC2012_val_00048709.JPEG,277,2.6771363688167185,0.0009983561467379332,0.12538512575398478,0.382042636464616,0.23170916797456104,33776
210,/home/projects/bagon/shared/imagenet512/val/n04026417/ILSVRC2012_val_00014524.JPEG,488,8.13498950493522,0.0009979988681152463,0.2592784806001633,0.7681355963358006,0.5364932413419442,33832
211,/home/projects/bagon/shared/imagenet512/val/n04259630/ILSVRC2012_val_00036481.JPEG,113,16.3230163162807,0.000987756997346878,0.3218632810674265,0.9970192231777217,0.296388748254075,33847
212,/home/projects/bagon/shared/imagenet512/val/n03272010/ILSVRC2012_val_00042093.JPEG,409,4.451700905803591,0.0009999042376875877,0.19509171117621946,0.7387735334410485,0.19082881741883462,33862
213,/home/projects/bagon/shared/imagenet512/val/n02123159/ILSVRC2012_val_00047925.JPEG,928,9.113534732954577,0.0009997851448133588,0.2022694092193065,0.8328225362715866,0.32721383987004815,33869
214,/home/projects/bagon/shared/imagenet512/val/n02113624/ILSVRC2012_val_00023198.JPEG,1134,19.501342463423498,0.0009994279826059937,0.37719751733829854,0.9829392985222678,0.5015818019697983,33883
215,/home/projects/bagon/shared/imagenet512/val/n03706229/ILSVRC2012_val_00028056.JPEG,571,4.894534211605787,0.0009983561467379332,0.18134163527606484,0.5894982918681355,0.3569796004712765,33893
216,/home/projects/bagon/shared/imagenet512/val/n03944341/ILSVRC2012_val_00007314.JPEG,114,1.5593338803155348,0.000996212475001812,0.16048594336380237,0.5570994808961827,0.24967636543337698,33911
217,/home/projects/bagon/shared/imagenet512/val/n03770439/ILSVRC2012_val_00034389.JPEG,104,33.44553928624373,0.0009994279826059937,1.1524787227482753,0.9030667010932615,0.3500882631506816,33919
218,/home/projects/bagon/shared/imagenet512/val/n03666591/ILSVRC2012_val_00020197.JPEG,186,11.06980600906536,0.0009983561467379332,0.3361410027932827,0.7854103507963861,0.501153415788948,33941
219,/home/projects/bagon/shared/imagenet512/val/n02877765/ILSVRC2012_val_00012571.JPEG,208,58.44940809858963,0.0009997851448133588,0.9780092684127248,0.9654375847120357,0.3855207716811473,33958
220,/home/projects/bagon/shared/imagenet512/val/n09229709/ILSVRC2012_val_00008969.JPEG,16,14.539333125692792,0.0009632238652557135,0.7000881705517789,0.9025253080770576,0.20788484205247065,34030
221,/home/projects/bagon/shared/imagenet512/val/n02823428/ILSVRC2012_val_00004521.JPEG,581,15.852670316933654,0.0009999042376875877,0.4024897619442318,0.9814171994306558,0.3962104296871688,34033
222,/home/projects/bagon/shared/imagenet512/val/n02086079/ILSVRC2012_val_00038786.JPEG,5,31.541927814483643,0.0,9.169182445076146,0.9615447487811715,0.561869092192264,34045
223,/home/projects/bagon/shared/imagenet512/val/n03670208/ILSVRC2012_val_00005250.JPEG,239,3.1964400896104053,0.0009977606823667884,0.18367259620469392,0.40839510685918967,0.3853928020500951,34069
224,/home/projects/bagon/shared/imagenet512/val/n07760859/ILSVRC2012_val_00031970.JPEG,33,47.29552289407002,0.0009614374139346182,1.0349667913156364,0.9725674418155714,0.39194046423050044,34095
225,/home/projects/bagon/shared/imagenet512/val/n04398044/ILSVRC2012_val_00014880.JPEG,397,10.29691907914821,0.00099871342536062,0.3923414868026499,0.7222965987616742,0.3664413547402623,34111
226,/home/projects/bagon/shared/imagenet512/val/n04536866/ILSVRC2012_val_00044174.JPEG,327,12.934427690459415,0.000998832518234849,0.3622225794525966,0.7728195180217626,0.4072572055193906,34140
227,/home/projects/bagon/shared/imagenet512/val/n02090721/ILSVRC2012_val_00009772.JPEG,520,20.58121718117036,0.000998832518234849,0.4594915340090624,0.917810740403349,0.390168022918952,34204
228,/home/projects/bagon/shared/imagenet512/val/n03110669/ILSVRC2012_val_00040493.JPEG,483,8.461490568006411,0.0009997851448133588,0.20376714379332708,0.9818982489694503,0.16675979651100376,34216
229,/home/projects/bagon/shared/imagenet512/val/n04482393/ILSVRC2012_val_00002897.JPEG,49,23.60487570532132,0.0009949024533852935,0.3772604708581985,0.9789336396350796,0.3004395863642083,34238
230,/home/projects/bagon/shared/imagenet512/val/n04141975/ILSVRC2012_val_00047207.JPEG,77,18.022570784320123,0.0009966888464987278,0.24101663116751787,0.752830455844353,0.09623831926458637,34300
231,/home/projects/bagon/shared/imagenet512/val/n02109047/ILSVRC2012_val_00023076.JPEG,101,19.129794182023033,0.0009958551963791251,0.34736162681288985,0.9975631825154088,0.21002656587233093,34301
232,/home/projects/bagon/shared/imagenet512/val/n03763968/ILSVRC2012_val_00033402.JPEG,562,17.01219413499348,0.0009991897968575358,0.34175100006659503,0.9659964130234345,0.4104456199375645,34304
233,/home/projects/bagon/shared/imagenet512/val/n02206856/ILSVRC2012_val_00024483.JPEG,423,10.625486241304316,0.0009999042376875877,0.31616481181297423,0.8861047651957716,0.27498790182756533,34336
234,/home/projects/bagon/shared/imagenet512/val/n03126707/ILSVRC2012_val_00044019.JPEG,161,17.793378570349887,0.0009939497103914618,0.29507739157173574,0.42252581943065987,0.36870427036286435,34338
235,/home/projects/bagon/shared/imagenet512/val/n02087046/ILSVRC2012_val_00029090.JPEG,184,26.86327429546509,0.000996212475001812,0.2693746736236742,0.8326440833002192,0.37953722209225305,34343
236,/home/projects/bagon/shared/imagenet512/val/n02786058/ILSVRC2012_val_00038219.JPEG,5,274.77040123939514,0.0,12.541390927340572,0.9552937029174102,0.6289713459628364,34347
237,/home/projects/bagon/shared/imagenet512/val/n02095570/ILSVRC2012_val_00016742.JPEG,657,11.012655368307605,0.0009983561467379332,0.2385089552068224,0.8334869467432573,0.2906999400559545,34354
238,/home/projects/bagon/shared/imagenet512/val/n02860847/ILSVRC2012_val_00025196.JPEG,-1,nan,nan,nan,nan,nan,34421
239,/home/projects/bagon/shared/imagenet512/val/n02113978/ILSVRC2012_val_00033581.JPEG,5,35.57526731491089,0.0,2.989600609543759,nan,0.5975928456700208,34448
240,/home/projects/bagon/shared/imagenet512/val/n02206856/ILSVRC2012_val_00028469.JPEG,311,8.659594942000695,0.0009976415894925594,0.3996327942609445,0.8352815920531921,0.37235376995663966,34460
241,/home/projects/bagon/shared/imagenet512/val/n04099969/ILSVRC2012_val_00001340.JPEG,286,17.274273736518808,0.0009982370538637042,0.4392293458152666,0.8801953000669189,0.4649731507617648,34502
242,/home/projects/bagon/shared/imagenet512/val/n04517823/ILSVRC2012_val_00048446.JPEG,180,19.775668678223155,0.0009970461251214147,0.24218857350653167,0.6937373400608579,0.26594516236285415,34508
243,/home/projects/bagon/shared/imagenet512/val/n07695742/ILSVRC2012_val_00029962.JPEG,5,32.302717208862305,0.0,4.054199631730145,0.9451717893070855,0.7019755537819661,34510
244,/home/projects/bagon/shared/imagenet512/val/n09332890/ILSVRC2012_val_00022287.JPEG,-1,nan,nan,nan,nan,nan,34575
245,/home/projects/bagon/shared/imagenet512/val/n02099849/ILSVRC2012_val_00029742.JPEG,294,32.53917347465176,0.0009996660519391298,0.40656710984932504,nan,0.2876895047981814,34578
246,/home/projects/bagon/shared/imagenet512/val/n02814860/ILSVRC2012_val_00040838.JPEG,341,9.429864348028786,0.0009982370538637042,0.17850466923123717,0.8225312776165261,0.30646691143698,34588
247,/home/projects/bagon/shared/imagenet512/val/n02236044/ILSVRC2012_val_00041766.JPEG,289,21.375726743019186,0.0009964506607502699,1.2188850909263884,0.4085763567431558,0.49019687232254994,34608
248,/home/projects/bagon/shared/imagenet512/val/n04049303/ILSVRC2012_val_00042854.JPEG,118,3.606075088493526,0.0009979988681152463,0.3344527963647015,0.8066778657223821,0.34623526784707703,34652
249,/home/projects/bagon/shared/imagenet512/val/n03967562/ILSVRC2012_val_00019662.JPEG,206,15.554744946071878,0.0009983561467379332,0.30679004099456325,0.9262729211796586,0.2903314488329184,34670
250,/home/projects/bagon/shared/imagenet512/val/n01739381/ILSVRC2012_val_00022643.JPEG,779,8.5559478654759,0.0009997851448133588,0.2690217574087762,0.8131943453635642,0.3529388050003901,34671
251,/home/projects/bagon/shared/imagenet512/val/n02110185/ILSVRC2012_val_00039812.JPEG,818,16.272084735683165,0.0009978797752410173,0.3742774461870534,0.823422670467453,0.2989999066940968,34691
252,/home/projects/bagon/shared/imagenet512/val/n02094433/ILSVRC2012_val_00037529.JPEG,570,8.261111328960396,0.0009991897968575358,0.2882118059177878,0.7946326027025109,0.27067655462811496,34718
253,/home/projects/bagon/shared/imagenet512/val/n03384352/ILSVRC2012_val_00042081.JPEG,259,2.778556962031871,0.0009978797752410173,0.15344208153553204,0.7477367898342363,0.26633463621354253,34729
254,/home/projects/bagon/shared/imagenet512/val/n02174001/ILSVRC2012_val_00032303.JPEG,280,8.578538779285736,0.0009979988681152463,0.3393169896252005,0.7815631299618282,0.384600921342391,34735
255,/home/projects/bagon/shared/imagenet512/val/n02091467/ILSVRC2012_val_00006937.JPEG,435,6.560975280241109,0.0009984752396121621,0.3013135889906274,0.8885383304222019,0.31050649881145737,34746
256,/home/projects/bagon/shared/imagenet512/val/n03933933/ILSVRC2012_val_00043832.JPEG,7,26.54560625553131,0.0,1.303781299208238,0.7766816853949206,0.35231899858849874,34748
257,/home/projects/bagon/shared/imagenet512/val/n04356056/ILSVRC2012_val_00004692.JPEG,-1,nan,nan,nan,nan,nan,34770
258,/home/projects/bagon/shared/imagenet512/val/n02927161/ILSVRC2012_val_00013775.JPEG,350,19.069211184512824,0.0009981179609894753,0.2951431020811317,nan,0.33472447520903875,34788
259,/home/projects/bagon/shared/imagenet512/val/n01775062/ILSVRC2012_val_00010225.JPEG,1130,28.690851703751832,0.000998951611109078,0.39722333504328583,0.4947800839556022,0.4400231285844697,34810
260,/home/projects/bagon/shared/imagenet512/val/n03041632/ILSVRC2012_val_00048029.JPEG,132,10.436940418090671,0.0009976415894925594,0.37499724547027946,0.9358470786641446,0.38740477208312474,34816
261,/home/projects/bagon/shared/imagenet512/val/n04517823/ILSVRC2012_val_00046435.JPEG,64,17.195480624912307,0.0009893052047118545,0.515247658566556,0.9535281365046754,0.29863570358225894,34819
262,/home/projects/bagon/shared/imagenet512/val/n04235860/ILSVRC2012_val_00028067.JPEG,11,65.11547327041626,0.0,12.69688234302894,0.9771501242986773,0.4289135620495518,34825
263,/home/projects/bagon/shared/imagenet512/val/n04599235/ILSVRC2012_val_00037980.JPEG,204,6.972440623329021,0.000996331567876041,0.2296887619032546,0.9643241787199514,0.2446083388135242,34860
264,/home/projects/bagon/shared/imagenet512/val/n03532672/ILSVRC2012_val_00032475.JPEG,249,62.706761695677415,0.0009984752396121621,0.517167838048957,0.5719172468542248,0.6168798807135205,34898
265,/home/projects/bagon/shared/imagenet512/val/n02088466/ILSVRC2012_val_00049762.JPEG,419,27.25058682227973,0.0009994279826059937,0.39922267129370176,0.6674466407225982,0.446631831213149,34901
266,/home/projects/bagon/shared/imagenet512/val/n07614500/ILSVRC2012_val_00030615.JPEG,465,34.01269660354592,0.00099871342536062,0.3807407161742443,0.8667907492226191,0.3648406917767321,34922
267,/home/projects/bagon/shared/imagenet512/val/n02823428/ILSVRC2012_val_00039194.JPEG,284,22.087221513618715,0.000998594332486391,0.3909260561453577,0.6060659690539936,0.4466219601104046,34936
268,/home/projects/bagon/shared/imagenet512/val/n02106550/ILSVRC2012_val_00005351.JPEG,417,2.910958578926511,0.0009995469590649009,0.11682404883967105,0.7422255371256079,0.2978784452234947,34952
269,/home/projects/bagon/shared/imagenet512/val/n03494278/ILSVRC2012_val_00019269.JPEG,282,28.648828297271393,0.0009991897968575358,0.4191961187096194,0.7370888252219534,0.4375914609916029,34958
270,/home/projects/bagon/shared/imagenet512/val/n12620546/ILSVRC2012_val_00016329.JPEG,438,13.987475698930211,0.000998951611109078,0.3587934067977724,0.8985704162502246,0.36420536715551344,34970
271,/home/projects/bagon/shared/imagenet512/val/n03724870/ILSVRC2012_val_00007883.JPEG,99,15.04425561253447,0.0009947833605110645,0.31697354518040877,0.9948550430348494,0.37593986131578944,35004
272,/home/projects/bagon/shared/imagenet512/val/n04125021/ILSVRC2012_val_00019656.JPEG,-1,nan,nan,nan,nan,nan,35043
273,/home/projects/bagon/shared/imagenet512/val/n03938244/ILSVRC2012_val_00009340.JPEG,196,15.167830202030018,0.0009921634336933494,0.5046516264747246,nan,0.5107713860406478,35088
274,/home/projects/bagon/shared/imagenet512/val/n03690938/ILSVRC2012_val_00034917.JPEG,520,13.349393324460834,0.0009990707039833069,0.3119188033356024,0.7640196594439881,0.5238986817492685,35103
275,/home/projects/bagon/shared/imagenet512/val/n07718472/ILSVRC2012_val_00047407.JPEG,319,5.045811484684236,0.000996212475001812,0.15938675495551924,0.7317567131072018,0.2535959880397719,35114
276,/home/projects/bagon/shared/imagenet512/val/n02841315/ILSVRC2012_val_00032632.JPEG,4,76.73116540908813,0.0,12.870201139926037,0.9956631033371369,0.5470718166700562,35121
277,/home/projects/bagon/shared/imagenet512/val/n03724870/ILSVRC2012_val_00035880.JPEG,128,14.20083576720208,0.0009982370538637042,0.243095177928245,0.7646069424533539,0.3011100642571398,35152
278,/home/projects/bagon/shared/imagenet512/val/n01986214/ILSVRC2012_val_00031408.JPEG,313,21.201150626060553,0.0009981179609894753,0.2668436721307141,0.9566284839434025,0.2711066890071683,35155
279,/home/projects/bagon/shared/imagenet512/val/n02101006/ILSVRC2012_val_00023025.JPEG,359,39.098994362866506,0.0009994279826059937,0.3769614580135301,0.9592494582226745,0.3816566654509186,35161
280,/home/projects/bagon/shared/imagenet512/val/n03873416/ILSVRC2012_val_00031409.JPEG,273,44.413115221774206,0.0009968079393729568,0.6330930342248869,0.7897508938177772,0.21842448992425104,35210
281,/home/projects/bagon/shared/imagenet512/val/n04417672/ILSVRC2012_val_00005633.JPEG,99,8.91069417516701,0.0009909725049510598,0.20941324567793276,0.6488429816723379,0.2502931293906448,35224
282,/home/projects/bagon/shared/imagenet512/val/n02910353/ILSVRC2012_val_00020407.JPEG,106,30.434373523807153,0.0009976415894925594,0.41503936325497465,0.9715133339431375,0.4880674242609355,35240
283,/home/projects/bagon/shared/imagenet512/val/n03584829/ILSVRC2012_val_00017604.JPEG,64,9.852917717187665,0.0009888288332149386,0.35589392424748456,0.9661229779615358,0.3052122932075772,35246
284,/home/projects/bagon/shared/imagenet512/val/n03717622/ILSVRC2012_val_00009371.JPEG,404,25.97608924494125,0.0009969270322471857,0.2862592197913014,0.856048428759208,0.3072232019693195,35257
285,/home/projects/bagon/shared/imagenet512/val/n03483316/ILSVRC2012_val_00044702.JPEG,4,1208.6177351474762,0.0,63.3775887734058,0.9002073312249671,0.6630868749494842,35278
286,/home/projects/bagon/shared/imagenet512/val/n03272010/ILSVRC2012_val_00012911.JPEG,374,24.873666557716206,0.0009969270322471857,0.5665873963427551,0.9166493138864631,0.49247884838424305,35282
287,/home/projects/bagon/shared/imagenet512/val/n03314780/ILSVRC2012_val_00029020.JPEG,-1,nan,nan,nan,nan,nan,35289
288,/home/projects/bagon/shared/imagenet512/val/n02111889/ILSVRC2012_val_00009061.JPEG,11,227.4373675584793,0.0,44.09790445389962,nan,0.6026407056655567,35355
289,/home/projects/bagon/shared/imagenet512/val/n02112706/ILSVRC2012_val_00003691.JPEG,347,10.330454924725927,0.0009999042376875877,0.3476837944472657,0.6732273216540274,0.3145245344714277,35357
290,/home/projects/bagon/shared/imagenet512/val/n03530642/ILSVRC2012_val_00027423.JPEG,236,3.31488829117734,0.0009966888464987278,0.18409741947442113,0.6597417047011878,0.2506809994670809,35385
291,/home/projects/bagon/shared/imagenet512/val/n03804744/ILSVRC2012_val_00002005.JPEG,219,12.94174997555092,0.0009964506607502699,0.32791666746271736,0.8461188183352725,0.4022694573247455,35396
292,/home/projects/bagon/shared/imagenet512/val/n02423022/ILSVRC2012_val_00028130.JPEG,-1,nan,nan,nan,nan,nan,35398
293,/home/projects/bagon/shared/imagenet512/val/n01855672/ILSVRC2012_val_00033945.JPEG,428,23.788376187090762,0.0009984752396121621,0.3791491422737805,nan,0.48114725283800264,35407
294,/home/projects/bagon/shared/imagenet512/val/n03782006/ILSVRC2012_val_00033136.JPEG,395,6.452111560967751,0.0009981179609894753,0.1726846175767208,0.8591767873946189,0.3847518811329986,35412
295,/home/projects/bagon/shared/imagenet512/val/n03770679/ILSVRC2012_val_00018768.JPEG,281,2.6838190427515656,0.0009996660519391298,0.1175480057295006,0.6328676632637812,0.24610924832416006,35414
296,/home/projects/bagon/shared/imagenet512/val/n02102177/ILSVRC2012_val_00017830.JPEG,663,3.6667816238477826,0.000998832518234849,0.1287023714824895,0.3822784236415775,0.18282867619254836,35445
297,/home/projects/bagon/shared/imagenet512/val/n02089078/ILSVRC2012_val_00045878.JPEG,526,9.605377514031716,0.00099871342536062,0.29850151396232816,0.9043390050710995,0.3700509936372499,35466
298,/home/projects/bagon/shared/imagenet512/val/n04376876/ILSVRC2012_val_00008800.JPEG,-1,nan,nan,nan,nan,nan,35495
299,/home/projects/bagon/shared/imagenet512/val/n03599486/ILSVRC2012_val_00003203.JPEG,138,57.50366641103756,0.000993711524643004,0.6567113684903898,nan,0.535227181036711,35497
300,/home/projects/bagon/shared/imagenet512/val/n02025239/ILSVRC2012_val_00002658.JPEG,77,32.410448592389,0.000993354362435639,0.44151446169587294,0.9930709565763234,0.27208529286145966,35498
301,/home/projects/bagon/shared/imagenet512/val/n02098413/ILSVRC2012_val_00015063.JPEG,586,77.49493884772528,0.0009996660519391298,2.492899837773786,0.8830060963484706,0.496828633468627,35510
302,/home/projects/bagon/shared/imagenet512/val/n07565083/ILSVRC2012_val_00018731.JPEG,200,39.90072945668362,0.0009977606823667884,0.6847375283817001,0.9877407963915251,0.530314115961139,35519
303,/home/projects/bagon/shared/imagenet512/val/n07579787/ILSVRC2012_val_00010872.JPEG,496,6.286864317255095,0.000998594332486391,0.20187106633043583,0.883678967484108,0.23271912712289877,35534
304,/home/projects/bagon/shared/imagenet512/val/n03450230/ILSVRC2012_val_00045534.JPEG,274,3.7405186349060386,0.0009975224966183305,0.16379024272504394,0.8036319639848151,0.32133031963589564,35535
305,/home/projects/bagon/shared/imagenet512/val/n02077923/ILSVRC2012_val_00007193.JPEG,4,21.44435477256775,0.0,4.1140949715433095,0.9549852842582169,0.5787770316407626,35552
306,/home/projects/bagon/shared/imagenet512/val/n03729826/ILSVRC2012_val_00049625.JPEG,342,3.2717168742092326,0.0009979988681152463,0.15304649462389383,0.6724228843098329,0.3724062240917987,35584
307,/home/projects/bagon/shared/imagenet512/val/n02948072/ILSVRC2012_val_00021250.JPEG,120,4.27290868293494,0.0009984752396121621,0.2658959950510725,0.9713965244632494,0.26544697670301937,35585
308,/home/projects/bagon/shared/imagenet512/val/n02488702/ILSVRC2012_val_00049111.JPEG,245,14.410124946851283,0.0009997851448133588,0.46561899366607395,0.3398771295046621,0.35612609028486136,35611
309,/home/projects/bagon/shared/imagenet512/val/n02096585/ILSVRC2012_val_00001297.JPEG,363,6.4678465141914785,0.0009972843108698726,0.25803678285409914,0.9188723659523808,0.33066127082143504,35612
310,/home/projects/bagon/shared/imagenet512/val/n03100240/ILSVRC2012_val_00040371.JPEG,421,3.2291820748941973,0.0009981179609894753,0.1623024328777647,0.7128786319444756,0.32540440692917405,35638
311,/home/projects/bagon/shared/imagenet512/val/n02443484/ILSVRC2012_val_00034590.JPEG,6,69.0779436826706,0.0,24.969649851227857,0.6585692731598278,0.5648740026488376,35647
312,/home/projects/bagon/shared/imagenet512/val/n04049303/ILSVRC2012_val_00022159.JPEG,-1,nan,nan,nan,nan,nan,35656
313,/home/projects/bagon/shared/imagenet512/val/n03482405/ILSVRC2012_val_00033055.JPEG,278,8.370290865423158,0.0009978797752410173,0.43733283753404234,nan,0.385798985479598,35662
314,/home/projects/bagon/shared/imagenet512/val/n02137549/ILSVRC2012_val_00019975.JPEG,555,33.20683092030231,0.000998594332486391,0.35279481430309856,0.8116875440032761,0.30491521380590136,35665
315,/home/projects/bagon/shared/imagenet512/val/n03026506/ILSVRC2012_val_00022121.JPEG,244,23.55751350824721,0.0009957361035048962,0.30189910946846815,0.9973582044732101,0.3201449141073627,35686
316,/home/projects/bagon/shared/imagenet512/val/n04548362/ILSVRC2012_val_00006492.JPEG,327,8.009326169150881,0.0009970461251214147,0.2278745835487518,0.7654372899416488,0.3759564242241294,35711
317,/home/projects/bagon/shared/imagenet512/val/n03891332/ILSVRC2012_val_00015461.JPEG,233,32.23109404405113,0.0009995469590649009,0.4186823046126587,0.6881346150513284,0.21349045370658107,35713
318,/home/projects/bagon/shared/imagenet512/val/n04522168/ILSVRC2012_val_00035813.JPEG,307,10.488409533398226,0.0009977606823667884,0.41817096757143446,0.964639873887728,0.4189828442493062,35732
319,/home/projects/bagon/shared/imagenet512/val/n03482405/ILSVRC2012_val_00019104.JPEG,496,4.228254212066531,0.0009984752396121621,0.15890859135991034,0.7568082677752282,0.22577539503071087,35742
320,/home/projects/bagon/shared/imagenet512/val/n02123045/ILSVRC2012_val_00033837.JPEG,465,7.2856578276259825,0.0009993088897317648,0.18422944321513332,0.8033327037926264,0.32695986704232827,35743
321,/home/projects/bagon/shared/imagenet512/val/n03721384/ILSVRC2012_val_00016736.JPEG,196,26.998258187668398,0.0009934734553098679,0.49330886423641446,0.9343199549607035,0.4517036161898089,35805
322,/home/projects/bagon/shared/imagenet512/val/n03627232/ILSVRC2012_val_00012368.JPEG,5,26.39416110001912,0.00010132275929208845,2.3842383163613023,0.8610075362941653,0.09420263844922494,35826
323,/home/projects/bagon/shared/imagenet512/val/n03761084/ILSVRC2012_val_00022991.JPEG,4,79.9850525856018,0.0,18.67659928856778,0.987383118047361,0.551900141537028,35831
324,/home/projects/bagon/shared/imagenet512/val/n02090622/ILSVRC2012_val_00033904.JPEG,409,12.388930458924733,0.0009993088897317648,0.3059082065371421,0.811502509876995,0.29505834871077624,35841
325,/home/projects/bagon/shared/imagenet512/val/n02229544/ILSVRC2012_val_00017221.JPEG,-1,nan,nan,nan,nan,nan,35842
326,/home/projects/bagon/shared/imagenet512/val/n04136333/ILSVRC2012_val_00028430.JPEG,265,13.346216742764227,0.0009974034037441015,0.29607721762812356,nan,0.2590860736823395,35852
327,/home/projects/bagon/shared/imagenet512/val/n04423845/ILSVRC2012_val_00002820.JPEG,9,78.92131733894348,0.0,29.547178501119483,0.9925188787051711,0.5277053808442486,35866
328,/home/projects/bagon/shared/imagenet512/val/n04127249/ILSVRC2012_val_00022604.JPEG,419,13.98058866825886,0.0009979988681152463,0.46569391108690755,0.9381237776316731,0.6033630716087834,35872
329,/home/projects/bagon/shared/imagenet512/val/n01755581/ILSVRC2012_val_00012731.JPEG,303,38.569432073272765,0.0009984752396121621,0.45397642526936,0.8412602430109961,0.40116250891017524,35881
330,/home/projects/bagon/shared/imagenet512/val/n04404412/ILSVRC2012_val_00020529.JPEG,496,11.199176416848786,0.0009972843108698726,0.34378638931659977,0.372580015171589,0.3582028598856484,35887
331,/home/projects/bagon/shared/imagenet512/val/n01616318/ILSVRC2012_val_00000018.JPEG,6,73.26460292935371,0.0,6.992126989682446,0.31730355673331906,0.5907473787653519,35903
332,/home/projects/bagon/shared/imagenet512/val/n01734418/ILSVRC2012_val_00019864.JPEG,368,8.043419669382274,0.0009983561467379332,0.351758414372003,0.9260562593287679,0.3275482665936625,35914
333,/home/projects/bagon/shared/imagenet512/val/n03255030/ILSVRC2012_val_00027650.JPEG,41,23.480415420606732,0.000993354362435639,0.3910778051703844,0.8136556965134168,0.20836732815069903,35924
334,/home/projects/bagon/shared/imagenet512/val/n02096585/ILSVRC2012_val_00039408.JPEG,413,27.448429905925877,0.0009999042376875877,0.3433404518064483,0.6828474386309209,0.44114249588262194,35927
335,/home/projects/bagon/shared/imagenet512/val/n01629819/ILSVRC2012_val_00001816.JPEG,519,12.062961878953502,0.0009990707039833069,0.21754204803439772,0.22713413717121606,0.3485475575720279,35928
336,/home/projects/bagon/shared/imagenet512/val/n01692333/ILSVRC2012_val_00041186.JPEG,317,29.59873828885611,0.0009997851448133588,0.45290727884634974,0.9245989730699501,0.5162370410058289,35932
337,/home/projects/bagon/shared/imagenet512/val/n02823750/ILSVRC2012_val_00018356.JPEG,610,3.7483639993006364,0.0009999042376875877,0.13932790092886993,0.5042233430711924,0.3750395778800164,35940
338,/home/projects/bagon/shared/imagenet512/val/n03617480/ILSVRC2012_val_00029199.JPEG,94,29.617873429553583,0.0009941878961399198,0.3790081316552848,0.9136809529014883,0.34209977369049627,35960
339,/home/projects/bagon/shared/imagenet512/val/n03045698/ILSVRC2012_val_00042817.JPEG,231,50.24377640231978,0.0009964506607502699,0.6035850230287411,0.8835550658619299,0.3906995934970812,35998
340,/home/projects/bagon/shared/imagenet512/val/n03868863/ILSVRC2012_val_00025765.JPEG,211,18.07508937676903,0.000996093382127583,0.2563808945800817,0.8825474439008789,0.3368900028862363,36025
341,/home/projects/bagon/shared/imagenet512/val/n03478589/ILSVRC2012_val_00010856.JPEG,151,5.209683016408235,0.000998951611109078,0.2894551834175559,0.6807077800926453,0.32470033810074983,36039
342,/home/projects/bagon/shared/imagenet512/val/n04118538/ILSVRC2012_val_00037138.JPEG,445,13.866914896760136,0.000998951611109078,0.27308067085031656,0.9576144631116916,0.32100714757460347,36045
343,/home/projects/bagon/shared/imagenet512/val/n04074963/ILSVRC2012_val_00027243.JPEG,243,16.704375885310583,0.0009969270322471857,0.2791363588529228,0.991468179567083,0.3192696176117805,36048
344,/home/projects/bagon/shared/imagenet512/val/n02807133/ILSVRC2012_val_00028550.JPEG,254,13.903835099190474,0.0009956170106306672,0.2325136574430099,0.9941098312662696,0.24982751273516116,36057
345,/home/projects/bagon/shared/imagenet512/val/n03445924/ILSVRC2012_val_00004528.JPEG,42,47.502607664326206,0.0009891861118376255,1.0566123811782602,0.7310046739349833,0.42319715755940324,36059
346,/home/projects/bagon/shared/imagenet512/val/n02423022/ILSVRC2012_val_00035456.JPEG,555,4.626238095457666,0.00099871342536062,0.1452352860120716,0.8128548411977596,0.26342192432598044,36075
347,/home/projects/bagon/shared/imagenet512/val/n07248320/ILSVRC2012_val_00005253.JPEG,207,12.328067185706459,0.0009981179609894753,0.2983976437486335,0.9662667941062423,0.287974626362853,36077
348,/home/projects/bagon/shared/imagenet512/val/n07875152/ILSVRC2012_val_00038043.JPEG,93,6.7539517695549875,0.000996212475001812,0.3268717566707816,0.8802418091499701,0.27127985005895505,36094
349,/home/projects/bagon/shared/imagenet512/val/n03530642/ILSVRC2012_val_00035007.JPEG,233,11.571908264770173,0.0009971652179956436,0.446829864979687,0.9811526897280448,0.38149793852519265,36095
350,/home/projects/bagon/shared/imagenet512/val/n03062245/ILSVRC2012_val_00011794.JPEG,88,28.394973560702056,0.000998951611109078,0.4790806315526329,0.9855162465065327,0.36739718703333923,36098
351,/home/projects/bagon/shared/imagenet512/val/n02114855/ILSVRC2012_val_00026228.JPEG,257,50.880947937374,0.0009991897968575358,0.4340210499208915,0.7351175889390527,0.3131633555749386,36127
352,/home/projects/bagon/shared/imagenet512/val/n02106030/ILSVRC2012_val_00003862.JPEG,199,6.350491556338966,0.000998594332486391,0.2722678504459555,0.7912593786250108,0.32947845538573134,36141
353,/home/projects/bagon/shared/imagenet512/val/n03742115/ILSVRC2012_val_00003678.JPEG,617,8.999619871727191,0.0009997851448133588,0.24936996976643147,0.6383013021362375,0.42270457089537405,36143
354,/home/projects/bagon/shared/imagenet512/val/n02992529/ILSVRC2012_val_00011346.JPEG,4,16.075540263205767,0.0002862997353076935,4.137852365238125,0.9669272132110951,0.4424829475030999,36151
355,/home/projects/bagon/shared/imagenet512/val/n02099601/ILSVRC2012_val_00027830.JPEG,244,27.229571185889654,0.0009974034037441015,0.4379541370671854,0.9261377095402441,0.48833140387959284,36166
356,/home/projects/bagon/shared/imagenet512/val/n04141975/ILSVRC2012_val_00013893.JPEG,150,13.58298667985946,0.0009972843108698726,0.34234085150613675,0.937879180591578,0.2538283581961384,36182
357,/home/projects/bagon/shared/imagenet512/val/n02177972/ILSVRC2012_val_00015293.JPEG,675,22.045806026202627,0.000998594332486391,0.4239040943475649,0.9422573623304975,0.5157861831815096,36187
358,/home/projects/bagon/shared/imagenet512/val/n03494278/ILSVRC2012_val_00038228.JPEG,265,4.284485174808651,0.0009996660519391298,0.18288972935079686,0.6379312816813364,0.30416723883020563,36211
359,/home/projects/bagon/shared/imagenet512/val/n03814639/ILSVRC2012_val_00000841.JPEG,131,34.56450940715149,0.000998594332486391,0.41737981995240353,0.9305083708352405,0.2994892742297995,36224
360,/home/projects/bagon/shared/imagenet512/val/n02011460/ILSVRC2012_val_00007313.JPEG,272,13.244984067976475,0.0009947833605110645,0.30637500723899563,0.9976700139637845,0.40650487959414017,36248
361,/home/projects/bagon/shared/imagenet512/val/n02281406/ILSVRC2012_val_00032068.JPEG,469,30.982321109855548,0.0009994279826059937,0.38917132510681085,0.8966432075903579,0.2861688042598539,36269
362,/home/projects/bagon/shared/imagenet512/val/n01855672/ILSVRC2012_val_00002997.JPEG,285,22.643033278756775,0.0009994279826059937,0.2291803502672782,0.9982059266822356,0.2721468146102376,36279
363,/home/projects/bagon/shared/imagenet512/val/n03085013/ILSVRC2012_val_00001071.JPEG,10,7.21417344751535,0.0009008163469843566,0.43422372258031317,0.9304575248647212,0.333584429164575,36280
364,/home/projects/bagon/shared/imagenet512/val/n02094258/ILSVRC2012_val_00015967.JPEG,663,21.534905840293504,0.000998832518234849,0.3546148834621632,0.7179315059534845,0.520080652034301,36284
365,/home/projects/bagon/shared/imagenet512/val/n02101006/ILSVRC2012_val_00025554.JPEG,272,59.9844153621234,0.000995974289253354,0.4645289441501538,0.9563562165176515,0.5052054021226606,36321
366,/home/projects/bagon/shared/imagenet512/val/n03028079/ILSVRC2012_val_00028310.JPEG,307,4.619294158299454,0.000996212475001812,0.1779304454406504,0.934382514504726,0.2609609743364618,36323
367,/home/projects/bagon/shared/imagenet512/val/n04310018/ILSVRC2012_val_00021734.JPEG,559,56.1223629869055,0.0009999042376875877,0.49635410645216593,0.9743833082185627,0.5304916710127696,36328
368,/home/projects/bagon/shared/imagenet512/val/n03000684/ILSVRC2012_val_00046764.JPEG,69,44.359362207353115,0.0009957361035048962,0.6096004768302196,0.9355271760978616,0.5825043813332061,36329
369,/home/projects/bagon/shared/imagenet512/val/n04525305/ILSVRC2012_val_00030473.JPEG,301,8.429783365805633,0.0009983561467379332,0.35097527950616225,0.2885605871870478,0.43859782317690466,36333
370,/home/projects/bagon/shared/imagenet512/val/n03483316/ILSVRC2012_val_00012869.JPEG,6,35.418156147003174,0.0,5.265269870057683,0.9719258263042747,0.5773813334561048,36338
371,/home/projects/bagon/shared/imagenet512/val/n03617480/ILSVRC2012_val_00010400.JPEG,8,38.012897192063974,0.0003492222458589822,0.5513381827339173,0.9621028791053206,0.17649127379790974,36357
372,/home/projects/bagon/shared/imagenet512/val/n03891251/ILSVRC2012_val_00027250.JPEG,165,22.482844576239586,0.0009982370538637042,0.2759268639659432,0.9860389180848883,0.25181461051025095,36358
373,/home/projects/bagon/shared/imagenet512/val/n02871525/ILSVRC2012_val_00000896.JPEG,202,20.61916014738381,0.0009940688032656908,0.38002850004009686,0.6862283834188818,0.32553065529313907,36391
374,/home/projects/bagon/shared/imagenet512/val/n02108000/ILSVRC2012_val_00024509.JPEG,-1,nan,nan,nan,nan,nan,36395
375,/home/projects/bagon/shared/imagenet512/val/n04270147/ILSVRC2012_val_00006592.JPEG,78,42.55080651596654,0.0009896624833345413,0.35138311138941586,nan,0.35033399790428665,36410
376,/home/projects/bagon/shared/imagenet512/val/n01990800/ILSVRC2012_val_00004659.JPEG,141,27.505342097138055,0.0009978797752410173,0.5430114294040159,0.9494571786163871,0.5592185020436304,36420
377,/home/projects/bagon/shared/imagenet512/val/n03197337/ILSVRC2012_val_00017597.JPEG,241,2.466742709511891,0.0009982370538637042,0.1947516108400346,0.6502291060197976,0.31062419779443196,36440
378,/home/projects/bagon/shared/imagenet512/val/n03930630/ILSVRC2012_val_00044388.JPEG,648,11.488894584821537,0.00099871342536062,0.24281989257183176,0.8827884223738465,0.35830597167212225,36448
379,/home/projects/bagon/shared/imagenet512/val/n01735189/ILSVRC2012_val_00006105.JPEG,179,17.772402534028515,0.000996093382127583,0.45916977552531824,0.9596683938021302,0.32707331612576807,36465
380,/home/projects/bagon/shared/imagenet512/val/n04409515/ILSVRC2012_val_00020170.JPEG,153,22.56024145206902,0.000996212475001812,1.061041393453515,0.5202452473185256,0.623148456546001,36471
381,/home/projects/bagon/shared/imagenet512/val/n04465501/ILSVRC2012_val_00041382.JPEG,6,104.55391645431519,0.0,18.27679701273177,0.9033874695197038,0.6024482348852217,36474
382,/home/projects/bagon/shared/imagenet512/val/n02871525/ILSVRC2012_val_00046690.JPEG,408,11.524172510835342,0.0009991897968575358,0.3526001687653353,0.8972326816044213,0.3409208185693631,36483
383,/home/projects/bagon/shared/imagenet512/val/n04141327/ILSVRC2012_val_00032403.JPEG,175,6.576746500330046,0.0009954979177564383,0.26375122351015906,0.8793517949766646,0.2699786145711944,36506
384,/home/projects/bagon/shared/imagenet512/val/n04040759/ILSVRC2012_val_00007508.JPEG,462,20.180630017304793,0.000998594332486391,0.4683542709082239,0.9874579375378023,0.44979462839185974,36507
385,/home/projects/bagon/shared/imagenet512/val/n04532106/ILSVRC2012_val_00009759.JPEG,114,10.244281789055094,0.0009912106906995177,0.3142208526520496,0.9569058408012329,0.3443187315695224,36509
386,/home/projects/bagon/shared/imagenet512/val/n02091244/ILSVRC2012_val_00012149.JPEG,52,42.87110667582601,0.0009827552130445838,0.3612961451424057,0.5612462897757798,0.33642013645784286,36546
387,/home/projects/bagon/shared/imagenet512/val/n02444819/ILSVRC2012_val_00038487.JPEG,404,19.92413842130918,0.0009983561467379332,0.3772153460376207,0.8694211142628353,0.4904607558792913,36549
388,/home/projects/bagon/shared/imagenet512/val/n01985128/ILSVRC2012_val_00001381.JPEG,145,37.577828362584114,0.0009915679693222046,0.33350574673762273,0.7005057868585826,0.3053869325918229,36551
389,/home/projects/bagon/shared/imagenet512/val/n04026417/ILSVRC2012_val_00017058.JPEG,250,32.037641308037564,0.0009994279826059937,0.4461496378895443,0.9977429686765765,0.40627018339567494,36564
390,/home/projects/bagon/shared/imagenet512/val/n03223299/ILSVRC2012_val_00041451.JPEG,260,1.5110022737644613,0.0009953788248822093,0.08493736084337204,0.28887445770023507,0.14210137258387043,36573
391,/home/projects/bagon/shared/imagenet512/val/n04371774/ILSVRC2012_val_00002399.JPEG,147,49.591877897270024,0.0009972843108698726,1.2429259800371875,0.9591019277360986,0.5180431208199262,36575
392,/home/projects/bagon/shared/imagenet512/val/n04259630/ILSVRC2012_val_00002642.JPEG,4,79.1382200717926,0.0,51.521805155060825,0.9438400493758429,0.44452699566649606,36579
393,/home/projects/bagon/shared/imagenet512/val/n02834397/ILSVRC2012_val_00012466.JPEG,300,12.688591255922802,0.0009994279826059937,0.3579042834007563,0.2770977582932811,0.49449109876809677,36583
394,/home/projects/bagon/shared/imagenet512/val/n04389033/ILSVRC2012_val_00024213.JPEG,393,47.09710656630341,0.0009990707039833069,0.5360045882045092,0.9355209135035096,0.5384340936782056,36588
395,/home/projects/bagon/shared/imagenet512/val/n04067472/ILSVRC2012_val_00040398.JPEG,142,22.56014936475549,0.0009943069890141487,0.4788901216404777,0.34164072608072676,0.3064218627007965,36597
396,/home/projects/bagon/shared/imagenet512/val/n03944341/ILSVRC2012_val_00049645.JPEG,48,29.996219711378217,0.0009806115413084626,0.4649992310501122,0.9919651390104812,0.4446948060567263,36601
397,/home/projects/bagon/shared/imagenet512/val/n04004767/ILSVRC2012_val_00037028.JPEG,429,23.168925572070293,0.0009997851448133588,0.3208508213640609,0.9788363365203666,0.4920441191682936,36608
398,/home/projects/bagon/shared/imagenet512/val/n01855672/ILSVRC2012_val_00036969.JPEG,172,35.36795190954581,0.0009995469590649009,0.39313220296650614,0.9699513800213062,0.3853119361147366,36662
399,/home/projects/bagon/shared/imagenet512/val/n04429376/ILSVRC2012_val_00035142.JPEG,303,1.8722467102343217,0.0009990707039833069,0.08514770036572916,0.35297833669607004,0.11605060468874198,36663
400,/home/projects/bagon/shared/imagenet512/val/n07248320/ILSVRC2012_val_00027356.JPEG,195,22.007847607834265,0.0009994279826059937,0.4520284233319444,0.8718654470010188,0.5392664602989229,36665
401,/home/projects/bagon/shared/imagenet512/val/n02319095/ILSVRC2012_val_00046618.JPEG,152,54.34869539691135,0.000996212475001812,0.3587935959879942,0.9836152605837989,0.38229508648727073,36677
402,/home/projects/bagon/shared/imagenet512/val/n09246464/ILSVRC2012_val_00046221.JPEG,233,4.706441750167869,0.000998594332486391,0.1791922336003337,0.7281786763353759,0.26570418288660025,36685
403,/home/projects/bagon/shared/imagenet512/val/n02264363/ILSVRC2012_val_00020183.JPEG,542,28.461978366365656,0.0009991897968575358,0.38524254391050017,0.9881875354668106,0.5076700483224307,36712
404,/home/projects/bagon/shared/imagenet512/val/n07860988/ILSVRC2012_val_00033664.JPEG,350,11.21803790400736,0.000998951611109078,0.3957302265344307,0.8264190040521178,0.3040334792053295,36724
405,/home/projects/bagon/shared/imagenet512/val/n04311174/ILSVRC2012_val_00049340.JPEG,29,27.24762797181029,0.0009964506607502699,0.3156609850000389,0.9317958375757832,0.2345163432077763,36736
406,/home/projects/bagon/shared/imagenet512/val/n04317175/ILSVRC2012_val_00032282.JPEG,100,5.920935121248476,0.000996093382127583,0.21108307521060074,0.9853922616759974,0.18497512355615564,36753
407,/home/projects/bagon/shared/imagenet512/val/n04532106/ILSVRC2012_val_00048164.JPEG,154,16.887640646426007,0.0009996660519391298,0.2958237022179488,0.8688893337892878,0.33219706554505235,36756
408,/home/projects/bagon/shared/imagenet512/val/n03908714/ILSVRC2012_val_00012755.JPEG,115,11.754441540921107,0.0009945451747626066,0.2969216910297984,0.9806887496595283,0.2701266787686786,36773
409,/home/projects/bagon/shared/imagenet512/val/n03876231/ILSVRC2012_val_00048953.JPEG,7,25.600358217954636,0.0,1.8754423003631133,0.288224312928449,0.41641038164784716,36774
410,/home/projects/bagon/shared/imagenet512/val/n03837869/ILSVRC2012_val_00008078.JPEG,288,32.741797367925756,0.0009982370538637042,0.34737987457093944,0.9948577753689927,0.3575877411157062,36775
411,/home/projects/bagon/shared/imagenet512/val/n02493509/ILSVRC2012_val_00046148.JPEG,613,5.282694529858418,0.0009996660519391298,0.16714391606433204,0.7075015684047685,0.2828175454297489,36780
412,/home/projects/bagon/shared/imagenet512/val/n01978455/ILSVRC2012_val_00033808.JPEG,310,31.012768344022334,0.0009983561467379332,0.30120848822824364,0.9118956545705973,0.25474694875052795,36820
413,/home/projects/bagon/shared/imagenet512/val/n02480855/ILSVRC2012_val_00000242.JPEG,7,26.56632173052003,1.3708974620385561e-05,0.46140650939404093,0.9418094597502948,0.42474003075803857,36829
414,/home/projects/bagon/shared/imagenet512/val/n04008634/ILSVRC2012_val_00003596.JPEG,784,8.836886290926486,0.000998594332486391,0.18442804194428375,0.61383278433982,0.20313551023322243,36837
415,/home/projects/bagon/shared/imagenet512/val/n07730033/ILSVRC2012_val_00017580.JPEG,583,4.941522136796266,0.0009995469590649009,0.16370466682038637,0.6410260743860663,0.3194320177771811,36867
416,/home/projects/bagon/shared/imagenet512/val/n01818515/ILSVRC2012_val_00048027.JPEG,-1,nan,nan,nan,nan,nan,36877
417,/home/projects/bagon/shared/imagenet512/val/n04604644/ILSVRC2012_val_00039676.JPEG,81,25.292291353223845,0.000995974289253354,0.27193137880531837,nan,0.08779099457238809,36891
418,/home/projects/bagon/shared/imagenet512/val/n07753592/ILSVRC2012_val_00045425.JPEG,176,12.563891782891005,0.0009953788248822093,0.5148439816472145,0.9836019523652001,0.36869630879634047,36894
419,/home/projects/bagon/shared/imagenet512/val/n03787032/ILSVRC2012_val_00031999.JPEG,620,48.82401588920038,0.000998951611109078,0.4992815622076836,0.8921806051091545,0.5395749471976441,36898
420,/home/projects/bagon/shared/imagenet512/val/n01775062/ILSVRC2012_val_00036589.JPEG,553,6.87727033381816,0.0009978797752410173,0.20003275739402993,0.6978206978792868,0.18792585913522475,36899
421,/home/projects/bagon/shared/imagenet512/val/n03483316/ILSVRC2012_val_00016639.JPEG,191,43.05842685641255,0.0009977606823667884,0.8334932362529739,0.9782798837841687,0.35922763469857644,36906
422,/home/projects/bagon/shared/imagenet512/val/n03476991/ILSVRC2012_val_00043613.JPEG,170,10.355728682712652,0.0009949024533852935,0.33246246487896564,0.7301348171182851,0.33535115926327186,36923
423,/home/projects/bagon/shared/imagenet512/val/n03742115/ILSVRC2012_val_00006891.JPEG,202,19.4651561944047,0.0009943069890141487,0.3541251441344307,0.9718513479366828,0.3332031790654346,36940
424,/home/projects/bagon/shared/imagenet512/val/n01616318/ILSVRC2012_val_00022088.JPEG,305,22.269144187215716,0.0009981179609894753,0.3552086243132487,0.9799868187884654,0.24466706189593287,36945
425,/home/projects/bagon/shared/imagenet512/val/n04592741/ILSVRC2012_val_00046234.JPEG,270,4.488598096650094,0.000996212475001812,0.17657811720888666,0.4809223472108108,0.3197234667254249,36946
426,/home/projects/bagon/shared/imagenet512/val/n03179701/ILSVRC2012_val_00026204.JPEG,208,8.330959783867002,0.000993711524643004,0.3472551604064471,0.986438358458476,0.2693441955268039,36953
427,/home/projects/bagon/shared/imagenet512/val/n04141076/ILSVRC2012_val_00032761.JPEG,377,16.76952970039565,0.0009978797752410173,0.3070002628808598,0.9400269447339994,0.2632993894899222,36960
428,/home/projects/bagon/shared/imagenet512/val/n02236044/ILSVRC2012_val_00021366.JPEG,119,24.678606399218552,0.0009996660519391298,0.32953279268006747,0.9957769821423753,0.26691924548544654,36979
429,/home/projects/bagon/shared/imagenet512/val/n02119789/ILSVRC2012_val_00033890.JPEG,696,16.330375526449643,0.0009997851448133588,0.32380913561778923,0.8712852612056338,0.2197301331063001,36993
430,/home/projects/bagon/shared/imagenet512/val/n03995372/ILSVRC2012_val_00048056.JPEG,183,10.91369635425508,0.0009978797752410173,0.2905718200498878,0.9402196967786541,0.294528010693869,37006
431,/home/projects/bagon/shared/imagenet512/val/n03272010/ILSVRC2012_val_00044737.JPEG,371,30.427765286993235,0.0009984752396121621,0.37368509497107744,0.9455130467362839,0.36463655693218233,37015
432,/home/projects/bagon/shared/imagenet512/val/n04557648/ILSVRC2012_val_00015556.JPEG,125,9.43953058461193,0.000996331567876041,0.3059484432842126,0.9471247800246567,0.295412995406116,37018
433,/home/projects/bagon/shared/imagenet512/val/n02100877/ILSVRC2012_val_00030663.JPEG,-1,nan,nan,nan,nan,nan,37057
434,/home/projects/bagon/shared/imagenet512/val/n01675722/ILSVRC2012_val_00011294.JPEG,257,7.202223332598805,0.000995974289253354,0.29189629532898054,nan,0.29695799334084905,37061
435,/home/projects/bagon/shared/imagenet512/val/n02097658/ILSVRC2012_val_00044231.JPEG,376,17.705515428911895,0.0009982370538637042,0.3235834656938779,0.9044461600034709,0.25470036456258427,37087
436,/home/projects/bagon/shared/imagenet512/val/n03761084/ILSVRC2012_val_00042691.JPEG,252,14.712357784272172,0.0009969270322471857,0.3534624295188095,0.9640062562125695,0.37899126269029637,37089
437,/home/projects/bagon/shared/imagenet512/val/n04483307/ILSVRC2012_val_00037667.JPEG,570,13.236691208789125,0.0009994279826059937,0.2918764202137017,0.912397025786236,0.41908731756583795,37102
438,/home/projects/bagon/shared/imagenet512/val/n02641379/ILSVRC2012_val_00033453.JPEG,581,60.1315430609975,0.000998832518234849,0.5629221710601998,0.875077442387048,0.5011769924288957,37108
439,/home/projects/bagon/shared/imagenet512/val/n03018349/ILSVRC2012_val_00026074.JPEG,330,15.067451252951287,0.0009968079393729568,0.3788931905034572,0.7483785063319597,0.4018711836099448,37115
440,/home/projects/bagon/shared/imagenet512/val/n03803284/ILSVRC2012_val_00002446.JPEG,75,19.978064042632468,0.000987995183095336,0.5013580889851619,0.9750278764028734,0.2918571905791313,37133
441,/home/projects/bagon/shared/imagenet512/val/n03450230/ILSVRC2012_val_00017813.JPEG,310,13.236044409452006,0.0009999042376875877,0.32861920968620534,0.9188293213111913,0.2665334379477452,37149
442,/home/projects/bagon/shared/imagenet512/val/n02977058/ILSVRC2012_val_00020725.JPEG,4,17.39005184173584,0.0,6.069255741664437,0.8934548579506814,0.7052072393455131,37153
443,/home/projects/bagon/shared/imagenet512/val/n03786901/ILSVRC2012_val_00011653.JPEG,350,2.22357897576876,0.0009995469590649009,0.13751739693509293,0.7286729284801288,0.2783789356662877,37158
444,/home/projects/bagon/shared/imagenet512/val/n01744401/ILSVRC2012_val_00044580.JPEG,288,11.150084789376706,0.0009975224966183305,0.3683662685750493,0.6464961158419475,0.312389660303971,37163
445,/home/projects/bagon/shared/imagenet512/val/n03873416/ILSVRC2012_val_00044454.JPEG,128,12.77197813813109,0.0009910915978252888,0.30522468198544395,0.8536688713612326,0.2280469311275519,37172
446,/home/projects/bagon/shared/imagenet512/val/n03982430/ILSVRC2012_val_00023993.JPEG,266,39.411236243206076,0.0009984752396121621,0.6033140733140279,0.9960380872655997,0.5210305763645907,37181
447,/home/projects/bagon/shared/imagenet512/val/n02837789/ILSVRC2012_val_00045787.JPEG,814,11.269189140060917,0.0009999042376875877,0.25935557428192096,0.965710129372946,0.28921606876925554,37184
448,/home/projects/bagon/shared/imagenet512/val/n04392985/ILSVRC2012_val_00012872.JPEG,-1,nan,nan,nan,nan,nan,37185
449,/home/projects/bagon/shared/imagenet512/val/n09428293/ILSVRC2012_val_00001304.JPEG,541,11.414862852892838,0.0009978797752410173,0.4792610929930158,nan,0.39333028168563283,37186
450,/home/projects/bagon/shared/imagenet512/val/n02500267/ILSVRC2012_val_00035434.JPEG,124,39.65597611526027,0.000996093382127583,0.44764679411903663,0.9608348864737735,0.37006959975058723,37200
451,/home/projects/bagon/shared/imagenet512/val/n03908714/ILSVRC2012_val_00039820.JPEG,101,21.128930780338123,0.0009924016194418073,0.3241524962270911,0.9882814028684244,0.2804745180828521,37235
452,/home/projects/bagon/shared/imagenet512/val/n03733805/ILSVRC2012_val_00011426.JPEG,207,34.26126013789326,0.000996331567876041,0.35120243104827314,0.9838916016610079,0.27259286793886484,37238
453,/home/projects/bagon/shared/imagenet512/val/n02105412/ILSVRC2012_val_00041115.JPEG,390,21.447281363536604,0.0009983561467379332,0.31324512413379574,0.9658849355511402,0.3988249502313199,37244
454,/home/projects/bagon/shared/imagenet512/val/n04335435/ILSVRC2012_val_00031357.JPEG,6,46.39605116844177,0.0,20.130745105024896,0.9308001517203448,0.5780958571530207,37254
455,/home/projects/bagon/shared/imagenet512/val/n02783161/ILSVRC2012_val_00034540.JPEG,361,7.747957838932052,0.0009974034037441015,0.22841130509861765,0.9201199840845851,0.3940903243579959,37266
456,/home/projects/bagon/shared/imagenet512/val/n01675722/ILSVRC2012_val_00032254.JPEG,195,42.035843612626195,0.0009993088897317648,0.5155534049809563,0.9479283156198264,0.37323209305742955,37286
457,/home/projects/bagon/shared/imagenet512/val/n04133789/ILSVRC2012_val_00029389.JPEG,243,10.8992528275121,0.0009979988681152463,0.35202095361949226,0.5159411064579329,0.2893943855216716,37293
458,/home/projects/bagon/shared/imagenet512/val/n02268443/ILSVRC2012_val_00048743.JPEG,483,12.137587448349223,0.0009995469590649009,0.2109692090103362,0.9397125230105293,0.26753585093972504,37302
459,/home/projects/bagon/shared/imagenet512/val/n03657121/ILSVRC2012_val_00026150.JPEG,428,15.040763396187685,0.0009995469590649009,0.3295027059408335,0.9289807474094853,0.3924597256295361,37314
460,/home/projects/bagon/shared/imagenet512/val/n03249569/ILSVRC2012_val_00029379.JPEG,196,22.404433541931212,0.0009993088897317648,0.8368216047236777,0.5374424186364329,0.3803469248271272,37316
461,/home/projects/bagon/shared/imagenet512/val/n02906734/ILSVRC2012_val_00032789.JPEG,40,41.20238627807703,0.0009900197619572282,0.46941383533973574,0.9981312272854508,0.2120854699420156,37335
462,/home/projects/bagon/shared/imagenet512/val/n01644373/ILSVRC2012_val_00043369.JPEG,119,23.82021736470051,0.0009975224966183305,0.38475696200498205,0.9745323049837777,0.3635445343019438,37342
463,/home/projects/bagon/shared/imagenet512/val/n07745940/ILSVRC2012_val_00001194.JPEG,89,4.941691305022687,0.0009993088897317648,0.20211865198627232,0.9712999054952981,0.11161593056310165,37346
464,/home/projects/bagon/shared/imagenet512/val/n03666591/ILSVRC2012_val_00006224.JPEG,72,17.337615597294644,0.0009984752396121621,0.2992150542519474,0.9914501413107379,0.31191003357994973,37372
465,/home/projects/bagon/shared/imagenet512/val/n07714571/ILSVRC2012_val_00041102.JPEG,210,33.1539331744425,0.0009968079393729568,0.3161428385080152,0.512349075862888,0.41212155649109544,37378
466,/home/projects/bagon/shared/imagenet512/val/n09421951/ILSVRC2012_val_00006540.JPEG,264,7.568945722654462,0.0009957361035048962,0.2675024168797277,0.6396651801569417,0.28460353498699276,37385
467,/home/projects/bagon/shared/imagenet512/val/n04487394/ILSVRC2012_val_00005962.JPEG,295,40.97666322265286,0.0009970461251214147,0.3709607077017023,0.950194521997166,0.5025835030933189,37390
468,/home/projects/bagon/shared/imagenet512/val/n03642806/ILSVRC2012_val_00038104.JPEG,361,14.217038297560066,0.0009990707039833069,0.30871042363000095,0.7195473251881449,0.4518271384179193,37398
469,/home/projects/bagon/shared/imagenet512/val/n03249569/ILSVRC2012_val_00041006.JPEG,146,3.4755211046431214,0.0009970461251214147,0.1431142796835417,0.8805005685759741,0.1376867031675979,37401
470,/home/projects/bagon/shared/imagenet512/val/n04336792/ILSVRC2012_val_00022231.JPEG,124,30.7500543280039,0.0009897815762087703,0.36416608208660556,0.9930666388578839,0.3629401440118889,37402
471,/home/projects/bagon/shared/imagenet512/val/n02437616/ILSVRC2012_val_00026173.JPEG,-1,nan,nan,nan,nan,nan,37418
472,/home/projects/bagon/shared/imagenet512/val/n02346627/ILSVRC2012_val_00034246.JPEG,130,15.585330040426925,0.0009975224966183305,0.4061344745855011,nan,0.2704370699401081,37423
473,/home/projects/bagon/shared/imagenet512/val/n01847000/ILSVRC2012_val_00047833.JPEG,279,32.570424584904686,0.0009982370538637042,0.4834956908765582,0.8657060461458328,0.28050718391399265,37426
474,/home/projects/bagon/shared/imagenet512/val/n02091134/ILSVRC2012_val_00039233.JPEG,750,30.258105146232992,0.0009995469590649009,0.38187158935980625,0.8054041760584595,0.34576825819784324,37445
475,/home/projects/bagon/shared/imagenet512/val/n03958227/ILSVRC2012_val_00046194.JPEG,155,11.986846208339557,0.0009975224966183305,0.42812682700960786,0.925950402276527,0.3177857353889283,37450
476,/home/projects/bagon/shared/imagenet512/val/n03838899/ILSVRC2012_val_00021863.JPEG,848,12.93696522677783,0.0009981179609894753,0.3382594169519641,0.9041449334061774,0.3663248941515404,37451
477,/home/projects/bagon/shared/imagenet512/val/n07836838/ILSVRC2012_val_00001078.JPEG,170,27.569072316982783,0.0009997851448133588,0.511809086098459,0.9506038122773735,0.48442282849769924,37460
478,/home/projects/bagon/shared/imagenet512/val/n02879718/ILSVRC2012_val_00014481.JPEG,49,0.6154878787929192,0.0009926398051902652,0.06168780186271775,0.34129183177310535,0.15252206964101062,37474
479,/home/projects/bagon/shared/imagenet512/val/n02669723/ILSVRC2012_val_00023217.JPEG,408,22.585869960137643,0.0009966888464987278,0.31263804817610097,0.9838222825432248,0.5128726306036381,37476
480,/home/projects/bagon/shared/imagenet512/val/n02871525/ILSVRC2012_val_00035998.JPEG,369,14.2939361713361,0.0009958551963791251,0.27486753881352705,0.8794381319782363,0.26842897763085993,37488
481,/home/projects/bagon/shared/imagenet512/val/n03995372/ILSVRC2012_val_00013816.JPEG,6,38.32788372039795,0.0,3.6833344940086223,0.9763916982160896,0.6653009112468228,37496
482,/home/projects/bagon/shared/imagenet512/val/n02777292/ILSVRC2012_val_00046016.JPEG,169,1.5487041841261089,0.0009971652179956436,0.0932806913746623,0.3566970080982196,0.282245122539754,37500
483,/home/projects/bagon/shared/imagenet512/val/n04192698/ILSVRC2012_val_00030177.JPEG,32,36.931512333336286,0.0009629856795072556,2.9122006312394855,0.8899041321954357,0.3479702212860497,37502
484,/home/projects/bagon/shared/imagenet512/val/n02483362/ILSVRC2012_val_00029738.JPEG,413,6.402307007461786,0.0009979988681152463,0.1976396667217438,0.9817212010723367,0.2602266752589589,37512
485,/home/projects/bagon/shared/imagenet512/val/n04049303/ILSVRC2012_val_00030533.JPEG,265,1.840789443347603,0.0009977606823667884,0.10163978980643992,0.34952355972925975,0.20626254421010254,37517
486,/home/projects/bagon/shared/imagenet512/val/n02018207/ILSVRC2012_val_00012309.JPEG,304,14.32270104822237,0.0009976415894925594,0.2953444514042579,0.9789775393871515,0.47679815634995193,37519
487,/home/projects/bagon/shared/imagenet512/val/n02119789/ILSVRC2012_val_00021044.JPEG,358,28.736445048707537,0.0009993088897317648,0.7862628364854298,0.763169704452687,0.3616151612861639,37537
488,/home/projects/bagon/shared/imagenet512/val/n02328150/ILSVRC2012_val_00029632.JPEG,553,27.078778608236462,0.000998951611109078,0.3788559945952589,0.9082449206764337,0.4023780818382763,37542
489,/home/projects/bagon/shared/imagenet512/val/n01755581/ILSVRC2012_val_00032036.JPEG,384,8.297864985186607,0.0009993088897317648,0.22353903093406555,0.9931694694051169,0.26289608702911244,37544
490,/home/projects/bagon/shared/imagenet512/val/n02093859/ILSVRC2012_val_00010356.JPEG,275,3.6087386613944545,0.0009957361035048962,0.1569458945050257,0.7514216571167448,0.33526032051513893,37555
491,/home/projects/bagon/shared/imagenet512/val/n01985128/ILSVRC2012_val_00049657.JPEG,393,27.653579225880094,0.0009972843108698726,0.33840470113178367,0.9865859267165104,0.3689422418261479,37588
492,/home/projects/bagon/shared/imagenet512/val/n10148035/ILSVRC2012_val_00035759.JPEG,-1,nan,nan,nan,nan,nan,37603
493,/home/projects/bagon/shared/imagenet512/val/n02415577/ILSVRC2012_val_00044438.JPEG,575,33.22583371808287,0.0009993088897317648,0.41832631876462134,nan,0.33042392408208693,37606
494,/home/projects/bagon/shared/imagenet512/val/n02107312/ILSVRC2012_val_00008809.JPEG,234,20.140380849828944,0.0009972843108698726,0.22491493630238163,0.9853524808515756,0.2526091445056189,37609
495,/home/projects/bagon/shared/imagenet512/val/n04033901/ILSVRC2012_val_00007590.JPEG,8,45.50178527832031,0.0,4.905286696881516,0.9902293318012483,0.4340261537889348,37637
496,/home/projects/bagon/shared/imagenet512/val/n04479046/ILSVRC2012_val_00012561.JPEG,4,13.625141620635986,0.0,0.585950313980011,0.9810639789111955,0.4001685689786584,37651
497,/home/projects/bagon/shared/imagenet512/val/n02077923/ILSVRC2012_val_00032816.JPEG,45,30.355978167324793,0.0009727513534016907,0.42271483680813854,0.9921739547187177,0.3369765812779639,37652
498,/home/projects/bagon/shared/imagenet512/val/n03124043/ILSVRC2012_val_00009961.JPEG,140,10.657125318073668,0.000995974289253354,0.47125353299270123,0.9872709932634168,0.3297365160748353,37674
499,/home/projects/bagon/shared/imagenet512/val/n03742115/ILSVRC2012_val_00022315.JPEG,254,4.428790918551385,0.0009974034037441015,0.12923600715986158,0.9321066972211061,0.16316275647308723,37678
500,/home/projects/bagon/shared/imagenet512/val/n01729322/ILSVRC2012_val_00012188.JPEG,210,9.62137731036637,0.0009952597320079803,0.20480756974719486,0.7334625641573912,0.21395084456713784,37689
501,/home/projects/bagon/shared/imagenet512/val/n03803284/ILSVRC2012_val_00016404.JPEG,159,21.362646022695117,0.000993354362435639,0.31758975411994916,0.8899227148921569,0.3504740540728185,37701
502,/home/projects/bagon/shared/imagenet512/val/n04270147/ILSVRC2012_val_00025022.JPEG,336,38.17285040731076,0.0009981179609894753,1.5049179169849192,0.926297283420023,0.5121815485007085,37718
503,/home/projects/bagon/shared/imagenet512/val/n03141823/ILSVRC2012_val_00008131.JPEG,19,18.303378555108793,0.000976800569333136,0.45163145559306556,0.9825388688527971,0.3262122723469634,37752
504,/home/projects/bagon/shared/imagenet512/val/n03180011/ILSVRC2012_val_00049615.JPEG,60,17.37241743353661,0.0009847796754911542,0.5524524149854291,0.8870342990361799,0.504034538200098,37771
505,/home/projects/bagon/shared/imagenet512/val/n04370456/ILSVRC2012_val_00044286.JPEG,195,14.16794291860424,0.0009964506607502699,0.23315855354882956,0.9540952509207107,0.20911140562511785,37774
506,/home/projects/bagon/shared/imagenet512/val/n03895866/ILSVRC2012_val_00033410.JPEG,111,4.473989010904916,0.000992877990938723,0.2074984756281655,0.8535367853089584,0.1949196501881995,37777
507,/home/projects/bagon/shared/imagenet512/val/n01978287/ILSVRC2012_val_00028380.JPEG,215,40.13052058930043,0.0009965697536244988,0.49079604121635095,0.6271216565848258,0.3848283628085162,37809
508,/home/projects/bagon/shared/imagenet512/val/n04399382/ILSVRC2012_val_00036575.JPEG,126,13.574087546789087,0.000992877990938723,0.6126965119560408,0.9643154144542752,0.48563905954791425,37818
509,/home/projects/bagon/shared/imagenet512/val/n02133161/ILSVRC2012_val_00016229.JPEG,731,19.438867182121612,0.0009991897968575358,0.4329694309770761,0.8474662643854456,0.40421372080072415,37840
510,/home/projects/bagon/shared/imagenet512/val/n03743016/ILSVRC2012_val_00043663.JPEG,229,19.847172967041843,0.0009949024533852935,0.530962026388231,0.9908966421471036,0.4241820495045665,37843
511,/home/projects/bagon/shared/imagenet512/val/n03649909/ILSVRC2012_val_00005246.JPEG,150,9.901217192062177,0.0009954979177564383,0.21716843558001483,0.840548032689598,0.23836731902800798,37856
512,/home/projects/bagon/shared/imagenet512/val/n02356798/ILSVRC2012_val_00030458.JPEG,300,42.37437551643234,0.0009977606823667884,1.2564845313661837,0.5367836946715236,0.3349694133233668,37863
513,/home/projects/bagon/shared/imagenet512/val/n03868863/ILSVRC2012_val_00002895.JPEG,6,20.688297748565674,0.0,1.1634400486648155,0.7219442995804508,0.273679230703942,37864
514,/home/projects/bagon/shared/imagenet512/val/n04074963/ILSVRC2012_val_00006113.JPEG,44,21.477028773748316,0.0009819215629249811,0.3536511509517092,0.8420154798972623,0.3786434580771929,37869
515,/home/projects/bagon/shared/imagenet512/val/n04366367/ILSVRC2012_val_00024391.JPEG,-1,nan,nan,nan,nan,nan,37891
516,/home/projects/bagon/shared/imagenet512/val/n03376595/ILSVRC2012_val_00010721.JPEG,141,5.940211997949518,0.0009976415894925594,0.28201271432984854,nan,0.21854330516054757,37904
517,/home/projects/bagon/shared/imagenet512/val/n02094258/ILSVRC2012_val_00028506.JPEG,146,2.9911054058466107,0.000996093382127583,0.1197587964584523,0.6722297371014789,0.25093758757212403,37957
518,/home/projects/bagon/shared/imagenet512/val/n04482393/ILSVRC2012_val_00042298.JPEG,335,4.611130923964083,0.0009990707039833069,0.15593866096707884,0.8036608719790674,0.32423316205131014,37969
519,/home/projects/bagon/shared/imagenet512/val/n02174001/ILSVRC2012_val_00025855.JPEG,372,20.817297600675374,0.0009979988681152463,0.4194060034705741,0.9937204550510109,0.37558359536406016,37971
520,/home/projects/bagon/shared/imagenet512/val/n03498962/ILSVRC2012_val_00032228.JPEG,273,16.003607733058743,0.0009972843108698726,0.76743286712174,0.6580478042111392,0.3462976447519559,37977
521,/home/projects/bagon/shared/imagenet512/val/n04476259/ILSVRC2012_val_00039255.JPEG,165,23.99940920562949,0.000996331567876041,0.5237927677002595,0.9405352300981441,0.455508121630251,38013
522,/home/projects/bagon/shared/imagenet512/val/n03976657/ILSVRC2012_val_00039309.JPEG,6,56.553680419921875,0.0,18.881640426689067,0.8253066656655659,0.534810103825585,38031
523,/home/projects/bagon/shared/imagenet512/val/n03372029/ILSVRC2012_val_00016025.JPEG,113,40.38738141662907,0.0009945451747626066,0.4212062838172664,0.9133763149235327,0.44556165385714863,38039
524,/home/projects/bagon/shared/imagenet512/val/n04004767/ILSVRC2012_val_00005920.JPEG,410,30.224429252557456,0.0009997851448133588,0.48750402650636393,0.896031889111733,0.4852227034605817,38073
525,/home/projects/bagon/shared/imagenet512/val/n02799071/ILSVRC2012_val_00023535.JPEG,533,3.444943846203387,0.0009994279826059937,0.12395745753259498,0.4268767253469813,0.18068030772455065,38083
526,/home/projects/bagon/shared/imagenet512/val/n03764736/ILSVRC2012_val_00043102.JPEG,92,9.54048439313192,0.0009920443408191204,0.39078917672977437,0.8772283075613098,0.37623445965050795,38093
527,/home/projects/bagon/shared/imagenet512/val/n01694178/ILSVRC2012_val_00020044.JPEG,512,14.09673285309691,0.0009984752396121621,0.44155739228492374,0.7176664203863697,0.2762773245261443,38094
528,/home/projects/bagon/shared/imagenet512/val/n04350905/ILSVRC2012_val_00040799.JPEG,937,19.693976643844508,0.0009999042376875877,0.342336089091378,0.9911948435047444,0.3760787912233654,38107
529,/home/projects/bagon/shared/imagenet512/val/n01924916/ILSVRC2012_val_00027592.JPEG,691,22.804345050244592,0.0009984752396121621,0.5125726304311431,0.8862071631591287,0.43101031977063364,38127
530,/home/projects/bagon/shared/imagenet512/val/n02640242/ILSVRC2012_val_00014763.JPEG,4,75.62736654281616,0.0,4.939268915921173,0.9107158970605153,0.5689401557780133,38129
531,/home/projects/bagon/shared/imagenet512/val/n03692522/ILSVRC2012_val_00031500.JPEG,4,607.5379407405853,0.0,27.59449905738019,0.9414099588735567,0.5209909748711077,38132
532,/home/projects/bagon/shared/imagenet512/val/n04483307/ILSVRC2012_val_00017755.JPEG,596,17.03408841905184,0.0009994279826059937,0.359313342282218,0.9601829034199331,0.3226839423309884,38154
533,/home/projects/bagon/shared/imagenet512/val/n02165456/ILSVRC2012_val_00019299.JPEG,540,4.318052106886171,0.0009999042376875877,0.17855730727817418,0.6433582692410056,0.3774187489393427,38174
534,/home/projects/bagon/shared/imagenet512/val/n02493793/ILSVRC2012_val_00046117.JPEG,66,47.62829031376168,0.000996331567876041,0.649472255553539,0.89548244787701,0.4574548961261882,38229
535,/home/projects/bagon/shared/imagenet512/val/n02100583/ILSVRC2012_val_00010808.JPEG,359,16.35648285492789,0.0009993088897317648,0.22369741220131661,0.9923631049928253,0.35624372248094316,38234
536,/home/projects/bagon/shared/imagenet512/val/n02841315/ILSVRC2012_val_00010205.JPEG,4,43.08657193183899,0.0,57.65009471303019,0.9234492206740774,0.6688868761479884,38265
537,/home/projects/bagon/shared/imagenet512/val/n03250847/ILSVRC2012_val_00007976.JPEG,317,7.729642067104578,0.0009983561467379332,0.2962739961119807,0.8962272176637026,0.2862836214808162,38284
538,/home/projects/bagon/shared/imagenet512/val/n02119789/ILSVRC2012_val_00018313.JPEG,223,52.90475152968429,0.000993830617517233,0.3984333571173818,0.9300953942672444,0.4378338262391844,38285
539,/home/projects/bagon/shared/imagenet512/val/n04147183/ILSVRC2012_val_00026899.JPEG,628,7.527743153390475,0.0009994279826059937,0.310970672392793,0.7562898379661438,0.38064489722268036,38298
540,/home/projects/bagon/shared/imagenet512/val/n11879895/ILSVRC2012_val_00031639.JPEG,5,30.768359184265137,0.0,4.299963760446699,0.8462173035061595,0.5101505513120501,38301
541,/home/projects/bagon/shared/imagenet512/val/n04485082/ILSVRC2012_val_00039663.JPEG,279,9.797577121295035,0.0009966888464987278,0.2845537516427285,0.9580867834796345,0.2942126100381268,38311
542,/home/projects/bagon/shared/imagenet512/val/n02799071/ILSVRC2012_val_00037169.JPEG,749,11.591735136695206,0.0009990707039833069,0.262133736437688,0.9292653782446072,0.38610109926891434,38314
543,/home/projects/bagon/shared/imagenet512/val/n01855032/ILSVRC2012_val_00035647.JPEG,750,21.457549329614267,0.000998951611109078,0.35554062929226876,0.9920568446157916,0.3442985437490461,38316
544,/home/projects/bagon/shared/imagenet512/val/n02114712/ILSVRC2012_val_00017363.JPEG,349,32.49579226470087,0.0009968079393729568,0.4247528726920643,0.7618049025629339,0.23734307631947818,38320
545,/home/projects/bagon/shared/imagenet512/val/n03710193/ILSVRC2012_val_00045717.JPEG,269,3.0568230658536777,0.0009993088897317648,0.1587691990644779,0.6697460464235492,0.25496118005953744,38321
546,/home/projects/bagon/shared/imagenet512/val/n03197337/ILSVRC2012_val_00010753.JPEG,291,4.872516094939783,0.0009991897968575358,0.148670378950939,0.7616677822735652,0.2839846657089454,38334
547,/home/projects/bagon/shared/imagenet512/val/n04372370/ILSVRC2012_val_00029257.JPEG,134,16.241656059515662,0.0009981179609894753,0.5407603725838562,0.8428143367822812,0.526575746544526,38341
548,/home/projects/bagon/shared/imagenet512/val/n01739381/ILSVRC2012_val_00032571.JPEG,383,6.280043190810829,0.0009983561467379332,0.2764808085678256,0.7478845378492814,0.4099819914747227,38343
549,/home/projects/bagon/shared/imagenet512/val/n02490219/ILSVRC2012_val_00028231.JPEG,336,17.456806607893668,0.0009970461251214147,0.3838441011127851,0.7786262327752917,0.47751517240085967,38350
550,/home/projects/bagon/shared/imagenet512/val/n04515003/ILSVRC2012_val_00042717.JPEG,386,19.67555928847287,0.0009977606823667884,0.3732896410487738,0.9837338533374773,0.2893983226854948,38354
551,/home/projects/bagon/shared/imagenet512/val/n07745940/ILSVRC2012_val_00010942.JPEG,485,4.640750382444821,0.0009997851448133588,0.15695401253943891,0.8968411117152467,0.28919119940619803,38359
552,/home/projects/bagon/shared/imagenet512/val/n04442312/ILSVRC2012_val_00038755.JPEG,98,25.861975869513117,0.0009912106906995177,0.4119879414481714,0.9622420547133995,0.35160788493861084,38361
553,/home/projects/bagon/shared/imagenet512/val/n04613696/ILSVRC2012_val_00007449.JPEG,135,18.95128917740658,0.00099323526956141,0.5180074838424937,0.6126506496551716,0.27042831934942757,38368
554,/home/projects/bagon/shared/imagenet512/val/n03345487/ILSVRC2012_val_00000764.JPEG,119,57.13555436930619,0.00099871342536062,1.8562390856003563,0.9786196258868874,0.47689201409566,38382
555,/home/projects/bagon/shared/imagenet512/val/n03770439/ILSVRC2012_val_00022703.JPEG,104,20.28057125583291,0.0009920443408191204,0.5160735864719396,0.9824242955488308,0.23097615914054878,38428
556,/home/projects/bagon/shared/imagenet512/val/n02786058/ILSVRC2012_val_00010277.JPEG,-1,nan,nan,nan,nan,nan,38435
557,/home/projects/bagon/shared/imagenet512/val/n04525038/ILSVRC2012_val_00004881.JPEG,7,14.692149676379358,2.50339189733495e-06,0.7661050604517015,nan,0.427157939022794,38447
558,/home/projects/bagon/shared/imagenet512/val/n02977058/ILSVRC2012_val_00021001.JPEG,177,26.390592204290442,0.0009982370538637042,0.9032715500212283,0.9976653950092205,0.5222052951811379,38506
559,/home/projects/bagon/shared/imagenet512/val/n01687978/ILSVRC2012_val_00018305.JPEG,298,16.620002566371113,0.0009994279826059937,0.32579776630597024,0.5646484702810453,0.2784838421163179,38515
560,/home/projects/bagon/shared/imagenet512/val/n04371430/ILSVRC2012_val_00041278.JPEG,314,25.34731961216312,0.0009991897968575358,0.4012119052120235,0.8458912376091016,0.5477707627647298,38534
561,/home/projects/bagon/shared/imagenet512/val/n01632777/ILSVRC2012_val_00045553.JPEG,235,34.075764345470816,0.0009972843108698726,0.35117122651607185,0.9987359165052525,0.33609992597118576,38550
562,/home/projects/bagon/shared/imagenet512/val/n02974003/ILSVRC2012_val_00003234.JPEG,6,22.448896884918213,0.0,2.1357377503418884,0.9419848489690157,0.5666551554244869,38557
563,/home/projects/bagon/shared/imagenet512/val/n02107574/ILSVRC2012_val_00016745.JPEG,403,22.928941937163472,0.0009999042376875877,0.358666412069069,0.662380896361682,0.31442949847393825,38558
564,/home/projects/bagon/shared/imagenet512/val/n01753488/ILSVRC2012_val_00012220.JPEG,182,17.802579064504243,0.0009990707039833069,0.39268880812445145,0.9175529910624759,0.3059109116020032,38559
565,/home/projects/bagon/shared/imagenet512/val/n02104365/ILSVRC2012_val_00042768.JPEG,8,41.292038440704346,0.0,0.7651471263684518,0.9640074630750313,0.40188039772204287,38560
566,/home/projects/bagon/shared/imagenet512/val/n07875152/ILSVRC2012_val_00044895.JPEG,65,38.13693952339236,0.0009925207123160362,0.336343599706574,0.9324736437843866,0.29116190301570477,38572
567,/home/projects/bagon/shared/imagenet512/val/n02777292/ILSVRC2012_val_00007385.JPEG,630,3.780779341701418,0.0009999042376875877,0.14105549875928677,0.3744008652561032,0.3427829215912737,38579
568,/home/projects/bagon/shared/imagenet512/val/n03207941/ILSVRC2012_val_00021969.JPEG,112,22.029203776153736,0.0009968079393729568,0.4382494589471249,0.8921503438785897,0.370250557864096,38584
569,/home/projects/bagon/shared/imagenet512/val/n03794056/ILSVRC2012_val_00020381.JPEG,9,55.768252611159824,9.536738616588991e-07,0.9914575228246567,0.8568087505663715,0.43470989680592886,38585
570,/home/projects/bagon/shared/imagenet512/val/n04560804/ILSVRC2012_val_00002597.JPEG,371,13.621417081682011,0.0009990707039833069,0.28866216794665117,0.9179585496240392,0.3737995795822181,38592
571,/home/projects/bagon/shared/imagenet512/val/n10148035/ILSVRC2012_val_00026839.JPEG,-1,nan,nan,nan,nan,nan,38595
572,/home/projects/bagon/shared/imagenet512/val/n03476991/ILSVRC2012_val_00044920.JPEG,171,10.154253419139422,0.0009965697536244988,0.3627232635674549,nan,0.3247871058379024,38613
573,/home/projects/bagon/shared/imagenet512/val/n04090263/ILSVRC2012_val_00028273.JPEG,411,11.931887455983087,0.0009995469590649009,0.2876738539470399,0.9438648636492213,0.3271683018810372,38614
574,/home/projects/bagon/shared/imagenet512/val/n02096051/ILSVRC2012_val_00014738.JPEG,317,37.53978599305265,0.000998951611109078,0.46286398406329843,0.9943879020364317,0.38521184704349026,38616
575,/home/projects/bagon/shared/imagenet512/val/n02667093/ILSVRC2012_val_00009218.JPEG,309,27.22787823085673,0.0009975224966183305,0.35237307763814896,0.9689376981500488,0.46392879640587403,38649
576,/home/projects/bagon/shared/imagenet512/val/n04483307/ILSVRC2012_val_00006371.JPEG,229,4.3294050943804905,0.000998594332486391,0.16001187033799688,0.8030976182826253,0.27738896957775966,38650
577,/home/projects/bagon/shared/imagenet512/val/n03903868/ILSVRC2012_val_00026940.JPEG,390,25.7734470104333,0.0009983561467379332,0.35239752850743944,0.5399656496887569,0.29988025934192963,38681
578,/home/projects/bagon/shared/imagenet512/val/n04404412/ILSVRC2012_val_00021184.JPEG,342,13.33980755880475,0.0009975224966183305,0.24978690075925078,0.9318495010529805,0.27905799413334753,38685
579,/home/projects/bagon/shared/imagenet512/val/n03026506/ILSVRC2012_val_00045301.JPEG,139,57.80883900541812,0.0009944260818883777,0.7032777796090467,0.797929748765271,0.5414155336764223,38699
580,/home/projects/bagon/shared/imagenet512/val/n02859443/ILSVRC2012_val_00000193.JPEG,285,9.367616564035416,0.0009990707039833069,0.35592110666014737,0.8457108977363719,0.4116357352432506,38705
581,/home/projects/bagon/shared/imagenet512/val/n03773504/ILSVRC2012_val_00024028.JPEG,-1,nan,nan,nan,nan,nan,38711
582,/home/projects/bagon/shared/imagenet512/val/n02948072/ILSVRC2012_val_00047415.JPEG,111,14.419237157562748,0.0009953788248822093,0.2961195683199013,nan,0.37643748951143574,38717
583,/home/projects/bagon/shared/imagenet512/val/n03347037/ILSVRC2012_val_00031098.JPEG,202,7.625801969435997,0.0009978797752410173,0.3811969025625451,0.9420674599076184,0.44290175316246916,38722
584,/home/projects/bagon/shared/imagenet512/val/n04366367/ILSVRC2012_val_00001569.JPEG,4,33.29112935066223,0.0,3.8285813191924882,0.8665587498936795,0.6289049502709592,38743
585,/home/projects/bagon/shared/imagenet512/val/n02808440/ILSVRC2012_val_00035983.JPEG,726,10.27836942858994,0.0009997851448133588,0.286224109537094,0.8479144005637185,0.32066390278485396,38750
586,/home/projects/bagon/shared/imagenet512/val/n02883205/ILSVRC2012_val_00047612.JPEG,118,6.967026055441238,0.000993592431768775,0.29595248973204236,0.9376660218762242,0.332587809205471,38761
587,/home/projects/bagon/shared/imagenet512/val/n03967562/ILSVRC2012_val_00021178.JPEG,218,51.38769435521681,0.0009976415894925594,0.3954987685908571,0.9914425204299557,0.3961992287162839,38767
588,/home/projects/bagon/shared/imagenet512/val/n04037443/ILSVRC2012_val_00025858.JPEG,209,39.5274344580248,0.0009972843108698726,0.5456921968713991,0.9529135122051772,0.5169850967113381,38782
589,/home/projects/bagon/shared/imagenet512/val/n01784675/ILSVRC2012_val_00035667.JPEG,-1,nan,nan,nan,nan,nan,38804
590,/home/projects/bagon/shared/imagenet512/val/n02018207/ILSVRC2012_val_00024787.JPEG,574,14.709728085435927,0.0009982370538637042,0.4841810159278433,nan,0.4095274548635714,38808
591,/home/projects/bagon/shared/imagenet512/val/n03400231/ILSVRC2012_val_00023630.JPEG,235,20.857727762311697,0.0009965697536244988,0.2728017861186772,0.8158592760191186,0.3704431893926261,38809
592,/home/projects/bagon/shared/imagenet512/val/n07684084/ILSVRC2012_val_00009913.JPEG,267,7.003807481727563,0.0009979988681152463,0.2692965492756421,0.6150354422256816,0.25641559032378536,38814
593,/home/projects/bagon/shared/imagenet512/val/n09193705/ILSVRC2012_val_00005475.JPEG,581,16.68782479967922,0.0009991897968575358,0.32343158012770123,0.7174901797525094,0.3828474172289814,38820
594,/home/projects/bagon/shared/imagenet512/val/n03944341/ILSVRC2012_val_00022949.JPEG,11,61.53220856830012,0.0008771148277446628,2.5449834021206206,0.9404486459967504,0.4169142860970719,38827
595,/home/projects/bagon/shared/imagenet512/val/n04482393/ILSVRC2012_val_00012701.JPEG,610,5.046784532954916,0.0009997851448133588,0.21886506933552907,0.8120050149660526,0.3354442208802618,38867
596,/home/projects/bagon/shared/imagenet512/val/n04536866/ILSVRC2012_val_00029662.JPEG,157,20.993323473026976,0.0009970461251214147,0.27861283357609223,0.9885982762887338,0.3729405498980663,38887
597,/home/projects/bagon/shared/imagenet512/val/n01737021/ILSVRC2012_val_00028861.JPEG,324,6.802096767351031,0.0009976415894925594,0.25015009110544356,0.621847310149392,0.4114114265987359,38890
598,/home/projects/bagon/shared/imagenet512/val/n02233338/ILSVRC2012_val_00047533.JPEG,18,18.955045379523654,0.0009465504554100335,0.4783095212682337,0.9502445334964368,0.3931066643906689,38900
599,/home/projects/bagon/shared/imagenet512/val/n04458633/ILSVRC2012_val_00021435.JPEG,485,10.88090406882111,0.000998951611109078,0.4888300916023758,0.9308742525272077,0.4189036393912593,38905
600,/home/projects/bagon/shared/imagenet512/val/n03000684/ILSVRC2012_val_00026061.JPEG,29,16.501904938253574,0.0009956170106306672,0.2647540816932431,0.8873518118257224,0.2960582601691759,38913
601,/home/projects/bagon/shared/imagenet512/val/n02112350/ILSVRC2012_val_00014700.JPEG,129,34.40398718172219,0.0009945451747626066,0.44264011732120834,0.8531773795388564,0.43837968153987805,38934
602,/home/projects/bagon/shared/imagenet512/val/n03476991/ILSVRC2012_val_00024231.JPEG,277,18.22676154365763,0.0009990707039833069,0.4445778058356255,0.984072013681802,0.3850197048077555,38943
603,/home/projects/bagon/shared/imagenet512/val/n02095314/ILSVRC2012_val_00045861.JPEG,282,6.360816290951334,0.0009979988681152463,0.19639027791219346,0.9687743335284039,0.245917507552292,38960
604,/home/projects/bagon/shared/imagenet512/val/n02488291/ILSVRC2012_val_00007456.JPEG,52,32.117418540874496,0.0009956170106306672,0.4087173677308803,0.8417929203476315,0.2539141314912925,38961
605,/home/projects/bagon/shared/imagenet512/val/n02871525/ILSVRC2012_val_00043099.JPEG,390,5.421657033264637,0.0009977606823667884,0.16818126120980073,0.8928210442669611,0.30482889123720897,38966
606,/home/projects/bagon/shared/imagenet512/val/n02747177/ILSVRC2012_val_00014213.JPEG,408,13.531592862564139,0.000998951611109078,0.4747999204492016,0.9865474488090124,0.5593835629835704,38977
607,/home/projects/bagon/shared/imagenet512/val/n02105412/ILSVRC2012_val_00037703.JPEG,377,13.775208169943653,0.0009996660519391298,0.2819887464487153,0.8710844108244943,0.33908254793367354,38982
608,/home/projects/bagon/shared/imagenet512/val/n02655020/ILSVRC2012_val_00009982.JPEG,401,16.104124969337136,0.000998832518234849,0.23298379483197482,0.9982797093275759,0.3353606593270465,39001
609,/home/projects/bagon/shared/imagenet512/val/n03450230/ILSVRC2012_val_00013380.JPEG,432,4.177306691533886,0.0009994279826059937,0.1583805501180273,0.6356700360906655,0.3803098931681258,39011
610,/home/projects/bagon/shared/imagenet512/val/n07697537/ILSVRC2012_val_00029990.JPEG,241,1.9118845427874476,0.0009947833605110645,0.10750680584516725,0.3222319515886469,0.3680992911427996,39013
611,/home/projects/bagon/shared/imagenet512/val/n01514859/ILSVRC2012_val_00021430.JPEG,366,19.14517420658376,0.000998594332486391,0.3205407591170908,0.823961040531652,0.3657509463607389,39016
612,/home/projects/bagon/shared/imagenet512/val/n02906734/ILSVRC2012_val_00026107.JPEG,175,26.867842807318084,0.0009965697536244988,0.4151673082874043,0.989193665821978,0.33002305666817133,39017
613,/home/projects/bagon/shared/imagenet512/val/n04026417/ILSVRC2012_val_00045888.JPEG,906,34.32846428407356,0.0009994279826059937,1.0426892018968643,0.9850697758224831,0.6421740422904537,39034
614,/home/projects/bagon/shared/imagenet512/val/n01494475/ILSVRC2012_val_00018943.JPEG,5,37.3071494102478,0.0,1.3699298316764466,0.989738757014327,0.46041232584013886,39042
615,/home/projects/bagon/shared/imagenet512/val/n02971356/ILSVRC2012_val_00023664.JPEG,332,21.035963021335192,0.0009949024533852935,0.42400735330578715,0.8925125703873251,0.34745559776236945,39043
616,/home/projects/bagon/shared/imagenet512/val/n02791270/ILSVRC2012_val_00028964.JPEG,195,4.573911337880418,0.000996331567876041,0.1922696238457806,0.9355252210265994,0.2035757634195877,39052
617,/home/projects/bagon/shared/imagenet512/val/n04591713/ILSVRC2012_val_00019274.JPEG,181,20.672882369020954,0.0009951406391337514,0.31667324374515027,0.7194638309990655,0.44195033542868023,39065
618,/home/projects/bagon/shared/imagenet512/val/n03658185/ILSVRC2012_val_00004567.JPEG,362,22.065938036423177,0.0009970461251214147,0.39768065205583075,0.9832388092958216,0.3614310409961737,39080
619,/home/projects/bagon/shared/imagenet512/val/n04116512/ILSVRC2012_val_00001154.JPEG,89,14.83590640022885,0.0009952597320079803,0.2998059016782506,0.7750319408102191,0.2210991274707377,39087
620,/home/projects/bagon/shared/imagenet512/val/n04507155/ILSVRC2012_val_00014615.JPEG,154,17.649617350427434,0.0009979988681152463,0.22800107137846726,0.99825059751194,0.23258961684503118,39094
621,/home/projects/bagon/shared/imagenet512/val/n03895866/ILSVRC2012_val_00005092.JPEG,152,28.172749733668752,0.000998951611109078,0.3329849143644585,0.5684205524390381,0.4459415443698533,39105
622,/home/projects/bagon/shared/imagenet512/val/n04372370/ILSVRC2012_val_00036222.JPEG,89,10.63374220521655,0.0009995469590649009,0.38214210757689615,0.7938367746392363,0.3544727748760478,39106
623,/home/projects/bagon/shared/imagenet512/val/n03459775/ILSVRC2012_val_00041036.JPEG,205,19.042008447228,0.0009969270322471857,0.35579678844218354,0.998859839012612,0.3792096665099697,39107
624,/home/projects/bagon/shared/imagenet512/val/n03794056/ILSVRC2012_val_00048272.JPEG,-1,nan,nan,nan,nan,nan,39109
625,/home/projects/bagon/shared/imagenet512/val/n04118776/ILSVRC2012_val_00022869.JPEG,116,11.06198015389964,0.0009966888464987278,0.5462691120955238,nan,0.48925508420767105,39113
626,/home/projects/bagon/shared/imagenet512/val/n02804610/ILSVRC2012_val_00019388.JPEG,730,10.565386063884944,0.0009995469590649009,0.2994855000009465,0.5059708836237633,0.3787315984017359,39116
627,/home/projects/bagon/shared/imagenet512/val/n03291819/ILSVRC2012_val_00021760.JPEG,6,24.60629808898102,9.65590606938349e-06,0.9904708680050158,0.9307103255154816,0.44033952242097585,39130
628,/home/projects/bagon/shared/imagenet512/val/n03759954/ILSVRC2012_val_00002240.JPEG,132,9.624961119610816,0.000993592431768775,0.32286363910751514,0.8844971129405578,0.39374539485829524,39136
629,/home/projects/bagon/shared/imagenet512/val/n03498962/ILSVRC2012_val_00040931.JPEG,424,16.13873477152083,0.000996212475001812,0.35239662353279116,0.9501288351899382,0.5214454003135804,39144
630,/home/projects/bagon/shared/imagenet512/val/n04146614/ILSVRC2012_val_00045384.JPEG,4,1599.1399030685425,0.0,52.708521374953904,0.8755884163320282,0.6542198529106112,39158
631,/home/projects/bagon/shared/imagenet512/val/n02877765/ILSVRC2012_val_00021233.JPEG,523,14.632635086309165,0.000998951611109078,0.31699376505209526,0.9960240873500346,0.4822214934857069,39164
632,/home/projects/bagon/shared/imagenet512/val/n09428293/ILSVRC2012_val_00015471.JPEG,655,15.483422184945084,0.0009999042376875877,0.24914191864431043,0.7021734494129288,0.4064323465713797,39165
633,/home/projects/bagon/shared/imagenet512/val/n03633091/ILSVRC2012_val_00009885.JPEG,360,25.420624641817994,0.0009984752396121621,0.3060496908470611,0.966374887370341,0.4163281739401513,39176
634,/home/projects/bagon/shared/imagenet512/val/n02978881/ILSVRC2012_val_00042872.JPEG,193,4.3005448376061395,0.0009968079393729568,0.12451800981450255,0.9499850445991986,0.1266547262709232,39179
635,/home/projects/bagon/shared/imagenet512/val/n02504458/ILSVRC2012_val_00037659.JPEG,210,23.576549479737878,0.0009966888464987278,0.3910460031058505,0.8223679468369838,0.28661746056141146,39181
636,/home/projects/bagon/shared/imagenet512/val/n04370456/ILSVRC2012_val_00039686.JPEG,138,14.99126511067152,0.0009947833605110645,0.40419527216654055,0.5845433354922871,0.45333333080238103,39188
637,/home/projects/bagon/shared/imagenet512/val/n04005630/ILSVRC2012_val_00028539.JPEG,293,4.588760607177392,0.0009994279826059937,0.3178038536481411,0.9277622826940173,0.3536258840825248,39200
638,/home/projects/bagon/shared/imagenet512/val/n07860988/ILSVRC2012_val_00003018.JPEG,5,32.653075218200684,0.0,165.88004083329105,0.8063636360637086,0.5895409459357536,39202
639,/home/projects/bagon/shared/imagenet512/val/n01631663/ILSVRC2012_val_00003214.JPEG,360,23.17070403636899,0.00099871342536062,0.2752226561162654,0.9911768844471154,0.12132383839597463,39204
640,/home/projects/bagon/shared/imagenet512/val/n04081281/ILSVRC2012_val_00048227.JPEG,201,3.9707352564437315,0.0009956170106306672,0.16330160143612493,0.90214553579473,0.11535381976742415,39205
641,/home/projects/bagon/shared/imagenet512/val/n09835506/ILSVRC2012_val_00039824.JPEG,9,48.48571223020497,1.0728830375228426e-06,1.70115664628468,0.9168936322172576,0.2816964282749501,39214
642,/home/projects/bagon/shared/imagenet512/val/n03692522/ILSVRC2012_val_00039061.JPEG,101,25.35084143432323,0.0009946642676368356,0.39414373591273016,0.9936691215003127,0.23767511638349212,39218
643,/home/projects/bagon/shared/imagenet512/val/n07871810/ILSVRC2012_val_00032998.JPEG,531,41.37331427040044,0.0009982370538637042,0.2987391809862992,0.996471184428118,0.24739850723454881,39232
644,/home/projects/bagon/shared/imagenet512/val/n03623198/ILSVRC2012_val_00048449.JPEG,501,16.628418246633373,0.0009999042376875877,0.738458547249227,0.9517915786865432,0.5604484093257582,39248
645,/home/projects/bagon/shared/imagenet512/val/n03075370/ILSVRC2012_val_00036697.JPEG,5,983.777373790741,0.0,76.7416560587767,0.9965132828669941,0.5262168177663306,39267
646,/home/projects/bagon/shared/imagenet512/val/n04505470/ILSVRC2012_val_00025109.JPEG,608,22.527512741391547,0.0009994279826059937,0.3757582164360007,0.9480649392239586,0.2888026790621717,39272
647,/home/projects/bagon/shared/imagenet512/val/n01753488/ILSVRC2012_val_00015221.JPEG,259,22.373654330382124,0.00099871342536062,0.35322966499829084,0.9175668572117351,0.3400390521451734,39273
648,/home/projects/bagon/shared/imagenet512/val/n03825788/ILSVRC2012_val_00048384.JPEG,168,28.313875787425786,0.0009940688032656908,0.4870713294439543,0.9912396799544303,0.4445259503975123,39300
649,/home/projects/bagon/shared/imagenet512/val/n04204238/ILSVRC2012_val_00012046.JPEG,113,6.2176642790436745,0.0009996660519391298,0.270684547791271,0.9922055191639332,0.2517805103628741,39315
650,/home/projects/bagon/shared/imagenet512/val/n01632777/ILSVRC2012_val_00048148.JPEG,276,37.343041931279004,0.0009952597320079803,0.5371590136428502,0.9801249625490627,0.4402374082752649,39325
651,/home/projects/bagon/shared/imagenet512/val/n04336792/ILSVRC2012_val_00046780.JPEG,169,16.937404253985733,0.0009975224966183305,0.26696771638545125,0.9891824101874842,0.16010056101506465,39331
652,/home/projects/bagon/shared/imagenet512/val/n15075141/ILSVRC2012_val_00006252.JPEG,424,22.850177269079722,0.0009971652179956436,0.2749740478101712,0.7353101361460057,0.45898741550472283,39333
653,/home/projects/bagon/shared/imagenet512/val/n02094433/ILSVRC2012_val_00024241.JPEG,571,25.105406753602438,0.0009999042376875877,0.4284592773679654,0.9865403491365896,0.396711651285761,39372
654,/home/projects/bagon/shared/imagenet512/val/n01843065/ILSVRC2012_val_00006372.JPEG,492,38.193556769401766,0.0009974034037441015,0.35924978751739217,0.9144912516791459,0.4620555360306192,39377
655,/home/projects/bagon/shared/imagenet512/val/n03995372/ILSVRC2012_val_00001559.JPEG,207,9.607847375562415,0.0009971652179956436,0.4034257520849472,0.9324132655641293,0.3419277086812812,39384
656,/home/projects/bagon/shared/imagenet512/val/n04090263/ILSVRC2012_val_00011924.JPEG,5,21.400871753692627,0.0,118.08862359825254,0.8392720289754898,0.4861333174677268,39387
657,/home/projects/bagon/shared/imagenet512/val/n03062245/ILSVRC2012_val_00042527.JPEG,40,15.394887306785677,0.0009727513534016907,0.5195296808517177,0.9685191265317807,0.41844153691841235,39398
658,/home/projects/bagon/shared/imagenet512/val/n04127249/ILSVRC2012_val_00026605.JPEG,611,3.9509539478458464,0.0009993088897317648,0.19082434218793362,0.6526562676355752,0.3684449255758714,39406
659,/home/projects/bagon/shared/imagenet512/val/n04591713/ILSVRC2012_val_00043385.JPEG,151,5.383586971554905,0.0009983561467379332,0.22777120226257802,0.6747983178255145,0.1656892488533212,39414
660,/home/projects/bagon/shared/imagenet512/val/n07711569/ILSVRC2012_val_00043265.JPEG,132,10.18844074162189,0.0009945451747626066,0.4341247089491368,0.8437921017701161,0.45009140261021824,39416
661,/home/projects/bagon/shared/imagenet512/val/n03868242/ILSVRC2012_val_00019385.JPEG,819,19.651901403209195,0.0009982370538637042,0.40732195683247385,0.968402387026913,0.2279333484529009,39418
662,/home/projects/bagon/shared/imagenet512/val/n01755581/ILSVRC2012_val_00032714.JPEG,832,12.543377171852626,0.0009982370538637042,0.2316280120274016,0.8730922711107119,0.3905608621095171,39419
663,/home/projects/bagon/shared/imagenet512/val/n02100583/ILSVRC2012_val_00040937.JPEG,406,4.247824499965645,0.0009990707039833069,0.15144886372388144,0.7899324942338403,0.24904055826031254,39428
664,/home/projects/bagon/shared/imagenet512/val/n04465501/ILSVRC2012_val_00030166.JPEG,371,5.567334160325117,0.0009971652179956436,0.3020393003900571,0.5473038700818487,0.4038194267409783,39431
665,/home/projects/bagon/shared/imagenet512/val/n02107908/ILSVRC2012_val_00026996.JPEG,574,6.702582669444382,0.0009994279826059937,0.18740657669416752,0.7897850536423032,0.29224874268711987,39447
666,/home/projects/bagon/shared/imagenet512/val/n04350905/ILSVRC2012_val_00000380.JPEG,686,24.21728055307176,0.0009995469590649009,0.3265866892562302,0.9781810200621883,0.4181095324799714,39449
667,/home/projects/bagon/shared/imagenet512/val/n02363005/ILSVRC2012_val_00032413.JPEG,72,25.29689778073225,0.0009990707039833069,0.3743442815618332,0.5920902833294373,0.30483800638958924,39458
668,/home/projects/bagon/shared/imagenet512/val/n02133161/ILSVRC2012_val_00014576.JPEG,403,15.656117095146328,0.0009990707039833069,0.25216959163687275,0.8614509617037307,0.28193410320024803,39467
669,/home/projects/bagon/shared/imagenet512/val/n01770393/ILSVRC2012_val_00042047.JPEG,6,168.8922700881958,0.0,7.650719090936265,0.9975302502363317,0.5670383156064214,39472
670,/home/projects/bagon/shared/imagenet512/val/n04229816/ILSVRC2012_val_00031102.JPEG,136,23.158488991553895,0.0009982370538637042,0.40074720114992995,0.9297382146742769,0.37741319941942786,39474
671,/home/projects/bagon/shared/imagenet512/val/n03272562/ILSVRC2012_val_00008824.JPEG,848,18.504191770683974,0.0009997851448133588,0.2528580054425831,0.716515798834936,0.4976481154064184,39478
672,/home/projects/bagon/shared/imagenet512/val/n04099969/ILSVRC2012_val_00009521.JPEG,365,9.493592922575772,0.0009976415894925594,0.36941675162108767,0.8286391893546794,0.3533562237638667,39512
673,/home/projects/bagon/shared/imagenet512/val/n03710721/ILSVRC2012_val_00038988.JPEG,616,3.7241375982994214,0.00099871342536062,0.12169253828502175,0.6747213563789963,0.27633262124803815,39513
674,/home/projects/bagon/shared/imagenet512/val/n01784675/ILSVRC2012_val_00014978.JPEG,133,12.202542968676426,0.0009968079393729568,0.4075794215358079,0.9954382607042755,0.23603494080954251,39516
675,/home/projects/bagon/shared/imagenet512/val/n03764736/ILSVRC2012_val_00018209.JPEG,78,29.38560854305979,0.0009939497103914618,0.4808675774425717,0.9515134111004311,0.4023187041419487,39517
676,/home/projects/bagon/shared/imagenet512/val/n03047690/ILSVRC2012_val_00009402.JPEG,193,9.023251153761521,0.0009944260818883777,0.41297412350256757,0.7952160234740142,0.41969326316749317,39519
677,/home/projects/bagon/shared/imagenet512/val/n02843684/ILSVRC2012_val_00015234.JPEG,122,19.8033502898179,0.0009968079393729568,0.3103423491747502,0.7362404657462372,0.20553304793509605,39525
678,/home/projects/bagon/shared/imagenet512/val/n02415577/ILSVRC2012_val_00008701.JPEG,431,16.88802705006674,0.0009977606823667884,0.28115564580707575,0.7955660822055077,0.30055613120491176,39528
679,/home/projects/bagon/shared/imagenet512/val/n01667114/ILSVRC2012_val_00022841.JPEG,366,36.07148221938405,0.0009977606823667884,0.32406405597590604,0.9320051892692208,0.26081262514028364,39546
680,/home/projects/bagon/shared/imagenet512/val/n03761084/ILSVRC2012_val_00004485.JPEG,6,54.57043719291687,0.0,2.8121127031292104,0.9783254490619786,0.5642082332976005,39556
681,/home/projects/bagon/shared/imagenet512/val/n02106030/ILSVRC2012_val_00004711.JPEG,967,6.506969833280891,0.0009996660519391298,0.19159298281418677,0.7188273550362572,0.3097438305804432,39566
682,/home/projects/bagon/shared/imagenet512/val/n04026417/ILSVRC2012_val_00035568.JPEG,769,7.819558094488457,0.0009995469590649009,0.2545124454281807,0.8620794823297404,0.5070465393697696,39578
683,/home/projects/bagon/shared/imagenet512/val/n07565083/ILSVRC2012_val_00003339.JPEG,284,30.557224019314162,0.0009995469590649009,0.5071239827579559,0.56111461937106,0.5211381458793886,39579
684,/home/projects/bagon/shared/imagenet512/val/n01694178/ILSVRC2012_val_00007701.JPEG,331,11.896789700258523,0.0009997851448133588,0.3776043713143699,0.9786384896035624,0.33772232314881645,39583
685,/home/projects/bagon/shared/imagenet512/val/n03773504/ILSVRC2012_val_00012495.JPEG,1866,38.05771070194896,0.0009994279826059937,0.5413807384409789,0.9562824012914894,0.4541757930467355,39585
686,/home/projects/bagon/shared/imagenet512/val/n02098105/ILSVRC2012_val_00036333.JPEG,184,35.6559854199877,0.0009979988681152463,0.3795455457605894,0.9689136764830748,0.3570093837592995,39588
687,/home/projects/bagon/shared/imagenet512/val/n04371430/ILSVRC2012_val_00040171.JPEG,246,15.447195707005449,0.0009991897968575358,0.30287786179465426,0.8783644687035514,0.32080301143736933,39589
688,/home/projects/bagon/shared/imagenet512/val/n04592741/ILSVRC2012_val_00037222.JPEG,168,9.609683281625621,0.0009970461251214147,0.29544784278184766,0.7459299075455896,0.4023114823902539,39590
689,/home/projects/bagon/shared/imagenet512/val/n03825788/ILSVRC2012_val_00003750.JPEG,161,17.556478456477635,0.0009924016194418073,0.42259252395931896,0.9671109265058679,0.360319287790697,39612
690,/home/projects/bagon/shared/imagenet512/val/n02692877/ILSVRC2012_val_00007779.JPEG,359,6.034752481384203,0.0009982370538637042,0.24523083963162695,0.7462384005854085,0.38872653850121114,39618
691,/home/projects/bagon/shared/imagenet512/val/n02493509/ILSVRC2012_val_00029108.JPEG,369,39.31119623722043,0.0009997851448133588,0.35754783658270595,0.9854326793590978,0.41147423153718893,39620
692,/home/projects/bagon/shared/imagenet512/val/n04371774/ILSVRC2012_val_00023959.JPEG,234,20.86327345529571,0.0009982370538637042,0.41527131476754675,0.9921201804710906,0.34545700389328404,39622
693,/home/projects/bagon/shared/imagenet512/val/n04004767/ILSVRC2012_val_00043636.JPEG,293,10.498359920689836,0.000998951611109078,0.3423998847757631,0.9515106447121895,0.35480912282672433,39626
694,/home/projects/bagon/shared/imagenet512/val/n03291819/ILSVRC2012_val_00022554.JPEG,244,18.353368764044717,0.0009946642676368356,0.489898481154384,0.9574193424492394,0.49835312069436916,39627
695,/home/projects/bagon/shared/imagenet512/val/n04591713/ILSVRC2012_val_00002086.JPEG,97,9.291473831166513,0.0009977606823667884,0.32217671037078727,0.7715237005984956,0.30478473048849564,39642
696,/home/projects/bagon/shared/imagenet512/val/n03042490/ILSVRC2012_val_00046100.JPEG,3,12.647404670715332,0.0,2.01800626630147,0.9879390462142758,0.0770343969864336,39646
697,/home/projects/bagon/shared/imagenet512/val/n02536864/ILSVRC2012_val_00002960.JPEG,82,33.01529966038652,0.000993830617517233,0.38511104323925505,0.9941445266509992,0.5222233944351719,39658
698,/home/projects/bagon/shared/imagenet512/val/n02807133/ILSVRC2012_val_00041891.JPEG,385,18.953611457603984,0.0009969270322471857,0.3004707573621971,0.8690798098111538,0.3570492721951977,39659
699,/home/projects/bagon/shared/imagenet512/val/n04252077/ILSVRC2012_val_00046727.JPEG,341,10.222290764562786,0.0009997851448133588,0.36886355622711003,0.9975049573876567,0.3367381813016114,39673
700,/home/projects/bagon/shared/imagenet512/val/n04286575/ILSVRC2012_val_00024790.JPEG,6,85.401939868927,0.0,4.304384835944009,0.9824296160467245,0.6341907170416696,39676
701,/home/projects/bagon/shared/imagenet512/val/n02939185/ILSVRC2012_val_00012210.JPEG,424,19.210707396268845,0.0009979988681152463,0.39006742906293945,0.9412279456536887,0.43719120460355787,39682
702,/home/projects/bagon/shared/imagenet512/val/n03325584/ILSVRC2012_val_00001489.JPEG,370,5.635135066695511,0.0009972843108698726,0.2964471817450832,0.716417324326101,0.24008959452247333,39696
703,/home/projects/bagon/shared/imagenet512/val/n04266014/ILSVRC2012_val_00039643.JPEG,-1,nan,nan,nan,nan,nan,39701
704,/home/projects/bagon/shared/imagenet512/val/n07684084/ILSVRC2012_val_00037213.JPEG,293,8.76401354628615,0.0009977606823667884,0.26585387932343507,nan,0.30710383996996093,39734
705,/home/projects/bagon/shared/imagenet512/val/n04270147/ILSVRC2012_val_00039871.JPEG,132,9.005614158581011,0.0009977606823667884,0.24155951066674974,0.941014143699121,0.3298415219866715,39735
706,/home/projects/bagon/shared/imagenet512/val/n01873310/ILSVRC2012_val_00011598.JPEG,246,14.699092946830206,0.0009981179609894753,0.37716547423040353,0.9555847090034668,0.2308027912763082,39742
707,/home/projects/bagon/shared/imagenet512/val/n03777754/ILSVRC2012_val_00007543.JPEG,5,29.91008687019348,0.0,4.126948724924626,0.9468007496748414,0.37418777905254197,39748
708,/home/projects/bagon/shared/imagenet512/val/n03180011/ILSVRC2012_val_00021363.JPEG,621,8.923460814286955,0.000998594332486391,0.2073457292751522,0.8032809399851311,0.3590146548052844,39751
709,/home/projects/bagon/shared/imagenet512/val/n02106166/ILSVRC2012_val_00007632.JPEG,622,14.22014791436959,0.0009999042376875877,0.28271421492553017,0.9759686489169029,0.3405868511412718,39764
710,/home/projects/bagon/shared/imagenet512/val/n04467665/ILSVRC2012_val_00029961.JPEG,130,15.235534371808171,0.000993711524643004,0.38196746961885025,0.9365107449615742,0.328799676277414,39765
711,/home/projects/bagon/shared/imagenet512/val/n02398521/ILSVRC2012_val_00018354.JPEG,287,28.87685087742284,0.0009999042376875877,0.35176375362189827,0.9929082965271065,0.41247785192392544,39768
712,/home/projects/bagon/shared/imagenet512/val/n02423022/ILSVRC2012_val_00021549.JPEG,619,3.5118823094526306,0.000998951611109078,0.12348907002135663,0.6257972034519719,0.2788466864450647,39770
713,/home/projects/bagon/shared/imagenet512/val/n03995372/ILSVRC2012_val_00012184.JPEG,11,47.17976760864258,0.0,1.3743756010724033,0.8768929749450597,0.24441376449745134,39780
714,/home/projects/bagon/shared/imagenet512/val/n03584254/ILSVRC2012_val_00000647.JPEG,407,12.183271322515793,0.0009965697536244988,0.30428486040645863,0.5160845063856468,0.3381372958983607,39783
715,/home/projects/bagon/shared/imagenet512/val/n03534580/ILSVRC2012_val_00021779.JPEG,309,8.807754588429816,0.000996331567876041,0.32929053148736404,0.5571725504782675,0.271923375490713,39804
716,/home/projects/bagon/shared/imagenet512/val/n02138441/ILSVRC2012_val_00048077.JPEG,526,63.314145618351176,0.000998951611109078,0.4920192355729904,0.987861221273436,0.4597378456002388,39809
717,/home/projects/bagon/shared/imagenet512/val/n04270147/ILSVRC2012_val_00015649.JPEG,5,563.6137938499451,0.0,51.976085709801545,0.994357876926117,0.5158877015435827,39811
718,/home/projects/bagon/shared/imagenet512/val/n03877472/ILSVRC2012_val_00021113.JPEG,549,47.80297280929517,0.0009979988681152463,0.6703787672209388,0.9867755171068546,0.6634375275169813,39814
719,/home/projects/bagon/shared/imagenet512/val/n03794056/ILSVRC2012_val_00047199.JPEG,152,9.004683283041231,0.0009978797752410173,0.2593656947540669,0.9478733511202466,0.2754850196685247,39826
720,/home/projects/bagon/shared/imagenet512/val/n02395406/ILSVRC2012_val_00045459.JPEG,109,37.3370427073678,0.0009970461251214147,0.42477442582983865,0.8289886600248403,0.36195232641895686,39828
721,/home/projects/bagon/shared/imagenet512/val/n13052670/ILSVRC2012_val_00047179.JPEG,219,11.476483873673715,0.0009990707039833069,0.47141467617987426,0.9590859616369638,0.5054872415190257,39830
722,/home/projects/bagon/shared/imagenet512/val/n03706229/ILSVRC2012_val_00017460.JPEG,9,43.31138064755942,0.00034397884155623615,2.4474497413162863,0.8352357875123015,0.4983715511081003,39836
723,/home/projects/bagon/shared/imagenet512/val/n03125729/ILSVRC2012_val_00044994.JPEG,5,22.897094249725342,0.0,3.34328968858818,0.9432948595567207,0.3439111526284996,39841
724,/home/projects/bagon/shared/imagenet512/val/n02504013/ILSVRC2012_val_00009280.JPEG,563,32.051228785770945,0.00099871342536062,0.3847245146528982,0.9903637586244272,0.3633629466200763,39842
725,/home/projects/bagon/shared/imagenet512/val/n07747607/ILSVRC2012_val_00022623.JPEG,346,10.811944638029672,0.0009990707039833069,0.4003279331167946,0.838150660889615,0.4188608853445363,39853
726,/home/projects/bagon/shared/imagenet512/val/n04398044/ILSVRC2012_val_00017502.JPEG,4,18.61881399154663,0.0,0.8359266072188353,0.996341177840079,0.5164869539558584,39859
727,/home/projects/bagon/shared/imagenet512/val/n04336792/ILSVRC2012_val_00027835.JPEG,69,15.996889441972598,0.0009921634336933494,0.25211716873774237,0.7924288098179001,0.2567611761471968,39872
728,/home/projects/bagon/shared/imagenet512/val/n04579432/ILSVRC2012_val_00046147.JPEG,101,14.996385853737593,0.0009976415894925594,0.2590663326803266,0.9959460022204423,0.2535126311270619,39882
729,/home/projects/bagon/shared/imagenet512/val/n12144580/ILSVRC2012_val_00021207.JPEG,670,16.283024624339305,0.0009997851448133588,0.2800803210081123,0.9940513596131515,0.4003129633694853,39886
730,/home/projects/bagon/shared/imagenet512/val/n01847000/ILSVRC2012_val_00047009.JPEG,857,48.702275108895265,0.0009997851448133588,0.493711273049345,0.9733803127008016,0.4639915623608315,39900
731,/home/projects/bagon/shared/imagenet512/val/n02086240/ILSVRC2012_val_00040043.JPEG,903,24.56286531710066,0.0009993088897317648,0.35781476068389334,0.8720140735182387,0.42123624022166484,39901
732,/home/projects/bagon/shared/imagenet512/val/n09421951/ILSVRC2012_val_00023410.JPEG,360,41.10195839381777,0.0009974034037441015,1.0531080390005263,0.9108620206058837,0.46011154000631205,39905
733,/home/projects/bagon/shared/imagenet512/val/n02490219/ILSVRC2012_val_00029926.JPEG,266,9.80618049169425,0.0009956170106306672,0.3552415149565486,0.6531978346106238,0.3460465868961004,39913
734,/home/projects/bagon/shared/imagenet512/val/n04399382/ILSVRC2012_val_00047220.JPEG,6,28.355734169483185,0.0,1.3409907042396174,0.9913915366923369,0.5713233746845254,39922
735,/home/projects/bagon/shared/imagenet512/val/n04090263/ILSVRC2012_val_00000707.JPEG,144,11.961297243600711,0.000992997083812952,0.3245404248013861,0.9911379323169625,0.2762275804349374,39929
736,/home/projects/bagon/shared/imagenet512/val/n01945685/ILSVRC2012_val_00034595.JPEG,141,23.008447210188024,0.0009972843108698726,0.35326971503965243,0.8633412113300911,0.19678630653057302,39933
737,/home/projects/bagon/shared/imagenet512/val/n02815834/ILSVRC2012_val_00023499.JPEG,430,4.930508339544758,0.0009981179609894753,0.21268418553800794,0.5794073498907893,0.38041088939709644,39942
738,/home/projects/bagon/shared/imagenet512/val/n04443257/ILSVRC2012_val_00015366.JPEG,168,11.584835202782415,0.000998594332486391,0.24210393583719558,0.9766148244077586,0.24662492540930836,39944
739,/home/projects/bagon/shared/imagenet512/val/n02992211/ILSVRC2012_val_00033245.JPEG,561,32.38130543928128,0.000998832518234849,0.2739114669187225,0.9974788433859242,0.352261658626164,39951
740,/home/projects/bagon/shared/imagenet512/val/n03908618/ILSVRC2012_val_00020063.JPEG,4,17.914045333862305,0.0,4.617728556080547,0.7073922999253535,0.4805407603458234,39956
741,/home/projects/bagon/shared/imagenet512/val/n03895866/ILSVRC2012_val_00032237.JPEG,5,38.63437080383301,0.0,21.515159285530974,0.9849576967288279,0.5111970343817253,39968
742,/home/projects/bagon/shared/imagenet512/val/n02871525/ILSVRC2012_val_00017877.JPEG,454,4.7582511535147205,0.000998832518234849,0.14513583049054984,0.8910392300331231,0.25555971180990256,39989
743,/home/projects/bagon/shared/imagenet512/val/n04356056/ILSVRC2012_val_00034012.JPEG,517,32.052965817041695,0.0009975224966183305,0.3214273882135849,0.9951136565631239,0.29556356953858814,39995
744,/home/projects/bagon/shared/imagenet512/val/n01729977/ILSVRC2012_val_00035576.JPEG,1033,25.106914779753424,0.0009995469590649009,0.4581858065296902,0.813781432833036,0.4065214814738014,40005
745,/home/projects/bagon/shared/imagenet512/val/n07734744/ILSVRC2012_val_00004570.JPEG,188,10.495137334917672,0.0009984752396121621,0.29887627247485893,0.985652870966927,0.3383734709988889,40032
746,/home/projects/bagon/shared/imagenet512/val/n04483307/ILSVRC2012_val_00034885.JPEG,341,33.256639697705396,0.0009979988681152463,0.4480941324755239,0.7806935693871193,0.33601919928081,40047
747,/home/projects/bagon/shared/imagenet512/val/n07714990/ILSVRC2012_val_00017289.JPEG,207,21.383019439061172,0.0009934734553098679,0.36527248594684236,0.9633128701580759,0.33643352166155593,40062
748,/home/projects/bagon/shared/imagenet512/val/n03930313/ILSVRC2012_val_00040905.JPEG,252,11.987928418093361,0.0009996660519391298,0.2766399877703097,0.654694335190746,0.3718776463777449,40069
749,/home/projects/bagon/shared/imagenet512/val/n02109525/ILSVRC2012_val_00030327.JPEG,388,35.20629212388303,0.0009983561467379332,0.35374014237677587,0.9949820972526511,0.3446652367944094,40073
750,/home/projects/bagon/shared/imagenet512/val/n03602883/ILSVRC2012_val_00017448.JPEG,426,12.926357029355131,0.0009975224966183305,0.2587786955798417,0.9924754013948376,0.24632395291592377,40081
751,/home/projects/bagon/shared/imagenet512/val/n03141823/ILSVRC2012_val_00027513.JPEG,167,12.509356739232317,0.0009958551963791251,0.2169796576385414,0.9971678893805704,0.19348933354807576,40086
752,/home/projects/bagon/shared/imagenet512/val/n04604644/ILSVRC2012_val_00033877.JPEG,193,6.069091983372346,0.0009968079393729568,0.21161483630561134,0.9652821004584908,0.25956775677788013,40104
753,/home/projects/bagon/shared/imagenet512/val/n02089867/ILSVRC2012_val_00010950.JPEG,5,21.302392959594727,0.0,2.4521112795945545,0.8977513225552609,0.5967642594123238,40106
754,/home/projects/bagon/shared/imagenet512/val/n03134739/ILSVRC2012_val_00016851.JPEG,97,8.38712603400927,0.0009910915978252888,0.50409035375334,0.9925498570122213,0.26555840845616446,40154
755,/home/projects/bagon/shared/imagenet512/val/n03763968/ILSVRC2012_val_00026233.JPEG,337,10.556359204696491,0.000996331567876041,0.30551956853439116,0.8050347764186815,0.4121610612120695,40169
756,/home/projects/bagon/shared/imagenet512/val/n04536866/ILSVRC2012_val_00001118.JPEG,305,10.313661046442576,0.0009991897968575358,0.2977383240689798,0.9698916794134427,0.3394853868242443,40181
757,/home/projects/bagon/shared/imagenet512/val/n01773549/ILSVRC2012_val_00030120.JPEG,274,5.502302033593878,0.0009983561467379332,0.38804476121293896,0.8231940982799918,0.3258934639356125,40198
758,/home/projects/bagon/shared/imagenet512/val/n09288635/ILSVRC2012_val_00037151.JPEG,305,23.070115508977324,0.0009970461251214147,0.644193831108567,0.9237558269566934,0.6070488170989544,40208
759,/home/projects/bagon/shared/imagenet512/val/n02910353/ILSVRC2012_val_00026105.JPEG,8,156.5045382976532,0.0,57.1789627023952,0.964327761512221,0.5482439375614382,40213
760,/home/projects/bagon/shared/imagenet512/val/n02699494/ILSVRC2012_val_00016156.JPEG,203,7.073162392131053,0.0009976415894925594,0.24409803976337952,0.8875360839327373,0.20707882219292484,40223
761,/home/projects/bagon/shared/imagenet512/val/n07749582/ILSVRC2012_val_00017184.JPEG,73,38.67846080532763,0.0009976415894925594,0.8033413353679466,0.9933599451610108,0.46783591336304264,40236
762,/home/projects/bagon/shared/imagenet512/val/n02099267/ILSVRC2012_val_00004341.JPEG,47,40.69740352185909,0.0009791824268177152,0.5839840192814614,0.9702086993382505,0.614473168155493,40240
763,/home/projects/bagon/shared/imagenet512/val/n04311174/ILSVRC2012_val_00045460.JPEG,150,21.55708504014183,0.0009991897968575358,0.37077575584944006,0.22682346763740657,0.33878148465432956,40244
764,/home/projects/bagon/shared/imagenet512/val/n03884397/ILSVRC2012_val_00008940.JPEG,109,20.22949782712385,0.0009941878961399198,0.8265118413258066,0.9912510342583631,0.4833508963329146,40250
765,/home/projects/bagon/shared/imagenet512/val/n07614500/ILSVRC2012_val_00044555.JPEG,-1,nan,nan,nan,nan,nan,40266
766,/home/projects/bagon/shared/imagenet512/val/n02403003/ILSVRC2012_val_00016415.JPEG,216,3.3534267741488293,0.0009999042376875877,0.12773676998949535,nan,0.1588500454185171,40272
767,/home/projects/bagon/shared/imagenet512/val/n02114855/ILSVRC2012_val_00044732.JPEG,11,69.60989093780518,0.0,0.9460883376567126,0.9860633771624734,0.13062431814565467,40282
768,/home/projects/bagon/shared/imagenet512/val/n03938244/ILSVRC2012_val_00046619.JPEG,199,13.647538511897437,0.000995974289253354,1.0279448846565802,0.9981099240493028,0.49530335333686354,40287
769,/home/projects/bagon/shared/imagenet512/val/n02794156/ILSVRC2012_val_00042800.JPEG,-1,nan,nan,nan,nan,nan,40305
770,/home/projects/bagon/shared/imagenet512/val/n01737021/ILSVRC2012_val_00043805.JPEG,306,8.16892720409669,0.000998594332486391,0.3350639931489186,nan,0.4191583418528987,40322
771,/home/projects/bagon/shared/imagenet512/val/n04090263/ILSVRC2012_val_00001558.JPEG,485,10.508826363366097,0.0009982370538637042,0.3101902221142271,0.7433761885765522,0.3186193374290087,40330
772,/home/projects/bagon/shared/imagenet512/val/n03476991/ILSVRC2012_val_00021548.JPEG,173,9.552313157822937,0.0009981179609894753,0.278346891164394,0.9607072453260437,0.38804020358126967,40340
773,/home/projects/bagon/shared/imagenet512/val/n01753488/ILSVRC2012_val_00031311.JPEG,237,35.03373526618816,0.0009996660519391298,0.36384981312437015,0.9927490202472504,0.4106373415316258,40345
774,/home/projects/bagon/shared/imagenet512/val/n02104029/ILSVRC2012_val_00025299.JPEG,590,17.344428222626448,0.0009995469590649009,0.35687185274067285,0.7675596880354209,0.45285825008635083,40350
775,/home/projects/bagon/shared/imagenet512/val/n02708093/ILSVRC2012_val_00020621.JPEG,370,6.80796529725194,0.0009978797752410173,0.29661711888329084,0.9200049986635481,0.4009945519534338,40353
776,/home/projects/bagon/shared/imagenet512/val/n04325704/ILSVRC2012_val_00007162.JPEG,346,30.5900916820392,0.000998951611109078,0.5163651368927027,0.9743632553506641,0.3941285896796305,40354
777,/home/projects/bagon/shared/imagenet512/val/n04254680/ILSVRC2012_val_00017284.JPEG,307,10.190559899201617,0.0009978797752410173,0.375000322091249,0.7893273512798614,0.2651323140022931,40356
778,/home/projects/bagon/shared/imagenet512/val/n03876231/ILSVRC2012_val_00016070.JPEG,-1,nan,nan,nan,nan,nan,40375
779,/home/projects/bagon/shared/imagenet512/val/n02492035/ILSVRC2012_val_00019129.JPEG,219,33.13824986235704,0.0009997851448133588,0.35325208499304267,nan,0.3902112872336949,40384
780,/home/projects/bagon/shared/imagenet512/val/n03710721/ILSVRC2012_val_00045072.JPEG,316,1.982389004318975,0.0009995469590649009,0.09901712404430975,0.5772273929329408,0.2730992185492709,40387
781,/home/projects/bagon/shared/imagenet512/val/n02415577/ILSVRC2012_val_00033087.JPEG,291,35.94731073000003,0.0009984752396121621,0.5315908102745435,0.869496927030184,0.24030732395323934,40388
782,/home/projects/bagon/shared/imagenet512/val/n03843555/ILSVRC2012_val_00047130.JPEG,236,5.486832277034409,0.000996212475001812,0.26287760059402104,0.8800676926959593,0.20511998677003382,40400
783,/home/projects/bagon/shared/imagenet512/val/n01756291/ILSVRC2012_val_00039601.JPEG,1236,10.387951262528077,0.0009993088897317648,0.21510293183055929,0.732633740457185,0.23433460037655973,40404
784,/home/projects/bagon/shared/imagenet512/val/n03017168/ILSVRC2012_val_00001761.JPEG,151,38.47300308884587,0.0009951406391337514,0.41726694256085084,0.9883230713080456,0.4275131425355065,40408
785,/home/projects/bagon/shared/imagenet512/val/n04023962/ILSVRC2012_val_00033882.JPEG,73,17.746300978004,0.000990615226328373,0.3439184633279703,0.9680621816972944,0.3522905038868872,40411
786,/home/projects/bagon/shared/imagenet512/val/n02791270/ILSVRC2012_val_00009262.JPEG,390,6.306899129063822,0.000998951611109078,0.30227983220632226,0.655018719397791,0.3921791919460222,40429
787,/home/projects/bagon/shared/imagenet512/val/n02226429/ILSVRC2012_val_00039032.JPEG,898,10.632405906450003,0.0009990707039833069,0.23256533590661493,0.8019366317130348,0.33510577747914316,40430
788,/home/projects/bagon/shared/imagenet512/val/n03146219/ILSVRC2012_val_00023917.JPEG,677,55.079686719574966,0.0009993088897317648,0.983268746272622,0.9982594344346577,0.37989798522336404,40432
789,/home/projects/bagon/shared/imagenet512/val/n03400231/ILSVRC2012_val_00025760.JPEG,320,25.561936916201375,0.0009984752396121621,0.45930331810474795,0.9605407872491499,0.43092383451352934,40434
790,/home/projects/bagon/shared/imagenet512/val/n04372370/ILSVRC2012_val_00037750.JPEG,151,8.493205650825985,0.0009991897968575358,0.24170981700629207,0.9867273710883885,0.33475908825881284,40443
791,/home/projects/bagon/shared/imagenet512/val/n03400231/ILSVRC2012_val_00004787.JPEG,446,28.750596112688072,0.0009984752396121621,0.3379153100924461,0.9947299460089726,0.3603904975472015,40448
792,/home/projects/bagon/shared/imagenet512/val/n02088364/ILSVRC2012_val_00034041.JPEG,512,34.51024798909202,0.0009993088897317648,0.5266590430390711,0.9968334789923325,0.4717783831860408,40450
793,/home/projects/bagon/shared/imagenet512/val/n09246464/ILSVRC2012_val_00035485.JPEG,355,10.04093744372949,0.000998951611109078,0.3232023074974337,0.8776979086887944,0.29064554751516825,40452
794,/home/projects/bagon/shared/imagenet512/val/n04263257/ILSVRC2012_val_00009658.JPEG,516,18.301763240480796,0.0009995469590649009,0.3677220155388169,0.9175728923212884,0.4357330521026517,40465
795,/home/projects/bagon/shared/imagenet512/val/n03085013/ILSVRC2012_val_00032810.JPEG,-1,nan,nan,nan,nan,nan,40486
796,/home/projects/bagon/shared/imagenet512/val/n04370456/ILSVRC2012_val_00006323.JPEG,284,25.491138777928427,0.0009994279826059937,0.4269980285600133,nan,0.5092226084815289,40487
797,/home/projects/bagon/shared/imagenet512/val/n03666591/ILSVRC2012_val_00003417.JPEG,91,17.857639107853174,0.000998594332486391,0.4018830172271827,0.9873356673158907,0.39408260739669887,40496
798,/home/projects/bagon/shared/imagenet512/val/n03785016/ILSVRC2012_val_00037248.JPEG,941,22.54651517572347,0.0009993088897317648,0.33985846710534173,0.9901858810739824,0.4036365381457504,40510
799,/home/projects/bagon/shared/imagenet512/val/n04461696/ILSVRC2012_val_00022323.JPEG,187,15.121942464145832,0.000996331567876041,0.2526852524517361,0.8799855472446091,0.18386028902134133,40511
800,/home/projects/bagon/shared/imagenet512/val/n15075141/ILSVRC2012_val_00002663.JPEG,232,19.346944130025804,0.000998594332486391,0.3498675323104883,0.9587936088837627,0.4423795226694904,40529
801,/home/projects/bagon/shared/imagenet512/val/n02110185/ILSVRC2012_val_00012604.JPEG,819,8.973594111273997,0.0009991897968575358,0.2119342749034531,0.7038649982957238,0.3362302654634798,40534
802,/home/projects/bagon/shared/imagenet512/val/n03532672/ILSVRC2012_val_00014236.JPEG,96,4.946460967650637,0.00099323526956141,0.24203752253797037,0.9245785585725702,0.15443910261656268,40552
803,/home/projects/bagon/shared/imagenet512/val/n02097658/ILSVRC2012_val_00044453.JPEG,428,10.246411024359986,0.0009996660519391298,0.1987890648438432,0.8067822276147769,0.39867279189418947,40567
804,/home/projects/bagon/shared/imagenet512/val/n02791124/ILSVRC2012_val_00044898.JPEG,10,48.77502775192261,0.0,0.8980389974503641,0.6618489574429444,0.47979133137628277,40576
805,/home/projects/bagon/shared/imagenet512/val/n03633091/ILSVRC2012_val_00011185.JPEG,-1,nan,nan,nan,nan,nan,40579
806,/home/projects/bagon/shared/imagenet512/val/n02113186/ILSVRC2012_val_00026343.JPEG,677,25.11272076482419,0.0009974034037441015,0.39865367702525534,nan,0.3637168838676955,40586
807,/home/projects/bagon/shared/imagenet512/val/n03481172/ILSVRC2012_val_00032084.JPEG,226,24.5990176332416,0.000996093382127583,0.36120288474225687,0.9855840696731832,0.4411510222538032,40590
808,/home/projects/bagon/shared/imagenet512/val/n04336792/ILSVRC2012_val_00001196.JPEG,72,4.52211965539027,0.0009991897968575358,0.2526290140412652,0.8183715090805108,0.26337673176727977,40596
809,/home/projects/bagon/shared/imagenet512/val/n02927161/ILSVRC2012_val_00044970.JPEG,358,12.251546705025248,0.0009990707039833069,0.3115105878749113,0.9717290630269755,0.34393254323858985,40600
810,/home/projects/bagon/shared/imagenet512/val/n02093428/ILSVRC2012_val_00029175.JPEG,707,21.583583851344883,0.0009993088897317648,0.3459774470536038,0.8448818911323033,0.2745647954220858,40613
811,/home/projects/bagon/shared/imagenet512/val/n03814639/ILSVRC2012_val_00033296.JPEG,4,17.906611442565918,0.0,7.848585269425007,0.9545286666332582,0.5897505269132011,40615
812,/home/projects/bagon/shared/imagenet512/val/n01944390/ILSVRC2012_val_00019782.JPEG,187,20.81457287783269,0.00099871342536062,0.29506629637035225,0.9958192146332756,0.4246179971893006,40627
813,/home/projects/bagon/shared/imagenet512/val/n04131690/ILSVRC2012_val_00041903.JPEG,159,17.84308807027992,0.0009956170106306672,0.5364941068702633,0.840395961361008,0.5028024856126395,40634
814,/home/projects/bagon/shared/imagenet512/val/n04584207/ILSVRC2012_val_00000854.JPEG,62,30.65272972569801,0.0009860896971076727,0.5820896874979281,0.9189233298467498,0.4633349344005607,40638
815,/home/projects/bagon/shared/imagenet512/val/n04429376/ILSVRC2012_val_00039872.JPEG,303,10.48767840419896,0.0009982370538637042,0.3480428755778604,0.9930712861578956,0.3401787455995662,40639
816,/home/projects/bagon/shared/imagenet512/val/n01692333/ILSVRC2012_val_00006500.JPEG,232,26.808330834610388,0.000996331567876041,0.46409906418761976,0.9923563103830095,0.31912274405557856,40641
817,/home/projects/bagon/shared/imagenet512/val/n03769881/ILSVRC2012_val_00032382.JPEG,285,29.653975461260416,0.0009979988681152463,0.656390745238934,0.890313865608457,0.39723015705874637,40645
818,/home/projects/bagon/shared/imagenet512/val/n03630383/ILSVRC2012_val_00020085.JPEG,208,7.566544782253914,0.000993830617517233,0.22748667369782102,0.8261633879826729,0.44496422945249875,40653
819,/home/projects/bagon/shared/imagenet512/val/n03417042/ILSVRC2012_val_00032800.JPEG,168,15.168461908469908,0.0009941878961399198,0.2774502829552918,0.9848926263606149,0.2719781637408784,40654
820,/home/projects/bagon/shared/imagenet512/val/n02412080/ILSVRC2012_val_00036891.JPEG,223,3.3528350273845717,0.000993592431768775,0.12627177798081338,0.5352378297112816,0.1482290407552285,40656
821,/home/projects/bagon/shared/imagenet512/val/n01797886/ILSVRC2012_val_00006024.JPEG,797,39.98275639663916,0.0009990707039833069,0.43355522028152405,0.9941902257300982,0.2877933897708689,40658
822,/home/projects/bagon/shared/imagenet512/val/n02795169/ILSVRC2012_val_00047237.JPEG,144,24.09584089415148,0.0009910915978252888,2.478273641588237,0.7938543405817731,0.5980952889950022,40667
823,/home/projects/bagon/shared/imagenet512/val/n02978881/ILSVRC2012_val_00009702.JPEG,328,2.864136617281474,0.0009979988681152463,0.12112981170053762,0.6295076596681111,0.2570111812166277,40682
824,/home/projects/bagon/shared/imagenet512/val/n03141823/ILSVRC2012_val_00004150.JPEG,65,4.014648243202828,0.00099871342536062,0.2404364620696698,0.95816764306526,0.15111397480533145,40730
825,/home/projects/bagon/shared/imagenet512/val/n01980166/ILSVRC2012_val_00038606.JPEG,91,14.449024126748554,0.0009927588980644941,0.4305125141853076,0.9649751221461197,0.2644033066742033,40737
826,/home/projects/bagon/shared/imagenet512/val/n02871525/ILSVRC2012_val_00027303.JPEG,141,52.993675951845944,0.0009909725049510598,0.3987284012486736,0.9760377703127869,0.32782488486986006,40744
827,/home/projects/bagon/shared/imagenet512/val/n01914609/ILSVRC2012_val_00023448.JPEG,230,7.86787218938116,0.0009996660519391298,0.3425631347141285,0.9502491343564952,0.36750666298306944,40748
828,/home/projects/bagon/shared/imagenet512/val/n04116512/ILSVRC2012_val_00042132.JPEG,123,13.613005483755842,0.000987756997346878,0.40296387440147513,0.9958899145370962,0.3466288933396826,40770
829,/home/projects/bagon/shared/imagenet512/val/n02113186/ILSVRC2012_val_00043399.JPEG,681,10.394101007841527,0.0009994279826059937,0.3183966195775598,0.7913659569279967,0.267589047435136,40807
830,/home/projects/bagon/shared/imagenet512/val/n04152593/ILSVRC2012_val_00049455.JPEG,582,14.299466904485598,0.0009996660519391298,0.30460697056130726,0.9041141582379766,0.4966683718771958,40812
831,/home/projects/bagon/shared/imagenet512/val/n03942813/ILSVRC2012_val_00016600.JPEG,187,14.793957449961454,0.000996331567876041,0.2758506545993489,0.9887866939644179,0.39184513495906564,40824
832,/home/projects/bagon/shared/imagenet512/val/n02730930/ILSVRC2012_val_00037881.JPEG,17,9.69697072636336,0.000996331567876041,1.457750728425483,0.9521766736251784,0.40911203355403525,40825
833,/home/projects/bagon/shared/imagenet512/val/n02859443/ILSVRC2012_val_00003322.JPEG,460,21.97354495304171,0.0009982370538637042,0.4132129634092337,0.9938611124285223,0.3170524827979343,40829
834,/home/projects/bagon/shared/imagenet512/val/n02098105/ILSVRC2012_val_00027820.JPEG,408,18.70509750128258,0.0009964506607502699,0.32909464882602646,0.9441375846665385,0.40804762866789024,40847
835,/home/projects/bagon/shared/imagenet512/val/n03680355/ILSVRC2012_val_00034238.JPEG,93,57.9726247593062,0.0009949024533852935,0.5253642242430889,0.9162643139955668,0.3905906326034114,40850
836,/home/projects/bagon/shared/imagenet512/val/n02815834/ILSVRC2012_val_00026649.JPEG,276,10.519322456675582,0.0009991897968575358,0.23580020659010165,0.7667432331825763,0.3200874509707333,40871
837,/home/projects/bagon/shared/imagenet512/val/n01773797/ILSVRC2012_val_00007672.JPEG,799,31.846836933400482,0.0009995469590649009,1.0868817714329106,0.8042243308533468,0.46848904141283243,40884
838,/home/projects/bagon/shared/imagenet512/val/n02108089/ILSVRC2012_val_00045933.JPEG,162,41.07357247301843,0.0009952597320079803,0.37189696660247784,0.9476294398360409,0.4749726020179411,40891
839,/home/projects/bagon/shared/imagenet512/val/n04133789/ILSVRC2012_val_00015569.JPEG,187,45.847463855636306,0.0009965697536244988,0.7315346972903213,0.9885450525104021,0.4084248190151646,40895
840,/home/projects/bagon/shared/imagenet512/val/n02106382/ILSVRC2012_val_00022254.JPEG,388,43.18551341223065,0.0009996660519391298,0.3392261468333954,0.9807047681359155,0.4562859728885752,40897
841,/home/projects/bagon/shared/imagenet512/val/n02105056/ILSVRC2012_val_00001109.JPEG,240,62.33383875514846,0.0009956170106306672,0.6696111922096164,0.9321750934133242,0.5897212762667854,40903
842,/home/projects/bagon/shared/imagenet512/val/n07697537/ILSVRC2012_val_00032384.JPEG,265,16.754911155323498,0.0009981179609894753,0.38860695027311887,0.99619305273812,0.4934462516722151,40906
843,/home/projects/bagon/shared/imagenet512/val/n04192698/ILSVRC2012_val_00001173.JPEG,167,4.778189438977279,0.000998594332486391,0.31130034872101175,0.25031606509835563,0.3505207860164299,40911
844,/home/projects/bagon/shared/imagenet512/val/n04179913/ILSVRC2012_val_00002518.JPEG,5,127.75784301757812,0.0,25.77210639466213,0.9987184157620217,0.4432451174768368,40932
845,/home/projects/bagon/shared/imagenet512/val/n03920288/ILSVRC2012_val_00023466.JPEG,114,24.026369969942607,0.0009958551963791251,0.37145358842687787,0.8212807190514022,0.2913782669311983,40933
846,/home/projects/bagon/shared/imagenet512/val/n03776460/ILSVRC2012_val_00038128.JPEG,297,40.12911333353259,0.0009974034037441015,0.398926648509925,0.8305366620075798,0.40393266818357276,40941
847,/home/projects/bagon/shared/imagenet512/val/n02099267/ILSVRC2012_val_00045739.JPEG,450,37.04365062096622,0.0009993088897317648,0.3892442202236971,0.9366789503045664,0.4736257841771208,40947
848,/home/projects/bagon/shared/imagenet512/val/n03291819/ILSVRC2012_val_00037426.JPEG,175,13.59193202399183,0.0009951406391337514,0.3536817555223421,0.8578153193666512,0.23694986002834778,40948
849,/home/projects/bagon/shared/imagenet512/val/n03089624/ILSVRC2012_val_00041487.JPEG,510,10.468849700759165,0.000998832518234849,0.2799482528959896,0.993130767751327,0.2679894271673087,40957
850,/home/projects/bagon/shared/imagenet512/val/n02445715/ILSVRC2012_val_00008517.JPEG,320,23.40068655461073,0.00099871342536062,0.4166985642858607,0.9960900883971054,0.32328827049446135,40968
851,/home/projects/bagon/shared/imagenet512/val/n02027492/ILSVRC2012_val_00011380.JPEG,340,10.426417251117527,0.0009995469590649009,0.4614377133289437,0.7098838410527403,0.28706143339699586,40987
852,/home/projects/bagon/shared/imagenet512/val/n02113624/ILSVRC2012_val_00021690.JPEG,851,14.472982387407683,0.0009994279826059937,0.32465758514946474,0.911451877207964,0.4177071898861794,40995
853,/home/projects/bagon/shared/imagenet512/val/n02963159/ILSVRC2012_val_00045038.JPEG,224,4.984979679342359,0.0009968079393729568,0.24641440943551055,0.566456503333753,0.3671281951488602,40999
854,/home/projects/bagon/shared/imagenet512/val/n09428293/ILSVRC2012_val_00018980.JPEG,334,9.043582238256931,0.0009991897968575358,0.23659306004183644,0.7298385533420584,0.3653138574703718,41010
855,/home/projects/bagon/shared/imagenet512/val/n01675722/ILSVRC2012_val_00013269.JPEG,55,44.31452989263926,0.0009857324184849858,0.5064071880306613,0.964105397275046,0.35305983062145074,41020
856,/home/projects/bagon/shared/imagenet512/val/n03761084/ILSVRC2012_val_00047421.JPEG,185,8.03940380353015,0.0009958551963791251,0.2711990623050909,0.934763651996446,0.2643481073404605,41026
857,/home/projects/bagon/shared/imagenet512/val/n02094114/ILSVRC2012_val_00033720.JPEG,449,16.418005215586163,0.000998594332486391,0.3257063284667444,0.922095166871655,0.41708928491739783,41027
858,/home/projects/bagon/shared/imagenet512/val/n04111531/ILSVRC2012_val_00020809.JPEG,182,32.28697084845044,0.0009943069890141487,0.8800515981306966,0.6622374158621152,0.38542547621435597,41034
859,/home/projects/bagon/shared/imagenet512/val/n04532106/ILSVRC2012_val_00013235.JPEG,4,199.31386351585388,0.0,22.45570557593962,0.6644566294263095,0.7305383722873703,41045
860,/home/projects/bagon/shared/imagenet512/val/n01697457/ILSVRC2012_val_00025463.JPEG,436,38.1478440935025,0.0009993088897317648,0.37728087580498315,0.9300240296013036,0.464865046283934,41055
861,/home/projects/bagon/shared/imagenet512/val/n03724870/ILSVRC2012_val_00023885.JPEG,275,15.597653945558704,0.0009976415894925594,0.29112106850346603,0.971833842160848,0.33512376083154427,41058
862,/home/projects/bagon/shared/imagenet512/val/n02277742/ILSVRC2012_val_00046372.JPEG,856,15.150400640093721,0.0009993088897317648,0.2963295722059994,0.9839749572110853,0.3478084847848679,41063
863,/home/projects/bagon/shared/imagenet512/val/n02966687/ILSVRC2012_val_00007100.JPEG,-1,nan,nan,nan,nan,nan,41086
864,/home/projects/bagon/shared/imagenet512/val/n04560804/ILSVRC2012_val_00029711.JPEG,274,19.16103643970564,0.0009966888464987278,0.3620165826188489,nan,0.26437657392797215,41089
865,/home/projects/bagon/shared/imagenet512/val/n02100583/ILSVRC2012_val_00035278.JPEG,312,20.894843090325594,0.0009984752396121621,0.36555406802626395,0.9647459949762827,0.33335336239436475,41092
866,/home/projects/bagon/shared/imagenet512/val/n03661043/ILSVRC2012_val_00039081.JPEG,158,14.778043351718225,0.0009969270322471857,0.3140774567490114,0.7775994926777935,0.3158397694973152,41102
867,/home/projects/bagon/shared/imagenet512/val/n04355933/ILSVRC2012_val_00013601.JPEG,793,7.080981131410226,0.0009979988681152463,0.18003236245225507,0.777178364184552,0.2934197148403188,41106
868,/home/projects/bagon/shared/imagenet512/val/n04485082/ILSVRC2012_val_00035926.JPEG,239,7.402938590035774,0.0009982370538637042,0.2750977022440854,0.9898742375878196,0.2850420007190628,41120
869,/home/projects/bagon/shared/imagenet512/val/n01494475/ILSVRC2012_val_00021325.JPEG,224,2.3985072126379237,0.000998832518234849,0.13218971111296315,0.7194156333085083,0.268428437067897,41123
870,/home/projects/bagon/shared/imagenet512/val/n03742115/ILSVRC2012_val_00017758.JPEG,5,26.169326782226562,0.0,7.17805460749877,0.9197990712262699,0.4642194709009595,41129
871,/home/projects/bagon/shared/imagenet512/val/n04264628/ILSVRC2012_val_00023229.JPEG,679,7.515529064578004,0.0009983561467379332,0.18910241824268775,0.7014861667904718,0.29405522853296634,41134
872,/home/projects/bagon/shared/imagenet512/val/n03787032/ILSVRC2012_val_00046116.JPEG,494,18.021815984509885,0.0009984752396121621,0.2901447282385202,0.7002787253374249,0.44534497602398265,41135
873,/home/projects/bagon/shared/imagenet512/val/n02089867/ILSVRC2012_val_00039247.JPEG,589,5.567923394031823,0.000998951611109078,0.22056779203272062,0.7840146883715834,0.3666230033967467,41136
874,/home/projects/bagon/shared/imagenet512/val/n01978287/ILSVRC2012_val_00011087.JPEG,367,33.962562209228054,0.0009997851448133588,0.4947746411156908,0.9625295680661974,0.2978036344078636,41152
875,/home/projects/bagon/shared/imagenet512/val/n03804744/ILSVRC2012_val_00043676.JPEG,483,4.870167208136991,0.0009995469590649009,0.21573833326018738,0.8519345562979856,0.35273009839943953,41158
876,/home/projects/bagon/shared/imagenet512/val/n02002724/ILSVRC2012_val_00023789.JPEG,309,30.775064629036933,0.0009971652179956436,0.4030692910738378,0.9894493881360007,0.23862385882185574,41164
877,/home/projects/bagon/shared/imagenet512/val/n02927161/ILSVRC2012_val_00011432.JPEG,202,39.83532266900875,0.0009947833605110645,0.4080547395590222,0.9820165641167367,0.3082434803787254,41170
878,/home/projects/bagon/shared/imagenet512/val/n03788195/ILSVRC2012_val_00035910.JPEG,575,6.083730052108876,0.000998951611109078,0.3035308052491849,0.6903157485817901,0.3595487248202158,41173
879,/home/projects/bagon/shared/imagenet512/val/n02113186/ILSVRC2012_val_00049129.JPEG,451,35.07434130797628,0.0009981179609894753,0.3137065318238431,0.9975722359385841,0.3124574115584157,41203
880,/home/projects/bagon/shared/imagenet512/val/n01728572/ILSVRC2012_val_00035167.JPEG,553,24.47553834039718,0.0009990707039833069,0.3212766131113876,0.9610042220238357,0.3760221120984114,41212
881,/home/projects/bagon/shared/imagenet512/val/n04238763/ILSVRC2012_val_00029103.JPEG,356,18.45792788953986,0.0009982370538637042,0.4168837944160957,0.98586089781052,0.3441957104293448,41230
882,/home/projects/bagon/shared/imagenet512/val/n04579145/ILSVRC2012_val_00015875.JPEG,450,15.239533054293133,0.0009999042376875877,0.320068780969133,0.9599824814209427,0.3488380892943682,41239
883,/home/projects/bagon/shared/imagenet512/val/n02107908/ILSVRC2012_val_00027905.JPEG,464,14.877576845465228,0.0009977606823667884,0.3640451253253059,0.9271859082172377,0.3493234612834569,41244
884,/home/projects/bagon/shared/imagenet512/val/n07614500/ILSVRC2012_val_00034189.JPEG,59,45.79519500990864,0.0009887097403407097,1.040224830898459,0.7918113434621725,0.46515864861324646,41247
885,/home/projects/bagon/shared/imagenet512/val/n03259280/ILSVRC2012_val_00021316.JPEG,193,11.824225260294043,0.0009984752396121621,0.4080624202477633,0.9825823505974197,0.506361252283355,41249
886,/home/projects/bagon/shared/imagenet512/val/n04332243/ILSVRC2012_val_00001470.JPEG,125,11.208423064905219,0.0009951406391337514,1.2112120080375097,0.9244560611092698,0.4498468967932029,41257
887,/home/projects/bagon/shared/imagenet512/val/n04041544/ILSVRC2012_val_00035362.JPEG,233,12.561669146991335,0.0009991897968575358,0.25425176309783293,0.9277320709812363,0.3460998159035795,41258
888,/home/projects/bagon/shared/imagenet512/val/n03134739/ILSVRC2012_val_00029639.JPEG,236,18.079387632082216,0.0009968079393729568,0.3484719277832833,0.9611476925868297,0.3654351496057913,41276
889,/home/projects/bagon/shared/imagenet512/val/n02871525/ILSVRC2012_val_00034700.JPEG,124,23.02868441317696,0.0009990707039833069,0.2949098291244248,0.8422790868342429,0.30265402786461815,41283
890,/home/projects/bagon/shared/imagenet512/val/n03661043/ILSVRC2012_val_00026253.JPEG,253,22.58401976909954,0.0009984752396121621,0.28189603473496067,0.877572114626607,0.3728064199435896,41285
891,/home/projects/bagon/shared/imagenet512/val/n03642806/ILSVRC2012_val_00029674.JPEG,499,11.084141060360707,0.0009984752396121621,0.33969628177614886,0.8902601746994065,0.3017432679351304,41294
892,/home/projects/bagon/shared/imagenet512/val/n02797295/ILSVRC2012_val_00039627.JPEG,239,7.292976048309356,0.0009995469590649009,0.37604450031030817,0.9787714262952019,0.410255317400841,41302
893,/home/projects/bagon/shared/imagenet512/val/n01532829/ILSVRC2012_val_00048144.JPEG,185,33.68638829141855,0.0009984752396121621,0.403397303081252,0.9124713766239628,0.4442078920518059,41318
894,/home/projects/bagon/shared/imagenet512/val/n03792782/ILSVRC2012_val_00012096.JPEG,464,41.72189654270187,0.0009969270322471857,0.43321395774837734,0.9962436937708931,0.2990084655850041,41346
895,/home/projects/bagon/shared/imagenet512/val/n04493381/ILSVRC2012_val_00049853.JPEG,571,8.134423751267605,0.0009964506607502699,0.3385939005907058,0.9684760512758506,0.38949592834668423,41353
896,/home/projects/bagon/shared/imagenet512/val/n07717556/ILSVRC2012_val_00041674.JPEG,337,10.503511526621878,0.000998951611109078,0.32041201464346963,0.6974822330841602,0.39746882444114146,41358
897,/home/projects/bagon/shared/imagenet512/val/n03832673/ILSVRC2012_val_00039119.JPEG,590,8.165723349433392,0.0009996660519391298,0.2096083972450809,0.7232418388731743,0.3207829442992409,41363
898,/home/projects/bagon/shared/imagenet512/val/n04270147/ILSVRC2012_val_00047511.JPEG,457,9.971135136322118,0.0009974034037441015,0.3336352647862494,0.8760433416787441,0.28141160687876887,41376
899,/home/projects/bagon/shared/imagenet512/val/n02977058/ILSVRC2012_val_00023322.JPEG,248,23.535422180430032,0.000995974289253354,0.3941007997087547,0.995085848352956,0.4362869106958913,41392
900,/home/projects/bagon/shared/imagenet512/val/n03476991/ILSVRC2012_val_00038369.JPEG,-1,nan,nan,nan,nan,nan,41400
901,/home/projects/bagon/shared/imagenet512/val/n03584254/ILSVRC2012_val_00026160.JPEG,-1,nan,nan,nan,nan,nan,41404
902,/home/projects/bagon/shared/imagenet512/val/n04263257/ILSVRC2012_val_00008511.JPEG,246,63.20908264676109,0.000998594332486391,1.4489976425682687,nan,0.49846527468463186,41416
903,/home/projects/bagon/shared/imagenet512/val/n02815834/ILSVRC2012_val_00041737.JPEG,378,15.113166413269937,0.0009953788248822093,0.4663736941818886,0.9937151221354931,0.471802646287125,41417
904,/home/projects/bagon/shared/imagenet512/val/n04041544/ILSVRC2012_val_00045875.JPEG,176,4.6536584318382666,0.0009966888464987278,0.16872441153916135,0.9617099536656686,0.20905056792631782,41420
905,/home/projects/bagon/shared/imagenet512/val/n01985128/ILSVRC2012_val_00035967.JPEG,4,27.489126205444336,0.0,4.253251477182036,0.9903371262059444,0.47372622735858133,41432
906,/home/projects/bagon/shared/imagenet512/val/n03899768/ILSVRC2012_val_00047929.JPEG,194,17.726724788546562,0.0009975224966183305,0.3014659941658399,0.9450563808849247,0.3166831443801974,41439
907,/home/projects/bagon/shared/imagenet512/val/n04536866/ILSVRC2012_val_00027587.JPEG,5,21.264915466308594,0.0,1.373460248389289,0.9882398922340977,0.5486509766648351,41443
908,/home/projects/bagon/shared/imagenet512/val/n03498962/ILSVRC2012_val_00017118.JPEG,184,10.881460069329478,0.0009953788248822093,0.34173520818687664,0.9220575902030439,0.26775703372196935,41444
909,/home/projects/bagon/shared/imagenet512/val/n03866082/ILSVRC2012_val_00009526.JPEG,1023,10.311446928302757,0.0009996660519391298,0.23187888219348662,0.7205099143652802,0.40408753540935105,41447
910,/home/projects/bagon/shared/imagenet512/val/n03223299/ILSVRC2012_val_00023938.JPEG,4,154.56634330749512,0.0,36.454388188409794,0.8912854272920975,0.6904319211308694,41464
911,/home/projects/bagon/shared/imagenet512/val/n04370456/ILSVRC2012_val_00028860.JPEG,198,11.317630798439495,0.0009991897968575358,0.2464770286380355,0.9888998617746687,0.25340595011041966,41467
912,/home/projects/bagon/shared/imagenet512/val/n15075141/ILSVRC2012_val_00003181.JPEG,-1,nan,nan,nan,nan,nan,41468
913,/home/projects/bagon/shared/imagenet512/val/n04235860/ILSVRC2012_val_00019879.JPEG,324,9.88176308653783,0.0009997851448133588,0.3225647008977238,nan,0.3012798975078985,41482
914,/home/projects/bagon/shared/imagenet512/val/n02090721/ILSVRC2012_val_00042118.JPEG,312,30.921424760017544,0.0009995469590649009,0.47529577482629703,0.9675366009403116,0.41257485915218584,41486
915,/home/projects/bagon/shared/imagenet512/val/n02883205/ILSVRC2012_val_00024771.JPEG,5,25.31249165534973,0.0,10.127547164244225,0.9465347616929451,0.6556038482900324,41488
916,/home/projects/bagon/shared/imagenet512/val/n04204238/ILSVRC2012_val_00048590.JPEG,223,4.789903286262415,0.0009977606823667884,0.3010389508103396,0.8994047927874885,0.3401020030530945,41498
917,/home/projects/bagon/shared/imagenet512/val/n03065424/ILSVRC2012_val_00039625.JPEG,135,4.907676942762919,0.0009991897968575358,0.20724019507731287,0.6244731407176131,0.29285024773850266,41499
918,/home/projects/bagon/shared/imagenet512/val/n02988304/ILSVRC2012_val_00009631.JPEG,401,14.882882467703894,0.0009984752396121621,0.31659031930606646,0.9898074146134392,0.3768397338249795,41510
919,/home/projects/bagon/shared/imagenet512/val/n04326547/ILSVRC2012_val_00010838.JPEG,593,13.02424342627637,0.0009996660519391298,0.2877164351062669,0.9076622949526367,0.35404394962697494,41512
920,/home/projects/bagon/shared/imagenet512/val/n02095570/ILSVRC2012_val_00003220.JPEG,710,24.75187591451686,0.000998951611109078,0.2972250886624206,0.993619100980664,0.31568495153668347,41517
921,/home/projects/bagon/shared/imagenet512/val/n02128925/ILSVRC2012_val_00041267.JPEG,874,7.910002091550268,0.0009979988681152463,0.19005418537904714,0.9123879509618372,0.23833995034440525,41519
922,/home/projects/bagon/shared/imagenet512/val/n07930864/ILSVRC2012_val_00043890.JPEG,788,15.698152306373231,0.0009993088897317648,0.47971062761370165,0.870105032627603,0.46104941747136646,41529
923,/home/projects/bagon/shared/imagenet512/val/n13133613/ILSVRC2012_val_00010376.JPEG,617,12.07833553722594,0.0009997851448133588,0.3166367506799037,0.9752853325371549,0.36283253341389343,41533
924,/home/projects/bagon/shared/imagenet512/val/n02268443/ILSVRC2012_val_00043136.JPEG,315,10.480333455372602,0.0009968079393729568,0.3142429628983744,0.8855244366518872,0.4224075298608717,41545
925,/home/projects/bagon/shared/imagenet512/val/n04041544/ILSVRC2012_val_00011897.JPEG,4,19.610140800476074,0.0,2.554289586923525,0.920578991309918,0.4908832315039803,41548
926,/home/projects/bagon/shared/imagenet512/val/n03956157/ILSVRC2012_val_00029603.JPEG,183,9.542783001670614,0.0009999042376875877,0.3333516063686013,0.38378766283764604,0.4290340629304471,41550
927,/home/projects/bagon/shared/imagenet512/val/n02088238/ILSVRC2012_val_00013260.JPEG,582,9.949495715089142,0.0009983561467379332,0.31803094882108357,0.8870218659786036,0.37388996580233014,41556
928,/home/projects/bagon/shared/imagenet512/val/n01697457/ILSVRC2012_val_00018876.JPEG,-1,nan,nan,nan,nan,nan,41570
929,/home/projects/bagon/shared/imagenet512/val/n04270147/ILSVRC2012_val_00034977.JPEG,499,23.203100225771777,0.0009970461251214147,0.3622810162375098,nan,0.45950322951227984,41580
930,/home/projects/bagon/shared/imagenet512/val/n01943899/ILSVRC2012_val_00045972.JPEG,4,2060.543501853943,0.0,68.12829021562999,0.9797521967920166,0.5326036422980419,41594
931,/home/projects/bagon/shared/imagenet512/val/n02415577/ILSVRC2012_val_00000246.JPEG,510,4.886785208946094,0.0009990707039833069,0.13430480839872588,0.7006273088538097,0.23365856170120047,41603
932,/home/projects/bagon/shared/imagenet512/val/n04584207/ILSVRC2012_val_00043314.JPEG,366,24.561683582607657,0.0009971652179956436,0.5082875707759855,0.9608457398851393,0.4408388317614795,41606
933,/home/projects/bagon/shared/imagenet512/val/n01498041/ILSVRC2012_val_00043229.JPEG,-1,nan,nan,nan,nan,nan,41618
934,/home/projects/bagon/shared/imagenet512/val/n04275548/ILSVRC2012_val_00035311.JPEG,267,4.2698293592548,0.0009953788248822093,0.16292003141184003,nan,0.2624133770259973,41646
935,/home/projects/bagon/shared/imagenet512/val/n04399382/ILSVRC2012_val_00002673.JPEG,8,23.456371020292863,0.0009527434594929218,0.8426567065172607,0.9597726191739241,0.3391150145904452,41657
936,/home/projects/bagon/shared/imagenet512/val/n04404412/ILSVRC2012_val_00042660.JPEG,-1,nan,nan,nan,nan,nan,41693
937,/home/projects/bagon/shared/imagenet512/val/n04462240/ILSVRC2012_val_00028483.JPEG,121,19.20902059332002,0.0009968079393729568,0.2402403874785139,nan,0.19647572879444927,41699
938,/home/projects/bagon/shared/imagenet512/val/n04264628/ILSVRC2012_val_00007316.JPEG,470,18.830754741327837,0.0009974034037441015,0.3448256406425548,0.7650796593139658,0.3688265770375109,41715
939,/home/projects/bagon/shared/imagenet512/val/n01484850/ILSVRC2012_val_00044052.JPEG,3,6.28841220556933,0.0001245659514097497,2.1057096612277735,0.966012096181266,0.5705837509210324,41716
940,/home/projects/bagon/shared/imagenet512/val/n03775071/ILSVRC2012_val_00045319.JPEG,493,17.178660375648178,0.0009993088897317648,0.3185808595935161,0.7341466416707741,0.4108509097060854,41717
941,/home/projects/bagon/shared/imagenet512/val/n02104029/ILSVRC2012_val_00013715.JPEG,655,18.906458683894016,0.0009999042376875877,0.39588729997819755,0.8038860951419307,0.43906828046059265,41724
942,/home/projects/bagon/shared/imagenet512/val/n02483362/ILSVRC2012_val_00020997.JPEG,302,10.769353082287125,0.000996093382127583,0.24940731624178836,0.7968701130710668,0.3354149704850722,41727
943,/home/projects/bagon/shared/imagenet512/val/n03045698/ILSVRC2012_val_00021996.JPEG,194,33.79851936025079,0.0009969270322471857,1.222908409745229,0.9893596907334415,0.38998825388236996,41740
944,/home/projects/bagon/shared/imagenet512/val/n01773797/ILSVRC2012_val_00036109.JPEG,49,40.841425548656844,0.0009909725049510598,0.39864028079492164,0.9739915230208687,0.49836203444454874,41742
945,/home/projects/bagon/shared/imagenet512/val/n03649909/ILSVRC2012_val_00006009.JPEG,64,34.64863450569101,0.0009901388548314571,0.3669062548464177,0.8865823859571085,0.16116375603697636,41745
946,/home/projects/bagon/shared/imagenet512/val/n02526121/ILSVRC2012_val_00015281.JPEG,373,33.95885185722727,0.000995974289253354,0.5563105083569886,0.9876174606617437,0.3008165462462611,41758
947,/home/projects/bagon/shared/imagenet512/val/n09399592/ILSVRC2012_val_00037827.JPEG,534,17.539063118281774,0.0009997851448133588,0.38357384840035724,0.9016356308269324,0.4100111729996714,41760
948,/home/projects/bagon/shared/imagenet512/val/n02091635/ILSVRC2012_val_00023428.JPEG,5,21.570186972618103,0.0,56.36595776044557,0.9964497304906641,0.6062970434487068,41762
949,/home/projects/bagon/shared/imagenet512/val/n04141975/ILSVRC2012_val_00020839.JPEG,5,219.85138940811157,0.0,56.53211552462394,0.9948307539166381,0.4644950449530425,41790
950,/home/projects/bagon/shared/imagenet512/val/n03124170/ILSVRC2012_val_00016207.JPEG,4,16.352266550064087,0.0,1.3107355492273316,0.8649294454572091,0.29907535952189435,41804
951,/home/projects/bagon/shared/imagenet512/val/n07836838/ILSVRC2012_val_00024526.JPEG,-1,nan,nan,nan,nan,nan,41821
952,/home/projects/bagon/shared/imagenet512/val/n04597913/ILSVRC2012_val_00007881.JPEG,272,5.055290913791396,0.0009978797752410173,0.20174547038854054,nan,0.25820627962677156,41827
953,/home/projects/bagon/shared/imagenet512/val/n02808440/ILSVRC2012_val_00019565.JPEG,690,13.253198801423423,0.000998594332486391,0.3088668279466022,0.7643053163079467,0.33868505646976954,41839
954,/home/projects/bagon/shared/imagenet512/val/n02791124/ILSVRC2012_val_00008115.JPEG,37,26.318208382232115,0.000982159748673439,0.42118825605030064,0.9965181403282892,0.4158166611077282,41844
955,/home/projects/bagon/shared/imagenet512/val/n04522168/ILSVRC2012_val_00040024.JPEG,274,11.787276203394867,0.0009991897968575358,0.29214215166271873,0.9658706575932623,0.4589741801280257,41850
956,/home/projects/bagon/shared/imagenet512/val/n02096437/ILSVRC2012_val_00027512.JPEG,283,12.052390836062841,0.000998594332486391,0.8192214524377803,0.7611496906287007,0.4421363480331434,41855
957,/home/projects/bagon/shared/imagenet512/val/n03976657/ILSVRC2012_val_00049381.JPEG,279,6.924971122294664,0.0009952597320079803,0.22096498427462924,0.9521231206818711,0.30790616697721307,41859
958,/home/projects/bagon/shared/imagenet512/val/n03459775/ILSVRC2012_val_00038655.JPEG,209,4.463253746274859,0.0009944260818883777,0.17103503286465238,0.9355435238347147,0.22959921863123559,41864
959,/home/projects/bagon/shared/imagenet512/val/n03445924/ILSVRC2012_val_00006874.JPEG,74,27.262331453152,0.0009950215462595224,0.3564496044988731,0.9022419238552422,0.36284101207749264,41868
960,/home/projects/bagon/shared/imagenet512/val/n02229544/ILSVRC2012_val_00003343.JPEG,597,14.823294706293382,0.000998832518234849,0.4889619937176488,0.9794900986735264,0.35294085779476597,41876
961,/home/projects/bagon/shared/imagenet512/val/n03998194/ILSVRC2012_val_00020470.JPEG,337,10.759845752385445,0.0009993088897317648,0.28247663432729325,0.9647626696315821,0.2782190364915945,41882
962,/home/projects/bagon/shared/imagenet512/val/n02641379/ILSVRC2012_val_00030998.JPEG,348,26.868507288047113,0.0009978797752410173,0.3953630820075041,0.9815907040931227,0.3202643703405538,41886
963,/home/projects/bagon/shared/imagenet512/val/n03062245/ILSVRC2012_val_00012643.JPEG,173,14.909683673991822,0.000996331567876041,0.5980532466860397,0.9755821980432174,0.41688929523326645,41889
964,/home/projects/bagon/shared/imagenet512/val/n03977966/ILSVRC2012_val_00034511.JPEG,250,7.0675395402358845,0.0009984752396121621,0.2348985810192015,0.9256168804766639,0.329819264417675,41892
965,/home/projects/bagon/shared/imagenet512/val/n03710721/ILSVRC2012_val_00006904.JPEG,-1,nan,nan,nan,nan,nan,41894
966,/home/projects/bagon/shared/imagenet512/val/n04330267/ILSVRC2012_val_00000205.JPEG,111,24.043098588008434,0.0009999042376875877,0.42553007855015107,nan,0.35563618447332246,41897
967,/home/projects/bagon/shared/imagenet512/val/n04270147/ILSVRC2012_val_00039725.JPEG,376,19.33085293485783,0.0009977606823667884,0.8380727632440097,0.9115175835835365,0.40013969769068153,41898
968,/home/projects/bagon/shared/imagenet512/val/n02906734/ILSVRC2012_val_00044489.JPEG,177,9.085543152526952,0.0009958551963791251,0.20931934239075609,0.9818102861933433,0.20478614870403464,41903
969,/home/projects/bagon/shared/imagenet512/val/n03089624/ILSVRC2012_val_00008801.JPEG,321,5.662969608674757,0.0009995469590649009,0.2826044839176623,0.8284741744461535,0.21766441940295758,41920
970,/home/projects/bagon/shared/imagenet512/val/n04239074/ILSVRC2012_val_00044499.JPEG,289,11.711229978711344,0.0009990707039833069,0.37238020340936717,0.9372798151162051,0.40584419475147154,41922
971,/home/projects/bagon/shared/imagenet512/val/n03196217/ILSVRC2012_val_00026752.JPEG,390,6.540499287191778,0.00099871342536062,0.21837963504587715,0.973710273182153,0.3408257926681588,41923
972,/home/projects/bagon/shared/imagenet512/val/n03976657/ILSVRC2012_val_00019140.JPEG,51,22.377500568516552,0.0009975224966183305,0.8523236810947503,0.9758594386875017,0.5713032022696884,41929
973,/home/projects/bagon/shared/imagenet512/val/n01688243/ILSVRC2012_val_00000978.JPEG,557,18.081633931258693,0.000998594332486391,0.3789552009027866,0.995367796565807,0.26239101727767544,41935
974,/home/projects/bagon/shared/imagenet512/val/n02776631/ILSVRC2012_val_00032747.JPEG,309,31.44660100399051,0.0009984752396121621,0.43315333173315673,0.9782593374834367,0.30034699518090613,41947
975,/home/projects/bagon/shared/imagenet512/val/n02814860/ILSVRC2012_val_00009577.JPEG,362,16.586213773000054,0.0009982370538637042,0.3696809921881921,0.9221490072832536,0.37743430749451135,41954
976,/home/projects/bagon/shared/imagenet512/val/n02769748/ILSVRC2012_val_00005367.JPEG,377,13.869542127125897,0.0009956170106306672,0.37086856238841115,0.8588141975681208,0.34421779403855823,41960
977,/home/projects/bagon/shared/imagenet512/val/n03929855/ILSVRC2012_val_00049963.JPEG,310,29.565615594154224,0.0009993088897317648,0.5074557574269507,0.9471510430915155,0.3978978139420071,41968
978,/home/projects/bagon/shared/imagenet512/val/n03891332/ILSVRC2012_val_00004937.JPEG,306,11.564941720687784,0.000998832518234849,0.22453675027348008,0.9252751641743915,0.2894704849338774,41983
979,/home/projects/bagon/shared/imagenet512/val/n02095314/ILSVRC2012_val_00005331.JPEG,528,28.642826808732934,0.0009995469590649009,0.2988515050312131,0.7293033587931956,0.447643509867096,41988
980,/home/projects/bagon/shared/imagenet512/val/n03457902/ILSVRC2012_val_00000295.JPEG,74,3.3115664874203503,0.0009924016194418073,0.180141477533737,0.5227960087446688,0.19416158606286482,41994
981,/home/projects/bagon/shared/imagenet512/val/n03691459/ILSVRC2012_val_00030580.JPEG,-1,nan,nan,nan,nan,nan,42007
982,/home/projects/bagon/shared/imagenet512/val/n07615774/ILSVRC2012_val_00049964.JPEG,109,15.825989348813891,0.0009949024533852935,0.4557291032613064,nan,0.5079859203848109,42008
983,/home/projects/bagon/shared/imagenet512/val/n03954731/ILSVRC2012_val_00049067.JPEG,-1,nan,nan,nan,nan,nan,42022
984,/home/projects/bagon/shared/imagenet512/val/n01580077/ILSVRC2012_val_00020905.JPEG,301,20.056811798014678,0.000998594332486391,0.3095279030138546,nan,0.2901155640939054,42029
985,/home/projects/bagon/shared/imagenet512/val/n02930766/ILSVRC2012_val_00003112.JPEG,4,186.1007080078125,0.0,8.328753486471292,0.9535971608712677,0.43080174438870844,42030
986,/home/projects/bagon/shared/imagenet512/val/n02361337/ILSVRC2012_val_00002571.JPEG,161,48.08637258934323,0.0009940688032656908,0.35211644697032624,0.9981302930861291,0.35855619419953,42040
987,/home/projects/bagon/shared/imagenet512/val/n03249569/ILSVRC2012_val_00005690.JPEG,278,42.021575211547315,0.0009978797752410173,0.5737846142787816,0.9248983340037779,0.42863664294027937,42042
988,/home/projects/bagon/shared/imagenet512/val/n01806143/ILSVRC2012_val_00002177.JPEG,473,15.135827241349034,0.0009978797752410173,0.48444099015314207,0.978983043685169,0.4821356830496344,42046
989,/home/projects/bagon/shared/imagenet512/val/n03459775/ILSVRC2012_val_00020941.JPEG,175,21.534556100028567,0.0009997851448133588,0.8549888237928571,0.8736929842569512,0.4134633865461264,42054
990,/home/projects/bagon/shared/imagenet512/val/n02788148/ILSVRC2012_val_00005736.JPEG,243,8.744444778654724,0.0009965697536244988,0.2748711886019229,0.9530318934569455,0.3846746972362187,42059
991,/home/projects/bagon/shared/imagenet512/val/n03141823/ILSVRC2012_val_00004783.JPEG,26,32.94434444257058,0.000977276940830052,0.5594046498937062,0.822450288647734,0.2861832732913229,42065
992,/home/projects/bagon/shared/imagenet512/val/n02110063/ILSVRC2012_val_00016960.JPEG,789,19.527719926438294,0.0009995469590649009,0.3444355448202048,0.9256035452580507,0.386973174011549,42072
993,/home/projects/bagon/shared/imagenet512/val/n02892201/ILSVRC2012_val_00014939.JPEG,211,10.311914738733321,0.0009958551963791251,0.3937588312901456,0.9808690702718843,0.3106590208140753,42073
994,/home/projects/bagon/shared/imagenet512/val/n01945685/ILSVRC2012_val_00002261.JPEG,184,33.9993944154121,0.0009949024533852935,0.3581753466292568,0.9973862327192673,0.3469875203403455,42076
995,/home/projects/bagon/shared/imagenet512/val/n03250847/ILSVRC2012_val_00046129.JPEG,220,3.222328478237614,0.0009981179609894753,0.15115352480242264,0.8605568180684906,0.2319804495694287,42084
996,/home/projects/bagon/shared/imagenet512/val/n04476259/ILSVRC2012_val_00041437.JPEG,5,31.797280311584473,0.0,1.2771883940691535,0.8201861746395038,0.5979550191628813,42097
997,/home/projects/bagon/shared/imagenet512/val/n04371430/ILSVRC2012_val_00043532.JPEG,301,15.162511631613597,0.0009984752396121621,0.38411326275990276,0.9417841982349628,0.25599326833964076,42108
998,/home/projects/bagon/shared/imagenet512/val/n03623198/ILSVRC2012_val_00019441.JPEG,-1,nan,nan,nan,nan,nan,42109
999,/home/projects/bagon/shared/imagenet512/val/n03272010/ILSVRC2012_val_00022811.JPEG,306,33.63210440531839,0.0009979988681152463,0.6336293425296244,nan,0.5000172396561334,42125
1000,/home/projects/bagon/shared/imagenet512/val/n02124075/ILSVRC2012_val_00010598.JPEG,9,58.059760093688965,0.0,1.611850951605578,0.9729406901800814,0.5403929523272512,42127
1001,/home/projects/bagon/shared/imagenet512/val/n03773504/ILSVRC2012_val_00011438.JPEG,1098,30.711222584010102,0.0009997851448133588,0.3778767212764888,0.8561760742929666,0.39798530712657637,42132
1002,/home/projects/bagon/shared/imagenet512/val/n03249569/ILSVRC2012_val_00026291.JPEG,4,742.7178483009338,0.0,46.88146253985993,0.9676164009796245,0.5468036466489354,42138
1003,/home/projects/bagon/shared/imagenet512/val/n02091635/ILSVRC2012_val_00041912.JPEG,147,31.678242789232172,0.0009966888464987278,0.3909160985222883,0.9700274041953425,0.29587479001000005,42146
1004,/home/projects/bagon/shared/imagenet512/val/n03773504/ILSVRC2012_val_00010073.JPEG,842,29.419940353021957,0.0009984752396121621,0.5804044173565674,0.9169467311320147,0.5950853194989723,42149
1005,/home/projects/bagon/shared/imagenet512/val/n03127925/ILSVRC2012_val_00030004.JPEG,193,10.074661676189862,0.00099871342536062,0.28442740415889844,0.8201838079033261,0.3014882928807042,42152
1006,/home/projects/bagon/shared/imagenet512/val/n04548362/ILSVRC2012_val_00025829.JPEG,514,18.40893797809258,0.0009977606823667884,0.3551621870236008,0.9488950922783485,0.3368879710039422,42161
1007,/home/projects/bagon/shared/imagenet512/val/n03141823/ILSVRC2012_val_00009886.JPEG,165,3.9240986090153456,0.0009979988681152463,0.18309039321631687,0.8352812457166363,0.2084265115404359,42169
1008,/home/projects/bagon/shared/imagenet512/val/n02110063/ILSVRC2012_val_00011214.JPEG,806,4.491067671217024,0.000998951611109078,0.14875032629141455,0.4479503035788788,0.269605936435144,42176
1009,/home/projects/bagon/shared/imagenet512/val/n02999410/ILSVRC2012_val_00030965.JPEG,189,11.180930752423592,0.0009977606823667884,0.20849818849578047,0.9730741214113786,0.22903647137187966,42178
1010,/home/projects/bagon/shared/imagenet512/val/n02669723/ILSVRC2012_val_00015594.JPEG,6,27.03962516784668,0.0,3.086782449416593,0.9266308655237798,0.4986116352918203,42182
1011,/home/projects/bagon/shared/imagenet512/val/n04372370/ILSVRC2012_val_00035679.JPEG,265,23.180400582496077,0.000995974289253354,0.4108903855690917,0.9975144172129478,0.4091574463891494,42198
1012,/home/projects/bagon/shared/imagenet512/val/n04599235/ILSVRC2012_val_00016244.JPEG,185,5.0976070002652705,0.0009994279826059937,0.2814265451833423,0.8900539957194893,0.278750194751614,42210
1013,/home/projects/bagon/shared/imagenet512/val/n09468604/ILSVRC2012_val_00025853.JPEG,900,9.110051721683703,0.0009996660519391298,0.21811172516973742,0.9029330236774525,0.3336069695353623,42223
1014,/home/projects/bagon/shared/imagenet512/val/n02988304/ILSVRC2012_val_00037068.JPEG,5,2038.3454856872559,0.0,74.6691826702517,0.9889003521918208,0.5980128369565391,42226
1015,/home/projects/bagon/shared/imagenet512/val/n04317175/ILSVRC2012_val_00007135.JPEG,4,9.04218077659607,0.0,1.1064678644264756,0.699232086490727,0.47515828716362823,42227
1016,/home/projects/bagon/shared/imagenet512/val/n03670208/ILSVRC2012_val_00000976.JPEG,6,17.99539464629197,4.076874756719917e-05,0.2526912050459135,0.3977274640570141,0.3952502860262893,42240
1017,/home/projects/bagon/shared/imagenet512/val/n07693725/ILSVRC2012_val_00047003.JPEG,312,26.794517645961605,0.0009995469590649009,0.33116604148391077,0.8820854386073305,0.4052181675905193,42246
1018,/home/projects/bagon/shared/imagenet512/val/n02837789/ILSVRC2012_val_00015440.JPEG,511,8.517979569151066,0.0009991897968575358,0.23996320188494108,0.9110029624889555,0.33479981928448355,42251
1019,/home/projects/bagon/shared/imagenet512/val/n02100735/ILSVRC2012_val_00016187.JPEG,26,47.528602733043954,0.0009945451747626066,1.0601847331237628,0.9271959812582824,0.3297806274377404,42263
1020,/home/projects/bagon/shared/imagenet512/val/n04154565/ILSVRC2012_val_00026682.JPEG,182,28.069581547402777,0.0009956170106306672,0.32771605795697306,0.9842246524348373,0.26300211085594394,42265
1021,/home/projects/bagon/shared/imagenet512/val/n04270147/ILSVRC2012_val_00021865.JPEG,120,25.93822879868094,0.0009941878961399198,0.7594871191695985,0.883691280523592,0.681791935140843,42270
1022,/home/projects/bagon/shared/imagenet512/val/n03467068/ILSVRC2012_val_00026034.JPEG,54,35.38234326033853,0.0009838269324973226,0.3720223078583245,0.9713161192700859,0.3167233595110386,42272
1023,/home/projects/bagon/shared/imagenet512/val/n02028035/ILSVRC2012_val_00001521.JPEG,368,45.08604823646601,0.0009977606823667884,0.5727493739545741,0.9984476259520625,0.6171978243088738,42282
1024,/home/projects/bagon/shared/imagenet512/val/n03710721/ILSVRC2012_val_00034525.JPEG,569,16.283972920500673,0.0009993088897317648,0.4446080062004426,0.9089137971949265,0.40822639938241323,42284
1025,/home/projects/bagon/shared/imagenet512/val/n04258138/ILSVRC2012_val_00028935.JPEG,121,34.90357605717145,0.0009965697536244988,0.41193199110895296,0.9855834857285439,0.23950634401423995,42286
1026,/home/projects/bagon/shared/imagenet512/val/n02077923/ILSVRC2012_val_00048240.JPEG,7,36.2272717951837,1.3351351299206726e-05,0.6961498718318864,0.9836843236860734,0.2213987057271839,42306
1027,/home/projects/bagon/shared/imagenet512/val/n02790996/ILSVRC2012_val_00027401.JPEG,346,22.811125417472795,0.0009994279826059937,0.3392697417140469,0.9987003136890954,0.3678592557962629,42320
1028,/home/projects/bagon/shared/imagenet512/val/n04355338/ILSVRC2012_val_00048060.JPEG,165,23.201779553084634,0.0009926398051902652,0.3081202810671862,0.997647994626203,0.3349428140458194,42321
1029,/home/projects/bagon/shared/imagenet512/val/n02096294/ILSVRC2012_val_00003690.JPEG,423,9.036472525796853,0.0009975224966183305,0.3006420530306148,0.7971185439647952,0.37333984878909976,42329
1030,/home/projects/bagon/shared/imagenet512/val/n04355933/ILSVRC2012_val_00015733.JPEG,726,10.658641283982433,0.0009995469590649009,0.2832344496692626,0.8946687900791956,0.39360203712784614,42340
1031,/home/projects/bagon/shared/imagenet512/val/n01756291/ILSVRC2012_val_00038102.JPEG,19,39.34038103040075,0.0009335688664577901,1.973436818497746,0.8667780253519448,0.4067808895204227,42341
1032,/home/projects/bagon/shared/imagenet512/val/n03131574/ILSVRC2012_val_00034723.JPEG,6,24.066163888623123,0.0001333863037871197,0.4969067562517623,0.8998323359528809,0.5459219338323495,42350
1033,/home/projects/bagon/shared/imagenet512/val/n02910353/ILSVRC2012_val_00033707.JPEG,5,19.161016702651978,0.0,1.610714716009113,0.6922997720943951,0.6817040616436878,42356
1034,/home/projects/bagon/shared/imagenet512/val/n03814639/ILSVRC2012_val_00034119.JPEG,399,21.990530582494102,0.0009991897968575358,0.2797032761271586,0.9978162182750558,0.3522899260853213,42361
1035,/home/projects/bagon/shared/imagenet512/val/n04200800/ILSVRC2012_val_00028940.JPEG,73,45.508821947150864,0.0009888288332149386,0.6902414944137458,0.9247341318180298,0.41779538406950373,42367
1036,/home/projects/bagon/shared/imagenet512/val/n03866082/ILSVRC2012_val_00043954.JPEG,557,17.63659836363513,0.0009978797752410173,0.3355318535374967,0.9828472414590801,0.29832160257951057,42371
1037,/home/projects/bagon/shared/imagenet512/val/n03998194/ILSVRC2012_val_00026195.JPEG,128,12.538265315815806,0.0009926398051902652,0.18100694350318866,0.9974793336412234,0.08236084724458925,42373
1038,/home/projects/bagon/shared/imagenet512/val/n02087046/ILSVRC2012_val_00022182.JPEG,5,20.59537705380353,0.00025996167096309364,0.7078034894926873,0.9562761275724928,0.5509705268733688,42385
1039,/home/projects/bagon/shared/imagenet512/val/n02966687/ILSVRC2012_val_00006795.JPEG,289,3.679303820594214,0.000996212475001812,0.1902336953131563,0.4907567168000388,0.28529689007445475,42394
1040,/home/projects/bagon/shared/imagenet512/val/n03047690/ILSVRC2012_val_00024814.JPEG,214,8.946647893637419,0.000998951611109078,0.3646074690824727,0.9389896744834342,0.33254582843154523,42411
1041,/home/projects/bagon/shared/imagenet512/val/n02909870/ILSVRC2012_val_00048205.JPEG,9,53.4463906288147,0.0,51.29976855475551,0.8808474479742128,0.4844037928299792,42429
1042,/home/projects/bagon/shared/imagenet512/val/n12144580/ILSVRC2012_val_00035862.JPEG,107,7.20566592074465,0.0009991897968575358,0.16340667526589484,0.9514183157309408,0.2969006914994391,42447
1043,/home/projects/bagon/shared/imagenet512/val/n02088466/ILSVRC2012_val_00029326.JPEG,36,45.14511624514125,0.0009815642843022943,1.477172481886879,0.9884078838708309,0.3892761592639129,42452
1044,/home/projects/bagon/shared/imagenet512/val/n04467665/ILSVRC2012_val_00049660.JPEG,355,2.884861148078926,0.0009993088897317648,0.1296406759629316,0.5565083071587448,0.27559670146622656,42460
1045,/home/projects/bagon/shared/imagenet512/val/n07932039/ILSVRC2012_val_00023089.JPEG,121,23.076881485059857,0.0009919252479448915,0.3312306847671298,0.9939229556686905,0.358584901455675,42477
1046,/home/projects/bagon/shared/imagenet512/val/n04270147/ILSVRC2012_val_00027594.JPEG,282,13.064659833093174,0.0009970461251214147,0.33911468695040126,0.9939877084341026,0.3805954986279485,42480
1047,/home/projects/bagon/shared/imagenet512/val/n04116512/ILSVRC2012_val_00018576.JPEG,5,25.93795347213745,0.0,2.415609429859787,0.979249237108876,0.24994845258843795,42483
1048,/home/projects/bagon/shared/imagenet512/val/n01873310/ILSVRC2012_val_00023078.JPEG,30,47.312088893086184,0.0009742995607666671,0.5584208975794295,0.9845470478356437,0.4981699286158351,42489
1049,/home/projects/bagon/shared/imagenet512/val/n03977966/ILSVRC2012_val_00042710.JPEG,274,19.73760103713721,0.0009953788248822093,0.33279240201717414,0.6287762048195455,0.39720331588751384,42490
1050,/home/projects/bagon/shared/imagenet512/val/n03838899/ILSVRC2012_val_00019959.JPEG,552,29.25019529601559,0.0009995469590649009,1.6736777383679837,0.9980634377845525,0.4655336243513647,42493
1051,/home/projects/bagon/shared/imagenet512/val/n01770081/ILSVRC2012_val_00014971.JPEG,4,97.87590265274048,0.0,4.34765708225531,0.9933236463892857,0.44713010764032013,42495
1052,/home/projects/bagon/shared/imagenet512/val/n04023962/ILSVRC2012_val_00043545.JPEG,27,4.454590091947466,0.00098525604698807,0.26099818812727615,0.9169453098229997,0.2207475036019952,42503
1053,/home/projects/bagon/shared/imagenet512/val/n04239074/ILSVRC2012_val_00021286.JPEG,232,19.43561902595684,0.0009964506607502699,0.4928697444804233,0.9264899798189564,0.45168198434596807,42506
1054,/home/projects/bagon/shared/imagenet512/val/n03532672/ILSVRC2012_val_00026912.JPEG,169,23.296600769041106,0.0009953788248822093,0.34197893905079885,0.9957819703018299,0.43003700301998016,42516
1055,/home/projects/bagon/shared/imagenet512/val/n04392985/ILSVRC2012_val_00045645.JPEG,442,32.37984850362409,0.0009977606823667884,0.38797102431831143,0.9740268833613615,0.43308215251924526,42523
1056,/home/projects/bagon/shared/imagenet512/val/n03929660/ILSVRC2012_val_00004035.JPEG,88,26.965228084591217,0.0009952597320079803,0.4003628468625028,0.9870902113104003,0.38271611024018526,42528
1057,/home/projects/bagon/shared/imagenet512/val/n02769748/ILSVRC2012_val_00008482.JPEG,262,21.33725454285741,0.0009966888464987278,0.25387565929251493,0.9982519922570527,0.3326359902095155,42530
1058,/home/projects/bagon/shared/imagenet512/val/n02233338/ILSVRC2012_val_00010774.JPEG,5,28.35421895980835,0.0,12.519571884351821,0.9949435204231027,0.6255278499744261,42533
1059,/home/projects/bagon/shared/imagenet512/val/n02808440/ILSVRC2012_val_00002563.JPEG,618,15.25493851932697,0.0009997851448133588,0.31560952931798275,0.750267533190182,0.41580280107126205,42547
1060,/home/projects/bagon/shared/imagenet512/val/n04355933/ILSVRC2012_val_00036674.JPEG,932,21.863847167347558,0.0009983561467379332,0.280573009137278,0.9875050289474484,0.39141030112881214,42573
1061,/home/projects/bagon/shared/imagenet512/val/n02110806/ILSVRC2012_val_00030771.JPEG,240,60.19324780500028,0.000996331567876041,0.41828673455390475,0.9936470428989693,0.35962542305423784,42581
1062,/home/projects/bagon/shared/imagenet512/val/n03443371/ILSVRC2012_val_00014613.JPEG,8,25.78889846461243,8.248942322097719e-05,0.35442033178776094,0.8438667331671706,0.3115994590254707,42584
1063,/home/projects/bagon/shared/imagenet512/val/n02124075/ILSVRC2012_val_00031185.JPEG,368,26.648336682352237,0.0009994279826059937,0.339347447799728,0.9978337172971957,0.382289898625391,42601
1064,/home/projects/bagon/shared/imagenet512/val/n07875152/ILSVRC2012_val_00046279.JPEG,374,65.38381727971137,0.0009995469590649009,0.5782418880991615,0.8840443193990742,0.29956319190923303,42616
1065,/home/projects/bagon/shared/imagenet512/val/n02504013/ILSVRC2012_val_00040923.JPEG,551,17.263436704757623,0.00099871342536062,0.4987080999447223,0.7882993649002394,0.3699197962480584,42630
1066,/home/projects/bagon/shared/imagenet512/val/n01729977/ILSVRC2012_val_00026809.JPEG,341,17.28438681352418,0.0009970461251214147,0.28774082578370924,0.909494160385651,0.3172028973833173,42637
1067,/home/projects/bagon/shared/imagenet512/val/n02236044/ILSVRC2012_val_00015745.JPEG,230,12.638368644169532,0.000998951611109078,0.32242484782016784,0.778729408132249,0.3422593195822744,42638
1068,/home/projects/bagon/shared/imagenet512/val/n03478589/ILSVRC2012_val_00001324.JPEG,249,30.49889973248355,0.0009975224966183305,0.36243040594244375,0.7437206654259538,0.36589250988841326,42652
1069,/home/projects/bagon/shared/imagenet512/val/n03761084/ILSVRC2012_val_00023629.JPEG,123,13.638632979476824,0.0009976415894925594,0.3075404881031928,0.9008098905806698,0.3843465688678519,42667
1070,/home/projects/bagon/shared/imagenet512/val/n03773504/ILSVRC2012_val_00031940.JPEG,140,22.15034168132115,0.0009954979177564383,0.3006868087392549,0.8110397857654532,0.42722393627394406,42682
1071,/home/projects/bagon/shared/imagenet512/val/n03680355/ILSVRC2012_val_00020303.JPEG,5,25.91698932647705,0.0,1.1030945464560833,0.8481998874311012,0.5522529874304282,42683
1072,/home/projects/bagon/shared/imagenet512/val/n04376876/ILSVRC2012_val_00012108.JPEG,255,23.895654677879065,0.0009966888464987278,0.33306716917640594,0.9974149200078987,0.3333764805496674,42690
1073,/home/projects/bagon/shared/imagenet512/val/n01753488/ILSVRC2012_val_00040417.JPEG,265,16.021849098382518,0.000998594332486391,0.3208332152581794,0.9292889072720182,0.3969935065373169,42698
1074,/home/projects/bagon/shared/imagenet512/val/n03804744/ILSVRC2012_val_00019774.JPEG,395,22.35991502413526,0.0009996660519391298,0.47264784955296346,0.9981089078845088,0.39929075017562293,42701
1075,/home/projects/bagon/shared/imagenet512/val/n03777754/ILSVRC2012_val_00029857.JPEG,175,13.904153322102502,0.0009958551963791251,0.3785908821974757,0.9617686629353811,0.4626053084592626,42717
1076,/home/projects/bagon/shared/imagenet512/val/n02317335/ILSVRC2012_val_00001748.JPEG,290,44.608274441445246,0.0009970461251214147,0.3889937743826709,0.9977313523659055,0.4366414006236293,42728
1077,/home/projects/bagon/shared/imagenet512/val/n03627232/ILSVRC2012_val_00043163.JPEG,273,18.85726650361903,0.00099871342536062,0.46940140379119366,0.882415548803989,0.3968678186684337,42738
1078,/home/projects/bagon/shared/imagenet512/val/n04026417/ILSVRC2012_val_00010949.JPEG,432,10.23136176110711,0.0009981179609894753,0.28449612043029265,0.8798893271916355,0.49077610426901597,42748
1079,/home/projects/bagon/shared/imagenet512/val/n04525038/ILSVRC2012_val_00010935.JPEG,6,50.03272783756256,0.0,3.980626794428082,0.5229491096147709,0.5553360188798657,42753
1080,/home/projects/bagon/shared/imagenet512/val/n04398044/ILSVRC2012_val_00022342.JPEG,9,40.20417737960815,1.1920928244535389e-07,2.755935434021462,0.8635706074474115,0.5376448169807037,42760
1081,/home/projects/bagon/shared/imagenet512/val/n02790996/ILSVRC2012_val_00028259.JPEG,561,3.2160632215673104,0.000995974289253354,0.14130086178072834,0.37075510202221174,0.3847988230777248,42763
1082,/home/projects/bagon/shared/imagenet512/val/n04476259/ILSVRC2012_val_00007594.JPEG,347,21.832953167846426,0.0009978797752410173,0.3178484321199072,0.9826324395853654,0.43266309543113446,42765
1083,/home/projects/bagon/shared/imagenet512/val/n02483362/ILSVRC2012_val_00016611.JPEG,371,5.637725637061521,0.0009974034037441015,0.13605201436300277,0.9642642969406121,0.23110880059850764,42767
1084,/home/projects/bagon/shared/imagenet512/val/n04409515/ILSVRC2012_val_00017369.JPEG,153,23.40179545315914,0.0009950215462595224,0.38668509899548437,0.9415334506389692,0.5197060180934591,42768
1085,/home/projects/bagon/shared/imagenet512/val/n03658185/ILSVRC2012_val_00042131.JPEG,729,9.39017221215181,0.0009996660519391298,0.22818737698891703,0.9083775890955443,0.35046412874883603,42776
1086,/home/projects/bagon/shared/imagenet512/val/n07753592/ILSVRC2012_val_00029200.JPEG,210,8.992972075706348,0.0009982370538637042,0.3115473603873611,0.710017063552565,0.38771824646796327,42780
1087,/home/projects/bagon/shared/imagenet512/val/n04505470/ILSVRC2012_val_00049917.JPEG,438,4.451754059758969,0.0009991897968575358,0.14200205152064407,0.653779716321317,0.26871617844393125,42782
1088,/home/projects/bagon/shared/imagenet512/val/n03791053/ILSVRC2012_val_00011611.JPEG,-1,nan,nan,nan,nan,nan,42784
1089,/home/projects/bagon/shared/imagenet512/val/n02096294/ILSVRC2012_val_00016374.JPEG,609,10.167307396419346,0.0009997851448133588,0.2738558291692838,nan,0.33158653366420765,42792
1090,/home/projects/bagon/shared/imagenet512/val/n03781244/ILSVRC2012_val_00033451.JPEG,456,23.10066498280503,0.0009997851448133588,0.36233183019687043,0.9934520556058009,0.2753798726746437,42795
1091,/home/projects/bagon/shared/imagenet512/val/n03970156/ILSVRC2012_val_00011609.JPEG,241,22.96694049355574,0.000995974289253354,0.35211144765073615,0.9908743076925813,0.32060969860644534,42810
1092,/home/projects/bagon/shared/imagenet512/val/n03933933/ILSVRC2012_val_00026135.JPEG,368,18.117276774486527,0.0009969270322471857,0.5164084883329079,0.9832954126440459,0.36437936796996573,42814
1093,/home/projects/bagon/shared/imagenet512/val/n04493381/ILSVRC2012_val_00021949.JPEG,1434,29.912564404541627,0.0009994279826059937,0.509278262293701,0.7619575750202379,0.6979713984424772,42817
1094,/home/projects/bagon/shared/imagenet512/val/n03658185/ILSVRC2012_val_00020956.JPEG,7,35.113500356674194,0.0,2.1996806629029972,0.9869252965735652,0.3934286622523451,42823
1095,/home/projects/bagon/shared/imagenet512/val/n02085620/ILSVRC2012_val_00002921.JPEG,-1,nan,nan,nan,nan,nan,42825
1096,/home/projects/bagon/shared/imagenet512/val/n07932039/ILSVRC2012_val_00006310.JPEG,196,35.5872381957015,0.0009983561467379332,0.8258049661088386,nan,0.33381421272352985,42833
1097,/home/projects/bagon/shared/imagenet512/val/n04590129/ILSVRC2012_val_00023987.JPEG,455,35.88347584602889,0.0009991897968575358,0.40773531765619264,0.9199157446604136,0.46422379839029965,42841
1098,/home/projects/bagon/shared/imagenet512/val/n03240683/ILSVRC2012_val_00049887.JPEG,547,9.03197211038787,0.0009997851448133588,0.3860437768337673,0.7468861859707957,0.4723517108034009,42849
1099,/home/projects/bagon/shared/imagenet512/val/n04548280/ILSVRC2012_val_00035525.JPEG,178,3.565306231728755,0.0009999042376875877,0.12721760732899356,0.7362715245804898,0.2198950524947786,42861
1100,/home/projects/bagon/shared/imagenet512/val/n02364673/ILSVRC2012_val_00022152.JPEG,-1,nan,nan,nan,nan,nan,42863
1101,/home/projects/bagon/shared/imagenet512/val/n03197337/ILSVRC2012_val_00009109.JPEG,-1,nan,nan,nan,nan,nan,42869
1102,/home/projects/bagon/shared/imagenet512/val/n03599486/ILSVRC2012_val_00047366.JPEG,235,5.432446257211268,0.000996331567876041,0.1595956219581415,nan,0.2075890889041511,42870
1103,/home/projects/bagon/shared/imagenet512/val/n02869837/ILSVRC2012_val_00031092.JPEG,-1,nan,nan,nan,nan,nan,42877
1104,/home/projects/bagon/shared/imagenet512/val/n03794056/ILSVRC2012_val_00045500.JPEG,196,27.7887908302946,0.0009966888464987278,0.2496015706707477,nan,0.2677006032538004,42890
1105,/home/projects/bagon/shared/imagenet512/val/n03961711/ILSVRC2012_val_00006124.JPEG,201,31.646814464242198,0.0009974034037441015,0.42940171677244404,0.9733491932354784,0.42640516963018327,42891
1106,/home/projects/bagon/shared/imagenet512/val/n04118538/ILSVRC2012_val_00017936.JPEG,449,13.257651340216398,0.0009977606823667884,0.30515448490718755,0.9887331942742368,0.3075920175019097,42901
1107,/home/projects/bagon/shared/imagenet512/val/n02823428/ILSVRC2012_val_00031867.JPEG,405,13.376776691176929,0.0009978797752410173,0.3726170117686933,0.9941548546007282,0.36884489220438743,42909
1108,/home/projects/bagon/shared/imagenet512/val/n12144580/ILSVRC2012_val_00016362.JPEG,445,5.988972850609571,0.000998832518234849,0.16508617373928053,0.863662223776887,0.22764354405858472,42912
1109,/home/projects/bagon/shared/imagenet512/val/n03877845/ILSVRC2012_val_00003804.JPEG,381,6.2252415178809315,0.000998951611109078,0.2429944487955552,0.8228680004919251,0.36722044543286186,42913
1110,/home/projects/bagon/shared/imagenet512/val/n03347037/ILSVRC2012_val_00049415.JPEG,425,9.340400184853934,0.0009983561467379332,0.4052246626391508,0.9551246206246823,0.44595658098341295,42915
1111,/home/projects/bagon/shared/imagenet512/val/n02791270/ILSVRC2012_val_00043032.JPEG,137,33.18339627503883,0.0009951406391337514,0.7035009755144073,0.9788755603146508,0.5628020634771896,42916
1112,/home/projects/bagon/shared/imagenet512/val/n03786901/ILSVRC2012_val_00009935.JPEG,105,6.500513684586622,0.0009885906474664807,0.3267101203223765,0.979803745802868,0.3349648810868239,42918
1113,/home/projects/bagon/shared/imagenet512/val/n02102318/ILSVRC2012_val_00019914.JPEG,600,5.370225364458747,0.0009982370538637042,0.16422394074278543,0.8457879577133168,0.2766774904793139,42923
1114,/home/projects/bagon/shared/imagenet512/val/n02099267/ILSVRC2012_val_00020892.JPEG,492,35.2523404964013,0.0009996660519391298,0.37040283296596543,0.9750854490233007,0.46685208366744624,42936
1115,/home/projects/bagon/shared/imagenet512/val/n03372029/ILSVRC2012_val_00037468.JPEG,28,17.547264082706533,0.0009873997187241912,0.37531661495590846,0.9861864781326015,0.18957446435272263,42941
1116,/home/projects/bagon/shared/imagenet512/val/n04286575/ILSVRC2012_val_00000345.JPEG,88,34.76491099817213,0.0009995469590649009,1.222614445903653,0.955567098324695,0.5141341636216528,42942
1117,/home/projects/bagon/shared/imagenet512/val/n02641379/ILSVRC2012_val_00005915.JPEG,543,30.995786017389037,0.0009991897968575358,0.5133084963818674,0.9332663006604998,0.5928548748148988,42945
1118,/home/projects/bagon/shared/imagenet512/val/n04033995/ILSVRC2012_val_00005752.JPEG,519,19.823067054967396,0.000998594332486391,0.35517716483972084,0.9756717577780003,0.43592779257600245,42946
1119,/home/projects/bagon/shared/imagenet512/val/n03662601/ILSVRC2012_val_00048015.JPEG,342,25.935877887066454,0.0009993088897317648,0.5028234865017098,0.9813640100688861,0.34555520352754143,42961
1120,/home/projects/bagon/shared/imagenet512/val/n04423845/ILSVRC2012_val_00001263.JPEG,303,34.66378805763088,0.0009984752396121621,0.369057138464094,0.9960975328276368,0.2814033695436261,42963
1121,/home/projects/bagon/shared/imagenet512/val/n04033901/ILSVRC2012_val_00009513.JPEG,151,21.999858905444853,0.0009981179609894753,0.397987727736623,0.9975745676196852,0.42292776353398986,42967
1122,/home/projects/bagon/shared/imagenet512/val/n03075370/ILSVRC2012_val_00006660.JPEG,-1,nan,nan,nan,nan,nan,42973
1123,/home/projects/bagon/shared/imagenet512/val/n03124170/ILSVRC2012_val_00009695.JPEG,256,17.185389301623218,0.000996093382127583,0.3212152558601573,nan,0.3803033960815892,42975
1124,/home/projects/bagon/shared/imagenet512/val/n09229709/ILSVRC2012_val_00041112.JPEG,6,24.671869046112988,0.0009696549386717379,0.3558242511679275,0.9944162093866038,0.18549673825790058,42990
1125,/home/projects/bagon/shared/imagenet512/val/n04366367/ILSVRC2012_val_00044144.JPEG,5,14.434994578361511,0.0,37.06386047804515,0.8279632228248042,0.4872287034456064,42997
1126,/home/projects/bagon/shared/imagenet512/val/n04542943/ILSVRC2012_val_00003817.JPEG,6,50.230727672576904,0.0,24.870223447181075,0.9989350205351542,0.45341895930984294,43008
1127,/home/projects/bagon/shared/imagenet512/val/n04370456/ILSVRC2012_val_00025062.JPEG,4,29.735440731048584,0.0,2.813814811213067,0.884425010710433,0.5952929145776503,43022
1128,/home/projects/bagon/shared/imagenet512/val/n02493509/ILSVRC2012_val_00017548.JPEG,502,22.33170707419049,0.0009982370538637042,0.33010871548809273,0.9384564543471978,0.35000300850785604,43024
1129,/home/projects/bagon/shared/imagenet512/val/n01694178/ILSVRC2012_val_00017680.JPEG,500,19.33812396461144,0.000998951611109078,0.28968240382071353,0.9984430353182756,0.24894050565928477,43028
1130,/home/projects/bagon/shared/imagenet512/val/n02948072/ILSVRC2012_val_00043844.JPEG,190,8.873824517708272,0.0009968079393729568,0.3601180183816236,0.7412591832204084,0.49155376134082185,43051
1131,/home/projects/bagon/shared/imagenet512/val/n03347037/ILSVRC2012_val_00048633.JPEG,-1,nan,nan,nan,nan,nan,43052
1132,/home/projects/bagon/shared/imagenet512/val/n03787032/ILSVRC2012_val_00037172.JPEG,199,13.052596991648898,0.000996093382127583,0.2046449636459129,nan,0.40725037378342455,43059
1133,/home/projects/bagon/shared/imagenet512/val/n03908618/ILSVRC2012_val_00002724.JPEG,255,3.8385370371397585,0.0009991897968575358,0.22142139274001962,0.9279049469780702,0.3681907347479091,43070
1134,/home/projects/bagon/shared/imagenet512/val/n03950228/ILSVRC2012_val_00031108.JPEG,740,10.842278246651404,0.0009997851448133588,0.3346506107426506,0.8623404687552214,0.3969433692012447,43082
1135,/home/projects/bagon/shared/imagenet512/val/n01440764/ILSVRC2012_val_00037375.JPEG,655,25.801962705212645,0.0009977606823667884,0.697813489600685,0.42181737185490825,0.4136675875733429,43083
1136,/home/projects/bagon/shared/imagenet512/val/n02808440/ILSVRC2012_val_00030242.JPEG,6,34.91687536239624,0.0,1.6583676276318084,0.9561659544649201,0.48810100553084335,43107
1137,/home/projects/bagon/shared/imagenet512/val/n02704792/ILSVRC2012_val_00000998.JPEG,196,28.57957302161958,0.0009968079393729568,0.36319892848186636,0.9331771526639452,0.4081531128661007,43108
1138,/home/projects/bagon/shared/imagenet512/val/n04599235/ILSVRC2012_val_00020189.JPEG,150,19.178703835583292,0.0009978797752410173,0.698689207464735,0.8351856312242643,0.35566351793947926,43112
1139,/home/projects/bagon/shared/imagenet512/val/n03991062/ILSVRC2012_val_00008277.JPEG,224,13.585287109599449,0.0009968079393729568,0.5039231626151599,0.4025075132229501,0.37468856004630313,43113
1140,/home/projects/bagon/shared/imagenet512/val/n04443257/ILSVRC2012_val_00018548.JPEG,394,50.260427351342514,0.0009974034037441015,0.4956026909133973,0.9985432535958678,0.44737747222900426,43141
1141,/home/projects/bagon/shared/imagenet512/val/n10565667/ILSVRC2012_val_00017491.JPEG,276,9.817568408907391,0.0009968079393729568,0.5205258215927276,0.9083367991832729,0.41309087908139835,43145
1142,/home/projects/bagon/shared/imagenet512/val/n02916936/ILSVRC2012_val_00001043.JPEG,165,10.021530953934416,0.0009950215462595224,0.3865365587659065,0.772268071984522,0.4446152685751389,43148
1143,/home/projects/bagon/shared/imagenet512/val/n02971356/ILSVRC2012_val_00029699.JPEG,330,13.571177769568749,0.0009990707039833069,0.24740357379780287,0.9973473504727228,0.32813131613804697,43158
1144,/home/projects/bagon/shared/imagenet512/val/n03976657/ILSVRC2012_val_00007408.JPEG,277,8.676183224888518,0.0009999042376875877,0.3594615286801265,0.9084374604478734,0.4948966150028529,43185
1145,/home/projects/bagon/shared/imagenet512/val/n03124170/ILSVRC2012_val_00047358.JPEG,-1,nan,nan,nan,nan,nan,43191
1146,/home/projects/bagon/shared/imagenet512/val/n04548362/ILSVRC2012_val_00040243.JPEG,491,20.261843053041957,0.0009983561467379332,0.36636565441342583,nan,0.4875417389081204,43193
1147,/home/projects/bagon/shared/imagenet512/val/n02412080/ILSVRC2012_val_00043956.JPEG,313,16.835586614208296,0.0009975224966183305,0.32680769401694726,0.6794300024172037,0.338238157982264,43203
1148,/home/projects/bagon/shared/imagenet512/val/n02108089/ILSVRC2012_val_00049040.JPEG,251,15.282372590852901,0.000996212475001812,0.24343389334384655,0.9620199701264918,0.23854251449838126,43205
1149,/home/projects/bagon/shared/imagenet512/val/n03642806/ILSVRC2012_val_00024869.JPEG,409,11.67478159465827,0.0009990707039833069,0.3384424959456988,0.8943107738507414,0.3660287315048073,43212
1150,/home/projects/bagon/shared/imagenet512/val/n03877472/ILSVRC2012_val_00017868.JPEG,305,1.715608661645092,0.0009974034037441015,0.0935628823344037,0.16519887619935086,0.355449670941071,43229
1151,/home/projects/bagon/shared/imagenet512/val/n04285008/ILSVRC2012_val_00004868.JPEG,914,6.4614717196673155,0.0009994279826059937,0.19358478455133557,0.7726896597714775,0.41113223206811,43236
1152,/home/projects/bagon/shared/imagenet512/val/n02113624/ILSVRC2012_val_00044258.JPEG,753,34.88195337296929,0.0009993088897317648,0.40880288326890124,0.9641414597073876,0.514021394910737,43242
1153,/home/projects/bagon/shared/imagenet512/val/n03796401/ILSVRC2012_val_00040512.JPEG,-1,nan,nan,nan,nan,nan,43243
1154,/home/projects/bagon/shared/imagenet512/val/n02788148/ILSVRC2012_val_00045260.JPEG,130,4.7781346114352345,0.000995974289253354,0.19132852846608325,nan,0.21928121592500782,43245
1155,/home/projects/bagon/shared/imagenet512/val/n03770439/ILSVRC2012_val_00049078.JPEG,177,23.012494592927396,0.000996212475001812,0.48118627490131016,0.9751162990621094,0.3704910281404,43253
1156,/home/projects/bagon/shared/imagenet512/val/n02799071/ILSVRC2012_val_00037478.JPEG,142,14.733793663792312,0.0009971652179956436,0.39002047917639177,0.9970394938061404,0.4052134797879683,43254
1157,/home/projects/bagon/shared/imagenet512/val/n02804414/ILSVRC2012_val_00023622.JPEG,565,19.676214872510172,0.0009977606823667884,0.3594016570025689,0.9977263796917915,0.34317754195044836,43255
1158,/home/projects/bagon/shared/imagenet512/val/n02106166/ILSVRC2012_val_00007837.JPEG,824,11.369100142270327,0.0009996660519391298,0.3101191353517318,0.9008323031570149,0.40473162737978485,43258
1159,/home/projects/bagon/shared/imagenet512/val/n03216828/ILSVRC2012_val_00035808.JPEG,7,26.14907729625702,0.0,4.956479897134032,0.8361873873986005,0.46260126184040434,43267
1160,/home/projects/bagon/shared/imagenet512/val/n02093428/ILSVRC2012_val_00029242.JPEG,879,41.34786774648819,0.0009995469590649009,0.49079566290612175,0.9969471717865563,0.40007682258134447,43282
1161,/home/projects/bagon/shared/imagenet512/val/n02108915/ILSVRC2012_val_00026283.JPEG,398,30.7149306620704,0.0009993088897317648,0.30308854452300815,0.953956328001549,0.41970573927240784,43290
1162,/home/projects/bagon/shared/imagenet512/val/n01740131/ILSVRC2012_val_00045638.JPEG,255,7.909484985982999,0.0009972843108698726,0.23615938830038954,0.9956097084976917,0.23891223528072403,43291
1163,/home/projects/bagon/shared/imagenet512/val/n02113624/ILSVRC2012_val_00037250.JPEG,36,27.529830414277967,0.0009757286752574146,0.32279144181825037,0.6777822143704368,0.3154036860597059,43307
1164,/home/projects/bagon/shared/imagenet512/val/n03196217/ILSVRC2012_val_00032946.JPEG,338,10.246741108247079,0.0009975224966183305,0.1901376718585668,0.9934309733622464,0.1996743808479474,43309
1165,/home/projects/bagon/shared/imagenet512/val/n02747177/ILSVRC2012_val_00048730.JPEG,-1,nan,nan,nan,nan,nan,43310
1166,/home/projects/bagon/shared/imagenet512/val/n03929855/ILSVRC2012_val_00005773.JPEG,195,48.55584492580965,0.0009991897968575358,0.4646483746466165,nan,0.41884907817046635,43315
1167,/home/projects/bagon/shared/imagenet512/val/n04270147/ILSVRC2012_val_00001587.JPEG,-1,nan,nan,nan,nan,nan,43318
1168,/home/projects/bagon/shared/imagenet512/val/n02102177/ILSVRC2012_val_00043482.JPEG,556,23.030156759778038,0.0009997851448133588,0.3693318655701486,nan,0.4874405452656697,43321
1169,/home/projects/bagon/shared/imagenet512/val/n03476684/ILSVRC2012_val_00037099.JPEG,205,9.805174792883918,0.0009957361035048962,0.3442373359408338,0.9968568309308797,0.3391376407718488,43327
1170,/home/projects/bagon/shared/imagenet512/val/n04026417/ILSVRC2012_val_00018579.JPEG,449,7.8238407807657495,0.0009997851448133588,0.21451662830409915,0.8930695493033823,0.2721081962939539,43342
1171,/home/projects/bagon/shared/imagenet512/val/n02089078/ILSVRC2012_val_00025165.JPEG,571,12.735231720842421,0.0009994279826059937,0.28807254914999275,0.8374036850214107,0.3214018872511748,43349
1172,/home/projects/bagon/shared/imagenet512/val/n02835271/ILSVRC2012_val_00049382.JPEG,364,29.072136875940487,0.000998594332486391,0.4219702348996621,0.978653043049739,0.2630675746806461,43350
1173,/home/projects/bagon/shared/imagenet512/val/n04228054/ILSVRC2012_val_00024735.JPEG,46,44.056670280289836,0.0009897815762087703,1.6937675017666094,0.9890490330681606,0.49613568900065513,43352
1174,/home/projects/bagon/shared/imagenet512/val/n07584110/ILSVRC2012_val_00031301.JPEG,501,11.592508736881427,0.000998594332486391,0.2383989437790856,0.942272404689014,0.3697532040429238,43370
1175,/home/projects/bagon/shared/imagenet512/val/n03770439/ILSVRC2012_val_00017136.JPEG,320,14.366702960105613,0.0009982370538637042,0.3128563923276609,0.9843984735271749,0.3965806491977588,43373
1176,/home/projects/bagon/shared/imagenet512/val/n03710193/ILSVRC2012_val_00047418.JPEG,129,22.151569610694423,0.00099871342536062,0.3225935442403172,0.99779890661239,0.2970299213906442,43374
1177,/home/projects/bagon/shared/imagenet512/val/n12144580/ILSVRC2012_val_00012270.JPEG,974,14.007925799116492,0.0009997851448133588,0.40046681188891325,0.6533837901440772,0.330648902390912,43378
1178,/home/projects/bagon/shared/imagenet512/val/n03832673/ILSVRC2012_val_00025240.JPEG,-1,nan,nan,nan,nan,nan,43383
1179,/home/projects/bagon/shared/imagenet512/val/n04263257/ILSVRC2012_val_00022648.JPEG,240,17.63479568006005,0.0009984752396121621,0.3760472808647789,nan,0.3856452404908305,43385
1180,/home/projects/bagon/shared/imagenet512/val/n03899768/ILSVRC2012_val_00037373.JPEG,14,28.60336960782297,0.0009470268851146102,1.639195861809458,0.9634127735364814,0.5611332447365112,43394
1181,/home/projects/bagon/shared/imagenet512/val/n02879718/ILSVRC2012_val_00027306.JPEG,44,32.220210633124225,0.0009975224966183305,0.510037542708917,0.8353373571230007,0.32318617936278105,43395
1182,/home/projects/bagon/shared/imagenet512/val/n02096051/ILSVRC2012_val_00010461.JPEG,248,46.8195216282038,0.0009954979177564383,0.4235563335966526,0.9962181486268544,0.3927468323418022,43404
1183,/home/projects/bagon/shared/imagenet512/val/n01871265/ILSVRC2012_val_00001358.JPEG,-1,nan,nan,nan,nan,nan,43409
1184,/home/projects/bagon/shared/imagenet512/val/n03000134/ILSVRC2012_val_00026866.JPEG,4,16.588473796844482,0.0,6.385973117346748,nan,0.5455166747211154,43437
1185,/home/projects/bagon/shared/imagenet512/val/n02095889/ILSVRC2012_val_00022642.JPEG,385,15.120237581431866,0.000998832518234849,0.36426384148362556,0.9602652609952249,0.36156503450170885,43441
1186,/home/projects/bagon/shared/imagenet512/val/n03947888/ILSVRC2012_val_00009628.JPEG,309,22.109741937718354,0.0009990707039833069,0.3119519024459874,0.9971602522822004,0.34705416472520556,43454
1187,/home/projects/bagon/shared/imagenet512/val/n02412080/ILSVRC2012_val_00004137.JPEG,76,21.83573073358275,0.000990257947705686,0.25263664548022685,0.7289852948026982,0.15842703754080545,43461
1188,/home/projects/bagon/shared/imagenet512/val/n12144580/ILSVRC2012_val_00048777.JPEG,308,9.728602492832579,0.000998951611109078,0.4187304691993172,0.8896551051566377,0.4476617480549206,43470
1189,/home/projects/bagon/shared/imagenet512/val/n02999410/ILSVRC2012_val_00032940.JPEG,102,36.7628052723594,0.0009997851448133588,0.4567334197404276,0.9987017614548424,0.26011895371830307,43471
1190,/home/projects/bagon/shared/imagenet512/val/n03658185/ILSVRC2012_val_00031590.JPEG,452,14.183676678454503,0.0009978797752410173,0.28342353749032917,0.9310632827388534,0.30356388323008265,43479
1191,/home/projects/bagon/shared/imagenet512/val/n13040303/ILSVRC2012_val_00024280.JPEG,352,30.757495559984818,0.0009978797752410173,0.3047028309536095,0.9833592912216454,0.38294949830136193,43515
1192,/home/projects/bagon/shared/imagenet512/val/n04557648/ILSVRC2012_val_00027613.JPEG,101,23.75673262984492,0.0009946642676368356,0.3446276378561689,0.9947274659916581,0.29226821089046323,43524
1193,/home/projects/bagon/shared/imagenet512/val/n04179913/ILSVRC2012_val_00010108.JPEG,137,20.49888371687848,0.0009975224966183305,0.29103261253453455,0.9955826169176825,0.18576447389117923,43538
1194,/home/projects/bagon/shared/imagenet512/val/n02268443/ILSVRC2012_val_00008001.JPEG,398,4.209134937496856,0.0009979988681152463,0.1600593571266546,0.7921983405941313,0.2798025495939789,43540
1195,/home/projects/bagon/shared/imagenet512/val/n02892767/ILSVRC2012_val_00028949.JPEG,332,28.627035590005107,0.0009972843108698726,0.5181268462783715,0.9663631046618795,0.46722841319931957,43547
1196,/home/projects/bagon/shared/imagenet512/val/n01443537/ILSVRC2012_val_00046915.JPEG,584,14.68530367128551,0.0009994279826059937,0.29436308488380647,0.7333011858675713,0.44995392644264753,43555
1197,/home/projects/bagon/shared/imagenet512/val/n04204347/ILSVRC2012_val_00036714.JPEG,481,5.809436204959638,0.0009977606823667884,0.19741865760649724,0.7903578862451076,0.3794351558647554,43556
1198,/home/projects/bagon/shared/imagenet512/val/n02894605/ILSVRC2012_val_00017544.JPEG,285,1.622212645597756,0.000996212475001812,0.08159205823898869,0.20041043783716767,0.19595557831611282,43557
1199,/home/projects/bagon/shared/imagenet512/val/n03476684/ILSVRC2012_val_00046439.JPEG,114,13.1306514457101,0.0009920443408191204,0.27770392307557945,0.9973616432366116,0.4289297183414774,43558
1200,/home/projects/bagon/shared/imagenet512/val/n01682714/ILSVRC2012_val_00021069.JPEG,857,12.734753861208446,0.0009991897968575358,0.30152253033802734,0.9469858182176191,0.3383597594880563,43566
1201,/home/projects/bagon/shared/imagenet512/val/n01756291/ILSVRC2012_val_00025782.JPEG,1284,15.284581342944875,0.0009997851448133588,0.2788738601342466,0.7503690556980739,0.3104235314838275,43573
1202,/home/projects/bagon/shared/imagenet512/val/n02939185/ILSVRC2012_val_00049223.JPEG,184,26.001682909438387,0.0009981179609894753,0.33727462549117554,0.9922454272344792,0.2560092098602955,43578
1203,/home/projects/bagon/shared/imagenet512/val/n02963159/ILSVRC2012_val_00000061.JPEG,597,10.397803442552686,0.0009995469590649009,0.42165224037705645,0.8365472603597754,0.3897285471535062,43580
1204,/home/projects/bagon/shared/imagenet512/val/n03658185/ILSVRC2012_val_00024927.JPEG,314,10.743211988126859,0.0009981179609894753,0.23921994622766568,0.7655369771000958,0.36083854472496246,43588
1205,/home/projects/bagon/shared/imagenet512/val/n04435653/ILSVRC2012_val_00000914.JPEG,190,8.651324079255573,0.000996331567876041,0.1755605279823242,0.983335885287321,0.23704062208687524,43597
1206,/home/projects/bagon/shared/imagenet512/val/n02113624/ILSVRC2012_val_00034297.JPEG,31,47.6302218104247,0.0009862087899819016,1.8257305857506025,0.9664886848197249,0.41701893617681196,43617
1207,/home/projects/bagon/shared/imagenet512/val/n13054560/ILSVRC2012_val_00021491.JPEG,173,48.12733003636822,0.0009944260818883777,0.4201150087705349,0.6917528330340875,0.4445707991282616,43632
1208,/home/projects/bagon/shared/imagenet512/val/n02415577/ILSVRC2012_val_00001279.JPEG,546,5.036024936242029,0.0009999042376875877,0.15113097927846428,0.5779936899154315,0.17590851905198246,43636
1209,/home/projects/bagon/shared/imagenet512/val/n01770393/ILSVRC2012_val_00027026.JPEG,8,196.91261911392212,0.0,7.602133216980961,0.9981304646732564,0.23229655065407487,43637
1210,/home/projects/bagon/shared/imagenet512/val/n02797295/ILSVRC2012_val_00037991.JPEG,6,28.672135680913925,0.0,0.43655007318449246,0.9964562721537397,0.28523094921851755,43638
1211,/home/projects/bagon/shared/imagenet512/val/n03063599/ILSVRC2012_val_00019645.JPEG,382,6.27741742588114,0.0009975224966183305,0.1775623219868526,0.8034370085388178,0.30810725268089423,43648
1212,/home/projects/bagon/shared/imagenet512/val/n04522168/ILSVRC2012_val_00047178.JPEG,310,12.457733571180142,0.000996331567876041,0.25641770665321084,0.9473161608731776,0.3206566550605835,43649
1213,/home/projects/bagon/shared/imagenet512/val/n03793489/ILSVRC2012_val_00031394.JPEG,216,19.953391405870207,0.0009919252479448915,0.4759059662287639,0.9864850018838579,0.3881508485973586,43655
1214,/home/projects/bagon/shared/imagenet512/val/n03223299/ILSVRC2012_val_00027710.JPEG,212,10.147965031675994,0.0009968079393729568,0.3136157186322214,0.9607844687281497,0.2766576462187015,43658
1215,/home/projects/bagon/shared/imagenet512/val/n02909870/ILSVRC2012_val_00008396.JPEG,613,6.372572705382481,0.0009999042376875877,0.23044971428119806,0.8355681454286004,0.32346959628578065,43659
1216,/home/projects/bagon/shared/imagenet512/val/n03970156/ILSVRC2012_val_00024002.JPEG,136,30.210186349228024,0.000996212475001812,0.323571881556886,0.9967184139946592,0.26313080134660943,43666
1217,/home/projects/bagon/shared/imagenet512/val/n03089624/ILSVRC2012_val_00036515.JPEG,259,9.39785361639224,0.0009976415894925594,0.16383057306191615,0.6696782546658666,0.2934232999487005,43675
1218,/home/projects/bagon/shared/imagenet512/val/n02093991/ILSVRC2012_val_00029419.JPEG,5,21.35940146446228,0.0,0.6534249403713246,0.9770103857059615,0.513425307802591,43676
1219,/home/projects/bagon/shared/imagenet512/val/n03899768/ILSVRC2012_val_00001998.JPEG,234,10.19064230332151,0.0009994279826059937,0.3147030230852448,0.3555361102423205,0.23774075289663454,43686
1220,/home/projects/bagon/shared/imagenet512/val/n02823750/ILSVRC2012_val_00042562.JPEG,555,6.969660971662961,0.0009978797752410173,0.2061126787556696,0.7079750875807206,0.35528142812507024,43688
1221,/home/projects/bagon/shared/imagenet512/val/n03584829/ILSVRC2012_val_00044371.JPEG,-1,nan,nan,nan,nan,nan,43701
1222,/home/projects/bagon/shared/imagenet512/val/n02825657/ILSVRC2012_val_00038666.JPEG,115,13.179763617110439,0.0009993088897317648,0.26270820103320064,nan,0.2868897357918344,43708
1223,/home/projects/bagon/shared/imagenet512/val/n02769748/ILSVRC2012_val_00005892.JPEG,505,10.674202502239496,0.0009984752396121621,0.29761232153519024,0.9298939923255086,0.41169357020213837,43709
1224,/home/projects/bagon/shared/imagenet512/val/n04597913/ILSVRC2012_val_00002685.JPEG,314,6.700112184043974,0.0009969270322471857,0.32913029150010853,0.8996833929476571,0.46277833996224016,43715
1225,/home/projects/bagon/shared/imagenet512/val/n02325366/ILSVRC2012_val_00004300.JPEG,571,8.856641558930278,0.0009979988681152463,0.2257727350801228,0.8886975115918068,0.22408040287633482,43716
1226,/home/projects/bagon/shared/imagenet512/val/n02098413/ILSVRC2012_val_00039807.JPEG,711,8.065698248217814,0.000998951611109078,0.18815135845057704,0.8933420643440119,0.34889516790109243,43722
1227,/home/projects/bagon/shared/imagenet512/val/n04228054/ILSVRC2012_val_00018348.JPEG,156,13.463814905495383,0.0009982370538637042,0.20324218401383018,0.875293909474056,0.3702296280027308,43728
1228,/home/projects/bagon/shared/imagenet512/val/n03388549/ILSVRC2012_val_00016373.JPEG,6,26.55789589881897,0.0,0.5273081003681759,0.9988729113473624,0.28142176575493405,43736
1229,/home/projects/bagon/shared/imagenet512/val/n03623198/ILSVRC2012_val_00039114.JPEG,80,19.115659380098805,0.0009946642676368356,0.33661966949720684,0.9959321446268868,0.2310983128745917,43759
1230,/home/projects/bagon/shared/imagenet512/val/n03249569/ILSVRC2012_val_00008797.JPEG,366,7.333132922882214,0.0009996660519391298,0.2223368500199632,0.8577706407170067,0.3732750537427978,43760
1231,/home/projects/bagon/shared/imagenet512/val/n01744401/ILSVRC2012_val_00046696.JPEG,319,12.423592819017358,0.0009981179609894753,0.36318214361835216,0.8627450862720342,0.2672095992446167,43765
1232,/home/projects/bagon/shared/imagenet512/val/n03982430/ILSVRC2012_val_00019726.JPEG,4,61.68376064300537,0.0,4.146403990092666,0.9980876718045233,0.5296952238514145,43771
1233,/home/projects/bagon/shared/imagenet512/val/n02808440/ILSVRC2012_val_00036711.JPEG,790,19.568957496783696,0.0009993088897317648,0.3247389442672317,0.9079377637444251,0.4504977868169062,43774
1234,/home/projects/bagon/shared/imagenet512/val/n04552348/ILSVRC2012_val_00019254.JPEG,370,7.481568566174246,0.0009993088897317648,0.2758632319575514,0.705861380235894,0.27572943542459055,43779
1235,/home/projects/bagon/shared/imagenet512/val/n02769748/ILSVRC2012_val_00011134.JPEG,264,33.445585828623734,0.0009964506607502699,0.38834531742624195,0.9759448519925789,0.36406348834035723,43783
1236,/home/projects/bagon/shared/imagenet512/val/n03249569/ILSVRC2012_val_00004534.JPEG,216,14.79651636746712,0.0009969270322471857,0.284581011780526,0.9785070054747691,0.27879784033141086,43785
1237,/home/projects/bagon/shared/imagenet512/val/n02093859/ILSVRC2012_val_00029435.JPEG,319,37.49770193081349,0.0009974034037441015,0.508768975270576,0.9968232601196116,0.5563244938842057,43792
1238,/home/projects/bagon/shared/imagenet512/val/n02356798/ILSVRC2012_val_00042187.JPEG,194,8.295214340905659,0.0009964506607502699,0.27050884488300997,0.9660703179623032,0.13390029032275216,43799
1239,/home/projects/bagon/shared/imagenet512/val/n04116512/ILSVRC2012_val_00037439.JPEG,77,8.661676153540611,0.0009891861118376255,0.31602387644563,0.9648729410703021,0.2654371379794655,43805
1240,/home/projects/bagon/shared/imagenet512/val/n01740131/ILSVRC2012_val_00045858.JPEG,161,10.165734481066465,0.00099323526956141,0.3095909725310118,0.9703892085024427,0.1721660520128187,43815
1241,/home/projects/bagon/shared/imagenet512/val/n02823750/ILSVRC2012_val_00013745.JPEG,274,25.86584837490227,0.0009990707039833069,0.5226729239560066,0.9734689691816341,0.4116889914995626,43819
1242,/home/projects/bagon/shared/imagenet512/val/n02085620/ILSVRC2012_val_00023886.JPEG,163,55.367314996779896,0.0009947833605110645,0.3680484835599465,0.8323199298461894,0.3005144519407788,43825
1243,/home/projects/bagon/shared/imagenet512/val/n02699494/ILSVRC2012_val_00045021.JPEG,731,15.410271083703265,0.0009996660519391298,0.22607283860243782,0.8528597071533643,0.23384421704599317,43831
1244,/home/projects/bagon/shared/imagenet512/val/n09193705/ILSVRC2012_val_00034257.JPEG,610,27.457334149745293,0.0009995469590649009,0.42145985833989624,0.8981983412023135,0.5822377502296806,43837
1245,/home/projects/bagon/shared/imagenet512/val/n03127925/ILSVRC2012_val_00014628.JPEG,226,16.453591513680294,0.0009969270322471857,0.36132667640902655,0.9879422455027191,0.42341469457169556,43842
1246,/home/projects/bagon/shared/imagenet512/val/n04264628/ILSVRC2012_val_00032326.JPEG,6,577.954359292984,0.0,204.5106658338871,0.9913828131458122,0.5777098711564705,43853
1247,/home/projects/bagon/shared/imagenet512/val/n03259280/ILSVRC2012_val_00044281.JPEG,431,38.70179751934484,0.000998594332486391,0.4634365959394922,0.9963642695266078,0.49288408318379895,43854
1248,/home/projects/bagon/shared/imagenet512/val/n02447366/ILSVRC2012_val_00037899.JPEG,91,35.3874981070403,0.0009916870621964335,0.5121094757804325,0.9825664709402847,0.4694836583178119,43863
1249,/home/projects/bagon/shared/imagenet512/val/n04154565/ILSVRC2012_val_00045986.JPEG,4,688.1889944076538,0.0,26.18143960433496,0.838443154707498,0.6368701288931911,43872
1250,/home/projects/bagon/shared/imagenet512/val/n01687978/ILSVRC2012_val_00035717.JPEG,298,19.162701853201725,0.0009991897968575358,0.2639868077386215,0.9872072053307014,0.305391079644988,43878
1251,/home/projects/bagon/shared/imagenet512/val/n04596742/ILSVRC2012_val_00049550.JPEG,4,19.400339603424072,0.0,16.47528089771882,0.9880884909263121,0.6249267185653531,43884
1252,/home/projects/bagon/shared/imagenet512/val/n03782006/ILSVRC2012_val_00009529.JPEG,512,19.680438916315325,0.000998832518234849,0.41148195691451966,0.8840532872484957,0.4437271188174703,43885
1253,/home/projects/bagon/shared/imagenet512/val/n04254777/ILSVRC2012_val_00039044.JPEG,292,27.96528660180047,0.0009972843108698726,0.22749712586906393,0.998533269188165,0.21999663499374741,43893
1254,/home/projects/bagon/shared/imagenet512/val/n04476259/ILSVRC2012_val_00023818.JPEG,4,40.09597158432007,0.0,9.869131183506308,0.9632919087080138,0.5743241335285821,43906
1255,/home/projects/bagon/shared/imagenet512/val/n04418357/ILSVRC2012_val_00030589.JPEG,266,3.9590127705596387,0.000998951611109078,0.32724782291920806,0.9144590117984815,0.4291665557734443,43908
1256,/home/projects/bagon/shared/imagenet512/val/n03866082/ILSVRC2012_val_00022544.JPEG,1096,14.077241253340617,0.000998832518234849,0.24923702462927336,0.8596251465385346,0.2933025652549788,43913
1257,/home/projects/bagon/shared/imagenet512/val/n01753488/ILSVRC2012_val_00048250.JPEG,229,16.580780618125573,0.000996093382127583,0.34836484154917524,0.9968511128540162,0.277093449434466,43915
1258,/home/projects/bagon/shared/imagenet512/val/n04326547/ILSVRC2012_val_00018620.JPEG,297,15.478205512976274,0.0009972843108698726,0.30273589340485363,0.9386496306227954,0.2629311101156832,43916
1259,/home/projects/bagon/shared/imagenet512/val/n04501370/ILSVRC2012_val_00007173.JPEG,344,12.611390754813328,0.000998951611109078,0.2504410529907416,0.9891628115034383,0.267576596653606,43925
1260,/home/projects/bagon/shared/imagenet512/val/n03942813/ILSVRC2012_val_00041336.JPEG,149,15.580416792654432,0.0009947833605110645,0.32898133391171963,0.9933546566149364,0.35479440219557273,43927
1261,/home/projects/bagon/shared/imagenet512/val/n03146219/ILSVRC2012_val_00023873.JPEG,-1,nan,nan,nan,nan,nan,43930
1262,/home/projects/bagon/shared/imagenet512/val/n03761084/ILSVRC2012_val_00020448.JPEG,206,13.167920137988403,0.0009947833605110645,0.22485488056919464,nan,0.24794812944737524,43946
1263,/home/projects/bagon/shared/imagenet512/val/n01740131/ILSVRC2012_val_00037175.JPEG,270,8.069173281895928,0.0009972843108698726,0.16499977706851437,0.9638298798278245,0.2496591347243748,43948
1264,/home/projects/bagon/shared/imagenet512/val/n02098105/ILSVRC2012_val_00015135.JPEG,234,5.381935144541785,0.0009976415894925594,0.22598641046047727,0.8057363694670139,0.2950797020102477,43954
1265,/home/projects/bagon/shared/imagenet512/val/n03998194/ILSVRC2012_val_00007273.JPEG,77,11.917501523974352,0.0009908534120768309,0.27677039555210126,0.9907745240220085,0.25068342532751414,43955
1266,/home/projects/bagon/shared/imagenet512/val/n03729826/ILSVRC2012_val_00032696.JPEG,263,12.225895673618652,0.000995974289253354,0.4226858386724559,0.963087230345862,0.40939658065561557,43957
1267,/home/projects/bagon/shared/imagenet512/val/n07930864/ILSVRC2012_val_00043897.JPEG,7,28.875601768493652,0.0,4.561029937797393,0.9853470390242232,0.5089416870825823,43971
1268,/home/projects/bagon/shared/imagenet512/val/n04456115/ILSVRC2012_val_00005671.JPEG,5,178.75267601013184,0.0,16.539939664920738,0.9987233975938712,0.5827001779496018,43987
1269,/home/projects/bagon/shared/imagenet512/val/n01756291/ILSVRC2012_val_00040054.JPEG,820,45.98620202485472,0.0009983561467379332,0.3911213766412592,0.9964733411930964,0.391521576298963,43996
1270,/home/projects/bagon/shared/imagenet512/val/n02096177/ILSVRC2012_val_00022682.JPEG,-1,nan,nan,nan,nan,nan,43999
1271,/home/projects/bagon/shared/imagenet512/val/n03481172/ILSVRC2012_val_00020721.JPEG,200,26.206603059195913,0.0009969270322471857,0.23555933397267564,nan,0.22909048203526727,44000
1272,/home/projects/bagon/shared/imagenet512/val/n03871628/ILSVRC2012_val_00045375.JPEG,192,5.3424247244838625,0.0009995469590649009,0.16528867145351908,0.9854836607369258,0.215190324962223,44006
1273,/home/projects/bagon/shared/imagenet512/val/n01773549/ILSVRC2012_val_00013797.JPEG,242,39.20104161906056,0.0009968079393729568,0.4615434626388478,0.8574998029878785,0.3829556525582237,44011
1274,/home/projects/bagon/shared/imagenet512/val/n04265275/ILSVRC2012_val_00028508.JPEG,158,7.381281791487709,0.0009964506607502699,0.3318640476278862,0.8179239862474332,0.28739827688253594,44012
1275,/home/projects/bagon/shared/imagenet512/val/n02104029/ILSVRC2012_val_00020132.JPEG,7,91.55859327316284,0.0,9.262189677449374,0.9957990392626488,0.6114156835891974,44016
1276,/home/projects/bagon/shared/imagenet512/val/n03075370/ILSVRC2012_val_00038524.JPEG,4,601.4662742614746,0.0,23.676110412167024,0.9968716459392856,0.4935022219308035,44028
1277,/home/projects/bagon/shared/imagenet512/val/n10565667/ILSVRC2012_val_00022622.JPEG,262,10.869248893577605,0.0009978797752410173,0.2614403664959377,0.9594378095952742,0.36060468404863993,44030
1278,/home/projects/bagon/shared/imagenet512/val/n07711569/ILSVRC2012_val_00042025.JPEG,95,34.842088214703836,0.0009972843108698726,0.4324149839002196,0.9744596819846365,0.4692151808685418,44031
1279,/home/projects/bagon/shared/imagenet512/val/n03400231/ILSVRC2012_val_00000516.JPEG,210,47.65877022710629,0.0009971652179956436,0.5366952017062085,0.9974597759428341,0.3500848465939078,44044
1280,/home/projects/bagon/shared/imagenet512/val/n04376876/ILSVRC2012_val_00027716.JPEG,300,1.524559412151575,0.0009976415894925594,0.097632836572573,0.3891038583086643,0.27768572343856,44052
1281,/home/projects/bagon/shared/imagenet512/val/n02123045/ILSVRC2012_val_00005358.JPEG,410,6.189819855615497,0.0009990707039833069,0.1724358357718278,0.8344630248139039,0.2512423046006016,44063
1282,/home/projects/bagon/shared/imagenet512/val/n02795169/ILSVRC2012_val_00002986.JPEG,337,9.717021910706535,0.0009979988681152463,0.25684989666274816,0.9412255283330719,0.26736275565698125,44065
1283,/home/projects/bagon/shared/imagenet512/val/n03982430/ILSVRC2012_val_00033709.JPEG,387,13.755963037256151,0.0009995469590649009,0.396327039237062,0.9861028031467429,0.5638470846683331,44072
1284,/home/projects/bagon/shared/imagenet512/val/n04428191/ILSVRC2012_val_00036974.JPEG,224,14.860843814210966,0.0009976415894925594,0.31692269538315154,0.8629169825165414,0.3797103500989716,44080
1285,/home/projects/bagon/shared/imagenet512/val/n02892767/ILSVRC2012_val_00003067.JPEG,392,9.044869649922475,0.0009991897968575358,0.2906234517295085,0.8064554776379447,0.3266063860376421,44092
1286,/home/projects/bagon/shared/imagenet512/val/n03995372/ILSVRC2012_val_00021148.JPEG,98,21.226987943053246,0.0009999042376875877,0.39088490918934077,0.9965018094844877,0.28496666481805505,44095
1287,/home/projects/bagon/shared/imagenet512/val/n03814639/ILSVRC2012_val_00004297.JPEG,71,59.13050658768043,0.0009966888464987278,0.5193108397050135,0.9980509881469279,0.2960382911946612,44098
1288,/home/projects/bagon/shared/imagenet512/val/n04525038/ILSVRC2012_val_00044175.JPEG,227,12.2167330076918,0.0009965697536244988,0.31175233541106073,0.9894594659365863,0.35703443705429916,44100
1289,/home/projects/bagon/shared/imagenet512/val/n02493509/ILSVRC2012_val_00010663.JPEG,336,47.06741157209035,0.0009983561467379332,1.4738890767450905,0.98438451802582,0.6158738896650517,44103
1290,/home/projects/bagon/shared/imagenet512/val/n03126707/ILSVRC2012_val_00035122.JPEG,60,21.727696203277446,0.0009919252479448915,0.5565685350397295,0.9626736595638021,0.5633774865720335,44104
1291,/home/projects/bagon/shared/imagenet512/val/n03014705/ILSVRC2012_val_00018061.JPEG,123,24.905167024000548,0.0009934734553098679,0.4483773009523914,0.975209208289665,0.3992568471983976,44111
1292,/home/projects/bagon/shared/imagenet512/val/n07590611/ILSVRC2012_val_00005941.JPEG,575,21.983930938644335,0.0009981179609894753,0.2734901814244659,0.8278188960939608,0.45797463740145516,44127
1293,/home/projects/bagon/shared/imagenet512/val/n03476684/ILSVRC2012_val_00010530.JPEG,-1,nan,nan,nan,nan,nan,44130
1294,/home/projects/bagon/shared/imagenet512/val/n04004767/ILSVRC2012_val_00030755.JPEG,54,31.227445276919752,0.0009991897968575358,0.3199141352344763,nan,0.3645668994436225,44146
1295,/home/projects/bagon/shared/imagenet512/val/n07745940/ILSVRC2012_val_00012371.JPEG,265,2.7257556009572,0.0009981179609894753,0.12113033438938457,0.6947737081768296,0.19009788443817421,44154
1296,/home/projects/bagon/shared/imagenet512/val/n02834397/ILSVRC2012_val_00003192.JPEG,163,35.913985067396425,0.0009922825265675783,0.4839273634086897,0.9935348934582493,0.4210503642972524,44155
1297,/home/projects/bagon/shared/imagenet512/val/n01560419/ILSVRC2012_val_00011267.JPEG,368,12.935203517903574,0.0009999042376875877,0.18562210869637608,0.9887249776766971,0.22619651166781435,44180
1298,/home/projects/bagon/shared/imagenet512/val/n03721384/ILSVRC2012_val_00023191.JPEG,579,9.420825046021491,0.000996331567876041,0.4138743928839741,0.9900602842013569,0.3208491542073267,44185
1299,/home/projects/bagon/shared/imagenet512/val/n03710721/ILSVRC2012_val_00028574.JPEG,816,9.362743083271198,0.0009994279826059937,0.2646868697546729,0.7083464384743493,0.354650163017994,44204
1300,/home/projects/bagon/shared/imagenet512/val/n03045698/ILSVRC2012_val_00025105.JPEG,245,4.777603805763647,0.0009969270322471857,0.21208268764096494,0.9487161533794841,0.21002854376493546,44207
1301,/home/projects/bagon/shared/imagenet512/val/n03345487/ILSVRC2012_val_00025134.JPEG,222,9.137527837534435,0.0009993088897317648,0.3053430431370437,0.9063001243950318,0.2592999455844,44208
1302,/home/projects/bagon/shared/imagenet512/val/n02786058/ILSVRC2012_val_00036161.JPEG,111,18.48598317266442,0.000998594332486391,0.33934876756891935,0.9065920148417878,0.5134807865304817,44211
1303,/home/projects/bagon/shared/imagenet512/val/n02837789/ILSVRC2012_val_00005005.JPEG,1058,16.76258898328524,0.0009997851448133588,0.3477913015083283,0.9548676163752486,0.2525642682389029,44217
1304,/home/projects/bagon/shared/imagenet512/val/n02699494/ILSVRC2012_val_00016040.JPEG,8,80.6998929977417,0.0,4.815008520839567,0.9952331721924305,0.4862208405185722,44221
1305,/home/projects/bagon/shared/imagenet512/val/n03160309/ILSVRC2012_val_00035931.JPEG,411,18.895826768362895,0.00099871342536062,0.5675223059598571,0.9079072390408159,0.5205294112349872,44253
1306,/home/projects/bagon/shared/imagenet512/val/n02134084/ILSVRC2012_val_00017605.JPEG,5,627.909595489502,0.0,73.47441965467681,0.8981375091825359,0.5722027186182554,44261
1307,/home/projects/bagon/shared/imagenet512/val/n01514668/ILSVRC2012_val_00003936.JPEG,6,35.47387886047363,0.0,1.0660861102223447,0.9990344370776095,0.6238457096954964,44262
1308,/home/projects/bagon/shared/imagenet512/val/n02704792/ILSVRC2012_val_00028979.JPEG,133,13.29913307307288,0.0009993088897317648,0.3571215195630895,0.9664960900459948,0.3642992912751317,44267
1309,/home/projects/bagon/shared/imagenet512/val/n02988304/ILSVRC2012_val_00038058.JPEG,530,22.145608432707377,0.00099871342536062,0.29854656296871973,0.9745317758389827,0.45293297833218943,44274
1310,/home/projects/bagon/shared/imagenet512/val/n03126707/ILSVRC2012_val_00022837.JPEG,185,15.161606972455047,0.0009996660519391298,0.3554597578639851,0.9871170986132074,0.376769854601295,44284
1311,/home/projects/bagon/shared/imagenet512/val/n02115641/ILSVRC2012_val_00033743.JPEG,317,5.278478868771344,0.0009979988681152463,0.17290413012182745,0.9451733821606566,0.24566910815379128,44289
1312,/home/projects/bagon/shared/imagenet512/val/n04141975/ILSVRC2012_val_00013746.JPEG,78,44.24547643016558,0.0009899006690829992,0.48964545806588994,0.996883477278677,0.38570316452366615,44301
1313,/home/projects/bagon/shared/imagenet512/val/n09332890/ILSVRC2012_val_00012936.JPEG,366,8.218125942046754,0.00099871342536062,0.2263986937458473,0.6359810942284999,0.2677737019559646,44316
1314,/home/projects/bagon/shared/imagenet512/val/n02066245/ILSVRC2012_val_00034218.JPEG,155,17.401005690568127,0.0009997851448133588,0.42477293453544474,0.998154957892437,0.406058910792214,44318
1315,/home/projects/bagon/shared/imagenet512/val/n03196217/ILSVRC2012_val_00025849.JPEG,-1,nan,nan,nan,nan,nan,44328
1316,/home/projects/bagon/shared/imagenet512/val/n01737021/ILSVRC2012_val_00004182.JPEG,396,4.703490029089153,0.0009991897968575358,0.1712063261505858,nan,0.19313802299227795,44334
1317,/home/projects/bagon/shared/imagenet512/val/n03876231/ILSVRC2012_val_00018290.JPEG,203,20.820589889073744,0.0009957361035048962,0.29951714302745186,0.9966795422641459,0.40206755363934943,44354
1318,/home/projects/bagon/shared/imagenet512/val/n04118538/ILSVRC2012_val_00008802.JPEG,223,19.137535438290797,0.0009949024533852935,0.34612655050480284,0.9962994326366156,0.453211035333555,44355
1319,/home/projects/bagon/shared/imagenet512/val/n03781244/ILSVRC2012_val_00011838.JPEG,295,46.12294874119107,0.0009995469590649009,0.3526945324494285,0.9814242913128451,0.3287431796145627,44359
1320,/home/projects/bagon/shared/imagenet512/val/n02113712/ILSVRC2012_val_00002460.JPEG,756,10.054805123014376,0.0009996660519391298,0.21176848461707312,0.8168088172059733,0.28123135139398536,44364
1321,/home/projects/bagon/shared/imagenet512/val/n02233338/ILSVRC2012_val_00036832.JPEG,-1,nan,nan,nan,nan,nan,44368
1322,/home/projects/bagon/shared/imagenet512/val/n04525038/ILSVRC2012_val_00013636.JPEG,4,347.06612062454224,0.0,28.064942960319502,nan,0.6466651298932543,44369
1323,/home/projects/bagon/shared/imagenet512/val/n02807133/ILSVRC2012_val_00014375.JPEG,295,4.150214032968506,0.0009956170106306672,0.16316379908334816,0.8862182217692209,0.1893847506622407,44374
1324,/home/projects/bagon/shared/imagenet512/val/n04417672/ILSVRC2012_val_00037701.JPEG,79,33.718924405402504,0.000992877990938723,0.5541846714706945,0.522231459174561,0.40339786345180395,44382
1325,/home/projects/bagon/shared/imagenet512/val/n04536866/ILSVRC2012_val_00016034.JPEG,244,19.776184774935246,0.0009966888464987278,0.38152142600853245,0.9658879428670686,0.34653736820420844,44417
1326,/home/projects/bagon/shared/imagenet512/val/n03902125/ILSVRC2012_val_00010969.JPEG,-1,nan,nan,nan,nan,nan,44427
1327,/home/projects/bagon/shared/imagenet512/val/n04542943/ILSVRC2012_val_00021295.JPEG,-1,nan,nan,nan,nan,nan,44446
1328,/home/projects/bagon/shared/imagenet512/val/n02974003/ILSVRC2012_val_00000085.JPEG,227,45.38875295314938,0.0009939497103914618,0.5736106183950328,nan,0.5238736048417731,44454
1329,/home/projects/bagon/shared/imagenet512/val/n03133878/ILSVRC2012_val_00020891.JPEG,5,29.691165447235107,0.0,1.1552050238146632,0.9912221007440605,0.4925048488593935,44457
1330,/home/projects/bagon/shared/imagenet512/val/n04507155/ILSVRC2012_val_00048492.JPEG,108,41.82996659679338,0.0009991897968575358,0.38781454448084224,0.9801872181824867,0.39465267406361015,44464
1331,/home/projects/bagon/shared/imagenet512/val/n02226429/ILSVRC2012_val_00007589.JPEG,563,7.979362991056405,0.000998951611109078,0.22903014919522574,0.7539349943194381,0.19469993382580633,44467
1332,/home/projects/bagon/shared/imagenet512/val/n02804610/ILSVRC2012_val_00016450.JPEG,209,0.7718088123947382,0.0009996660519391298,0.05620484635020745,0.09633488529404839,0.26867193407179746,44474
1333,/home/projects/bagon/shared/imagenet512/val/n02927161/ILSVRC2012_val_00002058.JPEG,227,19.483770150574856,0.0009979988681152463,0.3216677151298212,0.5456786931516786,0.12989454825856284,44475
1334,/home/projects/bagon/shared/imagenet512/val/n04127249/ILSVRC2012_val_00020871.JPEG,348,22.617328833322972,0.00099871342536062,0.49192170331073326,0.9830658321662326,0.46102229206693374,44484
1335,/home/projects/bagon/shared/imagenet512/val/n02095570/ILSVRC2012_val_00044354.JPEG,614,36.92151840648148,0.0009999042376875877,0.3828383018679494,0.9942476292057073,0.3839358478068494,44485
1336,/home/projects/bagon/shared/imagenet512/val/n02109961/ILSVRC2012_val_00012657.JPEG,5,20.050766944885254,0.0,1.0647493333159135,0.9843070629836399,0.3718364450799351,44490
1337,/home/projects/bagon/shared/imagenet512/val/n03146219/ILSVRC2012_val_00021827.JPEG,875,25.31170827324968,0.0009983561467379332,0.4559455233187394,0.9813051066300778,0.4872605362254574,44496
1338,/home/projects/bagon/shared/imagenet512/val/n01770081/ILSVRC2012_val_00020462.JPEG,139,12.592181697604246,0.000996212475001812,0.2509561868150992,0.9666418148108046,0.34679868523020074,44499
1339,/home/projects/bagon/shared/imagenet512/val/n09428293/ILSVRC2012_val_00008791.JPEG,6,997.5581963062286,0.0,50.37570411039398,0.8919495193331298,0.6149408741093246,44500
1340,/home/projects/bagon/shared/imagenet512/val/n03958227/ILSVRC2012_val_00042880.JPEG,163,18.439568088855594,0.0009999042376875877,0.23679911094244566,0.9969796460162978,0.23545307969555362,44503
1341,/home/projects/bagon/shared/imagenet512/val/n04325704/ILSVRC2012_val_00027092.JPEG,6,35.47085905075073,0.0,1.3684350751736714,0.9840178015935873,0.07919642563862989,44519
1342,/home/projects/bagon/shared/imagenet512/val/n04487394/ILSVRC2012_val_00045716.JPEG,572,49.27411941764876,0.0009997851448133588,0.6161721421497799,0.996530043188848,0.4756895091281101,44522
1343,/home/projects/bagon/shared/imagenet512/val/n02481823/ILSVRC2012_val_00001546.JPEG,6,28.1501202583313,0.0,0.5709930048776735,0.9850230105797104,0.43441979690749716,44525
1344,/home/projects/bagon/shared/imagenet512/val/n03657121/ILSVRC2012_val_00029488.JPEG,322,7.363492343807593,0.0009990707039833069,0.14989463691466862,0.9274730303731211,0.21166628676926802,44528
1345,/home/projects/bagon/shared/imagenet512/val/n03770679/ILSVRC2012_val_00016431.JPEG,261,17.206542779924348,0.000995974289253354,0.3257818759391559,0.9775671353063423,0.2554511145560596,44544
1346,/home/projects/bagon/shared/imagenet512/val/n07584110/ILSVRC2012_val_00040476.JPEG,183,9.941633956623264,0.0009972843108698726,0.33698074915172893,0.7037166963064589,0.40333385011663586,44547
1347,/home/projects/bagon/shared/imagenet512/val/n04417672/ILSVRC2012_val_00012696.JPEG,377,13.561966682667844,0.0009966888464987278,0.41899914387108267,0.9820308373305622,0.4135127011882922,44548
1348,/home/projects/bagon/shared/imagenet512/val/n02484975/ILSVRC2012_val_00001092.JPEG,71,29.259293321636505,0.0009997851448133588,0.3455822794246574,0.9753643748693559,0.22721308291449155,44560
1349,/home/projects/bagon/shared/imagenet512/val/n03637318/ILSVRC2012_val_00007656.JPEG,-1,nan,nan,nan,nan,nan,44564
1350,/home/projects/bagon/shared/imagenet512/val/n03388183/ILSVRC2012_val_00005686.JPEG,474,11.331905789324082,0.0009997851448133588,0.31902385847210674,nan,0.4289421304408181,44569
1351,/home/projects/bagon/shared/imagenet512/val/n04501370/ILSVRC2012_val_00032392.JPEG,344,12.413122048135847,0.0009996660519391298,0.27689970369382383,0.9923953028871058,0.2797731234190485,44605
1352,/home/projects/bagon/shared/imagenet512/val/n04067472/ILSVRC2012_val_00002556.JPEG,36,31.15298177616205,0.0009977606823667884,0.2996449645292502,0.9973167972119689,0.14578669709722436,44610
1353,/home/projects/bagon/shared/imagenet512/val/n01735189/ILSVRC2012_val_00023442.JPEG,216,11.02594752178993,0.000998951611109078,0.24484485352689161,0.9653030205129384,0.21469746075676088,44623
1354,/home/projects/bagon/shared/imagenet512/val/n04507155/ILSVRC2012_val_00009473.JPEG,35,24.448564567486756,0.0009940688032656908,0.4411695068655959,0.9920864482751832,0.28249837951888246,44640
1355,/home/projects/bagon/shared/imagenet512/val/n04462240/ILSVRC2012_val_00019896.JPEG,303,7.540578261483461,0.0009965697536244988,0.3104635008305798,0.796078358663312,0.24404258355778383,44643
1356,/home/projects/bagon/shared/imagenet512/val/n03899768/ILSVRC2012_val_00014309.JPEG,187,21.121920675504953,0.0009970461251214147,0.2845778866404226,0.8932423404686853,0.3437904830852719,44656
1357,/home/projects/bagon/shared/imagenet512/val/n04476259/ILSVRC2012_val_00003129.JPEG,248,14.591247676755302,0.0009976415894925594,0.3203788665497595,0.980774907191568,0.470766292893894,44665
1358,/home/projects/bagon/shared/imagenet512/val/n01882714/ILSVRC2012_val_00047899.JPEG,217,41.61728534579743,0.0009975224966183305,0.36301931504764684,0.9974675352699236,0.2298157922096146,44666
1359,/home/projects/bagon/shared/imagenet512/val/n03690938/ILSVRC2012_val_00004454.JPEG,762,7.230747526744381,0.0009979988681152463,0.2204549812610091,0.8077643497966619,0.4437143480351001,44676
1360,/home/projects/bagon/shared/imagenet512/val/n04336792/ILSVRC2012_val_00022108.JPEG,114,29.700557501870207,0.0009964506607502699,0.5110824891201996,0.9691840510025496,0.5599772673256812,44677
1361,/home/projects/bagon/shared/imagenet512/val/n03877845/ILSVRC2012_val_00005039.JPEG,532,4.241060457308777,0.0009999042376875877,0.17579328795337398,0.8132606514404347,0.38567340378045284,44683
1362,/home/projects/bagon/shared/imagenet512/val/n04493381/ILSVRC2012_val_00014421.JPEG,763,28.70235669927206,0.0009997851448133588,0.34892240055718093,0.7993821214524468,0.616595087719953,44684
1363,/home/projects/bagon/shared/imagenet512/val/n04270147/ILSVRC2012_val_00031162.JPEG,321,38.52436075604055,0.0009993088897317648,0.540138170838244,0.9959556244753196,0.4201828573758053,44690
1364,/home/projects/bagon/shared/imagenet512/val/n04009552/ILSVRC2012_val_00038851.JPEG,6,20.60825389623642,0.0,3.813817356481716,0.5311436157640113,0.7143132751116733,44695
1365,/home/projects/bagon/shared/imagenet512/val/n03127925/ILSVRC2012_val_00039897.JPEG,280,9.014063631766476,0.0009968079393729568,0.31245013962715784,0.9754585271648492,0.2517348821761233,44715
1366,/home/projects/bagon/shared/imagenet512/val/n03916031/ILSVRC2012_val_00021942.JPEG,172,22.56554748909548,0.000995974289253354,0.6551659915056138,0.9963187537928111,0.4296084857487037,44720
1367,/home/projects/bagon/shared/imagenet512/val/n07579787/ILSVRC2012_val_00049211.JPEG,46,26.58675321249757,0.000988114275969565,0.3240290959431423,0.8476771456514082,0.3185845402404589,44721
1368,/home/projects/bagon/shared/imagenet512/val/n07579787/ILSVRC2012_val_00043088.JPEG,261,17.9300152445212,0.0009958551963791251,0.30161564021989246,0.9767435973338352,0.30758603155148967,44734
1369,/home/projects/bagon/shared/imagenet512/val/n03063599/ILSVRC2012_val_00017456.JPEG,401,12.584496857016347,0.0009968079393729568,0.5065797211558544,0.9709759954480064,0.4710156449265713,44735
1370,/home/projects/bagon/shared/imagenet512/val/n07932039/ILSVRC2012_val_00032520.JPEG,-1,nan,nan,nan,nan,nan,44739
1371,/home/projects/bagon/shared/imagenet512/val/n03871628/ILSVRC2012_val_00045732.JPEG,170,1.9013585255015641,0.00099871342536062,0.1438490781636603,nan,0.3074613079911719,44744
1372,/home/projects/bagon/shared/imagenet512/val/n02108915/ILSVRC2012_val_00041623.JPEG,5,20.13993059284985,0.0,11.529090463540403,0.9254029282578586,0.4743852772485008,44748
1373,/home/projects/bagon/shared/imagenet512/val/n09246464/ILSVRC2012_val_00008965.JPEG,554,4.661662659374997,0.0009995469590649009,0.1621085324659023,0.7116629822596893,0.23306025737364075,44750
1374,/home/projects/bagon/shared/imagenet512/val/n03787032/ILSVRC2012_val_00011355.JPEG,417,60.20004841731861,0.00099871342536062,1.01087403211278,0.9989346008456714,0.43555537294427327,44754
1375,/home/projects/bagon/shared/imagenet512/val/n02808304/ILSVRC2012_val_00039179.JPEG,334,33.43187588697765,0.0009983561467379332,0.6839179039136231,0.9531059773221895,0.5555898447055734,44757
1376,/home/projects/bagon/shared/imagenet512/val/n02916936/ILSVRC2012_val_00046174.JPEG,5,147.30405473709106,0.0,8.275763385642291,0.9921832993157703,0.6163139975196041,44763
1377,/home/projects/bagon/shared/imagenet512/val/n01742172/ILSVRC2012_val_00047227.JPEG,6,546.9279730319977,0.0,33.10776612678704,0.9308127117019357,0.4042668585004456,44768
1378,/home/projects/bagon/shared/imagenet512/val/n04258138/ILSVRC2012_val_00037563.JPEG,64,30.658726376481354,0.0009921634336933494,0.45474058213238616,0.9068657157307594,0.35615778460044434,44777
1379,/home/projects/bagon/shared/imagenet512/val/n04591157/ILSVRC2012_val_00011733.JPEG,337,4.106551641714759,0.0009993088897317648,0.13186442544547997,0.8237807962355537,0.30075868095165503,44791
1380,/home/projects/bagon/shared/imagenet512/val/n07930864/ILSVRC2012_val_00026174.JPEG,502,7.85269223281648,0.0009994279826059937,0.23381851481387592,0.9799474452396746,0.38437484028660496,44792
1381,/home/projects/bagon/shared/imagenet512/val/n04008634/ILSVRC2012_val_00018756.JPEG,959,34.37498170940671,0.0009991897968575358,0.32867657259110666,0.9990746379632409,0.35189532123198125,44793
1382,/home/projects/bagon/shared/imagenet512/val/n04039381/ILSVRC2012_val_00031107.JPEG,-1,nan,nan,nan,nan,nan,44804
1383,/home/projects/bagon/shared/imagenet512/val/n03498962/ILSVRC2012_val_00040559.JPEG,123,21.261624155566096,0.0009982370538637042,0.4919897088997928,nan,0.4582113273183317,44805
1384,/home/projects/bagon/shared/imagenet512/val/n03761084/ILSVRC2012_val_00035302.JPEG,4,842.4925575256348,0.0,160.6920730505246,0.9495236809418184,0.5877199066508668,44815
1385,/home/projects/bagon/shared/imagenet512/val/n04372370/ILSVRC2012_val_00045927.JPEG,107,13.881242564180866,0.0009983561467379332,0.749626401312224,0.9442221826896529,0.5458280029643656,44832
1386,/home/projects/bagon/shared/imagenet512/val/n02672831/ILSVRC2012_val_00009773.JPEG,90,15.782871878356673,0.0009926398051902652,0.2820886944161623,0.9959179929111693,0.23528680048689474,44839
1387,/home/projects/bagon/shared/imagenet512/val/n12144580/ILSVRC2012_val_00033564.JPEG,290,13.042273513274267,0.0009991897968575358,0.237227715436957,0.9962284903180785,0.21095667030675413,44850
1388,/home/projects/bagon/shared/imagenet512/val/n04355933/ILSVRC2012_val_00013274.JPEG,789,23.31493323633913,0.0009991897968575358,0.3189557843860222,0.9911868821035485,0.46566415567735114,44858
1389,/home/projects/bagon/shared/imagenet512/val/n03838899/ILSVRC2012_val_00016801.JPEG,114,13.43079462973401,0.000985136954113841,0.3758245692783027,0.8301903660134742,0.15977699813495438,44866
1390,/home/projects/bagon/shared/imagenet512/val/n03670208/ILSVRC2012_val_00042844.JPEG,268,9.052310921135359,0.0009984752396121621,0.2237345516340634,0.9852063591100269,0.240264527860811,44867
1391,/home/projects/bagon/shared/imagenet512/val/n03240683/ILSVRC2012_val_00010303.JPEG,274,4.7696595784509555,0.0009993088897317648,0.21324763153417015,0.960086148288735,0.30985092708580025,44873
1392,/home/projects/bagon/shared/imagenet512/val/n04557648/ILSVRC2012_val_00046459.JPEG,116,36.364141601952724,0.0009995469590649009,0.43399323972973325,0.9941865181345824,0.27647017561306997,44875
1393,/home/projects/bagon/shared/imagenet512/val/n04418357/ILSVRC2012_val_00013433.JPEG,294,7.9641376114450395,0.0009995469590649009,0.4408787989934572,0.954130553167708,0.4855439341857066,44876
1394,/home/projects/bagon/shared/imagenet512/val/n04404412/ILSVRC2012_val_00049571.JPEG,421,12.216422769823112,0.0009974034037441015,0.3805573015958962,0.9118780817065995,0.3256748731130827,44886
1395,/home/projects/bagon/shared/imagenet512/val/n04465501/ILSVRC2012_val_00003326.JPEG,201,57.42427650676109,0.0009958551963791251,0.33763231455206605,0.9936283423912611,0.25569587587727693,44902
1396,/home/projects/bagon/shared/imagenet512/val/n04254777/ILSVRC2012_val_00028826.JPEG,164,33.521036985563114,0.000996212475001812,1.1907467943375045,0.9572918289109696,0.5727854168287311,44903
1397,/home/projects/bagon/shared/imagenet512/val/n04131690/ILSVRC2012_val_00025444.JPEG,4,107.13259220123291,0.0,4.250806283056587,0.9444019349092557,0.059445040713707265,44913
1398,/home/projects/bagon/shared/imagenet512/val/n04317175/ILSVRC2012_val_00032866.JPEG,173,30.805196524597704,0.0009943069890141487,0.4993525432834668,0.9906485414528254,0.5138395889763306,44915
1399,/home/projects/bagon/shared/imagenet512/val/n03223299/ILSVRC2012_val_00035550.JPEG,162,8.081694371532649,0.0009939497103914618,0.2224276135918079,0.992521284187641,0.2314735050574481,44930
1400,/home/projects/bagon/shared/imagenet512/val/n03485407/ILSVRC2012_val_00049544.JPEG,-1,nan,nan,nan,nan,nan,44945
1401,/home/projects/bagon/shared/imagenet512/val/n02107574/ILSVRC2012_val_00033915.JPEG,417,13.42858610325493,0.0009981179609894753,0.2498214212060357,nan,0.3235846380638854,44949
1402,/home/projects/bagon/shared/imagenet512/val/n02869837/ILSVRC2012_val_00036133.JPEG,763,16.087999017327093,0.0009976415894925594,0.2885953246313921,0.9918727798388347,0.4801410200326319,44955
1403,/home/projects/bagon/shared/imagenet512/val/n02133161/ILSVRC2012_val_00006793.JPEG,511,22.86351476237178,0.000998951611109078,0.2828678211386813,0.919443109071582,0.43590747968323795,44960
1404,/home/projects/bagon/shared/imagenet512/val/n02910353/ILSVRC2012_val_00030417.JPEG,5,16.628983736038208,0.0,8.700826700167596,0.9833214143844373,0.520733120457009,44961
1405,/home/projects/bagon/shared/imagenet512/val/n02115641/ILSVRC2012_val_00021767.JPEG,410,9.867941364762373,0.00099871342536062,0.24317971768712604,0.9654796203774916,0.3589976163859961,44972
1406,/home/projects/bagon/shared/imagenet512/val/n03970156/ILSVRC2012_val_00002729.JPEG,40,41.60653633851325,0.0009763241396285594,2.240669827220234,0.9973602995137856,0.3137738164721151,44989
1407,/home/projects/bagon/shared/imagenet512/val/n04443257/ILSVRC2012_val_00014272.JPEG,223,27.76074984204024,0.0009977606823667884,0.2957088526525833,0.9966985421588959,0.3362629987188742,44991
1408,/home/projects/bagon/shared/imagenet512/val/n04476259/ILSVRC2012_val_00000899.JPEG,263,22.53983800287824,0.0009978797752410173,0.3011079466001054,0.9978934121754539,0.2402412485060899,44995
1409,/home/projects/bagon/shared/imagenet512/val/n01756291/ILSVRC2012_val_00006690.JPEG,1177,33.10087815579027,0.0009997851448133588,0.3979595630866873,0.9990159776374017,0.35330994586724607,45000
1410,/home/projects/bagon/shared/imagenet512/val/n07614500/ILSVRC2012_val_00000574.JPEG,365,15.32375524775125,0.0009975224966183305,0.31752924545661787,0.9106357496801777,0.26616454776667714,45007
1411,/home/projects/bagon/shared/imagenet512/val/n03000134/ILSVRC2012_val_00024833.JPEG,264,4.057374816038646,0.0009982370538637042,0.15638204101098302,0.9290633254499239,0.2505083187032522,45008
1412,/home/projects/bagon/shared/imagenet512/val/n03633091/ILSVRC2012_val_00039364.JPEG,404,17.719969627214596,0.0009984752396121621,0.3300133207370226,0.9982084664660268,0.47028063701781947,45010
1413,/home/projects/bagon/shared/imagenet512/val/n02666196/ILSVRC2012_val_00034718.JPEG,300,34.28097120532766,0.0009999042376875877,0.4037783881485361,0.9985545380777168,0.45091546309900093,45012
1414,/home/projects/bagon/shared/imagenet512/val/n03982430/ILSVRC2012_val_00029391.JPEG,174,24.45762953790836,0.0009982370538637042,0.34336068162524785,0.9812838657501729,0.30098881440987213,45024
1415,/home/projects/bagon/shared/imagenet512/val/n04004767/ILSVRC2012_val_00032509.JPEG,278,16.22083430015482,0.0009964506607502699,0.2621754776427014,0.9873175036405537,0.28634551771645406,45027
1416,/home/projects/bagon/shared/imagenet512/val/n04355933/ILSVRC2012_val_00026693.JPEG,824,18.925637194886804,0.0009999042376875877,0.4050563511450051,0.9924595752643939,0.3834480979124818,45033
1417,/home/projects/bagon/shared/imagenet512/val/n02114712/ILSVRC2012_val_00040677.JPEG,155,60.67916507134214,0.0009947833605110645,0.5322313945801965,0.8538374248671832,0.31929652776757533,45042
1418,/home/projects/bagon/shared/imagenet512/val/n03476991/ILSVRC2012_val_00042521.JPEG,412,14.50484027096536,0.0009991897968575358,0.688595105744716,0.9376214244361291,0.5284751647595883,45044
1419,/home/projects/bagon/shared/imagenet512/val/n07932039/ILSVRC2012_val_00029971.JPEG,4,23.80469787120728,1.311301275563892e-06,1.138442957631799,0.9771042277695631,0.2777563828405022,45046
1420,/home/projects/bagon/shared/imagenet512/val/n04355338/ILSVRC2012_val_00031308.JPEG,298,16.66389833856374,0.0009995469590649009,0.4083268165905503,0.9864725633302656,0.4179277491850816,45048
1421,/home/projects/bagon/shared/imagenet512/val/n04376876/ILSVRC2012_val_00044486.JPEG,174,31.284182537929155,0.0009926398051902652,0.5319549048025977,0.6544288059293282,0.4989475922710189,45051
1422,/home/projects/bagon/shared/imagenet512/val/n13054560/ILSVRC2012_val_00040478.JPEG,8,33.476651557255536,0.0,1.4802208930894343,0.9600079204444626,0.34731652126261703,45063
1423,/home/projects/bagon/shared/imagenet512/val/n02727426/ILSVRC2012_val_00014240.JPEG,150,2.561292560538277,0.0009954979177564383,0.10938354918464538,0.7498276981437193,0.12236967053505499,45068
1424,/home/projects/bagon/shared/imagenet512/val/n02110806/ILSVRC2012_val_00040381.JPEG,249,11.48576936183963,0.000996093382127583,0.31214971097298627,0.9617954348764715,0.25692117166101736,45069
1425,/home/projects/bagon/shared/imagenet512/val/n02233338/ILSVRC2012_val_00039550.JPEG,4,68.37762641906738,0.0,18.139488094619217,0.9915406593958831,0.5175431933744079,45073
1426,/home/projects/bagon/shared/imagenet512/val/n04418357/ILSVRC2012_val_00034027.JPEG,291,9.711276722606272,0.0009996660519391298,1.3199837858585326,0.9912282920513069,0.5149971290051003,45075
1427,/home/projects/bagon/shared/imagenet512/val/n03131574/ILSVRC2012_val_00043010.JPEG,526,14.02778040303383,0.0009966888464987278,0.28594324084998296,0.9087606712735391,0.2841380169723852,45077
1428,/home/projects/bagon/shared/imagenet512/val/n03483316/ILSVRC2012_val_00002351.JPEG,52,36.374508177512325,0.0009977606823667884,0.6701039170207311,0.9988191184755171,0.37763435180573135,45085
1429,/home/projects/bagon/shared/imagenet512/val/n04090263/ILSVRC2012_val_00038216.JPEG,510,31.588014475186355,0.0009984752396121621,0.3323002746209232,0.9974503715058143,0.4206643613322086,45088
1430,/home/projects/bagon/shared/imagenet512/val/n03770439/ILSVRC2012_val_00006000.JPEG,179,23.396355302422307,0.0009953788248822093,0.2553344167078015,0.9529678345118068,0.26194614977827263,45091
1431,/home/projects/bagon/shared/imagenet512/val/n04522168/ILSVRC2012_val_00042916.JPEG,221,11.310171131510288,0.000998594332486391,0.2823288791434447,0.9971067202883692,0.39597976922091593,45092
1432,/home/projects/bagon/shared/imagenet512/val/n09246464/ILSVRC2012_val_00031523.JPEG,434,20.013763051480055,0.0009997851448133588,0.30931587957887086,0.6916847012574201,0.4169259106271417,45096
1433,/home/projects/bagon/shared/imagenet512/val/n04604644/ILSVRC2012_val_00021154.JPEG,6,31.682927488680434,3.4689302992774174e-05,0.8139425440399088,0.8989245186746285,0.22798202576346754,45097
1434,/home/projects/bagon/shared/imagenet512/val/n03028079/ILSVRC2012_val_00039053.JPEG,-1,nan,nan,nan,nan,nan,45105
1435,/home/projects/bagon/shared/imagenet512/val/n02894605/ILSVRC2012_val_00015515.JPEG,560,13.810679483576678,0.0009991897968575358,0.45278925960482796,nan,0.2991551316191998,45108
1436,/home/projects/bagon/shared/imagenet512/val/n07697313/ILSVRC2012_val_00047793.JPEG,175,26.440438797231764,0.0009979988681152463,0.3406155413912034,0.9783914216257187,0.3518845911690519,45139
1437,/home/projects/bagon/shared/imagenet512/val/n07730033/ILSVRC2012_val_00041676.JPEG,347,17.97893337183632,0.0009968079393729568,0.4686025614132004,0.982292104531511,0.2766129681386933,45147
1438,/home/projects/bagon/shared/imagenet512/val/n04522168/ILSVRC2012_val_00028768.JPEG,778,34.361779008992016,0.0009990707039833069,0.5536609341221103,0.9261172425097763,0.43439302669290847,45156
1439,/home/projects/bagon/shared/imagenet512/val/n02795169/ILSVRC2012_val_00025231.JPEG,269,18.12760809797328,0.0009976415894925594,0.5281470748159434,0.8350527445527693,0.5480772897757799,45168
1440,/home/projects/bagon/shared/imagenet512/val/n03532672/ILSVRC2012_val_00024123.JPEG,79,10.604386090650223,0.0009972843108698726,0.27637178000103135,0.997783381331803,0.07793262216698688,45193
1441,/home/projects/bagon/shared/imagenet512/val/n04162706/ILSVRC2012_val_00028611.JPEG,102,30.106474602245726,0.0009993088897317648,0.45456835293005105,0.9962597695968431,0.3854808349689273,45197
1442,/home/projects/bagon/shared/imagenet512/val/n02090721/ILSVRC2012_val_00030412.JPEG,135,33.42612464784179,0.0009970461251214147,0.36903649341968164,0.9444317969390588,0.29034122037473586,45203
1443,/home/projects/bagon/shared/imagenet512/val/n03838899/ILSVRC2012_val_00044509.JPEG,309,5.814838235964999,0.0009982370538637042,0.2646401416003926,0.6355755469052569,0.2674780003964031,45210
1444,/home/projects/bagon/shared/imagenet512/val/n01744401/ILSVRC2012_val_00001482.JPEG,427,19.75885065807961,0.0009976415894925594,0.3796884891476249,0.9794232693715315,0.32033454497015706,45215
1445,/home/projects/bagon/shared/imagenet512/val/n04069434/ILSVRC2012_val_00030477.JPEG,441,63.336872427142225,0.0009968079393729568,1.6831063286792982,0.9937786552456125,0.4218411351739395,45217
1446,/home/projects/bagon/shared/imagenet512/val/n04493381/ILSVRC2012_val_00015609.JPEG,725,32.82632209639996,0.0009983561467379332,0.4524425445199672,0.7656492112049591,0.35890713014849207,45221
1447,/home/projects/bagon/shared/imagenet512/val/n03777754/ILSVRC2012_val_00038670.JPEG,190,10.478488827706315,0.0009977606823667884,0.34181629344006814,0.9517220020269438,0.4037558322212066,45224
1448,/home/projects/bagon/shared/imagenet512/val/n03724870/ILSVRC2012_val_00003148.JPEG,37,26.89911120274337,0.0009735850035212934,0.932999623426112,0.9970852452248765,0.5663790850948032,45228
1449,/home/projects/bagon/shared/imagenet512/val/n03832673/ILSVRC2012_val_00000677.JPEG,557,9.396090115304105,0.0009996660519391298,0.22849140166861848,0.8620887450206594,0.3756005366190105,45231
1450,/home/projects/bagon/shared/imagenet512/val/n03958227/ILSVRC2012_val_00027015.JPEG,-1,nan,nan,nan,nan,nan,45240
1451,/home/projects/bagon/shared/imagenet512/val/n03759954/ILSVRC2012_val_00034944.JPEG,47,34.195960216457024,0.000996093382127583,0.5148980794075038,nan,0.3584416745218449,45241
1452,/home/projects/bagon/shared/imagenet512/val/n02981792/ILSVRC2012_val_00020540.JPEG,381,13.713085451396182,0.0009990707039833069,0.33727080612902416,0.8941081982879298,0.45956787920472864,45247
1453,/home/projects/bagon/shared/imagenet512/val/n01756291/ILSVRC2012_val_00020569.JPEG,-1,nan,nan,nan,nan,nan,45259
1454,/home/projects/bagon/shared/imagenet512/val/n03014705/ILSVRC2012_val_00044628.JPEG,85,13.362870286684483,0.0009940688032656908,0.26927221551071784,nan,0.20510976715946758,45260
1455,/home/projects/bagon/shared/imagenet512/val/n04392985/ILSVRC2012_val_00029455.JPEG,1448,19.792633728357032,0.0009999042376875877,0.312034829958767,0.8678345250906501,0.22709137660404077,45263
1456,/home/projects/bagon/shared/imagenet512/val/n03690938/ILSVRC2012_val_00003466.JPEG,5,276.5915427207947,0.0,21.59673545280651,0.9485553797769419,0.699301646710284,45285
1457,/home/projects/bagon/shared/imagenet512/val/n02363005/ILSVRC2012_val_00028074.JPEG,493,13.70725515682716,0.0009991897968575358,0.23549597840050404,0.9731295185778388,0.3791269847144074,45288
1458,/home/projects/bagon/shared/imagenet512/val/n03017168/ILSVRC2012_val_00035306.JPEG,91,25.202958059380762,0.0009921634336933494,0.32599264943140005,0.9929247162978617,0.31240278497922425,45306
1459,/home/projects/bagon/shared/imagenet512/val/n03443371/ILSVRC2012_val_00017478.JPEG,375,3.902270876802504,0.0009964506607502699,0.1911767250254409,0.8753510155344841,0.35836437669190296,45307
1460,/home/projects/bagon/shared/imagenet512/val/n02098105/ILSVRC2012_val_00031531.JPEG,324,12.864892160519958,0.0009975224966183305,0.33337254772850533,0.8404408578473116,0.33683900484583806,45310
1461,/home/projects/bagon/shared/imagenet512/val/n03803284/ILSVRC2012_val_00049210.JPEG,85,16.56285165785812,0.0009984752396121621,0.21380457518244364,0.9975509931712891,0.2461493664488392,45318
1462,/home/projects/bagon/shared/imagenet512/val/n03372029/ILSVRC2012_val_00002542.JPEG,83,75.74093524774071,0.000987756997346878,0.5641984759634979,0.9876489764137555,0.5333392309853072,45334
1463,/home/projects/bagon/shared/imagenet512/val/n01756291/ILSVRC2012_val_00036067.JPEG,37,51.170906272367574,0.000998832518234849,3.028680348237231,0.8830527609143408,0.3584862980020175,45341
1464,/home/projects/bagon/shared/imagenet512/val/n04599235/ILSVRC2012_val_00001417.JPEG,239,7.120442252140492,0.0009994279826059937,0.1857032790720241,0.9604828768605046,0.3258118908498312,45345
1465,/home/projects/bagon/shared/imagenet512/val/n02104365/ILSVRC2012_val_00027051.JPEG,225,38.92399267305154,0.0009965697536244988,0.4988810290498151,0.9930438025135391,0.5059030979428966,45350
1466,/home/projects/bagon/shared/imagenet512/val/n03742115/ILSVRC2012_val_00003433.JPEG,247,11.616861840360798,0.0009975224966183305,0.32112385643137953,0.8989075438093006,0.24512267035914223,45355
1467,/home/projects/bagon/shared/imagenet512/val/n02951585/ILSVRC2012_val_00012878.JPEG,150,14.60059475444723,0.0009919252479448915,0.3798204928429666,0.9978291710020869,0.4982921412677398,45364
1468,/home/projects/bagon/shared/imagenet512/val/n02788148/ILSVRC2012_val_00016716.JPEG,239,16.22104144829791,0.000998594332486391,0.3031737928303243,0.9847050327549496,0.3025566874644311,45374
1469,/home/projects/bagon/shared/imagenet512/val/n02231487/ILSVRC2012_val_00047952.JPEG,314,36.67705371999182,0.0009977606823667884,0.3314243508436496,0.9983587073794924,0.35887233892762227,45384
1470,/home/projects/bagon/shared/imagenet512/val/n02107312/ILSVRC2012_val_00039020.JPEG,505,24.004964387509972,0.0009997851448133588,0.3523873070517037,0.87603000381465,0.4109007416214371,45385
1471,/home/projects/bagon/shared/imagenet512/val/n03709823/ILSVRC2012_val_00012321.JPEG,320,6.857714965706691,0.0009982370538637042,0.24924535799760342,0.8269064917439455,0.2836636332607463,45389
1472,/home/projects/bagon/shared/imagenet512/val/n04154565/ILSVRC2012_val_00000310.JPEG,147,12.043856674223207,0.0009981179609894753,0.30477160873991516,0.838365069223139,0.30575334381737607,45396
1473,/home/projects/bagon/shared/imagenet512/val/n01914609/ILSVRC2012_val_00000017.JPEG,161,20.05977414525114,0.0009978797752410173,0.30282591544366566,0.9984197822880526,0.27574408116527516,45398
1474,/home/projects/bagon/shared/imagenet512/val/n01773549/ILSVRC2012_val_00037282.JPEG,391,6.155572936171666,0.000998832518234849,0.20036066780660527,0.8512032013333447,0.47085274232378516,45410
1475,/home/projects/bagon/shared/imagenet512/val/n07871810/ILSVRC2012_val_00016553.JPEG,41,130.19137055624742,0.000979420612566173,7.3547201188385545,0.9670235854846647,0.4136561991576993,45435
1476,/home/projects/bagon/shared/imagenet512/val/n03710721/ILSVRC2012_val_00003089.JPEG,581,7.337459478643723,0.0009996660519391298,0.19062877731447436,0.845561760591497,0.36804405696687204,45440
1477,/home/projects/bagon/shared/imagenet512/val/n07716358/ILSVRC2012_val_00040637.JPEG,479,19.3362608558964,0.00099871342536062,0.4594998144800407,0.875788447361899,0.2703542664620592,45443
1478,/home/projects/bagon/shared/imagenet512/val/n04067472/ILSVRC2012_val_00028684.JPEG,177,42.84252223838121,0.0009966888464987278,0.357394230509113,0.9981884650630323,0.29922801961793327,45444
1479,/home/projects/bagon/shared/imagenet512/val/n04116512/ILSVRC2012_val_00029621.JPEG,111,8.624038577312604,0.000992997083812952,0.20182244907642832,0.9664164546345109,0.15351476736734473,45448
1480,/home/projects/bagon/shared/imagenet512/val/n04090263/ILSVRC2012_val_00013481.JPEG,5,20.538765311200223,9.059865078597795e-06,0.8378369083652399,0.9894086582635919,0.4487369611986615,45457
1481,/home/projects/bagon/shared/imagenet512/val/n02091831/ILSVRC2012_val_00027810.JPEG,436,40.87369492126163,0.0009977606823667884,0.35254005586783704,0.9944429787607604,0.4234543562768107,45464
1482,/home/projects/bagon/shared/imagenet512/val/n02169497/ILSVRC2012_val_00024558.JPEG,585,7.24557866062969,0.0009990707039833069,0.1652086998792806,0.8785516965353812,0.32995791179018563,45465
1483,/home/projects/bagon/shared/imagenet512/val/n02776631/ILSVRC2012_val_00042857.JPEG,276,17.513189304736443,0.0009979988681152463,0.33783621212453463,0.9395253298949946,0.41227164891214174,45468
1484,/home/projects/bagon/shared/imagenet512/val/n01985128/ILSVRC2012_val_00002693.JPEG,95,53.08732060843613,0.0009869233472272754,2.432360455532367,0.9239430051335862,0.4689401777952481,45479
1485,/home/projects/bagon/shared/imagenet512/val/n01773797/ILSVRC2012_val_00034972.JPEG,896,22.118610227596946,0.0009996660519391298,0.42830881339063703,0.9132787308370769,0.4617743398852989,45482
1486,/home/projects/bagon/shared/imagenet512/val/n02814533/ILSVRC2012_val_00031765.JPEG,328,10.327390687190928,0.0009996660519391298,0.20493329146829145,0.9973001400298505,0.23432143539442304,45495
1487,/home/projects/bagon/shared/imagenet512/val/n02105855/ILSVRC2012_val_00018710.JPEG,610,60.46967848937493,0.0009993088897317648,0.4473514186754333,0.975924238914861,0.3730954774366357,45514
1488,/home/projects/bagon/shared/imagenet512/val/n03065424/ILSVRC2012_val_00007436.JPEG,388,6.265789115335792,0.0009990707039833069,0.18911314583019193,0.970776168357641,0.1935170389987182,45520
1489,/home/projects/bagon/shared/imagenet512/val/n03697007/ILSVRC2012_val_00004442.JPEG,-1,nan,nan,nan,nan,nan,45525
1490,/home/projects/bagon/shared/imagenet512/val/n04192698/ILSVRC2012_val_00016932.JPEG,107,9.360965259489603,0.0009925207123160362,0.2885423318448691,nan,0.31044588732061107,45527
1491,/home/projects/bagon/shared/imagenet512/val/n04350905/ILSVRC2012_val_00044549.JPEG,256,21.72451870655641,0.0009994279826059937,0.21840064730526598,0.9987622017267805,0.2888570761526086,45543
1492,/home/projects/bagon/shared/imagenet512/val/n03657121/ILSVRC2012_val_00028008.JPEG,69,7.282116547343321,0.0009951406391337514,0.2252097957365861,0.8590796401229917,0.26969811769022706,45545
1493,/home/projects/bagon/shared/imagenet512/val/n01773797/ILSVRC2012_val_00049478.JPEG,767,7.105457162717357,0.00099871342536062,0.18902067625642452,0.7184642331735678,0.3723051359586905,45558
1494,/home/projects/bagon/shared/imagenet512/val/n04371430/ILSVRC2012_val_00015877.JPEG,191,17.85821386461612,0.0009966888464987278,0.2944431852124879,0.9575805717481539,0.26369109214689646,45564
1495,/home/projects/bagon/shared/imagenet512/val/n02231487/ILSVRC2012_val_00033053.JPEG,5,49.1137170791626,0.0,2.5361563435226144,0.9888372121102353,0.6467972096627315,45570
1496,/home/projects/bagon/shared/imagenet512/val/n04376876/ILSVRC2012_val_00034016.JPEG,159,23.1303929873975,0.0009951406391337514,0.2870469300899928,0.9623641625668652,0.25621069492126014,45575
1497,/home/projects/bagon/shared/imagenet512/val/n04522168/ILSVRC2012_val_00037121.JPEG,432,11.420034809387289,0.0009999042376875877,0.2473766255575593,0.9280715655518764,0.2709643313254755,45577
1498,/home/projects/bagon/shared/imagenet512/val/n03250847/ILSVRC2012_val_00036385.JPEG,330,15.370757554308511,0.0009982370538637042,0.5161080597465533,0.9950646577060246,0.4574044397580623,45580
1499,/home/projects/bagon/shared/imagenet512/val/n02443114/ILSVRC2012_val_00006629.JPEG,466,16.752846353221685,0.000998594332486391,0.4571398263379372,0.813727713100237,0.47149417280642003,45583
