example_index,path,total_steps_to_epsilon,total_loss_sum,final_loss,weight_distance,softmax_wasserstein,grad_mass_wasserstein,universal_difficulty_rank,global_linear_cka
0,/home/projects/bagon/shared/imagenet512/val/n02091467/ILSVRC2012_val_00049263.JPEG,2305,171.72447204589844,0.00099945068359375,0.08152032570362928,0.9170334844757597,0.21723771999007707,21064,0.6375346326567153
1,/home/projects/bagon/shared/imagenet512/val/n03995372/ILSVRC2012_val_00019301.JPEG,1566,419.41646575927734,0.00098419189453125,0.07387960754319452,0.963891572663845,0.27354316305313636,21126,0.6576106456536558
2,/home/projects/bagon/shared/imagenet512/val/n15075141/ILSVRC2012_val_00019558.JPEG,3582,138.01255798339844,0.0009765625,0.08720442776394847,0.6013328203382463,0.1190366663527857,21167,0.6342502879652219
3,/home/projects/bagon/shared/imagenet512/val/n02090721/ILSVRC2012_val_00020082.JPEG,2873,75.57360076904297,0.0009918212890625,0.06753803912606754,0.6904556039093248,0.24937938424891762,21179,0.6290755261819261
4,/home/projects/bagon/shared/imagenet512/val/n02009912/ILSVRC2012_val_00005474.JPEG,2798,266.560302734375,0.00099945068359375,0.09527275792507234,0.8136684644202961,0.25067945074580944,21191,0.5657527718867389
5,/home/projects/bagon/shared/imagenet512/val/n02085782/ILSVRC2012_val_00001225.JPEG,3798,523.7164993286133,0.00099945068359375,0.11431032485099141,0.9654728639876051,0.22100471117226964,21233,0.6119718373728017
6,/home/projects/bagon/shared/imagenet512/val/n04476259/ILSVRC2012_val_00026249.JPEG,1011,130.2087631225586,0.00099945068359375,0.048489367933881644,0.9415062065104164,0.23998891199455713,21236,0.5090847948704198
7,/home/projects/bagon/shared/imagenet512/val/n01978455/ILSVRC2012_val_00034448.JPEG,1551,230.02667236328125,0.0009918212890625,0.07466368924946234,0.8559093988779046,0.20327546885252873,21243,0.7952797828315553
8,/home/projects/bagon/shared/imagenet512/val/n01930112/ILSVRC2012_val_00043937.JPEG,894,24.88983917236328,0.00099945068359375,0.040412068562085394,0.4008139869315374,0.2995328535436701,21255,0.8617733778949912
9,/home/projects/bagon/shared/imagenet512/val/n01990800/ILSVRC2012_val_00033427.JPEG,2462,289.2256317138672,0.00099945068359375,0.08738125717217032,0.9431800655798042,0.20973191627579388,21282,0.6441547560245432
10,/home/projects/bagon/shared/imagenet512/val/n03792782/ILSVRC2012_val_00043403.JPEG,2193,154.28195190429688,0.0009918212890625,0.08318753402432928,0.7553801167039476,0.17437187261131915,21287,0.6632341280849547
11,/home/projects/bagon/shared/imagenet512/val/n02704792/ILSVRC2012_val_00015346.JPEG,878,19.1640625,0.0009765625,0.03559910553339189,0.4352580487723027,0.1913192210008383,21375,0.7220820991491892
12,/home/projects/bagon/shared/imagenet512/val/n03000684/ILSVRC2012_val_00006043.JPEG,933,115.94681549072266,0.00096893310546875,0.04909812313212706,0.7798350615036925,0.20389998663544423,21535,0.6961879112296084
13,/home/projects/bagon/shared/imagenet512/val/n12985857/ILSVRC2012_val_00043059.JPEG,1240,76.71682357788086,0.000965118408203125,0.05642840232273307,0.8114445105368878,0.3041351533217301,21556,0.7579183074979926
14,/home/projects/bagon/shared/imagenet512/val/n02951585/ILSVRC2012_val_00005444.JPEG,882,124.82745361328125,0.00099945068359375,0.04430790152576968,0.8413046930302949,0.2099278665479139,21734,0.6017153434973151
15,/home/projects/bagon/shared/imagenet512/val/n02102177/ILSVRC2012_val_00013127.JPEG,3770,167.50761032104492,0.000957489013671875,0.0958544520517017,0.8870058450759115,0.329691321604321,21787,0.594407905902441
16,/home/projects/bagon/shared/imagenet512/val/n02102177/ILSVRC2012_val_00048513.JPEG,3241,199.52415466308594,0.00098419189453125,0.10081796934123186,0.7172920870980417,0.3256992246729659,21800,0.5538439999359545
17,/home/projects/bagon/shared/imagenet512/val/n02526121/ILSVRC2012_val_00015752.JPEG,1373,175.1873893737793,0.000972747802734375,0.06602561617052434,0.7923249324589422,0.2123256585286513,21816,0.7063357040583493
18,/home/projects/bagon/shared/imagenet512/val/n02097209/ILSVRC2012_val_00004287.JPEG,2774,347.36548233032227,0.000972747802734375,0.10297390997811204,0.8416381415050949,0.19078781457385569,21850,0.4536304438384565
19,/home/projects/bagon/shared/imagenet512/val/n02437616/ILSVRC2012_val_00010441.JPEG,1199,66.67832946777344,0.00099945068359375,0.05497264577524314,0.4969036175061712,0.08396517867792208,21881,0.6394425309587229
20,/home/projects/bagon/shared/imagenet512/val/n02398521/ILSVRC2012_val_00038714.JPEG,1803,78.03106689453125,0.00099945068359375,0.06369469308309521,0.518751022906272,0.21041969100211622,21884,0.7450735231883051
21,/home/projects/bagon/shared/imagenet512/val/n03930630/ILSVRC2012_val_00039508.JPEG,1581,122.74895477294922,0.00098419189453125,0.07285185875892934,0.6538982283561822,0.19862991918028616,21894,0.5900422829928744
22,/home/projects/bagon/shared/imagenet512/val/n02012849/ILSVRC2012_val_00022533.JPEG,1302,106.5681381225586,0.0009918212890625,0.058131531031762704,0.6883103842309506,0.16184570590458913,21940,0.6589367835265956
23,/home/projects/bagon/shared/imagenet512/val/n03942813/ILSVRC2012_val_00015731.JPEG,1556,49.260459899902344,0.0009918212890625,0.05747660862579468,0.44525592930034874,0.2613698203663528,22019,0.8150927324602338
24,/home/projects/bagon/shared/imagenet512/val/n01560419/ILSVRC2012_val_00011331.JPEG,1477,63.15681457519531,0.00099945068359375,0.058181223594500765,0.5388499745420363,0.18602447667066696,22050,0.5985955958341943
25,/home/projects/bagon/shared/imagenet512/val/n02119022/ILSVRC2012_val_00049984.JPEG,2750,246.2506561279297,0.00099945068359375,0.11121017820482744,0.6854845426571369,0.14582446704327132,22057,0.6138917094204429
26,/home/projects/bagon/shared/imagenet512/val/n03443371/ILSVRC2012_val_00044121.JPEG,1844,47.04296875,0.00099945068359375,0.06557177520030955,0.42819546168308087,0.23491733376226998,22133,0.7937359249378959
27,/home/projects/bagon/shared/imagenet512/val/n02483708/ILSVRC2012_val_00011520.JPEG,2614,307.0148162841797,0.0009918212890625,0.10628294830286075,0.9031085556565853,0.19246756007930882,22222,0.595119688004538
28,/home/projects/bagon/shared/imagenet512/val/n03223299/ILSVRC2012_val_00025832.JPEG,1480,90.30315017700195,0.000965118408203125,0.05791667624704753,0.7221530846610955,0.21212892775671194,22229,0.7982853078691803
29,/home/projects/bagon/shared/imagenet512/val/n01689811/ILSVRC2012_val_00032640.JPEG,1865,194.08136749267578,0.00099945068359375,0.06847910625618896,0.8974655491658561,0.1950810703103683,22247,0.7453905707162722
30,/home/projects/bagon/shared/imagenet512/val/n01795545/ILSVRC2012_val_00042859.JPEG,1961,101.0517349243164,0.00099945068359375,0.07414350566944734,0.7740548574960276,0.27988463202596775,22296,0.7938248685852982
31,/home/projects/bagon/shared/imagenet512/val/n02113978/ILSVRC2012_val_00018141.JPEG,2108,443.89353942871094,0.0009918212890625,0.08442386895446218,0.9639967423528483,0.32925894405630274,22300,0.4178984949222662
32,/home/projects/bagon/shared/imagenet512/val/n04317175/ILSVRC2012_val_00041111.JPEG,2597,93.55181121826172,0.00099945068359375,0.0581147400031173,0.7001865169504371,0.14556215956333562,22323,0.9337497494456882
33,/home/projects/bagon/shared/imagenet512/val/n01616318/ILSVRC2012_val_00030090.JPEG,1204,52.42438507080078,0.0009918212890625,0.04984541018321541,0.6500461063884542,0.3466510616084344,22343,0.8221881374214737
34,/home/projects/bagon/shared/imagenet512/val/n02037110/ILSVRC2012_val_00000548.JPEG,2901,105.29850006103516,0.00098419189453125,0.06414250248549497,0.7109858263845334,0.2414490528500714,22359,0.7625246990892397
35,/home/projects/bagon/shared/imagenet512/val/n02167151/ILSVRC2012_val_00042127.JPEG,1991,234.7395477294922,0.000946044921875,0.08061176174716116,0.9270129538663568,0.21186395506009692,22368,0.5169110145034629
36,/home/projects/bagon/shared/imagenet512/val/n02492035/ILSVRC2012_val_00016946.JPEG,1205,141.54956817626953,0.0009918212890625,0.05691432209859995,0.8211968310332314,0.17142445430206085,22402,0.6609154151437596
37,/home/projects/bagon/shared/imagenet512/val/n02480495/ILSVRC2012_val_00010576.JPEG,1476,57.603363037109375,0.00099945068359375,0.058054956541453075,0.3831901466682115,0.1660205132601539,22417,0.742551228616422
38,/home/projects/bagon/shared/imagenet512/val/n07697537/ILSVRC2012_val_00000309.JPEG,1260,35.325401306152344,0.00098419189453125,0.051429627473147596,0.39162655656181855,0.24660945830866116,22425,0.8108958751586832
39,/home/projects/bagon/shared/imagenet512/val/n02113799/ILSVRC2012_val_00047597.JPEG,1271,94.28900909423828,0.0009918212890625,0.05544675757941588,0.7255723915577024,0.22688241637461426,22448,0.7502493566949775
40,/home/projects/bagon/shared/imagenet512/val/n03530642/ILSVRC2012_val_00035291.JPEG,1037,45.050724029541016,0.000972747802734375,0.047202545668269785,0.4352659685633008,0.19640589647494067,22450,0.598974261767008
41,/home/projects/bagon/shared/imagenet512/val/n03344393/ILSVRC2012_val_00007503.JPEG,1595,79.28031921386719,0.00099945068359375,0.059018159947794954,0.618792208082364,0.17922526711696973,22485,0.7224026677416837
42,/home/projects/bagon/shared/imagenet512/val/n02119022/ILSVRC2012_val_00049886.JPEG,2666,264.26731872558594,0.0009765625,0.09644290316639073,0.7632339024210368,0.2018013121197829,22507,0.4599503122145373
43,/home/projects/bagon/shared/imagenet512/val/n03887697/ILSVRC2012_val_00002545.JPEG,2662,173.08866119384766,0.0009765625,0.0808422380099118,0.8118310283863923,0.2132084711619876,22516,0.6640651574541868
44,/home/projects/bagon/shared/imagenet512/val/n03141823/ILSVRC2012_val_00001337.JPEG,1056,123.52550506591797,0.00098419189453125,0.04666749593590015,0.8352990642703773,0.1766116179655539,22547,0.7568155243898665
45,/home/projects/bagon/shared/imagenet512/val/n04296562/ILSVRC2012_val_00016122.JPEG,2532,106.53699493408203,0.00099945068359375,0.06880704870410101,0.7244288759434333,0.2969414027348655,22611,0.8257886449080901
46,/home/projects/bagon/shared/imagenet512/val/n02110806/ILSVRC2012_val_00012221.JPEG,1998,147.19357299804688,0.00099945068359375,0.07348991758225437,0.7927256749947933,0.15729775688566228,22715,0.5703818809821456
47,/home/projects/bagon/shared/imagenet512/val/n03916031/ILSVRC2012_val_00004934.JPEG,2295,76.08441162109375,0.00099945068359375,0.06906146790217146,0.6060785888916224,0.28905362938121576,22757,0.8848326319995474
48,/home/projects/bagon/shared/imagenet512/val/n02098413/ILSVRC2012_val_00038403.JPEG,4646,210.65921020507812,0.00095367431640625,0.10694195534816282,0.8309597269254977,0.2286334987033805,22765,0.6019947896022738
49,/home/projects/bagon/shared/imagenet512/val/n02110063/ILSVRC2012_val_00021051.JPEG,2334,163.43597793579102,0.000972747802734375,0.08459197929003877,0.7438170605520321,0.28583297665143825,22767,0.7001170222133679
50,/home/projects/bagon/shared/imagenet512/val/n04536866/ILSVRC2012_val_00046800.JPEG,2573,164.82162475585938,0.00099945068359375,0.0795996303837523,0.9545764042144622,0.20641237184155675,22817,0.6416276943465914
51,/home/projects/bagon/shared/imagenet512/val/n03017168/ILSVRC2012_val_00035720.JPEG,1746,243.68484497070312,0.00099945068359375,0.07483784922129434,0.8279547178722477,0.21190675344265003,22835,0.6421569354265255
52,/home/projects/bagon/shared/imagenet512/val/n07583066/ILSVRC2012_val_00019926.JPEG,2132,110.62823867797852,0.000972747802734375,0.07360610820920739,0.7299937488375696,0.11343602040765433,22839,0.7982127663506027
53,/home/projects/bagon/shared/imagenet512/val/n01608432/ILSVRC2012_val_00020694.JPEG,2232,90.82276153564453,0.00098419189453125,0.06525745467984014,0.7608845808092015,0.31923418835462664,22841,0.8187118630458277
54,/home/projects/bagon/shared/imagenet512/val/n02028035/ILSVRC2012_val_00023199.JPEG,2078,95.58464813232422,0.0009765625,0.07298773016494126,0.7683025501862915,0.22924649509901307,22947,0.6651190020351704
55,/home/projects/bagon/shared/imagenet512/val/n02268443/ILSVRC2012_val_00037958.JPEG,1923,167.1771240234375,0.00099945068359375,0.0823837845654948,0.6798692960724991,0.170439174235143,22949,0.6434033386266527
56,/home/projects/bagon/shared/imagenet512/val/n03218198/ILSVRC2012_val_00002266.JPEG,1245,29.871177673339844,0.00099945068359375,0.050314045960004466,0.2805607374587933,0.14743618455710084,23018,0.8285156438129552
57,/home/projects/bagon/shared/imagenet512/val/n01675722/ILSVRC2012_val_00026793.JPEG,1735,96.39306640625,0.0009918212890625,0.06415962438902793,0.8681212129173115,0.36873002711296543,23145,0.6675181978034602
58,/home/projects/bagon/shared/imagenet512/val/n03259280/ILSVRC2012_val_00045899.JPEG,1342,24.517532348632812,0.00099945068359375,0.040546094680874285,0.45878233786947525,0.2127833537330988,23157,0.7590523763870022
59,/home/projects/bagon/shared/imagenet512/val/n01677366/ILSVRC2012_val_00041096.JPEG,1047,189.28103637695312,0.00099945068359375,0.04397121182492544,0.9926644591306499,0.25445030684515235,23201,0.7096562517915987
60,/home/projects/bagon/shared/imagenet512/val/n02640242/ILSVRC2012_val_00023190.JPEG,2478,121.97880554199219,0.00096893310546875,0.08366992070833695,0.687474365393489,0.23636557268644345,23202,0.6594034455467471
61,/home/projects/bagon/shared/imagenet512/val/n03485407/ILSVRC2012_val_00003188.JPEG,1668,138.7084503173828,0.00099945068359375,0.07320153203188946,0.8074137191284531,0.29343459509220243,23247,0.5285026675658713
62,/home/projects/bagon/shared/imagenet512/val/n03538406/ILSVRC2012_val_00036649.JPEG,1756,103.20417785644531,0.0009918212890625,0.06852869686475746,0.6576823992073637,0.1746647360027429,23288,0.591473818498553
63,/home/projects/bagon/shared/imagenet512/val/n02356798/ILSVRC2012_val_00043512.JPEG,1376,40.21522521972656,0.00099945068359375,0.05398252931385854,0.3470329521031008,0.21307788246774897,23297,0.7739396360056945
64,/home/projects/bagon/shared/imagenet512/val/n03026506/ILSVRC2012_val_00012838.JPEG,1686,27.70178985595703,0.0009918212890625,0.054891989881489696,0.31690247721368625,0.22712106677566096,23311,0.851025596503695
65,/home/projects/bagon/shared/imagenet512/val/n01978455/ILSVRC2012_val_00020816.JPEG,1879,142.6081085205078,0.00099945068359375,0.07723684204154606,0.7269086990953733,0.20869255287190167,23341,0.6529547691031027
66,/home/projects/bagon/shared/imagenet512/val/n01737021/ILSVRC2012_val_00003268.JPEG,1506,108.54759216308594,0.0009765625,0.060095858321550386,0.8640552812494003,0.2541562421240727,23345,0.7540949351912021
67,/home/projects/bagon/shared/imagenet512/val/n03777754/ILSVRC2012_val_00000222.JPEG,1472,33.60808563232422,0.00096893310546875,0.04648174494813567,0.3532615412156858,0.1920822319934935,23360,0.7960403779917178
68,/home/projects/bagon/shared/imagenet512/val/n02113023/ILSVRC2012_val_00018722.JPEG,4270,47.78436279296875,0.00095367431640625,0.07927684535909792,0.34419763761874567,0.1987337684946408,23382,0.7221762086248035
69,/home/projects/bagon/shared/imagenet512/val/n04120489/ILSVRC2012_val_00019670.JPEG,1399,70.68878173828125,0.00098419189453125,0.05053291796989847,0.7308139198294465,0.07038170334943322,23403,0.8669173119446758
70,/home/projects/bagon/shared/imagenet512/val/n01698640/ILSVRC2012_val_00031637.JPEG,1289,136.95090103149414,0.000972747802734375,0.06126783446772868,0.6287170369129178,0.21105044786396926,23435,0.5512144393840286
71,/home/projects/bagon/shared/imagenet512/val/n02095570/ILSVRC2012_val_00037052.JPEG,3535,398.5192642211914,0.0009918212890625,0.11954140306951366,0.9050589174846252,0.2557493877339282,23466,0.5297248587099243
72,/home/projects/bagon/shared/imagenet512/val/n03871628/ILSVRC2012_val_00046027.JPEG,1310,89.8878173828125,0.00098419189453125,0.061571259934730435,0.6273055855658409,0.14668688724253476,23491,0.8222616064328161
73,/home/projects/bagon/shared/imagenet512/val/n10148035/ILSVRC2012_val_00022980.JPEG,1533,327.53322982788086,0.000965118408203125,0.07030204167800165,0.8889183239067779,0.14444556110048262,23576,0.577738552024366
74,/home/projects/bagon/shared/imagenet512/val/n04328186/ILSVRC2012_val_00011717.JPEG,1936,398.7186584472656,0.00098419189453125,0.08538046019535112,0.9768554241159726,0.21630390043618503,23612,0.6204775852380447
75,/home/projects/bagon/shared/imagenet512/val/n01664065/ILSVRC2012_val_00024221.JPEG,1670,286.34593963623047,0.0009918212890625,0.05930278560176528,0.949835763746727,0.17726677678688924,23618,0.6829231708887149
76,/home/projects/bagon/shared/imagenet512/val/n02321529/ILSVRC2012_val_00021501.JPEG,1740,81.70013427734375,0.0009918212890625,0.06522950725678384,0.5579680221410468,0.15072270222442735,23619,0.7867526106089551
77,/home/projects/bagon/shared/imagenet512/val/n02091134/ILSVRC2012_val_00041224.JPEG,2627,349.1772918701172,0.0009613037109375,0.10017925112789247,0.9176822588500015,0.20264846138643886,23631,0.5766658900712941
78,/home/projects/bagon/shared/imagenet512/val/n01729322/ILSVRC2012_val_00023563.JPEG,1746,222.21250915527344,0.0009918212890625,0.07739028781477986,0.8395390253052335,0.1551056454921393,23644,0.7529768302541752
79,/home/projects/bagon/shared/imagenet512/val/n07684084/ILSVRC2012_val_00046840.JPEG,1031,79.77643585205078,0.00099945068359375,0.04691839822235407,0.5835683470418968,0.17526259157233107,23702,0.6899711641783826
80,/home/projects/bagon/shared/imagenet512/val/n04162706/ILSVRC2012_val_00009975.JPEG,1174,87.32197570800781,0.0009918212890625,0.04545669376446531,0.7769976814688884,0.1854658322751246,23703,0.609872805731394
81,/home/projects/bagon/shared/imagenet512/val/n02226429/ILSVRC2012_val_00024755.JPEG,1182,197.40589141845703,0.00099945068359375,0.07727772164791448,0.6238547616976977,0.18629579724558043,23718,0.7233719240228664
82,/home/projects/bagon/shared/imagenet512/val/n02277742/ILSVRC2012_val_00000810.JPEG,1922,213.83480834960938,0.0009918212890625,0.07066949806885221,0.8684015787407378,0.21191679679503106,23733,0.6526401385449951
83,/home/projects/bagon/shared/imagenet512/val/n04131690/ILSVRC2012_val_00009845.JPEG,1827,92.74964904785156,0.00098419189453125,0.05159947523612215,0.46628281257644333,0.10361645787880325,23764,0.8801366689921033
84,/home/projects/bagon/shared/imagenet512/val/n01697457/ILSVRC2012_val_00032587.JPEG,1675,88.20368957519531,0.0009918212890625,0.0686458752648309,0.4992066564632367,0.2026811098039668,23794,0.6606045558928431
85,/home/projects/bagon/shared/imagenet512/val/n09256479/ILSVRC2012_val_00016233.JPEG,1430,40.48583984375,0.00098419189453125,0.05197780124283542,0.38555029578138406,0.2106756057553152,23806,0.6782052474295448
86,/home/projects/bagon/shared/imagenet512/val/n03976657/ILSVRC2012_val_00016349.JPEG,1502,53.509117126464844,0.00098419189453125,0.048741865897304205,0.5808129586198713,0.29438823815183573,23824,0.7795186895795365
87,/home/projects/bagon/shared/imagenet512/val/n03450230/ILSVRC2012_val_00012228.JPEG,2605,230.13289642333984,0.00099945068359375,0.10039999332414544,0.759945048191675,0.11503953629110475,23825,0.43079345225040816
88,/home/projects/bagon/shared/imagenet512/val/n01494475/ILSVRC2012_val_00013847.JPEG,1544,100.5837631225586,0.0009918212890625,0.05465826913466408,0.9010971766195659,0.24766795760494695,23833,0.5797129086620979
89,/home/projects/bagon/shared/imagenet512/val/n07734744/ILSVRC2012_val_00010585.JPEG,2791,182.83059692382812,0.00099945068359375,0.09529173862480052,0.5839369017034826,0.10055143835788502,23852,0.42538411565571643
90,/home/projects/bagon/shared/imagenet512/val/n03538406/ILSVRC2012_val_00014022.JPEG,1676,48.466819763183594,0.00099945068359375,0.06382289342404951,0.4506064450587508,0.23288711140733453,23926,0.7991759213464983
91,/home/projects/bagon/shared/imagenet512/val/n04332243/ILSVRC2012_val_00022612.JPEG,988,62.94371032714844,0.0009918212890625,0.051256253157720144,0.517413908811146,0.13701646173717313,23948,0.7689782406715564
92,/home/projects/bagon/shared/imagenet512/val/n04517823/ILSVRC2012_val_00001402.JPEG,1312,95.76488494873047,0.00099945068359375,0.05119781896549358,0.7118926827225968,0.2663281968988517,23970,0.6866689988160996
93,/home/projects/bagon/shared/imagenet512/val/n03584829/ILSVRC2012_val_00006813.JPEG,990,258.86651611328125,0.00096893310546875,0.04874608357388983,0.9809341571124436,0.21724559457940573,23993,0.7450205989392487
94,/home/projects/bagon/shared/imagenet512/val/n02487347/ILSVRC2012_val_00014402.JPEG,1567,63.54210662841797,0.00099945068359375,0.0636925158147484,0.5247161914171907,0.16428578299216082,23995,0.7637392923981686
95,/home/projects/bagon/shared/imagenet512/val/n02514041/ILSVRC2012_val_00046233.JPEG,2079,347.25726318359375,0.00098419189453125,0.09207914970222289,0.8524274399074859,0.2178842095194536,24007,0.7746063378762528
96,/home/projects/bagon/shared/imagenet512/val/n03384352/ILSVRC2012_val_00019579.JPEG,1500,237.5416717529297,0.00098419189453125,0.06306288203015357,0.9105817229413924,0.14713874438165736,24035,0.6329416466414082
97,/home/projects/bagon/shared/imagenet512/val/n02112018/ILSVRC2012_val_00019876.JPEG,1979,97.11005401611328,0.0009918212890625,0.07191209778279399,0.7508705453900675,0.2089890082711957,24040,0.6271679167361444
98,/home/projects/bagon/shared/imagenet512/val/n02701002/ILSVRC2012_val_00045969.JPEG,2582,181.56837463378906,0.0009918212890625,0.09134378013576988,0.6596745684767863,0.20199935983720252,24041,0.7232607246503356
99,/home/projects/bagon/shared/imagenet512/val/n04447861/ILSVRC2012_val_00003317.JPEG,680,7.2726593017578125,0.00099945068359375,0.02706281614617436,0.14030707968930128,0.11871182646330303,24061,0.8949205891142268
100,/home/projects/bagon/shared/imagenet512/val/n04399382/ILSVRC2012_val_00033540.JPEG,1666,59.716094970703125,0.00099945068359375,0.05654685655566101,0.5001865979603533,0.1906846170623998,24079,0.6573858721855493
101,/home/projects/bagon/shared/imagenet512/val/n02229544/ILSVRC2012_val_00042010.JPEG,3470,152.5517578125,0.0009918212890625,0.09820191954465686,0.667751635271111,0.21446683117846144,24092,0.6462248065334851
102,/home/projects/bagon/shared/imagenet512/val/n02094433/ILSVRC2012_val_00021892.JPEG,3772,474.79264068603516,0.00098419189453125,0.13134289192915347,0.8594737769618055,0.19755526671264004,24094,0.5993939844064071
103,/home/projects/bagon/shared/imagenet512/val/n03544143/ILSVRC2012_val_00044178.JPEG,1390,15.225151062011719,0.00098419189453125,0.041813021126636124,0.3554143341704272,0.39479469302096903,24261,0.860860705192685
104,/home/projects/bagon/shared/imagenet512/val/n01784675/ILSVRC2012_val_00020950.JPEG,1643,139.23008728027344,0.00099945068359375,0.06342703004573366,0.8480021907359615,0.19208967550399186,24302,0.7413226675318153
105,/home/projects/bagon/shared/imagenet512/val/n04004767/ILSVRC2012_val_00032968.JPEG,1834,61.08345031738281,0.00099945068359375,0.06078613448555733,0.6061564062718598,0.16683178549707822,24318,0.8278951818297039
106,/home/projects/bagon/shared/imagenet512/val/n02701002/ILSVRC2012_val_00025443.JPEG,2534,208.7097930908203,0.00099945068359375,0.0745672557124035,0.8333870567455739,0.0952436233264421,24339,0.5410837539115648
107,/home/projects/bagon/shared/imagenet512/val/n01740131/ILSVRC2012_val_00003607.JPEG,1568,173.73003387451172,0.00098419189453125,0.06031856003852137,0.8733532112120349,0.24468438873204612,24356,0.5846141373124345
108,/home/projects/bagon/shared/imagenet512/val/n02165456/ILSVRC2012_val_00017130.JPEG,1909,116.35090637207031,0.00099945068359375,0.06677791645448375,0.7881283369817134,0.2476429121824666,24373,0.7215606392207178
109,/home/projects/bagon/shared/imagenet512/val/n02841315/ILSVRC2012_val_00016311.JPEG,1117,100.92671966552734,0.00098419189453125,0.052936582186531064,0.7357086850314256,0.10818289716864687,24380,0.7010320882029626
110,/home/projects/bagon/shared/imagenet512/val/n02105412/ILSVRC2012_val_00035770.JPEG,2081,151.85101318359375,0.0009918212890625,0.07825658621113893,0.8139653652942074,0.21214100219828186,24431,0.5851348401611574
111,/home/projects/bagon/shared/imagenet512/val/n04285008/ILSVRC2012_val_00028336.JPEG,3638,205.2532730102539,0.0009918212890625,0.1133145870683999,0.5864598755920185,0.07142511685472841,24483,0.48399143526698296
112,/home/projects/bagon/shared/imagenet512/val/n02137549/ILSVRC2012_val_00041597.JPEG,1558,114.62010955810547,0.00099945068359375,0.05987330770098561,0.8228314278531779,0.2505095905649003,24585,0.6257882975967377
113,/home/projects/bagon/shared/imagenet512/val/n03124043/ILSVRC2012_val_00014900.JPEG,1579,121.33399200439453,0.00099945068359375,0.05931063787577713,0.7517769303137256,0.2166343374410103,24587,0.8199281475280615
114,/home/projects/bagon/shared/imagenet512/val/n07880968/ILSVRC2012_val_00000572.JPEG,2058,200.31180572509766,0.0009765625,0.06086724509747918,0.955640583878945,0.1357052716070734,24604,0.8478828964003676
115,/home/projects/bagon/shared/imagenet512/val/n10565667/ILSVRC2012_val_00017929.JPEG,1744,249.69298553466797,0.0009918212890625,0.07113391485053164,0.9717347516402614,0.3985181927997712,24606,0.8291098366282221
116,/home/projects/bagon/shared/imagenet512/val/n04311174/ILSVRC2012_val_00042012.JPEG,1924,175.30400848388672,0.00098419189453125,0.07047480362645615,0.9709680348098719,0.3259156480247287,24612,0.5723913451256707
117,/home/projects/bagon/shared/imagenet512/val/n04447861/ILSVRC2012_val_00004263.JPEG,1188,215.65364456176758,0.000972747802734375,0.04837804023159126,0.9585835778037838,0.2248984041263477,24629,0.7666036289657334
118,/home/projects/bagon/shared/imagenet512/val/n03271574/ILSVRC2012_val_00039769.JPEG,1078,54.31267547607422,0.00099945068359375,0.04445847275637847,0.42971543401507045,0.11940563649747821,24650,0.6988479778386933
119,/home/projects/bagon/shared/imagenet512/val/n02667093/ILSVRC2012_val_00027935.JPEG,1288,59.41486358642578,0.00099945068359375,0.05288798335760504,0.5337203780432658,0.21071614327668714,24652,0.6511670049312633
120,/home/projects/bagon/shared/imagenet512/val/n02412080/ILSVRC2012_val_00001027.JPEG,2163,221.5350570678711,0.00099945068359375,0.0714341469128584,0.9307318442212749,0.07714725388061172,24692,0.7876127064269749
121,/home/projects/bagon/shared/imagenet512/val/n01729322/ILSVRC2012_val_00039443.JPEG,2190,191.77294921875,0.0009918212890625,0.08323067257497431,0.8072589532386014,0.20531677124758055,24695,0.6084547780799655
122,/home/projects/bagon/shared/imagenet512/val/n02085936/ILSVRC2012_val_00048280.JPEG,2385,104.87992095947266,0.0009918212890625,0.08730619149392674,0.5754840856719166,0.29478782893768657,24707,0.7428515032429165
123,/home/projects/bagon/shared/imagenet512/val/n02105056/ILSVRC2012_val_00035891.JPEG,1619,43.86949920654297,0.00098419189453125,0.05625567289697584,0.35526560955311387,0.10130599715752042,24711,0.7912952684835084
124,/home/projects/bagon/shared/imagenet512/val/n02102318/ILSVRC2012_val_00026152.JPEG,3195,152.6569061279297,0.0009918212890625,0.08876239240320706,0.8321772133136155,0.38043673859456273,24739,0.7965978792234245
125,/home/projects/bagon/shared/imagenet512/val/n03534580/ILSVRC2012_val_00028977.JPEG,2160,240.5427474975586,0.0009918212890625,0.09328609229974652,0.8062512114511644,0.20685444464652358,24795,0.5476578443598731
126,/home/projects/bagon/shared/imagenet512/val/n02100735/ILSVRC2012_val_00043577.JPEG,1123,82.6865005493164,0.00098419189453125,0.04869833988442418,0.6808242536688958,0.2640786677008571,24797,0.5167556881462704
127,/home/projects/bagon/shared/imagenet512/val/n04326547/ILSVRC2012_val_00005047.JPEG,1277,110.2393569946289,0.00099945068359375,0.06726851666164244,0.6215231711485478,0.16434272293831031,24889,0.7973810197367941
128,/home/projects/bagon/shared/imagenet512/val/n04141975/ILSVRC2012_val_00007650.JPEG,1132,7.348426818847656,0.0009918212890625,0.03317507882962091,0.06759648072977247,0.09526954170298979,24903,0.854403196750985
129,/home/projects/bagon/shared/imagenet512/val/n03961711/ILSVRC2012_val_00034549.JPEG,1272,40.72418212890625,0.00098419189453125,0.052556559957788906,0.41416783085540565,0.24913788812092802,24912,0.7001435284834713
130,/home/projects/bagon/shared/imagenet512/val/n02090622/ILSVRC2012_val_00003164.JPEG,1747,165.54854583740234,0.0009918212890625,0.05606104120874734,0.8971291004073808,0.2934853021986692,24914,0.7559142085145508
131,/home/projects/bagon/shared/imagenet512/val/n04116512/ILSVRC2012_val_00006736.JPEG,2920,407.5842742919922,0.0009613037109375,0.09291722480142134,0.8738521216484868,0.21558228516791494,24927,0.6866390565131275
132,/home/projects/bagon/shared/imagenet512/val/n13054560/ILSVRC2012_val_00022724.JPEG,2045,159.9823226928711,0.00099945068359375,0.07830226133883396,0.8172386284572045,0.18961071612988056,24931,0.59201635056201
133,/home/projects/bagon/shared/imagenet512/val/n04487081/ILSVRC2012_val_00041413.JPEG,1694,239.00809478759766,0.00098419189453125,0.08445257979536377,0.8492104188537567,0.19526984547162723,24948,0.6037631624511769
134,/home/projects/bagon/shared/imagenet512/val/n02098413/ILSVRC2012_val_00003377.JPEG,4058,263.7152404785156,0.00099945068359375,0.1141989663834219,0.833870609548462,0.31982773314181173,24993,0.5677492612596202
135,/home/projects/bagon/shared/imagenet512/val/n04447861/ILSVRC2012_val_00037291.JPEG,978,71.42671203613281,0.00099945068359375,0.04492840878012761,0.45708207076272106,0.20293126231815484,24996,0.7004777535130132
136,/home/projects/bagon/shared/imagenet512/val/n03785016/ILSVRC2012_val_00013476.JPEG,2318,219.76455307006836,0.000965118408203125,0.08613272406278474,0.9170054600206232,0.3519762220652977,25006,0.7646651036385782
137,/home/projects/bagon/shared/imagenet512/val/n01697457/ILSVRC2012_val_00042304.JPEG,1834,673.6918411254883,0.0009918212890625,0.07315220757566025,0.9929171148691787,0.278472527588437,25017,0.7179722912870348
138,/home/projects/bagon/shared/imagenet512/val/n07695742/ILSVRC2012_val_00013493.JPEG,1818,119.08039093017578,0.0009918212890625,0.06556643616661241,0.7496231888820731,0.24059147622410487,25032,0.6355612278117256
139,/home/projects/bagon/shared/imagenet512/val/n01491361/ILSVRC2012_val_00002969.JPEG,2809,134.3297576904297,0.00099945068359375,0.08606285313369827,0.7673441442442227,0.3232962964390359,25058,0.7010533946511731
140,/home/projects/bagon/shared/imagenet512/val/n01770081/ILSVRC2012_val_00030812.JPEG,1531,186.38385772705078,0.00095367431640625,0.07495586584924539,0.7768202635585877,0.3052268368765363,25159,0.5802125523366501
141,/home/projects/bagon/shared/imagenet512/val/n01818515/ILSVRC2012_val_00046534.JPEG,1001,137.26528930664062,0.00099945068359375,0.04708316821222497,0.9797306672177173,0.15115619435946942,25194,0.836163711973315
142,/home/projects/bagon/shared/imagenet512/val/n02033041/ILSVRC2012_val_00030590.JPEG,1850,531.1712913513184,0.000972747802734375,0.07844886082218873,0.9630210652262376,0.19608143797025185,25232,0.4906177666243405
143,/home/projects/bagon/shared/imagenet512/val/n02110806/ILSVRC2012_val_00043319.JPEG,2332,109.94754028320312,0.00099945068359375,0.07985087340940573,0.6384272713623235,0.3708717560996606,25233,0.6108520410193987
144,/home/projects/bagon/shared/imagenet512/val/n02132136/ILSVRC2012_val_00048979.JPEG,1336,410.5838165283203,0.0009918212890625,0.05853304836529153,0.9858619721420593,0.24384370288454238,25262,0.5351597200897203
145,/home/projects/bagon/shared/imagenet512/val/n03000247/ILSVRC2012_val_00044700.JPEG,1824,143.5636978149414,0.0009918212890625,0.07087293754705763,0.7563954404555668,0.22116395721658133,25269,0.6867886181106013
146,/home/projects/bagon/shared/imagenet512/val/n04325704/ILSVRC2012_val_00047513.JPEG,1585,67.1959457397461,0.0009765625,0.05821161343397652,0.5720511582602941,0.1167317648186525,25275,0.7310214326761082
147,/home/projects/bagon/shared/imagenet512/val/n03125729/ILSVRC2012_val_00025177.JPEG,2547,67.619140625,0.00099945068359375,0.06961669546507254,0.760025571703968,0.1334040080277249,25408,0.9204586101865693
148,/home/projects/bagon/shared/imagenet512/val/n04507155/ILSVRC2012_val_00030149.JPEG,977,38.46432876586914,0.000972747802734375,0.03851952263765672,0.7214682387190667,0.26214961694615085,25447,0.8910069204015637
149,/home/projects/bagon/shared/imagenet512/val/n02879718/ILSVRC2012_val_00019789.JPEG,697,176.49403381347656,0.0009765625,0.040878760855187865,0.9530288125523603,0.2074907851188793,25451,0.5759568619754323
150,/home/projects/bagon/shared/imagenet512/val/n04179913/ILSVRC2012_val_00039853.JPEG,1700,154.27991485595703,0.00098419189453125,0.06692999950588539,0.8877770979719708,0.19633457399654808,25459,0.7664568520928893
151,/home/projects/bagon/shared/imagenet512/val/n03770679/ILSVRC2012_val_00016053.JPEG,2119,126.9878158569336,0.00099945068359375,0.07306219356850438,0.662205226777236,0.19012283198431523,25471,0.6944589700513887
152,/home/projects/bagon/shared/imagenet512/val/n03110669/ILSVRC2012_val_00037364.JPEG,2362,139.274169921875,0.00098419189453125,0.08397737194871795,0.5248086191070405,0.06897116828476002,25477,0.7504109365776405
153,/home/projects/bagon/shared/imagenet512/val/n03017168/ILSVRC2012_val_00020461.JPEG,1369,167.62194061279297,0.00098419189453125,0.06419445761349732,0.7830504907448963,0.21364376250882622,25480,0.8376489632828115
154,/home/projects/bagon/shared/imagenet512/val/n02051845/ILSVRC2012_val_00039706.JPEG,1054,60.46857452392578,0.00099945068359375,0.052464604538699486,0.44716093874317614,0.13935122543739803,25498,0.7479055451108836
155,/home/projects/bagon/shared/imagenet512/val/n01616318/ILSVRC2012_val_00032832.JPEG,1993,101.42665100097656,0.00099945068359375,0.06897368517950983,0.7032658112152663,0.25994984034057617,25511,0.6709149712704598
156,/home/projects/bagon/shared/imagenet512/val/n03127747/ILSVRC2012_val_00036930.JPEG,1364,131.42095184326172,0.0009918212890625,0.051022181562310046,0.8513082735840228,0.29414247346729,25529,0.820768305098265
157,/home/projects/bagon/shared/imagenet512/val/n02108089/ILSVRC2012_val_00034922.JPEG,1952,191.87777709960938,0.00099945068359375,0.07391332093202839,0.83015426826335,0.16911058773642407,25548,0.7041439016060691
158,/home/projects/bagon/shared/imagenet512/val/n04579145/ILSVRC2012_val_00041230.JPEG,1469,155.15451049804688,0.00099945068359375,0.06195676931707989,0.9163508475176347,0.2333548684147207,25571,0.759254488896629
159,/home/projects/bagon/shared/imagenet512/val/n03792972/ILSVRC2012_val_00028046.JPEG,1107,43.818092346191406,0.0009918212890625,0.04956457431495562,0.348142166335022,0.04255030060938303,25586,0.8381247731571974
160,/home/projects/bagon/shared/imagenet512/val/n02123045/ILSVRC2012_val_00012975.JPEG,3411,397.1597442626953,0.00099945068359375,0.12601853644499036,0.7276988243867154,0.08495023374121519,25624,0.55096336703878
161,/home/projects/bagon/shared/imagenet512/val/n03141823/ILSVRC2012_val_00015567.JPEG,1595,374.1279983520508,0.0009918212890625,0.069682222905586,0.9922289722712228,0.26847942739672404,25650,0.7270893684446571
162,/home/projects/bagon/shared/imagenet512/val/n02091831/ILSVRC2012_val_00016547.JPEG,1835,89.26390075683594,0.00098419189453125,0.06027694270196567,0.7292839549906448,0.31474820454340025,25678,0.6276562498585376
163,/home/projects/bagon/shared/imagenet512/val/n02087394/ILSVRC2012_val_00006900.JPEG,2396,177.52549743652344,0.00099945068359375,0.09251500871843013,0.7083859608783799,0.2643772813409738,25690,0.6591089765032432
164,/home/projects/bagon/shared/imagenet512/val/n03787032/ILSVRC2012_val_00023837.JPEG,2413,425.23136138916016,0.00099945068359375,0.0877310484893954,0.9760665725152295,0.1132638534328686,25714,0.6283078755583089
165,/home/projects/bagon/shared/imagenet512/val/n02106382/ILSVRC2012_val_00035815.JPEG,2455,85.76225280761719,0.0009918212890625,0.07809443035279434,0.634724632180848,0.3629571161518456,25719,0.63285004476992
166,/home/projects/bagon/shared/imagenet512/val/n02101388/ILSVRC2012_val_00048536.JPEG,3741,146.27149963378906,0.0009918212890625,0.09397942283292811,0.6700579432761762,0.2010709888865977,25732,0.48585140066315563
167,/home/projects/bagon/shared/imagenet512/val/n02802426/ILSVRC2012_val_00044958.JPEG,1565,72.37277221679688,0.00099945068359375,0.06400996692929159,0.4686750555305186,0.1377219508837973,25753,0.782728454733915
168,/home/projects/bagon/shared/imagenet512/val/n03804744/ILSVRC2012_val_00046791.JPEG,1087,124.8624153137207,0.000972747802734375,0.041724204328124785,0.934647107786688,0.16919767130998034,25808,0.6191431707516976
169,/home/projects/bagon/shared/imagenet512/val/n03017168/ILSVRC2012_val_00044962.JPEG,1817,97.19945526123047,0.00098419189453125,0.051954448070272795,0.8756865785729332,0.14217922987406317,25897,0.7946891747013974
170,/home/projects/bagon/shared/imagenet512/val/n03814639/ILSVRC2012_val_00044290.JPEG,1529,275.95887756347656,0.00099945068359375,0.061401235643577884,0.9758560760549302,0.22880483227578663,25905,0.8090825610299212
171,/home/projects/bagon/shared/imagenet512/val/n03697007/ILSVRC2012_val_00004069.JPEG,1151,224.69161224365234,0.00099945068359375,0.05537281085603935,0.9286360770936177,0.17339167500103808,25911,0.6590224175029876
172,/home/projects/bagon/shared/imagenet512/val/n01990800/ILSVRC2012_val_00034935.JPEG,2051,228.98809051513672,0.00098419189453125,0.08065037878577098,0.9386019954739488,0.18195659894260408,25916,0.46799211184897854
173,/home/projects/bagon/shared/imagenet512/val/n04456115/ILSVRC2012_val_00003323.JPEG,897,106.19328308105469,0.0009765625,0.04375413654796543,0.8953104918716366,0.15135907543633154,25927,0.7343649175821858
174,/home/projects/bagon/shared/imagenet512/val/n04357314/ILSVRC2012_val_00010333.JPEG,2246,632.3102340698242,0.00099945068359375,0.10378214392410495,0.9619071737068294,0.31315058775541993,25934,0.7412787616465466
175,/home/projects/bagon/shared/imagenet512/val/n02105412/ILSVRC2012_val_00033644.JPEG,2188,469.87689208984375,0.00098419189453125,0.09762888729421684,0.919974416410196,0.18242871767210775,25943,0.6275547349588225
176,/home/projects/bagon/shared/imagenet512/val/n02883205/ILSVRC2012_val_00029234.JPEG,1956,174.68383026123047,0.0009765625,0.07156413528194185,0.9138510605589101,0.26860679955518324,25979,0.6872142201816226
177,/home/projects/bagon/shared/imagenet512/val/n07875152/ILSVRC2012_val_00025994.JPEG,979,48.97869873046875,0.0009613037109375,0.04717736069538712,0.7759908703713412,0.21393658627265,25980,0.7932705427658383
178,/home/projects/bagon/shared/imagenet512/val/n04254680/ILSVRC2012_val_00002349.JPEG,1333,134.41439056396484,0.00099945068359375,0.06442608639496022,0.6942426665324709,0.12449472740283068,25985,0.7169385889000275
179,/home/projects/bagon/shared/imagenet512/val/n12768682/ILSVRC2012_val_00044066.JPEG,1057,160.36630249023438,0.0009918212890625,0.05464509712171259,0.9381183264827992,0.20846602241185594,25998,0.7881210898861883
180,/home/projects/bagon/shared/imagenet512/val/n04209133/ILSVRC2012_val_00006587.JPEG,2492,277.6848678588867,0.00099945068359375,0.09728679740121571,0.8636312828313828,0.12504199382855657,26002,0.6115975570633537
181,/home/projects/bagon/shared/imagenet512/val/n02977058/ILSVRC2012_val_00020074.JPEG,1957,78.45368957519531,0.00099945068359375,0.06776586314137727,0.5422383716837262,0.18568376149630028,26031,0.8185825398950975
182,/home/projects/bagon/shared/imagenet512/val/n03920288/ILSVRC2012_val_00029067.JPEG,1424,118.0811996459961,0.0009918212890625,0.05349073265001547,0.9373668525384391,0.16661117624059374,26051,0.7737008593214214
183,/home/projects/bagon/shared/imagenet512/val/n02090622/ILSVRC2012_val_00018654.JPEG,1936,277.20901107788086,0.000949859619140625,0.06881682130243326,0.9782022510812152,0.22210318015757147,26181,0.5552648530959444
184,/home/projects/bagon/shared/imagenet512/val/n04209133/ILSVRC2012_val_00035327.JPEG,1769,144.0810089111328,0.00099945068359375,0.06351348045283052,0.8500715755487498,0.20443443526003113,26182,0.6971289144517405
185,/home/projects/bagon/shared/imagenet512/val/n04509417/ILSVRC2012_val_00005518.JPEG,1482,146.6323699951172,0.00099945068359375,0.058432917407766405,0.8336616207944131,0.16029987849532112,26183,0.624823251576923
186,/home/projects/bagon/shared/imagenet512/val/n02105641/ILSVRC2012_val_00013007.JPEG,1863,73.9216079711914,0.00098419189453125,0.06697531628654065,0.5826268844934501,0.25984348908327454,26197,0.7032811897010485
187,/home/projects/bagon/shared/imagenet512/val/n01697457/ILSVRC2012_val_00040998.JPEG,2470,195.6694107055664,0.0009918212890625,0.09527681393425946,0.725074147709299,0.18806171737359698,26200,0.6542803196844755
188,/home/projects/bagon/shared/imagenet512/val/n03478589/ILSVRC2012_val_00029536.JPEG,1894,79.81631469726562,0.00099945068359375,0.0723225796353465,0.6630014709957056,0.280576454994822,26202,0.6828904958030195
189,/home/projects/bagon/shared/imagenet512/val/n04228054/ILSVRC2012_val_00045586.JPEG,1582,103.32445526123047,0.00098419189453125,0.07234193745789869,0.5549745772242343,0.2335274572409457,26207,0.7884953243923579
190,/home/projects/bagon/shared/imagenet512/val/n03899768/ILSVRC2012_val_00024670.JPEG,944,19.404693603515625,0.00099945068359375,0.039236764497471356,0.30839325321469274,0.2231977252182954,26334,0.8122023929607777
191,/home/projects/bagon/shared/imagenet512/val/n01675722/ILSVRC2012_val_00021055.JPEG,1353,94.26103973388672,0.00099945068359375,0.05334651878538719,0.8392638571933719,0.28746689208429677,26343,0.6333827949925214
192,/home/projects/bagon/shared/imagenet512/val/n02112706/ILSVRC2012_val_00031355.JPEG,2283,368.7174377441406,0.00098419189453125,0.06493166000016451,0.9875867511043925,0.32274747593672815,26357,0.7594750223528048
193,/home/projects/bagon/shared/imagenet512/val/n01877812/ILSVRC2012_val_00021120.JPEG,1451,185.00569915771484,0.00099945068359375,0.059600262374508155,0.8597283591314158,0.13788585736450631,26368,0.5997638391412505
194,/home/projects/bagon/shared/imagenet512/val/n01843383/ILSVRC2012_val_00025371.JPEG,1406,110.52842712402344,0.00099945068359375,0.059683545410691874,0.6763116722937882,0.1615248506369465,26374,0.6327279350227611
195,/home/projects/bagon/shared/imagenet512/val/n02672831/ILSVRC2012_val_00029963.JPEG,1682,256.77933502197266,0.0009918212890625,0.06519993792659783,0.9405684575056742,0.30477952132141406,26378,0.8530263479798764
196,/home/projects/bagon/shared/imagenet512/val/n03697007/ILSVRC2012_val_00003724.JPEG,1316,213.67633056640625,0.00099945068359375,0.054149433880614675,0.9729070516755576,0.2602728561499249,26387,0.7085079643533481
197,/home/projects/bagon/shared/imagenet512/val/n02437616/ILSVRC2012_val_00050000.JPEG,1436,62.59313201904297,0.00098419189453125,0.05797909555573877,0.5869957059743693,0.22198584981208702,26393,0.5992589692590552
198,/home/projects/bagon/shared/imagenet512/val/n02177972/ILSVRC2012_val_00037768.JPEG,1752,258.87117767333984,0.00096893310546875,0.08036699372577626,0.9164671744054207,0.24800674157822564,26398,0.7276452104248712
199,/home/projects/bagon/shared/imagenet512/val/n02095570/ILSVRC2012_val_00020116.JPEG,3222,216.05325317382812,0.0009918212890625,0.10829770747424308,0.7868941319594656,0.2887280217610381,26416,0.7549758019815443
200,/home/projects/bagon/shared/imagenet512/val/n02951358/ILSVRC2012_val_00031213.JPEG,1400,56.6760139465332,0.000957489013671875,0.06739848214221288,0.3656425925312832,0.2197012425836224,26418,0.6940754077371439
201,/home/projects/bagon/shared/imagenet512/val/n02871525/ILSVRC2012_val_00008560.JPEG,3827,151.09169006347656,0.00099945068359375,0.10325916828548812,0.6326991029948932,0.20938301076208846,26436,0.5840289692434094
202,/home/projects/bagon/shared/imagenet512/val/n02169497/ILSVRC2012_val_00047928.JPEG,1593,53.139190673828125,0.00099945068359375,0.06557866025406063,0.35565752410069396,0.13963612407146986,26483,0.7977129947776911
203,/home/projects/bagon/shared/imagenet512/val/n02168699/ILSVRC2012_val_00021688.JPEG,1958,310.49466705322266,0.0009765625,0.07370644411653045,0.9159545487363332,0.24554445612363657,26562,0.6379440235986502
204,/home/projects/bagon/shared/imagenet512/val/n03494278/ILSVRC2012_val_00023742.JPEG,2220,105.47815704345703,0.00098419189453125,0.0764964869151293,0.6570979463942316,0.20853015612029568,26572,0.7167206438957102
205,/home/projects/bagon/shared/imagenet512/val/n02110806/ILSVRC2012_val_00022196.JPEG,2551,259.0955810546875,0.00099945068359375,0.08373406715457432,0.9522270426526984,0.32264955114732374,26578,0.6769796041548468
206,/home/projects/bagon/shared/imagenet512/val/n02027492/ILSVRC2012_val_00037752.JPEG,1729,88.94630432128906,0.0009918212890625,0.0628728870403642,0.8228983851181579,0.24684408003610897,26614,0.8437469939047326
207,/home/projects/bagon/shared/imagenet512/val/n03781244/ILSVRC2012_val_00008955.JPEG,2585,193.68977737426758,0.000965118408203125,0.09485849656062989,0.7287690847828,0.16909977323171554,26618,0.5881607299228356
208,/home/projects/bagon/shared/imagenet512/val/n02090379/ILSVRC2012_val_00041688.JPEG,3743,173.3795623779297,0.0009765625,0.10922855863186026,0.6901132234875238,0.23719378771286445,26620,0.4442065096553498
209,/home/projects/bagon/shared/imagenet512/val/n02236044/ILSVRC2012_val_00004091.JPEG,1861,195.5201416015625,0.00098419189453125,0.07548237332920442,0.8915787067832905,0.16593580689134646,26624,0.6122795192813262
210,/home/projects/bagon/shared/imagenet512/val/n02107683/ILSVRC2012_val_00041233.JPEG,3139,203.45709228515625,0.00099945068359375,0.10270929813653984,0.8274373566174127,0.20479664899449712,26670,0.7254288662278953
211,/home/projects/bagon/shared/imagenet512/val/n02134084/ILSVRC2012_val_00020441.JPEG,1165,47.857025146484375,0.00098419189453125,0.05246555306693798,0.43982040901933206,0.13104893346819246,26681,0.6555005939826318
212,/home/projects/bagon/shared/imagenet512/val/n03494278/ILSVRC2012_val_00044420.JPEG,2303,129.74392700195312,0.0009918212890625,0.07275867249908034,0.67255840958283,0.2845159088278757,26687,0.5199796591885613
213,/home/projects/bagon/shared/imagenet512/val/n04141327/ILSVRC2012_val_00026734.JPEG,1879,315.26930236816406,0.0009613037109375,0.08283090771002818,0.8045835352231103,0.11445842233991638,26688,0.7961213307460852
214,/home/projects/bagon/shared/imagenet512/val/n04254120/ILSVRC2012_val_00032214.JPEG,2082,30.203872680664062,0.0009918212890625,0.0623079069687361,0.3009715908158583,0.31256561818823225,26747,0.7265595189192416
215,/home/projects/bagon/shared/imagenet512/val/n04296562/ILSVRC2012_val_00041663.JPEG,1264,89.03915405273438,0.0009918212890625,0.05519454315608728,0.8053751010732341,0.13888074582158844,26760,0.8459938766120049
216,/home/projects/bagon/shared/imagenet512/val/n01739381/ILSVRC2012_val_00015794.JPEG,2932,449.8706970214844,0.00098419189453125,0.1018996079231485,0.9570177597829037,0.23397498892711116,26765,0.5817309070364691
217,/home/projects/bagon/shared/imagenet512/val/n02113978/ILSVRC2012_val_00046981.JPEG,1354,334.8303909301758,0.00099945068359375,0.046793638878138526,0.9912321526811902,0.049142336180309165,26782,0.6736801267194449
218,/home/projects/bagon/shared/imagenet512/val/n02442845/ILSVRC2012_val_00022236.JPEG,1802,306.7735595703125,0.0009918212890625,0.07289969383130576,0.9661141160473786,0.10080141461042685,26790,0.7026761363982105
219,/home/projects/bagon/shared/imagenet512/val/n01669191/ILSVRC2012_val_00040287.JPEG,3644,150.49383544921875,0.00099945068359375,0.10792995946680536,0.7393316396234593,0.2770453063593322,26844,0.5918000289232616
220,/home/projects/bagon/shared/imagenet512/val/n02119022/ILSVRC2012_val_00041499.JPEG,3176,368.4142608642578,0.00099945068359375,0.10926045739399302,0.9306019566765463,0.2537095010668106,26847,0.6988348413487551
221,/home/projects/bagon/shared/imagenet512/val/n02112018/ILSVRC2012_val_00003583.JPEG,1802,230.1229019165039,0.00099945068359375,0.08239792479547216,0.8762059588462283,0.07887118747163152,26890,0.5358010977367912
222,/home/projects/bagon/shared/imagenet512/val/n02088632/ILSVRC2012_val_00035347.JPEG,1952,131.63019561767578,0.0009918212890625,0.07494920182505181,0.6996479801375712,0.2560644001403745,26920,0.48109746655913105
223,/home/projects/bagon/shared/imagenet512/val/n04579432/ILSVRC2012_val_00032330.JPEG,1420,174.30056381225586,0.000919342041015625,0.06725016268911624,0.8542559311266019,0.2899291942714412,26953,0.6723917644187919
224,/home/projects/bagon/shared/imagenet512/val/n07714571/ILSVRC2012_val_00015805.JPEG,1879,524.2479095458984,0.0009918212890625,0.07207590028367908,0.9954461533231255,0.23297145538774794,26958,0.7619997891024118
225,/home/projects/bagon/shared/imagenet512/val/n01986214/ILSVRC2012_val_00033105.JPEG,2641,433.13953399658203,0.0009918212890625,0.09438277572805268,0.9042504952030985,0.24669600508215164,26991,0.64443333234735
226,/home/projects/bagon/shared/imagenet512/val/n02113712/ILSVRC2012_val_00032452.JPEG,6049,422.2738037109375,0.00099945068359375,0.18979877206731724,0.7807376823346058,0.27569589968803776,26996,0.6324016976803022
227,/home/projects/bagon/shared/imagenet512/val/n02105162/ILSVRC2012_val_00037799.JPEG,2489,317.50242614746094,0.00099945068359375,0.09799391848284737,0.906577854523342,0.17188354395889224,27015,0.5671414878643491
228,/home/projects/bagon/shared/imagenet512/val/n03868242/ILSVRC2012_val_00021500.JPEG,2693,204.49071502685547,0.00099945068359375,0.10501183154037237,0.6333253246789141,0.25687214566951155,27032,0.6720624397420588
229,/home/projects/bagon/shared/imagenet512/val/n02168699/ILSVRC2012_val_00044361.JPEG,1539,278.1560401916504,0.000965118408203125,0.06532918377648647,0.9115349515504894,0.18758895219578253,27046,0.6802396143530333
230,/home/projects/bagon/shared/imagenet512/val/n02113186/ILSVRC2012_val_00031259.JPEG,2620,547.0288391113281,0.00099945068359375,0.10584324602505868,0.9096469048747882,0.21494607369110086,27048,0.49576908111536583
231,/home/projects/bagon/shared/imagenet512/val/n02704792/ILSVRC2012_val_00004017.JPEG,1378,253.7066421508789,0.00098419189453125,0.0583851496856044,0.9498906449170925,0.22834806960236373,27124,0.706670047149861
232,/home/projects/bagon/shared/imagenet512/val/n03584829/ILSVRC2012_val_00015812.JPEG,1732,1528.9610290527344,0.00099945068359375,0.09467821145213755,0.9940207502909141,0.2616575957748189,27220,0.6496743757894615
233,/home/projects/bagon/shared/imagenet512/val/n01622779/ILSVRC2012_val_00015913.JPEG,1234,93.44725799560547,0.0009918212890625,0.05184423382285222,0.7849038695210118,0.17017297481891033,27226,0.8562291670229853
234,/home/projects/bagon/shared/imagenet512/val/n02704792/ILSVRC2012_val_00027071.JPEG,1227,188.52880859375,0.0009918212890625,0.050965616166788394,0.9356265277884399,0.07619878025624377,27281,0.6283193732047205
235,/home/projects/bagon/shared/imagenet512/val/n04507155/ILSVRC2012_val_00040191.JPEG,1738,417.06651306152344,0.00099945068359375,0.07315461921410013,0.9813327879837436,0.26546561715571987,27295,0.6880003167888198
236,/home/projects/bagon/shared/imagenet512/val/n03649909/ILSVRC2012_val_00029725.JPEG,2237,88.65911865234375,0.0009918212890625,0.07177815286298864,0.5964600816575382,0.23461137260031387,27298,0.5685702946045382
237,/home/projects/bagon/shared/imagenet512/val/n03998194/ILSVRC2012_val_00033370.JPEG,1798,244.82496643066406,0.00099945068359375,0.07024843385217253,0.931137774550365,0.17524697175897064,27306,0.6672433642539394
238,/home/projects/bagon/shared/imagenet512/val/n02403003/ILSVRC2012_val_00025775.JPEG,2529,160.50648498535156,0.00099945068359375,0.08976201639254498,0.6817380745044885,0.298660666710175,27313,0.8545637732974501
239,/home/projects/bagon/shared/imagenet512/val/n02086910/ILSVRC2012_val_00009688.JPEG,2572,285.21219635009766,0.00099945068359375,0.08434623223796195,0.870799500858888,0.17930708604753265,27327,0.6435078283224211
240,/home/projects/bagon/shared/imagenet512/val/n07711569/ILSVRC2012_val_00032485.JPEG,2955,175.74514770507812,0.00098419189453125,0.09923145398763167,0.7322045351419816,0.32681121670625013,27361,0.5907591797479289
241,/home/projects/bagon/shared/imagenet512/val/n04482393/ILSVRC2012_val_00037043.JPEG,2202,125.1258773803711,0.0009918212890625,0.0836979879929311,0.5913800750394731,0.08669039452896049,27370,0.6865609958932528
242,/home/projects/bagon/shared/imagenet512/val/n03733805/ILSVRC2012_val_00037125.JPEG,1609,113.87860107421875,0.00099945068359375,0.05600126239802936,0.9092090678714709,0.3073619940234222,27399,0.720965357564179
243,/home/projects/bagon/shared/imagenet512/val/n02481823/ILSVRC2012_val_00042086.JPEG,2640,138.79430389404297,0.00099945068359375,0.07652174931117754,0.9672772731327685,0.24216391693002004,27459,0.6863575169028447
244,/home/projects/bagon/shared/imagenet512/val/n02403003/ILSVRC2012_val_00049320.JPEG,3204,388.71643829345703,0.00098419189453125,0.11491936440528408,0.9585444581605708,0.3684456529277218,27479,0.5820494443311953
245,/home/projects/bagon/shared/imagenet512/val/n07714571/ILSVRC2012_val_00029321.JPEG,1061,34.66886901855469,0.0009918212890625,0.05270674627555609,0.3029434491244833,0.05776793475301295,27489,0.6853660617514383
246,/home/projects/bagon/shared/imagenet512/val/n04335435/ILSVRC2012_val_00021553.JPEG,2651,72.64336395263672,0.00099945068359375,0.07784658202749159,0.5442809638227677,0.2631206342559941,27494,0.8559266287763962
247,/home/projects/bagon/shared/imagenet512/val/n01980166/ILSVRC2012_val_00038526.JPEG,1492,137.20123291015625,0.00098419189453125,0.07115040663317282,0.6507702251273983,0.24502265683747704,27507,0.6879001750841509
248,/home/projects/bagon/shared/imagenet512/val/n02804414/ILSVRC2012_val_00020820.JPEG,1712,71.61465454101562,0.00098419189453125,0.0740780583704366,0.4746077064254586,0.12384875738402973,27530,0.7145612489109077
249,/home/projects/bagon/shared/imagenet512/val/n02229544/ILSVRC2012_val_00014067.JPEG,2712,315.88362884521484,0.00099945068359375,0.09148793400789137,0.9573498286853521,0.2796252460419808,27543,0.748776086272926
250,/home/projects/bagon/shared/imagenet512/val/n04590129/ILSVRC2012_val_00045960.JPEG,1290,66.41077423095703,0.00098419189453125,0.049445065389865595,0.6413019954891409,0.19103164908783102,27548,0.6297159390178783
251,/home/projects/bagon/shared/imagenet512/val/n04090263/ILSVRC2012_val_00039005.JPEG,2248,219.2450408935547,0.00098419189453125,0.09462005926834502,0.6915481509649339,0.12445442010500601,27578,0.8742619179850739
252,/home/projects/bagon/shared/imagenet512/val/n03838899/ILSVRC2012_val_00040855.JPEG,2337,200.47026824951172,0.0009918212890625,0.08554911277254997,0.8329484171228582,0.25202987474617056,27587,0.5873848325042895
253,/home/projects/bagon/shared/imagenet512/val/n04049303/ILSVRC2012_val_00040866.JPEG,2021,131.47078704833984,0.00099945068359375,0.07369596192505239,0.8028305602384531,0.24465841964385132,27609,0.7005707270833037
254,/home/projects/bagon/shared/imagenet512/val/n03494278/ILSVRC2012_val_00001605.JPEG,1563,47.93671417236328,0.0009918212890625,0.054674059297375115,0.31108679940520767,0.26635444493547794,27659,0.7951720992368694
255,/home/projects/bagon/shared/imagenet512/val/n02099429/ILSVRC2012_val_00020347.JPEG,2795,279.97297286987305,0.000957489013671875,0.09812286731655231,0.922561702721294,0.248956058689574,27660,0.7165930668048671
256,/home/projects/bagon/shared/imagenet512/val/n04336792/ILSVRC2012_val_00020184.JPEG,1618,85.71043395996094,0.00098419189453125,0.06105187078562621,0.7789325941740475,0.26970921949499416,27663,0.8340819937963174
257,/home/projects/bagon/shared/imagenet512/val/n15075141/ILSVRC2012_val_00027666.JPEG,2714,276.62442779541016,0.0009918212890625,0.08922681971803828,0.7908356875845455,0.2086547602327431,27669,0.646066588026563
258,/home/projects/bagon/shared/imagenet512/val/n03908714/ILSVRC2012_val_00036558.JPEG,1104,1187.4117126464844,0.00099945068359375,0.06016737177323356,0.9975849272044376,0.03386422541525397,27679,0.570114132509466
259,/home/projects/bagon/shared/imagenet512/val/n03888605/ILSVRC2012_val_00048531.JPEG,2886,264.6369323730469,0.00099945068359375,0.10314951485972808,0.7593533792765206,0.2876811005873056,27688,0.7362991702679883
260,/home/projects/bagon/shared/imagenet512/val/n01944390/ILSVRC2012_val_00013379.JPEG,1607,180.47525787353516,0.00098419189453125,0.06357009594796956,0.9040732535080637,0.1976473283309284,27689,0.660810365765869
261,/home/projects/bagon/shared/imagenet512/val/n02006656/ILSVRC2012_val_00000735.JPEG,1525,63.309722900390625,0.0009918212890625,0.06203550090320574,0.4152423913067709,0.24717878158313225,27698,0.8513088889344821
262,/home/projects/bagon/shared/imagenet512/val/n03840681/ILSVRC2012_val_00002324.JPEG,1291,76.91973876953125,0.00099945068359375,0.05356721296446847,0.6356454093971147,0.1663338228986676,27727,0.8478635232037215
263,/home/projects/bagon/shared/imagenet512/val/n02099601/ILSVRC2012_val_00031425.JPEG,2382,251.06184005737305,0.000957489013671875,0.09757015259501725,0.8071902088080652,0.2373425633908699,27790,0.542175064646091
264,/home/projects/bagon/shared/imagenet512/val/n03141823/ILSVRC2012_val_00005672.JPEG,927,54.797420501708984,0.000965118408203125,0.03568733022867985,0.718880440477088,0.26957670874769746,27806,0.6731946769464544
265,/home/projects/bagon/shared/imagenet512/val/n02730930/ILSVRC2012_val_00011640.JPEG,1681,247.69247436523438,0.00096893310546875,0.07165812196200948,0.8731989414645365,0.17472984345249937,27811,0.636880185044533
266,/home/projects/bagon/shared/imagenet512/val/n03788195/ILSVRC2012_val_00031119.JPEG,1830,73.39189910888672,0.00098419189453125,0.06678161545029697,0.4672838255844017,0.1714472471099065,27812,0.6191833613712939
267,/home/projects/bagon/shared/imagenet512/val/n02364673/ILSVRC2012_val_00034233.JPEG,1850,405.7069091796875,0.0009918212890625,0.06709171179098095,0.9921974390294563,0.3168723998993933,27838,0.5623251047114123
268,/home/projects/bagon/shared/imagenet512/val/n03743016/ILSVRC2012_val_00034079.JPEG,1386,73.33171844482422,0.00096893310546875,0.053157392646943545,0.8645641408561544,0.35138625583656113,27851,0.6266128072889834
269,/home/projects/bagon/shared/imagenet512/val/n01748264/ILSVRC2012_val_00015801.JPEG,1471,260.1071090698242,0.00099945068359375,0.07864250738862529,0.8497850440695462,0.07860781351933799,27884,0.4853230787715274
270,/home/projects/bagon/shared/imagenet512/val/n03485407/ILSVRC2012_val_00024995.JPEG,2763,515.5338668823242,0.00098419189453125,0.10038060795500606,0.9343755091623049,0.23414170673801854,27895,0.6324375785776363
271,/home/projects/bagon/shared/imagenet512/val/n01669191/ILSVRC2012_val_00036944.JPEG,4777,333.26136016845703,0.00098419189453125,0.11340064535435618,0.8354806695653396,0.22533972010004355,27948,0.7291475552746777
272,/home/projects/bagon/shared/imagenet512/val/n04367480/ILSVRC2012_val_00038364.JPEG,1129,38.42805480957031,0.00096893310546875,0.05119161513191818,0.4529224295153738,0.2032919079473013,27984,0.7126984801428311
273,/home/projects/bagon/shared/imagenet512/val/n03529860/ILSVRC2012_val_00007441.JPEG,2055,75.36820983886719,0.00098419189453125,0.05901382206839602,0.7243017724465146,0.4193864780309163,28051,0.7795918396993297
274,/home/projects/bagon/shared/imagenet512/val/n07831146/ILSVRC2012_val_00001904.JPEG,1178,67.01329040527344,0.0009918212890625,0.06194895477464114,0.5367324555149747,0.14338177546338787,28076,0.758519905501282
275,/home/projects/bagon/shared/imagenet512/val/n03000684/ILSVRC2012_val_00004262.JPEG,1276,498.1769714355469,0.0009918212890625,0.05859896975303107,0.9849751664019946,0.22228489690015654,28081,0.5047345733141931
276,/home/projects/bagon/shared/imagenet512/val/n02797295/ILSVRC2012_val_00034697.JPEG,1390,27.314163208007812,0.0009918212890625,0.0500093683188616,0.2369434598903674,0.2670609825579757,28085,0.795217469109944
277,/home/projects/bagon/shared/imagenet512/val/n03535780/ILSVRC2012_val_00009482.JPEG,2989,235.75469207763672,0.0009918212890625,0.09307743701215948,0.8876409935485896,0.19688722785440954,28097,0.5546427935976378
278,/home/projects/bagon/shared/imagenet512/val/n07584110/ILSVRC2012_val_00016359.JPEG,1599,131.95075225830078,0.00099945068359375,0.0664790105991825,0.790573086984039,0.20502725012953738,28104,0.744481527099986
279,/home/projects/bagon/shared/imagenet512/val/n02088632/ILSVRC2012_val_00022179.JPEG,2029,71.4954605102539,0.00099945068359375,0.07105408107193391,0.49327432703533775,0.37803033806088715,28114,0.7381953323653809
280,/home/projects/bagon/shared/imagenet512/val/n03954731/ILSVRC2012_val_00000645.JPEG,1627,98.24884033203125,0.00099945068359375,0.06636543132464388,0.603440021267407,0.15546298199823883,28144,0.6490110896447463
281,/home/projects/bagon/shared/imagenet512/val/n03770439/ILSVRC2012_val_00012776.JPEG,1735,326.18357849121094,0.00099945068359375,0.06534022694019936,0.9815240915700295,0.17025855914669769,28150,0.8219465495502253
282,/home/projects/bagon/shared/imagenet512/val/n02093991/ILSVRC2012_val_00012395.JPEG,2895,291.1584014892578,0.00099945068359375,0.09780743491301774,0.8783885087280463,0.2562582337673857,28151,0.5271825608135459
283,/home/projects/bagon/shared/imagenet512/val/n03109150/ILSVRC2012_val_00040330.JPEG,1274,228.2680206298828,0.00098419189453125,0.056142994341400895,0.8896303085141171,0.26209007983121163,28223,0.6329072625212795
284,/home/projects/bagon/shared/imagenet512/val/n02090622/ILSVRC2012_val_00009057.JPEG,1427,102.85496520996094,0.0009918212890625,0.043984771629808836,0.7347579227385643,0.15579464197910237,28236,0.703102034407768
285,/home/projects/bagon/shared/imagenet512/val/n03538406/ILSVRC2012_val_00022325.JPEG,1412,70.78776550292969,0.00098419189453125,0.05142885369672578,0.6483101735727084,0.23680650594917257,28281,0.6058552284608053
286,/home/projects/bagon/shared/imagenet512/val/n03891332/ILSVRC2012_val_00002431.JPEG,2042,63.77710723876953,0.00099945068359375,0.060964020822486746,0.49390122039638396,0.20946867348753978,28370,0.7104011905166374
287,/home/projects/bagon/shared/imagenet512/val/n02110627/ILSVRC2012_val_00034745.JPEG,2033,179.78868103027344,0.00099945068359375,0.08501596137735969,0.907583792408827,0.3679179938392798,28379,0.5879430347741015
288,/home/projects/bagon/shared/imagenet512/val/n07614500/ILSVRC2012_val_00017575.JPEG,1148,51.70203399658203,0.00099945068359375,0.04843717779923831,0.6081045282203151,0.12266037473309876,28384,0.7236345798807549
289,/home/projects/bagon/shared/imagenet512/val/n03938244/ILSVRC2012_val_00010921.JPEG,1687,185.77236938476562,0.0009918212890625,0.07147655225918448,0.8601115843668639,0.278395457133574,28398,0.6258906856729166
290,/home/projects/bagon/shared/imagenet512/val/n04120489/ILSVRC2012_val_00001465.JPEG,1358,109.05322265625,0.0009918212890625,0.046141236043513764,0.9521289681644312,0.35226500328515137,28413,0.8042974165310706
291,/home/projects/bagon/shared/imagenet512/val/n02086240/ILSVRC2012_val_00036602.JPEG,3205,224.47059631347656,0.0009918212890625,0.1049882125677974,0.7557349700719975,0.24532009873902172,28427,0.634787906140112
292,/home/projects/bagon/shared/imagenet512/val/n02114712/ILSVRC2012_val_00042834.JPEG,1342,84.14183807373047,0.00099945068359375,0.060471982498380025,0.6412067746587061,0.17831367988250152,28506,0.7030459359005334
293,/home/projects/bagon/shared/imagenet512/val/n09246464/ILSVRC2012_val_00002337.JPEG,2002,204.7211151123047,0.00099945068359375,0.0741648341930329,0.9170448445766328,0.2928816938551399,28511,0.5750418702171236
294,/home/projects/bagon/shared/imagenet512/val/n01697457/ILSVRC2012_val_00027760.JPEG,1484,118.3219985961914,0.00099945068359375,0.0663637023952278,0.640100861708973,0.08227120235891638,28514,0.6016807662893622
295,/home/projects/bagon/shared/imagenet512/val/n02879718/ILSVRC2012_val_00029148.JPEG,718,13.94430923461914,0.000949859619140625,0.025045600434492506,0.3650162219141266,0.25603250431999053,28517,0.8320403849605658
296,/home/projects/bagon/shared/imagenet512/val/n04487394/ILSVRC2012_val_00007492.JPEG,2840,199.1511344909668,0.000972747802734375,0.08476652280870416,0.9050091948491636,0.14327228232786332,28530,0.6882980514438893
297,/home/projects/bagon/shared/imagenet512/val/n02107908/ILSVRC2012_val_00040909.JPEG,3485,259.629150390625,0.00099945068359375,0.12249893870610383,0.7110649740759835,0.26989833512759653,28552,0.6530021021173618
298,/home/projects/bagon/shared/imagenet512/val/n02093428/ILSVRC2012_val_00030915.JPEG,4750,278.48045349121094,0.00099945068359375,0.13393952110846605,0.7778109476807101,0.2474176057303668,28608,0.8241733399303044
299,/home/projects/bagon/shared/imagenet512/val/n02814533/ILSVRC2012_val_00024318.JPEG,3258,178.88424682617188,0.00099945068359375,0.10408319057963063,0.709910116021292,0.3215304619289396,28654,0.6047337380548397
300,/home/projects/bagon/shared/imagenet512/val/n02966687/ILSVRC2012_val_00046355.JPEG,1561,59.041717529296875,0.00099945068359375,0.06262173826672135,0.5225184324331276,0.26225536025046714,28657,0.7145697792642048
301,/home/projects/bagon/shared/imagenet512/val/n02951585/ILSVRC2012_val_00024763.JPEG,1412,300.0493469238281,0.00098419189453125,0.06468781402422431,0.9228600943529777,0.22524464899131674,28743,0.6446557424440419
302,/home/projects/bagon/shared/imagenet512/val/n02116738/ILSVRC2012_val_00007075.JPEG,1872,224.4017562866211,0.00099945068359375,0.07944018773602565,0.7507708916419616,0.17277941049659667,28746,0.7354384395205342
303,/home/projects/bagon/shared/imagenet512/val/n02111889/ILSVRC2012_val_00031709.JPEG,2430,100.20608520507812,0.0009918212890625,0.08291526205758035,0.5750529154795332,0.1867831980266425,28773,0.7626835069654764
304,/home/projects/bagon/shared/imagenet512/val/n04536866/ILSVRC2012_val_00021977.JPEG,3130,294.3192367553711,0.0009765625,0.10572457734913347,0.8251259895117349,0.1255939375408383,28829,0.7019631782539951
305,/home/projects/bagon/shared/imagenet512/val/n04326547/ILSVRC2012_val_00035831.JPEG,1850,200.8213653564453,0.00098419189453125,0.07686633101453566,0.8258920239292955,0.12754840826446828,28840,0.6130241967552547
306,/home/projects/bagon/shared/imagenet512/val/n03884397/ILSVRC2012_val_00041523.JPEG,1269,156.1032257080078,0.00099945068359375,0.04967449531612064,0.9351355815855515,0.2685224174577727,28850,0.6573454840906545
307,/home/projects/bagon/shared/imagenet512/val/n01749939/ILSVRC2012_val_00046039.JPEG,3268,172.51834869384766,0.00099945068359375,0.0990958553145995,0.7828343904901187,0.2714221300591113,28887,0.7004465914052812
308,/home/projects/bagon/shared/imagenet512/val/n02442845/ILSVRC2012_val_00025532.JPEG,2936,590.2752151489258,0.00099945068359375,0.08480802596117007,0.9876573060214471,0.18892422502741213,28890,0.44618460261678405
309,/home/projects/bagon/shared/imagenet512/val/n02097209/ILSVRC2012_val_00010536.JPEG,3977,286.56732177734375,0.00099945068359375,0.12963412340900682,0.6678411082990029,0.11201237383132623,28902,0.5587590127612317
310,/home/projects/bagon/shared/imagenet512/val/n03124043/ILSVRC2012_val_00034753.JPEG,1730,329.3092346191406,0.00099945068359375,0.06044917836112799,0.9945363127347628,0.28202939519045056,28907,0.6174252942150171
311,/home/projects/bagon/shared/imagenet512/val/n03887697/ILSVRC2012_val_00027690.JPEG,2682,203.99117279052734,0.00098419189453125,0.08106007688924557,0.718522226485165,0.29698308668734436,28914,0.6580617075281514
312,/home/projects/bagon/shared/imagenet512/val/n03920288/ILSVRC2012_val_00039324.JPEG,1198,252.44619369506836,0.000957489013671875,0.05727649394319716,0.955816780676042,0.23557683817652483,28920,0.6441840001855794
313,/home/projects/bagon/shared/imagenet512/val/n02504458/ILSVRC2012_val_00029453.JPEG,1609,90.21654510498047,0.00099945068359375,0.06798786248414339,0.5214511362718721,0.13383440221737528,28924,0.49796231900839427
314,/home/projects/bagon/shared/imagenet512/val/n02843684/ILSVRC2012_val_00015790.JPEG,1887,105.33148193359375,0.00098419189453125,0.07190165393932008,0.7459046598668091,0.4022180672281289,28933,0.5534694993708654
315,/home/projects/bagon/shared/imagenet512/val/n04501370/ILSVRC2012_val_00009103.JPEG,1045,226.04943084716797,0.0009918212890625,0.05416484760949619,0.9196265413427746,0.16846174557202165,28941,0.6151909928804339
316,/home/projects/bagon/shared/imagenet512/val/n03891251/ILSVRC2012_val_00028675.JPEG,1634,53.57107162475586,0.000972747802734375,0.05246659718638214,0.5791904560616723,0.13070054798857372,28978,0.7243757788839019
317,/home/projects/bagon/shared/imagenet512/val/n01494475/ILSVRC2012_val_00036479.JPEG,2479,518.1278305053711,0.00099945068359375,0.09612055126447508,0.9212236007239465,0.19009517874409626,28990,0.7959504854433039
318,/home/projects/bagon/shared/imagenet512/val/n04208210/ILSVRC2012_val_00030129.JPEG,1520,672.7438507080078,0.000946044921875,0.06386305094856422,0.9770717007402934,0.17709057216915908,29035,0.4863824720750925
319,/home/projects/bagon/shared/imagenet512/val/n04483307/ILSVRC2012_val_00017840.JPEG,3141,386.57405853271484,0.0009613037109375,0.11370853058354598,0.8864051538261518,0.12096406545878802,29037,0.6409311955066446
320,/home/projects/bagon/shared/imagenet512/val/n02106662/ILSVRC2012_val_00026629.JPEG,1970,313.3679504394531,0.0009918212890625,0.07998202034057404,0.929502038414475,0.2651436186277446,29069,0.5467676845391877
321,/home/projects/bagon/shared/imagenet512/val/n02120079/ILSVRC2012_val_00015128.JPEG,1239,100.68353271484375,0.00099945068359375,0.05239048123128322,0.7994899054592994,0.2024504344744017,29083,0.6372695651677532
322,/home/projects/bagon/shared/imagenet512/val/n02397096/ILSVRC2012_val_00046916.JPEG,1708,198.70281219482422,0.0009918212890625,0.07544544882185968,0.7823946157413765,0.09459488728700316,29127,0.6286963093417932
323,/home/projects/bagon/shared/imagenet512/val/n01534433/ILSVRC2012_val_00017384.JPEG,1957,131.44039154052734,0.00099945068359375,0.0720344000036641,0.8702413451776242,0.207737695600069,29165,0.5504212532195034
324,/home/projects/bagon/shared/imagenet512/val/n03476991/ILSVRC2012_val_00005670.JPEG,1756,391.67255783081055,0.000965118408203125,0.06712630931009567,0.92862910991663,0.04117622886122824,29225,0.7020908627176327
325,/home/projects/bagon/shared/imagenet512/val/n03272010/ILSVRC2012_val_00008283.JPEG,1828,266.24246978759766,0.00095367431640625,0.06661480130551077,0.8351834484418543,0.08816046840141095,29239,0.6821496309861604
326,/home/projects/bagon/shared/imagenet512/val/n03447721/ILSVRC2012_val_00018056.JPEG,3172,580.4399642944336,0.00099945068359375,0.09076864000451869,0.9862568478987646,0.22457095201086347,29250,0.6371188294735702
327,/home/projects/bagon/shared/imagenet512/val/n02096294/ILSVRC2012_val_00004605.JPEG,2791,103.45281982421875,0.00098419189453125,0.08870948014888645,0.5336945331977895,0.29837446027614156,29255,0.6179805207246927
328,/home/projects/bagon/shared/imagenet512/val/n03770439/ILSVRC2012_val_00037570.JPEG,1955,162.80941009521484,0.00099945068359375,0.07541213010709372,0.8053557657307866,0.25415904931490274,29283,0.6859769610030997
329,/home/projects/bagon/shared/imagenet512/val/n02134418/ILSVRC2012_val_00044349.JPEG,1923,127.47199249267578,0.0009918212890625,0.06916874034341385,0.8586698296434936,0.14457878259673668,29299,0.8124415625194907
330,/home/projects/bagon/shared/imagenet512/val/n07695742/ILSVRC2012_val_00025414.JPEG,1850,131.36722564697266,0.00098419189453125,0.06252867483714139,0.8237173723528604,0.26035982718648176,29317,0.5493271047707711
331,/home/projects/bagon/shared/imagenet512/val/n03532672/ILSVRC2012_val_00019398.JPEG,2220,312.8816566467285,0.000934600830078125,0.07512123525138885,0.9689703392478141,0.27890241414302575,29321,0.7205144127486652
332,/home/projects/bagon/shared/imagenet512/val/n02110806/ILSVRC2012_val_00026028.JPEG,1317,244.4752655029297,0.0009765625,0.0639540632856604,0.8782526272931346,0.13437975462831703,29324,0.49194059949348057
333,/home/projects/bagon/shared/imagenet512/val/n02097474/ILSVRC2012_val_00034884.JPEG,2475,339.5437240600586,0.00099945068359375,0.09831803936938587,0.9331705921922792,0.2271044046352966,29347,0.7155771030841421
334,/home/projects/bagon/shared/imagenet512/val/n03496892/ILSVRC2012_val_00013315.JPEG,2589,313.33345794677734,0.00096893310546875,0.11152694336368608,0.9180677553225246,0.2413008338697415,29361,0.5536510526384874
335,/home/projects/bagon/shared/imagenet512/val/n09332890/ILSVRC2012_val_00018915.JPEG,1704,218.3854217529297,0.00099945068359375,0.06342008651295776,0.9475404042545099,0.20856044645846877,29416,0.4352740172974938
336,/home/projects/bagon/shared/imagenet512/val/n02276258/ILSVRC2012_val_00015025.JPEG,2825,1108.1071548461914,0.00099945068359375,0.0951760331762414,0.9940702122739311,0.2546624752772513,29431,0.6544467401840095
337,/home/projects/bagon/shared/imagenet512/val/n02361337/ILSVRC2012_val_00015451.JPEG,1951,367.0899848937988,0.000972747802734375,0.09211254138574372,0.9588534594101363,0.26819057106030547,29437,0.6931501881746442
338,/home/projects/bagon/shared/imagenet512/val/n02089078/ILSVRC2012_val_00008152.JPEG,3190,188.84901428222656,0.0009918212890625,0.09350442750757716,0.8490356538131619,0.32033330299915486,29440,0.597747328594147
339,/home/projects/bagon/shared/imagenet512/val/n01819313/ILSVRC2012_val_00032843.JPEG,1690,178.41112518310547,0.0009765625,0.07233387795376992,0.9492344515800923,0.20361158975766824,29442,0.6960002160055734
340,/home/projects/bagon/shared/imagenet512/val/n04086273/ILSVRC2012_val_00009592.JPEG,2392,310.86226654052734,0.00099945068359375,0.08923512005331351,0.9165138521537086,0.23704014371700338,29444,0.6081407792977196
341,/home/projects/bagon/shared/imagenet512/val/n03724870/ILSVRC2012_val_00043713.JPEG,1329,86.7331428527832,0.000965118408203125,0.057920971274118306,0.6604088821317784,0.12654585450113542,29446,0.8085493526944931
342,/home/projects/bagon/shared/imagenet512/val/n03494278/ILSVRC2012_val_00048826.JPEG,2069,297.03052520751953,0.00098419189453125,0.0799657041500183,0.9025694220331207,0.14872684566863653,29448,0.6508383848084422
343,/home/projects/bagon/shared/imagenet512/val/n04371430/ILSVRC2012_val_00026046.JPEG,1540,189.2858123779297,0.00096893310546875,0.06849448656781482,0.8008085859467495,0.18980469239707914,29477,0.6306948004858073
344,/home/projects/bagon/shared/imagenet512/val/n02101556/ILSVRC2012_val_00030705.JPEG,1679,137.11151123046875,0.00099945068359375,0.068286706200949,0.7888865586836591,0.21676094058182738,29490,0.7103403555294228
345,/home/projects/bagon/shared/imagenet512/val/n02100236/ILSVRC2012_val_00048834.JPEG,1543,428.61299896240234,0.00099945068359375,0.07166188296363422,0.9544372455934164,0.13480824831588928,29502,0.53655510320024
346,/home/projects/bagon/shared/imagenet512/val/n02977058/ILSVRC2012_val_00000893.JPEG,1348,40.374351501464844,0.00099945068359375,0.04707395188787837,0.42035650373335204,0.18694124822443764,29504,0.6703991000586224
347,/home/projects/bagon/shared/imagenet512/val/n07742313/ILSVRC2012_val_00019453.JPEG,1218,135.1468048095703,0.00099945068359375,0.05759591209703104,0.8559152189828912,0.19984958689559984,29508,0.693998166272083
348,/home/projects/bagon/shared/imagenet512/val/n03481172/ILSVRC2012_val_00032972.JPEG,2823,430.06197357177734,0.0009918212890625,0.08591508604344807,0.8178032885651072,0.2891271921071654,29514,0.69595291796787
349,/home/projects/bagon/shared/imagenet512/val/n03794056/ILSVRC2012_val_00018129.JPEG,802,324.2093200683594,0.0009918212890625,0.04643889085646215,0.9551675015419158,0.11246679992197811,29544,0.6481948681513235
350,/home/projects/bagon/shared/imagenet512/val/n02112137/ILSVRC2012_val_00006416.JPEG,2540,146.70541381835938,0.0009918212890625,0.08745093835714533,0.6936076945862486,0.2862197330545379,29564,0.6333238072419535
351,/home/projects/bagon/shared/imagenet512/val/n07892512/ILSVRC2012_val_00012481.JPEG,2940,198.43909454345703,0.0009918212890625,0.0973622962789657,0.728981780683614,0.15638764490773865,29587,0.6523581803593134
352,/home/projects/bagon/shared/imagenet512/val/n03216828/ILSVRC2012_val_00018083.JPEG,2397,313.4989356994629,0.000942230224609375,0.09218354613480469,0.8640598568841806,0.27114131394303337,29588,0.7968757089044001
353,/home/projects/bagon/shared/imagenet512/val/n04069434/ILSVRC2012_val_00003744.JPEG,3448,174.95325469970703,0.00099945068359375,0.10251326613266873,0.6932924085314757,0.34995765548033814,29639,0.6851956820328631
354,/home/projects/bagon/shared/imagenet512/val/n03388183/ILSVRC2012_val_00010518.JPEG,2659,242.661865234375,0.00098419189453125,0.08148496953345319,0.9153560170057052,0.30699698671827585,29668,0.7531314753601429
355,/home/projects/bagon/shared/imagenet512/val/n01984695/ILSVRC2012_val_00040612.JPEG,1806,201.70746612548828,0.0009918212890625,0.07404997486710273,0.9293506527584476,0.25738840495309395,29673,0.7182068976251773
356,/home/projects/bagon/shared/imagenet512/val/n04447861/ILSVRC2012_val_00037132.JPEG,1381,85.66361618041992,0.000965118408203125,0.0418117451141423,0.7311672203106444,0.03266878050594335,29676,0.897017148709625
357,/home/projects/bagon/shared/imagenet512/val/n06596364/ILSVRC2012_val_00029708.JPEG,1934,194.05155181884766,0.0009918212890625,0.08264652607921172,0.7547459587135736,0.0988742970227276,29705,0.7124938170353661
358,/home/projects/bagon/shared/imagenet512/val/n04254120/ILSVRC2012_val_00021837.JPEG,1940,308.5544319152832,0.000965118408203125,0.07459712108887007,0.9494892507755328,0.2592278729539164,29715,0.5885141415474281
359,/home/projects/bagon/shared/imagenet512/val/n03584254/ILSVRC2012_val_00003300.JPEG,2024,341.6402816772461,0.00099945068359375,0.08000152357568727,0.905044404394934,0.2523919086222984,29764,0.7500516671546785
360,/home/projects/bagon/shared/imagenet512/val/n01955084/ILSVRC2012_val_00015408.JPEG,1108,97.30315399169922,0.00099945068359375,0.05110567568814982,0.6433342150916295,0.19923567546346127,29770,0.7066867363139665
361,/home/projects/bagon/shared/imagenet512/val/n07875152/ILSVRC2012_val_00015691.JPEG,1260,299.92784118652344,0.0009765625,0.05067557828449653,0.9888856070577445,0.2491034793600011,29773,0.6561387560770858
362,/home/projects/bagon/shared/imagenet512/val/n04005630/ILSVRC2012_val_00043759.JPEG,1774,146.4709129333496,0.000972747802734375,0.0703524384796207,0.7827634047169892,0.11132695963750147,29798,0.5412460209570961
363,/home/projects/bagon/shared/imagenet512/val/n04251144/ILSVRC2012_val_00002946.JPEG,1122,168.55247497558594,0.00098419189453125,0.05356119556483989,0.9198234474041812,0.1396904500435318,29804,0.5192247560801633
364,/home/projects/bagon/shared/imagenet512/val/n02699494/ILSVRC2012_val_00021797.JPEG,1686,158.15508651733398,0.000919342041015625,0.06806272754845367,0.7568451730450846,0.16835926499996012,29810,0.8114231594787624
365,/home/projects/bagon/shared/imagenet512/val/n02096177/ILSVRC2012_val_00001286.JPEG,2710,155.6496353149414,0.00099945068359375,0.08238993083223993,0.800092739398579,0.2634776219162985,29815,0.5171265933625385
366,/home/projects/bagon/shared/imagenet512/val/n01608432/ILSVRC2012_val_00028521.JPEG,2508,216.8783187866211,0.00099945068359375,0.07674233563285103,0.9069826037534194,0.31451430079068987,29861,0.55584251684245
367,/home/projects/bagon/shared/imagenet512/val/n02112706/ILSVRC2012_val_00029152.JPEG,1164,51.957435607910156,0.00099945068359375,0.04562300970025061,0.577776384142627,0.21397744359398607,29865,0.8137904256389684
368,/home/projects/bagon/shared/imagenet512/val/n04606251/ILSVRC2012_val_00021959.JPEG,1100,24.371620178222656,0.00099945068359375,0.038262809944089864,0.39115301063426444,0.26065803551593353,29869,0.7121639278254472
369,/home/projects/bagon/shared/imagenet512/val/n04590129/ILSVRC2012_val_00041532.JPEG,2349,186.1162109375,0.0009918212890625,0.0787802224856393,0.8591592140506266,0.32871718427430474,29870,0.6148484962526246
370,/home/projects/bagon/shared/imagenet512/val/n07932039/ILSVRC2012_val_00012915.JPEG,1191,43.02050018310547,0.0009765625,0.04495857377410607,0.5317927396614567,0.18169395743402073,29882,0.7613614535711559
371,/home/projects/bagon/shared/imagenet512/val/n02095889/ILSVRC2012_val_00036739.JPEG,1602,223.2703399658203,0.00099945068359375,0.06720128007923785,0.9345181312321241,0.25331108414532916,29892,0.6233408047456409
372,/home/projects/bagon/shared/imagenet512/val/n03496892/ILSVRC2012_val_00015968.JPEG,2555,143.61134338378906,0.00099945068359375,0.07969308540833205,0.5749076903156694,0.05506184342127707,29903,0.6561431608745496
373,/home/projects/bagon/shared/imagenet512/val/n02264363/ILSVRC2012_val_00044228.JPEG,1647,226.36112213134766,0.00099945068359375,0.06985429136610437,0.907503743787054,0.1516975674756979,29911,0.6599163876406228
374,/home/projects/bagon/shared/imagenet512/val/n04336792/ILSVRC2012_val_00006911.JPEG,1374,356.5083770751953,0.0009918212890625,0.058799628159544794,0.9904829150617744,0.18416445521423802,29916,0.6120445680087938
375,/home/projects/bagon/shared/imagenet512/val/n02871525/ILSVRC2012_val_00045104.JPEG,1788,115.2242202758789,0.00099945068359375,0.07711354290898394,0.5566904151583747,0.1748926031077488,29926,0.4423538309531898
376,/home/projects/bagon/shared/imagenet512/val/n03781244/ILSVRC2012_val_00029842.JPEG,3148,345.73355865478516,0.00099945068359375,0.11533836429033921,0.8251787149765417,0.14550087176758572,29951,0.6297244896850295
377,/home/projects/bagon/shared/imagenet512/val/n02097474/ILSVRC2012_val_00039144.JPEG,2698,276.93458557128906,0.00099945068359375,0.09207171600792992,0.9067436506748003,0.2665914863249935,29952,0.6565925587495494
378,/home/projects/bagon/shared/imagenet512/val/n02099267/ILSVRC2012_val_00027230.JPEG,4066,839.6750869750977,0.00099945068359375,0.12461245124863295,0.9854467198207498,0.3217323652661075,29958,0.5989532188754817
379,/home/projects/bagon/shared/imagenet512/val/n03220513/ILSVRC2012_val_00003991.JPEG,1713,333.3857765197754,0.000972747802734375,0.08060940467015165,0.9263851799090066,0.27707667945011094,29975,0.619673028960211
380,/home/projects/bagon/shared/imagenet512/val/n02730930/ILSVRC2012_val_00008451.JPEG,1572,83.8411636352539,0.00099945068359375,0.06202985888918111,0.6772393929441061,0.2766083942041245,29995,0.7640804326738531
381,/home/projects/bagon/shared/imagenet512/val/n13133613/ILSVRC2012_val_00013238.JPEG,3886,210.78067779541016,0.0009918212890625,0.11021005105143816,0.4701908683454291,0.046359466606846755,30036,0.8182101620831829
382,/home/projects/bagon/shared/imagenet512/val/n02112706/ILSVRC2012_val_00028642.JPEG,1369,168.40318298339844,0.0009918212890625,0.047600089596671724,0.9217453881959765,0.34767961859551477,30056,0.6889457372964958
383,/home/projects/bagon/shared/imagenet512/val/n04542943/ILSVRC2012_val_00035586.JPEG,1143,472.1623649597168,0.000972747802734375,0.05638819989488136,0.9867011506413175,0.02020734715107142,30068,0.6388698272951601
384,/home/projects/bagon/shared/imagenet512/val/n02916936/ILSVRC2012_val_00039377.JPEG,1561,31.901805877685547,0.000972747802734375,0.05207077401254385,0.49477865054856246,0.18402964541395594,30082,0.8175219351765312
385,/home/projects/bagon/shared/imagenet512/val/n02113978/ILSVRC2012_val_00018055.JPEG,1354,71.96202087402344,0.0009765625,0.05089432393954345,0.6000349641698125,0.11627455008064724,30097,0.8018004334039749
386,/home/projects/bagon/shared/imagenet512/val/n04265275/ILSVRC2012_val_00041195.JPEG,1470,209.28250885009766,0.00099945068359375,0.06318132341936082,0.8993576168663492,0.22047019288692637,30139,0.8371958516989573
387,/home/projects/bagon/shared/imagenet512/val/n03109150/ILSVRC2012_val_00014892.JPEG,2371,227.2295913696289,0.0009918212890625,0.0850586622506638,0.8497908827446705,0.1430290218114671,30147,0.7591172678267751
388,/home/projects/bagon/shared/imagenet512/val/n03825788/ILSVRC2012_val_00037715.JPEG,1235,67.18966674804688,0.0009765625,0.05131637635218251,0.6888461365638685,0.43409364927145194,30167,0.7624632510957204
389,/home/projects/bagon/shared/imagenet512/val/n04277352/ILSVRC2012_val_00003535.JPEG,1698,175.2876968383789,0.00098419189453125,0.06585385231197477,0.9200333030340238,0.22431124081568976,30182,0.7694613201208609
390,/home/projects/bagon/shared/imagenet512/val/n03467068/ILSVRC2012_val_00048005.JPEG,1336,103.3656234741211,0.0009918212890625,0.04247190291908602,0.8776158935554198,0.24165124368174312,30230,0.6603199259832306
391,/home/projects/bagon/shared/imagenet512/val/n02817516/ILSVRC2012_val_00004556.JPEG,1846,202.8334732055664,0.0009765625,0.06992007940702326,0.9685595970070656,0.30802238309639046,30232,0.7068437707122268
392,/home/projects/bagon/shared/imagenet512/val/n01601694/ILSVRC2012_val_00028099.JPEG,1843,499.2907409667969,0.00099945068359375,0.08253050148836276,0.9780295738208062,0.13483281909475747,30237,0.5153961044977808
393,/home/projects/bagon/shared/imagenet512/val/n02978881/ILSVRC2012_val_00030912.JPEG,2318,363.3037414550781,0.00098419189453125,0.0780466283210525,0.9454755118205808,0.3411207564683893,30238,0.5477442386337554
394,/home/projects/bagon/shared/imagenet512/val/n01616318/ILSVRC2012_val_00014220.JPEG,1199,531.2118530273438,0.00099945068359375,0.0721175943041638,0.939523294898177,0.2912935846410942,30244,0.7194924859821883
395,/home/projects/bagon/shared/imagenet512/val/n03938244/ILSVRC2012_val_00003761.JPEG,996,125.58575439453125,0.00096893310546875,0.05172935867335849,0.8729044014144403,0.1929915015533506,30309,0.47977172299632476
396,/home/projects/bagon/shared/imagenet512/val/n02110627/ILSVRC2012_val_00048018.JPEG,3000,626.4077072143555,0.00099945068359375,0.10712671965787023,0.9883120315440427,0.20429940553212572,30320,0.77074102535689
397,/home/projects/bagon/shared/imagenet512/val/n01698640/ILSVRC2012_val_00004106.JPEG,1989,121.93195343017578,0.00099945068359375,0.08024468869130855,0.6027107063661581,0.1336459923644755,30405,0.4976791111397038
398,/home/projects/bagon/shared/imagenet512/val/n02114712/ILSVRC2012_val_00047973.JPEG,2151,750.1009216308594,0.0009918212890625,0.13162678810348538,0.8983133390005819,0.035567295048682,30407,0.5944152580868652
399,/home/projects/bagon/shared/imagenet512/val/n07697537/ILSVRC2012_val_00003908.JPEG,1917,51.35224151611328,0.00099945068359375,0.0603712074535915,0.5782343355453652,0.24472155250488029,30422,0.6847688379185528
400,/home/projects/bagon/shared/imagenet512/val/n04311174/ILSVRC2012_val_00031667.JPEG,1299,187.45077514648438,0.00098419189453125,0.0603376712421718,0.9272701547859026,0.23566164634294245,30424,0.6501681678126257
401,/home/projects/bagon/shared/imagenet512/val/n03825788/ILSVRC2012_val_00048296.JPEG,1948,661.3611526489258,0.00099945068359375,0.08297393024074091,0.9579416610688187,0.2467894199990357,30444,0.5768123218866005
402,/home/projects/bagon/shared/imagenet512/val/n03372029/ILSVRC2012_val_00026483.JPEG,1499,251.06752014160156,0.0009918212890625,0.056956427798545456,0.9468487648571471,0.1792104148728248,30482,0.6959695092481792
403,/home/projects/bagon/shared/imagenet512/val/n02641379/ILSVRC2012_val_00031143.JPEG,1898,112.61957550048828,0.00099945068359375,0.05951217371891856,0.6694043518049816,0.18657406875250193,30495,0.4956601249612907
404,/home/projects/bagon/shared/imagenet512/val/n02111500/ILSVRC2012_val_00023003.JPEG,3352,715.3661689758301,0.000949859619140625,0.10947950112951435,0.9756639825016731,0.21277101548798172,30513,0.7050426211743384
405,/home/projects/bagon/shared/imagenet512/val/n01698640/ILSVRC2012_val_00045338.JPEG,1579,51.95453643798828,0.00099945068359375,0.05381077064780266,0.6017319579370024,0.19072519301826996,30515,0.7786080074806819
406,/home/projects/bagon/shared/imagenet512/val/n02113978/ILSVRC2012_val_00021475.JPEG,1817,407.1876220703125,0.0009918212890625,0.05890757973681516,0.9932787823902369,0.15815621215177517,30517,0.7352204239421606
407,/home/projects/bagon/shared/imagenet512/val/n01491361/ILSVRC2012_val_00025137.JPEG,1920,79.34263229370117,0.000972747802734375,0.06328614099978536,0.44071926571715236,0.15192907701577985,30524,0.7707916476606554
408,/home/projects/bagon/shared/imagenet512/val/n03773504/ILSVRC2012_val_00045982.JPEG,8038,1175.9855880737305,0.00099945068359375,0.161568905962409,0.9898602973572336,0.16144253519395113,30527,0.6241125681592617
409,/home/projects/bagon/shared/imagenet512/val/n03124170/ILSVRC2012_val_00020143.JPEG,1588,119.93067169189453,0.00099945068359375,0.05192572957280743,0.9219635812998018,0.32567367124393487,30553,0.8684700174002916
410,/home/projects/bagon/shared/imagenet512/val/n02233338/ILSVRC2012_val_00031638.JPEG,1549,446.47561264038086,0.000965118408203125,0.06718680735459653,0.9857032704416356,0.14702602083202365,30556,0.5042059184700939
411,/home/projects/bagon/shared/imagenet512/val/n09835506/ILSVRC2012_val_00022153.JPEG,2178,76.9192123413086,0.0009613037109375,0.07548286198375682,0.5103395595953867,0.11446500262093273,30605,0.7679406945290062
412,/home/projects/bagon/shared/imagenet512/val/n02117135/ILSVRC2012_val_00044496.JPEG,1551,119.19213104248047,0.0009918212890625,0.0620188083891538,0.7099599717871496,0.2052787162069562,30609,0.6314874134499527
413,/home/projects/bagon/shared/imagenet512/val/n02120079/ILSVRC2012_val_00027511.JPEG,1928,250.73399353027344,0.00099945068359375,0.07598084959634763,0.9180192458463545,0.18869745992012393,30667,0.6519088895492144
414,/home/projects/bagon/shared/imagenet512/val/n02085782/ILSVRC2012_val_00028706.JPEG,3684,223.2997283935547,0.0009918212890625,0.08486343314244757,0.9824152435690873,0.3808569705123602,30677,0.5930633975973837
415,/home/projects/bagon/shared/imagenet512/val/n03676483/ILSVRC2012_val_00044945.JPEG,2225,64.6810302734375,0.00098419189453125,0.06927306513206964,0.5358171280614451,0.1871522774631631,30691,0.649900056867336
416,/home/projects/bagon/shared/imagenet512/val/n03657121/ILSVRC2012_val_00039878.JPEG,1653,244.00737762451172,0.00099945068359375,0.0817890746331353,0.8089097981231159,0.2465261829999395,30697,0.584665980476363
417,/home/projects/bagon/shared/imagenet512/val/n04086273/ILSVRC2012_val_00017797.JPEG,1861,192.3304443359375,0.00098419189453125,0.07539943707692948,0.842821249646547,0.26225423075862975,30698,0.5541019312507841
418,/home/projects/bagon/shared/imagenet512/val/n02128925/ILSVRC2012_val_00046612.JPEG,3830,222.8441619873047,0.00099945068359375,0.12121331154738614,0.713418987134977,0.2191817347289897,30713,0.6544248602514026
419,/home/projects/bagon/shared/imagenet512/val/n02133161/ILSVRC2012_val_00042882.JPEG,1843,455.3507080078125,0.0009765625,0.07177484792000677,0.9636119268063859,0.0186055589952403,30717,0.7902509317584916
420,/home/projects/bagon/shared/imagenet512/val/n03032252/ILSVRC2012_val_00028502.JPEG,1293,44.12146759033203,0.0009765625,0.05522545390799186,0.42472517619173994,0.27435942499361743,30838,0.8159150587035101
421,/home/projects/bagon/shared/imagenet512/val/n03902125/ILSVRC2012_val_00049357.JPEG,1980,146.33372497558594,0.0009765625,0.07076539942161082,0.8012971253973946,0.12562399419122638,30850,0.6829574184551627
422,/home/projects/bagon/shared/imagenet512/val/n01667114/ILSVRC2012_val_00004019.JPEG,2626,629.8527297973633,0.00099945068359375,0.1003702498160288,0.9864641113665094,0.23482450911901756,30854,0.7176351784081955
423,/home/projects/bagon/shared/imagenet512/val/n03063689/ILSVRC2012_val_00044838.JPEG,2527,107.37592315673828,0.0009765625,0.0832125265720318,0.5119275863770697,0.1722759597194483,30898,0.7139732073457301
424,/home/projects/bagon/shared/imagenet512/val/n04254120/ILSVRC2012_val_00042528.JPEG,2009,184.0096549987793,0.000972747802734375,0.06683757964334888,0.891924598615998,0.30118764889520505,30989,0.6823183262258395
425,/home/projects/bagon/shared/imagenet512/val/n01491361/ILSVRC2012_val_00003204.JPEG,2925,109.49944305419922,0.00098419189453125,0.08354306401177093,0.6321636032230332,0.31513679669462896,31029,0.7225382925753795
426,/home/projects/bagon/shared/imagenet512/val/n04376876/ILSVRC2012_val_00034357.JPEG,673,181.22748565673828,0.00096893310546875,0.04105842443329672,0.8792268254350453,0.2558125349038444,31033,0.6716258156624108
427,/home/projects/bagon/shared/imagenet512/val/n01955084/ILSVRC2012_val_00041103.JPEG,1110,107.1006851196289,0.00098419189453125,0.047094757544252644,0.8601185507227629,0.13878610938446312,31067,0.6603730839251842
428,/home/projects/bagon/shared/imagenet512/val/n02906734/ILSVRC2012_val_00005144.JPEG,2548,110.91537475585938,0.00099945068359375,0.08167178714987638,0.8297587914380684,0.20596275615366255,31093,0.7890560542797131
429,/home/projects/bagon/shared/imagenet512/val/n03691459/ILSVRC2012_val_00015097.JPEG,2209,165.51036834716797,0.00099945068359375,0.07336062149451358,0.8940794555543798,0.22426990818232023,31094,0.8294300798653614
430,/home/projects/bagon/shared/imagenet512/val/n07892512/ILSVRC2012_val_00035226.JPEG,3180,660.0768127441406,0.00099945068359375,0.07456797524808155,0.9962156022568712,0.1763947664622904,31128,0.5714393799533158
431,/home/projects/bagon/shared/imagenet512/val/n12620546/ILSVRC2012_val_00026212.JPEG,1461,115.08453369140625,0.0009765625,0.06516299334413073,0.7097895109788765,0.16227115679135945,31135,0.7618113221831209
432,/home/projects/bagon/shared/imagenet512/val/n03676483/ILSVRC2012_val_00039467.JPEG,2577,541.718318939209,0.000972747802734375,0.08141921249868113,0.9525437459417656,0.20188149429924168,31139,0.6479975162711787
433,/home/projects/bagon/shared/imagenet512/val/n04592741/ILSVRC2012_val_00037034.JPEG,2236,325.26942443847656,0.00098419189453125,0.09578103737375601,0.8186649183547625,0.2266443426829285,31202,0.5730990072769604
434,/home/projects/bagon/shared/imagenet512/val/n01744401/ILSVRC2012_val_00000688.JPEG,2427,84.12479400634766,0.00098419189453125,0.07969448578713545,0.5607243100812013,0.1846303509046735,31226,0.6529059932662079
435,/home/projects/bagon/shared/imagenet512/val/n02113712/ILSVRC2012_val_00043139.JPEG,4625,494.87451934814453,0.00098419189453125,0.1608639931859735,0.7103524070898423,0.15912325817364098,31238,0.6017373635677863
436,/home/projects/bagon/shared/imagenet512/val/n02094114/ILSVRC2012_val_00020556.JPEG,2986,278.6441993713379,0.000965118408203125,0.10777415310619597,0.7720295592628866,0.1922764952717359,31279,0.497407983237789
437,/home/projects/bagon/shared/imagenet512/val/n01740131/ILSVRC2012_val_00047845.JPEG,2162,221.7967300415039,0.00098419189453125,0.09139352297611462,0.7945896444793531,0.22929386770808313,31282,0.5977959828520683
438,/home/projects/bagon/shared/imagenet512/val/n01950731/ILSVRC2012_val_00027270.JPEG,2942,151.2821044921875,0.00099945068359375,0.08840357882001361,0.80475990889874,0.30298001757635257,31310,0.6730629524102609
439,/home/projects/bagon/shared/imagenet512/val/n07716906/ILSVRC2012_val_00022678.JPEG,1784,160.89862823486328,0.00099945068359375,0.0622839947967931,0.8470190441542702,0.2528383564677691,31321,0.7558397882346355
440,/home/projects/bagon/shared/imagenet512/val/n03697007/ILSVRC2012_val_00026290.JPEG,1042,209.39470672607422,0.00099945068359375,0.054215654460878025,0.8593889801768826,0.32719484831401746,31366,0.8011608953854076
441,/home/projects/bagon/shared/imagenet512/val/n03065424/ILSVRC2012_val_00049057.JPEG,1568,166.1084747314453,0.00098419189453125,0.06462665570046704,0.8164983593327011,0.15341112216231884,31368,0.6727811973819307
442,/home/projects/bagon/shared/imagenet512/val/n09193705/ILSVRC2012_val_00044456.JPEG,3699,321.67818450927734,0.0009765625,0.10692730193371103,0.8498146232655657,0.10517889774237171,31387,0.6611002754622519
443,/home/projects/bagon/shared/imagenet512/val/n13054560/ILSVRC2012_val_00009020.JPEG,2082,145.2423324584961,0.00096893310546875,0.07400727362287683,0.8083476714493936,0.15455116825011173,31397,0.6944340268088198
444,/home/projects/bagon/shared/imagenet512/val/n01775062/ILSVRC2012_val_00023244.JPEG,2158,84.02800369262695,0.000972747802734375,0.07584906122737659,0.49481127176970496,0.1630556610046061,31399,0.6298406273015544
445,/home/projects/bagon/shared/imagenet512/val/n02105251/ILSVRC2012_val_00022548.JPEG,1911,116.53651428222656,0.00098419189453125,0.07580697209622873,0.6352453115642605,0.19306542966418982,31408,0.6166325031015646
446,/home/projects/bagon/shared/imagenet512/val/n03032252/ILSVRC2012_val_00004807.JPEG,1271,158.26673126220703,0.00099945068359375,0.06040211756847862,0.8969429196855335,0.15422771852827782,31420,0.7981609792668973
447,/home/projects/bagon/shared/imagenet512/val/n04317175/ILSVRC2012_val_00009153.JPEG,1930,80.86304473876953,0.0009613037109375,0.06577226872715311,0.6397565014237614,0.34682180745631797,31424,0.7690478745254058
448,/home/projects/bagon/shared/imagenet512/val/n04336792/ILSVRC2012_val_00030144.JPEG,1456,227.66151428222656,0.0009613037109375,0.05727799160003977,0.9586859733468961,0.22257815549730897,31445,0.7411633094497796
449,/home/projects/bagon/shared/imagenet512/val/n02825657/ILSVRC2012_val_00015150.JPEG,1838,78.11212921142578,0.00096893310546875,0.06840705163617425,0.5781316917193349,0.1517018260968684,31449,0.7100143015289594
450,/home/projects/bagon/shared/imagenet512/val/n02108000/ILSVRC2012_val_00023760.JPEG,5340,394.50060272216797,0.00099945068359375,0.1495947258116071,0.7867281825127269,0.21929460725762184,31450,0.5794701748629555
451,/home/projects/bagon/shared/imagenet512/val/n02837789/ILSVRC2012_val_00029050.JPEG,3903,200.8568878173828,0.00099945068359375,0.10764049838227387,0.6918078898378384,0.26275487870398373,31460,0.7456125067001181
452,/home/projects/bagon/shared/imagenet512/val/n02814860/ILSVRC2012_val_00046532.JPEG,2680,271.78577423095703,0.00099945068359375,0.07002026369076274,0.9872793419585127,0.27998289966823997,31481,0.7564626656333221
453,/home/projects/bagon/shared/imagenet512/val/n02841315/ILSVRC2012_val_00014836.JPEG,1693,185.37866592407227,0.000965118408203125,0.07063292282371482,0.8251917187315875,0.22873836594453162,31504,0.7295421301715143
454,/home/projects/bagon/shared/imagenet512/val/n02110958/ILSVRC2012_val_00005017.JPEG,2344,206.12472534179688,0.00099945068359375,0.07544658789906271,0.9101974883820267,0.22451814605634696,31508,0.7477740708117497
455,/home/projects/bagon/shared/imagenet512/val/n03584829/ILSVRC2012_val_00041463.JPEG,1193,49.03675079345703,0.0009918212890625,0.04715056797008884,0.40040498803589136,0.1442087524471795,31544,0.8596235504441204
456,/home/projects/bagon/shared/imagenet512/val/n03825788/ILSVRC2012_val_00038428.JPEG,2062,82.70922088623047,0.00099945068359375,0.05887518964460894,0.8000719614307905,0.25745508379801973,31551,0.8092730580324603
457,/home/projects/bagon/shared/imagenet512/val/n04081281/ILSVRC2012_val_00007483.JPEG,1279,101.78955841064453,0.0009918212890625,0.0538025758308373,0.7129177342243218,0.17278338289731515,31566,0.7625342151894499
458,/home/projects/bagon/shared/imagenet512/val/n03483316/ILSVRC2012_val_00016051.JPEG,2835,454.078857421875,0.0009918212890625,0.08176715225789667,0.9656973065652084,0.2213955355393727,31574,0.5440960506216701
459,/home/projects/bagon/shared/imagenet512/val/n01580077/ILSVRC2012_val_00013753.JPEG,2241,481.3483352661133,0.00099945068359375,0.08618888117968632,0.9807687821869197,0.174855755945942,31575,0.5726887203982286
460,/home/projects/bagon/shared/imagenet512/val/n04501370/ILSVRC2012_val_00010488.JPEG,922,244.09307861328125,0.0009918212890625,0.049630627153459894,0.9577669926494297,0.20050991409352814,31587,0.4076985515471754
461,/home/projects/bagon/shared/imagenet512/val/n04371774/ILSVRC2012_val_00030942.JPEG,1398,400.08610916137695,0.000972747802734375,0.06349146963298628,0.9528513701944157,0.189761830097955,31599,0.46420232683218976
462,/home/projects/bagon/shared/imagenet512/val/n01775062/ILSVRC2012_val_00031382.JPEG,1976,146.74798965454102,0.000972747802734375,0.08037846420268857,0.6760091618020283,0.221563475466049,31615,0.8208266039939311
463,/home/projects/bagon/shared/imagenet512/val/n02120505/ILSVRC2012_val_00035164.JPEG,4076,589.1486511230469,0.00099945068359375,0.13397072226851883,0.9132743672618997,0.2924874799505787,31626,0.639345615469818
464,/home/projects/bagon/shared/imagenet512/val/n03045698/ILSVRC2012_val_00041131.JPEG,3282,258.09925079345703,0.00096893310546875,0.09623688942276262,0.8218196799379158,0.16088553787616855,31647,0.8901483544295014
465,/home/projects/bagon/shared/imagenet512/val/n02804414/ILSVRC2012_val_00008402.JPEG,2280,401.49547576904297,0.0009918212890625,0.07587841250160678,0.9677889988399597,0.18228118017927264,31659,0.4984579887966636
466,/home/projects/bagon/shared/imagenet512/val/n09421951/ILSVRC2012_val_00018154.JPEG,2913,154.1499252319336,0.0009765625,0.09092966054052705,0.9293007986996222,0.13858631255027726,31673,0.6814584801621305
467,/home/projects/bagon/shared/imagenet512/val/n02088466/ILSVRC2012_val_00013080.JPEG,2449,352.12049865722656,0.00099945068359375,0.08990794685343387,0.9808619772885517,0.386414498405004,31684,0.6380203970877724
468,/home/projects/bagon/shared/imagenet512/val/n02098413/ILSVRC2012_val_00015096.JPEG,2365,220.03956604003906,0.00099945068359375,0.10722271313185212,0.6443627350685582,0.23591483769766922,31698,0.586679616169649
469,/home/projects/bagon/shared/imagenet512/val/n04540053/ILSVRC2012_val_00004370.JPEG,1754,52.72560119628906,0.00099945068359375,0.06065193930682198,0.4062186788316534,0.07379386200713778,31789,0.8170509018196537
470,/home/projects/bagon/shared/imagenet512/val/n03920288/ILSVRC2012_val_00005792.JPEG,763,22.567161560058594,0.00096893310546875,0.033780459321234184,0.485838972595049,0.2559645579051622,31807,0.7572054837129097
471,/home/projects/bagon/shared/imagenet512/val/n02105251/ILSVRC2012_val_00028633.JPEG,2533,111.33922576904297,0.00099945068359375,0.08018164118895357,0.6288546855841797,0.2408289101989987,31823,0.5007932525367507
472,/home/projects/bagon/shared/imagenet512/val/n03775071/ILSVRC2012_val_00024697.JPEG,2814,485.3713607788086,0.00099945068359375,0.11113765891341337,0.926303393350321,0.17224834570684674,31829,0.5750135264853624
473,/home/projects/bagon/shared/imagenet512/val/n03255030/ILSVRC2012_val_00032911.JPEG,1787,193.0065460205078,0.00099945068359375,0.07887942490217725,0.7888355565677176,0.21661226110539855,31856,0.7915519050170088
474,/home/projects/bagon/shared/imagenet512/val/n04325704/ILSVRC2012_val_00039815.JPEG,1785,341.58465576171875,0.00099945068359375,0.07358200114002458,0.9514603743850631,0.3249747790346217,31897,0.6422791375520555
475,/home/projects/bagon/shared/imagenet512/val/n03384352/ILSVRC2012_val_00009120.JPEG,2051,621.3537139892578,0.00099945068359375,0.08433849520215408,0.9817686463932362,0.29388134111825426,31902,0.623664860314227
476,/home/projects/bagon/shared/imagenet512/val/n02110627/ILSVRC2012_val_00032850.JPEG,1686,457.81712341308594,0.00096893310546875,0.07320322698135744,0.9740057039753716,0.24361406841152916,31925,0.4997659127149798
477,/home/projects/bagon/shared/imagenet512/val/n01986214/ILSVRC2012_val_00037144.JPEG,2035,862.199592590332,0.00099945068359375,0.07655664187945342,0.9969327159182221,0.10714057764306867,31957,0.6754821115549572
478,/home/projects/bagon/shared/imagenet512/val/n03891332/ILSVRC2012_val_00017999.JPEG,1107,258.5861587524414,0.00098419189453125,0.04647581772511397,0.9834723722719602,0.30593503114914067,31964,0.7528639965284263
479,/home/projects/bagon/shared/imagenet512/val/n03995372/ILSVRC2012_val_00045162.JPEG,1176,331.68981170654297,0.00098419189453125,0.05362818804395953,0.9506318743389746,0.13042423804306497,31980,0.5692513279450504
480,/home/projects/bagon/shared/imagenet512/val/n04026417/ILSVRC2012_val_00011830.JPEG,2615,477.7976303100586,0.00098419189453125,0.09356982063945758,0.9652039585459082,0.25697708352304655,32001,0.5155625872852655
481,/home/projects/bagon/shared/imagenet512/val/n04023962/ILSVRC2012_val_00007919.JPEG,1020,432.48199462890625,0.00096893310546875,0.05327742574542723,0.9711150183634885,0.13879993961858872,32009,0.8339477110380255
482,/home/projects/bagon/shared/imagenet512/val/n04392985/ILSVRC2012_val_00027793.JPEG,4430,794.077033996582,0.00099945068359375,0.1595968867943112,0.9492785365518714,0.21379474228610612,32010,0.48574942651768993
483,/home/projects/bagon/shared/imagenet512/val/n02786058/ILSVRC2012_val_00041679.JPEG,1230,875.7210159301758,0.0009918212890625,0.06922869691302973,0.9900478157920762,0.20104168306512993,32013,0.6430256314107636
484,/home/projects/bagon/shared/imagenet512/val/n03825788/ILSVRC2012_val_00023059.JPEG,2132,204.28893280029297,0.0009918212890625,0.05782321238504266,0.9097167227602002,0.2308930601543354,32016,0.6061759405679128
485,/home/projects/bagon/shared/imagenet512/val/n03908618/ILSVRC2012_val_00040813.JPEG,1849,130.7129020690918,0.000972747802734375,0.06480357393913969,0.6510840418764805,0.07338803285444118,32036,0.4434755498671229
486,/home/projects/bagon/shared/imagenet512/val/n02138441/ILSVRC2012_val_00032737.JPEG,2058,667.0349349975586,0.0009918212890625,0.09087715973090868,0.9855273976505202,0.1220441290681783,32049,0.6973714542202485
487,/home/projects/bagon/shared/imagenet512/val/n03379051/ILSVRC2012_val_00047692.JPEG,1927,374.95069885253906,0.00099945068359375,0.08394387102979678,0.963195535520804,0.11532460671912276,32051,0.5228913889071435
488,/home/projects/bagon/shared/imagenet512/val/n02804414/ILSVRC2012_val_00049212.JPEG,3388,469.9452667236328,0.0009918212890625,0.12494665192456819,0.8890273079416655,0.25150470728381885,32056,0.7671945707218455
489,/home/projects/bagon/shared/imagenet512/val/n02841315/ILSVRC2012_val_00002158.JPEG,1167,425.62512969970703,0.0009918212890625,0.049890339186822764,0.9883299041600954,0.21702798875808393,32058,0.7612057229660777
490,/home/projects/bagon/shared/imagenet512/val/n03929660/ILSVRC2012_val_00029852.JPEG,1446,97.93624496459961,0.000972747802734375,0.06337154433227564,0.6378949271443284,0.09102153283052994,32064,0.5753273666606067
491,/home/projects/bagon/shared/imagenet512/val/n04118538/ILSVRC2012_val_00038323.JPEG,1844,381.6883659362793,0.000949859619140625,0.08552490488869323,0.9338443588000098,0.14287857104607607,32100,0.6574134352300198
492,/home/projects/bagon/shared/imagenet512/val/n03888605/ILSVRC2012_val_00043818.JPEG,3744,172.96463012695312,0.00099945068359375,0.10679235530025484,0.5760140051377427,0.22490590171565172,32124,0.853970588867095
493,/home/projects/bagon/shared/imagenet512/val/n03657121/ILSVRC2012_val_00029482.JPEG,2004,139.6619873046875,0.00098419189453125,0.06678799438267513,0.8300454506835062,0.23599204380787087,32131,0.7831160769248059
494,/home/projects/bagon/shared/imagenet512/val/n04004767/ILSVRC2012_val_00020731.JPEG,1553,97.61759948730469,0.0009918212890625,0.05834031434409958,0.6430452454132594,0.24686085627569226,32136,0.575159746881352
495,/home/projects/bagon/shared/imagenet512/val/n04141975/ILSVRC2012_val_00043471.JPEG,1201,335.3980484008789,0.00096893310546875,0.07664465670540518,0.8822973175756375,0.09821004119540805,32137,0.7219700407925446
496,/home/projects/bagon/shared/imagenet512/val/n03995372/ILSVRC2012_val_00021444.JPEG,1723,634.5538177490234,0.00098419189453125,0.07803878654609347,0.9786637875256097,0.09216717237843086,32175,0.7021178780499213
497,/home/projects/bagon/shared/imagenet512/val/n04266014/ILSVRC2012_val_00005787.JPEG,1574,141.86361694335938,0.00099945068359375,0.054263821491408126,0.972804656630425,0.22119738005772727,32181,0.8461140045571329
498,/home/projects/bagon/shared/imagenet512/val/n01644900/ILSVRC2012_val_00028629.JPEG,2644,381.75305938720703,0.00099945068359375,0.0923928744390476,0.9315237262281696,0.18553593029721158,32194,0.6913568639409958
499,/home/projects/bagon/shared/imagenet512/val/n04596742/ILSVRC2012_val_00027468.JPEG,2839,815.4311141967773,0.0009918212890625,0.09073604045617777,0.9977169837083435,0.28933104855795316,32205,0.673398688506183
500,/home/projects/bagon/shared/imagenet512/val/n02098413/ILSVRC2012_val_00001481.JPEG,4719,156.62236785888672,0.0009918212890625,0.11499718381109474,0.5401932819059184,0.18832018873785428,32225,0.4417926361239403
501,/home/projects/bagon/shared/imagenet512/val/n02971356/ILSVRC2012_val_00015884.JPEG,1750,167.6922149658203,0.00095367431640625,0.06904455293473817,0.7045333623144616,0.09751388667751193,32246,0.8413799894075285
502,/home/projects/bagon/shared/imagenet512/val/n02492035/ILSVRC2012_val_00041232.JPEG,1467,275.60335540771484,0.0009918212890625,0.06993603739636324,0.947475998505565,0.1750323738866698,32247,0.7319955171829952
503,/home/projects/bagon/shared/imagenet512/val/n02437616/ILSVRC2012_val_00005960.JPEG,1149,171.63006591796875,0.00099945068359375,0.052999456290178985,0.9442394583403602,0.24875182786264705,32309,0.6093643232274212
504,/home/projects/bagon/shared/imagenet512/val/n01986214/ILSVRC2012_val_00027404.JPEG,1582,205.992431640625,0.00096893310546875,0.07460593131769894,0.7189935746396671,0.04239363145759295,32326,0.6833297727049015
505,/home/projects/bagon/shared/imagenet512/val/n01697457/ILSVRC2012_val_00022812.JPEG,1655,135.1560287475586,0.00099945068359375,0.05978288630506549,0.9221620384053099,0.20433517574722704,32352,0.5479945355054683
506,/home/projects/bagon/shared/imagenet512/val/n04118776/ILSVRC2012_val_00046198.JPEG,1578,660.3538818359375,0.00099945068359375,0.06824069753356578,0.9885122658237889,0.28603498405236016,32354,0.571983781902513
507,/home/projects/bagon/shared/imagenet512/val/n02939185/ILSVRC2012_val_00035031.JPEG,1570,699.8861389160156,0.0009918212890625,0.06599257700900306,0.9916532930958,0.14863004269218894,32355,0.6565028535242093
508,/home/projects/bagon/shared/imagenet512/val/n03785016/ILSVRC2012_val_00015839.JPEG,3449,203.83385467529297,0.00099945068359375,0.11888170169401832,0.6753430760805791,0.16999221963675773,32387,0.6199488030994925
509,/home/projects/bagon/shared/imagenet512/val/n04209133/ILSVRC2012_val_00029797.JPEG,1614,79.8902359008789,0.00099945068359375,0.0668599875611683,0.621512916382664,0.2418794523137356,32422,0.7045454787953441
510,/home/projects/bagon/shared/imagenet512/val/n01697457/ILSVRC2012_val_00008469.JPEG,1276,88.11396026611328,0.0009765625,0.059227304188013905,0.7374232341131707,0.17470321595143368,32429,0.7387674482628126
511,/home/projects/bagon/shared/imagenet512/val/n03983396/ILSVRC2012_val_00008313.JPEG,2743,927.7348098754883,0.00099945068359375,0.10127245430833043,0.9984796705082681,0.3190385536955411,32433,0.7827100268015282
512,/home/projects/bagon/shared/imagenet512/val/n04597913/ILSVRC2012_val_00043767.JPEG,2499,349.22212982177734,0.0009918212890625,0.07573584764967198,0.9565753189872164,0.24517532958553329,32442,0.7428760558423774
513,/home/projects/bagon/shared/imagenet512/val/n02107908/ILSVRC2012_val_00039086.JPEG,3207,153.4647445678711,0.0009918212890625,0.09689984573187872,0.7112154763171655,0.1825332636992676,32448,0.7332842522958235
514,/home/projects/bagon/shared/imagenet512/val/n01774750/ILSVRC2012_val_00014302.JPEG,2026,175.97152709960938,0.00098419189453125,0.08194473224107286,0.737115896855525,0.30374742511453734,32451,0.6473072547209916
515,/home/projects/bagon/shared/imagenet512/val/n02091134/ILSVRC2012_val_00033267.JPEG,3588,288.67115783691406,0.0009918212890625,0.10582446969617451,0.9009918675769767,0.3146509313850143,32460,0.6672965632100157
516,/home/projects/bagon/shared/imagenet512/val/n04404412/ILSVRC2012_val_00044381.JPEG,2081,77.31800842285156,0.00099945068359375,0.06755870170237213,0.8195182320736577,0.3310556529872144,32476,0.7537161539484557
517,/home/projects/bagon/shared/imagenet512/val/n02526121/ILSVRC2012_val_00001595.JPEG,1096,431.2566604614258,0.00098419189453125,0.06287303219676713,0.9681509024598449,0.21476702407759746,32479,0.577066998501102
518,/home/projects/bagon/shared/imagenet512/val/n02786058/ILSVRC2012_val_00032821.JPEG,1145,628.2505340576172,0.0009765625,0.06645442682546081,0.9829437533839163,0.2971256826491351,32530,0.7185556676563634
519,/home/projects/bagon/shared/imagenet512/val/n03970156/ILSVRC2012_val_00004123.JPEG,2082,622.2898101806641,0.00099945068359375,0.08762046867238887,0.9867660745095087,0.22515311334053145,32533,0.816507901443526
520,/home/projects/bagon/shared/imagenet512/val/n04523525/ILSVRC2012_val_00013949.JPEG,1968,67.86123657226562,0.00099945068359375,0.062362286310806335,0.5230767182796391,0.3533220280738666,32543,0.818709515716635
521,/home/projects/bagon/shared/imagenet512/val/n04252225/ILSVRC2012_val_00040932.JPEG,1966,389.94837951660156,0.00099945068359375,0.07917309202154127,0.959959233254515,0.26600565987648994,32556,0.6242786053674784
522,/home/projects/bagon/shared/imagenet512/val/n02112706/ILSVRC2012_val_00012899.JPEG,2118,680.9399108886719,0.00099945068359375,0.08139107190100822,0.9932081169847433,0.27313674656225195,32561,0.5711044542313417
523,/home/projects/bagon/shared/imagenet512/val/n04532106/ILSVRC2012_val_00004268.JPEG,2024,139.70040130615234,0.00099945068359375,0.0672277788609151,0.7556677508149335,0.27600858084603297,32587,0.7651654711960447
524,/home/projects/bagon/shared/imagenet512/val/n03134739/ILSVRC2012_val_00038582.JPEG,960,189.52420806884766,0.00098419189453125,0.050198462771156346,0.9661286194189738,0.14508231386297557,32593,0.7086647120533842
525,/home/projects/bagon/shared/imagenet512/val/n02097209/ILSVRC2012_val_00039008.JPEG,2750,288.81893157958984,0.00096893310546875,0.10092763514730756,0.7613468286802492,0.12713989422165356,32600,0.5435491453777499
526,/home/projects/bagon/shared/imagenet512/val/n04004767/ILSVRC2012_val_00023135.JPEG,2674,785.2983474731445,0.00098419189453125,0.09024909339955586,0.9785990330328711,0.23774321087558042,32609,0.6541424782856731
527,/home/projects/bagon/shared/imagenet512/val/n03000134/ILSVRC2012_val_00025766.JPEG,1550,216.8422622680664,0.0009918212890625,0.07467109431951141,0.8573167650242685,0.13409492309350002,32614,0.6338309115164217
528,/home/projects/bagon/shared/imagenet512/val/n02444819/ILSVRC2012_val_00007443.JPEG,2229,168.03927612304688,0.00099945068359375,0.0665642183957863,0.8086770602383938,0.14317495122974555,32617,0.5923745667391032
529,/home/projects/bagon/shared/imagenet512/val/n03781244/ILSVRC2012_val_00016102.JPEG,3526,448.1751251220703,0.00099945068359375,0.10842422911129436,0.922861930790254,0.08906661134335864,32624,0.5306382052659565
530,/home/projects/bagon/shared/imagenet512/val/n03602883/ILSVRC2012_val_00032873.JPEG,1318,126.98094940185547,0.00099945068359375,0.05559043844178272,0.7382046917865854,0.07152640585096409,32646,0.7938361683249899
531,/home/projects/bagon/shared/imagenet512/val/n03223299/ILSVRC2012_val_00006845.JPEG,1336,504.7775650024414,0.00099945068359375,0.06547587190148514,0.9710919433758148,0.16103673858585849,32668,0.7351610661139729
532,/home/projects/bagon/shared/imagenet512/val/n02092002/ILSVRC2012_val_00036747.JPEG,3330,193.3297233581543,0.000957489013671875,0.09904170423961788,0.8356462049540636,0.32275590351558364,32675,0.720975398241485
533,/home/projects/bagon/shared/imagenet512/val/n01807496/ILSVRC2012_val_00039266.JPEG,3609,760.5963325500488,0.000965118408203125,0.11372483775205526,0.9888038466218715,0.13780572917640516,32679,0.4395169200758398
534,/home/projects/bagon/shared/imagenet512/val/n03787032/ILSVRC2012_val_00000923.JPEG,2840,556.8199005126953,0.00098419189453125,0.09680711014334752,0.9894048084924704,0.2450277344615115,32693,0.834067545293608
535,/home/projects/bagon/shared/imagenet512/val/n03794056/ILSVRC2012_val_00002087.JPEG,1304,491.1369400024414,0.00099945068359375,0.059067964451973536,0.9844621248041477,0.2609710017835988,32694,0.7013228018496634
536,/home/projects/bagon/shared/imagenet512/val/n02125311/ILSVRC2012_val_00006112.JPEG,2199,1213.995735168457,0.00099945068359375,0.08285139277470085,0.993313838220453,0.15579426468543994,32695,0.5791056761044016
537,/home/projects/bagon/shared/imagenet512/val/n03976657/ILSVRC2012_val_00025930.JPEG,1680,570.5697021484375,0.0009613037109375,0.08052758538670801,0.9636965697595021,0.2269048601169413,32709,0.6306182238679214
538,/home/projects/bagon/shared/imagenet512/val/n02951585/ILSVRC2012_val_00015896.JPEG,1091,54.204444885253906,0.00099945068359375,0.04426168986841707,0.6207081951853046,0.15783826669354573,32742,0.846048962213815
539,/home/projects/bagon/shared/imagenet512/val/n03697007/ILSVRC2012_val_00004144.JPEG,1098,30.95549774169922,0.00096893310546875,0.04754928251889153,0.3440398287505482,0.13187350795986846,32766,0.6140588875359644
540,/home/projects/bagon/shared/imagenet512/val/n03100240/ILSVRC2012_val_00008981.JPEG,3438,893.4571800231934,0.000965118408203125,0.1361318313303358,0.9735682892514372,0.21549732431445873,32768,0.5605259827877266
541,/home/projects/bagon/shared/imagenet512/val/n01883070/ILSVRC2012_val_00027195.JPEG,1853,281.8741989135742,0.0009918212890625,0.08064024010192476,0.9801270147845192,0.296133272983398,32797,0.548944565935204
542,/home/projects/bagon/shared/imagenet512/val/n02259212/ILSVRC2012_val_00025974.JPEG,2313,233.5633316040039,0.0009765625,0.08281422986374704,0.9272090825275026,0.2286230253525307,32820,0.7082374046602635
543,/home/projects/bagon/shared/imagenet512/val/n02536864/ILSVRC2012_val_00049399.JPEG,1274,280.1142120361328,0.0009918212890625,0.04786714702598497,0.9901251019837245,0.15788836032338843,32824,0.8083440491929785
544,/home/projects/bagon/shared/imagenet512/val/n01514859/ILSVRC2012_val_00044276.JPEG,1457,670.1372604370117,0.00098419189453125,0.06664079520608962,0.9890101384499871,0.2459519808807119,32854,0.6774531162152139
545,/home/projects/bagon/shared/imagenet512/val/n02087046/ILSVRC2012_val_00039622.JPEG,2328,401.06934356689453,0.00098419189453125,0.089919156839831,0.90703864694776,0.2766130904550078,32907,0.5487592504941033
546,/home/projects/bagon/shared/imagenet512/val/n02992529/ILSVRC2012_val_00039425.JPEG,2876,249.61920928955078,0.00099945068359375,0.09604669781465035,0.7571721346125773,0.3444009080557206,32917,0.7511927385061831
547,/home/projects/bagon/shared/imagenet512/val/n02086079/ILSVRC2012_val_00009865.JPEG,2808,272.5105514526367,0.00096893310546875,0.10262592506134519,0.9133606970294317,0.27027525337269354,32953,0.6602976357673636
548,/home/projects/bagon/shared/imagenet512/val/n04266014/ILSVRC2012_val_00027853.JPEG,1164,455.6127586364746,0.000934600830078125,0.05913499637898942,0.9952092035335167,0.15474591155912565,33004,0.7604812018386305
549,/home/projects/bagon/shared/imagenet512/val/n04461696/ILSVRC2012_val_00016077.JPEG,2244,267.1318130493164,0.00096893310546875,0.09292297024717901,0.8244814337490225,0.25035682765410816,33007,0.8028300478886493
550,/home/projects/bagon/shared/imagenet512/val/n02099712/ILSVRC2012_val_00033820.JPEG,2505,228.90081024169922,0.00099945068359375,0.0992729850928009,0.7370775491053105,0.29002767281308073,33008,0.7237295686566069
551,/home/projects/bagon/shared/imagenet512/val/n01530575/ILSVRC2012_val_00023698.JPEG,1609,1388.9516677856445,0.00090789794921875,0.07384124663235482,0.9978042499434628,0.1918590583883963,33009,0.4806164907468355
552,/home/projects/bagon/shared/imagenet512/val/n09256479/ILSVRC2012_val_00046480.JPEG,1402,134.3417510986328,0.00093841552734375,0.06273057062162753,0.7911717177472556,0.19419653685122312,33027,0.5812209790411137
553,/home/projects/bagon/shared/imagenet512/val/n01882714/ILSVRC2012_val_00042550.JPEG,1213,568.2144622802734,0.00098419189453125,0.0591502491308696,0.9923140207315511,0.14369162966568688,33054,0.6295079100743465
554,/home/projects/bagon/shared/imagenet512/val/n01739381/ILSVRC2012_val_00013397.JPEG,2091,420.78455352783203,0.0009918212890625,0.09144185213321251,0.8971863063650664,0.11242839950900624,33069,0.6907251400575468
555,/home/projects/bagon/shared/imagenet512/val/n04239074/ILSVRC2012_val_00010499.JPEG,1747,192.68419647216797,0.00099945068359375,0.06467173471640406,0.9147058284953565,0.2547563567601545,33106,0.6170976559224554
556,/home/projects/bagon/shared/imagenet512/val/n02100583/ILSVRC2012_val_00043763.JPEG,1701,219.42514038085938,0.0009918212890625,0.0763592617103378,0.8468168470626581,0.24168687357283045,33111,0.5967507526694406
557,/home/projects/bagon/shared/imagenet512/val/n04136333/ILSVRC2012_val_00039558.JPEG,1433,80.26764678955078,0.00099945068359375,0.05806787622994971,0.6137832193544603,0.12720778847209535,33127,0.7346974321517029
558,/home/projects/bagon/shared/imagenet512/val/n02123597/ILSVRC2012_val_00005466.JPEG,1518,37.16954803466797,0.00099945068359375,0.05345129272385793,0.4042478081680508,0.2985478989702998,33166,0.7946469418207769
559,/home/projects/bagon/shared/imagenet512/val/n09246464/ILSVRC2012_val_00004470.JPEG,1678,72.29486465454102,0.000949859619140625,0.05983057383386051,0.7216727112390746,0.04337671594491477,33178,0.7128095221776685
560,/home/projects/bagon/shared/imagenet512/val/n02804610/ILSVRC2012_val_00046165.JPEG,2570,215.25020599365234,0.0009765625,0.08995060467078458,0.6782735644943576,0.19596074990854845,33189,0.6206186944296594
561,/home/projects/bagon/shared/imagenet512/val/n03197337/ILSVRC2012_val_00019436.JPEG,2267,636.3630599975586,0.00096893310546875,0.07480937264166963,0.9612271691952918,0.024774967708334927,33218,0.7734860925905631
562,/home/projects/bagon/shared/imagenet512/val/n01756291/ILSVRC2012_val_00013698.JPEG,4575,421.80237579345703,0.0009918212890625,0.1476436069975724,0.7528072989580231,0.03990156480523327,33219,0.734998565432851
563,/home/projects/bagon/shared/imagenet512/val/n01698640/ILSVRC2012_val_00010826.JPEG,2140,129.36085510253906,0.00099945068359375,0.07800539081149092,0.7451811705309419,0.21383637838166378,33220,0.5120751873897639
564,/home/projects/bagon/shared/imagenet512/val/n02113624/ILSVRC2012_val_00013506.JPEG,5388,511.7223815917969,0.00099945068359375,0.15343545868719927,0.8815186034255282,0.2994810763222886,33228,0.48843427627916824
565,/home/projects/bagon/shared/imagenet512/val/n01986214/ILSVRC2012_val_00003357.JPEG,1685,528.2148590087891,0.00099945068359375,0.0670587632026241,0.9808635480733913,0.16143870057375803,33251,0.6041408524532147
566,/home/projects/bagon/shared/imagenet512/val/n03216828/ILSVRC2012_val_00013529.JPEG,2980,168.1453971862793,0.000972747802734375,0.09291060094902928,0.7169727431721047,0.2619164312094805,33288,0.7688322972554688
567,/home/projects/bagon/shared/imagenet512/val/n01986214/ILSVRC2012_val_00020664.JPEG,1808,178.70492553710938,0.0009765625,0.07034340356299999,0.8677970138430935,0.29773890325382824,33360,0.6114954232068314
568,/home/projects/bagon/shared/imagenet512/val/n02486261/ILSVRC2012_val_00026258.JPEG,2169,267.24058532714844,0.00099945068359375,0.07510456444191183,0.9194208496384069,0.20820566428360077,33373,0.6558657583489627
569,/home/projects/bagon/shared/imagenet512/val/n04371430/ILSVRC2012_val_00002800.JPEG,2065,532.7884902954102,0.00099945068359375,0.0898829308475358,0.9480301256990488,0.3281352756609653,33388,0.5895674987179037
570,/home/projects/bagon/shared/imagenet512/val/n04467665/ILSVRC2012_val_00025592.JPEG,1787,126.65047454833984,0.0009918212890625,0.06467334264209024,0.7302964838893091,0.16850764064691376,33407,0.5907566293339422
571,/home/projects/bagon/shared/imagenet512/val/n04591157/ILSVRC2012_val_00009550.JPEG,1557,59.50348663330078,0.0009765625,0.060886651885054544,0.5045552308153245,0.2347331908655445,33427,0.5161419117205689
572,/home/projects/bagon/shared/imagenet512/val/n03777754/ILSVRC2012_val_00019161.JPEG,2362,308.9557418823242,0.00099945068359375,0.0774328276945102,0.9115867110027961,0.17916095942927723,33455,0.7746183881198783
573,/home/projects/bagon/shared/imagenet512/val/n02107312/ILSVRC2012_val_00024305.JPEG,2301,209.00789642333984,0.0009765625,0.08336885369302602,0.8555340962676634,0.3028978723837365,33521,0.6441529164703292
574,/home/projects/bagon/shared/imagenet512/val/n04467665/ILSVRC2012_val_00033485.JPEG,1825,180.95830535888672,0.00098419189453125,0.06683969978095228,0.8906035608131556,0.2135124800881592,33549,0.8414277227752063
575,/home/projects/bagon/shared/imagenet512/val/n01943899/ILSVRC2012_val_00029264.JPEG,1458,451.4325408935547,0.0009918212890625,0.058677266774355155,0.9815412072576803,0.075611494098476,33557,0.6364504089675812
576,/home/projects/bagon/shared/imagenet512/val/n04597913/ILSVRC2012_val_00021192.JPEG,2246,774.2953186035156,0.000946044921875,0.09586433518285548,0.9601856076778836,0.14057385828784635,33558,0.7285047214384281
577,/home/projects/bagon/shared/imagenet512/val/n02018795/ILSVRC2012_val_00049480.JPEG,984,78.46588897705078,0.00099945068359375,0.04964390294487629,0.7439598508406027,0.184839808864,33564,0.5946449133684073
578,/home/projects/bagon/shared/imagenet512/val/n07714571/ILSVRC2012_val_00015437.JPEG,957,75.6456069946289,0.0009918212890625,0.0486193965976456,0.7375860314676583,0.2934989079971707,33574,0.717114716209924
579,/home/projects/bagon/shared/imagenet512/val/n03888605/ILSVRC2012_val_00012614.JPEG,2501,159.6957778930664,0.0009918212890625,0.07749156257960464,0.8375953121163149,0.1966231809117388,33593,0.7246132013836657
580,/home/projects/bagon/shared/imagenet512/val/n02704792/ILSVRC2012_val_00014597.JPEG,1142,562.4246292114258,0.0009918212890625,0.06139461657818369,0.9885649442717915,0.13441045794247602,33608,0.5929463617942068
581,/home/projects/bagon/shared/imagenet512/val/n03179701/ILSVRC2012_val_00040102.JPEG,1954,236.59598541259766,0.00098419189453125,0.07229784207618392,0.8100228347755669,0.21441081040155727,33660,0.6630169095649645
582,/home/projects/bagon/shared/imagenet512/val/n02100583/ILSVRC2012_val_00047728.JPEG,2902,443.2996368408203,0.0009918212890625,0.10266123817882071,0.9694636927248554,0.27549984383807624,33686,0.592956390855024
583,/home/projects/bagon/shared/imagenet512/val/n02101556/ILSVRC2012_val_00038828.JPEG,2279,145.5623321533203,0.0009918212890625,0.07775903544602243,0.9361385326196034,0.3592337241968926,33696,0.6634956228779776
584,/home/projects/bagon/shared/imagenet512/val/n02802426/ILSVRC2012_val_00038899.JPEG,1386,78.52436828613281,0.0009918212890625,0.05329985307940719,0.7487984791870679,0.2928478440087126,33699,0.6916734218811098
585,/home/projects/bagon/shared/imagenet512/val/n01770081/ILSVRC2012_val_00012828.JPEG,3249,301.07918548583984,0.00099945068359375,0.09694871659484723,0.9598709709088258,0.17657026042473245,33701,0.5709979734213608
586,/home/projects/bagon/shared/imagenet512/val/n01582220/ILSVRC2012_val_00037806.JPEG,1599,294.73719024658203,0.0009613037109375,0.06476173539951804,0.9649250158758487,0.21816814949728913,33728,0.7239972373319189
587,/home/projects/bagon/shared/imagenet512/val/n02909870/ILSVRC2012_val_00042873.JPEG,1785,288.50659942626953,0.0009918212890625,0.06656580728377388,0.9560013103412018,0.2766960112883125,33743,0.6417481648176518
588,/home/projects/bagon/shared/imagenet512/val/n02835271/ILSVRC2012_val_00045400.JPEG,2360,333.33275604248047,0.0009918212890625,0.09474736898346915,0.9232451311492654,0.26071277163478757,33770,0.6813825881454155
589,/home/projects/bagon/shared/imagenet512/val/n10148035/ILSVRC2012_val_00030582.JPEG,2043,74.43671417236328,0.0009765625,0.06497374560422303,0.49895001461336835,0.19751105202918628,33796,0.7158573717665913
590,/home/projects/bagon/shared/imagenet512/val/n01685808/ILSVRC2012_val_00008807.JPEG,2371,986.9577560424805,0.0009918212890625,0.10659457055741699,0.9958381081384635,0.21393151103292785,33817,0.5754456893411535
591,/home/projects/bagon/shared/imagenet512/val/n04259630/ILSVRC2012_val_00036481.JPEG,2279,1106.1819534301758,0.0009918212890625,0.08039743899182641,0.9974451230882427,0.14058822287008943,33847,0.611294829706245
592,/home/projects/bagon/shared/imagenet512/val/n02841315/ILSVRC2012_val_00032897.JPEG,1437,101.13039016723633,0.000972747802734375,0.06035729034481333,0.8657842017996424,0.1406990191747154,33851,0.7921741421984996
593,/home/projects/bagon/shared/imagenet512/val/n07579787/ILSVRC2012_val_00002221.JPEG,1739,184.18830108642578,0.00099945068359375,0.07249841243362125,0.7741972055300714,0.1599115924519296,33907,0.8028573687916324
594,/home/projects/bagon/shared/imagenet512/val/n03868242/ILSVRC2012_val_00006718.JPEG,3131,434.3325729370117,0.00099945068359375,0.09763529094930681,0.9563047902011611,0.2572069712249434,33932,0.4418359518720286
595,/home/projects/bagon/shared/imagenet512/val/n03908714/ILSVRC2012_val_00028958.JPEG,949,302.8904151916504,0.000957489013671875,0.055336023291680574,0.961306134673976,0.22175151299499796,33934,0.6853641585958284
596,/home/projects/bagon/shared/imagenet512/val/n02877765/ILSVRC2012_val_00012571.JPEG,1056,372.5638618469238,0.000972747802734375,0.05230695078507572,0.9847809535522432,0.23625623230054627,33958,0.6572911034789104
597,/home/projects/bagon/shared/imagenet512/val/n01751748/ILSVRC2012_val_00006817.JPEG,2389,333.66939544677734,0.00099945068359375,0.08925428006367614,0.9207918324462097,0.1377187964266671,33960,0.6544896073470551
598,/home/projects/bagon/shared/imagenet512/val/n03530642/ILSVRC2012_val_00004072.JPEG,1541,489.32352447509766,0.0009918212890625,0.06802856099808224,0.9917793946039907,0.27762747321806813,33963,0.7060896272326164
599,/home/projects/bagon/shared/imagenet512/val/n03954731/ILSVRC2012_val_00015496.JPEG,1560,237.0988311767578,0.0009918212890625,0.06260265393705856,0.915874703990751,0.15266083142777281,33995,0.8107294657525388
600,/home/projects/bagon/shared/imagenet512/val/n03125729/ILSVRC2012_val_00018902.JPEG,2392,234.98769760131836,0.000972747802734375,0.09987943710772901,0.6603422561227833,0.25029908853599614,34016,0.6613873521986844
601,/home/projects/bagon/shared/imagenet512/val/n07248320/ILSVRC2012_val_00045383.JPEG,1488,376.3072280883789,0.0009918212890625,0.06867655094182104,0.963426191813959,0.16664902177511853,34040,0.6330419861582313
602,/home/projects/bagon/shared/imagenet512/val/n04371430/ILSVRC2012_val_00029540.JPEG,1834,864.7353057861328,0.0009307861328125,0.09011417379434286,0.9835670231079605,0.1396529419402605,34041,0.6933054719812666
603,/home/projects/bagon/shared/imagenet512/val/n04131690/ILSVRC2012_val_00043799.JPEG,1236,446.9263153076172,0.00098419189453125,0.05372540337383955,0.9831080709842678,0.19635276617272202,34044,0.6737790350235832
604,/home/projects/bagon/shared/imagenet512/val/n01630670/ILSVRC2012_val_00016422.JPEG,2734,923.2023620605469,0.0009918212890625,0.11172736983279327,0.9902108709596921,0.16172154051265347,34046,0.6497679809708449
605,/home/projects/bagon/shared/imagenet512/val/n02100236/ILSVRC2012_val_00004477.JPEG,1913,836.4988403320312,0.00099945068359375,0.086184356505943,0.9929442976785564,0.19856634366474432,34063,0.6101941617323795
606,/home/projects/bagon/shared/imagenet512/val/n12985857/ILSVRC2012_val_00011221.JPEG,1665,73.51195526123047,0.00099945068359375,0.06870506891971383,0.5304128528114953,0.1694090190270604,34077,0.685172579161302
607,/home/projects/bagon/shared/imagenet512/val/n01669191/ILSVRC2012_val_00045726.JPEG,1544,123.07096481323242,0.000972747802734375,0.07840449748430027,0.48613706401104856,0.1934225882480759,34086,0.5114594550384378
608,/home/projects/bagon/shared/imagenet512/val/n07697537/ILSVRC2012_val_00034147.JPEG,1587,103.17833709716797,0.00099945068359375,0.06863516599517402,0.603656697344459,0.1700494814457615,34091,0.5922318745107473
609,/home/projects/bagon/shared/imagenet512/val/n09246464/ILSVRC2012_val_00009063.JPEG,2267,332.68373107910156,0.0009765625,0.08595480789547846,0.9187656611643559,0.2202309856539859,34097,0.5650974505430374
610,/home/projects/bagon/shared/imagenet512/val/n03255030/ILSVRC2012_val_00027642.JPEG,1164,63.03634262084961,0.000942230224609375,0.047892102632901536,0.5304889645702417,0.1727788817752306,34103,0.6713920564489999
611,/home/projects/bagon/shared/imagenet512/val/n01677366/ILSVRC2012_val_00040532.JPEG,1709,303.86608505249023,0.000972747802734375,0.08087211071135035,0.9471281507537542,0.1317664950733749,34110,0.7395817699457863
612,/home/projects/bagon/shared/imagenet512/val/n02791270/ILSVRC2012_val_00002244.JPEG,1642,602.8997001647949,0.000972747802734375,0.06626899282448993,0.9908010377533012,0.08475198911046206,34128,0.5657168443879225
613,/home/projects/bagon/shared/imagenet512/val/n07565083/ILSVRC2012_val_00044468.JPEG,1467,89.4621353149414,0.00099945068359375,0.058700581718271305,0.7511424071389884,0.176108255068188,34134,0.654958968704107
614,/home/projects/bagon/shared/imagenet512/val/n03666591/ILSVRC2012_val_00044595.JPEG,1610,268.9460983276367,0.0009765625,0.05892439698492211,0.8928022501166462,0.12609318493238814,34137,0.7652020171356201
615,/home/projects/bagon/shared/imagenet512/val/n04591157/ILSVRC2012_val_00012084.JPEG,2384,415.9732971191406,0.00099945068359375,0.08961889017539725,0.9245506316759974,0.23556494678617063,34157,0.5798349277822866
616,/home/projects/bagon/shared/imagenet512/val/n04597913/ILSVRC2012_val_00032311.JPEG,1387,194.31423950195312,0.0009918212890625,0.05745375411507275,0.8947777088336493,0.18679420538459224,34161,0.5585134952871624
617,/home/projects/bagon/shared/imagenet512/val/n02815834/ILSVRC2012_val_00036789.JPEG,1816,649.2145462036133,0.0009765625,0.07161109582308817,0.9945394455026021,0.2882908474024171,34168,0.7147393012333578
618,/home/projects/bagon/shared/imagenet512/val/n02326432/ILSVRC2012_val_00028827.JPEG,2238,173.17445373535156,0.00099945068359375,0.09371852765066602,0.6969399816408424,0.128524016011357,34171,0.6098238269441086
619,/home/projects/bagon/shared/imagenet512/val/n02090721/ILSVRC2012_val_00009772.JPEG,3178,585.5575332641602,0.00099945068359375,0.10055741568667731,0.983413633168834,0.29432959224460437,34204,0.5283984619030895
620,/home/projects/bagon/shared/imagenet512/val/n04146614/ILSVRC2012_val_00018568.JPEG,1648,190.46253967285156,0.0009613037109375,0.0723919472999054,0.8333527180775322,0.3438541491337057,34241,0.5813971389606004
621,/home/projects/bagon/shared/imagenet512/val/n03196217/ILSVRC2012_val_00026298.JPEG,1340,201.13338470458984,0.0009918212890625,0.06428331953117636,0.9455770706333089,0.202130116810124,34252,0.7448343165105932
622,/home/projects/bagon/shared/imagenet512/val/n02102177/ILSVRC2012_val_00002672.JPEG,3145,369.6242370605469,0.00099945068359375,0.10659903018520571,0.9438860139680338,0.2951588863446481,34260,0.6013300359707843
623,/home/projects/bagon/shared/imagenet512/val/n09256479/ILSVRC2012_val_00014834.JPEG,1623,252.22450256347656,0.0009918212890625,0.07586961519683544,0.8893494218328926,0.33027930383686066,34277,0.7820216318051402
624,/home/projects/bagon/shared/imagenet512/val/n02981792/ILSVRC2012_val_00043094.JPEG,1778,84.51612854003906,0.0009765625,0.0686802030829957,0.5071693612381403,0.23056779533419303,34327,0.8043871136437883
625,/home/projects/bagon/shared/imagenet512/val/n02009912/ILSVRC2012_val_00010422.JPEG,2478,259.89444732666016,0.0009918212890625,0.08337337702256682,0.9278397286560182,0.2914470878200849,34331,0.6053319066702422
626,/home/projects/bagon/shared/imagenet512/val/n03995372/ILSVRC2012_val_00005380.JPEG,1570,560.1871910095215,0.000972747802734375,0.07656937098817748,0.976120570434161,0.04420604582210974,34339,0.7913635062363217
627,/home/projects/bagon/shared/imagenet512/val/n02948072/ILSVRC2012_val_00021186.JPEG,1855,133.41822814941406,0.00099945068359375,0.03604274248195672,0.8208221937659295,0.16622692660585425,34342,0.8207661113320694
628,/home/projects/bagon/shared/imagenet512/val/n02100735/ILSVRC2012_val_00003077.JPEG,1722,71.0014419555664,0.0009918212890625,0.06295784319021805,0.6082829404870144,0.1949927894964117,34369,0.6062912090100318
629,/home/projects/bagon/shared/imagenet512/val/n02120505/ILSVRC2012_val_00043662.JPEG,2829,191.46216583251953,0.00099945068359375,0.08928606758631628,0.8635327591487955,0.2376654534535376,34382,0.5268974402015991
630,/home/projects/bagon/shared/imagenet512/val/n07753592/ILSVRC2012_val_00015209.JPEG,1913,184.18206787109375,0.00098419189453125,0.07215195972780825,0.8036629146781735,0.21586593030895684,34383,0.715335850386837
631,/home/projects/bagon/shared/imagenet512/val/n01873310/ILSVRC2012_val_00000940.JPEG,1607,314.41039276123047,0.0009918212890625,0.06443795532572556,0.9566316763085047,0.1872383232736926,34438,0.6796612963309
632,/home/projects/bagon/shared/imagenet512/val/n02408429/ILSVRC2012_val_00040331.JPEG,2381,955.56591796875,0.0009765625,0.08607669982956533,0.9913937527391703,0.19039160311679493,34446,0.5380714584761106
633,/home/projects/bagon/shared/imagenet512/val/n04367480/ILSVRC2012_val_00040620.JPEG,2359,155.10363006591797,0.00099945068359375,0.08335359058806478,0.7017789401563446,0.10217534042108595,34459,0.8049416398734613
634,/home/projects/bagon/shared/imagenet512/val/n15075141/ILSVRC2012_val_00021975.JPEG,1932,146.0644989013672,0.00099945068359375,0.07854777316591716,0.7864318465908164,0.20282351495671597,34466,0.6417807198833897
635,/home/projects/bagon/shared/imagenet512/val/n04467665/ILSVRC2012_val_00035841.JPEG,1653,769.2978591918945,0.00099945068359375,0.07404009315269883,0.9890177246445232,0.22303809761464166,34487,0.7653198722586493
636,/home/projects/bagon/shared/imagenet512/val/n02138441/ILSVRC2012_val_00003982.JPEG,1974,285.50563049316406,0.00098419189453125,0.05887351584904794,0.9215594309227046,0.2697207768985465,34492,0.656582290841201
637,/home/projects/bagon/shared/imagenet512/val/n07717410/ILSVRC2012_val_00033494.JPEG,2994,857.5510025024414,0.00099945068359375,0.09373028653856322,0.9921377213177883,0.19543205574112715,34495,0.7000420866512242
638,/home/projects/bagon/shared/imagenet512/val/n03187595/ILSVRC2012_val_00025972.JPEG,1340,1647.947868347168,0.0009765625,0.07558494967279024,0.9959402089091562,0.11154240976314464,34499,0.5467665003135009
639,/home/projects/bagon/shared/imagenet512/val/n07695742/ILSVRC2012_val_00029962.JPEG,2187,610.708683013916,0.000972747802734375,0.07922388306038958,0.9878291664964071,0.19709681087924796,34510,0.7977328142495728
640,/home/projects/bagon/shared/imagenet512/val/n03666591/ILSVRC2012_val_00009162.JPEG,1436,273.60198974609375,0.00098419189453125,0.0670727203702779,0.9014787480359319,0.22271975586726178,34523,0.7497025587881102
641,/home/projects/bagon/shared/imagenet512/val/n02099849/ILSVRC2012_val_00029742.JPEG,1069,86.65721893310547,0.00098419189453125,0.04075273137614221,0.858438371941795,0.16787544610014243,34578,0.7444106160923989
642,/home/projects/bagon/shared/imagenet512/val/n02992211/ILSVRC2012_val_00048772.JPEG,2388,429.7511749267578,0.00099945068359375,0.06928594234494276,0.9563940041346675,0.024258458756957646,34602,0.8485065901935342
643,/home/projects/bagon/shared/imagenet512/val/n03337140/ILSVRC2012_val_00022144.JPEG,1655,452.00625228881836,0.000926971435546875,0.07931953435067353,0.9251451647318283,0.22465627186176312,34603,0.8593051581293762
644,/home/projects/bagon/shared/imagenet512/val/n02088632/ILSVRC2012_val_00025655.JPEG,2579,435.93548583984375,0.0009918212890625,0.0909673017944658,0.9459961927333926,0.15784038344694634,34614,0.7300677946670349
645,/home/projects/bagon/shared/imagenet512/val/n02111500/ILSVRC2012_val_00030093.JPEG,2441,222.23007202148438,0.00099945068359375,0.07937456216348496,0.8176584643994125,0.17844169900410106,34655,0.6907692585998652
646,/home/projects/bagon/shared/imagenet512/val/n01737021/ILSVRC2012_val_00002836.JPEG,1263,187.15599060058594,0.00096893310546875,0.056225570052994465,0.8685549168217552,0.20642084140592215,34656,0.691016730324053
647,/home/projects/bagon/shared/imagenet512/val/n04141975/ILSVRC2012_val_00048812.JPEG,1460,203.7327651977539,0.00098419189453125,0.05897626704906096,0.9047937047678444,0.17167992652216502,34664,0.7256470983110533
648,/home/projects/bagon/shared/imagenet512/val/n04485082/ILSVRC2012_val_00027718.JPEG,1352,572.1892395019531,0.00098419189453125,0.06909937089112288,0.9898492515882643,0.24612655377962397,34686,0.47590568344956025
649,/home/projects/bagon/shared/imagenet512/val/n02980441/ILSVRC2012_val_00019831.JPEG,1742,346.23816680908203,0.00099945068359375,0.06850225069889138,0.9726019933414514,0.16938081969284347,34688,0.6192630846787823
650,/home/projects/bagon/shared/imagenet512/val/n02110185/ILSVRC2012_val_00039812.JPEG,4762,476.91236114501953,0.0009918212890625,0.17057867489065504,0.7757305351034292,0.19428382835610294,34691,0.5214930245383007
651,/home/projects/bagon/shared/imagenet512/val/n04589890/ILSVRC2012_val_00019542.JPEG,1535,289.4968795776367,0.00099945068359375,0.07107307180348667,0.8826263309597071,0.16959847726673039,34709,0.6402465898686072
652,/home/projects/bagon/shared/imagenet512/val/n02640242/ILSVRC2012_val_00009110.JPEG,1511,59.20591735839844,0.00099945068359375,0.05175374104758077,0.7318688653714034,0.2845332036407195,34730,0.7770328620961303
653,/home/projects/bagon/shared/imagenet512/val/n01749939/ILSVRC2012_val_00018314.JPEG,2649,185.67948150634766,0.00099945068359375,0.09199900472174545,0.6641843360781132,0.27148320122801983,34732,0.6322915885146896
654,/home/projects/bagon/shared/imagenet512/val/n01494475/ILSVRC2012_val_00001676.JPEG,1835,507.5505905151367,0.00099945068359375,0.07898373007114382,0.9544343063656855,0.14705027852631314,34744,0.6708601718489534
655,/home/projects/bagon/shared/imagenet512/val/n02098105/ILSVRC2012_val_00016860.JPEG,2669,396.3668212890625,0.00096893310546875,0.09379217961824372,0.9655276403633303,0.18988576989463873,34763,0.5209701057580641
656,/home/projects/bagon/shared/imagenet512/val/n04461696/ILSVRC2012_val_00046404.JPEG,1887,206.0326156616211,0.00099945068359375,0.06700627827464908,0.9210612931484528,0.1960621142363027,34776,0.7529973292570061
657,/home/projects/bagon/shared/imagenet512/val/n01871265/ILSVRC2012_val_00033088.JPEG,3829,361.26136779785156,0.00099945068359375,0.12564231024935246,0.8058538610261731,0.31983868531339543,34800,0.7521851281641603
658,/home/projects/bagon/shared/imagenet512/val/n02098105/ILSVRC2012_val_00045987.JPEG,2320,229.49174118041992,0.000972747802734375,0.07249201636981356,0.9622430793409128,0.25797296281890025,34805,0.5795183452165528
659,/home/projects/bagon/shared/imagenet512/val/n03544143/ILSVRC2012_val_00033846.JPEG,1487,102.12439727783203,0.0009765625,0.0577322575003584,0.835967415864568,0.21201673460161485,34813,0.6813574794682501
660,/home/projects/bagon/shared/imagenet512/val/n02107142/ILSVRC2012_val_00030097.JPEG,2740,634.5857391357422,0.0009765625,0.10079252475190342,0.9830160873767783,0.23233287491093618,34815,0.6669910601398269
661,/home/projects/bagon/shared/imagenet512/val/n04443257/ILSVRC2012_val_00004326.JPEG,1559,311.7262191772461,0.00099945068359375,0.07599867342931757,0.8916166571774549,0.1535821138727282,34817,0.678451353879613
662,/home/projects/bagon/shared/imagenet512/val/n03785016/ILSVRC2012_val_00041104.JPEG,3551,509.8473815917969,0.0009918212890625,0.11980134889916744,0.9736132765674786,0.2014561598087275,34822,0.4395030813294966
663,/home/projects/bagon/shared/imagenet512/val/n01491361/ILSVRC2012_val_00013628.JPEG,2331,100.49776458740234,0.00099945068359375,0.07244608226990493,0.7062902583346562,0.3411057004498372,34831,0.8938364663325661
664,/home/projects/bagon/shared/imagenet512/val/n03492542/ILSVRC2012_val_00023887.JPEG,3103,1856.687873840332,0.0009918212890625,0.12080804717431974,0.9926858237295986,0.22344614212861102,34845,0.5809733186667562
665,/home/projects/bagon/shared/imagenet512/val/n03825788/ILSVRC2012_val_00046322.JPEG,1424,92.19950866699219,0.00099945068359375,0.05975159693703302,0.6985543198565201,0.20813940163645622,34848,0.6145996720049682
666,/home/projects/bagon/shared/imagenet512/val/n01968897/ILSVRC2012_val_00048614.JPEG,1313,472.67535400390625,0.0009918212890625,0.06683192196471444,0.9783244583131183,0.20630361395138663,34872,0.6550208154218392
667,/home/projects/bagon/shared/imagenet512/val/n03937543/ILSVRC2012_val_00048656.JPEG,1779,327.8993682861328,0.0009918212890625,0.07620244079856996,0.980764856213553,0.21303364205602326,34874,0.8828909089473942
668,/home/projects/bagon/shared/imagenet512/val/n02120079/ILSVRC2012_val_00011289.JPEG,1625,78.6500244140625,0.00099945068359375,0.06779907998611186,0.566441765432656,0.21304265830911723,34886,0.7656752969393704
669,/home/projects/bagon/shared/imagenet512/val/n15075141/ILSVRC2012_val_00042270.JPEG,2391,116.53350830078125,0.00099945068359375,0.08192222911575547,0.5805808422293122,0.09334099630037102,34909,0.7527356430715102
670,/home/projects/bagon/shared/imagenet512/val/n04141975/ILSVRC2012_val_00035230.JPEG,791,214.46224212646484,0.0009918212890625,0.036437459658157687,0.8645180742106904,0.28612681197641554,34931,0.8258170698866889
671,/home/projects/bagon/shared/imagenet512/val/n02415577/ILSVRC2012_val_00036236.JPEG,2906,162.75350189208984,0.00096893310546875,0.08270628936732419,0.7093408562274804,0.11289706962289253,34935,0.5755731199503142
672,/home/projects/bagon/shared/imagenet512/val/n02105505/ILSVRC2012_val_00003575.JPEG,1878,117.37808990478516,0.0009765625,0.0741579832847348,0.6800516138996845,0.27717667278846425,34953,0.7631043465972104
673,/home/projects/bagon/shared/imagenet512/val/n03782006/ILSVRC2012_val_00035743.JPEG,2390,362.6522750854492,0.0009918212890625,0.09515879154709857,0.9215566192596796,0.3134712288665934,34989,0.4749900185591659
674,/home/projects/bagon/shared/imagenet512/val/n03724870/ILSVRC2012_val_00007883.JPEG,1578,771.3970718383789,0.00099945068359375,0.0701014348863888,0.989483879584772,0.13331359226490092,35004,0.5833656346709063
675,/home/projects/bagon/shared/imagenet512/val/n04613696/ILSVRC2012_val_00046573.JPEG,1082,145.19498443603516,0.00099945068359375,0.04713095769200296,0.9001367067211434,0.1686584159936521,35015,0.7477146083125614
676,/home/projects/bagon/shared/imagenet512/val/n02111500/ILSVRC2012_val_00037462.JPEG,4549,321.8789367675781,0.0009918212890625,0.1229542396712678,0.8668633685574432,0.17064042670151702,35071,0.5564016088061865
677,/home/projects/bagon/shared/imagenet512/val/n03775071/ILSVRC2012_val_00002420.JPEG,1366,182.8102264404297,0.0009918212890625,0.06550551182089948,0.8672141846328909,0.23167456312725943,35091,0.7308222388621181
678,/home/projects/bagon/shared/imagenet512/val/n03690938/ILSVRC2012_val_00034917.JPEG,2767,430.6760444641113,0.000942230224609375,0.09312142390286526,0.8642994648432418,0.18533375279023545,35103,0.5557787776178451
679,/home/projects/bagon/shared/imagenet512/val/n04461696/ILSVRC2012_val_00046880.JPEG,1817,579.8303680419922,0.00099945068359375,0.08178666756097008,0.9724802345452925,0.1738714506520736,35115,0.8216623554744177
680,/home/projects/bagon/shared/imagenet512/val/n02783161/ILSVRC2012_val_00006663.JPEG,1733,548.6411819458008,0.0009765625,0.08057637060738515,0.9569940892190003,0.18030011950142233,35119,0.5460145298475656
681,/home/projects/bagon/shared/imagenet512/val/n07802026/ILSVRC2012_val_00009887.JPEG,1868,71.97615051269531,0.0009918212890625,0.052391955393543015,0.7626304553656538,0.18624589635620425,35160,0.9240197965606116
682,/home/projects/bagon/shared/imagenet512/val/n04380533/ILSVRC2012_val_00034284.JPEG,2930,101.42755889892578,0.00096893310546875,0.09242221767885177,0.6028164990453404,0.1628536353673028,35186,0.6747387353296179
683,/home/projects/bagon/shared/imagenet512/val/n04435653/ILSVRC2012_val_00007019.JPEG,1343,499.08629608154297,0.00096893310546875,0.06374575879447794,0.9779590972769225,0.12067105920094623,35199,0.5384460954325917
684,/home/projects/bagon/shared/imagenet512/val/n07614500/ILSVRC2012_val_00035076.JPEG,1575,219.9375,0.0009918212890625,0.06971874150462105,0.8104250468733618,0.30751332734615244,35201,0.6876458717825507
685,/home/projects/bagon/shared/imagenet512/val/n04476259/ILSVRC2012_val_00002080.JPEG,963,82.50794982910156,0.00099945068359375,0.053681412799392814,0.6456045110505775,0.18403810387915098,35215,0.7439134495328247
686,/home/projects/bagon/shared/imagenet512/val/n03637318/ILSVRC2012_val_00027525.JPEG,1459,65.30844116210938,0.00099945068359375,0.05565514550300295,0.49138433992771247,0.13970423064817283,35334,0.6442683565517844
687,/home/projects/bagon/shared/imagenet512/val/n02133161/ILSVRC2012_val_00041522.JPEG,1675,91.506103515625,0.00098419189453125,0.061422801718466556,0.6614903273623649,0.1417738684910786,35367,0.7354045426441443
688,/home/projects/bagon/shared/imagenet512/val/n02794156/ILSVRC2012_val_00037026.JPEG,1716,60.89228820800781,0.00099945068359375,0.06360716227517026,0.6494654659675769,0.19999840349021408,35371,0.8155808808816595
689,/home/projects/bagon/shared/imagenet512/val/n02097474/ILSVRC2012_val_00029774.JPEG,2192,316.64691162109375,0.00099945068359375,0.0875482463259612,0.8128288565508874,0.08274782726866764,35389,0.6062257885570289
690,/home/projects/bagon/shared/imagenet512/val/n02109047/ILSVRC2012_val_00044678.JPEG,1373,384.9947204589844,0.00099945068359375,0.06665068569894037,0.959164386531746,0.14685639116925053,35390,0.502649919125964
691,/home/projects/bagon/shared/imagenet512/val/n04141975/ILSVRC2012_val_00016073.JPEG,1160,205.10011291503906,0.00098419189453125,0.051615892239578805,0.9444196412253303,0.27295946293686535,35397,0.7911070657718096
692,/home/projects/bagon/shared/imagenet512/val/n04033995/ILSVRC2012_val_00027873.JPEG,3026,221.38201904296875,0.00098419189453125,0.10374758536669257,0.7754632010389569,0.1667792844213803,35419,0.7261363906049765
693,/home/projects/bagon/shared/imagenet512/val/n03929855/ILSVRC2012_val_00044109.JPEG,2080,51.83531188964844,0.00099945068359375,0.06909866650506448,0.3670458658347959,0.12715322641257987,35434,0.8468029905344937
694,/home/projects/bagon/shared/imagenet512/val/n01677366/ILSVRC2012_val_00017948.JPEG,1823,470.3417205810547,0.00095367431640625,0.07738375635281515,0.9631810085486108,0.16521570852621947,35456,0.5332683648268542
695,/home/projects/bagon/shared/imagenet512/val/n02089078/ILSVRC2012_val_00045878.JPEG,3384,219.75719451904297,0.0009613037109375,0.10441372521315612,0.7529579685383042,0.30721491971592413,35466,0.5496970150664189
696,/home/projects/bagon/shared/imagenet512/val/n01729977/ILSVRC2012_val_00040950.JPEG,2856,291.26087188720703,0.00099945068359375,0.11090926823663559,0.7769846980247359,0.20771427317790836,35492,0.5146243412666128
697,/home/projects/bagon/shared/imagenet512/val/n01608432/ILSVRC2012_val_00030292.JPEG,2314,280.1065902709961,0.00099945068359375,0.08895322167869019,0.8535983494064296,0.28431380371105563,35512,0.638633778042605
698,/home/projects/bagon/shared/imagenet512/val/n03832673/ILSVRC2012_val_00037479.JPEG,4098,335.68953704833984,0.0009918212890625,0.13411327052916042,0.864130523358824,0.31880839853457954,35526,0.5223247720541891
699,/home/projects/bagon/shared/imagenet512/val/n04612504/ILSVRC2012_val_00020544.JPEG,1974,119.8747787475586,0.00099945068359375,0.07723901877435661,0.6761652244787314,0.19150669013132782,35541,0.6673178989400858
700,/home/projects/bagon/shared/imagenet512/val/n03534580/ILSVRC2012_val_00019960.JPEG,2388,394.2928123474121,0.000965118408203125,0.09301001229907384,0.9264824583425764,0.2253006588003298,35556,0.6476746795776298
701,/home/projects/bagon/shared/imagenet512/val/n02077923/ILSVRC2012_val_00022732.JPEG,2086,204.7318572998047,0.00099945068359375,0.07799562375828421,0.8479833687573555,0.1888107789998701,35560,0.7761546990933594
702,/home/projects/bagon/shared/imagenet512/val/n02085782/ILSVRC2012_val_00025437.JPEG,2386,43.16294860839844,0.0009918212890625,0.0712657865732631,0.3957441798298656,0.2023033362352371,35566,0.7832678160664195
703,/home/projects/bagon/shared/imagenet512/val/n02747177/ILSVRC2012_val_00030962.JPEG,1798,239.80905151367188,0.00099945068359375,0.06635795896520941,0.9730730803186346,0.2845270463904634,35573,0.6417130046593533
704,/home/projects/bagon/shared/imagenet512/val/n04417672/ILSVRC2012_val_00027137.JPEG,1300,452.06201171875,0.0009765625,0.060657671550962466,0.9825206813371483,0.17822027482105435,35597,0.7300183270365329
705,/home/projects/bagon/shared/imagenet512/val/n02326432/ILSVRC2012_val_00035418.JPEG,2025,559.060905456543,0.0009918212890625,0.08020792290698082,0.9889266805531849,0.26407658719894317,35599,0.6815806862995211
706,/home/projects/bagon/shared/imagenet512/val/n09428293/ILSVRC2012_val_00020833.JPEG,2328,275.12621307373047,0.00098419189453125,0.09361053267945509,0.8286195116040662,0.2535641243335467,35606,0.49731652830463347
707,/home/projects/bagon/shared/imagenet512/val/n01737021/ILSVRC2012_val_00049609.JPEG,1461,659.8905487060547,0.0009918212890625,0.07054649571639009,0.9945645518002495,0.13413567102284202,35624,0.6455735155100223
708,/home/projects/bagon/shared/imagenet512/val/n03482405/ILSVRC2012_val_00033055.JPEG,1358,296.7933349609375,0.00098419189453125,0.06961495776184976,0.9066539613222988,0.1757903562466102,35662,0.6480127160704248
709,/home/projects/bagon/shared/imagenet512/val/n01796340/ILSVRC2012_val_00025998.JPEG,1188,291.5803451538086,0.00099945068359375,0.05377621185156929,0.9611738325214272,0.18607855065723206,35714,0.5917761238164697
710,/home/projects/bagon/shared/imagenet512/val/n03876231/ILSVRC2012_val_00049520.JPEG,1192,179.6293716430664,0.00099945068359375,0.059844541265103725,0.7556172484162322,0.2080156316485537,35734,0.7904743073995629
711,/home/projects/bagon/shared/imagenet512/val/n02123045/ILSVRC2012_val_00033837.JPEG,2875,450.3182907104492,0.00098419189453125,0.11543804547104311,0.7981019336383663,0.2041442158765272,35743,0.5991202398661742
712,/home/projects/bagon/shared/imagenet512/val/n01819313/ILSVRC2012_val_00040072.JPEG,1474,1291.3061752319336,0.0009918212890625,0.0683369150211614,0.9977398317694569,0.2505856146827095,35789,0.5478123741590565
713,/home/projects/bagon/shared/imagenet512/val/n03014705/ILSVRC2012_val_00003062.JPEG,1056,70.56666946411133,0.000972747802734375,0.04800339279691888,0.7907151437685503,0.18656416696879985,35838,0.8269813272355437
714,/home/projects/bagon/shared/imagenet512/val/n02978881/ILSVRC2012_val_00023124.JPEG,2198,488.8876647949219,0.00096893310546875,0.0896824988373023,0.9593871348775063,0.21172283997421787,35843,0.48509808996076587
715,/home/projects/bagon/shared/imagenet512/val/n01796340/ILSVRC2012_val_00015815.JPEG,1244,61.52141571044922,0.0009918212890625,0.06150140650586122,0.450777566493834,0.09551079981149513,35875,0.6796449046041059
716,/home/projects/bagon/shared/imagenet512/val/n02177972/ILSVRC2012_val_00024850.JPEG,1284,107.20319366455078,0.00096893310546875,0.06210478517667269,0.576671536179353,0.21898112418648963,35878,0.6395975776701867
717,/home/projects/bagon/shared/imagenet512/val/n04398044/ILSVRC2012_val_00021824.JPEG,1852,88.06749725341797,0.00098419189453125,0.0673897783742142,0.5832905415847736,0.24755263393004068,35892,0.577266207553429
718,/home/projects/bagon/shared/imagenet512/val/n02120079/ILSVRC2012_val_00019222.JPEG,1456,345.9273681640625,0.0009918212890625,0.06639038954133414,0.9659627243740472,0.20939456790330704,35905,0.5760293538518174
719,/home/projects/bagon/shared/imagenet512/val/n01629819/ILSVRC2012_val_00001816.JPEG,1474,46.2185173034668,0.000972747802734375,0.05392979119059278,0.372166354022346,0.18554091483540358,35928,0.8104038709577619
720,/home/projects/bagon/shared/imagenet512/val/n01518878/ILSVRC2012_val_00035785.JPEG,937,104.90315246582031,0.00098419189453125,0.04063573916311751,0.9708901853794201,0.2313467188860847,35961,0.7744372890074935
721,/home/projects/bagon/shared/imagenet512/val/n03188531/ILSVRC2012_val_00024495.JPEG,2813,929.631706237793,0.00099945068359375,0.08995835531444657,0.993993239249407,0.4150769948064364,35971,0.6305293078986088
722,/home/projects/bagon/shared/imagenet512/val/n02124075/ILSVRC2012_val_00016918.JPEG,3727,2577.824691772461,0.00099945068359375,0.11235820005110313,0.9970575927495132,0.1512729419128226,35982,0.5470315938926819
723,/home/projects/bagon/shared/imagenet512/val/n01978455/ILSVRC2012_val_00047476.JPEG,1706,209.67998504638672,0.0009613037109375,0.08017007241225199,0.740797116678662,0.13557914586073794,35986,0.6575820177360457
724,/home/projects/bagon/shared/imagenet512/val/n01667114/ILSVRC2012_val_00031541.JPEG,4046,456.5051574707031,0.00099945068359375,0.13952410371838123,0.8164155359905879,0.22961485013235927,36001,0.799670276075993
725,/home/projects/bagon/shared/imagenet512/val/n04259630/ILSVRC2012_val_00013276.JPEG,1586,260.7413864135742,0.0009918212890625,0.06681118107696318,0.9029071901114023,0.10808984352204037,36019,0.8350701570643948
726,/home/projects/bagon/shared/imagenet512/val/n04517823/ILSVRC2012_val_00039209.JPEG,1378,353.86986923217773,0.000972747802734375,0.058041219395565224,0.9754240256063758,0.2287070327459796,36021,0.7005421366664634
727,/home/projects/bagon/shared/imagenet512/val/n09332890/ILSVRC2012_val_00038916.JPEG,1477,68.16387176513672,0.00099945068359375,0.05343861360660776,0.641204098572761,0.25134923581001384,36037,0.7555166666714012
728,/home/projects/bagon/shared/imagenet512/val/n03314780/ILSVRC2012_val_00030231.JPEG,1385,268.90013885498047,0.0009918212890625,0.06704991529298807,0.8912034216425171,0.12282668188429102,36038,0.7764534589156082
729,/home/projects/bagon/shared/imagenet512/val/n01883070/ILSVRC2012_val_00024701.JPEG,1403,418.8369369506836,0.00099945068359375,0.06447573036704794,0.97136288420653,0.1030600792478627,36055,0.6993932952153663
730,/home/projects/bagon/shared/imagenet512/val/n03690938/ILSVRC2012_val_00035370.JPEG,3303,675.7779083251953,0.0009918212890625,0.12293128628955569,0.8848586075342781,0.21518911058503737,36112,0.6298905841030601
731,/home/projects/bagon/shared/imagenet512/val/n02114855/ILSVRC2012_val_00026228.JPEG,2383,176.87411499023438,0.00098419189453125,0.07849058676364647,0.7514709201397636,0.3579335094017847,36127,0.602776418075216
732,/home/projects/bagon/shared/imagenet512/val/n04592741/ILSVRC2012_val_00003428.JPEG,4026,725.8611831665039,0.00098419189453125,0.10202414712368463,0.9078838135994645,0.12520353549479485,36155,0.7680403208511395
733,/home/projects/bagon/shared/imagenet512/val/n02113186/ILSVRC2012_val_00028146.JPEG,2362,182.65454864501953,0.00098419189453125,0.06937217930562657,0.95969488670294,0.31990901692463447,36161,0.8826462159661831
734,/home/projects/bagon/shared/imagenet512/val/n04239074/ILSVRC2012_val_00043144.JPEG,1705,223.70436096191406,0.0009613037109375,0.0648035887254267,0.9052420554868881,0.2874455883122551,36198,0.7112467947918931
735,/home/projects/bagon/shared/imagenet512/val/n01693334/ILSVRC2012_val_00026705.JPEG,3480,256.4517822265625,0.00098419189453125,0.11755193747322942,0.6472876803600078,0.23093010403756192,36209,0.7588949441170053
736,/home/projects/bagon/shared/imagenet512/val/n02444819/ILSVRC2012_val_00007360.JPEG,870,57.61356735229492,0.000965118408203125,0.045730859292503895,0.5857912410985111,0.20030053941938702,36241,0.8525293608176294
737,/home/projects/bagon/shared/imagenet512/val/n02111889/ILSVRC2012_val_00032819.JPEG,2947,158.52982330322266,0.00099945068359375,0.10055133250452229,0.6626186104878979,0.33663629249399274,36270,0.49199010725468745
738,/home/projects/bagon/shared/imagenet512/val/n04070727/ILSVRC2012_val_00046057.JPEG,1398,303.25170516967773,0.000949859619140625,0.06821356461226835,0.9562483886132769,0.33990553695177933,36278,0.5765247948190942
739,/home/projects/bagon/shared/imagenet512/val/n03032252/ILSVRC2012_val_00025054.JPEG,1520,310.25440216064453,0.00099945068359375,0.07225955333650992,0.9701876586574779,0.10814917469813773,36292,0.4639277873674542
740,/home/projects/bagon/shared/imagenet512/val/n04423845/ILSVRC2012_val_00010349.JPEG,2169,155.10585021972656,0.0009765625,0.07727298877608943,0.9296825630647573,0.4740165975020507,36298,0.7898331176960388
741,/home/projects/bagon/shared/imagenet512/val/n01985128/ILSVRC2012_val_00003119.JPEG,2049,389.3129425048828,0.00099945068359375,0.07982929403654206,0.9656084409340882,0.1495652553338177,36350,0.48557287451470305
742,/home/projects/bagon/shared/imagenet512/val/n02086079/ILSVRC2012_val_00046923.JPEG,1765,188.38611602783203,0.0009918212890625,0.06909310513833665,0.9051673590719703,0.32115828634006827,36392,0.7064404606216359
743,/home/projects/bagon/shared/imagenet512/val/n01756291/ILSVRC2012_val_00010723.JPEG,5275,461.84651947021484,0.00099945068359375,0.14365536972200302,0.7445656116215804,0.1386490762904449,36432,0.5155932056334135
744,/home/projects/bagon/shared/imagenet512/val/n09246464/ILSVRC2012_val_00015029.JPEG,1929,31.504859924316406,0.00096893310546875,0.0661531118858316,0.21726010201391732,0.11895115473063494,36438,0.670405163738701
745,/home/projects/bagon/shared/imagenet512/val/n02454379/ILSVRC2012_val_00018717.JPEG,1544,151.30149459838867,0.000957489013671875,0.06317804158753323,0.934715729756539,0.3170452007472693,36446,0.7565745585409643
746,/home/projects/bagon/shared/imagenet512/val/n03630383/ILSVRC2012_val_00020570.JPEG,1507,221.23413848876953,0.00099945068359375,0.06149440785418546,0.9505194571212772,0.21735604340667636,36469,0.6161310156331511
747,/home/projects/bagon/shared/imagenet512/val/n03814639/ILSVRC2012_val_00031428.JPEG,1792,379.6377258300781,0.00095367431640625,0.07167674949393137,0.9822714861255221,0.135265684309664,36493,0.7010595227941476
748,/home/projects/bagon/shared/imagenet512/val/n02091831/ILSVRC2012_val_00043901.JPEG,2492,354.11754608154297,0.00099945068359375,0.10408769994494992,0.8742643721895329,0.23373730134308712,36495,0.5713898708408915
749,/home/projects/bagon/shared/imagenet512/val/n04238763/ILSVRC2012_val_00015662.JPEG,1252,40.377357482910156,0.00099945068359375,0.05070133478077672,0.6144625650166063,0.2628889699424186,36498,0.8058721584578463
750,/home/projects/bagon/shared/imagenet512/val/n03933933/ILSVRC2012_val_00018996.JPEG,2284,572.3250045776367,0.0009765625,0.08797972827324736,0.9760839661514279,0.30835171402131917,36511,0.6426399722621983
751,/home/projects/bagon/shared/imagenet512/val/n03877472/ILSVRC2012_val_00022197.JPEG,1535,142.00116729736328,0.00099945068359375,0.06212230740163824,0.8194749640305566,0.020222563825314843,36522,0.8087244094644337
752,/home/projects/bagon/shared/imagenet512/val/n04350905/ILSVRC2012_val_00026024.JPEG,1973,415.11434173583984,0.0009918212890625,0.08343552373980806,0.9623347444709516,0.26206732007196587,36534,0.7412684418793717
753,/home/projects/bagon/shared/imagenet512/val/n02883205/ILSVRC2012_val_00000202.JPEG,1711,777.4757995605469,0.0009765625,0.07608866191504933,0.9948665962119312,0.16133797713826614,36539,0.7982135902657018
754,/home/projects/bagon/shared/imagenet512/val/n03697007/ILSVRC2012_val_00006142.JPEG,1528,185.4579849243164,0.00096893310546875,0.06003252046658554,0.8969120982264038,0.35481122005074106,36543,0.6646429118671371
755,/home/projects/bagon/shared/imagenet512/val/n02168699/ILSVRC2012_val_00035526.JPEG,2249,663.9830169677734,0.0009918212890625,0.08023505970634097,0.9920302150912279,0.1369386281111884,36550,0.5261497400140013
756,/home/projects/bagon/shared/imagenet512/val/n02859443/ILSVRC2012_val_00033948.JPEG,2169,185.50257873535156,0.0009765625,0.0760505317052834,0.8176016001770374,0.12973034062731403,36554,0.690640396110122
757,/home/projects/bagon/shared/imagenet512/val/n02095314/ILSVRC2012_val_00025330.JPEG,2889,334.77838134765625,0.0009765625,0.10361854823570148,0.8844653121927466,0.12598763991767192,36568,0.7005891716155757
758,/home/projects/bagon/shared/imagenet512/val/n04067472/ILSVRC2012_val_00040398.JPEG,939,23.63495635986328,0.00099945068359375,0.03670939911150378,0.5283026826406751,0.18165706969182877,36597,0.8844249367859648
759,/home/projects/bagon/shared/imagenet512/val/n02814860/ILSVRC2012_val_00009026.JPEG,2071,136.69818878173828,0.00099945068359375,0.07544001705999258,0.7572390288345487,0.23952509376295622,36652,0.6698828823320943
760,/home/projects/bagon/shared/imagenet512/val/n04296562/ILSVRC2012_val_00042609.JPEG,1263,505.3963623046875,0.00099945068359375,0.06673009110428142,0.9787475640672484,0.0767843631867175,36656,0.697653910758538
761,/home/projects/bagon/shared/imagenet512/val/n01818515/ILSVRC2012_val_00007474.JPEG,1436,298.31359100341797,0.00099945068359375,0.06367436920281962,0.9811153681445957,0.283608230935216,36682,0.7130702101620181
762,/home/projects/bagon/shared/imagenet512/val/n02106662/ILSVRC2012_val_00000946.JPEG,2373,203.28963470458984,0.0009765625,0.08437435359346436,0.6941530591665969,0.09878322892260283,36710,0.6431026272688218
763,/home/projects/bagon/shared/imagenet512/val/n04442312/ILSVRC2012_val_00009071.JPEG,1146,263.0473937988281,0.0009918212890625,0.048229509168443846,0.9549806039590276,0.20587608283240838,36713,0.9152817140719631
764,/home/projects/bagon/shared/imagenet512/val/n04540053/ILSVRC2012_val_00014565.JPEG,1106,204.63288116455078,0.00099945068359375,0.04956646148619888,0.95087612000563,0.17626620886153177,36719,0.7044493105702931
765,/home/projects/bagon/shared/imagenet512/val/n03982430/ILSVRC2012_val_00010890.JPEG,1454,202.3146743774414,0.0009918212890625,0.06140295877529428,0.9836210582037289,0.32628905226377874,36729,0.770413735136968
766,/home/projects/bagon/shared/imagenet512/val/n04548280/ILSVRC2012_val_00018936.JPEG,2024,361.8033332824707,0.000949859619140625,0.06035826438653416,0.9549408803568145,0.15328146030465328,36738,0.750200314156756
767,/home/projects/bagon/shared/imagenet512/val/n04532106/ILSVRC2012_val_00048164.JPEG,1007,54.86493682861328,0.00099945068359375,0.05380649857970002,0.4479014166531929,0.10937946980493041,36756,0.8041659163972106
768,/home/projects/bagon/shared/imagenet512/val/n02105251/ILSVRC2012_val_00046037.JPEG,1823,208.09005737304688,0.00099945068359375,0.06673708427269454,0.9617441474710968,0.3475769256624128,36759,0.6346561485290654
769,/home/projects/bagon/shared/imagenet512/val/n04154565/ILSVRC2012_val_00035867.JPEG,2269,1228.3418273925781,0.00092315673828125,0.10942746631252626,0.9886244516938154,0.17789198167473616,36800,0.5324003696806048
770,/home/projects/bagon/shared/imagenet512/val/n03916031/ILSVRC2012_val_00038980.JPEG,1407,149.13511657714844,0.0009918212890625,0.057405655486370125,0.880414166659091,0.35040234416008387,36808,0.6616013909615304
771,/home/projects/bagon/shared/imagenet512/val/n04592741/ILSVRC2012_val_00049062.JPEG,1523,397.35433197021484,0.00099945068359375,0.07777239261537573,0.873988308837367,0.12991604287869007,36825,0.6085892268402604
772,/home/projects/bagon/shared/imagenet512/val/n02113624/ILSVRC2012_val_00011511.JPEG,4540,436.65492248535156,0.0009918212890625,0.14679842672973256,0.9391444061265491,0.23039923752106573,36830,0.5921534821789953
773,/home/projects/bagon/shared/imagenet512/val/n04008634/ILSVRC2012_val_00003596.JPEG,1674,362.9257469177246,0.000972747802734375,0.10726071357308756,0.6030606834072275,0.06799178439765488,36837,0.7515989941063627
774,/home/projects/bagon/shared/imagenet512/val/n01990800/ILSVRC2012_val_00021042.JPEG,2352,339.50374603271484,0.00099945068359375,0.07517830450755912,0.9501944726397451,0.27028155649288454,36853,0.6360547729934592
775,/home/projects/bagon/shared/imagenet512/val/n03787032/ILSVRC2012_val_00031632.JPEG,2582,144.802490234375,0.00099945068359375,0.08065897893023338,0.7249494466130523,0.14279333535663347,36880,0.646086255105672
776,/home/projects/bagon/shared/imagenet512/val/n02966687/ILSVRC2012_val_00027808.JPEG,3062,513.4589881896973,0.000965118408203125,0.08808718885073469,0.9175793910914886,0.031418939589548056,36892,0.7962319913682194
777,/home/projects/bagon/shared/imagenet512/val/n02807133/ILSVRC2012_val_00001013.JPEG,1378,123.88494110107422,0.0009918212890625,0.05839558541949443,0.8824028286424173,0.22357177947246476,36904,0.7684417628216856
778,/home/projects/bagon/shared/imagenet512/val/n02869837/ILSVRC2012_val_00046474.JPEG,1455,59.44105529785156,0.00096893310546875,0.06325897794983126,0.4502862656829797,0.1603340144888366,36913,0.7590387681480699
779,/home/projects/bagon/shared/imagenet512/val/n04479046/ILSVRC2012_val_00023579.JPEG,1917,161.67525482177734,0.00099945068359375,0.07337143611302831,0.9239945031655912,0.2162506324077908,36933,0.5227543167432579
780,/home/projects/bagon/shared/imagenet512/val/n02783161/ILSVRC2012_val_00042171.JPEG,1761,317.2795944213867,0.0009613037109375,0.07504546870030569,0.9318953264288962,0.11303194657811283,36936,0.5605013212760901
781,/home/projects/bagon/shared/imagenet512/val/n01616318/ILSVRC2012_val_00022088.JPEG,2158,364.7950210571289,0.00098419189453125,0.08099616859552226,0.9304817109446422,0.18331808191138915,36945,0.41465715784618
782,/home/projects/bagon/shared/imagenet512/val/n02112350/ILSVRC2012_val_00009324.JPEG,2666,71.77766418457031,0.0009918212890625,0.07017153831392604,0.4956622616715025,0.20675104168630254,36965,0.7265071275355641
783,/home/projects/bagon/shared/imagenet512/val/n01756291/ILSVRC2012_val_00018563.JPEG,5016,654.0567474365234,0.00099945068359375,0.18823792231452088,0.7537956217116695,0.1795608483935904,36996,0.38931773496998845
784,/home/projects/bagon/shared/imagenet512/val/n03770439/ILSVRC2012_val_00039491.JPEG,2050,227.17631149291992,0.000942230224609375,0.06965531422027883,0.9444063230213159,0.308386883993826,37010,0.5672209909244155
785,/home/projects/bagon/shared/imagenet512/val/n04597913/ILSVRC2012_val_00036316.JPEG,1650,165.02872467041016,0.0009918212890625,0.06621552525508242,0.7668750961046024,0.40439464834572647,37027,0.779962207424264
786,/home/projects/bagon/shared/imagenet512/val/n04201297/ILSVRC2012_val_00032787.JPEG,1643,181.77342987060547,0.00099945068359375,0.07646617424032308,0.8232730332829336,0.282952890196256,37028,0.6379348617435433
787,/home/projects/bagon/shared/imagenet512/val/n04141975/ILSVRC2012_val_00015707.JPEG,1929,1006.3224945068359,0.000946044921875,0.10439707625832143,0.9703187432358317,0.2844603668195881,37082,0.8455874925698522
788,/home/projects/bagon/shared/imagenet512/val/n03532672/ILSVRC2012_val_00000636.JPEG,2381,190.5922088623047,0.00099945068359375,0.08426069542087156,0.8525576371529362,0.17226418192359433,37104,0.6785485107942183
789,/home/projects/bagon/shared/imagenet512/val/n02066245/ILSVRC2012_val_00018438.JPEG,1788,406.00389099121094,0.00098419189453125,0.07383274297688154,0.9692145233690789,0.27858023044336355,37160,0.5894088819918969
790,/home/projects/bagon/shared/imagenet512/val/n04485082/ILSVRC2012_val_00003849.JPEG,1839,281.56385040283203,0.0009918212890625,0.07705532017716757,0.9088358799479217,0.23074873085619246,37164,0.689601234853351
791,/home/projects/bagon/shared/imagenet512/val/n03794056/ILSVRC2012_val_00028156.JPEG,1604,68.92804718017578,0.0009918212890625,0.04633896159895218,0.8003995027854184,0.3236162064348691,37189,0.7798473861278448
792,/home/projects/bagon/shared/imagenet512/val/n01980166/ILSVRC2012_val_00035361.JPEG,1401,83.39908599853516,0.0009918212890625,0.06579976289575094,0.6288440345541678,0.1659194299846469,37222,0.7278267382452125
793,/home/projects/bagon/shared/imagenet512/val/n03908618/ILSVRC2012_val_00015428.JPEG,1695,122.16910552978516,0.00099945068359375,0.06498572356339698,0.6890537588847493,0.1781350272914019,37230,0.5786338039511968
794,/home/projects/bagon/shared/imagenet512/val/n02095314/ILSVRC2012_val_00010722.JPEG,2814,225.68927001953125,0.00098419189453125,0.0886307465617617,0.8811122436078457,0.2700084273092732,37278,0.5969799488176686
795,/home/projects/bagon/shared/imagenet512/val/n02114548/ILSVRC2012_val_00045961.JPEG,4165,433.18516540527344,0.00099945068359375,0.1351117231416004,0.897311833687541,0.16334986281144698,37280,0.4842248129594651
796,/home/projects/bagon/shared/imagenet512/val/n02099267/ILSVRC2012_val_00010382.JPEG,4117,664.4371032714844,0.00099945068359375,0.11818120318611618,0.9766662884705173,0.20458730071343645,37284,0.5386959550520853
797,/home/projects/bagon/shared/imagenet512/val/n04461696/ILSVRC2012_val_00028004.JPEG,1666,268.0674057006836,0.00099945068359375,0.07048279593168755,0.9232261098722533,0.29977581384319757,37288,0.8240050529143863
798,/home/projects/bagon/shared/imagenet512/val/n02791124/ILSVRC2012_val_00040965.JPEG,1981,317.2957763671875,0.00099945068359375,0.059584262586849984,0.9874444136685456,0.13397749460945446,37339,0.7338626870405287
799,/home/projects/bagon/shared/imagenet512/val/n04270147/ILSVRC2012_val_00037074.JPEG,1151,271.16309356689453,0.00099945068359375,0.05495248314746285,0.9608663963794147,0.18427719369952122,37349,0.7575205197684178
800,/home/projects/bagon/shared/imagenet512/val/n04005630/ILSVRC2012_val_00027501.JPEG,1681,827.0303077697754,0.000972747802734375,0.07193533677699086,0.9942830824611537,0.18018856142780154,37364,0.63261657225531
801,/home/projects/bagon/shared/imagenet512/val/n03666591/ILSVRC2012_val_00006224.JPEG,1684,1903.333267211914,0.00096893310546875,0.09550825022971789,0.9943643109042166,0.2160621175509892,37372,0.5401365816552886
802,/home/projects/bagon/shared/imagenet512/val/n01983481/ILSVRC2012_val_00040887.JPEG,1345,210.12183380126953,0.00098419189453125,0.055628205461596136,0.8730048981423961,0.25919402441758366,37382,0.7000600366287322
803,/home/projects/bagon/shared/imagenet512/val/n07615774/ILSVRC2012_val_00035021.JPEG,2419,1300.3199157714844,0.0009918212890625,0.09979366371798226,0.9955099338040547,0.3042277559746041,37384,0.7259323367436359
804,/home/projects/bagon/shared/imagenet512/val/n03720891/ILSVRC2012_val_00049339.JPEG,1451,364.8351516723633,0.00099945068359375,0.07224331985076207,0.9064547272306345,0.20503482985637767,37412,0.6504059983747941
805,/home/projects/bagon/shared/imagenet512/val/n02437616/ILSVRC2012_val_00026173.JPEG,1732,1441.8600769042969,0.00099945068359375,0.07721522693283,0.9975451141991205,0.28009744704009776,37418,0.47581347255982687
806,/home/projects/bagon/shared/imagenet512/val/n03998194/ILSVRC2012_val_00039904.JPEG,1586,337.6631278991699,0.000972747802734375,0.06885261339962757,0.9713748551267973,0.2424244573938273,37427,0.5981950040078847
807,/home/projects/bagon/shared/imagenet512/val/n02093859/ILSVRC2012_val_00049667.JPEG,2667,93.57673645019531,0.00099945068359375,0.07821733757238154,0.8012436079487373,0.3190175147723603,37449,0.726273072173454
808,/home/projects/bagon/shared/imagenet512/val/n03742115/ILSVRC2012_val_00001318.JPEG,1821,968.4293212890625,0.0009918212890625,0.09203874808529525,0.9870310728000223,0.16886009695189466,37462,0.5919756227745439
809,/home/projects/bagon/shared/imagenet512/val/n04507155/ILSVRC2012_val_00002233.JPEG,1233,80.61254119873047,0.0009918212890625,0.051244316962823,0.6499679101272956,0.23995879022502203,37475,0.732530397149812
810,/home/projects/bagon/shared/imagenet512/val/n02669723/ILSVRC2012_val_00023217.JPEG,3860,497.0885772705078,0.00099945068359375,0.1054350428394455,0.989035488633049,0.3738365249885073,37476,0.5638157640361131
811,/home/projects/bagon/shared/imagenet512/val/n04192698/ILSVRC2012_val_00030177.JPEG,1099,259.6471405029297,0.00099945068359375,0.05017191868995582,0.9673504748609556,0.2295613947769402,37502,0.7036155428180302
812,/home/projects/bagon/shared/imagenet512/val/n02105251/ILSVRC2012_val_00040386.JPEG,2434,128.54181671142578,0.00099945068359375,0.08329791832429467,0.5866741293290417,0.13496812974985012,37525,0.7041102525326561
813,/home/projects/bagon/shared/imagenet512/val/n07584110/ILSVRC2012_val_00042492.JPEG,1577,83.39350891113281,0.00099945068359375,0.062410785927479076,0.6408327910303319,0.24904008081725526,37529,0.7157007866592736
814,/home/projects/bagon/shared/imagenet512/val/n01775062/ILSVRC2012_val_00014727.JPEG,1958,156.7797622680664,0.0009918212890625,0.07413133166485313,0.7285072683507562,0.22427460760551005,37533,0.5516406548410008
815,/home/projects/bagon/shared/imagenet512/val/n04070727/ILSVRC2012_val_00049708.JPEG,1588,273.4490203857422,0.00099945068359375,0.07051232246227651,0.8963740637260561,0.3546066920453883,37547,0.8363414339877273
816,/home/projects/bagon/shared/imagenet512/val/n04033995/ILSVRC2012_val_00047483.JPEG,1701,662.2282257080078,0.00099945068359375,0.07953673768866285,0.9895081811496315,0.23506599447511378,37550,0.5306404650234563
817,/home/projects/bagon/shared/imagenet512/val/n03908714/ILSVRC2012_val_00004441.JPEG,838,285.1086883544922,0.000946044921875,0.04091066381114193,0.972405096886986,0.13097041523723701,37556,0.5831519033035375
818,/home/projects/bagon/shared/imagenet512/val/n10148035/ILSVRC2012_val_00035759.JPEG,1777,317.4715805053711,0.0009918212890625,0.06665886224912053,0.9842352920897184,0.1573182267269963,37603,0.7604437659545175
819,/home/projects/bagon/shared/imagenet512/val/n04033901/ILSVRC2012_val_00007590.JPEG,1378,2220.9135665893555,0.0009613037109375,0.09472549152159239,0.9964383269941636,0.14421828075394827,37637,0.4606096579390084
820,/home/projects/bagon/shared/imagenet512/val/n02966687/ILSVRC2012_val_00036120.JPEG,2159,664.4450531005859,0.0009613037109375,0.10301052354811516,0.9738213344272684,0.2558804778237512,37639,0.6422729816826004
821,/home/projects/bagon/shared/imagenet512/val/n02791270/ILSVRC2012_val_00018506.JPEG,1294,415.1268653869629,0.000972747802734375,0.06371462352795304,0.9749555188669243,0.22698757291858157,37648,0.6789144286556157
822,/home/projects/bagon/shared/imagenet512/val/n02077923/ILSVRC2012_val_00032816.JPEG,1463,1190.6798934936523,0.00098419189453125,0.07924779056404958,0.990976355433697,0.18955426201293907,37652,0.5238197433322385
823,/home/projects/bagon/shared/imagenet512/val/n03100240/ILSVRC2012_val_00029454.JPEG,2435,507.4087600708008,0.00099945068359375,0.1082476537585374,0.9363617561581447,0.2403293483220883,37655,0.6953468685935548
824,/home/projects/bagon/shared/imagenet512/val/n03255030/ILSVRC2012_val_00026198.JPEG,1558,215.30113220214844,0.0009918212890625,0.06983775470777115,0.7586175401766497,0.21131860112894735,37675,0.7602879218349061
825,/home/projects/bagon/shared/imagenet512/val/n03742115/ILSVRC2012_val_00022315.JPEG,1484,563.2099151611328,0.00098419189453125,0.07464309838029584,0.9415670473563591,0.18316449118159842,37678,0.51749547415178
826,/home/projects/bagon/shared/imagenet512/val/n04392985/ILSVRC2012_val_00003442.JPEG,2441,623.6788558959961,0.00099945068359375,0.14292878072058968,0.8655361749237973,0.2385182583278917,37688,0.7184140045547678
827,/home/projects/bagon/shared/imagenet512/val/n04005630/ILSVRC2012_val_00022471.JPEG,1112,302.81207275390625,0.00099945068359375,0.05679449345091261,0.9628112701383693,0.15486706761146157,37699,0.5565912230977196
828,/home/projects/bagon/shared/imagenet512/val/n02437312/ILSVRC2012_val_00030464.JPEG,1629,414.03778076171875,0.0009918212890625,0.06791728244009819,0.9638330923286647,0.1645983561185464,37734,0.8404213270607521
829,/home/projects/bagon/shared/imagenet512/val/n03598930/ILSVRC2012_val_00039089.JPEG,1403,136.28092193603516,0.00099945068359375,0.06142979591775082,0.8207344768423741,0.2512042809835589,37769,0.690926663280963
830,/home/projects/bagon/shared/imagenet512/val/n03895866/ILSVRC2012_val_00033410.JPEG,2363,313.83384704589844,0.0009918212890625,0.08762922536062717,0.8685234703797924,0.1935524955105799,37777,0.5824367042717219
831,/home/projects/bagon/shared/imagenet512/val/n04330267/ILSVRC2012_val_00033191.JPEG,1407,568.4939422607422,0.00099945068359375,0.07180486619337643,0.9768485552823377,0.2148510924068774,37789,0.47236110183943836
832,/home/projects/bagon/shared/imagenet512/val/n04127249/ILSVRC2012_val_00020995.JPEG,1963,476.0525207519531,0.00099945068359375,0.07795063618320855,0.9725600542757062,0.3599950595224972,37795,0.8189645203164222
