step,loss
1,4.62109375
2,4.62109375
3,4.62109375
4,4.62109375
5,4.62109375
6,4.62109375
7,4.62109375
8,4.0078125
9,3.533203125
10,3.07421875
11,2.833984375
12,2.46484375
