2025-09-22 10:58:37,300 - INFO - Parsed arguments:
2025-09-22 10:58:37,300 - INFO -   amp_dtype = None
2025-09-22 10:58:37,300 - INFO -   bars_npy = /home/projects/bagon/andreyg/Projects/BMM_school/Universal_learning/Programming/bars/geq6wrong_21017_geq6correct_1525_imagenet.npy
2025-09-22 10:58:37,300 - INFO -   cka_layer_fraction = 0.05
2025-09-22 10:58:37,300 - INFO -   current_worker = 5
2025-09-22 10:58:37,300 - INFO -   deterministic = True
2025-09-22 10:58:37,300 - INFO -   device = cuda
2025-09-22 10:58:37,300 - INFO -   epsilon = 0.001
2025-09-22 10:58:37,300 - INFO -   examples_csv = /home/projects/bagon/andreyg/Projects/BMM_school/Universal_learning/Programming/bars/geq6wrong_21017_geq6correct_1525_imagenet_examples_ammended.csv
2025-09-22 10:58:37,300 - INFO -   explicit_examples_for_training = None
2025-09-22 10:58:37,300 - INFO -   grad_clip_norm = 1.0
2025-09-22 10:58:37,300 - INFO -   hierarchy_json = /home/projects/bagon/andreyg/Projects/BMM_school/Universal_learning/Programming/bars/imagenet_synset_hierarchy.json
2025-09-22 10:58:37,300 - INFO -   imagenet_models_csv = /home/projects/bagon/andreyg/Projects/BMM_school/Universal_learning/Programming/bars/imagenet_models.csv
2025-09-22 10:58:37,300 - INFO -   lr = 0.0001
2025-09-22 10:58:37,301 - INFO -   max_examples = 50000
2025-09-22 10:58:37,301 - INFO -   max_steps_per_example = 10000
2025-09-22 10:58:37,301 - INFO -   model_csv_name = efficientvit_base_0_224_classification_imagenet_1k
2025-09-22 10:58:37,301 - INFO -   model_name = efficientvit_b0.r224_in1k
2025-09-22 10:58:37,301 - INFO -   no_amp = False
2025-09-22 10:58:37,301 - INFO -   num_workers = 8
2025-09-22 10:58:37,301 - INFO -   output_dir = /home/projects/bagon/andreyg/Projects/BMM_school/Universal_learning/Programming/training_gradient_evaluator_single_loss_parallel/output_parallel_8_workers
2025-09-22 10:58:37,301 - INFO -   root_dir = None
2025-09-22 10:58:37,301 - INFO -   seed = 1337
2025-09-22 10:58:37,301 - INFO -   time_limit_seconds = 6300
2025-09-22 10:58:37,301 - INFO -   weight_decay = 0.0
2025-09-22 10:58:37,301 - INFO -   zero_aug_train = False
2025-09-22 10:58:37,310 - INFO - Loaded 50000 examples in difficulty order
2025-09-22 10:58:37,884 - INFO - Loaded TIMM pretrained weights for efficientvit_b0.r224_in1k
2025-09-22 10:58:37,884 - INFO - pretrained_cfg.url= hf_hub_id=timm/efficientvit_b0.r224_in1k
2025-09-22 10:58:38,203 - INFO - Stored original model weights for reset
2025-09-22 10:58:38,204 - INFO - Training configuration:
2025-09-22 10:58:38,204 - INFO -   lr = 0.0001
2025-09-22 10:58:38,204 - INFO -   weight_decay = 0.0
2025-09-22 10:58:38,204 - INFO -   max_steps = 10000
2025-09-22 10:58:38,204 - INFO -   epsilon = 0.001
2025-09-22 10:58:38,204 - INFO -   device = cuda
2025-09-22 10:58:38,204 - INFO -   use_amp = True
2025-09-22 10:58:38,204 - INFO -   amp_dtype = bfloat16
2025-09-22 10:58:38,204 - INFO -   gradient_clip_norm = 1.0
2025-09-22 10:58:38,228 - INFO - Resolved model_csv_name='efficientvit_base_0_224_classification_imagenet_1k' to mask_row_index=984
2025-09-22 10:58:47,152 - INFO - Selected 12693 wrong examples for training (sorted by difficulty)
2025-09-22 10:58:47,152 - INFO - Worker 5/8 assigned range [7935, 9521) with 1586 examples
2025-09-22 10:58:47,180 - INFO - 
=== Worker 5 Training Example 1/1586 (global idx 7935): /home/projects/bagon/shared/imagenet512/val/n03425413/ILSVRC2012_val_00007471.JPEG ===
2025-09-22 10:58:48,748 - INFO - Example /home/projects/bagon/shared/imagenet512/val/n03425413/ILSVRC2012_val_00007471.JPEG reached epsilon at step 25, loss sum: 7.7115, final loss: 0.00068283, weight distance: 0.0023
2025-09-22 10:58:49,612 - INFO - Example 1 completed: 25 steps, loss sum: 7.7115, final loss: 0.00068283, weight distance: 0.0023 (universal rank: 43275)
2025-09-22 10:58:49,612 - INFO - 
=== Worker 5 Training Example 2/1586 (global idx 7936): /home/projects/bagon/shared/imagenet512/val/n02917067/ILSVRC2012_val_00022891.JPEG ===
2025-09-22 10:58:51,197 - INFO - Example /home/projects/bagon/shared/imagenet512/val/n02917067/ILSVRC2012_val_00022891.JPEG reached epsilon at step 42, loss sum: 40.6616, final loss: 0.00086212, weight distance: 0.0035
2025-09-22 10:58:51,776 - INFO - Example 2 completed: 42 steps, loss sum: 40.6616, final loss: 0.00086212, weight distance: 0.0035 (universal rank: 43276)
2025-09-22 10:58:51,776 - INFO - 
=== Worker 5 Training Example 3/1586 (global idx 7937): /home/projects/bagon/shared/imagenet512/val/n02280649/ILSVRC2012_val_00013255.JPEG ===
2025-09-22 10:58:53,615 - INFO - Example /home/projects/bagon/shared/imagenet512/val/n02280649/ILSVRC2012_val_00013255.JPEG reached epsilon at step 51, loss sum: 31.8517, final loss: 0.00083542, weight distance: 0.0045
2025-09-22 10:58:54,271 - INFO - Example 3 completed: 51 steps, loss sum: 31.8517, final loss: 0.00083542, weight distance: 0.0045 (universal rank: 43277)
2025-09-22 10:58:54,271 - INFO - 
=== Worker 5 Training Example 4/1586 (global idx 7938): /home/projects/bagon/shared/imagenet512/val/n04525038/ILSVRC2012_val_00002188.JPEG ===
2025-09-22 10:58:55,257 - INFO - Example /home/projects/bagon/shared/imagenet512/val/n04525038/ILSVRC2012_val_00002188.JPEG reached epsilon at step 27, loss sum: 7.4910, final loss: 0.00089645, weight distance: 0.0023
2025-09-22 10:58:55,823 - INFO - Example 4 completed: 27 steps, loss sum: 7.4910, final loss: 0.00089645, weight distance: 0.0023 (universal rank: 43278)
2025-09-22 10:58:55,823 - INFO - 
=== Worker 5 Training Example 5/1586 (global idx 7939): /home/projects/bagon/shared/imagenet512/val/n07873807/ILSVRC2012_val_00047660.JPEG ===
2025-09-22 10:58:56,900 - INFO - Example /home/projects/bagon/shared/imagenet512/val/n07873807/ILSVRC2012_val_00047660.JPEG reached epsilon at step 29, loss sum: 7.1383, final loss: 0.00089645, weight distance: 0.0027
2025-09-22 10:58:57,465 - INFO - Example 5 completed: 29 steps, loss sum: 7.1383, final loss: 0.00089645, weight distance: 0.0027 (universal rank: 43279)
2025-09-22 10:58:57,465 - INFO - 
=== Worker 5 Training Example 6/1586 (global idx 7940): /home/projects/bagon/shared/imagenet512/val/n01739381/ILSVRC2012_val_00034919.JPEG ===
2025-09-22 10:58:58,796 - INFO - Example /home/projects/bagon/shared/imagenet512/val/n01739381/ILSVRC2012_val_00034919.JPEG reached epsilon at step 36, loss sum: 7.8965, final loss: 0.00091553, weight distance: 0.0032
2025-09-22 10:58:59,380 - INFO - Example 6 completed: 36 steps, loss sum: 7.8965, final loss: 0.00091553, weight distance: 0.0032 (universal rank: 43280)
2025-09-22 10:58:59,380 - INFO - 
=== Worker 5 Training Example 7/1586 (global idx 7941): /home/projects/bagon/shared/imagenet512/val/n03045698/ILSVRC2012_val_00038472.JPEG ===
2025-09-22 10:59:00,943 - INFO - Example /home/projects/bagon/shared/imagenet512/val/n03045698/ILSVRC2012_val_00038472.JPEG reached epsilon at step 43, loss sum: 13.0399, final loss: 0.00087738, weight distance: 0.0034
2025-09-22 10:59:01,500 - INFO - Example 7 completed: 43 steps, loss sum: 13.0399, final loss: 0.00087738, weight distance: 0.0034 (universal rank: 43281)
2025-09-22 10:59:01,501 - INFO - 
=== Worker 5 Training Example 8/1586 (global idx 7942): /home/projects/bagon/shared/imagenet512/val/n02093428/ILSVRC2012_val_00029242.JPEG ===
2025-09-22 10:59:03,182 - INFO - Example /home/projects/bagon/shared/imagenet512/val/n02093428/ILSVRC2012_val_00029242.JPEG reached epsilon at step 47, loss sum: 61.2590, final loss: 0.00086975, weight distance: 0.0039
2025-09-22 10:59:03,735 - INFO - Example 8 completed: 47 steps, loss sum: 61.2590, final loss: 0.00086975, weight distance: 0.0039 (universal rank: 43282)
2025-09-22 10:59:03,735 - INFO - 
=== Worker 5 Training Example 9/1586 (global idx 7943): /home/projects/bagon/shared/imagenet512/val/n03930630/ILSVRC2012_val_00029772.JPEG ===
2025-09-22 10:59:04,512 - INFO - Example /home/projects/bagon/shared/imagenet512/val/n03930630/ILSVRC2012_val_00029772.JPEG reached epsilon at step 21, loss sum: 2.7344, final loss: 0.00074768, weight distance: 0.0020
2025-09-22 10:59:05,089 - INFO - Example 9 completed: 21 steps, loss sum: 2.7344, final loss: 0.00074768, weight distance: 0.0020 (universal rank: 43283)
2025-09-22 10:59:05,089 - INFO - 
=== Worker 5 Training Example 10/1586 (global idx 7944): /home/projects/bagon/shared/imagenet512/val/n03623198/ILSVRC2012_val_00005042.JPEG ===
2025-09-22 10:59:06,340 - INFO - Example /home/projects/bagon/shared/imagenet512/val/n03623198/ILSVRC2012_val_00005042.JPEG reached epsilon at step 34, loss sum: 29.4316, final loss: 0.00070190, weight distance: 0.0032
2025-09-22 10:59:06,890 - INFO - Example 10 completed: 34 steps, loss sum: 29.4316, final loss: 0.00070190, weight distance: 0.0032 (universal rank: 43284)
2025-09-22 10:59:06,890 - INFO - 
=== Worker 5 Training Example 11/1586 (global idx 7945): /home/projects/bagon/shared/imagenet512/val/n02119789/ILSVRC2012_val_00005613.JPEG ===
2025-09-22 10:59:08,447 - INFO - Example /home/projects/bagon/shared/imagenet512/val/n02119789/ILSVRC2012_val_00005613.JPEG reached epsilon at step 43, loss sum: 11.7297, final loss: 0.00093079, weight distance: 0.0038
2025-09-22 10:59:09,536 - INFO - Example 11 completed: 43 steps, loss sum: 11.7297, final loss: 0.00093079, weight distance: 0.0038 (universal rank: 43285)
2025-09-22 10:59:09,536 - INFO - 
=== Worker 5 Training Example 12/1586 (global idx 7946): /home/projects/bagon/shared/imagenet512/val/n09246464/ILSVRC2012_val_00041741.JPEG ===
2025-09-22 10:59:10,634 - INFO - Example /home/projects/bagon/shared/imagenet512/val/n09246464/ILSVRC2012_val_00041741.JPEG reached epsilon at step 29, loss sum: 2.3743, final loss: 0.00096893, weight distance: 0.0025
2025-09-22 10:59:11,216 - INFO - Example 12 completed: 29 steps, loss sum: 2.3743, final loss: 0.00096893, weight distance: 0.0025 (universal rank: 43286)
2025-09-22 10:59:11,216 - INFO - 
=== Worker 5 Training Example 13/1586 (global idx 7947): /home/projects/bagon/shared/imagenet512/val/n01751748/ILSVRC2012_val_00039265.JPEG ===
2025-09-22 10:59:12,484 - INFO - Example /home/projects/bagon/shared/imagenet512/val/n01751748/ILSVRC2012_val_00039265.JPEG reached epsilon at step 35, loss sum: 7.7160, final loss: 0.00088120, weight distance: 0.0032
2025-09-22 10:59:13,050 - INFO - Example 13 completed: 35 steps, loss sum: 7.7160, final loss: 0.00088120, weight distance: 0.0032 (universal rank: 43287)
2025-09-22 10:59:13,050 - INFO - 
=== Worker 5 Training Example 14/1586 (global idx 7948): /home/projects/bagon/shared/imagenet512/val/n04133789/ILSVRC2012_val_00036524.JPEG ===
2025-09-22 10:59:14,595 - INFO - Example /home/projects/bagon/shared/imagenet512/val/n04133789/ILSVRC2012_val_00036524.JPEG reached epsilon at step 43, loss sum: 19.6397, final loss: 0.00097656, weight distance: 0.0038
2025-09-22 10:59:15,170 - INFO - Example 14 completed: 43 steps, loss sum: 19.6397, final loss: 0.00097656, weight distance: 0.0038 (universal rank: 43289)
2025-09-22 10:59:15,171 - INFO - 
=== Worker 5 Training Example 15/1586 (global idx 7949): /home/projects/bagon/shared/imagenet512/val/n02108915/ILSVRC2012_val_00026283.JPEG ===
2025-09-22 10:59:17,055 - INFO - Example /home/projects/bagon/shared/imagenet512/val/n02108915/ILSVRC2012_val_00026283.JPEG reached epsilon at step 53, loss sum: 45.1884, final loss: 0.00078583, weight distance: 0.0043
2025-09-22 10:59:17,794 - INFO - Example 15 completed: 53 steps, loss sum: 45.1884, final loss: 0.00078583, weight distance: 0.0043 (universal rank: 43290)
2025-09-22 10:59:17,794 - INFO - 
=== Worker 5 Training Example 16/1586 (global idx 7950): /home/projects/bagon/shared/imagenet512/val/n01740131/ILSVRC2012_val_00045638.JPEG ===
2025-09-22 10:59:19,809 - INFO - Example /home/projects/bagon/shared/imagenet512/val/n01740131/ILSVRC2012_val_00045638.JPEG reached epsilon at step 56, loss sum: 45.7942, final loss: 0.00085831, weight distance: 0.0044
2025-09-22 10:59:20,420 - INFO - Example 16 completed: 56 steps, loss sum: 45.7942, final loss: 0.00085831, weight distance: 0.0044 (universal rank: 43291)
2025-09-22 10:59:20,420 - INFO - 
=== Worker 5 Training Example 17/1586 (global idx 7951): /home/projects/bagon/shared/imagenet512/val/n02981792/ILSVRC2012_val_00033153.JPEG ===
2025-09-22 10:59:22,246 - INFO - Example /home/projects/bagon/shared/imagenet512/val/n02981792/ILSVRC2012_val_00033153.JPEG reached epsilon at step 51, loss sum: 28.2569, final loss: 0.00086975, weight distance: 0.0044
2025-09-22 10:59:22,807 - INFO - Example 17 completed: 51 steps, loss sum: 28.2569, final loss: 0.00086975, weight distance: 0.0044 (universal rank: 43293)
2025-09-22 10:59:22,807 - INFO - 
=== Worker 5 Training Example 18/1586 (global idx 7952): /home/projects/bagon/shared/imagenet512/val/n03207941/ILSVRC2012_val_00005008.JPEG ===
2025-09-22 10:59:23,907 - INFO - Example /home/projects/bagon/shared/imagenet512/val/n03207941/ILSVRC2012_val_00005008.JPEG reached epsilon at step 30, loss sum: 38.3846, final loss: 0.00091553, weight distance: 0.0027
2025-09-22 10:59:24,588 - INFO - Example 18 completed: 30 steps, loss sum: 38.3846, final loss: 0.00091553, weight distance: 0.0027 (universal rank: 43294)
2025-09-22 10:59:24,588 - INFO - 
=== Worker 5 Training Example 19/1586 (global idx 7953): /home/projects/bagon/shared/imagenet512/val/n03825788/ILSVRC2012_val_00033097.JPEG ===
2025-09-22 10:59:26,389 - INFO - Example /home/projects/bagon/shared/imagenet512/val/n03825788/ILSVRC2012_val_00033097.JPEG reached epsilon at step 50, loss sum: 77.0050, final loss: 0.00092316, weight distance: 0.0040
2025-09-22 10:59:26,944 - INFO - Example 19 completed: 50 steps, loss sum: 77.0050, final loss: 0.00092316, weight distance: 0.0040 (universal rank: 43295)
2025-09-22 10:59:26,944 - INFO - 
=== Worker 5 Training Example 20/1586 (global idx 7954): /home/projects/bagon/shared/imagenet512/val/n02105855/ILSVRC2012_val_00017961.JPEG ===
2025-09-22 10:59:28,991 - INFO - Example /home/projects/bagon/shared/imagenet512/val/n02105855/ILSVRC2012_val_00017961.JPEG reached epsilon at step 58, loss sum: 137.1636, final loss: 0.00085449, weight distance: 0.0047
2025-09-22 10:59:29,561 - INFO - Example 20 completed: 58 steps, loss sum: 137.1636, final loss: 0.00085449, weight distance: 0.0047 (universal rank: 43296)
2025-09-22 10:59:29,561 - INFO - 
=== Worker 5 Training Example 21/1586 (global idx 7955): /home/projects/bagon/shared/imagenet512/val/n04370456/ILSVRC2012_val_00016068.JPEG ===
2025-09-22 10:59:30,694 - INFO - Example /home/projects/bagon/shared/imagenet512/val/n04370456/ILSVRC2012_val_00016068.JPEG reached epsilon at step 31, loss sum: 25.8470, final loss: 0.00095367, weight distance: 0.0026
2025-09-22 10:59:31,246 - INFO - Example 21 completed: 31 steps, loss sum: 25.8470, final loss: 0.00095367, weight distance: 0.0026 (universal rank: 43297)
2025-09-22 10:59:31,247 - INFO - 
=== Worker 5 Training Example 22/1586 (global idx 7956): /home/projects/bagon/shared/imagenet512/val/n02389026/ILSVRC2012_val_00048225.JPEG ===
2025-09-22 10:59:33,148 - INFO - Example /home/projects/bagon/shared/imagenet512/val/n02389026/ILSVRC2012_val_00048225.JPEG reached epsilon at step 53, loss sum: 55.0098, final loss: 0.00099945, weight distance: 0.0043
2025-09-22 10:59:33,706 - INFO - Example 22 completed: 53 steps, loss sum: 55.0098, final loss: 0.00099945, weight distance: 0.0043 (universal rank: 43298)
2025-09-22 10:59:33,706 - INFO - 
=== Worker 5 Training Example 23/1586 (global idx 7957): /home/projects/bagon/shared/imagenet512/val/n02443114/ILSVRC2012_val_00000055.JPEG ===
2025-09-22 10:59:35,189 - INFO - Example /home/projects/bagon/shared/imagenet512/val/n02443114/ILSVRC2012_val_00000055.JPEG reached epsilon at step 41, loss sum: 12.9974, final loss: 0.00093079, weight distance: 0.0035
2025-09-22 10:59:35,746 - INFO - Example 23 completed: 41 steps, loss sum: 12.9974, final loss: 0.00093079, weight distance: 0.0035 (universal rank: 43299)
2025-09-22 10:59:35,747 - INFO - 
=== Worker 5 Training Example 24/1586 (global idx 7958): /home/projects/bagon/shared/imagenet512/val/n02106662/ILSVRC2012_val_00013053.JPEG ===
2025-09-22 10:59:38,081 - INFO - Example /home/projects/bagon/shared/imagenet512/val/n02106662/ILSVRC2012_val_00013053.JPEG reached epsilon at step 63, loss sum: 75.8840, final loss: 0.00093842, weight distance: 0.0053
2025-09-22 10:59:38,917 - INFO - Example 24 completed: 63 steps, loss sum: 75.8840, final loss: 0.00093842, weight distance: 0.0053 (universal rank: 43300)
2025-09-22 10:59:38,917 - INFO - 
=== Worker 5 Training Example 25/1586 (global idx 7959): /home/projects/bagon/shared/imagenet512/val/n02835271/ILSVRC2012_val_00015618.JPEG ===
2025-09-22 10:59:40,051 - INFO - Example /home/projects/bagon/shared/imagenet512/val/n02835271/ILSVRC2012_val_00015618.JPEG reached epsilon at step 28, loss sum: 4.6062, final loss: 0.00093079, weight distance: 0.0026
2025-09-22 10:59:40,623 - INFO - Example 25 completed: 28 steps, loss sum: 4.6062, final loss: 0.00093079, weight distance: 0.0026 (universal rank: 43301)
2025-09-22 10:59:40,623 - INFO - 
=== Worker 5 Training Example 26/1586 (global idx 7960): /home/projects/bagon/shared/imagenet512/val/n03887697/ILSVRC2012_val_00007502.JPEG ===
2025-09-22 10:59:42,240 - INFO - Example /home/projects/bagon/shared/imagenet512/val/n03887697/ILSVRC2012_val_00007502.JPEG reached epsilon at step 43, loss sum: 37.5511, final loss: 0.00090027, weight distance: 0.0033
2025-09-22 10:59:42,798 - INFO - Example 26 completed: 43 steps, loss sum: 37.5511, final loss: 0.00090027, weight distance: 0.0033 (universal rank: 43304)
2025-09-22 10:59:42,798 - INFO - 
=== Worker 5 Training Example 27/1586 (global idx 7961): /home/projects/bagon/shared/imagenet512/val/n03085013/ILSVRC2012_val_00042867.JPEG ===
2025-09-22 10:59:44,983 - INFO - Example /home/projects/bagon/shared/imagenet512/val/n03085013/ILSVRC2012_val_00042867.JPEG reached epsilon at step 59, loss sum: 73.8952, final loss: 0.00090408, weight distance: 0.0045
2025-09-22 10:59:45,540 - INFO - Example 27 completed: 59 steps, loss sum: 73.8952, final loss: 0.00090408, weight distance: 0.0045 (universal rank: 43305)
2025-09-22 10:59:45,541 - INFO - 
=== Worker 5 Training Example 28/1586 (global idx 7962): /home/projects/bagon/shared/imagenet512/val/n03670208/ILSVRC2012_val_00049113.JPEG ===
2025-09-22 10:59:47,032 - INFO - Example /home/projects/bagon/shared/imagenet512/val/n03670208/ILSVRC2012_val_00049113.JPEG reached epsilon at step 38, loss sum: 16.0139, final loss: 0.00091553, weight distance: 0.0032
2025-09-22 10:59:48,614 - INFO - Example 28 completed: 38 steps, loss sum: 16.0139, final loss: 0.00091553, weight distance: 0.0032 (universal rank: 43306)
2025-09-22 10:59:48,615 - INFO - 
=== Worker 5 Training Example 29/1586 (global idx 7963): /home/projects/bagon/shared/imagenet512/val/n02113624/ILSVRC2012_val_00037250.JPEG ===
2025-09-22 10:59:49,872 - INFO - Example /home/projects/bagon/shared/imagenet512/val/n02113624/ILSVRC2012_val_00037250.JPEG reached epsilon at step 33, loss sum: 3.9367, final loss: 0.00084305, weight distance: 0.0030
2025-09-22 10:59:50,434 - INFO - Example 29 completed: 33 steps, loss sum: 3.9367, final loss: 0.00084305, weight distance: 0.0030 (universal rank: 43307)
2025-09-22 10:59:50,435 - INFO - 
=== Worker 5 Training Example 30/1586 (global idx 7964): /home/projects/bagon/shared/imagenet512/val/n03724870/ILSVRC2012_val_00012539.JPEG ===
2025-09-22 10:59:51,864 - INFO - Example /home/projects/bagon/shared/imagenet512/val/n03724870/ILSVRC2012_val_00012539.JPEG reached epsilon at step 38, loss sum: 42.2754, final loss: 0.00086975, weight distance: 0.0034
2025-09-22 10:59:52,425 - INFO - Example 30 completed: 38 steps, loss sum: 42.2754, final loss: 0.00086975, weight distance: 0.0034 (universal rank: 43308)
2025-09-22 10:59:52,425 - INFO - 
=== Worker 5 Training Example 31/1586 (global idx 7965): /home/projects/bagon/shared/imagenet512/val/n03196217/ILSVRC2012_val_00032946.JPEG ===
2025-09-22 10:59:54,546 - INFO - Example /home/projects/bagon/shared/imagenet512/val/n03196217/ILSVRC2012_val_00032946.JPEG reached epsilon at step 54, loss sum: 26.0340, final loss: 0.00084686, weight distance: 0.0046
2025-09-22 10:59:55,111 - INFO - Example 31 completed: 54 steps, loss sum: 26.0340, final loss: 0.00084686, weight distance: 0.0046 (universal rank: 43309)
2025-09-22 10:59:55,111 - INFO - 
=== Worker 5 Training Example 32/1586 (global idx 7966): /home/projects/bagon/shared/imagenet512/val/n02747177/ILSVRC2012_val_00048730.JPEG ===
2025-09-22 10:59:56,728 - INFO - Example /home/projects/bagon/shared/imagenet512/val/n02747177/ILSVRC2012_val_00048730.JPEG reached epsilon at step 42, loss sum: 32.5004, final loss: 0.00092316, weight distance: 0.0037
2025-09-22 10:59:57,325 - INFO - Example 32 completed: 42 steps, loss sum: 32.5004, final loss: 0.00092316, weight distance: 0.0037 (universal rank: 43310)
2025-09-22 10:59:57,325 - INFO - 
=== Worker 5 Training Example 33/1586 (global idx 7967): /home/projects/bagon/shared/imagenet512/val/n01871265/ILSVRC2012_val_00026642.JPEG ===
2025-09-22 10:59:59,520 - INFO - Example /home/projects/bagon/shared/imagenet512/val/n01871265/ILSVRC2012_val_00026642.JPEG reached epsilon at step 59, loss sum: 44.9488, final loss: 0.00085449, weight distance: 0.0042
2025-09-22 11:00:00,260 - INFO - Example 33 completed: 59 steps, loss sum: 44.9488, final loss: 0.00085449, weight distance: 0.0042 (universal rank: 43311)
2025-09-22 11:00:00,261 - INFO - 
=== Worker 5 Training Example 34/1586 (global idx 7968): /home/projects/bagon/shared/imagenet512/val/n01807496/ILSVRC2012_val_00039412.JPEG ===
2025-09-22 11:00:02,325 - INFO - Example /home/projects/bagon/shared/imagenet512/val/n01807496/ILSVRC2012_val_00039412.JPEG reached epsilon at step 56, loss sum: 16.3540, final loss: 0.00091934, weight distance: 0.0049
2025-09-22 11:00:02,895 - INFO - Example 34 completed: 56 steps, loss sum: 16.3540, final loss: 0.00091934, weight distance: 0.0049 (universal rank: 43312)
2025-09-22 11:00:02,896 - INFO - 
=== Worker 5 Training Example 35/1586 (global idx 7969): /home/projects/bagon/shared/imagenet512/val/n03223299/ILSVRC2012_val_00013498.JPEG ===
2025-09-22 11:00:03,809 - INFO - Example /home/projects/bagon/shared/imagenet512/val/n03223299/ILSVRC2012_val_00013498.JPEG reached epsilon at step 24, loss sum: 5.2169, final loss: 0.00072479, weight distance: 0.0023
2025-09-22 11:00:04,384 - INFO - Example 35 completed: 24 steps, loss sum: 5.2169, final loss: 0.00072479, weight distance: 0.0023 (universal rank: 43313)
2025-09-22 11:00:04,384 - INFO - 
=== Worker 5 Training Example 36/1586 (global idx 7970): /home/projects/bagon/shared/imagenet512/val/n02190166/ILSVRC2012_val_00002396.JPEG ===
2025-09-22 11:00:05,670 - INFO - Example /home/projects/bagon/shared/imagenet512/val/n02190166/ILSVRC2012_val_00002396.JPEG reached epsilon at step 34, loss sum: 3.2291, final loss: 0.00089645, weight distance: 0.0031
2025-09-22 11:00:06,312 - INFO - Example 36 completed: 34 steps, loss sum: 3.2291, final loss: 0.00089645, weight distance: 0.0031 (universal rank: 43314)
2025-09-22 11:00:06,313 - INFO - 
=== Worker 5 Training Example 37/1586 (global idx 7971): /home/projects/bagon/shared/imagenet512/val/n04548362/ILSVRC2012_val_00021289.JPEG ===
2025-09-22 11:00:07,986 - INFO - Example /home/projects/bagon/shared/imagenet512/val/n04548362/ILSVRC2012_val_00021289.JPEG reached epsilon at step 45, loss sum: 11.1326, final loss: 0.00091553, weight distance: 0.0039
2025-09-22 11:00:08,539 - INFO - Example 37 completed: 45 steps, loss sum: 11.1326, final loss: 0.00091553, weight distance: 0.0039 (universal rank: 43316)
2025-09-22 11:00:08,539 - INFO - 
=== Worker 5 Training Example 38/1586 (global idx 7972): /home/projects/bagon/shared/imagenet512/val/n04270147/ILSVRC2012_val_00001587.JPEG ===
2025-09-22 11:00:10,819 - INFO - Example /home/projects/bagon/shared/imagenet512/val/n04270147/ILSVRC2012_val_00001587.JPEG reached epsilon at step 62, loss sum: 111.6882, final loss: 0.00076294, weight distance: 0.0051
2025-09-22 11:00:11,383 - INFO - Example 38 completed: 62 steps, loss sum: 111.6882, final loss: 0.00076294, weight distance: 0.0051 (universal rank: 43318)
2025-09-22 11:00:11,383 - INFO - 
=== Worker 5 Training Example 39/1586 (global idx 7973): /home/projects/bagon/shared/imagenet512/val/n07768694/ILSVRC2012_val_00011265.JPEG ===
2025-09-22 11:00:13,890 - INFO - Example /home/projects/bagon/shared/imagenet512/val/n07768694/ILSVRC2012_val_00011265.JPEG reached epsilon at step 68, loss sum: 106.8594, final loss: 0.00099182, weight distance: 0.0057
2025-09-22 11:00:14,445 - INFO - Example 39 completed: 68 steps, loss sum: 106.8594, final loss: 0.00099182, weight distance: 0.0057 (universal rank: 43319)
2025-09-22 11:00:14,445 - INFO - 
=== Worker 5 Training Example 40/1586 (global idx 7974): /home/projects/bagon/shared/imagenet512/val/n02172182/ILSVRC2012_val_00020824.JPEG ===
2025-09-22 11:00:16,074 - INFO - Example /home/projects/bagon/shared/imagenet512/val/n02172182/ILSVRC2012_val_00020824.JPEG reached epsilon at step 44, loss sum: 16.1917, final loss: 0.00075150, weight distance: 0.0038
2025-09-22 11:00:16,654 - INFO - Example 40 completed: 44 steps, loss sum: 16.1917, final loss: 0.00075150, weight distance: 0.0038 (universal rank: 43320)
2025-09-22 11:00:16,654 - INFO - 
=== Worker 5 Training Example 41/1586 (global idx 7975): /home/projects/bagon/shared/imagenet512/val/n02102177/ILSVRC2012_val_00043482.JPEG ===
2025-09-22 11:00:18,344 - INFO - Example /home/projects/bagon/shared/imagenet512/val/n02102177/ILSVRC2012_val_00043482.JPEG reached epsilon at step 45, loss sum: 33.1620, final loss: 0.00091934, weight distance: 0.0040
2025-09-22 11:00:18,896 - INFO - Example 41 completed: 45 steps, loss sum: 33.1620, final loss: 0.00091934, weight distance: 0.0040 (universal rank: 43321)
2025-09-22 11:00:18,896 - INFO - 
=== Worker 5 Training Example 42/1586 (global idx 7976): /home/projects/bagon/shared/imagenet512/val/n02795169/ILSVRC2012_val_00046794.JPEG ===
2025-09-22 11:00:20,393 - INFO - Example /home/projects/bagon/shared/imagenet512/val/n02795169/ILSVRC2012_val_00046794.JPEG reached epsilon at step 40, loss sum: 39.6977, final loss: 0.00096512, weight distance: 0.0033
2025-09-22 11:00:20,959 - INFO - Example 42 completed: 40 steps, loss sum: 39.6977, final loss: 0.00096512, weight distance: 0.0033 (universal rank: 43322)
2025-09-22 11:00:20,959 - INFO - 
=== Worker 5 Training Example 43/1586 (global idx 7977): /home/projects/bagon/shared/imagenet512/val/n02108915/ILSVRC2012_val_00003855.JPEG ===
2025-09-22 11:00:21,850 - INFO - Example /home/projects/bagon/shared/imagenet512/val/n02108915/ILSVRC2012_val_00003855.JPEG reached epsilon at step 23, loss sum: 5.1979, final loss: 0.00075912, weight distance: 0.0022
2025-09-22 11:00:22,417 - INFO - Example 43 completed: 23 steps, loss sum: 5.1979, final loss: 0.00075912, weight distance: 0.0022 (universal rank: 43323)
2025-09-22 11:00:22,417 - INFO - 
=== Worker 5 Training Example 44/1586 (global idx 7978): /home/projects/bagon/shared/imagenet512/val/n02231487/ILSVRC2012_val_00035534.JPEG ===
2025-09-22 11:00:23,915 - INFO - Example /home/projects/bagon/shared/imagenet512/val/n02231487/ILSVRC2012_val_00035534.JPEG reached epsilon at step 40, loss sum: 5.8166, final loss: 0.00088501, weight distance: 0.0034
2025-09-22 11:00:25,325 - INFO - Example 44 completed: 40 steps, loss sum: 5.8166, final loss: 0.00088501, weight distance: 0.0034 (universal rank: 43324)
2025-09-22 11:00:25,325 - INFO - 
=== Worker 5 Training Example 45/1586 (global idx 7979): /home/projects/bagon/shared/imagenet512/val/n03347037/ILSVRC2012_val_00000743.JPEG ===
2025-09-22 11:00:26,219 - INFO - Example /home/projects/bagon/shared/imagenet512/val/n03347037/ILSVRC2012_val_00000743.JPEG reached epsilon at step 23, loss sum: 15.9807, final loss: 0.00088882, weight distance: 0.0021
2025-09-22 11:00:26,773 - INFO - Example 45 completed: 23 steps, loss sum: 15.9807, final loss: 0.00088882, weight distance: 0.0021 (universal rank: 43326)
2025-09-22 11:00:26,773 - INFO - 
=== Worker 5 Training Example 46/1586 (global idx 7980): /home/projects/bagon/shared/imagenet512/val/n03476684/ILSVRC2012_val_00037099.JPEG ===
2025-09-22 11:00:27,656 - INFO - Example /home/projects/bagon/shared/imagenet512/val/n03476684/ILSVRC2012_val_00037099.JPEG reached epsilon at step 23, loss sum: 9.1976, final loss: 0.00098419, weight distance: 0.0022
2025-09-22 11:00:28,223 - INFO - Example 46 completed: 23 steps, loss sum: 9.1976, final loss: 0.00098419, weight distance: 0.0022 (universal rank: 43327)
2025-09-22 11:00:28,223 - INFO - 
=== Worker 5 Training Example 47/1586 (global idx 7981): /home/projects/bagon/shared/imagenet512/val/n04235860/ILSVRC2012_val_00017154.JPEG ===
2025-09-22 11:00:29,253 - INFO - Example /home/projects/bagon/shared/imagenet512/val/n04235860/ILSVRC2012_val_00017154.JPEG reached epsilon at step 27, loss sum: 24.2435, final loss: 0.00084686, weight distance: 0.0026
2025-09-22 11:00:29,837 - INFO - Example 47 completed: 27 steps, loss sum: 24.2435, final loss: 0.00084686, weight distance: 0.0026 (universal rank: 43328)
2025-09-22 11:00:29,837 - INFO - 
=== Worker 5 Training Example 48/1586 (global idx 7982): /home/projects/bagon/shared/imagenet512/val/n04209239/ILSVRC2012_val_00048176.JPEG ===
2025-09-22 11:00:31,045 - INFO - Example /home/projects/bagon/shared/imagenet512/val/n04209239/ILSVRC2012_val_00048176.JPEG reached epsilon at step 32, loss sum: 13.1108, final loss: 0.00085831, weight distance: 0.0028
2025-09-22 11:00:31,617 - INFO - Example 48 completed: 32 steps, loss sum: 13.1108, final loss: 0.00085831, weight distance: 0.0028 (universal rank: 43329)
2025-09-22 11:00:31,617 - INFO - 
=== Worker 5 Training Example 49/1586 (global idx 7983): /home/projects/bagon/shared/imagenet512/val/n13133613/ILSVRC2012_val_00027902.JPEG ===
2025-09-22 11:00:33,215 - INFO - Example /home/projects/bagon/shared/imagenet512/val/n13133613/ILSVRC2012_val_00027902.JPEG reached epsilon at step 43, loss sum: 18.6223, final loss: 0.00093079, weight distance: 0.0037
2025-09-22 11:00:33,782 - INFO - Example 49 completed: 43 steps, loss sum: 18.6223, final loss: 0.00093079, weight distance: 0.0037 (universal rank: 43330)
2025-09-22 11:00:33,782 - INFO - 
=== Worker 5 Training Example 50/1586 (global idx 7984): /home/projects/bagon/shared/imagenet512/val/n04026417/ILSVRC2012_val_00018490.JPEG ===
2025-09-22 11:00:34,852 - INFO - Example /home/projects/bagon/shared/imagenet512/val/n04026417/ILSVRC2012_val_00018490.JPEG reached epsilon at step 28, loss sum: 4.2590, final loss: 0.00093842, weight distance: 0.0026
2025-09-22 11:00:35,422 - INFO - Example 50 completed: 28 steps, loss sum: 4.2590, final loss: 0.00093842, weight distance: 0.0026 (universal rank: 43331)
2025-09-22 11:00:35,422 - INFO - 
=== Worker 5 Training Example 51/1586 (global idx 7985): /home/projects/bagon/shared/imagenet512/val/n04560804/ILSVRC2012_val_00044778.JPEG ===
2025-09-22 11:00:37,499 - INFO - Example /home/projects/bagon/shared/imagenet512/val/n04560804/ILSVRC2012_val_00044778.JPEG reached epsilon at step 56, loss sum: 25.5257, final loss: 0.00094986, weight distance: 0.0044
2025-09-22 11:00:38,054 - INFO - Example 51 completed: 56 steps, loss sum: 25.5257, final loss: 0.00094986, weight distance: 0.0044 (universal rank: 43332)
2025-09-22 11:00:38,054 - INFO - 
=== Worker 5 Training Example 52/1586 (global idx 7986): /home/projects/bagon/shared/imagenet512/val/n02104029/ILSVRC2012_val_00001484.JPEG ===
2025-09-22 11:00:39,369 - INFO - Example /home/projects/bagon/shared/imagenet512/val/n02104029/ILSVRC2012_val_00001484.JPEG reached epsilon at step 35, loss sum: 14.8408, final loss: 0.00086975, weight distance: 0.0031
2025-09-22 11:00:39,982 - INFO - Example 52 completed: 35 steps, loss sum: 14.8408, final loss: 0.00086975, weight distance: 0.0031 (universal rank: 43334)
2025-09-22 11:00:39,982 - INFO - 
=== Worker 5 Training Example 53/1586 (global idx 7987): /home/projects/bagon/shared/imagenet512/val/n02497673/ILSVRC2012_val_00048275.JPEG ===
2025-09-22 11:00:41,374 - INFO - Example /home/projects/bagon/shared/imagenet512/val/n02497673/ILSVRC2012_val_00048275.JPEG reached epsilon at step 37, loss sum: 32.9772, final loss: 0.00099945, weight distance: 0.0033
2025-09-22 11:00:41,945 - INFO - Example 53 completed: 37 steps, loss sum: 32.9772, final loss: 0.00099945, weight distance: 0.0033 (universal rank: 43335)
2025-09-22 11:00:41,945 - INFO - 
=== Worker 5 Training Example 54/1586 (global idx 7988): /home/projects/bagon/shared/imagenet512/val/n10148035/ILSVRC2012_val_00046796.JPEG ===
2025-09-22 11:00:42,980 - INFO - Example /home/projects/bagon/shared/imagenet512/val/n10148035/ILSVRC2012_val_00046796.JPEG reached epsilon at step 28, loss sum: 8.0230, final loss: 0.00099182, weight distance: 0.0025
2025-09-22 11:00:43,542 - INFO - Example 54 completed: 28 steps, loss sum: 8.0230, final loss: 0.00099182, weight distance: 0.0025 (universal rank: 43336)
2025-09-22 11:00:43,542 - INFO - 
=== Worker 5 Training Example 55/1586 (global idx 7989): /home/projects/bagon/shared/imagenet512/val/n01697457/ILSVRC2012_val_00007934.JPEG ===
2025-09-22 11:00:45,023 - INFO - Example /home/projects/bagon/shared/imagenet512/val/n01697457/ILSVRC2012_val_00007934.JPEG reached epsilon at step 41, loss sum: 78.9692, final loss: 0.00062943, weight distance: 0.0036
2025-09-22 11:00:45,573 - INFO - Example 55 completed: 41 steps, loss sum: 78.9692, final loss: 0.00062943, weight distance: 0.0036 (universal rank: 43338)
2025-09-22 11:00:45,574 - INFO - 
=== Worker 5 Training Example 56/1586 (global idx 7990): /home/projects/bagon/shared/imagenet512/val/n01608432/ILSVRC2012_val_00013095.JPEG ===
2025-09-22 11:00:47,543 - INFO - Example /home/projects/bagon/shared/imagenet512/val/n01608432/ILSVRC2012_val_00013095.JPEG reached epsilon at step 55, loss sum: 51.0597, final loss: 0.00066757, weight distance: 0.0045
2025-09-22 11:00:48,166 - INFO - Example 56 completed: 55 steps, loss sum: 51.0597, final loss: 0.00066757, weight distance: 0.0045 (universal rank: 43339)
2025-09-22 11:00:48,166 - INFO - 
=== Worker 5 Training Example 57/1586 (global idx 7991): /home/projects/bagon/shared/imagenet512/val/n09428293/ILSVRC2012_val_00001320.JPEG ===
2025-09-22 11:00:50,238 - INFO - Example /home/projects/bagon/shared/imagenet512/val/n09428293/ILSVRC2012_val_00001320.JPEG reached epsilon at step 56, loss sum: 34.2055, final loss: 0.00091171, weight distance: 0.0046
2025-09-22 11:00:50,795 - INFO - Example 57 completed: 56 steps, loss sum: 34.2055, final loss: 0.00091171, weight distance: 0.0046 (universal rank: 43340)
2025-09-22 11:00:50,795 - INFO - 
=== Worker 5 Training Example 58/1586 (global idx 7992): /home/projects/bagon/shared/imagenet512/val/n03763968/ILSVRC2012_val_00024662.JPEG ===
2025-09-22 11:00:51,860 - INFO - Example /home/projects/bagon/shared/imagenet512/val/n03763968/ILSVRC2012_val_00024662.JPEG reached epsilon at step 28, loss sum: 15.7926, final loss: 0.00081253, weight distance: 0.0024
2025-09-22 11:00:52,417 - INFO - Example 58 completed: 28 steps, loss sum: 15.7926, final loss: 0.00081253, weight distance: 0.0024 (universal rank: 43341)
2025-09-22 11:00:52,417 - INFO - 
=== Worker 5 Training Example 59/1586 (global idx 7993): /home/projects/bagon/shared/imagenet512/val/n02364673/ILSVRC2012_val_00000565.JPEG ===
2025-09-22 11:00:54,590 - INFO - Example /home/projects/bagon/shared/imagenet512/val/n02364673/ILSVRC2012_val_00000565.JPEG reached epsilon at step 59, loss sum: 101.3632, final loss: 0.00081253, weight distance: 0.0050
2025-09-22 11:00:55,164 - INFO - Example 59 completed: 59 steps, loss sum: 101.3632, final loss: 0.00081253, weight distance: 0.0050 (universal rank: 43346)
2025-09-22 11:00:55,164 - INFO - 
=== Worker 5 Training Example 60/1586 (global idx 7994): /home/projects/bagon/shared/imagenet512/val/n01560419/ILSVRC2012_val_00034720.JPEG ===
2025-09-22 11:00:56,554 - INFO - Example /home/projects/bagon/shared/imagenet512/val/n01560419/ILSVRC2012_val_00034720.JPEG reached epsilon at step 38, loss sum: 18.8548, final loss: 0.00079727, weight distance: 0.0035
2025-09-22 11:00:57,104 - INFO - Example 60 completed: 38 steps, loss sum: 18.8548, final loss: 0.00079727, weight distance: 0.0035 (universal rank: 43347)
2025-09-22 11:00:57,104 - INFO - 
=== Worker 5 Training Example 61/1586 (global idx 7995): /home/projects/bagon/shared/imagenet512/val/n02091134/ILSVRC2012_val_00045708.JPEG ===
2025-09-22 11:00:58,610 - INFO - Example /home/projects/bagon/shared/imagenet512/val/n02091134/ILSVRC2012_val_00045708.JPEG reached epsilon at step 40, loss sum: 18.5080, final loss: 0.00087357, weight distance: 0.0036
2025-09-22 11:00:59,173 - INFO - Example 61 completed: 40 steps, loss sum: 18.5080, final loss: 0.00087357, weight distance: 0.0036 (universal rank: 43348)
2025-09-22 11:00:59,173 - INFO - 
=== Worker 5 Training Example 62/1586 (global idx 7996): /home/projects/bagon/shared/imagenet512/val/n02089078/ILSVRC2012_val_00025165.JPEG ===
2025-09-22 11:01:00,561 - INFO - Example /home/projects/bagon/shared/imagenet512/val/n02089078/ILSVRC2012_val_00025165.JPEG reached epsilon at step 36, loss sum: 2.6368, final loss: 0.00086594, weight distance: 0.0032
2025-09-22 11:01:01,120 - INFO - Example 62 completed: 36 steps, loss sum: 2.6368, final loss: 0.00086594, weight distance: 0.0032 (universal rank: 43349)
2025-09-22 11:01:01,120 - INFO - 
=== Worker 5 Training Example 63/1586 (global idx 7997): /home/projects/bagon/shared/imagenet512/val/n02835271/ILSVRC2012_val_00049382.JPEG ===
2025-09-22 11:01:02,658 - INFO - Example /home/projects/bagon/shared/imagenet512/val/n02835271/ILSVRC2012_val_00049382.JPEG reached epsilon at step 41, loss sum: 36.8531, final loss: 0.00076675, weight distance: 0.0036
2025-09-22 11:01:03,209 - INFO - Example 63 completed: 41 steps, loss sum: 36.8531, final loss: 0.00076675, weight distance: 0.0036 (universal rank: 43350)
2025-09-22 11:01:03,209 - INFO - 
=== Worker 5 Training Example 64/1586 (global idx 7998): /home/projects/bagon/shared/imagenet512/val/n04228054/ILSVRC2012_val_00024735.JPEG ===
2025-09-22 11:01:04,370 - INFO - Example /home/projects/bagon/shared/imagenet512/val/n04228054/ILSVRC2012_val_00024735.JPEG reached epsilon at step 31, loss sum: 44.1292, final loss: 0.00089645, weight distance: 0.0029
2025-09-22 11:01:04,930 - INFO - Example 64 completed: 31 steps, loss sum: 44.1292, final loss: 0.00089645, weight distance: 0.0029 (universal rank: 43352)
2025-09-22 11:01:04,931 - INFO - 
=== Worker 5 Training Example 65/1586 (global idx 7999): /home/projects/bagon/shared/imagenet512/val/n02107312/ILSVRC2012_val_00034324.JPEG ===
2025-09-22 11:01:06,359 - INFO - Example /home/projects/bagon/shared/imagenet512/val/n02107312/ILSVRC2012_val_00034324.JPEG reached epsilon at step 38, loss sum: 12.6306, final loss: 0.00099182, weight distance: 0.0034
2025-09-22 11:01:06,911 - INFO - Example 65 completed: 38 steps, loss sum: 12.6306, final loss: 0.00099182, weight distance: 0.0034 (universal rank: 43353)
2025-09-22 11:01:06,911 - INFO - 
=== Worker 5 Training Example 66/1586 (global idx 8000): /home/projects/bagon/shared/imagenet512/val/n02871525/ILSVRC2012_val_00039023.JPEG ===
2025-09-22 11:01:08,966 - INFO - Example /home/projects/bagon/shared/imagenet512/val/n02871525/ILSVRC2012_val_00039023.JPEG reached epsilon at step 55, loss sum: 92.1714, final loss: 0.00076675, weight distance: 0.0046
2025-09-22 11:01:09,522 - INFO - Example 66 completed: 55 steps, loss sum: 92.1714, final loss: 0.00076675, weight distance: 0.0046 (universal rank: 43354)
2025-09-22 11:01:09,522 - INFO - 
=== Worker 5 Training Example 67/1586 (global idx 8001): /home/projects/bagon/shared/imagenet512/val/n02951585/ILSVRC2012_val_00002909.JPEG ===
2025-09-22 11:01:11,753 - INFO - Example /home/projects/bagon/shared/imagenet512/val/n02951585/ILSVRC2012_val_00002909.JPEG reached epsilon at step 60, loss sum: 50.8961, final loss: 0.00099945, weight distance: 0.0046
2025-09-22 11:01:12,407 - INFO - Example 67 completed: 60 steps, loss sum: 50.8961, final loss: 0.00099945, weight distance: 0.0046 (universal rank: 43355)
2025-09-22 11:01:12,407 - INFO - 
=== Worker 5 Training Example 68/1586 (global idx 8002): /home/projects/bagon/shared/imagenet512/val/n04355933/ILSVRC2012_val_00005414.JPEG ===
2025-09-22 11:01:14,573 - INFO - Example /home/projects/bagon/shared/imagenet512/val/n04355933/ILSVRC2012_val_00005414.JPEG reached epsilon at step 59, loss sum: 71.1270, final loss: 0.00095367, weight distance: 0.0047
2025-09-22 11:01:15,128 - INFO - Example 68 completed: 59 steps, loss sum: 71.1270, final loss: 0.00095367, weight distance: 0.0047 (universal rank: 43356)
2025-09-22 11:01:15,128 - INFO - 
=== Worker 5 Training Example 69/1586 (global idx 8003): /home/projects/bagon/shared/imagenet512/val/n03127925/ILSVRC2012_val_00024159.JPEG ===
2025-09-22 11:01:16,291 - INFO - Example /home/projects/bagon/shared/imagenet512/val/n03127925/ILSVRC2012_val_00024159.JPEG reached epsilon at step 31, loss sum: 12.2481, final loss: 0.00097656, weight distance: 0.0029
2025-09-22 11:01:16,852 - INFO - Example 69 completed: 31 steps, loss sum: 12.2481, final loss: 0.00097656, weight distance: 0.0029 (universal rank: 43357)
2025-09-22 11:01:16,852 - INFO - 
=== Worker 5 Training Example 70/1586 (global idx 8004): /home/projects/bagon/shared/imagenet512/val/n02939185/ILSVRC2012_val_00025163.JPEG ===
2025-09-22 11:01:18,668 - INFO - Example /home/projects/bagon/shared/imagenet512/val/n02939185/ILSVRC2012_val_00025163.JPEG reached epsilon at step 49, loss sum: 24.0525, final loss: 0.00095367, weight distance: 0.0043
2025-09-22 11:01:19,212 - INFO - Example 70 completed: 49 steps, loss sum: 24.0525, final loss: 0.00095367, weight distance: 0.0043 (universal rank: 43358)
2025-09-22 11:01:19,212 - INFO - 
=== Worker 5 Training Example 71/1586 (global idx 8005): /home/projects/bagon/shared/imagenet512/val/n04579145/ILSVRC2012_val_00005933.JPEG ===
2025-09-22 11:01:20,867 - INFO - Example /home/projects/bagon/shared/imagenet512/val/n04579145/ILSVRC2012_val_00005933.JPEG reached epsilon at step 46, loss sum: 26.5022, final loss: 0.00072098, weight distance: 0.0040
2025-09-22 11:01:21,415 - INFO - Example 71 completed: 46 steps, loss sum: 26.5022, final loss: 0.00072098, weight distance: 0.0040 (universal rank: 43359)
2025-09-22 11:01:21,415 - INFO - 
=== Worker 5 Training Example 72/1586 (global idx 8006): /home/projects/bagon/shared/imagenet512/val/n04522168/ILSVRC2012_val_00035219.JPEG ===
2025-09-22 11:01:22,987 - INFO - Example /home/projects/bagon/shared/imagenet512/val/n04522168/ILSVRC2012_val_00035219.JPEG reached epsilon at step 43, loss sum: 73.6329, final loss: 0.00095749, weight distance: 0.0035
2025-09-22 11:01:23,566 - INFO - Example 72 completed: 43 steps, loss sum: 73.6329, final loss: 0.00095749, weight distance: 0.0035 (universal rank: 43360)
2025-09-22 11:01:23,566 - INFO - 
=== Worker 5 Training Example 73/1586 (global idx 8007): /home/projects/bagon/shared/imagenet512/val/n04200800/ILSVRC2012_val_00041646.JPEG ===
2025-09-22 11:01:24,641 - INFO - Example /home/projects/bagon/shared/imagenet512/val/n04200800/ILSVRC2012_val_00041646.JPEG reached epsilon at step 28, loss sum: 19.2685, final loss: 0.00067139, weight distance: 0.0026
2025-09-22 11:01:25,215 - INFO - Example 73 completed: 28 steps, loss sum: 19.2685, final loss: 0.00067139, weight distance: 0.0026 (universal rank: 43362)
2025-09-22 11:01:25,215 - INFO - 
=== Worker 5 Training Example 74/1586 (global idx 8008): /home/projects/bagon/shared/imagenet512/val/n04372370/ILSVRC2012_val_00031697.JPEG ===
2025-09-22 11:01:26,783 - INFO - Example /home/projects/bagon/shared/imagenet512/val/n04372370/ILSVRC2012_val_00031697.JPEG reached epsilon at step 42, loss sum: 28.2223, final loss: 0.00096512, weight distance: 0.0037
2025-09-22 11:01:27,366 - INFO - Example 74 completed: 42 steps, loss sum: 28.2223, final loss: 0.00096512, weight distance: 0.0037 (universal rank: 43363)
2025-09-22 11:01:27,366 - INFO - 
=== Worker 5 Training Example 75/1586 (global idx 8009): /home/projects/bagon/shared/imagenet512/val/n03942813/ILSVRC2012_val_00018814.JPEG ===
2025-09-22 11:01:29,006 - INFO - Example /home/projects/bagon/shared/imagenet512/val/n03942813/ILSVRC2012_val_00018814.JPEG reached epsilon at step 44, loss sum: 110.9700, final loss: 0.00090790, weight distance: 0.0038
2025-09-22 11:01:29,562 - INFO - Example 75 completed: 44 steps, loss sum: 110.9700, final loss: 0.00090790, weight distance: 0.0038 (universal rank: 43364)
2025-09-22 11:01:29,562 - INFO - 
=== Worker 5 Training Example 76/1586 (global idx 8010): /home/projects/bagon/shared/imagenet512/val/n04286575/ILSVRC2012_val_00040305.JPEG ===
2025-09-22 11:01:31,726 - INFO - Example /home/projects/bagon/shared/imagenet512/val/n04286575/ILSVRC2012_val_00040305.JPEG reached epsilon at step 58, loss sum: 96.8116, final loss: 0.00082397, weight distance: 0.0048
2025-09-22 11:01:32,284 - INFO - Example 76 completed: 58 steps, loss sum: 96.8116, final loss: 0.00082397, weight distance: 0.0048 (universal rank: 43365)
2025-09-22 11:01:32,285 - INFO - 
=== Worker 5 Training Example 77/1586 (global idx 8011): /home/projects/bagon/shared/imagenet512/val/n02666196/ILSVRC2012_val_00001332.JPEG ===
2025-09-22 11:01:33,537 - INFO - Example /home/projects/bagon/shared/imagenet512/val/n02666196/ILSVRC2012_val_00001332.JPEG reached epsilon at step 33, loss sum: 24.3927, final loss: 0.00077438, weight distance: 0.0030
2025-09-22 11:01:34,092 - INFO - Example 77 completed: 33 steps, loss sum: 24.3927, final loss: 0.00077438, weight distance: 0.0030 (universal rank: 43366)
2025-09-22 11:01:34,092 - INFO - 
=== Worker 5 Training Example 78/1586 (global idx 8012): /home/projects/bagon/shared/imagenet512/val/n04111531/ILSVRC2012_val_00012082.JPEG ===
2025-09-22 11:01:35,093 - INFO - Example /home/projects/bagon/shared/imagenet512/val/n04111531/ILSVRC2012_val_00012082.JPEG reached epsilon at step 26, loss sum: 11.9964, final loss: 0.00099182, weight distance: 0.0024
2025-09-22 11:01:35,657 - INFO - Example 78 completed: 26 steps, loss sum: 11.9964, final loss: 0.00099182, weight distance: 0.0024 (universal rank: 43367)
2025-09-22 11:01:35,658 - INFO - 
=== Worker 5 Training Example 79/1586 (global idx 8013): /home/projects/bagon/shared/imagenet512/val/n03255030/ILSVRC2012_val_00011290.JPEG ===
2025-09-22 11:01:36,767 - INFO - Example /home/projects/bagon/shared/imagenet512/val/n03255030/ILSVRC2012_val_00011290.JPEG reached epsilon at step 29, loss sum: 7.5092, final loss: 0.00061035, weight distance: 0.0027
2025-09-22 11:01:37,330 - INFO - Example 79 completed: 29 steps, loss sum: 7.5092, final loss: 0.00061035, weight distance: 0.0027 (universal rank: 43368)
2025-09-22 11:01:37,330 - INFO - 
=== Worker 5 Training Example 80/1586 (global idx 8014): /home/projects/bagon/shared/imagenet512/val/n03443371/ILSVRC2012_val_00031016.JPEG ===
2025-09-22 11:01:38,615 - INFO - Example /home/projects/bagon/shared/imagenet512/val/n03443371/ILSVRC2012_val_00031016.JPEG reached epsilon at step 34, loss sum: 16.1478, final loss: 0.00082016, weight distance: 0.0031
2025-09-22 11:01:39,163 - INFO - Example 80 completed: 34 steps, loss sum: 16.1478, final loss: 0.00082016, weight distance: 0.0031 (universal rank: 43369)
2025-09-22 11:01:39,163 - INFO - 
=== Worker 5 Training Example 81/1586 (global idx 8015): /home/projects/bagon/shared/imagenet512/val/n02493509/ILSVRC2012_val_00019961.JPEG ===
2025-09-22 11:01:40,592 - INFO - Example /home/projects/bagon/shared/imagenet512/val/n02493509/ILSVRC2012_val_00019961.JPEG reached epsilon at step 38, loss sum: 19.9462, final loss: 0.00086594, weight distance: 0.0033
2025-09-22 11:01:41,155 - INFO - Example 81 completed: 38 steps, loss sum: 19.9462, final loss: 0.00086594, weight distance: 0.0033 (universal rank: 43372)
2025-09-22 11:01:41,156 - INFO - 
=== Worker 5 Training Example 82/1586 (global idx 8016): /home/projects/bagon/shared/imagenet512/val/n03770439/ILSVRC2012_val_00017136.JPEG ===
2025-09-22 11:01:43,412 - INFO - Example /home/projects/bagon/shared/imagenet512/val/n03770439/ILSVRC2012_val_00017136.JPEG reached epsilon at step 61, loss sum: 54.3892, final loss: 0.00093460, weight distance: 0.0049
2025-09-22 11:01:43,990 - INFO - Example 82 completed: 61 steps, loss sum: 54.3892, final loss: 0.00093460, weight distance: 0.0049 (universal rank: 43373)
2025-09-22 11:01:43,990 - INFO - 
=== Worker 5 Training Example 83/1586 (global idx 8017): /home/projects/bagon/shared/imagenet512/val/n03710193/ILSVRC2012_val_00047418.JPEG ===
2025-09-22 11:01:45,666 - INFO - Example /home/projects/bagon/shared/imagenet512/val/n03710193/ILSVRC2012_val_00047418.JPEG reached epsilon at step 44, loss sum: 30.0104, final loss: 0.00090027, weight distance: 0.0037
2025-09-22 11:01:46,258 - INFO - Example 83 completed: 44 steps, loss sum: 30.0104, final loss: 0.00090027, weight distance: 0.0037 (universal rank: 43374)
2025-09-22 11:01:46,258 - INFO - 
=== Worker 5 Training Example 84/1586 (global idx 8018): /home/projects/bagon/shared/imagenet512/val/n04355933/ILSVRC2012_val_00030807.JPEG ===
2025-09-22 11:01:48,090 - INFO - Example /home/projects/bagon/shared/imagenet512/val/n04355933/ILSVRC2012_val_00030807.JPEG reached epsilon at step 48, loss sum: 7.2125, final loss: 0.00093079, weight distance: 0.0041
2025-09-22 11:01:48,844 - INFO - Example 84 completed: 48 steps, loss sum: 7.2125, final loss: 0.00093079, weight distance: 0.0041 (universal rank: 43375)
2025-09-22 11:01:48,845 - INFO - 
=== Worker 5 Training Example 85/1586 (global idx 8019): /home/projects/bagon/shared/imagenet512/val/n12144580/ILSVRC2012_val_00012270.JPEG ===
2025-09-22 11:01:49,924 - INFO - Example /home/projects/bagon/shared/imagenet512/val/n12144580/ILSVRC2012_val_00012270.JPEG reached epsilon at step 28, loss sum: 4.1861, final loss: 0.00099945, weight distance: 0.0026
2025-09-22 11:01:50,493 - INFO - Example 85 completed: 28 steps, loss sum: 4.1861, final loss: 0.00099945, weight distance: 0.0026 (universal rank: 43378)
2025-09-22 11:01:50,493 - INFO - 
=== Worker 5 Training Example 86/1586 (global idx 8020): /home/projects/bagon/shared/imagenet512/val/n04328186/ILSVRC2012_val_00006190.JPEG ===
2025-09-22 11:01:52,753 - INFO - Example /home/projects/bagon/shared/imagenet512/val/n04328186/ILSVRC2012_val_00006190.JPEG reached epsilon at step 61, loss sum: 84.5568, final loss: 0.00091553, weight distance: 0.0047
2025-09-22 11:01:53,308 - INFO - Example 86 completed: 61 steps, loss sum: 84.5568, final loss: 0.00091553, weight distance: 0.0047 (universal rank: 43379)
2025-09-22 11:01:53,308 - INFO - 
=== Worker 5 Training Example 87/1586 (global idx 8021): /home/projects/bagon/shared/imagenet512/val/n01773549/ILSVRC2012_val_00038493.JPEG ===
2025-09-22 11:01:54,416 - INFO - Example /home/projects/bagon/shared/imagenet512/val/n01773549/ILSVRC2012_val_00038493.JPEG reached epsilon at step 29, loss sum: 9.8353, final loss: 0.00088882, weight distance: 0.0024
2025-09-22 11:01:54,959 - INFO - Example 87 completed: 29 steps, loss sum: 9.8353, final loss: 0.00088882, weight distance: 0.0024 (universal rank: 43380)
2025-09-22 11:01:54,959 - INFO - 
=== Worker 5 Training Example 88/1586 (global idx 8022): /home/projects/bagon/shared/imagenet512/val/n02123045/ILSVRC2012_val_00030052.JPEG ===
2025-09-22 11:01:57,023 - INFO - Example /home/projects/bagon/shared/imagenet512/val/n02123045/ILSVRC2012_val_00030052.JPEG reached epsilon at step 55, loss sum: 49.5472, final loss: 0.00097656, weight distance: 0.0041
2025-09-22 11:01:57,655 - INFO - Example 88 completed: 55 steps, loss sum: 49.5472, final loss: 0.00097656, weight distance: 0.0041 (universal rank: 43381)
2025-09-22 11:01:57,655 - INFO - 
=== Worker 5 Training Example 89/1586 (global idx 8023): /home/projects/bagon/shared/imagenet512/val/n07715103/ILSVRC2012_val_00005776.JPEG ===
2025-09-22 11:01:58,811 - INFO - Example /home/projects/bagon/shared/imagenet512/val/n07715103/ILSVRC2012_val_00005776.JPEG reached epsilon at step 30, loss sum: 6.8646, final loss: 0.00092697, weight distance: 0.0027
2025-09-22 11:01:59,370 - INFO - Example 89 completed: 30 steps, loss sum: 6.8646, final loss: 0.00092697, weight distance: 0.0027 (universal rank: 43382)
2025-09-22 11:01:59,370 - INFO - 
=== Worker 5 Training Example 90/1586 (global idx 8024): /home/projects/bagon/shared/imagenet512/val/n03832673/ILSVRC2012_val_00025240.JPEG ===
2025-09-22 11:02:01,485 - INFO - Example /home/projects/bagon/shared/imagenet512/val/n03832673/ILSVRC2012_val_00025240.JPEG reached epsilon at step 57, loss sum: 14.6868, final loss: 0.00086975, weight distance: 0.0046
2025-09-22 11:02:02,040 - INFO - Example 90 completed: 57 steps, loss sum: 14.6868, final loss: 0.00086975, weight distance: 0.0046 (universal rank: 43383)
2025-09-22 11:02:02,040 - INFO - 
=== Worker 5 Training Example 91/1586 (global idx 8025): /home/projects/bagon/shared/imagenet512/val/n04033901/ILSVRC2012_val_00034976.JPEG ===
2025-09-22 11:02:03,215 - INFO - Example /home/projects/bagon/shared/imagenet512/val/n04033901/ILSVRC2012_val_00034976.JPEG reached epsilon at step 31, loss sum: 45.3120, final loss: 0.00046349, weight distance: 0.0029
2025-09-22 11:02:03,776 - INFO - Example 91 completed: 31 steps, loss sum: 45.3120, final loss: 0.00046349, weight distance: 0.0029 (universal rank: 43384)
2025-09-22 11:02:03,776 - INFO - 
=== Worker 5 Training Example 92/1586 (global idx 8026): /home/projects/bagon/shared/imagenet512/val/n04263257/ILSVRC2012_val_00022648.JPEG ===
2025-09-22 11:02:06,016 - INFO - Example /home/projects/bagon/shared/imagenet512/val/n04263257/ILSVRC2012_val_00022648.JPEG reached epsilon at step 61, loss sum: 64.7451, final loss: 0.00094604, weight distance: 0.0053
2025-09-22 11:02:06,757 - INFO - Example 92 completed: 61 steps, loss sum: 64.7451, final loss: 0.00094604, weight distance: 0.0053 (universal rank: 43385)
2025-09-22 11:02:06,758 - INFO - 
=== Worker 5 Training Example 93/1586 (global idx 8027): /home/projects/bagon/shared/imagenet512/val/n04487394/ILSVRC2012_val_00013134.JPEG ===
2025-09-22 11:02:07,936 - INFO - Example /home/projects/bagon/shared/imagenet512/val/n04487394/ILSVRC2012_val_00013134.JPEG reached epsilon at step 31, loss sum: 18.7126, final loss: 0.00095367, weight distance: 0.0028
2025-09-22 11:02:08,491 - INFO - Example 93 completed: 31 steps, loss sum: 18.7126, final loss: 0.00095367, weight distance: 0.0028 (universal rank: 43386)
2025-09-22 11:02:08,491 - INFO - 
=== Worker 5 Training Example 94/1586 (global idx 8028): /home/projects/bagon/shared/imagenet512/val/n03690938/ILSVRC2012_val_00019570.JPEG ===
2025-09-22 11:02:10,062 - INFO - Example /home/projects/bagon/shared/imagenet512/val/n03690938/ILSVRC2012_val_00019570.JPEG reached epsilon at step 42, loss sum: 23.9497, final loss: 0.00097275, weight distance: 0.0037
2025-09-22 11:02:10,617 - INFO - Example 94 completed: 42 steps, loss sum: 23.9497, final loss: 0.00097275, weight distance: 0.0037 (universal rank: 43387)
2025-09-22 11:02:10,617 - INFO - 
=== Worker 5 Training Example 95/1586 (global idx 8029): /home/projects/bagon/shared/imagenet512/val/n02526121/ILSVRC2012_val_00009459.JPEG ===
2025-09-22 11:02:11,688 - INFO - Example /home/projects/bagon/shared/imagenet512/val/n02526121/ILSVRC2012_val_00009459.JPEG reached epsilon at step 28, loss sum: 11.9968, final loss: 0.00063705, weight distance: 0.0026
2025-09-22 11:02:12,418 - INFO - Example 95 completed: 28 steps, loss sum: 11.9968, final loss: 0.00063705, weight distance: 0.0026 (universal rank: 43388)
2025-09-22 11:02:12,418 - INFO - 
=== Worker 5 Training Example 96/1586 (global idx 8030): /home/projects/bagon/shared/imagenet512/val/n02236044/ILSVRC2012_val_00023826.JPEG ===
2025-09-22 11:02:13,770 - INFO - Example /home/projects/bagon/shared/imagenet512/val/n02236044/ILSVRC2012_val_00023826.JPEG reached epsilon at step 36, loss sum: 34.5522, final loss: 0.00083542, weight distance: 0.0031
2025-09-22 11:02:14,361 - INFO - Example 96 completed: 36 steps, loss sum: 34.5522, final loss: 0.00083542, weight distance: 0.0031 (universal rank: 43389)
2025-09-22 11:02:14,361 - INFO - 
=== Worker 5 Training Example 97/1586 (global idx 8031): /home/projects/bagon/shared/imagenet512/val/n03781244/ILSVRC2012_val_00048495.JPEG ===
2025-09-22 11:02:16,046 - INFO - Example /home/projects/bagon/shared/imagenet512/val/n03781244/ILSVRC2012_val_00048495.JPEG reached epsilon at step 45, loss sum: 53.5787, final loss: 0.00095749, weight distance: 0.0039
2025-09-22 11:02:16,645 - INFO - Example 97 completed: 45 steps, loss sum: 53.5787, final loss: 0.00095749, weight distance: 0.0039 (universal rank: 43390)
2025-09-22 11:02:16,645 - INFO - 
=== Worker 5 Training Example 98/1586 (global idx 8032): /home/projects/bagon/shared/imagenet512/val/n03873416/ILSVRC2012_val_00015049.JPEG ===
2025-09-22 11:02:18,345 - INFO - Example /home/projects/bagon/shared/imagenet512/val/n03873416/ILSVRC2012_val_00015049.JPEG reached epsilon at step 45, loss sum: 13.4923, final loss: 0.00065231, weight distance: 0.0038
2025-09-22 11:02:18,900 - INFO - Example 98 completed: 45 steps, loss sum: 13.4923, final loss: 0.00065231, weight distance: 0.0038 (universal rank: 43391)
2025-09-22 11:02:18,900 - INFO - 
=== Worker 5 Training Example 99/1586 (global idx 8033): /home/projects/bagon/shared/imagenet512/val/n01740131/ILSVRC2012_val_00047071.JPEG ===
2025-09-22 11:02:20,983 - INFO - Example /home/projects/bagon/shared/imagenet512/val/n01740131/ILSVRC2012_val_00047071.JPEG reached epsilon at step 56, loss sum: 22.3017, final loss: 0.00083923, weight distance: 0.0048
2025-09-22 11:02:21,529 - INFO - Example 99 completed: 56 steps, loss sum: 22.3017, final loss: 0.00083923, weight distance: 0.0048 (universal rank: 43393)
2025-09-22 11:02:21,529 - INFO - 
=== Worker 5 Training Example 100/1586 (global idx 8034): /home/projects/bagon/shared/imagenet512/val/n02879718/ILSVRC2012_val_00027306.JPEG ===
2025-09-22 11:02:22,968 - INFO - Example /home/projects/bagon/shared/imagenet512/val/n02879718/ILSVRC2012_val_00027306.JPEG reached epsilon at step 38, loss sum: 39.0088, final loss: 0.00081253, weight distance: 0.0033
2025-09-22 11:02:23,522 - INFO - Example 100 completed: 38 steps, loss sum: 39.0088, final loss: 0.00081253, weight distance: 0.0033 (universal rank: 43395)
2025-09-22 11:02:23,522 - INFO - 
=== Worker 5 Training Example 101/1586 (global idx 8035): /home/projects/bagon/shared/imagenet512/val/n03961711/ILSVRC2012_val_00028126.JPEG ===
2025-09-22 11:02:24,633 - INFO - Example /home/projects/bagon/shared/imagenet512/val/n03961711/ILSVRC2012_val_00028126.JPEG reached epsilon at step 29, loss sum: 8.8671, final loss: 0.00090027, weight distance: 0.0027
2025-09-22 11:02:25,207 - INFO - Example 101 completed: 29 steps, loss sum: 8.8671, final loss: 0.00090027, weight distance: 0.0027 (universal rank: 43396)
2025-09-22 11:02:25,207 - INFO - 
=== Worker 5 Training Example 102/1586 (global idx 8036): /home/projects/bagon/shared/imagenet512/val/n03825788/ILSVRC2012_val_00017323.JPEG ===
2025-09-22 11:02:26,409 - INFO - Example /home/projects/bagon/shared/imagenet512/val/n03825788/ILSVRC2012_val_00017323.JPEG reached epsilon at step 32, loss sum: 8.6022, final loss: 0.00067520, weight distance: 0.0030
2025-09-22 11:02:26,992 - INFO - Example 102 completed: 32 steps, loss sum: 8.6022, final loss: 0.00067520, weight distance: 0.0030 (universal rank: 43397)
2025-09-22 11:02:26,992 - INFO - 
=== Worker 5 Training Example 103/1586 (global idx 8037): /home/projects/bagon/shared/imagenet512/val/n02497673/ILSVRC2012_val_00000398.JPEG ===
2025-09-22 11:02:28,457 - INFO - Example /home/projects/bagon/shared/imagenet512/val/n02497673/ILSVRC2012_val_00000398.JPEG reached epsilon at step 39, loss sum: 83.6432, final loss: 0.00097656, weight distance: 0.0034
2025-09-22 11:02:29,052 - INFO - Example 103 completed: 39 steps, loss sum: 83.6432, final loss: 0.00097656, weight distance: 0.0034 (universal rank: 43398)
2025-09-22 11:02:29,052 - INFO - 
=== Worker 5 Training Example 104/1586 (global idx 8038): /home/projects/bagon/shared/imagenet512/val/n02859443/ILSVRC2012_val_00018440.JPEG ===
2025-09-22 11:02:30,237 - INFO - Example /home/projects/bagon/shared/imagenet512/val/n02859443/ILSVRC2012_val_00018440.JPEG reached epsilon at step 31, loss sum: 13.1152, final loss: 0.00094604, weight distance: 0.0028
2025-09-22 11:02:30,906 - INFO - Example 104 completed: 31 steps, loss sum: 13.1152, final loss: 0.00094604, weight distance: 0.0028 (universal rank: 43400)
2025-09-22 11:02:30,907 - INFO - 
=== Worker 5 Training Example 105/1586 (global idx 8039): /home/projects/bagon/shared/imagenet512/val/n03179701/ILSVRC2012_val_00030981.JPEG ===
2025-09-22 11:02:32,846 - INFO - Example /home/projects/bagon/shared/imagenet512/val/n03179701/ILSVRC2012_val_00030981.JPEG reached epsilon at step 52, loss sum: 29.7056, final loss: 0.00099945, weight distance: 0.0043
2025-09-22 11:02:33,411 - INFO - Example 105 completed: 52 steps, loss sum: 29.7056, final loss: 0.00099945, weight distance: 0.0043 (universal rank: 43402)
2025-09-22 11:02:33,411 - INFO - 
=== Worker 5 Training Example 106/1586 (global idx 8040): /home/projects/bagon/shared/imagenet512/val/n02988304/ILSVRC2012_val_00039422.JPEG ===
2025-09-22 11:02:34,488 - INFO - Example /home/projects/bagon/shared/imagenet512/val/n02988304/ILSVRC2012_val_00039422.JPEG reached epsilon at step 28, loss sum: 6.4873, final loss: 0.00077057, weight distance: 0.0025
2025-09-22 11:02:35,045 - INFO - Example 106 completed: 28 steps, loss sum: 6.4873, final loss: 0.00077057, weight distance: 0.0025 (universal rank: 43403)
2025-09-22 11:02:35,045 - INFO - 
=== Worker 5 Training Example 107/1586 (global idx 8041): /home/projects/bagon/shared/imagenet512/val/n02096051/ILSVRC2012_val_00010461.JPEG ===
2025-09-22 11:02:36,659 - INFO - Example /home/projects/bagon/shared/imagenet512/val/n02096051/ILSVRC2012_val_00010461.JPEG reached epsilon at step 43, loss sum: 35.4963, final loss: 0.00086975, weight distance: 0.0033
2025-09-22 11:02:37,211 - INFO - Example 107 completed: 43 steps, loss sum: 35.4963, final loss: 0.00086975, weight distance: 0.0033 (universal rank: 43404)
2025-09-22 11:02:37,211 - INFO - 
=== Worker 5 Training Example 108/1586 (global idx 8042): /home/projects/bagon/shared/imagenet512/val/n04591713/ILSVRC2012_val_00034842.JPEG ===
2025-09-22 11:02:38,749 - INFO - Example /home/projects/bagon/shared/imagenet512/val/n04591713/ILSVRC2012_val_00034842.JPEG reached epsilon at step 41, loss sum: 49.9855, final loss: 0.00070190, weight distance: 0.0032
2025-09-22 11:02:39,301 - INFO - Example 108 completed: 41 steps, loss sum: 49.9855, final loss: 0.00070190, weight distance: 0.0032 (universal rank: 43405)
2025-09-22 11:02:39,301 - INFO - 
=== Worker 5 Training Example 109/1586 (global idx 8043): /home/projects/bagon/shared/imagenet512/val/n01945685/ILSVRC2012_val_00003601.JPEG ===
2025-09-22 11:02:41,308 - INFO - Example /home/projects/bagon/shared/imagenet512/val/n01945685/ILSVRC2012_val_00003601.JPEG reached epsilon at step 54, loss sum: 57.5230, final loss: 0.00077820, weight distance: 0.0047
2025-09-22 11:02:41,893 - INFO - Example 109 completed: 54 steps, loss sum: 57.5230, final loss: 0.00077820, weight distance: 0.0047 (universal rank: 43406)
2025-09-22 11:02:41,893 - INFO - 
=== Worker 5 Training Example 110/1586 (global idx 8044): /home/projects/bagon/shared/imagenet512/val/n03692522/ILSVRC2012_val_00040460.JPEG ===
2025-09-22 11:02:43,147 - INFO - Example /home/projects/bagon/shared/imagenet512/val/n03692522/ILSVRC2012_val_00040460.JPEG reached epsilon at step 33, loss sum: 15.6617, final loss: 0.00078201, weight distance: 0.0030
2025-09-22 11:02:43,718 - INFO - Example 110 completed: 33 steps, loss sum: 15.6617, final loss: 0.00078201, weight distance: 0.0030 (universal rank: 43407)
2025-09-22 11:02:43,718 - INFO - 
=== Worker 5 Training Example 111/1586 (global idx 8045): /home/projects/bagon/shared/imagenet512/val/n04228054/ILSVRC2012_val_00029431.JPEG ===
2025-09-22 11:02:44,872 - INFO - Example /home/projects/bagon/shared/imagenet512/val/n04228054/ILSVRC2012_val_00029431.JPEG reached epsilon at step 30, loss sum: 15.9067, final loss: 0.00093842, weight distance: 0.0028
2025-09-22 11:02:45,436 - INFO - Example 111 completed: 30 steps, loss sum: 15.9067, final loss: 0.00093842, weight distance: 0.0028 (universal rank: 43408)
2025-09-22 11:02:45,436 - INFO - 
=== Worker 5 Training Example 112/1586 (global idx 8046): /home/projects/bagon/shared/imagenet512/val/n01871265/ILSVRC2012_val_00001358.JPEG ===
2025-09-22 11:02:46,642 - INFO - Example /home/projects/bagon/shared/imagenet512/val/n01871265/ILSVRC2012_val_00001358.JPEG reached epsilon at step 32, loss sum: 30.8885, final loss: 0.00092697, weight distance: 0.0028
2025-09-22 11:02:47,275 - INFO - Example 112 completed: 32 steps, loss sum: 30.8885, final loss: 0.00092697, weight distance: 0.0028 (universal rank: 43409)
2025-09-22 11:02:47,275 - INFO - 
=== Worker 5 Training Example 113/1586 (global idx 8047): /home/projects/bagon/shared/imagenet512/val/n04443257/ILSVRC2012_val_00020110.JPEG ===
2025-09-22 11:02:49,283 - INFO - Example /home/projects/bagon/shared/imagenet512/val/n04443257/ILSVRC2012_val_00020110.JPEG reached epsilon at step 54, loss sum: 114.3455, final loss: 0.00072861, weight distance: 0.0046
2025-09-22 11:02:49,886 - INFO - Example 113 completed: 54 steps, loss sum: 114.3455, final loss: 0.00072861, weight distance: 0.0046 (universal rank: 43410)
2025-09-22 11:02:49,887 - INFO - 
=== Worker 5 Training Example 114/1586 (global idx 8048): /home/projects/bagon/shared/imagenet512/val/n03443371/ILSVRC2012_val_00044868.JPEG ===
2025-09-22 11:02:51,743 - INFO - Example /home/projects/bagon/shared/imagenet512/val/n03443371/ILSVRC2012_val_00044868.JPEG reached epsilon at step 50, loss sum: 26.0941, final loss: 0.00099182, weight distance: 0.0037
2025-09-22 11:02:52,301 - INFO - Example 114 completed: 50 steps, loss sum: 26.0941, final loss: 0.00099182, weight distance: 0.0037 (universal rank: 43411)
2025-09-22 11:02:52,301 - INFO - 
=== Worker 5 Training Example 115/1586 (global idx 8049): /home/projects/bagon/shared/imagenet512/val/n04596742/ILSVRC2012_val_00028560.JPEG ===
2025-09-22 11:02:53,838 - INFO - Example /home/projects/bagon/shared/imagenet512/val/n04596742/ILSVRC2012_val_00028560.JPEG reached epsilon at step 41, loss sum: 51.0327, final loss: 0.00099945, weight distance: 0.0035
2025-09-22 11:02:54,659 - INFO - Example 115 completed: 41 steps, loss sum: 51.0327, final loss: 0.00099945, weight distance: 0.0035 (universal rank: 43412)
2025-09-22 11:02:54,659 - INFO - 
=== Worker 5 Training Example 116/1586 (global idx 8050): /home/projects/bagon/shared/imagenet512/val/n04557648/ILSVRC2012_val_00003318.JPEG ===
2025-09-22 11:02:56,073 - INFO - Example /home/projects/bagon/shared/imagenet512/val/n04557648/ILSVRC2012_val_00003318.JPEG reached epsilon at step 37, loss sum: 58.1492, final loss: 0.00087357, weight distance: 0.0034
2025-09-22 11:02:56,637 - INFO - Example 116 completed: 37 steps, loss sum: 58.1492, final loss: 0.00087357, weight distance: 0.0034 (universal rank: 43413)
2025-09-22 11:02:56,637 - INFO - 
=== Worker 5 Training Example 117/1586 (global idx 8051): /home/projects/bagon/shared/imagenet512/val/n07734744/ILSVRC2012_val_00046024.JPEG ===
2025-09-22 11:02:58,442 - INFO - Example /home/projects/bagon/shared/imagenet512/val/n07734744/ILSVRC2012_val_00046024.JPEG reached epsilon at step 48, loss sum: 45.6367, final loss: 0.00066757, weight distance: 0.0038
2025-09-22 11:02:59,011 - INFO - Example 117 completed: 48 steps, loss sum: 45.6367, final loss: 0.00066757, weight distance: 0.0038 (universal rank: 43414)
2025-09-22 11:02:59,012 - INFO - 
=== Worker 5 Training Example 118/1586 (global idx 8052): /home/projects/bagon/shared/imagenet512/val/n04428191/ILSVRC2012_val_00025954.JPEG ===
2025-09-22 11:03:00,668 - INFO - Example /home/projects/bagon/shared/imagenet512/val/n04428191/ILSVRC2012_val_00025954.JPEG reached epsilon at step 44, loss sum: 20.6416, final loss: 0.00094604, weight distance: 0.0037
2025-09-22 11:03:01,224 - INFO - Example 118 completed: 44 steps, loss sum: 20.6416, final loss: 0.00094604, weight distance: 0.0037 (universal rank: 43415)
2025-09-22 11:03:01,225 - INFO - 
=== Worker 5 Training Example 119/1586 (global idx 8053): /home/projects/bagon/shared/imagenet512/val/n09428293/ILSVRC2012_val_00035892.JPEG ===
2025-09-22 11:03:03,717 - INFO - Example /home/projects/bagon/shared/imagenet512/val/n09428293/ILSVRC2012_val_00035892.JPEG reached epsilon at step 67, loss sum: 29.8763, final loss: 0.00092316, weight distance: 0.0044
2025-09-22 11:03:04,278 - INFO - Example 119 completed: 67 steps, loss sum: 29.8763, final loss: 0.00092316, weight distance: 0.0044 (universal rank: 43416)
2025-09-22 11:03:04,278 - INFO - 
=== Worker 5 Training Example 120/1586 (global idx 8054): /home/projects/bagon/shared/imagenet512/val/n02869837/ILSVRC2012_val_00049514.JPEG ===
2025-09-22 11:03:05,278 - INFO - Example /home/projects/bagon/shared/imagenet512/val/n02869837/ILSVRC2012_val_00049514.JPEG reached epsilon at step 26, loss sum: 6.2977, final loss: 0.00053024, weight distance: 0.0024
2025-09-22 11:03:05,849 - INFO - Example 120 completed: 26 steps, loss sum: 6.2977, final loss: 0.00053024, weight distance: 0.0024 (universal rank: 43417)
2025-09-22 11:03:05,850 - INFO - 
=== Worker 5 Training Example 121/1586 (global idx 8055): /home/projects/bagon/shared/imagenet512/val/n02099267/ILSVRC2012_val_00013712.JPEG ===
2025-09-22 11:03:07,366 - INFO - Example /home/projects/bagon/shared/imagenet512/val/n02099267/ILSVRC2012_val_00013712.JPEG reached epsilon at step 40, loss sum: 35.4256, final loss: 0.00091553, weight distance: 0.0033
2025-09-22 11:03:07,924 - INFO - Example 121 completed: 40 steps, loss sum: 35.4256, final loss: 0.00091553, weight distance: 0.0033 (universal rank: 43418)
2025-09-22 11:03:07,924 - INFO - 
=== Worker 5 Training Example 122/1586 (global idx 8056): /home/projects/bagon/shared/imagenet512/val/n02085620/ILSVRC2012_val_00027452.JPEG ===
2025-09-22 11:03:09,585 - INFO - Example /home/projects/bagon/shared/imagenet512/val/n02085620/ILSVRC2012_val_00027452.JPEG reached epsilon at step 44, loss sum: 22.0747, final loss: 0.00076294, weight distance: 0.0039
2025-09-22 11:03:10,144 - INFO - Example 122 completed: 44 steps, loss sum: 22.0747, final loss: 0.00076294, weight distance: 0.0039 (universal rank: 43419)
2025-09-22 11:03:10,144 - INFO - 
=== Worker 5 Training Example 123/1586 (global idx 8057): /home/projects/bagon/shared/imagenet512/val/n03970156/ILSVRC2012_val_00030886.JPEG ===
2025-09-22 11:03:11,806 - INFO - Example /home/projects/bagon/shared/imagenet512/val/n03970156/ILSVRC2012_val_00030886.JPEG reached epsilon at step 44, loss sum: 43.3596, final loss: 0.00087738, weight distance: 0.0038
2025-09-22 11:03:12,832 - INFO - Example 123 completed: 44 steps, loss sum: 43.3596, final loss: 0.00087738, weight distance: 0.0038 (universal rank: 43420)
2025-09-22 11:03:12,833 - INFO - 
=== Worker 5 Training Example 124/1586 (global idx 8058): /home/projects/bagon/shared/imagenet512/val/n04532106/ILSVRC2012_val_00019133.JPEG ===
2025-09-22 11:03:13,751 - INFO - Example /home/projects/bagon/shared/imagenet512/val/n04532106/ILSVRC2012_val_00019133.JPEG reached epsilon at step 24, loss sum: 9.0235, final loss: 0.00084686, weight distance: 0.0023
2025-09-22 11:03:14,329 - INFO - Example 124 completed: 24 steps, loss sum: 9.0235, final loss: 0.00084686, weight distance: 0.0023 (universal rank: 43421)
2025-09-22 11:03:14,329 - INFO - 
=== Worker 5 Training Example 125/1586 (global idx 8059): /home/projects/bagon/shared/imagenet512/val/n02776631/ILSVRC2012_val_00023736.JPEG ===
2025-09-22 11:03:15,741 - INFO - Example /home/projects/bagon/shared/imagenet512/val/n02776631/ILSVRC2012_val_00023736.JPEG reached epsilon at step 37, loss sum: 56.8976, final loss: 0.00082397, weight distance: 0.0032
2025-09-22 11:03:16,300 - INFO - Example 125 completed: 37 steps, loss sum: 56.8976, final loss: 0.00082397, weight distance: 0.0032 (universal rank: 43422)
2025-09-22 11:03:16,301 - INFO - 
=== Worker 5 Training Example 126/1586 (global idx 8060): /home/projects/bagon/shared/imagenet512/val/n03255030/ILSVRC2012_val_00010055.JPEG ===
2025-09-22 11:03:17,132 - INFO - Example /home/projects/bagon/shared/imagenet512/val/n03255030/ILSVRC2012_val_00010055.JPEG reached epsilon at step 21, loss sum: 2.6291, final loss: 0.00099945, weight distance: 0.0020
2025-09-22 11:03:17,714 - INFO - Example 126 completed: 21 steps, loss sum: 2.6291, final loss: 0.00099945, weight distance: 0.0020 (universal rank: 43423)
2025-09-22 11:03:17,714 - INFO - 
=== Worker 5 Training Example 127/1586 (global idx 8061): /home/projects/bagon/shared/imagenet512/val/n04540053/ILSVRC2012_val_00010766.JPEG ===
2025-09-22 11:03:19,278 - INFO - Example /home/projects/bagon/shared/imagenet512/val/n04540053/ILSVRC2012_val_00010766.JPEG reached epsilon at step 41, loss sum: 31.1071, final loss: 0.00098419, weight distance: 0.0036
2025-09-22 11:03:19,851 - INFO - Example 127 completed: 41 steps, loss sum: 31.1071, final loss: 0.00098419, weight distance: 0.0036 (universal rank: 43424)
2025-09-22 11:03:19,851 - INFO - 
=== Worker 5 Training Example 128/1586 (global idx 8062): /home/projects/bagon/shared/imagenet512/val/n01697457/ILSVRC2012_val_00017459.JPEG ===
2025-09-22 11:03:21,790 - INFO - Example /home/projects/bagon/shared/imagenet512/val/n01697457/ILSVRC2012_val_00017459.JPEG reached epsilon at step 52, loss sum: 54.7239, final loss: 0.00095749, weight distance: 0.0046
2025-09-22 11:03:22,340 - INFO - Example 128 completed: 52 steps, loss sum: 54.7239, final loss: 0.00095749, weight distance: 0.0046 (universal rank: 43425)
2025-09-22 11:03:22,340 - INFO - 
=== Worker 5 Training Example 129/1586 (global idx 8063): /home/projects/bagon/shared/imagenet512/val/n03670208/ILSVRC2012_val_00024440.JPEG ===
2025-09-22 11:03:23,668 - INFO - Example /home/projects/bagon/shared/imagenet512/val/n03670208/ILSVRC2012_val_00024440.JPEG reached epsilon at step 35, loss sum: 18.6903, final loss: 0.00069809, weight distance: 0.0031
2025-09-22 11:03:24,299 - INFO - Example 129 completed: 35 steps, loss sum: 18.6903, final loss: 0.00069809, weight distance: 0.0031 (universal rank: 43426)
2025-09-22 11:03:24,299 - INFO - 
=== Worker 5 Training Example 130/1586 (global idx 8064): /home/projects/bagon/shared/imagenet512/val/n03637318/ILSVRC2012_val_00034586.JPEG ===
2025-09-22 11:03:26,270 - INFO - Example /home/projects/bagon/shared/imagenet512/val/n03637318/ILSVRC2012_val_00034586.JPEG reached epsilon at step 53, loss sum: 46.5132, final loss: 0.00091171, weight distance: 0.0041
2025-09-22 11:03:26,840 - INFO - Example 130 completed: 53 steps, loss sum: 46.5132, final loss: 0.00091171, weight distance: 0.0041 (universal rank: 43427)
2025-09-22 11:03:26,840 - INFO - 
=== Worker 5 Training Example 131/1586 (global idx 8065): /home/projects/bagon/shared/imagenet512/val/n09399592/ILSVRC2012_val_00004405.JPEG ===
2025-09-22 11:03:28,420 - INFO - Example /home/projects/bagon/shared/imagenet512/val/n09399592/ILSVRC2012_val_00004405.JPEG reached epsilon at step 42, loss sum: 10.4422, final loss: 0.00097275, weight distance: 0.0035
2025-09-22 11:03:28,964 - INFO - Example 131 completed: 42 steps, loss sum: 10.4422, final loss: 0.00097275, weight distance: 0.0035 (universal rank: 43428)
2025-09-22 11:03:28,964 - INFO - 
=== Worker 5 Training Example 132/1586 (global idx 8066): /home/projects/bagon/shared/imagenet512/val/n03250847/ILSVRC2012_val_00032127.JPEG ===
2025-09-22 11:03:30,292 - INFO - Example /home/projects/bagon/shared/imagenet512/val/n03250847/ILSVRC2012_val_00032127.JPEG reached epsilon at step 35, loss sum: 10.1635, final loss: 0.00093460, weight distance: 0.0031
2025-09-22 11:03:30,882 - INFO - Example 132 completed: 35 steps, loss sum: 10.1635, final loss: 0.00093460, weight distance: 0.0031 (universal rank: 43430)
2025-09-22 11:03:30,883 - INFO - 
=== Worker 5 Training Example 133/1586 (global idx 8067): /home/projects/bagon/shared/imagenet512/val/n03710721/ILSVRC2012_val_00024687.JPEG ===
2025-09-22 11:03:33,141 - INFO - Example /home/projects/bagon/shared/imagenet512/val/n03710721/ILSVRC2012_val_00024687.JPEG reached epsilon at step 61, loss sum: 15.4264, final loss: 0.00081253, weight distance: 0.0046
2025-09-22 11:03:33,724 - INFO - Example 133 completed: 61 steps, loss sum: 15.4264, final loss: 0.00081253, weight distance: 0.0046 (universal rank: 43431)
2025-09-22 11:03:33,724 - INFO - 
=== Worker 5 Training Example 134/1586 (global idx 8068): /home/projects/bagon/shared/imagenet512/val/n04493381/ILSVRC2012_val_00009561.JPEG ===
2025-09-22 11:03:34,787 - INFO - Example /home/projects/bagon/shared/imagenet512/val/n04493381/ILSVRC2012_val_00009561.JPEG reached epsilon at step 28, loss sum: 2.5448, final loss: 0.00081253, weight distance: 0.0025
2025-09-22 11:03:35,365 - INFO - Example 134 completed: 28 steps, loss sum: 2.5448, final loss: 0.00081253, weight distance: 0.0025 (universal rank: 43432)
2025-09-22 11:03:35,365 - INFO - 
=== Worker 5 Training Example 135/1586 (global idx 8069): /home/projects/bagon/shared/imagenet512/val/n04552348/ILSVRC2012_val_00032516.JPEG ===
2025-09-22 11:03:36,817 - INFO - Example /home/projects/bagon/shared/imagenet512/val/n04552348/ILSVRC2012_val_00032516.JPEG reached epsilon at step 38, loss sum: 16.2699, final loss: 0.00096130, weight distance: 0.0035
2025-09-22 11:03:37,391 - INFO - Example 135 completed: 38 steps, loss sum: 16.2699, final loss: 0.00096130, weight distance: 0.0035 (universal rank: 43433)
2025-09-22 11:03:37,391 - INFO - 
=== Worker 5 Training Example 136/1586 (global idx 8070): /home/projects/bagon/shared/imagenet512/val/n03481172/ILSVRC2012_val_00006198.JPEG ===
2025-09-22 11:03:39,584 - INFO - Example /home/projects/bagon/shared/imagenet512/val/n03481172/ILSVRC2012_val_00006198.JPEG reached epsilon at step 59, loss sum: 92.6182, final loss: 0.00094604, weight distance: 0.0047
2025-09-22 11:03:40,155 - INFO - Example 136 completed: 59 steps, loss sum: 92.6182, final loss: 0.00094604, weight distance: 0.0047 (universal rank: 43436)
2025-09-22 11:03:40,155 - INFO - 
=== Worker 5 Training Example 137/1586 (global idx 8071): /home/projects/bagon/shared/imagenet512/val/n03000134/ILSVRC2012_val_00026866.JPEG ===
2025-09-22 11:03:41,747 - INFO - Example /home/projects/bagon/shared/imagenet512/val/n03000134/ILSVRC2012_val_00026866.JPEG reached epsilon at step 42, loss sum: 58.5288, final loss: 0.00088120, weight distance: 0.0037
2025-09-22 11:03:42,478 - INFO - Example 137 completed: 42 steps, loss sum: 58.5288, final loss: 0.00088120, weight distance: 0.0037 (universal rank: 43437)
2025-09-22 11:03:42,478 - INFO - 
=== Worker 5 Training Example 138/1586 (global idx 8072): /home/projects/bagon/shared/imagenet512/val/n04141327/ILSVRC2012_val_00011950.JPEG ===
2025-09-22 11:03:44,230 - INFO - Example /home/projects/bagon/shared/imagenet512/val/n04141327/ILSVRC2012_val_00011950.JPEG reached epsilon at step 46, loss sum: 24.9649, final loss: 0.00094986, weight distance: 0.0040
2025-09-22 11:03:44,825 - INFO - Example 138 completed: 46 steps, loss sum: 24.9649, final loss: 0.00094986, weight distance: 0.0040 (universal rank: 43438)
2025-09-22 11:03:44,826 - INFO - 
=== Worker 5 Training Example 139/1586 (global idx 8073): /home/projects/bagon/shared/imagenet512/val/n03792782/ILSVRC2012_val_00029396.JPEG ===
2025-09-22 11:03:46,512 - INFO - Example /home/projects/bagon/shared/imagenet512/val/n03792782/ILSVRC2012_val_00029396.JPEG reached epsilon at step 45, loss sum: 37.9158, final loss: 0.00077820, weight distance: 0.0040
2025-09-22 11:03:47,086 - INFO - Example 139 completed: 45 steps, loss sum: 37.9158, final loss: 0.00077820, weight distance: 0.0040 (universal rank: 43439)
2025-09-22 11:03:47,086 - INFO - 
=== Worker 5 Training Example 140/1586 (global idx 8074): /home/projects/bagon/shared/imagenet512/val/n03995372/ILSVRC2012_val_00039029.JPEG ===
2025-09-22 11:03:48,683 - INFO - Example /home/projects/bagon/shared/imagenet512/val/n03995372/ILSVRC2012_val_00039029.JPEG reached epsilon at step 42, loss sum: 40.8642, final loss: 0.00090790, weight distance: 0.0037
2025-09-22 11:03:49,286 - INFO - Example 140 completed: 42 steps, loss sum: 40.8642, final loss: 0.00090790, weight distance: 0.0037 (universal rank: 43440)
2025-09-22 11:03:49,286 - INFO - 
=== Worker 5 Training Example 141/1586 (global idx 8075): /home/projects/bagon/shared/imagenet512/val/n02095889/ILSVRC2012_val_00022642.JPEG ===
2025-09-22 11:03:50,820 - INFO - Example /home/projects/bagon/shared/imagenet512/val/n02095889/ILSVRC2012_val_00022642.JPEG reached epsilon at step 40, loss sum: 22.3811, final loss: 0.00083923, weight distance: 0.0037
2025-09-22 11:03:51,394 - INFO - Example 141 completed: 40 steps, loss sum: 22.3811, final loss: 0.00083923, weight distance: 0.0037 (universal rank: 43441)
2025-09-22 11:03:51,394 - INFO - 
=== Worker 5 Training Example 142/1586 (global idx 8076): /home/projects/bagon/shared/imagenet512/val/n04380533/ILSVRC2012_val_00033933.JPEG ===
2025-09-22 11:03:52,635 - INFO - Example /home/projects/bagon/shared/imagenet512/val/n04380533/ILSVRC2012_val_00033933.JPEG reached epsilon at step 32, loss sum: 3.6764, final loss: 0.00096893, weight distance: 0.0029
2025-09-22 11:03:53,222 - INFO - Example 142 completed: 32 steps, loss sum: 3.6764, final loss: 0.00096893, weight distance: 0.0029 (universal rank: 43442)
2025-09-22 11:03:53,222 - INFO - 
=== Worker 5 Training Example 143/1586 (global idx 8077): /home/projects/bagon/shared/imagenet512/val/n02088094/ILSVRC2012_val_00044215.JPEG ===
2025-09-22 11:03:54,740 - INFO - Example /home/projects/bagon/shared/imagenet512/val/n02088094/ILSVRC2012_val_00044215.JPEG reached epsilon at step 40, loss sum: 41.1301, final loss: 0.00082779, weight distance: 0.0035
2025-09-22 11:03:55,316 - INFO - Example 143 completed: 40 steps, loss sum: 41.1301, final loss: 0.00082779, weight distance: 0.0035 (universal rank: 43443)
2025-09-22 11:03:55,317 - INFO - 
=== Worker 5 Training Example 144/1586 (global idx 8078): /home/projects/bagon/shared/imagenet512/val/n02979186/ILSVRC2012_val_00016648.JPEG ===
2025-09-22 11:03:57,990 - INFO - Example /home/projects/bagon/shared/imagenet512/val/n02979186/ILSVRC2012_val_00016648.JPEG reached epsilon at step 72, loss sum: 15.3454, final loss: 0.00097275, weight distance: 0.0044
2025-09-22 11:03:58,570 - INFO - Example 144 completed: 72 steps, loss sum: 15.3454, final loss: 0.00097275, weight distance: 0.0044 (universal rank: 43445)
2025-09-22 11:03:58,570 - INFO - 
=== Worker 5 Training Example 145/1586 (global idx 8079): /home/projects/bagon/shared/imagenet512/val/n03534580/ILSVRC2012_val_00000845.JPEG ===
2025-09-22 11:03:59,886 - INFO - Example /home/projects/bagon/shared/imagenet512/val/n03534580/ILSVRC2012_val_00000845.JPEG reached epsilon at step 35, loss sum: 18.6850, final loss: 0.00086212, weight distance: 0.0032
2025-09-22 11:04:00,639 - INFO - Example 145 completed: 35 steps, loss sum: 18.6850, final loss: 0.00086212, weight distance: 0.0032 (universal rank: 43448)
2025-09-22 11:04:00,640 - INFO - 
=== Worker 5 Training Example 146/1586 (global idx 8080): /home/projects/bagon/shared/imagenet512/val/n09835506/ILSVRC2012_val_00037495.JPEG ===
2025-09-22 11:04:01,799 - INFO - Example /home/projects/bagon/shared/imagenet512/val/n09835506/ILSVRC2012_val_00037495.JPEG reached epsilon at step 30, loss sum: 1.7390, final loss: 0.00063324, weight distance: 0.0028
2025-09-22 11:04:02,388 - INFO - Example 146 completed: 30 steps, loss sum: 1.7390, final loss: 0.00063324, weight distance: 0.0028 (universal rank: 43450)
2025-09-22 11:04:02,388 - INFO - 
=== Worker 5 Training Example 147/1586 (global idx 8081): /home/projects/bagon/shared/imagenet512/val/n03724870/ILSVRC2012_val_00009544.JPEG ===
2025-09-22 11:04:03,638 - INFO - Example /home/projects/bagon/shared/imagenet512/val/n03724870/ILSVRC2012_val_00009544.JPEG reached epsilon at step 33, loss sum: 22.7738, final loss: 0.00095367, weight distance: 0.0030
2025-09-22 11:04:04,229 - INFO - Example 147 completed: 33 steps, loss sum: 22.7738, final loss: 0.00095367, weight distance: 0.0030 (universal rank: 43451)
2025-09-22 11:04:04,229 - INFO - 
=== Worker 5 Training Example 148/1586 (global idx 8082): /home/projects/bagon/shared/imagenet512/val/n04270147/ILSVRC2012_val_00008252.JPEG ===
2025-09-22 11:04:05,817 - INFO - Example /home/projects/bagon/shared/imagenet512/val/n04270147/ILSVRC2012_val_00008252.JPEG reached epsilon at step 42, loss sum: 37.4251, final loss: 0.00060654, weight distance: 0.0036
2025-09-22 11:04:06,580 - INFO - Example 148 completed: 42 steps, loss sum: 37.4251, final loss: 0.00060654, weight distance: 0.0036 (universal rank: 43452)
2025-09-22 11:04:06,580 - INFO - 
=== Worker 5 Training Example 149/1586 (global idx 8083): /home/projects/bagon/shared/imagenet512/val/n04380533/ILSVRC2012_val_00032093.JPEG ===
2025-09-22 11:04:08,657 - INFO - Example /home/projects/bagon/shared/imagenet512/val/n04380533/ILSVRC2012_val_00032093.JPEG reached epsilon at step 56, loss sum: 41.1671, final loss: 0.00097275, weight distance: 0.0047
2025-09-22 11:04:09,218 - INFO - Example 149 completed: 56 steps, loss sum: 41.1671, final loss: 0.00097275, weight distance: 0.0047 (universal rank: 43453)
2025-09-22 11:04:09,218 - INFO - 
=== Worker 5 Training Example 150/1586 (global idx 8084): /home/projects/bagon/shared/imagenet512/val/n03947888/ILSVRC2012_val_00009628.JPEG ===
2025-09-22 11:04:10,794 - INFO - Example /home/projects/bagon/shared/imagenet512/val/n03947888/ILSVRC2012_val_00009628.JPEG reached epsilon at step 42, loss sum: 66.4297, final loss: 0.00094223, weight distance: 0.0036
2025-09-22 11:04:11,360 - INFO - Example 150 completed: 42 steps, loss sum: 66.4297, final loss: 0.00094223, weight distance: 0.0036 (universal rank: 43454)
2025-09-22 11:04:11,360 - INFO - 
=== Worker 5 Training Example 151/1586 (global idx 8085): /home/projects/bagon/shared/imagenet512/val/n07615774/ILSVRC2012_val_00008864.JPEG ===
2025-09-22 11:04:13,293 - INFO - Example /home/projects/bagon/shared/imagenet512/val/n07615774/ILSVRC2012_val_00008864.JPEG reached epsilon at step 52, loss sum: 25.2020, final loss: 0.00094604, weight distance: 0.0045
2025-09-22 11:04:13,841 - INFO - Example 151 completed: 52 steps, loss sum: 25.2020, final loss: 0.00094604, weight distance: 0.0045 (universal rank: 43455)
2025-09-22 11:04:13,841 - INFO - 
=== Worker 5 Training Example 152/1586 (global idx 8086): /home/projects/bagon/shared/imagenet512/val/n02090379/ILSVRC2012_val_00043888.JPEG ===
2025-09-22 11:04:15,377 - INFO - Example /home/projects/bagon/shared/imagenet512/val/n02090379/ILSVRC2012_val_00043888.JPEG reached epsilon at step 41, loss sum: 14.7803, final loss: 0.00086212, weight distance: 0.0036
2025-09-22 11:04:15,937 - INFO - Example 152 completed: 41 steps, loss sum: 14.7803, final loss: 0.00086212, weight distance: 0.0036 (universal rank: 43456)
2025-09-22 11:04:15,937 - INFO - 
=== Worker 5 Training Example 153/1586 (global idx 8087): /home/projects/bagon/shared/imagenet512/val/n04049303/ILSVRC2012_val_00003998.JPEG ===
2025-09-22 11:04:16,938 - INFO - Example /home/projects/bagon/shared/imagenet512/val/n04049303/ILSVRC2012_val_00003998.JPEG reached epsilon at step 26, loss sum: 2.7892, final loss: 0.00090027, weight distance: 0.0023
2025-09-22 11:04:17,504 - INFO - Example 153 completed: 26 steps, loss sum: 2.7892, final loss: 0.00090027, weight distance: 0.0023 (universal rank: 43457)
2025-09-22 11:04:17,504 - INFO - 
=== Worker 5 Training Example 154/1586 (global idx 8088): /home/projects/bagon/shared/imagenet512/val/n01530575/ILSVRC2012_val_00046833.JPEG ===
2025-09-22 11:04:18,838 - INFO - Example /home/projects/bagon/shared/imagenet512/val/n01530575/ILSVRC2012_val_00046833.JPEG reached epsilon at step 36, loss sum: 20.2201, final loss: 0.00073624, weight distance: 0.0032
2025-09-22 11:04:19,387 - INFO - Example 154 completed: 36 steps, loss sum: 20.2201, final loss: 0.00073624, weight distance: 0.0032 (universal rank: 43458)
2025-09-22 11:04:19,387 - INFO - 
=== Worker 5 Training Example 155/1586 (global idx 8089): /home/projects/bagon/shared/imagenet512/val/n04154565/ILSVRC2012_val_00012778.JPEG ===
2025-09-22 11:04:20,806 - INFO - Example /home/projects/bagon/shared/imagenet512/val/n04154565/ILSVRC2012_val_00012778.JPEG reached epsilon at step 39, loss sum: 27.4621, final loss: 0.00096512, weight distance: 0.0033
2025-09-22 11:04:21,379 - INFO - Example 155 completed: 39 steps, loss sum: 27.4621, final loss: 0.00096512, weight distance: 0.0033 (universal rank: 43459)
2025-09-22 11:04:21,379 - INFO - 
=== Worker 5 Training Example 156/1586 (global idx 8090): /home/projects/bagon/shared/imagenet512/val/n03841143/ILSVRC2012_val_00039911.JPEG ===
2025-09-22 11:04:22,348 - INFO - Example /home/projects/bagon/shared/imagenet512/val/n03841143/ILSVRC2012_val_00039911.JPEG reached epsilon at step 26, loss sum: 8.3376, final loss: 0.00081253, weight distance: 0.0025
2025-09-22 11:04:22,900 - INFO - Example 156 completed: 26 steps, loss sum: 8.3376, final loss: 0.00081253, weight distance: 0.0025 (universal rank: 43460)
2025-09-22 11:04:22,900 - INFO - 
=== Worker 5 Training Example 157/1586 (global idx 8091): /home/projects/bagon/shared/imagenet512/val/n02412080/ILSVRC2012_val_00004137.JPEG ===
2025-09-22 11:04:25,076 - INFO - Example /home/projects/bagon/shared/imagenet512/val/n02412080/ILSVRC2012_val_00004137.JPEG reached epsilon at step 61, loss sum: 20.7959, final loss: 0.00089264, weight distance: 0.0048
2025-09-22 11:04:25,672 - INFO - Example 157 completed: 61 steps, loss sum: 20.7959, final loss: 0.00089264, weight distance: 0.0048 (universal rank: 43461)
2025-09-22 11:04:25,673 - INFO - 
=== Worker 5 Training Example 158/1586 (global idx 8092): /home/projects/bagon/shared/imagenet512/val/n02094433/ILSVRC2012_val_00008956.JPEG ===
2025-09-22 11:04:27,093 - INFO - Example /home/projects/bagon/shared/imagenet512/val/n02094433/ILSVRC2012_val_00008956.JPEG reached epsilon at step 39, loss sum: 6.6103, final loss: 0.00083923, weight distance: 0.0033
2025-09-22 11:04:27,648 - INFO - Example 158 completed: 39 steps, loss sum: 6.6103, final loss: 0.00083923, weight distance: 0.0033 (universal rank: 43463)
2025-09-22 11:04:27,648 - INFO - 
=== Worker 5 Training Example 159/1586 (global idx 8093): /home/projects/bagon/shared/imagenet512/val/n02107908/ILSVRC2012_val_00035437.JPEG ===
2025-09-22 11:04:29,334 - INFO - Example /home/projects/bagon/shared/imagenet512/val/n02107908/ILSVRC2012_val_00035437.JPEG reached epsilon at step 46, loss sum: 7.8297, final loss: 0.00070953, weight distance: 0.0039
2025-09-22 11:04:29,907 - INFO - Example 159 completed: 46 steps, loss sum: 7.8297, final loss: 0.00070953, weight distance: 0.0039 (universal rank: 43464)
2025-09-22 11:04:29,907 - INFO - 
=== Worker 5 Training Example 160/1586 (global idx 8094): /home/projects/bagon/shared/imagenet512/val/n02115641/ILSVRC2012_val_00021318.JPEG ===
2025-09-22 11:04:31,442 - INFO - Example /home/projects/bagon/shared/imagenet512/val/n02115641/ILSVRC2012_val_00021318.JPEG reached epsilon at step 43, loss sum: 21.3151, final loss: 0.00078583, weight distance: 0.0036
2025-09-22 11:04:31,994 - INFO - Example 160 completed: 43 steps, loss sum: 21.3151, final loss: 0.00078583, weight distance: 0.0036 (universal rank: 43465)
2025-09-22 11:04:31,994 - INFO - 
=== Worker 5 Training Example 161/1586 (global idx 8095): /home/projects/bagon/shared/imagenet512/val/n07720875/ILSVRC2012_val_00023223.JPEG ===
2025-09-22 11:04:33,541 - INFO - Example /home/projects/bagon/shared/imagenet512/val/n07720875/ILSVRC2012_val_00023223.JPEG reached epsilon at step 43, loss sum: 40.5395, final loss: 0.00099945, weight distance: 0.0040
2025-09-22 11:04:34,104 - INFO - Example 161 completed: 43 steps, loss sum: 40.5395, final loss: 0.00099945, weight distance: 0.0040 (universal rank: 43467)
2025-09-22 11:04:34,104 - INFO - 
=== Worker 5 Training Example 162/1586 (global idx 8096): /home/projects/bagon/shared/imagenet512/val/n02106382/ILSVRC2012_val_00032033.JPEG ===
2025-09-22 11:04:35,038 - INFO - Example /home/projects/bagon/shared/imagenet512/val/n02106382/ILSVRC2012_val_00032033.JPEG reached epsilon at step 25, loss sum: 5.5918, final loss: 0.00083542, weight distance: 0.0022
2025-09-22 11:04:35,604 - INFO - Example 162 completed: 25 steps, loss sum: 5.5918, final loss: 0.00083542, weight distance: 0.0022 (universal rank: 43468)
2025-09-22 11:04:35,605 - INFO - 
=== Worker 5 Training Example 163/1586 (global idx 8097): /home/projects/bagon/shared/imagenet512/val/n02669723/ILSVRC2012_val_00038753.JPEG ===
2025-09-22 11:04:37,006 - INFO - Example /home/projects/bagon/shared/imagenet512/val/n02669723/ILSVRC2012_val_00038753.JPEG reached epsilon at step 38, loss sum: 16.9452, final loss: 0.00088120, weight distance: 0.0033
2025-09-22 11:04:37,564 - INFO - Example 163 completed: 38 steps, loss sum: 16.9452, final loss: 0.00088120, weight distance: 0.0033 (universal rank: 43469)
2025-09-22 11:04:37,564 - INFO - 
=== Worker 5 Training Example 164/1586 (global idx 8098): /home/projects/bagon/shared/imagenet512/val/n12144580/ILSVRC2012_val_00048777.JPEG ===
2025-09-22 11:04:38,486 - INFO - Example /home/projects/bagon/shared/imagenet512/val/n12144580/ILSVRC2012_val_00048777.JPEG reached epsilon at step 24, loss sum: 4.6245, final loss: 0.00072861, weight distance: 0.0021
2025-09-22 11:04:39,049 - INFO - Example 164 completed: 24 steps, loss sum: 4.6245, final loss: 0.00072861, weight distance: 0.0021 (universal rank: 43470)
2025-09-22 11:04:39,049 - INFO - 
=== Worker 5 Training Example 165/1586 (global idx 8099): /home/projects/bagon/shared/imagenet512/val/n02999410/ILSVRC2012_val_00032940.JPEG ===
2025-09-22 11:04:40,986 - INFO - Example /home/projects/bagon/shared/imagenet512/val/n02999410/ILSVRC2012_val_00032940.JPEG reached epsilon at step 52, loss sum: 80.0718, final loss: 0.00075912, weight distance: 0.0045
2025-09-22 11:04:41,540 - INFO - Example 165 completed: 52 steps, loss sum: 80.0718, final loss: 0.00075912, weight distance: 0.0045 (universal rank: 43471)
2025-09-22 11:04:41,540 - INFO - 
=== Worker 5 Training Example 166/1586 (global idx 8100): /home/projects/bagon/shared/imagenet512/val/n04067472/ILSVRC2012_val_00038171.JPEG ===
2025-09-22 11:04:43,486 - INFO - Example /home/projects/bagon/shared/imagenet512/val/n04067472/ILSVRC2012_val_00038171.JPEG reached epsilon at step 52, loss sum: 65.3252, final loss: 0.00085068, weight distance: 0.0045
2025-09-22 11:04:44,043 - INFO - Example 166 completed: 52 steps, loss sum: 65.3252, final loss: 0.00085068, weight distance: 0.0045 (universal rank: 43473)
2025-09-22 11:04:44,043 - INFO - 
=== Worker 5 Training Example 167/1586 (global idx 8101): /home/projects/bagon/shared/imagenet512/val/n04065272/ILSVRC2012_val_00042167.JPEG ===
2025-09-22 11:04:45,515 - INFO - Example /home/projects/bagon/shared/imagenet512/val/n04065272/ILSVRC2012_val_00042167.JPEG reached epsilon at step 39, loss sum: 29.4432, final loss: 0.00097656, weight distance: 0.0036
2025-09-22 11:04:46,063 - INFO - Example 167 completed: 39 steps, loss sum: 29.4432, final loss: 0.00097656, weight distance: 0.0036 (universal rank: 43474)
2025-09-22 11:04:46,063 - INFO - 
=== Worker 5 Training Example 168/1586 (global idx 8102): /home/projects/bagon/shared/imagenet512/val/n03710637/ILSVRC2012_val_00007899.JPEG ===
2025-09-22 11:04:48,984 - INFO - Example /home/projects/bagon/shared/imagenet512/val/n03710637/ILSVRC2012_val_00007899.JPEG reached epsilon at step 79, loss sum: 10.2807, final loss: 0.00095367, weight distance: 0.0057
2025-09-22 11:04:49,549 - INFO - Example 168 completed: 79 steps, loss sum: 10.2807, final loss: 0.00095367, weight distance: 0.0057 (universal rank: 43475)
2025-09-22 11:04:49,549 - INFO - 
=== Worker 5 Training Example 169/1586 (global idx 8103): /home/projects/bagon/shared/imagenet512/val/n01855672/ILSVRC2012_val_00026155.JPEG ===
2025-09-22 11:04:51,275 - INFO - Example /home/projects/bagon/shared/imagenet512/val/n01855672/ILSVRC2012_val_00026155.JPEG reached epsilon at step 46, loss sum: 35.3750, final loss: 0.00095367, weight distance: 0.0041
2025-09-22 11:04:51,834 - INFO - Example 169 completed: 46 steps, loss sum: 35.3750, final loss: 0.00095367, weight distance: 0.0041 (universal rank: 43476)
2025-09-22 11:04:51,834 - INFO - 
=== Worker 5 Training Example 170/1586 (global idx 8104): /home/projects/bagon/shared/imagenet512/val/n04252225/ILSVRC2012_val_00024347.JPEG ===
2025-09-22 11:04:53,169 - INFO - Example /home/projects/bagon/shared/imagenet512/val/n04252225/ILSVRC2012_val_00024347.JPEG reached epsilon at step 35, loss sum: 14.9095, final loss: 0.00087738, weight distance: 0.0032
2025-09-22 11:04:54,587 - INFO - Example 170 completed: 35 steps, loss sum: 14.9095, final loss: 0.00087738, weight distance: 0.0032 (universal rank: 43477)
2025-09-22 11:04:54,587 - INFO - 
=== Worker 5 Training Example 171/1586 (global idx 8105): /home/projects/bagon/shared/imagenet512/val/n02840245/ILSVRC2012_val_00032138.JPEG ===
2025-09-22 11:04:55,853 - INFO - Example /home/projects/bagon/shared/imagenet512/val/n02840245/ILSVRC2012_val_00032138.JPEG reached epsilon at step 33, loss sum: 9.0261, final loss: 0.00080872, weight distance: 0.0030
2025-09-22 11:04:56,409 - INFO - Example 171 completed: 33 steps, loss sum: 9.0261, final loss: 0.00080872, weight distance: 0.0030 (universal rank: 43478)
2025-09-22 11:04:56,409 - INFO - 
=== Worker 5 Training Example 172/1586 (global idx 8106): /home/projects/bagon/shared/imagenet512/val/n03658185/ILSVRC2012_val_00031590.JPEG ===
2025-09-22 11:04:57,957 - INFO - Example /home/projects/bagon/shared/imagenet512/val/n03658185/ILSVRC2012_val_00031590.JPEG reached epsilon at step 41, loss sum: 5.0331, final loss: 0.00090027, weight distance: 0.0037
2025-09-22 11:04:58,556 - INFO - Example 172 completed: 41 steps, loss sum: 5.0331, final loss: 0.00090027, weight distance: 0.0037 (universal rank: 43479)
2025-09-22 11:04:58,556 - INFO - 
=== Worker 5 Training Example 173/1586 (global idx 8107): /home/projects/bagon/shared/imagenet512/val/n03642806/ILSVRC2012_val_00038829.JPEG ===
2025-09-22 11:05:00,616 - INFO - Example /home/projects/bagon/shared/imagenet512/val/n03642806/ILSVRC2012_val_00038829.JPEG reached epsilon at step 55, loss sum: 16.7729, final loss: 0.00099945, weight distance: 0.0047
2025-09-22 11:05:01,172 - INFO - Example 173 completed: 55 steps, loss sum: 16.7729, final loss: 0.00099945, weight distance: 0.0047 (universal rank: 43480)
2025-09-22 11:05:01,172 - INFO - 
=== Worker 5 Training Example 174/1586 (global idx 8108): /home/projects/bagon/shared/imagenet512/val/n04462240/ILSVRC2012_val_00021403.JPEG ===
2025-09-22 11:05:02,173 - INFO - Example /home/projects/bagon/shared/imagenet512/val/n04462240/ILSVRC2012_val_00021403.JPEG reached epsilon at step 26, loss sum: 7.1986, final loss: 0.00075531, weight distance: 0.0025
2025-09-22 11:05:02,735 - INFO - Example 174 completed: 26 steps, loss sum: 7.1986, final loss: 0.00075531, weight distance: 0.0025 (universal rank: 43481)
2025-09-22 11:05:02,735 - INFO - 
=== Worker 5 Training Example 175/1586 (global idx 8109): /home/projects/bagon/shared/imagenet512/val/n02423022/ILSVRC2012_val_00019066.JPEG ===
2025-09-22 11:05:03,827 - INFO - Example /home/projects/bagon/shared/imagenet512/val/n02423022/ILSVRC2012_val_00019066.JPEG reached epsilon at step 28, loss sum: 6.9791, final loss: 0.00083923, weight distance: 0.0027
2025-09-22 11:05:04,388 - INFO - Example 175 completed: 28 steps, loss sum: 6.9791, final loss: 0.00083923, weight distance: 0.0027 (universal rank: 43482)
2025-09-22 11:05:04,388 - INFO - 
=== Worker 5 Training Example 176/1586 (global idx 8110): /home/projects/bagon/shared/imagenet512/val/n02097474/ILSVRC2012_val_00011240.JPEG ===
2025-09-22 11:05:06,304 - INFO - Example /home/projects/bagon/shared/imagenet512/val/n02097474/ILSVRC2012_val_00011240.JPEG reached epsilon at step 51, loss sum: 14.9867, final loss: 0.00085068, weight distance: 0.0042
2025-09-22 11:05:06,863 - INFO - Example 176 completed: 51 steps, loss sum: 14.9867, final loss: 0.00085068, weight distance: 0.0042 (universal rank: 43483)
2025-09-22 11:05:06,863 - INFO - 
=== Worker 5 Training Example 177/1586 (global idx 8111): /home/projects/bagon/shared/imagenet512/val/n02410509/ILSVRC2012_val_00033952.JPEG ===
2025-09-22 11:05:08,990 - INFO - Example /home/projects/bagon/shared/imagenet512/val/n02410509/ILSVRC2012_val_00033952.JPEG reached epsilon at step 57, loss sum: 124.9098, final loss: 0.00090790, weight distance: 0.0047
2025-09-22 11:05:09,548 - INFO - Example 177 completed: 57 steps, loss sum: 124.9098, final loss: 0.00090790, weight distance: 0.0047 (universal rank: 43484)
2025-09-22 11:05:09,548 - INFO - 
=== Worker 5 Training Example 178/1586 (global idx 8112): /home/projects/bagon/shared/imagenet512/val/n04270147/ILSVRC2012_val_00039375.JPEG ===
2025-09-22 11:05:11,922 - INFO - Example /home/projects/bagon/shared/imagenet512/val/n04270147/ILSVRC2012_val_00039375.JPEG reached epsilon at step 64, loss sum: 35.2132, final loss: 0.00089264, weight distance: 0.0054
2025-09-22 11:05:12,739 - INFO - Example 178 completed: 64 steps, loss sum: 35.2132, final loss: 0.00089264, weight distance: 0.0054 (universal rank: 43485)
2025-09-22 11:05:12,739 - INFO - 
=== Worker 5 Training Example 179/1586 (global idx 8113): /home/projects/bagon/shared/imagenet512/val/n02769748/ILSVRC2012_val_00047517.JPEG ===
2025-09-22 11:05:13,785 - INFO - Example /home/projects/bagon/shared/imagenet512/val/n02769748/ILSVRC2012_val_00047517.JPEG reached epsilon at step 27, loss sum: 15.2395, final loss: 0.00072479, weight distance: 0.0025
2025-09-22 11:05:14,343 - INFO - Example 179 completed: 27 steps, loss sum: 15.2395, final loss: 0.00072479, weight distance: 0.0025 (universal rank: 43486)
2025-09-22 11:05:14,344 - INFO - 
=== Worker 5 Training Example 180/1586 (global idx 8114): /home/projects/bagon/shared/imagenet512/val/n02834397/ILSVRC2012_val_00002482.JPEG ===
2025-09-22 11:05:15,524 - INFO - Example /home/projects/bagon/shared/imagenet512/val/n02834397/ILSVRC2012_val_00002482.JPEG reached epsilon at step 31, loss sum: 14.0695, final loss: 0.00059891, weight distance: 0.0029
2025-09-22 11:05:16,089 - INFO - Example 180 completed: 31 steps, loss sum: 14.0695, final loss: 0.00059891, weight distance: 0.0029 (universal rank: 43487)
2025-09-22 11:05:16,090 - INFO - 
=== Worker 5 Training Example 181/1586 (global idx 8115): /home/projects/bagon/shared/imagenet512/val/n02114712/ILSVRC2012_val_00013714.JPEG ===
2025-09-22 11:05:18,463 - INFO - Example /home/projects/bagon/shared/imagenet512/val/n02114712/ILSVRC2012_val_00013714.JPEG reached epsilon at step 64, loss sum: 13.1122, final loss: 0.00093079, weight distance: 0.0049
2025-09-22 11:05:19,039 - INFO - Example 181 completed: 64 steps, loss sum: 13.1122, final loss: 0.00093079, weight distance: 0.0049 (universal rank: 43488)
2025-09-22 11:05:19,039 - INFO - 
=== Worker 5 Training Example 182/1586 (global idx 8116): /home/projects/bagon/shared/imagenet512/val/n03742115/ILSVRC2012_val_00039781.JPEG ===
2025-09-22 11:05:20,513 - INFO - Example /home/projects/bagon/shared/imagenet512/val/n03742115/ILSVRC2012_val_00039781.JPEG reached epsilon at step 39, loss sum: 59.2262, final loss: 0.00099945, weight distance: 0.0037
2025-09-22 11:05:21,074 - INFO - Example 182 completed: 39 steps, loss sum: 59.2262, final loss: 0.00099945, weight distance: 0.0037 (universal rank: 43489)
2025-09-22 11:05:21,075 - INFO - 
=== Worker 5 Training Example 183/1586 (global idx 8117): /home/projects/bagon/shared/imagenet512/val/n03874599/ILSVRC2012_val_00045793.JPEG ===
2025-09-22 11:05:22,808 - INFO - Example /home/projects/bagon/shared/imagenet512/val/n03874599/ILSVRC2012_val_00045793.JPEG reached epsilon at step 46, loss sum: 33.8810, final loss: 0.00092316, weight distance: 0.0041
2025-09-22 11:05:23,356 - INFO - Example 183 completed: 46 steps, loss sum: 33.8810, final loss: 0.00092316, weight distance: 0.0041 (universal rank: 43490)
2025-09-22 11:05:23,356 - INFO - 
=== Worker 5 Training Example 184/1586 (global idx 8118): /home/projects/bagon/shared/imagenet512/val/n02094114/ILSVRC2012_val_00037568.JPEG ===
2025-09-22 11:05:24,699 - INFO - Example /home/projects/bagon/shared/imagenet512/val/n02094114/ILSVRC2012_val_00037568.JPEG reached epsilon at step 35, loss sum: 14.6949, final loss: 0.00086594, weight distance: 0.0030
2025-09-22 11:05:25,256 - INFO - Example 184 completed: 35 steps, loss sum: 14.6949, final loss: 0.00086594, weight distance: 0.0030 (universal rank: 43491)
2025-09-22 11:05:25,256 - INFO - 
=== Worker 5 Training Example 185/1586 (global idx 8119): /home/projects/bagon/shared/imagenet512/val/n03759954/ILSVRC2012_val_00003553.JPEG ===
2025-09-22 11:05:27,568 - INFO - Example /home/projects/bagon/shared/imagenet512/val/n03759954/ILSVRC2012_val_00003553.JPEG reached epsilon at step 62, loss sum: 79.0143, final loss: 0.00084305, weight distance: 0.0052
2025-09-22 11:05:28,123 - INFO - Example 185 completed: 62 steps, loss sum: 79.0143, final loss: 0.00084305, weight distance: 0.0052 (universal rank: 43492)
2025-09-22 11:05:28,123 - INFO - 
=== Worker 5 Training Example 186/1586 (global idx 8120): /home/projects/bagon/shared/imagenet512/val/n02909870/ILSVRC2012_val_00011119.JPEG ===
2025-09-22 11:05:29,599 - INFO - Example /home/projects/bagon/shared/imagenet512/val/n02909870/ILSVRC2012_val_00011119.JPEG reached epsilon at step 39, loss sum: 22.2062, final loss: 0.00086594, weight distance: 0.0036
2025-09-22 11:05:30,247 - INFO - Example 186 completed: 39 steps, loss sum: 22.2062, final loss: 0.00086594, weight distance: 0.0036 (universal rank: 43493)
2025-09-22 11:05:30,247 - INFO - 
=== Worker 5 Training Example 187/1586 (global idx 8121): /home/projects/bagon/shared/imagenet512/val/n07684084/ILSVRC2012_val_00040328.JPEG ===
2025-09-22 11:05:31,935 - INFO - Example /home/projects/bagon/shared/imagenet512/val/n07684084/ILSVRC2012_val_00040328.JPEG reached epsilon at step 45, loss sum: 83.1709, final loss: 0.00097275, weight distance: 0.0038
2025-09-22 11:05:32,488 - INFO - Example 187 completed: 45 steps, loss sum: 83.1709, final loss: 0.00097275, weight distance: 0.0038 (universal rank: 43494)
2025-09-22 11:05:32,488 - INFO - 
=== Worker 5 Training Example 188/1586 (global idx 8122): /home/projects/bagon/shared/imagenet512/val/n04067472/ILSVRC2012_val_00003992.JPEG ===
2025-09-22 11:05:33,852 - INFO - Example /home/projects/bagon/shared/imagenet512/val/n04067472/ILSVRC2012_val_00003992.JPEG reached epsilon at step 36, loss sum: 49.5956, final loss: 0.00092697, weight distance: 0.0032
2025-09-22 11:05:34,419 - INFO - Example 188 completed: 36 steps, loss sum: 49.5956, final loss: 0.00092697, weight distance: 0.0032 (universal rank: 43495)
2025-09-22 11:05:34,419 - INFO - 
=== Worker 5 Training Example 189/1586 (global idx 8123): /home/projects/bagon/shared/imagenet512/val/n04265275/ILSVRC2012_val_00028294.JPEG ===
2025-09-22 11:05:36,133 - INFO - Example /home/projects/bagon/shared/imagenet512/val/n04265275/ILSVRC2012_val_00028294.JPEG reached epsilon at step 44, loss sum: 55.2971, final loss: 0.00078964, weight distance: 0.0039
2025-09-22 11:05:36,736 - INFO - Example 189 completed: 44 steps, loss sum: 55.2971, final loss: 0.00078964, weight distance: 0.0039 (universal rank: 43496)
2025-09-22 11:05:36,736 - INFO - 
=== Worker 5 Training Example 190/1586 (global idx 8124): /home/projects/bagon/shared/imagenet512/val/n04111531/ILSVRC2012_val_00045813.JPEG ===
2025-09-22 11:05:38,345 - INFO - Example /home/projects/bagon/shared/imagenet512/val/n04111531/ILSVRC2012_val_00045813.JPEG reached epsilon at step 43, loss sum: 47.2989, final loss: 0.00089264, weight distance: 0.0039
2025-09-22 11:05:38,905 - INFO - Example 190 completed: 43 steps, loss sum: 47.2989, final loss: 0.00089264, weight distance: 0.0039 (universal rank: 43497)
2025-09-22 11:05:38,905 - INFO - 
=== Worker 5 Training Example 191/1586 (global idx 8125): /home/projects/bagon/shared/imagenet512/val/n02113624/ILSVRC2012_val_00015576.JPEG ===
2025-09-22 11:05:41,221 - INFO - Example /home/projects/bagon/shared/imagenet512/val/n02113624/ILSVRC2012_val_00015576.JPEG reached epsilon at step 64, loss sum: 37.1075, final loss: 0.00090790, weight distance: 0.0053
2025-09-22 11:05:41,774 - INFO - Example 191 completed: 64 steps, loss sum: 37.1075, final loss: 0.00090790, weight distance: 0.0053 (universal rank: 43498)
2025-09-22 11:05:41,774 - INFO - 
=== Worker 5 Training Example 192/1586 (global idx 8126): /home/projects/bagon/shared/imagenet512/val/n02825657/ILSVRC2012_val_00018459.JPEG ===
2025-09-22 11:05:43,075 - INFO - Example /home/projects/bagon/shared/imagenet512/val/n02825657/ILSVRC2012_val_00018459.JPEG reached epsilon at step 35, loss sum: 18.1532, final loss: 0.00084305, weight distance: 0.0033
2025-09-22 11:05:43,636 - INFO - Example 192 completed: 35 steps, loss sum: 18.1532, final loss: 0.00084305, weight distance: 0.0033 (universal rank: 43499)
2025-09-22 11:05:43,637 - INFO - 
=== Worker 5 Training Example 193/1586 (global idx 8127): /home/projects/bagon/shared/imagenet512/val/n01692333/ILSVRC2012_val_00005307.JPEG ===
2025-09-22 11:05:44,845 - INFO - Example /home/projects/bagon/shared/imagenet512/val/n01692333/ILSVRC2012_val_00005307.JPEG reached epsilon at step 33, loss sum: 22.8803, final loss: 0.00080490, weight distance: 0.0028
2025-09-22 11:05:45,409 - INFO - Example 193 completed: 33 steps, loss sum: 22.8803, final loss: 0.00080490, weight distance: 0.0028 (universal rank: 43501)
2025-09-22 11:05:45,409 - INFO - 
=== Worker 5 Training Example 194/1586 (global idx 8128): /home/projects/bagon/shared/imagenet512/val/n02229544/ILSVRC2012_val_00047433.JPEG ===
2025-09-22 11:05:46,760 - INFO - Example /home/projects/bagon/shared/imagenet512/val/n02229544/ILSVRC2012_val_00047433.JPEG reached epsilon at step 37, loss sum: 5.2314, final loss: 0.00098419, weight distance: 0.0034
2025-09-22 11:05:47,320 - INFO - Example 194 completed: 37 steps, loss sum: 5.2314, final loss: 0.00098419, weight distance: 0.0034 (universal rank: 43502)
2025-09-22 11:05:47,320 - INFO - 
=== Worker 5 Training Example 195/1586 (global idx 8129): /home/projects/bagon/shared/imagenet512/val/n03220513/ILSVRC2012_val_00024196.JPEG ===
2025-09-22 11:05:48,914 - INFO - Example /home/projects/bagon/shared/imagenet512/val/n03220513/ILSVRC2012_val_00024196.JPEG reached epsilon at step 44, loss sum: 21.8349, final loss: 0.00097275, weight distance: 0.0038
2025-09-22 11:05:49,470 - INFO - Example 195 completed: 44 steps, loss sum: 21.8349, final loss: 0.00097275, weight distance: 0.0038 (universal rank: 43503)
2025-09-22 11:05:49,470 - INFO - 
=== Worker 5 Training Example 196/1586 (global idx 8130): /home/projects/bagon/shared/imagenet512/val/n03000247/ILSVRC2012_val_00049630.JPEG ===
2025-09-22 11:05:50,717 - INFO - Example /home/projects/bagon/shared/imagenet512/val/n03000247/ILSVRC2012_val_00049630.JPEG reached epsilon at step 34, loss sum: 2.8175, final loss: 0.00091171, weight distance: 0.0032
2025-09-22 11:05:51,275 - INFO - Example 196 completed: 34 steps, loss sum: 2.8175, final loss: 0.00091171, weight distance: 0.0032 (universal rank: 43504)
2025-09-22 11:05:51,275 - INFO - 
=== Worker 5 Training Example 197/1586 (global idx 8131): /home/projects/bagon/shared/imagenet512/val/n09468604/ILSVRC2012_val_00031258.JPEG ===
2025-09-22 11:05:52,496 - INFO - Example /home/projects/bagon/shared/imagenet512/val/n09468604/ILSVRC2012_val_00031258.JPEG reached epsilon at step 33, loss sum: 6.2291, final loss: 0.00094986, weight distance: 0.0030
2025-09-22 11:05:53,063 - INFO - Example 197 completed: 33 steps, loss sum: 6.2291, final loss: 0.00094986, weight distance: 0.0030 (universal rank: 43506)
2025-09-22 11:05:53,064 - INFO - 
=== Worker 5 Training Example 198/1586 (global idx 8132): /home/projects/bagon/shared/imagenet512/val/n04332243/ILSVRC2012_val_00042439.JPEG ===
2025-09-22 11:05:54,765 - INFO - Example /home/projects/bagon/shared/imagenet512/val/n04332243/ILSVRC2012_val_00042439.JPEG reached epsilon at step 45, loss sum: 72.4411, final loss: 0.00087357, weight distance: 0.0039
2025-09-22 11:05:55,327 - INFO - Example 198 completed: 45 steps, loss sum: 72.4411, final loss: 0.00087357, weight distance: 0.0039 (universal rank: 43507)
2025-09-22 11:05:55,327 - INFO - 
=== Worker 5 Training Example 199/1586 (global idx 8133): /home/projects/bagon/shared/imagenet512/val/n03483316/ILSVRC2012_val_00005938.JPEG ===
2025-09-22 11:05:57,094 - INFO - Example /home/projects/bagon/shared/imagenet512/val/n03483316/ILSVRC2012_val_00005938.JPEG reached epsilon at step 47, loss sum: 48.9007, final loss: 0.00083542, weight distance: 0.0040
2025-09-22 11:05:57,647 - INFO - Example 199 completed: 47 steps, loss sum: 48.9007, final loss: 0.00083542, weight distance: 0.0040 (universal rank: 43508)
2025-09-22 11:05:57,648 - INFO - 
=== Worker 5 Training Example 200/1586 (global idx 8134): /home/projects/bagon/shared/imagenet512/val/n03742115/ILSVRC2012_val_00027318.JPEG ===
2025-09-22 11:05:58,935 - INFO - Example /home/projects/bagon/shared/imagenet512/val/n03742115/ILSVRC2012_val_00027318.JPEG reached epsilon at step 34, loss sum: 19.2134, final loss: 0.00069427, weight distance: 0.0031
2025-09-22 11:05:59,506 - INFO - Example 200 completed: 34 steps, loss sum: 19.2134, final loss: 0.00069427, weight distance: 0.0031 (universal rank: 43509)
2025-09-22 11:05:59,506 - INFO - 
=== Worker 5 Training Example 201/1586 (global idx 8135): /home/projects/bagon/shared/imagenet512/val/n01601694/ILSVRC2012_val_00049775.JPEG ===
2025-09-22 11:06:00,806 - INFO - Example /home/projects/bagon/shared/imagenet512/val/n01601694/ILSVRC2012_val_00049775.JPEG reached epsilon at step 34, loss sum: 36.6525, final loss: 0.00094223, weight distance: 0.0030
2025-09-22 11:06:01,374 - INFO - Example 201 completed: 34 steps, loss sum: 36.6525, final loss: 0.00094223, weight distance: 0.0030 (universal rank: 43510)
2025-09-22 11:06:01,374 - INFO - 
=== Worker 5 Training Example 202/1586 (global idx 8136): /home/projects/bagon/shared/imagenet512/val/n03532672/ILSVRC2012_val_00042387.JPEG ===
2025-09-22 11:06:03,678 - INFO - Example /home/projects/bagon/shared/imagenet512/val/n03532672/ILSVRC2012_val_00042387.JPEG reached epsilon at step 62, loss sum: 63.2518, final loss: 0.00094604, weight distance: 0.0049
2025-09-22 11:06:04,254 - INFO - Example 202 completed: 62 steps, loss sum: 63.2518, final loss: 0.00094604, weight distance: 0.0049 (universal rank: 43511)
2025-09-22 11:06:04,254 - INFO - 
=== Worker 5 Training Example 203/1586 (global idx 8137): /home/projects/bagon/shared/imagenet512/val/n02110627/ILSVRC2012_val_00029382.JPEG ===
2025-09-22 11:06:05,549 - INFO - Example /home/projects/bagon/shared/imagenet512/val/n02110627/ILSVRC2012_val_00029382.JPEG reached epsilon at step 34, loss sum: 17.2082, final loss: 0.00088501, weight distance: 0.0031
2025-09-22 11:06:06,409 - INFO - Example 203 completed: 34 steps, loss sum: 17.2082, final loss: 0.00088501, weight distance: 0.0031 (universal rank: 43512)
2025-09-22 11:06:06,409 - INFO - 
=== Worker 5 Training Example 204/1586 (global idx 8138): /home/projects/bagon/shared/imagenet512/val/n01630670/ILSVRC2012_val_00015274.JPEG ===
2025-09-22 11:06:08,095 - INFO - Example /home/projects/bagon/shared/imagenet512/val/n01630670/ILSVRC2012_val_00015274.JPEG reached epsilon at step 41, loss sum: 7.6948, final loss: 0.00096130, weight distance: 0.0034
2025-09-22 11:06:08,646 - INFO - Example 204 completed: 41 steps, loss sum: 7.6948, final loss: 0.00096130, weight distance: 0.0034 (universal rank: 43513)
2025-09-22 11:06:08,647 - INFO - 
=== Worker 5 Training Example 205/1586 (global idx 8139): /home/projects/bagon/shared/imagenet512/val/n04023962/ILSVRC2012_val_00003025.JPEG ===
2025-09-22 11:06:09,542 - INFO - Example /home/projects/bagon/shared/imagenet512/val/n04023962/ILSVRC2012_val_00003025.JPEG reached epsilon at step 23, loss sum: 9.1653, final loss: 0.00082016, weight distance: 0.0022
2025-09-22 11:06:10,096 - INFO - Example 205 completed: 23 steps, loss sum: 9.1653, final loss: 0.00082016, weight distance: 0.0022 (universal rank: 43514)
2025-09-22 11:06:10,096 - INFO - 
=== Worker 5 Training Example 206/1586 (global idx 8140): /home/projects/bagon/shared/imagenet512/val/n03337140/ILSVRC2012_val_00031059.JPEG ===
2025-09-22 11:06:11,520 - INFO - Example /home/projects/bagon/shared/imagenet512/val/n03337140/ILSVRC2012_val_00031059.JPEG reached epsilon at step 38, loss sum: 31.1508, final loss: 0.00083923, weight distance: 0.0033
2025-09-22 11:06:12,133 - INFO - Example 206 completed: 38 steps, loss sum: 31.1508, final loss: 0.00083923, weight distance: 0.0033 (universal rank: 43516)
2025-09-22 11:06:12,133 - INFO - 
=== Worker 5 Training Example 207/1586 (global idx 8141): /home/projects/bagon/shared/imagenet512/val/n02112018/ILSVRC2012_val_00000057.JPEG ===
2025-09-22 11:06:13,271 - INFO - Example /home/projects/bagon/shared/imagenet512/val/n02112018/ILSVRC2012_val_00000057.JPEG reached epsilon at step 29, loss sum: 2.6521, final loss: 0.00097656, weight distance: 0.0026
2025-09-22 11:06:13,839 - INFO - Example 207 completed: 29 steps, loss sum: 2.6521, final loss: 0.00097656, weight distance: 0.0026 (universal rank: 43517)
2025-09-22 11:06:13,839 - INFO - 
=== Worker 5 Training Example 208/1586 (global idx 8142): /home/projects/bagon/shared/imagenet512/val/n02974003/ILSVRC2012_val_00002405.JPEG ===
2025-09-22 11:06:15,199 - INFO - Example /home/projects/bagon/shared/imagenet512/val/n02974003/ILSVRC2012_val_00002405.JPEG reached epsilon at step 36, loss sum: 14.7556, final loss: 0.00086594, weight distance: 0.0033
2025-09-22 11:06:15,756 - INFO - Example 208 completed: 36 steps, loss sum: 14.7556, final loss: 0.00086594, weight distance: 0.0033 (universal rank: 43518)
2025-09-22 11:06:15,756 - INFO - 
=== Worker 5 Training Example 209/1586 (global idx 8143): /home/projects/bagon/shared/imagenet512/val/n03062245/ILSVRC2012_val_00042799.JPEG ===
2025-09-22 11:06:17,982 - INFO - Example /home/projects/bagon/shared/imagenet512/val/n03062245/ILSVRC2012_val_00042799.JPEG reached epsilon at step 60, loss sum: 50.4150, final loss: 0.00085831, weight distance: 0.0051
2025-09-22 11:06:18,693 - INFO - Example 209 completed: 60 steps, loss sum: 50.4150, final loss: 0.00085831, weight distance: 0.0051 (universal rank: 43519)
2025-09-22 11:06:18,693 - INFO - 
=== Worker 5 Training Example 210/1586 (global idx 8144): /home/projects/bagon/shared/imagenet512/val/n03498962/ILSVRC2012_val_00009028.JPEG ===
2025-09-22 11:06:19,869 - INFO - Example /home/projects/bagon/shared/imagenet512/val/n03498962/ILSVRC2012_val_00009028.JPEG reached epsilon at step 31, loss sum: 17.3274, final loss: 0.00074387, weight distance: 0.0030
2025-09-22 11:06:20,424 - INFO - Example 210 completed: 31 steps, loss sum: 17.3274, final loss: 0.00074387, weight distance: 0.0030 (universal rank: 43520)
2025-09-22 11:06:20,424 - INFO - 
=== Worker 5 Training Example 211/1586 (global idx 8145): /home/projects/bagon/shared/imagenet512/val/n02109525/ILSVRC2012_val_00042860.JPEG ===
2025-09-22 11:06:21,488 - INFO - Example /home/projects/bagon/shared/imagenet512/val/n02109525/ILSVRC2012_val_00042860.JPEG reached epsilon at step 28, loss sum: 10.1766, final loss: 0.00098419, weight distance: 0.0025
2025-09-22 11:06:22,053 - INFO - Example 211 completed: 28 steps, loss sum: 10.1766, final loss: 0.00098419, weight distance: 0.0025 (universal rank: 43521)
2025-09-22 11:06:22,054 - INFO - 
=== Worker 5 Training Example 212/1586 (global idx 8146): /home/projects/bagon/shared/imagenet512/val/n02093991/ILSVRC2012_val_00024875.JPEG ===
2025-09-22 11:06:23,019 - INFO - Example /home/projects/bagon/shared/imagenet512/val/n02093991/ILSVRC2012_val_00024875.JPEG reached epsilon at step 25, loss sum: 9.2775, final loss: 0.00098419, weight distance: 0.0021
2025-09-22 11:06:23,582 - INFO - Example 212 completed: 25 steps, loss sum: 9.2775, final loss: 0.00098419, weight distance: 0.0021 (universal rank: 43522)
2025-09-22 11:06:23,582 - INFO - 
=== Worker 5 Training Example 213/1586 (global idx 8147): /home/projects/bagon/shared/imagenet512/val/n04371430/ILSVRC2012_val_00008808.JPEG ===
2025-09-22 11:06:24,883 - INFO - Example /home/projects/bagon/shared/imagenet512/val/n04371430/ILSVRC2012_val_00008808.JPEG reached epsilon at step 34, loss sum: 5.3094, final loss: 0.00085068, weight distance: 0.0029
2025-09-22 11:06:25,432 - INFO - Example 213 completed: 34 steps, loss sum: 5.3094, final loss: 0.00085068, weight distance: 0.0029 (universal rank: 43523)
2025-09-22 11:06:25,432 - INFO - 
=== Worker 5 Training Example 214/1586 (global idx 8148): /home/projects/bagon/shared/imagenet512/val/n04557648/ILSVRC2012_val_00027613.JPEG ===
2025-09-22 11:06:27,615 - INFO - Example /home/projects/bagon/shared/imagenet512/val/n04557648/ILSVRC2012_val_00027613.JPEG reached epsilon at step 59, loss sum: 92.4305, final loss: 0.00086975, weight distance: 0.0049
2025-09-22 11:06:28,168 - INFO - Example 214 completed: 59 steps, loss sum: 92.4305, final loss: 0.00086975, weight distance: 0.0049 (universal rank: 43524)
2025-09-22 11:06:28,168 - INFO - 
=== Worker 5 Training Example 215/1586 (global idx 8149): /home/projects/bagon/shared/imagenet512/val/n04154565/ILSVRC2012_val_00047420.JPEG ===
2025-09-22 11:06:30,926 - INFO - Example /home/projects/bagon/shared/imagenet512/val/n04154565/ILSVRC2012_val_00047420.JPEG reached epsilon at step 75, loss sum: 73.0745, final loss: 0.00092697, weight distance: 0.0058
2025-09-22 11:06:32,004 - INFO - Example 215 completed: 75 steps, loss sum: 73.0745, final loss: 0.00092697, weight distance: 0.0058 (universal rank: 43525)
2025-09-22 11:06:32,004 - INFO - 
=== Worker 5 Training Example 216/1586 (global idx 8150): /home/projects/bagon/shared/imagenet512/val/n04370456/ILSVRC2012_val_00037376.JPEG ===
2025-09-22 11:06:33,560 - INFO - Example /home/projects/bagon/shared/imagenet512/val/n04370456/ILSVRC2012_val_00037376.JPEG reached epsilon at step 43, loss sum: 42.7822, final loss: 0.00074005, weight distance: 0.0038
2025-09-22 11:06:34,122 - INFO - Example 216 completed: 43 steps, loss sum: 42.7822, final loss: 0.00074005, weight distance: 0.0038 (universal rank: 43526)
2025-09-22 11:06:34,122 - INFO - 
=== Worker 5 Training Example 217/1586 (global idx 8151): /home/projects/bagon/shared/imagenet512/val/n02027492/ILSVRC2012_val_00012889.JPEG ===
2025-09-22 11:06:35,775 - INFO - Example /home/projects/bagon/shared/imagenet512/val/n02027492/ILSVRC2012_val_00012889.JPEG reached epsilon at step 45, loss sum: 44.8865, final loss: 0.00074387, weight distance: 0.0035
2025-09-22 11:06:36,836 - INFO - Example 217 completed: 45 steps, loss sum: 44.8865, final loss: 0.00074387, weight distance: 0.0035 (universal rank: 43527)
2025-09-22 11:06:36,836 - INFO - 
=== Worker 5 Training Example 218/1586 (global idx 8152): /home/projects/bagon/shared/imagenet512/val/n03633091/ILSVRC2012_val_00044816.JPEG ===
2025-09-22 11:06:38,471 - INFO - Example /home/projects/bagon/shared/imagenet512/val/n03633091/ILSVRC2012_val_00044816.JPEG reached epsilon at step 45, loss sum: 20.5853, final loss: 0.00084305, weight distance: 0.0039
2025-09-22 11:06:39,074 - INFO - Example 218 completed: 45 steps, loss sum: 20.5853, final loss: 0.00084305, weight distance: 0.0039 (universal rank: 43528)
2025-09-22 11:06:39,074 - INFO - 
=== Worker 5 Training Example 219/1586 (global idx 8153): /home/projects/bagon/shared/imagenet512/val/n07584110/ILSVRC2012_val_00049325.JPEG ===
2025-09-22 11:06:40,329 - INFO - Example /home/projects/bagon/shared/imagenet512/val/n07584110/ILSVRC2012_val_00049325.JPEG reached epsilon at step 34, loss sum: 19.5174, final loss: 0.00089264, weight distance: 0.0031
2025-09-22 11:06:40,890 - INFO - Example 219 completed: 34 steps, loss sum: 19.5174, final loss: 0.00089264, weight distance: 0.0031 (universal rank: 43529)
2025-09-22 11:06:40,890 - INFO - 
=== Worker 5 Training Example 220/1586 (global idx 8154): /home/projects/bagon/shared/imagenet512/val/n03903868/ILSVRC2012_val_00030317.JPEG ===
2025-09-22 11:06:42,642 - INFO - Example /home/projects/bagon/shared/imagenet512/val/n03903868/ILSVRC2012_val_00030317.JPEG reached epsilon at step 49, loss sum: 27.1504, final loss: 0.00091171, weight distance: 0.0042
2025-09-22 11:06:43,204 - INFO - Example 220 completed: 49 steps, loss sum: 27.1504, final loss: 0.00091171, weight distance: 0.0042 (universal rank: 43530)
2025-09-22 11:06:43,204 - INFO - 
=== Worker 5 Training Example 221/1586 (global idx 8155): /home/projects/bagon/shared/imagenet512/val/n03032252/ILSVRC2012_val_00040393.JPEG ===
2025-09-22 11:06:44,776 - INFO - Example /home/projects/bagon/shared/imagenet512/val/n03032252/ILSVRC2012_val_00040393.JPEG reached epsilon at step 44, loss sum: 35.0326, final loss: 0.00095367, weight distance: 0.0038
2025-09-22 11:06:45,339 - INFO - Example 221 completed: 44 steps, loss sum: 35.0326, final loss: 0.00095367, weight distance: 0.0038 (universal rank: 43531)
2025-09-22 11:06:45,339 - INFO - 
=== Worker 5 Training Example 222/1586 (global idx 8156): /home/projects/bagon/shared/imagenet512/val/n02123159/ILSVRC2012_val_00022822.JPEG ===
2025-09-22 11:06:46,554 - INFO - Example /home/projects/bagon/shared/imagenet512/val/n02123159/ILSVRC2012_val_00022822.JPEG reached epsilon at step 33, loss sum: 3.2374, final loss: 0.00084305, weight distance: 0.0031
2025-09-22 11:06:47,110 - INFO - Example 222 completed: 33 steps, loss sum: 3.2374, final loss: 0.00084305, weight distance: 0.0031 (universal rank: 43534)
2025-09-22 11:06:47,111 - INFO - 
=== Worker 5 Training Example 223/1586 (global idx 8157): /home/projects/bagon/shared/imagenet512/val/n03773504/ILSVRC2012_val_00026876.JPEG ===
2025-09-22 11:06:48,829 - INFO - Example /home/projects/bagon/shared/imagenet512/val/n03773504/ILSVRC2012_val_00026876.JPEG reached epsilon at step 47, loss sum: 12.7879, final loss: 0.00094604, weight distance: 0.0040
2025-09-22 11:06:49,473 - INFO - Example 223 completed: 47 steps, loss sum: 12.7879, final loss: 0.00094604, weight distance: 0.0040 (universal rank: 43535)
2025-09-22 11:06:49,473 - INFO - 
=== Worker 5 Training Example 224/1586 (global idx 8158): /home/projects/bagon/shared/imagenet512/val/n03666591/ILSVRC2012_val_00024416.JPEG ===
2025-09-22 11:06:51,120 - INFO - Example /home/projects/bagon/shared/imagenet512/val/n03666591/ILSVRC2012_val_00024416.JPEG reached epsilon at step 46, loss sum: 102.2092, final loss: 0.00087738, weight distance: 0.0040
2025-09-22 11:06:51,680 - INFO - Example 224 completed: 46 steps, loss sum: 102.2092, final loss: 0.00087738, weight distance: 0.0040 (universal rank: 43536)
2025-09-22 11:06:51,680 - INFO - 
=== Worker 5 Training Example 225/1586 (global idx 8159): /home/projects/bagon/shared/imagenet512/val/n03759954/ILSVRC2012_val_00025450.JPEG ===
2025-09-22 11:06:54,193 - INFO - Example /home/projects/bagon/shared/imagenet512/val/n03759954/ILSVRC2012_val_00025450.JPEG reached epsilon at step 70, loss sum: 91.9417, final loss: 0.00086212, weight distance: 0.0054
2025-09-22 11:06:54,743 - INFO - Example 225 completed: 70 steps, loss sum: 91.9417, final loss: 0.00086212, weight distance: 0.0054 (universal rank: 43537)
2025-09-22 11:06:54,743 - INFO - 
=== Worker 5 Training Example 226/1586 (global idx 8160): /home/projects/bagon/shared/imagenet512/val/n03933933/ILSVRC2012_val_00000121.JPEG ===
2025-09-22 11:06:56,683 - INFO - Example /home/projects/bagon/shared/imagenet512/val/n03933933/ILSVRC2012_val_00000121.JPEG reached epsilon at step 54, loss sum: 53.4123, final loss: 0.00090790, weight distance: 0.0045
2025-09-22 11:06:57,245 - INFO - Example 226 completed: 54 steps, loss sum: 53.4123, final loss: 0.00090790, weight distance: 0.0045 (universal rank: 43539)
2025-09-22 11:06:57,245 - INFO - 
=== Worker 5 Training Example 227/1586 (global idx 8161): /home/projects/bagon/shared/imagenet512/val/n02268443/ILSVRC2012_val_00008001.JPEG ===
2025-09-22 11:06:58,528 - INFO - Example /home/projects/bagon/shared/imagenet512/val/n02268443/ILSVRC2012_val_00008001.JPEG reached epsilon at step 35, loss sum: 10.3952, final loss: 0.00086975, weight distance: 0.0031
2025-09-22 11:06:59,091 - INFO - Example 227 completed: 35 steps, loss sum: 10.3952, final loss: 0.00086975, weight distance: 0.0031 (universal rank: 43540)
2025-09-22 11:06:59,091 - INFO - 
=== Worker 5 Training Example 228/1586 (global idx 8162): /home/projects/bagon/shared/imagenet512/val/n02776631/ILSVRC2012_val_00026847.JPEG ===
2025-09-22 11:07:00,528 - INFO - Example /home/projects/bagon/shared/imagenet512/val/n02776631/ILSVRC2012_val_00026847.JPEG reached epsilon at step 38, loss sum: 31.0863, final loss: 0.00061417, weight distance: 0.0033
2025-09-22 11:07:01,095 - INFO - Example 228 completed: 38 steps, loss sum: 31.0863, final loss: 0.00061417, weight distance: 0.0033 (universal rank: 43541)
2025-09-22 11:07:01,095 - INFO - 
=== Worker 5 Training Example 229/1586 (global idx 8163): /home/projects/bagon/shared/imagenet512/val/n15075141/ILSVRC2012_val_00019699.JPEG ===
2025-09-22 11:07:02,897 - INFO - Example /home/projects/bagon/shared/imagenet512/val/n15075141/ILSVRC2012_val_00019699.JPEG reached epsilon at step 48, loss sum: 52.6900, final loss: 0.00098419, weight distance: 0.0041
2025-09-22 11:07:03,448 - INFO - Example 229 completed: 48 steps, loss sum: 52.6900, final loss: 0.00098419, weight distance: 0.0041 (universal rank: 43542)
2025-09-22 11:07:03,449 - INFO - 
=== Worker 5 Training Example 230/1586 (global idx 8164): /home/projects/bagon/shared/imagenet512/val/n07836838/ILSVRC2012_val_00044759.JPEG ===
2025-09-22 11:07:04,778 - INFO - Example /home/projects/bagon/shared/imagenet512/val/n07836838/ILSVRC2012_val_00044759.JPEG reached epsilon at step 35, loss sum: 18.9568, final loss: 0.00094604, weight distance: 0.0031
2025-09-22 11:07:05,337 - INFO - Example 230 completed: 35 steps, loss sum: 18.9568, final loss: 0.00094604, weight distance: 0.0031 (universal rank: 43543)
2025-09-22 11:07:05,337 - INFO - 
=== Worker 5 Training Example 231/1586 (global idx 8165): /home/projects/bagon/shared/imagenet512/val/n07590611/ILSVRC2012_val_00046256.JPEG ===
2025-09-22 11:07:06,600 - INFO - Example /home/projects/bagon/shared/imagenet512/val/n07590611/ILSVRC2012_val_00046256.JPEG reached epsilon at step 33, loss sum: 18.3878, final loss: 0.00085449, weight distance: 0.0029
2025-09-22 11:07:07,212 - INFO - Example 231 completed: 33 steps, loss sum: 18.3878, final loss: 0.00085449, weight distance: 0.0029 (universal rank: 43544)
2025-09-22 11:07:07,212 - INFO - 
=== Worker 5 Training Example 232/1586 (global idx 8166): /home/projects/bagon/shared/imagenet512/val/n03697007/ILSVRC2012_val_00017946.JPEG ===
2025-09-22 11:07:08,502 - INFO - Example /home/projects/bagon/shared/imagenet512/val/n03697007/ILSVRC2012_val_00017946.JPEG reached epsilon at step 34, loss sum: 42.8090, final loss: 0.00093079, weight distance: 0.0031
2025-09-22 11:07:09,067 - INFO - Example 232 completed: 34 steps, loss sum: 42.8090, final loss: 0.00093079, weight distance: 0.0031 (universal rank: 43545)
2025-09-22 11:07:09,067 - INFO - 
=== Worker 5 Training Example 233/1586 (global idx 8167): /home/projects/bagon/shared/imagenet512/val/n07836838/ILSVRC2012_val_00046664.JPEG ===
2025-09-22 11:07:10,428 - INFO - Example /home/projects/bagon/shared/imagenet512/val/n07836838/ILSVRC2012_val_00046664.JPEG reached epsilon at step 36, loss sum: 38.9050, final loss: 0.00099945, weight distance: 0.0034
2025-09-22 11:07:10,983 - INFO - Example 233 completed: 36 steps, loss sum: 38.9050, final loss: 0.00099945, weight distance: 0.0034 (universal rank: 43546)
2025-09-22 11:07:10,984 - INFO - 
=== Worker 5 Training Example 234/1586 (global idx 8168): /home/projects/bagon/shared/imagenet512/val/n02892767/ILSVRC2012_val_00028949.JPEG ===
2025-09-22 11:07:12,600 - INFO - Example /home/projects/bagon/shared/imagenet512/val/n02892767/ILSVRC2012_val_00028949.JPEG reached epsilon at step 31, loss sum: 14.1266, final loss: 0.00090027, weight distance: 0.0028
2025-09-22 11:07:13,613 - INFO - Example 234 completed: 31 steps, loss sum: 14.1266, final loss: 0.00090027, weight distance: 0.0028 (universal rank: 43547)
2025-09-22 11:07:13,613 - INFO - 
=== Worker 5 Training Example 235/1586 (global idx 8169): /home/projects/bagon/shared/imagenet512/val/n04493381/ILSVRC2012_val_00032523.JPEG ===
2025-09-22 11:07:15,461 - INFO - Example /home/projects/bagon/shared/imagenet512/val/n04493381/ILSVRC2012_val_00032523.JPEG reached epsilon at step 51, loss sum: 9.1788, final loss: 0.00098419, weight distance: 0.0041
2025-09-22 11:07:16,064 - INFO - Example 235 completed: 51 steps, loss sum: 9.1788, final loss: 0.00098419, weight distance: 0.0041 (universal rank: 43548)
2025-09-22 11:07:16,064 - INFO - 
=== Worker 5 Training Example 236/1586 (global idx 8170): /home/projects/bagon/shared/imagenet512/val/n04525038/ILSVRC2012_val_00039502.JPEG ===
2025-09-22 11:07:17,337 - INFO - Example /home/projects/bagon/shared/imagenet512/val/n04525038/ILSVRC2012_val_00039502.JPEG reached epsilon at step 35, loss sum: 28.2498, final loss: 0.00088882, weight distance: 0.0032
2025-09-22 11:07:17,913 - INFO - Example 236 completed: 35 steps, loss sum: 28.2498, final loss: 0.00088882, weight distance: 0.0032 (universal rank: 43550)
2025-09-22 11:07:17,913 - INFO - 
=== Worker 5 Training Example 237/1586 (global idx 8171): /home/projects/bagon/shared/imagenet512/val/n04599235/ILSVRC2012_val_00012145.JPEG ===
2025-09-22 11:07:19,644 - INFO - Example /home/projects/bagon/shared/imagenet512/val/n04599235/ILSVRC2012_val_00012145.JPEG reached epsilon at step 48, loss sum: 21.3231, final loss: 0.00098419, weight distance: 0.0042
2025-09-22 11:07:20,211 - INFO - Example 237 completed: 48 steps, loss sum: 21.3231, final loss: 0.00098419, weight distance: 0.0042 (universal rank: 43551)
2025-09-22 11:07:20,211 - INFO - 
=== Worker 5 Training Example 238/1586 (global idx 8172): /home/projects/bagon/shared/imagenet512/val/n04507155/ILSVRC2012_val_00006260.JPEG ===
2025-09-22 11:07:21,372 - INFO - Example /home/projects/bagon/shared/imagenet512/val/n04507155/ILSVRC2012_val_00006260.JPEG reached epsilon at step 32, loss sum: 18.5353, final loss: 0.00093079, weight distance: 0.0029
2025-09-22 11:07:21,938 - INFO - Example 238 completed: 32 steps, loss sum: 18.5353, final loss: 0.00093079, weight distance: 0.0029 (universal rank: 43552)
2025-09-22 11:07:21,939 - INFO - 
=== Worker 5 Training Example 239/1586 (global idx 8173): /home/projects/bagon/shared/imagenet512/val/n02769748/ILSVRC2012_val_00017761.JPEG ===
2025-09-22 11:07:23,518 - INFO - Example /home/projects/bagon/shared/imagenet512/val/n02769748/ILSVRC2012_val_00017761.JPEG reached epsilon at step 44, loss sum: 91.6617, final loss: 0.00091553, weight distance: 0.0040
2025-09-22 11:07:24,155 - INFO - Example 239 completed: 44 steps, loss sum: 91.6617, final loss: 0.00091553, weight distance: 0.0040 (universal rank: 43553)
2025-09-22 11:07:24,155 - INFO - 
=== Worker 5 Training Example 240/1586 (global idx 8174): /home/projects/bagon/shared/imagenet512/val/n04370456/ILSVRC2012_val_00011887.JPEG ===
2025-09-22 11:07:26,614 - INFO - Example /home/projects/bagon/shared/imagenet512/val/n04370456/ILSVRC2012_val_00011887.JPEG reached epsilon at step 67, loss sum: 25.9222, final loss: 0.00094986, weight distance: 0.0044
2025-09-22 11:07:28,125 - INFO - Example 240 completed: 67 steps, loss sum: 25.9222, final loss: 0.00094986, weight distance: 0.0044 (universal rank: 43554)
2025-09-22 11:07:28,125 - INFO - 
=== Worker 5 Training Example 241/1586 (global idx 8175): /home/projects/bagon/shared/imagenet512/val/n03476684/ILSVRC2012_val_00046439.JPEG ===
2025-09-22 11:07:29,627 - INFO - Example /home/projects/bagon/shared/imagenet512/val/n03476684/ILSVRC2012_val_00046439.JPEG reached epsilon at step 41, loss sum: 61.8359, final loss: 0.00090790, weight distance: 0.0037
2025-09-22 11:07:30,630 - INFO - Example 241 completed: 41 steps, loss sum: 61.8359, final loss: 0.00090790, weight distance: 0.0037 (universal rank: 43558)
2025-09-22 11:07:30,630 - INFO - 
=== Worker 5 Training Example 242/1586 (global idx 8176): /home/projects/bagon/shared/imagenet512/val/n03761084/ILSVRC2012_val_00015115.JPEG ===
2025-09-22 11:07:32,316 - INFO - Example /home/projects/bagon/shared/imagenet512/val/n03761084/ILSVRC2012_val_00015115.JPEG reached epsilon at step 47, loss sum: 15.5766, final loss: 0.00099182, weight distance: 0.0040
2025-09-22 11:07:32,862 - INFO - Example 242 completed: 47 steps, loss sum: 15.5766, final loss: 0.00099182, weight distance: 0.0040 (universal rank: 43559)
2025-09-22 11:07:32,862 - INFO - 
=== Worker 5 Training Example 243/1586 (global idx 8177): /home/projects/bagon/shared/imagenet512/val/n03692522/ILSVRC2012_val_00000999.JPEG ===
2025-09-22 11:07:34,225 - INFO - Example /home/projects/bagon/shared/imagenet512/val/n03692522/ILSVRC2012_val_00000999.JPEG reached epsilon at step 38, loss sum: 48.1635, final loss: 0.00099182, weight distance: 0.0034
2025-09-22 11:07:34,794 - INFO - Example 243 completed: 38 steps, loss sum: 48.1635, final loss: 0.00099182, weight distance: 0.0034 (universal rank: 43560)
2025-09-22 11:07:34,795 - INFO - 
=== Worker 5 Training Example 244/1586 (global idx 8178): /home/projects/bagon/shared/imagenet512/val/n02097130/ILSVRC2012_val_00014157.JPEG ===
2025-09-22 11:07:36,713 - INFO - Example /home/projects/bagon/shared/imagenet512/val/n02097130/ILSVRC2012_val_00014157.JPEG reached epsilon at step 53, loss sum: 40.5611, final loss: 0.00081253, weight distance: 0.0047
2025-09-22 11:07:37,277 - INFO - Example 244 completed: 53 steps, loss sum: 40.5611, final loss: 0.00081253, weight distance: 0.0047 (universal rank: 43561)
2025-09-22 11:07:37,277 - INFO - 
=== Worker 5 Training Example 245/1586 (global idx 8179): /home/projects/bagon/shared/imagenet512/val/n02098413/ILSVRC2012_val_00044357.JPEG ===
2025-09-22 11:07:39,597 - INFO - Example /home/projects/bagon/shared/imagenet512/val/n02098413/ILSVRC2012_val_00044357.JPEG reached epsilon at step 65, loss sum: 51.4932, final loss: 0.00097275, weight distance: 0.0054
2025-09-22 11:07:40,328 - INFO - Example 245 completed: 65 steps, loss sum: 51.4932, final loss: 0.00097275, weight distance: 0.0054 (universal rank: 43562)
2025-09-22 11:07:40,329 - INFO - 
=== Worker 5 Training Example 246/1586 (global idx 8180): /home/projects/bagon/shared/imagenet512/val/n03690938/ILSVRC2012_val_00048638.JPEG ===
2025-09-22 11:07:42,405 - INFO - Example /home/projects/bagon/shared/imagenet512/val/n03690938/ILSVRC2012_val_00048638.JPEG reached epsilon at step 49, loss sum: 11.0275, final loss: 0.00074005, weight distance: 0.0041
2025-09-22 11:07:43,003 - INFO - Example 246 completed: 49 steps, loss sum: 11.0275, final loss: 0.00074005, weight distance: 0.0041 (universal rank: 43564)
2025-09-22 11:07:43,003 - INFO - 
=== Worker 5 Training Example 247/1586 (global idx 8181): /home/projects/bagon/shared/imagenet512/val/n02814533/ILSVRC2012_val_00015200.JPEG ===
2025-09-22 11:07:44,611 - INFO - Example /home/projects/bagon/shared/imagenet512/val/n02814533/ILSVRC2012_val_00015200.JPEG reached epsilon at step 43, loss sum: 11.4966, final loss: 0.00099945, weight distance: 0.0039
2025-09-22 11:07:45,209 - INFO - Example 247 completed: 43 steps, loss sum: 11.4966, final loss: 0.00099945, weight distance: 0.0039 (universal rank: 43565)
2025-09-22 11:07:45,209 - INFO - 
=== Worker 5 Training Example 248/1586 (global idx 8182): /home/projects/bagon/shared/imagenet512/val/n01682714/ILSVRC2012_val_00021069.JPEG ===
2025-09-22 11:07:47,353 - INFO - Example /home/projects/bagon/shared/imagenet512/val/n01682714/ILSVRC2012_val_00021069.JPEG reached epsilon at step 57, loss sum: 11.3273, final loss: 0.00088120, weight distance: 0.0047
2025-09-22 11:07:47,970 - INFO - Example 248 completed: 57 steps, loss sum: 11.3273, final loss: 0.00088120, weight distance: 0.0047 (universal rank: 43566)
2025-09-22 11:07:47,971 - INFO - 
=== Worker 5 Training Example 249/1586 (global idx 8183): /home/projects/bagon/shared/imagenet512/val/n12144580/ILSVRC2012_val_00019250.JPEG ===
2025-09-22 11:07:50,001 - INFO - Example /home/projects/bagon/shared/imagenet512/val/n12144580/ILSVRC2012_val_00019250.JPEG reached epsilon at step 54, loss sum: 6.5237, final loss: 0.00088120, weight distance: 0.0045
2025-09-22 11:07:50,622 - INFO - Example 249 completed: 54 steps, loss sum: 6.5237, final loss: 0.00088120, weight distance: 0.0045 (universal rank: 43567)
2025-09-22 11:07:50,622 - INFO - 
=== Worker 5 Training Example 250/1586 (global idx 8184): /home/projects/bagon/shared/imagenet512/val/n03584829/ILSVRC2012_val_00037977.JPEG ===
2025-09-22 11:07:52,057 - INFO - Example /home/projects/bagon/shared/imagenet512/val/n03584829/ILSVRC2012_val_00037977.JPEG reached epsilon at step 38, loss sum: 48.9629, final loss: 0.00090790, weight distance: 0.0033
2025-09-22 11:07:52,646 - INFO - Example 250 completed: 38 steps, loss sum: 48.9629, final loss: 0.00090790, weight distance: 0.0033 (universal rank: 43568)
2025-09-22 11:07:52,646 - INFO - 
=== Worker 5 Training Example 251/1586 (global idx 8185): /home/projects/bagon/shared/imagenet512/val/n02105412/ILSVRC2012_val_00006002.JPEG ===
2025-09-22 11:07:54,319 - INFO - Example /home/projects/bagon/shared/imagenet512/val/n02105412/ILSVRC2012_val_00006002.JPEG reached epsilon at step 44, loss sum: 27.2409, final loss: 0.00093079, weight distance: 0.0037
2025-09-22 11:07:54,891 - INFO - Example 251 completed: 44 steps, loss sum: 27.2409, final loss: 0.00093079, weight distance: 0.0037 (universal rank: 43570)
2025-09-22 11:07:54,891 - INFO - 
=== Worker 5 Training Example 252/1586 (global idx 8186): /home/projects/bagon/shared/imagenet512/val/n02487347/ILSVRC2012_val_00010340.JPEG ===
2025-09-22 11:07:57,159 - INFO - Example /home/projects/bagon/shared/imagenet512/val/n02487347/ILSVRC2012_val_00010340.JPEG reached epsilon at step 61, loss sum: 97.3299, final loss: 0.00095367, weight distance: 0.0049
2025-09-22 11:07:57,741 - INFO - Example 252 completed: 61 steps, loss sum: 97.3299, final loss: 0.00095367, weight distance: 0.0049 (universal rank: 43571)
2025-09-22 11:07:57,741 - INFO - 
=== Worker 5 Training Example 253/1586 (global idx 8187): /home/projects/bagon/shared/imagenet512/val/n02799071/ILSVRC2012_val_00038120.JPEG ===
2025-09-22 11:07:59,216 - INFO - Example /home/projects/bagon/shared/imagenet512/val/n02799071/ILSVRC2012_val_00038120.JPEG reached epsilon at step 39, loss sum: 27.7938, final loss: 0.00099182, weight distance: 0.0034
2025-09-22 11:07:59,808 - INFO - Example 253 completed: 39 steps, loss sum: 27.7938, final loss: 0.00099182, weight distance: 0.0034 (universal rank: 43572)
2025-09-22 11:07:59,808 - INFO - 
=== Worker 5 Training Example 254/1586 (global idx 8188): /home/projects/bagon/shared/imagenet512/val/n01756291/ILSVRC2012_val_00025782.JPEG ===
2025-09-22 11:08:02,280 - INFO - Example /home/projects/bagon/shared/imagenet512/val/n01756291/ILSVRC2012_val_00025782.JPEG reached epsilon at step 69, loss sum: 14.3184, final loss: 0.00091934, weight distance: 0.0051
2025-09-22 11:08:02,879 - INFO - Example 254 completed: 69 steps, loss sum: 14.3184, final loss: 0.00091934, weight distance: 0.0051 (universal rank: 43573)
2025-09-22 11:08:02,879 - INFO - 
=== Worker 5 Training Example 255/1586 (global idx 8189): /home/projects/bagon/shared/imagenet512/val/n01797886/ILSVRC2012_val_00026375.JPEG ===
2025-09-22 11:08:04,589 - INFO - Example /home/projects/bagon/shared/imagenet512/val/n01797886/ILSVRC2012_val_00026375.JPEG reached epsilon at step 47, loss sum: 27.1807, final loss: 0.00093079, weight distance: 0.0042
2025-09-22 11:08:05,174 - INFO - Example 255 completed: 47 steps, loss sum: 27.1807, final loss: 0.00093079, weight distance: 0.0042 (universal rank: 43574)
2025-09-22 11:08:05,174 - INFO - 
=== Worker 5 Training Example 256/1586 (global idx 8190): /home/projects/bagon/shared/imagenet512/val/n03661043/ILSVRC2012_val_00044809.JPEG ===
2025-09-22 11:08:06,683 - INFO - Example /home/projects/bagon/shared/imagenet512/val/n03661043/ILSVRC2012_val_00044809.JPEG reached epsilon at step 41, loss sum: 60.4626, final loss: 0.00096893, weight distance: 0.0035
2025-09-22 11:08:07,282 - INFO - Example 256 completed: 41 steps, loss sum: 60.4626, final loss: 0.00096893, weight distance: 0.0035 (universal rank: 43576)
2025-09-22 11:08:07,282 - INFO - 
=== Worker 5 Training Example 257/1586 (global idx 8191): /home/projects/bagon/shared/imagenet512/val/n03976657/ILSVRC2012_val_00048353.JPEG ===
2025-09-22 11:08:08,504 - INFO - Example /home/projects/bagon/shared/imagenet512/val/n03976657/ILSVRC2012_val_00048353.JPEG reached epsilon at step 33, loss sum: 7.6442, final loss: 0.00085068, weight distance: 0.0029
2025-09-22 11:08:09,111 - INFO - Example 257 completed: 33 steps, loss sum: 7.6442, final loss: 0.00085068, weight distance: 0.0029 (universal rank: 43577)
2025-09-22 11:08:09,111 - INFO - 
=== Worker 5 Training Example 258/1586 (global idx 8192): /home/projects/bagon/shared/imagenet512/val/n02939185/ILSVRC2012_val_00049223.JPEG ===
2025-09-22 11:08:10,627 - INFO - Example /home/projects/bagon/shared/imagenet512/val/n02939185/ILSVRC2012_val_00049223.JPEG reached epsilon at step 40, loss sum: 33.5004, final loss: 0.00092697, weight distance: 0.0034
2025-09-22 11:08:11,252 - INFO - Example 258 completed: 40 steps, loss sum: 33.5004, final loss: 0.00092697, weight distance: 0.0034 (universal rank: 43578)
2025-09-22 11:08:11,252 - INFO - 
=== Worker 5 Training Example 259/1586 (global idx 8193): /home/projects/bagon/shared/imagenet512/val/n03782006/ILSVRC2012_val_00044208.JPEG ===
2025-09-22 11:08:14,733 - INFO - Example /home/projects/bagon/shared/imagenet512/val/n03782006/ILSVRC2012_val_00044208.JPEG reached epsilon at step 95, loss sum: 55.6735, final loss: 0.00093460, weight distance: 0.0066
2025-09-22 11:08:15,303 - INFO - Example 259 completed: 95 steps, loss sum: 55.6735, final loss: 0.00093460, weight distance: 0.0066 (universal rank: 43579)
2025-09-22 11:08:15,303 - INFO - 
=== Worker 5 Training Example 260/1586 (global idx 8194): /home/projects/bagon/shared/imagenet512/val/n02747177/ILSVRC2012_val_00038276.JPEG ===
2025-09-22 11:08:16,978 - INFO - Example /home/projects/bagon/shared/imagenet512/val/n02747177/ILSVRC2012_val_00038276.JPEG reached epsilon at step 45, loss sum: 25.5569, final loss: 0.00098419, weight distance: 0.0039
2025-09-22 11:08:17,553 - INFO - Example 260 completed: 45 steps, loss sum: 25.5569, final loss: 0.00098419, weight distance: 0.0039 (universal rank: 43581)
2025-09-22 11:08:17,554 - INFO - 
=== Worker 5 Training Example 261/1586 (global idx 8195): /home/projects/bagon/shared/imagenet512/val/n01748264/ILSVRC2012_val_00021130.JPEG ===
2025-09-22 11:08:19,959 - INFO - Example /home/projects/bagon/shared/imagenet512/val/n01748264/ILSVRC2012_val_00021130.JPEG reached epsilon at step 65, loss sum: 105.1670, final loss: 0.00080872, weight distance: 0.0053
2025-09-22 11:08:20,529 - INFO - Example 261 completed: 65 steps, loss sum: 105.1670, final loss: 0.00080872, weight distance: 0.0053 (universal rank: 43582)
2025-09-22 11:08:20,530 - INFO - 
=== Worker 5 Training Example 262/1586 (global idx 8196): /home/projects/bagon/shared/imagenet512/val/n03891251/ILSVRC2012_val_00022043.JPEG ===
2025-09-22 11:08:21,382 - INFO - Example /home/projects/bagon/shared/imagenet512/val/n03891251/ILSVRC2012_val_00022043.JPEG reached epsilon at step 22, loss sum: 5.8518, final loss: 0.00082397, weight distance: 0.0021
2025-09-22 11:08:21,934 - INFO - Example 262 completed: 22 steps, loss sum: 5.8518, final loss: 0.00082397, weight distance: 0.0021 (universal rank: 43583)
2025-09-22 11:08:21,934 - INFO - 
=== Worker 5 Training Example 263/1586 (global idx 8197): /home/projects/bagon/shared/imagenet512/val/n07579787/ILSVRC2012_val_00031247.JPEG ===
2025-09-22 11:08:23,723 - INFO - Example /home/projects/bagon/shared/imagenet512/val/n07579787/ILSVRC2012_val_00031247.JPEG reached epsilon at step 48, loss sum: 19.5759, final loss: 0.00069809, weight distance: 0.0039
2025-09-22 11:08:24,448 - INFO - Example 263 completed: 48 steps, loss sum: 19.5759, final loss: 0.00069809, weight distance: 0.0039 (universal rank: 43584)
2025-09-22 11:08:24,448 - INFO - 
=== Worker 5 Training Example 264/1586 (global idx 8198): /home/projects/bagon/shared/imagenet512/val/n03729826/ILSVRC2012_val_00015901.JPEG ===
2025-09-22 11:08:25,986 - INFO - Example /home/projects/bagon/shared/imagenet512/val/n03729826/ILSVRC2012_val_00015901.JPEG reached epsilon at step 41, loss sum: 13.4746, final loss: 0.00074387, weight distance: 0.0037
2025-09-22 11:08:26,549 - INFO - Example 264 completed: 41 steps, loss sum: 13.4746, final loss: 0.00074387, weight distance: 0.0037 (universal rank: 43585)
2025-09-22 11:08:26,549 - INFO - 
=== Worker 5 Training Example 265/1586 (global idx 8199): /home/projects/bagon/shared/imagenet512/val/n04152593/ILSVRC2012_val_00019442.JPEG ===
2025-09-22 11:08:28,702 - INFO - Example /home/projects/bagon/shared/imagenet512/val/n04152593/ILSVRC2012_val_00019442.JPEG reached epsilon at step 58, loss sum: 39.3702, final loss: 0.00086975, weight distance: 0.0046
2025-09-22 11:08:29,269 - INFO - Example 265 completed: 58 steps, loss sum: 39.3702, final loss: 0.00086975, weight distance: 0.0046 (universal rank: 43586)
2025-09-22 11:08:29,269 - INFO - 
=== Worker 5 Training Example 266/1586 (global idx 8200): /home/projects/bagon/shared/imagenet512/val/n02097047/ILSVRC2012_val_00024178.JPEG ===
2025-09-22 11:08:30,338 - INFO - Example /home/projects/bagon/shared/imagenet512/val/n02097047/ILSVRC2012_val_00024178.JPEG reached epsilon at step 28, loss sum: 4.6432, final loss: 0.00095367, weight distance: 0.0026
2025-09-22 11:08:30,907 - INFO - Example 266 completed: 28 steps, loss sum: 4.6432, final loss: 0.00095367, weight distance: 0.0026 (universal rank: 43587)
2025-09-22 11:08:30,907 - INFO - 
=== Worker 5 Training Example 267/1586 (global idx 8201): /home/projects/bagon/shared/imagenet512/val/n03658185/ILSVRC2012_val_00024927.JPEG ===
2025-09-22 11:08:32,407 - INFO - Example /home/projects/bagon/shared/imagenet512/val/n03658185/ILSVRC2012_val_00024927.JPEG reached epsilon at step 41, loss sum: 24.4352, final loss: 0.00058365, weight distance: 0.0037
2025-09-22 11:08:32,968 - INFO - Example 267 completed: 41 steps, loss sum: 24.4352, final loss: 0.00058365, weight distance: 0.0037 (universal rank: 43588)
2025-09-22 11:08:32,968 - INFO - 
=== Worker 5 Training Example 268/1586 (global idx 8202): /home/projects/bagon/shared/imagenet512/val/n04591713/ILSVRC2012_val_00012594.JPEG ===
2025-09-22 11:08:34,249 - INFO - Example /home/projects/bagon/shared/imagenet512/val/n04591713/ILSVRC2012_val_00012594.JPEG reached epsilon at step 34, loss sum: 10.4722, final loss: 0.00088882, weight distance: 0.0030
2025-09-22 11:08:34,824 - INFO - Example 268 completed: 34 steps, loss sum: 10.4722, final loss: 0.00088882, weight distance: 0.0030 (universal rank: 43589)
2025-09-22 11:08:34,824 - INFO - 
=== Worker 5 Training Example 269/1586 (global idx 8203): /home/projects/bagon/shared/imagenet512/val/n02909870/ILSVRC2012_val_00031208.JPEG ===
2025-09-22 11:08:36,464 - INFO - Example /home/projects/bagon/shared/imagenet512/val/n02909870/ILSVRC2012_val_00031208.JPEG reached epsilon at step 44, loss sum: 44.9012, final loss: 0.00086975, weight distance: 0.0038
2025-09-22 11:08:37,033 - INFO - Example 269 completed: 44 steps, loss sum: 44.9012, final loss: 0.00086975, weight distance: 0.0038 (universal rank: 43590)
2025-09-22 11:08:37,033 - INFO - 
=== Worker 5 Training Example 270/1586 (global idx 8204): /home/projects/bagon/shared/imagenet512/val/n03956157/ILSVRC2012_val_00033054.JPEG ===
2025-09-22 11:08:38,617 - INFO - Example /home/projects/bagon/shared/imagenet512/val/n03956157/ILSVRC2012_val_00033054.JPEG reached epsilon at step 44, loss sum: 22.3917, final loss: 0.00088882, weight distance: 0.0037
2025-09-22 11:08:39,169 - INFO - Example 270 completed: 44 steps, loss sum: 22.3917, final loss: 0.00088882, weight distance: 0.0037 (universal rank: 43591)
2025-09-22 11:08:39,169 - INFO - 
=== Worker 5 Training Example 271/1586 (global idx 8205): /home/projects/bagon/shared/imagenet512/val/n03840681/ILSVRC2012_val_00013326.JPEG ===
2025-09-22 11:08:41,638 - INFO - Example /home/projects/bagon/shared/imagenet512/val/n03840681/ILSVRC2012_val_00013326.JPEG reached epsilon at step 67, loss sum: 96.4868, final loss: 0.00064850, weight distance: 0.0054
2025-09-22 11:08:42,383 - INFO - Example 271 completed: 67 steps, loss sum: 96.4868, final loss: 0.00064850, weight distance: 0.0054 (universal rank: 43593)
2025-09-22 11:08:42,383 - INFO - 
=== Worker 5 Training Example 272/1586 (global idx 8206): /home/projects/bagon/shared/imagenet512/val/n04039381/ILSVRC2012_val_00011503.JPEG ===
2025-09-22 11:08:43,568 - INFO - Example /home/projects/bagon/shared/imagenet512/val/n04039381/ILSVRC2012_val_00011503.JPEG reached epsilon at step 31, loss sum: 31.7186, final loss: 0.00075912, weight distance: 0.0028
2025-09-22 11:08:44,122 - INFO - Example 272 completed: 31 steps, loss sum: 31.7186, final loss: 0.00075912, weight distance: 0.0028 (universal rank: 43594)
2025-09-22 11:08:44,123 - INFO - 
=== Worker 5 Training Example 273/1586 (global idx 8207): /home/projects/bagon/shared/imagenet512/val/n07875152/ILSVRC2012_val_00033124.JPEG ===
2025-09-22 11:08:45,746 - INFO - Example /home/projects/bagon/shared/imagenet512/val/n07875152/ILSVRC2012_val_00033124.JPEG reached epsilon at step 43, loss sum: 36.3375, final loss: 0.00099945, weight distance: 0.0038
2025-09-22 11:08:46,330 - INFO - Example 273 completed: 43 steps, loss sum: 36.3375, final loss: 0.00099945, weight distance: 0.0038 (universal rank: 43595)
2025-09-22 11:08:46,330 - INFO - 
=== Worker 5 Training Example 274/1586 (global idx 8208): /home/projects/bagon/shared/imagenet512/val/n03372029/ILSVRC2012_val_00023506.JPEG ===
2025-09-22 11:08:47,950 - INFO - Example /home/projects/bagon/shared/imagenet512/val/n03372029/ILSVRC2012_val_00023506.JPEG reached epsilon at step 43, loss sum: 88.1654, final loss: 0.00092697, weight distance: 0.0038
2025-09-22 11:08:48,598 - INFO - Example 274 completed: 43 steps, loss sum: 88.1654, final loss: 0.00092697, weight distance: 0.0038 (universal rank: 43596)
2025-09-22 11:08:48,598 - INFO - 
=== Worker 5 Training Example 275/1586 (global idx 8209): /home/projects/bagon/shared/imagenet512/val/n04435653/ILSVRC2012_val_00000914.JPEG ===
2025-09-22 11:08:49,807 - INFO - Example /home/projects/bagon/shared/imagenet512/val/n04435653/ILSVRC2012_val_00000914.JPEG reached epsilon at step 32, loss sum: 25.8548, final loss: 0.00076294, weight distance: 0.0029
2025-09-22 11:08:50,367 - INFO - Example 275 completed: 32 steps, loss sum: 25.8548, final loss: 0.00076294, weight distance: 0.0029 (universal rank: 43597)
2025-09-22 11:08:50,367 - INFO - 
=== Worker 5 Training Example 276/1586 (global idx 8210): /home/projects/bagon/shared/imagenet512/val/n04392985/ILSVRC2012_val_00040920.JPEG ===
2025-09-22 11:08:52,878 - INFO - Example /home/projects/bagon/shared/imagenet512/val/n04392985/ILSVRC2012_val_00040920.JPEG reached epsilon at step 68, loss sum: 27.7265, final loss: 0.00087738, weight distance: 0.0052
2025-09-22 11:08:53,459 - INFO - Example 276 completed: 68 steps, loss sum: 27.7265, final loss: 0.00087738, weight distance: 0.0052 (universal rank: 43598)
2025-09-22 11:08:53,460 - INFO - 
=== Worker 5 Training Example 277/1586 (global idx 8211): /home/projects/bagon/shared/imagenet512/val/n03759954/ILSVRC2012_val_00013495.JPEG ===
2025-09-22 11:08:55,148 - INFO - Example /home/projects/bagon/shared/imagenet512/val/n03759954/ILSVRC2012_val_00013495.JPEG reached epsilon at step 45, loss sum: 11.8894, final loss: 0.00084686, weight distance: 0.0037
2025-09-22 11:08:55,704 - INFO - Example 277 completed: 45 steps, loss sum: 11.8894, final loss: 0.00084686, weight distance: 0.0037 (universal rank: 43599)
2025-09-22 11:08:55,704 - INFO - 
=== Worker 5 Training Example 278/1586 (global idx 8212): /home/projects/bagon/shared/imagenet512/val/n02974003/ILSVRC2012_val_00012517.JPEG ===
2025-09-22 11:08:57,127 - INFO - Example /home/projects/bagon/shared/imagenet512/val/n02974003/ILSVRC2012_val_00012517.JPEG reached epsilon at step 38, loss sum: 14.2035, final loss: 0.00095367, weight distance: 0.0035
2025-09-22 11:08:57,679 - INFO - Example 278 completed: 38 steps, loss sum: 14.2035, final loss: 0.00095367, weight distance: 0.0035 (universal rank: 43600)
2025-09-22 11:08:57,680 - INFO - 
=== Worker 5 Training Example 279/1586 (global idx 8213): /home/projects/bagon/shared/imagenet512/val/n02106030/ILSVRC2012_val_00036097.JPEG ===
2025-09-22 11:08:58,783 - INFO - Example /home/projects/bagon/shared/imagenet512/val/n02106030/ILSVRC2012_val_00036097.JPEG reached epsilon at step 29, loss sum: 3.6012, final loss: 0.00098419, weight distance: 0.0026
2025-09-22 11:08:59,357 - INFO - Example 279 completed: 29 steps, loss sum: 3.6012, final loss: 0.00098419, weight distance: 0.0026 (universal rank: 43602)
2025-09-22 11:08:59,357 - INFO - 
=== Worker 5 Training Example 280/1586 (global idx 8214): /home/projects/bagon/shared/imagenet512/val/n02978881/ILSVRC2012_val_00027299.JPEG ===
2025-09-22 11:09:01,425 - INFO - Example /home/projects/bagon/shared/imagenet512/val/n02978881/ILSVRC2012_val_00027299.JPEG reached epsilon at step 56, loss sum: 90.1446, final loss: 0.00078964, weight distance: 0.0048
2025-09-22 11:09:02,003 - INFO - Example 280 completed: 56 steps, loss sum: 90.1446, final loss: 0.00078964, weight distance: 0.0048 (universal rank: 43606)
2025-09-22 11:09:02,004 - INFO - 
=== Worker 5 Training Example 281/1586 (global idx 8215): /home/projects/bagon/shared/imagenet512/val/n04235860/ILSVRC2012_val_00006729.JPEG ===
2025-09-22 11:09:03,362 - INFO - Example /home/projects/bagon/shared/imagenet512/val/n04235860/ILSVRC2012_val_00006729.JPEG reached epsilon at step 36, loss sum: 12.9894, final loss: 0.00081635, weight distance: 0.0033
2025-09-22 11:09:03,949 - INFO - Example 281 completed: 36 steps, loss sum: 12.9894, final loss: 0.00081635, weight distance: 0.0033 (universal rank: 43607)
2025-09-22 11:09:03,949 - INFO - 
=== Worker 5 Training Example 282/1586 (global idx 8216): /home/projects/bagon/shared/imagenet512/val/n03970156/ILSVRC2012_val_00022579.JPEG ===
2025-09-22 11:09:05,697 - INFO - Example /home/projects/bagon/shared/imagenet512/val/n03970156/ILSVRC2012_val_00022579.JPEG reached epsilon at step 47, loss sum: 40.4169, final loss: 0.00085449, weight distance: 0.0039
2025-09-22 11:09:06,346 - INFO - Example 282 completed: 47 steps, loss sum: 40.4169, final loss: 0.00085449, weight distance: 0.0039 (universal rank: 43608)
2025-09-22 11:09:06,346 - INFO - 
=== Worker 5 Training Example 283/1586 (global idx 8217): /home/projects/bagon/shared/imagenet512/val/n02823428/ILSVRC2012_val_00044787.JPEG ===
2025-09-22 11:09:07,570 - INFO - Example /home/projects/bagon/shared/imagenet512/val/n02823428/ILSVRC2012_val_00044787.JPEG reached epsilon at step 32, loss sum: 18.6884, final loss: 0.00099182, weight distance: 0.0029
2025-09-22 11:09:08,155 - INFO - Example 283 completed: 32 steps, loss sum: 18.6884, final loss: 0.00099182, weight distance: 0.0029 (universal rank: 43609)
2025-09-22 11:09:08,155 - INFO - 
=== Worker 5 Training Example 284/1586 (global idx 8218): /home/projects/bagon/shared/imagenet512/val/n15075141/ILSVRC2012_val_00003835.JPEG ===
2025-09-22 11:09:09,631 - INFO - Example /home/projects/bagon/shared/imagenet512/val/n15075141/ILSVRC2012_val_00003835.JPEG reached epsilon at step 39, loss sum: 17.5082, final loss: 0.00081635, weight distance: 0.0035
2025-09-22 11:09:10,212 - INFO - Example 284 completed: 39 steps, loss sum: 17.5082, final loss: 0.00081635, weight distance: 0.0035 (universal rank: 43610)
2025-09-22 11:09:10,212 - INFO - 
=== Worker 5 Training Example 285/1586 (global idx 8219): /home/projects/bagon/shared/imagenet512/val/n02883205/ILSVRC2012_val_00033208.JPEG ===
2025-09-22 11:09:11,474 - INFO - Example /home/projects/bagon/shared/imagenet512/val/n02883205/ILSVRC2012_val_00033208.JPEG reached epsilon at step 33, loss sum: 17.7630, final loss: 0.00091171, weight distance: 0.0030
2025-09-22 11:09:12,049 - INFO - Example 285 completed: 33 steps, loss sum: 17.7630, final loss: 0.00091171, weight distance: 0.0030 (universal rank: 43611)
2025-09-22 11:09:12,049 - INFO - 
=== Worker 5 Training Example 286/1586 (global idx 8220): /home/projects/bagon/shared/imagenet512/val/n02011460/ILSVRC2012_val_00014731.JPEG ===
2025-09-22 11:09:14,822 - INFO - Example /home/projects/bagon/shared/imagenet512/val/n02011460/ILSVRC2012_val_00014731.JPEG reached epsilon at step 74, loss sum: 146.9773, final loss: 0.00074387, weight distance: 0.0055
2025-09-22 11:09:15,413 - INFO - Example 286 completed: 74 steps, loss sum: 146.9773, final loss: 0.00074387, weight distance: 0.0055 (universal rank: 43612)
2025-09-22 11:09:15,413 - INFO - 
=== Worker 5 Training Example 287/1586 (global idx 8221): /home/projects/bagon/shared/imagenet512/val/n10148035/ILSVRC2012_val_00006641.JPEG ===
2025-09-22 11:09:17,078 - INFO - Example /home/projects/bagon/shared/imagenet512/val/n10148035/ILSVRC2012_val_00006641.JPEG reached epsilon at step 44, loss sum: 16.9665, final loss: 0.00097275, weight distance: 0.0039
2025-09-22 11:09:17,667 - INFO - Example 287 completed: 44 steps, loss sum: 16.9665, final loss: 0.00097275, weight distance: 0.0039 (universal rank: 43613)
2025-09-22 11:09:17,668 - INFO - 
=== Worker 5 Training Example 288/1586 (global idx 8222): /home/projects/bagon/shared/imagenet512/val/n02089078/ILSVRC2012_val_00031699.JPEG ===
2025-09-22 11:09:20,129 - INFO - Example /home/projects/bagon/shared/imagenet512/val/n02089078/ILSVRC2012_val_00031699.JPEG reached epsilon at step 66, loss sum: 69.6861, final loss: 0.00087738, weight distance: 0.0049
2025-09-22 11:09:20,697 - INFO - Example 288 completed: 66 steps, loss sum: 69.6861, final loss: 0.00087738, weight distance: 0.0049 (universal rank: 43614)
2025-09-22 11:09:20,698 - INFO - 
=== Worker 5 Training Example 289/1586 (global idx 8223): /home/projects/bagon/shared/imagenet512/val/n02097047/ILSVRC2012_val_00046002.JPEG ===
2025-09-22 11:09:22,814 - INFO - Example /home/projects/bagon/shared/imagenet512/val/n02097047/ILSVRC2012_val_00046002.JPEG reached epsilon at step 57, loss sum: 40.1069, final loss: 0.00098419, weight distance: 0.0045
2025-09-22 11:09:23,394 - INFO - Example 289 completed: 57 steps, loss sum: 40.1069, final loss: 0.00098419, weight distance: 0.0045 (universal rank: 43616)
2025-09-22 11:09:23,394 - INFO - 
=== Worker 5 Training Example 290/1586 (global idx 8224): /home/projects/bagon/shared/imagenet512/val/n02113624/ILSVRC2012_val_00034297.JPEG ===
2025-09-22 11:09:25,961 - INFO - Example /home/projects/bagon/shared/imagenet512/val/n02113624/ILSVRC2012_val_00034297.JPEG reached epsilon at step 69, loss sum: 65.4020, final loss: 0.00068665, weight distance: 0.0053
2025-09-22 11:09:26,517 - INFO - Example 290 completed: 69 steps, loss sum: 65.4020, final loss: 0.00068665, weight distance: 0.0053 (universal rank: 43617)
2025-09-22 11:09:26,518 - INFO - 
=== Worker 5 Training Example 291/1586 (global idx 8225): /home/projects/bagon/shared/imagenet512/val/n02791124/ILSVRC2012_val_00041772.JPEG ===
2025-09-22 11:09:28,141 - INFO - Example /home/projects/bagon/shared/imagenet512/val/n02791124/ILSVRC2012_val_00041772.JPEG reached epsilon at step 43, loss sum: 10.6495, final loss: 0.00084305, weight distance: 0.0037
2025-09-22 11:09:28,691 - INFO - Example 291 completed: 43 steps, loss sum: 10.6495, final loss: 0.00084305, weight distance: 0.0037 (universal rank: 43618)
2025-09-22 11:09:28,691 - INFO - 
=== Worker 5 Training Example 292/1586 (global idx 8226): /home/projects/bagon/shared/imagenet512/val/n02895154/ILSVRC2012_val_00027658.JPEG ===
2025-09-22 11:09:31,184 - INFO - Example /home/projects/bagon/shared/imagenet512/val/n02895154/ILSVRC2012_val_00027658.JPEG reached epsilon at step 67, loss sum: 34.9685, final loss: 0.00087738, weight distance: 0.0051
2025-09-22 11:09:31,743 - INFO - Example 292 completed: 67 steps, loss sum: 34.9685, final loss: 0.00087738, weight distance: 0.0051 (universal rank: 43619)
2025-09-22 11:09:31,743 - INFO - 
=== Worker 5 Training Example 293/1586 (global idx 8227): /home/projects/bagon/shared/imagenet512/val/n03146219/ILSVRC2012_val_00003217.JPEG ===
2025-09-22 11:09:33,431 - INFO - Example /home/projects/bagon/shared/imagenet512/val/n03146219/ILSVRC2012_val_00003217.JPEG reached epsilon at step 45, loss sum: 18.0323, final loss: 0.00098419, weight distance: 0.0036
2025-09-22 11:09:33,994 - INFO - Example 293 completed: 45 steps, loss sum: 18.0323, final loss: 0.00098419, weight distance: 0.0036 (universal rank: 43620)
2025-09-22 11:09:33,994 - INFO - 
=== Worker 5 Training Example 294/1586 (global idx 8228): /home/projects/bagon/shared/imagenet512/val/n02939185/ILSVRC2012_val_00035816.JPEG ===
2025-09-22 11:09:35,061 - INFO - Example /home/projects/bagon/shared/imagenet512/val/n02939185/ILSVRC2012_val_00035816.JPEG reached epsilon at step 28, loss sum: 14.5508, final loss: 0.00099182, weight distance: 0.0026
2025-09-22 11:09:35,630 - INFO - Example 294 completed: 28 steps, loss sum: 14.5508, final loss: 0.00099182, weight distance: 0.0026 (universal rank: 43621)
2025-09-22 11:09:35,630 - INFO - 
=== Worker 5 Training Example 295/1586 (global idx 8229): /home/projects/bagon/shared/imagenet512/val/n02916936/ILSVRC2012_val_00027663.JPEG ===
2025-09-22 11:09:37,201 - INFO - Example /home/projects/bagon/shared/imagenet512/val/n02916936/ILSVRC2012_val_00027663.JPEG reached epsilon at step 42, loss sum: 32.3938, final loss: 0.00092697, weight distance: 0.0038
2025-09-22 11:09:37,784 - INFO - Example 295 completed: 42 steps, loss sum: 32.3938, final loss: 0.00092697, weight distance: 0.0038 (universal rank: 43622)
2025-09-22 11:09:37,784 - INFO - 
=== Worker 5 Training Example 296/1586 (global idx 8230): /home/projects/bagon/shared/imagenet512/val/n02219486/ILSVRC2012_val_00015860.JPEG ===
2025-09-22 11:09:38,823 - INFO - Example /home/projects/bagon/shared/imagenet512/val/n02219486/ILSVRC2012_val_00015860.JPEG reached epsilon at step 27, loss sum: 18.8241, final loss: 0.00092316, weight distance: 0.0025
2025-09-22 11:09:39,427 - INFO - Example 296 completed: 27 steps, loss sum: 18.8241, final loss: 0.00092316, weight distance: 0.0025 (universal rank: 43623)
2025-09-22 11:09:39,427 - INFO - 
=== Worker 5 Training Example 297/1586 (global idx 8231): /home/projects/bagon/shared/imagenet512/val/n04596742/ILSVRC2012_val_00021615.JPEG ===
2025-09-22 11:09:40,532 - INFO - Example /home/projects/bagon/shared/imagenet512/val/n04596742/ILSVRC2012_val_00021615.JPEG reached epsilon at step 29, loss sum: 3.9676, final loss: 0.00094604, weight distance: 0.0027
2025-09-22 11:09:41,132 - INFO - Example 297 completed: 29 steps, loss sum: 3.9676, final loss: 0.00094604, weight distance: 0.0027 (universal rank: 43624)
2025-09-22 11:09:41,133 - INFO - 
=== Worker 5 Training Example 298/1586 (global idx 8232): /home/projects/bagon/shared/imagenet512/val/n02086646/ILSVRC2012_val_00001848.JPEG ===
2025-09-22 11:09:42,877 - INFO - Example /home/projects/bagon/shared/imagenet512/val/n02086646/ILSVRC2012_val_00001848.JPEG reached epsilon at step 35, loss sum: 5.4925, final loss: 0.00085831, weight distance: 0.0030
2025-09-22 11:09:43,532 - INFO - Example 298 completed: 35 steps, loss sum: 5.4925, final loss: 0.00085831, weight distance: 0.0030 (universal rank: 43625)
2025-09-22 11:09:43,533 - INFO - 
=== Worker 5 Training Example 299/1586 (global idx 8233): /home/projects/bagon/shared/imagenet512/val/n02815834/ILSVRC2012_val_00042819.JPEG ===
2025-09-22 11:09:44,725 - INFO - Example /home/projects/bagon/shared/imagenet512/val/n02815834/ILSVRC2012_val_00042819.JPEG reached epsilon at step 33, loss sum: 10.7943, final loss: 0.00080109, weight distance: 0.0029
2025-09-22 11:09:45,276 - INFO - Example 299 completed: 33 steps, loss sum: 10.7943, final loss: 0.00080109, weight distance: 0.0029 (universal rank: 43626)
2025-09-22 11:09:45,276 - INFO - 
=== Worker 5 Training Example 300/1586 (global idx 8234): /home/projects/bagon/shared/imagenet512/val/n07584110/ILSVRC2012_val_00049527.JPEG ===
2025-09-22 11:09:46,376 - INFO - Example /home/projects/bagon/shared/imagenet512/val/n07584110/ILSVRC2012_val_00049527.JPEG reached epsilon at step 30, loss sum: 9.4905, final loss: 0.00085831, weight distance: 0.0027
2025-09-22 11:09:46,943 - INFO - Example 300 completed: 30 steps, loss sum: 9.4905, final loss: 0.00085831, weight distance: 0.0027 (universal rank: 43628)
2025-09-22 11:09:46,943 - INFO - 
=== Worker 5 Training Example 301/1586 (global idx 8235): /home/projects/bagon/shared/imagenet512/val/n02094258/ILSVRC2012_val_00030694.JPEG ===
2025-09-22 11:09:48,550 - INFO - Example /home/projects/bagon/shared/imagenet512/val/n02094258/ILSVRC2012_val_00030694.JPEG reached epsilon at step 44, loss sum: 28.6935, final loss: 0.00077438, weight distance: 0.0039
2025-09-22 11:09:49,124 - INFO - Example 301 completed: 44 steps, loss sum: 28.6935, final loss: 0.00077438, weight distance: 0.0039 (universal rank: 43629)
2025-09-22 11:09:49,124 - INFO - 
=== Worker 5 Training Example 302/1586 (global idx 8236): /home/projects/bagon/shared/imagenet512/val/n02097130/ILSVRC2012_val_00032381.JPEG ===
2025-09-22 11:09:50,377 - INFO - Example /home/projects/bagon/shared/imagenet512/val/n02097130/ILSVRC2012_val_00032381.JPEG reached epsilon at step 34, loss sum: 10.1604, final loss: 0.00099182, weight distance: 0.0030
2025-09-22 11:09:51,316 - INFO - Example 302 completed: 34 steps, loss sum: 10.1604, final loss: 0.00099182, weight distance: 0.0030 (universal rank: 43630)
2025-09-22 11:09:51,316 - INFO - 
=== Worker 5 Training Example 303/1586 (global idx 8237): /home/projects/bagon/shared/imagenet512/val/n03782006/ILSVRC2012_val_00034501.JPEG ===
2025-09-22 11:09:53,496 - INFO - Example /home/projects/bagon/shared/imagenet512/val/n03782006/ILSVRC2012_val_00034501.JPEG reached epsilon at step 58, loss sum: 13.3799, final loss: 0.00086975, weight distance: 0.0046
2025-09-22 11:09:54,283 - INFO - Example 303 completed: 58 steps, loss sum: 13.3799, final loss: 0.00086975, weight distance: 0.0046 (universal rank: 43631)
2025-09-22 11:09:54,283 - INFO - 
=== Worker 5 Training Example 304/1586 (global idx 8238): /home/projects/bagon/shared/imagenet512/val/n13054560/ILSVRC2012_val_00021491.JPEG ===
2025-09-22 11:09:55,096 - INFO - Example /home/projects/bagon/shared/imagenet512/val/n13054560/ILSVRC2012_val_00021491.JPEG reached epsilon at step 21, loss sum: 8.9853, final loss: 0.00092316, weight distance: 0.0019
2025-09-22 11:09:55,678 - INFO - Example 304 completed: 21 steps, loss sum: 8.9853, final loss: 0.00092316, weight distance: 0.0019 (universal rank: 43632)
2025-09-22 11:09:55,678 - INFO - 
=== Worker 5 Training Example 305/1586 (global idx 8239): /home/projects/bagon/shared/imagenet512/val/n03781244/ILSVRC2012_val_00010326.JPEG ===
2025-09-22 11:09:57,209 - INFO - Example /home/projects/bagon/shared/imagenet512/val/n03781244/ILSVRC2012_val_00010326.JPEG reached epsilon at step 41, loss sum: 18.3844, final loss: 0.00085449, weight distance: 0.0037
2025-09-22 11:09:57,791 - INFO - Example 305 completed: 41 steps, loss sum: 18.3844, final loss: 0.00085449, weight distance: 0.0037 (universal rank: 43633)
2025-09-22 11:09:57,791 - INFO - 
=== Worker 5 Training Example 306/1586 (global idx 8240): /home/projects/bagon/shared/imagenet512/val/n03125729/ILSVRC2012_val_00035092.JPEG ===
2025-09-22 11:09:59,222 - INFO - Example /home/projects/bagon/shared/imagenet512/val/n03125729/ILSVRC2012_val_00035092.JPEG reached epsilon at step 38, loss sum: 7.6538, final loss: 0.00093079, weight distance: 0.0030
2025-09-22 11:09:59,807 - INFO - Example 306 completed: 38 steps, loss sum: 7.6538, final loss: 0.00093079, weight distance: 0.0030 (universal rank: 43634)
2025-09-22 11:09:59,807 - INFO - 
=== Worker 5 Training Example 307/1586 (global idx 8241): /home/projects/bagon/shared/imagenet512/val/n03063689/ILSVRC2012_val_00045069.JPEG ===
2025-09-22 11:10:01,492 - INFO - Example /home/projects/bagon/shared/imagenet512/val/n03063689/ILSVRC2012_val_00045069.JPEG reached epsilon at step 45, loss sum: 3.9713, final loss: 0.00099182, weight distance: 0.0035
2025-09-22 11:10:02,070 - INFO - Example 307 completed: 45 steps, loss sum: 3.9713, final loss: 0.00099182, weight distance: 0.0035 (universal rank: 43635)
2025-09-22 11:10:02,070 - INFO - 
=== Worker 5 Training Example 308/1586 (global idx 8242): /home/projects/bagon/shared/imagenet512/val/n01770393/ILSVRC2012_val_00027026.JPEG ===
2025-09-22 11:10:03,833 - INFO - Example /home/projects/bagon/shared/imagenet512/val/n01770393/ILSVRC2012_val_00027026.JPEG reached epsilon at step 47, loss sum: 89.9434, final loss: 0.00085449, weight distance: 0.0042
2025-09-22 11:10:04,389 - INFO - Example 308 completed: 47 steps, loss sum: 89.9434, final loss: 0.00085449, weight distance: 0.0042 (universal rank: 43637)
2025-09-22 11:10:04,389 - INFO - 
=== Worker 5 Training Example 309/1586 (global idx 8243): /home/projects/bagon/shared/imagenet512/val/n02797295/ILSVRC2012_val_00037991.JPEG ===
2025-09-22 11:10:05,617 - INFO - Example /home/projects/bagon/shared/imagenet512/val/n02797295/ILSVRC2012_val_00037991.JPEG reached epsilon at step 32, loss sum: 34.2159, final loss: 0.00085068, weight distance: 0.0030
2025-09-22 11:10:06,385 - INFO - Example 309 completed: 32 steps, loss sum: 34.2159, final loss: 0.00085068, weight distance: 0.0030 (universal rank: 43638)
2025-09-22 11:10:06,385 - INFO - 
=== Worker 5 Training Example 310/1586 (global idx 8244): /home/projects/bagon/shared/imagenet512/val/n04350905/ILSVRC2012_val_00009555.JPEG ===
2025-09-22 11:10:08,644 - INFO - Example /home/projects/bagon/shared/imagenet512/val/n04350905/ILSVRC2012_val_00009555.JPEG reached epsilon at step 61, loss sum: 73.7207, final loss: 0.00079346, weight distance: 0.0051
2025-09-22 11:10:09,232 - INFO - Example 310 completed: 61 steps, loss sum: 73.7207, final loss: 0.00079346, weight distance: 0.0051 (universal rank: 43639)
2025-09-22 11:10:09,232 - INFO - 
=== Worker 5 Training Example 311/1586 (global idx 8245): /home/projects/bagon/shared/imagenet512/val/n02776631/ILSVRC2012_val_00012943.JPEG ===
2025-09-22 11:10:10,419 - INFO - Example /home/projects/bagon/shared/imagenet512/val/n02776631/ILSVRC2012_val_00012943.JPEG reached epsilon at step 31, loss sum: 23.8885, final loss: 0.00090408, weight distance: 0.0028
2025-09-22 11:10:10,987 - INFO - Example 311 completed: 31 steps, loss sum: 23.8885, final loss: 0.00090408, weight distance: 0.0028 (universal rank: 43640)
2025-09-22 11:10:10,987 - INFO - 
=== Worker 5 Training Example 312/1586 (global idx 8246): /home/projects/bagon/shared/imagenet512/val/n02114855/ILSVRC2012_val_00029066.JPEG ===
2025-09-22 11:10:12,964 - INFO - Example /home/projects/bagon/shared/imagenet512/val/n02114855/ILSVRC2012_val_00029066.JPEG reached epsilon at step 53, loss sum: 91.9309, final loss: 0.00083542, weight distance: 0.0046
2025-09-22 11:10:13,532 - INFO - Example 312 completed: 53 steps, loss sum: 91.9309, final loss: 0.00083542, weight distance: 0.0046 (universal rank: 43641)
2025-09-22 11:10:13,532 - INFO - 
=== Worker 5 Training Example 313/1586 (global idx 8247): /home/projects/bagon/shared/imagenet512/val/n02256656/ILSVRC2012_val_00042251.JPEG ===
2025-09-22 11:10:14,919 - INFO - Example /home/projects/bagon/shared/imagenet512/val/n02256656/ILSVRC2012_val_00042251.JPEG reached epsilon at step 37, loss sum: 18.6560, final loss: 0.00075531, weight distance: 0.0032
2025-09-22 11:10:15,523 - INFO - Example 313 completed: 37 steps, loss sum: 18.6560, final loss: 0.00075531, weight distance: 0.0032 (universal rank: 43642)
2025-09-22 11:10:15,523 - INFO - 
=== Worker 5 Training Example 314/1586 (global idx 8248): /home/projects/bagon/shared/imagenet512/val/n02100877/ILSVRC2012_val_00034851.JPEG ===
2025-09-22 11:10:16,799 - INFO - Example /home/projects/bagon/shared/imagenet512/val/n02100877/ILSVRC2012_val_00034851.JPEG reached epsilon at step 34, loss sum: 18.3986, final loss: 0.00085068, weight distance: 0.0031
2025-09-22 11:10:17,377 - INFO - Example 314 completed: 34 steps, loss sum: 18.3986, final loss: 0.00085068, weight distance: 0.0031 (universal rank: 43643)
2025-09-22 11:10:17,377 - INFO - 
=== Worker 5 Training Example 315/1586 (global idx 8249): /home/projects/bagon/shared/imagenet512/val/n04371774/ILSVRC2012_val_00014241.JPEG ===
2025-09-22 11:10:18,742 - INFO - Example /home/projects/bagon/shared/imagenet512/val/n04371774/ILSVRC2012_val_00014241.JPEG reached epsilon at step 36, loss sum: 54.1489, final loss: 0.00091171, weight distance: 0.0032
2025-09-22 11:10:19,289 - INFO - Example 315 completed: 36 steps, loss sum: 54.1489, final loss: 0.00091171, weight distance: 0.0032 (universal rank: 43644)
2025-09-22 11:10:19,290 - INFO - 
=== Worker 5 Training Example 316/1586 (global idx 8250): /home/projects/bagon/shared/imagenet512/val/n04456115/ILSVRC2012_val_00004239.JPEG ===
2025-09-22 11:10:20,182 - INFO - Example /home/projects/bagon/shared/imagenet512/val/n04456115/ILSVRC2012_val_00004239.JPEG reached epsilon at step 23, loss sum: 4.2955, final loss: 0.00095749, weight distance: 0.0022
2025-09-22 11:10:20,749 - INFO - Example 316 completed: 23 steps, loss sum: 4.2955, final loss: 0.00095749, weight distance: 0.0022 (universal rank: 43645)
2025-09-22 11:10:20,750 - INFO - 
=== Worker 5 Training Example 317/1586 (global idx 8251): /home/projects/bagon/shared/imagenet512/val/n02641379/ILSVRC2012_val_00018830.JPEG ===
2025-09-22 11:10:22,391 - INFO - Example /home/projects/bagon/shared/imagenet512/val/n02641379/ILSVRC2012_val_00018830.JPEG reached epsilon at step 44, loss sum: 36.2543, final loss: 0.00093460, weight distance: 0.0038
2025-09-22 11:10:23,077 - INFO - Example 317 completed: 44 steps, loss sum: 36.2543, final loss: 0.00093460, weight distance: 0.0038 (universal rank: 43646)
2025-09-22 11:10:23,077 - INFO - 
=== Worker 5 Training Example 318/1586 (global idx 8252): /home/projects/bagon/shared/imagenet512/val/n04235860/ILSVRC2012_val_00028927.JPEG ===
2025-09-22 11:10:24,733 - INFO - Example /home/projects/bagon/shared/imagenet512/val/n04235860/ILSVRC2012_val_00028927.JPEG reached epsilon at step 44, loss sum: 38.2934, final loss: 0.00097656, weight distance: 0.0040
2025-09-22 11:10:25,289 - INFO - Example 318 completed: 44 steps, loss sum: 38.2934, final loss: 0.00097656, weight distance: 0.0040 (universal rank: 43647)
2025-09-22 11:10:25,289 - INFO - 
=== Worker 5 Training Example 319/1586 (global idx 8253): /home/projects/bagon/shared/imagenet512/val/n03063599/ILSVRC2012_val_00019645.JPEG ===
2025-09-22 11:10:26,974 - INFO - Example /home/projects/bagon/shared/imagenet512/val/n03063599/ILSVRC2012_val_00019645.JPEG reached epsilon at step 45, loss sum: 11.5109, final loss: 0.00092316, weight distance: 0.0040
2025-09-22 11:10:27,537 - INFO - Example 319 completed: 45 steps, loss sum: 11.5109, final loss: 0.00092316, weight distance: 0.0040 (universal rank: 43648)
2025-09-22 11:10:27,537 - INFO - 
=== Worker 5 Training Example 320/1586 (global idx 8254): /home/projects/bagon/shared/imagenet512/val/n04522168/ILSVRC2012_val_00047178.JPEG ===
2025-09-22 11:10:28,968 - INFO - Example /home/projects/bagon/shared/imagenet512/val/n04522168/ILSVRC2012_val_00047178.JPEG reached epsilon at step 38, loss sum: 10.2569, final loss: 0.00078201, weight distance: 0.0034
2025-09-22 11:10:29,515 - INFO - Example 320 completed: 38 steps, loss sum: 10.2569, final loss: 0.00078201, weight distance: 0.0034 (universal rank: 43649)
2025-09-22 11:10:29,515 - INFO - 
=== Worker 5 Training Example 321/1586 (global idx 8255): /home/projects/bagon/shared/imagenet512/val/n03759954/ILSVRC2012_val_00041525.JPEG ===
2025-09-22 11:10:31,247 - INFO - Example /home/projects/bagon/shared/imagenet512/val/n03759954/ILSVRC2012_val_00041525.JPEG reached epsilon at step 46, loss sum: 12.3743, final loss: 0.00070572, weight distance: 0.0036
2025-09-22 11:10:31,813 - INFO - Example 321 completed: 46 steps, loss sum: 12.3743, final loss: 0.00070572, weight distance: 0.0036 (universal rank: 43650)
2025-09-22 11:10:31,813 - INFO - 
=== Worker 5 Training Example 322/1586 (global idx 8256): /home/projects/bagon/shared/imagenet512/val/n02119789/ILSVRC2012_val_00016385.JPEG ===
2025-09-22 11:10:33,256 - INFO - Example /home/projects/bagon/shared/imagenet512/val/n02119789/ILSVRC2012_val_00016385.JPEG reached epsilon at step 38, loss sum: 15.8852, final loss: 0.00084686, weight distance: 0.0035
2025-09-22 11:10:33,813 - INFO - Example 322 completed: 38 steps, loss sum: 15.8852, final loss: 0.00084686, weight distance: 0.0035 (universal rank: 43651)
2025-09-22 11:10:33,813 - INFO - 
=== Worker 5 Training Example 323/1586 (global idx 8257): /home/projects/bagon/shared/imagenet512/val/n02095314/ILSVRC2012_val_00027245.JPEG ===
2025-09-22 11:10:35,792 - INFO - Example /home/projects/bagon/shared/imagenet512/val/n02095314/ILSVRC2012_val_00027245.JPEG reached epsilon at step 53, loss sum: 53.2672, final loss: 0.00079727, weight distance: 0.0043
2025-09-22 11:10:36,427 - INFO - Example 323 completed: 53 steps, loss sum: 53.2672, final loss: 0.00079727, weight distance: 0.0043 (universal rank: 43652)
2025-09-22 11:10:36,428 - INFO - 
=== Worker 5 Training Example 324/1586 (global idx 8258): /home/projects/bagon/shared/imagenet512/val/n07745940/ILSVRC2012_val_00025150.JPEG ===
2025-09-22 11:10:37,863 - INFO - Example /home/projects/bagon/shared/imagenet512/val/n07745940/ILSVRC2012_val_00025150.JPEG reached epsilon at step 38, loss sum: 13.5498, final loss: 0.00072479, weight distance: 0.0032
2025-09-22 11:10:38,425 - INFO - Example 324 completed: 38 steps, loss sum: 13.5498, final loss: 0.00072479, weight distance: 0.0032 (universal rank: 43653)
2025-09-22 11:10:38,425 - INFO - 
=== Worker 5 Training Example 325/1586 (global idx 8259): /home/projects/bagon/shared/imagenet512/val/n04149813/ILSVRC2012_val_00022294.JPEG ===
2025-09-22 11:10:39,243 - INFO - Example /home/projects/bagon/shared/imagenet512/val/n04149813/ILSVRC2012_val_00022294.JPEG reached epsilon at step 21, loss sum: 1.5519, final loss: 0.00099182, weight distance: 0.0020
2025-09-22 11:10:39,801 - INFO - Example 325 completed: 21 steps, loss sum: 1.5519, final loss: 0.00099182, weight distance: 0.0020 (universal rank: 43654)
2025-09-22 11:10:39,801 - INFO - 
=== Worker 5 Training Example 326/1586 (global idx 8260): /home/projects/bagon/shared/imagenet512/val/n03793489/ILSVRC2012_val_00031394.JPEG ===
2025-09-22 11:10:42,099 - INFO - Example /home/projects/bagon/shared/imagenet512/val/n03793489/ILSVRC2012_val_00031394.JPEG reached epsilon at step 62, loss sum: 79.0380, final loss: 0.00098419, weight distance: 0.0051
2025-09-22 11:10:42,741 - INFO - Example 326 completed: 62 steps, loss sum: 79.0380, final loss: 0.00098419, weight distance: 0.0051 (universal rank: 43655)
2025-09-22 11:10:42,742 - INFO - 
=== Worker 5 Training Example 327/1586 (global idx 8261): /home/projects/bagon/shared/imagenet512/val/n03259280/ILSVRC2012_val_00043855.JPEG ===
2025-09-22 11:10:43,918 - INFO - Example /home/projects/bagon/shared/imagenet512/val/n03259280/ILSVRC2012_val_00043855.JPEG reached epsilon at step 31, loss sum: 6.5100, final loss: 0.00086594, weight distance: 0.0029
2025-09-22 11:10:44,481 - INFO - Example 327 completed: 31 steps, loss sum: 6.5100, final loss: 0.00086594, weight distance: 0.0029 (universal rank: 43656)
2025-09-22 11:10:44,481 - INFO - 
=== Worker 5 Training Example 328/1586 (global idx 8262): /home/projects/bagon/shared/imagenet512/val/n04392985/ILSVRC2012_val_00026630.JPEG ===
2025-09-22 11:10:47,320 - INFO - Example /home/projects/bagon/shared/imagenet512/val/n04392985/ILSVRC2012_val_00026630.JPEG reached epsilon at step 77, loss sum: 17.5341, final loss: 0.00091934, weight distance: 0.0059
2025-09-22 11:10:47,891 - INFO - Example 328 completed: 77 steps, loss sum: 17.5341, final loss: 0.00091934, weight distance: 0.0059 (universal rank: 43657)
2025-09-22 11:10:47,891 - INFO - 
=== Worker 5 Training Example 329/1586 (global idx 8263): /home/projects/bagon/shared/imagenet512/val/n03223299/ILSVRC2012_val_00027710.JPEG ===
2025-09-22 11:10:49,303 - INFO - Example /home/projects/bagon/shared/imagenet512/val/n03223299/ILSVRC2012_val_00027710.JPEG reached epsilon at step 37, loss sum: 22.5977, final loss: 0.00099945, weight distance: 0.0033
2025-09-22 11:10:49,852 - INFO - Example 329 completed: 37 steps, loss sum: 22.5977, final loss: 0.00099945, weight distance: 0.0033 (universal rank: 43658)
2025-09-22 11:10:49,852 - INFO - 
=== Worker 5 Training Example 330/1586 (global idx 8264): /home/projects/bagon/shared/imagenet512/val/n02909870/ILSVRC2012_val_00008396.JPEG ===
2025-09-22 11:10:51,179 - INFO - Example /home/projects/bagon/shared/imagenet512/val/n02909870/ILSVRC2012_val_00008396.JPEG reached epsilon at step 35, loss sum: 25.6279, final loss: 0.00082397, weight distance: 0.0033
2025-09-22 11:10:51,760 - INFO - Example 330 completed: 35 steps, loss sum: 25.6279, final loss: 0.00082397, weight distance: 0.0033 (universal rank: 43659)
2025-09-22 11:10:51,760 - INFO - 
=== Worker 5 Training Example 331/1586 (global idx 8265): /home/projects/bagon/shared/imagenet512/val/n03481172/ILSVRC2012_val_00017320.JPEG ===
2025-09-22 11:10:53,630 - INFO - Example /home/projects/bagon/shared/imagenet512/val/n03481172/ILSVRC2012_val_00017320.JPEG reached epsilon at step 50, loss sum: 50.7720, final loss: 0.00095367, weight distance: 0.0045
2025-09-22 11:10:54,470 - INFO - Example 331 completed: 50 steps, loss sum: 50.7720, final loss: 0.00095367, weight distance: 0.0045 (universal rank: 43660)
2025-09-22 11:10:54,471 - INFO - 
=== Worker 5 Training Example 332/1586 (global idx 8266): /home/projects/bagon/shared/imagenet512/val/n04479046/ILSVRC2012_val_00033748.JPEG ===
2025-09-22 11:10:56,293 - INFO - Example /home/projects/bagon/shared/imagenet512/val/n04479046/ILSVRC2012_val_00033748.JPEG reached epsilon at step 49, loss sum: 58.0932, final loss: 0.00081635, weight distance: 0.0042
2025-09-22 11:10:56,855 - INFO - Example 332 completed: 49 steps, loss sum: 58.0932, final loss: 0.00081635, weight distance: 0.0042 (universal rank: 43661)
2025-09-22 11:10:56,855 - INFO - 
=== Worker 5 Training Example 333/1586 (global idx 8267): /home/projects/bagon/shared/imagenet512/val/n03291819/ILSVRC2012_val_00040272.JPEG ===
2025-09-22 11:10:58,020 - INFO - Example /home/projects/bagon/shared/imagenet512/val/n03291819/ILSVRC2012_val_00040272.JPEG reached epsilon at step 31, loss sum: 14.0934, final loss: 0.00094986, weight distance: 0.0029
2025-09-22 11:10:58,585 - INFO - Example 333 completed: 31 steps, loss sum: 14.0934, final loss: 0.00094986, weight distance: 0.0029 (universal rank: 43662)
2025-09-22 11:10:58,585 - INFO - 
=== Worker 5 Training Example 334/1586 (global idx 8268): /home/projects/bagon/shared/imagenet512/val/n09428293/ILSVRC2012_val_00002544.JPEG ===
2025-09-22 11:11:00,839 - INFO - Example /home/projects/bagon/shared/imagenet512/val/n09428293/ILSVRC2012_val_00002544.JPEG reached epsilon at step 61, loss sum: 37.3085, final loss: 0.00092697, weight distance: 0.0050
2025-09-22 11:11:01,400 - INFO - Example 334 completed: 61 steps, loss sum: 37.3085, final loss: 0.00092697, weight distance: 0.0050 (universal rank: 43664)
2025-09-22 11:11:01,400 - INFO - 
=== Worker 5 Training Example 335/1586 (global idx 8269): /home/projects/bagon/shared/imagenet512/val/n04562935/ILSVRC2012_val_00046411.JPEG ===
2025-09-22 11:11:03,143 - INFO - Example /home/projects/bagon/shared/imagenet512/val/n04562935/ILSVRC2012_val_00046411.JPEG reached epsilon at step 47, loss sum: 48.3837, final loss: 0.00085068, weight distance: 0.0040
2025-09-22 11:11:03,733 - INFO - Example 335 completed: 47 steps, loss sum: 48.3837, final loss: 0.00085068, weight distance: 0.0040 (universal rank: 43665)
2025-09-22 11:11:03,734 - INFO - 
=== Worker 5 Training Example 336/1586 (global idx 8270): /home/projects/bagon/shared/imagenet512/val/n03970156/ILSVRC2012_val_00024002.JPEG ===
2025-09-22 11:11:05,373 - INFO - Example /home/projects/bagon/shared/imagenet512/val/n03970156/ILSVRC2012_val_00024002.JPEG reached epsilon at step 44, loss sum: 53.6039, final loss: 0.00099182, weight distance: 0.0040
2025-09-22 11:11:05,938 - INFO - Example 336 completed: 44 steps, loss sum: 53.6039, final loss: 0.00099182, weight distance: 0.0040 (universal rank: 43666)
2025-09-22 11:11:05,938 - INFO - 
=== Worker 5 Training Example 337/1586 (global idx 8271): /home/projects/bagon/shared/imagenet512/val/n03146219/ILSVRC2012_val_00045339.JPEG ===
2025-09-22 11:11:07,415 - INFO - Example /home/projects/bagon/shared/imagenet512/val/n03146219/ILSVRC2012_val_00045339.JPEG reached epsilon at step 39, loss sum: 24.2205, final loss: 0.00083160, weight distance: 0.0032
2025-09-22 11:11:08,001 - INFO - Example 337 completed: 39 steps, loss sum: 24.2205, final loss: 0.00083160, weight distance: 0.0032 (universal rank: 43667)
2025-09-22 11:11:08,001 - INFO - 
=== Worker 5 Training Example 338/1586 (global idx 8272): /home/projects/bagon/shared/imagenet512/val/n04590129/ILSVRC2012_val_00014230.JPEG ===
2025-09-22 11:11:09,324 - INFO - Example /home/projects/bagon/shared/imagenet512/val/n04590129/ILSVRC2012_val_00014230.JPEG reached epsilon at step 35, loss sum: 37.8184, final loss: 0.00080872, weight distance: 0.0029
2025-09-22 11:11:09,902 - INFO - Example 338 completed: 35 steps, loss sum: 37.8184, final loss: 0.00080872, weight distance: 0.0029 (universal rank: 43668)
2025-09-22 11:11:09,902 - INFO - 
=== Worker 5 Training Example 339/1586 (global idx 8273): /home/projects/bagon/shared/imagenet512/val/n02229544/ILSVRC2012_val_00014271.JPEG ===
2025-09-22 11:11:12,459 - INFO - Example /home/projects/bagon/shared/imagenet512/val/n02229544/ILSVRC2012_val_00014271.JPEG reached epsilon at step 69, loss sum: 35.9275, final loss: 0.00079346, weight distance: 0.0055
2025-09-22 11:11:13,026 - INFO - Example 339 completed: 69 steps, loss sum: 35.9275, final loss: 0.00079346, weight distance: 0.0055 (universal rank: 43669)
2025-09-22 11:11:13,026 - INFO - 
=== Worker 5 Training Example 340/1586 (global idx 8274): /home/projects/bagon/shared/imagenet512/val/n04317175/ILSVRC2012_val_00003333.JPEG ===
2025-09-22 11:11:14,485 - INFO - Example /home/projects/bagon/shared/imagenet512/val/n04317175/ILSVRC2012_val_00003333.JPEG reached epsilon at step 39, loss sum: 52.9900, final loss: 0.00094986, weight distance: 0.0034
2025-09-22 11:11:15,050 - INFO - Example 340 completed: 39 steps, loss sum: 52.9900, final loss: 0.00094986, weight distance: 0.0034 (universal rank: 43670)
2025-09-22 11:11:15,050 - INFO - 
=== Worker 5 Training Example 341/1586 (global idx 8275): /home/projects/bagon/shared/imagenet512/val/n03124170/ILSVRC2012_val_00035648.JPEG ===
2025-09-22 11:11:16,905 - INFO - Example /home/projects/bagon/shared/imagenet512/val/n03124170/ILSVRC2012_val_00035648.JPEG reached epsilon at step 50, loss sum: 30.5977, final loss: 0.00076294, weight distance: 0.0042
2025-09-22 11:11:17,468 - INFO - Example 341 completed: 50 steps, loss sum: 30.5977, final loss: 0.00076294, weight distance: 0.0042 (universal rank: 43671)
2025-09-22 11:11:17,468 - INFO - 
=== Worker 5 Training Example 342/1586 (global idx 8276): /home/projects/bagon/shared/imagenet512/val/n02027492/ILSVRC2012_val_00035836.JPEG ===
2025-09-22 11:11:18,859 - INFO - Example /home/projects/bagon/shared/imagenet512/val/n02027492/ILSVRC2012_val_00035836.JPEG reached epsilon at step 37, loss sum: 23.3333, final loss: 0.00093079, weight distance: 0.0032
2025-09-22 11:11:19,420 - INFO - Example 342 completed: 37 steps, loss sum: 23.3333, final loss: 0.00093079, weight distance: 0.0032 (universal rank: 43673)
2025-09-22 11:11:19,421 - INFO - 
=== Worker 5 Training Example 343/1586 (global idx 8277): /home/projects/bagon/shared/imagenet512/val/n04008634/ILSVRC2012_val_00047882.JPEG ===
2025-09-22 11:11:21,401 - INFO - Example /home/projects/bagon/shared/imagenet512/val/n04008634/ILSVRC2012_val_00047882.JPEG reached epsilon at step 53, loss sum: 21.1419, final loss: 0.00093842, weight distance: 0.0042
2025-09-22 11:11:21,970 - INFO - Example 343 completed: 53 steps, loss sum: 21.1419, final loss: 0.00093842, weight distance: 0.0042 (universal rank: 43674)
2025-09-22 11:11:21,970 - INFO - 
=== Worker 5 Training Example 344/1586 (global idx 8278): /home/projects/bagon/shared/imagenet512/val/n02093991/ILSVRC2012_val_00029419.JPEG ===
2025-09-22 11:11:23,298 - INFO - Example /home/projects/bagon/shared/imagenet512/val/n02093991/ILSVRC2012_val_00029419.JPEG reached epsilon at step 35, loss sum: 9.6515, final loss: 0.00091171, weight distance: 0.0031
2025-09-22 11:11:23,890 - INFO - Example 344 completed: 35 steps, loss sum: 9.6515, final loss: 0.00091171, weight distance: 0.0031 (universal rank: 43676)
2025-09-22 11:11:23,890 - INFO - 
=== Worker 5 Training Example 345/1586 (global idx 8279): /home/projects/bagon/shared/imagenet512/val/n03124170/ILSVRC2012_val_00042942.JPEG ===
2025-09-22 11:11:25,788 - INFO - Example /home/projects/bagon/shared/imagenet512/val/n03124170/ILSVRC2012_val_00042942.JPEG reached epsilon at step 51, loss sum: 60.8203, final loss: 0.00094223, weight distance: 0.0039
2025-09-22 11:11:26,356 - INFO - Example 345 completed: 51 steps, loss sum: 60.8203, final loss: 0.00094223, weight distance: 0.0039 (universal rank: 43677)
2025-09-22 11:11:26,357 - INFO - 
=== Worker 5 Training Example 346/1586 (global idx 8280): /home/projects/bagon/shared/imagenet512/val/n03876231/ILSVRC2012_val_00035942.JPEG ===
2025-09-22 11:11:28,041 - INFO - Example /home/projects/bagon/shared/imagenet512/val/n03876231/ILSVRC2012_val_00035942.JPEG reached epsilon at step 45, loss sum: 114.3700, final loss: 0.00070953, weight distance: 0.0040
2025-09-22 11:11:28,620 - INFO - Example 346 completed: 45 steps, loss sum: 114.3700, final loss: 0.00070953, weight distance: 0.0040 (universal rank: 43678)
2025-09-22 11:11:28,620 - INFO - 
=== Worker 5 Training Example 347/1586 (global idx 8281): /home/projects/bagon/shared/imagenet512/val/n04389033/ILSVRC2012_val_00039017.JPEG ===
2025-09-22 11:11:29,754 - INFO - Example /home/projects/bagon/shared/imagenet512/val/n04389033/ILSVRC2012_val_00039017.JPEG reached epsilon at step 30, loss sum: 5.0120, final loss: 0.00086975, weight distance: 0.0028
2025-09-22 11:11:30,478 - INFO - Example 347 completed: 30 steps, loss sum: 5.0120, final loss: 0.00086975, weight distance: 0.0028 (universal rank: 43679)
2025-09-22 11:11:30,479 - INFO - 
=== Worker 5 Training Example 348/1586 (global idx 8282): /home/projects/bagon/shared/imagenet512/val/n02106030/ILSVRC2012_val_00018126.JPEG ===
2025-09-22 11:11:32,416 - INFO - Example /home/projects/bagon/shared/imagenet512/val/n02106030/ILSVRC2012_val_00018126.JPEG reached epsilon at step 52, loss sum: 14.3164, final loss: 0.00091171, weight distance: 0.0043
2025-09-22 11:11:32,992 - INFO - Example 348 completed: 52 steps, loss sum: 14.3164, final loss: 0.00091171, weight distance: 0.0043 (universal rank: 43680)
2025-09-22 11:11:32,992 - INFO - 
=== Worker 5 Training Example 349/1586 (global idx 8283): /home/projects/bagon/shared/imagenet512/val/n02526121/ILSVRC2012_val_00017924.JPEG ===
2025-09-22 11:11:33,885 - INFO - Example /home/projects/bagon/shared/imagenet512/val/n02526121/ILSVRC2012_val_00017924.JPEG reached epsilon at step 23, loss sum: 4.4538, final loss: 0.00074005, weight distance: 0.0021
2025-09-22 11:11:34,464 - INFO - Example 349 completed: 23 steps, loss sum: 4.4538, final loss: 0.00074005, weight distance: 0.0021 (universal rank: 43681)
2025-09-22 11:11:34,465 - INFO - 
=== Worker 5 Training Example 350/1586 (global idx 8284): /home/projects/bagon/shared/imagenet512/val/n03347037/ILSVRC2012_val_00021023.JPEG ===
2025-09-22 11:11:35,505 - INFO - Example /home/projects/bagon/shared/imagenet512/val/n03347037/ILSVRC2012_val_00021023.JPEG reached epsilon at step 27, loss sum: 6.1265, final loss: 0.00082397, weight distance: 0.0026
2025-09-22 11:11:36,133 - INFO - Example 350 completed: 27 steps, loss sum: 6.1265, final loss: 0.00082397, weight distance: 0.0026 (universal rank: 43682)
2025-09-22 11:11:36,133 - INFO - 
=== Worker 5 Training Example 351/1586 (global idx 8285): /home/projects/bagon/shared/imagenet512/val/n04026417/ILSVRC2012_val_00031129.JPEG ===
2025-09-22 11:11:37,706 - INFO - Example /home/projects/bagon/shared/imagenet512/val/n04026417/ILSVRC2012_val_00031129.JPEG reached epsilon at step 30, loss sum: 10.7590, final loss: 0.00099182, weight distance: 0.0027
2025-09-22 11:11:38,272 - INFO - Example 351 completed: 30 steps, loss sum: 10.7590, final loss: 0.00099182, weight distance: 0.0027 (universal rank: 43683)
2025-09-22 11:11:38,272 - INFO - 
=== Worker 5 Training Example 352/1586 (global idx 8286): /home/projects/bagon/shared/imagenet512/val/n02093428/ILSVRC2012_val_00004926.JPEG ===
2025-09-22 11:11:40,363 - INFO - Example /home/projects/bagon/shared/imagenet512/val/n02093428/ILSVRC2012_val_00004926.JPEG reached epsilon at step 56, loss sum: 24.9402, final loss: 0.00091171, weight distance: 0.0046
2025-09-22 11:11:40,910 - INFO - Example 352 completed: 56 steps, loss sum: 24.9402, final loss: 0.00091171, weight distance: 0.0046 (universal rank: 43685)
2025-09-22 11:11:40,910 - INFO - 
=== Worker 5 Training Example 353/1586 (global idx 8287): /home/projects/bagon/shared/imagenet512/val/n02981792/ILSVRC2012_val_00020590.JPEG ===
2025-09-22 11:11:42,472 - INFO - Example /home/projects/bagon/shared/imagenet512/val/n02981792/ILSVRC2012_val_00020590.JPEG reached epsilon at step 41, loss sum: 5.2663, final loss: 0.00099182, weight distance: 0.0037
2025-09-22 11:11:43,037 - INFO - Example 353 completed: 41 steps, loss sum: 5.2663, final loss: 0.00099182, weight distance: 0.0037 (universal rank: 43687)
2025-09-22 11:11:43,038 - INFO - 
=== Worker 5 Training Example 354/1586 (global idx 8288): /home/projects/bagon/shared/imagenet512/val/n02823750/ILSVRC2012_val_00042562.JPEG ===
2025-09-22 11:11:44,801 - INFO - Example /home/projects/bagon/shared/imagenet512/val/n02823750/ILSVRC2012_val_00042562.JPEG reached epsilon at step 47, loss sum: 29.8636, final loss: 0.00091934, weight distance: 0.0043
2025-09-22 11:11:45,378 - INFO - Example 354 completed: 47 steps, loss sum: 29.8636, final loss: 0.00091934, weight distance: 0.0043 (universal rank: 43688)
2025-09-22 11:11:45,378 - INFO - 
=== Worker 5 Training Example 355/1586 (global idx 8289): /home/projects/bagon/shared/imagenet512/val/n02504013/ILSVRC2012_val_00014681.JPEG ===
2025-09-22 11:11:46,732 - INFO - Example /home/projects/bagon/shared/imagenet512/val/n02504013/ILSVRC2012_val_00014681.JPEG reached epsilon at step 36, loss sum: 11.3322, final loss: 0.00090027, weight distance: 0.0032
2025-09-22 11:11:47,304 - INFO - Example 355 completed: 36 steps, loss sum: 11.3322, final loss: 0.00090027, weight distance: 0.0032 (universal rank: 43690)
2025-09-22 11:11:47,304 - INFO - 
=== Worker 5 Training Example 356/1586 (global idx 8290): /home/projects/bagon/shared/imagenet512/val/n04141975/ILSVRC2012_val_00002918.JPEG ===
2025-09-22 11:11:49,006 - INFO - Example /home/projects/bagon/shared/imagenet512/val/n04141975/ILSVRC2012_val_00002918.JPEG reached epsilon at step 45, loss sum: 72.3535, final loss: 0.00091171, weight distance: 0.0037
2025-09-22 11:11:49,557 - INFO - Example 356 completed: 45 steps, loss sum: 72.3535, final loss: 0.00091171, weight distance: 0.0037 (universal rank: 43691)
2025-09-22 11:11:49,558 - INFO - 
=== Worker 5 Training Example 357/1586 (global idx 8291): /home/projects/bagon/shared/imagenet512/val/n03376595/ILSVRC2012_val_00014475.JPEG ===
2025-09-22 11:11:50,594 - INFO - Example /home/projects/bagon/shared/imagenet512/val/n03376595/ILSVRC2012_val_00014475.JPEG reached epsilon at step 27, loss sum: 23.0545, final loss: 0.00097656, weight distance: 0.0025
2025-09-22 11:11:51,146 - INFO - Example 357 completed: 27 steps, loss sum: 23.0545, final loss: 0.00097656, weight distance: 0.0025 (universal rank: 43692)
2025-09-22 11:11:51,146 - INFO - 
=== Worker 5 Training Example 358/1586 (global idx 8292): /home/projects/bagon/shared/imagenet512/val/n04192698/ILSVRC2012_val_00038809.JPEG ===
2025-09-22 11:11:53,094 - INFO - Example /home/projects/bagon/shared/imagenet512/val/n04192698/ILSVRC2012_val_00038809.JPEG reached epsilon at step 52, loss sum: 86.2233, final loss: 0.00090408, weight distance: 0.0045
2025-09-22 11:11:53,648 - INFO - Example 358 completed: 52 steps, loss sum: 86.2233, final loss: 0.00090408, weight distance: 0.0045 (universal rank: 43693)
2025-09-22 11:11:53,648 - INFO - 
=== Worker 5 Training Example 359/1586 (global idx 8293): /home/projects/bagon/shared/imagenet512/val/n03016953/ILSVRC2012_val_00048726.JPEG ===
2025-09-22 11:11:54,945 - INFO - Example /home/projects/bagon/shared/imagenet512/val/n03016953/ILSVRC2012_val_00048726.JPEG reached epsilon at step 34, loss sum: 24.2758, final loss: 0.00096893, weight distance: 0.0031
2025-09-22 11:11:55,563 - INFO - Example 359 completed: 34 steps, loss sum: 24.2758, final loss: 0.00096893, weight distance: 0.0031 (universal rank: 43694)
2025-09-22 11:11:55,563 - INFO - 
=== Worker 5 Training Example 360/1586 (global idx 8294): /home/projects/bagon/shared/imagenet512/val/n04116512/ILSVRC2012_val_00034963.JPEG ===
2025-09-22 11:11:57,602 - INFO - Example /home/projects/bagon/shared/imagenet512/val/n04116512/ILSVRC2012_val_00034963.JPEG reached epsilon at step 55, loss sum: 71.7982, final loss: 0.00096512, weight distance: 0.0041
2025-09-22 11:11:58,333 - INFO - Example 360 completed: 55 steps, loss sum: 71.7982, final loss: 0.00096512, weight distance: 0.0041 (universal rank: 43695)
2025-09-22 11:11:58,334 - INFO - 
=== Worker 5 Training Example 361/1586 (global idx 8295): /home/projects/bagon/shared/imagenet512/val/n04270147/ILSVRC2012_val_00038806.JPEG ===
2025-09-22 11:12:00,498 - INFO - Example /home/projects/bagon/shared/imagenet512/val/n04270147/ILSVRC2012_val_00038806.JPEG reached epsilon at step 58, loss sum: 83.7341, final loss: 0.00095367, weight distance: 0.0048
2025-09-22 11:12:01,060 - INFO - Example 361 completed: 58 steps, loss sum: 83.7341, final loss: 0.00095367, weight distance: 0.0048 (universal rank: 43696)
2025-09-22 11:12:01,060 - INFO - 
=== Worker 5 Training Example 362/1586 (global idx 8296): /home/projects/bagon/shared/imagenet512/val/n03866082/ILSVRC2012_val_00041229.JPEG ===
2025-09-22 11:12:03,045 - INFO - Example /home/projects/bagon/shared/imagenet512/val/n03866082/ILSVRC2012_val_00041229.JPEG reached epsilon at step 53, loss sum: 78.1367, final loss: 0.00086975, weight distance: 0.0045
2025-09-22 11:12:03,601 - INFO - Example 362 completed: 53 steps, loss sum: 78.1367, final loss: 0.00086975, weight distance: 0.0045 (universal rank: 43697)
2025-09-22 11:12:03,601 - INFO - 
=== Worker 5 Training Example 363/1586 (global idx 8297): /home/projects/bagon/shared/imagenet512/val/n01728920/ILSVRC2012_val_00004351.JPEG ===
2025-09-22 11:12:05,446 - INFO - Example /home/projects/bagon/shared/imagenet512/val/n01728920/ILSVRC2012_val_00004351.JPEG reached epsilon at step 49, loss sum: 86.6748, final loss: 0.00089645, weight distance: 0.0042
2025-09-22 11:12:05,998 - INFO - Example 363 completed: 49 steps, loss sum: 86.6748, final loss: 0.00089645, weight distance: 0.0042 (universal rank: 43698)
2025-09-22 11:12:05,998 - INFO - 
=== Worker 5 Training Example 364/1586 (global idx 8298): /home/projects/bagon/shared/imagenet512/val/n03483316/ILSVRC2012_val_00044815.JPEG ===
2025-09-22 11:12:08,269 - INFO - Example /home/projects/bagon/shared/imagenet512/val/n03483316/ILSVRC2012_val_00044815.JPEG reached epsilon at step 61, loss sum: 56.1709, final loss: 0.00086594, weight distance: 0.0050
2025-09-22 11:12:08,861 - INFO - Example 364 completed: 61 steps, loss sum: 56.1709, final loss: 0.00086594, weight distance: 0.0050 (universal rank: 43699)
2025-09-22 11:12:08,861 - INFO - 
=== Worker 5 Training Example 365/1586 (global idx 8299): /home/projects/bagon/shared/imagenet512/val/n04482393/ILSVRC2012_val_00008268.JPEG ===
2025-09-22 11:12:10,324 - INFO - Example /home/projects/bagon/shared/imagenet512/val/n04482393/ILSVRC2012_val_00008268.JPEG reached epsilon at step 39, loss sum: 46.4751, final loss: 0.00099182, weight distance: 0.0035
2025-09-22 11:12:10,904 - INFO - Example 365 completed: 39 steps, loss sum: 46.4751, final loss: 0.00099182, weight distance: 0.0035 (universal rank: 43700)
2025-09-22 11:12:10,904 - INFO - 
=== Worker 5 Training Example 366/1586 (global idx 8300): /home/projects/bagon/shared/imagenet512/val/n03584829/ILSVRC2012_val_00044371.JPEG ===
2025-09-22 11:12:12,274 - INFO - Example /home/projects/bagon/shared/imagenet512/val/n03584829/ILSVRC2012_val_00044371.JPEG reached epsilon at step 36, loss sum: 26.4836, final loss: 0.00091171, weight distance: 0.0033
2025-09-22 11:12:12,849 - INFO - Example 366 completed: 36 steps, loss sum: 26.4836, final loss: 0.00091171, weight distance: 0.0033 (universal rank: 43701)
2025-09-22 11:12:12,850 - INFO - 
=== Worker 5 Training Example 367/1586 (global idx 8301): /home/projects/bagon/shared/imagenet512/val/n03724870/ILSVRC2012_val_00040112.JPEG ===
2025-09-22 11:12:13,787 - INFO - Example /home/projects/bagon/shared/imagenet512/val/n03724870/ILSVRC2012_val_00040112.JPEG reached epsilon at step 24, loss sum: 7.0690, final loss: 0.00088882, weight distance: 0.0022
2025-09-22 11:12:14,373 - INFO - Example 367 completed: 24 steps, loss sum: 7.0690, final loss: 0.00088882, weight distance: 0.0022 (universal rank: 43702)
2025-09-22 11:12:14,373 - INFO - 
=== Worker 5 Training Example 368/1586 (global idx 8302): /home/projects/bagon/shared/imagenet512/val/n03595614/ILSVRC2012_val_00013803.JPEG ===
2025-09-22 11:12:15,484 - INFO - Example /home/projects/bagon/shared/imagenet512/val/n03595614/ILSVRC2012_val_00013803.JPEG reached epsilon at step 29, loss sum: 11.4583, final loss: 0.00090027, weight distance: 0.0027
2025-09-22 11:12:16,076 - INFO - Example 368 completed: 29 steps, loss sum: 11.4583, final loss: 0.00090027, weight distance: 0.0027 (universal rank: 43703)
2025-09-22 11:12:16,076 - INFO - 
=== Worker 5 Training Example 369/1586 (global idx 8303): /home/projects/bagon/shared/imagenet512/val/n04336792/ILSVRC2012_val_00037415.JPEG ===
2025-09-22 11:12:18,316 - INFO - Example /home/projects/bagon/shared/imagenet512/val/n04336792/ILSVRC2012_val_00037415.JPEG reached epsilon at step 60, loss sum: 128.2104, final loss: 0.00060272, weight distance: 0.0049
2025-09-22 11:12:18,913 - INFO - Example 369 completed: 60 steps, loss sum: 128.2104, final loss: 0.00060272, weight distance: 0.0049 (universal rank: 43704)
2025-09-22 11:12:18,913 - INFO - 
=== Worker 5 Training Example 370/1586 (global idx 8304): /home/projects/bagon/shared/imagenet512/val/n03967562/ILSVRC2012_val_00029000.JPEG ===
2025-09-22 11:12:20,347 - INFO - Example /home/projects/bagon/shared/imagenet512/val/n03967562/ILSVRC2012_val_00029000.JPEG reached epsilon at step 38, loss sum: 68.1238, final loss: 0.00097656, weight distance: 0.0034
2025-09-22 11:12:20,927 - INFO - Example 370 completed: 38 steps, loss sum: 68.1238, final loss: 0.00097656, weight distance: 0.0034 (universal rank: 43705)
2025-09-22 11:12:20,927 - INFO - 
=== Worker 5 Training Example 371/1586 (global idx 8305): /home/projects/bagon/shared/imagenet512/val/n03961711/ILSVRC2012_val_00008572.JPEG ===
2025-09-22 11:12:22,419 - INFO - Example /home/projects/bagon/shared/imagenet512/val/n03961711/ILSVRC2012_val_00008572.JPEG reached epsilon at step 39, loss sum: 63.6194, final loss: 0.00085449, weight distance: 0.0034
2025-09-22 11:12:23,018 - INFO - Example 371 completed: 39 steps, loss sum: 63.6194, final loss: 0.00085449, weight distance: 0.0034 (universal rank: 43706)
2025-09-22 11:12:23,018 - INFO - 
=== Worker 5 Training Example 372/1586 (global idx 8306): /home/projects/bagon/shared/imagenet512/val/n02825657/ILSVRC2012_val_00038666.JPEG ===
2025-09-22 11:12:24,627 - INFO - Example /home/projects/bagon/shared/imagenet512/val/n02825657/ILSVRC2012_val_00038666.JPEG reached epsilon at step 42, loss sum: 18.0169, final loss: 0.00089645, weight distance: 0.0036
2025-09-22 11:12:25,204 - INFO - Example 372 completed: 42 steps, loss sum: 18.0169, final loss: 0.00089645, weight distance: 0.0036 (universal rank: 43708)
2025-09-22 11:12:25,204 - INFO - 
=== Worker 5 Training Example 373/1586 (global idx 8307): /home/projects/bagon/shared/imagenet512/val/n03535780/ILSVRC2012_val_00006650.JPEG ===
2025-09-22 11:12:26,390 - INFO - Example /home/projects/bagon/shared/imagenet512/val/n03535780/ILSVRC2012_val_00006650.JPEG reached epsilon at step 31, loss sum: 2.6249, final loss: 0.00071716, weight distance: 0.0027
2025-09-22 11:12:26,977 - INFO - Example 373 completed: 31 steps, loss sum: 2.6249, final loss: 0.00071716, weight distance: 0.0027 (universal rank: 43710)
2025-09-22 11:12:26,978 - INFO - 
=== Worker 5 Training Example 374/1586 (global idx 8308): /home/projects/bagon/shared/imagenet512/val/n01514668/ILSVRC2012_val_00015242.JPEG ===
2025-09-22 11:12:28,313 - INFO - Example /home/projects/bagon/shared/imagenet512/val/n01514668/ILSVRC2012_val_00015242.JPEG reached epsilon at step 35, loss sum: 8.3231, final loss: 0.00090027, weight distance: 0.0032
2025-09-22 11:12:28,903 - INFO - Example 374 completed: 35 steps, loss sum: 8.3231, final loss: 0.00090027, weight distance: 0.0032 (universal rank: 43711)
2025-09-22 11:12:28,903 - INFO - 
=== Worker 5 Training Example 375/1586 (global idx 8309): /home/projects/bagon/shared/imagenet512/val/n02910353/ILSVRC2012_val_00010342.JPEG ===
2025-09-22 11:12:30,476 - INFO - Example /home/projects/bagon/shared/imagenet512/val/n02910353/ILSVRC2012_val_00010342.JPEG reached epsilon at step 41, loss sum: 31.2093, final loss: 0.00077820, weight distance: 0.0038
2025-09-22 11:12:31,067 - INFO - Example 375 completed: 41 steps, loss sum: 31.2093, final loss: 0.00077820, weight distance: 0.0038 (universal rank: 43713)
2025-09-22 11:12:31,067 - INFO - 
=== Worker 5 Training Example 376/1586 (global idx 8310): /home/projects/bagon/shared/imagenet512/val/n03633091/ILSVRC2012_val_00014264.JPEG ===
2025-09-22 11:12:32,503 - INFO - Example /home/projects/bagon/shared/imagenet512/val/n03633091/ILSVRC2012_val_00014264.JPEG reached epsilon at step 38, loss sum: 32.9874, final loss: 0.00083542, weight distance: 0.0035
2025-09-22 11:12:33,107 - INFO - Example 376 completed: 38 steps, loss sum: 32.9874, final loss: 0.00083542, weight distance: 0.0035 (universal rank: 43714)
2025-09-22 11:12:33,107 - INFO - 
=== Worker 5 Training Example 377/1586 (global idx 8311): /home/projects/bagon/shared/imagenet512/val/n04597913/ILSVRC2012_val_00002685.JPEG ===
2025-09-22 11:12:34,282 - INFO - Example /home/projects/bagon/shared/imagenet512/val/n04597913/ILSVRC2012_val_00002685.JPEG reached epsilon at step 31, loss sum: 18.3656, final loss: 0.00085068, weight distance: 0.0030
2025-09-22 11:12:34,885 - INFO - Example 377 completed: 31 steps, loss sum: 18.3656, final loss: 0.00085068, weight distance: 0.0030 (universal rank: 43715)
2025-09-22 11:12:34,885 - INFO - 
=== Worker 5 Training Example 378/1586 (global idx 8312): /home/projects/bagon/shared/imagenet512/val/n01978455/ILSVRC2012_val_00020970.JPEG ===
2025-09-22 11:12:35,558 - INFO - Example /home/projects/bagon/shared/imagenet512/val/n01978455/ILSVRC2012_val_00020970.JPEG reached epsilon at step 17, loss sum: 2.4393, final loss: 0.00080872, weight distance: 0.0016
2025-09-22 11:12:36,277 - INFO - Example 378 completed: 17 steps, loss sum: 2.4393, final loss: 0.00080872, weight distance: 0.0016 (universal rank: 43718)
2025-09-22 11:12:36,277 - INFO - 
=== Worker 5 Training Example 379/1586 (global idx 8313): /home/projects/bagon/shared/imagenet512/val/n04392985/ILSVRC2012_val_00023462.JPEG ===
2025-09-22 11:12:38,829 - INFO - Example /home/projects/bagon/shared/imagenet512/val/n04392985/ILSVRC2012_val_00023462.JPEG reached epsilon at step 69, loss sum: 16.0641, final loss: 0.00096893, weight distance: 0.0050
2025-09-22 11:12:39,439 - INFO - Example 379 completed: 69 steps, loss sum: 16.0641, final loss: 0.00096893, weight distance: 0.0050 (universal rank: 43719)
2025-09-22 11:12:39,439 - INFO - 
=== Worker 5 Training Example 380/1586 (global idx 8314): /home/projects/bagon/shared/imagenet512/val/n03376595/ILSVRC2012_val_00043453.JPEG ===
2025-09-22 11:12:40,847 - INFO - Example /home/projects/bagon/shared/imagenet512/val/n03376595/ILSVRC2012_val_00043453.JPEG reached epsilon at step 37, loss sum: 20.2360, final loss: 0.00077438, weight distance: 0.0034
2025-09-22 11:12:41,429 - INFO - Example 380 completed: 37 steps, loss sum: 20.2360, final loss: 0.00077438, weight distance: 0.0034 (universal rank: 43720)
2025-09-22 11:12:41,429 - INFO - 
=== Worker 5 Training Example 381/1586 (global idx 8315): /home/projects/bagon/shared/imagenet512/val/n04392985/ILSVRC2012_val_00014078.JPEG ===
2025-09-22 11:12:44,179 - INFO - Example /home/projects/bagon/shared/imagenet512/val/n04392985/ILSVRC2012_val_00014078.JPEG reached epsilon at step 74, loss sum: 29.0961, final loss: 0.00089645, weight distance: 0.0055
2025-09-22 11:12:44,781 - INFO - Example 381 completed: 74 steps, loss sum: 29.0961, final loss: 0.00089645, weight distance: 0.0055 (universal rank: 43721)
2025-09-22 11:12:44,782 - INFO - 
=== Worker 5 Training Example 382/1586 (global idx 8316): /home/projects/bagon/shared/imagenet512/val/n03529860/ILSVRC2012_val_00047606.JPEG ===
2025-09-22 11:12:46,521 - INFO - Example /home/projects/bagon/shared/imagenet512/val/n03529860/ILSVRC2012_val_00047606.JPEG reached epsilon at step 46, loss sum: 16.6226, final loss: 0.00080490, weight distance: 0.0041
2025-09-22 11:12:47,109 - INFO - Example 382 completed: 46 steps, loss sum: 16.6226, final loss: 0.00080490, weight distance: 0.0041 (universal rank: 43723)
2025-09-22 11:12:47,109 - INFO - 
=== Worker 5 Training Example 383/1586 (global idx 8317): /home/projects/bagon/shared/imagenet512/val/n02114712/ILSVRC2012_val_00041684.JPEG ===
2025-09-22 11:12:49,804 - INFO - Example /home/projects/bagon/shared/imagenet512/val/n02114712/ILSVRC2012_val_00041684.JPEG reached epsilon at step 73, loss sum: 24.7022, final loss: 0.00093079, weight distance: 0.0057
2025-09-22 11:12:50,401 - INFO - Example 383 completed: 73 steps, loss sum: 24.7022, final loss: 0.00093079, weight distance: 0.0057 (universal rank: 43725)
2025-09-22 11:12:50,402 - INFO - 
=== Worker 5 Training Example 384/1586 (global idx 8318): /home/projects/bagon/shared/imagenet512/val/n01773797/ILSVRC2012_val_00034273.JPEG ===
2025-09-22 11:12:52,407 - INFO - Example /home/projects/bagon/shared/imagenet512/val/n01773797/ILSVRC2012_val_00034273.JPEG reached epsilon at step 54, loss sum: 14.9446, final loss: 0.00078201, weight distance: 0.0044
2025-09-22 11:12:52,985 - INFO - Example 384 completed: 54 steps, loss sum: 14.9446, final loss: 0.00078201, weight distance: 0.0044 (universal rank: 43726)
2025-09-22 11:12:52,986 - INFO - 
=== Worker 5 Training Example 385/1586 (global idx 8319): /home/projects/bagon/shared/imagenet512/val/n04423845/ILSVRC2012_val_00046808.JPEG ===
2025-09-22 11:12:54,202 - INFO - Example /home/projects/bagon/shared/imagenet512/val/n04423845/ILSVRC2012_val_00046808.JPEG reached epsilon at step 32, loss sum: 40.8929, final loss: 0.00077057, weight distance: 0.0030
2025-09-22 11:12:54,793 - INFO - Example 385 completed: 32 steps, loss sum: 40.8929, final loss: 0.00077057, weight distance: 0.0030 (universal rank: 43727)
2025-09-22 11:12:54,793 - INFO - 
=== Worker 5 Training Example 386/1586 (global idx 8320): /home/projects/bagon/shared/imagenet512/val/n04228054/ILSVRC2012_val_00018348.JPEG ===
2025-09-22 11:12:56,334 - INFO - Example /home/projects/bagon/shared/imagenet512/val/n04228054/ILSVRC2012_val_00018348.JPEG reached epsilon at step 41, loss sum: 13.7027, final loss: 0.00095749, weight distance: 0.0035
2025-09-22 11:12:56,907 - INFO - Example 386 completed: 41 steps, loss sum: 13.7027, final loss: 0.00095749, weight distance: 0.0035 (universal rank: 43728)
2025-09-22 11:12:56,907 - INFO - 
=== Worker 5 Training Example 387/1586 (global idx 8321): /home/projects/bagon/shared/imagenet512/val/n02488291/ILSVRC2012_val_00040289.JPEG ===
2025-09-22 11:12:58,661 - INFO - Example /home/projects/bagon/shared/imagenet512/val/n02488291/ILSVRC2012_val_00040289.JPEG reached epsilon at step 47, loss sum: 16.4334, final loss: 0.00083542, weight distance: 0.0040
2025-09-22 11:12:59,237 - INFO - Example 387 completed: 47 steps, loss sum: 16.4334, final loss: 0.00083542, weight distance: 0.0040 (universal rank: 43729)
2025-09-22 11:12:59,238 - INFO - 
=== Worker 5 Training Example 388/1586 (global idx 8322): /home/projects/bagon/shared/imagenet512/val/n03976657/ILSVRC2012_val_00048208.JPEG ===
2025-09-22 11:13:01,150 - INFO - Example /home/projects/bagon/shared/imagenet512/val/n03976657/ILSVRC2012_val_00048208.JPEG reached epsilon at step 51, loss sum: 27.2371, final loss: 0.00080109, weight distance: 0.0046
2025-09-22 11:13:01,750 - INFO - Example 388 completed: 51 steps, loss sum: 27.2371, final loss: 0.00080109, weight distance: 0.0046 (universal rank: 43730)
2025-09-22 11:13:01,750 - INFO - 
=== Worker 5 Training Example 389/1586 (global idx 8323): /home/projects/bagon/shared/imagenet512/val/n01675722/ILSVRC2012_val_00038644.JPEG ===
2025-09-22 11:13:03,007 - INFO - Example /home/projects/bagon/shared/imagenet512/val/n01675722/ILSVRC2012_val_00038644.JPEG reached epsilon at step 33, loss sum: 4.2521, final loss: 0.00084686, weight distance: 0.0030
2025-09-22 11:13:03,579 - INFO - Example 389 completed: 33 steps, loss sum: 4.2521, final loss: 0.00084686, weight distance: 0.0030 (universal rank: 43731)
2025-09-22 11:13:03,579 - INFO - 
=== Worker 5 Training Example 390/1586 (global idx 8324): /home/projects/bagon/shared/imagenet512/val/n02123159/ILSVRC2012_val_00015741.JPEG ===
2025-09-22 11:13:05,353 - INFO - Example /home/projects/bagon/shared/imagenet512/val/n02123159/ILSVRC2012_val_00015741.JPEG reached epsilon at step 47, loss sum: 16.4670, final loss: 0.00084305, weight distance: 0.0038
2025-09-22 11:13:05,928 - INFO - Example 390 completed: 47 steps, loss sum: 16.4670, final loss: 0.00084305, weight distance: 0.0038 (universal rank: 43732)
2025-09-22 11:13:05,928 - INFO - 
=== Worker 5 Training Example 391/1586 (global idx 8325): /home/projects/bagon/shared/imagenet512/val/n03976467/ILSVRC2012_val_00021117.JPEG ===
2025-09-22 11:13:07,309 - INFO - Example /home/projects/bagon/shared/imagenet512/val/n03976467/ILSVRC2012_val_00021117.JPEG reached epsilon at step 36, loss sum: 40.3511, final loss: 0.00094604, weight distance: 0.0033
2025-09-22 11:13:07,896 - INFO - Example 391 completed: 36 steps, loss sum: 40.3511, final loss: 0.00094604, weight distance: 0.0033 (universal rank: 43733)
2025-09-22 11:13:07,897 - INFO - 
=== Worker 5 Training Example 392/1586 (global idx 8326): /home/projects/bagon/shared/imagenet512/val/n04392985/ILSVRC2012_val_00015503.JPEG ===
2025-09-22 11:13:10,025 - INFO - Example /home/projects/bagon/shared/imagenet512/val/n04392985/ILSVRC2012_val_00015503.JPEG reached epsilon at step 57, loss sum: 51.0405, final loss: 0.00094986, weight distance: 0.0046
2025-09-22 11:13:10,616 - INFO - Example 392 completed: 57 steps, loss sum: 51.0405, final loss: 0.00094986, weight distance: 0.0046 (universal rank: 43734)
2025-09-22 11:13:10,616 - INFO - 
=== Worker 5 Training Example 393/1586 (global idx 8327): /home/projects/bagon/shared/imagenet512/val/n04591713/ILSVRC2012_val_00042920.JPEG ===
2025-09-22 11:13:12,019 - INFO - Example /home/projects/bagon/shared/imagenet512/val/n04591713/ILSVRC2012_val_00042920.JPEG reached epsilon at step 37, loss sum: 10.0863, final loss: 0.00096130, weight distance: 0.0032
2025-09-22 11:13:12,675 - INFO - Example 393 completed: 37 steps, loss sum: 10.0863, final loss: 0.00096130, weight distance: 0.0032 (universal rank: 43735)
2025-09-22 11:13:12,675 - INFO - 
=== Worker 5 Training Example 394/1586 (global idx 8328): /home/projects/bagon/shared/imagenet512/val/n03388549/ILSVRC2012_val_00016373.JPEG ===
2025-09-22 11:13:13,719 - INFO - Example /home/projects/bagon/shared/imagenet512/val/n03388549/ILSVRC2012_val_00016373.JPEG reached epsilon at step 27, loss sum: 16.0000, final loss: 0.00090027, weight distance: 0.0025
2025-09-22 11:13:14,530 - INFO - Example 394 completed: 27 steps, loss sum: 16.0000, final loss: 0.00090027, weight distance: 0.0025 (universal rank: 43736)
2025-09-22 11:13:14,530 - INFO - 
=== Worker 5 Training Example 395/1586 (global idx 8329): /home/projects/bagon/shared/imagenet512/val/n04153751/ILSVRC2012_val_00038634.JPEG ===
2025-09-22 11:13:16,581 - INFO - Example /home/projects/bagon/shared/imagenet512/val/n04153751/ILSVRC2012_val_00038634.JPEG reached epsilon at step 55, loss sum: 87.5492, final loss: 0.00093842, weight distance: 0.0047
2025-09-22 11:13:17,157 - INFO - Example 395 completed: 55 steps, loss sum: 87.5492, final loss: 0.00093842, weight distance: 0.0047 (universal rank: 43737)
2025-09-22 11:13:17,157 - INFO - 
=== Worker 5 Training Example 396/1586 (global idx 8330): /home/projects/bagon/shared/imagenet512/val/n02089973/ILSVRC2012_val_00038676.JPEG ===
2025-09-22 11:13:18,975 - INFO - Example /home/projects/bagon/shared/imagenet512/val/n02089973/ILSVRC2012_val_00038676.JPEG reached epsilon at step 48, loss sum: 12.5890, final loss: 0.00099945, weight distance: 0.0040
2025-09-22 11:13:19,554 - INFO - Example 396 completed: 48 steps, loss sum: 12.5890, final loss: 0.00099945, weight distance: 0.0040 (universal rank: 43738)
2025-09-22 11:13:19,554 - INFO - 
=== Worker 5 Training Example 397/1586 (global idx 8331): /home/projects/bagon/shared/imagenet512/val/n02319095/ILSVRC2012_val_00021857.JPEG ===
2025-09-22 11:13:21,290 - INFO - Example /home/projects/bagon/shared/imagenet512/val/n02319095/ILSVRC2012_val_00021857.JPEG reached epsilon at step 46, loss sum: 30.0402, final loss: 0.00094604, weight distance: 0.0041
2025-09-22 11:13:21,891 - INFO - Example 397 completed: 46 steps, loss sum: 30.0402, final loss: 0.00094604, weight distance: 0.0041 (universal rank: 43739)
2025-09-22 11:13:21,891 - INFO - 
=== Worker 5 Training Example 398/1586 (global idx 8332): /home/projects/bagon/shared/imagenet512/val/n04479046/ILSVRC2012_val_00041995.JPEG ===
2025-09-22 11:13:23,126 - INFO - Example /home/projects/bagon/shared/imagenet512/val/n04479046/ILSVRC2012_val_00041995.JPEG reached epsilon at step 32, loss sum: 18.7039, final loss: 0.00085831, weight distance: 0.0030
2025-09-22 11:13:23,701 - INFO - Example 398 completed: 32 steps, loss sum: 18.7039, final loss: 0.00085831, weight distance: 0.0030 (universal rank: 43740)
2025-09-22 11:13:23,701 - INFO - 
=== Worker 5 Training Example 399/1586 (global idx 8333): /home/projects/bagon/shared/imagenet512/val/n02107908/ILSVRC2012_val_00012690.JPEG ===
2025-09-22 11:13:25,523 - INFO - Example /home/projects/bagon/shared/imagenet512/val/n02107908/ILSVRC2012_val_00012690.JPEG reached epsilon at step 48, loss sum: 4.7855, final loss: 0.00084686, weight distance: 0.0042
2025-09-22 11:13:26,103 - INFO - Example 399 completed: 48 steps, loss sum: 4.7855, final loss: 0.00084686, weight distance: 0.0042 (universal rank: 43742)
2025-09-22 11:13:26,103 - INFO - 
=== Worker 5 Training Example 400/1586 (global idx 8334): /home/projects/bagon/shared/imagenet512/val/n02107574/ILSVRC2012_val_00025684.JPEG ===
2025-09-22 11:13:27,439 - INFO - Example /home/projects/bagon/shared/imagenet512/val/n02107574/ILSVRC2012_val_00025684.JPEG reached epsilon at step 35, loss sum: 4.7796, final loss: 0.00078964, weight distance: 0.0031
2025-09-22 11:13:28,028 - INFO - Example 400 completed: 35 steps, loss sum: 4.7796, final loss: 0.00078964, weight distance: 0.0031 (universal rank: 43743)
2025-09-22 11:13:28,028 - INFO - 
=== Worker 5 Training Example 401/1586 (global idx 8335): /home/projects/bagon/shared/imagenet512/val/n01756291/ILSVRC2012_val_00040445.JPEG ===
2025-09-22 11:13:31,166 - INFO - Example /home/projects/bagon/shared/imagenet512/val/n01756291/ILSVRC2012_val_00040445.JPEG reached epsilon at step 85, loss sum: 39.9193, final loss: 0.00090027, weight distance: 0.0060
2025-09-22 11:13:31,737 - INFO - Example 401 completed: 85 steps, loss sum: 39.9193, final loss: 0.00090027, weight distance: 0.0060 (universal rank: 43744)
2025-09-22 11:13:31,737 - INFO - 
=== Worker 5 Training Example 402/1586 (global idx 8336): /home/projects/bagon/shared/imagenet512/val/n04525038/ILSVRC2012_val_00028309.JPEG ===
2025-09-22 11:13:33,102 - INFO - Example /home/projects/bagon/shared/imagenet512/val/n04525038/ILSVRC2012_val_00028309.JPEG reached epsilon at step 36, loss sum: 16.2067, final loss: 0.00095749, weight distance: 0.0032
2025-09-22 11:13:33,687 - INFO - Example 402 completed: 36 steps, loss sum: 16.2067, final loss: 0.00095749, weight distance: 0.0032 (universal rank: 43745)
2025-09-22 11:13:33,687 - INFO - 
=== Worker 5 Training Example 403/1586 (global idx 8337): /home/projects/bagon/shared/imagenet512/val/n04008634/ILSVRC2012_val_00033210.JPEG ===
2025-09-22 11:13:35,782 - INFO - Example /home/projects/bagon/shared/imagenet512/val/n04008634/ILSVRC2012_val_00033210.JPEG reached epsilon at step 56, loss sum: 5.1988, final loss: 0.00091934, weight distance: 0.0041
2025-09-22 11:13:36,468 - INFO - Example 403 completed: 56 steps, loss sum: 5.1988, final loss: 0.00091934, weight distance: 0.0041 (universal rank: 43746)
2025-09-22 11:13:36,468 - INFO - 
=== Worker 5 Training Example 404/1586 (global idx 8338): /home/projects/bagon/shared/imagenet512/val/n03476991/ILSVRC2012_val_00024285.JPEG ===
2025-09-22 11:13:37,830 - INFO - Example /home/projects/bagon/shared/imagenet512/val/n03476991/ILSVRC2012_val_00024285.JPEG reached epsilon at step 36, loss sum: 20.7939, final loss: 0.00092316, weight distance: 0.0033
2025-09-22 11:13:38,388 - INFO - Example 404 completed: 36 steps, loss sum: 20.7939, final loss: 0.00092316, weight distance: 0.0033 (universal rank: 43748)
2025-09-22 11:13:38,388 - INFO - 
=== Worker 5 Training Example 405/1586 (global idx 8339): /home/projects/bagon/shared/imagenet512/val/n03032252/ILSVRC2012_val_00012487.JPEG ===
2025-09-22 11:13:39,462 - INFO - Example /home/projects/bagon/shared/imagenet512/val/n03032252/ILSVRC2012_val_00012487.JPEG reached epsilon at step 28, loss sum: 11.5478, final loss: 0.00084305, weight distance: 0.0026
2025-09-22 11:13:40,017 - INFO - Example 405 completed: 28 steps, loss sum: 11.5478, final loss: 0.00084305, weight distance: 0.0026 (universal rank: 43749)
2025-09-22 11:13:40,018 - INFO - 
=== Worker 5 Training Example 406/1586 (global idx 8340): /home/projects/bagon/shared/imagenet512/val/n03599486/ILSVRC2012_val_00004290.JPEG ===
2025-09-22 11:13:41,627 - INFO - Example /home/projects/bagon/shared/imagenet512/val/n03599486/ILSVRC2012_val_00004290.JPEG reached epsilon at step 43, loss sum: 54.0359, final loss: 0.00096893, weight distance: 0.0040
2025-09-22 11:13:42,258 - INFO - Example 406 completed: 43 steps, loss sum: 54.0359, final loss: 0.00096893, weight distance: 0.0040 (universal rank: 43750)
2025-09-22 11:13:42,258 - INFO - 
=== Worker 5 Training Example 407/1586 (global idx 8341): /home/projects/bagon/shared/imagenet512/val/n04350905/ILSVRC2012_val_00029159.JPEG ===
2025-09-22 11:13:44,562 - INFO - Example /home/projects/bagon/shared/imagenet512/val/n04350905/ILSVRC2012_val_00029159.JPEG reached epsilon at step 62, loss sum: 15.3005, final loss: 0.00062180, weight distance: 0.0048
2025-09-22 11:13:45,108 - INFO - Example 407 completed: 62 steps, loss sum: 15.3005, final loss: 0.00062180, weight distance: 0.0048 (universal rank: 43751)
2025-09-22 11:13:45,108 - INFO - 
=== Worker 5 Training Example 408/1586 (global idx 8342): /home/projects/bagon/shared/imagenet512/val/n03908714/ILSVRC2012_val_00036946.JPEG ===
2025-09-22 11:13:46,832 - INFO - Example /home/projects/bagon/shared/imagenet512/val/n03908714/ILSVRC2012_val_00036946.JPEG reached epsilon at step 46, loss sum: 79.0251, final loss: 0.00083923, weight distance: 0.0042
2025-09-22 11:13:47,381 - INFO - Example 408 completed: 46 steps, loss sum: 79.0251, final loss: 0.00083923, weight distance: 0.0042 (universal rank: 43752)
2025-09-22 11:13:47,381 - INFO - 
=== Worker 5 Training Example 409/1586 (global idx 8343): /home/projects/bagon/shared/imagenet512/val/n03201208/ILSVRC2012_val_00034560.JPEG ===
2025-09-22 11:13:48,603 - INFO - Example /home/projects/bagon/shared/imagenet512/val/n03201208/ILSVRC2012_val_00034560.JPEG reached epsilon at step 32, loss sum: 5.4866, final loss: 0.00085449, weight distance: 0.0030
2025-09-22 11:13:49,164 - INFO - Example 409 completed: 32 steps, loss sum: 5.4866, final loss: 0.00085449, weight distance: 0.0030 (universal rank: 43754)
2025-09-22 11:13:49,164 - INFO - 
=== Worker 5 Training Example 410/1586 (global idx 8344): /home/projects/bagon/shared/imagenet512/val/n04370456/ILSVRC2012_val_00035013.JPEG ===
2025-09-22 11:13:49,952 - INFO - Example /home/projects/bagon/shared/imagenet512/val/n04370456/ILSVRC2012_val_00035013.JPEG reached epsilon at step 20, loss sum: 2.0374, final loss: 0.00093842, weight distance: 0.0019
2025-09-22 11:13:50,522 - INFO - Example 410 completed: 20 steps, loss sum: 2.0374, final loss: 0.00093842, weight distance: 0.0019 (universal rank: 43755)
2025-09-22 11:13:50,522 - INFO - 
=== Worker 5 Training Example 411/1586 (global idx 8345): /home/projects/bagon/shared/imagenet512/val/n03400231/ILSVRC2012_val_00015937.JPEG ===
2025-09-22 11:13:51,927 - INFO - Example /home/projects/bagon/shared/imagenet512/val/n03400231/ILSVRC2012_val_00015937.JPEG reached epsilon at step 37, loss sum: 23.1744, final loss: 0.00090408, weight distance: 0.0034
2025-09-22 11:13:52,492 - INFO - Example 411 completed: 37 steps, loss sum: 23.1744, final loss: 0.00090408, weight distance: 0.0034 (universal rank: 43757)
2025-09-22 11:13:52,492 - INFO - 
=== Worker 5 Training Example 412/1586 (global idx 8346): /home/projects/bagon/shared/imagenet512/val/n03623198/ILSVRC2012_val_00039114.JPEG ===
2025-09-22 11:13:54,219 - INFO - Example /home/projects/bagon/shared/imagenet512/val/n03623198/ILSVRC2012_val_00039114.JPEG reached epsilon at step 44, loss sum: 58.5158, final loss: 0.00062943, weight distance: 0.0039
2025-09-22 11:13:54,775 - INFO - Example 412 completed: 44 steps, loss sum: 58.5158, final loss: 0.00062943, weight distance: 0.0039 (universal rank: 43759)
2025-09-22 11:13:54,775 - INFO - 
=== Worker 5 Training Example 413/1586 (global idx 8347): /home/projects/bagon/shared/imagenet512/val/n03249569/ILSVRC2012_val_00008797.JPEG ===
2025-09-22 11:13:56,356 - INFO - Example /home/projects/bagon/shared/imagenet512/val/n03249569/ILSVRC2012_val_00008797.JPEG reached epsilon at step 42, loss sum: 52.5950, final loss: 0.00096893, weight distance: 0.0037
2025-09-22 11:13:56,909 - INFO - Example 413 completed: 42 steps, loss sum: 52.5950, final loss: 0.00096893, weight distance: 0.0037 (universal rank: 43760)
2025-09-22 11:13:56,909 - INFO - 
=== Worker 5 Training Example 414/1586 (global idx 8348): /home/projects/bagon/shared/imagenet512/val/n01877812/ILSVRC2012_val_00001708.JPEG ===
2025-09-22 11:13:58,048 - INFO - Example /home/projects/bagon/shared/imagenet512/val/n01877812/ILSVRC2012_val_00001708.JPEG reached epsilon at step 30, loss sum: 29.8181, final loss: 0.00060654, weight distance: 0.0027
2025-09-22 11:13:58,610 - INFO - Example 414 completed: 30 steps, loss sum: 29.8181, final loss: 0.00060654, weight distance: 0.0027 (universal rank: 43761)
2025-09-22 11:13:58,610 - INFO - 
=== Worker 5 Training Example 415/1586 (global idx 8349): /home/projects/bagon/shared/imagenet512/val/n03534580/ILSVRC2012_val_00041586.JPEG ===
2025-09-22 11:14:00,329 - INFO - Example /home/projects/bagon/shared/imagenet512/val/n03534580/ILSVRC2012_val_00041586.JPEG reached epsilon at step 46, loss sum: 56.5151, final loss: 0.00087357, weight distance: 0.0041
2025-09-22 11:14:00,894 - INFO - Example 415 completed: 46 steps, loss sum: 56.5151, final loss: 0.00087357, weight distance: 0.0041 (universal rank: 43763)
2025-09-22 11:14:00,894 - INFO - 
=== Worker 5 Training Example 416/1586 (global idx 8350): /home/projects/bagon/shared/imagenet512/val/n01744401/ILSVRC2012_val_00046696.JPEG ===
2025-09-22 11:14:02,258 - INFO - Example /home/projects/bagon/shared/imagenet512/val/n01744401/ILSVRC2012_val_00046696.JPEG reached epsilon at step 37, loss sum: 3.7756, final loss: 0.00082397, weight distance: 0.0033
2025-09-22 11:14:02,824 - INFO - Example 416 completed: 37 steps, loss sum: 3.7756, final loss: 0.00082397, weight distance: 0.0033 (universal rank: 43765)
2025-09-22 11:14:02,824 - INFO - 
=== Worker 5 Training Example 417/1586 (global idx 8351): /home/projects/bagon/shared/imagenet512/val/n03584254/ILSVRC2012_val_00014592.JPEG ===
2025-09-22 11:14:04,330 - INFO - Example /home/projects/bagon/shared/imagenet512/val/n03584254/ILSVRC2012_val_00014592.JPEG reached epsilon at step 41, loss sum: 57.7563, final loss: 0.00082397, weight distance: 0.0034
2025-09-22 11:14:04,915 - INFO - Example 417 completed: 41 steps, loss sum: 57.7563, final loss: 0.00082397, weight distance: 0.0034 (universal rank: 43766)
2025-09-22 11:14:04,915 - INFO - 
=== Worker 5 Training Example 418/1586 (global idx 8352): /home/projects/bagon/shared/imagenet512/val/n03874599/ILSVRC2012_val_00045334.JPEG ===
2025-09-22 11:14:06,770 - INFO - Example /home/projects/bagon/shared/imagenet512/val/n03874599/ILSVRC2012_val_00045334.JPEG reached epsilon at step 51, loss sum: 41.1160, final loss: 0.00094604, weight distance: 0.0044
2025-09-22 11:14:07,352 - INFO - Example 418 completed: 51 steps, loss sum: 41.1160, final loss: 0.00094604, weight distance: 0.0044 (universal rank: 43767)
2025-09-22 11:14:07,352 - INFO - 
=== Worker 5 Training Example 419/1586 (global idx 8353): /home/projects/bagon/shared/imagenet512/val/n03124170/ILSVRC2012_val_00035920.JPEG ===
2025-09-22 11:14:08,557 - INFO - Example /home/projects/bagon/shared/imagenet512/val/n03124170/ILSVRC2012_val_00035920.JPEG reached epsilon at step 33, loss sum: 8.2857, final loss: 0.00089645, weight distance: 0.0029
2025-09-22 11:14:09,135 - INFO - Example 419 completed: 33 steps, loss sum: 8.2857, final loss: 0.00089645, weight distance: 0.0029 (universal rank: 43768)
2025-09-22 11:14:09,135 - INFO - 
=== Worker 5 Training Example 420/1586 (global idx 8354): /home/projects/bagon/shared/imagenet512/val/n03709823/ILSVRC2012_val_00039989.JPEG ===
2025-09-22 11:14:10,343 - INFO - Example /home/projects/bagon/shared/imagenet512/val/n03709823/ILSVRC2012_val_00039989.JPEG reached epsilon at step 33, loss sum: 8.6756, final loss: 0.00087738, weight distance: 0.0029
2025-09-22 11:14:10,932 - INFO - Example 420 completed: 33 steps, loss sum: 8.6756, final loss: 0.00087738, weight distance: 0.0029 (universal rank: 43769)
2025-09-22 11:14:10,932 - INFO - 
=== Worker 5 Training Example 421/1586 (global idx 8355): /home/projects/bagon/shared/imagenet512/val/n04090263/ILSVRC2012_val_00046090.JPEG ===
2025-09-22 11:14:13,087 - INFO - Example /home/projects/bagon/shared/imagenet512/val/n04090263/ILSVRC2012_val_00046090.JPEG reached epsilon at step 60, loss sum: 73.5819, final loss: 0.00084305, weight distance: 0.0051
2025-09-22 11:14:13,672 - INFO - Example 421 completed: 60 steps, loss sum: 73.5819, final loss: 0.00084305, weight distance: 0.0051 (universal rank: 43770)
2025-09-22 11:14:13,672 - INFO - 
=== Worker 5 Training Example 422/1586 (global idx 8356): /home/projects/bagon/shared/imagenet512/val/n03982430/ILSVRC2012_val_00019726.JPEG ===
2025-09-22 11:14:17,146 - INFO - Example /home/projects/bagon/shared/imagenet512/val/n03982430/ILSVRC2012_val_00019726.JPEG reached epsilon at step 97, loss sum: 168.4171, final loss: 0.00095749, weight distance: 0.0069
2025-09-22 11:14:17,719 - INFO - Example 422 completed: 97 steps, loss sum: 168.4171, final loss: 0.00095749, weight distance: 0.0069 (universal rank: 43771)
2025-09-22 11:14:17,720 - INFO - 
=== Worker 5 Training Example 423/1586 (global idx 8357): /home/projects/bagon/shared/imagenet512/val/n03028079/ILSVRC2012_val_00019711.JPEG ===
2025-09-22 11:14:19,300 - INFO - Example /home/projects/bagon/shared/imagenet512/val/n03028079/ILSVRC2012_val_00019711.JPEG reached epsilon at step 43, loss sum: 17.8782, final loss: 0.00096893, weight distance: 0.0036
2025-09-22 11:14:19,861 - INFO - Example 423 completed: 43 steps, loss sum: 17.8782, final loss: 0.00096893, weight distance: 0.0036 (universal rank: 43772)
2025-09-22 11:14:19,861 - INFO - 
=== Worker 5 Training Example 424/1586 (global idx 8358): /home/projects/bagon/shared/imagenet512/val/n04548280/ILSVRC2012_val_00030987.JPEG ===
2025-09-22 11:14:21,420 - INFO - Example /home/projects/bagon/shared/imagenet512/val/n04548280/ILSVRC2012_val_00030987.JPEG reached epsilon at step 43, loss sum: 26.6918, final loss: 0.00098419, weight distance: 0.0036
2025-09-22 11:14:21,985 - INFO - Example 424 completed: 43 steps, loss sum: 26.6918, final loss: 0.00098419, weight distance: 0.0036 (universal rank: 43773)
2025-09-22 11:14:21,985 - INFO - 
=== Worker 5 Training Example 425/1586 (global idx 8359): /home/projects/bagon/shared/imagenet512/val/n09399592/ILSVRC2012_val_00038599.JPEG ===
2025-09-22 11:14:23,275 - INFO - Example /home/projects/bagon/shared/imagenet512/val/n09399592/ILSVRC2012_val_00038599.JPEG reached epsilon at step 35, loss sum: 4.6864, final loss: 0.00096893, weight distance: 0.0028
2025-09-22 11:14:24,528 - INFO - Example 425 completed: 35 steps, loss sum: 4.6864, final loss: 0.00096893, weight distance: 0.0028 (universal rank: 43776)
2025-09-22 11:14:24,528 - INFO - 
=== Worker 5 Training Example 426/1586 (global idx 8360): /home/projects/bagon/shared/imagenet512/val/n04136333/ILSVRC2012_val_00024195.JPEG ===
2025-09-22 11:14:25,646 - INFO - Example /home/projects/bagon/shared/imagenet512/val/n04136333/ILSVRC2012_val_00024195.JPEG reached epsilon at step 30, loss sum: 19.5337, final loss: 0.00099945, weight distance: 0.0027
2025-09-22 11:14:26,223 - INFO - Example 426 completed: 30 steps, loss sum: 19.5337, final loss: 0.00099945, weight distance: 0.0027 (universal rank: 43777)
2025-09-22 11:14:26,223 - INFO - 
=== Worker 5 Training Example 427/1586 (global idx 8361): /home/projects/bagon/shared/imagenet512/val/n03929855/ILSVRC2012_val_00002926.JPEG ===
2025-09-22 11:14:27,367 - INFO - Example /home/projects/bagon/shared/imagenet512/val/n03929855/ILSVRC2012_val_00002926.JPEG reached epsilon at step 31, loss sum: 33.0808, final loss: 0.00099945, weight distance: 0.0029
2025-09-22 11:14:27,925 - INFO - Example 427 completed: 31 steps, loss sum: 33.0808, final loss: 0.00099945, weight distance: 0.0029 (universal rank: 43778)
2025-09-22 11:14:27,925 - INFO - 
=== Worker 5 Training Example 428/1586 (global idx 8362): /home/projects/bagon/shared/imagenet512/val/n04552348/ILSVRC2012_val_00019254.JPEG ===
2025-09-22 11:14:29,167 - INFO - Example /home/projects/bagon/shared/imagenet512/val/n04552348/ILSVRC2012_val_00019254.JPEG reached epsilon at step 33, loss sum: 17.6241, final loss: 0.00093079, weight distance: 0.0031
2025-09-22 11:14:29,718 - INFO - Example 428 completed: 33 steps, loss sum: 17.6241, final loss: 0.00093079, weight distance: 0.0031 (universal rank: 43779)
2025-09-22 11:14:29,718 - INFO - 
=== Worker 5 Training Example 429/1586 (global idx 8363): /home/projects/bagon/shared/imagenet512/val/n03947888/ILSVRC2012_val_00012579.JPEG ===
2025-09-22 11:14:31,143 - INFO - Example /home/projects/bagon/shared/imagenet512/val/n03947888/ILSVRC2012_val_00012579.JPEG reached epsilon at step 39, loss sum: 21.1954, final loss: 0.00096130, weight distance: 0.0036
2025-09-22 11:14:31,707 - INFO - Example 429 completed: 39 steps, loss sum: 21.1954, final loss: 0.00096130, weight distance: 0.0036 (universal rank: 43780)
2025-09-22 11:14:31,707 - INFO - 
=== Worker 5 Training Example 430/1586 (global idx 8364): /home/projects/bagon/shared/imagenet512/val/n02749479/ILSVRC2012_val_00012413.JPEG ===
2025-09-22 11:14:32,988 - INFO - Example /home/projects/bagon/shared/imagenet512/val/n02749479/ILSVRC2012_val_00012413.JPEG reached epsilon at step 35, loss sum: 3.8428, final loss: 0.00093842, weight distance: 0.0031
2025-09-22 11:14:33,549 - INFO - Example 430 completed: 35 steps, loss sum: 3.8428, final loss: 0.00093842, weight distance: 0.0031 (universal rank: 43782)
2025-09-22 11:14:33,550 - INFO - 
=== Worker 5 Training Example 431/1586 (global idx 8365): /home/projects/bagon/shared/imagenet512/val/n02769748/ILSVRC2012_val_00011134.JPEG ===
2025-09-22 11:14:34,861 - INFO - Example /home/projects/bagon/shared/imagenet512/val/n02769748/ILSVRC2012_val_00011134.JPEG reached epsilon at step 36, loss sum: 22.9799, final loss: 0.00099182, weight distance: 0.0033
2025-09-22 11:14:35,460 - INFO - Example 431 completed: 36 steps, loss sum: 22.9799, final loss: 0.00099182, weight distance: 0.0033 (universal rank: 43783)
2025-09-22 11:14:35,460 - INFO - 
=== Worker 5 Training Example 432/1586 (global idx 8366): /home/projects/bagon/shared/imagenet512/val/n02236044/ILSVRC2012_val_00018257.JPEG ===
2025-09-22 11:14:36,965 - INFO - Example /home/projects/bagon/shared/imagenet512/val/n02236044/ILSVRC2012_val_00018257.JPEG reached epsilon at step 41, loss sum: 50.0456, final loss: 0.00075150, weight distance: 0.0034
2025-09-22 11:14:37,513 - INFO - Example 432 completed: 41 steps, loss sum: 50.0456, final loss: 0.00075150, weight distance: 0.0034 (universal rank: 43784)
2025-09-22 11:14:37,513 - INFO - 
=== Worker 5 Training Example 433/1586 (global idx 8367): /home/projects/bagon/shared/imagenet512/val/n03249569/ILSVRC2012_val_00004534.JPEG ===
2025-09-22 11:14:39,017 - INFO - Example /home/projects/bagon/shared/imagenet512/val/n03249569/ILSVRC2012_val_00004534.JPEG reached epsilon at step 41, loss sum: 43.7115, final loss: 0.00098419, weight distance: 0.0037
2025-09-22 11:14:39,582 - INFO - Example 433 completed: 41 steps, loss sum: 43.7115, final loss: 0.00098419, weight distance: 0.0037 (universal rank: 43785)
2025-09-22 11:14:39,582 - INFO - 
=== Worker 5 Training Example 434/1586 (global idx 8368): /home/projects/bagon/shared/imagenet512/val/n04040759/ILSVRC2012_val_00030119.JPEG ===
2025-09-22 11:14:40,875 - INFO - Example /home/projects/bagon/shared/imagenet512/val/n04040759/ILSVRC2012_val_00030119.JPEG reached epsilon at step 35, loss sum: 41.8930, final loss: 0.00095367, weight distance: 0.0032
2025-09-22 11:14:41,424 - INFO - Example 434 completed: 35 steps, loss sum: 41.8930, final loss: 0.00095367, weight distance: 0.0032 (universal rank: 43786)
2025-09-22 11:14:41,425 - INFO - 
=== Worker 5 Training Example 435/1586 (global idx 8369): /home/projects/bagon/shared/imagenet512/val/n02091244/ILSVRC2012_val_00041557.JPEG ===
2025-09-22 11:14:43,181 - INFO - Example /home/projects/bagon/shared/imagenet512/val/n02091244/ILSVRC2012_val_00041557.JPEG reached epsilon at step 48, loss sum: 36.0053, final loss: 0.00095749, weight distance: 0.0040
2025-09-22 11:14:43,748 - INFO - Example 435 completed: 48 steps, loss sum: 36.0053, final loss: 0.00095749, weight distance: 0.0040 (universal rank: 43787)
2025-09-22 11:14:43,748 - INFO - 
=== Worker 5 Training Example 436/1586 (global idx 8370): /home/projects/bagon/shared/imagenet512/val/n07920052/ILSVRC2012_val_00002934.JPEG ===
2025-09-22 11:14:45,734 - INFO - Example /home/projects/bagon/shared/imagenet512/val/n07920052/ILSVRC2012_val_00002934.JPEG reached epsilon at step 55, loss sum: 23.0101, final loss: 0.00085068, weight distance: 0.0039
2025-09-22 11:14:46,286 - INFO - Example 436 completed: 55 steps, loss sum: 23.0101, final loss: 0.00085068, weight distance: 0.0039 (universal rank: 43789)
2025-09-22 11:14:46,286 - INFO - 
=== Worker 5 Training Example 437/1586 (global idx 8371): /home/projects/bagon/shared/imagenet512/val/n04355933/ILSVRC2012_val_00014720.JPEG ===
2025-09-22 11:14:48,006 - INFO - Example /home/projects/bagon/shared/imagenet512/val/n04355933/ILSVRC2012_val_00014720.JPEG reached epsilon at step 47, loss sum: 7.1698, final loss: 0.00080109, weight distance: 0.0038
2025-09-22 11:14:48,640 - INFO - Example 437 completed: 47 steps, loss sum: 7.1698, final loss: 0.00080109, weight distance: 0.0038 (universal rank: 43791)
2025-09-22 11:14:48,640 - INFO - 
=== Worker 5 Training Example 438/1586 (global idx 8372): /home/projects/bagon/shared/imagenet512/val/n02093859/ILSVRC2012_val_00029435.JPEG ===
2025-09-22 11:14:50,349 - INFO - Example /home/projects/bagon/shared/imagenet512/val/n02093859/ILSVRC2012_val_00029435.JPEG reached epsilon at step 47, loss sum: 32.2187, final loss: 0.00097656, weight distance: 0.0040
2025-09-22 11:14:50,924 - INFO - Example 438 completed: 47 steps, loss sum: 32.2187, final loss: 0.00097656, weight distance: 0.0040 (universal rank: 43792)
2025-09-22 11:14:50,925 - INFO - 
=== Worker 5 Training Example 439/1586 (global idx 8373): /home/projects/bagon/shared/imagenet512/val/n07745940/ILSVRC2012_val_00001735.JPEG ===
2025-09-22 11:14:51,618 - INFO - Example /home/projects/bagon/shared/imagenet512/val/n07745940/ILSVRC2012_val_00001735.JPEG reached epsilon at step 18, loss sum: 0.8156, final loss: 0.00073624, weight distance: 0.0017
2025-09-22 11:14:52,177 - INFO - Example 439 completed: 18 steps, loss sum: 0.8156, final loss: 0.00073624, weight distance: 0.0017 (universal rank: 43793)
2025-09-22 11:14:52,177 - INFO - 
=== Worker 5 Training Example 440/1586 (global idx 8374): /home/projects/bagon/shared/imagenet512/val/n03958227/ILSVRC2012_val_00016320.JPEG ===
2025-09-22 11:14:54,418 - INFO - Example /home/projects/bagon/shared/imagenet512/val/n03958227/ILSVRC2012_val_00016320.JPEG reached epsilon at step 62, loss sum: 89.6777, final loss: 0.00099182, weight distance: 0.0047
2025-09-22 11:14:54,982 - INFO - Example 440 completed: 62 steps, loss sum: 89.6777, final loss: 0.00099182, weight distance: 0.0047 (universal rank: 43794)
2025-09-22 11:14:54,982 - INFO - 
=== Worker 5 Training Example 441/1586 (global idx 8375): /home/projects/bagon/shared/imagenet512/val/n03868863/ILSVRC2012_val_00018887.JPEG ===
2025-09-22 11:14:56,006 - INFO - Example /home/projects/bagon/shared/imagenet512/val/n03868863/ILSVRC2012_val_00018887.JPEG reached epsilon at step 28, loss sum: 14.0993, final loss: 0.00069809, weight distance: 0.0025
2025-09-22 11:14:56,613 - INFO - Example 441 completed: 28 steps, loss sum: 14.0993, final loss: 0.00069809, weight distance: 0.0025 (universal rank: 43795)
2025-09-22 11:14:56,613 - INFO - 
=== Worker 5 Training Example 442/1586 (global idx 8376): /home/projects/bagon/shared/imagenet512/val/n02823428/ILSVRC2012_val_00012256.JPEG ===
2025-09-22 11:14:58,125 - INFO - Example /home/projects/bagon/shared/imagenet512/val/n02823428/ILSVRC2012_val_00012256.JPEG reached epsilon at step 42, loss sum: 10.7892, final loss: 0.00070953, weight distance: 0.0037
2025-09-22 11:14:58,739 - INFO - Example 442 completed: 42 steps, loss sum: 10.7892, final loss: 0.00070953, weight distance: 0.0037 (universal rank: 43796)
2025-09-22 11:14:58,739 - INFO - 
=== Worker 5 Training Example 443/1586 (global idx 8377): /home/projects/bagon/shared/imagenet512/val/n03133878/ILSVRC2012_val_00008989.JPEG ===
2025-09-22 11:15:00,260 - INFO - Example /home/projects/bagon/shared/imagenet512/val/n03133878/ILSVRC2012_val_00008989.JPEG reached epsilon at step 42, loss sum: 63.4052, final loss: 0.00063705, weight distance: 0.0039
2025-09-22 11:15:00,868 - INFO - Example 443 completed: 42 steps, loss sum: 63.4052, final loss: 0.00063705, weight distance: 0.0039 (universal rank: 43797)
2025-09-22 11:15:00,868 - INFO - 
=== Worker 5 Training Example 444/1586 (global idx 8378): /home/projects/bagon/shared/imagenet512/val/n04263257/ILSVRC2012_val_00023082.JPEG ===
2025-09-22 11:15:02,667 - INFO - Example /home/projects/bagon/shared/imagenet512/val/n04263257/ILSVRC2012_val_00023082.JPEG reached epsilon at step 50, loss sum: 57.3464, final loss: 0.00094223, weight distance: 0.0044
2025-09-22 11:15:03,237 - INFO - Example 444 completed: 50 steps, loss sum: 57.3464, final loss: 0.00094223, weight distance: 0.0044 (universal rank: 43798)
2025-09-22 11:15:03,237 - INFO - 
=== Worker 5 Training Example 445/1586 (global idx 8379): /home/projects/bagon/shared/imagenet512/val/n04332243/ILSVRC2012_val_00038496.JPEG ===
2025-09-22 11:15:04,563 - INFO - Example /home/projects/bagon/shared/imagenet512/val/n04332243/ILSVRC2012_val_00038496.JPEG reached epsilon at step 36, loss sum: 5.6388, final loss: 0.00099182, weight distance: 0.0032
2025-09-22 11:15:05,242 - INFO - Example 445 completed: 36 steps, loss sum: 5.6388, final loss: 0.00099182, weight distance: 0.0032 (universal rank: 43800)
2025-09-22 11:15:05,242 - INFO - 
=== Worker 5 Training Example 446/1586 (global idx 8380): /home/projects/bagon/shared/imagenet512/val/n02999410/ILSVRC2012_val_00009078.JPEG ===
2025-09-22 11:15:06,534 - INFO - Example /home/projects/bagon/shared/imagenet512/val/n02999410/ILSVRC2012_val_00009078.JPEG reached epsilon at step 35, loss sum: 6.0849, final loss: 0.00083542, weight distance: 0.0031
2025-09-22 11:15:07,180 - INFO - Example 446 completed: 35 steps, loss sum: 6.0849, final loss: 0.00083542, weight distance: 0.0031 (universal rank: 43801)
2025-09-22 11:15:07,180 - INFO - 
=== Worker 5 Training Example 447/1586 (global idx 8381): /home/projects/bagon/shared/imagenet512/val/n01667114/ILSVRC2012_val_00039536.JPEG ===
2025-09-22 11:15:08,684 - INFO - Example /home/projects/bagon/shared/imagenet512/val/n01667114/ILSVRC2012_val_00039536.JPEG reached epsilon at step 41, loss sum: 14.9686, final loss: 0.00084305, weight distance: 0.0037
2025-09-22 11:15:09,248 - INFO - Example 447 completed: 41 steps, loss sum: 14.9686, final loss: 0.00084305, weight distance: 0.0037 (universal rank: 43802)
2025-09-22 11:15:09,249 - INFO - 
=== Worker 5 Training Example 448/1586 (global idx 8382): /home/projects/bagon/shared/imagenet512/val/n02105855/ILSVRC2012_val_00031875.JPEG ===
2025-09-22 11:15:10,287 - INFO - Example /home/projects/bagon/shared/imagenet512/val/n02105855/ILSVRC2012_val_00031875.JPEG reached epsilon at step 28, loss sum: 5.8197, final loss: 0.00076294, weight distance: 0.0026
2025-09-22 11:15:10,839 - INFO - Example 448 completed: 28 steps, loss sum: 5.8197, final loss: 0.00076294, weight distance: 0.0026 (universal rank: 43804)
2025-09-22 11:15:10,839 - INFO - 
=== Worker 5 Training Example 449/1586 (global idx 8383): /home/projects/bagon/shared/imagenet512/val/n04116512/ILSVRC2012_val_00037439.JPEG ===
2025-09-22 11:15:12,828 - INFO - Example /home/projects/bagon/shared/imagenet512/val/n04116512/ILSVRC2012_val_00037439.JPEG reached epsilon at step 55, loss sum: 71.8179, final loss: 0.00098419, weight distance: 0.0047
2025-09-22 11:15:13,397 - INFO - Example 449 completed: 55 steps, loss sum: 71.8179, final loss: 0.00098419, weight distance: 0.0047 (universal rank: 43805)
2025-09-22 11:15:13,397 - INFO - 
=== Worker 5 Training Example 450/1586 (global idx 8384): /home/projects/bagon/shared/imagenet512/val/n01943899/ILSVRC2012_val_00010122.JPEG ===
2025-09-22 11:15:14,849 - INFO - Example /home/projects/bagon/shared/imagenet512/val/n01943899/ILSVRC2012_val_00010122.JPEG reached epsilon at step 40, loss sum: 76.8901, final loss: 0.00082779, weight distance: 0.0036
2025-09-22 11:15:15,423 - INFO - Example 450 completed: 40 steps, loss sum: 76.8901, final loss: 0.00082779, weight distance: 0.0036 (universal rank: 43806)
2025-09-22 11:15:15,423 - INFO - 
=== Worker 5 Training Example 451/1586 (global idx 8385): /home/projects/bagon/shared/imagenet512/val/n03776460/ILSVRC2012_val_00024703.JPEG ===
2025-09-22 11:15:16,738 - INFO - Example /home/projects/bagon/shared/imagenet512/val/n03776460/ILSVRC2012_val_00024703.JPEG reached epsilon at step 36, loss sum: 10.8269, final loss: 0.00094223, weight distance: 0.0031
2025-09-22 11:15:17,301 - INFO - Example 451 completed: 36 steps, loss sum: 10.8269, final loss: 0.00094223, weight distance: 0.0031 (universal rank: 43807)
2025-09-22 11:15:17,301 - INFO - 
=== Worker 5 Training Example 452/1586 (global idx 8386): /home/projects/bagon/shared/imagenet512/val/n04350905/ILSVRC2012_val_00034991.JPEG ===
2025-09-22 11:15:19,385 - INFO - Example /home/projects/bagon/shared/imagenet512/val/n04350905/ILSVRC2012_val_00034991.JPEG reached epsilon at step 58, loss sum: 61.3011, final loss: 0.00090408, weight distance: 0.0046
2025-09-22 11:15:19,943 - INFO - Example 452 completed: 58 steps, loss sum: 61.3011, final loss: 0.00090408, weight distance: 0.0046 (universal rank: 43808)
2025-09-22 11:15:19,943 - INFO - 
=== Worker 5 Training Example 453/1586 (global idx 8387): /home/projects/bagon/shared/imagenet512/val/n03255030/ILSVRC2012_val_00013123.JPEG ===
2025-09-22 11:15:21,535 - INFO - Example /home/projects/bagon/shared/imagenet512/val/n03255030/ILSVRC2012_val_00013123.JPEG reached epsilon at step 44, loss sum: 86.3702, final loss: 0.00094223, weight distance: 0.0040
2025-09-22 11:15:22,110 - INFO - Example 453 completed: 44 steps, loss sum: 86.3702, final loss: 0.00094223, weight distance: 0.0040 (universal rank: 43809)
2025-09-22 11:15:22,110 - INFO - 
=== Worker 5 Training Example 454/1586 (global idx 8388): /home/projects/bagon/shared/imagenet512/val/n03764736/ILSVRC2012_val_00015009.JPEG ===
2025-09-22 11:15:23,315 - INFO - Example /home/projects/bagon/shared/imagenet512/val/n03764736/ILSVRC2012_val_00015009.JPEG reached epsilon at step 33, loss sum: 73.6669, final loss: 0.00090027, weight distance: 0.0030
2025-09-22 11:15:23,900 - INFO - Example 454 completed: 33 steps, loss sum: 73.6669, final loss: 0.00090027, weight distance: 0.0030 (universal rank: 43810)
2025-09-22 11:15:23,900 - INFO - 
=== Worker 5 Training Example 455/1586 (global idx 8389): /home/projects/bagon/shared/imagenet512/val/n01847000/ILSVRC2012_val_00032503.JPEG ===
2025-09-22 11:15:26,318 - INFO - Example /home/projects/bagon/shared/imagenet512/val/n01847000/ILSVRC2012_val_00032503.JPEG reached epsilon at step 67, loss sum: 62.6107, final loss: 0.00092316, weight distance: 0.0055
2025-09-22 11:15:26,882 - INFO - Example 455 completed: 67 steps, loss sum: 62.6107, final loss: 0.00092316, weight distance: 0.0055 (universal rank: 43811)
2025-09-22 11:15:26,883 - INFO - 
=== Worker 5 Training Example 456/1586 (global idx 8390): /home/projects/bagon/shared/imagenet512/val/n02111277/ILSVRC2012_val_00016001.JPEG ===
2025-09-22 11:15:27,743 - INFO - Example /home/projects/bagon/shared/imagenet512/val/n02111277/ILSVRC2012_val_00016001.JPEG reached epsilon at step 23, loss sum: 1.2477, final loss: 0.00080109, weight distance: 0.0021
2025-09-22 11:15:28,303 - INFO - Example 456 completed: 23 steps, loss sum: 1.2477, final loss: 0.00080109, weight distance: 0.0021 (universal rank: 43812)
2025-09-22 11:15:28,303 - INFO - 
=== Worker 5 Training Example 457/1586 (global idx 8391): /home/projects/bagon/shared/imagenet512/val/n04065272/ILSVRC2012_val_00034627.JPEG ===
2025-09-22 11:15:29,707 - INFO - Example /home/projects/bagon/shared/imagenet512/val/n04065272/ILSVRC2012_val_00034627.JPEG reached epsilon at step 38, loss sum: 31.8537, final loss: 0.00085831, weight distance: 0.0032
2025-09-22 11:15:30,348 - INFO - Example 457 completed: 38 steps, loss sum: 31.8537, final loss: 0.00085831, weight distance: 0.0032 (universal rank: 43814)
2025-09-22 11:15:30,349 - INFO - 
=== Worker 5 Training Example 458/1586 (global idx 8392): /home/projects/bagon/shared/imagenet512/val/n01740131/ILSVRC2012_val_00045858.JPEG ===
2025-09-22 11:15:31,801 - INFO - Example /home/projects/bagon/shared/imagenet512/val/n01740131/ILSVRC2012_val_00045858.JPEG reached epsilon at step 40, loss sum: 30.7232, final loss: 0.00080872, weight distance: 0.0038
2025-09-22 11:15:32,357 - INFO - Example 458 completed: 40 steps, loss sum: 30.7232, final loss: 0.00080872, weight distance: 0.0038 (universal rank: 43815)
2025-09-22 11:15:32,357 - INFO - 
=== Worker 5 Training Example 459/1586 (global idx 8393): /home/projects/bagon/shared/imagenet512/val/n04239074/ILSVRC2012_val_00006784.JPEG ===
2025-09-22 11:15:34,125 - INFO - Example /home/projects/bagon/shared/imagenet512/val/n04239074/ILSVRC2012_val_00006784.JPEG reached epsilon at step 49, loss sum: 28.2077, final loss: 0.00088120, weight distance: 0.0042
2025-09-22 11:15:34,681 - INFO - Example 459 completed: 49 steps, loss sum: 28.2077, final loss: 0.00088120, weight distance: 0.0042 (universal rank: 43816)
2025-09-22 11:15:34,681 - INFO - 
=== Worker 5 Training Example 460/1586 (global idx 8394): /home/projects/bagon/shared/imagenet512/val/n01744401/ILSVRC2012_val_00044112.JPEG ===
2025-09-22 11:15:36,404 - INFO - Example /home/projects/bagon/shared/imagenet512/val/n01744401/ILSVRC2012_val_00044112.JPEG reached epsilon at step 48, loss sum: 24.6990, final loss: 0.00077438, weight distance: 0.0042
2025-09-22 11:15:36,969 - INFO - Example 460 completed: 48 steps, loss sum: 24.6990, final loss: 0.00077438, weight distance: 0.0042 (universal rank: 43817)
2025-09-22 11:15:36,969 - INFO - 
=== Worker 5 Training Example 461/1586 (global idx 8395): /home/projects/bagon/shared/imagenet512/val/n03481172/ILSVRC2012_val_00028069.JPEG ===
2025-09-22 11:15:38,309 - INFO - Example /home/projects/bagon/shared/imagenet512/val/n03481172/ILSVRC2012_val_00028069.JPEG reached epsilon at step 37, loss sum: 11.8103, final loss: 0.00083542, weight distance: 0.0033
2025-09-22 11:15:38,883 - INFO - Example 461 completed: 37 steps, loss sum: 11.8103, final loss: 0.00083542, weight distance: 0.0033 (universal rank: 43818)
2025-09-22 11:15:38,883 - INFO - 
=== Worker 5 Training Example 462/1586 (global idx 8396): /home/projects/bagon/shared/imagenet512/val/n02823750/ILSVRC2012_val_00013745.JPEG ===
2025-09-22 11:15:40,292 - INFO - Example /home/projects/bagon/shared/imagenet512/val/n02823750/ILSVRC2012_val_00013745.JPEG reached epsilon at step 39, loss sum: 31.1809, final loss: 0.00083923, weight distance: 0.0035
2025-09-22 11:15:40,859 - INFO - Example 462 completed: 39 steps, loss sum: 31.1809, final loss: 0.00083923, weight distance: 0.0035 (universal rank: 43819)
2025-09-22 11:15:40,859 - INFO - 
=== Worker 5 Training Example 463/1586 (global idx 8397): /home/projects/bagon/shared/imagenet512/val/n03916031/ILSVRC2012_val_00021789.JPEG ===
2025-09-22 11:15:42,111 - INFO - Example /home/projects/bagon/shared/imagenet512/val/n03916031/ILSVRC2012_val_00021789.JPEG reached epsilon at step 32, loss sum: 11.0410, final loss: 0.00077820, weight distance: 0.0026
2025-09-22 11:15:42,696 - INFO - Example 463 completed: 32 steps, loss sum: 11.0410, final loss: 0.00077820, weight distance: 0.0026 (universal rank: 43822)
2025-09-22 11:15:42,697 - INFO - 
=== Worker 5 Training Example 464/1586 (global idx 8398): /home/projects/bagon/shared/imagenet512/val/n03868863/ILSVRC2012_val_00006497.JPEG ===
2025-09-22 11:15:44,748 - INFO - Example /home/projects/bagon/shared/imagenet512/val/n03868863/ILSVRC2012_val_00006497.JPEG reached epsilon at step 57, loss sum: 80.0606, final loss: 0.00080490, weight distance: 0.0048
2025-09-22 11:15:45,320 - INFO - Example 464 completed: 57 steps, loss sum: 80.0606, final loss: 0.00080490, weight distance: 0.0048 (universal rank: 43823)
2025-09-22 11:15:45,320 - INFO - 
=== Worker 5 Training Example 465/1586 (global idx 8399): /home/projects/bagon/shared/imagenet512/val/n04550184/ILSVRC2012_val_00021368.JPEG ===
2025-09-22 11:15:46,849 - INFO - Example /home/projects/bagon/shared/imagenet512/val/n04550184/ILSVRC2012_val_00021368.JPEG reached epsilon at step 42, loss sum: 23.4201, final loss: 0.00088120, weight distance: 0.0037
2025-09-22 11:15:47,414 - INFO - Example 465 completed: 42 steps, loss sum: 23.4201, final loss: 0.00088120, weight distance: 0.0037 (universal rank: 43824)
2025-09-22 11:15:47,414 - INFO - 
=== Worker 5 Training Example 466/1586 (global idx 8400): /home/projects/bagon/shared/imagenet512/val/n02085620/ILSVRC2012_val_00023886.JPEG ===
2025-09-22 11:15:49,605 - INFO - Example /home/projects/bagon/shared/imagenet512/val/n02085620/ILSVRC2012_val_00023886.JPEG reached epsilon at step 61, loss sum: 45.8809, final loss: 0.00079727, weight distance: 0.0050
2025-09-22 11:15:50,168 - INFO - Example 466 completed: 61 steps, loss sum: 45.8809, final loss: 0.00079727, weight distance: 0.0050 (universal rank: 43825)
2025-09-22 11:15:50,168 - INFO - 
=== Worker 5 Training Example 467/1586 (global idx 8401): /home/projects/bagon/shared/imagenet512/val/n01537544/ILSVRC2012_val_00025037.JPEG ===
2025-09-22 11:15:52,125 - INFO - Example /home/projects/bagon/shared/imagenet512/val/n01537544/ILSVRC2012_val_00025037.JPEG reached epsilon at step 55, loss sum: 38.5204, final loss: 0.00084305, weight distance: 0.0046
2025-09-22 11:15:52,677 - INFO - Example 467 completed: 55 steps, loss sum: 38.5204, final loss: 0.00084305, weight distance: 0.0046 (universal rank: 43826)
2025-09-22 11:15:52,677 - INFO - 
=== Worker 5 Training Example 468/1586 (global idx 8402): /home/projects/bagon/shared/imagenet512/val/n04548280/ILSVRC2012_val_00008278.JPEG ===
2025-09-22 11:15:54,694 - INFO - Example /home/projects/bagon/shared/imagenet512/val/n04548280/ILSVRC2012_val_00008278.JPEG reached epsilon at step 56, loss sum: 95.3784, final loss: 0.00059509, weight distance: 0.0047
2025-09-22 11:15:55,245 - INFO - Example 468 completed: 56 steps, loss sum: 95.3784, final loss: 0.00059509, weight distance: 0.0047 (universal rank: 43827)
2025-09-22 11:15:55,245 - INFO - 
=== Worker 5 Training Example 469/1586 (global idx 8403): /home/projects/bagon/shared/imagenet512/val/n04409515/ILSVRC2012_val_00024455.JPEG ===
2025-09-22 11:15:56,942 - INFO - Example /home/projects/bagon/shared/imagenet512/val/n04409515/ILSVRC2012_val_00024455.JPEG reached epsilon at step 47, loss sum: 23.4491, final loss: 0.00095749, weight distance: 0.0036
2025-09-22 11:15:57,497 - INFO - Example 469 completed: 47 steps, loss sum: 23.4491, final loss: 0.00095749, weight distance: 0.0036 (universal rank: 43828)
2025-09-22 11:15:57,497 - INFO - 
=== Worker 5 Training Example 470/1586 (global idx 8404): /home/projects/bagon/shared/imagenet512/val/n03759954/ILSVRC2012_val_00035325.JPEG ===
2025-09-22 11:15:59,165 - INFO - Example /home/projects/bagon/shared/imagenet512/val/n03759954/ILSVRC2012_val_00035325.JPEG reached epsilon at step 46, loss sum: 42.6716, final loss: 0.00075912, weight distance: 0.0038
2025-09-22 11:15:59,733 - INFO - Example 470 completed: 46 steps, loss sum: 42.6716, final loss: 0.00075912, weight distance: 0.0038 (universal rank: 43829)
2025-09-22 11:15:59,733 - INFO - 
=== Worker 5 Training Example 471/1586 (global idx 8405): /home/projects/bagon/shared/imagenet512/val/n03657121/ILSVRC2012_val_00043055.JPEG ===
2025-09-22 11:16:01,155 - INFO - Example /home/projects/bagon/shared/imagenet512/val/n03657121/ILSVRC2012_val_00043055.JPEG reached epsilon at step 39, loss sum: 81.3699, final loss: 0.00087357, weight distance: 0.0035
2025-09-22 11:16:01,720 - INFO - Example 471 completed: 39 steps, loss sum: 81.3699, final loss: 0.00087357, weight distance: 0.0035 (universal rank: 43830)
2025-09-22 11:16:01,720 - INFO - 
=== Worker 5 Training Example 472/1586 (global idx 8406): /home/projects/bagon/shared/imagenet512/val/n02699494/ILSVRC2012_val_00045021.JPEG ===
2025-09-22 11:16:02,864 - INFO - Example /home/projects/bagon/shared/imagenet512/val/n02699494/ILSVRC2012_val_00045021.JPEG reached epsilon at step 31, loss sum: 1.8914, final loss: 0.00084305, weight distance: 0.0028
2025-09-22 11:16:03,429 - INFO - Example 472 completed: 31 steps, loss sum: 1.8914, final loss: 0.00084305, weight distance: 0.0028 (universal rank: 43831)
2025-09-22 11:16:03,429 - INFO - 
=== Worker 5 Training Example 473/1586 (global idx 8407): /home/projects/bagon/shared/imagenet512/val/n03866082/ILSVRC2012_val_00024930.JPEG ===
2025-09-22 11:16:05,370 - INFO - Example /home/projects/bagon/shared/imagenet512/val/n03866082/ILSVRC2012_val_00024930.JPEG reached epsilon at step 54, loss sum: 21.1076, final loss: 0.00089264, weight distance: 0.0045
2025-09-22 11:16:05,945 - INFO - Example 473 completed: 54 steps, loss sum: 21.1076, final loss: 0.00089264, weight distance: 0.0045 (universal rank: 43832)
2025-09-22 11:16:05,945 - INFO - 
=== Worker 5 Training Example 474/1586 (global idx 8408): /home/projects/bagon/shared/imagenet512/val/n07836838/ILSVRC2012_val_00038954.JPEG ===
2025-09-22 11:16:07,000 - INFO - Example /home/projects/bagon/shared/imagenet512/val/n07836838/ILSVRC2012_val_00038954.JPEG reached epsilon at step 28, loss sum: 9.6827, final loss: 0.00086975, weight distance: 0.0026
2025-09-22 11:16:07,561 - INFO - Example 474 completed: 28 steps, loss sum: 9.6827, final loss: 0.00086975, weight distance: 0.0026 (universal rank: 43833)
2025-09-22 11:16:07,561 - INFO - 
=== Worker 5 Training Example 475/1586 (global idx 8409): /home/projects/bagon/shared/imagenet512/val/n02279972/ILSVRC2012_val_00046963.JPEG ===
2025-09-22 11:16:10,084 - INFO - Example /home/projects/bagon/shared/imagenet512/val/n02279972/ILSVRC2012_val_00046963.JPEG reached epsilon at step 71, loss sum: 128.2762, final loss: 0.00083542, weight distance: 0.0056
2025-09-22 11:16:10,651 - INFO - Example 475 completed: 71 steps, loss sum: 128.2762, final loss: 0.00083542, weight distance: 0.0056 (universal rank: 43834)
2025-09-22 11:16:10,651 - INFO - 
=== Worker 5 Training Example 476/1586 (global idx 8410): /home/projects/bagon/shared/imagenet512/val/n01689811/ILSVRC2012_val_00037210.JPEG ===
2025-09-22 11:16:12,209 - INFO - Example /home/projects/bagon/shared/imagenet512/val/n01689811/ILSVRC2012_val_00037210.JPEG reached epsilon at step 43, loss sum: 77.6072, final loss: 0.00073624, weight distance: 0.0036
2025-09-22 11:16:12,775 - INFO - Example 476 completed: 43 steps, loss sum: 77.6072, final loss: 0.00073624, weight distance: 0.0036 (universal rank: 43835)
2025-09-22 11:16:12,775 - INFO - 
=== Worker 5 Training Example 477/1586 (global idx 8411): /home/projects/bagon/shared/imagenet512/val/n03424325/ILSVRC2012_val_00014992.JPEG ===
2025-09-22 11:16:14,417 - INFO - Example /home/projects/bagon/shared/imagenet512/val/n03424325/ILSVRC2012_val_00014992.JPEG reached epsilon at step 46, loss sum: 52.3787, final loss: 0.00080109, weight distance: 0.0034
2025-09-22 11:16:14,979 - INFO - Example 477 completed: 46 steps, loss sum: 52.3787, final loss: 0.00080109, weight distance: 0.0034 (universal rank: 43836)
2025-09-22 11:16:14,979 - INFO - 
=== Worker 5 Training Example 478/1586 (global idx 8412): /home/projects/bagon/shared/imagenet512/val/n09193705/ILSVRC2012_val_00034257.JPEG ===
2025-09-22 11:16:16,322 - INFO - Example /home/projects/bagon/shared/imagenet512/val/n09193705/ILSVRC2012_val_00034257.JPEG reached epsilon at step 37, loss sum: 17.2826, final loss: 0.00084305, weight distance: 0.0033
2025-09-22 11:16:16,886 - INFO - Example 478 completed: 37 steps, loss sum: 17.2826, final loss: 0.00084305, weight distance: 0.0033 (universal rank: 43837)
2025-09-22 11:16:16,886 - INFO - 
=== Worker 5 Training Example 479/1586 (global idx 8413): /home/projects/bagon/shared/imagenet512/val/n03249569/ILSVRC2012_val_00028973.JPEG ===
2025-09-22 11:16:18,596 - INFO - Example /home/projects/bagon/shared/imagenet512/val/n03249569/ILSVRC2012_val_00028973.JPEG reached epsilon at step 47, loss sum: 39.8804, final loss: 0.00070190, weight distance: 0.0039
2025-09-22 11:16:19,153 - INFO - Example 479 completed: 47 steps, loss sum: 39.8804, final loss: 0.00070190, weight distance: 0.0039 (universal rank: 43838)
2025-09-22 11:16:19,153 - INFO - 
=== Worker 5 Training Example 480/1586 (global idx 8414): /home/projects/bagon/shared/imagenet512/val/n07565083/ILSVRC2012_val_00028081.JPEG ===
2025-09-22 11:16:20,358 - INFO - Example /home/projects/bagon/shared/imagenet512/val/n07565083/ILSVRC2012_val_00028081.JPEG reached epsilon at step 33, loss sum: 7.1723, final loss: 0.00088882, weight distance: 0.0030
2025-09-22 11:16:20,918 - INFO - Example 480 completed: 33 steps, loss sum: 7.1723, final loss: 0.00088882, weight distance: 0.0030 (universal rank: 43839)
2025-09-22 11:16:20,918 - INFO - 
=== Worker 5 Training Example 481/1586 (global idx 8415): /home/projects/bagon/shared/imagenet512/val/n01728572/ILSVRC2012_val_00033517.JPEG ===
2025-09-22 11:16:23,277 - INFO - Example /home/projects/bagon/shared/imagenet512/val/n01728572/ILSVRC2012_val_00033517.JPEG reached epsilon at step 66, loss sum: 69.3860, final loss: 0.00097656, weight distance: 0.0046
2025-09-22 11:16:23,852 - INFO - Example 481 completed: 66 steps, loss sum: 69.3860, final loss: 0.00097656, weight distance: 0.0046 (universal rank: 43840)
2025-09-22 11:16:23,852 - INFO - 
=== Worker 5 Training Example 482/1586 (global idx 8416): /home/projects/bagon/shared/imagenet512/val/n02119022/ILSVRC2012_val_00027828.JPEG ===
2025-09-22 11:16:25,391 - INFO - Example /home/projects/bagon/shared/imagenet512/val/n02119022/ILSVRC2012_val_00027828.JPEG reached epsilon at step 42, loss sum: 19.2857, final loss: 0.00086594, weight distance: 0.0036
2025-09-22 11:16:25,952 - INFO - Example 482 completed: 42 steps, loss sum: 19.2857, final loss: 0.00086594, weight distance: 0.0036 (universal rank: 43841)
2025-09-22 11:16:25,952 - INFO - 
=== Worker 5 Training Example 483/1586 (global idx 8417): /home/projects/bagon/shared/imagenet512/val/n03127925/ILSVRC2012_val_00014628.JPEG ===
2025-09-22 11:16:27,217 - INFO - Example /home/projects/bagon/shared/imagenet512/val/n03127925/ILSVRC2012_val_00014628.JPEG reached epsilon at step 35, loss sum: 27.0163, final loss: 0.00088882, weight distance: 0.0032
2025-09-22 11:16:27,786 - INFO - Example 483 completed: 35 steps, loss sum: 27.0163, final loss: 0.00088882, weight distance: 0.0032 (universal rank: 43842)
2025-09-22 11:16:27,786 - INFO - 
=== Worker 5 Training Example 484/1586 (global idx 8418): /home/projects/bagon/shared/imagenet512/val/n04069434/ILSVRC2012_val_00045725.JPEG ===
2025-09-22 11:16:29,226 - INFO - Example /home/projects/bagon/shared/imagenet512/val/n04069434/ILSVRC2012_val_00045725.JPEG reached epsilon at step 40, loss sum: 28.4233, final loss: 0.00090027, weight distance: 0.0036
2025-09-22 11:16:29,802 - INFO - Example 484 completed: 40 steps, loss sum: 28.4233, final loss: 0.00090027, weight distance: 0.0036 (universal rank: 43843)
2025-09-22 11:16:29,802 - INFO - 
=== Worker 5 Training Example 485/1586 (global idx 8419): /home/projects/bagon/shared/imagenet512/val/n02488702/ILSVRC2012_val_00015257.JPEG ===
2025-09-22 11:16:31,606 - INFO - Example /home/projects/bagon/shared/imagenet512/val/n02488702/ILSVRC2012_val_00015257.JPEG reached epsilon at step 50, loss sum: 53.6638, final loss: 0.00084305, weight distance: 0.0043
2025-09-22 11:16:32,185 - INFO - Example 485 completed: 50 steps, loss sum: 53.6638, final loss: 0.00084305, weight distance: 0.0043 (universal rank: 43844)
2025-09-22 11:16:32,185 - INFO - 
=== Worker 5 Training Example 486/1586 (global idx 8420): /home/projects/bagon/shared/imagenet512/val/n03676483/ILSVRC2012_val_00038693.JPEG ===
2025-09-22 11:16:33,364 - INFO - Example /home/projects/bagon/shared/imagenet512/val/n03676483/ILSVRC2012_val_00038693.JPEG reached epsilon at step 32, loss sum: 9.3750, final loss: 0.00099945, weight distance: 0.0029
2025-09-22 11:16:33,920 - INFO - Example 486 completed: 32 steps, loss sum: 9.3750, final loss: 0.00099945, weight distance: 0.0029 (universal rank: 43845)
2025-09-22 11:16:33,920 - INFO - 
=== Worker 5 Training Example 487/1586 (global idx 8421): /home/projects/bagon/shared/imagenet512/val/n03532672/ILSVRC2012_val_00011088.JPEG ===
2025-09-22 11:16:35,436 - INFO - Example /home/projects/bagon/shared/imagenet512/val/n03532672/ILSVRC2012_val_00011088.JPEG reached epsilon at step 42, loss sum: 30.1737, final loss: 0.00087738, weight distance: 0.0038
2025-09-22 11:16:35,988 - INFO - Example 487 completed: 42 steps, loss sum: 30.1737, final loss: 0.00087738, weight distance: 0.0038 (universal rank: 43846)
2025-09-22 11:16:35,988 - INFO - 
=== Worker 5 Training Example 488/1586 (global idx 8422): /home/projects/bagon/shared/imagenet512/val/n02837789/ILSVRC2012_val_00032052.JPEG ===
2025-09-22 11:16:37,718 - INFO - Example /home/projects/bagon/shared/imagenet512/val/n02837789/ILSVRC2012_val_00032052.JPEG reached epsilon at step 48, loss sum: 10.0131, final loss: 0.00093079, weight distance: 0.0040
2025-09-22 11:16:38,266 - INFO - Example 488 completed: 48 steps, loss sum: 10.0131, final loss: 0.00093079, weight distance: 0.0040 (universal rank: 43847)
2025-09-22 11:16:38,266 - INFO - 
=== Worker 5 Training Example 489/1586 (global idx 8423): /home/projects/bagon/shared/imagenet512/val/n02090379/ILSVRC2012_val_00049766.JPEG ===
2025-09-22 11:16:39,577 - INFO - Example /home/projects/bagon/shared/imagenet512/val/n02090379/ILSVRC2012_val_00049766.JPEG reached epsilon at step 36, loss sum: 4.8749, final loss: 0.00080872, weight distance: 0.0033
2025-09-22 11:16:40,135 - INFO - Example 489 completed: 36 steps, loss sum: 4.8749, final loss: 0.00080872, weight distance: 0.0033 (universal rank: 43848)
2025-09-22 11:16:40,135 - INFO - 
=== Worker 5 Training Example 490/1586 (global idx 8424): /home/projects/bagon/shared/imagenet512/val/n03947888/ILSVRC2012_val_00043584.JPEG ===
2025-09-22 11:16:41,583 - INFO - Example /home/projects/bagon/shared/imagenet512/val/n03947888/ILSVRC2012_val_00043584.JPEG reached epsilon at step 40, loss sum: 28.8228, final loss: 0.00099182, weight distance: 0.0036
2025-09-22 11:16:42,201 - INFO - Example 490 completed: 40 steps, loss sum: 28.8228, final loss: 0.00099182, weight distance: 0.0036 (universal rank: 43851)
2025-09-22 11:16:42,201 - INFO - 
=== Worker 5 Training Example 491/1586 (global idx 8425): /home/projects/bagon/shared/imagenet512/val/n07747607/ILSVRC2012_val_00013588.JPEG ===
2025-09-22 11:16:44,539 - INFO - Example /home/projects/bagon/shared/imagenet512/val/n07747607/ILSVRC2012_val_00013588.JPEG reached epsilon at step 63, loss sum: 24.4142, final loss: 0.00079346, weight distance: 0.0052
2025-09-22 11:16:45,086 - INFO - Example 491 completed: 63 steps, loss sum: 24.4142, final loss: 0.00079346, weight distance: 0.0052 (universal rank: 43852)
2025-09-22 11:16:45,087 - INFO - 
=== Worker 5 Training Example 492/1586 (global idx 8426): /home/projects/bagon/shared/imagenet512/val/n04264628/ILSVRC2012_val_00032326.JPEG ===
2025-09-22 11:16:46,599 - INFO - Example /home/projects/bagon/shared/imagenet512/val/n04264628/ILSVRC2012_val_00032326.JPEG reached epsilon at step 42, loss sum: 21.4383, final loss: 0.00099945, weight distance: 0.0038
2025-09-22 11:16:47,166 - INFO - Example 492 completed: 42 steps, loss sum: 21.4383, final loss: 0.00099945, weight distance: 0.0038 (universal rank: 43853)
2025-09-22 11:16:47,166 - INFO - 
=== Worker 5 Training Example 493/1586 (global idx 8427): /home/projects/bagon/shared/imagenet512/val/n03259280/ILSVRC2012_val_00044281.JPEG ===
2025-09-22 11:16:49,275 - INFO - Example /home/projects/bagon/shared/imagenet512/val/n03259280/ILSVRC2012_val_00044281.JPEG reached epsilon at step 59, loss sum: 91.0673, final loss: 0.00064850, weight distance: 0.0048
2025-09-22 11:16:49,845 - INFO - Example 493 completed: 59 steps, loss sum: 91.0673, final loss: 0.00064850, weight distance: 0.0048 (universal rank: 43854)
2025-09-22 11:16:49,845 - INFO - 
=== Worker 5 Training Example 494/1586 (global idx 8428): /home/projects/bagon/shared/imagenet512/val/n03388043/ILSVRC2012_val_00017412.JPEG ===
2025-09-22 11:16:51,122 - INFO - Example /home/projects/bagon/shared/imagenet512/val/n03388043/ILSVRC2012_val_00017412.JPEG reached epsilon at step 35, loss sum: 25.2755, final loss: 0.00079346, weight distance: 0.0030
2025-09-22 11:16:51,686 - INFO - Example 494 completed: 35 steps, loss sum: 25.2755, final loss: 0.00079346, weight distance: 0.0030 (universal rank: 43855)
2025-09-22 11:16:51,686 - INFO - 
=== Worker 5 Training Example 495/1586 (global idx 8429): /home/projects/bagon/shared/imagenet512/val/n03877845/ILSVRC2012_val_00007599.JPEG ===
2025-09-22 11:16:53,317 - INFO - Example /home/projects/bagon/shared/imagenet512/val/n03877845/ILSVRC2012_val_00007599.JPEG reached epsilon at step 45, loss sum: 25.0227, final loss: 0.00085068, weight distance: 0.0039
2025-09-22 11:16:53,917 - INFO - Example 495 completed: 45 steps, loss sum: 25.0227, final loss: 0.00085068, weight distance: 0.0039 (universal rank: 43856)
2025-09-22 11:16:53,917 - INFO - 
=== Worker 5 Training Example 496/1586 (global idx 8430): /home/projects/bagon/shared/imagenet512/val/n02091635/ILSVRC2012_val_00015377.JPEG ===
2025-09-22 11:16:55,305 - INFO - Example /home/projects/bagon/shared/imagenet512/val/n02091635/ILSVRC2012_val_00015377.JPEG reached epsilon at step 38, loss sum: 31.9914, final loss: 0.00085449, weight distance: 0.0035
2025-09-22 11:16:55,864 - INFO - Example 496 completed: 38 steps, loss sum: 31.9914, final loss: 0.00085449, weight distance: 0.0035 (universal rank: 43858)
2025-09-22 11:16:55,865 - INFO - 
=== Worker 5 Training Example 497/1586 (global idx 8431): /home/projects/bagon/shared/imagenet512/val/n01968897/ILSVRC2012_val_00001356.JPEG ===
2025-09-22 11:16:57,492 - INFO - Example /home/projects/bagon/shared/imagenet512/val/n01968897/ILSVRC2012_val_00001356.JPEG reached epsilon at step 45, loss sum: 54.1998, final loss: 0.00090027, weight distance: 0.0041
2025-09-22 11:16:58,053 - INFO - Example 497 completed: 45 steps, loss sum: 54.1998, final loss: 0.00090027, weight distance: 0.0041 (universal rank: 43859)
2025-09-22 11:16:58,054 - INFO - 
=== Worker 5 Training Example 498/1586 (global idx 8432): /home/projects/bagon/shared/imagenet512/val/n02999410/ILSVRC2012_val_00004628.JPEG ===
2025-09-22 11:16:59,528 - INFO - Example /home/projects/bagon/shared/imagenet512/val/n02999410/ILSVRC2012_val_00004628.JPEG reached epsilon at step 41, loss sum: 12.2207, final loss: 0.00097275, weight distance: 0.0035
2025-09-22 11:17:00,275 - INFO - Example 498 completed: 41 steps, loss sum: 12.2207, final loss: 0.00097275, weight distance: 0.0035 (universal rank: 43860)
2025-09-22 11:17:00,276 - INFO - 
=== Worker 5 Training Example 499/1586 (global idx 8433): /home/projects/bagon/shared/imagenet512/val/n03759954/ILSVRC2012_val_00012172.JPEG ===
2025-09-22 11:17:02,491 - INFO - Example /home/projects/bagon/shared/imagenet512/val/n03759954/ILSVRC2012_val_00012172.JPEG reached epsilon at step 62, loss sum: 64.1187, final loss: 0.00061417, weight distance: 0.0052
2025-09-22 11:17:03,037 - INFO - Example 499 completed: 62 steps, loss sum: 64.1187, final loss: 0.00061417, weight distance: 0.0052 (universal rank: 43862)
2025-09-22 11:17:03,038 - INFO - 
=== Worker 5 Training Example 500/1586 (global idx 8434): /home/projects/bagon/shared/imagenet512/val/n02447366/ILSVRC2012_val_00037899.JPEG ===
2025-09-22 11:17:03,938 - INFO - Example /home/projects/bagon/shared/imagenet512/val/n02447366/ILSVRC2012_val_00037899.JPEG reached epsilon at step 24, loss sum: 11.6210, final loss: 0.00094986, weight distance: 0.0023
2025-09-22 11:17:04,532 - INFO - Example 500 completed: 24 steps, loss sum: 11.6210, final loss: 0.00094986, weight distance: 0.0023 (universal rank: 43863)
2025-09-22 11:17:04,532 - INFO - 
=== Worker 5 Training Example 501/1586 (global idx 8435): /home/projects/bagon/shared/imagenet512/val/n07892512/ILSVRC2012_val_00001064.JPEG ===
2025-09-22 11:17:06,483 - INFO - Example /home/projects/bagon/shared/imagenet512/val/n07892512/ILSVRC2012_val_00001064.JPEG reached epsilon at step 54, loss sum: 124.8248, final loss: 0.00082779, weight distance: 0.0044
2025-09-22 11:17:07,046 - INFO - Example 501 completed: 54 steps, loss sum: 124.8248, final loss: 0.00082779, weight distance: 0.0044 (universal rank: 43864)
2025-09-22 11:17:07,046 - INFO - 
=== Worker 5 Training Example 502/1586 (global idx 8436): /home/projects/bagon/shared/imagenet512/val/n04523525/ILSVRC2012_val_00009995.JPEG ===
2025-09-22 11:17:08,743 - INFO - Example /home/projects/bagon/shared/imagenet512/val/n04523525/ILSVRC2012_val_00009995.JPEG reached epsilon at step 47, loss sum: 13.8103, final loss: 0.00086212, weight distance: 0.0040
2025-09-22 11:17:09,301 - INFO - Example 502 completed: 47 steps, loss sum: 13.8103, final loss: 0.00086212, weight distance: 0.0040 (universal rank: 43865)
2025-09-22 11:17:09,301 - INFO - 
=== Worker 5 Training Example 503/1586 (global idx 8437): /home/projects/bagon/shared/imagenet512/val/n02980441/ILSVRC2012_val_00014807.JPEG ===
2025-09-22 11:17:10,171 - INFO - Example /home/projects/bagon/shared/imagenet512/val/n02980441/ILSVRC2012_val_00014807.JPEG reached epsilon at step 23, loss sum: 10.9062, final loss: 0.00093842, weight distance: 0.0021
2025-09-22 11:17:10,732 - INFO - Example 503 completed: 23 steps, loss sum: 10.9062, final loss: 0.00093842, weight distance: 0.0021 (universal rank: 43866)
2025-09-22 11:17:10,733 - INFO - 
=== Worker 5 Training Example 504/1586 (global idx 8438): /home/projects/bagon/shared/imagenet512/val/n02892767/ILSVRC2012_val_00035738.JPEG ===
2025-09-22 11:17:11,858 - INFO - Example /home/projects/bagon/shared/imagenet512/val/n02892767/ILSVRC2012_val_00035738.JPEG reached epsilon at step 31, loss sum: 19.8720, final loss: 0.00095367, weight distance: 0.0028
2025-09-22 11:17:12,484 - INFO - Example 504 completed: 31 steps, loss sum: 19.8720, final loss: 0.00095367, weight distance: 0.0028 (universal rank: 43867)
2025-09-22 11:17:12,485 - INFO - 
=== Worker 5 Training Example 505/1586 (global idx 8439): /home/projects/bagon/shared/imagenet512/val/n04548362/ILSVRC2012_val_00006088.JPEG ===
2025-09-22 11:17:13,891 - INFO - Example /home/projects/bagon/shared/imagenet512/val/n04548362/ILSVRC2012_val_00006088.JPEG reached epsilon at step 39, loss sum: 19.6771, final loss: 0.00096512, weight distance: 0.0029
2025-09-22 11:17:14,466 - INFO - Example 505 completed: 39 steps, loss sum: 19.6771, final loss: 0.00096512, weight distance: 0.0029 (universal rank: 43868)
2025-09-22 11:17:14,466 - INFO - 
=== Worker 5 Training Example 506/1586 (global idx 8440): /home/projects/bagon/shared/imagenet512/val/n04442312/ILSVRC2012_val_00039637.JPEG ===
2025-09-22 11:17:16,109 - INFO - Example /home/projects/bagon/shared/imagenet512/val/n04442312/ILSVRC2012_val_00039637.JPEG reached epsilon at step 46, loss sum: 90.4617, final loss: 0.00065994, weight distance: 0.0040
2025-09-22 11:17:16,672 - INFO - Example 506 completed: 46 steps, loss sum: 90.4617, final loss: 0.00065994, weight distance: 0.0040 (universal rank: 43869)
2025-09-22 11:17:16,672 - INFO - 
=== Worker 5 Training Example 507/1586 (global idx 8441): /home/projects/bagon/shared/imagenet512/val/n02692877/ILSVRC2012_val_00015935.JPEG ===
2025-09-22 11:17:18,108 - INFO - Example /home/projects/bagon/shared/imagenet512/val/n02692877/ILSVRC2012_val_00015935.JPEG reached epsilon at step 39, loss sum: 19.8503, final loss: 0.00087738, weight distance: 0.0035
2025-09-22 11:17:18,742 - INFO - Example 507 completed: 39 steps, loss sum: 19.8503, final loss: 0.00087738, weight distance: 0.0035 (universal rank: 43870)
2025-09-22 11:17:18,743 - INFO - 
=== Worker 5 Training Example 508/1586 (global idx 8442): /home/projects/bagon/shared/imagenet512/val/n02808304/ILSVRC2012_val_00012656.JPEG ===
2025-09-22 11:17:20,127 - INFO - Example /home/projects/bagon/shared/imagenet512/val/n02808304/ILSVRC2012_val_00012656.JPEG reached epsilon at step 38, loss sum: 37.2536, final loss: 0.00072098, weight distance: 0.0034
2025-09-22 11:17:20,681 - INFO - Example 508 completed: 38 steps, loss sum: 37.2536, final loss: 0.00072098, weight distance: 0.0034 (universal rank: 43871)
2025-09-22 11:17:20,681 - INFO - 
=== Worker 5 Training Example 509/1586 (global idx 8443): /home/projects/bagon/shared/imagenet512/val/n04154565/ILSVRC2012_val_00045986.JPEG ===
2025-09-22 11:17:22,638 - INFO - Example /home/projects/bagon/shared/imagenet512/val/n04154565/ILSVRC2012_val_00045986.JPEG reached epsilon at step 54, loss sum: 29.1278, final loss: 0.00093460, weight distance: 0.0045
2025-09-22 11:17:23,213 - INFO - Example 509 completed: 54 steps, loss sum: 29.1278, final loss: 0.00093460, weight distance: 0.0045 (universal rank: 43872)
2025-09-22 11:17:23,213 - INFO - 
=== Worker 5 Training Example 510/1586 (global idx 8444): /home/projects/bagon/shared/imagenet512/val/n04579432/ILSVRC2012_val_00035496.JPEG ===
2025-09-22 11:17:24,718 - INFO - Example /home/projects/bagon/shared/imagenet512/val/n04579432/ILSVRC2012_val_00035496.JPEG reached epsilon at step 41, loss sum: 4.7330, final loss: 0.00071716, weight distance: 0.0036
2025-09-22 11:17:25,310 - INFO - Example 510 completed: 41 steps, loss sum: 4.7330, final loss: 0.00071716, weight distance: 0.0036 (universal rank: 43873)
2025-09-22 11:17:25,310 - INFO - 
=== Worker 5 Training Example 511/1586 (global idx 8445): /home/projects/bagon/shared/imagenet512/val/n04380533/ILSVRC2012_val_00041357.JPEG ===
2025-09-22 11:17:27,235 - INFO - Example /home/projects/bagon/shared/imagenet512/val/n04380533/ILSVRC2012_val_00041357.JPEG reached epsilon at step 53, loss sum: 77.2252, final loss: 0.00091171, weight distance: 0.0040
2025-09-22 11:17:27,790 - INFO - Example 511 completed: 53 steps, loss sum: 77.2252, final loss: 0.00091171, weight distance: 0.0040 (universal rank: 43874)
2025-09-22 11:17:27,791 - INFO - 
=== Worker 5 Training Example 512/1586 (global idx 8446): /home/projects/bagon/shared/imagenet512/val/n03529860/ILSVRC2012_val_00023540.JPEG ===
2025-09-22 11:17:29,071 - INFO - Example /home/projects/bagon/shared/imagenet512/val/n03529860/ILSVRC2012_val_00023540.JPEG reached epsilon at step 35, loss sum: 13.0795, final loss: 0.00095749, weight distance: 0.0032
2025-09-22 11:17:29,653 - INFO - Example 512 completed: 35 steps, loss sum: 13.0795, final loss: 0.00095749, weight distance: 0.0032 (universal rank: 43875)
2025-09-22 11:17:29,654 - INFO - 
=== Worker 5 Training Example 513/1586 (global idx 8447): /home/projects/bagon/shared/imagenet512/val/n03179701/ILSVRC2012_val_00032085.JPEG ===
2025-09-22 11:17:31,470 - INFO - Example /home/projects/bagon/shared/imagenet512/val/n03179701/ILSVRC2012_val_00032085.JPEG reached epsilon at step 50, loss sum: 12.8228, final loss: 0.00085449, weight distance: 0.0038
2025-09-22 11:17:32,025 - INFO - Example 513 completed: 50 steps, loss sum: 12.8228, final loss: 0.00085449, weight distance: 0.0038 (universal rank: 43877)
2025-09-22 11:17:32,025 - INFO - 
=== Worker 5 Training Example 514/1586 (global idx 8448): /home/projects/bagon/shared/imagenet512/val/n01687978/ILSVRC2012_val_00035717.JPEG ===
2025-09-22 11:17:33,552 - INFO - Example /home/projects/bagon/shared/imagenet512/val/n01687978/ILSVRC2012_val_00035717.JPEG reached epsilon at step 42, loss sum: 6.7817, final loss: 0.00075912, weight distance: 0.0038
2025-09-22 11:17:34,101 - INFO - Example 514 completed: 42 steps, loss sum: 6.7817, final loss: 0.00075912, weight distance: 0.0038 (universal rank: 43878)
2025-09-22 11:17:34,101 - INFO - 
=== Worker 5 Training Example 515/1586 (global idx 8449): /home/projects/bagon/shared/imagenet512/val/n02113624/ILSVRC2012_val_00010612.JPEG ===
2025-09-22 11:17:35,483 - INFO - Example /home/projects/bagon/shared/imagenet512/val/n02113624/ILSVRC2012_val_00010612.JPEG reached epsilon at step 38, loss sum: 6.8847, final loss: 0.00099945, weight distance: 0.0029
2025-09-22 11:17:36,029 - INFO - Example 515 completed: 38 steps, loss sum: 6.8847, final loss: 0.00099945, weight distance: 0.0029 (universal rank: 43879)
2025-09-22 11:17:36,029 - INFO - 
=== Worker 5 Training Example 516/1586 (global idx 8450): /home/projects/bagon/shared/imagenet512/val/n04074963/ILSVRC2012_val_00047840.JPEG ===
2025-09-22 11:17:36,905 - INFO - Example /home/projects/bagon/shared/imagenet512/val/n04074963/ILSVRC2012_val_00047840.JPEG reached epsilon at step 23, loss sum: 2.5754, final loss: 0.00093460, weight distance: 0.0021
2025-09-22 11:17:37,468 - INFO - Example 516 completed: 23 steps, loss sum: 2.5754, final loss: 0.00093460, weight distance: 0.0021 (universal rank: 43880)
2025-09-22 11:17:37,468 - INFO - 
=== Worker 5 Training Example 517/1586 (global idx 8451): /home/projects/bagon/shared/imagenet512/val/n07248320/ILSVRC2012_val_00040262.JPEG ===
2025-09-22 11:17:38,240 - INFO - Example /home/projects/bagon/shared/imagenet512/val/n07248320/ILSVRC2012_val_00040262.JPEG reached epsilon at step 20, loss sum: 3.6258, final loss: 0.00081635, weight distance: 0.0019
2025-09-22 11:17:38,814 - INFO - Example 517 completed: 20 steps, loss sum: 3.6258, final loss: 0.00081635, weight distance: 0.0019 (universal rank: 43881)
2025-09-22 11:17:38,815 - INFO - 
=== Worker 5 Training Example 518/1586 (global idx 8452): /home/projects/bagon/shared/imagenet512/val/n04099969/ILSVRC2012_val_00045048.JPEG ===
2025-09-22 11:17:39,847 - INFO - Example /home/projects/bagon/shared/imagenet512/val/n04099969/ILSVRC2012_val_00045048.JPEG reached epsilon at step 28, loss sum: 23.0405, final loss: 0.00099182, weight distance: 0.0026
2025-09-22 11:17:40,399 - INFO - Example 518 completed: 28 steps, loss sum: 23.0405, final loss: 0.00099182, weight distance: 0.0026 (universal rank: 43882)
2025-09-22 11:17:40,400 - INFO - 
=== Worker 5 Training Example 519/1586 (global idx 8453): /home/projects/bagon/shared/imagenet512/val/n04456115/ILSVRC2012_val_00038629.JPEG ===
2025-09-22 11:17:41,545 - INFO - Example /home/projects/bagon/shared/imagenet512/val/n04456115/ILSVRC2012_val_00038629.JPEG reached epsilon at step 31, loss sum: 23.2890, final loss: 0.00077057, weight distance: 0.0029
2025-09-22 11:17:42,205 - INFO - Example 519 completed: 31 steps, loss sum: 23.2890, final loss: 0.00077057, weight distance: 0.0029 (universal rank: 43883)
2025-09-22 11:17:42,205 - INFO - 
=== Worker 5 Training Example 520/1586 (global idx 8454): /home/projects/bagon/shared/imagenet512/val/n04596742/ILSVRC2012_val_00049550.JPEG ===
2025-09-22 11:17:43,278 - INFO - Example /home/projects/bagon/shared/imagenet512/val/n04596742/ILSVRC2012_val_00049550.JPEG reached epsilon at step 29, loss sum: 19.1968, final loss: 0.00099182, weight distance: 0.0025
2025-09-22 11:17:43,834 - INFO - Example 520 completed: 29 steps, loss sum: 19.1968, final loss: 0.00099182, weight distance: 0.0025 (universal rank: 43884)
2025-09-22 11:17:43,834 - INFO - 
=== Worker 5 Training Example 521/1586 (global idx 8455): /home/projects/bagon/shared/imagenet512/val/n03782006/ILSVRC2012_val_00009529.JPEG ===
2025-09-22 11:17:45,709 - INFO - Example /home/projects/bagon/shared/imagenet512/val/n03782006/ILSVRC2012_val_00009529.JPEG reached epsilon at step 52, loss sum: 11.8716, final loss: 0.00075912, weight distance: 0.0041
2025-09-22 11:17:46,300 - INFO - Example 521 completed: 52 steps, loss sum: 11.8716, final loss: 0.00075912, weight distance: 0.0041 (universal rank: 43885)
2025-09-22 11:17:46,300 - INFO - 
=== Worker 5 Training Example 522/1586 (global idx 8456): /home/projects/bagon/shared/imagenet512/val/n03187595/ILSVRC2012_val_00000137.JPEG ===
2025-09-22 11:17:48,096 - INFO - Example /home/projects/bagon/shared/imagenet512/val/n03187595/ILSVRC2012_val_00000137.JPEG reached epsilon at step 48, loss sum: 24.4457, final loss: 0.00092697, weight distance: 0.0041
2025-09-22 11:17:48,696 - INFO - Example 522 completed: 48 steps, loss sum: 24.4457, final loss: 0.00092697, weight distance: 0.0041 (universal rank: 43886)
2025-09-22 11:17:48,697 - INFO - 
=== Worker 5 Training Example 523/1586 (global idx 8457): /home/projects/bagon/shared/imagenet512/val/n04152593/ILSVRC2012_val_00049392.JPEG ===
2025-09-22 11:17:50,722 - INFO - Example /home/projects/bagon/shared/imagenet512/val/n04152593/ILSVRC2012_val_00049392.JPEG reached epsilon at step 56, loss sum: 8.7331, final loss: 0.00090027, weight distance: 0.0043
2025-09-22 11:17:51,301 - INFO - Example 523 completed: 56 steps, loss sum: 8.7331, final loss: 0.00090027, weight distance: 0.0043 (universal rank: 43887)
2025-09-22 11:17:51,301 - INFO - 
=== Worker 5 Training Example 524/1586 (global idx 8458): /home/projects/bagon/shared/imagenet512/val/n03527444/ILSVRC2012_val_00037910.JPEG ===
2025-09-22 11:17:52,718 - INFO - Example /home/projects/bagon/shared/imagenet512/val/n03527444/ILSVRC2012_val_00037910.JPEG reached epsilon at step 39, loss sum: 70.4365, final loss: 0.00087738, weight distance: 0.0036
2025-09-22 11:17:53,282 - INFO - Example 524 completed: 39 steps, loss sum: 70.4365, final loss: 0.00087738, weight distance: 0.0036 (universal rank: 43888)
2025-09-22 11:17:53,282 - INFO - 
=== Worker 5 Training Example 525/1586 (global idx 8459): /home/projects/bagon/shared/imagenet512/val/n04591713/ILSVRC2012_val_00007320.JPEG ===
2025-09-22 11:17:54,703 - INFO - Example /home/projects/bagon/shared/imagenet512/val/n04591713/ILSVRC2012_val_00007320.JPEG reached epsilon at step 39, loss sum: 10.7640, final loss: 0.00097656, weight distance: 0.0036
2025-09-22 11:17:55,261 - INFO - Example 525 completed: 39 steps, loss sum: 10.7640, final loss: 0.00097656, weight distance: 0.0036 (universal rank: 43889)
2025-09-22 11:17:55,261 - INFO - 
=== Worker 5 Training Example 526/1586 (global idx 8460): /home/projects/bagon/shared/imagenet512/val/n02206856/ILSVRC2012_val_00014390.JPEG ===
2025-09-22 11:17:56,639 - INFO - Example /home/projects/bagon/shared/imagenet512/val/n02206856/ILSVRC2012_val_00014390.JPEG reached epsilon at step 38, loss sum: 8.6099, final loss: 0.00089264, weight distance: 0.0033
2025-09-22 11:17:57,181 - INFO - Example 526 completed: 38 steps, loss sum: 8.6099, final loss: 0.00089264, weight distance: 0.0033 (universal rank: 43890)
2025-09-22 11:17:57,181 - INFO - 
=== Worker 5 Training Example 527/1586 (global idx 8461): /home/projects/bagon/shared/imagenet512/val/n04254777/ILSVRC2012_val_00039044.JPEG ===
2025-09-22 11:18:00,589 - INFO - Example /home/projects/bagon/shared/imagenet512/val/n04254777/ILSVRC2012_val_00039044.JPEG reached epsilon at step 96, loss sum: 249.1304, final loss: 0.00096130, weight distance: 0.0074
2025-09-22 11:18:01,157 - INFO - Example 527 completed: 96 steps, loss sum: 249.1304, final loss: 0.00096130, weight distance: 0.0074 (universal rank: 43893)
2025-09-22 11:18:01,157 - INFO - 
=== Worker 5 Training Example 528/1586 (global idx 8462): /home/projects/bagon/shared/imagenet512/val/n03891251/ILSVRC2012_val_00009086.JPEG ===
2025-09-22 11:18:02,570 - INFO - Example /home/projects/bagon/shared/imagenet512/val/n03891251/ILSVRC2012_val_00009086.JPEG reached epsilon at step 39, loss sum: 70.0482, final loss: 0.00085449, weight distance: 0.0036
2025-09-22 11:18:03,127 - INFO - Example 528 completed: 39 steps, loss sum: 70.0482, final loss: 0.00085449, weight distance: 0.0036 (universal rank: 43894)
2025-09-22 11:18:03,127 - INFO - 
=== Worker 5 Training Example 529/1586 (global idx 8463): /home/projects/bagon/shared/imagenet512/val/n04270147/ILSVRC2012_val_00032673.JPEG ===
2025-09-22 11:18:04,423 - INFO - Example /home/projects/bagon/shared/imagenet512/val/n04270147/ILSVRC2012_val_00032673.JPEG reached epsilon at step 35, loss sum: 19.0681, final loss: 0.00082016, weight distance: 0.0032
2025-09-22 11:18:04,983 - INFO - Example 529 completed: 35 steps, loss sum: 19.0681, final loss: 0.00082016, weight distance: 0.0032 (universal rank: 43895)
2025-09-22 11:18:04,983 - INFO - 
=== Worker 5 Training Example 530/1586 (global idx 8464): /home/projects/bagon/shared/imagenet512/val/n02910353/ILSVRC2012_val_00046056.JPEG ===
2025-09-22 11:18:06,376 - INFO - Example /home/projects/bagon/shared/imagenet512/val/n02910353/ILSVRC2012_val_00046056.JPEG reached epsilon at step 38, loss sum: 70.1457, final loss: 0.00086594, weight distance: 0.0032
2025-09-22 11:18:06,953 - INFO - Example 530 completed: 38 steps, loss sum: 70.1457, final loss: 0.00086594, weight distance: 0.0032 (universal rank: 43896)
2025-09-22 11:18:06,953 - INFO - 
=== Worker 5 Training Example 531/1586 (global idx 8465): /home/projects/bagon/shared/imagenet512/val/n03724870/ILSVRC2012_val_00008569.JPEG ===
2025-09-22 11:18:08,503 - INFO - Example /home/projects/bagon/shared/imagenet512/val/n03724870/ILSVRC2012_val_00008569.JPEG reached epsilon at step 42, loss sum: 66.0745, final loss: 0.00085831, weight distance: 0.0036
2025-09-22 11:18:09,060 - INFO - Example 531 completed: 42 steps, loss sum: 66.0745, final loss: 0.00085831, weight distance: 0.0036 (universal rank: 43897)
2025-09-22 11:18:09,060 - INFO - 
=== Worker 5 Training Example 532/1586 (global idx 8466): /home/projects/bagon/shared/imagenet512/val/n02114712/ILSVRC2012_val_00031199.JPEG ===
2025-09-22 11:18:10,452 - INFO - Example /home/projects/bagon/shared/imagenet512/val/n02114712/ILSVRC2012_val_00031199.JPEG reached epsilon at step 38, loss sum: 18.3432, final loss: 0.00074768, weight distance: 0.0035
2025-09-22 11:18:11,012 - INFO - Example 532 completed: 38 steps, loss sum: 18.3432, final loss: 0.00074768, weight distance: 0.0035 (universal rank: 43898)
2025-09-22 11:18:11,012 - INFO - 
=== Worker 5 Training Example 533/1586 (global idx 8467): /home/projects/bagon/shared/imagenet512/val/n02412080/ILSVRC2012_val_00043984.JPEG ===
2025-09-22 11:18:12,643 - INFO - Example /home/projects/bagon/shared/imagenet512/val/n02412080/ILSVRC2012_val_00043984.JPEG reached epsilon at step 45, loss sum: 8.9475, final loss: 0.00074768, weight distance: 0.0037
2025-09-22 11:18:13,203 - INFO - Example 533 completed: 45 steps, loss sum: 8.9475, final loss: 0.00074768, weight distance: 0.0037 (universal rank: 43899)
2025-09-22 11:18:13,203 - INFO - 
=== Worker 5 Training Example 534/1586 (global idx 8468): /home/projects/bagon/shared/imagenet512/val/n04049303/ILSVRC2012_val_00034353.JPEG ===
2025-09-22 11:18:14,298 - INFO - Example /home/projects/bagon/shared/imagenet512/val/n04049303/ILSVRC2012_val_00034353.JPEG reached epsilon at step 30, loss sum: 16.2674, final loss: 0.00073624, weight distance: 0.0026
2025-09-22 11:18:14,863 - INFO - Example 534 completed: 30 steps, loss sum: 16.2674, final loss: 0.00073624, weight distance: 0.0026 (universal rank: 43900)
2025-09-22 11:18:14,863 - INFO - 
=== Worker 5 Training Example 535/1586 (global idx 8469): /home/projects/bagon/shared/imagenet512/val/n04579145/ILSVRC2012_val_00037142.JPEG ===
2025-09-22 11:18:16,672 - INFO - Example /home/projects/bagon/shared/imagenet512/val/n04579145/ILSVRC2012_val_00037142.JPEG reached epsilon at step 50, loss sum: 45.1511, final loss: 0.00093460, weight distance: 0.0042
2025-09-22 11:18:17,229 - INFO - Example 535 completed: 50 steps, loss sum: 45.1511, final loss: 0.00093460, weight distance: 0.0042 (universal rank: 43901)
2025-09-22 11:18:17,229 - INFO - 
=== Worker 5 Training Example 536/1586 (global idx 8470): /home/projects/bagon/shared/imagenet512/val/n07802026/ILSVRC2012_val_00042652.JPEG ===
2025-09-22 11:18:18,188 - INFO - Example /home/projects/bagon/shared/imagenet512/val/n07802026/ILSVRC2012_val_00042652.JPEG reached epsilon at step 26, loss sum: 54.9671, final loss: 0.00098419, weight distance: 0.0024
2025-09-22 11:18:18,755 - INFO - Example 536 completed: 26 steps, loss sum: 54.9671, final loss: 0.00098419, weight distance: 0.0024 (universal rank: 43902)
2025-09-22 11:18:18,755 - INFO - 
=== Worker 5 Training Example 537/1586 (global idx 8471): /home/projects/bagon/shared/imagenet512/val/n03476991/ILSVRC2012_val_00035016.JPEG ===
2025-09-22 11:18:20,508 - INFO - Example /home/projects/bagon/shared/imagenet512/val/n03476991/ILSVRC2012_val_00035016.JPEG reached epsilon at step 49, loss sum: 57.7834, final loss: 0.00085449, weight distance: 0.0043
2025-09-22 11:18:21,064 - INFO - Example 537 completed: 49 steps, loss sum: 57.7834, final loss: 0.00085449, weight distance: 0.0043 (universal rank: 43903)
2025-09-22 11:18:21,064 - INFO - 
=== Worker 5 Training Example 538/1586 (global idx 8472): /home/projects/bagon/shared/imagenet512/val/n02808304/ILSVRC2012_val_00047666.JPEG ===
2025-09-22 11:18:22,199 - INFO - Example /home/projects/bagon/shared/imagenet512/val/n02808304/ILSVRC2012_val_00047666.JPEG reached epsilon at step 31, loss sum: 19.7687, final loss: 0.00075912, weight distance: 0.0030
2025-09-22 11:18:22,750 - INFO - Example 538 completed: 31 steps, loss sum: 19.7687, final loss: 0.00075912, weight distance: 0.0030 (universal rank: 43904)
2025-09-22 11:18:22,750 - INFO - 
=== Worker 5 Training Example 539/1586 (global idx 8473): /home/projects/bagon/shared/imagenet512/val/n02808440/ILSVRC2012_val_00003400.JPEG ===
2025-09-22 11:18:25,020 - INFO - Example /home/projects/bagon/shared/imagenet512/val/n02808440/ILSVRC2012_val_00003400.JPEG reached epsilon at step 64, loss sum: 31.6389, final loss: 0.00091171, weight distance: 0.0052
2025-09-22 11:18:25,588 - INFO - Example 539 completed: 64 steps, loss sum: 31.6389, final loss: 0.00091171, weight distance: 0.0052 (universal rank: 43905)
2025-09-22 11:18:25,588 - INFO - 
=== Worker 5 Training Example 540/1586 (global idx 8474): /home/projects/bagon/shared/imagenet512/val/n04476259/ILSVRC2012_val_00023818.JPEG ===
2025-09-22 11:18:26,999 - INFO - Example /home/projects/bagon/shared/imagenet512/val/n04476259/ILSVRC2012_val_00023818.JPEG reached epsilon at step 39, loss sum: 39.7755, final loss: 0.00098419, weight distance: 0.0036
2025-09-22 11:18:27,543 - INFO - Example 540 completed: 39 steps, loss sum: 39.7755, final loss: 0.00098419, weight distance: 0.0036 (universal rank: 43906)
2025-09-22 11:18:27,543 - INFO - 
=== Worker 5 Training Example 541/1586 (global idx 8475): /home/projects/bagon/shared/imagenet512/val/n04612504/ILSVRC2012_val_00005971.JPEG ===
2025-09-22 11:18:29,432 - INFO - Example /home/projects/bagon/shared/imagenet512/val/n04612504/ILSVRC2012_val_00005971.JPEG reached epsilon at step 53, loss sum: 30.3697, final loss: 0.00075531, weight distance: 0.0044
2025-09-22 11:18:29,984 - INFO - Example 541 completed: 53 steps, loss sum: 30.3697, final loss: 0.00075531, weight distance: 0.0044 (universal rank: 43907)
2025-09-22 11:18:29,984 - INFO - 
=== Worker 5 Training Example 542/1586 (global idx 8476): /home/projects/bagon/shared/imagenet512/val/n04418357/ILSVRC2012_val_00030589.JPEG ===
2025-09-22 11:18:31,267 - INFO - Example /home/projects/bagon/shared/imagenet512/val/n04418357/ILSVRC2012_val_00030589.JPEG reached epsilon at step 35, loss sum: 69.7020, final loss: 0.00094986, weight distance: 0.0032
2025-09-22 11:18:31,811 - INFO - Example 542 completed: 35 steps, loss sum: 69.7020, final loss: 0.00094986, weight distance: 0.0032 (universal rank: 43908)
2025-09-22 11:18:31,811 - INFO - 
=== Worker 5 Training Example 543/1586 (global idx 8477): /home/projects/bagon/shared/imagenet512/val/n02979186/ILSVRC2012_val_00017463.JPEG ===
2025-09-22 11:18:33,458 - INFO - Example /home/projects/bagon/shared/imagenet512/val/n02979186/ILSVRC2012_val_00017463.JPEG reached epsilon at step 46, loss sum: 6.0017, final loss: 0.00092697, weight distance: 0.0039
2025-09-22 11:18:34,050 - INFO - Example 543 completed: 46 steps, loss sum: 6.0017, final loss: 0.00092697, weight distance: 0.0039 (universal rank: 43909)
2025-09-22 11:18:34,050 - INFO - 
=== Worker 5 Training Example 544/1586 (global idx 8478): /home/projects/bagon/shared/imagenet512/val/n04554684/ILSVRC2012_val_00010706.JPEG ===
2025-09-22 11:18:35,903 - INFO - Example /home/projects/bagon/shared/imagenet512/val/n04554684/ILSVRC2012_val_00010706.JPEG reached epsilon at step 52, loss sum: 45.3685, final loss: 0.00092697, weight distance: 0.0042
2025-09-22 11:18:36,660 - INFO - Example 544 completed: 52 steps, loss sum: 45.3685, final loss: 0.00092697, weight distance: 0.0042 (universal rank: 43910)
2025-09-22 11:18:36,661 - INFO - 
=== Worker 5 Training Example 545/1586 (global idx 8479): /home/projects/bagon/shared/imagenet512/val/n03476991/ILSVRC2012_val_00030023.JPEG ===
2025-09-22 11:18:38,497 - INFO - Example /home/projects/bagon/shared/imagenet512/val/n03476991/ILSVRC2012_val_00030023.JPEG reached epsilon at step 52, loss sum: 27.5065, final loss: 0.00091171, weight distance: 0.0045
2025-09-22 11:18:39,068 - INFO - Example 545 completed: 52 steps, loss sum: 27.5065, final loss: 0.00091171, weight distance: 0.0045 (universal rank: 43911)
2025-09-22 11:18:39,069 - INFO - 
=== Worker 5 Training Example 546/1586 (global idx 8480): /home/projects/bagon/shared/imagenet512/val/n01682714/ILSVRC2012_val_00020154.JPEG ===
2025-09-22 11:18:40,988 - INFO - Example /home/projects/bagon/shared/imagenet512/val/n01682714/ILSVRC2012_val_00020154.JPEG reached epsilon at step 54, loss sum: 13.5191, final loss: 0.00079727, weight distance: 0.0047
2025-09-22 11:18:41,580 - INFO - Example 546 completed: 54 steps, loss sum: 13.5191, final loss: 0.00079727, weight distance: 0.0047 (universal rank: 43912)
2025-09-22 11:18:41,581 - INFO - 
=== Worker 5 Training Example 547/1586 (global idx 8481): /home/projects/bagon/shared/imagenet512/val/n03866082/ILSVRC2012_val_00022544.JPEG ===
2025-09-22 11:18:43,448 - INFO - Example /home/projects/bagon/shared/imagenet512/val/n03866082/ILSVRC2012_val_00022544.JPEG reached epsilon at step 52, loss sum: 28.7374, final loss: 0.00094986, weight distance: 0.0044
2025-09-22 11:18:44,026 - INFO - Example 547 completed: 52 steps, loss sum: 28.7374, final loss: 0.00094986, weight distance: 0.0044 (universal rank: 43913)
2025-09-22 11:18:44,026 - INFO - 
=== Worker 5 Training Example 548/1586 (global idx 8482): /home/projects/bagon/shared/imagenet512/val/n01753488/ILSVRC2012_val_00048250.JPEG ===
2025-09-22 11:18:46,116 - INFO - Example /home/projects/bagon/shared/imagenet512/val/n01753488/ILSVRC2012_val_00048250.JPEG reached epsilon at step 58, loss sum: 62.8073, final loss: 0.00096512, weight distance: 0.0045
2025-09-22 11:18:46,677 - INFO - Example 548 completed: 58 steps, loss sum: 62.8073, final loss: 0.00096512, weight distance: 0.0045 (universal rank: 43915)
2025-09-22 11:18:46,677 - INFO - 
=== Worker 5 Training Example 549/1586 (global idx 8483): /home/projects/bagon/shared/imagenet512/val/n03916031/ILSVRC2012_val_00014175.JPEG ===
2025-09-22 11:18:48,032 - INFO - Example /home/projects/bagon/shared/imagenet512/val/n03916031/ILSVRC2012_val_00014175.JPEG reached epsilon at step 37, loss sum: 20.0655, final loss: 0.00090790, weight distance: 0.0033
2025-09-22 11:18:48,700 - INFO - Example 549 completed: 37 steps, loss sum: 20.0655, final loss: 0.00090790, weight distance: 0.0033 (universal rank: 43917)
2025-09-22 11:18:48,700 - INFO - 
=== Worker 5 Training Example 550/1586 (global idx 8484): /home/projects/bagon/shared/imagenet512/val/n01871265/ILSVRC2012_val_00046757.JPEG ===
2025-09-22 11:18:50,277 - INFO - Example /home/projects/bagon/shared/imagenet512/val/n01871265/ILSVRC2012_val_00046757.JPEG reached epsilon at step 43, loss sum: 11.3392, final loss: 0.00086212, weight distance: 0.0038
2025-09-22 11:18:50,842 - INFO - Example 550 completed: 43 steps, loss sum: 11.3392, final loss: 0.00086212, weight distance: 0.0038 (universal rank: 43918)
2025-09-22 11:18:50,842 - INFO - 
=== Worker 5 Training Example 551/1586 (global idx 8485): /home/projects/bagon/shared/imagenet512/val/n04355933/ILSVRC2012_val_00025934.JPEG ===
2025-09-22 11:18:52,412 - INFO - Example /home/projects/bagon/shared/imagenet512/val/n04355933/ILSVRC2012_val_00025934.JPEG reached epsilon at step 43, loss sum: 29.3576, final loss: 0.00097656, weight distance: 0.0037
2025-09-22 11:18:53,013 - INFO - Example 551 completed: 43 steps, loss sum: 29.3576, final loss: 0.00097656, weight distance: 0.0037 (universal rank: 43919)
2025-09-22 11:18:53,014 - INFO - 
=== Worker 5 Training Example 552/1586 (global idx 8486): /home/projects/bagon/shared/imagenet512/val/n01580077/ILSVRC2012_val_00004317.JPEG ===
2025-09-22 11:18:54,243 - INFO - Example /home/projects/bagon/shared/imagenet512/val/n01580077/ILSVRC2012_val_00004317.JPEG reached epsilon at step 29, loss sum: 16.2511, final loss: 0.00090408, weight distance: 0.0025
2025-09-22 11:18:54,802 - INFO - Example 552 completed: 29 steps, loss sum: 16.2511, final loss: 0.00090408, weight distance: 0.0025 (universal rank: 43920)
2025-09-22 11:18:54,802 - INFO - 
=== Worker 5 Training Example 553/1586 (global idx 8487): /home/projects/bagon/shared/imagenet512/val/n01644900/ILSVRC2012_val_00006830.JPEG ===
2025-09-22 11:18:56,375 - INFO - Example /home/projects/bagon/shared/imagenet512/val/n01644900/ILSVRC2012_val_00006830.JPEG reached epsilon at step 43, loss sum: 20.3041, final loss: 0.00099945, weight distance: 0.0037
2025-09-22 11:18:56,947 - INFO - Example 553 completed: 43 steps, loss sum: 20.3041, final loss: 0.00099945, weight distance: 0.0037 (universal rank: 43922)
2025-09-22 11:18:56,947 - INFO - 
=== Worker 5 Training Example 554/1586 (global idx 8488): /home/projects/bagon/shared/imagenet512/val/n03075370/ILSVRC2012_val_00020729.JPEG ===
2025-09-22 11:18:58,788 - INFO - Example /home/projects/bagon/shared/imagenet512/val/n03075370/ILSVRC2012_val_00020729.JPEG reached epsilon at step 51, loss sum: 19.7102, final loss: 0.00088501, weight distance: 0.0041
2025-09-22 11:18:59,343 - INFO - Example 554 completed: 51 steps, loss sum: 19.7102, final loss: 0.00088501, weight distance: 0.0041 (universal rank: 43923)
2025-09-22 11:18:59,344 - INFO - 
=== Worker 5 Training Example 555/1586 (global idx 8489): /home/projects/bagon/shared/imagenet512/val/n04296562/ILSVRC2012_val_00003652.JPEG ===
2025-09-22 11:19:00,920 - INFO - Example /home/projects/bagon/shared/imagenet512/val/n04296562/ILSVRC2012_val_00003652.JPEG reached epsilon at step 40, loss sum: 12.7542, final loss: 0.00096893, weight distance: 0.0034
2025-09-22 11:19:01,495 - INFO - Example 555 completed: 40 steps, loss sum: 12.7542, final loss: 0.00096893, weight distance: 0.0034 (universal rank: 43924)
2025-09-22 11:19:01,495 - INFO - 
=== Worker 5 Training Example 556/1586 (global idx 8490): /home/projects/bagon/shared/imagenet512/val/n04501370/ILSVRC2012_val_00007173.JPEG ===
2025-09-22 11:19:03,479 - INFO - Example /home/projects/bagon/shared/imagenet512/val/n04501370/ILSVRC2012_val_00007173.JPEG reached epsilon at step 55, loss sum: 104.5643, final loss: 0.00075912, weight distance: 0.0048
2025-09-22 11:19:04,038 - INFO - Example 556 completed: 55 steps, loss sum: 104.5643, final loss: 0.00075912, weight distance: 0.0048 (universal rank: 43925)
2025-09-22 11:19:04,038 - INFO - 
=== Worker 5 Training Example 557/1586 (global idx 8491): /home/projects/bagon/shared/imagenet512/val/n04548280/ILSVRC2012_val_00014635.JPEG ===
2025-09-22 11:19:05,767 - INFO - Example /home/projects/bagon/shared/imagenet512/val/n04548280/ILSVRC2012_val_00014635.JPEG reached epsilon at step 48, loss sum: 32.4637, final loss: 0.00086975, weight distance: 0.0041
2025-09-22 11:19:06,765 - INFO - Example 557 completed: 48 steps, loss sum: 32.4637, final loss: 0.00086975, weight distance: 0.0041 (universal rank: 43926)
2025-09-22 11:19:06,765 - INFO - 
=== Worker 5 Training Example 558/1586 (global idx 8492): /home/projects/bagon/shared/imagenet512/val/n03942813/ILSVRC2012_val_00041336.JPEG ===
2025-09-22 11:19:07,902 - INFO - Example /home/projects/bagon/shared/imagenet512/val/n03942813/ILSVRC2012_val_00041336.JPEG reached epsilon at step 31, loss sum: 14.9705, final loss: 0.00065994, weight distance: 0.0028
2025-09-22 11:19:08,465 - INFO - Example 558 completed: 31 steps, loss sum: 14.9705, final loss: 0.00065994, weight distance: 0.0028 (universal rank: 43927)
2025-09-22 11:19:08,465 - INFO - 
=== Worker 5 Training Example 559/1586 (global idx 8493): /home/projects/bagon/shared/imagenet512/val/n02018795/ILSVRC2012_val_00044694.JPEG ===
2025-09-22 11:19:11,453 - INFO - Example /home/projects/bagon/shared/imagenet512/val/n02018795/ILSVRC2012_val_00044694.JPEG reached epsilon at step 84, loss sum: 179.5090, final loss: 0.00099945, weight distance: 0.0063
2025-09-22 11:19:12,031 - INFO - Example 559 completed: 84 steps, loss sum: 179.5090, final loss: 0.00099945, weight distance: 0.0063 (universal rank: 43928)
2025-09-22 11:19:12,031 - INFO - 
=== Worker 5 Training Example 560/1586 (global idx 8494): /home/projects/bagon/shared/imagenet512/val/n03995372/ILSVRC2012_val_00021517.JPEG ===
2025-09-22 11:19:13,483 - INFO - Example /home/projects/bagon/shared/imagenet512/val/n03995372/ILSVRC2012_val_00021517.JPEG reached epsilon at step 40, loss sum: 22.9662, final loss: 0.00081635, weight distance: 0.0034
2025-09-22 11:19:14,057 - INFO - Example 560 completed: 40 steps, loss sum: 22.9662, final loss: 0.00081635, weight distance: 0.0034 (universal rank: 43929)
2025-09-22 11:19:14,057 - INFO - 
=== Worker 5 Training Example 561/1586 (global idx 8495): /home/projects/bagon/shared/imagenet512/val/n03146219/ILSVRC2012_val_00023873.JPEG ===
2025-09-22 11:19:15,359 - INFO - Example /home/projects/bagon/shared/imagenet512/val/n03146219/ILSVRC2012_val_00023873.JPEG reached epsilon at step 36, loss sum: 23.1729, final loss: 0.00092697, weight distance: 0.0031
2025-09-22 11:19:15,924 - INFO - Example 561 completed: 36 steps, loss sum: 23.1729, final loss: 0.00092697, weight distance: 0.0031 (universal rank: 43930)
2025-09-22 11:19:15,924 - INFO - 
=== Worker 5 Training Example 562/1586 (global idx 8496): /home/projects/bagon/shared/imagenet512/val/n01641577/ILSVRC2012_val_00018754.JPEG ===
2025-09-22 11:19:17,023 - INFO - Example /home/projects/bagon/shared/imagenet512/val/n01641577/ILSVRC2012_val_00018754.JPEG reached epsilon at step 30, loss sum: 18.3161, final loss: 0.00072479, weight distance: 0.0026
2025-09-22 11:19:17,595 - INFO - Example 562 completed: 30 steps, loss sum: 18.3161, final loss: 0.00072479, weight distance: 0.0026 (universal rank: 43931)
2025-09-22 11:19:17,595 - INFO - 
=== Worker 5 Training Example 563/1586 (global idx 8497): /home/projects/bagon/shared/imagenet512/val/n04456115/ILSVRC2012_val_00029965.JPEG ===
2025-09-22 11:19:18,966 - INFO - Example /home/projects/bagon/shared/imagenet512/val/n04456115/ILSVRC2012_val_00029965.JPEG reached epsilon at step 38, loss sum: 23.5707, final loss: 0.00076294, weight distance: 0.0033
2025-09-22 11:19:19,558 - INFO - Example 563 completed: 38 steps, loss sum: 23.5707, final loss: 0.00076294, weight distance: 0.0033 (universal rank: 43932)
2025-09-22 11:19:19,559 - INFO - 
=== Worker 5 Training Example 564/1586 (global idx 8498): /home/projects/bagon/shared/imagenet512/val/n07584110/ILSVRC2012_val_00024355.JPEG ===
2025-09-22 11:19:20,572 - INFO - Example /home/projects/bagon/shared/imagenet512/val/n07584110/ILSVRC2012_val_00024355.JPEG reached epsilon at step 27, loss sum: 10.3103, final loss: 0.00094223, weight distance: 0.0025
2025-09-22 11:19:21,144 - INFO - Example 564 completed: 27 steps, loss sum: 10.3103, final loss: 0.00094223, weight distance: 0.0025 (universal rank: 43933)
2025-09-22 11:19:21,144 - INFO - 
=== Worker 5 Training Example 565/1586 (global idx 8499): /home/projects/bagon/shared/imagenet512/val/n02105251/ILSVRC2012_val_00009530.JPEG ===
2025-09-22 11:19:22,685 - INFO - Example /home/projects/bagon/shared/imagenet512/val/n02105251/ILSVRC2012_val_00009530.JPEG reached epsilon at step 43, loss sum: 24.3736, final loss: 0.00089264, weight distance: 0.0037
2025-09-22 11:19:23,241 - INFO - Example 565 completed: 43 steps, loss sum: 24.3736, final loss: 0.00089264, weight distance: 0.0037 (universal rank: 43934)
2025-09-22 11:19:23,241 - INFO - 
=== Worker 5 Training Example 566/1586 (global idx 8500): /home/projects/bagon/shared/imagenet512/val/n03535780/ILSVRC2012_val_00038838.JPEG ===
2025-09-22 11:19:24,793 - INFO - Example /home/projects/bagon/shared/imagenet512/val/n03535780/ILSVRC2012_val_00038838.JPEG reached epsilon at step 43, loss sum: 15.4916, final loss: 0.00099945, weight distance: 0.0038
2025-09-22 11:19:25,365 - INFO - Example 566 completed: 43 steps, loss sum: 15.4916, final loss: 0.00099945, weight distance: 0.0038 (universal rank: 43935)
2025-09-22 11:19:25,366 - INFO - 
=== Worker 5 Training Example 567/1586 (global idx 8501): /home/projects/bagon/shared/imagenet512/val/n07875152/ILSVRC2012_val_00003969.JPEG ===
2025-09-22 11:19:27,578 - INFO - Example /home/projects/bagon/shared/imagenet512/val/n07875152/ILSVRC2012_val_00003969.JPEG reached epsilon at step 62, loss sum: 72.7519, final loss: 0.00094223, weight distance: 0.0051
2025-09-22 11:19:28,130 - INFO - Example 567 completed: 62 steps, loss sum: 72.7519, final loss: 0.00094223, weight distance: 0.0051 (universal rank: 43936)
2025-09-22 11:19:28,130 - INFO - 
=== Worker 5 Training Example 568/1586 (global idx 8502): /home/projects/bagon/shared/imagenet512/val/n04612504/ILSVRC2012_val_00025712.JPEG ===
2025-09-22 11:19:29,335 - INFO - Example /home/projects/bagon/shared/imagenet512/val/n04612504/ILSVRC2012_val_00025712.JPEG reached epsilon at step 33, loss sum: 9.7764, final loss: 0.00085831, weight distance: 0.0030
2025-09-22 11:19:29,902 - INFO - Example 568 completed: 33 steps, loss sum: 9.7764, final loss: 0.00085831, weight distance: 0.0030 (universal rank: 43937)
2025-09-22 11:19:29,902 - INFO - 
=== Worker 5 Training Example 569/1586 (global idx 8503): /home/projects/bagon/shared/imagenet512/val/n03895866/ILSVRC2012_val_00032803.JPEG ===
2025-09-22 11:19:31,500 - INFO - Example /home/projects/bagon/shared/imagenet512/val/n03895866/ILSVRC2012_val_00032803.JPEG reached epsilon at step 44, loss sum: 48.8058, final loss: 0.00086975, weight distance: 0.0037
2025-09-22 11:19:32,079 - INFO - Example 569 completed: 44 steps, loss sum: 48.8058, final loss: 0.00086975, weight distance: 0.0037 (universal rank: 43938)
2025-09-22 11:19:32,079 - INFO - 
=== Worker 5 Training Example 570/1586 (global idx 8504): /home/projects/bagon/shared/imagenet512/val/n13054560/ILSVRC2012_val_00031924.JPEG ===
2025-09-22 11:19:33,398 - INFO - Example /home/projects/bagon/shared/imagenet512/val/n13054560/ILSVRC2012_val_00031924.JPEG reached epsilon at step 36, loss sum: 17.0694, final loss: 0.00099182, weight distance: 0.0033
2025-09-22 11:19:33,956 - INFO - Example 570 completed: 36 steps, loss sum: 17.0694, final loss: 0.00099182, weight distance: 0.0033 (universal rank: 43940)
2025-09-22 11:19:33,957 - INFO - 
=== Worker 5 Training Example 571/1586 (global idx 8505): /home/projects/bagon/shared/imagenet512/val/n03376595/ILSVRC2012_val_00006022.JPEG ===
2025-09-22 11:19:35,122 - INFO - Example /home/projects/bagon/shared/imagenet512/val/n03376595/ILSVRC2012_val_00006022.JPEG reached epsilon at step 32, loss sum: 11.1498, final loss: 0.00085068, weight distance: 0.0030
2025-09-22 11:19:35,689 - INFO - Example 571 completed: 32 steps, loss sum: 11.1498, final loss: 0.00085068, weight distance: 0.0030 (universal rank: 43941)
2025-09-22 11:19:35,689 - INFO - 
=== Worker 5 Training Example 572/1586 (global idx 8506): /home/projects/bagon/shared/imagenet512/val/n03534580/ILSVRC2012_val_00033753.JPEG ===
2025-09-22 11:19:36,937 - INFO - Example /home/projects/bagon/shared/imagenet512/val/n03534580/ILSVRC2012_val_00033753.JPEG reached epsilon at step 34, loss sum: 12.0284, final loss: 0.00099182, weight distance: 0.0027
2025-09-22 11:19:37,504 - INFO - Example 572 completed: 34 steps, loss sum: 12.0284, final loss: 0.00099182, weight distance: 0.0027 (universal rank: 43942)
2025-09-22 11:19:37,504 - INFO - 
=== Worker 5 Training Example 573/1586 (global idx 8507): /home/projects/bagon/shared/imagenet512/val/n02102973/ILSVRC2012_val_00034909.JPEG ===
2025-09-22 11:19:38,961 - INFO - Example /home/projects/bagon/shared/imagenet512/val/n02102973/ILSVRC2012_val_00034909.JPEG reached epsilon at step 40, loss sum: 7.8424, final loss: 0.00089264, weight distance: 0.0036
2025-09-22 11:19:39,519 - INFO - Example 573 completed: 40 steps, loss sum: 7.8424, final loss: 0.00089264, weight distance: 0.0036 (universal rank: 43943)
2025-09-22 11:19:39,519 - INFO - 
=== Worker 5 Training Example 574/1586 (global idx 8508): /home/projects/bagon/shared/imagenet512/val/n03961711/ILSVRC2012_val_00011608.JPEG ===
2025-09-22 11:19:41,141 - INFO - Example /home/projects/bagon/shared/imagenet512/val/n03961711/ILSVRC2012_val_00011608.JPEG reached epsilon at step 45, loss sum: 51.2621, final loss: 0.00097275, weight distance: 0.0040
2025-09-22 11:19:41,720 - INFO - Example 574 completed: 45 steps, loss sum: 51.2621, final loss: 0.00097275, weight distance: 0.0040 (universal rank: 43945)
2025-09-22 11:19:41,720 - INFO - 
=== Worker 5 Training Example 575/1586 (global idx 8509): /home/projects/bagon/shared/imagenet512/val/n03761084/ILSVRC2012_val_00020448.JPEG ===
2025-09-22 11:19:43,759 - INFO - Example /home/projects/bagon/shared/imagenet512/val/n03761084/ILSVRC2012_val_00020448.JPEG reached epsilon at step 57, loss sum: 50.3780, final loss: 0.00097656, weight distance: 0.0047
2025-09-22 11:19:44,327 - INFO - Example 575 completed: 57 steps, loss sum: 50.3780, final loss: 0.00097656, weight distance: 0.0047 (universal rank: 43946)
2025-09-22 11:19:44,327 - INFO - 
=== Worker 5 Training Example 576/1586 (global idx 8510): /home/projects/bagon/shared/imagenet512/val/n03920288/ILSVRC2012_val_00012663.JPEG ===
2025-09-22 11:19:45,441 - INFO - Example /home/projects/bagon/shared/imagenet512/val/n03920288/ILSVRC2012_val_00012663.JPEG reached epsilon at step 30, loss sum: 22.5801, final loss: 0.00067139, weight distance: 0.0028
2025-09-22 11:19:46,004 - INFO - Example 576 completed: 30 steps, loss sum: 22.5801, final loss: 0.00067139, weight distance: 0.0028 (universal rank: 43947)
2025-09-22 11:19:46,004 - INFO - 
=== Worker 5 Training Example 577/1586 (global idx 8511): /home/projects/bagon/shared/imagenet512/val/n01740131/ILSVRC2012_val_00037175.JPEG ===
2025-09-22 11:19:47,913 - INFO - Example /home/projects/bagon/shared/imagenet512/val/n01740131/ILSVRC2012_val_00037175.JPEG reached epsilon at step 53, loss sum: 39.1734, final loss: 0.00097656, weight distance: 0.0047
2025-09-22 11:19:48,580 - INFO - Example 577 completed: 53 steps, loss sum: 39.1734, final loss: 0.00097656, weight distance: 0.0047 (universal rank: 43948)
2025-09-22 11:19:48,580 - INFO - 
=== Worker 5 Training Example 578/1586 (global idx 8512): /home/projects/bagon/shared/imagenet512/val/n02096177/ILSVRC2012_val_00007255.JPEG ===
2025-09-22 11:19:51,497 - INFO - Example /home/projects/bagon/shared/imagenet512/val/n02096177/ILSVRC2012_val_00007255.JPEG reached epsilon at step 82, loss sum: 58.2119, final loss: 0.00085068, weight distance: 0.0065
2025-09-22 11:19:52,063 - INFO - Example 578 completed: 82 steps, loss sum: 58.2119, final loss: 0.00085068, weight distance: 0.0065 (universal rank: 43949)
2025-09-22 11:19:52,063 - INFO - 
=== Worker 5 Training Example 579/1586 (global idx 8513): /home/projects/bagon/shared/imagenet512/val/n02791270/ILSVRC2012_val_00044179.JPEG ===
2025-09-22 11:19:53,714 - INFO - Example /home/projects/bagon/shared/imagenet512/val/n02791270/ILSVRC2012_val_00044179.JPEG reached epsilon at step 46, loss sum: 14.5679, final loss: 0.00084305, weight distance: 0.0039
2025-09-22 11:19:54,448 - INFO - Example 579 completed: 46 steps, loss sum: 14.5679, final loss: 0.00084305, weight distance: 0.0039 (universal rank: 43950)
2025-09-22 11:19:54,448 - INFO - 
=== Worker 5 Training Example 580/1586 (global idx 8514): /home/projects/bagon/shared/imagenet512/val/n02823750/ILSVRC2012_val_00027329.JPEG ===
2025-09-22 11:19:56,028 - INFO - Example /home/projects/bagon/shared/imagenet512/val/n02823750/ILSVRC2012_val_00027329.JPEG reached epsilon at step 44, loss sum: 52.1080, final loss: 0.00089645, weight distance: 0.0039
2025-09-22 11:19:56,600 - INFO - Example 580 completed: 44 steps, loss sum: 52.1080, final loss: 0.00089645, weight distance: 0.0039 (universal rank: 43951)
2025-09-22 11:19:56,600 - INFO - 
=== Worker 5 Training Example 581/1586 (global idx 8515): /home/projects/bagon/shared/imagenet512/val/n04462240/ILSVRC2012_val_00046337.JPEG ===
2025-09-22 11:19:57,670 - INFO - Example /home/projects/bagon/shared/imagenet512/val/n04462240/ILSVRC2012_val_00046337.JPEG reached epsilon at step 29, loss sum: 17.2022, final loss: 0.00089264, weight distance: 0.0027
2025-09-22 11:19:58,270 - INFO - Example 581 completed: 29 steps, loss sum: 17.2022, final loss: 0.00089264, weight distance: 0.0027 (universal rank: 43952)
2025-09-22 11:19:58,270 - INFO - 
=== Worker 5 Training Example 582/1586 (global idx 8516): /home/projects/bagon/shared/imagenet512/val/n03770679/ILSVRC2012_val_00001722.JPEG ===
2025-09-22 11:19:59,404 - INFO - Example /home/projects/bagon/shared/imagenet512/val/n03770679/ILSVRC2012_val_00001722.JPEG reached epsilon at step 31, loss sum: 5.8907, final loss: 0.00087738, weight distance: 0.0028
2025-09-22 11:19:59,985 - INFO - Example 582 completed: 31 steps, loss sum: 5.8907, final loss: 0.00087738, weight distance: 0.0028 (universal rank: 43953)
2025-09-22 11:19:59,985 - INFO - 
=== Worker 5 Training Example 583/1586 (global idx 8517): /home/projects/bagon/shared/imagenet512/val/n04141975/ILSVRC2012_val_00036057.JPEG ===
2025-09-22 11:20:01,186 - INFO - Example /home/projects/bagon/shared/imagenet512/val/n04141975/ILSVRC2012_val_00036057.JPEG reached epsilon at step 32, loss sum: 39.4895, final loss: 0.00098419, weight distance: 0.0028
2025-09-22 11:20:01,780 - INFO - Example 583 completed: 32 steps, loss sum: 39.4895, final loss: 0.00098419, weight distance: 0.0028 (universal rank: 43956)
2025-09-22 11:20:01,780 - INFO - 
=== Worker 5 Training Example 584/1586 (global idx 8518): /home/projects/bagon/shared/imagenet512/val/n03729826/ILSVRC2012_val_00032696.JPEG ===
2025-09-22 11:20:03,839 - INFO - Example /home/projects/bagon/shared/imagenet512/val/n03729826/ILSVRC2012_val_00032696.JPEG reached epsilon at step 57, loss sum: 56.6641, final loss: 0.00074768, weight distance: 0.0048
2025-09-22 11:20:04,419 - INFO - Example 584 completed: 57 steps, loss sum: 56.6641, final loss: 0.00074768, weight distance: 0.0048 (universal rank: 43957)
2025-09-22 11:20:04,419 - INFO - 
=== Worker 5 Training Example 585/1586 (global idx 8519): /home/projects/bagon/shared/imagenet512/val/n04522168/ILSVRC2012_val_00007772.JPEG ===
2025-09-22 11:20:06,236 - INFO - Example /home/projects/bagon/shared/imagenet512/val/n04522168/ILSVRC2012_val_00007772.JPEG reached epsilon at step 49, loss sum: 75.0019, final loss: 0.00086975, weight distance: 0.0042
2025-09-22 11:20:06,797 - INFO - Example 585 completed: 49 steps, loss sum: 75.0019, final loss: 0.00086975, weight distance: 0.0042 (universal rank: 43958)
2025-09-22 11:20:06,797 - INFO - 
=== Worker 5 Training Example 586/1586 (global idx 8520): /home/projects/bagon/shared/imagenet512/val/n03670208/ILSVRC2012_val_00013054.JPEG ===
2025-09-22 11:20:08,236 - INFO - Example /home/projects/bagon/shared/imagenet512/val/n03670208/ILSVRC2012_val_00013054.JPEG reached epsilon at step 40, loss sum: 37.4361, final loss: 0.00082779, weight distance: 0.0033
2025-09-22 11:20:08,792 - INFO - Example 586 completed: 40 steps, loss sum: 37.4361, final loss: 0.00082779, weight distance: 0.0033 (universal rank: 43959)
2025-09-22 11:20:08,793 - INFO - 
=== Worker 5 Training Example 587/1586 (global idx 8521): /home/projects/bagon/shared/imagenet512/val/n09256479/ILSVRC2012_val_00011484.JPEG ===
2025-09-22 11:20:10,030 - INFO - Example /home/projects/bagon/shared/imagenet512/val/n09256479/ILSVRC2012_val_00011484.JPEG reached epsilon at step 34, loss sum: 11.0610, final loss: 0.00082016, weight distance: 0.0029
2025-09-22 11:20:10,590 - INFO - Example 587 completed: 34 steps, loss sum: 11.0610, final loss: 0.00082016, weight distance: 0.0029 (universal rank: 43960)
2025-09-22 11:20:10,590 - INFO - 
=== Worker 5 Training Example 588/1586 (global idx 8522): /home/projects/bagon/shared/imagenet512/val/n01753488/ILSVRC2012_val_00023970.JPEG ===
2025-09-22 11:20:12,432 - INFO - Example /home/projects/bagon/shared/imagenet512/val/n01753488/ILSVRC2012_val_00023970.JPEG reached epsilon at step 51, loss sum: 36.6590, final loss: 0.00099182, weight distance: 0.0042
2025-09-22 11:20:13,006 - INFO - Example 588 completed: 51 steps, loss sum: 36.6590, final loss: 0.00099182, weight distance: 0.0042 (universal rank: 43961)
2025-09-22 11:20:13,006 - INFO - 
=== Worker 5 Training Example 589/1586 (global idx 8523): /home/projects/bagon/shared/imagenet512/val/n02843684/ILSVRC2012_val_00005853.JPEG ===
2025-09-22 11:20:14,535 - INFO - Example /home/projects/bagon/shared/imagenet512/val/n02843684/ILSVRC2012_val_00005853.JPEG reached epsilon at step 42, loss sum: 61.3988, final loss: 0.00096130, weight distance: 0.0036
2025-09-22 11:20:15,152 - INFO - Example 589 completed: 42 steps, loss sum: 61.3988, final loss: 0.00096130, weight distance: 0.0036 (universal rank: 43962)
2025-09-22 11:20:15,152 - INFO - 
=== Worker 5 Training Example 590/1586 (global idx 8524): /home/projects/bagon/shared/imagenet512/val/n03710637/ILSVRC2012_val_00017519.JPEG ===
2025-09-22 11:20:17,877 - INFO - Example /home/projects/bagon/shared/imagenet512/val/n03710637/ILSVRC2012_val_00017519.JPEG reached epsilon at step 76, loss sum: 14.5369, final loss: 0.00076675, weight distance: 0.0058
2025-09-22 11:20:18,573 - INFO - Example 590 completed: 76 steps, loss sum: 14.5369, final loss: 0.00076675, weight distance: 0.0058 (universal rank: 43963)
2025-09-22 11:20:18,573 - INFO - 
=== Worker 5 Training Example 591/1586 (global idx 8525): /home/projects/bagon/shared/imagenet512/val/n04525038/ILSVRC2012_val_00029578.JPEG ===
2025-09-22 11:20:19,871 - INFO - Example /home/projects/bagon/shared/imagenet512/val/n04525038/ILSVRC2012_val_00029578.JPEG reached epsilon at step 36, loss sum: 47.3743, final loss: 0.00083923, weight distance: 0.0033
2025-09-22 11:20:20,441 - INFO - Example 591 completed: 36 steps, loss sum: 47.3743, final loss: 0.00083923, weight distance: 0.0033 (universal rank: 43964)
2025-09-22 11:20:20,441 - INFO - 
=== Worker 5 Training Example 592/1586 (global idx 8526): /home/projects/bagon/shared/imagenet512/val/n04254120/ILSVRC2012_val_00014848.JPEG ===
2025-09-22 11:20:21,436 - INFO - Example /home/projects/bagon/shared/imagenet512/val/n04254120/ILSVRC2012_val_00014848.JPEG reached epsilon at step 27, loss sum: 7.1606, final loss: 0.00095367, weight distance: 0.0024
2025-09-22 11:20:21,997 - INFO - Example 592 completed: 27 steps, loss sum: 7.1606, final loss: 0.00095367, weight distance: 0.0024 (universal rank: 43967)
2025-09-22 11:20:21,997 - INFO - 
=== Worker 5 Training Example 593/1586 (global idx 8527): /home/projects/bagon/shared/imagenet512/val/n03954731/ILSVRC2012_val_00038970.JPEG ===
2025-09-22 11:20:23,805 - INFO - Example /home/projects/bagon/shared/imagenet512/val/n03954731/ILSVRC2012_val_00038970.JPEG reached epsilon at step 50, loss sum: 44.8601, final loss: 0.00090408, weight distance: 0.0045
2025-09-22 11:20:24,459 - INFO - Example 593 completed: 50 steps, loss sum: 44.8601, final loss: 0.00090408, weight distance: 0.0045 (universal rank: 43968)
2025-09-22 11:20:24,459 - INFO - 
=== Worker 5 Training Example 594/1586 (global idx 8528): /home/projects/bagon/shared/imagenet512/val/n03961711/ILSVRC2012_val_00027388.JPEG ===
2025-09-22 11:20:25,319 - INFO - Example /home/projects/bagon/shared/imagenet512/val/n03961711/ILSVRC2012_val_00027388.JPEG reached epsilon at step 23, loss sum: 5.1002, final loss: 0.00091171, weight distance: 0.0022
2025-09-22 11:20:25,879 - INFO - Example 594 completed: 23 steps, loss sum: 5.1002, final loss: 0.00091171, weight distance: 0.0022 (universal rank: 43969)
2025-09-22 11:20:25,879 - INFO - 
=== Worker 5 Training Example 595/1586 (global idx 8529): /home/projects/bagon/shared/imagenet512/val/n03201208/ILSVRC2012_val_00013938.JPEG ===
2025-09-22 11:20:27,728 - INFO - Example /home/projects/bagon/shared/imagenet512/val/n03201208/ILSVRC2012_val_00013938.JPEG reached epsilon at step 51, loss sum: 76.1710, final loss: 0.00069427, weight distance: 0.0044
2025-09-22 11:20:28,291 - INFO - Example 595 completed: 51 steps, loss sum: 76.1710, final loss: 0.00069427, weight distance: 0.0044 (universal rank: 43970)
2025-09-22 11:20:28,291 - INFO - 
=== Worker 5 Training Example 596/1586 (global idx 8530): /home/projects/bagon/shared/imagenet512/val/n07930864/ILSVRC2012_val_00043897.JPEG ===
2025-09-22 11:20:30,075 - INFO - Example /home/projects/bagon/shared/imagenet512/val/n07930864/ILSVRC2012_val_00043897.JPEG reached epsilon at step 49, loss sum: 46.5218, final loss: 0.00080109, weight distance: 0.0041
2025-09-22 11:20:30,819 - INFO - Example 596 completed: 49 steps, loss sum: 46.5218, final loss: 0.00080109, weight distance: 0.0041 (universal rank: 43971)
2025-09-22 11:20:30,819 - INFO - 
=== Worker 5 Training Example 597/1586 (global idx 8531): /home/projects/bagon/shared/imagenet512/val/n02090721/ILSVRC2012_val_00005946.JPEG ===
2025-09-22 11:20:32,241 - INFO - Example /home/projects/bagon/shared/imagenet512/val/n02090721/ILSVRC2012_val_00005946.JPEG reached epsilon at step 39, loss sum: 21.9962, final loss: 0.00079727, weight distance: 0.0032
2025-09-22 11:20:32,801 - INFO - Example 597 completed: 39 steps, loss sum: 21.9962, final loss: 0.00079727, weight distance: 0.0032 (universal rank: 43972)
2025-09-22 11:20:32,801 - INFO - 
=== Worker 5 Training Example 598/1586 (global idx 8532): /home/projects/bagon/shared/imagenet512/val/n02088094/ILSVRC2012_val_00006698.JPEG ===
2025-09-22 11:20:33,949 - INFO - Example /home/projects/bagon/shared/imagenet512/val/n02088094/ILSVRC2012_val_00006698.JPEG reached epsilon at step 31, loss sum: 9.6087, final loss: 0.00083160, weight distance: 0.0028
2025-09-22 11:20:34,495 - INFO - Example 598 completed: 31 steps, loss sum: 9.6087, final loss: 0.00083160, weight distance: 0.0028 (universal rank: 43973)
2025-09-22 11:20:34,496 - INFO - 
=== Worker 5 Training Example 599/1586 (global idx 8533): /home/projects/bagon/shared/imagenet512/val/n02795169/ILSVRC2012_val_00026180.JPEG ===
2025-09-22 11:20:36,468 - INFO - Example /home/projects/bagon/shared/imagenet512/val/n02795169/ILSVRC2012_val_00026180.JPEG reached epsilon at step 55, loss sum: 57.3083, final loss: 0.00072098, weight distance: 0.0047
2025-09-22 11:20:37,031 - INFO - Example 599 completed: 55 steps, loss sum: 57.3083, final loss: 0.00072098, weight distance: 0.0047 (universal rank: 43974)
2025-09-22 11:20:37,031 - INFO - 
=== Worker 5 Training Example 600/1586 (global idx 8534): /home/projects/bagon/shared/imagenet512/val/n12144580/ILSVRC2012_val_00000632.JPEG ===
2025-09-22 11:20:38,555 - INFO - Example /home/projects/bagon/shared/imagenet512/val/n12144580/ILSVRC2012_val_00000632.JPEG reached epsilon at step 42, loss sum: 17.6609, final loss: 0.00099182, weight distance: 0.0036
2025-09-22 11:20:39,142 - INFO - Example 600 completed: 42 steps, loss sum: 17.6609, final loss: 0.00099182, weight distance: 0.0036 (universal rank: 43975)
2025-09-22 11:20:39,142 - INFO - 
=== Worker 5 Training Example 601/1586 (global idx 8535): /home/projects/bagon/shared/imagenet512/val/n03485794/ILSVRC2012_val_00047363.JPEG ===
2025-09-22 11:20:39,963 - INFO - Example /home/projects/bagon/shared/imagenet512/val/n03485794/ILSVRC2012_val_00047363.JPEG reached epsilon at step 22, loss sum: 13.7369, final loss: 0.00097275, weight distance: 0.0020
2025-09-22 11:20:40,519 - INFO - Example 601 completed: 22 steps, loss sum: 13.7369, final loss: 0.00097275, weight distance: 0.0020 (universal rank: 43976)
2025-09-22 11:20:40,519 - INFO - 
=== Worker 5 Training Example 602/1586 (global idx 8536): /home/projects/bagon/shared/imagenet512/val/n03980874/ILSVRC2012_val_00039869.JPEG ===
2025-09-22 11:20:42,980 - INFO - Example /home/projects/bagon/shared/imagenet512/val/n03980874/ILSVRC2012_val_00039869.JPEG reached epsilon at step 69, loss sum: 112.1525, final loss: 0.00088882, weight distance: 0.0054
2025-09-22 11:20:43,561 - INFO - Example 602 completed: 69 steps, loss sum: 112.1525, final loss: 0.00088882, weight distance: 0.0054 (universal rank: 43977)
2025-09-22 11:20:43,561 - INFO - 
=== Worker 5 Training Example 603/1586 (global idx 8537): /home/projects/bagon/shared/imagenet512/val/n07693725/ILSVRC2012_val_00009341.JPEG ===
2025-09-22 11:20:45,295 - INFO - Example /home/projects/bagon/shared/imagenet512/val/n07693725/ILSVRC2012_val_00009341.JPEG reached epsilon at step 48, loss sum: 67.8341, final loss: 0.00096893, weight distance: 0.0040
2025-09-22 11:20:45,849 - INFO - Example 603 completed: 48 steps, loss sum: 67.8341, final loss: 0.00096893, weight distance: 0.0040 (universal rank: 43978)
2025-09-22 11:20:45,849 - INFO - 
=== Worker 5 Training Example 604/1586 (global idx 8538): /home/projects/bagon/shared/imagenet512/val/n07614500/ILSVRC2012_val_00006126.JPEG ===
2025-09-22 11:20:48,157 - INFO - Example /home/projects/bagon/shared/imagenet512/val/n07614500/ILSVRC2012_val_00006126.JPEG reached epsilon at step 64, loss sum: 32.0844, final loss: 0.00082779, weight distance: 0.0050
2025-09-22 11:20:48,720 - INFO - Example 604 completed: 64 steps, loss sum: 32.0844, final loss: 0.00082779, weight distance: 0.0050 (universal rank: 43979)
2025-09-22 11:20:48,720 - INFO - 
=== Worker 5 Training Example 605/1586 (global idx 8539): /home/projects/bagon/shared/imagenet512/val/n09246464/ILSVRC2012_val_00024248.JPEG ===
2025-09-22 11:20:50,209 - INFO - Example /home/projects/bagon/shared/imagenet512/val/n09246464/ILSVRC2012_val_00024248.JPEG reached epsilon at step 41, loss sum: 10.7283, final loss: 0.00096512, weight distance: 0.0036
2025-09-22 11:20:50,773 - INFO - Example 605 completed: 41 steps, loss sum: 10.7283, final loss: 0.00096512, weight distance: 0.0036 (universal rank: 43981)
2025-09-22 11:20:50,773 - INFO - 
=== Worker 5 Training Example 606/1586 (global idx 8540): /home/projects/bagon/shared/imagenet512/val/n03871628/ILSVRC2012_val_00017920.JPEG ===
2025-09-22 11:20:51,812 - INFO - Example /home/projects/bagon/shared/imagenet512/val/n03871628/ILSVRC2012_val_00017920.JPEG reached epsilon at step 28, loss sum: 6.0998, final loss: 0.00067520, weight distance: 0.0026
2025-09-22 11:20:52,365 - INFO - Example 606 completed: 28 steps, loss sum: 6.0998, final loss: 0.00067520, weight distance: 0.0026 (universal rank: 43982)
2025-09-22 11:20:52,365 - INFO - 
=== Worker 5 Training Example 607/1586 (global idx 8541): /home/projects/bagon/shared/imagenet512/val/n07693725/ILSVRC2012_val_00044299.JPEG ===
2025-09-22 11:20:53,341 - INFO - Example /home/projects/bagon/shared/imagenet512/val/n07693725/ILSVRC2012_val_00044299.JPEG reached epsilon at step 26, loss sum: 15.0499, final loss: 0.00061798, weight distance: 0.0025
2025-09-22 11:20:53,895 - INFO - Example 607 completed: 26 steps, loss sum: 15.0499, final loss: 0.00061798, weight distance: 0.0025 (universal rank: 43983)
2025-09-22 11:20:53,895 - INFO - 
=== Worker 5 Training Example 608/1586 (global idx 8542): /home/projects/bagon/shared/imagenet512/val/n03476991/ILSVRC2012_val_00040181.JPEG ===
2025-09-22 11:20:56,528 - INFO - Example /home/projects/bagon/shared/imagenet512/val/n03476991/ILSVRC2012_val_00040181.JPEG reached epsilon at step 74, loss sum: 27.9044, final loss: 0.00097656, weight distance: 0.0047
2025-09-22 11:20:57,099 - INFO - Example 608 completed: 74 steps, loss sum: 27.9044, final loss: 0.00097656, weight distance: 0.0047 (universal rank: 43984)
2025-09-22 11:20:57,099 - INFO - 
=== Worker 5 Training Example 609/1586 (global idx 8543): /home/projects/bagon/shared/imagenet512/val/n02808440/ILSVRC2012_val_00025038.JPEG ===
2025-09-22 11:20:59,691 - INFO - Example /home/projects/bagon/shared/imagenet512/val/n02808440/ILSVRC2012_val_00025038.JPEG reached epsilon at step 73, loss sum: 36.2866, final loss: 0.00099945, weight distance: 0.0055
2025-09-22 11:21:00,859 - INFO - Example 609 completed: 73 steps, loss sum: 36.2866, final loss: 0.00099945, weight distance: 0.0055 (universal rank: 43985)
2025-09-22 11:21:00,859 - INFO - 
=== Worker 5 Training Example 610/1586 (global idx 8544): /home/projects/bagon/shared/imagenet512/val/n03866082/ILSVRC2012_val_00038100.JPEG ===
2025-09-22 11:21:02,112 - INFO - Example /home/projects/bagon/shared/imagenet512/val/n03866082/ILSVRC2012_val_00038100.JPEG reached epsilon at step 34, loss sum: 14.2055, final loss: 0.00074768, weight distance: 0.0031
2025-09-22 11:21:02,673 - INFO - Example 610 completed: 34 steps, loss sum: 14.2055, final loss: 0.00074768, weight distance: 0.0031 (universal rank: 43986)
2025-09-22 11:21:02,673 - INFO - 
=== Worker 5 Training Example 611/1586 (global idx 8545): /home/projects/bagon/shared/imagenet512/val/n04456115/ILSVRC2012_val_00005671.JPEG ===
2025-09-22 11:21:03,922 - INFO - Example /home/projects/bagon/shared/imagenet512/val/n04456115/ILSVRC2012_val_00005671.JPEG reached epsilon at step 34, loss sum: 30.3516, final loss: 0.00084305, weight distance: 0.0030
2025-09-22 11:21:04,501 - INFO - Example 611 completed: 34 steps, loss sum: 30.3516, final loss: 0.00084305, weight distance: 0.0030 (universal rank: 43987)
2025-09-22 11:21:04,501 - INFO - 
=== Worker 5 Training Example 612/1586 (global idx 8546): /home/projects/bagon/shared/imagenet512/val/n02206856/ILSVRC2012_val_00043768.JPEG ===
2025-09-22 11:21:05,890 - INFO - Example /home/projects/bagon/shared/imagenet512/val/n02206856/ILSVRC2012_val_00043768.JPEG reached epsilon at step 38, loss sum: 17.9551, final loss: 0.00073624, weight distance: 0.0034
2025-09-22 11:21:06,519 - INFO - Example 612 completed: 38 steps, loss sum: 17.9551, final loss: 0.00073624, weight distance: 0.0034 (universal rank: 43988)
2025-09-22 11:21:06,519 - INFO - 
=== Worker 5 Training Example 613/1586 (global idx 8547): /home/projects/bagon/shared/imagenet512/val/n09428293/ILSVRC2012_val_00039829.JPEG ===
2025-09-22 11:21:08,001 - INFO - Example /home/projects/bagon/shared/imagenet512/val/n09428293/ILSVRC2012_val_00039829.JPEG reached epsilon at step 41, loss sum: 13.9148, final loss: 0.00099945, weight distance: 0.0035
2025-09-22 11:21:08,558 - INFO - Example 613 completed: 41 steps, loss sum: 13.9148, final loss: 0.00099945, weight distance: 0.0035 (universal rank: 43990)
2025-09-22 11:21:08,558 - INFO - 
=== Worker 5 Training Example 614/1586 (global idx 8548): /home/projects/bagon/shared/imagenet512/val/n03773504/ILSVRC2012_val_00023537.JPEG ===
2025-09-22 11:21:10,917 - INFO - Example /home/projects/bagon/shared/imagenet512/val/n03773504/ILSVRC2012_val_00023537.JPEG reached epsilon at step 66, loss sum: 19.3497, final loss: 0.00086594, weight distance: 0.0054
2025-09-22 11:21:11,484 - INFO - Example 614 completed: 66 steps, loss sum: 19.3497, final loss: 0.00086594, weight distance: 0.0054 (universal rank: 43991)
2025-09-22 11:21:11,484 - INFO - 
=== Worker 5 Training Example 615/1586 (global idx 8549): /home/projects/bagon/shared/imagenet512/val/n03947888/ILSVRC2012_val_00040013.JPEG ===
2025-09-22 11:21:12,669 - INFO - Example /home/projects/bagon/shared/imagenet512/val/n03947888/ILSVRC2012_val_00040013.JPEG reached epsilon at step 32, loss sum: 3.5511, final loss: 0.00078583, weight distance: 0.0029
2025-09-22 11:21:13,221 - INFO - Example 615 completed: 32 steps, loss sum: 3.5511, final loss: 0.00078583, weight distance: 0.0029 (universal rank: 43992)
2025-09-22 11:21:13,222 - INFO - 
=== Worker 5 Training Example 616/1586 (global idx 8550): /home/projects/bagon/shared/imagenet512/val/n03249569/ILSVRC2012_val_00041539.JPEG ===
2025-09-22 11:21:15,242 - INFO - Example /home/projects/bagon/shared/imagenet512/val/n03249569/ILSVRC2012_val_00041539.JPEG reached epsilon at step 56, loss sum: 60.8479, final loss: 0.00095367, weight distance: 0.0047
2025-09-22 11:21:15,794 - INFO - Example 616 completed: 56 steps, loss sum: 60.8479, final loss: 0.00095367, weight distance: 0.0047 (universal rank: 43993)
2025-09-22 11:21:15,794 - INFO - 
=== Worker 5 Training Example 617/1586 (global idx 8551): /home/projects/bagon/shared/imagenet512/val/n03843555/ILSVRC2012_val_00046369.JPEG ===
2025-09-22 11:21:17,747 - INFO - Example /home/projects/bagon/shared/imagenet512/val/n03843555/ILSVRC2012_val_00046369.JPEG reached epsilon at step 54, loss sum: 113.9600, final loss: 0.00083923, weight distance: 0.0047
2025-09-22 11:21:18,379 - INFO - Example 617 completed: 54 steps, loss sum: 113.9600, final loss: 0.00083923, weight distance: 0.0047 (universal rank: 43994)
2025-09-22 11:21:18,379 - INFO - 
=== Worker 5 Training Example 618/1586 (global idx 8552): /home/projects/bagon/shared/imagenet512/val/n03691459/ILSVRC2012_val_00025560.JPEG ===
2025-09-22 11:21:20,683 - INFO - Example /home/projects/bagon/shared/imagenet512/val/n03691459/ILSVRC2012_val_00025560.JPEG reached epsilon at step 64, loss sum: 60.7488, final loss: 0.00059128, weight distance: 0.0045
2025-09-22 11:21:21,277 - INFO - Example 618 completed: 64 steps, loss sum: 60.7488, final loss: 0.00059128, weight distance: 0.0045 (universal rank: 43995)
2025-09-22 11:21:21,277 - INFO - 
=== Worker 5 Training Example 619/1586 (global idx 8553): /home/projects/bagon/shared/imagenet512/val/n01756291/ILSVRC2012_val_00040054.JPEG ===
2025-09-22 11:21:23,641 - INFO - Example /home/projects/bagon/shared/imagenet512/val/n01756291/ILSVRC2012_val_00040054.JPEG reached epsilon at step 66, loss sum: 58.1181, final loss: 0.00094604, weight distance: 0.0051
2025-09-22 11:21:24,273 - INFO - Example 619 completed: 66 steps, loss sum: 58.1181, final loss: 0.00094604, weight distance: 0.0051 (universal rank: 43996)
2025-09-22 11:21:24,273 - INFO - 
=== Worker 5 Training Example 620/1586 (global idx 8554): /home/projects/bagon/shared/imagenet512/val/n03016953/ILSVRC2012_val_00026319.JPEG ===
2025-09-22 11:21:25,539 - INFO - Example /home/projects/bagon/shared/imagenet512/val/n03016953/ILSVRC2012_val_00026319.JPEG reached epsilon at step 34, loss sum: 3.3674, final loss: 0.00087738, weight distance: 0.0030
2025-09-22 11:21:26,105 - INFO - Example 620 completed: 34 steps, loss sum: 3.3674, final loss: 0.00087738, weight distance: 0.0030 (universal rank: 43997)
2025-09-22 11:21:26,105 - INFO - 
=== Worker 5 Training Example 621/1586 (global idx 8555): /home/projects/bagon/shared/imagenet512/val/n03769881/ILSVRC2012_val_00035663.JPEG ===
2025-09-22 11:21:27,639 - INFO - Example /home/projects/bagon/shared/imagenet512/val/n03769881/ILSVRC2012_val_00035663.JPEG reached epsilon at step 42, loss sum: 12.9104, final loss: 0.00084686, weight distance: 0.0037
2025-09-22 11:21:28,204 - INFO - Example 621 completed: 42 steps, loss sum: 12.9104, final loss: 0.00084686, weight distance: 0.0037 (universal rank: 43998)
2025-09-22 11:21:28,205 - INFO - 
=== Worker 5 Training Example 622/1586 (global idx 8556): /home/projects/bagon/shared/imagenet512/val/n02096177/ILSVRC2012_val_00022682.JPEG ===
2025-09-22 11:21:29,078 - INFO - Example /home/projects/bagon/shared/imagenet512/val/n02096177/ILSVRC2012_val_00022682.JPEG reached epsilon at step 23, loss sum: 7.8765, final loss: 0.00076675, weight distance: 0.0021
2025-09-22 11:21:29,641 - INFO - Example 622 completed: 23 steps, loss sum: 7.8765, final loss: 0.00076675, weight distance: 0.0021 (universal rank: 43999)
2025-09-22 11:21:29,641 - INFO - 
=== Worker 5 Training Example 623/1586 (global idx 8557): /home/projects/bagon/shared/imagenet512/val/n03481172/ILSVRC2012_val_00020721.JPEG ===
2025-09-22 11:21:31,035 - INFO - Example /home/projects/bagon/shared/imagenet512/val/n03481172/ILSVRC2012_val_00020721.JPEG reached epsilon at step 38, loss sum: 8.9114, final loss: 0.00093842, weight distance: 0.0035
2025-09-22 11:21:31,605 - INFO - Example 623 completed: 38 steps, loss sum: 8.9114, final loss: 0.00093842, weight distance: 0.0035 (universal rank: 44000)
2025-09-22 11:21:31,605 - INFO - 
=== Worker 5 Training Example 624/1586 (global idx 8558): /home/projects/bagon/shared/imagenet512/val/n03297495/ILSVRC2012_val_00033095.JPEG ===
2025-09-22 11:21:32,918 - INFO - Example /home/projects/bagon/shared/imagenet512/val/n03297495/ILSVRC2012_val_00033095.JPEG reached epsilon at step 36, loss sum: 1.7624, final loss: 0.00096893, weight distance: 0.0030
2025-09-22 11:21:33,476 - INFO - Example 624 completed: 36 steps, loss sum: 1.7624, final loss: 0.00096893, weight distance: 0.0030 (universal rank: 44002)
2025-09-22 11:21:33,476 - INFO - 
=== Worker 5 Training Example 625/1586 (global idx 8559): /home/projects/bagon/shared/imagenet512/val/n03935335/ILSVRC2012_val_00027469.JPEG ===
2025-09-22 11:21:35,131 - INFO - Example /home/projects/bagon/shared/imagenet512/val/n03935335/ILSVRC2012_val_00027469.JPEG reached epsilon at step 46, loss sum: 121.7140, final loss: 0.00086212, weight distance: 0.0041
2025-09-22 11:21:35,736 - INFO - Example 625 completed: 46 steps, loss sum: 121.7140, final loss: 0.00086212, weight distance: 0.0041 (universal rank: 44005)
2025-09-22 11:21:35,736 - INFO - 
=== Worker 5 Training Example 626/1586 (global idx 8560): /home/projects/bagon/shared/imagenet512/val/n07747607/ILSVRC2012_val_00012699.JPEG ===
2025-09-22 11:21:37,234 - INFO - Example /home/projects/bagon/shared/imagenet512/val/n07747607/ILSVRC2012_val_00012699.JPEG reached epsilon at step 41, loss sum: 9.1938, final loss: 0.00082397, weight distance: 0.0036
2025-09-22 11:21:37,949 - INFO - Example 626 completed: 41 steps, loss sum: 9.1938, final loss: 0.00082397, weight distance: 0.0036 (universal rank: 44007)
2025-09-22 11:21:37,949 - INFO - 
=== Worker 5 Training Example 627/1586 (global idx 8561): /home/projects/bagon/shared/imagenet512/val/n07584110/ILSVRC2012_val_00049366.JPEG ===
2025-09-22 11:21:39,256 - INFO - Example /home/projects/bagon/shared/imagenet512/val/n07584110/ILSVRC2012_val_00049366.JPEG reached epsilon at step 36, loss sum: 10.8776, final loss: 0.00075531, weight distance: 0.0032
2025-09-22 11:21:39,810 - INFO - Example 627 completed: 36 steps, loss sum: 10.8776, final loss: 0.00075531, weight distance: 0.0032 (universal rank: 44008)
2025-09-22 11:21:39,810 - INFO - 
=== Worker 5 Training Example 628/1586 (global idx 8562): /home/projects/bagon/shared/imagenet512/val/n07747607/ILSVRC2012_val_00033807.JPEG ===
2025-09-22 11:21:40,774 - INFO - Example /home/projects/bagon/shared/imagenet512/val/n07747607/ILSVRC2012_val_00033807.JPEG reached epsilon at step 26, loss sum: 16.2486, final loss: 0.00082779, weight distance: 0.0025
2025-09-22 11:21:41,324 - INFO - Example 628 completed: 26 steps, loss sum: 16.2486, final loss: 0.00082779, weight distance: 0.0025 (universal rank: 44009)
2025-09-22 11:21:41,324 - INFO - 
=== Worker 5 Training Example 629/1586 (global idx 8563): /home/projects/bagon/shared/imagenet512/val/n10148035/ILSVRC2012_val_00031852.JPEG ===
2025-09-22 11:21:42,486 - INFO - Example /home/projects/bagon/shared/imagenet512/val/n10148035/ILSVRC2012_val_00031852.JPEG reached epsilon at step 31, loss sum: 7.5431, final loss: 0.00089264, weight distance: 0.0027
2025-09-22 11:21:43,053 - INFO - Example 629 completed: 31 steps, loss sum: 7.5431, final loss: 0.00089264, weight distance: 0.0027 (universal rank: 44010)
2025-09-22 11:21:43,053 - INFO - 
=== Worker 5 Training Example 630/1586 (global idx 8564): /home/projects/bagon/shared/imagenet512/val/n01773549/ILSVRC2012_val_00013797.JPEG ===
2025-09-22 11:21:43,940 - INFO - Example /home/projects/bagon/shared/imagenet512/val/n01773549/ILSVRC2012_val_00013797.JPEG reached epsilon at step 24, loss sum: 3.5519, final loss: 0.00096130, weight distance: 0.0022
2025-09-22 11:21:44,488 - INFO - Example 630 completed: 24 steps, loss sum: 3.5519, final loss: 0.00096130, weight distance: 0.0022 (universal rank: 44011)
2025-09-22 11:21:44,488 - INFO - 
=== Worker 5 Training Example 631/1586 (global idx 8565): /home/projects/bagon/shared/imagenet512/val/n04265275/ILSVRC2012_val_00028508.JPEG ===
2025-09-22 11:21:46,017 - INFO - Example /home/projects/bagon/shared/imagenet512/val/n04265275/ILSVRC2012_val_00028508.JPEG reached epsilon at step 42, loss sum: 46.2943, final loss: 0.00074387, weight distance: 0.0038
2025-09-22 11:21:46,567 - INFO - Example 631 completed: 42 steps, loss sum: 46.2943, final loss: 0.00074387, weight distance: 0.0038 (universal rank: 44012)
2025-09-22 11:21:46,567 - INFO - 
=== Worker 5 Training Example 632/1586 (global idx 8566): /home/projects/bagon/shared/imagenet512/val/n04532106/ILSVRC2012_val_00019983.JPEG ===
2025-09-22 11:21:47,784 - INFO - Example /home/projects/bagon/shared/imagenet512/val/n04532106/ILSVRC2012_val_00019983.JPEG reached epsilon at step 33, loss sum: 17.6488, final loss: 0.00095749, weight distance: 0.0030
2025-09-22 11:21:48,448 - INFO - Example 632 completed: 33 steps, loss sum: 17.6488, final loss: 0.00095749, weight distance: 0.0030 (universal rank: 44014)
2025-09-22 11:21:48,448 - INFO - 
=== Worker 5 Training Example 633/1586 (global idx 8567): /home/projects/bagon/shared/imagenet512/val/n07697537/ILSVRC2012_val_00034311.JPEG ===
2025-09-22 11:21:49,656 - INFO - Example /home/projects/bagon/shared/imagenet512/val/n07697537/ILSVRC2012_val_00034311.JPEG reached epsilon at step 33, loss sum: 22.9018, final loss: 0.00088120, weight distance: 0.0030
2025-09-22 11:21:50,211 - INFO - Example 633 completed: 33 steps, loss sum: 22.9018, final loss: 0.00088120, weight distance: 0.0030 (universal rank: 44015)
2025-09-22 11:21:50,211 - INFO - 
=== Worker 5 Training Example 634/1586 (global idx 8568): /home/projects/bagon/shared/imagenet512/val/n02104029/ILSVRC2012_val_00020132.JPEG ===
2025-09-22 11:21:52,641 - INFO - Example /home/projects/bagon/shared/imagenet512/val/n02104029/ILSVRC2012_val_00020132.JPEG reached epsilon at step 68, loss sum: 49.9131, final loss: 0.00087738, weight distance: 0.0050
2025-09-22 11:21:53,189 - INFO - Example 634 completed: 68 steps, loss sum: 49.9131, final loss: 0.00087738, weight distance: 0.0050 (universal rank: 44016)
2025-09-22 11:21:53,189 - INFO - 
=== Worker 5 Training Example 635/1586 (global idx 8569): /home/projects/bagon/shared/imagenet512/val/n04483307/ILSVRC2012_val_00014691.JPEG ===
2025-09-22 11:21:55,077 - INFO - Example /home/projects/bagon/shared/imagenet512/val/n04483307/ILSVRC2012_val_00014691.JPEG reached epsilon at step 52, loss sum: 11.7871, final loss: 0.00097656, weight distance: 0.0043
2025-09-22 11:21:55,664 - INFO - Example 635 completed: 52 steps, loss sum: 11.7871, final loss: 0.00097656, weight distance: 0.0043 (universal rank: 44017)
2025-09-22 11:21:55,664 - INFO - 
=== Worker 5 Training Example 636/1586 (global idx 8570): /home/projects/bagon/shared/imagenet512/val/n03124170/ILSVRC2012_val_00040779.JPEG ===
2025-09-22 11:21:56,721 - INFO - Example /home/projects/bagon/shared/imagenet512/val/n03124170/ILSVRC2012_val_00040779.JPEG reached epsilon at step 29, loss sum: 8.0192, final loss: 0.00078201, weight distance: 0.0026
2025-09-22 11:21:57,299 - INFO - Example 636 completed: 29 steps, loss sum: 8.0192, final loss: 0.00078201, weight distance: 0.0026 (universal rank: 44018)
2025-09-22 11:21:57,299 - INFO - 
=== Worker 5 Training Example 637/1586 (global idx 8571): /home/projects/bagon/shared/imagenet512/val/n02097658/ILSVRC2012_val_00032532.JPEG ===
2025-09-22 11:21:58,744 - INFO - Example /home/projects/bagon/shared/imagenet512/val/n02097658/ILSVRC2012_val_00032532.JPEG reached epsilon at step 40, loss sum: 6.4218, final loss: 0.00090790, weight distance: 0.0034
2025-09-22 11:21:59,323 - INFO - Example 637 completed: 40 steps, loss sum: 6.4218, final loss: 0.00090790, weight distance: 0.0034 (universal rank: 44019)
2025-09-22 11:21:59,323 - INFO - 
=== Worker 5 Training Example 638/1586 (global idx 8572): /home/projects/bagon/shared/imagenet512/val/n13037406/ILSVRC2012_val_00017984.JPEG ===
2025-09-22 11:22:00,955 - INFO - Example /home/projects/bagon/shared/imagenet512/val/n13037406/ILSVRC2012_val_00017984.JPEG reached epsilon at step 45, loss sum: 31.4753, final loss: 0.00093460, weight distance: 0.0040
2025-09-22 11:22:01,531 - INFO - Example 638 completed: 45 steps, loss sum: 31.4753, final loss: 0.00093460, weight distance: 0.0040 (universal rank: 44020)
2025-09-22 11:22:01,532 - INFO - 
=== Worker 5 Training Example 639/1586 (global idx 8573): /home/projects/bagon/shared/imagenet512/val/n02879718/ILSVRC2012_val_00009306.JPEG ===
2025-09-22 11:22:02,728 - INFO - Example /home/projects/bagon/shared/imagenet512/val/n02879718/ILSVRC2012_val_00009306.JPEG reached epsilon at step 33, loss sum: 15.4596, final loss: 0.00085831, weight distance: 0.0030
2025-09-22 11:22:03,336 - INFO - Example 639 completed: 33 steps, loss sum: 15.4596, final loss: 0.00085831, weight distance: 0.0030 (universal rank: 44021)
2025-09-22 11:22:03,336 - INFO - 
=== Worker 5 Training Example 640/1586 (global idx 8574): /home/projects/bagon/shared/imagenet512/val/n02089078/ILSVRC2012_val_00025466.JPEG ===
2025-09-22 11:22:04,860 - INFO - Example /home/projects/bagon/shared/imagenet512/val/n02089078/ILSVRC2012_val_00025466.JPEG reached epsilon at step 42, loss sum: 9.7396, final loss: 0.00091553, weight distance: 0.0036
2025-09-22 11:22:05,454 - INFO - Example 640 completed: 42 steps, loss sum: 9.7396, final loss: 0.00091553, weight distance: 0.0036 (universal rank: 44023)
2025-09-22 11:22:05,454 - INFO - 
=== Worker 5 Training Example 641/1586 (global idx 8575): /home/projects/bagon/shared/imagenet512/val/n02669723/ILSVRC2012_val_00016186.JPEG ===
2025-09-22 11:22:07,050 - INFO - Example /home/projects/bagon/shared/imagenet512/val/n02669723/ILSVRC2012_val_00016186.JPEG reached epsilon at step 44, loss sum: 28.8480, final loss: 0.00086594, weight distance: 0.0034
2025-09-22 11:22:07,627 - INFO - Example 641 completed: 44 steps, loss sum: 28.8480, final loss: 0.00086594, weight distance: 0.0034 (universal rank: 44024)
2025-09-22 11:22:07,627 - INFO - 
=== Worker 5 Training Example 642/1586 (global idx 8576): /home/projects/bagon/shared/imagenet512/val/n03710721/ILSVRC2012_val_00020057.JPEG ===
2025-09-22 11:22:09,916 - INFO - Example /home/projects/bagon/shared/imagenet512/val/n03710721/ILSVRC2012_val_00020057.JPEG reached epsilon at step 64, loss sum: 15.8639, final loss: 0.00099182, weight distance: 0.0053
2025-09-22 11:22:10,479 - INFO - Example 642 completed: 64 steps, loss sum: 15.8639, final loss: 0.00099182, weight distance: 0.0053 (universal rank: 44025)
2025-09-22 11:22:10,479 - INFO - 
=== Worker 5 Training Example 643/1586 (global idx 8577): /home/projects/bagon/shared/imagenet512/val/n02443114/ILSVRC2012_val_00012633.JPEG ===
2025-09-22 11:22:12,396 - INFO - Example /home/projects/bagon/shared/imagenet512/val/n02443114/ILSVRC2012_val_00012633.JPEG reached epsilon at step 53, loss sum: 39.6847, final loss: 0.00097656, weight distance: 0.0043
2025-09-22 11:22:12,952 - INFO - Example 643 completed: 53 steps, loss sum: 39.6847, final loss: 0.00097656, weight distance: 0.0043 (universal rank: 44026)
2025-09-22 11:22:12,952 - INFO - 
=== Worker 5 Training Example 644/1586 (global idx 8578): /home/projects/bagon/shared/imagenet512/val/n03075370/ILSVRC2012_val_00038524.JPEG ===
2025-09-22 11:22:14,414 - INFO - Example /home/projects/bagon/shared/imagenet512/val/n03075370/ILSVRC2012_val_00038524.JPEG reached epsilon at step 40, loss sum: 33.4941, final loss: 0.00094604, weight distance: 0.0036
2025-09-22 11:22:15,301 - INFO - Example 644 completed: 40 steps, loss sum: 33.4941, final loss: 0.00094604, weight distance: 0.0036 (universal rank: 44028)
2025-09-22 11:22:15,301 - INFO - 
=== Worker 5 Training Example 645/1586 (global idx 8579): /home/projects/bagon/shared/imagenet512/val/n03709823/ILSVRC2012_val_00012533.JPEG ===
2025-09-22 11:22:16,625 - INFO - Example /home/projects/bagon/shared/imagenet512/val/n03709823/ILSVRC2012_val_00012533.JPEG reached epsilon at step 36, loss sum: 14.6137, final loss: 0.00059509, weight distance: 0.0032
2025-09-22 11:22:17,185 - INFO - Example 645 completed: 36 steps, loss sum: 14.6137, final loss: 0.00059509, weight distance: 0.0032 (universal rank: 44029)
2025-09-22 11:22:17,185 - INFO - 
=== Worker 5 Training Example 646/1586 (global idx 8580): /home/projects/bagon/shared/imagenet512/val/n10565667/ILSVRC2012_val_00022622.JPEG ===
2025-09-22 11:22:18,610 - INFO - Example /home/projects/bagon/shared/imagenet512/val/n10565667/ILSVRC2012_val_00022622.JPEG reached epsilon at step 39, loss sum: 25.8649, final loss: 0.00067139, weight distance: 0.0031
2025-09-22 11:22:19,167 - INFO - Example 646 completed: 39 steps, loss sum: 25.8649, final loss: 0.00067139, weight distance: 0.0031 (universal rank: 44030)
2025-09-22 11:22:19,167 - INFO - 
=== Worker 5 Training Example 647/1586 (global idx 8581): /home/projects/bagon/shared/imagenet512/val/n07711569/ILSVRC2012_val_00042025.JPEG ===
2025-09-22 11:22:20,377 - INFO - Example /home/projects/bagon/shared/imagenet512/val/n07711569/ILSVRC2012_val_00042025.JPEG reached epsilon at step 33, loss sum: 19.1514, final loss: 0.00090027, weight distance: 0.0030
2025-09-22 11:22:20,945 - INFO - Example 647 completed: 33 steps, loss sum: 19.1514, final loss: 0.00090027, weight distance: 0.0030 (universal rank: 44031)
2025-09-22 11:22:20,946 - INFO - 
=== Worker 5 Training Example 648/1586 (global idx 8582): /home/projects/bagon/shared/imagenet512/val/n02895154/ILSVRC2012_val_00020007.JPEG ===
2025-09-22 11:22:22,183 - INFO - Example /home/projects/bagon/shared/imagenet512/val/n02895154/ILSVRC2012_val_00020007.JPEG reached epsilon at step 34, loss sum: 5.4677, final loss: 0.00087357, weight distance: 0.0030
2025-09-22 11:22:22,757 - INFO - Example 648 completed: 34 steps, loss sum: 5.4677, final loss: 0.00087357, weight distance: 0.0030 (universal rank: 44033)
2025-09-22 11:22:22,757 - INFO - 
=== Worker 5 Training Example 649/1586 (global idx 8583): /home/projects/bagon/shared/imagenet512/val/n04399382/ILSVRC2012_val_00017395.JPEG ===
2025-09-22 11:22:24,207 - INFO - Example /home/projects/bagon/shared/imagenet512/val/n04399382/ILSVRC2012_val_00017395.JPEG reached epsilon at step 39, loss sum: 19.7310, final loss: 0.00086975, weight distance: 0.0035
2025-09-22 11:22:24,763 - INFO - Example 649 completed: 39 steps, loss sum: 19.7310, final loss: 0.00086975, weight distance: 0.0035 (universal rank: 44035)
2025-09-22 11:22:24,763 - INFO - 
=== Worker 5 Training Example 650/1586 (global idx 8584): /home/projects/bagon/shared/imagenet512/val/n01496331/ILSVRC2012_val_00009518.JPEG ===
2025-09-22 11:22:25,969 - INFO - Example /home/projects/bagon/shared/imagenet512/val/n01496331/ILSVRC2012_val_00009518.JPEG reached epsilon at step 33, loss sum: 49.7700, final loss: 0.00082016, weight distance: 0.0030
2025-09-22 11:22:26,530 - INFO - Example 650 completed: 33 steps, loss sum: 49.7700, final loss: 0.00082016, weight distance: 0.0030 (universal rank: 44036)
2025-09-22 11:22:26,530 - INFO - 
=== Worker 5 Training Example 651/1586 (global idx 8585): /home/projects/bagon/shared/imagenet512/val/n04254777/ILSVRC2012_val_00027732.JPEG ===
2025-09-22 11:22:27,852 - INFO - Example /home/projects/bagon/shared/imagenet512/val/n04254777/ILSVRC2012_val_00027732.JPEG reached epsilon at step 36, loss sum: 29.7100, final loss: 0.00065231, weight distance: 0.0033
2025-09-22 11:22:28,402 - INFO - Example 651 completed: 36 steps, loss sum: 29.7100, final loss: 0.00065231, weight distance: 0.0033 (universal rank: 44037)
2025-09-22 11:22:28,402 - INFO - 
=== Worker 5 Training Example 652/1586 (global idx 8586): /home/projects/bagon/shared/imagenet512/val/n04501370/ILSVRC2012_val_00002807.JPEG ===
2025-09-22 11:22:29,825 - INFO - Example /home/projects/bagon/shared/imagenet512/val/n04501370/ILSVRC2012_val_00002807.JPEG reached epsilon at step 39, loss sum: 56.4190, final loss: 0.00096893, weight distance: 0.0034
2025-09-22 11:22:30,500 - INFO - Example 652 completed: 39 steps, loss sum: 56.4190, final loss: 0.00096893, weight distance: 0.0034 (universal rank: 44040)
2025-09-22 11:22:30,500 - INFO - 
=== Worker 5 Training Example 653/1586 (global idx 8587): /home/projects/bagon/shared/imagenet512/val/n02825657/ILSVRC2012_val_00036774.JPEG ===
2025-09-22 11:22:31,566 - INFO - Example /home/projects/bagon/shared/imagenet512/val/n02825657/ILSVRC2012_val_00036774.JPEG reached epsilon at step 29, loss sum: 12.3174, final loss: 0.00085831, weight distance: 0.0028
2025-09-22 11:22:32,127 - INFO - Example 653 completed: 29 steps, loss sum: 12.3174, final loss: 0.00085831, weight distance: 0.0028 (universal rank: 44041)
2025-09-22 11:22:32,127 - INFO - 
=== Worker 5 Training Example 654/1586 (global idx 8588): /home/projects/bagon/shared/imagenet512/val/n07749582/ILSVRC2012_val_00038212.JPEG ===
2025-09-22 11:22:33,279 - INFO - Example /home/projects/bagon/shared/imagenet512/val/n07749582/ILSVRC2012_val_00038212.JPEG reached epsilon at step 31, loss sum: 5.2968, final loss: 0.00088882, weight distance: 0.0029
2025-09-22 11:22:33,844 - INFO - Example 654 completed: 31 steps, loss sum: 5.2968, final loss: 0.00088882, weight distance: 0.0029 (universal rank: 44042)
2025-09-22 11:22:33,844 - INFO - 
=== Worker 5 Training Example 655/1586 (global idx 8589): /home/projects/bagon/shared/imagenet512/val/n02483362/ILSVRC2012_val_00048939.JPEG ===
2025-09-22 11:22:35,559 - INFO - Example /home/projects/bagon/shared/imagenet512/val/n02483362/ILSVRC2012_val_00048939.JPEG reached epsilon at step 47, loss sum: 34.4323, final loss: 0.00099945, weight distance: 0.0040
2025-09-22 11:22:36,252 - INFO - Example 655 completed: 47 steps, loss sum: 34.4323, final loss: 0.00099945, weight distance: 0.0040 (universal rank: 44043)
2025-09-22 11:22:36,252 - INFO - 
=== Worker 5 Training Example 656/1586 (global idx 8590): /home/projects/bagon/shared/imagenet512/val/n03400231/ILSVRC2012_val_00000516.JPEG ===
2025-09-22 11:22:38,568 - INFO - Example /home/projects/bagon/shared/imagenet512/val/n03400231/ILSVRC2012_val_00000516.JPEG reached epsilon at step 64, loss sum: 73.6006, final loss: 0.00078964, weight distance: 0.0051
2025-09-22 11:22:39,138 - INFO - Example 656 completed: 64 steps, loss sum: 73.6006, final loss: 0.00078964, weight distance: 0.0051 (universal rank: 44044)
2025-09-22 11:22:39,138 - INFO - 
=== Worker 5 Training Example 657/1586 (global idx 8591): /home/projects/bagon/shared/imagenet512/val/n03637318/ILSVRC2012_val_00001257.JPEG ===
2025-09-22 11:22:40,103 - INFO - Example /home/projects/bagon/shared/imagenet512/val/n03637318/ILSVRC2012_val_00001257.JPEG reached epsilon at step 26, loss sum: 22.0195, final loss: 0.00094223, weight distance: 0.0024
2025-09-22 11:22:40,664 - INFO - Example 657 completed: 26 steps, loss sum: 22.0195, final loss: 0.00094223, weight distance: 0.0024 (universal rank: 44045)
2025-09-22 11:22:40,664 - INFO - 
=== Worker 5 Training Example 658/1586 (global idx 8592): /home/projects/bagon/shared/imagenet512/val/n02749479/ILSVRC2012_val_00040754.JPEG ===
2025-09-22 11:22:42,192 - INFO - Example /home/projects/bagon/shared/imagenet512/val/n02749479/ILSVRC2012_val_00040754.JPEG reached epsilon at step 41, loss sum: 26.0666, final loss: 0.00091934, weight distance: 0.0036
2025-09-22 11:22:42,750 - INFO - Example 658 completed: 41 steps, loss sum: 26.0666, final loss: 0.00091934, weight distance: 0.0036 (universal rank: 44046)
2025-09-22 11:22:42,750 - INFO - 
=== Worker 5 Training Example 659/1586 (global idx 8593): /home/projects/bagon/shared/imagenet512/val/n04228054/ILSVRC2012_val_00011377.JPEG ===
2025-09-22 11:22:44,400 - INFO - Example /home/projects/bagon/shared/imagenet512/val/n04228054/ILSVRC2012_val_00011377.JPEG reached epsilon at step 46, loss sum: 47.6827, final loss: 0.00098419, weight distance: 0.0037
2025-09-22 11:22:45,003 - INFO - Example 659 completed: 46 steps, loss sum: 47.6827, final loss: 0.00098419, weight distance: 0.0037 (universal rank: 44051)
2025-09-22 11:22:45,003 - INFO - 
=== Worker 5 Training Example 660/1586 (global idx 8594): /home/projects/bagon/shared/imagenet512/val/n04376876/ILSVRC2012_val_00027716.JPEG ===
2025-09-22 11:22:46,074 - INFO - Example /home/projects/bagon/shared/imagenet512/val/n04376876/ILSVRC2012_val_00027716.JPEG reached epsilon at step 29, loss sum: 15.6937, final loss: 0.00084686, weight distance: 0.0027
2025-09-22 11:22:46,643 - INFO - Example 660 completed: 29 steps, loss sum: 15.6937, final loss: 0.00084686, weight distance: 0.0027 (universal rank: 44052)
2025-09-22 11:22:46,644 - INFO - 
=== Worker 5 Training Example 661/1586 (global idx 8595): /home/projects/bagon/shared/imagenet512/val/n04070727/ILSVRC2012_val_00000331.JPEG ===
2025-09-22 11:22:48,696 - INFO - Example /home/projects/bagon/shared/imagenet512/val/n04070727/ILSVRC2012_val_00000331.JPEG reached epsilon at step 57, loss sum: 78.3106, final loss: 0.00091934, weight distance: 0.0043
2025-09-22 11:22:49,247 - INFO - Example 661 completed: 57 steps, loss sum: 78.3106, final loss: 0.00091934, weight distance: 0.0043 (universal rank: 44053)
2025-09-22 11:22:49,247 - INFO - 
=== Worker 5 Training Example 662/1586 (global idx 8596): /home/projects/bagon/shared/imagenet512/val/n02676566/ILSVRC2012_val_00028353.JPEG ===
2025-09-22 11:22:51,984 - INFO - Example /home/projects/bagon/shared/imagenet512/val/n02676566/ILSVRC2012_val_00028353.JPEG reached epsilon at step 77, loss sum: 132.6929, final loss: 0.00070953, weight distance: 0.0058
2025-09-22 11:22:52,549 - INFO - Example 662 completed: 77 steps, loss sum: 132.6929, final loss: 0.00070953, weight distance: 0.0058 (universal rank: 44054)
2025-09-22 11:22:52,549 - INFO - 
=== Worker 5 Training Example 663/1586 (global idx 8597): /home/projects/bagon/shared/imagenet512/val/n03837869/ILSVRC2012_val_00043384.JPEG ===
2025-09-22 11:22:54,497 - INFO - Example /home/projects/bagon/shared/imagenet512/val/n03837869/ILSVRC2012_val_00043384.JPEG reached epsilon at step 54, loss sum: 69.6469, final loss: 0.00083923, weight distance: 0.0044
2025-09-22 11:22:55,068 - INFO - Example 663 completed: 54 steps, loss sum: 69.6469, final loss: 0.00083923, weight distance: 0.0044 (universal rank: 44055)
2025-09-22 11:22:55,068 - INFO - 
=== Worker 5 Training Example 664/1586 (global idx 8598): /home/projects/bagon/shared/imagenet512/val/n03692522/ILSVRC2012_val_00033610.JPEG ===
2025-09-22 11:22:57,039 - INFO - Example /home/projects/bagon/shared/imagenet512/val/n03692522/ILSVRC2012_val_00033610.JPEG reached epsilon at step 55, loss sum: 52.6350, final loss: 0.00074387, weight distance: 0.0043
2025-09-22 11:22:57,619 - INFO - Example 664 completed: 55 steps, loss sum: 52.6350, final loss: 0.00074387, weight distance: 0.0043 (universal rank: 44056)
2025-09-22 11:22:57,619 - INFO - 
=== Worker 5 Training Example 665/1586 (global idx 8599): /home/projects/bagon/shared/imagenet512/val/n03041632/ILSVRC2012_val_00009160.JPEG ===
2025-09-22 11:22:59,247 - INFO - Example /home/projects/bagon/shared/imagenet512/val/n03041632/ILSVRC2012_val_00009160.JPEG reached epsilon at step 45, loss sum: 53.5296, final loss: 0.00086975, weight distance: 0.0038
2025-09-22 11:22:59,809 - INFO - Example 665 completed: 45 steps, loss sum: 53.5296, final loss: 0.00086975, weight distance: 0.0038 (universal rank: 44057)
2025-09-22 11:22:59,809 - INFO - 
=== Worker 5 Training Example 666/1586 (global idx 8600): /home/projects/bagon/shared/imagenet512/val/n04592741/ILSVRC2012_val_00001901.JPEG ===
2025-09-22 11:23:01,747 - INFO - Example /home/projects/bagon/shared/imagenet512/val/n04592741/ILSVRC2012_val_00001901.JPEG reached epsilon at step 54, loss sum: 19.3504, final loss: 0.00095367, weight distance: 0.0042
2025-09-22 11:23:02,339 - INFO - Example 666 completed: 54 steps, loss sum: 19.3504, final loss: 0.00095367, weight distance: 0.0042 (universal rank: 44058)
2025-09-22 11:23:02,339 - INFO - 
=== Worker 5 Training Example 667/1586 (global idx 8601): /home/projects/bagon/shared/imagenet512/val/n04532670/ILSVRC2012_val_00044720.JPEG ===
2025-09-22 11:23:03,408 - INFO - Example /home/projects/bagon/shared/imagenet512/val/n04532670/ILSVRC2012_val_00044720.JPEG reached epsilon at step 29, loss sum: 17.4823, final loss: 0.00089264, weight distance: 0.0027
2025-09-22 11:23:03,967 - INFO - Example 667 completed: 29 steps, loss sum: 17.4823, final loss: 0.00089264, weight distance: 0.0027 (universal rank: 44059)
2025-09-22 11:23:03,967 - INFO - 
=== Worker 5 Training Example 668/1586 (global idx 8602): /home/projects/bagon/shared/imagenet512/val/n01773549/ILSVRC2012_val_00028677.JPEG ===
2025-09-22 11:23:05,541 - INFO - Example /home/projects/bagon/shared/imagenet512/val/n01773549/ILSVRC2012_val_00028677.JPEG reached epsilon at step 43, loss sum: 10.2590, final loss: 0.00081253, weight distance: 0.0036
2025-09-22 11:23:06,268 - INFO - Example 668 completed: 43 steps, loss sum: 10.2590, final loss: 0.00081253, weight distance: 0.0036 (universal rank: 44060)
2025-09-22 11:23:06,268 - INFO - 
=== Worker 5 Training Example 669/1586 (global idx 8603): /home/projects/bagon/shared/imagenet512/val/n03485407/ILSVRC2012_val_00040501.JPEG ===
2025-09-22 11:23:07,937 - INFO - Example /home/projects/bagon/shared/imagenet512/val/n03485407/ILSVRC2012_val_00040501.JPEG reached epsilon at step 46, loss sum: 18.9801, final loss: 0.00091553, weight distance: 0.0038
2025-09-22 11:23:08,489 - INFO - Example 669 completed: 46 steps, loss sum: 18.9801, final loss: 0.00091553, weight distance: 0.0038 (universal rank: 44061)
2025-09-22 11:23:08,489 - INFO - 
=== Worker 5 Training Example 670/1586 (global idx 8604): /home/projects/bagon/shared/imagenet512/val/n01665541/ILSVRC2012_val_00030406.JPEG ===
2025-09-22 11:23:09,853 - INFO - Example /home/projects/bagon/shared/imagenet512/val/n01665541/ILSVRC2012_val_00030406.JPEG reached epsilon at step 37, loss sum: 21.2974, final loss: 0.00067520, weight distance: 0.0032
2025-09-22 11:23:10,415 - INFO - Example 670 completed: 37 steps, loss sum: 21.2974, final loss: 0.00067520, weight distance: 0.0032 (universal rank: 44062)
2025-09-22 11:23:10,415 - INFO - 
=== Worker 5 Training Example 671/1586 (global idx 8605): /home/projects/bagon/shared/imagenet512/val/n02123045/ILSVRC2012_val_00005358.JPEG ===
2025-09-22 11:23:12,402 - INFO - Example /home/projects/bagon/shared/imagenet512/val/n02123045/ILSVRC2012_val_00005358.JPEG reached epsilon at step 55, loss sum: 12.9471, final loss: 0.00083160, weight distance: 0.0037
2025-09-22 11:23:12,954 - INFO - Example 671 completed: 55 steps, loss sum: 12.9471, final loss: 0.00083160, weight distance: 0.0037 (universal rank: 44063)
2025-09-22 11:23:12,954 - INFO - 
=== Worker 5 Training Example 672/1586 (global idx 8606): /home/projects/bagon/shared/imagenet512/val/n02795169/ILSVRC2012_val_00002986.JPEG ===
2025-09-22 11:23:14,531 - INFO - Example /home/projects/bagon/shared/imagenet512/val/n02795169/ILSVRC2012_val_00002986.JPEG reached epsilon at step 43, loss sum: 12.8835, final loss: 0.00091934, weight distance: 0.0038
2025-09-22 11:23:15,095 - INFO - Example 672 completed: 43 steps, loss sum: 12.8835, final loss: 0.00091934, weight distance: 0.0038 (universal rank: 44065)
2025-09-22 11:23:15,095 - INFO - 
=== Worker 5 Training Example 673/1586 (global idx 8607): /home/projects/bagon/shared/imagenet512/val/n03998194/ILSVRC2012_val_00043607.JPEG ===
2025-09-22 11:23:16,583 - INFO - Example /home/projects/bagon/shared/imagenet512/val/n03998194/ILSVRC2012_val_00043607.JPEG reached epsilon at step 41, loss sum: 36.0488, final loss: 0.00095749, weight distance: 0.0038
2025-09-22 11:23:17,180 - INFO - Example 673 completed: 41 steps, loss sum: 36.0488, final loss: 0.00095749, weight distance: 0.0038 (universal rank: 44066)
2025-09-22 11:23:17,180 - INFO - 
=== Worker 5 Training Example 674/1586 (global idx 8608): /home/projects/bagon/shared/imagenet512/val/n02825657/ILSVRC2012_val_00004824.JPEG ===
2025-09-22 11:23:19,130 - INFO - Example /home/projects/bagon/shared/imagenet512/val/n02825657/ILSVRC2012_val_00004824.JPEG reached epsilon at step 54, loss sum: 45.5053, final loss: 0.00071335, weight distance: 0.0045
2025-09-22 11:23:19,682 - INFO - Example 674 completed: 54 steps, loss sum: 45.5053, final loss: 0.00071335, weight distance: 0.0045 (universal rank: 44067)
2025-09-22 11:23:19,682 - INFO - 
=== Worker 5 Training Example 675/1586 (global idx 8609): /home/projects/bagon/shared/imagenet512/val/n04398044/ILSVRC2012_val_00013473.JPEG ===
2025-09-22 11:23:21,131 - INFO - Example /home/projects/bagon/shared/imagenet512/val/n04398044/ILSVRC2012_val_00013473.JPEG reached epsilon at step 40, loss sum: 9.5464, final loss: 0.00090027, weight distance: 0.0030
2025-09-22 11:23:21,744 - INFO - Example 675 completed: 40 steps, loss sum: 9.5464, final loss: 0.00090027, weight distance: 0.0030 (universal rank: 44068)
2025-09-22 11:23:21,744 - INFO - 
=== Worker 5 Training Example 676/1586 (global idx 8610): /home/projects/bagon/shared/imagenet512/val/n02669723/ILSVRC2012_val_00019360.JPEG ===
2025-09-22 11:23:22,797 - INFO - Example /home/projects/bagon/shared/imagenet512/val/n02669723/ILSVRC2012_val_00019360.JPEG reached epsilon at step 29, loss sum: 5.4992, final loss: 0.00096893, weight distance: 0.0026
2025-09-22 11:23:23,382 - INFO - Example 676 completed: 29 steps, loss sum: 5.4992, final loss: 0.00096893, weight distance: 0.0026 (universal rank: 44069)
2025-09-22 11:23:23,383 - INFO - 
=== Worker 5 Training Example 677/1586 (global idx 8611): /home/projects/bagon/shared/imagenet512/val/n03595614/ILSVRC2012_val_00000282.JPEG ===
2025-09-22 11:23:24,407 - INFO - Example /home/projects/bagon/shared/imagenet512/val/n03595614/ILSVRC2012_val_00000282.JPEG reached epsilon at step 28, loss sum: 15.7155, final loss: 0.00096512, weight distance: 0.0022
2025-09-22 11:23:24,985 - INFO - Example 677 completed: 28 steps, loss sum: 15.7155, final loss: 0.00096512, weight distance: 0.0022 (universal rank: 44070)
2025-09-22 11:23:24,985 - INFO - 
=== Worker 5 Training Example 678/1586 (global idx 8612): /home/projects/bagon/shared/imagenet512/val/n03982430/ILSVRC2012_val_00033709.JPEG ===
2025-09-22 11:23:26,635 - INFO - Example /home/projects/bagon/shared/imagenet512/val/n03982430/ILSVRC2012_val_00033709.JPEG reached epsilon at step 46, loss sum: 63.6945, final loss: 0.00086212, weight distance: 0.0037
2025-09-22 11:23:27,199 - INFO - Example 678 completed: 46 steps, loss sum: 63.6945, final loss: 0.00086212, weight distance: 0.0037 (universal rank: 44072)
2025-09-22 11:23:27,199 - INFO - 
=== Worker 5 Training Example 679/1586 (global idx 8613): /home/projects/bagon/shared/imagenet512/val/n02641379/ILSVRC2012_val_00019691.JPEG ===
2025-09-22 11:23:28,385 - INFO - Example /home/projects/bagon/shared/imagenet512/val/n02641379/ILSVRC2012_val_00019691.JPEG reached epsilon at step 32, loss sum: 43.4622, final loss: 0.00082397, weight distance: 0.0029
2025-09-22 11:23:28,951 - INFO - Example 679 completed: 32 steps, loss sum: 43.4622, final loss: 0.00082397, weight distance: 0.0029 (universal rank: 44073)
2025-09-22 11:23:28,951 - INFO - 
=== Worker 5 Training Example 680/1586 (global idx 8614): /home/projects/bagon/shared/imagenet512/val/n03657121/ILSVRC2012_val_00029193.JPEG ===
2025-09-22 11:23:30,657 - INFO - Example /home/projects/bagon/shared/imagenet512/val/n03657121/ILSVRC2012_val_00029193.JPEG reached epsilon at step 44, loss sum: 38.4954, final loss: 0.00096130, weight distance: 0.0039
2025-09-22 11:23:31,218 - INFO - Example 680 completed: 44 steps, loss sum: 38.4954, final loss: 0.00096130, weight distance: 0.0039 (universal rank: 44074)
2025-09-22 11:23:31,218 - INFO - 
=== Worker 5 Training Example 681/1586 (global idx 8615): /home/projects/bagon/shared/imagenet512/val/n09193705/ILSVRC2012_val_00023668.JPEG ===
2025-09-22 11:23:32,711 - INFO - Example /home/projects/bagon/shared/imagenet512/val/n09193705/ILSVRC2012_val_00023668.JPEG reached epsilon at step 41, loss sum: 12.3753, final loss: 0.00084305, weight distance: 0.0036
2025-09-22 11:23:33,260 - INFO - Example 681 completed: 41 steps, loss sum: 12.3753, final loss: 0.00084305, weight distance: 0.0036 (universal rank: 44075)
2025-09-22 11:23:33,260 - INFO - 
=== Worker 5 Training Example 682/1586 (global idx 8616): /home/projects/bagon/shared/imagenet512/val/n07684084/ILSVRC2012_val_00013349.JPEG ===
2025-09-22 11:23:34,711 - INFO - Example /home/projects/bagon/shared/imagenet512/val/n07684084/ILSVRC2012_val_00013349.JPEG reached epsilon at step 40, loss sum: 24.0317, final loss: 0.00095749, weight distance: 0.0035
2025-09-22 11:23:35,260 - INFO - Example 682 completed: 40 steps, loss sum: 24.0317, final loss: 0.00095749, weight distance: 0.0035 (universal rank: 44077)
2025-09-22 11:23:35,260 - INFO - 
=== Worker 5 Training Example 683/1586 (global idx 8617): /home/projects/bagon/shared/imagenet512/val/n02090721/ILSVRC2012_val_00008739.JPEG ===
2025-09-22 11:23:36,757 - INFO - Example /home/projects/bagon/shared/imagenet512/val/n02090721/ILSVRC2012_val_00008739.JPEG reached epsilon at step 41, loss sum: 20.9355, final loss: 0.00068665, weight distance: 0.0035
2025-09-22 11:23:37,334 - INFO - Example 683 completed: 41 steps, loss sum: 20.9355, final loss: 0.00068665, weight distance: 0.0035 (universal rank: 44078)
2025-09-22 11:23:37,334 - INFO - 
=== Worker 5 Training Example 684/1586 (global idx 8618): /home/projects/bagon/shared/imagenet512/val/n03995372/ILSVRC2012_val_00002458.JPEG ===
2025-09-22 11:23:38,479 - INFO - Example /home/projects/bagon/shared/imagenet512/val/n03995372/ILSVRC2012_val_00002458.JPEG reached epsilon at step 31, loss sum: 23.6077, final loss: 0.00093460, weight distance: 0.0028
2025-09-22 11:23:39,034 - INFO - Example 684 completed: 31 steps, loss sum: 23.6077, final loss: 0.00093460, weight distance: 0.0028 (universal rank: 44079)
2025-09-22 11:23:39,034 - INFO - 
=== Worker 5 Training Example 685/1586 (global idx 8619): /home/projects/bagon/shared/imagenet512/val/n01914609/ILSVRC2012_val_00022969.JPEG ===
2025-09-22 11:23:40,353 - INFO - Example /home/projects/bagon/shared/imagenet512/val/n01914609/ILSVRC2012_val_00022969.JPEG reached epsilon at step 36, loss sum: 2.6590, final loss: 0.00091934, weight distance: 0.0032
2025-09-22 11:23:40,907 - INFO - Example 685 completed: 36 steps, loss sum: 2.6590, final loss: 0.00091934, weight distance: 0.0032 (universal rank: 44082)
2025-09-22 11:23:40,907 - INFO - 
=== Worker 5 Training Example 686/1586 (global idx 8620): /home/projects/bagon/shared/imagenet512/val/n02098413/ILSVRC2012_val_00048379.JPEG ===
2025-09-22 11:23:42,723 - INFO - Example /home/projects/bagon/shared/imagenet512/val/n02098413/ILSVRC2012_val_00048379.JPEG reached epsilon at step 50, loss sum: 32.5736, final loss: 0.00078583, weight distance: 0.0032
2025-09-22 11:23:43,273 - INFO - Example 686 completed: 50 steps, loss sum: 32.5736, final loss: 0.00078583, weight distance: 0.0032 (universal rank: 44083)
2025-09-22 11:23:43,273 - INFO - 
=== Worker 5 Training Example 687/1586 (global idx 8621): /home/projects/bagon/shared/imagenet512/val/n02837789/ILSVRC2012_val_00031139.JPEG ===
2025-09-22 11:23:45,279 - INFO - Example /home/projects/bagon/shared/imagenet512/val/n02837789/ILSVRC2012_val_00031139.JPEG reached epsilon at step 56, loss sum: 63.2163, final loss: 0.00077057, weight distance: 0.0046
2025-09-22 11:23:45,833 - INFO - Example 687 completed: 56 steps, loss sum: 63.2163, final loss: 0.00077057, weight distance: 0.0046 (universal rank: 44084)
2025-09-22 11:23:45,833 - INFO - 
=== Worker 5 Training Example 688/1586 (global idx 8622): /home/projects/bagon/shared/imagenet512/val/n04209133/ILSVRC2012_val_00021560.JPEG ===
2025-09-22 11:23:47,397 - INFO - Example /home/projects/bagon/shared/imagenet512/val/n04209133/ILSVRC2012_val_00021560.JPEG reached epsilon at step 43, loss sum: 44.5926, final loss: 0.00080490, weight distance: 0.0037
2025-09-22 11:23:47,953 - INFO - Example 688 completed: 43 steps, loss sum: 44.5926, final loss: 0.00080490, weight distance: 0.0037 (universal rank: 44085)
2025-09-22 11:23:47,953 - INFO - 
=== Worker 5 Training Example 689/1586 (global idx 8623): /home/projects/bagon/shared/imagenet512/val/n02676566/ILSVRC2012_val_00039326.JPEG ===
2025-09-22 11:23:50,557 - INFO - Example /home/projects/bagon/shared/imagenet512/val/n02676566/ILSVRC2012_val_00039326.JPEG reached epsilon at step 73, loss sum: 86.0245, final loss: 0.00091171, weight distance: 0.0053
2025-09-22 11:23:51,111 - INFO - Example 689 completed: 73 steps, loss sum: 86.0245, final loss: 0.00091171, weight distance: 0.0053 (universal rank: 44086)
2025-09-22 11:23:51,112 - INFO - 
=== Worker 5 Training Example 690/1586 (global idx 8624): /home/projects/bagon/shared/imagenet512/val/n04356056/ILSVRC2012_val_00032562.JPEG ===
2025-09-22 11:23:54,439 - INFO - Example /home/projects/bagon/shared/imagenet512/val/n04356056/ILSVRC2012_val_00032562.JPEG reached epsilon at step 94, loss sum: 132.7400, final loss: 0.00089645, weight distance: 0.0070
2025-09-22 11:23:55,004 - INFO - Example 690 completed: 94 steps, loss sum: 132.7400, final loss: 0.00089645, weight distance: 0.0070 (universal rank: 44087)
2025-09-22 11:23:55,004 - INFO - 
=== Worker 5 Training Example 691/1586 (global idx 8625): /home/projects/bagon/shared/imagenet512/val/n02109525/ILSVRC2012_val_00045060.JPEG ===
2025-09-22 11:23:56,711 - INFO - Example /home/projects/bagon/shared/imagenet512/val/n02109525/ILSVRC2012_val_00045060.JPEG reached epsilon at step 47, loss sum: 26.8673, final loss: 0.00090408, weight distance: 0.0043
2025-09-22 11:23:57,270 - INFO - Example 691 completed: 47 steps, loss sum: 26.8673, final loss: 0.00090408, weight distance: 0.0043 (universal rank: 44088)
2025-09-22 11:23:57,270 - INFO - 
=== Worker 5 Training Example 692/1586 (global idx 8626): /home/projects/bagon/shared/imagenet512/val/n04008634/ILSVRC2012_val_00014476.JPEG ===
2025-09-22 11:23:59,663 - INFO - Example /home/projects/bagon/shared/imagenet512/val/n04008634/ILSVRC2012_val_00014476.JPEG reached epsilon at step 67, loss sum: 22.3474, final loss: 0.00088882, weight distance: 0.0051
2025-09-22 11:24:00,334 - INFO - Example 692 completed: 67 steps, loss sum: 22.3474, final loss: 0.00088882, weight distance: 0.0051 (universal rank: 44089)
2025-09-22 11:24:00,334 - INFO - 
=== Worker 5 Training Example 693/1586 (global idx 8627): /home/projects/bagon/shared/imagenet512/val/n02892767/ILSVRC2012_val_00003067.JPEG ===
2025-09-22 11:24:01,768 - INFO - Example /home/projects/bagon/shared/imagenet512/val/n02892767/ILSVRC2012_val_00003067.JPEG reached epsilon at step 39, loss sum: 20.1008, final loss: 0.00065231, weight distance: 0.0036
2025-09-22 11:24:02,338 - INFO - Example 693 completed: 39 steps, loss sum: 20.1008, final loss: 0.00065231, weight distance: 0.0036 (universal rank: 44092)
2025-09-22 11:24:02,339 - INFO - 
=== Worker 5 Training Example 694/1586 (global idx 8628): /home/projects/bagon/shared/imagenet512/val/n03724870/ILSVRC2012_val_00007992.JPEG ===
2025-09-22 11:24:03,596 - INFO - Example /home/projects/bagon/shared/imagenet512/val/n03724870/ILSVRC2012_val_00007992.JPEG reached epsilon at step 34, loss sum: 25.3717, final loss: 0.00056839, weight distance: 0.0031
2025-09-22 11:24:04,157 - INFO - Example 694 completed: 34 steps, loss sum: 25.3717, final loss: 0.00056839, weight distance: 0.0031 (universal rank: 44093)
2025-09-22 11:24:04,157 - INFO - 
=== Worker 5 Training Example 695/1586 (global idx 8629): /home/projects/bagon/shared/imagenet512/val/n03476684/ILSVRC2012_val_00008548.JPEG ===
2025-09-22 11:24:06,305 - INFO - Example /home/projects/bagon/shared/imagenet512/val/n03476684/ILSVRC2012_val_00008548.JPEG reached epsilon at step 60, loss sum: 112.4596, final loss: 0.00095749, weight distance: 0.0050
2025-09-22 11:24:06,882 - INFO - Example 695 completed: 60 steps, loss sum: 112.4596, final loss: 0.00095749, weight distance: 0.0050 (universal rank: 44094)
2025-09-22 11:24:06,882 - INFO - 
=== Worker 5 Training Example 696/1586 (global idx 8630): /home/projects/bagon/shared/imagenet512/val/n03995372/ILSVRC2012_val_00021148.JPEG ===
2025-09-22 11:24:09,895 - INFO - Example /home/projects/bagon/shared/imagenet512/val/n03995372/ILSVRC2012_val_00021148.JPEG reached epsilon at step 85, loss sum: 160.0522, final loss: 0.00082397, weight distance: 0.0065
2025-09-22 11:24:10,456 - INFO - Example 696 completed: 85 steps, loss sum: 160.0522, final loss: 0.00082397, weight distance: 0.0065 (universal rank: 44095)
2025-09-22 11:24:10,456 - INFO - 
=== Worker 5 Training Example 697/1586 (global idx 8631): /home/projects/bagon/shared/imagenet512/val/n02514041/ILSVRC2012_val_00000312.JPEG ===
2025-09-22 11:24:12,304 - INFO - Example /home/projects/bagon/shared/imagenet512/val/n02514041/ILSVRC2012_val_00000312.JPEG reached epsilon at step 51, loss sum: 44.6616, final loss: 0.00085449, weight distance: 0.0040
2025-09-22 11:24:12,869 - INFO - Example 697 completed: 51 steps, loss sum: 44.6616, final loss: 0.00085449, weight distance: 0.0040 (universal rank: 44096)
2025-09-22 11:24:12,869 - INFO - 
=== Worker 5 Training Example 698/1586 (global idx 8632): /home/projects/bagon/shared/imagenet512/val/n13052670/ILSVRC2012_val_00013612.JPEG ===
2025-09-22 11:24:14,122 - INFO - Example /home/projects/bagon/shared/imagenet512/val/n13052670/ILSVRC2012_val_00013612.JPEG reached epsilon at step 34, loss sum: 17.7260, final loss: 0.00088120, weight distance: 0.0028
2025-09-22 11:24:14,683 - INFO - Example 698 completed: 34 steps, loss sum: 17.7260, final loss: 0.00088120, weight distance: 0.0028 (universal rank: 44097)
2025-09-22 11:24:14,683 - INFO - 
=== Worker 5 Training Example 699/1586 (global idx 8633): /home/projects/bagon/shared/imagenet512/val/n03814639/ILSVRC2012_val_00004297.JPEG ===
2025-09-22 11:24:16,175 - INFO - Example /home/projects/bagon/shared/imagenet512/val/n03814639/ILSVRC2012_val_00004297.JPEG reached epsilon at step 41, loss sum: 58.0687, final loss: 0.00064087, weight distance: 0.0035
2025-09-22 11:24:16,750 - INFO - Example 699 completed: 41 steps, loss sum: 58.0687, final loss: 0.00064087, weight distance: 0.0035 (universal rank: 44098)
2025-09-22 11:24:16,750 - INFO - 
=== Worker 5 Training Example 700/1586 (global idx 8634): /home/projects/bagon/shared/imagenet512/val/n02011460/ILSVRC2012_val_00009672.JPEG ===
2025-09-22 11:24:18,569 - INFO - Example /home/projects/bagon/shared/imagenet512/val/n02011460/ILSVRC2012_val_00009672.JPEG reached epsilon at step 50, loss sum: 42.9916, final loss: 0.00087357, weight distance: 0.0043
2025-09-22 11:24:19,131 - INFO - Example 700 completed: 50 steps, loss sum: 42.9916, final loss: 0.00087357, weight distance: 0.0043 (universal rank: 44099)
2025-09-22 11:24:19,131 - INFO - 
=== Worker 5 Training Example 701/1586 (global idx 8635): /home/projects/bagon/shared/imagenet512/val/n04525038/ILSVRC2012_val_00044175.JPEG ===
2025-09-22 11:24:20,940 - INFO - Example /home/projects/bagon/shared/imagenet512/val/n04525038/ILSVRC2012_val_00044175.JPEG reached epsilon at step 50, loss sum: 31.0358, final loss: 0.00067902, weight distance: 0.0039
2025-09-22 11:24:21,502 - INFO - Example 701 completed: 50 steps, loss sum: 31.0358, final loss: 0.00067902, weight distance: 0.0039 (universal rank: 44100)
2025-09-22 11:24:21,502 - INFO - 
=== Worker 5 Training Example 702/1586 (global idx 8636): /home/projects/bagon/shared/imagenet512/val/n02490219/ILSVRC2012_val_00011913.JPEG ===
2025-09-22 11:24:23,230 - INFO - Example /home/projects/bagon/shared/imagenet512/val/n02490219/ILSVRC2012_val_00011913.JPEG reached epsilon at step 48, loss sum: 17.2413, final loss: 0.00095367, weight distance: 0.0042
2025-09-22 11:24:23,791 - INFO - Example 702 completed: 48 steps, loss sum: 17.2413, final loss: 0.00095367, weight distance: 0.0042 (universal rank: 44101)
2025-09-22 11:24:23,791 - INFO - 
=== Worker 5 Training Example 703/1586 (global idx 8637): /home/projects/bagon/shared/imagenet512/val/n02100735/ILSVRC2012_val_00037842.JPEG ===
2025-09-22 11:24:24,970 - INFO - Example /home/projects/bagon/shared/imagenet512/val/n02100735/ILSVRC2012_val_00037842.JPEG reached epsilon at step 32, loss sum: 13.4192, final loss: 0.00072861, weight distance: 0.0029
2025-09-22 11:24:25,550 - INFO - Example 703 completed: 32 steps, loss sum: 13.4192, final loss: 0.00072861, weight distance: 0.0029 (universal rank: 44102)
2025-09-22 11:24:25,550 - INFO - 
=== Worker 5 Training Example 704/1586 (global idx 8638): /home/projects/bagon/shared/imagenet512/val/n02493509/ILSVRC2012_val_00010663.JPEG ===
2025-09-22 11:24:27,908 - INFO - Example /home/projects/bagon/shared/imagenet512/val/n02493509/ILSVRC2012_val_00010663.JPEG reached epsilon at step 66, loss sum: 34.9811, final loss: 0.00093460, weight distance: 0.0050
2025-09-22 11:24:28,472 - INFO - Example 704 completed: 66 steps, loss sum: 34.9811, final loss: 0.00093460, weight distance: 0.0050 (universal rank: 44103)
2025-09-22 11:24:28,472 - INFO - 
=== Worker 5 Training Example 705/1586 (global idx 8639): /home/projects/bagon/shared/imagenet512/val/n01514859/ILSVRC2012_val_00032162.JPEG ===
2025-09-22 11:24:30,290 - INFO - Example /home/projects/bagon/shared/imagenet512/val/n01514859/ILSVRC2012_val_00032162.JPEG reached epsilon at step 45, loss sum: 15.0273, final loss: 0.00087357, weight distance: 0.0040
2025-09-22 11:24:30,853 - INFO - Example 705 completed: 45 steps, loss sum: 15.0273, final loss: 0.00087357, weight distance: 0.0040 (universal rank: 44105)
2025-09-22 11:24:30,853 - INFO - 
=== Worker 5 Training Example 706/1586 (global idx 8640): /home/projects/bagon/shared/imagenet512/val/n03908714/ILSVRC2012_val_00046578.JPEG ===
2025-09-22 11:24:32,732 - INFO - Example /home/projects/bagon/shared/imagenet512/val/n03908714/ILSVRC2012_val_00046578.JPEG reached epsilon at step 52, loss sum: 76.8217, final loss: 0.00074768, weight distance: 0.0044
2025-09-22 11:24:33,320 - INFO - Example 706 completed: 52 steps, loss sum: 76.8217, final loss: 0.00074768, weight distance: 0.0044 (universal rank: 44107)
2025-09-22 11:24:33,320 - INFO - 
=== Worker 5 Training Example 707/1586 (global idx 8641): /home/projects/bagon/shared/imagenet512/val/n03970156/ILSVRC2012_val_00011529.JPEG ===
2025-09-22 11:24:35,483 - INFO - Example /home/projects/bagon/shared/imagenet512/val/n03970156/ILSVRC2012_val_00011529.JPEG reached epsilon at step 60, loss sum: 61.2481, final loss: 0.00091171, weight distance: 0.0049
2025-09-22 11:24:36,052 - INFO - Example 707 completed: 60 steps, loss sum: 61.2481, final loss: 0.00091171, weight distance: 0.0049 (universal rank: 44108)
2025-09-22 11:24:36,052 - INFO - 
=== Worker 5 Training Example 708/1586 (global idx 8642): /home/projects/bagon/shared/imagenet512/val/n04579432/ILSVRC2012_val_00031012.JPEG ===
2025-09-22 11:24:37,621 - INFO - Example /home/projects/bagon/shared/imagenet512/val/n04579432/ILSVRC2012_val_00031012.JPEG reached epsilon at step 43, loss sum: 47.2761, final loss: 0.00096512, weight distance: 0.0038
2025-09-22 11:24:38,189 - INFO - Example 708 completed: 43 steps, loss sum: 47.2761, final loss: 0.00096512, weight distance: 0.0038 (universal rank: 44109)
2025-09-22 11:24:38,189 - INFO - 
=== Worker 5 Training Example 709/1586 (global idx 8643): /home/projects/bagon/shared/imagenet512/val/n02087046/ILSVRC2012_val_00038974.JPEG ===
2025-09-22 11:24:40,400 - INFO - Example /home/projects/bagon/shared/imagenet512/val/n02087046/ILSVRC2012_val_00038974.JPEG reached epsilon at step 62, loss sum: 87.5851, final loss: 0.00074387, weight distance: 0.0050
2025-09-22 11:24:40,972 - INFO - Example 709 completed: 62 steps, loss sum: 87.5851, final loss: 0.00074387, weight distance: 0.0050 (universal rank: 44110)
2025-09-22 11:24:40,972 - INFO - 
=== Worker 5 Training Example 710/1586 (global idx 8644): /home/projects/bagon/shared/imagenet512/val/n02979186/ILSVRC2012_val_00033397.JPEG ===
2025-09-22 11:24:43,144 - INFO - Example /home/projects/bagon/shared/imagenet512/val/n02979186/ILSVRC2012_val_00033397.JPEG reached epsilon at step 60, loss sum: 11.2512, final loss: 0.00098419, weight distance: 0.0048
2025-09-22 11:24:43,704 - INFO - Example 710 completed: 60 steps, loss sum: 11.2512, final loss: 0.00098419, weight distance: 0.0048 (universal rank: 44112)
2025-09-22 11:24:43,704 - INFO - 
=== Worker 5 Training Example 711/1586 (global idx 8645): /home/projects/bagon/shared/imagenet512/val/n01682714/ILSVRC2012_val_00040616.JPEG ===
2025-09-22 11:24:45,830 - INFO - Example /home/projects/bagon/shared/imagenet512/val/n01682714/ILSVRC2012_val_00040616.JPEG reached epsilon at step 59, loss sum: 23.0144, final loss: 0.00090408, weight distance: 0.0048
2025-09-22 11:24:46,382 - INFO - Example 711 completed: 59 steps, loss sum: 23.0144, final loss: 0.00090408, weight distance: 0.0048 (universal rank: 44114)
2025-09-22 11:24:46,382 - INFO - 
=== Worker 5 Training Example 712/1586 (global idx 8646): /home/projects/bagon/shared/imagenet512/val/n02415577/ILSVRC2012_val_00049704.JPEG ===
2025-09-22 11:24:47,690 - INFO - Example /home/projects/bagon/shared/imagenet512/val/n02415577/ILSVRC2012_val_00049704.JPEG reached epsilon at step 36, loss sum: 4.2735, final loss: 0.00096512, weight distance: 0.0031
2025-09-22 11:24:48,562 - INFO - Example 712 completed: 36 steps, loss sum: 4.2735, final loss: 0.00096512, weight distance: 0.0031 (universal rank: 44115)
2025-09-22 11:24:48,562 - INFO - 
=== Worker 5 Training Example 713/1586 (global idx 8647): /home/projects/bagon/shared/imagenet512/val/n06785654/ILSVRC2012_val_00026787.JPEG ===
2025-09-22 11:24:51,173 - INFO - Example /home/projects/bagon/shared/imagenet512/val/n06785654/ILSVRC2012_val_00026787.JPEG reached epsilon at step 73, loss sum: 93.4605, final loss: 0.00077057, weight distance: 0.0055
2025-09-22 11:24:51,725 - INFO - Example 713 completed: 73 steps, loss sum: 93.4605, final loss: 0.00077057, weight distance: 0.0055 (universal rank: 44116)
2025-09-22 11:24:51,725 - INFO - 
=== Worker 5 Training Example 714/1586 (global idx 8648): /home/projects/bagon/shared/imagenet512/val/n04133789/ILSVRC2012_val_00019572.JPEG ===
2025-09-22 11:24:54,068 - INFO - Example /home/projects/bagon/shared/imagenet512/val/n04133789/ILSVRC2012_val_00019572.JPEG reached epsilon at step 65, loss sum: 80.0414, final loss: 0.00091171, weight distance: 0.0054
2025-09-22 11:24:54,798 - INFO - Example 714 completed: 65 steps, loss sum: 80.0414, final loss: 0.00091171, weight distance: 0.0054 (universal rank: 44117)
2025-09-22 11:24:54,798 - INFO - 
=== Worker 5 Training Example 715/1586 (global idx 8649): /home/projects/bagon/shared/imagenet512/val/n09428293/ILSVRC2012_val_00009411.JPEG ===
2025-09-22 11:24:56,540 - INFO - Example /home/projects/bagon/shared/imagenet512/val/n09428293/ILSVRC2012_val_00009411.JPEG reached epsilon at step 48, loss sum: 14.3248, final loss: 0.00097275, weight distance: 0.0037
2025-09-22 11:24:57,092 - INFO - Example 715 completed: 48 steps, loss sum: 14.3248, final loss: 0.00097275, weight distance: 0.0037 (universal rank: 44118)
2025-09-22 11:24:57,092 - INFO - 
=== Worker 5 Training Example 716/1586 (global idx 8650): /home/projects/bagon/shared/imagenet512/val/n03063599/ILSVRC2012_val_00029400.JPEG ===
2025-09-22 11:24:58,505 - INFO - Example /home/projects/bagon/shared/imagenet512/val/n03063599/ILSVRC2012_val_00029400.JPEG reached epsilon at step 39, loss sum: 15.5406, final loss: 0.00091553, weight distance: 0.0035
2025-09-22 11:24:59,073 - INFO - Example 716 completed: 39 steps, loss sum: 15.5406, final loss: 0.00091553, weight distance: 0.0035 (universal rank: 44120)
2025-09-22 11:24:59,073 - INFO - 
=== Worker 5 Training Example 717/1586 (global idx 8651): /home/projects/bagon/shared/imagenet512/val/n02514041/ILSVRC2012_val_00032289.JPEG ===
2025-09-22 11:25:00,925 - INFO - Example /home/projects/bagon/shared/imagenet512/val/n02514041/ILSVRC2012_val_00032289.JPEG reached epsilon at step 51, loss sum: 27.5156, final loss: 0.00090027, weight distance: 0.0042
2025-09-22 11:25:01,491 - INFO - Example 717 completed: 51 steps, loss sum: 27.5156, final loss: 0.00090027, weight distance: 0.0042 (universal rank: 44121)
2025-09-22 11:25:01,492 - INFO - 
=== Worker 5 Training Example 718/1586 (global idx 8652): /home/projects/bagon/shared/imagenet512/val/n02028035/ILSVRC2012_val_00040471.JPEG ===
2025-09-22 11:25:02,804 - INFO - Example /home/projects/bagon/shared/imagenet512/val/n02028035/ILSVRC2012_val_00040471.JPEG reached epsilon at step 36, loss sum: 6.4094, final loss: 0.00096893, weight distance: 0.0034
2025-09-22 11:25:03,388 - INFO - Example 718 completed: 36 steps, loss sum: 6.4094, final loss: 0.00096893, weight distance: 0.0034 (universal rank: 44122)
2025-09-22 11:25:03,388 - INFO - 
=== Worker 5 Training Example 719/1586 (global idx 8653): /home/projects/bagon/shared/imagenet512/val/n01498041/ILSVRC2012_val_00002284.JPEG ===
2025-09-22 11:25:04,430 - INFO - Example /home/projects/bagon/shared/imagenet512/val/n01498041/ILSVRC2012_val_00002284.JPEG reached epsilon at step 28, loss sum: 10.6902, final loss: 0.00091553, weight distance: 0.0025
2025-09-22 11:25:05,001 - INFO - Example 719 completed: 28 steps, loss sum: 10.6902, final loss: 0.00091553, weight distance: 0.0025 (universal rank: 44123)
2025-09-22 11:25:05,001 - INFO - 
=== Worker 5 Training Example 720/1586 (global idx 8654): /home/projects/bagon/shared/imagenet512/val/n02777292/ILSVRC2012_val_00049222.JPEG ===
2025-09-22 11:25:06,645 - INFO - Example /home/projects/bagon/shared/imagenet512/val/n02777292/ILSVRC2012_val_00049222.JPEG reached epsilon at step 45, loss sum: 28.3908, final loss: 0.00082016, weight distance: 0.0039
2025-09-22 11:25:07,203 - INFO - Example 720 completed: 45 steps, loss sum: 28.3908, final loss: 0.00082016, weight distance: 0.0039 (universal rank: 44124)
2025-09-22 11:25:07,203 - INFO - 
=== Worker 5 Training Example 721/1586 (global idx 8655): /home/projects/bagon/shared/imagenet512/val/n03179701/ILSVRC2012_val_00003229.JPEG ===
2025-09-22 11:25:08,488 - INFO - Example /home/projects/bagon/shared/imagenet512/val/n03179701/ILSVRC2012_val_00003229.JPEG reached epsilon at step 35, loss sum: 5.0857, final loss: 0.00090790, weight distance: 0.0032
2025-09-22 11:25:09,038 - INFO - Example 721 completed: 35 steps, loss sum: 5.0857, final loss: 0.00090790, weight distance: 0.0032 (universal rank: 44125)
2025-09-22 11:25:09,038 - INFO - 
=== Worker 5 Training Example 722/1586 (global idx 8656): /home/projects/bagon/shared/imagenet512/val/n04264628/ILSVRC2012_val_00026369.JPEG ===
2025-09-22 11:25:10,666 - INFO - Example /home/projects/bagon/shared/imagenet512/val/n04264628/ILSVRC2012_val_00026369.JPEG reached epsilon at step 45, loss sum: 9.4634, final loss: 0.00099182, weight distance: 0.0036
2025-09-22 11:25:11,231 - INFO - Example 722 completed: 45 steps, loss sum: 9.4634, final loss: 0.00099182, weight distance: 0.0036 (universal rank: 44126)
2025-09-22 11:25:11,231 - INFO - 
=== Worker 5 Training Example 723/1586 (global idx 8657): /home/projects/bagon/shared/imagenet512/val/n07590611/ILSVRC2012_val_00005941.JPEG ===
2025-09-22 11:25:12,745 - INFO - Example /home/projects/bagon/shared/imagenet512/val/n07590611/ILSVRC2012_val_00005941.JPEG reached epsilon at step 42, loss sum: 11.6227, final loss: 0.00074387, weight distance: 0.0037
2025-09-22 11:25:13,327 - INFO - Example 723 completed: 42 steps, loss sum: 11.6227, final loss: 0.00074387, weight distance: 0.0037 (universal rank: 44127)
2025-09-22 11:25:13,327 - INFO - 
=== Worker 5 Training Example 724/1586 (global idx 8658): /home/projects/bagon/shared/imagenet512/val/n04209239/ILSVRC2012_val_00046099.JPEG ===
2025-09-22 11:25:14,760 - INFO - Example /home/projects/bagon/shared/imagenet512/val/n04209239/ILSVRC2012_val_00046099.JPEG reached epsilon at step 39, loss sum: 64.0880, final loss: 0.00078583, weight distance: 0.0033
2025-09-22 11:25:15,308 - INFO - Example 724 completed: 39 steps, loss sum: 64.0880, final loss: 0.00078583, weight distance: 0.0033 (universal rank: 44128)
2025-09-22 11:25:15,309 - INFO - 
=== Worker 5 Training Example 725/1586 (global idx 8659): /home/projects/bagon/shared/imagenet512/val/n02114712/ILSVRC2012_val_00017643.JPEG ===
2025-09-22 11:25:18,571 - INFO - Example /home/projects/bagon/shared/imagenet512/val/n02114712/ILSVRC2012_val_00017643.JPEG reached epsilon at step 91, loss sum: 28.3574, final loss: 0.00097656, weight distance: 0.0064
2025-09-22 11:25:19,139 - INFO - Example 725 completed: 91 steps, loss sum: 28.3574, final loss: 0.00097656, weight distance: 0.0064 (universal rank: 44129)
2025-09-22 11:25:19,139 - INFO - 
=== Worker 5 Training Example 726/1586 (global idx 8660): /home/projects/bagon/shared/imagenet512/val/n03476684/ILSVRC2012_val_00010530.JPEG ===
2025-09-22 11:25:20,891 - INFO - Example /home/projects/bagon/shared/imagenet512/val/n03476684/ILSVRC2012_val_00010530.JPEG reached epsilon at step 49, loss sum: 42.3722, final loss: 0.00069046, weight distance: 0.0041
2025-09-22 11:25:21,465 - INFO - Example 726 completed: 49 steps, loss sum: 42.3722, final loss: 0.00069046, weight distance: 0.0041 (universal rank: 44130)
2025-09-22 11:25:21,466 - INFO - 
=== Worker 5 Training Example 727/1586 (global idx 8661): /home/projects/bagon/shared/imagenet512/val/n02859443/ILSVRC2012_val_00048193.JPEG ===
2025-09-22 11:25:23,064 - INFO - Example /home/projects/bagon/shared/imagenet512/val/n02859443/ILSVRC2012_val_00048193.JPEG reached epsilon at step 44, loss sum: 42.1912, final loss: 0.00078201, weight distance: 0.0039
2025-09-22 11:25:23,634 - INFO - Example 727 completed: 44 steps, loss sum: 42.1912, final loss: 0.00078201, weight distance: 0.0039 (universal rank: 44131)
2025-09-22 11:25:23,634 - INFO - 
=== Worker 5 Training Example 728/1586 (global idx 8662): /home/projects/bagon/shared/imagenet512/val/n02692877/ILSVRC2012_val_00049328.JPEG ===
2025-09-22 11:25:24,873 - INFO - Example /home/projects/bagon/shared/imagenet512/val/n02692877/ILSVRC2012_val_00049328.JPEG reached epsilon at step 34, loss sum: 37.3843, final loss: 0.00078583, weight distance: 0.0031
2025-09-22 11:25:25,436 - INFO - Example 728 completed: 34 steps, loss sum: 37.3843, final loss: 0.00078583, weight distance: 0.0031 (universal rank: 44133)
2025-09-22 11:25:25,436 - INFO - 
=== Worker 5 Training Example 729/1586 (global idx 8663): /home/projects/bagon/shared/imagenet512/val/n02086240/ILSVRC2012_val_00018392.JPEG ===
2025-09-22 11:25:27,104 - INFO - Example /home/projects/bagon/shared/imagenet512/val/n02086240/ILSVRC2012_val_00018392.JPEG reached epsilon at step 46, loss sum: 15.4584, final loss: 0.00080109, weight distance: 0.0040
2025-09-22 11:25:27,664 - INFO - Example 729 completed: 46 steps, loss sum: 15.4584, final loss: 0.00080109, weight distance: 0.0040 (universal rank: 44134)
2025-09-22 11:25:27,664 - INFO - 
=== Worker 5 Training Example 730/1586 (global idx 8664): /home/projects/bagon/shared/imagenet512/val/n03249569/ILSVRC2012_val_00043056.JPEG ===
2025-09-22 11:25:29,506 - INFO - Example /home/projects/bagon/shared/imagenet512/val/n03249569/ILSVRC2012_val_00043056.JPEG reached epsilon at step 51, loss sum: 27.1212, final loss: 0.00076675, weight distance: 0.0043
2025-09-22 11:25:30,077 - INFO - Example 730 completed: 51 steps, loss sum: 27.1212, final loss: 0.00076675, weight distance: 0.0043 (universal rank: 44135)
2025-09-22 11:25:30,077 - INFO - 
=== Worker 5 Training Example 731/1586 (global idx 8665): /home/projects/bagon/shared/imagenet512/val/n01665541/ILSVRC2012_val_00000938.JPEG ===
2025-09-22 11:25:31,298 - INFO - Example /home/projects/bagon/shared/imagenet512/val/n01665541/ILSVRC2012_val_00000938.JPEG reached epsilon at step 33, loss sum: 25.1622, final loss: 0.00084686, weight distance: 0.0030
2025-09-22 11:25:31,869 - INFO - Example 731 completed: 33 steps, loss sum: 25.1622, final loss: 0.00084686, weight distance: 0.0030 (universal rank: 44136)
2025-09-22 11:25:31,869 - INFO - 
=== Worker 5 Training Example 732/1586 (global idx 8666): /home/projects/bagon/shared/imagenet512/val/n02979186/ILSVRC2012_val_00006787.JPEG ===
2025-09-22 11:25:33,876 - INFO - Example /home/projects/bagon/shared/imagenet512/val/n02979186/ILSVRC2012_val_00006787.JPEG reached epsilon at step 56, loss sum: 13.5336, final loss: 0.00098419, weight distance: 0.0046
2025-09-22 11:25:34,450 - INFO - Example 732 completed: 56 steps, loss sum: 13.5336, final loss: 0.00098419, weight distance: 0.0046 (universal rank: 44137)
2025-09-22 11:25:34,450 - INFO - 
=== Worker 5 Training Example 733/1586 (global idx 8667): /home/projects/bagon/shared/imagenet512/val/n01978287/ILSVRC2012_val_00019368.JPEG ===
2025-09-22 11:25:35,449 - INFO - Example /home/projects/bagon/shared/imagenet512/val/n01978287/ILSVRC2012_val_00019368.JPEG reached epsilon at step 27, loss sum: 15.6910, final loss: 0.00068283, weight distance: 0.0025
2025-09-22 11:25:35,998 - INFO - Example 733 completed: 27 steps, loss sum: 15.6910, final loss: 0.00068283, weight distance: 0.0025 (universal rank: 44138)
2025-09-22 11:25:35,998 - INFO - 
=== Worker 5 Training Example 734/1586 (global idx 8668): /home/projects/bagon/shared/imagenet512/val/n07717556/ILSVRC2012_val_00025456.JPEG ===
2025-09-22 11:25:37,322 - INFO - Example /home/projects/bagon/shared/imagenet512/val/n07717556/ILSVRC2012_val_00025456.JPEG reached epsilon at step 35, loss sum: 25.8783, final loss: 0.00099945, weight distance: 0.0032
2025-09-22 11:25:37,879 - INFO - Example 734 completed: 35 steps, loss sum: 25.8783, final loss: 0.00099945, weight distance: 0.0032 (universal rank: 44140)
2025-09-22 11:25:37,879 - INFO - 
=== Worker 5 Training Example 735/1586 (global idx 8669): /home/projects/bagon/shared/imagenet512/val/n04525038/ILSVRC2012_val_00003663.JPEG ===
2025-09-22 11:25:39,590 - INFO - Example /home/projects/bagon/shared/imagenet512/val/n04525038/ILSVRC2012_val_00003663.JPEG reached epsilon at step 47, loss sum: 98.2078, final loss: 0.00097656, weight distance: 0.0041
2025-09-22 11:25:40,155 - INFO - Example 735 completed: 47 steps, loss sum: 98.2078, final loss: 0.00097656, weight distance: 0.0041 (universal rank: 44141)
2025-09-22 11:25:40,155 - INFO - 
=== Worker 5 Training Example 736/1586 (global idx 8670): /home/projects/bagon/shared/imagenet512/val/n02704792/ILSVRC2012_val_00010301.JPEG ===
2025-09-22 11:25:41,528 - INFO - Example /home/projects/bagon/shared/imagenet512/val/n02704792/ILSVRC2012_val_00010301.JPEG reached epsilon at step 38, loss sum: 38.5283, final loss: 0.00080872, weight distance: 0.0034
2025-09-22 11:25:42,142 - INFO - Example 736 completed: 38 steps, loss sum: 38.5283, final loss: 0.00080872, weight distance: 0.0034 (universal rank: 44143)
2025-09-22 11:25:42,142 - INFO - 
=== Worker 5 Training Example 737/1586 (global idx 8671): /home/projects/bagon/shared/imagenet512/val/n03970156/ILSVRC2012_val_00015919.JPEG ===
2025-09-22 11:25:43,675 - INFO - Example /home/projects/bagon/shared/imagenet512/val/n03970156/ILSVRC2012_val_00015919.JPEG reached epsilon at step 42, loss sum: 69.7669, final loss: 0.00090027, weight distance: 0.0037
2025-09-22 11:25:44,271 - INFO - Example 737 completed: 42 steps, loss sum: 69.7669, final loss: 0.00090027, weight distance: 0.0037 (universal rank: 44144)
2025-09-22 11:25:44,271 - INFO - 
=== Worker 5 Training Example 738/1586 (global idx 8672): /home/projects/bagon/shared/imagenet512/val/n03661043/ILSVRC2012_val_00028549.JPEG ===
2025-09-22 11:25:45,678 - INFO - Example /home/projects/bagon/shared/imagenet512/val/n03661043/ILSVRC2012_val_00028549.JPEG reached epsilon at step 39, loss sum: 12.9157, final loss: 0.00096512, weight distance: 0.0033
2025-09-22 11:25:46,244 - INFO - Example 738 completed: 39 steps, loss sum: 12.9157, final loss: 0.00096512, weight distance: 0.0033 (universal rank: 44145)
2025-09-22 11:25:46,244 - INFO - 
=== Worker 5 Training Example 739/1586 (global idx 8673): /home/projects/bagon/shared/imagenet512/val/n04004767/ILSVRC2012_val_00030755.JPEG ===
2025-09-22 11:25:47,745 - INFO - Example /home/projects/bagon/shared/imagenet512/val/n04004767/ILSVRC2012_val_00030755.JPEG reached epsilon at step 42, loss sum: 20.1574, final loss: 0.00097275, weight distance: 0.0037
2025-09-22 11:25:48,915 - INFO - Example 739 completed: 42 steps, loss sum: 20.1574, final loss: 0.00097275, weight distance: 0.0037 (universal rank: 44146)
2025-09-22 11:25:48,915 - INFO - 
=== Worker 5 Training Example 740/1586 (global idx 8674): /home/projects/bagon/shared/imagenet512/val/n03895866/ILSVRC2012_val_00001590.JPEG ===
2025-09-22 11:25:50,718 - INFO - Example /home/projects/bagon/shared/imagenet512/val/n03895866/ILSVRC2012_val_00001590.JPEG reached epsilon at step 50, loss sum: 34.7887, final loss: 0.00075150, weight distance: 0.0044
2025-09-22 11:25:51,311 - INFO - Example 740 completed: 50 steps, loss sum: 34.7887, final loss: 0.00075150, weight distance: 0.0044 (universal rank: 44147)
2025-09-22 11:25:51,311 - INFO - 
=== Worker 5 Training Example 741/1586 (global idx 8675): /home/projects/bagon/shared/imagenet512/val/n04152593/ILSVRC2012_val_00034252.JPEG ===
2025-09-22 11:25:53,533 - INFO - Example /home/projects/bagon/shared/imagenet512/val/n04152593/ILSVRC2012_val_00034252.JPEG reached epsilon at step 62, loss sum: 25.5635, final loss: 0.00098419, weight distance: 0.0049
2025-09-22 11:25:54,158 - INFO - Example 741 completed: 62 steps, loss sum: 25.5635, final loss: 0.00098419, weight distance: 0.0049 (universal rank: 44148)
2025-09-22 11:25:54,158 - INFO - 
=== Worker 5 Training Example 742/1586 (global idx 8676): /home/projects/bagon/shared/imagenet512/val/n02325366/ILSVRC2012_val_00001670.JPEG ===
2025-09-22 11:25:55,620 - INFO - Example /home/projects/bagon/shared/imagenet512/val/n02325366/ILSVRC2012_val_00001670.JPEG reached epsilon at step 40, loss sum: 12.7482, final loss: 0.00095749, weight distance: 0.0036
2025-09-22 11:25:56,181 - INFO - Example 742 completed: 40 steps, loss sum: 12.7482, final loss: 0.00095749, weight distance: 0.0036 (universal rank: 44149)
2025-09-22 11:25:56,181 - INFO - 
=== Worker 5 Training Example 743/1586 (global idx 8677): /home/projects/bagon/shared/imagenet512/val/n02092002/ILSVRC2012_val_00024989.JPEG ===
2025-09-22 11:25:57,984 - INFO - Example /home/projects/bagon/shared/imagenet512/val/n02092002/ILSVRC2012_val_00024989.JPEG reached epsilon at step 50, loss sum: 25.5406, final loss: 0.00082397, weight distance: 0.0041
2025-09-22 11:25:58,541 - INFO - Example 743 completed: 50 steps, loss sum: 25.5406, final loss: 0.00082397, weight distance: 0.0041 (universal rank: 44150)
2025-09-22 11:25:58,541 - INFO - 
=== Worker 5 Training Example 744/1586 (global idx 8678): /home/projects/bagon/shared/imagenet512/val/n02097658/ILSVRC2012_val_00010450.JPEG ===
2025-09-22 11:25:59,820 - INFO - Example /home/projects/bagon/shared/imagenet512/val/n02097658/ILSVRC2012_val_00010450.JPEG reached epsilon at step 35, loss sum: 9.3331, final loss: 0.00064087, weight distance: 0.0031
2025-09-22 11:26:00,489 - INFO - Example 744 completed: 35 steps, loss sum: 9.3331, final loss: 0.00064087, weight distance: 0.0031 (universal rank: 44151)
2025-09-22 11:26:00,489 - INFO - 
=== Worker 5 Training Example 745/1586 (global idx 8679): /home/projects/bagon/shared/imagenet512/val/n01740131/ILSVRC2012_val_00009329.JPEG ===
2025-09-22 11:26:02,391 - INFO - Example /home/projects/bagon/shared/imagenet512/val/n01740131/ILSVRC2012_val_00009329.JPEG reached epsilon at step 53, loss sum: 39.0224, final loss: 0.00095749, weight distance: 0.0045
2025-09-22 11:26:02,955 - INFO - Example 745 completed: 53 steps, loss sum: 39.0224, final loss: 0.00095749, weight distance: 0.0045 (universal rank: 44152)
2025-09-22 11:26:02,955 - INFO - 
=== Worker 5 Training Example 746/1586 (global idx 8680): /home/projects/bagon/shared/imagenet512/val/n03201208/ILSVRC2012_val_00046839.JPEG ===
2025-09-22 11:26:04,267 - INFO - Example /home/projects/bagon/shared/imagenet512/val/n03201208/ILSVRC2012_val_00046839.JPEG reached epsilon at step 36, loss sum: 8.5614, final loss: 0.00093842, weight distance: 0.0033
2025-09-22 11:26:04,857 - INFO - Example 746 completed: 36 steps, loss sum: 8.5614, final loss: 0.00093842, weight distance: 0.0033 (universal rank: 44153)
2025-09-22 11:26:04,857 - INFO - 
=== Worker 5 Training Example 747/1586 (global idx 8681): /home/projects/bagon/shared/imagenet512/val/n07745940/ILSVRC2012_val_00012371.JPEG ===
2025-09-22 11:26:06,247 - INFO - Example /home/projects/bagon/shared/imagenet512/val/n07745940/ILSVRC2012_val_00012371.JPEG reached epsilon at step 38, loss sum: 10.1037, final loss: 0.00086212, weight distance: 0.0033
2025-09-22 11:26:06,806 - INFO - Example 747 completed: 38 steps, loss sum: 10.1037, final loss: 0.00086212, weight distance: 0.0033 (universal rank: 44154)
2025-09-22 11:26:06,806 - INFO - 
=== Worker 5 Training Example 748/1586 (global idx 8682): /home/projects/bagon/shared/imagenet512/val/n02834397/ILSVRC2012_val_00003192.JPEG ===
2025-09-22 11:26:08,817 - INFO - Example /home/projects/bagon/shared/imagenet512/val/n02834397/ILSVRC2012_val_00003192.JPEG reached epsilon at step 56, loss sum: 53.3287, final loss: 0.00088120, weight distance: 0.0045
2025-09-22 11:26:09,368 - INFO - Example 748 completed: 56 steps, loss sum: 53.3287, final loss: 0.00088120, weight distance: 0.0045 (universal rank: 44155)
2025-09-22 11:26:09,368 - INFO - 
=== Worker 5 Training Example 749/1586 (global idx 8683): /home/projects/bagon/shared/imagenet512/val/n07715103/ILSVRC2012_val_00039501.JPEG ===
2025-09-22 11:26:10,891 - INFO - Example /home/projects/bagon/shared/imagenet512/val/n07715103/ILSVRC2012_val_00039501.JPEG reached epsilon at step 42, loss sum: 26.8366, final loss: 0.00085068, weight distance: 0.0036
2025-09-22 11:26:11,470 - INFO - Example 749 completed: 42 steps, loss sum: 26.8366, final loss: 0.00085068, weight distance: 0.0036 (universal rank: 44156)
2025-09-22 11:26:11,470 - INFO - 
=== Worker 5 Training Example 750/1586 (global idx 8684): /home/projects/bagon/shared/imagenet512/val/n02113712/ILSVRC2012_val_00049715.JPEG ===
2025-09-22 11:26:13,077 - INFO - Example /home/projects/bagon/shared/imagenet512/val/n02113712/ILSVRC2012_val_00049715.JPEG reached epsilon at step 44, loss sum: 8.4501, final loss: 0.00099945, weight distance: 0.0038
2025-09-22 11:26:13,642 - INFO - Example 750 completed: 44 steps, loss sum: 8.4501, final loss: 0.00099945, weight distance: 0.0038 (universal rank: 44157)
2025-09-22 11:26:13,642 - INFO - 
=== Worker 5 Training Example 751/1586 (global idx 8685): /home/projects/bagon/shared/imagenet512/val/n04357314/ILSVRC2012_val_00023722.JPEG ===
2025-09-22 11:26:15,587 - INFO - Example /home/projects/bagon/shared/imagenet512/val/n04357314/ILSVRC2012_val_00023722.JPEG reached epsilon at step 54, loss sum: 34.7791, final loss: 0.00092316, weight distance: 0.0046
2025-09-22 11:26:16,144 - INFO - Example 751 completed: 54 steps, loss sum: 34.7791, final loss: 0.00092316, weight distance: 0.0046 (universal rank: 44159)
2025-09-22 11:26:16,144 - INFO - 
=== Worker 5 Training Example 752/1586 (global idx 8686): /home/projects/bagon/shared/imagenet512/val/n03063689/ILSVRC2012_val_00045675.JPEG ===
2025-09-22 11:26:18,175 - INFO - Example /home/projects/bagon/shared/imagenet512/val/n03063689/ILSVRC2012_val_00045675.JPEG reached epsilon at step 55, loss sum: 14.6736, final loss: 0.00085449, weight distance: 0.0046
2025-09-22 11:26:18,728 - INFO - Example 752 completed: 55 steps, loss sum: 14.6736, final loss: 0.00085449, weight distance: 0.0046 (universal rank: 44160)
2025-09-22 11:26:18,728 - INFO - 
=== Worker 5 Training Example 753/1586 (global idx 8687): /home/projects/bagon/shared/imagenet512/val/n04560804/ILSVRC2012_val_00022214.JPEG ===
2025-09-22 11:26:20,357 - INFO - Example /home/projects/bagon/shared/imagenet512/val/n04560804/ILSVRC2012_val_00022214.JPEG reached epsilon at step 45, loss sum: 35.8761, final loss: 0.00077820, weight distance: 0.0040
2025-09-22 11:26:20,907 - INFO - Example 753 completed: 45 steps, loss sum: 35.8761, final loss: 0.00077820, weight distance: 0.0040 (universal rank: 44161)
2025-09-22 11:26:20,907 - INFO - 
=== Worker 5 Training Example 754/1586 (global idx 8688): /home/projects/bagon/shared/imagenet512/val/n03796401/ILSVRC2012_val_00033804.JPEG ===
2025-09-22 11:26:22,218 - INFO - Example /home/projects/bagon/shared/imagenet512/val/n03796401/ILSVRC2012_val_00033804.JPEG reached epsilon at step 36, loss sum: 8.4043, final loss: 0.00086975, weight distance: 0.0034
2025-09-22 11:26:22,781 - INFO - Example 754 completed: 36 steps, loss sum: 8.4043, final loss: 0.00086975, weight distance: 0.0034 (universal rank: 44162)
2025-09-22 11:26:22,781 - INFO - 
=== Worker 5 Training Example 755/1586 (global idx 8689): /home/projects/bagon/shared/imagenet512/val/n03777754/ILSVRC2012_val_00034423.JPEG ===
2025-09-22 11:26:24,438 - INFO - Example /home/projects/bagon/shared/imagenet512/val/n03777754/ILSVRC2012_val_00034423.JPEG reached epsilon at step 46, loss sum: 30.4536, final loss: 0.00097656, weight distance: 0.0038
2025-09-22 11:26:24,997 - INFO - Example 755 completed: 46 steps, loss sum: 30.4536, final loss: 0.00097656, weight distance: 0.0038 (universal rank: 44163)
2025-09-22 11:26:24,997 - INFO - 
=== Worker 5 Training Example 756/1586 (global idx 8690): /home/projects/bagon/shared/imagenet512/val/n02895154/ILSVRC2012_val_00021641.JPEG ===
2025-09-22 11:26:26,663 - INFO - Example /home/projects/bagon/shared/imagenet512/val/n02895154/ILSVRC2012_val_00021641.JPEG reached epsilon at step 46, loss sum: 18.2620, final loss: 0.00096130, weight distance: 0.0037
2025-09-22 11:26:27,236 - INFO - Example 756 completed: 46 steps, loss sum: 18.2620, final loss: 0.00096130, weight distance: 0.0037 (universal rank: 44164)
2025-09-22 11:26:27,236 - INFO - 
=== Worker 5 Training Example 757/1586 (global idx 8691): /home/projects/bagon/shared/imagenet512/val/n03887697/ILSVRC2012_val_00021774.JPEG ===
2025-09-22 11:26:28,451 - INFO - Example /home/projects/bagon/shared/imagenet512/val/n03887697/ILSVRC2012_val_00021774.JPEG reached epsilon at step 33, loss sum: 5.5446, final loss: 0.00083923, weight distance: 0.0031
2025-09-22 11:26:29,005 - INFO - Example 757 completed: 33 steps, loss sum: 5.5446, final loss: 0.00083923, weight distance: 0.0031 (universal rank: 44166)
2025-09-22 11:26:29,005 - INFO - 
=== Worker 5 Training Example 758/1586 (global idx 8692): /home/projects/bagon/shared/imagenet512/val/n03527444/ILSVRC2012_val_00018385.JPEG ===
2025-09-22 11:26:30,477 - INFO - Example /home/projects/bagon/shared/imagenet512/val/n03527444/ILSVRC2012_val_00018385.JPEG reached epsilon at step 40, loss sum: 53.7311, final loss: 0.00083542, weight distance: 0.0036
2025-09-22 11:26:31,057 - INFO - Example 758 completed: 40 steps, loss sum: 53.7311, final loss: 0.00083542, weight distance: 0.0036 (universal rank: 44168)
2025-09-22 11:26:31,057 - INFO - 
=== Worker 5 Training Example 759/1586 (global idx 8693): /home/projects/bagon/shared/imagenet512/val/n03980874/ILSVRC2012_val_00044689.JPEG ===
2025-09-22 11:26:32,241 - INFO - Example /home/projects/bagon/shared/imagenet512/val/n03980874/ILSVRC2012_val_00044689.JPEG reached epsilon at step 32, loss sum: 34.1670, final loss: 0.00080490, weight distance: 0.0027
2025-09-22 11:26:32,782 - INFO - Example 759 completed: 32 steps, loss sum: 34.1670, final loss: 0.00080490, weight distance: 0.0027 (universal rank: 44169)
2025-09-22 11:26:32,782 - INFO - 
=== Worker 5 Training Example 760/1586 (global idx 8694): /home/projects/bagon/shared/imagenet512/val/n09332890/ILSVRC2012_val_00048189.JPEG ===
2025-09-22 11:26:34,242 - INFO - Example /home/projects/bagon/shared/imagenet512/val/n09332890/ILSVRC2012_val_00048189.JPEG reached epsilon at step 40, loss sum: 16.6712, final loss: 0.00090408, weight distance: 0.0035
2025-09-22 11:26:34,788 - INFO - Example 760 completed: 40 steps, loss sum: 16.6712, final loss: 0.00090408, weight distance: 0.0035 (universal rank: 44170)
2025-09-22 11:26:34,789 - INFO - 
=== Worker 5 Training Example 761/1586 (global idx 8695): /home/projects/bagon/shared/imagenet512/val/n04550184/ILSVRC2012_val_00046428.JPEG ===
2025-09-22 11:26:36,622 - INFO - Example /home/projects/bagon/shared/imagenet512/val/n04550184/ILSVRC2012_val_00046428.JPEG reached epsilon at step 50, loss sum: 34.5270, final loss: 0.00093842, weight distance: 0.0041
2025-09-22 11:26:37,168 - INFO - Example 761 completed: 50 steps, loss sum: 34.5270, final loss: 0.00093842, weight distance: 0.0041 (universal rank: 44171)
2025-09-22 11:26:37,168 - INFO - 
=== Worker 5 Training Example 762/1586 (global idx 8696): /home/projects/bagon/shared/imagenet512/val/n03709823/ILSVRC2012_val_00005195.JPEG ===
2025-09-22 11:26:38,797 - INFO - Example /home/projects/bagon/shared/imagenet512/val/n03709823/ILSVRC2012_val_00005195.JPEG reached epsilon at step 45, loss sum: 18.0655, final loss: 0.00086212, weight distance: 0.0038
2025-09-22 11:26:39,354 - INFO - Example 762 completed: 45 steps, loss sum: 18.0655, final loss: 0.00086212, weight distance: 0.0038 (universal rank: 44172)
2025-09-22 11:26:39,354 - INFO - 
=== Worker 5 Training Example 763/1586 (global idx 8697): /home/projects/bagon/shared/imagenet512/val/n07930864/ILSVRC2012_val_00016979.JPEG ===
2025-09-22 11:26:40,639 - INFO - Example /home/projects/bagon/shared/imagenet512/val/n07930864/ILSVRC2012_val_00016979.JPEG reached epsilon at step 35, loss sum: 26.0422, final loss: 0.00099182, weight distance: 0.0031
2025-09-22 11:26:41,198 - INFO - Example 763 completed: 35 steps, loss sum: 26.0422, final loss: 0.00099182, weight distance: 0.0031 (universal rank: 44173)
2025-09-22 11:26:41,198 - INFO - 
=== Worker 5 Training Example 764/1586 (global idx 8698): /home/projects/bagon/shared/imagenet512/val/n04311004/ILSVRC2012_val_00003334.JPEG ===
2025-09-22 11:26:42,180 - INFO - Example /home/projects/bagon/shared/imagenet512/val/n04311004/ILSVRC2012_val_00003334.JPEG reached epsilon at step 26, loss sum: 4.8457, final loss: 0.00098419, weight distance: 0.0024
2025-09-22 11:26:42,737 - INFO - Example 764 completed: 26 steps, loss sum: 4.8457, final loss: 0.00098419, weight distance: 0.0024 (universal rank: 44174)
2025-09-22 11:26:42,737 - INFO - 
=== Worker 5 Training Example 765/1586 (global idx 8699): /home/projects/bagon/shared/imagenet512/val/n03530642/ILSVRC2012_val_00042804.JPEG ===
2025-09-22 11:26:44,058 - INFO - Example /home/projects/bagon/shared/imagenet512/val/n03530642/ILSVRC2012_val_00042804.JPEG reached epsilon at step 36, loss sum: 30.9006, final loss: 0.00079346, weight distance: 0.0030
2025-09-22 11:26:44,623 - INFO - Example 765 completed: 36 steps, loss sum: 30.9006, final loss: 0.00079346, weight distance: 0.0030 (universal rank: 44175)
2025-09-22 11:26:44,623 - INFO - 
=== Worker 5 Training Example 766/1586 (global idx 8700): /home/projects/bagon/shared/imagenet512/val/n02264363/ILSVRC2012_val_00011783.JPEG ===
2025-09-22 11:26:45,634 - INFO - Example /home/projects/bagon/shared/imagenet512/val/n02264363/ILSVRC2012_val_00011783.JPEG reached epsilon at step 27, loss sum: 11.5370, final loss: 0.00090790, weight distance: 0.0026
2025-09-22 11:26:46,204 - INFO - Example 766 completed: 27 steps, loss sum: 11.5370, final loss: 0.00090790, weight distance: 0.0026 (universal rank: 44176)
2025-09-22 11:26:46,204 - INFO - 
=== Worker 5 Training Example 767/1586 (global idx 8701): /home/projects/bagon/shared/imagenet512/val/n02879718/ILSVRC2012_val_00014440.JPEG ===
2025-09-22 11:26:47,508 - INFO - Example /home/projects/bagon/shared/imagenet512/val/n02879718/ILSVRC2012_val_00014440.JPEG reached epsilon at step 36, loss sum: 37.1904, final loss: 0.00072479, weight distance: 0.0033
2025-09-22 11:26:48,071 - INFO - Example 767 completed: 36 steps, loss sum: 37.1904, final loss: 0.00072479, weight distance: 0.0033 (universal rank: 44177)
2025-09-22 11:26:48,071 - INFO - 
=== Worker 5 Training Example 768/1586 (global idx 8702): /home/projects/bagon/shared/imagenet512/val/n03791053/ILSVRC2012_val_00033956.JPEG ===
2025-09-22 11:26:49,341 - INFO - Example /home/projects/bagon/shared/imagenet512/val/n03791053/ILSVRC2012_val_00033956.JPEG reached epsilon at step 34, loss sum: 9.2765, final loss: 0.00077057, weight distance: 0.0029
2025-09-22 11:26:49,904 - INFO - Example 768 completed: 34 steps, loss sum: 9.2765, final loss: 0.00077057, weight distance: 0.0029 (universal rank: 44178)
2025-09-22 11:26:49,904 - INFO - 
=== Worker 5 Training Example 769/1586 (global idx 8703): /home/projects/bagon/shared/imagenet512/val/n02807133/ILSVRC2012_val_00010380.JPEG ===
2025-09-22 11:26:51,321 - INFO - Example /home/projects/bagon/shared/imagenet512/val/n02807133/ILSVRC2012_val_00010380.JPEG reached epsilon at step 39, loss sum: 20.0848, final loss: 0.00099945, weight distance: 0.0033
2025-09-22 11:26:51,880 - INFO - Example 769 completed: 39 steps, loss sum: 20.0848, final loss: 0.00099945, weight distance: 0.0033 (universal rank: 44179)
2025-09-22 11:26:51,880 - INFO - 
=== Worker 5 Training Example 770/1586 (global idx 8704): /home/projects/bagon/shared/imagenet512/val/n04330267/ILSVRC2012_val_00049277.JPEG ===
2025-09-22 11:26:53,131 - INFO - Example /home/projects/bagon/shared/imagenet512/val/n04330267/ILSVRC2012_val_00049277.JPEG reached epsilon at step 34, loss sum: 36.7473, final loss: 0.00087357, weight distance: 0.0030
2025-09-22 11:26:53,688 - INFO - Example 770 completed: 34 steps, loss sum: 36.7473, final loss: 0.00087357, weight distance: 0.0030 (universal rank: 44181)
2025-09-22 11:26:53,688 - INFO - 
=== Worker 5 Training Example 771/1586 (global idx 8705): /home/projects/bagon/shared/imagenet512/val/n02128925/ILSVRC2012_val_00033573.JPEG ===
2025-09-22 11:26:55,039 - INFO - Example /home/projects/bagon/shared/imagenet512/val/n02128925/ILSVRC2012_val_00033573.JPEG reached epsilon at step 37, loss sum: 7.4111, final loss: 0.00091553, weight distance: 0.0033
2025-09-22 11:26:55,597 - INFO - Example 771 completed: 37 steps, loss sum: 7.4111, final loss: 0.00091553, weight distance: 0.0033 (universal rank: 44183)
2025-09-22 11:26:55,597 - INFO - 
=== Worker 5 Training Example 772/1586 (global idx 8706): /home/projects/bagon/shared/imagenet512/val/n03721384/ILSVRC2012_val_00023191.JPEG ===
2025-09-22 11:26:56,380 - INFO - Example /home/projects/bagon/shared/imagenet512/val/n03721384/ILSVRC2012_val_00023191.JPEG reached epsilon at step 21, loss sum: 6.4491, final loss: 0.00080109, weight distance: 0.0020
2025-09-22 11:26:56,951 - INFO - Example 772 completed: 21 steps, loss sum: 6.4491, final loss: 0.00080109, weight distance: 0.0020 (universal rank: 44185)
2025-09-22 11:26:56,951 - INFO - 
=== Worker 5 Training Example 773/1586 (global idx 8707): /home/projects/bagon/shared/imagenet512/val/n01978455/ILSVRC2012_val_00047416.JPEG ===
2025-09-22 11:26:58,128 - INFO - Example /home/projects/bagon/shared/imagenet512/val/n01978455/ILSVRC2012_val_00047416.JPEG reached epsilon at step 32, loss sum: 11.3125, final loss: 0.00067520, weight distance: 0.0028
2025-09-22 11:26:58,692 - INFO - Example 773 completed: 32 steps, loss sum: 11.3125, final loss: 0.00067520, weight distance: 0.0028 (universal rank: 44186)
2025-09-22 11:26:58,693 - INFO - 
=== Worker 5 Training Example 774/1586 (global idx 8708): /home/projects/bagon/shared/imagenet512/val/n09835506/ILSVRC2012_val_00002289.JPEG ===
2025-09-22 11:26:59,550 - INFO - Example /home/projects/bagon/shared/imagenet512/val/n09835506/ILSVRC2012_val_00002289.JPEG reached epsilon at step 23, loss sum: 2.9483, final loss: 0.00086594, weight distance: 0.0020
2025-09-22 11:27:00,127 - INFO - Example 774 completed: 23 steps, loss sum: 2.9483, final loss: 0.00086594, weight distance: 0.0020 (universal rank: 44187)
2025-09-22 11:27:00,127 - INFO - 
=== Worker 5 Training Example 775/1586 (global idx 8709): /home/projects/bagon/shared/imagenet512/val/n03530642/ILSVRC2012_val_00004681.JPEG ===
2025-09-22 11:27:02,247 - INFO - Example /home/projects/bagon/shared/imagenet512/val/n03530642/ILSVRC2012_val_00004681.JPEG reached epsilon at step 59, loss sum: 152.3039, final loss: 0.00085831, weight distance: 0.0049
2025-09-22 11:27:02,800 - INFO - Example 775 completed: 59 steps, loss sum: 152.3039, final loss: 0.00085831, weight distance: 0.0049 (universal rank: 44190)
2025-09-22 11:27:02,800 - INFO - 
=== Worker 5 Training Example 776/1586 (global idx 8710): /home/projects/bagon/shared/imagenet512/val/n02841315/ILSVRC2012_val_00012679.JPEG ===
2025-09-22 11:27:04,527 - INFO - Example /home/projects/bagon/shared/imagenet512/val/n02841315/ILSVRC2012_val_00012679.JPEG reached epsilon at step 48, loss sum: 69.6999, final loss: 0.00057602, weight distance: 0.0042
2025-09-22 11:27:05,089 - INFO - Example 776 completed: 48 steps, loss sum: 69.6999, final loss: 0.00057602, weight distance: 0.0042 (universal rank: 44191)
2025-09-22 11:27:05,089 - INFO - 
=== Worker 5 Training Example 777/1586 (global idx 8711): /home/projects/bagon/shared/imagenet512/val/n03944341/ILSVRC2012_val_00023236.JPEG ===
2025-09-22 11:27:06,318 - INFO - Example /home/projects/bagon/shared/imagenet512/val/n03944341/ILSVRC2012_val_00023236.JPEG reached epsilon at step 33, loss sum: 84.4555, final loss: 0.00085449, weight distance: 0.0030
2025-09-22 11:27:06,880 - INFO - Example 777 completed: 33 steps, loss sum: 84.4555, final loss: 0.00085449, weight distance: 0.0030 (universal rank: 44192)
2025-09-22 11:27:06,880 - INFO - 
=== Worker 5 Training Example 778/1586 (global idx 8712): /home/projects/bagon/shared/imagenet512/val/n03709823/ILSVRC2012_val_00023792.JPEG ===
2025-09-22 11:27:08,331 - INFO - Example /home/projects/bagon/shared/imagenet512/val/n03709823/ILSVRC2012_val_00023792.JPEG reached epsilon at step 40, loss sum: 23.6307, final loss: 0.00078964, weight distance: 0.0035
2025-09-22 11:27:08,876 - INFO - Example 778 completed: 40 steps, loss sum: 23.6307, final loss: 0.00078964, weight distance: 0.0035 (universal rank: 44193)
2025-09-22 11:27:08,876 - INFO - 
=== Worker 5 Training Example 779/1586 (global idx 8713): /home/projects/bagon/shared/imagenet512/val/n07860988/ILSVRC2012_val_00004273.JPEG ===
2025-09-22 11:27:10,863 - INFO - Example /home/projects/bagon/shared/imagenet512/val/n07860988/ILSVRC2012_val_00004273.JPEG reached epsilon at step 56, loss sum: 62.0909, final loss: 0.00089264, weight distance: 0.0048
2025-09-22 11:27:12,839 - INFO - Example 779 completed: 56 steps, loss sum: 62.0909, final loss: 0.00089264, weight distance: 0.0048 (universal rank: 44194)
2025-09-22 11:27:12,839 - INFO - 
=== Worker 5 Training Example 780/1586 (global idx 8714): /home/projects/bagon/shared/imagenet512/val/n02974003/ILSVRC2012_val_00009686.JPEG ===
2025-09-22 11:27:14,444 - INFO - Example /home/projects/bagon/shared/imagenet512/val/n02974003/ILSVRC2012_val_00009686.JPEG reached epsilon at step 44, loss sum: 34.9180, final loss: 0.00093079, weight distance: 0.0039
2025-09-22 11:27:15,007 - INFO - Example 780 completed: 44 steps, loss sum: 34.9180, final loss: 0.00093079, weight distance: 0.0039 (universal rank: 44195)
2025-09-22 11:27:15,007 - INFO - 
=== Worker 5 Training Example 781/1586 (global idx 8715): /home/projects/bagon/shared/imagenet512/val/n02012849/ILSVRC2012_val_00043150.JPEG ===
2025-09-22 11:27:17,125 - INFO - Example /home/projects/bagon/shared/imagenet512/val/n02012849/ILSVRC2012_val_00043150.JPEG reached epsilon at step 59, loss sum: 41.3760, final loss: 0.00086975, weight distance: 0.0046
2025-09-22 11:27:17,676 - INFO - Example 781 completed: 59 steps, loss sum: 41.3760, final loss: 0.00086975, weight distance: 0.0046 (universal rank: 44196)
2025-09-22 11:27:17,676 - INFO - 
=== Worker 5 Training Example 782/1586 (global idx 8716): /home/projects/bagon/shared/imagenet512/val/n01689811/ILSVRC2012_val_00033734.JPEG ===
2025-09-22 11:27:19,372 - INFO - Example /home/projects/bagon/shared/imagenet512/val/n01689811/ILSVRC2012_val_00033734.JPEG reached epsilon at step 47, loss sum: 16.7234, final loss: 0.00085831, weight distance: 0.0038
2025-09-22 11:27:19,938 - INFO - Example 782 completed: 47 steps, loss sum: 16.7234, final loss: 0.00085831, weight distance: 0.0038 (universal rank: 44197)
2025-09-22 11:27:19,938 - INFO - 
=== Worker 5 Training Example 783/1586 (global idx 8717): /home/projects/bagon/shared/imagenet512/val/n02119022/ILSVRC2012_val_00032508.JPEG ===
2025-09-22 11:27:21,125 - INFO - Example /home/projects/bagon/shared/imagenet512/val/n02119022/ILSVRC2012_val_00032508.JPEG reached epsilon at step 32, loss sum: 2.9946, final loss: 0.00083542, weight distance: 0.0030
2025-09-22 11:27:21,689 - INFO - Example 783 completed: 32 steps, loss sum: 2.9946, final loss: 0.00083542, weight distance: 0.0030 (universal rank: 44198)
2025-09-22 11:27:21,689 - INFO - 
=== Worker 5 Training Example 784/1586 (global idx 8718): /home/projects/bagon/shared/imagenet512/val/n02107312/ILSVRC2012_val_00030852.JPEG ===
2025-09-22 11:27:23,332 - INFO - Example /home/projects/bagon/shared/imagenet512/val/n02107312/ILSVRC2012_val_00030852.JPEG reached epsilon at step 45, loss sum: 20.9382, final loss: 0.00098419, weight distance: 0.0039
2025-09-22 11:27:23,907 - INFO - Example 784 completed: 45 steps, loss sum: 20.9382, final loss: 0.00098419, weight distance: 0.0039 (universal rank: 44199)
2025-09-22 11:27:23,907 - INFO - 
=== Worker 5 Training Example 785/1586 (global idx 8719): /home/projects/bagon/shared/imagenet512/val/n02093859/ILSVRC2012_val_00000062.JPEG ===
2025-09-22 11:27:25,725 - INFO - Example /home/projects/bagon/shared/imagenet512/val/n02093859/ILSVRC2012_val_00000062.JPEG reached epsilon at step 50, loss sum: 24.7037, final loss: 0.00081635, weight distance: 0.0043
2025-09-22 11:27:26,309 - INFO - Example 785 completed: 50 steps, loss sum: 24.7037, final loss: 0.00081635, weight distance: 0.0043 (universal rank: 44200)
2025-09-22 11:27:26,309 - INFO - 
=== Worker 5 Training Example 786/1586 (global idx 8720): /home/projects/bagon/shared/imagenet512/val/n02089973/ILSVRC2012_val_00033378.JPEG ===
2025-09-22 11:27:28,015 - INFO - Example /home/projects/bagon/shared/imagenet512/val/n02089973/ILSVRC2012_val_00033378.JPEG reached epsilon at step 47, loss sum: 32.0247, final loss: 0.00092316, weight distance: 0.0041
2025-09-22 11:27:28,593 - INFO - Example 786 completed: 47 steps, loss sum: 32.0247, final loss: 0.00092316, weight distance: 0.0041 (universal rank: 44201)
2025-09-22 11:27:28,593 - INFO - 
=== Worker 5 Training Example 787/1586 (global idx 8721): /home/projects/bagon/shared/imagenet512/val/n03692522/ILSVRC2012_val_00029851.JPEG ===
2025-09-22 11:27:29,492 - INFO - Example /home/projects/bagon/shared/imagenet512/val/n03692522/ILSVRC2012_val_00029851.JPEG reached epsilon at step 24, loss sum: 11.3969, final loss: 0.00078201, weight distance: 0.0022
2025-09-22 11:27:30,055 - INFO - Example 787 completed: 24 steps, loss sum: 11.3969, final loss: 0.00078201, weight distance: 0.0022 (universal rank: 44202)
2025-09-22 11:27:30,055 - INFO - 
=== Worker 5 Training Example 788/1586 (global idx 8722): /home/projects/bagon/shared/imagenet512/val/n02101388/ILSVRC2012_val_00031633.JPEG ===
2025-09-22 11:27:31,601 - INFO - Example /home/projects/bagon/shared/imagenet512/val/n02101388/ILSVRC2012_val_00031633.JPEG reached epsilon at step 42, loss sum: 27.3730, final loss: 0.00083542, weight distance: 0.0038
2025-09-22 11:27:32,170 - INFO - Example 788 completed: 42 steps, loss sum: 27.3730, final loss: 0.00083542, weight distance: 0.0038 (universal rank: 44205)
2025-09-22 11:27:32,170 - INFO - 
=== Worker 5 Training Example 789/1586 (global idx 8723): /home/projects/bagon/shared/imagenet512/val/n02979186/ILSVRC2012_val_00040604.JPEG ===
2025-09-22 11:27:34,410 - INFO - Example /home/projects/bagon/shared/imagenet512/val/n02979186/ILSVRC2012_val_00040604.JPEG reached epsilon at step 62, loss sum: 9.0909, final loss: 0.00091553, weight distance: 0.0051
2025-09-22 11:27:34,982 - INFO - Example 789 completed: 62 steps, loss sum: 9.0909, final loss: 0.00091553, weight distance: 0.0051 (universal rank: 44206)
2025-09-22 11:27:34,982 - INFO - 
=== Worker 5 Training Example 790/1586 (global idx 8724): /home/projects/bagon/shared/imagenet512/val/n03045698/ILSVRC2012_val_00025105.JPEG ===
2025-09-22 11:27:36,370 - INFO - Example /home/projects/bagon/shared/imagenet512/val/n03045698/ILSVRC2012_val_00025105.JPEG reached epsilon at step 38, loss sum: 22.3436, final loss: 0.00083923, weight distance: 0.0035
2025-09-22 11:27:36,935 - INFO - Example 790 completed: 38 steps, loss sum: 22.3436, final loss: 0.00083923, weight distance: 0.0035 (universal rank: 44207)
2025-09-22 11:27:36,935 - INFO - 
=== Worker 5 Training Example 791/1586 (global idx 8725): /home/projects/bagon/shared/imagenet512/val/n03345487/ILSVRC2012_val_00025134.JPEG ===
2025-09-22 11:27:37,980 - INFO - Example /home/projects/bagon/shared/imagenet512/val/n03345487/ILSVRC2012_val_00025134.JPEG reached epsilon at step 28, loss sum: 6.5917, final loss: 0.00094223, weight distance: 0.0026
2025-09-22 11:27:38,543 - INFO - Example 791 completed: 28 steps, loss sum: 6.5917, final loss: 0.00094223, weight distance: 0.0026 (universal rank: 44208)
2025-09-22 11:27:38,543 - INFO - 
=== Worker 5 Training Example 792/1586 (global idx 8726): /home/projects/bagon/shared/imagenet512/val/n02971356/ILSVRC2012_val_00026415.JPEG ===
2025-09-22 11:27:39,769 - INFO - Example /home/projects/bagon/shared/imagenet512/val/n02971356/ILSVRC2012_val_00026415.JPEG reached epsilon at step 33, loss sum: 19.1017, final loss: 0.00091171, weight distance: 0.0031
2025-09-22 11:27:40,332 - INFO - Example 792 completed: 33 steps, loss sum: 19.1017, final loss: 0.00091171, weight distance: 0.0031 (universal rank: 44209)
2025-09-22 11:27:40,332 - INFO - 
=== Worker 5 Training Example 793/1586 (global idx 8727): /home/projects/bagon/shared/imagenet512/val/n04317175/ILSVRC2012_val_00041030.JPEG ===
2025-09-22 11:27:41,625 - INFO - Example /home/projects/bagon/shared/imagenet512/val/n04317175/ILSVRC2012_val_00041030.JPEG reached epsilon at step 35, loss sum: 22.3170, final loss: 0.00087357, weight distance: 0.0031
2025-09-22 11:27:42,458 - INFO - Example 793 completed: 35 steps, loss sum: 22.3170, final loss: 0.00087357, weight distance: 0.0031 (universal rank: 44210)
2025-09-22 11:27:42,458 - INFO - 
=== Worker 5 Training Example 794/1586 (global idx 8728): /home/projects/bagon/shared/imagenet512/val/n02786058/ILSVRC2012_val_00036161.JPEG ===
2025-09-22 11:27:43,805 - INFO - Example /home/projects/bagon/shared/imagenet512/val/n02786058/ILSVRC2012_val_00036161.JPEG reached epsilon at step 37, loss sum: 28.8869, final loss: 0.00096512, weight distance: 0.0034
2025-09-22 11:27:44,356 - INFO - Example 794 completed: 37 steps, loss sum: 28.8869, final loss: 0.00096512, weight distance: 0.0034 (universal rank: 44211)
2025-09-22 11:27:44,357 - INFO - 
=== Worker 5 Training Example 795/1586 (global idx 8729): /home/projects/bagon/shared/imagenet512/val/n02106166/ILSVRC2012_val_00034821.JPEG ===
2025-09-22 11:27:46,527 - INFO - Example /home/projects/bagon/shared/imagenet512/val/n02106166/ILSVRC2012_val_00034821.JPEG reached epsilon at step 60, loss sum: 52.1517, final loss: 0.00085068, weight distance: 0.0050
2025-09-22 11:27:47,102 - INFO - Example 795 completed: 60 steps, loss sum: 52.1517, final loss: 0.00085068, weight distance: 0.0050 (universal rank: 44212)
2025-09-22 11:27:47,102 - INFO - 
=== Worker 5 Training Example 796/1586 (global idx 8730): /home/projects/bagon/shared/imagenet512/val/n03017168/ILSVRC2012_val_00015837.JPEG ===
2025-09-22 11:27:48,817 - INFO - Example /home/projects/bagon/shared/imagenet512/val/n03017168/ILSVRC2012_val_00015837.JPEG reached epsilon at step 47, loss sum: 64.2786, final loss: 0.00080872, weight distance: 0.0040
2025-09-22 11:27:49,388 - INFO - Example 796 completed: 47 steps, loss sum: 64.2786, final loss: 0.00080872, weight distance: 0.0040 (universal rank: 44213)
2025-09-22 11:27:49,388 - INFO - 
=== Worker 5 Training Example 797/1586 (global idx 8731): /home/projects/bagon/shared/imagenet512/val/n02093991/ILSVRC2012_val_00005867.JPEG ===
2025-09-22 11:27:50,924 - INFO - Example /home/projects/bagon/shared/imagenet512/val/n02093991/ILSVRC2012_val_00005867.JPEG reached epsilon at step 42, loss sum: 36.2841, final loss: 0.00062561, weight distance: 0.0038
2025-09-22 11:27:51,501 - INFO - Example 797 completed: 42 steps, loss sum: 36.2841, final loss: 0.00062561, weight distance: 0.0038 (universal rank: 44214)
2025-09-22 11:27:51,501 - INFO - 
=== Worker 5 Training Example 798/1586 (global idx 8732): /home/projects/bagon/shared/imagenet512/val/n02109961/ILSVRC2012_val_00017529.JPEG ===
2025-09-22 11:27:54,134 - INFO - Example /home/projects/bagon/shared/imagenet512/val/n02109961/ILSVRC2012_val_00017529.JPEG reached epsilon at step 72, loss sum: 37.0270, final loss: 0.00093842, weight distance: 0.0052
2025-09-22 11:27:54,769 - INFO - Example 798 completed: 72 steps, loss sum: 37.0270, final loss: 0.00093842, weight distance: 0.0052 (universal rank: 44215)
2025-09-22 11:27:54,769 - INFO - 
=== Worker 5 Training Example 799/1586 (global idx 8733): /home/projects/bagon/shared/imagenet512/val/n02321529/ILSVRC2012_val_00029107.JPEG ===
2025-09-22 11:27:55,728 - INFO - Example /home/projects/bagon/shared/imagenet512/val/n02321529/ILSVRC2012_val_00029107.JPEG reached epsilon at step 26, loss sum: 4.8072, final loss: 0.00098419, weight distance: 0.0023
2025-09-22 11:27:56,297 - INFO - Example 799 completed: 26 steps, loss sum: 4.8072, final loss: 0.00098419, weight distance: 0.0023 (universal rank: 44216)
2025-09-22 11:27:56,297 - INFO - 
=== Worker 5 Training Example 800/1586 (global idx 8734): /home/projects/bagon/shared/imagenet512/val/n02837789/ILSVRC2012_val_00005005.JPEG ===
2025-09-22 11:27:58,117 - INFO - Example /home/projects/bagon/shared/imagenet512/val/n02837789/ILSVRC2012_val_00005005.JPEG reached epsilon at step 50, loss sum: 29.8624, final loss: 0.00091934, weight distance: 0.0043
2025-09-22 11:27:58,669 - INFO - Example 800 completed: 50 steps, loss sum: 29.8624, final loss: 0.00091934, weight distance: 0.0043 (universal rank: 44217)
2025-09-22 11:27:58,669 - INFO - 
=== Worker 5 Training Example 801/1586 (global idx 8735): /home/projects/bagon/shared/imagenet512/val/n04371430/ILSVRC2012_val_00041734.JPEG ===
2025-09-22 11:28:00,916 - INFO - Example /home/projects/bagon/shared/imagenet512/val/n04371430/ILSVRC2012_val_00041734.JPEG reached epsilon at step 62, loss sum: 74.5307, final loss: 0.00086975, weight distance: 0.0047
2025-09-22 11:28:01,466 - INFO - Example 801 completed: 62 steps, loss sum: 74.5307, final loss: 0.00086975, weight distance: 0.0047 (universal rank: 44219)
2025-09-22 11:28:01,466 - INFO - 
=== Worker 5 Training Example 802/1586 (global idx 8736): /home/projects/bagon/shared/imagenet512/val/n03498962/ILSVRC2012_val_00033954.JPEG ===
2025-09-22 11:28:02,926 - INFO - Example /home/projects/bagon/shared/imagenet512/val/n03498962/ILSVRC2012_val_00033954.JPEG reached epsilon at step 40, loss sum: 34.5715, final loss: 0.00099945, weight distance: 0.0034
2025-09-22 11:28:03,481 - INFO - Example 802 completed: 40 steps, loss sum: 34.5715, final loss: 0.00099945, weight distance: 0.0034 (universal rank: 44220)
2025-09-22 11:28:03,481 - INFO - 
=== Worker 5 Training Example 803/1586 (global idx 8737): /home/projects/bagon/shared/imagenet512/val/n02699494/ILSVRC2012_val_00016040.JPEG ===
2025-09-22 11:28:04,778 - INFO - Example /home/projects/bagon/shared/imagenet512/val/n02699494/ILSVRC2012_val_00016040.JPEG reached epsilon at step 35, loss sum: 37.3149, final loss: 0.00089645, weight distance: 0.0031
2025-09-22 11:28:05,339 - INFO - Example 803 completed: 35 steps, loss sum: 37.3149, final loss: 0.00089645, weight distance: 0.0031 (universal rank: 44221)
2025-09-22 11:28:05,339 - INFO - 
=== Worker 5 Training Example 804/1586 (global idx 8738): /home/projects/bagon/shared/imagenet512/val/n03207941/ILSVRC2012_val_00042603.JPEG ===
2025-09-22 11:28:07,128 - INFO - Example /home/projects/bagon/shared/imagenet512/val/n03207941/ILSVRC2012_val_00042603.JPEG reached epsilon at step 49, loss sum: 46.6811, final loss: 0.00098419, weight distance: 0.0040
2025-09-22 11:28:07,684 - INFO - Example 804 completed: 49 steps, loss sum: 46.6811, final loss: 0.00098419, weight distance: 0.0040 (universal rank: 44222)
2025-09-22 11:28:07,684 - INFO - 
=== Worker 5 Training Example 805/1586 (global idx 8739): /home/projects/bagon/shared/imagenet512/val/n02105412/ILSVRC2012_val_00016191.JPEG ===
2025-09-22 11:28:09,390 - INFO - Example /home/projects/bagon/shared/imagenet512/val/n02105412/ILSVRC2012_val_00016191.JPEG reached epsilon at step 47, loss sum: 51.4403, final loss: 0.00084686, weight distance: 0.0041
2025-09-22 11:28:09,962 - INFO - Example 805 completed: 47 steps, loss sum: 51.4403, final loss: 0.00084686, weight distance: 0.0041 (universal rank: 44223)
2025-09-22 11:28:09,962 - INFO - 
=== Worker 5 Training Example 806/1586 (global idx 8740): /home/projects/bagon/shared/imagenet512/val/n13133613/ILSVRC2012_val_00046871.JPEG ===
2025-09-22 11:28:11,433 - INFO - Example /home/projects/bagon/shared/imagenet512/val/n13133613/ILSVRC2012_val_00046871.JPEG reached epsilon at step 40, loss sum: 26.7467, final loss: 0.00099945, weight distance: 0.0034
2025-09-22 11:28:11,979 - INFO - Example 806 completed: 40 steps, loss sum: 26.7467, final loss: 0.00099945, weight distance: 0.0034 (universal rank: 44224)
2025-09-22 11:28:11,979 - INFO - 
=== Worker 5 Training Example 807/1586 (global idx 8741): /home/projects/bagon/shared/imagenet512/val/n02808440/ILSVRC2012_val_00016026.JPEG ===
2025-09-22 11:28:14,500 - INFO - Example /home/projects/bagon/shared/imagenet512/val/n02808440/ILSVRC2012_val_00016026.JPEG reached epsilon at step 70, loss sum: 19.7171, final loss: 0.00097275, weight distance: 0.0057
2025-09-22 11:28:15,066 - INFO - Example 807 completed: 70 steps, loss sum: 19.7171, final loss: 0.00097275, weight distance: 0.0057 (universal rank: 44225)
2025-09-22 11:28:15,066 - INFO - 
=== Worker 5 Training Example 808/1586 (global idx 8742): /home/projects/bagon/shared/imagenet512/val/n03710721/ILSVRC2012_val_00007096.JPEG ===
2025-09-22 11:28:17,676 - INFO - Example /home/projects/bagon/shared/imagenet512/val/n03710721/ILSVRC2012_val_00007096.JPEG reached epsilon at step 73, loss sum: 19.7672, final loss: 0.00087357, weight distance: 0.0059
2025-09-22 11:28:18,325 - INFO - Example 808 completed: 73 steps, loss sum: 19.7672, final loss: 0.00087357, weight distance: 0.0059 (universal rank: 44226)
2025-09-22 11:28:18,325 - INFO - 
=== Worker 5 Training Example 809/1586 (global idx 8743): /home/projects/bagon/shared/imagenet512/val/n03297495/ILSVRC2012_val_00001545.JPEG ===
2025-09-22 11:28:20,092 - INFO - Example /home/projects/bagon/shared/imagenet512/val/n03297495/ILSVRC2012_val_00001545.JPEG reached epsilon at step 49, loss sum: 22.9827, final loss: 0.00086594, weight distance: 0.0041
2025-09-22 11:28:20,649 - INFO - Example 809 completed: 49 steps, loss sum: 22.9827, final loss: 0.00086594, weight distance: 0.0041 (universal rank: 44228)
2025-09-22 11:28:20,649 - INFO - 
=== Worker 5 Training Example 810/1586 (global idx 8744): /home/projects/bagon/shared/imagenet512/val/n03642806/ILSVRC2012_val_00026305.JPEG ===
2025-09-22 11:28:22,068 - INFO - Example /home/projects/bagon/shared/imagenet512/val/n03642806/ILSVRC2012_val_00026305.JPEG reached epsilon at step 39, loss sum: 6.7137, final loss: 0.00077057, weight distance: 0.0035
2025-09-22 11:28:22,638 - INFO - Example 810 completed: 39 steps, loss sum: 6.7137, final loss: 0.00077057, weight distance: 0.0035 (universal rank: 44229)
2025-09-22 11:28:22,638 - INFO - 
=== Worker 5 Training Example 811/1586 (global idx 8745): /home/projects/bagon/shared/imagenet512/val/n02730930/ILSVRC2012_val_00031520.JPEG ===
2025-09-22 11:28:23,883 - INFO - Example /home/projects/bagon/shared/imagenet512/val/n02730930/ILSVRC2012_val_00031520.JPEG reached epsilon at step 34, loss sum: 34.1566, final loss: 0.00086975, weight distance: 0.0031
2025-09-22 11:28:24,570 - INFO - Example 811 completed: 34 steps, loss sum: 34.1566, final loss: 0.00086975, weight distance: 0.0031 (universal rank: 44230)
2025-09-22 11:28:24,570 - INFO - 
=== Worker 5 Training Example 812/1586 (global idx 8746): /home/projects/bagon/shared/imagenet512/val/n03950228/ILSVRC2012_val_00032249.JPEG ===
2025-09-22 11:28:25,939 - INFO - Example /home/projects/bagon/shared/imagenet512/val/n03950228/ILSVRC2012_val_00032249.JPEG reached epsilon at step 38, loss sum: 25.3635, final loss: 0.00095749, weight distance: 0.0033
2025-09-22 11:28:26,513 - INFO - Example 812 completed: 38 steps, loss sum: 25.3635, final loss: 0.00095749, weight distance: 0.0033 (universal rank: 44231)
2025-09-22 11:28:26,513 - INFO - 
=== Worker 5 Training Example 813/1586 (global idx 8747): /home/projects/bagon/shared/imagenet512/val/n02091244/ILSVRC2012_val_00025708.JPEG ===
2025-09-22 11:28:27,762 - INFO - Example /home/projects/bagon/shared/imagenet512/val/n02091244/ILSVRC2012_val_00025708.JPEG reached epsilon at step 34, loss sum: 19.6391, final loss: 0.00094986, weight distance: 0.0032
2025-09-22 11:28:28,316 - INFO - Example 813 completed: 34 steps, loss sum: 19.6391, final loss: 0.00094986, weight distance: 0.0032 (universal rank: 44232)
2025-09-22 11:28:28,316 - INFO - 
=== Worker 5 Training Example 814/1586 (global idx 8748): /home/projects/bagon/shared/imagenet512/val/n02107574/ILSVRC2012_val_00032111.JPEG ===
2025-09-22 11:28:30,140 - INFO - Example /home/projects/bagon/shared/imagenet512/val/n02107574/ILSVRC2012_val_00032111.JPEG reached epsilon at step 50, loss sum: 26.2203, final loss: 0.00090027, weight distance: 0.0044
2025-09-22 11:28:30,688 - INFO - Example 814 completed: 50 steps, loss sum: 26.2203, final loss: 0.00090027, weight distance: 0.0044 (universal rank: 44233)
2025-09-22 11:28:30,688 - INFO - 
=== Worker 5 Training Example 815/1586 (global idx 8749): /home/projects/bagon/shared/imagenet512/val/n03692522/ILSVRC2012_val_00035877.JPEG ===
2025-09-22 11:28:33,143 - INFO - Example /home/projects/bagon/shared/imagenet512/val/n03692522/ILSVRC2012_val_00035877.JPEG reached epsilon at step 69, loss sum: 145.6026, final loss: 0.00079346, weight distance: 0.0059
2025-09-22 11:28:33,701 - INFO - Example 815 completed: 69 steps, loss sum: 145.6026, final loss: 0.00079346, weight distance: 0.0059 (universal rank: 44234)
2025-09-22 11:28:33,701 - INFO - 
=== Worker 5 Training Example 816/1586 (global idx 8750): /home/projects/bagon/shared/imagenet512/val/n02110063/ILSVRC2012_val_00028214.JPEG ===
2025-09-22 11:28:35,010 - INFO - Example /home/projects/bagon/shared/imagenet512/val/n02110063/ILSVRC2012_val_00028214.JPEG reached epsilon at step 36, loss sum: 17.0447, final loss: 0.00092697, weight distance: 0.0034
2025-09-22 11:28:35,567 - INFO - Example 816 completed: 36 steps, loss sum: 17.0447, final loss: 0.00092697, weight distance: 0.0034 (universal rank: 44235)
2025-09-22 11:28:35,567 - INFO - 
=== Worker 5 Training Example 817/1586 (global idx 8751): /home/projects/bagon/shared/imagenet512/val/n04461696/ILSVRC2012_val_00029413.JPEG ===
2025-09-22 11:28:37,266 - INFO - Example /home/projects/bagon/shared/imagenet512/val/n04461696/ILSVRC2012_val_00029413.JPEG reached epsilon at step 47, loss sum: 48.9858, final loss: 0.00082016, weight distance: 0.0042
2025-09-22 11:28:37,844 - INFO - Example 817 completed: 47 steps, loss sum: 48.9858, final loss: 0.00082016, weight distance: 0.0042 (universal rank: 44236)
2025-09-22 11:28:37,844 - INFO - 
=== Worker 5 Training Example 818/1586 (global idx 8752): /home/projects/bagon/shared/imagenet512/val/n04592741/ILSVRC2012_val_00031478.JPEG ===
2025-09-22 11:28:39,656 - INFO - Example /home/projects/bagon/shared/imagenet512/val/n04592741/ILSVRC2012_val_00031478.JPEG reached epsilon at step 50, loss sum: 28.1403, final loss: 0.00099182, weight distance: 0.0040
2025-09-22 11:28:40,216 - INFO - Example 818 completed: 50 steps, loss sum: 28.1403, final loss: 0.00099182, weight distance: 0.0040 (universal rank: 44237)
2025-09-22 11:28:40,217 - INFO - 
=== Worker 5 Training Example 819/1586 (global idx 8753): /home/projects/bagon/shared/imagenet512/val/n03223299/ILSVRC2012_val_00020689.JPEG ===
2025-09-22 11:28:41,780 - INFO - Example /home/projects/bagon/shared/imagenet512/val/n03223299/ILSVRC2012_val_00020689.JPEG reached epsilon at step 43, loss sum: 37.3282, final loss: 0.00083923, weight distance: 0.0036
2025-09-22 11:28:42,443 - INFO - Example 819 completed: 43 steps, loss sum: 37.3282, final loss: 0.00083923, weight distance: 0.0036 (universal rank: 44238)
2025-09-22 11:28:42,443 - INFO - 
=== Worker 5 Training Example 820/1586 (global idx 8754): /home/projects/bagon/shared/imagenet512/val/n04370456/ILSVRC2012_val_00031379.JPEG ===
2025-09-22 11:28:44,081 - INFO - Example /home/projects/bagon/shared/imagenet512/val/n04370456/ILSVRC2012_val_00031379.JPEG reached epsilon at step 45, loss sum: 74.3088, final loss: 0.00097275, weight distance: 0.0038
2025-09-22 11:28:44,626 - INFO - Example 820 completed: 45 steps, loss sum: 74.3088, final loss: 0.00097275, weight distance: 0.0038 (universal rank: 44239)
2025-09-22 11:28:44,626 - INFO - 
=== Worker 5 Training Example 821/1586 (global idx 8755): /home/projects/bagon/shared/imagenet512/val/n03476991/ILSVRC2012_val_00046358.JPEG ===
2025-09-22 11:28:46,532 - INFO - Example /home/projects/bagon/shared/imagenet512/val/n03476991/ILSVRC2012_val_00046358.JPEG reached epsilon at step 53, loss sum: 71.4478, final loss: 0.00095367, weight distance: 0.0048
2025-09-22 11:28:47,085 - INFO - Example 821 completed: 53 steps, loss sum: 71.4478, final loss: 0.00095367, weight distance: 0.0048 (universal rank: 44240)
2025-09-22 11:28:47,085 - INFO - 
=== Worker 5 Training Example 822/1586 (global idx 8756): /home/projects/bagon/shared/imagenet512/val/n03476991/ILSVRC2012_val_00047463.JPEG ===
2025-09-22 11:28:49,044 - INFO - Example /home/projects/bagon/shared/imagenet512/val/n03476991/ILSVRC2012_val_00047463.JPEG reached epsilon at step 54, loss sum: 13.7807, final loss: 0.00099945, weight distance: 0.0048
2025-09-22 11:28:49,611 - INFO - Example 822 completed: 54 steps, loss sum: 13.7807, final loss: 0.00099945, weight distance: 0.0048 (universal rank: 44241)
2025-09-22 11:28:49,611 - INFO - 
=== Worker 5 Training Example 823/1586 (global idx 8757): /home/projects/bagon/shared/imagenet512/val/n12144580/ILSVRC2012_val_00008231.JPEG ===
2025-09-22 11:28:51,002 - INFO - Example /home/projects/bagon/shared/imagenet512/val/n12144580/ILSVRC2012_val_00008231.JPEG reached epsilon at step 38, loss sum: 17.4487, final loss: 0.00089645, weight distance: 0.0034
2025-09-22 11:28:51,579 - INFO - Example 823 completed: 38 steps, loss sum: 17.4487, final loss: 0.00089645, weight distance: 0.0034 (universal rank: 44242)
2025-09-22 11:28:51,579 - INFO - 
=== Worker 5 Training Example 824/1586 (global idx 8758): /home/projects/bagon/shared/imagenet512/val/n03697007/ILSVRC2012_val_00033470.JPEG ===
2025-09-22 11:28:52,466 - INFO - Example /home/projects/bagon/shared/imagenet512/val/n03697007/ILSVRC2012_val_00033470.JPEG reached epsilon at step 24, loss sum: 13.6971, final loss: 0.00080490, weight distance: 0.0023
2025-09-22 11:28:53,057 - INFO - Example 824 completed: 24 steps, loss sum: 13.6971, final loss: 0.00080490, weight distance: 0.0023 (universal rank: 44243)
2025-09-22 11:28:53,057 - INFO - 
=== Worker 5 Training Example 825/1586 (global idx 8759): /home/projects/bagon/shared/imagenet512/val/n04493381/ILSVRC2012_val_00031080.JPEG ===
2025-09-22 11:28:54,875 - INFO - Example /home/projects/bagon/shared/imagenet512/val/n04493381/ILSVRC2012_val_00031080.JPEG reached epsilon at step 50, loss sum: 14.8962, final loss: 0.00099945, weight distance: 0.0042
2025-09-22 11:28:55,438 - INFO - Example 825 completed: 50 steps, loss sum: 14.8962, final loss: 0.00099945, weight distance: 0.0042 (universal rank: 44244)
2025-09-22 11:28:55,438 - INFO - 
=== Worker 5 Training Example 826/1586 (global idx 8760): /home/projects/bagon/shared/imagenet512/val/n04606251/ILSVRC2012_val_00018377.JPEG ===
2025-09-22 11:28:56,359 - INFO - Example /home/projects/bagon/shared/imagenet512/val/n04606251/ILSVRC2012_val_00018377.JPEG reached epsilon at step 24, loss sum: 9.0700, final loss: 0.00096512, weight distance: 0.0021
2025-09-22 11:28:56,932 - INFO - Example 826 completed: 24 steps, loss sum: 9.0700, final loss: 0.00096512, weight distance: 0.0021 (universal rank: 44245)
2025-09-22 11:28:56,932 - INFO - 
=== Worker 5 Training Example 827/1586 (global idx 8761): /home/projects/bagon/shared/imagenet512/val/n07836838/ILSVRC2012_val_00043225.JPEG ===
2025-09-22 11:28:58,037 - INFO - Example /home/projects/bagon/shared/imagenet512/val/n07836838/ILSVRC2012_val_00043225.JPEG reached epsilon at step 30, loss sum: 45.4081, final loss: 0.00089264, weight distance: 0.0028
2025-09-22 11:28:58,607 - INFO - Example 827 completed: 30 steps, loss sum: 45.4081, final loss: 0.00089264, weight distance: 0.0028 (universal rank: 44246)
2025-09-22 11:28:58,607 - INFO - 
=== Worker 5 Training Example 828/1586 (global idx 8762): /home/projects/bagon/shared/imagenet512/val/n07860988/ILSVRC2012_val_00014716.JPEG ===
2025-09-22 11:29:00,209 - INFO - Example /home/projects/bagon/shared/imagenet512/val/n07860988/ILSVRC2012_val_00014716.JPEG reached epsilon at step 43, loss sum: 45.1990, final loss: 0.00090790, weight distance: 0.0037
2025-09-22 11:29:00,961 - INFO - Example 828 completed: 43 steps, loss sum: 45.1990, final loss: 0.00090790, weight distance: 0.0037 (universal rank: 44247)
2025-09-22 11:29:00,961 - INFO - 
=== Worker 5 Training Example 829/1586 (global idx 8763): /home/projects/bagon/shared/imagenet512/val/n04270147/ILSVRC2012_val_00012069.JPEG ===
2025-09-22 11:29:02,763 - INFO - Example /home/projects/bagon/shared/imagenet512/val/n04270147/ILSVRC2012_val_00012069.JPEG reached epsilon at step 50, loss sum: 38.8766, final loss: 0.00083160, weight distance: 0.0039
2025-09-22 11:29:03,317 - INFO - Example 829 completed: 50 steps, loss sum: 38.8766, final loss: 0.00083160, weight distance: 0.0039 (universal rank: 44248)
2025-09-22 11:29:03,317 - INFO - 
=== Worker 5 Training Example 830/1586 (global idx 8764): /home/projects/bagon/shared/imagenet512/val/n04026417/ILSVRC2012_val_00025944.JPEG ===
2025-09-22 11:29:05,158 - INFO - Example /home/projects/bagon/shared/imagenet512/val/n04026417/ILSVRC2012_val_00025944.JPEG reached epsilon at step 51, loss sum: 32.8609, final loss: 0.00098419, weight distance: 0.0045
2025-09-22 11:29:05,716 - INFO - Example 830 completed: 51 steps, loss sum: 32.8609, final loss: 0.00098419, weight distance: 0.0045 (universal rank: 44249)
2025-09-22 11:29:05,716 - INFO - 
=== Worker 5 Training Example 831/1586 (global idx 8765): /home/projects/bagon/shared/imagenet512/val/n09399592/ILSVRC2012_val_00022008.JPEG ===
2025-09-22 11:29:07,876 - INFO - Example /home/projects/bagon/shared/imagenet512/val/n09399592/ILSVRC2012_val_00022008.JPEG reached epsilon at step 60, loss sum: 19.3028, final loss: 0.00094604, weight distance: 0.0049
2025-09-22 11:29:08,435 - INFO - Example 831 completed: 60 steps, loss sum: 19.3028, final loss: 0.00094604, weight distance: 0.0049 (universal rank: 44250)
2025-09-22 11:29:08,435 - INFO - 
=== Worker 5 Training Example 832/1586 (global idx 8766): /home/projects/bagon/shared/imagenet512/val/n02840245/ILSVRC2012_val_00040500.JPEG ===
2025-09-22 11:29:10,173 - INFO - Example /home/projects/bagon/shared/imagenet512/val/n02840245/ILSVRC2012_val_00040500.JPEG reached epsilon at step 48, loss sum: 19.9817, final loss: 0.00076675, weight distance: 0.0037
2025-09-22 11:29:10,728 - INFO - Example 832 completed: 48 steps, loss sum: 19.9817, final loss: 0.00076675, weight distance: 0.0037 (universal rank: 44251)
2025-09-22 11:29:10,729 - INFO - 
=== Worker 5 Training Example 833/1586 (global idx 8767): /home/projects/bagon/shared/imagenet512/val/n04557648/ILSVRC2012_val_00009155.JPEG ===
2025-09-22 11:29:12,312 - INFO - Example /home/projects/bagon/shared/imagenet512/val/n04557648/ILSVRC2012_val_00009155.JPEG reached epsilon at step 43, loss sum: 37.5331, final loss: 0.00072479, weight distance: 0.0037
2025-09-22 11:29:12,864 - INFO - Example 833 completed: 43 steps, loss sum: 37.5331, final loss: 0.00072479, weight distance: 0.0037 (universal rank: 44252)
2025-09-22 11:29:12,865 - INFO - 
=== Worker 5 Training Example 834/1586 (global idx 8768): /home/projects/bagon/shared/imagenet512/val/n02088238/ILSVRC2012_val_00017892.JPEG ===
2025-09-22 11:29:13,496 - INFO - Example /home/projects/bagon/shared/imagenet512/val/n02088238/ILSVRC2012_val_00017892.JPEG reached epsilon at step 16, loss sum: 0.4122, final loss: 0.00094604, weight distance: 0.0015
2025-09-22 11:29:14,052 - INFO - Example 834 completed: 16 steps, loss sum: 0.4122, final loss: 0.00094604, weight distance: 0.0015 (universal rank: 44254)
2025-09-22 11:29:14,052 - INFO - 
=== Worker 5 Training Example 835/1586 (global idx 8769): /home/projects/bagon/shared/imagenet512/val/n04525038/ILSVRC2012_val_00028390.JPEG ===
2025-09-22 11:29:14,904 - INFO - Example /home/projects/bagon/shared/imagenet512/val/n04525038/ILSVRC2012_val_00028390.JPEG reached epsilon at step 23, loss sum: 6.6445, final loss: 0.00091934, weight distance: 0.0021
2025-09-22 11:29:15,452 - INFO - Example 835 completed: 23 steps, loss sum: 6.6445, final loss: 0.00091934, weight distance: 0.0021 (universal rank: 44255)
2025-09-22 11:29:15,452 - INFO - 
=== Worker 5 Training Example 836/1586 (global idx 8770): /home/projects/bagon/shared/imagenet512/val/n02169497/ILSVRC2012_val_00018858.JPEG ===
2025-09-22 11:29:17,597 - INFO - Example /home/projects/bagon/shared/imagenet512/val/n02169497/ILSVRC2012_val_00018858.JPEG reached epsilon at step 60, loss sum: 25.6585, final loss: 0.00099945, weight distance: 0.0049
2025-09-22 11:29:18,273 - INFO - Example 836 completed: 60 steps, loss sum: 25.6585, final loss: 0.00099945, weight distance: 0.0049 (universal rank: 44257)
2025-09-22 11:29:18,273 - INFO - 
=== Worker 5 Training Example 837/1586 (global idx 8771): /home/projects/bagon/shared/imagenet512/val/n04591713/ILSVRC2012_val_00010827.JPEG ===
2025-09-22 11:29:19,785 - INFO - Example /home/projects/bagon/shared/imagenet512/val/n04591713/ILSVRC2012_val_00010827.JPEG reached epsilon at step 42, loss sum: 12.0677, final loss: 0.00084686, weight distance: 0.0038
2025-09-22 11:29:20,349 - INFO - Example 837 completed: 42 steps, loss sum: 12.0677, final loss: 0.00084686, weight distance: 0.0038 (universal rank: 44258)
2025-09-22 11:29:20,349 - INFO - 
=== Worker 5 Training Example 838/1586 (global idx 8772): /home/projects/bagon/shared/imagenet512/val/n03733281/ILSVRC2012_val_00000118.JPEG ===
2025-09-22 11:29:22,076 - INFO - Example /home/projects/bagon/shared/imagenet512/val/n03733281/ILSVRC2012_val_00000118.JPEG reached epsilon at step 48, loss sum: 43.9891, final loss: 0.00096512, weight distance: 0.0043
2025-09-22 11:29:22,618 - INFO - Example 838 completed: 48 steps, loss sum: 43.9891, final loss: 0.00096512, weight distance: 0.0043 (universal rank: 44259)
2025-09-22 11:29:22,619 - INFO - 
=== Worker 5 Training Example 839/1586 (global idx 8773): /home/projects/bagon/shared/imagenet512/val/n02134084/ILSVRC2012_val_00017605.JPEG ===
2025-09-22 11:29:23,914 - INFO - Example /home/projects/bagon/shared/imagenet512/val/n02134084/ILSVRC2012_val_00017605.JPEG reached epsilon at step 35, loss sum: 41.5021, final loss: 0.00092697, weight distance: 0.0032
2025-09-22 11:29:24,570 - INFO - Example 839 completed: 35 steps, loss sum: 41.5021, final loss: 0.00092697, weight distance: 0.0032 (universal rank: 44261)
2025-09-22 11:29:24,570 - INFO - 
=== Worker 5 Training Example 840/1586 (global idx 8774): /home/projects/bagon/shared/imagenet512/val/n01514668/ILSVRC2012_val_00003936.JPEG ===
2025-09-22 11:29:26,844 - INFO - Example /home/projects/bagon/shared/imagenet512/val/n01514668/ILSVRC2012_val_00003936.JPEG reached epsilon at step 64, loss sum: 80.5613, final loss: 0.00098419, weight distance: 0.0052
2025-09-22 11:29:27,413 - INFO - Example 840 completed: 64 steps, loss sum: 80.5613, final loss: 0.00098419, weight distance: 0.0052 (universal rank: 44262)
2025-09-22 11:29:27,413 - INFO - 
=== Worker 5 Training Example 841/1586 (global idx 8775): /home/projects/bagon/shared/imagenet512/val/n02454379/ILSVRC2012_val_00025171.JPEG ===
2025-09-22 11:29:30,991 - INFO - Example /home/projects/bagon/shared/imagenet512/val/n02454379/ILSVRC2012_val_00025171.JPEG reached epsilon at step 101, loss sum: 268.7668, final loss: 0.00095367, weight distance: 0.0070
2025-09-22 11:29:31,556 - INFO - Example 841 completed: 101 steps, loss sum: 268.7668, final loss: 0.00095367, weight distance: 0.0070 (universal rank: 44263)
2025-09-22 11:29:31,557 - INFO - 
=== Worker 5 Training Example 842/1586 (global idx 8776): /home/projects/bagon/shared/imagenet512/val/n04380533/ILSVRC2012_val_00035869.JPEG ===
2025-09-22 11:29:33,259 - INFO - Example /home/projects/bagon/shared/imagenet512/val/n04380533/ILSVRC2012_val_00035869.JPEG reached epsilon at step 47, loss sum: 34.5188, final loss: 0.00094223, weight distance: 0.0039
2025-09-22 11:29:33,829 - INFO - Example 842 completed: 47 steps, loss sum: 34.5188, final loss: 0.00094223, weight distance: 0.0039 (universal rank: 44264)
2025-09-22 11:29:33,829 - INFO - 
=== Worker 5 Training Example 843/1586 (global idx 8777): /home/projects/bagon/shared/imagenet512/val/n03125729/ILSVRC2012_val_00048318.JPEG ===
2025-09-22 11:29:35,113 - INFO - Example /home/projects/bagon/shared/imagenet512/val/n03125729/ILSVRC2012_val_00048318.JPEG reached epsilon at step 35, loss sum: 28.4792, final loss: 0.00083923, weight distance: 0.0032
2025-09-22 11:29:35,662 - INFO - Example 843 completed: 35 steps, loss sum: 28.4792, final loss: 0.00083923, weight distance: 0.0032 (universal rank: 44265)
2025-09-22 11:29:35,662 - INFO - 
=== Worker 5 Training Example 844/1586 (global idx 8778): /home/projects/bagon/shared/imagenet512/val/n03786901/ILSVRC2012_val_00013374.JPEG ===
2025-09-22 11:29:36,997 - INFO - Example /home/projects/bagon/shared/imagenet512/val/n03786901/ILSVRC2012_val_00013374.JPEG reached epsilon at step 36, loss sum: 19.3626, final loss: 0.00075531, weight distance: 0.0033
2025-09-22 11:29:37,563 - INFO - Example 844 completed: 36 steps, loss sum: 19.3626, final loss: 0.00075531, weight distance: 0.0033 (universal rank: 44266)
2025-09-22 11:29:37,563 - INFO - 
=== Worker 5 Training Example 845/1586 (global idx 8779): /home/projects/bagon/shared/imagenet512/val/n02704792/ILSVRC2012_val_00028979.JPEG ===
2025-09-22 11:29:39,373 - INFO - Example /home/projects/bagon/shared/imagenet512/val/n02704792/ILSVRC2012_val_00028979.JPEG reached epsilon at step 50, loss sum: 36.3530, final loss: 0.00099182, weight distance: 0.0042
2025-09-22 11:29:39,935 - INFO - Example 845 completed: 50 steps, loss sum: 36.3530, final loss: 0.00099182, weight distance: 0.0042 (universal rank: 44267)
2025-09-22 11:29:39,935 - INFO - 
=== Worker 5 Training Example 846/1586 (global idx 8780): /home/projects/bagon/shared/imagenet512/val/n02840245/ILSVRC2012_val_00024607.JPEG ===
2025-09-22 11:29:41,881 - INFO - Example /home/projects/bagon/shared/imagenet512/val/n02840245/ILSVRC2012_val_00024607.JPEG reached epsilon at step 54, loss sum: 42.5945, final loss: 0.00080490, weight distance: 0.0046
2025-09-22 11:29:42,524 - INFO - Example 846 completed: 54 steps, loss sum: 42.5945, final loss: 0.00080490, weight distance: 0.0046 (universal rank: 44268)
2025-09-22 11:29:42,524 - INFO - 
=== Worker 5 Training Example 847/1586 (global idx 8781): /home/projects/bagon/shared/imagenet512/val/n03095699/ILSVRC2012_val_00012534.JPEG ===
2025-09-22 11:29:43,988 - INFO - Example /home/projects/bagon/shared/imagenet512/val/n03095699/ILSVRC2012_val_00012534.JPEG reached epsilon at step 40, loss sum: 66.1941, final loss: 0.00092316, weight distance: 0.0036
2025-09-22 11:29:44,556 - INFO - Example 847 completed: 40 steps, loss sum: 66.1941, final loss: 0.00092316, weight distance: 0.0036 (universal rank: 44269)
2025-09-22 11:29:44,556 - INFO - 
=== Worker 5 Training Example 848/1586 (global idx 8782): /home/projects/bagon/shared/imagenet512/val/n12144580/ILSVRC2012_val_00008867.JPEG ===
2025-09-22 11:29:46,116 - INFO - Example /home/projects/bagon/shared/imagenet512/val/n12144580/ILSVRC2012_val_00008867.JPEG reached epsilon at step 42, loss sum: 7.6155, final loss: 0.00081635, weight distance: 0.0037
2025-09-22 11:29:46,683 - INFO - Example 848 completed: 42 steps, loss sum: 7.6155, final loss: 0.00081635, weight distance: 0.0037 (universal rank: 44271)
2025-09-22 11:29:46,684 - INFO - 
=== Worker 5 Training Example 849/1586 (global idx 8783): /home/projects/bagon/shared/imagenet512/val/n02089867/ILSVRC2012_val_00022913.JPEG ===
2025-09-22 11:29:48,286 - INFO - Example /home/projects/bagon/shared/imagenet512/val/n02089867/ILSVRC2012_val_00022913.JPEG reached epsilon at step 41, loss sum: 10.8139, final loss: 0.00094604, weight distance: 0.0035
2025-09-22 11:29:48,844 - INFO - Example 849 completed: 41 steps, loss sum: 10.8139, final loss: 0.00094604, weight distance: 0.0035 (universal rank: 44272)
2025-09-22 11:29:48,844 - INFO - 
=== Worker 5 Training Example 850/1586 (global idx 8784): /home/projects/bagon/shared/imagenet512/val/n01774384/ILSVRC2012_val_00030684.JPEG ===
2025-09-22 11:29:50,319 - INFO - Example /home/projects/bagon/shared/imagenet512/val/n01774384/ILSVRC2012_val_00030684.JPEG reached epsilon at step 41, loss sum: 29.8839, final loss: 0.00097656, weight distance: 0.0032
2025-09-22 11:29:50,872 - INFO - Example 850 completed: 41 steps, loss sum: 29.8839, final loss: 0.00097656, weight distance: 0.0032 (universal rank: 44273)
2025-09-22 11:29:50,872 - INFO - 
=== Worker 5 Training Example 851/1586 (global idx 8785): /home/projects/bagon/shared/imagenet512/val/n04239074/ILSVRC2012_val_00002286.JPEG ===
2025-09-22 11:29:51,936 - INFO - Example /home/projects/bagon/shared/imagenet512/val/n04239074/ILSVRC2012_val_00002286.JPEG reached epsilon at step 29, loss sum: 11.7650, final loss: 0.00095367, weight distance: 0.0027
2025-09-22 11:29:52,671 - INFO - Example 851 completed: 29 steps, loss sum: 11.7650, final loss: 0.00095367, weight distance: 0.0027 (universal rank: 44275)
2025-09-22 11:29:52,671 - INFO - 
=== Worker 5 Training Example 852/1586 (global idx 8786): /home/projects/bagon/shared/imagenet512/val/n03970156/ILSVRC2012_val_00032246.JPEG ===
2025-09-22 11:29:54,782 - INFO - Example /home/projects/bagon/shared/imagenet512/val/n03970156/ILSVRC2012_val_00032246.JPEG reached epsilon at step 56, loss sum: 27.4701, final loss: 0.00099945, weight distance: 0.0047
2025-09-22 11:29:55,348 - INFO - Example 852 completed: 56 steps, loss sum: 27.4701, final loss: 0.00099945, weight distance: 0.0047 (universal rank: 44277)
2025-09-22 11:29:55,348 - INFO - 
=== Worker 5 Training Example 853/1586 (global idx 8787): /home/projects/bagon/shared/imagenet512/val/n04560804/ILSVRC2012_val_00000286.JPEG ===
2025-09-22 11:29:57,523 - INFO - Example /home/projects/bagon/shared/imagenet512/val/n04560804/ILSVRC2012_val_00000286.JPEG reached epsilon at step 61, loss sum: 46.8009, final loss: 0.00091171, weight distance: 0.0048
2025-09-22 11:29:58,094 - INFO - Example 853 completed: 61 steps, loss sum: 46.8009, final loss: 0.00091171, weight distance: 0.0048 (universal rank: 44278)
2025-09-22 11:29:58,094 - INFO - 
=== Worker 5 Training Example 854/1586 (global idx 8788): /home/projects/bagon/shared/imagenet512/val/n03141823/ILSVRC2012_val_00002740.JPEG ===
2025-09-22 11:29:59,655 - INFO - Example /home/projects/bagon/shared/imagenet512/val/n03141823/ILSVRC2012_val_00002740.JPEG reached epsilon at step 43, loss sum: 67.3507, final loss: 0.00098419, weight distance: 0.0036
2025-09-22 11:30:00,255 - INFO - Example 854 completed: 43 steps, loss sum: 67.3507, final loss: 0.00098419, weight distance: 0.0036 (universal rank: 44279)
2025-09-22 11:30:00,256 - INFO - 
=== Worker 5 Training Example 855/1586 (global idx 8789): /home/projects/bagon/shared/imagenet512/val/n07684084/ILSVRC2012_val_00001315.JPEG ===
2025-09-22 11:30:02,196 - INFO - Example /home/projects/bagon/shared/imagenet512/val/n07684084/ILSVRC2012_val_00001315.JPEG reached epsilon at step 47, loss sum: 51.3304, final loss: 0.00062180, weight distance: 0.0042
2025-09-22 11:30:02,764 - INFO - Example 855 completed: 47 steps, loss sum: 51.3304, final loss: 0.00062180, weight distance: 0.0042 (universal rank: 44280)
2025-09-22 11:30:02,765 - INFO - 
=== Worker 5 Training Example 856/1586 (global idx 8790): /home/projects/bagon/shared/imagenet512/val/n02027492/ILSVRC2012_val_00022207.JPEG ===
2025-09-22 11:30:03,716 - INFO - Example /home/projects/bagon/shared/imagenet512/val/n02027492/ILSVRC2012_val_00022207.JPEG reached epsilon at step 26, loss sum: 3.2945, final loss: 0.00096130, weight distance: 0.0024
2025-09-22 11:30:04,266 - INFO - Example 856 completed: 26 steps, loss sum: 3.2945, final loss: 0.00096130, weight distance: 0.0024 (universal rank: 44281)
2025-09-22 11:30:04,266 - INFO - 
=== Worker 5 Training Example 857/1586 (global idx 8791): /home/projects/bagon/shared/imagenet512/val/n02837789/ILSVRC2012_val_00030509.JPEG ===
2025-09-22 11:30:05,994 - INFO - Example /home/projects/bagon/shared/imagenet512/val/n02837789/ILSVRC2012_val_00030509.JPEG reached epsilon at step 48, loss sum: 13.8844, final loss: 0.00087357, weight distance: 0.0041
2025-09-22 11:30:06,625 - INFO - Example 857 completed: 48 steps, loss sum: 13.8844, final loss: 0.00087357, weight distance: 0.0041 (universal rank: 44282)
2025-09-22 11:30:06,625 - INFO - 
=== Worker 5 Training Example 858/1586 (global idx 8792): /home/projects/bagon/shared/imagenet512/val/n04597913/ILSVRC2012_val_00041600.JPEG ===
2025-09-22 11:30:08,145 - INFO - Example /home/projects/bagon/shared/imagenet512/val/n04597913/ILSVRC2012_val_00041600.JPEG reached epsilon at step 42, loss sum: 44.5379, final loss: 0.00084305, weight distance: 0.0036
2025-09-22 11:30:08,698 - INFO - Example 858 completed: 42 steps, loss sum: 44.5379, final loss: 0.00084305, weight distance: 0.0036 (universal rank: 44283)
2025-09-22 11:30:08,698 - INFO - 
=== Worker 5 Training Example 859/1586 (global idx 8793): /home/projects/bagon/shared/imagenet512/val/n03126707/ILSVRC2012_val_00022837.JPEG ===
2025-09-22 11:30:09,897 - INFO - Example /home/projects/bagon/shared/imagenet512/val/n03126707/ILSVRC2012_val_00022837.JPEG reached epsilon at step 33, loss sum: 30.0734, final loss: 0.00099182, weight distance: 0.0031
2025-09-22 11:30:10,458 - INFO - Example 859 completed: 33 steps, loss sum: 30.0734, final loss: 0.00099182, weight distance: 0.0031 (universal rank: 44284)
2025-09-22 11:30:10,458 - INFO - 
=== Worker 5 Training Example 860/1586 (global idx 8794): /home/projects/bagon/shared/imagenet512/val/n02795169/ILSVRC2012_val_00014520.JPEG ===
2025-09-22 11:30:12,124 - INFO - Example /home/projects/bagon/shared/imagenet512/val/n02795169/ILSVRC2012_val_00014520.JPEG reached epsilon at step 46, loss sum: 47.5461, final loss: 0.00096893, weight distance: 0.0037
2025-09-22 11:30:12,730 - INFO - Example 860 completed: 46 steps, loss sum: 47.5461, final loss: 0.00096893, weight distance: 0.0037 (universal rank: 44285)
2025-09-22 11:30:12,730 - INFO - 
=== Worker 5 Training Example 861/1586 (global idx 8795): /home/projects/bagon/shared/imagenet512/val/n03992509/ILSVRC2012_val_00024380.JPEG ===
2025-09-22 11:30:13,834 - INFO - Example /home/projects/bagon/shared/imagenet512/val/n03992509/ILSVRC2012_val_00024380.JPEG reached epsilon at step 30, loss sum: 36.5949, final loss: 0.00088501, weight distance: 0.0027
2025-09-22 11:30:14,386 - INFO - Example 861 completed: 30 steps, loss sum: 36.5949, final loss: 0.00088501, weight distance: 0.0027 (universal rank: 44286)
2025-09-22 11:30:14,387 - INFO - 
=== Worker 5 Training Example 862/1586 (global idx 8796): /home/projects/bagon/shared/imagenet512/val/n07684084/ILSVRC2012_val_00006367.JPEG ===
2025-09-22 11:30:15,544 - INFO - Example /home/projects/bagon/shared/imagenet512/val/n07684084/ILSVRC2012_val_00006367.JPEG reached epsilon at step 32, loss sum: 17.0622, final loss: 0.00096512, weight distance: 0.0028
2025-09-22 11:30:16,107 - INFO - Example 862 completed: 32 steps, loss sum: 17.0622, final loss: 0.00096512, weight distance: 0.0028 (universal rank: 44287)
2025-09-22 11:30:16,107 - INFO - 
=== Worker 5 Training Example 863/1586 (global idx 8797): /home/projects/bagon/shared/imagenet512/val/n04040759/ILSVRC2012_val_00015712.JPEG ===
2025-09-22 11:30:17,208 - INFO - Example /home/projects/bagon/shared/imagenet512/val/n04040759/ILSVRC2012_val_00015712.JPEG reached epsilon at step 30, loss sum: 17.3989, final loss: 0.00087738, weight distance: 0.0028
2025-09-22 11:30:17,764 - INFO - Example 863 completed: 30 steps, loss sum: 17.3989, final loss: 0.00087738, weight distance: 0.0028 (universal rank: 44288)
2025-09-22 11:30:17,765 - INFO - 
=== Worker 5 Training Example 864/1586 (global idx 8798): /home/projects/bagon/shared/imagenet512/val/n02115641/ILSVRC2012_val_00033743.JPEG ===
2025-09-22 11:30:19,151 - INFO - Example /home/projects/bagon/shared/imagenet512/val/n02115641/ILSVRC2012_val_00033743.JPEG reached epsilon at step 38, loss sum: 15.4311, final loss: 0.00099182, weight distance: 0.0034
2025-09-22 11:30:19,707 - INFO - Example 864 completed: 38 steps, loss sum: 15.4311, final loss: 0.00099182, weight distance: 0.0034 (universal rank: 44289)
2025-09-22 11:30:19,707 - INFO - 
=== Worker 5 Training Example 865/1586 (global idx 8799): /home/projects/bagon/shared/imagenet512/val/n02087046/ILSVRC2012_val_00005639.JPEG ===
2025-09-22 11:30:21,468 - INFO - Example /home/projects/bagon/shared/imagenet512/val/n02087046/ILSVRC2012_val_00005639.JPEG reached epsilon at step 49, loss sum: 13.6471, final loss: 0.00088501, weight distance: 0.0042
2025-09-22 11:30:22,028 - INFO - Example 865 completed: 49 steps, loss sum: 13.6471, final loss: 0.00088501, weight distance: 0.0042 (universal rank: 44290)
2025-09-22 11:30:22,028 - INFO - 
=== Worker 5 Training Example 866/1586 (global idx 8800): /home/projects/bagon/shared/imagenet512/val/n01739381/ILSVRC2012_val_00036082.JPEG ===
2025-09-22 11:30:23,432 - INFO - Example /home/projects/bagon/shared/imagenet512/val/n01739381/ILSVRC2012_val_00036082.JPEG reached epsilon at step 39, loss sum: 13.3235, final loss: 0.00097275, weight distance: 0.0035
2025-09-22 11:30:23,986 - INFO - Example 866 completed: 39 steps, loss sum: 13.3235, final loss: 0.00097275, weight distance: 0.0035 (universal rank: 44293)
2025-09-22 11:30:23,986 - INFO - 
=== Worker 5 Training Example 867/1586 (global idx 8801): /home/projects/bagon/shared/imagenet512/val/n02097474/ILSVRC2012_val_00023469.JPEG ===
2025-09-22 11:30:25,679 - INFO - Example /home/projects/bagon/shared/imagenet512/val/n02097474/ILSVRC2012_val_00023469.JPEG reached epsilon at step 47, loss sum: 12.5731, final loss: 0.00091934, weight distance: 0.0040
2025-09-22 11:30:26,243 - INFO - Example 867 completed: 47 steps, loss sum: 12.5731, final loss: 0.00091934, weight distance: 0.0040 (universal rank: 44294)
2025-09-22 11:30:26,243 - INFO - 
=== Worker 5 Training Example 868/1586 (global idx 8802): /home/projects/bagon/shared/imagenet512/val/n03710637/ILSVRC2012_val_00015042.JPEG ===
2025-09-22 11:30:28,966 - INFO - Example /home/projects/bagon/shared/imagenet512/val/n03710637/ILSVRC2012_val_00015042.JPEG reached epsilon at step 77, loss sum: 19.1287, final loss: 0.00077820, weight distance: 0.0061
2025-09-22 11:30:29,521 - INFO - Example 868 completed: 77 steps, loss sum: 19.1287, final loss: 0.00077820, weight distance: 0.0061 (universal rank: 44295)
2025-09-22 11:30:29,521 - INFO - 
=== Worker 5 Training Example 869/1586 (global idx 8803): /home/projects/bagon/shared/imagenet512/val/n02815834/ILSVRC2012_val_00005508.JPEG ===
2025-09-22 11:30:31,309 - INFO - Example /home/projects/bagon/shared/imagenet512/val/n02815834/ILSVRC2012_val_00005508.JPEG reached epsilon at step 50, loss sum: 39.5070, final loss: 0.00072861, weight distance: 0.0044
2025-09-22 11:30:31,912 - INFO - Example 869 completed: 50 steps, loss sum: 39.5070, final loss: 0.00072861, weight distance: 0.0044 (universal rank: 44297)
2025-09-22 11:30:31,912 - INFO - 
=== Worker 5 Training Example 870/1586 (global idx 8804): /home/projects/bagon/shared/imagenet512/val/n03775071/ILSVRC2012_val_00008503.JPEG ===
2025-09-22 11:30:33,655 - INFO - Example /home/projects/bagon/shared/imagenet512/val/n03775071/ILSVRC2012_val_00008503.JPEG reached epsilon at step 49, loss sum: 62.2844, final loss: 0.00088501, weight distance: 0.0045
2025-09-22 11:30:34,225 - INFO - Example 870 completed: 49 steps, loss sum: 62.2844, final loss: 0.00088501, weight distance: 0.0045 (universal rank: 44298)
2025-09-22 11:30:34,225 - INFO - 
=== Worker 5 Training Example 871/1586 (global idx 8805): /home/projects/bagon/shared/imagenet512/val/n03089624/ILSVRC2012_val_00006745.JPEG ===
2025-09-22 11:30:35,432 - INFO - Example /home/projects/bagon/shared/imagenet512/val/n03089624/ILSVRC2012_val_00006745.JPEG reached epsilon at step 33, loss sum: 14.4785, final loss: 0.00099945, weight distance: 0.0031
2025-09-22 11:30:35,980 - INFO - Example 871 completed: 33 steps, loss sum: 14.4785, final loss: 0.00099945, weight distance: 0.0031 (universal rank: 44299)
2025-09-22 11:30:35,980 - INFO - 
=== Worker 5 Training Example 872/1586 (global idx 8806): /home/projects/bagon/shared/imagenet512/val/n01697457/ILSVRC2012_val_00013072.JPEG ===
2025-09-22 11:30:37,326 - INFO - Example /home/projects/bagon/shared/imagenet512/val/n01697457/ILSVRC2012_val_00013072.JPEG reached epsilon at step 37, loss sum: 33.4203, final loss: 0.00083923, weight distance: 0.0032
2025-09-22 11:30:37,879 - INFO - Example 872 completed: 37 steps, loss sum: 33.4203, final loss: 0.00083923, weight distance: 0.0032 (universal rank: 44300)
2025-09-22 11:30:37,879 - INFO - 
=== Worker 5 Training Example 873/1586 (global idx 8807): /home/projects/bagon/shared/imagenet512/val/n04141975/ILSVRC2012_val_00013746.JPEG ===
2025-09-22 11:30:39,219 - INFO - Example /home/projects/bagon/shared/imagenet512/val/n04141975/ILSVRC2012_val_00013746.JPEG reached epsilon at step 37, loss sum: 50.7921, final loss: 0.00098419, weight distance: 0.0033
2025-09-22 11:30:39,763 - INFO - Example 873 completed: 37 steps, loss sum: 50.7921, final loss: 0.00098419, weight distance: 0.0033 (universal rank: 44301)
2025-09-22 11:30:39,763 - INFO - 
=== Worker 5 Training Example 874/1586 (global idx 8808): /home/projects/bagon/shared/imagenet512/val/n04238763/ILSVRC2012_val_00026669.JPEG ===
2025-09-22 11:30:41,448 - INFO - Example /home/projects/bagon/shared/imagenet512/val/n04238763/ILSVRC2012_val_00026669.JPEG reached epsilon at step 47, loss sum: 67.9403, final loss: 0.00074387, weight distance: 0.0042
2025-09-22 11:30:42,005 - INFO - Example 874 completed: 47 steps, loss sum: 67.9403, final loss: 0.00074387, weight distance: 0.0042 (universal rank: 44302)
2025-09-22 11:30:42,005 - INFO - 
=== Worker 5 Training Example 875/1586 (global idx 8809): /home/projects/bagon/shared/imagenet512/val/n04127249/ILSVRC2012_val_00047947.JPEG ===
2025-09-22 11:30:43,922 - INFO - Example /home/projects/bagon/shared/imagenet512/val/n04127249/ILSVRC2012_val_00047947.JPEG reached epsilon at step 54, loss sum: 96.4557, final loss: 0.00088501, weight distance: 0.0047
2025-09-22 11:30:44,479 - INFO - Example 875 completed: 54 steps, loss sum: 96.4557, final loss: 0.00088501, weight distance: 0.0047 (universal rank: 44303)
2025-09-22 11:30:44,479 - INFO - 
=== Worker 5 Training Example 876/1586 (global idx 8810): /home/projects/bagon/shared/imagenet512/val/n13054560/ILSVRC2012_val_00048003.JPEG ===
2025-09-22 11:30:45,807 - INFO - Example /home/projects/bagon/shared/imagenet512/val/n13054560/ILSVRC2012_val_00048003.JPEG reached epsilon at step 37, loss sum: 43.1328, final loss: 0.00098419, weight distance: 0.0034
2025-09-22 11:30:46,366 - INFO - Example 876 completed: 37 steps, loss sum: 43.1328, final loss: 0.00098419, weight distance: 0.0034 (universal rank: 44304)
2025-09-22 11:30:46,367 - INFO - 
=== Worker 5 Training Example 877/1586 (global idx 8811): /home/projects/bagon/shared/imagenet512/val/n02114367/ILSVRC2012_val_00015465.JPEG ===
2025-09-22 11:30:47,600 - INFO - Example /home/projects/bagon/shared/imagenet512/val/n02114367/ILSVRC2012_val_00015465.JPEG reached epsilon at step 34, loss sum: 6.3777, final loss: 0.00087738, weight distance: 0.0030
2025-09-22 11:30:48,191 - INFO - Example 877 completed: 34 steps, loss sum: 6.3777, final loss: 0.00087738, weight distance: 0.0030 (universal rank: 44305)
2025-09-22 11:30:48,191 - INFO - 
=== Worker 5 Training Example 878/1586 (global idx 8812): /home/projects/bagon/shared/imagenet512/val/n07716906/ILSVRC2012_val_00014623.JPEG ===
2025-09-22 11:30:49,469 - INFO - Example /home/projects/bagon/shared/imagenet512/val/n07716906/ILSVRC2012_val_00014623.JPEG reached epsilon at step 35, loss sum: 25.6152, final loss: 0.00082016, weight distance: 0.0032
2025-09-22 11:30:50,012 - INFO - Example 878 completed: 35 steps, loss sum: 25.6152, final loss: 0.00082016, weight distance: 0.0032 (universal rank: 44306)
2025-09-22 11:30:50,012 - INFO - 
=== Worker 5 Training Example 879/1586 (global idx 8813): /home/projects/bagon/shared/imagenet512/val/n01665541/ILSVRC2012_val_00010843.JPEG ===
2025-09-22 11:30:51,856 - INFO - Example /home/projects/bagon/shared/imagenet512/val/n01665541/ILSVRC2012_val_00010843.JPEG reached epsilon at step 52, loss sum: 46.8308, final loss: 0.00090408, weight distance: 0.0043
2025-09-22 11:30:52,411 - INFO - Example 879 completed: 52 steps, loss sum: 46.8308, final loss: 0.00090408, weight distance: 0.0043 (universal rank: 44307)
2025-09-22 11:30:52,411 - INFO - 
=== Worker 5 Training Example 880/1586 (global idx 8814): /home/projects/bagon/shared/imagenet512/val/n03871628/ILSVRC2012_val_00008709.JPEG ===
2025-09-22 11:30:53,846 - INFO - Example /home/projects/bagon/shared/imagenet512/val/n03871628/ILSVRC2012_val_00008709.JPEG reached epsilon at step 40, loss sum: 20.2038, final loss: 0.00094986, weight distance: 0.0036
2025-09-22 11:30:54,475 - INFO - Example 880 completed: 40 steps, loss sum: 20.2038, final loss: 0.00094986, weight distance: 0.0036 (universal rank: 44309)
2025-09-22 11:30:54,476 - INFO - 
=== Worker 5 Training Example 881/1586 (global idx 8815): /home/projects/bagon/shared/imagenet512/val/n02708093/ILSVRC2012_val_00017378.JPEG ===
2025-09-22 11:30:55,883 - INFO - Example /home/projects/bagon/shared/imagenet512/val/n02708093/ILSVRC2012_val_00017378.JPEG reached epsilon at step 39, loss sum: 10.3854, final loss: 0.00090027, weight distance: 0.0034
2025-09-22 11:30:56,429 - INFO - Example 881 completed: 39 steps, loss sum: 10.3854, final loss: 0.00090027, weight distance: 0.0034 (universal rank: 44311)
2025-09-22 11:30:56,429 - INFO - 
=== Worker 5 Training Example 882/1586 (global idx 8816): /home/projects/bagon/shared/imagenet512/val/n02395406/ILSVRC2012_val_00018004.JPEG ===
2025-09-22 11:30:57,948 - INFO - Example /home/projects/bagon/shared/imagenet512/val/n02395406/ILSVRC2012_val_00018004.JPEG reached epsilon at step 42, loss sum: 64.8450, final loss: 0.00083160, weight distance: 0.0033
2025-09-22 11:30:58,525 - INFO - Example 882 completed: 42 steps, loss sum: 64.8450, final loss: 0.00083160, weight distance: 0.0033 (universal rank: 44312)
2025-09-22 11:30:58,526 - INFO - 
=== Worker 5 Training Example 883/1586 (global idx 8817): /home/projects/bagon/shared/imagenet512/val/n04350905/ILSVRC2012_val_00030610.JPEG ===
2025-09-22 11:31:00,778 - INFO - Example /home/projects/bagon/shared/imagenet512/val/n04350905/ILSVRC2012_val_00030610.JPEG reached epsilon at step 63, loss sum: 69.9939, final loss: 0.00089645, weight distance: 0.0052
2025-09-22 11:31:01,340 - INFO - Example 883 completed: 63 steps, loss sum: 69.9939, final loss: 0.00089645, weight distance: 0.0052 (universal rank: 44313)
2025-09-22 11:31:01,341 - INFO - 
=== Worker 5 Training Example 884/1586 (global idx 8818): /home/projects/bagon/shared/imagenet512/val/n02497673/ILSVRC2012_val_00032585.JPEG ===
2025-09-22 11:31:02,326 - INFO - Example /home/projects/bagon/shared/imagenet512/val/n02497673/ILSVRC2012_val_00032585.JPEG reached epsilon at step 27, loss sum: 10.4301, final loss: 0.00090408, weight distance: 0.0024
2025-09-22 11:31:02,881 - INFO - Example 884 completed: 27 steps, loss sum: 10.4301, final loss: 0.00090408, weight distance: 0.0024 (universal rank: 44314)
2025-09-22 11:31:02,881 - INFO - 
=== Worker 5 Training Example 885/1586 (global idx 8819): /home/projects/bagon/shared/imagenet512/val/n04591157/ILSVRC2012_val_00010905.JPEG ===
2025-09-22 11:31:04,719 - INFO - Example /home/projects/bagon/shared/imagenet512/val/n04591157/ILSVRC2012_val_00010905.JPEG reached epsilon at step 51, loss sum: 145.4792, final loss: 0.00075531, weight distance: 0.0043
2025-09-22 11:31:05,274 - INFO - Example 885 completed: 51 steps, loss sum: 145.4792, final loss: 0.00075531, weight distance: 0.0043 (universal rank: 44317)
2025-09-22 11:31:05,274 - INFO - 
=== Worker 5 Training Example 886/1586 (global idx 8820): /home/projects/bagon/shared/imagenet512/val/n02066245/ILSVRC2012_val_00034218.JPEG ===
2025-09-22 11:31:06,835 - INFO - Example /home/projects/bagon/shared/imagenet512/val/n02066245/ILSVRC2012_val_00034218.JPEG reached epsilon at step 43, loss sum: 85.4946, final loss: 0.00090790, weight distance: 0.0037
2025-09-22 11:31:07,392 - INFO - Example 886 completed: 43 steps, loss sum: 85.4946, final loss: 0.00090790, weight distance: 0.0037 (universal rank: 44318)
2025-09-22 11:31:07,392 - INFO - 
=== Worker 5 Training Example 887/1586 (global idx 8821): /home/projects/bagon/shared/imagenet512/val/n07873807/ILSVRC2012_val_00016614.JPEG ===
2025-09-22 11:31:08,653 - INFO - Example /home/projects/bagon/shared/imagenet512/val/n07873807/ILSVRC2012_val_00016614.JPEG reached epsilon at step 35, loss sum: 29.5332, final loss: 0.00099945, weight distance: 0.0033
2025-09-22 11:31:09,207 - INFO - Example 887 completed: 35 steps, loss sum: 29.5332, final loss: 0.00099945, weight distance: 0.0033 (universal rank: 44319)
2025-09-22 11:31:09,207 - INFO - 
=== Worker 5 Training Example 888/1586 (global idx 8822): /home/projects/bagon/shared/imagenet512/val/n02860847/ILSVRC2012_val_00018212.JPEG ===
2025-09-22 11:31:09,996 - INFO - Example /home/projects/bagon/shared/imagenet512/val/n02860847/ILSVRC2012_val_00018212.JPEG reached epsilon at step 21, loss sum: 6.8390, final loss: 0.00082397, weight distance: 0.0020
2025-09-22 11:31:10,550 - INFO - Example 888 completed: 21 steps, loss sum: 6.8390, final loss: 0.00082397, weight distance: 0.0020 (universal rank: 44320)
2025-09-22 11:31:10,550 - INFO - 
=== Worker 5 Training Example 889/1586 (global idx 8823): /home/projects/bagon/shared/imagenet512/val/n02981792/ILSVRC2012_val_00043754.JPEG ===
2025-09-22 11:31:12,214 - INFO - Example /home/projects/bagon/shared/imagenet512/val/n02981792/ILSVRC2012_val_00043754.JPEG reached epsilon at step 46, loss sum: 10.8168, final loss: 0.00082779, weight distance: 0.0040
2025-09-22 11:31:12,769 - INFO - Example 889 completed: 46 steps, loss sum: 10.8168, final loss: 0.00082779, weight distance: 0.0040 (universal rank: 44321)
2025-09-22 11:31:12,769 - INFO - 
=== Worker 5 Training Example 890/1586 (global idx 8824): /home/projects/bagon/shared/imagenet512/val/n01688243/ILSVRC2012_val_00017338.JPEG ===
2025-09-22 11:31:14,190 - INFO - Example /home/projects/bagon/shared/imagenet512/val/n01688243/ILSVRC2012_val_00017338.JPEG reached epsilon at step 39, loss sum: 30.9043, final loss: 0.00081635, weight distance: 0.0035
2025-09-22 11:31:14,765 - INFO - Example 890 completed: 39 steps, loss sum: 30.9043, final loss: 0.00081635, weight distance: 0.0035 (universal rank: 44322)
2025-09-22 11:31:14,765 - INFO - 
=== Worker 5 Training Example 891/1586 (global idx 8825): /home/projects/bagon/shared/imagenet512/val/n03041632/ILSVRC2012_val_00026505.JPEG ===
2025-09-22 11:31:16,268 - INFO - Example /home/projects/bagon/shared/imagenet512/val/n03041632/ILSVRC2012_val_00026505.JPEG reached epsilon at step 42, loss sum: 40.7294, final loss: 0.00082016, weight distance: 0.0035
2025-09-22 11:31:16,822 - INFO - Example 891 completed: 42 steps, loss sum: 40.7294, final loss: 0.00082016, weight distance: 0.0035 (universal rank: 44323)
2025-09-22 11:31:16,822 - INFO - 
=== Worker 5 Training Example 892/1586 (global idx 8826): /home/projects/bagon/shared/imagenet512/val/n02111500/ILSVRC2012_val_00021840.JPEG ===
2025-09-22 11:31:18,616 - INFO - Example /home/projects/bagon/shared/imagenet512/val/n02111500/ILSVRC2012_val_00021840.JPEG reached epsilon at step 50, loss sum: 34.5855, final loss: 0.00075912, weight distance: 0.0039
2025-09-22 11:31:19,171 - INFO - Example 892 completed: 50 steps, loss sum: 34.5855, final loss: 0.00075912, weight distance: 0.0039 (universal rank: 44324)
2025-09-22 11:31:19,172 - INFO - 
=== Worker 5 Training Example 893/1586 (global idx 8827): /home/projects/bagon/shared/imagenet512/val/n01514668/ILSVRC2012_val_00022248.JPEG ===
2025-09-22 11:31:20,669 - INFO - Example /home/projects/bagon/shared/imagenet512/val/n01514668/ILSVRC2012_val_00022248.JPEG reached epsilon at step 42, loss sum: 21.0870, final loss: 0.00090027, weight distance: 0.0038
2025-09-22 11:31:21,220 - INFO - Example 893 completed: 42 steps, loss sum: 21.0870, final loss: 0.00090027, weight distance: 0.0038 (universal rank: 44325)
2025-09-22 11:31:21,220 - INFO - 
=== Worker 5 Training Example 894/1586 (global idx 8828): /home/projects/bagon/shared/imagenet512/val/n13133613/ILSVRC2012_val_00012688.JPEG ===
2025-09-22 11:31:23,631 - INFO - Example /home/projects/bagon/shared/imagenet512/val/n13133613/ILSVRC2012_val_00012688.JPEG reached epsilon at step 67, loss sum: 81.5975, final loss: 0.00073242, weight distance: 0.0056
2025-09-22 11:31:24,286 - INFO - Example 894 completed: 67 steps, loss sum: 81.5975, final loss: 0.00073242, weight distance: 0.0056 (universal rank: 44326)
2025-09-22 11:31:24,286 - INFO - 
=== Worker 5 Training Example 895/1586 (global idx 8829): /home/projects/bagon/shared/imagenet512/val/n03196217/ILSVRC2012_val_00025849.JPEG ===
2025-09-22 11:31:26,535 - INFO - Example /home/projects/bagon/shared/imagenet512/val/n03196217/ILSVRC2012_val_00025849.JPEG reached epsilon at step 63, loss sum: 30.5060, final loss: 0.00091553, weight distance: 0.0045
2025-09-22 11:31:27,091 - INFO - Example 895 completed: 63 steps, loss sum: 30.5060, final loss: 0.00091553, weight distance: 0.0045 (universal rank: 44328)
2025-09-22 11:31:27,091 - INFO - 
=== Worker 5 Training Example 896/1586 (global idx 8830): /home/projects/bagon/shared/imagenet512/val/n03956157/ILSVRC2012_val_00042681.JPEG ===
2025-09-22 11:31:28,329 - INFO - Example /home/projects/bagon/shared/imagenet512/val/n03956157/ILSVRC2012_val_00042681.JPEG reached epsilon at step 34, loss sum: 9.3028, final loss: 0.00088501, weight distance: 0.0029
2025-09-22 11:31:28,875 - INFO - Example 896 completed: 34 steps, loss sum: 9.3028, final loss: 0.00088501, weight distance: 0.0029 (universal rank: 44329)
2025-09-22 11:31:28,875 - INFO - 
=== Worker 5 Training Example 897/1586 (global idx 8831): /home/projects/bagon/shared/imagenet512/val/n02504013/ILSVRC2012_val_00049425.JPEG ===
2025-09-22 11:31:30,254 - INFO - Example /home/projects/bagon/shared/imagenet512/val/n02504013/ILSVRC2012_val_00049425.JPEG reached epsilon at step 38, loss sum: 9.7897, final loss: 0.00085068, weight distance: 0.0032
2025-09-22 11:31:30,801 - INFO - Example 897 completed: 38 steps, loss sum: 9.7897, final loss: 0.00085068, weight distance: 0.0032 (universal rank: 44331)
2025-09-22 11:31:30,801 - INFO - 
=== Worker 5 Training Example 898/1586 (global idx 8832): /home/projects/bagon/shared/imagenet512/val/n02504013/ILSVRC2012_val_00034035.JPEG ===
2025-09-22 11:31:32,601 - INFO - Example /home/projects/bagon/shared/imagenet512/val/n02504013/ILSVRC2012_val_00034035.JPEG reached epsilon at step 50, loss sum: 19.0819, final loss: 0.00091171, weight distance: 0.0036
2025-09-22 11:31:33,156 - INFO - Example 898 completed: 50 steps, loss sum: 19.0819, final loss: 0.00091171, weight distance: 0.0036 (universal rank: 44332)
2025-09-22 11:31:33,156 - INFO - 
=== Worker 5 Training Example 899/1586 (global idx 8833): /home/projects/bagon/shared/imagenet512/val/n02106030/ILSVRC2012_val_00037075.JPEG ===
2025-09-22 11:31:35,478 - INFO - Example /home/projects/bagon/shared/imagenet512/val/n02106030/ILSVRC2012_val_00037075.JPEG reached epsilon at step 65, loss sum: 19.4481, final loss: 0.00099182, weight distance: 0.0050
2025-09-22 11:31:36,029 - INFO - Example 899 completed: 65 steps, loss sum: 19.4481, final loss: 0.00099182, weight distance: 0.0050 (universal rank: 44333)
2025-09-22 11:31:36,029 - INFO - 
=== Worker 5 Training Example 900/1586 (global idx 8834): /home/projects/bagon/shared/imagenet512/val/n01737021/ILSVRC2012_val_00004182.JPEG ===
2025-09-22 11:31:36,909 - INFO - Example /home/projects/bagon/shared/imagenet512/val/n01737021/ILSVRC2012_val_00004182.JPEG reached epsilon at step 23, loss sum: 12.1712, final loss: 0.00093842, weight distance: 0.0022
2025-09-22 11:31:37,459 - INFO - Example 900 completed: 23 steps, loss sum: 12.1712, final loss: 0.00093842, weight distance: 0.0022 (universal rank: 44334)
2025-09-22 11:31:37,459 - INFO - 
=== Worker 5 Training Example 901/1586 (global idx 8835): /home/projects/bagon/shared/imagenet512/val/n03594945/ILSVRC2012_val_00009983.JPEG ===
2025-09-22 11:31:38,722 - INFO - Example /home/projects/bagon/shared/imagenet512/val/n03594945/ILSVRC2012_val_00009983.JPEG reached epsilon at step 35, loss sum: 20.9754, final loss: 0.00087357, weight distance: 0.0031
2025-09-22 11:31:39,279 - INFO - Example 901 completed: 35 steps, loss sum: 20.9754, final loss: 0.00087357, weight distance: 0.0031 (universal rank: 44336)
2025-09-22 11:31:39,279 - INFO - 
=== Worker 5 Training Example 902/1586 (global idx 8836): /home/projects/bagon/shared/imagenet512/val/n04208210/ILSVRC2012_val_00019122.JPEG ===
2025-09-22 11:31:40,851 - INFO - Example /home/projects/bagon/shared/imagenet512/val/n04208210/ILSVRC2012_val_00019122.JPEG reached epsilon at step 44, loss sum: 66.0852, final loss: 0.00058746, weight distance: 0.0039
2025-09-22 11:31:41,402 - INFO - Example 902 completed: 44 steps, loss sum: 66.0852, final loss: 0.00058746, weight distance: 0.0039 (universal rank: 44337)
2025-09-22 11:31:41,402 - INFO - 
=== Worker 5 Training Example 903/1586 (global idx 8837): /home/projects/bagon/shared/imagenet512/val/n02442845/ILSVRC2012_val_00049780.JPEG ===
2025-09-22 11:31:42,792 - INFO - Example /home/projects/bagon/shared/imagenet512/val/n02442845/ILSVRC2012_val_00049780.JPEG reached epsilon at step 38, loss sum: 92.2509, final loss: 0.00069427, weight distance: 0.0029
2025-09-22 11:31:43,336 - INFO - Example 903 completed: 38 steps, loss sum: 92.2509, final loss: 0.00069427, weight distance: 0.0029 (universal rank: 44338)
2025-09-22 11:31:43,336 - INFO - 
=== Worker 5 Training Example 904/1586 (global idx 8838): /home/projects/bagon/shared/imagenet512/val/n02443114/ILSVRC2012_val_00009881.JPEG ===
2025-09-22 11:31:45,277 - INFO - Example /home/projects/bagon/shared/imagenet512/val/n02443114/ILSVRC2012_val_00009881.JPEG reached epsilon at step 54, loss sum: 6.3525, final loss: 0.00091553, weight distance: 0.0044
2025-09-22 11:31:45,830 - INFO - Example 904 completed: 54 steps, loss sum: 6.3525, final loss: 0.00091553, weight distance: 0.0044 (universal rank: 44339)
2025-09-22 11:31:45,830 - INFO - 
=== Worker 5 Training Example 905/1586 (global idx 8839): /home/projects/bagon/shared/imagenet512/val/n02099429/ILSVRC2012_val_00014766.JPEG ===
2025-09-22 11:31:48,632 - INFO - Example /home/projects/bagon/shared/imagenet512/val/n02099429/ILSVRC2012_val_00014766.JPEG reached epsilon at step 79, loss sum: 104.5728, final loss: 0.00092697, weight distance: 0.0058
2025-09-22 11:31:49,184 - INFO - Example 905 completed: 79 steps, loss sum: 104.5728, final loss: 0.00092697, weight distance: 0.0058 (universal rank: 44340)
2025-09-22 11:31:49,184 - INFO - 
=== Worker 5 Training Example 906/1586 (global idx 8840): /home/projects/bagon/shared/imagenet512/val/n01744401/ILSVRC2012_val_00040824.JPEG ===
2025-09-22 11:31:51,190 - INFO - Example /home/projects/bagon/shared/imagenet512/val/n01744401/ILSVRC2012_val_00040824.JPEG reached epsilon at step 56, loss sum: 53.0648, final loss: 0.00094986, weight distance: 0.0045
2025-09-22 11:31:51,752 - INFO - Example 906 completed: 56 steps, loss sum: 53.0648, final loss: 0.00094986, weight distance: 0.0045 (universal rank: 44342)
2025-09-22 11:31:51,752 - INFO - 
=== Worker 5 Training Example 907/1586 (global idx 8841): /home/projects/bagon/shared/imagenet512/val/n03720891/ILSVRC2012_val_00009143.JPEG ===
2025-09-22 11:31:53,029 - INFO - Example /home/projects/bagon/shared/imagenet512/val/n03720891/ILSVRC2012_val_00009143.JPEG reached epsilon at step 35, loss sum: 17.4010, final loss: 0.00095367, weight distance: 0.0033
2025-09-22 11:31:53,595 - INFO - Example 907 completed: 35 steps, loss sum: 17.4010, final loss: 0.00095367, weight distance: 0.0033 (universal rank: 44343)
2025-09-22 11:31:53,595 - INFO - 
=== Worker 5 Training Example 908/1586 (global idx 8842): /home/projects/bagon/shared/imagenet512/val/n03452741/ILSVRC2012_val_00010946.JPEG ===
2025-09-22 11:31:54,982 - INFO - Example /home/projects/bagon/shared/imagenet512/val/n03452741/ILSVRC2012_val_00010946.JPEG reached epsilon at step 38, loss sum: 28.0452, final loss: 0.00077057, weight distance: 0.0033
2025-09-22 11:31:55,550 - INFO - Example 908 completed: 38 steps, loss sum: 28.0452, final loss: 0.00077057, weight distance: 0.0033 (universal rank: 44344)
2025-09-22 11:31:55,550 - INFO - 
=== Worker 5 Training Example 909/1586 (global idx 8843): /home/projects/bagon/shared/imagenet512/val/n04026417/ILSVRC2012_val_00004461.JPEG ===
2025-09-22 11:31:56,937 - INFO - Example /home/projects/bagon/shared/imagenet512/val/n04026417/ILSVRC2012_val_00004461.JPEG reached epsilon at step 38, loss sum: 11.4742, final loss: 0.00086975, weight distance: 0.0034
2025-09-22 11:31:57,489 - INFO - Example 909 completed: 38 steps, loss sum: 11.4742, final loss: 0.00086975, weight distance: 0.0034 (universal rank: 44345)
2025-09-22 11:31:57,489 - INFO - 
=== Worker 5 Training Example 910/1586 (global idx 8844): /home/projects/bagon/shared/imagenet512/val/n02894605/ILSVRC2012_val_00019238.JPEG ===
2025-09-22 11:31:59,136 - INFO - Example /home/projects/bagon/shared/imagenet512/val/n02894605/ILSVRC2012_val_00019238.JPEG reached epsilon at step 46, loss sum: 32.4632, final loss: 0.00076675, weight distance: 0.0039
2025-09-22 11:31:59,683 - INFO - Example 910 completed: 46 steps, loss sum: 32.4632, final loss: 0.00076675, weight distance: 0.0039 (universal rank: 44352)
2025-09-22 11:31:59,683 - INFO - 
=== Worker 5 Training Example 911/1586 (global idx 8845): /home/projects/bagon/shared/imagenet512/val/n03400231/ILSVRC2012_val_00039653.JPEG ===
2025-09-22 11:32:02,048 - INFO - Example /home/projects/bagon/shared/imagenet512/val/n03400231/ILSVRC2012_val_00039653.JPEG reached epsilon at step 66, loss sum: 84.9229, final loss: 0.00077057, weight distance: 0.0051
2025-09-22 11:32:02,605 - INFO - Example 911 completed: 66 steps, loss sum: 84.9229, final loss: 0.00077057, weight distance: 0.0051 (universal rank: 44353)
2025-09-22 11:32:02,605 - INFO - 
=== Worker 5 Training Example 912/1586 (global idx 8846): /home/projects/bagon/shared/imagenet512/val/n03876231/ILSVRC2012_val_00018290.JPEG ===
2025-09-22 11:32:04,160 - INFO - Example /home/projects/bagon/shared/imagenet512/val/n03876231/ILSVRC2012_val_00018290.JPEG reached epsilon at step 43, loss sum: 53.5104, final loss: 0.00065613, weight distance: 0.0038
2025-09-22 11:32:04,713 - INFO - Example 912 completed: 43 steps, loss sum: 53.5104, final loss: 0.00065613, weight distance: 0.0038 (universal rank: 44354)
2025-09-22 11:32:04,713 - INFO - 
=== Worker 5 Training Example 913/1586 (global idx 8847): /home/projects/bagon/shared/imagenet512/val/n04118538/ILSVRC2012_val_00008802.JPEG ===
2025-09-22 11:32:06,033 - INFO - Example /home/projects/bagon/shared/imagenet512/val/n04118538/ILSVRC2012_val_00008802.JPEG reached epsilon at step 36, loss sum: 36.8383, final loss: 0.00068283, weight distance: 0.0034
2025-09-22 11:32:06,673 - INFO - Example 913 completed: 36 steps, loss sum: 36.8383, final loss: 0.00068283, weight distance: 0.0034 (universal rank: 44355)
2025-09-22 11:32:06,673 - INFO - 
=== Worker 5 Training Example 914/1586 (global idx 8848): /home/projects/bagon/shared/imagenet512/val/n02906734/ILSVRC2012_val_00030331.JPEG ===
2025-09-22 11:32:08,299 - INFO - Example /home/projects/bagon/shared/imagenet512/val/n02906734/ILSVRC2012_val_00030331.JPEG reached epsilon at step 45, loss sum: 95.5374, final loss: 0.00079727, weight distance: 0.0041
2025-09-22 11:32:08,860 - INFO - Example 914 completed: 45 steps, loss sum: 95.5374, final loss: 0.00079727, weight distance: 0.0041 (universal rank: 44356)
2025-09-22 11:32:08,861 - INFO - 
=== Worker 5 Training Example 915/1586 (global idx 8849): /home/projects/bagon/shared/imagenet512/val/n02640242/ILSVRC2012_val_00001669.JPEG ===
2025-09-22 11:32:09,988 - INFO - Example /home/projects/bagon/shared/imagenet512/val/n02640242/ILSVRC2012_val_00001669.JPEG reached epsilon at step 31, loss sum: 33.0108, final loss: 0.00080109, weight distance: 0.0028
2025-09-22 11:32:10,557 - INFO - Example 915 completed: 31 steps, loss sum: 33.0108, final loss: 0.00080109, weight distance: 0.0028 (universal rank: 44357)
2025-09-22 11:32:10,557 - INFO - 
=== Worker 5 Training Example 916/1586 (global idx 8850): /home/projects/bagon/shared/imagenet512/val/n01744401/ILSVRC2012_val_00004499.JPEG ===
2025-09-22 11:32:12,332 - INFO - Example /home/projects/bagon/shared/imagenet512/val/n01744401/ILSVRC2012_val_00004499.JPEG reached epsilon at step 49, loss sum: 35.7861, final loss: 0.00088120, weight distance: 0.0041
2025-09-22 11:32:12,892 - INFO - Example 916 completed: 49 steps, loss sum: 35.7861, final loss: 0.00088120, weight distance: 0.0041 (universal rank: 44358)
2025-09-22 11:32:12,892 - INFO - 
=== Worker 5 Training Example 917/1586 (global idx 8851): /home/projects/bagon/shared/imagenet512/val/n03781244/ILSVRC2012_val_00011838.JPEG ===
2025-09-22 11:32:14,299 - INFO - Example /home/projects/bagon/shared/imagenet512/val/n03781244/ILSVRC2012_val_00011838.JPEG reached epsilon at step 39, loss sum: 17.2605, final loss: 0.00085831, weight distance: 0.0033
2025-09-22 11:32:14,857 - INFO - Example 917 completed: 39 steps, loss sum: 17.2605, final loss: 0.00085831, weight distance: 0.0033 (universal rank: 44359)
2025-09-22 11:32:14,857 - INFO - 
=== Worker 5 Training Example 918/1586 (global idx 8852): /home/projects/bagon/shared/imagenet512/val/n03443371/ILSVRC2012_val_00025255.JPEG ===
2025-09-22 11:32:16,534 - INFO - Example /home/projects/bagon/shared/imagenet512/val/n03443371/ILSVRC2012_val_00025255.JPEG reached epsilon at step 47, loss sum: 30.6100, final loss: 0.00074005, weight distance: 0.0039
2025-09-22 11:32:17,090 - INFO - Example 918 completed: 47 steps, loss sum: 30.6100, final loss: 0.00074005, weight distance: 0.0039 (universal rank: 44360)
2025-09-22 11:32:17,090 - INFO - 
=== Worker 5 Training Example 919/1586 (global idx 8853): /home/projects/bagon/shared/imagenet512/val/n07716358/ILSVRC2012_val_00018817.JPEG ===
2025-09-22 11:32:18,881 - INFO - Example /home/projects/bagon/shared/imagenet512/val/n07716358/ILSVRC2012_val_00018817.JPEG reached epsilon at step 50, loss sum: 19.9527, final loss: 0.00084686, weight distance: 0.0043
2025-09-22 11:32:19,485 - INFO - Example 919 completed: 50 steps, loss sum: 19.9527, final loss: 0.00084686, weight distance: 0.0043 (universal rank: 44361)
2025-09-22 11:32:19,485 - INFO - 
=== Worker 5 Training Example 920/1586 (global idx 8854): /home/projects/bagon/shared/imagenet512/val/n02704792/ILSVRC2012_val_00005964.JPEG ===
2025-09-22 11:32:20,654 - INFO - Example /home/projects/bagon/shared/imagenet512/val/n02704792/ILSVRC2012_val_00005964.JPEG reached epsilon at step 32, loss sum: 16.4488, final loss: 0.00077438, weight distance: 0.0029
2025-09-22 11:32:21,258 - INFO - Example 920 completed: 32 steps, loss sum: 16.4488, final loss: 0.00077438, weight distance: 0.0029 (universal rank: 44362)
2025-09-22 11:32:21,258 - INFO - 
=== Worker 5 Training Example 921/1586 (global idx 8855): /home/projects/bagon/shared/imagenet512/val/n02089973/ILSVRC2012_val_00020403.JPEG ===
2025-09-22 11:32:23,416 - INFO - Example /home/projects/bagon/shared/imagenet512/val/n02089973/ILSVRC2012_val_00020403.JPEG reached epsilon at step 60, loss sum: 29.0160, final loss: 0.00097656, weight distance: 0.0047
2025-09-22 11:32:23,981 - INFO - Example 921 completed: 60 steps, loss sum: 29.0160, final loss: 0.00097656, weight distance: 0.0047 (universal rank: 44363)
2025-09-22 11:32:23,982 - INFO - 
=== Worker 5 Training Example 922/1586 (global idx 8856): /home/projects/bagon/shared/imagenet512/val/n02113712/ILSVRC2012_val_00002460.JPEG ===
2025-09-22 11:32:25,766 - INFO - Example /home/projects/bagon/shared/imagenet512/val/n02113712/ILSVRC2012_val_00002460.JPEG reached epsilon at step 50, loss sum: 9.6800, final loss: 0.00092697, weight distance: 0.0044
2025-09-22 11:32:26,325 - INFO - Example 922 completed: 50 steps, loss sum: 9.6800, final loss: 0.00092697, weight distance: 0.0044 (universal rank: 44364)
2025-09-22 11:32:26,325 - INFO - 
=== Worker 5 Training Example 923/1586 (global idx 8857): /home/projects/bagon/shared/imagenet512/val/n04423845/ILSVRC2012_val_00036153.JPEG ===
2025-09-22 11:32:28,644 - INFO - Example /home/projects/bagon/shared/imagenet512/val/n04423845/ILSVRC2012_val_00036153.JPEG reached epsilon at step 65, loss sum: 55.9752, final loss: 0.00093460, weight distance: 0.0053
2025-09-22 11:32:29,198 - INFO - Example 923 completed: 65 steps, loss sum: 55.9752, final loss: 0.00093460, weight distance: 0.0053 (universal rank: 44367)
2025-09-22 11:32:29,198 - INFO - 
=== Worker 5 Training Example 924/1586 (global idx 8858): /home/projects/bagon/shared/imagenet512/val/n02233338/ILSVRC2012_val_00036832.JPEG ===
2025-09-22 11:32:30,364 - INFO - Example /home/projects/bagon/shared/imagenet512/val/n02233338/ILSVRC2012_val_00036832.JPEG reached epsilon at step 32, loss sum: 25.7800, final loss: 0.00077820, weight distance: 0.0028
2025-09-22 11:32:30,933 - INFO - Example 924 completed: 32 steps, loss sum: 25.7800, final loss: 0.00077820, weight distance: 0.0028 (universal rank: 44368)
2025-09-22 11:32:30,933 - INFO - 
=== Worker 5 Training Example 925/1586 (global idx 8859): /home/projects/bagon/shared/imagenet512/val/n04525038/ILSVRC2012_val_00013636.JPEG ===
2025-09-22 11:32:33,595 - INFO - Example /home/projects/bagon/shared/imagenet512/val/n04525038/ILSVRC2012_val_00013636.JPEG reached epsilon at step 75, loss sum: 89.0282, final loss: 0.00074387, weight distance: 0.0056
2025-09-22 11:32:34,153 - INFO - Example 925 completed: 75 steps, loss sum: 89.0282, final loss: 0.00074387, weight distance: 0.0056 (universal rank: 44369)
2025-09-22 11:32:34,153 - INFO - 
=== Worker 5 Training Example 926/1586 (global idx 8860): /home/projects/bagon/shared/imagenet512/val/n04254120/ILSVRC2012_val_00047496.JPEG ===
2025-09-22 11:32:35,503 - INFO - Example /home/projects/bagon/shared/imagenet512/val/n04254120/ILSVRC2012_val_00047496.JPEG reached epsilon at step 37, loss sum: 45.1306, final loss: 0.00099182, weight distance: 0.0032
2025-09-22 11:32:36,088 - INFO - Example 926 completed: 37 steps, loss sum: 45.1306, final loss: 0.00099182, weight distance: 0.0032 (universal rank: 44370)
2025-09-22 11:32:36,088 - INFO - 
=== Worker 5 Training Example 927/1586 (global idx 8861): /home/projects/bagon/shared/imagenet512/val/n02782093/ILSVRC2012_val_00045252.JPEG ===
2025-09-22 11:32:36,847 - INFO - Example /home/projects/bagon/shared/imagenet512/val/n02782093/ILSVRC2012_val_00045252.JPEG reached epsilon at step 20, loss sum: 1.2397, final loss: 0.00085068, weight distance: 0.0019
2025-09-22 11:32:37,409 - INFO - Example 927 completed: 20 steps, loss sum: 1.2397, final loss: 0.00085068, weight distance: 0.0019 (universal rank: 44371)
2025-09-22 11:32:37,409 - INFO - 
=== Worker 5 Training Example 928/1586 (global idx 8862): /home/projects/bagon/shared/imagenet512/val/n01494475/ILSVRC2012_val_00012546.JPEG ===
2025-09-22 11:32:38,434 - INFO - Example /home/projects/bagon/shared/imagenet512/val/n01494475/ILSVRC2012_val_00012546.JPEG reached epsilon at step 28, loss sum: 16.2271, final loss: 0.00086212, weight distance: 0.0026
2025-09-22 11:32:38,986 - INFO - Example 928 completed: 28 steps, loss sum: 16.2271, final loss: 0.00086212, weight distance: 0.0026 (universal rank: 44372)
2025-09-22 11:32:38,986 - INFO - 
=== Worker 5 Training Example 929/1586 (global idx 8863): /home/projects/bagon/shared/imagenet512/val/n03887697/ILSVRC2012_val_00046711.JPEG ===
2025-09-22 11:32:40,636 - INFO - Example /home/projects/bagon/shared/imagenet512/val/n03887697/ILSVRC2012_val_00046711.JPEG reached epsilon at step 46, loss sum: 35.0756, final loss: 0.00094986, weight distance: 0.0040
2025-09-22 11:32:41,192 - INFO - Example 929 completed: 46 steps, loss sum: 35.0756, final loss: 0.00094986, weight distance: 0.0040 (universal rank: 44373)
2025-09-22 11:32:41,192 - INFO - 
=== Worker 5 Training Example 930/1586 (global idx 8864): /home/projects/bagon/shared/imagenet512/val/n02807133/ILSVRC2012_val_00014375.JPEG ===
2025-09-22 11:32:42,387 - INFO - Example /home/projects/bagon/shared/imagenet512/val/n02807133/ILSVRC2012_val_00014375.JPEG reached epsilon at step 32, loss sum: 17.2144, final loss: 0.00077820, weight distance: 0.0030
2025-09-22 11:32:42,936 - INFO - Example 930 completed: 32 steps, loss sum: 17.2144, final loss: 0.00077820, weight distance: 0.0030 (universal rank: 44374)
2025-09-22 11:32:42,936 - INFO - 
=== Worker 5 Training Example 931/1586 (global idx 8865): /home/projects/bagon/shared/imagenet512/val/n03840681/ILSVRC2012_val_00009398.JPEG ===
2025-09-22 11:32:44,151 - INFO - Example /home/projects/bagon/shared/imagenet512/val/n03840681/ILSVRC2012_val_00009398.JPEG reached epsilon at step 33, loss sum: 47.1015, final loss: 0.00085831, weight distance: 0.0030
2025-09-22 11:32:44,704 - INFO - Example 931 completed: 33 steps, loss sum: 47.1015, final loss: 0.00085831, weight distance: 0.0030 (universal rank: 44375)
2025-09-22 11:32:44,704 - INFO - 
=== Worker 5 Training Example 932/1586 (global idx 8866): /home/projects/bagon/shared/imagenet512/val/n04081281/ILSVRC2012_val_00043267.JPEG ===
2025-09-22 11:32:46,671 - INFO - Example /home/projects/bagon/shared/imagenet512/val/n04081281/ILSVRC2012_val_00043267.JPEG reached epsilon at step 55, loss sum: 67.3150, final loss: 0.00064850, weight distance: 0.0047
2025-09-22 11:32:47,225 - INFO - Example 932 completed: 55 steps, loss sum: 67.3150, final loss: 0.00064850, weight distance: 0.0047 (universal rank: 44377)
2025-09-22 11:32:47,226 - INFO - 
=== Worker 5 Training Example 933/1586 (global idx 8867): /home/projects/bagon/shared/imagenet512/val/n01688243/ILSVRC2012_val_00046517.JPEG ===
2025-09-22 11:32:49,163 - INFO - Example /home/projects/bagon/shared/imagenet512/val/n01688243/ILSVRC2012_val_00046517.JPEG reached epsilon at step 54, loss sum: 70.9599, final loss: 0.00083160, weight distance: 0.0047
2025-09-22 11:32:49,723 - INFO - Example 933 completed: 54 steps, loss sum: 70.9599, final loss: 0.00083160, weight distance: 0.0047 (universal rank: 44378)
2025-09-22 11:32:49,723 - INFO - 
=== Worker 5 Training Example 934/1586 (global idx 8868): /home/projects/bagon/shared/imagenet512/val/n04409515/ILSVRC2012_val_00029009.JPEG ===
2025-09-22 11:32:50,611 - INFO - Example /home/projects/bagon/shared/imagenet512/val/n04409515/ILSVRC2012_val_00029009.JPEG reached epsilon at step 24, loss sum: 0.6590, final loss: 0.00099945, weight distance: 0.0022
2025-09-22 11:32:51,165 - INFO - Example 934 completed: 24 steps, loss sum: 0.6590, final loss: 0.00099945, weight distance: 0.0022 (universal rank: 44379)
2025-09-22 11:32:51,165 - INFO - 
=== Worker 5 Training Example 935/1586 (global idx 8869): /home/projects/bagon/shared/imagenet512/val/n02120505/ILSVRC2012_val_00019480.JPEG ===
2025-09-22 11:32:52,712 - INFO - Example /home/projects/bagon/shared/imagenet512/val/n02120505/ILSVRC2012_val_00019480.JPEG reached epsilon at step 43, loss sum: 18.9976, final loss: 0.00093079, weight distance: 0.0038
2025-09-22 11:32:53,267 - INFO - Example 935 completed: 43 steps, loss sum: 18.9976, final loss: 0.00093079, weight distance: 0.0038 (universal rank: 44380)
2025-09-22 11:32:53,267 - INFO - 
=== Worker 5 Training Example 936/1586 (global idx 8870): /home/projects/bagon/shared/imagenet512/val/n04026417/ILSVRC2012_val_00018572.JPEG ===
2025-09-22 11:32:55,491 - INFO - Example /home/projects/bagon/shared/imagenet512/val/n04026417/ILSVRC2012_val_00018572.JPEG reached epsilon at step 62, loss sum: 102.2971, final loss: 0.00083542, weight distance: 0.0047
2025-09-22 11:32:56,043 - INFO - Example 936 completed: 62 steps, loss sum: 102.2971, final loss: 0.00083542, weight distance: 0.0047 (universal rank: 44381)
2025-09-22 11:32:56,043 - INFO - 
=== Worker 5 Training Example 937/1586 (global idx 8871): /home/projects/bagon/shared/imagenet512/val/n04417672/ILSVRC2012_val_00037701.JPEG ===
2025-09-22 11:32:56,688 - INFO - Example /home/projects/bagon/shared/imagenet512/val/n04417672/ILSVRC2012_val_00037701.JPEG reached epsilon at step 17, loss sum: 0.7494, final loss: 0.00088501, weight distance: 0.0016
2025-09-22 11:32:57,247 - INFO - Example 937 completed: 17 steps, loss sum: 0.7494, final loss: 0.00088501, weight distance: 0.0016 (universal rank: 44382)
2025-09-22 11:32:57,247 - INFO - 
=== Worker 5 Training Example 938/1586 (global idx 8872): /home/projects/bagon/shared/imagenet512/val/n04562935/ILSVRC2012_val_00004536.JPEG ===
2025-09-22 11:32:58,888 - INFO - Example /home/projects/bagon/shared/imagenet512/val/n04562935/ILSVRC2012_val_00004536.JPEG reached epsilon at step 46, loss sum: 39.3340, final loss: 0.00097656, weight distance: 0.0038
2025-09-22 11:32:59,452 - INFO - Example 938 completed: 46 steps, loss sum: 39.3340, final loss: 0.00097656, weight distance: 0.0038 (universal rank: 44384)
2025-09-22 11:32:59,452 - INFO - 
=== Worker 5 Training Example 939/1586 (global idx 8873): /home/projects/bagon/shared/imagenet512/val/n04552348/ILSVRC2012_val_00031559.JPEG ===
2025-09-22 11:33:01,187 - INFO - Example /home/projects/bagon/shared/imagenet512/val/n04552348/ILSVRC2012_val_00031559.JPEG reached epsilon at step 48, loss sum: 21.8349, final loss: 0.00096893, weight distance: 0.0041
2025-09-22 11:33:01,738 - INFO - Example 939 completed: 48 steps, loss sum: 21.8349, final loss: 0.00096893, weight distance: 0.0041 (universal rank: 44385)
2025-09-22 11:33:01,738 - INFO - 
=== Worker 5 Training Example 940/1586 (global idx 8874): /home/projects/bagon/shared/imagenet512/val/n02124075/ILSVRC2012_val_00001496.JPEG ===
2025-09-22 11:33:02,744 - INFO - Example /home/projects/bagon/shared/imagenet512/val/n02124075/ILSVRC2012_val_00001496.JPEG reached epsilon at step 27, loss sum: 2.5955, final loss: 0.00088501, weight distance: 0.0025
2025-09-22 11:33:03,308 - INFO - Example 940 completed: 27 steps, loss sum: 2.5955, final loss: 0.00088501, weight distance: 0.0025 (universal rank: 44386)
2025-09-22 11:33:03,309 - INFO - 
=== Worker 5 Training Example 941/1586 (global idx 8875): /home/projects/bagon/shared/imagenet512/val/n02113624/ILSVRC2012_val_00000425.JPEG ===
2025-09-22 11:33:04,607 - INFO - Example /home/projects/bagon/shared/imagenet512/val/n02113624/ILSVRC2012_val_00000425.JPEG reached epsilon at step 36, loss sum: 2.8945, final loss: 0.00086212, weight distance: 0.0033
2025-09-22 11:33:05,183 - INFO - Example 941 completed: 36 steps, loss sum: 2.8945, final loss: 0.00086212, weight distance: 0.0033 (universal rank: 44387)
2025-09-22 11:33:05,183 - INFO - 
=== Worker 5 Training Example 942/1586 (global idx 8876): /home/projects/bagon/shared/imagenet512/val/n04136333/ILSVRC2012_val_00044155.JPEG ===
2025-09-22 11:33:06,742 - INFO - Example /home/projects/bagon/shared/imagenet512/val/n04136333/ILSVRC2012_val_00044155.JPEG reached epsilon at step 43, loss sum: 36.3577, final loss: 0.00056839, weight distance: 0.0038
2025-09-22 11:33:07,300 - INFO - Example 942 completed: 43 steps, loss sum: 36.3577, final loss: 0.00056839, weight distance: 0.0038 (universal rank: 44390)
2025-09-22 11:33:07,300 - INFO - 
=== Worker 5 Training Example 943/1586 (global idx 8877): /home/projects/bagon/shared/imagenet512/val/n01883070/ILSVRC2012_val_00046059.JPEG ===
2025-09-22 11:33:09,170 - INFO - Example /home/projects/bagon/shared/imagenet512/val/n01883070/ILSVRC2012_val_00046059.JPEG reached epsilon at step 52, loss sum: 36.6972, final loss: 0.00091553, weight distance: 0.0042
2025-09-22 11:33:09,721 - INFO - Example 943 completed: 52 steps, loss sum: 36.6972, final loss: 0.00091553, weight distance: 0.0042 (universal rank: 44391)
2025-09-22 11:33:09,721 - INFO - 
=== Worker 5 Training Example 944/1586 (global idx 8878): /home/projects/bagon/shared/imagenet512/val/n03773504/ILSVRC2012_val_00024286.JPEG ===
2025-09-22 11:33:11,843 - INFO - Example /home/projects/bagon/shared/imagenet512/val/n03773504/ILSVRC2012_val_00024286.JPEG reached epsilon at step 59, loss sum: 43.0738, final loss: 0.00085068, weight distance: 0.0048
2025-09-22 11:33:12,551 - INFO - Example 944 completed: 59 steps, loss sum: 43.0738, final loss: 0.00085068, weight distance: 0.0048 (universal rank: 44392)
2025-09-22 11:33:12,551 - INFO - 
=== Worker 5 Training Example 945/1586 (global idx 8879): /home/projects/bagon/shared/imagenet512/val/n02056570/ILSVRC2012_val_00042878.JPEG ===
2025-09-22 11:33:14,418 - INFO - Example /home/projects/bagon/shared/imagenet512/val/n02056570/ILSVRC2012_val_00042878.JPEG reached epsilon at step 52, loss sum: 46.6675, final loss: 0.00088882, weight distance: 0.0043
2025-09-22 11:33:14,978 - INFO - Example 945 completed: 52 steps, loss sum: 46.6675, final loss: 0.00088882, weight distance: 0.0043 (universal rank: 44393)
2025-09-22 11:33:14,979 - INFO - 
=== Worker 5 Training Example 946/1586 (global idx 8880): /home/projects/bagon/shared/imagenet512/val/n02992529/ILSVRC2012_val_00005688.JPEG ===
2025-09-22 11:33:18,034 - INFO - Example /home/projects/bagon/shared/imagenet512/val/n02992529/ILSVRC2012_val_00005688.JPEG reached epsilon at step 86, loss sum: 178.6697, final loss: 0.00099182, weight distance: 0.0065
2025-09-22 11:33:18,685 - INFO - Example 946 completed: 86 steps, loss sum: 178.6697, final loss: 0.00099182, weight distance: 0.0065 (universal rank: 44394)
2025-09-22 11:33:18,685 - INFO - 
=== Worker 5 Training Example 947/1586 (global idx 8881): /home/projects/bagon/shared/imagenet512/val/n03916031/ILSVRC2012_val_00043190.JPEG ===
2025-09-22 11:33:20,006 - INFO - Example /home/projects/bagon/shared/imagenet512/val/n03916031/ILSVRC2012_val_00043190.JPEG reached epsilon at step 36, loss sum: 35.4942, final loss: 0.00072861, weight distance: 0.0029
2025-09-22 11:33:20,562 - INFO - Example 947 completed: 36 steps, loss sum: 35.4942, final loss: 0.00072861, weight distance: 0.0029 (universal rank: 44395)
2025-09-22 11:33:20,562 - INFO - 
=== Worker 5 Training Example 948/1586 (global idx 8882): /home/projects/bagon/shared/imagenet512/val/n04099969/ILSVRC2012_val_00008768.JPEG ===
2025-09-22 11:33:21,568 - INFO - Example /home/projects/bagon/shared/imagenet512/val/n04099969/ILSVRC2012_val_00008768.JPEG reached epsilon at step 27, loss sum: 6.1842, final loss: 0.00090790, weight distance: 0.0025
2025-09-22 11:33:22,126 - INFO - Example 948 completed: 27 steps, loss sum: 6.1842, final loss: 0.00090790, weight distance: 0.0025 (universal rank: 44396)
2025-09-22 11:33:22,126 - INFO - 
=== Worker 5 Training Example 949/1586 (global idx 8883): /home/projects/bagon/shared/imagenet512/val/n02097658/ILSVRC2012_val_00000799.JPEG ===
2025-09-22 11:33:23,652 - INFO - Example /home/projects/bagon/shared/imagenet512/val/n02097658/ILSVRC2012_val_00000799.JPEG reached epsilon at step 42, loss sum: 17.9067, final loss: 0.00094604, weight distance: 0.0036
2025-09-22 11:33:24,353 - INFO - Example 949 completed: 42 steps, loss sum: 17.9067, final loss: 0.00094604, weight distance: 0.0036 (universal rank: 44397)
2025-09-22 11:33:24,353 - INFO - 
=== Worker 5 Training Example 950/1586 (global idx 8884): /home/projects/bagon/shared/imagenet512/val/n04325704/ILSVRC2012_val_00034344.JPEG ===
2025-09-22 11:33:25,775 - INFO - Example /home/projects/bagon/shared/imagenet512/val/n04325704/ILSVRC2012_val_00034344.JPEG reached epsilon at step 39, loss sum: 11.5772, final loss: 0.00096130, weight distance: 0.0035
2025-09-22 11:33:26,334 - INFO - Example 950 completed: 39 steps, loss sum: 11.5772, final loss: 0.00096130, weight distance: 0.0035 (universal rank: 44398)
2025-09-22 11:33:26,334 - INFO - 
=== Worker 5 Training Example 951/1586 (global idx 8885): /home/projects/bagon/shared/imagenet512/val/n03529860/ILSVRC2012_val_00010050.JPEG ===
2025-09-22 11:33:27,649 - INFO - Example /home/projects/bagon/shared/imagenet512/val/n03529860/ILSVRC2012_val_00010050.JPEG reached epsilon at step 36, loss sum: 7.3747, final loss: 0.00087738, weight distance: 0.0032
2025-09-22 11:33:28,203 - INFO - Example 951 completed: 36 steps, loss sum: 7.3747, final loss: 0.00087738, weight distance: 0.0032 (universal rank: 44399)
2025-09-22 11:33:28,203 - INFO - 
=== Worker 5 Training Example 952/1586 (global idx 8886): /home/projects/bagon/shared/imagenet512/val/n02077923/ILSVRC2012_val_00041773.JPEG ===
2025-09-22 11:33:29,898 - INFO - Example /home/projects/bagon/shared/imagenet512/val/n02077923/ILSVRC2012_val_00041773.JPEG reached epsilon at step 47, loss sum: 36.1828, final loss: 0.00079346, weight distance: 0.0040
2025-09-22 11:33:30,617 - INFO - Example 952 completed: 47 steps, loss sum: 36.1828, final loss: 0.00079346, weight distance: 0.0040 (universal rank: 44400)
2025-09-22 11:33:30,617 - INFO - 
=== Worker 5 Training Example 953/1586 (global idx 8887): /home/projects/bagon/shared/imagenet512/val/n04522168/ILSVRC2012_val_00042947.JPEG ===
2025-09-22 11:33:32,108 - INFO - Example /home/projects/bagon/shared/imagenet512/val/n04522168/ILSVRC2012_val_00042947.JPEG reached epsilon at step 41, loss sum: 28.7705, final loss: 0.00088501, weight distance: 0.0034
2025-09-22 11:33:32,661 - INFO - Example 953 completed: 41 steps, loss sum: 28.7705, final loss: 0.00088501, weight distance: 0.0034 (universal rank: 44401)
2025-09-22 11:33:32,662 - INFO - 
=== Worker 5 Training Example 954/1586 (global idx 8888): /home/projects/bagon/shared/imagenet512/val/n02749479/ILSVRC2012_val_00041270.JPEG ===
2025-09-22 11:33:35,325 - INFO - Example /home/projects/bagon/shared/imagenet512/val/n02749479/ILSVRC2012_val_00041270.JPEG reached epsilon at step 75, loss sum: 98.1508, final loss: 0.00090027, weight distance: 0.0058
2025-09-22 11:33:35,892 - INFO - Example 954 completed: 75 steps, loss sum: 98.1508, final loss: 0.00090027, weight distance: 0.0058 (universal rank: 44402)
2025-09-22 11:33:35,892 - INFO - 
=== Worker 5 Training Example 955/1586 (global idx 8889): /home/projects/bagon/shared/imagenet512/val/n04131690/ILSVRC2012_val_00040669.JPEG ===
2025-09-22 11:33:37,334 - INFO - Example /home/projects/bagon/shared/imagenet512/val/n04131690/ILSVRC2012_val_00040669.JPEG reached epsilon at step 40, loss sum: 82.2864, final loss: 0.00086594, weight distance: 0.0036
2025-09-22 11:33:37,877 - INFO - Example 955 completed: 40 steps, loss sum: 82.2864, final loss: 0.00086594, weight distance: 0.0036 (universal rank: 44403)
2025-09-22 11:33:37,877 - INFO - 
=== Worker 5 Training Example 956/1586 (global idx 8890): /home/projects/bagon/shared/imagenet512/val/n04447861/ILSVRC2012_val_00029071.JPEG ===
2025-09-22 11:33:40,152 - INFO - Example /home/projects/bagon/shared/imagenet512/val/n04447861/ILSVRC2012_val_00029071.JPEG reached epsilon at step 64, loss sum: 42.1964, final loss: 0.00092316, weight distance: 0.0043
2025-09-22 11:33:40,711 - INFO - Example 956 completed: 64 steps, loss sum: 42.1964, final loss: 0.00092316, weight distance: 0.0043 (universal rank: 44404)
2025-09-22 11:33:40,711 - INFO - 
=== Worker 5 Training Example 957/1586 (global idx 8891): /home/projects/bagon/shared/imagenet512/val/n03197337/ILSVRC2012_val_00010958.JPEG ===
2025-09-22 11:33:43,010 - INFO - Example /home/projects/bagon/shared/imagenet512/val/n03197337/ILSVRC2012_val_00010958.JPEG reached epsilon at step 64, loss sum: 99.7075, final loss: 0.00092316, weight distance: 0.0052
2025-09-22 11:33:43,562 - INFO - Example 957 completed: 64 steps, loss sum: 99.7075, final loss: 0.00092316, weight distance: 0.0052 (universal rank: 44405)
2025-09-22 11:33:43,562 - INFO - 
=== Worker 5 Training Example 958/1586 (global idx 8892): /home/projects/bagon/shared/imagenet512/val/n04049303/ILSVRC2012_val_00017774.JPEG ===
2025-09-22 11:33:45,194 - INFO - Example /home/projects/bagon/shared/imagenet512/val/n04049303/ILSVRC2012_val_00017774.JPEG reached epsilon at step 45, loss sum: 10.2891, final loss: 0.00084686, weight distance: 0.0040
2025-09-22 11:33:45,737 - INFO - Example 958 completed: 45 steps, loss sum: 10.2891, final loss: 0.00084686, weight distance: 0.0040 (universal rank: 44406)
2025-09-22 11:33:45,737 - INFO - 
=== Worker 5 Training Example 959/1586 (global idx 8893): /home/projects/bagon/shared/imagenet512/val/n02814860/ILSVRC2012_val_00034772.JPEG ===
2025-09-22 11:33:46,916 - INFO - Example /home/projects/bagon/shared/imagenet512/val/n02814860/ILSVRC2012_val_00034772.JPEG reached epsilon at step 32, loss sum: 9.6493, final loss: 0.00092697, weight distance: 0.0027
2025-09-22 11:33:47,466 - INFO - Example 959 completed: 32 steps, loss sum: 9.6493, final loss: 0.00092697, weight distance: 0.0027 (universal rank: 44407)
2025-09-22 11:33:47,466 - INFO - 
=== Worker 5 Training Example 960/1586 (global idx 8894): /home/projects/bagon/shared/imagenet512/val/n02090379/ILSVRC2012_val_00008698.JPEG ===
2025-09-22 11:33:48,923 - INFO - Example /home/projects/bagon/shared/imagenet512/val/n02090379/ILSVRC2012_val_00008698.JPEG reached epsilon at step 40, loss sum: 9.4921, final loss: 0.00094604, weight distance: 0.0036
2025-09-22 11:33:49,476 - INFO - Example 960 completed: 40 steps, loss sum: 9.4921, final loss: 0.00094604, weight distance: 0.0036 (universal rank: 44408)
2025-09-22 11:33:49,477 - INFO - 
=== Worker 5 Training Example 961/1586 (global idx 8895): /home/projects/bagon/shared/imagenet512/val/n02676566/ILSVRC2012_val_00038042.JPEG ===
2025-09-22 11:33:51,066 - INFO - Example /home/projects/bagon/shared/imagenet512/val/n02676566/ILSVRC2012_val_00038042.JPEG reached epsilon at step 44, loss sum: 21.6281, final loss: 0.00092316, weight distance: 0.0036
2025-09-22 11:33:51,619 - INFO - Example 961 completed: 44 steps, loss sum: 21.6281, final loss: 0.00092316, weight distance: 0.0036 (universal rank: 44409)
2025-09-22 11:33:51,619 - INFO - 
=== Worker 5 Training Example 962/1586 (global idx 8896): /home/projects/bagon/shared/imagenet512/val/n03887697/ILSVRC2012_val_00024733.JPEG ===
2025-09-22 11:33:52,749 - INFO - Example /home/projects/bagon/shared/imagenet512/val/n03887697/ILSVRC2012_val_00024733.JPEG reached epsilon at step 31, loss sum: 21.5721, final loss: 0.00087738, weight distance: 0.0027
2025-09-22 11:33:53,334 - INFO - Example 962 completed: 31 steps, loss sum: 21.5721, final loss: 0.00087738, weight distance: 0.0027 (universal rank: 44410)
2025-09-22 11:33:53,334 - INFO - 
=== Worker 5 Training Example 963/1586 (global idx 8897): /home/projects/bagon/shared/imagenet512/val/n03355925/ILSVRC2012_val_00020789.JPEG ===
2025-09-22 11:33:54,542 - INFO - Example /home/projects/bagon/shared/imagenet512/val/n03355925/ILSVRC2012_val_00020789.JPEG reached epsilon at step 33, loss sum: 10.5030, final loss: 0.00096512, weight distance: 0.0030
2025-09-22 11:33:55,126 - INFO - Example 963 completed: 33 steps, loss sum: 10.5030, final loss: 0.00096512, weight distance: 0.0030 (universal rank: 44411)
2025-09-22 11:33:55,126 - INFO - 
=== Worker 5 Training Example 964/1586 (global idx 8898): /home/projects/bagon/shared/imagenet512/val/n02113799/ILSVRC2012_val_00013083.JPEG ===
2025-09-22 11:33:56,149 - INFO - Example /home/projects/bagon/shared/imagenet512/val/n02113799/ILSVRC2012_val_00013083.JPEG reached epsilon at step 28, loss sum: 3.0838, final loss: 0.00082397, weight distance: 0.0026
2025-09-22 11:33:56,699 - INFO - Example 964 completed: 28 steps, loss sum: 3.0838, final loss: 0.00082397, weight distance: 0.0026 (universal rank: 44412)
2025-09-22 11:33:56,700 - INFO - 
=== Worker 5 Training Example 965/1586 (global idx 8899): /home/projects/bagon/shared/imagenet512/val/n04355933/ILSVRC2012_val_00021396.JPEG ===
2025-09-22 11:33:58,581 - INFO - Example /home/projects/bagon/shared/imagenet512/val/n04355933/ILSVRC2012_val_00021396.JPEG reached epsilon at step 52, loss sum: 10.3494, final loss: 0.00077438, weight distance: 0.0045
2025-09-22 11:33:59,130 - INFO - Example 965 completed: 52 steps, loss sum: 10.3494, final loss: 0.00077438, weight distance: 0.0045 (universal rank: 44413)
2025-09-22 11:33:59,130 - INFO - 
=== Worker 5 Training Example 966/1586 (global idx 8900): /home/projects/bagon/shared/imagenet512/val/n02808440/ILSVRC2012_val_00024124.JPEG ===
2025-09-22 11:34:01,550 - INFO - Example /home/projects/bagon/shared/imagenet512/val/n02808440/ILSVRC2012_val_00024124.JPEG reached epsilon at step 68, loss sum: 44.5461, final loss: 0.00097275, weight distance: 0.0052
2025-09-22 11:34:02,096 - INFO - Example 966 completed: 68 steps, loss sum: 44.5461, final loss: 0.00097275, weight distance: 0.0052 (universal rank: 44414)
2025-09-22 11:34:02,097 - INFO - 
=== Worker 5 Training Example 967/1586 (global idx 8901): /home/projects/bagon/shared/imagenet512/val/n02892767/ILSVRC2012_val_00008954.JPEG ===
2025-09-22 11:34:03,782 - INFO - Example /home/projects/bagon/shared/imagenet512/val/n02892767/ILSVRC2012_val_00008954.JPEG reached epsilon at step 43, loss sum: 37.0327, final loss: 0.00081253, weight distance: 0.0036
2025-09-22 11:34:04,343 - INFO - Example 967 completed: 43 steps, loss sum: 37.0327, final loss: 0.00081253, weight distance: 0.0036 (universal rank: 44415)
2025-09-22 11:34:04,343 - INFO - 
=== Worker 5 Training Example 968/1586 (global idx 8902): /home/projects/bagon/shared/imagenet512/val/n03018349/ILSVRC2012_val_00007692.JPEG ===
2025-09-22 11:34:05,880 - INFO - Example /home/projects/bagon/shared/imagenet512/val/n03018349/ILSVRC2012_val_00007692.JPEG reached epsilon at step 42, loss sum: 41.8699, final loss: 0.00088882, weight distance: 0.0036
2025-09-22 11:34:06,511 - INFO - Example 968 completed: 42 steps, loss sum: 41.8699, final loss: 0.00088882, weight distance: 0.0036 (universal rank: 44416)
2025-09-22 11:34:06,511 - INFO - 
=== Worker 5 Training Example 969/1586 (global idx 8903): /home/projects/bagon/shared/imagenet512/val/n04536866/ILSVRC2012_val_00016034.JPEG ===
2025-09-22 11:34:08,313 - INFO - Example /home/projects/bagon/shared/imagenet512/val/n04536866/ILSVRC2012_val_00016034.JPEG reached epsilon at step 50, loss sum: 49.3387, final loss: 0.00083923, weight distance: 0.0044
2025-09-22 11:34:08,864 - INFO - Example 969 completed: 50 steps, loss sum: 49.3387, final loss: 0.00083923, weight distance: 0.0044 (universal rank: 44417)
2025-09-22 11:34:08,864 - INFO - 
=== Worker 5 Training Example 970/1586 (global idx 8904): /home/projects/bagon/shared/imagenet512/val/n01614925/ILSVRC2012_val_00000128.JPEG ===
2025-09-22 11:34:10,591 - INFO - Example /home/projects/bagon/shared/imagenet512/val/n01614925/ILSVRC2012_val_00000128.JPEG reached epsilon at step 48, loss sum: 23.4689, final loss: 0.00081253, weight distance: 0.0039
2025-09-22 11:34:11,145 - INFO - Example 970 completed: 48 steps, loss sum: 23.4689, final loss: 0.00081253, weight distance: 0.0039 (universal rank: 44418)
2025-09-22 11:34:11,145 - INFO - 
=== Worker 5 Training Example 971/1586 (global idx 8905): /home/projects/bagon/shared/imagenet512/val/n04597913/ILSVRC2012_val_00004899.JPEG ===
2025-09-22 11:34:12,780 - INFO - Example /home/projects/bagon/shared/imagenet512/val/n04597913/ILSVRC2012_val_00004899.JPEG reached epsilon at step 45, loss sum: 43.2145, final loss: 0.00074768, weight distance: 0.0038
2025-09-22 11:34:13,319 - INFO - Example 971 completed: 45 steps, loss sum: 43.2145, final loss: 0.00074768, weight distance: 0.0038 (universal rank: 44419)
2025-09-22 11:34:13,319 - INFO - 
=== Worker 5 Training Example 972/1586 (global idx 8906): /home/projects/bagon/shared/imagenet512/val/n02823750/ILSVRC2012_val_00013431.JPEG ===
2025-09-22 11:34:14,841 - INFO - Example /home/projects/bagon/shared/imagenet512/val/n02823750/ILSVRC2012_val_00013431.JPEG reached epsilon at step 42, loss sum: 42.4851, final loss: 0.00083160, weight distance: 0.0037
2025-09-22 11:34:15,388 - INFO - Example 972 completed: 42 steps, loss sum: 42.4851, final loss: 0.00083160, weight distance: 0.0037 (universal rank: 44420)
2025-09-22 11:34:15,388 - INFO - 
=== Worker 5 Training Example 973/1586 (global idx 8907): /home/projects/bagon/shared/imagenet512/val/n07892512/ILSVRC2012_val_00014801.JPEG ===
2025-09-22 11:34:16,546 - INFO - Example /home/projects/bagon/shared/imagenet512/val/n07892512/ILSVRC2012_val_00014801.JPEG reached epsilon at step 32, loss sum: 26.7655, final loss: 0.00076294, weight distance: 0.0029
2025-09-22 11:34:17,100 - INFO - Example 973 completed: 32 steps, loss sum: 26.7655, final loss: 0.00076294, weight distance: 0.0029 (universal rank: 44421)
2025-09-22 11:34:17,100 - INFO - 
=== Worker 5 Training Example 974/1586 (global idx 8908): /home/projects/bagon/shared/imagenet512/val/n02093428/ILSVRC2012_val_00038254.JPEG ===
2025-09-22 11:34:19,083 - INFO - Example /home/projects/bagon/shared/imagenet512/val/n02093428/ILSVRC2012_val_00038254.JPEG reached epsilon at step 55, loss sum: 46.4447, final loss: 0.00098419, weight distance: 0.0046
2025-09-22 11:34:19,632 - INFO - Example 974 completed: 55 steps, loss sum: 46.4447, final loss: 0.00098419, weight distance: 0.0046 (universal rank: 44422)
2025-09-22 11:34:19,632 - INFO - 
=== Worker 5 Training Example 975/1586 (global idx 8909): /home/projects/bagon/shared/imagenet512/val/n02100236/ILSVRC2012_val_00009453.JPEG ===
2025-09-22 11:34:20,695 - INFO - Example /home/projects/bagon/shared/imagenet512/val/n02100236/ILSVRC2012_val_00009453.JPEG reached epsilon at step 29, loss sum: 10.8867, final loss: 0.00086212, weight distance: 0.0027
2025-09-22 11:34:21,247 - INFO - Example 975 completed: 29 steps, loss sum: 10.8867, final loss: 0.00086212, weight distance: 0.0027 (universal rank: 44423)
2025-09-22 11:34:21,247 - INFO - 
=== Worker 5 Training Example 976/1586 (global idx 8910): /home/projects/bagon/shared/imagenet512/val/n03000684/ILSVRC2012_val_00019137.JPEG ===
2025-09-22 11:34:22,452 - INFO - Example /home/projects/bagon/shared/imagenet512/val/n03000684/ILSVRC2012_val_00019137.JPEG reached epsilon at step 33, loss sum: 53.9405, final loss: 0.00082779, weight distance: 0.0031
2025-09-22 11:34:23,004 - INFO - Example 976 completed: 33 steps, loss sum: 53.9405, final loss: 0.00082779, weight distance: 0.0031 (universal rank: 44424)
2025-09-22 11:34:23,004 - INFO - 
=== Worker 5 Training Example 977/1586 (global idx 8911): /home/projects/bagon/shared/imagenet512/val/n04039381/ILSVRC2012_val_00037315.JPEG ===
2025-09-22 11:34:24,337 - INFO - Example /home/projects/bagon/shared/imagenet512/val/n04039381/ILSVRC2012_val_00037315.JPEG reached epsilon at step 36, loss sum: 26.9952, final loss: 0.00094604, weight distance: 0.0032
2025-09-22 11:34:24,882 - INFO - Example 977 completed: 36 steps, loss sum: 26.9952, final loss: 0.00094604, weight distance: 0.0032 (universal rank: 44426)
2025-09-22 11:34:24,883 - INFO - 
=== Worker 5 Training Example 978/1586 (global idx 8912): /home/projects/bagon/shared/imagenet512/val/n03902125/ILSVRC2012_val_00010969.JPEG ===
2025-09-22 11:34:26,224 - INFO - Example /home/projects/bagon/shared/imagenet512/val/n03902125/ILSVRC2012_val_00010969.JPEG reached epsilon at step 35, loss sum: 57.6093, final loss: 0.00079727, weight distance: 0.0032
2025-09-22 11:34:26,777 - INFO - Example 978 completed: 35 steps, loss sum: 57.6093, final loss: 0.00079727, weight distance: 0.0032 (universal rank: 44427)
2025-09-22 11:34:26,777 - INFO - 
=== Worker 5 Training Example 979/1586 (global idx 8913): /home/projects/bagon/shared/imagenet512/val/n02841315/ILSVRC2012_val_00046844.JPEG ===
2025-09-22 11:34:28,446 - INFO - Example /home/projects/bagon/shared/imagenet512/val/n02841315/ILSVRC2012_val_00046844.JPEG reached epsilon at step 46, loss sum: 47.1007, final loss: 0.00073242, weight distance: 0.0039
2025-09-22 11:34:29,000 - INFO - Example 979 completed: 46 steps, loss sum: 47.1007, final loss: 0.00073242, weight distance: 0.0039 (universal rank: 44428)
2025-09-22 11:34:29,000 - INFO - 
=== Worker 5 Training Example 980/1586 (global idx 8914): /home/projects/bagon/shared/imagenet512/val/n02391049/ILSVRC2012_val_00025344.JPEG ===
2025-09-22 11:34:31,770 - INFO - Example /home/projects/bagon/shared/imagenet512/val/n02391049/ILSVRC2012_val_00025344.JPEG reached epsilon at step 76, loss sum: 87.0929, final loss: 0.00087738, weight distance: 0.0055
2025-09-22 11:34:32,325 - INFO - Example 980 completed: 76 steps, loss sum: 87.0929, final loss: 0.00087738, weight distance: 0.0055 (universal rank: 44429)
2025-09-22 11:34:32,325 - INFO - 
=== Worker 5 Training Example 981/1586 (global idx 8915): /home/projects/bagon/shared/imagenet512/val/n01677366/ILSVRC2012_val_00028571.JPEG ===
2025-09-22 11:34:33,075 - INFO - Example /home/projects/bagon/shared/imagenet512/val/n01677366/ILSVRC2012_val_00028571.JPEG reached epsilon at step 20, loss sum: 12.2132, final loss: 0.00077057, weight distance: 0.0019
2025-09-22 11:34:33,637 - INFO - Example 981 completed: 20 steps, loss sum: 12.2132, final loss: 0.00077057, weight distance: 0.0019 (universal rank: 44430)
2025-09-22 11:34:33,637 - INFO - 
=== Worker 5 Training Example 982/1586 (global idx 8916): /home/projects/bagon/shared/imagenet512/val/n02109961/ILSVRC2012_val_00031876.JPEG ===
2025-09-22 11:34:36,913 - INFO - Example /home/projects/bagon/shared/imagenet512/val/n02109961/ILSVRC2012_val_00031876.JPEG reached epsilon at step 86, loss sum: 40.1567, final loss: 0.00093842, weight distance: 0.0066
2025-09-22 11:34:37,478 - INFO - Example 982 completed: 86 steps, loss sum: 40.1567, final loss: 0.00093842, weight distance: 0.0066 (universal rank: 44431)
2025-09-22 11:34:37,478 - INFO - 
=== Worker 5 Training Example 983/1586 (global idx 8917): /home/projects/bagon/shared/imagenet512/val/n03903868/ILSVRC2012_val_00047667.JPEG ===
2025-09-22 11:34:39,146 - INFO - Example /home/projects/bagon/shared/imagenet512/val/n03903868/ILSVRC2012_val_00047667.JPEG reached epsilon at step 46, loss sum: 20.6191, final loss: 0.00099945, weight distance: 0.0040
2025-09-22 11:34:39,728 - INFO - Example 983 completed: 46 steps, loss sum: 20.6191, final loss: 0.00099945, weight distance: 0.0040 (universal rank: 44432)
2025-09-22 11:34:39,728 - INFO - 
=== Worker 5 Training Example 984/1586 (global idx 8918): /home/projects/bagon/shared/imagenet512/val/n03271574/ILSVRC2012_val_00017257.JPEG ===
2025-09-22 11:34:40,871 - INFO - Example /home/projects/bagon/shared/imagenet512/val/n03271574/ILSVRC2012_val_00017257.JPEG reached epsilon at step 30, loss sum: 6.7500, final loss: 0.00069809, weight distance: 0.0027
2025-09-22 11:34:41,460 - INFO - Example 984 completed: 30 steps, loss sum: 6.7500, final loss: 0.00069809, weight distance: 0.0027 (universal rank: 44433)
2025-09-22 11:34:41,460 - INFO - 
=== Worker 5 Training Example 985/1586 (global idx 8919): /home/projects/bagon/shared/imagenet512/val/n03476991/ILSVRC2012_val_00022960.JPEG ===
2025-09-22 11:34:42,760 - INFO - Example /home/projects/bagon/shared/imagenet512/val/n03476991/ILSVRC2012_val_00022960.JPEG reached epsilon at step 35, loss sum: 5.5862, final loss: 0.00091171, weight distance: 0.0031
2025-09-22 11:34:43,341 - INFO - Example 985 completed: 35 steps, loss sum: 5.5862, final loss: 0.00091171, weight distance: 0.0031 (universal rank: 44434)
2025-09-22 11:34:43,341 - INFO - 
=== Worker 5 Training Example 986/1586 (global idx 8920): /home/projects/bagon/shared/imagenet512/val/n02090379/ILSVRC2012_val_00001363.JPEG ===
2025-09-22 11:34:44,733 - INFO - Example /home/projects/bagon/shared/imagenet512/val/n02090379/ILSVRC2012_val_00001363.JPEG reached epsilon at step 38, loss sum: 6.5940, final loss: 0.00091171, weight distance: 0.0035
2025-09-22 11:34:45,313 - INFO - Example 986 completed: 38 steps, loss sum: 6.5940, final loss: 0.00091171, weight distance: 0.0035 (universal rank: 44435)
2025-09-22 11:34:45,313 - INFO - 
=== Worker 5 Training Example 987/1586 (global idx 8921): /home/projects/bagon/shared/imagenet512/val/n02441942/ILSVRC2012_val_00042140.JPEG ===
2025-09-22 11:34:47,608 - INFO - Example /home/projects/bagon/shared/imagenet512/val/n02441942/ILSVRC2012_val_00042140.JPEG reached epsilon at step 64, loss sum: 28.4140, final loss: 0.00082779, weight distance: 0.0049
2025-09-22 11:34:48,266 - INFO - Example 987 completed: 64 steps, loss sum: 28.4140, final loss: 0.00082779, weight distance: 0.0049 (universal rank: 44436)
2025-09-22 11:34:48,266 - INFO - 
=== Worker 5 Training Example 988/1586 (global idx 8922): /home/projects/bagon/shared/imagenet512/val/n03485407/ILSVRC2012_val_00020304.JPEG ===
2025-09-22 11:34:49,723 - INFO - Example /home/projects/bagon/shared/imagenet512/val/n03485407/ILSVRC2012_val_00020304.JPEG reached epsilon at step 40, loss sum: 29.7368, final loss: 0.00092697, weight distance: 0.0035
2025-09-22 11:34:50,291 - INFO - Example 988 completed: 40 steps, loss sum: 29.7368, final loss: 0.00092697, weight distance: 0.0035 (universal rank: 44437)
2025-09-22 11:34:50,291 - INFO - 
=== Worker 5 Training Example 989/1586 (global idx 8923): /home/projects/bagon/shared/imagenet512/val/n02105855/ILSVRC2012_val_00021061.JPEG ===
2025-09-22 11:34:51,823 - INFO - Example /home/projects/bagon/shared/imagenet512/val/n02105855/ILSVRC2012_val_00021061.JPEG reached epsilon at step 42, loss sum: 16.0330, final loss: 0.00099182, weight distance: 0.0037
2025-09-22 11:34:52,406 - INFO - Example 989 completed: 42 steps, loss sum: 16.0330, final loss: 0.00099182, weight distance: 0.0037 (universal rank: 44438)
2025-09-22 11:34:52,406 - INFO - 
=== Worker 5 Training Example 990/1586 (global idx 8924): /home/projects/bagon/shared/imagenet512/val/n03775546/ILSVRC2012_val_00032236.JPEG ===
2025-09-22 11:34:54,011 - INFO - Example /home/projects/bagon/shared/imagenet512/val/n03775546/ILSVRC2012_val_00032236.JPEG reached epsilon at step 44, loss sum: 45.3610, final loss: 0.00099945, weight distance: 0.0037
2025-09-22 11:34:54,774 - INFO - Example 990 completed: 44 steps, loss sum: 45.3610, final loss: 0.00099945, weight distance: 0.0037 (universal rank: 44439)
2025-09-22 11:34:54,774 - INFO - 
=== Worker 5 Training Example 991/1586 (global idx 8925): /home/projects/bagon/shared/imagenet512/val/n04336792/ILSVRC2012_val_00019974.JPEG ===
2025-09-22 11:34:56,135 - INFO - Example /home/projects/bagon/shared/imagenet512/val/n04336792/ILSVRC2012_val_00019974.JPEG reached epsilon at step 37, loss sum: 24.0493, final loss: 0.00089264, weight distance: 0.0034
2025-09-22 11:34:56,700 - INFO - Example 991 completed: 37 steps, loss sum: 24.0493, final loss: 0.00089264, weight distance: 0.0034 (universal rank: 44440)
2025-09-22 11:34:56,700 - INFO - 
=== Worker 5 Training Example 992/1586 (global idx 8926): /home/projects/bagon/shared/imagenet512/val/n04317175/ILSVRC2012_val_00003668.JPEG ===
2025-09-22 11:34:57,921 - INFO - Example /home/projects/bagon/shared/imagenet512/val/n04317175/ILSVRC2012_val_00003668.JPEG reached epsilon at step 33, loss sum: 34.5257, final loss: 0.00055313, weight distance: 0.0030
2025-09-22 11:34:58,493 - INFO - Example 992 completed: 33 steps, loss sum: 34.5257, final loss: 0.00055313, weight distance: 0.0030 (universal rank: 44443)
2025-09-22 11:34:58,493 - INFO - 
=== Worker 5 Training Example 993/1586 (global idx 8927): /home/projects/bagon/shared/imagenet512/val/n02948072/ILSVRC2012_val_00012453.JPEG ===
2025-09-22 11:34:59,887 - INFO - Example /home/projects/bagon/shared/imagenet512/val/n02948072/ILSVRC2012_val_00012453.JPEG reached epsilon at step 38, loss sum: 79.2603, final loss: 0.00072861, weight distance: 0.0033
2025-09-22 11:35:00,545 - INFO - Example 993 completed: 38 steps, loss sum: 79.2603, final loss: 0.00072861, weight distance: 0.0033 (universal rank: 44444)
2025-09-22 11:35:00,545 - INFO - 
=== Worker 5 Training Example 994/1586 (global idx 8928): /home/projects/bagon/shared/imagenet512/val/n02965783/ILSVRC2012_val_00036522.JPEG ===
2025-09-22 11:35:01,791 - INFO - Example /home/projects/bagon/shared/imagenet512/val/n02965783/ILSVRC2012_val_00036522.JPEG reached epsilon at step 34, loss sum: 32.5169, final loss: 0.00094986, weight distance: 0.0030
2025-09-22 11:35:02,377 - INFO - Example 994 completed: 34 steps, loss sum: 32.5169, final loss: 0.00094986, weight distance: 0.0030 (universal rank: 44445)
2025-09-22 11:35:02,377 - INFO - 
=== Worker 5 Training Example 995/1586 (global idx 8929): /home/projects/bagon/shared/imagenet512/val/n04542943/ILSVRC2012_val_00021295.JPEG ===
2025-09-22 11:35:03,646 - INFO - Example /home/projects/bagon/shared/imagenet512/val/n04542943/ILSVRC2012_val_00021295.JPEG reached epsilon at step 35, loss sum: 24.7426, final loss: 0.00099182, weight distance: 0.0031
2025-09-22 11:35:04,351 - INFO - Example 995 completed: 35 steps, loss sum: 24.7426, final loss: 0.00099182, weight distance: 0.0031 (universal rank: 44446)
2025-09-22 11:35:04,351 - INFO - 
=== Worker 5 Training Example 996/1586 (global idx 8930): /home/projects/bagon/shared/imagenet512/val/n04265275/ILSVRC2012_val_00031079.JPEG ===
2025-09-22 11:35:07,222 - INFO - Example /home/projects/bagon/shared/imagenet512/val/n04265275/ILSVRC2012_val_00031079.JPEG reached epsilon at step 80, loss sum: 121.6760, final loss: 0.00093460, weight distance: 0.0061
2025-09-22 11:35:07,815 - INFO - Example 996 completed: 80 steps, loss sum: 121.6760, final loss: 0.00093460, weight distance: 0.0061 (universal rank: 44447)
2025-09-22 11:35:07,815 - INFO - 
=== Worker 5 Training Example 997/1586 (global idx 8931): /home/projects/bagon/shared/imagenet512/val/n02815834/ILSVRC2012_val_00046614.JPEG ===
2025-09-22 11:35:09,002 - INFO - Example /home/projects/bagon/shared/imagenet512/val/n02815834/ILSVRC2012_val_00046614.JPEG reached epsilon at step 32, loss sum: 17.5422, final loss: 0.00082779, weight distance: 0.0030
2025-09-22 11:35:09,578 - INFO - Example 997 completed: 32 steps, loss sum: 17.5422, final loss: 0.00082779, weight distance: 0.0030 (universal rank: 44449)
2025-09-22 11:35:09,579 - INFO - 
=== Worker 5 Training Example 998/1586 (global idx 8932): /home/projects/bagon/shared/imagenet512/val/n04259630/ILSVRC2012_val_00008170.JPEG ===
2025-09-22 11:35:11,325 - INFO - Example /home/projects/bagon/shared/imagenet512/val/n04259630/ILSVRC2012_val_00008170.JPEG reached epsilon at step 48, loss sum: 39.5592, final loss: 0.00080490, weight distance: 0.0041
2025-09-22 11:35:11,891 - INFO - Example 998 completed: 48 steps, loss sum: 39.5592, final loss: 0.00080490, weight distance: 0.0041 (universal rank: 44451)
2025-09-22 11:35:11,891 - INFO - 
=== Worker 5 Training Example 999/1586 (global idx 8933): /home/projects/bagon/shared/imagenet512/val/n04376876/ILSVRC2012_val_00021049.JPEG ===
2025-09-22 11:35:13,214 - INFO - Example /home/projects/bagon/shared/imagenet512/val/n04376876/ILSVRC2012_val_00021049.JPEG reached epsilon at step 36, loss sum: 36.9325, final loss: 0.00081635, weight distance: 0.0033
2025-09-22 11:35:13,825 - INFO - Example 999 completed: 36 steps, loss sum: 36.9325, final loss: 0.00081635, weight distance: 0.0033 (universal rank: 44452)
2025-09-22 11:35:13,826 - INFO - 
=== Worker 5 Training Example 1000/1586 (global idx 8934): /home/projects/bagon/shared/imagenet512/val/n02939185/ILSVRC2012_val_00036084.JPEG ===
2025-09-22 11:35:15,393 - INFO - Example /home/projects/bagon/shared/imagenet512/val/n02939185/ILSVRC2012_val_00036084.JPEG reached epsilon at step 43, loss sum: 23.5567, final loss: 0.00089645, weight distance: 0.0037
2025-09-22 11:35:15,966 - INFO - Example 1000 completed: 43 steps, loss sum: 23.5567, final loss: 0.00089645, weight distance: 0.0037 (universal rank: 44453)
2025-09-22 11:35:15,967 - INFO - 
=== Worker 5 Training Example 1001/1586 (global idx 8935): /home/projects/bagon/shared/imagenet512/val/n02974003/ILSVRC2012_val_00000085.JPEG ===
2025-09-22 11:35:20,302 - INFO - Example /home/projects/bagon/shared/imagenet512/val/n02974003/ILSVRC2012_val_00000085.JPEG reached epsilon at step 122, loss sum: 61.8967, final loss: 0.00088882, weight distance: 0.0068
2025-09-22 11:35:20,872 - INFO - Example 1001 completed: 122 steps, loss sum: 61.8967, final loss: 0.00088882, weight distance: 0.0068 (universal rank: 44454)
2025-09-22 11:35:20,872 - INFO - 
=== Worker 5 Training Example 1002/1586 (global idx 8936): /home/projects/bagon/shared/imagenet512/val/n02091635/ILSVRC2012_val_00017126.JPEG ===
2025-09-22 11:35:22,278 - INFO - Example /home/projects/bagon/shared/imagenet512/val/n02091635/ILSVRC2012_val_00017126.JPEG reached epsilon at step 39, loss sum: 12.8013, final loss: 0.00083160, weight distance: 0.0033
2025-09-22 11:35:22,859 - INFO - Example 1002 completed: 39 steps, loss sum: 12.8013, final loss: 0.00083160, weight distance: 0.0033 (universal rank: 44455)
2025-09-22 11:35:22,859 - INFO - 
=== Worker 5 Training Example 1003/1586 (global idx 8937): /home/projects/bagon/shared/imagenet512/val/n03291819/ILSVRC2012_val_00034999.JPEG ===
2025-09-22 11:35:24,193 - INFO - Example /home/projects/bagon/shared/imagenet512/val/n03291819/ILSVRC2012_val_00034999.JPEG reached epsilon at step 36, loss sum: 17.6753, final loss: 0.00082779, weight distance: 0.0033
2025-09-22 11:35:24,777 - INFO - Example 1003 completed: 36 steps, loss sum: 17.6753, final loss: 0.00082779, weight distance: 0.0033 (universal rank: 44456)
2025-09-22 11:35:24,777 - INFO - 
=== Worker 5 Training Example 1004/1586 (global idx 8938): /home/projects/bagon/shared/imagenet512/val/n03133878/ILSVRC2012_val_00020891.JPEG ===
2025-09-22 11:35:26,043 - INFO - Example /home/projects/bagon/shared/imagenet512/val/n03133878/ILSVRC2012_val_00020891.JPEG reached epsilon at step 35, loss sum: 37.1060, final loss: 0.00078583, weight distance: 0.0032
2025-09-22 11:35:26,624 - INFO - Example 1004 completed: 35 steps, loss sum: 37.1060, final loss: 0.00078583, weight distance: 0.0032 (universal rank: 44457)
2025-09-22 11:35:26,624 - INFO - 
=== Worker 5 Training Example 1005/1586 (global idx 8939): /home/projects/bagon/shared/imagenet512/val/n04560804/ILSVRC2012_val_00013347.JPEG ===
2025-09-22 11:35:28,842 - INFO - Example /home/projects/bagon/shared/imagenet512/val/n04560804/ILSVRC2012_val_00013347.JPEG reached epsilon at step 62, loss sum: 16.4159, final loss: 0.00086594, weight distance: 0.0052
2025-09-22 11:35:29,417 - INFO - Example 1005 completed: 62 steps, loss sum: 16.4159, final loss: 0.00086594, weight distance: 0.0052 (universal rank: 44458)
2025-09-22 11:35:29,417 - INFO - 
=== Worker 5 Training Example 1006/1586 (global idx 8940): /home/projects/bagon/shared/imagenet512/val/n03710721/ILSVRC2012_val_00047553.JPEG ===
2025-09-22 11:35:31,058 - INFO - Example /home/projects/bagon/shared/imagenet512/val/n03710721/ILSVRC2012_val_00047553.JPEG reached epsilon at step 45, loss sum: 8.3268, final loss: 0.00090790, weight distance: 0.0040
2025-09-22 11:35:31,626 - INFO - Example 1006 completed: 45 steps, loss sum: 8.3268, final loss: 0.00090790, weight distance: 0.0040 (universal rank: 44459)
2025-09-22 11:35:31,626 - INFO - 
=== Worker 5 Training Example 1007/1586 (global idx 8941): /home/projects/bagon/shared/imagenet512/val/n02490219/ILSVRC2012_val_00042165.JPEG ===
2025-09-22 11:35:33,278 - INFO - Example /home/projects/bagon/shared/imagenet512/val/n02490219/ILSVRC2012_val_00042165.JPEG reached epsilon at step 46, loss sum: 27.5762, final loss: 0.00061035, weight distance: 0.0038
2025-09-22 11:35:33,852 - INFO - Example 1007 completed: 46 steps, loss sum: 27.5762, final loss: 0.00061035, weight distance: 0.0038 (universal rank: 44460)
2025-09-22 11:35:33,852 - INFO - 
=== Worker 5 Training Example 1008/1586 (global idx 8942): /home/projects/bagon/shared/imagenet512/val/n01978455/ILSVRC2012_val_00026314.JPEG ===
2025-09-22 11:35:35,136 - INFO - Example /home/projects/bagon/shared/imagenet512/val/n01978455/ILSVRC2012_val_00026314.JPEG reached epsilon at step 35, loss sum: 31.2593, final loss: 0.00088120, weight distance: 0.0032
2025-09-22 11:35:35,711 - INFO - Example 1008 completed: 35 steps, loss sum: 31.2593, final loss: 0.00088120, weight distance: 0.0032 (universal rank: 44461)
2025-09-22 11:35:35,711 - INFO - 
=== Worker 5 Training Example 1009/1586 (global idx 8943): /home/projects/bagon/shared/imagenet512/val/n07693725/ILSVRC2012_val_00043931.JPEG ===
2025-09-22 11:35:36,950 - INFO - Example /home/projects/bagon/shared/imagenet512/val/n07693725/ILSVRC2012_val_00043931.JPEG reached epsilon at step 34, loss sum: 35.7105, final loss: 0.00099182, weight distance: 0.0031
2025-09-22 11:35:37,536 - INFO - Example 1009 completed: 34 steps, loss sum: 35.7105, final loss: 0.00099182, weight distance: 0.0031 (universal rank: 44462)
2025-09-22 11:35:37,536 - INFO - 
=== Worker 5 Training Example 1010/1586 (global idx 8944): /home/projects/bagon/shared/imagenet512/val/n09332890/ILSVRC2012_val_00011436.JPEG ===
2025-09-22 11:35:39,310 - INFO - Example /home/projects/bagon/shared/imagenet512/val/n09332890/ILSVRC2012_val_00011436.JPEG reached epsilon at step 49, loss sum: 34.6629, final loss: 0.00093460, weight distance: 0.0041
2025-09-22 11:35:39,890 - INFO - Example 1010 completed: 49 steps, loss sum: 34.6629, final loss: 0.00093460, weight distance: 0.0041 (universal rank: 44463)
2025-09-22 11:35:39,890 - INFO - 
=== Worker 5 Training Example 1011/1586 (global idx 8945): /home/projects/bagon/shared/imagenet512/val/n04507155/ILSVRC2012_val_00048492.JPEG ===
2025-09-22 11:35:40,639 - INFO - Example /home/projects/bagon/shared/imagenet512/val/n04507155/ILSVRC2012_val_00048492.JPEG reached epsilon at step 20, loss sum: 12.1338, final loss: 0.00068283, weight distance: 0.0019
2025-09-22 11:35:41,225 - INFO - Example 1011 completed: 20 steps, loss sum: 12.1338, final loss: 0.00068283, weight distance: 0.0019 (universal rank: 44464)
2025-09-22 11:35:41,226 - INFO - 
=== Worker 5 Training Example 1012/1586 (global idx 8946): /home/projects/bagon/shared/imagenet512/val/n03781244/ILSVRC2012_val_00010547.JPEG ===
2025-09-22 11:35:42,607 - INFO - Example /home/projects/bagon/shared/imagenet512/val/n03781244/ILSVRC2012_val_00010547.JPEG reached epsilon at step 38, loss sum: 13.8428, final loss: 0.00089264, weight distance: 0.0035
2025-09-22 11:35:43,203 - INFO - Example 1012 completed: 38 steps, loss sum: 13.8428, final loss: 0.00089264, weight distance: 0.0035 (universal rank: 44465)
2025-09-22 11:35:43,204 - INFO - 
=== Worker 5 Training Example 1013/1586 (global idx 8947): /home/projects/bagon/shared/imagenet512/val/n02825657/ILSVRC2012_val_00022959.JPEG ===
2025-09-22 11:35:44,770 - INFO - Example /home/projects/bagon/shared/imagenet512/val/n02825657/ILSVRC2012_val_00022959.JPEG reached epsilon at step 43, loss sum: 25.9646, final loss: 0.00084305, weight distance: 0.0038
2025-09-22 11:35:45,341 - INFO - Example 1013 completed: 43 steps, loss sum: 25.9646, final loss: 0.00084305, weight distance: 0.0038 (universal rank: 44466)
2025-09-22 11:35:45,341 - INFO - 
=== Worker 5 Training Example 1014/1586 (global idx 8948): /home/projects/bagon/shared/imagenet512/val/n02226429/ILSVRC2012_val_00007589.JPEG ===
2025-09-22 11:35:47,331 - INFO - Example /home/projects/bagon/shared/imagenet512/val/n02226429/ILSVRC2012_val_00007589.JPEG reached epsilon at step 55, loss sum: 36.0565, final loss: 0.00096130, weight distance: 0.0046
2025-09-22 11:35:47,899 - INFO - Example 1014 completed: 55 steps, loss sum: 36.0565, final loss: 0.00096130, weight distance: 0.0046 (universal rank: 44467)
2025-09-22 11:35:47,899 - INFO - 
=== Worker 5 Training Example 1015/1586 (global idx 8949): /home/projects/bagon/shared/imagenet512/val/n04355933/ILSVRC2012_val_00030556.JPEG ===
2025-09-22 11:35:49,645 - INFO - Example /home/projects/bagon/shared/imagenet512/val/n04355933/ILSVRC2012_val_00030556.JPEG reached epsilon at step 48, loss sum: 7.2702, final loss: 0.00090790, weight distance: 0.0036
2025-09-22 11:35:50,211 - INFO - Example 1015 completed: 48 steps, loss sum: 7.2702, final loss: 0.00090790, weight distance: 0.0036 (universal rank: 44468)
2025-09-22 11:35:50,211 - INFO - 
=== Worker 5 Training Example 1016/1586 (global idx 8950): /home/projects/bagon/shared/imagenet512/val/n04263257/ILSVRC2012_val_00034989.JPEG ===
2025-09-22 11:35:51,823 - INFO - Example /home/projects/bagon/shared/imagenet512/val/n04263257/ILSVRC2012_val_00034989.JPEG reached epsilon at step 45, loss sum: 34.5726, final loss: 0.00096512, weight distance: 0.0040
2025-09-22 11:35:52,410 - INFO - Example 1016 completed: 45 steps, loss sum: 34.5726, final loss: 0.00096512, weight distance: 0.0040 (universal rank: 44470)
2025-09-22 11:35:52,410 - INFO - 
=== Worker 5 Training Example 1017/1586 (global idx 8951): /home/projects/bagon/shared/imagenet512/val/n02412080/ILSVRC2012_val_00022981.JPEG ===
2025-09-22 11:35:53,613 - INFO - Example /home/projects/bagon/shared/imagenet512/val/n02412080/ILSVRC2012_val_00022981.JPEG reached epsilon at step 33, loss sum: 8.1770, final loss: 0.00076675, weight distance: 0.0028
2025-09-22 11:35:54,314 - INFO - Example 1017 completed: 33 steps, loss sum: 8.1770, final loss: 0.00076675, weight distance: 0.0028 (universal rank: 44471)
2025-09-22 11:35:54,314 - INFO - 
=== Worker 5 Training Example 1018/1586 (global idx 8952): /home/projects/bagon/shared/imagenet512/val/n03443371/ILSVRC2012_val_00008748.JPEG ===
2025-09-22 11:35:55,201 - INFO - Example /home/projects/bagon/shared/imagenet512/val/n03443371/ILSVRC2012_val_00008748.JPEG reached epsilon at step 24, loss sum: 6.1631, final loss: 0.00093842, weight distance: 0.0022
2025-09-22 11:35:55,779 - INFO - Example 1018 completed: 24 steps, loss sum: 6.1631, final loss: 0.00093842, weight distance: 0.0022 (universal rank: 44472)
2025-09-22 11:35:55,779 - INFO - 
=== Worker 5 Training Example 1019/1586 (global idx 8953): /home/projects/bagon/shared/imagenet512/val/n02174001/ILSVRC2012_val_00023013.JPEG ===
2025-09-22 11:35:57,088 - INFO - Example /home/projects/bagon/shared/imagenet512/val/n02174001/ILSVRC2012_val_00023013.JPEG reached epsilon at step 36, loss sum: 9.5502, final loss: 0.00097656, weight distance: 0.0032
2025-09-22 11:35:57,658 - INFO - Example 1019 completed: 36 steps, loss sum: 9.5502, final loss: 0.00097656, weight distance: 0.0032 (universal rank: 44473)
2025-09-22 11:35:57,658 - INFO - 
=== Worker 5 Training Example 1020/1586 (global idx 8954): /home/projects/bagon/shared/imagenet512/val/n02804610/ILSVRC2012_val_00016450.JPEG ===
2025-09-22 11:35:59,029 - INFO - Example /home/projects/bagon/shared/imagenet512/val/n02804610/ILSVRC2012_val_00016450.JPEG reached epsilon at step 38, loss sum: 18.9763, final loss: 0.00099182, weight distance: 0.0034
2025-09-22 11:35:59,608 - INFO - Example 1020 completed: 38 steps, loss sum: 18.9763, final loss: 0.00099182, weight distance: 0.0034 (universal rank: 44474)
2025-09-22 11:35:59,608 - INFO - 
=== Worker 5 Training Example 1021/1586 (global idx 8955): /home/projects/bagon/shared/imagenet512/val/n02927161/ILSVRC2012_val_00002058.JPEG ===
2025-09-22 11:36:00,594 - INFO - Example /home/projects/bagon/shared/imagenet512/val/n02927161/ILSVRC2012_val_00002058.JPEG reached epsilon at step 26, loss sum: 3.4111, final loss: 0.00071716, weight distance: 0.0025
2025-09-22 11:36:01,172 - INFO - Example 1021 completed: 26 steps, loss sum: 3.4111, final loss: 0.00071716, weight distance: 0.0025 (universal rank: 44475)
2025-09-22 11:36:01,172 - INFO - 
=== Worker 5 Training Example 1022/1586 (global idx 8956): /home/projects/bagon/shared/imagenet512/val/n01990800/ILSVRC2012_val_00015874.JPEG ===
2025-09-22 11:36:02,268 - INFO - Example /home/projects/bagon/shared/imagenet512/val/n01990800/ILSVRC2012_val_00015874.JPEG reached epsilon at step 30, loss sum: 21.6239, final loss: 0.00095367, weight distance: 0.0027
2025-09-22 11:36:02,840 - INFO - Example 1022 completed: 30 steps, loss sum: 21.6239, final loss: 0.00095367, weight distance: 0.0027 (universal rank: 44476)
2025-09-22 11:36:02,840 - INFO - 
=== Worker 5 Training Example 1023/1586 (global idx 8957): /home/projects/bagon/shared/imagenet512/val/n02837789/ILSVRC2012_val_00016038.JPEG ===
2025-09-22 11:36:04,649 - INFO - Example /home/projects/bagon/shared/imagenet512/val/n02837789/ILSVRC2012_val_00016038.JPEG reached epsilon at step 50, loss sum: 18.7655, final loss: 0.00091934, weight distance: 0.0044
2025-09-22 11:36:05,245 - INFO - Example 1023 completed: 50 steps, loss sum: 18.7655, final loss: 0.00091934, weight distance: 0.0044 (universal rank: 44477)
2025-09-22 11:36:05,245 - INFO - 
=== Worker 5 Training Example 1024/1586 (global idx 8958): /home/projects/bagon/shared/imagenet512/val/n03658185/ILSVRC2012_val_00007617.JPEG ===
2025-09-22 11:36:06,820 - INFO - Example /home/projects/bagon/shared/imagenet512/val/n03658185/ILSVRC2012_val_00007617.JPEG reached epsilon at step 43, loss sum: 10.0439, final loss: 0.00099945, weight distance: 0.0036
2025-09-22 11:36:07,407 - INFO - Example 1024 completed: 43 steps, loss sum: 10.0439, final loss: 0.00099945, weight distance: 0.0036 (universal rank: 44478)
2025-09-22 11:36:07,408 - INFO - 
=== Worker 5 Training Example 1025/1586 (global idx 8959): /home/projects/bagon/shared/imagenet512/val/n03866082/ILSVRC2012_val_00003114.JPEG ===
2025-09-22 11:36:09,498 - INFO - Example /home/projects/bagon/shared/imagenet512/val/n03866082/ILSVRC2012_val_00003114.JPEG reached epsilon at step 58, loss sum: 19.7854, final loss: 0.00097275, weight distance: 0.0048
2025-09-22 11:36:10,066 - INFO - Example 1025 completed: 58 steps, loss sum: 19.7854, final loss: 0.00097275, weight distance: 0.0048 (universal rank: 44479)
2025-09-22 11:36:10,066 - INFO - 
=== Worker 5 Training Example 1026/1586 (global idx 8960): /home/projects/bagon/shared/imagenet512/val/n02814533/ILSVRC2012_val_00030834.JPEG ===
2025-09-22 11:36:12,703 - INFO - Example /home/projects/bagon/shared/imagenet512/val/n02814533/ILSVRC2012_val_00030834.JPEG reached epsilon at step 74, loss sum: 78.3051, final loss: 0.00081635, weight distance: 0.0057
2025-09-22 11:36:13,303 - INFO - Example 1026 completed: 74 steps, loss sum: 78.3051, final loss: 0.00081635, weight distance: 0.0057 (universal rank: 44480)
2025-09-22 11:36:13,303 - INFO - 
=== Worker 5 Training Example 1027/1586 (global idx 8961): /home/projects/bagon/shared/imagenet512/val/n03223299/ILSVRC2012_val_00046885.JPEG ===
2025-09-22 11:36:14,195 - INFO - Example /home/projects/bagon/shared/imagenet512/val/n03223299/ILSVRC2012_val_00046885.JPEG reached epsilon at step 24, loss sum: 9.9639, final loss: 0.00079727, weight distance: 0.0023
2025-09-22 11:36:14,778 - INFO - Example 1027 completed: 24 steps, loss sum: 9.9639, final loss: 0.00079727, weight distance: 0.0023 (universal rank: 44481)
2025-09-22 11:36:14,778 - INFO - 
=== Worker 5 Training Example 1028/1586 (global idx 8962): /home/projects/bagon/shared/imagenet512/val/n03476684/ILSVRC2012_val_00005666.JPEG ===
2025-09-22 11:36:16,037 - INFO - Example /home/projects/bagon/shared/imagenet512/val/n03476684/ILSVRC2012_val_00005666.JPEG reached epsilon at step 34, loss sum: 15.8974, final loss: 0.00076675, weight distance: 0.0032
2025-09-22 11:36:16,613 - INFO - Example 1028 completed: 34 steps, loss sum: 15.8974, final loss: 0.00076675, weight distance: 0.0032 (universal rank: 44482)
2025-09-22 11:36:16,613 - INFO - 
=== Worker 5 Training Example 1029/1586 (global idx 8963): /home/projects/bagon/shared/imagenet512/val/n02978881/ILSVRC2012_val_00027004.JPEG ===
2025-09-22 11:36:17,505 - INFO - Example /home/projects/bagon/shared/imagenet512/val/n02978881/ILSVRC2012_val_00027004.JPEG reached epsilon at step 23, loss sum: 6.3992, final loss: 0.00093842, weight distance: 0.0022
2025-09-22 11:36:18,095 - INFO - Example 1029 completed: 23 steps, loss sum: 6.3992, final loss: 0.00093842, weight distance: 0.0022 (universal rank: 44483)
2025-09-22 11:36:18,095 - INFO - 
=== Worker 5 Training Example 1030/1586 (global idx 8964): /home/projects/bagon/shared/imagenet512/val/n04127249/ILSVRC2012_val_00020871.JPEG ===
2025-09-22 11:36:19,550 - INFO - Example /home/projects/bagon/shared/imagenet512/val/n04127249/ILSVRC2012_val_00020871.JPEG reached epsilon at step 39, loss sum: 23.4631, final loss: 0.00097275, weight distance: 0.0033
2025-09-22 11:36:20,128 - INFO - Example 1030 completed: 39 steps, loss sum: 23.4631, final loss: 0.00097275, weight distance: 0.0033 (universal rank: 44484)
2025-09-22 11:36:20,128 - INFO - 
=== Worker 5 Training Example 1031/1586 (global idx 8965): /home/projects/bagon/shared/imagenet512/val/n02095570/ILSVRC2012_val_00044354.JPEG ===
2025-09-22 11:36:21,940 - INFO - Example /home/projects/bagon/shared/imagenet512/val/n02095570/ILSVRC2012_val_00044354.JPEG reached epsilon at step 50, loss sum: 58.9967, final loss: 0.00091934, weight distance: 0.0043
2025-09-22 11:36:22,519 - INFO - Example 1031 completed: 50 steps, loss sum: 58.9967, final loss: 0.00091934, weight distance: 0.0043 (universal rank: 44485)
2025-09-22 11:36:22,519 - INFO - 
=== Worker 5 Training Example 1032/1586 (global idx 8966): /home/projects/bagon/shared/imagenet512/val/n02951585/ILSVRC2012_val_00034830.JPEG ===
2025-09-22 11:36:24,163 - INFO - Example /home/projects/bagon/shared/imagenet512/val/n02951585/ILSVRC2012_val_00034830.JPEG reached epsilon at step 45, loss sum: 46.1754, final loss: 0.00098419, weight distance: 0.0040
2025-09-22 11:36:24,744 - INFO - Example 1032 completed: 45 steps, loss sum: 46.1754, final loss: 0.00098419, weight distance: 0.0040 (universal rank: 44486)
2025-09-22 11:36:24,744 - INFO - 
=== Worker 5 Training Example 1033/1586 (global idx 8967): /home/projects/bagon/shared/imagenet512/val/n01737021/ILSVRC2012_val_00002725.JPEG ===
2025-09-22 11:36:25,733 - INFO - Example /home/projects/bagon/shared/imagenet512/val/n01737021/ILSVRC2012_val_00002725.JPEG reached epsilon at step 27, loss sum: 21.4057, final loss: 0.00091553, weight distance: 0.0024
2025-09-22 11:36:26,318 - INFO - Example 1033 completed: 27 steps, loss sum: 21.4057, final loss: 0.00091553, weight distance: 0.0024 (universal rank: 44487)
2025-09-22 11:36:26,318 - INFO - 
=== Worker 5 Training Example 1034/1586 (global idx 8968): /home/projects/bagon/shared/imagenet512/val/n02966687/ILSVRC2012_val_00040749.JPEG ===
2025-09-22 11:36:27,632 - INFO - Example /home/projects/bagon/shared/imagenet512/val/n02966687/ILSVRC2012_val_00040749.JPEG reached epsilon at step 36, loss sum: 28.2742, final loss: 0.00070953, weight distance: 0.0032
2025-09-22 11:36:28,218 - INFO - Example 1034 completed: 36 steps, loss sum: 28.2742, final loss: 0.00070953, weight distance: 0.0032 (universal rank: 44488)
2025-09-22 11:36:28,218 - INFO - 
=== Worker 5 Training Example 1035/1586 (global idx 8969): /home/projects/bagon/shared/imagenet512/val/n02113712/ILSVRC2012_val_00027109.JPEG ===
2025-09-22 11:36:29,988 - INFO - Example /home/projects/bagon/shared/imagenet512/val/n02113712/ILSVRC2012_val_00027109.JPEG reached epsilon at step 49, loss sum: 34.8274, final loss: 0.00084305, weight distance: 0.0041
2025-09-22 11:36:30,760 - INFO - Example 1035 completed: 49 steps, loss sum: 34.8274, final loss: 0.00084305, weight distance: 0.0041 (universal rank: 44489)
2025-09-22 11:36:30,761 - INFO - 
=== Worker 5 Training Example 1036/1586 (global idx 8970): /home/projects/bagon/shared/imagenet512/val/n02109961/ILSVRC2012_val_00012657.JPEG ===
2025-09-22 11:36:33,352 - INFO - Example /home/projects/bagon/shared/imagenet512/val/n02109961/ILSVRC2012_val_00012657.JPEG reached epsilon at step 72, loss sum: 17.6458, final loss: 0.00095367, weight distance: 0.0046
2025-09-22 11:36:33,901 - INFO - Example 1036 completed: 72 steps, loss sum: 17.6458, final loss: 0.00095367, weight distance: 0.0046 (universal rank: 44490)
2025-09-22 11:36:33,901 - INFO - 
=== Worker 5 Training Example 1037/1586 (global idx 8971): /home/projects/bagon/shared/imagenet512/val/n03692522/ILSVRC2012_val_00046725.JPEG ===
2025-09-22 11:36:35,538 - INFO - Example /home/projects/bagon/shared/imagenet512/val/n03692522/ILSVRC2012_val_00046725.JPEG reached epsilon at step 45, loss sum: 80.3155, final loss: 0.00068283, weight distance: 0.0040
2025-09-22 11:36:36,480 - INFO - Example 1037 completed: 45 steps, loss sum: 80.3155, final loss: 0.00068283, weight distance: 0.0040 (universal rank: 44494)
2025-09-22 11:36:36,480 - INFO - 
=== Worker 5 Training Example 1038/1586 (global idx 8972): /home/projects/bagon/shared/imagenet512/val/n02948072/ILSVRC2012_val_00027494.JPEG ===
2025-09-22 11:36:37,861 - INFO - Example /home/projects/bagon/shared/imagenet512/val/n02948072/ILSVRC2012_val_00027494.JPEG reached epsilon at step 38, loss sum: 36.7075, final loss: 0.00074005, weight distance: 0.0033
2025-09-22 11:36:38,420 - INFO - Example 1038 completed: 38 steps, loss sum: 36.7075, final loss: 0.00074005, weight distance: 0.0033 (universal rank: 44495)
2025-09-22 11:36:38,421 - INFO - 
=== Worker 5 Training Example 1039/1586 (global idx 8973): /home/projects/bagon/shared/imagenet512/val/n03146219/ILSVRC2012_val_00021827.JPEG ===
2025-09-22 11:36:39,686 - INFO - Example /home/projects/bagon/shared/imagenet512/val/n03146219/ILSVRC2012_val_00021827.JPEG reached epsilon at step 35, loss sum: 19.5315, final loss: 0.00094223, weight distance: 0.0027
2025-09-22 11:36:40,244 - INFO - Example 1039 completed: 35 steps, loss sum: 19.5315, final loss: 0.00094223, weight distance: 0.0027 (universal rank: 44496)
2025-09-22 11:36:40,244 - INFO - 
=== Worker 5 Training Example 1040/1586 (global idx 8974): /home/projects/bagon/shared/imagenet512/val/n02504013/ILSVRC2012_val_00014219.JPEG ===
2025-09-22 11:36:41,571 - INFO - Example /home/projects/bagon/shared/imagenet512/val/n02504013/ILSVRC2012_val_00014219.JPEG reached epsilon at step 37, loss sum: 16.8344, final loss: 0.00091553, weight distance: 0.0032
2025-09-22 11:36:42,173 - INFO - Example 1040 completed: 37 steps, loss sum: 16.8344, final loss: 0.00091553, weight distance: 0.0032 (universal rank: 44497)
2025-09-22 11:36:42,173 - INFO - 
=== Worker 5 Training Example 1041/1586 (global idx 8975): /home/projects/bagon/shared/imagenet512/val/n04404412/ILSVRC2012_val_00036205.JPEG ===
2025-09-22 11:36:44,090 - INFO - Example /home/projects/bagon/shared/imagenet512/val/n04404412/ILSVRC2012_val_00036205.JPEG reached epsilon at step 53, loss sum: 46.9196, final loss: 0.00093460, weight distance: 0.0045
2025-09-22 11:36:44,645 - INFO - Example 1041 completed: 53 steps, loss sum: 46.9196, final loss: 0.00093460, weight distance: 0.0045 (universal rank: 44498)
2025-09-22 11:36:44,646 - INFO - 
=== Worker 5 Training Example 1042/1586 (global idx 8976): /home/projects/bagon/shared/imagenet512/val/n01770081/ILSVRC2012_val_00020462.JPEG ===
2025-09-22 11:36:45,685 - INFO - Example /home/projects/bagon/shared/imagenet512/val/n01770081/ILSVRC2012_val_00020462.JPEG reached epsilon at step 28, loss sum: 38.1922, final loss: 0.00064468, weight distance: 0.0026
2025-09-22 11:36:46,237 - INFO - Example 1042 completed: 28 steps, loss sum: 38.1922, final loss: 0.00064468, weight distance: 0.0026 (universal rank: 44499)
2025-09-22 11:36:46,237 - INFO - 
=== Worker 5 Training Example 1043/1586 (global idx 8977): /home/projects/bagon/shared/imagenet512/val/n09428293/ILSVRC2012_val_00008791.JPEG ===
2025-09-22 11:36:47,893 - INFO - Example /home/projects/bagon/shared/imagenet512/val/n09428293/ILSVRC2012_val_00008791.JPEG reached epsilon at step 46, loss sum: 13.0903, final loss: 0.00096130, weight distance: 0.0039
2025-09-22 11:36:49,016 - INFO - Example 1043 completed: 46 steps, loss sum: 13.0903, final loss: 0.00096130, weight distance: 0.0039 (universal rank: 44500)
2025-09-22 11:36:49,016 - INFO - 
=== Worker 5 Training Example 1044/1586 (global idx 8978): /home/projects/bagon/shared/imagenet512/val/n04238763/ILSVRC2012_val_00049850.JPEG ===
2025-09-22 11:36:51,259 - INFO - Example /home/projects/bagon/shared/imagenet512/val/n04238763/ILSVRC2012_val_00049850.JPEG reached epsilon at step 63, loss sum: 137.4212, final loss: 0.00098419, weight distance: 0.0050
2025-09-22 11:36:51,824 - INFO - Example 1044 completed: 63 steps, loss sum: 137.4212, final loss: 0.00098419, weight distance: 0.0050 (universal rank: 44502)
2025-09-22 11:36:51,824 - INFO - 
=== Worker 5 Training Example 1045/1586 (global idx 8979): /home/projects/bagon/shared/imagenet512/val/n03958227/ILSVRC2012_val_00042880.JPEG ===
2025-09-22 11:36:53,257 - INFO - Example /home/projects/bagon/shared/imagenet512/val/n03958227/ILSVRC2012_val_00042880.JPEG reached epsilon at step 40, loss sum: 99.2962, final loss: 0.00086975, weight distance: 0.0037
2025-09-22 11:36:53,834 - INFO - Example 1045 completed: 40 steps, loss sum: 99.2962, final loss: 0.00086975, weight distance: 0.0037 (universal rank: 44503)
2025-09-22 11:36:53,834 - INFO - 
=== Worker 5 Training Example 1046/1586 (global idx 8980): /home/projects/bagon/shared/imagenet512/val/n02971356/ILSVRC2012_val_00045474.JPEG ===
2025-09-22 11:36:55,719 - INFO - Example /home/projects/bagon/shared/imagenet512/val/n02971356/ILSVRC2012_val_00045474.JPEG reached epsilon at step 53, loss sum: 76.5185, final loss: 0.00098419, weight distance: 0.0044
2025-09-22 11:36:56,291 - INFO - Example 1046 completed: 53 steps, loss sum: 76.5185, final loss: 0.00098419, weight distance: 0.0044 (universal rank: 44504)
2025-09-22 11:36:56,291 - INFO - 
=== Worker 5 Training Example 1047/1586 (global idx 8981): /home/projects/bagon/shared/imagenet512/val/n02085782/ILSVRC2012_val_00010516.JPEG ===
2025-09-22 11:36:58,256 - INFO - Example /home/projects/bagon/shared/imagenet512/val/n02085782/ILSVRC2012_val_00010516.JPEG reached epsilon at step 54, loss sum: 49.7226, final loss: 0.00096512, weight distance: 0.0045
2025-09-22 11:36:58,813 - INFO - Example 1047 completed: 54 steps, loss sum: 49.7226, final loss: 0.00096512, weight distance: 0.0045 (universal rank: 44505)
2025-09-22 11:36:58,813 - INFO - 
=== Worker 5 Training Example 1048/1586 (global idx 8982): /home/projects/bagon/shared/imagenet512/val/n13133613/ILSVRC2012_val_00043235.JPEG ===
2025-09-22 11:37:01,330 - INFO - Example /home/projects/bagon/shared/imagenet512/val/n13133613/ILSVRC2012_val_00043235.JPEG reached epsilon at step 71, loss sum: 39.8827, final loss: 0.00099945, weight distance: 0.0057
2025-09-22 11:37:01,891 - INFO - Example 1048 completed: 71 steps, loss sum: 39.8827, final loss: 0.00099945, weight distance: 0.0057 (universal rank: 44506)
2025-09-22 11:37:01,891 - INFO - 
=== Worker 5 Training Example 1049/1586 (global idx 8983): /home/projects/bagon/shared/imagenet512/val/n03788365/ILSVRC2012_val_00017081.JPEG ===
2025-09-22 11:37:02,913 - INFO - Example /home/projects/bagon/shared/imagenet512/val/n03788365/ILSVRC2012_val_00017081.JPEG reached epsilon at step 28, loss sum: 16.8600, final loss: 0.00065231, weight distance: 0.0025
2025-09-22 11:37:03,481 - INFO - Example 1049 completed: 28 steps, loss sum: 16.8600, final loss: 0.00065231, weight distance: 0.0025 (universal rank: 44507)
2025-09-22 11:37:03,482 - INFO - 
=== Worker 5 Training Example 1050/1586 (global idx 8984): /home/projects/bagon/shared/imagenet512/val/n04370456/ILSVRC2012_val_00027003.JPEG ===
2025-09-22 11:37:05,440 - INFO - Example /home/projects/bagon/shared/imagenet512/val/n04370456/ILSVRC2012_val_00027003.JPEG reached epsilon at step 55, loss sum: 37.3650, final loss: 0.00094604, weight distance: 0.0046
2025-09-22 11:37:06,001 - INFO - Example 1050 completed: 55 steps, loss sum: 37.3650, final loss: 0.00094604, weight distance: 0.0046 (universal rank: 44508)
2025-09-22 11:37:06,001 - INFO - 
=== Worker 5 Training Example 1051/1586 (global idx 8985): /home/projects/bagon/shared/imagenet512/val/n03877845/ILSVRC2012_val_00005009.JPEG ===
2025-09-22 11:37:07,900 - INFO - Example /home/projects/bagon/shared/imagenet512/val/n03877845/ILSVRC2012_val_00005009.JPEG reached epsilon at step 53, loss sum: 33.8703, final loss: 0.00097275, weight distance: 0.0044
2025-09-22 11:37:08,448 - INFO - Example 1051 completed: 53 steps, loss sum: 33.8703, final loss: 0.00097275, weight distance: 0.0044 (universal rank: 44509)
2025-09-22 11:37:08,448 - INFO - 
=== Worker 5 Training Example 1052/1586 (global idx 8986): /home/projects/bagon/shared/imagenet512/val/n03710637/ILSVRC2012_val_00004531.JPEG ===
2025-09-22 11:37:10,967 - INFO - Example /home/projects/bagon/shared/imagenet512/val/n03710637/ILSVRC2012_val_00004531.JPEG reached epsilon at step 71, loss sum: 35.3140, final loss: 0.00094223, weight distance: 0.0055
2025-09-22 11:37:11,514 - INFO - Example 1052 completed: 71 steps, loss sum: 35.3140, final loss: 0.00094223, weight distance: 0.0055 (universal rank: 44510)
2025-09-22 11:37:11,514 - INFO - 
=== Worker 5 Training Example 1053/1586 (global idx 8987): /home/projects/bagon/shared/imagenet512/val/n04371430/ILSVRC2012_val_00032558.JPEG ===
2025-09-22 11:37:13,845 - INFO - Example /home/projects/bagon/shared/imagenet512/val/n04371430/ILSVRC2012_val_00032558.JPEG reached epsilon at step 65, loss sum: 62.9862, final loss: 0.00090027, weight distance: 0.0053
2025-09-22 11:37:14,414 - INFO - Example 1053 completed: 65 steps, loss sum: 62.9862, final loss: 0.00090027, weight distance: 0.0053 (universal rank: 44511)
2025-09-22 11:37:14,414 - INFO - 
=== Worker 5 Training Example 1054/1586 (global idx 8988): /home/projects/bagon/shared/imagenet512/val/n04328186/ILSVRC2012_val_00001412.JPEG ===
2025-09-22 11:37:16,018 - INFO - Example /home/projects/bagon/shared/imagenet512/val/n04328186/ILSVRC2012_val_00001412.JPEG reached epsilon at step 44, loss sum: 31.5360, final loss: 0.00090027, weight distance: 0.0040
2025-09-22 11:37:16,573 - INFO - Example 1054 completed: 44 steps, loss sum: 31.5360, final loss: 0.00090027, weight distance: 0.0040 (universal rank: 44513)
2025-09-22 11:37:16,573 - INFO - 
=== Worker 5 Training Example 1055/1586 (global idx 8989): /home/projects/bagon/shared/imagenet512/val/n02097658/ILSVRC2012_val_00035805.JPEG ===
2025-09-22 11:37:17,646 - INFO - Example /home/projects/bagon/shared/imagenet512/val/n02097658/ILSVRC2012_val_00035805.JPEG reached epsilon at step 29, loss sum: 13.3298, final loss: 0.00099182, weight distance: 0.0027
2025-09-22 11:37:18,281 - INFO - Example 1055 completed: 29 steps, loss sum: 13.3298, final loss: 0.00099182, weight distance: 0.0027 (universal rank: 44514)
2025-09-22 11:37:18,281 - INFO - 
=== Worker 5 Training Example 1056/1586 (global idx 8990): /home/projects/bagon/shared/imagenet512/val/n03666591/ILSVRC2012_val_00032801.JPEG ===
2025-09-22 11:37:19,949 - INFO - Example /home/projects/bagon/shared/imagenet512/val/n03666591/ILSVRC2012_val_00032801.JPEG reached epsilon at step 46, loss sum: 72.8710, final loss: 0.00091171, weight distance: 0.0040
2025-09-22 11:37:20,495 - INFO - Example 1056 completed: 46 steps, loss sum: 72.8710, final loss: 0.00091171, weight distance: 0.0040 (universal rank: 44515)
2025-09-22 11:37:20,495 - INFO - 
=== Worker 5 Training Example 1057/1586 (global idx 8991): /home/projects/bagon/shared/imagenet512/val/n04116512/ILSVRC2012_val_00002375.JPEG ===
2025-09-22 11:37:21,818 - INFO - Example /home/projects/bagon/shared/imagenet512/val/n04116512/ILSVRC2012_val_00002375.JPEG reached epsilon at step 36, loss sum: 35.3173, final loss: 0.00084305, weight distance: 0.0033
2025-09-22 11:37:22,381 - INFO - Example 1057 completed: 36 steps, loss sum: 35.3173, final loss: 0.00084305, weight distance: 0.0033 (universal rank: 44516)
2025-09-22 11:37:22,381 - INFO - 
=== Worker 5 Training Example 1058/1586 (global idx 8992): /home/projects/bagon/shared/imagenet512/val/n03876231/ILSVRC2012_val_00000360.JPEG ===
2025-09-22 11:37:24,064 - INFO - Example /home/projects/bagon/shared/imagenet512/val/n03876231/ILSVRC2012_val_00000360.JPEG reached epsilon at step 46, loss sum: 61.9137, final loss: 0.00082779, weight distance: 0.0037
2025-09-22 11:37:24,729 - INFO - Example 1058 completed: 46 steps, loss sum: 61.9137, final loss: 0.00082779, weight distance: 0.0037 (universal rank: 44517)
2025-09-22 11:37:24,729 - INFO - 
=== Worker 5 Training Example 1059/1586 (global idx 8993): /home/projects/bagon/shared/imagenet512/val/n09835506/ILSVRC2012_val_00002109.JPEG ===
2025-09-22 11:37:26,249 - INFO - Example /home/projects/bagon/shared/imagenet512/val/n09835506/ILSVRC2012_val_00002109.JPEG reached epsilon at step 42, loss sum: 47.6164, final loss: 0.00091171, weight distance: 0.0038
2025-09-22 11:37:26,830 - INFO - Example 1059 completed: 42 steps, loss sum: 47.6164, final loss: 0.00091171, weight distance: 0.0038 (universal rank: 44518)
2025-09-22 11:37:26,831 - INFO - 
=== Worker 5 Training Example 1060/1586 (global idx 8994): /home/projects/bagon/shared/imagenet512/val/n04325704/ILSVRC2012_val_00027092.JPEG ===
2025-09-22 11:37:27,991 - INFO - Example /home/projects/bagon/shared/imagenet512/val/n04325704/ILSVRC2012_val_00027092.JPEG reached epsilon at step 32, loss sum: 9.5648, final loss: 0.00089645, weight distance: 0.0029
2025-09-22 11:37:28,575 - INFO - Example 1060 completed: 32 steps, loss sum: 9.5648, final loss: 0.00089645, weight distance: 0.0029 (universal rank: 44519)
2025-09-22 11:37:28,575 - INFO - 
=== Worker 5 Training Example 1061/1586 (global idx 8995): /home/projects/bagon/shared/imagenet512/val/n03676483/ILSVRC2012_val_00004648.JPEG ===
2025-09-22 11:37:29,805 - INFO - Example /home/projects/bagon/shared/imagenet512/val/n03676483/ILSVRC2012_val_00004648.JPEG reached epsilon at step 34, loss sum: 37.2750, final loss: 0.00090408, weight distance: 0.0027
2025-09-22 11:37:30,516 - INFO - Example 1061 completed: 34 steps, loss sum: 37.2750, final loss: 0.00090408, weight distance: 0.0027 (universal rank: 44520)
2025-09-22 11:37:30,516 - INFO - 
=== Worker 5 Training Example 1062/1586 (global idx 8996): /home/projects/bagon/shared/imagenet512/val/n04081281/ILSVRC2012_val_00028580.JPEG ===
2025-09-22 11:37:32,121 - INFO - Example /home/projects/bagon/shared/imagenet512/val/n04081281/ILSVRC2012_val_00028580.JPEG reached epsilon at step 45, loss sum: 22.3146, final loss: 0.00090408, weight distance: 0.0039
2025-09-22 11:37:32,686 - INFO - Example 1062 completed: 45 steps, loss sum: 22.3146, final loss: 0.00090408, weight distance: 0.0039 (universal rank: 44521)
2025-09-22 11:37:32,686 - INFO - 
=== Worker 5 Training Example 1063/1586 (global idx 8997): /home/projects/bagon/shared/imagenet512/val/n04487394/ILSVRC2012_val_00045716.JPEG ===
2025-09-22 11:37:34,019 - INFO - Example /home/projects/bagon/shared/imagenet512/val/n04487394/ILSVRC2012_val_00045716.JPEG reached epsilon at step 37, loss sum: 19.2652, final loss: 0.00079346, weight distance: 0.0033
2025-09-22 11:37:34,584 - INFO - Example 1063 completed: 37 steps, loss sum: 19.2652, final loss: 0.00079346, weight distance: 0.0033 (universal rank: 44522)
2025-09-22 11:37:34,584 - INFO - 
=== Worker 5 Training Example 1064/1586 (global idx 8998): /home/projects/bagon/shared/imagenet512/val/n03891251/ILSVRC2012_val_00000192.JPEG ===
2025-09-22 11:37:35,919 - INFO - Example /home/projects/bagon/shared/imagenet512/val/n03891251/ILSVRC2012_val_00000192.JPEG reached epsilon at step 37, loss sum: 33.6926, final loss: 0.00099182, weight distance: 0.0033
2025-09-22 11:37:36,577 - INFO - Example 1064 completed: 37 steps, loss sum: 33.6926, final loss: 0.00099182, weight distance: 0.0033 (universal rank: 44523)
2025-09-22 11:37:36,578 - INFO - 
=== Worker 5 Training Example 1065/1586 (global idx 8999): /home/projects/bagon/shared/imagenet512/val/n02481823/ILSVRC2012_val_00001546.JPEG ===
2025-09-22 11:37:39,254 - INFO - Example /home/projects/bagon/shared/imagenet512/val/n02481823/ILSVRC2012_val_00001546.JPEG reached epsilon at step 75, loss sum: 112.1018, final loss: 0.00077057, weight distance: 0.0052
2025-09-22 11:37:39,802 - INFO - Example 1065 completed: 75 steps, loss sum: 112.1018, final loss: 0.00077057, weight distance: 0.0052 (universal rank: 44525)
2025-09-22 11:37:39,802 - INFO - 
=== Worker 5 Training Example 1066/1586 (global idx 9000): /home/projects/bagon/shared/imagenet512/val/n01756291/ILSVRC2012_val_00021270.JPEG ===
2025-09-22 11:37:42,933 - INFO - Example /home/projects/bagon/shared/imagenet512/val/n01756291/ILSVRC2012_val_00021270.JPEG reached epsilon at step 88, loss sum: 27.9976, final loss: 0.00095749, weight distance: 0.0066
2025-09-22 11:37:43,501 - INFO - Example 1066 completed: 88 steps, loss sum: 27.9976, final loss: 0.00095749, weight distance: 0.0066 (universal rank: 44526)
2025-09-22 11:37:43,501 - INFO - 
=== Worker 5 Training Example 1067/1586 (global idx 9001): /home/projects/bagon/shared/imagenet512/val/n02089867/ILSVRC2012_val_00025562.JPEG ===
2025-09-22 11:37:45,373 - INFO - Example /home/projects/bagon/shared/imagenet512/val/n02089867/ILSVRC2012_val_00025562.JPEG reached epsilon at step 52, loss sum: 14.3791, final loss: 0.00096893, weight distance: 0.0043
2025-09-22 11:37:46,095 - INFO - Example 1067 completed: 52 steps, loss sum: 14.3791, final loss: 0.00096893, weight distance: 0.0043 (universal rank: 44527)
2025-09-22 11:37:46,095 - INFO - 
=== Worker 5 Training Example 1068/1586 (global idx 9002): /home/projects/bagon/shared/imagenet512/val/n04200800/ILSVRC2012_val_00049450.JPEG ===
2025-09-22 11:37:47,091 - INFO - Example /home/projects/bagon/shared/imagenet512/val/n04200800/ILSVRC2012_val_00049450.JPEG reached epsilon at step 27, loss sum: 8.8772, final loss: 0.00087357, weight distance: 0.0025
2025-09-22 11:37:47,655 - INFO - Example 1068 completed: 27 steps, loss sum: 8.8772, final loss: 0.00087357, weight distance: 0.0025 (universal rank: 44529)
2025-09-22 11:37:47,655 - INFO - 
=== Worker 5 Training Example 1069/1586 (global idx 9003): /home/projects/bagon/shared/imagenet512/val/n04596742/ILSVRC2012_val_00023337.JPEG ===
2025-09-22 11:37:48,903 - INFO - Example /home/projects/bagon/shared/imagenet512/val/n04596742/ILSVRC2012_val_00023337.JPEG reached epsilon at step 34, loss sum: 16.8797, final loss: 0.00085068, weight distance: 0.0030
2025-09-22 11:37:49,473 - INFO - Example 1069 completed: 34 steps, loss sum: 16.8797, final loss: 0.00085068, weight distance: 0.0030 (universal rank: 44530)
2025-09-22 11:37:49,473 - INFO - 
=== Worker 5 Training Example 1070/1586 (global idx 9004): /home/projects/bagon/shared/imagenet512/val/n07932039/ILSVRC2012_val_00008845.JPEG ===
2025-09-22 11:37:50,672 - INFO - Example /home/projects/bagon/shared/imagenet512/val/n07932039/ILSVRC2012_val_00008845.JPEG reached epsilon at step 33, loss sum: 9.5869, final loss: 0.00074387, weight distance: 0.0031
2025-09-22 11:37:51,232 - INFO - Example 1070 completed: 33 steps, loss sum: 9.5869, final loss: 0.00074387, weight distance: 0.0031 (universal rank: 44531)
2025-09-22 11:37:51,232 - INFO - 
=== Worker 5 Training Example 1071/1586 (global idx 9005): /home/projects/bagon/shared/imagenet512/val/n03710721/ILSVRC2012_val_00041966.JPEG ===
2025-09-22 11:37:53,318 - INFO - Example /home/projects/bagon/shared/imagenet512/val/n03710721/ILSVRC2012_val_00041966.JPEG reached epsilon at step 58, loss sum: 20.5226, final loss: 0.00097275, weight distance: 0.0050
2025-09-22 11:37:53,867 - INFO - Example 1071 completed: 58 steps, loss sum: 20.5226, final loss: 0.00097275, weight distance: 0.0050 (universal rank: 44533)
2025-09-22 11:37:53,867 - INFO - 
=== Worker 5 Training Example 1072/1586 (global idx 9006): /home/projects/bagon/shared/imagenet512/val/n02408429/ILSVRC2012_val_00013548.JPEG ===
2025-09-22 11:37:55,554 - INFO - Example /home/projects/bagon/shared/imagenet512/val/n02408429/ILSVRC2012_val_00013548.JPEG reached epsilon at step 46, loss sum: 34.8767, final loss: 0.00071716, weight distance: 0.0042
2025-09-22 11:37:56,114 - INFO - Example 1072 completed: 46 steps, loss sum: 34.8767, final loss: 0.00071716, weight distance: 0.0042 (universal rank: 44534)
2025-09-22 11:37:56,114 - INFO - 
=== Worker 5 Training Example 1073/1586 (global idx 9007): /home/projects/bagon/shared/imagenet512/val/n03970156/ILSVRC2012_val_00024638.JPEG ===
2025-09-22 11:37:58,416 - INFO - Example /home/projects/bagon/shared/imagenet512/val/n03970156/ILSVRC2012_val_00024638.JPEG reached epsilon at step 64, loss sum: 56.9131, final loss: 0.00070190, weight distance: 0.0052
2025-09-22 11:37:58,965 - INFO - Example 1073 completed: 64 steps, loss sum: 56.9131, final loss: 0.00070190, weight distance: 0.0052 (universal rank: 44535)
2025-09-22 11:37:58,965 - INFO - 
=== Worker 5 Training Example 1074/1586 (global idx 9008): /home/projects/bagon/shared/imagenet512/val/n03379051/ILSVRC2012_val_00026706.JPEG ===
2025-09-22 11:38:00,540 - INFO - Example /home/projects/bagon/shared/imagenet512/val/n03379051/ILSVRC2012_val_00026706.JPEG reached epsilon at step 43, loss sum: 32.9422, final loss: 0.00085068, weight distance: 0.0038
2025-09-22 11:38:01,091 - INFO - Example 1074 completed: 43 steps, loss sum: 32.9422, final loss: 0.00085068, weight distance: 0.0038 (universal rank: 44536)
2025-09-22 11:38:01,092 - INFO - 
=== Worker 5 Training Example 1075/1586 (global idx 9009): /home/projects/bagon/shared/imagenet512/val/n03902125/ILSVRC2012_val_00011239.JPEG ===
2025-09-22 11:38:02,823 - INFO - Example /home/projects/bagon/shared/imagenet512/val/n03902125/ILSVRC2012_val_00011239.JPEG reached epsilon at step 47, loss sum: 122.2629, final loss: 0.00065231, weight distance: 0.0042
2025-09-22 11:38:03,398 - INFO - Example 1075 completed: 47 steps, loss sum: 122.2629, final loss: 0.00065231, weight distance: 0.0042 (universal rank: 44537)
2025-09-22 11:38:03,398 - INFO - 
=== Worker 5 Training Example 1076/1586 (global idx 9010): /home/projects/bagon/shared/imagenet512/val/n01860187/ILSVRC2012_val_00045505.JPEG ===
2025-09-22 11:38:05,207 - INFO - Example /home/projects/bagon/shared/imagenet512/val/n01860187/ILSVRC2012_val_00045505.JPEG reached epsilon at step 50, loss sum: 64.2328, final loss: 0.00097656, weight distance: 0.0043
2025-09-22 11:38:05,781 - INFO - Example 1076 completed: 50 steps, loss sum: 64.2328, final loss: 0.00097656, weight distance: 0.0043 (universal rank: 44538)
2025-09-22 11:38:05,781 - INFO - 
=== Worker 5 Training Example 1077/1586 (global idx 9011): /home/projects/bagon/shared/imagenet512/val/n07695742/ILSVRC2012_val_00004759.JPEG ===
2025-09-22 11:38:07,171 - INFO - Example /home/projects/bagon/shared/imagenet512/val/n07695742/ILSVRC2012_val_00004759.JPEG reached epsilon at step 38, loss sum: 16.9176, final loss: 0.00090790, weight distance: 0.0035
2025-09-22 11:38:07,735 - INFO - Example 1077 completed: 38 steps, loss sum: 16.9176, final loss: 0.00090790, weight distance: 0.0035 (universal rank: 44539)
2025-09-22 11:38:07,735 - INFO - 
=== Worker 5 Training Example 1078/1586 (global idx 9012): /home/projects/bagon/shared/imagenet512/val/n03908714/ILSVRC2012_val_00042031.JPEG ===
2025-09-22 11:38:08,832 - INFO - Example /home/projects/bagon/shared/imagenet512/val/n03908714/ILSVRC2012_val_00042031.JPEG reached epsilon at step 30, loss sum: 9.0784, final loss: 0.00083542, weight distance: 0.0027
2025-09-22 11:38:09,395 - INFO - Example 1078 completed: 30 steps, loss sum: 9.0784, final loss: 0.00083542, weight distance: 0.0027 (universal rank: 44540)
2025-09-22 11:38:09,396 - INFO - 
=== Worker 5 Training Example 1079/1586 (global idx 9013): /home/projects/bagon/shared/imagenet512/val/n02948072/ILSVRC2012_val_00025186.JPEG ===
2025-09-22 11:38:11,022 - INFO - Example /home/projects/bagon/shared/imagenet512/val/n02948072/ILSVRC2012_val_00025186.JPEG reached epsilon at step 45, loss sum: 32.0490, final loss: 0.00094986, weight distance: 0.0040
2025-09-22 11:38:11,579 - INFO - Example 1079 completed: 45 steps, loss sum: 32.0490, final loss: 0.00094986, weight distance: 0.0040 (universal rank: 44541)
2025-09-22 11:38:11,579 - INFO - 
=== Worker 5 Training Example 1080/1586 (global idx 9014): /home/projects/bagon/shared/imagenet512/val/n03180011/ILSVRC2012_val_00033297.JPEG ===
2025-09-22 11:38:14,376 - INFO - Example /home/projects/bagon/shared/imagenet512/val/n03180011/ILSVRC2012_val_00033297.JPEG reached epsilon at step 78, loss sum: 40.8474, final loss: 0.00099945, weight distance: 0.0050
2025-09-22 11:38:14,928 - INFO - Example 1080 completed: 78 steps, loss sum: 40.8474, final loss: 0.00099945, weight distance: 0.0050 (universal rank: 44542)
2025-09-22 11:38:14,929 - INFO - 
=== Worker 5 Training Example 1081/1586 (global idx 9015): /home/projects/bagon/shared/imagenet512/val/n02791270/ILSVRC2012_val_00041153.JPEG ===
2025-09-22 11:38:16,561 - INFO - Example /home/projects/bagon/shared/imagenet512/val/n02791270/ILSVRC2012_val_00041153.JPEG reached epsilon at step 45, loss sum: 65.5121, final loss: 0.00085068, weight distance: 0.0037
2025-09-22 11:38:17,126 - INFO - Example 1081 completed: 45 steps, loss sum: 65.5121, final loss: 0.00085068, weight distance: 0.0037 (universal rank: 44543)
2025-09-22 11:38:17,126 - INFO - 
=== Worker 5 Training Example 1082/1586 (global idx 9016): /home/projects/bagon/shared/imagenet512/val/n03770679/ILSVRC2012_val_00016431.JPEG ===
2025-09-22 11:38:18,806 - INFO - Example /home/projects/bagon/shared/imagenet512/val/n03770679/ILSVRC2012_val_00016431.JPEG reached epsilon at step 46, loss sum: 52.3257, final loss: 0.00097656, weight distance: 0.0040
2025-09-22 11:38:19,366 - INFO - Example 1082 completed: 46 steps, loss sum: 52.3257, final loss: 0.00097656, weight distance: 0.0040 (universal rank: 44544)
2025-09-22 11:38:19,366 - INFO - 
=== Worker 5 Training Example 1083/1586 (global idx 9017): /home/projects/bagon/shared/imagenet512/val/n01729322/ILSVRC2012_val_00003098.JPEG ===
2025-09-22 11:38:21,318 - INFO - Example /home/projects/bagon/shared/imagenet512/val/n01729322/ILSVRC2012_val_00003098.JPEG reached epsilon at step 54, loss sum: 26.3995, final loss: 0.00080490, weight distance: 0.0045
2025-09-22 11:38:21,879 - INFO - Example 1083 completed: 54 steps, loss sum: 26.3995, final loss: 0.00080490, weight distance: 0.0045 (universal rank: 44545)
2025-09-22 11:38:21,879 - INFO - 
=== Worker 5 Training Example 1084/1586 (global idx 9018): /home/projects/bagon/shared/imagenet512/val/n07584110/ILSVRC2012_val_00040476.JPEG ===
2025-09-22 11:38:22,562 - INFO - Example /home/projects/bagon/shared/imagenet512/val/n07584110/ILSVRC2012_val_00040476.JPEG reached epsilon at step 18, loss sum: 3.0624, final loss: 0.00095749, weight distance: 0.0017
2025-09-22 11:38:23,130 - INFO - Example 1084 completed: 18 steps, loss sum: 3.0624, final loss: 0.00095749, weight distance: 0.0017 (universal rank: 44547)
2025-09-22 11:38:23,130 - INFO - 
=== Worker 5 Training Example 1085/1586 (global idx 9019): /home/projects/bagon/shared/imagenet512/val/n04417672/ILSVRC2012_val_00012696.JPEG ===
2025-09-22 11:38:24,441 - INFO - Example /home/projects/bagon/shared/imagenet512/val/n04417672/ILSVRC2012_val_00012696.JPEG reached epsilon at step 36, loss sum: 19.5733, final loss: 0.00078964, weight distance: 0.0034
2025-09-22 11:38:24,989 - INFO - Example 1085 completed: 36 steps, loss sum: 19.5733, final loss: 0.00078964, weight distance: 0.0034 (universal rank: 44548)
2025-09-22 11:38:24,989 - INFO - 
=== Worker 5 Training Example 1086/1586 (global idx 9020): /home/projects/bagon/shared/imagenet512/val/n04033901/ILSVRC2012_val_00034017.JPEG ===
2025-09-22 11:38:25,750 - INFO - Example /home/projects/bagon/shared/imagenet512/val/n04033901/ILSVRC2012_val_00034017.JPEG reached epsilon at step 20, loss sum: 3.0311, final loss: 0.00088882, weight distance: 0.0019
2025-09-22 11:38:26,299 - INFO - Example 1086 completed: 20 steps, loss sum: 3.0311, final loss: 0.00088882, weight distance: 0.0019 (universal rank: 44549)
2025-09-22 11:38:26,299 - INFO - 
=== Worker 5 Training Example 1087/1586 (global idx 9021): /home/projects/bagon/shared/imagenet512/val/n04371430/ILSVRC2012_val_00011187.JPEG ===
2025-09-22 11:38:27,592 - INFO - Example /home/projects/bagon/shared/imagenet512/val/n04371430/ILSVRC2012_val_00011187.JPEG reached epsilon at step 35, loss sum: 15.9205, final loss: 0.00087738, weight distance: 0.0029
2025-09-22 11:38:28,149 - INFO - Example 1087 completed: 35 steps, loss sum: 15.9205, final loss: 0.00087738, weight distance: 0.0029 (universal rank: 44550)
2025-09-22 11:38:28,149 - INFO - 
=== Worker 5 Training Example 1088/1586 (global idx 9022): /home/projects/bagon/shared/imagenet512/val/n04118776/ILSVRC2012_val_00039429.JPEG ===
2025-09-22 11:38:30,035 - INFO - Example /home/projects/bagon/shared/imagenet512/val/n04118776/ILSVRC2012_val_00039429.JPEG reached epsilon at step 52, loss sum: 51.5548, final loss: 0.00085831, weight distance: 0.0040
2025-09-22 11:38:30,736 - INFO - Example 1088 completed: 52 steps, loss sum: 51.5548, final loss: 0.00085831, weight distance: 0.0040 (universal rank: 44551)
2025-09-22 11:38:30,736 - INFO - 
=== Worker 5 Training Example 1089/1586 (global idx 9023): /home/projects/bagon/shared/imagenet512/val/n03692522/ILSVRC2012_val_00007089.JPEG ===
2025-09-22 11:38:32,755 - INFO - Example /home/projects/bagon/shared/imagenet512/val/n03692522/ILSVRC2012_val_00007089.JPEG reached epsilon at step 56, loss sum: 52.4498, final loss: 0.00091934, weight distance: 0.0045
2025-09-22 11:38:33,300 - INFO - Example 1089 completed: 56 steps, loss sum: 52.4498, final loss: 0.00091934, weight distance: 0.0045 (universal rank: 44552)
2025-09-22 11:38:33,300 - INFO - 
=== Worker 5 Training Example 1090/1586 (global idx 9024): /home/projects/bagon/shared/imagenet512/val/n01693334/ILSVRC2012_val_00026626.JPEG ===
2025-09-22 11:38:35,580 - INFO - Example /home/projects/bagon/shared/imagenet512/val/n01693334/ILSVRC2012_val_00026626.JPEG reached epsilon at step 63, loss sum: 42.3874, final loss: 0.00097656, weight distance: 0.0048
2025-09-22 11:38:36,208 - INFO - Example 1090 completed: 63 steps, loss sum: 42.3874, final loss: 0.00097656, weight distance: 0.0048 (universal rank: 44553)
2025-09-22 11:38:36,208 - INFO - 
=== Worker 5 Training Example 1091/1586 (global idx 9025): /home/projects/bagon/shared/imagenet512/val/n02841315/ILSVRC2012_val_00010394.JPEG ===
2025-09-22 11:38:37,963 - INFO - Example /home/projects/bagon/shared/imagenet512/val/n02841315/ILSVRC2012_val_00010394.JPEG reached epsilon at step 48, loss sum: 74.1542, final loss: 0.00097656, weight distance: 0.0040
2025-09-22 11:38:38,523 - INFO - Example 1091 completed: 48 steps, loss sum: 74.1542, final loss: 0.00097656, weight distance: 0.0040 (universal rank: 44554)
2025-09-22 11:38:38,523 - INFO - 
=== Worker 5 Training Example 1092/1586 (global idx 9026): /home/projects/bagon/shared/imagenet512/val/n07718472/ILSVRC2012_val_00017427.JPEG ===
2025-09-22 11:38:39,836 - INFO - Example /home/projects/bagon/shared/imagenet512/val/n07718472/ILSVRC2012_val_00017427.JPEG reached epsilon at step 36, loss sum: 20.9795, final loss: 0.00072479, weight distance: 0.0033
2025-09-22 11:38:40,400 - INFO - Example 1092 completed: 36 steps, loss sum: 20.9795, final loss: 0.00072479, weight distance: 0.0033 (universal rank: 44556)
2025-09-22 11:38:40,401 - INFO - 
=== Worker 5 Training Example 1093/1586 (global idx 9027): /home/projects/bagon/shared/imagenet512/val/n03602883/ILSVRC2012_val_00042275.JPEG ===
2025-09-22 11:38:41,858 - INFO - Example /home/projects/bagon/shared/imagenet512/val/n03602883/ILSVRC2012_val_00042275.JPEG reached epsilon at step 40, loss sum: 37.8389, final loss: 0.00089264, weight distance: 0.0036
2025-09-22 11:38:43,019 - INFO - Example 1093 completed: 40 steps, loss sum: 37.8389, final loss: 0.00089264, weight distance: 0.0036 (universal rank: 44557)
2025-09-22 11:38:43,019 - INFO - 
=== Worker 5 Training Example 1094/1586 (global idx 9028): /home/projects/bagon/shared/imagenet512/val/n02415577/ILSVRC2012_val_00042432.JPEG ===
2025-09-22 11:38:44,499 - INFO - Example /home/projects/bagon/shared/imagenet512/val/n02415577/ILSVRC2012_val_00042432.JPEG reached epsilon at step 41, loss sum: 3.3805, final loss: 0.00082779, weight distance: 0.0035
2025-09-22 11:38:45,061 - INFO - Example 1094 completed: 41 steps, loss sum: 3.3805, final loss: 0.00082779, weight distance: 0.0035 (universal rank: 44558)
2025-09-22 11:38:45,061 - INFO - 
=== Worker 5 Training Example 1095/1586 (global idx 9029): /home/projects/bagon/shared/imagenet512/val/n02108089/ILSVRC2012_val_00009553.JPEG ===
2025-09-22 11:38:46,443 - INFO - Example /home/projects/bagon/shared/imagenet512/val/n02108089/ILSVRC2012_val_00009553.JPEG reached epsilon at step 38, loss sum: 19.0520, final loss: 0.00077057, weight distance: 0.0033
2025-09-22 11:38:47,006 - INFO - Example 1095 completed: 38 steps, loss sum: 19.0520, final loss: 0.00077057, weight distance: 0.0033 (universal rank: 44559)
2025-09-22 11:38:47,006 - INFO - 
=== Worker 5 Training Example 1096/1586 (global idx 9030): /home/projects/bagon/shared/imagenet512/val/n03710721/ILSVRC2012_val_00030318.JPEG ===
2025-09-22 11:38:49,278 - INFO - Example /home/projects/bagon/shared/imagenet512/val/n03710721/ILSVRC2012_val_00030318.JPEG reached epsilon at step 63, loss sum: 14.9506, final loss: 0.00091171, weight distance: 0.0044
2025-09-22 11:38:49,847 - INFO - Example 1096 completed: 63 steps, loss sum: 14.9506, final loss: 0.00091171, weight distance: 0.0044 (universal rank: 44561)
2025-09-22 11:38:49,847 - INFO - 
=== Worker 5 Training Example 1097/1586 (global idx 9031): /home/projects/bagon/shared/imagenet512/val/n01807496/ILSVRC2012_val_00049353.JPEG ===
2025-09-22 11:38:52,177 - INFO - Example /home/projects/bagon/shared/imagenet512/val/n01807496/ILSVRC2012_val_00049353.JPEG reached epsilon at step 65, loss sum: 74.9341, final loss: 0.00090790, weight distance: 0.0049
2025-09-22 11:38:52,732 - INFO - Example 1097 completed: 65 steps, loss sum: 74.9341, final loss: 0.00090790, weight distance: 0.0049 (universal rank: 44562)
2025-09-22 11:38:52,733 - INFO - 
=== Worker 5 Training Example 1098/1586 (global idx 9032): /home/projects/bagon/shared/imagenet512/val/n04591157/ILSVRC2012_val_00000285.JPEG ===
2025-09-22 11:38:55,216 - INFO - Example /home/projects/bagon/shared/imagenet512/val/n04591157/ILSVRC2012_val_00000285.JPEG reached epsilon at step 69, loss sum: 40.9168, final loss: 0.00099182, weight distance: 0.0052
2025-09-22 11:38:55,779 - INFO - Example 1098 completed: 69 steps, loss sum: 40.9168, final loss: 0.00099182, weight distance: 0.0052 (universal rank: 44563)
2025-09-22 11:38:55,780 - INFO - 
=== Worker 5 Training Example 1099/1586 (global idx 9033): /home/projects/bagon/shared/imagenet512/val/n03637318/ILSVRC2012_val_00007656.JPEG ===
2025-09-22 11:38:56,947 - INFO - Example /home/projects/bagon/shared/imagenet512/val/n03637318/ILSVRC2012_val_00007656.JPEG reached epsilon at step 32, loss sum: 21.4509, final loss: 0.00080490, weight distance: 0.0028
2025-09-22 11:38:57,504 - INFO - Example 1099 completed: 32 steps, loss sum: 21.4509, final loss: 0.00080490, weight distance: 0.0028 (universal rank: 44564)
2025-09-22 11:38:57,504 - INFO - 
=== Worker 5 Training Example 1100/1586 (global idx 9034): /home/projects/bagon/shared/imagenet512/val/n02894605/ILSVRC2012_val_00028816.JPEG ===
2025-09-22 11:38:59,209 - INFO - Example /home/projects/bagon/shared/imagenet512/val/n02894605/ILSVRC2012_val_00028816.JPEG reached epsilon at step 47, loss sum: 33.8526, final loss: 0.00074005, weight distance: 0.0040
2025-09-22 11:38:59,753 - INFO - Example 1100 completed: 47 steps, loss sum: 33.8526, final loss: 0.00074005, weight distance: 0.0040 (universal rank: 44565)
2025-09-22 11:38:59,753 - INFO - 
=== Worker 5 Training Example 1101/1586 (global idx 9035): /home/projects/bagon/shared/imagenet512/val/n02093991/ILSVRC2012_val_00046443.JPEG ===
2025-09-22 11:39:01,316 - INFO - Example /home/projects/bagon/shared/imagenet512/val/n02093991/ILSVRC2012_val_00046443.JPEG reached epsilon at step 43, loss sum: 8.7698, final loss: 0.00083923, weight distance: 0.0038
2025-09-22 11:39:01,867 - INFO - Example 1101 completed: 43 steps, loss sum: 8.7698, final loss: 0.00083923, weight distance: 0.0038 (universal rank: 44566)
2025-09-22 11:39:01,867 - INFO - 
=== Worker 5 Training Example 1102/1586 (global idx 9036): /home/projects/bagon/shared/imagenet512/val/n03899768/ILSVRC2012_val_00015672.JPEG ===
2025-09-22 11:39:03,291 - INFO - Example /home/projects/bagon/shared/imagenet512/val/n03899768/ILSVRC2012_val_00015672.JPEG reached epsilon at step 39, loss sum: 73.9170, final loss: 0.00061035, weight distance: 0.0034
2025-09-22 11:39:03,859 - INFO - Example 1102 completed: 39 steps, loss sum: 73.9170, final loss: 0.00061035, weight distance: 0.0034 (universal rank: 44567)
2025-09-22 11:39:03,859 - INFO - 
=== Worker 5 Training Example 1103/1586 (global idx 9037): /home/projects/bagon/shared/imagenet512/val/n03388183/ILSVRC2012_val_00005686.JPEG ===
2025-09-22 11:39:05,102 - INFO - Example /home/projects/bagon/shared/imagenet512/val/n03388183/ILSVRC2012_val_00005686.JPEG reached epsilon at step 34, loss sum: 6.9434, final loss: 0.00091171, weight distance: 0.0031
2025-09-22 11:39:05,669 - INFO - Example 1103 completed: 34 steps, loss sum: 6.9434, final loss: 0.00091171, weight distance: 0.0031 (universal rank: 44569)
2025-09-22 11:39:05,669 - INFO - 
=== Worker 5 Training Example 1104/1586 (global idx 9038): /home/projects/bagon/shared/imagenet512/val/n04179913/ILSVRC2012_val_00029533.JPEG ===
2025-09-22 11:39:07,557 - INFO - Example /home/projects/bagon/shared/imagenet512/val/n04179913/ILSVRC2012_val_00029533.JPEG reached epsilon at step 52, loss sum: 59.3477, final loss: 0.00074387, weight distance: 0.0044
2025-09-22 11:39:08,102 - INFO - Example 1104 completed: 52 steps, loss sum: 59.3477, final loss: 0.00074387, weight distance: 0.0044 (universal rank: 44570)
2025-09-22 11:39:08,102 - INFO - 
=== Worker 5 Training Example 1105/1586 (global idx 9039): /home/projects/bagon/shared/imagenet512/val/n02106662/ILSVRC2012_val_00011593.JPEG ===
2025-09-22 11:39:09,668 - INFO - Example /home/projects/bagon/shared/imagenet512/val/n02106662/ILSVRC2012_val_00011593.JPEG reached epsilon at step 43, loss sum: 14.1089, final loss: 0.00096512, weight distance: 0.0038
2025-09-22 11:39:10,209 - INFO - Example 1105 completed: 43 steps, loss sum: 14.1089, final loss: 0.00096512, weight distance: 0.0038 (universal rank: 44571)
2025-09-22 11:39:10,209 - INFO - 
=== Worker 5 Training Example 1106/1586 (global idx 9040): /home/projects/bagon/shared/imagenet512/val/n03803284/ILSVRC2012_val_00019525.JPEG ===
2025-09-22 11:39:11,576 - INFO - Example /home/projects/bagon/shared/imagenet512/val/n03803284/ILSVRC2012_val_00019525.JPEG reached epsilon at step 37, loss sum: 29.3953, final loss: 0.00098419, weight distance: 0.0034
2025-09-22 11:39:12,198 - INFO - Example 1106 completed: 37 steps, loss sum: 29.3953, final loss: 0.00098419, weight distance: 0.0034 (universal rank: 44572)
2025-09-22 11:39:12,198 - INFO - 
=== Worker 5 Training Example 1107/1586 (global idx 9041): /home/projects/bagon/shared/imagenet512/val/n04493381/ILSVRC2012_val_00048028.JPEG ===
2025-09-22 11:39:14,142 - INFO - Example /home/projects/bagon/shared/imagenet512/val/n04493381/ILSVRC2012_val_00048028.JPEG reached epsilon at step 54, loss sum: 21.9566, final loss: 0.00087357, weight distance: 0.0043
2025-09-22 11:39:14,695 - INFO - Example 1107 completed: 54 steps, loss sum: 21.9566, final loss: 0.00087357, weight distance: 0.0043 (universal rank: 44574)
2025-09-22 11:39:14,695 - INFO - 
=== Worker 5 Training Example 1108/1586 (global idx 9042): /home/projects/bagon/shared/imagenet512/val/n02099267/ILSVRC2012_val_00039543.JPEG ===
2025-09-22 11:39:16,186 - INFO - Example /home/projects/bagon/shared/imagenet512/val/n02099267/ILSVRC2012_val_00039543.JPEG reached epsilon at step 41, loss sum: 17.8118, final loss: 0.00095367, weight distance: 0.0036
2025-09-22 11:39:16,741 - INFO - Example 1108 completed: 41 steps, loss sum: 17.8118, final loss: 0.00095367, weight distance: 0.0036 (universal rank: 44576)
2025-09-22 11:39:16,741 - INFO - 
=== Worker 5 Training Example 1109/1586 (global idx 9043): /home/projects/bagon/shared/imagenet512/val/n01693334/ILSVRC2012_val_00033120.JPEG ===
2025-09-22 11:39:18,480 - INFO - Example /home/projects/bagon/shared/imagenet512/val/n01693334/ILSVRC2012_val_00033120.JPEG reached epsilon at step 48, loss sum: 4.0575, final loss: 0.00085449, weight distance: 0.0040
2025-09-22 11:39:19,037 - INFO - Example 1109 completed: 48 steps, loss sum: 4.0575, final loss: 0.00085449, weight distance: 0.0040 (universal rank: 44577)
2025-09-22 11:39:19,037 - INFO - 
=== Worker 5 Training Example 1110/1586 (global idx 9044): /home/projects/bagon/shared/imagenet512/val/n03866082/ILSVRC2012_val_00005251.JPEG ===
2025-09-22 11:39:21,455 - INFO - Example /home/projects/bagon/shared/imagenet512/val/n03866082/ILSVRC2012_val_00005251.JPEG reached epsilon at step 68, loss sum: 19.1339, final loss: 0.00094604, weight distance: 0.0038
2025-09-22 11:39:22,016 - INFO - Example 1110 completed: 68 steps, loss sum: 19.1339, final loss: 0.00094604, weight distance: 0.0038 (universal rank: 44578)
2025-09-22 11:39:22,016 - INFO - 
=== Worker 5 Training Example 1111/1586 (global idx 9045): /home/projects/bagon/shared/imagenet512/val/n01667778/ILSVRC2012_val_00013301.JPEG ===
2025-09-22 11:39:23,646 - INFO - Example /home/projects/bagon/shared/imagenet512/val/n01667778/ILSVRC2012_val_00013301.JPEG reached epsilon at step 45, loss sum: 29.1938, final loss: 0.00090408, weight distance: 0.0037
2025-09-22 11:39:24,587 - INFO - Example 1111 completed: 45 steps, loss sum: 29.1938, final loss: 0.00090408, weight distance: 0.0037 (universal rank: 44579)
2025-09-22 11:39:24,587 - INFO - 
=== Worker 5 Training Example 1112/1586 (global idx 9046): /home/projects/bagon/shared/imagenet512/val/n04254120/ILSVRC2012_val_00040456.JPEG ===
2025-09-22 11:39:26,127 - INFO - Example /home/projects/bagon/shared/imagenet512/val/n04254120/ILSVRC2012_val_00040456.JPEG reached epsilon at step 43, loss sum: 41.8954, final loss: 0.00085831, weight distance: 0.0037
2025-09-22 11:39:26,687 - INFO - Example 1112 completed: 43 steps, loss sum: 41.8954, final loss: 0.00085831, weight distance: 0.0037 (universal rank: 44580)
2025-09-22 11:39:26,687 - INFO - 
=== Worker 5 Training Example 1113/1586 (global idx 9047): /home/projects/bagon/shared/imagenet512/val/n04286575/ILSVRC2012_val_00002856.JPEG ===
2025-09-22 11:39:28,727 - INFO - Example /home/projects/bagon/shared/imagenet512/val/n04286575/ILSVRC2012_val_00002856.JPEG reached epsilon at step 57, loss sum: 154.4718, final loss: 0.00082397, weight distance: 0.0050
2025-09-22 11:39:29,269 - INFO - Example 1113 completed: 57 steps, loss sum: 154.4718, final loss: 0.00082397, weight distance: 0.0050 (universal rank: 44581)
2025-09-22 11:39:29,269 - INFO - 
=== Worker 5 Training Example 1114/1586 (global idx 9048): /home/projects/bagon/shared/imagenet512/val/n04357314/ILSVRC2012_val_00011920.JPEG ===
2025-09-22 11:39:31,905 - INFO - Example /home/projects/bagon/shared/imagenet512/val/n04357314/ILSVRC2012_val_00011920.JPEG reached epsilon at step 74, loss sum: 95.0079, final loss: 0.00091171, weight distance: 0.0058
2025-09-22 11:39:32,477 - INFO - Example 1114 completed: 74 steps, loss sum: 95.0079, final loss: 0.00091171, weight distance: 0.0058 (universal rank: 44582)
2025-09-22 11:39:32,478 - INFO - 
=== Worker 5 Training Example 1115/1586 (global idx 9049): /home/projects/bagon/shared/imagenet512/val/n02974003/ILSVRC2012_val_00019701.JPEG ===
2025-09-22 11:39:34,124 - INFO - Example /home/projects/bagon/shared/imagenet512/val/n02974003/ILSVRC2012_val_00019701.JPEG reached epsilon at step 46, loss sum: 12.8188, final loss: 0.00077820, weight distance: 0.0036
2025-09-22 11:39:34,679 - INFO - Example 1115 completed: 46 steps, loss sum: 12.8188, final loss: 0.00077820, weight distance: 0.0036 (universal rank: 44583)
2025-09-22 11:39:34,679 - INFO - 
=== Worker 5 Training Example 1116/1586 (global idx 9050): /home/projects/bagon/shared/imagenet512/val/n06874185/ILSVRC2012_val_00044492.JPEG ===
2025-09-22 11:39:36,273 - INFO - Example /home/projects/bagon/shared/imagenet512/val/n06874185/ILSVRC2012_val_00044492.JPEG reached epsilon at step 44, loss sum: 65.4429, final loss: 0.00088882, weight distance: 0.0039
2025-09-22 11:39:36,833 - INFO - Example 1116 completed: 44 steps, loss sum: 65.4429, final loss: 0.00088882, weight distance: 0.0039 (universal rank: 44584)
2025-09-22 11:39:36,833 - INFO - 
=== Worker 5 Training Example 1117/1586 (global idx 9051): /home/projects/bagon/shared/imagenet512/val/n03793489/ILSVRC2012_val_00004642.JPEG ===
2025-09-22 11:39:37,858 - INFO - Example /home/projects/bagon/shared/imagenet512/val/n03793489/ILSVRC2012_val_00004642.JPEG reached epsilon at step 28, loss sum: 25.1759, final loss: 0.00088120, weight distance: 0.0025
2025-09-22 11:39:38,406 - INFO - Example 1117 completed: 28 steps, loss sum: 25.1759, final loss: 0.00088120, weight distance: 0.0025 (universal rank: 44586)
2025-09-22 11:39:38,406 - INFO - 
=== Worker 5 Training Example 1118/1586 (global idx 9052): /home/projects/bagon/shared/imagenet512/val/n04154565/ILSVRC2012_val_00048695.JPEG ===
2025-09-22 11:39:40,242 - INFO - Example /home/projects/bagon/shared/imagenet512/val/n04154565/ILSVRC2012_val_00048695.JPEG reached epsilon at step 51, loss sum: 71.7125, final loss: 0.00089264, weight distance: 0.0042
2025-09-22 11:39:40,801 - INFO - Example 1118 completed: 51 steps, loss sum: 71.7125, final loss: 0.00089264, weight distance: 0.0042 (universal rank: 44587)
2025-09-22 11:39:40,801 - INFO - 
=== Worker 5 Training Example 1119/1586 (global idx 9053): /home/projects/bagon/shared/imagenet512/val/n02669723/ILSVRC2012_val_00012762.JPEG ===
2025-09-22 11:39:42,881 - INFO - Example /home/projects/bagon/shared/imagenet512/val/n02669723/ILSVRC2012_val_00012762.JPEG reached epsilon at step 58, loss sum: 31.6431, final loss: 0.00075912, weight distance: 0.0048
2025-09-22 11:39:43,441 - INFO - Example 1119 completed: 58 steps, loss sum: 31.6431, final loss: 0.00075912, weight distance: 0.0048 (universal rank: 44588)
2025-09-22 11:39:43,441 - INFO - 
=== Worker 5 Training Example 1120/1586 (global idx 9054): /home/projects/bagon/shared/imagenet512/val/n01756291/ILSVRC2012_val_00013418.JPEG ===
2025-09-22 11:39:45,962 - INFO - Example /home/projects/bagon/shared/imagenet512/val/n01756291/ILSVRC2012_val_00013418.JPEG reached epsilon at step 71, loss sum: 12.2300, final loss: 0.00092316, weight distance: 0.0057
2025-09-22 11:39:46,512 - INFO - Example 1120 completed: 71 steps, loss sum: 12.2300, final loss: 0.00092316, weight distance: 0.0057 (universal rank: 44589)
2025-09-22 11:39:46,513 - INFO - 
=== Worker 5 Training Example 1121/1586 (global idx 9055): /home/projects/bagon/shared/imagenet512/val/n04209133/ILSVRC2012_val_00029858.JPEG ===
2025-09-22 11:39:47,270 - INFO - Example /home/projects/bagon/shared/imagenet512/val/n04209133/ILSVRC2012_val_00029858.JPEG reached epsilon at step 20, loss sum: 0.8918, final loss: 0.00099182, weight distance: 0.0019
2025-09-22 11:39:47,827 - INFO - Example 1121 completed: 20 steps, loss sum: 0.8918, final loss: 0.00099182, weight distance: 0.0019 (universal rank: 44590)
2025-09-22 11:39:47,827 - INFO - 
=== Worker 5 Training Example 1122/1586 (global idx 9056): /home/projects/bagon/shared/imagenet512/val/n03804744/ILSVRC2012_val_00039239.JPEG ===
2025-09-22 11:39:49,288 - INFO - Example /home/projects/bagon/shared/imagenet512/val/n03804744/ILSVRC2012_val_00039239.JPEG reached epsilon at step 40, loss sum: 39.1848, final loss: 0.00099182, weight distance: 0.0035
2025-09-22 11:39:49,851 - INFO - Example 1122 completed: 40 steps, loss sum: 39.1848, final loss: 0.00099182, weight distance: 0.0035 (universal rank: 44591)
2025-09-22 11:39:49,851 - INFO - 
=== Worker 5 Training Example 1123/1586 (global idx 9057): /home/projects/bagon/shared/imagenet512/val/n03032252/ILSVRC2012_val_00022304.JPEG ===
2025-09-22 11:39:50,836 - INFO - Example /home/projects/bagon/shared/imagenet512/val/n03032252/ILSVRC2012_val_00022304.JPEG reached epsilon at step 27, loss sum: 7.6772, final loss: 0.00087357, weight distance: 0.0025
2025-09-22 11:39:51,397 - INFO - Example 1123 completed: 27 steps, loss sum: 7.6772, final loss: 0.00087357, weight distance: 0.0025 (universal rank: 44592)
2025-09-22 11:39:51,397 - INFO - 
=== Worker 5 Training Example 1124/1586 (global idx 9058): /home/projects/bagon/shared/imagenet512/val/n03041632/ILSVRC2012_val_00004379.JPEG ===
2025-09-22 11:39:52,455 - INFO - Example /home/projects/bagon/shared/imagenet512/val/n03041632/ILSVRC2012_val_00004379.JPEG reached epsilon at step 29, loss sum: 30.0608, final loss: 0.00058365, weight distance: 0.0026
2025-09-22 11:39:53,006 - INFO - Example 1124 completed: 29 steps, loss sum: 30.0608, final loss: 0.00058365, weight distance: 0.0026 (universal rank: 44593)
2025-09-22 11:39:53,006 - INFO - 
=== Worker 5 Training Example 1125/1586 (global idx 9059): /home/projects/bagon/shared/imagenet512/val/n02974003/ILSVRC2012_val_00040366.JPEG ===
2025-09-22 11:39:54,996 - INFO - Example /home/projects/bagon/shared/imagenet512/val/n02974003/ILSVRC2012_val_00040366.JPEG reached epsilon at step 55, loss sum: 36.3314, final loss: 0.00090027, weight distance: 0.0046
2025-09-22 11:39:55,548 - INFO - Example 1125 completed: 55 steps, loss sum: 36.3314, final loss: 0.00090027, weight distance: 0.0046 (universal rank: 44594)
2025-09-22 11:39:55,548 - INFO - 
=== Worker 5 Training Example 1126/1586 (global idx 9060): /home/projects/bagon/shared/imagenet512/val/n03792782/ILSVRC2012_val_00018015.JPEG ===
2025-09-22 11:39:57,283 - INFO - Example /home/projects/bagon/shared/imagenet512/val/n03792782/ILSVRC2012_val_00018015.JPEG reached epsilon at step 48, loss sum: 27.2863, final loss: 0.00087738, weight distance: 0.0042
2025-09-22 11:39:57,840 - INFO - Example 1126 completed: 48 steps, loss sum: 27.2863, final loss: 0.00087738, weight distance: 0.0042 (universal rank: 44595)
2025-09-22 11:39:57,840 - INFO - 
=== Worker 5 Training Example 1127/1586 (global idx 9061): /home/projects/bagon/shared/imagenet512/val/n03207941/ILSVRC2012_val_00015960.JPEG ===
2025-09-22 11:39:59,551 - INFO - Example /home/projects/bagon/shared/imagenet512/val/n03207941/ILSVRC2012_val_00015960.JPEG reached epsilon at step 47, loss sum: 30.8093, final loss: 0.00098419, weight distance: 0.0038
2025-09-22 11:40:00,255 - INFO - Example 1127 completed: 47 steps, loss sum: 30.8093, final loss: 0.00098419, weight distance: 0.0038 (universal rank: 44596)
2025-09-22 11:40:00,255 - INFO - 
=== Worker 5 Training Example 1128/1586 (global idx 9062): /home/projects/bagon/shared/imagenet512/val/n04404412/ILSVRC2012_val_00043496.JPEG ===
2025-09-22 11:40:01,889 - INFO - Example /home/projects/bagon/shared/imagenet512/val/n04404412/ILSVRC2012_val_00043496.JPEG reached epsilon at step 45, loss sum: 18.6039, final loss: 0.00085449, weight distance: 0.0039
2025-09-22 11:40:02,448 - INFO - Example 1128 completed: 45 steps, loss sum: 18.6039, final loss: 0.00085449, weight distance: 0.0039 (universal rank: 44597)
2025-09-22 11:40:02,448 - INFO - 
=== Worker 5 Training Example 1129/1586 (global idx 9063): /home/projects/bagon/shared/imagenet512/val/n04332243/ILSVRC2012_val_00044443.JPEG ===
2025-09-22 11:40:03,688 - INFO - Example /home/projects/bagon/shared/imagenet512/val/n04332243/ILSVRC2012_val_00044443.JPEG reached epsilon at step 34, loss sum: 13.4089, final loss: 0.00083923, weight distance: 0.0031
2025-09-22 11:40:04,253 - INFO - Example 1129 completed: 34 steps, loss sum: 13.4089, final loss: 0.00083923, weight distance: 0.0031 (universal rank: 44598)
2025-09-22 11:40:04,253 - INFO - 
=== Worker 5 Training Example 1130/1586 (global idx 9064): /home/projects/bagon/shared/imagenet512/val/n03903868/ILSVRC2012_val_00035124.JPEG ===
2025-09-22 11:40:05,219 - INFO - Example /home/projects/bagon/shared/imagenet512/val/n03903868/ILSVRC2012_val_00035124.JPEG reached epsilon at step 24, loss sum: 2.4293, final loss: 0.00097275, weight distance: 0.0023
2025-09-22 11:40:05,781 - INFO - Example 1130 completed: 24 steps, loss sum: 2.4293, final loss: 0.00097275, weight distance: 0.0023 (universal rank: 44599)
2025-09-22 11:40:05,781 - INFO - 
=== Worker 5 Training Example 1131/1586 (global idx 9065): /home/projects/bagon/shared/imagenet512/val/n03000134/ILSVRC2012_val_00046648.JPEG ===
2025-09-22 11:40:07,438 - INFO - Example /home/projects/bagon/shared/imagenet512/val/n03000134/ILSVRC2012_val_00046648.JPEG reached epsilon at step 46, loss sum: 67.4051, final loss: 0.00096893, weight distance: 0.0040
2025-09-22 11:40:07,980 - INFO - Example 1131 completed: 46 steps, loss sum: 67.4051, final loss: 0.00096893, weight distance: 0.0040 (universal rank: 44600)
2025-09-22 11:40:07,980 - INFO - 
=== Worker 5 Training Example 1132/1586 (global idx 9066): /home/projects/bagon/shared/imagenet512/val/n04330267/ILSVRC2012_val_00027327.JPEG ===
2025-09-22 11:40:09,917 - INFO - Example /home/projects/bagon/shared/imagenet512/val/n04330267/ILSVRC2012_val_00027327.JPEG reached epsilon at step 54, loss sum: 52.4937, final loss: 0.00092316, weight distance: 0.0045
2025-09-22 11:40:10,457 - INFO - Example 1132 completed: 54 steps, loss sum: 52.4937, final loss: 0.00092316, weight distance: 0.0045 (universal rank: 44601)
2025-09-22 11:40:10,457 - INFO - 
=== Worker 5 Training Example 1133/1586 (global idx 9067): /home/projects/bagon/shared/imagenet512/val/n03970156/ILSVRC2012_val_00047886.JPEG ===
2025-09-22 11:40:12,751 - INFO - Example /home/projects/bagon/shared/imagenet512/val/n03970156/ILSVRC2012_val_00047886.JPEG reached epsilon at step 64, loss sum: 49.6754, final loss: 0.00094223, weight distance: 0.0053
2025-09-22 11:40:13,307 - INFO - Example 1133 completed: 64 steps, loss sum: 49.6754, final loss: 0.00094223, weight distance: 0.0053 (universal rank: 44602)
2025-09-22 11:40:13,308 - INFO - 
=== Worker 5 Training Example 1134/1586 (global idx 9068): /home/projects/bagon/shared/imagenet512/val/n04456115/ILSVRC2012_val_00046509.JPEG ===
2025-09-22 11:40:14,457 - INFO - Example /home/projects/bagon/shared/imagenet512/val/n04456115/ILSVRC2012_val_00046509.JPEG reached epsilon at step 31, loss sum: 23.7670, final loss: 0.00073624, weight distance: 0.0029
2025-09-22 11:40:15,010 - INFO - Example 1134 completed: 31 steps, loss sum: 23.7670, final loss: 0.00073624, weight distance: 0.0029 (universal rank: 44603)
2025-09-22 11:40:15,010 - INFO - 
=== Worker 5 Training Example 1135/1586 (global idx 9069): /home/projects/bagon/shared/imagenet512/val/n03602883/ILSVRC2012_val_00030050.JPEG ===
2025-09-22 11:40:16,158 - INFO - Example /home/projects/bagon/shared/imagenet512/val/n03602883/ILSVRC2012_val_00030050.JPEG reached epsilon at step 31, loss sum: 9.2987, final loss: 0.00089645, weight distance: 0.0029
2025-09-22 11:40:16,713 - INFO - Example 1135 completed: 31 steps, loss sum: 9.2987, final loss: 0.00089645, weight distance: 0.0029 (universal rank: 44604)
2025-09-22 11:40:16,713 - INFO - 
=== Worker 5 Training Example 1136/1586 (global idx 9070): /home/projects/bagon/shared/imagenet512/val/n04501370/ILSVRC2012_val_00032392.JPEG ===
2025-09-22 11:40:18,281 - INFO - Example /home/projects/bagon/shared/imagenet512/val/n04501370/ILSVRC2012_val_00032392.JPEG reached epsilon at step 43, loss sum: 61.7760, final loss: 0.00090408, weight distance: 0.0037
2025-09-22 11:40:18,827 - INFO - Example 1136 completed: 43 steps, loss sum: 61.7760, final loss: 0.00090408, weight distance: 0.0037 (universal rank: 44605)
2025-09-22 11:40:18,827 - INFO - 
=== Worker 5 Training Example 1137/1586 (global idx 9071): /home/projects/bagon/shared/imagenet512/val/n03633091/ILSVRC2012_val_00010243.JPEG ===
2025-09-22 11:40:20,612 - INFO - Example /home/projects/bagon/shared/imagenet512/val/n03633091/ILSVRC2012_val_00010243.JPEG reached epsilon at step 50, loss sum: 52.4598, final loss: 0.00081635, weight distance: 0.0041
2025-09-22 11:40:21,155 - INFO - Example 1137 completed: 50 steps, loss sum: 52.4598, final loss: 0.00081635, weight distance: 0.0041 (universal rank: 44606)
2025-09-22 11:40:21,155 - INFO - 
=== Worker 5 Training Example 1138/1586 (global idx 9072): /home/projects/bagon/shared/imagenet512/val/n02795169/ILSVRC2012_val_00031245.JPEG ===
2025-09-22 11:40:22,769 - INFO - Example /home/projects/bagon/shared/imagenet512/val/n02795169/ILSVRC2012_val_00031245.JPEG reached epsilon at step 45, loss sum: 15.6799, final loss: 0.00082779, weight distance: 0.0038
2025-09-22 11:40:23,326 - INFO - Example 1138 completed: 45 steps, loss sum: 15.6799, final loss: 0.00082779, weight distance: 0.0038 (universal rank: 44607)
2025-09-22 11:40:23,326 - INFO - 
=== Worker 5 Training Example 1139/1586 (global idx 9073): /home/projects/bagon/shared/imagenet512/val/n01749939/ILSVRC2012_val_00046224.JPEG ===
2025-09-22 11:40:24,301 - INFO - Example /home/projects/bagon/shared/imagenet512/val/n01749939/ILSVRC2012_val_00046224.JPEG reached epsilon at step 26, loss sum: 9.3883, final loss: 0.00096512, weight distance: 0.0024
2025-09-22 11:40:24,868 - INFO - Example 1139 completed: 26 steps, loss sum: 9.3883, final loss: 0.00096512, weight distance: 0.0024 (universal rank: 44608)
2025-09-22 11:40:24,868 - INFO - 
=== Worker 5 Training Example 1140/1586 (global idx 9074): /home/projects/bagon/shared/imagenet512/val/n03337140/ILSVRC2012_val_00042663.JPEG ===
2025-09-22 11:40:26,576 - INFO - Example /home/projects/bagon/shared/imagenet512/val/n03337140/ILSVRC2012_val_00042663.JPEG reached epsilon at step 48, loss sum: 28.5262, final loss: 0.00097275, weight distance: 0.0041
2025-09-22 11:40:27,139 - INFO - Example 1140 completed: 48 steps, loss sum: 28.5262, final loss: 0.00097275, weight distance: 0.0041 (universal rank: 44609)
2025-09-22 11:40:27,139 - INFO - 
=== Worker 5 Training Example 1141/1586 (global idx 9075): /home/projects/bagon/shared/imagenet512/val/n04067472/ILSVRC2012_val_00002556.JPEG ===
2025-09-22 11:40:28,569 - INFO - Example /home/projects/bagon/shared/imagenet512/val/n04067472/ILSVRC2012_val_00002556.JPEG reached epsilon at step 40, loss sum: 60.3319, final loss: 0.00078964, weight distance: 0.0035
2025-09-22 11:40:29,129 - INFO - Example 1141 completed: 40 steps, loss sum: 60.3319, final loss: 0.00078964, weight distance: 0.0035 (universal rank: 44610)
2025-09-22 11:40:29,129 - INFO - 
=== Worker 5 Training Example 1142/1586 (global idx 9076): /home/projects/bagon/shared/imagenet512/val/n03457902/ILSVRC2012_val_00041313.JPEG ===
2025-09-22 11:40:30,360 - INFO - Example /home/projects/bagon/shared/imagenet512/val/n03457902/ILSVRC2012_val_00041313.JPEG reached epsilon at step 34, loss sum: 29.8071, final loss: 0.00079727, weight distance: 0.0032
2025-09-22 11:40:30,916 - INFO - Example 1142 completed: 34 steps, loss sum: 29.8071, final loss: 0.00079727, weight distance: 0.0032 (universal rank: 44611)
2025-09-22 11:40:30,916 - INFO - 
=== Worker 5 Training Example 1143/1586 (global idx 9077): /home/projects/bagon/shared/imagenet512/val/n02950826/ILSVRC2012_val_00005016.JPEG ===
2025-09-22 11:40:32,411 - INFO - Example /home/projects/bagon/shared/imagenet512/val/n02950826/ILSVRC2012_val_00005016.JPEG reached epsilon at step 42, loss sum: 38.2950, final loss: 0.00087738, weight distance: 0.0038
2025-09-22 11:40:32,957 - INFO - Example 1143 completed: 42 steps, loss sum: 38.2950, final loss: 0.00087738, weight distance: 0.0038 (universal rank: 44612)
2025-09-22 11:40:32,957 - INFO - 
=== Worker 5 Training Example 1144/1586 (global idx 9078): /home/projects/bagon/shared/imagenet512/val/n02823428/ILSVRC2012_val_00049690.JPEG ===
2025-09-22 11:40:34,015 - INFO - Example /home/projects/bagon/shared/imagenet512/val/n02823428/ILSVRC2012_val_00049690.JPEG reached epsilon at step 29, loss sum: 7.8462, final loss: 0.00092697, weight distance: 0.0027
2025-09-22 11:40:34,578 - INFO - Example 1144 completed: 29 steps, loss sum: 7.8462, final loss: 0.00092697, weight distance: 0.0027 (universal rank: 44613)
2025-09-22 11:40:34,578 - INFO - 
=== Worker 5 Training Example 1145/1586 (global idx 9079): /home/projects/bagon/shared/imagenet512/val/n04591157/ILSVRC2012_val_00009248.JPEG ===
2025-09-22 11:40:36,197 - INFO - Example /home/projects/bagon/shared/imagenet512/val/n04591157/ILSVRC2012_val_00009248.JPEG reached epsilon at step 45, loss sum: 46.9284, final loss: 0.00096893, weight distance: 0.0040
2025-09-22 11:40:36,754 - INFO - Example 1145 completed: 45 steps, loss sum: 46.9284, final loss: 0.00096893, weight distance: 0.0040 (universal rank: 44614)
2025-09-22 11:40:36,755 - INFO - 
=== Worker 5 Training Example 1146/1586 (global idx 9080): /home/projects/bagon/shared/imagenet512/val/n02783161/ILSVRC2012_val_00024451.JPEG ===
2025-09-22 11:40:38,544 - INFO - Example /home/projects/bagon/shared/imagenet512/val/n02783161/ILSVRC2012_val_00024451.JPEG reached epsilon at step 50, loss sum: 33.7190, final loss: 0.00085831, weight distance: 0.0042
2025-09-22 11:40:39,096 - INFO - Example 1146 completed: 50 steps, loss sum: 33.7190, final loss: 0.00085831, weight distance: 0.0042 (universal rank: 44615)
2025-09-22 11:40:39,096 - INFO - 
=== Worker 5 Training Example 1147/1586 (global idx 9081): /home/projects/bagon/shared/imagenet512/val/n02895154/ILSVRC2012_val_00015819.JPEG ===
2025-09-22 11:40:40,389 - INFO - Example /home/projects/bagon/shared/imagenet512/val/n02895154/ILSVRC2012_val_00015819.JPEG reached epsilon at step 36, loss sum: 2.6299, final loss: 0.00097656, weight distance: 0.0029
2025-09-22 11:40:40,945 - INFO - Example 1147 completed: 36 steps, loss sum: 2.6299, final loss: 0.00097656, weight distance: 0.0029 (universal rank: 44616)
2025-09-22 11:40:40,946 - INFO - 
=== Worker 5 Training Example 1148/1586 (global idx 9082): /home/projects/bagon/shared/imagenet512/val/n04259630/ILSVRC2012_val_00019264.JPEG ===
2025-09-22 11:40:42,255 - INFO - Example /home/projects/bagon/shared/imagenet512/val/n04259630/ILSVRC2012_val_00019264.JPEG reached epsilon at step 36, loss sum: 32.8749, final loss: 0.00099945, weight distance: 0.0033
2025-09-22 11:40:42,812 - INFO - Example 1148 completed: 36 steps, loss sum: 32.8749, final loss: 0.00099945, weight distance: 0.0033 (universal rank: 44617)
2025-09-22 11:40:42,812 - INFO - 
=== Worker 5 Training Example 1149/1586 (global idx 9083): /home/projects/bagon/shared/imagenet512/val/n04263257/ILSVRC2012_val_00045099.JPEG ===
2025-09-22 11:40:44,032 - INFO - Example /home/projects/bagon/shared/imagenet512/val/n04263257/ILSVRC2012_val_00045099.JPEG reached epsilon at step 34, loss sum: 13.7585, final loss: 0.00094604, weight distance: 0.0031
2025-09-22 11:40:44,585 - INFO - Example 1149 completed: 34 steps, loss sum: 13.7585, final loss: 0.00094604, weight distance: 0.0031 (universal rank: 44618)
2025-09-22 11:40:44,585 - INFO - 
=== Worker 5 Training Example 1150/1586 (global idx 9084): /home/projects/bagon/shared/imagenet512/val/n03733805/ILSVRC2012_val_00035975.JPEG ===
2025-09-22 11:40:45,749 - INFO - Example /home/projects/bagon/shared/imagenet512/val/n03733805/ILSVRC2012_val_00035975.JPEG reached epsilon at step 32, loss sum: 6.9353, final loss: 0.00068665, weight distance: 0.0030
2025-09-22 11:40:46,305 - INFO - Example 1150 completed: 32 steps, loss sum: 6.9353, final loss: 0.00068665, weight distance: 0.0030 (universal rank: 44619)
2025-09-22 11:40:46,305 - INFO - 
=== Worker 5 Training Example 1151/1586 (global idx 9085): /home/projects/bagon/shared/imagenet512/val/n09332890/ILSVRC2012_val_00043027.JPEG ===
2025-09-22 11:40:48,446 - INFO - Example /home/projects/bagon/shared/imagenet512/val/n09332890/ILSVRC2012_val_00043027.JPEG reached epsilon at step 60, loss sum: 23.3393, final loss: 0.00087357, weight distance: 0.0050
2025-09-22 11:40:49,003 - INFO - Example 1151 completed: 60 steps, loss sum: 23.3393, final loss: 0.00087357, weight distance: 0.0050 (universal rank: 44620)
2025-09-22 11:40:49,003 - INFO - 
=== Worker 5 Training Example 1152/1586 (global idx 9086): /home/projects/bagon/shared/imagenet512/val/n02092339/ILSVRC2012_val_00015848.JPEG ===
2025-09-22 11:40:49,826 - INFO - Example /home/projects/bagon/shared/imagenet512/val/n02092339/ILSVRC2012_val_00015848.JPEG reached epsilon at step 22, loss sum: 9.6411, final loss: 0.00086594, weight distance: 0.0020
2025-09-22 11:40:50,382 - INFO - Example 1152 completed: 22 steps, loss sum: 9.6411, final loss: 0.00086594, weight distance: 0.0020 (universal rank: 44622)
2025-09-22 11:40:50,382 - INFO - 
=== Worker 5 Training Example 1153/1586 (global idx 9087): /home/projects/bagon/shared/imagenet512/val/n01735189/ILSVRC2012_val_00023442.JPEG ===
2025-09-22 11:40:51,630 - INFO - Example /home/projects/bagon/shared/imagenet512/val/n01735189/ILSVRC2012_val_00023442.JPEG reached epsilon at step 34, loss sum: 15.7812, final loss: 0.00093460, weight distance: 0.0031
2025-09-22 11:40:52,188 - INFO - Example 1153 completed: 34 steps, loss sum: 15.7812, final loss: 0.00093460, weight distance: 0.0031 (universal rank: 44623)
2025-09-22 11:40:52,188 - INFO - 
=== Worker 5 Training Example 1154/1586 (global idx 9088): /home/projects/bagon/shared/imagenet512/val/n01776313/ILSVRC2012_val_00035573.JPEG ===
2025-09-22 11:40:53,737 - INFO - Example /home/projects/bagon/shared/imagenet512/val/n01776313/ILSVRC2012_val_00035573.JPEG reached epsilon at step 43, loss sum: 47.7360, final loss: 0.00072098, weight distance: 0.0039
2025-09-22 11:40:54,414 - INFO - Example 1154 completed: 43 steps, loss sum: 47.7360, final loss: 0.00072098, weight distance: 0.0039 (universal rank: 44624)
2025-09-22 11:40:54,414 - INFO - 
=== Worker 5 Training Example 1155/1586 (global idx 9089): /home/projects/bagon/shared/imagenet512/val/n04005630/ILSVRC2012_val_00041376.JPEG ===
2025-09-22 11:40:55,721 - INFO - Example /home/projects/bagon/shared/imagenet512/val/n04005630/ILSVRC2012_val_00041376.JPEG reached epsilon at step 36, loss sum: 21.7668, final loss: 0.00095367, weight distance: 0.0032
2025-09-22 11:40:56,287 - INFO - Example 1155 completed: 36 steps, loss sum: 21.7668, final loss: 0.00095367, weight distance: 0.0032 (universal rank: 44625)
2025-09-22 11:40:56,287 - INFO - 
=== Worker 5 Training Example 1156/1586 (global idx 9090): /home/projects/bagon/shared/imagenet512/val/n03888257/ILSVRC2012_val_00009593.JPEG ===
2025-09-22 11:40:58,100 - INFO - Example /home/projects/bagon/shared/imagenet512/val/n03888257/ILSVRC2012_val_00009593.JPEG reached epsilon at step 51, loss sum: 127.5823, final loss: 0.00088501, weight distance: 0.0044
2025-09-22 11:40:58,654 - INFO - Example 1156 completed: 51 steps, loss sum: 127.5823, final loss: 0.00088501, weight distance: 0.0044 (universal rank: 44626)
2025-09-22 11:40:58,654 - INFO - 
=== Worker 5 Training Example 1157/1586 (global idx 9091): /home/projects/bagon/shared/imagenet512/val/n04370456/ILSVRC2012_val_00025992.JPEG ===
2025-09-22 11:41:00,069 - INFO - Example /home/projects/bagon/shared/imagenet512/val/n04370456/ILSVRC2012_val_00025992.JPEG reached epsilon at step 39, loss sum: 19.4643, final loss: 0.00099945, weight distance: 0.0032
2025-09-22 11:41:01,566 - INFO - Example 1157 completed: 39 steps, loss sum: 19.4643, final loss: 0.00099945, weight distance: 0.0032 (universal rank: 44627)
2025-09-22 11:41:01,566 - INFO - 
=== Worker 5 Training Example 1158/1586 (global idx 9092): /home/projects/bagon/shared/imagenet512/val/n03676483/ILSVRC2012_val_00029032.JPEG ===
2025-09-22 11:41:02,973 - INFO - Example /home/projects/bagon/shared/imagenet512/val/n03676483/ILSVRC2012_val_00029032.JPEG reached epsilon at step 39, loss sum: 30.0401, final loss: 0.00094223, weight distance: 0.0036
2025-09-22 11:41:03,513 - INFO - Example 1158 completed: 39 steps, loss sum: 30.0401, final loss: 0.00094223, weight distance: 0.0036 (universal rank: 44628)
2025-09-22 11:41:03,513 - INFO - 
=== Worker 5 Training Example 1159/1586 (global idx 9093): /home/projects/bagon/shared/imagenet512/val/n04090263/ILSVRC2012_val_00029019.JPEG ===
2025-09-22 11:41:06,101 - INFO - Example /home/projects/bagon/shared/imagenet512/val/n04090263/ILSVRC2012_val_00029019.JPEG reached epsilon at step 71, loss sum: 50.5996, final loss: 0.00096512, weight distance: 0.0058
2025-09-22 11:41:07,028 - INFO - Example 1159 completed: 71 steps, loss sum: 50.5996, final loss: 0.00096512, weight distance: 0.0058 (universal rank: 44629)
2025-09-22 11:41:07,028 - INFO - 
=== Worker 5 Training Example 1160/1586 (global idx 9094): /home/projects/bagon/shared/imagenet512/val/n03372029/ILSVRC2012_val_00021856.JPEG ===
2025-09-22 11:41:08,543 - INFO - Example /home/projects/bagon/shared/imagenet512/val/n03372029/ILSVRC2012_val_00021856.JPEG reached epsilon at step 42, loss sum: 45.3772, final loss: 0.00093842, weight distance: 0.0037
2025-09-22 11:41:09,097 - INFO - Example 1160 completed: 42 steps, loss sum: 45.3772, final loss: 0.00093842, weight distance: 0.0037 (universal rank: 44630)
2025-09-22 11:41:09,098 - INFO - 
=== Worker 5 Training Example 1161/1586 (global idx 9095): /home/projects/bagon/shared/imagenet512/val/n07584110/ILSVRC2012_val_00030817.JPEG ===
2025-09-22 11:41:10,787 - INFO - Example /home/projects/bagon/shared/imagenet512/val/n07584110/ILSVRC2012_val_00030817.JPEG reached epsilon at step 47, loss sum: 69.4446, final loss: 0.00085449, weight distance: 0.0041
2025-09-22 11:41:11,347 - INFO - Example 1161 completed: 47 steps, loss sum: 69.4446, final loss: 0.00085449, weight distance: 0.0041 (universal rank: 44631)
2025-09-22 11:41:11,347 - INFO - 
=== Worker 5 Training Example 1162/1586 (global idx 9096): /home/projects/bagon/shared/imagenet512/val/n03347037/ILSVRC2012_val_00037640.JPEG ===
2025-09-22 11:41:12,565 - INFO - Example /home/projects/bagon/shared/imagenet512/val/n03347037/ILSVRC2012_val_00037640.JPEG reached epsilon at step 33, loss sum: 58.1270, final loss: 0.00093079, weight distance: 0.0030
2025-09-22 11:41:13,124 - INFO - Example 1162 completed: 33 steps, loss sum: 58.1270, final loss: 0.00093079, weight distance: 0.0030 (universal rank: 44632)
2025-09-22 11:41:13,124 - INFO - 
=== Worker 5 Training Example 1163/1586 (global idx 9097): /home/projects/bagon/shared/imagenet512/val/n02403003/ILSVRC2012_val_00042936.JPEG ===
2025-09-22 11:41:14,691 - INFO - Example /home/projects/bagon/shared/imagenet512/val/n02403003/ILSVRC2012_val_00042936.JPEG reached epsilon at step 43, loss sum: 18.2339, final loss: 0.00076294, weight distance: 0.0037
2025-09-22 11:41:15,246 - INFO - Example 1163 completed: 43 steps, loss sum: 18.2339, final loss: 0.00076294, weight distance: 0.0037 (universal rank: 44633)
2025-09-22 11:41:15,246 - INFO - 
=== Worker 5 Training Example 1164/1586 (global idx 9098): /home/projects/bagon/shared/imagenet512/val/n03868863/ILSVRC2012_val_00035346.JPEG ===
2025-09-22 11:41:16,626 - INFO - Example /home/projects/bagon/shared/imagenet512/val/n03868863/ILSVRC2012_val_00035346.JPEG reached epsilon at step 38, loss sum: 23.3236, final loss: 0.00095749, weight distance: 0.0035
2025-09-22 11:41:17,186 - INFO - Example 1164 completed: 38 steps, loss sum: 23.3236, final loss: 0.00095749, weight distance: 0.0035 (universal rank: 44634)
2025-09-22 11:41:17,186 - INFO - 
=== Worker 5 Training Example 1165/1586 (global idx 9099): /home/projects/bagon/shared/imagenet512/val/n04596742/ILSVRC2012_val_00044068.JPEG ===
2025-09-22 11:41:18,328 - INFO - Example /home/projects/bagon/shared/imagenet512/val/n04596742/ILSVRC2012_val_00044068.JPEG reached epsilon at step 31, loss sum: 5.8892, final loss: 0.00096130, weight distance: 0.0029
2025-09-22 11:41:18,880 - INFO - Example 1165 completed: 31 steps, loss sum: 5.8892, final loss: 0.00096130, weight distance: 0.0029 (universal rank: 44635)
2025-09-22 11:41:18,880 - INFO - 
=== Worker 5 Training Example 1166/1586 (global idx 9100): /home/projects/bagon/shared/imagenet512/val/n03218198/ILSVRC2012_val_00045466.JPEG ===
2025-09-22 11:41:20,101 - INFO - Example /home/projects/bagon/shared/imagenet512/val/n03218198/ILSVRC2012_val_00045466.JPEG reached epsilon at step 33, loss sum: 16.1517, final loss: 0.00070190, weight distance: 0.0030
2025-09-22 11:41:20,659 - INFO - Example 1166 completed: 33 steps, loss sum: 16.1517, final loss: 0.00070190, weight distance: 0.0030 (universal rank: 44636)
2025-09-22 11:41:20,660 - INFO - 
=== Worker 5 Training Example 1167/1586 (global idx 9101): /home/projects/bagon/shared/imagenet512/val/n02119789/ILSVRC2012_val_00042460.JPEG ===
2025-09-22 11:41:21,899 - INFO - Example /home/projects/bagon/shared/imagenet512/val/n02119789/ILSVRC2012_val_00042460.JPEG reached epsilon at step 34, loss sum: 14.3662, final loss: 0.00094986, weight distance: 0.0031
2025-09-22 11:41:22,446 - INFO - Example 1167 completed: 34 steps, loss sum: 14.3662, final loss: 0.00094986, weight distance: 0.0031 (universal rank: 44638)
2025-09-22 11:41:22,446 - INFO - 
=== Worker 5 Training Example 1168/1586 (global idx 9102): /home/projects/bagon/shared/imagenet512/val/n03871628/ILSVRC2012_val_00008492.JPEG ===
2025-09-22 11:41:23,867 - INFO - Example /home/projects/bagon/shared/imagenet512/val/n03871628/ILSVRC2012_val_00008492.JPEG reached epsilon at step 39, loss sum: 25.2607, final loss: 0.00062561, weight distance: 0.0035
2025-09-22 11:41:24,503 - INFO - Example 1168 completed: 39 steps, loss sum: 25.2607, final loss: 0.00062561, weight distance: 0.0035 (universal rank: 44639)
2025-09-22 11:41:24,504 - INFO - 
=== Worker 5 Training Example 1169/1586 (global idx 9103): /home/projects/bagon/shared/imagenet512/val/n04507155/ILSVRC2012_val_00009473.JPEG ===
2025-09-22 11:41:26,491 - INFO - Example /home/projects/bagon/shared/imagenet512/val/n04507155/ILSVRC2012_val_00009473.JPEG reached epsilon at step 55, loss sum: 85.0241, final loss: 0.00062180, weight distance: 0.0046
2025-09-22 11:41:27,263 - INFO - Example 1169 completed: 55 steps, loss sum: 85.0241, final loss: 0.00062180, weight distance: 0.0046 (universal rank: 44640)
2025-09-22 11:41:27,263 - INFO - 
=== Worker 5 Training Example 1170/1586 (global idx 9104): /home/projects/bagon/shared/imagenet512/val/n03075370/ILSVRC2012_val_00020842.JPEG ===
2025-09-22 11:41:28,973 - INFO - Example /home/projects/bagon/shared/imagenet512/val/n03075370/ILSVRC2012_val_00020842.JPEG reached epsilon at step 47, loss sum: 34.3706, final loss: 0.00085831, weight distance: 0.0039
2025-09-22 11:41:29,554 - INFO - Example 1170 completed: 47 steps, loss sum: 34.3706, final loss: 0.00085831, weight distance: 0.0039 (universal rank: 44641)
2025-09-22 11:41:29,554 - INFO - 
=== Worker 5 Training Example 1171/1586 (global idx 9105): /home/projects/bagon/shared/imagenet512/val/n04254120/ILSVRC2012_val_00034006.JPEG ===
2025-09-22 11:41:31,282 - INFO - Example /home/projects/bagon/shared/imagenet512/val/n04254120/ILSVRC2012_val_00034006.JPEG reached epsilon at step 48, loss sum: 54.2204, final loss: 0.00095749, weight distance: 0.0041
2025-09-22 11:41:31,833 - INFO - Example 1171 completed: 48 steps, loss sum: 54.2204, final loss: 0.00095749, weight distance: 0.0041 (universal rank: 44642)
2025-09-22 11:41:31,833 - INFO - 
=== Worker 5 Training Example 1172/1586 (global idx 9106): /home/projects/bagon/shared/imagenet512/val/n04462240/ILSVRC2012_val_00019896.JPEG ===
2025-09-22 11:41:32,935 - INFO - Example /home/projects/bagon/shared/imagenet512/val/n04462240/ILSVRC2012_val_00019896.JPEG reached epsilon at step 30, loss sum: 10.1530, final loss: 0.00097656, weight distance: 0.0027
2025-09-22 11:41:33,484 - INFO - Example 1172 completed: 30 steps, loss sum: 10.1530, final loss: 0.00097656, weight distance: 0.0027 (universal rank: 44643)
2025-09-22 11:41:33,484 - INFO - 
=== Worker 5 Training Example 1173/1586 (global idx 9107): /home/projects/bagon/shared/imagenet512/val/n03785016/ILSVRC2012_val_00017422.JPEG ===
2025-09-22 11:41:35,368 - INFO - Example /home/projects/bagon/shared/imagenet512/val/n03785016/ILSVRC2012_val_00017422.JPEG reached epsilon at step 52, loss sum: 22.6238, final loss: 0.00091171, weight distance: 0.0044
2025-09-22 11:41:35,924 - INFO - Example 1173 completed: 52 steps, loss sum: 22.6238, final loss: 0.00091171, weight distance: 0.0044 (universal rank: 44644)
2025-09-22 11:41:35,924 - INFO - 
=== Worker 5 Training Example 1174/1586 (global idx 9108): /home/projects/bagon/shared/imagenet512/val/n02977058/ILSVRC2012_val_00005655.JPEG ===
2025-09-22 11:41:37,458 - INFO - Example /home/projects/bagon/shared/imagenet512/val/n02977058/ILSVRC2012_val_00005655.JPEG reached epsilon at step 42, loss sum: 23.1533, final loss: 0.00076675, weight distance: 0.0036
2025-09-22 11:41:38,012 - INFO - Example 1174 completed: 42 steps, loss sum: 23.1533, final loss: 0.00076675, weight distance: 0.0036 (universal rank: 44645)
2025-09-22 11:41:38,012 - INFO - 
=== Worker 5 Training Example 1175/1586 (global idx 9109): /home/projects/bagon/shared/imagenet512/val/n07693725/ILSVRC2012_val_00004675.JPEG ===
2025-09-22 11:41:39,018 - INFO - Example /home/projects/bagon/shared/imagenet512/val/n07693725/ILSVRC2012_val_00004675.JPEG reached epsilon at step 27, loss sum: 8.7109, final loss: 0.00092316, weight distance: 0.0025
2025-09-22 11:41:39,573 - INFO - Example 1175 completed: 27 steps, loss sum: 8.7109, final loss: 0.00092316, weight distance: 0.0025 (universal rank: 44646)
2025-09-22 11:41:39,573 - INFO - 
=== Worker 5 Training Example 1176/1586 (global idx 9110): /home/projects/bagon/shared/imagenet512/val/n03899768/ILSVRC2012_val_00013559.JPEG ===
2025-09-22 11:41:40,759 - INFO - Example /home/projects/bagon/shared/imagenet512/val/n03899768/ILSVRC2012_val_00013559.JPEG reached epsilon at step 32, loss sum: 5.8460, final loss: 0.00092316, weight distance: 0.0030
2025-09-22 11:41:41,661 - INFO - Example 1176 completed: 32 steps, loss sum: 5.8460, final loss: 0.00092316, weight distance: 0.0030 (universal rank: 44647)
2025-09-22 11:41:41,661 - INFO - 
=== Worker 5 Training Example 1177/1586 (global idx 9111): /home/projects/bagon/shared/imagenet512/val/n03063599/ILSVRC2012_val_00048882.JPEG ===
2025-09-22 11:41:44,030 - INFO - Example /home/projects/bagon/shared/imagenet512/val/n03063599/ILSVRC2012_val_00048882.JPEG reached epsilon at step 64, loss sum: 106.6412, final loss: 0.00082779, weight distance: 0.0052
2025-09-22 11:41:44,613 - INFO - Example 1177 completed: 64 steps, loss sum: 106.6412, final loss: 0.00082779, weight distance: 0.0052 (universal rank: 44649)
2025-09-22 11:41:44,613 - INFO - 
=== Worker 5 Training Example 1178/1586 (global idx 9112): /home/projects/bagon/shared/imagenet512/val/n03476684/ILSVRC2012_val_00012538.JPEG ===
2025-09-22 11:41:45,330 - INFO - Example /home/projects/bagon/shared/imagenet512/val/n03476684/ILSVRC2012_val_00012538.JPEG reached epsilon at step 19, loss sum: 0.8934, final loss: 0.00079346, weight distance: 0.0018
2025-09-22 11:41:45,909 - INFO - Example 1178 completed: 19 steps, loss sum: 0.8934, final loss: 0.00079346, weight distance: 0.0018 (universal rank: 44650)
2025-09-22 11:41:45,910 - INFO - 
=== Worker 5 Training Example 1179/1586 (global idx 9113): /home/projects/bagon/shared/imagenet512/val/n04131690/ILSVRC2012_val_00041553.JPEG ===
2025-09-22 11:41:47,584 - INFO - Example /home/projects/bagon/shared/imagenet512/val/n04131690/ILSVRC2012_val_00041553.JPEG reached epsilon at step 46, loss sum: 47.1625, final loss: 0.00091171, weight distance: 0.0040
2025-09-22 11:41:48,303 - INFO - Example 1179 completed: 46 steps, loss sum: 47.1625, final loss: 0.00091171, weight distance: 0.0040 (universal rank: 44651)
2025-09-22 11:41:48,304 - INFO - 
=== Worker 5 Training Example 1180/1586 (global idx 9114): /home/projects/bagon/shared/imagenet512/val/n01871265/ILSVRC2012_val_00027280.JPEG ===
2025-09-22 11:41:50,509 - INFO - Example /home/projects/bagon/shared/imagenet512/val/n01871265/ILSVRC2012_val_00027280.JPEG reached epsilon at step 61, loss sum: 76.5605, final loss: 0.00083923, weight distance: 0.0047
2025-09-22 11:41:51,080 - INFO - Example 1180 completed: 61 steps, loss sum: 76.5605, final loss: 0.00083923, weight distance: 0.0047 (universal rank: 44652)
2025-09-22 11:41:51,080 - INFO - 
=== Worker 5 Training Example 1181/1586 (global idx 9115): /home/projects/bagon/shared/imagenet512/val/n03657121/ILSVRC2012_val_00048132.JPEG ===
2025-09-22 11:41:52,639 - INFO - Example /home/projects/bagon/shared/imagenet512/val/n03657121/ILSVRC2012_val_00048132.JPEG reached epsilon at step 43, loss sum: 53.6951, final loss: 0.00088120, weight distance: 0.0037
2025-09-22 11:41:53,218 - INFO - Example 1181 completed: 43 steps, loss sum: 53.6951, final loss: 0.00088120, weight distance: 0.0037 (universal rank: 44653)
2025-09-22 11:41:53,218 - INFO - 
=== Worker 5 Training Example 1182/1586 (global idx 9116): /home/projects/bagon/shared/imagenet512/val/n02096437/ILSVRC2012_val_00022882.JPEG ===
2025-09-22 11:41:54,147 - INFO - Example /home/projects/bagon/shared/imagenet512/val/n02096437/ILSVRC2012_val_00022882.JPEG reached epsilon at step 25, loss sum: 14.3470, final loss: 0.00077438, weight distance: 0.0024
2025-09-22 11:41:54,706 - INFO - Example 1182 completed: 25 steps, loss sum: 14.3470, final loss: 0.00077438, weight distance: 0.0024 (universal rank: 44655)
2025-09-22 11:41:54,706 - INFO - 
=== Worker 5 Training Example 1183/1586 (global idx 9117): /home/projects/bagon/shared/imagenet512/val/n03899768/ILSVRC2012_val_00014309.JPEG ===
2025-09-22 11:41:55,934 - INFO - Example /home/projects/bagon/shared/imagenet512/val/n03899768/ILSVRC2012_val_00014309.JPEG reached epsilon at step 34, loss sum: 7.5058, final loss: 0.00085831, weight distance: 0.0031
2025-09-22 11:41:56,492 - INFO - Example 1183 completed: 34 steps, loss sum: 7.5058, final loss: 0.00085831, weight distance: 0.0031 (universal rank: 44656)
2025-09-22 11:41:56,492 - INFO - 
=== Worker 5 Training Example 1184/1586 (global idx 9118): /home/projects/bagon/shared/imagenet512/val/n04443257/ILSVRC2012_val_00000561.JPEG ===
2025-09-22 11:41:58,516 - INFO - Example /home/projects/bagon/shared/imagenet512/val/n04443257/ILSVRC2012_val_00000561.JPEG reached epsilon at step 57, loss sum: 96.5934, final loss: 0.00097275, weight distance: 0.0047
2025-09-22 11:41:59,073 - INFO - Example 1184 completed: 57 steps, loss sum: 96.5934, final loss: 0.00097275, weight distance: 0.0047 (universal rank: 44659)
2025-09-22 11:41:59,073 - INFO - 
=== Worker 5 Training Example 1185/1586 (global idx 9119): /home/projects/bagon/shared/imagenet512/val/n04584207/ILSVRC2012_val_00041682.JPEG ===
2025-09-22 11:42:00,291 - INFO - Example /home/projects/bagon/shared/imagenet512/val/n04584207/ILSVRC2012_val_00041682.JPEG reached epsilon at step 33, loss sum: 41.8031, final loss: 0.00096893, weight distance: 0.0028
2025-09-22 11:42:00,839 - INFO - Example 1185 completed: 33 steps, loss sum: 41.8031, final loss: 0.00096893, weight distance: 0.0028 (universal rank: 44660)
2025-09-22 11:42:00,839 - INFO - 
=== Worker 5 Training Example 1186/1586 (global idx 9120): /home/projects/bagon/shared/imagenet512/val/n03617480/ILSVRC2012_val_00047695.JPEG ===
2025-09-22 11:42:01,920 - INFO - Example /home/projects/bagon/shared/imagenet512/val/n03617480/ILSVRC2012_val_00047695.JPEG reached epsilon at step 30, loss sum: 12.5063, final loss: 0.00088501, weight distance: 0.0025
2025-09-22 11:42:02,476 - INFO - Example 1186 completed: 30 steps, loss sum: 12.5063, final loss: 0.00088501, weight distance: 0.0025 (universal rank: 44661)
2025-09-22 11:42:02,476 - INFO - 
=== Worker 5 Training Example 1187/1586 (global idx 9121): /home/projects/bagon/shared/imagenet512/val/n02916936/ILSVRC2012_val_00048317.JPEG ===
2025-09-22 11:42:03,734 - INFO - Example /home/projects/bagon/shared/imagenet512/val/n02916936/ILSVRC2012_val_00048317.JPEG reached epsilon at step 32, loss sum: 39.5375, final loss: 0.00080109, weight distance: 0.0030
2025-09-22 11:42:04,285 - INFO - Example 1187 completed: 32 steps, loss sum: 39.5375, final loss: 0.00080109, weight distance: 0.0030 (universal rank: 44662)
2025-09-22 11:42:04,285 - INFO - 
=== Worker 5 Training Example 1188/1586 (global idx 9122): /home/projects/bagon/shared/imagenet512/val/n03843555/ILSVRC2012_val_00030676.JPEG ===
2025-09-22 11:42:06,241 - INFO - Example /home/projects/bagon/shared/imagenet512/val/n03843555/ILSVRC2012_val_00030676.JPEG reached epsilon at step 55, loss sum: 55.4437, final loss: 0.00083923, weight distance: 0.0047
2025-09-22 11:42:06,785 - INFO - Example 1188 completed: 55 steps, loss sum: 55.4437, final loss: 0.00083923, weight distance: 0.0047 (universal rank: 44663)
2025-09-22 11:42:06,785 - INFO - 
=== Worker 5 Training Example 1189/1586 (global idx 9123): /home/projects/bagon/shared/imagenet512/val/n04125021/ILSVRC2012_val_00032650.JPEG ===
2025-09-22 11:42:09,054 - INFO - Example /home/projects/bagon/shared/imagenet512/val/n04125021/ILSVRC2012_val_00032650.JPEG reached epsilon at step 64, loss sum: 44.4353, final loss: 0.00079346, weight distance: 0.0050
2025-09-22 11:42:09,602 - INFO - Example 1189 completed: 64 steps, loss sum: 44.4353, final loss: 0.00079346, weight distance: 0.0050 (universal rank: 44664)
2025-09-22 11:42:09,602 - INFO - 
=== Worker 5 Training Example 1190/1586 (global idx 9124): /home/projects/bagon/shared/imagenet512/val/n04476259/ILSVRC2012_val_00003129.JPEG ===
2025-09-22 11:42:11,317 - INFO - Example /home/projects/bagon/shared/imagenet512/val/n04476259/ILSVRC2012_val_00003129.JPEG reached epsilon at step 47, loss sum: 98.1913, final loss: 0.00093842, weight distance: 0.0041
2025-09-22 11:42:11,906 - INFO - Example 1190 completed: 47 steps, loss sum: 98.1913, final loss: 0.00093842, weight distance: 0.0041 (universal rank: 44665)
2025-09-22 11:42:11,906 - INFO - 
=== Worker 5 Training Example 1191/1586 (global idx 9125): /home/projects/bagon/shared/imagenet512/val/n01882714/ILSVRC2012_val_00047899.JPEG ===
2025-09-22 11:42:14,072 - INFO - Example /home/projects/bagon/shared/imagenet512/val/n01882714/ILSVRC2012_val_00047899.JPEG reached epsilon at step 60, loss sum: 40.5011, final loss: 0.00094223, weight distance: 0.0046
2025-09-22 11:42:14,650 - INFO - Example 1191 completed: 60 steps, loss sum: 40.5011, final loss: 0.00094223, weight distance: 0.0046 (universal rank: 44666)
2025-09-22 11:42:14,651 - INFO - 
=== Worker 5 Training Example 1192/1586 (global idx 9126): /home/projects/bagon/shared/imagenet512/val/n07836838/ILSVRC2012_val_00034148.JPEG ===
2025-09-22 11:42:16,212 - INFO - Example /home/projects/bagon/shared/imagenet512/val/n07836838/ILSVRC2012_val_00034148.JPEG reached epsilon at step 43, loss sum: 40.5391, final loss: 0.00092697, weight distance: 0.0039
2025-09-22 11:42:16,780 - INFO - Example 1192 completed: 43 steps, loss sum: 40.5391, final loss: 0.00092697, weight distance: 0.0039 (universal rank: 44667)
2025-09-22 11:42:16,780 - INFO - 
=== Worker 5 Training Example 1193/1586 (global idx 9127): /home/projects/bagon/shared/imagenet512/val/n04493381/ILSVRC2012_val_00044859.JPEG ===
2025-09-22 11:42:18,533 - INFO - Example /home/projects/bagon/shared/imagenet512/val/n04493381/ILSVRC2012_val_00044859.JPEG reached epsilon at step 48, loss sum: 6.5125, final loss: 0.00097656, weight distance: 0.0038
2025-09-22 11:42:19,105 - INFO - Example 1193 completed: 48 steps, loss sum: 6.5125, final loss: 0.00097656, weight distance: 0.0038 (universal rank: 44668)
2025-09-22 11:42:19,105 - INFO - 
=== Worker 5 Training Example 1194/1586 (global idx 9128): /home/projects/bagon/shared/imagenet512/val/n02999410/ILSVRC2012_val_00017085.JPEG ===
2025-09-22 11:42:20,571 - INFO - Example /home/projects/bagon/shared/imagenet512/val/n02999410/ILSVRC2012_val_00017085.JPEG reached epsilon at step 41, loss sum: 38.1468, final loss: 0.00076675, weight distance: 0.0037
2025-09-22 11:42:21,150 - INFO - Example 1194 completed: 41 steps, loss sum: 38.1468, final loss: 0.00076675, weight distance: 0.0037 (universal rank: 44669)
2025-09-22 11:42:21,150 - INFO - 
=== Worker 5 Training Example 1195/1586 (global idx 9129): /home/projects/bagon/shared/imagenet512/val/n03947888/ILSVRC2012_val_00001660.JPEG ===
2025-09-22 11:42:22,079 - INFO - Example /home/projects/bagon/shared/imagenet512/val/n03947888/ILSVRC2012_val_00001660.JPEG reached epsilon at step 25, loss sum: 3.6671, final loss: 0.00090027, weight distance: 0.0022
2025-09-22 11:42:22,655 - INFO - Example 1195 completed: 25 steps, loss sum: 3.6671, final loss: 0.00090027, weight distance: 0.0022 (universal rank: 44670)
2025-09-22 11:42:22,655 - INFO - 
=== Worker 5 Training Example 1196/1586 (global idx 9130): /home/projects/bagon/shared/imagenet512/val/n03814639/ILSVRC2012_val_00005600.JPEG ===
2025-09-22 11:42:24,563 - INFO - Example /home/projects/bagon/shared/imagenet512/val/n03814639/ILSVRC2012_val_00005600.JPEG reached epsilon at step 53, loss sum: 80.2739, final loss: 0.00080490, weight distance: 0.0045
2025-09-22 11:42:25,140 - INFO - Example 1196 completed: 53 steps, loss sum: 80.2739, final loss: 0.00080490, weight distance: 0.0045 (universal rank: 44672)
2025-09-22 11:42:25,140 - INFO - 
=== Worker 5 Training Example 1197/1586 (global idx 9131): /home/projects/bagon/shared/imagenet512/val/n02114367/ILSVRC2012_val_00041991.JPEG ===
2025-09-22 11:42:27,317 - INFO - Example /home/projects/bagon/shared/imagenet512/val/n02114367/ILSVRC2012_val_00041991.JPEG reached epsilon at step 61, loss sum: 72.6747, final loss: 0.00090790, weight distance: 0.0046
2025-09-22 11:42:27,882 - INFO - Example 1197 completed: 61 steps, loss sum: 72.6747, final loss: 0.00090790, weight distance: 0.0046 (universal rank: 44673)
2025-09-22 11:42:27,882 - INFO - 
=== Worker 5 Training Example 1198/1586 (global idx 9132): /home/projects/bagon/shared/imagenet512/val/n01784675/ILSVRC2012_val_00046006.JPEG ===
2025-09-22 11:42:29,372 - INFO - Example /home/projects/bagon/shared/imagenet512/val/n01784675/ILSVRC2012_val_00046006.JPEG reached epsilon at step 41, loss sum: 25.4635, final loss: 0.00083542, weight distance: 0.0037
2025-09-22 11:42:29,951 - INFO - Example 1198 completed: 41 steps, loss sum: 25.4635, final loss: 0.00083542, weight distance: 0.0037 (universal rank: 44674)
2025-09-22 11:42:29,951 - INFO - 
=== Worker 5 Training Example 1199/1586 (global idx 9133): /home/projects/bagon/shared/imagenet512/val/n02692877/ILSVRC2012_val_00048017.JPEG ===
2025-09-22 11:42:31,134 - INFO - Example /home/projects/bagon/shared/imagenet512/val/n02692877/ILSVRC2012_val_00048017.JPEG reached epsilon at step 32, loss sum: 2.9814, final loss: 0.00080490, weight distance: 0.0029
2025-09-22 11:42:31,798 - INFO - Example 1199 completed: 32 steps, loss sum: 2.9814, final loss: 0.00080490, weight distance: 0.0029 (universal rank: 44675)
2025-09-22 11:42:31,798 - INFO - 
=== Worker 5 Training Example 1200/1586 (global idx 9134): /home/projects/bagon/shared/imagenet512/val/n03690938/ILSVRC2012_val_00004454.JPEG ===
2025-09-22 11:42:33,267 - INFO - Example /home/projects/bagon/shared/imagenet512/val/n03690938/ILSVRC2012_val_00004454.JPEG reached epsilon at step 39, loss sum: 5.1735, final loss: 0.00086212, weight distance: 0.0033
2025-09-22 11:42:33,834 - INFO - Example 1200 completed: 39 steps, loss sum: 5.1735, final loss: 0.00086212, weight distance: 0.0033 (universal rank: 44676)
2025-09-22 11:42:33,834 - INFO - 
=== Worker 5 Training Example 1201/1586 (global idx 9135): /home/projects/bagon/shared/imagenet512/val/n04336792/ILSVRC2012_val_00022108.JPEG ===
2025-09-22 11:42:34,826 - INFO - Example /home/projects/bagon/shared/imagenet512/val/n04336792/ILSVRC2012_val_00022108.JPEG reached epsilon at step 26, loss sum: 18.4561, final loss: 0.00086212, weight distance: 0.0023
2025-09-22 11:42:35,431 - INFO - Example 1201 completed: 26 steps, loss sum: 18.4561, final loss: 0.00086212, weight distance: 0.0023 (universal rank: 44677)
2025-09-22 11:42:35,432 - INFO - 
=== Worker 5 Training Example 1202/1586 (global idx 9136): /home/projects/bagon/shared/imagenet512/val/n04456115/ILSVRC2012_val_00018946.JPEG ===
2025-09-22 11:42:37,468 - INFO - Example /home/projects/bagon/shared/imagenet512/val/n04456115/ILSVRC2012_val_00018946.JPEG reached epsilon at step 57, loss sum: 35.1814, final loss: 0.00098419, weight distance: 0.0044
2025-09-22 11:42:38,021 - INFO - Example 1202 completed: 57 steps, loss sum: 35.1814, final loss: 0.00098419, weight distance: 0.0044 (universal rank: 44678)
2025-09-22 11:42:38,021 - INFO - 
=== Worker 5 Training Example 1203/1586 (global idx 9137): /home/projects/bagon/shared/imagenet512/val/n07684084/ILSVRC2012_val_00006605.JPEG ===
2025-09-22 11:42:39,198 - INFO - Example /home/projects/bagon/shared/imagenet512/val/n07684084/ILSVRC2012_val_00006605.JPEG reached epsilon at step 32, loss sum: 45.6222, final loss: 0.00097656, weight distance: 0.0030
2025-09-22 11:42:39,770 - INFO - Example 1203 completed: 32 steps, loss sum: 45.6222, final loss: 0.00097656, weight distance: 0.0030 (universal rank: 44680)
2025-09-22 11:42:39,770 - INFO - 
=== Worker 5 Training Example 1204/1586 (global idx 9138): /home/projects/bagon/shared/imagenet512/val/n07583066/ILSVRC2012_val_00024633.JPEG ===
2025-09-22 11:42:41,331 - INFO - Example /home/projects/bagon/shared/imagenet512/val/n07583066/ILSVRC2012_val_00024633.JPEG reached epsilon at step 43, loss sum: 35.8955, final loss: 0.00083160, weight distance: 0.0039
2025-09-22 11:42:41,877 - INFO - Example 1204 completed: 43 steps, loss sum: 35.8955, final loss: 0.00083160, weight distance: 0.0039 (universal rank: 44681)
2025-09-22 11:42:41,877 - INFO - 
=== Worker 5 Training Example 1205/1586 (global idx 9139): /home/projects/bagon/shared/imagenet512/val/n03877845/ILSVRC2012_val_00005039.JPEG ===
2025-09-22 11:42:42,972 - INFO - Example /home/projects/bagon/shared/imagenet512/val/n03877845/ILSVRC2012_val_00005039.JPEG reached epsilon at step 30, loss sum: 4.9177, final loss: 0.00094604, weight distance: 0.0027
2025-09-22 11:42:43,518 - INFO - Example 1205 completed: 30 steps, loss sum: 4.9177, final loss: 0.00094604, weight distance: 0.0027 (universal rank: 44683)
2025-09-22 11:42:43,519 - INFO - 
=== Worker 5 Training Example 1206/1586 (global idx 9140): /home/projects/bagon/shared/imagenet512/val/n04493381/ILSVRC2012_val_00014421.JPEG ===
2025-09-22 11:42:45,101 - INFO - Example /home/projects/bagon/shared/imagenet512/val/n04493381/ILSVRC2012_val_00014421.JPEG reached epsilon at step 44, loss sum: 10.0590, final loss: 0.00096512, weight distance: 0.0034
2025-09-22 11:42:45,655 - INFO - Example 1206 completed: 44 steps, loss sum: 10.0590, final loss: 0.00096512, weight distance: 0.0034 (universal rank: 44684)
2025-09-22 11:42:45,655 - INFO - 
=== Worker 5 Training Example 1207/1586 (global idx 9141): /home/projects/bagon/shared/imagenet512/val/n02123159/ILSVRC2012_val_00007676.JPEG ===
2025-09-22 11:42:47,022 - INFO - Example /home/projects/bagon/shared/imagenet512/val/n02123159/ILSVRC2012_val_00007676.JPEG reached epsilon at step 38, loss sum: 9.6288, final loss: 0.00084305, weight distance: 0.0035
2025-09-22 11:42:47,572 - INFO - Example 1207 completed: 38 steps, loss sum: 9.6288, final loss: 0.00084305, weight distance: 0.0035 (universal rank: 44685)
2025-09-22 11:42:47,572 - INFO - 
=== Worker 5 Training Example 1208/1586 (global idx 9142): /home/projects/bagon/shared/imagenet512/val/n04330267/ILSVRC2012_val_00019610.JPEG ===
2025-09-22 11:42:48,619 - INFO - Example /home/projects/bagon/shared/imagenet512/val/n04330267/ILSVRC2012_val_00019610.JPEG reached epsilon at step 28, loss sum: 18.6718, final loss: 0.00074768, weight distance: 0.0026
2025-09-22 11:42:49,171 - INFO - Example 1208 completed: 28 steps, loss sum: 18.6718, final loss: 0.00074768, weight distance: 0.0026 (universal rank: 44686)
2025-09-22 11:42:49,171 - INFO - 
=== Worker 5 Training Example 1209/1586 (global idx 9143): /home/projects/bagon/shared/imagenet512/val/n02776631/ILSVRC2012_val_00041465.JPEG ===
2025-09-22 11:42:50,274 - INFO - Example /home/projects/bagon/shared/imagenet512/val/n02776631/ILSVRC2012_val_00041465.JPEG reached epsilon at step 30, loss sum: 12.1077, final loss: 0.00088501, weight distance: 0.0027
2025-09-22 11:42:50,826 - INFO - Example 1209 completed: 30 steps, loss sum: 12.1077, final loss: 0.00088501, weight distance: 0.0027 (universal rank: 44687)
2025-09-22 11:42:50,826 - INFO - 
=== Worker 5 Training Example 1210/1586 (global idx 9144): /home/projects/bagon/shared/imagenet512/val/n04136333/ILSVRC2012_val_00024839.JPEG ===
2025-09-22 11:42:51,675 - INFO - Example /home/projects/bagon/shared/imagenet512/val/n04136333/ILSVRC2012_val_00024839.JPEG reached epsilon at step 23, loss sum: 1.4560, final loss: 0.00076675, weight distance: 0.0022
2025-09-22 11:42:52,230 - INFO - Example 1210 completed: 23 steps, loss sum: 1.4560, final loss: 0.00076675, weight distance: 0.0022 (universal rank: 44688)
2025-09-22 11:42:52,230 - INFO - 
=== Worker 5 Training Example 1211/1586 (global idx 9145): /home/projects/bagon/shared/imagenet512/val/n03967562/ILSVRC2012_val_00040821.JPEG ===
2025-09-22 11:42:53,430 - INFO - Example /home/projects/bagon/shared/imagenet512/val/n03967562/ILSVRC2012_val_00040821.JPEG reached epsilon at step 33, loss sum: 16.1472, final loss: 0.00084305, weight distance: 0.0030
2025-09-22 11:42:53,987 - INFO - Example 1211 completed: 33 steps, loss sum: 16.1472, final loss: 0.00084305, weight distance: 0.0030 (universal rank: 44689)
2025-09-22 11:42:53,987 - INFO - 
=== Worker 5 Training Example 1212/1586 (global idx 9146): /home/projects/bagon/shared/imagenet512/val/n04270147/ILSVRC2012_val_00031162.JPEG ===
2025-09-22 11:42:56,062 - INFO - Example /home/projects/bagon/shared/imagenet512/val/n04270147/ILSVRC2012_val_00031162.JPEG reached epsilon at step 58, loss sum: 138.6784, final loss: 0.00099182, weight distance: 0.0048
2025-09-22 11:42:56,614 - INFO - Example 1212 completed: 58 steps, loss sum: 138.6784, final loss: 0.00099182, weight distance: 0.0048 (universal rank: 44690)
2025-09-22 11:42:56,614 - INFO - 
=== Worker 5 Training Example 1213/1586 (global idx 9147): /home/projects/bagon/shared/imagenet512/val/n04152593/ILSVRC2012_val_00043058.JPEG ===
2025-09-22 11:43:00,217 - INFO - Example /home/projects/bagon/shared/imagenet512/val/n04152593/ILSVRC2012_val_00043058.JPEG reached epsilon at step 101, loss sum: 14.1378, final loss: 0.00091553, weight distance: 0.0046
2025-09-22 11:43:01,028 - INFO - Example 1213 completed: 101 steps, loss sum: 14.1378, final loss: 0.00091553, weight distance: 0.0046 (universal rank: 44692)
2025-09-22 11:43:01,028 - INFO - 
=== Worker 5 Training Example 1214/1586 (global idx 9148): /home/projects/bagon/shared/imagenet512/val/n02229544/ILSVRC2012_val_00003874.JPEG ===
2025-09-22 11:43:02,768 - INFO - Example /home/projects/bagon/shared/imagenet512/val/n02229544/ILSVRC2012_val_00003874.JPEG reached epsilon at step 48, loss sum: 9.1902, final loss: 0.00085831, weight distance: 0.0041
2025-09-22 11:43:03,322 - INFO - Example 1214 completed: 48 steps, loss sum: 9.1902, final loss: 0.00085831, weight distance: 0.0041 (universal rank: 44693)
2025-09-22 11:43:03,322 - INFO - 
=== Worker 5 Training Example 1215/1586 (global idx 9149): /home/projects/bagon/shared/imagenet512/val/n04258138/ILSVRC2012_val_00028128.JPEG ===
2025-09-22 11:43:04,852 - INFO - Example /home/projects/bagon/shared/imagenet512/val/n04258138/ILSVRC2012_val_00028128.JPEG reached epsilon at step 42, loss sum: 134.6791, final loss: 0.00076294, weight distance: 0.0039
2025-09-22 11:43:05,412 - INFO - Example 1215 completed: 42 steps, loss sum: 134.6791, final loss: 0.00076294, weight distance: 0.0039 (universal rank: 44694)
2025-09-22 11:43:05,412 - INFO - 
=== Worker 5 Training Example 1216/1586 (global idx 9150): /home/projects/bagon/shared/imagenet512/val/n04009552/ILSVRC2012_val_00038851.JPEG ===
2025-09-22 11:43:06,772 - INFO - Example /home/projects/bagon/shared/imagenet512/val/n04009552/ILSVRC2012_val_00038851.JPEG reached epsilon at step 37, loss sum: 24.1779, final loss: 0.00099945, weight distance: 0.0033
2025-09-22 11:43:07,325 - INFO - Example 1216 completed: 37 steps, loss sum: 24.1779, final loss: 0.00099945, weight distance: 0.0033 (universal rank: 44695)
2025-09-22 11:43:07,325 - INFO - 
=== Worker 5 Training Example 1217/1586 (global idx 9151): /home/projects/bagon/shared/imagenet512/val/n01687978/ILSVRC2012_val_00014902.JPEG ===
2025-09-22 11:43:08,988 - INFO - Example /home/projects/bagon/shared/imagenet512/val/n01687978/ILSVRC2012_val_00014902.JPEG reached epsilon at step 46, loss sum: 38.3661, final loss: 0.00086975, weight distance: 0.0039
2025-09-22 11:43:09,577 - INFO - Example 1217 completed: 46 steps, loss sum: 38.3661, final loss: 0.00086975, weight distance: 0.0039 (universal rank: 44696)
2025-09-22 11:43:09,577 - INFO - 
=== Worker 5 Training Example 1218/1586 (global idx 9152): /home/projects/bagon/shared/imagenet512/val/n04404412/ILSVRC2012_val_00019108.JPEG ===
2025-09-22 11:43:11,104 - INFO - Example /home/projects/bagon/shared/imagenet512/val/n04404412/ILSVRC2012_val_00019108.JPEG reached epsilon at step 42, loss sum: 19.1039, final loss: 0.00096893, weight distance: 0.0037
2025-09-22 11:43:11,720 - INFO - Example 1218 completed: 42 steps, loss sum: 19.1039, final loss: 0.00096893, weight distance: 0.0037 (universal rank: 44697)
2025-09-22 11:43:11,721 - INFO - 
=== Worker 5 Training Example 1219/1586 (global idx 9153): /home/projects/bagon/shared/imagenet512/val/n02916936/ILSVRC2012_val_00019991.JPEG ===
2025-09-22 11:43:13,636 - INFO - Example /home/projects/bagon/shared/imagenet512/val/n02916936/ILSVRC2012_val_00019991.JPEG reached epsilon at step 53, loss sum: 32.5227, final loss: 0.00081635, weight distance: 0.0046
2025-09-22 11:43:14,180 - INFO - Example 1219 completed: 53 steps, loss sum: 32.5227, final loss: 0.00081635, weight distance: 0.0046 (universal rank: 44698)
2025-09-22 11:43:14,180 - INFO - 
=== Worker 5 Training Example 1220/1586 (global idx 9154): /home/projects/bagon/shared/imagenet512/val/n01665541/ILSVRC2012_val_00042049.JPEG ===
2025-09-22 11:43:15,329 - INFO - Example /home/projects/bagon/shared/imagenet512/val/n01665541/ILSVRC2012_val_00042049.JPEG reached epsilon at step 31, loss sum: 19.9642, final loss: 0.00068665, weight distance: 0.0029
2025-09-22 11:43:15,870 - INFO - Example 1220 completed: 31 steps, loss sum: 19.9642, final loss: 0.00068665, weight distance: 0.0029 (universal rank: 44699)
2025-09-22 11:43:15,870 - INFO - 
=== Worker 5 Training Example 1221/1586 (global idx 9155): /home/projects/bagon/shared/imagenet512/val/n04589890/ILSVRC2012_val_00018029.JPEG ===
2025-09-22 11:43:18,002 - INFO - Example /home/projects/bagon/shared/imagenet512/val/n04589890/ILSVRC2012_val_00018029.JPEG reached epsilon at step 59, loss sum: 37.2746, final loss: 0.00087738, weight distance: 0.0051
2025-09-22 11:43:18,629 - INFO - Example 1221 completed: 59 steps, loss sum: 37.2746, final loss: 0.00087738, weight distance: 0.0051 (universal rank: 44700)
2025-09-22 11:43:18,629 - INFO - 
=== Worker 5 Training Example 1222/1586 (global idx 9156): /home/projects/bagon/shared/imagenet512/val/n03630383/ILSVRC2012_val_00040554.JPEG ===
2025-09-22 11:43:19,844 - INFO - Example /home/projects/bagon/shared/imagenet512/val/n03630383/ILSVRC2012_val_00040554.JPEG reached epsilon at step 33, loss sum: 17.3764, final loss: 0.00091171, weight distance: 0.0030
2025-09-22 11:43:20,403 - INFO - Example 1222 completed: 33 steps, loss sum: 17.3764, final loss: 0.00091171, weight distance: 0.0030 (universal rank: 44701)
2025-09-22 11:43:20,403 - INFO - 
=== Worker 5 Training Example 1223/1586 (global idx 9157): /home/projects/bagon/shared/imagenet512/val/n04264628/ILSVRC2012_val_00039462.JPEG ===
2025-09-22 11:43:22,937 - INFO - Example /home/projects/bagon/shared/imagenet512/val/n04264628/ILSVRC2012_val_00039462.JPEG reached epsilon at step 71, loss sum: 15.3692, final loss: 0.00088501, weight distance: 0.0056
2025-09-22 11:43:23,496 - INFO - Example 1223 completed: 71 steps, loss sum: 15.3692, final loss: 0.00088501, weight distance: 0.0056 (universal rank: 44702)
2025-09-22 11:43:23,496 - INFO - 
=== Worker 5 Training Example 1224/1586 (global idx 9158): /home/projects/bagon/shared/imagenet512/val/n03742115/ILSVRC2012_val_00015528.JPEG ===
2025-09-22 11:43:24,755 - INFO - Example /home/projects/bagon/shared/imagenet512/val/n03742115/ILSVRC2012_val_00015528.JPEG reached epsilon at step 34, loss sum: 17.6638, final loss: 0.00096893, weight distance: 0.0031
2025-09-22 11:43:25,306 - INFO - Example 1224 completed: 34 steps, loss sum: 17.6638, final loss: 0.00096893, weight distance: 0.0031 (universal rank: 44704)
2025-09-22 11:43:25,306 - INFO - 
=== Worker 5 Training Example 1225/1586 (global idx 9159): /home/projects/bagon/shared/imagenet512/val/n01873310/ILSVRC2012_val_00011130.JPEG ===
2025-09-22 11:43:27,248 - INFO - Example /home/projects/bagon/shared/imagenet512/val/n01873310/ILSVRC2012_val_00011130.JPEG reached epsilon at step 54, loss sum: 153.2033, final loss: 0.00072861, weight distance: 0.0044
2025-09-22 11:43:27,798 - INFO - Example 1225 completed: 54 steps, loss sum: 153.2033, final loss: 0.00072861, weight distance: 0.0044 (universal rank: 44705)
2025-09-22 11:43:27,798 - INFO - 
=== Worker 5 Training Example 1226/1586 (global idx 9160): /home/projects/bagon/shared/imagenet512/val/n03089624/ILSVRC2012_val_00002618.JPEG ===
2025-09-22 11:43:28,980 - INFO - Example /home/projects/bagon/shared/imagenet512/val/n03089624/ILSVRC2012_val_00002618.JPEG reached epsilon at step 32, loss sum: 14.8661, final loss: 0.00075531, weight distance: 0.0030
2025-09-22 11:43:29,525 - INFO - Example 1226 completed: 32 steps, loss sum: 14.8661, final loss: 0.00075531, weight distance: 0.0030 (universal rank: 44706)
2025-09-22 11:43:29,526 - INFO - 
=== Worker 5 Training Example 1227/1586 (global idx 9161): /home/projects/bagon/shared/imagenet512/val/n02422699/ILSVRC2012_val_00026299.JPEG ===
2025-09-22 11:43:31,435 - INFO - Example /home/projects/bagon/shared/imagenet512/val/n02422699/ILSVRC2012_val_00026299.JPEG reached epsilon at step 53, loss sum: 39.6470, final loss: 0.00090027, weight distance: 0.0045
2025-09-22 11:43:31,988 - INFO - Example 1227 completed: 53 steps, loss sum: 39.6470, final loss: 0.00090027, weight distance: 0.0045 (universal rank: 44707)
2025-09-22 11:43:31,988 - INFO - 
=== Worker 5 Training Example 1228/1586 (global idx 9162): /home/projects/bagon/shared/imagenet512/val/n02643566/ILSVRC2012_val_00021303.JPEG ===
2025-09-22 11:43:33,227 - INFO - Example /home/projects/bagon/shared/imagenet512/val/n02643566/ILSVRC2012_val_00021303.JPEG reached epsilon at step 34, loss sum: 49.7480, final loss: 0.00091934, weight distance: 0.0030
2025-09-22 11:43:33,772 - INFO - Example 1228 completed: 34 steps, loss sum: 49.7480, final loss: 0.00091934, weight distance: 0.0030 (universal rank: 44708)
2025-09-22 11:43:33,772 - INFO - 
=== Worker 5 Training Example 1229/1586 (global idx 9163): /home/projects/bagon/shared/imagenet512/val/n03445924/ILSVRC2012_val_00022238.JPEG ===
2025-09-22 11:43:34,600 - INFO - Example /home/projects/bagon/shared/imagenet512/val/n03445924/ILSVRC2012_val_00022238.JPEG reached epsilon at step 22, loss sum: 20.0772, final loss: 0.00094986, weight distance: 0.0021
2025-09-22 11:43:35,158 - INFO - Example 1229 completed: 22 steps, loss sum: 20.0772, final loss: 0.00094986, weight distance: 0.0021 (universal rank: 44709)
2025-09-22 11:43:35,158 - INFO - 
=== Worker 5 Training Example 1230/1586 (global idx 9164): /home/projects/bagon/shared/imagenet512/val/n01742172/ILSVRC2012_val_00036657.JPEG ===
2025-09-22 11:43:36,932 - INFO - Example /home/projects/bagon/shared/imagenet512/val/n01742172/ILSVRC2012_val_00036657.JPEG reached epsilon at step 49, loss sum: 43.3915, final loss: 0.00095367, weight distance: 0.0043
2025-09-22 11:43:37,485 - INFO - Example 1230 completed: 49 steps, loss sum: 43.3915, final loss: 0.00095367, weight distance: 0.0043 (universal rank: 44710)
2025-09-22 11:43:37,485 - INFO - 
=== Worker 5 Training Example 1231/1586 (global idx 9165): /home/projects/bagon/shared/imagenet512/val/n02480855/ILSVRC2012_val_00041155.JPEG ===
2025-09-22 11:43:38,841 - INFO - Example /home/projects/bagon/shared/imagenet512/val/n02480855/ILSVRC2012_val_00041155.JPEG reached epsilon at step 37, loss sum: 34.1368, final loss: 0.00083923, weight distance: 0.0034
2025-09-22 11:43:39,399 - INFO - Example 1231 completed: 37 steps, loss sum: 34.1368, final loss: 0.00083923, weight distance: 0.0034 (universal rank: 44711)
2025-09-22 11:43:39,399 - INFO - 
=== Worker 5 Training Example 1232/1586 (global idx 9166): /home/projects/bagon/shared/imagenet512/val/n09421951/ILSVRC2012_val_00022914.JPEG ===
2025-09-22 11:43:40,391 - INFO - Example /home/projects/bagon/shared/imagenet512/val/n09421951/ILSVRC2012_val_00022914.JPEG reached epsilon at step 27, loss sum: 11.0725, final loss: 0.00095367, weight distance: 0.0025
2025-09-22 11:43:40,934 - INFO - Example 1232 completed: 27 steps, loss sum: 11.0725, final loss: 0.00095367, weight distance: 0.0025 (universal rank: 44712)
2025-09-22 11:43:40,934 - INFO - 
=== Worker 5 Training Example 1233/1586 (global idx 9167): /home/projects/bagon/shared/imagenet512/val/n03527444/ILSVRC2012_val_00045803.JPEG ===
2025-09-22 11:43:42,262 - INFO - Example /home/projects/bagon/shared/imagenet512/val/n03527444/ILSVRC2012_val_00045803.JPEG reached epsilon at step 36, loss sum: 27.2314, final loss: 0.00082779, weight distance: 0.0034
2025-09-22 11:43:42,818 - INFO - Example 1233 completed: 36 steps, loss sum: 27.2314, final loss: 0.00082779, weight distance: 0.0034 (universal rank: 44713)
2025-09-22 11:43:42,819 - INFO - 
=== Worker 5 Training Example 1234/1586 (global idx 9168): /home/projects/bagon/shared/imagenet512/val/n03127925/ILSVRC2012_val_00039897.JPEG ===
2025-09-22 11:43:43,858 - INFO - Example /home/projects/bagon/shared/imagenet512/val/n03127925/ILSVRC2012_val_00039897.JPEG reached epsilon at step 28, loss sum: 11.5036, final loss: 0.00071716, weight distance: 0.0025
2025-09-22 11:43:44,415 - INFO - Example 1234 completed: 28 steps, loss sum: 11.5036, final loss: 0.00071716, weight distance: 0.0025 (universal rank: 44715)
2025-09-22 11:43:44,415 - INFO - 
=== Worker 5 Training Example 1235/1586 (global idx 9169): /home/projects/bagon/shared/imagenet512/val/n04154565/ILSVRC2012_val_00014997.JPEG ===
2025-09-22 11:43:45,702 - INFO - Example /home/projects/bagon/shared/imagenet512/val/n04154565/ILSVRC2012_val_00014997.JPEG reached epsilon at step 35, loss sum: 4.4408, final loss: 0.00080109, weight distance: 0.0030
2025-09-22 11:43:46,255 - INFO - Example 1235 completed: 35 steps, loss sum: 4.4408, final loss: 0.00080109, weight distance: 0.0030 (universal rank: 44716)
2025-09-22 11:43:46,255 - INFO - 
=== Worker 5 Training Example 1236/1586 (global idx 9170): /home/projects/bagon/shared/imagenet512/val/n04525038/ILSVRC2012_val_00008068.JPEG ===
2025-09-22 11:43:47,802 - INFO - Example /home/projects/bagon/shared/imagenet512/val/n04525038/ILSVRC2012_val_00008068.JPEG reached epsilon at step 43, loss sum: 51.4192, final loss: 0.00083542, weight distance: 0.0040
2025-09-22 11:43:48,430 - INFO - Example 1236 completed: 43 steps, loss sum: 51.4192, final loss: 0.00083542, weight distance: 0.0040 (universal rank: 44717)
2025-09-22 11:43:48,430 - INFO - 
=== Worker 5 Training Example 1237/1586 (global idx 9171): /home/projects/bagon/shared/imagenet512/val/n04023962/ILSVRC2012_val_00031476.JPEG ===
2025-09-22 11:43:49,113 - INFO - Example /home/projects/bagon/shared/imagenet512/val/n04023962/ILSVRC2012_val_00031476.JPEG reached epsilon at step 18, loss sum: 4.3497, final loss: 0.00085068, weight distance: 0.0016
2025-09-22 11:43:49,658 - INFO - Example 1237 completed: 18 steps, loss sum: 4.3497, final loss: 0.00085068, weight distance: 0.0016 (universal rank: 44718)
2025-09-22 11:43:49,658 - INFO - 
=== Worker 5 Training Example 1238/1586 (global idx 9172): /home/projects/bagon/shared/imagenet512/val/n02791270/ILSVRC2012_val_00001520.JPEG ===
2025-09-22 11:43:51,389 - INFO - Example /home/projects/bagon/shared/imagenet512/val/n02791270/ILSVRC2012_val_00001520.JPEG reached epsilon at step 48, loss sum: 88.3348, final loss: 0.00075150, weight distance: 0.0044
2025-09-22 11:43:51,928 - INFO - Example 1238 completed: 48 steps, loss sum: 88.3348, final loss: 0.00075150, weight distance: 0.0044 (universal rank: 44719)
2025-09-22 11:43:51,928 - INFO - 
=== Worker 5 Training Example 1239/1586 (global idx 9173): /home/projects/bagon/shared/imagenet512/val/n03916031/ILSVRC2012_val_00021942.JPEG ===
2025-09-22 11:43:53,073 - INFO - Example /home/projects/bagon/shared/imagenet512/val/n03916031/ILSVRC2012_val_00021942.JPEG reached epsilon at step 31, loss sum: 19.3526, final loss: 0.00092697, weight distance: 0.0028
2025-09-22 11:43:53,634 - INFO - Example 1239 completed: 31 steps, loss sum: 19.3526, final loss: 0.00092697, weight distance: 0.0028 (universal rank: 44720)
2025-09-22 11:43:53,634 - INFO - 
=== Worker 5 Training Example 1240/1586 (global idx 9174): /home/projects/bagon/shared/imagenet512/val/n07579787/ILSVRC2012_val_00049211.JPEG ===
2025-09-22 11:43:55,407 - INFO - Example /home/projects/bagon/shared/imagenet512/val/n07579787/ILSVRC2012_val_00049211.JPEG reached epsilon at step 49, loss sum: 17.1379, final loss: 0.00093079, weight distance: 0.0040
2025-09-22 11:43:55,948 - INFO - Example 1240 completed: 49 steps, loss sum: 17.1379, final loss: 0.00093079, weight distance: 0.0040 (universal rank: 44721)
2025-09-22 11:43:55,949 - INFO - 
=== Worker 5 Training Example 1241/1586 (global idx 9175): /home/projects/bagon/shared/imagenet512/val/n04192698/ILSVRC2012_val_00023156.JPEG ===
2025-09-22 11:43:57,890 - INFO - Example /home/projects/bagon/shared/imagenet512/val/n04192698/ILSVRC2012_val_00023156.JPEG reached epsilon at step 54, loss sum: 33.0260, final loss: 0.00072479, weight distance: 0.0047
2025-09-22 11:43:58,458 - INFO - Example 1241 completed: 54 steps, loss sum: 33.0260, final loss: 0.00072479, weight distance: 0.0047 (universal rank: 44722)
2025-09-22 11:43:58,458 - INFO - 
=== Worker 5 Training Example 1242/1586 (global idx 9176): /home/projects/bagon/shared/imagenet512/val/n07717410/ILSVRC2012_val_00017355.JPEG ===
2025-09-22 11:43:59,451 - INFO - Example /home/projects/bagon/shared/imagenet512/val/n07717410/ILSVRC2012_val_00017355.JPEG reached epsilon at step 27, loss sum: 4.9007, final loss: 0.00085449, weight distance: 0.0025
2025-09-22 11:44:00,010 - INFO - Example 1242 completed: 27 steps, loss sum: 4.9007, final loss: 0.00085449, weight distance: 0.0025 (universal rank: 44723)
2025-09-22 11:44:00,010 - INFO - 
=== Worker 5 Training Example 1243/1586 (global idx 9177): /home/projects/bagon/shared/imagenet512/val/n02871525/ILSVRC2012_val_00026973.JPEG ===
2025-09-22 11:44:00,868 - INFO - Example /home/projects/bagon/shared/imagenet512/val/n02871525/ILSVRC2012_val_00026973.JPEG reached epsilon at step 23, loss sum: 6.2531, final loss: 0.00090408, weight distance: 0.0021
2025-09-22 11:44:01,425 - INFO - Example 1243 completed: 23 steps, loss sum: 6.2531, final loss: 0.00090408, weight distance: 0.0021 (universal rank: 44725)
2025-09-22 11:44:01,426 - INFO - 
=== Worker 5 Training Example 1244/1586 (global idx 9178): /home/projects/bagon/shared/imagenet512/val/n04019541/ILSVRC2012_val_00040797.JPEG ===
2025-09-22 11:44:02,358 - INFO - Example /home/projects/bagon/shared/imagenet512/val/n04019541/ILSVRC2012_val_00040797.JPEG reached epsilon at step 25, loss sum: 25.3622, final loss: 0.00080490, weight distance: 0.0023
2025-09-22 11:44:02,934 - INFO - Example 1244 completed: 25 steps, loss sum: 25.3622, final loss: 0.00080490, weight distance: 0.0023 (universal rank: 44726)
2025-09-22 11:44:02,934 - INFO - 
=== Worker 5 Training Example 1245/1586 (global idx 9179): /home/projects/bagon/shared/imagenet512/val/n04037443/ILSVRC2012_val_00037055.JPEG ===
2025-09-22 11:44:05,503 - INFO - Example /home/projects/bagon/shared/imagenet512/val/n04037443/ILSVRC2012_val_00037055.JPEG reached epsilon at step 72, loss sum: 158.4388, final loss: 0.00089645, weight distance: 0.0051
2025-09-22 11:44:06,100 - INFO - Example 1245 completed: 72 steps, loss sum: 158.4388, final loss: 0.00089645, weight distance: 0.0051 (universal rank: 44727)
2025-09-22 11:44:06,101 - INFO - 
=== Worker 5 Training Example 1246/1586 (global idx 9180): /home/projects/bagon/shared/imagenet512/val/n03255030/ILSVRC2012_val_00026185.JPEG ===
2025-09-22 11:44:07,391 - INFO - Example /home/projects/bagon/shared/imagenet512/val/n03255030/ILSVRC2012_val_00026185.JPEG reached epsilon at step 35, loss sum: 21.6209, final loss: 0.00086212, weight distance: 0.0031
2025-09-22 11:44:07,944 - INFO - Example 1246 completed: 35 steps, loss sum: 21.6209, final loss: 0.00086212, weight distance: 0.0031 (universal rank: 44728)
2025-09-22 11:44:07,945 - INFO - 
=== Worker 5 Training Example 1247/1586 (global idx 9181): /home/projects/bagon/shared/imagenet512/val/n07875152/ILSVRC2012_val_00024422.JPEG ===
2025-09-22 11:44:09,406 - INFO - Example /home/projects/bagon/shared/imagenet512/val/n07875152/ILSVRC2012_val_00024422.JPEG reached epsilon at step 40, loss sum: 18.8073, final loss: 0.00089645, weight distance: 0.0036
2025-09-22 11:44:09,947 - INFO - Example 1247 completed: 40 steps, loss sum: 18.8073, final loss: 0.00089645, weight distance: 0.0036 (universal rank: 44729)
2025-09-22 11:44:09,947 - INFO - 
=== Worker 5 Training Example 1248/1586 (global idx 9182): /home/projects/bagon/shared/imagenet512/val/n03290653/ILSVRC2012_val_00036174.JPEG ===
2025-09-22 11:44:11,855 - INFO - Example /home/projects/bagon/shared/imagenet512/val/n03290653/ILSVRC2012_val_00036174.JPEG reached epsilon at step 53, loss sum: 10.5631, final loss: 0.00085449, weight distance: 0.0044
2025-09-22 11:44:12,491 - INFO - Example 1248 completed: 53 steps, loss sum: 10.5631, final loss: 0.00085449, weight distance: 0.0044 (universal rank: 44730)
2025-09-22 11:44:12,492 - INFO - 
=== Worker 5 Training Example 1249/1586 (global idx 9183): /home/projects/bagon/shared/imagenet512/val/n02514041/ILSVRC2012_val_00004565.JPEG ===
2025-09-22 11:44:14,218 - INFO - Example /home/projects/bagon/shared/imagenet512/val/n02514041/ILSVRC2012_val_00004565.JPEG reached epsilon at step 48, loss sum: 75.7098, final loss: 0.00085068, weight distance: 0.0040
2025-09-22 11:44:14,771 - INFO - Example 1249 completed: 48 steps, loss sum: 75.7098, final loss: 0.00085068, weight distance: 0.0040 (universal rank: 44731)
2025-09-22 11:44:14,771 - INFO - 
=== Worker 5 Training Example 1250/1586 (global idx 9184): /home/projects/bagon/shared/imagenet512/val/n04118776/ILSVRC2012_val_00043998.JPEG ===
2025-09-22 11:44:16,806 - INFO - Example /home/projects/bagon/shared/imagenet512/val/n04118776/ILSVRC2012_val_00043998.JPEG reached epsilon at step 57, loss sum: 104.9705, final loss: 0.00073242, weight distance: 0.0049
2025-09-22 11:44:17,358 - INFO - Example 1250 completed: 57 steps, loss sum: 104.9705, final loss: 0.00073242, weight distance: 0.0049 (universal rank: 44732)
2025-09-22 11:44:17,358 - INFO - 
=== Worker 5 Training Example 1251/1586 (global idx 9185): /home/projects/bagon/shared/imagenet512/val/n02395406/ILSVRC2012_val_00032867.JPEG ===
2025-09-22 11:44:18,563 - INFO - Example /home/projects/bagon/shared/imagenet512/val/n02395406/ILSVRC2012_val_00032867.JPEG reached epsilon at step 33, loss sum: 12.4196, final loss: 0.00095749, weight distance: 0.0030
2025-09-22 11:44:19,118 - INFO - Example 1251 completed: 33 steps, loss sum: 12.4196, final loss: 0.00095749, weight distance: 0.0030 (universal rank: 44733)
2025-09-22 11:44:19,118 - INFO - 
=== Worker 5 Training Example 1252/1586 (global idx 9186): /home/projects/bagon/shared/imagenet512/val/n07579787/ILSVRC2012_val_00043088.JPEG ===
2025-09-22 11:44:21,230 - INFO - Example /home/projects/bagon/shared/imagenet512/val/n07579787/ILSVRC2012_val_00043088.JPEG reached epsilon at step 59, loss sum: 28.1058, final loss: 0.00089264, weight distance: 0.0049
2025-09-22 11:44:21,792 - INFO - Example 1252 completed: 59 steps, loss sum: 28.1058, final loss: 0.00089264, weight distance: 0.0049 (universal rank: 44734)
2025-09-22 11:44:21,793 - INFO - 
=== Worker 5 Training Example 1253/1586 (global idx 9187): /home/projects/bagon/shared/imagenet512/val/n02979186/ILSVRC2012_val_00043731.JPEG ===
2025-09-22 11:44:24,475 - INFO - Example /home/projects/bagon/shared/imagenet512/val/n02979186/ILSVRC2012_val_00043731.JPEG reached epsilon at step 75, loss sum: 40.8557, final loss: 0.00081253, weight distance: 0.0056
2025-09-22 11:44:25,019 - INFO - Example 1253 completed: 75 steps, loss sum: 40.8557, final loss: 0.00081253, weight distance: 0.0056 (universal rank: 44736)
2025-09-22 11:44:25,019 - INFO - 
=== Worker 5 Training Example 1254/1586 (global idx 9188): /home/projects/bagon/shared/imagenet512/val/n03908714/ILSVRC2012_val_00049814.JPEG ===
2025-09-22 11:44:26,653 - INFO - Example /home/projects/bagon/shared/imagenet512/val/n03908714/ILSVRC2012_val_00049814.JPEG reached epsilon at step 46, loss sum: 44.1468, final loss: 0.00073242, weight distance: 0.0039
2025-09-22 11:44:27,212 - INFO - Example 1254 completed: 46 steps, loss sum: 44.1468, final loss: 0.00073242, weight distance: 0.0039 (universal rank: 44737)
2025-09-22 11:44:27,212 - INFO - 
=== Worker 5 Training Example 1255/1586 (global idx 9189): /home/projects/bagon/shared/imagenet512/val/n07932039/ILSVRC2012_val_00032520.JPEG ===
2025-09-22 11:44:29,641 - INFO - Example /home/projects/bagon/shared/imagenet512/val/n07932039/ILSVRC2012_val_00032520.JPEG reached epsilon at step 68, loss sum: 141.4605, final loss: 0.00066376, weight distance: 0.0056
2025-09-22 11:44:30,292 - INFO - Example 1255 completed: 68 steps, loss sum: 141.4605, final loss: 0.00066376, weight distance: 0.0056 (universal rank: 44739)
2025-09-22 11:44:30,292 - INFO - 
=== Worker 5 Training Example 1256/1586 (global idx 9190): /home/projects/bagon/shared/imagenet512/val/n03498962/ILSVRC2012_val_00012745.JPEG ===
2025-09-22 11:44:32,131 - INFO - Example /home/projects/bagon/shared/imagenet512/val/n03498962/ILSVRC2012_val_00012745.JPEG reached epsilon at step 51, loss sum: 54.9340, final loss: 0.00081635, weight distance: 0.0043
2025-09-22 11:44:32,676 - INFO - Example 1256 completed: 51 steps, loss sum: 54.9340, final loss: 0.00081635, weight distance: 0.0043 (universal rank: 44740)
2025-09-22 11:44:32,677 - INFO - 
=== Worker 5 Training Example 1257/1586 (global idx 9191): /home/projects/bagon/shared/imagenet512/val/n01981276/ILSVRC2012_val_00011525.JPEG ===
2025-09-22 11:44:33,886 - INFO - Example /home/projects/bagon/shared/imagenet512/val/n01981276/ILSVRC2012_val_00011525.JPEG reached epsilon at step 33, loss sum: 54.5203, final loss: 0.00099945, weight distance: 0.0030
2025-09-22 11:44:34,445 - INFO - Example 1257 completed: 33 steps, loss sum: 54.5203, final loss: 0.00099945, weight distance: 0.0030 (universal rank: 44741)
2025-09-22 11:44:34,445 - INFO - 
=== Worker 5 Training Example 1258/1586 (global idx 9192): /home/projects/bagon/shared/imagenet512/val/n07718472/ILSVRC2012_val_00040986.JPEG ===
2025-09-22 11:44:36,307 - INFO - Example /home/projects/bagon/shared/imagenet512/val/n07718472/ILSVRC2012_val_00040986.JPEG reached epsilon at step 52, loss sum: 76.9485, final loss: 0.00087738, weight distance: 0.0044
2025-09-22 11:44:36,853 - INFO - Example 1258 completed: 52 steps, loss sum: 76.9485, final loss: 0.00087738, weight distance: 0.0044 (universal rank: 44742)
2025-09-22 11:44:36,853 - INFO - 
=== Worker 5 Training Example 1259/1586 (global idx 9193): /home/projects/bagon/shared/imagenet512/val/n03658185/ILSVRC2012_val_00043645.JPEG ===
2025-09-22 11:44:38,943 - INFO - Example /home/projects/bagon/shared/imagenet512/val/n03658185/ILSVRC2012_val_00043645.JPEG reached epsilon at step 58, loss sum: 80.8858, final loss: 0.00088501, weight distance: 0.0048
2025-09-22 11:44:39,509 - INFO - Example 1259 completed: 58 steps, loss sum: 80.8858, final loss: 0.00088501, weight distance: 0.0048 (universal rank: 44743)
2025-09-22 11:44:39,509 - INFO - 
=== Worker 5 Training Example 1260/1586 (global idx 9194): /home/projects/bagon/shared/imagenet512/val/n03871628/ILSVRC2012_val_00045732.JPEG ===
2025-09-22 11:44:40,643 - INFO - Example /home/projects/bagon/shared/imagenet512/val/n03871628/ILSVRC2012_val_00045732.JPEG reached epsilon at step 31, loss sum: 14.3698, final loss: 0.00091171, weight distance: 0.0028
2025-09-22 11:44:41,201 - INFO - Example 1260 completed: 31 steps, loss sum: 14.3698, final loss: 0.00091171, weight distance: 0.0028 (universal rank: 44744)
2025-09-22 11:44:41,201 - INFO - 
=== Worker 5 Training Example 1261/1586 (global idx 9195): /home/projects/bagon/shared/imagenet512/val/n02799071/ILSVRC2012_val_00044225.JPEG ===
2025-09-22 11:44:42,789 - INFO - Example /home/projects/bagon/shared/imagenet512/val/n02799071/ILSVRC2012_val_00044225.JPEG reached epsilon at step 43, loss sum: 12.6724, final loss: 0.00097656, weight distance: 0.0037
2025-09-22 11:44:43,345 - INFO - Example 1261 completed: 43 steps, loss sum: 12.6724, final loss: 0.00097656, weight distance: 0.0037 (universal rank: 44745)
2025-09-22 11:44:43,346 - INFO - 
=== Worker 5 Training Example 1262/1586 (global idx 9196): /home/projects/bagon/shared/imagenet512/val/n01728572/ILSVRC2012_val_00041383.JPEG ===
2025-09-22 11:44:44,803 - INFO - Example /home/projects/bagon/shared/imagenet512/val/n01728572/ILSVRC2012_val_00041383.JPEG reached epsilon at step 40, loss sum: 13.8928, final loss: 0.00078964, weight distance: 0.0034
2025-09-22 11:44:45,350 - INFO - Example 1262 completed: 40 steps, loss sum: 13.8928, final loss: 0.00078964, weight distance: 0.0034 (universal rank: 44746)
2025-09-22 11:44:45,350 - INFO - 
=== Worker 5 Training Example 1263/1586 (global idx 9197): /home/projects/bagon/shared/imagenet512/val/n02107574/ILSVRC2012_val_00034221.JPEG ===
2025-09-22 11:44:47,017 - INFO - Example /home/projects/bagon/shared/imagenet512/val/n02107574/ILSVRC2012_val_00034221.JPEG reached epsilon at step 46, loss sum: 29.4555, final loss: 0.00096130, weight distance: 0.0039
2025-09-22 11:44:47,556 - INFO - Example 1263 completed: 46 steps, loss sum: 29.4555, final loss: 0.00096130, weight distance: 0.0039 (universal rank: 44747)
2025-09-22 11:44:47,556 - INFO - 
=== Worker 5 Training Example 1264/1586 (global idx 9198): /home/projects/bagon/shared/imagenet512/val/n02108915/ILSVRC2012_val_00041623.JPEG ===
2025-09-22 11:44:49,061 - INFO - Example /home/projects/bagon/shared/imagenet512/val/n02108915/ILSVRC2012_val_00041623.JPEG reached epsilon at step 41, loss sum: 11.8029, final loss: 0.00083542, weight distance: 0.0036
2025-09-22 11:44:49,599 - INFO - Example 1264 completed: 41 steps, loss sum: 11.8029, final loss: 0.00083542, weight distance: 0.0036 (universal rank: 44748)
2025-09-22 11:44:49,599 - INFO - 
=== Worker 5 Training Example 1265/1586 (global idx 9199): /home/projects/bagon/shared/imagenet512/val/n02123159/ILSVRC2012_val_00028302.JPEG ===
2025-09-22 11:44:51,177 - INFO - Example /home/projects/bagon/shared/imagenet512/val/n02123159/ILSVRC2012_val_00028302.JPEG reached epsilon at step 44, loss sum: 17.4700, final loss: 0.00092697, weight distance: 0.0040
2025-09-22 11:44:51,725 - INFO - Example 1265 completed: 44 steps, loss sum: 17.4700, final loss: 0.00092697, weight distance: 0.0040 (universal rank: 44749)
2025-09-22 11:44:51,726 - INFO - 
=== Worker 5 Training Example 1266/1586 (global idx 9200): /home/projects/bagon/shared/imagenet512/val/n09246464/ILSVRC2012_val_00008965.JPEG ===
2025-09-22 11:44:52,960 - INFO - Example /home/projects/bagon/shared/imagenet512/val/n09246464/ILSVRC2012_val_00008965.JPEG reached epsilon at step 34, loss sum: 4.6302, final loss: 0.00096893, weight distance: 0.0028
2025-09-22 11:44:53,513 - INFO - Example 1266 completed: 34 steps, loss sum: 4.6302, final loss: 0.00096893, weight distance: 0.0028 (universal rank: 44750)
2025-09-22 11:44:53,514 - INFO - 
=== Worker 5 Training Example 1267/1586 (global idx 9201): /home/projects/bagon/shared/imagenet512/val/n03786901/ILSVRC2012_val_00009080.JPEG ===
2025-09-22 11:44:55,256 - INFO - Example /home/projects/bagon/shared/imagenet512/val/n03786901/ILSVRC2012_val_00009080.JPEG reached epsilon at step 48, loss sum: 118.7795, final loss: 0.00073242, weight distance: 0.0042
2025-09-22 11:44:55,808 - INFO - Example 1267 completed: 48 steps, loss sum: 118.7795, final loss: 0.00073242, weight distance: 0.0042 (universal rank: 44751)
2025-09-22 11:44:55,808 - INFO - 
=== Worker 5 Training Example 1268/1586 (global idx 9202): /home/projects/bagon/shared/imagenet512/val/n03532672/ILSVRC2012_val_00029596.JPEG ===
2025-09-22 11:44:57,890 - INFO - Example /home/projects/bagon/shared/imagenet512/val/n03532672/ILSVRC2012_val_00029596.JPEG reached epsilon at step 58, loss sum: 80.2831, final loss: 0.00097275, weight distance: 0.0048
2025-09-22 11:44:58,442 - INFO - Example 1268 completed: 58 steps, loss sum: 80.2831, final loss: 0.00097275, weight distance: 0.0048 (universal rank: 44752)
2025-09-22 11:44:58,442 - INFO - 
=== Worker 5 Training Example 1269/1586 (global idx 9203): /home/projects/bagon/shared/imagenet512/val/n04591713/ILSVRC2012_val_00037871.JPEG ===
2025-09-22 11:45:01,495 - INFO - Example /home/projects/bagon/shared/imagenet512/val/n04591713/ILSVRC2012_val_00037871.JPEG reached epsilon at step 86, loss sum: 148.8332, final loss: 0.00099182, weight distance: 0.0064
2025-09-22 11:45:02,100 - INFO - Example 1269 completed: 86 steps, loss sum: 148.8332, final loss: 0.00099182, weight distance: 0.0064 (universal rank: 44753)
2025-09-22 11:45:02,100 - INFO - 
=== Worker 5 Training Example 1270/1586 (global idx 9204): /home/projects/bagon/shared/imagenet512/val/n03787032/ILSVRC2012_val_00011355.JPEG ===
2025-09-22 11:45:03,788 - INFO - Example /home/projects/bagon/shared/imagenet512/val/n03787032/ILSVRC2012_val_00011355.JPEG reached epsilon at step 47, loss sum: 78.7292, final loss: 0.00094604, weight distance: 0.0040
2025-09-22 11:45:04,342 - INFO - Example 1270 completed: 47 steps, loss sum: 78.7292, final loss: 0.00094604, weight distance: 0.0040 (universal rank: 44754)
2025-09-22 11:45:04,342 - INFO - 
=== Worker 5 Training Example 1271/1586 (global idx 9205): /home/projects/bagon/shared/imagenet512/val/n02317335/ILSVRC2012_val_00003995.JPEG ===
2025-09-22 11:45:05,545 - INFO - Example /home/projects/bagon/shared/imagenet512/val/n02317335/ILSVRC2012_val_00003995.JPEG reached epsilon at step 33, loss sum: 17.0978, final loss: 0.00094604, weight distance: 0.0027
2025-09-22 11:45:06,235 - INFO - Example 1271 completed: 33 steps, loss sum: 17.0978, final loss: 0.00094604, weight distance: 0.0027 (universal rank: 44755)
2025-09-22 11:45:06,235 - INFO - 
=== Worker 5 Training Example 1272/1586 (global idx 9206): /home/projects/bagon/shared/imagenet512/val/n01824575/ILSVRC2012_val_00006716.JPEG ===
2025-09-22 11:45:07,817 - INFO - Example /home/projects/bagon/shared/imagenet512/val/n01824575/ILSVRC2012_val_00006716.JPEG reached epsilon at step 44, loss sum: 27.6100, final loss: 0.00092697, weight distance: 0.0037
2025-09-22 11:45:08,376 - INFO - Example 1272 completed: 44 steps, loss sum: 27.6100, final loss: 0.00092697, weight distance: 0.0037 (universal rank: 44756)
2025-09-22 11:45:08,376 - INFO - 
=== Worker 5 Training Example 1273/1586 (global idx 9207): /home/projects/bagon/shared/imagenet512/val/n02808304/ILSVRC2012_val_00039179.JPEG ===
2025-09-22 11:45:09,642 - INFO - Example /home/projects/bagon/shared/imagenet512/val/n02808304/ILSVRC2012_val_00039179.JPEG reached epsilon at step 35, loss sum: 31.3012, final loss: 0.00089645, weight distance: 0.0032
2025-09-22 11:45:10,263 - INFO - Example 1273 completed: 35 steps, loss sum: 31.3012, final loss: 0.00089645, weight distance: 0.0032 (universal rank: 44757)
2025-09-22 11:45:10,263 - INFO - 
=== Worker 5 Training Example 1274/1586 (global idx 9208): /home/projects/bagon/shared/imagenet512/val/n03763968/ILSVRC2012_val_00041428.JPEG ===
2025-09-22 11:45:11,889 - INFO - Example /home/projects/bagon/shared/imagenet512/val/n03763968/ILSVRC2012_val_00041428.JPEG reached epsilon at step 45, loss sum: 19.2677, final loss: 0.00092697, weight distance: 0.0037
2025-09-22 11:45:12,513 - INFO - Example 1274 completed: 45 steps, loss sum: 19.2677, final loss: 0.00092697, weight distance: 0.0037 (universal rank: 44758)
2025-09-22 11:45:12,513 - INFO - 
=== Worker 5 Training Example 1275/1586 (global idx 9209): /home/projects/bagon/shared/imagenet512/val/n03642806/ILSVRC2012_val_00024496.JPEG ===
2025-09-22 11:45:14,040 - INFO - Example /home/projects/bagon/shared/imagenet512/val/n03642806/ILSVRC2012_val_00024496.JPEG reached epsilon at step 42, loss sum: 29.5818, final loss: 0.00092316, weight distance: 0.0037
2025-09-22 11:45:14,589 - INFO - Example 1275 completed: 42 steps, loss sum: 29.5818, final loss: 0.00092316, weight distance: 0.0037 (universal rank: 44760)
2025-09-22 11:45:14,589 - INFO - 
=== Worker 5 Training Example 1276/1586 (global idx 9210): /home/projects/bagon/shared/imagenet512/val/n02094114/ILSVRC2012_val_00001997.JPEG ===
2025-09-22 11:45:16,269 - INFO - Example /home/projects/bagon/shared/imagenet512/val/n02094114/ILSVRC2012_val_00001997.JPEG reached epsilon at step 47, loss sum: 19.0853, final loss: 0.00070190, weight distance: 0.0041
2025-09-22 11:45:16,831 - INFO - Example 1276 completed: 47 steps, loss sum: 19.0853, final loss: 0.00070190, weight distance: 0.0041 (universal rank: 44761)
2025-09-22 11:45:16,831 - INFO - 
=== Worker 5 Training Example 1277/1586 (global idx 9211): /home/projects/bagon/shared/imagenet512/val/n04404412/ILSVRC2012_val_00048910.JPEG ===
2025-09-22 11:45:18,704 - INFO - Example /home/projects/bagon/shared/imagenet512/val/n04404412/ILSVRC2012_val_00048910.JPEG reached epsilon at step 52, loss sum: 7.4718, final loss: 0.00070953, weight distance: 0.0044
2025-09-22 11:45:19,256 - INFO - Example 1277 completed: 52 steps, loss sum: 7.4718, final loss: 0.00070953, weight distance: 0.0044 (universal rank: 44762)
2025-09-22 11:45:19,256 - INFO - 
=== Worker 5 Training Example 1278/1586 (global idx 9212): /home/projects/bagon/shared/imagenet512/val/n02916936/ILSVRC2012_val_00046174.JPEG ===
2025-09-22 11:45:20,680 - INFO - Example /home/projects/bagon/shared/imagenet512/val/n02916936/ILSVRC2012_val_00046174.JPEG reached epsilon at step 39, loss sum: 39.8486, final loss: 0.00076294, weight distance: 0.0034
2025-09-22 11:45:21,243 - INFO - Example 1278 completed: 39 steps, loss sum: 39.8486, final loss: 0.00076294, weight distance: 0.0034 (universal rank: 44763)
2025-09-22 11:45:21,243 - INFO - 
=== Worker 5 Training Example 1279/1586 (global idx 9213): /home/projects/bagon/shared/imagenet512/val/n04355933/ILSVRC2012_val_00029889.JPEG ===
2025-09-22 11:45:24,538 - INFO - Example /home/projects/bagon/shared/imagenet512/val/n04355933/ILSVRC2012_val_00029889.JPEG reached epsilon at step 93, loss sum: 99.5473, final loss: 0.00090027, weight distance: 0.0069
2025-09-22 11:45:25,093 - INFO - Example 1279 completed: 93 steps, loss sum: 99.5473, final loss: 0.00090027, weight distance: 0.0069 (universal rank: 44764)
2025-09-22 11:45:25,093 - INFO - 
=== Worker 5 Training Example 1280/1586 (global idx 9214): /home/projects/bagon/shared/imagenet512/val/n03394916/ILSVRC2012_val_00041247.JPEG ===
2025-09-22 11:45:26,709 - INFO - Example /home/projects/bagon/shared/imagenet512/val/n03394916/ILSVRC2012_val_00041247.JPEG reached epsilon at step 45, loss sum: 43.7711, final loss: 0.00092316, weight distance: 0.0040
2025-09-22 11:45:27,251 - INFO - Example 1280 completed: 45 steps, loss sum: 43.7711, final loss: 0.00092316, weight distance: 0.0040 (universal rank: 44765)
2025-09-22 11:45:27,251 - INFO - 
=== Worker 5 Training Example 1281/1586 (global idx 9215): /home/projects/bagon/shared/imagenet512/val/n03485407/ILSVRC2012_val_00041025.JPEG ===
2025-09-22 11:45:28,485 - INFO - Example /home/projects/bagon/shared/imagenet512/val/n03485407/ILSVRC2012_val_00041025.JPEG reached epsilon at step 34, loss sum: 15.7708, final loss: 0.00095367, weight distance: 0.0031
2025-09-22 11:45:29,045 - INFO - Example 1281 completed: 34 steps, loss sum: 15.7708, final loss: 0.00095367, weight distance: 0.0031 (universal rank: 44766)
2025-09-22 11:45:29,045 - INFO - 
=== Worker 5 Training Example 1282/1586 (global idx 9216): /home/projects/bagon/shared/imagenet512/val/n01742172/ILSVRC2012_val_00047227.JPEG ===
2025-09-22 11:45:29,897 - INFO - Example /home/projects/bagon/shared/imagenet512/val/n01742172/ILSVRC2012_val_00047227.JPEG reached epsilon at step 23, loss sum: 2.9452, final loss: 0.00085449, weight distance: 0.0022
2025-09-22 11:45:30,560 - INFO - Example 1282 completed: 23 steps, loss sum: 2.9452, final loss: 0.00085449, weight distance: 0.0022 (universal rank: 44768)
2025-09-22 11:45:30,561 - INFO - 
=== Worker 5 Training Example 1283/1586 (global idx 9217): /home/projects/bagon/shared/imagenet512/val/n02088364/ILSVRC2012_val_00034275.JPEG ===
2025-09-22 11:45:33,505 - INFO - Example /home/projects/bagon/shared/imagenet512/val/n02088364/ILSVRC2012_val_00034275.JPEG reached epsilon at step 83, loss sum: 69.1309, final loss: 0.00079346, weight distance: 0.0056
2025-09-22 11:45:34,058 - INFO - Example 1283 completed: 83 steps, loss sum: 69.1309, final loss: 0.00079346, weight distance: 0.0056 (universal rank: 44770)
2025-09-22 11:45:34,058 - INFO - 
=== Worker 5 Training Example 1284/1586 (global idx 9218): /home/projects/bagon/shared/imagenet512/val/n04008634/ILSVRC2012_val_00009388.JPEG ===
2025-09-22 11:45:35,960 - INFO - Example /home/projects/bagon/shared/imagenet512/val/n04008634/ILSVRC2012_val_00009388.JPEG reached epsilon at step 53, loss sum: 21.4578, final loss: 0.00096893, weight distance: 0.0042
2025-09-22 11:45:36,625 - INFO - Example 1284 completed: 53 steps, loss sum: 21.4578, final loss: 0.00096893, weight distance: 0.0042 (universal rank: 44771)
2025-09-22 11:45:36,625 - INFO - 
=== Worker 5 Training Example 1285/1586 (global idx 9219): /home/projects/bagon/shared/imagenet512/val/n02444819/ILSVRC2012_val_00039796.JPEG ===
2025-09-22 11:45:38,394 - INFO - Example /home/projects/bagon/shared/imagenet512/val/n02444819/ILSVRC2012_val_00039796.JPEG reached epsilon at step 49, loss sum: 35.2035, final loss: 0.00079346, weight distance: 0.0037
2025-09-22 11:45:38,976 - INFO - Example 1285 completed: 49 steps, loss sum: 35.2035, final loss: 0.00079346, weight distance: 0.0037 (universal rank: 44773)
2025-09-22 11:45:38,976 - INFO - 
=== Worker 5 Training Example 1286/1586 (global idx 9220): /home/projects/bagon/shared/imagenet512/val/n03494278/ILSVRC2012_val_00031028.JPEG ===
2025-09-22 11:45:41,712 - INFO - Example /home/projects/bagon/shared/imagenet512/val/n03494278/ILSVRC2012_val_00031028.JPEG reached epsilon at step 77, loss sum: 71.2817, final loss: 0.00079346, weight distance: 0.0060
2025-09-22 11:45:42,386 - INFO - Example 1286 completed: 77 steps, loss sum: 71.2817, final loss: 0.00079346, weight distance: 0.0060 (universal rank: 44774)
2025-09-22 11:45:42,386 - INFO - 
=== Worker 5 Training Example 1287/1586 (global idx 9221): /home/projects/bagon/shared/imagenet512/val/n01729977/ILSVRC2012_val_00031456.JPEG ===
2025-09-22 11:45:44,158 - INFO - Example /home/projects/bagon/shared/imagenet512/val/n01729977/ILSVRC2012_val_00031456.JPEG reached epsilon at step 49, loss sum: 21.2113, final loss: 0.00091553, weight distance: 0.0041
2025-09-22 11:45:44,709 - INFO - Example 1287 completed: 49 steps, loss sum: 21.2113, final loss: 0.00091553, weight distance: 0.0041 (universal rank: 44775)
2025-09-22 11:45:44,709 - INFO - 
=== Worker 5 Training Example 1288/1586 (global idx 9222): /home/projects/bagon/shared/imagenet512/val/n04258138/ILSVRC2012_val_00037563.JPEG ===
2025-09-22 11:45:45,857 - INFO - Example /home/projects/bagon/shared/imagenet512/val/n04258138/ILSVRC2012_val_00037563.JPEG reached epsilon at step 31, loss sum: 13.2975, final loss: 0.00079346, weight distance: 0.0029
2025-09-22 11:45:46,414 - INFO - Example 1288 completed: 31 steps, loss sum: 13.2975, final loss: 0.00079346, weight distance: 0.0029 (universal rank: 44777)
2025-09-22 11:45:46,414 - INFO - 
=== Worker 5 Training Example 1289/1586 (global idx 9223): /home/projects/bagon/shared/imagenet512/val/n04204347/ILSVRC2012_val_00006082.JPEG ===
2025-09-22 11:45:47,375 - INFO - Example /home/projects/bagon/shared/imagenet512/val/n04204347/ILSVRC2012_val_00006082.JPEG reached epsilon at step 26, loss sum: 3.1732, final loss: 0.00088120, weight distance: 0.0023
2025-09-22 11:45:47,943 - INFO - Example 1289 completed: 26 steps, loss sum: 3.1732, final loss: 0.00088120, weight distance: 0.0023 (universal rank: 44779)
2025-09-22 11:45:47,943 - INFO - 
=== Worker 5 Training Example 1290/1586 (global idx 9224): /home/projects/bagon/shared/imagenet512/val/n03443371/ILSVRC2012_val_00007935.JPEG ===
2025-09-22 11:45:49,442 - INFO - Example /home/projects/bagon/shared/imagenet512/val/n03443371/ILSVRC2012_val_00007935.JPEG reached epsilon at step 41, loss sum: 11.9727, final loss: 0.00097656, weight distance: 0.0036
2025-09-22 11:45:50,000 - INFO - Example 1290 completed: 41 steps, loss sum: 11.9727, final loss: 0.00097656, weight distance: 0.0036 (universal rank: 44780)
2025-09-22 11:45:50,000 - INFO - 
=== Worker 5 Training Example 1291/1586 (global idx 9225): /home/projects/bagon/shared/imagenet512/val/n02879718/ILSVRC2012_val_00047335.JPEG ===
2025-09-22 11:45:51,777 - INFO - Example /home/projects/bagon/shared/imagenet512/val/n02879718/ILSVRC2012_val_00047335.JPEG reached epsilon at step 49, loss sum: 137.1824, final loss: 0.00099182, weight distance: 0.0041
2025-09-22 11:45:52,328 - INFO - Example 1291 completed: 49 steps, loss sum: 137.1824, final loss: 0.00099182, weight distance: 0.0041 (universal rank: 44782)
2025-09-22 11:45:52,328 - INFO - 
=== Worker 5 Training Example 1292/1586 (global idx 9226): /home/projects/bagon/shared/imagenet512/val/n03041632/ILSVRC2012_val_00014528.JPEG ===
2025-09-22 11:45:53,751 - INFO - Example /home/projects/bagon/shared/imagenet512/val/n03041632/ILSVRC2012_val_00014528.JPEG reached epsilon at step 39, loss sum: 39.7753, final loss: 0.00088501, weight distance: 0.0034
2025-09-22 11:45:54,389 - INFO - Example 1292 completed: 39 steps, loss sum: 39.7753, final loss: 0.00088501, weight distance: 0.0034 (universal rank: 44783)
2025-09-22 11:45:54,389 - INFO - 
=== Worker 5 Training Example 1293/1586 (global idx 9227): /home/projects/bagon/shared/imagenet512/val/n03110669/ILSVRC2012_val_00048631.JPEG ===
2025-09-22 11:45:56,012 - INFO - Example /home/projects/bagon/shared/imagenet512/val/n03110669/ILSVRC2012_val_00048631.JPEG reached epsilon at step 45, loss sum: 33.0565, final loss: 0.00089264, weight distance: 0.0040
2025-09-22 11:45:56,562 - INFO - Example 1293 completed: 45 steps, loss sum: 33.0565, final loss: 0.00089264, weight distance: 0.0040 (universal rank: 44784)
2025-09-22 11:45:56,562 - INFO - 
=== Worker 5 Training Example 1294/1586 (global idx 9228): /home/projects/bagon/shared/imagenet512/val/n03259280/ILSVRC2012_val_00048045.JPEG ===
2025-09-22 11:45:57,796 - INFO - Example /home/projects/bagon/shared/imagenet512/val/n03259280/ILSVRC2012_val_00048045.JPEG reached epsilon at step 34, loss sum: 12.2443, final loss: 0.00093842, weight distance: 0.0032
2025-09-22 11:45:58,353 - INFO - Example 1294 completed: 34 steps, loss sum: 12.2443, final loss: 0.00093842, weight distance: 0.0032 (universal rank: 44785)
2025-09-22 11:45:58,353 - INFO - 
=== Worker 5 Training Example 1295/1586 (global idx 9229): /home/projects/bagon/shared/imagenet512/val/n03709823/ILSVRC2012_val_00004303.JPEG ===
2025-09-22 11:46:00,379 - INFO - Example /home/projects/bagon/shared/imagenet512/val/n03709823/ILSVRC2012_val_00004303.JPEG reached epsilon at step 56, loss sum: 19.0246, final loss: 0.00091171, weight distance: 0.0046
2025-09-22 11:46:00,938 - INFO - Example 1295 completed: 56 steps, loss sum: 19.0246, final loss: 0.00091171, weight distance: 0.0046 (universal rank: 44786)
2025-09-22 11:46:00,938 - INFO - 
=== Worker 5 Training Example 1296/1586 (global idx 9230): /home/projects/bagon/shared/imagenet512/val/n03220513/ILSVRC2012_val_00013331.JPEG ===
2025-09-22 11:46:02,504 - INFO - Example /home/projects/bagon/shared/imagenet512/val/n03220513/ILSVRC2012_val_00013331.JPEG reached epsilon at step 43, loss sum: 28.4610, final loss: 0.00085068, weight distance: 0.0037
2025-09-22 11:46:03,049 - INFO - Example 1296 completed: 43 steps, loss sum: 28.4610, final loss: 0.00085068, weight distance: 0.0037 (universal rank: 44787)
2025-09-22 11:46:03,049 - INFO - 
=== Worker 5 Training Example 1297/1586 (global idx 9231): /home/projects/bagon/shared/imagenet512/val/n01740131/ILSVRC2012_val_00018388.JPEG ===
2025-09-22 11:46:05,032 - INFO - Example /home/projects/bagon/shared/imagenet512/val/n01740131/ILSVRC2012_val_00018388.JPEG reached epsilon at step 55, loss sum: 61.2108, final loss: 0.00081253, weight distance: 0.0047
2025-09-22 11:46:05,592 - INFO - Example 1297 completed: 55 steps, loss sum: 61.2108, final loss: 0.00081253, weight distance: 0.0047 (universal rank: 44788)
2025-09-22 11:46:05,592 - INFO - 
=== Worker 5 Training Example 1298/1586 (global idx 9232): /home/projects/bagon/shared/imagenet512/val/n03759954/ILSVRC2012_val_00001982.JPEG ===
2025-09-22 11:46:07,729 - INFO - Example /home/projects/bagon/shared/imagenet512/val/n03759954/ILSVRC2012_val_00001982.JPEG reached epsilon at step 59, loss sum: 28.5720, final loss: 0.00089645, weight distance: 0.0041
2025-09-22 11:46:08,287 - INFO - Example 1298 completed: 59 steps, loss sum: 28.5720, final loss: 0.00089645, weight distance: 0.0041 (universal rank: 44789)
2025-09-22 11:46:08,288 - INFO - 
=== Worker 5 Training Example 1299/1586 (global idx 9233): /home/projects/bagon/shared/imagenet512/val/n04493381/ILSVRC2012_val_00009864.JPEG ===
2025-09-22 11:46:10,348 - INFO - Example /home/projects/bagon/shared/imagenet512/val/n04493381/ILSVRC2012_val_00009864.JPEG reached epsilon at step 57, loss sum: 39.8084, final loss: 0.00089264, weight distance: 0.0046
2025-09-22 11:46:10,899 - INFO - Example 1299 completed: 57 steps, loss sum: 39.8084, final loss: 0.00089264, weight distance: 0.0046 (universal rank: 44790)
2025-09-22 11:46:10,899 - INFO - 
=== Worker 5 Training Example 1300/1586 (global idx 9234): /home/projects/bagon/shared/imagenet512/val/n07930864/ILSVRC2012_val_00026174.JPEG ===
2025-09-22 11:46:12,853 - INFO - Example /home/projects/bagon/shared/imagenet512/val/n07930864/ILSVRC2012_val_00026174.JPEG reached epsilon at step 54, loss sum: 63.6395, final loss: 0.00088501, weight distance: 0.0046
2025-09-22 11:46:13,404 - INFO - Example 1300 completed: 54 steps, loss sum: 63.6395, final loss: 0.00088501, weight distance: 0.0046 (universal rank: 44792)
2025-09-22 11:46:13,404 - INFO - 
=== Worker 5 Training Example 1301/1586 (global idx 9235): /home/projects/bagon/shared/imagenet512/val/n04008634/ILSVRC2012_val_00018756.JPEG ===
2025-09-22 11:46:16,019 - INFO - Example /home/projects/bagon/shared/imagenet512/val/n04008634/ILSVRC2012_val_00018756.JPEG reached epsilon at step 73, loss sum: 133.4213, final loss: 0.00098419, weight distance: 0.0056
2025-09-22 11:46:16,582 - INFO - Example 1301 completed: 73 steps, loss sum: 133.4213, final loss: 0.00098419, weight distance: 0.0056 (universal rank: 44793)
2025-09-22 11:46:16,583 - INFO - 
=== Worker 5 Training Example 1302/1586 (global idx 9236): /home/projects/bagon/shared/imagenet512/val/n02963159/ILSVRC2012_val_00029879.JPEG ===
2025-09-22 11:46:17,995 - INFO - Example /home/projects/bagon/shared/imagenet512/val/n02963159/ILSVRC2012_val_00029879.JPEG reached epsilon at step 39, loss sum: 14.7804, final loss: 0.00072098, weight distance: 0.0036
2025-09-22 11:46:18,645 - INFO - Example 1302 completed: 39 steps, loss sum: 14.7804, final loss: 0.00072098, weight distance: 0.0036 (universal rank: 44794)
2025-09-22 11:46:18,646 - INFO - 
=== Worker 5 Training Example 1303/1586 (global idx 9237): /home/projects/bagon/shared/imagenet512/val/n02699494/ILSVRC2012_val_00019197.JPEG ===
2025-09-22 11:46:20,005 - INFO - Example /home/projects/bagon/shared/imagenet512/val/n02699494/ILSVRC2012_val_00019197.JPEG reached epsilon at step 37, loss sum: 13.4847, final loss: 0.00099945, weight distance: 0.0031
2025-09-22 11:46:20,562 - INFO - Example 1303 completed: 37 steps, loss sum: 13.4847, final loss: 0.00099945, weight distance: 0.0031 (universal rank: 44795)
2025-09-22 11:46:20,562 - INFO - 
=== Worker 5 Training Example 1304/1586 (global idx 9238): /home/projects/bagon/shared/imagenet512/val/n03983396/ILSVRC2012_val_00011279.JPEG ===
2025-09-22 11:46:22,541 - INFO - Example /home/projects/bagon/shared/imagenet512/val/n03983396/ILSVRC2012_val_00011279.JPEG reached epsilon at step 55, loss sum: 21.2448, final loss: 0.00085068, weight distance: 0.0041
2025-09-22 11:46:23,086 - INFO - Example 1304 completed: 55 steps, loss sum: 21.2448, final loss: 0.00085068, weight distance: 0.0041 (universal rank: 44796)
2025-09-22 11:46:23,086 - INFO - 
=== Worker 5 Training Example 1305/1586 (global idx 9239): /home/projects/bagon/shared/imagenet512/val/n04286575/ILSVRC2012_val_00015779.JPEG ===
2025-09-22 11:46:24,327 - INFO - Example /home/projects/bagon/shared/imagenet512/val/n04286575/ILSVRC2012_val_00015779.JPEG reached epsilon at step 34, loss sum: 10.1793, final loss: 0.00078964, weight distance: 0.0030
2025-09-22 11:46:24,886 - INFO - Example 1305 completed: 34 steps, loss sum: 10.1793, final loss: 0.00078964, weight distance: 0.0030 (universal rank: 44797)
2025-09-22 11:46:24,887 - INFO - 
=== Worker 5 Training Example 1306/1586 (global idx 9240): /home/projects/bagon/shared/imagenet512/val/n04476259/ILSVRC2012_val_00020114.JPEG ===
2025-09-22 11:46:26,452 - INFO - Example /home/projects/bagon/shared/imagenet512/val/n04476259/ILSVRC2012_val_00020114.JPEG reached epsilon at step 43, loss sum: 28.2106, final loss: 0.00070190, weight distance: 0.0038
2025-09-22 11:46:27,009 - INFO - Example 1306 completed: 43 steps, loss sum: 28.2106, final loss: 0.00070190, weight distance: 0.0038 (universal rank: 44798)
2025-09-22 11:46:27,009 - INFO - 
=== Worker 5 Training Example 1307/1586 (global idx 9241): /home/projects/bagon/shared/imagenet512/val/n04493381/ILSVRC2012_val_00010293.JPEG ===
2025-09-22 11:46:28,396 - INFO - Example /home/projects/bagon/shared/imagenet512/val/n04493381/ILSVRC2012_val_00010293.JPEG reached epsilon at step 38, loss sum: 10.1547, final loss: 0.00085831, weight distance: 0.0031
2025-09-22 11:46:28,971 - INFO - Example 1307 completed: 38 steps, loss sum: 10.1547, final loss: 0.00085831, weight distance: 0.0031 (universal rank: 44799)
2025-09-22 11:46:28,971 - INFO - 
=== Worker 5 Training Example 1308/1586 (global idx 9242): /home/projects/bagon/shared/imagenet512/val/n02797295/ILSVRC2012_val_00007717.JPEG ===
2025-09-22 11:46:31,722 - INFO - Example /home/projects/bagon/shared/imagenet512/val/n02797295/ILSVRC2012_val_00007717.JPEG reached epsilon at step 76, loss sum: 141.2859, final loss: 0.00098419, weight distance: 0.0059
2025-09-22 11:46:32,290 - INFO - Example 1308 completed: 76 steps, loss sum: 141.2859, final loss: 0.00098419, weight distance: 0.0059 (universal rank: 44802)
2025-09-22 11:46:32,290 - INFO - 
=== Worker 5 Training Example 1309/1586 (global idx 9243): /home/projects/bagon/shared/imagenet512/val/n02814860/ILSVRC2012_val_00026607.JPEG ===
2025-09-22 11:46:33,177 - INFO - Example /home/projects/bagon/shared/imagenet512/val/n02814860/ILSVRC2012_val_00026607.JPEG reached epsilon at step 24, loss sum: 1.8497, final loss: 0.00077438, weight distance: 0.0022
2025-09-22 11:46:33,725 - INFO - Example 1309 completed: 24 steps, loss sum: 1.8497, final loss: 0.00077438, weight distance: 0.0022 (universal rank: 44803)
2025-09-22 11:46:33,725 - INFO - 
=== Worker 5 Training Example 1310/1586 (global idx 9244): /home/projects/bagon/shared/imagenet512/val/n04039381/ILSVRC2012_val_00031107.JPEG ===
2025-09-22 11:46:34,999 - INFO - Example /home/projects/bagon/shared/imagenet512/val/n04039381/ILSVRC2012_val_00031107.JPEG reached epsilon at step 35, loss sum: 43.3367, final loss: 0.00093079, weight distance: 0.0031
2025-09-22 11:46:35,547 - INFO - Example 1310 completed: 35 steps, loss sum: 43.3367, final loss: 0.00093079, weight distance: 0.0031 (universal rank: 44804)
2025-09-22 11:46:35,547 - INFO - 
=== Worker 5 Training Example 1311/1586 (global idx 9245): /home/projects/bagon/shared/imagenet512/val/n03498962/ILSVRC2012_val_00040559.JPEG ===
2025-09-22 11:46:38,049 - INFO - Example /home/projects/bagon/shared/imagenet512/val/n03498962/ILSVRC2012_val_00040559.JPEG reached epsilon at step 70, loss sum: 119.2592, final loss: 0.00073624, weight distance: 0.0058
2025-09-22 11:46:38,606 - INFO - Example 1311 completed: 70 steps, loss sum: 119.2592, final loss: 0.00073624, weight distance: 0.0058 (universal rank: 44805)
2025-09-22 11:46:38,606 - INFO - 
=== Worker 5 Training Example 1312/1586 (global idx 9246): /home/projects/bagon/shared/imagenet512/val/n07248320/ILSVRC2012_val_00008799.JPEG ===
2025-09-22 11:46:39,758 - INFO - Example /home/projects/bagon/shared/imagenet512/val/n07248320/ILSVRC2012_val_00008799.JPEG reached epsilon at step 31, loss sum: 9.7765, final loss: 0.00091171, weight distance: 0.0028
2025-09-22 11:46:40,328 - INFO - Example 1312 completed: 31 steps, loss sum: 9.7765, final loss: 0.00091171, weight distance: 0.0028 (universal rank: 44806)
2025-09-22 11:46:40,328 - INFO - 
=== Worker 5 Training Example 1313/1586 (global idx 9247): /home/projects/bagon/shared/imagenet512/val/n04376876/ILSVRC2012_val_00004096.JPEG ===
2025-09-22 11:46:41,568 - INFO - Example /home/projects/bagon/shared/imagenet512/val/n04376876/ILSVRC2012_val_00004096.JPEG reached epsilon at step 34, loss sum: 14.0007, final loss: 0.00088882, weight distance: 0.0031
2025-09-22 11:46:42,419 - INFO - Example 1313 completed: 34 steps, loss sum: 14.0007, final loss: 0.00088882, weight distance: 0.0031 (universal rank: 44808)
2025-09-22 11:46:42,419 - INFO - 
=== Worker 5 Training Example 1314/1586 (global idx 9248): /home/projects/bagon/shared/imagenet512/val/n02102318/ILSVRC2012_val_00020250.JPEG ===
2025-09-22 11:46:44,177 - INFO - Example /home/projects/bagon/shared/imagenet512/val/n02102318/ILSVRC2012_val_00020250.JPEG reached epsilon at step 49, loss sum: 55.0627, final loss: 0.00091934, weight distance: 0.0042
2025-09-22 11:46:44,731 - INFO - Example 1314 completed: 49 steps, loss sum: 55.0627, final loss: 0.00091934, weight distance: 0.0042 (universal rank: 44809)
2025-09-22 11:46:44,731 - INFO - 
=== Worker 5 Training Example 1315/1586 (global idx 9249): /home/projects/bagon/shared/imagenet512/val/n02095889/ILSVRC2012_val_00027256.JPEG ===
2025-09-22 11:46:47,026 - INFO - Example /home/projects/bagon/shared/imagenet512/val/n02095889/ILSVRC2012_val_00027256.JPEG reached epsilon at step 64, loss sum: 84.1278, final loss: 0.00093460, weight distance: 0.0053
2025-09-22 11:46:47,587 - INFO - Example 1315 completed: 64 steps, loss sum: 84.1278, final loss: 0.00093460, weight distance: 0.0053 (universal rank: 44810)
2025-09-22 11:46:47,587 - INFO - 
=== Worker 5 Training Example 1316/1586 (global idx 9250): /home/projects/bagon/shared/imagenet512/val/n02087394/ILSVRC2012_val_00047173.JPEG ===
2025-09-22 11:46:49,344 - INFO - Example /home/projects/bagon/shared/imagenet512/val/n02087394/ILSVRC2012_val_00047173.JPEG reached epsilon at step 49, loss sum: 15.7634, final loss: 0.00094986, weight distance: 0.0043
2025-09-22 11:46:49,905 - INFO - Example 1316 completed: 49 steps, loss sum: 15.7634, final loss: 0.00094986, weight distance: 0.0043 (universal rank: 44811)
2025-09-22 11:46:49,905 - INFO - 
=== Worker 5 Training Example 1317/1586 (global idx 9251): /home/projects/bagon/shared/imagenet512/val/n03710637/ILSVRC2012_val_00021142.JPEG ===
2025-09-22 11:46:52,337 - INFO - Example /home/projects/bagon/shared/imagenet512/val/n03710637/ILSVRC2012_val_00021142.JPEG reached epsilon at step 68, loss sum: 12.6338, final loss: 0.00093079, weight distance: 0.0056
2025-09-22 11:46:52,901 - INFO - Example 1317 completed: 68 steps, loss sum: 12.6338, final loss: 0.00093079, weight distance: 0.0056 (universal rank: 44812)
2025-09-22 11:46:52,902 - INFO - 
=== Worker 5 Training Example 1318/1586 (global idx 9252): /home/projects/bagon/shared/imagenet512/val/n02108000/ILSVRC2012_val_00012740.JPEG ===
2025-09-22 11:46:54,283 - INFO - Example /home/projects/bagon/shared/imagenet512/val/n02108000/ILSVRC2012_val_00012740.JPEG reached epsilon at step 38, loss sum: 8.3127, final loss: 0.00095749, weight distance: 0.0034
2025-09-22 11:46:54,827 - INFO - Example 1318 completed: 38 steps, loss sum: 8.3127, final loss: 0.00095749, weight distance: 0.0034 (universal rank: 44813)
2025-09-22 11:46:54,828 - INFO - 
=== Worker 5 Training Example 1319/1586 (global idx 9253): /home/projects/bagon/shared/imagenet512/val/n02655020/ILSVRC2012_val_00019369.JPEG ===
2025-09-22 11:46:57,678 - INFO - Example /home/projects/bagon/shared/imagenet512/val/n02655020/ILSVRC2012_val_00019369.JPEG reached epsilon at step 80, loss sum: 160.0390, final loss: 0.00094604, weight distance: 0.0062
2025-09-22 11:46:58,225 - INFO - Example 1319 completed: 80 steps, loss sum: 160.0390, final loss: 0.00094604, weight distance: 0.0062 (universal rank: 44814)
2025-09-22 11:46:58,226 - INFO - 
=== Worker 5 Training Example 1320/1586 (global idx 9254): /home/projects/bagon/shared/imagenet512/val/n03761084/ILSVRC2012_val_00035302.JPEG ===
2025-09-22 11:46:59,512 - INFO - Example /home/projects/bagon/shared/imagenet512/val/n03761084/ILSVRC2012_val_00035302.JPEG reached epsilon at step 35, loss sum: 29.7221, final loss: 0.00098419, weight distance: 0.0031
2025-09-22 11:47:00,694 - INFO - Example 1320 completed: 35 steps, loss sum: 29.7221, final loss: 0.00098419, weight distance: 0.0031 (universal rank: 44815)
2025-09-22 11:47:00,694 - INFO - 
=== Worker 5 Training Example 1321/1586 (global idx 9255): /home/projects/bagon/shared/imagenet512/val/n02965783/ILSVRC2012_val_00049299.JPEG ===
2025-09-22 11:47:02,021 - INFO - Example /home/projects/bagon/shared/imagenet512/val/n02965783/ILSVRC2012_val_00049299.JPEG reached epsilon at step 37, loss sum: 48.0232, final loss: 0.00093079, weight distance: 0.0032
2025-09-22 11:47:02,604 - INFO - Example 1321 completed: 37 steps, loss sum: 48.0232, final loss: 0.00093079, weight distance: 0.0032 (universal rank: 44816)
2025-09-22 11:47:02,604 - INFO - 
=== Worker 5 Training Example 1322/1586 (global idx 9256): /home/projects/bagon/shared/imagenet512/val/n02137549/ILSVRC2012_val_00033010.JPEG ===
2025-09-22 11:47:04,847 - INFO - Example /home/projects/bagon/shared/imagenet512/val/n02137549/ILSVRC2012_val_00033010.JPEG reached epsilon at step 63, loss sum: 84.1040, final loss: 0.00070953, weight distance: 0.0048
2025-09-22 11:47:05,430 - INFO - Example 1322 completed: 63 steps, loss sum: 84.1040, final loss: 0.00070953, weight distance: 0.0048 (universal rank: 44817)
2025-09-22 11:47:05,430 - INFO - 
=== Worker 5 Training Example 1323/1586 (global idx 9257): /home/projects/bagon/shared/imagenet512/val/n04238763/ILSVRC2012_val_00043886.JPEG ===
2025-09-22 11:47:06,564 - INFO - Example /home/projects/bagon/shared/imagenet512/val/n04238763/ILSVRC2012_val_00043886.JPEG reached epsilon at step 31, loss sum: 5.4311, final loss: 0.00090027, weight distance: 0.0029
2025-09-22 11:47:07,145 - INFO - Example 1323 completed: 31 steps, loss sum: 5.4311, final loss: 0.00090027, weight distance: 0.0029 (universal rank: 44818)
2025-09-22 11:47:07,145 - INFO - 
=== Worker 5 Training Example 1324/1586 (global idx 9258): /home/projects/bagon/shared/imagenet512/val/n04131690/ILSVRC2012_val_00014536.JPEG ===
2025-09-22 11:47:08,143 - INFO - Example /home/projects/bagon/shared/imagenet512/val/n04131690/ILSVRC2012_val_00014536.JPEG reached epsilon at step 27, loss sum: 11.5780, final loss: 0.00066757, weight distance: 0.0025
2025-09-22 11:47:08,726 - INFO - Example 1324 completed: 27 steps, loss sum: 11.5780, final loss: 0.00066757, weight distance: 0.0025 (universal rank: 44819)
2025-09-22 11:47:08,726 - INFO - 
=== Worker 5 Training Example 1325/1586 (global idx 9259): /home/projects/bagon/shared/imagenet512/val/n04259630/ILSVRC2012_val_00035937.JPEG ===
2025-09-22 11:47:10,362 - INFO - Example /home/projects/bagon/shared/imagenet512/val/n04259630/ILSVRC2012_val_00035937.JPEG reached epsilon at step 45, loss sum: 68.6964, final loss: 0.00073624, weight distance: 0.0039
2025-09-22 11:47:10,931 - INFO - Example 1325 completed: 45 steps, loss sum: 68.6964, final loss: 0.00073624, weight distance: 0.0039 (universal rank: 44820)
2025-09-22 11:47:10,931 - INFO - 
=== Worker 5 Training Example 1326/1586 (global idx 9260): /home/projects/bagon/shared/imagenet512/val/n04356056/ILSVRC2012_val_00022285.JPEG ===
2025-09-22 11:47:13,202 - INFO - Example /home/projects/bagon/shared/imagenet512/val/n04356056/ILSVRC2012_val_00022285.JPEG reached epsilon at step 63, loss sum: 40.0775, final loss: 0.00092316, weight distance: 0.0052
2025-09-22 11:47:13,788 - INFO - Example 1326 completed: 63 steps, loss sum: 40.0775, final loss: 0.00092316, weight distance: 0.0052 (universal rank: 44821)
2025-09-22 11:47:13,788 - INFO - 
=== Worker 5 Training Example 1327/1586 (global idx 9261): /home/projects/bagon/shared/imagenet512/val/n03127925/ILSVRC2012_val_00001452.JPEG ===
2025-09-22 11:47:15,274 - INFO - Example /home/projects/bagon/shared/imagenet512/val/n03127925/ILSVRC2012_val_00001452.JPEG reached epsilon at step 41, loss sum: 52.1263, final loss: 0.00063705, weight distance: 0.0036
2025-09-22 11:47:15,849 - INFO - Example 1327 completed: 41 steps, loss sum: 52.1263, final loss: 0.00063705, weight distance: 0.0036 (universal rank: 44824)
2025-09-22 11:47:15,849 - INFO - 
=== Worker 5 Training Example 1328/1586 (global idx 9262): /home/projects/bagon/shared/imagenet512/val/n03998194/ILSVRC2012_val_00028039.JPEG ===
2025-09-22 11:47:17,210 - INFO - Example /home/projects/bagon/shared/imagenet512/val/n03998194/ILSVRC2012_val_00028039.JPEG reached epsilon at step 37, loss sum: 36.5196, final loss: 0.00093079, weight distance: 0.0033
2025-09-22 11:47:17,789 - INFO - Example 1328 completed: 37 steps, loss sum: 36.5196, final loss: 0.00093079, weight distance: 0.0033 (universal rank: 44825)
2025-09-22 11:47:17,789 - INFO - 
=== Worker 5 Training Example 1329/1586 (global idx 9263): /home/projects/bagon/shared/imagenet512/val/n07734744/ILSVRC2012_val_00028371.JPEG ===
2025-09-22 11:47:19,703 - INFO - Example /home/projects/bagon/shared/imagenet512/val/n07734744/ILSVRC2012_val_00028371.JPEG reached epsilon at step 53, loss sum: 47.2739, final loss: 0.00086975, weight distance: 0.0044
2025-09-22 11:47:20,272 - INFO - Example 1329 completed: 53 steps, loss sum: 47.2739, final loss: 0.00086975, weight distance: 0.0044 (universal rank: 44826)
2025-09-22 11:47:20,272 - INFO - 
=== Worker 5 Training Example 1330/1586 (global idx 9264): /home/projects/bagon/shared/imagenet512/val/n02086646/ILSVRC2012_val_00030642.JPEG ===
2025-09-22 11:47:22,116 - INFO - Example /home/projects/bagon/shared/imagenet512/val/n02086646/ILSVRC2012_val_00030642.JPEG reached epsilon at step 51, loss sum: 39.8532, final loss: 0.00090408, weight distance: 0.0044
2025-09-22 11:47:22,688 - INFO - Example 1330 completed: 51 steps, loss sum: 39.8532, final loss: 0.00090408, weight distance: 0.0044 (universal rank: 44827)
2025-09-22 11:47:22,688 - INFO - 
=== Worker 5 Training Example 1331/1586 (global idx 9265): /home/projects/bagon/shared/imagenet512/val/n02097298/ILSVRC2012_val_00024756.JPEG ===
2025-09-22 11:47:24,789 - INFO - Example /home/projects/bagon/shared/imagenet512/val/n02097298/ILSVRC2012_val_00024756.JPEG reached epsilon at step 58, loss sum: 81.4241, final loss: 0.00097656, weight distance: 0.0047
2025-09-22 11:47:25,379 - INFO - Example 1331 completed: 58 steps, loss sum: 81.4241, final loss: 0.00097656, weight distance: 0.0047 (universal rank: 44828)
2025-09-22 11:47:25,379 - INFO - 
=== Worker 5 Training Example 1332/1586 (global idx 9266): /home/projects/bagon/shared/imagenet512/val/n04039381/ILSVRC2012_val_00031371.JPEG ===
2025-09-22 11:47:27,057 - INFO - Example /home/projects/bagon/shared/imagenet512/val/n04039381/ILSVRC2012_val_00031371.JPEG reached epsilon at step 47, loss sum: 103.3088, final loss: 0.00097275, weight distance: 0.0039
2025-09-22 11:47:27,636 - INFO - Example 1332 completed: 47 steps, loss sum: 103.3088, final loss: 0.00097275, weight distance: 0.0039 (universal rank: 44829)
2025-09-22 11:47:27,636 - INFO - 
=== Worker 5 Training Example 1333/1586 (global idx 9267): /home/projects/bagon/shared/imagenet512/val/n02948072/ILSVRC2012_val_00031683.JPEG ===
2025-09-22 11:47:29,104 - INFO - Example /home/projects/bagon/shared/imagenet512/val/n02948072/ILSVRC2012_val_00031683.JPEG reached epsilon at step 41, loss sum: 48.3323, final loss: 0.00083160, weight distance: 0.0036
2025-09-22 11:47:29,692 - INFO - Example 1333 completed: 41 steps, loss sum: 48.3323, final loss: 0.00083160, weight distance: 0.0036 (universal rank: 44830)
2025-09-22 11:47:29,692 - INFO - 
=== Worker 5 Training Example 1334/1586 (global idx 9268): /home/projects/bagon/shared/imagenet512/val/n04372370/ILSVRC2012_val_00045927.JPEG ===
2025-09-22 11:47:30,841 - INFO - Example /home/projects/bagon/shared/imagenet512/val/n04372370/ILSVRC2012_val_00045927.JPEG reached epsilon at step 31, loss sum: 10.0894, final loss: 0.00083542, weight distance: 0.0026
2025-09-22 11:47:31,388 - INFO - Example 1334 completed: 31 steps, loss sum: 10.0894, final loss: 0.00083542, weight distance: 0.0026 (universal rank: 44832)
2025-09-22 11:47:31,388 - INFO - 
=== Worker 5 Training Example 1335/1586 (global idx 9269): /home/projects/bagon/shared/imagenet512/val/n02094433/ILSVRC2012_val_00012611.JPEG ===
2025-09-22 11:47:33,270 - INFO - Example /home/projects/bagon/shared/imagenet512/val/n02094433/ILSVRC2012_val_00012611.JPEG reached epsilon at step 52, loss sum: 15.5039, final loss: 0.00094223, weight distance: 0.0041
2025-09-22 11:47:33,828 - INFO - Example 1335 completed: 52 steps, loss sum: 15.5039, final loss: 0.00094223, weight distance: 0.0041 (universal rank: 44833)
2025-09-22 11:47:33,828 - INFO - 
=== Worker 5 Training Example 1336/1586 (global idx 9270): /home/projects/bagon/shared/imagenet512/val/n02108000/ILSVRC2012_val_00033553.JPEG ===
2025-09-22 11:47:35,988 - INFO - Example /home/projects/bagon/shared/imagenet512/val/n02108000/ILSVRC2012_val_00033553.JPEG reached epsilon at step 60, loss sum: 54.0199, final loss: 0.00099182, weight distance: 0.0052
2025-09-22 11:47:36,626 - INFO - Example 1336 completed: 60 steps, loss sum: 54.0199, final loss: 0.00099182, weight distance: 0.0052 (universal rank: 44834)
2025-09-22 11:47:36,627 - INFO - 
=== Worker 5 Training Example 1337/1586 (global idx 9271): /home/projects/bagon/shared/imagenet512/val/n03998194/ILSVRC2012_val_00038469.JPEG ===
2025-09-22 11:47:37,828 - INFO - Example /home/projects/bagon/shared/imagenet512/val/n03998194/ILSVRC2012_val_00038469.JPEG reached epsilon at step 33, loss sum: 24.5041, final loss: 0.00086212, weight distance: 0.0031
2025-09-22 11:47:38,387 - INFO - Example 1337 completed: 33 steps, loss sum: 24.5041, final loss: 0.00086212, weight distance: 0.0031 (universal rank: 44835)
2025-09-22 11:47:38,387 - INFO - 
=== Worker 5 Training Example 1338/1586 (global idx 9272): /home/projects/bagon/shared/imagenet512/val/n03180011/ILSVRC2012_val_00016800.JPEG ===
2025-09-22 11:47:40,671 - INFO - Example /home/projects/bagon/shared/imagenet512/val/n03180011/ILSVRC2012_val_00016800.JPEG reached epsilon at step 64, loss sum: 25.0566, final loss: 0.00093842, weight distance: 0.0046
2025-09-22 11:47:41,217 - INFO - Example 1338 completed: 64 steps, loss sum: 25.0566, final loss: 0.00093842, weight distance: 0.0046 (universal rank: 44836)
2025-09-22 11:47:41,218 - INFO - 
=== Worker 5 Training Example 1339/1586 (global idx 9273): /home/projects/bagon/shared/imagenet512/val/n01630670/ILSVRC2012_val_00003189.JPEG ===
2025-09-22 11:47:43,382 - INFO - Example /home/projects/bagon/shared/imagenet512/val/n01630670/ILSVRC2012_val_00003189.JPEG reached epsilon at step 60, loss sum: 30.6147, final loss: 0.00080872, weight distance: 0.0048
2025-09-22 11:47:43,942 - INFO - Example 1339 completed: 60 steps, loss sum: 30.6147, final loss: 0.00080872, weight distance: 0.0048 (universal rank: 44837)
2025-09-22 11:47:43,942 - INFO - 
=== Worker 5 Training Example 1340/1586 (global idx 9274): /home/projects/bagon/shared/imagenet512/val/n04154565/ILSVRC2012_val_00013516.JPEG ===
2025-09-22 11:47:45,157 - INFO - Example /home/projects/bagon/shared/imagenet512/val/n04154565/ILSVRC2012_val_00013516.JPEG reached epsilon at step 33, loss sum: 14.3099, final loss: 0.00097656, weight distance: 0.0029
2025-09-22 11:47:45,709 - INFO - Example 1340 completed: 33 steps, loss sum: 14.3099, final loss: 0.00097656, weight distance: 0.0029 (universal rank: 44838)
2025-09-22 11:47:45,709 - INFO - 
=== Worker 5 Training Example 1341/1586 (global idx 9275): /home/projects/bagon/shared/imagenet512/val/n02672831/ILSVRC2012_val_00009773.JPEG ===
2025-09-22 11:47:47,366 - INFO - Example /home/projects/bagon/shared/imagenet512/val/n02672831/ILSVRC2012_val_00009773.JPEG reached epsilon at step 46, loss sum: 77.1434, final loss: 0.00085449, weight distance: 0.0039
2025-09-22 11:47:47,945 - INFO - Example 1341 completed: 46 steps, loss sum: 77.1434, final loss: 0.00085449, weight distance: 0.0039 (universal rank: 44839)
2025-09-22 11:47:47,945 - INFO - 
=== Worker 5 Training Example 1342/1586 (global idx 9276): /home/projects/bagon/shared/imagenet512/val/n04509417/ILSVRC2012_val_00032583.JPEG ===
2025-09-22 11:47:48,980 - INFO - Example /home/projects/bagon/shared/imagenet512/val/n04509417/ILSVRC2012_val_00032583.JPEG reached epsilon at step 28, loss sum: 12.2511, final loss: 0.00094986, weight distance: 0.0027
2025-09-22 11:47:49,527 - INFO - Example 1342 completed: 28 steps, loss sum: 12.2511, final loss: 0.00094986, weight distance: 0.0027 (universal rank: 44840)
2025-09-22 11:47:49,527 - INFO - 
=== Worker 5 Training Example 1343/1586 (global idx 9277): /home/projects/bagon/shared/imagenet512/val/n04553703/ILSVRC2012_val_00025271.JPEG ===
2025-09-22 11:47:50,789 - INFO - Example /home/projects/bagon/shared/imagenet512/val/n04553703/ILSVRC2012_val_00025271.JPEG reached epsilon at step 34, loss sum: 12.9153, final loss: 0.00098419, weight distance: 0.0031
2025-09-22 11:47:51,332 - INFO - Example 1343 completed: 34 steps, loss sum: 12.9153, final loss: 0.00098419, weight distance: 0.0031 (universal rank: 44841)
2025-09-22 11:47:51,332 - INFO - 
=== Worker 5 Training Example 1344/1586 (global idx 9278): /home/projects/bagon/shared/imagenet512/val/n02099267/ILSVRC2012_val_00003898.JPEG ===
2025-09-22 11:47:54,136 - INFO - Example /home/projects/bagon/shared/imagenet512/val/n02099267/ILSVRC2012_val_00003898.JPEG reached epsilon at step 77, loss sum: 40.2295, final loss: 0.00086594, weight distance: 0.0061
2025-09-22 11:47:54,899 - INFO - Example 1344 completed: 77 steps, loss sum: 40.2295, final loss: 0.00086594, weight distance: 0.0061 (universal rank: 44842)
2025-09-22 11:47:54,899 - INFO - 
=== Worker 5 Training Example 1345/1586 (global idx 9279): /home/projects/bagon/shared/imagenet512/val/n03032252/ILSVRC2012_val_00036856.JPEG ===
2025-09-22 11:47:56,000 - INFO - Example /home/projects/bagon/shared/imagenet512/val/n03032252/ILSVRC2012_val_00036856.JPEG reached epsilon at step 30, loss sum: 12.6219, final loss: 0.00098419, weight distance: 0.0025
2025-09-22 11:47:56,555 - INFO - Example 1345 completed: 30 steps, loss sum: 12.6219, final loss: 0.00098419, weight distance: 0.0025 (universal rank: 44843)
2025-09-22 11:47:56,555 - INFO - 
=== Worker 5 Training Example 1346/1586 (global idx 9280): /home/projects/bagon/shared/imagenet512/val/n04086273/ILSVRC2012_val_00037225.JPEG ===
2025-09-22 11:47:57,551 - INFO - Example /home/projects/bagon/shared/imagenet512/val/n04086273/ILSVRC2012_val_00037225.JPEG reached epsilon at step 27, loss sum: 4.8996, final loss: 0.00082016, weight distance: 0.0024
2025-09-22 11:47:58,108 - INFO - Example 1346 completed: 27 steps, loss sum: 4.8996, final loss: 0.00082016, weight distance: 0.0024 (universal rank: 44844)
2025-09-22 11:47:58,108 - INFO - 
=== Worker 5 Training Example 1347/1586 (global idx 9281): /home/projects/bagon/shared/imagenet512/val/n04355338/ILSVRC2012_val_00008323.JPEG ===
2025-09-22 11:47:59,595 - INFO - Example /home/projects/bagon/shared/imagenet512/val/n04355338/ILSVRC2012_val_00008323.JPEG reached epsilon at step 41, loss sum: 23.6714, final loss: 0.00096893, weight distance: 0.0037
2025-09-22 11:48:00,207 - INFO - Example 1347 completed: 41 steps, loss sum: 23.6714, final loss: 0.00096893, weight distance: 0.0037 (universal rank: 44845)
2025-09-22 11:48:00,207 - INFO - 
=== Worker 5 Training Example 1348/1586 (global idx 9282): /home/projects/bagon/shared/imagenet512/val/n04517823/ILSVRC2012_val_00012535.JPEG ===
2025-09-22 11:48:02,111 - INFO - Example /home/projects/bagon/shared/imagenet512/val/n04517823/ILSVRC2012_val_00012535.JPEG reached epsilon at step 53, loss sum: 101.9844, final loss: 0.00093079, weight distance: 0.0047
2025-09-22 11:48:02,681 - INFO - Example 1348 completed: 53 steps, loss sum: 101.9844, final loss: 0.00093079, weight distance: 0.0047 (universal rank: 44846)
2025-09-22 11:48:02,681 - INFO - 
=== Worker 5 Training Example 1349/1586 (global idx 9283): /home/projects/bagon/shared/imagenet512/val/n04033901/ILSVRC2012_val_00015664.JPEG ===
2025-09-22 11:48:03,573 - INFO - Example /home/projects/bagon/shared/imagenet512/val/n04033901/ILSVRC2012_val_00015664.JPEG reached epsilon at step 24, loss sum: 10.9600, final loss: 0.00082779, weight distance: 0.0023
2025-09-22 11:48:04,140 - INFO - Example 1349 completed: 24 steps, loss sum: 10.9600, final loss: 0.00082779, weight distance: 0.0023 (universal rank: 44847)
2025-09-22 11:48:04,140 - INFO - 
=== Worker 5 Training Example 1350/1586 (global idx 9284): /home/projects/bagon/shared/imagenet512/val/n09229709/ILSVRC2012_val_00039170.JPEG ===
2025-09-22 11:48:05,810 - INFO - Example /home/projects/bagon/shared/imagenet512/val/n09229709/ILSVRC2012_val_00039170.JPEG reached epsilon at step 46, loss sum: 80.7961, final loss: 0.00077438, weight distance: 0.0040
2025-09-22 11:48:06,461 - INFO - Example 1350 completed: 46 steps, loss sum: 80.7961, final loss: 0.00077438, weight distance: 0.0040 (universal rank: 44848)
2025-09-22 11:48:06,461 - INFO - 
=== Worker 5 Training Example 1351/1586 (global idx 9285): /home/projects/bagon/shared/imagenet512/val/n01796340/ILSVRC2012_val_00034282.JPEG ===
2025-09-22 11:48:07,657 - INFO - Example /home/projects/bagon/shared/imagenet512/val/n01796340/ILSVRC2012_val_00034282.JPEG reached epsilon at step 33, loss sum: 25.2956, final loss: 0.00089645, weight distance: 0.0029
2025-09-22 11:48:08,212 - INFO - Example 1351 completed: 33 steps, loss sum: 25.2956, final loss: 0.00089645, weight distance: 0.0029 (universal rank: 44849)
2025-09-22 11:48:08,213 - INFO - 
=== Worker 5 Training Example 1352/1586 (global idx 9286): /home/projects/bagon/shared/imagenet512/val/n12144580/ILSVRC2012_val_00033564.JPEG ===
2025-09-22 11:48:09,952 - INFO - Example /home/projects/bagon/shared/imagenet512/val/n12144580/ILSVRC2012_val_00033564.JPEG reached epsilon at step 48, loss sum: 25.0139, final loss: 0.00086212, weight distance: 0.0040
2025-09-22 11:48:10,604 - INFO - Example 1352 completed: 48 steps, loss sum: 25.0139, final loss: 0.00086212, weight distance: 0.0040 (universal rank: 44850)
2025-09-22 11:48:10,605 - INFO - 
=== Worker 5 Training Example 1353/1586 (global idx 9287): /home/projects/bagon/shared/imagenet512/val/n03045698/ILSVRC2012_val_00033789.JPEG ===
2025-09-22 11:48:12,432 - INFO - Example /home/projects/bagon/shared/imagenet512/val/n03045698/ILSVRC2012_val_00033789.JPEG reached epsilon at step 50, loss sum: 51.7356, final loss: 0.00088501, weight distance: 0.0042
2025-09-22 11:48:12,995 - INFO - Example 1353 completed: 50 steps, loss sum: 51.7356, final loss: 0.00088501, weight distance: 0.0042 (universal rank: 44851)
2025-09-22 11:48:12,995 - INFO - 
=== Worker 5 Training Example 1354/1586 (global idx 9288): /home/projects/bagon/shared/imagenet512/val/n04428191/ILSVRC2012_val_00003542.JPEG ===
2025-09-22 11:48:14,207 - INFO - Example /home/projects/bagon/shared/imagenet512/val/n04428191/ILSVRC2012_val_00003542.JPEG reached epsilon at step 33, loss sum: 18.3743, final loss: 0.00089264, weight distance: 0.0030
2025-09-22 11:48:14,758 - INFO - Example 1354 completed: 33 steps, loss sum: 18.3743, final loss: 0.00089264, weight distance: 0.0030 (universal rank: 44852)
2025-09-22 11:48:14,759 - INFO - 
=== Worker 5 Training Example 1355/1586 (global idx 9289): /home/projects/bagon/shared/imagenet512/val/n03404251/ILSVRC2012_val_00004835.JPEG ===
2025-09-22 11:48:15,829 - INFO - Example /home/projects/bagon/shared/imagenet512/val/n03404251/ILSVRC2012_val_00004835.JPEG reached epsilon at step 29, loss sum: 16.3684, final loss: 0.00093842, weight distance: 0.0027
2025-09-22 11:48:16,408 - INFO - Example 1355 completed: 29 steps, loss sum: 16.3684, final loss: 0.00093842, weight distance: 0.0027 (universal rank: 44853)
2025-09-22 11:48:16,408 - INFO - 
=== Worker 5 Training Example 1356/1586 (global idx 9290): /home/projects/bagon/shared/imagenet512/val/n03787032/ILSVRC2012_val_00024968.JPEG ===
2025-09-22 11:48:17,777 - INFO - Example /home/projects/bagon/shared/imagenet512/val/n03787032/ILSVRC2012_val_00024968.JPEG reached epsilon at step 38, loss sum: 31.7688, final loss: 0.00085449, weight distance: 0.0034
2025-09-22 11:48:18,751 - INFO - Example 1356 completed: 38 steps, loss sum: 31.7688, final loss: 0.00085449, weight distance: 0.0034 (universal rank: 44856)
2025-09-22 11:48:18,751 - INFO - 
=== Worker 5 Training Example 1357/1586 (global idx 9291): /home/projects/bagon/shared/imagenet512/val/n04429376/ILSVRC2012_val_00017455.JPEG ===
2025-09-22 11:48:20,209 - INFO - Example /home/projects/bagon/shared/imagenet512/val/n04429376/ILSVRC2012_val_00017455.JPEG reached epsilon at step 40, loss sum: 20.4189, final loss: 0.00069046, weight distance: 0.0035
2025-09-22 11:48:20,765 - INFO - Example 1357 completed: 40 steps, loss sum: 20.4189, final loss: 0.00069046, weight distance: 0.0035 (universal rank: 44857)
2025-09-22 11:48:20,766 - INFO - 
=== Worker 5 Training Example 1358/1586 (global idx 9292): /home/projects/bagon/shared/imagenet512/val/n04355933/ILSVRC2012_val_00013274.JPEG ===
2025-09-22 11:48:23,049 - INFO - Example /home/projects/bagon/shared/imagenet512/val/n04355933/ILSVRC2012_val_00013274.JPEG reached epsilon at step 64, loss sum: 64.0498, final loss: 0.00093079, weight distance: 0.0048
2025-09-22 11:48:23,606 - INFO - Example 1358 completed: 64 steps, loss sum: 64.0498, final loss: 0.00093079, weight distance: 0.0048 (universal rank: 44858)
2025-09-22 11:48:23,606 - INFO - 
=== Worker 5 Training Example 1359/1586 (global idx 9293): /home/projects/bagon/shared/imagenet512/val/n03777754/ILSVRC2012_val_00026631.JPEG ===
2025-09-22 11:48:25,204 - INFO - Example /home/projects/bagon/shared/imagenet512/val/n03777754/ILSVRC2012_val_00026631.JPEG reached epsilon at step 44, loss sum: 29.8554, final loss: 0.00080109, weight distance: 0.0036
2025-09-22 11:48:25,754 - INFO - Example 1359 completed: 44 steps, loss sum: 29.8554, final loss: 0.00080109, weight distance: 0.0036 (universal rank: 44859)
2025-09-22 11:48:25,754 - INFO - 
=== Worker 5 Training Example 1360/1586 (global idx 9294): /home/projects/bagon/shared/imagenet512/val/n04443257/ILSVRC2012_val_00030711.JPEG ===
2025-09-22 11:48:28,237 - INFO - Example /home/projects/bagon/shared/imagenet512/val/n04443257/ILSVRC2012_val_00030711.JPEG reached epsilon at step 70, loss sum: 43.4542, final loss: 0.00089264, weight distance: 0.0056
2025-09-22 11:48:28,791 - INFO - Example 1360 completed: 70 steps, loss sum: 43.4542, final loss: 0.00089264, weight distance: 0.0056 (universal rank: 44860)
2025-09-22 11:48:28,792 - INFO - 
=== Worker 5 Training Example 1361/1586 (global idx 9295): /home/projects/bagon/shared/imagenet512/val/n04120489/ILSVRC2012_val_00039619.JPEG ===
2025-09-22 11:48:30,411 - INFO - Example /home/projects/bagon/shared/imagenet512/val/n04120489/ILSVRC2012_val_00039619.JPEG reached epsilon at step 44, loss sum: 71.2720, final loss: 0.00090027, weight distance: 0.0040
2025-09-22 11:48:30,966 - INFO - Example 1361 completed: 44 steps, loss sum: 71.2720, final loss: 0.00090027, weight distance: 0.0040 (universal rank: 44861)
2025-09-22 11:48:30,967 - INFO - 
=== Worker 5 Training Example 1362/1586 (global idx 9296): /home/projects/bagon/shared/imagenet512/val/n01773549/ILSVRC2012_val_00031117.JPEG ===
2025-09-22 11:48:32,073 - INFO - Example /home/projects/bagon/shared/imagenet512/val/n01773549/ILSVRC2012_val_00031117.JPEG reached epsilon at step 30, loss sum: 9.2123, final loss: 0.00087738, weight distance: 0.0027
2025-09-22 11:48:32,636 - INFO - Example 1362 completed: 30 steps, loss sum: 9.2123, final loss: 0.00087738, weight distance: 0.0027 (universal rank: 44862)
2025-09-22 11:48:32,636 - INFO - 
=== Worker 5 Training Example 1363/1586 (global idx 9297): /home/projects/bagon/shared/imagenet512/val/n01855672/ILSVRC2012_val_00025667.JPEG ===
2025-09-22 11:48:35,118 - INFO - Example /home/projects/bagon/shared/imagenet512/val/n01855672/ILSVRC2012_val_00025667.JPEG reached epsilon at step 70, loss sum: 36.8887, final loss: 0.00091553, weight distance: 0.0041
2025-09-22 11:48:35,674 - INFO - Example 1363 completed: 70 steps, loss sum: 36.8887, final loss: 0.00091553, weight distance: 0.0041 (universal rank: 44863)
2025-09-22 11:48:35,674 - INFO - 
=== Worker 5 Training Example 1364/1586 (global idx 9298): /home/projects/bagon/shared/imagenet512/val/n07930864/ILSVRC2012_val_00028858.JPEG ===
2025-09-22 11:48:37,652 - INFO - Example /home/projects/bagon/shared/imagenet512/val/n07930864/ILSVRC2012_val_00028858.JPEG reached epsilon at step 55, loss sum: 58.1375, final loss: 0.00094986, weight distance: 0.0046
2025-09-22 11:48:38,214 - INFO - Example 1364 completed: 55 steps, loss sum: 58.1375, final loss: 0.00094986, weight distance: 0.0046 (universal rank: 44864)
2025-09-22 11:48:38,215 - INFO - 
=== Worker 5 Training Example 1365/1586 (global idx 9299): /home/projects/bagon/shared/imagenet512/val/n02105412/ILSVRC2012_val_00049826.JPEG ===
2025-09-22 11:48:39,352 - INFO - Example /home/projects/bagon/shared/imagenet512/val/n02105412/ILSVRC2012_val_00049826.JPEG reached epsilon at step 31, loss sum: 4.8133, final loss: 0.00096130, weight distance: 0.0028
2025-09-22 11:48:39,909 - INFO - Example 1365 completed: 31 steps, loss sum: 4.8133, final loss: 0.00096130, weight distance: 0.0028 (universal rank: 44865)
2025-09-22 11:48:39,909 - INFO - 
=== Worker 5 Training Example 1366/1586 (global idx 9300): /home/projects/bagon/shared/imagenet512/val/n03838899/ILSVRC2012_val_00016801.JPEG ===
2025-09-22 11:48:41,576 - INFO - Example /home/projects/bagon/shared/imagenet512/val/n03838899/ILSVRC2012_val_00016801.JPEG reached epsilon at step 46, loss sum: 61.1868, final loss: 0.00084305, weight distance: 0.0041
2025-09-22 11:48:42,210 - INFO - Example 1366 completed: 46 steps, loss sum: 61.1868, final loss: 0.00084305, weight distance: 0.0041 (universal rank: 44866)
2025-09-22 11:48:42,210 - INFO - 
=== Worker 5 Training Example 1367/1586 (global idx 9301): /home/projects/bagon/shared/imagenet512/val/n03670208/ILSVRC2012_val_00042844.JPEG ===
2025-09-22 11:48:43,947 - INFO - Example /home/projects/bagon/shared/imagenet512/val/n03670208/ILSVRC2012_val_00042844.JPEG reached epsilon at step 48, loss sum: 51.5720, final loss: 0.00093842, weight distance: 0.0043
2025-09-22 11:48:44,531 - INFO - Example 1367 completed: 48 steps, loss sum: 51.5720, final loss: 0.00093842, weight distance: 0.0043 (universal rank: 44867)
2025-09-22 11:48:44,531 - INFO - 
=== Worker 5 Training Example 1368/1586 (global idx 9302): /home/projects/bagon/shared/imagenet512/val/n07711569/ILSVRC2012_val_00037511.JPEG ===
2025-09-22 11:48:45,983 - INFO - Example /home/projects/bagon/shared/imagenet512/val/n07711569/ILSVRC2012_val_00037511.JPEG reached epsilon at step 40, loss sum: 66.7961, final loss: 0.00083542, weight distance: 0.0034
2025-09-22 11:48:46,566 - INFO - Example 1368 completed: 40 steps, loss sum: 66.7961, final loss: 0.00083542, weight distance: 0.0034 (universal rank: 44868)
2025-09-22 11:48:46,566 - INFO - 
=== Worker 5 Training Example 1369/1586 (global idx 9303): /home/projects/bagon/shared/imagenet512/val/n03290653/ILSVRC2012_val_00022494.JPEG ===
2025-09-22 11:48:48,865 - INFO - Example /home/projects/bagon/shared/imagenet512/val/n03290653/ILSVRC2012_val_00022494.JPEG reached epsilon at step 62, loss sum: 77.8626, final loss: 0.00093460, weight distance: 0.0052
2025-09-22 11:48:49,452 - INFO - Example 1369 completed: 62 steps, loss sum: 77.8626, final loss: 0.00093460, weight distance: 0.0052 (universal rank: 44869)
2025-09-22 11:48:49,452 - INFO - 
=== Worker 5 Training Example 1370/1586 (global idx 9304): /home/projects/bagon/shared/imagenet512/val/n02321529/ILSVRC2012_val_00015243.JPEG ===
2025-09-22 11:48:50,302 - INFO - Example /home/projects/bagon/shared/imagenet512/val/n02321529/ILSVRC2012_val_00015243.JPEG reached epsilon at step 23, loss sum: 4.3917, final loss: 0.00091934, weight distance: 0.0021
2025-09-22 11:48:50,878 - INFO - Example 1370 completed: 23 steps, loss sum: 4.3917, final loss: 0.00091934, weight distance: 0.0021 (universal rank: 44870)
2025-09-22 11:48:50,878 - INFO - 
=== Worker 5 Training Example 1371/1586 (global idx 9305): /home/projects/bagon/shared/imagenet512/val/n02672831/ILSVRC2012_val_00000204.JPEG ===
2025-09-22 11:48:53,649 - INFO - Example /home/projects/bagon/shared/imagenet512/val/n02672831/ILSVRC2012_val_00000204.JPEG reached epsilon at step 78, loss sum: 75.8550, final loss: 0.00091171, weight distance: 0.0061
2025-09-22 11:48:54,310 - INFO - Example 1371 completed: 78 steps, loss sum: 75.8550, final loss: 0.00091171, weight distance: 0.0061 (universal rank: 44871)
2025-09-22 11:48:54,311 - INFO - 
=== Worker 5 Training Example 1372/1586 (global idx 9306): /home/projects/bagon/shared/imagenet512/val/n03837869/ILSVRC2012_val_00025846.JPEG ===
2025-09-22 11:48:55,660 - INFO - Example /home/projects/bagon/shared/imagenet512/val/n03837869/ILSVRC2012_val_00025846.JPEG reached epsilon at step 37, loss sum: 25.2247, final loss: 0.00064850, weight distance: 0.0033
2025-09-22 11:48:56,218 - INFO - Example 1372 completed: 37 steps, loss sum: 25.2247, final loss: 0.00064850, weight distance: 0.0033 (universal rank: 44872)
2025-09-22 11:48:56,218 - INFO - 
=== Worker 5 Training Example 1373/1586 (global idx 9307): /home/projects/bagon/shared/imagenet512/val/n03240683/ILSVRC2012_val_00010303.JPEG ===
2025-09-22 11:48:57,122 - INFO - Example /home/projects/bagon/shared/imagenet512/val/n03240683/ILSVRC2012_val_00010303.JPEG reached epsilon at step 24, loss sum: 16.8551, final loss: 0.00075912, weight distance: 0.0023
2025-09-22 11:48:57,687 - INFO - Example 1373 completed: 24 steps, loss sum: 16.8551, final loss: 0.00075912, weight distance: 0.0023 (universal rank: 44873)
2025-09-22 11:48:57,687 - INFO - 
=== Worker 5 Training Example 1374/1586 (global idx 9308): /home/projects/bagon/shared/imagenet512/val/n02894605/ILSVRC2012_val_00037316.JPEG ===
2025-09-22 11:48:59,492 - INFO - Example /home/projects/bagon/shared/imagenet512/val/n02894605/ILSVRC2012_val_00037316.JPEG reached epsilon at step 50, loss sum: 74.0906, final loss: 0.00083160, weight distance: 0.0037
2025-09-22 11:49:00,066 - INFO - Example 1374 completed: 50 steps, loss sum: 74.0906, final loss: 0.00083160, weight distance: 0.0037 (universal rank: 44874)
2025-09-22 11:49:00,066 - INFO - 
=== Worker 5 Training Example 1375/1586 (global idx 9309): /home/projects/bagon/shared/imagenet512/val/n04557648/ILSVRC2012_val_00046459.JPEG ===
2025-09-22 11:49:01,671 - INFO - Example /home/projects/bagon/shared/imagenet512/val/n04557648/ILSVRC2012_val_00046459.JPEG reached epsilon at step 44, loss sum: 145.3690, final loss: 0.00082397, weight distance: 0.0036
2025-09-22 11:49:02,239 - INFO - Example 1375 completed: 44 steps, loss sum: 145.3690, final loss: 0.00082397, weight distance: 0.0036 (universal rank: 44875)
2025-09-22 11:49:02,240 - INFO - 
=== Worker 5 Training Example 1376/1586 (global idx 9310): /home/projects/bagon/shared/imagenet512/val/n04418357/ILSVRC2012_val_00013433.JPEG ===
2025-09-22 11:49:03,489 - INFO - Example /home/projects/bagon/shared/imagenet512/val/n04418357/ILSVRC2012_val_00013433.JPEG reached epsilon at step 34, loss sum: 31.6867, final loss: 0.00084686, weight distance: 0.0030
2025-09-22 11:49:04,051 - INFO - Example 1376 completed: 34 steps, loss sum: 31.6867, final loss: 0.00084686, weight distance: 0.0030 (universal rank: 44876)
2025-09-22 11:49:04,051 - INFO - 
=== Worker 5 Training Example 1377/1586 (global idx 9311): /home/projects/bagon/shared/imagenet512/val/n03761084/ILSVRC2012_val_00021354.JPEG ===
2025-09-22 11:49:05,112 - INFO - Example /home/projects/bagon/shared/imagenet512/val/n03761084/ILSVRC2012_val_00021354.JPEG reached epsilon at step 29, loss sum: 2.5201, final loss: 0.00093460, weight distance: 0.0026
2025-09-22 11:49:05,666 - INFO - Example 1377 completed: 29 steps, loss sum: 2.5201, final loss: 0.00093460, weight distance: 0.0026 (universal rank: 44877)
2025-09-22 11:49:05,666 - INFO - 
=== Worker 5 Training Example 1378/1586 (global idx 9312): /home/projects/bagon/shared/imagenet512/val/n02788148/ILSVRC2012_val_00016408.JPEG ===
2025-09-22 11:49:07,018 - INFO - Example /home/projects/bagon/shared/imagenet512/val/n02788148/ILSVRC2012_val_00016408.JPEG reached epsilon at step 36, loss sum: 61.6216, final loss: 0.00071335, weight distance: 0.0032
2025-09-22 11:49:07,834 - INFO - Example 1378 completed: 36 steps, loss sum: 61.6216, final loss: 0.00071335, weight distance: 0.0032 (universal rank: 44878)
2025-09-22 11:49:07,834 - INFO - 
=== Worker 5 Training Example 1379/1586 (global idx 9313): /home/projects/bagon/shared/imagenet512/val/n04317175/ILSVRC2012_val_00039435.JPEG ===
2025-09-22 11:49:09,625 - INFO - Example /home/projects/bagon/shared/imagenet512/val/n04317175/ILSVRC2012_val_00039435.JPEG reached epsilon at step 50, loss sum: 115.8428, final loss: 0.00084686, weight distance: 0.0043
2025-09-22 11:49:10,174 - INFO - Example 1379 completed: 50 steps, loss sum: 115.8428, final loss: 0.00084686, weight distance: 0.0043 (universal rank: 44879)
2025-09-22 11:49:10,174 - INFO - 
=== Worker 5 Training Example 1380/1586 (global idx 9314): /home/projects/bagon/shared/imagenet512/val/n03584254/ILSVRC2012_val_00048390.JPEG ===
2025-09-22 11:49:12,035 - INFO - Example /home/projects/bagon/shared/imagenet512/val/n03584254/ILSVRC2012_val_00048390.JPEG reached epsilon at step 52, loss sum: 43.0801, final loss: 0.00087738, weight distance: 0.0046
2025-09-22 11:49:12,675 - INFO - Example 1380 completed: 52 steps, loss sum: 43.0801, final loss: 0.00087738, weight distance: 0.0046 (universal rank: 44880)
2025-09-22 11:49:12,675 - INFO - 
=== Worker 5 Training Example 1381/1586 (global idx 9315): /home/projects/bagon/shared/imagenet512/val/n03691459/ILSVRC2012_val_00008456.JPEG ===
2025-09-22 11:49:14,278 - INFO - Example /home/projects/bagon/shared/imagenet512/val/n03691459/ILSVRC2012_val_00008456.JPEG reached epsilon at step 44, loss sum: 28.3522, final loss: 0.00087357, weight distance: 0.0038
2025-09-22 11:49:14,854 - INFO - Example 1381 completed: 44 steps, loss sum: 28.3522, final loss: 0.00087357, weight distance: 0.0038 (universal rank: 44881)
2025-09-22 11:49:14,854 - INFO - 
=== Worker 5 Training Example 1382/1586 (global idx 9316): /home/projects/bagon/shared/imagenet512/val/n02814860/ILSVRC2012_val_00020080.JPEG ===
2025-09-22 11:49:17,092 - INFO - Example /home/projects/bagon/shared/imagenet512/val/n02814860/ILSVRC2012_val_00020080.JPEG reached epsilon at step 62, loss sum: 81.2899, final loss: 0.00071716, weight distance: 0.0049
2025-09-22 11:49:17,648 - INFO - Example 1382 completed: 62 steps, loss sum: 81.2899, final loss: 0.00071716, weight distance: 0.0049 (universal rank: 44882)
2025-09-22 11:49:17,648 - INFO - 
=== Worker 5 Training Example 1383/1586 (global idx 9317): /home/projects/bagon/shared/imagenet512/val/n09256479/ILSVRC2012_val_00004126.JPEG ===
2025-09-22 11:49:18,956 - INFO - Example /home/projects/bagon/shared/imagenet512/val/n09256479/ILSVRC2012_val_00004126.JPEG reached epsilon at step 36, loss sum: 7.3573, final loss: 0.00096893, weight distance: 0.0032
2025-09-22 11:49:19,531 - INFO - Example 1383 completed: 36 steps, loss sum: 7.3573, final loss: 0.00096893, weight distance: 0.0032 (universal rank: 44883)
2025-09-22 11:49:19,531 - INFO - 
=== Worker 5 Training Example 1384/1586 (global idx 9318): /home/projects/bagon/shared/imagenet512/val/n04254120/ILSVRC2012_val_00030184.JPEG ===
2025-09-22 11:49:21,060 - INFO - Example /home/projects/bagon/shared/imagenet512/val/n04254120/ILSVRC2012_val_00030184.JPEG reached epsilon at step 42, loss sum: 31.1923, final loss: 0.00099182, weight distance: 0.0034
2025-09-22 11:49:21,613 - INFO - Example 1384 completed: 42 steps, loss sum: 31.1923, final loss: 0.00099182, weight distance: 0.0034 (universal rank: 44884)
2025-09-22 11:49:21,614 - INFO - 
=== Worker 5 Training Example 1385/1586 (global idx 9319): /home/projects/bagon/shared/imagenet512/val/n02492660/ILSVRC2012_val_00008204.JPEG ===
2025-09-22 11:49:23,219 - INFO - Example /home/projects/bagon/shared/imagenet512/val/n02492660/ILSVRC2012_val_00008204.JPEG reached epsilon at step 44, loss sum: 9.0849, final loss: 0.00099945, weight distance: 0.0038
2025-09-22 11:49:23,769 - INFO - Example 1385 completed: 44 steps, loss sum: 9.0849, final loss: 0.00099945, weight distance: 0.0038 (universal rank: 44885)
2025-09-22 11:49:23,769 - INFO - 
=== Worker 5 Training Example 1386/1586 (global idx 9320): /home/projects/bagon/shared/imagenet512/val/n04404412/ILSVRC2012_val_00049571.JPEG ===
2025-09-22 11:49:25,389 - INFO - Example /home/projects/bagon/shared/imagenet512/val/n04404412/ILSVRC2012_val_00049571.JPEG reached epsilon at step 45, loss sum: 31.1941, final loss: 0.00099182, weight distance: 0.0040
2025-09-22 11:49:25,935 - INFO - Example 1386 completed: 45 steps, loss sum: 31.1941, final loss: 0.00099182, weight distance: 0.0040 (universal rank: 44886)
2025-09-22 11:49:25,935 - INFO - 
=== Worker 5 Training Example 1387/1586 (global idx 9321): /home/projects/bagon/shared/imagenet512/val/n03483316/ILSVRC2012_val_00019454.JPEG ===
2025-09-22 11:49:27,795 - INFO - Example /home/projects/bagon/shared/imagenet512/val/n03483316/ILSVRC2012_val_00019454.JPEG reached epsilon at step 52, loss sum: 107.8165, final loss: 0.00086212, weight distance: 0.0044
2025-09-22 11:49:28,345 - INFO - Example 1387 completed: 52 steps, loss sum: 107.8165, final loss: 0.00086212, weight distance: 0.0044 (universal rank: 44887)
2025-09-22 11:49:28,346 - INFO - 
=== Worker 5 Training Example 1388/1586 (global idx 9322): /home/projects/bagon/shared/imagenet512/val/n03976657/ILSVRC2012_val_00018564.JPEG ===
2025-09-22 11:49:30,324 - INFO - Example /home/projects/bagon/shared/imagenet512/val/n03976657/ILSVRC2012_val_00018564.JPEG reached epsilon at step 55, loss sum: 32.7038, final loss: 0.00082779, weight distance: 0.0045
2025-09-22 11:49:30,887 - INFO - Example 1388 completed: 55 steps, loss sum: 32.7038, final loss: 0.00082779, weight distance: 0.0045 (universal rank: 44888)
2025-09-22 11:49:30,887 - INFO - 
=== Worker 5 Training Example 1389/1586 (global idx 9323): /home/projects/bagon/shared/imagenet512/val/n03710721/ILSVRC2012_val_00041693.JPEG ===
2025-09-22 11:49:33,387 - INFO - Example /home/projects/bagon/shared/imagenet512/val/n03710721/ILSVRC2012_val_00041693.JPEG reached epsilon at step 70, loss sum: 25.8374, final loss: 0.00098419, weight distance: 0.0054
2025-09-22 11:49:33,946 - INFO - Example 1389 completed: 70 steps, loss sum: 25.8374, final loss: 0.00098419, weight distance: 0.0054 (universal rank: 44890)
2025-09-22 11:49:33,946 - INFO - 
=== Worker 5 Training Example 1390/1586 (global idx 9324): /home/projects/bagon/shared/imagenet512/val/n02441942/ILSVRC2012_val_00029560.JPEG ===
2025-09-22 11:49:36,598 - INFO - Example /home/projects/bagon/shared/imagenet512/val/n02441942/ILSVRC2012_val_00029560.JPEG reached epsilon at step 74, loss sum: 25.5211, final loss: 0.00080109, weight distance: 0.0060
2025-09-22 11:49:37,154 - INFO - Example 1390 completed: 74 steps, loss sum: 25.5211, final loss: 0.00080109, weight distance: 0.0060 (universal rank: 44891)
2025-09-22 11:49:37,154 - INFO - 
=== Worker 5 Training Example 1391/1586 (global idx 9325): /home/projects/bagon/shared/imagenet512/val/n03637318/ILSVRC2012_val_00018590.JPEG ===
2025-09-22 11:49:39,307 - INFO - Example /home/projects/bagon/shared/imagenet512/val/n03637318/ILSVRC2012_val_00018590.JPEG reached epsilon at step 60, loss sum: 27.8257, final loss: 0.00097275, weight distance: 0.0048
2025-09-22 11:49:39,860 - INFO - Example 1391 completed: 60 steps, loss sum: 27.8257, final loss: 0.00097275, weight distance: 0.0048 (universal rank: 44892)
2025-09-22 11:49:39,860 - INFO - 
=== Worker 5 Training Example 1392/1586 (global idx 9326): /home/projects/bagon/shared/imagenet512/val/n04557648/ILSVRC2012_val_00045644.JPEG ===
2025-09-22 11:49:41,074 - INFO - Example /home/projects/bagon/shared/imagenet512/val/n04557648/ILSVRC2012_val_00045644.JPEG reached epsilon at step 33, loss sum: 13.2102, final loss: 0.00074005, weight distance: 0.0029
2025-09-22 11:49:41,716 - INFO - Example 1392 completed: 33 steps, loss sum: 13.2102, final loss: 0.00074005, weight distance: 0.0029 (universal rank: 44893)
2025-09-22 11:49:41,716 - INFO - 
=== Worker 5 Training Example 1393/1586 (global idx 9327): /home/projects/bagon/shared/imagenet512/val/n04033995/ILSVRC2012_val_00007459.JPEG ===
2025-09-22 11:49:42,982 - INFO - Example /home/projects/bagon/shared/imagenet512/val/n04033995/ILSVRC2012_val_00007459.JPEG reached epsilon at step 34, loss sum: 25.7371, final loss: 0.00094986, weight distance: 0.0028
2025-09-22 11:49:43,531 - INFO - Example 1393 completed: 34 steps, loss sum: 25.7371, final loss: 0.00094986, weight distance: 0.0028 (universal rank: 44894)
2025-09-22 11:49:43,531 - INFO - 
=== Worker 5 Training Example 1394/1586 (global idx 9328): /home/projects/bagon/shared/imagenet512/val/n07579787/ILSVRC2012_val_00028525.JPEG ===
2025-09-22 11:49:45,037 - INFO - Example /home/projects/bagon/shared/imagenet512/val/n07579787/ILSVRC2012_val_00028525.JPEG reached epsilon at step 42, loss sum: 12.6376, final loss: 0.00090790, weight distance: 0.0036
2025-09-22 11:49:45,595 - INFO - Example 1394 completed: 42 steps, loss sum: 12.6376, final loss: 0.00090790, weight distance: 0.0036 (universal rank: 44895)
2025-09-22 11:49:45,595 - INFO - 
=== Worker 5 Training Example 1395/1586 (global idx 9329): /home/projects/bagon/shared/imagenet512/val/n02113712/ILSVRC2012_val_00044968.JPEG ===
2025-09-22 11:49:47,676 - INFO - Example /home/projects/bagon/shared/imagenet512/val/n02113712/ILSVRC2012_val_00044968.JPEG reached epsilon at step 58, loss sum: 46.5800, final loss: 0.00097275, weight distance: 0.0045
2025-09-22 11:49:48,331 - INFO - Example 1395 completed: 58 steps, loss sum: 46.5800, final loss: 0.00097275, weight distance: 0.0045 (universal rank: 44896)
2025-09-22 11:49:48,331 - INFO - 
=== Worker 5 Training Example 1396/1586 (global idx 9330): /home/projects/bagon/shared/imagenet512/val/n03796401/ILSVRC2012_val_00048418.JPEG ===
2025-09-22 11:49:49,564 - INFO - Example /home/projects/bagon/shared/imagenet512/val/n03796401/ILSVRC2012_val_00048418.JPEG reached epsilon at step 34, loss sum: 12.5372, final loss: 0.00062561, weight distance: 0.0032
2025-09-22 11:49:50,127 - INFO - Example 1396 completed: 34 steps, loss sum: 12.5372, final loss: 0.00062561, weight distance: 0.0032 (universal rank: 44897)
2025-09-22 11:49:50,127 - INFO - 
=== Worker 5 Training Example 1397/1586 (global idx 9331): /home/projects/bagon/shared/imagenet512/val/n02981792/ILSVRC2012_val_00000402.JPEG ===
2025-09-22 11:49:51,608 - INFO - Example /home/projects/bagon/shared/imagenet512/val/n02981792/ILSVRC2012_val_00000402.JPEG reached epsilon at step 41, loss sum: 15.1001, final loss: 0.00090027, weight distance: 0.0037
2025-09-22 11:49:52,157 - INFO - Example 1397 completed: 41 steps, loss sum: 15.1001, final loss: 0.00090027, weight distance: 0.0037 (universal rank: 44898)
2025-09-22 11:49:52,157 - INFO - 
=== Worker 5 Training Example 1398/1586 (global idx 9332): /home/projects/bagon/shared/imagenet512/val/n04033995/ILSVRC2012_val_00047408.JPEG ===
2025-09-22 11:49:53,650 - INFO - Example /home/projects/bagon/shared/imagenet512/val/n04033995/ILSVRC2012_val_00047408.JPEG reached epsilon at step 41, loss sum: 26.2601, final loss: 0.00091934, weight distance: 0.0035
2025-09-22 11:49:54,285 - INFO - Example 1398 completed: 41 steps, loss sum: 26.2601, final loss: 0.00091934, weight distance: 0.0035 (universal rank: 44899)
2025-09-22 11:49:54,285 - INFO - 
=== Worker 5 Training Example 1399/1586 (global idx 9333): /home/projects/bagon/shared/imagenet512/val/n02091032/ILSVRC2012_val_00019087.JPEG ===
2025-09-22 11:49:56,157 - INFO - Example /home/projects/bagon/shared/imagenet512/val/n02091032/ILSVRC2012_val_00019087.JPEG reached epsilon at step 52, loss sum: 54.3815, final loss: 0.00099182, weight distance: 0.0045
2025-09-22 11:49:56,717 - INFO - Example 1399 completed: 52 steps, loss sum: 54.3815, final loss: 0.00099182, weight distance: 0.0045 (universal rank: 44900)
2025-09-22 11:49:56,717 - INFO - 
=== Worker 5 Training Example 1400/1586 (global idx 9334): /home/projects/bagon/shared/imagenet512/val/n03697007/ILSVRC2012_val_00034390.JPEG ===
2025-09-22 11:49:57,682 - INFO - Example /home/projects/bagon/shared/imagenet512/val/n03697007/ILSVRC2012_val_00034390.JPEG reached epsilon at step 26, loss sum: 23.1338, final loss: 0.00059128, weight distance: 0.0024
2025-09-22 11:49:58,248 - INFO - Example 1400 completed: 26 steps, loss sum: 23.1338, final loss: 0.00059128, weight distance: 0.0024 (universal rank: 44901)
2025-09-22 11:49:58,248 - INFO - 
=== Worker 5 Training Example 1401/1586 (global idx 9335): /home/projects/bagon/shared/imagenet512/val/n04465501/ILSVRC2012_val_00003326.JPEG ===
2025-09-22 11:49:59,881 - INFO - Example /home/projects/bagon/shared/imagenet512/val/n04465501/ILSVRC2012_val_00003326.JPEG reached epsilon at step 45, loss sum: 23.3755, final loss: 0.00083160, weight distance: 0.0035
2025-09-22 11:50:00,516 - INFO - Example 1401 completed: 45 steps, loss sum: 23.3755, final loss: 0.00083160, weight distance: 0.0035 (universal rank: 44902)
2025-09-22 11:50:00,516 - INFO - 
=== Worker 5 Training Example 1402/1586 (global idx 9336): /home/projects/bagon/shared/imagenet512/val/n04254777/ILSVRC2012_val_00028826.JPEG ===
2025-09-22 11:50:01,822 - INFO - Example /home/projects/bagon/shared/imagenet512/val/n04254777/ILSVRC2012_val_00028826.JPEG reached epsilon at step 36, loss sum: 38.9802, final loss: 0.00099945, weight distance: 0.0030
2025-09-22 11:50:02,382 - INFO - Example 1402 completed: 36 steps, loss sum: 38.9802, final loss: 0.00099945, weight distance: 0.0030 (universal rank: 44903)
2025-09-22 11:50:02,382 - INFO - 
=== Worker 5 Training Example 1403/1586 (global idx 9337): /home/projects/bagon/shared/imagenet512/val/n02676566/ILSVRC2012_val_00005850.JPEG ===
2025-09-22 11:50:03,892 - INFO - Example /home/projects/bagon/shared/imagenet512/val/n02676566/ILSVRC2012_val_00005850.JPEG reached epsilon at step 42, loss sum: 54.7185, final loss: 0.00099182, weight distance: 0.0038
2025-09-22 11:50:04,457 - INFO - Example 1403 completed: 42 steps, loss sum: 54.7185, final loss: 0.00099182, weight distance: 0.0038 (universal rank: 44904)
2025-09-22 11:50:04,457 - INFO - 
=== Worker 5 Training Example 1404/1586 (global idx 9338): /home/projects/bagon/shared/imagenet512/val/n04371430/ILSVRC2012_val_00001918.JPEG ===
2025-09-22 11:50:07,796 - INFO - Example /home/projects/bagon/shared/imagenet512/val/n04371430/ILSVRC2012_val_00001918.JPEG reached epsilon at step 94, loss sum: 53.4799, final loss: 0.00089645, weight distance: 0.0044
2025-09-22 11:50:08,354 - INFO - Example 1404 completed: 94 steps, loss sum: 53.4799, final loss: 0.00089645, weight distance: 0.0044 (universal rank: 44905)
2025-09-22 11:50:08,354 - INFO - 
=== Worker 5 Training Example 1405/1586 (global idx 9339): /home/projects/bagon/shared/imagenet512/val/n03895866/ILSVRC2012_val_00010334.JPEG ===
2025-09-22 11:50:09,666 - INFO - Example /home/projects/bagon/shared/imagenet512/val/n03895866/ILSVRC2012_val_00010334.JPEG reached epsilon at step 36, loss sum: 29.2516, final loss: 0.00095367, weight distance: 0.0033
2025-09-22 11:50:10,225 - INFO - Example 1405 completed: 36 steps, loss sum: 29.2516, final loss: 0.00095367, weight distance: 0.0033 (universal rank: 44906)
2025-09-22 11:50:10,225 - INFO - 
=== Worker 5 Training Example 1406/1586 (global idx 9340): /home/projects/bagon/shared/imagenet512/val/n04074963/ILSVRC2012_val_00022614.JPEG ===
2025-09-22 11:50:11,965 - INFO - Example /home/projects/bagon/shared/imagenet512/val/n04074963/ILSVRC2012_val_00022614.JPEG reached epsilon at step 48, loss sum: 71.5008, final loss: 0.00066376, weight distance: 0.0042
2025-09-22 11:50:12,618 - INFO - Example 1406 completed: 48 steps, loss sum: 71.5008, final loss: 0.00066376, weight distance: 0.0042 (universal rank: 44907)
2025-09-22 11:50:12,618 - INFO - 
=== Worker 5 Training Example 1407/1586 (global idx 9341): /home/projects/bagon/shared/imagenet512/val/n03980874/ILSVRC2012_val_00004159.JPEG ===
2025-09-22 11:50:13,800 - INFO - Example /home/projects/bagon/shared/imagenet512/val/n03980874/ILSVRC2012_val_00004159.JPEG reached epsilon at step 32, loss sum: 6.5511, final loss: 0.00090408, weight distance: 0.0025
2025-09-22 11:50:14,362 - INFO - Example 1407 completed: 32 steps, loss sum: 6.5511, final loss: 0.00090408, weight distance: 0.0025 (universal rank: 44908)
2025-09-22 11:50:14,362 - INFO - 
=== Worker 5 Training Example 1408/1586 (global idx 9342): /home/projects/bagon/shared/imagenet512/val/n02095570/ILSVRC2012_val_00036454.JPEG ===
2025-09-22 11:50:16,305 - INFO - Example /home/projects/bagon/shared/imagenet512/val/n02095570/ILSVRC2012_val_00036454.JPEG reached epsilon at step 54, loss sum: 25.1297, final loss: 0.00093079, weight distance: 0.0045
2025-09-22 11:50:16,862 - INFO - Example 1408 completed: 54 steps, loss sum: 25.1297, final loss: 0.00093079, weight distance: 0.0045 (universal rank: 44909)
2025-09-22 11:50:16,863 - INFO - 
=== Worker 5 Training Example 1409/1586 (global idx 9343): /home/projects/bagon/shared/imagenet512/val/n04462240/ILSVRC2012_val_00017863.JPEG ===
2025-09-22 11:50:17,930 - INFO - Example /home/projects/bagon/shared/imagenet512/val/n04462240/ILSVRC2012_val_00017863.JPEG reached epsilon at step 29, loss sum: 12.7430, final loss: 0.00091171, weight distance: 0.0027
2025-09-22 11:50:18,687 - INFO - Example 1409 completed: 29 steps, loss sum: 12.7430, final loss: 0.00091171, weight distance: 0.0027 (universal rank: 44910)
2025-09-22 11:50:18,687 - INFO - 
=== Worker 5 Training Example 1410/1586 (global idx 9344): /home/projects/bagon/shared/imagenet512/val/n01756291/ILSVRC2012_val_00048299.JPEG ===
2025-09-22 11:50:21,666 - INFO - Example /home/projects/bagon/shared/imagenet512/val/n01756291/ILSVRC2012_val_00048299.JPEG reached epsilon at step 84, loss sum: 16.5104, final loss: 0.00096130, weight distance: 0.0056
2025-09-22 11:50:22,209 - INFO - Example 1410 completed: 84 steps, loss sum: 16.5104, final loss: 0.00096130, weight distance: 0.0056 (universal rank: 44911)
2025-09-22 11:50:22,209 - INFO - 
=== Worker 5 Training Example 1411/1586 (global idx 9345): /home/projects/bagon/shared/imagenet512/val/n04591713/ILSVRC2012_val_00006632.JPEG ===
2025-09-22 11:50:23,699 - INFO - Example /home/projects/bagon/shared/imagenet512/val/n04591713/ILSVRC2012_val_00006632.JPEG reached epsilon at step 41, loss sum: 8.1756, final loss: 0.00099945, weight distance: 0.0035
2025-09-22 11:50:24,334 - INFO - Example 1411 completed: 41 steps, loss sum: 8.1756, final loss: 0.00099945, weight distance: 0.0035 (universal rank: 44912)
2025-09-22 11:50:24,334 - INFO - 
=== Worker 5 Training Example 1412/1586 (global idx 9346): /home/projects/bagon/shared/imagenet512/val/n04131690/ILSVRC2012_val_00025444.JPEG ===
2025-09-22 11:50:25,515 - INFO - Example /home/projects/bagon/shared/imagenet512/val/n04131690/ILSVRC2012_val_00025444.JPEG reached epsilon at step 32, loss sum: 13.1962, final loss: 0.00088501, weight distance: 0.0029
2025-09-22 11:50:26,067 - INFO - Example 1412 completed: 32 steps, loss sum: 13.1962, final loss: 0.00088501, weight distance: 0.0029 (universal rank: 44913)
2025-09-22 11:50:26,067 - INFO - 
=== Worker 5 Training Example 1413/1586 (global idx 9347): /home/projects/bagon/shared/imagenet512/val/n04317175/ILSVRC2012_val_00032866.JPEG ===
2025-09-22 11:50:27,452 - INFO - Example /home/projects/bagon/shared/imagenet512/val/n04317175/ILSVRC2012_val_00032866.JPEG reached epsilon at step 38, loss sum: 27.5686, final loss: 0.00080109, weight distance: 0.0034
2025-09-22 11:50:28,016 - INFO - Example 1413 completed: 38 steps, loss sum: 27.5686, final loss: 0.00080109, weight distance: 0.0034 (universal rank: 44915)
2025-09-22 11:50:28,016 - INFO - 
=== Worker 5 Training Example 1414/1586 (global idx 9348): /home/projects/bagon/shared/imagenet512/val/n02823428/ILSVRC2012_val_00032799.JPEG ===
2025-09-22 11:50:29,054 - INFO - Example /home/projects/bagon/shared/imagenet512/val/n02823428/ILSVRC2012_val_00032799.JPEG reached epsilon at step 28, loss sum: 4.8946, final loss: 0.00096512, weight distance: 0.0025
2025-09-22 11:50:29,619 - INFO - Example 1414 completed: 28 steps, loss sum: 4.8946, final loss: 0.00096512, weight distance: 0.0025 (universal rank: 44916)
2025-09-22 11:50:29,619 - INFO - 
=== Worker 5 Training Example 1415/1586 (global idx 9349): /home/projects/bagon/shared/imagenet512/val/n04141327/ILSVRC2012_val_00005711.JPEG ===
2025-09-22 11:50:30,799 - INFO - Example /home/projects/bagon/shared/imagenet512/val/n04141327/ILSVRC2012_val_00005711.JPEG reached epsilon at step 32, loss sum: 16.7741, final loss: 0.00087357, weight distance: 0.0029
2025-09-22 11:50:31,351 - INFO - Example 1415 completed: 32 steps, loss sum: 16.7741, final loss: 0.00087357, weight distance: 0.0029 (universal rank: 44917)
2025-09-22 11:50:31,351 - INFO - 
=== Worker 5 Training Example 1416/1586 (global idx 9350): /home/projects/bagon/shared/imagenet512/val/n02096177/ILSVRC2012_val_00006615.JPEG ===
2025-09-22 11:50:32,932 - INFO - Example /home/projects/bagon/shared/imagenet512/val/n02096177/ILSVRC2012_val_00006615.JPEG reached epsilon at step 44, loss sum: 32.2621, final loss: 0.00080490, weight distance: 0.0039
2025-09-22 11:50:33,488 - INFO - Example 1416 completed: 44 steps, loss sum: 32.2621, final loss: 0.00080490, weight distance: 0.0039 (universal rank: 44918)
2025-09-22 11:50:33,488 - INFO - 
=== Worker 5 Training Example 1417/1586 (global idx 9351): /home/projects/bagon/shared/imagenet512/val/n02099712/ILSVRC2012_val_00044639.JPEG ===
2025-09-22 11:50:34,760 - INFO - Example /home/projects/bagon/shared/imagenet512/val/n02099712/ILSVRC2012_val_00044639.JPEG reached epsilon at step 35, loss sum: 6.5032, final loss: 0.00080872, weight distance: 0.0029
2025-09-22 11:50:35,320 - INFO - Example 1417 completed: 35 steps, loss sum: 6.5032, final loss: 0.00080872, weight distance: 0.0029 (universal rank: 44919)
2025-09-22 11:50:35,320 - INFO - 
=== Worker 5 Training Example 1418/1586 (global idx 9352): /home/projects/bagon/shared/imagenet512/val/n07614500/ILSVRC2012_val_00008264.JPEG ===
2025-09-22 11:50:36,655 - INFO - Example /home/projects/bagon/shared/imagenet512/val/n07614500/ILSVRC2012_val_00008264.JPEG reached epsilon at step 36, loss sum: 9.4559, final loss: 0.00086212, weight distance: 0.0033
2025-09-22 11:50:37,236 - INFO - Example 1418 completed: 36 steps, loss sum: 9.4559, final loss: 0.00086212, weight distance: 0.0033 (universal rank: 44920)
2025-09-22 11:50:37,236 - INFO - 
=== Worker 5 Training Example 1419/1586 (global idx 9353): /home/projects/bagon/shared/imagenet512/val/n03637318/ILSVRC2012_val_00018140.JPEG ===
2025-09-22 11:50:38,859 - INFO - Example /home/projects/bagon/shared/imagenet512/val/n03637318/ILSVRC2012_val_00018140.JPEG reached epsilon at step 45, loss sum: 17.4707, final loss: 0.00096893, weight distance: 0.0037
2025-09-22 11:50:39,419 - INFO - Example 1419 completed: 45 steps, loss sum: 17.4707, final loss: 0.00096893, weight distance: 0.0037 (universal rank: 44921)
2025-09-22 11:50:39,419 - INFO - 
=== Worker 5 Training Example 1420/1586 (global idx 9354): /home/projects/bagon/shared/imagenet512/val/n03670208/ILSVRC2012_val_00000185.JPEG ===
2025-09-22 11:50:40,273 - INFO - Example /home/projects/bagon/shared/imagenet512/val/n03670208/ILSVRC2012_val_00000185.JPEG reached epsilon at step 23, loss sum: 3.0026, final loss: 0.00082779, weight distance: 0.0021
2025-09-22 11:50:40,818 - INFO - Example 1420 completed: 23 steps, loss sum: 3.0026, final loss: 0.00082779, weight distance: 0.0021 (universal rank: 44922)
2025-09-22 11:50:40,818 - INFO - 
=== Worker 5 Training Example 1421/1586 (global idx 9355): /home/projects/bagon/shared/imagenet512/val/n03796401/ILSVRC2012_val_00038712.JPEG ===
2025-09-22 11:50:41,811 - INFO - Example /home/projects/bagon/shared/imagenet512/val/n03796401/ILSVRC2012_val_00038712.JPEG reached epsilon at step 27, loss sum: 16.2772, final loss: 0.00074005, weight distance: 0.0026
2025-09-22 11:50:42,582 - INFO - Example 1421 completed: 27 steps, loss sum: 16.2772, final loss: 0.00074005, weight distance: 0.0026 (universal rank: 44923)
2025-09-22 11:50:42,582 - INFO - 
=== Worker 5 Training Example 1422/1586 (global idx 9356): /home/projects/bagon/shared/imagenet512/val/n02526121/ILSVRC2012_val_00036535.JPEG ===
2025-09-22 11:50:44,626 - INFO - Example /home/projects/bagon/shared/imagenet512/val/n02526121/ILSVRC2012_val_00036535.JPEG reached epsilon at step 57, loss sum: 67.1069, final loss: 0.00086594, weight distance: 0.0043
2025-09-22 11:50:45,195 - INFO - Example 1422 completed: 57 steps, loss sum: 67.1069, final loss: 0.00086594, weight distance: 0.0043 (universal rank: 44924)
2025-09-22 11:50:45,196 - INFO - 
=== Worker 5 Training Example 1423/1586 (global idx 9357): /home/projects/bagon/shared/imagenet512/val/n04350905/ILSVRC2012_val_00001133.JPEG ===
2025-09-22 11:50:47,386 - INFO - Example /home/projects/bagon/shared/imagenet512/val/n04350905/ILSVRC2012_val_00001133.JPEG reached epsilon at step 61, loss sum: 59.1517, final loss: 0.00091553, weight distance: 0.0049
2025-09-22 11:50:47,959 - INFO - Example 1423 completed: 61 steps, loss sum: 59.1517, final loss: 0.00091553, weight distance: 0.0049 (universal rank: 44925)
2025-09-22 11:50:47,959 - INFO - 
=== Worker 5 Training Example 1424/1586 (global idx 9358): /home/projects/bagon/shared/imagenet512/val/n03995372/ILSVRC2012_val_00040657.JPEG ===
2025-09-22 11:50:49,454 - INFO - Example /home/projects/bagon/shared/imagenet512/val/n03995372/ILSVRC2012_val_00040657.JPEG reached epsilon at step 41, loss sum: 38.5292, final loss: 0.00087357, weight distance: 0.0036
2025-09-22 11:50:50,001 - INFO - Example 1424 completed: 41 steps, loss sum: 38.5292, final loss: 0.00087357, weight distance: 0.0036 (universal rank: 44926)
2025-09-22 11:50:50,001 - INFO - 
=== Worker 5 Training Example 1425/1586 (global idx 9359): /home/projects/bagon/shared/imagenet512/val/n04239074/ILSVRC2012_val_00006127.JPEG ===
2025-09-22 11:50:51,860 - INFO - Example /home/projects/bagon/shared/imagenet512/val/n04239074/ILSVRC2012_val_00006127.JPEG reached epsilon at step 52, loss sum: 90.5815, final loss: 0.00085449, weight distance: 0.0045
2025-09-22 11:50:52,414 - INFO - Example 1425 completed: 52 steps, loss sum: 90.5815, final loss: 0.00085449, weight distance: 0.0045 (universal rank: 44927)
2025-09-22 11:50:52,414 - INFO - 
=== Worker 5 Training Example 1426/1586 (global idx 9360): /home/projects/bagon/shared/imagenet512/val/n02676566/ILSVRC2012_val_00043972.JPEG ===
2025-09-22 11:50:53,943 - INFO - Example /home/projects/bagon/shared/imagenet512/val/n02676566/ILSVRC2012_val_00043972.JPEG reached epsilon at step 42, loss sum: 7.1598, final loss: 0.00079727, weight distance: 0.0038
2025-09-22 11:50:54,563 - INFO - Example 1426 completed: 42 steps, loss sum: 7.1598, final loss: 0.00079727, weight distance: 0.0038 (universal rank: 44928)
2025-09-22 11:50:54,564 - INFO - 
=== Worker 5 Training Example 1427/1586 (global idx 9361): /home/projects/bagon/shared/imagenet512/val/n02788148/ILSVRC2012_val_00044590.JPEG ===
2025-09-22 11:50:55,580 - INFO - Example /home/projects/bagon/shared/imagenet512/val/n02788148/ILSVRC2012_val_00044590.JPEG reached epsilon at step 28, loss sum: 12.7101, final loss: 0.00067520, weight distance: 0.0025
2025-09-22 11:50:56,133 - INFO - Example 1427 completed: 28 steps, loss sum: 12.7101, final loss: 0.00067520, weight distance: 0.0025 (universal rank: 44929)
2025-09-22 11:50:56,133 - INFO - 
=== Worker 5 Training Example 1428/1586 (global idx 9362): /home/projects/bagon/shared/imagenet512/val/n03223299/ILSVRC2012_val_00035550.JPEG ===
2025-09-22 11:50:57,872 - INFO - Example /home/projects/bagon/shared/imagenet512/val/n03223299/ILSVRC2012_val_00035550.JPEG reached epsilon at step 48, loss sum: 40.1912, final loss: 0.00097275, weight distance: 0.0041
2025-09-22 11:50:58,422 - INFO - Example 1428 completed: 48 steps, loss sum: 40.1912, final loss: 0.00097275, weight distance: 0.0041 (universal rank: 44930)
2025-09-22 11:50:58,422 - INFO - 
=== Worker 5 Training Example 1429/1586 (global idx 9363): /home/projects/bagon/shared/imagenet512/val/n03976467/ILSVRC2012_val_00012287.JPEG ===
2025-09-22 11:50:59,656 - INFO - Example /home/projects/bagon/shared/imagenet512/val/n03976467/ILSVRC2012_val_00012287.JPEG reached epsilon at step 34, loss sum: 31.2350, final loss: 0.00088120, weight distance: 0.0032
2025-09-22 11:51:00,380 - INFO - Example 1429 completed: 34 steps, loss sum: 31.2350, final loss: 0.00088120, weight distance: 0.0032 (universal rank: 44931)
2025-09-22 11:51:00,380 - INFO - 
=== Worker 5 Training Example 1430/1586 (global idx 9364): /home/projects/bagon/shared/imagenet512/val/n04462240/ILSVRC2012_val_00008535.JPEG ===
2025-09-22 11:51:01,672 - INFO - Example /home/projects/bagon/shared/imagenet512/val/n04462240/ILSVRC2012_val_00008535.JPEG reached epsilon at step 36, loss sum: 15.6887, final loss: 0.00086212, weight distance: 0.0033
2025-09-22 11:51:02,214 - INFO - Example 1430 completed: 36 steps, loss sum: 15.6887, final loss: 0.00086212, weight distance: 0.0033 (universal rank: 44932)
2025-09-22 11:51:02,214 - INFO - 
=== Worker 5 Training Example 1431/1586 (global idx 9365): /home/projects/bagon/shared/imagenet512/val/n03710637/ILSVRC2012_val_00011548.JPEG ===
2025-09-22 11:51:05,046 - INFO - Example /home/projects/bagon/shared/imagenet512/val/n03710637/ILSVRC2012_val_00011548.JPEG reached epsilon at step 80, loss sum: 21.6603, final loss: 0.00095749, weight distance: 0.0058
2025-09-22 11:51:05,598 - INFO - Example 1431 completed: 80 steps, loss sum: 21.6603, final loss: 0.00095749, weight distance: 0.0058 (universal rank: 44933)
2025-09-22 11:51:05,598 - INFO - 
=== Worker 5 Training Example 1432/1586 (global idx 9366): /home/projects/bagon/shared/imagenet512/val/n03710721/ILSVRC2012_val_00006538.JPEG ===
2025-09-22 11:51:07,082 - INFO - Example /home/projects/bagon/shared/imagenet512/val/n03710721/ILSVRC2012_val_00006538.JPEG reached epsilon at step 41, loss sum: 7.6985, final loss: 0.00099945, weight distance: 0.0038
2025-09-22 11:51:07,640 - INFO - Example 1432 completed: 41 steps, loss sum: 7.6985, final loss: 0.00099945, weight distance: 0.0038 (universal rank: 44934)
2025-09-22 11:51:07,640 - INFO - 
=== Worker 5 Training Example 1433/1586 (global idx 9367): /home/projects/bagon/shared/imagenet512/val/n04127249/ILSVRC2012_val_00040482.JPEG ===
2025-09-22 11:51:10,464 - INFO - Example /home/projects/bagon/shared/imagenet512/val/n04127249/ILSVRC2012_val_00040482.JPEG reached epsilon at step 79, loss sum: 73.3810, final loss: 0.00090790, weight distance: 0.0042
2025-09-22 11:51:11,022 - INFO - Example 1433 completed: 79 steps, loss sum: 73.3810, final loss: 0.00090790, weight distance: 0.0042 (universal rank: 44935)
2025-09-22 11:51:11,023 - INFO - 
=== Worker 5 Training Example 1434/1586 (global idx 9368): /home/projects/bagon/shared/imagenet512/val/n03995372/ILSVRC2012_val_00026148.JPEG ===
2025-09-22 11:51:12,920 - INFO - Example /home/projects/bagon/shared/imagenet512/val/n03995372/ILSVRC2012_val_00026148.JPEG reached epsilon at step 53, loss sum: 88.1007, final loss: 0.00090027, weight distance: 0.0045
2025-09-22 11:51:13,795 - INFO - Example 1434 completed: 53 steps, loss sum: 88.1007, final loss: 0.00090027, weight distance: 0.0045 (universal rank: 44936)
2025-09-22 11:51:13,796 - INFO - 
=== Worker 5 Training Example 1435/1586 (global idx 9369): /home/projects/bagon/shared/imagenet512/val/n04081281/ILSVRC2012_val_00039132.JPEG ===
2025-09-22 11:51:14,943 - INFO - Example /home/projects/bagon/shared/imagenet512/val/n04081281/ILSVRC2012_val_00039132.JPEG reached epsilon at step 31, loss sum: 45.5097, final loss: 0.00080490, weight distance: 0.0029
2025-09-22 11:51:15,693 - INFO - Example 1435 completed: 31 steps, loss sum: 45.5097, final loss: 0.00080490, weight distance: 0.0029 (universal rank: 44937)
2025-09-22 11:51:15,693 - INFO - 
=== Worker 5 Training Example 1436/1586 (global idx 9370): /home/projects/bagon/shared/imagenet512/val/n03930630/ILSVRC2012_val_00007733.JPEG ===
2025-09-22 11:51:18,090 - INFO - Example /home/projects/bagon/shared/imagenet512/val/n03930630/ILSVRC2012_val_00007733.JPEG reached epsilon at step 66, loss sum: 85.7056, final loss: 0.00087738, weight distance: 0.0050
2025-09-22 11:51:18,854 - INFO - Example 1436 completed: 66 steps, loss sum: 85.7056, final loss: 0.00087738, weight distance: 0.0050 (universal rank: 44938)
2025-09-22 11:51:18,854 - INFO - 
=== Worker 5 Training Example 1437/1586 (global idx 9371): /home/projects/bagon/shared/imagenet512/val/n03063689/ILSVRC2012_val_00017357.JPEG ===
2025-09-22 11:51:21,007 - INFO - Example /home/projects/bagon/shared/imagenet512/val/n03063689/ILSVRC2012_val_00017357.JPEG reached epsilon at step 60, loss sum: 51.3357, final loss: 0.00086975, weight distance: 0.0053
2025-09-22 11:51:21,565 - INFO - Example 1437 completed: 60 steps, loss sum: 51.3357, final loss: 0.00086975, weight distance: 0.0053 (universal rank: 44939)
2025-09-22 11:51:21,565 - INFO - 
=== Worker 5 Training Example 1438/1586 (global idx 9372): /home/projects/bagon/shared/imagenet512/val/n03991062/ILSVRC2012_val_00042420.JPEG ===
2025-09-22 11:51:22,680 - INFO - Example /home/projects/bagon/shared/imagenet512/val/n03991062/ILSVRC2012_val_00042420.JPEG reached epsilon at step 30, loss sum: 12.1330, final loss: 0.00092316, weight distance: 0.0027
2025-09-22 11:51:23,225 - INFO - Example 1438 completed: 30 steps, loss sum: 12.1330, final loss: 0.00092316, weight distance: 0.0027 (universal rank: 44940)
2025-09-22 11:51:23,225 - INFO - 
=== Worker 5 Training Example 1439/1586 (global idx 9373): /home/projects/bagon/shared/imagenet512/val/n04355933/ILSVRC2012_val_00040219.JPEG ===
2025-09-22 11:51:25,567 - INFO - Example /home/projects/bagon/shared/imagenet512/val/n04355933/ILSVRC2012_val_00040219.JPEG reached epsilon at step 65, loss sum: 25.5541, final loss: 0.00091553, weight distance: 0.0050
2025-09-22 11:51:26,121 - INFO - Example 1439 completed: 65 steps, loss sum: 25.5541, final loss: 0.00091553, weight distance: 0.0050 (universal rank: 44941)
2025-09-22 11:51:26,121 - INFO - 
=== Worker 5 Training Example 1440/1586 (global idx 9374): /home/projects/bagon/shared/imagenet512/val/n02206856/ILSVRC2012_val_00037491.JPEG ===
2025-09-22 11:51:27,111 - INFO - Example /home/projects/bagon/shared/imagenet512/val/n02206856/ILSVRC2012_val_00037491.JPEG reached epsilon at step 27, loss sum: 4.0952, final loss: 0.00085449, weight distance: 0.0025
2025-09-22 11:51:27,689 - INFO - Example 1440 completed: 27 steps, loss sum: 4.0952, final loss: 0.00085449, weight distance: 0.0025 (universal rank: 44942)
2025-09-22 11:51:27,689 - INFO - 
=== Worker 5 Training Example 1441/1586 (global idx 9375): /home/projects/bagon/shared/imagenet512/val/n03314780/ILSVRC2012_val_00047251.JPEG ===
2025-09-22 11:51:28,552 - INFO - Example /home/projects/bagon/shared/imagenet512/val/n03314780/ILSVRC2012_val_00047251.JPEG reached epsilon at step 23, loss sum: 20.5414, final loss: 0.00069809, weight distance: 0.0021
2025-09-22 11:51:29,111 - INFO - Example 1441 completed: 23 steps, loss sum: 20.5414, final loss: 0.00069809, weight distance: 0.0021 (universal rank: 44943)
2025-09-22 11:51:29,111 - INFO - 
=== Worker 5 Training Example 1442/1586 (global idx 9376): /home/projects/bagon/shared/imagenet512/val/n03250847/ILSVRC2012_val_00045452.JPEG ===
2025-09-22 11:51:30,765 - INFO - Example /home/projects/bagon/shared/imagenet512/val/n03250847/ILSVRC2012_val_00045452.JPEG reached epsilon at step 46, loss sum: 27.3705, final loss: 0.00086212, weight distance: 0.0042
2025-09-22 11:51:31,309 - INFO - Example 1442 completed: 46 steps, loss sum: 27.3705, final loss: 0.00086212, weight distance: 0.0042 (universal rank: 44944)
2025-09-22 11:51:31,309 - INFO - 
=== Worker 5 Training Example 1443/1586 (global idx 9377): /home/projects/bagon/shared/imagenet512/val/n02110627/ILSVRC2012_val_00002296.JPEG ===
2025-09-22 11:51:33,267 - INFO - Example /home/projects/bagon/shared/imagenet512/val/n02110627/ILSVRC2012_val_00002296.JPEG reached epsilon at step 54, loss sum: 76.0505, final loss: 0.00094223, weight distance: 0.0043
2025-09-22 11:51:33,821 - INFO - Example 1443 completed: 54 steps, loss sum: 76.0505, final loss: 0.00094223, weight distance: 0.0043 (universal rank: 44947)
2025-09-22 11:51:33,821 - INFO - 
=== Worker 5 Training Example 1444/1586 (global idx 9378): /home/projects/bagon/shared/imagenet512/val/n03657121/ILSVRC2012_val_00035676.JPEG ===
2025-09-22 11:51:35,582 - INFO - Example /home/projects/bagon/shared/imagenet512/val/n03657121/ILSVRC2012_val_00035676.JPEG reached epsilon at step 49, loss sum: 71.1416, final loss: 0.00088501, weight distance: 0.0041
2025-09-22 11:51:36,508 - INFO - Example 1444 completed: 49 steps, loss sum: 71.1416, final loss: 0.00088501, weight distance: 0.0041 (universal rank: 44948)
2025-09-22 11:51:36,508 - INFO - 
=== Worker 5 Training Example 1445/1586 (global idx 9379): /home/projects/bagon/shared/imagenet512/val/n03062245/ILSVRC2012_val_00017110.JPEG ===
2025-09-22 11:51:37,673 - INFO - Example /home/projects/bagon/shared/imagenet512/val/n03062245/ILSVRC2012_val_00017110.JPEG reached epsilon at step 32, loss sum: 7.4971, final loss: 0.00066757, weight distance: 0.0030
2025-09-22 11:51:38,236 - INFO - Example 1445 completed: 32 steps, loss sum: 7.4971, final loss: 0.00066757, weight distance: 0.0030 (universal rank: 44950)
2025-09-22 11:51:38,236 - INFO - 
=== Worker 5 Training Example 1446/1586 (global idx 9380): /home/projects/bagon/shared/imagenet512/val/n03372029/ILSVRC2012_val_00018133.JPEG ===
2025-09-22 11:51:40,073 - INFO - Example /home/projects/bagon/shared/imagenet512/val/n03372029/ILSVRC2012_val_00018133.JPEG reached epsilon at step 51, loss sum: 28.5038, final loss: 0.00091553, weight distance: 0.0044
2025-09-22 11:51:40,644 - INFO - Example 1446 completed: 51 steps, loss sum: 28.5038, final loss: 0.00091553, weight distance: 0.0044 (universal rank: 44951)
2025-09-22 11:51:40,644 - INFO - 
=== Worker 5 Training Example 1447/1586 (global idx 9381): /home/projects/bagon/shared/imagenet512/val/n02782093/ILSVRC2012_val_00014172.JPEG ===
2025-09-22 11:51:41,881 - INFO - Example /home/projects/bagon/shared/imagenet512/val/n02782093/ILSVRC2012_val_00014172.JPEG reached epsilon at step 34, loss sum: 15.0570, final loss: 0.00086212, weight distance: 0.0030
2025-09-22 11:51:42,518 - INFO - Example 1447 completed: 34 steps, loss sum: 15.0570, final loss: 0.00086212, weight distance: 0.0030 (universal rank: 44952)
2025-09-22 11:51:42,518 - INFO - 
=== Worker 5 Training Example 1448/1586 (global idx 9382): /home/projects/bagon/shared/imagenet512/val/n02088466/ILSVRC2012_val_00043153.JPEG ===
2025-09-22 11:51:43,447 - INFO - Example /home/projects/bagon/shared/imagenet512/val/n02088466/ILSVRC2012_val_00043153.JPEG reached epsilon at step 25, loss sum: 2.5475, final loss: 0.00061035, weight distance: 0.0024
2025-09-22 11:51:43,997 - INFO - Example 1448 completed: 25 steps, loss sum: 2.5475, final loss: 0.00061035, weight distance: 0.0024 (universal rank: 44953)
2025-09-22 11:51:43,997 - INFO - 
=== Worker 5 Training Example 1449/1586 (global idx 9383): /home/projects/bagon/shared/imagenet512/val/n04258138/ILSVRC2012_val_00009709.JPEG ===
2025-09-22 11:51:45,735 - INFO - Example /home/projects/bagon/shared/imagenet512/val/n04258138/ILSVRC2012_val_00009709.JPEG reached epsilon at step 48, loss sum: 53.1604, final loss: 0.00065613, weight distance: 0.0043
2025-09-22 11:51:46,298 - INFO - Example 1449 completed: 48 steps, loss sum: 53.1604, final loss: 0.00065613, weight distance: 0.0043 (universal rank: 44954)
2025-09-22 11:51:46,298 - INFO - 
=== Worker 5 Training Example 1450/1586 (global idx 9384): /home/projects/bagon/shared/imagenet512/val/n02869837/ILSVRC2012_val_00036133.JPEG ===
2025-09-22 11:51:47,192 - INFO - Example /home/projects/bagon/shared/imagenet512/val/n02869837/ILSVRC2012_val_00036133.JPEG reached epsilon at step 24, loss sum: 2.8944, final loss: 0.00090408, weight distance: 0.0023
2025-09-22 11:51:47,736 - INFO - Example 1450 completed: 24 steps, loss sum: 2.8944, final loss: 0.00090408, weight distance: 0.0023 (universal rank: 44955)
2025-09-22 11:51:47,736 - INFO - 
=== Worker 5 Training Example 1451/1586 (global idx 9385): /home/projects/bagon/shared/imagenet512/val/n03063599/ILSVRC2012_val_00023142.JPEG ===
2025-09-22 11:51:49,614 - INFO - Example /home/projects/bagon/shared/imagenet512/val/n03063599/ILSVRC2012_val_00023142.JPEG reached epsilon at step 52, loss sum: 69.9335, final loss: 0.00096512, weight distance: 0.0045
2025-09-22 11:51:50,170 - INFO - Example 1451 completed: 52 steps, loss sum: 69.9335, final loss: 0.00096512, weight distance: 0.0045 (universal rank: 44956)
2025-09-22 11:51:50,170 - INFO - 
=== Worker 5 Training Example 1452/1586 (global idx 9386): /home/projects/bagon/shared/imagenet512/val/n03895866/ILSVRC2012_val_00020623.JPEG ===
2025-09-22 11:51:51,629 - INFO - Example /home/projects/bagon/shared/imagenet512/val/n03895866/ILSVRC2012_val_00020623.JPEG reached epsilon at step 40, loss sum: 18.7195, final loss: 0.00077438, weight distance: 0.0034
2025-09-22 11:51:52,186 - INFO - Example 1452 completed: 40 steps, loss sum: 18.7195, final loss: 0.00077438, weight distance: 0.0034 (universal rank: 44957)
2025-09-22 11:51:52,186 - INFO - 
=== Worker 5 Training Example 1453/1586 (global idx 9387): /home/projects/bagon/shared/imagenet512/val/n02988304/ILSVRC2012_val_00017461.JPEG ===
2025-09-22 11:51:54,366 - INFO - Example /home/projects/bagon/shared/imagenet512/val/n02988304/ILSVRC2012_val_00017461.JPEG reached epsilon at step 53, loss sum: 15.0931, final loss: 0.00096893, weight distance: 0.0047
2025-09-22 11:51:54,929 - INFO - Example 1453 completed: 53 steps, loss sum: 15.0931, final loss: 0.00096893, weight distance: 0.0047 (universal rank: 44958)
2025-09-22 11:51:54,929 - INFO - 
=== Worker 5 Training Example 1454/1586 (global idx 9388): /home/projects/bagon/shared/imagenet512/val/n03047690/ILSVRC2012_val_00015826.JPEG ===
2025-09-22 11:51:56,219 - INFO - Example /home/projects/bagon/shared/imagenet512/val/n03047690/ILSVRC2012_val_00015826.JPEG reached epsilon at step 35, loss sum: 30.1944, final loss: 0.00099945, weight distance: 0.0031
2025-09-22 11:51:57,065 - INFO - Example 1454 completed: 35 steps, loss sum: 30.1944, final loss: 0.00099945, weight distance: 0.0031 (universal rank: 44959)
2025-09-22 11:51:57,065 - INFO - 
=== Worker 5 Training Example 1455/1586 (global idx 9389): /home/projects/bagon/shared/imagenet512/val/n02133161/ILSVRC2012_val_00006793.JPEG ===
2025-09-22 11:51:58,489 - INFO - Example /home/projects/bagon/shared/imagenet512/val/n02133161/ILSVRC2012_val_00006793.JPEG reached epsilon at step 39, loss sum: 24.2762, final loss: 0.00088501, weight distance: 0.0035
2025-09-22 11:51:59,050 - INFO - Example 1455 completed: 39 steps, loss sum: 24.2762, final loss: 0.00088501, weight distance: 0.0035 (universal rank: 44960)
2025-09-22 11:51:59,050 - INFO - 
=== Worker 5 Training Example 1456/1586 (global idx 9390): /home/projects/bagon/shared/imagenet512/val/n02910353/ILSVRC2012_val_00030417.JPEG ===
2025-09-22 11:52:00,597 - INFO - Example /home/projects/bagon/shared/imagenet512/val/n02910353/ILSVRC2012_val_00030417.JPEG reached epsilon at step 42, loss sum: 52.7198, final loss: 0.00095367, weight distance: 0.0035
2025-09-22 11:52:01,149 - INFO - Example 1456 completed: 42 steps, loss sum: 52.7198, final loss: 0.00095367, weight distance: 0.0035 (universal rank: 44961)
2025-09-22 11:52:01,150 - INFO - 
=== Worker 5 Training Example 1457/1586 (global idx 9391): /home/projects/bagon/shared/imagenet512/val/n03733281/ILSVRC2012_val_00036740.JPEG ===
2025-09-22 11:52:02,415 - INFO - Example /home/projects/bagon/shared/imagenet512/val/n03733281/ILSVRC2012_val_00036740.JPEG reached epsilon at step 35, loss sum: 63.7671, final loss: 0.00099182, weight distance: 0.0033
2025-09-22 11:52:02,975 - INFO - Example 1457 completed: 35 steps, loss sum: 63.7671, final loss: 0.00099182, weight distance: 0.0033 (universal rank: 44962)
2025-09-22 11:52:02,976 - INFO - 
=== Worker 5 Training Example 1458/1586 (global idx 9392): /home/projects/bagon/shared/imagenet512/val/n04560804/ILSVRC2012_val_00005459.JPEG ===
2025-09-22 11:52:04,501 - INFO - Example /home/projects/bagon/shared/imagenet512/val/n04560804/ILSVRC2012_val_00005459.JPEG reached epsilon at step 42, loss sum: 15.9262, final loss: 0.00091171, weight distance: 0.0032
2025-09-22 11:52:05,047 - INFO - Example 1458 completed: 42 steps, loss sum: 15.9262, final loss: 0.00091171, weight distance: 0.0032 (universal rank: 44963)
2025-09-22 11:52:05,047 - INFO - 
=== Worker 5 Training Example 1459/1586 (global idx 9393): /home/projects/bagon/shared/imagenet512/val/n03814639/ILSVRC2012_val_00018259.JPEG ===
2025-09-22 11:52:07,381 - INFO - Example /home/projects/bagon/shared/imagenet512/val/n03814639/ILSVRC2012_val_00018259.JPEG reached epsilon at step 65, loss sum: 109.6690, final loss: 0.00079346, weight distance: 0.0048
2025-09-22 11:52:07,962 - INFO - Example 1459 completed: 65 steps, loss sum: 109.6690, final loss: 0.00079346, weight distance: 0.0048 (universal rank: 44965)
2025-09-22 11:52:07,962 - INFO - 
=== Worker 5 Training Example 1460/1586 (global idx 9394): /home/projects/bagon/shared/imagenet512/val/n03075370/ILSVRC2012_val_00041941.JPEG ===
2025-09-22 11:52:08,995 - INFO - Example /home/projects/bagon/shared/imagenet512/val/n03075370/ILSVRC2012_val_00041941.JPEG reached epsilon at step 28, loss sum: 25.6126, final loss: 0.00089645, weight distance: 0.0026
2025-09-22 11:52:09,544 - INFO - Example 1460 completed: 28 steps, loss sum: 25.6126, final loss: 0.00089645, weight distance: 0.0026 (universal rank: 44966)
2025-09-22 11:52:09,544 - INFO - 
=== Worker 5 Training Example 1461/1586 (global idx 9395): /home/projects/bagon/shared/imagenet512/val/n02747177/ILSVRC2012_val_00046749.JPEG ===
2025-09-22 11:52:11,632 - INFO - Example /home/projects/bagon/shared/imagenet512/val/n02747177/ILSVRC2012_val_00046749.JPEG reached epsilon at step 58, loss sum: 84.2194, final loss: 0.00079727, weight distance: 0.0048
2025-09-22 11:52:12,302 - INFO - Example 1461 completed: 58 steps, loss sum: 84.2194, final loss: 0.00079727, weight distance: 0.0048 (universal rank: 44967)
2025-09-22 11:52:12,303 - INFO - 
=== Worker 5 Training Example 1462/1586 (global idx 9396): /home/projects/bagon/shared/imagenet512/val/n04131690/ILSVRC2012_val_00001319.JPEG ===
2025-09-22 11:52:13,801 - INFO - Example /home/projects/bagon/shared/imagenet512/val/n04131690/ILSVRC2012_val_00001319.JPEG reached epsilon at step 41, loss sum: 49.5614, final loss: 0.00079346, weight distance: 0.0034
2025-09-22 11:52:14,357 - INFO - Example 1462 completed: 41 steps, loss sum: 49.5614, final loss: 0.00079346, weight distance: 0.0034 (universal rank: 44968)
2025-09-22 11:52:14,358 - INFO - 
=== Worker 5 Training Example 1463/1586 (global idx 9397): /home/projects/bagon/shared/imagenet512/val/n02749479/ILSVRC2012_val_00018759.JPEG ===
2025-09-22 11:52:16,272 - INFO - Example /home/projects/bagon/shared/imagenet512/val/n02749479/ILSVRC2012_val_00018759.JPEG reached epsilon at step 53, loss sum: 44.1509, final loss: 0.00092316, weight distance: 0.0044
2025-09-22 11:52:16,834 - INFO - Example 1463 completed: 53 steps, loss sum: 44.1509, final loss: 0.00092316, weight distance: 0.0044 (universal rank: 44969)
2025-09-22 11:52:16,834 - INFO - 
=== Worker 5 Training Example 1464/1586 (global idx 9398): /home/projects/bagon/shared/imagenet512/val/n01675722/ILSVRC2012_val_00006853.JPEG ===
2025-09-22 11:52:18,551 - INFO - Example /home/projects/bagon/shared/imagenet512/val/n01675722/ILSVRC2012_val_00006853.JPEG reached epsilon at step 47, loss sum: 68.0876, final loss: 0.00068283, weight distance: 0.0040
2025-09-22 11:52:19,106 - INFO - Example 1464 completed: 47 steps, loss sum: 68.0876, final loss: 0.00068283, weight distance: 0.0040 (universal rank: 44970)
2025-09-22 11:52:19,106 - INFO - 
=== Worker 5 Training Example 1465/1586 (global idx 9399): /home/projects/bagon/shared/imagenet512/val/n13054560/ILSVRC2012_val_00031250.JPEG ===
2025-09-22 11:52:20,455 - INFO - Example /home/projects/bagon/shared/imagenet512/val/n13054560/ILSVRC2012_val_00031250.JPEG reached epsilon at step 37, loss sum: 35.8965, final loss: 0.00080490, weight distance: 0.0032
2025-09-22 11:52:21,006 - INFO - Example 1465 completed: 37 steps, loss sum: 35.8965, final loss: 0.00080490, weight distance: 0.0032 (universal rank: 44971)
2025-09-22 11:52:21,006 - INFO - 
=== Worker 5 Training Example 1466/1586 (global idx 9400): /home/projects/bagon/shared/imagenet512/val/n02115641/ILSVRC2012_val_00021767.JPEG ===
2025-09-22 11:52:22,676 - INFO - Example /home/projects/bagon/shared/imagenet512/val/n02115641/ILSVRC2012_val_00021767.JPEG reached epsilon at step 46, loss sum: 45.1419, final loss: 0.00086212, weight distance: 0.0041
2025-09-22 11:52:23,237 - INFO - Example 1466 completed: 46 steps, loss sum: 45.1419, final loss: 0.00086212, weight distance: 0.0041 (universal rank: 44972)
2025-09-22 11:52:23,237 - INFO - 
=== Worker 5 Training Example 1467/1586 (global idx 9401): /home/projects/bagon/shared/imagenet512/val/n03658185/ILSVRC2012_val_00022493.JPEG ===
2025-09-22 11:52:24,771 - INFO - Example /home/projects/bagon/shared/imagenet512/val/n03658185/ILSVRC2012_val_00022493.JPEG reached epsilon at step 42, loss sum: 24.5455, final loss: 0.00099945, weight distance: 0.0037
2025-09-22 11:52:25,330 - INFO - Example 1467 completed: 42 steps, loss sum: 24.5455, final loss: 0.00099945, weight distance: 0.0037 (universal rank: 44973)
2025-09-22 11:52:25,330 - INFO - 
=== Worker 5 Training Example 1468/1586 (global idx 9402): /home/projects/bagon/shared/imagenet512/val/n01978455/ILSVRC2012_val_00048052.JPEG ===
2025-09-22 11:52:26,377 - INFO - Example /home/projects/bagon/shared/imagenet512/val/n01978455/ILSVRC2012_val_00048052.JPEG reached epsilon at step 28, loss sum: 4.7465, final loss: 0.00081253, weight distance: 0.0026
2025-09-22 11:52:26,931 - INFO - Example 1468 completed: 28 steps, loss sum: 4.7465, final loss: 0.00081253, weight distance: 0.0026 (universal rank: 44975)
2025-09-22 11:52:26,932 - INFO - 
=== Worker 5 Training Example 1469/1586 (global idx 9403): /home/projects/bagon/shared/imagenet512/val/n02804610/ILSVRC2012_val_00002180.JPEG ===
2025-09-22 11:52:28,248 - INFO - Example /home/projects/bagon/shared/imagenet512/val/n02804610/ILSVRC2012_val_00002180.JPEG reached epsilon at step 36, loss sum: 21.3086, final loss: 0.00093460, weight distance: 0.0032
2025-09-22 11:52:28,807 - INFO - Example 1469 completed: 36 steps, loss sum: 21.3086, final loss: 0.00093460, weight distance: 0.0032 (universal rank: 44976)
2025-09-22 11:52:28,807 - INFO - 
=== Worker 5 Training Example 1470/1586 (global idx 9404): /home/projects/bagon/shared/imagenet512/val/n03594734/ILSVRC2012_val_00045055.JPEG ===
2025-09-22 11:52:30,418 - INFO - Example /home/projects/bagon/shared/imagenet512/val/n03594734/ILSVRC2012_val_00045055.JPEG reached epsilon at step 44, loss sum: 15.5976, final loss: 0.00087738, weight distance: 0.0033
2025-09-22 11:52:30,978 - INFO - Example 1470 completed: 44 steps, loss sum: 15.5976, final loss: 0.00087738, weight distance: 0.0033 (universal rank: 44979)
2025-09-22 11:52:30,978 - INFO - 
=== Worker 5 Training Example 1471/1586 (global idx 9405): /home/projects/bagon/shared/imagenet512/val/n04116512/ILSVRC2012_val_00006643.JPEG ===
2025-09-22 11:52:32,485 - INFO - Example /home/projects/bagon/shared/imagenet512/val/n04116512/ILSVRC2012_val_00006643.JPEG reached epsilon at step 42, loss sum: 74.8727, final loss: 0.00089264, weight distance: 0.0038
2025-09-22 11:52:33,044 - INFO - Example 1471 completed: 42 steps, loss sum: 74.8727, final loss: 0.00089264, weight distance: 0.0038 (universal rank: 44980)
2025-09-22 11:52:33,044 - INFO - 
=== Worker 5 Training Example 1472/1586 (global idx 9406): /home/projects/bagon/shared/imagenet512/val/n07932039/ILSVRC2012_val_00028866.JPEG ===
2025-09-22 11:52:34,813 - INFO - Example /home/projects/bagon/shared/imagenet512/val/n07932039/ILSVRC2012_val_00028866.JPEG reached epsilon at step 49, loss sum: 46.0127, final loss: 0.00073242, weight distance: 0.0043
2025-09-22 11:52:35,373 - INFO - Example 1472 completed: 49 steps, loss sum: 46.0127, final loss: 0.00073242, weight distance: 0.0043 (universal rank: 44981)
2025-09-22 11:52:35,373 - INFO - 
=== Worker 5 Training Example 1473/1586 (global idx 9407): /home/projects/bagon/shared/imagenet512/val/n04209239/ILSVRC2012_val_00035393.JPEG ===
2025-09-22 11:52:36,652 - INFO - Example /home/projects/bagon/shared/imagenet512/val/n04209239/ILSVRC2012_val_00035393.JPEG reached epsilon at step 35, loss sum: 39.1021, final loss: 0.00095367, weight distance: 0.0030
2025-09-22 11:52:37,206 - INFO - Example 1473 completed: 35 steps, loss sum: 39.1021, final loss: 0.00095367, weight distance: 0.0030 (universal rank: 44982)
2025-09-22 11:52:37,206 - INFO - 
=== Worker 5 Training Example 1474/1586 (global idx 9408): /home/projects/bagon/shared/imagenet512/val/n07753113/ILSVRC2012_val_00008180.JPEG ===
2025-09-22 11:52:38,851 - INFO - Example /home/projects/bagon/shared/imagenet512/val/n07753113/ILSVRC2012_val_00008180.JPEG reached epsilon at step 45, loss sum: 53.9900, final loss: 0.00075531, weight distance: 0.0041
2025-09-22 11:52:39,403 - INFO - Example 1474 completed: 45 steps, loss sum: 53.9900, final loss: 0.00075531, weight distance: 0.0041 (universal rank: 44984)
2025-09-22 11:52:39,403 - INFO - 
=== Worker 5 Training Example 1475/1586 (global idx 9409): /home/projects/bagon/shared/imagenet512/val/n03680355/ILSVRC2012_val_00018671.JPEG ===
2025-09-22 11:52:40,655 - INFO - Example /home/projects/bagon/shared/imagenet512/val/n03680355/ILSVRC2012_val_00018671.JPEG reached epsilon at step 34, loss sum: 12.8559, final loss: 0.00070190, weight distance: 0.0031
2025-09-22 11:52:41,199 - INFO - Example 1475 completed: 34 steps, loss sum: 12.8559, final loss: 0.00070190, weight distance: 0.0031 (universal rank: 44985)
2025-09-22 11:52:41,199 - INFO - 
=== Worker 5 Training Example 1476/1586 (global idx 9410): /home/projects/bagon/shared/imagenet512/val/n04370456/ILSVRC2012_val_00000070.JPEG ===
2025-09-22 11:52:42,936 - INFO - Example /home/projects/bagon/shared/imagenet512/val/n04370456/ILSVRC2012_val_00000070.JPEG reached epsilon at step 48, loss sum: 44.1290, final loss: 0.00084686, weight distance: 0.0043
2025-09-22 11:52:43,495 - INFO - Example 1476 completed: 48 steps, loss sum: 44.1290, final loss: 0.00084686, weight distance: 0.0043 (universal rank: 44986)
2025-09-22 11:52:43,495 - INFO - 
=== Worker 5 Training Example 1477/1586 (global idx 9411): /home/projects/bagon/shared/imagenet512/val/n09468604/ILSVRC2012_val_00012937.JPEG ===
2025-09-22 11:52:45,646 - INFO - Example /home/projects/bagon/shared/imagenet512/val/n09468604/ILSVRC2012_val_00012937.JPEG reached epsilon at step 60, loss sum: 54.8554, final loss: 0.00074387, weight distance: 0.0050
2025-09-22 11:52:46,193 - INFO - Example 1477 completed: 60 steps, loss sum: 54.8554, final loss: 0.00074387, weight distance: 0.0050 (universal rank: 44987)
2025-09-22 11:52:46,193 - INFO - 
=== Worker 5 Training Example 1478/1586 (global idx 9412): /home/projects/bagon/shared/imagenet512/val/n02979186/ILSVRC2012_val_00028911.JPEG ===
2025-09-22 11:52:48,777 - INFO - Example /home/projects/bagon/shared/imagenet512/val/n02979186/ILSVRC2012_val_00028911.JPEG reached epsilon at step 72, loss sum: 14.9489, final loss: 0.00098419, weight distance: 0.0055
2025-09-22 11:52:49,322 - INFO - Example 1478 completed: 72 steps, loss sum: 14.9489, final loss: 0.00098419, weight distance: 0.0055 (universal rank: 44988)
2025-09-22 11:52:49,322 - INFO - 
=== Worker 5 Training Example 1479/1586 (global idx 9413): /home/projects/bagon/shared/imagenet512/val/n03970156/ILSVRC2012_val_00002729.JPEG ===
2025-09-22 11:52:52,060 - INFO - Example /home/projects/bagon/shared/imagenet512/val/n03970156/ILSVRC2012_val_00002729.JPEG reached epsilon at step 77, loss sum: 100.0214, final loss: 0.00096893, weight distance: 0.0062
2025-09-22 11:52:52,609 - INFO - Example 1479 completed: 77 steps, loss sum: 100.0214, final loss: 0.00096893, weight distance: 0.0062 (universal rank: 44989)
2025-09-22 11:52:52,609 - INFO - 
=== Worker 5 Training Example 1480/1586 (global idx 9414): /home/projects/bagon/shared/imagenet512/val/n03124043/ILSVRC2012_val_00031385.JPEG ===
2025-09-22 11:52:53,984 - INFO - Example /home/projects/bagon/shared/imagenet512/val/n03124043/ILSVRC2012_val_00031385.JPEG reached epsilon at step 38, loss sum: 44.0373, final loss: 0.00099945, weight distance: 0.0034
2025-09-22 11:52:54,848 - INFO - Example 1480 completed: 38 steps, loss sum: 44.0373, final loss: 0.00099945, weight distance: 0.0034 (universal rank: 44990)
2025-09-22 11:52:54,848 - INFO - 
=== Worker 5 Training Example 1481/1586 (global idx 9415): /home/projects/bagon/shared/imagenet512/val/n04443257/ILSVRC2012_val_00014272.JPEG ===
2025-09-22 11:52:56,889 - INFO - Example /home/projects/bagon/shared/imagenet512/val/n04443257/ILSVRC2012_val_00014272.JPEG reached epsilon at step 57, loss sum: 77.7018, final loss: 0.00090027, weight distance: 0.0047
2025-09-22 11:52:57,457 - INFO - Example 1481 completed: 57 steps, loss sum: 77.7018, final loss: 0.00090027, weight distance: 0.0047 (universal rank: 44991)
2025-09-22 11:52:57,458 - INFO - 
=== Worker 5 Training Example 1482/1586 (global idx 9416): /home/projects/bagon/shared/imagenet512/val/n07695742/ILSVRC2012_val_00008100.JPEG ===
2025-09-22 11:52:58,778 - INFO - Example /home/projects/bagon/shared/imagenet512/val/n07695742/ILSVRC2012_val_00008100.JPEG reached epsilon at step 36, loss sum: 27.5321, final loss: 0.00094223, weight distance: 0.0033
2025-09-22 11:52:59,360 - INFO - Example 1482 completed: 36 steps, loss sum: 27.5321, final loss: 0.00094223, weight distance: 0.0033 (universal rank: 44992)
2025-09-22 11:52:59,360 - INFO - 
=== Worker 5 Training Example 1483/1586 (global idx 9417): /home/projects/bagon/shared/imagenet512/val/n02093428/ILSVRC2012_val_00015076.JPEG ===
2025-09-22 11:53:01,247 - INFO - Example /home/projects/bagon/shared/imagenet512/val/n02093428/ILSVRC2012_val_00015076.JPEG reached epsilon at step 52, loss sum: 38.5463, final loss: 0.00093079, weight distance: 0.0044
2025-09-22 11:53:01,830 - INFO - Example 1483 completed: 52 steps, loss sum: 38.5463, final loss: 0.00093079, weight distance: 0.0044 (universal rank: 44993)
2025-09-22 11:53:01,830 - INFO - 
=== Worker 5 Training Example 1484/1586 (global idx 9418): /home/projects/bagon/shared/imagenet512/val/n01855032/ILSVRC2012_val_00045281.JPEG ===
2025-09-22 11:53:03,779 - INFO - Example /home/projects/bagon/shared/imagenet512/val/n01855032/ILSVRC2012_val_00045281.JPEG reached epsilon at step 54, loss sum: 72.6621, final loss: 0.00098419, weight distance: 0.0044
2025-09-22 11:53:04,360 - INFO - Example 1484 completed: 54 steps, loss sum: 72.6621, final loss: 0.00098419, weight distance: 0.0044 (universal rank: 44994)
2025-09-22 11:53:04,361 - INFO - 
=== Worker 5 Training Example 1485/1586 (global idx 9419): /home/projects/bagon/shared/imagenet512/val/n04476259/ILSVRC2012_val_00000899.JPEG ===
2025-09-22 11:53:05,924 - INFO - Example /home/projects/bagon/shared/imagenet512/val/n04476259/ILSVRC2012_val_00000899.JPEG reached epsilon at step 43, loss sum: 66.2800, final loss: 0.00056458, weight distance: 0.0040
2025-09-22 11:53:06,628 - INFO - Example 1485 completed: 43 steps, loss sum: 66.2800, final loss: 0.00056458, weight distance: 0.0040 (universal rank: 44995)
2025-09-22 11:53:06,628 - INFO - 
=== Worker 5 Training Example 1486/1586 (global idx 9420): /home/projects/bagon/shared/imagenet512/val/n03041632/ILSVRC2012_val_00026439.JPEG ===
2025-09-22 11:53:07,874 - INFO - Example /home/projects/bagon/shared/imagenet512/val/n03041632/ILSVRC2012_val_00026439.JPEG reached epsilon at step 34, loss sum: 88.3607, final loss: 0.00085449, weight distance: 0.0029
2025-09-22 11:53:08,456 - INFO - Example 1486 completed: 34 steps, loss sum: 88.3607, final loss: 0.00085449, weight distance: 0.0029 (universal rank: 44996)
2025-09-22 11:53:08,456 - INFO - 
=== Worker 5 Training Example 1487/1586 (global idx 9421): /home/projects/bagon/shared/imagenet512/val/n04357314/ILSVRC2012_val_00043950.JPEG ===
2025-09-22 11:53:11,231 - INFO - Example /home/projects/bagon/shared/imagenet512/val/n04357314/ILSVRC2012_val_00043950.JPEG reached epsilon at step 78, loss sum: 138.0524, final loss: 0.00087357, weight distance: 0.0059
2025-09-22 11:53:11,818 - INFO - Example 1487 completed: 78 steps, loss sum: 138.0524, final loss: 0.00087357, weight distance: 0.0059 (universal rank: 44997)
2025-09-22 11:53:11,818 - INFO - 
=== Worker 5 Training Example 1488/1586 (global idx 9422): /home/projects/bagon/shared/imagenet512/val/n04591157/ILSVRC2012_val_00011761.JPEG ===
2025-09-22 11:53:13,273 - INFO - Example /home/projects/bagon/shared/imagenet512/val/n04591157/ILSVRC2012_val_00011761.JPEG reached epsilon at step 40, loss sum: 79.7735, final loss: 0.00096512, weight distance: 0.0037
2025-09-22 11:53:13,860 - INFO - Example 1488 completed: 40 steps, loss sum: 79.7735, final loss: 0.00096512, weight distance: 0.0037 (universal rank: 44998)
2025-09-22 11:53:13,860 - INFO - 
=== Worker 5 Training Example 1489/1586 (global idx 9423): /home/projects/bagon/shared/imagenet512/val/n03658185/ILSVRC2012_val_00033478.JPEG ===
2025-09-22 11:53:15,725 - INFO - Example /home/projects/bagon/shared/imagenet512/val/n03658185/ILSVRC2012_val_00033478.JPEG reached epsilon at step 52, loss sum: 39.2416, final loss: 0.00089645, weight distance: 0.0045
2025-09-22 11:53:16,320 - INFO - Example 1489 completed: 52 steps, loss sum: 39.2416, final loss: 0.00089645, weight distance: 0.0045 (universal rank: 44999)
2025-09-22 11:53:16,320 - INFO - 
=== Worker 5 Training Example 1490/1586 (global idx 9424): /home/projects/bagon/shared/imagenet512/val/n01756291/ILSVRC2012_val_00006690.JPEG ===
2025-09-22 11:53:19,639 - INFO - Example /home/projects/bagon/shared/imagenet512/val/n01756291/ILSVRC2012_val_00006690.JPEG reached epsilon at step 93, loss sum: 82.8661, final loss: 0.00089645, weight distance: 0.0061
2025-09-22 11:53:20,211 - INFO - Example 1490 completed: 93 steps, loss sum: 82.8661, final loss: 0.00089645, weight distance: 0.0061 (universal rank: 45000)
2025-09-22 11:53:20,211 - INFO - 
=== Worker 5 Training Example 1491/1586 (global idx 9425): /home/projects/bagon/shared/imagenet512/val/n04493381/ILSVRC2012_val_00018795.JPEG ===
2025-09-22 11:53:22,095 - INFO - Example /home/projects/bagon/shared/imagenet512/val/n04493381/ILSVRC2012_val_00018795.JPEG reached epsilon at step 53, loss sum: 23.3408, final loss: 0.00089645, weight distance: 0.0040
2025-09-22 11:53:22,691 - INFO - Example 1491 completed: 53 steps, loss sum: 23.3408, final loss: 0.00089645, weight distance: 0.0040 (universal rank: 45001)
2025-09-22 11:53:22,691 - INFO - 
=== Worker 5 Training Example 1492/1586 (global idx 9426): /home/projects/bagon/shared/imagenet512/val/n04286575/ILSVRC2012_val_00000959.JPEG ===
2025-09-22 11:53:23,564 - INFO - Example /home/projects/bagon/shared/imagenet512/val/n04286575/ILSVRC2012_val_00000959.JPEG reached epsilon at step 23, loss sum: 2.6477, final loss: 0.00095749, weight distance: 0.0020
2025-09-22 11:53:24,127 - INFO - Example 1492 completed: 23 steps, loss sum: 2.6477, final loss: 0.00095749, weight distance: 0.0020 (universal rank: 45002)
2025-09-22 11:53:24,128 - INFO - 
=== Worker 5 Training Example 1493/1586 (global idx 9427): /home/projects/bagon/shared/imagenet512/val/n03764736/ILSVRC2012_val_00008765.JPEG ===
2025-09-22 11:53:25,315 - INFO - Example /home/projects/bagon/shared/imagenet512/val/n03764736/ILSVRC2012_val_00008765.JPEG reached epsilon at step 32, loss sum: 13.9749, final loss: 0.00091934, weight distance: 0.0029
2025-09-22 11:53:25,864 - INFO - Example 1493 completed: 32 steps, loss sum: 13.9749, final loss: 0.00091934, weight distance: 0.0029 (universal rank: 45004)
2025-09-22 11:53:25,864 - INFO - 
=== Worker 5 Training Example 1494/1586 (global idx 9428): /home/projects/bagon/shared/imagenet512/val/n03483316/ILSVRC2012_val_00023379.JPEG ===
2025-09-22 11:53:28,568 - INFO - Example /home/projects/bagon/shared/imagenet512/val/n03483316/ILSVRC2012_val_00023379.JPEG reached epsilon at step 76, loss sum: 131.3879, final loss: 0.00085831, weight distance: 0.0057
2025-09-22 11:53:29,128 - INFO - Example 1494 completed: 76 steps, loss sum: 131.3879, final loss: 0.00085831, weight distance: 0.0057 (universal rank: 45005)
2025-09-22 11:53:29,128 - INFO - 
=== Worker 5 Training Example 1495/1586 (global idx 9429): /home/projects/bagon/shared/imagenet512/val/n02783161/ILSVRC2012_val_00011882.JPEG ===
2025-09-22 11:53:31,170 - INFO - Example /home/projects/bagon/shared/imagenet512/val/n02783161/ILSVRC2012_val_00011882.JPEG reached epsilon at step 57, loss sum: 24.6644, final loss: 0.00090408, weight distance: 0.0044
2025-09-22 11:53:31,711 - INFO - Example 1495 completed: 57 steps, loss sum: 24.6644, final loss: 0.00090408, weight distance: 0.0044 (universal rank: 45006)
2025-09-22 11:53:31,711 - INFO - 
=== Worker 5 Training Example 1496/1586 (global idx 9430): /home/projects/bagon/shared/imagenet512/val/n07614500/ILSVRC2012_val_00000574.JPEG ===
2025-09-22 11:53:32,927 - INFO - Example /home/projects/bagon/shared/imagenet512/val/n07614500/ILSVRC2012_val_00000574.JPEG reached epsilon at step 33, loss sum: 7.5443, final loss: 0.00092697, weight distance: 0.0030
2025-09-22 11:53:33,478 - INFO - Example 1496 completed: 33 steps, loss sum: 7.5443, final loss: 0.00092697, weight distance: 0.0030 (universal rank: 45007)
2025-09-22 11:53:33,478 - INFO - 
=== Worker 5 Training Example 1497/1586 (global idx 9431): /home/projects/bagon/shared/imagenet512/val/n03000134/ILSVRC2012_val_00024833.JPEG ===
2025-09-22 11:53:34,558 - INFO - Example /home/projects/bagon/shared/imagenet512/val/n03000134/ILSVRC2012_val_00024833.JPEG reached epsilon at step 29, loss sum: 3.2106, final loss: 0.00094986, weight distance: 0.0027
2025-09-22 11:53:35,113 - INFO - Example 1497 completed: 29 steps, loss sum: 3.2106, final loss: 0.00094986, weight distance: 0.0027 (universal rank: 45008)
2025-09-22 11:53:35,113 - INFO - 
=== Worker 5 Training Example 1498/1586 (global idx 9432): /home/projects/bagon/shared/imagenet512/val/n03535780/ILSVRC2012_val_00026608.JPEG ===
2025-09-22 11:53:36,241 - INFO - Example /home/projects/bagon/shared/imagenet512/val/n03535780/ILSVRC2012_val_00026608.JPEG reached epsilon at step 30, loss sum: 3.3553, final loss: 0.00083542, weight distance: 0.0026
2025-09-22 11:53:36,803 - INFO - Example 1498 completed: 30 steps, loss sum: 3.3553, final loss: 0.00083542, weight distance: 0.0026 (universal rank: 45009)
2025-09-22 11:53:36,803 - INFO - 
=== Worker 5 Training Example 1499/1586 (global idx 9433): /home/projects/bagon/shared/imagenet512/val/n03633091/ILSVRC2012_val_00039364.JPEG ===
2025-09-22 11:53:38,833 - INFO - Example /home/projects/bagon/shared/imagenet512/val/n03633091/ILSVRC2012_val_00039364.JPEG reached epsilon at step 57, loss sum: 79.1356, final loss: 0.00075150, weight distance: 0.0045
2025-09-22 11:53:39,376 - INFO - Example 1499 completed: 57 steps, loss sum: 79.1356, final loss: 0.00075150, weight distance: 0.0045 (universal rank: 45010)
2025-09-22 11:53:39,376 - INFO - 
=== Worker 5 Training Example 1500/1586 (global idx 9434): /home/projects/bagon/shared/imagenet512/val/n09399592/ILSVRC2012_val_00003374.JPEG ===
2025-09-22 11:53:41,624 - INFO - Example /home/projects/bagon/shared/imagenet512/val/n09399592/ILSVRC2012_val_00003374.JPEG reached epsilon at step 63, loss sum: 16.6907, final loss: 0.00075150, weight distance: 0.0040
2025-09-22 11:53:42,234 - INFO - Example 1500 completed: 63 steps, loss sum: 16.6907, final loss: 0.00075150, weight distance: 0.0040 (universal rank: 45011)
2025-09-22 11:53:42,234 - INFO - 
=== Worker 5 Training Example 1501/1586 (global idx 9435): /home/projects/bagon/shared/imagenet512/val/n02666196/ILSVRC2012_val_00034718.JPEG ===
2025-09-22 11:53:43,881 - INFO - Example /home/projects/bagon/shared/imagenet512/val/n02666196/ILSVRC2012_val_00034718.JPEG reached epsilon at step 46, loss sum: 111.0406, final loss: 0.00085449, weight distance: 0.0037
2025-09-22 11:53:44,432 - INFO - Example 1501 completed: 46 steps, loss sum: 111.0406, final loss: 0.00085449, weight distance: 0.0037 (universal rank: 45012)
2025-09-22 11:53:44,432 - INFO - 
=== Worker 5 Training Example 1502/1586 (global idx 9436): /home/projects/bagon/shared/imagenet512/val/n03891251/ILSVRC2012_val_00029949.JPEG ===
2025-09-22 11:53:45,613 - INFO - Example /home/projects/bagon/shared/imagenet512/val/n03891251/ILSVRC2012_val_00029949.JPEG reached epsilon at step 32, loss sum: 29.8231, final loss: 0.00091171, weight distance: 0.0030
2025-09-22 11:53:46,164 - INFO - Example 1502 completed: 32 steps, loss sum: 29.8231, final loss: 0.00091171, weight distance: 0.0030 (universal rank: 45013)
2025-09-22 11:53:46,164 - INFO - 
=== Worker 5 Training Example 1503/1586 (global idx 9437): /home/projects/bagon/shared/imagenet512/val/n02095570/ILSVRC2012_val_00025520.JPEG ===
2025-09-22 11:53:48,567 - INFO - Example /home/projects/bagon/shared/imagenet512/val/n02095570/ILSVRC2012_val_00025520.JPEG reached epsilon at step 67, loss sum: 70.4315, final loss: 0.00093842, weight distance: 0.0053
2025-09-22 11:53:49,124 - INFO - Example 1503 completed: 67 steps, loss sum: 70.4315, final loss: 0.00093842, weight distance: 0.0053 (universal rank: 45014)
2025-09-22 11:53:49,124 - INFO - 
=== Worker 5 Training Example 1504/1586 (global idx 9438): /home/projects/bagon/shared/imagenet512/val/n07613480/ILSVRC2012_val_00002270.JPEG ===
2025-09-22 11:53:50,900 - INFO - Example /home/projects/bagon/shared/imagenet512/val/n07613480/ILSVRC2012_val_00002270.JPEG reached epsilon at step 49, loss sum: 19.9334, final loss: 0.00099945, weight distance: 0.0041
2025-09-22 11:53:51,453 - INFO - Example 1504 completed: 49 steps, loss sum: 19.9334, final loss: 0.00099945, weight distance: 0.0041 (universal rank: 45015)
2025-09-22 11:53:51,453 - INFO - 
=== Worker 5 Training Example 1505/1586 (global idx 9439): /home/projects/bagon/shared/imagenet512/val/n06794110/ILSVRC2012_val_00032412.JPEG ===
2025-09-22 11:53:52,970 - INFO - Example /home/projects/bagon/shared/imagenet512/val/n06794110/ILSVRC2012_val_00032412.JPEG reached epsilon at step 42, loss sum: 29.2755, final loss: 0.00084305, weight distance: 0.0038
2025-09-22 11:53:53,559 - INFO - Example 1505 completed: 42 steps, loss sum: 29.2755, final loss: 0.00084305, weight distance: 0.0038 (universal rank: 45016)
2025-09-22 11:53:53,559 - INFO - 
=== Worker 5 Training Example 1506/1586 (global idx 9440): /home/projects/bagon/shared/imagenet512/val/n02107908/ILSVRC2012_val_00025496.JPEG ===
2025-09-22 11:53:54,849 - INFO - Example /home/projects/bagon/shared/imagenet512/val/n02107908/ILSVRC2012_val_00025496.JPEG reached epsilon at step 35, loss sum: 2.8133, final loss: 0.00091934, weight distance: 0.0032
2025-09-22 11:53:55,405 - INFO - Example 1506 completed: 35 steps, loss sum: 2.8133, final loss: 0.00091934, weight distance: 0.0032 (universal rank: 45017)
2025-09-22 11:53:55,405 - INFO - 
=== Worker 5 Training Example 1507/1586 (global idx 9441): /home/projects/bagon/shared/imagenet512/val/n04149813/ILSVRC2012_val_00028121.JPEG ===
2025-09-22 11:53:56,588 - INFO - Example /home/projects/bagon/shared/imagenet512/val/n04149813/ILSVRC2012_val_00028121.JPEG reached epsilon at step 32, loss sum: 13.2381, final loss: 0.00086212, weight distance: 0.0029
2025-09-22 11:53:57,205 - INFO - Example 1507 completed: 32 steps, loss sum: 13.2381, final loss: 0.00086212, weight distance: 0.0029 (universal rank: 45018)
2025-09-22 11:53:57,205 - INFO - 
=== Worker 5 Training Example 1508/1586 (global idx 9442): /home/projects/bagon/shared/imagenet512/val/n02119789/ILSVRC2012_val_00039454.JPEG ===
2025-09-22 11:53:58,058 - INFO - Example /home/projects/bagon/shared/imagenet512/val/n02119789/ILSVRC2012_val_00039454.JPEG reached epsilon at step 23, loss sum: 5.9991, final loss: 0.00070572, weight distance: 0.0022
2025-09-22 11:53:58,610 - INFO - Example 1508 completed: 23 steps, loss sum: 5.9991, final loss: 0.00070572, weight distance: 0.0022 (universal rank: 45019)
2025-09-22 11:53:58,610 - INFO - 
=== Worker 5 Training Example 1509/1586 (global idx 9443): /home/projects/bagon/shared/imagenet512/val/n03188531/ILSVRC2012_val_00015180.JPEG ===
2025-09-22 11:54:00,519 - INFO - Example /home/projects/bagon/shared/imagenet512/val/n03188531/ILSVRC2012_val_00015180.JPEG reached epsilon at step 52, loss sum: 80.1040, final loss: 0.00079346, weight distance: 0.0044
2025-09-22 11:54:01,069 - INFO - Example 1509 completed: 52 steps, loss sum: 80.1040, final loss: 0.00079346, weight distance: 0.0044 (universal rank: 45020)
2025-09-22 11:54:01,069 - INFO - 
=== Worker 5 Training Example 1510/1586 (global idx 9444): /home/projects/bagon/shared/imagenet512/val/n04154565/ILSVRC2012_val_00038927.JPEG ===
2025-09-22 11:54:02,804 - INFO - Example /home/projects/bagon/shared/imagenet512/val/n04154565/ILSVRC2012_val_00038927.JPEG reached epsilon at step 48, loss sum: 37.8889, final loss: 0.00079346, weight distance: 0.0043
2025-09-22 11:54:03,356 - INFO - Example 1510 completed: 48 steps, loss sum: 37.8889, final loss: 0.00079346, weight distance: 0.0043 (universal rank: 45021)
2025-09-22 11:54:03,356 - INFO - 
=== Worker 5 Training Example 1511/1586 (global idx 9445): /home/projects/bagon/shared/imagenet512/val/n03016953/ILSVRC2012_val_00024303.JPEG ===
2025-09-22 11:54:05,041 - INFO - Example /home/projects/bagon/shared/imagenet512/val/n03016953/ILSVRC2012_val_00024303.JPEG reached epsilon at step 47, loss sum: 35.1472, final loss: 0.00090408, weight distance: 0.0040
2025-09-22 11:54:05,613 - INFO - Example 1511 completed: 47 steps, loss sum: 35.1472, final loss: 0.00090408, weight distance: 0.0040 (universal rank: 45022)
2025-09-22 11:54:05,613 - INFO - 
=== Worker 5 Training Example 1512/1586 (global idx 9446): /home/projects/bagon/shared/imagenet512/val/n02012849/ILSVRC2012_val_00042638.JPEG ===
2025-09-22 11:54:06,921 - INFO - Example /home/projects/bagon/shared/imagenet512/val/n02012849/ILSVRC2012_val_00042638.JPEG reached epsilon at step 35, loss sum: 18.6927, final loss: 0.00088120, weight distance: 0.0032
2025-09-22 11:54:07,481 - INFO - Example 1512 completed: 35 steps, loss sum: 18.6927, final loss: 0.00088120, weight distance: 0.0032 (universal rank: 45023)
2025-09-22 11:54:07,481 - INFO - 
=== Worker 5 Training Example 1513/1586 (global idx 9447): /home/projects/bagon/shared/imagenet512/val/n03982430/ILSVRC2012_val_00029391.JPEG ===
2025-09-22 11:54:08,835 - INFO - Example /home/projects/bagon/shared/imagenet512/val/n03982430/ILSVRC2012_val_00029391.JPEG reached epsilon at step 37, loss sum: 40.6342, final loss: 0.00093079, weight distance: 0.0034
2025-09-22 11:54:09,402 - INFO - Example 1513 completed: 37 steps, loss sum: 40.6342, final loss: 0.00093079, weight distance: 0.0034 (universal rank: 45024)
2025-09-22 11:54:09,402 - INFO - 
=== Worker 5 Training Example 1514/1586 (global idx 9448): /home/projects/bagon/shared/imagenet512/val/n01682714/ILSVRC2012_val_00025668.JPEG ===
2025-09-22 11:54:12,041 - INFO - Example /home/projects/bagon/shared/imagenet512/val/n01682714/ILSVRC2012_val_00025668.JPEG reached epsilon at step 74, loss sum: 39.6028, final loss: 0.00095367, weight distance: 0.0059
2025-09-22 11:54:12,751 - INFO - Example 1514 completed: 74 steps, loss sum: 39.6028, final loss: 0.00095367, weight distance: 0.0059 (universal rank: 45025)
2025-09-22 11:54:12,752 - INFO - 
=== Worker 5 Training Example 1515/1586 (global idx 9449): /home/projects/bagon/shared/imagenet512/val/n02105056/ILSVRC2012_val_00049146.JPEG ===
2025-09-22 11:54:14,218 - INFO - Example /home/projects/bagon/shared/imagenet512/val/n02105056/ILSVRC2012_val_00049146.JPEG reached epsilon at step 40, loss sum: 58.9227, final loss: 0.00050354, weight distance: 0.0033
2025-09-22 11:54:14,779 - INFO - Example 1515 completed: 40 steps, loss sum: 58.9227, final loss: 0.00050354, weight distance: 0.0033 (universal rank: 45026)
2025-09-22 11:54:14,779 - INFO - 
=== Worker 5 Training Example 1516/1586 (global idx 9450): /home/projects/bagon/shared/imagenet512/val/n04004767/ILSVRC2012_val_00032509.JPEG ===
2025-09-22 11:54:16,621 - INFO - Example /home/projects/bagon/shared/imagenet512/val/n04004767/ILSVRC2012_val_00032509.JPEG reached epsilon at step 51, loss sum: 57.8161, final loss: 0.00096893, weight distance: 0.0044
2025-09-22 11:54:17,182 - INFO - Example 1516 completed: 51 steps, loss sum: 57.8161, final loss: 0.00096893, weight distance: 0.0044 (universal rank: 45027)
2025-09-22 11:54:17,183 - INFO - 
=== Worker 5 Training Example 1517/1586 (global idx 9451): /home/projects/bagon/shared/imagenet512/val/n02808304/ILSVRC2012_val_00030884.JPEG ===
2025-09-22 11:54:18,784 - INFO - Example /home/projects/bagon/shared/imagenet512/val/n02808304/ILSVRC2012_val_00030884.JPEG reached epsilon at step 44, loss sum: 101.3053, final loss: 0.00085449, weight distance: 0.0040
2025-09-22 11:54:19,343 - INFO - Example 1517 completed: 44 steps, loss sum: 101.3053, final loss: 0.00085449, weight distance: 0.0040 (universal rank: 45028)
2025-09-22 11:54:19,343 - INFO - 
=== Worker 5 Training Example 1518/1586 (global idx 9452): /home/projects/bagon/shared/imagenet512/val/n02099849/ILSVRC2012_val_00005909.JPEG ===
2025-09-22 11:54:20,962 - INFO - Example /home/projects/bagon/shared/imagenet512/val/n02099849/ILSVRC2012_val_00005909.JPEG reached epsilon at step 45, loss sum: 49.7661, final loss: 0.00091934, weight distance: 0.0040
2025-09-22 11:54:21,513 - INFO - Example 1518 completed: 45 steps, loss sum: 49.7661, final loss: 0.00091934, weight distance: 0.0040 (universal rank: 45029)
2025-09-22 11:54:21,513 - INFO - 
=== Worker 5 Training Example 1519/1586 (global idx 9453): /home/projects/bagon/shared/imagenet512/val/n03710193/ILSVRC2012_val_00048410.JPEG ===
2025-09-22 11:54:23,104 - INFO - Example /home/projects/bagon/shared/imagenet512/val/n03710193/ILSVRC2012_val_00048410.JPEG reached epsilon at step 44, loss sum: 47.0270, final loss: 0.00066757, weight distance: 0.0039
2025-09-22 11:54:23,653 - INFO - Example 1519 completed: 44 steps, loss sum: 47.0270, final loss: 0.00066757, weight distance: 0.0039 (universal rank: 45030)
2025-09-22 11:54:23,653 - INFO - 
=== Worker 5 Training Example 1520/1586 (global idx 9454): /home/projects/bagon/shared/imagenet512/val/n03630383/ILSVRC2012_val_00042984.JPEG ===
2025-09-22 11:54:24,916 - INFO - Example /home/projects/bagon/shared/imagenet512/val/n03630383/ILSVRC2012_val_00042984.JPEG reached epsilon at step 34, loss sum: 10.7542, final loss: 0.00085068, weight distance: 0.0032
2025-09-22 11:54:25,469 - INFO - Example 1520 completed: 34 steps, loss sum: 10.7542, final loss: 0.00085068, weight distance: 0.0032 (universal rank: 45031)
2025-09-22 11:54:25,469 - INFO - 
=== Worker 5 Training Example 1521/1586 (global idx 9455): /home/projects/bagon/shared/imagenet512/val/n04557648/ILSVRC2012_val_00040070.JPEG ===
2025-09-22 11:54:27,245 - INFO - Example /home/projects/bagon/shared/imagenet512/val/n04557648/ILSVRC2012_val_00040070.JPEG reached epsilon at step 49, loss sum: 73.4435, final loss: 0.00094604, weight distance: 0.0042
2025-09-22 11:54:27,805 - INFO - Example 1521 completed: 49 steps, loss sum: 73.4435, final loss: 0.00094604, weight distance: 0.0042 (universal rank: 45032)
2025-09-22 11:54:27,805 - INFO - 
=== Worker 5 Training Example 1522/1586 (global idx 9456): /home/projects/bagon/shared/imagenet512/val/n04355933/ILSVRC2012_val_00026693.JPEG ===
2025-09-22 11:54:29,726 - INFO - Example /home/projects/bagon/shared/imagenet512/val/n04355933/ILSVRC2012_val_00026693.JPEG reached epsilon at step 53, loss sum: 47.7900, final loss: 0.00091934, weight distance: 0.0044
2025-09-22 11:54:30,323 - INFO - Example 1522 completed: 53 steps, loss sum: 47.7900, final loss: 0.00091934, weight distance: 0.0044 (universal rank: 45033)
2025-09-22 11:54:30,323 - INFO - 
=== Worker 5 Training Example 1523/1586 (global idx 9457): /home/projects/bagon/shared/imagenet512/val/n04033995/ILSVRC2012_val_00008026.JPEG ===
2025-09-22 11:54:31,268 - INFO - Example /home/projects/bagon/shared/imagenet512/val/n04033995/ILSVRC2012_val_00008026.JPEG reached epsilon at step 25, loss sum: 16.4047, final loss: 0.00099182, weight distance: 0.0020
2025-09-22 11:54:31,836 - INFO - Example 1523 completed: 25 steps, loss sum: 16.4047, final loss: 0.00099182, weight distance: 0.0020 (universal rank: 45034)
2025-09-22 11:54:31,836 - INFO - 
=== Worker 5 Training Example 1524/1586 (global idx 9458): /home/projects/bagon/shared/imagenet512/val/n03476684/ILSVRC2012_val_00035657.JPEG ===
2025-09-22 11:54:33,371 - INFO - Example /home/projects/bagon/shared/imagenet512/val/n03476684/ILSVRC2012_val_00035657.JPEG reached epsilon at step 42, loss sum: 56.3686, final loss: 0.00071716, weight distance: 0.0038
2025-09-22 11:54:33,938 - INFO - Example 1524 completed: 42 steps, loss sum: 56.3686, final loss: 0.00071716, weight distance: 0.0038 (universal rank: 45035)
2025-09-22 11:54:33,938 - INFO - 
=== Worker 5 Training Example 1525/1586 (global idx 9459): /home/projects/bagon/shared/imagenet512/val/n04039381/ILSVRC2012_val_00043586.JPEG ===
2025-09-22 11:54:35,175 - INFO - Example /home/projects/bagon/shared/imagenet512/val/n04039381/ILSVRC2012_val_00043586.JPEG reached epsilon at step 34, loss sum: 4.5593, final loss: 0.00084686, weight distance: 0.0032
2025-09-22 11:54:35,741 - INFO - Example 1525 completed: 34 steps, loss sum: 4.5593, final loss: 0.00084686, weight distance: 0.0032 (universal rank: 45036)
2025-09-22 11:54:35,742 - INFO - 
=== Worker 5 Training Example 1526/1586 (global idx 9460): /home/projects/bagon/shared/imagenet512/val/n03930630/ILSVRC2012_val_00027997.JPEG ===
2025-09-22 11:54:37,008 - INFO - Example /home/projects/bagon/shared/imagenet512/val/n03930630/ILSVRC2012_val_00027997.JPEG reached epsilon at step 34, loss sum: 19.5565, final loss: 0.00095749, weight distance: 0.0028
2025-09-22 11:54:37,560 - INFO - Example 1526 completed: 34 steps, loss sum: 19.5565, final loss: 0.00095749, weight distance: 0.0028 (universal rank: 45037)
2025-09-22 11:54:37,560 - INFO - 
=== Worker 5 Training Example 1527/1586 (global idx 9461): /home/projects/bagon/shared/imagenet512/val/n03014705/ILSVRC2012_val_00018166.JPEG ===
2025-09-22 11:54:38,641 - INFO - Example /home/projects/bagon/shared/imagenet512/val/n03014705/ILSVRC2012_val_00018166.JPEG reached epsilon at step 29, loss sum: 12.1730, final loss: 0.00096512, weight distance: 0.0026
2025-09-22 11:54:39,186 - INFO - Example 1527 completed: 29 steps, loss sum: 12.1730, final loss: 0.00096512, weight distance: 0.0026 (universal rank: 45038)
2025-09-22 11:54:39,186 - INFO - 
=== Worker 5 Training Example 1528/1586 (global idx 9462): /home/projects/bagon/shared/imagenet512/val/n04355933/ILSVRC2012_val_00000413.JPEG ===
2025-09-22 11:54:41,371 - INFO - Example /home/projects/bagon/shared/imagenet512/val/n04355933/ILSVRC2012_val_00000413.JPEG reached epsilon at step 61, loss sum: 83.1316, final loss: 0.00083160, weight distance: 0.0049
2025-09-22 11:54:41,915 - INFO - Example 1528 completed: 61 steps, loss sum: 83.1316, final loss: 0.00083160, weight distance: 0.0049 (universal rank: 45039)
2025-09-22 11:54:41,915 - INFO - 
=== Worker 5 Training Example 1529/1586 (global idx 9463): /home/projects/bagon/shared/imagenet512/val/n02107908/ILSVRC2012_val_00046552.JPEG ===
2025-09-22 11:54:43,826 - INFO - Example /home/projects/bagon/shared/imagenet512/val/n02107908/ILSVRC2012_val_00046552.JPEG reached epsilon at step 53, loss sum: 17.9395, final loss: 0.00094223, weight distance: 0.0045
2025-09-22 11:54:44,383 - INFO - Example 1529 completed: 53 steps, loss sum: 17.9395, final loss: 0.00094223, weight distance: 0.0045 (universal rank: 45040)
2025-09-22 11:54:44,384 - INFO - 
=== Worker 5 Training Example 1530/1586 (global idx 9464): /home/projects/bagon/shared/imagenet512/val/n01667778/ILSVRC2012_val_00031815.JPEG ===
2025-09-22 11:54:45,734 - INFO - Example /home/projects/bagon/shared/imagenet512/val/n01667778/ILSVRC2012_val_00031815.JPEG reached epsilon at step 37, loss sum: 14.4420, final loss: 0.00097275, weight distance: 0.0032
2025-09-22 11:54:46,290 - INFO - Example 1530 completed: 37 steps, loss sum: 14.4420, final loss: 0.00097275, weight distance: 0.0032 (universal rank: 45041)
2025-09-22 11:54:46,290 - INFO - 
=== Worker 5 Training Example 1531/1586 (global idx 9465): /home/projects/bagon/shared/imagenet512/val/n02114712/ILSVRC2012_val_00040677.JPEG ===
2025-09-22 11:54:47,452 - INFO - Example /home/projects/bagon/shared/imagenet512/val/n02114712/ILSVRC2012_val_00040677.JPEG reached epsilon at step 32, loss sum: 32.8655, final loss: 0.00067520, weight distance: 0.0028
2025-09-22 11:54:48,015 - INFO - Example 1531 completed: 32 steps, loss sum: 32.8655, final loss: 0.00067520, weight distance: 0.0028 (universal rank: 45042)
2025-09-22 11:54:48,015 - INFO - 
=== Worker 5 Training Example 1532/1586 (global idx 9466): /home/projects/bagon/shared/imagenet512/val/n02808304/ILSVRC2012_val_00032096.JPEG ===
2025-09-22 11:54:49,310 - INFO - Example /home/projects/bagon/shared/imagenet512/val/n02808304/ILSVRC2012_val_00032096.JPEG reached epsilon at step 35, loss sum: 49.1311, final loss: 0.00098419, weight distance: 0.0032
2025-09-22 11:54:49,866 - INFO - Example 1532 completed: 35 steps, loss sum: 49.1311, final loss: 0.00098419, weight distance: 0.0032 (universal rank: 45043)
2025-09-22 11:54:49,866 - INFO - 
=== Worker 5 Training Example 1533/1586 (global idx 9467): /home/projects/bagon/shared/imagenet512/val/n03476991/ILSVRC2012_val_00042521.JPEG ===
2025-09-22 11:54:51,360 - INFO - Example /home/projects/bagon/shared/imagenet512/val/n03476991/ILSVRC2012_val_00042521.JPEG reached epsilon at step 41, loss sum: 20.5285, final loss: 0.00097275, weight distance: 0.0035
2025-09-22 11:54:51,910 - INFO - Example 1533 completed: 41 steps, loss sum: 20.5285, final loss: 0.00097275, weight distance: 0.0035 (universal rank: 45044)
2025-09-22 11:54:51,910 - INFO - 
=== Worker 5 Training Example 1534/1586 (global idx 9468): /home/projects/bagon/shared/imagenet512/val/n02087046/ILSVRC2012_val_00042449.JPEG ===
2025-09-22 11:54:53,301 - INFO - Example /home/projects/bagon/shared/imagenet512/val/n02087046/ILSVRC2012_val_00042449.JPEG reached epsilon at step 38, loss sum: 20.6853, final loss: 0.00093842, weight distance: 0.0035
2025-09-22 11:54:53,861 - INFO - Example 1534 completed: 38 steps, loss sum: 20.6853, final loss: 0.00093842, weight distance: 0.0035 (universal rank: 45045)
2025-09-22 11:54:53,861 - INFO - 
=== Worker 5 Training Example 1535/1586 (global idx 9469): /home/projects/bagon/shared/imagenet512/val/n07932039/ILSVRC2012_val_00029971.JPEG ===
2025-09-22 11:54:55,104 - INFO - Example /home/projects/bagon/shared/imagenet512/val/n07932039/ILSVRC2012_val_00029971.JPEG reached epsilon at step 34, loss sum: 15.6937, final loss: 0.00079727, weight distance: 0.0032
2025-09-22 11:54:55,666 - INFO - Example 1535 completed: 34 steps, loss sum: 15.6937, final loss: 0.00079727, weight distance: 0.0032 (universal rank: 45046)
2025-09-22 11:54:55,667 - INFO - 
=== Worker 5 Training Example 1536/1586 (global idx 9470): /home/projects/bagon/shared/imagenet512/val/n04591157/ILSVRC2012_val_00005426.JPEG ===
2025-09-22 11:54:57,573 - INFO - Example /home/projects/bagon/shared/imagenet512/val/n04591157/ILSVRC2012_val_00005426.JPEG reached epsilon at step 53, loss sum: 224.0138, final loss: 0.00092316, weight distance: 0.0047
2025-09-22 11:54:58,148 - INFO - Example 1536 completed: 53 steps, loss sum: 224.0138, final loss: 0.00092316, weight distance: 0.0047 (universal rank: 45047)
2025-09-22 11:54:58,148 - INFO - 
=== Worker 5 Training Example 1537/1586 (global idx 9471): /home/projects/bagon/shared/imagenet512/val/n04355338/ILSVRC2012_val_00031308.JPEG ===
2025-09-22 11:54:59,245 - INFO - Example /home/projects/bagon/shared/imagenet512/val/n04355338/ILSVRC2012_val_00031308.JPEG reached epsilon at step 30, loss sum: 31.5020, final loss: 0.00089645, weight distance: 0.0027
2025-09-22 11:54:59,791 - INFO - Example 1537 completed: 30 steps, loss sum: 31.5020, final loss: 0.00089645, weight distance: 0.0027 (universal rank: 45048)
2025-09-22 11:54:59,791 - INFO - 
=== Worker 5 Training Example 1538/1586 (global idx 9472): /home/projects/bagon/shared/imagenet512/val/n04435653/ILSVRC2012_val_00008528.JPEG ===
2025-09-22 11:55:01,259 - INFO - Example /home/projects/bagon/shared/imagenet512/val/n04435653/ILSVRC2012_val_00008528.JPEG reached epsilon at step 40, loss sum: 47.3001, final loss: 0.00096130, weight distance: 0.0037
2025-09-22 11:55:01,813 - INFO - Example 1538 completed: 40 steps, loss sum: 47.3001, final loss: 0.00096130, weight distance: 0.0037 (universal rank: 45049)
2025-09-22 11:55:01,813 - INFO - 
=== Worker 5 Training Example 1539/1586 (global idx 9473): /home/projects/bagon/shared/imagenet512/val/n07714571/ILSVRC2012_val_00043273.JPEG ===
2025-09-22 11:55:03,343 - INFO - Example /home/projects/bagon/shared/imagenet512/val/n07714571/ILSVRC2012_val_00043273.JPEG reached epsilon at step 42, loss sum: 40.0597, final loss: 0.00099945, weight distance: 0.0036
2025-09-22 11:55:03,903 - INFO - Example 1539 completed: 42 steps, loss sum: 40.0597, final loss: 0.00099945, weight distance: 0.0036 (universal rank: 45050)
2025-09-22 11:55:03,903 - INFO - 
=== Worker 5 Training Example 1540/1586 (global idx 9474): /home/projects/bagon/shared/imagenet512/val/n04376876/ILSVRC2012_val_00044486.JPEG ===
2025-09-22 11:55:05,274 - INFO - Example /home/projects/bagon/shared/imagenet512/val/n04376876/ILSVRC2012_val_00044486.JPEG reached epsilon at step 38, loss sum: 9.7310, final loss: 0.00071716, weight distance: 0.0030
2025-09-22 11:55:05,826 - INFO - Example 1540 completed: 38 steps, loss sum: 9.7310, final loss: 0.00071716, weight distance: 0.0030 (universal rank: 45051)
2025-09-22 11:55:05,826 - INFO - 
=== Worker 5 Training Example 1541/1586 (global idx 9475): /home/projects/bagon/shared/imagenet512/val/n02939185/ILSVRC2012_val_00031452.JPEG ===
2025-09-22 11:55:07,060 - INFO - Example /home/projects/bagon/shared/imagenet512/val/n02939185/ILSVRC2012_val_00031452.JPEG reached epsilon at step 33, loss sum: 15.2466, final loss: 0.00084305, weight distance: 0.0030
2025-09-22 11:55:07,610 - INFO - Example 1541 completed: 33 steps, loss sum: 15.2466, final loss: 0.00084305, weight distance: 0.0030 (universal rank: 45052)
2025-09-22 11:55:07,610 - INFO - 
=== Worker 5 Training Example 1542/1586 (global idx 9476): /home/projects/bagon/shared/imagenet512/val/n03216828/ILSVRC2012_val_00005968.JPEG ===
2025-09-22 11:55:09,588 - INFO - Example /home/projects/bagon/shared/imagenet512/val/n03216828/ILSVRC2012_val_00005968.JPEG reached epsilon at step 55, loss sum: 35.7272, final loss: 0.00086594, weight distance: 0.0046
2025-09-22 11:55:10,145 - INFO - Example 1542 completed: 55 steps, loss sum: 35.7272, final loss: 0.00086594, weight distance: 0.0046 (universal rank: 45053)
2025-09-22 11:55:10,145 - INFO - 
=== Worker 5 Training Example 1543/1586 (global idx 9477): /home/projects/bagon/shared/imagenet512/val/n01630670/ILSVRC2012_val_00048295.JPEG ===
2025-09-22 11:55:11,354 - INFO - Example /home/projects/bagon/shared/imagenet512/val/n01630670/ILSVRC2012_val_00048295.JPEG reached epsilon at step 33, loss sum: 18.1502, final loss: 0.00099945, weight distance: 0.0030
2025-09-22 11:55:11,912 - INFO - Example 1543 completed: 33 steps, loss sum: 18.1502, final loss: 0.00099945, weight distance: 0.0030 (universal rank: 45054)
2025-09-22 11:55:11,912 - INFO - 
=== Worker 5 Training Example 1544/1586 (global idx 9478): /home/projects/bagon/shared/imagenet512/val/n07579787/ILSVRC2012_val_00035678.JPEG ===
2025-09-22 11:55:13,794 - INFO - Example /home/projects/bagon/shared/imagenet512/val/n07579787/ILSVRC2012_val_00035678.JPEG reached epsilon at step 52, loss sum: 13.4338, final loss: 0.00074768, weight distance: 0.0045
2025-09-22 11:55:14,355 - INFO - Example 1544 completed: 52 steps, loss sum: 13.4338, final loss: 0.00074768, weight distance: 0.0045 (universal rank: 45055)
2025-09-22 11:55:14,355 - INFO - 
=== Worker 5 Training Example 1545/1586 (global idx 9479): /home/projects/bagon/shared/imagenet512/val/n03047690/ILSVRC2012_val_00004108.JPEG ===
2025-09-22 11:55:15,422 - INFO - Example /home/projects/bagon/shared/imagenet512/val/n03047690/ILSVRC2012_val_00004108.JPEG reached epsilon at step 29, loss sum: 19.3344, final loss: 0.00088501, weight distance: 0.0027
2025-09-22 11:55:15,986 - INFO - Example 1545 completed: 29 steps, loss sum: 19.3344, final loss: 0.00088501, weight distance: 0.0027 (universal rank: 45057)
2025-09-22 11:55:15,987 - INFO - 
=== Worker 5 Training Example 1546/1586 (global idx 9480): /home/projects/bagon/shared/imagenet512/val/n01694178/ILSVRC2012_val_00022997.JPEG ===
2025-09-22 11:55:17,237 - INFO - Example /home/projects/bagon/shared/imagenet512/val/n01694178/ILSVRC2012_val_00022997.JPEG reached epsilon at step 34, loss sum: 58.9445, final loss: 0.00075150, weight distance: 0.0030
2025-09-22 11:55:17,804 - INFO - Example 1546 completed: 34 steps, loss sum: 58.9445, final loss: 0.00075150, weight distance: 0.0030 (universal rank: 45058)
2025-09-22 11:55:17,805 - INFO - 
=== Worker 5 Training Example 1547/1586 (global idx 9481): /home/projects/bagon/shared/imagenet512/val/n04081281/ILSVRC2012_val_00015832.JPEG ===
2025-09-22 11:55:18,803 - INFO - Example /home/projects/bagon/shared/imagenet512/val/n04081281/ILSVRC2012_val_00015832.JPEG reached epsilon at step 27, loss sum: 3.9582, final loss: 0.00094986, weight distance: 0.0025
2025-09-22 11:55:19,374 - INFO - Example 1547 completed: 27 steps, loss sum: 3.9582, final loss: 0.00094986, weight distance: 0.0025 (universal rank: 45059)
2025-09-22 11:55:19,375 - INFO - 
=== Worker 5 Training Example 1548/1586 (global idx 9482): /home/projects/bagon/shared/imagenet512/val/n02879718/ILSVRC2012_val_00004535.JPEG ===
2025-09-22 11:55:21,005 - INFO - Example /home/projects/bagon/shared/imagenet512/val/n02879718/ILSVRC2012_val_00004535.JPEG reached epsilon at step 45, loss sum: 61.6595, final loss: 0.00089645, weight distance: 0.0040
2025-09-22 11:55:21,561 - INFO - Example 1548 completed: 45 steps, loss sum: 61.6595, final loss: 0.00089645, weight distance: 0.0040 (universal rank: 45060)
2025-09-22 11:55:21,561 - INFO - 
=== Worker 5 Training Example 1549/1586 (global idx 9483): /home/projects/bagon/shared/imagenet512/val/n03476684/ILSVRC2012_val_00032145.JPEG ===
2025-09-22 11:55:23,073 - INFO - Example /home/projects/bagon/shared/imagenet512/val/n03476684/ILSVRC2012_val_00032145.JPEG reached epsilon at step 42, loss sum: 42.0449, final loss: 0.00097656, weight distance: 0.0038
2025-09-22 11:55:23,640 - INFO - Example 1549 completed: 42 steps, loss sum: 42.0449, final loss: 0.00097656, weight distance: 0.0038 (universal rank: 45061)
2025-09-22 11:55:23,641 - INFO - 
=== Worker 5 Training Example 1550/1586 (global idx 9484): /home/projects/bagon/shared/imagenet512/val/n02966687/ILSVRC2012_val_00009310.JPEG ===
2025-09-22 11:55:25,397 - INFO - Example /home/projects/bagon/shared/imagenet512/val/n02966687/ILSVRC2012_val_00009310.JPEG reached epsilon at step 49, loss sum: 56.0219, final loss: 0.00093842, weight distance: 0.0041
2025-09-22 11:55:25,948 - INFO - Example 1550 completed: 49 steps, loss sum: 56.0219, final loss: 0.00093842, weight distance: 0.0041 (universal rank: 45062)
2025-09-22 11:55:25,949 - INFO - 
=== Worker 5 Training Example 1551/1586 (global idx 9485): /home/projects/bagon/shared/imagenet512/val/n13054560/ILSVRC2012_val_00040478.JPEG ===
2025-09-22 11:55:27,197 - INFO - Example /home/projects/bagon/shared/imagenet512/val/n13054560/ILSVRC2012_val_00040478.JPEG reached epsilon at step 34, loss sum: 34.2905, final loss: 0.00090408, weight distance: 0.0030
2025-09-22 11:55:27,759 - INFO - Example 1551 completed: 34 steps, loss sum: 34.2905, final loss: 0.00090408, weight distance: 0.0030 (universal rank: 45063)
2025-09-22 11:55:27,759 - INFO - 
=== Worker 5 Training Example 1552/1586 (global idx 9486): /home/projects/bagon/shared/imagenet512/val/n03062245/ILSVRC2012_val_00005812.JPEG ===
2025-09-22 11:55:29,282 - INFO - Example /home/projects/bagon/shared/imagenet512/val/n03062245/ILSVRC2012_val_00005812.JPEG reached epsilon at step 42, loss sum: 52.4981, final loss: 0.00097275, weight distance: 0.0036
2025-09-22 11:55:29,825 - INFO - Example 1552 completed: 42 steps, loss sum: 52.4981, final loss: 0.00097275, weight distance: 0.0036 (universal rank: 45064)
2025-09-22 11:55:29,826 - INFO - 
=== Worker 5 Training Example 1553/1586 (global idx 9487): /home/projects/bagon/shared/imagenet512/val/n01734418/ILSVRC2012_val_00031390.JPEG ===
2025-09-22 11:55:30,965 - INFO - Example /home/projects/bagon/shared/imagenet512/val/n01734418/ILSVRC2012_val_00031390.JPEG reached epsilon at step 31, loss sum: 8.1618, final loss: 0.00083923, weight distance: 0.0029
2025-09-22 11:55:31,520 - INFO - Example 1553 completed: 31 steps, loss sum: 8.1618, final loss: 0.00083923, weight distance: 0.0029 (universal rank: 45065)
2025-09-22 11:55:31,520 - INFO - 
=== Worker 5 Training Example 1554/1586 (global idx 9488): /home/projects/bagon/shared/imagenet512/val/n02669723/ILSVRC2012_val_00046320.JPEG ===
2025-09-22 11:55:33,102 - INFO - Example /home/projects/bagon/shared/imagenet512/val/n02669723/ILSVRC2012_val_00046320.JPEG reached epsilon at step 44, loss sum: 8.2022, final loss: 0.00097275, weight distance: 0.0038
2025-09-22 11:55:33,643 - INFO - Example 1554 completed: 44 steps, loss sum: 8.2022, final loss: 0.00097275, weight distance: 0.0038 (universal rank: 45066)
2025-09-22 11:55:33,644 - INFO - 
=== Worker 5 Training Example 1555/1586 (global idx 9489): /home/projects/bagon/shared/imagenet512/val/n02097209/ILSVRC2012_val_00025185.JPEG ===
2025-09-22 11:55:35,344 - INFO - Example /home/projects/bagon/shared/imagenet512/val/n02097209/ILSVRC2012_val_00025185.JPEG reached epsilon at step 47, loss sum: 17.8660, final loss: 0.00097656, weight distance: 0.0041
2025-09-22 11:55:35,896 - INFO - Example 1555 completed: 47 steps, loss sum: 17.8660, final loss: 0.00097656, weight distance: 0.0041 (universal rank: 45067)
2025-09-22 11:55:35,896 - INFO - 
=== Worker 5 Training Example 1556/1586 (global idx 9490): /home/projects/bagon/shared/imagenet512/val/n02727426/ILSVRC2012_val_00014240.JPEG ===
2025-09-22 11:55:37,770 - INFO - Example /home/projects/bagon/shared/imagenet512/val/n02727426/ILSVRC2012_val_00014240.JPEG reached epsilon at step 52, loss sum: 12.3678, final loss: 0.00090027, weight distance: 0.0045
2025-09-22 11:55:38,315 - INFO - Example 1556 completed: 52 steps, loss sum: 12.3678, final loss: 0.00090027, weight distance: 0.0045 (universal rank: 45068)
2025-09-22 11:55:38,315 - INFO - 
=== Worker 5 Training Example 1557/1586 (global idx 9491): /home/projects/bagon/shared/imagenet512/val/n02110806/ILSVRC2012_val_00040381.JPEG ===
2025-09-22 11:55:39,468 - INFO - Example /home/projects/bagon/shared/imagenet512/val/n02110806/ILSVRC2012_val_00040381.JPEG reached epsilon at step 31, loss sum: 14.6273, final loss: 0.00092316, weight distance: 0.0029
2025-09-22 11:55:40,013 - INFO - Example 1557 completed: 31 steps, loss sum: 14.6273, final loss: 0.00092316, weight distance: 0.0029 (universal rank: 45069)
2025-09-22 11:55:40,013 - INFO - 
=== Worker 5 Training Example 1558/1586 (global idx 9492): /home/projects/bagon/shared/imagenet512/val/n07684084/ILSVRC2012_val_00032674.JPEG ===
2025-09-22 11:55:41,473 - INFO - Example /home/projects/bagon/shared/imagenet512/val/n07684084/ILSVRC2012_val_00032674.JPEG reached epsilon at step 40, loss sum: 40.6124, final loss: 0.00083923, weight distance: 0.0036
2025-09-22 11:55:42,027 - INFO - Example 1558 completed: 40 steps, loss sum: 40.6124, final loss: 0.00083923, weight distance: 0.0036 (universal rank: 45072)
2025-09-22 11:55:42,027 - INFO - 
=== Worker 5 Training Example 1559/1586 (global idx 9493): /home/projects/bagon/shared/imagenet512/val/n02233338/ILSVRC2012_val_00039550.JPEG ===
2025-09-22 11:55:43,880 - INFO - Example /home/projects/bagon/shared/imagenet512/val/n02233338/ILSVRC2012_val_00039550.JPEG reached epsilon at step 51, loss sum: 99.3005, final loss: 0.00084305, weight distance: 0.0042
2025-09-22 11:55:44,434 - INFO - Example 1559 completed: 51 steps, loss sum: 99.3005, final loss: 0.00084305, weight distance: 0.0042 (universal rank: 45073)
2025-09-22 11:55:44,434 - INFO - 
=== Worker 5 Training Example 1560/1586 (global idx 9494): /home/projects/bagon/shared/imagenet512/val/n03710193/ILSVRC2012_val_00025673.JPEG ===
2025-09-22 11:55:46,134 - INFO - Example /home/projects/bagon/shared/imagenet512/val/n03710193/ILSVRC2012_val_00025673.JPEG reached epsilon at step 47, loss sum: 47.8530, final loss: 0.00080872, weight distance: 0.0042
2025-09-22 11:55:46,683 - INFO - Example 1560 completed: 47 steps, loss sum: 47.8530, final loss: 0.00080872, weight distance: 0.0042 (universal rank: 45074)
2025-09-22 11:55:46,683 - INFO - 
=== Worker 5 Training Example 1561/1586 (global idx 9495): /home/projects/bagon/shared/imagenet512/val/n04418357/ILSVRC2012_val_00034027.JPEG ===
2025-09-22 11:55:47,881 - INFO - Example /home/projects/bagon/shared/imagenet512/val/n04418357/ILSVRC2012_val_00034027.JPEG reached epsilon at step 32, loss sum: 16.2817, final loss: 0.00090027, weight distance: 0.0030
2025-09-22 11:55:48,527 - INFO - Example 1561 completed: 32 steps, loss sum: 16.2817, final loss: 0.00090027, weight distance: 0.0030 (universal rank: 45075)
2025-09-22 11:55:48,527 - INFO - 
=== Worker 5 Training Example 1562/1586 (global idx 9496): /home/projects/bagon/shared/imagenet512/val/n04542943/ILSVRC2012_val_00016069.JPEG ===
2025-09-22 11:55:50,161 - INFO - Example /home/projects/bagon/shared/imagenet512/val/n04542943/ILSVRC2012_val_00016069.JPEG reached epsilon at step 45, loss sum: 50.4841, final loss: 0.00082779, weight distance: 0.0040
2025-09-22 11:55:50,708 - INFO - Example 1562 completed: 45 steps, loss sum: 50.4841, final loss: 0.00082779, weight distance: 0.0040 (universal rank: 45076)
2025-09-22 11:55:50,708 - INFO - 
=== Worker 5 Training Example 1563/1586 (global idx 9497): /home/projects/bagon/shared/imagenet512/val/n03131574/ILSVRC2012_val_00043010.JPEG ===
2025-09-22 11:55:51,785 - INFO - Example /home/projects/bagon/shared/imagenet512/val/n03131574/ILSVRC2012_val_00043010.JPEG reached epsilon at step 29, loss sum: 22.6424, final loss: 0.00097656, weight distance: 0.0026
2025-09-22 11:55:52,331 - INFO - Example 1563 completed: 29 steps, loss sum: 22.6424, final loss: 0.00097656, weight distance: 0.0026 (universal rank: 45077)
2025-09-22 11:55:52,331 - INFO - 
=== Worker 5 Training Example 1564/1586 (global idx 9498): /home/projects/bagon/shared/imagenet512/val/n04356056/ILSVRC2012_val_00037040.JPEG ===
2025-09-22 11:55:54,230 - INFO - Example /home/projects/bagon/shared/imagenet512/val/n04356056/ILSVRC2012_val_00037040.JPEG reached epsilon at step 51, loss sum: 18.9319, final loss: 0.00098419, weight distance: 0.0037
2025-09-22 11:55:54,782 - INFO - Example 1564 completed: 51 steps, loss sum: 18.9319, final loss: 0.00098419, weight distance: 0.0037 (universal rank: 45078)
2025-09-22 11:55:54,783 - INFO - 
=== Worker 5 Training Example 1565/1586 (global idx 9499): /home/projects/bagon/shared/imagenet512/val/n01491361/ILSVRC2012_val_00023935.JPEG ===
2025-09-22 11:55:56,416 - INFO - Example /home/projects/bagon/shared/imagenet512/val/n01491361/ILSVRC2012_val_00023935.JPEG reached epsilon at step 45, loss sum: 40.1440, final loss: 0.00082779, weight distance: 0.0035
2025-09-22 11:55:56,957 - INFO - Example 1565 completed: 45 steps, loss sum: 40.1440, final loss: 0.00082779, weight distance: 0.0035 (universal rank: 45079)
2025-09-22 11:55:56,957 - INFO - 
=== Worker 5 Training Example 1566/1586 (global idx 9500): /home/projects/bagon/shared/imagenet512/val/n03291819/ILSVRC2012_val_00035328.JPEG ===
2025-09-22 11:55:58,020 - INFO - Example /home/projects/bagon/shared/imagenet512/val/n03291819/ILSVRC2012_val_00035328.JPEG reached epsilon at step 29, loss sum: 6.9242, final loss: 0.00081635, weight distance: 0.0028
2025-09-22 11:55:58,579 - INFO - Example 1566 completed: 29 steps, loss sum: 6.9242, final loss: 0.00081635, weight distance: 0.0028 (universal rank: 45080)
2025-09-22 11:55:58,579 - INFO - 
=== Worker 5 Training Example 1567/1586 (global idx 9501): /home/projects/bagon/shared/imagenet512/val/n03902125/ILSVRC2012_val_00040702.JPEG ===
2025-09-22 11:55:59,822 - INFO - Example /home/projects/bagon/shared/imagenet512/val/n03902125/ILSVRC2012_val_00040702.JPEG reached epsilon at step 34, loss sum: 19.1458, final loss: 0.00099182, weight distance: 0.0031
2025-09-22 11:56:00,474 - INFO - Example 1567 completed: 34 steps, loss sum: 19.1458, final loss: 0.00099182, weight distance: 0.0031 (universal rank: 45082)
2025-09-22 11:56:00,474 - INFO - 
=== Worker 5 Training Example 1568/1586 (global idx 9502): /home/projects/bagon/shared/imagenet512/val/n03764736/ILSVRC2012_val_00001770.JPEG ===
2025-09-22 11:56:02,456 - INFO - Example /home/projects/bagon/shared/imagenet512/val/n03764736/ILSVRC2012_val_00001770.JPEG reached epsilon at step 56, loss sum: 99.9309, final loss: 0.00090790, weight distance: 0.0042
2025-09-22 11:56:03,018 - INFO - Example 1568 completed: 56 steps, loss sum: 99.9309, final loss: 0.00090790, weight distance: 0.0042 (universal rank: 45084)
2025-09-22 11:56:03,018 - INFO - 
=== Worker 5 Training Example 1569/1586 (global idx 9503): /home/projects/bagon/shared/imagenet512/val/n03483316/ILSVRC2012_val_00002351.JPEG ===
2025-09-22 11:56:05,733 - INFO - Example /home/projects/bagon/shared/imagenet512/val/n03483316/ILSVRC2012_val_00002351.JPEG reached epsilon at step 77, loss sum: 199.0934, final loss: 0.00099182, weight distance: 0.0057
2025-09-22 11:56:07,059 - INFO - Example 1569 completed: 77 steps, loss sum: 199.0934, final loss: 0.00099182, weight distance: 0.0057 (universal rank: 45085)
2025-09-22 11:56:07,059 - INFO - 
=== Worker 5 Training Example 1570/1586 (global idx 9504): /home/projects/bagon/shared/imagenet512/val/n02128757/ILSVRC2012_val_00024910.JPEG ===
2025-09-22 11:56:08,805 - INFO - Example /home/projects/bagon/shared/imagenet512/val/n02128757/ILSVRC2012_val_00024910.JPEG reached epsilon at step 44, loss sum: 55.6468, final loss: 0.00099182, weight distance: 0.0038
2025-09-22 11:56:09,393 - INFO - Example 1570 completed: 44 steps, loss sum: 55.6468, final loss: 0.00099182, weight distance: 0.0038 (universal rank: 45086)
2025-09-22 11:56:09,393 - INFO - 
=== Worker 5 Training Example 1571/1586 (global idx 9505): /home/projects/bagon/shared/imagenet512/val/n07920052/ILSVRC2012_val_00013375.JPEG ===
2025-09-22 11:56:11,167 - INFO - Example /home/projects/bagon/shared/imagenet512/val/n07920052/ILSVRC2012_val_00013375.JPEG reached epsilon at step 49, loss sum: 42.8803, final loss: 0.00091934, weight distance: 0.0043
2025-09-22 11:56:11,751 - INFO - Example 1571 completed: 49 steps, loss sum: 42.8803, final loss: 0.00091934, weight distance: 0.0043 (universal rank: 45087)
2025-09-22 11:56:11,751 - INFO - 
=== Worker 5 Training Example 1572/1586 (global idx 9506): /home/projects/bagon/shared/imagenet512/val/n04090263/ILSVRC2012_val_00038216.JPEG ===
2025-09-22 11:56:14,378 - INFO - Example /home/projects/bagon/shared/imagenet512/val/n04090263/ILSVRC2012_val_00038216.JPEG reached epsilon at step 74, loss sum: 80.4904, final loss: 0.00088120, weight distance: 0.0056
2025-09-22 11:56:14,960 - INFO - Example 1572 completed: 74 steps, loss sum: 80.4904, final loss: 0.00088120, weight distance: 0.0056 (universal rank: 45088)
2025-09-22 11:56:14,960 - INFO - 
=== Worker 5 Training Example 1573/1586 (global idx 9507): /home/projects/bagon/shared/imagenet512/val/n01667778/ILSVRC2012_val_00014106.JPEG ===
2025-09-22 11:56:16,616 - INFO - Example /home/projects/bagon/shared/imagenet512/val/n01667778/ILSVRC2012_val_00014106.JPEG reached epsilon at step 46, loss sum: 33.8610, final loss: 0.00077057, weight distance: 0.0042
2025-09-22 11:56:17,181 - INFO - Example 1573 completed: 46 steps, loss sum: 33.8610, final loss: 0.00077057, weight distance: 0.0042 (universal rank: 45089)
2025-09-22 11:56:17,181 - INFO - 
=== Worker 5 Training Example 1574/1586 (global idx 9508): /home/projects/bagon/shared/imagenet512/val/n02105505/ILSVRC2012_val_00007059.JPEG ===
2025-09-22 11:56:19,331 - INFO - Example /home/projects/bagon/shared/imagenet512/val/n02105505/ILSVRC2012_val_00007059.JPEG reached epsilon at step 60, loss sum: 101.1347, final loss: 0.00092697, weight distance: 0.0050
2025-09-22 11:56:19,912 - INFO - Example 1574 completed: 60 steps, loss sum: 101.1347, final loss: 0.00092697, weight distance: 0.0050 (universal rank: 45090)
2025-09-22 11:56:19,912 - INFO - 
=== Worker 5 Training Example 1575/1586 (global idx 9509): /home/projects/bagon/shared/imagenet512/val/n04522168/ILSVRC2012_val_00042916.JPEG ===
2025-09-22 11:56:22,262 - INFO - Example /home/projects/bagon/shared/imagenet512/val/n04522168/ILSVRC2012_val_00042916.JPEG reached epsilon at step 66, loss sum: 70.6476, final loss: 0.00099182, weight distance: 0.0055
2025-09-22 11:56:22,994 - INFO - Example 1575 completed: 66 steps, loss sum: 70.6476, final loss: 0.00099182, weight distance: 0.0055 (universal rank: 45092)
2025-09-22 11:56:22,994 - INFO - 
=== Worker 5 Training Example 1576/1586 (global idx 9510): /home/projects/bagon/shared/imagenet512/val/n02825657/ILSVRC2012_val_00006205.JPEG ===
2025-09-22 11:56:24,294 - INFO - Example /home/projects/bagon/shared/imagenet512/val/n02825657/ILSVRC2012_val_00006205.JPEG reached epsilon at step 35, loss sum: 23.4732, final loss: 0.00085831, weight distance: 0.0031
2025-09-22 11:56:24,854 - INFO - Example 1576 completed: 35 steps, loss sum: 23.4732, final loss: 0.00085831, weight distance: 0.0031 (universal rank: 45093)
2025-09-22 11:56:24,854 - INFO - 
=== Worker 5 Training Example 1577/1586 (global idx 9511): /home/projects/bagon/shared/imagenet512/val/n03899768/ILSVRC2012_val_00046336.JPEG ===
2025-09-22 11:56:25,845 - INFO - Example /home/projects/bagon/shared/imagenet512/val/n03899768/ILSVRC2012_val_00046336.JPEG reached epsilon at step 27, loss sum: 7.0992, final loss: 0.00089645, weight distance: 0.0026
2025-09-22 11:56:26,394 - INFO - Example 1577 completed: 27 steps, loss sum: 7.0992, final loss: 0.00089645, weight distance: 0.0026 (universal rank: 45094)
2025-09-22 11:56:26,395 - INFO - 
=== Worker 5 Training Example 1578/1586 (global idx 9512): /home/projects/bagon/shared/imagenet512/val/n03249569/ILSVRC2012_val_00002905.JPEG ===
2025-09-22 11:56:27,076 - INFO - Example /home/projects/bagon/shared/imagenet512/val/n03249569/ILSVRC2012_val_00002905.JPEG reached epsilon at step 18, loss sum: 0.8703, final loss: 0.00084686, weight distance: 0.0017
2025-09-22 11:56:27,617 - INFO - Example 1578 completed: 18 steps, loss sum: 0.8703, final loss: 0.00084686, weight distance: 0.0017 (universal rank: 45095)
2025-09-22 11:56:27,617 - INFO - 
=== Worker 5 Training Example 1579/1586 (global idx 9513): /home/projects/bagon/shared/imagenet512/val/n09246464/ILSVRC2012_val_00031523.JPEG ===
2025-09-22 11:56:29,322 - INFO - Example /home/projects/bagon/shared/imagenet512/val/n09246464/ILSVRC2012_val_00031523.JPEG reached epsilon at step 47, loss sum: 30.2528, final loss: 0.00097656, weight distance: 0.0038
2025-09-22 11:56:29,882 - INFO - Example 1579 completed: 47 steps, loss sum: 30.2528, final loss: 0.00097656, weight distance: 0.0038 (universal rank: 45096)
2025-09-22 11:56:29,882 - INFO - 
=== Worker 5 Training Example 1580/1586 (global idx 9514): /home/projects/bagon/shared/imagenet512/val/n04604644/ILSVRC2012_val_00021154.JPEG ===
2025-09-22 11:56:30,987 - INFO - Example /home/projects/bagon/shared/imagenet512/val/n04604644/ILSVRC2012_val_00021154.JPEG reached epsilon at step 30, loss sum: 16.9158, final loss: 0.00075912, weight distance: 0.0028
2025-09-22 11:56:31,552 - INFO - Example 1580 completed: 30 steps, loss sum: 16.9158, final loss: 0.00075912, weight distance: 0.0028 (universal rank: 45097)
2025-09-22 11:56:31,552 - INFO - 
=== Worker 5 Training Example 1581/1586 (global idx 9515): /home/projects/bagon/shared/imagenet512/val/n04447861/ILSVRC2012_val_00036382.JPEG ===
2025-09-22 11:56:34,022 - INFO - Example /home/projects/bagon/shared/imagenet512/val/n04447861/ILSVRC2012_val_00036382.JPEG reached epsilon at step 69, loss sum: 207.3744, final loss: 0.00081253, weight distance: 0.0057
2025-09-22 11:56:34,618 - INFO - Example 1581 completed: 69 steps, loss sum: 207.3744, final loss: 0.00081253, weight distance: 0.0057 (universal rank: 45098)
2025-09-22 11:56:34,618 - INFO - 
=== Worker 5 Training Example 1582/1586 (global idx 9516): /home/projects/bagon/shared/imagenet512/val/n03483316/ILSVRC2012_val_00011813.JPEG ===
2025-09-22 11:56:36,222 - INFO - Example /home/projects/bagon/shared/imagenet512/val/n03483316/ILSVRC2012_val_00011813.JPEG reached epsilon at step 44, loss sum: 71.5437, final loss: 0.00086975, weight distance: 0.0040
2025-09-22 11:56:36,777 - INFO - Example 1582 completed: 44 steps, loss sum: 71.5437, final loss: 0.00086975, weight distance: 0.0040 (universal rank: 45099)
2025-09-22 11:56:36,778 - INFO - 
=== Worker 5 Training Example 1583/1586 (global idx 9517): /home/projects/bagon/shared/imagenet512/val/n03958227/ILSVRC2012_val_00015775.JPEG ===
2025-09-22 11:56:38,550 - INFO - Example /home/projects/bagon/shared/imagenet512/val/n03958227/ILSVRC2012_val_00015775.JPEG reached epsilon at step 49, loss sum: 134.9820, final loss: 0.00045967, weight distance: 0.0041
2025-09-22 11:56:39,108 - INFO - Example 1583 completed: 49 steps, loss sum: 134.9820, final loss: 0.00045967, weight distance: 0.0041 (universal rank: 45100)
2025-09-22 11:56:39,108 - INFO - 
=== Worker 5 Training Example 1584/1586 (global idx 9518): /home/projects/bagon/shared/imagenet512/val/n03259280/ILSVRC2012_val_00010219.JPEG ===
2025-09-22 11:56:40,534 - INFO - Example /home/projects/bagon/shared/imagenet512/val/n03259280/ILSVRC2012_val_00010219.JPEG reached epsilon at step 39, loss sum: 45.4798, final loss: 0.00091934, weight distance: 0.0034
2025-09-22 11:56:41,083 - INFO - Example 1584 completed: 39 steps, loss sum: 45.4798, final loss: 0.00091934, weight distance: 0.0034 (universal rank: 45101)
2025-09-22 11:56:41,084 - INFO - 
=== Worker 5 Training Example 1585/1586 (global idx 9519): /home/projects/bagon/shared/imagenet512/val/n04548362/ILSVRC2012_val_00008472.JPEG ===
2025-09-22 11:56:42,968 - INFO - Example /home/projects/bagon/shared/imagenet512/val/n04548362/ILSVRC2012_val_00008472.JPEG reached epsilon at step 52, loss sum: 28.1397, final loss: 0.00099945, weight distance: 0.0043
2025-09-22 11:56:43,514 - INFO - Example 1585 completed: 52 steps, loss sum: 28.1397, final loss: 0.00099945, weight distance: 0.0043 (universal rank: 45102)
2025-09-22 11:56:43,514 - INFO - 
=== Worker 5 Training Example 1586/1586 (global idx 9520): /home/projects/bagon/shared/imagenet512/val/n03376595/ILSVRC2012_val_00014479.JPEG ===
2025-09-22 11:56:45,656 - INFO - Example /home/projects/bagon/shared/imagenet512/val/n03376595/ILSVRC2012_val_00014479.JPEG reached epsilon at step 60, loss sum: 105.0493, final loss: 0.00072098, weight distance: 0.0054
2025-09-22 11:56:46,266 - INFO - Example 1586 completed: 60 steps, loss sum: 105.0493, final loss: 0.00072098, weight distance: 0.0054 (universal rank: 45103)
2025-09-22 11:56:46,267 - INFO - Worker 5 completed. Per-worker results at /home/projects/bagon/andreyg/Projects/BMM_school/Universal_learning/Programming/training_gradient_evaluator_single_loss_parallel/output_parallel_8_workers/efficientvit_b0.r224_in1k/single_example_results_5.csv
