example_index,path,total_steps_to_epsilon,total_loss_sum,final_loss,weight_distance,softmax_wasserstein,grad_mass_wasserstein,universal_difficulty_rank,global_linear_cka,init_highest_softmax_prob,init_target_softmax_prob,steps_to_correct
1107,/home/projects/bagon/shared/imagenet512/val/n01514668/ILSVRC2012_val_00019101.JPEG,53,4.183010101318359,0.000858306884765625,0.004629681210561374,0.43793796055650536,0.0,37631,0.993934,0.5612006187438965,0.5612006187438965,0
1108,/home/projects/bagon/shared/imagenet512/val/n02105056/ILSVRC2012_val_00049719.JPEG,48,10.100906372070312,0.0009613037109375,0.004432612676273813,0.7312092035678595,0.0,37632,0.995453,0.29235830903053284,0.26791441440582275,1
1109,/home/projects/bagon/shared/imagenet512/val/n03146219/ILSVRC2012_val_00037168.JPEG,51,10.587974548339844,0.0009765625,0.00443882680342116,0.6692263148307322,0.0,37636,0.994741,0.34243184328079224,0.329501211643219,1
1110,/home/projects/bagon/shared/imagenet512/val/n02966687/ILSVRC2012_val_00036120.JPEG,56,25.51978302001953,0.00099945068359375,0.00495868898705711,0.9598189496538649,0.0,37639,0.994925,0.31438353657722473,0.03907177969813347,6
1111,/home/projects/bagon/shared/imagenet512/val/n09193705/ILSVRC2012_val_00042956.JPEG,42,4.636890411376953,0.000797271728515625,0.0036328437668355193,0.5568118081345252,0.0,37642,0.995435,0.4422609210014343,0.4422609210014343,0
1112,/home/projects/bagon/shared/imagenet512/val/n02097474/ILSVRC2012_val_00023596.JPEG,19,0.6130104064941406,0.000827789306640625,0.001818210497329668,0.1997420707997477,0.0,37643,0.999070,0.7995873689651489,0.7995873689651489,0
1113,/home/projects/bagon/shared/imagenet512/val/n04366367/ILSVRC2012_val_00003564.JPEG,38,8.543632507324219,0.00099945068359375,0.0034339388628987196,0.7049289725050009,0.0,37646,0.997283,0.6095754504203796,0.2940575182437897,3
1114,/home/projects/bagon/shared/imagenet512/val/n02492035/ILSVRC2012_val_00016791.JPEG,66,53.73532485961914,0.000911712646484375,0.005335089820356079,0.9908360663807766,0.0,37653,0.990835,0.43645551800727844,0.007672256790101528,10
1115,/home/projects/bagon/shared/imagenet512/val/n03100240/ILSVRC2012_val_00029454.JPEG,39,15.276874542236328,0.000843048095703125,0.003612387321135336,0.9091142612257003,0.0,37655,0.997322,0.8428678512573242,0.09022200107574463,7
1116,/home/projects/bagon/shared/imagenet512/val/n03661043/ILSVRC2012_val_00018849.JPEG,30,1.7533340454101562,0.0008697509765625,0.0028298005657619073,0.36177358461745923,0.0,37656,0.998057,0.6370924115180969,0.6370924115180969,0
1117,/home/projects/bagon/shared/imagenet512/val/n02169497/ILSVRC2012_val_00019171.JPEG,36,4.822841644287109,0.000789642333984375,0.003225162296000933,0.6747168038418496,0.0,37658,0.997318,0.3242453336715698,0.3242453336715698,0
1118,/home/projects/bagon/shared/imagenet512/val/n04252077/ILSVRC2012_val_00005353.JPEG,39,9.999473571777344,0.00099945068359375,0.0035505456554878337,0.8349639478819131,0.0,37660,0.994497,0.45085597038269043,0.1641499549150467,3
1119,/home/projects/bagon/shared/imagenet512/val/n04228054/ILSVRC2012_val_00045954.JPEG,49,23.632946014404297,0.000827789306640625,0.004024685903487205,0.9760454534261037,0.0,37661,0.996840,0.59136962890625,0.023158162832260132,8
1120,/home/projects/bagon/shared/imagenet512/val/n04041544/ILSVRC2012_val_00039139.JPEG,44,18.86166763305664,0.000881195068359375,0.0041492893598676335,0.9333185043562783,0.0,37673,0.996606,0.4359721541404724,0.06570985168218613,10
1121,/home/projects/bagon/shared/imagenet512/val/n03742115/ILSVRC2012_val_00022315.JPEG,31,5.232032775878906,0.00098419189453125,0.002888370643260952,0.5910818916267164,0.0,37678,0.997411,0.46090370416641235,0.40806886553764343,1
1122,/home/projects/bagon/shared/imagenet512/val/n03803284/ILSVRC2012_val_00037327.JPEG,46,36.317413330078125,0.0009307861328125,0.003915248591369555,0.9840280754547144,0.0,37679,0.996602,0.8975806832313538,0.015032549388706684,10
1123,/home/projects/bagon/shared/imagenet512/val/n02138441/ILSVRC2012_val_00028836.JPEG,50,10.807777404785156,0.000885009765625,0.004180522752426161,0.8335709763183977,0.0,37687,0.995503,0.802346408367157,0.16531352698802948,6
1124,/home/projects/bagon/shared/imagenet512/val/n03773504/ILSVRC2012_val_00020413.JPEG,63,10.867668151855469,0.0009918212890625,0.005471998657155155,0.7243542106919519,0.0,37690,0.990624,0.6712852120399475,0.27450820803642273,6
1125,/home/projects/bagon/shared/imagenet512/val/n07718472/ILSVRC2012_val_00010054.JPEG,46,13.001842498779297,0.000949859619140625,0.004230623801529206,0.7928766190721747,0.0,37691,0.995816,0.3307119607925415,0.2061673253774643,2
1126,/home/projects/bagon/shared/imagenet512/val/n02837789/ILSVRC2012_val_00032484.JPEG,47,14.46771240234375,0.0009918212890625,0.004228993303322415,0.867986113352275,0.0,37703,0.996079,0.7076748013496399,0.1311354637145996,6
1127,/home/projects/bagon/shared/imagenet512/val/n03447721/ILSVRC2012_val_00036448.JPEG,51,4.382007598876953,0.000919342041015625,0.004253818341425838,0.6671428279358058,0.0,37706,0.996561,0.4095366597175598,0.3318067193031311,1
1128,/home/projects/bagon/shared/imagenet512/val/n02111500/ILSVRC2012_val_00036234.JPEG,35,2.213054656982422,0.000972747802734375,0.0031554327725482785,0.4958626267850428,0.0,37707,0.996493,0.5028347373008728,0.5028347373008728,0
1129,/home/projects/bagon/shared/imagenet512/val/n02037110/ILSVRC2012_val_00005266.JPEG,40,18.842750549316406,0.00093841552734375,0.0033933984301135066,0.8913588144582711,0.0,37710,0.997565,0.491841584444046,0.1077173575758934,4
1130,/home/projects/bagon/shared/imagenet512/val/n04209133/ILSVRC2012_val_00018778.JPEG,36,0.43109130859375,0.00099945068359375,0.0031609399267235423,0.04413828072569531,0.0,37712,0.993279,0.9547519087791443,0.9547519087791443,0
1131,/home/projects/bagon/shared/imagenet512/val/n04542943/ILSVRC2012_val_00035062.JPEG,38,14.107734680175781,0.0008697509765625,0.0033658437411625427,0.9507768922835582,0.0,37713,0.997143,0.3993428647518158,0.04775240272283554,6
1132,/home/projects/bagon/shared/imagenet512/val/n02091635/ILSVRC2012_val_00002397.JPEG,48,65.16242218017578,0.00078582763671875,0.004241693890917254,0.993711141811395,0.0,37717,0.995190,0.9128482341766357,0.005615833681076765,13
1133,/home/projects/bagon/shared/imagenet512/val/n04141327/ILSVRC2012_val_00018070.JPEG,18,0.5824203491210938,0.00089263916015625,0.0017318077713439138,0.06709617275235198,0.0,37725,0.999122,0.9322669506072998,0.9322669506072998,0
1134,/home/projects/bagon/shared/imagenet512/val/n03000134/ILSVRC2012_val_00041208.JPEG,46,21.67650604248047,0.00096893310546875,0.0038842384982140225,0.9837186057698192,0.0,37731,0.996298,0.6387699842453003,0.015164078213274479,8
1135,/home/projects/bagon/shared/imagenet512/val/n03759954/ILSVRC2012_val_00042490.JPEG,58,25.26482391357422,0.0009613037109375,0.004840671433880847,0.9689581848330622,0.0,37737,0.994277,0.28942543268203735,0.029631545767188072,8
1136,/home/projects/bagon/shared/imagenet512/val/n02823428/ILSVRC2012_val_00002968.JPEG,28,13.676799774169922,0.000881195068359375,0.002646163477942399,0.8913785440632324,0.0,37740,0.997578,0.14197908341884613,0.1079595759510994,1
1137,/home/projects/bagon/shared/imagenet512/val/n02514041/ILSVRC2012_val_00015140.JPEG,44,7.687469482421875,0.000946044921875,0.0040110934568657166,0.6402600887695902,0.0,37741,0.995852,0.3935360312461853,0.35879096388816833,1
1138,/home/projects/bagon/shared/imagenet512/val/n02415577/ILSVRC2012_val_00041343.JPEG,45,3.0644378662109375,0.00093841552734375,0.0039291412242019015,0.2992980881111137,0.0,37750,0.996798,0.6998782157897949,0.6998782157897949,0
1139,/home/projects/bagon/shared/imagenet512/val/n02879718/ILSVRC2012_val_00042569.JPEG,30,2.750469207763672,0.000804901123046875,0.0028416930823130277,0.4166205189809319,0.0,37753,0.997666,0.5826516151428223,0.5826516151428223,0
1140,/home/projects/bagon/shared/imagenet512/val/n02791124/ILSVRC2012_val_00047382.JPEG,49,7.166313171386719,0.0009307861328125,0.004119700797645577,0.6760919353324183,0.0,37754,0.994687,0.3227877616882324,0.3227877616882324,0
1141,/home/projects/bagon/shared/imagenet512/val/n03594734/ILSVRC2012_val_00014493.JPEG,39,9.818744659423828,0.000957489013671875,0.003353740405082242,0.6753506356224291,0.0,37756,0.996948,0.32359325885772705,0.32359325885772705,0
1142,/home/projects/bagon/shared/imagenet512/val/n02114367/ILSVRC2012_val_00031414.JPEG,61,17.326499938964844,0.0009002685546875,0.005050767734581559,0.9516792691830929,0.0,37757,0.993185,0.33527395129203796,0.04740792140364647,7
1143,/home/projects/bagon/shared/imagenet512/val/n02096294/ILSVRC2012_val_00039692.JPEG,41,12.582576751708984,0.000972747802734375,0.0035550711395477327,0.9484610456657387,0.0,37758,0.997467,0.8584935069084167,0.049985531717538834,7
1144,/home/projects/bagon/shared/imagenet512/val/n04254777/ILSVRC2012_val_00023140.JPEG,44,21.467514038085938,0.00093841552734375,0.0036136289295148546,0.9743036076125184,0.0,37763,0.992920,0.9133136868476868,0.024244148284196854,9
1145,/home/projects/bagon/shared/imagenet512/val/n02504458/ILSVRC2012_val_00034527.JPEG,43,3.9417724609375,0.0009002685546875,0.003940026288667179,0.5563810192803808,0.0,37765,0.995277,0.49668440222740173,0.4426184296607971,1
1146,/home/projects/bagon/shared/imagenet512/val/n02102480/ILSVRC2012_val_00002461.JPEG,46,15.424861907958984,0.000942230224609375,0.0042186510154688965,0.891796867679126,0.0,37770,0.997889,0.2552349865436554,0.10719772428274155,4
1147,/home/projects/bagon/shared/imagenet512/val/n03180011/ILSVRC2012_val_00049615.JPEG,35,8.099563598632812,0.0009918212890625,0.003154325039587543,0.7722340764318446,0.0,37771,0.997896,0.5956822037696838,0.22667376697063446,3
1148,/home/projects/bagon/shared/imagenet512/val/n02795169/ILSVRC2012_val_00014885.JPEG,51,27.777008056640625,0.0008087158203125,0.0046725624100523505,0.9741133677060964,0.0,37773,0.996079,0.5181163549423218,0.025379512459039688,9
1149,/home/projects/bagon/shared/imagenet512/val/n04370456/ILSVRC2012_val_00044286.JPEG,45,11.5152587890625,0.0009918212890625,0.004121786609401163,0.8296486203348881,0.0,37774,0.994672,0.6477488279342651,0.1688886433839798,6
1150,/home/projects/bagon/shared/imagenet512/val/n02095889/ILSVRC2012_val_00049760.JPEG,57,33.37928771972656,0.00091552734375,0.005265573539334928,0.9435360335260203,0.0,37775,0.991134,0.6112337708473206,0.05569868162274361,10
1151,/home/projects/bagon/shared/imagenet512/val/n04192698/ILSVRC2012_val_00008649.JPEG,32,8.160667419433594,0.000885009765625,0.0029707140337678992,0.7028212240382826,0.0,37779,0.997834,0.2960152328014374,0.2960152328014374,0
1152,/home/projects/bagon/shared/imagenet512/val/n07760859/ILSVRC2012_val_00012103.JPEG,63,93.9030990600586,0.0009918212890625,0.004697384449146055,0.998192689003672,0.0,37780,0.990555,0.4508884847164154,0.0005311697605066001,17
1153,/home/projects/bagon/shared/imagenet512/val/n03733805/ILSVRC2012_val_00042644.JPEG,53,13.137420654296875,0.00086212158203125,0.004493563446459612,0.8311119227688252,0.0,37782,0.996666,0.26974695920944214,0.16806162893772125,2
1154,/home/projects/bagon/shared/imagenet512/val/n02091244/ILSVRC2012_val_00018737.JPEG,34,3.4729461669921875,0.00098419189453125,0.003003835526024034,0.6113493187943881,0.0,37784,0.997536,0.4409039318561554,0.3874504268169403,1
1155,/home/projects/bagon/shared/imagenet512/val/n03124170/ILSVRC2012_val_00041392.JPEG,41,6.651237487792969,0.0009307861328125,0.003853640913139841,0.6409861494723588,0.0,37788,0.997780,0.35803160071372986,0.35803160071372986,0
1156,/home/projects/bagon/shared/imagenet512/val/n04127249/ILSVRC2012_val_00020995.JPEG,33,3.477794647216797,0.000873565673828125,0.002809795475034685,0.32535765249306875,0.0,37795,0.997444,0.67360520362854,0.67360520362854,0
1157,/home/projects/bagon/shared/imagenet512/val/n02783161/ILSVRC2012_val_00018665.JPEG,26,2.4835548400878906,0.000797271728515625,0.00252804668498298,0.48417666137369625,0.0,37800,0.998741,0.5151610970497131,0.5151610970497131,0
1158,/home/projects/bagon/shared/imagenet512/val/n13133613/ILSVRC2012_val_00039251.JPEG,52,7.355815887451172,0.000949859619140625,0.004641806126164537,0.631707742444972,0.0,37808,0.994854,0.5814822912216187,0.3674621284008026,2
1159,/home/projects/bagon/shared/imagenet512/val/n03976657/ILSVRC2012_val_00019093.JPEG,52,9.20907211303711,0.000873565673828125,0.004689359730002786,0.7564184991219913,0.0,37815,0.996386,0.24232743680477142,0.24232743680477142,0
1160,/home/projects/bagon/shared/imagenet512/val/n04033901/ILSVRC2012_val_00019393.JPEG,32,2.1207733154296875,0.00096893310546875,0.0026948431986688714,0.6878170182398917,0.0,37824,0.998444,0.6449884176254272,0.3113196790218353,2
1161,/home/projects/bagon/shared/imagenet512/val/n04131690/ILSVRC2012_val_00035155.JPEG,35,5.058372497558594,0.00083160400390625,0.0032930229753723637,0.8094443918335374,0.0,37825,0.996573,0.4860396683216095,0.1894482672214508,2
1162,/home/projects/bagon/shared/imagenet512/val/n01773157/ILSVRC2012_val_00024404.JPEG,71,19.46788787841797,0.0009765625,0.0058075100656980625,0.8973351824307454,0.0,37828,0.993419,0.8233749270439148,0.10154292732477188,9
1163,/home/projects/bagon/shared/imagenet512/val/n03249569/ILSVRC2012_val_00016762.JPEG,43,4.661521911621094,0.0009765625,0.003890264759972857,0.5062123307950244,0.0,37829,0.997241,0.4927384555339813,0.4927384555339813,0
1164,/home/projects/bagon/shared/imagenet512/val/n04204238/ILSVRC2012_val_00029914.JPEG,40,1.3455162048339844,0.000896453857421875,0.0033633096710060117,0.21131971712176306,0.0,37830,0.997951,0.7877107858657837,0.7877107858657837,0
1165,/home/projects/bagon/shared/imagenet512/val/n02892767/ILSVRC2012_val_00033714.JPEG,39,39.72716522216797,0.00096893310546875,0.0035615813771255407,0.9954545667875838,0.0,37831,0.997199,0.235042005777359,0.0038223552983254194,10
1166,/home/projects/bagon/shared/imagenet512/val/n04404412/ILSVRC2012_val_00005851.JPEG,42,25.426578521728516,0.000904083251953125,0.003832610240915213,0.9741372683427272,0.0,37842,0.994917,0.36208203434944153,0.0249125137925148,8
1167,/home/projects/bagon/shared/imagenet512/val/n03743016/ILSVRC2012_val_00043663.JPEG,62,29.821807861328125,0.0009765625,0.0044908228725873455,0.995688973784187,0.0,37843,0.994572,0.34105050563812256,0.0033249619882553816,9
1168,/home/projects/bagon/shared/imagenet512/val/n03017168/ILSVRC2012_val_00033645.JPEG,53,33.853050231933594,0.00096893310546875,0.00418923720425664,0.9695701309287907,0.0,37845,0.995547,0.46565669775009155,0.029336178675293922,6
1169,/home/projects/bagon/shared/imagenet512/val/n03443371/ILSVRC2012_val_00015421.JPEG,44,5.298309326171875,0.0009765625,0.0037182045287039167,0.8467422612074725,0.0,37847,0.995741,0.4325975775718689,0.15196208655834198,2
1170,/home/projects/bagon/shared/imagenet512/val/n02099849/ILSVRC2012_val_00048972.JPEG,36,4.043601989746094,0.0009307861328125,0.003326548008276384,0.6931025929493079,0.0,37853,0.998047,0.5689332485198975,0.3058560788631439,2
1171,/home/projects/bagon/shared/imagenet512/val/n03649909/ILSVRC2012_val_00005246.JPEG,36,0.7238235473632812,0.000946044921875,0.0030836762448310283,0.0971218159078737,0.0,37856,0.995778,0.9020811915397644,0.9020811915397644,0
1172,/home/projects/bagon/shared/imagenet512/val/n03109150/ILSVRC2012_val_00025609.JPEG,48,9.639759063720703,0.000942230224609375,0.004252578184263114,0.6266127060802074,0.0,37860,0.993000,0.5382812023162842,0.37225541472435,2
1173,/home/projects/bagon/shared/imagenet512/val/n03868863/ILSVRC2012_val_00002895.JPEG,21,2.037220001220703,0.000881195068359375,0.0019726143765368565,0.27253536164516395,0.0,37864,0.998171,0.726633608341217,0.726633608341217,0
1174,/home/projects/bagon/shared/imagenet512/val/n02783161/ILSVRC2012_val_00016206.JPEG,31,10.798778533935547,0.000904083251953125,0.0029444284084437704,0.8083675794345913,0.0,37865,0.997365,0.19052919745445251,0.19052919745445251,0
1175,/home/projects/bagon/shared/imagenet512/val/n04074963/ILSVRC2012_val_00006113.JPEG,28,0.9606285095214844,0.000926971435546875,0.0026011507068958925,0.39205047692656764,0.0,37869,0.998783,0.6066856980323792,0.6066856980323792,0
1176,/home/projects/bagon/shared/imagenet512/val/n03759954/ILSVRC2012_val_00041078.JPEG,27,1.3761672973632812,0.00091552734375,0.0025241469281596703,0.17110844428342228,0.0,37870,0.997122,0.8281720876693726,0.8281720876693726,0
1177,/home/projects/bagon/shared/imagenet512/val/n02536864/ILSVRC2012_val_00049727.JPEG,36,13.52984619140625,0.000885009765625,0.0032859782395594788,0.8956211756308063,0.0,37871,0.997579,0.44144874811172485,0.10359538346529007,3
1178,/home/projects/bagon/shared/imagenet512/val/n02895154/ILSVRC2012_val_00040548.JPEG,44,6.530666351318359,0.000843048095703125,0.004097913569056113,0.6357393151553064,0.0,37872,0.993260,0.4047847092151642,0.36309707164764404,1
1179,/home/projects/bagon/shared/imagenet512/val/n04357314/ILSVRC2012_val_00020060.JPEG,32,1.955596923828125,0.0009918212890625,0.002957660133695799,0.47587265642574145,0.0,37873,0.998236,0.5232938528060913,0.5232938528060913,0
1180,/home/projects/bagon/shared/imagenet512/val/n03481172/ILSVRC2012_val_00049008.JPEG,30,4.448383331298828,0.000919342041015625,0.0028023567499332364,0.5870498824525029,0.0,37878,0.998192,0.41143327951431274,0.41143327951431274,0
1181,/home/projects/bagon/shared/imagenet512/val/n01751748/ILSVRC2012_val_00031060.JPEG,47,36.82302474975586,0.000804901123046875,0.004194630230286089,0.985212720514441,0.0,37884,0.993699,0.9482861161231995,0.014318139292299747,13
1182,/home/projects/bagon/shared/imagenet512/val/n07615774/ILSVRC2012_val_00003591.JPEG,51,24.63046646118164,0.000934600830078125,0.004499182245201466,0.8699674345062769,0.0,37885,0.995702,0.3830030560493469,0.12917520105838776,3
1183,/home/projects/bagon/shared/imagenet512/val/n02051845/ILSVRC2012_val_00035810.JPEG,48,22.153038024902344,0.000946044921875,0.004392621548113912,0.9508360058587234,0.0,37889,0.996185,0.23882724344730377,0.04827883094549179,6
1184,/home/projects/bagon/shared/imagenet512/val/n04548362/ILSVRC2012_val_00012462.JPEG,40,6.098728179931641,0.000942230224609375,0.00365234747054545,0.5922753293449325,0.0,37893,0.997814,0.40697768330574036,0.40697768330574036,0
1185,/home/projects/bagon/shared/imagenet512/val/n03141823/ILSVRC2012_val_00034736.JPEG,31,18.672950744628906,0.0009765625,0.002763893783021159,0.9305213172688452,0.0,37894,0.996990,0.18409709632396698,0.06846461445093155,2
1186,/home/projects/bagon/shared/imagenet512/val/n04443257/ILSVRC2012_val_00021395.JPEG,42,15.11063003540039,0.000812530517578125,0.0038294906315096593,0.9039031215888038,0.0,37898,0.997191,0.5853370428085327,0.09508607536554337,4
1187,/home/projects/bagon/shared/imagenet512/val/n03891251/ILSVRC2012_val_00034458.JPEG,30,2.5628128051757812,0.0008544921875,0.0028127096754645108,0.34933709014194314,0.0,37900,0.997549,0.6499226689338684,0.6499226689338684,0
1188,/home/projects/bagon/shared/imagenet512/val/n02808440/ILSVRC2012_val_00024780.JPEG,55,9.623207092285156,0.0009765625,0.004768932206615281,0.5651081152129941,0.0,37905,0.993753,0.521429181098938,0.43398740887641907,2
1189,/home/projects/bagon/shared/imagenet512/val/n03888605/ILSVRC2012_val_00028863.JPEG,26,2.002735137939453,0.000873565673828125,0.0024645304380934503,0.5298418083875784,0.0,37910,0.997913,0.46934953331947327,0.46934953331947327,0
1190,/home/projects/bagon/shared/imagenet512/val/n03633091/ILSVRC2012_val_00048133.JPEG,45,29.1092529296875,0.00089263916015625,0.003931387141754912,0.9790748632903093,0.0,37913,0.995444,0.5672764778137207,0.020028743892908096,9
1191,/home/projects/bagon/shared/imagenet512/val/n03733805/ILSVRC2012_val_00029501.JPEG,40,10.983039855957031,0.00098419189453125,0.0036681284469204027,0.7646746983295597,0.0,37914,0.997241,0.2341119647026062,0.2341119647026062,0
1192,/home/projects/bagon/shared/imagenet512/val/n02788148/ILSVRC2012_val_00023280.JPEG,29,9.300132751464844,0.0009002685546875,0.002685100123781968,0.7806433095447476,0.0,37916,0.997739,0.39840489625930786,0.2183518260717392,2
1193,/home/projects/bagon/shared/imagenet512/val/n04228054/ILSVRC2012_val_00012449.JPEG,47,2.7571868896484375,0.0007476806640625,0.004080823101496442,0.3371265600065756,0.0,37922,0.996093,0.6623496413230896,0.6623496413230896,0
1194,/home/projects/bagon/shared/imagenet512/val/n04371430/ILSVRC2012_val_00001166.JPEG,54,104.41476821899414,0.000720977783203125,0.004865491518360051,0.9985852026434376,0.0,37923,0.993810,0.3918582499027252,0.0002858055231627077,20
1195,/home/projects/bagon/shared/imagenet512/val/n03720891/ILSVRC2012_val_00027453.JPEG,46,40.39986038208008,0.000934600830078125,0.004171819965544091,0.9779821125423542,0.0,37925,0.995681,0.16271384060382843,0.021004019305109978,7
1196,/home/projects/bagon/shared/imagenet512/val/n04133789/ILSVRC2012_val_00020491.JPEG,47,35.478485107421875,0.0008392333984375,0.004001509664754398,0.97430463453701,0.0,37928,0.995587,0.860051691532135,0.024710820987820625,8
1197,/home/projects/bagon/shared/imagenet512/val/n04154565/ILSVRC2012_val_00043928.JPEG,31,4.5357208251953125,0.00074005126953125,0.002908694013783151,0.7087218728478395,0.0,37929,0.997756,0.45099714398384094,0.2903033196926117,2
1198,/home/projects/bagon/shared/imagenet512/val/n02514041/ILSVRC2012_val_00032483.JPEG,56,9.299041748046875,0.00092315673828125,0.004810967750699702,0.5265829704829,0.0,37936,0.995355,0.47257766127586365,0.47257766127586365,0
1199,/home/projects/bagon/shared/imagenet512/val/n02093428/ILSVRC2012_val_00037243.JPEG,49,32.05155944824219,0.0009613037109375,0.004290699920529207,0.9801257315434584,0.0,37937,0.995408,0.9276781678199768,0.018862351775169373,9
1200,/home/projects/bagon/shared/imagenet512/val/n04325704/ILSVRC2012_val_00037110.JPEG,28,21.28414535522461,0.000926971435546875,0.002595023489097,0.9186385874025955,0.0,37939,0.997680,0.3801250755786896,0.08059069514274597,3
1201,/home/projects/bagon/shared/imagenet512/val/n02095570/ILSVRC2012_val_00046610.JPEG,41,13.8599853515625,0.0009613037109375,0.003582728192004839,0.9682447044918499,0.0,37941,0.995852,0.8978769779205322,0.03104390762746334,5
1202,/home/projects/bagon/shared/imagenet512/val/n03803284/ILSVRC2012_val_00038880.JPEG,39,16.98624038696289,0.000789642333984375,0.0036732836803171874,0.907862032590709,0.0,37947,0.996168,0.48407259583473206,0.09145015478134155,4
1203,/home/projects/bagon/shared/imagenet512/val/n03450230/ILSVRC2012_val_00032958.JPEG,44,25.49618148803711,0.000949859619140625,0.0036770864875292557,0.9361859097645508,0.0,37950,0.995359,0.5108277201652527,0.06291348487138748,8
1204,/home/projects/bagon/shared/imagenet512/val/n02797295/ILSVRC2012_val_00020027.JPEG,30,3.4298248291015625,0.00087738037109375,0.002652669768668736,0.8147115250061905,0.0,37951,0.998128,0.20038411021232605,0.18455412983894348,1
1205,/home/projects/bagon/shared/imagenet512/val/n02443114/ILSVRC2012_val_00017019.JPEG,41,3.6506118774414062,0.000946044921875,0.0036567121370649413,0.4013418137413864,0.0,37955,0.997895,0.5976218581199646,0.5976218581199646,0
1206,/home/projects/bagon/shared/imagenet512/val/n07718472/ILSVRC2012_val_00036503.JPEG,31,2.9204483032226562,0.00096893310546875,0.002875977022959138,0.6242700911130956,0.0,37968,0.998442,0.5452605485916138,0.37483784556388855,1
1207,/home/projects/bagon/shared/imagenet512/val/n01986214/ILSVRC2012_val_00019512.JPEG,48,5.4445953369140625,0.0009918212890625,0.004103046030567395,0.600326568039256,0.0,37970,0.994997,0.39865392446517944,0.39865392446517944,0
1208,/home/projects/bagon/shared/imagenet512/val/n02174001/ILSVRC2012_val_00025855.JPEG,51,68.61273574829102,0.000965118408203125,0.0040593853034462165,0.9977861447867845,0.0,37971,0.995866,0.3142144978046417,0.001180689549073577,14
1209,/home/projects/bagon/shared/imagenet512/val/n03742115/ILSVRC2012_val_00009495.JPEG,32,13.136543273925781,0.00093841552734375,0.00298822260674042,0.91982674847068,0.0,37974,0.996824,0.511959969997406,0.07954077422618866,5
1210,/home/projects/bagon/shared/imagenet512/val/n03857828/ILSVRC2012_val_00020560.JPEG,58,1.7481307983398438,0.00095367431640625,0.004553079822981295,0.18111048157676513,0.0,37978,0.995237,0.817781925201416,0.817781925201416,0
1211,/home/projects/bagon/shared/imagenet512/val/n03692522/ILSVRC2012_val_00031406.JPEG,43,24.825023651123047,0.000926971435546875,0.004004083968243518,0.9652314919339249,0.0,37979,0.996681,0.42551496624946594,0.0331011563539505,9
1212,/home/projects/bagon/shared/imagenet512/val/n09421951/ILSVRC2012_val_00015575.JPEG,35,2.383037567138672,0.000835418701171875,0.003202187831963087,0.2712472753366805,0.0,37980,0.996517,0.7282297611236572,0.7282297611236572,0
1213,/home/projects/bagon/shared/imagenet512/val/n02999410/ILSVRC2012_val_00021566.JPEG,48,14.792129516601562,0.00083160400390625,0.004295846427212761,0.8416881903827789,0.0,37995,0.996188,0.5402926206588745,0.15735845267772675,6
1214,/home/projects/bagon/shared/imagenet512/val/n04251144/ILSVRC2012_val_00015061.JPEG,38,4.012104034423828,0.000919342041015625,0.0031418292176558387,0.6107449395382891,0.0,38001,0.998508,0.5534989237785339,0.38818082213401794,1
1215,/home/projects/bagon/shared/imagenet512/val/n03770439/ILSVRC2012_val_00019644.JPEG,42,15.985790252685547,0.000957489013671875,0.00381501177786715,0.9187616975693125,0.0,38003,0.996878,0.5774644613265991,0.08007870614528656,5
1216,/home/projects/bagon/shared/imagenet512/val/n04116512/ILSVRC2012_val_00001422.JPEG,48,28.484859466552734,0.000751495361328125,0.0041501401723719805,0.9663981791571857,0.0,38006,0.995413,0.1487906128168106,0.03314146026968956,7
1217,/home/projects/bagon/shared/imagenet512/val/n02124075/ILSVRC2012_val_00026412.JPEG,43,29.788368225097656,0.00098419189453125,0.004031043198288555,0.9471265690577084,0.0,38008,0.994669,0.2904694676399231,0.05198335647583008,6
1218,/home/projects/bagon/shared/imagenet512/val/n02086240/ILSVRC2012_val_00031191.JPEG,32,1.5034255981445312,0.0009613037109375,0.00291961119638298,0.26484490813654926,0.0,38009,0.997849,0.734105110168457,0.734105110168457,0
1219,/home/projects/bagon/shared/imagenet512/val/n03692522/ILSVRC2012_val_00044271.JPEG,43,60.203887939453125,0.00075531005859375,0.003860227934255268,0.993508166704157,0.0,38011,0.995248,0.46535858511924744,0.004614523146301508,17
1220,/home/projects/bagon/shared/imagenet512/val/n04476259/ILSVRC2012_val_00039255.JPEG,24,6.4550018310546875,0.00096893310546875,0.002258268758805292,0.8166136386320091,0.0,38013,0.997888,0.49485957622528076,0.18236692249774933,2
1221,/home/projects/bagon/shared/imagenet512/val/n04557648/ILSVRC2012_val_00035840.JPEG,32,1.0237388610839844,0.000888824462890625,0.0029506011442966542,0.1751494698567082,0.0,38018,0.997509,0.8237819075584412,0.8237819075584412,0
1222,/home/projects/bagon/shared/imagenet512/val/n04456115/ILSVRC2012_val_00021468.JPEG,29,3.238819122314453,0.000972747802734375,0.002573081354059137,0.7286225322023208,0.0,38025,0.996732,0.6730095744132996,0.2704206109046936,2
1223,/home/projects/bagon/shared/imagenet512/val/n02138441/ILSVRC2012_val_00037731.JPEG,70,11.92657470703125,0.00093841552734375,0.0052314242368890745,0.7931922442511765,0.0,38026,0.994457,0.7215867042541504,0.2058042585849762,4
1224,/home/projects/bagon/shared/imagenet512/val/n03775546/ILSVRC2012_val_00035190.JPEG,32,10.594257354736328,0.000965118408203125,0.00270091317803468,0.9647780190591343,0.0,38034,0.998028,0.9349355101585388,0.0340290293097496,5
1225,/home/projects/bagon/shared/imagenet512/val/n02488702/ILSVRC2012_val_00036154.JPEG,46,9.716468811035156,0.0009918212890625,0.004067873141986556,0.8430134087606515,0.0,38036,0.995984,0.2742163836956024,0.1560310423374176,3
1226,/home/projects/bagon/shared/imagenet512/val/n04550184/ILSVRC2012_val_00018418.JPEG,42,5.099857330322266,0.000873565673828125,0.00362433706215762,0.46599163937259214,0.0,38046,0.996622,0.5328790545463562,0.5328790545463562,0
1227,/home/projects/bagon/shared/imagenet512/val/n03709823/ILSVRC2012_val_00014162.JPEG,44,9.516265869140625,0.0007171630859375,0.004001037958587213,0.6499779701016486,0.0,38047,0.994532,0.34934571385383606,0.34934571385383606,0
1228,/home/projects/bagon/shared/imagenet512/val/n02966687/ILSVRC2012_val_00029374.JPEG,45,18.967994689941406,0.00099945068359375,0.0037573238674293123,0.9906915762727577,0.0,38051,0.997495,0.9550986886024475,0.008292281068861485,7
1229,/home/projects/bagon/shared/imagenet512/val/n01914609/ILSVRC2012_val_00048292.JPEG,48,28.891780853271484,0.000934600830078125,0.004085748021132712,0.9800553245900273,0.0,38059,0.996499,0.4741232693195343,0.018815072253346443,9
1230,/home/projects/bagon/shared/imagenet512/val/n03792782/ILSVRC2012_val_00040237.JPEG,36,21.212806701660156,0.0008544921875,0.0032096123855931496,0.9569861770828064,0.0,38060,0.998209,0.20679298043251038,0.042215172201395035,5
1231,/home/projects/bagon/shared/imagenet512/val/n02128385/ILSVRC2012_val_00044343.JPEG,31,8.23931884765625,0.00096893310546875,0.0028361220520247608,0.813880727353716,0.0,38061,0.998273,0.7295254468917847,0.18498173356056213,3
1232,/home/projects/bagon/shared/imagenet512/val/n07248320/ILSVRC2012_val_00037923.JPEG,24,1.9383010864257812,0.0009918212890625,0.0023185093131105803,0.3540665403114721,0.0,38062,0.998943,0.6453679800033569,0.6453679800033569,0
1233,/home/projects/bagon/shared/imagenet512/val/n03388043/ILSVRC2012_val_00006101.JPEG,33,0.8256988525390625,0.00092315673828125,0.002878692559248985,0.2535440102669687,0.0,38067,0.998182,0.7452781796455383,0.7452781796455383,0
1234,/home/projects/bagon/shared/imagenet512/val/n07693725/ILSVRC2012_val_00018060.JPEG,20,4.260196685791016,0.000972747802734375,0.0019562088426306676,0.5848713531960632,0.0,38068,0.998487,0.4143173098564148,0.4143173098564148,0
1235,/home/projects/bagon/shared/imagenet512/val/n02138441/ILSVRC2012_val_00026404.JPEG,38,2.4661941528320312,0.00098419189453125,0.0031087482425885215,0.7341318155852236,0.0,38071,0.998012,0.2649995684623718,0.2649995684623718,0
1236,/home/projects/bagon/shared/imagenet512/val/n15075141/ILSVRC2012_val_00041217.JPEG,38,4.099273681640625,0.0007476806640625,0.00351317577151816,0.5961880483821385,0.0,38072,0.993641,0.4030384123325348,0.4030384123325348,0
1237,/home/projects/bagon/shared/imagenet512/val/n04004767/ILSVRC2012_val_00005920.JPEG,39,3.3676605224609375,0.00095367431640625,0.0035982346016724793,0.5382329232116481,0.0,38073,0.997410,0.4607117474079132,0.4607117474079132,0
1238,/home/projects/bagon/shared/imagenet512/val/n04266014/ILSVRC2012_val_00005822.JPEG,27,1.70068359375,0.00093841552734375,0.0023154778405666955,0.48666816916713534,0.0,38074,0.997986,0.5122776031494141,0.5122776031494141,0
1239,/home/projects/bagon/shared/imagenet512/val/n02963159/ILSVRC2012_val_00034093.JPEG,47,14.485054016113281,0.000946044921875,0.0038506390835326746,0.9772522346119813,0.0,38076,0.995608,0.8855717182159424,0.021802229806780815,8
1240,/home/projects/bagon/shared/imagenet512/val/n06596364/ILSVRC2012_val_00009212.JPEG,40,20.966445922851562,0.00098419189453125,0.0034617310760168274,0.9724638227283634,0.0,38078,0.997421,0.9338364601135254,0.026667479425668716,8
1241,/home/projects/bagon/shared/imagenet512/val/n02971356/ILSVRC2012_val_00045169.JPEG,33,5.900962829589844,0.00098419189453125,0.003006369776390625,0.9098590010242875,0.0,38079,0.996196,0.39874130487442017,0.08888261020183563,3
1242,/home/projects/bagon/shared/imagenet512/val/n03595614/ILSVRC2012_val_00007961.JPEG,42,6.3708343505859375,0.00089263916015625,0.0035748539235340793,0.7861029749607392,0.0,38082,0.995760,0.7496768236160278,0.21276356279850006,4
1243,/home/projects/bagon/shared/imagenet512/val/n02807133/ILSVRC2012_val_00028473.JPEG,36,10.680179595947266,0.000949859619140625,0.003223541167747026,0.843651606546733,0.0,38085,0.997472,0.24379484355449677,0.15523044764995575,2
1244,/home/projects/bagon/shared/imagenet512/val/n02730930/ILSVRC2012_val_00030205.JPEG,25,1.41632080078125,0.0009918212890625,0.002384699302697911,0.5249187092501446,0.0,38088,0.998501,0.4741521179676056,0.4741521179676056,0
1245,/home/projects/bagon/shared/imagenet512/val/n02364673/ILSVRC2012_val_00044948.JPEG,43,8.32437515258789,0.000965118408203125,0.0034372122354896116,0.8887670557409386,0.0,38089,0.997071,0.6767256855964661,0.10998687148094177,4
1246,/home/projects/bagon/shared/imagenet512/val/n02319095/ILSVRC2012_val_00033163.JPEG,27,1.2691802978515625,0.00093841552734375,0.0024169532339712516,0.32807340175906574,0.0,38090,0.998966,0.6707741022109985,0.6707741022109985,0
1247,/home/projects/bagon/shared/imagenet512/val/n03764736/ILSVRC2012_val_00043102.JPEG,41,5.631072998046875,0.00090789794921875,0.003332816847473567,0.7517609492405531,0.0,38093,0.996615,0.24747109413146973,0.24747109413146973,0
1248,/home/projects/bagon/shared/imagenet512/val/n01694178/ILSVRC2012_val_00020044.JPEG,41,1.1986541748046875,0.0009765625,0.0031464147716269673,0.3991388402925204,0.0,38094,0.997526,0.5996108055114746,0.5996108055114746,0
1249,/home/projects/bagon/shared/imagenet512/val/n03980874/ILSVRC2012_val_00048787.JPEG,56,5.266021728515625,0.00092315673828125,0.00459872316445104,0.5246607091513251,0.0,38099,0.995546,0.47453680634498596,0.47453680634498596,0
1250,/home/projects/bagon/shared/imagenet512/val/n03666591/ILSVRC2012_val_00009507.JPEG,51,80.27461242675781,0.0009765625,0.004593046894573788,0.9977035031202094,0.0,38103,0.992698,0.8899700045585632,0.0016386170173063874,19
1251,/home/projects/bagon/shared/imagenet512/val/n01818515/ILSVRC2012_val_00007156.JPEG,69,5.3514404296875,0.0009765625,0.005212328663560507,0.6892053328118889,0.0,38105,0.992498,0.3097594678401947,0.3097594678401947,0
1252,/home/projects/bagon/shared/imagenet512/val/n03271574/ILSVRC2012_val_00048524.JPEG,61,66.24716186523438,0.0009765625,0.005196981790393163,0.9856374254807075,0.0,38106,0.995465,0.21669968962669373,0.013397575356066227,15
1253,/home/projects/bagon/shared/imagenet512/val/n04350905/ILSVRC2012_val_00040799.JPEG,51,31.453163146972656,0.000946044921875,0.004424940260823537,0.9821088119681546,0.0,38107,0.993414,0.565491795539856,0.01692255772650242,10
1254,/home/projects/bagon/shared/imagenet512/val/n04590129/ILSVRC2012_val_00039790.JPEG,49,32.75688934326172,0.0008392333984375,0.004331905566175527,0.9724985662125419,0.0,38108,0.994201,0.4422188103199005,0.026871763169765472,9
1255,/home/projects/bagon/shared/imagenet512/val/n04423845/ILSVRC2012_val_00022060.JPEG,33,9.828788757324219,0.0009765625,0.0030018334799204504,0.9295280148859751,0.0,38109,0.998063,0.6182630658149719,0.06953408569097519,6
1256,/home/projects/bagon/shared/imagenet512/val/n01855672/ILSVRC2012_val_00025924.JPEG,32,14.630733489990234,0.000926971435546875,0.0028361756796142423,0.9534707136579214,0.0,38112,0.997514,0.30522963404655457,0.04560217261314392,5
1257,/home/projects/bagon/shared/imagenet512/val/n07716358/ILSVRC2012_val_00026318.JPEG,54,39.84284973144531,0.000885009765625,0.004374724165304101,0.9904203114675844,0.0,38113,0.995467,0.9837830662727356,0.008776238188147545,11
1258,/home/projects/bagon/shared/imagenet512/val/n02999410/ILSVRC2012_val_00021868.JPEG,44,5.8246002197265625,0.00098419189453125,0.0036960996497472426,0.8785213578362778,0.0,38115,0.994820,0.2713707685470581,0.12046290189027786,2
1259,/home/projects/bagon/shared/imagenet512/val/n03623198/ILSVRC2012_val_00012945.JPEG,50,50.53712463378906,0.0008697509765625,0.004145970566627679,0.9863638447399998,0.0,38124,0.996577,0.23545671999454498,0.012694635428488255,11
1260,/home/projects/bagon/shared/imagenet512/val/n02109047/ILSVRC2012_val_00003306.JPEG,39,20.25067138671875,0.0009918212890625,0.003695356648782104,0.927885058523528,0.0,38125,0.994254,0.852513313293457,0.07115335017442703,8
1261,/home/projects/bagon/shared/imagenet512/val/n01924916/ILSVRC2012_val_00027592.JPEG,55,46.78627395629883,0.000843048095703125,0.004589772533859772,0.973818582961854,0.0,38127,0.991082,0.6331355571746826,0.025115041062235832,12
1262,/home/projects/bagon/shared/imagenet512/val/n02640242/ILSVRC2012_val_00014763.JPEG,38,27.292633056640625,0.00087738037109375,0.003352572162130944,0.9776206135041027,0.0,38129,0.995887,0.6626856923103333,0.021188030019402504,7
1263,/home/projects/bagon/shared/imagenet512/val/n07892512/ILSVRC2012_val_00033630.JPEG,51,7.673000335693359,0.000888824462890625,0.00452793083060665,0.5047352382892298,0.0,38135,0.995146,0.4942881166934967,0.4942881166934967,0
1264,/home/projects/bagon/shared/imagenet512/val/n03216828/ILSVRC2012_val_00040097.JPEG,39,7.702632904052734,0.000919342041015625,0.003490257154267997,0.7381590094146872,0.0,38146,0.996563,0.6107006669044495,0.261080801486969,3
1265,/home/projects/bagon/shared/imagenet512/val/n01688243/ILSVRC2012_val_00022563.JPEG,38,17.569793701171875,0.00098419189453125,0.0032117379258128033,0.950284404376127,0.0,38151,0.993622,0.6005319952964783,0.04877443611621857,4
1266,/home/projects/bagon/shared/imagenet512/val/n07831146/ILSVRC2012_val_00013137.JPEG,54,16.942363739013672,0.000926971435546875,0.004880657052518971,0.9142980703665013,0.0,38152,0.992512,0.5530015230178833,0.08457240462303162,7
1267,/home/projects/bagon/shared/imagenet512/val/n04483307/ILSVRC2012_val_00017755.JPEG,42,8.970390319824219,0.00092315673828125,0.003547284905835569,0.8303812540662674,0.0,38154,0.997618,0.4306492507457733,0.16863569617271423,2
1268,/home/projects/bagon/shared/imagenet512/val/n02138441/ILSVRC2012_val_00033142.JPEG,36,0.9756431579589844,0.000949859619140625,0.0030706360052117788,0.3151268708818645,0.0,38156,0.997764,0.6839281320571899,0.6839281320571899,0
1269,/home/projects/bagon/shared/imagenet512/val/n04209239/ILSVRC2012_val_00026264.JPEG,50,24.915374755859375,0.0008697509765625,0.00408372820833622,0.9421976501869684,0.0,38161,0.994205,0.742615282535553,0.05693986266851425,6
1270,/home/projects/bagon/shared/imagenet512/val/n03950228/ILSVRC2012_val_00030628.JPEG,55,12.877704620361328,0.000934600830078125,0.004965881695269357,0.785196675457806,0.0,38162,0.996479,0.3704930245876312,0.21367163956165314,2
1271,/home/projects/bagon/shared/imagenet512/val/n02776631/ILSVRC2012_val_00000633.JPEG,49,12.460906982421875,0.00096893310546875,0.004548603446394053,0.7052107051721038,0.0,38165,0.994222,0.2938040792942047,0.2938040792942047,0
1272,/home/projects/bagon/shared/imagenet512/val/n02106166/ILSVRC2012_val_00031093.JPEG,64,6.969944000244141,0.000827789306640625,0.005474070063442333,0.6164534755163735,0.0,38166,0.993415,0.5445670485496521,0.3827798664569855,2
1273,/home/projects/bagon/shared/imagenet512/val/n02791270/ILSVRC2012_val_00049816.JPEG,38,2.812786102294922,0.000858306884765625,0.003295796264954039,0.560600989893123,0.0,38167,0.997655,0.4381510019302368,0.4381510019302368,0
1274,/home/projects/bagon/shared/imagenet512/val/n04204238/ILSVRC2012_val_00043309.JPEG,33,1.6142501831054688,0.00091552734375,0.0031336430430260334,0.1693881840770839,0.0,38171,0.997620,0.8297789692878723,0.8297789692878723,0
1275,/home/projects/bagon/shared/imagenet512/val/n03372029/ILSVRC2012_val_00023610.JPEG,57,26.120849609375,0.00090789794921875,0.004921234461985991,0.9546431197218129,0.0,38172,0.990398,0.8451867699623108,0.04430122673511505,9
1276,/home/projects/bagon/shared/imagenet512/val/n02099429/ILSVRC2012_val_00030579.JPEG,34,3.0569992065429688,0.0009002685546875,0.0031849537721531634,0.5277493628367123,0.0,38173,0.992348,0.4714500606060028,0.4714500606060028,0
1277,/home/projects/bagon/shared/imagenet512/val/n03796401/ILSVRC2012_val_00005422.JPEG,46,8.913482666015625,0.0008697509765625,0.0038765397972548234,0.7895731779341518,0.0,38177,0.995135,0.7372956275939941,0.20940864086151123,4
1278,/home/projects/bagon/shared/imagenet512/val/n02483708/ILSVRC2012_val_00013151.JPEG,59,8.520988464355469,0.00098419189453125,0.005017272007871345,0.6581898365395624,0.0,38178,0.995482,0.3407827913761139,0.3407827913761139,0
1279,/home/projects/bagon/shared/imagenet512/val/n03529860/ILSVRC2012_val_00021601.JPEG,55,7.77410888671875,0.00090789794921875,0.00482515484817818,0.6666301815643286,0.0,38186,0.987136,0.3323718309402466,0.3323718309402466,0
1280,/home/projects/bagon/shared/imagenet512/val/n04330267/ILSVRC2012_val_00014185.JPEG,21,4.589756011962891,0.000850677490234375,0.0020244541610729204,0.6167568050481539,0.0,38187,0.999036,0.42685598134994507,0.382843941450119,1
1281,/home/projects/bagon/shared/imagenet512/val/n03095699/ILSVRC2012_val_00003200.JPEG,54,8.276134490966797,0.000957489013671875,0.004531430309708756,0.7675629985090432,0.0,38188,0.993539,0.5045244693756104,0.23140279948711395,3
1282,/home/projects/bagon/shared/imagenet512/val/n03916031/ILSVRC2012_val_00037937.JPEG,40,17.501911163330078,0.000812530517578125,0.0035500515594953357,0.8681633106183216,0.0,38192,0.996290,0.13105136156082153,0.13105136156082153,0
1283,/home/projects/bagon/shared/imagenet512/val/n03530642/ILSVRC2012_val_00017838.JPEG,39,12.775630950927734,0.000942230224609375,0.0032831365176368976,0.8191224232556488,0.0,38195,0.997199,0.4363565742969513,0.17976392805576324,2
1284,/home/projects/bagon/shared/imagenet512/val/n02098105/ILSVRC2012_val_00023764.JPEG,24,0.8552207946777344,0.000858306884765625,0.0021491013457248416,0.18144000230564916,0.0,38198,0.998612,0.8173659443855286,0.8173659443855286,0
1285,/home/projects/bagon/shared/imagenet512/val/n03529860/ILSVRC2012_val_00010535.JPEG,58,9.10391616821289,0.000911712646484375,0.004815836203575103,0.6298466432786708,0.0,38204,0.991902,0.3929075598716736,0.3690945506095886,1
1286,/home/projects/bagon/shared/imagenet512/val/n04254777/ILSVRC2012_val_00019815.JPEG,35,5.48468017578125,0.00098419189453125,0.0032553731083780854,0.640960077964498,0.0,38205,0.996871,0.3579191267490387,0.3579191267490387,0
1287,/home/projects/bagon/shared/imagenet512/val/n03467068/ILSVRC2012_val_00010625.JPEG,31,17.399749755859375,0.00087738037109375,0.002760230277210645,0.9437432326565381,0.0,38206,0.996357,0.1906290352344513,0.05547337979078293,3
1288,/home/projects/bagon/shared/imagenet512/val/n04116512/ILSVRC2012_val_00004247.JPEG,35,10.006118774414062,0.00099945068359375,0.0033095321516870457,0.7674065525848808,0.0,38208,0.997995,0.25081750750541687,0.23160696029663086,1
1289,/home/projects/bagon/shared/imagenet512/val/n02747177/ILSVRC2012_val_00025380.JPEG,45,72.44818115234375,0.00090789794921875,0.004144533122437222,0.9966620358752992,0.0,38210,0.995066,0.6785547733306885,0.0027583749033510685,17
1290,/home/projects/bagon/shared/imagenet512/val/n01773549/ILSVRC2012_val_00008316.JPEG,30,7.196502685546875,0.00090789794921875,0.0028303743194887545,0.7140019504242769,0.0,38216,0.996938,0.5694229006767273,0.2850458323955536,3
1291,/home/projects/bagon/shared/imagenet512/val/n03482405/ILSVRC2012_val_00049930.JPEG,41,5.334800720214844,0.000762939453125,0.0035714728170401747,0.8840996756510276,0.0,38220,0.997097,0.7307891845703125,0.1151629239320755,4
1292,/home/projects/bagon/shared/imagenet512/val/n04357314/ILSVRC2012_val_00031832.JPEG,44,11.143463134765625,0.00077056884765625,0.004111100667494186,0.7346537183099742,0.0,38225,0.996194,0.3071889877319336,0.26431000232696533,1
1293,/home/projects/bagon/shared/imagenet512/val/n03970156/ILSVRC2012_val_00027554.JPEG,44,49.68003463745117,0.000919342041015625,0.0038332414417392943,0.9896638749526352,0.0,38227,0.994802,0.377994567155838,0.00942161027342081,10
1294,/home/projects/bagon/shared/imagenet512/val/n02100583/ILSVRC2012_val_00010808.JPEG,45,11.073299407958984,0.000766754150390625,0.004134294235609625,0.6528254721355965,0.0,38234,0.996928,0.346320778131485,0.346320778131485,0
1295,/home/projects/bagon/shared/imagenet512/val/n01776313/ILSVRC2012_val_00041549.JPEG,29,1.10040283203125,0.00098419189453125,0.0024304674185495504,0.8006814141313664,0.0,38242,0.996390,0.7281700372695923,0.19780594110488892,3
1296,/home/projects/bagon/shared/imagenet512/val/n02094433/ILSVRC2012_val_00020628.JPEG,77,81.20903778076172,0.000946044921875,0.006480404937902032,0.997138793180845,0.0,38244,0.989976,0.38124191761016846,0.001946314936503768,23
1297,/home/projects/bagon/shared/imagenet512/val/n02110063/ILSVRC2012_val_00012245.JPEG,22,1.1169815063476562,0.0009765625,0.0021523130713762685,0.2960521029677922,0.0,38245,0.998860,0.7024190425872803,0.7024190425872803,0
1298,/home/projects/bagon/shared/imagenet512/val/n10565667/ILSVRC2012_val_00020135.JPEG,43,25.829002380371094,0.00090789794921875,0.003754591587316142,0.9820711311996853,0.0,38246,0.993425,0.9615622758865356,0.01644255593419075,10
1299,/home/projects/bagon/shared/imagenet512/val/n04336792/ILSVRC2012_val_00028123.JPEG,31,7.559055328369141,0.000843048095703125,0.002905883937224616,0.8629246552355105,0.0,38247,0.996755,0.5114021897315979,0.13588297367095947,3
1300,/home/projects/bagon/shared/imagenet512/val/n02708093/ILSVRC2012_val_00035392.JPEG,40,4.804187774658203,0.000736236572265625,0.0036523292086481254,0.6434949694812183,0.0,38248,0.997985,0.569139301776886,0.3554246127605438,2
1301,/home/projects/bagon/shared/imagenet512/val/n02113186/ILSVRC2012_val_00017715.JPEG,28,1.704498291015625,0.00093841552734375,0.0026856487614874192,0.3438227229860771,0.0,38251,0.997516,0.655301570892334,0.655301570892334,0
1302,/home/projects/bagon/shared/imagenet512/val/n04389033/ILSVRC2012_val_00004353.JPEG,42,12.033233642578125,0.00093841552734375,0.0035908761663751405,0.9431946298578844,0.0,38254,0.996487,0.927270770072937,0.05580634996294975,6
1303,/home/projects/bagon/shared/imagenet512/val/n01704323/ILSVRC2012_val_00043422.JPEG,52,23.415931701660156,0.000946044921875,0.004039218385067707,0.9933098204727836,0.0,38255,0.995351,0.9075000286102295,0.005651505663990974,8
1304,/home/projects/bagon/shared/imagenet512/val/n03476991/ILSVRC2012_val_00007805.JPEG,39,17.969497680664062,0.00091552734375,0.003690245994026807,0.900832996714983,0.0,38257,0.996137,0.8763175010681152,0.09846610575914383,9
1305,/home/projects/bagon/shared/imagenet512/val/n07579787/ILSVRC2012_val_00013674.JPEG,41,9.444847106933594,0.0009613037109375,0.0037917839468763165,0.7706227230683308,0.0,38258,0.995743,0.2282528430223465,0.2282528430223465,0
1306,/home/projects/bagon/shared/imagenet512/val/n02490219/ILSVRC2012_val_00003437.JPEG,38,3.9222030639648438,0.000885009765625,0.003355795665418797,0.40754666014100155,0.0,38264,0.998583,0.5913782715797424,0.5913782715797424,0
1307,/home/projects/bagon/shared/imagenet512/val/n03018349/ILSVRC2012_val_00005731.JPEG,41,13.505603790283203,0.000858306884765625,0.0036965188795643608,0.8708660213342605,0.0,38269,0.996996,0.39097344875335693,0.12801727652549744,4
1308,/home/projects/bagon/shared/imagenet512/val/n03908714/ILSVRC2012_val_00010000.JPEG,35,13.834075927734375,0.0009307861328125,0.003244099370923904,0.9272717153423351,0.0,38273,0.995877,0.22906310856342316,0.07048702985048294,4
1309,/home/projects/bagon/shared/imagenet512/val/n03000134/ILSVRC2012_val_00010799.JPEG,36,9.141155242919922,0.000957489013671875,0.0030714789796321387,0.9099564703562716,0.0,38276,0.997635,0.25837966799736023,0.08899085968732834,2
1310,/home/projects/bagon/shared/imagenet512/val/n04252077/ILSVRC2012_val_00015994.JPEG,44,52.814388275146484,0.000904083251953125,0.0037058398037039158,0.9981725925323045,0.0,38278,0.995837,0.2614419162273407,0.0010554256150498986,12
1311,/home/projects/bagon/shared/imagenet512/val/n04517823/ILSVRC2012_val_00025993.JPEG,36,32.6635856628418,0.000919342041015625,0.003422460786012365,0.9916043682960456,0.0,38279,0.995452,0.37655988335609436,0.007593055721372366,10
1312,/home/projects/bagon/shared/imagenet512/val/n02930766/ILSVRC2012_val_00021775.JPEG,45,9.657855987548828,0.000904083251953125,0.004004583833438262,0.7668705238708313,0.0,38280,0.996348,0.23201021552085876,0.23201021552085876,0
1313,/home/projects/bagon/shared/imagenet512/val/n01496331/ILSVRC2012_val_00030321.JPEG,39,5.3167724609375,0.00099945068359375,0.003552656295981281,0.7219152697265279,0.0,38282,0.997316,0.27708572149276733,0.27708572149276733,0
1314,/home/projects/bagon/shared/imagenet512/val/n02814860/ILSVRC2012_val_00047116.JPEG,27,0.4504508972167969,0.000804901123046875,0.002415589371976947,0.07487049469886614,0.0,38283,0.998361,0.9241974949836731,0.9241974949836731,0
1315,/home/projects/bagon/shared/imagenet512/val/n01985128/ILSVRC2012_val_00049266.JPEG,29,0.4220390319824219,0.000972747802734375,0.0026001469259599743,0.0960413272521936,0.0,38291,0.998296,0.9027916193008423,0.9027916193008423,0
1316,/home/projects/bagon/shared/imagenet512/val/n07716358/ILSVRC2012_val_00002865.JPEG,36,3.5010833740234375,0.00075531005859375,0.00317988805110395,0.5965898976048704,0.0,38292,0.998117,0.5079666972160339,0.40264183282852173,1
1317,/home/projects/bagon/shared/imagenet512/val/n04579145/ILSVRC2012_val_00044906.JPEG,43,4.2266387939453125,0.00098419189453125,0.0036112013793430323,0.6761035992845754,0.0,38293,0.996856,0.3765692412853241,0.32280418276786804,1
1318,/home/projects/bagon/shared/imagenet512/val/n03720891/ILSVRC2012_val_00034846.JPEG,53,52.0872802734375,0.00089263916015625,0.004383689897062862,0.9984754603617684,0.0,38295,0.996126,0.981060266494751,0.0006466894410550594,14
1319,/home/projects/bagon/shared/imagenet512/val/n04485082/ILSVRC2012_val_00000059.JPEG,31,6.016529083251953,0.000934600830078125,0.002863532031152862,0.767180905391033,0.0,38296,0.998080,0.3201117515563965,0.23173224925994873,1
1320,/home/projects/bagon/shared/imagenet512/val/n04147183/ILSVRC2012_val_00026899.JPEG,50,11.295402526855469,0.0009765625,0.004149416221087296,0.8636424703825181,0.0,38298,0.996615,0.8083699941635132,0.13532224297523499,5
1321,/home/projects/bagon/shared/imagenet512/val/n02099712/ILSVRC2012_val_00026852.JPEG,64,46.464515686035156,0.00092315673828125,0.005607736202902236,0.991628906830315,0.0,38299,0.992433,0.7347502708435059,0.007461315952241421,13
1322,/home/projects/bagon/shared/imagenet512/val/n04254777/ILSVRC2012_val_00015026.JPEG,31,4.3960418701171875,0.00099945068359375,0.002960773889604008,0.6017951668051551,0.0,38300,0.998330,0.39708688855171204,0.39708688855171204,0
1323,/home/projects/bagon/shared/imagenet512/val/n03938244/ILSVRC2012_val_00043255.JPEG,38,6.433540344238281,0.00098419189453125,0.003393811785128535,0.7768883819891341,0.0,38302,0.996902,0.5222787857055664,0.22211647033691406,3
1324,/home/projects/bagon/shared/imagenet512/val/n04485082/ILSVRC2012_val_00039663.JPEG,44,11.490531921386719,0.0008392333984375,0.003717935173896349,0.9351460944922485,0.0,38311,0.996332,0.842001736164093,0.06369748711585999,6
1325,/home/projects/bagon/shared/imagenet512/val/n02799071/ILSVRC2012_val_00037169.JPEG,62,27.745452880859375,0.0009765625,0.005284852003223978,0.9444173618449082,0.0,38314,0.995328,0.8287512063980103,0.05429219827055931,8
1326,/home/projects/bagon/shared/imagenet512/val/n04208210/ILSVRC2012_val_00039535.JPEG,24,16.628849029541016,0.000926971435546875,0.002295731203076319,0.9551967014957148,0.0,38315,0.998129,0.43972262740135193,0.04370390996336937,5
1327,/home/projects/bagon/shared/imagenet512/val/n07875152/ILSVRC2012_val_00029519.JPEG,29,3.0690650939941406,0.000965118408203125,0.0025728106413221165,0.5419080926931292,0.0,38319,0.998383,0.48307132720947266,0.457389235496521,1
1328,/home/projects/bagon/shared/imagenet512/val/n01753488/ILSVRC2012_val_00027904.JPEG,47,10.560577392578125,0.00091552734375,0.003843216705007361,0.7798214502135088,0.0,38325,0.991860,0.5587025880813599,0.21901129186153412,5
1329,/home/projects/bagon/shared/imagenet512/val/n02909870/ILSVRC2012_val_00029235.JPEG,44,22.15584945678711,0.000865936279296875,0.004123626022237641,0.928466031674,0.0,38327,0.996481,0.4200674295425415,0.07065916806459427,8
1330,/home/projects/bagon/shared/imagenet512/val/n02346627/ILSVRC2012_val_00041439.JPEG,41,9.356285095214844,0.0009918212890625,0.0033536673757772815,0.8137256943135517,0.0,38328,0.996677,0.43147507309913635,0.18520580232143402,2
1331,/home/projects/bagon/shared/imagenet512/val/n02493509/ILSVRC2012_val_00010323.JPEG,42,5.494174957275391,0.000896453857421875,0.0038500723647009066,0.6463895849860043,0.0,38330,0.997236,0.564556896686554,0.352725088596344,3
1332,/home/projects/bagon/shared/imagenet512/val/n03197337/ILSVRC2012_val_00010753.JPEG,59,9.390762329101562,0.0009765625,0.005062486171046767,0.6161796718699648,0.0,38334,0.994706,0.4594336450099945,0.3827826976776123,1
1333,/home/projects/bagon/shared/imagenet512/val/n03000684/ILSVRC2012_val_00004034.JPEG,44,3.1694717407226562,0.0009613037109375,0.003836106004990612,0.32970750479341115,0.0,38337,0.996267,0.6692075729370117,0.6692075729370117,0
1334,/home/projects/bagon/shared/imagenet512/val/n04330267/ILSVRC2012_val_00014803.JPEG,30,6.472164154052734,0.000942230224609375,0.002783254867234991,0.5722042376693679,0.0,38342,0.998110,0.4266470968723297,0.4266470968723297,0
1335,/home/projects/bagon/shared/imagenet512/val/n01739381/ILSVRC2012_val_00032571.JPEG,40,15.22018814086914,0.000957489013671875,0.0034840183012645977,0.9266969831787752,0.0,38343,0.994795,0.6912269592285156,0.07218920439481735,6
1336,/home/projects/bagon/shared/imagenet512/val/n01682714/ILSVRC2012_val_00028042.JPEG,54,5.291011810302734,0.000965118408203125,0.004517728744064504,0.6097347872259513,0.0,38345,0.995095,0.3893088102340698,0.3893088102340698,0
1337,/home/projects/bagon/shared/imagenet512/val/n02085620/ILSVRC2012_val_00041000.JPEG,55,35.234745025634766,0.000888824462890625,0.004919749863751946,0.9834164888960597,0.0,38346,0.993782,0.6914085745811462,0.015558885410428047,10
1338,/home/projects/bagon/shared/imagenet512/val/n03065424/ILSVRC2012_val_00025594.JPEG,43,38.29535675048828,0.000701904296875,0.0034284013570730805,0.9862967195445904,0.0,38347,0.995324,0.11352840065956116,0.012183873914182186,5
1339,/home/projects/bagon/shared/imagenet512/val/n04380533/ILSVRC2012_val_00022357.JPEG,47,5.785793304443359,0.000972747802734375,0.004257830436002233,0.6646008045269963,0.0,38351,0.995134,0.6019972562789917,0.3342767059803009,3
1340,/home/projects/bagon/shared/imagenet512/val/n03125729/ILSVRC2012_val_00038941.JPEG,42,23.328853607177734,0.000736236572265625,0.0038720076594670975,0.9449321047508953,0.0,38356,0.994015,0.7375562191009521,0.05418655276298523,10
1341,/home/projects/bagon/shared/imagenet512/val/n04591713/ILSVRC2012_val_00042526.JPEG,49,6.251228332519531,0.0009918212890625,0.004279935156253875,0.5543722787458474,0.0,38358,0.995611,0.44472360610961914,0.44472360610961914,0
1342,/home/projects/bagon/shared/imagenet512/val/n02795169/ILSVRC2012_val_00040312.JPEG,29,1.8482208251953125,0.00089263916015625,0.0026077428361884316,0.198348365064371,0.0,38360,0.997291,0.800942063331604,0.800942063331604,0
1343,/home/projects/bagon/shared/imagenet512/val/n04442312/ILSVRC2012_val_00038755.JPEG,43,5.655914306640625,0.00098419189453125,0.003630265630337136,0.9419223141850395,0.0,38361,0.997899,0.6312782168388367,0.056903887540102005,5
1344,/home/projects/bagon/shared/imagenet512/val/n03100240/ILSVRC2012_val_00022835.JPEG,35,6.170253753662109,0.000972747802734375,0.003310888808166131,0.7135090386204066,0.0,38369,0.996646,0.6470563411712646,0.2857561409473419,3
1345,/home/projects/bagon/shared/imagenet512/val/n02815834/ILSVRC2012_val_00028875.JPEG,45,8.760066986083984,0.000881195068359375,0.00415856875996332,0.8415445319089058,0.0,38370,0.994493,0.535606861114502,0.15750038623809814,4
1346,/home/projects/bagon/shared/imagenet512/val/n02978881/ILSVRC2012_val_00023633.JPEG,40,30.30278778076172,0.00083160400390625,0.00375692411499778,0.9704014141497972,0.0,38371,0.995591,0.1504884511232376,0.029004059731960297,6
1347,/home/projects/bagon/shared/imagenet512/val/n03089624/ILSVRC2012_val_00032506.JPEG,45,21.54631805419922,0.00077056884765625,0.004200578514091791,0.9387085917208823,0.0,38372,0.995641,0.20502720773220062,0.06052682176232338,4
1348,/home/projects/bagon/shared/imagenet512/val/n04162706/ILSVRC2012_val_00039567.JPEG,37,6.980693817138672,0.000896453857421875,0.0033462625817231436,0.7503467372780188,0.0,38373,0.995954,0.3345727026462555,0.2486250102519989,1
1349,/home/projects/bagon/shared/imagenet512/val/n03791053/ILSVRC2012_val_00001965.JPEG,48,5.656703948974609,0.000934600830078125,0.004368710414231909,0.44461791104440973,0.0,38376,0.995605,0.5544704794883728,0.5544704794883728,0
1350,/home/projects/bagon/shared/imagenet512/val/n03877472/ILSVRC2012_val_00003104.JPEG,41,11.650238037109375,0.00098419189453125,0.003426005247093284,0.9051066530755221,0.0,38378,0.995893,0.7873488068580627,0.09390395879745483,5
1351,/home/projects/bagon/shared/imagenet512/val/n03345487/ILSVRC2012_val_00000764.JPEG,36,9.562957763671875,0.0009613037109375,0.003066319480147944,0.8608381044153381,0.0,38382,0.997815,0.2101290225982666,0.13793838024139404,1
1352,/home/projects/bagon/shared/imagenet512/val/n02104365/ILSVRC2012_val_00035571.JPEG,52,4.578685760498047,0.000896453857421875,0.004773442219954588,0.5160589254719942,0.0,38386,0.993619,0.48287689685821533,0.48287689685821533,0
1353,/home/projects/bagon/shared/imagenet512/val/n04116512/ILSVRC2012_val_00022697.JPEG,28,8.554817199707031,0.00092315673828125,0.0026381635305761774,0.7977504508222785,0.0,38388,0.998090,0.20083440840244293,0.20083440840244293,0
1354,/home/projects/bagon/shared/imagenet512/val/n02319095/ILSVRC2012_val_00043765.JPEG,53,14.164012908935547,0.000942230224609375,0.00415580463570623,0.8771205268762109,0.0,38390,0.997210,0.7653425335884094,0.12163126468658447,5
1355,/home/projects/bagon/shared/imagenet512/val/n02091244/ILSVRC2012_val_00032400.JPEG,50,33.073143005371094,0.00091552734375,0.004465098274136222,0.9587562147399584,0.0,38395,0.994026,0.2805577516555786,0.04015567898750305,8
1356,/home/projects/bagon/shared/imagenet512/val/n04263257/ILSVRC2012_val_00030957.JPEG,45,5.393360137939453,0.000965118408203125,0.004127580375111971,0.8012347633245473,0.0,38396,0.994449,0.2852592170238495,0.19738681614398956,2
1357,/home/projects/bagon/shared/imagenet512/val/n02091831/ILSVRC2012_val_00022920.JPEG,54,11.195369720458984,0.000972747802734375,0.00454606010462852,0.8537087651801873,0.0,38399,0.990950,0.40399983525276184,0.14513862133026123,4
1358,/home/projects/bagon/shared/imagenet512/val/n03259280/ILSVRC2012_val_00030315.JPEG,28,16.274951934814453,0.000934600830078125,0.0026754498946969852,0.9546997872967821,0.0,38404,0.997459,0.36201655864715576,0.04417124018073082,5
1359,/home/projects/bagon/shared/imagenet512/val/n02018207/ILSVRC2012_val_00034734.JPEG,63,6.451683044433594,0.00095367431640625,0.004702939671966125,0.7376412018544518,0.0,38405,0.995733,0.26118260622024536,0.26118260622024536,0
1360,/home/projects/bagon/shared/imagenet512/val/n03680355/ILSVRC2012_val_00009751.JPEG,38,7.204612731933594,0.0009765625,0.003347078065496648,0.7437725252188024,0.0,38406,0.996358,0.39220938086509705,0.25525665283203125,1
1361,/home/projects/bagon/shared/imagenet512/val/n02100583/ILSVRC2012_val_00029753.JPEG,32,2.1594467163085938,0.00092315673828125,0.00297480177503403,0.38567408812174764,0.0,38407,0.998185,0.6134933233261108,0.6134933233261108,0
1362,/home/projects/bagon/shared/imagenet512/val/n04523525/ILSVRC2012_val_00019004.JPEG,40,6.441764831542969,0.00089263916015625,0.003491391914639288,0.6437949600309072,0.0,38412,0.994368,0.35510775446891785,0.35510775446891785,0
1363,/home/projects/bagon/shared/imagenet512/val/n02091635/ILSVRC2012_val_00018526.JPEG,31,7.630790710449219,0.000946044921875,0.0028110955395201412,0.9070006475642612,0.0,38417,0.998841,0.8513190746307373,0.09225001186132431,5
1364,/home/projects/bagon/shared/imagenet512/val/n01784675/ILSVRC2012_val_00009716.JPEG,59,18.800460815429688,0.00098419189453125,0.004573718984859786,0.955864880946872,0.0,38419,0.994843,0.8775805234909058,0.04323481023311615,7
1365,/home/projects/bagon/shared/imagenet512/val/n02493793/ILSVRC2012_val_00033780.JPEG,36,1.3722801208496094,0.000827789306640625,0.003049263526876341,0.24909901411172014,0.0,38421,0.998006,0.7498936057090759,0.7498936057090759,0
1366,/home/projects/bagon/shared/imagenet512/val/n02088364/ILSVRC2012_val_00028001.JPEG,58,25.713321685791016,0.000881195068359375,0.005096232066177289,0.9446279191107378,0.0,38423,0.993690,0.8162121176719666,0.05418951064348221,10
1367,/home/projects/bagon/shared/imagenet512/val/n02979186/ILSVRC2012_val_00024874.JPEG,67,32.47025680541992,0.000934600830078125,0.005302896722641969,0.953658852609776,0.0,38426,0.995993,0.7197051644325256,0.04518968239426613,8
1368,/home/projects/bagon/shared/imagenet512/val/n03770439/ILSVRC2012_val_00022703.JPEG,56,67.64699935913086,0.000873565673828125,0.005243157977282649,0.9954345063756629,0.0,38428,0.991913,0.09968671202659607,0.0038184530567377806,12
1369,/home/projects/bagon/shared/imagenet512/val/n03697007/ILSVRC2012_val_00027007.JPEG,35,4.642059326171875,0.00093841552734375,0.0032375545292555406,0.8174554649878611,0.0,38430,0.997827,0.18152078986167908,0.18152078986167908,0
1370,/home/projects/bagon/shared/imagenet512/val/n02807133/ILSVRC2012_val_00014229.JPEG,51,12.848674774169922,0.000926971435546875,0.004742413317371083,0.9272452420335743,0.0,38431,0.995336,0.4344196915626526,0.07117649912834167,9
1371,/home/projects/bagon/shared/imagenet512/val/n04505470/ILSVRC2012_val_00049808.JPEG,51,6.94390869140625,0.00092315673828125,0.00457338050153173,0.7300715054876581,0.0,38433,0.995402,0.6705970764160156,0.2689993381500244,4
1372,/home/projects/bagon/shared/imagenet512/val/n03832673/ILSVRC2012_val_00016121.JPEG,54,11.959392547607422,0.000888824462890625,0.004823006063046536,0.7141825722324072,0.0,38434,0.993829,0.3481917977333069,0.28492337465286255,1
1373,/home/projects/bagon/shared/imagenet512/val/n04344873/ILSVRC2012_val_00002281.JPEG,55,17.36423110961914,0.000873565673828125,0.004776318624898692,0.8117080540438829,0.0,38438,0.994592,0.18724969029426575,0.18724969029426575,0
1374,/home/projects/bagon/shared/imagenet512/val/n03761084/ILSVRC2012_val_00048947.JPEG,37,25.43316650390625,0.00089263916015625,0.0035009200061251245,0.9500783386500462,0.0,38445,0.996063,0.06901431083679199,0.04931129887700081,1
1375,/home/projects/bagon/shared/imagenet512/val/n03584829/ILSVRC2012_val_00009661.JPEG,57,4.244514465332031,0.00099945068359375,0.004824287464649151,0.3659230011578495,0.0,38446,0.992680,0.6333367824554443,0.6333367824554443,0
1376,/home/projects/bagon/shared/imagenet512/val/n07715103/ILSVRC2012_val_00031499.JPEG,43,14.865310668945312,0.0009918212890625,0.00344286181131036,0.9584739030916644,0.0,38450,0.997282,0.9159442186355591,0.04019346833229065,7
1377,/home/projects/bagon/shared/imagenet512/val/n04336792/ILSVRC2012_val_00045163.JPEG,35,5.1247406005859375,0.0009918212890625,0.003240808279756082,0.6447293120123226,0.0,38451,0.996103,0.3541664481163025,0.3541664481163025,0
1378,/home/projects/bagon/shared/imagenet512/val/n02206856/ILSVRC2012_val_00042015.JPEG,47,6.640251159667969,0.000885009765625,0.004011306978631085,0.6785688408136996,0.0,38453,0.995114,0.5852397084236145,0.3206227421760559,2
1379,/home/projects/bagon/shared/imagenet512/val/n04554684/ILSVRC2012_val_00002422.JPEG,39,3.0106201171875,0.0009765625,0.0033008161008398497,0.42679192815440514,0.0,38454,0.997160,0.5722081661224365,0.5722081661224365,0
1380,/home/projects/bagon/shared/imagenet512/val/n03089624/ILSVRC2012_val_00027919.JPEG,30,4.700798034667969,0.00096893310546875,0.0028079710113980572,0.5617795484382772,0.0,38455,0.997815,0.4739573001861572,0.4372808337211609,1
1381,/home/projects/bagon/shared/imagenet512/val/n01807496/ILSVRC2012_val_00031806.JPEG,52,9.83380126953125,0.0009307861328125,0.004279132512427498,0.7637496772210661,0.0,38456,0.994928,0.4149083197116852,0.23533497750759125,2
1382,/home/projects/bagon/shared/imagenet512/val/n01945685/ILSVRC2012_val_00045313.JPEG,53,20.290298461914062,0.0009765625,0.004326874760782033,0.9256468476736058,0.0,38460,0.992330,0.6363567113876343,0.07346614450216293,6
1383,/home/projects/bagon/shared/imagenet512/val/n04229816/ILSVRC2012_val_00015621.JPEG,33,14.492630004882812,0.0009765625,0.002937075604609065,0.9076350865321251,0.0,38462,0.998445,0.15732701122760773,0.09142860025167465,2
1384,/home/projects/bagon/shared/imagenet512/val/n02100236/ILSVRC2012_val_00022571.JPEG,50,10.315963745117188,0.0009918212890625,0.004360922796079861,0.8654961964931407,0.0,38465,0.996415,0.7541828751564026,0.13322234153747559,7
1385,/home/projects/bagon/shared/imagenet512/val/n03866082/ILSVRC2012_val_00031324.JPEG,43,17.957286834716797,0.000736236572265625,0.003944648912592509,0.8342434749907995,0.0,38469,0.996983,0.3442760407924652,0.1649482250213623,2
1386,/home/projects/bagon/shared/imagenet512/val/n02730930/ILSVRC2012_val_00014179.JPEG,29,0.24970626831054688,0.000850677490234375,0.0026459110342710603,0.0700120399279588,0.0,38475,0.996844,0.9290751218795776,0.9290751218795776,0
1387,/home/projects/bagon/shared/imagenet512/val/n03532672/ILSVRC2012_val_00043481.JPEG,40,42.39839553833008,0.000675201416015625,0.0036455379410536962,0.9944823540513437,0.0,38478,0.996342,0.6955656409263611,0.004532943945378065,13
1388,/home/projects/bagon/shared/imagenet512/val/n03297495/ILSVRC2012_val_00015032.JPEG,46,23.63341522216797,0.00087738037109375,0.004006282982281179,0.9787279833678539,0.0,38479,0.995482,0.31807518005371094,0.020035531371831894,6
1389,/home/projects/bagon/shared/imagenet512/val/n03100240/ILSVRC2012_val_00027508.JPEG,28,1.8098793029785156,0.000766754150390625,0.002687366053374882,0.4074504304648564,0.0,38481,0.998239,0.5915828943252563,0.5915828943252563,0
1390,/home/projects/bagon/shared/imagenet512/val/n04347754/ILSVRC2012_val_00043762.JPEG,49,2.0338821411132812,0.0009307861328125,0.0037137939610702407,0.583316976232638,0.0,38482,0.996601,0.49372249841690063,0.41566652059555054,1
1391,/home/projects/bagon/shared/imagenet512/val/n03017168/ILSVRC2012_val_00001601.JPEG,50,31.338165283203125,0.00086212158203125,0.004113266513956659,0.9834665349956876,0.0,38487,0.990394,0.22262826561927795,0.015178395435214043,6
1392,/home/projects/bagon/shared/imagenet512/val/n04033901/ILSVRC2012_val_00007806.JPEG,29,6.668190002441406,0.0009918212890625,0.0024770032644498177,0.9236624167524341,0.0,38491,0.997976,0.17759940028190613,0.07519791275262833,2
1393,/home/projects/bagon/shared/imagenet512/val/n07716906/ILSVRC2012_val_00018457.JPEG,32,7.109569549560547,0.000949859619140625,0.002855812857235106,0.5756352889449259,0.0,38492,0.997369,0.4236234724521637,0.4236234724521637,0
1394,/home/projects/bagon/shared/imagenet512/val/n02089973/ILSVRC2012_val_00046454.JPEG,50,12.065948486328125,0.0008544921875,0.004607274385940236,0.7031798636628553,0.0,38500,0.996983,0.5868603587150574,0.29590553045272827,4
1395,/home/projects/bagon/shared/imagenet512/val/n03180011/ILSVRC2012_val_00024362.JPEG,86,8.724746704101562,0.00096893310546875,0.006676087992677366,0.560285564685147,0.0,38501,0.991256,0.43777692317962646,0.43777692317962646,0
1396,/home/projects/bagon/shared/imagenet512/val/n03873416/ILSVRC2012_val_00026884.JPEG,29,18.11785125732422,0.00098419189453125,0.0026785427645603602,0.9197449328893081,0.0,38504,0.997654,0.7180629372596741,0.07964139431715012,4
1397,/home/projects/bagon/shared/imagenet512/val/n01817953/ILSVRC2012_val_00024592.JPEG,31,1.5887489318847656,0.000934600830078125,0.0027044811908446004,0.6858435924055427,0.0,38505,0.997571,0.31298720836639404,0.31298720836639404,0
1398,/home/projects/bagon/shared/imagenet512/val/n02977058/ILSVRC2012_val_00021001.JPEG,42,30.651763916015625,0.00096893310546875,0.003723133499080994,0.9789108479430157,0.0,38506,0.996917,0.2931112051010132,0.020045215263962746,8
1399,/home/projects/bagon/shared/imagenet512/val/n03141823/ILSVRC2012_val_00025538.JPEG,33,3.139972686767578,0.000972747802734375,0.0030470098515561306,0.6771202331642759,0.0,38509,0.998204,0.3219766616821289,0.3219766616821289,0
1400,/home/projects/bagon/shared/imagenet512/val/n02939185/ILSVRC2012_val_00040315.JPEG,29,2.8997459411621094,0.000713348388671875,0.0027700274873101198,0.43105357753997064,0.0,38510,0.998005,0.5681252479553223,0.5681252479553223,0
1401,/home/projects/bagon/shared/imagenet512/val/n01644900/ILSVRC2012_val_00032966.JPEG,49,23.37751007080078,0.00099945068359375,0.003999129427160652,0.9594815329176594,0.0,38512,0.996634,0.9080979824066162,0.03912019729614258,8
1402,/home/projects/bagon/shared/imagenet512/val/n02892767/ILSVRC2012_val_00040153.JPEG,30,3.7421226501464844,0.000858306884765625,0.0026840570163836398,0.5299684748729363,0.0,38513,0.998285,0.4691241681575775,0.4691241681575775,0
1403,/home/projects/bagon/shared/imagenet512/val/n02088466/ILSVRC2012_val_00039741.JPEG,41,7.889690399169922,0.000904083251953125,0.003483346122289562,0.8507501466485041,0.0,38514,0.998004,0.3651486039161682,0.1482142060995102,3
1404,/home/projects/bagon/shared/imagenet512/val/n01687978/ILSVRC2012_val_00018305.JPEG,39,10.101692199707031,0.0009613037109375,0.003506416912138034,0.8472260434648967,0.0,38515,0.996060,0.49384260177612305,0.1516331434249878,4
1405,/home/projects/bagon/shared/imagenet512/val/n04004767/ILSVRC2012_val_00042574.JPEG,33,1.2957267761230469,0.000888824462890625,0.003056919934210846,0.25606647956718964,0.0,38516,0.995942,0.7430590987205505,0.7430590987205505,0
1406,/home/projects/bagon/shared/imagenet512/val/n02128385/ILSVRC2012_val_00043350.JPEG,43,2.3134918212890625,0.00084686279296875,0.003858388025887364,0.43945754037058415,0.0,38517,0.996546,0.5594492554664612,0.5594492554664612,0
1407,/home/projects/bagon/shared/imagenet512/val/n04037443/ILSVRC2012_val_00045368.JPEG,54,19.542530059814453,0.000820159912109375,0.004887025937776772,0.896553923600754,0.0,38525,0.995186,0.36420854926109314,0.10288278013467789,5
1408,/home/projects/bagon/shared/imagenet512/val/n02641379/ILSVRC2012_val_00035138.JPEG,47,16.518802642822266,0.000766754150390625,0.004155171315891965,0.9408316587309795,0.0,38526,0.992304,0.6015563607215881,0.058386269956827164,5
1409,/home/projects/bagon/shared/imagenet512/val/n02085620/ILSVRC2012_val_00006079.JPEG,43,33.06576156616211,0.000888824462890625,0.0037255357847585284,0.9829243928034916,0.0,38528,0.995078,0.5233516097068787,0.016287652775645256,12
1410,/home/projects/bagon/shared/imagenet512/val/n02790996/ILSVRC2012_val_00010021.JPEG,40,0.8055267333984375,0.0009613037109375,0.0035378551461936326,0.07044637118479133,0.0,38529,0.996766,0.9284939765930176,0.9284939765930176,0
1411,/home/projects/bagon/shared/imagenet512/val/n03706229/ILSVRC2012_val_00002384.JPEG,42,3.2960052490234375,0.00095367431640625,0.003583496824711205,0.4645875678778328,0.0,38533,0.997560,0.5343608260154724,0.5343608260154724,0
1412,/home/projects/bagon/shared/imagenet512/val/n03476991/ILSVRC2012_val_00031303.JPEG,31,6.328182220458984,0.000965118408203125,0.0029623160450934754,0.6637990357280568,0.0,38538,0.997162,0.5684679746627808,0.3355228900909424,2
1413,/home/projects/bagon/shared/imagenet512/val/n03532672/ILSVRC2012_val_00032596.JPEG,31,18.242053985595703,0.000804901123046875,0.002881730353016713,0.9458728109663969,0.0,38540,0.998288,0.4254697263240814,0.053440339863300323,5
1414,/home/projects/bagon/shared/imagenet512/val/n04505470/ILSVRC2012_val_00000971.JPEG,56,8.159492492675781,0.00083160400390625,0.004873900108919308,0.7304364071078726,0.0,38542,0.993528,0.6522932052612305,0.2686220109462738,5
1415,/home/projects/bagon/shared/imagenet512/val/n01632777/ILSVRC2012_val_00045553.JPEG,68,55.24571990966797,0.0009307861328125,0.005169567925661061,0.9976138781751013,0.0,38550,0.993463,0.3253284990787506,0.0013843108899891376,11
1416,/home/projects/bagon/shared/imagenet512/val/n03720891/ILSVRC2012_val_00044207.JPEG,34,35.4828987121582,0.000766754150390625,0.0031740991010061857,0.9920739806335904,0.0,38553,0.996508,0.2226322740316391,0.007220942992717028,9
1417,/home/projects/bagon/shared/imagenet512/val/n02974003/ILSVRC2012_val_00003234.JPEG,49,22.349571228027344,0.00090789794921875,0.004308877942466485,0.9177906902435955,0.0,38557,0.995989,0.35269874334335327,0.08131235092878342,4
1418,/home/projects/bagon/shared/imagenet512/val/n04596742/ILSVRC2012_val_00014677.JPEG,33,8.2276611328125,0.00078582763671875,0.00302631543889264,0.7476187322036107,0.0,38561,0.994900,0.25154417753219604,0.25154417753219604,0
1419,/home/projects/bagon/shared/imagenet512/val/n15075141/ILSVRC2012_val_00021031.JPEG,40,37.66718292236328,0.00080108642578125,0.0035141057125349763,0.9936692778763929,0.0,38567,0.992676,0.19304333627223969,0.004981943406164646,10
1420,/home/projects/bagon/shared/imagenet512/val/n02100236/ILSVRC2012_val_00043315.JPEG,55,15.181529998779297,0.000934600830078125,0.004446502475481307,0.9049507403365008,0.0,38568,0.995563,0.43598321080207825,0.09418614208698273,4
1421,/home/projects/bagon/shared/imagenet512/val/n04033901/ILSVRC2012_val_00038041.JPEG,33,2.299945831298828,0.000919342041015625,0.002935368706045274,0.32872193513884923,0.0,38569,0.997356,0.6701096892356873,0.6701096892356873,0
1422,/home/projects/bagon/shared/imagenet512/val/n04023962/ILSVRC2012_val_00049616.JPEG,30,3.6910552978515625,0.0009918212890625,0.00266291162145387,0.819108058666782,0.0,38570,0.996052,0.552645206451416,0.1793443262577057,3
1423,/home/projects/bagon/shared/imagenet512/val/n03785016/ILSVRC2012_val_00037092.JPEG,28,0.8806686401367188,0.0009918212890625,0.00243072115173989,0.2334777419811188,0.0,38571,0.998912,0.7655051946640015,0.7655051946640015,0
1424,/home/projects/bagon/shared/imagenet512/val/n09399592/ILSVRC2012_val_00019605.JPEG,34,1.8274612426757812,0.000946044921875,0.003142492475208849,0.42177535811841754,0.0,38574,0.998235,0.5773128271102905,0.5773128271102905,0
1425,/home/projects/bagon/shared/imagenet512/val/n02113712/ILSVRC2012_val_00029675.JPEG,32,3.801990509033203,0.000926971435546875,0.0030360602169888654,0.6563797999057166,0.0,38575,0.997020,0.6117902398109436,0.34265580773353577,2
1426,/home/projects/bagon/shared/imagenet512/val/n02277742/ILSVRC2012_val_00022498.JPEG,46,14.978885650634766,0.000865936279296875,0.00395676778523969,0.8804511483564911,0.0,38576,0.996456,0.533143937587738,0.11856481432914734,6
1427,/home/projects/bagon/shared/imagenet512/val/n04461696/ILSVRC2012_val_00000671.JPEG,31,5.459918975830078,0.000972747802734375,0.0028390003623357638,0.7354841298336977,0.0,38577,0.998302,0.6329973936080933,0.2631015181541443,3
1428,/home/projects/bagon/shared/imagenet512/val/n02087394/ILSVRC2012_val_00036907.JPEG,42,8.700912475585938,0.00074005126953125,0.003880203802039634,0.7180980735009767,0.0,38578,0.996691,0.4319881200790405,0.28102511167526245,2
1429,/home/projects/bagon/shared/imagenet512/val/n02777292/ILSVRC2012_val_00007385.JPEG,36,0.49449920654296875,0.00098419189453125,0.003267785812223861,0.062343168780926245,0.0,38579,0.995965,0.9368139505386353,0.9368139505386353,0
1430,/home/projects/bagon/shared/imagenet512/val/n02492660/ILSVRC2012_val_00041294.JPEG,50,32.16441345214844,0.000701904296875,0.004288136217888483,0.9845551336559833,0.0,38583,0.995289,0.309639573097229,0.01461341604590416,9
1431,/home/projects/bagon/shared/imagenet512/val/n03794056/ILSVRC2012_val_00020381.JPEG,42,10.269485473632812,0.00083160400390625,0.0034938092065206873,0.829173303240427,0.0,38585,0.997039,0.28640303015708923,0.1697199046611786,2
1432,/home/projects/bagon/shared/imagenet512/val/n09332890/ILSVRC2012_val_00032615.JPEG,50,12.567108154296875,0.00099945068359375,0.004565880627107709,0.7939682695762067,0.0,38587,0.992007,0.28059718012809753,0.20514895021915436,2
1433,/home/projects/bagon/shared/imagenet512/val/n04548362/ILSVRC2012_val_00028532.JPEG,35,8.29977035522461,0.000720977783203125,0.0032404296798449737,0.6644895850258686,0.0,38588,0.997890,0.3348645269870758,0.3348645269870758,0
1434,/home/projects/bagon/shared/imagenet512/val/n02101388/ILSVRC2012_val_00042810.JPEG,73,41.720130920410156,0.00090789794921875,0.006274412180713404,0.9674014702159153,0.0,38589,0.990402,0.7149826884269714,0.03124975971877575,16
1435,/home/projects/bagon/shared/imagenet512/val/n07718472/ILSVRC2012_val_00043204.JPEG,34,4.1145172119140625,0.00096893310546875,0.003143723226187715,0.5679030737022684,0.0,38590,0.996552,0.4311402142047882,0.4311402142047882,0
1436,/home/projects/bagon/shared/imagenet512/val/n03492542/ILSVRC2012_val_00005148.JPEG,36,10.66973876953125,0.00086212158203125,0.002968997423475494,0.9397051549773128,0.0,38591,0.997741,0.23341168463230133,0.059236105531454086,4
1437,/home/projects/bagon/shared/imagenet512/val/n04560804/ILSVRC2012_val_00002597.JPEG,38,13.159496307373047,0.000949859619140625,0.0034925339280521277,0.8107488912132681,0.0,38592,0.994944,0.18756796419620514,0.18756796419620514,0
1438,/home/projects/bagon/shared/imagenet512/val/n01644900/ILSVRC2012_val_00044993.JPEG,55,16.438457489013672,0.000789642333984375,0.004609650334339537,0.8732143647980672,0.0,38593,0.991969,0.6547886729240417,0.12573768198490143,5
1439,/home/projects/bagon/shared/imagenet512/val/n03773504/ILSVRC2012_val_00021235.JPEG,92,24.036075592041016,0.000942230224609375,0.007385951601774424,0.8125128644124963,0.0,38594,0.970990,0.7297713756561279,0.18640291690826416,14
1440,/home/projects/bagon/shared/imagenet512/val/n10148035/ILSVRC2012_val_00026839.JPEG,44,12.147735595703125,0.00080108642578125,0.0038506217274737868,0.8874798174910107,0.0,38595,0.996291,0.15078231692314148,0.11168856918811798,1
1441,/home/projects/bagon/shared/imagenet512/val/n03075370/ILSVRC2012_val_00036914.JPEG,64,64.07594299316406,0.00095367431640625,0.005379860877263984,0.9924459329898129,0.0,38598,0.976076,0.9748586416244507,0.006451458670198917,20
1442,/home/projects/bagon/shared/imagenet512/val/n04550184/ILSVRC2012_val_00004052.JPEG,34,33.598445892333984,0.000827789306640625,0.0032195580590225177,0.971397750114392,0.0,38599,0.996385,0.43093904852867126,0.028209520503878593,6
1443,/home/projects/bagon/shared/imagenet512/val/n04355338/ILSVRC2012_val_00030203.JPEG,53,21.758819580078125,0.0009002685546875,0.004581113249383906,0.9618777692807011,0.0,38603,0.991943,0.23609137535095215,0.03725430741906166,7
1444,/home/projects/bagon/shared/imagenet512/val/n04125021/ILSVRC2012_val_00042742.JPEG,35,14.298931121826172,0.000789642333984375,0.0031743934871413665,0.8727875808935115,0.0,38607,0.996755,0.36484798789024353,0.12663790583610535,3
1445,/home/projects/bagon/shared/imagenet512/val/n04099969/ILSVRC2012_val_00019846.JPEG,32,2.2855300903320312,0.00098419189453125,0.0028143382513204796,0.743857385698078,0.0,38610,0.997623,0.7148737907409668,0.2550414502620697,3
1446,/home/projects/bagon/shared/imagenet512/val/n02096051/ILSVRC2012_val_00014738.JPEG,41,6.5928955078125,0.0008697509765625,0.003740598015166086,0.8169732166139823,0.0,38616,0.994458,0.45432451367378235,0.18203900754451752,3
1447,/home/projects/bagon/shared/imagenet512/val/n02497673/ILSVRC2012_val_00000092.JPEG,47,3.92474365234375,0.00093841552734375,0.003917679523493202,0.5741306660453854,0.0,38618,0.996463,0.47452980279922485,0.42496588826179504,1
1448,/home/projects/bagon/shared/imagenet512/val/n02445715/ILSVRC2012_val_00036461.JPEG,66,3.1961898803710938,0.0009918212890625,0.005108429265440633,0.4291640163990576,0.0,38619,0.995240,0.5696514248847961,0.5696514248847961,0
1449,/home/projects/bagon/shared/imagenet512/val/n02108089/ILSVRC2012_val_00035275.JPEG,36,6.455478668212891,0.000949859619140625,0.0032515276960620905,0.7223989481032101,0.0,38623,0.997632,0.2766519784927368,0.2766519784927368,0
1450,/home/projects/bagon/shared/imagenet512/val/n02268853/ILSVRC2012_val_00028579.JPEG,71,10.69171142578125,0.0009613037109375,0.0059286464811753965,0.7129885210191205,0.0,38624,0.992551,0.6519848704338074,0.28601402044296265,5
1451,/home/projects/bagon/shared/imagenet512/val/n04209133/ILSVRC2012_val_00002394.JPEG,52,23.866989135742188,0.0009918212890625,0.00406426347698236,0.9955506761893274,0.0,38626,0.993042,0.8998542428016663,0.0034505135845392942,9
1452,/home/projects/bagon/shared/imagenet512/val/n03544143/ILSVRC2012_val_00036746.JPEG,40,16.665210723876953,0.000972747802734375,0.0032742093990699964,0.932777334759752,0.0,38628,0.997455,0.41552117466926575,0.06633871048688889,3
1453,/home/projects/bagon/shared/imagenet512/val/n02676566/ILSVRC2012_val_00028510.JPEG,63,18.30683135986328,0.00098419189453125,0.005593095297963019,0.799221619569449,0.0,38630,0.990876,0.28977155685424805,0.19988496601581573,2
1454,/home/projects/bagon/shared/imagenet512/val/n02909870/ILSVRC2012_val_00017170.JPEG,30,5.727664947509766,0.000804901123046875,0.0028304351146919058,0.786964579868749,0.0,38631,0.997844,0.21581797301769257,0.21202251315116882,1
1455,/home/projects/bagon/shared/imagenet512/val/n02013706/ILSVRC2012_val_00026942.JPEG,52,25.480133056640625,0.0008544921875,0.004149776915243112,0.9713668678668087,0.0,38632,0.994864,0.27113860845565796,0.02753678523004055,8
1456,/home/projects/bagon/shared/imagenet512/val/n04493381/ILSVRC2012_val_00036788.JPEG,32,2.35882568359375,0.00098419189453125,0.002750262553797529,0.47680085655118354,0.0,38633,0.996394,0.5217927694320679,0.5217927694320679,0
1457,/home/projects/bagon/shared/imagenet512/val/n02113624/ILSVRC2012_val_00012904.JPEG,41,6.7752838134765625,0.00090789794921875,0.003782611551848547,0.7377397418667927,0.0,38639,0.997874,0.6444017291069031,0.26097699999809265,4
1458,/home/projects/bagon/shared/imagenet512/val/n09246464/ILSVRC2012_val_00007794.JPEG,43,10.938922882080078,0.000820159912109375,0.003874724110743621,0.6977977717477978,0.0,38640,0.994303,0.5218470096588135,0.30154818296432495,3
1459,/home/projects/bagon/shared/imagenet512/val/n04418357/ILSVRC2012_val_00041249.JPEG,41,41.056732177734375,0.0009918212890625,0.0032883649216786334,0.9871093060819413,0.0,38645,0.992648,0.5707009434700012,0.01184242032468319,8
1460,/home/projects/bagon/shared/imagenet512/val/n02877765/ILSVRC2012_val_00031978.JPEG,49,67.61991500854492,0.000789642333984375,0.003858689233528371,0.9972087887734267,0.0,38648,0.996330,0.8892233967781067,0.001965859206393361,14
1461,/home/projects/bagon/shared/imagenet512/val/n02667093/ILSVRC2012_val_00009218.JPEG,34,10.558822631835938,0.0008087158203125,0.0030011907270509285,0.8246653511364147,0.0,38649,0.996511,0.43904417753219604,0.17453843355178833,3
1462,/home/projects/bagon/shared/imagenet512/val/n02097298/ILSVRC2012_val_00028300.JPEG,41,5.004413604736328,0.000926971435546875,0.003763803434265927,0.5888357159900379,0.0,38651,0.996506,0.40999630093574524,0.40999630093574524,0
1463,/home/projects/bagon/shared/imagenet512/val/n03710193/ILSVRC2012_val_00019006.JPEG,39,28.710132598876953,0.000759124755859375,0.0035827742758203648,0.9731184865296851,0.0,38654,0.993827,0.6157985925674438,0.025972966104745865,10
1464,/home/projects/bagon/shared/imagenet512/val/n03476684/ILSVRC2012_val_00007252.JPEG,28,5.9775390625,0.00096893310546875,0.0026008049790547283,0.9370545641477653,0.0,38656,0.997946,0.8713412880897522,0.0618942528963089,5
1465,/home/projects/bagon/shared/imagenet512/val/n07747607/ILSVRC2012_val_00006199.JPEG,51,9.002769470214844,0.00090789794921875,0.0045059461568483505,0.6730551986165536,0.0,38659,0.996709,0.32571402192115784,0.32571402192115784,0
1466,/home/projects/bagon/shared/imagenet512/val/n02098413/ILSVRC2012_val_00020428.JPEG,25,1.702850341796875,0.00091552734375,0.002402016562297611,0.36529115126708583,0.0,38660,0.998531,0.6338403820991516,0.6338403820991516,0
1467,/home/projects/bagon/shared/imagenet512/val/n02879718/ILSVRC2012_val_00043811.JPEG,46,35.701026916503906,0.0009613037109375,0.004310270670022844,0.9730597855931472,0.0,38663,0.995704,0.19420242309570312,0.02591882273554802,7
1468,/home/projects/bagon/shared/imagenet512/val/n02101006/ILSVRC2012_val_00003769.JPEG,45,32.2435417175293,0.000934600830078125,0.004046883195144807,0.9794172259727439,0.0,38665,0.994715,0.7597813606262207,0.019510673359036446,9
1469,/home/projects/bagon/shared/imagenet512/val/n02087046/ILSVRC2012_val_00022434.JPEG,38,3.0178909301757812,0.00089263916015625,0.0034392203471762185,0.5367028382196445,0.0,38666,0.997835,0.4618295431137085,0.4618295431137085,0
1470,/home/projects/bagon/shared/imagenet512/val/n02226429/ILSVRC2012_val_00037042.JPEG,59,16.313446044921875,0.00099945068359375,0.005062836425949668,0.8705621806593531,0.0,38669,0.995223,0.8274345993995667,0.12839706242084503,9
1471,/home/projects/bagon/shared/imagenet512/val/n02102973/ILSVRC2012_val_00044387.JPEG,45,3.3229637145996094,0.000835418701171875,0.00389675502853083,0.3854846639791654,0.0,38671,0.996374,0.6136397123336792,0.6136397123336792,0
1472,/home/projects/bagon/shared/imagenet512/val/n03724870/ILSVRC2012_val_00007640.JPEG,38,17.659130096435547,0.000949859619140625,0.003362981399476482,0.923260479245561,0.0,38672,0.996547,0.5787610411643982,0.0758814811706543,6
1473,/home/projects/bagon/shared/imagenet512/val/n01774750/ILSVRC2012_val_00005326.JPEG,57,25.872821807861328,0.000934600830078125,0.004683298755112316,0.9128804336758791,0.0,38675,0.985236,0.3296293318271637,0.08631127327680588,6
1474,/home/projects/bagon/shared/imagenet512/val/n04356056/ILSVRC2012_val_00030251.JPEG,55,7.297718048095703,0.000865936279296875,0.004888383438537344,0.7474249809847455,0.0,38677,0.994131,0.2512400150299072,0.2512400150299072,0
1475,/home/projects/bagon/shared/imagenet512/val/n03903868/ILSVRC2012_val_00026940.JPEG,51,40.67141342163086,0.000896453857421875,0.004342231183404476,0.9948231329736275,0.0,38681,0.995656,0.9677494168281555,0.004208430647850037,13
1476,/home/projects/bagon/shared/imagenet512/val/n03492542/ILSVRC2012_val_00014057.JPEG,38,13.457763671875,0.00089263916015625,0.0029977477952266283,0.9797110912724335,0.0,38686,0.998274,0.5624704360961914,0.019329270347952843,4
1477,/home/projects/bagon/shared/imagenet512/val/n04418357/ILSVRC2012_val_00049075.JPEG,45,9.865615844726562,0.00087738037109375,0.0036170954994302895,0.7482991058752074,0.0,38688,0.995966,0.3197610080242157,0.2506657540798187,1
1478,/home/projects/bagon/shared/imagenet512/val/n04553703/ILSVRC2012_val_00038528.JPEG,34,6.893016815185547,0.000827789306640625,0.003179975765714683,0.6374484807047225,0.0,38692,0.998016,0.3613327145576477,0.3613327145576477,0
1479,/home/projects/bagon/shared/imagenet512/val/n04209239/ILSVRC2012_val_00007505.JPEG,51,25.446369171142578,0.000965118408203125,0.004224169899682821,0.9141396713817491,0.0,38693,0.994727,0.3875952661037445,0.08445809781551361,5
1480,/home/projects/bagon/shared/imagenet512/val/n12144580/ILSVRC2012_val_00041952.JPEG,54,6.759422302246094,0.00099945068359375,0.004763045358905929,0.5630631816856543,0.0,38695,0.995682,0.4357215464115143,0.4357215464115143,0
1481,/home/projects/bagon/shared/imagenet512/val/n02454379/ILSVRC2012_val_00018686.JPEG,45,33.76386642456055,0.000949859619140625,0.003908832430867864,0.9951841898026293,0.0,38698,0.993496,0.859623372554779,0.0039300573989748955,10
1482,/home/projects/bagon/shared/imagenet512/val/n03709823/ILSVRC2012_val_00022534.JPEG,40,3.519306182861328,0.000858306884765625,0.0036993240769931817,0.47109800663683377,0.0,38707,0.996802,0.5281139016151428,0.5281139016151428,0
1483,/home/projects/bagon/shared/imagenet512/val/n03692522/ILSVRC2012_val_00019600.JPEG,45,23.022384643554688,0.00086212158203125,0.004173350957301927,0.9559608963477382,0.0,38710,0.995492,0.20634818077087402,0.04247748479247093,8
1484,/home/projects/bagon/shared/imagenet512/val/n03773504/ILSVRC2012_val_00024028.JPEG,76,19.40191650390625,0.0008087158203125,0.00612829474273463,0.8377538569202164,0.0,38711,0.992351,0.5810838937759399,0.16136310994625092,4
1485,/home/projects/bagon/shared/imagenet512/val/n04443257/ILSVRC2012_val_00043358.JPEG,30,3.4413604736328125,0.00099945068359375,0.00274252469868953,0.5382729964274002,0.0,38712,0.997396,0.46080249547958374,0.46080249547958374,0
1486,/home/projects/bagon/shared/imagenet512/val/n02807133/ILSVRC2012_val_00042154.JPEG,28,1.4706497192382812,0.0009765625,0.0026890228766632196,0.17248566867786275,0.0,38715,0.997131,0.8268458247184753,0.8268458247184753,0
1487,/home/projects/bagon/shared/imagenet512/val/n02948072/ILSVRC2012_val_00047415.JPEG,49,48.92758560180664,0.000759124755859375,0.004433359266326598,0.9885463982824241,0.0,38717,0.993682,0.6208275556564331,0.0106489984318614,13
1488,/home/projects/bagon/shared/imagenet512/val/n03089624/ILSVRC2012_val_00046464.JPEG,31,4.4695892333984375,0.0009307861328125,0.002769262930876367,0.8160592316539815,0.0,38719,0.997514,0.7761669158935547,0.18305696547031403,3
1489,/home/projects/bagon/shared/imagenet512/val/n03347037/ILSVRC2012_val_00031098.JPEG,31,6.381076812744141,0.000957489013671875,0.0027548218332802857,0.3975415299628478,0.0,38722,0.997438,0.6014146208763123,0.6014146208763123,0
1490,/home/projects/bagon/shared/imagenet512/val/n02105162/ILSVRC2012_val_00018552.JPEG,27,1.3152885437011719,0.000896453857421875,0.002600966231664643,0.15698846900378247,0.0,38724,0.998560,0.8421736359596252,0.8421736359596252,0
1491,/home/projects/bagon/shared/imagenet512/val/n03804744/ILSVRC2012_val_00015196.JPEG,41,7.904052734375,0.0009613037109375,0.0034276835905528245,0.9141029542063056,0.0,38727,0.995566,0.6422011256217957,0.08507253229618073,3
1492,/home/projects/bagon/shared/imagenet512/val/n01608432/ILSVRC2012_val_00015746.JPEG,29,0.5917587280273438,0.00084686279296875,0.002568237937723133,0.10957049639017558,0.0,38730,0.999043,0.8893749117851257,0.8893749117851257,0
1493,/home/projects/bagon/shared/imagenet512/val/n03950228/ILSVRC2012_val_00028744.JPEG,45,5.458984375,0.00087738037109375,0.004104994728369065,0.4402247670217354,0.0,38734,0.994671,0.558968186378479,0.558968186378479,0
1494,/home/projects/bagon/shared/imagenet512/val/n04456115/ILSVRC2012_val_00001700.JPEG,44,10.296039581298828,0.000896453857421875,0.004019964332093687,0.8486296310658488,0.0,38738,0.995511,0.45133957266807556,0.15037377178668976,3
1495,/home/projects/bagon/shared/imagenet512/val/n03602883/ILSVRC2012_val_00022516.JPEG,42,28.48776626586914,0.000957489013671875,0.0039928726884074965,0.9762563572753552,0.0,38740,0.995252,0.600852906703949,0.02288762293756008,11
1496,/home/projects/bagon/shared/imagenet512/val/n02447366/ILSVRC2012_val_00017517.JPEG,51,1.0632286071777344,0.000919342041015625,0.004192978009799504,0.1944947223015846,0.0,38741,0.996983,0.8045419454574585,0.8045419454574585,0
1497,/home/projects/bagon/shared/imagenet512/val/n04208210/ILSVRC2012_val_00043922.JPEG,39,4.6474609375,0.00095367431640625,0.003510358569052018,0.7188907383387203,0.0,38742,0.994067,0.28046178817749023,0.28046178817749023,0
1498,/home/projects/bagon/shared/imagenet512/val/n02089078/ILSVRC2012_val_00037559.JPEG,49,12.30051040649414,0.000957489013671875,0.004404486608953684,0.7819317282658719,0.0,38744,0.994792,0.6389303207397461,0.21727892756462097,4
1499,/home/projects/bagon/shared/imagenet512/val/n02099429/ILSVRC2012_val_00035206.JPEG,31,11.01797866821289,0.000865936279296875,0.0027511457250366995,0.9448951350061356,0.0,38745,0.998112,0.2288900762796402,0.05430864542722702,3
1500,/home/projects/bagon/shared/imagenet512/val/n04392985/ILSVRC2012_val_00001806.JPEG,42,22.62600326538086,0.000736236572265625,0.003771962905141665,0.9198611478747523,0.0,38746,0.996241,0.15091076493263245,0.07936899363994598,2
1501,/home/projects/bagon/shared/imagenet512/val/n02483708/ILSVRC2012_val_00021406.JPEG,46,4.943626403808594,0.00089263916015625,0.003927379389321653,0.7772141650486157,0.0,38747,0.996310,0.22174492478370667,0.22174492478370667,0
1502,/home/projects/bagon/shared/imagenet512/val/n03394916/ILSVRC2012_val_00024837.JPEG,71,43.233360290527344,0.00098419189453125,0.005872447534758655,0.9690009864441873,0.0,38757,0.991044,0.48277223110198975,0.029859093949198723,11
1503,/home/projects/bagon/shared/imagenet512/val/n03781244/ILSVRC2012_val_00048369.JPEG,33,2.2089805603027344,0.000896453857421875,0.003055778745796794,0.2642303066007047,0.0,38758,0.997171,0.7348452210426331,0.7348452210426331,0
1504,/home/projects/bagon/shared/imagenet512/val/n01608432/ILSVRC2012_val_00006203.JPEG,59,43.98558807373047,0.00084686279296875,0.00505351465666481,0.9790593756012278,0.0,38760,0.992556,0.17291729152202606,0.019983340054750443,7
1505,/home/projects/bagon/shared/imagenet512/val/n04239074/ILSVRC2012_val_00003917.JPEG,34,8.868675231933594,0.00081634521484375,0.003119020013895857,0.8224963503740842,0.0,38764,0.995358,0.6554102897644043,0.1764443963766098,3
1506,/home/projects/bagon/shared/imagenet512/val/n07248320/ILSVRC2012_val_00013850.JPEG,27,9.505935668945312,0.000885009765625,0.002619035118653209,0.7495544066108477,0.0,38765,0.998779,0.24978066980838776,0.24978066980838776,0
1507,/home/projects/bagon/shared/imagenet512/val/n04258138/ILSVRC2012_val_00015995.JPEG,48,23.325458526611328,0.000942230224609375,0.003935071218632356,0.9816201368483759,0.0,38766,0.994491,0.6900537610054016,0.017231103032827377,8
1508,/home/projects/bagon/shared/imagenet512/val/n03967562/ILSVRC2012_val_00021178.JPEG,30,13.2548828125,0.00095367431640625,0.002822186552993872,0.9140352336428992,0.0,38767,0.995828,0.2487207055091858,0.08441198617219925,3
1509,/home/projects/bagon/shared/imagenet512/val/n01728572/ILSVRC2012_val_00022016.JPEG,27,0.5239105224609375,0.0009613037109375,0.0023029145130391026,0.14063981863122152,0.0,38770,0.998952,0.8586199879646301,0.8586199879646301,0
1510,/home/projects/bagon/shared/imagenet512/val/n03133878/ILSVRC2012_val_00035267.JPEG,33,1.5474433898925781,0.000850677490234375,0.0029340149681901717,0.2845652453457649,0.0,38771,0.997973,0.7143875956535339,0.7143875956535339,0
1511,/home/projects/bagon/shared/imagenet512/val/n03532672/ILSVRC2012_val_00005540.JPEG,25,7.342277526855469,0.0007476806640625,0.0024040560057176246,0.7089209893987257,0.0,38772,0.998361,0.290189266204834,0.290189266204834,0
1512,/home/projects/bagon/shared/imagenet512/val/n04200800/ILSVRC2012_val_00038439.JPEG,52,55.07713317871094,0.00098419189453125,0.0040856281715388,0.9983987666714919,0.0,38775,0.996537,0.8014164566993713,0.0005678426823578775,10
1513,/home/projects/bagon/shared/imagenet512/val/n02799071/ILSVRC2012_val_00045333.JPEG,35,6.31414794921875,0.00098419189453125,0.003275979110871697,0.6522239096275659,0.0,38777,0.998227,0.5769005417823792,0.3467830419540405,2
1514,/home/projects/bagon/shared/imagenet512/val/n04037443/ILSVRC2012_val_00025858.JPEG,44,14.178421020507812,0.00099945068359375,0.0037861384157449243,0.9219676261604881,0.0,38782,0.994790,0.5456652641296387,0.07707390189170837,4
1515,/home/projects/bagon/shared/imagenet512/val/n07831146/ILSVRC2012_val_00006096.JPEG,44,31.437416076660156,0.0009765625,0.003484530900222361,0.9954362997269858,0.0,38783,0.996223,0.7246967554092407,0.0036166671197861433,9
1516,/home/projects/bagon/shared/imagenet512/val/n03372029/ILSVRC2012_val_00013749.JPEG,47,13.560997009277344,0.00090789794921875,0.003926403679545018,0.8753299860910646,0.0,38784,0.996071,0.6018849015235901,0.1238367110490799,5
1517,/home/projects/bagon/shared/imagenet512/val/n02749479/ILSVRC2012_val_00028527.JPEG,46,12.251686096191406,0.0009002685546875,0.0037762040328277267,0.6723466146713939,0.0,38785,0.995653,0.3268465995788574,0.3268465995788574,0
1518,/home/projects/bagon/shared/imagenet512/val/n02747177/ILSVRC2012_val_00007335.JPEG,50,34.241851806640625,0.00069427490234375,0.004359204342173641,0.9762337017282032,0.0,38787,0.992217,0.2567885220050812,0.02309628203511238,8
1519,/home/projects/bagon/shared/imagenet512/val/n03637318/ILSVRC2012_val_00012801.JPEG,56,14.025962829589844,0.0009918212890625,0.004847227385042037,0.8210948671632325,0.0,38788,0.993440,0.4818340241909027,0.1780075579881668,3
1520,/home/projects/bagon/shared/imagenet512/val/n04328186/ILSVRC2012_val_00010517.JPEG,42,20.47339630126953,0.0009613037109375,0.0038265307707905072,0.9487879668229731,0.0,38790,0.997555,0.8390704989433289,0.05034487321972847,9
1521,/home/projects/bagon/shared/imagenet512/val/n02093647/ILSVRC2012_val_00045903.JPEG,68,18.208396911621094,0.00090789794921875,0.005186428584542509,0.9459806777650542,0.0,38791,0.990271,0.1690320372581482,0.053107850253582,4
1522,/home/projects/bagon/shared/imagenet512/val/n02730930/ILSVRC2012_val_00027370.JPEG,33,4.7349700927734375,0.0009918212890625,0.0030619915514899496,0.8115032048827706,0.0,38792,0.998364,0.19123996794223785,0.18721243739128113,1
1523,/home/projects/bagon/shared/imagenet512/val/n04462240/ILSVRC2012_val_00045237.JPEG,26,6.664920806884766,0.000957489013671875,0.002422595161616577,0.9235801186579226,0.0,38794,0.998115,0.8448215126991272,0.07524744421243668,5
1524,/home/projects/bagon/shared/imagenet512/val/n03690938/ILSVRC2012_val_00024369.JPEG,35,2.838542938232422,0.000888824462890625,0.0031763548743018767,0.6708550611027428,0.0,38796,0.996767,0.3278404772281647,0.3278404772281647,0
1525,/home/projects/bagon/shared/imagenet512/val/n02092339/ILSVRC2012_val_00014605.JPEG,53,38.807621002197266,0.000888824462890625,0.004822132433809398,0.9859472821357138,0.0,38799,0.992319,0.5583284497261047,0.013018096797168255,13
1526,/home/projects/bagon/shared/imagenet512/val/n03666591/ILSVRC2012_val_00036824.JPEG,20,3.564105987548828,0.000782012939453125,0.0019128505026178766,0.5297767707091563,0.0,38805,0.998854,0.4695696234703064,0.4695696234703064,0
1527,/home/projects/bagon/shared/imagenet512/val/n03498962/ILSVRC2012_val_00042039.JPEG,29,9.305294036865234,0.000858306884765625,0.002739200373038911,0.7733837356990779,0.0,38806,0.998803,0.2261548936367035,0.2261548936367035,0
1528,/home/projects/bagon/shared/imagenet512/val/n02804610/ILSVRC2012_val_00035685.JPEG,34,6.150524139404297,0.000804901123046875,0.0028813895759996493,0.5471400050020087,0.0,38807,0.997107,0.4520135223865509,0.4520135223865509,0
1529,/home/projects/bagon/shared/imagenet512/val/n01697457/ILSVRC2012_val_00049373.JPEG,48,11.370162963867188,0.00093841552734375,0.004041622792333886,0.8848450695142714,0.0,38812,0.995823,0.7329561114311218,0.11412487924098969,6
1530,/home/projects/bagon/shared/imagenet512/val/n02321529/ILSVRC2012_val_00026823.JPEG,38,6.651451110839844,0.00091552734375,0.003060392358724435,0.8747894354673045,0.0,38813,0.994785,0.6564251780509949,0.12445268779993057,2
1531,/home/projects/bagon/shared/imagenet512/val/n07684084/ILSVRC2012_val_00009913.JPEG,42,3.919330596923828,0.000911712646484375,0.0036393253568778676,0.5076415587632495,0.0,38814,0.997150,0.4912521541118622,0.4912521541118622,0
1532,/home/projects/bagon/shared/imagenet512/val/n02526121/ILSVRC2012_val_00001747.JPEG,33,3.2016258239746094,0.000942230224609375,0.0028519865630066373,0.25841781254905916,0.0,38816,0.998289,0.7405070662498474,0.7405070662498474,0
1533,/home/projects/bagon/shared/imagenet512/val/n07697537/ILSVRC2012_val_00042704.JPEG,48,8.23843002319336,0.000873565673828125,0.003916253675847426,0.8772753036462836,0.0,38826,0.997386,0.22670120000839233,0.12155900150537491,2
1534,/home/projects/bagon/shared/imagenet512/val/n09835506/ILSVRC2012_val_00048736.JPEG,47,7.936969757080078,0.000904083251953125,0.0038997017425586892,0.9207047298031866,0.0,38829,0.995129,0.8494898676872253,0.07797304540872574,5
1535,/home/projects/bagon/shared/imagenet512/val/n04376876/ILSVRC2012_val_00006272.JPEG,29,4.083560943603516,0.000911712646484375,0.0027783109770762194,0.6627960638932691,0.0,38831,0.996656,0.336249977350235,0.336249977350235,0
1536,/home/projects/bagon/shared/imagenet512/val/n09468604/ILSVRC2012_val_00004259.JPEG,44,3.232646942138672,0.000934600830078125,0.0037047466971222597,0.4433010281321383,0.0,38834,0.994114,0.5557557344436646,0.5557557344436646,0
1537,/home/projects/bagon/shared/imagenet512/val/n03866082/ILSVRC2012_val_00017791.JPEG,45,10.940059661865234,0.000858306884765625,0.004088677522615451,0.725256066856752,0.0,38837,0.996955,0.27409684658050537,0.27409684658050537,0
1538,/home/projects/bagon/shared/imagenet512/val/n07583066/ILSVRC2012_val_00014307.JPEG,58,6.232402801513672,0.000949859619140625,0.004783277638762158,0.78475210702881,0.0,38839,0.996304,0.5537550449371338,0.2142726480960846,2
1539,/home/projects/bagon/shared/imagenet512/val/n04074963/ILSVRC2012_val_00034408.JPEG,56,28.637184143066406,0.00099945068359375,0.004820981886176245,0.9485904826120198,0.0,38840,0.994796,0.2982896864414215,0.05043427646160126,6
1540,/home/projects/bagon/shared/imagenet512/val/n03776460/ILSVRC2012_val_00042549.JPEG,39,4.134220123291016,0.000820159912109375,0.0033316766943758246,0.7255742063797115,0.0,38844,0.996560,0.27367138862609863,0.27367138862609863,0
1541,/home/projects/bagon/shared/imagenet512/val/n02817516/ILSVRC2012_val_00011026.JPEG,36,2.320384979248047,0.000957489013671875,0.0031617708054287597,0.2871803383297261,0.0,38845,0.998187,0.711916446685791,0.711916446685791,0
1542,/home/projects/bagon/shared/imagenet512/val/n03961711/ILSVRC2012_val_00027552.JPEG,44,33.39793014526367,0.000942230224609375,0.0035877762058943523,0.9969537591703702,0.0,38846,0.997373,0.9497779607772827,0.0020368737168610096,10
1543,/home/projects/bagon/shared/imagenet512/val/n03000684/ILSVRC2012_val_00017719.JPEG,36,17.478179931640625,0.0009918212890625,0.0033545661306520814,0.9929194312158277,0.0,38847,0.995877,0.7912623286247253,0.006094121374189854,8
1544,/home/projects/bagon/shared/imagenet512/val/n02096294/ILSVRC2012_val_00022292.JPEG,43,13.988914489746094,0.00092315673828125,0.003948593313530965,0.832167373902251,0.0,38848,0.996731,0.5391947031021118,0.1671638786792755,4
1545,/home/projects/bagon/shared/imagenet512/val/n03345487/ILSVRC2012_val_00028536.JPEG,42,14.877731323242188,0.0008697509765625,0.0038669663478599963,0.6368263604159331,0.0,38851,0.996301,0.36252349615097046,0.36252349615097046,0
1546,/home/projects/bagon/shared/imagenet512/val/n04553703/ILSVRC2012_val_00045791.JPEG,52,45.498416900634766,0.000934600830078125,0.004688666129314015,0.9862625833147673,0.0,38852,0.994625,0.9068335294723511,0.012317195534706116,17
1547,/home/projects/bagon/shared/imagenet512/val/n04270147/ILSVRC2012_val_00027279.JPEG,30,0.5086746215820312,0.00092315673828125,0.0027739573929322575,0.10875938602517111,0.0,38853,0.998275,0.8904061317443848,0.8904061317443848,0
1548,/home/projects/bagon/shared/imagenet512/val/n02786058/ILSVRC2012_val_00006995.JPEG,54,89.06887817382812,0.00090789794921875,0.004648983019437317,0.9987779547548564,0.0,38856,0.993539,0.9910249710083008,0.0004797823494300246,19
1549,/home/projects/bagon/shared/imagenet512/val/n01955084/ILSVRC2012_val_00014350.JPEG,49,23.785480499267578,0.000949859619140625,0.0037997198741923826,0.9836931939607009,0.0,38860,0.996419,0.7745858430862427,0.015207331627607346,6
1550,/home/projects/bagon/shared/imagenet512/val/n02100735/ILSVRC2012_val_00025726.JPEG,46,22.217609405517578,0.000957489013671875,0.004182263633908221,0.945602363226671,0.0,38870,0.993985,0.16152562201023102,0.05325206369161606,5
1551,/home/projects/bagon/shared/imagenet512/val/n04009552/ILSVRC2012_val_00038603.JPEG,24,3.0403213500976562,0.00092315673828125,0.002259950555778659,0.5061941173749783,0.0,38871,0.998314,0.49296846985816956,0.49296846985816956,0
1552,/home/projects/bagon/shared/imagenet512/val/n01697457/ILSVRC2012_val_00043428.JPEG,34,13.770393371582031,0.00095367431640625,0.0030748472066121687,0.891774775155403,0.0,38874,0.996409,0.16502808034420013,0.10686769336462021,1
1553,/home/projects/bagon/shared/imagenet512/val/n03014705/ILSVRC2012_val_00041519.JPEG,39,3.469799041748047,0.000888824462890625,0.0035546527780534604,0.5897070761293939,0.0,38875,0.996791,0.4094068109989166,0.4094068109989166,0
1554,/home/projects/bagon/shared/imagenet512/val/n07768694/ILSVRC2012_val_00007525.JPEG,56,114.6087532043457,0.000789642333984375,0.004970844728889543,0.998365473558484,0.0,38876,0.992608,0.983698844909668,0.0007871087291277945,29
1555,/home/projects/bagon/shared/imagenet512/val/n03372029/ILSVRC2012_val_00011785.JPEG,33,10.09707260131836,0.000667572021484375,0.0031458141286871528,0.8032227157683711,0.0,38877,0.997647,0.19583874940872192,0.19583874940872192,0
1556,/home/projects/bagon/shared/imagenet512/val/n01644900/ILSVRC2012_val_00021211.JPEG,37,2.8457870483398438,0.00099945068359375,0.0034061017596869777,0.4686108931131868,0.0,38884,0.996532,0.5303625464439392,0.5303625464439392,0
1557,/home/projects/bagon/shared/imagenet512/val/n03325584/ILSVRC2012_val_00037917.JPEG,33,2.75579833984375,0.00090789794921875,0.002803264576522062,0.5363040865183382,0.0,38886,0.997935,0.4625919759273529,0.4625919759273529,0
1558,/home/projects/bagon/shared/imagenet512/val/n07749582/ILSVRC2012_val_00047221.JPEG,40,0.7900848388671875,0.00099945068359375,0.003359038299806424,0.3203001956474436,0.0,38891,0.997635,0.6786147356033325,0.6786147356033325,0
1559,/home/projects/bagon/shared/imagenet512/val/n04599235/ILSVRC2012_val_00049409.JPEG,39,16.428173065185547,0.000835418701171875,0.0035889637578497137,0.9017877014232267,0.0,38892,0.998116,0.31500157713890076,0.09680341184139252,4
1560,/home/projects/bagon/shared/imagenet512/val/n03980874/ILSVRC2012_val_00009900.JPEG,52,19.37789535522461,0.000965118408203125,0.0043022837102004614,0.9056453713046027,0.0,38895,0.995232,0.38143864274024963,0.09340621531009674,6
1561,/home/projects/bagon/shared/imagenet512/val/n03773504/ILSVRC2012_val_00028905.JPEG,57,8.889213562011719,0.00092315673828125,0.00490009396361585,0.6273839726909152,0.0,38897,0.993740,0.5256801843643188,0.3710467219352722,3
1562,/home/projects/bagon/shared/imagenet512/val/n01983481/ILSVRC2012_val_00007995.JPEG,54,15.392391204833984,0.000911712646484375,0.004302189503172226,0.9669714732536792,0.0,38901,0.994654,0.777462363243103,0.03215967118740082,7
1563,/home/projects/bagon/shared/imagenet512/val/n02749479/ILSVRC2012_val_00043386.JPEG,35,3.3849258422851562,0.00091552734375,0.0033153246927055168,0.49750935553748415,0.0,38907,0.997638,0.5016468167304993,0.5016468167304993,0
1564,/home/projects/bagon/shared/imagenet512/val/n03000684/ILSVRC2012_val_00026061.JPEG,36,8.349838256835938,0.00099945068359375,0.0034281298597397935,0.8796616939920877,0.0,38913,0.995820,0.31217989325523376,0.11909317970275879,3
1565,/home/projects/bagon/shared/imagenet512/val/n03063689/ILSVRC2012_val_00029697.JPEG,50,45.06242370605469,0.00086212158203125,0.004376570987893088,0.9775817283630447,0.0,38914,0.993749,0.7985310554504395,0.02159307897090912,12
1566,/home/projects/bagon/shared/imagenet512/val/n13133613/ILSVRC2012_val_00008281.JPEG,50,7.005245208740234,0.000843048095703125,0.0044755051600499285,0.5559674550586439,0.0,38926,0.995729,0.5096218585968018,0.4429433345794678,1
1567,/home/projects/bagon/shared/imagenet512/val/n07836838/ILSVRC2012_val_00047306.JPEG,39,7.952014923095703,0.000949859619140625,0.003176190499891501,0.8473713211077925,0.0,38927,0.997787,0.24478380382061005,0.1517956256866455,2
1568,/home/projects/bagon/shared/imagenet512/val/n10148035/ILSVRC2012_val_00012012.JPEG,31,2.914417266845703,0.000957489013671875,0.002669893768838449,0.7346854162166763,0.0,38930,0.997449,0.2645249366760254,0.2645249366760254,0
1569,/home/projects/bagon/shared/imagenet512/val/n01978455/ILSVRC2012_val_00021385.JPEG,35,12.303497314453125,0.00096893310546875,0.0032078518041995644,0.8985290906328253,0.0,38932,0.996752,0.748932957649231,0.1006803885102272,5
1570,/home/projects/bagon/shared/imagenet512/val/n02112350/ILSVRC2012_val_00014700.JPEG,51,16.811378479003906,0.0009918212890625,0.0041238148827254,0.9744600622526949,0.0,38934,0.995969,0.8258976936340332,0.024706492200493813,6
1571,/home/projects/bagon/shared/imagenet512/val/n03782006/ILSVRC2012_val_00026075.JPEG,58,18.949153900146484,0.000881195068359375,0.0050904515442032556,0.9056417085119695,0.0,38935,0.994305,0.5874086022377014,0.09326197952032089,9
1572,/home/projects/bagon/shared/imagenet512/val/n02124075/ILSVRC2012_val_00025168.JPEG,39,8.655750274658203,0.000820159912109375,0.003605976173574966,0.7740686885539342,0.0,38936,0.995988,0.5381383299827576,0.22519777715206146,3
1573,/home/projects/bagon/shared/imagenet512/val/n02999410/ILSVRC2012_val_00008475.JPEG,26,7.254783630371094,0.0009918212890625,0.0025283251298021314,0.8000927371752657,0.0,38937,0.998604,0.19898353517055511,0.19898353517055511,0
1574,/home/projects/bagon/shared/imagenet512/val/n03995372/ILSVRC2012_val_00005681.JPEG,37,18.89196014404297,0.0009613037109375,0.003418631203193085,0.8953777989288085,0.0,38939,0.997278,0.24342992901802063,0.10370723158121109,4
1575,/home/projects/bagon/shared/imagenet512/val/n04485082/ILSVRC2012_val_00011069.JPEG,43,3.1789932250976562,0.0009918212890625,0.003839798639453915,0.3724449441563417,0.0,38942,0.995531,0.6264183521270752,0.6264183521270752,0
1576,/home/projects/bagon/shared/imagenet512/val/n03476991/ILSVRC2012_val_00024231.JPEG,48,27.25372314453125,0.00098419189453125,0.004328518212992413,0.9685627435206056,0.0,38943,0.991823,0.21647579967975616,0.030292531475424767,8
1577,/home/projects/bagon/shared/imagenet512/val/n02107683/ILSVRC2012_val_00016125.JPEG,34,4.8685150146484375,0.00092315673828125,0.0030029765626568153,0.8429116525045706,0.0,38944,0.996365,0.7887775301933289,0.15608102083206177,3
1578,/home/projects/bagon/shared/imagenet512/val/n03126707/ILSVRC2012_val_00031137.JPEG,47,8.864845275878906,0.000946044921875,0.004158084827147685,0.6854634102143635,0.0,38945,0.995640,0.5323677062988281,0.3137762248516083,2
1579,/home/projects/bagon/shared/imagenet512/val/n02317335/ILSVRC2012_val_00045998.JPEG,48,14.592933654785156,0.0009765625,0.0039498140952737735,0.9135714524408496,0.0,38946,0.995560,0.27180781960487366,0.08541380614042282,4
1580,/home/projects/bagon/shared/imagenet512/val/n02978881/ILSVRC2012_val_00017217.JPEG,39,19.01315689086914,0.000942230224609375,0.0035730424527429523,0.9374921595889656,0.0,38955,0.997593,0.4443930685520172,0.06163936108350754,6
1581,/home/projects/bagon/shared/imagenet512/val/n03461385/ILSVRC2012_val_00011072.JPEG,31,6.002086639404297,0.000934600830078125,0.002951757505333272,0.7652523155288673,0.0,38956,0.997751,0.377982497215271,0.23359543085098267,2
1582,/home/projects/bagon/shared/imagenet512/val/n02992211/ILSVRC2012_val_00008029.JPEG,39,0.8899765014648438,0.00099945068359375,0.0031374024365793305,0.18256618957547405,0.0,38958,0.997727,0.8163567185401917,0.8163567185401917,0
1583,/home/projects/bagon/shared/imagenet512/val/n02095314/ILSVRC2012_val_00045861.JPEG,40,12.755016326904297,0.000827789306640625,0.0038213411473483716,0.8952477395617642,0.0,38960,0.996354,0.6138384342193604,0.10414081066846848,6
1584,/home/projects/bagon/shared/imagenet512/val/n04004767/ILSVRC2012_val_00032274.JPEG,43,12.487838745117188,0.00099945068359375,0.003637155572065304,0.968921511652224,0.0,38962,0.997096,0.44777873158454895,0.029690515249967575,6
1585,/home/projects/bagon/shared/imagenet512/val/n07836838/ILSVRC2012_val_00032701.JPEG,40,5.9860382080078125,0.0008697509765625,0.0035721447581076597,0.7242253935463898,0.0,38969,0.997329,0.3859049677848816,0.2749585807323456,1
1586,/home/projects/bagon/shared/imagenet512/val/n03929855/ILSVRC2012_val_00030707.JPEG,37,24.681854248046875,0.000946044921875,0.0034287703240301988,0.9757090070967844,0.0,38971,0.997310,0.16204950213432312,0.023255473002791405,5
1587,/home/projects/bagon/shared/imagenet512/val/n03018349/ILSVRC2012_val_00028820.JPEG,52,14.727630615234375,0.00098419189453125,0.0044286160909794165,0.8550497332718215,0.0,38972,0.995489,0.7890654802322388,0.14368490874767303,7
1588,/home/projects/bagon/shared/imagenet512/val/n02092002/ILSVRC2012_val_00019010.JPEG,27,0.9053535461425781,0.000972747802734375,0.0026018675081714592,0.15852489759250527,0.0,38974,0.997732,0.8405192494392395,0.8405192494392395,0
1589,/home/projects/bagon/shared/imagenet512/val/n01498041/ILSVRC2012_val_00033942.JPEG,46,8.943527221679688,0.000946044921875,0.003927426877758202,0.7572177109086853,0.0,38975,0.994917,0.4433470070362091,0.2417287826538086,2
1590,/home/projects/bagon/shared/imagenet512/val/n02879718/ILSVRC2012_val_00047446.JPEG,28,10.834735870361328,0.000957489013671875,0.0026840897598300194,0.8215263646219082,0.0,38976,0.998258,0.18647779524326324,0.17754043638706207,1
1591,/home/projects/bagon/shared/imagenet512/val/n02747177/ILSVRC2012_val_00014213.JPEG,52,43.928955078125,0.0009613037109375,0.004485498305838472,0.9899093968038466,0.0,38977,0.995002,0.5670796036720276,0.009122690185904503,9
1592,/home/projects/bagon/shared/imagenet512/val/n02093256/ILSVRC2012_val_00009051.JPEG,40,21.71772003173828,0.0009765625,0.0034230281678432005,0.9692814642311367,0.0,38979,0.994795,0.7666718363761902,0.029834197834134102,6
1593,/home/projects/bagon/shared/imagenet512/val/n03637318/ILSVRC2012_val_00015441.JPEG,41,29.310951232910156,0.00089263916015625,0.003626642043371241,0.9755287073343439,0.0,38981,0.996303,0.26138871908187866,0.02373797819018364,5
1594,/home/projects/bagon/shared/imagenet512/val/n04596742/ILSVRC2012_val_00048345.JPEG,41,9.465019226074219,0.00084686279296875,0.003477138644070571,0.8415310822306522,0.0,38986,0.997461,0.5498177409172058,0.15747381746768951,4
1595,/home/projects/bagon/shared/imagenet512/val/n03041632/ILSVRC2012_val_00040170.JPEG,41,2.941211700439453,0.000881195068359375,0.003412131096406146,0.3463387395873638,0.0,38989,0.996424,0.6529051065444946,0.6529051065444946,0
1596,/home/projects/bagon/shared/imagenet512/val/n09835506/ILSVRC2012_val_00043690.JPEG,38,7.562919616699219,0.00092315673828125,0.0034315048600657948,0.7400231079133681,0.0,38993,0.997991,0.25887709856033325,0.25887709856033325,0
1597,/home/projects/bagon/shared/imagenet512/val/n04009552/ILSVRC2012_val_00026384.JPEG,38,43.99388885498047,0.00091552734375,0.0034829703799525748,0.9948977079109244,0.0,38994,0.994930,0.9673576354980469,0.004462508950382471,11
1598,/home/projects/bagon/shared/imagenet512/val/n03976657/ILSVRC2012_val_00015179.JPEG,57,14.8662109375,0.00086212158203125,0.005152126720771574,0.8125445011058742,0.0,38995,0.993388,0.18641072511672974,0.18641072511672974,0
1599,/home/projects/bagon/shared/imagenet512/val/n01644900/ILSVRC2012_val_00047623.JPEG,49,13.599525451660156,0.000946044921875,0.004341807616361746,0.828394922431727,0.0,38997,0.995666,0.4034365713596344,0.17084184288978577,3
1600,/home/projects/bagon/shared/imagenet512/val/n01608432/ILSVRC2012_val_00027693.JPEG,47,7.0868072509765625,0.0009918212890625,0.004111377707327447,0.8203031544785784,0.0,38999,0.996369,0.4265809953212738,0.17863035202026367,3
1601,/home/projects/bagon/shared/imagenet512/val/n03691459/ILSVRC2012_val_00010791.JPEG,42,45.288177490234375,0.00083160400390625,0.003664302539268353,0.9978388579497581,0.0,39000,0.995886,0.9324427843093872,0.0011780819622799754,13
1602,/home/projects/bagon/shared/imagenet512/val/n02655020/ILSVRC2012_val_00009982.JPEG,54,10.341388702392578,0.000942230224609375,0.004336157343163505,0.7821538100347079,0.0,39001,0.995459,0.7191283106803894,0.21694159507751465,4
1603,/home/projects/bagon/shared/imagenet512/val/n03404251/ILSVRC2012_val_00021886.JPEG,46,76.84362411499023,0.000911712646484375,0.0036899524398121978,0.9986598401082242,0.0,39004,0.991061,0.9768343567848206,0.0003188537375535816,17
1604,/home/projects/bagon/shared/imagenet512/val/n04612504/ILSVRC2012_val_00034363.JPEG,58,28.545276641845703,0.000896453857421875,0.004822704368494837,0.9154764793185471,0.0,39009,0.996473,0.5381078720092773,0.08357506990432739,6
1605,/home/projects/bagon/shared/imagenet512/val/n01985128/ILSVRC2012_val_00031589.JPEG,30,10.719654083251953,0.000911712646484375,0.0028261051031911013,0.9572908060708761,0.0,39012,0.997188,0.33810004591941833,0.04099258780479431,6
1606,/home/projects/bagon/shared/imagenet512/val/n04553703/ILSVRC2012_val_00026531.JPEG,36,6.850238800048828,0.000965118408203125,0.0032252099325471763,0.8006435456704146,0.0,39014,0.996580,0.6526750922203064,0.19815164804458618,2
1607,/home/projects/bagon/shared/imagenet512/val/n04599235/ILSVRC2012_val_00032340.JPEG,41,37.377525329589844,0.000946044921875,0.0034553393139964356,0.9987366337576712,0.0,39022,0.994737,0.9803280234336853,0.0001590828615007922,12
1608,/home/projects/bagon/shared/imagenet512/val/n03595614/ILSVRC2012_val_00004708.JPEG,44,3.26531982421875,0.0008544921875,0.0038252092509406125,0.39829890680087304,0.0,39024,0.996093,0.6009143590927124,0.6009143590927124,0
1609,/home/projects/bagon/shared/imagenet512/val/n03786901/ILSVRC2012_val_00008123.JPEG,37,15.14495849609375,0.00083160400390625,0.003480052266549381,0.8981119810161696,0.0,39025,0.995347,0.10115794837474823,0.10115794837474823,0
1610,/home/projects/bagon/shared/imagenet512/val/n06596364/ILSVRC2012_val_00044310.JPEG,39,15.28133773803711,0.000911712646484375,0.0034675587772257026,0.8953431395815251,0.0,39032,0.995427,0.45271989703178406,0.10374759137630463,5
1611,/home/projects/bagon/shared/imagenet512/val/n02093754/ILSVRC2012_val_00013727.JPEG,52,4.739963531494141,0.000690460205078125,0.004237892875074502,0.5436273475276255,0.0,39036,0.996168,0.4553484618663788,0.4553484618663788,0
1612,/home/projects/bagon/shared/imagenet512/val/n03785016/ILSVRC2012_val_00032649.JPEG,33,13.179008483886719,0.00096893310546875,0.0030137899998138313,0.8989010692343817,0.0,39037,0.998196,0.4518416225910187,0.1003294289112091,4
1613,/home/projects/bagon/shared/imagenet512/val/n03481172/ILSVRC2012_val_00041876.JPEG,22,1.6980972290039062,0.0008087158203125,0.002094319058810928,0.3993570822422386,0.0,39039,0.997991,0.5998236536979675,0.5998236536979675,0
1614,/home/projects/bagon/shared/imagenet512/val/n04254680/ILSVRC2012_val_00048715.JPEG,41,9.34688949584961,0.000904083251953125,0.003378987508898816,0.8122945142909813,0.0,39040,0.995560,0.5427406430244446,0.1867024004459381,2
1615,/home/projects/bagon/shared/imagenet512/val/n01494475/ILSVRC2012_val_00018943.JPEG,43,67.1954460144043,0.000972747802734375,0.0037537065405458536,0.9969884619600441,0.0,39042,0.988967,0.09399837255477905,0.0018790621543303132,10
1616,/home/projects/bagon/shared/imagenet512/val/n02971356/ILSVRC2012_val_00023664.JPEG,48,10.884899139404297,0.000881195068359375,0.004284446268700298,0.8852093933319791,0.0,39043,0.992907,0.48516467213630676,0.11396858841180801,4
1617,/home/projects/bagon/shared/imagenet512/val/n03529860/ILSVRC2012_val_00033605.JPEG,50,45.37550735473633,0.000896453857421875,0.004133144376907773,0.9888964623257449,0.0,39047,0.991490,0.4897126853466034,0.010093786753714085,11
1618,/home/projects/bagon/shared/imagenet512/val/n01753488/ILSVRC2012_val_00041616.JPEG,41,4.577667236328125,0.0009765625,0.0037501196399096666,0.4685953021516628,0.0,39053,0.995751,0.5303370356559753,0.5303370356559753,0
1619,/home/projects/bagon/shared/imagenet512/val/n03976657/ILSVRC2012_val_00036239.JPEG,45,13.831222534179688,0.00086212158203125,0.004105632586565755,0.9041327627707587,0.0,39059,0.996783,0.490262895822525,0.09457141160964966,4
1620,/home/projects/bagon/shared/imagenet512/val/n02087394/ILSVRC2012_val_00017792.JPEG,62,42.93416213989258,0.000881195068359375,0.005458103917014669,0.9829790432688541,0.0,39060,0.992431,0.8739426732063293,0.016170063987374306,16
1621,/home/projects/bagon/shared/imagenet512/val/n03124170/ILSVRC2012_val_00005265.JPEG,36,5.590953826904297,0.000926971435546875,0.0034080008700775634,0.658586323811911,0.0,39063,0.994959,0.3403090238571167,0.3403090238571167,0
1622,/home/projects/bagon/shared/imagenet512/val/n03602883/ILSVRC2012_val_00039165.JPEG,35,20.268661499023438,0.00087738037109375,0.003236730551733069,0.9516324316873167,0.0,39067,0.997046,0.2336093932390213,0.04757959023118019,5
1623,/home/projects/bagon/shared/imagenet512/val/n02910353/ILSVRC2012_val_00028781.JPEG,35,26.268890380859375,0.000946044921875,0.003268001095012317,0.9201999496834854,0.0,39068,0.996024,0.2652311623096466,0.07897160202264786,4
1624,/home/projects/bagon/shared/imagenet512/val/n03868863/ILSVRC2012_val_00005396.JPEG,28,7.385761260986328,0.000957489013671875,0.0025760876775333956,0.5923697418057019,0.0,39069,0.997274,0.4067906141281128,0.4067906141281128,0
1625,/home/projects/bagon/shared/imagenet512/val/n02422699/ILSVRC2012_val_00036178.JPEG,40,8.109046936035156,0.00095367431640625,0.0035151991090924726,0.7008845463226507,0.0,39076,0.994863,0.2981104850769043,0.2981104850769043,0
1626,/home/projects/bagon/shared/imagenet512/val/n02099429/ILSVRC2012_val_00032264.JPEG,57,69.46051025390625,0.00077056884765625,0.005030076312037097,0.9893487449348217,0.0,39078,0.994567,0.2350984513759613,0.009294373914599419,13
1627,/home/projects/bagon/shared/imagenet512/val/n04136333/ILSVRC2012_val_00022316.JPEG,42,8.418682098388672,0.000843048095703125,0.003645558916039769,0.6234227328464608,0.0,39079,0.998011,0.3759973347187042,0.3759973347187042,0
1628,/home/projects/bagon/shared/imagenet512/val/n03633091/ILSVRC2012_val_00014570.JPEG,40,11.032478332519531,0.00081634521484375,0.0037941210624918976,0.8916584222278847,0.0,39082,0.997469,0.18616478145122528,0.10708240419626236,2
1629,/home/projects/bagon/shared/imagenet512/val/n03535780/ILSVRC2012_val_00049468.JPEG,37,16.338428497314453,0.000919342041015625,0.0032891675902104005,0.9775584923079053,0.0,39083,0.997950,0.04145113751292229,0.021405555307865143,2
1630,/home/projects/bagon/shared/imagenet512/val/n04008634/ILSVRC2012_val_00010746.JPEG,67,9.96029281616211,0.000972747802734375,0.005714112179296968,0.7430887684287049,0.0,39084,0.985126,0.37805724143981934,0.2556627094745636,2
1631,/home/projects/bagon/shared/imagenet512/val/n04505470/ILSVRC2012_val_00001330.JPEG,49,4.952423095703125,0.0008697509765625,0.004524671308156349,0.5802951132618245,0.0,39085,0.995750,0.5264666676521301,0.4186038374900818,2
1632,/home/projects/bagon/shared/imagenet512/val/n04136333/ILSVRC2012_val_00000442.JPEG,49,28.017723083496094,0.00098419189453125,0.004539168236049396,0.9316179230518876,0.0,39086,0.996042,0.19359347224235535,0.06751209497451782,5
1633,/home/projects/bagon/shared/imagenet512/val/n03935335/ILSVRC2012_val_00005285.JPEG,32,3.2369155883789062,0.00098419189453125,0.002697701267441145,0.7165939757574595,0.0,39091,0.998485,0.6765443682670593,0.2825014293193817,2
1634,/home/projects/bagon/shared/imagenet512/val/n04507155/ILSVRC2012_val_00014615.JPEG,49,41.03185272216797,0.0009002685546875,0.004369496355559933,0.9827083123184859,0.0,39094,0.995354,0.5238945484161377,0.016246896237134933,9
1635,/home/projects/bagon/shared/imagenet512/val/n02091635/ILSVRC2012_val_00009546.JPEG,38,25.175251007080078,0.000858306884765625,0.0034905423585975415,0.9668377842489075,0.0,39095,0.995730,0.18622827529907227,0.032344572246074677,5
1636,/home/projects/bagon/shared/imagenet512/val/n01737021/ILSVRC2012_val_00010522.JPEG,28,13.175682067871094,0.0009918212890625,0.0026455766091044736,0.94686900820475,0.0,39097,0.998480,0.8153920769691467,0.05177275836467743,6
1637,/home/projects/bagon/shared/imagenet512/val/n04037443/ILSVRC2012_val_00038994.JPEG,54,13.19808578491211,0.000942230224609375,0.004615806295222092,0.8366241766997482,0.0,39099,0.994120,0.3117154538631439,0.16242949664592743,3
1638,/home/projects/bagon/shared/imagenet512/val/n07583066/ILSVRC2012_val_00015678.JPEG,57,22.115673065185547,0.000934600830078125,0.004757794470305335,0.961819956462632,0.0,39100,0.994119,0.2680830657482147,0.03707730025053024,6
1639,/home/projects/bagon/shared/imagenet512/val/n03485407/ILSVRC2012_val_00000835.JPEG,58,14.618953704833984,0.000942230224609375,0.004864443957973018,0.9059109607636947,0.0,39101,0.994292,0.7537510991096497,0.09312184900045395,6
1640,/home/projects/bagon/shared/imagenet512/val/n04372370/ILSVRC2012_val_00036222.JPEG,23,3.3616256713867188,0.00086212158203125,0.0021754113518297038,0.6265106069312919,0.0,39106,0.998049,0.3722247779369354,0.3722247779369354,0
1641,/home/projects/bagon/shared/imagenet512/val/n03459775/ILSVRC2012_val_00041036.JPEG,58,40.08050537109375,0.0008544921875,0.004423203145623291,0.9884840802573442,0.0,39107,0.994345,0.1970677673816681,0.01037919707596302,8
1642,/home/projects/bagon/shared/imagenet512/val/n03980874/ILSVRC2012_val_00044812.JPEG,25,1.9358787536621094,0.000934600830078125,0.002325448966072788,0.24517436034415144,0.0,39110,0.998522,0.7534383535385132,0.7534383535385132,0
1643,/home/projects/bagon/shared/imagenet512/val/n02791270/ILSVRC2012_val_00015130.JPEG,42,11.38616943359375,0.00081634521484375,0.0036935003662595814,0.8926371878501993,0.0,39112,0.994719,0.760378897190094,0.10622221231460571,5
1644,/home/projects/bagon/shared/imagenet512/val/n04118776/ILSVRC2012_val_00022869.JPEG,42,8.383991241455078,0.000858306884765625,0.003700740657569841,0.8264790725209603,0.0,39113,0.997442,0.3674420416355133,0.17255836725234985,3
1645,/home/projects/bagon/shared/imagenet512/val/n02804610/ILSVRC2012_val_00019388.JPEG,54,16.662887573242188,0.00090789794921875,0.004326071870009637,0.8914896124759879,0.0,39116,0.994473,0.537064790725708,0.10742580145597458,7
1646,/home/projects/bagon/shared/imagenet512/val/n04522168/ILSVRC2012_val_00048744.JPEG,37,7.088558197021484,0.000972747802734375,0.0034084285300518707,0.678900175156429,0.0,39119,0.997018,0.3391869366168976,0.3202340602874756,1
1647,/home/projects/bagon/shared/imagenet512/val/n02094258/ILSVRC2012_val_00013370.JPEG,48,23.18526840209961,0.000789642333984375,0.004469769651562516,0.9499632236270451,0.0,39121,0.994858,0.6057428121566772,0.04915173724293709,10
1648,/home/projects/bagon/shared/imagenet512/val/n04476259/ILSVRC2012_val_00005555.JPEG,26,13.83694076538086,0.000751495361328125,0.0024730268357498215,0.8585924647168925,0.0,39122,0.998571,0.42477527260780334,0.14099444448947906,3
1649,/home/projects/bagon/shared/imagenet512/val/n01665541/ILSVRC2012_val_00007044.JPEG,19,0.12354278564453125,0.00090789794921875,0.001755360534204813,0.02374677096443024,0.0,39124,0.999084,0.9753738045692444,0.9753738045692444,0
1650,/home/projects/bagon/shared/imagenet512/val/n04204238/ILSVRC2012_val_00022322.JPEG,47,6.1463623046875,0.0008392333984375,0.003975464503164729,0.8715617706513277,0.0,39126,0.993919,0.20922069251537323,0.1273353546857834,2
1651,/home/projects/bagon/shared/imagenet512/val/n04325704/ILSVRC2012_val_00038229.JPEG,27,7.2244873046875,0.0008544921875,0.002607416627562729,0.7857264271133265,0.0,39127,0.999129,0.3663482367992401,0.21352019906044006,2
1652,/home/projects/bagon/shared/imagenet512/val/n02093428/ILSVRC2012_val_00028963.JPEG,39,3.59881591796875,0.000823974609375,0.0035402816152657053,0.5704267860976603,0.0,39131,0.998437,0.4284905791282654,0.4284905791282654,0
1653,/home/projects/bagon/shared/imagenet512/val/n04467665/ILSVRC2012_val_00010556.JPEG,38,21.123756408691406,0.00091552734375,0.0032919891424338164,0.9835698215275666,0.0,39133,0.997497,0.9407697916030884,0.015719125047326088,8
1654,/home/projects/bagon/shared/imagenet512/val/n09428293/ILSVRC2012_val_00008147.JPEG,60,17.868587493896484,0.000843048095703125,0.0053312435597388545,0.8107765889374015,0.0,39137,0.993067,0.6413503885269165,0.1881035566329956,6
1655,/home/projects/bagon/shared/imagenet512/val/n03498962/ILSVRC2012_val_00040931.JPEG,31,1.2474212646484375,0.0009307861328125,0.0028516479950459503,0.1089211387497678,0.0,39144,0.998316,0.8902939558029175,0.8902939558029175,0
1656,/home/projects/bagon/shared/imagenet512/val/n01873310/ILSVRC2012_val_00024992.JPEG,28,4.090606689453125,0.00093841552734375,0.0025625262309840907,0.7576797800644562,0.0,39145,0.998296,0.2429819256067276,0.2412857860326767,1
1657,/home/projects/bagon/shared/imagenet512/val/n04118776/ILSVRC2012_val_00010864.JPEG,44,18.801849365234375,0.0008544921875,0.003955933006607982,0.9369531184676674,0.0,39146,0.995498,0.3804765045642853,0.06214600428938866,5
1658,/home/projects/bagon/shared/imagenet512/val/n02655020/ILSVRC2012_val_00045811.JPEG,40,0.6287574768066406,0.000881195068359375,0.003443750048448514,0.10260562608169542,0.0,39149,0.996804,0.8964616656303406,0.8964616656303406,0
1659,/home/projects/bagon/shared/imagenet512/val/n04141076/ILSVRC2012_val_00036726.JPEG,34,0.33702850341796875,0.00095367431640625,0.0029982796256605247,0.03581365900531865,0.0,39150,0.997624,0.963250994682312,0.963250994682312,0
1660,/home/projects/bagon/shared/imagenet512/val/n07711569/ILSVRC2012_val_00012622.JPEG,60,17.588241577148438,0.0009613037109375,0.004582003683390791,0.899286958367399,0.0,39153,0.994784,0.8717066049575806,0.09974098950624466,6
1661,/home/projects/bagon/shared/imagenet512/val/n03179701/ILSVRC2012_val_00042885.JPEG,39,13.168689727783203,0.000843048095703125,0.0035725068684795396,0.7275450993985983,0.0,39154,0.996672,0.27180010080337524,0.27180010080337524,0
1662,/home/projects/bagon/shared/imagenet512/val/n06596364/ILSVRC2012_val_00017365.JPEG,41,13.338973999023438,0.0009002685546875,0.003745851899345774,0.8709448367232505,0.0,39160,0.996182,0.4627779722213745,0.12812210619449615,4
1663,/home/projects/bagon/shared/imagenet512/val/n03627232/ILSVRC2012_val_00043729.JPEG,62,58.67000198364258,0.000926971435546875,0.005022018062862203,0.9978833897084237,0.0,39161,0.994624,0.21355709433555603,0.0008650897070765495,14
1664,/home/projects/bagon/shared/imagenet512/val/n04286575/ILSVRC2012_val_00041396.JPEG,35,21.636329650878906,0.00096893310546875,0.0032458953133950655,0.9600412243886906,0.0,39162,0.998397,0.0815027579665184,0.03903575614094734,3
1665,/home/projects/bagon/shared/imagenet512/val/n03983396/ILSVRC2012_val_00012996.JPEG,25,3.14703369140625,0.000701904296875,0.002434928257323298,0.5645838159995933,0.0,39168,0.998518,0.4347391426563263,0.4347391426563263,0
