2025-09-23 18:58:44,897 - INFO - Parsed arguments:
2025-09-23 18:58:44,897 - INFO -   amp_dtype = None
2025-09-23 18:58:44,897 - INFO -   bars_npy = /home/projects/bagon/andreyg/Projects/BMM_school/Universal_learning/Programming/bars/geq6wrong_21017_geq6correct_1525_imagenet.npy
2025-09-23 18:58:44,897 - INFO -   cka_layer_fraction = 0.05
2025-09-23 18:58:44,897 - INFO -   current_worker = 7
2025-09-23 18:58:44,897 - INFO -   deterministic = True
2025-09-23 18:58:44,897 - INFO -   device = cuda
2025-09-23 18:58:44,897 - INFO -   epsilon = 0.001
2025-09-23 18:58:44,897 - INFO -   examples_csv = /home/projects/bagon/andreyg/Projects/BMM_school/Universal_learning/Programming/bars/geq6wrong_21017_geq6correct_1525_imagenet_examples_ammended.csv
2025-09-23 18:58:44,897 - INFO -   explicit_examples_for_training = None
2025-09-23 18:58:44,897 - INFO -   grad_clip_norm = 1.0
2025-09-23 18:58:44,897 - INFO -   hierarchy_json = /home/projects/bagon/andreyg/Projects/BMM_school/Universal_learning/Programming/bars/imagenet_synset_hierarchy.json
2025-09-23 18:58:44,897 - INFO -   imagenet_models_csv = /home/projects/bagon/andreyg/Projects/BMM_school/Universal_learning/Programming/bars/imagenet_models.csv
2025-09-23 18:58:44,897 - INFO -   lr = 0.0001
2025-09-23 18:58:44,897 - INFO -   max_examples = 50000
2025-09-23 18:58:44,897 - INFO -   max_steps_per_example = 10000
2025-09-23 18:58:44,898 - INFO -   model_csv_name = efficientvit_base_1_224_classification_imagenet_1k
2025-09-23 18:58:44,898 - INFO -   model_name = efficientvit_b1.r224_in1k
2025-09-23 18:58:44,898 - INFO -   no_amp = False
2025-09-23 18:58:44,898 - INFO -   num_workers = 8
2025-09-23 18:58:44,898 - INFO -   output_dir = /home/projects/bagon/andreyg/Projects/BMM_school/Universal_learning/Programming/training_gradient_evaluator_single_loss_parallel/output_parallel_8_workers_trial_3
2025-09-23 18:58:44,898 - INFO -   root_dir = None
2025-09-23 18:58:44,898 - INFO -   seed = 1337
2025-09-23 18:58:44,898 - INFO -   time_limit_seconds = 6300
2025-09-23 18:58:44,898 - INFO -   weight_decay = 0.0
2025-09-23 18:58:44,898 - INFO -   zero_aug_train = False
2025-09-23 18:58:45,525 - INFO - Loaded TIMM pretrained weights for efficientvit_b1.r224_in1k
2025-09-23 18:58:45,525 - INFO - pretrained_cfg.url= hf_hub_id=timm/efficientvit_b1.r224_in1k
2025-09-23 18:58:45,865 - INFO - Training configuration:
2025-09-23 18:58:45,865 - INFO -   lr = 0.0001
2025-09-23 18:58:45,865 - INFO -   weight_decay = 0.0
2025-09-23 18:58:45,865 - INFO -   max_steps = 10000
2025-09-23 18:58:45,865 - INFO -   epsilon = 0.001
2025-09-23 18:58:45,865 - INFO -   device = cuda
2025-09-23 18:58:45,865 - INFO -   use_amp = True
2025-09-23 18:58:45,865 - INFO -   amp_dtype = None
2025-09-23 18:58:45,865 - INFO -   gradient_clip_norm = 1.0
2025-09-23 18:58:51,678 - INFO - Global worker partitions (by ordered examples): [0, 1107) [1107, 2214) [2214, 3320) [3320, 4426) [4426, 5532) [5532, 6638) [6638, 7744) [7744, 8850)
2025-09-23 18:58:51,679 - INFO - Assigned slice for worker 7/8: [7744, 8850) with 1106 examples
2025-09-23 18:58:51,680 - INFO - Assigned universal ranks (1106): 47355, 47357, 47358, 47359, 47360, 47361, 47362, 47363, 47364, 47365, 47366, 47367, 47368, 47369, 47370, 47371, 47372, 47373, 47374, 47375, 47376, 47377, 47378, 47379, 47380, 47381, 47382, 47383, 47384, 47385, 47386, 47387, 47388, 47389, 47390, 47391, 47392, 47393, 47394, 47395, 47396, 47397, 47398, 47399, 47400, 47401, 47402, 47403, 47404, 47405, 47406, 47407, 47408, 47410, 47412, 47413, 47414, 47415, 47416, 47417, 47418, 47419, 47420, 47421, 47422, 47423, 47424, 47425, 47426, 47427, 47428, 47429, 47430, 47431, 47432, 47433, 47434, 47435, 47436, 47437, 47438, 47439, 47440, 47441, 47442, 47443, 47446, 47447, 47448, 47449, 47450, 47451, 47452, 47453, 47454, 47455, 47456, 47457, 47458, 47459, 47460, 47461, 47462, 47463, 47464, 47465, 47466, 47467, 47468, 47469, 47470, 47471, 47472, 47473, 47474, 47475, 47476, 47477, 47478, 47479, 47480, 47481, 47482, 47483, 47484, 47485, 47486, 47487, 47488, 47489, 47490, 47491, 47492, 47493, 47494, 47495, 47496, 47497, 47498, 47499, 47500, 47501, 47502, 47503, 47504, 47505, 47506, 47507, 47508, 47509, 47510, 47511, 47512, 47513, 47514, 47515, 47516, 47517, 47518, 47519, 47520, 47521, 47522, 47523, 47524, 47525, 47526, 47527, 47528, 47529, 47530, 47531, 47532, 47533, 47534, 47535, 47536, 47537, 47538, 47539, 47540, 47541, 47542, 47543, 47544, 47545, 47546, 47547, 47548, 47549, 47550, 47551, 47552, 47553, 47554, 47555, 47556, 47557, 47558, 47559, 47560, 47561, 47562, 47563, 47564, 47565, 47566, 47567, 47568, 47569, 47570, 47571, 47572, 47573, 47574, 47575, 47576, 47577, 47578, 47579, 47580, 47581, 47582, 47583, 47584, 47585, 47586, 47588, 47589, 47590, 47591, 47592, 47594, 47595, 47596, 47597, 47598, 47599, 47600, 47601, 47602, 47603, 47604, 47605, 47606, 47607, 47608, 47609, 47610, 47611, 47612, 47613, 47614, 47615, 47616, 47617, 47618, 47619, 47620, 47621, 47622, 47623, 47624, 47625, 47626, 47627, 47628, 47629, 47630, 47631, 47632, 47633, 47634, 47635, 47636, 47637, 47638, 47639, 47640, 47641, 47642, 47643, 47644, 47645, 47646, 47647, 47648, 47649, 47650, 47651, 47652, 47653, 47654, 47655, 47656, 47657, 47658, 47659, 47660, 47661, 47662, 47663, 47664, 47665, 47666, 47667, 47668, 47669, 47670, 47671, 47672, 47673, 47674, 47675, 47676, 47677, 47678, 47679, 47680, 47681, 47682, 47683, 47684, 47685, 47686, 47687, 47688, 47689, 47690, 47691, 47692, 47693, 47694, 47695, 47696, 47697, 47698, 47699, 47700, 47701, 47702, 47703, 47704, 47705, 47706, 47707, 47708, 47709, 47710, 47711, 47712, 47713, 47714, 47715, 47716, 47717, 47718, 47719, 47720, 47721, 47722, 47723, 47724, 47725, 47726, 47727, 47728, 47729, 47730, 47731, 47732, 47733, 47734, 47735, 47736, 47737, 47738, 47739, 47740, 47741, 47742, 47743, 47744, 47745, 47746, 47747, 47748, 47749, 47750, 47751, 47752, 47753, 47754, 47755, 47756, 47757, 47758, 47759, 47760, 47761, 47762, 47763, 47764, 47765, 47766, 47767, 47768, 47769, 47770, 47771, 47772, 47773, 47774, 47775, 47776, 47777, 47778, 47779, 47780, 47781, 47782, 47783, 47784, 47785, 47786, 47787, 47788, 47789, 47790, 47791, 47792, 47793, 47794, 47795, 47796, 47797, 47798, 47799, 47800, 47801, 47802, 47803, 47804, 47805, 47806, 47807, 47808, 47809, 47810, 47811, 47812, 47813, 47814, 47815, 47816, 47817, 47818, 47819, 47821, 47822, 47823, 47824, 47825, 47826, 47827, 47828, 47829, 47830, 47831, 47832, 47833, 47834, 47835, 47836, 47837, 47838, 47839, 47840, 47841, 47842, 47843, 47844, 47845, 47846, 47847, 47848, 47849, 47850, 47851, 47852, 47853, 47854, 47855, 47856, 47857, 47858, 47859, 47860, 47861, 47862, 47863, 47864, 47865, 47866, 47867, 47868, 47869, 47870, 47871, 47872, 47873, 47874, 47875, 47876, 47877, 47878, 47879, 47880, 47881, 47882, 47883, 47884, 47885, 47886, 47888, 47889, 47890, 47891, 47892, 47893, 47894, 47895, 47896, 47897, 47898, 47899, 47900, 47901, 47902, 47903, 47904, 47905, 47906, 47907, 47908, 47909, 47910, 47911, 47912, 47913, 47914, 47915, 47916, 47917, 47918, 47919, 47920, 47921, 47922, 47923, 47924, 47925, 47926, 47927, 47928, 47929, 47930, 47931, 47932, 47933, 47934, 47935, 47936, 47937, 47938, 47939, 47940, 47941, 47942, 47943, 47944, 47945, 47946, 47947, 47948, 47949, 47950, 47951, 47952, 47953, 47954, 47955, 47956, 47957, 47958, 47959, 47960, 47961, 47962, 47963, 47964, 47965, 47966, 47967, 47968, 47969, 47970, 47971, 47972, 47973, 47974, 47975, 47976, 47977, 47978, 47979, 47980, 47981, 47982, 47983, 47984, 47985, 47986, 47987, 47988, 47989, 47990, 47991, 47992, 47993, 47994, 47995, 47996, 47997, 47998, 47999, 48000, 48001, 48002, 48003, 48004, 48005, 48006, 48007, 48008, 48009, 48011, 48012, 48013, 48014, 48015, 48016, 48017, 48018, 48019, 48020, 48021, 48022, 48023, 48024, 48025, 48026, 48027, 48028, 48029, 48030, 48031, 48032, 48033, 48034, 48035, 48036, 48037, 48038, 48039, 48040, 48041, 48042, 48043, 48044, 48045, 48046, 48047, 48048, 48049, 48050, 48051, 48052, 48053, 48054, 48055, 48056, 48057, 48058, 48059, 48060, 48061, 48062, 48063, 48064, 48065, 48066, 48067, 48068, 48069, 48070, 48071, 48072, 48073, 48074, 48075, 48076, 48077, 48078, 48079, 48080, 48081, 48082, 48083, 48084, 48085, 48086, 48087, 48088, 48089, 48090, 48091, 48092, 48093, 48094, 48095, 48096, 48097, 48098, 48099, 48100, 48101, 48102, 48103, 48104, 48105, 48106, 48107, 48108, 48109, 48110, 48111, 48112, 48113, 48114, 48115, 48116, 48117, 48118, 48119, 48120, 48121, 48122, 48123, 48124, 48125, 48126, 48127, 48128, 48129, 48130, 48131, 48132, 48133, 48134, 48135, 48136, 48137, 48138, 48139, 48140, 48141, 48142, 48143, 48144, 48145, 48146, 48147, 48148, 48149, 48150, 48151, 48152, 48153, 48154, 48155, 48156, 48157, 48158, 48159, 48160, 48161, 48162, 48163, 48164, 48165, 48166, 48167, 48168, 48169, 48170, 48171, 48172, 48173, 48174, 48175, 48176, 48177, 48178, 48179, 48180, 48181, 48182, 48183, 48184, 48185, 48186, 48187, 48188, 48189, 48190, 48191, 48192, 48193, 48194, 48195, 48197, 48198, 48199, 48200, 48201, 48202, 48203, 48204, 48205, 48207, 48208, 48209, 48210, 48211, 48212, 48213, 48214, 48215, 48216, 48217, 48218, 48219, 48220, 48221, 48222, 48223, 48224, 48225, 48226, 48227, 48228, 48229, 48230, 48231, 48232, 48233, 48234, 48235, 48236, 48237, 48238, 48239, 48240, 48241, 48242, 48243, 48244, 48245, 48246, 48247, 48248, 48249, 48250, 48251, 48252, 48253, 48254, 48255, 48256, 48257, 48258, 48259, 48260, 48261, 48262, 48263, 48264, 48265, 48266, 48267, 48268, 48269, 48270, 48271, 48272, 48273, 48274, 48275, 48276, 48277, 48278, 48279, 48280, 48281, 48282, 48283, 48284, 48285, 48286, 48287, 48288, 48289, 48290, 48291, 48292, 48293, 48294, 48295, 48296, 48297, 48298, 48299, 48300, 48301, 48302, 48303, 48304, 48305, 48306, 48307, 48308, 48309, 48310, 48311, 48312, 48313, 48314, 48315, 48316, 48317, 48318, 48319, 48320, 48321, 48322, 48323, 48324, 48325, 48326, 48327, 48328, 48329, 48330, 48331, 48332, 48333, 48334, 48335, 48336, 48337, 48338, 48339, 48340, 48341, 48342, 48343, 48344, 48345, 48346, 48347, 48348, 48349, 48350, 48351, 48352, 48353, 48354, 48355, 48356, 48357, 48358, 48359, 48360, 48361, 48362, 48363, 48364, 48365, 48366, 48367, 48368, 48369, 48370, 48371, 48372, 48373, 48374, 48375, 48376, 48377, 48378, 48379, 48380, 48381, 48382, 48383, 48384, 48385, 48386, 48387, 48388, 48389, 48390, 48391, 48392, 48393, 48394, 48395, 48396, 48397, 48398, 48399, 48400, 48401, 48402, 48403, 48404, 48405, 48406, 48407, 48408, 48409, 48410, 48411, 48412, 48413, 48414, 48415, 48416, 48417, 48418, 48419, 48420, 48421, 48422, 48423, 48424, 48425, 48426, 48427, 48428, 48429, 48430, 48431, 48432, 48433, 48434, 48435, 48436, 48437, 48438, 48439, 48440, 48442, 48443, 48444, 48445, 48446, 48447, 48448, 48450, 48451, 48452, 48453, 48454, 48455, 48456, 48457, 48458, 48459, 48460, 48461, 48462, 48463, 48464, 48465, 48466, 48467, 48468, 48469, 48470, 48471, 48472, 48473, 48474
2025-09-23 18:58:51,680 - INFO - Assigned example paths (one per line):
/home/projects/bagon/shared/imagenet512/val/n09399592/ILSVRC2012_val_00038398.JPEG
/home/projects/bagon/shared/imagenet512/val/n09256479/ILSVRC2012_val_00008164.JPEG
/home/projects/bagon/shared/imagenet512/val/n03028079/ILSVRC2012_val_00034534.JPEG
/home/projects/bagon/shared/imagenet512/val/n02097130/ILSVRC2012_val_00004251.JPEG
/home/projects/bagon/shared/imagenet512/val/n03782006/ILSVRC2012_val_00018503.JPEG
/home/projects/bagon/shared/imagenet512/val/n03950228/ILSVRC2012_val_00049774.JPEG
/home/projects/bagon/shared/imagenet512/val/n02815834/ILSVRC2012_val_00019648.JPEG
/home/projects/bagon/shared/imagenet512/val/n01729977/ILSVRC2012_val_00021203.JPEG
/home/projects/bagon/shared/imagenet512/val/n04380533/ILSVRC2012_val_00022046.JPEG
/home/projects/bagon/shared/imagenet512/val/n04275548/ILSVRC2012_val_00041309.JPEG
/home/projects/bagon/shared/imagenet512/val/n13133613/ILSVRC2012_val_00001880.JPEG
/home/projects/bagon/shared/imagenet512/val/n03272010/ILSVRC2012_val_00006373.JPEG
/home/projects/bagon/shared/imagenet512/val/n03041632/ILSVRC2012_val_00004815.JPEG
/home/projects/bagon/shared/imagenet512/val/n03868863/ILSVRC2012_val_00042308.JPEG
/home/projects/bagon/shared/imagenet512/val/n02704792/ILSVRC2012_val_00006872.JPEG
/home/projects/bagon/shared/imagenet512/val/n03216828/ILSVRC2012_val_00009612.JPEG
/home/projects/bagon/shared/imagenet512/val/n04040759/ILSVRC2012_val_00025084.JPEG
/home/projects/bagon/shared/imagenet512/val/n01819313/ILSVRC2012_val_00040848.JPEG
/home/projects/bagon/shared/imagenet512/val/n01514859/ILSVRC2012_val_00033538.JPEG
/home/projects/bagon/shared/imagenet512/val/n02086079/ILSVRC2012_val_00044854.JPEG
/home/projects/bagon/shared/imagenet512/val/n09399592/ILSVRC2012_val_00032176.JPEG
/home/projects/bagon/shared/imagenet512/val/n04493381/ILSVRC2012_val_00020768.JPEG
/home/projects/bagon/shared/imagenet512/val/n03133878/ILSVRC2012_val_00004343.JPEG
/home/projects/bagon/shared/imagenet512/val/n02979186/ILSVRC2012_val_00002034.JPEG
/home/projects/bagon/shared/imagenet512/val/n03124043/ILSVRC2012_val_00040276.JPEG
/home/projects/bagon/shared/imagenet512/val/n03657121/ILSVRC2012_val_00006803.JPEG
/home/projects/bagon/shared/imagenet512/val/n02106662/ILSVRC2012_val_00030828.JPEG
/home/projects/bagon/shared/imagenet512/val/n03197337/ILSVRC2012_val_00020267.JPEG
/home/projects/bagon/shared/imagenet512/val/n01943899/ILSVRC2012_val_00018025.JPEG
/home/projects/bagon/shared/imagenet512/val/n02823428/ILSVRC2012_val_00044428.JPEG
/home/projects/bagon/shared/imagenet512/val/n02226429/ILSVRC2012_val_00042342.JPEG
/home/projects/bagon/shared/imagenet512/val/n04428191/ILSVRC2012_val_00002879.JPEG
/home/projects/bagon/shared/imagenet512/val/n03146219/ILSVRC2012_val_00014897.JPEG
/home/projects/bagon/shared/imagenet512/val/n03950228/ILSVRC2012_val_00010004.JPEG
/home/projects/bagon/shared/imagenet512/val/n03903868/ILSVRC2012_val_00024632.JPEG
/home/projects/bagon/shared/imagenet512/val/n04125021/ILSVRC2012_val_00013070.JPEG
/home/projects/bagon/shared/imagenet512/val/n03032252/ILSVRC2012_val_00007133.JPEG
/home/projects/bagon/shared/imagenet512/val/n02980441/ILSVRC2012_val_00005503.JPEG
/home/projects/bagon/shared/imagenet512/val/n02974003/ILSVRC2012_val_00003218.JPEG
/home/projects/bagon/shared/imagenet512/val/n04476259/ILSVRC2012_val_00029260.JPEG
/home/projects/bagon/shared/imagenet512/val/n02910353/ILSVRC2012_val_00026657.JPEG
/home/projects/bagon/shared/imagenet512/val/n04589890/ILSVRC2012_val_00002310.JPEG
/home/projects/bagon/shared/imagenet512/val/n04435653/ILSVRC2012_val_00021105.JPEG
/home/projects/bagon/shared/imagenet512/val/n04033995/ILSVRC2012_val_00011051.JPEG
/home/projects/bagon/shared/imagenet512/val/n04264628/ILSVRC2012_val_00019350.JPEG
/home/projects/bagon/shared/imagenet512/val/n04560804/ILSVRC2012_val_00010305.JPEG
/home/projects/bagon/shared/imagenet512/val/n03642806/ILSVRC2012_val_00033185.JPEG
/home/projects/bagon/shared/imagenet512/val/n02708093/ILSVRC2012_val_00043497.JPEG
/home/projects/bagon/shared/imagenet512/val/n02895154/ILSVRC2012_val_00003501.JPEG
/home/projects/bagon/shared/imagenet512/val/n03394916/ILSVRC2012_val_00025761.JPEG
/home/projects/bagon/shared/imagenet512/val/n02999410/ILSVRC2012_val_00016847.JPEG
/home/projects/bagon/shared/imagenet512/val/n02268443/ILSVRC2012_val_00043424.JPEG
/home/projects/bagon/shared/imagenet512/val/n02105412/ILSVRC2012_val_00021838.JPEG
/home/projects/bagon/shared/imagenet512/val/n04004767/ILSVRC2012_val_00041807.JPEG
/home/projects/bagon/shared/imagenet512/val/n04479046/ILSVRC2012_val_00027430.JPEG
/home/projects/bagon/shared/imagenet512/val/n04009552/ILSVRC2012_val_00032924.JPEG
/home/projects/bagon/shared/imagenet512/val/n03124170/ILSVRC2012_val_00003256.JPEG
/home/projects/bagon/shared/imagenet512/val/n04370456/ILSVRC2012_val_00018940.JPEG
/home/projects/bagon/shared/imagenet512/val/n03376595/ILSVRC2012_val_00008185.JPEG
/home/projects/bagon/shared/imagenet512/val/n02396427/ILSVRC2012_val_00006678.JPEG
/home/projects/bagon/shared/imagenet512/val/n03770679/ILSVRC2012_val_00031088.JPEG
/home/projects/bagon/shared/imagenet512/val/n02018207/ILSVRC2012_val_00001165.JPEG
/home/projects/bagon/shared/imagenet512/val/n02493509/ILSVRC2012_val_00048954.JPEG
/home/projects/bagon/shared/imagenet512/val/n01773549/ILSVRC2012_val_00033819.JPEG
/home/projects/bagon/shared/imagenet512/val/n03208938/ILSVRC2012_val_00048454.JPEG
/home/projects/bagon/shared/imagenet512/val/n04086273/ILSVRC2012_val_00036488.JPEG
/home/projects/bagon/shared/imagenet512/val/n02123159/ILSVRC2012_val_00021195.JPEG
/home/projects/bagon/shared/imagenet512/val/n04008634/ILSVRC2012_val_00027910.JPEG
/home/projects/bagon/shared/imagenet512/val/n02113712/ILSVRC2012_val_00003063.JPEG
/home/projects/bagon/shared/imagenet512/val/n03658185/ILSVRC2012_val_00034022.JPEG
/home/projects/bagon/shared/imagenet512/val/n02094433/ILSVRC2012_val_00009244.JPEG
/home/projects/bagon/shared/imagenet512/val/n03355925/ILSVRC2012_val_00041479.JPEG
/home/projects/bagon/shared/imagenet512/val/n04591157/ILSVRC2012_val_00006138.JPEG
/home/projects/bagon/shared/imagenet512/val/n02669723/ILSVRC2012_val_00045996.JPEG
/home/projects/bagon/shared/imagenet512/val/n03207941/ILSVRC2012_val_00038108.JPEG
/home/projects/bagon/shared/imagenet512/val/n03617480/ILSVRC2012_val_00018442.JPEG
/home/projects/bagon/shared/imagenet512/val/n03633091/ILSVRC2012_val_00009892.JPEG
/home/projects/bagon/shared/imagenet512/val/n03877845/ILSVRC2012_val_00021980.JPEG
/home/projects/bagon/shared/imagenet512/val/n04536866/ILSVRC2012_val_00040936.JPEG
/home/projects/bagon/shared/imagenet512/val/n02497673/ILSVRC2012_val_00013338.JPEG
/home/projects/bagon/shared/imagenet512/val/n12144580/ILSVRC2012_val_00030528.JPEG
/home/projects/bagon/shared/imagenet512/val/n03803284/ILSVRC2012_val_00049856.JPEG
/home/projects/bagon/shared/imagenet512/val/n01773797/ILSVRC2012_val_00014498.JPEG
/home/projects/bagon/shared/imagenet512/val/n02607072/ILSVRC2012_val_00030654.JPEG
/home/projects/bagon/shared/imagenet512/val/n03530642/ILSVRC2012_val_00042170.JPEG
/home/projects/bagon/shared/imagenet512/val/n09421951/ILSVRC2012_val_00030176.JPEG
/home/projects/bagon/shared/imagenet512/val/n02089078/ILSVRC2012_val_00033531.JPEG
/home/projects/bagon/shared/imagenet512/val/n01756291/ILSVRC2012_val_00043119.JPEG
/home/projects/bagon/shared/imagenet512/val/n04152593/ILSVRC2012_val_00017005.JPEG
/home/projects/bagon/shared/imagenet512/val/n04392985/ILSVRC2012_val_00009201.JPEG
/home/projects/bagon/shared/imagenet512/val/n01693334/ILSVRC2012_val_00042783.JPEG
/home/projects/bagon/shared/imagenet512/val/n02108551/ILSVRC2012_val_00036054.JPEG
/home/projects/bagon/shared/imagenet512/val/n02895154/ILSVRC2012_val_00002050.JPEG
/home/projects/bagon/shared/imagenet512/val/n03899768/ILSVRC2012_val_00002624.JPEG
/home/projects/bagon/shared/imagenet512/val/n07753592/ILSVRC2012_val_00016182.JPEG
/home/projects/bagon/shared/imagenet512/val/n03063689/ILSVRC2012_val_00043165.JPEG
/home/projects/bagon/shared/imagenet512/val/n03710637/ILSVRC2012_val_00035282.JPEG
/home/projects/bagon/shared/imagenet512/val/n04548280/ILSVRC2012_val_00048471.JPEG
/home/projects/bagon/shared/imagenet512/val/n02091134/ILSVRC2012_val_00023877.JPEG
/home/projects/bagon/shared/imagenet512/val/n02966687/ILSVRC2012_val_00019916.JPEG
/home/projects/bagon/shared/imagenet512/val/n04004767/ILSVRC2012_val_00017383.JPEG
/home/projects/bagon/shared/imagenet512/val/n03692522/ILSVRC2012_val_00042338.JPEG
/home/projects/bagon/shared/imagenet512/val/n03764736/ILSVRC2012_val_00006557.JPEG
/home/projects/bagon/shared/imagenet512/val/n02002556/ILSVRC2012_val_00026760.JPEG
/home/projects/bagon/shared/imagenet512/val/n02727426/ILSVRC2012_val_00013164.JPEG
/home/projects/bagon/shared/imagenet512/val/n01914609/ILSVRC2012_val_00047488.JPEG
/home/projects/bagon/shared/imagenet512/val/n03658185/ILSVRC2012_val_00037006.JPEG
/home/projects/bagon/shared/imagenet512/val/n03062245/ILSVRC2012_val_00004624.JPEG
/home/projects/bagon/shared/imagenet512/val/n02708093/ILSVRC2012_val_00024425.JPEG
/home/projects/bagon/shared/imagenet512/val/n04355933/ILSVRC2012_val_00001719.JPEG
/home/projects/bagon/shared/imagenet512/val/n02667093/ILSVRC2012_val_00011953.JPEG
/home/projects/bagon/shared/imagenet512/val/n04270147/ILSVRC2012_val_00040093.JPEG
/home/projects/bagon/shared/imagenet512/val/n03160309/ILSVRC2012_val_00026549.JPEG
/home/projects/bagon/shared/imagenet512/val/n04399382/ILSVRC2012_val_00007401.JPEG
/home/projects/bagon/shared/imagenet512/val/n02085782/ILSVRC2012_val_00033476.JPEG
/home/projects/bagon/shared/imagenet512/val/n02190166/ILSVRC2012_val_00036693.JPEG
/home/projects/bagon/shared/imagenet512/val/n03642806/ILSVRC2012_val_00001713.JPEG
/home/projects/bagon/shared/imagenet512/val/n04116512/ILSVRC2012_val_00037342.JPEG
/home/projects/bagon/shared/imagenet512/val/n02096177/ILSVRC2012_val_00034049.JPEG
/home/projects/bagon/shared/imagenet512/val/n02979186/ILSVRC2012_val_00044373.JPEG
/home/projects/bagon/shared/imagenet512/val/n04356056/ILSVRC2012_val_00044858.JPEG
/home/projects/bagon/shared/imagenet512/val/n02128925/ILSVRC2012_val_00013107.JPEG
/home/projects/bagon/shared/imagenet512/val/n01729322/ILSVRC2012_val_00022930.JPEG
/home/projects/bagon/shared/imagenet512/val/n03697007/ILSVRC2012_val_00024323.JPEG
/home/projects/bagon/shared/imagenet512/val/n04525038/ILSVRC2012_val_00004131.JPEG
/home/projects/bagon/shared/imagenet512/val/n04099969/ILSVRC2012_val_00009659.JPEG
/home/projects/bagon/shared/imagenet512/val/n02883205/ILSVRC2012_val_00031681.JPEG
/home/projects/bagon/shared/imagenet512/val/n02971356/ILSVRC2012_val_00034292.JPEG
/home/projects/bagon/shared/imagenet512/val/n09428293/ILSVRC2012_val_00013774.JPEG
/home/projects/bagon/shared/imagenet512/val/n04523525/ILSVRC2012_val_00019502.JPEG
/home/projects/bagon/shared/imagenet512/val/n04355933/ILSVRC2012_val_00000704.JPEG
/home/projects/bagon/shared/imagenet512/val/n04330267/ILSVRC2012_val_00028865.JPEG
/home/projects/bagon/shared/imagenet512/val/n02110185/ILSVRC2012_val_00000269.JPEG
/home/projects/bagon/shared/imagenet512/val/n04483307/ILSVRC2012_val_00038739.JPEG
/home/projects/bagon/shared/imagenet512/val/n03710637/ILSVRC2012_val_00021081.JPEG
/home/projects/bagon/shared/imagenet512/val/n02109961/ILSVRC2012_val_00014246.JPEG
/home/projects/bagon/shared/imagenet512/val/n04604644/ILSVRC2012_val_00001890.JPEG
/home/projects/bagon/shared/imagenet512/val/n02091831/ILSVRC2012_val_00008812.JPEG
/home/projects/bagon/shared/imagenet512/val/n03450230/ILSVRC2012_val_00001627.JPEG
/home/projects/bagon/shared/imagenet512/val/n03649909/ILSVRC2012_val_00031075.JPEG
/home/projects/bagon/shared/imagenet512/val/n02483708/ILSVRC2012_val_00013966.JPEG
/home/projects/bagon/shared/imagenet512/val/n03661043/ILSVRC2012_val_00029945.JPEG
/home/projects/bagon/shared/imagenet512/val/n03782006/ILSVRC2012_val_00008427.JPEG
/home/projects/bagon/shared/imagenet512/val/n03372029/ILSVRC2012_val_00025781.JPEG
/home/projects/bagon/shared/imagenet512/val/n02974003/ILSVRC2012_val_00017988.JPEG
/home/projects/bagon/shared/imagenet512/val/n01756291/ILSVRC2012_val_00041994.JPEG
/home/projects/bagon/shared/imagenet512/val/n03125729/ILSVRC2012_val_00015803.JPEG
/home/projects/bagon/shared/imagenet512/val/n02906734/ILSVRC2012_val_00040693.JPEG
/home/projects/bagon/shared/imagenet512/val/n01770393/ILSVRC2012_val_00032266.JPEG
/home/projects/bagon/shared/imagenet512/val/n03249569/ILSVRC2012_val_00014756.JPEG
/home/projects/bagon/shared/imagenet512/val/n02981792/ILSVRC2012_val_00028975.JPEG
/home/projects/bagon/shared/imagenet512/val/n03016953/ILSVRC2012_val_00037394.JPEG
/home/projects/bagon/shared/imagenet512/val/n02869837/ILSVRC2012_val_00013039.JPEG
/home/projects/bagon/shared/imagenet512/val/n02930766/ILSVRC2012_val_00038811.JPEG
/home/projects/bagon/shared/imagenet512/val/n02669723/ILSVRC2012_val_00039353.JPEG
/home/projects/bagon/shared/imagenet512/val/n03124043/ILSVRC2012_val_00047590.JPEG
/home/projects/bagon/shared/imagenet512/val/n02124075/ILSVRC2012_val_00026403.JPEG
/home/projects/bagon/shared/imagenet512/val/n04579145/ILSVRC2012_val_00029060.JPEG
/home/projects/bagon/shared/imagenet512/val/n03967562/ILSVRC2012_val_00031552.JPEG
/home/projects/bagon/shared/imagenet512/val/n02088238/ILSVRC2012_val_00027114.JPEG
/home/projects/bagon/shared/imagenet512/val/n03016953/ILSVRC2012_val_00039322.JPEG
/home/projects/bagon/shared/imagenet512/val/n03733805/ILSVRC2012_val_00036766.JPEG
/home/projects/bagon/shared/imagenet512/val/n04285008/ILSVRC2012_val_00029021.JPEG
/home/projects/bagon/shared/imagenet512/val/n04264628/ILSVRC2012_val_00022053.JPEG
/home/projects/bagon/shared/imagenet512/val/n03325584/ILSVRC2012_val_00031047.JPEG
/home/projects/bagon/shared/imagenet512/val/n04590129/ILSVRC2012_val_00012574.JPEG
/home/projects/bagon/shared/imagenet512/val/n03095699/ILSVRC2012_val_00021583.JPEG
/home/projects/bagon/shared/imagenet512/val/n02086240/ILSVRC2012_val_00044224.JPEG
/home/projects/bagon/shared/imagenet512/val/n01943899/ILSVRC2012_val_00035636.JPEG
/home/projects/bagon/shared/imagenet512/val/n01740131/ILSVRC2012_val_00025955.JPEG
/home/projects/bagon/shared/imagenet512/val/n02837789/ILSVRC2012_val_00024370.JPEG
/home/projects/bagon/shared/imagenet512/val/n04487394/ILSVRC2012_val_00020259.JPEG
/home/projects/bagon/shared/imagenet512/val/n02480855/ILSVRC2012_val_00017200.JPEG
/home/projects/bagon/shared/imagenet512/val/n03291819/ILSVRC2012_val_00003514.JPEG
/home/projects/bagon/shared/imagenet512/val/n02669723/ILSVRC2012_val_00043033.JPEG
/home/projects/bagon/shared/imagenet512/val/n02074367/ILSVRC2012_val_00038311.JPEG
/home/projects/bagon/shared/imagenet512/val/n02669723/ILSVRC2012_val_00005400.JPEG
/home/projects/bagon/shared/imagenet512/val/n02089973/ILSVRC2012_val_00025914.JPEG
/home/projects/bagon/shared/imagenet512/val/n01739381/ILSVRC2012_val_00046539.JPEG
/home/projects/bagon/shared/imagenet512/val/n12144580/ILSVRC2012_val_00035469.JPEG
/home/projects/bagon/shared/imagenet512/val/n01667114/ILSVRC2012_val_00004897.JPEG
/home/projects/bagon/shared/imagenet512/val/n02120505/ILSVRC2012_val_00049125.JPEG
/home/projects/bagon/shared/imagenet512/val/n04127249/ILSVRC2012_val_00029474.JPEG
/home/projects/bagon/shared/imagenet512/val/n04286575/ILSVRC2012_val_00023584.JPEG
/home/projects/bagon/shared/imagenet512/val/n04328186/ILSVRC2012_val_00041340.JPEG
/home/projects/bagon/shared/imagenet512/val/n01985128/ILSVRC2012_val_00010640.JPEG
/home/projects/bagon/shared/imagenet512/val/n04154565/ILSVRC2012_val_00002631.JPEG
/home/projects/bagon/shared/imagenet512/val/n03895866/ILSVRC2012_val_00038339.JPEG
/home/projects/bagon/shared/imagenet512/val/n03345487/ILSVRC2012_val_00032745.JPEG
/home/projects/bagon/shared/imagenet512/val/n04067472/ILSVRC2012_val_00043400.JPEG
/home/projects/bagon/shared/imagenet512/val/n04523525/ILSVRC2012_val_00049794.JPEG
/home/projects/bagon/shared/imagenet512/val/n02403003/ILSVRC2012_val_00041495.JPEG
/home/projects/bagon/shared/imagenet512/val/n02791270/ILSVRC2012_val_00010017.JPEG
/home/projects/bagon/shared/imagenet512/val/n02492035/ILSVRC2012_val_00019469.JPEG
/home/projects/bagon/shared/imagenet512/val/n09472597/ILSVRC2012_val_00031246.JPEG
/home/projects/bagon/shared/imagenet512/val/n01739381/ILSVRC2012_val_00024092.JPEG
/home/projects/bagon/shared/imagenet512/val/n02992529/ILSVRC2012_val_00037257.JPEG
/home/projects/bagon/shared/imagenet512/val/n02093428/ILSVRC2012_val_00011381.JPEG
/home/projects/bagon/shared/imagenet512/val/n03710637/ILSVRC2012_val_00018505.JPEG
/home/projects/bagon/shared/imagenet512/val/n04326547/ILSVRC2012_val_00008758.JPEG
/home/projects/bagon/shared/imagenet512/val/n02206856/ILSVRC2012_val_00036958.JPEG
/home/projects/bagon/shared/imagenet512/val/n02119022/ILSVRC2012_val_00039745.JPEG
/home/projects/bagon/shared/imagenet512/val/n02704792/ILSVRC2012_val_00039906.JPEG
/home/projects/bagon/shared/imagenet512/val/n04336792/ILSVRC2012_val_00048036.JPEG
/home/projects/bagon/shared/imagenet512/val/n02403003/ILSVRC2012_val_00010029.JPEG
/home/projects/bagon/shared/imagenet512/val/n02895154/ILSVRC2012_val_00008405.JPEG
/home/projects/bagon/shared/imagenet512/val/n01739381/ILSVRC2012_val_00009754.JPEG
/home/projects/bagon/shared/imagenet512/val/n02102318/ILSVRC2012_val_00024691.JPEG
/home/projects/bagon/shared/imagenet512/val/n07920052/ILSVRC2012_val_00032379.JPEG
/home/projects/bagon/shared/imagenet512/val/n04209133/ILSVRC2012_val_00010607.JPEG
/home/projects/bagon/shared/imagenet512/val/n04081281/ILSVRC2012_val_00005240.JPEG
/home/projects/bagon/shared/imagenet512/val/n03781244/ILSVRC2012_val_00021768.JPEG
/home/projects/bagon/shared/imagenet512/val/n02834397/ILSVRC2012_val_00011752.JPEG
/home/projects/bagon/shared/imagenet512/val/n07579787/ILSVRC2012_val_00030901.JPEG
/home/projects/bagon/shared/imagenet512/val/n02097047/ILSVRC2012_val_00032277.JPEG
/home/projects/bagon/shared/imagenet512/val/n03532672/ILSVRC2012_val_00023777.JPEG
/home/projects/bagon/shared/imagenet512/val/n07831146/ILSVRC2012_val_00036499.JPEG
/home/projects/bagon/shared/imagenet512/val/n03908618/ILSVRC2012_val_00049972.JPEG
/home/projects/bagon/shared/imagenet512/val/n03000134/ILSVRC2012_val_00048435.JPEG
/home/projects/bagon/shared/imagenet512/val/n04372370/ILSVRC2012_val_00047334.JPEG
/home/projects/bagon/shared/imagenet512/val/n04081281/ILSVRC2012_val_00027720.JPEG
/home/projects/bagon/shared/imagenet512/val/n03125729/ILSVRC2012_val_00000041.JPEG
/home/projects/bagon/shared/imagenet512/val/n02999410/ILSVRC2012_val_00029452.JPEG
/home/projects/bagon/shared/imagenet512/val/n04522168/ILSVRC2012_val_00007642.JPEG
/home/projects/bagon/shared/imagenet512/val/n02106030/ILSVRC2012_val_00027583.JPEG
/home/projects/bagon/shared/imagenet512/val/n02979186/ILSVRC2012_val_00049106.JPEG
/home/projects/bagon/shared/imagenet512/val/n02500267/ILSVRC2012_val_00020449.JPEG
/home/projects/bagon/shared/imagenet512/val/n01756291/ILSVRC2012_val_00012006.JPEG
/home/projects/bagon/shared/imagenet512/val/n02264363/ILSVRC2012_val_00012045.JPEG
/home/projects/bagon/shared/imagenet512/val/n02107908/ILSVRC2012_val_00036796.JPEG
/home/projects/bagon/shared/imagenet512/val/n03782006/ILSVRC2012_val_00027545.JPEG
/home/projects/bagon/shared/imagenet512/val/n02119789/ILSVRC2012_val_00021730.JPEG
/home/projects/bagon/shared/imagenet512/val/n04487394/ILSVRC2012_val_00034253.JPEG
/home/projects/bagon/shared/imagenet512/val/n04254777/ILSVRC2012_val_00032386.JPEG
/home/projects/bagon/shared/imagenet512/val/n04479046/ILSVRC2012_val_00037129.JPEG
/home/projects/bagon/shared/imagenet512/val/n04485082/ILSVRC2012_val_00009669.JPEG
/home/projects/bagon/shared/imagenet512/val/n03125729/ILSVRC2012_val_00019971.JPEG
/home/projects/bagon/shared/imagenet512/val/n03014705/ILSVRC2012_val_00024442.JPEG
/home/projects/bagon/shared/imagenet512/val/n01688243/ILSVRC2012_val_00014439.JPEG
/home/projects/bagon/shared/imagenet512/val/n03958227/ILSVRC2012_val_00007326.JPEG
/home/projects/bagon/shared/imagenet512/val/n03207941/ILSVRC2012_val_00026376.JPEG
/home/projects/bagon/shared/imagenet512/val/n04263257/ILSVRC2012_val_00044538.JPEG
/home/projects/bagon/shared/imagenet512/val/n02105251/ILSVRC2012_val_00038285.JPEG
/home/projects/bagon/shared/imagenet512/val/n02999410/ILSVRC2012_val_00015508.JPEG
/home/projects/bagon/shared/imagenet512/val/n03937543/ILSVRC2012_val_00023359.JPEG
/home/projects/bagon/shared/imagenet512/val/n03759954/ILSVRC2012_val_00015866.JPEG
/home/projects/bagon/shared/imagenet512/val/n04286575/ILSVRC2012_val_00042961.JPEG
/home/projects/bagon/shared/imagenet512/val/n01806143/ILSVRC2012_val_00038324.JPEG
/home/projects/bagon/shared/imagenet512/val/n02009912/ILSVRC2012_val_00031170.JPEG
/home/projects/bagon/shared/imagenet512/val/n02916936/ILSVRC2012_val_00027911.JPEG
/home/projects/bagon/shared/imagenet512/val/n07584110/ILSVRC2012_val_00026066.JPEG
/home/projects/bagon/shared/imagenet512/val/n02090379/ILSVRC2012_val_00031821.JPEG
/home/projects/bagon/shared/imagenet512/val/n02098413/ILSVRC2012_val_00036023.JPEG
/home/projects/bagon/shared/imagenet512/val/n04367480/ILSVRC2012_val_00010134.JPEG
/home/projects/bagon/shared/imagenet512/val/n01693334/ILSVRC2012_val_00034369.JPEG
/home/projects/bagon/shared/imagenet512/val/n01914609/ILSVRC2012_val_00042456.JPEG
/home/projects/bagon/shared/imagenet512/val/n03710637/ILSVRC2012_val_00002513.JPEG
/home/projects/bagon/shared/imagenet512/val/n02168699/ILSVRC2012_val_00026324.JPEG
/home/projects/bagon/shared/imagenet512/val/n02447366/ILSVRC2012_val_00019336.JPEG
/home/projects/bagon/shared/imagenet512/val/n04376876/ILSVRC2012_val_00042241.JPEG
/home/projects/bagon/shared/imagenet512/val/n07584110/ILSVRC2012_val_00040293.JPEG
/home/projects/bagon/shared/imagenet512/val/n04133789/ILSVRC2012_val_00029180.JPEG
/home/projects/bagon/shared/imagenet512/val/n02815834/ILSVRC2012_val_00009678.JPEG
/home/projects/bagon/shared/imagenet512/val/n04560804/ILSVRC2012_val_00005333.JPEG
/home/projects/bagon/shared/imagenet512/val/n04370456/ILSVRC2012_val_00020241.JPEG
/home/projects/bagon/shared/imagenet512/val/n03461385/ILSVRC2012_val_00028915.JPEG
/home/projects/bagon/shared/imagenet512/val/n02454379/ILSVRC2012_val_00015170.JPEG
/home/projects/bagon/shared/imagenet512/val/n01990800/ILSVRC2012_val_00021319.JPEG
/home/projects/bagon/shared/imagenet512/val/n07711569/ILSVRC2012_val_00011549.JPEG
/home/projects/bagon/shared/imagenet512/val/n02497673/ILSVRC2012_val_00036690.JPEG
/home/projects/bagon/shared/imagenet512/val/n01689811/ILSVRC2012_val_00043246.JPEG
/home/projects/bagon/shared/imagenet512/val/n03481172/ILSVRC2012_val_00027296.JPEG
/home/projects/bagon/shared/imagenet512/val/n02009912/ILSVRC2012_val_00001871.JPEG
/home/projects/bagon/shared/imagenet512/val/n09193705/ILSVRC2012_val_00000270.JPEG
/home/projects/bagon/shared/imagenet512/val/n04040759/ILSVRC2012_val_00046601.JPEG
/home/projects/bagon/shared/imagenet512/val/n03977966/ILSVRC2012_val_00015758.JPEG
/home/projects/bagon/shared/imagenet512/val/n07747607/ILSVRC2012_val_00029447.JPEG
/home/projects/bagon/shared/imagenet512/val/n02346627/ILSVRC2012_val_00013237.JPEG
/home/projects/bagon/shared/imagenet512/val/n03532672/ILSVRC2012_val_00032965.JPEG
/home/projects/bagon/shared/imagenet512/val/n02089973/ILSVRC2012_val_00003671.JPEG
/home/projects/bagon/shared/imagenet512/val/n02089973/ILSVRC2012_val_00033611.JPEG
/home/projects/bagon/shared/imagenet512/val/n03452741/ILSVRC2012_val_00021188.JPEG
/home/projects/bagon/shared/imagenet512/val/n03690938/ILSVRC2012_val_00039984.JPEG
/home/projects/bagon/shared/imagenet512/val/n03017168/ILSVRC2012_val_00041177.JPEG
/home/projects/bagon/shared/imagenet512/val/n02412080/ILSVRC2012_val_00010829.JPEG
/home/projects/bagon/shared/imagenet512/val/n04596742/ILSVRC2012_val_00004525.JPEG
/home/projects/bagon/shared/imagenet512/val/n03272562/ILSVRC2012_val_00022251.JPEG
/home/projects/bagon/shared/imagenet512/val/n02443114/ILSVRC2012_val_00019825.JPEG
/home/projects/bagon/shared/imagenet512/val/n02607072/ILSVRC2012_val_00047682.JPEG
/home/projects/bagon/shared/imagenet512/val/n02229544/ILSVRC2012_val_00015068.JPEG
/home/projects/bagon/shared/imagenet512/val/n03983396/ILSVRC2012_val_00011692.JPEG
/home/projects/bagon/shared/imagenet512/val/n01981276/ILSVRC2012_val_00049981.JPEG
/home/projects/bagon/shared/imagenet512/val/n03761084/ILSVRC2012_val_00015519.JPEG
/home/projects/bagon/shared/imagenet512/val/n03180011/ILSVRC2012_val_00036393.JPEG
/home/projects/bagon/shared/imagenet512/val/n07747607/ILSVRC2012_val_00021465.JPEG
/home/projects/bagon/shared/imagenet512/val/n01980166/ILSVRC2012_val_00012779.JPEG
/home/projects/bagon/shared/imagenet512/val/n03691459/ILSVRC2012_val_00003180.JPEG
/home/projects/bagon/shared/imagenet512/val/n03908714/ILSVRC2012_val_00034483.JPEG
/home/projects/bagon/shared/imagenet512/val/n01728572/ILSVRC2012_val_00036190.JPEG
/home/projects/bagon/shared/imagenet512/val/n03796401/ILSVRC2012_val_00045490.JPEG
/home/projects/bagon/shared/imagenet512/val/n02776631/ILSVRC2012_val_00021290.JPEG
/home/projects/bagon/shared/imagenet512/val/n03938244/ILSVRC2012_val_00008191.JPEG
/home/projects/bagon/shared/imagenet512/val/n03710637/ILSVRC2012_val_00003007.JPEG
/home/projects/bagon/shared/imagenet512/val/n02999410/ILSVRC2012_val_00032688.JPEG
/home/projects/bagon/shared/imagenet512/val/n02730930/ILSVRC2012_val_00009021.JPEG
/home/projects/bagon/shared/imagenet512/val/n04326547/ILSVRC2012_val_00005354.JPEG
/home/projects/bagon/shared/imagenet512/val/n01644900/ILSVRC2012_val_00030622.JPEG
/home/projects/bagon/shared/imagenet512/val/n02226429/ILSVRC2012_val_00038662.JPEG
/home/projects/bagon/shared/imagenet512/val/n04286575/ILSVRC2012_val_00028258.JPEG
/home/projects/bagon/shared/imagenet512/val/n02808440/ILSVRC2012_val_00020254.JPEG
/home/projects/bagon/shared/imagenet512/val/n07718472/ILSVRC2012_val_00018495.JPEG
/home/projects/bagon/shared/imagenet512/val/n02110341/ILSVRC2012_val_00049881.JPEG
/home/projects/bagon/shared/imagenet512/val/n01677366/ILSVRC2012_val_00004201.JPEG
/home/projects/bagon/shared/imagenet512/val/n03838899/ILSVRC2012_val_00043268.JPEG
/home/projects/bagon/shared/imagenet512/val/n04344873/ILSVRC2012_val_00021180.JPEG
/home/projects/bagon/shared/imagenet512/val/n04370456/ILSVRC2012_val_00027573.JPEG
/home/projects/bagon/shared/imagenet512/val/n04074963/ILSVRC2012_val_00031846.JPEG
/home/projects/bagon/shared/imagenet512/val/n02980441/ILSVRC2012_val_00023472.JPEG
/home/projects/bagon/shared/imagenet512/val/n04579432/ILSVRC2012_val_00006029.JPEG
/home/projects/bagon/shared/imagenet512/val/n04136333/ILSVRC2012_val_00019371.JPEG
/home/projects/bagon/shared/imagenet512/val/n02909870/ILSVRC2012_val_00001126.JPEG
/home/projects/bagon/shared/imagenet512/val/n02098413/ILSVRC2012_val_00048235.JPEG
/home/projects/bagon/shared/imagenet512/val/n04209239/ILSVRC2012_val_00040307.JPEG
/home/projects/bagon/shared/imagenet512/val/n03063599/ILSVRC2012_val_00023189.JPEG
/home/projects/bagon/shared/imagenet512/val/n03016953/ILSVRC2012_val_00006766.JPEG
/home/projects/bagon/shared/imagenet512/val/n01773549/ILSVRC2012_val_00023989.JPEG
/home/projects/bagon/shared/imagenet512/val/n02088238/ILSVRC2012_val_00035117.JPEG
/home/projects/bagon/shared/imagenet512/val/n02137549/ILSVRC2012_val_00036537.JPEG
/home/projects/bagon/shared/imagenet512/val/n03443371/ILSVRC2012_val_00034156.JPEG
/home/projects/bagon/shared/imagenet512/val/n03291819/ILSVRC2012_val_00048896.JPEG
/home/projects/bagon/shared/imagenet512/val/n02526121/ILSVRC2012_val_00000933.JPEG
/home/projects/bagon/shared/imagenet512/val/n02877765/ILSVRC2012_val_00012104.JPEG
/home/projects/bagon/shared/imagenet512/val/n02089973/ILSVRC2012_val_00029164.JPEG
/home/projects/bagon/shared/imagenet512/val/n02094114/ILSVRC2012_val_00042473.JPEG
/home/projects/bagon/shared/imagenet512/val/n02096294/ILSVRC2012_val_00009818.JPEG
/home/projects/bagon/shared/imagenet512/val/n04285008/ILSVRC2012_val_00003049.JPEG
/home/projects/bagon/shared/imagenet512/val/n07930864/ILSVRC2012_val_00037077.JPEG
/home/projects/bagon/shared/imagenet512/val/n01641577/ILSVRC2012_val_00034226.JPEG
/home/projects/bagon/shared/imagenet512/val/n03642806/ILSVRC2012_val_00022256.JPEG
/home/projects/bagon/shared/imagenet512/val/n02493793/ILSVRC2012_val_00024437.JPEG
/home/projects/bagon/shared/imagenet512/val/n02815834/ILSVRC2012_val_00027232.JPEG
/home/projects/bagon/shared/imagenet512/val/n04346328/ILSVRC2012_val_00024070.JPEG
/home/projects/bagon/shared/imagenet512/val/n04443257/ILSVRC2012_val_00009808.JPEG
/home/projects/bagon/shared/imagenet512/val/n01753488/ILSVRC2012_val_00033674.JPEG
/home/projects/bagon/shared/imagenet512/val/n03697007/ILSVRC2012_val_00013144.JPEG
/home/projects/bagon/shared/imagenet512/val/n07579787/ILSVRC2012_val_00024184.JPEG
/home/projects/bagon/shared/imagenet512/val/n04350905/ILSVRC2012_val_00027101.JPEG
/home/projects/bagon/shared/imagenet512/val/n04270147/ILSVRC2012_val_00016879.JPEG
/home/projects/bagon/shared/imagenet512/val/n01498041/ILSVRC2012_val_00042175.JPEG
/home/projects/bagon/shared/imagenet512/val/n02783161/ILSVRC2012_val_00002507.JPEG
/home/projects/bagon/shared/imagenet512/val/n04591157/ILSVRC2012_val_00022572.JPEG
/home/projects/bagon/shared/imagenet512/val/n03908714/ILSVRC2012_val_00029113.JPEG
/home/projects/bagon/shared/imagenet512/val/n04265275/ILSVRC2012_val_00015735.JPEG
/home/projects/bagon/shared/imagenet512/val/n02094114/ILSVRC2012_val_00011404.JPEG
/home/projects/bagon/shared/imagenet512/val/n01756291/ILSVRC2012_val_00046311.JPEG
/home/projects/bagon/shared/imagenet512/val/n02871525/ILSVRC2012_val_00034632.JPEG
/home/projects/bagon/shared/imagenet512/val/n04081281/ILSVRC2012_val_00027988.JPEG
/home/projects/bagon/shared/imagenet512/val/n02974003/ILSVRC2012_val_00017438.JPEG
/home/projects/bagon/shared/imagenet512/val/n03124043/ILSVRC2012_val_00033631.JPEG
/home/projects/bagon/shared/imagenet512/val/n02088466/ILSVRC2012_val_00038054.JPEG
/home/projects/bagon/shared/imagenet512/val/n02094114/ILSVRC2012_val_00010253.JPEG
/home/projects/bagon/shared/imagenet512/val/n09428293/ILSVRC2012_val_00003056.JPEG
/home/projects/bagon/shared/imagenet512/val/n02134418/ILSVRC2012_val_00018303.JPEG
/home/projects/bagon/shared/imagenet512/val/n07715103/ILSVRC2012_val_00003699.JPEG
/home/projects/bagon/shared/imagenet512/val/n03866082/ILSVRC2012_val_00015286.JPEG
/home/projects/bagon/shared/imagenet512/val/n03291819/ILSVRC2012_val_00025948.JPEG
/home/projects/bagon/shared/imagenet512/val/n02113712/ILSVRC2012_val_00009464.JPEG
/home/projects/bagon/shared/imagenet512/val/n02669723/ILSVRC2012_val_00008367.JPEG
/home/projects/bagon/shared/imagenet512/val/n02105412/ILSVRC2012_val_00027094.JPEG
/home/projects/bagon/shared/imagenet512/val/n03709823/ILSVRC2012_val_00032241.JPEG
/home/projects/bagon/shared/imagenet512/val/n02229544/ILSVRC2012_val_00031335.JPEG
/home/projects/bagon/shared/imagenet512/val/n03976657/ILSVRC2012_val_00019249.JPEG
/home/projects/bagon/shared/imagenet512/val/n01729322/ILSVRC2012_val_00038823.JPEG
/home/projects/bagon/shared/imagenet512/val/n03838899/ILSVRC2012_val_00021762.JPEG
/home/projects/bagon/shared/imagenet512/val/n02169497/ILSVRC2012_val_00029421.JPEG
/home/projects/bagon/shared/imagenet512/val/n02107908/ILSVRC2012_val_00036497.JPEG
/home/projects/bagon/shared/imagenet512/val/n02091134/ILSVRC2012_val_00036765.JPEG
/home/projects/bagon/shared/imagenet512/val/n02441942/ILSVRC2012_val_00009986.JPEG
/home/projects/bagon/shared/imagenet512/val/n01484850/ILSVRC2012_val_00031720.JPEG
/home/projects/bagon/shared/imagenet512/val/n03692522/ILSVRC2012_val_00028897.JPEG
/home/projects/bagon/shared/imagenet512/val/n04554684/ILSVRC2012_val_00014173.JPEG
/home/projects/bagon/shared/imagenet512/val/n03637318/ILSVRC2012_val_00026568.JPEG
/home/projects/bagon/shared/imagenet512/val/n03690938/ILSVRC2012_val_00017504.JPEG
/home/projects/bagon/shared/imagenet512/val/n03658185/ILSVRC2012_val_00027231.JPEG
/home/projects/bagon/shared/imagenet512/val/n04442312/ILSVRC2012_val_00026183.JPEG
/home/projects/bagon/shared/imagenet512/val/n04355933/ILSVRC2012_val_00032393.JPEG
/home/projects/bagon/shared/imagenet512/val/n04599235/ILSVRC2012_val_00015838.JPEG
/home/projects/bagon/shared/imagenet512/val/n02971356/ILSVRC2012_val_00040517.JPEG
/home/projects/bagon/shared/imagenet512/val/n01768244/ILSVRC2012_val_00040255.JPEG
/home/projects/bagon/shared/imagenet512/val/n02704792/ILSVRC2012_val_00041201.JPEG
/home/projects/bagon/shared/imagenet512/val/n02226429/ILSVRC2012_val_00020985.JPEG
/home/projects/bagon/shared/imagenet512/val/n03085013/ILSVRC2012_val_00048307.JPEG
/home/projects/bagon/shared/imagenet512/val/n07892512/ILSVRC2012_val_00031066.JPEG
/home/projects/bagon/shared/imagenet512/val/n07873807/ILSVRC2012_val_00035995.JPEG
/home/projects/bagon/shared/imagenet512/val/n02500267/ILSVRC2012_val_00040939.JPEG
/home/projects/bagon/shared/imagenet512/val/n02106030/ILSVRC2012_val_00011698.JPEG
/home/projects/bagon/shared/imagenet512/val/n09256479/ILSVRC2012_val_00047681.JPEG
/home/projects/bagon/shared/imagenet512/val/n04330267/ILSVRC2012_val_00028834.JPEG
/home/projects/bagon/shared/imagenet512/val/n02791270/ILSVRC2012_val_00019912.JPEG
/home/projects/bagon/shared/imagenet512/val/n04008634/ILSVRC2012_val_00014496.JPEG
/home/projects/bagon/shared/imagenet512/val/n02098413/ILSVRC2012_val_00005685.JPEG
/home/projects/bagon/shared/imagenet512/val/n03793489/ILSVRC2012_val_00022389.JPEG
/home/projects/bagon/shared/imagenet512/val/n02783161/ILSVRC2012_val_00046011.JPEG
/home/projects/bagon/shared/imagenet512/val/n03787032/ILSVRC2012_val_00049767.JPEG
/home/projects/bagon/shared/imagenet512/val/n01796340/ILSVRC2012_val_00031689.JPEG
/home/projects/bagon/shared/imagenet512/val/n02410509/ILSVRC2012_val_00041565.JPEG
/home/projects/bagon/shared/imagenet512/val/n04116512/ILSVRC2012_val_00037299.JPEG
/home/projects/bagon/shared/imagenet512/val/n03759954/ILSVRC2012_val_00049305.JPEG
/home/projects/bagon/shared/imagenet512/val/n03761084/ILSVRC2012_val_00029968.JPEG
/home/projects/bagon/shared/imagenet512/val/n01980166/ILSVRC2012_val_00035169.JPEG
/home/projects/bagon/shared/imagenet512/val/n02097130/ILSVRC2012_val_00041568.JPEG
/home/projects/bagon/shared/imagenet512/val/n02776631/ILSVRC2012_val_00021392.JPEG
/home/projects/bagon/shared/imagenet512/val/n03662601/ILSVRC2012_val_00021429.JPEG
/home/projects/bagon/shared/imagenet512/val/n02916936/ILSVRC2012_val_00018713.JPEG
/home/projects/bagon/shared/imagenet512/val/n07930864/ILSVRC2012_val_00033139.JPEG
/home/projects/bagon/shared/imagenet512/val/n04332243/ILSVRC2012_val_00008608.JPEG
/home/projects/bagon/shared/imagenet512/val/n02974003/ILSVRC2012_val_00023858.JPEG
/home/projects/bagon/shared/imagenet512/val/n04204238/ILSVRC2012_val_00000629.JPEG
/home/projects/bagon/shared/imagenet512/val/n02107574/ILSVRC2012_val_00006191.JPEG
/home/projects/bagon/shared/imagenet512/val/n02979186/ILSVRC2012_val_00027735.JPEG
/home/projects/bagon/shared/imagenet512/val/n03017168/ILSVRC2012_val_00018301.JPEG
/home/projects/bagon/shared/imagenet512/val/n04525038/ILSVRC2012_val_00043142.JPEG
/home/projects/bagon/shared/imagenet512/val/n04254120/ILSVRC2012_val_00028431.JPEG
/home/projects/bagon/shared/imagenet512/val/n03930313/ILSVRC2012_val_00044064.JPEG
/home/projects/bagon/shared/imagenet512/val/n07836838/ILSVRC2012_val_00026528.JPEG
/home/projects/bagon/shared/imagenet512/val/n03785016/ILSVRC2012_val_00011514.JPEG
/home/projects/bagon/shared/imagenet512/val/n04482393/ILSVRC2012_val_00044823.JPEG
/home/projects/bagon/shared/imagenet512/val/n02783161/ILSVRC2012_val_00031057.JPEG
/home/projects/bagon/shared/imagenet512/val/n07768694/ILSVRC2012_val_00024707.JPEG
/home/projects/bagon/shared/imagenet512/val/n03594734/ILSVRC2012_val_00037472.JPEG
/home/projects/bagon/shared/imagenet512/val/n04493381/ILSVRC2012_val_00008574.JPEG
/home/projects/bagon/shared/imagenet512/val/n03594945/ILSVRC2012_val_00028405.JPEG
/home/projects/bagon/shared/imagenet512/val/n03837869/ILSVRC2012_val_00046864.JPEG
/home/projects/bagon/shared/imagenet512/val/n04592741/ILSVRC2012_val_00031487.JPEG
/home/projects/bagon/shared/imagenet512/val/n02909870/ILSVRC2012_val_00006327.JPEG
/home/projects/bagon/shared/imagenet512/val/n07860988/ILSVRC2012_val_00024852.JPEG
/home/projects/bagon/shared/imagenet512/val/n04008634/ILSVRC2012_val_00041369.JPEG
/home/projects/bagon/shared/imagenet512/val/n03710721/ILSVRC2012_val_00030322.JPEG
/home/projects/bagon/shared/imagenet512/val/n03220513/ILSVRC2012_val_00046008.JPEG
/home/projects/bagon/shared/imagenet512/val/n04005630/ILSVRC2012_val_00040234.JPEG
/home/projects/bagon/shared/imagenet512/val/n03127925/ILSVRC2012_val_00027441.JPEG
/home/projects/bagon/shared/imagenet512/val/n03633091/ILSVRC2012_val_00022723.JPEG
/home/projects/bagon/shared/imagenet512/val/n02793495/ILSVRC2012_val_00030661.JPEG
/home/projects/bagon/shared/imagenet512/val/n09428293/ILSVRC2012_val_00022923.JPEG
/home/projects/bagon/shared/imagenet512/val/n03785016/ILSVRC2012_val_00016809.JPEG
/home/projects/bagon/shared/imagenet512/val/n02123159/ILSVRC2012_val_00025396.JPEG
/home/projects/bagon/shared/imagenet512/val/n03272010/ILSVRC2012_val_00001273.JPEG
/home/projects/bagon/shared/imagenet512/val/n09421951/ILSVRC2012_val_00015740.JPEG
/home/projects/bagon/shared/imagenet512/val/n03658185/ILSVRC2012_val_00040880.JPEG
/home/projects/bagon/shared/imagenet512/val/n02095570/ILSVRC2012_val_00023143.JPEG
/home/projects/bagon/shared/imagenet512/val/n02119022/ILSVRC2012_val_00018381.JPEG
/home/projects/bagon/shared/imagenet512/val/n02113023/ILSVRC2012_val_00024145.JPEG
/home/projects/bagon/shared/imagenet512/val/n03179701/ILSVRC2012_val_00042089.JPEG
/home/projects/bagon/shared/imagenet512/val/n01981276/ILSVRC2012_val_00002190.JPEG
/home/projects/bagon/shared/imagenet512/val/n07836838/ILSVRC2012_val_00033551.JPEG
/home/projects/bagon/shared/imagenet512/val/n02790996/ILSVRC2012_val_00010918.JPEG
/home/projects/bagon/shared/imagenet512/val/n03485794/ILSVRC2012_val_00019769.JPEG
/home/projects/bagon/shared/imagenet512/val/n01774750/ILSVRC2012_val_00009462.JPEG
/home/projects/bagon/shared/imagenet512/val/n04370456/ILSVRC2012_val_00033847.JPEG
/home/projects/bagon/shared/imagenet512/val/n04332243/ILSVRC2012_val_00037422.JPEG
/home/projects/bagon/shared/imagenet512/val/n02108089/ILSVRC2012_val_00005263.JPEG
/home/projects/bagon/shared/imagenet512/val/n01630670/ILSVRC2012_val_00032171.JPEG
/home/projects/bagon/shared/imagenet512/val/n02870880/ILSVRC2012_val_00020066.JPEG
/home/projects/bagon/shared/imagenet512/val/n03954731/ILSVRC2012_val_00029388.JPEG
/home/projects/bagon/shared/imagenet512/val/n02504013/ILSVRC2012_val_00001850.JPEG
/home/projects/bagon/shared/imagenet512/val/n02483708/ILSVRC2012_val_00026496.JPEG
/home/projects/bagon/shared/imagenet512/val/n03089624/ILSVRC2012_val_00028174.JPEG
/home/projects/bagon/shared/imagenet512/val/n02233338/ILSVRC2012_val_00022227.JPEG
/home/projects/bagon/shared/imagenet512/val/n02114855/ILSVRC2012_val_00034279.JPEG
/home/projects/bagon/shared/imagenet512/val/n03485407/ILSVRC2012_val_00017688.JPEG
/home/projects/bagon/shared/imagenet512/val/n03594945/ILSVRC2012_val_00018474.JPEG
/home/projects/bagon/shared/imagenet512/val/n04141975/ILSVRC2012_val_00028818.JPEG
/home/projects/bagon/shared/imagenet512/val/n02095314/ILSVRC2012_val_00037195.JPEG
/home/projects/bagon/shared/imagenet512/val/n03657121/ILSVRC2012_val_00009467.JPEG
/home/projects/bagon/shared/imagenet512/val/n04296562/ILSVRC2012_val_00006930.JPEG
/home/projects/bagon/shared/imagenet512/val/n02979186/ILSVRC2012_val_00017775.JPEG
/home/projects/bagon/shared/imagenet512/val/n03016953/ILSVRC2012_val_00031340.JPEG
/home/projects/bagon/shared/imagenet512/val/n04525038/ILSVRC2012_val_00019244.JPEG
/home/projects/bagon/shared/imagenet512/val/n02088466/ILSVRC2012_val_00017226.JPEG
/home/projects/bagon/shared/imagenet512/val/n02268443/ILSVRC2012_val_00035582.JPEG
/home/projects/bagon/shared/imagenet512/val/n03272010/ILSVRC2012_val_00004994.JPEG
/home/projects/bagon/shared/imagenet512/val/n04596742/ILSVRC2012_val_00001534.JPEG
/home/projects/bagon/shared/imagenet512/val/n04152593/ILSVRC2012_val_00037523.JPEG
/home/projects/bagon/shared/imagenet512/val/n04033901/ILSVRC2012_val_00012813.JPEG
/home/projects/bagon/shared/imagenet512/val/n02999410/ILSVRC2012_val_00013288.JPEG
/home/projects/bagon/shared/imagenet512/val/n04152593/ILSVRC2012_val_00001526.JPEG
/home/projects/bagon/shared/imagenet512/val/n03065424/ILSVRC2012_val_00020368.JPEG
/home/projects/bagon/shared/imagenet512/val/n15075141/ILSVRC2012_val_00038340.JPEG
/home/projects/bagon/shared/imagenet512/val/n01744401/ILSVRC2012_val_00033761.JPEG
/home/projects/bagon/shared/imagenet512/val/n03832673/ILSVRC2012_val_00003207.JPEG
/home/projects/bagon/shared/imagenet512/val/n04192698/ILSVRC2012_val_00037734.JPEG
/home/projects/bagon/shared/imagenet512/val/n09246464/ILSVRC2012_val_00026519.JPEG
/home/projects/bagon/shared/imagenet512/val/n04356056/ILSVRC2012_val_00023952.JPEG
/home/projects/bagon/shared/imagenet512/val/n03485407/ILSVRC2012_val_00010543.JPEG
/home/projects/bagon/shared/imagenet512/val/n09193705/ILSVRC2012_val_00017733.JPEG
/home/projects/bagon/shared/imagenet512/val/n02909870/ILSVRC2012_val_00011094.JPEG
/home/projects/bagon/shared/imagenet512/val/n02493793/ILSVRC2012_val_00007725.JPEG
/home/projects/bagon/shared/imagenet512/val/n03642806/ILSVRC2012_val_00048251.JPEG
/home/projects/bagon/shared/imagenet512/val/n04462240/ILSVRC2012_val_00030975.JPEG
/home/projects/bagon/shared/imagenet512/val/n04141076/ILSVRC2012_val_00042195.JPEG
/home/projects/bagon/shared/imagenet512/val/n02999410/ILSVRC2012_val_00023467.JPEG
/home/projects/bagon/shared/imagenet512/val/n04332243/ILSVRC2012_val_00026345.JPEG
/home/projects/bagon/shared/imagenet512/val/n02869837/ILSVRC2012_val_00048571.JPEG
/home/projects/bagon/shared/imagenet512/val/n03594734/ILSVRC2012_val_00013027.JPEG
/home/projects/bagon/shared/imagenet512/val/n01740131/ILSVRC2012_val_00019669.JPEG
/home/projects/bagon/shared/imagenet512/val/n06874185/ILSVRC2012_val_00003209.JPEG
/home/projects/bagon/shared/imagenet512/val/n03196217/ILSVRC2012_val_00010672.JPEG
/home/projects/bagon/shared/imagenet512/val/n02815834/ILSVRC2012_val_00040812.JPEG
/home/projects/bagon/shared/imagenet512/val/n01697457/ILSVRC2012_val_00038188.JPEG
/home/projects/bagon/shared/imagenet512/val/n04090263/ILSVRC2012_val_00013267.JPEG
/home/projects/bagon/shared/imagenet512/val/n03197337/ILSVRC2012_val_00048942.JPEG
/home/projects/bagon/shared/imagenet512/val/n02974003/ILSVRC2012_val_00031038.JPEG
/home/projects/bagon/shared/imagenet512/val/n04599235/ILSVRC2012_val_00033022.JPEG
/home/projects/bagon/shared/imagenet512/val/n04259630/ILSVRC2012_val_00014144.JPEG
/home/projects/bagon/shared/imagenet512/val/n02089973/ILSVRC2012_val_00000028.JPEG
/home/projects/bagon/shared/imagenet512/val/n04366367/ILSVRC2012_val_00006298.JPEG
/home/projects/bagon/shared/imagenet512/val/n02106030/ILSVRC2012_val_00038745.JPEG
/home/projects/bagon/shared/imagenet512/val/n03016953/ILSVRC2012_val_00043073.JPEG
/home/projects/bagon/shared/imagenet512/val/n03179701/ILSVRC2012_val_00037234.JPEG
/home/projects/bagon/shared/imagenet512/val/n04201297/ILSVRC2012_val_00033996.JPEG
/home/projects/bagon/shared/imagenet512/val/n02087046/ILSVRC2012_val_00036751.JPEG
/home/projects/bagon/shared/imagenet512/val/n02113186/ILSVRC2012_val_00043803.JPEG
/home/projects/bagon/shared/imagenet512/val/n04589890/ILSVRC2012_val_00033500.JPEG
/home/projects/bagon/shared/imagenet512/val/n03657121/ILSVRC2012_val_00005509.JPEG
/home/projects/bagon/shared/imagenet512/val/n04532106/ILSVRC2012_val_00018024.JPEG
/home/projects/bagon/shared/imagenet512/val/n03127925/ILSVRC2012_val_00003847.JPEG
/home/projects/bagon/shared/imagenet512/val/n02012849/ILSVRC2012_val_00012554.JPEG
/home/projects/bagon/shared/imagenet512/val/n03250847/ILSVRC2012_val_00038053.JPEG
/home/projects/bagon/shared/imagenet512/val/n09399592/ILSVRC2012_val_00042161.JPEG
/home/projects/bagon/shared/imagenet512/val/n01981276/ILSVRC2012_val_00026511.JPEG
/home/projects/bagon/shared/imagenet512/val/n02877765/ILSVRC2012_val_00028640.JPEG
/home/projects/bagon/shared/imagenet512/val/n04204347/ILSVRC2012_val_00019374.JPEG
/home/projects/bagon/shared/imagenet512/val/n03690938/ILSVRC2012_val_00024966.JPEG
/home/projects/bagon/shared/imagenet512/val/n03843555/ILSVRC2012_val_00014814.JPEG
/home/projects/bagon/shared/imagenet512/val/n02895154/ILSVRC2012_val_00023614.JPEG
/home/projects/bagon/shared/imagenet512/val/n03482405/ILSVRC2012_val_00039416.JPEG
/home/projects/bagon/shared/imagenet512/val/n04399382/ILSVRC2012_val_00017956.JPEG
/home/projects/bagon/shared/imagenet512/val/n03492542/ILSVRC2012_val_00021902.JPEG
/home/projects/bagon/shared/imagenet512/val/n02493509/ILSVRC2012_val_00047378.JPEG
/home/projects/bagon/shared/imagenet512/val/n02107908/ILSVRC2012_val_00018589.JPEG
/home/projects/bagon/shared/imagenet512/val/n01644900/ILSVRC2012_val_00020180.JPEG
/home/projects/bagon/shared/imagenet512/val/n02823428/ILSVRC2012_val_00006248.JPEG
/home/projects/bagon/shared/imagenet512/val/n02105251/ILSVRC2012_val_00048748.JPEG
/home/projects/bagon/shared/imagenet512/val/n02776631/ILSVRC2012_val_00048081.JPEG
/home/projects/bagon/shared/imagenet512/val/n04044716/ILSVRC2012_val_00043792.JPEG
/home/projects/bagon/shared/imagenet512/val/n02676566/ILSVRC2012_val_00047469.JPEG
/home/projects/bagon/shared/imagenet512/val/n03372029/ILSVRC2012_val_00031790.JPEG
/home/projects/bagon/shared/imagenet512/val/n04285008/ILSVRC2012_val_00025004.JPEG
/home/projects/bagon/shared/imagenet512/val/n03642806/ILSVRC2012_val_00040665.JPEG
/home/projects/bagon/shared/imagenet512/val/n01630670/ILSVRC2012_val_00032864.JPEG
/home/projects/bagon/shared/imagenet512/val/n09256479/ILSVRC2012_val_00026207.JPEG
/home/projects/bagon/shared/imagenet512/val/n03691459/ILSVRC2012_val_00035771.JPEG
/home/projects/bagon/shared/imagenet512/val/n03016953/ILSVRC2012_val_00007066.JPEG
/home/projects/bagon/shared/imagenet512/val/n04560804/ILSVRC2012_val_00027970.JPEG
/home/projects/bagon/shared/imagenet512/val/n02097047/ILSVRC2012_val_00040613.JPEG
/home/projects/bagon/shared/imagenet512/val/n03710637/ILSVRC2012_val_00028561.JPEG
/home/projects/bagon/shared/imagenet512/val/n04442312/ILSVRC2012_val_00036872.JPEG
/home/projects/bagon/shared/imagenet512/val/n02979186/ILSVRC2012_val_00003944.JPEG
/home/projects/bagon/shared/imagenet512/val/n01630670/ILSVRC2012_val_00029854.JPEG
/home/projects/bagon/shared/imagenet512/val/n02107908/ILSVRC2012_val_00044380.JPEG
/home/projects/bagon/shared/imagenet512/val/n03452741/ILSVRC2012_val_00016165.JPEG
/home/projects/bagon/shared/imagenet512/val/n02085620/ILSVRC2012_val_00011639.JPEG
/home/projects/bagon/shared/imagenet512/val/n03804744/ILSVRC2012_val_00009414.JPEG
/home/projects/bagon/shared/imagenet512/val/n02776631/ILSVRC2012_val_00008715.JPEG
/home/projects/bagon/shared/imagenet512/val/n07932039/ILSVRC2012_val_00011632.JPEG
/home/projects/bagon/shared/imagenet512/val/n02782093/ILSVRC2012_val_00007205.JPEG
/home/projects/bagon/shared/imagenet512/val/n02939185/ILSVRC2012_val_00034236.JPEG
/home/projects/bagon/shared/imagenet512/val/n03627232/ILSVRC2012_val_00037616.JPEG
/home/projects/bagon/shared/imagenet512/val/n03201208/ILSVRC2012_val_00039899.JPEG
/home/projects/bagon/shared/imagenet512/val/n04152593/ILSVRC2012_val_00046292.JPEG
/home/projects/bagon/shared/imagenet512/val/n01664065/ILSVRC2012_val_00041713.JPEG
/home/projects/bagon/shared/imagenet512/val/n04525038/ILSVRC2012_val_00000433.JPEG
/home/projects/bagon/shared/imagenet512/val/n03425413/ILSVRC2012_val_00018006.JPEG
/home/projects/bagon/shared/imagenet512/val/n03793489/ILSVRC2012_val_00036387.JPEG
/home/projects/bagon/shared/imagenet512/val/n07248320/ILSVRC2012_val_00010338.JPEG
/home/projects/bagon/shared/imagenet512/val/n02233338/ILSVRC2012_val_00040914.JPEG
/home/projects/bagon/shared/imagenet512/val/n04517823/ILSVRC2012_val_00018100.JPEG
/home/projects/bagon/shared/imagenet512/val/n03866082/ILSVRC2012_val_00043581.JPEG
/home/projects/bagon/shared/imagenet512/val/n03482405/ILSVRC2012_val_00019326.JPEG
/home/projects/bagon/shared/imagenet512/val/n04273569/ILSVRC2012_val_00040734.JPEG
/home/projects/bagon/shared/imagenet512/val/n04235860/ILSVRC2012_val_00023045.JPEG
/home/projects/bagon/shared/imagenet512/val/n02113712/ILSVRC2012_val_00021546.JPEG
/home/projects/bagon/shared/imagenet512/val/n03220513/ILSVRC2012_val_00005638.JPEG
/home/projects/bagon/shared/imagenet512/val/n01773797/ILSVRC2012_val_00016083.JPEG
/home/projects/bagon/shared/imagenet512/val/n02106030/ILSVRC2012_val_00003480.JPEG
/home/projects/bagon/shared/imagenet512/val/n07871810/ILSVRC2012_val_00027403.JPEG
/home/projects/bagon/shared/imagenet512/val/n04008634/ILSVRC2012_val_00007055.JPEG
/home/projects/bagon/shared/imagenet512/val/n02088466/ILSVRC2012_val_00015244.JPEG
/home/projects/bagon/shared/imagenet512/val/n01983481/ILSVRC2012_val_00048921.JPEG
/home/projects/bagon/shared/imagenet512/val/n02979186/ILSVRC2012_val_00018559.JPEG
/home/projects/bagon/shared/imagenet512/val/n02437616/ILSVRC2012_val_00030943.JPEG
/home/projects/bagon/shared/imagenet512/val/n04152593/ILSVRC2012_val_00002676.JPEG
/home/projects/bagon/shared/imagenet512/val/n04461696/ILSVRC2012_val_00047720.JPEG
/home/projects/bagon/shared/imagenet512/val/n02091831/ILSVRC2012_val_00012482.JPEG
/home/projects/bagon/shared/imagenet512/val/n02108000/ILSVRC2012_val_00047149.JPEG
/home/projects/bagon/shared/imagenet512/val/n09332890/ILSVRC2012_val_00041181.JPEG
/home/projects/bagon/shared/imagenet512/val/n01496331/ILSVRC2012_val_00009237.JPEG
/home/projects/bagon/shared/imagenet512/val/n04479046/ILSVRC2012_val_00026699.JPEG
/home/projects/bagon/shared/imagenet512/val/n04371430/ILSVRC2012_val_00003565.JPEG
/home/projects/bagon/shared/imagenet512/val/n04392985/ILSVRC2012_val_00029362.JPEG
/home/projects/bagon/shared/imagenet512/val/n03832673/ILSVRC2012_val_00035068.JPEG
/home/projects/bagon/shared/imagenet512/val/n04485082/ILSVRC2012_val_00001409.JPEG
/home/projects/bagon/shared/imagenet512/val/n03866082/ILSVRC2012_val_00019176.JPEG
/home/projects/bagon/shared/imagenet512/val/n09421951/ILSVRC2012_val_00009118.JPEG
/home/projects/bagon/shared/imagenet512/val/n03782006/ILSVRC2012_val_00000119.JPEG
/home/projects/bagon/shared/imagenet512/val/n03642806/ILSVRC2012_val_00002580.JPEG
/home/projects/bagon/shared/imagenet512/val/n03692522/ILSVRC2012_val_00004519.JPEG
/home/projects/bagon/shared/imagenet512/val/n02837789/ILSVRC2012_val_00034031.JPEG
/home/projects/bagon/shared/imagenet512/val/n03866082/ILSVRC2012_val_00046877.JPEG
/home/projects/bagon/shared/imagenet512/val/n02086240/ILSVRC2012_val_00010550.JPEG
/home/projects/bagon/shared/imagenet512/val/n03793489/ILSVRC2012_val_00009735.JPEG
/home/projects/bagon/shared/imagenet512/val/n02395406/ILSVRC2012_val_00036996.JPEG
/home/projects/bagon/shared/imagenet512/val/n07734744/ILSVRC2012_val_00048751.JPEG
/home/projects/bagon/shared/imagenet512/val/n04152593/ILSVRC2012_val_00014614.JPEG
/home/projects/bagon/shared/imagenet512/val/n02106030/ILSVRC2012_val_00020196.JPEG
/home/projects/bagon/shared/imagenet512/val/n04004767/ILSVRC2012_val_00016838.JPEG
/home/projects/bagon/shared/imagenet512/val/n02776631/ILSVRC2012_val_00024657.JPEG
/home/projects/bagon/shared/imagenet512/val/n02669723/ILSVRC2012_val_00010024.JPEG
/home/projects/bagon/shared/imagenet512/val/n02992529/ILSVRC2012_val_00043042.JPEG
/home/projects/bagon/shared/imagenet512/val/n01968897/ILSVRC2012_val_00030968.JPEG
/home/projects/bagon/shared/imagenet512/val/n02486261/ILSVRC2012_val_00038203.JPEG
/home/projects/bagon/shared/imagenet512/val/n02109961/ILSVRC2012_val_00009148.JPEG
/home/projects/bagon/shared/imagenet512/val/n04116512/ILSVRC2012_val_00045075.JPEG
/home/projects/bagon/shared/imagenet512/val/n02104029/ILSVRC2012_val_00024981.JPEG
/home/projects/bagon/shared/imagenet512/val/n03980874/ILSVRC2012_val_00005834.JPEG
/home/projects/bagon/shared/imagenet512/val/n03871628/ILSVRC2012_val_00021041.JPEG
/home/projects/bagon/shared/imagenet512/val/n01910747/ILSVRC2012_val_00010869.JPEG
/home/projects/bagon/shared/imagenet512/val/n01930112/ILSVRC2012_val_00012415.JPEG
/home/projects/bagon/shared/imagenet512/val/n04004767/ILSVRC2012_val_00045332.JPEG
/home/projects/bagon/shared/imagenet512/val/n02321529/ILSVRC2012_val_00041485.JPEG
/home/projects/bagon/shared/imagenet512/val/n02676566/ILSVRC2012_val_00049664.JPEG
/home/projects/bagon/shared/imagenet512/val/n01917289/ILSVRC2012_val_00008087.JPEG
/home/projects/bagon/shared/imagenet512/val/n03125729/ILSVRC2012_val_00010193.JPEG
/home/projects/bagon/shared/imagenet512/val/n02974003/ILSVRC2012_val_00048308.JPEG
/home/projects/bagon/shared/imagenet512/val/n02988304/ILSVRC2012_val_00038243.JPEG
/home/projects/bagon/shared/imagenet512/val/n02488702/ILSVRC2012_val_00038696.JPEG
/home/projects/bagon/shared/imagenet512/val/n03776460/ILSVRC2012_val_00020127.JPEG
/home/projects/bagon/shared/imagenet512/val/n04127249/ILSVRC2012_val_00041228.JPEG
/home/projects/bagon/shared/imagenet512/val/n01914609/ILSVRC2012_val_00041675.JPEG
/home/projects/bagon/shared/imagenet512/val/n09246464/ILSVRC2012_val_00001444.JPEG
/home/projects/bagon/shared/imagenet512/val/n03452741/ILSVRC2012_val_00034400.JPEG
/home/projects/bagon/shared/imagenet512/val/n02012849/ILSVRC2012_val_00018966.JPEG
/home/projects/bagon/shared/imagenet512/val/n03220513/ILSVRC2012_val_00049492.JPEG
/home/projects/bagon/shared/imagenet512/val/n07749582/ILSVRC2012_val_00022375.JPEG
/home/projects/bagon/shared/imagenet512/val/n03691459/ILSVRC2012_val_00021809.JPEG
/home/projects/bagon/shared/imagenet512/val/n02123159/ILSVRC2012_val_00046457.JPEG
/home/projects/bagon/shared/imagenet512/val/n03297495/ILSVRC2012_val_00041481.JPEG
/home/projects/bagon/shared/imagenet512/val/n03933933/ILSVRC2012_val_00001062.JPEG
/home/projects/bagon/shared/imagenet512/val/n03873416/ILSVRC2012_val_00043183.JPEG
/home/projects/bagon/shared/imagenet512/val/n02113624/ILSVRC2012_val_00022911.JPEG
/home/projects/bagon/shared/imagenet512/val/n07871810/ILSVRC2012_val_00038660.JPEG
/home/projects/bagon/shared/imagenet512/val/n04590129/ILSVRC2012_val_00015131.JPEG
/home/projects/bagon/shared/imagenet512/val/n03658185/ILSVRC2012_val_00038605.JPEG
/home/projects/bagon/shared/imagenet512/val/n03710637/ILSVRC2012_val_00039306.JPEG
/home/projects/bagon/shared/imagenet512/val/n02169497/ILSVRC2012_val_00023833.JPEG
/home/projects/bagon/shared/imagenet512/val/n03793489/ILSVRC2012_val_00015375.JPEG
/home/projects/bagon/shared/imagenet512/val/n03201208/ILSVRC2012_val_00043733.JPEG
/home/projects/bagon/shared/imagenet512/val/n01641577/ILSVRC2012_val_00009563.JPEG
/home/projects/bagon/shared/imagenet512/val/n02107142/ILSVRC2012_val_00036045.JPEG
/home/projects/bagon/shared/imagenet512/val/n07831146/ILSVRC2012_val_00035071.JPEG
/home/projects/bagon/shared/imagenet512/val/n01644900/ILSVRC2012_val_00000037.JPEG
/home/projects/bagon/shared/imagenet512/val/n01697457/ILSVRC2012_val_00010904.JPEG
/home/projects/bagon/shared/imagenet512/val/n07248320/ILSVRC2012_val_00019890.JPEG
/home/projects/bagon/shared/imagenet512/val/n02676566/ILSVRC2012_val_00008977.JPEG
/home/projects/bagon/shared/imagenet512/val/n02892767/ILSVRC2012_val_00029015.JPEG
/home/projects/bagon/shared/imagenet512/val/n04238763/ILSVRC2012_val_00030423.JPEG
/home/projects/bagon/shared/imagenet512/val/n06794110/ILSVRC2012_val_00007671.JPEG
/home/projects/bagon/shared/imagenet512/val/n02808440/ILSVRC2012_val_00015881.JPEG
/home/projects/bagon/shared/imagenet512/val/n03544143/ILSVRC2012_val_00026373.JPEG
/home/projects/bagon/shared/imagenet512/val/n04264628/ILSVRC2012_val_00043429.JPEG
/home/projects/bagon/shared/imagenet512/val/n07875152/ILSVRC2012_val_00037968.JPEG
/home/projects/bagon/shared/imagenet512/val/n04604644/ILSVRC2012_val_00024026.JPEG
/home/projects/bagon/shared/imagenet512/val/n03877845/ILSVRC2012_val_00034639.JPEG
/home/projects/bagon/shared/imagenet512/val/n03958227/ILSVRC2012_val_00035782.JPEG
/home/projects/bagon/shared/imagenet512/val/n03297495/ILSVRC2012_val_00044030.JPEG
/home/projects/bagon/shared/imagenet512/val/n07875152/ILSVRC2012_val_00010606.JPEG
/home/projects/bagon/shared/imagenet512/val/n02137549/ILSVRC2012_val_00008051.JPEG
/home/projects/bagon/shared/imagenet512/val/n02124075/ILSVRC2012_val_00008778.JPEG
/home/projects/bagon/shared/imagenet512/val/n04118776/ILSVRC2012_val_00038643.JPEG
/home/projects/bagon/shared/imagenet512/val/n02999410/ILSVRC2012_val_00012273.JPEG
/home/projects/bagon/shared/imagenet512/val/n02113712/ILSVRC2012_val_00037896.JPEG
/home/projects/bagon/shared/imagenet512/val/n03782006/ILSVRC2012_val_00036107.JPEG
/home/projects/bagon/shared/imagenet512/val/n04557648/ILSVRC2012_val_00023524.JPEG
/home/projects/bagon/shared/imagenet512/val/n03709823/ILSVRC2012_val_00034177.JPEG
/home/projects/bagon/shared/imagenet512/val/n07720875/ILSVRC2012_val_00038872.JPEG
/home/projects/bagon/shared/imagenet512/val/n13040303/ILSVRC2012_val_00000967.JPEG
/home/projects/bagon/shared/imagenet512/val/n04428191/ILSVRC2012_val_00044758.JPEG
/home/projects/bagon/shared/imagenet512/val/n02229544/ILSVRC2012_val_00044578.JPEG
/home/projects/bagon/shared/imagenet512/val/n02109961/ILSVRC2012_val_00023846.JPEG
/home/projects/bagon/shared/imagenet512/val/n02102480/ILSVRC2012_val_00001758.JPEG
/home/projects/bagon/shared/imagenet512/val/n04041544/ILSVRC2012_val_00027958.JPEG
/home/projects/bagon/shared/imagenet512/val/n09332890/ILSVRC2012_val_00049375.JPEG
/home/projects/bagon/shared/imagenet512/val/n02096051/ILSVRC2012_val_00024400.JPEG
/home/projects/bagon/shared/imagenet512/val/n01667778/ILSVRC2012_val_00038628.JPEG
/home/projects/bagon/shared/imagenet512/val/n02119022/ILSVRC2012_val_00004643.JPEG
/home/projects/bagon/shared/imagenet512/val/n03642806/ILSVRC2012_val_00005275.JPEG
/home/projects/bagon/shared/imagenet512/val/n02108000/ILSVRC2012_val_00031461.JPEG
/home/projects/bagon/shared/imagenet512/val/n04367480/ILSVRC2012_val_00038191.JPEG
/home/projects/bagon/shared/imagenet512/val/n02107908/ILSVRC2012_val_00041844.JPEG
/home/projects/bagon/shared/imagenet512/val/n04264628/ILSVRC2012_val_00044098.JPEG
/home/projects/bagon/shared/imagenet512/val/n03014705/ILSVRC2012_val_00004445.JPEG
/home/projects/bagon/shared/imagenet512/val/n03459775/ILSVRC2012_val_00025067.JPEG
/home/projects/bagon/shared/imagenet512/val/n03045698/ILSVRC2012_val_00021420.JPEG
/home/projects/bagon/shared/imagenet512/val/n02107908/ILSVRC2012_val_00004569.JPEG
/home/projects/bagon/shared/imagenet512/val/n02814533/ILSVRC2012_val_00011630.JPEG
/home/projects/bagon/shared/imagenet512/val/n03498962/ILSVRC2012_val_00047673.JPEG
/home/projects/bagon/shared/imagenet512/val/n03045698/ILSVRC2012_val_00036947.JPEG
/home/projects/bagon/shared/imagenet512/val/n04428191/ILSVRC2012_val_00028609.JPEG
/home/projects/bagon/shared/imagenet512/val/n04009552/ILSVRC2012_val_00046217.JPEG
/home/projects/bagon/shared/imagenet512/val/n07860988/ILSVRC2012_val_00005168.JPEG
/home/projects/bagon/shared/imagenet512/val/n02219486/ILSVRC2012_val_00012102.JPEG
/home/projects/bagon/shared/imagenet512/val/n12144580/ILSVRC2012_val_00017589.JPEG
/home/projects/bagon/shared/imagenet512/val/n07892512/ILSVRC2012_val_00031627.JPEG
/home/projects/bagon/shared/imagenet512/val/n01740131/ILSVRC2012_val_00027330.JPEG
/home/projects/bagon/shared/imagenet512/val/n04372370/ILSVRC2012_val_00035646.JPEG
/home/projects/bagon/shared/imagenet512/val/n02107908/ILSVRC2012_val_00000594.JPEG
/home/projects/bagon/shared/imagenet512/val/n02133161/ILSVRC2012_val_00045189.JPEG
/home/projects/bagon/shared/imagenet512/val/n04026417/ILSVRC2012_val_00013578.JPEG
/home/projects/bagon/shared/imagenet512/val/n03710637/ILSVRC2012_val_00049705.JPEG
/home/projects/bagon/shared/imagenet512/val/n02226429/ILSVRC2012_val_00002904.JPEG
/home/projects/bagon/shared/imagenet512/val/n02974003/ILSVRC2012_val_00011981.JPEG
/home/projects/bagon/shared/imagenet512/val/n02776631/ILSVRC2012_val_00025555.JPEG
/home/projects/bagon/shared/imagenet512/val/n09428293/ILSVRC2012_val_00032058.JPEG
/home/projects/bagon/shared/imagenet512/val/n02814533/ILSVRC2012_val_00027049.JPEG
/home/projects/bagon/shared/imagenet512/val/n03125729/ILSVRC2012_val_00007834.JPEG
/home/projects/bagon/shared/imagenet512/val/n01742172/ILSVRC2012_val_00026766.JPEG
/home/projects/bagon/shared/imagenet512/val/n03773504/ILSVRC2012_val_00049002.JPEG
/home/projects/bagon/shared/imagenet512/val/n02493509/ILSVRC2012_val_00014306.JPEG
/home/projects/bagon/shared/imagenet512/val/n02107908/ILSVRC2012_val_00034931.JPEG
/home/projects/bagon/shared/imagenet512/val/n02127052/ILSVRC2012_val_00009992.JPEG
/home/projects/bagon/shared/imagenet512/val/n02231487/ILSVRC2012_val_00043867.JPEG
/home/projects/bagon/shared/imagenet512/val/n01943899/ILSVRC2012_val_00005706.JPEG
/home/projects/bagon/shared/imagenet512/val/n02699494/ILSVRC2012_val_00028971.JPEG
/home/projects/bagon/shared/imagenet512/val/n07873807/ILSVRC2012_val_00032518.JPEG
/home/projects/bagon/shared/imagenet512/val/n04263257/ILSVRC2012_val_00042927.JPEG
/home/projects/bagon/shared/imagenet512/val/n02088466/ILSVRC2012_val_00018835.JPEG
/home/projects/bagon/shared/imagenet512/val/n03527444/ILSVRC2012_val_00047965.JPEG
/home/projects/bagon/shared/imagenet512/val/n01491361/ILSVRC2012_val_00028564.JPEG
/home/projects/bagon/shared/imagenet512/val/n02089078/ILSVRC2012_val_00049229.JPEG
/home/projects/bagon/shared/imagenet512/val/n04525038/ILSVRC2012_val_00008589.JPEG
/home/projects/bagon/shared/imagenet512/val/n03871628/ILSVRC2012_val_00047844.JPEG
/home/projects/bagon/shared/imagenet512/val/n04041544/ILSVRC2012_val_00037957.JPEG
/home/projects/bagon/shared/imagenet512/val/n03400231/ILSVRC2012_val_00049394.JPEG
/home/projects/bagon/shared/imagenet512/val/n01980166/ILSVRC2012_val_00015319.JPEG
/home/projects/bagon/shared/imagenet512/val/n01755581/ILSVRC2012_val_00037451.JPEG
/home/projects/bagon/shared/imagenet512/val/n02939185/ILSVRC2012_val_00031283.JPEG
/home/projects/bagon/shared/imagenet512/val/n02087046/ILSVRC2012_val_00011748.JPEG
/home/projects/bagon/shared/imagenet512/val/n04367480/ILSVRC2012_val_00028163.JPEG
/home/projects/bagon/shared/imagenet512/val/n03706229/ILSVRC2012_val_00046884.JPEG
/home/projects/bagon/shared/imagenet512/val/n04264628/ILSVRC2012_val_00024474.JPEG
/home/projects/bagon/shared/imagenet512/val/n01984695/ILSVRC2012_val_00042491.JPEG
/home/projects/bagon/shared/imagenet512/val/n07734744/ILSVRC2012_val_00011179.JPEG
/home/projects/bagon/shared/imagenet512/val/n02815834/ILSVRC2012_val_00032560.JPEG
/home/projects/bagon/shared/imagenet512/val/n02098413/ILSVRC2012_val_00049190.JPEG
/home/projects/bagon/shared/imagenet512/val/n03832673/ILSVRC2012_val_00032526.JPEG
/home/projects/bagon/shared/imagenet512/val/n04428191/ILSVRC2012_val_00025547.JPEG
/home/projects/bagon/shared/imagenet512/val/n03871628/ILSVRC2012_val_00003796.JPEG
/home/projects/bagon/shared/imagenet512/val/n02123159/ILSVRC2012_val_00013550.JPEG
/home/projects/bagon/shared/imagenet512/val/n02412080/ILSVRC2012_val_00007299.JPEG
/home/projects/bagon/shared/imagenet512/val/n02974003/ILSVRC2012_val_00003456.JPEG
/home/projects/bagon/shared/imagenet512/val/n03220513/ILSVRC2012_val_00018960.JPEG
/home/projects/bagon/shared/imagenet512/val/n01843383/ILSVRC2012_val_00040051.JPEG
/home/projects/bagon/shared/imagenet512/val/n13133613/ILSVRC2012_val_00047388.JPEG
/home/projects/bagon/shared/imagenet512/val/n02233338/ILSVRC2012_val_00007891.JPEG
/home/projects/bagon/shared/imagenet512/val/n01776313/ILSVRC2012_val_00034020.JPEG
/home/projects/bagon/shared/imagenet512/val/n01797886/ILSVRC2012_val_00026924.JPEG
/home/projects/bagon/shared/imagenet512/val/n04592741/ILSVRC2012_val_00018394.JPEG
/home/projects/bagon/shared/imagenet512/val/n03623198/ILSVRC2012_val_00040084.JPEG
/home/projects/bagon/shared/imagenet512/val/n02666196/ILSVRC2012_val_00031659.JPEG
/home/projects/bagon/shared/imagenet512/val/n02804414/ILSVRC2012_val_00049295.JPEG
/home/projects/bagon/shared/imagenet512/val/n04264628/ILSVRC2012_val_00030393.JPEG
/home/projects/bagon/shared/imagenet512/val/n07836838/ILSVRC2012_val_00007307.JPEG
/home/projects/bagon/shared/imagenet512/val/n03045698/ILSVRC2012_val_00013709.JPEG
/home/projects/bagon/shared/imagenet512/val/n01729977/ILSVRC2012_val_00045349.JPEG
/home/projects/bagon/shared/imagenet512/val/n02494079/ILSVRC2012_val_00002561.JPEG
/home/projects/bagon/shared/imagenet512/val/n04532106/ILSVRC2012_val_00043135.JPEG
/home/projects/bagon/shared/imagenet512/val/n03876231/ILSVRC2012_val_00003797.JPEG
/home/projects/bagon/shared/imagenet512/val/n04591157/ILSVRC2012_val_00004858.JPEG
/home/projects/bagon/shared/imagenet512/val/n02486261/ILSVRC2012_val_00047375.JPEG
/home/projects/bagon/shared/imagenet512/val/n03483316/ILSVRC2012_val_00016008.JPEG
/home/projects/bagon/shared/imagenet512/val/n01773549/ILSVRC2012_val_00015506.JPEG
/home/projects/bagon/shared/imagenet512/val/n03642806/ILSVRC2012_val_00019840.JPEG
/home/projects/bagon/shared/imagenet512/val/n02099712/ILSVRC2012_val_00048301.JPEG
/home/projects/bagon/shared/imagenet512/val/n03899768/ILSVRC2012_val_00033401.JPEG
/home/projects/bagon/shared/imagenet512/val/n03485794/ILSVRC2012_val_00017018.JPEG
/home/projects/bagon/shared/imagenet512/val/n03961711/ILSVRC2012_val_00014249.JPEG
/home/projects/bagon/shared/imagenet512/val/n02085936/ILSVRC2012_val_00033310.JPEG
/home/projects/bagon/shared/imagenet512/val/n04493381/ILSVRC2012_val_00017340.JPEG
/home/projects/bagon/shared/imagenet512/val/n04476259/ILSVRC2012_val_00041714.JPEG
/home/projects/bagon/shared/imagenet512/val/n07579787/ILSVRC2012_val_00027380.JPEG
/home/projects/bagon/shared/imagenet512/val/n01687978/ILSVRC2012_val_00030918.JPEG
/home/projects/bagon/shared/imagenet512/val/n02086240/ILSVRC2012_val_00023653.JPEG
/home/projects/bagon/shared/imagenet512/val/n04286575/ILSVRC2012_val_00025176.JPEG
/home/projects/bagon/shared/imagenet512/val/n01978455/ILSVRC2012_val_00029812.JPEG
/home/projects/bagon/shared/imagenet512/val/n02091244/ILSVRC2012_val_00019356.JPEG
/home/projects/bagon/shared/imagenet512/val/n02105251/ILSVRC2012_val_00013937.JPEG
/home/projects/bagon/shared/imagenet512/val/n04591157/ILSVRC2012_val_00035334.JPEG
/home/projects/bagon/shared/imagenet512/val/n02395406/ILSVRC2012_val_00013411.JPEG
/home/projects/bagon/shared/imagenet512/val/n01773549/ILSVRC2012_val_00004271.JPEG
/home/projects/bagon/shared/imagenet512/val/n12144580/ILSVRC2012_val_00010324.JPEG
/home/projects/bagon/shared/imagenet512/val/n02783161/ILSVRC2012_val_00038879.JPEG
/home/projects/bagon/shared/imagenet512/val/n02395406/ILSVRC2012_val_00034418.JPEG
/home/projects/bagon/shared/imagenet512/val/n02093991/ILSVRC2012_val_00032239.JPEG
/home/projects/bagon/shared/imagenet512/val/n02112137/ILSVRC2012_val_00017265.JPEG
/home/projects/bagon/shared/imagenet512/val/n01693334/ILSVRC2012_val_00040704.JPEG
/home/projects/bagon/shared/imagenet512/val/n03133878/ILSVRC2012_val_00046378.JPEG
/home/projects/bagon/shared/imagenet512/val/n01749939/ILSVRC2012_val_00006403.JPEG
/home/projects/bagon/shared/imagenet512/val/n04264628/ILSVRC2012_val_00014491.JPEG
/home/projects/bagon/shared/imagenet512/val/n02109961/ILSVRC2012_val_00035036.JPEG
/home/projects/bagon/shared/imagenet512/val/n02097658/ILSVRC2012_val_00043476.JPEG
/home/projects/bagon/shared/imagenet512/val/n07716358/ILSVRC2012_val_00034308.JPEG
/home/projects/bagon/shared/imagenet512/val/n04356056/ILSVRC2012_val_00028106.JPEG
/home/projects/bagon/shared/imagenet512/val/n04239074/ILSVRC2012_val_00021568.JPEG
/home/projects/bagon/shared/imagenet512/val/n03476684/ILSVRC2012_val_00037847.JPEG
/home/projects/bagon/shared/imagenet512/val/n04560804/ILSVRC2012_val_00003263.JPEG
/home/projects/bagon/shared/imagenet512/val/n02948072/ILSVRC2012_val_00034517.JPEG
/home/projects/bagon/shared/imagenet512/val/n03866082/ILSVRC2012_val_00003554.JPEG
/home/projects/bagon/shared/imagenet512/val/n03146219/ILSVRC2012_val_00026216.JPEG
/home/projects/bagon/shared/imagenet512/val/n03532672/ILSVRC2012_val_00034955.JPEG
/home/projects/bagon/shared/imagenet512/val/n02093647/ILSVRC2012_val_00045493.JPEG
/home/projects/bagon/shared/imagenet512/val/n07892512/ILSVRC2012_val_00007376.JPEG
/home/projects/bagon/shared/imagenet512/val/n03347037/ILSVRC2012_val_00030922.JPEG
/home/projects/bagon/shared/imagenet512/val/n04264628/ILSVRC2012_val_00029531.JPEG
/home/projects/bagon/shared/imagenet512/val/n02100236/ILSVRC2012_val_00049130.JPEG
/home/projects/bagon/shared/imagenet512/val/n01667778/ILSVRC2012_val_00028599.JPEG
/home/projects/bagon/shared/imagenet512/val/n04350905/ILSVRC2012_val_00006635.JPEG
/home/projects/bagon/shared/imagenet512/val/n03868863/ILSVRC2012_val_00042990.JPEG
/home/projects/bagon/shared/imagenet512/val/n04264628/ILSVRC2012_val_00018157.JPEG
/home/projects/bagon/shared/imagenet512/val/n04590129/ILSVRC2012_val_00002760.JPEG
/home/projects/bagon/shared/imagenet512/val/n01756291/ILSVRC2012_val_00001706.JPEG
/home/projects/bagon/shared/imagenet512/val/n02396427/ILSVRC2012_val_00007631.JPEG
/home/projects/bagon/shared/imagenet512/val/n02112137/ILSVRC2012_val_00022867.JPEG
/home/projects/bagon/shared/imagenet512/val/n03929660/ILSVRC2012_val_00008406.JPEG
/home/projects/bagon/shared/imagenet512/val/n03028079/ILSVRC2012_val_00035753.JPEG
/home/projects/bagon/shared/imagenet512/val/n01773549/ILSVRC2012_val_00040800.JPEG
/home/projects/bagon/shared/imagenet512/val/n04560804/ILSVRC2012_val_00022034.JPEG
/home/projects/bagon/shared/imagenet512/val/n01693334/ILSVRC2012_val_00042672.JPEG
/home/projects/bagon/shared/imagenet512/val/n02790996/ILSVRC2012_val_00046478.JPEG
/home/projects/bagon/shared/imagenet512/val/n02093256/ILSVRC2012_val_00009949.JPEG
/home/projects/bagon/shared/imagenet512/val/n02979186/ILSVRC2012_val_00020400.JPEG
/home/projects/bagon/shared/imagenet512/val/n01689811/ILSVRC2012_val_00044822.JPEG
/home/projects/bagon/shared/imagenet512/val/n09193705/ILSVRC2012_val_00029881.JPEG
/home/projects/bagon/shared/imagenet512/val/n02123045/ILSVRC2012_val_00009921.JPEG
/home/projects/bagon/shared/imagenet512/val/n02790996/ILSVRC2012_val_00013491.JPEG
/home/projects/bagon/shared/imagenet512/val/n01729977/ILSVRC2012_val_00037187.JPEG
/home/projects/bagon/shared/imagenet512/val/n04592741/ILSVRC2012_val_00008070.JPEG
/home/projects/bagon/shared/imagenet512/val/n01630670/ILSVRC2012_val_00049350.JPEG
/home/projects/bagon/shared/imagenet512/val/n04270147/ILSVRC2012_val_00016601.JPEG
/home/projects/bagon/shared/imagenet512/val/n02980441/ILSVRC2012_val_00024088.JPEG
/home/projects/bagon/shared/imagenet512/val/n04033995/ILSVRC2012_val_00024387.JPEG
/home/projects/bagon/shared/imagenet512/val/n02747177/ILSVRC2012_val_00007993.JPEG
/home/projects/bagon/shared/imagenet512/val/n02088466/ILSVRC2012_val_00017511.JPEG
/home/projects/bagon/shared/imagenet512/val/n03658185/ILSVRC2012_val_00034287.JPEG
/home/projects/bagon/shared/imagenet512/val/n03016953/ILSVRC2012_val_00002055.JPEG
/home/projects/bagon/shared/imagenet512/val/n02111277/ILSVRC2012_val_00026718.JPEG
/home/projects/bagon/shared/imagenet512/val/n03259280/ILSVRC2012_val_00026342.JPEG
/home/projects/bagon/shared/imagenet512/val/n02127052/ILSVRC2012_val_00008342.JPEG
/home/projects/bagon/shared/imagenet512/val/n02939185/ILSVRC2012_val_00002947.JPEG
/home/projects/bagon/shared/imagenet512/val/n03773504/ILSVRC2012_val_00011773.JPEG
/home/projects/bagon/shared/imagenet512/val/n03000247/ILSVRC2012_val_00016222.JPEG
/home/projects/bagon/shared/imagenet512/val/n02971356/ILSVRC2012_val_00008466.JPEG
/home/projects/bagon/shared/imagenet512/val/n03594734/ILSVRC2012_val_00031738.JPEG
/home/projects/bagon/shared/imagenet512/val/n03929855/ILSVRC2012_val_00033853.JPEG
/home/projects/bagon/shared/imagenet512/val/n04380533/ILSVRC2012_val_00011225.JPEG
/home/projects/bagon/shared/imagenet512/val/n03476991/ILSVRC2012_val_00024023.JPEG
/home/projects/bagon/shared/imagenet512/val/n01693334/ILSVRC2012_val_00003375.JPEG
/home/projects/bagon/shared/imagenet512/val/n03658185/ILSVRC2012_val_00012671.JPEG
/home/projects/bagon/shared/imagenet512/val/n04357314/ILSVRC2012_val_00038081.JPEG
/home/projects/bagon/shared/imagenet512/val/n09332890/ILSVRC2012_val_00049549.JPEG
/home/projects/bagon/shared/imagenet512/val/n04069434/ILSVRC2012_val_00049582.JPEG
/home/projects/bagon/shared/imagenet512/val/n03710721/ILSVRC2012_val_00003728.JPEG
/home/projects/bagon/shared/imagenet512/val/n04487394/ILSVRC2012_val_00029268.JPEG
/home/projects/bagon/shared/imagenet512/val/n03063689/ILSVRC2012_val_00040691.JPEG
/home/projects/bagon/shared/imagenet512/val/n04429376/ILSVRC2012_val_00049487.JPEG
/home/projects/bagon/shared/imagenet512/val/n02109047/ILSVRC2012_val_00033634.JPEG
/home/projects/bagon/shared/imagenet512/val/n01930112/ILSVRC2012_val_00019842.JPEG
/home/projects/bagon/shared/imagenet512/val/n04133789/ILSVRC2012_val_00021939.JPEG
/home/projects/bagon/shared/imagenet512/val/n02966687/ILSVRC2012_val_00021519.JPEG
/home/projects/bagon/shared/imagenet512/val/n03485407/ILSVRC2012_val_00043011.JPEG
/home/projects/bagon/shared/imagenet512/val/n03796401/ILSVRC2012_val_00011126.JPEG
/home/projects/bagon/shared/imagenet512/val/n02999410/ILSVRC2012_val_00024843.JPEG
/home/projects/bagon/shared/imagenet512/val/n02107908/ILSVRC2012_val_00049285.JPEG
/home/projects/bagon/shared/imagenet512/val/n02089973/ILSVRC2012_val_00004774.JPEG
/home/projects/bagon/shared/imagenet512/val/n01773549/ILSVRC2012_val_00048990.JPEG
/home/projects/bagon/shared/imagenet512/val/n03775546/ILSVRC2012_val_00031027.JPEG
/home/projects/bagon/shared/imagenet512/val/n03272010/ILSVRC2012_val_00025223.JPEG
/home/projects/bagon/shared/imagenet512/val/n03871628/ILSVRC2012_val_00029585.JPEG
/home/projects/bagon/shared/imagenet512/val/n04152593/ILSVRC2012_val_00024674.JPEG
/home/projects/bagon/shared/imagenet512/val/n01641577/ILSVRC2012_val_00014227.JPEG
/home/projects/bagon/shared/imagenet512/val/n03804744/ILSVRC2012_val_00027879.JPEG
/home/projects/bagon/shared/imagenet512/val/n02403003/ILSVRC2012_val_00043758.JPEG
/home/projects/bagon/shared/imagenet512/val/n03781244/ILSVRC2012_val_00036459.JPEG
/home/projects/bagon/shared/imagenet512/val/n01667778/ILSVRC2012_val_00002832.JPEG
/home/projects/bagon/shared/imagenet512/val/n03787032/ILSVRC2012_val_00002378.JPEG
/home/projects/bagon/shared/imagenet512/val/n02106030/ILSVRC2012_val_00040015.JPEG
/home/projects/bagon/shared/imagenet512/val/n01641577/ILSVRC2012_val_00016782.JPEG
/home/projects/bagon/shared/imagenet512/val/n02493509/ILSVRC2012_val_00040752.JPEG
/home/projects/bagon/shared/imagenet512/val/n04239074/ILSVRC2012_val_00015676.JPEG
/home/projects/bagon/shared/imagenet512/val/n02110627/ILSVRC2012_val_00024186.JPEG
/home/projects/bagon/shared/imagenet512/val/n03961711/ILSVRC2012_val_00038366.JPEG
/home/projects/bagon/shared/imagenet512/val/n01644900/ILSVRC2012_val_00005450.JPEG
/home/projects/bagon/shared/imagenet512/val/n02089973/ILSVRC2012_val_00043341.JPEG
/home/projects/bagon/shared/imagenet512/val/n02699494/ILSVRC2012_val_00030337.JPEG
/home/projects/bagon/shared/imagenet512/val/n03461385/ILSVRC2012_val_00010291.JPEG
/home/projects/bagon/shared/imagenet512/val/n02504458/ILSVRC2012_val_00042879.JPEG
/home/projects/bagon/shared/imagenet512/val/n04328186/ILSVRC2012_val_00049993.JPEG
/home/projects/bagon/shared/imagenet512/val/n01729977/ILSVRC2012_val_00048574.JPEG
/home/projects/bagon/shared/imagenet512/val/n02268853/ILSVRC2012_val_00018455.JPEG
/home/projects/bagon/shared/imagenet512/val/n02906734/ILSVRC2012_val_00013061.JPEG
/home/projects/bagon/shared/imagenet512/val/n04239074/ILSVRC2012_val_00019786.JPEG
/home/projects/bagon/shared/imagenet512/val/n04356056/ILSVRC2012_val_00024922.JPEG
/home/projects/bagon/shared/imagenet512/val/n03710193/ILSVRC2012_val_00028700.JPEG
/home/projects/bagon/shared/imagenet512/val/n03062245/ILSVRC2012_val_00003798.JPEG
/home/projects/bagon/shared/imagenet512/val/n04479046/ILSVRC2012_val_00010483.JPEG
/home/projects/bagon/shared/imagenet512/val/n03874599/ILSVRC2012_val_00024366.JPEG
/home/projects/bagon/shared/imagenet512/val/n03016953/ILSVRC2012_val_00033443.JPEG
/home/projects/bagon/shared/imagenet512/val/n03692522/ILSVRC2012_val_00034889.JPEG
/home/projects/bagon/shared/imagenet512/val/n03028079/ILSVRC2012_val_00039506.JPEG
/home/projects/bagon/shared/imagenet512/val/n03627232/ILSVRC2012_val_00021785.JPEG
/home/projects/bagon/shared/imagenet512/val/n03706229/ILSVRC2012_val_00020516.JPEG
/home/projects/bagon/shared/imagenet512/val/n03983396/ILSVRC2012_val_00032559.JPEG
/home/projects/bagon/shared/imagenet512/val/n06794110/ILSVRC2012_val_00011435.JPEG
/home/projects/bagon/shared/imagenet512/val/n02115641/ILSVRC2012_val_00036908.JPEG
/home/projects/bagon/shared/imagenet512/val/n03763968/ILSVRC2012_val_00010475.JPEG
/home/projects/bagon/shared/imagenet512/val/n07860988/ILSVRC2012_val_00033407.JPEG
/home/projects/bagon/shared/imagenet512/val/n01843065/ILSVRC2012_val_00013840.JPEG
/home/projects/bagon/shared/imagenet512/val/n02487347/ILSVRC2012_val_00003943.JPEG
/home/projects/bagon/shared/imagenet512/val/n03763968/ILSVRC2012_val_00007715.JPEG
/home/projects/bagon/shared/imagenet512/val/n02834397/ILSVRC2012_val_00034912.JPEG
/home/projects/bagon/shared/imagenet512/val/n01740131/ILSVRC2012_val_00017855.JPEG
/home/projects/bagon/shared/imagenet512/val/n01742172/ILSVRC2012_val_00046778.JPEG
/home/projects/bagon/shared/imagenet512/val/n04204238/ILSVRC2012_val_00039688.JPEG
/home/projects/bagon/shared/imagenet512/val/n03041632/ILSVRC2012_val_00027812.JPEG
/home/projects/bagon/shared/imagenet512/val/n04493381/ILSVRC2012_val_00026655.JPEG
/home/projects/bagon/shared/imagenet512/val/n01667778/ILSVRC2012_val_00039024.JPEG
/home/projects/bagon/shared/imagenet512/val/n04355933/ILSVRC2012_val_00008988.JPEG
/home/projects/bagon/shared/imagenet512/val/n01496331/ILSVRC2012_val_00023916.JPEG
/home/projects/bagon/shared/imagenet512/val/n03127925/ILSVRC2012_val_00003425.JPEG
/home/projects/bagon/shared/imagenet512/val/n13133613/ILSVRC2012_val_00042843.JPEG
/home/projects/bagon/shared/imagenet512/val/n09332890/ILSVRC2012_val_00013485.JPEG
/home/projects/bagon/shared/imagenet512/val/n04366367/ILSVRC2012_val_00011509.JPEG
/home/projects/bagon/shared/imagenet512/val/n02403003/ILSVRC2012_val_00027362.JPEG
/home/projects/bagon/shared/imagenet512/val/n03642806/ILSVRC2012_val_00031537.JPEG
/home/projects/bagon/shared/imagenet512/val/n07734744/ILSVRC2012_val_00031175.JPEG
/home/projects/bagon/shared/imagenet512/val/n02120505/ILSVRC2012_val_00015781.JPEG
/home/projects/bagon/shared/imagenet512/val/n02110185/ILSVRC2012_val_00043643.JPEG
/home/projects/bagon/shared/imagenet512/val/n04355933/ILSVRC2012_val_00007179.JPEG
/home/projects/bagon/shared/imagenet512/val/n03776460/ILSVRC2012_val_00036003.JPEG
/home/projects/bagon/shared/imagenet512/val/n02097658/ILSVRC2012_val_00022686.JPEG
/home/projects/bagon/shared/imagenet512/val/n01983481/ILSVRC2012_val_00036833.JPEG
/home/projects/bagon/shared/imagenet512/val/n03657121/ILSVRC2012_val_00007448.JPEG
/home/projects/bagon/shared/imagenet512/val/n03642806/ILSVRC2012_val_00005940.JPEG
/home/projects/bagon/shared/imagenet512/val/n01795545/ILSVRC2012_val_00013607.JPEG
/home/projects/bagon/shared/imagenet512/val/n04428191/ILSVRC2012_val_00013841.JPEG
/home/projects/bagon/shared/imagenet512/val/n02442845/ILSVRC2012_val_00002307.JPEG
/home/projects/bagon/shared/imagenet512/val/n02085936/ILSVRC2012_val_00010238.JPEG
/home/projects/bagon/shared/imagenet512/val/n03980874/ILSVRC2012_val_00030259.JPEG
/home/projects/bagon/shared/imagenet512/val/n03742115/ILSVRC2012_val_00032305.JPEG
/home/projects/bagon/shared/imagenet512/val/n04550184/ILSVRC2012_val_00043210.JPEG
/home/projects/bagon/shared/imagenet512/val/n13040303/ILSVRC2012_val_00049644.JPEG
/home/projects/bagon/shared/imagenet512/val/n03047690/ILSVRC2012_val_00035313.JPEG
/home/projects/bagon/shared/imagenet512/val/n01685808/ILSVRC2012_val_00040247.JPEG
/home/projects/bagon/shared/imagenet512/val/n03769881/ILSVRC2012_val_00041906.JPEG
/home/projects/bagon/shared/imagenet512/val/n04443257/ILSVRC2012_val_00026837.JPEG
/home/projects/bagon/shared/imagenet512/val/n07871810/ILSVRC2012_val_00007058.JPEG
/home/projects/bagon/shared/imagenet512/val/n04591157/ILSVRC2012_val_00034137.JPEG
/home/projects/bagon/shared/imagenet512/val/n04133789/ILSVRC2012_val_00029095.JPEG
/home/projects/bagon/shared/imagenet512/val/n03871628/ILSVRC2012_val_00011770.JPEG
/home/projects/bagon/shared/imagenet512/val/n03482405/ILSVRC2012_val_00032420.JPEG
/home/projects/bagon/shared/imagenet512/val/n03935335/ILSVRC2012_val_00038117.JPEG
/home/projects/bagon/shared/imagenet512/val/n07749582/ILSVRC2012_val_00014373.JPEG
/home/projects/bagon/shared/imagenet512/val/n01739381/ILSVRC2012_val_00017269.JPEG
/home/projects/bagon/shared/imagenet512/val/n03496892/ILSVRC2012_val_00029504.JPEG
/home/projects/bagon/shared/imagenet512/val/n03201208/ILSVRC2012_val_00013687.JPEG
/home/projects/bagon/shared/imagenet512/val/n04591157/ILSVRC2012_val_00044298.JPEG
/home/projects/bagon/shared/imagenet512/val/n02895154/ILSVRC2012_val_00016869.JPEG
/home/projects/bagon/shared/imagenet512/val/n01773549/ILSVRC2012_val_00011808.JPEG
/home/projects/bagon/shared/imagenet512/val/n01704323/ILSVRC2012_val_00010761.JPEG
/home/projects/bagon/shared/imagenet512/val/n03692522/ILSVRC2012_val_00037865.JPEG
/home/projects/bagon/shared/imagenet512/val/n03016953/ILSVRC2012_val_00000250.JPEG
/home/projects/bagon/shared/imagenet512/val/n02692877/ILSVRC2012_val_00016496.JPEG
/home/projects/bagon/shared/imagenet512/val/n03047690/ILSVRC2012_val_00027943.JPEG
/home/projects/bagon/shared/imagenet512/val/n04560804/ILSVRC2012_val_00013667.JPEG
/home/projects/bagon/shared/imagenet512/val/n01740131/ILSVRC2012_val_00000337.JPEG
/home/projects/bagon/shared/imagenet512/val/n15075141/ILSVRC2012_val_00021201.JPEG
/home/projects/bagon/shared/imagenet512/val/n02108000/ILSVRC2012_val_00012140.JPEG
/home/projects/bagon/shared/imagenet512/val/n02096294/ILSVRC2012_val_00048652.JPEG
/home/projects/bagon/shared/imagenet512/val/n03065424/ILSVRC2012_val_00010445.JPEG
/home/projects/bagon/shared/imagenet512/val/n07932039/ILSVRC2012_val_00020391.JPEG
/home/projects/bagon/shared/imagenet512/val/n02109961/ILSVRC2012_val_00026698.JPEG
/home/projects/bagon/shared/imagenet512/val/n03250847/ILSVRC2012_val_00020992.JPEG
/home/projects/bagon/shared/imagenet512/val/n04090263/ILSVRC2012_val_00036194.JPEG
/home/projects/bagon/shared/imagenet512/val/n03857828/ILSVRC2012_val_00036143.JPEG
/home/projects/bagon/shared/imagenet512/val/n04525038/ILSVRC2012_val_00014919.JPEG
/home/projects/bagon/shared/imagenet512/val/n01773549/ILSVRC2012_val_00015065.JPEG
/home/projects/bagon/shared/imagenet512/val/n02319095/ILSVRC2012_val_00035323.JPEG
/home/projects/bagon/shared/imagenet512/val/n03782006/ILSVRC2012_val_00010771.JPEG
/home/projects/bagon/shared/imagenet512/val/n03796401/ILSVRC2012_val_00031455.JPEG
/home/projects/bagon/shared/imagenet512/val/n09193705/ILSVRC2012_val_00000002.JPEG
/home/projects/bagon/shared/imagenet512/val/n03045698/ILSVRC2012_val_00041268.JPEG
/home/projects/bagon/shared/imagenet512/val/n04536866/ILSVRC2012_val_00007538.JPEG
/home/projects/bagon/shared/imagenet512/val/n01980166/ILSVRC2012_val_00047880.JPEG
/home/projects/bagon/shared/imagenet512/val/n02085782/ILSVRC2012_val_00043776.JPEG
/home/projects/bagon/shared/imagenet512/val/n02097474/ILSVRC2012_val_00038867.JPEG
/home/projects/bagon/shared/imagenet512/val/n04004767/ILSVRC2012_val_00040659.JPEG
/home/projects/bagon/shared/imagenet512/val/n04398044/ILSVRC2012_val_00033016.JPEG
/home/projects/bagon/shared/imagenet512/val/n02669723/ILSVRC2012_val_00029372.JPEG
/home/projects/bagon/shared/imagenet512/val/n03868863/ILSVRC2012_val_00000549.JPEG
/home/projects/bagon/shared/imagenet512/val/n02114712/ILSVRC2012_val_00018735.JPEG
/home/projects/bagon/shared/imagenet512/val/n02835271/ILSVRC2012_val_00000953.JPEG
/home/projects/bagon/shared/imagenet512/val/n09332890/ILSVRC2012_val_00043221.JPEG
/home/projects/bagon/shared/imagenet512/val/n01689811/ILSVRC2012_val_00038308.JPEG
/home/projects/bagon/shared/imagenet512/val/n03196217/ILSVRC2012_val_00006553.JPEG
/home/projects/bagon/shared/imagenet512/val/n02483708/ILSVRC2012_val_00000087.JPEG
/home/projects/bagon/shared/imagenet512/val/n04560804/ILSVRC2012_val_00049563.JPEG
/home/projects/bagon/shared/imagenet512/val/n02095889/ILSVRC2012_val_00005170.JPEG
/home/projects/bagon/shared/imagenet512/val/n01855032/ILSVRC2012_val_00039907.JPEG
/home/projects/bagon/shared/imagenet512/val/n02012849/ILSVRC2012_val_00000389.JPEG
/home/projects/bagon/shared/imagenet512/val/n03710721/ILSVRC2012_val_00027442.JPEG
/home/projects/bagon/shared/imagenet512/val/n02012849/ILSVRC2012_val_00018517.JPEG
/home/projects/bagon/shared/imagenet512/val/n01914609/ILSVRC2012_val_00017429.JPEG
/home/projects/bagon/shared/imagenet512/val/n01729977/ILSVRC2012_val_00026022.JPEG
/home/projects/bagon/shared/imagenet512/val/n01729977/ILSVRC2012_val_00015069.JPEG
/home/projects/bagon/shared/imagenet512/val/n02093754/ILSVRC2012_val_00031249.JPEG
/home/projects/bagon/shared/imagenet512/val/n01693334/ILSVRC2012_val_00029005.JPEG
/home/projects/bagon/shared/imagenet512/val/n02169497/ILSVRC2012_val_00042299.JPEG
/home/projects/bagon/shared/imagenet512/val/n02114855/ILSVRC2012_val_00023813.JPEG
/home/projects/bagon/shared/imagenet512/val/n02999410/ILSVRC2012_val_00013171.JPEG
/home/projects/bagon/shared/imagenet512/val/n02107142/ILSVRC2012_val_00030370.JPEG
/home/projects/bagon/shared/imagenet512/val/n02100877/ILSVRC2012_val_00041739.JPEG
/home/projects/bagon/shared/imagenet512/val/n02099429/ILSVRC2012_val_00019162.JPEG
/home/projects/bagon/shared/imagenet512/val/n03710637/ILSVRC2012_val_00043911.JPEG
/home/projects/bagon/shared/imagenet512/val/n03710721/ILSVRC2012_val_00030106.JPEG
/home/projects/bagon/shared/imagenet512/val/n04070727/ILSVRC2012_val_00004133.JPEG
/home/projects/bagon/shared/imagenet512/val/n04370456/ILSVRC2012_val_00006374.JPEG
/home/projects/bagon/shared/imagenet512/val/n02137549/ILSVRC2012_val_00014662.JPEG
/home/projects/bagon/shared/imagenet512/val/n03417042/ILSVRC2012_val_00037947.JPEG
/home/projects/bagon/shared/imagenet512/val/n02927161/ILSVRC2012_val_00003463.JPEG
/home/projects/bagon/shared/imagenet512/val/n03724870/ILSVRC2012_val_00034789.JPEG
/home/projects/bagon/shared/imagenet512/val/n02808440/ILSVRC2012_val_00027065.JPEG
/home/projects/bagon/shared/imagenet512/val/n04023962/ILSVRC2012_val_00035103.JPEG
/home/projects/bagon/shared/imagenet512/val/n02971356/ILSVRC2012_val_00006878.JPEG
/home/projects/bagon/shared/imagenet512/val/n03950228/ILSVRC2012_val_00009598.JPEG
/home/projects/bagon/shared/imagenet512/val/n03197337/ILSVRC2012_val_00000339.JPEG
/home/projects/bagon/shared/imagenet512/val/n02895154/ILSVRC2012_val_00008471.JPEG
/home/projects/bagon/shared/imagenet512/val/n03781244/ILSVRC2012_val_00005293.JPEG
/home/projects/bagon/shared/imagenet512/val/n01667778/ILSVRC2012_val_00009484.JPEG
/home/projects/bagon/shared/imagenet512/val/n02979186/ILSVRC2012_val_00037988.JPEG
/home/projects/bagon/shared/imagenet512/val/n02101006/ILSVRC2012_val_00021473.JPEG
/home/projects/bagon/shared/imagenet512/val/n03498962/ILSVRC2012_val_00023035.JPEG
/home/projects/bagon/shared/imagenet512/val/n02089078/ILSVRC2012_val_00012055.JPEG
/home/projects/bagon/shared/imagenet512/val/n04286575/ILSVRC2012_val_00044452.JPEG
/home/projects/bagon/shared/imagenet512/val/n03729826/ILSVRC2012_val_00048290.JPEG
/home/projects/bagon/shared/imagenet512/val/n04296562/ILSVRC2012_val_00038146.JPEG
/home/projects/bagon/shared/imagenet512/val/n03063689/ILSVRC2012_val_00033669.JPEG
/home/projects/bagon/shared/imagenet512/val/n03782006/ILSVRC2012_val_00041042.JPEG
/home/projects/bagon/shared/imagenet512/val/n01675722/ILSVRC2012_val_00013582.JPEG
/home/projects/bagon/shared/imagenet512/val/n03958227/ILSVRC2012_val_00023547.JPEG
/home/projects/bagon/shared/imagenet512/val/n02089973/ILSVRC2012_val_00033666.JPEG
/home/projects/bagon/shared/imagenet512/val/n02094433/ILSVRC2012_val_00046717.JPEG
/home/projects/bagon/shared/imagenet512/val/n03642806/ILSVRC2012_val_00037062.JPEG
/home/projects/bagon/shared/imagenet512/val/n03961711/ILSVRC2012_val_00041237.JPEG
/home/projects/bagon/shared/imagenet512/val/n03478589/ILSVRC2012_val_00037425.JPEG
/home/projects/bagon/shared/imagenet512/val/n01667114/ILSVRC2012_val_00030163.JPEG
/home/projects/bagon/shared/imagenet512/val/n02666196/ILSVRC2012_val_00029302.JPEG
/home/projects/bagon/shared/imagenet512/val/n03207941/ILSVRC2012_val_00006770.JPEG
/home/projects/bagon/shared/imagenet512/val/n01877812/ILSVRC2012_val_00024264.JPEG
/home/projects/bagon/shared/imagenet512/val/n03180011/ILSVRC2012_val_00037573.JPEG
/home/projects/bagon/shared/imagenet512/val/n03657121/ILSVRC2012_val_00024770.JPEG
/home/projects/bagon/shared/imagenet512/val/n04081281/ILSVRC2012_val_00049099.JPEG
/home/projects/bagon/shared/imagenet512/val/n01795545/ILSVRC2012_val_00036225.JPEG
/home/projects/bagon/shared/imagenet512/val/n02493509/ILSVRC2012_val_00010784.JPEG
/home/projects/bagon/shared/imagenet512/val/n03032252/ILSVRC2012_val_00015013.JPEG
/home/projects/bagon/shared/imagenet512/val/n03770679/ILSVRC2012_val_00041846.JPEG
/home/projects/bagon/shared/imagenet512/val/n01667778/ILSVRC2012_val_00011766.JPEG
/home/projects/bagon/shared/imagenet512/val/n02123159/ILSVRC2012_val_00039621.JPEG
/home/projects/bagon/shared/imagenet512/val/n03179701/ILSVRC2012_val_00028157.JPEG
/home/projects/bagon/shared/imagenet512/val/n01773797/ILSVRC2012_val_00009108.JPEG
/home/projects/bagon/shared/imagenet512/val/n04328186/ILSVRC2012_val_00011103.JPEG
/home/projects/bagon/shared/imagenet512/val/n02493509/ILSVRC2012_val_00008449.JPEG
/home/projects/bagon/shared/imagenet512/val/n04004767/ILSVRC2012_val_00038380.JPEG
/home/projects/bagon/shared/imagenet512/val/n02870880/ILSVRC2012_val_00012376.JPEG
/home/projects/bagon/shared/imagenet512/val/n01775062/ILSVRC2012_val_00031976.JPEG
/home/projects/bagon/shared/imagenet512/val/n02979186/ILSVRC2012_val_00042482.JPEG
/home/projects/bagon/shared/imagenet512/val/n03400231/ILSVRC2012_val_00049919.JPEG
/home/projects/bagon/shared/imagenet512/val/n02089973/ILSVRC2012_val_00034690.JPEG
/home/projects/bagon/shared/imagenet512/val/n04355933/ILSVRC2012_val_00013376.JPEG
/home/projects/bagon/shared/imagenet512/val/n01945685/ILSVRC2012_val_00027499.JPEG
/home/projects/bagon/shared/imagenet512/val/n02229544/ILSVRC2012_val_00006730.JPEG
/home/projects/bagon/shared/imagenet512/val/n02403003/ILSVRC2012_val_00042064.JPEG
/home/projects/bagon/shared/imagenet512/val/n01773797/ILSVRC2012_val_00012707.JPEG
/home/projects/bagon/shared/imagenet512/val/n04522168/ILSVRC2012_val_00047813.JPEG
/home/projects/bagon/shared/imagenet512/val/n04141076/ILSVRC2012_val_00021311.JPEG
/home/projects/bagon/shared/imagenet512/val/n02504013/ILSVRC2012_val_00003280.JPEG
/home/projects/bagon/shared/imagenet512/val/n04389033/ILSVRC2012_val_00024233.JPEG
/home/projects/bagon/shared/imagenet512/val/n03347037/ILSVRC2012_val_00026726.JPEG
/home/projects/bagon/shared/imagenet512/val/n03888605/ILSVRC2012_val_00000240.JPEG
/home/projects/bagon/shared/imagenet512/val/n02094114/ILSVRC2012_val_00028199.JPEG
/home/projects/bagon/shared/imagenet512/val/n01955084/ILSVRC2012_val_00015597.JPEG
/home/projects/bagon/shared/imagenet512/val/n03804744/ILSVRC2012_val_00028227.JPEG
/home/projects/bagon/shared/imagenet512/val/n02978881/ILSVRC2012_val_00017819.JPEG
/home/projects/bagon/shared/imagenet512/val/n02123159/ILSVRC2012_val_00049279.JPEG
/home/projects/bagon/shared/imagenet512/val/n03325584/ILSVRC2012_val_00040522.JPEG
/home/projects/bagon/shared/imagenet512/val/n04428191/ILSVRC2012_val_00006380.JPEG
/home/projects/bagon/shared/imagenet512/val/n02127052/ILSVRC2012_val_00016729.JPEG
/home/projects/bagon/shared/imagenet512/val/n13054560/ILSVRC2012_val_00019615.JPEG
2025-09-23 18:58:51,737 - INFO - Skipping already processed example (step log exists): rank=47355 path=/home/projects/bagon/shared/imagenet512/val/n09399592/ILSVRC2012_val_00038398.JPEG file=example_7744_rank_47355_n09399592_ILSVRC2012_val_00038398.JPEG_steps.csv
2025-09-23 18:58:51,738 - INFO - Skipping already processed example (step log exists): rank=47357 path=/home/projects/bagon/shared/imagenet512/val/n09256479/ILSVRC2012_val_00008164.JPEG file=example_7745_rank_47357_n09256479_ILSVRC2012_val_00008164.JPEG_steps.csv
2025-09-23 18:58:51,738 - INFO - Skipping already processed example (step log exists): rank=47358 path=/home/projects/bagon/shared/imagenet512/val/n03028079/ILSVRC2012_val_00034534.JPEG file=example_7746_rank_47358_n03028079_ILSVRC2012_val_00034534.JPEG_steps.csv
2025-09-23 18:58:51,739 - INFO - Skipping already processed example (step log exists): rank=47359 path=/home/projects/bagon/shared/imagenet512/val/n02097130/ILSVRC2012_val_00004251.JPEG file=example_7747_rank_47359_n02097130_ILSVRC2012_val_00004251.JPEG_steps.csv
2025-09-23 18:58:51,740 - INFO - Skipping already processed example (step log exists): rank=47360 path=/home/projects/bagon/shared/imagenet512/val/n03782006/ILSVRC2012_val_00018503.JPEG file=example_7748_rank_47360_n03782006_ILSVRC2012_val_00018503.JPEG_steps.csv
2025-09-23 18:58:51,740 - INFO - Skipping already processed example (step log exists): rank=47361 path=/home/projects/bagon/shared/imagenet512/val/n03950228/ILSVRC2012_val_00049774.JPEG file=example_7749_rank_47361_n03950228_ILSVRC2012_val_00049774.JPEG_steps.csv
2025-09-23 18:58:51,741 - INFO - Skipping already processed example (step log exists): rank=47362 path=/home/projects/bagon/shared/imagenet512/val/n02815834/ILSVRC2012_val_00019648.JPEG file=example_7750_rank_47362_n02815834_ILSVRC2012_val_00019648.JPEG_steps.csv
2025-09-23 18:58:51,741 - INFO - Skipping already processed example (step log exists): rank=47363 path=/home/projects/bagon/shared/imagenet512/val/n01729977/ILSVRC2012_val_00021203.JPEG file=example_7751_rank_47363_n01729977_ILSVRC2012_val_00021203.JPEG_steps.csv
2025-09-23 18:58:51,743 - INFO - Skipping already processed example (step log exists): rank=47364 path=/home/projects/bagon/shared/imagenet512/val/n04380533/ILSVRC2012_val_00022046.JPEG file=example_7752_rank_47364_n04380533_ILSVRC2012_val_00022046.JPEG_steps.csv
2025-09-23 18:58:51,743 - INFO - Skipping already processed example (step log exists): rank=47365 path=/home/projects/bagon/shared/imagenet512/val/n04275548/ILSVRC2012_val_00041309.JPEG file=example_7753_rank_47365_n04275548_ILSVRC2012_val_00041309.JPEG_steps.csv
2025-09-23 18:58:51,744 - INFO - Skipping already processed example (step log exists): rank=47366 path=/home/projects/bagon/shared/imagenet512/val/n13133613/ILSVRC2012_val_00001880.JPEG file=example_7754_rank_47366_n13133613_ILSVRC2012_val_00001880.JPEG_steps.csv
2025-09-23 18:58:51,744 - INFO - Skipping already processed example (step log exists): rank=47367 path=/home/projects/bagon/shared/imagenet512/val/n03272010/ILSVRC2012_val_00006373.JPEG file=example_7755_rank_47367_n03272010_ILSVRC2012_val_00006373.JPEG_steps.csv
2025-09-23 18:58:51,744 - INFO - Skipping already processed example (step log exists): rank=47368 path=/home/projects/bagon/shared/imagenet512/val/n03041632/ILSVRC2012_val_00004815.JPEG file=example_7756_rank_47368_n03041632_ILSVRC2012_val_00004815.JPEG_steps.csv
2025-09-23 18:58:51,745 - INFO - Skipping already processed example (step log exists): rank=47369 path=/home/projects/bagon/shared/imagenet512/val/n03868863/ILSVRC2012_val_00042308.JPEG file=example_7757_rank_47369_n03868863_ILSVRC2012_val_00042308.JPEG_steps.csv
2025-09-23 18:58:51,745 - INFO - Skipping already processed example (step log exists): rank=47370 path=/home/projects/bagon/shared/imagenet512/val/n02704792/ILSVRC2012_val_00006872.JPEG file=example_7758_rank_47370_n02704792_ILSVRC2012_val_00006872.JPEG_steps.csv
2025-09-23 18:58:51,746 - INFO - Skipping already processed example (step log exists): rank=47371 path=/home/projects/bagon/shared/imagenet512/val/n03216828/ILSVRC2012_val_00009612.JPEG file=example_7759_rank_47371_n03216828_ILSVRC2012_val_00009612.JPEG_steps.csv
2025-09-23 18:58:51,747 - INFO - Skipping already processed example (step log exists): rank=47372 path=/home/projects/bagon/shared/imagenet512/val/n04040759/ILSVRC2012_val_00025084.JPEG file=example_7760_rank_47372_n04040759_ILSVRC2012_val_00025084.JPEG_steps.csv
2025-09-23 18:58:51,747 - INFO - Skipping already processed example (step log exists): rank=47373 path=/home/projects/bagon/shared/imagenet512/val/n01819313/ILSVRC2012_val_00040848.JPEG file=example_7761_rank_47373_n01819313_ILSVRC2012_val_00040848.JPEG_steps.csv
2025-09-23 18:58:51,748 - INFO - Skipping already processed example (step log exists): rank=47374 path=/home/projects/bagon/shared/imagenet512/val/n01514859/ILSVRC2012_val_00033538.JPEG file=example_7762_rank_47374_n01514859_ILSVRC2012_val_00033538.JPEG_steps.csv
2025-09-23 18:58:51,748 - INFO - Skipping already processed example (step log exists): rank=47375 path=/home/projects/bagon/shared/imagenet512/val/n02086079/ILSVRC2012_val_00044854.JPEG file=example_7763_rank_47375_n02086079_ILSVRC2012_val_00044854.JPEG_steps.csv
2025-09-23 18:58:51,749 - INFO - Skipping already processed example (step log exists): rank=47376 path=/home/projects/bagon/shared/imagenet512/val/n09399592/ILSVRC2012_val_00032176.JPEG file=example_7764_rank_47376_n09399592_ILSVRC2012_val_00032176.JPEG_steps.csv
2025-09-23 18:58:51,749 - INFO - Skipping already processed example (step log exists): rank=47377 path=/home/projects/bagon/shared/imagenet512/val/n04493381/ILSVRC2012_val_00020768.JPEG file=example_7765_rank_47377_n04493381_ILSVRC2012_val_00020768.JPEG_steps.csv
2025-09-23 18:58:51,750 - INFO - Skipping already processed example (step log exists): rank=47378 path=/home/projects/bagon/shared/imagenet512/val/n03133878/ILSVRC2012_val_00004343.JPEG file=example_7766_rank_47378_n03133878_ILSVRC2012_val_00004343.JPEG_steps.csv
2025-09-23 18:58:51,751 - INFO - Skipping already processed example (step log exists): rank=47379 path=/home/projects/bagon/shared/imagenet512/val/n02979186/ILSVRC2012_val_00002034.JPEG file=example_7767_rank_47379_n02979186_ILSVRC2012_val_00002034.JPEG_steps.csv
2025-09-23 18:58:51,751 - INFO - Skipping already processed example (step log exists): rank=47380 path=/home/projects/bagon/shared/imagenet512/val/n03124043/ILSVRC2012_val_00040276.JPEG file=example_7768_rank_47380_n03124043_ILSVRC2012_val_00040276.JPEG_steps.csv
2025-09-23 18:58:51,752 - INFO - Skipping already processed example (step log exists): rank=47381 path=/home/projects/bagon/shared/imagenet512/val/n03657121/ILSVRC2012_val_00006803.JPEG file=example_7769_rank_47381_n03657121_ILSVRC2012_val_00006803.JPEG_steps.csv
2025-09-23 18:58:51,753 - INFO - Skipping already processed example (step log exists): rank=47382 path=/home/projects/bagon/shared/imagenet512/val/n02106662/ILSVRC2012_val_00030828.JPEG file=example_7770_rank_47382_n02106662_ILSVRC2012_val_00030828.JPEG_steps.csv
2025-09-23 18:58:51,753 - INFO - Skipping already processed example (step log exists): rank=47383 path=/home/projects/bagon/shared/imagenet512/val/n03197337/ILSVRC2012_val_00020267.JPEG file=example_7771_rank_47383_n03197337_ILSVRC2012_val_00020267.JPEG_steps.csv
2025-09-23 18:58:51,754 - INFO - Skipping already processed example (step log exists): rank=47384 path=/home/projects/bagon/shared/imagenet512/val/n01943899/ILSVRC2012_val_00018025.JPEG file=example_7772_rank_47384_n01943899_ILSVRC2012_val_00018025.JPEG_steps.csv
2025-09-23 18:58:51,754 - INFO - Skipping already processed example (step log exists): rank=47385 path=/home/projects/bagon/shared/imagenet512/val/n02823428/ILSVRC2012_val_00044428.JPEG file=example_7773_rank_47385_n02823428_ILSVRC2012_val_00044428.JPEG_steps.csv
2025-09-23 18:58:51,754 - INFO - Skipping already processed example (step log exists): rank=47386 path=/home/projects/bagon/shared/imagenet512/val/n02226429/ILSVRC2012_val_00042342.JPEG file=example_7774_rank_47386_n02226429_ILSVRC2012_val_00042342.JPEG_steps.csv
2025-09-23 18:58:51,755 - INFO - Skipping already processed example (step log exists): rank=47387 path=/home/projects/bagon/shared/imagenet512/val/n04428191/ILSVRC2012_val_00002879.JPEG file=example_7775_rank_47387_n04428191_ILSVRC2012_val_00002879.JPEG_steps.csv
2025-09-23 18:58:51,756 - INFO - Skipping already processed example (step log exists): rank=47388 path=/home/projects/bagon/shared/imagenet512/val/n03146219/ILSVRC2012_val_00014897.JPEG file=example_7776_rank_47388_n03146219_ILSVRC2012_val_00014897.JPEG_steps.csv
2025-09-23 18:58:51,756 - INFO - Skipping already processed example (step log exists): rank=47389 path=/home/projects/bagon/shared/imagenet512/val/n03950228/ILSVRC2012_val_00010004.JPEG file=example_7777_rank_47389_n03950228_ILSVRC2012_val_00010004.JPEG_steps.csv
2025-09-23 18:58:51,757 - INFO - Skipping already processed example (step log exists): rank=47390 path=/home/projects/bagon/shared/imagenet512/val/n03903868/ILSVRC2012_val_00024632.JPEG file=example_7778_rank_47390_n03903868_ILSVRC2012_val_00024632.JPEG_steps.csv
2025-09-23 18:58:51,758 - INFO - Skipping already processed example (step log exists): rank=47391 path=/home/projects/bagon/shared/imagenet512/val/n04125021/ILSVRC2012_val_00013070.JPEG file=example_7779_rank_47391_n04125021_ILSVRC2012_val_00013070.JPEG_steps.csv
2025-09-23 18:58:51,758 - INFO - Skipping already processed example (step log exists): rank=47392 path=/home/projects/bagon/shared/imagenet512/val/n03032252/ILSVRC2012_val_00007133.JPEG file=example_7780_rank_47392_n03032252_ILSVRC2012_val_00007133.JPEG_steps.csv
2025-09-23 18:58:51,759 - INFO - Skipping already processed example (step log exists): rank=47393 path=/home/projects/bagon/shared/imagenet512/val/n02980441/ILSVRC2012_val_00005503.JPEG file=example_7781_rank_47393_n02980441_ILSVRC2012_val_00005503.JPEG_steps.csv
2025-09-23 18:58:51,759 - INFO - Skipping already processed example (step log exists): rank=47394 path=/home/projects/bagon/shared/imagenet512/val/n02974003/ILSVRC2012_val_00003218.JPEG file=example_7782_rank_47394_n02974003_ILSVRC2012_val_00003218.JPEG_steps.csv
2025-09-23 18:58:51,759 - INFO - Skipping already processed example (step log exists): rank=47395 path=/home/projects/bagon/shared/imagenet512/val/n04476259/ILSVRC2012_val_00029260.JPEG file=example_7783_rank_47395_n04476259_ILSVRC2012_val_00029260.JPEG_steps.csv
2025-09-23 18:58:51,760 - INFO - Skipping already processed example (step log exists): rank=47396 path=/home/projects/bagon/shared/imagenet512/val/n02910353/ILSVRC2012_val_00026657.JPEG file=example_7784_rank_47396_n02910353_ILSVRC2012_val_00026657.JPEG_steps.csv
2025-09-23 18:58:51,761 - INFO - Skipping already processed example (step log exists): rank=47397 path=/home/projects/bagon/shared/imagenet512/val/n04589890/ILSVRC2012_val_00002310.JPEG file=example_7785_rank_47397_n04589890_ILSVRC2012_val_00002310.JPEG_steps.csv
2025-09-23 18:58:51,761 - INFO - Skipping already processed example (step log exists): rank=47398 path=/home/projects/bagon/shared/imagenet512/val/n04435653/ILSVRC2012_val_00021105.JPEG file=example_7786_rank_47398_n04435653_ILSVRC2012_val_00021105.JPEG_steps.csv
2025-09-23 18:58:51,761 - INFO - Skipping already processed example (step log exists): rank=47399 path=/home/projects/bagon/shared/imagenet512/val/n04033995/ILSVRC2012_val_00011051.JPEG file=example_7787_rank_47399_n04033995_ILSVRC2012_val_00011051.JPEG_steps.csv
2025-09-23 18:58:51,762 - INFO - Skipping already processed example (step log exists): rank=47400 path=/home/projects/bagon/shared/imagenet512/val/n04264628/ILSVRC2012_val_00019350.JPEG file=example_7788_rank_47400_n04264628_ILSVRC2012_val_00019350.JPEG_steps.csv
2025-09-23 18:58:51,763 - INFO - Skipping already processed example (step log exists): rank=47401 path=/home/projects/bagon/shared/imagenet512/val/n04560804/ILSVRC2012_val_00010305.JPEG file=example_7789_rank_47401_n04560804_ILSVRC2012_val_00010305.JPEG_steps.csv
2025-09-23 18:58:51,763 - INFO - Skipping already processed example (step log exists): rank=47402 path=/home/projects/bagon/shared/imagenet512/val/n03642806/ILSVRC2012_val_00033185.JPEG file=example_7790_rank_47402_n03642806_ILSVRC2012_val_00033185.JPEG_steps.csv
2025-09-23 18:58:51,764 - INFO - Skipping already processed example (step log exists): rank=47403 path=/home/projects/bagon/shared/imagenet512/val/n02708093/ILSVRC2012_val_00043497.JPEG file=example_7791_rank_47403_n02708093_ILSVRC2012_val_00043497.JPEG_steps.csv
2025-09-23 18:58:51,764 - INFO - Skipping already processed example (step log exists): rank=47404 path=/home/projects/bagon/shared/imagenet512/val/n02895154/ILSVRC2012_val_00003501.JPEG file=example_7792_rank_47404_n02895154_ILSVRC2012_val_00003501.JPEG_steps.csv
2025-09-23 18:58:51,765 - INFO - Skipping already processed example (step log exists): rank=47405 path=/home/projects/bagon/shared/imagenet512/val/n03394916/ILSVRC2012_val_00025761.JPEG file=example_7793_rank_47405_n03394916_ILSVRC2012_val_00025761.JPEG_steps.csv
2025-09-23 18:58:51,765 - INFO - Skipping already processed example (step log exists): rank=47406 path=/home/projects/bagon/shared/imagenet512/val/n02999410/ILSVRC2012_val_00016847.JPEG file=example_7794_rank_47406_n02999410_ILSVRC2012_val_00016847.JPEG_steps.csv
2025-09-23 18:58:51,766 - INFO - Skipping already processed example (step log exists): rank=47407 path=/home/projects/bagon/shared/imagenet512/val/n02268443/ILSVRC2012_val_00043424.JPEG file=example_7795_rank_47407_n02268443_ILSVRC2012_val_00043424.JPEG_steps.csv
2025-09-23 18:58:51,766 - INFO - Skipping already processed example (step log exists): rank=47408 path=/home/projects/bagon/shared/imagenet512/val/n02105412/ILSVRC2012_val_00021838.JPEG file=example_7796_rank_47408_n02105412_ILSVRC2012_val_00021838.JPEG_steps.csv
2025-09-23 18:58:51,767 - INFO - Skipping already processed example (step log exists): rank=47410 path=/home/projects/bagon/shared/imagenet512/val/n04004767/ILSVRC2012_val_00041807.JPEG file=example_7797_rank_47410_n04004767_ILSVRC2012_val_00041807.JPEG_steps.csv
2025-09-23 18:58:51,768 - INFO - Skipping already processed example (step log exists): rank=47412 path=/home/projects/bagon/shared/imagenet512/val/n04479046/ILSVRC2012_val_00027430.JPEG file=example_7798_rank_47412_n04479046_ILSVRC2012_val_00027430.JPEG_steps.csv
2025-09-23 18:58:51,768 - INFO - Skipping already processed example (step log exists): rank=47413 path=/home/projects/bagon/shared/imagenet512/val/n04009552/ILSVRC2012_val_00032924.JPEG file=example_7799_rank_47413_n04009552_ILSVRC2012_val_00032924.JPEG_steps.csv
2025-09-23 18:58:51,768 - INFO - Skipping already processed example (step log exists): rank=47414 path=/home/projects/bagon/shared/imagenet512/val/n03124170/ILSVRC2012_val_00003256.JPEG file=example_7800_rank_47414_n03124170_ILSVRC2012_val_00003256.JPEG_steps.csv
2025-09-23 18:58:51,769 - INFO - Skipping already processed example (step log exists): rank=47415 path=/home/projects/bagon/shared/imagenet512/val/n04370456/ILSVRC2012_val_00018940.JPEG file=example_7801_rank_47415_n04370456_ILSVRC2012_val_00018940.JPEG_steps.csv
2025-09-23 18:58:51,769 - INFO - Skipping already processed example (step log exists): rank=47416 path=/home/projects/bagon/shared/imagenet512/val/n03376595/ILSVRC2012_val_00008185.JPEG file=example_7802_rank_47416_n03376595_ILSVRC2012_val_00008185.JPEG_steps.csv
2025-09-23 18:58:51,770 - INFO - Skipping already processed example (step log exists): rank=47417 path=/home/projects/bagon/shared/imagenet512/val/n02396427/ILSVRC2012_val_00006678.JPEG file=example_7803_rank_47417_n02396427_ILSVRC2012_val_00006678.JPEG_steps.csv
2025-09-23 18:58:51,770 - INFO - Skipping already processed example (step log exists): rank=47418 path=/home/projects/bagon/shared/imagenet512/val/n03770679/ILSVRC2012_val_00031088.JPEG file=example_7804_rank_47418_n03770679_ILSVRC2012_val_00031088.JPEG_steps.csv
2025-09-23 18:58:51,771 - INFO - Skipping already processed example (step log exists): rank=47419 path=/home/projects/bagon/shared/imagenet512/val/n02018207/ILSVRC2012_val_00001165.JPEG file=example_7805_rank_47419_n02018207_ILSVRC2012_val_00001165.JPEG_steps.csv
2025-09-23 18:58:51,771 - INFO - Skipping already processed example (step log exists): rank=47420 path=/home/projects/bagon/shared/imagenet512/val/n02493509/ILSVRC2012_val_00048954.JPEG file=example_7806_rank_47420_n02493509_ILSVRC2012_val_00048954.JPEG_steps.csv
2025-09-23 18:58:51,772 - INFO - Skipping already processed example (step log exists): rank=47421 path=/home/projects/bagon/shared/imagenet512/val/n01773549/ILSVRC2012_val_00033819.JPEG file=example_7807_rank_47421_n01773549_ILSVRC2012_val_00033819.JPEG_steps.csv
2025-09-23 18:58:51,772 - INFO - Skipping already processed example (step log exists): rank=47422 path=/home/projects/bagon/shared/imagenet512/val/n03208938/ILSVRC2012_val_00048454.JPEG file=example_7808_rank_47422_n03208938_ILSVRC2012_val_00048454.JPEG_steps.csv
2025-09-23 18:58:51,773 - INFO - Skipping already processed example (step log exists): rank=47423 path=/home/projects/bagon/shared/imagenet512/val/n04086273/ILSVRC2012_val_00036488.JPEG file=example_7809_rank_47423_n04086273_ILSVRC2012_val_00036488.JPEG_steps.csv
2025-09-23 18:58:51,773 - INFO - Skipping already processed example (step log exists): rank=47424 path=/home/projects/bagon/shared/imagenet512/val/n02123159/ILSVRC2012_val_00021195.JPEG file=example_7810_rank_47424_n02123159_ILSVRC2012_val_00021195.JPEG_steps.csv
2025-09-23 18:58:51,774 - INFO - Skipping already processed example (step log exists): rank=47425 path=/home/projects/bagon/shared/imagenet512/val/n04008634/ILSVRC2012_val_00027910.JPEG file=example_7811_rank_47425_n04008634_ILSVRC2012_val_00027910.JPEG_steps.csv
2025-09-23 18:58:51,774 - INFO - Skipping already processed example (step log exists): rank=47426 path=/home/projects/bagon/shared/imagenet512/val/n02113712/ILSVRC2012_val_00003063.JPEG file=example_7812_rank_47426_n02113712_ILSVRC2012_val_00003063.JPEG_steps.csv
2025-09-23 18:58:51,775 - INFO - Skipping already processed example (step log exists): rank=47427 path=/home/projects/bagon/shared/imagenet512/val/n03658185/ILSVRC2012_val_00034022.JPEG file=example_7813_rank_47427_n03658185_ILSVRC2012_val_00034022.JPEG_steps.csv
2025-09-23 18:58:51,775 - INFO - Skipping already processed example (step log exists): rank=47428 path=/home/projects/bagon/shared/imagenet512/val/n02094433/ILSVRC2012_val_00009244.JPEG file=example_7814_rank_47428_n02094433_ILSVRC2012_val_00009244.JPEG_steps.csv
2025-09-23 18:58:51,776 - INFO - Skipping already processed example (step log exists): rank=47429 path=/home/projects/bagon/shared/imagenet512/val/n03355925/ILSVRC2012_val_00041479.JPEG file=example_7815_rank_47429_n03355925_ILSVRC2012_val_00041479.JPEG_steps.csv
2025-09-23 18:58:51,777 - INFO - Skipping already processed example (step log exists): rank=47430 path=/home/projects/bagon/shared/imagenet512/val/n04591157/ILSVRC2012_val_00006138.JPEG file=example_7816_rank_47430_n04591157_ILSVRC2012_val_00006138.JPEG_steps.csv
2025-09-23 18:58:51,777 - INFO - Skipping already processed example (step log exists): rank=47431 path=/home/projects/bagon/shared/imagenet512/val/n02669723/ILSVRC2012_val_00045996.JPEG file=example_7817_rank_47431_n02669723_ILSVRC2012_val_00045996.JPEG_steps.csv
2025-09-23 18:58:51,777 - INFO - Skipping already processed example (step log exists): rank=47432 path=/home/projects/bagon/shared/imagenet512/val/n03207941/ILSVRC2012_val_00038108.JPEG file=example_7818_rank_47432_n03207941_ILSVRC2012_val_00038108.JPEG_steps.csv
2025-09-23 18:58:51,778 - INFO - Skipping already processed example (step log exists): rank=47433 path=/home/projects/bagon/shared/imagenet512/val/n03617480/ILSVRC2012_val_00018442.JPEG file=example_7819_rank_47433_n03617480_ILSVRC2012_val_00018442.JPEG_steps.csv
2025-09-23 18:58:51,778 - INFO - Skipping already processed example (step log exists): rank=47434 path=/home/projects/bagon/shared/imagenet512/val/n03633091/ILSVRC2012_val_00009892.JPEG file=example_7820_rank_47434_n03633091_ILSVRC2012_val_00009892.JPEG_steps.csv
2025-09-23 18:58:51,779 - INFO - Skipping already processed example (step log exists): rank=47435 path=/home/projects/bagon/shared/imagenet512/val/n03877845/ILSVRC2012_val_00021980.JPEG file=example_7821_rank_47435_n03877845_ILSVRC2012_val_00021980.JPEG_steps.csv
2025-09-23 18:58:51,779 - INFO - Skipping already processed example (step log exists): rank=47436 path=/home/projects/bagon/shared/imagenet512/val/n04536866/ILSVRC2012_val_00040936.JPEG file=example_7822_rank_47436_n04536866_ILSVRC2012_val_00040936.JPEG_steps.csv
2025-09-23 18:58:51,780 - INFO - Skipping already processed example (step log exists): rank=47437 path=/home/projects/bagon/shared/imagenet512/val/n02497673/ILSVRC2012_val_00013338.JPEG file=example_7823_rank_47437_n02497673_ILSVRC2012_val_00013338.JPEG_steps.csv
2025-09-23 18:58:51,780 - INFO - Skipping already processed example (step log exists): rank=47438 path=/home/projects/bagon/shared/imagenet512/val/n12144580/ILSVRC2012_val_00030528.JPEG file=example_7824_rank_47438_n12144580_ILSVRC2012_val_00030528.JPEG_steps.csv
2025-09-23 18:58:51,781 - INFO - Skipping already processed example (step log exists): rank=47439 path=/home/projects/bagon/shared/imagenet512/val/n03803284/ILSVRC2012_val_00049856.JPEG file=example_7825_rank_47439_n03803284_ILSVRC2012_val_00049856.JPEG_steps.csv
2025-09-23 18:58:51,781 - INFO - Skipping already processed example (step log exists): rank=47440 path=/home/projects/bagon/shared/imagenet512/val/n01773797/ILSVRC2012_val_00014498.JPEG file=example_7826_rank_47440_n01773797_ILSVRC2012_val_00014498.JPEG_steps.csv
2025-09-23 18:58:51,781 - INFO - Skipping already processed example (step log exists): rank=47441 path=/home/projects/bagon/shared/imagenet512/val/n02607072/ILSVRC2012_val_00030654.JPEG file=example_7827_rank_47441_n02607072_ILSVRC2012_val_00030654.JPEG_steps.csv
2025-09-23 18:58:51,782 - INFO - Skipping already processed example (step log exists): rank=47442 path=/home/projects/bagon/shared/imagenet512/val/n03530642/ILSVRC2012_val_00042170.JPEG file=example_7828_rank_47442_n03530642_ILSVRC2012_val_00042170.JPEG_steps.csv
2025-09-23 18:58:51,783 - INFO - Skipping already processed example (step log exists): rank=47443 path=/home/projects/bagon/shared/imagenet512/val/n09421951/ILSVRC2012_val_00030176.JPEG file=example_7829_rank_47443_n09421951_ILSVRC2012_val_00030176.JPEG_steps.csv
2025-09-23 18:58:51,784 - INFO - Skipping already processed example (step log exists): rank=47446 path=/home/projects/bagon/shared/imagenet512/val/n02089078/ILSVRC2012_val_00033531.JPEG file=example_7830_rank_47446_n02089078_ILSVRC2012_val_00033531.JPEG_steps.csv
2025-09-23 18:58:51,784 - INFO - Skipping already processed example (step log exists): rank=47447 path=/home/projects/bagon/shared/imagenet512/val/n01756291/ILSVRC2012_val_00043119.JPEG file=example_7831_rank_47447_n01756291_ILSVRC2012_val_00043119.JPEG_steps.csv
2025-09-23 18:58:51,785 - INFO - Skipping already processed example (step log exists): rank=47448 path=/home/projects/bagon/shared/imagenet512/val/n04152593/ILSVRC2012_val_00017005.JPEG file=example_7832_rank_47448_n04152593_ILSVRC2012_val_00017005.JPEG_steps.csv
2025-09-23 18:58:51,785 - INFO - Skipping already processed example (step log exists): rank=47449 path=/home/projects/bagon/shared/imagenet512/val/n04392985/ILSVRC2012_val_00009201.JPEG file=example_7833_rank_47449_n04392985_ILSVRC2012_val_00009201.JPEG_steps.csv
2025-09-23 18:58:51,786 - INFO - Skipping already processed example (step log exists): rank=47450 path=/home/projects/bagon/shared/imagenet512/val/n01693334/ILSVRC2012_val_00042783.JPEG file=example_7834_rank_47450_n01693334_ILSVRC2012_val_00042783.JPEG_steps.csv
2025-09-23 18:58:51,786 - INFO - Skipping already processed example (step log exists): rank=47451 path=/home/projects/bagon/shared/imagenet512/val/n02108551/ILSVRC2012_val_00036054.JPEG file=example_7835_rank_47451_n02108551_ILSVRC2012_val_00036054.JPEG_steps.csv
2025-09-23 18:58:51,787 - INFO - Skipping already processed example (step log exists): rank=47452 path=/home/projects/bagon/shared/imagenet512/val/n02895154/ILSVRC2012_val_00002050.JPEG file=example_7836_rank_47452_n02895154_ILSVRC2012_val_00002050.JPEG_steps.csv
2025-09-23 18:58:51,787 - INFO - Skipping already processed example (step log exists): rank=47453 path=/home/projects/bagon/shared/imagenet512/val/n03899768/ILSVRC2012_val_00002624.JPEG file=example_7837_rank_47453_n03899768_ILSVRC2012_val_00002624.JPEG_steps.csv
2025-09-23 18:58:51,788 - INFO - Skipping already processed example (step log exists): rank=47454 path=/home/projects/bagon/shared/imagenet512/val/n07753592/ILSVRC2012_val_00016182.JPEG file=example_7838_rank_47454_n07753592_ILSVRC2012_val_00016182.JPEG_steps.csv
2025-09-23 18:58:51,789 - INFO - Skipping already processed example (step log exists): rank=47455 path=/home/projects/bagon/shared/imagenet512/val/n03063689/ILSVRC2012_val_00043165.JPEG file=example_7839_rank_47455_n03063689_ILSVRC2012_val_00043165.JPEG_steps.csv
2025-09-23 18:58:51,789 - INFO - Skipping already processed example (step log exists): rank=47456 path=/home/projects/bagon/shared/imagenet512/val/n03710637/ILSVRC2012_val_00035282.JPEG file=example_7840_rank_47456_n03710637_ILSVRC2012_val_00035282.JPEG_steps.csv
2025-09-23 18:58:51,790 - INFO - Skipping already processed example (step log exists): rank=47457 path=/home/projects/bagon/shared/imagenet512/val/n04548280/ILSVRC2012_val_00048471.JPEG file=example_7841_rank_47457_n04548280_ILSVRC2012_val_00048471.JPEG_steps.csv
2025-09-23 18:58:51,790 - INFO - Skipping already processed example (step log exists): rank=47458 path=/home/projects/bagon/shared/imagenet512/val/n02091134/ILSVRC2012_val_00023877.JPEG file=example_7842_rank_47458_n02091134_ILSVRC2012_val_00023877.JPEG_steps.csv
2025-09-23 18:58:51,791 - INFO - Skipping already processed example (step log exists): rank=47459 path=/home/projects/bagon/shared/imagenet512/val/n02966687/ILSVRC2012_val_00019916.JPEG file=example_7843_rank_47459_n02966687_ILSVRC2012_val_00019916.JPEG_steps.csv
2025-09-23 18:58:51,791 - INFO - Skipping already processed example (step log exists): rank=47460 path=/home/projects/bagon/shared/imagenet512/val/n04004767/ILSVRC2012_val_00017383.JPEG file=example_7844_rank_47460_n04004767_ILSVRC2012_val_00017383.JPEG_steps.csv
2025-09-23 18:58:51,792 - INFO - Skipping already processed example (step log exists): rank=47461 path=/home/projects/bagon/shared/imagenet512/val/n03692522/ILSVRC2012_val_00042338.JPEG file=example_7845_rank_47461_n03692522_ILSVRC2012_val_00042338.JPEG_steps.csv
2025-09-23 18:58:51,792 - INFO - Skipping already processed example (step log exists): rank=47462 path=/home/projects/bagon/shared/imagenet512/val/n03764736/ILSVRC2012_val_00006557.JPEG file=example_7846_rank_47462_n03764736_ILSVRC2012_val_00006557.JPEG_steps.csv
2025-09-23 18:58:51,792 - INFO - Skipping already processed example (step log exists): rank=47463 path=/home/projects/bagon/shared/imagenet512/val/n02002556/ILSVRC2012_val_00026760.JPEG file=example_7847_rank_47463_n02002556_ILSVRC2012_val_00026760.JPEG_steps.csv
2025-09-23 18:58:51,793 - INFO - Skipping already processed example (step log exists): rank=47464 path=/home/projects/bagon/shared/imagenet512/val/n02727426/ILSVRC2012_val_00013164.JPEG file=example_7848_rank_47464_n02727426_ILSVRC2012_val_00013164.JPEG_steps.csv
2025-09-23 18:58:51,794 - INFO - Skipping already processed example (step log exists): rank=47465 path=/home/projects/bagon/shared/imagenet512/val/n01914609/ILSVRC2012_val_00047488.JPEG file=example_7849_rank_47465_n01914609_ILSVRC2012_val_00047488.JPEG_steps.csv
2025-09-23 18:58:51,794 - INFO - Skipping already processed example (step log exists): rank=47466 path=/home/projects/bagon/shared/imagenet512/val/n03658185/ILSVRC2012_val_00037006.JPEG file=example_7850_rank_47466_n03658185_ILSVRC2012_val_00037006.JPEG_steps.csv
2025-09-23 18:58:51,795 - INFO - Skipping already processed example (step log exists): rank=47467 path=/home/projects/bagon/shared/imagenet512/val/n03062245/ILSVRC2012_val_00004624.JPEG file=example_7851_rank_47467_n03062245_ILSVRC2012_val_00004624.JPEG_steps.csv
2025-09-23 18:58:51,796 - INFO - Skipping already processed example (step log exists): rank=47468 path=/home/projects/bagon/shared/imagenet512/val/n02708093/ILSVRC2012_val_00024425.JPEG file=example_7852_rank_47468_n02708093_ILSVRC2012_val_00024425.JPEG_steps.csv
2025-09-23 18:58:51,796 - INFO - Skipping already processed example (step log exists): rank=47469 path=/home/projects/bagon/shared/imagenet512/val/n04355933/ILSVRC2012_val_00001719.JPEG file=example_7853_rank_47469_n04355933_ILSVRC2012_val_00001719.JPEG_steps.csv
2025-09-23 18:58:51,797 - INFO - Skipping already processed example (step log exists): rank=47470 path=/home/projects/bagon/shared/imagenet512/val/n02667093/ILSVRC2012_val_00011953.JPEG file=example_7854_rank_47470_n02667093_ILSVRC2012_val_00011953.JPEG_steps.csv
2025-09-23 18:58:51,797 - INFO - Skipping already processed example (step log exists): rank=47471 path=/home/projects/bagon/shared/imagenet512/val/n04270147/ILSVRC2012_val_00040093.JPEG file=example_7855_rank_47471_n04270147_ILSVRC2012_val_00040093.JPEG_steps.csv
2025-09-23 18:58:51,798 - INFO - Skipping already processed example (step log exists): rank=47472 path=/home/projects/bagon/shared/imagenet512/val/n03160309/ILSVRC2012_val_00026549.JPEG file=example_7856_rank_47472_n03160309_ILSVRC2012_val_00026549.JPEG_steps.csv
2025-09-23 18:58:51,798 - INFO - Skipping already processed example (step log exists): rank=47473 path=/home/projects/bagon/shared/imagenet512/val/n04399382/ILSVRC2012_val_00007401.JPEG file=example_7857_rank_47473_n04399382_ILSVRC2012_val_00007401.JPEG_steps.csv
2025-09-23 18:58:51,799 - INFO - Skipping already processed example (step log exists): rank=47474 path=/home/projects/bagon/shared/imagenet512/val/n02085782/ILSVRC2012_val_00033476.JPEG file=example_7858_rank_47474_n02085782_ILSVRC2012_val_00033476.JPEG_steps.csv
2025-09-23 18:58:51,799 - INFO - Skipping already processed example (step log exists): rank=47475 path=/home/projects/bagon/shared/imagenet512/val/n02190166/ILSVRC2012_val_00036693.JPEG file=example_7859_rank_47475_n02190166_ILSVRC2012_val_00036693.JPEG_steps.csv
2025-09-23 18:58:51,799 - INFO - Skipping already processed example (step log exists): rank=47476 path=/home/projects/bagon/shared/imagenet512/val/n03642806/ILSVRC2012_val_00001713.JPEG file=example_7860_rank_47476_n03642806_ILSVRC2012_val_00001713.JPEG_steps.csv
2025-09-23 18:58:51,800 - INFO - Skipping already processed example (step log exists): rank=47477 path=/home/projects/bagon/shared/imagenet512/val/n04116512/ILSVRC2012_val_00037342.JPEG file=example_7861_rank_47477_n04116512_ILSVRC2012_val_00037342.JPEG_steps.csv
2025-09-23 18:58:51,801 - INFO - Skipping already processed example (step log exists): rank=47478 path=/home/projects/bagon/shared/imagenet512/val/n02096177/ILSVRC2012_val_00034049.JPEG file=example_7862_rank_47478_n02096177_ILSVRC2012_val_00034049.JPEG_steps.csv
2025-09-23 18:58:51,801 - INFO - Skipping already processed example (step log exists): rank=47479 path=/home/projects/bagon/shared/imagenet512/val/n02979186/ILSVRC2012_val_00044373.JPEG file=example_7863_rank_47479_n02979186_ILSVRC2012_val_00044373.JPEG_steps.csv
2025-09-23 18:58:51,802 - INFO - Skipping already processed example (step log exists): rank=47480 path=/home/projects/bagon/shared/imagenet512/val/n04356056/ILSVRC2012_val_00044858.JPEG file=example_7864_rank_47480_n04356056_ILSVRC2012_val_00044858.JPEG_steps.csv
2025-09-23 18:58:51,802 - INFO - Skipping already processed example (step log exists): rank=47481 path=/home/projects/bagon/shared/imagenet512/val/n02128925/ILSVRC2012_val_00013107.JPEG file=example_7865_rank_47481_n02128925_ILSVRC2012_val_00013107.JPEG_steps.csv
2025-09-23 18:58:51,802 - INFO - Skipping already processed example (step log exists): rank=47482 path=/home/projects/bagon/shared/imagenet512/val/n01729322/ILSVRC2012_val_00022930.JPEG file=example_7866_rank_47482_n01729322_ILSVRC2012_val_00022930.JPEG_steps.csv
2025-09-23 18:58:51,803 - INFO - Skipping already processed example (step log exists): rank=47483 path=/home/projects/bagon/shared/imagenet512/val/n03697007/ILSVRC2012_val_00024323.JPEG file=example_7867_rank_47483_n03697007_ILSVRC2012_val_00024323.JPEG_steps.csv
2025-09-23 18:58:51,803 - INFO - Skipping already processed example (step log exists): rank=47484 path=/home/projects/bagon/shared/imagenet512/val/n04525038/ILSVRC2012_val_00004131.JPEG file=example_7868_rank_47484_n04525038_ILSVRC2012_val_00004131.JPEG_steps.csv
2025-09-23 18:58:51,804 - INFO - Skipping already processed example (step log exists): rank=47485 path=/home/projects/bagon/shared/imagenet512/val/n04099969/ILSVRC2012_val_00009659.JPEG file=example_7869_rank_47485_n04099969_ILSVRC2012_val_00009659.JPEG_steps.csv
2025-09-23 18:58:51,804 - INFO - Skipping already processed example (step log exists): rank=47486 path=/home/projects/bagon/shared/imagenet512/val/n02883205/ILSVRC2012_val_00031681.JPEG file=example_7870_rank_47486_n02883205_ILSVRC2012_val_00031681.JPEG_steps.csv
2025-09-23 18:58:51,805 - INFO - Skipping already processed example (step log exists): rank=47487 path=/home/projects/bagon/shared/imagenet512/val/n02971356/ILSVRC2012_val_00034292.JPEG file=example_7871_rank_47487_n02971356_ILSVRC2012_val_00034292.JPEG_steps.csv
2025-09-23 18:58:51,805 - INFO - Skipping already processed example (step log exists): rank=47488 path=/home/projects/bagon/shared/imagenet512/val/n09428293/ILSVRC2012_val_00013774.JPEG file=example_7872_rank_47488_n09428293_ILSVRC2012_val_00013774.JPEG_steps.csv
2025-09-23 18:58:51,806 - INFO - Skipping already processed example (step log exists): rank=47489 path=/home/projects/bagon/shared/imagenet512/val/n04523525/ILSVRC2012_val_00019502.JPEG file=example_7873_rank_47489_n04523525_ILSVRC2012_val_00019502.JPEG_steps.csv
2025-09-23 18:58:51,806 - INFO - Skipping already processed example (step log exists): rank=47490 path=/home/projects/bagon/shared/imagenet512/val/n04355933/ILSVRC2012_val_00000704.JPEG file=example_7874_rank_47490_n04355933_ILSVRC2012_val_00000704.JPEG_steps.csv
2025-09-23 18:58:51,807 - INFO - Skipping already processed example (step log exists): rank=47491 path=/home/projects/bagon/shared/imagenet512/val/n04330267/ILSVRC2012_val_00028865.JPEG file=example_7875_rank_47491_n04330267_ILSVRC2012_val_00028865.JPEG_steps.csv
2025-09-23 18:58:51,807 - INFO - Skipping already processed example (step log exists): rank=47492 path=/home/projects/bagon/shared/imagenet512/val/n02110185/ILSVRC2012_val_00000269.JPEG file=example_7876_rank_47492_n02110185_ILSVRC2012_val_00000269.JPEG_steps.csv
2025-09-23 18:58:51,807 - INFO - Skipping already processed example (step log exists): rank=47493 path=/home/projects/bagon/shared/imagenet512/val/n04483307/ILSVRC2012_val_00038739.JPEG file=example_7877_rank_47493_n04483307_ILSVRC2012_val_00038739.JPEG_steps.csv
2025-09-23 18:58:51,808 - INFO - Skipping already processed example (step log exists): rank=47494 path=/home/projects/bagon/shared/imagenet512/val/n03710637/ILSVRC2012_val_00021081.JPEG file=example_7878_rank_47494_n03710637_ILSVRC2012_val_00021081.JPEG_steps.csv
2025-09-23 18:58:51,808 - INFO - Skipping already processed example (step log exists): rank=47495 path=/home/projects/bagon/shared/imagenet512/val/n02109961/ILSVRC2012_val_00014246.JPEG file=example_7879_rank_47495_n02109961_ILSVRC2012_val_00014246.JPEG_steps.csv
2025-09-23 18:58:51,809 - INFO - Skipping already processed example (step log exists): rank=47496 path=/home/projects/bagon/shared/imagenet512/val/n04604644/ILSVRC2012_val_00001890.JPEG file=example_7880_rank_47496_n04604644_ILSVRC2012_val_00001890.JPEG_steps.csv
2025-09-23 18:58:51,809 - INFO - Skipping already processed example (step log exists): rank=47497 path=/home/projects/bagon/shared/imagenet512/val/n02091831/ILSVRC2012_val_00008812.JPEG file=example_7881_rank_47497_n02091831_ILSVRC2012_val_00008812.JPEG_steps.csv
2025-09-23 18:58:51,810 - INFO - Skipping already processed example (step log exists): rank=47498 path=/home/projects/bagon/shared/imagenet512/val/n03450230/ILSVRC2012_val_00001627.JPEG file=example_7882_rank_47498_n03450230_ILSVRC2012_val_00001627.JPEG_steps.csv
2025-09-23 18:58:51,810 - INFO - Skipping already processed example (step log exists): rank=47499 path=/home/projects/bagon/shared/imagenet512/val/n03649909/ILSVRC2012_val_00031075.JPEG file=example_7883_rank_47499_n03649909_ILSVRC2012_val_00031075.JPEG_steps.csv
2025-09-23 18:58:51,811 - INFO - Skipping already processed example (step log exists): rank=47500 path=/home/projects/bagon/shared/imagenet512/val/n02483708/ILSVRC2012_val_00013966.JPEG file=example_7884_rank_47500_n02483708_ILSVRC2012_val_00013966.JPEG_steps.csv
2025-09-23 18:58:51,811 - INFO - Skipping already processed example (step log exists): rank=47501 path=/home/projects/bagon/shared/imagenet512/val/n03661043/ILSVRC2012_val_00029945.JPEG file=example_7885_rank_47501_n03661043_ILSVRC2012_val_00029945.JPEG_steps.csv
2025-09-23 18:58:51,812 - INFO - Skipping already processed example (step log exists): rank=47502 path=/home/projects/bagon/shared/imagenet512/val/n03782006/ILSVRC2012_val_00008427.JPEG file=example_7886_rank_47502_n03782006_ILSVRC2012_val_00008427.JPEG_steps.csv
2025-09-23 18:58:51,812 - INFO - Skipping already processed example (step log exists): rank=47503 path=/home/projects/bagon/shared/imagenet512/val/n03372029/ILSVRC2012_val_00025781.JPEG file=example_7887_rank_47503_n03372029_ILSVRC2012_val_00025781.JPEG_steps.csv
2025-09-23 18:58:51,813 - INFO - Skipping already processed example (step log exists): rank=47504 path=/home/projects/bagon/shared/imagenet512/val/n02974003/ILSVRC2012_val_00017988.JPEG file=example_7888_rank_47504_n02974003_ILSVRC2012_val_00017988.JPEG_steps.csv
2025-09-23 18:58:51,813 - INFO - Skipping already processed example (step log exists): rank=47505 path=/home/projects/bagon/shared/imagenet512/val/n01756291/ILSVRC2012_val_00041994.JPEG file=example_7889_rank_47505_n01756291_ILSVRC2012_val_00041994.JPEG_steps.csv
2025-09-23 18:58:51,814 - INFO - Skipping already processed example (step log exists): rank=47506 path=/home/projects/bagon/shared/imagenet512/val/n03125729/ILSVRC2012_val_00015803.JPEG file=example_7890_rank_47506_n03125729_ILSVRC2012_val_00015803.JPEG_steps.csv
2025-09-23 18:58:51,814 - INFO - Skipping already processed example (step log exists): rank=47507 path=/home/projects/bagon/shared/imagenet512/val/n02906734/ILSVRC2012_val_00040693.JPEG file=example_7891_rank_47507_n02906734_ILSVRC2012_val_00040693.JPEG_steps.csv
2025-09-23 18:58:51,815 - INFO - Skipping already processed example (step log exists): rank=47508 path=/home/projects/bagon/shared/imagenet512/val/n01770393/ILSVRC2012_val_00032266.JPEG file=example_7892_rank_47508_n01770393_ILSVRC2012_val_00032266.JPEG_steps.csv
2025-09-23 18:58:51,815 - INFO - Skipping already processed example (step log exists): rank=47509 path=/home/projects/bagon/shared/imagenet512/val/n03249569/ILSVRC2012_val_00014756.JPEG file=example_7893_rank_47509_n03249569_ILSVRC2012_val_00014756.JPEG_steps.csv
2025-09-23 18:58:51,816 - INFO - Skipping already processed example (step log exists): rank=47510 path=/home/projects/bagon/shared/imagenet512/val/n02981792/ILSVRC2012_val_00028975.JPEG file=example_7894_rank_47510_n02981792_ILSVRC2012_val_00028975.JPEG_steps.csv
2025-09-23 18:58:51,816 - INFO - Skipping already processed example (step log exists): rank=47511 path=/home/projects/bagon/shared/imagenet512/val/n03016953/ILSVRC2012_val_00037394.JPEG file=example_7895_rank_47511_n03016953_ILSVRC2012_val_00037394.JPEG_steps.csv
2025-09-23 18:58:51,816 - INFO - Skipping already processed example (step log exists): rank=47512 path=/home/projects/bagon/shared/imagenet512/val/n02869837/ILSVRC2012_val_00013039.JPEG file=example_7896_rank_47512_n02869837_ILSVRC2012_val_00013039.JPEG_steps.csv
2025-09-23 18:58:51,817 - INFO - Skipping already processed example (step log exists): rank=47513 path=/home/projects/bagon/shared/imagenet512/val/n02930766/ILSVRC2012_val_00038811.JPEG file=example_7897_rank_47513_n02930766_ILSVRC2012_val_00038811.JPEG_steps.csv
2025-09-23 18:58:51,817 - INFO - Skipping already processed example (step log exists): rank=47514 path=/home/projects/bagon/shared/imagenet512/val/n02669723/ILSVRC2012_val_00039353.JPEG file=example_7898_rank_47514_n02669723_ILSVRC2012_val_00039353.JPEG_steps.csv
2025-09-23 18:58:51,818 - INFO - Skipping already processed example (step log exists): rank=47515 path=/home/projects/bagon/shared/imagenet512/val/n03124043/ILSVRC2012_val_00047590.JPEG file=example_7899_rank_47515_n03124043_ILSVRC2012_val_00047590.JPEG_steps.csv
2025-09-23 18:58:51,818 - INFO - Skipping already processed example (step log exists): rank=47516 path=/home/projects/bagon/shared/imagenet512/val/n02124075/ILSVRC2012_val_00026403.JPEG file=example_7900_rank_47516_n02124075_ILSVRC2012_val_00026403.JPEG_steps.csv
2025-09-23 18:58:51,819 - INFO - Skipping already processed example (step log exists): rank=47517 path=/home/projects/bagon/shared/imagenet512/val/n04579145/ILSVRC2012_val_00029060.JPEG file=example_7901_rank_47517_n04579145_ILSVRC2012_val_00029060.JPEG_steps.csv
2025-09-23 18:58:51,819 - INFO - Skipping already processed example (step log exists): rank=47518 path=/home/projects/bagon/shared/imagenet512/val/n03967562/ILSVRC2012_val_00031552.JPEG file=example_7902_rank_47518_n03967562_ILSVRC2012_val_00031552.JPEG_steps.csv
2025-09-23 18:58:51,819 - INFO - Skipping already processed example (step log exists): rank=47519 path=/home/projects/bagon/shared/imagenet512/val/n02088238/ILSVRC2012_val_00027114.JPEG file=example_7903_rank_47519_n02088238_ILSVRC2012_val_00027114.JPEG_steps.csv
2025-09-23 18:58:51,820 - INFO - Skipping already processed example (step log exists): rank=47520 path=/home/projects/bagon/shared/imagenet512/val/n03016953/ILSVRC2012_val_00039322.JPEG file=example_7904_rank_47520_n03016953_ILSVRC2012_val_00039322.JPEG_steps.csv
2025-09-23 18:58:51,820 - INFO - Skipping already processed example (step log exists): rank=47521 path=/home/projects/bagon/shared/imagenet512/val/n03733805/ILSVRC2012_val_00036766.JPEG file=example_7905_rank_47521_n03733805_ILSVRC2012_val_00036766.JPEG_steps.csv
2025-09-23 18:58:51,821 - INFO - Skipping already processed example (step log exists): rank=47522 path=/home/projects/bagon/shared/imagenet512/val/n04285008/ILSVRC2012_val_00029021.JPEG file=example_7906_rank_47522_n04285008_ILSVRC2012_val_00029021.JPEG_steps.csv
2025-09-23 18:58:51,821 - INFO - Skipping already processed example (step log exists): rank=47523 path=/home/projects/bagon/shared/imagenet512/val/n04264628/ILSVRC2012_val_00022053.JPEG file=example_7907_rank_47523_n04264628_ILSVRC2012_val_00022053.JPEG_steps.csv
2025-09-23 18:58:51,822 - INFO - Skipping already processed example (step log exists): rank=47524 path=/home/projects/bagon/shared/imagenet512/val/n03325584/ILSVRC2012_val_00031047.JPEG file=example_7908_rank_47524_n03325584_ILSVRC2012_val_00031047.JPEG_steps.csv
2025-09-23 18:58:51,822 - INFO - Skipping already processed example (step log exists): rank=47525 path=/home/projects/bagon/shared/imagenet512/val/n04590129/ILSVRC2012_val_00012574.JPEG file=example_7909_rank_47525_n04590129_ILSVRC2012_val_00012574.JPEG_steps.csv
2025-09-23 18:58:51,823 - INFO - Skipping already processed example (step log exists): rank=47526 path=/home/projects/bagon/shared/imagenet512/val/n03095699/ILSVRC2012_val_00021583.JPEG file=example_7910_rank_47526_n03095699_ILSVRC2012_val_00021583.JPEG_steps.csv
2025-09-23 18:58:51,823 - INFO - Skipping already processed example (step log exists): rank=47527 path=/home/projects/bagon/shared/imagenet512/val/n02086240/ILSVRC2012_val_00044224.JPEG file=example_7911_rank_47527_n02086240_ILSVRC2012_val_00044224.JPEG_steps.csv
2025-09-23 18:58:51,823 - INFO - Skipping already processed example (step log exists): rank=47528 path=/home/projects/bagon/shared/imagenet512/val/n01943899/ILSVRC2012_val_00035636.JPEG file=example_7912_rank_47528_n01943899_ILSVRC2012_val_00035636.JPEG_steps.csv
2025-09-23 18:58:51,824 - INFO - Skipping already processed example (step log exists): rank=47529 path=/home/projects/bagon/shared/imagenet512/val/n01740131/ILSVRC2012_val_00025955.JPEG file=example_7913_rank_47529_n01740131_ILSVRC2012_val_00025955.JPEG_steps.csv
2025-09-23 18:58:51,824 - INFO - Skipping already processed example (step log exists): rank=47530 path=/home/projects/bagon/shared/imagenet512/val/n02837789/ILSVRC2012_val_00024370.JPEG file=example_7914_rank_47530_n02837789_ILSVRC2012_val_00024370.JPEG_steps.csv
2025-09-23 18:58:51,825 - INFO - Skipping already processed example (step log exists): rank=47531 path=/home/projects/bagon/shared/imagenet512/val/n04487394/ILSVRC2012_val_00020259.JPEG file=example_7915_rank_47531_n04487394_ILSVRC2012_val_00020259.JPEG_steps.csv
2025-09-23 18:58:51,825 - INFO - Skipping already processed example (step log exists): rank=47532 path=/home/projects/bagon/shared/imagenet512/val/n02480855/ILSVRC2012_val_00017200.JPEG file=example_7916_rank_47532_n02480855_ILSVRC2012_val_00017200.JPEG_steps.csv
2025-09-23 18:58:51,826 - INFO - Skipping already processed example (step log exists): rank=47533 path=/home/projects/bagon/shared/imagenet512/val/n03291819/ILSVRC2012_val_00003514.JPEG file=example_7917_rank_47533_n03291819_ILSVRC2012_val_00003514.JPEG_steps.csv
2025-09-23 18:58:51,827 - INFO - Skipping already processed example (step log exists): rank=47534 path=/home/projects/bagon/shared/imagenet512/val/n02669723/ILSVRC2012_val_00043033.JPEG file=example_7918_rank_47534_n02669723_ILSVRC2012_val_00043033.JPEG_steps.csv
2025-09-23 18:58:51,827 - INFO - Skipping already processed example (step log exists): rank=47535 path=/home/projects/bagon/shared/imagenet512/val/n02074367/ILSVRC2012_val_00038311.JPEG file=example_7919_rank_47535_n02074367_ILSVRC2012_val_00038311.JPEG_steps.csv
2025-09-23 18:58:51,828 - INFO - Skipping already processed example (step log exists): rank=47536 path=/home/projects/bagon/shared/imagenet512/val/n02669723/ILSVRC2012_val_00005400.JPEG file=example_7920_rank_47536_n02669723_ILSVRC2012_val_00005400.JPEG_steps.csv
2025-09-23 18:58:51,828 - INFO - Skipping already processed example (step log exists): rank=47537 path=/home/projects/bagon/shared/imagenet512/val/n02089973/ILSVRC2012_val_00025914.JPEG file=example_7921_rank_47537_n02089973_ILSVRC2012_val_00025914.JPEG_steps.csv
2025-09-23 18:58:51,828 - INFO - Skipping already processed example (step log exists): rank=47538 path=/home/projects/bagon/shared/imagenet512/val/n01739381/ILSVRC2012_val_00046539.JPEG file=example_7922_rank_47538_n01739381_ILSVRC2012_val_00046539.JPEG_steps.csv
2025-09-23 18:58:51,829 - INFO - Skipping already processed example (step log exists): rank=47539 path=/home/projects/bagon/shared/imagenet512/val/n12144580/ILSVRC2012_val_00035469.JPEG file=example_7923_rank_47539_n12144580_ILSVRC2012_val_00035469.JPEG_steps.csv
2025-09-23 18:58:51,829 - INFO - Skipping already processed example (step log exists): rank=47540 path=/home/projects/bagon/shared/imagenet512/val/n01667114/ILSVRC2012_val_00004897.JPEG file=example_7924_rank_47540_n01667114_ILSVRC2012_val_00004897.JPEG_steps.csv
2025-09-23 18:58:51,830 - INFO - Skipping already processed example (step log exists): rank=47541 path=/home/projects/bagon/shared/imagenet512/val/n02120505/ILSVRC2012_val_00049125.JPEG file=example_7925_rank_47541_n02120505_ILSVRC2012_val_00049125.JPEG_steps.csv
2025-09-23 18:58:51,830 - INFO - Skipping already processed example (step log exists): rank=47542 path=/home/projects/bagon/shared/imagenet512/val/n04127249/ILSVRC2012_val_00029474.JPEG file=example_7926_rank_47542_n04127249_ILSVRC2012_val_00029474.JPEG_steps.csv
2025-09-23 18:58:51,831 - INFO - Skipping already processed example (step log exists): rank=47543 path=/home/projects/bagon/shared/imagenet512/val/n04286575/ILSVRC2012_val_00023584.JPEG file=example_7927_rank_47543_n04286575_ILSVRC2012_val_00023584.JPEG_steps.csv
2025-09-23 18:58:51,831 - INFO - Skipping already processed example (step log exists): rank=47544 path=/home/projects/bagon/shared/imagenet512/val/n04328186/ILSVRC2012_val_00041340.JPEG file=example_7928_rank_47544_n04328186_ILSVRC2012_val_00041340.JPEG_steps.csv
2025-09-23 18:58:51,832 - INFO - Skipping already processed example (step log exists): rank=47545 path=/home/projects/bagon/shared/imagenet512/val/n01985128/ILSVRC2012_val_00010640.JPEG file=example_7929_rank_47545_n01985128_ILSVRC2012_val_00010640.JPEG_steps.csv
2025-09-23 18:58:51,832 - INFO - Skipping already processed example (step log exists): rank=47546 path=/home/projects/bagon/shared/imagenet512/val/n04154565/ILSVRC2012_val_00002631.JPEG file=example_7930_rank_47546_n04154565_ILSVRC2012_val_00002631.JPEG_steps.csv
2025-09-23 18:58:51,833 - INFO - Skipping already processed example (step log exists): rank=47547 path=/home/projects/bagon/shared/imagenet512/val/n03895866/ILSVRC2012_val_00038339.JPEG file=example_7931_rank_47547_n03895866_ILSVRC2012_val_00038339.JPEG_steps.csv
2025-09-23 18:58:51,833 - INFO - Skipping already processed example (step log exists): rank=47548 path=/home/projects/bagon/shared/imagenet512/val/n03345487/ILSVRC2012_val_00032745.JPEG file=example_7932_rank_47548_n03345487_ILSVRC2012_val_00032745.JPEG_steps.csv
2025-09-23 18:58:51,834 - INFO - Skipping already processed example (step log exists): rank=47549 path=/home/projects/bagon/shared/imagenet512/val/n04067472/ILSVRC2012_val_00043400.JPEG file=example_7933_rank_47549_n04067472_ILSVRC2012_val_00043400.JPEG_steps.csv
2025-09-23 18:58:51,834 - INFO - Skipping already processed example (step log exists): rank=47550 path=/home/projects/bagon/shared/imagenet512/val/n04523525/ILSVRC2012_val_00049794.JPEG file=example_7934_rank_47550_n04523525_ILSVRC2012_val_00049794.JPEG_steps.csv
2025-09-23 18:58:51,835 - INFO - Skipping already processed example (step log exists): rank=47551 path=/home/projects/bagon/shared/imagenet512/val/n02403003/ILSVRC2012_val_00041495.JPEG file=example_7935_rank_47551_n02403003_ILSVRC2012_val_00041495.JPEG_steps.csv
2025-09-23 18:58:51,835 - INFO - Skipping already processed example (step log exists): rank=47552 path=/home/projects/bagon/shared/imagenet512/val/n02791270/ILSVRC2012_val_00010017.JPEG file=example_7936_rank_47552_n02791270_ILSVRC2012_val_00010017.JPEG_steps.csv
2025-09-23 18:58:51,836 - INFO - Skipping already processed example (step log exists): rank=47553 path=/home/projects/bagon/shared/imagenet512/val/n02492035/ILSVRC2012_val_00019469.JPEG file=example_7937_rank_47553_n02492035_ILSVRC2012_val_00019469.JPEG_steps.csv
2025-09-23 18:58:51,836 - INFO - Skipping already processed example (step log exists): rank=47554 path=/home/projects/bagon/shared/imagenet512/val/n09472597/ILSVRC2012_val_00031246.JPEG file=example_7938_rank_47554_n09472597_ILSVRC2012_val_00031246.JPEG_steps.csv
2025-09-23 18:58:51,837 - INFO - Skipping already processed example (step log exists): rank=47555 path=/home/projects/bagon/shared/imagenet512/val/n01739381/ILSVRC2012_val_00024092.JPEG file=example_7939_rank_47555_n01739381_ILSVRC2012_val_00024092.JPEG_steps.csv
2025-09-23 18:58:51,837 - INFO - Skipping already processed example (step log exists): rank=47556 path=/home/projects/bagon/shared/imagenet512/val/n02992529/ILSVRC2012_val_00037257.JPEG file=example_7940_rank_47556_n02992529_ILSVRC2012_val_00037257.JPEG_steps.csv
2025-09-23 18:58:51,837 - INFO - Skipping already processed example (step log exists): rank=47557 path=/home/projects/bagon/shared/imagenet512/val/n02093428/ILSVRC2012_val_00011381.JPEG file=example_7941_rank_47557_n02093428_ILSVRC2012_val_00011381.JPEG_steps.csv
2025-09-23 18:58:51,838 - INFO - Skipping already processed example (step log exists): rank=47558 path=/home/projects/bagon/shared/imagenet512/val/n03710637/ILSVRC2012_val_00018505.JPEG file=example_7942_rank_47558_n03710637_ILSVRC2012_val_00018505.JPEG_steps.csv
2025-09-23 18:58:51,838 - INFO - Skipping already processed example (step log exists): rank=47559 path=/home/projects/bagon/shared/imagenet512/val/n04326547/ILSVRC2012_val_00008758.JPEG file=example_7943_rank_47559_n04326547_ILSVRC2012_val_00008758.JPEG_steps.csv
2025-09-23 18:58:51,839 - INFO - Skipping already processed example (step log exists): rank=47560 path=/home/projects/bagon/shared/imagenet512/val/n02206856/ILSVRC2012_val_00036958.JPEG file=example_7944_rank_47560_n02206856_ILSVRC2012_val_00036958.JPEG_steps.csv
2025-09-23 18:58:51,839 - INFO - Skipping already processed example (step log exists): rank=47561 path=/home/projects/bagon/shared/imagenet512/val/n02119022/ILSVRC2012_val_00039745.JPEG file=example_7945_rank_47561_n02119022_ILSVRC2012_val_00039745.JPEG_steps.csv
2025-09-23 18:58:51,840 - INFO - Skipping already processed example (step log exists): rank=47562 path=/home/projects/bagon/shared/imagenet512/val/n02704792/ILSVRC2012_val_00039906.JPEG file=example_7946_rank_47562_n02704792_ILSVRC2012_val_00039906.JPEG_steps.csv
2025-09-23 18:58:51,840 - INFO - Skipping already processed example (step log exists): rank=47563 path=/home/projects/bagon/shared/imagenet512/val/n04336792/ILSVRC2012_val_00048036.JPEG file=example_7947_rank_47563_n04336792_ILSVRC2012_val_00048036.JPEG_steps.csv
2025-09-23 18:58:51,841 - INFO - Skipping already processed example (step log exists): rank=47564 path=/home/projects/bagon/shared/imagenet512/val/n02403003/ILSVRC2012_val_00010029.JPEG file=example_7948_rank_47564_n02403003_ILSVRC2012_val_00010029.JPEG_steps.csv
2025-09-23 18:58:51,841 - INFO - Skipping already processed example (step log exists): rank=47565 path=/home/projects/bagon/shared/imagenet512/val/n02895154/ILSVRC2012_val_00008405.JPEG file=example_7949_rank_47565_n02895154_ILSVRC2012_val_00008405.JPEG_steps.csv
2025-09-23 18:58:51,842 - INFO - Skipping already processed example (step log exists): rank=47566 path=/home/projects/bagon/shared/imagenet512/val/n01739381/ILSVRC2012_val_00009754.JPEG file=example_7950_rank_47566_n01739381_ILSVRC2012_val_00009754.JPEG_steps.csv
2025-09-23 18:58:51,842 - INFO - Skipping already processed example (step log exists): rank=47567 path=/home/projects/bagon/shared/imagenet512/val/n02102318/ILSVRC2012_val_00024691.JPEG file=example_7951_rank_47567_n02102318_ILSVRC2012_val_00024691.JPEG_steps.csv
2025-09-23 18:58:51,843 - INFO - Skipping already processed example (step log exists): rank=47568 path=/home/projects/bagon/shared/imagenet512/val/n07920052/ILSVRC2012_val_00032379.JPEG file=example_7952_rank_47568_n07920052_ILSVRC2012_val_00032379.JPEG_steps.csv
2025-09-23 18:58:51,843 - INFO - Skipping already processed example (step log exists): rank=47569 path=/home/projects/bagon/shared/imagenet512/val/n04209133/ILSVRC2012_val_00010607.JPEG file=example_7953_rank_47569_n04209133_ILSVRC2012_val_00010607.JPEG_steps.csv
2025-09-23 18:58:51,844 - INFO - Skipping already processed example (step log exists): rank=47570 path=/home/projects/bagon/shared/imagenet512/val/n04081281/ILSVRC2012_val_00005240.JPEG file=example_7954_rank_47570_n04081281_ILSVRC2012_val_00005240.JPEG_steps.csv
2025-09-23 18:58:51,844 - INFO - Skipping already processed example (step log exists): rank=47571 path=/home/projects/bagon/shared/imagenet512/val/n03781244/ILSVRC2012_val_00021768.JPEG file=example_7955_rank_47571_n03781244_ILSVRC2012_val_00021768.JPEG_steps.csv
2025-09-23 18:58:51,845 - INFO - Skipping already processed example (step log exists): rank=47572 path=/home/projects/bagon/shared/imagenet512/val/n02834397/ILSVRC2012_val_00011752.JPEG file=example_7956_rank_47572_n02834397_ILSVRC2012_val_00011752.JPEG_steps.csv
2025-09-23 18:58:51,845 - INFO - Skipping already processed example (step log exists): rank=47573 path=/home/projects/bagon/shared/imagenet512/val/n07579787/ILSVRC2012_val_00030901.JPEG file=example_7957_rank_47573_n07579787_ILSVRC2012_val_00030901.JPEG_steps.csv
2025-09-23 18:58:51,845 - INFO - Skipping already processed example (step log exists): rank=47574 path=/home/projects/bagon/shared/imagenet512/val/n02097047/ILSVRC2012_val_00032277.JPEG file=example_7958_rank_47574_n02097047_ILSVRC2012_val_00032277.JPEG_steps.csv
2025-09-23 18:58:51,846 - INFO - Skipping already processed example (step log exists): rank=47575 path=/home/projects/bagon/shared/imagenet512/val/n03532672/ILSVRC2012_val_00023777.JPEG file=example_7959_rank_47575_n03532672_ILSVRC2012_val_00023777.JPEG_steps.csv
2025-09-23 18:58:51,846 - INFO - Skipping already processed example (step log exists): rank=47576 path=/home/projects/bagon/shared/imagenet512/val/n07831146/ILSVRC2012_val_00036499.JPEG file=example_7960_rank_47576_n07831146_ILSVRC2012_val_00036499.JPEG_steps.csv
2025-09-23 18:58:51,847 - INFO - Skipping already processed example (step log exists): rank=47577 path=/home/projects/bagon/shared/imagenet512/val/n03908618/ILSVRC2012_val_00049972.JPEG file=example_7961_rank_47577_n03908618_ILSVRC2012_val_00049972.JPEG_steps.csv
2025-09-23 18:58:51,847 - INFO - Skipping already processed example (step log exists): rank=47578 path=/home/projects/bagon/shared/imagenet512/val/n03000134/ILSVRC2012_val_00048435.JPEG file=example_7962_rank_47578_n03000134_ILSVRC2012_val_00048435.JPEG_steps.csv
2025-09-23 18:58:51,848 - INFO - Skipping already processed example (step log exists): rank=47579 path=/home/projects/bagon/shared/imagenet512/val/n04372370/ILSVRC2012_val_00047334.JPEG file=example_7963_rank_47579_n04372370_ILSVRC2012_val_00047334.JPEG_steps.csv
2025-09-23 18:58:51,848 - INFO - Skipping already processed example (step log exists): rank=47580 path=/home/projects/bagon/shared/imagenet512/val/n04081281/ILSVRC2012_val_00027720.JPEG file=example_7964_rank_47580_n04081281_ILSVRC2012_val_00027720.JPEG_steps.csv
2025-09-23 18:58:51,849 - INFO - Skipping already processed example (step log exists): rank=47581 path=/home/projects/bagon/shared/imagenet512/val/n03125729/ILSVRC2012_val_00000041.JPEG file=example_7965_rank_47581_n03125729_ILSVRC2012_val_00000041.JPEG_steps.csv
2025-09-23 18:58:51,849 - INFO - Skipping already processed example (step log exists): rank=47582 path=/home/projects/bagon/shared/imagenet512/val/n02999410/ILSVRC2012_val_00029452.JPEG file=example_7966_rank_47582_n02999410_ILSVRC2012_val_00029452.JPEG_steps.csv
2025-09-23 18:58:51,850 - INFO - Skipping already processed example (step log exists): rank=47583 path=/home/projects/bagon/shared/imagenet512/val/n04522168/ILSVRC2012_val_00007642.JPEG file=example_7967_rank_47583_n04522168_ILSVRC2012_val_00007642.JPEG_steps.csv
2025-09-23 18:58:51,850 - INFO - Skipping already processed example (step log exists): rank=47584 path=/home/projects/bagon/shared/imagenet512/val/n02106030/ILSVRC2012_val_00027583.JPEG file=example_7968_rank_47584_n02106030_ILSVRC2012_val_00027583.JPEG_steps.csv
2025-09-23 18:58:51,851 - INFO - Skipping already processed example (step log exists): rank=47585 path=/home/projects/bagon/shared/imagenet512/val/n02979186/ILSVRC2012_val_00049106.JPEG file=example_7969_rank_47585_n02979186_ILSVRC2012_val_00049106.JPEG_steps.csv
2025-09-23 18:58:51,851 - INFO - Skipping already processed example (step log exists): rank=47586 path=/home/projects/bagon/shared/imagenet512/val/n02500267/ILSVRC2012_val_00020449.JPEG file=example_7970_rank_47586_n02500267_ILSVRC2012_val_00020449.JPEG_steps.csv
2025-09-23 18:58:51,852 - INFO - Skipping already processed example (step log exists): rank=47588 path=/home/projects/bagon/shared/imagenet512/val/n01756291/ILSVRC2012_val_00012006.JPEG file=example_7971_rank_47588_n01756291_ILSVRC2012_val_00012006.JPEG_steps.csv
2025-09-23 18:58:51,852 - INFO - Skipping already processed example (step log exists): rank=47589 path=/home/projects/bagon/shared/imagenet512/val/n02264363/ILSVRC2012_val_00012045.JPEG file=example_7972_rank_47589_n02264363_ILSVRC2012_val_00012045.JPEG_steps.csv
2025-09-23 18:58:51,852 - INFO - Skipping already processed example (step log exists): rank=47590 path=/home/projects/bagon/shared/imagenet512/val/n02107908/ILSVRC2012_val_00036796.JPEG file=example_7973_rank_47590_n02107908_ILSVRC2012_val_00036796.JPEG_steps.csv
2025-09-23 18:58:51,853 - INFO - Skipping already processed example (step log exists): rank=47591 path=/home/projects/bagon/shared/imagenet512/val/n03782006/ILSVRC2012_val_00027545.JPEG file=example_7974_rank_47591_n03782006_ILSVRC2012_val_00027545.JPEG_steps.csv
2025-09-23 18:58:51,853 - INFO - Skipping already processed example (step log exists): rank=47592 path=/home/projects/bagon/shared/imagenet512/val/n02119789/ILSVRC2012_val_00021730.JPEG file=example_7975_rank_47592_n02119789_ILSVRC2012_val_00021730.JPEG_steps.csv
2025-09-23 18:58:51,854 - INFO - Skipping already processed example (step log exists): rank=47594 path=/home/projects/bagon/shared/imagenet512/val/n04487394/ILSVRC2012_val_00034253.JPEG file=example_7976_rank_47594_n04487394_ILSVRC2012_val_00034253.JPEG_steps.csv
2025-09-23 18:58:51,854 - INFO - Skipping already processed example (step log exists): rank=47595 path=/home/projects/bagon/shared/imagenet512/val/n04254777/ILSVRC2012_val_00032386.JPEG file=example_7977_rank_47595_n04254777_ILSVRC2012_val_00032386.JPEG_steps.csv
2025-09-23 18:58:51,855 - INFO - Skipping already processed example (step log exists): rank=47596 path=/home/projects/bagon/shared/imagenet512/val/n04479046/ILSVRC2012_val_00037129.JPEG file=example_7978_rank_47596_n04479046_ILSVRC2012_val_00037129.JPEG_steps.csv
2025-09-23 18:58:51,855 - INFO - Skipping already processed example (step log exists): rank=47597 path=/home/projects/bagon/shared/imagenet512/val/n04485082/ILSVRC2012_val_00009669.JPEG file=example_7979_rank_47597_n04485082_ILSVRC2012_val_00009669.JPEG_steps.csv
2025-09-23 18:58:51,856 - INFO - Skipping already processed example (step log exists): rank=47598 path=/home/projects/bagon/shared/imagenet512/val/n03125729/ILSVRC2012_val_00019971.JPEG file=example_7980_rank_47598_n03125729_ILSVRC2012_val_00019971.JPEG_steps.csv
2025-09-23 18:58:51,856 - INFO - Skipping already processed example (step log exists): rank=47599 path=/home/projects/bagon/shared/imagenet512/val/n03014705/ILSVRC2012_val_00024442.JPEG file=example_7981_rank_47599_n03014705_ILSVRC2012_val_00024442.JPEG_steps.csv
2025-09-23 18:58:51,856 - INFO - Skipping already processed example (step log exists): rank=47600 path=/home/projects/bagon/shared/imagenet512/val/n01688243/ILSVRC2012_val_00014439.JPEG file=example_7982_rank_47600_n01688243_ILSVRC2012_val_00014439.JPEG_steps.csv
2025-09-23 18:58:51,857 - INFO - Skipping already processed example (step log exists): rank=47601 path=/home/projects/bagon/shared/imagenet512/val/n03958227/ILSVRC2012_val_00007326.JPEG file=example_7983_rank_47601_n03958227_ILSVRC2012_val_00007326.JPEG_steps.csv
2025-09-23 18:58:51,857 - INFO - Skipping already processed example (step log exists): rank=47602 path=/home/projects/bagon/shared/imagenet512/val/n03207941/ILSVRC2012_val_00026376.JPEG file=example_7984_rank_47602_n03207941_ILSVRC2012_val_00026376.JPEG_steps.csv
2025-09-23 18:58:51,858 - INFO - Skipping already processed example (step log exists): rank=47603 path=/home/projects/bagon/shared/imagenet512/val/n04263257/ILSVRC2012_val_00044538.JPEG file=example_7985_rank_47603_n04263257_ILSVRC2012_val_00044538.JPEG_steps.csv
2025-09-23 18:58:51,858 - INFO - Skipping already processed example (step log exists): rank=47604 path=/home/projects/bagon/shared/imagenet512/val/n02105251/ILSVRC2012_val_00038285.JPEG file=example_7986_rank_47604_n02105251_ILSVRC2012_val_00038285.JPEG_steps.csv
2025-09-23 18:58:51,859 - INFO - Skipping already processed example (step log exists): rank=47605 path=/home/projects/bagon/shared/imagenet512/val/n02999410/ILSVRC2012_val_00015508.JPEG file=example_7987_rank_47605_n02999410_ILSVRC2012_val_00015508.JPEG_steps.csv
2025-09-23 18:58:51,859 - INFO - Skipping already processed example (step log exists): rank=47606 path=/home/projects/bagon/shared/imagenet512/val/n03937543/ILSVRC2012_val_00023359.JPEG file=example_7988_rank_47606_n03937543_ILSVRC2012_val_00023359.JPEG_steps.csv
2025-09-23 18:58:51,860 - INFO - Skipping already processed example (step log exists): rank=47607 path=/home/projects/bagon/shared/imagenet512/val/n03759954/ILSVRC2012_val_00015866.JPEG file=example_7989_rank_47607_n03759954_ILSVRC2012_val_00015866.JPEG_steps.csv
2025-09-23 18:58:51,860 - INFO - Skipping already processed example (step log exists): rank=47608 path=/home/projects/bagon/shared/imagenet512/val/n04286575/ILSVRC2012_val_00042961.JPEG file=example_7990_rank_47608_n04286575_ILSVRC2012_val_00042961.JPEG_steps.csv
2025-09-23 18:58:51,861 - INFO - Skipping already processed example (step log exists): rank=47609 path=/home/projects/bagon/shared/imagenet512/val/n01806143/ILSVRC2012_val_00038324.JPEG file=example_7991_rank_47609_n01806143_ILSVRC2012_val_00038324.JPEG_steps.csv
2025-09-23 18:58:51,861 - INFO - Skipping already processed example (step log exists): rank=47610 path=/home/projects/bagon/shared/imagenet512/val/n02009912/ILSVRC2012_val_00031170.JPEG file=example_7992_rank_47610_n02009912_ILSVRC2012_val_00031170.JPEG_steps.csv
2025-09-23 18:58:51,862 - INFO - Skipping already processed example (step log exists): rank=47611 path=/home/projects/bagon/shared/imagenet512/val/n02916936/ILSVRC2012_val_00027911.JPEG file=example_7993_rank_47611_n02916936_ILSVRC2012_val_00027911.JPEG_steps.csv
2025-09-23 18:58:51,862 - INFO - Skipping already processed example (step log exists): rank=47612 path=/home/projects/bagon/shared/imagenet512/val/n07584110/ILSVRC2012_val_00026066.JPEG file=example_7994_rank_47612_n07584110_ILSVRC2012_val_00026066.JPEG_steps.csv
2025-09-23 18:58:51,863 - INFO - Skipping already processed example (step log exists): rank=47613 path=/home/projects/bagon/shared/imagenet512/val/n02090379/ILSVRC2012_val_00031821.JPEG file=example_7995_rank_47613_n02090379_ILSVRC2012_val_00031821.JPEG_steps.csv
2025-09-23 18:58:51,863 - INFO - Skipping already processed example (step log exists): rank=47614 path=/home/projects/bagon/shared/imagenet512/val/n02098413/ILSVRC2012_val_00036023.JPEG file=example_7996_rank_47614_n02098413_ILSVRC2012_val_00036023.JPEG_steps.csv
2025-09-23 18:58:51,864 - INFO - Skipping already processed example (step log exists): rank=47615 path=/home/projects/bagon/shared/imagenet512/val/n04367480/ILSVRC2012_val_00010134.JPEG file=example_7997_rank_47615_n04367480_ILSVRC2012_val_00010134.JPEG_steps.csv
2025-09-23 18:58:51,864 - INFO - Skipping already processed example (step log exists): rank=47616 path=/home/projects/bagon/shared/imagenet512/val/n01693334/ILSVRC2012_val_00034369.JPEG file=example_7998_rank_47616_n01693334_ILSVRC2012_val_00034369.JPEG_steps.csv
2025-09-23 18:58:51,864 - INFO - Skipping already processed example (step log exists): rank=47617 path=/home/projects/bagon/shared/imagenet512/val/n01914609/ILSVRC2012_val_00042456.JPEG file=example_7999_rank_47617_n01914609_ILSVRC2012_val_00042456.JPEG_steps.csv
2025-09-23 18:58:51,865 - INFO - Skipping already processed example (step log exists): rank=47618 path=/home/projects/bagon/shared/imagenet512/val/n03710637/ILSVRC2012_val_00002513.JPEG file=example_8000_rank_47618_n03710637_ILSVRC2012_val_00002513.JPEG_steps.csv
2025-09-23 18:58:51,865 - INFO - Skipping already processed example (step log exists): rank=47619 path=/home/projects/bagon/shared/imagenet512/val/n02168699/ILSVRC2012_val_00026324.JPEG file=example_8001_rank_47619_n02168699_ILSVRC2012_val_00026324.JPEG_steps.csv
2025-09-23 18:58:51,866 - INFO - Skipping already processed example (step log exists): rank=47620 path=/home/projects/bagon/shared/imagenet512/val/n02447366/ILSVRC2012_val_00019336.JPEG file=example_8002_rank_47620_n02447366_ILSVRC2012_val_00019336.JPEG_steps.csv
2025-09-23 18:58:51,866 - INFO - Skipping already processed example (step log exists): rank=47621 path=/home/projects/bagon/shared/imagenet512/val/n04376876/ILSVRC2012_val_00042241.JPEG file=example_8003_rank_47621_n04376876_ILSVRC2012_val_00042241.JPEG_steps.csv
2025-09-23 18:58:51,867 - INFO - Skipping already processed example (step log exists): rank=47622 path=/home/projects/bagon/shared/imagenet512/val/n07584110/ILSVRC2012_val_00040293.JPEG file=example_8004_rank_47622_n07584110_ILSVRC2012_val_00040293.JPEG_steps.csv
2025-09-23 18:58:51,867 - INFO - Skipping already processed example (step log exists): rank=47623 path=/home/projects/bagon/shared/imagenet512/val/n04133789/ILSVRC2012_val_00029180.JPEG file=example_8005_rank_47623_n04133789_ILSVRC2012_val_00029180.JPEG_steps.csv
2025-09-23 18:58:51,868 - INFO - Skipping already processed example (step log exists): rank=47624 path=/home/projects/bagon/shared/imagenet512/val/n02815834/ILSVRC2012_val_00009678.JPEG file=example_8006_rank_47624_n02815834_ILSVRC2012_val_00009678.JPEG_steps.csv
2025-09-23 18:58:51,869 - INFO - Skipping already processed example (step log exists): rank=47625 path=/home/projects/bagon/shared/imagenet512/val/n04560804/ILSVRC2012_val_00005333.JPEG file=example_8007_rank_47625_n04560804_ILSVRC2012_val_00005333.JPEG_steps.csv
2025-09-23 18:58:51,869 - INFO - Skipping already processed example (step log exists): rank=47626 path=/home/projects/bagon/shared/imagenet512/val/n04370456/ILSVRC2012_val_00020241.JPEG file=example_8008_rank_47626_n04370456_ILSVRC2012_val_00020241.JPEG_steps.csv
2025-09-23 18:58:51,871 - INFO - Skipping already processed example (step log exists): rank=47627 path=/home/projects/bagon/shared/imagenet512/val/n03461385/ILSVRC2012_val_00028915.JPEG file=example_8009_rank_47627_n03461385_ILSVRC2012_val_00028915.JPEG_steps.csv
2025-09-23 18:58:51,871 - INFO - Skipping already processed example (step log exists): rank=47628 path=/home/projects/bagon/shared/imagenet512/val/n02454379/ILSVRC2012_val_00015170.JPEG file=example_8010_rank_47628_n02454379_ILSVRC2012_val_00015170.JPEG_steps.csv
2025-09-23 18:58:51,872 - INFO - Skipping already processed example (step log exists): rank=47629 path=/home/projects/bagon/shared/imagenet512/val/n01990800/ILSVRC2012_val_00021319.JPEG file=example_8011_rank_47629_n01990800_ILSVRC2012_val_00021319.JPEG_steps.csv
2025-09-23 18:58:51,872 - INFO - Skipping already processed example (step log exists): rank=47630 path=/home/projects/bagon/shared/imagenet512/val/n07711569/ILSVRC2012_val_00011549.JPEG file=example_8012_rank_47630_n07711569_ILSVRC2012_val_00011549.JPEG_steps.csv
2025-09-23 18:58:51,872 - INFO - Skipping already processed example (step log exists): rank=47631 path=/home/projects/bagon/shared/imagenet512/val/n02497673/ILSVRC2012_val_00036690.JPEG file=example_8013_rank_47631_n02497673_ILSVRC2012_val_00036690.JPEG_steps.csv
2025-09-23 18:58:51,873 - INFO - Skipping already processed example (step log exists): rank=47632 path=/home/projects/bagon/shared/imagenet512/val/n01689811/ILSVRC2012_val_00043246.JPEG file=example_8014_rank_47632_n01689811_ILSVRC2012_val_00043246.JPEG_steps.csv
2025-09-23 18:58:51,873 - INFO - Skipping already processed example (step log exists): rank=47633 path=/home/projects/bagon/shared/imagenet512/val/n03481172/ILSVRC2012_val_00027296.JPEG file=example_8015_rank_47633_n03481172_ILSVRC2012_val_00027296.JPEG_steps.csv
2025-09-23 18:58:51,874 - INFO - Skipping already processed example (step log exists): rank=47634 path=/home/projects/bagon/shared/imagenet512/val/n02009912/ILSVRC2012_val_00001871.JPEG file=example_8016_rank_47634_n02009912_ILSVRC2012_val_00001871.JPEG_steps.csv
2025-09-23 18:58:51,874 - INFO - Skipping already processed example (step log exists): rank=47635 path=/home/projects/bagon/shared/imagenet512/val/n09193705/ILSVRC2012_val_00000270.JPEG file=example_8017_rank_47635_n09193705_ILSVRC2012_val_00000270.JPEG_steps.csv
2025-09-23 18:58:51,875 - INFO - Skipping already processed example (step log exists): rank=47636 path=/home/projects/bagon/shared/imagenet512/val/n04040759/ILSVRC2012_val_00046601.JPEG file=example_8018_rank_47636_n04040759_ILSVRC2012_val_00046601.JPEG_steps.csv
2025-09-23 18:58:51,875 - INFO - Skipping already processed example (step log exists): rank=47637 path=/home/projects/bagon/shared/imagenet512/val/n03977966/ILSVRC2012_val_00015758.JPEG file=example_8019_rank_47637_n03977966_ILSVRC2012_val_00015758.JPEG_steps.csv
2025-09-23 18:58:51,876 - INFO - Skipping already processed example (step log exists): rank=47638 path=/home/projects/bagon/shared/imagenet512/val/n07747607/ILSVRC2012_val_00029447.JPEG file=example_8020_rank_47638_n07747607_ILSVRC2012_val_00029447.JPEG_steps.csv
2025-09-23 18:58:51,876 - INFO - Skipping already processed example (step log exists): rank=47639 path=/home/projects/bagon/shared/imagenet512/val/n02346627/ILSVRC2012_val_00013237.JPEG file=example_8021_rank_47639_n02346627_ILSVRC2012_val_00013237.JPEG_steps.csv
2025-09-23 18:58:51,877 - INFO - Skipping already processed example (step log exists): rank=47640 path=/home/projects/bagon/shared/imagenet512/val/n03532672/ILSVRC2012_val_00032965.JPEG file=example_8022_rank_47640_n03532672_ILSVRC2012_val_00032965.JPEG_steps.csv
2025-09-23 18:58:51,877 - INFO - Skipping already processed example (step log exists): rank=47641 path=/home/projects/bagon/shared/imagenet512/val/n02089973/ILSVRC2012_val_00003671.JPEG file=example_8023_rank_47641_n02089973_ILSVRC2012_val_00003671.JPEG_steps.csv
2025-09-23 18:58:51,877 - INFO - Skipping already processed example (step log exists): rank=47642 path=/home/projects/bagon/shared/imagenet512/val/n02089973/ILSVRC2012_val_00033611.JPEG file=example_8024_rank_47642_n02089973_ILSVRC2012_val_00033611.JPEG_steps.csv
2025-09-23 18:58:51,878 - INFO - Skipping already processed example (step log exists): rank=47643 path=/home/projects/bagon/shared/imagenet512/val/n03452741/ILSVRC2012_val_00021188.JPEG file=example_8025_rank_47643_n03452741_ILSVRC2012_val_00021188.JPEG_steps.csv
2025-09-23 18:58:51,879 - INFO - Skipping already processed example (step log exists): rank=47644 path=/home/projects/bagon/shared/imagenet512/val/n03690938/ILSVRC2012_val_00039984.JPEG file=example_8026_rank_47644_n03690938_ILSVRC2012_val_00039984.JPEG_steps.csv
2025-09-23 18:58:51,879 - INFO - Skipping already processed example (step log exists): rank=47645 path=/home/projects/bagon/shared/imagenet512/val/n03017168/ILSVRC2012_val_00041177.JPEG file=example_8027_rank_47645_n03017168_ILSVRC2012_val_00041177.JPEG_steps.csv
2025-09-23 18:58:51,880 - INFO - Skipping already processed example (step log exists): rank=47646 path=/home/projects/bagon/shared/imagenet512/val/n02412080/ILSVRC2012_val_00010829.JPEG file=example_8028_rank_47646_n02412080_ILSVRC2012_val_00010829.JPEG_steps.csv
2025-09-23 18:58:51,880 - INFO - Skipping already processed example (step log exists): rank=47647 path=/home/projects/bagon/shared/imagenet512/val/n04596742/ILSVRC2012_val_00004525.JPEG file=example_8029_rank_47647_n04596742_ILSVRC2012_val_00004525.JPEG_steps.csv
2025-09-23 18:58:51,881 - INFO - Skipping already processed example (step log exists): rank=47648 path=/home/projects/bagon/shared/imagenet512/val/n03272562/ILSVRC2012_val_00022251.JPEG file=example_8030_rank_47648_n03272562_ILSVRC2012_val_00022251.JPEG_steps.csv
2025-09-23 18:58:51,881 - INFO - Skipping already processed example (step log exists): rank=47649 path=/home/projects/bagon/shared/imagenet512/val/n02443114/ILSVRC2012_val_00019825.JPEG file=example_8031_rank_47649_n02443114_ILSVRC2012_val_00019825.JPEG_steps.csv
2025-09-23 18:58:51,882 - INFO - Skipping already processed example (step log exists): rank=47650 path=/home/projects/bagon/shared/imagenet512/val/n02607072/ILSVRC2012_val_00047682.JPEG file=example_8032_rank_47650_n02607072_ILSVRC2012_val_00047682.JPEG_steps.csv
2025-09-23 18:58:51,882 - INFO - Skipping already processed example (step log exists): rank=47651 path=/home/projects/bagon/shared/imagenet512/val/n02229544/ILSVRC2012_val_00015068.JPEG file=example_8033_rank_47651_n02229544_ILSVRC2012_val_00015068.JPEG_steps.csv
2025-09-23 18:58:51,883 - INFO - Skipping already processed example (step log exists): rank=47652 path=/home/projects/bagon/shared/imagenet512/val/n03983396/ILSVRC2012_val_00011692.JPEG file=example_8034_rank_47652_n03983396_ILSVRC2012_val_00011692.JPEG_steps.csv
2025-09-23 18:58:51,883 - INFO - Skipping already processed example (step log exists): rank=47653 path=/home/projects/bagon/shared/imagenet512/val/n01981276/ILSVRC2012_val_00049981.JPEG file=example_8035_rank_47653_n01981276_ILSVRC2012_val_00049981.JPEG_steps.csv
2025-09-23 18:58:51,884 - INFO - Skipping already processed example (step log exists): rank=47654 path=/home/projects/bagon/shared/imagenet512/val/n03761084/ILSVRC2012_val_00015519.JPEG file=example_8036_rank_47654_n03761084_ILSVRC2012_val_00015519.JPEG_steps.csv
2025-09-23 18:58:51,884 - INFO - Skipping already processed example (step log exists): rank=47655 path=/home/projects/bagon/shared/imagenet512/val/n03180011/ILSVRC2012_val_00036393.JPEG file=example_8037_rank_47655_n03180011_ILSVRC2012_val_00036393.JPEG_steps.csv
2025-09-23 18:58:51,885 - INFO - Skipping already processed example (step log exists): rank=47656 path=/home/projects/bagon/shared/imagenet512/val/n07747607/ILSVRC2012_val_00021465.JPEG file=example_8038_rank_47656_n07747607_ILSVRC2012_val_00021465.JPEG_steps.csv
2025-09-23 18:58:51,885 - INFO - Skipping already processed example (step log exists): rank=47657 path=/home/projects/bagon/shared/imagenet512/val/n01980166/ILSVRC2012_val_00012779.JPEG file=example_8039_rank_47657_n01980166_ILSVRC2012_val_00012779.JPEG_steps.csv
2025-09-23 18:58:51,886 - INFO - Skipping already processed example (step log exists): rank=47658 path=/home/projects/bagon/shared/imagenet512/val/n03691459/ILSVRC2012_val_00003180.JPEG file=example_8040_rank_47658_n03691459_ILSVRC2012_val_00003180.JPEG_steps.csv
2025-09-23 18:58:51,886 - INFO - Skipping already processed example (step log exists): rank=47659 path=/home/projects/bagon/shared/imagenet512/val/n03908714/ILSVRC2012_val_00034483.JPEG file=example_8041_rank_47659_n03908714_ILSVRC2012_val_00034483.JPEG_steps.csv
2025-09-23 18:58:51,886 - INFO - Skipping already processed example (step log exists): rank=47660 path=/home/projects/bagon/shared/imagenet512/val/n01728572/ILSVRC2012_val_00036190.JPEG file=example_8042_rank_47660_n01728572_ILSVRC2012_val_00036190.JPEG_steps.csv
2025-09-23 18:58:51,887 - INFO - Skipping already processed example (step log exists): rank=47661 path=/home/projects/bagon/shared/imagenet512/val/n03796401/ILSVRC2012_val_00045490.JPEG file=example_8043_rank_47661_n03796401_ILSVRC2012_val_00045490.JPEG_steps.csv
2025-09-23 18:58:51,887 - INFO - Skipping already processed example (step log exists): rank=47662 path=/home/projects/bagon/shared/imagenet512/val/n02776631/ILSVRC2012_val_00021290.JPEG file=example_8044_rank_47662_n02776631_ILSVRC2012_val_00021290.JPEG_steps.csv
2025-09-23 18:58:51,888 - INFO - Skipping already processed example (step log exists): rank=47663 path=/home/projects/bagon/shared/imagenet512/val/n03938244/ILSVRC2012_val_00008191.JPEG file=example_8045_rank_47663_n03938244_ILSVRC2012_val_00008191.JPEG_steps.csv
2025-09-23 18:58:51,888 - INFO - Skipping already processed example (step log exists): rank=47664 path=/home/projects/bagon/shared/imagenet512/val/n03710637/ILSVRC2012_val_00003007.JPEG file=example_8046_rank_47664_n03710637_ILSVRC2012_val_00003007.JPEG_steps.csv
2025-09-23 18:58:51,889 - INFO - Skipping already processed example (step log exists): rank=47665 path=/home/projects/bagon/shared/imagenet512/val/n02999410/ILSVRC2012_val_00032688.JPEG file=example_8047_rank_47665_n02999410_ILSVRC2012_val_00032688.JPEG_steps.csv
2025-09-23 18:58:51,890 - INFO - Skipping already processed example (step log exists): rank=47666 path=/home/projects/bagon/shared/imagenet512/val/n02730930/ILSVRC2012_val_00009021.JPEG file=example_8048_rank_47666_n02730930_ILSVRC2012_val_00009021.JPEG_steps.csv
2025-09-23 18:58:51,890 - INFO - Skipping already processed example (step log exists): rank=47667 path=/home/projects/bagon/shared/imagenet512/val/n04326547/ILSVRC2012_val_00005354.JPEG file=example_8049_rank_47667_n04326547_ILSVRC2012_val_00005354.JPEG_steps.csv
2025-09-23 18:58:51,891 - INFO - Skipping already processed example (step log exists): rank=47668 path=/home/projects/bagon/shared/imagenet512/val/n01644900/ILSVRC2012_val_00030622.JPEG file=example_8050_rank_47668_n01644900_ILSVRC2012_val_00030622.JPEG_steps.csv
2025-09-23 18:58:51,891 - INFO - Skipping already processed example (step log exists): rank=47669 path=/home/projects/bagon/shared/imagenet512/val/n02226429/ILSVRC2012_val_00038662.JPEG file=example_8051_rank_47669_n02226429_ILSVRC2012_val_00038662.JPEG_steps.csv
2025-09-23 18:58:51,892 - INFO - Skipping already processed example (step log exists): rank=47670 path=/home/projects/bagon/shared/imagenet512/val/n04286575/ILSVRC2012_val_00028258.JPEG file=example_8052_rank_47670_n04286575_ILSVRC2012_val_00028258.JPEG_steps.csv
2025-09-23 18:58:51,892 - INFO - Skipping already processed example (step log exists): rank=47671 path=/home/projects/bagon/shared/imagenet512/val/n02808440/ILSVRC2012_val_00020254.JPEG file=example_8053_rank_47671_n02808440_ILSVRC2012_val_00020254.JPEG_steps.csv
2025-09-23 18:58:51,893 - INFO - Skipping already processed example (step log exists): rank=47672 path=/home/projects/bagon/shared/imagenet512/val/n07718472/ILSVRC2012_val_00018495.JPEG file=example_8054_rank_47672_n07718472_ILSVRC2012_val_00018495.JPEG_steps.csv
2025-09-23 18:58:51,894 - INFO - Skipping already processed example (step log exists): rank=47673 path=/home/projects/bagon/shared/imagenet512/val/n02110341/ILSVRC2012_val_00049881.JPEG file=example_8055_rank_47673_n02110341_ILSVRC2012_val_00049881.JPEG_steps.csv
2025-09-23 18:58:51,895 - INFO - Skipping already processed example (step log exists): rank=47674 path=/home/projects/bagon/shared/imagenet512/val/n01677366/ILSVRC2012_val_00004201.JPEG file=example_8056_rank_47674_n01677366_ILSVRC2012_val_00004201.JPEG_steps.csv
2025-09-23 18:58:51,895 - INFO - Skipping already processed example (step log exists): rank=47675 path=/home/projects/bagon/shared/imagenet512/val/n03838899/ILSVRC2012_val_00043268.JPEG file=example_8057_rank_47675_n03838899_ILSVRC2012_val_00043268.JPEG_steps.csv
2025-09-23 18:58:51,896 - INFO - Skipping already processed example (step log exists): rank=47676 path=/home/projects/bagon/shared/imagenet512/val/n04344873/ILSVRC2012_val_00021180.JPEG file=example_8058_rank_47676_n04344873_ILSVRC2012_val_00021180.JPEG_steps.csv
2025-09-23 18:58:51,897 - INFO - Skipping already processed example (step log exists): rank=47677 path=/home/projects/bagon/shared/imagenet512/val/n04370456/ILSVRC2012_val_00027573.JPEG file=example_8059_rank_47677_n04370456_ILSVRC2012_val_00027573.JPEG_steps.csv
2025-09-23 18:58:51,897 - INFO - Skipping already processed example (step log exists): rank=47678 path=/home/projects/bagon/shared/imagenet512/val/n04074963/ILSVRC2012_val_00031846.JPEG file=example_8060_rank_47678_n04074963_ILSVRC2012_val_00031846.JPEG_steps.csv
2025-09-23 18:58:51,898 - INFO - Skipping already processed example (step log exists): rank=47679 path=/home/projects/bagon/shared/imagenet512/val/n02980441/ILSVRC2012_val_00023472.JPEG file=example_8061_rank_47679_n02980441_ILSVRC2012_val_00023472.JPEG_steps.csv
2025-09-23 18:58:51,898 - INFO - Skipping already processed example (step log exists): rank=47680 path=/home/projects/bagon/shared/imagenet512/val/n04579432/ILSVRC2012_val_00006029.JPEG file=example_8062_rank_47680_n04579432_ILSVRC2012_val_00006029.JPEG_steps.csv
2025-09-23 18:58:51,899 - INFO - Skipping already processed example (step log exists): rank=47681 path=/home/projects/bagon/shared/imagenet512/val/n04136333/ILSVRC2012_val_00019371.JPEG file=example_8063_rank_47681_n04136333_ILSVRC2012_val_00019371.JPEG_steps.csv
2025-09-23 18:58:51,899 - INFO - Skipping already processed example (step log exists): rank=47682 path=/home/projects/bagon/shared/imagenet512/val/n02909870/ILSVRC2012_val_00001126.JPEG file=example_8064_rank_47682_n02909870_ILSVRC2012_val_00001126.JPEG_steps.csv
2025-09-23 18:58:51,900 - INFO - Skipping already processed example (step log exists): rank=47683 path=/home/projects/bagon/shared/imagenet512/val/n02098413/ILSVRC2012_val_00048235.JPEG file=example_8065_rank_47683_n02098413_ILSVRC2012_val_00048235.JPEG_steps.csv
2025-09-23 18:58:51,900 - INFO - Skipping already processed example (step log exists): rank=47684 path=/home/projects/bagon/shared/imagenet512/val/n04209239/ILSVRC2012_val_00040307.JPEG file=example_8066_rank_47684_n04209239_ILSVRC2012_val_00040307.JPEG_steps.csv
2025-09-23 18:58:51,901 - INFO - Skipping already processed example (step log exists): rank=47685 path=/home/projects/bagon/shared/imagenet512/val/n03063599/ILSVRC2012_val_00023189.JPEG file=example_8067_rank_47685_n03063599_ILSVRC2012_val_00023189.JPEG_steps.csv
2025-09-23 18:58:51,901 - INFO - Skipping already processed example (step log exists): rank=47686 path=/home/projects/bagon/shared/imagenet512/val/n03016953/ILSVRC2012_val_00006766.JPEG file=example_8068_rank_47686_n03016953_ILSVRC2012_val_00006766.JPEG_steps.csv
2025-09-23 18:58:51,901 - INFO - Skipping already processed example (step log exists): rank=47687 path=/home/projects/bagon/shared/imagenet512/val/n01773549/ILSVRC2012_val_00023989.JPEG file=example_8069_rank_47687_n01773549_ILSVRC2012_val_00023989.JPEG_steps.csv
2025-09-23 18:58:51,902 - INFO - Skipping already processed example (step log exists): rank=47688 path=/home/projects/bagon/shared/imagenet512/val/n02088238/ILSVRC2012_val_00035117.JPEG file=example_8070_rank_47688_n02088238_ILSVRC2012_val_00035117.JPEG_steps.csv
2025-09-23 18:58:51,902 - INFO - Skipping already processed example (step log exists): rank=47689 path=/home/projects/bagon/shared/imagenet512/val/n02137549/ILSVRC2012_val_00036537.JPEG file=example_8071_rank_47689_n02137549_ILSVRC2012_val_00036537.JPEG_steps.csv
2025-09-23 18:58:51,903 - INFO - Skipping already processed example (step log exists): rank=47690 path=/home/projects/bagon/shared/imagenet512/val/n03443371/ILSVRC2012_val_00034156.JPEG file=example_8072_rank_47690_n03443371_ILSVRC2012_val_00034156.JPEG_steps.csv
2025-09-23 18:58:51,903 - INFO - Skipping already processed example (step log exists): rank=47691 path=/home/projects/bagon/shared/imagenet512/val/n03291819/ILSVRC2012_val_00048896.JPEG file=example_8073_rank_47691_n03291819_ILSVRC2012_val_00048896.JPEG_steps.csv
2025-09-23 18:58:51,904 - INFO - Skipping already processed example (step log exists): rank=47692 path=/home/projects/bagon/shared/imagenet512/val/n02526121/ILSVRC2012_val_00000933.JPEG file=example_8074_rank_47692_n02526121_ILSVRC2012_val_00000933.JPEG_steps.csv
2025-09-23 18:58:51,904 - INFO - Skipping already processed example (step log exists): rank=47693 path=/home/projects/bagon/shared/imagenet512/val/n02877765/ILSVRC2012_val_00012104.JPEG file=example_8075_rank_47693_n02877765_ILSVRC2012_val_00012104.JPEG_steps.csv
2025-09-23 18:58:51,904 - INFO - Skipping already processed example (step log exists): rank=47694 path=/home/projects/bagon/shared/imagenet512/val/n02089973/ILSVRC2012_val_00029164.JPEG file=example_8076_rank_47694_n02089973_ILSVRC2012_val_00029164.JPEG_steps.csv
2025-09-23 18:58:51,905 - INFO - Skipping already processed example (step log exists): rank=47695 path=/home/projects/bagon/shared/imagenet512/val/n02094114/ILSVRC2012_val_00042473.JPEG file=example_8077_rank_47695_n02094114_ILSVRC2012_val_00042473.JPEG_steps.csv
2025-09-23 18:58:51,907 - INFO - Skipping already processed example (step log exists): rank=47696 path=/home/projects/bagon/shared/imagenet512/val/n02096294/ILSVRC2012_val_00009818.JPEG file=example_8078_rank_47696_n02096294_ILSVRC2012_val_00009818.JPEG_steps.csv
2025-09-23 18:58:51,908 - INFO - Skipping already processed example (step log exists): rank=47697 path=/home/projects/bagon/shared/imagenet512/val/n04285008/ILSVRC2012_val_00003049.JPEG file=example_8079_rank_47697_n04285008_ILSVRC2012_val_00003049.JPEG_steps.csv
2025-09-23 18:58:51,908 - INFO - Skipping already processed example (step log exists): rank=47698 path=/home/projects/bagon/shared/imagenet512/val/n07930864/ILSVRC2012_val_00037077.JPEG file=example_8080_rank_47698_n07930864_ILSVRC2012_val_00037077.JPEG_steps.csv
2025-09-23 18:58:51,909 - INFO - Skipping already processed example (step log exists): rank=47699 path=/home/projects/bagon/shared/imagenet512/val/n01641577/ILSVRC2012_val_00034226.JPEG file=example_8081_rank_47699_n01641577_ILSVRC2012_val_00034226.JPEG_steps.csv
2025-09-23 18:58:51,909 - INFO - Skipping already processed example (step log exists): rank=47700 path=/home/projects/bagon/shared/imagenet512/val/n03642806/ILSVRC2012_val_00022256.JPEG file=example_8082_rank_47700_n03642806_ILSVRC2012_val_00022256.JPEG_steps.csv
2025-09-23 18:58:51,910 - INFO - Skipping already processed example (step log exists): rank=47701 path=/home/projects/bagon/shared/imagenet512/val/n02493793/ILSVRC2012_val_00024437.JPEG file=example_8083_rank_47701_n02493793_ILSVRC2012_val_00024437.JPEG_steps.csv
2025-09-23 18:58:51,910 - INFO - Skipping already processed example (step log exists): rank=47702 path=/home/projects/bagon/shared/imagenet512/val/n02815834/ILSVRC2012_val_00027232.JPEG file=example_8084_rank_47702_n02815834_ILSVRC2012_val_00027232.JPEG_steps.csv
2025-09-23 18:58:51,910 - INFO - Skipping already processed example (step log exists): rank=47703 path=/home/projects/bagon/shared/imagenet512/val/n04346328/ILSVRC2012_val_00024070.JPEG file=example_8085_rank_47703_n04346328_ILSVRC2012_val_00024070.JPEG_steps.csv
2025-09-23 18:58:51,911 - INFO - Skipping already processed example (step log exists): rank=47704 path=/home/projects/bagon/shared/imagenet512/val/n04443257/ILSVRC2012_val_00009808.JPEG file=example_8086_rank_47704_n04443257_ILSVRC2012_val_00009808.JPEG_steps.csv
2025-09-23 18:58:51,911 - INFO - Skipping already processed example (step log exists): rank=47705 path=/home/projects/bagon/shared/imagenet512/val/n01753488/ILSVRC2012_val_00033674.JPEG file=example_8087_rank_47705_n01753488_ILSVRC2012_val_00033674.JPEG_steps.csv
2025-09-23 18:58:51,912 - INFO - Skipping already processed example (step log exists): rank=47706 path=/home/projects/bagon/shared/imagenet512/val/n03697007/ILSVRC2012_val_00013144.JPEG file=example_8088_rank_47706_n03697007_ILSVRC2012_val_00013144.JPEG_steps.csv
2025-09-23 18:58:51,912 - INFO - Skipping already processed example (step log exists): rank=47707 path=/home/projects/bagon/shared/imagenet512/val/n07579787/ILSVRC2012_val_00024184.JPEG file=example_8089_rank_47707_n07579787_ILSVRC2012_val_00024184.JPEG_steps.csv
2025-09-23 18:58:51,913 - INFO - Skipping already processed example (step log exists): rank=47708 path=/home/projects/bagon/shared/imagenet512/val/n04350905/ILSVRC2012_val_00027101.JPEG file=example_8090_rank_47708_n04350905_ILSVRC2012_val_00027101.JPEG_steps.csv
2025-09-23 18:58:51,914 - INFO - Skipping already processed example (step log exists): rank=47709 path=/home/projects/bagon/shared/imagenet512/val/n04270147/ILSVRC2012_val_00016879.JPEG file=example_8091_rank_47709_n04270147_ILSVRC2012_val_00016879.JPEG_steps.csv
2025-09-23 18:58:51,915 - INFO - Skipping already processed example (step log exists): rank=47710 path=/home/projects/bagon/shared/imagenet512/val/n01498041/ILSVRC2012_val_00042175.JPEG file=example_8092_rank_47710_n01498041_ILSVRC2012_val_00042175.JPEG_steps.csv
2025-09-23 18:58:51,915 - INFO - Skipping already processed example (step log exists): rank=47711 path=/home/projects/bagon/shared/imagenet512/val/n02783161/ILSVRC2012_val_00002507.JPEG file=example_8093_rank_47711_n02783161_ILSVRC2012_val_00002507.JPEG_steps.csv
2025-09-23 18:58:51,916 - INFO - Skipping already processed example (step log exists): rank=47712 path=/home/projects/bagon/shared/imagenet512/val/n04591157/ILSVRC2012_val_00022572.JPEG file=example_8094_rank_47712_n04591157_ILSVRC2012_val_00022572.JPEG_steps.csv
2025-09-23 18:58:51,917 - INFO - Skipping already processed example (step log exists): rank=47713 path=/home/projects/bagon/shared/imagenet512/val/n03908714/ILSVRC2012_val_00029113.JPEG file=example_8095_rank_47713_n03908714_ILSVRC2012_val_00029113.JPEG_steps.csv
2025-09-23 18:58:51,917 - INFO - Skipping already processed example (step log exists): rank=47714 path=/home/projects/bagon/shared/imagenet512/val/n04265275/ILSVRC2012_val_00015735.JPEG file=example_8096_rank_47714_n04265275_ILSVRC2012_val_00015735.JPEG_steps.csv
2025-09-23 18:58:51,918 - INFO - Skipping already processed example (step log exists): rank=47715 path=/home/projects/bagon/shared/imagenet512/val/n02094114/ILSVRC2012_val_00011404.JPEG file=example_8097_rank_47715_n02094114_ILSVRC2012_val_00011404.JPEG_steps.csv
2025-09-23 18:58:51,918 - INFO - Skipping already processed example (step log exists): rank=47716 path=/home/projects/bagon/shared/imagenet512/val/n01756291/ILSVRC2012_val_00046311.JPEG file=example_8098_rank_47716_n01756291_ILSVRC2012_val_00046311.JPEG_steps.csv
2025-09-23 18:58:51,919 - INFO - Skipping already processed example (step log exists): rank=47717 path=/home/projects/bagon/shared/imagenet512/val/n02871525/ILSVRC2012_val_00034632.JPEG file=example_8099_rank_47717_n02871525_ILSVRC2012_val_00034632.JPEG_steps.csv
2025-09-23 18:58:51,919 - INFO - Skipping already processed example (step log exists): rank=47718 path=/home/projects/bagon/shared/imagenet512/val/n04081281/ILSVRC2012_val_00027988.JPEG file=example_8100_rank_47718_n04081281_ILSVRC2012_val_00027988.JPEG_steps.csv
2025-09-23 18:58:51,920 - INFO - Skipping already processed example (step log exists): rank=47719 path=/home/projects/bagon/shared/imagenet512/val/n02974003/ILSVRC2012_val_00017438.JPEG file=example_8101_rank_47719_n02974003_ILSVRC2012_val_00017438.JPEG_steps.csv
2025-09-23 18:58:51,920 - INFO - Skipping already processed example (step log exists): rank=47720 path=/home/projects/bagon/shared/imagenet512/val/n03124043/ILSVRC2012_val_00033631.JPEG file=example_8102_rank_47720_n03124043_ILSVRC2012_val_00033631.JPEG_steps.csv
2025-09-23 18:58:51,921 - INFO - Skipping already processed example (step log exists): rank=47721 path=/home/projects/bagon/shared/imagenet512/val/n02088466/ILSVRC2012_val_00038054.JPEG file=example_8103_rank_47721_n02088466_ILSVRC2012_val_00038054.JPEG_steps.csv
2025-09-23 18:58:51,921 - INFO - Skipping already processed example (step log exists): rank=47722 path=/home/projects/bagon/shared/imagenet512/val/n02094114/ILSVRC2012_val_00010253.JPEG file=example_8104_rank_47722_n02094114_ILSVRC2012_val_00010253.JPEG_steps.csv
2025-09-23 18:58:51,922 - INFO - Skipping already processed example (step log exists): rank=47723 path=/home/projects/bagon/shared/imagenet512/val/n09428293/ILSVRC2012_val_00003056.JPEG file=example_8105_rank_47723_n09428293_ILSVRC2012_val_00003056.JPEG_steps.csv
2025-09-23 18:58:51,922 - INFO - Skipping already processed example (step log exists): rank=47724 path=/home/projects/bagon/shared/imagenet512/val/n02134418/ILSVRC2012_val_00018303.JPEG file=example_8106_rank_47724_n02134418_ILSVRC2012_val_00018303.JPEG_steps.csv
2025-09-23 18:58:51,923 - INFO - Skipping already processed example (step log exists): rank=47725 path=/home/projects/bagon/shared/imagenet512/val/n07715103/ILSVRC2012_val_00003699.JPEG file=example_8107_rank_47725_n07715103_ILSVRC2012_val_00003699.JPEG_steps.csv
2025-09-23 18:58:51,923 - INFO - Skipping already processed example (step log exists): rank=47726 path=/home/projects/bagon/shared/imagenet512/val/n03866082/ILSVRC2012_val_00015286.JPEG file=example_8108_rank_47726_n03866082_ILSVRC2012_val_00015286.JPEG_steps.csv
2025-09-23 18:58:51,924 - INFO - Skipping already processed example (step log exists): rank=47727 path=/home/projects/bagon/shared/imagenet512/val/n03291819/ILSVRC2012_val_00025948.JPEG file=example_8109_rank_47727_n03291819_ILSVRC2012_val_00025948.JPEG_steps.csv
2025-09-23 18:58:51,924 - INFO - Skipping already processed example (step log exists): rank=47728 path=/home/projects/bagon/shared/imagenet512/val/n02113712/ILSVRC2012_val_00009464.JPEG file=example_8110_rank_47728_n02113712_ILSVRC2012_val_00009464.JPEG_steps.csv
2025-09-23 18:58:51,925 - INFO - Skipping already processed example (step log exists): rank=47729 path=/home/projects/bagon/shared/imagenet512/val/n02669723/ILSVRC2012_val_00008367.JPEG file=example_8111_rank_47729_n02669723_ILSVRC2012_val_00008367.JPEG_steps.csv
2025-09-23 18:58:51,925 - INFO - Skipping already processed example (step log exists): rank=47730 path=/home/projects/bagon/shared/imagenet512/val/n02105412/ILSVRC2012_val_00027094.JPEG file=example_8112_rank_47730_n02105412_ILSVRC2012_val_00027094.JPEG_steps.csv
2025-09-23 18:58:51,925 - INFO - Skipping already processed example (step log exists): rank=47731 path=/home/projects/bagon/shared/imagenet512/val/n03709823/ILSVRC2012_val_00032241.JPEG file=example_8113_rank_47731_n03709823_ILSVRC2012_val_00032241.JPEG_steps.csv
2025-09-23 18:58:51,926 - INFO - Skipping already processed example (step log exists): rank=47732 path=/home/projects/bagon/shared/imagenet512/val/n02229544/ILSVRC2012_val_00031335.JPEG file=example_8114_rank_47732_n02229544_ILSVRC2012_val_00031335.JPEG_steps.csv
2025-09-23 18:58:51,926 - INFO - Skipping already processed example (step log exists): rank=47733 path=/home/projects/bagon/shared/imagenet512/val/n03976657/ILSVRC2012_val_00019249.JPEG file=example_8115_rank_47733_n03976657_ILSVRC2012_val_00019249.JPEG_steps.csv
2025-09-23 18:58:51,927 - INFO - Skipping already processed example (step log exists): rank=47734 path=/home/projects/bagon/shared/imagenet512/val/n01729322/ILSVRC2012_val_00038823.JPEG file=example_8116_rank_47734_n01729322_ILSVRC2012_val_00038823.JPEG_steps.csv
2025-09-23 18:58:51,927 - INFO - Skipping already processed example (step log exists): rank=47735 path=/home/projects/bagon/shared/imagenet512/val/n03838899/ILSVRC2012_val_00021762.JPEG file=example_8117_rank_47735_n03838899_ILSVRC2012_val_00021762.JPEG_steps.csv
2025-09-23 18:58:51,928 - INFO - Skipping already processed example (step log exists): rank=47736 path=/home/projects/bagon/shared/imagenet512/val/n02169497/ILSVRC2012_val_00029421.JPEG file=example_8118_rank_47736_n02169497_ILSVRC2012_val_00029421.JPEG_steps.csv
2025-09-23 18:58:51,928 - INFO - Skipping already processed example (step log exists): rank=47737 path=/home/projects/bagon/shared/imagenet512/val/n02107908/ILSVRC2012_val_00036497.JPEG file=example_8119_rank_47737_n02107908_ILSVRC2012_val_00036497.JPEG_steps.csv
2025-09-23 18:58:51,929 - INFO - Skipping already processed example (step log exists): rank=47738 path=/home/projects/bagon/shared/imagenet512/val/n02091134/ILSVRC2012_val_00036765.JPEG file=example_8120_rank_47738_n02091134_ILSVRC2012_val_00036765.JPEG_steps.csv
2025-09-23 18:58:51,929 - INFO - Skipping already processed example (step log exists): rank=47739 path=/home/projects/bagon/shared/imagenet512/val/n02441942/ILSVRC2012_val_00009986.JPEG file=example_8121_rank_47739_n02441942_ILSVRC2012_val_00009986.JPEG_steps.csv
2025-09-23 18:58:51,930 - INFO - Skipping already processed example (step log exists): rank=47740 path=/home/projects/bagon/shared/imagenet512/val/n01484850/ILSVRC2012_val_00031720.JPEG file=example_8122_rank_47740_n01484850_ILSVRC2012_val_00031720.JPEG_steps.csv
2025-09-23 18:58:51,930 - INFO - Skipping already processed example (step log exists): rank=47741 path=/home/projects/bagon/shared/imagenet512/val/n03692522/ILSVRC2012_val_00028897.JPEG file=example_8123_rank_47741_n03692522_ILSVRC2012_val_00028897.JPEG_steps.csv
2025-09-23 18:58:51,931 - INFO - Skipping already processed example (step log exists): rank=47742 path=/home/projects/bagon/shared/imagenet512/val/n04554684/ILSVRC2012_val_00014173.JPEG file=example_8124_rank_47742_n04554684_ILSVRC2012_val_00014173.JPEG_steps.csv
2025-09-23 18:58:51,931 - INFO - Skipping already processed example (step log exists): rank=47743 path=/home/projects/bagon/shared/imagenet512/val/n03637318/ILSVRC2012_val_00026568.JPEG file=example_8125_rank_47743_n03637318_ILSVRC2012_val_00026568.JPEG_steps.csv
2025-09-23 18:58:51,932 - INFO - Skipping already processed example (step log exists): rank=47744 path=/home/projects/bagon/shared/imagenet512/val/n03690938/ILSVRC2012_val_00017504.JPEG file=example_8126_rank_47744_n03690938_ILSVRC2012_val_00017504.JPEG_steps.csv
2025-09-23 18:58:51,932 - INFO - Skipping already processed example (step log exists): rank=47745 path=/home/projects/bagon/shared/imagenet512/val/n03658185/ILSVRC2012_val_00027231.JPEG file=example_8127_rank_47745_n03658185_ILSVRC2012_val_00027231.JPEG_steps.csv
2025-09-23 18:58:51,932 - INFO - Skipping already processed example (step log exists): rank=47746 path=/home/projects/bagon/shared/imagenet512/val/n04442312/ILSVRC2012_val_00026183.JPEG file=example_8128_rank_47746_n04442312_ILSVRC2012_val_00026183.JPEG_steps.csv
2025-09-23 18:58:51,933 - INFO - Skipping already processed example (step log exists): rank=47747 path=/home/projects/bagon/shared/imagenet512/val/n04355933/ILSVRC2012_val_00032393.JPEG file=example_8129_rank_47747_n04355933_ILSVRC2012_val_00032393.JPEG_steps.csv
2025-09-23 18:58:51,933 - INFO - Skipping already processed example (step log exists): rank=47748 path=/home/projects/bagon/shared/imagenet512/val/n04599235/ILSVRC2012_val_00015838.JPEG file=example_8130_rank_47748_n04599235_ILSVRC2012_val_00015838.JPEG_steps.csv
2025-09-23 18:58:51,934 - INFO - Skipping already processed example (step log exists): rank=47749 path=/home/projects/bagon/shared/imagenet512/val/n02971356/ILSVRC2012_val_00040517.JPEG file=example_8131_rank_47749_n02971356_ILSVRC2012_val_00040517.JPEG_steps.csv
2025-09-23 18:58:51,934 - INFO - Skipping already processed example (step log exists): rank=47750 path=/home/projects/bagon/shared/imagenet512/val/n01768244/ILSVRC2012_val_00040255.JPEG file=example_8132_rank_47750_n01768244_ILSVRC2012_val_00040255.JPEG_steps.csv
2025-09-23 18:58:51,935 - INFO - Skipping already processed example (step log exists): rank=47751 path=/home/projects/bagon/shared/imagenet512/val/n02704792/ILSVRC2012_val_00041201.JPEG file=example_8133_rank_47751_n02704792_ILSVRC2012_val_00041201.JPEG_steps.csv
2025-09-23 18:58:51,935 - INFO - Skipping already processed example (step log exists): rank=47752 path=/home/projects/bagon/shared/imagenet512/val/n02226429/ILSVRC2012_val_00020985.JPEG file=example_8134_rank_47752_n02226429_ILSVRC2012_val_00020985.JPEG_steps.csv
2025-09-23 18:58:51,938 - INFO - Skipping already processed example (step log exists): rank=47753 path=/home/projects/bagon/shared/imagenet512/val/n03085013/ILSVRC2012_val_00048307.JPEG file=example_8135_rank_47753_n03085013_ILSVRC2012_val_00048307.JPEG_steps.csv
2025-09-23 18:58:51,938 - INFO - Skipping already processed example (step log exists): rank=47754 path=/home/projects/bagon/shared/imagenet512/val/n07892512/ILSVRC2012_val_00031066.JPEG file=example_8136_rank_47754_n07892512_ILSVRC2012_val_00031066.JPEG_steps.csv
2025-09-23 18:58:51,939 - INFO - Skipping already processed example (step log exists): rank=47755 path=/home/projects/bagon/shared/imagenet512/val/n07873807/ILSVRC2012_val_00035995.JPEG file=example_8137_rank_47755_n07873807_ILSVRC2012_val_00035995.JPEG_steps.csv
2025-09-23 18:58:51,939 - INFO - Skipping already processed example (step log exists): rank=47756 path=/home/projects/bagon/shared/imagenet512/val/n02500267/ILSVRC2012_val_00040939.JPEG file=example_8138_rank_47756_n02500267_ILSVRC2012_val_00040939.JPEG_steps.csv
2025-09-23 18:58:51,940 - INFO - Skipping already processed example (step log exists): rank=47757 path=/home/projects/bagon/shared/imagenet512/val/n02106030/ILSVRC2012_val_00011698.JPEG file=example_8139_rank_47757_n02106030_ILSVRC2012_val_00011698.JPEG_steps.csv
2025-09-23 18:58:51,940 - INFO - Skipping already processed example (step log exists): rank=47758 path=/home/projects/bagon/shared/imagenet512/val/n09256479/ILSVRC2012_val_00047681.JPEG file=example_8140_rank_47758_n09256479_ILSVRC2012_val_00047681.JPEG_steps.csv
2025-09-23 18:58:51,941 - INFO - Skipping already processed example (step log exists): rank=47759 path=/home/projects/bagon/shared/imagenet512/val/n04330267/ILSVRC2012_val_00028834.JPEG file=example_8141_rank_47759_n04330267_ILSVRC2012_val_00028834.JPEG_steps.csv
2025-09-23 18:58:51,941 - INFO - Skipping already processed example (step log exists): rank=47760 path=/home/projects/bagon/shared/imagenet512/val/n02791270/ILSVRC2012_val_00019912.JPEG file=example_8142_rank_47760_n02791270_ILSVRC2012_val_00019912.JPEG_steps.csv
2025-09-23 18:58:51,942 - INFO - Skipping already processed example (step log exists): rank=47761 path=/home/projects/bagon/shared/imagenet512/val/n04008634/ILSVRC2012_val_00014496.JPEG file=example_8143_rank_47761_n04008634_ILSVRC2012_val_00014496.JPEG_steps.csv
2025-09-23 18:58:51,942 - INFO - Skipping already processed example (step log exists): rank=47762 path=/home/projects/bagon/shared/imagenet512/val/n02098413/ILSVRC2012_val_00005685.JPEG file=example_8144_rank_47762_n02098413_ILSVRC2012_val_00005685.JPEG_steps.csv
2025-09-23 18:58:51,942 - INFO - Skipping already processed example (step log exists): rank=47763 path=/home/projects/bagon/shared/imagenet512/val/n03793489/ILSVRC2012_val_00022389.JPEG file=example_8145_rank_47763_n03793489_ILSVRC2012_val_00022389.JPEG_steps.csv
2025-09-23 18:58:51,943 - INFO - Skipping already processed example (step log exists): rank=47764 path=/home/projects/bagon/shared/imagenet512/val/n02783161/ILSVRC2012_val_00046011.JPEG file=example_8146_rank_47764_n02783161_ILSVRC2012_val_00046011.JPEG_steps.csv
2025-09-23 18:58:51,943 - INFO - Skipping already processed example (step log exists): rank=47765 path=/home/projects/bagon/shared/imagenet512/val/n03787032/ILSVRC2012_val_00049767.JPEG file=example_8147_rank_47765_n03787032_ILSVRC2012_val_00049767.JPEG_steps.csv
2025-09-23 18:58:51,944 - INFO - Skipping already processed example (step log exists): rank=47766 path=/home/projects/bagon/shared/imagenet512/val/n01796340/ILSVRC2012_val_00031689.JPEG file=example_8148_rank_47766_n01796340_ILSVRC2012_val_00031689.JPEG_steps.csv
2025-09-23 18:58:51,944 - INFO - Skipping already processed example (step log exists): rank=47767 path=/home/projects/bagon/shared/imagenet512/val/n02410509/ILSVRC2012_val_00041565.JPEG file=example_8149_rank_47767_n02410509_ILSVRC2012_val_00041565.JPEG_steps.csv
2025-09-23 18:58:51,945 - INFO - Skipping already processed example (step log exists): rank=47768 path=/home/projects/bagon/shared/imagenet512/val/n04116512/ILSVRC2012_val_00037299.JPEG file=example_8150_rank_47768_n04116512_ILSVRC2012_val_00037299.JPEG_steps.csv
2025-09-23 18:58:51,945 - INFO - Skipping already processed example (step log exists): rank=47769 path=/home/projects/bagon/shared/imagenet512/val/n03759954/ILSVRC2012_val_00049305.JPEG file=example_8151_rank_47769_n03759954_ILSVRC2012_val_00049305.JPEG_steps.csv
2025-09-23 18:58:51,946 - INFO - Skipping already processed example (step log exists): rank=47770 path=/home/projects/bagon/shared/imagenet512/val/n03761084/ILSVRC2012_val_00029968.JPEG file=example_8152_rank_47770_n03761084_ILSVRC2012_val_00029968.JPEG_steps.csv
2025-09-23 18:58:51,946 - INFO - Skipping already processed example (step log exists): rank=47771 path=/home/projects/bagon/shared/imagenet512/val/n01980166/ILSVRC2012_val_00035169.JPEG file=example_8153_rank_47771_n01980166_ILSVRC2012_val_00035169.JPEG_steps.csv
2025-09-23 18:58:51,947 - INFO - Skipping already processed example (step log exists): rank=47772 path=/home/projects/bagon/shared/imagenet512/val/n02097130/ILSVRC2012_val_00041568.JPEG file=example_8154_rank_47772_n02097130_ILSVRC2012_val_00041568.JPEG_steps.csv
2025-09-23 18:58:51,947 - INFO - Skipping already processed example (step log exists): rank=47773 path=/home/projects/bagon/shared/imagenet512/val/n02776631/ILSVRC2012_val_00021392.JPEG file=example_8155_rank_47773_n02776631_ILSVRC2012_val_00021392.JPEG_steps.csv
2025-09-23 18:58:51,947 - INFO - Skipping already processed example (step log exists): rank=47774 path=/home/projects/bagon/shared/imagenet512/val/n03662601/ILSVRC2012_val_00021429.JPEG file=example_8156_rank_47774_n03662601_ILSVRC2012_val_00021429.JPEG_steps.csv
2025-09-23 18:58:51,948 - INFO - Skipping already processed example (step log exists): rank=47775 path=/home/projects/bagon/shared/imagenet512/val/n02916936/ILSVRC2012_val_00018713.JPEG file=example_8157_rank_47775_n02916936_ILSVRC2012_val_00018713.JPEG_steps.csv
2025-09-23 18:58:51,948 - INFO - Skipping already processed example (step log exists): rank=47776 path=/home/projects/bagon/shared/imagenet512/val/n07930864/ILSVRC2012_val_00033139.JPEG file=example_8158_rank_47776_n07930864_ILSVRC2012_val_00033139.JPEG_steps.csv
2025-09-23 18:58:51,949 - INFO - Skipping already processed example (step log exists): rank=47777 path=/home/projects/bagon/shared/imagenet512/val/n04332243/ILSVRC2012_val_00008608.JPEG file=example_8159_rank_47777_n04332243_ILSVRC2012_val_00008608.JPEG_steps.csv
2025-09-23 18:58:51,949 - INFO - Skipping already processed example (step log exists): rank=47778 path=/home/projects/bagon/shared/imagenet512/val/n02974003/ILSVRC2012_val_00023858.JPEG file=example_8160_rank_47778_n02974003_ILSVRC2012_val_00023858.JPEG_steps.csv
2025-09-23 18:58:51,950 - INFO - Skipping already processed example (step log exists): rank=47779 path=/home/projects/bagon/shared/imagenet512/val/n04204238/ILSVRC2012_val_00000629.JPEG file=example_8161_rank_47779_n04204238_ILSVRC2012_val_00000629.JPEG_steps.csv
2025-09-23 18:58:51,951 - INFO - Skipping already processed example (step log exists): rank=47780 path=/home/projects/bagon/shared/imagenet512/val/n02107574/ILSVRC2012_val_00006191.JPEG file=example_8162_rank_47780_n02107574_ILSVRC2012_val_00006191.JPEG_steps.csv
2025-09-23 18:58:51,951 - INFO - Skipping already processed example (step log exists): rank=47781 path=/home/projects/bagon/shared/imagenet512/val/n02979186/ILSVRC2012_val_00027735.JPEG file=example_8163_rank_47781_n02979186_ILSVRC2012_val_00027735.JPEG_steps.csv
2025-09-23 18:58:51,952 - INFO - Skipping already processed example (step log exists): rank=47782 path=/home/projects/bagon/shared/imagenet512/val/n03017168/ILSVRC2012_val_00018301.JPEG file=example_8164_rank_47782_n03017168_ILSVRC2012_val_00018301.JPEG_steps.csv
2025-09-23 18:58:51,952 - INFO - Skipping already processed example (step log exists): rank=47783 path=/home/projects/bagon/shared/imagenet512/val/n04525038/ILSVRC2012_val_00043142.JPEG file=example_8165_rank_47783_n04525038_ILSVRC2012_val_00043142.JPEG_steps.csv
2025-09-23 18:58:51,953 - INFO - Skipping already processed example (step log exists): rank=47784 path=/home/projects/bagon/shared/imagenet512/val/n04254120/ILSVRC2012_val_00028431.JPEG file=example_8166_rank_47784_n04254120_ILSVRC2012_val_00028431.JPEG_steps.csv
2025-09-23 18:58:51,953 - INFO - Skipping already processed example (step log exists): rank=47785 path=/home/projects/bagon/shared/imagenet512/val/n03930313/ILSVRC2012_val_00044064.JPEG file=example_8167_rank_47785_n03930313_ILSVRC2012_val_00044064.JPEG_steps.csv
2025-09-23 18:58:51,954 - INFO - Skipping already processed example (step log exists): rank=47786 path=/home/projects/bagon/shared/imagenet512/val/n07836838/ILSVRC2012_val_00026528.JPEG file=example_8168_rank_47786_n07836838_ILSVRC2012_val_00026528.JPEG_steps.csv
2025-09-23 18:58:51,954 - INFO - Skipping already processed example (step log exists): rank=47787 path=/home/projects/bagon/shared/imagenet512/val/n03785016/ILSVRC2012_val_00011514.JPEG file=example_8169_rank_47787_n03785016_ILSVRC2012_val_00011514.JPEG_steps.csv
2025-09-23 18:58:51,954 - INFO - Skipping already processed example (step log exists): rank=47788 path=/home/projects/bagon/shared/imagenet512/val/n04482393/ILSVRC2012_val_00044823.JPEG file=example_8170_rank_47788_n04482393_ILSVRC2012_val_00044823.JPEG_steps.csv
2025-09-23 18:58:51,955 - INFO - Skipping already processed example (step log exists): rank=47789 path=/home/projects/bagon/shared/imagenet512/val/n02783161/ILSVRC2012_val_00031057.JPEG file=example_8171_rank_47789_n02783161_ILSVRC2012_val_00031057.JPEG_steps.csv
2025-09-23 18:58:51,956 - INFO - Skipping already processed example (step log exists): rank=47790 path=/home/projects/bagon/shared/imagenet512/val/n07768694/ILSVRC2012_val_00024707.JPEG file=example_8172_rank_47790_n07768694_ILSVRC2012_val_00024707.JPEG_steps.csv
2025-09-23 18:58:51,956 - INFO - Skipping already processed example (step log exists): rank=47791 path=/home/projects/bagon/shared/imagenet512/val/n03594734/ILSVRC2012_val_00037472.JPEG file=example_8173_rank_47791_n03594734_ILSVRC2012_val_00037472.JPEG_steps.csv
2025-09-23 18:58:51,957 - INFO - Skipping already processed example (step log exists): rank=47792 path=/home/projects/bagon/shared/imagenet512/val/n04493381/ILSVRC2012_val_00008574.JPEG file=example_8174_rank_47792_n04493381_ILSVRC2012_val_00008574.JPEG_steps.csv
2025-09-23 18:58:51,957 - INFO - Skipping already processed example (step log exists): rank=47793 path=/home/projects/bagon/shared/imagenet512/val/n03594945/ILSVRC2012_val_00028405.JPEG file=example_8175_rank_47793_n03594945_ILSVRC2012_val_00028405.JPEG_steps.csv
2025-09-23 18:58:51,958 - INFO - Skipping already processed example (step log exists): rank=47794 path=/home/projects/bagon/shared/imagenet512/val/n03837869/ILSVRC2012_val_00046864.JPEG file=example_8176_rank_47794_n03837869_ILSVRC2012_val_00046864.JPEG_steps.csv
2025-09-23 18:58:51,958 - INFO - Skipping already processed example (step log exists): rank=47795 path=/home/projects/bagon/shared/imagenet512/val/n04592741/ILSVRC2012_val_00031487.JPEG file=example_8177_rank_47795_n04592741_ILSVRC2012_val_00031487.JPEG_steps.csv
2025-09-23 18:58:51,958 - INFO - Skipping already processed example (step log exists): rank=47796 path=/home/projects/bagon/shared/imagenet512/val/n02909870/ILSVRC2012_val_00006327.JPEG file=example_8178_rank_47796_n02909870_ILSVRC2012_val_00006327.JPEG_steps.csv
2025-09-23 18:58:51,959 - INFO - Skipping already processed example (step log exists): rank=47797 path=/home/projects/bagon/shared/imagenet512/val/n07860988/ILSVRC2012_val_00024852.JPEG file=example_8179_rank_47797_n07860988_ILSVRC2012_val_00024852.JPEG_steps.csv
2025-09-23 18:58:51,959 - INFO - Skipping already processed example (step log exists): rank=47798 path=/home/projects/bagon/shared/imagenet512/val/n04008634/ILSVRC2012_val_00041369.JPEG file=example_8180_rank_47798_n04008634_ILSVRC2012_val_00041369.JPEG_steps.csv
2025-09-23 18:58:51,960 - INFO - Skipping already processed example (step log exists): rank=47799 path=/home/projects/bagon/shared/imagenet512/val/n03710721/ILSVRC2012_val_00030322.JPEG file=example_8181_rank_47799_n03710721_ILSVRC2012_val_00030322.JPEG_steps.csv
2025-09-23 18:58:51,960 - INFO - Skipping already processed example (step log exists): rank=47800 path=/home/projects/bagon/shared/imagenet512/val/n03220513/ILSVRC2012_val_00046008.JPEG file=example_8182_rank_47800_n03220513_ILSVRC2012_val_00046008.JPEG_steps.csv
2025-09-23 18:58:51,961 - INFO - Skipping already processed example (step log exists): rank=47801 path=/home/projects/bagon/shared/imagenet512/val/n04005630/ILSVRC2012_val_00040234.JPEG file=example_8183_rank_47801_n04005630_ILSVRC2012_val_00040234.JPEG_steps.csv
2025-09-23 18:58:51,961 - INFO - Skipping already processed example (step log exists): rank=47802 path=/home/projects/bagon/shared/imagenet512/val/n03127925/ILSVRC2012_val_00027441.JPEG file=example_8184_rank_47802_n03127925_ILSVRC2012_val_00027441.JPEG_steps.csv
2025-09-23 18:58:51,962 - INFO - Skipping already processed example (step log exists): rank=47803 path=/home/projects/bagon/shared/imagenet512/val/n03633091/ILSVRC2012_val_00022723.JPEG file=example_8185_rank_47803_n03633091_ILSVRC2012_val_00022723.JPEG_steps.csv
2025-09-23 18:58:51,962 - INFO - Skipping already processed example (step log exists): rank=47804 path=/home/projects/bagon/shared/imagenet512/val/n02793495/ILSVRC2012_val_00030661.JPEG file=example_8186_rank_47804_n02793495_ILSVRC2012_val_00030661.JPEG_steps.csv
2025-09-23 18:58:51,962 - INFO - Skipping already processed example (step log exists): rank=47805 path=/home/projects/bagon/shared/imagenet512/val/n09428293/ILSVRC2012_val_00022923.JPEG file=example_8187_rank_47805_n09428293_ILSVRC2012_val_00022923.JPEG_steps.csv
2025-09-23 18:58:51,963 - INFO - Skipping already processed example (step log exists): rank=47806 path=/home/projects/bagon/shared/imagenet512/val/n03785016/ILSVRC2012_val_00016809.JPEG file=example_8188_rank_47806_n03785016_ILSVRC2012_val_00016809.JPEG_steps.csv
2025-09-23 18:58:51,963 - INFO - Skipping already processed example (step log exists): rank=47807 path=/home/projects/bagon/shared/imagenet512/val/n02123159/ILSVRC2012_val_00025396.JPEG file=example_8189_rank_47807_n02123159_ILSVRC2012_val_00025396.JPEG_steps.csv
2025-09-23 18:58:51,964 - INFO - Skipping already processed example (step log exists): rank=47808 path=/home/projects/bagon/shared/imagenet512/val/n03272010/ILSVRC2012_val_00001273.JPEG file=example_8190_rank_47808_n03272010_ILSVRC2012_val_00001273.JPEG_steps.csv
2025-09-23 18:58:51,964 - INFO - Skipping already processed example (step log exists): rank=47809 path=/home/projects/bagon/shared/imagenet512/val/n09421951/ILSVRC2012_val_00015740.JPEG file=example_8191_rank_47809_n09421951_ILSVRC2012_val_00015740.JPEG_steps.csv
2025-09-23 18:58:51,965 - INFO - Skipping already processed example (step log exists): rank=47810 path=/home/projects/bagon/shared/imagenet512/val/n03658185/ILSVRC2012_val_00040880.JPEG file=example_8192_rank_47810_n03658185_ILSVRC2012_val_00040880.JPEG_steps.csv
2025-09-23 18:58:51,965 - INFO - Skipping already processed example (step log exists): rank=47811 path=/home/projects/bagon/shared/imagenet512/val/n02095570/ILSVRC2012_val_00023143.JPEG file=example_8193_rank_47811_n02095570_ILSVRC2012_val_00023143.JPEG_steps.csv
2025-09-23 18:58:51,966 - INFO - Skipping already processed example (step log exists): rank=47812 path=/home/projects/bagon/shared/imagenet512/val/n02119022/ILSVRC2012_val_00018381.JPEG file=example_8194_rank_47812_n02119022_ILSVRC2012_val_00018381.JPEG_steps.csv
2025-09-23 18:58:51,966 - INFO - Skipping already processed example (step log exists): rank=47813 path=/home/projects/bagon/shared/imagenet512/val/n02113023/ILSVRC2012_val_00024145.JPEG file=example_8195_rank_47813_n02113023_ILSVRC2012_val_00024145.JPEG_steps.csv
2025-09-23 18:58:51,966 - INFO - Skipping already processed example (step log exists): rank=47814 path=/home/projects/bagon/shared/imagenet512/val/n03179701/ILSVRC2012_val_00042089.JPEG file=example_8196_rank_47814_n03179701_ILSVRC2012_val_00042089.JPEG_steps.csv
2025-09-23 18:58:51,967 - INFO - Skipping already processed example (step log exists): rank=47815 path=/home/projects/bagon/shared/imagenet512/val/n01981276/ILSVRC2012_val_00002190.JPEG file=example_8197_rank_47815_n01981276_ILSVRC2012_val_00002190.JPEG_steps.csv
2025-09-23 18:58:51,968 - INFO - Skipping already processed example (step log exists): rank=47816 path=/home/projects/bagon/shared/imagenet512/val/n07836838/ILSVRC2012_val_00033551.JPEG file=example_8198_rank_47816_n07836838_ILSVRC2012_val_00033551.JPEG_steps.csv
2025-09-23 18:58:51,969 - INFO - Skipping already processed example (step log exists): rank=47817 path=/home/projects/bagon/shared/imagenet512/val/n02790996/ILSVRC2012_val_00010918.JPEG file=example_8199_rank_47817_n02790996_ILSVRC2012_val_00010918.JPEG_steps.csv
2025-09-23 18:58:51,969 - INFO - Skipping already processed example (step log exists): rank=47818 path=/home/projects/bagon/shared/imagenet512/val/n03485794/ILSVRC2012_val_00019769.JPEG file=example_8200_rank_47818_n03485794_ILSVRC2012_val_00019769.JPEG_steps.csv
2025-09-23 18:58:51,969 - INFO - Skipping already processed example (step log exists): rank=47819 path=/home/projects/bagon/shared/imagenet512/val/n01774750/ILSVRC2012_val_00009462.JPEG file=example_8201_rank_47819_n01774750_ILSVRC2012_val_00009462.JPEG_steps.csv
2025-09-23 18:58:51,970 - INFO - Skipping already processed example (step log exists): rank=47821 path=/home/projects/bagon/shared/imagenet512/val/n04370456/ILSVRC2012_val_00033847.JPEG file=example_8202_rank_47821_n04370456_ILSVRC2012_val_00033847.JPEG_steps.csv
2025-09-23 18:58:51,970 - INFO - Skipping already processed example (step log exists): rank=47822 path=/home/projects/bagon/shared/imagenet512/val/n04332243/ILSVRC2012_val_00037422.JPEG file=example_8203_rank_47822_n04332243_ILSVRC2012_val_00037422.JPEG_steps.csv
2025-09-23 18:58:51,971 - INFO - Skipping already processed example (step log exists): rank=47823 path=/home/projects/bagon/shared/imagenet512/val/n02108089/ILSVRC2012_val_00005263.JPEG file=example_8204_rank_47823_n02108089_ILSVRC2012_val_00005263.JPEG_steps.csv
2025-09-23 18:58:51,971 - INFO - Skipping already processed example (step log exists): rank=47824 path=/home/projects/bagon/shared/imagenet512/val/n01630670/ILSVRC2012_val_00032171.JPEG file=example_8205_rank_47824_n01630670_ILSVRC2012_val_00032171.JPEG_steps.csv
2025-09-23 18:58:51,972 - INFO - Skipping already processed example (step log exists): rank=47825 path=/home/projects/bagon/shared/imagenet512/val/n02870880/ILSVRC2012_val_00020066.JPEG file=example_8206_rank_47825_n02870880_ILSVRC2012_val_00020066.JPEG_steps.csv
2025-09-23 18:58:51,972 - INFO - Skipping already processed example (step log exists): rank=47826 path=/home/projects/bagon/shared/imagenet512/val/n03954731/ILSVRC2012_val_00029388.JPEG file=example_8207_rank_47826_n03954731_ILSVRC2012_val_00029388.JPEG_steps.csv
2025-09-23 18:58:51,974 - INFO - Skipping already processed example (step log exists): rank=47827 path=/home/projects/bagon/shared/imagenet512/val/n02504013/ILSVRC2012_val_00001850.JPEG file=example_8208_rank_47827_n02504013_ILSVRC2012_val_00001850.JPEG_steps.csv
2025-09-23 18:58:51,974 - INFO - Skipping already processed example (step log exists): rank=47828 path=/home/projects/bagon/shared/imagenet512/val/n02483708/ILSVRC2012_val_00026496.JPEG file=example_8209_rank_47828_n02483708_ILSVRC2012_val_00026496.JPEG_steps.csv
2025-09-23 18:58:51,975 - INFO - Skipping already processed example (step log exists): rank=47829 path=/home/projects/bagon/shared/imagenet512/val/n03089624/ILSVRC2012_val_00028174.JPEG file=example_8210_rank_47829_n03089624_ILSVRC2012_val_00028174.JPEG_steps.csv
2025-09-23 18:58:51,975 - INFO - Skipping already processed example (step log exists): rank=47830 path=/home/projects/bagon/shared/imagenet512/val/n02233338/ILSVRC2012_val_00022227.JPEG file=example_8211_rank_47830_n02233338_ILSVRC2012_val_00022227.JPEG_steps.csv
2025-09-23 18:58:51,976 - INFO - Skipping already processed example (step log exists): rank=47831 path=/home/projects/bagon/shared/imagenet512/val/n02114855/ILSVRC2012_val_00034279.JPEG file=example_8212_rank_47831_n02114855_ILSVRC2012_val_00034279.JPEG_steps.csv
2025-09-23 18:58:51,976 - INFO - Skipping already processed example (step log exists): rank=47832 path=/home/projects/bagon/shared/imagenet512/val/n03485407/ILSVRC2012_val_00017688.JPEG file=example_8213_rank_47832_n03485407_ILSVRC2012_val_00017688.JPEG_steps.csv
2025-09-23 18:58:51,977 - INFO - Skipping already processed example (step log exists): rank=47833 path=/home/projects/bagon/shared/imagenet512/val/n03594945/ILSVRC2012_val_00018474.JPEG file=example_8214_rank_47833_n03594945_ILSVRC2012_val_00018474.JPEG_steps.csv
2025-09-23 18:58:51,977 - INFO - Skipping already processed example (step log exists): rank=47834 path=/home/projects/bagon/shared/imagenet512/val/n04141975/ILSVRC2012_val_00028818.JPEG file=example_8215_rank_47834_n04141975_ILSVRC2012_val_00028818.JPEG_steps.csv
2025-09-23 18:58:51,978 - INFO - Skipping already processed example (step log exists): rank=47835 path=/home/projects/bagon/shared/imagenet512/val/n02095314/ILSVRC2012_val_00037195.JPEG file=example_8216_rank_47835_n02095314_ILSVRC2012_val_00037195.JPEG_steps.csv
2025-09-23 18:58:51,978 - INFO - Skipping already processed example (step log exists): rank=47836 path=/home/projects/bagon/shared/imagenet512/val/n03657121/ILSVRC2012_val_00009467.JPEG file=example_8217_rank_47836_n03657121_ILSVRC2012_val_00009467.JPEG_steps.csv
2025-09-23 18:58:51,979 - INFO - Skipping already processed example (step log exists): rank=47837 path=/home/projects/bagon/shared/imagenet512/val/n04296562/ILSVRC2012_val_00006930.JPEG file=example_8218_rank_47837_n04296562_ILSVRC2012_val_00006930.JPEG_steps.csv
2025-09-23 18:58:51,979 - INFO - Skipping already processed example (step log exists): rank=47838 path=/home/projects/bagon/shared/imagenet512/val/n02979186/ILSVRC2012_val_00017775.JPEG file=example_8219_rank_47838_n02979186_ILSVRC2012_val_00017775.JPEG_steps.csv
2025-09-23 18:58:51,980 - INFO - Skipping already processed example (step log exists): rank=47839 path=/home/projects/bagon/shared/imagenet512/val/n03016953/ILSVRC2012_val_00031340.JPEG file=example_8220_rank_47839_n03016953_ILSVRC2012_val_00031340.JPEG_steps.csv
2025-09-23 18:58:51,980 - INFO - Skipping already processed example (step log exists): rank=47840 path=/home/projects/bagon/shared/imagenet512/val/n04525038/ILSVRC2012_val_00019244.JPEG file=example_8221_rank_47840_n04525038_ILSVRC2012_val_00019244.JPEG_steps.csv
2025-09-23 18:58:51,981 - INFO - Skipping already processed example (step log exists): rank=47841 path=/home/projects/bagon/shared/imagenet512/val/n02088466/ILSVRC2012_val_00017226.JPEG file=example_8222_rank_47841_n02088466_ILSVRC2012_val_00017226.JPEG_steps.csv
2025-09-23 18:58:51,981 - INFO - Skipping already processed example (step log exists): rank=47842 path=/home/projects/bagon/shared/imagenet512/val/n02268443/ILSVRC2012_val_00035582.JPEG file=example_8223_rank_47842_n02268443_ILSVRC2012_val_00035582.JPEG_steps.csv
2025-09-23 18:58:51,981 - INFO - Skipping already processed example (step log exists): rank=47843 path=/home/projects/bagon/shared/imagenet512/val/n03272010/ILSVRC2012_val_00004994.JPEG file=example_8224_rank_47843_n03272010_ILSVRC2012_val_00004994.JPEG_steps.csv
2025-09-23 18:58:51,982 - INFO - Skipping already processed example (step log exists): rank=47844 path=/home/projects/bagon/shared/imagenet512/val/n04596742/ILSVRC2012_val_00001534.JPEG file=example_8225_rank_47844_n04596742_ILSVRC2012_val_00001534.JPEG_steps.csv
2025-09-23 18:58:51,982 - INFO - Skipping already processed example (step log exists): rank=47845 path=/home/projects/bagon/shared/imagenet512/val/n04152593/ILSVRC2012_val_00037523.JPEG file=example_8226_rank_47845_n04152593_ILSVRC2012_val_00037523.JPEG_steps.csv
2025-09-23 18:58:51,983 - INFO - Skipping already processed example (step log exists): rank=47846 path=/home/projects/bagon/shared/imagenet512/val/n04033901/ILSVRC2012_val_00012813.JPEG file=example_8227_rank_47846_n04033901_ILSVRC2012_val_00012813.JPEG_steps.csv
2025-09-23 18:58:51,983 - INFO - Skipping already processed example (step log exists): rank=47847 path=/home/projects/bagon/shared/imagenet512/val/n02999410/ILSVRC2012_val_00013288.JPEG file=example_8228_rank_47847_n02999410_ILSVRC2012_val_00013288.JPEG_steps.csv
2025-09-23 18:58:51,984 - INFO - Skipping already processed example (step log exists): rank=47848 path=/home/projects/bagon/shared/imagenet512/val/n04152593/ILSVRC2012_val_00001526.JPEG file=example_8229_rank_47848_n04152593_ILSVRC2012_val_00001526.JPEG_steps.csv
2025-09-23 18:58:51,984 - INFO - Skipping already processed example (step log exists): rank=47849 path=/home/projects/bagon/shared/imagenet512/val/n03065424/ILSVRC2012_val_00020368.JPEG file=example_8230_rank_47849_n03065424_ILSVRC2012_val_00020368.JPEG_steps.csv
2025-09-23 18:58:51,985 - INFO - Skipping already processed example (step log exists): rank=47850 path=/home/projects/bagon/shared/imagenet512/val/n15075141/ILSVRC2012_val_00038340.JPEG file=example_8231_rank_47850_n15075141_ILSVRC2012_val_00038340.JPEG_steps.csv
2025-09-23 18:58:51,985 - INFO - Skipping already processed example (step log exists): rank=47851 path=/home/projects/bagon/shared/imagenet512/val/n01744401/ILSVRC2012_val_00033761.JPEG file=example_8232_rank_47851_n01744401_ILSVRC2012_val_00033761.JPEG_steps.csv
2025-09-23 18:58:51,986 - INFO - Skipping already processed example (step log exists): rank=47852 path=/home/projects/bagon/shared/imagenet512/val/n03832673/ILSVRC2012_val_00003207.JPEG file=example_8233_rank_47852_n03832673_ILSVRC2012_val_00003207.JPEG_steps.csv
2025-09-23 18:58:51,986 - INFO - Skipping already processed example (step log exists): rank=47853 path=/home/projects/bagon/shared/imagenet512/val/n04192698/ILSVRC2012_val_00037734.JPEG file=example_8234_rank_47853_n04192698_ILSVRC2012_val_00037734.JPEG_steps.csv
2025-09-23 18:58:51,986 - INFO - Skipping already processed example (step log exists): rank=47854 path=/home/projects/bagon/shared/imagenet512/val/n09246464/ILSVRC2012_val_00026519.JPEG file=example_8235_rank_47854_n09246464_ILSVRC2012_val_00026519.JPEG_steps.csv
2025-09-23 18:58:51,987 - INFO - Skipping already processed example (step log exists): rank=47855 path=/home/projects/bagon/shared/imagenet512/val/n04356056/ILSVRC2012_val_00023952.JPEG file=example_8236_rank_47855_n04356056_ILSVRC2012_val_00023952.JPEG_steps.csv
2025-09-23 18:58:51,987 - INFO - Skipping already processed example (step log exists): rank=47856 path=/home/projects/bagon/shared/imagenet512/val/n03485407/ILSVRC2012_val_00010543.JPEG file=example_8237_rank_47856_n03485407_ILSVRC2012_val_00010543.JPEG_steps.csv
2025-09-23 18:58:51,988 - INFO - Skipping already processed example (step log exists): rank=47857 path=/home/projects/bagon/shared/imagenet512/val/n09193705/ILSVRC2012_val_00017733.JPEG file=example_8238_rank_47857_n09193705_ILSVRC2012_val_00017733.JPEG_steps.csv
2025-09-23 18:58:51,988 - INFO - Skipping already processed example (step log exists): rank=47858 path=/home/projects/bagon/shared/imagenet512/val/n02909870/ILSVRC2012_val_00011094.JPEG file=example_8239_rank_47858_n02909870_ILSVRC2012_val_00011094.JPEG_steps.csv
2025-09-23 18:58:51,989 - INFO - Skipping already processed example (step log exists): rank=47859 path=/home/projects/bagon/shared/imagenet512/val/n02493793/ILSVRC2012_val_00007725.JPEG file=example_8240_rank_47859_n02493793_ILSVRC2012_val_00007725.JPEG_steps.csv
2025-09-23 18:58:51,989 - INFO - Skipping already processed example (step log exists): rank=47860 path=/home/projects/bagon/shared/imagenet512/val/n03642806/ILSVRC2012_val_00048251.JPEG file=example_8241_rank_47860_n03642806_ILSVRC2012_val_00048251.JPEG_steps.csv
2025-09-23 18:58:51,990 - INFO - Skipping already processed example (step log exists): rank=47861 path=/home/projects/bagon/shared/imagenet512/val/n04462240/ILSVRC2012_val_00030975.JPEG file=example_8242_rank_47861_n04462240_ILSVRC2012_val_00030975.JPEG_steps.csv
2025-09-23 18:58:51,990 - INFO - Skipping already processed example (step log exists): rank=47862 path=/home/projects/bagon/shared/imagenet512/val/n04141076/ILSVRC2012_val_00042195.JPEG file=example_8243_rank_47862_n04141076_ILSVRC2012_val_00042195.JPEG_steps.csv
2025-09-23 18:58:51,991 - INFO - Skipping already processed example (step log exists): rank=47863 path=/home/projects/bagon/shared/imagenet512/val/n02999410/ILSVRC2012_val_00023467.JPEG file=example_8244_rank_47863_n02999410_ILSVRC2012_val_00023467.JPEG_steps.csv
2025-09-23 18:58:51,991 - INFO - Skipping already processed example (step log exists): rank=47864 path=/home/projects/bagon/shared/imagenet512/val/n04332243/ILSVRC2012_val_00026345.JPEG file=example_8245_rank_47864_n04332243_ILSVRC2012_val_00026345.JPEG_steps.csv
2025-09-23 18:58:51,991 - INFO - Skipping already processed example (step log exists): rank=47865 path=/home/projects/bagon/shared/imagenet512/val/n02869837/ILSVRC2012_val_00048571.JPEG file=example_8246_rank_47865_n02869837_ILSVRC2012_val_00048571.JPEG_steps.csv
2025-09-23 18:58:51,992 - INFO - Skipping already processed example (step log exists): rank=47866 path=/home/projects/bagon/shared/imagenet512/val/n03594734/ILSVRC2012_val_00013027.JPEG file=example_8247_rank_47866_n03594734_ILSVRC2012_val_00013027.JPEG_steps.csv
2025-09-23 18:58:51,992 - INFO - Skipping already processed example (step log exists): rank=47867 path=/home/projects/bagon/shared/imagenet512/val/n01740131/ILSVRC2012_val_00019669.JPEG file=example_8248_rank_47867_n01740131_ILSVRC2012_val_00019669.JPEG_steps.csv
2025-09-23 18:58:51,993 - INFO - Skipping already processed example (step log exists): rank=47868 path=/home/projects/bagon/shared/imagenet512/val/n06874185/ILSVRC2012_val_00003209.JPEG file=example_8249_rank_47868_n06874185_ILSVRC2012_val_00003209.JPEG_steps.csv
2025-09-23 18:58:51,993 - INFO - Skipping already processed example (step log exists): rank=47869 path=/home/projects/bagon/shared/imagenet512/val/n03196217/ILSVRC2012_val_00010672.JPEG file=example_8250_rank_47869_n03196217_ILSVRC2012_val_00010672.JPEG_steps.csv
2025-09-23 18:58:51,994 - INFO - Skipping already processed example (step log exists): rank=47870 path=/home/projects/bagon/shared/imagenet512/val/n02815834/ILSVRC2012_val_00040812.JPEG file=example_8251_rank_47870_n02815834_ILSVRC2012_val_00040812.JPEG_steps.csv
2025-09-23 18:58:51,994 - INFO - Skipping already processed example (step log exists): rank=47871 path=/home/projects/bagon/shared/imagenet512/val/n01697457/ILSVRC2012_val_00038188.JPEG file=example_8252_rank_47871_n01697457_ILSVRC2012_val_00038188.JPEG_steps.csv
2025-09-23 18:58:51,995 - INFO - Skipping already processed example (step log exists): rank=47872 path=/home/projects/bagon/shared/imagenet512/val/n04090263/ILSVRC2012_val_00013267.JPEG file=example_8253_rank_47872_n04090263_ILSVRC2012_val_00013267.JPEG_steps.csv
2025-09-23 18:58:51,995 - INFO - Skipping already processed example (step log exists): rank=47873 path=/home/projects/bagon/shared/imagenet512/val/n03197337/ILSVRC2012_val_00048942.JPEG file=example_8254_rank_47873_n03197337_ILSVRC2012_val_00048942.JPEG_steps.csv
2025-09-23 18:58:51,996 - INFO - Skipping already processed example (step log exists): rank=47874 path=/home/projects/bagon/shared/imagenet512/val/n02974003/ILSVRC2012_val_00031038.JPEG file=example_8255_rank_47874_n02974003_ILSVRC2012_val_00031038.JPEG_steps.csv
2025-09-23 18:58:51,996 - INFO - Skipping already processed example (step log exists): rank=47875 path=/home/projects/bagon/shared/imagenet512/val/n04599235/ILSVRC2012_val_00033022.JPEG file=example_8256_rank_47875_n04599235_ILSVRC2012_val_00033022.JPEG_steps.csv
2025-09-23 18:58:51,997 - INFO - Skipping already processed example (step log exists): rank=47876 path=/home/projects/bagon/shared/imagenet512/val/n04259630/ILSVRC2012_val_00014144.JPEG file=example_8257_rank_47876_n04259630_ILSVRC2012_val_00014144.JPEG_steps.csv
2025-09-23 18:58:51,997 - INFO - Skipping already processed example (step log exists): rank=47877 path=/home/projects/bagon/shared/imagenet512/val/n02089973/ILSVRC2012_val_00000028.JPEG file=example_8258_rank_47877_n02089973_ILSVRC2012_val_00000028.JPEG_steps.csv
2025-09-23 18:58:51,998 - INFO - Skipping already processed example (step log exists): rank=47878 path=/home/projects/bagon/shared/imagenet512/val/n04366367/ILSVRC2012_val_00006298.JPEG file=example_8259_rank_47878_n04366367_ILSVRC2012_val_00006298.JPEG_steps.csv
2025-09-23 18:58:51,998 - INFO - Skipping already processed example (step log exists): rank=47879 path=/home/projects/bagon/shared/imagenet512/val/n02106030/ILSVRC2012_val_00038745.JPEG file=example_8260_rank_47879_n02106030_ILSVRC2012_val_00038745.JPEG_steps.csv
2025-09-23 18:58:51,999 - INFO - Skipping already processed example (step log exists): rank=47880 path=/home/projects/bagon/shared/imagenet512/val/n03016953/ILSVRC2012_val_00043073.JPEG file=example_8261_rank_47880_n03016953_ILSVRC2012_val_00043073.JPEG_steps.csv
2025-09-23 18:58:51,999 - INFO - Skipping already processed example (step log exists): rank=47881 path=/home/projects/bagon/shared/imagenet512/val/n03179701/ILSVRC2012_val_00037234.JPEG file=example_8262_rank_47881_n03179701_ILSVRC2012_val_00037234.JPEG_steps.csv
2025-09-23 18:58:52,000 - INFO - Skipping already processed example (step log exists): rank=47882 path=/home/projects/bagon/shared/imagenet512/val/n04201297/ILSVRC2012_val_00033996.JPEG file=example_8263_rank_47882_n04201297_ILSVRC2012_val_00033996.JPEG_steps.csv
2025-09-23 18:58:52,000 - INFO - Skipping already processed example (step log exists): rank=47883 path=/home/projects/bagon/shared/imagenet512/val/n02087046/ILSVRC2012_val_00036751.JPEG file=example_8264_rank_47883_n02087046_ILSVRC2012_val_00036751.JPEG_steps.csv
2025-09-23 18:58:52,000 - INFO - Skipping already processed example (step log exists): rank=47884 path=/home/projects/bagon/shared/imagenet512/val/n02113186/ILSVRC2012_val_00043803.JPEG file=example_8265_rank_47884_n02113186_ILSVRC2012_val_00043803.JPEG_steps.csv
2025-09-23 18:58:52,001 - INFO - Skipping already processed example (step log exists): rank=47885 path=/home/projects/bagon/shared/imagenet512/val/n04589890/ILSVRC2012_val_00033500.JPEG file=example_8266_rank_47885_n04589890_ILSVRC2012_val_00033500.JPEG_steps.csv
2025-09-23 18:58:52,002 - INFO - Skipping already processed example (step log exists): rank=47886 path=/home/projects/bagon/shared/imagenet512/val/n03657121/ILSVRC2012_val_00005509.JPEG file=example_8267_rank_47886_n03657121_ILSVRC2012_val_00005509.JPEG_steps.csv
2025-09-23 18:58:52,002 - INFO - Skipping already processed example (step log exists): rank=47888 path=/home/projects/bagon/shared/imagenet512/val/n04532106/ILSVRC2012_val_00018024.JPEG file=example_8268_rank_47888_n04532106_ILSVRC2012_val_00018024.JPEG_steps.csv
2025-09-23 18:58:52,003 - INFO - Skipping already processed example (step log exists): rank=47889 path=/home/projects/bagon/shared/imagenet512/val/n03127925/ILSVRC2012_val_00003847.JPEG file=example_8269_rank_47889_n03127925_ILSVRC2012_val_00003847.JPEG_steps.csv
2025-09-23 18:58:52,003 - INFO - Skipping already processed example (step log exists): rank=47890 path=/home/projects/bagon/shared/imagenet512/val/n02012849/ILSVRC2012_val_00012554.JPEG file=example_8270_rank_47890_n02012849_ILSVRC2012_val_00012554.JPEG_steps.csv
2025-09-23 18:58:52,003 - INFO - Skipping already processed example (step log exists): rank=47891 path=/home/projects/bagon/shared/imagenet512/val/n03250847/ILSVRC2012_val_00038053.JPEG file=example_8271_rank_47891_n03250847_ILSVRC2012_val_00038053.JPEG_steps.csv
2025-09-23 18:58:52,004 - INFO - Skipping already processed example (step log exists): rank=47892 path=/home/projects/bagon/shared/imagenet512/val/n09399592/ILSVRC2012_val_00042161.JPEG file=example_8272_rank_47892_n09399592_ILSVRC2012_val_00042161.JPEG_steps.csv
2025-09-23 18:58:52,004 - INFO - Skipping already processed example (step log exists): rank=47893 path=/home/projects/bagon/shared/imagenet512/val/n01981276/ILSVRC2012_val_00026511.JPEG file=example_8273_rank_47893_n01981276_ILSVRC2012_val_00026511.JPEG_steps.csv
2025-09-23 18:58:52,005 - INFO - Skipping already processed example (step log exists): rank=47894 path=/home/projects/bagon/shared/imagenet512/val/n02877765/ILSVRC2012_val_00028640.JPEG file=example_8274_rank_47894_n02877765_ILSVRC2012_val_00028640.JPEG_steps.csv
2025-09-23 18:58:52,005 - INFO - Skipping already processed example (step log exists): rank=47895 path=/home/projects/bagon/shared/imagenet512/val/n04204347/ILSVRC2012_val_00019374.JPEG file=example_8275_rank_47895_n04204347_ILSVRC2012_val_00019374.JPEG_steps.csv
2025-09-23 18:58:52,006 - INFO - Skipping already processed example (step log exists): rank=47896 path=/home/projects/bagon/shared/imagenet512/val/n03690938/ILSVRC2012_val_00024966.JPEG file=example_8276_rank_47896_n03690938_ILSVRC2012_val_00024966.JPEG_steps.csv
2025-09-23 18:58:52,006 - INFO - Skipping already processed example (step log exists): rank=47897 path=/home/projects/bagon/shared/imagenet512/val/n03843555/ILSVRC2012_val_00014814.JPEG file=example_8277_rank_47897_n03843555_ILSVRC2012_val_00014814.JPEG_steps.csv
2025-09-23 18:58:52,007 - INFO - Skipping already processed example (step log exists): rank=47898 path=/home/projects/bagon/shared/imagenet512/val/n02895154/ILSVRC2012_val_00023614.JPEG file=example_8278_rank_47898_n02895154_ILSVRC2012_val_00023614.JPEG_steps.csv
2025-09-23 18:58:52,007 - INFO - Skipping already processed example (step log exists): rank=47899 path=/home/projects/bagon/shared/imagenet512/val/n03482405/ILSVRC2012_val_00039416.JPEG file=example_8279_rank_47899_n03482405_ILSVRC2012_val_00039416.JPEG_steps.csv
2025-09-23 18:58:52,008 - INFO - Skipping already processed example (step log exists): rank=47900 path=/home/projects/bagon/shared/imagenet512/val/n04399382/ILSVRC2012_val_00017956.JPEG file=example_8280_rank_47900_n04399382_ILSVRC2012_val_00017956.JPEG_steps.csv
2025-09-23 18:58:52,008 - INFO - Skipping already processed example (step log exists): rank=47901 path=/home/projects/bagon/shared/imagenet512/val/n03492542/ILSVRC2012_val_00021902.JPEG file=example_8281_rank_47901_n03492542_ILSVRC2012_val_00021902.JPEG_steps.csv
2025-09-23 18:58:52,008 - INFO - Skipping already processed example (step log exists): rank=47902 path=/home/projects/bagon/shared/imagenet512/val/n02493509/ILSVRC2012_val_00047378.JPEG file=example_8282_rank_47902_n02493509_ILSVRC2012_val_00047378.JPEG_steps.csv
2025-09-23 18:58:52,009 - INFO - Skipping already processed example (step log exists): rank=47903 path=/home/projects/bagon/shared/imagenet512/val/n02107908/ILSVRC2012_val_00018589.JPEG file=example_8283_rank_47903_n02107908_ILSVRC2012_val_00018589.JPEG_steps.csv
2025-09-23 18:58:52,009 - INFO - Skipping already processed example (step log exists): rank=47904 path=/home/projects/bagon/shared/imagenet512/val/n01644900/ILSVRC2012_val_00020180.JPEG file=example_8284_rank_47904_n01644900_ILSVRC2012_val_00020180.JPEG_steps.csv
2025-09-23 18:58:52,010 - INFO - Skipping already processed example (step log exists): rank=47905 path=/home/projects/bagon/shared/imagenet512/val/n02823428/ILSVRC2012_val_00006248.JPEG file=example_8285_rank_47905_n02823428_ILSVRC2012_val_00006248.JPEG_steps.csv
2025-09-23 18:58:52,010 - INFO - Skipping already processed example (step log exists): rank=47906 path=/home/projects/bagon/shared/imagenet512/val/n02105251/ILSVRC2012_val_00048748.JPEG file=example_8286_rank_47906_n02105251_ILSVRC2012_val_00048748.JPEG_steps.csv
2025-09-23 18:58:52,011 - INFO - Skipping already processed example (step log exists): rank=47907 path=/home/projects/bagon/shared/imagenet512/val/n02776631/ILSVRC2012_val_00048081.JPEG file=example_8287_rank_47907_n02776631_ILSVRC2012_val_00048081.JPEG_steps.csv
2025-09-23 18:58:52,011 - INFO - Skipping already processed example (step log exists): rank=47908 path=/home/projects/bagon/shared/imagenet512/val/n04044716/ILSVRC2012_val_00043792.JPEG file=example_8288_rank_47908_n04044716_ILSVRC2012_val_00043792.JPEG_steps.csv
2025-09-23 18:58:52,012 - INFO - Skipping already processed example (step log exists): rank=47909 path=/home/projects/bagon/shared/imagenet512/val/n02676566/ILSVRC2012_val_00047469.JPEG file=example_8289_rank_47909_n02676566_ILSVRC2012_val_00047469.JPEG_steps.csv
2025-09-23 18:58:52,012 - INFO - Skipping already processed example (step log exists): rank=47910 path=/home/projects/bagon/shared/imagenet512/val/n03372029/ILSVRC2012_val_00031790.JPEG file=example_8290_rank_47910_n03372029_ILSVRC2012_val_00031790.JPEG_steps.csv
2025-09-23 18:58:52,013 - INFO - Skipping already processed example (step log exists): rank=47911 path=/home/projects/bagon/shared/imagenet512/val/n04285008/ILSVRC2012_val_00025004.JPEG file=example_8291_rank_47911_n04285008_ILSVRC2012_val_00025004.JPEG_steps.csv
2025-09-23 18:58:52,013 - INFO - Skipping already processed example (step log exists): rank=47912 path=/home/projects/bagon/shared/imagenet512/val/n03642806/ILSVRC2012_val_00040665.JPEG file=example_8292_rank_47912_n03642806_ILSVRC2012_val_00040665.JPEG_steps.csv
2025-09-23 18:58:52,014 - INFO - Skipping already processed example (step log exists): rank=47913 path=/home/projects/bagon/shared/imagenet512/val/n01630670/ILSVRC2012_val_00032864.JPEG file=example_8293_rank_47913_n01630670_ILSVRC2012_val_00032864.JPEG_steps.csv
2025-09-23 18:58:52,014 - INFO - Skipping already processed example (step log exists): rank=47914 path=/home/projects/bagon/shared/imagenet512/val/n09256479/ILSVRC2012_val_00026207.JPEG file=example_8294_rank_47914_n09256479_ILSVRC2012_val_00026207.JPEG_steps.csv
2025-09-23 18:58:52,015 - INFO - Skipping already processed example (step log exists): rank=47915 path=/home/projects/bagon/shared/imagenet512/val/n03691459/ILSVRC2012_val_00035771.JPEG file=example_8295_rank_47915_n03691459_ILSVRC2012_val_00035771.JPEG_steps.csv
2025-09-23 18:58:52,015 - INFO - Skipping already processed example (step log exists): rank=47916 path=/home/projects/bagon/shared/imagenet512/val/n03016953/ILSVRC2012_val_00007066.JPEG file=example_8296_rank_47916_n03016953_ILSVRC2012_val_00007066.JPEG_steps.csv
2025-09-23 18:58:52,016 - INFO - Skipping already processed example (step log exists): rank=47917 path=/home/projects/bagon/shared/imagenet512/val/n04560804/ILSVRC2012_val_00027970.JPEG file=example_8297_rank_47917_n04560804_ILSVRC2012_val_00027970.JPEG_steps.csv
2025-09-23 18:58:52,016 - INFO - Skipping already processed example (step log exists): rank=47918 path=/home/projects/bagon/shared/imagenet512/val/n02097047/ILSVRC2012_val_00040613.JPEG file=example_8298_rank_47918_n02097047_ILSVRC2012_val_00040613.JPEG_steps.csv
2025-09-23 18:58:52,016 - INFO - Skipping already processed example (step log exists): rank=47919 path=/home/projects/bagon/shared/imagenet512/val/n03710637/ILSVRC2012_val_00028561.JPEG file=example_8299_rank_47919_n03710637_ILSVRC2012_val_00028561.JPEG_steps.csv
2025-09-23 18:58:52,017 - INFO - Skipping already processed example (step log exists): rank=47920 path=/home/projects/bagon/shared/imagenet512/val/n04442312/ILSVRC2012_val_00036872.JPEG file=example_8300_rank_47920_n04442312_ILSVRC2012_val_00036872.JPEG_steps.csv
2025-09-23 18:58:52,017 - INFO - Skipping already processed example (step log exists): rank=47921 path=/home/projects/bagon/shared/imagenet512/val/n02979186/ILSVRC2012_val_00003944.JPEG file=example_8301_rank_47921_n02979186_ILSVRC2012_val_00003944.JPEG_steps.csv
2025-09-23 18:58:52,018 - INFO - Skipping already processed example (step log exists): rank=47922 path=/home/projects/bagon/shared/imagenet512/val/n01630670/ILSVRC2012_val_00029854.JPEG file=example_8302_rank_47922_n01630670_ILSVRC2012_val_00029854.JPEG_steps.csv
2025-09-23 18:58:52,018 - INFO - Skipping already processed example (step log exists): rank=47923 path=/home/projects/bagon/shared/imagenet512/val/n02107908/ILSVRC2012_val_00044380.JPEG file=example_8303_rank_47923_n02107908_ILSVRC2012_val_00044380.JPEG_steps.csv
2025-09-23 18:58:52,019 - INFO - Skipping already processed example (step log exists): rank=47924 path=/home/projects/bagon/shared/imagenet512/val/n03452741/ILSVRC2012_val_00016165.JPEG file=example_8304_rank_47924_n03452741_ILSVRC2012_val_00016165.JPEG_steps.csv
2025-09-23 18:58:52,019 - INFO - Skipping already processed example (step log exists): rank=47925 path=/home/projects/bagon/shared/imagenet512/val/n02085620/ILSVRC2012_val_00011639.JPEG file=example_8305_rank_47925_n02085620_ILSVRC2012_val_00011639.JPEG_steps.csv
2025-09-23 18:58:52,020 - INFO - Skipping already processed example (step log exists): rank=47926 path=/home/projects/bagon/shared/imagenet512/val/n03804744/ILSVRC2012_val_00009414.JPEG file=example_8306_rank_47926_n03804744_ILSVRC2012_val_00009414.JPEG_steps.csv
2025-09-23 18:58:52,020 - INFO - Skipping already processed example (step log exists): rank=47927 path=/home/projects/bagon/shared/imagenet512/val/n02776631/ILSVRC2012_val_00008715.JPEG file=example_8307_rank_47927_n02776631_ILSVRC2012_val_00008715.JPEG_steps.csv
2025-09-23 18:58:52,021 - INFO - Skipping already processed example (step log exists): rank=47928 path=/home/projects/bagon/shared/imagenet512/val/n07932039/ILSVRC2012_val_00011632.JPEG file=example_8308_rank_47928_n07932039_ILSVRC2012_val_00011632.JPEG_steps.csv
2025-09-23 18:58:52,021 - INFO - Skipping already processed example (step log exists): rank=47929 path=/home/projects/bagon/shared/imagenet512/val/n02782093/ILSVRC2012_val_00007205.JPEG file=example_8309_rank_47929_n02782093_ILSVRC2012_val_00007205.JPEG_steps.csv
2025-09-23 18:58:52,022 - INFO - Skipping already processed example (step log exists): rank=47930 path=/home/projects/bagon/shared/imagenet512/val/n02939185/ILSVRC2012_val_00034236.JPEG file=example_8310_rank_47930_n02939185_ILSVRC2012_val_00034236.JPEG_steps.csv
2025-09-23 18:58:52,022 - INFO - Skipping already processed example (step log exists): rank=47931 path=/home/projects/bagon/shared/imagenet512/val/n03627232/ILSVRC2012_val_00037616.JPEG file=example_8311_rank_47931_n03627232_ILSVRC2012_val_00037616.JPEG_steps.csv
2025-09-23 18:58:52,023 - INFO - Skipping already processed example (step log exists): rank=47932 path=/home/projects/bagon/shared/imagenet512/val/n03201208/ILSVRC2012_val_00039899.JPEG file=example_8312_rank_47932_n03201208_ILSVRC2012_val_00039899.JPEG_steps.csv
2025-09-23 18:58:52,023 - INFO - Skipping already processed example (step log exists): rank=47933 path=/home/projects/bagon/shared/imagenet512/val/n04152593/ILSVRC2012_val_00046292.JPEG file=example_8313_rank_47933_n04152593_ILSVRC2012_val_00046292.JPEG_steps.csv
2025-09-23 18:58:52,024 - INFO - Skipping already processed example (step log exists): rank=47934 path=/home/projects/bagon/shared/imagenet512/val/n01664065/ILSVRC2012_val_00041713.JPEG file=example_8314_rank_47934_n01664065_ILSVRC2012_val_00041713.JPEG_steps.csv
2025-09-23 18:58:52,024 - INFO - Skipping already processed example (step log exists): rank=47935 path=/home/projects/bagon/shared/imagenet512/val/n04525038/ILSVRC2012_val_00000433.JPEG file=example_8315_rank_47935_n04525038_ILSVRC2012_val_00000433.JPEG_steps.csv
2025-09-23 18:58:52,025 - INFO - Skipping already processed example (step log exists): rank=47936 path=/home/projects/bagon/shared/imagenet512/val/n03425413/ILSVRC2012_val_00018006.JPEG file=example_8316_rank_47936_n03425413_ILSVRC2012_val_00018006.JPEG_steps.csv
2025-09-23 18:58:52,025 - INFO - Skipping already processed example (step log exists): rank=47937 path=/home/projects/bagon/shared/imagenet512/val/n03793489/ILSVRC2012_val_00036387.JPEG file=example_8317_rank_47937_n03793489_ILSVRC2012_val_00036387.JPEG_steps.csv
2025-09-23 18:58:52,026 - INFO - Skipping already processed example (step log exists): rank=47938 path=/home/projects/bagon/shared/imagenet512/val/n07248320/ILSVRC2012_val_00010338.JPEG file=example_8318_rank_47938_n07248320_ILSVRC2012_val_00010338.JPEG_steps.csv
2025-09-23 18:58:52,026 - INFO - Skipping already processed example (step log exists): rank=47939 path=/home/projects/bagon/shared/imagenet512/val/n02233338/ILSVRC2012_val_00040914.JPEG file=example_8319_rank_47939_n02233338_ILSVRC2012_val_00040914.JPEG_steps.csv
2025-09-23 18:58:52,027 - INFO - Skipping already processed example (step log exists): rank=47940 path=/home/projects/bagon/shared/imagenet512/val/n04517823/ILSVRC2012_val_00018100.JPEG file=example_8320_rank_47940_n04517823_ILSVRC2012_val_00018100.JPEG_steps.csv
2025-09-23 18:58:52,027 - INFO - Skipping already processed example (step log exists): rank=47941 path=/home/projects/bagon/shared/imagenet512/val/n03866082/ILSVRC2012_val_00043581.JPEG file=example_8321_rank_47941_n03866082_ILSVRC2012_val_00043581.JPEG_steps.csv
2025-09-23 18:58:52,028 - INFO - Skipping already processed example (step log exists): rank=47942 path=/home/projects/bagon/shared/imagenet512/val/n03482405/ILSVRC2012_val_00019326.JPEG file=example_8322_rank_47942_n03482405_ILSVRC2012_val_00019326.JPEG_steps.csv
2025-09-23 18:58:52,028 - INFO - Skipping already processed example (step log exists): rank=47943 path=/home/projects/bagon/shared/imagenet512/val/n04273569/ILSVRC2012_val_00040734.JPEG file=example_8323_rank_47943_n04273569_ILSVRC2012_val_00040734.JPEG_steps.csv
2025-09-23 18:58:52,028 - INFO - Skipping already processed example (step log exists): rank=47944 path=/home/projects/bagon/shared/imagenet512/val/n04235860/ILSVRC2012_val_00023045.JPEG file=example_8324_rank_47944_n04235860_ILSVRC2012_val_00023045.JPEG_steps.csv
2025-09-23 18:58:52,029 - INFO - Skipping already processed example (step log exists): rank=47945 path=/home/projects/bagon/shared/imagenet512/val/n02113712/ILSVRC2012_val_00021546.JPEG file=example_8325_rank_47945_n02113712_ILSVRC2012_val_00021546.JPEG_steps.csv
2025-09-23 18:58:52,029 - INFO - Skipping already processed example (step log exists): rank=47946 path=/home/projects/bagon/shared/imagenet512/val/n03220513/ILSVRC2012_val_00005638.JPEG file=example_8326_rank_47946_n03220513_ILSVRC2012_val_00005638.JPEG_steps.csv
2025-09-23 18:58:52,030 - INFO - Skipping already processed example (step log exists): rank=47947 path=/home/projects/bagon/shared/imagenet512/val/n01773797/ILSVRC2012_val_00016083.JPEG file=example_8327_rank_47947_n01773797_ILSVRC2012_val_00016083.JPEG_steps.csv
2025-09-23 18:58:52,030 - INFO - Skipping already processed example (step log exists): rank=47948 path=/home/projects/bagon/shared/imagenet512/val/n02106030/ILSVRC2012_val_00003480.JPEG file=example_8328_rank_47948_n02106030_ILSVRC2012_val_00003480.JPEG_steps.csv
2025-09-23 18:58:52,030 - INFO - Skipping already processed example (step log exists): rank=47949 path=/home/projects/bagon/shared/imagenet512/val/n07871810/ILSVRC2012_val_00027403.JPEG file=example_8329_rank_47949_n07871810_ILSVRC2012_val_00027403.JPEG_steps.csv
2025-09-23 18:58:52,031 - INFO - Skipping already processed example (step log exists): rank=47950 path=/home/projects/bagon/shared/imagenet512/val/n04008634/ILSVRC2012_val_00007055.JPEG file=example_8330_rank_47950_n04008634_ILSVRC2012_val_00007055.JPEG_steps.csv
2025-09-23 18:58:52,031 - INFO - Skipping already processed example (step log exists): rank=47951 path=/home/projects/bagon/shared/imagenet512/val/n02088466/ILSVRC2012_val_00015244.JPEG file=example_8331_rank_47951_n02088466_ILSVRC2012_val_00015244.JPEG_steps.csv
2025-09-23 18:58:52,032 - INFO - Skipping already processed example (step log exists): rank=47952 path=/home/projects/bagon/shared/imagenet512/val/n01983481/ILSVRC2012_val_00048921.JPEG file=example_8332_rank_47952_n01983481_ILSVRC2012_val_00048921.JPEG_steps.csv
2025-09-23 18:58:52,032 - INFO - Skipping already processed example (step log exists): rank=47953 path=/home/projects/bagon/shared/imagenet512/val/n02979186/ILSVRC2012_val_00018559.JPEG file=example_8333_rank_47953_n02979186_ILSVRC2012_val_00018559.JPEG_steps.csv
2025-09-23 18:58:52,033 - INFO - Skipping already processed example (step log exists): rank=47954 path=/home/projects/bagon/shared/imagenet512/val/n02437616/ILSVRC2012_val_00030943.JPEG file=example_8334_rank_47954_n02437616_ILSVRC2012_val_00030943.JPEG_steps.csv
2025-09-23 18:58:52,033 - INFO - Skipping already processed example (step log exists): rank=47955 path=/home/projects/bagon/shared/imagenet512/val/n04152593/ILSVRC2012_val_00002676.JPEG file=example_8335_rank_47955_n04152593_ILSVRC2012_val_00002676.JPEG_steps.csv
2025-09-23 18:58:52,034 - INFO - Skipping already processed example (step log exists): rank=47956 path=/home/projects/bagon/shared/imagenet512/val/n04461696/ILSVRC2012_val_00047720.JPEG file=example_8336_rank_47956_n04461696_ILSVRC2012_val_00047720.JPEG_steps.csv
2025-09-23 18:58:52,034 - INFO - Skipping already processed example (step log exists): rank=47957 path=/home/projects/bagon/shared/imagenet512/val/n02091831/ILSVRC2012_val_00012482.JPEG file=example_8337_rank_47957_n02091831_ILSVRC2012_val_00012482.JPEG_steps.csv
2025-09-23 18:58:52,035 - INFO - Skipping already processed example (step log exists): rank=47958 path=/home/projects/bagon/shared/imagenet512/val/n02108000/ILSVRC2012_val_00047149.JPEG file=example_8338_rank_47958_n02108000_ILSVRC2012_val_00047149.JPEG_steps.csv
2025-09-23 18:58:52,035 - INFO - Skipping already processed example (step log exists): rank=47959 path=/home/projects/bagon/shared/imagenet512/val/n09332890/ILSVRC2012_val_00041181.JPEG file=example_8339_rank_47959_n09332890_ILSVRC2012_val_00041181.JPEG_steps.csv
2025-09-23 18:58:52,036 - INFO - Skipping already processed example (step log exists): rank=47960 path=/home/projects/bagon/shared/imagenet512/val/n01496331/ILSVRC2012_val_00009237.JPEG file=example_8340_rank_47960_n01496331_ILSVRC2012_val_00009237.JPEG_steps.csv
2025-09-23 18:58:52,036 - INFO - Skipping already processed example (step log exists): rank=47961 path=/home/projects/bagon/shared/imagenet512/val/n04479046/ILSVRC2012_val_00026699.JPEG file=example_8341_rank_47961_n04479046_ILSVRC2012_val_00026699.JPEG_steps.csv
2025-09-23 18:58:52,037 - INFO - Skipping already processed example (step log exists): rank=47962 path=/home/projects/bagon/shared/imagenet512/val/n04371430/ILSVRC2012_val_00003565.JPEG file=example_8342_rank_47962_n04371430_ILSVRC2012_val_00003565.JPEG_steps.csv
2025-09-23 18:58:52,037 - INFO - Skipping already processed example (step log exists): rank=47963 path=/home/projects/bagon/shared/imagenet512/val/n04392985/ILSVRC2012_val_00029362.JPEG file=example_8343_rank_47963_n04392985_ILSVRC2012_val_00029362.JPEG_steps.csv
2025-09-23 18:58:52,038 - INFO - Skipping already processed example (step log exists): rank=47964 path=/home/projects/bagon/shared/imagenet512/val/n03832673/ILSVRC2012_val_00035068.JPEG file=example_8344_rank_47964_n03832673_ILSVRC2012_val_00035068.JPEG_steps.csv
2025-09-23 18:58:52,038 - INFO - Skipping already processed example (step log exists): rank=47965 path=/home/projects/bagon/shared/imagenet512/val/n04485082/ILSVRC2012_val_00001409.JPEG file=example_8345_rank_47965_n04485082_ILSVRC2012_val_00001409.JPEG_steps.csv
2025-09-23 18:58:52,039 - INFO - Skipping already processed example (step log exists): rank=47966 path=/home/projects/bagon/shared/imagenet512/val/n03866082/ILSVRC2012_val_00019176.JPEG file=example_8346_rank_47966_n03866082_ILSVRC2012_val_00019176.JPEG_steps.csv
2025-09-23 18:58:52,039 - INFO - Skipping already processed example (step log exists): rank=47967 path=/home/projects/bagon/shared/imagenet512/val/n09421951/ILSVRC2012_val_00009118.JPEG file=example_8347_rank_47967_n09421951_ILSVRC2012_val_00009118.JPEG_steps.csv
2025-09-23 18:58:52,039 - INFO - Skipping already processed example (step log exists): rank=47968 path=/home/projects/bagon/shared/imagenet512/val/n03782006/ILSVRC2012_val_00000119.JPEG file=example_8348_rank_47968_n03782006_ILSVRC2012_val_00000119.JPEG_steps.csv
2025-09-23 18:58:52,040 - INFO - Skipping already processed example (step log exists): rank=47969 path=/home/projects/bagon/shared/imagenet512/val/n03642806/ILSVRC2012_val_00002580.JPEG file=example_8349_rank_47969_n03642806_ILSVRC2012_val_00002580.JPEG_steps.csv
2025-09-23 18:58:52,040 - INFO - Skipping already processed example (step log exists): rank=47970 path=/home/projects/bagon/shared/imagenet512/val/n03692522/ILSVRC2012_val_00004519.JPEG file=example_8350_rank_47970_n03692522_ILSVRC2012_val_00004519.JPEG_steps.csv
2025-09-23 18:58:52,041 - INFO - Skipping already processed example (step log exists): rank=47971 path=/home/projects/bagon/shared/imagenet512/val/n02837789/ILSVRC2012_val_00034031.JPEG file=example_8351_rank_47971_n02837789_ILSVRC2012_val_00034031.JPEG_steps.csv
2025-09-23 18:58:52,041 - INFO - Skipping already processed example (step log exists): rank=47972 path=/home/projects/bagon/shared/imagenet512/val/n03866082/ILSVRC2012_val_00046877.JPEG file=example_8352_rank_47972_n03866082_ILSVRC2012_val_00046877.JPEG_steps.csv
2025-09-23 18:58:52,042 - INFO - Skipping already processed example (step log exists): rank=47973 path=/home/projects/bagon/shared/imagenet512/val/n02086240/ILSVRC2012_val_00010550.JPEG file=example_8353_rank_47973_n02086240_ILSVRC2012_val_00010550.JPEG_steps.csv
2025-09-23 18:58:52,042 - INFO - Skipping already processed example (step log exists): rank=47974 path=/home/projects/bagon/shared/imagenet512/val/n03793489/ILSVRC2012_val_00009735.JPEG file=example_8354_rank_47974_n03793489_ILSVRC2012_val_00009735.JPEG_steps.csv
2025-09-23 18:58:52,043 - INFO - Skipping already processed example (step log exists): rank=47975 path=/home/projects/bagon/shared/imagenet512/val/n02395406/ILSVRC2012_val_00036996.JPEG file=example_8355_rank_47975_n02395406_ILSVRC2012_val_00036996.JPEG_steps.csv
2025-09-23 18:58:52,043 - INFO - Skipping already processed example (step log exists): rank=47976 path=/home/projects/bagon/shared/imagenet512/val/n07734744/ILSVRC2012_val_00048751.JPEG file=example_8356_rank_47976_n07734744_ILSVRC2012_val_00048751.JPEG_steps.csv
2025-09-23 18:58:52,044 - INFO - Skipping already processed example (step log exists): rank=47977 path=/home/projects/bagon/shared/imagenet512/val/n04152593/ILSVRC2012_val_00014614.JPEG file=example_8357_rank_47977_n04152593_ILSVRC2012_val_00014614.JPEG_steps.csv
2025-09-23 18:58:52,044 - INFO - Skipping already processed example (step log exists): rank=47978 path=/home/projects/bagon/shared/imagenet512/val/n02106030/ILSVRC2012_val_00020196.JPEG file=example_8358_rank_47978_n02106030_ILSVRC2012_val_00020196.JPEG_steps.csv
2025-09-23 18:58:52,044 - INFO - Skipping already processed example (step log exists): rank=47979 path=/home/projects/bagon/shared/imagenet512/val/n04004767/ILSVRC2012_val_00016838.JPEG file=example_8359_rank_47979_n04004767_ILSVRC2012_val_00016838.JPEG_steps.csv
2025-09-23 18:58:52,045 - INFO - Skipping already processed example (step log exists): rank=47980 path=/home/projects/bagon/shared/imagenet512/val/n02776631/ILSVRC2012_val_00024657.JPEG file=example_8360_rank_47980_n02776631_ILSVRC2012_val_00024657.JPEG_steps.csv
2025-09-23 18:58:52,045 - INFO - Skipping already processed example (step log exists): rank=47981 path=/home/projects/bagon/shared/imagenet512/val/n02669723/ILSVRC2012_val_00010024.JPEG file=example_8361_rank_47981_n02669723_ILSVRC2012_val_00010024.JPEG_steps.csv
2025-09-23 18:58:52,046 - INFO - Skipping already processed example (step log exists): rank=47982 path=/home/projects/bagon/shared/imagenet512/val/n02992529/ILSVRC2012_val_00043042.JPEG file=example_8362_rank_47982_n02992529_ILSVRC2012_val_00043042.JPEG_steps.csv
2025-09-23 18:58:52,046 - INFO - Skipping already processed example (step log exists): rank=47983 path=/home/projects/bagon/shared/imagenet512/val/n01968897/ILSVRC2012_val_00030968.JPEG file=example_8363_rank_47983_n01968897_ILSVRC2012_val_00030968.JPEG_steps.csv
2025-09-23 18:58:52,047 - INFO - Skipping already processed example (step log exists): rank=47984 path=/home/projects/bagon/shared/imagenet512/val/n02486261/ILSVRC2012_val_00038203.JPEG file=example_8364_rank_47984_n02486261_ILSVRC2012_val_00038203.JPEG_steps.csv
2025-09-23 18:58:52,047 - INFO - Skipping already processed example (step log exists): rank=47985 path=/home/projects/bagon/shared/imagenet512/val/n02109961/ILSVRC2012_val_00009148.JPEG file=example_8365_rank_47985_n02109961_ILSVRC2012_val_00009148.JPEG_steps.csv
2025-09-23 18:58:52,048 - INFO - Skipping already processed example (step log exists): rank=47986 path=/home/projects/bagon/shared/imagenet512/val/n04116512/ILSVRC2012_val_00045075.JPEG file=example_8366_rank_47986_n04116512_ILSVRC2012_val_00045075.JPEG_steps.csv
2025-09-23 18:58:52,048 - INFO - Skipping already processed example (step log exists): rank=47987 path=/home/projects/bagon/shared/imagenet512/val/n02104029/ILSVRC2012_val_00024981.JPEG file=example_8367_rank_47987_n02104029_ILSVRC2012_val_00024981.JPEG_steps.csv
2025-09-23 18:58:52,049 - INFO - Skipping already processed example (step log exists): rank=47988 path=/home/projects/bagon/shared/imagenet512/val/n03980874/ILSVRC2012_val_00005834.JPEG file=example_8368_rank_47988_n03980874_ILSVRC2012_val_00005834.JPEG_steps.csv
2025-09-23 18:58:52,049 - INFO - Skipping already processed example (step log exists): rank=47989 path=/home/projects/bagon/shared/imagenet512/val/n03871628/ILSVRC2012_val_00021041.JPEG file=example_8369_rank_47989_n03871628_ILSVRC2012_val_00021041.JPEG_steps.csv
2025-09-23 18:58:52,050 - INFO - Skipping already processed example (step log exists): rank=47990 path=/home/projects/bagon/shared/imagenet512/val/n01910747/ILSVRC2012_val_00010869.JPEG file=example_8370_rank_47990_n01910747_ILSVRC2012_val_00010869.JPEG_steps.csv
2025-09-23 18:58:52,050 - INFO - Skipping already processed example (step log exists): rank=47991 path=/home/projects/bagon/shared/imagenet512/val/n01930112/ILSVRC2012_val_00012415.JPEG file=example_8371_rank_47991_n01930112_ILSVRC2012_val_00012415.JPEG_steps.csv
2025-09-23 18:58:52,051 - INFO - Skipping already processed example (step log exists): rank=47992 path=/home/projects/bagon/shared/imagenet512/val/n04004767/ILSVRC2012_val_00045332.JPEG file=example_8372_rank_47992_n04004767_ILSVRC2012_val_00045332.JPEG_steps.csv
2025-09-23 18:58:52,051 - INFO - Skipping already processed example (step log exists): rank=47993 path=/home/projects/bagon/shared/imagenet512/val/n02321529/ILSVRC2012_val_00041485.JPEG file=example_8373_rank_47993_n02321529_ILSVRC2012_val_00041485.JPEG_steps.csv
2025-09-23 18:58:52,051 - INFO - Skipping already processed example (step log exists): rank=47994 path=/home/projects/bagon/shared/imagenet512/val/n02676566/ILSVRC2012_val_00049664.JPEG file=example_8374_rank_47994_n02676566_ILSVRC2012_val_00049664.JPEG_steps.csv
2025-09-23 18:58:52,052 - INFO - Skipping already processed example (step log exists): rank=47995 path=/home/projects/bagon/shared/imagenet512/val/n01917289/ILSVRC2012_val_00008087.JPEG file=example_8375_rank_47995_n01917289_ILSVRC2012_val_00008087.JPEG_steps.csv
2025-09-23 18:58:52,052 - INFO - Skipping already processed example (step log exists): rank=47996 path=/home/projects/bagon/shared/imagenet512/val/n03125729/ILSVRC2012_val_00010193.JPEG file=example_8376_rank_47996_n03125729_ILSVRC2012_val_00010193.JPEG_steps.csv
2025-09-23 18:58:52,053 - INFO - Skipping already processed example (step log exists): rank=47997 path=/home/projects/bagon/shared/imagenet512/val/n02974003/ILSVRC2012_val_00048308.JPEG file=example_8377_rank_47997_n02974003_ILSVRC2012_val_00048308.JPEG_steps.csv
2025-09-23 18:58:52,054 - INFO - Skipping already processed example (step log exists): rank=47998 path=/home/projects/bagon/shared/imagenet512/val/n02988304/ILSVRC2012_val_00038243.JPEG file=example_8378_rank_47998_n02988304_ILSVRC2012_val_00038243.JPEG_steps.csv
2025-09-23 18:58:52,054 - INFO - Skipping already processed example (step log exists): rank=47999 path=/home/projects/bagon/shared/imagenet512/val/n02488702/ILSVRC2012_val_00038696.JPEG file=example_8379_rank_47999_n02488702_ILSVRC2012_val_00038696.JPEG_steps.csv
2025-09-23 18:58:52,055 - INFO - Skipping already processed example (step log exists): rank=48000 path=/home/projects/bagon/shared/imagenet512/val/n03776460/ILSVRC2012_val_00020127.JPEG file=example_8380_rank_48000_n03776460_ILSVRC2012_val_00020127.JPEG_steps.csv
2025-09-23 18:58:52,055 - INFO - Skipping already processed example (step log exists): rank=48001 path=/home/projects/bagon/shared/imagenet512/val/n04127249/ILSVRC2012_val_00041228.JPEG file=example_8381_rank_48001_n04127249_ILSVRC2012_val_00041228.JPEG_steps.csv
2025-09-23 18:58:52,056 - INFO - Skipping already processed example (step log exists): rank=48002 path=/home/projects/bagon/shared/imagenet512/val/n01914609/ILSVRC2012_val_00041675.JPEG file=example_8382_rank_48002_n01914609_ILSVRC2012_val_00041675.JPEG_steps.csv
2025-09-23 18:58:52,056 - INFO - Skipping already processed example (step log exists): rank=48003 path=/home/projects/bagon/shared/imagenet512/val/n09246464/ILSVRC2012_val_00001444.JPEG file=example_8383_rank_48003_n09246464_ILSVRC2012_val_00001444.JPEG_steps.csv
2025-09-23 18:58:52,057 - INFO - Skipping already processed example (step log exists): rank=48004 path=/home/projects/bagon/shared/imagenet512/val/n03452741/ILSVRC2012_val_00034400.JPEG file=example_8384_rank_48004_n03452741_ILSVRC2012_val_00034400.JPEG_steps.csv
2025-09-23 18:58:52,058 - INFO - Skipping already processed example (step log exists): rank=48005 path=/home/projects/bagon/shared/imagenet512/val/n02012849/ILSVRC2012_val_00018966.JPEG file=example_8385_rank_48005_n02012849_ILSVRC2012_val_00018966.JPEG_steps.csv
2025-09-23 18:58:52,058 - INFO - Skipping already processed example (step log exists): rank=48006 path=/home/projects/bagon/shared/imagenet512/val/n03220513/ILSVRC2012_val_00049492.JPEG file=example_8386_rank_48006_n03220513_ILSVRC2012_val_00049492.JPEG_steps.csv
2025-09-23 18:58:52,059 - INFO - Skipping already processed example (step log exists): rank=48007 path=/home/projects/bagon/shared/imagenet512/val/n07749582/ILSVRC2012_val_00022375.JPEG file=example_8387_rank_48007_n07749582_ILSVRC2012_val_00022375.JPEG_steps.csv
2025-09-23 18:58:52,059 - INFO - Skipping already processed example (step log exists): rank=48008 path=/home/projects/bagon/shared/imagenet512/val/n03691459/ILSVRC2012_val_00021809.JPEG file=example_8388_rank_48008_n03691459_ILSVRC2012_val_00021809.JPEG_steps.csv
2025-09-23 18:58:52,060 - INFO - Skipping already processed example (step log exists): rank=48009 path=/home/projects/bagon/shared/imagenet512/val/n02123159/ILSVRC2012_val_00046457.JPEG file=example_8389_rank_48009_n02123159_ILSVRC2012_val_00046457.JPEG_steps.csv
2025-09-23 18:58:52,060 - INFO - Skipping already processed example (step log exists): rank=48011 path=/home/projects/bagon/shared/imagenet512/val/n03297495/ILSVRC2012_val_00041481.JPEG file=example_8390_rank_48011_n03297495_ILSVRC2012_val_00041481.JPEG_steps.csv
2025-09-23 18:58:52,061 - INFO - Skipping already processed example (step log exists): rank=48012 path=/home/projects/bagon/shared/imagenet512/val/n03933933/ILSVRC2012_val_00001062.JPEG file=example_8391_rank_48012_n03933933_ILSVRC2012_val_00001062.JPEG_steps.csv
2025-09-23 18:58:52,061 - INFO - Skipping already processed example (step log exists): rank=48013 path=/home/projects/bagon/shared/imagenet512/val/n03873416/ILSVRC2012_val_00043183.JPEG file=example_8392_rank_48013_n03873416_ILSVRC2012_val_00043183.JPEG_steps.csv
2025-09-23 18:58:52,062 - INFO - Skipping already processed example (step log exists): rank=48014 path=/home/projects/bagon/shared/imagenet512/val/n02113624/ILSVRC2012_val_00022911.JPEG file=example_8393_rank_48014_n02113624_ILSVRC2012_val_00022911.JPEG_steps.csv
2025-09-23 18:58:52,062 - INFO - Skipping already processed example (step log exists): rank=48015 path=/home/projects/bagon/shared/imagenet512/val/n07871810/ILSVRC2012_val_00038660.JPEG file=example_8394_rank_48015_n07871810_ILSVRC2012_val_00038660.JPEG_steps.csv
2025-09-23 18:58:52,062 - INFO - Skipping already processed example (step log exists): rank=48016 path=/home/projects/bagon/shared/imagenet512/val/n04590129/ILSVRC2012_val_00015131.JPEG file=example_8395_rank_48016_n04590129_ILSVRC2012_val_00015131.JPEG_steps.csv
2025-09-23 18:58:52,063 - INFO - Skipping already processed example (step log exists): rank=48017 path=/home/projects/bagon/shared/imagenet512/val/n03658185/ILSVRC2012_val_00038605.JPEG file=example_8396_rank_48017_n03658185_ILSVRC2012_val_00038605.JPEG_steps.csv
2025-09-23 18:58:52,063 - INFO - Skipping already processed example (step log exists): rank=48018 path=/home/projects/bagon/shared/imagenet512/val/n03710637/ILSVRC2012_val_00039306.JPEG file=example_8397_rank_48018_n03710637_ILSVRC2012_val_00039306.JPEG_steps.csv
2025-09-23 18:58:52,064 - INFO - Skipping already processed example (step log exists): rank=48019 path=/home/projects/bagon/shared/imagenet512/val/n02169497/ILSVRC2012_val_00023833.JPEG file=example_8398_rank_48019_n02169497_ILSVRC2012_val_00023833.JPEG_steps.csv
2025-09-23 18:58:52,064 - INFO - Skipping already processed example (step log exists): rank=48020 path=/home/projects/bagon/shared/imagenet512/val/n03793489/ILSVRC2012_val_00015375.JPEG file=example_8399_rank_48020_n03793489_ILSVRC2012_val_00015375.JPEG_steps.csv
2025-09-23 18:58:52,065 - INFO - Skipping already processed example (step log exists): rank=48021 path=/home/projects/bagon/shared/imagenet512/val/n03201208/ILSVRC2012_val_00043733.JPEG file=example_8400_rank_48021_n03201208_ILSVRC2012_val_00043733.JPEG_steps.csv
2025-09-23 18:58:52,065 - INFO - Skipping already processed example (step log exists): rank=48022 path=/home/projects/bagon/shared/imagenet512/val/n01641577/ILSVRC2012_val_00009563.JPEG file=example_8401_rank_48022_n01641577_ILSVRC2012_val_00009563.JPEG_steps.csv
2025-09-23 18:58:52,065 - INFO - Skipping already processed example (step log exists): rank=48023 path=/home/projects/bagon/shared/imagenet512/val/n02107142/ILSVRC2012_val_00036045.JPEG file=example_8402_rank_48023_n02107142_ILSVRC2012_val_00036045.JPEG_steps.csv
2025-09-23 18:58:52,066 - INFO - Skipping already processed example (step log exists): rank=48024 path=/home/projects/bagon/shared/imagenet512/val/n07831146/ILSVRC2012_val_00035071.JPEG file=example_8403_rank_48024_n07831146_ILSVRC2012_val_00035071.JPEG_steps.csv
2025-09-23 18:58:52,066 - INFO - Skipping already processed example (step log exists): rank=48025 path=/home/projects/bagon/shared/imagenet512/val/n01644900/ILSVRC2012_val_00000037.JPEG file=example_8404_rank_48025_n01644900_ILSVRC2012_val_00000037.JPEG_steps.csv
2025-09-23 18:58:52,067 - INFO - Skipping already processed example (step log exists): rank=48026 path=/home/projects/bagon/shared/imagenet512/val/n01697457/ILSVRC2012_val_00010904.JPEG file=example_8405_rank_48026_n01697457_ILSVRC2012_val_00010904.JPEG_steps.csv
2025-09-23 18:58:52,067 - INFO - Skipping already processed example (step log exists): rank=48027 path=/home/projects/bagon/shared/imagenet512/val/n07248320/ILSVRC2012_val_00019890.JPEG file=example_8406_rank_48027_n07248320_ILSVRC2012_val_00019890.JPEG_steps.csv
2025-09-23 18:58:52,068 - INFO - Skipping already processed example (step log exists): rank=48028 path=/home/projects/bagon/shared/imagenet512/val/n02676566/ILSVRC2012_val_00008977.JPEG file=example_8407_rank_48028_n02676566_ILSVRC2012_val_00008977.JPEG_steps.csv
2025-09-23 18:58:52,069 - INFO - Skipping already processed example (step log exists): rank=48029 path=/home/projects/bagon/shared/imagenet512/val/n02892767/ILSVRC2012_val_00029015.JPEG file=example_8408_rank_48029_n02892767_ILSVRC2012_val_00029015.JPEG_steps.csv
2025-09-23 18:58:52,069 - INFO - Skipping already processed example (step log exists): rank=48030 path=/home/projects/bagon/shared/imagenet512/val/n04238763/ILSVRC2012_val_00030423.JPEG file=example_8409_rank_48030_n04238763_ILSVRC2012_val_00030423.JPEG_steps.csv
2025-09-23 18:58:52,070 - INFO - Skipping already processed example (step log exists): rank=48031 path=/home/projects/bagon/shared/imagenet512/val/n06794110/ILSVRC2012_val_00007671.JPEG file=example_8410_rank_48031_n06794110_ILSVRC2012_val_00007671.JPEG_steps.csv
2025-09-23 18:58:52,070 - INFO - Skipping already processed example (step log exists): rank=48032 path=/home/projects/bagon/shared/imagenet512/val/n02808440/ILSVRC2012_val_00015881.JPEG file=example_8411_rank_48032_n02808440_ILSVRC2012_val_00015881.JPEG_steps.csv
2025-09-23 18:58:52,071 - INFO - Skipping already processed example (step log exists): rank=48033 path=/home/projects/bagon/shared/imagenet512/val/n03544143/ILSVRC2012_val_00026373.JPEG file=example_8412_rank_48033_n03544143_ILSVRC2012_val_00026373.JPEG_steps.csv
2025-09-23 18:58:52,071 - INFO - Skipping already processed example (step log exists): rank=48034 path=/home/projects/bagon/shared/imagenet512/val/n04264628/ILSVRC2012_val_00043429.JPEG file=example_8413_rank_48034_n04264628_ILSVRC2012_val_00043429.JPEG_steps.csv
2025-09-23 18:58:52,072 - INFO - Skipping already processed example (step log exists): rank=48035 path=/home/projects/bagon/shared/imagenet512/val/n07875152/ILSVRC2012_val_00037968.JPEG file=example_8414_rank_48035_n07875152_ILSVRC2012_val_00037968.JPEG_steps.csv
2025-09-23 18:58:52,072 - INFO - Skipping already processed example (step log exists): rank=48036 path=/home/projects/bagon/shared/imagenet512/val/n04604644/ILSVRC2012_val_00024026.JPEG file=example_8415_rank_48036_n04604644_ILSVRC2012_val_00024026.JPEG_steps.csv
2025-09-23 18:58:52,073 - INFO - Skipping already processed example (step log exists): rank=48037 path=/home/projects/bagon/shared/imagenet512/val/n03877845/ILSVRC2012_val_00034639.JPEG file=example_8416_rank_48037_n03877845_ILSVRC2012_val_00034639.JPEG_steps.csv
2025-09-23 18:58:52,073 - INFO - Skipping already processed example (step log exists): rank=48038 path=/home/projects/bagon/shared/imagenet512/val/n03958227/ILSVRC2012_val_00035782.JPEG file=example_8417_rank_48038_n03958227_ILSVRC2012_val_00035782.JPEG_steps.csv
2025-09-23 18:58:52,074 - INFO - Skipping already processed example (step log exists): rank=48039 path=/home/projects/bagon/shared/imagenet512/val/n03297495/ILSVRC2012_val_00044030.JPEG file=example_8418_rank_48039_n03297495_ILSVRC2012_val_00044030.JPEG_steps.csv
2025-09-23 18:58:52,074 - INFO - Skipping already processed example (step log exists): rank=48040 path=/home/projects/bagon/shared/imagenet512/val/n07875152/ILSVRC2012_val_00010606.JPEG file=example_8419_rank_48040_n07875152_ILSVRC2012_val_00010606.JPEG_steps.csv
2025-09-23 18:58:52,075 - INFO - Skipping already processed example (step log exists): rank=48041 path=/home/projects/bagon/shared/imagenet512/val/n02137549/ILSVRC2012_val_00008051.JPEG file=example_8420_rank_48041_n02137549_ILSVRC2012_val_00008051.JPEG_steps.csv
2025-09-23 18:58:52,075 - INFO - Skipping already processed example (step log exists): rank=48042 path=/home/projects/bagon/shared/imagenet512/val/n02124075/ILSVRC2012_val_00008778.JPEG file=example_8421_rank_48042_n02124075_ILSVRC2012_val_00008778.JPEG_steps.csv
2025-09-23 18:58:52,075 - INFO - Skipping already processed example (step log exists): rank=48043 path=/home/projects/bagon/shared/imagenet512/val/n04118776/ILSVRC2012_val_00038643.JPEG file=example_8422_rank_48043_n04118776_ILSVRC2012_val_00038643.JPEG_steps.csv
2025-09-23 18:58:52,076 - INFO - Skipping already processed example (step log exists): rank=48044 path=/home/projects/bagon/shared/imagenet512/val/n02999410/ILSVRC2012_val_00012273.JPEG file=example_8423_rank_48044_n02999410_ILSVRC2012_val_00012273.JPEG_steps.csv
2025-09-23 18:58:52,076 - INFO - Skipping already processed example (step log exists): rank=48045 path=/home/projects/bagon/shared/imagenet512/val/n02113712/ILSVRC2012_val_00037896.JPEG file=example_8424_rank_48045_n02113712_ILSVRC2012_val_00037896.JPEG_steps.csv
2025-09-23 18:58:52,077 - INFO - Skipping already processed example (step log exists): rank=48046 path=/home/projects/bagon/shared/imagenet512/val/n03782006/ILSVRC2012_val_00036107.JPEG file=example_8425_rank_48046_n03782006_ILSVRC2012_val_00036107.JPEG_steps.csv
2025-09-23 18:58:52,077 - INFO - Skipping already processed example (step log exists): rank=48047 path=/home/projects/bagon/shared/imagenet512/val/n04557648/ILSVRC2012_val_00023524.JPEG file=example_8426_rank_48047_n04557648_ILSVRC2012_val_00023524.JPEG_steps.csv
2025-09-23 18:58:52,078 - INFO - Skipping already processed example (step log exists): rank=48048 path=/home/projects/bagon/shared/imagenet512/val/n03709823/ILSVRC2012_val_00034177.JPEG file=example_8427_rank_48048_n03709823_ILSVRC2012_val_00034177.JPEG_steps.csv
2025-09-23 18:58:52,078 - INFO - Skipping already processed example (step log exists): rank=48049 path=/home/projects/bagon/shared/imagenet512/val/n07720875/ILSVRC2012_val_00038872.JPEG file=example_8428_rank_48049_n07720875_ILSVRC2012_val_00038872.JPEG_steps.csv
2025-09-23 18:58:52,079 - INFO - Skipping already processed example (step log exists): rank=48050 path=/home/projects/bagon/shared/imagenet512/val/n13040303/ILSVRC2012_val_00000967.JPEG file=example_8429_rank_48050_n13040303_ILSVRC2012_val_00000967.JPEG_steps.csv
2025-09-23 18:58:52,079 - INFO - Skipping already processed example (step log exists): rank=48051 path=/home/projects/bagon/shared/imagenet512/val/n04428191/ILSVRC2012_val_00044758.JPEG file=example_8430_rank_48051_n04428191_ILSVRC2012_val_00044758.JPEG_steps.csv
2025-09-23 18:58:52,079 - INFO - Skipping already processed example (step log exists): rank=48052 path=/home/projects/bagon/shared/imagenet512/val/n02229544/ILSVRC2012_val_00044578.JPEG file=example_8431_rank_48052_n02229544_ILSVRC2012_val_00044578.JPEG_steps.csv
2025-09-23 18:58:52,080 - INFO - Skipping already processed example (step log exists): rank=48053 path=/home/projects/bagon/shared/imagenet512/val/n02109961/ILSVRC2012_val_00023846.JPEG file=example_8432_rank_48053_n02109961_ILSVRC2012_val_00023846.JPEG_steps.csv
2025-09-23 18:58:52,081 - INFO - Skipping already processed example (step log exists): rank=48054 path=/home/projects/bagon/shared/imagenet512/val/n02102480/ILSVRC2012_val_00001758.JPEG file=example_8433_rank_48054_n02102480_ILSVRC2012_val_00001758.JPEG_steps.csv
2025-09-23 18:58:52,082 - INFO - Skipping already processed example (step log exists): rank=48055 path=/home/projects/bagon/shared/imagenet512/val/n04041544/ILSVRC2012_val_00027958.JPEG file=example_8434_rank_48055_n04041544_ILSVRC2012_val_00027958.JPEG_steps.csv
2025-09-23 18:58:52,082 - INFO - Skipping already processed example (step log exists): rank=48056 path=/home/projects/bagon/shared/imagenet512/val/n09332890/ILSVRC2012_val_00049375.JPEG file=example_8435_rank_48056_n09332890_ILSVRC2012_val_00049375.JPEG_steps.csv
2025-09-23 18:58:52,083 - INFO - Skipping already processed example (step log exists): rank=48057 path=/home/projects/bagon/shared/imagenet512/val/n02096051/ILSVRC2012_val_00024400.JPEG file=example_8436_rank_48057_n02096051_ILSVRC2012_val_00024400.JPEG_steps.csv
2025-09-23 18:58:52,083 - INFO - Skipping already processed example (step log exists): rank=48058 path=/home/projects/bagon/shared/imagenet512/val/n01667778/ILSVRC2012_val_00038628.JPEG file=example_8437_rank_48058_n01667778_ILSVRC2012_val_00038628.JPEG_steps.csv
2025-09-23 18:58:52,084 - INFO - Skipping already processed example (step log exists): rank=48059 path=/home/projects/bagon/shared/imagenet512/val/n02119022/ILSVRC2012_val_00004643.JPEG file=example_8438_rank_48059_n02119022_ILSVRC2012_val_00004643.JPEG_steps.csv
2025-09-23 18:58:52,085 - INFO - Skipping already processed example (step log exists): rank=48060 path=/home/projects/bagon/shared/imagenet512/val/n03642806/ILSVRC2012_val_00005275.JPEG file=example_8439_rank_48060_n03642806_ILSVRC2012_val_00005275.JPEG_steps.csv
2025-09-23 18:58:52,085 - INFO - Skipping already processed example (step log exists): rank=48061 path=/home/projects/bagon/shared/imagenet512/val/n02108000/ILSVRC2012_val_00031461.JPEG file=example_8440_rank_48061_n02108000_ILSVRC2012_val_00031461.JPEG_steps.csv
2025-09-23 18:58:52,086 - INFO - Skipping already processed example (step log exists): rank=48062 path=/home/projects/bagon/shared/imagenet512/val/n04367480/ILSVRC2012_val_00038191.JPEG file=example_8441_rank_48062_n04367480_ILSVRC2012_val_00038191.JPEG_steps.csv
2025-09-23 18:58:52,086 - INFO - Skipping already processed example (step log exists): rank=48063 path=/home/projects/bagon/shared/imagenet512/val/n02107908/ILSVRC2012_val_00041844.JPEG file=example_8442_rank_48063_n02107908_ILSVRC2012_val_00041844.JPEG_steps.csv
2025-09-23 18:58:52,087 - INFO - Skipping already processed example (step log exists): rank=48064 path=/home/projects/bagon/shared/imagenet512/val/n04264628/ILSVRC2012_val_00044098.JPEG file=example_8443_rank_48064_n04264628_ILSVRC2012_val_00044098.JPEG_steps.csv
2025-09-23 18:58:52,087 - INFO - Skipping already processed example (step log exists): rank=48065 path=/home/projects/bagon/shared/imagenet512/val/n03014705/ILSVRC2012_val_00004445.JPEG file=example_8444_rank_48065_n03014705_ILSVRC2012_val_00004445.JPEG_steps.csv
2025-09-23 18:58:52,087 - INFO - Skipping already processed example (step log exists): rank=48066 path=/home/projects/bagon/shared/imagenet512/val/n03459775/ILSVRC2012_val_00025067.JPEG file=example_8445_rank_48066_n03459775_ILSVRC2012_val_00025067.JPEG_steps.csv
2025-09-23 18:58:52,088 - INFO - Skipping already processed example (step log exists): rank=48067 path=/home/projects/bagon/shared/imagenet512/val/n03045698/ILSVRC2012_val_00021420.JPEG file=example_8446_rank_48067_n03045698_ILSVRC2012_val_00021420.JPEG_steps.csv
2025-09-23 18:58:52,088 - INFO - Skipping already processed example (step log exists): rank=48068 path=/home/projects/bagon/shared/imagenet512/val/n02107908/ILSVRC2012_val_00004569.JPEG file=example_8447_rank_48068_n02107908_ILSVRC2012_val_00004569.JPEG_steps.csv
2025-09-23 18:58:52,089 - INFO - Skipping already processed example (step log exists): rank=48069 path=/home/projects/bagon/shared/imagenet512/val/n02814533/ILSVRC2012_val_00011630.JPEG file=example_8448_rank_48069_n02814533_ILSVRC2012_val_00011630.JPEG_steps.csv
2025-09-23 18:58:52,089 - INFO - Skipping already processed example (step log exists): rank=48070 path=/home/projects/bagon/shared/imagenet512/val/n03498962/ILSVRC2012_val_00047673.JPEG file=example_8449_rank_48070_n03498962_ILSVRC2012_val_00047673.JPEG_steps.csv
2025-09-23 18:58:52,090 - INFO - Skipping already processed example (step log exists): rank=48071 path=/home/projects/bagon/shared/imagenet512/val/n03045698/ILSVRC2012_val_00036947.JPEG file=example_8450_rank_48071_n03045698_ILSVRC2012_val_00036947.JPEG_steps.csv
2025-09-23 18:58:52,090 - INFO - Skipping already processed example (step log exists): rank=48072 path=/home/projects/bagon/shared/imagenet512/val/n04428191/ILSVRC2012_val_00028609.JPEG file=example_8451_rank_48072_n04428191_ILSVRC2012_val_00028609.JPEG_steps.csv
2025-09-23 18:58:52,091 - INFO - Skipping already processed example (step log exists): rank=48073 path=/home/projects/bagon/shared/imagenet512/val/n04009552/ILSVRC2012_val_00046217.JPEG file=example_8452_rank_48073_n04009552_ILSVRC2012_val_00046217.JPEG_steps.csv
2025-09-23 18:58:52,091 - INFO - Skipping already processed example (step log exists): rank=48074 path=/home/projects/bagon/shared/imagenet512/val/n07860988/ILSVRC2012_val_00005168.JPEG file=example_8453_rank_48074_n07860988_ILSVRC2012_val_00005168.JPEG_steps.csv
2025-09-23 18:58:52,092 - INFO - Skipping already processed example (step log exists): rank=48075 path=/home/projects/bagon/shared/imagenet512/val/n02219486/ILSVRC2012_val_00012102.JPEG file=example_8454_rank_48075_n02219486_ILSVRC2012_val_00012102.JPEG_steps.csv
2025-09-23 18:58:52,092 - INFO - Skipping already processed example (step log exists): rank=48076 path=/home/projects/bagon/shared/imagenet512/val/n12144580/ILSVRC2012_val_00017589.JPEG file=example_8455_rank_48076_n12144580_ILSVRC2012_val_00017589.JPEG_steps.csv
2025-09-23 18:58:52,093 - INFO - Skipping already processed example (step log exists): rank=48077 path=/home/projects/bagon/shared/imagenet512/val/n07892512/ILSVRC2012_val_00031627.JPEG file=example_8456_rank_48077_n07892512_ILSVRC2012_val_00031627.JPEG_steps.csv
2025-09-23 18:58:52,093 - INFO - Skipping already processed example (step log exists): rank=48078 path=/home/projects/bagon/shared/imagenet512/val/n01740131/ILSVRC2012_val_00027330.JPEG file=example_8457_rank_48078_n01740131_ILSVRC2012_val_00027330.JPEG_steps.csv
2025-09-23 18:58:52,093 - INFO - Skipping already processed example (step log exists): rank=48079 path=/home/projects/bagon/shared/imagenet512/val/n04372370/ILSVRC2012_val_00035646.JPEG file=example_8458_rank_48079_n04372370_ILSVRC2012_val_00035646.JPEG_steps.csv
2025-09-23 18:58:52,094 - INFO - Skipping already processed example (step log exists): rank=48080 path=/home/projects/bagon/shared/imagenet512/val/n02107908/ILSVRC2012_val_00000594.JPEG file=example_8459_rank_48080_n02107908_ILSVRC2012_val_00000594.JPEG_steps.csv
2025-09-23 18:58:52,094 - INFO - Skipping already processed example (step log exists): rank=48081 path=/home/projects/bagon/shared/imagenet512/val/n02133161/ILSVRC2012_val_00045189.JPEG file=example_8460_rank_48081_n02133161_ILSVRC2012_val_00045189.JPEG_steps.csv
2025-09-23 18:58:52,095 - INFO - Skipping already processed example (step log exists): rank=48082 path=/home/projects/bagon/shared/imagenet512/val/n04026417/ILSVRC2012_val_00013578.JPEG file=example_8461_rank_48082_n04026417_ILSVRC2012_val_00013578.JPEG_steps.csv
2025-09-23 18:58:52,095 - INFO - Skipping already processed example (step log exists): rank=48083 path=/home/projects/bagon/shared/imagenet512/val/n03710637/ILSVRC2012_val_00049705.JPEG file=example_8462_rank_48083_n03710637_ILSVRC2012_val_00049705.JPEG_steps.csv
2025-09-23 18:58:52,096 - INFO - Skipping already processed example (step log exists): rank=48084 path=/home/projects/bagon/shared/imagenet512/val/n02226429/ILSVRC2012_val_00002904.JPEG file=example_8463_rank_48084_n02226429_ILSVRC2012_val_00002904.JPEG_steps.csv
2025-09-23 18:58:52,096 - INFO - Skipping already processed example (step log exists): rank=48085 path=/home/projects/bagon/shared/imagenet512/val/n02974003/ILSVRC2012_val_00011981.JPEG file=example_8464_rank_48085_n02974003_ILSVRC2012_val_00011981.JPEG_steps.csv
2025-09-23 18:58:52,097 - INFO - Skipping already processed example (step log exists): rank=48086 path=/home/projects/bagon/shared/imagenet512/val/n02776631/ILSVRC2012_val_00025555.JPEG file=example_8465_rank_48086_n02776631_ILSVRC2012_val_00025555.JPEG_steps.csv
2025-09-23 18:58:52,097 - INFO - Skipping already processed example (step log exists): rank=48087 path=/home/projects/bagon/shared/imagenet512/val/n09428293/ILSVRC2012_val_00032058.JPEG file=example_8466_rank_48087_n09428293_ILSVRC2012_val_00032058.JPEG_steps.csv
2025-09-23 18:58:52,099 - INFO - Skipping already processed example (step log exists): rank=48088 path=/home/projects/bagon/shared/imagenet512/val/n02814533/ILSVRC2012_val_00027049.JPEG file=example_8467_rank_48088_n02814533_ILSVRC2012_val_00027049.JPEG_steps.csv
2025-09-23 18:58:52,099 - INFO - Skipping already processed example (step log exists): rank=48089 path=/home/projects/bagon/shared/imagenet512/val/n03125729/ILSVRC2012_val_00007834.JPEG file=example_8468_rank_48089_n03125729_ILSVRC2012_val_00007834.JPEG_steps.csv
2025-09-23 18:58:52,100 - INFO - Skipping already processed example (step log exists): rank=48090 path=/home/projects/bagon/shared/imagenet512/val/n01742172/ILSVRC2012_val_00026766.JPEG file=example_8469_rank_48090_n01742172_ILSVRC2012_val_00026766.JPEG_steps.csv
2025-09-23 18:58:52,100 - INFO - Skipping already processed example (step log exists): rank=48091 path=/home/projects/bagon/shared/imagenet512/val/n03773504/ILSVRC2012_val_00049002.JPEG file=example_8470_rank_48091_n03773504_ILSVRC2012_val_00049002.JPEG_steps.csv
2025-09-23 18:58:52,101 - INFO - Skipping already processed example (step log exists): rank=48092 path=/home/projects/bagon/shared/imagenet512/val/n02493509/ILSVRC2012_val_00014306.JPEG file=example_8471_rank_48092_n02493509_ILSVRC2012_val_00014306.JPEG_steps.csv
2025-09-23 18:58:52,101 - INFO - Skipping already processed example (step log exists): rank=48093 path=/home/projects/bagon/shared/imagenet512/val/n02107908/ILSVRC2012_val_00034931.JPEG file=example_8472_rank_48093_n02107908_ILSVRC2012_val_00034931.JPEG_steps.csv
2025-09-23 18:58:52,102 - INFO - Skipping already processed example (step log exists): rank=48094 path=/home/projects/bagon/shared/imagenet512/val/n02127052/ILSVRC2012_val_00009992.JPEG file=example_8473_rank_48094_n02127052_ILSVRC2012_val_00009992.JPEG_steps.csv
2025-09-23 18:58:52,102 - INFO - Skipping already processed example (step log exists): rank=48095 path=/home/projects/bagon/shared/imagenet512/val/n02231487/ILSVRC2012_val_00043867.JPEG file=example_8474_rank_48095_n02231487_ILSVRC2012_val_00043867.JPEG_steps.csv
2025-09-23 18:58:52,103 - INFO - Skipping already processed example (step log exists): rank=48096 path=/home/projects/bagon/shared/imagenet512/val/n01943899/ILSVRC2012_val_00005706.JPEG file=example_8475_rank_48096_n01943899_ILSVRC2012_val_00005706.JPEG_steps.csv
2025-09-23 18:58:52,103 - INFO - Skipping already processed example (step log exists): rank=48097 path=/home/projects/bagon/shared/imagenet512/val/n02699494/ILSVRC2012_val_00028971.JPEG file=example_8476_rank_48097_n02699494_ILSVRC2012_val_00028971.JPEG_steps.csv
2025-09-23 18:58:52,104 - INFO - Skipping already processed example (step log exists): rank=48098 path=/home/projects/bagon/shared/imagenet512/val/n07873807/ILSVRC2012_val_00032518.JPEG file=example_8477_rank_48098_n07873807_ILSVRC2012_val_00032518.JPEG_steps.csv
2025-09-23 18:58:52,104 - INFO - Skipping already processed example (step log exists): rank=48099 path=/home/projects/bagon/shared/imagenet512/val/n04263257/ILSVRC2012_val_00042927.JPEG file=example_8478_rank_48099_n04263257_ILSVRC2012_val_00042927.JPEG_steps.csv
2025-09-23 18:58:52,105 - INFO - Skipping already processed example (step log exists): rank=48100 path=/home/projects/bagon/shared/imagenet512/val/n02088466/ILSVRC2012_val_00018835.JPEG file=example_8479_rank_48100_n02088466_ILSVRC2012_val_00018835.JPEG_steps.csv
2025-09-23 18:58:52,105 - INFO - Skipping already processed example (step log exists): rank=48101 path=/home/projects/bagon/shared/imagenet512/val/n03527444/ILSVRC2012_val_00047965.JPEG file=example_8480_rank_48101_n03527444_ILSVRC2012_val_00047965.JPEG_steps.csv
2025-09-23 18:58:52,105 - INFO - Skipping already processed example (step log exists): rank=48102 path=/home/projects/bagon/shared/imagenet512/val/n01491361/ILSVRC2012_val_00028564.JPEG file=example_8481_rank_48102_n01491361_ILSVRC2012_val_00028564.JPEG_steps.csv
2025-09-23 18:58:52,106 - INFO - Skipping already processed example (step log exists): rank=48103 path=/home/projects/bagon/shared/imagenet512/val/n02089078/ILSVRC2012_val_00049229.JPEG file=example_8482_rank_48103_n02089078_ILSVRC2012_val_00049229.JPEG_steps.csv
2025-09-23 18:58:52,107 - INFO - Skipping already processed example (step log exists): rank=48104 path=/home/projects/bagon/shared/imagenet512/val/n04525038/ILSVRC2012_val_00008589.JPEG file=example_8483_rank_48104_n04525038_ILSVRC2012_val_00008589.JPEG_steps.csv
2025-09-23 18:58:52,107 - INFO - Skipping already processed example (step log exists): rank=48105 path=/home/projects/bagon/shared/imagenet512/val/n03871628/ILSVRC2012_val_00047844.JPEG file=example_8484_rank_48105_n03871628_ILSVRC2012_val_00047844.JPEG_steps.csv
2025-09-23 18:58:52,108 - INFO - Skipping already processed example (step log exists): rank=48106 path=/home/projects/bagon/shared/imagenet512/val/n04041544/ILSVRC2012_val_00037957.JPEG file=example_8485_rank_48106_n04041544_ILSVRC2012_val_00037957.JPEG_steps.csv
2025-09-23 18:58:52,108 - INFO - Skipping already processed example (step log exists): rank=48107 path=/home/projects/bagon/shared/imagenet512/val/n03400231/ILSVRC2012_val_00049394.JPEG file=example_8486_rank_48107_n03400231_ILSVRC2012_val_00049394.JPEG_steps.csv
2025-09-23 18:58:52,109 - INFO - Skipping already processed example (step log exists): rank=48108 path=/home/projects/bagon/shared/imagenet512/val/n01980166/ILSVRC2012_val_00015319.JPEG file=example_8487_rank_48108_n01980166_ILSVRC2012_val_00015319.JPEG_steps.csv
2025-09-23 18:58:52,109 - INFO - Skipping already processed example (step log exists): rank=48109 path=/home/projects/bagon/shared/imagenet512/val/n01755581/ILSVRC2012_val_00037451.JPEG file=example_8488_rank_48109_n01755581_ILSVRC2012_val_00037451.JPEG_steps.csv
2025-09-23 18:58:52,110 - INFO - Skipping already processed example (step log exists): rank=48110 path=/home/projects/bagon/shared/imagenet512/val/n02939185/ILSVRC2012_val_00031283.JPEG file=example_8489_rank_48110_n02939185_ILSVRC2012_val_00031283.JPEG_steps.csv
2025-09-23 18:58:52,110 - INFO - Skipping already processed example (step log exists): rank=48111 path=/home/projects/bagon/shared/imagenet512/val/n02087046/ILSVRC2012_val_00011748.JPEG file=example_8490_rank_48111_n02087046_ILSVRC2012_val_00011748.JPEG_steps.csv
2025-09-23 18:58:52,111 - INFO - Skipping already processed example (step log exists): rank=48112 path=/home/projects/bagon/shared/imagenet512/val/n04367480/ILSVRC2012_val_00028163.JPEG file=example_8491_rank_48112_n04367480_ILSVRC2012_val_00028163.JPEG_steps.csv
2025-09-23 18:58:52,111 - INFO - Skipping already processed example (step log exists): rank=48113 path=/home/projects/bagon/shared/imagenet512/val/n03706229/ILSVRC2012_val_00046884.JPEG file=example_8492_rank_48113_n03706229_ILSVRC2012_val_00046884.JPEG_steps.csv
2025-09-23 18:58:52,112 - INFO - Skipping already processed example (step log exists): rank=48114 path=/home/projects/bagon/shared/imagenet512/val/n04264628/ILSVRC2012_val_00024474.JPEG file=example_8493_rank_48114_n04264628_ILSVRC2012_val_00024474.JPEG_steps.csv
2025-09-23 18:58:52,112 - INFO - Skipping already processed example (step log exists): rank=48115 path=/home/projects/bagon/shared/imagenet512/val/n01984695/ILSVRC2012_val_00042491.JPEG file=example_8494_rank_48115_n01984695_ILSVRC2012_val_00042491.JPEG_steps.csv
2025-09-23 18:58:52,112 - INFO - Skipping already processed example (step log exists): rank=48116 path=/home/projects/bagon/shared/imagenet512/val/n07734744/ILSVRC2012_val_00011179.JPEG file=example_8495_rank_48116_n07734744_ILSVRC2012_val_00011179.JPEG_steps.csv
2025-09-23 18:58:52,113 - INFO - Skipping already processed example (step log exists): rank=48117 path=/home/projects/bagon/shared/imagenet512/val/n02815834/ILSVRC2012_val_00032560.JPEG file=example_8496_rank_48117_n02815834_ILSVRC2012_val_00032560.JPEG_steps.csv
2025-09-23 18:58:52,113 - INFO - Skipping already processed example (step log exists): rank=48118 path=/home/projects/bagon/shared/imagenet512/val/n02098413/ILSVRC2012_val_00049190.JPEG file=example_8497_rank_48118_n02098413_ILSVRC2012_val_00049190.JPEG_steps.csv
2025-09-23 18:58:52,114 - INFO - Skipping already processed example (step log exists): rank=48119 path=/home/projects/bagon/shared/imagenet512/val/n03832673/ILSVRC2012_val_00032526.JPEG file=example_8498_rank_48119_n03832673_ILSVRC2012_val_00032526.JPEG_steps.csv
2025-09-23 18:58:52,114 - INFO - Skipping already processed example (step log exists): rank=48120 path=/home/projects/bagon/shared/imagenet512/val/n04428191/ILSVRC2012_val_00025547.JPEG file=example_8499_rank_48120_n04428191_ILSVRC2012_val_00025547.JPEG_steps.csv
2025-09-23 18:58:52,116 - INFO - Skipping already processed example (step log exists): rank=48121 path=/home/projects/bagon/shared/imagenet512/val/n03871628/ILSVRC2012_val_00003796.JPEG file=example_8500_rank_48121_n03871628_ILSVRC2012_val_00003796.JPEG_steps.csv
2025-09-23 18:58:52,117 - INFO - Skipping already processed example (step log exists): rank=48122 path=/home/projects/bagon/shared/imagenet512/val/n02123159/ILSVRC2012_val_00013550.JPEG file=example_8501_rank_48122_n02123159_ILSVRC2012_val_00013550.JPEG_steps.csv
2025-09-23 18:58:52,117 - INFO - Skipping already processed example (step log exists): rank=48123 path=/home/projects/bagon/shared/imagenet512/val/n02412080/ILSVRC2012_val_00007299.JPEG file=example_8502_rank_48123_n02412080_ILSVRC2012_val_00007299.JPEG_steps.csv
2025-09-23 18:58:52,118 - INFO - Skipping already processed example (step log exists): rank=48124 path=/home/projects/bagon/shared/imagenet512/val/n02974003/ILSVRC2012_val_00003456.JPEG file=example_8503_rank_48124_n02974003_ILSVRC2012_val_00003456.JPEG_steps.csv
2025-09-23 18:58:52,118 - INFO - Skipping already processed example (step log exists): rank=48125 path=/home/projects/bagon/shared/imagenet512/val/n03220513/ILSVRC2012_val_00018960.JPEG file=example_8504_rank_48125_n03220513_ILSVRC2012_val_00018960.JPEG_steps.csv
2025-09-23 18:58:52,119 - INFO - Skipping already processed example (step log exists): rank=48126 path=/home/projects/bagon/shared/imagenet512/val/n01843383/ILSVRC2012_val_00040051.JPEG file=example_8505_rank_48126_n01843383_ILSVRC2012_val_00040051.JPEG_steps.csv
2025-09-23 18:58:52,119 - INFO - Skipping already processed example (step log exists): rank=48127 path=/home/projects/bagon/shared/imagenet512/val/n13133613/ILSVRC2012_val_00047388.JPEG file=example_8506_rank_48127_n13133613_ILSVRC2012_val_00047388.JPEG_steps.csv
2025-09-23 18:58:52,120 - INFO - Skipping already processed example (step log exists): rank=48128 path=/home/projects/bagon/shared/imagenet512/val/n02233338/ILSVRC2012_val_00007891.JPEG file=example_8507_rank_48128_n02233338_ILSVRC2012_val_00007891.JPEG_steps.csv
2025-09-23 18:58:52,120 - INFO - Skipping already processed example (step log exists): rank=48129 path=/home/projects/bagon/shared/imagenet512/val/n01776313/ILSVRC2012_val_00034020.JPEG file=example_8508_rank_48129_n01776313_ILSVRC2012_val_00034020.JPEG_steps.csv
2025-09-23 18:58:52,121 - INFO - Skipping already processed example (step log exists): rank=48130 path=/home/projects/bagon/shared/imagenet512/val/n01797886/ILSVRC2012_val_00026924.JPEG file=example_8509_rank_48130_n01797886_ILSVRC2012_val_00026924.JPEG_steps.csv
2025-09-23 18:58:52,121 - INFO - Skipping already processed example (step log exists): rank=48131 path=/home/projects/bagon/shared/imagenet512/val/n04592741/ILSVRC2012_val_00018394.JPEG file=example_8510_rank_48131_n04592741_ILSVRC2012_val_00018394.JPEG_steps.csv
2025-09-23 18:58:52,122 - INFO - Skipping already processed example (step log exists): rank=48132 path=/home/projects/bagon/shared/imagenet512/val/n03623198/ILSVRC2012_val_00040084.JPEG file=example_8511_rank_48132_n03623198_ILSVRC2012_val_00040084.JPEG_steps.csv
2025-09-23 18:58:52,122 - INFO - Skipping already processed example (step log exists): rank=48133 path=/home/projects/bagon/shared/imagenet512/val/n02666196/ILSVRC2012_val_00031659.JPEG file=example_8512_rank_48133_n02666196_ILSVRC2012_val_00031659.JPEG_steps.csv
2025-09-23 18:58:52,123 - INFO - Skipping already processed example (step log exists): rank=48134 path=/home/projects/bagon/shared/imagenet512/val/n02804414/ILSVRC2012_val_00049295.JPEG file=example_8513_rank_48134_n02804414_ILSVRC2012_val_00049295.JPEG_steps.csv
2025-09-23 18:58:52,123 - INFO - Skipping already processed example (step log exists): rank=48135 path=/home/projects/bagon/shared/imagenet512/val/n04264628/ILSVRC2012_val_00030393.JPEG file=example_8514_rank_48135_n04264628_ILSVRC2012_val_00030393.JPEG_steps.csv
2025-09-23 18:58:52,124 - INFO - Skipping already processed example (step log exists): rank=48136 path=/home/projects/bagon/shared/imagenet512/val/n07836838/ILSVRC2012_val_00007307.JPEG file=example_8515_rank_48136_n07836838_ILSVRC2012_val_00007307.JPEG_steps.csv
2025-09-23 18:58:52,124 - INFO - Skipping already processed example (step log exists): rank=48137 path=/home/projects/bagon/shared/imagenet512/val/n03045698/ILSVRC2012_val_00013709.JPEG file=example_8516_rank_48137_n03045698_ILSVRC2012_val_00013709.JPEG_steps.csv
2025-09-23 18:58:52,125 - INFO - Skipping already processed example (step log exists): rank=48138 path=/home/projects/bagon/shared/imagenet512/val/n01729977/ILSVRC2012_val_00045349.JPEG file=example_8517_rank_48138_n01729977_ILSVRC2012_val_00045349.JPEG_steps.csv
2025-09-23 18:58:52,125 - INFO - Skipping already processed example (step log exists): rank=48139 path=/home/projects/bagon/shared/imagenet512/val/n02494079/ILSVRC2012_val_00002561.JPEG file=example_8518_rank_48139_n02494079_ILSVRC2012_val_00002561.JPEG_steps.csv
2025-09-23 18:58:52,126 - INFO - Skipping already processed example (step log exists): rank=48140 path=/home/projects/bagon/shared/imagenet512/val/n04532106/ILSVRC2012_val_00043135.JPEG file=example_8519_rank_48140_n04532106_ILSVRC2012_val_00043135.JPEG_steps.csv
2025-09-23 18:58:52,126 - INFO - Skipping already processed example (step log exists): rank=48141 path=/home/projects/bagon/shared/imagenet512/val/n03876231/ILSVRC2012_val_00003797.JPEG file=example_8520_rank_48141_n03876231_ILSVRC2012_val_00003797.JPEG_steps.csv
2025-09-23 18:58:52,126 - INFO - Skipping already processed example (step log exists): rank=48142 path=/home/projects/bagon/shared/imagenet512/val/n04591157/ILSVRC2012_val_00004858.JPEG file=example_8521_rank_48142_n04591157_ILSVRC2012_val_00004858.JPEG_steps.csv
2025-09-23 18:58:52,127 - INFO - Skipping already processed example (step log exists): rank=48143 path=/home/projects/bagon/shared/imagenet512/val/n02486261/ILSVRC2012_val_00047375.JPEG file=example_8522_rank_48143_n02486261_ILSVRC2012_val_00047375.JPEG_steps.csv
2025-09-23 18:58:52,127 - INFO - Skipping already processed example (step log exists): rank=48144 path=/home/projects/bagon/shared/imagenet512/val/n03483316/ILSVRC2012_val_00016008.JPEG file=example_8523_rank_48144_n03483316_ILSVRC2012_val_00016008.JPEG_steps.csv
2025-09-23 18:58:52,128 - INFO - Skipping already processed example (step log exists): rank=48145 path=/home/projects/bagon/shared/imagenet512/val/n01773549/ILSVRC2012_val_00015506.JPEG file=example_8524_rank_48145_n01773549_ILSVRC2012_val_00015506.JPEG_steps.csv
2025-09-23 18:58:52,128 - INFO - Skipping already processed example (step log exists): rank=48146 path=/home/projects/bagon/shared/imagenet512/val/n03642806/ILSVRC2012_val_00019840.JPEG file=example_8525_rank_48146_n03642806_ILSVRC2012_val_00019840.JPEG_steps.csv
2025-09-23 18:58:52,129 - INFO - Skipping already processed example (step log exists): rank=48147 path=/home/projects/bagon/shared/imagenet512/val/n02099712/ILSVRC2012_val_00048301.JPEG file=example_8526_rank_48147_n02099712_ILSVRC2012_val_00048301.JPEG_steps.csv
2025-09-23 18:58:52,130 - INFO - Skipping already processed example (step log exists): rank=48148 path=/home/projects/bagon/shared/imagenet512/val/n03899768/ILSVRC2012_val_00033401.JPEG file=example_8527_rank_48148_n03899768_ILSVRC2012_val_00033401.JPEG_steps.csv
2025-09-23 18:58:52,130 - INFO - Skipping already processed example (step log exists): rank=48149 path=/home/projects/bagon/shared/imagenet512/val/n03485794/ILSVRC2012_val_00017018.JPEG file=example_8528_rank_48149_n03485794_ILSVRC2012_val_00017018.JPEG_steps.csv
2025-09-23 18:58:52,131 - INFO - Skipping already processed example (step log exists): rank=48150 path=/home/projects/bagon/shared/imagenet512/val/n03961711/ILSVRC2012_val_00014249.JPEG file=example_8529_rank_48150_n03961711_ILSVRC2012_val_00014249.JPEG_steps.csv
2025-09-23 18:58:52,131 - INFO - Skipping already processed example (step log exists): rank=48151 path=/home/projects/bagon/shared/imagenet512/val/n02085936/ILSVRC2012_val_00033310.JPEG file=example_8530_rank_48151_n02085936_ILSVRC2012_val_00033310.JPEG_steps.csv
2025-09-23 18:58:52,132 - INFO - Skipping already processed example (step log exists): rank=48152 path=/home/projects/bagon/shared/imagenet512/val/n04493381/ILSVRC2012_val_00017340.JPEG file=example_8531_rank_48152_n04493381_ILSVRC2012_val_00017340.JPEG_steps.csv
2025-09-23 18:58:52,132 - INFO - Skipping already processed example (step log exists): rank=48153 path=/home/projects/bagon/shared/imagenet512/val/n04476259/ILSVRC2012_val_00041714.JPEG file=example_8532_rank_48153_n04476259_ILSVRC2012_val_00041714.JPEG_steps.csv
2025-09-23 18:58:52,132 - INFO - Skipping already processed example (step log exists): rank=48154 path=/home/projects/bagon/shared/imagenet512/val/n07579787/ILSVRC2012_val_00027380.JPEG file=example_8533_rank_48154_n07579787_ILSVRC2012_val_00027380.JPEG_steps.csv
2025-09-23 18:58:52,133 - INFO - Skipping already processed example (step log exists): rank=48155 path=/home/projects/bagon/shared/imagenet512/val/n01687978/ILSVRC2012_val_00030918.JPEG file=example_8534_rank_48155_n01687978_ILSVRC2012_val_00030918.JPEG_steps.csv
2025-09-23 18:58:52,133 - INFO - Skipping already processed example (step log exists): rank=48156 path=/home/projects/bagon/shared/imagenet512/val/n02086240/ILSVRC2012_val_00023653.JPEG file=example_8535_rank_48156_n02086240_ILSVRC2012_val_00023653.JPEG_steps.csv
2025-09-23 18:58:52,134 - INFO - Skipping already processed example (step log exists): rank=48157 path=/home/projects/bagon/shared/imagenet512/val/n04286575/ILSVRC2012_val_00025176.JPEG file=example_8536_rank_48157_n04286575_ILSVRC2012_val_00025176.JPEG_steps.csv
2025-09-23 18:58:52,134 - INFO - Skipping already processed example (step log exists): rank=48158 path=/home/projects/bagon/shared/imagenet512/val/n01978455/ILSVRC2012_val_00029812.JPEG file=example_8537_rank_48158_n01978455_ILSVRC2012_val_00029812.JPEG_steps.csv
2025-09-23 18:58:52,135 - INFO - Skipping already processed example (step log exists): rank=48159 path=/home/projects/bagon/shared/imagenet512/val/n02091244/ILSVRC2012_val_00019356.JPEG file=example_8538_rank_48159_n02091244_ILSVRC2012_val_00019356.JPEG_steps.csv
2025-09-23 18:58:52,135 - INFO - Skipping already processed example (step log exists): rank=48160 path=/home/projects/bagon/shared/imagenet512/val/n02105251/ILSVRC2012_val_00013937.JPEG file=example_8539_rank_48160_n02105251_ILSVRC2012_val_00013937.JPEG_steps.csv
2025-09-23 18:58:52,136 - INFO - Skipping already processed example (step log exists): rank=48161 path=/home/projects/bagon/shared/imagenet512/val/n04591157/ILSVRC2012_val_00035334.JPEG file=example_8540_rank_48161_n04591157_ILSVRC2012_val_00035334.JPEG_steps.csv
2025-09-23 18:58:52,136 - INFO - Skipping already processed example (step log exists): rank=48162 path=/home/projects/bagon/shared/imagenet512/val/n02395406/ILSVRC2012_val_00013411.JPEG file=example_8541_rank_48162_n02395406_ILSVRC2012_val_00013411.JPEG_steps.csv
2025-09-23 18:58:52,137 - INFO - Skipping already processed example (step log exists): rank=48163 path=/home/projects/bagon/shared/imagenet512/val/n01773549/ILSVRC2012_val_00004271.JPEG file=example_8542_rank_48163_n01773549_ILSVRC2012_val_00004271.JPEG_steps.csv
2025-09-23 18:58:52,137 - INFO - Skipping already processed example (step log exists): rank=48164 path=/home/projects/bagon/shared/imagenet512/val/n12144580/ILSVRC2012_val_00010324.JPEG file=example_8543_rank_48164_n12144580_ILSVRC2012_val_00010324.JPEG_steps.csv
2025-09-23 18:58:52,137 - INFO - Skipping already processed example (step log exists): rank=48165 path=/home/projects/bagon/shared/imagenet512/val/n02783161/ILSVRC2012_val_00038879.JPEG file=example_8544_rank_48165_n02783161_ILSVRC2012_val_00038879.JPEG_steps.csv
2025-09-23 18:58:52,138 - INFO - Skipping already processed example (step log exists): rank=48166 path=/home/projects/bagon/shared/imagenet512/val/n02395406/ILSVRC2012_val_00034418.JPEG file=example_8545_rank_48166_n02395406_ILSVRC2012_val_00034418.JPEG_steps.csv
2025-09-23 18:58:52,138 - INFO - Skipping already processed example (step log exists): rank=48167 path=/home/projects/bagon/shared/imagenet512/val/n02093991/ILSVRC2012_val_00032239.JPEG file=example_8546_rank_48167_n02093991_ILSVRC2012_val_00032239.JPEG_steps.csv
2025-09-23 18:58:52,139 - INFO - Skipping already processed example (step log exists): rank=48168 path=/home/projects/bagon/shared/imagenet512/val/n02112137/ILSVRC2012_val_00017265.JPEG file=example_8547_rank_48168_n02112137_ILSVRC2012_val_00017265.JPEG_steps.csv
2025-09-23 18:58:52,139 - INFO - Skipping already processed example (step log exists): rank=48169 path=/home/projects/bagon/shared/imagenet512/val/n01693334/ILSVRC2012_val_00040704.JPEG file=example_8548_rank_48169_n01693334_ILSVRC2012_val_00040704.JPEG_steps.csv
2025-09-23 18:58:52,140 - INFO - Skipping already processed example (step log exists): rank=48170 path=/home/projects/bagon/shared/imagenet512/val/n03133878/ILSVRC2012_val_00046378.JPEG file=example_8549_rank_48170_n03133878_ILSVRC2012_val_00046378.JPEG_steps.csv
2025-09-23 18:58:52,140 - INFO - Skipping already processed example (step log exists): rank=48171 path=/home/projects/bagon/shared/imagenet512/val/n01749939/ILSVRC2012_val_00006403.JPEG file=example_8550_rank_48171_n01749939_ILSVRC2012_val_00006403.JPEG_steps.csv
2025-09-23 18:58:52,141 - INFO - Skipping already processed example (step log exists): rank=48172 path=/home/projects/bagon/shared/imagenet512/val/n04264628/ILSVRC2012_val_00014491.JPEG file=example_8551_rank_48172_n04264628_ILSVRC2012_val_00014491.JPEG_steps.csv
2025-09-23 18:58:52,141 - INFO - Skipping already processed example (step log exists): rank=48173 path=/home/projects/bagon/shared/imagenet512/val/n02109961/ILSVRC2012_val_00035036.JPEG file=example_8552_rank_48173_n02109961_ILSVRC2012_val_00035036.JPEG_steps.csv
2025-09-23 18:58:52,142 - INFO - Skipping already processed example (step log exists): rank=48174 path=/home/projects/bagon/shared/imagenet512/val/n02097658/ILSVRC2012_val_00043476.JPEG file=example_8553_rank_48174_n02097658_ILSVRC2012_val_00043476.JPEG_steps.csv
2025-09-23 18:58:52,142 - INFO - Skipping already processed example (step log exists): rank=48175 path=/home/projects/bagon/shared/imagenet512/val/n07716358/ILSVRC2012_val_00034308.JPEG file=example_8554_rank_48175_n07716358_ILSVRC2012_val_00034308.JPEG_steps.csv
2025-09-23 18:58:52,143 - INFO - Skipping already processed example (step log exists): rank=48176 path=/home/projects/bagon/shared/imagenet512/val/n04356056/ILSVRC2012_val_00028106.JPEG file=example_8555_rank_48176_n04356056_ILSVRC2012_val_00028106.JPEG_steps.csv
2025-09-23 18:58:52,143 - INFO - Skipping already processed example (step log exists): rank=48177 path=/home/projects/bagon/shared/imagenet512/val/n04239074/ILSVRC2012_val_00021568.JPEG file=example_8556_rank_48177_n04239074_ILSVRC2012_val_00021568.JPEG_steps.csv
2025-09-23 18:58:52,144 - INFO - Skipping already processed example (step log exists): rank=48178 path=/home/projects/bagon/shared/imagenet512/val/n03476684/ILSVRC2012_val_00037847.JPEG file=example_8557_rank_48178_n03476684_ILSVRC2012_val_00037847.JPEG_steps.csv
2025-09-23 18:58:52,144 - INFO - Skipping already processed example (step log exists): rank=48179 path=/home/projects/bagon/shared/imagenet512/val/n04560804/ILSVRC2012_val_00003263.JPEG file=example_8558_rank_48179_n04560804_ILSVRC2012_val_00003263.JPEG_steps.csv
2025-09-23 18:58:52,144 - INFO - Skipping already processed example (step log exists): rank=48180 path=/home/projects/bagon/shared/imagenet512/val/n02948072/ILSVRC2012_val_00034517.JPEG file=example_8559_rank_48180_n02948072_ILSVRC2012_val_00034517.JPEG_steps.csv
2025-09-23 18:58:52,145 - INFO - Skipping already processed example (step log exists): rank=48181 path=/home/projects/bagon/shared/imagenet512/val/n03866082/ILSVRC2012_val_00003554.JPEG file=example_8560_rank_48181_n03866082_ILSVRC2012_val_00003554.JPEG_steps.csv
2025-09-23 18:58:52,145 - INFO - Skipping already processed example (step log exists): rank=48182 path=/home/projects/bagon/shared/imagenet512/val/n03146219/ILSVRC2012_val_00026216.JPEG file=example_8561_rank_48182_n03146219_ILSVRC2012_val_00026216.JPEG_steps.csv
2025-09-23 18:58:52,146 - INFO - Skipping already processed example (step log exists): rank=48183 path=/home/projects/bagon/shared/imagenet512/val/n03532672/ILSVRC2012_val_00034955.JPEG file=example_8562_rank_48183_n03532672_ILSVRC2012_val_00034955.JPEG_steps.csv
2025-09-23 18:58:52,146 - INFO - Skipping already processed example (step log exists): rank=48184 path=/home/projects/bagon/shared/imagenet512/val/n02093647/ILSVRC2012_val_00045493.JPEG file=example_8563_rank_48184_n02093647_ILSVRC2012_val_00045493.JPEG_steps.csv
2025-09-23 18:58:52,147 - INFO - Skipping already processed example (step log exists): rank=48185 path=/home/projects/bagon/shared/imagenet512/val/n07892512/ILSVRC2012_val_00007376.JPEG file=example_8564_rank_48185_n07892512_ILSVRC2012_val_00007376.JPEG_steps.csv
2025-09-23 18:58:52,147 - INFO - Skipping already processed example (step log exists): rank=48186 path=/home/projects/bagon/shared/imagenet512/val/n03347037/ILSVRC2012_val_00030922.JPEG file=example_8565_rank_48186_n03347037_ILSVRC2012_val_00030922.JPEG_steps.csv
2025-09-23 18:58:52,147 - INFO - Skipping already processed example (step log exists): rank=48187 path=/home/projects/bagon/shared/imagenet512/val/n04264628/ILSVRC2012_val_00029531.JPEG file=example_8566_rank_48187_n04264628_ILSVRC2012_val_00029531.JPEG_steps.csv
2025-09-23 18:58:52,148 - INFO - Skipping already processed example (step log exists): rank=48188 path=/home/projects/bagon/shared/imagenet512/val/n02100236/ILSVRC2012_val_00049130.JPEG file=example_8567_rank_48188_n02100236_ILSVRC2012_val_00049130.JPEG_steps.csv
2025-09-23 18:58:52,148 - INFO - Skipping already processed example (step log exists): rank=48189 path=/home/projects/bagon/shared/imagenet512/val/n01667778/ILSVRC2012_val_00028599.JPEG file=example_8568_rank_48189_n01667778_ILSVRC2012_val_00028599.JPEG_steps.csv
2025-09-23 18:58:52,149 - INFO - Skipping already processed example (step log exists): rank=48190 path=/home/projects/bagon/shared/imagenet512/val/n04350905/ILSVRC2012_val_00006635.JPEG file=example_8569_rank_48190_n04350905_ILSVRC2012_val_00006635.JPEG_steps.csv
2025-09-23 18:58:52,149 - INFO - Skipping already processed example (step log exists): rank=48191 path=/home/projects/bagon/shared/imagenet512/val/n03868863/ILSVRC2012_val_00042990.JPEG file=example_8570_rank_48191_n03868863_ILSVRC2012_val_00042990.JPEG_steps.csv
2025-09-23 18:58:52,150 - INFO - Skipping already processed example (step log exists): rank=48192 path=/home/projects/bagon/shared/imagenet512/val/n04264628/ILSVRC2012_val_00018157.JPEG file=example_8571_rank_48192_n04264628_ILSVRC2012_val_00018157.JPEG_steps.csv
2025-09-23 18:58:52,150 - INFO - Skipping already processed example (step log exists): rank=48193 path=/home/projects/bagon/shared/imagenet512/val/n04590129/ILSVRC2012_val_00002760.JPEG file=example_8572_rank_48193_n04590129_ILSVRC2012_val_00002760.JPEG_steps.csv
2025-09-23 18:58:52,151 - INFO - Skipping already processed example (step log exists): rank=48194 path=/home/projects/bagon/shared/imagenet512/val/n01756291/ILSVRC2012_val_00001706.JPEG file=example_8573_rank_48194_n01756291_ILSVRC2012_val_00001706.JPEG_steps.csv
2025-09-23 18:58:52,151 - INFO - Skipping already processed example (step log exists): rank=48195 path=/home/projects/bagon/shared/imagenet512/val/n02396427/ILSVRC2012_val_00007631.JPEG file=example_8574_rank_48195_n02396427_ILSVRC2012_val_00007631.JPEG_steps.csv
2025-09-23 18:58:52,152 - INFO - Skipping already processed example (step log exists): rank=48197 path=/home/projects/bagon/shared/imagenet512/val/n02112137/ILSVRC2012_val_00022867.JPEG file=example_8575_rank_48197_n02112137_ILSVRC2012_val_00022867.JPEG_steps.csv
2025-09-23 18:58:52,152 - INFO - Skipping already processed example (step log exists): rank=48198 path=/home/projects/bagon/shared/imagenet512/val/n03929660/ILSVRC2012_val_00008406.JPEG file=example_8576_rank_48198_n03929660_ILSVRC2012_val_00008406.JPEG_steps.csv
2025-09-23 18:58:52,153 - INFO - Skipping already processed example (step log exists): rank=48199 path=/home/projects/bagon/shared/imagenet512/val/n03028079/ILSVRC2012_val_00035753.JPEG file=example_8577_rank_48199_n03028079_ILSVRC2012_val_00035753.JPEG_steps.csv
2025-09-23 18:58:52,153 - INFO - Skipping already processed example (step log exists): rank=48200 path=/home/projects/bagon/shared/imagenet512/val/n01773549/ILSVRC2012_val_00040800.JPEG file=example_8578_rank_48200_n01773549_ILSVRC2012_val_00040800.JPEG_steps.csv
2025-09-23 18:58:52,153 - INFO - Skipping already processed example (step log exists): rank=48201 path=/home/projects/bagon/shared/imagenet512/val/n04560804/ILSVRC2012_val_00022034.JPEG file=example_8579_rank_48201_n04560804_ILSVRC2012_val_00022034.JPEG_steps.csv
2025-09-23 18:58:52,154 - INFO - Skipping already processed example (step log exists): rank=48202 path=/home/projects/bagon/shared/imagenet512/val/n01693334/ILSVRC2012_val_00042672.JPEG file=example_8580_rank_48202_n01693334_ILSVRC2012_val_00042672.JPEG_steps.csv
2025-09-23 18:58:52,154 - INFO - Skipping already processed example (step log exists): rank=48203 path=/home/projects/bagon/shared/imagenet512/val/n02790996/ILSVRC2012_val_00046478.JPEG file=example_8581_rank_48203_n02790996_ILSVRC2012_val_00046478.JPEG_steps.csv
2025-09-23 18:58:52,155 - INFO - Skipping already processed example (step log exists): rank=48204 path=/home/projects/bagon/shared/imagenet512/val/n02093256/ILSVRC2012_val_00009949.JPEG file=example_8582_rank_48204_n02093256_ILSVRC2012_val_00009949.JPEG_steps.csv
2025-09-23 18:58:52,155 - INFO - Skipping already processed example (step log exists): rank=48205 path=/home/projects/bagon/shared/imagenet512/val/n02979186/ILSVRC2012_val_00020400.JPEG file=example_8583_rank_48205_n02979186_ILSVRC2012_val_00020400.JPEG_steps.csv
2025-09-23 18:58:52,156 - INFO - Skipping already processed example (step log exists): rank=48207 path=/home/projects/bagon/shared/imagenet512/val/n01689811/ILSVRC2012_val_00044822.JPEG file=example_8584_rank_48207_n01689811_ILSVRC2012_val_00044822.JPEG_steps.csv
2025-09-23 18:58:52,156 - INFO - Skipping already processed example (step log exists): rank=48208 path=/home/projects/bagon/shared/imagenet512/val/n09193705/ILSVRC2012_val_00029881.JPEG file=example_8585_rank_48208_n09193705_ILSVRC2012_val_00029881.JPEG_steps.csv
2025-09-23 18:58:52,157 - INFO - Skipping already processed example (step log exists): rank=48209 path=/home/projects/bagon/shared/imagenet512/val/n02123045/ILSVRC2012_val_00009921.JPEG file=example_8586_rank_48209_n02123045_ILSVRC2012_val_00009921.JPEG_steps.csv
2025-09-23 18:58:52,157 - INFO - Skipping already processed example (step log exists): rank=48210 path=/home/projects/bagon/shared/imagenet512/val/n02790996/ILSVRC2012_val_00013491.JPEG file=example_8587_rank_48210_n02790996_ILSVRC2012_val_00013491.JPEG_steps.csv
2025-09-23 18:58:52,157 - INFO - Skipping already processed example (step log exists): rank=48211 path=/home/projects/bagon/shared/imagenet512/val/n01729977/ILSVRC2012_val_00037187.JPEG file=example_8588_rank_48211_n01729977_ILSVRC2012_val_00037187.JPEG_steps.csv
2025-09-23 18:58:52,158 - INFO - Skipping already processed example (step log exists): rank=48212 path=/home/projects/bagon/shared/imagenet512/val/n04592741/ILSVRC2012_val_00008070.JPEG file=example_8589_rank_48212_n04592741_ILSVRC2012_val_00008070.JPEG_steps.csv
2025-09-23 18:58:52,158 - INFO - Skipping already processed example (step log exists): rank=48213 path=/home/projects/bagon/shared/imagenet512/val/n01630670/ILSVRC2012_val_00049350.JPEG file=example_8590_rank_48213_n01630670_ILSVRC2012_val_00049350.JPEG_steps.csv
2025-09-23 18:58:52,159 - INFO - Skipping already processed example (step log exists): rank=48214 path=/home/projects/bagon/shared/imagenet512/val/n04270147/ILSVRC2012_val_00016601.JPEG file=example_8591_rank_48214_n04270147_ILSVRC2012_val_00016601.JPEG_steps.csv
2025-09-23 18:58:52,159 - INFO - Skipping already processed example (step log exists): rank=48215 path=/home/projects/bagon/shared/imagenet512/val/n02980441/ILSVRC2012_val_00024088.JPEG file=example_8592_rank_48215_n02980441_ILSVRC2012_val_00024088.JPEG_steps.csv
2025-09-23 18:58:52,160 - INFO - Skipping already processed example (step log exists): rank=48216 path=/home/projects/bagon/shared/imagenet512/val/n04033995/ILSVRC2012_val_00024387.JPEG file=example_8593_rank_48216_n04033995_ILSVRC2012_val_00024387.JPEG_steps.csv
2025-09-23 18:58:52,160 - INFO - Skipping already processed example (step log exists): rank=48217 path=/home/projects/bagon/shared/imagenet512/val/n02747177/ILSVRC2012_val_00007993.JPEG file=example_8594_rank_48217_n02747177_ILSVRC2012_val_00007993.JPEG_steps.csv
2025-09-23 18:58:52,161 - INFO - Skipping already processed example (step log exists): rank=48218 path=/home/projects/bagon/shared/imagenet512/val/n02088466/ILSVRC2012_val_00017511.JPEG file=example_8595_rank_48218_n02088466_ILSVRC2012_val_00017511.JPEG_steps.csv
2025-09-23 18:58:52,162 - INFO - Skipping already processed example (step log exists): rank=48219 path=/home/projects/bagon/shared/imagenet512/val/n03658185/ILSVRC2012_val_00034287.JPEG file=example_8596_rank_48219_n03658185_ILSVRC2012_val_00034287.JPEG_steps.csv
2025-09-23 18:58:52,162 - INFO - Skipping already processed example (step log exists): rank=48220 path=/home/projects/bagon/shared/imagenet512/val/n03016953/ILSVRC2012_val_00002055.JPEG file=example_8597_rank_48220_n03016953_ILSVRC2012_val_00002055.JPEG_steps.csv
2025-09-23 18:58:52,163 - INFO - Skipping already processed example (step log exists): rank=48221 path=/home/projects/bagon/shared/imagenet512/val/n02111277/ILSVRC2012_val_00026718.JPEG file=example_8598_rank_48221_n02111277_ILSVRC2012_val_00026718.JPEG_steps.csv
2025-09-23 18:58:52,163 - INFO - Skipping already processed example (step log exists): rank=48222 path=/home/projects/bagon/shared/imagenet512/val/n03259280/ILSVRC2012_val_00026342.JPEG file=example_8599_rank_48222_n03259280_ILSVRC2012_val_00026342.JPEG_steps.csv
2025-09-23 18:58:52,163 - INFO - Skipping already processed example (step log exists): rank=48223 path=/home/projects/bagon/shared/imagenet512/val/n02127052/ILSVRC2012_val_00008342.JPEG file=example_8600_rank_48223_n02127052_ILSVRC2012_val_00008342.JPEG_steps.csv
2025-09-23 18:58:52,164 - INFO - Skipping already processed example (step log exists): rank=48224 path=/home/projects/bagon/shared/imagenet512/val/n02939185/ILSVRC2012_val_00002947.JPEG file=example_8601_rank_48224_n02939185_ILSVRC2012_val_00002947.JPEG_steps.csv
2025-09-23 18:58:52,164 - INFO - Skipping already processed example (step log exists): rank=48225 path=/home/projects/bagon/shared/imagenet512/val/n03773504/ILSVRC2012_val_00011773.JPEG file=example_8602_rank_48225_n03773504_ILSVRC2012_val_00011773.JPEG_steps.csv
2025-09-23 18:58:52,165 - INFO - Skipping already processed example (step log exists): rank=48226 path=/home/projects/bagon/shared/imagenet512/val/n03000247/ILSVRC2012_val_00016222.JPEG file=example_8603_rank_48226_n03000247_ILSVRC2012_val_00016222.JPEG_steps.csv
2025-09-23 18:58:52,165 - INFO - Skipping already processed example (step log exists): rank=48227 path=/home/projects/bagon/shared/imagenet512/val/n02971356/ILSVRC2012_val_00008466.JPEG file=example_8604_rank_48227_n02971356_ILSVRC2012_val_00008466.JPEG_steps.csv
2025-09-23 18:58:52,166 - INFO - Skipping already processed example (step log exists): rank=48228 path=/home/projects/bagon/shared/imagenet512/val/n03594734/ILSVRC2012_val_00031738.JPEG file=example_8605_rank_48228_n03594734_ILSVRC2012_val_00031738.JPEG_steps.csv
2025-09-23 18:58:52,166 - INFO - Skipping already processed example (step log exists): rank=48229 path=/home/projects/bagon/shared/imagenet512/val/n03929855/ILSVRC2012_val_00033853.JPEG file=example_8606_rank_48229_n03929855_ILSVRC2012_val_00033853.JPEG_steps.csv
2025-09-23 18:58:52,167 - INFO - Skipping already processed example (step log exists): rank=48230 path=/home/projects/bagon/shared/imagenet512/val/n04380533/ILSVRC2012_val_00011225.JPEG file=example_8607_rank_48230_n04380533_ILSVRC2012_val_00011225.JPEG_steps.csv
2025-09-23 18:58:52,167 - INFO - Skipping already processed example (step log exists): rank=48231 path=/home/projects/bagon/shared/imagenet512/val/n03476991/ILSVRC2012_val_00024023.JPEG file=example_8608_rank_48231_n03476991_ILSVRC2012_val_00024023.JPEG_steps.csv
2025-09-23 18:58:52,169 - INFO - Skipping already processed example (step log exists): rank=48232 path=/home/projects/bagon/shared/imagenet512/val/n01693334/ILSVRC2012_val_00003375.JPEG file=example_8609_rank_48232_n01693334_ILSVRC2012_val_00003375.JPEG_steps.csv
2025-09-23 18:58:52,169 - INFO - Skipping already processed example (step log exists): rank=48233 path=/home/projects/bagon/shared/imagenet512/val/n03658185/ILSVRC2012_val_00012671.JPEG file=example_8610_rank_48233_n03658185_ILSVRC2012_val_00012671.JPEG_steps.csv
2025-09-23 18:58:52,170 - INFO - Skipping already processed example (step log exists): rank=48234 path=/home/projects/bagon/shared/imagenet512/val/n04357314/ILSVRC2012_val_00038081.JPEG file=example_8611_rank_48234_n04357314_ILSVRC2012_val_00038081.JPEG_steps.csv
2025-09-23 18:58:52,170 - INFO - Skipping already processed example (step log exists): rank=48235 path=/home/projects/bagon/shared/imagenet512/val/n09332890/ILSVRC2012_val_00049549.JPEG file=example_8612_rank_48235_n09332890_ILSVRC2012_val_00049549.JPEG_steps.csv
2025-09-23 18:58:52,171 - INFO - Skipping already processed example (step log exists): rank=48236 path=/home/projects/bagon/shared/imagenet512/val/n04069434/ILSVRC2012_val_00049582.JPEG file=example_8613_rank_48236_n04069434_ILSVRC2012_val_00049582.JPEG_steps.csv
2025-09-23 18:58:52,172 - INFO - Skipping already processed example (step log exists): rank=48237 path=/home/projects/bagon/shared/imagenet512/val/n03710721/ILSVRC2012_val_00003728.JPEG file=example_8614_rank_48237_n03710721_ILSVRC2012_val_00003728.JPEG_steps.csv
2025-09-23 18:58:52,172 - INFO - Skipping already processed example (step log exists): rank=48238 path=/home/projects/bagon/shared/imagenet512/val/n04487394/ILSVRC2012_val_00029268.JPEG file=example_8615_rank_48238_n04487394_ILSVRC2012_val_00029268.JPEG_steps.csv
2025-09-23 18:58:52,172 - INFO - Skipping already processed example (step log exists): rank=48239 path=/home/projects/bagon/shared/imagenet512/val/n03063689/ILSVRC2012_val_00040691.JPEG file=example_8616_rank_48239_n03063689_ILSVRC2012_val_00040691.JPEG_steps.csv
2025-09-23 18:58:52,173 - INFO - Skipping already processed example (step log exists): rank=48240 path=/home/projects/bagon/shared/imagenet512/val/n04429376/ILSVRC2012_val_00049487.JPEG file=example_8617_rank_48240_n04429376_ILSVRC2012_val_00049487.JPEG_steps.csv
2025-09-23 18:58:52,173 - INFO - Skipping already processed example (step log exists): rank=48241 path=/home/projects/bagon/shared/imagenet512/val/n02109047/ILSVRC2012_val_00033634.JPEG file=example_8618_rank_48241_n02109047_ILSVRC2012_val_00033634.JPEG_steps.csv
2025-09-23 18:58:52,174 - INFO - Skipping already processed example (step log exists): rank=48242 path=/home/projects/bagon/shared/imagenet512/val/n01930112/ILSVRC2012_val_00019842.JPEG file=example_8619_rank_48242_n01930112_ILSVRC2012_val_00019842.JPEG_steps.csv
2025-09-23 18:58:52,174 - INFO - Skipping already processed example (step log exists): rank=48243 path=/home/projects/bagon/shared/imagenet512/val/n04133789/ILSVRC2012_val_00021939.JPEG file=example_8620_rank_48243_n04133789_ILSVRC2012_val_00021939.JPEG_steps.csv
2025-09-23 18:58:52,175 - INFO - Skipping already processed example (step log exists): rank=48244 path=/home/projects/bagon/shared/imagenet512/val/n02966687/ILSVRC2012_val_00021519.JPEG file=example_8621_rank_48244_n02966687_ILSVRC2012_val_00021519.JPEG_steps.csv
2025-09-23 18:58:52,175 - INFO - Skipping already processed example (step log exists): rank=48245 path=/home/projects/bagon/shared/imagenet512/val/n03485407/ILSVRC2012_val_00043011.JPEG file=example_8622_rank_48245_n03485407_ILSVRC2012_val_00043011.JPEG_steps.csv
2025-09-23 18:58:52,176 - INFO - Skipping already processed example (step log exists): rank=48246 path=/home/projects/bagon/shared/imagenet512/val/n03796401/ILSVRC2012_val_00011126.JPEG file=example_8623_rank_48246_n03796401_ILSVRC2012_val_00011126.JPEG_steps.csv
2025-09-23 18:58:52,176 - INFO - Skipping already processed example (step log exists): rank=48247 path=/home/projects/bagon/shared/imagenet512/val/n02999410/ILSVRC2012_val_00024843.JPEG file=example_8624_rank_48247_n02999410_ILSVRC2012_val_00024843.JPEG_steps.csv
2025-09-23 18:58:52,176 - INFO - Skipping already processed example (step log exists): rank=48248 path=/home/projects/bagon/shared/imagenet512/val/n02107908/ILSVRC2012_val_00049285.JPEG file=example_8625_rank_48248_n02107908_ILSVRC2012_val_00049285.JPEG_steps.csv
2025-09-23 18:58:52,177 - INFO - Skipping already processed example (step log exists): rank=48249 path=/home/projects/bagon/shared/imagenet512/val/n02089973/ILSVRC2012_val_00004774.JPEG file=example_8626_rank_48249_n02089973_ILSVRC2012_val_00004774.JPEG_steps.csv
2025-09-23 18:58:52,177 - INFO - Skipping already processed example (step log exists): rank=48250 path=/home/projects/bagon/shared/imagenet512/val/n01773549/ILSVRC2012_val_00048990.JPEG file=example_8627_rank_48250_n01773549_ILSVRC2012_val_00048990.JPEG_steps.csv
2025-09-23 18:58:52,178 - INFO - Skipping already processed example (step log exists): rank=48251 path=/home/projects/bagon/shared/imagenet512/val/n03775546/ILSVRC2012_val_00031027.JPEG file=example_8628_rank_48251_n03775546_ILSVRC2012_val_00031027.JPEG_steps.csv
2025-09-23 18:58:52,178 - INFO - Skipping already processed example (step log exists): rank=48252 path=/home/projects/bagon/shared/imagenet512/val/n03272010/ILSVRC2012_val_00025223.JPEG file=example_8629_rank_48252_n03272010_ILSVRC2012_val_00025223.JPEG_steps.csv
2025-09-23 18:58:52,179 - INFO - Skipping already processed example (step log exists): rank=48253 path=/home/projects/bagon/shared/imagenet512/val/n03871628/ILSVRC2012_val_00029585.JPEG file=example_8630_rank_48253_n03871628_ILSVRC2012_val_00029585.JPEG_steps.csv
2025-09-23 18:58:52,179 - INFO - Skipping already processed example (step log exists): rank=48254 path=/home/projects/bagon/shared/imagenet512/val/n04152593/ILSVRC2012_val_00024674.JPEG file=example_8631_rank_48254_n04152593_ILSVRC2012_val_00024674.JPEG_steps.csv
2025-09-23 18:58:52,180 - INFO - Skipping already processed example (step log exists): rank=48255 path=/home/projects/bagon/shared/imagenet512/val/n01641577/ILSVRC2012_val_00014227.JPEG file=example_8632_rank_48255_n01641577_ILSVRC2012_val_00014227.JPEG_steps.csv
2025-09-23 18:58:52,180 - INFO - Skipping already processed example (step log exists): rank=48256 path=/home/projects/bagon/shared/imagenet512/val/n03804744/ILSVRC2012_val_00027879.JPEG file=example_8633_rank_48256_n03804744_ILSVRC2012_val_00027879.JPEG_steps.csv
2025-09-23 18:58:52,181 - INFO - Skipping already processed example (step log exists): rank=48257 path=/home/projects/bagon/shared/imagenet512/val/n02403003/ILSVRC2012_val_00043758.JPEG file=example_8634_rank_48257_n02403003_ILSVRC2012_val_00043758.JPEG_steps.csv
2025-09-23 18:58:52,181 - INFO - Skipping already processed example (step log exists): rank=48258 path=/home/projects/bagon/shared/imagenet512/val/n03781244/ILSVRC2012_val_00036459.JPEG file=example_8635_rank_48258_n03781244_ILSVRC2012_val_00036459.JPEG_steps.csv
2025-09-23 18:58:52,181 - INFO - Skipping already processed example (step log exists): rank=48259 path=/home/projects/bagon/shared/imagenet512/val/n01667778/ILSVRC2012_val_00002832.JPEG file=example_8636_rank_48259_n01667778_ILSVRC2012_val_00002832.JPEG_steps.csv
2025-09-23 18:58:52,182 - INFO - Skipping already processed example (step log exists): rank=48260 path=/home/projects/bagon/shared/imagenet512/val/n03787032/ILSVRC2012_val_00002378.JPEG file=example_8637_rank_48260_n03787032_ILSVRC2012_val_00002378.JPEG_steps.csv
2025-09-23 18:58:52,182 - INFO - Skipping already processed example (step log exists): rank=48261 path=/home/projects/bagon/shared/imagenet512/val/n02106030/ILSVRC2012_val_00040015.JPEG file=example_8638_rank_48261_n02106030_ILSVRC2012_val_00040015.JPEG_steps.csv
2025-09-23 18:58:52,183 - INFO - Skipping already processed example (step log exists): rank=48262 path=/home/projects/bagon/shared/imagenet512/val/n01641577/ILSVRC2012_val_00016782.JPEG file=example_8639_rank_48262_n01641577_ILSVRC2012_val_00016782.JPEG_steps.csv
2025-09-23 18:58:52,183 - INFO - Skipping already processed example (step log exists): rank=48263 path=/home/projects/bagon/shared/imagenet512/val/n02493509/ILSVRC2012_val_00040752.JPEG file=example_8640_rank_48263_n02493509_ILSVRC2012_val_00040752.JPEG_steps.csv
2025-09-23 18:58:52,184 - INFO - Skipping already processed example (step log exists): rank=48264 path=/home/projects/bagon/shared/imagenet512/val/n04239074/ILSVRC2012_val_00015676.JPEG file=example_8641_rank_48264_n04239074_ILSVRC2012_val_00015676.JPEG_steps.csv
2025-09-23 18:58:52,184 - INFO - Skipping already processed example (step log exists): rank=48265 path=/home/projects/bagon/shared/imagenet512/val/n02110627/ILSVRC2012_val_00024186.JPEG file=example_8642_rank_48265_n02110627_ILSVRC2012_val_00024186.JPEG_steps.csv
2025-09-23 18:58:52,185 - INFO - Skipping already processed example (step log exists): rank=48266 path=/home/projects/bagon/shared/imagenet512/val/n03961711/ILSVRC2012_val_00038366.JPEG file=example_8643_rank_48266_n03961711_ILSVRC2012_val_00038366.JPEG_steps.csv
2025-09-23 18:58:52,185 - INFO - Skipping already processed example (step log exists): rank=48267 path=/home/projects/bagon/shared/imagenet512/val/n01644900/ILSVRC2012_val_00005450.JPEG file=example_8644_rank_48267_n01644900_ILSVRC2012_val_00005450.JPEG_steps.csv
2025-09-23 18:58:52,186 - INFO - Skipping already processed example (step log exists): rank=48268 path=/home/projects/bagon/shared/imagenet512/val/n02089973/ILSVRC2012_val_00043341.JPEG file=example_8645_rank_48268_n02089973_ILSVRC2012_val_00043341.JPEG_steps.csv
2025-09-23 18:58:52,186 - INFO - Skipping already processed example (step log exists): rank=48269 path=/home/projects/bagon/shared/imagenet512/val/n02699494/ILSVRC2012_val_00030337.JPEG file=example_8646_rank_48269_n02699494_ILSVRC2012_val_00030337.JPEG_steps.csv
2025-09-23 18:58:52,186 - INFO - Skipping already processed example (step log exists): rank=48270 path=/home/projects/bagon/shared/imagenet512/val/n03461385/ILSVRC2012_val_00010291.JPEG file=example_8647_rank_48270_n03461385_ILSVRC2012_val_00010291.JPEG_steps.csv
2025-09-23 18:58:52,189 - INFO - Skipping already processed example (step log exists): rank=48271 path=/home/projects/bagon/shared/imagenet512/val/n02504458/ILSVRC2012_val_00042879.JPEG file=example_8648_rank_48271_n02504458_ILSVRC2012_val_00042879.JPEG_steps.csv
2025-09-23 18:58:52,190 - INFO - Skipping already processed example (step log exists): rank=48272 path=/home/projects/bagon/shared/imagenet512/val/n04328186/ILSVRC2012_val_00049993.JPEG file=example_8649_rank_48272_n04328186_ILSVRC2012_val_00049993.JPEG_steps.csv
2025-09-23 18:58:52,190 - INFO - Skipping already processed example (step log exists): rank=48273 path=/home/projects/bagon/shared/imagenet512/val/n01729977/ILSVRC2012_val_00048574.JPEG file=example_8650_rank_48273_n01729977_ILSVRC2012_val_00048574.JPEG_steps.csv
2025-09-23 18:58:52,191 - INFO - Skipping already processed example (step log exists): rank=48274 path=/home/projects/bagon/shared/imagenet512/val/n02268853/ILSVRC2012_val_00018455.JPEG file=example_8651_rank_48274_n02268853_ILSVRC2012_val_00018455.JPEG_steps.csv
2025-09-23 18:58:52,191 - INFO - Skipping already processed example (step log exists): rank=48275 path=/home/projects/bagon/shared/imagenet512/val/n02906734/ILSVRC2012_val_00013061.JPEG file=example_8652_rank_48275_n02906734_ILSVRC2012_val_00013061.JPEG_steps.csv
2025-09-23 18:58:52,192 - INFO - Skipping already processed example (step log exists): rank=48276 path=/home/projects/bagon/shared/imagenet512/val/n04239074/ILSVRC2012_val_00019786.JPEG file=example_8653_rank_48276_n04239074_ILSVRC2012_val_00019786.JPEG_steps.csv
2025-09-23 18:58:52,192 - INFO - Skipping already processed example (step log exists): rank=48277 path=/home/projects/bagon/shared/imagenet512/val/n04356056/ILSVRC2012_val_00024922.JPEG file=example_8654_rank_48277_n04356056_ILSVRC2012_val_00024922.JPEG_steps.csv
2025-09-23 18:58:52,193 - INFO - Skipping already processed example (step log exists): rank=48278 path=/home/projects/bagon/shared/imagenet512/val/n03710193/ILSVRC2012_val_00028700.JPEG file=example_8655_rank_48278_n03710193_ILSVRC2012_val_00028700.JPEG_steps.csv
2025-09-23 18:58:52,193 - INFO - Skipping already processed example (step log exists): rank=48279 path=/home/projects/bagon/shared/imagenet512/val/n03062245/ILSVRC2012_val_00003798.JPEG file=example_8656_rank_48279_n03062245_ILSVRC2012_val_00003798.JPEG_steps.csv
2025-09-23 18:58:52,193 - INFO - Skipping already processed example (step log exists): rank=48280 path=/home/projects/bagon/shared/imagenet512/val/n04479046/ILSVRC2012_val_00010483.JPEG file=example_8657_rank_48280_n04479046_ILSVRC2012_val_00010483.JPEG_steps.csv
2025-09-23 18:58:52,194 - INFO - Skipping already processed example (step log exists): rank=48281 path=/home/projects/bagon/shared/imagenet512/val/n03874599/ILSVRC2012_val_00024366.JPEG file=example_8658_rank_48281_n03874599_ILSVRC2012_val_00024366.JPEG_steps.csv
2025-09-23 18:58:52,194 - INFO - Skipping already processed example (step log exists): rank=48282 path=/home/projects/bagon/shared/imagenet512/val/n03016953/ILSVRC2012_val_00033443.JPEG file=example_8659_rank_48282_n03016953_ILSVRC2012_val_00033443.JPEG_steps.csv
2025-09-23 18:58:52,195 - INFO - Skipping already processed example (step log exists): rank=48283 path=/home/projects/bagon/shared/imagenet512/val/n03692522/ILSVRC2012_val_00034889.JPEG file=example_8660_rank_48283_n03692522_ILSVRC2012_val_00034889.JPEG_steps.csv
2025-09-23 18:58:52,195 - INFO - Skipping already processed example (step log exists): rank=48284 path=/home/projects/bagon/shared/imagenet512/val/n03028079/ILSVRC2012_val_00039506.JPEG file=example_8661_rank_48284_n03028079_ILSVRC2012_val_00039506.JPEG_steps.csv
2025-09-23 18:58:52,196 - INFO - Skipping already processed example (step log exists): rank=48285 path=/home/projects/bagon/shared/imagenet512/val/n03627232/ILSVRC2012_val_00021785.JPEG file=example_8662_rank_48285_n03627232_ILSVRC2012_val_00021785.JPEG_steps.csv
2025-09-23 18:58:52,196 - INFO - Skipping already processed example (step log exists): rank=48286 path=/home/projects/bagon/shared/imagenet512/val/n03706229/ILSVRC2012_val_00020516.JPEG file=example_8663_rank_48286_n03706229_ILSVRC2012_val_00020516.JPEG_steps.csv
2025-09-23 18:58:52,196 - INFO - Skipping already processed example (step log exists): rank=48287 path=/home/projects/bagon/shared/imagenet512/val/n03983396/ILSVRC2012_val_00032559.JPEG file=example_8664_rank_48287_n03983396_ILSVRC2012_val_00032559.JPEG_steps.csv
2025-09-23 18:58:52,197 - INFO - Skipping already processed example (step log exists): rank=48288 path=/home/projects/bagon/shared/imagenet512/val/n06794110/ILSVRC2012_val_00011435.JPEG file=example_8665_rank_48288_n06794110_ILSVRC2012_val_00011435.JPEG_steps.csv
2025-09-23 18:58:52,197 - INFO - Skipping already processed example (step log exists): rank=48289 path=/home/projects/bagon/shared/imagenet512/val/n02115641/ILSVRC2012_val_00036908.JPEG file=example_8666_rank_48289_n02115641_ILSVRC2012_val_00036908.JPEG_steps.csv
2025-09-23 18:58:52,198 - INFO - Skipping already processed example (step log exists): rank=48290 path=/home/projects/bagon/shared/imagenet512/val/n03763968/ILSVRC2012_val_00010475.JPEG file=example_8667_rank_48290_n03763968_ILSVRC2012_val_00010475.JPEG_steps.csv
2025-09-23 18:58:52,198 - INFO - Skipping already processed example (step log exists): rank=48291 path=/home/projects/bagon/shared/imagenet512/val/n07860988/ILSVRC2012_val_00033407.JPEG file=example_8668_rank_48291_n07860988_ILSVRC2012_val_00033407.JPEG_steps.csv
2025-09-23 18:58:52,199 - INFO - Skipping already processed example (step log exists): rank=48292 path=/home/projects/bagon/shared/imagenet512/val/n01843065/ILSVRC2012_val_00013840.JPEG file=example_8669_rank_48292_n01843065_ILSVRC2012_val_00013840.JPEG_steps.csv
2025-09-23 18:58:52,199 - INFO - Skipping already processed example (step log exists): rank=48293 path=/home/projects/bagon/shared/imagenet512/val/n02487347/ILSVRC2012_val_00003943.JPEG file=example_8670_rank_48293_n02487347_ILSVRC2012_val_00003943.JPEG_steps.csv
2025-09-23 18:58:52,200 - INFO - Skipping already processed example (step log exists): rank=48294 path=/home/projects/bagon/shared/imagenet512/val/n03763968/ILSVRC2012_val_00007715.JPEG file=example_8671_rank_48294_n03763968_ILSVRC2012_val_00007715.JPEG_steps.csv
2025-09-23 18:58:52,200 - INFO - Skipping already processed example (step log exists): rank=48295 path=/home/projects/bagon/shared/imagenet512/val/n02834397/ILSVRC2012_val_00034912.JPEG file=example_8672_rank_48295_n02834397_ILSVRC2012_val_00034912.JPEG_steps.csv
2025-09-23 18:58:52,201 - INFO - Skipping already processed example (step log exists): rank=48296 path=/home/projects/bagon/shared/imagenet512/val/n01740131/ILSVRC2012_val_00017855.JPEG file=example_8673_rank_48296_n01740131_ILSVRC2012_val_00017855.JPEG_steps.csv
2025-09-23 18:58:52,201 - INFO - Skipping already processed example (step log exists): rank=48297 path=/home/projects/bagon/shared/imagenet512/val/n01742172/ILSVRC2012_val_00046778.JPEG file=example_8674_rank_48297_n01742172_ILSVRC2012_val_00046778.JPEG_steps.csv
2025-09-23 18:58:52,202 - INFO - Skipping already processed example (step log exists): rank=48298 path=/home/projects/bagon/shared/imagenet512/val/n04204238/ILSVRC2012_val_00039688.JPEG file=example_8675_rank_48298_n04204238_ILSVRC2012_val_00039688.JPEG_steps.csv
2025-09-23 18:58:52,202 - INFO - Skipping already processed example (step log exists): rank=48299 path=/home/projects/bagon/shared/imagenet512/val/n03041632/ILSVRC2012_val_00027812.JPEG file=example_8676_rank_48299_n03041632_ILSVRC2012_val_00027812.JPEG_steps.csv
2025-09-23 18:58:52,203 - INFO - Skipping already processed example (step log exists): rank=48300 path=/home/projects/bagon/shared/imagenet512/val/n04493381/ILSVRC2012_val_00026655.JPEG file=example_8677_rank_48300_n04493381_ILSVRC2012_val_00026655.JPEG_steps.csv
2025-09-23 18:58:52,203 - INFO - Skipping already processed example (step log exists): rank=48301 path=/home/projects/bagon/shared/imagenet512/val/n01667778/ILSVRC2012_val_00039024.JPEG file=example_8678_rank_48301_n01667778_ILSVRC2012_val_00039024.JPEG_steps.csv
2025-09-23 18:58:52,203 - INFO - Skipping already processed example (step log exists): rank=48302 path=/home/projects/bagon/shared/imagenet512/val/n04355933/ILSVRC2012_val_00008988.JPEG file=example_8679_rank_48302_n04355933_ILSVRC2012_val_00008988.JPEG_steps.csv
2025-09-23 18:58:52,204 - INFO - Skipping already processed example (step log exists): rank=48303 path=/home/projects/bagon/shared/imagenet512/val/n01496331/ILSVRC2012_val_00023916.JPEG file=example_8680_rank_48303_n01496331_ILSVRC2012_val_00023916.JPEG_steps.csv
2025-09-23 18:58:52,204 - INFO - Skipping already processed example (step log exists): rank=48304 path=/home/projects/bagon/shared/imagenet512/val/n03127925/ILSVRC2012_val_00003425.JPEG file=example_8681_rank_48304_n03127925_ILSVRC2012_val_00003425.JPEG_steps.csv
2025-09-23 18:58:52,205 - INFO - Skipping already processed example (step log exists): rank=48305 path=/home/projects/bagon/shared/imagenet512/val/n13133613/ILSVRC2012_val_00042843.JPEG file=example_8682_rank_48305_n13133613_ILSVRC2012_val_00042843.JPEG_steps.csv
2025-09-23 18:58:52,205 - INFO - Skipping already processed example (step log exists): rank=48306 path=/home/projects/bagon/shared/imagenet512/val/n09332890/ILSVRC2012_val_00013485.JPEG file=example_8683_rank_48306_n09332890_ILSVRC2012_val_00013485.JPEG_steps.csv
2025-09-23 18:58:52,206 - INFO - Skipping already processed example (step log exists): rank=48307 path=/home/projects/bagon/shared/imagenet512/val/n04366367/ILSVRC2012_val_00011509.JPEG file=example_8684_rank_48307_n04366367_ILSVRC2012_val_00011509.JPEG_steps.csv
2025-09-23 18:58:52,206 - INFO - Skipping already processed example (step log exists): rank=48308 path=/home/projects/bagon/shared/imagenet512/val/n02403003/ILSVRC2012_val_00027362.JPEG file=example_8685_rank_48308_n02403003_ILSVRC2012_val_00027362.JPEG_steps.csv
2025-09-23 18:58:52,207 - INFO - Skipping already processed example (step log exists): rank=48309 path=/home/projects/bagon/shared/imagenet512/val/n03642806/ILSVRC2012_val_00031537.JPEG file=example_8686_rank_48309_n03642806_ILSVRC2012_val_00031537.JPEG_steps.csv
2025-09-23 18:58:52,207 - INFO - Skipping already processed example (step log exists): rank=48310 path=/home/projects/bagon/shared/imagenet512/val/n07734744/ILSVRC2012_val_00031175.JPEG file=example_8687_rank_48310_n07734744_ILSVRC2012_val_00031175.JPEG_steps.csv
2025-09-23 18:58:52,208 - INFO - Skipping already processed example (step log exists): rank=48311 path=/home/projects/bagon/shared/imagenet512/val/n02120505/ILSVRC2012_val_00015781.JPEG file=example_8688_rank_48311_n02120505_ILSVRC2012_val_00015781.JPEG_steps.csv
2025-09-23 18:58:52,208 - INFO - Skipping already processed example (step log exists): rank=48312 path=/home/projects/bagon/shared/imagenet512/val/n02110185/ILSVRC2012_val_00043643.JPEG file=example_8689_rank_48312_n02110185_ILSVRC2012_val_00043643.JPEG_steps.csv
2025-09-23 18:58:52,208 - INFO - Skipping already processed example (step log exists): rank=48313 path=/home/projects/bagon/shared/imagenet512/val/n04355933/ILSVRC2012_val_00007179.JPEG file=example_8690_rank_48313_n04355933_ILSVRC2012_val_00007179.JPEG_steps.csv
2025-09-23 18:58:52,209 - INFO - Skipping already processed example (step log exists): rank=48314 path=/home/projects/bagon/shared/imagenet512/val/n03776460/ILSVRC2012_val_00036003.JPEG file=example_8691_rank_48314_n03776460_ILSVRC2012_val_00036003.JPEG_steps.csv
2025-09-23 18:58:52,209 - INFO - Skipping already processed example (step log exists): rank=48315 path=/home/projects/bagon/shared/imagenet512/val/n02097658/ILSVRC2012_val_00022686.JPEG file=example_8692_rank_48315_n02097658_ILSVRC2012_val_00022686.JPEG_steps.csv
2025-09-23 18:58:52,210 - INFO - Skipping already processed example (step log exists): rank=48316 path=/home/projects/bagon/shared/imagenet512/val/n01983481/ILSVRC2012_val_00036833.JPEG file=example_8693_rank_48316_n01983481_ILSVRC2012_val_00036833.JPEG_steps.csv
2025-09-23 18:58:52,210 - INFO - Skipping already processed example (step log exists): rank=48317 path=/home/projects/bagon/shared/imagenet512/val/n03657121/ILSVRC2012_val_00007448.JPEG file=example_8694_rank_48317_n03657121_ILSVRC2012_val_00007448.JPEG_steps.csv
2025-09-23 18:58:52,211 - INFO - Skipping already processed example (step log exists): rank=48318 path=/home/projects/bagon/shared/imagenet512/val/n03642806/ILSVRC2012_val_00005940.JPEG file=example_8695_rank_48318_n03642806_ILSVRC2012_val_00005940.JPEG_steps.csv
2025-09-23 18:58:52,211 - INFO - Skipping already processed example (step log exists): rank=48319 path=/home/projects/bagon/shared/imagenet512/val/n01795545/ILSVRC2012_val_00013607.JPEG file=example_8696_rank_48319_n01795545_ILSVRC2012_val_00013607.JPEG_steps.csv
2025-09-23 18:58:52,212 - INFO - Skipping already processed example (step log exists): rank=48320 path=/home/projects/bagon/shared/imagenet512/val/n04428191/ILSVRC2012_val_00013841.JPEG file=example_8697_rank_48320_n04428191_ILSVRC2012_val_00013841.JPEG_steps.csv
2025-09-23 18:58:52,212 - INFO - Skipping already processed example (step log exists): rank=48321 path=/home/projects/bagon/shared/imagenet512/val/n02442845/ILSVRC2012_val_00002307.JPEG file=example_8698_rank_48321_n02442845_ILSVRC2012_val_00002307.JPEG_steps.csv
2025-09-23 18:58:52,213 - INFO - Skipping already processed example (step log exists): rank=48322 path=/home/projects/bagon/shared/imagenet512/val/n02085936/ILSVRC2012_val_00010238.JPEG file=example_8699_rank_48322_n02085936_ILSVRC2012_val_00010238.JPEG_steps.csv
2025-09-23 18:58:52,213 - INFO - Skipping already processed example (step log exists): rank=48323 path=/home/projects/bagon/shared/imagenet512/val/n03980874/ILSVRC2012_val_00030259.JPEG file=example_8700_rank_48323_n03980874_ILSVRC2012_val_00030259.JPEG_steps.csv
2025-09-23 18:58:52,214 - INFO - Skipping already processed example (step log exists): rank=48324 path=/home/projects/bagon/shared/imagenet512/val/n03742115/ILSVRC2012_val_00032305.JPEG file=example_8701_rank_48324_n03742115_ILSVRC2012_val_00032305.JPEG_steps.csv
2025-09-23 18:58:52,214 - INFO - Skipping already processed example (step log exists): rank=48325 path=/home/projects/bagon/shared/imagenet512/val/n04550184/ILSVRC2012_val_00043210.JPEG file=example_8702_rank_48325_n04550184_ILSVRC2012_val_00043210.JPEG_steps.csv
2025-09-23 18:58:52,214 - INFO - Skipping already processed example (step log exists): rank=48326 path=/home/projects/bagon/shared/imagenet512/val/n13040303/ILSVRC2012_val_00049644.JPEG file=example_8703_rank_48326_n13040303_ILSVRC2012_val_00049644.JPEG_steps.csv
2025-09-23 18:58:52,215 - INFO - Skipping already processed example (step log exists): rank=48327 path=/home/projects/bagon/shared/imagenet512/val/n03047690/ILSVRC2012_val_00035313.JPEG file=example_8704_rank_48327_n03047690_ILSVRC2012_val_00035313.JPEG_steps.csv
2025-09-23 18:58:52,215 - INFO - Skipping already processed example (step log exists): rank=48328 path=/home/projects/bagon/shared/imagenet512/val/n01685808/ILSVRC2012_val_00040247.JPEG file=example_8705_rank_48328_n01685808_ILSVRC2012_val_00040247.JPEG_steps.csv
2025-09-23 18:58:52,216 - INFO - Skipping already processed example (step log exists): rank=48329 path=/home/projects/bagon/shared/imagenet512/val/n03769881/ILSVRC2012_val_00041906.JPEG file=example_8706_rank_48329_n03769881_ILSVRC2012_val_00041906.JPEG_steps.csv
2025-09-23 18:58:52,216 - INFO - Skipping already processed example (step log exists): rank=48330 path=/home/projects/bagon/shared/imagenet512/val/n04443257/ILSVRC2012_val_00026837.JPEG file=example_8707_rank_48330_n04443257_ILSVRC2012_val_00026837.JPEG_steps.csv
2025-09-23 18:58:52,217 - INFO - Skipping already processed example (step log exists): rank=48331 path=/home/projects/bagon/shared/imagenet512/val/n07871810/ILSVRC2012_val_00007058.JPEG file=example_8708_rank_48331_n07871810_ILSVRC2012_val_00007058.JPEG_steps.csv
2025-09-23 18:58:52,218 - INFO - Skipping already processed example (step log exists): rank=48332 path=/home/projects/bagon/shared/imagenet512/val/n04591157/ILSVRC2012_val_00034137.JPEG file=example_8709_rank_48332_n04591157_ILSVRC2012_val_00034137.JPEG_steps.csv
2025-09-23 18:58:52,218 - INFO - Skipping already processed example (step log exists): rank=48333 path=/home/projects/bagon/shared/imagenet512/val/n04133789/ILSVRC2012_val_00029095.JPEG file=example_8710_rank_48333_n04133789_ILSVRC2012_val_00029095.JPEG_steps.csv
2025-09-23 18:58:52,219 - INFO - Skipping already processed example (step log exists): rank=48334 path=/home/projects/bagon/shared/imagenet512/val/n03871628/ILSVRC2012_val_00011770.JPEG file=example_8711_rank_48334_n03871628_ILSVRC2012_val_00011770.JPEG_steps.csv
2025-09-23 18:58:52,219 - INFO - Skipping already processed example (step log exists): rank=48335 path=/home/projects/bagon/shared/imagenet512/val/n03482405/ILSVRC2012_val_00032420.JPEG file=example_8712_rank_48335_n03482405_ILSVRC2012_val_00032420.JPEG_steps.csv
2025-09-23 18:58:52,220 - INFO - Skipping already processed example (step log exists): rank=48336 path=/home/projects/bagon/shared/imagenet512/val/n03935335/ILSVRC2012_val_00038117.JPEG file=example_8713_rank_48336_n03935335_ILSVRC2012_val_00038117.JPEG_steps.csv
2025-09-23 18:58:52,220 - INFO - Skipping already processed example (step log exists): rank=48337 path=/home/projects/bagon/shared/imagenet512/val/n07749582/ILSVRC2012_val_00014373.JPEG file=example_8714_rank_48337_n07749582_ILSVRC2012_val_00014373.JPEG_steps.csv
2025-09-23 18:58:52,220 - INFO - Skipping already processed example (step log exists): rank=48338 path=/home/projects/bagon/shared/imagenet512/val/n01739381/ILSVRC2012_val_00017269.JPEG file=example_8715_rank_48338_n01739381_ILSVRC2012_val_00017269.JPEG_steps.csv
2025-09-23 18:58:52,221 - INFO - Skipping already processed example (step log exists): rank=48339 path=/home/projects/bagon/shared/imagenet512/val/n03496892/ILSVRC2012_val_00029504.JPEG file=example_8716_rank_48339_n03496892_ILSVRC2012_val_00029504.JPEG_steps.csv
2025-09-23 18:58:52,222 - INFO - Skipping already processed example (step log exists): rank=48340 path=/home/projects/bagon/shared/imagenet512/val/n03201208/ILSVRC2012_val_00013687.JPEG file=example_8717_rank_48340_n03201208_ILSVRC2012_val_00013687.JPEG_steps.csv
2025-09-23 18:58:52,222 - INFO - Skipping already processed example (step log exists): rank=48341 path=/home/projects/bagon/shared/imagenet512/val/n04591157/ILSVRC2012_val_00044298.JPEG file=example_8718_rank_48341_n04591157_ILSVRC2012_val_00044298.JPEG_steps.csv
2025-09-23 18:58:52,222 - INFO - Skipping already processed example (step log exists): rank=48342 path=/home/projects/bagon/shared/imagenet512/val/n02895154/ILSVRC2012_val_00016869.JPEG file=example_8719_rank_48342_n02895154_ILSVRC2012_val_00016869.JPEG_steps.csv
2025-09-23 18:58:52,223 - INFO - Skipping already processed example (step log exists): rank=48343 path=/home/projects/bagon/shared/imagenet512/val/n01773549/ILSVRC2012_val_00011808.JPEG file=example_8720_rank_48343_n01773549_ILSVRC2012_val_00011808.JPEG_steps.csv
2025-09-23 18:58:52,223 - INFO - Skipping already processed example (step log exists): rank=48344 path=/home/projects/bagon/shared/imagenet512/val/n01704323/ILSVRC2012_val_00010761.JPEG file=example_8721_rank_48344_n01704323_ILSVRC2012_val_00010761.JPEG_steps.csv
2025-09-23 18:58:52,224 - INFO - Skipping already processed example (step log exists): rank=48345 path=/home/projects/bagon/shared/imagenet512/val/n03692522/ILSVRC2012_val_00037865.JPEG file=example_8722_rank_48345_n03692522_ILSVRC2012_val_00037865.JPEG_steps.csv
2025-09-23 18:58:52,224 - INFO - Skipping already processed example (step log exists): rank=48346 path=/home/projects/bagon/shared/imagenet512/val/n03016953/ILSVRC2012_val_00000250.JPEG file=example_8723_rank_48346_n03016953_ILSVRC2012_val_00000250.JPEG_steps.csv
2025-09-23 18:58:52,225 - INFO - Skipping already processed example (step log exists): rank=48347 path=/home/projects/bagon/shared/imagenet512/val/n02692877/ILSVRC2012_val_00016496.JPEG file=example_8724_rank_48347_n02692877_ILSVRC2012_val_00016496.JPEG_steps.csv
2025-09-23 18:58:52,225 - INFO - Skipping already processed example (step log exists): rank=48348 path=/home/projects/bagon/shared/imagenet512/val/n03047690/ILSVRC2012_val_00027943.JPEG file=example_8725_rank_48348_n03047690_ILSVRC2012_val_00027943.JPEG_steps.csv
2025-09-23 18:58:52,226 - INFO - Skipping already processed example (step log exists): rank=48349 path=/home/projects/bagon/shared/imagenet512/val/n04560804/ILSVRC2012_val_00013667.JPEG file=example_8726_rank_48349_n04560804_ILSVRC2012_val_00013667.JPEG_steps.csv
2025-09-23 18:58:52,226 - INFO - Skipping already processed example (step log exists): rank=48350 path=/home/projects/bagon/shared/imagenet512/val/n01740131/ILSVRC2012_val_00000337.JPEG file=example_8727_rank_48350_n01740131_ILSVRC2012_val_00000337.JPEG_steps.csv
2025-09-23 18:58:52,226 - INFO - Skipping already processed example (step log exists): rank=48351 path=/home/projects/bagon/shared/imagenet512/val/n15075141/ILSVRC2012_val_00021201.JPEG file=example_8728_rank_48351_n15075141_ILSVRC2012_val_00021201.JPEG_steps.csv
2025-09-23 18:58:52,227 - INFO - Skipping already processed example (step log exists): rank=48352 path=/home/projects/bagon/shared/imagenet512/val/n02108000/ILSVRC2012_val_00012140.JPEG file=example_8729_rank_48352_n02108000_ILSVRC2012_val_00012140.JPEG_steps.csv
2025-09-23 18:58:52,227 - INFO - Skipping already processed example (step log exists): rank=48353 path=/home/projects/bagon/shared/imagenet512/val/n02096294/ILSVRC2012_val_00048652.JPEG file=example_8730_rank_48353_n02096294_ILSVRC2012_val_00048652.JPEG_steps.csv
2025-09-23 18:58:52,228 - INFO - Skipping already processed example (step log exists): rank=48354 path=/home/projects/bagon/shared/imagenet512/val/n03065424/ILSVRC2012_val_00010445.JPEG file=example_8731_rank_48354_n03065424_ILSVRC2012_val_00010445.JPEG_steps.csv
2025-09-23 18:58:52,228 - INFO - Skipping already processed example (step log exists): rank=48355 path=/home/projects/bagon/shared/imagenet512/val/n07932039/ILSVRC2012_val_00020391.JPEG file=example_8732_rank_48355_n07932039_ILSVRC2012_val_00020391.JPEG_steps.csv
2025-09-23 18:58:52,229 - INFO - Skipping already processed example (step log exists): rank=48356 path=/home/projects/bagon/shared/imagenet512/val/n02109961/ILSVRC2012_val_00026698.JPEG file=example_8733_rank_48356_n02109961_ILSVRC2012_val_00026698.JPEG_steps.csv
2025-09-23 18:58:52,229 - INFO - Skipping already processed example (step log exists): rank=48357 path=/home/projects/bagon/shared/imagenet512/val/n03250847/ILSVRC2012_val_00020992.JPEG file=example_8734_rank_48357_n03250847_ILSVRC2012_val_00020992.JPEG_steps.csv
2025-09-23 18:58:52,230 - INFO - Skipping already processed example (step log exists): rank=48358 path=/home/projects/bagon/shared/imagenet512/val/n04090263/ILSVRC2012_val_00036194.JPEG file=example_8735_rank_48358_n04090263_ILSVRC2012_val_00036194.JPEG_steps.csv
2025-09-23 18:58:52,230 - INFO - Skipping already processed example (step log exists): rank=48359 path=/home/projects/bagon/shared/imagenet512/val/n03857828/ILSVRC2012_val_00036143.JPEG file=example_8736_rank_48359_n03857828_ILSVRC2012_val_00036143.JPEG_steps.csv
2025-09-23 18:58:52,230 - INFO - Skipping already processed example (step log exists): rank=48360 path=/home/projects/bagon/shared/imagenet512/val/n04525038/ILSVRC2012_val_00014919.JPEG file=example_8737_rank_48360_n04525038_ILSVRC2012_val_00014919.JPEG_steps.csv
2025-09-23 18:58:52,231 - INFO - Skipping already processed example (step log exists): rank=48361 path=/home/projects/bagon/shared/imagenet512/val/n01773549/ILSVRC2012_val_00015065.JPEG file=example_8738_rank_48361_n01773549_ILSVRC2012_val_00015065.JPEG_steps.csv
2025-09-23 18:58:52,231 - INFO - Skipping already processed example (step log exists): rank=48362 path=/home/projects/bagon/shared/imagenet512/val/n02319095/ILSVRC2012_val_00035323.JPEG file=example_8739_rank_48362_n02319095_ILSVRC2012_val_00035323.JPEG_steps.csv
2025-09-23 18:58:52,233 - INFO - Skipping already processed example (step log exists): rank=48363 path=/home/projects/bagon/shared/imagenet512/val/n03782006/ILSVRC2012_val_00010771.JPEG file=example_8740_rank_48363_n03782006_ILSVRC2012_val_00010771.JPEG_steps.csv
2025-09-23 18:58:52,233 - INFO - Skipping already processed example (step log exists): rank=48364 path=/home/projects/bagon/shared/imagenet512/val/n03796401/ILSVRC2012_val_00031455.JPEG file=example_8741_rank_48364_n03796401_ILSVRC2012_val_00031455.JPEG_steps.csv
2025-09-23 18:58:52,234 - INFO - Skipping already processed example (step log exists): rank=48365 path=/home/projects/bagon/shared/imagenet512/val/n09193705/ILSVRC2012_val_00000002.JPEG file=example_8742_rank_48365_n09193705_ILSVRC2012_val_00000002.JPEG_steps.csv
2025-09-23 18:58:52,234 - INFO - Skipping already processed example (step log exists): rank=48366 path=/home/projects/bagon/shared/imagenet512/val/n03045698/ILSVRC2012_val_00041268.JPEG file=example_8743_rank_48366_n03045698_ILSVRC2012_val_00041268.JPEG_steps.csv
2025-09-23 18:58:52,235 - INFO - Skipping already processed example (step log exists): rank=48367 path=/home/projects/bagon/shared/imagenet512/val/n04536866/ILSVRC2012_val_00007538.JPEG file=example_8744_rank_48367_n04536866_ILSVRC2012_val_00007538.JPEG_steps.csv
2025-09-23 18:58:52,235 - INFO - Skipping already processed example (step log exists): rank=48368 path=/home/projects/bagon/shared/imagenet512/val/n01980166/ILSVRC2012_val_00047880.JPEG file=example_8745_rank_48368_n01980166_ILSVRC2012_val_00047880.JPEG_steps.csv
2025-09-23 18:58:52,236 - INFO - Skipping already processed example (step log exists): rank=48369 path=/home/projects/bagon/shared/imagenet512/val/n02085782/ILSVRC2012_val_00043776.JPEG file=example_8746_rank_48369_n02085782_ILSVRC2012_val_00043776.JPEG_steps.csv
2025-09-23 18:58:52,236 - INFO - Skipping already processed example (step log exists): rank=48370 path=/home/projects/bagon/shared/imagenet512/val/n02097474/ILSVRC2012_val_00038867.JPEG file=example_8747_rank_48370_n02097474_ILSVRC2012_val_00038867.JPEG_steps.csv
2025-09-23 18:58:52,237 - INFO - Skipping already processed example (step log exists): rank=48371 path=/home/projects/bagon/shared/imagenet512/val/n04004767/ILSVRC2012_val_00040659.JPEG file=example_8748_rank_48371_n04004767_ILSVRC2012_val_00040659.JPEG_steps.csv
2025-09-23 18:58:52,237 - INFO - Skipping already processed example (step log exists): rank=48372 path=/home/projects/bagon/shared/imagenet512/val/n04398044/ILSVRC2012_val_00033016.JPEG file=example_8749_rank_48372_n04398044_ILSVRC2012_val_00033016.JPEG_steps.csv
2025-09-23 18:58:52,237 - INFO - Skipping already processed example (step log exists): rank=48373 path=/home/projects/bagon/shared/imagenet512/val/n02669723/ILSVRC2012_val_00029372.JPEG file=example_8750_rank_48373_n02669723_ILSVRC2012_val_00029372.JPEG_steps.csv
2025-09-23 18:58:52,238 - INFO - Skipping already processed example (step log exists): rank=48374 path=/home/projects/bagon/shared/imagenet512/val/n03868863/ILSVRC2012_val_00000549.JPEG file=example_8751_rank_48374_n03868863_ILSVRC2012_val_00000549.JPEG_steps.csv
2025-09-23 18:58:52,238 - INFO - Skipping already processed example (step log exists): rank=48375 path=/home/projects/bagon/shared/imagenet512/val/n02114712/ILSVRC2012_val_00018735.JPEG file=example_8752_rank_48375_n02114712_ILSVRC2012_val_00018735.JPEG_steps.csv
2025-09-23 18:58:52,239 - INFO - Skipping already processed example (step log exists): rank=48376 path=/home/projects/bagon/shared/imagenet512/val/n02835271/ILSVRC2012_val_00000953.JPEG file=example_8753_rank_48376_n02835271_ILSVRC2012_val_00000953.JPEG_steps.csv
2025-09-23 18:58:52,239 - INFO - Skipping already processed example (step log exists): rank=48377 path=/home/projects/bagon/shared/imagenet512/val/n09332890/ILSVRC2012_val_00043221.JPEG file=example_8754_rank_48377_n09332890_ILSVRC2012_val_00043221.JPEG_steps.csv
2025-09-23 18:58:52,240 - INFO - Skipping already processed example (step log exists): rank=48378 path=/home/projects/bagon/shared/imagenet512/val/n01689811/ILSVRC2012_val_00038308.JPEG file=example_8755_rank_48378_n01689811_ILSVRC2012_val_00038308.JPEG_steps.csv
2025-09-23 18:58:52,240 - INFO - Skipping already processed example (step log exists): rank=48379 path=/home/projects/bagon/shared/imagenet512/val/n03196217/ILSVRC2012_val_00006553.JPEG file=example_8756_rank_48379_n03196217_ILSVRC2012_val_00006553.JPEG_steps.csv
2025-09-23 18:58:52,241 - INFO - Skipping already processed example (step log exists): rank=48380 path=/home/projects/bagon/shared/imagenet512/val/n02483708/ILSVRC2012_val_00000087.JPEG file=example_8757_rank_48380_n02483708_ILSVRC2012_val_00000087.JPEG_steps.csv
2025-09-23 18:58:52,241 - INFO - Skipping already processed example (step log exists): rank=48381 path=/home/projects/bagon/shared/imagenet512/val/n04560804/ILSVRC2012_val_00049563.JPEG file=example_8758_rank_48381_n04560804_ILSVRC2012_val_00049563.JPEG_steps.csv
2025-09-23 18:58:52,242 - INFO - Skipping already processed example (step log exists): rank=48382 path=/home/projects/bagon/shared/imagenet512/val/n02095889/ILSVRC2012_val_00005170.JPEG file=example_8759_rank_48382_n02095889_ILSVRC2012_val_00005170.JPEG_steps.csv
2025-09-23 18:58:52,242 - INFO - Skipping already processed example (step log exists): rank=48383 path=/home/projects/bagon/shared/imagenet512/val/n01855032/ILSVRC2012_val_00039907.JPEG file=example_8760_rank_48383_n01855032_ILSVRC2012_val_00039907.JPEG_steps.csv
2025-09-23 18:58:52,243 - INFO - Skipping already processed example (step log exists): rank=48384 path=/home/projects/bagon/shared/imagenet512/val/n02012849/ILSVRC2012_val_00000389.JPEG file=example_8761_rank_48384_n02012849_ILSVRC2012_val_00000389.JPEG_steps.csv
2025-09-23 18:58:52,243 - INFO - Skipping already processed example (step log exists): rank=48385 path=/home/projects/bagon/shared/imagenet512/val/n03710721/ILSVRC2012_val_00027442.JPEG file=example_8762_rank_48385_n03710721_ILSVRC2012_val_00027442.JPEG_steps.csv
2025-09-23 18:58:52,244 - INFO - Skipping already processed example (step log exists): rank=48386 path=/home/projects/bagon/shared/imagenet512/val/n02012849/ILSVRC2012_val_00018517.JPEG file=example_8763_rank_48386_n02012849_ILSVRC2012_val_00018517.JPEG_steps.csv
2025-09-23 18:58:52,244 - INFO - Skipping already processed example (step log exists): rank=48387 path=/home/projects/bagon/shared/imagenet512/val/n01914609/ILSVRC2012_val_00017429.JPEG file=example_8764_rank_48387_n01914609_ILSVRC2012_val_00017429.JPEG_steps.csv
2025-09-23 18:58:52,245 - INFO - Skipping already processed example (step log exists): rank=48388 path=/home/projects/bagon/shared/imagenet512/val/n01729977/ILSVRC2012_val_00026022.JPEG file=example_8765_rank_48388_n01729977_ILSVRC2012_val_00026022.JPEG_steps.csv
2025-09-23 18:58:52,245 - INFO - Skipping already processed example (step log exists): rank=48389 path=/home/projects/bagon/shared/imagenet512/val/n01729977/ILSVRC2012_val_00015069.JPEG file=example_8766_rank_48389_n01729977_ILSVRC2012_val_00015069.JPEG_steps.csv
2025-09-23 18:58:52,246 - INFO - Skipping already processed example (step log exists): rank=48390 path=/home/projects/bagon/shared/imagenet512/val/n02093754/ILSVRC2012_val_00031249.JPEG file=example_8767_rank_48390_n02093754_ILSVRC2012_val_00031249.JPEG_steps.csv
2025-09-23 18:58:52,247 - INFO - Skipping already processed example (step log exists): rank=48391 path=/home/projects/bagon/shared/imagenet512/val/n01693334/ILSVRC2012_val_00029005.JPEG file=example_8768_rank_48391_n01693334_ILSVRC2012_val_00029005.JPEG_steps.csv
2025-09-23 18:58:52,248 - INFO - Skipping already processed example (step log exists): rank=48392 path=/home/projects/bagon/shared/imagenet512/val/n02169497/ILSVRC2012_val_00042299.JPEG file=example_8769_rank_48392_n02169497_ILSVRC2012_val_00042299.JPEG_steps.csv
2025-09-23 18:58:52,248 - INFO - Skipping already processed example (step log exists): rank=48393 path=/home/projects/bagon/shared/imagenet512/val/n02114855/ILSVRC2012_val_00023813.JPEG file=example_8770_rank_48393_n02114855_ILSVRC2012_val_00023813.JPEG_steps.csv
2025-09-23 18:58:52,248 - INFO - Skipping already processed example (step log exists): rank=48394 path=/home/projects/bagon/shared/imagenet512/val/n02999410/ILSVRC2012_val_00013171.JPEG file=example_8771_rank_48394_n02999410_ILSVRC2012_val_00013171.JPEG_steps.csv
2025-09-23 18:58:52,249 - INFO - Skipping already processed example (step log exists): rank=48395 path=/home/projects/bagon/shared/imagenet512/val/n02107142/ILSVRC2012_val_00030370.JPEG file=example_8772_rank_48395_n02107142_ILSVRC2012_val_00030370.JPEG_steps.csv
2025-09-23 18:58:52,250 - INFO - Skipping already processed example (step log exists): rank=48396 path=/home/projects/bagon/shared/imagenet512/val/n02100877/ILSVRC2012_val_00041739.JPEG file=example_8773_rank_48396_n02100877_ILSVRC2012_val_00041739.JPEG_steps.csv
2025-09-23 18:58:52,250 - INFO - Skipping already processed example (step log exists): rank=48397 path=/home/projects/bagon/shared/imagenet512/val/n02099429/ILSVRC2012_val_00019162.JPEG file=example_8774_rank_48397_n02099429_ILSVRC2012_val_00019162.JPEG_steps.csv
2025-09-23 18:58:52,250 - INFO - Skipping already processed example (step log exists): rank=48398 path=/home/projects/bagon/shared/imagenet512/val/n03710637/ILSVRC2012_val_00043911.JPEG file=example_8775_rank_48398_n03710637_ILSVRC2012_val_00043911.JPEG_steps.csv
2025-09-23 18:58:52,251 - INFO - Skipping already processed example (step log exists): rank=48399 path=/home/projects/bagon/shared/imagenet512/val/n03710721/ILSVRC2012_val_00030106.JPEG file=example_8776_rank_48399_n03710721_ILSVRC2012_val_00030106.JPEG_steps.csv
2025-09-23 18:58:52,251 - INFO - Skipping already processed example (step log exists): rank=48400 path=/home/projects/bagon/shared/imagenet512/val/n04070727/ILSVRC2012_val_00004133.JPEG file=example_8777_rank_48400_n04070727_ILSVRC2012_val_00004133.JPEG_steps.csv
2025-09-23 18:58:52,252 - INFO - Skipping already processed example (step log exists): rank=48401 path=/home/projects/bagon/shared/imagenet512/val/n04370456/ILSVRC2012_val_00006374.JPEG file=example_8778_rank_48401_n04370456_ILSVRC2012_val_00006374.JPEG_steps.csv
2025-09-23 18:58:52,252 - INFO - Skipping already processed example (step log exists): rank=48402 path=/home/projects/bagon/shared/imagenet512/val/n02137549/ILSVRC2012_val_00014662.JPEG file=example_8779_rank_48402_n02137549_ILSVRC2012_val_00014662.JPEG_steps.csv
2025-09-23 18:58:52,253 - INFO - Skipping already processed example (step log exists): rank=48403 path=/home/projects/bagon/shared/imagenet512/val/n03417042/ILSVRC2012_val_00037947.JPEG file=example_8780_rank_48403_n03417042_ILSVRC2012_val_00037947.JPEG_steps.csv
2025-09-23 18:58:52,253 - INFO - Skipping already processed example (step log exists): rank=48404 path=/home/projects/bagon/shared/imagenet512/val/n02927161/ILSVRC2012_val_00003463.JPEG file=example_8781_rank_48404_n02927161_ILSVRC2012_val_00003463.JPEG_steps.csv
2025-09-23 18:58:52,254 - INFO - Skipping already processed example (step log exists): rank=48405 path=/home/projects/bagon/shared/imagenet512/val/n03724870/ILSVRC2012_val_00034789.JPEG file=example_8782_rank_48405_n03724870_ILSVRC2012_val_00034789.JPEG_steps.csv
2025-09-23 18:58:52,254 - INFO - Skipping already processed example (step log exists): rank=48406 path=/home/projects/bagon/shared/imagenet512/val/n02808440/ILSVRC2012_val_00027065.JPEG file=example_8783_rank_48406_n02808440_ILSVRC2012_val_00027065.JPEG_steps.csv
2025-09-23 18:58:52,255 - INFO - Skipping already processed example (step log exists): rank=48407 path=/home/projects/bagon/shared/imagenet512/val/n04023962/ILSVRC2012_val_00035103.JPEG file=example_8784_rank_48407_n04023962_ILSVRC2012_val_00035103.JPEG_steps.csv
2025-09-23 18:58:52,255 - INFO - Skipping already processed example (step log exists): rank=48408 path=/home/projects/bagon/shared/imagenet512/val/n02971356/ILSVRC2012_val_00006878.JPEG file=example_8785_rank_48408_n02971356_ILSVRC2012_val_00006878.JPEG_steps.csv
2025-09-23 18:58:52,256 - INFO - Skipping already processed example (step log exists): rank=48409 path=/home/projects/bagon/shared/imagenet512/val/n03950228/ILSVRC2012_val_00009598.JPEG file=example_8786_rank_48409_n03950228_ILSVRC2012_val_00009598.JPEG_steps.csv
2025-09-23 18:58:52,256 - INFO - Skipping already processed example (step log exists): rank=48410 path=/home/projects/bagon/shared/imagenet512/val/n03197337/ILSVRC2012_val_00000339.JPEG file=example_8787_rank_48410_n03197337_ILSVRC2012_val_00000339.JPEG_steps.csv
2025-09-23 18:58:52,257 - INFO - Skipping already processed example (step log exists): rank=48411 path=/home/projects/bagon/shared/imagenet512/val/n02895154/ILSVRC2012_val_00008471.JPEG file=example_8788_rank_48411_n02895154_ILSVRC2012_val_00008471.JPEG_steps.csv
2025-09-23 18:58:52,257 - INFO - Skipping already processed example (step log exists): rank=48412 path=/home/projects/bagon/shared/imagenet512/val/n03781244/ILSVRC2012_val_00005293.JPEG file=example_8789_rank_48412_n03781244_ILSVRC2012_val_00005293.JPEG_steps.csv
2025-09-23 18:58:52,257 - INFO - Skipping already processed example (step log exists): rank=48413 path=/home/projects/bagon/shared/imagenet512/val/n01667778/ILSVRC2012_val_00009484.JPEG file=example_8790_rank_48413_n01667778_ILSVRC2012_val_00009484.JPEG_steps.csv
2025-09-23 18:58:52,258 - INFO - Skipping already processed example (step log exists): rank=48414 path=/home/projects/bagon/shared/imagenet512/val/n02979186/ILSVRC2012_val_00037988.JPEG file=example_8791_rank_48414_n02979186_ILSVRC2012_val_00037988.JPEG_steps.csv
2025-09-23 18:58:52,258 - INFO - Skipping already processed example (step log exists): rank=48415 path=/home/projects/bagon/shared/imagenet512/val/n02101006/ILSVRC2012_val_00021473.JPEG file=example_8792_rank_48415_n02101006_ILSVRC2012_val_00021473.JPEG_steps.csv
2025-09-23 18:58:52,259 - INFO - Skipping already processed example (step log exists): rank=48416 path=/home/projects/bagon/shared/imagenet512/val/n03498962/ILSVRC2012_val_00023035.JPEG file=example_8793_rank_48416_n03498962_ILSVRC2012_val_00023035.JPEG_steps.csv
2025-09-23 18:58:52,259 - INFO - Skipping already processed example (step log exists): rank=48417 path=/home/projects/bagon/shared/imagenet512/val/n02089078/ILSVRC2012_val_00012055.JPEG file=example_8794_rank_48417_n02089078_ILSVRC2012_val_00012055.JPEG_steps.csv
2025-09-23 18:58:52,260 - INFO - Skipping already processed example (step log exists): rank=48418 path=/home/projects/bagon/shared/imagenet512/val/n04286575/ILSVRC2012_val_00044452.JPEG file=example_8795_rank_48418_n04286575_ILSVRC2012_val_00044452.JPEG_steps.csv
2025-09-23 18:58:52,260 - INFO - Skipping already processed example (step log exists): rank=48419 path=/home/projects/bagon/shared/imagenet512/val/n03729826/ILSVRC2012_val_00048290.JPEG file=example_8796_rank_48419_n03729826_ILSVRC2012_val_00048290.JPEG_steps.csv
2025-09-23 18:58:52,260 - INFO - Skipping already processed example (step log exists): rank=48420 path=/home/projects/bagon/shared/imagenet512/val/n04296562/ILSVRC2012_val_00038146.JPEG file=example_8797_rank_48420_n04296562_ILSVRC2012_val_00038146.JPEG_steps.csv
2025-09-23 18:58:52,261 - INFO - Skipping already processed example (step log exists): rank=48421 path=/home/projects/bagon/shared/imagenet512/val/n03063689/ILSVRC2012_val_00033669.JPEG file=example_8798_rank_48421_n03063689_ILSVRC2012_val_00033669.JPEG_steps.csv
2025-09-23 18:58:52,261 - INFO - Skipping already processed example (step log exists): rank=48422 path=/home/projects/bagon/shared/imagenet512/val/n03782006/ILSVRC2012_val_00041042.JPEG file=example_8799_rank_48422_n03782006_ILSVRC2012_val_00041042.JPEG_steps.csv
2025-09-23 18:58:52,262 - INFO - Skipping already processed example (step log exists): rank=48423 path=/home/projects/bagon/shared/imagenet512/val/n01675722/ILSVRC2012_val_00013582.JPEG file=example_8800_rank_48423_n01675722_ILSVRC2012_val_00013582.JPEG_steps.csv
2025-09-23 18:58:52,262 - INFO - Skipping already processed example (step log exists): rank=48424 path=/home/projects/bagon/shared/imagenet512/val/n03958227/ILSVRC2012_val_00023547.JPEG file=example_8801_rank_48424_n03958227_ILSVRC2012_val_00023547.JPEG_steps.csv
2025-09-23 18:58:52,263 - INFO - Skipping already processed example (step log exists): rank=48425 path=/home/projects/bagon/shared/imagenet512/val/n02089973/ILSVRC2012_val_00033666.JPEG file=example_8802_rank_48425_n02089973_ILSVRC2012_val_00033666.JPEG_steps.csv
2025-09-23 18:58:52,263 - INFO - Skipping already processed example (step log exists): rank=48426 path=/home/projects/bagon/shared/imagenet512/val/n02094433/ILSVRC2012_val_00046717.JPEG file=example_8803_rank_48426_n02094433_ILSVRC2012_val_00046717.JPEG_steps.csv
2025-09-23 18:58:52,264 - INFO - Skipping already processed example (step log exists): rank=48427 path=/home/projects/bagon/shared/imagenet512/val/n03642806/ILSVRC2012_val_00037062.JPEG file=example_8804_rank_48427_n03642806_ILSVRC2012_val_00037062.JPEG_steps.csv
2025-09-23 18:58:52,264 - INFO - Skipping already processed example (step log exists): rank=48428 path=/home/projects/bagon/shared/imagenet512/val/n03961711/ILSVRC2012_val_00041237.JPEG file=example_8805_rank_48428_n03961711_ILSVRC2012_val_00041237.JPEG_steps.csv
2025-09-23 18:58:52,265 - INFO - Skipping already processed example (step log exists): rank=48429 path=/home/projects/bagon/shared/imagenet512/val/n03478589/ILSVRC2012_val_00037425.JPEG file=example_8806_rank_48429_n03478589_ILSVRC2012_val_00037425.JPEG_steps.csv
2025-09-23 18:58:52,265 - INFO - Skipping already processed example (step log exists): rank=48430 path=/home/projects/bagon/shared/imagenet512/val/n01667114/ILSVRC2012_val_00030163.JPEG file=example_8807_rank_48430_n01667114_ILSVRC2012_val_00030163.JPEG_steps.csv
2025-09-23 18:58:52,266 - INFO - Skipping already processed example (step log exists): rank=48431 path=/home/projects/bagon/shared/imagenet512/val/n02666196/ILSVRC2012_val_00029302.JPEG file=example_8808_rank_48431_n02666196_ILSVRC2012_val_00029302.JPEG_steps.csv
2025-09-23 18:58:52,266 - INFO - Skipping already processed example (step log exists): rank=48432 path=/home/projects/bagon/shared/imagenet512/val/n03207941/ILSVRC2012_val_00006770.JPEG file=example_8809_rank_48432_n03207941_ILSVRC2012_val_00006770.JPEG_steps.csv
2025-09-23 18:58:52,266 - INFO - Skipping already processed example (step log exists): rank=48433 path=/home/projects/bagon/shared/imagenet512/val/n01877812/ILSVRC2012_val_00024264.JPEG file=example_8810_rank_48433_n01877812_ILSVRC2012_val_00024264.JPEG_steps.csv
2025-09-23 18:58:52,267 - INFO - Skipping already processed example (step log exists): rank=48434 path=/home/projects/bagon/shared/imagenet512/val/n03180011/ILSVRC2012_val_00037573.JPEG file=example_8811_rank_48434_n03180011_ILSVRC2012_val_00037573.JPEG_steps.csv
2025-09-23 18:58:52,267 - INFO - Skipping already processed example (step log exists): rank=48435 path=/home/projects/bagon/shared/imagenet512/val/n03657121/ILSVRC2012_val_00024770.JPEG file=example_8812_rank_48435_n03657121_ILSVRC2012_val_00024770.JPEG_steps.csv
2025-09-23 18:58:52,268 - INFO - Skipping already processed example (step log exists): rank=48436 path=/home/projects/bagon/shared/imagenet512/val/n04081281/ILSVRC2012_val_00049099.JPEG file=example_8813_rank_48436_n04081281_ILSVRC2012_val_00049099.JPEG_steps.csv
2025-09-23 18:58:52,268 - INFO - Skipping already processed example (step log exists): rank=48437 path=/home/projects/bagon/shared/imagenet512/val/n01795545/ILSVRC2012_val_00036225.JPEG file=example_8814_rank_48437_n01795545_ILSVRC2012_val_00036225.JPEG_steps.csv
2025-09-23 18:58:52,269 - INFO - Skipping already processed example (step log exists): rank=48438 path=/home/projects/bagon/shared/imagenet512/val/n02493509/ILSVRC2012_val_00010784.JPEG file=example_8815_rank_48438_n02493509_ILSVRC2012_val_00010784.JPEG_steps.csv
2025-09-23 18:58:52,269 - INFO - Skipping already processed example (step log exists): rank=48439 path=/home/projects/bagon/shared/imagenet512/val/n03032252/ILSVRC2012_val_00015013.JPEG file=example_8816_rank_48439_n03032252_ILSVRC2012_val_00015013.JPEG_steps.csv
2025-09-23 18:58:52,270 - INFO - Skipping already processed example (step log exists): rank=48440 path=/home/projects/bagon/shared/imagenet512/val/n03770679/ILSVRC2012_val_00041846.JPEG file=example_8817_rank_48440_n03770679_ILSVRC2012_val_00041846.JPEG_steps.csv
2025-09-23 18:58:52,270 - INFO - Skipping already processed example (step log exists): rank=48442 path=/home/projects/bagon/shared/imagenet512/val/n01667778/ILSVRC2012_val_00011766.JPEG file=example_8818_rank_48442_n01667778_ILSVRC2012_val_00011766.JPEG_steps.csv
2025-09-23 18:58:52,271 - INFO - Skipping already processed example (step log exists): rank=48443 path=/home/projects/bagon/shared/imagenet512/val/n02123159/ILSVRC2012_val_00039621.JPEG file=example_8819_rank_48443_n02123159_ILSVRC2012_val_00039621.JPEG_steps.csv
2025-09-23 18:58:52,271 - INFO - Skipping already processed example (step log exists): rank=48444 path=/home/projects/bagon/shared/imagenet512/val/n03179701/ILSVRC2012_val_00028157.JPEG file=example_8820_rank_48444_n03179701_ILSVRC2012_val_00028157.JPEG_steps.csv
2025-09-23 18:58:52,271 - INFO - Skipping already processed example (step log exists): rank=48445 path=/home/projects/bagon/shared/imagenet512/val/n01773797/ILSVRC2012_val_00009108.JPEG file=example_8821_rank_48445_n01773797_ILSVRC2012_val_00009108.JPEG_steps.csv
2025-09-23 18:58:52,272 - INFO - Skipping already processed example (step log exists): rank=48446 path=/home/projects/bagon/shared/imagenet512/val/n04328186/ILSVRC2012_val_00011103.JPEG file=example_8822_rank_48446_n04328186_ILSVRC2012_val_00011103.JPEG_steps.csv
2025-09-23 18:58:52,272 - INFO - Skipping already processed example (step log exists): rank=48447 path=/home/projects/bagon/shared/imagenet512/val/n02493509/ILSVRC2012_val_00008449.JPEG file=example_8823_rank_48447_n02493509_ILSVRC2012_val_00008449.JPEG_steps.csv
2025-09-23 18:58:52,273 - INFO - Skipping already processed example (step log exists): rank=48448 path=/home/projects/bagon/shared/imagenet512/val/n04004767/ILSVRC2012_val_00038380.JPEG file=example_8824_rank_48448_n04004767_ILSVRC2012_val_00038380.JPEG_steps.csv
2025-09-23 18:58:52,273 - INFO - Skipping already processed example (step log exists): rank=48450 path=/home/projects/bagon/shared/imagenet512/val/n02870880/ILSVRC2012_val_00012376.JPEG file=example_8825_rank_48450_n02870880_ILSVRC2012_val_00012376.JPEG_steps.csv
2025-09-23 18:58:52,274 - INFO - Skipping already processed example (step log exists): rank=48451 path=/home/projects/bagon/shared/imagenet512/val/n01775062/ILSVRC2012_val_00031976.JPEG file=example_8826_rank_48451_n01775062_ILSVRC2012_val_00031976.JPEG_steps.csv
2025-09-23 18:58:52,274 - INFO - Skipping already processed example (step log exists): rank=48452 path=/home/projects/bagon/shared/imagenet512/val/n02979186/ILSVRC2012_val_00042482.JPEG file=example_8827_rank_48452_n02979186_ILSVRC2012_val_00042482.JPEG_steps.csv
2025-09-23 18:58:52,275 - INFO - Skipping already processed example (step log exists): rank=48453 path=/home/projects/bagon/shared/imagenet512/val/n03400231/ILSVRC2012_val_00049919.JPEG file=example_8828_rank_48453_n03400231_ILSVRC2012_val_00049919.JPEG_steps.csv
2025-09-23 18:58:52,275 - INFO - Skipping already processed example (step log exists): rank=48454 path=/home/projects/bagon/shared/imagenet512/val/n02089973/ILSVRC2012_val_00034690.JPEG file=example_8829_rank_48454_n02089973_ILSVRC2012_val_00034690.JPEG_steps.csv
2025-09-23 18:58:52,275 - INFO - Skipping already processed example (step log exists): rank=48455 path=/home/projects/bagon/shared/imagenet512/val/n04355933/ILSVRC2012_val_00013376.JPEG file=example_8830_rank_48455_n04355933_ILSVRC2012_val_00013376.JPEG_steps.csv
2025-09-23 18:58:52,276 - INFO - Skipping already processed example (step log exists): rank=48456 path=/home/projects/bagon/shared/imagenet512/val/n01945685/ILSVRC2012_val_00027499.JPEG file=example_8831_rank_48456_n01945685_ILSVRC2012_val_00027499.JPEG_steps.csv
2025-09-23 18:58:52,277 - INFO - Skipping already processed example (step log exists): rank=48457 path=/home/projects/bagon/shared/imagenet512/val/n02229544/ILSVRC2012_val_00006730.JPEG file=example_8832_rank_48457_n02229544_ILSVRC2012_val_00006730.JPEG_steps.csv
2025-09-23 18:58:52,278 - INFO - Skipping already processed example (step log exists): rank=48458 path=/home/projects/bagon/shared/imagenet512/val/n02403003/ILSVRC2012_val_00042064.JPEG file=example_8833_rank_48458_n02403003_ILSVRC2012_val_00042064.JPEG_steps.csv
2025-09-23 18:58:52,278 - INFO - Skipping already processed example (step log exists): rank=48459 path=/home/projects/bagon/shared/imagenet512/val/n01773797/ILSVRC2012_val_00012707.JPEG file=example_8834_rank_48459_n01773797_ILSVRC2012_val_00012707.JPEG_steps.csv
2025-09-23 18:58:52,279 - INFO - Skipping already processed example (step log exists): rank=48460 path=/home/projects/bagon/shared/imagenet512/val/n04522168/ILSVRC2012_val_00047813.JPEG file=example_8835_rank_48460_n04522168_ILSVRC2012_val_00047813.JPEG_steps.csv
2025-09-23 18:58:52,279 - INFO - Skipping already processed example (step log exists): rank=48461 path=/home/projects/bagon/shared/imagenet512/val/n04141076/ILSVRC2012_val_00021311.JPEG file=example_8836_rank_48461_n04141076_ILSVRC2012_val_00021311.JPEG_steps.csv
2025-09-23 18:58:52,280 - INFO - Skipping already processed example (step log exists): rank=48462 path=/home/projects/bagon/shared/imagenet512/val/n02504013/ILSVRC2012_val_00003280.JPEG file=example_8837_rank_48462_n02504013_ILSVRC2012_val_00003280.JPEG_steps.csv
2025-09-23 18:58:52,280 - INFO - Skipping already processed example (step log exists): rank=48463 path=/home/projects/bagon/shared/imagenet512/val/n04389033/ILSVRC2012_val_00024233.JPEG file=example_8838_rank_48463_n04389033_ILSVRC2012_val_00024233.JPEG_steps.csv
2025-09-23 18:58:52,281 - INFO - Skipping already processed example (step log exists): rank=48464 path=/home/projects/bagon/shared/imagenet512/val/n03347037/ILSVRC2012_val_00026726.JPEG file=example_8839_rank_48464_n03347037_ILSVRC2012_val_00026726.JPEG_steps.csv
2025-09-23 18:58:52,281 - INFO - Skipping already processed example (step log exists): rank=48465 path=/home/projects/bagon/shared/imagenet512/val/n03888605/ILSVRC2012_val_00000240.JPEG file=example_8840_rank_48465_n03888605_ILSVRC2012_val_00000240.JPEG_steps.csv
2025-09-23 18:58:52,281 - INFO - Skipping already processed example (step log exists): rank=48466 path=/home/projects/bagon/shared/imagenet512/val/n02094114/ILSVRC2012_val_00028199.JPEG file=example_8841_rank_48466_n02094114_ILSVRC2012_val_00028199.JPEG_steps.csv
2025-09-23 18:58:52,282 - INFO - Skipping already processed example (step log exists): rank=48467 path=/home/projects/bagon/shared/imagenet512/val/n01955084/ILSVRC2012_val_00015597.JPEG file=example_8842_rank_48467_n01955084_ILSVRC2012_val_00015597.JPEG_steps.csv
2025-09-23 18:58:52,282 - INFO - Skipping already processed example (step log exists): rank=48468 path=/home/projects/bagon/shared/imagenet512/val/n03804744/ILSVRC2012_val_00028227.JPEG file=example_8843_rank_48468_n03804744_ILSVRC2012_val_00028227.JPEG_steps.csv
2025-09-23 18:58:52,283 - INFO - Skipping already processed example (step log exists): rank=48469 path=/home/projects/bagon/shared/imagenet512/val/n02978881/ILSVRC2012_val_00017819.JPEG file=example_8844_rank_48469_n02978881_ILSVRC2012_val_00017819.JPEG_steps.csv
2025-09-23 18:58:52,283 - INFO - Skipping already processed example (step log exists): rank=48470 path=/home/projects/bagon/shared/imagenet512/val/n02123159/ILSVRC2012_val_00049279.JPEG file=example_8845_rank_48470_n02123159_ILSVRC2012_val_00049279.JPEG_steps.csv
2025-09-23 18:58:52,284 - INFO - Skipping already processed example (step log exists): rank=48471 path=/home/projects/bagon/shared/imagenet512/val/n03325584/ILSVRC2012_val_00040522.JPEG file=example_8846_rank_48471_n03325584_ILSVRC2012_val_00040522.JPEG_steps.csv
2025-09-23 18:58:52,284 - INFO - Skipping already processed example (step log exists): rank=48472 path=/home/projects/bagon/shared/imagenet512/val/n04428191/ILSVRC2012_val_00006380.JPEG file=example_8847_rank_48472_n04428191_ILSVRC2012_val_00006380.JPEG_steps.csv
2025-09-23 18:58:52,285 - INFO - Skipping already processed example (step log exists): rank=48473 path=/home/projects/bagon/shared/imagenet512/val/n02127052/ILSVRC2012_val_00016729.JPEG file=example_8848_rank_48473_n02127052_ILSVRC2012_val_00016729.JPEG_steps.csv
2025-09-23 18:58:52,285 - INFO - Skipping already processed example (step log exists): rank=48474 path=/home/projects/bagon/shared/imagenet512/val/n13054560/ILSVRC2012_val_00019615.JPEG file=example_8849_rank_48474_n13054560_ILSVRC2012_val_00019615.JPEG_steps.csv
2025-09-23 18:58:52,346 - INFO - Merged 8 worker CSVs into /home/projects/bagon/andreyg/Projects/BMM_school/Universal_learning/Programming/training_gradient_evaluator_single_loss_parallel/output_parallel_8_workers_trial_3/efficientvit_b1.r224_in1k/single_example_results.csv
2025-09-23 18:58:54,913 - INFO - Training complete. Summary saved to /home/projects/bagon/andreyg/Projects/BMM_school/Universal_learning/Programming/training_gradient_evaluator_single_loss_parallel/output_parallel_8_workers_trial_3/efficientvit_b1.r224_in1k/training_summary.json
