2025-09-23 05:12:15,520 - INFO - Parsed arguments:
2025-09-23 05:12:15,521 - INFO -   amp_dtype = None
2025-09-23 05:12:15,521 - INFO -   bars_npy = /home/projects/bagon/andreyg/Projects/BMM_school/Universal_learning/Programming/bars/geq6wrong_21017_geq6correct_1525_imagenet.npy
2025-09-23 05:12:15,521 - INFO -   cka_layer_fraction = 0.05
2025-09-23 05:12:15,521 - INFO -   current_worker = 2
2025-09-23 05:12:15,521 - INFO -   deterministic = True
2025-09-23 05:12:15,521 - INFO -   device = cuda
2025-09-23 05:12:15,521 - INFO -   epsilon = 0.001
2025-09-23 05:12:15,521 - INFO -   examples_csv = /home/projects/bagon/andreyg/Projects/BMM_school/Universal_learning/Programming/bars/geq6wrong_21017_geq6correct_1525_imagenet_examples_ammended.csv
2025-09-23 05:12:15,521 - INFO -   explicit_examples_for_training = None
2025-09-23 05:12:15,521 - INFO -   grad_clip_norm = 1.0
2025-09-23 05:12:15,521 - INFO -   hierarchy_json = /home/projects/bagon/andreyg/Projects/BMM_school/Universal_learning/Programming/bars/imagenet_synset_hierarchy.json
2025-09-23 05:12:15,521 - INFO -   imagenet_models_csv = /home/projects/bagon/andreyg/Projects/BMM_school/Universal_learning/Programming/bars/imagenet_models.csv
2025-09-23 05:12:15,521 - INFO -   lr = 0.0001
2025-09-23 05:12:15,521 - INFO -   max_examples = 50000
2025-09-23 05:12:15,521 - INFO -   max_steps_per_example = 10000
2025-09-23 05:12:15,521 - INFO -   model_csv_name = efficientvit_base_1_224_classification_imagenet_1k
2025-09-23 05:12:15,521 - INFO -   model_name = efficientvit_b1.r224_in1k
2025-09-23 05:12:15,521 - INFO -   no_amp = False
2025-09-23 05:12:15,521 - INFO -   num_workers = 8
2025-09-23 05:12:15,521 - INFO -   output_dir = /home/projects/bagon/andreyg/Projects/BMM_school/Universal_learning/Programming/training_gradient_evaluator_single_loss_parallel/output_parallel_8_workers_trial_3
2025-09-23 05:12:15,521 - INFO -   root_dir = None
2025-09-23 05:12:15,521 - INFO -   seed = 1337
2025-09-23 05:12:15,521 - INFO -   time_limit_seconds = 6300
2025-09-23 05:12:15,522 - INFO -   weight_decay = 0.0
2025-09-23 05:12:15,522 - INFO -   zero_aug_train = False
2025-09-23 05:12:16,209 - INFO - Loaded TIMM pretrained weights for efficientvit_b1.r224_in1k
2025-09-23 05:12:16,209 - INFO - pretrained_cfg.url= hf_hub_id=timm/efficientvit_b1.r224_in1k
2025-09-23 05:12:16,697 - INFO - Training configuration:
2025-09-23 05:12:16,697 - INFO -   lr = 0.0001
2025-09-23 05:12:16,697 - INFO -   weight_decay = 0.0
2025-09-23 05:12:16,697 - INFO -   max_steps = 10000
2025-09-23 05:12:16,697 - INFO -   epsilon = 0.001
2025-09-23 05:12:16,698 - INFO -   device = cuda
2025-09-23 05:12:16,698 - INFO -   use_amp = True
2025-09-23 05:12:16,698 - INFO -   amp_dtype = None
2025-09-23 05:12:16,698 - INFO -   gradient_clip_norm = 1.0
2025-09-23 05:12:20,434 - INFO - Global worker partitions (by ordered examples): [0, 1107) [1107, 2214) [2214, 3320) [3320, 4426) [4426, 5532) [5532, 6638) [6638, 7744) [7744, 8850)
2025-09-23 05:12:20,434 - INFO - Assigned slice for worker 2/8: [2214, 3320) with 1106 examples
2025-09-23 05:12:20,435 - INFO - Assigned universal ranks (1106): 40353, 40354, 40360, 40361, 40362, 40365, 40366, 40367, 40369, 40371, 40373, 40375, 40376, 40379, 40382, 40384, 40386, 40390, 40391, 40392, 40395, 40396, 40397, 40398, 40399, 40403, 40404, 40408, 40409, 40410, 40412, 40416, 40419, 40420, 40423, 40430, 40431, 40432, 40433, 40434, 40436, 40438, 40441, 40442, 40443, 40444, 40446, 40449, 40451, 40452, 40455, 40456, 40459, 40461, 40465, 40466, 40468, 40469, 40472, 40474, 40475, 40476, 40482, 40483, 40484, 40491, 40493, 40494, 40495, 40496, 40497, 40501, 40503, 40504, 40506, 40508, 40510, 40511, 40515, 40518, 40519, 40520, 40521, 40525, 40527, 40528, 40530, 40531, 40533, 40535, 40536, 40539, 40540, 40542, 40543, 40544, 40545, 40546, 40549, 40550, 40552, 40559, 40562, 40563, 40565, 40567, 40568, 40576, 40577, 40578, 40579, 40583, 40584, 40589, 40590, 40591, 40592, 40594, 40595, 40596, 40597, 40598, 40599, 40600, 40601, 40606, 40607, 40608, 40610, 40611, 40613, 40617, 40618, 40620, 40622, 40623, 40626, 40627, 40628, 40629, 40633, 40634, 40635, 40637, 40640, 40641, 40644, 40647, 40648, 40650, 40651, 40653, 40655, 40658, 40662, 40665, 40667, 40668, 40670, 40678, 40679, 40680, 40683, 40684, 40685, 40687, 40689, 40693, 40694, 40698, 40701, 40702, 40703, 40704, 40709, 40711, 40713, 40714, 40715, 40718, 40719, 40720, 40722, 40725, 40727, 40731, 40732, 40735, 40736, 40737, 40738, 40740, 40741, 40743, 40744, 40745, 40746, 40753, 40754, 40755, 40756, 40757, 40762, 40763, 40766, 40767, 40769, 40770, 40771, 40773, 40775, 40777, 40778, 40779, 40786, 40787, 40790, 40791, 40793, 40800, 40801, 40802, 40803, 40805, 40806, 40807, 40808, 40809, 40811, 40815, 40817, 40818, 40819, 40821, 40822, 40823, 40825, 40826, 40827, 40828, 40829, 40830, 40832, 40834, 40836, 40839, 40841, 40843, 40845, 40850, 40851, 40852, 40854, 40856, 40859, 40860, 40861, 40862, 40863, 40864, 40865, 40872, 40878, 40879, 40880, 40881, 40885, 40886, 40887, 40888, 40891, 40892, 40893, 40895, 40897, 40901, 40902, 40903, 40904, 40905, 40906, 40907, 40911, 40916, 40917, 40918, 40919, 40920, 40925, 40926, 40927, 40929, 40931, 40932, 40933, 40934, 40935, 40936, 40937, 40939, 40941, 40942, 40943, 40945, 40947, 40949, 40952, 40953, 40954, 40956, 40957, 40958, 40959, 40960, 40966, 40967, 40968, 40969, 40971, 40975, 40976, 40977, 40979, 40980, 40981, 40987, 40990, 40991, 40992, 40993, 40994, 40995, 40996, 40997, 40998, 41000, 41002, 41003, 41004, 41006, 41007, 41011, 41012, 41013, 41014, 41016, 41017, 41020, 41021, 41024, 41026, 41028, 41030, 41033, 41038, 41039, 41040, 41041, 41042, 41044, 41045, 41047, 41050, 41053, 41054, 41055, 41056, 41057, 41058, 41059, 41060, 41061, 41062, 41066, 41068, 41070, 41071, 41072, 41074, 41077, 41079, 41080, 41082, 41085, 41086, 41089, 41091, 41092, 41093, 41094, 41095, 41098, 41100, 41101, 41102, 41103, 41104, 41105, 41108, 41109, 41110, 41111, 41112, 41115, 41118, 41120, 41121, 41122, 41123, 41125, 41126, 41127, 41128, 41130, 41132, 41133, 41134, 41136, 41139, 41141, 41143, 41145, 41146, 41152, 41154, 41155, 41158, 41159, 41161, 41162, 41163, 41164, 41165, 41166, 41170, 41172, 41175, 41176, 41178, 41180, 41184, 41185, 41186, 41190, 41191, 41192, 41193, 41194, 41196, 41197, 41198, 41199, 41200, 41202, 41203, 41204, 41207, 41209, 41211, 41212, 41213, 41214, 41216, 41217, 41220, 41223, 41224, 41226, 41228, 41229, 41230, 41231, 41234, 41236, 41237, 41238, 41240, 41241, 41242, 41243, 41244, 41247, 41248, 41249, 41250, 41251, 41252, 41253, 41254, 41256, 41257, 41258, 41259, 41260, 41261, 41263, 41264, 41266, 41268, 41269, 41270, 41271, 41272, 41273, 41277, 41278, 41279, 41282, 41283, 41284, 41286, 41287, 41289, 41291, 41292, 41294, 41295, 41296, 41297, 41298, 41299, 41301, 41302, 41303, 41305, 41306, 41307, 41308, 41309, 41310, 41311, 41312, 41314, 41315, 41317, 41319, 41320, 41321, 41322, 41324, 41327, 41328, 41329, 41330, 41334, 41341, 41342, 41345, 41348, 41350, 41354, 41361, 41362, 41365, 41367, 41368, 41369, 41370, 41372, 41373, 41374, 41375, 41376, 41377, 41378, 41379, 41380, 41381, 41382, 41383, 41384, 41385, 41386, 41387, 41388, 41391, 41392, 41393, 41394, 41395, 41396, 41397, 41398, 41399, 41400, 41401, 41402, 41403, 41404, 41405, 41406, 41407, 41409, 41410, 41411, 41413, 41415, 41416, 41419, 41421, 41422, 41425, 41426, 41428, 41429, 41431, 41432, 41434, 41435, 41436, 41437, 41438, 41439, 41441, 41442, 41445, 41447, 41449, 41450, 41454, 41456, 41457, 41458, 41460, 41462, 41463, 41464, 41465, 41466, 41467, 41468, 41469, 41471, 41472, 41475, 41476, 41477, 41478, 41480, 41482, 41484, 41485, 41487, 41488, 41489, 41493, 41496, 41497, 41498, 41499, 41500, 41501, 41502, 41503, 41504, 41505, 41506, 41507, 41508, 41509, 41510, 41514, 41516, 41518, 41519, 41520, 41521, 41522, 41525, 41526, 41527, 41528, 41530, 41533, 41534, 41535, 41536, 41538, 41539, 41540, 41542, 41543, 41544, 41545, 41546, 41548, 41549, 41552, 41554, 41555, 41556, 41557, 41558, 41559, 41560, 41562, 41564, 41566, 41568, 41569, 41570, 41574, 41576, 41577, 41580, 41581, 41582, 41585, 41586, 41587, 41590, 41591, 41593, 41594, 41595, 41598, 41599, 41601, 41604, 41605, 41606, 41609, 41610, 41611, 41612, 41613, 41615, 41616, 41617, 41618, 41619, 41623, 41624, 41627, 41628, 41629, 41630, 41631, 41632, 41634, 41635, 41636, 41638, 41639, 41640, 41645, 41647, 41649, 41650, 41654, 41657, 41658, 41661, 41662, 41663, 41664, 41665, 41666, 41668, 41669, 41671, 41672, 41673, 41674, 41675, 41676, 41677, 41681, 41682, 41683, 41688, 41689, 41694, 41695, 41697, 41698, 41699, 41700, 41702, 41704, 41707, 41708, 41709, 41712, 41714, 41718, 41721, 41722, 41723, 41724, 41730, 41732, 41733, 41736, 41738, 41739, 41740, 41741, 41742, 41746, 41747, 41750, 41752, 41753, 41755, 41756, 41758, 41760, 41761, 41762, 41763, 41765, 41767, 41768, 41769, 41770, 41771, 41775, 41776, 41777, 41778, 41782, 41783, 41784, 41786, 41787, 41788, 41789, 41790, 41792, 41798, 41799, 41800, 41805, 41806, 41807, 41808, 41809, 41810, 41814, 41815, 41816, 41818, 41820, 41821, 41822, 41824, 41826, 41827, 41829, 41830, 41832, 41833, 41834, 41835, 41837, 41838, 41839, 41841, 41842, 41843, 41844, 41845, 41846, 41849, 41852, 41853, 41854, 41855, 41859, 41862, 41863, 41866, 41867, 41868, 41869, 41870, 41873, 41874, 41875, 41878, 41879, 41880, 41881, 41882, 41883, 41884, 41887, 41888, 41891, 41892, 41895, 41896, 41897, 41898, 41899, 41900, 41901, 41902, 41903, 41904, 41905, 41906, 41907, 41909, 41910, 41911, 41912, 41913, 41914, 41915, 41916, 41917, 41918, 41919, 41920, 41921, 41922, 41923, 41924, 41927, 41928, 41929, 41930, 41931, 41932, 41934, 41935, 41938, 41939, 41940, 41941, 41943, 41944, 41945, 41946, 41947, 41951, 41952, 41955, 41957, 41958, 41960, 41961, 41966, 41967, 41968, 41971, 41972, 41973, 41977, 41978, 41980, 41981, 41982, 41983, 41984, 41987, 41988, 41991, 41992, 41994, 41996, 41997, 41998, 41999, 42002, 42003, 42004, 42005, 42006, 42007, 42009, 42010, 42012, 42013, 42015, 42016, 42017, 42018, 42019, 42021, 42025, 42026, 42027, 42028, 42029, 42030, 42031, 42032, 42033, 42034, 42035, 42037, 42041, 42045, 42046, 42047, 42048, 42050, 42051, 42052, 42053, 42054, 42055, 42056, 42057, 42059, 42062, 42063, 42064, 42067, 42068, 42069, 42070, 42071, 42072, 42074, 42075, 42076, 42077, 42078, 42079, 42080, 42081, 42082, 42083, 42084, 42086, 42087, 42088, 42089, 42091, 42092, 42093, 42096, 42097, 42099, 42101, 42102, 42104, 42105, 42106, 42108, 42109, 42110, 42112, 42113, 42115, 42116, 42117, 42119, 42121, 42122, 42125, 42127, 42128, 42129, 42130, 42131, 42133, 42135, 42136, 42137, 42138, 42139, 42143, 42144, 42145, 42148, 42149, 42151, 42152, 42154, 42155, 42157, 42158, 42159, 42160, 42161, 42162, 42163, 42164, 42165, 42166, 42167, 42168, 42170, 42175, 42176, 42178, 42181, 42182, 42183, 42185, 42187, 42188, 42189, 42191, 42193, 42195, 42197, 42198, 42199, 42200, 42204
2025-09-23 05:12:20,435 - INFO - Assigned example paths (one per line):
/home/projects/bagon/shared/imagenet512/val/n04325704/ILSVRC2012_val_00007162.JPEG
/home/projects/bagon/shared/imagenet512/val/n02708093/ILSVRC2012_val_00013502.JPEG
/home/projects/bagon/shared/imagenet512/val/n04263257/ILSVRC2012_val_00002204.JPEG
/home/projects/bagon/shared/imagenet512/val/n04192698/ILSVRC2012_val_00018970.JPEG
/home/projects/bagon/shared/imagenet512/val/n03041632/ILSVRC2012_val_00015679.JPEG
/home/projects/bagon/shared/imagenet512/val/n02749479/ILSVRC2012_val_00019910.JPEG
/home/projects/bagon/shared/imagenet512/val/n02749479/ILSVRC2012_val_00027344.JPEG
/home/projects/bagon/shared/imagenet512/val/n02012849/ILSVRC2012_val_00033138.JPEG
/home/projects/bagon/shared/imagenet512/val/n09472597/ILSVRC2012_val_00036733.JPEG
/home/projects/bagon/shared/imagenet512/val/n02123394/ILSVRC2012_val_00001101.JPEG
/home/projects/bagon/shared/imagenet512/val/n02749479/ILSVRC2012_val_00000268.JPEG
/home/projects/bagon/shared/imagenet512/val/n01608432/ILSVRC2012_val_00001488.JPEG
/home/projects/bagon/shared/imagenet512/val/n03630383/ILSVRC2012_val_00015323.JPEG
/home/projects/bagon/shared/imagenet512/val/n02951585/ILSVRC2012_val_00018344.JPEG
/home/projects/bagon/shared/imagenet512/val/n03110669/ILSVRC2012_val_00013454.JPEG
/home/projects/bagon/shared/imagenet512/val/n03602883/ILSVRC2012_val_00030988.JPEG
/home/projects/bagon/shared/imagenet512/val/n03710721/ILSVRC2012_val_00045072.JPEG
/home/projects/bagon/shared/imagenet512/val/n02641379/ILSVRC2012_val_00001975.JPEG
/home/projects/bagon/shared/imagenet512/val/n01797886/ILSVRC2012_val_00021625.JPEG
/home/projects/bagon/shared/imagenet512/val/n02692877/ILSVRC2012_val_00013056.JPEG
/home/projects/bagon/shared/imagenet512/val/n07717410/ILSVRC2012_val_00011443.JPEG
/home/projects/bagon/shared/imagenet512/val/n03160309/ILSVRC2012_val_00020885.JPEG
/home/projects/bagon/shared/imagenet512/val/n02109961/ILSVRC2012_val_00037595.JPEG
/home/projects/bagon/shared/imagenet512/val/n03899768/ILSVRC2012_val_00007577.JPEG
/home/projects/bagon/shared/imagenet512/val/n03843555/ILSVRC2012_val_00047130.JPEG
/home/projects/bagon/shared/imagenet512/val/n01756291/ILSVRC2012_val_00039601.JPEG
/home/projects/bagon/shared/imagenet512/val/n03887697/ILSVRC2012_val_00049441.JPEG
/home/projects/bagon/shared/imagenet512/val/n02951585/ILSVRC2012_val_00019599.JPEG
/home/projects/bagon/shared/imagenet512/val/n03781244/ILSVRC2012_val_00047255.JPEG
/home/projects/bagon/shared/imagenet512/val/n04023962/ILSVRC2012_val_00033882.JPEG
/home/projects/bagon/shared/imagenet512/val/n03920288/ILSVRC2012_val_00035034.JPEG
/home/projects/bagon/shared/imagenet512/val/n04443257/ILSVRC2012_val_00029586.JPEG
/home/projects/bagon/shared/imagenet512/val/n03179701/ILSVRC2012_val_00049150.JPEG
/home/projects/bagon/shared/imagenet512/val/n02123045/ILSVRC2012_val_00033420.JPEG
/home/projects/bagon/shared/imagenet512/val/n03793489/ILSVRC2012_val_00013161.JPEG
/home/projects/bagon/shared/imagenet512/val/n07920052/ILSVRC2012_val_00044233.JPEG
/home/projects/bagon/shared/imagenet512/val/n03146219/ILSVRC2012_val_00023917.JPEG
/home/projects/bagon/shared/imagenet512/val/n02749479/ILSVRC2012_val_00043236.JPEG
/home/projects/bagon/shared/imagenet512/val/n03400231/ILSVRC2012_val_00025760.JPEG
/home/projects/bagon/shared/imagenet512/val/n02102040/ILSVRC2012_val_00010994.JPEG
/home/projects/bagon/shared/imagenet512/val/n02916936/ILSVRC2012_val_00013620.JPEG
/home/projects/bagon/shared/imagenet512/val/n03832673/ILSVRC2012_val_00031166.JPEG
/home/projects/bagon/shared/imagenet512/val/n04204347/ILSVRC2012_val_00039345.JPEG
/home/projects/bagon/shared/imagenet512/val/n04372370/ILSVRC2012_val_00037750.JPEG
/home/projects/bagon/shared/imagenet512/val/n03372029/ILSVRC2012_val_00028648.JPEG
/home/projects/bagon/shared/imagenet512/val/n04251144/ILSVRC2012_val_00035850.JPEG
/home/projects/bagon/shared/imagenet512/val/n03026506/ILSVRC2012_val_00024373.JPEG
/home/projects/bagon/shared/imagenet512/val/n02088364/ILSVRC2012_val_00034041.JPEG
/home/projects/bagon/shared/imagenet512/val/n09246464/ILSVRC2012_val_00035485.JPEG
/home/projects/bagon/shared/imagenet512/val/n04325704/ILSVRC2012_val_00021921.JPEG
/home/projects/bagon/shared/imagenet512/val/n02443114/ILSVRC2012_val_00004999.JPEG
/home/projects/bagon/shared/imagenet512/val/n04285008/ILSVRC2012_val_00037952.JPEG
/home/projects/bagon/shared/imagenet512/val/n04330267/ILSVRC2012_val_00016797.JPEG
/home/projects/bagon/shared/imagenet512/val/n03724870/ILSVRC2012_val_00022613.JPEG
/home/projects/bagon/shared/imagenet512/val/n04330267/ILSVRC2012_val_00017468.JPEG
/home/projects/bagon/shared/imagenet512/val/n03529860/ILSVRC2012_val_00010142.JPEG
/home/projects/bagon/shared/imagenet512/val/n03866082/ILSVRC2012_val_00028311.JPEG
/home/projects/bagon/shared/imagenet512/val/n02490219/ILSVRC2012_val_00024140.JPEG
/home/projects/bagon/shared/imagenet512/val/n04238763/ILSVRC2012_val_00027531.JPEG
/home/projects/bagon/shared/imagenet512/val/n01608432/ILSVRC2012_val_00047191.JPEG
/home/projects/bagon/shared/imagenet512/val/n02106662/ILSVRC2012_val_00002012.JPEG
/home/projects/bagon/shared/imagenet512/val/n02114855/ILSVRC2012_val_00036324.JPEG
/home/projects/bagon/shared/imagenet512/val/n03884397/ILSVRC2012_val_00045373.JPEG
/home/projects/bagon/shared/imagenet512/val/n01734418/ILSVRC2012_val_00031885.JPEG
/home/projects/bagon/shared/imagenet512/val/n02794156/ILSVRC2012_val_00005441.JPEG
/home/projects/bagon/shared/imagenet512/val/n03930313/ILSVRC2012_val_00042364.JPEG
/home/projects/bagon/shared/imagenet512/val/n02113624/ILSVRC2012_val_00005820.JPEG
/home/projects/bagon/shared/imagenet512/val/n04380533/ILSVRC2012_val_00038461.JPEG
/home/projects/bagon/shared/imagenet512/val/n03666591/ILSVRC2012_val_00003417.JPEG
/home/projects/bagon/shared/imagenet512/val/n01744401/ILSVRC2012_val_00016821.JPEG
/home/projects/bagon/shared/imagenet512/val/n03476991/ILSVRC2012_val_00035008.JPEG
/home/projects/bagon/shared/imagenet512/val/n02133161/ILSVRC2012_val_00016621.JPEG
/home/projects/bagon/shared/imagenet512/val/n03372029/ILSVRC2012_val_00012821.JPEG
/home/projects/bagon/shared/imagenet512/val/n02895154/ILSVRC2012_val_00046195.JPEG
/home/projects/bagon/shared/imagenet512/val/n03016953/ILSVRC2012_val_00033266.JPEG
/home/projects/bagon/shared/imagenet512/val/n04597913/ILSVRC2012_val_00026727.JPEG
/home/projects/bagon/shared/imagenet512/val/n04461696/ILSVRC2012_val_00022323.JPEG
/home/projects/bagon/shared/imagenet512/val/n03447721/ILSVRC2012_val_00001400.JPEG
/home/projects/bagon/shared/imagenet512/val/n09229709/ILSVRC2012_val_00029026.JPEG
/home/projects/bagon/shared/imagenet512/val/n02113023/ILSVRC2012_val_00049215.JPEG
/home/projects/bagon/shared/imagenet512/val/n03535780/ILSVRC2012_val_00017778.JPEG
/home/projects/bagon/shared/imagenet512/val/n07932039/ILSVRC2012_val_00030298.JPEG
/home/projects/bagon/shared/imagenet512/val/n03075370/ILSVRC2012_val_00032920.JPEG
/home/projects/bagon/shared/imagenet512/val/n01871265/ILSVRC2012_val_00038632.JPEG
/home/projects/bagon/shared/imagenet512/val/n04442312/ILSVRC2012_val_00049467.JPEG
/home/projects/bagon/shared/imagenet512/val/n15075141/ILSVRC2012_val_00002663.JPEG
/home/projects/bagon/shared/imagenet512/val/n02869837/ILSVRC2012_val_00025125.JPEG
/home/projects/bagon/shared/imagenet512/val/n04371774/ILSVRC2012_val_00012257.JPEG
/home/projects/bagon/shared/imagenet512/val/n02110185/ILSVRC2012_val_00012604.JPEG
/home/projects/bagon/shared/imagenet512/val/n02895154/ILSVRC2012_val_00030532.JPEG
/home/projects/bagon/shared/imagenet512/val/n01807496/ILSVRC2012_val_00036552.JPEG
/home/projects/bagon/shared/imagenet512/val/n07932039/ILSVRC2012_val_00027665.JPEG
/home/projects/bagon/shared/imagenet512/val/n03000134/ILSVRC2012_val_00022377.JPEG
/home/projects/bagon/shared/imagenet512/val/n03721384/ILSVRC2012_val_00031471.JPEG
/home/projects/bagon/shared/imagenet512/val/n01491361/ILSVRC2012_val_00010074.JPEG
/home/projects/bagon/shared/imagenet512/val/n03843555/ILSVRC2012_val_00047376.JPEG
/home/projects/bagon/shared/imagenet512/val/n04604644/ILSVRC2012_val_00019440.JPEG
/home/projects/bagon/shared/imagenet512/val/n11879895/ILSVRC2012_val_00003367.JPEG
/home/projects/bagon/shared/imagenet512/val/n02109047/ILSVRC2012_val_00024275.JPEG
/home/projects/bagon/shared/imagenet512/val/n03498962/ILSVRC2012_val_00034911.JPEG
/home/projects/bagon/shared/imagenet512/val/n04263257/ILSVRC2012_val_00029821.JPEG
/home/projects/bagon/shared/imagenet512/val/n04209133/ILSVRC2012_val_00013723.JPEG
/home/projects/bagon/shared/imagenet512/val/n04357314/ILSVRC2012_val_00007823.JPEG
/home/projects/bagon/shared/imagenet512/val/n02747177/ILSVRC2012_val_00041165.JPEG
/home/projects/bagon/shared/imagenet512/val/n07718747/ILSVRC2012_val_00007247.JPEG
/home/projects/bagon/shared/imagenet512/val/n04141327/ILSVRC2012_val_00027852.JPEG
/home/projects/bagon/shared/imagenet512/val/n03658185/ILSVRC2012_val_00010684.JPEG
/home/projects/bagon/shared/imagenet512/val/n02747177/ILSVRC2012_val_00006617.JPEG
/home/projects/bagon/shared/imagenet512/val/n02493509/ILSVRC2012_val_00014782.JPEG
/home/projects/bagon/shared/imagenet512/val/n03633091/ILSVRC2012_val_00011185.JPEG
/home/projects/bagon/shared/imagenet512/val/n01824575/ILSVRC2012_val_00018318.JPEG
/home/projects/bagon/shared/imagenet512/val/n02108551/ILSVRC2012_val_00029976.JPEG
/home/projects/bagon/shared/imagenet512/val/n04505470/ILSVRC2012_val_00036727.JPEG
/home/projects/bagon/shared/imagenet512/val/n03481172/ILSVRC2012_val_00032084.JPEG
/home/projects/bagon/shared/imagenet512/val/n02672831/ILSVRC2012_val_00046265.JPEG
/home/projects/bagon/shared/imagenet512/val/n03494278/ILSVRC2012_val_00018302.JPEG
/home/projects/bagon/shared/imagenet512/val/n02640242/ILSVRC2012_val_00042544.JPEG
/home/projects/bagon/shared/imagenet512/val/n01950731/ILSVRC2012_val_00036188.JPEG
/home/projects/bagon/shared/imagenet512/val/n04336792/ILSVRC2012_val_00001196.JPEG
/home/projects/bagon/shared/imagenet512/val/n01693334/ILSVRC2012_val_00041769.JPEG
/home/projects/bagon/shared/imagenet512/val/n01748264/ILSVRC2012_val_00036217.JPEG
/home/projects/bagon/shared/imagenet512/val/n02090721/ILSVRC2012_val_00017041.JPEG
/home/projects/bagon/shared/imagenet512/val/n02927161/ILSVRC2012_val_00044970.JPEG
/home/projects/bagon/shared/imagenet512/val/n02797295/ILSVRC2012_val_00018522.JPEG
/home/projects/bagon/shared/imagenet512/val/n02085936/ILSVRC2012_val_00039146.JPEG
/home/projects/bagon/shared/imagenet512/val/n01532829/ILSVRC2012_val_00007129.JPEG
/home/projects/bagon/shared/imagenet512/val/n06596364/ILSVRC2012_val_00030390.JPEG
/home/projects/bagon/shared/imagenet512/val/n02102480/ILSVRC2012_val_00046700.JPEG
/home/projects/bagon/shared/imagenet512/val/n04275548/ILSVRC2012_val_00040594.JPEG
/home/projects/bagon/shared/imagenet512/val/n04200800/ILSVRC2012_val_00049275.JPEG
/home/projects/bagon/shared/imagenet512/val/n01740131/ILSVRC2012_val_00004587.JPEG
/home/projects/bagon/shared/imagenet512/val/n04023962/ILSVRC2012_val_00032748.JPEG
/home/projects/bagon/shared/imagenet512/val/n03781244/ILSVRC2012_val_00032245.JPEG
/home/projects/bagon/shared/imagenet512/val/n02101388/ILSVRC2012_val_00015972.JPEG
/home/projects/bagon/shared/imagenet512/val/n04265275/ILSVRC2012_val_00022558.JPEG
/home/projects/bagon/shared/imagenet512/val/n02098413/ILSVRC2012_val_00011063.JPEG
/home/projects/bagon/shared/imagenet512/val/n01944390/ILSVRC2012_val_00019782.JPEG
/home/projects/bagon/shared/imagenet512/val/n02930766/ILSVRC2012_val_00031878.JPEG
/home/projects/bagon/shared/imagenet512/val/n01944390/ILSVRC2012_val_00009202.JPEG
/home/projects/bagon/shared/imagenet512/val/n03874599/ILSVRC2012_val_00023222.JPEG
/home/projects/bagon/shared/imagenet512/val/n04131690/ILSVRC2012_val_00041903.JPEG
/home/projects/bagon/shared/imagenet512/val/n02105056/ILSVRC2012_val_00038674.JPEG
/home/projects/bagon/shared/imagenet512/val/n03249569/ILSVRC2012_val_00021326.JPEG
/home/projects/bagon/shared/imagenet512/val/n04584207/ILSVRC2012_val_00000854.JPEG
/home/projects/bagon/shared/imagenet512/val/n01692333/ILSVRC2012_val_00006500.JPEG
/home/projects/bagon/shared/imagenet512/val/n02808440/ILSVRC2012_val_00033910.JPEG
/home/projects/bagon/shared/imagenet512/val/n03769881/ILSVRC2012_val_00032382.JPEG
/home/projects/bagon/shared/imagenet512/val/n04548362/ILSVRC2012_val_00005044.JPEG
/home/projects/bagon/shared/imagenet512/val/n02105412/ILSVRC2012_val_00042144.JPEG
/home/projects/bagon/shared/imagenet512/val/n03690938/ILSVRC2012_val_00041882.JPEG
/home/projects/bagon/shared/imagenet512/val/n02667093/ILSVRC2012_val_00005439.JPEG
/home/projects/bagon/shared/imagenet512/val/n03417042/ILSVRC2012_val_00032800.JPEG
/home/projects/bagon/shared/imagenet512/val/n02412080/ILSVRC2012_val_00036891.JPEG
/home/projects/bagon/shared/imagenet512/val/n03657121/ILSVRC2012_val_00018182.JPEG
/home/projects/bagon/shared/imagenet512/val/n02795169/ILSVRC2012_val_00014204.JPEG
/home/projects/bagon/shared/imagenet512/val/n07693725/ILSVRC2012_val_00007322.JPEG
/home/projects/bagon/shared/imagenet512/val/n02172182/ILSVRC2012_val_00021314.JPEG
/home/projects/bagon/shared/imagenet512/val/n03843555/ILSVRC2012_val_00018387.JPEG
/home/projects/bagon/shared/imagenet512/val/n03832673/ILSVRC2012_val_00006899.JPEG
/home/projects/bagon/shared/imagenet512/val/n02814860/ILSVRC2012_val_00036801.JPEG
/home/projects/bagon/shared/imagenet512/val/n04070727/ILSVRC2012_val_00039593.JPEG
/home/projects/bagon/shared/imagenet512/val/n13133613/ILSVRC2012_val_00046115.JPEG
/home/projects/bagon/shared/imagenet512/val/n07745940/ILSVRC2012_val_00019253.JPEG
/home/projects/bagon/shared/imagenet512/val/n03223299/ILSVRC2012_val_00026334.JPEG
/home/projects/bagon/shared/imagenet512/val/n04584207/ILSVRC2012_val_00036677.JPEG
/home/projects/bagon/shared/imagenet512/val/n03868242/ILSVRC2012_val_00039238.JPEG
/home/projects/bagon/shared/imagenet512/val/n02066245/ILSVRC2012_val_00033405.JPEG
/home/projects/bagon/shared/imagenet512/val/n03954731/ILSVRC2012_val_00037755.JPEG
/home/projects/bagon/shared/imagenet512/val/n07697313/ILSVRC2012_val_00024158.JPEG
/home/projects/bagon/shared/imagenet512/val/n09428293/ILSVRC2012_val_00036398.JPEG
/home/projects/bagon/shared/imagenet512/val/n02087394/ILSVRC2012_val_00043252.JPEG
/home/projects/bagon/shared/imagenet512/val/n03443371/ILSVRC2012_val_00034645.JPEG
/home/projects/bagon/shared/imagenet512/val/n03481172/ILSVRC2012_val_00045142.JPEG
/home/projects/bagon/shared/imagenet512/val/n02795169/ILSVRC2012_val_00001883.JPEG
/home/projects/bagon/shared/imagenet512/val/n03594945/ILSVRC2012_val_00025990.JPEG
/home/projects/bagon/shared/imagenet512/val/n04525038/ILSVRC2012_val_00005602.JPEG
/home/projects/bagon/shared/imagenet512/val/n02091635/ILSVRC2012_val_00037347.JPEG
/home/projects/bagon/shared/imagenet512/val/n03476991/ILSVRC2012_val_00028034.JPEG
/home/projects/bagon/shared/imagenet512/val/n03633091/ILSVRC2012_val_00036758.JPEG
/home/projects/bagon/shared/imagenet512/val/n02105505/ILSVRC2012_val_00032099.JPEG
/home/projects/bagon/shared/imagenet512/val/n04350905/ILSVRC2012_val_00038098.JPEG
/home/projects/bagon/shared/imagenet512/val/n09332890/ILSVRC2012_val_00022291.JPEG
/home/projects/bagon/shared/imagenet512/val/n04591713/ILSVRC2012_val_00048602.JPEG
/home/projects/bagon/shared/imagenet512/val/n03100240/ILSVRC2012_val_00020673.JPEG
/home/projects/bagon/shared/imagenet512/val/n04487394/ILSVRC2012_val_00000146.JPEG
/home/projects/bagon/shared/imagenet512/val/n03804744/ILSVRC2012_val_00024466.JPEG
/home/projects/bagon/shared/imagenet512/val/n07860988/ILSVRC2012_val_00026243.JPEG
/home/projects/bagon/shared/imagenet512/val/n02177972/ILSVRC2012_val_00044760.JPEG
/home/projects/bagon/shared/imagenet512/val/n01980166/ILSVRC2012_val_00038606.JPEG
/home/projects/bagon/shared/imagenet512/val/n04443257/ILSVRC2012_val_00046294.JPEG
/home/projects/bagon/shared/imagenet512/val/n03873416/ILSVRC2012_val_00003470.JPEG
/home/projects/bagon/shared/imagenet512/val/n03721384/ILSVRC2012_val_00019692.JPEG
/home/projects/bagon/shared/imagenet512/val/n02110958/ILSVRC2012_val_00038637.JPEG
/home/projects/bagon/shared/imagenet512/val/n02871525/ILSVRC2012_val_00027303.JPEG
/home/projects/bagon/shared/imagenet512/val/n04270147/ILSVRC2012_val_00004044.JPEG
/home/projects/bagon/shared/imagenet512/val/n02111277/ILSVRC2012_val_00044206.JPEG
/home/projects/bagon/shared/imagenet512/val/n03450230/ILSVRC2012_val_00024207.JPEG
/home/projects/bagon/shared/imagenet512/val/n07718472/ILSVRC2012_val_00038547.JPEG
/home/projects/bagon/shared/imagenet512/val/n03443371/ILSVRC2012_val_00011666.JPEG
/home/projects/bagon/shared/imagenet512/val/n02074367/ILSVRC2012_val_00030029.JPEG
/home/projects/bagon/shared/imagenet512/val/n01749939/ILSVRC2012_val_00025938.JPEG
/home/projects/bagon/shared/imagenet512/val/n04606251/ILSVRC2012_val_00041464.JPEG
/home/projects/bagon/shared/imagenet512/val/n03594734/ILSVRC2012_val_00013960.JPEG
/home/projects/bagon/shared/imagenet512/val/n03769881/ILSVRC2012_val_00000314.JPEG
/home/projects/bagon/shared/imagenet512/val/n04039381/ILSVRC2012_val_00033869.JPEG
/home/projects/bagon/shared/imagenet512/val/n02114855/ILSVRC2012_val_00031197.JPEG
/home/projects/bagon/shared/imagenet512/val/n04116512/ILSVRC2012_val_00042132.JPEG
/home/projects/bagon/shared/imagenet512/val/n02089078/ILSVRC2012_val_00002398.JPEG
/home/projects/bagon/shared/imagenet512/val/n03450230/ILSVRC2012_val_00041146.JPEG
/home/projects/bagon/shared/imagenet512/val/n04371774/ILSVRC2012_val_00007229.JPEG
/home/projects/bagon/shared/imagenet512/val/n04476259/ILSVRC2012_val_00029985.JPEG
/home/projects/bagon/shared/imagenet512/val/n02109961/ILSVRC2012_val_00045291.JPEG
/home/projects/bagon/shared/imagenet512/val/n04355933/ILSVRC2012_val_00030842.JPEG
/home/projects/bagon/shared/imagenet512/val/n07860988/ILSVRC2012_val_00038843.JPEG
/home/projects/bagon/shared/imagenet512/val/n02834397/ILSVRC2012_val_00005643.JPEG
/home/projects/bagon/shared/imagenet512/val/n03794056/ILSVRC2012_val_00003270.JPEG
/home/projects/bagon/shared/imagenet512/val/n02978881/ILSVRC2012_val_00012205.JPEG
/home/projects/bagon/shared/imagenet512/val/n02102318/ILSVRC2012_val_00015183.JPEG
/home/projects/bagon/shared/imagenet512/val/n04264628/ILSVRC2012_val_00008260.JPEG
/home/projects/bagon/shared/imagenet512/val/n04179913/ILSVRC2012_val_00001803.JPEG
/home/projects/bagon/shared/imagenet512/val/n01737021/ILSVRC2012_val_00009042.JPEG
/home/projects/bagon/shared/imagenet512/val/n02085936/ILSVRC2012_val_00015300.JPEG
/home/projects/bagon/shared/imagenet512/val/n03376595/ILSVRC2012_val_00040576.JPEG
/home/projects/bagon/shared/imagenet512/val/n04263257/ILSVRC2012_val_00040184.JPEG
/home/projects/bagon/shared/imagenet512/val/n02113186/ILSVRC2012_val_00043399.JPEG
/home/projects/bagon/shared/imagenet512/val/n04026417/ILSVRC2012_val_00034222.JPEG
/home/projects/bagon/shared/imagenet512/val/n03782006/ILSVRC2012_val_00040801.JPEG
/home/projects/bagon/shared/imagenet512/val/n04380533/ILSVRC2012_val_00032077.JPEG
/home/projects/bagon/shared/imagenet512/val/n04152593/ILSVRC2012_val_00049455.JPEG
/home/projects/bagon/shared/imagenet512/val/n03929855/ILSVRC2012_val_00014938.JPEG
/home/projects/bagon/shared/imagenet512/val/n04152593/ILSVRC2012_val_00044524.JPEG
/home/projects/bagon/shared/imagenet512/val/n01530575/ILSVRC2012_val_00013512.JPEG
/home/projects/bagon/shared/imagenet512/val/n07716358/ILSVRC2012_val_00010332.JPEG
/home/projects/bagon/shared/imagenet512/val/n02963159/ILSVRC2012_val_00008307.JPEG
/home/projects/bagon/shared/imagenet512/val/n03063689/ILSVRC2012_val_00029788.JPEG
/home/projects/bagon/shared/imagenet512/val/n03942813/ILSVRC2012_val_00016600.JPEG
/home/projects/bagon/shared/imagenet512/val/n01697457/ILSVRC2012_val_00020667.JPEG
/home/projects/bagon/shared/imagenet512/val/n02916936/ILSVRC2012_val_00025721.JPEG
/home/projects/bagon/shared/imagenet512/val/n03481172/ILSVRC2012_val_00044583.JPEG
/home/projects/bagon/shared/imagenet512/val/n02859443/ILSVRC2012_val_00003322.JPEG
/home/projects/bagon/shared/imagenet512/val/n02776631/ILSVRC2012_val_00000008.JPEG
/home/projects/bagon/shared/imagenet512/val/n01440764/ILSVRC2012_val_00000293.JPEG
/home/projects/bagon/shared/imagenet512/val/n02107908/ILSVRC2012_val_00041886.JPEG
/home/projects/bagon/shared/imagenet512/val/n03908714/ILSVRC2012_val_00023446.JPEG
/home/projects/bagon/shared/imagenet512/val/n04153751/ILSVRC2012_val_00037654.JPEG
/home/projects/bagon/shared/imagenet512/val/n03400231/ILSVRC2012_val_00031422.JPEG
/home/projects/bagon/shared/imagenet512/val/n03884397/ILSVRC2012_val_00009441.JPEG
/home/projects/bagon/shared/imagenet512/val/n03485407/ILSVRC2012_val_00024942.JPEG
/home/projects/bagon/shared/imagenet512/val/n04127249/ILSVRC2012_val_00041888.JPEG
/home/projects/bagon/shared/imagenet512/val/n02077923/ILSVRC2012_val_00000033.JPEG
/home/projects/bagon/shared/imagenet512/val/n01667114/ILSVRC2012_val_00016633.JPEG
/home/projects/bagon/shared/imagenet512/val/n03160309/ILSVRC2012_val_00030594.JPEG
/home/projects/bagon/shared/imagenet512/val/n04285008/ILSVRC2012_val_00018117.JPEG
/home/projects/bagon/shared/imagenet512/val/n02231487/ILSVRC2012_val_00013535.JPEG
/home/projects/bagon/shared/imagenet512/val/n03617480/ILSVRC2012_val_00035822.JPEG
/home/projects/bagon/shared/imagenet512/val/n02487347/ILSVRC2012_val_00015926.JPEG
/home/projects/bagon/shared/imagenet512/val/n03255030/ILSVRC2012_val_00042722.JPEG
/home/projects/bagon/shared/imagenet512/val/n01748264/ILSVRC2012_val_00049448.JPEG
/home/projects/bagon/shared/imagenet512/val/n02835271/ILSVRC2012_val_00026900.JPEG
/home/projects/bagon/shared/imagenet512/val/n02009229/ILSVRC2012_val_00042026.JPEG
/home/projects/bagon/shared/imagenet512/val/n03028079/ILSVRC2012_val_00031446.JPEG
/home/projects/bagon/shared/imagenet512/val/n03089624/ILSVRC2012_val_00015302.JPEG
/home/projects/bagon/shared/imagenet512/val/n04116512/ILSVRC2012_val_00047135.JPEG
/home/projects/bagon/shared/imagenet512/val/n03594734/ILSVRC2012_val_00039574.JPEG
/home/projects/bagon/shared/imagenet512/val/n04596742/ILSVRC2012_val_00005730.JPEG
/home/projects/bagon/shared/imagenet512/val/n02795169/ILSVRC2012_val_00015371.JPEG
/home/projects/bagon/shared/imagenet512/val/n04392985/ILSVRC2012_val_00036640.JPEG
/home/projects/bagon/shared/imagenet512/val/n02667093/ILSVRC2012_val_00030369.JPEG
/home/projects/bagon/shared/imagenet512/val/n03933933/ILSVRC2012_val_00034480.JPEG
/home/projects/bagon/shared/imagenet512/val/n03630383/ILSVRC2012_val_00032567.JPEG
/home/projects/bagon/shared/imagenet512/val/n02791124/ILSVRC2012_val_00004679.JPEG
/home/projects/bagon/shared/imagenet512/val/n03877845/ILSVRC2012_val_00004524.JPEG
/home/projects/bagon/shared/imagenet512/val/n02422699/ILSVRC2012_val_00025352.JPEG
/home/projects/bagon/shared/imagenet512/val/n02105251/ILSVRC2012_val_00041178.JPEG
/home/projects/bagon/shared/imagenet512/val/n03785016/ILSVRC2012_val_00024487.JPEG
/home/projects/bagon/shared/imagenet512/val/n02869837/ILSVRC2012_val_00009041.JPEG
/home/projects/bagon/shared/imagenet512/val/n02105056/ILSVRC2012_val_00001109.JPEG
/home/projects/bagon/shared/imagenet512/val/n01930112/ILSVRC2012_val_00017983.JPEG
/home/projects/bagon/shared/imagenet512/val/n04162706/ILSVRC2012_val_00032515.JPEG
/home/projects/bagon/shared/imagenet512/val/n07697537/ILSVRC2012_val_00032384.JPEG
/home/projects/bagon/shared/imagenet512/val/n02916936/ILSVRC2012_val_00040683.JPEG
/home/projects/bagon/shared/imagenet512/val/n02095570/ILSVRC2012_val_00036793.JPEG
/home/projects/bagon/shared/imagenet512/val/n02107142/ILSVRC2012_val_00022474.JPEG
/home/projects/bagon/shared/imagenet512/val/n02747177/ILSVRC2012_val_00012984.JPEG
/home/projects/bagon/shared/imagenet512/val/n03995372/ILSVRC2012_val_00004543.JPEG
/home/projects/bagon/shared/imagenet512/val/n02692877/ILSVRC2012_val_00035876.JPEG
/home/projects/bagon/shared/imagenet512/val/n03535780/ILSVRC2012_val_00047312.JPEG
/home/projects/bagon/shared/imagenet512/val/n03709823/ILSVRC2012_val_00001860.JPEG
/home/projects/bagon/shared/imagenet512/val/n02843684/ILSVRC2012_val_00025083.JPEG
/home/projects/bagon/shared/imagenet512/val/n01667114/ILSVRC2012_val_00025567.JPEG
/home/projects/bagon/shared/imagenet512/val/n03717622/ILSVRC2012_val_00010030.JPEG
/home/projects/bagon/shared/imagenet512/val/n04599235/ILSVRC2012_val_00001310.JPEG
/home/projects/bagon/shared/imagenet512/val/n04179913/ILSVRC2012_val_00002518.JPEG
/home/projects/bagon/shared/imagenet512/val/n03920288/ILSVRC2012_val_00023466.JPEG
/home/projects/bagon/shared/imagenet512/val/n04127249/ILSVRC2012_val_00025670.JPEG
/home/projects/bagon/shared/imagenet512/val/n02786058/ILSVRC2012_val_00027029.JPEG
/home/projects/bagon/shared/imagenet512/val/n04442312/ILSVRC2012_val_00031310.JPEG
/home/projects/bagon/shared/imagenet512/val/n04081281/ILSVRC2012_val_00006031.JPEG
/home/projects/bagon/shared/imagenet512/val/n03998194/ILSVRC2012_val_00049687.JPEG
/home/projects/bagon/shared/imagenet512/val/n04532670/ILSVRC2012_val_00016295.JPEG
/home/projects/bagon/shared/imagenet512/val/n04435653/ILSVRC2012_val_00027687.JPEG
/home/projects/bagon/shared/imagenet512/val/n04553703/ILSVRC2012_val_00041632.JPEG
/home/projects/bagon/shared/imagenet512/val/n03977966/ILSVRC2012_val_00036375.JPEG
/home/projects/bagon/shared/imagenet512/val/n03976657/ILSVRC2012_val_00006976.JPEG
/home/projects/bagon/shared/imagenet512/val/n03291819/ILSVRC2012_val_00037426.JPEG
/home/projects/bagon/shared/imagenet512/val/n04355338/ILSVRC2012_val_00029017.JPEG
/home/projects/bagon/shared/imagenet512/val/n02497673/ILSVRC2012_val_00045299.JPEG
/home/projects/bagon/shared/imagenet512/val/n03127925/ILSVRC2012_val_00020004.JPEG
/home/projects/bagon/shared/imagenet512/val/n03764736/ILSVRC2012_val_00034439.JPEG
/home/projects/bagon/shared/imagenet512/val/n03089624/ILSVRC2012_val_00041487.JPEG
/home/projects/bagon/shared/imagenet512/val/n07584110/ILSVRC2012_val_00011392.JPEG
/home/projects/bagon/shared/imagenet512/val/n07579787/ILSVRC2012_val_00013030.JPEG
/home/projects/bagon/shared/imagenet512/val/n01829413/ILSVRC2012_val_00047943.JPEG
/home/projects/bagon/shared/imagenet512/val/n09332890/ILSVRC2012_val_00037421.JPEG
/home/projects/bagon/shared/imagenet512/val/n04254120/ILSVRC2012_val_00026459.JPEG
/home/projects/bagon/shared/imagenet512/val/n02445715/ILSVRC2012_val_00008517.JPEG
/home/projects/bagon/shared/imagenet512/val/n04228054/ILSVRC2012_val_00004798.JPEG
/home/projects/bagon/shared/imagenet512/val/n04154565/ILSVRC2012_val_00011280.JPEG
/home/projects/bagon/shared/imagenet512/val/n09421951/ILSVRC2012_val_00048253.JPEG
/home/projects/bagon/shared/imagenet512/val/n02494079/ILSVRC2012_val_00017353.JPEG
/home/projects/bagon/shared/imagenet512/val/n01644373/ILSVRC2012_val_00034290.JPEG
/home/projects/bagon/shared/imagenet512/val/n09332890/ILSVRC2012_val_00015143.JPEG
/home/projects/bagon/shared/imagenet512/val/n04229816/ILSVRC2012_val_00049073.JPEG
/home/projects/bagon/shared/imagenet512/val/n03721384/ILSVRC2012_val_00018965.JPEG
/home/projects/bagon/shared/imagenet512/val/n02119022/ILSVRC2012_val_00014133.JPEG
/home/projects/bagon/shared/imagenet512/val/n03314780/ILSVRC2012_val_00025164.JPEG
/home/projects/bagon/shared/imagenet512/val/n02877765/ILSVRC2012_val_00004124.JPEG
/home/projects/bagon/shared/imagenet512/val/n02094114/ILSVRC2012_val_00010798.JPEG
/home/projects/bagon/shared/imagenet512/val/n02865351/ILSVRC2012_val_00008494.JPEG
/home/projects/bagon/shared/imagenet512/val/n02808304/ILSVRC2012_val_00011843.JPEG
/home/projects/bagon/shared/imagenet512/val/n02113624/ILSVRC2012_val_00021690.JPEG
/home/projects/bagon/shared/imagenet512/val/n04254120/ILSVRC2012_val_00005772.JPEG
/home/projects/bagon/shared/imagenet512/val/n02096177/ILSVRC2012_val_00030394.JPEG
/home/projects/bagon/shared/imagenet512/val/n01682714/ILSVRC2012_val_00020764.JPEG
/home/projects/bagon/shared/imagenet512/val/n02963159/ILSVRC2012_val_00045038.JPEG
/home/projects/bagon/shared/imagenet512/val/n01514859/ILSVRC2012_val_00040038.JPEG
/home/projects/bagon/shared/imagenet512/val/n02988304/ILSVRC2012_val_00044283.JPEG
/home/projects/bagon/shared/imagenet512/val/n03063689/ILSVRC2012_val_00027273.JPEG
/home/projects/bagon/shared/imagenet512/val/n12144580/ILSVRC2012_val_00027392.JPEG
/home/projects/bagon/shared/imagenet512/val/n07745940/ILSVRC2012_val_00040989.JPEG
/home/projects/bagon/shared/imagenet512/val/n02814533/ILSVRC2012_val_00031828.JPEG
/home/projects/bagon/shared/imagenet512/val/n03478589/ILSVRC2012_val_00035615.JPEG
/home/projects/bagon/shared/imagenet512/val/n03803284/ILSVRC2012_val_00020427.JPEG
/home/projects/bagon/shared/imagenet512/val/n04507155/ILSVRC2012_val_00030930.JPEG
/home/projects/bagon/shared/imagenet512/val/n03530642/ILSVRC2012_val_00030885.JPEG
/home/projects/bagon/shared/imagenet512/val/n03450230/ILSVRC2012_val_00046807.JPEG
/home/projects/bagon/shared/imagenet512/val/n04376876/ILSVRC2012_val_00032983.JPEG
/home/projects/bagon/shared/imagenet512/val/n04590129/ILSVRC2012_val_00011450.JPEG
/home/projects/bagon/shared/imagenet512/val/n02115641/ILSVRC2012_val_00037363.JPEG
/home/projects/bagon/shared/imagenet512/val/n02408429/ILSVRC2012_val_00040531.JPEG
/home/projects/bagon/shared/imagenet512/val/n02094114/ILSVRC2012_val_00033720.JPEG
/home/projects/bagon/shared/imagenet512/val/n02128385/ILSVRC2012_val_00037779.JPEG
/home/projects/bagon/shared/imagenet512/val/n04254680/ILSVRC2012_val_00035786.JPEG
/home/projects/bagon/shared/imagenet512/val/n04111531/ILSVRC2012_val_00020809.JPEG
/home/projects/bagon/shared/imagenet512/val/n04590129/ILSVRC2012_val_00011220.JPEG
/home/projects/bagon/shared/imagenet512/val/n04376876/ILSVRC2012_val_00020150.JPEG
/home/projects/bagon/shared/imagenet512/val/n04208210/ILSVRC2012_val_00021349.JPEG
/home/projects/bagon/shared/imagenet512/val/n04442312/ILSVRC2012_val_00013210.JPEG
/home/projects/bagon/shared/imagenet512/val/n01984695/ILSVRC2012_val_00039918.JPEG
/home/projects/bagon/shared/imagenet512/val/n04532106/ILSVRC2012_val_00013235.JPEG
/home/projects/bagon/shared/imagenet512/val/n04141076/ILSVRC2012_val_00006297.JPEG
/home/projects/bagon/shared/imagenet512/val/n03063599/ILSVRC2012_val_00023912.JPEG
/home/projects/bagon/shared/imagenet512/val/n01773797/ILSVRC2012_val_00011379.JPEG
/home/projects/bagon/shared/imagenet512/val/n04040759/ILSVRC2012_val_00042431.JPEG
/home/projects/bagon/shared/imagenet512/val/n01697457/ILSVRC2012_val_00025463.JPEG
/home/projects/bagon/shared/imagenet512/val/n03538406/ILSVRC2012_val_00012792.JPEG
/home/projects/bagon/shared/imagenet512/val/n03532672/ILSVRC2012_val_00007783.JPEG
/home/projects/bagon/shared/imagenet512/val/n03724870/ILSVRC2012_val_00023885.JPEG
/home/projects/bagon/shared/imagenet512/val/n04325704/ILSVRC2012_val_00004654.JPEG
/home/projects/bagon/shared/imagenet512/val/n02106382/ILSVRC2012_val_00018331.JPEG
/home/projects/bagon/shared/imagenet512/val/n03995372/ILSVRC2012_val_00013327.JPEG
/home/projects/bagon/shared/imagenet512/val/n04026417/ILSVRC2012_val_00030668.JPEG
/home/projects/bagon/shared/imagenet512/val/n02277742/ILSVRC2012_val_00046372.JPEG
/home/projects/bagon/shared/imagenet512/val/n03794056/ILSVRC2012_val_00011238.JPEG
/home/projects/bagon/shared/imagenet512/val/n04604644/ILSVRC2012_val_00042823.JPEG
/home/projects/bagon/shared/imagenet512/val/n02883205/ILSVRC2012_val_00012387.JPEG
/home/projects/bagon/shared/imagenet512/val/n02794156/ILSVRC2012_val_00023691.JPEG
/home/projects/bagon/shared/imagenet512/val/n04235860/ILSVRC2012_val_00049290.JPEG
/home/projects/bagon/shared/imagenet512/val/n03032252/ILSVRC2012_val_00030890.JPEG
/home/projects/bagon/shared/imagenet512/val/n04532106/ILSVRC2012_val_00021107.JPEG
/home/projects/bagon/shared/imagenet512/val/n03776460/ILSVRC2012_val_00029643.JPEG
/home/projects/bagon/shared/imagenet512/val/n01558993/ILSVRC2012_val_00031273.JPEG
/home/projects/bagon/shared/imagenet512/val/n03595614/ILSVRC2012_val_00011939.JPEG
/home/projects/bagon/shared/imagenet512/val/n02966687/ILSVRC2012_val_00007100.JPEG
/home/projects/bagon/shared/imagenet512/val/n09332890/ILSVRC2012_val_00004188.JPEG
/home/projects/bagon/shared/imagenet512/val/n02870880/ILSVRC2012_val_00017082.JPEG
/home/projects/bagon/shared/imagenet512/val/n02100583/ILSVRC2012_val_00035278.JPEG
/home/projects/bagon/shared/imagenet512/val/n04376876/ILSVRC2012_val_00039903.JPEG
/home/projects/bagon/shared/imagenet512/val/n02165456/ILSVRC2012_val_00039712.JPEG
/home/projects/bagon/shared/imagenet512/val/n03223299/ILSVRC2012_val_00016328.JPEG
/home/projects/bagon/shared/imagenet512/val/n03888257/ILSVRC2012_val_00010460.JPEG
/home/projects/bagon/shared/imagenet512/val/n03781244/ILSVRC2012_val_00043489.JPEG
/home/projects/bagon/shared/imagenet512/val/n03127925/ILSVRC2012_val_00037023.JPEG
/home/projects/bagon/shared/imagenet512/val/n03661043/ILSVRC2012_val_00039081.JPEG
/home/projects/bagon/shared/imagenet512/val/n02168699/ILSVRC2012_val_00047337.JPEG
/home/projects/bagon/shared/imagenet512/val/n01871265/ILSVRC2012_val_00046452.JPEG
/home/projects/bagon/shared/imagenet512/val/n01855672/ILSVRC2012_val_00021351.JPEG
/home/projects/bagon/shared/imagenet512/val/n04355933/ILSVRC2012_val_00013601.JPEG
/home/projects/bagon/shared/imagenet512/val/n03670208/ILSVRC2012_val_00046007.JPEG
/home/projects/bagon/shared/imagenet512/val/n03991062/ILSVRC2012_val_00046887.JPEG
/home/projects/bagon/shared/imagenet512/val/n02114367/ILSVRC2012_val_00000912.JPEG
/home/projects/bagon/shared/imagenet512/val/n01740131/ILSVRC2012_val_00034000.JPEG
/home/projects/bagon/shared/imagenet512/val/n04270147/ILSVRC2012_val_00002285.JPEG
/home/projects/bagon/shared/imagenet512/val/n01740131/ILSVRC2012_val_00005663.JPEG
/home/projects/bagon/shared/imagenet512/val/n03950228/ILSVRC2012_val_00038943.JPEG
/home/projects/bagon/shared/imagenet512/val/n03041632/ILSVRC2012_val_00009367.JPEG
/home/projects/bagon/shared/imagenet512/val/n02808440/ILSVRC2012_val_00048621.JPEG
/home/projects/bagon/shared/imagenet512/val/n01494475/ILSVRC2012_val_00021325.JPEG
/home/projects/bagon/shared/imagenet512/val/n02865351/ILSVRC2012_val_00033619.JPEG
/home/projects/bagon/shared/imagenet512/val/n03930630/ILSVRC2012_val_00026503.JPEG
/home/projects/bagon/shared/imagenet512/val/n02229544/ILSVRC2012_val_00021602.JPEG
/home/projects/bagon/shared/imagenet512/val/n04589890/ILSVRC2012_val_00037176.JPEG
/home/projects/bagon/shared/imagenet512/val/n03742115/ILSVRC2012_val_00017758.JPEG
/home/projects/bagon/shared/imagenet512/val/n04482393/ILSVRC2012_val_00029793.JPEG
/home/projects/bagon/shared/imagenet512/val/n02093991/ILSVRC2012_val_00037891.JPEG
/home/projects/bagon/shared/imagenet512/val/n04264628/ILSVRC2012_val_00023229.JPEG
/home/projects/bagon/shared/imagenet512/val/n03787032/ILSVRC2012_val_00046116.JPEG
/home/projects/bagon/shared/imagenet512/val/n02107142/ILSVRC2012_val_00013297.JPEG
/home/projects/bagon/shared/imagenet512/val/n02788148/ILSVRC2012_val_00038971.JPEG
/home/projects/bagon/shared/imagenet512/val/n02085620/ILSVRC2012_val_00022609.JPEG
/home/projects/bagon/shared/imagenet512/val/n02988304/ILSVRC2012_val_00007901.JPEG
/home/projects/bagon/shared/imagenet512/val/n03065424/ILSVRC2012_val_00047628.JPEG
/home/projects/bagon/shared/imagenet512/val/n02412080/ILSVRC2012_val_00023019.JPEG
/home/projects/bagon/shared/imagenet512/val/n03026506/ILSVRC2012_val_00027009.JPEG
/home/projects/bagon/shared/imagenet512/val/n15075141/ILSVRC2012_val_00020175.JPEG
/home/projects/bagon/shared/imagenet512/val/n02443114/ILSVRC2012_val_00043015.JPEG
/home/projects/bagon/shared/imagenet512/val/n02966687/ILSVRC2012_val_00003360.JPEG
/home/projects/bagon/shared/imagenet512/val/n02870880/ILSVRC2012_val_00032229.JPEG
/home/projects/bagon/shared/imagenet512/val/n03942813/ILSVRC2012_val_00009929.JPEG
/home/projects/bagon/shared/imagenet512/val/n03866082/ILSVRC2012_val_00048048.JPEG
/home/projects/bagon/shared/imagenet512/val/n02002724/ILSVRC2012_val_00023789.JPEG
/home/projects/bagon/shared/imagenet512/val/n04356056/ILSVRC2012_val_00042753.JPEG
/home/projects/bagon/shared/imagenet512/val/n04111531/ILSVRC2012_val_00039789.JPEG
/home/projects/bagon/shared/imagenet512/val/n02488291/ILSVRC2012_val_00018175.JPEG
/home/projects/bagon/shared/imagenet512/val/n02871525/ILSVRC2012_val_00012405.JPEG
/home/projects/bagon/shared/imagenet512/val/n03788195/ILSVRC2012_val_00035910.JPEG
/home/projects/bagon/shared/imagenet512/val/n03250847/ILSVRC2012_val_00001295.JPEG
/home/projects/bagon/shared/imagenet512/val/n07871810/ILSVRC2012_val_00014188.JPEG
/home/projects/bagon/shared/imagenet512/val/n03710637/ILSVRC2012_val_00012080.JPEG
/home/projects/bagon/shared/imagenet512/val/n03773504/ILSVRC2012_val_00012289.JPEG
/home/projects/bagon/shared/imagenet512/val/n02168699/ILSVRC2012_val_00008858.JPEG
/home/projects/bagon/shared/imagenet512/val/n07875152/ILSVRC2012_val_00029054.JPEG
/home/projects/bagon/shared/imagenet512/val/n01685808/ILSVRC2012_val_00007084.JPEG
/home/projects/bagon/shared/imagenet512/val/n01943899/ILSVRC2012_val_00007422.JPEG
/home/projects/bagon/shared/imagenet512/val/n07860988/ILSVRC2012_val_00001949.JPEG
/home/projects/bagon/shared/imagenet512/val/n03255030/ILSVRC2012_val_00019337.JPEG
/home/projects/bagon/shared/imagenet512/val/n01775062/ILSVRC2012_val_00005290.JPEG
/home/projects/bagon/shared/imagenet512/val/n03709823/ILSVRC2012_val_00000435.JPEG
/home/projects/bagon/shared/imagenet512/val/n04330267/ILSVRC2012_val_00027059.JPEG
/home/projects/bagon/shared/imagenet512/val/n03014705/ILSVRC2012_val_00042636.JPEG
/home/projects/bagon/shared/imagenet512/val/n03995372/ILSVRC2012_val_00015214.JPEG
/home/projects/bagon/shared/imagenet512/val/n03476991/ILSVRC2012_val_00012907.JPEG
/home/projects/bagon/shared/imagenet512/val/n04328186/ILSVRC2012_val_00038729.JPEG
/home/projects/bagon/shared/imagenet512/val/n02113186/ILSVRC2012_val_00049129.JPEG
/home/projects/bagon/shared/imagenet512/val/n03777754/ILSVRC2012_val_00038834.JPEG
/home/projects/bagon/shared/imagenet512/val/n02134418/ILSVRC2012_val_00044901.JPEG
/home/projects/bagon/shared/imagenet512/val/n02089973/ILSVRC2012_val_00036728.JPEG
/home/projects/bagon/shared/imagenet512/val/n01729977/ILSVRC2012_val_00021617.JPEG
/home/projects/bagon/shared/imagenet512/val/n01728572/ILSVRC2012_val_00035167.JPEG
/home/projects/bagon/shared/imagenet512/val/n03908714/ILSVRC2012_val_00046070.JPEG
/home/projects/bagon/shared/imagenet512/val/n02877765/ILSVRC2012_val_00006518.JPEG
/home/projects/bagon/shared/imagenet512/val/n03803284/ILSVRC2012_val_00012683.JPEG
/home/projects/bagon/shared/imagenet512/val/n03630383/ILSVRC2012_val_00039803.JPEG
/home/projects/bagon/shared/imagenet512/val/n02398521/ILSVRC2012_val_00023663.JPEG
/home/projects/bagon/shared/imagenet512/val/n06874185/ILSVRC2012_val_00024952.JPEG
/home/projects/bagon/shared/imagenet512/val/n04442312/ILSVRC2012_val_00005123.JPEG
/home/projects/bagon/shared/imagenet512/val/n04325704/ILSVRC2012_val_00015383.JPEG
/home/projects/bagon/shared/imagenet512/val/n03400231/ILSVRC2012_val_00044810.JPEG
/home/projects/bagon/shared/imagenet512/val/n03388043/ILSVRC2012_val_00013530.JPEG
/home/projects/bagon/shared/imagenet512/val/n04238763/ILSVRC2012_val_00029103.JPEG
/home/projects/bagon/shared/imagenet512/val/n02098413/ILSVRC2012_val_00008859.JPEG
/home/projects/bagon/shared/imagenet512/val/n02114855/ILSVRC2012_val_00036450.JPEG
/home/projects/bagon/shared/imagenet512/val/n02395406/ILSVRC2012_val_00017374.JPEG
/home/projects/bagon/shared/imagenet512/val/n02066245/ILSVRC2012_val_00022756.JPEG
/home/projects/bagon/shared/imagenet512/val/n04285008/ILSVRC2012_val_00010983.JPEG
/home/projects/bagon/shared/imagenet512/val/n04579145/ILSVRC2012_val_00015875.JPEG
/home/projects/bagon/shared/imagenet512/val/n01855032/ILSVRC2012_val_00042824.JPEG
/home/projects/bagon/shared/imagenet512/val/n03482405/ILSVRC2012_val_00008274.JPEG
/home/projects/bagon/shared/imagenet512/val/n02087394/ILSVRC2012_val_00037577.JPEG
/home/projects/bagon/shared/imagenet512/val/n02107908/ILSVRC2012_val_00027905.JPEG
/home/projects/bagon/shared/imagenet512/val/n02795169/ILSVRC2012_val_00041781.JPEG
/home/projects/bagon/shared/imagenet512/val/n02087046/ILSVRC2012_val_00013133.JPEG
/home/projects/bagon/shared/imagenet512/val/n03259280/ILSVRC2012_val_00021316.JPEG
/home/projects/bagon/shared/imagenet512/val/n04325704/ILSVRC2012_val_00025418.JPEG
/home/projects/bagon/shared/imagenet512/val/n02927161/ILSVRC2012_val_00000071.JPEG
/home/projects/bagon/shared/imagenet512/val/n02264363/ILSVRC2012_val_00034213.JPEG
/home/projects/bagon/shared/imagenet512/val/n03594734/ILSVRC2012_val_00023880.JPEG
/home/projects/bagon/shared/imagenet512/val/n04523525/ILSVRC2012_val_00029349.JPEG
/home/projects/bagon/shared/imagenet512/val/n04604644/ILSVRC2012_val_00005517.JPEG
/home/projects/bagon/shared/imagenet512/val/n04332243/ILSVRC2012_val_00001470.JPEG
/home/projects/bagon/shared/imagenet512/val/n04041544/ILSVRC2012_val_00035362.JPEG
/home/projects/bagon/shared/imagenet512/val/n03250847/ILSVRC2012_val_00035927.JPEG
/home/projects/bagon/shared/imagenet512/val/n04070727/ILSVRC2012_val_00022009.JPEG
/home/projects/bagon/shared/imagenet512/val/n03814639/ILSVRC2012_val_00001954.JPEG
/home/projects/bagon/shared/imagenet512/val/n03201208/ILSVRC2012_val_00002772.JPEG
/home/projects/bagon/shared/imagenet512/val/n03065424/ILSVRC2012_val_00009074.JPEG
/home/projects/bagon/shared/imagenet512/val/n01742172/ILSVRC2012_val_00031608.JPEG
/home/projects/bagon/shared/imagenet512/val/n03085013/ILSVRC2012_val_00001089.JPEG
/home/projects/bagon/shared/imagenet512/val/n03633091/ILSVRC2012_val_00045311.JPEG
/home/projects/bagon/shared/imagenet512/val/n04328186/ILSVRC2012_val_00045012.JPEG
/home/projects/bagon/shared/imagenet512/val/n04435653/ILSVRC2012_val_00008308.JPEG
/home/projects/bagon/shared/imagenet512/val/n03337140/ILSVRC2012_val_00032599.JPEG
/home/projects/bagon/shared/imagenet512/val/n01980166/ILSVRC2012_val_00021269.JPEG
/home/projects/bagon/shared/imagenet512/val/n04336792/ILSVRC2012_val_00009356.JPEG
/home/projects/bagon/shared/imagenet512/val/n02747177/ILSVRC2012_val_00023490.JPEG
/home/projects/bagon/shared/imagenet512/val/n03942813/ILSVRC2012_val_00014523.JPEG
/home/projects/bagon/shared/imagenet512/val/n04041544/ILSVRC2012_val_00023399.JPEG
/home/projects/bagon/shared/imagenet512/val/n02871525/ILSVRC2012_val_00034700.JPEG
/home/projects/bagon/shared/imagenet512/val/n04065272/ILSVRC2012_val_00016610.JPEG
/home/projects/bagon/shared/imagenet512/val/n03661043/ILSVRC2012_val_00026253.JPEG
/home/projects/bagon/shared/imagenet512/val/n03445777/ILSVRC2012_val_00038005.JPEG
/home/projects/bagon/shared/imagenet512/val/n04136333/ILSVRC2012_val_00013068.JPEG
/home/projects/bagon/shared/imagenet512/val/n03376595/ILSVRC2012_val_00008646.JPEG
/home/projects/bagon/shared/imagenet512/val/n02012849/ILSVRC2012_val_00025564.JPEG
/home/projects/bagon/shared/imagenet512/val/n02412080/ILSVRC2012_val_00026395.JPEG
/home/projects/bagon/shared/imagenet512/val/n02236044/ILSVRC2012_val_00010653.JPEG
/home/projects/bagon/shared/imagenet512/val/n02437616/ILSVRC2012_val_00046051.JPEG
/home/projects/bagon/shared/imagenet512/val/n02840245/ILSVRC2012_val_00036605.JPEG
/home/projects/bagon/shared/imagenet512/val/n04443257/ILSVRC2012_val_00032397.JPEG
/home/projects/bagon/shared/imagenet512/val/n02916936/ILSVRC2012_val_00047056.JPEG
/home/projects/bagon/shared/imagenet512/val/n03743016/ILSVRC2012_val_00012483.JPEG
/home/projects/bagon/shared/imagenet512/val/n02797295/ILSVRC2012_val_00039627.JPEG
/home/projects/bagon/shared/imagenet512/val/n04065272/ILSVRC2012_val_00013136.JPEG
/home/projects/bagon/shared/imagenet512/val/n03692522/ILSVRC2012_val_00044466.JPEG
/home/projects/bagon/shared/imagenet512/val/n04509417/ILSVRC2012_val_00018937.JPEG
/home/projects/bagon/shared/imagenet512/val/n02655020/ILSVRC2012_val_00000918.JPEG
/home/projects/bagon/shared/imagenet512/val/n03400231/ILSVRC2012_val_00049474.JPEG
/home/projects/bagon/shared/imagenet512/val/n03770439/ILSVRC2012_val_00010493.JPEG
/home/projects/bagon/shared/imagenet512/val/n03384352/ILSVRC2012_val_00006277.JPEG
/home/projects/bagon/shared/imagenet512/val/n02808304/ILSVRC2012_val_00020204.JPEG
/home/projects/bagon/shared/imagenet512/val/n04482393/ILSVRC2012_val_00025759.JPEG
/home/projects/bagon/shared/imagenet512/val/n01734418/ILSVRC2012_val_00017967.JPEG
/home/projects/bagon/shared/imagenet512/val/n01682714/ILSVRC2012_val_00011129.JPEG
/home/projects/bagon/shared/imagenet512/val/n04090263/ILSVRC2012_val_00034127.JPEG
/home/projects/bagon/shared/imagenet512/val/n01532829/ILSVRC2012_val_00048144.JPEG
/home/projects/bagon/shared/imagenet512/val/n03838899/ILSVRC2012_val_00020624.JPEG
/home/projects/bagon/shared/imagenet512/val/n03891332/ILSVRC2012_val_00038975.JPEG
/home/projects/bagon/shared/imagenet512/val/n15075141/ILSVRC2012_val_00049174.JPEG
/home/projects/bagon/shared/imagenet512/val/n02410509/ILSVRC2012_val_00016437.JPEG
/home/projects/bagon/shared/imagenet512/val/n02488291/ILSVRC2012_val_00039767.JPEG
/home/projects/bagon/shared/imagenet512/val/n04517823/ILSVRC2012_val_00037540.JPEG
/home/projects/bagon/shared/imagenet512/val/n02488291/ILSVRC2012_val_00045431.JPEG
/home/projects/bagon/shared/imagenet512/val/n02256656/ILSVRC2012_val_00024538.JPEG
/home/projects/bagon/shared/imagenet512/val/n04505470/ILSVRC2012_val_00000666.JPEG
/home/projects/bagon/shared/imagenet512/val/n07695742/ILSVRC2012_val_00019608.JPEG
/home/projects/bagon/shared/imagenet512/val/n02930766/ILSVRC2012_val_00041873.JPEG
/home/projects/bagon/shared/imagenet512/val/n04141975/ILSVRC2012_val_00018820.JPEG
/home/projects/bagon/shared/imagenet512/val/n03792782/ILSVRC2012_val_00012096.JPEG
/home/projects/bagon/shared/imagenet512/val/n04612504/ILSVRC2012_val_00025092.JPEG
/home/projects/bagon/shared/imagenet512/val/n04152593/ILSVRC2012_val_00006324.JPEG
/home/projects/bagon/shared/imagenet512/val/n03977966/ILSVRC2012_val_00044943.JPEG
/home/projects/bagon/shared/imagenet512/val/n01693334/ILSVRC2012_val_00004102.JPEG
/home/projects/bagon/shared/imagenet512/val/n03832673/ILSVRC2012_val_00039119.JPEG
/home/projects/bagon/shared/imagenet512/val/n02094433/ILSVRC2012_val_00029023.JPEG
/home/projects/bagon/shared/imagenet512/val/n03773504/ILSVRC2012_val_00031503.JPEG
/home/projects/bagon/shared/imagenet512/val/n03709823/ILSVRC2012_val_00025557.JPEG
/home/projects/bagon/shared/imagenet512/val/n01756291/ILSVRC2012_val_00036901.JPEG
/home/projects/bagon/shared/imagenet512/val/n03249569/ILSVRC2012_val_00047468.JPEG
/home/projects/bagon/shared/imagenet512/val/n04371774/ILSVRC2012_val_00023421.JPEG
/home/projects/bagon/shared/imagenet512/val/n04442312/ILSVRC2012_val_00034394.JPEG
/home/projects/bagon/shared/imagenet512/val/n02098286/ILSVRC2012_val_00048420.JPEG
/home/projects/bagon/shared/imagenet512/val/n04270147/ILSVRC2012_val_00047511.JPEG
/home/projects/bagon/shared/imagenet512/val/n02086240/ILSVRC2012_val_00005898.JPEG
/home/projects/bagon/shared/imagenet512/val/n04355933/ILSVRC2012_val_00020228.JPEG
/home/projects/bagon/shared/imagenet512/val/n03633091/ILSVRC2012_val_00040857.JPEG
/home/projects/bagon/shared/imagenet512/val/n03459775/ILSVRC2012_val_00033224.JPEG
/home/projects/bagon/shared/imagenet512/val/n04389033/ILSVRC2012_val_00008055.JPEG
/home/projects/bagon/shared/imagenet512/val/n03930630/ILSVRC2012_val_00015879.JPEG
/home/projects/bagon/shared/imagenet512/val/n07695742/ILSVRC2012_val_00019850.JPEG
/home/projects/bagon/shared/imagenet512/val/n03937543/ILSVRC2012_val_00047389.JPEG
/home/projects/bagon/shared/imagenet512/val/n07579787/ILSVRC2012_val_00005376.JPEG
/home/projects/bagon/shared/imagenet512/val/n01855672/ILSVRC2012_val_00043927.JPEG
/home/projects/bagon/shared/imagenet512/val/n04591157/ILSVRC2012_val_00011466.JPEG
/home/projects/bagon/shared/imagenet512/val/n02107142/ILSVRC2012_val_00047225.JPEG
/home/projects/bagon/shared/imagenet512/val/n03899768/ILSVRC2012_val_00001665.JPEG
/home/projects/bagon/shared/imagenet512/val/n02977058/ILSVRC2012_val_00023322.JPEG
/home/projects/bagon/shared/imagenet512/val/n03759954/ILSVRC2012_val_00015055.JPEG
/home/projects/bagon/shared/imagenet512/val/n04590129/ILSVRC2012_val_00045588.JPEG
/home/projects/bagon/shared/imagenet512/val/n15075141/ILSVRC2012_val_00039432.JPEG
/home/projects/bagon/shared/imagenet512/val/n02168699/ILSVRC2012_val_00000926.JPEG
/home/projects/bagon/shared/imagenet512/val/n03376595/ILSVRC2012_val_00013225.JPEG
/home/projects/bagon/shared/imagenet512/val/n03197337/ILSVRC2012_val_00045617.JPEG
/home/projects/bagon/shared/imagenet512/val/n02504458/ILSVRC2012_val_00047534.JPEG
/home/projects/bagon/shared/imagenet512/val/n03476991/ILSVRC2012_val_00038369.JPEG
/home/projects/bagon/shared/imagenet512/val/n03255030/ILSVRC2012_val_00021820.JPEG
/home/projects/bagon/shared/imagenet512/val/n03970156/ILSVRC2012_val_00008755.JPEG
/home/projects/bagon/shared/imagenet512/val/n02974003/ILSVRC2012_val_00024401.JPEG
/home/projects/bagon/shared/imagenet512/val/n03584254/ILSVRC2012_val_00026160.JPEG
/home/projects/bagon/shared/imagenet512/val/n04039381/ILSVRC2012_val_00012341.JPEG
/home/projects/bagon/shared/imagenet512/val/n04154565/ILSVRC2012_val_00003547.JPEG
/home/projects/bagon/shared/imagenet512/val/n02119789/ILSVRC2012_val_00035439.JPEG
/home/projects/bagon/shared/imagenet512/val/n03930630/ILSVRC2012_val_00024317.JPEG
/home/projects/bagon/shared/imagenet512/val/n03761084/ILSVRC2012_val_00013197.JPEG
/home/projects/bagon/shared/imagenet512/val/n03958227/ILSVRC2012_val_00016676.JPEG
/home/projects/bagon/shared/imagenet512/val/n04525038/ILSVRC2012_val_00047348.JPEG
/home/projects/bagon/shared/imagenet512/val/n03961711/ILSVRC2012_val_00026724.JPEG
/home/projects/bagon/shared/imagenet512/val/n04263257/ILSVRC2012_val_00008511.JPEG
/home/projects/bagon/shared/imagenet512/val/n02815834/ILSVRC2012_val_00041737.JPEG
/home/projects/bagon/shared/imagenet512/val/n04041544/ILSVRC2012_val_00045875.JPEG
/home/projects/bagon/shared/imagenet512/val/n02087394/ILSVRC2012_val_00003154.JPEG
/home/projects/bagon/shared/imagenet512/val/n09399592/ILSVRC2012_val_00039034.JPEG
/home/projects/bagon/shared/imagenet512/val/n04154565/ILSVRC2012_val_00002722.JPEG
/home/projects/bagon/shared/imagenet512/val/n07615774/ILSVRC2012_val_00028426.JPEG
/home/projects/bagon/shared/imagenet512/val/n01945685/ILSVRC2012_val_00027532.JPEG
/home/projects/bagon/shared/imagenet512/val/n06785654/ILSVRC2012_val_00011956.JPEG
/home/projects/bagon/shared/imagenet512/val/n01985128/ILSVRC2012_val_00035967.JPEG
/home/projects/bagon/shared/imagenet512/val/n03125729/ILSVRC2012_val_00033220.JPEG
/home/projects/bagon/shared/imagenet512/val/n01530575/ILSVRC2012_val_00004006.JPEG
/home/projects/bagon/shared/imagenet512/val/n02114855/ILSVRC2012_val_00040727.JPEG
/home/projects/bagon/shared/imagenet512/val/n02113624/ILSVRC2012_val_00020054.JPEG
/home/projects/bagon/shared/imagenet512/val/n03314780/ILSVRC2012_val_00005269.JPEG
/home/projects/bagon/shared/imagenet512/val/n03899768/ILSVRC2012_val_00047929.JPEG
/home/projects/bagon/shared/imagenet512/val/n01496331/ILSVRC2012_val_00042751.JPEG
/home/projects/bagon/shared/imagenet512/val/n02927161/ILSVRC2012_val_00011500.JPEG
/home/projects/bagon/shared/imagenet512/val/n04536866/ILSVRC2012_val_00027587.JPEG
/home/projects/bagon/shared/imagenet512/val/n02093859/ILSVRC2012_val_00019041.JPEG
/home/projects/bagon/shared/imagenet512/val/n03908618/ILSVRC2012_val_00016756.JPEG
/home/projects/bagon/shared/imagenet512/val/n03223299/ILSVRC2012_val_00015640.JPEG
/home/projects/bagon/shared/imagenet512/val/n04296562/ILSVRC2012_val_00039881.JPEG
/home/projects/bagon/shared/imagenet512/val/n09246464/ILSVRC2012_val_00040283.JPEG
/home/projects/bagon/shared/imagenet512/val/n02102177/ILSVRC2012_val_00009871.JPEG
/home/projects/bagon/shared/imagenet512/val/n03773504/ILSVRC2012_val_00015813.JPEG
/home/projects/bagon/shared/imagenet512/val/n04596742/ILSVRC2012_val_00017513.JPEG
/home/projects/bagon/shared/imagenet512/val/n03775546/ILSVRC2012_val_00013396.JPEG
/home/projects/bagon/shared/imagenet512/val/n03425413/ILSVRC2012_val_00023044.JPEG
/home/projects/bagon/shared/imagenet512/val/n03223299/ILSVRC2012_val_00023938.JPEG
/home/projects/bagon/shared/imagenet512/val/n04456115/ILSVRC2012_val_00049142.JPEG
/home/projects/bagon/shared/imagenet512/val/n04154565/ILSVRC2012_val_00034399.JPEG
/home/projects/bagon/shared/imagenet512/val/n04370456/ILSVRC2012_val_00028860.JPEG
/home/projects/bagon/shared/imagenet512/val/n15075141/ILSVRC2012_val_00003181.JPEG
/home/projects/bagon/shared/imagenet512/val/n03633091/ILSVRC2012_val_00003741.JPEG
/home/projects/bagon/shared/imagenet512/val/n04548362/ILSVRC2012_val_00009738.JPEG
/home/projects/bagon/shared/imagenet512/val/n04141327/ILSVRC2012_val_00000039.JPEG
/home/projects/bagon/shared/imagenet512/val/n02483708/ILSVRC2012_val_00040264.JPEG
/home/projects/bagon/shared/imagenet512/val/n03394916/ILSVRC2012_val_00011691.JPEG
/home/projects/bagon/shared/imagenet512/val/n02219486/ILSVRC2012_val_00038182.JPEG
/home/projects/bagon/shared/imagenet512/val/n03770679/ILSVRC2012_val_00027151.JPEG
/home/projects/bagon/shared/imagenet512/val/n04265275/ILSVRC2012_val_00047522.JPEG
/home/projects/bagon/shared/imagenet512/val/n02226429/ILSVRC2012_val_00031573.JPEG
/home/projects/bagon/shared/imagenet512/val/n01775062/ILSVRC2012_val_00048649.JPEG
/home/projects/bagon/shared/imagenet512/val/n03670208/ILSVRC2012_val_00044056.JPEG
/home/projects/bagon/shared/imagenet512/val/n02090721/ILSVRC2012_val_00042118.JPEG
/home/projects/bagon/shared/imagenet512/val/n02883205/ILSVRC2012_val_00024771.JPEG
/home/projects/bagon/shared/imagenet512/val/n02443114/ILSVRC2012_val_00045602.JPEG
/home/projects/bagon/shared/imagenet512/val/n02093428/ILSVRC2012_val_00023528.JPEG
/home/projects/bagon/shared/imagenet512/val/n02971356/ILSVRC2012_val_00030745.JPEG
/home/projects/bagon/shared/imagenet512/val/n03733805/ILSVRC2012_val_00027672.JPEG
/home/projects/bagon/shared/imagenet512/val/n04204238/ILSVRC2012_val_00048590.JPEG
/home/projects/bagon/shared/imagenet512/val/n03065424/ILSVRC2012_val_00039625.JPEG
/home/projects/bagon/shared/imagenet512/val/n04525038/ILSVRC2012_val_00001794.JPEG
/home/projects/bagon/shared/imagenet512/val/n03447721/ILSVRC2012_val_00009274.JPEG
/home/projects/bagon/shared/imagenet512/val/n02666196/ILSVRC2012_val_00019872.JPEG
/home/projects/bagon/shared/imagenet512/val/n07875152/ILSVRC2012_val_00019967.JPEG
/home/projects/bagon/shared/imagenet512/val/n07693725/ILSVRC2012_val_00026951.JPEG
/home/projects/bagon/shared/imagenet512/val/n04423845/ILSVRC2012_val_00019583.JPEG
/home/projects/bagon/shared/imagenet512/val/n03888605/ILSVRC2012_val_00029224.JPEG
/home/projects/bagon/shared/imagenet512/val/n02127052/ILSVRC2012_val_00018269.JPEG
/home/projects/bagon/shared/imagenet512/val/n03485407/ILSVRC2012_val_00001946.JPEG
/home/projects/bagon/shared/imagenet512/val/n03724870/ILSVRC2012_val_00000987.JPEG
/home/projects/bagon/shared/imagenet512/val/n02988304/ILSVRC2012_val_00009631.JPEG
/home/projects/bagon/shared/imagenet512/val/n03532672/ILSVRC2012_val_00033279.JPEG
/home/projects/bagon/shared/imagenet512/val/n03347037/ILSVRC2012_val_00020463.JPEG
/home/projects/bagon/shared/imagenet512/val/n02095570/ILSVRC2012_val_00003220.JPEG
/home/projects/bagon/shared/imagenet512/val/n02128925/ILSVRC2012_val_00041267.JPEG
/home/projects/bagon/shared/imagenet512/val/n02395406/ILSVRC2012_val_00008257.JPEG
/home/projects/bagon/shared/imagenet512/val/n02089867/ILSVRC2012_val_00044513.JPEG
/home/projects/bagon/shared/imagenet512/val/n02093428/ILSVRC2012_val_00020513.JPEG
/home/projects/bagon/shared/imagenet512/val/n03782006/ILSVRC2012_val_00009355.JPEG
/home/projects/bagon/shared/imagenet512/val/n04179913/ILSVRC2012_val_00001127.JPEG
/home/projects/bagon/shared/imagenet512/val/n03337140/ILSVRC2012_val_00003864.JPEG
/home/projects/bagon/shared/imagenet512/val/n02088238/ILSVRC2012_val_00049931.JPEG
/home/projects/bagon/shared/imagenet512/val/n07930864/ILSVRC2012_val_00043890.JPEG
/home/projects/bagon/shared/imagenet512/val/n02837789/ILSVRC2012_val_00030869.JPEG
/home/projects/bagon/shared/imagenet512/val/n03041632/ILSVRC2012_val_00029833.JPEG
/home/projects/bagon/shared/imagenet512/val/n04557648/ILSVRC2012_val_00006949.JPEG
/home/projects/bagon/shared/imagenet512/val/n02113186/ILSVRC2012_val_00040018.JPEG
/home/projects/bagon/shared/imagenet512/val/n03710721/ILSVRC2012_val_00040819.JPEG
/home/projects/bagon/shared/imagenet512/val/n03995372/ILSVRC2012_val_00025477.JPEG
/home/projects/bagon/shared/imagenet512/val/n04479046/ILSVRC2012_val_00004459.JPEG
/home/projects/bagon/shared/imagenet512/val/n03920288/ILSVRC2012_val_00036028.JPEG
/home/projects/bagon/shared/imagenet512/val/n01930112/ILSVRC2012_val_00015650.JPEG
/home/projects/bagon/shared/imagenet512/val/n07932039/ILSVRC2012_val_00043644.JPEG
/home/projects/bagon/shared/imagenet512/val/n02268443/ILSVRC2012_val_00043136.JPEG
/home/projects/bagon/shared/imagenet512/val/n02481823/ILSVRC2012_val_00000870.JPEG
/home/projects/bagon/shared/imagenet512/val/n01877812/ILSVRC2012_val_00019476.JPEG
/home/projects/bagon/shared/imagenet512/val/n04552348/ILSVRC2012_val_00033671.JPEG
/home/projects/bagon/shared/imagenet512/val/n03956157/ILSVRC2012_val_00029603.JPEG
/home/projects/bagon/shared/imagenet512/val/n02834397/ILSVRC2012_val_00017590.JPEG
/home/projects/bagon/shared/imagenet512/val/n04553703/ILSVRC2012_val_00013941.JPEG
/home/projects/bagon/shared/imagenet512/val/n02088238/ILSVRC2012_val_00013260.JPEG
/home/projects/bagon/shared/imagenet512/val/n01728572/ILSVRC2012_val_00043966.JPEG
/home/projects/bagon/shared/imagenet512/val/n01984695/ILSVRC2012_val_00011714.JPEG
/home/projects/bagon/shared/imagenet512/val/n03891251/ILSVRC2012_val_00019835.JPEG
/home/projects/bagon/shared/imagenet512/val/n04550184/ILSVRC2012_val_00001807.JPEG
/home/projects/bagon/shared/imagenet512/val/n03424325/ILSVRC2012_val_00005630.JPEG
/home/projects/bagon/shared/imagenet512/val/n07747607/ILSVRC2012_val_00024692.JPEG
/home/projects/bagon/shared/imagenet512/val/n03584829/ILSVRC2012_val_00049140.JPEG
/home/projects/bagon/shared/imagenet512/val/n02794156/ILSVRC2012_val_00036595.JPEG
/home/projects/bagon/shared/imagenet512/val/n03047690/ILSVRC2012_val_00023903.JPEG
/home/projects/bagon/shared/imagenet512/val/n01697457/ILSVRC2012_val_00018876.JPEG
/home/projects/bagon/shared/imagenet512/val/n07892512/ILSVRC2012_val_00033598.JPEG
/home/projects/bagon/shared/imagenet512/val/n03637318/ILSVRC2012_val_00000427.JPEG
/home/projects/bagon/shared/imagenet512/val/n04090263/ILSVRC2012_val_00000244.JPEG
/home/projects/bagon/shared/imagenet512/val/n02105855/ILSVRC2012_val_00038326.JPEG
/home/projects/bagon/shared/imagenet512/val/n04118538/ILSVRC2012_val_00020485.JPEG
/home/projects/bagon/shared/imagenet512/val/n04542943/ILSVRC2012_val_00010093.JPEG
/home/projects/bagon/shared/imagenet512/val/n03742115/ILSVRC2012_val_00036807.JPEG
/home/projects/bagon/shared/imagenet512/val/n03240683/ILSVRC2012_val_00035038.JPEG
/home/projects/bagon/shared/imagenet512/val/n04209133/ILSVRC2012_val_00040414.JPEG
/home/projects/bagon/shared/imagenet512/val/n02108089/ILSVRC2012_val_00022458.JPEG
/home/projects/bagon/shared/imagenet512/val/n02791124/ILSVRC2012_val_00042979.JPEG
/home/projects/bagon/shared/imagenet512/val/n04229816/ILSVRC2012_val_00035299.JPEG
/home/projects/bagon/shared/imagenet512/val/n01943899/ILSVRC2012_val_00045972.JPEG
/home/projects/bagon/shared/imagenet512/val/n07875152/ILSVRC2012_val_00007062.JPEG
/home/projects/bagon/shared/imagenet512/val/n04154565/ILSVRC2012_val_00043625.JPEG
/home/projects/bagon/shared/imagenet512/val/n04409515/ILSVRC2012_val_00033467.JPEG
/home/projects/bagon/shared/imagenet512/val/n04356056/ILSVRC2012_val_00003608.JPEG
/home/projects/bagon/shared/imagenet512/val/n03595614/ILSVRC2012_val_00039876.JPEG
/home/projects/bagon/shared/imagenet512/val/n03706229/ILSVRC2012_val_00032835.JPEG
/home/projects/bagon/shared/imagenet512/val/n04584207/ILSVRC2012_val_00043314.JPEG
/home/projects/bagon/shared/imagenet512/val/n04467665/ILSVRC2012_val_00030427.JPEG
/home/projects/bagon/shared/imagenet512/val/n01756291/ILSVRC2012_val_00020632.JPEG
/home/projects/bagon/shared/imagenet512/val/n03014705/ILSVRC2012_val_00049689.JPEG
/home/projects/bagon/shared/imagenet512/val/n03255030/ILSVRC2012_val_00024721.JPEG
/home/projects/bagon/shared/imagenet512/val/n02980441/ILSVRC2012_val_00019095.JPEG
/home/projects/bagon/shared/imagenet512/val/n02930766/ILSVRC2012_val_00040571.JPEG
/home/projects/bagon/shared/imagenet512/val/n03781244/ILSVRC2012_val_00049342.JPEG
/home/projects/bagon/shared/imagenet512/val/n07747607/ILSVRC2012_val_00021144.JPEG
/home/projects/bagon/shared/imagenet512/val/n01498041/ILSVRC2012_val_00043229.JPEG
/home/projects/bagon/shared/imagenet512/val/n03041632/ILSVRC2012_val_00038348.JPEG
/home/projects/bagon/shared/imagenet512/val/n02085620/ILSVRC2012_val_00037791.JPEG
/home/projects/bagon/shared/imagenet512/val/n02113978/ILSVRC2012_val_00003435.JPEG
/home/projects/bagon/shared/imagenet512/val/n02971356/ILSVRC2012_val_00003494.JPEG
/home/projects/bagon/shared/imagenet512/val/n01693334/ILSVRC2012_val_00035177.JPEG
/home/projects/bagon/shared/imagenet512/val/n04612504/ILSVRC2012_val_00013403.JPEG
/home/projects/bagon/shared/imagenet512/val/n02769748/ILSVRC2012_val_00022297.JPEG
/home/projects/bagon/shared/imagenet512/val/n03803284/ILSVRC2012_val_00019602.JPEG
/home/projects/bagon/shared/imagenet512/val/n02408429/ILSVRC2012_val_00037147.JPEG
/home/projects/bagon/shared/imagenet512/val/n02687172/ILSVRC2012_val_00020530.JPEG
/home/projects/bagon/shared/imagenet512/val/n02930766/ILSVRC2012_val_00012182.JPEG
/home/projects/bagon/shared/imagenet512/val/n01491361/ILSVRC2012_val_00015631.JPEG
/home/projects/bagon/shared/imagenet512/val/n03141823/ILSVRC2012_val_00048789.JPEG
/home/projects/bagon/shared/imagenet512/val/n02113712/ILSVRC2012_val_00026778.JPEG
/home/projects/bagon/shared/imagenet512/val/n02807133/ILSVRC2012_val_00021386.JPEG
/home/projects/bagon/shared/imagenet512/val/n03216828/ILSVRC2012_val_00014260.JPEG
/home/projects/bagon/shared/imagenet512/val/n04275548/ILSVRC2012_val_00035311.JPEG
/home/projects/bagon/shared/imagenet512/val/n02134084/ILSVRC2012_val_00038291.JPEG
/home/projects/bagon/shared/imagenet512/val/n04372370/ILSVRC2012_val_00027023.JPEG
/home/projects/bagon/shared/imagenet512/val/n04209133/ILSVRC2012_val_00035730.JPEG
/home/projects/bagon/shared/imagenet512/val/n02093428/ILSVRC2012_val_00039014.JPEG
/home/projects/bagon/shared/imagenet512/val/n01917289/ILSVRC2012_val_00019987.JPEG
/home/projects/bagon/shared/imagenet512/val/n01728572/ILSVRC2012_val_00024301.JPEG
/home/projects/bagon/shared/imagenet512/val/n03594945/ILSVRC2012_val_00014841.JPEG
/home/projects/bagon/shared/imagenet512/val/n04090263/ILSVRC2012_val_00041671.JPEG
/home/projects/bagon/shared/imagenet512/val/n04005630/ILSVRC2012_val_00011132.JPEG
/home/projects/bagon/shared/imagenet512/val/n03109150/ILSVRC2012_val_00000678.JPEG
/home/projects/bagon/shared/imagenet512/val/n03887697/ILSVRC2012_val_00035594.JPEG
/home/projects/bagon/shared/imagenet512/val/n03110669/ILSVRC2012_val_00018886.JPEG
/home/projects/bagon/shared/imagenet512/val/n04070727/ILSVRC2012_val_00033670.JPEG
/home/projects/bagon/shared/imagenet512/val/n04553703/ILSVRC2012_val_00001741.JPEG
/home/projects/bagon/shared/imagenet512/val/n03995372/ILSVRC2012_val_00022789.JPEG
/home/projects/bagon/shared/imagenet512/val/n03594734/ILSVRC2012_val_00024452.JPEG
/home/projects/bagon/shared/imagenet512/val/n04356056/ILSVRC2012_val_00048182.JPEG
/home/projects/bagon/shared/imagenet512/val/n03785016/ILSVRC2012_val_00000717.JPEG
/home/projects/bagon/shared/imagenet512/val/n01773797/ILSVRC2012_val_00001987.JPEG
/home/projects/bagon/shared/imagenet512/val/n02869837/ILSVRC2012_val_00028567.JPEG
/home/projects/bagon/shared/imagenet512/val/n03535780/ILSVRC2012_val_00039560.JPEG
/home/projects/bagon/shared/imagenet512/val/n03970156/ILSVRC2012_val_00019150.JPEG
/home/projects/bagon/shared/imagenet512/val/n01824575/ILSVRC2012_val_00011697.JPEG
/home/projects/bagon/shared/imagenet512/val/n03532672/ILSVRC2012_val_00023115.JPEG
/home/projects/bagon/shared/imagenet512/val/n04579432/ILSVRC2012_val_00048926.JPEG
/home/projects/bagon/shared/imagenet512/val/n02445715/ILSVRC2012_val_00045193.JPEG
/home/projects/bagon/shared/imagenet512/val/n03770679/ILSVRC2012_val_00005862.JPEG
/home/projects/bagon/shared/imagenet512/val/n03729826/ILSVRC2012_val_00025397.JPEG
/home/projects/bagon/shared/imagenet512/val/n02894605/ILSVRC2012_val_00021166.JPEG
/home/projects/bagon/shared/imagenet512/val/n04462240/ILSVRC2012_val_00028483.JPEG
/home/projects/bagon/shared/imagenet512/val/n03216828/ILSVRC2012_val_00037556.JPEG
/home/projects/bagon/shared/imagenet512/val/n03776460/ILSVRC2012_val_00005878.JPEG
/home/projects/bagon/shared/imagenet512/val/n01514668/ILSVRC2012_val_00012484.JPEG
/home/projects/bagon/shared/imagenet512/val/n07718472/ILSVRC2012_val_00001392.JPEG
/home/projects/bagon/shared/imagenet512/val/n03691459/ILSVRC2012_val_00049230.JPEG
/home/projects/bagon/shared/imagenet512/val/n03041632/ILSVRC2012_val_00039826.JPEG
/home/projects/bagon/shared/imagenet512/val/n04005630/ILSVRC2012_val_00022553.JPEG
/home/projects/bagon/shared/imagenet512/val/n02091032/ILSVRC2012_val_00043917.JPEG
/home/projects/bagon/shared/imagenet512/val/n04264628/ILSVRC2012_val_00007316.JPEG
/home/projects/bagon/shared/imagenet512/val/n04136333/ILSVRC2012_val_00047782.JPEG
/home/projects/bagon/shared/imagenet512/val/n01770081/ILSVRC2012_val_00033817.JPEG
/home/projects/bagon/shared/imagenet512/val/n01667114/ILSVRC2012_val_00038085.JPEG
/home/projects/bagon/shared/imagenet512/val/n02104029/ILSVRC2012_val_00013715.JPEG
/home/projects/bagon/shared/imagenet512/val/n04239074/ILSVRC2012_val_00048865.JPEG
/home/projects/bagon/shared/imagenet512/val/n03207941/ILSVRC2012_val_00011442.JPEG
/home/projects/bagon/shared/imagenet512/val/n02113624/ILSVRC2012_val_00027962.JPEG
/home/projects/bagon/shared/imagenet512/val/n02093428/ILSVRC2012_val_00045109.JPEG
/home/projects/bagon/shared/imagenet512/val/n01484850/ILSVRC2012_val_00015157.JPEG
/home/projects/bagon/shared/imagenet512/val/n03250847/ILSVRC2012_val_00024547.JPEG
/home/projects/bagon/shared/imagenet512/val/n03045698/ILSVRC2012_val_00021996.JPEG
/home/projects/bagon/shared/imagenet512/val/n03929660/ILSVRC2012_val_00013780.JPEG
/home/projects/bagon/shared/imagenet512/val/n01773797/ILSVRC2012_val_00036109.JPEG
/home/projects/bagon/shared/imagenet512/val/n03958227/ILSVRC2012_val_00015317.JPEG
/home/projects/bagon/shared/imagenet512/val/n01883070/ILSVRC2012_val_00032499.JPEG
/home/projects/bagon/shared/imagenet512/val/n01980166/ILSVRC2012_val_00005122.JPEG
/home/projects/bagon/shared/imagenet512/val/n03041632/ILSVRC2012_val_00039665.JPEG
/home/projects/bagon/shared/imagenet512/val/n04606251/ILSVRC2012_val_00025036.JPEG
/home/projects/bagon/shared/imagenet512/val/n04325704/ILSVRC2012_val_00041789.JPEG
/home/projects/bagon/shared/imagenet512/val/n04552348/ILSVRC2012_val_00047865.JPEG
/home/projects/bagon/shared/imagenet512/val/n03873416/ILSVRC2012_val_00046406.JPEG
/home/projects/bagon/shared/imagenet512/val/n04209133/ILSVRC2012_val_00004457.JPEG
/home/projects/bagon/shared/imagenet512/val/n04429376/ILSVRC2012_val_00028295.JPEG
/home/projects/bagon/shared/imagenet512/val/n02091635/ILSVRC2012_val_00023428.JPEG
/home/projects/bagon/shared/imagenet512/val/n02444819/ILSVRC2012_val_00047484.JPEG
/home/projects/bagon/shared/imagenet512/val/n03773504/ILSVRC2012_val_00021466.JPEG
/home/projects/bagon/shared/imagenet512/val/n02099601/ILSVRC2012_val_00031731.JPEG
/home/projects/bagon/shared/imagenet512/val/n02791124/ILSVRC2012_val_00000759.JPEG
/home/projects/bagon/shared/imagenet512/val/n02190166/ILSVRC2012_val_00008941.JPEG
/home/projects/bagon/shared/imagenet512/val/n07920052/ILSVRC2012_val_00040661.JPEG
/home/projects/bagon/shared/imagenet512/val/n03887697/ILSVRC2012_val_00033798.JPEG
/home/projects/bagon/shared/imagenet512/val/n04005630/ILSVRC2012_val_00037699.JPEG
/home/projects/bagon/shared/imagenet512/val/n03216828/ILSVRC2012_val_00023072.JPEG
/home/projects/bagon/shared/imagenet512/val/n03590841/ILSVRC2012_val_00026220.JPEG
/home/projects/bagon/shared/imagenet512/val/n04259630/ILSVRC2012_val_00021791.JPEG
/home/projects/bagon/shared/imagenet512/val/n02708093/ILSVRC2012_val_00045820.JPEG
/home/projects/bagon/shared/imagenet512/val/n04239074/ILSVRC2012_val_00034112.JPEG
/home/projects/bagon/shared/imagenet512/val/n03792782/ILSVRC2012_val_00041265.JPEG
/home/projects/bagon/shared/imagenet512/val/n02870880/ILSVRC2012_val_00031142.JPEG
/home/projects/bagon/shared/imagenet512/val/n04522168/ILSVRC2012_val_00046900.JPEG
/home/projects/bagon/shared/imagenet512/val/n07717556/ILSVRC2012_val_00001507.JPEG
/home/projects/bagon/shared/imagenet512/val/n02091032/ILSVRC2012_val_00007371.JPEG
/home/projects/bagon/shared/imagenet512/val/n04141975/ILSVRC2012_val_00020839.JPEG
/home/projects/bagon/shared/imagenet512/val/n03216828/ILSVRC2012_val_00001983.JPEG
/home/projects/bagon/shared/imagenet512/val/n02128385/ILSVRC2012_val_00003839.JPEG
/home/projects/bagon/shared/imagenet512/val/n02865351/ILSVRC2012_val_00016474.JPEG
/home/projects/bagon/shared/imagenet512/val/n02487347/ILSVRC2012_val_00018904.JPEG
/home/projects/bagon/shared/imagenet512/val/n02101388/ILSVRC2012_val_00016166.JPEG
/home/projects/bagon/shared/imagenet512/val/n02536864/ILSVRC2012_val_00002364.JPEG
/home/projects/bagon/shared/imagenet512/val/n04376876/ILSVRC2012_val_00028012.JPEG
/home/projects/bagon/shared/imagenet512/val/n01694178/ILSVRC2012_val_00001623.JPEG
/home/projects/bagon/shared/imagenet512/val/n02865351/ILSVRC2012_val_00023219.JPEG
/home/projects/bagon/shared/imagenet512/val/n03841143/ILSVRC2012_val_00046264.JPEG
/home/projects/bagon/shared/imagenet512/val/n04090263/ILSVRC2012_val_00030031.JPEG
/home/projects/bagon/shared/imagenet512/val/n04008634/ILSVRC2012_val_00008246.JPEG
/home/projects/bagon/shared/imagenet512/val/n02486261/ILSVRC2012_val_00025698.JPEG
/home/projects/bagon/shared/imagenet512/val/n03445924/ILSVRC2012_val_00012682.JPEG
/home/projects/bagon/shared/imagenet512/val/n03733281/ILSVRC2012_val_00024639.JPEG
/home/projects/bagon/shared/imagenet512/val/n07836838/ILSVRC2012_val_00024526.JPEG
/home/projects/bagon/shared/imagenet512/val/n04398044/ILSVRC2012_val_00035011.JPEG
/home/projects/bagon/shared/imagenet512/val/n03658185/ILSVRC2012_val_00011481.JPEG
/home/projects/bagon/shared/imagenet512/val/n04270147/ILSVRC2012_val_00027349.JPEG
/home/projects/bagon/shared/imagenet512/val/n04597913/ILSVRC2012_val_00007881.JPEG
/home/projects/bagon/shared/imagenet512/val/n02909870/ILSVRC2012_val_00041404.JPEG
/home/projects/bagon/shared/imagenet512/val/n03690938/ILSVRC2012_val_00026685.JPEG
/home/projects/bagon/shared/imagenet512/val/n09428293/ILSVRC2012_val_00000214.JPEG
/home/projects/bagon/shared/imagenet512/val/n04069434/ILSVRC2012_val_00014347.JPEG
/home/projects/bagon/shared/imagenet512/val/n03958227/ILSVRC2012_val_00037856.JPEG
/home/projects/bagon/shared/imagenet512/val/n02100735/ILSVRC2012_val_00019050.JPEG
/home/projects/bagon/shared/imagenet512/val/n09332890/ILSVRC2012_val_00028191.JPEG
/home/projects/bagon/shared/imagenet512/val/n02100877/ILSVRC2012_val_00025288.JPEG
/home/projects/bagon/shared/imagenet512/val/n02808440/ILSVRC2012_val_00019565.JPEG
/home/projects/bagon/shared/imagenet512/val/n07920052/ILSVRC2012_val_00007209.JPEG
/home/projects/bagon/shared/imagenet512/val/n04040759/ILSVRC2012_val_00031797.JPEG
/home/projects/bagon/shared/imagenet512/val/n01692333/ILSVRC2012_val_00010164.JPEG
/home/projects/bagon/shared/imagenet512/val/n02791124/ILSVRC2012_val_00008115.JPEG
/home/projects/bagon/shared/imagenet512/val/n15075141/ILSVRC2012_val_00001079.JPEG
/home/projects/bagon/shared/imagenet512/val/n04118776/ILSVRC2012_val_00022488.JPEG
/home/projects/bagon/shared/imagenet512/val/n04590129/ILSVRC2012_val_00025610.JPEG
/home/projects/bagon/shared/imagenet512/val/n04522168/ILSVRC2012_val_00040024.JPEG
/home/projects/bagon/shared/imagenet512/val/n03814639/ILSVRC2012_val_00024623.JPEG
/home/projects/bagon/shared/imagenet512/val/n02088238/ILSVRC2012_val_00002111.JPEG
/home/projects/bagon/shared/imagenet512/val/n02096437/ILSVRC2012_val_00027512.JPEG
/home/projects/bagon/shared/imagenet512/val/n01608432/ILSVRC2012_val_00023128.JPEG
/home/projects/bagon/shared/imagenet512/val/n04116512/ILSVRC2012_val_00007939.JPEG
/home/projects/bagon/shared/imagenet512/val/n04380533/ILSVRC2012_val_00026968.JPEG
/home/projects/bagon/shared/imagenet512/val/n03459775/ILSVRC2012_val_00038655.JPEG
/home/projects/bagon/shared/imagenet512/val/n04252077/ILSVRC2012_val_00018998.JPEG
/home/projects/bagon/shared/imagenet512/val/n03445924/ILSVRC2012_val_00006874.JPEG
/home/projects/bagon/shared/imagenet512/val/n02483362/ILSVRC2012_val_00020301.JPEG
/home/projects/bagon/shared/imagenet512/val/n04596742/ILSVRC2012_val_00019557.JPEG
/home/projects/bagon/shared/imagenet512/val/n02971356/ILSVRC2012_val_00013835.JPEG
/home/projects/bagon/shared/imagenet512/val/n03868863/ILSVRC2012_val_00007585.JPEG
/home/projects/bagon/shared/imagenet512/val/n07695742/ILSVRC2012_val_00001967.JPEG
/home/projects/bagon/shared/imagenet512/val/n02229544/ILSVRC2012_val_00003343.JPEG
/home/projects/bagon/shared/imagenet512/val/n01644373/ILSVRC2012_val_00036293.JPEG
/home/projects/bagon/shared/imagenet512/val/n01847000/ILSVRC2012_val_00021372.JPEG
/home/projects/bagon/shared/imagenet512/val/n07720875/ILSVRC2012_val_00035410.JPEG
/home/projects/bagon/shared/imagenet512/val/n03998194/ILSVRC2012_val_00020470.JPEG
/home/projects/bagon/shared/imagenet512/val/n02002556/ILSVRC2012_val_00032580.JPEG
/home/projects/bagon/shared/imagenet512/val/n02708093/ILSVRC2012_val_00005490.JPEG
/home/projects/bagon/shared/imagenet512/val/n07836838/ILSVRC2012_val_00047503.JPEG
/home/projects/bagon/shared/imagenet512/val/n03995372/ILSVRC2012_val_00027123.JPEG
/home/projects/bagon/shared/imagenet512/val/n03062245/ILSVRC2012_val_00012643.JPEG
/home/projects/bagon/shared/imagenet512/val/n03977966/ILSVRC2012_val_00034511.JPEG
/home/projects/bagon/shared/imagenet512/val/n04147183/ILSVRC2012_val_00037955.JPEG
/home/projects/bagon/shared/imagenet512/val/n06596364/ILSVRC2012_val_00001606.JPEG
/home/projects/bagon/shared/imagenet512/val/n04330267/ILSVRC2012_val_00000205.JPEG
/home/projects/bagon/shared/imagenet512/val/n04270147/ILSVRC2012_val_00039725.JPEG
/home/projects/bagon/shared/imagenet512/val/n03992509/ILSVRC2012_val_00043757.JPEG
/home/projects/bagon/shared/imagenet512/val/n04229816/ILSVRC2012_val_00003737.JPEG
/home/projects/bagon/shared/imagenet512/val/n04209239/ILSVRC2012_val_00026834.JPEG
/home/projects/bagon/shared/imagenet512/val/n04548362/ILSVRC2012_val_00014862.JPEG
/home/projects/bagon/shared/imagenet512/val/n02906734/ILSVRC2012_val_00044489.JPEG
/home/projects/bagon/shared/imagenet512/val/n01644900/ILSVRC2012_val_00039996.JPEG
/home/projects/bagon/shared/imagenet512/val/n01924916/ILSVRC2012_val_00003942.JPEG
/home/projects/bagon/shared/imagenet512/val/n03445777/ILSVRC2012_val_00023845.JPEG
/home/projects/bagon/shared/imagenet512/val/n02113799/ILSVRC2012_val_00007866.JPEG
/home/projects/bagon/shared/imagenet512/val/n03529860/ILSVRC2012_val_00037976.JPEG
/home/projects/bagon/shared/imagenet512/val/n03062245/ILSVRC2012_val_00023646.JPEG
/home/projects/bagon/shared/imagenet512/val/n03476684/ILSVRC2012_val_00024049.JPEG
/home/projects/bagon/shared/imagenet512/val/n03764736/ILSVRC2012_val_00001522.JPEG
/home/projects/bagon/shared/imagenet512/val/n03673027/ILSVRC2012_val_00049813.JPEG
/home/projects/bagon/shared/imagenet512/val/n02916936/ILSVRC2012_val_00004704.JPEG
/home/projects/bagon/shared/imagenet512/val/n02894605/ILSVRC2012_val_00030290.JPEG
/home/projects/bagon/shared/imagenet512/val/n03775546/ILSVRC2012_val_00047849.JPEG
/home/projects/bagon/shared/imagenet512/val/n02096437/ILSVRC2012_val_00000279.JPEG
/home/projects/bagon/shared/imagenet512/val/n04597913/ILSVRC2012_val_00039858.JPEG
/home/projects/bagon/shared/imagenet512/val/n01496331/ILSVRC2012_val_00037260.JPEG
/home/projects/bagon/shared/imagenet512/val/n03089624/ILSVRC2012_val_00008801.JPEG
/home/projects/bagon/shared/imagenet512/val/n03773504/ILSVRC2012_val_00047508.JPEG
/home/projects/bagon/shared/imagenet512/val/n04239074/ILSVRC2012_val_00044499.JPEG
/home/projects/bagon/shared/imagenet512/val/n03196217/ILSVRC2012_val_00026752.JPEG
/home/projects/bagon/shared/imagenet512/val/n03476991/ILSVRC2012_val_00045906.JPEG
/home/projects/bagon/shared/imagenet512/val/n03637318/ILSVRC2012_val_00031039.JPEG
/home/projects/bagon/shared/imagenet512/val/n02422699/ILSVRC2012_val_00016293.JPEG
/home/projects/bagon/shared/imagenet512/val/n03976657/ILSVRC2012_val_00019140.JPEG
/home/projects/bagon/shared/imagenet512/val/n03485407/ILSVRC2012_val_00043726.JPEG
/home/projects/bagon/shared/imagenet512/val/n01914609/ILSVRC2012_val_00015587.JPEG
/home/projects/bagon/shared/imagenet512/val/n01877812/ILSVRC2012_val_00028912.JPEG
/home/projects/bagon/shared/imagenet512/val/n02783161/ILSVRC2012_val_00001098.JPEG
/home/projects/bagon/shared/imagenet512/val/n01688243/ILSVRC2012_val_00000978.JPEG
/home/projects/bagon/shared/imagenet512/val/n07717556/ILSVRC2012_val_00024862.JPEG
/home/projects/bagon/shared/imagenet512/val/n03347037/ILSVRC2012_val_00033001.JPEG
/home/projects/bagon/shared/imagenet512/val/n03976657/ILSVRC2012_val_00038951.JPEG
/home/projects/bagon/shared/imagenet512/val/n07590611/ILSVRC2012_val_00018486.JPEG
/home/projects/bagon/shared/imagenet512/val/n03125729/ILSVRC2012_val_00032315.JPEG
/home/projects/bagon/shared/imagenet512/val/n03160309/ILSVRC2012_val_00046535.JPEG
/home/projects/bagon/shared/imagenet512/val/n03840681/ILSVRC2012_val_00048063.JPEG
/home/projects/bagon/shared/imagenet512/val/n04311004/ILSVRC2012_val_00005791.JPEG
/home/projects/bagon/shared/imagenet512/val/n02776631/ILSVRC2012_val_00032747.JPEG
/home/projects/bagon/shared/imagenet512/val/n02493509/ILSVRC2012_val_00040269.JPEG
/home/projects/bagon/shared/imagenet512/val/n04265275/ILSVRC2012_val_00045817.JPEG
/home/projects/bagon/shared/imagenet512/val/n07749582/ILSVRC2012_val_00040755.JPEG
/home/projects/bagon/shared/imagenet512/val/n02091635/ILSVRC2012_val_00006704.JPEG
/home/projects/bagon/shared/imagenet512/val/n03742115/ILSVRC2012_val_00009627.JPEG
/home/projects/bagon/shared/imagenet512/val/n03899768/ILSVRC2012_val_00004308.JPEG
/home/projects/bagon/shared/imagenet512/val/n04456115/ILSVRC2012_val_00008611.JPEG
/home/projects/bagon/shared/imagenet512/val/n04008634/ILSVRC2012_val_00000621.JPEG
/home/projects/bagon/shared/imagenet512/val/n02092339/ILSVRC2012_val_00004974.JPEG
/home/projects/bagon/shared/imagenet512/val/n03929855/ILSVRC2012_val_00049963.JPEG
/home/projects/bagon/shared/imagenet512/val/n02892767/ILSVRC2012_val_00026923.JPEG
/home/projects/bagon/shared/imagenet512/val/n03916031/ILSVRC2012_val_00021129.JPEG
/home/projects/bagon/shared/imagenet512/val/n02165105/ILSVRC2012_val_00000768.JPEG
/home/projects/bagon/shared/imagenet512/val/n04579432/ILSVRC2012_val_00028072.JPEG
/home/projects/bagon/shared/imagenet512/val/n04317175/ILSVRC2012_val_00010695.JPEG
/home/projects/bagon/shared/imagenet512/val/n04033901/ILSVRC2012_val_00008657.JPEG
/home/projects/bagon/shared/imagenet512/val/n02690373/ILSVRC2012_val_00040136.JPEG
/home/projects/bagon/shared/imagenet512/val/n02727426/ILSVRC2012_val_00019117.JPEG
/home/projects/bagon/shared/imagenet512/val/n03891332/ILSVRC2012_val_00004937.JPEG
/home/projects/bagon/shared/imagenet512/val/n02099429/ILSVRC2012_val_00032181.JPEG
/home/projects/bagon/shared/imagenet512/val/n04392985/ILSVRC2012_val_00044323.JPEG
/home/projects/bagon/shared/imagenet512/val/n02095314/ILSVRC2012_val_00005331.JPEG
/home/projects/bagon/shared/imagenet512/val/n03908618/ILSVRC2012_val_00045411.JPEG
/home/projects/bagon/shared/imagenet512/val/n01914609/ILSVRC2012_val_00002938.JPEG
/home/projects/bagon/shared/imagenet512/val/n01755581/ILSVRC2012_val_00014950.JPEG
/home/projects/bagon/shared/imagenet512/val/n04443257/ILSVRC2012_val_00018875.JPEG
/home/projects/bagon/shared/imagenet512/val/n02825657/ILSVRC2012_val_00033061.JPEG
/home/projects/bagon/shared/imagenet512/val/n04317175/ILSVRC2012_val_00014314.JPEG
/home/projects/bagon/shared/imagenet512/val/n04335435/ILSVRC2012_val_00016288.JPEG
/home/projects/bagon/shared/imagenet512/val/n03325584/ILSVRC2012_val_00016174.JPEG
/home/projects/bagon/shared/imagenet512/val/n03782006/ILSVRC2012_val_00015161.JPEG
/home/projects/bagon/shared/imagenet512/val/n04465501/ILSVRC2012_val_00035513.JPEG
/home/projects/bagon/shared/imagenet512/val/n02930766/ILSVRC2012_val_00018744.JPEG
/home/projects/bagon/shared/imagenet512/val/n03291819/ILSVRC2012_val_00048158.JPEG
/home/projects/bagon/shared/imagenet512/val/n03691459/ILSVRC2012_val_00030580.JPEG
/home/projects/bagon/shared/imagenet512/val/n07615774/ILSVRC2012_val_00049964.JPEG
/home/projects/bagon/shared/imagenet512/val/n02105505/ILSVRC2012_val_00048075.JPEG
/home/projects/bagon/shared/imagenet512/val/n03461385/ILSVRC2012_val_00005674.JPEG
/home/projects/bagon/shared/imagenet512/val/n02099429/ILSVRC2012_val_00011793.JPEG
/home/projects/bagon/shared/imagenet512/val/n02325366/ILSVRC2012_val_00041387.JPEG
/home/projects/bagon/shared/imagenet512/val/n04554684/ILSVRC2012_val_00005491.JPEG
/home/projects/bagon/shared/imagenet512/val/n07875152/ILSVRC2012_val_00011863.JPEG
/home/projects/bagon/shared/imagenet512/val/n03207743/ILSVRC2012_val_00012369.JPEG
/home/projects/bagon/shared/imagenet512/val/n03014705/ILSVRC2012_val_00003911.JPEG
/home/projects/bagon/shared/imagenet512/val/n04525038/ILSVRC2012_val_00012324.JPEG
/home/projects/bagon/shared/imagenet512/val/n03954731/ILSVRC2012_val_00049067.JPEG
/home/projects/bagon/shared/imagenet512/val/n04254120/ILSVRC2012_val_00030691.JPEG
/home/projects/bagon/shared/imagenet512/val/n01798484/ILSVRC2012_val_00049203.JPEG
/home/projects/bagon/shared/imagenet512/val/n04458633/ILSVRC2012_val_00044465.JPEG
/home/projects/bagon/shared/imagenet512/val/n01580077/ILSVRC2012_val_00020905.JPEG
/home/projects/bagon/shared/imagenet512/val/n02930766/ILSVRC2012_val_00003112.JPEG
/home/projects/bagon/shared/imagenet512/val/n07932039/ILSVRC2012_val_00000801.JPEG
/home/projects/bagon/shared/imagenet512/val/n07753592/ILSVRC2012_val_00017021.JPEG
/home/projects/bagon/shared/imagenet512/val/n01491361/ILSVRC2012_val_00023443.JPEG
/home/projects/bagon/shared/imagenet512/val/n03141823/ILSVRC2012_val_00007337.JPEG
/home/projects/bagon/shared/imagenet512/val/n02841315/ILSVRC2012_val_00014601.JPEG
/home/projects/bagon/shared/imagenet512/val/n04592741/ILSVRC2012_val_00011343.JPEG
/home/projects/bagon/shared/imagenet512/val/n04462240/ILSVRC2012_val_00021008.JPEG
/home/projects/bagon/shared/imagenet512/val/n03249569/ILSVRC2012_val_00005690.JPEG
/home/projects/bagon/shared/imagenet512/val/n01806143/ILSVRC2012_val_00002177.JPEG
/home/projects/bagon/shared/imagenet512/val/n03938244/ILSVRC2012_val_00016566.JPEG
/home/projects/bagon/shared/imagenet512/val/n02002724/ILSVRC2012_val_00030904.JPEG
/home/projects/bagon/shared/imagenet512/val/n02823428/ILSVRC2012_val_00014412.JPEG
/home/projects/bagon/shared/imagenet512/val/n03018349/ILSVRC2012_val_00024892.JPEG
/home/projects/bagon/shared/imagenet512/val/n03532672/ILSVRC2012_val_00003167.JPEG
/home/projects/bagon/shared/imagenet512/val/n02504013/ILSVRC2012_val_00011002.JPEG
/home/projects/bagon/shared/imagenet512/val/n03459775/ILSVRC2012_val_00020941.JPEG
/home/projects/bagon/shared/imagenet512/val/n03599486/ILSVRC2012_val_00027701.JPEG
/home/projects/bagon/shared/imagenet512/val/n02099429/ILSVRC2012_val_00030633.JPEG
/home/projects/bagon/shared/imagenet512/val/n02834397/ILSVRC2012_val_00005477.JPEG
/home/projects/bagon/shared/imagenet512/val/n02097047/ILSVRC2012_val_00008661.JPEG
/home/projects/bagon/shared/imagenet512/val/n02119789/ILSVRC2012_val_00016254.JPEG
/home/projects/bagon/shared/imagenet512/val/n02088364/ILSVRC2012_val_00025393.JPEG
/home/projects/bagon/shared/imagenet512/val/n04392985/ILSVRC2012_val_00036646.JPEG
/home/projects/bagon/shared/imagenet512/val/n03141823/ILSVRC2012_val_00004783.JPEG
/home/projects/bagon/shared/imagenet512/val/n03457902/ILSVRC2012_val_00041009.JPEG
/home/projects/bagon/shared/imagenet512/val/n04604644/ILSVRC2012_val_00014924.JPEG
/home/projects/bagon/shared/imagenet512/val/n04005630/ILSVRC2012_val_00017246.JPEG
/home/projects/bagon/shared/imagenet512/val/n04485082/ILSVRC2012_val_00033425.JPEG
/home/projects/bagon/shared/imagenet512/val/n02110063/ILSVRC2012_val_00016960.JPEG
/home/projects/bagon/shared/imagenet512/val/n02892201/ILSVRC2012_val_00014939.JPEG
/home/projects/bagon/shared/imagenet512/val/n03347037/ILSVRC2012_val_00041368.JPEG
/home/projects/bagon/shared/imagenet512/val/n01945685/ILSVRC2012_val_00002261.JPEG
/home/projects/bagon/shared/imagenet512/val/n01693334/ILSVRC2012_val_00016778.JPEG
/home/projects/bagon/shared/imagenet512/val/n03866082/ILSVRC2012_val_00014561.JPEG
/home/projects/bagon/shared/imagenet512/val/n03937543/ILSVRC2012_val_00023209.JPEG
/home/projects/bagon/shared/imagenet512/val/n03494278/ILSVRC2012_val_00043892.JPEG
/home/projects/bagon/shared/imagenet512/val/n03000247/ILSVRC2012_val_00033694.JPEG
/home/projects/bagon/shared/imagenet512/val/n03250847/ILSVRC2012_val_00008089.JPEG
/home/projects/bagon/shared/imagenet512/val/n04270147/ILSVRC2012_val_00013556.JPEG
/home/projects/bagon/shared/imagenet512/val/n03250847/ILSVRC2012_val_00046129.JPEG
/home/projects/bagon/shared/imagenet512/val/n04355933/ILSVRC2012_val_00045136.JPEG
/home/projects/bagon/shared/imagenet512/val/n01667114/ILSVRC2012_val_00036815.JPEG
/home/projects/bagon/shared/imagenet512/val/n03642806/ILSVRC2012_val_00007948.JPEG
/home/projects/bagon/shared/imagenet512/val/n03891251/ILSVRC2012_val_00013228.JPEG
/home/projects/bagon/shared/imagenet512/val/n02114712/ILSVRC2012_val_00003172.JPEG
/home/projects/bagon/shared/imagenet512/val/n04357314/ILSVRC2012_val_00010438.JPEG
/home/projects/bagon/shared/imagenet512/val/n03874599/ILSVRC2012_val_00014039.JPEG
/home/projects/bagon/shared/imagenet512/val/n02124075/ILSVRC2012_val_00021675.JPEG
/home/projects/bagon/shared/imagenet512/val/n04476259/ILSVRC2012_val_00041437.JPEG
/home/projects/bagon/shared/imagenet512/val/n12144580/ILSVRC2012_val_00036775.JPEG
/home/projects/bagon/shared/imagenet512/val/n03873416/ILSVRC2012_val_00032248.JPEG
/home/projects/bagon/shared/imagenet512/val/n03291819/ILSVRC2012_val_00023324.JPEG
/home/projects/bagon/shared/imagenet512/val/n02110185/ILSVRC2012_val_00007501.JPEG
/home/projects/bagon/shared/imagenet512/val/n02087394/ILSVRC2012_val_00010057.JPEG
/home/projects/bagon/shared/imagenet512/val/n02786058/ILSVRC2012_val_00013543.JPEG
/home/projects/bagon/shared/imagenet512/val/n01985128/ILSVRC2012_val_00049686.JPEG
/home/projects/bagon/shared/imagenet512/val/n03623198/ILSVRC2012_val_00019441.JPEG
/home/projects/bagon/shared/imagenet512/val/n07720875/ILSVRC2012_val_00027266.JPEG
/home/projects/bagon/shared/imagenet512/val/n04371774/ILSVRC2012_val_00027173.JPEG
/home/projects/bagon/shared/imagenet512/val/n04591157/ILSVRC2012_val_00007764.JPEG
/home/projects/bagon/shared/imagenet512/val/n02510455/ILSVRC2012_val_00022314.JPEG
/home/projects/bagon/shared/imagenet512/val/n03710637/ILSVRC2012_val_00025685.JPEG
/home/projects/bagon/shared/imagenet512/val/n03496892/ILSVRC2012_val_00010776.JPEG
/home/projects/bagon/shared/imagenet512/val/n04392985/ILSVRC2012_val_00001249.JPEG
/home/projects/bagon/shared/imagenet512/val/n02814533/ILSVRC2012_val_00010252.JPEG
/home/projects/bagon/shared/imagenet512/val/n02088466/ILSVRC2012_val_00028118.JPEG
/home/projects/bagon/shared/imagenet512/val/n02423022/ILSVRC2012_val_00007265.JPEG
/home/projects/bagon/shared/imagenet512/val/n02028035/ILSVRC2012_val_00005465.JPEG
/home/projects/bagon/shared/imagenet512/val/n04350905/ILSVRC2012_val_00022131.JPEG
/home/projects/bagon/shared/imagenet512/val/n03089624/ILSVRC2012_val_00040893.JPEG
/home/projects/bagon/shared/imagenet512/val/n03633091/ILSVRC2012_val_00029666.JPEG
/home/projects/bagon/shared/imagenet512/val/n01871265/ILSVRC2012_val_00029569.JPEG
/home/projects/bagon/shared/imagenet512/val/n03773504/ILSVRC2012_val_00011438.JPEG
/home/projects/bagon/shared/imagenet512/val/n02747177/ILSVRC2012_val_00044878.JPEG
/home/projects/bagon/shared/imagenet512/val/n02843684/ILSVRC2012_val_00023964.JPEG
/home/projects/bagon/shared/imagenet512/val/n02097298/ILSVRC2012_val_00012881.JPEG
/home/projects/bagon/shared/imagenet512/val/n03249569/ILSVRC2012_val_00026291.JPEG
/home/projects/bagon/shared/imagenet512/val/n04330267/ILSVRC2012_val_00009101.JPEG
/home/projects/bagon/shared/imagenet512/val/n04286575/ILSVRC2012_val_00049656.JPEG
/home/projects/bagon/shared/imagenet512/val/n03529860/ILSVRC2012_val_00000387.JPEG
/home/projects/bagon/shared/imagenet512/val/n10565667/ILSVRC2012_val_00000255.JPEG
/home/projects/bagon/shared/imagenet512/val/n02091635/ILSVRC2012_val_00041912.JPEG
/home/projects/bagon/shared/imagenet512/val/n03773504/ILSVRC2012_val_00010073.JPEG
/home/projects/bagon/shared/imagenet512/val/n04235860/ILSVRC2012_val_00019223.JPEG
/home/projects/bagon/shared/imagenet512/val/n03127925/ILSVRC2012_val_00030004.JPEG
/home/projects/bagon/shared/imagenet512/val/n01744401/ILSVRC2012_val_00035023.JPEG
/home/projects/bagon/shared/imagenet512/val/n02791124/ILSVRC2012_val_00014415.JPEG
/home/projects/bagon/shared/imagenet512/val/n02493509/ILSVRC2012_val_00001104.JPEG
/home/projects/bagon/shared/imagenet512/val/n01667114/ILSVRC2012_val_00027877.JPEG
/home/projects/bagon/shared/imagenet512/val/n02865351/ILSVRC2012_val_00011687.JPEG
/home/projects/bagon/shared/imagenet512/val/n04507155/ILSVRC2012_val_00029272.JPEG
/home/projects/bagon/shared/imagenet512/val/n04548362/ILSVRC2012_val_00025829.JPEG
/home/projects/bagon/shared/imagenet512/val/n04366367/ILSVRC2012_val_00027827.JPEG
/home/projects/bagon/shared/imagenet512/val/n03976657/ILSVRC2012_val_00006103.JPEG
/home/projects/bagon/shared/imagenet512/val/n03255030/ILSVRC2012_val_00011743.JPEG
/home/projects/bagon/shared/imagenet512/val/n07711569/ILSVRC2012_val_00034543.JPEG
/home/projects/bagon/shared/imagenet512/val/n04589890/ILSVRC2012_val_00013291.JPEG
/home/projects/bagon/shared/imagenet512/val/n04228054/ILSVRC2012_val_00030160.JPEG
/home/projects/bagon/shared/imagenet512/val/n07695742/ILSVRC2012_val_00002054.JPEG
/home/projects/bagon/shared/imagenet512/val/n03141823/ILSVRC2012_val_00009886.JPEG
/home/projects/bagon/shared/imagenet512/val/n02113186/ILSVRC2012_val_00047755.JPEG
/home/projects/bagon/shared/imagenet512/val/n02110063/ILSVRC2012_val_00011214.JPEG
/home/projects/bagon/shared/imagenet512/val/n03854065/ILSVRC2012_val_00024907.JPEG
/home/projects/bagon/shared/imagenet512/val/n03761084/ILSVRC2012_val_00017051.JPEG
/home/projects/bagon/shared/imagenet512/val/n02669723/ILSVRC2012_val_00015594.JPEG
/home/projects/bagon/shared/imagenet512/val/n04270147/ILSVRC2012_val_00040022.JPEG
/home/projects/bagon/shared/imagenet512/val/n07716358/ILSVRC2012_val_00018152.JPEG
/home/projects/bagon/shared/imagenet512/val/n15075141/ILSVRC2012_val_00044368.JPEG
/home/projects/bagon/shared/imagenet512/val/n04542943/ILSVRC2012_val_00027407.JPEG
/home/projects/bagon/shared/imagenet512/val/n03777754/ILSVRC2012_val_00044245.JPEG
/home/projects/bagon/shared/imagenet512/val/n01871265/ILSVRC2012_val_00044320.JPEG
/home/projects/bagon/shared/imagenet512/val/n02093256/ILSVRC2012_val_00001222.JPEG
/home/projects/bagon/shared/imagenet512/val/n07716358/ILSVRC2012_val_00044128.JPEG
/home/projects/bagon/shared/imagenet512/val/n03874599/ILSVRC2012_val_00033038.JPEG
/home/projects/bagon/shared/imagenet512/val/n04372370/ILSVRC2012_val_00035679.JPEG
/home/projects/bagon/shared/imagenet512/val/n02790996/ILSVRC2012_val_00041419.JPEG
/home/projects/bagon/shared/imagenet512/val/n02442845/ILSVRC2012_val_00033047.JPEG
/home/projects/bagon/shared/imagenet512/val/n03868863/ILSVRC2012_val_00019871.JPEG
/home/projects/bagon/shared/imagenet512/val/n01682714/ILSVRC2012_val_00034086.JPEG
2025-09-23 05:12:23,732 - INFO - Example /home/projects/bagon/shared/imagenet512/val/n04325704/ILSVRC2012_val_00007162.JPEG reached epsilon at step 42, loss sum: 23.8353, final loss: 0.00092554, weight distance: 0.0032
2025-09-23 05:12:27,776 - INFO - Example /home/projects/bagon/shared/imagenet512/val/n02708093/ILSVRC2012_val_00013502.JPEG reached epsilon at step 47, loss sum: 25.0160, final loss: 0.00085688, weight distance: 0.0036
2025-09-23 05:12:31,970 - INFO - Example /home/projects/bagon/shared/imagenet512/val/n04263257/ILSVRC2012_val_00002204.JPEG reached epsilon at step 57, loss sum: 48.4343, final loss: 0.00092506, weight distance: 0.0045
2025-09-23 05:12:35,128 - INFO - Example /home/projects/bagon/shared/imagenet512/val/n04192698/ILSVRC2012_val_00018970.JPEG reached epsilon at step 37, loss sum: 23.5049, final loss: 0.00091505, weight distance: 0.0026
2025-09-23 05:12:38,161 - INFO - Example /home/projects/bagon/shared/imagenet512/val/n03041632/ILSVRC2012_val_00015679.JPEG reached epsilon at step 36, loss sum: 9.6234, final loss: 0.00096035, weight distance: 0.0027
2025-09-23 05:12:41,698 - INFO - Example /home/projects/bagon/shared/imagenet512/val/n02749479/ILSVRC2012_val_00019910.JPEG reached epsilon at step 47, loss sum: 10.0657, final loss: 0.00097466, weight distance: 0.0038
2025-09-23 05:12:45,491 - INFO - Example /home/projects/bagon/shared/imagenet512/val/n02749479/ILSVRC2012_val_00027344.JPEG reached epsilon at step 51, loss sum: 29.9355, final loss: 0.00090647, weight distance: 0.0040
2025-09-23 05:12:50,442 - INFO - Example /home/projects/bagon/shared/imagenet512/val/n02012849/ILSVRC2012_val_00033138.JPEG reached epsilon at step 70, loss sum: 48.7846, final loss: 0.00094604, weight distance: 0.0053
2025-09-23 05:12:55,029 - INFO - Example /home/projects/bagon/shared/imagenet512/val/n09472597/ILSVRC2012_val_00036733.JPEG reached epsilon at step 65, loss sum: 33.8289, final loss: 0.00090742, weight distance: 0.0043
2025-09-23 05:12:58,692 - INFO - Example /home/projects/bagon/shared/imagenet512/val/n02123394/ILSVRC2012_val_00001101.JPEG reached epsilon at step 50, loss sum: 33.0465, final loss: 0.00098419, weight distance: 0.0040
2025-09-23 05:13:03,035 - INFO - Example /home/projects/bagon/shared/imagenet512/val/n02749479/ILSVRC2012_val_00000268.JPEG reached epsilon at step 60, loss sum: 24.0585, final loss: 0.00091505, weight distance: 0.0048
2025-09-23 05:13:06,467 - INFO - Example /home/projects/bagon/shared/imagenet512/val/n01608432/ILSVRC2012_val_00001488.JPEG reached epsilon at step 44, loss sum: 41.7691, final loss: 0.00088549, weight distance: 0.0034
2025-09-23 05:13:10,011 - INFO - Example /home/projects/bagon/shared/imagenet512/val/n03630383/ILSVRC2012_val_00015323.JPEG reached epsilon at step 47, loss sum: 21.9250, final loss: 0.00096893, weight distance: 0.0036
2025-09-23 05:13:13,856 - INFO - Example /home/projects/bagon/shared/imagenet512/val/n02951585/ILSVRC2012_val_00018344.JPEG reached epsilon at step 52, loss sum: 13.3058, final loss: 0.00093603, weight distance: 0.0042
2025-09-23 05:13:18,197 - INFO - Example /home/projects/bagon/shared/imagenet512/val/n03110669/ILSVRC2012_val_00013454.JPEG reached epsilon at step 60, loss sum: 41.2828, final loss: 0.00097561, weight distance: 0.0045
2025-09-23 05:13:21,098 - INFO - Example /home/projects/bagon/shared/imagenet512/val/n03602883/ILSVRC2012_val_00030988.JPEG reached epsilon at step 36, loss sum: 26.9375, final loss: 0.00091362, weight distance: 0.0026
2025-09-23 05:13:25,470 - INFO - Example /home/projects/bagon/shared/imagenet512/val/n03710721/ILSVRC2012_val_00045072.JPEG reached epsilon at step 62, loss sum: 8.5284, final loss: 0.00096655, weight distance: 0.0048
2025-09-23 05:13:28,524 - INFO - Example /home/projects/bagon/shared/imagenet512/val/n02641379/ILSVRC2012_val_00001975.JPEG reached epsilon at step 37, loss sum: 87.0308, final loss: 0.00094604, weight distance: 0.0028
2025-09-23 05:13:31,582 - INFO - Example /home/projects/bagon/shared/imagenet512/val/n01797886/ILSVRC2012_val_00021625.JPEG reached epsilon at step 38, loss sum: 25.2869, final loss: 0.00095844, weight distance: 0.0028
2025-09-23 05:13:35,131 - INFO - Example /home/projects/bagon/shared/imagenet512/val/n02692877/ILSVRC2012_val_00013056.JPEG reached epsilon at step 46, loss sum: 1.2009, final loss: 0.00095367, weight distance: 0.0036
2025-09-23 05:13:39,359 - INFO - Example /home/projects/bagon/shared/imagenet512/val/n07717410/ILSVRC2012_val_00011443.JPEG reached epsilon at step 60, loss sum: 27.9733, final loss: 0.00092459, weight distance: 0.0044
2025-09-23 05:13:42,967 - INFO - Example /home/projects/bagon/shared/imagenet512/val/n03160309/ILSVRC2012_val_00020885.JPEG reached epsilon at step 49, loss sum: 40.7373, final loss: 0.00091934, weight distance: 0.0033
2025-09-23 05:13:48,109 - INFO - Example /home/projects/bagon/shared/imagenet512/val/n02109961/ILSVRC2012_val_00037595.JPEG reached epsilon at step 76, loss sum: 36.9875, final loss: 0.00093269, weight distance: 0.0059
2025-09-23 05:13:51,464 - INFO - Example /home/projects/bagon/shared/imagenet512/val/n03899768/ILSVRC2012_val_00007577.JPEG reached epsilon at step 43, loss sum: 16.0366, final loss: 0.00093126, weight distance: 0.0033
2025-09-23 05:13:54,941 - INFO - Example /home/projects/bagon/shared/imagenet512/val/n03843555/ILSVRC2012_val_00047130.JPEG reached epsilon at step 47, loss sum: 63.1559, final loss: 0.00079536, weight distance: 0.0036
2025-09-23 05:14:00,441 - INFO - Example /home/projects/bagon/shared/imagenet512/val/n01756291/ILSVRC2012_val_00039601.JPEG reached epsilon at step 83, loss sum: 17.3926, final loss: 0.00094461, weight distance: 0.0062
2025-09-23 05:14:03,201 - INFO - Example /home/projects/bagon/shared/imagenet512/val/n03887697/ILSVRC2012_val_00049441.JPEG reached epsilon at step 32, loss sum: 3.8244, final loss: 0.00096178, weight distance: 0.0023
2025-09-23 05:14:06,295 - INFO - Example /home/projects/bagon/shared/imagenet512/val/n02951585/ILSVRC2012_val_00019599.JPEG reached epsilon at step 40, loss sum: 32.7511, final loss: 0.00087023, weight distance: 0.0030
2025-09-23 05:14:09,268 - INFO - Example /home/projects/bagon/shared/imagenet512/val/n03781244/ILSVRC2012_val_00047255.JPEG reached epsilon at step 36, loss sum: 32.1675, final loss: 0.00098038, weight distance: 0.0028
2025-09-23 05:14:12,899 - INFO - Example /home/projects/bagon/shared/imagenet512/val/n04023962/ILSVRC2012_val_00033882.JPEG reached epsilon at step 49, loss sum: 5.2057, final loss: 0.00097275, weight distance: 0.0037
2025-09-23 05:14:16,127 - INFO - Example /home/projects/bagon/shared/imagenet512/val/n03920288/ILSVRC2012_val_00035034.JPEG reached epsilon at step 42, loss sum: 28.9848, final loss: 0.00092506, weight distance: 0.0031
2025-09-23 05:14:19,038 - INFO - Example /home/projects/bagon/shared/imagenet512/val/n04443257/ILSVRC2012_val_00029586.JPEG reached epsilon at step 35, loss sum: 11.9079, final loss: 0.00081110, weight distance: 0.0027
2025-09-23 05:14:22,527 - INFO - Example /home/projects/bagon/shared/imagenet512/val/n03179701/ILSVRC2012_val_00049150.JPEG reached epsilon at step 47, loss sum: 40.1778, final loss: 0.00094604, weight distance: 0.0036
2025-09-23 05:14:26,253 - INFO - Example /home/projects/bagon/shared/imagenet512/val/n02123045/ILSVRC2012_val_00033420.JPEG reached epsilon at step 48, loss sum: 14.1197, final loss: 0.00097656, weight distance: 0.0037
2025-09-23 05:14:30,735 - INFO - Example /home/projects/bagon/shared/imagenet512/val/n03793489/ILSVRC2012_val_00013161.JPEG reached epsilon at step 64, loss sum: 44.6905, final loss: 0.00092649, weight distance: 0.0049
2025-09-23 05:14:34,157 - INFO - Example /home/projects/bagon/shared/imagenet512/val/n07920052/ILSVRC2012_val_00044233.JPEG reached epsilon at step 46, loss sum: 11.8999, final loss: 0.00095081, weight distance: 0.0037
2025-09-23 05:14:38,514 - INFO - Example /home/projects/bagon/shared/imagenet512/val/n03146219/ILSVRC2012_val_00023917.JPEG reached epsilon at step 60, loss sum: 51.7234, final loss: 0.00089121, weight distance: 0.0044
2025-09-23 05:14:42,346 - INFO - Example /home/projects/bagon/shared/imagenet512/val/n02749479/ILSVRC2012_val_00043236.JPEG reached epsilon at step 52, loss sum: 28.8870, final loss: 0.00086355, weight distance: 0.0041
2025-09-23 05:14:47,260 - INFO - Example /home/projects/bagon/shared/imagenet512/val/n03400231/ILSVRC2012_val_00025760.JPEG reached epsilon at step 72, loss sum: 101.4848, final loss: 0.00098801, weight distance: 0.0059
2025-09-23 05:14:51,406 - INFO - Example /home/projects/bagon/shared/imagenet512/val/n02102040/ILSVRC2012_val_00010994.JPEG reached epsilon at step 59, loss sum: 8.9981, final loss: 0.00097132, weight distance: 0.0046
2025-09-23 05:14:55,207 - INFO - Example /home/projects/bagon/shared/imagenet512/val/n02916936/ILSVRC2012_val_00013620.JPEG reached epsilon at step 52, loss sum: 18.6297, final loss: 0.00088835, weight distance: 0.0041
2025-09-23 05:14:59,777 - INFO - Example /home/projects/bagon/shared/imagenet512/val/n03832673/ILSVRC2012_val_00031166.JPEG reached epsilon at step 65, loss sum: 12.0679, final loss: 0.00093699, weight distance: 0.0054
2025-09-23 05:15:03,164 - INFO - Example /home/projects/bagon/shared/imagenet512/val/n04204347/ILSVRC2012_val_00039345.JPEG reached epsilon at step 45, loss sum: 39.3418, final loss: 0.00099754, weight distance: 0.0032
2025-09-23 05:15:06,352 - INFO - Example /home/projects/bagon/shared/imagenet512/val/n04372370/ILSVRC2012_val_00037750.JPEG reached epsilon at step 41, loss sum: 23.9561, final loss: 0.00097942, weight distance: 0.0031
2025-09-23 05:15:09,405 - INFO - Example /home/projects/bagon/shared/imagenet512/val/n03372029/ILSVRC2012_val_00028648.JPEG reached epsilon at step 38, loss sum: 15.6908, final loss: 0.00089788, weight distance: 0.0030
2025-09-23 05:15:14,094 - INFO - Example /home/projects/bagon/shared/imagenet512/val/n04251144/ILSVRC2012_val_00035850.JPEG reached epsilon at step 68, loss sum: 90.4373, final loss: 0.00099659, weight distance: 0.0054
2025-09-23 05:15:18,044 - INFO - Example /home/projects/bagon/shared/imagenet512/val/n03026506/ILSVRC2012_val_00024373.JPEG reached epsilon at step 54, loss sum: 126.1631, final loss: 0.00098324, weight distance: 0.0037
2025-09-23 05:15:22,519 - INFO - Example /home/projects/bagon/shared/imagenet512/val/n02088364/ILSVRC2012_val_00034041.JPEG reached epsilon at step 63, loss sum: 65.5749, final loss: 0.00096416, weight distance: 0.0048
2025-09-23 05:15:25,985 - INFO - Example /home/projects/bagon/shared/imagenet512/val/n09246464/ILSVRC2012_val_00035485.JPEG reached epsilon at step 45, loss sum: 20.6551, final loss: 0.00094938, weight distance: 0.0034
2025-09-23 05:15:29,219 - INFO - Example /home/projects/bagon/shared/imagenet512/val/n04325704/ILSVRC2012_val_00021921.JPEG reached epsilon at step 41, loss sum: 15.4392, final loss: 0.00096464, weight distance: 0.0031
2025-09-23 05:15:33,992 - INFO - Example /home/projects/bagon/shared/imagenet512/val/n02443114/ILSVRC2012_val_00004999.JPEG reached epsilon at step 69, loss sum: 21.9798, final loss: 0.00095892, weight distance: 0.0058
2025-09-23 05:15:37,661 - INFO - Example /home/projects/bagon/shared/imagenet512/val/n04285008/ILSVRC2012_val_00037952.JPEG reached epsilon at step 50, loss sum: 8.5775, final loss: 0.00092554, weight distance: 0.0040
2025-09-23 05:15:40,956 - INFO - Example /home/projects/bagon/shared/imagenet512/val/n04330267/ILSVRC2012_val_00016797.JPEG reached epsilon at step 43, loss sum: 94.7830, final loss: 0.00083637, weight distance: 0.0032
2025-09-23 05:15:43,533 - INFO - Example /home/projects/bagon/shared/imagenet512/val/n03724870/ILSVRC2012_val_00022613.JPEG reached epsilon at step 28, loss sum: 4.0508, final loss: 0.00086975, weight distance: 0.0021
2025-09-23 05:15:47,268 - INFO - Example /home/projects/bagon/shared/imagenet512/val/n04330267/ILSVRC2012_val_00017468.JPEG reached epsilon at step 51, loss sum: 34.1985, final loss: 0.00098705, weight distance: 0.0036
2025-09-23 05:15:51,493 - INFO - Example /home/projects/bagon/shared/imagenet512/val/n03529860/ILSVRC2012_val_00010142.JPEG reached epsilon at step 58, loss sum: 28.6277, final loss: 0.00095606, weight distance: 0.0045
2025-09-23 05:15:55,314 - INFO - Example /home/projects/bagon/shared/imagenet512/val/n03866082/ILSVRC2012_val_00028311.JPEG reached epsilon at step 52, loss sum: 48.5607, final loss: 0.00094986, weight distance: 0.0042
2025-09-23 05:15:59,654 - INFO - Example /home/projects/bagon/shared/imagenet512/val/n02490219/ILSVRC2012_val_00024140.JPEG reached epsilon at step 62, loss sum: 41.4417, final loss: 0.00092173, weight distance: 0.0048
2025-09-23 05:16:04,006 - INFO - Example /home/projects/bagon/shared/imagenet512/val/n04238763/ILSVRC2012_val_00027531.JPEG reached epsilon at step 62, loss sum: 39.5137, final loss: 0.00096798, weight distance: 0.0043
2025-09-23 05:16:07,683 - INFO - Example /home/projects/bagon/shared/imagenet512/val/n01608432/ILSVRC2012_val_00047191.JPEG reached epsilon at step 48, loss sum: 11.7211, final loss: 0.00098705, weight distance: 0.0037
2025-09-23 05:16:11,493 - INFO - Example /home/projects/bagon/shared/imagenet512/val/n02106662/ILSVRC2012_val_00002012.JPEG reached epsilon at step 52, loss sum: 34.2859, final loss: 0.00096369, weight distance: 0.0042
2025-09-23 05:16:15,596 - INFO - Example /home/projects/bagon/shared/imagenet512/val/n02114855/ILSVRC2012_val_00036324.JPEG reached epsilon at step 58, loss sum: 29.4132, final loss: 0.00087357, weight distance: 0.0047
2025-09-23 05:16:18,370 - INFO - Example /home/projects/bagon/shared/imagenet512/val/n03884397/ILSVRC2012_val_00045373.JPEG reached epsilon at step 32, loss sum: 1.2513, final loss: 0.00095654, weight distance: 0.0024
2025-09-23 05:16:22,735 - INFO - Example /home/projects/bagon/shared/imagenet512/val/n01734418/ILSVRC2012_val_00031885.JPEG reached epsilon at step 62, loss sum: 25.8092, final loss: 0.00098705, weight distance: 0.0045
2025-09-23 05:16:26,652 - INFO - Example /home/projects/bagon/shared/imagenet512/val/n02794156/ILSVRC2012_val_00005441.JPEG reached epsilon at step 53, loss sum: 38.4130, final loss: 0.00092506, weight distance: 0.0040
2025-09-23 05:16:30,091 - INFO - Example /home/projects/bagon/shared/imagenet512/val/n03930313/ILSVRC2012_val_00042364.JPEG reached epsilon at step 44, loss sum: 14.4195, final loss: 0.00091410, weight distance: 0.0033
2025-09-23 05:16:34,275 - INFO - Example /home/projects/bagon/shared/imagenet512/val/n02113624/ILSVRC2012_val_00005820.JPEG reached epsilon at step 59, loss sum: 33.7281, final loss: 0.00089741, weight distance: 0.0048
2025-09-23 05:16:38,309 - INFO - Example /home/projects/bagon/shared/imagenet512/val/n04380533/ILSVRC2012_val_00038461.JPEG reached epsilon at step 56, loss sum: 60.0836, final loss: 0.00091124, weight distance: 0.0043
2025-09-23 05:16:41,536 - INFO - Example /home/projects/bagon/shared/imagenet512/val/n03666591/ILSVRC2012_val_00003417.JPEG reached epsilon at step 40, loss sum: 34.4609, final loss: 0.00083590, weight distance: 0.0032
2025-09-23 05:16:45,809 - INFO - Example /home/projects/bagon/shared/imagenet512/val/n01744401/ILSVRC2012_val_00016821.JPEG reached epsilon at step 61, loss sum: 128.8879, final loss: 0.00098801, weight distance: 0.0046
2025-09-23 05:16:49,629 - INFO - Example /home/projects/bagon/shared/imagenet512/val/n03476991/ILSVRC2012_val_00035008.JPEG reached epsilon at step 53, loss sum: 38.9392, final loss: 0.00092840, weight distance: 0.0042
2025-09-23 05:16:53,081 - INFO - Example /home/projects/bagon/shared/imagenet512/val/n02133161/ILSVRC2012_val_00016621.JPEG reached epsilon at step 44, loss sum: 1.4148, final loss: 0.00094366, weight distance: 0.0039
2025-09-23 05:16:56,623 - INFO - Example /home/projects/bagon/shared/imagenet512/val/n03372029/ILSVRC2012_val_00012821.JPEG reached epsilon at step 47, loss sum: 20.4652, final loss: 0.00098324, weight distance: 0.0032
2025-09-23 05:16:59,854 - INFO - Example /home/projects/bagon/shared/imagenet512/val/n02895154/ILSVRC2012_val_00046195.JPEG reached epsilon at step 42, loss sum: 7.4794, final loss: 0.00091124, weight distance: 0.0033
2025-09-23 05:17:03,719 - INFO - Example /home/projects/bagon/shared/imagenet512/val/n03016953/ILSVRC2012_val_00033266.JPEG reached epsilon at step 52, loss sum: 17.6132, final loss: 0.00097942, weight distance: 0.0040
2025-09-23 05:17:06,923 - INFO - Example /home/projects/bagon/shared/imagenet512/val/n04597913/ILSVRC2012_val_00026727.JPEG reached epsilon at step 42, loss sum: 33.4547, final loss: 0.00090170, weight distance: 0.0033
2025-09-23 05:17:09,304 - INFO - Example /home/projects/bagon/shared/imagenet512/val/n04461696/ILSVRC2012_val_00022323.JPEG reached epsilon at step 24, loss sum: 1.4545, final loss: 0.00089598, weight distance: 0.0019
2025-09-23 05:17:12,234 - INFO - Example /home/projects/bagon/shared/imagenet512/val/n03447721/ILSVRC2012_val_00001400.JPEG reached epsilon at step 37, loss sum: 24.9580, final loss: 0.00095415, weight distance: 0.0026
2025-09-23 05:17:15,799 - INFO - Example /home/projects/bagon/shared/imagenet512/val/n09229709/ILSVRC2012_val_00029026.JPEG reached epsilon at step 47, loss sum: 8.5896, final loss: 0.00097275, weight distance: 0.0032
2025-09-23 05:17:19,384 - INFO - Example /home/projects/bagon/shared/imagenet512/val/n02113023/ILSVRC2012_val_00049215.JPEG reached epsilon at step 48, loss sum: 22.3249, final loss: 0.00091648, weight distance: 0.0038
2025-09-23 05:17:23,394 - INFO - Example /home/projects/bagon/shared/imagenet512/val/n03535780/ILSVRC2012_val_00017778.JPEG reached epsilon at step 56, loss sum: 27.4598, final loss: 0.00094557, weight distance: 0.0043
2025-09-23 05:17:27,119 - INFO - Example /home/projects/bagon/shared/imagenet512/val/n07932039/ILSVRC2012_val_00030298.JPEG reached epsilon at step 49, loss sum: 26.0247, final loss: 0.00093937, weight distance: 0.0041
2025-09-23 05:17:30,730 - INFO - Example /home/projects/bagon/shared/imagenet512/val/n03075370/ILSVRC2012_val_00032920.JPEG reached epsilon at step 49, loss sum: 23.9431, final loss: 0.00095940, weight distance: 0.0037
2025-09-23 05:17:33,832 - INFO - Example /home/projects/bagon/shared/imagenet512/val/n01871265/ILSVRC2012_val_00038632.JPEG reached epsilon at step 39, loss sum: 13.9263, final loss: 0.00094509, weight distance: 0.0030
2025-09-23 05:17:37,343 - INFO - Example /home/projects/bagon/shared/imagenet512/val/n04442312/ILSVRC2012_val_00049467.JPEG reached epsilon at step 46, loss sum: 7.4668, final loss: 0.00090647, weight distance: 0.0035
2025-09-23 05:17:40,703 - INFO - Example /home/projects/bagon/shared/imagenet512/val/n15075141/ILSVRC2012_val_00002663.JPEG reached epsilon at step 45, loss sum: 55.4038, final loss: 0.00089025, weight distance: 0.0032
2025-09-23 05:17:44,531 - INFO - Example /home/projects/bagon/shared/imagenet512/val/n02869837/ILSVRC2012_val_00025125.JPEG reached epsilon at step 51, loss sum: 14.5605, final loss: 0.00098419, weight distance: 0.0037
2025-09-23 05:17:48,990 - INFO - Example /home/projects/bagon/shared/imagenet512/val/n04371774/ILSVRC2012_val_00012257.JPEG reached epsilon at step 64, loss sum: 69.5157, final loss: 0.00093126, weight distance: 0.0050
2025-09-23 05:17:53,391 - INFO - Example /home/projects/bagon/shared/imagenet512/val/n02110185/ILSVRC2012_val_00012604.JPEG reached epsilon at step 62, loss sum: 14.8480, final loss: 0.00096226, weight distance: 0.0051
2025-09-23 05:17:57,303 - INFO - Example /home/projects/bagon/shared/imagenet512/val/n02895154/ILSVRC2012_val_00030532.JPEG reached epsilon at step 53, loss sum: 19.9341, final loss: 0.00095844, weight distance: 0.0042
2025-09-23 05:18:01,615 - INFO - Example /home/projects/bagon/shared/imagenet512/val/n01807496/ILSVRC2012_val_00036552.JPEG reached epsilon at step 61, loss sum: 20.3226, final loss: 0.00095844, weight distance: 0.0045
2025-09-23 05:18:04,603 - INFO - Example /home/projects/bagon/shared/imagenet512/val/n07932039/ILSVRC2012_val_00027665.JPEG reached epsilon at step 37, loss sum: 29.2984, final loss: 0.00087881, weight distance: 0.0029
2025-09-23 05:18:09,017 - INFO - Example /home/projects/bagon/shared/imagenet512/val/n03000134/ILSVRC2012_val_00022377.JPEG reached epsilon at step 61, loss sum: 76.2732, final loss: 0.00098705, weight distance: 0.0040
2025-09-23 05:18:13,675 - INFO - Example /home/projects/bagon/shared/imagenet512/val/n03721384/ILSVRC2012_val_00031471.JPEG reached epsilon at step 68, loss sum: 28.1233, final loss: 0.00095654, weight distance: 0.0048
2025-09-23 05:18:17,153 - INFO - Example /home/projects/bagon/shared/imagenet512/val/n01491361/ILSVRC2012_val_00010074.JPEG reached epsilon at step 47, loss sum: 12.9600, final loss: 0.00095224, weight distance: 0.0035
2025-09-23 05:18:20,328 - INFO - Example /home/projects/bagon/shared/imagenet512/val/n03843555/ILSVRC2012_val_00047376.JPEG reached epsilon at step 41, loss sum: 25.7834, final loss: 0.00086164, weight distance: 0.0032
2025-09-23 05:18:23,801 - INFO - Example /home/projects/bagon/shared/imagenet512/val/n04604644/ILSVRC2012_val_00019440.JPEG reached epsilon at step 47, loss sum: 14.7881, final loss: 0.00093174, weight distance: 0.0036
2025-09-23 05:18:28,205 - INFO - Example /home/projects/bagon/shared/imagenet512/val/n11879895/ILSVRC2012_val_00003367.JPEG reached epsilon at step 62, loss sum: 14.0025, final loss: 0.00097847, weight distance: 0.0041
2025-09-23 05:18:31,178 - INFO - Example /home/projects/bagon/shared/imagenet512/val/n02109047/ILSVRC2012_val_00024275.JPEG reached epsilon at step 35, loss sum: 52.1375, final loss: 0.00088787, weight distance: 0.0025
2025-09-23 05:18:34,012 - INFO - Example /home/projects/bagon/shared/imagenet512/val/n03498962/ILSVRC2012_val_00034911.JPEG reached epsilon at step 34, loss sum: 5.3333, final loss: 0.00085211, weight distance: 0.0027
2025-09-23 05:18:37,674 - INFO - Example /home/projects/bagon/shared/imagenet512/val/n04263257/ILSVRC2012_val_00029821.JPEG reached epsilon at step 48, loss sum: 14.3731, final loss: 0.00093699, weight distance: 0.0038
2025-09-23 05:18:42,913 - INFO - Example /home/projects/bagon/shared/imagenet512/val/n04209133/ILSVRC2012_val_00013723.JPEG reached epsilon at step 77, loss sum: 148.9910, final loss: 0.00097275, weight distance: 0.0059
2025-09-23 05:18:46,831 - INFO - Example /home/projects/bagon/shared/imagenet512/val/n04357314/ILSVRC2012_val_00007823.JPEG reached epsilon at step 54, loss sum: 19.9537, final loss: 0.00089455, weight distance: 0.0044
2025-09-23 05:18:49,785 - INFO - Example /home/projects/bagon/shared/imagenet512/val/n02747177/ILSVRC2012_val_00041165.JPEG reached epsilon at step 34, loss sum: 4.2689, final loss: 0.00092506, weight distance: 0.0026
2025-09-23 05:18:53,933 - INFO - Example /home/projects/bagon/shared/imagenet512/val/n07718747/ILSVRC2012_val_00007247.JPEG reached epsilon at step 58, loss sum: 24.6096, final loss: 0.00094080, weight distance: 0.0041
2025-09-23 05:18:58,058 - INFO - Example /home/projects/bagon/shared/imagenet512/val/n04141327/ILSVRC2012_val_00027852.JPEG reached epsilon at step 58, loss sum: 71.4776, final loss: 0.00095415, weight distance: 0.0046
2025-09-23 05:19:01,550 - INFO - Example /home/projects/bagon/shared/imagenet512/val/n03658185/ILSVRC2012_val_00010684.JPEG reached epsilon at step 45, loss sum: 12.4429, final loss: 0.00098610, weight distance: 0.0037
2025-09-23 05:19:04,195 - INFO - Example /home/projects/bagon/shared/imagenet512/val/n02747177/ILSVRC2012_val_00006617.JPEG reached epsilon at step 31, loss sum: 3.4596, final loss: 0.00098801, weight distance: 0.0024
2025-09-23 05:19:07,414 - INFO - Example /home/projects/bagon/shared/imagenet512/val/n02493509/ILSVRC2012_val_00014782.JPEG reached epsilon at step 41, loss sum: 47.0450, final loss: 0.00087214, weight distance: 0.0032
2025-09-23 05:19:12,639 - INFO - Example /home/projects/bagon/shared/imagenet512/val/n03633091/ILSVRC2012_val_00011185.JPEG reached epsilon at step 78, loss sum: 126.7819, final loss: 0.00091362, weight distance: 0.0062
2025-09-23 05:19:16,392 - INFO - Example /home/projects/bagon/shared/imagenet512/val/n01824575/ILSVRC2012_val_00018318.JPEG reached epsilon at step 52, loss sum: 29.5536, final loss: 0.00092793, weight distance: 0.0039
2025-09-23 05:19:20,296 - INFO - Example /home/projects/bagon/shared/imagenet512/val/n02108551/ILSVRC2012_val_00029976.JPEG reached epsilon at step 53, loss sum: 76.2804, final loss: 0.00090981, weight distance: 0.0042
2025-09-23 05:19:24,377 - INFO - Example /home/projects/bagon/shared/imagenet512/val/n04505470/ILSVRC2012_val_00036727.JPEG reached epsilon at step 56, loss sum: 14.0803, final loss: 0.00095463, weight distance: 0.0045
2025-09-23 05:19:27,574 - INFO - Example /home/projects/bagon/shared/imagenet512/val/n03481172/ILSVRC2012_val_00032084.JPEG reached epsilon at step 41, loss sum: 35.4056, final loss: 0.00097513, weight distance: 0.0030
2025-09-23 05:19:31,872 - INFO - Example /home/projects/bagon/shared/imagenet512/val/n02672831/ILSVRC2012_val_00046265.JPEG reached epsilon at step 62, loss sum: 55.4477, final loss: 0.00092125, weight distance: 0.0049
2025-09-23 05:19:35,924 - INFO - Example /home/projects/bagon/shared/imagenet512/val/n03494278/ILSVRC2012_val_00018302.JPEG reached epsilon at step 58, loss sum: 63.8311, final loss: 0.00097942, weight distance: 0.0046
2025-09-23 05:19:39,513 - INFO - Example /home/projects/bagon/shared/imagenet512/val/n02640242/ILSVRC2012_val_00042544.JPEG reached epsilon at step 50, loss sum: 22.1510, final loss: 0.00094080, weight distance: 0.0037
2025-09-23 05:19:42,361 - INFO - Example /home/projects/bagon/shared/imagenet512/val/n01950731/ILSVRC2012_val_00036188.JPEG reached epsilon at step 36, loss sum: 16.2501, final loss: 0.00097752, weight distance: 0.0024
2025-09-23 05:19:45,781 - INFO - Example /home/projects/bagon/shared/imagenet512/val/n04336792/ILSVRC2012_val_00001196.JPEG reached epsilon at step 47, loss sum: 31.7538, final loss: 0.00085640, weight distance: 0.0037
2025-09-23 05:19:49,780 - INFO - Example /home/projects/bagon/shared/imagenet512/val/n01693334/ILSVRC2012_val_00041769.JPEG reached epsilon at step 58, loss sum: 9.0782, final loss: 0.00094604, weight distance: 0.0045
2025-09-23 05:19:54,248 - INFO - Example /home/projects/bagon/shared/imagenet512/val/n01748264/ILSVRC2012_val_00036217.JPEG reached epsilon at step 66, loss sum: 103.5591, final loss: 0.00095177, weight distance: 0.0049
2025-09-23 05:19:57,783 - INFO - Example /home/projects/bagon/shared/imagenet512/val/n02090721/ILSVRC2012_val_00017041.JPEG reached epsilon at step 49, loss sum: 33.0573, final loss: 0.00096321, weight distance: 0.0039
2025-09-23 05:20:01,899 - INFO - Example /home/projects/bagon/shared/imagenet512/val/n02927161/ILSVRC2012_val_00044970.JPEG reached epsilon at step 60, loss sum: 12.6177, final loss: 0.00096464, weight distance: 0.0045
2025-09-23 05:20:04,943 - INFO - Example /home/projects/bagon/shared/imagenet512/val/n02797295/ILSVRC2012_val_00018522.JPEG reached epsilon at step 40, loss sum: 6.4774, final loss: 0.00091457, weight distance: 0.0029
2025-09-23 05:20:08,827 - INFO - Example /home/projects/bagon/shared/imagenet512/val/n02085936/ILSVRC2012_val_00039146.JPEG reached epsilon at step 55, loss sum: 49.1069, final loss: 0.00098324, weight distance: 0.0041
2025-09-23 05:20:13,018 - INFO - Example /home/projects/bagon/shared/imagenet512/val/n01532829/ILSVRC2012_val_00007129.JPEG reached epsilon at step 62, loss sum: 42.0744, final loss: 0.00099182, weight distance: 0.0043
2025-09-23 05:20:16,625 - INFO - Example /home/projects/bagon/shared/imagenet512/val/n06596364/ILSVRC2012_val_00030390.JPEG reached epsilon at step 51, loss sum: 29.7362, final loss: 0.00090599, weight distance: 0.0038
2025-09-23 05:20:20,606 - INFO - Example /home/projects/bagon/shared/imagenet512/val/n02102480/ILSVRC2012_val_00046700.JPEG reached epsilon at step 57, loss sum: 42.3023, final loss: 0.00094080, weight distance: 0.0044
2025-09-23 05:20:24,671 - INFO - Example /home/projects/bagon/shared/imagenet512/val/n04275548/ILSVRC2012_val_00040594.JPEG reached epsilon at step 59, loss sum: 14.2434, final loss: 0.00093031, weight distance: 0.0042
2025-09-23 05:20:27,952 - INFO - Example /home/projects/bagon/shared/imagenet512/val/n04200800/ILSVRC2012_val_00049275.JPEG reached epsilon at step 44, loss sum: 10.6016, final loss: 0.00093174, weight distance: 0.0035
2025-09-23 05:20:30,933 - INFO - Example /home/projects/bagon/shared/imagenet512/val/n01740131/ILSVRC2012_val_00004587.JPEG reached epsilon at step 39, loss sum: 15.8795, final loss: 0.00091362, weight distance: 0.0028
2025-09-23 05:20:33,489 - INFO - Example /home/projects/bagon/shared/imagenet512/val/n04023962/ILSVRC2012_val_00032748.JPEG reached epsilon at step 31, loss sum: 2.8526, final loss: 0.00093269, weight distance: 0.0024
2025-09-23 05:20:36,810 - INFO - Example /home/projects/bagon/shared/imagenet512/val/n03781244/ILSVRC2012_val_00032245.JPEG reached epsilon at step 44, loss sum: 23.4028, final loss: 0.00083923, weight distance: 0.0034
2025-09-23 05:20:41,184 - INFO - Example /home/projects/bagon/shared/imagenet512/val/n02101388/ILSVRC2012_val_00015972.JPEG reached epsilon at step 60, loss sum: 81.8185, final loss: 0.00094557, weight distance: 0.0046
2025-09-23 05:20:44,736 - INFO - Example /home/projects/bagon/shared/imagenet512/val/n04265275/ILSVRC2012_val_00022558.JPEG reached epsilon at step 48, loss sum: 13.7805, final loss: 0.00095654, weight distance: 0.0039
2025-09-23 05:20:47,464 - INFO - Example /home/projects/bagon/shared/imagenet512/val/n02098413/ILSVRC2012_val_00011063.JPEG reached epsilon at step 34, loss sum: 4.9672, final loss: 0.00084925, weight distance: 0.0026
2025-09-23 05:20:51,487 - INFO - Example /home/projects/bagon/shared/imagenet512/val/n01944390/ILSVRC2012_val_00019782.JPEG reached epsilon at step 59, loss sum: 75.2540, final loss: 0.00094557, weight distance: 0.0046
2025-09-23 05:20:54,322 - INFO - Example /home/projects/bagon/shared/imagenet512/val/n02930766/ILSVRC2012_val_00031878.JPEG reached epsilon at step 37, loss sum: 32.1889, final loss: 0.00097656, weight distance: 0.0028
2025-09-23 05:20:58,228 - INFO - Example /home/projects/bagon/shared/imagenet512/val/n01944390/ILSVRC2012_val_00009202.JPEG reached epsilon at step 57, loss sum: 65.1234, final loss: 0.00095749, weight distance: 0.0044
2025-09-23 05:21:02,154 - INFO - Example /home/projects/bagon/shared/imagenet512/val/n03874599/ILSVRC2012_val_00023222.JPEG reached epsilon at step 57, loss sum: 64.9251, final loss: 0.00094366, weight distance: 0.0039
2025-09-23 05:21:04,850 - INFO - Example /home/projects/bagon/shared/imagenet512/val/n04131690/ILSVRC2012_val_00041903.JPEG reached epsilon at step 34, loss sum: 0.7718, final loss: 0.00090075, weight distance: 0.0027
2025-09-23 05:21:08,079 - INFO - Example /home/projects/bagon/shared/imagenet512/val/n02105056/ILSVRC2012_val_00038674.JPEG reached epsilon at step 43, loss sum: 21.6261, final loss: 0.00086546, weight distance: 0.0034
2025-09-23 05:21:12,070 - INFO - Example /home/projects/bagon/shared/imagenet512/val/n03249569/ILSVRC2012_val_00021326.JPEG reached epsilon at step 58, loss sum: 50.2676, final loss: 0.00094366, weight distance: 0.0044
2025-09-23 05:21:14,907 - INFO - Example /home/projects/bagon/shared/imagenet512/val/n04584207/ILSVRC2012_val_00000854.JPEG reached epsilon at step 37, loss sum: 5.2375, final loss: 0.00090456, weight distance: 0.0028
2025-09-23 05:21:18,499 - INFO - Example /home/projects/bagon/shared/imagenet512/val/n01692333/ILSVRC2012_val_00006500.JPEG reached epsilon at step 51, loss sum: 50.6500, final loss: 0.00091743, weight distance: 0.0033
2025-09-23 05:21:22,202 - INFO - Example /home/projects/bagon/shared/imagenet512/val/n02808440/ILSVRC2012_val_00033910.JPEG reached epsilon at step 53, loss sum: 5.9045, final loss: 0.00096369, weight distance: 0.0044
2025-09-23 05:21:25,709 - INFO - Example /home/projects/bagon/shared/imagenet512/val/n03769881/ILSVRC2012_val_00032382.JPEG reached epsilon at step 50, loss sum: 53.3344, final loss: 0.00083733, weight distance: 0.0039
2025-09-23 05:21:28,929 - INFO - Example /home/projects/bagon/shared/imagenet512/val/n04548362/ILSVRC2012_val_00005044.JPEG reached epsilon at step 44, loss sum: 61.4917, final loss: 0.00083542, weight distance: 0.0036
2025-09-23 05:21:32,661 - INFO - Example /home/projects/bagon/shared/imagenet512/val/n02105412/ILSVRC2012_val_00042144.JPEG reached epsilon at step 53, loss sum: 75.9594, final loss: 0.00094748, weight distance: 0.0044
2025-09-23 05:21:35,975 - INFO - Example /home/projects/bagon/shared/imagenet512/val/n03690938/ILSVRC2012_val_00041882.JPEG reached epsilon at step 46, loss sum: 3.9610, final loss: 0.00099659, weight distance: 0.0037
2025-09-23 05:21:39,085 - INFO - Example /home/projects/bagon/shared/imagenet512/val/n02667093/ILSVRC2012_val_00005439.JPEG reached epsilon at step 42, loss sum: 7.6243, final loss: 0.00098419, weight distance: 0.0030
2025-09-23 05:21:42,446 - INFO - Example /home/projects/bagon/shared/imagenet512/val/n03417042/ILSVRC2012_val_00032800.JPEG reached epsilon at step 47, loss sum: 67.0859, final loss: 0.00093269, weight distance: 0.0035
2025-09-23 05:21:46,797 - INFO - Example /home/projects/bagon/shared/imagenet512/val/n02412080/ILSVRC2012_val_00036891.JPEG reached epsilon at step 66, loss sum: 13.7143, final loss: 0.00097132, weight distance: 0.0053
2025-09-23 05:21:50,968 - INFO - Example /home/projects/bagon/shared/imagenet512/val/n03657121/ILSVRC2012_val_00018182.JPEG reached epsilon at step 62, loss sum: 33.0845, final loss: 0.00097942, weight distance: 0.0050
2025-09-23 05:21:54,444 - INFO - Example /home/projects/bagon/shared/imagenet512/val/n02795169/ILSVRC2012_val_00014204.JPEG reached epsilon at step 49, loss sum: 30.6908, final loss: 0.00099468, weight distance: 0.0034
2025-09-23 05:21:58,123 - INFO - Example /home/projects/bagon/shared/imagenet512/val/n07693725/ILSVRC2012_val_00007322.JPEG reached epsilon at step 53, loss sum: 131.2773, final loss: 0.00092793, weight distance: 0.0041
2025-09-23 05:22:01,597 - INFO - Example /home/projects/bagon/shared/imagenet512/val/n02172182/ILSVRC2012_val_00021314.JPEG reached epsilon at step 49, loss sum: 4.9331, final loss: 0.00095463, weight distance: 0.0037
2025-09-23 05:22:04,848 - INFO - Example /home/projects/bagon/shared/imagenet512/val/n03843555/ILSVRC2012_val_00018387.JPEG reached epsilon at step 45, loss sum: 75.3039, final loss: 0.00079393, weight distance: 0.0036
2025-09-23 05:22:08,805 - INFO - Example /home/projects/bagon/shared/imagenet512/val/n03832673/ILSVRC2012_val_00006899.JPEG reached epsilon at step 57, loss sum: 13.5095, final loss: 0.00092983, weight distance: 0.0046
2025-09-23 05:22:12,125 - INFO - Example /home/projects/bagon/shared/imagenet512/val/n02814860/ILSVRC2012_val_00036801.JPEG reached epsilon at step 46, loss sum: 2.6203, final loss: 0.00098801, weight distance: 0.0038
2025-09-23 05:22:14,989 - INFO - Example /home/projects/bagon/shared/imagenet512/val/n04070727/ILSVRC2012_val_00039593.JPEG reached epsilon at step 38, loss sum: 1.7488, final loss: 0.00099468, weight distance: 0.0030
2025-09-23 05:22:18,271 - INFO - Example /home/projects/bagon/shared/imagenet512/val/n13133613/ILSVRC2012_val_00046115.JPEG reached epsilon at step 45, loss sum: 8.3933, final loss: 0.00096560, weight distance: 0.0037
2025-09-23 05:22:21,828 - INFO - Example /home/projects/bagon/shared/imagenet512/val/n07745940/ILSVRC2012_val_00019253.JPEG reached epsilon at step 50, loss sum: 41.7872, final loss: 0.00097084, weight distance: 0.0037
2025-09-23 05:22:25,517 - INFO - Example /home/projects/bagon/shared/imagenet512/val/n03223299/ILSVRC2012_val_00026334.JPEG reached epsilon at step 53, loss sum: 74.4672, final loss: 0.00095224, weight distance: 0.0035
2025-09-23 05:22:28,849 - INFO - Example /home/projects/bagon/shared/imagenet512/val/n04584207/ILSVRC2012_val_00036677.JPEG reached epsilon at step 46, loss sum: 10.5844, final loss: 0.00097370, weight distance: 0.0034
2025-09-23 05:22:33,528 - INFO - Example /home/projects/bagon/shared/imagenet512/val/n03868242/ILSVRC2012_val_00039238.JPEG reached epsilon at step 70, loss sum: 36.9684, final loss: 0.00096321, weight distance: 0.0053
2025-09-23 05:22:37,309 - INFO - Example /home/projects/bagon/shared/imagenet512/val/n02066245/ILSVRC2012_val_00033405.JPEG reached epsilon at step 55, loss sum: 32.3301, final loss: 0.00096226, weight distance: 0.0041
2025-09-23 05:22:41,456 - INFO - Example /home/projects/bagon/shared/imagenet512/val/n03954731/ILSVRC2012_val_00037755.JPEG reached epsilon at step 58, loss sum: 38.8681, final loss: 0.00097227, weight distance: 0.0041
2025-09-23 05:22:45,594 - INFO - Example /home/projects/bagon/shared/imagenet512/val/n07697313/ILSVRC2012_val_00024158.JPEG reached epsilon at step 61, loss sum: 25.4975, final loss: 0.00097847, weight distance: 0.0043
2025-09-23 05:22:48,733 - INFO - Example /home/projects/bagon/shared/imagenet512/val/n09428293/ILSVRC2012_val_00036398.JPEG reached epsilon at step 42, loss sum: 20.5161, final loss: 0.00089550, weight distance: 0.0032
2025-09-23 05:22:51,799 - INFO - Example /home/projects/bagon/shared/imagenet512/val/n02087394/ILSVRC2012_val_00043252.JPEG reached epsilon at step 41, loss sum: 7.5928, final loss: 0.00096273, weight distance: 0.0031
2025-09-23 05:22:55,049 - INFO - Example /home/projects/bagon/shared/imagenet512/val/n03443371/ILSVRC2012_val_00034645.JPEG reached epsilon at step 45, loss sum: 20.6586, final loss: 0.00092030, weight distance: 0.0034
2025-09-23 05:22:57,963 - INFO - Example /home/projects/bagon/shared/imagenet512/val/n03481172/ILSVRC2012_val_00045142.JPEG reached epsilon at step 38, loss sum: 9.1991, final loss: 0.00086069, weight distance: 0.0029
2025-09-23 05:23:01,480 - INFO - Example /home/projects/bagon/shared/imagenet512/val/n02795169/ILSVRC2012_val_00001883.JPEG reached epsilon at step 50, loss sum: 9.6102, final loss: 0.00096512, weight distance: 0.0040
2025-09-23 05:23:06,148 - INFO - Example /home/projects/bagon/shared/imagenet512/val/n03594945/ILSVRC2012_val_00025990.JPEG reached epsilon at step 71, loss sum: 39.7684, final loss: 0.00091791, weight distance: 0.0050
2025-09-23 05:23:09,371 - INFO - Example /home/projects/bagon/shared/imagenet512/val/n04525038/ILSVRC2012_val_00005602.JPEG reached epsilon at step 44, loss sum: 87.0230, final loss: 0.00087786, weight distance: 0.0033
2025-09-23 05:23:12,464 - INFO - Example /home/projects/bagon/shared/imagenet512/val/n02091635/ILSVRC2012_val_00037347.JPEG reached epsilon at step 42, loss sum: 22.7297, final loss: 0.00088787, weight distance: 0.0032
2025-09-23 05:23:16,654 - INFO - Example /home/projects/bagon/shared/imagenet512/val/n03476991/ILSVRC2012_val_00028034.JPEG reached epsilon at step 63, loss sum: 123.3308, final loss: 0.00093508, weight distance: 0.0049
2025-09-23 05:23:19,620 - INFO - Example /home/projects/bagon/shared/imagenet512/val/n03633091/ILSVRC2012_val_00036758.JPEG reached epsilon at step 38, loss sum: 22.0346, final loss: 0.00084925, weight distance: 0.0030
2025-09-23 05:23:23,900 - INFO - Example /home/projects/bagon/shared/imagenet512/val/n02105505/ILSVRC2012_val_00032099.JPEG reached epsilon at step 64, loss sum: 42.6281, final loss: 0.00097656, weight distance: 0.0049
2025-09-23 05:23:28,787 - INFO - Example /home/projects/bagon/shared/imagenet512/val/n04350905/ILSVRC2012_val_00038098.JPEG reached epsilon at step 76, loss sum: 55.2558, final loss: 0.00099564, weight distance: 0.0054
2025-09-23 05:23:32,704 - INFO - Example /home/projects/bagon/shared/imagenet512/val/n09332890/ILSVRC2012_val_00022291.JPEG reached epsilon at step 56, loss sum: 42.6664, final loss: 0.00097370, weight distance: 0.0043
2025-09-23 05:23:36,345 - INFO - Example /home/projects/bagon/shared/imagenet512/val/n04591713/ILSVRC2012_val_00048602.JPEG reached epsilon at step 52, loss sum: 8.7331, final loss: 0.00091410, weight distance: 0.0040
2025-09-23 05:23:39,510 - INFO - Example /home/projects/bagon/shared/imagenet512/val/n03100240/ILSVRC2012_val_00020673.JPEG reached epsilon at step 43, loss sum: 20.0941, final loss: 0.00097227, weight distance: 0.0035
2025-09-23 05:23:43,878 - INFO - Example /home/projects/bagon/shared/imagenet512/val/n04487394/ILSVRC2012_val_00000146.JPEG reached epsilon at step 66, loss sum: 13.8277, final loss: 0.00093079, weight distance: 0.0051
2025-09-23 05:23:47,300 - INFO - Example /home/projects/bagon/shared/imagenet512/val/n03804744/ILSVRC2012_val_00024466.JPEG reached epsilon at step 48, loss sum: 74.3081, final loss: 0.00086689, weight distance: 0.0033
2025-09-23 05:23:50,976 - INFO - Example /home/projects/bagon/shared/imagenet512/val/n07860988/ILSVRC2012_val_00026243.JPEG reached epsilon at step 53, loss sum: 55.5336, final loss: 0.00091600, weight distance: 0.0038
2025-09-23 05:23:55,604 - INFO - Example /home/projects/bagon/shared/imagenet512/val/n02177972/ILSVRC2012_val_00044760.JPEG reached epsilon at step 71, loss sum: 72.4452, final loss: 0.00091028, weight distance: 0.0052
2025-09-23 05:23:59,387 - INFO - Example /home/projects/bagon/shared/imagenet512/val/n01980166/ILSVRC2012_val_00038606.JPEG reached epsilon at step 55, loss sum: 31.1622, final loss: 0.00094032, weight distance: 0.0038
2025-09-23 05:24:02,174 - INFO - Example /home/projects/bagon/shared/imagenet512/val/n04443257/ILSVRC2012_val_00046294.JPEG reached epsilon at step 36, loss sum: 5.4030, final loss: 0.00093699, weight distance: 0.0027
2025-09-23 05:24:05,598 - INFO - Example /home/projects/bagon/shared/imagenet512/val/n03873416/ILSVRC2012_val_00003470.JPEG reached epsilon at step 48, loss sum: 38.2509, final loss: 0.00085068, weight distance: 0.0037
2025-09-23 05:24:08,091 - INFO - Example /home/projects/bagon/shared/imagenet512/val/n03721384/ILSVRC2012_val_00019692.JPEG reached epsilon at step 30, loss sum: 0.3788, final loss: 0.00094032, weight distance: 0.0025
2025-09-23 05:24:11,517 - INFO - Example /home/projects/bagon/shared/imagenet512/val/n02110958/ILSVRC2012_val_00038637.JPEG reached epsilon at step 48, loss sum: 63.1537, final loss: 0.00095463, weight distance: 0.0035
2025-09-23 05:24:14,555 - INFO - Example /home/projects/bagon/shared/imagenet512/val/n02871525/ILSVRC2012_val_00027303.JPEG reached epsilon at step 41, loss sum: 51.2439, final loss: 0.00091219, weight distance: 0.0029
2025-09-23 05:24:17,224 - INFO - Example /home/projects/bagon/shared/imagenet512/val/n04270147/ILSVRC2012_val_00004044.JPEG reached epsilon at step 33, loss sum: 9.8717, final loss: 0.00090504, weight distance: 0.0025
2025-09-23 05:24:20,509 - INFO - Example /home/projects/bagon/shared/imagenet512/val/n02111277/ILSVRC2012_val_00044206.JPEG reached epsilon at step 45, loss sum: 29.8261, final loss: 0.00093317, weight distance: 0.0032
2025-09-23 05:24:23,734 - INFO - Example /home/projects/bagon/shared/imagenet512/val/n03450230/ILSVRC2012_val_00024207.JPEG reached epsilon at step 44, loss sum: 13.9183, final loss: 0.00089979, weight distance: 0.0033
2025-09-23 05:24:26,616 - INFO - Example /home/projects/bagon/shared/imagenet512/val/n07718472/ILSVRC2012_val_00038547.JPEG reached epsilon at step 38, loss sum: 10.5606, final loss: 0.00096273, weight distance: 0.0030
2025-09-23 05:24:30,525 - INFO - Example /home/projects/bagon/shared/imagenet512/val/n03443371/ILSVRC2012_val_00011666.JPEG reached epsilon at step 57, loss sum: 72.9489, final loss: 0.00095510, weight distance: 0.0046
2025-09-23 05:24:33,802 - INFO - Example /home/projects/bagon/shared/imagenet512/val/n02074367/ILSVRC2012_val_00030029.JPEG reached epsilon at step 45, loss sum: 72.9229, final loss: 0.00091982, weight distance: 0.0030
2025-09-23 05:24:37,215 - INFO - Example /home/projects/bagon/shared/imagenet512/val/n01749939/ILSVRC2012_val_00025938.JPEG reached epsilon at step 48, loss sum: 46.3608, final loss: 0.00094223, weight distance: 0.0038
2025-09-23 05:24:40,281 - INFO - Example /home/projects/bagon/shared/imagenet512/val/n04606251/ILSVRC2012_val_00041464.JPEG reached epsilon at step 41, loss sum: 31.6425, final loss: 0.00099087, weight distance: 0.0028
2025-09-23 05:24:43,756 - INFO - Example /home/projects/bagon/shared/imagenet512/val/n03594734/ILSVRC2012_val_00013960.JPEG reached epsilon at step 48, loss sum: 18.2226, final loss: 0.00086308, weight distance: 0.0039
2025-09-23 05:24:46,625 - INFO - Example /home/projects/bagon/shared/imagenet512/val/n03769881/ILSVRC2012_val_00000314.JPEG reached epsilon at step 37, loss sum: 18.0989, final loss: 0.00092793, weight distance: 0.0029
2025-09-23 05:24:49,939 - INFO - Example /home/projects/bagon/shared/imagenet512/val/n04039381/ILSVRC2012_val_00033869.JPEG reached epsilon at step 44, loss sum: 12.7976, final loss: 0.00089169, weight distance: 0.0033
2025-09-23 05:24:54,133 - INFO - Example /home/projects/bagon/shared/imagenet512/val/n02114855/ILSVRC2012_val_00031197.JPEG reached epsilon at step 62, loss sum: 44.5930, final loss: 0.00089645, weight distance: 0.0052
2025-09-23 05:24:57,553 - INFO - Example /home/projects/bagon/shared/imagenet512/val/n04116512/ILSVRC2012_val_00042132.JPEG reached epsilon at step 48, loss sum: 58.7618, final loss: 0.00087643, weight distance: 0.0037
2025-09-23 05:25:01,294 - INFO - Example /home/projects/bagon/shared/imagenet512/val/n02089078/ILSVRC2012_val_00002398.JPEG reached epsilon at step 54, loss sum: 37.8285, final loss: 0.00095415, weight distance: 0.0043
2025-09-23 05:25:05,178 - INFO - Example /home/projects/bagon/shared/imagenet512/val/n03450230/ILSVRC2012_val_00041146.JPEG reached epsilon at step 56, loss sum: 12.2395, final loss: 0.00094700, weight distance: 0.0045
2025-09-23 05:25:08,682 - INFO - Example /home/projects/bagon/shared/imagenet512/val/n04371774/ILSVRC2012_val_00007229.JPEG reached epsilon at step 49, loss sum: 20.1980, final loss: 0.00099277, weight distance: 0.0033
2025-09-23 05:25:10,951 - INFO - Example /home/projects/bagon/shared/imagenet512/val/n04476259/ILSVRC2012_val_00029985.JPEG reached epsilon at step 26, loss sum: 0.5238, final loss: 0.00088787, weight distance: 0.0021
2025-09-23 05:25:16,039 - INFO - Example /home/projects/bagon/shared/imagenet512/val/n02109961/ILSVRC2012_val_00045291.JPEG reached epsilon at step 77, loss sum: 80.8440, final loss: 0.00093699, weight distance: 0.0058
2025-09-23 05:25:20,057 - INFO - Example /home/projects/bagon/shared/imagenet512/val/n04355933/ILSVRC2012_val_00030842.JPEG reached epsilon at step 59, loss sum: 23.8152, final loss: 0.00087738, weight distance: 0.0044
2025-09-23 05:25:22,550 - INFO - Example /home/projects/bagon/shared/imagenet512/val/n07860988/ILSVRC2012_val_00038843.JPEG reached epsilon at step 30, loss sum: 10.5105, final loss: 0.00087738, weight distance: 0.0021
2025-09-23 05:25:26,593 - INFO - Example /home/projects/bagon/shared/imagenet512/val/n02834397/ILSVRC2012_val_00005643.JPEG reached epsilon at step 58, loss sum: 57.3065, final loss: 0.00093079, weight distance: 0.0046
2025-09-23 05:25:30,117 - INFO - Example /home/projects/bagon/shared/imagenet512/val/n03794056/ILSVRC2012_val_00003270.JPEG reached epsilon at step 49, loss sum: 98.3716, final loss: 0.00087833, weight distance: 0.0038
2025-09-23 05:25:33,018 - INFO - Example /home/projects/bagon/shared/imagenet512/val/n02978881/ILSVRC2012_val_00012205.JPEG reached epsilon at step 38, loss sum: 12.4053, final loss: 0.00096130, weight distance: 0.0029
2025-09-23 05:25:36,190 - INFO - Example /home/projects/bagon/shared/imagenet512/val/n02102318/ILSVRC2012_val_00015183.JPEG reached epsilon at step 43, loss sum: 16.0348, final loss: 0.00097656, weight distance: 0.0030
2025-09-23 05:25:40,220 - INFO - Example /home/projects/bagon/shared/imagenet512/val/n04264628/ILSVRC2012_val_00008260.JPEG reached epsilon at step 59, loss sum: 11.0374, final loss: 0.00095320, weight distance: 0.0045
2025-09-23 05:25:43,426 - INFO - Example /home/projects/bagon/shared/imagenet512/val/n04179913/ILSVRC2012_val_00001803.JPEG reached epsilon at step 43, loss sum: 2.6277, final loss: 0.00098896, weight distance: 0.0032
2025-09-23 05:25:46,878 - INFO - Example /home/projects/bagon/shared/imagenet512/val/n01737021/ILSVRC2012_val_00009042.JPEG reached epsilon at step 48, loss sum: 33.5263, final loss: 0.00096750, weight distance: 0.0034
2025-09-23 05:25:50,562 - INFO - Example /home/projects/bagon/shared/imagenet512/val/n02085936/ILSVRC2012_val_00015300.JPEG reached epsilon at step 52, loss sum: 17.6037, final loss: 0.00090027, weight distance: 0.0039
2025-09-23 05:25:54,135 - INFO - Example /home/projects/bagon/shared/imagenet512/val/n03376595/ILSVRC2012_val_00040576.JPEG reached epsilon at step 51, loss sum: 30.9498, final loss: 0.00095177, weight distance: 0.0039
2025-09-23 05:25:56,812 - INFO - Example /home/projects/bagon/shared/imagenet512/val/n04263257/ILSVRC2012_val_00040184.JPEG reached epsilon at step 34, loss sum: 7.0417, final loss: 0.00099945, weight distance: 0.0026
2025-09-23 05:25:59,601 - INFO - Example /home/projects/bagon/shared/imagenet512/val/n02113186/ILSVRC2012_val_00043399.JPEG reached epsilon at step 36, loss sum: 14.5702, final loss: 0.00098896, weight distance: 0.0028
2025-09-23 05:26:02,116 - INFO - Example /home/projects/bagon/shared/imagenet512/val/n04026417/ILSVRC2012_val_00034222.JPEG reached epsilon at step 31, loss sum: 10.5943, final loss: 0.00095320, weight distance: 0.0023
2025-09-23 05:26:06,690 - INFO - Example /home/projects/bagon/shared/imagenet512/val/n03782006/ILSVRC2012_val_00040801.JPEG reached epsilon at step 70, loss sum: 66.0927, final loss: 0.00087595, weight distance: 0.0054
2025-09-23 05:26:10,515 - INFO - Example /home/projects/bagon/shared/imagenet512/val/n04380533/ILSVRC2012_val_00032077.JPEG reached epsilon at step 56, loss sum: 23.3794, final loss: 0.00092697, weight distance: 0.0044
2025-09-23 05:26:15,898 - INFO - Example /home/projects/bagon/shared/imagenet512/val/n04152593/ILSVRC2012_val_00049455.JPEG reached epsilon at step 84, loss sum: 17.2090, final loss: 0.00094175, weight distance: 0.0066
2025-09-23 05:26:19,838 - INFO - Example /home/projects/bagon/shared/imagenet512/val/n03929855/ILSVRC2012_val_00014938.JPEG reached epsilon at step 58, loss sum: 123.1506, final loss: 0.00096178, weight distance: 0.0043
2025-09-23 05:26:24,367 - INFO - Example /home/projects/bagon/shared/imagenet512/val/n04152593/ILSVRC2012_val_00044524.JPEG reached epsilon at step 69, loss sum: 37.5767, final loss: 0.00094461, weight distance: 0.0054
2025-09-23 05:26:28,676 - INFO - Example /home/projects/bagon/shared/imagenet512/val/n01530575/ILSVRC2012_val_00013512.JPEG reached epsilon at step 65, loss sum: 82.9862, final loss: 0.00097370, weight distance: 0.0041
2025-09-23 05:26:32,762 - INFO - Example /home/projects/bagon/shared/imagenet512/val/n07716358/ILSVRC2012_val_00010332.JPEG reached epsilon at step 59, loss sum: 23.8463, final loss: 0.00093794, weight distance: 0.0046
2025-09-23 05:26:37,013 - INFO - Example /home/projects/bagon/shared/imagenet512/val/n02963159/ILSVRC2012_val_00008307.JPEG reached epsilon at step 63, loss sum: 18.7902, final loss: 0.00098610, weight distance: 0.0048
2025-09-23 05:26:39,942 - INFO - Example /home/projects/bagon/shared/imagenet512/val/n03063689/ILSVRC2012_val_00029788.JPEG reached epsilon at step 38, loss sum: 9.7943, final loss: 0.00089169, weight distance: 0.0030
2025-09-23 05:26:43,341 - INFO - Example /home/projects/bagon/shared/imagenet512/val/n03942813/ILSVRC2012_val_00016600.JPEG reached epsilon at step 47, loss sum: 53.8155, final loss: 0.00090790, weight distance: 0.0036
2025-09-23 05:26:46,946 - INFO - Example /home/projects/bagon/shared/imagenet512/val/n01697457/ILSVRC2012_val_00020667.JPEG reached epsilon at step 51, loss sum: 21.9987, final loss: 0.00090265, weight distance: 0.0041
2025-09-23 05:26:50,018 - INFO - Example /home/projects/bagon/shared/imagenet512/val/n02916936/ILSVRC2012_val_00025721.JPEG reached epsilon at step 40, loss sum: 40.3240, final loss: 0.00090933, weight distance: 0.0028
2025-09-23 05:26:53,012 - INFO - Example /home/projects/bagon/shared/imagenet512/val/n03481172/ILSVRC2012_val_00044583.JPEG reached epsilon at step 40, loss sum: 42.8652, final loss: 0.00089598, weight distance: 0.0032
2025-09-23 05:26:56,187 - INFO - Example /home/projects/bagon/shared/imagenet512/val/n02859443/ILSVRC2012_val_00003322.JPEG reached epsilon at step 42, loss sum: 12.4343, final loss: 0.00096083, weight distance: 0.0032
2025-09-23 05:26:59,291 - INFO - Example /home/projects/bagon/shared/imagenet512/val/n02776631/ILSVRC2012_val_00000008.JPEG reached epsilon at step 42, loss sum: 77.8534, final loss: 0.00084925, weight distance: 0.0031
2025-09-23 05:27:02,276 - INFO - Example /home/projects/bagon/shared/imagenet512/val/n01440764/ILSVRC2012_val_00000293.JPEG reached epsilon at step 40, loss sum: 14.4873, final loss: 0.00093508, weight distance: 0.0027
2025-09-23 05:27:04,950 - INFO - Example /home/projects/bagon/shared/imagenet512/val/n02107908/ILSVRC2012_val_00041886.JPEG reached epsilon at step 34, loss sum: 9.1280, final loss: 0.00085449, weight distance: 0.0027
2025-09-23 05:27:07,151 - INFO - Example /home/projects/bagon/shared/imagenet512/val/n03908714/ILSVRC2012_val_00023446.JPEG reached epsilon at step 23, loss sum: 3.5647, final loss: 0.00089788, weight distance: 0.0014
2025-09-23 05:27:10,738 - INFO - Example /home/projects/bagon/shared/imagenet512/val/n04153751/ILSVRC2012_val_00037654.JPEG reached epsilon at step 51, loss sum: 68.3806, final loss: 0.00099564, weight distance: 0.0039
2025-09-23 05:27:14,623 - INFO - Example /home/projects/bagon/shared/imagenet512/val/n03400231/ILSVRC2012_val_00031422.JPEG reached epsilon at step 56, loss sum: 91.4890, final loss: 0.00098133, weight distance: 0.0042
2025-09-23 05:27:18,883 - INFO - Example /home/projects/bagon/shared/imagenet512/val/n03884397/ILSVRC2012_val_00009441.JPEG reached epsilon at step 64, loss sum: 56.3831, final loss: 0.00095081, weight distance: 0.0045
2025-09-23 05:27:22,907 - INFO - Example /home/projects/bagon/shared/imagenet512/val/n03485407/ILSVRC2012_val_00024942.JPEG reached epsilon at step 59, loss sum: 28.1012, final loss: 0.00095654, weight distance: 0.0046
2025-09-23 05:27:26,030 - INFO - Example /home/projects/bagon/shared/imagenet512/val/n04127249/ILSVRC2012_val_00041888.JPEG reached epsilon at step 41, loss sum: 55.2824, final loss: 0.00088215, weight distance: 0.0030
2025-09-23 05:27:30,053 - INFO - Example /home/projects/bagon/shared/imagenet512/val/n02077923/ILSVRC2012_val_00000033.JPEG reached epsilon at step 59, loss sum: 35.9632, final loss: 0.00099945, weight distance: 0.0044
2025-09-23 05:27:33,051 - INFO - Example /home/projects/bagon/shared/imagenet512/val/n01667114/ILSVRC2012_val_00016633.JPEG reached epsilon at step 40, loss sum: 24.2526, final loss: 0.00083637, weight distance: 0.0032
2025-09-23 05:27:37,020 - INFO - Example /home/projects/bagon/shared/imagenet512/val/n03160309/ILSVRC2012_val_00030594.JPEG reached epsilon at step 58, loss sum: 92.2761, final loss: 0.00097752, weight distance: 0.0046
2025-09-23 05:27:40,832 - INFO - Example /home/projects/bagon/shared/imagenet512/val/n04285008/ILSVRC2012_val_00018117.JPEG reached epsilon at step 55, loss sum: 33.8951, final loss: 0.00099850, weight distance: 0.0045
2025-09-23 05:27:44,804 - INFO - Example /home/projects/bagon/shared/imagenet512/val/n02231487/ILSVRC2012_val_00013535.JPEG reached epsilon at step 57, loss sum: 4.1970, final loss: 0.00098515, weight distance: 0.0043
2025-09-23 05:27:48,852 - INFO - Example /home/projects/bagon/shared/imagenet512/val/n03617480/ILSVRC2012_val_00035822.JPEG reached epsilon at step 60, loss sum: 106.8345, final loss: 0.00095320, weight distance: 0.0044
2025-09-23 05:27:52,117 - INFO - Example /home/projects/bagon/shared/imagenet512/val/n02487347/ILSVRC2012_val_00015926.JPEG reached epsilon at step 45, loss sum: 78.5150, final loss: 0.00093317, weight distance: 0.0035
2025-09-23 05:27:55,575 - INFO - Example /home/projects/bagon/shared/imagenet512/val/n03255030/ILSVRC2012_val_00042722.JPEG reached epsilon at step 48, loss sum: 57.2914, final loss: 0.00091267, weight distance: 0.0036
2025-09-23 05:28:00,397 - INFO - Example /home/projects/bagon/shared/imagenet512/val/n01748264/ILSVRC2012_val_00049448.JPEG reached epsilon at step 74, loss sum: 98.0418, final loss: 0.00095606, weight distance: 0.0048
2025-09-23 05:28:04,532 - INFO - Example /home/projects/bagon/shared/imagenet512/val/n02835271/ILSVRC2012_val_00026900.JPEG reached epsilon at step 61, loss sum: 77.7819, final loss: 0.00097370, weight distance: 0.0049
2025-09-23 05:28:09,058 - INFO - Example /home/projects/bagon/shared/imagenet512/val/n02009229/ILSVRC2012_val_00042026.JPEG reached epsilon at step 67, loss sum: 44.9708, final loss: 0.00098133, weight distance: 0.0052
2025-09-23 05:28:12,256 - INFO - Example /home/projects/bagon/shared/imagenet512/val/n03028079/ILSVRC2012_val_00031446.JPEG reached epsilon at step 43, loss sum: 23.9433, final loss: 0.00092459, weight distance: 0.0034
2025-09-23 05:28:15,299 - INFO - Example /home/projects/bagon/shared/imagenet512/val/n03089624/ILSVRC2012_val_00015302.JPEG reached epsilon at step 40, loss sum: 22.0882, final loss: 0.00091505, weight distance: 0.0030
2025-09-23 05:28:18,756 - INFO - Example /home/projects/bagon/shared/imagenet512/val/n04116512/ILSVRC2012_val_00047135.JPEG reached epsilon at step 48, loss sum: 59.2680, final loss: 0.00085115, weight distance: 0.0038
2025-09-23 05:28:22,376 - INFO - Example /home/projects/bagon/shared/imagenet512/val/n03594734/ILSVRC2012_val_00039574.JPEG reached epsilon at step 51, loss sum: 47.5457, final loss: 0.00085831, weight distance: 0.0042
2025-09-23 05:28:25,797 - INFO - Example /home/projects/bagon/shared/imagenet512/val/n04596742/ILSVRC2012_val_00005730.JPEG reached epsilon at step 46, loss sum: 63.5286, final loss: 0.00079870, weight distance: 0.0036
2025-09-23 05:28:30,058 - INFO - Example /home/projects/bagon/shared/imagenet512/val/n02795169/ILSVRC2012_val_00015371.JPEG reached epsilon at step 63, loss sum: 12.3032, final loss: 0.00092125, weight distance: 0.0051
2025-09-23 05:28:35,482 - INFO - Example /home/projects/bagon/shared/imagenet512/val/n04392985/ILSVRC2012_val_00036640.JPEG reached epsilon at step 85, loss sum: 47.4805, final loss: 0.00095749, weight distance: 0.0061
2025-09-23 05:28:38,287 - INFO - Example /home/projects/bagon/shared/imagenet512/val/n02667093/ILSVRC2012_val_00030369.JPEG reached epsilon at step 36, loss sum: 19.5981, final loss: 0.00098419, weight distance: 0.0028
2025-09-23 05:28:42,696 - INFO - Example /home/projects/bagon/shared/imagenet512/val/n03933933/ILSVRC2012_val_00034480.JPEG reached epsilon at step 66, loss sum: 94.4263, final loss: 0.00092793, weight distance: 0.0052
2025-09-23 05:28:47,481 - INFO - Example /home/projects/bagon/shared/imagenet512/val/n03630383/ILSVRC2012_val_00032567.JPEG reached epsilon at step 73, loss sum: 69.1240, final loss: 0.00094795, weight distance: 0.0059
2025-09-23 05:28:51,673 - INFO - Example /home/projects/bagon/shared/imagenet512/val/n02791124/ILSVRC2012_val_00004679.JPEG reached epsilon at step 62, loss sum: 20.1070, final loss: 0.00096321, weight distance: 0.0050
2025-09-23 05:28:55,158 - INFO - Example /home/projects/bagon/shared/imagenet512/val/n03877845/ILSVRC2012_val_00004524.JPEG reached epsilon at step 49, loss sum: 25.3374, final loss: 0.00097752, weight distance: 0.0039
2025-09-23 05:28:59,411 - INFO - Example /home/projects/bagon/shared/imagenet512/val/n02422699/ILSVRC2012_val_00025352.JPEG reached epsilon at step 63, loss sum: 23.7062, final loss: 0.00094366, weight distance: 0.0048
2025-09-23 05:29:01,761 - INFO - Example /home/projects/bagon/shared/imagenet512/val/n02105251/ILSVRC2012_val_00041178.JPEG reached epsilon at step 28, loss sum: 9.1866, final loss: 0.00073814, weight distance: 0.0021
2025-09-23 05:29:04,903 - INFO - Example /home/projects/bagon/shared/imagenet512/val/n03785016/ILSVRC2012_val_00024487.JPEG reached epsilon at step 43, loss sum: 2.3636, final loss: 0.00098324, weight distance: 0.0031
2025-09-23 05:29:08,403 - INFO - Example /home/projects/bagon/shared/imagenet512/val/n02869837/ILSVRC2012_val_00009041.JPEG reached epsilon at step 48, loss sum: 12.1407, final loss: 0.00095749, weight distance: 0.0039
2025-09-23 05:29:11,114 - INFO - Example /home/projects/bagon/shared/imagenet512/val/n02105056/ILSVRC2012_val_00001109.JPEG reached epsilon at step 34, loss sum: 9.9808, final loss: 0.00086212, weight distance: 0.0024
2025-09-23 05:29:15,060 - INFO - Example /home/projects/bagon/shared/imagenet512/val/n01930112/ILSVRC2012_val_00017983.JPEG reached epsilon at step 58, loss sum: 46.4564, final loss: 0.00099945, weight distance: 0.0045
2025-09-23 05:29:17,843 - INFO - Example /home/projects/bagon/shared/imagenet512/val/n04162706/ILSVRC2012_val_00032515.JPEG reached epsilon at step 36, loss sum: 24.8755, final loss: 0.00092745, weight distance: 0.0023
2025-09-23 05:29:22,988 - INFO - Example /home/projects/bagon/shared/imagenet512/val/n07697537/ILSVRC2012_val_00032384.JPEG reached epsilon at step 81, loss sum: 68.6050, final loss: 0.00095844, weight distance: 0.0061
2025-09-23 05:29:26,481 - INFO - Example /home/projects/bagon/shared/imagenet512/val/n02916936/ILSVRC2012_val_00040683.JPEG reached epsilon at step 48, loss sum: 41.7835, final loss: 0.00098228, weight distance: 0.0034
2025-09-23 05:29:29,608 - INFO - Example /home/projects/bagon/shared/imagenet512/val/n02095570/ILSVRC2012_val_00036793.JPEG reached epsilon at step 42, loss sum: 47.1228, final loss: 0.00099373, weight distance: 0.0029
2025-09-23 05:29:33,556 - INFO - Example /home/projects/bagon/shared/imagenet512/val/n02107142/ILSVRC2012_val_00022474.JPEG reached epsilon at step 58, loss sum: 36.1542, final loss: 0.00098801, weight distance: 0.0044
2025-09-23 05:29:37,231 - INFO - Example /home/projects/bagon/shared/imagenet512/val/n02747177/ILSVRC2012_val_00012984.JPEG reached epsilon at step 53, loss sum: 72.3913, final loss: 0.00089169, weight distance: 0.0041
2025-09-23 05:29:40,444 - INFO - Example /home/projects/bagon/shared/imagenet512/val/n03995372/ILSVRC2012_val_00004543.JPEG reached epsilon at step 44, loss sum: 56.4032, final loss: 0.00096941, weight distance: 0.0035
2025-09-23 05:29:44,979 - INFO - Example /home/projects/bagon/shared/imagenet512/val/n02692877/ILSVRC2012_val_00035876.JPEG reached epsilon at step 68, loss sum: 92.8244, final loss: 0.00094223, weight distance: 0.0048
2025-09-23 05:29:49,196 - INFO - Example /home/projects/bagon/shared/imagenet512/val/n03535780/ILSVRC2012_val_00047312.JPEG reached epsilon at step 63, loss sum: 28.3883, final loss: 0.00088215, weight distance: 0.0050
2025-09-23 05:29:52,778 - INFO - Example /home/projects/bagon/shared/imagenet512/val/n03709823/ILSVRC2012_val_00001860.JPEG reached epsilon at step 51, loss sum: 41.2357, final loss: 0.00091887, weight distance: 0.0039
2025-09-23 05:29:56,789 - INFO - Example /home/projects/bagon/shared/imagenet512/val/n02843684/ILSVRC2012_val_00025083.JPEG reached epsilon at step 58, loss sum: 22.8836, final loss: 0.00096130, weight distance: 0.0043
2025-09-23 05:30:00,369 - INFO - Example /home/projects/bagon/shared/imagenet512/val/n01667114/ILSVRC2012_val_00025567.JPEG reached epsilon at step 51, loss sum: 42.5546, final loss: 0.00093842, weight distance: 0.0038
2025-09-23 05:30:04,978 - INFO - Example /home/projects/bagon/shared/imagenet512/val/n03717622/ILSVRC2012_val_00010030.JPEG reached epsilon at step 71, loss sum: 121.6264, final loss: 0.00097132, weight distance: 0.0047
2025-09-23 05:30:08,081 - INFO - Example /home/projects/bagon/shared/imagenet512/val/n04599235/ILSVRC2012_val_00001310.JPEG reached epsilon at step 41, loss sum: 7.6243, final loss: 0.00089788, weight distance: 0.0032
2025-09-23 05:30:12,411 - INFO - Example /home/projects/bagon/shared/imagenet512/val/n04179913/ILSVRC2012_val_00002518.JPEG reached epsilon at step 65, loss sum: 100.8582, final loss: 0.00095701, weight distance: 0.0050
2025-09-23 05:30:14,712 - INFO - Example /home/projects/bagon/shared/imagenet512/val/n03920288/ILSVRC2012_val_00023466.JPEG reached epsilon at step 27, loss sum: 4.3843, final loss: 0.00090265, weight distance: 0.0019
2025-09-23 05:30:18,654 - INFO - Example /home/projects/bagon/shared/imagenet512/val/n04127249/ILSVRC2012_val_00025670.JPEG reached epsilon at step 58, loss sum: 57.3526, final loss: 0.00093508, weight distance: 0.0045
2025-09-23 05:30:22,987 - INFO - Example /home/projects/bagon/shared/imagenet512/val/n02786058/ILSVRC2012_val_00027029.JPEG reached epsilon at step 66, loss sum: 103.5366, final loss: 0.00089693, weight distance: 0.0052
2025-09-23 05:30:26,718 - INFO - Example /home/projects/bagon/shared/imagenet512/val/n04442312/ILSVRC2012_val_00031310.JPEG reached epsilon at step 53, loss sum: 7.1586, final loss: 0.00097370, weight distance: 0.0039
2025-09-23 05:30:30,199 - INFO - Example /home/projects/bagon/shared/imagenet512/val/n04081281/ILSVRC2012_val_00006031.JPEG reached epsilon at step 49, loss sum: 37.3003, final loss: 0.00094700, weight distance: 0.0037
2025-09-23 05:30:34,002 - INFO - Example /home/projects/bagon/shared/imagenet512/val/n03998194/ILSVRC2012_val_00049687.JPEG reached epsilon at step 55, loss sum: 62.9550, final loss: 0.00093746, weight distance: 0.0039
2025-09-23 05:30:37,157 - INFO - Example /home/projects/bagon/shared/imagenet512/val/n04532670/ILSVRC2012_val_00016295.JPEG reached epsilon at step 43, loss sum: 18.2119, final loss: 0.00090981, weight distance: 0.0030
2025-09-23 05:30:41,113 - INFO - Example /home/projects/bagon/shared/imagenet512/val/n04435653/ILSVRC2012_val_00027687.JPEG reached epsilon at step 57, loss sum: 63.3278, final loss: 0.00095177, weight distance: 0.0038
2025-09-23 05:30:44,428 - INFO - Example /home/projects/bagon/shared/imagenet512/val/n04553703/ILSVRC2012_val_00041632.JPEG reached epsilon at step 45, loss sum: 14.6583, final loss: 0.00099373, weight distance: 0.0036
2025-09-23 05:30:48,186 - INFO - Example /home/projects/bagon/shared/imagenet512/val/n03977966/ILSVRC2012_val_00036375.JPEG reached epsilon at step 54, loss sum: 78.3356, final loss: 0.00093031, weight distance: 0.0042
2025-09-23 05:30:51,309 - INFO - Example /home/projects/bagon/shared/imagenet512/val/n03976657/ILSVRC2012_val_00006976.JPEG reached epsilon at step 42, loss sum: 17.6720, final loss: 0.00090742, weight distance: 0.0033
2025-09-23 05:30:54,209 - INFO - Example /home/projects/bagon/shared/imagenet512/val/n03291819/ILSVRC2012_val_00037426.JPEG reached epsilon at step 38, loss sum: 8.5834, final loss: 0.00085163, weight distance: 0.0029
2025-09-23 05:30:57,898 - INFO - Example /home/projects/bagon/shared/imagenet512/val/n04355338/ILSVRC2012_val_00029017.JPEG reached epsilon at step 53, loss sum: 90.2053, final loss: 0.00094795, weight distance: 0.0037
2025-09-23 05:31:02,169 - INFO - Example /home/projects/bagon/shared/imagenet512/val/n02497673/ILSVRC2012_val_00045299.JPEG reached epsilon at step 64, loss sum: 25.3587, final loss: 0.00099850, weight distance: 0.0047
2025-09-23 05:31:06,498 - INFO - Example /home/projects/bagon/shared/imagenet512/val/n03127925/ILSVRC2012_val_00020004.JPEG reached epsilon at step 64, loss sum: 41.2821, final loss: 0.00091505, weight distance: 0.0051
2025-09-23 05:31:09,255 - INFO - Example /home/projects/bagon/shared/imagenet512/val/n03764736/ILSVRC2012_val_00034439.JPEG reached epsilon at step 35, loss sum: 25.0508, final loss: 0.00088167, weight distance: 0.0026
2025-09-23 05:31:11,825 - INFO - Example /home/projects/bagon/shared/imagenet512/val/n03089624/ILSVRC2012_val_00041487.JPEG reached epsilon at step 31, loss sum: 18.6765, final loss: 0.00098324, weight distance: 0.0022
2025-09-23 05:31:15,270 - INFO - Example /home/projects/bagon/shared/imagenet512/val/n07584110/ILSVRC2012_val_00011392.JPEG reached epsilon at step 48, loss sum: 35.9041, final loss: 0.00093555, weight distance: 0.0037
2025-09-23 05:31:18,885 - INFO - Example /home/projects/bagon/shared/imagenet512/val/n07579787/ILSVRC2012_val_00013030.JPEG reached epsilon at step 51, loss sum: 24.5255, final loss: 0.00096703, weight distance: 0.0041
2025-09-23 05:31:22,993 - INFO - Example /home/projects/bagon/shared/imagenet512/val/n01829413/ILSVRC2012_val_00047943.JPEG reached epsilon at step 60, loss sum: 24.6018, final loss: 0.00096083, weight distance: 0.0044
2025-09-23 05:31:26,340 - INFO - Example /home/projects/bagon/shared/imagenet512/val/n09332890/ILSVRC2012_val_00037421.JPEG reached epsilon at step 45, loss sum: 16.4682, final loss: 0.00098133, weight distance: 0.0037
2025-09-23 05:31:29,145 - INFO - Example /home/projects/bagon/shared/imagenet512/val/n04254120/ILSVRC2012_val_00026459.JPEG reached epsilon at step 36, loss sum: 68.5480, final loss: 0.00069141, weight distance: 0.0025
2025-09-23 05:31:33,215 - INFO - Example /home/projects/bagon/shared/imagenet512/val/n02445715/ILSVRC2012_val_00008517.JPEG reached epsilon at step 60, loss sum: 28.8211, final loss: 0.00096989, weight distance: 0.0045
2025-09-23 05:31:35,558 - INFO - Example /home/projects/bagon/shared/imagenet512/val/n04228054/ILSVRC2012_val_00004798.JPEG reached epsilon at step 27, loss sum: 4.3359, final loss: 0.00081635, weight distance: 0.0020
2025-09-23 05:31:39,734 - INFO - Example /home/projects/bagon/shared/imagenet512/val/n04154565/ILSVRC2012_val_00011280.JPEG reached epsilon at step 62, loss sum: 113.6919, final loss: 0.00095034, weight distance: 0.0048
2025-09-23 05:31:42,442 - INFO - Example /home/projects/bagon/shared/imagenet512/val/n09421951/ILSVRC2012_val_00048253.JPEG reached epsilon at step 34, loss sum: 8.8922, final loss: 0.00092888, weight distance: 0.0025
2025-09-23 05:31:47,730 - INFO - Example /home/projects/bagon/shared/imagenet512/val/n02494079/ILSVRC2012_val_00017353.JPEG reached epsilon at step 83, loss sum: 23.9631, final loss: 0.00097609, weight distance: 0.0066
2025-09-23 05:31:51,699 - INFO - Example /home/projects/bagon/shared/imagenet512/val/n01644373/ILSVRC2012_val_00034290.JPEG reached epsilon at step 58, loss sum: 11.0693, final loss: 0.00099468, weight distance: 0.0044
2025-09-23 05:31:55,342 - INFO - Example /home/projects/bagon/shared/imagenet512/val/n09332890/ILSVRC2012_val_00015143.JPEG reached epsilon at step 52, loss sum: 29.5192, final loss: 0.00095749, weight distance: 0.0041
2025-09-23 05:31:59,730 - INFO - Example /home/projects/bagon/shared/imagenet512/val/n04229816/ILSVRC2012_val_00049073.JPEG reached epsilon at step 66, loss sum: 49.8913, final loss: 0.00097036, weight distance: 0.0053
2025-09-23 05:32:03,747 - INFO - Example /home/projects/bagon/shared/imagenet512/val/n03721384/ILSVRC2012_val_00018965.JPEG reached epsilon at step 59, loss sum: 29.3663, final loss: 0.00099468, weight distance: 0.0042
2025-09-23 05:32:06,505 - INFO - Example /home/projects/bagon/shared/imagenet512/val/n02119022/ILSVRC2012_val_00014133.JPEG reached epsilon at step 35, loss sum: 3.8685, final loss: 0.00093508, weight distance: 0.0029
2025-09-23 05:32:09,312 - INFO - Example /home/projects/bagon/shared/imagenet512/val/n03314780/ILSVRC2012_val_00025164.JPEG reached epsilon at step 36, loss sum: 3.5919, final loss: 0.00091887, weight distance: 0.0028
2025-09-23 05:32:13,185 - INFO - Example /home/projects/bagon/shared/imagenet512/val/n02877765/ILSVRC2012_val_00004124.JPEG reached epsilon at step 56, loss sum: 114.8610, final loss: 0.00090599, weight distance: 0.0044
2025-09-23 05:32:16,734 - INFO - Example /home/projects/bagon/shared/imagenet512/val/n02094114/ILSVRC2012_val_00010798.JPEG reached epsilon at step 50, loss sum: 14.8419, final loss: 0.00092554, weight distance: 0.0040
2025-09-23 05:32:20,003 - INFO - Example /home/projects/bagon/shared/imagenet512/val/n02865351/ILSVRC2012_val_00008494.JPEG reached epsilon at step 43, loss sum: 8.2303, final loss: 0.00099277, weight distance: 0.0032
2025-09-23 05:32:23,199 - INFO - Example /home/projects/bagon/shared/imagenet512/val/n02808304/ILSVRC2012_val_00011843.JPEG reached epsilon at step 43, loss sum: 15.8457, final loss: 0.00091076, weight distance: 0.0033
2025-09-23 05:32:26,903 - INFO - Example /home/projects/bagon/shared/imagenet512/val/n02113624/ILSVRC2012_val_00021690.JPEG reached epsilon at step 53, loss sum: 29.4931, final loss: 0.00086117, weight distance: 0.0044
2025-09-23 05:32:30,464 - INFO - Example /home/projects/bagon/shared/imagenet512/val/n04254120/ILSVRC2012_val_00005772.JPEG reached epsilon at step 50, loss sum: 97.9960, final loss: 0.00096703, weight distance: 0.0039
2025-09-23 05:32:33,094 - INFO - Example /home/projects/bagon/shared/imagenet512/val/n02096177/ILSVRC2012_val_00030394.JPEG reached epsilon at step 33, loss sum: 8.8042, final loss: 0.00085449, weight distance: 0.0025
2025-09-23 05:32:37,034 - INFO - Example /home/projects/bagon/shared/imagenet512/val/n01682714/ILSVRC2012_val_00020764.JPEG reached epsilon at step 58, loss sum: 17.7295, final loss: 0.00094080, weight distance: 0.0044
2025-09-23 05:32:40,054 - INFO - Example /home/projects/bagon/shared/imagenet512/val/n02963159/ILSVRC2012_val_00045038.JPEG reached epsilon at step 40, loss sum: 7.3043, final loss: 0.00097752, weight distance: 0.0029
2025-09-23 05:32:44,268 - INFO - Example /home/projects/bagon/shared/imagenet512/val/n01514859/ILSVRC2012_val_00040038.JPEG reached epsilon at step 62, loss sum: 8.9251, final loss: 0.00098324, weight distance: 0.0048
2025-09-23 05:32:47,372 - INFO - Example /home/projects/bagon/shared/imagenet512/val/n02988304/ILSVRC2012_val_00044283.JPEG reached epsilon at step 42, loss sum: 9.3121, final loss: 0.00089121, weight distance: 0.0033
2025-09-23 05:32:50,626 - INFO - Example /home/projects/bagon/shared/imagenet512/val/n03063689/ILSVRC2012_val_00027273.JPEG reached epsilon at step 45, loss sum: 13.0842, final loss: 0.00093174, weight distance: 0.0035
2025-09-23 05:32:54,536 - INFO - Example /home/projects/bagon/shared/imagenet512/val/n12144580/ILSVRC2012_val_00027392.JPEG reached epsilon at step 57, loss sum: 27.9807, final loss: 0.00091457, weight distance: 0.0043
2025-09-23 05:32:58,598 - INFO - Example /home/projects/bagon/shared/imagenet512/val/n07745940/ILSVRC2012_val_00040989.JPEG reached epsilon at step 60, loss sum: 32.9101, final loss: 0.00098133, weight distance: 0.0048
2025-09-23 05:33:02,237 - INFO - Example /home/projects/bagon/shared/imagenet512/val/n02814533/ILSVRC2012_val_00031828.JPEG reached epsilon at step 50, loss sum: 25.3415, final loss: 0.00087023, weight distance: 0.0041
2025-09-23 05:33:07,766 - INFO - Example /home/projects/bagon/shared/imagenet512/val/n03478589/ILSVRC2012_val_00035615.JPEG reached epsilon at step 87, loss sum: 192.5624, final loss: 0.00097609, weight distance: 0.0058
2025-09-23 05:33:10,504 - INFO - Example /home/projects/bagon/shared/imagenet512/val/n03803284/ILSVRC2012_val_00020427.JPEG reached epsilon at step 35, loss sum: 11.6900, final loss: 0.00090456, weight distance: 0.0023
2025-09-23 05:33:13,161 - INFO - Example /home/projects/bagon/shared/imagenet512/val/n04507155/ILSVRC2012_val_00030930.JPEG reached epsilon at step 32, loss sum: 11.7485, final loss: 0.00077391, weight distance: 0.0024
2025-09-23 05:33:16,354 - INFO - Example /home/projects/bagon/shared/imagenet512/val/n03530642/ILSVRC2012_val_00030885.JPEG reached epsilon at step 43, loss sum: 71.3948, final loss: 0.00085449, weight distance: 0.0029
2025-09-23 05:33:19,541 - INFO - Example /home/projects/bagon/shared/imagenet512/val/n03450230/ILSVRC2012_val_00046807.JPEG reached epsilon at step 43, loss sum: 13.7617, final loss: 0.00088406, weight distance: 0.0035
2025-09-23 05:33:22,666 - INFO - Example /home/projects/bagon/shared/imagenet512/val/n04376876/ILSVRC2012_val_00032983.JPEG reached epsilon at step 42, loss sum: 60.2122, final loss: 0.00098896, weight distance: 0.0031
2025-09-23 05:33:25,417 - INFO - Example /home/projects/bagon/shared/imagenet512/val/n04590129/ILSVRC2012_val_00011450.JPEG reached epsilon at step 34, loss sum: 7.8573, final loss: 0.00096464, weight distance: 0.0025
2025-09-23 05:33:28,537 - INFO - Example /home/projects/bagon/shared/imagenet512/val/n02115641/ILSVRC2012_val_00037363.JPEG reached epsilon at step 42, loss sum: 14.1200, final loss: 0.00095081, weight distance: 0.0030
2025-09-23 05:33:32,090 - INFO - Example /home/projects/bagon/shared/imagenet512/val/n02408429/ILSVRC2012_val_00040531.JPEG reached epsilon at step 49, loss sum: 39.3567, final loss: 0.00093460, weight distance: 0.0031
2025-09-23 05:33:36,316 - INFO - Example /home/projects/bagon/shared/imagenet512/val/n02094114/ILSVRC2012_val_00033720.JPEG reached epsilon at step 63, loss sum: 97.7757, final loss: 0.00085402, weight distance: 0.0048
2025-09-23 05:33:39,686 - INFO - Example /home/projects/bagon/shared/imagenet512/val/n02128385/ILSVRC2012_val_00037779.JPEG reached epsilon at step 47, loss sum: 23.6055, final loss: 0.00091267, weight distance: 0.0037
2025-09-23 05:33:43,308 - INFO - Example /home/projects/bagon/shared/imagenet512/val/n04254680/ILSVRC2012_val_00035786.JPEG reached epsilon at step 52, loss sum: 37.3670, final loss: 0.00091505, weight distance: 0.0041
2025-09-23 05:33:47,037 - INFO - Example /home/projects/bagon/shared/imagenet512/val/n04111531/ILSVRC2012_val_00020809.JPEG reached epsilon at step 54, loss sum: 13.1665, final loss: 0.00099659, weight distance: 0.0039
2025-09-23 05:33:49,667 - INFO - Example /home/projects/bagon/shared/imagenet512/val/n04590129/ILSVRC2012_val_00011220.JPEG reached epsilon at step 31, loss sum: 28.9349, final loss: 0.00083017, weight distance: 0.0021
2025-09-23 05:33:53,292 - INFO - Example /home/projects/bagon/shared/imagenet512/val/n04376876/ILSVRC2012_val_00020150.JPEG reached epsilon at step 51, loss sum: 48.2610, final loss: 0.00097752, weight distance: 0.0041
2025-09-23 05:33:56,798 - INFO - Example /home/projects/bagon/shared/imagenet512/val/n04208210/ILSVRC2012_val_00021349.JPEG reached epsilon at step 49, loss sum: 75.7206, final loss: 0.00088453, weight distance: 0.0039
2025-09-23 05:34:00,477 - INFO - Example /home/projects/bagon/shared/imagenet512/val/n04442312/ILSVRC2012_val_00013210.JPEG reached epsilon at step 52, loss sum: 74.8006, final loss: 0.00099277, weight distance: 0.0038
2025-09-23 05:34:03,308 - INFO - Example /home/projects/bagon/shared/imagenet512/val/n01984695/ILSVRC2012_val_00039918.JPEG reached epsilon at step 36, loss sum: 36.7163, final loss: 0.00098705, weight distance: 0.0026
2025-09-23 05:34:06,194 - INFO - Example /home/projects/bagon/shared/imagenet512/val/n04532106/ILSVRC2012_val_00013235.JPEG reached epsilon at step 37, loss sum: 9.2945, final loss: 0.00090075, weight distance: 0.0026
2025-09-23 05:34:10,717 - INFO - Example /home/projects/bagon/shared/imagenet512/val/n04141076/ILSVRC2012_val_00006297.JPEG reached epsilon at step 68, loss sum: 9.4297, final loss: 0.00098133, weight distance: 0.0052
2025-09-23 05:34:14,211 - INFO - Example /home/projects/bagon/shared/imagenet512/val/n03063599/ILSVRC2012_val_00023912.JPEG reached epsilon at step 47, loss sum: 6.7946, final loss: 0.00096226, weight distance: 0.0038
2025-09-23 05:34:17,959 - INFO - Example /home/projects/bagon/shared/imagenet512/val/n01773797/ILSVRC2012_val_00011379.JPEG reached epsilon at step 53, loss sum: 11.1022, final loss: 0.00091887, weight distance: 0.0044
2025-09-23 05:34:20,850 - INFO - Example /home/projects/bagon/shared/imagenet512/val/n04040759/ILSVRC2012_val_00042431.JPEG reached epsilon at step 37, loss sum: 13.5933, final loss: 0.00094795, weight distance: 0.0025
2025-09-23 05:34:24,532 - INFO - Example /home/projects/bagon/shared/imagenet512/val/n01697457/ILSVRC2012_val_00025463.JPEG reached epsilon at step 52, loss sum: 57.0502, final loss: 0.00093889, weight distance: 0.0038
2025-09-23 05:34:28,353 - INFO - Example /home/projects/bagon/shared/imagenet512/val/n03538406/ILSVRC2012_val_00012792.JPEG reached epsilon at step 55, loss sum: 19.4869, final loss: 0.00099659, weight distance: 0.0040
2025-09-23 05:34:31,381 - INFO - Example /home/projects/bagon/shared/imagenet512/val/n03532672/ILSVRC2012_val_00007783.JPEG reached epsilon at step 40, loss sum: 16.2513, final loss: 0.00080013, weight distance: 0.0032
2025-09-23 05:34:35,850 - INFO - Example /home/projects/bagon/shared/imagenet512/val/n03724870/ILSVRC2012_val_00023885.JPEG reached epsilon at step 68, loss sum: 90.5428, final loss: 0.00096130, weight distance: 0.0052
2025-09-23 05:34:38,364 - INFO - Example /home/projects/bagon/shared/imagenet512/val/n04325704/ILSVRC2012_val_00004654.JPEG reached epsilon at step 31, loss sum: 30.4859, final loss: 0.00081921, weight distance: 0.0021
2025-09-23 05:34:42,015 - INFO - Example /home/projects/bagon/shared/imagenet512/val/n02106382/ILSVRC2012_val_00018331.JPEG reached epsilon at step 52, loss sum: 68.9468, final loss: 0.00090313, weight distance: 0.0043
2025-09-23 05:34:45,191 - INFO - Example /home/projects/bagon/shared/imagenet512/val/n03995372/ILSVRC2012_val_00013327.JPEG reached epsilon at step 43, loss sum: 10.5587, final loss: 0.00092077, weight distance: 0.0034
2025-09-23 05:34:49,456 - INFO - Example /home/projects/bagon/shared/imagenet512/val/n04026417/ILSVRC2012_val_00030668.JPEG reached epsilon at step 64, loss sum: 32.7839, final loss: 0.00097561, weight distance: 0.0051
2025-09-23 05:34:53,490 - INFO - Example /home/projects/bagon/shared/imagenet512/val/n02277742/ILSVRC2012_val_00046372.JPEG reached epsilon at step 59, loss sum: 46.5709, final loss: 0.00096655, weight distance: 0.0044
2025-09-23 05:34:57,172 - INFO - Example /home/projects/bagon/shared/imagenet512/val/n03794056/ILSVRC2012_val_00011238.JPEG reached epsilon at step 53, loss sum: 51.5864, final loss: 0.00096846, weight distance: 0.0042
2025-09-23 05:35:01,335 - INFO - Example /home/projects/bagon/shared/imagenet512/val/n04604644/ILSVRC2012_val_00042823.JPEG reached epsilon at step 62, loss sum: 15.4550, final loss: 0.00093889, weight distance: 0.0049
2025-09-23 05:35:04,865 - INFO - Example /home/projects/bagon/shared/imagenet512/val/n02883205/ILSVRC2012_val_00012387.JPEG reached epsilon at step 50, loss sum: 32.7054, final loss: 0.00098133, weight distance: 0.0035
2025-09-23 05:35:08,209 - INFO - Example /home/projects/bagon/shared/imagenet512/val/n02794156/ILSVRC2012_val_00023691.JPEG reached epsilon at step 45, loss sum: 31.2220, final loss: 0.00098705, weight distance: 0.0034
2025-09-23 05:35:11,896 - INFO - Example /home/projects/bagon/shared/imagenet512/val/n04235860/ILSVRC2012_val_00049290.JPEG reached epsilon at step 52, loss sum: 16.3507, final loss: 0.00098610, weight distance: 0.0039
2025-09-23 05:35:15,497 - INFO - Example /home/projects/bagon/shared/imagenet512/val/n03032252/ILSVRC2012_val_00030890.JPEG reached epsilon at step 51, loss sum: 91.0181, final loss: 0.00083113, weight distance: 0.0035
2025-09-23 05:35:19,168 - INFO - Example /home/projects/bagon/shared/imagenet512/val/n04532106/ILSVRC2012_val_00021107.JPEG reached epsilon at step 53, loss sum: 70.9347, final loss: 0.00093699, weight distance: 0.0037
2025-09-23 05:35:22,320 - INFO - Example /home/projects/bagon/shared/imagenet512/val/n03776460/ILSVRC2012_val_00029643.JPEG reached epsilon at step 43, loss sum: 13.4970, final loss: 0.00098515, weight distance: 0.0031
2025-09-23 05:35:26,251 - INFO - Example /home/projects/bagon/shared/imagenet512/val/n01558993/ILSVRC2012_val_00031273.JPEG reached epsilon at step 57, loss sum: 44.6698, final loss: 0.00099945, weight distance: 0.0046
2025-09-23 05:35:31,081 - INFO - Example /home/projects/bagon/shared/imagenet512/val/n03595614/ILSVRC2012_val_00011939.JPEG reached epsilon at step 75, loss sum: 93.7773, final loss: 0.00094080, weight distance: 0.0058
2025-09-23 05:35:34,805 - INFO - Example /home/projects/bagon/shared/imagenet512/val/n02966687/ILSVRC2012_val_00007100.JPEG reached epsilon at step 54, loss sum: 72.0687, final loss: 0.00095415, weight distance: 0.0038
2025-09-23 05:35:38,745 - INFO - Example /home/projects/bagon/shared/imagenet512/val/n09332890/ILSVRC2012_val_00004188.JPEG reached epsilon at step 57, loss sum: 38.3949, final loss: 0.00085783, weight distance: 0.0045
2025-09-23 05:35:42,482 - INFO - Example /home/projects/bagon/shared/imagenet512/val/n02870880/ILSVRC2012_val_00017082.JPEG reached epsilon at step 54, loss sum: 27.0653, final loss: 0.00099564, weight distance: 0.0040
2025-09-23 05:35:45,403 - INFO - Example /home/projects/bagon/shared/imagenet512/val/n02100583/ILSVRC2012_val_00035278.JPEG reached epsilon at step 38, loss sum: 26.3037, final loss: 0.00097275, weight distance: 0.0027
2025-09-23 05:35:47,713 - INFO - Example /home/projects/bagon/shared/imagenet512/val/n04376876/ILSVRC2012_val_00039903.JPEG reached epsilon at step 27, loss sum: 3.7484, final loss: 0.00094366, weight distance: 0.0021
2025-09-23 05:35:52,100 - INFO - Example /home/projects/bagon/shared/imagenet512/val/n02165456/ILSVRC2012_val_00039712.JPEG reached epsilon at step 67, loss sum: 42.3438, final loss: 0.00099373, weight distance: 0.0053
2025-09-23 05:35:55,108 - INFO - Example /home/projects/bagon/shared/imagenet512/val/n03223299/ILSVRC2012_val_00016328.JPEG reached epsilon at step 39, loss sum: 45.0751, final loss: 0.00092697, weight distance: 0.0029
2025-09-23 05:35:58,161 - INFO - Example /home/projects/bagon/shared/imagenet512/val/n03888257/ILSVRC2012_val_00010460.JPEG reached epsilon at step 41, loss sum: 3.5069, final loss: 0.00096893, weight distance: 0.0032
2025-09-23 05:36:01,195 - INFO - Example /home/projects/bagon/shared/imagenet512/val/n03781244/ILSVRC2012_val_00043489.JPEG reached epsilon at step 41, loss sum: 13.8498, final loss: 0.00091267, weight distance: 0.0033
2025-09-23 05:36:04,914 - INFO - Example /home/projects/bagon/shared/imagenet512/val/n03127925/ILSVRC2012_val_00037023.JPEG reached epsilon at step 54, loss sum: 24.1567, final loss: 0.00097370, weight distance: 0.0043
2025-09-23 05:36:08,446 - INFO - Example /home/projects/bagon/shared/imagenet512/val/n03661043/ILSVRC2012_val_00039081.JPEG reached epsilon at step 49, loss sum: 58.0312, final loss: 0.00099659, weight distance: 0.0037
2025-09-23 05:36:11,932 - INFO - Example /home/projects/bagon/shared/imagenet512/val/n02168699/ILSVRC2012_val_00047337.JPEG reached epsilon at step 49, loss sum: 63.8871, final loss: 0.00097466, weight distance: 0.0036
2025-09-23 05:36:15,144 - INFO - Example /home/projects/bagon/shared/imagenet512/val/n01871265/ILSVRC2012_val_00046452.JPEG reached epsilon at step 44, loss sum: 4.2677, final loss: 0.00089121, weight distance: 0.0036
2025-09-23 05:36:18,394 - INFO - Example /home/projects/bagon/shared/imagenet512/val/n01855672/ILSVRC2012_val_00021351.JPEG reached epsilon at step 44, loss sum: 39.9718, final loss: 0.00084829, weight distance: 0.0034
2025-09-23 05:36:21,534 - INFO - Example /home/projects/bagon/shared/imagenet512/val/n04355933/ILSVRC2012_val_00013601.JPEG reached epsilon at step 42, loss sum: 14.5609, final loss: 0.00094271, weight distance: 0.0033
2025-09-23 05:36:25,834 - INFO - Example /home/projects/bagon/shared/imagenet512/val/n03670208/ILSVRC2012_val_00046007.JPEG reached epsilon at step 64, loss sum: 61.4631, final loss: 0.00091553, weight distance: 0.0047
2025-09-23 05:36:29,122 - INFO - Example /home/projects/bagon/shared/imagenet512/val/n03991062/ILSVRC2012_val_00046887.JPEG reached epsilon at step 44, loss sum: 25.3674, final loss: 0.00095224, weight distance: 0.0031
2025-09-23 05:36:32,573 - INFO - Example /home/projects/bagon/shared/imagenet512/val/n02114367/ILSVRC2012_val_00000912.JPEG reached epsilon at step 48, loss sum: 2.7767, final loss: 0.00096512, weight distance: 0.0040
2025-09-23 05:36:35,691 - INFO - Example /home/projects/bagon/shared/imagenet512/val/n01740131/ILSVRC2012_val_00034000.JPEG reached epsilon at step 42, loss sum: 19.7420, final loss: 0.00087786, weight distance: 0.0031
2025-09-23 05:36:40,644 - INFO - Example /home/projects/bagon/shared/imagenet512/val/n04270147/ILSVRC2012_val_00002285.JPEG reached epsilon at step 77, loss sum: 163.8094, final loss: 0.00099373, weight distance: 0.0062
2025-09-23 05:36:43,764 - INFO - Example /home/projects/bagon/shared/imagenet512/val/n01740131/ILSVRC2012_val_00005663.JPEG reached epsilon at step 41, loss sum: 52.1887, final loss: 0.00081635, weight distance: 0.0032
2025-09-23 05:36:47,277 - INFO - Example /home/projects/bagon/shared/imagenet512/val/n03950228/ILSVRC2012_val_00038943.JPEG reached epsilon at step 49, loss sum: 32.3956, final loss: 0.00090456, weight distance: 0.0037
2025-09-23 05:36:50,355 - INFO - Example /home/projects/bagon/shared/imagenet512/val/n03041632/ILSVRC2012_val_00009367.JPEG reached epsilon at step 41, loss sum: 95.3044, final loss: 0.00082302, weight distance: 0.0032
2025-09-23 05:36:55,180 - INFO - Example /home/projects/bagon/shared/imagenet512/val/n02808440/ILSVRC2012_val_00048621.JPEG reached epsilon at step 74, loss sum: 61.2347, final loss: 0.00093603, weight distance: 0.0055
2025-09-23 05:36:58,405 - INFO - Example /home/projects/bagon/shared/imagenet512/val/n01494475/ILSVRC2012_val_00021325.JPEG reached epsilon at step 44, loss sum: 24.1104, final loss: 0.00099468, weight distance: 0.0029
2025-09-23 05:37:01,733 - INFO - Example /home/projects/bagon/shared/imagenet512/val/n02865351/ILSVRC2012_val_00033619.JPEG reached epsilon at step 45, loss sum: 1.5360, final loss: 0.00097370, weight distance: 0.0037
2025-09-23 05:37:04,685 - INFO - Example /home/projects/bagon/shared/imagenet512/val/n03930630/ILSVRC2012_val_00026503.JPEG reached epsilon at step 39, loss sum: 3.1971, final loss: 0.00087357, weight distance: 0.0032
2025-09-23 05:37:08,508 - INFO - Example /home/projects/bagon/shared/imagenet512/val/n02229544/ILSVRC2012_val_00021602.JPEG reached epsilon at step 54, loss sum: 89.6451, final loss: 0.00092268, weight distance: 0.0039
2025-09-23 05:37:12,872 - INFO - Example /home/projects/bagon/shared/imagenet512/val/n04589890/ILSVRC2012_val_00037176.JPEG reached epsilon at step 65, loss sum: 58.8812, final loss: 0.00093794, weight distance: 0.0048
2025-09-23 05:37:15,531 - INFO - Example /home/projects/bagon/shared/imagenet512/val/n03742115/ILSVRC2012_val_00017758.JPEG reached epsilon at step 33, loss sum: 3.5834, final loss: 0.00091982, weight distance: 0.0026
2025-09-23 05:37:18,249 - INFO - Example /home/projects/bagon/shared/imagenet512/val/n04482393/ILSVRC2012_val_00029793.JPEG reached epsilon at step 34, loss sum: 7.4845, final loss: 0.00094700, weight distance: 0.0026
2025-09-23 05:37:21,701 - INFO - Example /home/projects/bagon/shared/imagenet512/val/n02093991/ILSVRC2012_val_00037891.JPEG reached epsilon at step 48, loss sum: 57.1871, final loss: 0.00094032, weight distance: 0.0036
2025-09-23 05:37:25,839 - INFO - Example /home/projects/bagon/shared/imagenet512/val/n04264628/ILSVRC2012_val_00023229.JPEG reached epsilon at step 61, loss sum: 16.6103, final loss: 0.00097752, weight distance: 0.0046
2025-09-23 05:37:29,058 - INFO - Example /home/projects/bagon/shared/imagenet512/val/n03787032/ILSVRC2012_val_00046116.JPEG reached epsilon at step 44, loss sum: 15.8541, final loss: 0.00086308, weight distance: 0.0034
2025-09-23 05:37:31,855 - INFO - Example /home/projects/bagon/shared/imagenet512/val/n02107142/ILSVRC2012_val_00013297.JPEG reached epsilon at step 35, loss sum: 3.3597, final loss: 0.00093222, weight distance: 0.0028
2025-09-23 05:37:34,385 - INFO - Example /home/projects/bagon/shared/imagenet512/val/n02788148/ILSVRC2012_val_00038971.JPEG reached epsilon at step 31, loss sum: 11.5729, final loss: 0.00093746, weight distance: 0.0023
2025-09-23 05:37:37,933 - INFO - Example /home/projects/bagon/shared/imagenet512/val/n02085620/ILSVRC2012_val_00022609.JPEG reached epsilon at step 49, loss sum: 19.0573, final loss: 0.00095606, weight distance: 0.0036
2025-09-23 05:37:41,287 - INFO - Example /home/projects/bagon/shared/imagenet512/val/n02988304/ILSVRC2012_val_00007901.JPEG reached epsilon at step 46, loss sum: 14.2557, final loss: 0.00083876, weight distance: 0.0036
2025-09-23 05:37:44,131 - INFO - Example /home/projects/bagon/shared/imagenet512/val/n03065424/ILSVRC2012_val_00047628.JPEG reached epsilon at step 37, loss sum: 49.4971, final loss: 0.00085068, weight distance: 0.0028
2025-09-23 05:37:47,733 - INFO - Example /home/projects/bagon/shared/imagenet512/val/n02412080/ILSVRC2012_val_00023019.JPEG reached epsilon at step 51, loss sum: 10.4334, final loss: 0.00089169, weight distance: 0.0041
2025-09-23 05:37:51,719 - INFO - Example /home/projects/bagon/shared/imagenet512/val/n03026506/ILSVRC2012_val_00027009.JPEG reached epsilon at step 59, loss sum: 24.3109, final loss: 0.00099659, weight distance: 0.0039
2025-09-23 05:37:55,443 - INFO - Example /home/projects/bagon/shared/imagenet512/val/n15075141/ILSVRC2012_val_00020175.JPEG reached epsilon at step 54, loss sum: 45.3172, final loss: 0.00098991, weight distance: 0.0042
2025-09-23 05:37:59,325 - INFO - Example /home/projects/bagon/shared/imagenet512/val/n02443114/ILSVRC2012_val_00043015.JPEG reached epsilon at step 57, loss sum: 42.5617, final loss: 0.00099277, weight distance: 0.0042
2025-09-23 05:38:02,993 - INFO - Example /home/projects/bagon/shared/imagenet512/val/n02966687/ILSVRC2012_val_00003360.JPEG reached epsilon at step 53, loss sum: 18.0486, final loss: 0.00091267, weight distance: 0.0040
2025-09-23 05:38:06,836 - INFO - Example /home/projects/bagon/shared/imagenet512/val/n02870880/ILSVRC2012_val_00032229.JPEG reached epsilon at step 56, loss sum: 11.6561, final loss: 0.00096941, weight distance: 0.0044
2025-09-23 05:38:11,821 - INFO - Example /home/projects/bagon/shared/imagenet512/val/n03942813/ILSVRC2012_val_00009929.JPEG reached epsilon at step 78, loss sum: 127.5654, final loss: 0.00095224, weight distance: 0.0056
2025-09-23 05:38:15,804 - INFO - Example /home/projects/bagon/shared/imagenet512/val/n03866082/ILSVRC2012_val_00048048.JPEG reached epsilon at step 59, loss sum: 45.3939, final loss: 0.00099182, weight distance: 0.0048
2025-09-23 05:38:20,476 - INFO - Example /home/projects/bagon/shared/imagenet512/val/n02002724/ILSVRC2012_val_00023789.JPEG reached epsilon at step 72, loss sum: 100.8292, final loss: 0.00089741, weight distance: 0.0056
2025-09-23 05:38:25,521 - INFO - Example /home/projects/bagon/shared/imagenet512/val/n04356056/ILSVRC2012_val_00042753.JPEG reached epsilon at step 79, loss sum: 54.1779, final loss: 0.00092554, weight distance: 0.0063
2025-09-23 05:38:28,721 - INFO - Example /home/projects/bagon/shared/imagenet512/val/n04111531/ILSVRC2012_val_00039789.JPEG reached epsilon at step 44, loss sum: 3.7504, final loss: 0.00095558, weight distance: 0.0036
2025-09-23 05:38:33,305 - INFO - Example /home/projects/bagon/shared/imagenet512/val/n02488291/ILSVRC2012_val_00018175.JPEG reached epsilon at step 69, loss sum: 19.8282, final loss: 0.00095320, weight distance: 0.0051
2025-09-23 05:38:37,037 - INFO - Example /home/projects/bagon/shared/imagenet512/val/n02871525/ILSVRC2012_val_00012405.JPEG reached epsilon at step 54, loss sum: 31.9404, final loss: 0.00093460, weight distance: 0.0040
2025-09-23 05:38:40,784 - INFO - Example /home/projects/bagon/shared/imagenet512/val/n03788195/ILSVRC2012_val_00035910.JPEG reached epsilon at step 54, loss sum: 39.8437, final loss: 0.00099850, weight distance: 0.0042
2025-09-23 05:38:44,310 - INFO - Example /home/projects/bagon/shared/imagenet512/val/n03250847/ILSVRC2012_val_00001295.JPEG reached epsilon at step 49, loss sum: 68.2291, final loss: 0.00096083, weight distance: 0.0037
2025-09-23 05:38:47,686 - INFO - Example /home/projects/bagon/shared/imagenet512/val/n07871810/ILSVRC2012_val_00014188.JPEG reached epsilon at step 47, loss sum: 39.8105, final loss: 0.00096750, weight distance: 0.0035
2025-09-23 05:38:52,966 - INFO - Example /home/projects/bagon/shared/imagenet512/val/n03710637/ILSVRC2012_val_00012080.JPEG reached epsilon at step 84, loss sum: 20.8438, final loss: 0.00099850, weight distance: 0.0066
2025-09-23 05:38:57,943 - INFO - Example /home/projects/bagon/shared/imagenet512/val/n03773504/ILSVRC2012_val_00012289.JPEG reached epsilon at step 76, loss sum: 9.4068, final loss: 0.00098610, weight distance: 0.0059
2025-09-23 05:39:01,012 - INFO - Example /home/projects/bagon/shared/imagenet512/val/n02168699/ILSVRC2012_val_00008858.JPEG reached epsilon at step 41, loss sum: 35.7842, final loss: 0.00088501, weight distance: 0.0030
2025-09-23 05:39:04,545 - INFO - Example /home/projects/bagon/shared/imagenet512/val/n07875152/ILSVRC2012_val_00029054.JPEG reached epsilon at step 50, loss sum: 81.1307, final loss: 0.00094604, weight distance: 0.0038
2025-09-23 05:39:09,056 - INFO - Example /home/projects/bagon/shared/imagenet512/val/n01685808/ILSVRC2012_val_00007084.JPEG reached epsilon at step 66, loss sum: 32.0565, final loss: 0.00092411, weight distance: 0.0050
2025-09-23 05:39:12,285 - INFO - Example /home/projects/bagon/shared/imagenet512/val/n01943899/ILSVRC2012_val_00007422.JPEG reached epsilon at step 43, loss sum: 2.4078, final loss: 0.00096130, weight distance: 0.0035
2025-09-23 05:39:15,526 - INFO - Example /home/projects/bagon/shared/imagenet512/val/n07860988/ILSVRC2012_val_00001949.JPEG reached epsilon at step 44, loss sum: 63.1327, final loss: 0.00091791, weight distance: 0.0030
2025-09-23 05:39:18,868 - INFO - Example /home/projects/bagon/shared/imagenet512/val/n03255030/ILSVRC2012_val_00019337.JPEG reached epsilon at step 46, loss sum: 17.3160, final loss: 0.00089312, weight distance: 0.0038
2025-09-23 05:39:22,259 - INFO - Example /home/projects/bagon/shared/imagenet512/val/n01775062/ILSVRC2012_val_00005290.JPEG reached epsilon at step 46, loss sum: 25.7758, final loss: 0.00098419, weight distance: 0.0034
2025-09-23 05:39:25,670 - INFO - Example /home/projects/bagon/shared/imagenet512/val/n03709823/ILSVRC2012_val_00000435.JPEG reached epsilon at step 47, loss sum: 8.2184, final loss: 0.00088358, weight distance: 0.0037
2025-09-23 05:39:29,694 - INFO - Example /home/projects/bagon/shared/imagenet512/val/n04330267/ILSVRC2012_val_00027059.JPEG reached epsilon at step 59, loss sum: 147.5076, final loss: 0.00083923, weight distance: 0.0045
2025-09-23 05:39:33,208 - INFO - Example /home/projects/bagon/shared/imagenet512/val/n03014705/ILSVRC2012_val_00042636.JPEG reached epsilon at step 50, loss sum: 92.4839, final loss: 0.00092077, weight distance: 0.0039
2025-09-23 05:39:36,772 - INFO - Example /home/projects/bagon/shared/imagenet512/val/n03995372/ILSVRC2012_val_00015214.JPEG reached epsilon at step 51, loss sum: 121.8092, final loss: 0.00086927, weight distance: 0.0042
2025-09-23 05:39:41,240 - INFO - Example /home/projects/bagon/shared/imagenet512/val/n03476991/ILSVRC2012_val_00012907.JPEG reached epsilon at step 68, loss sum: 114.5227, final loss: 0.00091839, weight distance: 0.0053
2025-09-23 05:39:44,363 - INFO - Example /home/projects/bagon/shared/imagenet512/val/n04328186/ILSVRC2012_val_00038729.JPEG reached epsilon at step 42, loss sum: 23.8007, final loss: 0.00090361, weight distance: 0.0034
2025-09-23 05:39:49,006 - INFO - Example /home/projects/bagon/shared/imagenet512/val/n02113186/ILSVRC2012_val_00049129.JPEG reached epsilon at step 71, loss sum: 182.8592, final loss: 0.00077057, weight distance: 0.0056
2025-09-23 05:39:51,957 - INFO - Example /home/projects/bagon/shared/imagenet512/val/n03777754/ILSVRC2012_val_00038834.JPEG reached epsilon at step 39, loss sum: 33.3075, final loss: 0.00078869, weight distance: 0.0031
2025-09-23 05:39:55,333 - INFO - Example /home/projects/bagon/shared/imagenet512/val/n02134418/ILSVRC2012_val_00044901.JPEG reached epsilon at step 47, loss sum: 14.4878, final loss: 0.00090456, weight distance: 0.0034
2025-09-23 05:39:59,139 - INFO - Example /home/projects/bagon/shared/imagenet512/val/n02089973/ILSVRC2012_val_00036728.JPEG reached epsilon at step 55, loss sum: 19.2337, final loss: 0.00092077, weight distance: 0.0045
2025-09-23 05:40:03,277 - INFO - Example /home/projects/bagon/shared/imagenet512/val/n01729977/ILSVRC2012_val_00021617.JPEG reached epsilon at step 62, loss sum: 35.1269, final loss: 0.00093174, weight distance: 0.0048
2025-09-23 05:40:06,588 - INFO - Example /home/projects/bagon/shared/imagenet512/val/n01728572/ILSVRC2012_val_00035167.JPEG reached epsilon at step 46, loss sum: 75.3018, final loss: 0.00094748, weight distance: 0.0033
2025-09-23 05:40:09,548 - INFO - Example /home/projects/bagon/shared/imagenet512/val/n03908714/ILSVRC2012_val_00046070.JPEG reached epsilon at step 39, loss sum: 9.4105, final loss: 0.00076962, weight distance: 0.0032
2025-09-23 05:40:13,940 - INFO - Example /home/projects/bagon/shared/imagenet512/val/n02877765/ILSVRC2012_val_00006518.JPEG reached epsilon at step 66, loss sum: 72.2402, final loss: 0.00091696, weight distance: 0.0044
2025-09-23 05:40:17,282 - INFO - Example /home/projects/bagon/shared/imagenet512/val/n03803284/ILSVRC2012_val_00012683.JPEG reached epsilon at step 46, loss sum: 9.3906, final loss: 0.00096893, weight distance: 0.0034
2025-09-23 05:40:19,718 - INFO - Example /home/projects/bagon/shared/imagenet512/val/n03630383/ILSVRC2012_val_00039803.JPEG reached epsilon at step 29, loss sum: 0.7130, final loss: 0.00098228, weight distance: 0.0022
2025-09-23 05:40:23,483 - INFO - Example /home/projects/bagon/shared/imagenet512/val/n02398521/ILSVRC2012_val_00023663.JPEG reached epsilon at step 54, loss sum: 9.6302, final loss: 0.00096846, weight distance: 0.0038
2025-09-23 05:40:27,970 - INFO - Example /home/projects/bagon/shared/imagenet512/val/n06874185/ILSVRC2012_val_00024952.JPEG reached epsilon at step 68, loss sum: 17.7043, final loss: 0.00093222, weight distance: 0.0047
2025-09-23 05:40:31,887 - INFO - Example /home/projects/bagon/shared/imagenet512/val/n04442312/ILSVRC2012_val_00005123.JPEG reached epsilon at step 57, loss sum: 118.6736, final loss: 0.00092602, weight distance: 0.0046
2025-09-23 05:40:34,641 - INFO - Example /home/projects/bagon/shared/imagenet512/val/n04325704/ILSVRC2012_val_00015383.JPEG reached epsilon at step 35, loss sum: 14.1493, final loss: 0.00089407, weight distance: 0.0027
2025-09-23 05:40:37,840 - INFO - Example /home/projects/bagon/shared/imagenet512/val/n03400231/ILSVRC2012_val_00044810.JPEG reached epsilon at step 42, loss sum: 22.0342, final loss: 0.00082207, weight distance: 0.0033
2025-09-23 05:40:41,347 - INFO - Example /home/projects/bagon/shared/imagenet512/val/n03388043/ILSVRC2012_val_00013530.JPEG reached epsilon at step 49, loss sum: 27.1547, final loss: 0.00096941, weight distance: 0.0035
2025-09-23 05:40:44,838 - INFO - Example /home/projects/bagon/shared/imagenet512/val/n04238763/ILSVRC2012_val_00029103.JPEG reached epsilon at step 49, loss sum: 53.8276, final loss: 0.00099564, weight distance: 0.0035
2025-09-23 05:40:48,226 - INFO - Example /home/projects/bagon/shared/imagenet512/val/n02098413/ILSVRC2012_val_00008859.JPEG reached epsilon at step 46, loss sum: 46.4203, final loss: 0.00096607, weight distance: 0.0035
2025-09-23 05:40:51,266 - INFO - Example /home/projects/bagon/shared/imagenet512/val/n02114855/ILSVRC2012_val_00036450.JPEG reached epsilon at step 40, loss sum: 10.7531, final loss: 0.00087118, weight distance: 0.0030
2025-09-23 05:40:54,463 - INFO - Example /home/projects/bagon/shared/imagenet512/val/n02395406/ILSVRC2012_val_00017374.JPEG reached epsilon at step 43, loss sum: 7.4814, final loss: 0.00098610, weight distance: 0.0031
2025-09-23 05:40:57,558 - INFO - Example /home/projects/bagon/shared/imagenet512/val/n02066245/ILSVRC2012_val_00022756.JPEG reached epsilon at step 41, loss sum: 35.5205, final loss: 0.00092888, weight distance: 0.0031
2025-09-23 05:41:00,803 - INFO - Example /home/projects/bagon/shared/imagenet512/val/n04285008/ILSVRC2012_val_00010983.JPEG reached epsilon at step 44, loss sum: 15.3375, final loss: 0.00088406, weight distance: 0.0034
2025-09-23 05:41:04,733 - INFO - Example /home/projects/bagon/shared/imagenet512/val/n04579145/ILSVRC2012_val_00015875.JPEG reached epsilon at step 57, loss sum: 63.3547, final loss: 0.00086927, weight distance: 0.0041
2025-09-23 05:41:08,672 - INFO - Example /home/projects/bagon/shared/imagenet512/val/n01855032/ILSVRC2012_val_00042824.JPEG reached epsilon at step 57, loss sum: 48.8059, final loss: 0.00096560, weight distance: 0.0042
2025-09-23 05:41:11,737 - INFO - Example /home/projects/bagon/shared/imagenet512/val/n03482405/ILSVRC2012_val_00008274.JPEG reached epsilon at step 41, loss sum: 9.8424, final loss: 0.00089264, weight distance: 0.0032
2025-09-23 05:41:15,973 - INFO - Example /home/projects/bagon/shared/imagenet512/val/n02087394/ILSVRC2012_val_00037577.JPEG reached epsilon at step 64, loss sum: 68.5856, final loss: 0.00094414, weight distance: 0.0052
2025-09-23 05:41:21,674 - INFO - Example /home/projects/bagon/shared/imagenet512/val/n02107908/ILSVRC2012_val_00027905.JPEG reached epsilon at step 91, loss sum: 38.8365, final loss: 0.00095892, weight distance: 0.0066
2025-09-23 05:41:25,307 - INFO - Example /home/projects/bagon/shared/imagenet512/val/n02795169/ILSVRC2012_val_00041781.JPEG reached epsilon at step 52, loss sum: 16.2602, final loss: 0.00099564, weight distance: 0.0036
2025-09-23 05:41:28,847 - INFO - Example /home/projects/bagon/shared/imagenet512/val/n02087046/ILSVRC2012_val_00013133.JPEG reached epsilon at step 50, loss sum: 32.4819, final loss: 0.00091410, weight distance: 0.0039
2025-09-23 05:41:32,513 - INFO - Example /home/projects/bagon/shared/imagenet512/val/n03259280/ILSVRC2012_val_00021316.JPEG reached epsilon at step 51, loss sum: 41.8282, final loss: 0.00096893, weight distance: 0.0040
2025-09-23 05:41:35,318 - INFO - Example /home/projects/bagon/shared/imagenet512/val/n04325704/ILSVRC2012_val_00025418.JPEG reached epsilon at step 36, loss sum: 22.6483, final loss: 0.00089645, weight distance: 0.0026
2025-09-23 05:41:39,065 - INFO - Example /home/projects/bagon/shared/imagenet512/val/n02927161/ILSVRC2012_val_00000071.JPEG reached epsilon at step 54, loss sum: 34.8076, final loss: 0.00098705, weight distance: 0.0042
2025-09-23 05:41:42,719 - INFO - Example /home/projects/bagon/shared/imagenet512/val/n02264363/ILSVRC2012_val_00034213.JPEG reached epsilon at step 52, loss sum: 47.3365, final loss: 0.00099373, weight distance: 0.0040
2025-09-23 05:41:47,132 - INFO - Example /home/projects/bagon/shared/imagenet512/val/n03594734/ILSVRC2012_val_00023880.JPEG reached epsilon at step 66, loss sum: 79.9121, final loss: 0.00096464, weight distance: 0.0054
2025-09-23 05:41:51,391 - INFO - Example /home/projects/bagon/shared/imagenet512/val/n04523525/ILSVRC2012_val_00029349.JPEG reached epsilon at step 64, loss sum: 66.2428, final loss: 0.00095463, weight distance: 0.0047
2025-09-23 05:41:54,444 - INFO - Example /home/projects/bagon/shared/imagenet512/val/n04604644/ILSVRC2012_val_00005517.JPEG reached epsilon at step 41, loss sum: 40.3252, final loss: 0.00098705, weight distance: 0.0028
2025-09-23 05:41:57,743 - INFO - Example /home/projects/bagon/shared/imagenet512/val/n04332243/ILSVRC2012_val_00001470.JPEG reached epsilon at step 46, loss sum: 43.9637, final loss: 0.00091791, weight distance: 0.0034
2025-09-23 05:42:01,776 - INFO - Example /home/projects/bagon/shared/imagenet512/val/n04041544/ILSVRC2012_val_00035362.JPEG reached epsilon at step 60, loss sum: 29.9676, final loss: 0.00090027, weight distance: 0.0049
2025-09-23 05:42:04,715 - INFO - Example /home/projects/bagon/shared/imagenet512/val/n03250847/ILSVRC2012_val_00035927.JPEG reached epsilon at step 39, loss sum: 20.5314, final loss: 0.00092030, weight distance: 0.0028
2025-09-23 05:42:07,778 - INFO - Example /home/projects/bagon/shared/imagenet512/val/n04070727/ILSVRC2012_val_00022009.JPEG reached epsilon at step 40, loss sum: 11.5323, final loss: 0.00087786, weight distance: 0.0031
2025-09-23 05:42:12,637 - INFO - Example /home/projects/bagon/shared/imagenet512/val/n03814639/ILSVRC2012_val_00001954.JPEG reached epsilon at step 76, loss sum: 205.3054, final loss: 0.00090742, weight distance: 0.0056
2025-09-23 05:42:15,472 - INFO - Example /home/projects/bagon/shared/imagenet512/val/n03201208/ILSVRC2012_val_00002772.JPEG reached epsilon at step 37, loss sum: 0.2990, final loss: 0.00091743, weight distance: 0.0032
2025-09-23 05:42:19,162 - INFO - Example /home/projects/bagon/shared/imagenet512/val/n03065424/ILSVRC2012_val_00009074.JPEG reached epsilon at step 53, loss sum: 31.2881, final loss: 0.00092840, weight distance: 0.0044
2025-09-23 05:42:23,258 - INFO - Example /home/projects/bagon/shared/imagenet512/val/n01742172/ILSVRC2012_val_00031608.JPEG reached epsilon at step 60, loss sum: 13.0063, final loss: 0.00091600, weight distance: 0.0045
2025-09-23 05:42:27,130 - INFO - Example /home/projects/bagon/shared/imagenet512/val/n03085013/ILSVRC2012_val_00001089.JPEG reached epsilon at step 56, loss sum: 12.0409, final loss: 0.00097132, weight distance: 0.0046
2025-09-23 05:42:29,731 - INFO - Example /home/projects/bagon/shared/imagenet512/val/n03633091/ILSVRC2012_val_00045311.JPEG reached epsilon at step 32, loss sum: 14.2070, final loss: 0.00098133, weight distance: 0.0024
2025-09-23 05:42:33,540 - INFO - Example /home/projects/bagon/shared/imagenet512/val/n04328186/ILSVRC2012_val_00045012.JPEG reached epsilon at step 55, loss sum: 87.4596, final loss: 0.00089884, weight distance: 0.0044
2025-09-23 05:42:38,121 - INFO - Example /home/projects/bagon/shared/imagenet512/val/n04435653/ILSVRC2012_val_00008308.JPEG reached epsilon at step 69, loss sum: 22.4414, final loss: 0.00098896, weight distance: 0.0047
2025-09-23 05:42:41,570 - INFO - Example /home/projects/bagon/shared/imagenet512/val/n03337140/ILSVRC2012_val_00032599.JPEG reached epsilon at step 48, loss sum: 57.6537, final loss: 0.00092173, weight distance: 0.0038
2025-09-23 05:42:45,312 - INFO - Example /home/projects/bagon/shared/imagenet512/val/n01980166/ILSVRC2012_val_00021269.JPEG reached epsilon at step 54, loss sum: 11.2626, final loss: 0.00095844, weight distance: 0.0036
2025-09-23 05:42:48,635 - INFO - Example /home/projects/bagon/shared/imagenet512/val/n04336792/ILSVRC2012_val_00009356.JPEG reached epsilon at step 46, loss sum: 36.5578, final loss: 0.00092697, weight distance: 0.0037
2025-09-23 05:42:52,277 - INFO - Example /home/projects/bagon/shared/imagenet512/val/n02747177/ILSVRC2012_val_00023490.JPEG reached epsilon at step 52, loss sum: 24.0590, final loss: 0.00091791, weight distance: 0.0042
2025-09-23 05:42:55,461 - INFO - Example /home/projects/bagon/shared/imagenet512/val/n03942813/ILSVRC2012_val_00014523.JPEG reached epsilon at step 43, loss sum: 20.2028, final loss: 0.00089025, weight distance: 0.0033
2025-09-23 05:42:58,149 - INFO - Example /home/projects/bagon/shared/imagenet512/val/n04041544/ILSVRC2012_val_00023399.JPEG reached epsilon at step 34, loss sum: 3.8917, final loss: 0.00089407, weight distance: 0.0026
2025-09-23 05:43:00,351 - INFO - Example /home/projects/bagon/shared/imagenet512/val/n02871525/ILSVRC2012_val_00034700.JPEG reached epsilon at step 25, loss sum: 1.8935, final loss: 0.00081587, weight distance: 0.0020
2025-09-23 05:43:04,951 - INFO - Example /home/projects/bagon/shared/imagenet512/val/n04065272/ILSVRC2012_val_00016610.JPEG reached epsilon at step 71, loss sum: 71.1857, final loss: 0.00096416, weight distance: 0.0056
2025-09-23 05:43:08,028 - INFO - Example /home/projects/bagon/shared/imagenet512/val/n03661043/ILSVRC2012_val_00026253.JPEG reached epsilon at step 40, loss sum: 6.3214, final loss: 0.00093508, weight distance: 0.0031
2025-09-23 05:43:11,300 - INFO - Example /home/projects/bagon/shared/imagenet512/val/n03445777/ILSVRC2012_val_00038005.JPEG reached epsilon at step 45, loss sum: 23.0250, final loss: 0.00089741, weight distance: 0.0035
2025-09-23 05:43:14,300 - INFO - Example /home/projects/bagon/shared/imagenet512/val/n04136333/ILSVRC2012_val_00013068.JPEG reached epsilon at step 40, loss sum: 14.0068, final loss: 0.00087023, weight distance: 0.0033
2025-09-23 05:43:18,145 - INFO - Example /home/projects/bagon/shared/imagenet512/val/n03376595/ILSVRC2012_val_00008646.JPEG reached epsilon at step 56, loss sum: 136.2564, final loss: 0.00091934, weight distance: 0.0043
2025-09-23 05:43:22,200 - INFO - Example /home/projects/bagon/shared/imagenet512/val/n02012849/ILSVRC2012_val_00025564.JPEG reached epsilon at step 60, loss sum: 16.8130, final loss: 0.00096178, weight distance: 0.0050
2025-09-23 05:43:25,943 - INFO - Example /home/projects/bagon/shared/imagenet512/val/n02412080/ILSVRC2012_val_00026395.JPEG reached epsilon at step 54, loss sum: 12.4451, final loss: 0.00091743, weight distance: 0.0043
2025-09-23 05:43:29,599 - INFO - Example /home/projects/bagon/shared/imagenet512/val/n02236044/ILSVRC2012_val_00010653.JPEG reached epsilon at step 52, loss sum: 81.9869, final loss: 0.00098991, weight distance: 0.0039
2025-09-23 05:43:33,608 - INFO - Example /home/projects/bagon/shared/imagenet512/val/n02437616/ILSVRC2012_val_00046051.JPEG reached epsilon at step 59, loss sum: 92.8001, final loss: 0.00091982, weight distance: 0.0042
2025-09-23 05:43:36,932 - INFO - Example /home/projects/bagon/shared/imagenet512/val/n02840245/ILSVRC2012_val_00036605.JPEG reached epsilon at step 46, loss sum: 42.8211, final loss: 0.00096893, weight distance: 0.0036
2025-09-23 05:43:40,050 - INFO - Example /home/projects/bagon/shared/imagenet512/val/n04443257/ILSVRC2012_val_00032397.JPEG reached epsilon at step 42, loss sum: 26.9953, final loss: 0.00083160, weight distance: 0.0033
2025-09-23 05:43:43,855 - INFO - Example /home/projects/bagon/shared/imagenet512/val/n02916936/ILSVRC2012_val_00047056.JPEG reached epsilon at step 55, loss sum: 79.2287, final loss: 0.00088120, weight distance: 0.0042
2025-09-23 05:43:47,567 - INFO - Example /home/projects/bagon/shared/imagenet512/val/n03743016/ILSVRC2012_val_00012483.JPEG reached epsilon at step 53, loss sum: 36.3105, final loss: 0.00094938, weight distance: 0.0037
2025-09-23 05:43:51,715 - INFO - Example /home/projects/bagon/shared/imagenet512/val/n02797295/ILSVRC2012_val_00039627.JPEG reached epsilon at step 62, loss sum: 47.9097, final loss: 0.00095797, weight distance: 0.0045
2025-09-23 05:43:53,936 - INFO - Example /home/projects/bagon/shared/imagenet512/val/n04065272/ILSVRC2012_val_00013136.JPEG reached epsilon at step 25, loss sum: 0.3434, final loss: 0.00090981, weight distance: 0.0019
2025-09-23 05:43:56,904 - INFO - Example /home/projects/bagon/shared/imagenet512/val/n03692522/ILSVRC2012_val_00044466.JPEG reached epsilon at step 40, loss sum: 27.6279, final loss: 0.00086641, weight distance: 0.0031
2025-09-23 05:44:00,469 - INFO - Example /home/projects/bagon/shared/imagenet512/val/n04509417/ILSVRC2012_val_00018937.JPEG reached epsilon at step 51, loss sum: 85.2556, final loss: 0.00094271, weight distance: 0.0040
2025-09-23 05:44:04,974 - INFO - Example /home/projects/bagon/shared/imagenet512/val/n02655020/ILSVRC2012_val_00000918.JPEG reached epsilon at step 69, loss sum: 56.9601, final loss: 0.00097752, weight distance: 0.0048
2025-09-23 05:44:07,423 - INFO - Example /home/projects/bagon/shared/imagenet512/val/n03400231/ILSVRC2012_val_00049474.JPEG reached epsilon at step 28, loss sum: 1.2010, final loss: 0.00096512, weight distance: 0.0023
2025-09-23 05:44:11,340 - INFO - Example /home/projects/bagon/shared/imagenet512/val/n03770439/ILSVRC2012_val_00010493.JPEG reached epsilon at step 57, loss sum: 37.5260, final loss: 0.00090170, weight distance: 0.0045
2025-09-23 05:44:15,401 - INFO - Example /home/projects/bagon/shared/imagenet512/val/n03384352/ILSVRC2012_val_00006277.JPEG reached epsilon at step 60, loss sum: 84.0689, final loss: 0.00092983, weight distance: 0.0042
2025-09-23 05:44:18,119 - INFO - Example /home/projects/bagon/shared/imagenet512/val/n02808304/ILSVRC2012_val_00020204.JPEG reached epsilon at step 34, loss sum: 14.1201, final loss: 0.00087786, weight distance: 0.0022
2025-09-23 05:44:22,009 - INFO - Example /home/projects/bagon/shared/imagenet512/val/n04482393/ILSVRC2012_val_00025759.JPEG reached epsilon at step 56, loss sum: 50.4801, final loss: 0.00089979, weight distance: 0.0044
2025-09-23 05:44:25,669 - INFO - Example /home/projects/bagon/shared/imagenet512/val/n01734418/ILSVRC2012_val_00017967.JPEG reached epsilon at step 52, loss sum: 22.7639, final loss: 0.00097322, weight distance: 0.0041
2025-09-23 05:44:29,659 - INFO - Example /home/projects/bagon/shared/imagenet512/val/n01682714/ILSVRC2012_val_00011129.JPEG reached epsilon at step 58, loss sum: 15.7853, final loss: 0.00097322, weight distance: 0.0044
2025-09-23 05:44:33,524 - INFO - Example /home/projects/bagon/shared/imagenet512/val/n04090263/ILSVRC2012_val_00034127.JPEG reached epsilon at step 56, loss sum: 94.6297, final loss: 0.00090837, weight distance: 0.0045
2025-09-23 05:44:37,854 - INFO - Example /home/projects/bagon/shared/imagenet512/val/n01532829/ILSVRC2012_val_00048144.JPEG reached epsilon at step 65, loss sum: 50.7437, final loss: 0.00097513, weight distance: 0.0045
2025-09-23 05:44:40,767 - INFO - Example /home/projects/bagon/shared/imagenet512/val/n03838899/ILSVRC2012_val_00020624.JPEG reached epsilon at step 38, loss sum: 10.6800, final loss: 0.00094700, weight distance: 0.0028
2025-09-23 05:44:44,013 - INFO - Example /home/projects/bagon/shared/imagenet512/val/n03891332/ILSVRC2012_val_00038975.JPEG reached epsilon at step 44, loss sum: 30.0529, final loss: 0.00098705, weight distance: 0.0035
2025-09-23 05:44:47,101 - INFO - Example /home/projects/bagon/shared/imagenet512/val/n15075141/ILSVRC2012_val_00049174.JPEG reached epsilon at step 42, loss sum: 53.6030, final loss: 0.00097370, weight distance: 0.0034
2025-09-23 05:44:50,572 - INFO - Example /home/projects/bagon/shared/imagenet512/val/n02410509/ILSVRC2012_val_00016437.JPEG reached epsilon at step 47, loss sum: 88.6721, final loss: 0.00089979, weight distance: 0.0036
2025-09-23 05:44:54,196 - INFO - Example /home/projects/bagon/shared/imagenet512/val/n02488291/ILSVRC2012_val_00039767.JPEG reached epsilon at step 52, loss sum: 25.7573, final loss: 0.00091887, weight distance: 0.0041
2025-09-23 05:44:57,347 - INFO - Example /home/projects/bagon/shared/imagenet512/val/n04517823/ILSVRC2012_val_00037540.JPEG reached epsilon at step 43, loss sum: 69.9810, final loss: 0.00086451, weight distance: 0.0033
2025-09-23 05:45:00,656 - INFO - Example /home/projects/bagon/shared/imagenet512/val/n02488291/ILSVRC2012_val_00045431.JPEG reached epsilon at step 46, loss sum: 38.1418, final loss: 0.00098038, weight distance: 0.0034
2025-09-23 05:45:04,167 - INFO - Example /home/projects/bagon/shared/imagenet512/val/n02256656/ILSVRC2012_val_00024538.JPEG reached epsilon at step 50, loss sum: 26.5885, final loss: 0.00099277, weight distance: 0.0035
2025-09-23 05:45:09,200 - INFO - Example /home/projects/bagon/shared/imagenet512/val/n04505470/ILSVRC2012_val_00000666.JPEG reached epsilon at step 79, loss sum: 53.9789, final loss: 0.00095987, weight distance: 0.0060
2025-09-23 05:45:12,879 - INFO - Example /home/projects/bagon/shared/imagenet512/val/n07695742/ILSVRC2012_val_00019608.JPEG reached epsilon at step 53, loss sum: 88.6425, final loss: 0.00098133, weight distance: 0.0040
2025-09-23 05:45:15,191 - INFO - Example /home/projects/bagon/shared/imagenet512/val/n02930766/ILSVRC2012_val_00041873.JPEG reached epsilon at step 27, loss sum: 0.9661, final loss: 0.00089502, weight distance: 0.0022
2025-09-23 05:45:19,193 - INFO - Example /home/projects/bagon/shared/imagenet512/val/n04141975/ILSVRC2012_val_00018820.JPEG reached epsilon at step 59, loss sum: 68.9673, final loss: 0.00086164, weight distance: 0.0047
2025-09-23 05:45:21,877 - INFO - Example /home/projects/bagon/shared/imagenet512/val/n03792782/ILSVRC2012_val_00012096.JPEG reached epsilon at step 34, loss sum: 40.1004, final loss: 0.00091743, weight distance: 0.0024
2025-09-23 05:45:25,926 - INFO - Example /home/projects/bagon/shared/imagenet512/val/n04612504/ILSVRC2012_val_00025092.JPEG reached epsilon at step 60, loss sum: 72.8112, final loss: 0.00098801, weight distance: 0.0047
2025-09-23 05:45:30,319 - INFO - Example /home/projects/bagon/shared/imagenet512/val/n04152593/ILSVRC2012_val_00006324.JPEG reached epsilon at step 66, loss sum: 19.0021, final loss: 0.00096369, weight distance: 0.0054
2025-09-23 05:45:33,502 - INFO - Example /home/projects/bagon/shared/imagenet512/val/n03977966/ILSVRC2012_val_00044943.JPEG reached epsilon at step 43, loss sum: 15.4161, final loss: 0.00095177, weight distance: 0.0032
2025-09-23 05:45:37,556 - INFO - Example /home/projects/bagon/shared/imagenet512/val/n01693334/ILSVRC2012_val_00004102.JPEG reached epsilon at step 54, loss sum: 45.6331, final loss: 0.00090027, weight distance: 0.0040
2025-09-23 05:45:41,424 - INFO - Example /home/projects/bagon/shared/imagenet512/val/n03832673/ILSVRC2012_val_00039119.JPEG reached epsilon at step 56, loss sum: 22.6130, final loss: 0.00095034, weight distance: 0.0046
2025-09-23 05:45:44,836 - INFO - Example /home/projects/bagon/shared/imagenet512/val/n02094433/ILSVRC2012_val_00029023.JPEG reached epsilon at step 48, loss sum: 34.0545, final loss: 0.00096941, weight distance: 0.0037
2025-09-23 05:45:48,855 - INFO - Example /home/projects/bagon/shared/imagenet512/val/n03773504/ILSVRC2012_val_00031503.JPEG reached epsilon at step 59, loss sum: 7.8024, final loss: 0.00087309, weight distance: 0.0050
2025-09-23 05:45:52,538 - INFO - Example /home/projects/bagon/shared/imagenet512/val/n03709823/ILSVRC2012_val_00025557.JPEG reached epsilon at step 53, loss sum: 26.4658, final loss: 0.00095034, weight distance: 0.0042
2025-09-23 05:45:55,790 - INFO - Example /home/projects/bagon/shared/imagenet512/val/n01756291/ILSVRC2012_val_00036901.JPEG reached epsilon at step 44, loss sum: 15.3850, final loss: 0.00086546, weight distance: 0.0034
2025-09-23 05:45:58,614 - INFO - Example /home/projects/bagon/shared/imagenet512/val/n03249569/ILSVRC2012_val_00047468.JPEG reached epsilon at step 37, loss sum: 22.0383, final loss: 0.00092983, weight distance: 0.0028
2025-09-23 05:46:02,164 - INFO - Example /home/projects/bagon/shared/imagenet512/val/n04371774/ILSVRC2012_val_00023421.JPEG reached epsilon at step 49, loss sum: 66.5599, final loss: 0.00088692, weight distance: 0.0039
2025-09-23 05:46:06,281 - INFO - Example /home/projects/bagon/shared/imagenet512/val/n04442312/ILSVRC2012_val_00034394.JPEG reached epsilon at step 61, loss sum: 17.8194, final loss: 0.00097466, weight distance: 0.0046
2025-09-23 05:46:11,133 - INFO - Example /home/projects/bagon/shared/imagenet512/val/n02098286/ILSVRC2012_val_00048420.JPEG reached epsilon at step 74, loss sum: 169.3747, final loss: 0.00096655, weight distance: 0.0057
2025-09-23 05:46:15,547 - INFO - Example /home/projects/bagon/shared/imagenet512/val/n04270147/ILSVRC2012_val_00047511.JPEG reached epsilon at step 66, loss sum: 32.9004, final loss: 0.00092030, weight distance: 0.0052
2025-09-23 05:46:19,081 - INFO - Example /home/projects/bagon/shared/imagenet512/val/n02086240/ILSVRC2012_val_00005898.JPEG reached epsilon at step 50, loss sum: 18.9214, final loss: 0.00096893, weight distance: 0.0040
2025-09-23 05:46:22,726 - INFO - Example /home/projects/bagon/shared/imagenet512/val/n04355933/ILSVRC2012_val_00020228.JPEG reached epsilon at step 52, loss sum: 46.3321, final loss: 0.00086832, weight distance: 0.0042
2025-09-23 05:46:26,612 - INFO - Example /home/projects/bagon/shared/imagenet512/val/n03633091/ILSVRC2012_val_00040857.JPEG reached epsilon at step 56, loss sum: 37.6630, final loss: 0.00097609, weight distance: 0.0046
2025-09-23 05:46:30,440 - INFO - Example /home/projects/bagon/shared/imagenet512/val/n03459775/ILSVRC2012_val_00033224.JPEG reached epsilon at step 56, loss sum: 27.9408, final loss: 0.00094986, weight distance: 0.0044
2025-09-23 05:46:33,548 - INFO - Example /home/projects/bagon/shared/imagenet512/val/n04389033/ILSVRC2012_val_00008055.JPEG reached epsilon at step 42, loss sum: 6.0695, final loss: 0.00093985, weight distance: 0.0030
2025-09-23 05:46:37,511 - INFO - Example /home/projects/bagon/shared/imagenet512/val/n03930630/ILSVRC2012_val_00015879.JPEG reached epsilon at step 59, loss sum: 103.0681, final loss: 0.00089312, weight distance: 0.0043
2025-09-23 05:46:40,484 - INFO - Example /home/projects/bagon/shared/imagenet512/val/n07695742/ILSVRC2012_val_00019850.JPEG reached epsilon at step 40, loss sum: 18.7599, final loss: 0.00096941, weight distance: 0.0029
2025-09-23 05:46:44,258 - INFO - Example /home/projects/bagon/shared/imagenet512/val/n03937543/ILSVRC2012_val_00047389.JPEG reached epsilon at step 54, loss sum: 47.4544, final loss: 0.00092268, weight distance: 0.0038
2025-09-23 05:46:47,572 - INFO - Example /home/projects/bagon/shared/imagenet512/val/n07579787/ILSVRC2012_val_00005376.JPEG reached epsilon at step 46, loss sum: 22.8947, final loss: 0.00089216, weight distance: 0.0036
2025-09-23 05:46:50,959 - INFO - Example /home/projects/bagon/shared/imagenet512/val/n01855672/ILSVRC2012_val_00043927.JPEG reached epsilon at step 48, loss sum: 31.0147, final loss: 0.00093889, weight distance: 0.0036
2025-09-23 05:46:54,836 - INFO - Example /home/projects/bagon/shared/imagenet512/val/n04591157/ILSVRC2012_val_00011466.JPEG reached epsilon at step 57, loss sum: 50.2711, final loss: 0.00098228, weight distance: 0.0040
2025-09-23 05:46:58,306 - INFO - Example /home/projects/bagon/shared/imagenet512/val/n02107142/ILSVRC2012_val_00047225.JPEG reached epsilon at step 49, loss sum: 16.1459, final loss: 0.00090599, weight distance: 0.0040
2025-09-23 05:47:01,652 - INFO - Example /home/projects/bagon/shared/imagenet512/val/n03899768/ILSVRC2012_val_00001665.JPEG reached epsilon at step 46, loss sum: 54.3020, final loss: 0.00087690, weight distance: 0.0035
2025-09-23 05:47:05,158 - INFO - Example /home/projects/bagon/shared/imagenet512/val/n02977058/ILSVRC2012_val_00023322.JPEG reached epsilon at step 50, loss sum: 60.0967, final loss: 0.00089073, weight distance: 0.0039
2025-09-23 05:47:09,569 - INFO - Example /home/projects/bagon/shared/imagenet512/val/n03759954/ILSVRC2012_val_00015055.JPEG reached epsilon at step 67, loss sum: 117.7273, final loss: 0.00083113, weight distance: 0.0049
2025-09-23 05:47:12,397 - INFO - Example /home/projects/bagon/shared/imagenet512/val/n04590129/ILSVRC2012_val_00045588.JPEG reached epsilon at step 37, loss sum: 13.7327, final loss: 0.00099850, weight distance: 0.0030
2025-09-23 05:47:14,918 - INFO - Example /home/projects/bagon/shared/imagenet512/val/n15075141/ILSVRC2012_val_00039432.JPEG reached epsilon at step 31, loss sum: 3.1491, final loss: 0.00085258, weight distance: 0.0021
2025-09-23 05:47:18,854 - INFO - Example /home/projects/bagon/shared/imagenet512/val/n02168699/ILSVRC2012_val_00000926.JPEG reached epsilon at step 58, loss sum: 118.3450, final loss: 0.00094366, weight distance: 0.0043
2025-09-23 05:47:22,434 - INFO - Example /home/projects/bagon/shared/imagenet512/val/n03376595/ILSVRC2012_val_00013225.JPEG reached epsilon at step 51, loss sum: 69.4708, final loss: 0.00091648, weight distance: 0.0039
2025-09-23 05:47:25,930 - INFO - Example /home/projects/bagon/shared/imagenet512/val/n03197337/ILSVRC2012_val_00045617.JPEG reached epsilon at step 48, loss sum: 22.5435, final loss: 0.00090408, weight distance: 0.0038
2025-09-23 05:47:29,186 - INFO - Example /home/projects/bagon/shared/imagenet512/val/n02504458/ILSVRC2012_val_00047534.JPEG reached epsilon at step 44, loss sum: 16.3971, final loss: 0.00099277, weight distance: 0.0034
2025-09-23 05:47:33,049 - INFO - Example /home/projects/bagon/shared/imagenet512/val/n03476991/ILSVRC2012_val_00038369.JPEG reached epsilon at step 56, loss sum: 105.9983, final loss: 0.00081062, weight distance: 0.0046
2025-09-23 05:47:36,484 - INFO - Example /home/projects/bagon/shared/imagenet512/val/n03255030/ILSVRC2012_val_00021820.JPEG reached epsilon at step 48, loss sum: 87.8148, final loss: 0.00091124, weight distance: 0.0033
2025-09-23 05:47:40,239 - INFO - Example /home/projects/bagon/shared/imagenet512/val/n03970156/ILSVRC2012_val_00008755.JPEG reached epsilon at step 54, loss sum: 109.7889, final loss: 0.00084829, weight distance: 0.0041
2025-09-23 05:47:43,646 - INFO - Example /home/projects/bagon/shared/imagenet512/val/n02974003/ILSVRC2012_val_00024401.JPEG reached epsilon at step 48, loss sum: 25.1385, final loss: 0.00094175, weight distance: 0.0038
2025-09-23 05:47:47,443 - INFO - Example /home/projects/bagon/shared/imagenet512/val/n03584254/ILSVRC2012_val_00026160.JPEG reached epsilon at step 55, loss sum: 76.9488, final loss: 0.00092602, weight distance: 0.0043
2025-09-23 05:47:52,344 - INFO - Example /home/projects/bagon/shared/imagenet512/val/n04039381/ILSVRC2012_val_00012341.JPEG reached epsilon at step 77, loss sum: 54.9014, final loss: 0.00094366, weight distance: 0.0056
2025-09-23 05:47:55,915 - INFO - Example /home/projects/bagon/shared/imagenet512/val/n04154565/ILSVRC2012_val_00003547.JPEG reached epsilon at step 50, loss sum: 38.3513, final loss: 0.00095797, weight distance: 0.0040
2025-09-23 05:47:58,866 - INFO - Example /home/projects/bagon/shared/imagenet512/val/n02119789/ILSVRC2012_val_00035439.JPEG reached epsilon at step 39, loss sum: 15.4847, final loss: 0.00091648, weight distance: 0.0031
2025-09-23 05:48:01,719 - INFO - Example /home/projects/bagon/shared/imagenet512/val/n03930630/ILSVRC2012_val_00024317.JPEG reached epsilon at step 36, loss sum: 21.4170, final loss: 0.00098896, weight distance: 0.0026
2025-09-23 05:48:04,823 - INFO - Example /home/projects/bagon/shared/imagenet512/val/n03761084/ILSVRC2012_val_00013197.JPEG reached epsilon at step 42, loss sum: 3.6586, final loss: 0.00099468, weight distance: 0.0032
2025-09-23 05:48:08,204 - INFO - Example /home/projects/bagon/shared/imagenet512/val/n03958227/ILSVRC2012_val_00016676.JPEG reached epsilon at step 46, loss sum: 36.7488, final loss: 0.00094318, weight distance: 0.0036
2025-09-23 05:48:11,091 - INFO - Example /home/projects/bagon/shared/imagenet512/val/n04525038/ILSVRC2012_val_00047348.JPEG reached epsilon at step 38, loss sum: 12.9900, final loss: 0.00088835, weight distance: 0.0028
2025-09-23 05:48:14,413 - INFO - Example /home/projects/bagon/shared/imagenet512/val/n03961711/ILSVRC2012_val_00026724.JPEG reached epsilon at step 45, loss sum: 46.1069, final loss: 0.00092793, weight distance: 0.0035
2025-09-23 05:48:17,050 - INFO - Example /home/projects/bagon/shared/imagenet512/val/n04263257/ILSVRC2012_val_00008511.JPEG reached epsilon at step 33, loss sum: 5.5991, final loss: 0.00085020, weight distance: 0.0023
2025-09-23 05:48:20,709 - INFO - Example /home/projects/bagon/shared/imagenet512/val/n02815834/ILSVRC2012_val_00041737.JPEG reached epsilon at step 51, loss sum: 90.4795, final loss: 0.00093746, weight distance: 0.0038
2025-09-23 05:48:24,172 - INFO - Example /home/projects/bagon/shared/imagenet512/val/n04041544/ILSVRC2012_val_00045875.JPEG reached epsilon at step 48, loss sum: 35.5118, final loss: 0.00089550, weight distance: 0.0039
2025-09-23 05:48:27,497 - INFO - Example /home/projects/bagon/shared/imagenet512/val/n02087394/ILSVRC2012_val_00003154.JPEG reached epsilon at step 46, loss sum: 12.6854, final loss: 0.00083780, weight distance: 0.0035
2025-09-23 05:48:31,308 - INFO - Example /home/projects/bagon/shared/imagenet512/val/n09399592/ILSVRC2012_val_00039034.JPEG reached epsilon at step 55, loss sum: 14.7923, final loss: 0.00089169, weight distance: 0.0040
2025-09-23 05:48:35,218 - INFO - Example /home/projects/bagon/shared/imagenet512/val/n04154565/ILSVRC2012_val_00002722.JPEG reached epsilon at step 57, loss sum: 117.8245, final loss: 0.00096846, weight distance: 0.0044
2025-09-23 05:48:38,541 - INFO - Example /home/projects/bagon/shared/imagenet512/val/n07615774/ILSVRC2012_val_00028426.JPEG reached epsilon at step 46, loss sum: 5.1274, final loss: 0.00098515, weight distance: 0.0035
2025-09-23 05:48:41,934 - INFO - Example /home/projects/bagon/shared/imagenet512/val/n01945685/ILSVRC2012_val_00027532.JPEG reached epsilon at step 47, loss sum: 19.4479, final loss: 0.00090647, weight distance: 0.0037
2025-09-23 05:48:45,577 - INFO - Example /home/projects/bagon/shared/imagenet512/val/n06785654/ILSVRC2012_val_00011956.JPEG reached epsilon at step 52, loss sum: 36.1930, final loss: 0.00093317, weight distance: 0.0035
2025-09-23 05:48:49,317 - INFO - Example /home/projects/bagon/shared/imagenet512/val/n01985128/ILSVRC2012_val_00035967.JPEG reached epsilon at step 54, loss sum: 41.2819, final loss: 0.00099564, weight distance: 0.0043
2025-09-23 05:48:52,979 - INFO - Example /home/projects/bagon/shared/imagenet512/val/n03125729/ILSVRC2012_val_00033220.JPEG reached epsilon at step 52, loss sum: 68.9262, final loss: 0.00091934, weight distance: 0.0040
2025-09-23 05:48:57,721 - INFO - Example /home/projects/bagon/shared/imagenet512/val/n01530575/ILSVRC2012_val_00004006.JPEG reached epsilon at step 72, loss sum: 25.8517, final loss: 0.00097132, weight distance: 0.0050
2025-09-23 05:49:01,284 - INFO - Example /home/projects/bagon/shared/imagenet512/val/n02114855/ILSVRC2012_val_00040727.JPEG reached epsilon at step 51, loss sum: 13.9428, final loss: 0.00094891, weight distance: 0.0040
2025-09-23 05:49:04,955 - INFO - Example /home/projects/bagon/shared/imagenet512/val/n02113624/ILSVRC2012_val_00020054.JPEG reached epsilon at step 53, loss sum: 64.4466, final loss: 0.00087690, weight distance: 0.0042
2025-09-23 05:49:07,648 - INFO - Example /home/projects/bagon/shared/imagenet512/val/n03314780/ILSVRC2012_val_00005269.JPEG reached epsilon at step 33, loss sum: 4.8508, final loss: 0.00088739, weight distance: 0.0026
2025-09-23 05:49:11,276 - INFO - Example /home/projects/bagon/shared/imagenet512/val/n03899768/ILSVRC2012_val_00047929.JPEG reached epsilon at step 52, loss sum: 57.8195, final loss: 0.00094366, weight distance: 0.0040
2025-09-23 05:49:15,137 - INFO - Example /home/projects/bagon/shared/imagenet512/val/n01496331/ILSVRC2012_val_00042751.JPEG reached epsilon at step 57, loss sum: 118.8876, final loss: 0.00099277, weight distance: 0.0040
2025-09-23 05:49:19,189 - INFO - Example /home/projects/bagon/shared/imagenet512/val/n02927161/ILSVRC2012_val_00011500.JPEG reached epsilon at step 60, loss sum: 33.1696, final loss: 0.00094938, weight distance: 0.0045
2025-09-23 05:49:23,518 - INFO - Example /home/projects/bagon/shared/imagenet512/val/n04536866/ILSVRC2012_val_00027587.JPEG reached epsilon at step 65, loss sum: 123.1894, final loss: 0.00090075, weight distance: 0.0045
2025-09-23 05:49:26,981 - INFO - Example /home/projects/bagon/shared/imagenet512/val/n02093859/ILSVRC2012_val_00019041.JPEG reached epsilon at step 49, loss sum: 32.1148, final loss: 0.00089741, weight distance: 0.0038
2025-09-23 05:49:30,526 - INFO - Example /home/projects/bagon/shared/imagenet512/val/n03908618/ILSVRC2012_val_00016756.JPEG reached epsilon at step 50, loss sum: 68.4972, final loss: 0.00088739, weight distance: 0.0038
2025-09-23 05:49:33,538 - INFO - Example /home/projects/bagon/shared/imagenet512/val/n03223299/ILSVRC2012_val_00015640.JPEG reached epsilon at step 40, loss sum: 46.0763, final loss: 0.00097847, weight distance: 0.0027
2025-09-23 05:49:36,805 - INFO - Example /home/projects/bagon/shared/imagenet512/val/n04296562/ILSVRC2012_val_00039881.JPEG reached epsilon at step 45, loss sum: 18.3812, final loss: 0.00096226, weight distance: 0.0035
2025-09-23 05:49:39,770 - INFO - Example /home/projects/bagon/shared/imagenet512/val/n09246464/ILSVRC2012_val_00040283.JPEG reached epsilon at step 39, loss sum: 15.6017, final loss: 0.00085354, weight distance: 0.0028
2025-09-23 05:49:43,474 - INFO - Example /home/projects/bagon/shared/imagenet512/val/n02102177/ILSVRC2012_val_00009871.JPEG reached epsilon at step 53, loss sum: 71.7606, final loss: 0.00087070, weight distance: 0.0040
2025-09-23 05:49:48,274 - INFO - Example /home/projects/bagon/shared/imagenet512/val/n03773504/ILSVRC2012_val_00015813.JPEG reached epsilon at step 74, loss sum: 23.9509, final loss: 0.00093889, weight distance: 0.0059
2025-09-23 05:49:51,950 - INFO - Example /home/projects/bagon/shared/imagenet512/val/n04596742/ILSVRC2012_val_00017513.JPEG reached epsilon at step 53, loss sum: 26.0724, final loss: 0.00089741, weight distance: 0.0044
2025-09-23 05:49:55,659 - INFO - Example /home/projects/bagon/shared/imagenet512/val/n03775546/ILSVRC2012_val_00013396.JPEG reached epsilon at step 53, loss sum: 15.3165, final loss: 0.00099373, weight distance: 0.0040
2025-09-23 05:49:59,776 - INFO - Example /home/projects/bagon/shared/imagenet512/val/n03425413/ILSVRC2012_val_00023044.JPEG reached epsilon at step 61, loss sum: 163.6823, final loss: 0.00097179, weight distance: 0.0042
2025-09-23 05:50:03,236 - INFO - Example /home/projects/bagon/shared/imagenet512/val/n03223299/ILSVRC2012_val_00023938.JPEG reached epsilon at step 49, loss sum: 32.7252, final loss: 0.00090599, weight distance: 0.0037
2025-09-23 05:50:07,682 - INFO - Example /home/projects/bagon/shared/imagenet512/val/n04456115/ILSVRC2012_val_00049142.JPEG reached epsilon at step 67, loss sum: 209.9144, final loss: 0.00087833, weight distance: 0.0054
2025-09-23 05:50:11,170 - INFO - Example /home/projects/bagon/shared/imagenet512/val/n04154565/ILSVRC2012_val_00034399.JPEG reached epsilon at step 49, loss sum: 21.9955, final loss: 0.00094652, weight distance: 0.0039
2025-09-23 05:50:14,648 - INFO - Example /home/projects/bagon/shared/imagenet512/val/n04370456/ILSVRC2012_val_00028860.JPEG reached epsilon at step 49, loss sum: 62.1822, final loss: 0.00092363, weight distance: 0.0036
2025-09-23 05:50:17,941 - INFO - Example /home/projects/bagon/shared/imagenet512/val/n15075141/ILSVRC2012_val_00003181.JPEG reached epsilon at step 45, loss sum: 16.1022, final loss: 0.00096560, weight distance: 0.0035
2025-09-23 05:50:21,638 - INFO - Example /home/projects/bagon/shared/imagenet512/val/n03633091/ILSVRC2012_val_00003741.JPEG reached epsilon at step 53, loss sum: 95.6210, final loss: 0.00098896, weight distance: 0.0038
2025-09-23 05:50:25,307 - INFO - Example /home/projects/bagon/shared/imagenet512/val/n04548362/ILSVRC2012_val_00009738.JPEG reached epsilon at step 52, loss sum: 38.3688, final loss: 0.00088310, weight distance: 0.0042
2025-09-23 05:50:28,406 - INFO - Example /home/projects/bagon/shared/imagenet512/val/n04141327/ILSVRC2012_val_00000039.JPEG reached epsilon at step 41, loss sum: 24.8673, final loss: 0.00098705, weight distance: 0.0028
2025-09-23 05:50:31,861 - INFO - Example /home/projects/bagon/shared/imagenet512/val/n02483708/ILSVRC2012_val_00040264.JPEG reached epsilon at step 47, loss sum: 17.1430, final loss: 0.00089455, weight distance: 0.0037
2025-09-23 05:50:35,991 - INFO - Example /home/projects/bagon/shared/imagenet512/val/n03394916/ILSVRC2012_val_00011691.JPEG reached epsilon at step 60, loss sum: 69.7193, final loss: 0.00098324, weight distance: 0.0041
2025-09-23 05:50:39,642 - INFO - Example /home/projects/bagon/shared/imagenet512/val/n02219486/ILSVRC2012_val_00038182.JPEG reached epsilon at step 52, loss sum: 83.7680, final loss: 0.00096703, weight distance: 0.0038
2025-09-23 05:50:43,441 - INFO - Example /home/projects/bagon/shared/imagenet512/val/n03770679/ILSVRC2012_val_00027151.JPEG reached epsilon at step 54, loss sum: 44.1248, final loss: 0.00092506, weight distance: 0.0043
2025-09-23 05:50:46,941 - INFO - Example /home/projects/bagon/shared/imagenet512/val/n04265275/ILSVRC2012_val_00047522.JPEG reached epsilon at step 49, loss sum: 24.2972, final loss: 0.00090742, weight distance: 0.0039
2025-09-23 05:50:50,842 - INFO - Example /home/projects/bagon/shared/imagenet512/val/n02226429/ILSVRC2012_val_00031573.JPEG reached epsilon at step 56, loss sum: 13.7233, final loss: 0.00094891, weight distance: 0.0043
2025-09-23 05:50:54,310 - INFO - Example /home/projects/bagon/shared/imagenet512/val/n01775062/ILSVRC2012_val_00048649.JPEG reached epsilon at step 49, loss sum: 27.3586, final loss: 0.00096083, weight distance: 0.0036
2025-09-23 05:50:57,702 - INFO - Example /home/projects/bagon/shared/imagenet512/val/n03670208/ILSVRC2012_val_00044056.JPEG reached epsilon at step 48, loss sum: 72.1351, final loss: 0.00088167, weight distance: 0.0038
2025-09-23 05:51:01,168 - INFO - Example /home/projects/bagon/shared/imagenet512/val/n02090721/ILSVRC2012_val_00042118.JPEG reached epsilon at step 49, loss sum: 27.8592, final loss: 0.00092745, weight distance: 0.0035
2025-09-23 05:51:05,839 - INFO - Example /home/projects/bagon/shared/imagenet512/val/n02883205/ILSVRC2012_val_00024771.JPEG reached epsilon at step 72, loss sum: 63.0493, final loss: 0.00094986, weight distance: 0.0056
2025-09-23 05:51:10,403 - INFO - Example /home/projects/bagon/shared/imagenet512/val/n02443114/ILSVRC2012_val_00045602.JPEG reached epsilon at step 70, loss sum: 31.4484, final loss: 0.00093031, weight distance: 0.0055
2025-09-23 05:51:14,416 - INFO - Example /home/projects/bagon/shared/imagenet512/val/n02093428/ILSVRC2012_val_00023528.JPEG reached epsilon at step 59, loss sum: 25.2613, final loss: 0.00095272, weight distance: 0.0047
2025-09-23 05:51:17,829 - INFO - Example /home/projects/bagon/shared/imagenet512/val/n02971356/ILSVRC2012_val_00030745.JPEG reached epsilon at step 48, loss sum: 72.9768, final loss: 0.00092936, weight distance: 0.0035
2025-09-23 05:51:21,803 - INFO - Example /home/projects/bagon/shared/imagenet512/val/n03733805/ILSVRC2012_val_00027672.JPEG reached epsilon at step 59, loss sum: 96.4541, final loss: 0.00099182, weight distance: 0.0044
2025-09-23 05:51:25,004 - INFO - Example /home/projects/bagon/shared/imagenet512/val/n04204238/ILSVRC2012_val_00048590.JPEG reached epsilon at step 44, loss sum: 8.8964, final loss: 0.00095367, weight distance: 0.0033
2025-09-23 05:51:27,681 - INFO - Example /home/projects/bagon/shared/imagenet512/val/n03065424/ILSVRC2012_val_00039625.JPEG reached epsilon at step 34, loss sum: 11.9860, final loss: 0.00092697, weight distance: 0.0024
2025-09-23 05:51:30,456 - INFO - Example /home/projects/bagon/shared/imagenet512/val/n04525038/ILSVRC2012_val_00001794.JPEG reached epsilon at step 36, loss sum: 49.5695, final loss: 0.00096273, weight distance: 0.0025
2025-09-23 05:51:33,674 - INFO - Example /home/projects/bagon/shared/imagenet512/val/n03447721/ILSVRC2012_val_00009274.JPEG reached epsilon at step 44, loss sum: 26.0112, final loss: 0.00097656, weight distance: 0.0030
2025-09-23 05:51:37,203 - INFO - Example /home/projects/bagon/shared/imagenet512/val/n02666196/ILSVRC2012_val_00019872.JPEG reached epsilon at step 50, loss sum: 18.3638, final loss: 0.00097227, weight distance: 0.0033
2025-09-23 05:51:40,790 - INFO - Example /home/projects/bagon/shared/imagenet512/val/n07875152/ILSVRC2012_val_00019967.JPEG reached epsilon at step 51, loss sum: 101.4259, final loss: 0.00096083, weight distance: 0.0034
2025-09-23 05:51:43,682 - INFO - Example /home/projects/bagon/shared/imagenet512/val/n07693725/ILSVRC2012_val_00026951.JPEG reached epsilon at step 37, loss sum: 23.4454, final loss: 0.00098419, weight distance: 0.0028
2025-09-23 05:51:46,681 - INFO - Example /home/projects/bagon/shared/imagenet512/val/n04423845/ILSVRC2012_val_00019583.JPEG reached epsilon at step 40, loss sum: 39.6983, final loss: 0.00080395, weight distance: 0.0031
2025-09-23 05:51:50,248 - INFO - Example /home/projects/bagon/shared/imagenet512/val/n03888605/ILSVRC2012_val_00029224.JPEG reached epsilon at step 49, loss sum: 49.0174, final loss: 0.00092602, weight distance: 0.0039
2025-09-23 05:51:52,791 - INFO - Example /home/projects/bagon/shared/imagenet512/val/n02127052/ILSVRC2012_val_00018269.JPEG reached epsilon at step 31, loss sum: 6.0091, final loss: 0.00084543, weight distance: 0.0024
2025-09-23 05:51:56,217 - INFO - Example /home/projects/bagon/shared/imagenet512/val/n03485407/ILSVRC2012_val_00001946.JPEG reached epsilon at step 47, loss sum: 29.4345, final loss: 0.00093508, weight distance: 0.0034
2025-09-23 05:51:59,005 - INFO - Example /home/projects/bagon/shared/imagenet512/val/n03724870/ILSVRC2012_val_00000987.JPEG reached epsilon at step 36, loss sum: 34.0783, final loss: 0.00094271, weight distance: 0.0026
2025-09-23 05:52:02,763 - INFO - Example /home/projects/bagon/shared/imagenet512/val/n02988304/ILSVRC2012_val_00009631.JPEG reached epsilon at step 53, loss sum: 32.1908, final loss: 0.00088167, weight distance: 0.0042
2025-09-23 05:52:06,322 - INFO - Example /home/projects/bagon/shared/imagenet512/val/n03532672/ILSVRC2012_val_00033279.JPEG reached epsilon at step 50, loss sum: 50.8010, final loss: 0.00091743, weight distance: 0.0038
2025-09-23 05:52:09,732 - INFO - Example /home/projects/bagon/shared/imagenet512/val/n03347037/ILSVRC2012_val_00020463.JPEG reached epsilon at step 47, loss sum: 58.1840, final loss: 0.00094557, weight distance: 0.0031
2025-09-23 05:52:13,599 - INFO - Example /home/projects/bagon/shared/imagenet512/val/n02095570/ILSVRC2012_val_00003220.JPEG reached epsilon at step 56, loss sum: 60.0998, final loss: 0.00093746, weight distance: 0.0043
2025-09-23 05:52:17,487 - INFO - Example /home/projects/bagon/shared/imagenet512/val/n02128925/ILSVRC2012_val_00041267.JPEG reached epsilon at step 56, loss sum: 12.0237, final loss: 0.00097466, weight distance: 0.0039
2025-09-23 05:52:20,676 - INFO - Example /home/projects/bagon/shared/imagenet512/val/n02395406/ILSVRC2012_val_00008257.JPEG reached epsilon at step 43, loss sum: 11.9498, final loss: 0.00092936, weight distance: 0.0035
2025-09-23 05:52:24,026 - INFO - Example /home/projects/bagon/shared/imagenet512/val/n02089867/ILSVRC2012_val_00044513.JPEG reached epsilon at step 46, loss sum: 23.4550, final loss: 0.00095415, weight distance: 0.0035
2025-09-23 05:52:27,400 - INFO - Example /home/projects/bagon/shared/imagenet512/val/n02093428/ILSVRC2012_val_00020513.JPEG reached epsilon at step 47, loss sum: 27.1348, final loss: 0.00099087, weight distance: 0.0035
2025-09-23 05:52:31,729 - INFO - Example /home/projects/bagon/shared/imagenet512/val/n03782006/ILSVRC2012_val_00009355.JPEG reached epsilon at step 65, loss sum: 24.4996, final loss: 0.00093746, weight distance: 0.0055
2025-09-23 05:52:37,403 - INFO - Example /home/projects/bagon/shared/imagenet512/val/n04179913/ILSVRC2012_val_00001127.JPEG reached epsilon at step 90, loss sum: 67.7438, final loss: 0.00099373, weight distance: 0.0070
2025-09-23 05:52:40,940 - INFO - Example /home/projects/bagon/shared/imagenet512/val/n03337140/ILSVRC2012_val_00003864.JPEG reached epsilon at step 50, loss sum: 13.4692, final loss: 0.00091696, weight distance: 0.0040
2025-09-23 05:52:42,899 - INFO - Example /home/projects/bagon/shared/imagenet512/val/n02088238/ILSVRC2012_val_00049931.JPEG reached epsilon at step 19, loss sum: 0.1118, final loss: 0.00096798, weight distance: 0.0018
2025-09-23 05:52:46,671 - INFO - Example /home/projects/bagon/shared/imagenet512/val/n07930864/ILSVRC2012_val_00043890.JPEG reached epsilon at step 55, loss sum: 28.7729, final loss: 0.00096560, weight distance: 0.0042
2025-09-23 05:52:51,075 - INFO - Example /home/projects/bagon/shared/imagenet512/val/n02837789/ILSVRC2012_val_00030869.JPEG reached epsilon at step 65, loss sum: 34.5601, final loss: 0.00098228, weight distance: 0.0052
2025-09-23 05:52:54,241 - INFO - Example /home/projects/bagon/shared/imagenet512/val/n03041632/ILSVRC2012_val_00029833.JPEG reached epsilon at step 43, loss sum: 1.9823, final loss: 0.00088739, weight distance: 0.0032
2025-09-23 05:52:58,330 - INFO - Example /home/projects/bagon/shared/imagenet512/val/n04557648/ILSVRC2012_val_00006949.JPEG reached epsilon at step 61, loss sum: 165.7463, final loss: 0.00096273, weight distance: 0.0045
2025-09-23 05:53:01,277 - INFO - Example /home/projects/bagon/shared/imagenet512/val/n02113186/ILSVRC2012_val_00040018.JPEG reached epsilon at step 38, loss sum: 6.7684, final loss: 0.00090885, weight distance: 0.0029
2025-09-23 05:53:05,812 - INFO - Example /home/projects/bagon/shared/imagenet512/val/n03710721/ILSVRC2012_val_00040819.JPEG reached epsilon at step 69, loss sum: 23.6923, final loss: 0.00098515, weight distance: 0.0049
2025-09-23 05:53:09,356 - INFO - Example /home/projects/bagon/shared/imagenet512/val/n03995372/ILSVRC2012_val_00025477.JPEG reached epsilon at step 50, loss sum: 57.7855, final loss: 0.00093412, weight distance: 0.0041
2025-09-23 05:53:13,204 - INFO - Example /home/projects/bagon/shared/imagenet512/val/n04479046/ILSVRC2012_val_00004459.JPEG reached epsilon at step 56, loss sum: 52.3359, final loss: 0.00099564, weight distance: 0.0043
2025-09-23 05:53:15,896 - INFO - Example /home/projects/bagon/shared/imagenet512/val/n03920288/ILSVRC2012_val_00036028.JPEG reached epsilon at step 34, loss sum: 16.4693, final loss: 0.00086164, weight distance: 0.0024
2025-09-23 05:53:19,288 - INFO - Example /home/projects/bagon/shared/imagenet512/val/n01930112/ILSVRC2012_val_00015650.JPEG reached epsilon at step 47, loss sum: 64.0491, final loss: 0.00099373, weight distance: 0.0036
2025-09-23 05:53:22,660 - INFO - Example /home/projects/bagon/shared/imagenet512/val/n07932039/ILSVRC2012_val_00043644.JPEG reached epsilon at step 47, loss sum: 31.1117, final loss: 0.00097942, weight distance: 0.0035
2025-09-23 05:53:26,433 - INFO - Example /home/projects/bagon/shared/imagenet512/val/n02268443/ILSVRC2012_val_00043136.JPEG reached epsilon at step 54, loss sum: 14.9983, final loss: 0.00093842, weight distance: 0.0044
2025-09-23 05:53:30,063 - INFO - Example /home/projects/bagon/shared/imagenet512/val/n02481823/ILSVRC2012_val_00000870.JPEG reached epsilon at step 52, loss sum: 66.6144, final loss: 0.00087309, weight distance: 0.0040
2025-09-23 05:53:34,195 - INFO - Example /home/projects/bagon/shared/imagenet512/val/n01877812/ILSVRC2012_val_00019476.JPEG reached epsilon at step 62, loss sum: 61.7385, final loss: 0.00099564, weight distance: 0.0045
2025-09-23 05:53:37,560 - INFO - Example /home/projects/bagon/shared/imagenet512/val/n04552348/ILSVRC2012_val_00033671.JPEG reached epsilon at step 47, loss sum: 24.6810, final loss: 0.00091076, weight distance: 0.0037
2025-09-23 05:53:40,253 - INFO - Example /home/projects/bagon/shared/imagenet512/val/n03956157/ILSVRC2012_val_00029603.JPEG reached epsilon at step 34, loss sum: 3.7892, final loss: 0.00099182, weight distance: 0.0025
2025-09-23 05:53:43,906 - INFO - Example /home/projects/bagon/shared/imagenet512/val/n02834397/ILSVRC2012_val_00017590.JPEG reached epsilon at step 51, loss sum: 48.6809, final loss: 0.00089216, weight distance: 0.0040
2025-09-23 05:53:47,279 - INFO - Example /home/projects/bagon/shared/imagenet512/val/n04553703/ILSVRC2012_val_00013941.JPEG reached epsilon at step 47, loss sum: 18.3879, final loss: 0.00088882, weight distance: 0.0038
2025-09-23 05:53:49,781 - INFO - Example /home/projects/bagon/shared/imagenet512/val/n02088238/ILSVRC2012_val_00013260.JPEG reached epsilon at step 31, loss sum: 4.9920, final loss: 0.00098896, weight distance: 0.0022
2025-09-23 05:53:52,867 - INFO - Example /home/projects/bagon/shared/imagenet512/val/n01728572/ILSVRC2012_val_00043966.JPEG reached epsilon at step 42, loss sum: 5.7736, final loss: 0.00089407, weight distance: 0.0030
2025-09-23 05:53:56,892 - INFO - Example /home/projects/bagon/shared/imagenet512/val/n01984695/ILSVRC2012_val_00011714.JPEG reached epsilon at step 59, loss sum: 12.5832, final loss: 0.00098515, weight distance: 0.0046
2025-09-23 05:54:00,832 - INFO - Example /home/projects/bagon/shared/imagenet512/val/n03891251/ILSVRC2012_val_00019835.JPEG reached epsilon at step 58, loss sum: 98.1516, final loss: 0.00098419, weight distance: 0.0039
2025-09-23 05:54:04,023 - INFO - Example /home/projects/bagon/shared/imagenet512/val/n04550184/ILSVRC2012_val_00001807.JPEG reached epsilon at step 44, loss sum: 24.0911, final loss: 0.00093555, weight distance: 0.0031
2025-09-23 05:54:07,163 - INFO - Example /home/projects/bagon/shared/imagenet512/val/n03424325/ILSVRC2012_val_00005630.JPEG reached epsilon at step 43, loss sum: 5.7312, final loss: 0.00098324, weight distance: 0.0033
2025-09-23 05:54:10,311 - INFO - Example /home/projects/bagon/shared/imagenet512/val/n07747607/ILSVRC2012_val_00024692.JPEG reached epsilon at step 43, loss sum: 22.8558, final loss: 0.00091457, weight distance: 0.0030
2025-09-23 05:54:13,264 - INFO - Example /home/projects/bagon/shared/imagenet512/val/n03584829/ILSVRC2012_val_00049140.JPEG reached epsilon at step 39, loss sum: 61.0386, final loss: 0.00078535, weight distance: 0.0029
2025-09-23 05:54:17,142 - INFO - Example /home/projects/bagon/shared/imagenet512/val/n02794156/ILSVRC2012_val_00036595.JPEG reached epsilon at step 56, loss sum: 34.1281, final loss: 0.00094604, weight distance: 0.0042
2025-09-23 05:54:20,425 - INFO - Example /home/projects/bagon/shared/imagenet512/val/n03047690/ILSVRC2012_val_00023903.JPEG reached epsilon at step 45, loss sum: 47.7705, final loss: 0.00094080, weight distance: 0.0035
2025-09-23 05:54:23,779 - INFO - Example /home/projects/bagon/shared/imagenet512/val/n01697457/ILSVRC2012_val_00018876.JPEG reached epsilon at step 47, loss sum: 28.6062, final loss: 0.00090218, weight distance: 0.0035
2025-09-23 05:54:27,657 - INFO - Example /home/projects/bagon/shared/imagenet512/val/n07892512/ILSVRC2012_val_00033598.JPEG reached epsilon at step 57, loss sum: 20.9995, final loss: 0.00087833, weight distance: 0.0046
2025-09-23 05:54:31,866 - INFO - Example /home/projects/bagon/shared/imagenet512/val/n03637318/ILSVRC2012_val_00000427.JPEG reached epsilon at step 63, loss sum: 20.9785, final loss: 0.00091410, weight distance: 0.0053
2025-09-23 05:54:35,669 - INFO - Example /home/projects/bagon/shared/imagenet512/val/n04090263/ILSVRC2012_val_00000244.JPEG reached epsilon at step 55, loss sum: 66.0547, final loss: 0.00099945, weight distance: 0.0041
2025-09-23 05:54:38,861 - INFO - Example /home/projects/bagon/shared/imagenet512/val/n02105855/ILSVRC2012_val_00038326.JPEG reached epsilon at step 44, loss sum: 24.1395, final loss: 0.00097847, weight distance: 0.0035
2025-09-23 05:54:41,862 - INFO - Example /home/projects/bagon/shared/imagenet512/val/n04118538/ILSVRC2012_val_00020485.JPEG reached epsilon at step 40, loss sum: 54.6692, final loss: 0.00099277, weight distance: 0.0029
2025-09-23 05:54:46,392 - INFO - Example /home/projects/bagon/shared/imagenet512/val/n04542943/ILSVRC2012_val_00010093.JPEG reached epsilon at step 69, loss sum: 93.7392, final loss: 0.00099468, weight distance: 0.0053
2025-09-23 05:54:50,371 - INFO - Example /home/projects/bagon/shared/imagenet512/val/n03742115/ILSVRC2012_val_00036807.JPEG reached epsilon at step 58, loss sum: 142.3751, final loss: 0.00083256, weight distance: 0.0043
2025-09-23 05:54:53,451 - INFO - Example /home/projects/bagon/shared/imagenet512/val/n03240683/ILSVRC2012_val_00035038.JPEG reached epsilon at step 42, loss sum: 56.9074, final loss: 0.00096750, weight distance: 0.0030
2025-09-23 05:54:57,106 - INFO - Example /home/projects/bagon/shared/imagenet512/val/n04209133/ILSVRC2012_val_00040414.JPEG reached epsilon at step 53, loss sum: 17.3693, final loss: 0.00098515, weight distance: 0.0040
2025-09-23 05:55:00,628 - INFO - Example /home/projects/bagon/shared/imagenet512/val/n02108089/ILSVRC2012_val_00022458.JPEG reached epsilon at step 50, loss sum: 32.7699, final loss: 0.00094748, weight distance: 0.0034
2025-09-23 05:55:04,651 - INFO - Example /home/projects/bagon/shared/imagenet512/val/n02791124/ILSVRC2012_val_00042979.JPEG reached epsilon at step 60, loss sum: 7.9076, final loss: 0.00092602, weight distance: 0.0045
2025-09-23 05:55:08,540 - INFO - Example /home/projects/bagon/shared/imagenet512/val/n04229816/ILSVRC2012_val_00035299.JPEG reached epsilon at step 56, loss sum: 27.0291, final loss: 0.00094986, weight distance: 0.0044
2025-09-23 05:55:11,891 - INFO - Example /home/projects/bagon/shared/imagenet512/val/n01943899/ILSVRC2012_val_00045972.JPEG reached epsilon at step 46, loss sum: 37.8056, final loss: 0.00090408, weight distance: 0.0030
2025-09-23 05:55:15,158 - INFO - Example /home/projects/bagon/shared/imagenet512/val/n07875152/ILSVRC2012_val_00007062.JPEG reached epsilon at step 45, loss sum: 45.9216, final loss: 0.00092506, weight distance: 0.0036
2025-09-23 05:55:18,462 - INFO - Example /home/projects/bagon/shared/imagenet512/val/n04154565/ILSVRC2012_val_00043625.JPEG reached epsilon at step 45, loss sum: 30.1576, final loss: 0.00085020, weight distance: 0.0035
2025-09-23 05:55:20,953 - INFO - Example /home/projects/bagon/shared/imagenet512/val/n04409515/ILSVRC2012_val_00033467.JPEG reached epsilon at step 30, loss sum: 0.7977, final loss: 0.00092793, weight distance: 0.0025
2025-09-23 05:55:24,568 - INFO - Example /home/projects/bagon/shared/imagenet512/val/n04356056/ILSVRC2012_val_00003608.JPEG reached epsilon at step 51, loss sum: 71.6485, final loss: 0.00099754, weight distance: 0.0039
2025-09-23 05:55:29,504 - INFO - Example /home/projects/bagon/shared/imagenet512/val/n03595614/ILSVRC2012_val_00039876.JPEG reached epsilon at step 76, loss sum: 108.8523, final loss: 0.00096273, weight distance: 0.0055
2025-09-23 05:55:33,050 - INFO - Example /home/projects/bagon/shared/imagenet512/val/n03706229/ILSVRC2012_val_00032835.JPEG reached epsilon at step 50, loss sum: 61.9718, final loss: 0.00094318, weight distance: 0.0038
2025-09-23 05:55:36,581 - INFO - Example /home/projects/bagon/shared/imagenet512/val/n04584207/ILSVRC2012_val_00043314.JPEG reached epsilon at step 49, loss sum: 32.5945, final loss: 0.00092316, weight distance: 0.0036
2025-09-23 05:55:40,642 - INFO - Example /home/projects/bagon/shared/imagenet512/val/n04467665/ILSVRC2012_val_00030427.JPEG reached epsilon at step 60, loss sum: 107.7335, final loss: 0.00085878, weight distance: 0.0049
2025-09-23 05:55:45,636 - INFO - Example /home/projects/bagon/shared/imagenet512/val/n01756291/ILSVRC2012_val_00020632.JPEG reached epsilon at step 76, loss sum: 18.5319, final loss: 0.00099564, weight distance: 0.0059
2025-09-23 05:55:49,229 - INFO - Example /home/projects/bagon/shared/imagenet512/val/n03014705/ILSVRC2012_val_00049689.JPEG reached epsilon at step 51, loss sum: 77.3465, final loss: 0.00087595, weight distance: 0.0037
2025-09-23 05:55:52,502 - INFO - Example /home/projects/bagon/shared/imagenet512/val/n03255030/ILSVRC2012_val_00024721.JPEG reached epsilon at step 45, loss sum: 20.3305, final loss: 0.00092793, weight distance: 0.0035
2025-09-23 05:55:56,115 - INFO - Example /home/projects/bagon/shared/imagenet512/val/n02980441/ILSVRC2012_val_00019095.JPEG reached epsilon at step 51, loss sum: 6.0282, final loss: 0.00096178, weight distance: 0.0036
2025-09-23 05:55:59,231 - INFO - Example /home/projects/bagon/shared/imagenet512/val/n02930766/ILSVRC2012_val_00040571.JPEG reached epsilon at step 42, loss sum: 7.4480, final loss: 0.00098133, weight distance: 0.0034
2025-09-23 05:56:02,127 - INFO - Example /home/projects/bagon/shared/imagenet512/val/n03781244/ILSVRC2012_val_00049342.JPEG reached epsilon at step 38, loss sum: 16.5716, final loss: 0.00093889, weight distance: 0.0030
2025-09-23 05:56:06,418 - INFO - Example /home/projects/bagon/shared/imagenet512/val/n07747607/ILSVRC2012_val_00021144.JPEG reached epsilon at step 64, loss sum: 14.5806, final loss: 0.00093174, weight distance: 0.0049
2025-09-23 05:56:10,083 - INFO - Example /home/projects/bagon/shared/imagenet512/val/n01498041/ILSVRC2012_val_00043229.JPEG reached epsilon at step 52, loss sum: 23.5691, final loss: 0.00090694, weight distance: 0.0037
2025-09-23 05:56:12,936 - INFO - Example /home/projects/bagon/shared/imagenet512/val/n03041632/ILSVRC2012_val_00038348.JPEG reached epsilon at step 37, loss sum: 65.9015, final loss: 0.00092030, weight distance: 0.0027
2025-09-23 05:56:17,393 - INFO - Example /home/projects/bagon/shared/imagenet512/val/n02085620/ILSVRC2012_val_00037791.JPEG reached epsilon at step 67, loss sum: 88.6432, final loss: 0.00094700, weight distance: 0.0054
2025-09-23 05:56:21,530 - INFO - Example /home/projects/bagon/shared/imagenet512/val/n02113978/ILSVRC2012_val_00003435.JPEG reached epsilon at step 61, loss sum: 13.5299, final loss: 0.00094604, weight distance: 0.0046
2025-09-23 05:56:25,154 - INFO - Example /home/projects/bagon/shared/imagenet512/val/n02971356/ILSVRC2012_val_00003494.JPEG reached epsilon at step 51, loss sum: 33.5088, final loss: 0.00095558, weight distance: 0.0038
2025-09-23 05:56:28,291 - INFO - Example /home/projects/bagon/shared/imagenet512/val/n01693334/ILSVRC2012_val_00035177.JPEG reached epsilon at step 42, loss sum: 6.0267, final loss: 0.00089979, weight distance: 0.0035
2025-09-23 05:56:31,948 - INFO - Example /home/projects/bagon/shared/imagenet512/val/n04612504/ILSVRC2012_val_00013403.JPEG reached epsilon at step 51, loss sum: 2.9900, final loss: 0.00096178, weight distance: 0.0041
2025-09-23 05:56:35,777 - INFO - Example /home/projects/bagon/shared/imagenet512/val/n02769748/ILSVRC2012_val_00022297.JPEG reached epsilon at step 55, loss sum: 60.4411, final loss: 0.00089788, weight distance: 0.0045
2025-09-23 05:56:39,697 - INFO - Example /home/projects/bagon/shared/imagenet512/val/n03803284/ILSVRC2012_val_00019602.JPEG reached epsilon at step 57, loss sum: 47.3168, final loss: 0.00091171, weight distance: 0.0043
2025-09-23 05:56:43,726 - INFO - Example /home/projects/bagon/shared/imagenet512/val/n02408429/ILSVRC2012_val_00037147.JPEG reached epsilon at step 59, loss sum: 23.4813, final loss: 0.00093174, weight distance: 0.0043
2025-09-23 05:56:47,699 - INFO - Example /home/projects/bagon/shared/imagenet512/val/n02687172/ILSVRC2012_val_00020530.JPEG reached epsilon at step 58, loss sum: 22.9861, final loss: 0.00097847, weight distance: 0.0040
2025-09-23 05:56:52,198 - INFO - Example /home/projects/bagon/shared/imagenet512/val/n02930766/ILSVRC2012_val_00012182.JPEG reached epsilon at step 68, loss sum: 34.1501, final loss: 0.00088549, weight distance: 0.0056
2025-09-23 05:56:55,322 - INFO - Example /home/projects/bagon/shared/imagenet512/val/n01491361/ILSVRC2012_val_00015631.JPEG reached epsilon at step 41, loss sum: 8.6058, final loss: 0.00093126, weight distance: 0.0028
2025-09-23 05:56:58,534 - INFO - Example /home/projects/bagon/shared/imagenet512/val/n03141823/ILSVRC2012_val_00048789.JPEG reached epsilon at step 44, loss sum: 20.4027, final loss: 0.00098610, weight distance: 0.0036
2025-09-23 05:57:02,585 - INFO - Example /home/projects/bagon/shared/imagenet512/val/n02113712/ILSVRC2012_val_00026778.JPEG reached epsilon at step 59, loss sum: 80.8828, final loss: 0.00087309, weight distance: 0.0045
2025-09-23 05:57:05,586 - INFO - Example /home/projects/bagon/shared/imagenet512/val/n02807133/ILSVRC2012_val_00021386.JPEG reached epsilon at step 40, loss sum: 3.3532, final loss: 0.00092363, weight distance: 0.0032
2025-09-23 05:57:08,989 - INFO - Example /home/projects/bagon/shared/imagenet512/val/n03216828/ILSVRC2012_val_00014260.JPEG reached epsilon at step 48, loss sum: 29.0743, final loss: 0.00095415, weight distance: 0.0037
2025-09-23 05:57:12,115 - INFO - Example /home/projects/bagon/shared/imagenet512/val/n04275548/ILSVRC2012_val_00035311.JPEG reached epsilon at step 42, loss sum: 0.9706, final loss: 0.00092554, weight distance: 0.0033
2025-09-23 05:57:15,704 - INFO - Example /home/projects/bagon/shared/imagenet512/val/n02134084/ILSVRC2012_val_00038291.JPEG reached epsilon at step 51, loss sum: 5.6287, final loss: 0.00093985, weight distance: 0.0038
2025-09-23 05:57:19,551 - INFO - Example /home/projects/bagon/shared/imagenet512/val/n04372370/ILSVRC2012_val_00027023.JPEG reached epsilon at step 56, loss sum: 34.8778, final loss: 0.00088835, weight distance: 0.0047
2025-09-23 05:57:23,314 - INFO - Example /home/projects/bagon/shared/imagenet512/val/n04209133/ILSVRC2012_val_00035730.JPEG reached epsilon at step 54, loss sum: 88.5539, final loss: 0.00090265, weight distance: 0.0040
2025-09-23 05:57:26,953 - INFO - Example /home/projects/bagon/shared/imagenet512/val/n02093428/ILSVRC2012_val_00039014.JPEG reached epsilon at step 52, loss sum: 53.7762, final loss: 0.00094986, weight distance: 0.0042
2025-09-23 05:57:31,498 - INFO - Example /home/projects/bagon/shared/imagenet512/val/n01917289/ILSVRC2012_val_00019987.JPEG reached epsilon at step 67, loss sum: 22.4302, final loss: 0.00092459, weight distance: 0.0045
2025-09-23 05:57:35,495 - INFO - Example /home/projects/bagon/shared/imagenet512/val/n01728572/ILSVRC2012_val_00024301.JPEG reached epsilon at step 59, loss sum: 34.5478, final loss: 0.00097609, weight distance: 0.0046
2025-09-23 05:57:38,271 - INFO - Example /home/projects/bagon/shared/imagenet512/val/n03594945/ILSVRC2012_val_00014841.JPEG reached epsilon at step 36, loss sum: 11.5447, final loss: 0.00088835, weight distance: 0.0028
2025-09-23 05:57:41,916 - INFO - Example /home/projects/bagon/shared/imagenet512/val/n04090263/ILSVRC2012_val_00041671.JPEG reached epsilon at step 52, loss sum: 60.1667, final loss: 0.00087357, weight distance: 0.0039
2025-09-23 05:57:44,604 - INFO - Example /home/projects/bagon/shared/imagenet512/val/n04005630/ILSVRC2012_val_00011132.JPEG reached epsilon at step 34, loss sum: 32.1339, final loss: 0.00098133, weight distance: 0.0025
2025-09-23 05:57:48,298 - INFO - Example /home/projects/bagon/shared/imagenet512/val/n03109150/ILSVRC2012_val_00000678.JPEG reached epsilon at step 53, loss sum: 85.7672, final loss: 0.00087881, weight distance: 0.0041
2025-09-23 05:57:50,343 - INFO - Example /home/projects/bagon/shared/imagenet512/val/n03887697/ILSVRC2012_val_00035594.JPEG reached epsilon at step 22, loss sum: 1.2160, final loss: 0.00078773, weight distance: 0.0017
2025-09-23 05:57:54,803 - INFO - Example /home/projects/bagon/shared/imagenet512/val/n03110669/ILSVRC2012_val_00018886.JPEG reached epsilon at step 68, loss sum: 89.6092, final loss: 0.00094175, weight distance: 0.0050
2025-09-23 05:57:57,328 - INFO - Example /home/projects/bagon/shared/imagenet512/val/n04070727/ILSVRC2012_val_00033670.JPEG reached epsilon at step 31, loss sum: 3.5966, final loss: 0.00092411, weight distance: 0.0020
2025-09-23 05:58:00,196 - INFO - Example /home/projects/bagon/shared/imagenet512/val/n04553703/ILSVRC2012_val_00001741.JPEG reached epsilon at step 37, loss sum: 13.2873, final loss: 0.00086308, weight distance: 0.0026
2025-09-23 05:58:03,152 - INFO - Example /home/projects/bagon/shared/imagenet512/val/n03995372/ILSVRC2012_val_00022789.JPEG reached epsilon at step 39, loss sum: 5.1110, final loss: 0.00097179, weight distance: 0.0030
2025-09-23 05:58:06,882 - INFO - Example /home/projects/bagon/shared/imagenet512/val/n03594734/ILSVRC2012_val_00024452.JPEG reached epsilon at step 54, loss sum: 42.1990, final loss: 0.00096321, weight distance: 0.0043
2025-09-23 05:58:10,787 - INFO - Example /home/projects/bagon/shared/imagenet512/val/n04356056/ILSVRC2012_val_00048182.JPEG reached epsilon at step 57, loss sum: 40.5678, final loss: 0.00093603, weight distance: 0.0044
2025-09-23 05:58:15,893 - INFO - Example /home/projects/bagon/shared/imagenet512/val/n03785016/ILSVRC2012_val_00000717.JPEG reached epsilon at step 79, loss sum: 72.5435, final loss: 0.00098038, weight distance: 0.0058
2025-09-23 05:58:20,239 - INFO - Example /home/projects/bagon/shared/imagenet512/val/n01773797/ILSVRC2012_val_00001987.JPEG reached epsilon at step 65, loss sum: 32.6126, final loss: 0.00099754, weight distance: 0.0051
2025-09-23 05:58:23,964 - INFO - Example /home/projects/bagon/shared/imagenet512/val/n02869837/ILSVRC2012_val_00028567.JPEG reached epsilon at step 54, loss sum: 10.3316, final loss: 0.00091600, weight distance: 0.0044
2025-09-23 05:58:27,285 - INFO - Example /home/projects/bagon/shared/imagenet512/val/n03535780/ILSVRC2012_val_00039560.JPEG reached epsilon at step 46, loss sum: 15.2171, final loss: 0.00083971, weight distance: 0.0036
2025-09-23 05:58:31,383 - INFO - Example /home/projects/bagon/shared/imagenet512/val/n03970156/ILSVRC2012_val_00019150.JPEG reached epsilon at step 61, loss sum: 139.6485, final loss: 0.00093746, weight distance: 0.0048
2025-09-23 05:58:35,620 - INFO - Example /home/projects/bagon/shared/imagenet512/val/n01824575/ILSVRC2012_val_00011697.JPEG reached epsilon at step 63, loss sum: 127.6984, final loss: 0.00094557, weight distance: 0.0048
2025-09-23 05:58:38,415 - INFO - Example /home/projects/bagon/shared/imagenet512/val/n03532672/ILSVRC2012_val_00023115.JPEG reached epsilon at step 36, loss sum: 29.9300, final loss: 0.00092983, weight distance: 0.0027
2025-09-23 05:58:41,595 - INFO - Example /home/projects/bagon/shared/imagenet512/val/n04579432/ILSVRC2012_val_00048926.JPEG reached epsilon at step 42, loss sum: 70.4725, final loss: 0.00086737, weight distance: 0.0033
2025-09-23 05:58:45,755 - INFO - Example /home/projects/bagon/shared/imagenet512/val/n02445715/ILSVRC2012_val_00045193.JPEG reached epsilon at step 62, loss sum: 46.3890, final loss: 0.00098991, weight distance: 0.0045
2025-09-23 05:58:48,705 - INFO - Example /home/projects/bagon/shared/imagenet512/val/n03770679/ILSVRC2012_val_00005862.JPEG reached epsilon at step 39, loss sum: 11.4514, final loss: 0.00099850, weight distance: 0.0028
2025-09-23 05:58:50,963 - INFO - Example /home/projects/bagon/shared/imagenet512/val/n03729826/ILSVRC2012_val_00025397.JPEG reached epsilon at step 26, loss sum: 1.7926, final loss: 0.00092840, weight distance: 0.0021
2025-09-23 05:58:53,822 - INFO - Example /home/projects/bagon/shared/imagenet512/val/n02894605/ILSVRC2012_val_00021166.JPEG reached epsilon at step 37, loss sum: 28.9113, final loss: 0.00082207, weight distance: 0.0028
2025-09-23 05:58:57,605 - INFO - Example /home/projects/bagon/shared/imagenet512/val/n04462240/ILSVRC2012_val_00028483.JPEG reached epsilon at step 55, loss sum: 70.3455, final loss: 0.00092316, weight distance: 0.0041
2025-09-23 05:59:00,914 - INFO - Example /home/projects/bagon/shared/imagenet512/val/n03216828/ILSVRC2012_val_00037556.JPEG reached epsilon at step 46, loss sum: 10.8432, final loss: 0.00088501, weight distance: 0.0037
2025-09-23 05:59:04,344 - INFO - Example /home/projects/bagon/shared/imagenet512/val/n03776460/ILSVRC2012_val_00005878.JPEG reached epsilon at step 48, loss sum: 14.3801, final loss: 0.00096273, weight distance: 0.0035
2025-09-23 05:59:07,183 - INFO - Example /home/projects/bagon/shared/imagenet512/val/n01514668/ILSVRC2012_val_00012484.JPEG reached epsilon at step 36, loss sum: 4.8509, final loss: 0.00093985, weight distance: 0.0028
2025-09-23 05:59:10,973 - INFO - Example /home/projects/bagon/shared/imagenet512/val/n07718472/ILSVRC2012_val_00001392.JPEG reached epsilon at step 54, loss sum: 49.5238, final loss: 0.00091505, weight distance: 0.0041
2025-09-23 05:59:16,019 - INFO - Example /home/projects/bagon/shared/imagenet512/val/n03691459/ILSVRC2012_val_00049230.JPEG reached epsilon at step 77, loss sum: 107.5254, final loss: 0.00093126, weight distance: 0.0061
2025-09-23 05:59:19,954 - INFO - Example /home/projects/bagon/shared/imagenet512/val/n03041632/ILSVRC2012_val_00039826.JPEG reached epsilon at step 57, loss sum: 139.8490, final loss: 0.00091171, weight distance: 0.0043
2025-09-23 05:59:22,922 - INFO - Example /home/projects/bagon/shared/imagenet512/val/n04005630/ILSVRC2012_val_00022553.JPEG reached epsilon at step 39, loss sum: 28.4012, final loss: 0.00089216, weight distance: 0.0028
2025-09-23 05:59:26,125 - INFO - Example /home/projects/bagon/shared/imagenet512/val/n02091032/ILSVRC2012_val_00043917.JPEG reached epsilon at step 42, loss sum: 15.1468, final loss: 0.00093937, weight distance: 0.0032
2025-09-23 05:59:30,317 - INFO - Example /home/projects/bagon/shared/imagenet512/val/n04264628/ILSVRC2012_val_00007316.JPEG reached epsilon at step 62, loss sum: 13.6397, final loss: 0.00099754, weight distance: 0.0048
2025-09-23 05:59:33,648 - INFO - Example /home/projects/bagon/shared/imagenet512/val/n04136333/ILSVRC2012_val_00047782.JPEG reached epsilon at step 46, loss sum: 21.8674, final loss: 0.00091219, weight distance: 0.0034
2025-09-23 05:59:37,406 - INFO - Example /home/projects/bagon/shared/imagenet512/val/n01770081/ILSVRC2012_val_00033817.JPEG reached epsilon at step 54, loss sum: 102.7163, final loss: 0.00097179, weight distance: 0.0042
2025-09-23 05:59:41,238 - INFO - Example /home/projects/bagon/shared/imagenet512/val/n01667114/ILSVRC2012_val_00038085.JPEG reached epsilon at step 55, loss sum: 55.2481, final loss: 0.00084162, weight distance: 0.0043
2025-09-23 05:59:44,720 - INFO - Example /home/projects/bagon/shared/imagenet512/val/n02104029/ILSVRC2012_val_00013715.JPEG reached epsilon at step 49, loss sum: 29.3904, final loss: 0.00088835, weight distance: 0.0037
2025-09-23 05:59:47,764 - INFO - Example /home/projects/bagon/shared/imagenet512/val/n04239074/ILSVRC2012_val_00048865.JPEG reached epsilon at step 40, loss sum: 26.1812, final loss: 0.00093699, weight distance: 0.0031
2025-09-23 05:59:51,595 - INFO - Example /home/projects/bagon/shared/imagenet512/val/n03207941/ILSVRC2012_val_00011442.JPEG reached epsilon at step 55, loss sum: 55.2494, final loss: 0.00090170, weight distance: 0.0040
2025-09-23 05:59:56,062 - INFO - Example /home/projects/bagon/shared/imagenet512/val/n02113624/ILSVRC2012_val_00027962.JPEG reached epsilon at step 67, loss sum: 55.6230, final loss: 0.00089550, weight distance: 0.0049
2025-09-23 05:59:59,691 - INFO - Example /home/projects/bagon/shared/imagenet512/val/n02093428/ILSVRC2012_val_00045109.JPEG reached epsilon at step 51, loss sum: 19.8787, final loss: 0.00087976, weight distance: 0.0039
2025-09-23 06:00:04,258 - INFO - Example /home/projects/bagon/shared/imagenet512/val/n01484850/ILSVRC2012_val_00015157.JPEG reached epsilon at step 69, loss sum: 33.3600, final loss: 0.00086164, weight distance: 0.0057
2025-09-23 06:00:07,058 - INFO - Example /home/projects/bagon/shared/imagenet512/val/n03250847/ILSVRC2012_val_00024547.JPEG reached epsilon at step 35, loss sum: 24.9393, final loss: 0.00091267, weight distance: 0.0026
2025-09-23 06:00:09,921 - INFO - Example /home/projects/bagon/shared/imagenet512/val/n03045698/ILSVRC2012_val_00021996.JPEG reached epsilon at step 37, loss sum: 15.1507, final loss: 0.00088787, weight distance: 0.0029
2025-09-23 06:00:13,535 - INFO - Example /home/projects/bagon/shared/imagenet512/val/n03929660/ILSVRC2012_val_00013780.JPEG reached epsilon at step 51, loss sum: 76.4378, final loss: 0.00091743, weight distance: 0.0041
2025-09-23 06:00:17,614 - INFO - Example /home/projects/bagon/shared/imagenet512/val/n01773797/ILSVRC2012_val_00036109.JPEG reached epsilon at step 60, loss sum: 110.3189, final loss: 0.00095081, weight distance: 0.0044
2025-09-23 06:00:23,702 - INFO - Example /home/projects/bagon/shared/imagenet512/val/n03958227/ILSVRC2012_val_00015317.JPEG reached epsilon at step 76, loss sum: 110.9003, final loss: 0.00091982, weight distance: 0.0056
2025-09-23 06:00:29,530 - INFO - Example /home/projects/bagon/shared/imagenet512/val/n01883070/ILSVRC2012_val_00032499.JPEG reached epsilon at step 93, loss sum: 139.0450, final loss: 0.00098133, weight distance: 0.0066
2025-09-23 06:00:34,323 - INFO - Example /home/projects/bagon/shared/imagenet512/val/n01980166/ILSVRC2012_val_00005122.JPEG reached epsilon at step 74, loss sum: 81.9407, final loss: 0.00097370, weight distance: 0.0054
2025-09-23 06:00:37,421 - INFO - Example /home/projects/bagon/shared/imagenet512/val/n03041632/ILSVRC2012_val_00039665.JPEG reached epsilon at step 42, loss sum: 51.4879, final loss: 0.00087023, weight distance: 0.0033
2025-09-23 06:00:40,440 - INFO - Example /home/projects/bagon/shared/imagenet512/val/n04606251/ILSVRC2012_val_00025036.JPEG reached epsilon at step 40, loss sum: 3.9539, final loss: 0.00097942, weight distance: 0.0032
2025-09-23 06:00:43,579 - INFO - Example /home/projects/bagon/shared/imagenet512/val/n04325704/ILSVRC2012_val_00041789.JPEG reached epsilon at step 42, loss sum: 13.2594, final loss: 0.00098038, weight distance: 0.0033
2025-09-23 06:00:46,743 - INFO - Example /home/projects/bagon/shared/imagenet512/val/n04552348/ILSVRC2012_val_00047865.JPEG reached epsilon at step 43, loss sum: 11.6702, final loss: 0.00091505, weight distance: 0.0033
2025-09-23 06:00:50,235 - INFO - Example /home/projects/bagon/shared/imagenet512/val/n03873416/ILSVRC2012_val_00046406.JPEG reached epsilon at step 49, loss sum: 48.3577, final loss: 0.00099945, weight distance: 0.0034
2025-09-23 06:00:55,252 - INFO - Example /home/projects/bagon/shared/imagenet512/val/n04209133/ILSVRC2012_val_00004457.JPEG reached epsilon at step 78, loss sum: 165.7762, final loss: 0.00090981, weight distance: 0.0061
2025-09-23 06:00:59,382 - INFO - Example /home/projects/bagon/shared/imagenet512/val/n04429376/ILSVRC2012_val_00028295.JPEG reached epsilon at step 61, loss sum: 32.6326, final loss: 0.00088835, weight distance: 0.0041
2025-09-23 06:01:04,053 - INFO - Example /home/projects/bagon/shared/imagenet512/val/n02091635/ILSVRC2012_val_00023428.JPEG reached epsilon at step 71, loss sum: 76.0283, final loss: 0.00093508, weight distance: 0.0055
2025-09-23 06:01:07,648 - INFO - Example /home/projects/bagon/shared/imagenet512/val/n02444819/ILSVRC2012_val_00047484.JPEG reached epsilon at step 51, loss sum: 16.5411, final loss: 0.00091219, weight distance: 0.0035
2025-09-23 06:01:11,560 - INFO - Example /home/projects/bagon/shared/imagenet512/val/n03773504/ILSVRC2012_val_00021466.JPEG reached epsilon at step 57, loss sum: 13.1926, final loss: 0.00092745, weight distance: 0.0048
2025-09-23 06:01:15,870 - INFO - Example /home/projects/bagon/shared/imagenet512/val/n02099601/ILSVRC2012_val_00031731.JPEG reached epsilon at step 64, loss sum: 55.3081, final loss: 0.00095510, weight distance: 0.0053
2025-09-23 06:01:19,913 - INFO - Example /home/projects/bagon/shared/imagenet512/val/n02791124/ILSVRC2012_val_00000759.JPEG reached epsilon at step 59, loss sum: 55.4213, final loss: 0.00099564, weight distance: 0.0042
2025-09-23 06:01:24,202 - INFO - Example /home/projects/bagon/shared/imagenet512/val/n02190166/ILSVRC2012_val_00008941.JPEG reached epsilon at step 64, loss sum: 99.3852, final loss: 0.00094938, weight distance: 0.0046
2025-09-23 06:01:28,713 - INFO - Example /home/projects/bagon/shared/imagenet512/val/n07920052/ILSVRC2012_val_00040661.JPEG reached epsilon at step 68, loss sum: 66.2888, final loss: 0.00091410, weight distance: 0.0056
2025-09-23 06:01:31,741 - INFO - Example /home/projects/bagon/shared/imagenet512/val/n03887697/ILSVRC2012_val_00033798.JPEG reached epsilon at step 40, loss sum: 1.2847, final loss: 0.00093412, weight distance: 0.0032
2025-09-23 06:01:34,863 - INFO - Example /home/projects/bagon/shared/imagenet512/val/n04005630/ILSVRC2012_val_00037699.JPEG reached epsilon at step 42, loss sum: 7.9017, final loss: 0.00090885, weight distance: 0.0033
2025-09-23 06:01:38,670 - INFO - Example /home/projects/bagon/shared/imagenet512/val/n03216828/ILSVRC2012_val_00023072.JPEG reached epsilon at step 55, loss sum: 26.9548, final loss: 0.00094938, weight distance: 0.0043
2025-09-23 06:01:42,699 - INFO - Example /home/projects/bagon/shared/imagenet512/val/n03590841/ILSVRC2012_val_00026220.JPEG reached epsilon at step 59, loss sum: 11.2089, final loss: 0.00097132, weight distance: 0.0040
2025-09-23 06:01:47,033 - INFO - Example /home/projects/bagon/shared/imagenet512/val/n04259630/ILSVRC2012_val_00021791.JPEG reached epsilon at step 63, loss sum: 17.7538, final loss: 0.00097752, weight distance: 0.0050
2025-09-23 06:01:50,533 - INFO - Example /home/projects/bagon/shared/imagenet512/val/n02708093/ILSVRC2012_val_00045820.JPEG reached epsilon at step 49, loss sum: 9.3883, final loss: 0.00087500, weight distance: 0.0041
2025-09-23 06:01:53,974 - INFO - Example /home/projects/bagon/shared/imagenet512/val/n04239074/ILSVRC2012_val_00034112.JPEG reached epsilon at step 48, loss sum: 23.1892, final loss: 0.00096941, weight distance: 0.0035
2025-09-23 06:01:57,485 - INFO - Example /home/projects/bagon/shared/imagenet512/val/n03792782/ILSVRC2012_val_00041265.JPEG reached epsilon at step 49, loss sum: 32.4813, final loss: 0.00093985, weight distance: 0.0039
2025-09-23 06:02:00,652 - INFO - Example /home/projects/bagon/shared/imagenet512/val/n02870880/ILSVRC2012_val_00031142.JPEG reached epsilon at step 43, loss sum: 3.1139, final loss: 0.00093079, weight distance: 0.0035
2025-09-23 06:02:04,030 - INFO - Example /home/projects/bagon/shared/imagenet512/val/n04522168/ILSVRC2012_val_00046900.JPEG reached epsilon at step 45, loss sum: 27.6450, final loss: 0.00096750, weight distance: 0.0036
2025-09-23 06:02:06,986 - INFO - Example /home/projects/bagon/shared/imagenet512/val/n07717556/ILSVRC2012_val_00001507.JPEG reached epsilon at step 39, loss sum: 34.7650, final loss: 0.00092030, weight distance: 0.0030
2025-09-23 06:02:09,279 - INFO - Example /home/projects/bagon/shared/imagenet512/val/n02091032/ILSVRC2012_val_00007371.JPEG reached epsilon at step 25, loss sum: 0.8557, final loss: 0.00083780, weight distance: 0.0021
2025-09-23 06:02:13,434 - INFO - Example /home/projects/bagon/shared/imagenet512/val/n04141975/ILSVRC2012_val_00020839.JPEG reached epsilon at step 61, loss sum: 59.8329, final loss: 0.00085592, weight distance: 0.0048
2025-09-23 06:02:17,131 - INFO - Example /home/projects/bagon/shared/imagenet512/val/n03216828/ILSVRC2012_val_00001983.JPEG reached epsilon at step 52, loss sum: 46.8396, final loss: 0.00091267, weight distance: 0.0040
2025-09-23 06:02:20,658 - INFO - Example /home/projects/bagon/shared/imagenet512/val/n02128385/ILSVRC2012_val_00003839.JPEG reached epsilon at step 49, loss sum: 13.3736, final loss: 0.00097942, weight distance: 0.0038
2025-09-23 06:02:25,328 - INFO - Example /home/projects/bagon/shared/imagenet512/val/n02865351/ILSVRC2012_val_00016474.JPEG reached epsilon at step 71, loss sum: 64.8133, final loss: 0.00088549, weight distance: 0.0057
2025-09-23 06:02:29,045 - INFO - Example /home/projects/bagon/shared/imagenet512/val/n02487347/ILSVRC2012_val_00018904.JPEG reached epsilon at step 53, loss sum: 55.8827, final loss: 0.00092936, weight distance: 0.0041
2025-09-23 06:02:32,126 - INFO - Example /home/projects/bagon/shared/imagenet512/val/n02101388/ILSVRC2012_val_00016166.JPEG reached epsilon at step 41, loss sum: 3.4854, final loss: 0.00099182, weight distance: 0.0032
2025-09-23 06:02:35,257 - INFO - Example /home/projects/bagon/shared/imagenet512/val/n02536864/ILSVRC2012_val_00002364.JPEG reached epsilon at step 42, loss sum: 42.5200, final loss: 0.00090218, weight distance: 0.0031
2025-09-23 06:02:39,511 - INFO - Example /home/projects/bagon/shared/imagenet512/val/n04376876/ILSVRC2012_val_00028012.JPEG reached epsilon at step 63, loss sum: 125.5681, final loss: 0.00092506, weight distance: 0.0051
2025-09-23 06:02:43,838 - INFO - Example /home/projects/bagon/shared/imagenet512/val/n01694178/ILSVRC2012_val_00001623.JPEG reached epsilon at step 65, loss sum: 44.2924, final loss: 0.00096416, weight distance: 0.0043
2025-09-23 06:02:48,736 - INFO - Example /home/projects/bagon/shared/imagenet512/val/n02865351/ILSVRC2012_val_00023219.JPEG reached epsilon at step 62, loss sum: 67.2418, final loss: 0.00088882, weight distance: 0.0049
2025-09-23 06:02:52,398 - INFO - Example /home/projects/bagon/shared/imagenet512/val/n03841143/ILSVRC2012_val_00046264.JPEG reached epsilon at step 51, loss sum: 25.8283, final loss: 0.00091696, weight distance: 0.0041
2025-09-23 06:02:55,267 - INFO - Example /home/projects/bagon/shared/imagenet512/val/n04090263/ILSVRC2012_val_00030031.JPEG reached epsilon at step 37, loss sum: 18.7571, final loss: 0.00082731, weight distance: 0.0029
2025-09-23 06:02:59,225 - INFO - Example /home/projects/bagon/shared/imagenet512/val/n04008634/ILSVRC2012_val_00008246.JPEG reached epsilon at step 58, loss sum: 19.3412, final loss: 0.00094986, weight distance: 0.0047
2025-09-23 06:03:02,984 - INFO - Example /home/projects/bagon/shared/imagenet512/val/n02486261/ILSVRC2012_val_00025698.JPEG reached epsilon at step 54, loss sum: 31.3292, final loss: 0.00093555, weight distance: 0.0042
2025-09-23 06:03:06,457 - INFO - Example /home/projects/bagon/shared/imagenet512/val/n03445924/ILSVRC2012_val_00012682.JPEG reached epsilon at step 49, loss sum: 26.9488, final loss: 0.00098515, weight distance: 0.0035
2025-09-23 06:03:10,445 - INFO - Example /home/projects/bagon/shared/imagenet512/val/n03733281/ILSVRC2012_val_00024639.JPEG reached epsilon at step 58, loss sum: 62.3327, final loss: 0.00092506, weight distance: 0.0041
2025-09-23 06:03:13,380 - INFO - Example /home/projects/bagon/shared/imagenet512/val/n07836838/ILSVRC2012_val_00024526.JPEG reached epsilon at step 39, loss sum: 15.6130, final loss: 0.00094986, weight distance: 0.0030
2025-09-23 06:03:17,767 - INFO - Example /home/projects/bagon/shared/imagenet512/val/n04398044/ILSVRC2012_val_00035011.JPEG reached epsilon at step 67, loss sum: 35.1525, final loss: 0.00088215, weight distance: 0.0054
2025-09-23 06:03:21,296 - INFO - Example /home/projects/bagon/shared/imagenet512/val/n03658185/ILSVRC2012_val_00011481.JPEG reached epsilon at step 50, loss sum: 10.0295, final loss: 0.00089598, weight distance: 0.0040
2025-09-23 06:03:24,695 - INFO - Example /home/projects/bagon/shared/imagenet512/val/n04270147/ILSVRC2012_val_00027349.JPEG reached epsilon at step 48, loss sum: 57.1710, final loss: 0.00092459, weight distance: 0.0036
2025-09-23 06:03:28,772 - INFO - Example /home/projects/bagon/shared/imagenet512/val/n04597913/ILSVRC2012_val_00007881.JPEG reached epsilon at step 59, loss sum: 112.1139, final loss: 0.00099277, weight distance: 0.0042
2025-09-23 06:03:32,667 - INFO - Example /home/projects/bagon/shared/imagenet512/val/n02909870/ILSVRC2012_val_00041404.JPEG reached epsilon at step 57, loss sum: 68.3041, final loss: 0.00096464, weight distance: 0.0044
2025-09-23 06:03:35,828 - INFO - Example /home/projects/bagon/shared/imagenet512/val/n03690938/ILSVRC2012_val_00026685.JPEG reached epsilon at step 43, loss sum: 11.3395, final loss: 0.00083876, weight distance: 0.0035
2025-09-23 06:03:40,629 - INFO - Example /home/projects/bagon/shared/imagenet512/val/n09428293/ILSVRC2012_val_00000214.JPEG reached epsilon at step 74, loss sum: 91.3212, final loss: 0.00089407, weight distance: 0.0059
2025-09-23 06:03:44,594 - INFO - Example /home/projects/bagon/shared/imagenet512/val/n04069434/ILSVRC2012_val_00014347.JPEG reached epsilon at step 58, loss sum: 56.4590, final loss: 0.00096846, weight distance: 0.0047
2025-09-23 06:03:47,608 - INFO - Example /home/projects/bagon/shared/imagenet512/val/n03958227/ILSVRC2012_val_00037856.JPEG reached epsilon at step 40, loss sum: 46.5020, final loss: 0.00094080, weight distance: 0.0030
2025-09-23 06:03:50,567 - INFO - Example /home/projects/bagon/shared/imagenet512/val/n02100735/ILSVRC2012_val_00019050.JPEG reached epsilon at step 39, loss sum: 23.9442, final loss: 0.00096941, weight distance: 0.0030
2025-09-23 06:03:55,129 - INFO - Example /home/projects/bagon/shared/imagenet512/val/n09332890/ILSVRC2012_val_00028191.JPEG reached epsilon at step 69, loss sum: 55.3158, final loss: 0.00097132, weight distance: 0.0053
2025-09-23 06:03:58,542 - INFO - Example /home/projects/bagon/shared/imagenet512/val/n02100877/ILSVRC2012_val_00025288.JPEG reached epsilon at step 48, loss sum: 13.9723, final loss: 0.00094604, weight distance: 0.0037
2025-09-23 06:04:03,155 - INFO - Example /home/projects/bagon/shared/imagenet512/val/n02808440/ILSVRC2012_val_00019565.JPEG reached epsilon at step 71, loss sum: 12.2649, final loss: 0.00092793, weight distance: 0.0056
2025-09-23 06:04:06,396 - INFO - Example /home/projects/bagon/shared/imagenet512/val/n07920052/ILSVRC2012_val_00007209.JPEG reached epsilon at step 45, loss sum: 2.2242, final loss: 0.00093746, weight distance: 0.0035
2025-09-23 06:04:09,689 - INFO - Example /home/projects/bagon/shared/imagenet512/val/n04040759/ILSVRC2012_val_00031797.JPEG reached epsilon at step 45, loss sum: 36.0588, final loss: 0.00089693, weight distance: 0.0035
2025-09-23 06:04:14,117 - INFO - Example /home/projects/bagon/shared/imagenet512/val/n01692333/ILSVRC2012_val_00010164.JPEG reached epsilon at step 67, loss sum: 112.4168, final loss: 0.00099564, weight distance: 0.0049
2025-09-23 06:04:18,551 - INFO - Example /home/projects/bagon/shared/imagenet512/val/n02791124/ILSVRC2012_val_00008115.JPEG reached epsilon at step 67, loss sum: 20.5377, final loss: 0.00097513, weight distance: 0.0050
2025-09-23 06:04:22,483 - INFO - Example /home/projects/bagon/shared/imagenet512/val/n15075141/ILSVRC2012_val_00001079.JPEG reached epsilon at step 56, loss sum: 75.2551, final loss: 0.00098705, weight distance: 0.0044
2025-09-23 06:04:26,079 - INFO - Example /home/projects/bagon/shared/imagenet512/val/n04118776/ILSVRC2012_val_00022488.JPEG reached epsilon at step 51, loss sum: 40.5275, final loss: 0.00093317, weight distance: 0.0039
2025-09-23 06:04:29,305 - INFO - Example /home/projects/bagon/shared/imagenet512/val/n04590129/ILSVRC2012_val_00025610.JPEG reached epsilon at step 42, loss sum: 4.6103, final loss: 0.00099277, weight distance: 0.0035
2025-09-23 06:04:33,218 - INFO - Example /home/projects/bagon/shared/imagenet512/val/n04522168/ILSVRC2012_val_00040024.JPEG reached epsilon at step 57, loss sum: 64.7313, final loss: 0.00089788, weight distance: 0.0045
2025-09-23 06:04:40,421 - INFO - Example /home/projects/bagon/shared/imagenet512/val/n03814639/ILSVRC2012_val_00024623.JPEG reached epsilon at step 38, loss sum: 2.5734, final loss: 0.00094509, weight distance: 0.0028
2025-09-23 06:04:44,843 - INFO - Example /home/projects/bagon/shared/imagenet512/val/n02088238/ILSVRC2012_val_00002111.JPEG reached epsilon at step 67, loss sum: 94.9940, final loss: 0.00092125, weight distance: 0.0054
2025-09-23 06:04:48,518 - INFO - Example /home/projects/bagon/shared/imagenet512/val/n02096437/ILSVRC2012_val_00027512.JPEG reached epsilon at step 53, loss sum: 9.8888, final loss: 0.00094891, weight distance: 0.0038
2025-09-23 06:04:52,836 - INFO - Example /home/projects/bagon/shared/imagenet512/val/n01608432/ILSVRC2012_val_00023128.JPEG reached epsilon at step 63, loss sum: 39.1576, final loss: 0.00094032, weight distance: 0.0047
2025-09-23 06:04:55,845 - INFO - Example /home/projects/bagon/shared/imagenet512/val/n04116512/ILSVRC2012_val_00007939.JPEG reached epsilon at step 40, loss sum: 27.7177, final loss: 0.00096321, weight distance: 0.0030
2025-09-23 06:04:59,829 - INFO - Example /home/projects/bagon/shared/imagenet512/val/n04380533/ILSVRC2012_val_00026968.JPEG reached epsilon at step 58, loss sum: 72.6941, final loss: 0.00090981, weight distance: 0.0043
2025-09-23 06:05:04,393 - INFO - Example /home/projects/bagon/shared/imagenet512/val/n03459775/ILSVRC2012_val_00038655.JPEG reached epsilon at step 69, loss sum: 67.4949, final loss: 0.00096083, weight distance: 0.0054
2025-09-23 06:05:08,186 - INFO - Example /home/projects/bagon/shared/imagenet512/val/n04252077/ILSVRC2012_val_00018998.JPEG reached epsilon at step 55, loss sum: 23.4589, final loss: 0.00096607, weight distance: 0.0039
2025-09-23 06:05:11,651 - INFO - Example /home/projects/bagon/shared/imagenet512/val/n03445924/ILSVRC2012_val_00006874.JPEG reached epsilon at step 49, loss sum: 50.1292, final loss: 0.00097942, weight distance: 0.0035
2025-09-23 06:05:15,611 - INFO - Example /home/projects/bagon/shared/imagenet512/val/n02483362/ILSVRC2012_val_00020301.JPEG reached epsilon at step 58, loss sum: 78.8339, final loss: 0.00095654, weight distance: 0.0038
2025-09-23 06:05:19,299 - INFO - Example /home/projects/bagon/shared/imagenet512/val/n04596742/ILSVRC2012_val_00019557.JPEG reached epsilon at step 53, loss sum: 39.5130, final loss: 0.00089979, weight distance: 0.0042
2025-09-23 06:05:22,092 - INFO - Example /home/projects/bagon/shared/imagenet512/val/n02971356/ILSVRC2012_val_00013835.JPEG reached epsilon at step 36, loss sum: 19.2817, final loss: 0.00086403, weight distance: 0.0025
2025-09-23 06:05:23,637 - INFO - Example /home/projects/bagon/shared/imagenet512/val/n03868863/ILSVRC2012_val_00007585.JPEG reached epsilon at step 12, loss sum: 0.0889, final loss: 0.00092220, weight distance: 0.0010
2025-09-23 06:05:27,552 - INFO - Example /home/projects/bagon/shared/imagenet512/val/n07695742/ILSVRC2012_val_00001967.JPEG reached epsilon at step 57, loss sum: 62.0395, final loss: 0.00092697, weight distance: 0.0041
2025-09-23 06:05:30,283 - INFO - Example /home/projects/bagon/shared/imagenet512/val/n02229544/ILSVRC2012_val_00003343.JPEG reached epsilon at step 35, loss sum: 0.7941, final loss: 0.00087833, weight distance: 0.0031
2025-09-23 06:05:34,527 - INFO - Example /home/projects/bagon/shared/imagenet512/val/n01644373/ILSVRC2012_val_00036293.JPEG reached epsilon at step 63, loss sum: 135.6139, final loss: 0.00095510, weight distance: 0.0047
2025-09-23 06:05:38,084 - INFO - Example /home/projects/bagon/shared/imagenet512/val/n01847000/ILSVRC2012_val_00021372.JPEG reached epsilon at step 51, loss sum: 9.7241, final loss: 0.00098801, weight distance: 0.0039
2025-09-23 06:05:41,798 - INFO - Example /home/projects/bagon/shared/imagenet512/val/n07720875/ILSVRC2012_val_00035410.JPEG reached epsilon at step 54, loss sum: 159.1047, final loss: 0.00090885, weight distance: 0.0034
2025-09-23 06:05:45,042 - INFO - Example /home/projects/bagon/shared/imagenet512/val/n03998194/ILSVRC2012_val_00020470.JPEG reached epsilon at step 45, loss sum: 4.5818, final loss: 0.00092554, weight distance: 0.0034
2025-09-23 06:05:48,556 - INFO - Example /home/projects/bagon/shared/imagenet512/val/n02002556/ILSVRC2012_val_00032580.JPEG reached epsilon at step 50, loss sum: 22.6881, final loss: 0.00096846, weight distance: 0.0036
2025-09-23 06:05:51,650 - INFO - Example /home/projects/bagon/shared/imagenet512/val/n02708093/ILSVRC2012_val_00005490.JPEG reached epsilon at step 40, loss sum: 52.8022, final loss: 0.00093031, weight distance: 0.0027
2025-09-23 06:05:55,177 - INFO - Example /home/projects/bagon/shared/imagenet512/val/n07836838/ILSVRC2012_val_00047503.JPEG reached epsilon at step 50, loss sum: 31.8044, final loss: 0.00087166, weight distance: 0.0039
2025-09-23 06:05:58,446 - INFO - Example /home/projects/bagon/shared/imagenet512/val/n03995372/ILSVRC2012_val_00027123.JPEG reached epsilon at step 45, loss sum: 26.6020, final loss: 0.00094557, weight distance: 0.0035
2025-09-23 06:06:02,313 - INFO - Example /home/projects/bagon/shared/imagenet512/val/n03062245/ILSVRC2012_val_00012643.JPEG reached epsilon at step 56, loss sum: 48.6639, final loss: 0.00098228, weight distance: 0.0042
2025-09-23 06:06:05,639 - INFO - Example /home/projects/bagon/shared/imagenet512/val/n03977966/ILSVRC2012_val_00034511.JPEG reached epsilon at step 46, loss sum: 67.5813, final loss: 0.00093603, weight distance: 0.0034
2025-09-23 06:06:09,741 - INFO - Example /home/projects/bagon/shared/imagenet512/val/n04147183/ILSVRC2012_val_00037955.JPEG reached epsilon at step 60, loss sum: 5.6473, final loss: 0.00092793, weight distance: 0.0045
2025-09-23 06:06:13,286 - INFO - Example /home/projects/bagon/shared/imagenet512/val/n06596364/ILSVRC2012_val_00001606.JPEG reached epsilon at step 50, loss sum: 49.4963, final loss: 0.00094700, weight distance: 0.0038
2025-09-23 06:06:16,235 - INFO - Example /home/projects/bagon/shared/imagenet512/val/n04330267/ILSVRC2012_val_00000205.JPEG reached epsilon at step 39, loss sum: 21.3785, final loss: 0.00086212, weight distance: 0.0030
2025-09-23 06:06:19,391 - INFO - Example /home/projects/bagon/shared/imagenet512/val/n04270147/ILSVRC2012_val_00039725.JPEG reached epsilon at step 43, loss sum: 22.3233, final loss: 0.00097656, weight distance: 0.0033
2025-09-23 06:06:22,424 - INFO - Example /home/projects/bagon/shared/imagenet512/val/n03992509/ILSVRC2012_val_00043757.JPEG reached epsilon at step 40, loss sum: 61.2319, final loss: 0.00085688, weight distance: 0.0031
2025-09-23 06:06:25,409 - INFO - Example /home/projects/bagon/shared/imagenet512/val/n04229816/ILSVRC2012_val_00003737.JPEG reached epsilon at step 39, loss sum: 12.2711, final loss: 0.00090981, weight distance: 0.0029
2025-09-23 06:06:28,329 - INFO - Example /home/projects/bagon/shared/imagenet512/val/n04209239/ILSVRC2012_val_00026834.JPEG reached epsilon at step 38, loss sum: 11.5911, final loss: 0.00098705, weight distance: 0.0025
2025-09-23 06:06:31,254 - INFO - Example /home/projects/bagon/shared/imagenet512/val/n04548362/ILSVRC2012_val_00014862.JPEG reached epsilon at step 38, loss sum: 64.2233, final loss: 0.00080395, weight distance: 0.0029
2025-09-23 06:06:34,822 - INFO - Example /home/projects/bagon/shared/imagenet512/val/n02906734/ILSVRC2012_val_00044489.JPEG reached epsilon at step 50, loss sum: 20.4686, final loss: 0.00099182, weight distance: 0.0040
2025-09-23 06:06:38,076 - INFO - Example /home/projects/bagon/shared/imagenet512/val/n01644900/ILSVRC2012_val_00039996.JPEG reached epsilon at step 44, loss sum: 25.5375, final loss: 0.00097036, weight distance: 0.0033
2025-09-23 06:06:42,310 - INFO - Example /home/projects/bagon/shared/imagenet512/val/n01924916/ILSVRC2012_val_00003942.JPEG reached epsilon at step 63, loss sum: 31.7336, final loss: 0.00099087, weight distance: 0.0038
2025-09-23 06:06:46,155 - INFO - Example /home/projects/bagon/shared/imagenet512/val/n03445777/ILSVRC2012_val_00023845.JPEG reached epsilon at step 55, loss sum: 39.3202, final loss: 0.00098610, weight distance: 0.0043
2025-09-23 06:06:49,882 - INFO - Example /home/projects/bagon/shared/imagenet512/val/n02113799/ILSVRC2012_val_00007866.JPEG reached epsilon at step 54, loss sum: 22.2466, final loss: 0.00092936, weight distance: 0.0042
2025-09-23 06:06:53,506 - INFO - Example /home/projects/bagon/shared/imagenet512/val/n03529860/ILSVRC2012_val_00037976.JPEG reached epsilon at step 52, loss sum: 34.8451, final loss: 0.00092030, weight distance: 0.0040
2025-09-23 06:06:56,602 - INFO - Example /home/projects/bagon/shared/imagenet512/val/n03062245/ILSVRC2012_val_00023646.JPEG reached epsilon at step 42, loss sum: 36.2598, final loss: 0.00084686, weight distance: 0.0034
2025-09-23 06:07:00,994 - INFO - Example /home/projects/bagon/shared/imagenet512/val/n03476684/ILSVRC2012_val_00024049.JPEG reached epsilon at step 67, loss sum: 123.1412, final loss: 0.00089598, weight distance: 0.0054
2025-09-23 06:07:04,849 - INFO - Example /home/projects/bagon/shared/imagenet512/val/n03764736/ILSVRC2012_val_00001522.JPEG reached epsilon at step 55, loss sum: 90.4819, final loss: 0.00087786, weight distance: 0.0044
2025-09-23 06:07:09,743 - INFO - Example /home/projects/bagon/shared/imagenet512/val/n03673027/ILSVRC2012_val_00049813.JPEG reached epsilon at step 76, loss sum: 87.7121, final loss: 0.00098801, weight distance: 0.0055
2025-09-23 06:07:13,951 - INFO - Example /home/projects/bagon/shared/imagenet512/val/n02916936/ILSVRC2012_val_00004704.JPEG reached epsilon at step 62, loss sum: 119.6727, final loss: 0.00090075, weight distance: 0.0045
2025-09-23 06:07:16,957 - INFO - Example /home/projects/bagon/shared/imagenet512/val/n02894605/ILSVRC2012_val_00030290.JPEG reached epsilon at step 40, loss sum: 17.8505, final loss: 0.00080872, weight distance: 0.0030
2025-09-23 06:07:19,617 - INFO - Example /home/projects/bagon/shared/imagenet512/val/n03775546/ILSVRC2012_val_00047849.JPEG reached epsilon at step 33, loss sum: 20.5847, final loss: 0.00077486, weight distance: 0.0023
2025-09-23 06:07:22,462 - INFO - Example /home/projects/bagon/shared/imagenet512/val/n02096437/ILSVRC2012_val_00000279.JPEG reached epsilon at step 37, loss sum: 24.8526, final loss: 0.00078297, weight distance: 0.0028
2025-09-23 06:07:26,039 - INFO - Example /home/projects/bagon/shared/imagenet512/val/n04597913/ILSVRC2012_val_00039858.JPEG reached epsilon at step 51, loss sum: 23.4901, final loss: 0.00095606, weight distance: 0.0040
2025-09-23 06:07:29,429 - INFO - Example /home/projects/bagon/shared/imagenet512/val/n01496331/ILSVRC2012_val_00037260.JPEG reached epsilon at step 46, loss sum: 9.1697, final loss: 0.00098991, weight distance: 0.0034
2025-09-23 06:07:32,125 - INFO - Example /home/projects/bagon/shared/imagenet512/val/n03089624/ILSVRC2012_val_00008801.JPEG reached epsilon at step 34, loss sum: 21.8864, final loss: 0.00079441, weight distance: 0.0026
2025-09-23 06:07:37,004 - INFO - Example /home/projects/bagon/shared/imagenet512/val/n03773504/ILSVRC2012_val_00047508.JPEG reached epsilon at step 76, loss sum: 16.1647, final loss: 0.00098228, weight distance: 0.0059
2025-09-23 06:07:40,422 - INFO - Example /home/projects/bagon/shared/imagenet512/val/n04239074/ILSVRC2012_val_00044499.JPEG reached epsilon at step 46, loss sum: 23.1399, final loss: 0.00095749, weight distance: 0.0036
2025-09-23 06:07:44,622 - INFO - Example /home/projects/bagon/shared/imagenet512/val/n03196217/ILSVRC2012_val_00026752.JPEG reached epsilon at step 63, loss sum: 135.2624, final loss: 0.00091791, weight distance: 0.0048
2025-09-23 06:07:48,350 - INFO - Example /home/projects/bagon/shared/imagenet512/val/n03476991/ILSVRC2012_val_00045906.JPEG reached epsilon at step 54, loss sum: 76.3737, final loss: 0.00094032, weight distance: 0.0041
2025-09-23 06:07:52,272 - INFO - Example /home/projects/bagon/shared/imagenet512/val/n03637318/ILSVRC2012_val_00031039.JPEG reached epsilon at step 57, loss sum: 21.2837, final loss: 0.00098610, weight distance: 0.0047
2025-09-23 06:07:55,127 - INFO - Example /home/projects/bagon/shared/imagenet512/val/n02422699/ILSVRC2012_val_00016293.JPEG reached epsilon at step 37, loss sum: 8.1306, final loss: 0.00096226, weight distance: 0.0028
2025-09-23 06:07:58,601 - INFO - Example /home/projects/bagon/shared/imagenet512/val/n03976657/ILSVRC2012_val_00019140.JPEG reached epsilon at step 49, loss sum: 42.5782, final loss: 0.00096846, weight distance: 0.0039
2025-09-23 06:08:02,229 - INFO - Example /home/projects/bagon/shared/imagenet512/val/n03485407/ILSVRC2012_val_00043726.JPEG reached epsilon at step 52, loss sum: 25.9645, final loss: 0.00093746, weight distance: 0.0042
2025-09-23 06:08:05,951 - INFO - Example /home/projects/bagon/shared/imagenet512/val/n01914609/ILSVRC2012_val_00015587.JPEG reached epsilon at step 54, loss sum: 36.6723, final loss: 0.00097132, weight distance: 0.0041
2025-09-23 06:08:09,715 - INFO - Example /home/projects/bagon/shared/imagenet512/val/n01877812/ILSVRC2012_val_00028912.JPEG reached epsilon at step 55, loss sum: 63.0884, final loss: 0.00097847, weight distance: 0.0043
2025-09-23 06:08:12,599 - INFO - Example /home/projects/bagon/shared/imagenet512/val/n02783161/ILSVRC2012_val_00001098.JPEG reached epsilon at step 38, loss sum: 9.9732, final loss: 0.00093842, weight distance: 0.0031
2025-09-23 06:08:16,192 - INFO - Example /home/projects/bagon/shared/imagenet512/val/n01688243/ILSVRC2012_val_00000978.JPEG reached epsilon at step 50, loss sum: 19.8294, final loss: 0.00098133, weight distance: 0.0038
2025-09-23 06:08:19,615 - INFO - Example /home/projects/bagon/shared/imagenet512/val/n07717556/ILSVRC2012_val_00024862.JPEG reached epsilon at step 48, loss sum: 41.4561, final loss: 0.00090170, weight distance: 0.0038
2025-09-23 06:08:23,149 - INFO - Example /home/projects/bagon/shared/imagenet512/val/n03347037/ILSVRC2012_val_00033001.JPEG reached epsilon at step 50, loss sum: 78.0345, final loss: 0.00088167, weight distance: 0.0038
2025-09-23 06:08:25,431 - INFO - Example /home/projects/bagon/shared/imagenet512/val/n03976657/ILSVRC2012_val_00038951.JPEG reached epsilon at step 26, loss sum: 1.2472, final loss: 0.00092459, weight distance: 0.0021
2025-09-23 06:08:28,026 - INFO - Example /home/projects/bagon/shared/imagenet512/val/n07590611/ILSVRC2012_val_00018486.JPEG reached epsilon at step 32, loss sum: 1.1233, final loss: 0.00099182, weight distance: 0.0026
2025-09-23 06:08:31,012 - INFO - Example /home/projects/bagon/shared/imagenet512/val/n03125729/ILSVRC2012_val_00032315.JPEG reached epsilon at step 40, loss sum: 24.3855, final loss: 0.00098705, weight distance: 0.0030
2025-09-23 06:08:34,940 - INFO - Example /home/projects/bagon/shared/imagenet512/val/n03160309/ILSVRC2012_val_00046535.JPEG reached epsilon at step 57, loss sum: 12.3330, final loss: 0.00097370, weight distance: 0.0042
2025-09-23 06:08:38,771 - INFO - Example /home/projects/bagon/shared/imagenet512/val/n03840681/ILSVRC2012_val_00048063.JPEG reached epsilon at step 56, loss sum: 101.0730, final loss: 0.00091887, weight distance: 0.0044
2025-09-23 06:08:42,418 - INFO - Example /home/projects/bagon/shared/imagenet512/val/n04311004/ILSVRC2012_val_00005791.JPEG reached epsilon at step 52, loss sum: 16.8285, final loss: 0.00096655, weight distance: 0.0037
2025-09-23 06:08:45,682 - INFO - Example /home/projects/bagon/shared/imagenet512/val/n02776631/ILSVRC2012_val_00032747.JPEG reached epsilon at step 44, loss sum: 6.8364, final loss: 0.00099945, weight distance: 0.0035
2025-09-23 06:08:48,799 - INFO - Example /home/projects/bagon/shared/imagenet512/val/n02493509/ILSVRC2012_val_00040269.JPEG reached epsilon at step 43, loss sum: 7.1972, final loss: 0.00092030, weight distance: 0.0036
2025-09-23 06:08:51,384 - INFO - Example /home/projects/bagon/shared/imagenet512/val/n04265275/ILSVRC2012_val_00045817.JPEG reached epsilon at step 31, loss sum: 2.6213, final loss: 0.00096178, weight distance: 0.0025
2025-09-23 06:08:56,105 - INFO - Example /home/projects/bagon/shared/imagenet512/val/n07749582/ILSVRC2012_val_00040755.JPEG reached epsilon at step 73, loss sum: 108.5871, final loss: 0.00098038, weight distance: 0.0052
2025-09-23 06:08:59,111 - INFO - Example /home/projects/bagon/shared/imagenet512/val/n02091635/ILSVRC2012_val_00006704.JPEG reached epsilon at step 40, loss sum: 29.5056, final loss: 0.00085640, weight distance: 0.0032
2025-09-23 06:09:02,706 - INFO - Example /home/projects/bagon/shared/imagenet512/val/n03742115/ILSVRC2012_val_00009627.JPEG reached epsilon at step 51, loss sum: 80.4873, final loss: 0.00091553, weight distance: 0.0038
2025-09-23 06:09:06,545 - INFO - Example /home/projects/bagon/shared/imagenet512/val/n03899768/ILSVRC2012_val_00004308.JPEG reached epsilon at step 56, loss sum: 61.2985, final loss: 0.00090694, weight distance: 0.0047
2025-09-23 06:09:09,846 - INFO - Example /home/projects/bagon/shared/imagenet512/val/n04456115/ILSVRC2012_val_00008611.JPEG reached epsilon at step 44, loss sum: 23.7858, final loss: 0.00087881, weight distance: 0.0033
2025-09-23 06:09:14,724 - INFO - Example /home/projects/bagon/shared/imagenet512/val/n04008634/ILSVRC2012_val_00000621.JPEG reached epsilon at step 75, loss sum: 20.5722, final loss: 0.00099087, weight distance: 0.0062
2025-09-23 06:09:20,540 - INFO - Example /home/projects/bagon/shared/imagenet512/val/n02092339/ILSVRC2012_val_00004974.JPEG reached epsilon at step 93, loss sum: 247.9728, final loss: 0.00095892, weight distance: 0.0066
2025-09-23 06:09:23,281 - INFO - Example /home/projects/bagon/shared/imagenet512/val/n03929855/ILSVRC2012_val_00049963.JPEG reached epsilon at step 35, loss sum: 5.2539, final loss: 0.00098419, weight distance: 0.0027
2025-09-23 06:09:26,609 - INFO - Example /home/projects/bagon/shared/imagenet512/val/n02892767/ILSVRC2012_val_00026923.JPEG reached epsilon at step 46, loss sum: 32.4485, final loss: 0.00090170, weight distance: 0.0035
2025-09-23 06:09:30,116 - INFO - Example /home/projects/bagon/shared/imagenet512/val/n03916031/ILSVRC2012_val_00021129.JPEG reached epsilon at step 50, loss sum: 53.1511, final loss: 0.00093985, weight distance: 0.0040
2025-09-23 06:09:34,513 - INFO - Example /home/projects/bagon/shared/imagenet512/val/n02165105/ILSVRC2012_val_00000768.JPEG reached epsilon at step 67, loss sum: 88.1008, final loss: 0.00094461, weight distance: 0.0045
2025-09-23 06:09:37,966 - INFO - Example /home/projects/bagon/shared/imagenet512/val/n04579432/ILSVRC2012_val_00028072.JPEG reached epsilon at step 49, loss sum: 20.3372, final loss: 0.00085545, weight distance: 0.0039
2025-09-23 06:09:42,171 - INFO - Example /home/projects/bagon/shared/imagenet512/val/n04317175/ILSVRC2012_val_00010695.JPEG reached epsilon at step 63, loss sum: 124.1260, final loss: 0.00096560, weight distance: 0.0048
2025-09-23 06:09:46,222 - INFO - Example /home/projects/bagon/shared/imagenet512/val/n04033901/ILSVRC2012_val_00008657.JPEG reached epsilon at step 60, loss sum: 99.7281, final loss: 0.00095844, weight distance: 0.0048
2025-09-23 06:09:50,386 - INFO - Example /home/projects/bagon/shared/imagenet512/val/n02690373/ILSVRC2012_val_00040136.JPEG reached epsilon at step 62, loss sum: 55.3176, final loss: 0.00093651, weight distance: 0.0042
2025-09-23 06:09:53,431 - INFO - Example /home/projects/bagon/shared/imagenet512/val/n02727426/ILSVRC2012_val_00019117.JPEG reached epsilon at step 41, loss sum: 2.3945, final loss: 0.00092459, weight distance: 0.0033
2025-09-23 06:09:57,487 - INFO - Example /home/projects/bagon/shared/imagenet512/val/n03891332/ILSVRC2012_val_00004937.JPEG reached epsilon at step 60, loss sum: 46.1245, final loss: 0.00093651, weight distance: 0.0047
2025-09-23 06:10:01,505 - INFO - Example /home/projects/bagon/shared/imagenet512/val/n02099429/ILSVRC2012_val_00032181.JPEG reached epsilon at step 60, loss sum: 41.8090, final loss: 0.00093842, weight distance: 0.0047
2025-09-23 06:10:05,390 - INFO - Example /home/projects/bagon/shared/imagenet512/val/n04392985/ILSVRC2012_val_00044323.JPEG reached epsilon at step 57, loss sum: 16.0290, final loss: 0.00095224, weight distance: 0.0046
2025-09-23 06:10:08,641 - INFO - Example /home/projects/bagon/shared/imagenet512/val/n02095314/ILSVRC2012_val_00005331.JPEG reached epsilon at step 45, loss sum: 41.2230, final loss: 0.00092793, weight distance: 0.0035
2025-09-23 06:10:12,262 - INFO - Example /home/projects/bagon/shared/imagenet512/val/n03908618/ILSVRC2012_val_00045411.JPEG reached epsilon at step 52, loss sum: 35.0808, final loss: 0.00092363, weight distance: 0.0039
2025-09-23 06:10:15,373 - INFO - Example /home/projects/bagon/shared/imagenet512/val/n01914609/ILSVRC2012_val_00002938.JPEG reached epsilon at step 41, loss sum: 5.9271, final loss: 0.00092030, weight distance: 0.0030
2025-09-23 06:10:20,052 - INFO - Example /home/projects/bagon/shared/imagenet512/val/n01755581/ILSVRC2012_val_00014950.JPEG reached epsilon at step 71, loss sum: 70.4094, final loss: 0.00096130, weight distance: 0.0057
2025-09-23 06:10:21,861 - INFO - Example /home/projects/bagon/shared/imagenet512/val/n04443257/ILSVRC2012_val_00018875.JPEG reached epsilon at step 17, loss sum: 0.3524, final loss: 0.00083017, weight distance: 0.0013
2025-09-23 06:10:25,138 - INFO - Example /home/projects/bagon/shared/imagenet512/val/n02825657/ILSVRC2012_val_00033061.JPEG reached epsilon at step 45, loss sum: 26.8867, final loss: 0.00095606, weight distance: 0.0035
2025-09-23 06:10:29,266 - INFO - Example /home/projects/bagon/shared/imagenet512/val/n04317175/ILSVRC2012_val_00014314.JPEG reached epsilon at step 61, loss sum: 32.8153, final loss: 0.00097084, weight distance: 0.0049
2025-09-23 06:10:33,137 - INFO - Example /home/projects/bagon/shared/imagenet512/val/n04335435/ILSVRC2012_val_00016288.JPEG reached epsilon at step 56, loss sum: 26.7528, final loss: 0.00091028, weight distance: 0.0045
2025-09-23 06:10:37,052 - INFO - Example /home/projects/bagon/shared/imagenet512/val/n03325584/ILSVRC2012_val_00016174.JPEG reached epsilon at step 57, loss sum: 50.9838, final loss: 0.00095463, weight distance: 0.0041
2025-09-23 06:10:42,189 - INFO - Example /home/projects/bagon/shared/imagenet512/val/n03782006/ILSVRC2012_val_00015161.JPEG reached epsilon at step 79, loss sum: 39.7016, final loss: 0.00088024, weight distance: 0.0064
2025-09-23 06:10:45,420 - INFO - Example /home/projects/bagon/shared/imagenet512/val/n04465501/ILSVRC2012_val_00035513.JPEG reached epsilon at step 44, loss sum: 7.5059, final loss: 0.00096893, weight distance: 0.0035
2025-09-23 06:10:48,009 - INFO - Example /home/projects/bagon/shared/imagenet512/val/n02930766/ILSVRC2012_val_00018744.JPEG reached epsilon at step 32, loss sum: 1.4512, final loss: 0.00094700, weight distance: 0.0027
2025-09-23 06:10:51,199 - INFO - Example /home/projects/bagon/shared/imagenet512/val/n03291819/ILSVRC2012_val_00048158.JPEG reached epsilon at step 43, loss sum: 40.3208, final loss: 0.00094032, weight distance: 0.0034
2025-09-23 06:10:55,529 - INFO - Example /home/projects/bagon/shared/imagenet512/val/n03691459/ILSVRC2012_val_00030580.JPEG reached epsilon at step 65, loss sum: 118.7536, final loss: 0.00094795, weight distance: 0.0051
2025-09-23 06:10:58,371 - INFO - Example /home/projects/bagon/shared/imagenet512/val/n07615774/ILSVRC2012_val_00049964.JPEG reached epsilon at step 37, loss sum: 14.0338, final loss: 0.00086403, weight distance: 0.0029
2025-09-23 06:11:02,967 - INFO - Example /home/projects/bagon/shared/imagenet512/val/n02105505/ILSVRC2012_val_00048075.JPEG reached epsilon at step 70, loss sum: 54.4237, final loss: 0.00093746, weight distance: 0.0053
2025-09-23 06:11:06,064 - INFO - Example /home/projects/bagon/shared/imagenet512/val/n03461385/ILSVRC2012_val_00005674.JPEG reached epsilon at step 42, loss sum: 19.5736, final loss: 0.00089312, weight distance: 0.0032
2025-09-23 06:11:10,223 - INFO - Example /home/projects/bagon/shared/imagenet512/val/n02099429/ILSVRC2012_val_00011793.JPEG reached epsilon at step 62, loss sum: 71.2161, final loss: 0.00094461, weight distance: 0.0050
2025-09-23 06:11:14,124 - INFO - Example /home/projects/bagon/shared/imagenet512/val/n02325366/ILSVRC2012_val_00041387.JPEG reached epsilon at step 57, loss sum: 25.5538, final loss: 0.00091028, weight distance: 0.0044
2025-09-23 06:11:16,238 - INFO - Example /home/projects/bagon/shared/imagenet512/val/n04554684/ILSVRC2012_val_00005491.JPEG reached epsilon at step 23, loss sum: 0.8359, final loss: 0.00093412, weight distance: 0.0019
2025-09-23 06:11:19,554 - INFO - Example /home/projects/bagon/shared/imagenet512/val/n07875152/ILSVRC2012_val_00011863.JPEG reached epsilon at step 46, loss sum: 35.2463, final loss: 0.00098610, weight distance: 0.0034
2025-09-23 06:11:23,597 - INFO - Example /home/projects/bagon/shared/imagenet512/val/n03207743/ILSVRC2012_val_00012369.JPEG reached epsilon at step 58, loss sum: 50.5172, final loss: 0.00095177, weight distance: 0.0038
2025-09-23 06:11:26,742 - INFO - Example /home/projects/bagon/shared/imagenet512/val/n03014705/ILSVRC2012_val_00003911.JPEG reached epsilon at step 41, loss sum: 18.1270, final loss: 0.00099277, weight distance: 0.0030
2025-09-23 06:11:30,228 - INFO - Example /home/projects/bagon/shared/imagenet512/val/n04525038/ILSVRC2012_val_00012324.JPEG reached epsilon at step 46, loss sum: 65.7731, final loss: 0.00092602, weight distance: 0.0035
2025-09-23 06:11:34,659 - INFO - Example /home/projects/bagon/shared/imagenet512/val/n03954731/ILSVRC2012_val_00049067.JPEG reached epsilon at step 61, loss sum: 88.2950, final loss: 0.00099373, weight distance: 0.0041
2025-09-23 06:11:37,627 - INFO - Example /home/projects/bagon/shared/imagenet512/val/n04254120/ILSVRC2012_val_00030691.JPEG reached epsilon at step 38, loss sum: 49.2800, final loss: 0.00085545, weight distance: 0.0029
2025-09-23 06:11:42,347 - INFO - Example /home/projects/bagon/shared/imagenet512/val/n01798484/ILSVRC2012_val_00049203.JPEG reached epsilon at step 71, loss sum: 92.7417, final loss: 0.00091743, weight distance: 0.0050
2025-09-23 06:11:46,482 - INFO - Example /home/projects/bagon/shared/imagenet512/val/n04458633/ILSVRC2012_val_00044465.JPEG reached epsilon at step 60, loss sum: 28.6822, final loss: 0.00098896, weight distance: 0.0043
2025-09-23 06:11:50,289 - INFO - Example /home/projects/bagon/shared/imagenet512/val/n01580077/ILSVRC2012_val_00020905.JPEG reached epsilon at step 54, loss sum: 124.7089, final loss: 0.00089979, weight distance: 0.0038
2025-09-23 06:11:53,342 - INFO - Example /home/projects/bagon/shared/imagenet512/val/n02930766/ILSVRC2012_val_00003112.JPEG reached epsilon at step 40, loss sum: 20.1657, final loss: 0.00088406, weight distance: 0.0031
2025-09-23 06:11:56,864 - INFO - Example /home/projects/bagon/shared/imagenet512/val/n07932039/ILSVRC2012_val_00000801.JPEG reached epsilon at step 49, loss sum: 56.2007, final loss: 0.00090361, weight distance: 0.0038
2025-09-23 06:12:02,248 - INFO - Example /home/projects/bagon/shared/imagenet512/val/n07753592/ILSVRC2012_val_00017021.JPEG reached epsilon at step 83, loss sum: 77.0759, final loss: 0.00096989, weight distance: 0.0063
2025-09-23 06:12:05,467 - INFO - Example /home/projects/bagon/shared/imagenet512/val/n01491361/ILSVRC2012_val_00023443.JPEG reached epsilon at step 43, loss sum: 14.5373, final loss: 0.00093794, weight distance: 0.0032
2025-09-23 06:12:09,524 - INFO - Example /home/projects/bagon/shared/imagenet512/val/n03141823/ILSVRC2012_val_00007337.JPEG reached epsilon at step 58, loss sum: 77.5692, final loss: 0.00096226, weight distance: 0.0048
2025-09-23 06:12:13,219 - INFO - Example /home/projects/bagon/shared/imagenet512/val/n02841315/ILSVRC2012_val_00014601.JPEG reached epsilon at step 51, loss sum: 59.6258, final loss: 0.00095177, weight distance: 0.0036
2025-09-23 06:12:16,905 - INFO - Example /home/projects/bagon/shared/imagenet512/val/n04592741/ILSVRC2012_val_00011343.JPEG reached epsilon at step 51, loss sum: 24.3990, final loss: 0.00083208, weight distance: 0.0040
2025-09-23 06:12:20,249 - INFO - Example /home/projects/bagon/shared/imagenet512/val/n04462240/ILSVRC2012_val_00021008.JPEG reached epsilon at step 44, loss sum: 29.4848, final loss: 0.00085258, weight distance: 0.0033
2025-09-23 06:12:24,285 - INFO - Example /home/projects/bagon/shared/imagenet512/val/n03249569/ILSVRC2012_val_00005690.JPEG reached epsilon at step 58, loss sum: 28.1842, final loss: 0.00094366, weight distance: 0.0043
2025-09-23 06:12:27,927 - INFO - Example /home/projects/bagon/shared/imagenet512/val/n01806143/ILSVRC2012_val_00002177.JPEG reached epsilon at step 50, loss sum: 60.1177, final loss: 0.00094414, weight distance: 0.0033
2025-09-23 06:12:31,288 - INFO - Example /home/projects/bagon/shared/imagenet512/val/n03938244/ILSVRC2012_val_00016566.JPEG reached epsilon at step 45, loss sum: 76.9750, final loss: 0.00089025, weight distance: 0.0035
2025-09-23 06:12:35,637 - INFO - Example /home/projects/bagon/shared/imagenet512/val/n02002724/ILSVRC2012_val_00030904.JPEG reached epsilon at step 64, loss sum: 62.5946, final loss: 0.00098991, weight distance: 0.0048
2025-09-23 06:12:39,948 - INFO - Example /home/projects/bagon/shared/imagenet512/val/n02823428/ILSVRC2012_val_00014412.JPEG reached epsilon at step 63, loss sum: 63.5904, final loss: 0.00087166, weight distance: 0.0050
2025-09-23 06:12:43,387 - INFO - Example /home/projects/bagon/shared/imagenet512/val/n03018349/ILSVRC2012_val_00024892.JPEG reached epsilon at step 47, loss sum: 47.1409, final loss: 0.00097132, weight distance: 0.0034
2025-09-23 06:12:46,230 - INFO - Example /home/projects/bagon/shared/imagenet512/val/n03532672/ILSVRC2012_val_00003167.JPEG reached epsilon at step 36, loss sum: 29.2722, final loss: 0.00091934, weight distance: 0.0026
2025-09-23 06:12:50,408 - INFO - Example /home/projects/bagon/shared/imagenet512/val/n02504013/ILSVRC2012_val_00011002.JPEG reached epsilon at step 61, loss sum: 56.2440, final loss: 0.00090694, weight distance: 0.0047
2025-09-23 06:12:54,741 - INFO - Example /home/projects/bagon/shared/imagenet512/val/n03459775/ILSVRC2012_val_00020941.JPEG reached epsilon at step 64, loss sum: 33.9796, final loss: 0.00099468, weight distance: 0.0051
2025-09-23 06:12:58,443 - INFO - Example /home/projects/bagon/shared/imagenet512/val/n03599486/ILSVRC2012_val_00027701.JPEG reached epsilon at step 50, loss sum: 5.8588, final loss: 0.00095892, weight distance: 0.0035
2025-09-23 06:13:01,834 - INFO - Example /home/projects/bagon/shared/imagenet512/val/n02099429/ILSVRC2012_val_00030633.JPEG reached epsilon at step 46, loss sum: 11.7970, final loss: 0.00096083, weight distance: 0.0035
2025-09-23 06:13:06,303 - INFO - Example /home/projects/bagon/shared/imagenet512/val/n02834397/ILSVRC2012_val_00005477.JPEG reached epsilon at step 66, loss sum: 99.6635, final loss: 0.00096464, weight distance: 0.0048
2025-09-23 06:13:09,278 - INFO - Example /home/projects/bagon/shared/imagenet512/val/n02097047/ILSVRC2012_val_00008661.JPEG reached epsilon at step 38, loss sum: 6.7293, final loss: 0.00098324, weight distance: 0.0029
2025-09-23 06:13:11,989 - INFO - Example /home/projects/bagon/shared/imagenet512/val/n02119789/ILSVRC2012_val_00016254.JPEG reached epsilon at step 34, loss sum: 6.2925, final loss: 0.00096893, weight distance: 0.0027
2025-09-23 06:13:15,450 - INFO - Example /home/projects/bagon/shared/imagenet512/val/n02088364/ILSVRC2012_val_00025393.JPEG reached epsilon at step 48, loss sum: 20.4438, final loss: 0.00098610, weight distance: 0.0033
2025-09-23 06:13:18,630 - INFO - Example /home/projects/bagon/shared/imagenet512/val/n04392985/ILSVRC2012_val_00036646.JPEG reached epsilon at step 43, loss sum: 17.9143, final loss: 0.00091076, weight distance: 0.0034
2025-09-23 06:13:22,236 - INFO - Example /home/projects/bagon/shared/imagenet512/val/n03141823/ILSVRC2012_val_00004783.JPEG reached epsilon at step 49, loss sum: 34.0315, final loss: 0.00093079, weight distance: 0.0038
2025-09-23 06:13:26,571 - INFO - Example /home/projects/bagon/shared/imagenet512/val/n03457902/ILSVRC2012_val_00041009.JPEG reached epsilon at step 64, loss sum: 56.9898, final loss: 0.00099182, weight distance: 0.0043
2025-09-23 06:13:30,206 - INFO - Example /home/projects/bagon/shared/imagenet512/val/n04604644/ILSVRC2012_val_00014924.JPEG reached epsilon at step 51, loss sum: 12.6314, final loss: 0.00096750, weight distance: 0.0039
2025-09-23 06:13:34,091 - INFO - Example /home/projects/bagon/shared/imagenet512/val/n04005630/ILSVRC2012_val_00017246.JPEG reached epsilon at step 55, loss sum: 14.9745, final loss: 0.00096798, weight distance: 0.0043
2025-09-23 06:13:38,500 - INFO - Example /home/projects/bagon/shared/imagenet512/val/n04485082/ILSVRC2012_val_00033425.JPEG reached epsilon at step 65, loss sum: 56.2524, final loss: 0.00095224, weight distance: 0.0051
2025-09-23 06:13:41,707 - INFO - Example /home/projects/bagon/shared/imagenet512/val/n02110063/ILSVRC2012_val_00016960.JPEG reached epsilon at step 43, loss sum: 34.2091, final loss: 0.00090122, weight distance: 0.0034
2025-09-23 06:13:44,910 - INFO - Example /home/projects/bagon/shared/imagenet512/val/n02892201/ILSVRC2012_val_00014939.JPEG reached epsilon at step 42, loss sum: 27.0395, final loss: 0.00095892, weight distance: 0.0032
2025-09-23 06:13:48,546 - INFO - Example /home/projects/bagon/shared/imagenet512/val/n03347037/ILSVRC2012_val_00041368.JPEG reached epsilon at step 51, loss sum: 27.3942, final loss: 0.00092983, weight distance: 0.0033
2025-09-23 06:13:53,834 - INFO - Example /home/projects/bagon/shared/imagenet512/val/n01945685/ILSVRC2012_val_00002261.JPEG reached epsilon at step 74, loss sum: 234.5046, final loss: 0.00094080, weight distance: 0.0052
2025-09-23 06:13:56,697 - INFO - Example /home/projects/bagon/shared/imagenet512/val/n01693334/ILSVRC2012_val_00016778.JPEG reached epsilon at step 34, loss sum: 2.7580, final loss: 0.00094652, weight distance: 0.0026
2025-09-23 06:14:00,443 - INFO - Example /home/projects/bagon/shared/imagenet512/val/n03866082/ILSVRC2012_val_00014561.JPEG reached epsilon at step 50, loss sum: 49.6505, final loss: 0.00088120, weight distance: 0.0040
2025-09-23 06:14:04,942 - INFO - Example /home/projects/bagon/shared/imagenet512/val/n03937543/ILSVRC2012_val_00023209.JPEG reached epsilon at step 62, loss sum: 58.1333, final loss: 0.00097656, weight distance: 0.0051
2025-09-23 06:14:10,405 - INFO - Example /home/projects/bagon/shared/imagenet512/val/n03494278/ILSVRC2012_val_00043892.JPEG reached epsilon at step 78, loss sum: 75.5090, final loss: 0.00093365, weight distance: 0.0062
2025-09-23 06:14:14,365 - INFO - Example /home/projects/bagon/shared/imagenet512/val/n03000247/ILSVRC2012_val_00033694.JPEG reached epsilon at step 53, loss sum: 28.7166, final loss: 0.00093126, weight distance: 0.0038
2025-09-23 06:14:17,887 - INFO - Example /home/projects/bagon/shared/imagenet512/val/n03250847/ILSVRC2012_val_00008089.JPEG reached epsilon at step 45, loss sum: 31.7883, final loss: 0.00092983, weight distance: 0.0035
2025-09-23 06:14:20,870 - INFO - Example /home/projects/bagon/shared/imagenet512/val/n04270147/ILSVRC2012_val_00013556.JPEG reached epsilon at step 36, loss sum: 9.3305, final loss: 0.00083542, weight distance: 0.0029
2025-09-23 06:14:24,464 - INFO - Example /home/projects/bagon/shared/imagenet512/val/n03250847/ILSVRC2012_val_00046129.JPEG reached epsilon at step 47, loss sum: 24.6104, final loss: 0.00089216, weight distance: 0.0036
2025-09-23 06:14:29,398 - INFO - Example /home/projects/bagon/shared/imagenet512/val/n04355933/ILSVRC2012_val_00045136.JPEG reached epsilon at step 68, loss sum: 146.6860, final loss: 0.00097752, weight distance: 0.0054
2025-09-23 06:14:33,596 - INFO - Example /home/projects/bagon/shared/imagenet512/val/n01667114/ILSVRC2012_val_00036815.JPEG reached epsilon at step 56, loss sum: 52.2755, final loss: 0.00090265, weight distance: 0.0042
2025-09-23 06:14:37,882 - INFO - Example /home/projects/bagon/shared/imagenet512/val/n03642806/ILSVRC2012_val_00007948.JPEG reached epsilon at step 58, loss sum: 13.8706, final loss: 0.00091171, weight distance: 0.0043
2025-09-23 06:14:41,397 - INFO - Example /home/projects/bagon/shared/imagenet512/val/n03891251/ILSVRC2012_val_00013228.JPEG reached epsilon at step 43, loss sum: 10.0810, final loss: 0.00099468, weight distance: 0.0032
2025-09-23 06:14:44,558 - INFO - Example /home/projects/bagon/shared/imagenet512/val/n02114712/ILSVRC2012_val_00003172.JPEG reached epsilon at step 39, loss sum: 5.1114, final loss: 0.00095367, weight distance: 0.0032
2025-09-23 06:14:47,623 - INFO - Example /home/projects/bagon/shared/imagenet512/val/n04357314/ILSVRC2012_val_00010438.JPEG reached epsilon at step 40, loss sum: 14.4894, final loss: 0.00093079, weight distance: 0.0030
2025-09-23 06:14:51,705 - INFO - Example /home/projects/bagon/shared/imagenet512/val/n03874599/ILSVRC2012_val_00014039.JPEG reached epsilon at step 59, loss sum: 62.4197, final loss: 0.00097275, weight distance: 0.0043
2025-09-23 06:14:55,034 - INFO - Example /home/projects/bagon/shared/imagenet512/val/n02124075/ILSVRC2012_val_00021675.JPEG reached epsilon at step 45, loss sum: 43.3104, final loss: 0.00093508, weight distance: 0.0034
2025-09-23 06:14:57,880 - INFO - Example /home/projects/bagon/shared/imagenet512/val/n04476259/ILSVRC2012_val_00041437.JPEG reached epsilon at step 35, loss sum: 17.1993, final loss: 0.00094891, weight distance: 0.0027
2025-09-23 06:15:01,555 - INFO - Example /home/projects/bagon/shared/imagenet512/val/n12144580/ILSVRC2012_val_00036775.JPEG reached epsilon at step 52, loss sum: 22.3913, final loss: 0.00089025, weight distance: 0.0037
2025-09-23 06:15:05,205 - INFO - Example /home/projects/bagon/shared/imagenet512/val/n03873416/ILSVRC2012_val_00032248.JPEG reached epsilon at step 51, loss sum: 14.2253, final loss: 0.00087976, weight distance: 0.0040
2025-09-23 06:15:08,241 - INFO - Example /home/projects/bagon/shared/imagenet512/val/n03291819/ILSVRC2012_val_00023324.JPEG reached epsilon at step 40, loss sum: 32.1830, final loss: 0.00092411, weight distance: 0.0030
2025-09-23 06:15:11,915 - INFO - Example /home/projects/bagon/shared/imagenet512/val/n02110185/ILSVRC2012_val_00007501.JPEG reached epsilon at step 52, loss sum: 6.6229, final loss: 0.00091314, weight distance: 0.0043
2025-09-23 06:15:15,624 - INFO - Example /home/projects/bagon/shared/imagenet512/val/n02087394/ILSVRC2012_val_00010057.JPEG reached epsilon at step 52, loss sum: 14.3222, final loss: 0.00094080, weight distance: 0.0038
2025-09-23 06:15:20,527 - INFO - Example /home/projects/bagon/shared/imagenet512/val/n02786058/ILSVRC2012_val_00013543.JPEG reached epsilon at step 75, loss sum: 91.9009, final loss: 0.00097322, weight distance: 0.0057
2025-09-23 06:15:23,826 - INFO - Example /home/projects/bagon/shared/imagenet512/val/n01985128/ILSVRC2012_val_00049686.JPEG reached epsilon at step 45, loss sum: 33.1769, final loss: 0.00088310, weight distance: 0.0032
2025-09-23 06:15:28,317 - INFO - Example /home/projects/bagon/shared/imagenet512/val/n03623198/ILSVRC2012_val_00019441.JPEG reached epsilon at step 67, loss sum: 37.9222, final loss: 0.00094557, weight distance: 0.0047
2025-09-23 06:15:32,163 - INFO - Example /home/projects/bagon/shared/imagenet512/val/n07720875/ILSVRC2012_val_00027266.JPEG reached epsilon at step 55, loss sum: 59.1893, final loss: 0.00096846, weight distance: 0.0034
2025-09-23 06:15:36,137 - INFO - Example /home/projects/bagon/shared/imagenet512/val/n04371774/ILSVRC2012_val_00027173.JPEG reached epsilon at step 56, loss sum: 35.1678, final loss: 0.00096130, weight distance: 0.0039
2025-09-23 06:15:40,123 - INFO - Example /home/projects/bagon/shared/imagenet512/val/n04591157/ILSVRC2012_val_00007764.JPEG reached epsilon at step 53, loss sum: 25.8137, final loss: 0.00095892, weight distance: 0.0037
2025-09-23 06:15:44,047 - INFO - Example /home/projects/bagon/shared/imagenet512/val/n02510455/ILSVRC2012_val_00022314.JPEG reached epsilon at step 53, loss sum: 55.9824, final loss: 0.00099087, weight distance: 0.0033
2025-09-23 06:15:49,313 - INFO - Example /home/projects/bagon/shared/imagenet512/val/n03710637/ILSVRC2012_val_00025685.JPEG reached epsilon at step 77, loss sum: 20.4225, final loss: 0.00090599, weight distance: 0.0063
2025-09-23 06:15:53,130 - INFO - Example /home/projects/bagon/shared/imagenet512/val/n03496892/ILSVRC2012_val_00010776.JPEG reached epsilon at step 52, loss sum: 10.9990, final loss: 0.00094271, weight distance: 0.0042
2025-09-23 06:15:57,566 - INFO - Example /home/projects/bagon/shared/imagenet512/val/n04392985/ILSVRC2012_val_00001249.JPEG reached epsilon at step 62, loss sum: 20.6114, final loss: 0.00092220, weight distance: 0.0050
2025-09-23 06:16:00,798 - INFO - Example /home/projects/bagon/shared/imagenet512/val/n02814533/ILSVRC2012_val_00010252.JPEG reached epsilon at step 42, loss sum: 7.6275, final loss: 0.00092840, weight distance: 0.0035
2025-09-23 06:16:04,465 - INFO - Example /home/projects/bagon/shared/imagenet512/val/n02088466/ILSVRC2012_val_00028118.JPEG reached epsilon at step 49, loss sum: 37.5346, final loss: 0.00097227, weight distance: 0.0039
2025-09-23 06:16:09,498 - INFO - Example /home/projects/bagon/shared/imagenet512/val/n02423022/ILSVRC2012_val_00007265.JPEG reached epsilon at step 73, loss sum: 20.6007, final loss: 0.00093555, weight distance: 0.0056
2025-09-23 06:16:14,613 - INFO - Example /home/projects/bagon/shared/imagenet512/val/n02028035/ILSVRC2012_val_00005465.JPEG reached epsilon at step 74, loss sum: 64.8197, final loss: 0.00092936, weight distance: 0.0054
2025-09-23 06:16:19,502 - INFO - Example /home/projects/bagon/shared/imagenet512/val/n04350905/ILSVRC2012_val_00022131.JPEG reached epsilon at step 70, loss sum: 81.8224, final loss: 0.00091791, weight distance: 0.0054
2025-09-23 06:16:22,572 - INFO - Example /home/projects/bagon/shared/imagenet512/val/n03089624/ILSVRC2012_val_00040893.JPEG reached epsilon at step 38, loss sum: 37.0951, final loss: 0.00096178, weight distance: 0.0027
2025-09-23 06:16:25,877 - INFO - Example /home/projects/bagon/shared/imagenet512/val/n03633091/ILSVRC2012_val_00029666.JPEG reached epsilon at step 42, loss sum: 16.6880, final loss: 0.00098038, weight distance: 0.0034
2025-09-23 06:16:30,526 - INFO - Example /home/projects/bagon/shared/imagenet512/val/n01871265/ILSVRC2012_val_00029569.JPEG reached epsilon at step 65, loss sum: 11.1615, final loss: 0.00096369, weight distance: 0.0052
2025-09-23 06:16:35,853 - INFO - Example /home/projects/bagon/shared/imagenet512/val/n03773504/ILSVRC2012_val_00011438.JPEG reached epsilon at step 82, loss sum: 38.0579, final loss: 0.00088882, weight distance: 0.0066
2025-09-23 06:16:39,580 - INFO - Example /home/projects/bagon/shared/imagenet512/val/n02747177/ILSVRC2012_val_00044878.JPEG reached epsilon at step 53, loss sum: 49.8961, final loss: 0.00090790, weight distance: 0.0040
2025-09-23 06:16:43,604 - INFO - Example /home/projects/bagon/shared/imagenet512/val/n02843684/ILSVRC2012_val_00023964.JPEG reached epsilon at step 60, loss sum: 61.7083, final loss: 0.00097942, weight distance: 0.0050
2025-09-23 06:16:47,572 - INFO - Example /home/projects/bagon/shared/imagenet512/val/n02097298/ILSVRC2012_val_00012881.JPEG reached epsilon at step 59, loss sum: 9.9409, final loss: 0.00096178, weight distance: 0.0048
2025-09-23 06:16:51,014 - INFO - Example /home/projects/bagon/shared/imagenet512/val/n03249569/ILSVRC2012_val_00026291.JPEG reached epsilon at step 49, loss sum: 59.2485, final loss: 0.00095129, weight distance: 0.0037
2025-09-23 06:16:54,449 - INFO - Example /home/projects/bagon/shared/imagenet512/val/n04330267/ILSVRC2012_val_00009101.JPEG reached epsilon at step 49, loss sum: 86.9813, final loss: 0.00092220, weight distance: 0.0036
2025-09-23 06:16:58,408 - INFO - Example /home/projects/bagon/shared/imagenet512/val/n04286575/ILSVRC2012_val_00049656.JPEG reached epsilon at step 57, loss sum: 62.2486, final loss: 0.00097370, weight distance: 0.0047
2025-09-23 06:17:02,573 - INFO - Example /home/projects/bagon/shared/imagenet512/val/n03529860/ILSVRC2012_val_00000387.JPEG reached epsilon at step 62, loss sum: 41.2755, final loss: 0.00097609, weight distance: 0.0046
2025-09-23 06:17:06,736 - INFO - Example /home/projects/bagon/shared/imagenet512/val/n10565667/ILSVRC2012_val_00000255.JPEG reached epsilon at step 62, loss sum: 25.1030, final loss: 0.00096655, weight distance: 0.0043
2025-09-23 06:17:10,153 - INFO - Example /home/projects/bagon/shared/imagenet512/val/n02091635/ILSVRC2012_val_00041912.JPEG reached epsilon at step 47, loss sum: 64.6187, final loss: 0.00099087, weight distance: 0.0037
2025-09-23 06:17:14,972 - INFO - Example /home/projects/bagon/shared/imagenet512/val/n03773504/ILSVRC2012_val_00010073.JPEG reached epsilon at step 74, loss sum: 35.0226, final loss: 0.00092173, weight distance: 0.0056
2025-09-23 06:17:19,364 - INFO - Example /home/projects/bagon/shared/imagenet512/val/n04235860/ILSVRC2012_val_00019223.JPEG reached epsilon at step 66, loss sum: 110.9853, final loss: 0.00099087, weight distance: 0.0048
2025-09-23 06:17:23,005 - INFO - Example /home/projects/bagon/shared/imagenet512/val/n03127925/ILSVRC2012_val_00030004.JPEG reached epsilon at step 52, loss sum: 51.5871, final loss: 0.00099945, weight distance: 0.0038
2025-09-23 06:17:25,956 - INFO - Example /home/projects/bagon/shared/imagenet512/val/n01744401/ILSVRC2012_val_00035023.JPEG reached epsilon at step 39, loss sum: 19.7140, final loss: 0.00088310, weight distance: 0.0027
2025-09-23 06:17:31,188 - INFO - Example /home/projects/bagon/shared/imagenet512/val/n02791124/ILSVRC2012_val_00014415.JPEG reached epsilon at step 82, loss sum: 22.7190, final loss: 0.00092030, weight distance: 0.0066
2025-09-23 06:17:34,759 - INFO - Example /home/projects/bagon/shared/imagenet512/val/n02493509/ILSVRC2012_val_00001104.JPEG reached epsilon at step 51, loss sum: 8.4864, final loss: 0.00088549, weight distance: 0.0041
2025-09-23 06:17:38,023 - INFO - Example /home/projects/bagon/shared/imagenet512/val/n01667114/ILSVRC2012_val_00027877.JPEG reached epsilon at step 45, loss sum: 9.2366, final loss: 0.00086594, weight distance: 0.0036
2025-09-23 06:17:41,694 - INFO - Example /home/projects/bagon/shared/imagenet512/val/n02865351/ILSVRC2012_val_00011687.JPEG reached epsilon at step 53, loss sum: 23.1790, final loss: 0.00091839, weight distance: 0.0038
2025-09-23 06:17:44,368 - INFO - Example /home/projects/bagon/shared/imagenet512/val/n04507155/ILSVRC2012_val_00029272.JPEG reached epsilon at step 34, loss sum: 10.7435, final loss: 0.00093508, weight distance: 0.0022
2025-09-23 06:17:47,071 - INFO - Example /home/projects/bagon/shared/imagenet512/val/n04548362/ILSVRC2012_val_00025829.JPEG reached epsilon at step 35, loss sum: 12.8275, final loss: 0.00089073, weight distance: 0.0027
2025-09-23 06:17:51,050 - INFO - Example /home/projects/bagon/shared/imagenet512/val/n04366367/ILSVRC2012_val_00027827.JPEG reached epsilon at step 59, loss sum: 41.8237, final loss: 0.00096464, weight distance: 0.0045
2025-09-23 06:17:54,342 - INFO - Example /home/projects/bagon/shared/imagenet512/val/n03976657/ILSVRC2012_val_00006103.JPEG reached epsilon at step 46, loss sum: 16.8849, final loss: 0.00091600, weight distance: 0.0038
2025-09-23 06:17:57,119 - INFO - Example /home/projects/bagon/shared/imagenet512/val/n03255030/ILSVRC2012_val_00011743.JPEG reached epsilon at step 35, loss sum: 12.2686, final loss: 0.00092125, weight distance: 0.0024
2025-09-23 06:18:01,495 - INFO - Example /home/projects/bagon/shared/imagenet512/val/n07711569/ILSVRC2012_val_00034543.JPEG reached epsilon at step 67, loss sum: 23.9998, final loss: 0.00094795, weight distance: 0.0049
2025-09-23 06:18:05,968 - INFO - Example /home/projects/bagon/shared/imagenet512/val/n04589890/ILSVRC2012_val_00013291.JPEG reached epsilon at step 69, loss sum: 49.1509, final loss: 0.00088978, weight distance: 0.0055
2025-09-23 06:18:09,993 - INFO - Example /home/projects/bagon/shared/imagenet512/val/n04228054/ILSVRC2012_val_00030160.JPEG reached epsilon at step 60, loss sum: 14.6651, final loss: 0.00097418, weight distance: 0.0046
2025-09-23 06:18:13,607 - INFO - Example /home/projects/bagon/shared/imagenet512/val/n07695742/ILSVRC2012_val_00002054.JPEG reached epsilon at step 52, loss sum: 38.9140, final loss: 0.00099659, weight distance: 0.0040
2025-09-23 06:18:16,604 - INFO - Example /home/projects/bagon/shared/imagenet512/val/n03141823/ILSVRC2012_val_00009886.JPEG reached epsilon at step 40, loss sum: 24.1126, final loss: 0.00093269, weight distance: 0.0032
2025-09-23 06:18:19,819 - INFO - Example /home/projects/bagon/shared/imagenet512/val/n02113186/ILSVRC2012_val_00047755.JPEG reached epsilon at step 44, loss sum: 16.1395, final loss: 0.00097847, weight distance: 0.0036
2025-09-23 06:18:22,757 - INFO - Example /home/projects/bagon/shared/imagenet512/val/n02110063/ILSVRC2012_val_00011214.JPEG reached epsilon at step 39, loss sum: 20.4097, final loss: 0.00096178, weight distance: 0.0031
2025-09-23 06:18:26,390 - INFO - Example /home/projects/bagon/shared/imagenet512/val/n03854065/ILSVRC2012_val_00024907.JPEG reached epsilon at step 52, loss sum: 83.3118, final loss: 0.00099373, weight distance: 0.0036
2025-09-23 06:18:29,749 - INFO - Example /home/projects/bagon/shared/imagenet512/val/n03761084/ILSVRC2012_val_00017051.JPEG reached epsilon at step 47, loss sum: 22.4710, final loss: 0.00092173, weight distance: 0.0035
2025-09-23 06:18:33,903 - INFO - Example /home/projects/bagon/shared/imagenet512/val/n02669723/ILSVRC2012_val_00015594.JPEG reached epsilon at step 62, loss sum: 21.9976, final loss: 0.00091362, weight distance: 0.0049
2025-09-23 06:18:37,461 - INFO - Example /home/projects/bagon/shared/imagenet512/val/n04270147/ILSVRC2012_val_00040022.JPEG reached epsilon at step 51, loss sum: 54.4569, final loss: 0.00095844, weight distance: 0.0041
2025-09-23 06:18:41,761 - INFO - Example /home/projects/bagon/shared/imagenet512/val/n07716358/ILSVRC2012_val_00018152.JPEG reached epsilon at step 65, loss sum: 32.5819, final loss: 0.00094795, weight distance: 0.0051
2025-09-23 06:18:46,021 - INFO - Example /home/projects/bagon/shared/imagenet512/val/n15075141/ILSVRC2012_val_00044368.JPEG reached epsilon at step 64, loss sum: 152.4807, final loss: 0.00094366, weight distance: 0.0048
2025-09-23 06:18:50,174 - INFO - Example /home/projects/bagon/shared/imagenet512/val/n04542943/ILSVRC2012_val_00027407.JPEG reached epsilon at step 62, loss sum: 125.6666, final loss: 0.00098991, weight distance: 0.0052
2025-09-23 06:18:53,673 - INFO - Example /home/projects/bagon/shared/imagenet512/val/n03777754/ILSVRC2012_val_00044245.JPEG reached epsilon at step 50, loss sum: 14.1006, final loss: 0.00090837, weight distance: 0.0041
2025-09-23 06:18:57,204 - INFO - Example /home/projects/bagon/shared/imagenet512/val/n01871265/ILSVRC2012_val_00044320.JPEG reached epsilon at step 50, loss sum: 15.5080, final loss: 0.00090361, weight distance: 0.0039
2025-09-23 06:19:00,970 - INFO - Example /home/projects/bagon/shared/imagenet512/val/n02093256/ILSVRC2012_val_00001222.JPEG reached epsilon at step 55, loss sum: 33.4952, final loss: 0.00090694, weight distance: 0.0045
2025-09-23 06:19:05,625 - INFO - Example /home/projects/bagon/shared/imagenet512/val/n07716358/ILSVRC2012_val_00044128.JPEG reached epsilon at step 70, loss sum: 20.1979, final loss: 0.00097609, weight distance: 0.0048
2025-09-23 06:19:09,636 - INFO - Example /home/projects/bagon/shared/imagenet512/val/n03874599/ILSVRC2012_val_00033038.JPEG reached epsilon at step 59, loss sum: 109.6562, final loss: 0.00090218, weight distance: 0.0046
2025-09-23 06:19:13,414 - INFO - Example /home/projects/bagon/shared/imagenet512/val/n04372370/ILSVRC2012_val_00035679.JPEG reached epsilon at step 55, loss sum: 106.7746, final loss: 0.00089407, weight distance: 0.0043
2025-09-23 06:19:17,516 - INFO - Example /home/projects/bagon/shared/imagenet512/val/n02790996/ILSVRC2012_val_00041419.JPEG reached epsilon at step 61, loss sum: 26.5557, final loss: 0.00097609, weight distance: 0.0048
2025-09-23 06:19:22,081 - INFO - Example /home/projects/bagon/shared/imagenet512/val/n02442845/ILSVRC2012_val_00033047.JPEG reached epsilon at step 69, loss sum: 92.2014, final loss: 0.00088310, weight distance: 0.0050
2025-09-23 06:19:26,030 - INFO - Example /home/projects/bagon/shared/imagenet512/val/n03868863/ILSVRC2012_val_00019871.JPEG reached epsilon at step 58, loss sum: 39.0532, final loss: 0.00091648, weight distance: 0.0047
2025-09-23 06:19:30,173 - INFO - Example /home/projects/bagon/shared/imagenet512/val/n01682714/ILSVRC2012_val_00034086.JPEG reached epsilon at step 62, loss sum: 27.7956, final loss: 0.00096369, weight distance: 0.0049
