example_index,path,total_steps_to_epsilon,total_loss_sum,final_loss,weight_distance,softmax_wasserstein,grad_mass_wasserstein,universal_difficulty_rank,global_linear_cka
0,/home/projects/bagon/shared/imagenet512/val/n04326547/ILSVRC2012_val_00033487.JPEG,412,48.799293518066406,0.00099945068359375,0.030884208526545283,0.6138997608824698,0.15559386795357197,21033,0.9941215426413814
1,/home/projects/bagon/shared/imagenet512/val/n02108915/ILSVRC2012_val_00013748.JPEG,610,34.375732421875,0.0009918212890625,0.03815800814407024,0.40688026343154576,0.06838090278150999,21127,0.9946559767833264
2,/home/projects/bagon/shared/imagenet512/val/n02229544/ILSVRC2012_val_00022001.JPEG,1086,257.52381134033203,0.0009765625,0.07245661535421882,0.8346820693372273,0.18527182393215585,21198,0.9912943955190575
3,/home/projects/bagon/shared/imagenet512/val/n01981276/ILSVRC2012_val_00012962.JPEG,436,53.243038177490234,0.000919342041015625,0.0325690737896267,0.6296789102291834,0.03498173030859836,21259,0.9957602503392521
4,/home/projects/bagon/shared/imagenet512/val/n09472597/ILSVRC2012_val_00039999.JPEG,468,356.3182144165039,0.00095367431640625,0.04071804435169448,0.9771120290947605,0.04462497541082833,21264,0.9970673997728406
5,/home/projects/bagon/shared/imagenet512/val/n03445924/ILSVRC2012_val_00026782.JPEG,321,49.718658447265625,0.00095367431640625,0.026887489930856046,0.6361629309331092,0.04203852710050299,21309,0.9971710078799335
6,/home/projects/bagon/shared/imagenet512/val/n03208938/ILSVRC2012_val_00036470.JPEG,275,4.2670745849609375,0.00098419189453125,0.019201890415762316,0.09108010768185587,0.024745535524147114,21338,0.9987056696366593
7,/home/projects/bagon/shared/imagenet512/val/n03884397/ILSVRC2012_val_00013490.JPEG,277,47.238922119140625,0.0009765625,0.02420737072691639,0.6612460156386938,0.06972848227190713,21378,0.9984132498733451
8,/home/projects/bagon/shared/imagenet512/val/n01739381/ILSVRC2012_val_00042284.JPEG,998,178.32660293579102,0.000904083251953125,0.06407168725645292,0.7765403644561043,0.04698388427622721,21407,0.9945336801612746
9,/home/projects/bagon/shared/imagenet512/val/n02417914/ILSVRC2012_val_00029221.JPEG,300,1.9083633422851562,0.0009918212890625,0.017772799582141896,0.02962747883414872,0.015650464338065734,21459,0.998986048230982
10,/home/projects/bagon/shared/imagenet512/val/n03930313/ILSVRC2012_val_00045178.JPEG,868,151.7516632080078,0.00096893310546875,0.057873012710784544,0.7589952835439426,0.07380852704217207,21478,0.9901128038113758
11,/home/projects/bagon/shared/imagenet512/val/n02951358/ILSVRC2012_val_00039572.JPEG,437,29.317813873291016,0.000919342041015625,0.028173978321104437,0.5180625455087209,0.04880058780687951,21493,0.9981193274242663
12,/home/projects/bagon/shared/imagenet512/val/n01692333/ILSVRC2012_val_00006927.JPEG,178,11.142478942871094,0.00095367431640625,0.01558077650938185,0.3276538328082884,0.04213994180525448,21517,0.9984291796254176
13,/home/projects/bagon/shared/imagenet512/val/n04505470/ILSVRC2012_val_00007790.JPEG,576,3.1984596252441406,0.000965118408203125,0.02403725331630172,0.04100682547882123,0.14720946684324238,21696,0.9973355412370678
14,/home/projects/bagon/shared/imagenet512/val/n07695742/ILSVRC2012_val_00006197.JPEG,312,61.60489273071289,0.000911712646484375,0.026437975138659055,0.7330891929907886,0.04074684518506942,21698,0.9989226593396954
15,/home/projects/bagon/shared/imagenet512/val/n04285008/ILSVRC2012_val_00032944.JPEG,1201,58.5116081237793,0.000965118408203125,0.06016344776924106,0.43227046203903585,0.06903187798030411,21714,0.9960218875652003
16,/home/projects/bagon/shared/imagenet512/val/n02102040/ILSVRC2012_val_00008162.JPEG,549,17.59215545654297,0.0009918212890625,0.030833735595398613,0.31164559051026014,0.2100074088483738,21743,0.9970224613441547
17,/home/projects/bagon/shared/imagenet512/val/n03877845/ILSVRC2012_val_00023227.JPEG,453,9.931331634521484,0.000957489013671875,0.028671696907443346,0.15582768149758136,0.025737840729255255,21756,0.9981515505703725
18,/home/projects/bagon/shared/imagenet512/val/n03794056/ILSVRC2012_val_00022828.JPEG,353,95.12467575073242,0.000957489013671875,0.029812971370548152,0.8084250362119569,0.08273642955746939,21771,0.9982516534654963
19,/home/projects/bagon/shared/imagenet512/val/n01685808/ILSVRC2012_val_00025017.JPEG,764,398.16649627685547,0.00095367431640625,0.05599937730598433,0.9633317567286311,0.08339888604008454,21774,0.995922610208244
20,/home/projects/bagon/shared/imagenet512/val/n02012849/ILSVRC2012_val_00034198.JPEG,209,1.6765060424804688,0.0009918212890625,0.014598904716448013,0.03946211231471904,0.037368328023535756,21776,0.9995697452951725
21,/home/projects/bagon/shared/imagenet512/val/n02264363/ILSVRC2012_val_00029539.JPEG,428,231.20065689086914,0.000919342041015625,0.036208953918622666,0.9529307838860517,0.07135828958502102,21792,0.9936167003202053
22,/home/projects/bagon/shared/imagenet512/val/n02445715/ILSVRC2012_val_00000446.JPEG,250,6.993251800537109,0.000949859619140625,0.01906382429706374,0.16805786586207536,0.06642621154491876,21793,0.9986730679418914
23,/home/projects/bagon/shared/imagenet512/val/n03899768/ILSVRC2012_val_00010780.JPEG,620,93.52008438110352,0.000972747802734375,0.04076836609889456,0.7641245476523305,0.21554557159255522,21812,0.9961703655248864
24,/home/projects/bagon/shared/imagenet512/val/n01860187/ILSVRC2012_val_00033733.JPEG,453,141.41136169433594,0.0009918212890625,0.035798226885910736,0.8850630224362505,0.11027287359816071,21836,0.9964046660553825
25,/home/projects/bagon/shared/imagenet512/val/n09468604/ILSVRC2012_val_00016644.JPEG,229,1.1246795654296875,0.0009918212890625,0.013560233029706397,0.022319861873192817,0.050054873921013876,21858,0.9994470205436438
26,/home/projects/bagon/shared/imagenet512/val/n02105056/ILSVRC2012_val_00028966.JPEG,558,27.998455047607422,0.000949859619140625,0.036080414136894765,0.3426196127740345,0.10781253829698537,21860,0.9964775451828812
27,/home/projects/bagon/shared/imagenet512/val/n01773157/ILSVRC2012_val_00022156.JPEG,961,71.71816635131836,0.000934600830078125,0.058219012066057584,0.4641684606898678,0.06841822210725898,21865,0.9902058698821948
28,/home/projects/bagon/shared/imagenet512/val/n01728920/ILSVRC2012_val_00007795.JPEG,357,10.241020202636719,0.0009765625,0.02528694641071535,0.17942830057421008,0.10814191590079897,21920,0.997962984593067
29,/home/projects/bagon/shared/imagenet512/val/n02988304/ILSVRC2012_val_00020817.JPEG,516,134.98438262939453,0.00098419189453125,0.039037717711849836,0.870678434235292,0.28431904044226997,21929,0.9927794574652243
30,/home/projects/bagon/shared/imagenet512/val/n02825657/ILSVRC2012_val_00025366.JPEG,589,67.79056549072266,0.00098419189453125,0.04209001970426882,0.5749438342570352,0.18409741731099313,21943,0.9954951571934617
31,/home/projects/bagon/shared/imagenet512/val/n02110806/ILSVRC2012_val_00035890.JPEG,402,28.80789566040039,0.000926971435546875,0.029232959454674714,0.4379576507838753,0.06739526982398673,21944,0.9978841679987909
32,/home/projects/bagon/shared/imagenet512/val/n02119789/ILSVRC2012_val_00028623.JPEG,756,53.37202835083008,0.000934600830078125,0.04649957825416244,0.4908155045627381,0.18805327750550221,21996,0.9912076715045902
33,/home/projects/bagon/shared/imagenet512/val/n03942813/ILSVRC2012_val_00015731.JPEG,356,231.19589233398438,0.00099945068359375,0.031206029874990767,0.9664001908854533,0.023875831672068526,22019,0.9977325742766736
34,/home/projects/bagon/shared/imagenet512/val/n03259280/ILSVRC2012_val_00048734.JPEG,407,37.12157440185547,0.0009613037109375,0.030617721230916307,0.5008008907282564,0.16516916056613237,22029,0.9958298715454049
35,/home/projects/bagon/shared/imagenet512/val/n12998815/ILSVRC2012_val_00029154.JPEG,1075,125.60216522216797,0.00092315673828125,0.06335223572476155,0.6560862148831327,0.2136076050691036,22070,0.992650930199663
36,/home/projects/bagon/shared/imagenet512/val/n01776313/ILSVRC2012_val_00040584.JPEG,288,40.8922004699707,0.000888824462890625,0.02371731862726265,0.6440783017266519,0.04694013913559594,22099,0.9977278433772284
37,/home/projects/bagon/shared/imagenet512/val/n04517823/ILSVRC2012_val_00020165.JPEG,265,2.7280120849609375,0.00098419189453125,0.01776434435674063,0.05903684700589945,0.035998914231034525,22253,0.999278574186669
38,/home/projects/bagon/shared/imagenet512/val/n02120079/ILSVRC2012_val_00027233.JPEG,267,3.2833099365234375,0.00099945068359375,0.016841495237738733,0.08605309901820823,0.09368429913321946,22257,0.9990239057975082
39,/home/projects/bagon/shared/imagenet512/val/n01694178/ILSVRC2012_val_00001939.JPEG,431,123.34764862060547,0.00098419189453125,0.0357046670960409,0.8461214443261067,0.05861035397865386,22259,0.9975306245272473
40,/home/projects/bagon/shared/imagenet512/val/n02966193/ILSVRC2012_val_00010578.JPEG,267,29.03546905517578,0.000946044921875,0.0226815364646372,0.5206024577135115,0.07209892539360478,22262,0.9975950270958197
41,/home/projects/bagon/shared/imagenet512/val/n02167151/ILSVRC2012_val_00049611.JPEG,740,90.2791976928711,0.00093841552734375,0.04624364204384459,0.6697386237042884,0.07002843311827103,22302,0.9883187818360747
42,/home/projects/bagon/shared/imagenet512/val/n03792972/ILSVRC2012_val_00049597.JPEG,471,93.8161506652832,0.000949859619140625,0.03694185755984034,0.751610815187195,0.12478636365634324,22322,0.9972738307023857
43,/home/projects/bagon/shared/imagenet512/val/n04467665/ILSVRC2012_val_00013319.JPEG,509,31.315078735351562,0.00099945068359375,0.03532943369915906,0.38837147585598997,0.07629859323872953,22335,0.9976958611877792
44,/home/projects/bagon/shared/imagenet512/val/n01616318/ILSVRC2012_val_00030090.JPEG,429,18.819786071777344,0.00098419189453125,0.02927272899677173,0.29974992164222014,0.17627488851202555,22343,0.998186388096982
45,/home/projects/bagon/shared/imagenet512/val/n03841143/ILSVRC2012_val_00029988.JPEG,563,144.94183349609375,0.0009918212890625,0.04407860872498144,0.8228471759779692,0.05958878502160522,22366,0.9983537845222549
46,/home/projects/bagon/shared/imagenet512/val/n03785016/ILSVRC2012_val_00043896.JPEG,523,52.319915771484375,0.0009765625,0.03007036359814406,0.6917004820235063,0.2524885403195505,22370,0.9944932437603812
47,/home/projects/bagon/shared/imagenet512/val/n03947888/ILSVRC2012_val_00006739.JPEG,399,24.949722290039062,0.00098419189453125,0.028546988313822068,0.394325871672928,0.06544795512585785,22374,0.9976828736621483
48,/home/projects/bagon/shared/imagenet512/val/n02437312/ILSVRC2012_val_00049007.JPEG,279,20.12838363647461,0.000965118408203125,0.021478438611676375,0.4746507165299928,0.09177202899137257,22381,0.9988724308762643
49,/home/projects/bagon/shared/imagenet512/val/n02105855/ILSVRC2012_val_00001963.JPEG,819,35.862342834472656,0.0009918212890625,0.04370592228391442,0.4234362015271133,0.12914889599228122,22406,0.9950437001258656
50,/home/projects/bagon/shared/imagenet512/val/n01739381/ILSVRC2012_val_00037666.JPEG,696,27.08243179321289,0.000942230224609375,0.032376813787936005,0.42054337488920457,0.18765811452923886,22411,0.9975375421046376
51,/home/projects/bagon/shared/imagenet512/val/n02480495/ILSVRC2012_val_00010576.JPEG,434,91.4941635131836,0.00099945068359375,0.035376264766468095,0.7596015190557992,0.06680434256005247,22417,0.9981194511885008
52,/home/projects/bagon/shared/imagenet512/val/n03908618/ILSVRC2012_val_00016007.JPEG,566,102.4506607055664,0.00095367431640625,0.040021134677484985,0.7823414842397272,0.07140147996498575,22426,0.9970625600209756
53,/home/projects/bagon/shared/imagenet512/val/n04399382/ILSVRC2012_val_00034091.JPEG,452,126.5328369140625,0.0009613037109375,0.03251274132519624,0.9046781675473359,0.041997612584303776,22469,0.996465360838813
54,/home/projects/bagon/shared/imagenet512/val/n07697313/ILSVRC2012_val_00039226.JPEG,245,2.8462753295898438,0.0009765625,0.017163120922562083,0.06493590511116556,0.05686531613505301,22479,0.9991065218162698
55,/home/projects/bagon/shared/imagenet512/val/n03344393/ILSVRC2012_val_00007503.JPEG,206,4.022609710693359,0.000934600830078125,0.01636088704553402,0.10078953668122977,0.019650121476040033,22485,0.9991024506558321
56,/home/projects/bagon/shared/imagenet512/val/n02113023/ILSVRC2012_val_00005198.JPEG,697,320.6520004272461,0.0009765625,0.04629910980935097,0.9796152282247266,0.12787581273991375,22493,0.9929285132251733
57,/home/projects/bagon/shared/imagenet512/val/n02094114/ILSVRC2012_val_00002824.JPEG,935,81.38443756103516,0.00093841552734375,0.055611916462627656,0.5421718805171188,0.10190842877587158,22519,0.9954133811551649
58,/home/projects/bagon/shared/imagenet512/val/n07716906/ILSVRC2012_val_00036927.JPEG,471,64.25779724121094,0.00096893310546875,0.034274188847142915,0.7088010931056857,0.18653059624098295,22529,0.9942335003371098
59,/home/projects/bagon/shared/imagenet512/val/n02114548/ILSVRC2012_val_00020708.JPEG,921,93.96903228759766,0.0009765625,0.056823476199737225,0.5768351726619765,0.13345049939923823,22530,0.9904426097063012
60,/home/projects/bagon/shared/imagenet512/val/n01494475/ILSVRC2012_val_00031169.JPEG,265,16.79418182373047,0.0009918212890625,0.02209039637935166,0.36919569268835534,0.02852691590242456,22576,0.9987096960771519
61,/home/projects/bagon/shared/imagenet512/val/n02837789/ILSVRC2012_val_00004709.JPEG,1034,75.60540008544922,0.00096893310546875,0.05656741017693222,0.5667571733280115,0.13117837468989862,22599,0.9943424003023056
62,/home/projects/bagon/shared/imagenet512/val/n04037443/ILSVRC2012_val_00043047.JPEG,418,37.51768112182617,0.000972747802734375,0.02891899994616708,0.5397910740663184,0.0904184986384424,22642,0.9973187880086575
63,/home/projects/bagon/shared/imagenet512/val/n04443257/ILSVRC2012_val_00011540.JPEG,597,7.648281097412109,0.000942230224609375,0.03138610840918467,0.09439564942191472,0.045941213947465566,22683,0.9968477433730266
64,/home/projects/bagon/shared/imagenet512/val/n02012849/ILSVRC2012_val_00016134.JPEG,734,125.13662719726562,0.00099945068359375,0.048618593022885695,0.7511239739659622,0.15216778082974852,22745,0.9944160865610217
65,/home/projects/bagon/shared/imagenet512/val/n03492542/ILSVRC2012_val_00006167.JPEG,414,305.0368881225586,0.00098419189453125,0.03398328722563474,0.984895803844585,0.04453167128227485,22764,0.9969015419109276
66,/home/projects/bagon/shared/imagenet512/val/n04613696/ILSVRC2012_val_00048968.JPEG,310,29.90448760986328,0.00098419189453125,0.02538045565061304,0.48554495551466426,0.12466995612422431,22785,0.9986583560357789
67,/home/projects/bagon/shared/imagenet512/val/n01983481/ILSVRC2012_val_00046433.JPEG,497,72.01656341552734,0.000946044921875,0.03669361999257907,0.6620954597979983,0.051688766089694416,22788,0.9971968026198225
68,/home/projects/bagon/shared/imagenet512/val/n02231487/ILSVRC2012_val_00009943.JPEG,438,65.28376388549805,0.000957489013671875,0.03185851754307126,0.7429245985364743,0.14711447649014203,22794,0.9946358056013159
69,/home/projects/bagon/shared/imagenet512/val/n03485794/ILSVRC2012_val_00033870.JPEG,195,2.2570838928222656,0.000904083251953125,0.014197810248014558,0.06272600162378528,0.01907683530243657,22824,0.9994933392515566
70,/home/projects/bagon/shared/imagenet512/val/n04254680/ILSVRC2012_val_00040329.JPEG,438,82.58718872070312,0.0009613037109375,0.03522099187238328,0.7141115717706923,0.08546939211462573,22897,0.997918805459049
71,/home/projects/bagon/shared/imagenet512/val/n07802026/ILSVRC2012_val_00018320.JPEG,549,138.72158813476562,0.00098419189453125,0.042922380164836384,0.8187400790205093,0.07590195633436672,23036,0.9945065036575209
72,/home/projects/bagon/shared/imagenet512/val/n04515003/ILSVRC2012_val_00002400.JPEG,361,5.525154113769531,0.00095367431640625,0.023757112121754735,0.09224566668848724,0.07823747995963892,23047,0.997947119239468
73,/home/projects/bagon/shared/imagenet512/val/n03201208/ILSVRC2012_val_00040827.JPEG,740,221.21432495117188,0.000946044921875,0.04520586022921702,0.949866315028575,0.1480144620249331,23085,0.9946149638977351
74,/home/projects/bagon/shared/imagenet512/val/n03259280/ILSVRC2012_val_00045899.JPEG,328,9.677139282226562,0.0009613037109375,0.023297204354121814,0.19479037322281062,0.060356836301829725,23157,0.998589070363135
75,/home/projects/bagon/shared/imagenet512/val/n02834397/ILSVRC2012_val_00042425.JPEG,486,129.4510040283203,0.00098419189453125,0.03841230008301744,0.8433953674715635,0.12120612167917294,23176,0.9964654966847879
76,/home/projects/bagon/shared/imagenet512/val/n01685808/ILSVRC2012_val_00029336.JPEG,777,562.443187713623,0.000972747802734375,0.05804388699039212,0.9842632390285564,0.12559815560218945,23193,0.9856319506123165
77,/home/projects/bagon/shared/imagenet512/val/n02423022/ILSVRC2012_val_00046413.JPEG,624,76.26557159423828,0.0009765625,0.0426764025149551,0.6336236165695747,0.16702388101480292,23255,0.9950981160379138
78,/home/projects/bagon/shared/imagenet512/val/n02655020/ILSVRC2012_val_00032907.JPEG,388,143.13908004760742,0.000949859619140625,0.03195999900689672,0.9125816153580255,0.1364972597029976,23257,0.9958806362656436
79,/home/projects/bagon/shared/imagenet512/val/n02105505/ILSVRC2012_val_00018706.JPEG,455,324.43675231933594,0.00096893310546875,0.03742693600662631,0.9870835929433035,0.1814636888997816,23314,0.9964483343777737
80,/home/projects/bagon/shared/imagenet512/val/n04208210/ILSVRC2012_val_00027057.JPEG,387,107.4410629272461,0.00099945068359375,0.032076104696288875,0.8327072803543241,0.08232268754805538,23315,0.9950345050687289
81,/home/projects/bagon/shared/imagenet512/val/n02965783/ILSVRC2012_val_00048270.JPEG,199,1.7813568115234375,0.00099945068359375,0.014465089725479677,0.04147979522136927,0.0370155766222032,23319,0.9994420541119928
82,/home/projects/bagon/shared/imagenet512/val/n01945685/ILSVRC2012_val_00029558.JPEG,373,96.1836051940918,0.000911712646484375,0.03006403007458167,0.8325810215461956,0.053194224149369834,23320,0.9964908719444231
83,/home/projects/bagon/shared/imagenet512/val/n02493509/ILSVRC2012_val_00013541.JPEG,279,2.0574302673339844,0.000972747802734375,0.01726002327973478,0.037890758400336316,0.0690008132897196,23361,0.9985949359932582
84,/home/projects/bagon/shared/imagenet512/val/n04517823/ILSVRC2012_val_00034966.JPEG,414,64.15303039550781,0.0009765625,0.032015798033485025,0.6984929397407014,0.0647733778456709,23364,0.997525524018646
85,/home/projects/bagon/shared/imagenet512/val/n01687978/ILSVRC2012_val_00013870.JPEG,515,65.00318145751953,0.00095367431640625,0.03672749807846057,0.6396970870648893,0.16436445983770243,23366,0.9965015966021833
86,/home/projects/bagon/shared/imagenet512/val/n02910353/ILSVRC2012_val_00004324.JPEG,421,66.83051300048828,0.0009307861328125,0.03159104186123662,0.7330880880822972,0.11536692316351668,23387,0.9969572035818138
87,/home/projects/bagon/shared/imagenet512/val/n02101556/ILSVRC2012_val_00030540.JPEG,508,22.796977996826172,0.000942230224609375,0.03301831704685531,0.31815365753094366,0.05152640229402532,23406,0.9953790219109333
88,/home/projects/bagon/shared/imagenet512/val/n01484850/ILSVRC2012_val_00004311.JPEG,543,42.337646484375,0.00098419189453125,0.03865348694027564,0.4399284067253746,0.10784583215398058,23455,0.995390260764145
89,/home/projects/bagon/shared/imagenet512/val/n02699494/ILSVRC2012_val_00000932.JPEG,556,68.11149978637695,0.000934600830078125,0.038863711164253925,0.6679461004748777,0.06725697658378504,23477,0.9954305816724225
90,/home/projects/bagon/shared/imagenet512/val/n01749939/ILSVRC2012_val_00043850.JPEG,734,69.96051788330078,0.0009918212890625,0.046011179683536824,0.6209358521221702,0.17225446120385327,23547,0.9950757680344758
91,/home/projects/bagon/shared/imagenet512/val/n03047690/ILSVRC2012_val_00018406.JPEG,170,2.3880157470703125,0.00099945068359375,0.013484903511171185,0.07036335596589723,0.03032011012740537,23588,0.9991612908355358
92,/home/projects/bagon/shared/imagenet512/val/n03764736/ILSVRC2012_val_00008291.JPEG,319,18.92938232421875,0.0009765625,0.02492377854810708,0.34559294845497296,0.06542222396190037,23609,0.9983718571169405
93,/home/projects/bagon/shared/imagenet512/val/n02091134/ILSVRC2012_val_00041224.JPEG,764,127.55690002441406,0.00095367431640625,0.04860658296366354,0.7896000706486086,0.0830545521600365,23631,0.994016232876835
94,/home/projects/bagon/shared/imagenet512/val/n01688243/ILSVRC2012_val_00023341.JPEG,360,60.066619873046875,0.00099945068359375,0.02829265889774793,0.6963156011382523,0.12734236868950227,23641,0.9965302454775326
95,/home/projects/bagon/shared/imagenet512/val/n02105056/ILSVRC2012_val_00012237.JPEG,496,8.809009552001953,0.000965118408203125,0.02840256436548254,0.14049099025133466,0.14786308427869657,23692,0.9979521869674053
96,/home/projects/bagon/shared/imagenet512/val/n01914609/ILSVRC2012_val_00049522.JPEG,620,94.0469741821289,0.00099945068359375,0.04144226712717377,0.7231551486266087,0.08672499611453299,23714,0.9920595986190879
97,/home/projects/bagon/shared/imagenet512/val/n01871265/ILSVRC2012_val_00034307.JPEG,738,26.641677856445312,0.00098419189453125,0.04428833814035239,0.2600379746406948,0.08884925715036376,23729,0.9966914227221237
98,/home/projects/bagon/shared/imagenet512/val/n02777292/ILSVRC2012_val_00041712.JPEG,319,10.008739471435547,0.000957489013671875,0.023865808063014502,0.18216547228352126,0.017787854237832496,23740,0.998518217222016
99,/home/projects/bagon/shared/imagenet512/val/n04039381/ILSVRC2012_val_00019426.JPEG,488,48.73932647705078,0.00096893310546875,0.03455362238350605,0.5767215498063506,0.09368092300519912,23756,0.9967062192702316
100,/home/projects/bagon/shared/imagenet512/val/n07871810/ILSVRC2012_val_00008075.JPEG,429,39.2882080078125,0.0009918212890625,0.03293891412196515,0.48361573645051537,0.04922940005570696,23763,0.9970851533352988
101,/home/projects/bagon/shared/imagenet512/val/n02859443/ILSVRC2012_val_00020927.JPEG,668,143.6632308959961,0.0009765625,0.049562293170261874,0.7706179697277822,0.2224496001241948,23774,0.9933873742806547
102,/home/projects/bagon/shared/imagenet512/val/n02094258/ILSVRC2012_val_00021445.JPEG,818,111.37428283691406,0.00092315673828125,0.05249280393315594,0.6931151207920667,0.16097186271764502,23777,0.9954859816985092
103,/home/projects/bagon/shared/imagenet512/val/n04252225/ILSVRC2012_val_00043336.JPEG,357,67.33470153808594,0.00093841552734375,0.029111494183778303,0.7222383594115014,0.017120796569697484,23829,0.9959907974887466
104,/home/projects/bagon/shared/imagenet512/val/n03937543/ILSVRC2012_val_00016405.JPEG,466,72.13839340209961,0.000911712646484375,0.03585147371836321,0.6678163099337354,0.06683996107548698,23830,0.9960200455971434
105,/home/projects/bagon/shared/imagenet512/val/n02835271/ILSVRC2012_val_00033559.JPEG,487,39.53825378417969,0.00092315673828125,0.03370954979986047,0.4916394085249332,0.16781493944679332,23834,0.9972979405383505
106,/home/projects/bagon/shared/imagenet512/val/n03530642/ILSVRC2012_val_00021845.JPEG,402,48.23764419555664,0.000934600830078125,0.030366262087103732,0.6017435841969231,0.06580824367966168,23896,0.9978094419555182
107,/home/projects/bagon/shared/imagenet512/val/n03729826/ILSVRC2012_val_00041898.JPEG,406,82.85323333740234,0.00099945068359375,0.03193416677712767,0.7664282348210077,0.10991277758419535,23922,0.9960479412427999
108,/home/projects/bagon/shared/imagenet512/val/n04208210/ILSVRC2012_val_00032928.JPEG,368,31.729583740234375,0.00093841552734375,0.027517437118624193,0.5028671214047876,0.032230372764681305,23965,0.9971168721896271
109,/home/projects/bagon/shared/imagenet512/val/n03721384/ILSVRC2012_val_00022878.JPEG,431,129.52410507202148,0.000919342041015625,0.035603026258153835,0.8468196635264977,0.11041898274938888,23967,0.997894740695031
110,/home/projects/bagon/shared/imagenet512/val/n04554684/ILSVRC2012_val_00017496.JPEG,111,0.33605194091796875,0.00099945068359375,0.0074249293741130195,0.007730017224806972,0.013359888202689393,23982,0.9997848654900854
111,/home/projects/bagon/shared/imagenet512/val/n02317335/ILSVRC2012_val_00043732.JPEG,333,211.99748992919922,0.00099945068359375,0.029133388582685178,0.9674003142630133,0.03980900170216341,23989,0.9956530305322899
112,/home/projects/bagon/shared/imagenet512/val/n02115641/ILSVRC2012_val_00038986.JPEG,303,4.243038177490234,0.000942230224609375,0.019425346166069373,0.09903892910017621,0.1467651915080187,24005,0.9981458942442943
113,/home/projects/bagon/shared/imagenet512/val/n04118776/ILSVRC2012_val_00017428.JPEG,314,21.235591888427734,0.000972747802734375,0.02439536461920021,0.3872246684331032,0.0643583678479984,24029,0.998075159576189
114,/home/projects/bagon/shared/imagenet512/val/n02123159/ILSVRC2012_val_00000796.JPEG,953,105.71049118041992,0.000949859619140625,0.05563588550734962,0.6144069864812873,0.06166887667748669,24036,0.9915598123431482
115,/home/projects/bagon/shared/imagenet512/val/n02100735/ILSVRC2012_val_00020160.JPEG,483,184.89035034179688,0.00092315673828125,0.03803002432762342,0.8970940067046621,0.024306106612637865,24109,0.9954411312492143
116,/home/projects/bagon/shared/imagenet512/val/n01608432/ILSVRC2012_val_00025636.JPEG,618,37.42056655883789,0.000957489013671875,0.03793180533768826,0.45277313999724117,0.16380946059108564,24124,0.9974257006606799
117,/home/projects/bagon/shared/imagenet512/val/n02840245/ILSVRC2012_val_00029167.JPEG,523,113.44988250732422,0.00093841552734375,0.03835783927334015,0.8275342651086346,0.08076467195588842,24143,0.9953697390262686
118,/home/projects/bagon/shared/imagenet512/val/n02098286/ILSVRC2012_val_00013050.JPEG,533,16.37647247314453,0.00096893310546875,0.03264531556077102,0.23988494377301825,0.1988327647066302,24144,0.9956445358719813
119,/home/projects/bagon/shared/imagenet512/val/n04380533/ILSVRC2012_val_00019316.JPEG,956,63.71892166137695,0.000965118408203125,0.05380364121387945,0.5064273481214905,0.06572111235560682,24184,0.9961131409605594
120,/home/projects/bagon/shared/imagenet512/val/n02097474/ILSVRC2012_val_00004358.JPEG,886,60.60514831542969,0.00098419189453125,0.05082577643290568,0.508851114143222,0.09355518198351481,24193,0.9933196829250682
121,/home/projects/bagon/shared/imagenet512/val/n03208938/ILSVRC2012_val_00018408.JPEG,190,2.6127548217773438,0.00099945068359375,0.01416552372104231,0.08016660673531292,0.09037516395541041,24226,0.9991877877168808
122,/home/projects/bagon/shared/imagenet512/val/n03271574/ILSVRC2012_val_00014981.JPEG,211,1.8665771484375,0.00096893310546875,0.01445386054452693,0.04913432768004264,0.04724405039455002,24270,0.9992570609862189
123,/home/projects/bagon/shared/imagenet512/val/n01776313/ILSVRC2012_val_00001766.JPEG,679,442.9907684326172,0.00099945068359375,0.05276620086543679,0.9777110420706814,0.127640496099774,24275,0.9947778661368357
124,/home/projects/bagon/shared/imagenet512/val/n04023962/ILSVRC2012_val_00023979.JPEG,259,17.67984390258789,0.000949859619140625,0.02164758883178398,0.3638478392642747,0.09740403218417318,24288,0.9983314099799762
125,/home/projects/bagon/shared/imagenet512/val/n03134739/ILSVRC2012_val_00022258.JPEG,536,119.14663696289062,0.000946044921875,0.037888861783496604,0.8443737902896874,0.03853601518802535,24319,0.9966431474975819
126,/home/projects/bagon/shared/imagenet512/val/n01770393/ILSVRC2012_val_00022360.JPEG,227,20.460494995117188,0.0009613037109375,0.019276911018599737,0.49290456249261544,0.11155701302726097,24334,0.9982453833742141
127,/home/projects/bagon/shared/imagenet512/val/n01847000/ILSVRC2012_val_00029070.JPEG,569,223.52297973632812,0.0009765625,0.043380108726884505,0.9362253133967678,0.09392872388947016,24346,0.9949688186744609
128,/home/projects/bagon/shared/imagenet512/val/n02128925/ILSVRC2012_val_00011543.JPEG,501,31.990764617919922,0.000965118408203125,0.03533800507877429,0.3780135716225083,0.03536862906186514,24352,0.9931495753216584
129,/home/projects/bagon/shared/imagenet512/val/n04591157/ILSVRC2012_val_00000106.JPEG,686,472.6055564880371,0.000942230224609375,0.05322979172218004,0.981662258247406,0.08278505384676615,24363,0.9936721175002885
130,/home/projects/bagon/shared/imagenet512/val/n02895154/ILSVRC2012_val_00019421.JPEG,981,104.30195236206055,0.000926971435546875,0.058965528749550813,0.629138543564979,0.17005293948715222,24391,0.9907153892188717
131,/home/projects/bagon/shared/imagenet512/val/n02860847/ILSVRC2012_val_00037897.JPEG,231,9.200973510742188,0.0009918212890625,0.01808013724098487,0.23665998759914755,0.042005990038548324,24403,0.999008185212827
132,/home/projects/bagon/shared/imagenet512/val/n03895866/ILSVRC2012_val_00012957.JPEG,645,34.28886032104492,0.000926971435546875,0.03958059795859888,0.39572332780123837,0.13206712974967308,24417,0.9971570161834257
133,/home/projects/bagon/shared/imagenet512/val/n02071294/ILSVRC2012_val_00046988.JPEG,550,33.35051727294922,0.00095367431640625,0.03499729731379355,0.4406259856222,0.2894377060385511,24420,0.9975970285163027
134,/home/projects/bagon/shared/imagenet512/val/n02025239/ILSVRC2012_val_00042705.JPEG,307,25.811416625976562,0.00099945068359375,0.024797380597463007,0.46214879527083597,0.09250450046335697,24447,0.9979443148836669
135,/home/projects/bagon/shared/imagenet512/val/n03188531/ILSVRC2012_val_00004916.JPEG,322,18.771438598632812,0.00095367431640625,0.024040485635180173,0.37890058514372926,0.07331957513702529,24459,0.9980503323679646
136,/home/projects/bagon/shared/imagenet512/val/n02113799/ILSVRC2012_val_00010688.JPEG,732,59.23680877685547,0.00099945068359375,0.04681899637133616,0.5177516341377578,0.11373108278083932,24497,0.993702106990891
137,/home/projects/bagon/shared/imagenet512/val/n07590611/ILSVRC2012_val_00038936.JPEG,702,136.37361907958984,0.00096893310546875,0.04877218934954507,0.794822997928075,0.05617856675586086,24507,0.9938851420172073
138,/home/projects/bagon/shared/imagenet512/val/n03794056/ILSVRC2012_val_00005435.JPEG,366,192.56304168701172,0.0009307861328125,0.032372588892566924,0.9365027357053843,0.045086416133817364,24579,0.9969428471755909
139,/home/projects/bagon/shared/imagenet512/val/n04604644/ILSVRC2012_val_00025517.JPEG,53,0.0889892578125,0.00095367431640625,0.003112596554573188,0.00198916293356586,0.002533148214939159,24616,0.9999736429565673
140,/home/projects/bagon/shared/imagenet512/val/n03938244/ILSVRC2012_val_00005257.JPEG,184,1.2038688659667969,0.000942230224609375,0.012812996008224614,0.028983566608109176,0.06561837338668473,24626,0.9995272150159006
141,/home/projects/bagon/shared/imagenet512/val/n04447861/ILSVRC2012_val_00004263.JPEG,430,38.621482849121094,0.0009918212890625,0.031135089437030233,0.5474442046346546,0.1719451148545253,24629,0.997513739443318
142,/home/projects/bagon/shared/imagenet512/val/n03617480/ILSVRC2012_val_00021416.JPEG,171,2.0791397094726562,0.0009918212890625,0.01349850521925655,0.05660657170669431,0.02243424322317896,24672,0.9996345749813125
143,/home/projects/bagon/shared/imagenet512/val/n07718472/ILSVRC2012_val_00042061.JPEG,359,22.807456970214844,0.0009918212890625,0.02793603418619232,0.3526474380489926,0.017750693400569686,24675,0.9953751929451872
144,/home/projects/bagon/shared/imagenet512/val/n02167151/ILSVRC2012_val_00042180.JPEG,364,2.8210220336914062,0.0009765625,0.020354993892294886,0.05055446602138914,0.1567549169750825,24678,0.998842233752558
145,/home/projects/bagon/shared/imagenet512/val/n04254120/ILSVRC2012_val_00025877.JPEG,269,6.111076354980469,0.00099945068359375,0.01945115955603455,0.15523009937178758,0.07213270515334541,24719,0.9992531563193893
146,/home/projects/bagon/shared/imagenet512/val/n02109961/ILSVRC2012_val_00010011.JPEG,1303,97.16090393066406,0.00098419189453125,0.06028151166372143,0.6579533554626814,0.23059249932474257,24729,0.9923953802550031
147,/home/projects/bagon/shared/imagenet512/val/n02102318/ILSVRC2012_val_00026152.JPEG,710,119.43689346313477,0.000942230224609375,0.04646200136502186,0.7758071648901531,0.07361871908630499,24739,0.9948998734598339
148,/home/projects/bagon/shared/imagenet512/val/n04039381/ILSVRC2012_val_00022830.JPEG,396,11.378631591796875,0.00096893310546875,0.026961743586544757,0.1954644966041874,0.10009309409745754,24747,0.9985134339591912
149,/home/projects/bagon/shared/imagenet512/val/n04613696/ILSVRC2012_val_00003113.JPEG,348,197.9488983154297,0.00091552734375,0.030483605671701105,0.9601850788280168,0.04442382080694994,24780,0.9980223742551605
150,/home/projects/bagon/shared/imagenet512/val/n03447721/ILSVRC2012_val_00047055.JPEG,858,74.31596374511719,0.00099945068359375,0.052796914088894954,0.5317213643650245,0.035718651044757424,24794,0.9957044073226807
151,/home/projects/bagon/shared/imagenet512/val/n02085936/ILSVRC2012_val_00014747.JPEG,579,41.715553283691406,0.00095367431640625,0.0371486483344291,0.48285329570409874,0.10498168737190308,24851,0.9964918878215397
152,/home/projects/bagon/shared/imagenet512/val/n02028035/ILSVRC2012_val_00000751.JPEG,521,130.62467193603516,0.0009918212890625,0.03957180460863217,0.8490141408172918,0.10527446162905271,24882,0.9969747592504731
153,/home/projects/bagon/shared/imagenet512/val/n04409515/ILSVRC2012_val_00009605.JPEG,410,143.91400909423828,0.00096893310546875,0.03387832815512757,0.8970471722801471,0.09080562183314195,24886,0.9965353132791139
154,/home/projects/bagon/shared/imagenet512/val/n04326547/ILSVRC2012_val_00005047.JPEG,453,24.835384368896484,0.000965118408203125,0.031235163325264985,0.36704849802067663,0.1418778493365489,24889,0.9977539854441678
155,/home/projects/bagon/shared/imagenet512/val/n03110669/ILSVRC2012_val_00020782.JPEG,923,86.1103401184082,0.000949859619140625,0.050576560074348284,0.6327407858084239,0.13747370470047365,24925,0.9942580310274391
156,/home/projects/bagon/shared/imagenet512/val/n01748264/ILSVRC2012_val_00022819.JPEG,453,135.72348022460938,0.00099945068359375,0.03756226051558058,0.8319093987239887,0.10236887865525916,24952,0.997190961758638
157,/home/projects/bagon/shared/imagenet512/val/n03967562/ILSVRC2012_val_00023747.JPEG,350,48.05615234375,0.0009765625,0.0290404090900285,0.588215811737747,0.04763655596767641,24974,0.9972559525037774
158,/home/projects/bagon/shared/imagenet512/val/n04589890/ILSVRC2012_val_00047245.JPEG,595,80.22586441040039,0.000926971435546875,0.04150414524928278,0.6814462749445014,0.15308917381119214,24991,0.9958696333275815
159,/home/projects/bagon/shared/imagenet512/val/n04447861/ILSVRC2012_val_00037291.JPEG,201,1.1434860229492188,0.00099945068359375,0.013102268622986643,0.026556404116895704,0.06937765999970087,24996,0.9995795395839785
160,/home/projects/bagon/shared/imagenet512/val/n02100877/ILSVRC2012_val_00041998.JPEG,484,90.97524642944336,0.000965118408203125,0.03677438336310035,0.7489285889994913,0.05435196708333041,25079,0.9951019172656679
161,/home/projects/bagon/shared/imagenet512/val/n01531178/ILSVRC2012_val_00035254.JPEG,430,65.43570327758789,0.000942230224609375,0.033627253114035464,0.6499153431961677,0.12395279395437694,25086,0.9978089555959447
162,/home/projects/bagon/shared/imagenet512/val/n02092339/ILSVRC2012_val_00023005.JPEG,386,3.4336624145507812,0.00099945068359375,0.022108889243286307,0.05665746409231496,0.12868044406834425,25152,0.9972334447381063
163,/home/projects/bagon/shared/imagenet512/val/n07753275/ILSVRC2012_val_00023804.JPEG,469,493.65567779541016,0.00090789794921875,0.03798947365280323,0.9957291769336538,0.07243402171695187,25161,0.996692841917839
164,/home/projects/bagon/shared/imagenet512/val/n01729977/ILSVRC2012_val_00008714.JPEG,838,290.46803283691406,0.00096893310546875,0.04714384922647167,0.9851704102820907,0.13342958250034936,25187,0.9938351704495544
165,/home/projects/bagon/shared/imagenet512/val/n04254120/ILSVRC2012_val_00009872.JPEG,360,59.44879150390625,0.00099945068359375,0.029290229013895126,0.6844798852772209,0.11114598887633222,25229,0.9986308217116077
166,/home/projects/bagon/shared/imagenet512/val/n02100735/ILSVRC2012_val_00049965.JPEG,456,323.38976287841797,0.0009918212890625,0.039132678166141695,0.9738060468076246,0.07840248110296669,25230,0.9965722197945839
167,/home/projects/bagon/shared/imagenet512/val/n03089624/ILSVRC2012_val_00026113.JPEG,444,48.209228515625,0.0009765625,0.03396573128137794,0.5429723334039632,0.060093901162578095,25253,0.9964061270623905
168,/home/projects/bagon/shared/imagenet512/val/n01749939/ILSVRC2012_val_00000298.JPEG,586,53.589778900146484,0.000972747802734375,0.042631771853565946,0.480322388907676,0.03406898410324611,25257,0.9948321884068553
169,/home/projects/bagon/shared/imagenet512/val/n02167151/ILSVRC2012_val_00027791.JPEG,527,76.54521942138672,0.0009918212890625,0.03598806119780399,0.7269565887534966,0.033847653569008145,25266,0.9974498983362831
170,/home/projects/bagon/shared/imagenet512/val/n02966687/ILSVRC2012_val_00001041.JPEG,669,251.43338012695312,0.00098419189453125,0.048117549865383254,0.9598594688428868,0.1590769648827308,25278,0.9945569086454676
171,/home/projects/bagon/shared/imagenet512/val/n02094433/ILSVRC2012_val_00036254.JPEG,1148,470.1983184814453,0.00095367431640625,0.0671457125542579,0.9715336802067647,0.17372729869201659,25280,0.987915904607838
172,/home/projects/bagon/shared/imagenet512/val/n02098413/ILSVRC2012_val_00037853.JPEG,1105,47.297393798828125,0.00099945068359375,0.05922070451878684,0.33284109426116104,0.09636219130967927,25282,0.9931023850754793
173,/home/projects/bagon/shared/imagenet512/val/n02870880/ILSVRC2012_val_00018286.JPEG,697,201.61249923706055,0.000972747802734375,0.04471901565140544,0.9246099763919908,0.0811560737560653,25300,0.9940470245552497
174,/home/projects/bagon/shared/imagenet512/val/n02843684/ILSVRC2012_val_00027595.JPEG,198,2.7966346740722656,0.000972747802734375,0.015421194891169871,0.07172937893741221,0.027513420901000216,25315,0.9992194184410679
175,/home/projects/bagon/shared/imagenet512/val/n04548362/ILSVRC2012_val_00042766.JPEG,706,427.5081329345703,0.000946044921875,0.04586505761699925,0.990732228038698,0.19438550055819825,25318,0.9915399488129741
176,/home/projects/bagon/shared/imagenet512/val/n07880968/ILSVRC2012_val_00031146.JPEG,410,60.24626541137695,0.000904083251953125,0.032734335060773556,0.6328191506373954,0.1261450525254097,25323,0.9972770031443353
177,/home/projects/bagon/shared/imagenet512/val/n02917067/ILSVRC2012_val_00019567.JPEG,278,19.560089111328125,0.0009765625,0.020372093839819284,0.4704663066900456,0.08093724189242518,25367,0.9980208543234982
178,/home/projects/bagon/shared/imagenet512/val/n02106550/ILSVRC2012_val_00019107.JPEG,692,314.5923652648926,0.000949859619140625,0.04935394912043662,0.9736663231176197,0.10450972403650807,25444,0.9941421830268188
179,/home/projects/bagon/shared/imagenet512/val/n02408429/ILSVRC2012_val_00005951.JPEG,510,116.9433822631836,0.0009307861328125,0.03806739209373084,0.8235487722212882,0.04045045938009395,25455,0.9921943251887918
180,/home/projects/bagon/shared/imagenet512/val/n04487081/ILSVRC2012_val_00004090.JPEG,479,57.86323165893555,0.000965118408203125,0.0349662332647033,0.6388858250423786,0.14569814356906552,25463,0.9972153179156822
181,/home/projects/bagon/shared/imagenet512/val/n02264363/ILSVRC2012_val_00048687.JPEG,343,95.85494232177734,0.00099945068359375,0.029153440444499155,0.8335234240401301,0.06072308999131994,25489,0.9935682784072605
182,/home/projects/bagon/shared/imagenet512/val/n02783161/ILSVRC2012_val_00007888.JPEG,686,75.97452545166016,0.00098419189453125,0.04361025279321288,0.649973765263153,0.3813393044084868,25535,0.9981427972015039
183,/home/projects/bagon/shared/imagenet512/val/n01807496/ILSVRC2012_val_00047397.JPEG,1100,77.991943359375,0.0009307861328125,0.060840877338992724,0.5124945465010969,0.15380750857002543,25545,0.9916125970926982
184,/home/projects/bagon/shared/imagenet512/val/n02927161/ILSVRC2012_val_00005578.JPEG,297,24.75196075439453,0.00098419189453125,0.024248934032012823,0.4299459656551411,0.12438066720745401,25546,0.9974880799860429
185,/home/projects/bagon/shared/imagenet512/val/n01806143/ILSVRC2012_val_00001146.JPEG,562,150.3800048828125,0.00098419189453125,0.04453851834011194,0.8157398198729009,0.04180863416699566,25557,0.9969756855362155
186,/home/projects/bagon/shared/imagenet512/val/n01675722/ILSVRC2012_val_00009966.JPEG,386,19.14855194091797,0.0009613037109375,0.028613245223499072,0.29947189735060603,0.0539527461255494,25572,0.9979146871375902
187,/home/projects/bagon/shared/imagenet512/val/n02106030/ILSVRC2012_val_00018046.JPEG,875,58.89741516113281,0.00095367431640625,0.04912448172545999,0.5163417518339214,0.12514781694741012,25616,0.9953316229520165
188,/home/projects/bagon/shared/imagenet512/val/n02018207/ILSVRC2012_val_00021459.JPEG,263,35.96586608886719,0.00099945068359375,0.02073127004949268,0.7092199160196611,0.10789004007014351,25649,0.9976363269372391
189,/home/projects/bagon/shared/imagenet512/val/n04525305/ILSVRC2012_val_00024120.JPEG,296,22.238510131835938,0.00099945068359375,0.0244863583444059,0.3889815922152408,0.06814310095889273,25657,0.9979262609540545
190,/home/projects/bagon/shared/imagenet512/val/n03874599/ILSVRC2012_val_00013842.JPEG,469,89.35142517089844,0.0009918212890625,0.035743211776279524,0.7547529345401577,0.14469582661834196,25659,0.9966023475410998
191,/home/projects/bagon/shared/imagenet512/val/n02999410/ILSVRC2012_val_00017637.JPEG,582,150.14767456054688,0.00098419189453125,0.04325543842960129,0.8441347846421248,0.1266652564919029,25674,0.9964713964759474
192,/home/projects/bagon/shared/imagenet512/val/n02892767/ILSVRC2012_val_00040863.JPEG,352,33.14872741699219,0.00099945068359375,0.0272194311630416,0.5040083116572208,0.1582108452592641,25689,0.99799850861444
193,/home/projects/bagon/shared/imagenet512/val/n02951585/ILSVRC2012_val_00046126.JPEG,371,137.81266021728516,0.00095367431640625,0.03131623699350543,0.9027351049904233,0.03286325676468623,25694,0.9976080314873845
194,/home/projects/bagon/shared/imagenet512/val/n04270147/ILSVRC2012_val_00031848.JPEG,445,10.669837951660156,0.00099945068359375,0.027967860218267873,0.17706906699120337,0.15870040890027506,25715,0.9990013436011234
195,/home/projects/bagon/shared/imagenet512/val/n07802026/ILSVRC2012_val_00024954.JPEG,321,175.45635986328125,0.00099945068359375,0.027840905129494237,0.9605477251384485,0.051560175238625716,25734,0.9969350584013722
196,/home/projects/bagon/shared/imagenet512/val/n02093428/ILSVRC2012_val_00043672.JPEG,954,236.7168960571289,0.000946044921875,0.05725616666428108,0.9181388442087759,0.13594337745573024,25739,0.992048372160279
197,/home/projects/bagon/shared/imagenet512/val/n02441942/ILSVRC2012_val_00029331.JPEG,846,56.48893737792969,0.0009918212890625,0.050022449098461465,0.4658478687059915,0.22842961188121988,25750,0.9942928890806384
198,/home/projects/bagon/shared/imagenet512/val/n03761084/ILSVRC2012_val_00028554.JPEG,506,98.32378005981445,0.000911712646484375,0.037519165773244344,0.7657009173054863,0.054390017630847824,25755,0.9971201099120454
199,/home/projects/bagon/shared/imagenet512/val/n02963159/ILSVRC2012_val_00039003.JPEG,564,55.19745635986328,0.000946044921875,0.0378705277353634,0.5829350807509215,0.09216746966369133,25791,0.9957176697583491
200,/home/projects/bagon/shared/imagenet512/val/n04200800/ILSVRC2012_val_00019741.JPEG,244,68.75827407836914,0.000949859619140625,0.022248872706055203,0.7942733592804168,0.04550763697619478,25806,0.9973858940503295
201,/home/projects/bagon/shared/imagenet512/val/n03876231/ILSVRC2012_val_00006559.JPEG,640,159.81971740722656,0.0009918212890625,0.045324802886148215,0.8591016007083981,0.17240672445147606,25890,0.9961909474983764
202,/home/projects/bagon/shared/imagenet512/val/n03110669/ILSVRC2012_val_00008380.JPEG,489,19.223831176757812,0.0009002685546875,0.03137010700370042,0.29286402173117493,0.07937464324216476,25898,0.9974252576345808
203,/home/projects/bagon/shared/imagenet512/val/n03131574/ILSVRC2012_val_00031029.JPEG,262,2.8174896240234375,0.00098419189453125,0.016508865699538966,0.07238127593122214,0.14822303302960335,25904,0.9992240054484687
204,/home/projects/bagon/shared/imagenet512/val/n02117135/ILSVRC2012_val_00026516.JPEG,794,723.9306716918945,0.00093841552734375,0.05758557054473911,0.9946409485104086,0.11646157784691615,25910,0.9899147011516681
205,/home/projects/bagon/shared/imagenet512/val/n04201297/ILSVRC2012_val_00032743.JPEG,725,300.87044525146484,0.00095367431640625,0.05594766594686971,0.9188044982833881,0.11794041001655653,25918,0.9920185758904607
206,/home/projects/bagon/shared/imagenet512/val/n07714571/ILSVRC2012_val_00002993.JPEG,658,295.83065032958984,0.00098419189453125,0.04267821558950534,0.981844792975557,0.2789558015822433,25920,0.9911578157839505
207,/home/projects/bagon/shared/imagenet512/val/n02233338/ILSVRC2012_val_00019592.JPEG,168,1.0755691528320312,0.00099945068359375,0.01169058512240016,0.02763473232275101,0.021123617094642895,25922,0.9995687571933508
208,/home/projects/bagon/shared/imagenet512/val/n01601694/ILSVRC2012_val_00039648.JPEG,468,267.65922927856445,0.000942230224609375,0.03725118997807704,0.9740998768474576,0.17879759602124679,25933,0.9968964701030713
209,/home/projects/bagon/shared/imagenet512/val/n02906734/ILSVRC2012_val_00013336.JPEG,674,117.20979309082031,0.0009765625,0.043516614669828625,0.8127858028261075,0.24011782847121863,25941,0.9960659407381145
210,/home/projects/bagon/shared/imagenet512/val/n07716906/ILSVRC2012_val_00028212.JPEG,407,148.7018280029297,0.00091552734375,0.033238476576726544,0.9020884558012449,0.08800017310687569,25956,0.9949024469267873
211,/home/projects/bagon/shared/imagenet512/val/n01498041/ILSVRC2012_val_00043702.JPEG,833,90.05083465576172,0.0009765625,0.05018470829510001,0.669190953857861,0.14952930408950268,25964,0.9961492587033272
212,/home/projects/bagon/shared/imagenet512/val/n04254680/ILSVRC2012_val_00002349.JPEG,620,39.329681396484375,0.00098419189453125,0.04144606147360419,0.38734468125906146,0.08043734006221046,25985,0.9981054424002006
213,/home/projects/bagon/shared/imagenet512/val/n01753488/ILSVRC2012_val_00027790.JPEG,1364,188.60483169555664,0.000957489013671875,0.07692675530896859,0.7118044525942072,0.1975356678071183,25991,0.9865182329051947
214,/home/projects/bagon/shared/imagenet512/val/n02977058/ILSVRC2012_val_00003667.JPEG,243,4.999397277832031,0.0009918212890625,0.018342458088914566,0.11622179555800136,0.12970234073032183,26016,0.9985424746810578
215,/home/projects/bagon/shared/imagenet512/val/n02168699/ILSVRC2012_val_00017727.JPEG,407,27.22171401977539,0.000949859619140625,0.029505072799206618,0.4241304764733327,0.04468640750251985,26030,0.998607195103696
216,/home/projects/bagon/shared/imagenet512/val/n02749479/ILSVRC2012_val_00040343.JPEG,938,36.72001647949219,0.00099945068359375,0.05056549290824472,0.324029157504903,0.1791845563561067,26097,0.9956222438690956
217,/home/projects/bagon/shared/imagenet512/val/n02978881/ILSVRC2012_val_00041815.JPEG,549,216.90198516845703,0.0009918212890625,0.04323924918890445,0.9138340454155451,0.057661037823642916,26138,0.9942721464307384
218,/home/projects/bagon/shared/imagenet512/val/n03786901/ILSVRC2012_val_00014325.JPEG,394,298.5515441894531,0.00098419189453125,0.03459383324238228,0.972180859859209,0.04325339649921667,26191,0.9950609080258046
219,/home/projects/bagon/shared/imagenet512/val/n02992211/ILSVRC2012_val_00045757.JPEG,789,41.27998352050781,0.000946044921875,0.04549682305137492,0.3988339105433086,0.13639811156725318,26194,0.9968186840547856
220,/home/projects/bagon/shared/imagenet512/val/n03075370/ILSVRC2012_val_00023985.JPEG,184,4.976551055908203,0.000965118408203125,0.01558245482934515,0.14278720364066974,0.009344059618552725,26195,0.9994587142063092
221,/home/projects/bagon/shared/imagenet512/val/n04090263/ILSVRC2012_val_00001291.JPEG,729,40.29693603515625,0.00093841552734375,0.03723350216735134,0.5299121761442159,0.1599415038412645,26199,0.9980697530092939
222,/home/projects/bagon/shared/imagenet512/val/n07875152/ILSVRC2012_val_00046364.JPEG,297,113.96867370605469,0.000946044921875,0.02623790685285879,0.9025479920288919,0.07303523940145269,26225,0.9964152672289236
223,/home/projects/bagon/shared/imagenet512/val/n02481823/ILSVRC2012_val_00028562.JPEG,494,59.38505554199219,0.0009765625,0.035443431210615564,0.6485936088171683,0.1294304630932536,26238,0.9948703053749852
224,/home/projects/bagon/shared/imagenet512/val/n04070727/ILSVRC2012_val_00039770.JPEG,151,0.6765518188476562,0.0009918212890625,0.010116762574748422,0.016709958592644618,0.0884536691666058,26267,0.9996467756975139
225,/home/projects/bagon/shared/imagenet512/val/n04418357/ILSVRC2012_val_00037057.JPEG,347,66.20516204833984,0.00095367431640625,0.028896694047543185,0.6968485748285705,0.060183352515090334,26269,0.9963528794047768
226,/home/projects/bagon/shared/imagenet512/val/n07613480/ILSVRC2012_val_00042963.JPEG,549,38.23606491088867,0.000934600830078125,0.03752363985115242,0.4317880820118625,0.05971462952085785,26313,0.996684856183435
227,/home/projects/bagon/shared/imagenet512/val/n03496892/ILSVRC2012_val_00021507.JPEG,811,134.81425094604492,0.000934600830078125,0.05534943384506935,0.7237573797740771,0.058743074935071506,26316,0.9955602158615086
228,/home/projects/bagon/shared/imagenet512/val/n01518878/ILSVRC2012_val_00038156.JPEG,655,272.7969512939453,0.00095367431640625,0.048940708927368765,0.9426435305165379,0.19442725267486877,26349,0.9948644725188333
229,/home/projects/bagon/shared/imagenet512/val/n02091635/ILSVRC2012_val_00044766.JPEG,542,50.074363708496094,0.0009918212890625,0.037509277138910585,0.5527756907105501,0.2243643670637646,26354,0.9966866228236037
230,/home/projects/bagon/shared/imagenet512/val/n04367480/ILSVRC2012_val_00049863.JPEG,299,2.6371612548828125,0.00098419189453125,0.01893059851276728,0.04772050030231416,0.04748031424869435,26386,0.999174707570758
231,/home/projects/bagon/shared/imagenet512/val/n02095314/ILSVRC2012_val_00031713.JPEG,574,12.909202575683594,0.00099945068359375,0.033283972485825986,0.1813478822066804,0.21038143816435395,26399,0.9972990072079645
232,/home/projects/bagon/shared/imagenet512/val/n04209133/ILSVRC2012_val_00019866.JPEG,344,46.06410217285156,0.00095367431640625,0.028511391407515005,0.583728305931031,0.07894834891384894,26400,0.9985866651745406
233,/home/projects/bagon/shared/imagenet512/val/n03065424/ILSVRC2012_val_00000915.JPEG,216,5.124786376953125,0.0009765625,0.01675450532954112,0.1449055187316227,0.02798102331737324,26410,0.9992130764318193
234,/home/projects/bagon/shared/imagenet512/val/n03457902/ILSVRC2012_val_00009278.JPEG,424,331.8343200683594,0.00099945068359375,0.03663451384436034,0.9811774134872642,0.0765420356630168,26419,0.994586914268403
235,/home/projects/bagon/shared/imagenet512/val/n04462240/ILSVRC2012_val_00026073.JPEG,557,33.4740104675293,0.000942230224609375,0.03544117338607967,0.45014449788286715,0.15741860084509007,26435,0.9976422904969428
236,/home/projects/bagon/shared/imagenet512/val/n02497673/ILSVRC2012_val_00046035.JPEG,500,193.0916862487793,0.000972747802734375,0.0369316222677353,0.9438000764973675,0.1821029169585007,26438,0.9950014856372762
237,/home/projects/bagon/shared/imagenet512/val/n04476259/ILSVRC2012_val_00003027.JPEG,555,135.5850830078125,0.00099945068359375,0.042892486230845274,0.8130135518743054,0.06294819624231826,26494,0.9964013276727681
238,/home/projects/bagon/shared/imagenet512/val/n04275548/ILSVRC2012_val_00018633.JPEG,693,200.60756301879883,0.000972747802734375,0.04202656693514024,0.9373674163054763,0.08117198760888716,26503,0.9955267591231437
239,/home/projects/bagon/shared/imagenet512/val/n01774384/ILSVRC2012_val_00028035.JPEG,314,12.757598876953125,0.000946044921875,0.023452495034182137,0.2534350624721959,0.016506716127802155,26514,0.9979411036747577
240,/home/projects/bagon/shared/imagenet512/val/n04040759/ILSVRC2012_val_00023521.JPEG,505,314.3671112060547,0.00092315673828125,0.04123621276362023,0.9685905594639006,0.0824552030403239,26585,0.9973264748299213
241,/home/projects/bagon/shared/imagenet512/val/n01689811/ILSVRC2012_val_00036123.JPEG,573,67.76966857910156,0.00093841552734375,0.04029436635761073,0.6173824602842038,0.10806742783232753,26595,0.9945213531276174
242,/home/projects/bagon/shared/imagenet512/val/n03777754/ILSVRC2012_val_00018445.JPEG,506,149.62206268310547,0.00099945068359375,0.04041932668191486,0.824350331420839,0.16038968080114757,26597,0.9901106386048184
243,/home/projects/bagon/shared/imagenet512/val/n02027492/ILSVRC2012_val_00037752.JPEG,391,94.83615493774414,0.000972747802734375,0.031587042777171115,0.801584683596228,0.08107311449836174,26614,0.9937523851027714
244,/home/projects/bagon/shared/imagenet512/val/n03494278/ILSVRC2012_val_00044420.JPEG,394,26.147567749023438,0.00099945068359375,0.029310211748262396,0.4026644188660089,0.04816835876223891,26687,0.9972837636031702
245,/home/projects/bagon/shared/imagenet512/val/n04086273/ILSVRC2012_val_00009333.JPEG,474,162.20206832885742,0.000972747802734375,0.03767695153144567,0.902648621962977,0.07998933858040344,26755,0.9973238513459373
246,/home/projects/bagon/shared/imagenet512/val/n04296562/ILSVRC2012_val_00041663.JPEG,464,140.49004745483398,0.000957489013671875,0.03747807468098651,0.8647247709102595,0.02654175125762763,26760,0.9966327738251824
247,/home/projects/bagon/shared/imagenet512/val/n01847000/ILSVRC2012_val_00010388.JPEG,554,172.12313079833984,0.00098419189453125,0.040957601884972494,0.9027035177958368,0.16007980390133125,26785,0.9934711594043703
248,/home/projects/bagon/shared/imagenet512/val/n04254120/ILSVRC2012_val_00022275.JPEG,691,320.6790885925293,0.000965118408203125,0.05263275476682889,0.9439161516089002,0.0603924506108854,26789,0.9962487565053979
249,/home/projects/bagon/shared/imagenet512/val/n01518878/ILSVRC2012_val_00030699.JPEG,255,126.71186447143555,0.000965118408203125,0.02303578965980281,0.9352159885275555,0.07123238015293089,26793,0.9981916522038738
250,/home/projects/bagon/shared/imagenet512/val/n03843555/ILSVRC2012_val_00007573.JPEG,407,36.40034484863281,0.00096893310546875,0.030805957343719173,0.4944645010491714,0.08253421609947717,26803,0.997343731897288
251,/home/projects/bagon/shared/imagenet512/val/n04536866/ILSVRC2012_val_00024173.JPEG,712,258.7161064147949,0.000949859619140625,0.048579557271581225,0.9538883819419194,0.08052636646110284,26813,0.9908404937633294
252,/home/projects/bagon/shared/imagenet512/val/n03769881/ILSVRC2012_val_00001207.JPEG,697,38.18976593017578,0.00098419189453125,0.043454662831866955,0.37522671537380325,0.02793794727826549,26886,0.9954892932368234
253,/home/projects/bagon/shared/imagenet512/val/n04285008/ILSVRC2012_val_00038060.JPEG,1116,86.8088607788086,0.0009307861328125,0.06236710586518817,0.5315270148196263,0.12400904452092978,26921,0.9927444995892738
254,/home/projects/bagon/shared/imagenet512/val/n03201208/ILSVRC2012_val_00044451.JPEG,709,164.25808334350586,0.000972747802734375,0.04976901418505249,0.843581528994478,0.1468930918326686,26937,0.9945632086922531
255,/home/projects/bagon/shared/imagenet512/val/n03457902/ILSVRC2012_val_00010226.JPEG,432,306.8696517944336,0.00098419189453125,0.038289289199201056,0.9677163136353252,0.06986256983227795,26955,0.99375994517694
256,/home/projects/bagon/shared/imagenet512/val/n02002556/ILSVRC2012_val_00048606.JPEG,617,242.113525390625,0.00096893310546875,0.04701723868694457,0.9304953865473602,0.08967962499676013,26981,0.9962642503884533
257,/home/projects/bagon/shared/imagenet512/val/n03065424/ILSVRC2012_val_00004471.JPEG,292,29.92115020751953,0.0009918212890625,0.02342596116571179,0.5568239970622789,0.10709345588852942,26983,0.998461171420675
258,/home/projects/bagon/shared/imagenet512/val/n04273569/ILSVRC2012_val_00032833.JPEG,432,61.417415618896484,0.000911712646484375,0.03184996272198571,0.6939809898944393,0.07071061572771062,26984,0.9973292958626859
259,/home/projects/bagon/shared/imagenet512/val/n04147183/ILSVRC2012_val_00041013.JPEG,605,44.713279724121094,0.00099945068359375,0.035581440046838816,0.6223394967684723,0.09822303573213514,26999,0.996820494219051
260,/home/projects/bagon/shared/imagenet512/val/n03028079/ILSVRC2012_val_00016542.JPEG,735,34.80741882324219,0.00098419189453125,0.041477223900160114,0.3780968621392857,0.08777622550866723,27007,0.9966858209442371
261,/home/projects/bagon/shared/imagenet512/val/n03983396/ILSVRC2012_val_00024815.JPEG,744,56.88327407836914,0.000919342041015625,0.046832360051514976,0.4827108192858682,0.0361020815074602,27009,0.9924858785226518
262,/home/projects/bagon/shared/imagenet512/val/n01806143/ILSVRC2012_val_00028656.JPEG,346,242.62468719482422,0.0009918212890625,0.03064155621617021,0.9763171661292565,0.05790254407429572,27012,0.996468764411525
263,/home/projects/bagon/shared/imagenet512/val/n03676483/ILSVRC2012_val_00009815.JPEG,323,157.0632781982422,0.00096893310546875,0.02878149373717023,0.9288424655805566,0.1246196176536357,27040,0.9981459710859957
264,/home/projects/bagon/shared/imagenet512/val/n02808304/ILSVRC2012_val_00020121.JPEG,381,247.27205276489258,0.000965118408203125,0.03330218212107228,0.9696689311988753,0.08964522591155012,27122,0.9963483101378565
265,/home/projects/bagon/shared/imagenet512/val/n01945685/ILSVRC2012_val_00043904.JPEG,289,36.270751953125,0.0009918212890625,0.023579498410065788,0.6217034197947082,0.09606167395011635,27127,0.9972125514389832
266,/home/projects/bagon/shared/imagenet512/val/n03347037/ILSVRC2012_val_00012175.JPEG,220,20.71628189086914,0.000911712646484375,0.019487327944582977,0.43305473985699783,0.03396844959564102,27142,0.9986705098655739
267,/home/projects/bagon/shared/imagenet512/val/n01739381/ILSVRC2012_val_00040048.JPEG,638,128.63619995117188,0.00098419189453125,0.047342192699643154,0.7581491954515177,0.092083933252271,27159,0.9895540785712684
268,/home/projects/bagon/shared/imagenet512/val/n03188531/ILSVRC2012_val_00039509.JPEG,572,445.69993591308594,0.00099945068359375,0.0465878193601492,0.9840666382690868,0.012723550873445573,27219,0.9934920601525856
269,/home/projects/bagon/shared/imagenet512/val/n03980874/ILSVRC2012_val_00015930.JPEG,455,42.66456604003906,0.000946044921875,0.03184589613447917,0.5704796255582529,0.0965419926526241,27289,0.997010833829936
270,/home/projects/bagon/shared/imagenet512/val/n04162706/ILSVRC2012_val_00020348.JPEG,421,170.8724136352539,0.00093841552734375,0.034824647417906245,0.9133569710561504,0.06575839557831517,27290,0.9965776631713704
271,/home/projects/bagon/shared/imagenet512/val/n01632458/ILSVRC2012_val_00025492.JPEG,270,5.047519683837891,0.000972747802734375,0.017692452841520278,0.1597378751179703,0.1990177479628864,27307,0.998430221448609
272,/home/projects/bagon/shared/imagenet512/val/n03868242/ILSVRC2012_val_00030932.JPEG,639,6.738121032714844,0.00099945068359375,0.030943116050056802,0.08846814956020614,0.1615588481157167,27312,0.9970943307421699
273,/home/projects/bagon/shared/imagenet512/val/n02086910/ILSVRC2012_val_00009688.JPEG,628,133.29700469970703,0.00096893310546875,0.04524960620670445,0.8160386389217333,0.09561578368204948,27327,0.989175735038118
274,/home/projects/bagon/shared/imagenet512/val/n04332243/ILSVRC2012_val_00017629.JPEG,675,841.6411819458008,0.0009765625,0.05569249013612829,0.9963500194299036,0.10809423982971138,27337,0.9900984852707907
275,/home/projects/bagon/shared/imagenet512/val/n07802026/ILSVRC2012_val_00003019.JPEG,288,21.132827758789062,0.00099945068359375,0.023843446320142642,0.3867607388763551,0.031550915179423884,27365,0.996842601814299
276,/home/projects/bagon/shared/imagenet512/val/n04476259/ILSVRC2012_val_00027040.JPEG,573,65.72378158569336,0.000949859619140625,0.04070402653971341,0.587842955732361,0.01850630571044539,27385,0.995890133275317
277,/home/projects/bagon/shared/imagenet512/val/n03272010/ILSVRC2012_val_00041609.JPEG,495,29.780738830566406,0.0009765625,0.03377022106043976,0.4085232989163297,0.13933472928938492,27408,0.9978415571286239
278,/home/projects/bagon/shared/imagenet512/val/n07716358/ILSVRC2012_val_00032041.JPEG,546,207.20048904418945,0.000949859619140625,0.03756859309930192,0.9549746902675611,0.033985835438777305,27467,0.9959449834014049
279,/home/projects/bagon/shared/imagenet512/val/n02110806/ILSVRC2012_val_00013318.JPEG,595,62.55656051635742,0.000942230224609375,0.040243168524226575,0.6000072633386289,0.18725483221420194,27492,0.9946872489662428
280,/home/projects/bagon/shared/imagenet512/val/n03124043/ILSVRC2012_val_00007876.JPEG,362,35.233699798583984,0.000957489013671875,0.028685826109668276,0.5050733823865258,0.04540599103792152,27500,0.9971705071703927
281,/home/projects/bagon/shared/imagenet512/val/n02966687/ILSVRC2012_val_00022860.JPEG,703,44.156639099121094,0.0009613037109375,0.04439331568545117,0.4170049524946808,0.06881081304844786,27501,0.9962640001743928
282,/home/projects/bagon/shared/imagenet512/val/n02808440/ILSVRC2012_val_00012823.JPEG,1276,67.83600234985352,0.000957489013671875,0.06605965174179378,0.41621468544064444,0.25115686092167283,27539,0.9925505188459648
283,/home/projects/bagon/shared/imagenet512/val/n04428191/ILSVRC2012_val_00012970.JPEG,508,123.12129974365234,0.0009918212890625,0.037114610983578274,0.8687761636075493,0.23129937896196637,27553,0.9951003711112908
284,/home/projects/bagon/shared/imagenet512/val/n03259280/ILSVRC2012_val_00018108.JPEG,333,26.317520141601562,0.000946044921875,0.026004831779131092,0.4671027740182966,0.12043030282966836,27560,0.9979256162312615
285,/home/projects/bagon/shared/imagenet512/val/n03876231/ILSVRC2012_val_00003523.JPEG,487,312.93135833740234,0.00099945068359375,0.04304485919417169,0.929913960532198,0.34889419983576053,27637,0.9929093787879748
286,/home/projects/bagon/shared/imagenet512/val/n02486261/ILSVRC2012_val_00010854.JPEG,333,5.615001678466797,0.000942230224609375,0.02206127197565108,0.10682301056566473,0.10520772037032305,27643,0.9993356672339687
287,/home/projects/bagon/shared/imagenet512/val/n04357314/ILSVRC2012_val_00008617.JPEG,915,176.51471328735352,0.000919342041015625,0.05639293813638722,0.8403485484020697,0.14280572653738843,27657,0.990674525280511
288,/home/projects/bagon/shared/imagenet512/val/n03494278/ILSVRC2012_val_00040271.JPEG,340,16.169029235839844,0.00099945068359375,0.025300305027296337,0.2984720573876679,0.11302660147476122,27665,0.9990958499820519
289,/home/projects/bagon/shared/imagenet512/val/n02006656/ILSVRC2012_val_00000735.JPEG,521,47.396827697753906,0.00098419189453125,0.03701028683342605,0.5376562223216723,0.08620584192891897,27698,0.9971300736609905
290,/home/projects/bagon/shared/imagenet512/val/n02133161/ILSVRC2012_val_00046668.JPEG,606,166.68315887451172,0.0009918212890625,0.04110259734921647,0.9257838657861399,0.3748840409671246,27701,0.993484628419151
291,/home/projects/bagon/shared/imagenet512/val/n01950731/ILSVRC2012_val_00029010.JPEG,528,55.289466857910156,0.00098419189453125,0.031376064026721454,0.7859871102169796,0.1194120528560969,27719,0.9959651836666251
292,/home/projects/bagon/shared/imagenet512/val/n03787032/ILSVRC2012_val_00011578.JPEG,743,42.388343811035156,0.0009613037109375,0.04676624347618259,0.37757938912399236,0.29960111651279175,27728,0.9950476238541371
293,/home/projects/bagon/shared/imagenet512/val/n04125021/ILSVRC2012_val_00036347.JPEG,220,21.769115447998047,0.000934600830078125,0.018563175415294994,0.5026962100482559,0.05947061087461418,27731,0.9984756060207923
294,/home/projects/bagon/shared/imagenet512/val/n02113799/ILSVRC2012_val_00016697.JPEG,613,68.84464263916016,0.00098419189453125,0.0409257026557523,0.6391826848238932,0.06886280136280051,27768,0.9947893500754353
295,/home/projects/bagon/shared/imagenet512/val/n02804610/ILSVRC2012_val_00014826.JPEG,346,13.028335571289062,0.00095367431640625,0.02544256175011441,0.2490795694485776,0.10779633643649558,27809,0.9983446613672669
296,/home/projects/bagon/shared/imagenet512/val/n04317175/ILSVRC2012_val_00048424.JPEG,322,12.27486801147461,0.000949859619140625,0.024320266765410235,0.22775768724606987,0.03811443992923284,27822,0.9986289273302074
297,/home/projects/bagon/shared/imagenet512/val/n02783161/ILSVRC2012_val_00017050.JPEG,708,299.01688385009766,0.0009307861328125,0.051764255346666954,0.9489186307726524,0.057266626984479804,27841,0.9893303581001451
298,/home/projects/bagon/shared/imagenet512/val/n02977058/ILSVRC2012_val_00034150.JPEG,458,21.194774627685547,0.000934600830078125,0.03044013147759368,0.31845625775508163,0.04131565478295769,27849,0.9974105760408922
299,/home/projects/bagon/shared/imagenet512/val/n03089624/ILSVRC2012_val_00024403.JPEG,794,280.97327423095703,0.0009918212890625,0.057374212929171595,0.9117123125078002,0.07588426194011884,27858,0.9918137984854177
300,/home/projects/bagon/shared/imagenet512/val/n12620546/ILSVRC2012_val_00020959.JPEG,309,28.16082763671875,0.0009918212890625,0.024379893649551666,0.5136816162650664,0.13200639238231704,27864,0.9981120612092029
301,/home/projects/bagon/shared/imagenet512/val/n01775062/ILSVRC2012_val_00045310.JPEG,677,109.27456665039062,0.00095367431640625,0.046762983570751565,0.748037713462871,0.18397911589008803,27883,0.994175561225106
302,/home/projects/bagon/shared/imagenet512/val/n03032252/ILSVRC2012_val_00019878.JPEG,279,7.097686767578125,0.0009918212890625,0.021102633707383554,0.1495213934911163,0.05068275317870645,27909,0.9992191236525098
303,/home/projects/bagon/shared/imagenet512/val/n07930864/ILSVRC2012_val_00003264.JPEG,903,138.32280349731445,0.000926971435546875,0.050858195862256074,0.8309743197756982,0.36646681123334246,27913,0.9960562328505255
304,/home/projects/bagon/shared/imagenet512/val/n02119022/ILSVRC2012_val_00026288.JPEG,880,95.07164764404297,0.00099945068359375,0.05458939426111549,0.6227930041845438,0.11596660560828045,27916,0.9917718682995924
305,/home/projects/bagon/shared/imagenet512/val/n01669191/ILSVRC2012_val_00036944.JPEG,449,12.024955749511719,0.00095367431640625,0.02951192439700425,0.1766984085105861,0.011645239977197828,27948,0.9950421194542517
306,/home/projects/bagon/shared/imagenet512/val/n02708093/ILSVRC2012_val_00014353.JPEG,1139,17.376232147216797,0.000926971435546875,0.05001535606859703,0.14340948473026083,0.22428272207149802,28027,0.9985492236685989
307,/home/projects/bagon/shared/imagenet512/val/n02120505/ILSVRC2012_val_00045532.JPEG,490,30.079368591308594,0.0009918212890625,0.033335571382582134,0.39348684619785934,0.12102132697855252,28050,0.9966716965827501
308,/home/projects/bagon/shared/imagenet512/val/n02128385/ILSVRC2012_val_00025569.JPEG,756,33.98241424560547,0.0009918212890625,0.043992187739155815,0.3575002530106857,0.30323938106594117,28053,0.9957190851459338
309,/home/projects/bagon/shared/imagenet512/val/n03160309/ILSVRC2012_val_00025103.JPEG,428,118.1801643371582,0.000934600830078125,0.03496422598231174,0.824053241326363,0.10501890426789848,28077,0.9974559470410541
310,/home/projects/bagon/shared/imagenet512/val/n02797295/ILSVRC2012_val_00034697.JPEG,292,24.838211059570312,0.00090789794921875,0.023940925300933353,0.42636057863760385,0.03080805248522491,28085,0.9975903353277354
311,/home/projects/bagon/shared/imagenet512/val/n03188531/ILSVRC2012_val_00036101.JPEG,699,326.17219161987305,0.000942230224609375,0.05262801328413687,0.9477503020156636,0.0776238367166196,28103,0.9923947889338478
312,/home/projects/bagon/shared/imagenet512/val/n02117135/ILSVRC2012_val_00011000.JPEG,470,26.886566162109375,0.00099945068359375,0.03272226308979376,0.3719049117628037,0.07086243456569567,28142,0.9971934434307745
313,/home/projects/bagon/shared/imagenet512/val/n02106662/ILSVRC2012_val_00031857.JPEG,536,39.534820556640625,0.00096893310546875,0.03626694057730021,0.4520861344212162,0.060143730924959185,28147,0.9965200929800044
314,/home/projects/bagon/shared/imagenet512/val/n04336792/ILSVRC2012_val_00039228.JPEG,376,72.03913497924805,0.000926971435546875,0.029934945010241007,0.7413765778206283,0.1331047547094229,28182,0.9973602168512747
315,/home/projects/bagon/shared/imagenet512/val/n02105855/ILSVRC2012_val_00048650.JPEG,886,1393.9900512695312,0.00095367431640625,0.05798457909591829,0.9994277873605779,0.2522225106395722,28226,0.9848522941897878
316,/home/projects/bagon/shared/imagenet512/val/n03666591/ILSVRC2012_val_00005804.JPEG,428,93.11196899414062,0.0009918212890625,0.03318813422062048,0.7897049565854474,0.04908659138424635,28247,0.9959250023684041
317,/home/projects/bagon/shared/imagenet512/val/n07932039/ILSVRC2012_val_00015882.JPEG,438,53.18665313720703,0.00099945068359375,0.03416786909188872,0.5845183211493999,0.06891605152285192,28255,0.9984081593113692
318,/home/projects/bagon/shared/imagenet512/val/n02910353/ILSVRC2012_val_00001077.JPEG,639,97.90108489990234,0.0009918212890625,0.04490463070598483,0.7078329075636849,0.09075983313985646,28256,0.9964174970546131
319,/home/projects/bagon/shared/imagenet512/val/n02099712/ILSVRC2012_val_00027373.JPEG,855,121.5595817565918,0.000926971435546875,0.04724187321037363,0.8180059786500923,0.377479275384405,28287,0.9947713731745765
320,/home/projects/bagon/shared/imagenet512/val/n03792972/ILSVRC2012_val_00005115.JPEG,341,17.498268127441406,0.0009918212890625,0.02543441602259643,0.3115449478067915,0.06320978507469305,28290,0.9985296003068174
321,/home/projects/bagon/shared/imagenet512/val/n01773797/ILSVRC2012_val_00003182.JPEG,1084,108.18355941772461,0.000972747802734375,0.06291213669289773,0.6198288496368106,0.30874301461646425,28300,0.9952251183539138
322,/home/projects/bagon/shared/imagenet512/val/n02119789/ILSVRC2012_val_00030573.JPEG,864,145.70904922485352,0.000972747802734375,0.05362621541001915,0.8242346161517967,0.1632906523457223,28303,0.9922622519416378
323,/home/projects/bagon/shared/imagenet512/val/n02093647/ILSVRC2012_val_00033215.JPEG,395,120.0069580078125,0.0009918212890625,0.032415128389545696,0.8723967026953755,0.1760618416964717,28374,0.9949847751265638
324,/home/projects/bagon/shared/imagenet512/val/n03250847/ILSVRC2012_val_00004388.JPEG,524,40.79805374145508,0.000972747802734375,0.03525534175160319,0.49949804945335663,0.08329752827442477,28377,0.996408622335905
325,/home/projects/bagon/shared/imagenet512/val/n04204347/ILSVRC2012_val_00039778.JPEG,476,478.48155975341797,0.00095367431640625,0.038643379342295496,0.9936815576927803,0.07757920952975539,28392,0.9958789811900856
326,/home/projects/bagon/shared/imagenet512/val/n02500267/ILSVRC2012_val_00001025.JPEG,625,133.05125427246094,0.00099945068359375,0.04558293135916917,0.8036536832523349,0.029397479467428447,28406,0.995691109694083
327,/home/projects/bagon/shared/imagenet512/val/n02786058/ILSVRC2012_val_00038503.JPEG,331,228.63833236694336,0.000904083251953125,0.02877305211241697,0.9774650806527703,0.07653713117604159,28411,0.9979494991371969
328,/home/projects/bagon/shared/imagenet512/val/n04116512/ILSVRC2012_val_00035010.JPEG,741,221.81795120239258,0.000911712646484375,0.05162956115617589,0.8994257242674635,0.22900324722502147,28500,0.9901365067645911
329,/home/projects/bagon/shared/imagenet512/val/n03445777/ILSVRC2012_val_00043745.JPEG,185,41.551780700683594,0.00090789794921875,0.016953863092952555,0.7686571483496212,0.02140169302045486,28503,0.9990173545619572
330,/home/projects/bagon/shared/imagenet512/val/n04041544/ILSVRC2012_val_00029014.JPEG,822,95.42485809326172,0.00095367431640625,0.05028863775305045,0.6578697278374752,0.26180260892014756,28504,0.9931034853147147
331,/home/projects/bagon/shared/imagenet512/val/n01945685/ILSVRC2012_val_00001746.JPEG,411,121.01265716552734,0.00099945068359375,0.0321671813076144,0.8799376933167227,0.09591507887033722,28513,0.9949982569978336
332,/home/projects/bagon/shared/imagenet512/val/n04540053/ILSVRC2012_val_00047763.JPEG,261,7.155860900878906,0.00098419189453125,0.019673306705945286,0.1635105003397342,0.14822398709809764,28521,0.9987377138266502
333,/home/projects/bagon/shared/imagenet512/val/n01877812/ILSVRC2012_val_00043942.JPEG,290,14.737335205078125,0.00099945068359375,0.022377976716664756,0.3210597495528382,0.10130923201306541,28544,0.9977489707384227
334,/home/projects/bagon/shared/imagenet512/val/n03188531/ILSVRC2012_val_00039191.JPEG,700,139.80445861816406,0.00092315673828125,0.04687411272142697,0.8299601230982907,0.12784933503173118,28610,0.9925790329305552
335,/home/projects/bagon/shared/imagenet512/val/n03599486/ILSVRC2012_val_00044410.JPEG,460,180.71692276000977,0.000942230224609375,0.03710187435640197,0.9196347631370912,0.2156656483567837,28623,0.9938034261117407
336,/home/projects/bagon/shared/imagenet512/val/n07697537/ILSVRC2012_val_00000129.JPEG,281,6.07379150390625,0.00099945068359375,0.020416720686094205,0.12973416512818386,0.030343636781139504,28630,0.9986804275538467
337,/home/projects/bagon/shared/imagenet512/val/n02966687/ILSVRC2012_val_00046355.JPEG,428,47.42647933959961,0.000919342041015625,0.030395066173099394,0.6094259136813964,0.0766952084196128,28657,0.9967849262104411
338,/home/projects/bagon/shared/imagenet512/val/n03109150/ILSVRC2012_val_00010680.JPEG,508,91.99931335449219,0.00089263916015625,0.037822291160569434,0.7449200022586377,0.11349978937149002,28711,0.9962088252575401
339,/home/projects/bagon/shared/imagenet512/val/n02708093/ILSVRC2012_val_00038960.JPEG,1032,58.628623962402344,0.0009307861328125,0.05815836399590086,0.4078317087241561,0.04722539817486424,28718,0.9969044910804885
340,/home/projects/bagon/shared/imagenet512/val/n01950731/ILSVRC2012_val_00003733.JPEG,465,117.8560905456543,0.000934600830078125,0.037062337445352436,0.8248518340654114,0.07550434133806258,28787,0.9937704937431346
341,/home/projects/bagon/shared/imagenet512/val/n07875152/ILSVRC2012_val_00015634.JPEG,380,71.33216857910156,0.00098419189453125,0.03094716636322151,0.7062044431588762,0.0508539078094919,28789,0.9962924231308821
342,/home/projects/bagon/shared/imagenet512/val/n02423022/ILSVRC2012_val_00030609.JPEG,689,96.2809829711914,0.0009918212890625,0.04682753291983238,0.68602203373133,0.17400052643796554,28833,0.9937034648268948
343,/home/projects/bagon/shared/imagenet512/val/n03498962/ILSVRC2012_val_00023600.JPEG,725,411.34228515625,0.0009765625,0.05270387903824771,0.9771912543662029,0.27434998374152697,28851,0.9942979153666421
344,/home/projects/bagon/shared/imagenet512/val/n03777754/ILSVRC2012_val_00006412.JPEG,874,279.9535102844238,0.000942230224609375,0.056088192831574145,0.9411677370830498,0.19570682679339393,28854,0.9947099872583703
345,/home/projects/bagon/shared/imagenet512/val/n01984695/ILSVRC2012_val_00037902.JPEG,559,92.79832458496094,0.000946044921875,0.03760646605615894,0.7888179249970841,0.09806958075685432,28855,0.9963589547707519
346,/home/projects/bagon/shared/imagenet512/val/n07714571/ILSVRC2012_val_00028051.JPEG,538,127.52274703979492,0.000949859619140625,0.033757686415241635,0.8868759671412325,0.08167115247440664,28876,0.9946750075351127
347,/home/projects/bagon/shared/imagenet512/val/n04238763/ILSVRC2012_val_00013058.JPEG,464,213.82024002075195,0.000904083251953125,0.03857402955881978,0.9422826626636275,0.2207990656262377,28883,0.9964803019466324
348,/home/projects/bagon/shared/imagenet512/val/n04404412/ILSVRC2012_val_00035390.JPEG,848,198.20851516723633,0.000911712646484375,0.054952586716778835,0.8810611462805805,0.3538388674735824,28888,0.9917479950168626
349,/home/projects/bagon/shared/imagenet512/val/n02977058/ILSVRC2012_val_00010658.JPEG,261,5.322074890136719,0.00099945068359375,0.01961138264488473,0.11448437451203297,0.10551459597138141,28900,0.9992678766174496
350,/home/projects/bagon/shared/imagenet512/val/n04235860/ILSVRC2012_val_00029314.JPEG,353,105.0152587890625,0.00098419189453125,0.029402260931625155,0.8524856678386249,0.1240172440646789,28901,0.9966502798106178
351,/home/projects/bagon/shared/imagenet512/val/n02834397/ILSVRC2012_val_00019315.JPEG,330,40.96029281616211,0.000926971435546875,0.025837198718271285,0.6235041694112642,0.09166683847503987,28915,0.9984771894460083
352,/home/projects/bagon/shared/imagenet512/val/n02112350/ILSVRC2012_val_00035417.JPEG,484,322.1959686279297,0.0009765625,0.03998524187081601,0.971013937240044,0.052583436593027125,28921,0.9934173413868014
353,/home/projects/bagon/shared/imagenet512/val/n04120489/ILSVRC2012_val_00004532.JPEG,415,116.2927131652832,0.000926971435546875,0.03306592853422513,0.8714928869042957,0.09303566452975066,28923,0.9959337093228483
354,/home/projects/bagon/shared/imagenet512/val/n01494475/ILSVRC2012_val_00036479.JPEG,581,206.2699203491211,0.0009765625,0.044614482011478926,0.9120756567158614,0.07826251676115184,28990,0.9962004738724777
355,/home/projects/bagon/shared/imagenet512/val/n02514041/ILSVRC2012_val_00045795.JPEG,670,243.8202247619629,0.000972747802734375,0.049663718639640614,0.9055811556830652,0.08272821506535091,28993,0.9929940764599127
356,/home/projects/bagon/shared/imagenet512/val/n01729977/ILSVRC2012_val_00026583.JPEG,991,199.98318481445312,0.0009765625,0.06357966132080353,0.8025180353070498,0.09722765267484465,28999,0.982058757242073
357,/home/projects/bagon/shared/imagenet512/val/n02099429/ILSVRC2012_val_00027322.JPEG,353,10.943321228027344,0.0009613037109375,0.024055712085047365,0.2191924627177767,0.07632009651012366,29038,0.9974317389834287
358,/home/projects/bagon/shared/imagenet512/val/n02102973/ILSVRC2012_val_00038848.JPEG,503,74.02901840209961,0.000965118408203125,0.03286959675430555,0.8012380444029598,0.3591733221046821,29043,0.9960627084807496
359,/home/projects/bagon/shared/imagenet512/val/n03902125/ILSVRC2012_val_00029291.JPEG,787,913.7586669921875,0.00098419189453125,0.060680930149718086,0.996726739586633,0.12426149078296192,29066,0.99334938199977
360,/home/projects/bagon/shared/imagenet512/val/n03991062/ILSVRC2012_val_00048852.JPEG,551,157.98182678222656,0.0009918212890625,0.04319776097072527,0.8578880911812125,0.05778810693350275,29070,0.9962863787067443
361,/home/projects/bagon/shared/imagenet512/val/n04482393/ILSVRC2012_val_00005167.JPEG,562,115.40811920166016,0.00099945068359375,0.04089615502751503,0.8166346842286113,0.08752525642926413,29121,0.9976109070210171
362,/home/projects/bagon/shared/imagenet512/val/n01694178/ILSVRC2012_val_00040104.JPEG,384,34.03233337402344,0.00099945068359375,0.030137310220025557,0.45797127651669833,0.07523103382302705,29166,0.9985236354174764
363,/home/projects/bagon/shared/imagenet512/val/n02028035/ILSVRC2012_val_00010037.JPEG,639,425.26630783081055,0.000942230224609375,0.05031078902627781,0.978257044157957,0.13083156940233875,29221,0.9952888234175988
364,/home/projects/bagon/shared/imagenet512/val/n03476991/ILSVRC2012_val_00005670.JPEG,663,201.71752166748047,0.00098419189453125,0.047917842716261844,0.8997797352041794,0.1356138504195542,29225,0.9934964097165373
365,/home/projects/bagon/shared/imagenet512/val/n01669191/ILSVRC2012_val_00004834.JPEG,693,138.35203552246094,0.00099945068359375,0.04635311036186605,0.8059751736200649,0.20383312837230105,29241,0.9887126560429919
366,/home/projects/bagon/shared/imagenet512/val/n03775071/ILSVRC2012_val_00045882.JPEG,406,8.324974060058594,0.00098419189453125,0.026556685156699636,0.13065629212215882,0.12275254362052804,29265,0.9987572657720599
367,/home/projects/bagon/shared/imagenet512/val/n03498962/ILSVRC2012_val_00028576.JPEG,530,67.10547637939453,0.00099945068359375,0.038750800989270764,0.6092091969948498,0.08679720529719259,29318,0.9972246585224405
368,/home/projects/bagon/shared/imagenet512/val/n03532672/ILSVRC2012_val_00019398.JPEG,676,120.43317413330078,0.00099945068359375,0.04915327442969399,0.711944086893106,0.10533668680502246,29321,0.9955137551308739
369,/home/projects/bagon/shared/imagenet512/val/n04456115/ILSVRC2012_val_00003713.JPEG,376,113.84650421142578,0.00099945068359375,0.03171497140783969,0.8538305491820495,0.10324964455525582,29329,0.9977222426554205
370,/home/projects/bagon/shared/imagenet512/val/n04591713/ILSVRC2012_val_00043394.JPEG,611,58.78862762451172,0.0009613037109375,0.03686897073504159,0.6739108517047846,0.08355213797167675,29395,0.9970672028026094
371,/home/projects/bagon/shared/imagenet512/val/n07565083/ILSVRC2012_val_00039739.JPEG,521,204.11888885498047,0.00099945068359375,0.042600804906697765,0.907472577145155,0.03364854923685295,29417,0.9946960651308594
372,/home/projects/bagon/shared/imagenet512/val/n03938244/ILSVRC2012_val_00025885.JPEG,490,122.70320892333984,0.0009918212890625,0.037606693349335946,0.8463934182535,0.07762727375028328,29432,0.9949539798257131
373,/home/projects/bagon/shared/imagenet512/val/n02607072/ILSVRC2012_val_00017683.JPEG,566,202.99031829833984,0.0009918212890625,0.03701007580624319,0.9605867659423405,0.23766275196277775,29467,0.9960677874986117
374,/home/projects/bagon/shared/imagenet512/val/n03854065/ILSVRC2012_val_00048283.JPEG,349,239.96383666992188,0.00095367431640625,0.03145011125906423,0.9660374062161459,0.046790314812044986,29475,0.9971520135089703
375,/home/projects/bagon/shared/imagenet512/val/n01855032/ILSVRC2012_val_00027070.JPEG,277,9.125717163085938,0.000946044921875,0.021182833946587074,0.19013685301211342,0.10420471785502503,29487,0.9978298588056941
376,/home/projects/bagon/shared/imagenet512/val/n02364673/ILSVRC2012_val_00006685.JPEG,347,22.006446838378906,0.0009765625,0.026337862971511396,0.3805502711562939,0.07139069842195542,29494,0.9985724063127677
377,/home/projects/bagon/shared/imagenet512/val/n03127925/ILSVRC2012_val_00007784.JPEG,891,478.1089096069336,0.00095367431640625,0.0639358137981259,0.9675828894918144,0.08243203094069007,29501,0.9906895555247237
378,/home/projects/bagon/shared/imagenet512/val/n04542943/ILSVRC2012_val_00049359.JPEG,487,411.21541595458984,0.00099945068359375,0.04243480651383772,0.9840073796457061,0.10733116582552288,29505,0.9963058296653469
379,/home/projects/bagon/shared/imagenet512/val/n07742313/ILSVRC2012_val_00019453.JPEG,292,24.911338806152344,0.00095367431640625,0.023190112413965493,0.46541803672278453,0.14863093575013386,29508,0.9985727611301282
380,/home/projects/bagon/shared/imagenet512/val/n02096294/ILSVRC2012_val_00013756.JPEG,586,10.152217864990234,0.000957489013671875,0.031347580348086705,0.14430995901236518,0.1781890107833988,29519,0.997919950852061
381,/home/projects/bagon/shared/imagenet512/val/n03661043/ILSVRC2012_val_00047573.JPEG,729,659.4871215820312,0.00099945068359375,0.056242095593072916,0.9878830170571603,0.05362332800862367,29555,0.9893989373563641
382,/home/projects/bagon/shared/imagenet512/val/n02442845/ILSVRC2012_val_00028458.JPEG,664,280.8411674499512,0.000972747802734375,0.04307221178136431,0.9766438860385076,0.16556724852358515,29556,0.9911130141112143
383,/home/projects/bagon/shared/imagenet512/val/n07871810/ILSVRC2012_val_00014713.JPEG,693,433.4183044433594,0.0009307861328125,0.05414024185508019,0.9678974968858897,0.16419038204502806,29569,0.9896428514656245
384,/home/projects/bagon/shared/imagenet512/val/n07875152/ILSVRC2012_val_00034100.JPEG,325,17.205013275146484,0.000926971435546875,0.024039354785612366,0.3413895801918903,0.0864916325519684,29570,0.9985783527359288
385,/home/projects/bagon/shared/imagenet512/val/n04252077/ILSVRC2012_val_00032733.JPEG,472,495.0372848510742,0.0009765625,0.04038132931767708,0.9942029881008791,0.15807315229330648,29586,0.9964848671912035
386,/home/projects/bagon/shared/imagenet512/val/n02397096/ILSVRC2012_val_00034205.JPEG,343,175.52112579345703,0.0009765625,0.02832213230150207,0.9580072693169517,0.17779777132487012,29659,0.9950552517710285
387,/home/projects/bagon/shared/imagenet512/val/n04201297/ILSVRC2012_val_00003497.JPEG,447,66.33772277832031,0.0009002685546875,0.034643669423431056,0.6463518374147534,0.10711014049510706,29704,0.9962751073615755
388,/home/projects/bagon/shared/imagenet512/val/n02808440/ILSVRC2012_val_00018670.JPEG,1113,101.82524871826172,0.00099945068359375,0.055653920519435185,0.7421916493964467,0.14308446945230632,29712,0.9913351086597999
389,/home/projects/bagon/shared/imagenet512/val/n02098105/ILSVRC2012_val_00010624.JPEG,429,25.093521118164062,0.00099945068359375,0.031310081534441224,0.34756304371067925,0.23221911752847324,29718,0.9974733716609624
390,/home/projects/bagon/shared/imagenet512/val/n04258138/ILSVRC2012_val_00002606.JPEG,381,225.95055770874023,0.000942230224609375,0.03255499162771754,0.9695398329266894,0.04360857363129958,29727,0.9958498704665995
391,/home/projects/bagon/shared/imagenet512/val/n04389033/ILSVRC2012_val_00020377.JPEG,844,77.21231842041016,0.0009765625,0.04899858170375347,0.6142096821083608,0.28006426800495826,29730,0.9938394942565889
392,/home/projects/bagon/shared/imagenet512/val/n04483307/ILSVRC2012_val_00043834.JPEG,734,77.85773086547852,0.000934600830078125,0.049330143892613684,0.5762755139763562,0.1474762626700481,29756,0.9944783494956884
393,/home/projects/bagon/shared/imagenet512/val/n03188531/ILSVRC2012_val_00017183.JPEG,570,129.9983253479004,0.000965118408203125,0.04170715102996299,0.8330182471750327,0.08635624615077096,29775,0.9957462191301417
394,/home/projects/bagon/shared/imagenet512/val/n03467068/ILSVRC2012_val_00039679.JPEG,197,3.1150779724121094,0.000949859619140625,0.01569773267371916,0.0782809303190938,0.041245740336643986,29782,0.9995149926454135
395,/home/projects/bagon/shared/imagenet512/val/n02100877/ILSVRC2012_val_00025835.JPEG,425,35.88835144042969,0.00098419189453125,0.03170302703832331,0.4724113588881287,0.08425367829199551,29813,0.9962362510125764
396,/home/projects/bagon/shared/imagenet512/val/n02105855/ILSVRC2012_val_00045056.JPEG,831,144.3098030090332,0.000942230224609375,0.05101191556683597,0.8182473727995504,0.10982351503852106,29854,0.99165830995208
397,/home/projects/bagon/shared/imagenet512/val/n02795169/ILSVRC2012_val_00006525.JPEG,151,11.45343017578125,0.00099945068359375,0.013752579794303716,0.381104149816338,0.019964597256173618,29856,0.9995921734405007
398,/home/projects/bagon/shared/imagenet512/val/n01537544/ILSVRC2012_val_00011646.JPEG,562,157.75910186767578,0.00093841552734375,0.04004689274197349,0.9150748797888645,0.16007053823827816,29875,0.9964879232434789
399,/home/projects/bagon/shared/imagenet512/val/n04429376/ILSVRC2012_val_00045464.JPEG,378,87.65868377685547,0.00098419189453125,0.03195244079499447,0.768907557334663,0.011367338162781035,29878,0.9982443426072507
400,/home/projects/bagon/shared/imagenet512/val/n02951585/ILSVRC2012_val_00031819.JPEG,619,88.58056640625,0.00099945068359375,0.0429832582506159,0.7138264021516987,0.16207792231169396,29889,0.9962323173424491
401,/home/projects/bagon/shared/imagenet512/val/n01728572/ILSVRC2012_val_00018775.JPEG,806,260.0767364501953,0.00098419189453125,0.05814497859211436,0.8834965515172881,0.09039440897266682,29890,0.9917212578194792
402,/home/projects/bagon/shared/imagenet512/val/n01742172/ILSVRC2012_val_00020401.JPEG,554,105.59272003173828,0.0009918212890625,0.040228907623238455,0.790206905925777,0.062051592161580196,29893,0.9957422817994064
403,/home/projects/bagon/shared/imagenet512/val/n03496892/ILSVRC2012_val_00015968.JPEG,519,15.698936462402344,0.0009613037109375,0.032063641146940165,0.21780097258527054,0.09677991009324527,29903,0.9975043942224394
404,/home/projects/bagon/shared/imagenet512/val/n02113712/ILSVRC2012_val_00010575.JPEG,1200,40.04224395751953,0.00098419189453125,0.06013124448712065,0.2768692263834316,0.17462590983088852,29909,0.9933889907818058
405,/home/projects/bagon/shared/imagenet512/val/n02090721/ILSVRC2012_val_00031545.JPEG,568,34.32115936279297,0.00098419189453125,0.037968255743938785,0.3748050223610827,0.1401993346183268,29919,0.9953086521254337
406,/home/projects/bagon/shared/imagenet512/val/n02097474/ILSVRC2012_val_00039144.JPEG,904,236.62098693847656,0.0009613037109375,0.0568407787238424,0.9027227698833414,0.07780790707140559,29952,0.9916019572035344
407,/home/projects/bagon/shared/imagenet512/val/n04461696/ILSVRC2012_val_00027593.JPEG,626,526.5229797363281,0.00098419189453125,0.049261409199449484,0.9901798700771622,0.07469483532879884,29953,0.9941472570411302
408,/home/projects/bagon/shared/imagenet512/val/n02093754/ILSVRC2012_val_00027082.JPEG,410,20.556983947753906,0.00099945068359375,0.027388942075486988,0.3889493632638594,0.21912827201185028,29954,0.9975493693710055
409,/home/projects/bagon/shared/imagenet512/val/n02099601/ILSVRC2012_val_00010298.JPEG,780,148.63457489013672,0.000946044921875,0.04632409989976768,0.8668885103270656,0.29107715704035847,29955,0.9821268372365323
410,/home/projects/bagon/shared/imagenet512/val/n02786058/ILSVRC2012_val_00010473.JPEG,627,404.845458984375,0.0009918212890625,0.04885557198084112,0.9793566532874677,0.04218649749267445,29962,0.9917931019676708
411,/home/projects/bagon/shared/imagenet512/val/n04330267/ILSVRC2012_val_00030182.JPEG,710,222.05252075195312,0.00099945068359375,0.05329385948045166,0.8793521042503879,0.0908206365436353,29968,0.9953580116894698
412,/home/projects/bagon/shared/imagenet512/val/n02113712/ILSVRC2012_val_00047119.JPEG,1535,472.26866149902344,0.0009918212890625,0.08287527894314442,0.9692414125149419,0.10439157236958833,29971,0.9872040188238235
413,/home/projects/bagon/shared/imagenet512/val/n02112137/ILSVRC2012_val_00035436.JPEG,387,63.235198974609375,0.00099945068359375,0.02922905516018613,0.7496844982089655,0.058588717789572954,29987,0.9968818416165794
414,/home/projects/bagon/shared/imagenet512/val/n04265275/ILSVRC2012_val_00004382.JPEG,447,33.607295989990234,0.000972747802734375,0.031255103889871155,0.5188565074771465,0.07464473628822116,29989,0.9977920793998607
415,/home/projects/bagon/shared/imagenet512/val/n02074367/ILSVRC2012_val_00023213.JPEG,292,14.568977355957031,0.0009918212890625,0.02288376822221737,0.3075669417002968,0.10524548123386196,30005,0.9983230542856497
416,/home/projects/bagon/shared/imagenet512/val/n02112706/ILSVRC2012_val_00028642.JPEG,483,148.75435638427734,0.00092315673828125,0.03509137333991953,0.9228827803173565,0.17429427122758012,30056,0.9950783776049059
417,/home/projects/bagon/shared/imagenet512/val/n02939185/ILSVRC2012_val_00008625.JPEG,486,142.87589263916016,0.00096893310546875,0.03774996634135307,0.8644997109369255,0.10806839231497406,30100,0.9953234938676047
418,/home/projects/bagon/shared/imagenet512/val/n02106166/ILSVRC2012_val_00048578.JPEG,1158,153.7602767944336,0.00096893310546875,0.06337495199810347,0.7954392144602067,0.3362420734180358,30121,0.9919183638294226
419,/home/projects/bagon/shared/imagenet512/val/n01687978/ILSVRC2012_val_00029055.JPEG,548,213.05474090576172,0.00099945068359375,0.0406214941278778,0.9478651401497217,0.13030441132804332,30141,0.9968214526384103
420,/home/projects/bagon/shared/imagenet512/val/n02783161/ILSVRC2012_val_00036962.JPEG,644,72.72655487060547,0.00098419189453125,0.04298120920207344,0.6210907218209776,0.18737500479106273,30146,0.9962990328143632
421,/home/projects/bagon/shared/imagenet512/val/n03594945/ILSVRC2012_val_00044834.JPEG,446,229.19145965576172,0.00092315673828125,0.03625378584842846,0.9630886714240556,0.05652714652042554,30152,0.995941745904705
422,/home/projects/bagon/shared/imagenet512/val/n02231487/ILSVRC2012_val_00039948.JPEG,473,276.3010787963867,0.00098419189453125,0.03807686013080256,0.9659862552186707,0.17525930280279317,30160,0.9948746767196414
423,/home/projects/bagon/shared/imagenet512/val/n04509417/ILSVRC2012_val_00045158.JPEG,340,8.682403564453125,0.00098419189453125,0.02388254843976176,0.16999305674903567,0.06624419553353636,30178,0.9978152217846423
424,/home/projects/bagon/shared/imagenet512/val/n04467665/ILSVRC2012_val_00001797.JPEG,476,6.785163879394531,0.00099945068359375,0.028340033383514936,0.09405435020764696,0.14832208786743784,30227,0.9984099264070257
425,/home/projects/bagon/shared/imagenet512/val/n02101556/ILSVRC2012_val_00012928.JPEG,494,24.136310577392578,0.000965118408203125,0.03249352816684629,0.3470268028192012,0.037250989199259815,30241,0.9973715290395778
426,/home/projects/bagon/shared/imagenet512/val/n01677366/ILSVRC2012_val_00018450.JPEG,224,15.086231231689453,0.000926971435546875,0.017846735821591683,0.420368215207351,0.019125188994220277,30260,0.9992243967184893
427,/home/projects/bagon/shared/imagenet512/val/n01914609/ILSVRC2012_val_00037668.JPEG,559,90.96207809448242,0.000957489013671875,0.03735270379324162,0.7771623363610008,0.1206144691893404,30292,0.9895758569810621
428,/home/projects/bagon/shared/imagenet512/val/n03400231/ILSVRC2012_val_00015489.JPEG,494,193.81518173217773,0.000926971435546875,0.03925221098307797,0.9234748439140493,0.04980782581025416,30307,0.9969111650739579
429,/home/projects/bagon/shared/imagenet512/val/n02747177/ILSVRC2012_val_00004924.JPEG,863,343.3890800476074,0.000942230224609375,0.06075586270345291,0.9407974205989915,0.06664533467340408,30326,0.993404715385477
430,/home/projects/bagon/shared/imagenet512/val/n03763968/ILSVRC2012_val_00009230.JPEG,599,147.4913330078125,0.00098419189453125,0.04354733164167786,0.8686650893735898,0.1818531136693803,30337,0.9961329253342192
431,/home/projects/bagon/shared/imagenet512/val/n04209239/ILSVRC2012_val_00026601.JPEG,261,6.921474456787109,0.000972747802734375,0.019695547793437115,0.1609724954983639,0.0794664268678407,30345,0.9983536085518195
432,/home/projects/bagon/shared/imagenet512/val/n07875152/ILSVRC2012_val_00048823.JPEG,384,64.40484237670898,0.000965118408203125,0.03037775043192226,0.7146587555379249,0.08031803538529848,30414,0.9976845553623979
433,/home/projects/bagon/shared/imagenet512/val/n04557648/ILSVRC2012_val_00012525.JPEG,520,332.51684951782227,0.000965118408203125,0.039147185671156534,0.9840505011810182,0.19983967991149945,30487,0.9936361637303555
434,/home/projects/bagon/shared/imagenet512/val/n02096437/ILSVRC2012_val_00005365.JPEG,408,45.197601318359375,0.0009613037109375,0.031175563899113027,0.5646366767131208,0.11343821830027964,30490,0.995438149889158
435,/home/projects/bagon/shared/imagenet512/val/n02481823/ILSVRC2012_val_00049902.JPEG,453,137.46073150634766,0.00099945068359375,0.03669574463306351,0.8702671107279277,0.08294622443805542,30497,0.9928950414846323
436,/home/projects/bagon/shared/imagenet512/val/n03187595/ILSVRC2012_val_00021651.JPEG,543,442.8739204406738,0.000926971435546875,0.043743453553197066,0.9881322153581802,0.16791148901106653,30506,0.9949277458826645
437,/home/projects/bagon/shared/imagenet512/val/n03388183/ILSVRC2012_val_00030495.JPEG,470,27.981788635253906,0.0009918212890625,0.03290513884740217,0.3836378007593003,0.0999900136647229,30507,0.9965713406303884
438,/home/projects/bagon/shared/imagenet512/val/n02102973/ILSVRC2012_val_00047150.JPEG,569,91.29750061035156,0.00099945068359375,0.03775139614888531,0.7890365376730013,0.18610209888292245,30526,0.9960885006037332
439,/home/projects/bagon/shared/imagenet512/val/n02483362/ILSVRC2012_val_00046486.JPEG,352,45.38154602050781,0.00098419189453125,0.027610702652956374,0.628722291841655,0.12656814857111962,30533,0.9972225111041026
440,/home/projects/bagon/shared/imagenet512/val/n04376876/ILSVRC2012_val_00028876.JPEG,508,143.27392578125,0.00098419189453125,0.03958631768279792,0.8495554091034531,0.12199362111911355,30574,0.9944370761423103
441,/home/projects/bagon/shared/imagenet512/val/n04476259/ILSVRC2012_val_00048398.JPEG,773,877.5609931945801,0.000957489013671875,0.05716673937149379,0.9980721174241874,0.08446178287875357,30584,0.9896985158494005
442,/home/projects/bagon/shared/imagenet512/val/n04579432/ILSVRC2012_val_00016786.JPEG,517,68.87332916259766,0.00098419189453125,0.03570721993845704,0.7138978506305691,0.04933850935793266,30594,0.9972435485760045
443,/home/projects/bagon/shared/imagenet512/val/n07583066/ILSVRC2012_val_00040685.JPEG,435,207.68315505981445,0.000934600830078125,0.036165393494050325,0.9401208193084203,0.11690723966450328,30606,0.9953534907376673
444,/home/projects/bagon/shared/imagenet512/val/n02123394/ILSVRC2012_val_00001040.JPEG,340,14.809967041015625,0.00093841552734375,0.02291878467289892,0.3309763889411221,0.16015747208289685,30615,0.9979841725968339
445,/home/projects/bagon/shared/imagenet512/val/n04266014/ILSVRC2012_val_00029823.JPEG,433,468.37660217285156,0.00098419189453125,0.038134639218323975,0.9931819843216645,0.08216106963533558,30659,0.9961291766200818
446,/home/projects/bagon/shared/imagenet512/val/n07693725/ILSVRC2012_val_00033590.JPEG,436,106.3602294921875,0.0009918212890625,0.03493478478239004,0.8119724809309862,0.0254242643429008,30682,0.9977298749534229
447,/home/projects/bagon/shared/imagenet512/val/n02708093/ILSVRC2012_val_00026380.JPEG,1110,53.07990264892578,0.000946044921875,0.06012945150547349,0.3671191500491588,0.04369278380793683,30705,0.9956834706482101
448,/home/projects/bagon/shared/imagenet512/val/n02099267/ILSVRC2012_val_00040660.JPEG,654,72.5291519165039,0.0009613037109375,0.04035188532622431,0.6832939723034548,0.13201240191022767,30714,0.994293292936081
449,/home/projects/bagon/shared/imagenet512/val/n01770393/ILSVRC2012_val_00014126.JPEG,598,1106.454433441162,0.000949859619140625,0.048565863427149636,0.9991422657844594,0.021558404804394835,30747,0.9926105607567443
450,/home/projects/bagon/shared/imagenet512/val/n04317175/ILSVRC2012_val_00049946.JPEG,507,92.66254425048828,0.00099945068359375,0.03931280268159392,0.7299052356567295,0.054810389200781635,30749,0.9975057953567253
451,/home/projects/bagon/shared/imagenet512/val/n03255030/ILSVRC2012_val_00007949.JPEG,499,175.63690948486328,0.00099945068359375,0.03309774490456016,0.9525961142196296,0.184963174721254,30750,0.9974318988654766
452,/home/projects/bagon/shared/imagenet512/val/n02167151/ILSVRC2012_val_00005169.JPEG,682,61.959068298339844,0.00099945068359375,0.04345434416215413,0.5686978044468136,0.0542243540729206,30780,0.994771326913405
453,/home/projects/bagon/shared/imagenet512/val/n03062245/ILSVRC2012_val_00048215.JPEG,302,19.0472412109375,0.00099945068359375,0.02317873806256851,0.3607487306866179,0.06834526654071713,30783,0.9961157104864771
454,/home/projects/bagon/shared/imagenet512/val/n02124075/ILSVRC2012_val_00007023.JPEG,908,189.34900665283203,0.0009765625,0.06096531130326775,0.7923450879193359,0.17195716658894064,30820,0.9884941383308113
455,/home/projects/bagon/shared/imagenet512/val/n02093256/ILSVRC2012_val_00001844.JPEG,1070,108.74949645996094,0.00092315673828125,0.05993474618817375,0.6832505601916878,0.22642708643933632,30866,0.9949328974988014
456,/home/projects/bagon/shared/imagenet512/val/n03920288/ILSVRC2012_val_00010434.JPEG,689,1064.48978805542,0.000926971435546875,0.058491191867572706,0.9972306888920909,0.08456941912622555,30918,0.9897862662627923
457,/home/projects/bagon/shared/imagenet512/val/n04004767/ILSVRC2012_val_00037620.JPEG,816,309.03816986083984,0.0009918212890625,0.059535063862619905,0.9203420048909903,0.1279009353657047,30954,0.9933342154632694
458,/home/projects/bagon/shared/imagenet512/val/n04560804/ILSVRC2012_val_00031871.JPEG,985,66.82449340820312,0.00099945068359375,0.056249074854490044,0.4957887446712926,0.2126094760264798,30993,0.9925320372899367
459,/home/projects/bagon/shared/imagenet512/val/n07697313/ILSVRC2012_val_00032631.JPEG,181,12.030876159667969,0.00091552734375,0.016414619083747653,0.2947145663708369,0.06580850277669494,31001,0.9990594305586192
460,/home/projects/bagon/shared/imagenet512/val/n02667093/ILSVRC2012_val_00019640.JPEG,392,13.700572967529297,0.000957489013671875,0.027232718809273745,0.23586936129693895,0.10807388832186467,31012,0.9986099249779166
461,/home/projects/bagon/shared/imagenet512/val/n03223299/ILSVRC2012_val_00048302.JPEG,399,242.1002311706543,0.000919342041015625,0.03410993665394015,0.9542180921188759,0.18089438531315447,31050,0.9949975293668997
462,/home/projects/bagon/shared/imagenet512/val/n02481823/ILSVRC2012_val_00008256.JPEG,602,36.68609619140625,0.000946044921875,0.03925484948999682,0.40414249060995266,0.09839356986198457,31053,0.9962596712475597
463,/home/projects/bagon/shared/imagenet512/val/n01955084/ILSVRC2012_val_00041103.JPEG,419,97.94873428344727,0.000934600830078125,0.033483904687657,0.7991194567271124,0.09456900759026025,31067,0.9950558693989953
464,/home/projects/bagon/shared/imagenet512/val/n02017213/ILSVRC2012_val_00046080.JPEG,328,26.18695068359375,0.0009918212890625,0.02599054485624186,0.4163414648406255,0.08543392884975622,31082,0.9979335933435632
465,/home/projects/bagon/shared/imagenet512/val/n04372370/ILSVRC2012_val_00004380.JPEG,451,39.37651062011719,0.00098419189453125,0.03344603538715273,0.47152420218365976,0.030503395954844678,31142,0.9980387448324868
466,/home/projects/bagon/shared/imagenet512/val/n03777754/ILSVRC2012_val_00013337.JPEG,629,124.11582946777344,0.00093841552734375,0.04618411483394525,0.7621073297880488,0.10085629982803379,31145,0.9928882384109605
467,/home/projects/bagon/shared/imagenet512/val/n04326547/ILSVRC2012_val_00013931.JPEG,328,222.99002838134766,0.00099945068359375,0.028464150596653158,0.9778621045034719,0.06845037705573297,31160,0.9950016420993028
468,/home/projects/bagon/shared/imagenet512/val/n02488291/ILSVRC2012_val_00031939.JPEG,531,97.1418228149414,0.00099945068359375,0.0395632847527045,0.7618384114980822,0.043726073543200544,31161,0.996963070742723
469,/home/projects/bagon/shared/imagenet512/val/n02395406/ILSVRC2012_val_00012335.JPEG,448,70.04067993164062,0.0009307861328125,0.03330033230415355,0.6974786832675404,0.03805380775202601,31171,0.9968639468862838
470,/home/projects/bagon/shared/imagenet512/val/n03877472/ILSVRC2012_val_00030304.JPEG,607,482.1779022216797,0.00098419189453125,0.04965732900042973,0.9837181801030964,0.13946020895496647,31228,0.9935615700051031
471,/home/projects/bagon/shared/imagenet512/val/n04026417/ILSVRC2012_val_00004109.JPEG,841,120.23944854736328,0.00090789794921875,0.053450122566284126,0.7396243631175461,0.06912638610947018,31237,0.9973495981709634
472,/home/projects/bagon/shared/imagenet512/val/n01728920/ILSVRC2012_val_00041379.JPEG,914,769.584831237793,0.000946044921875,0.06712129600972826,0.9914552129926175,0.07815945842694347,31268,0.9806577577127492
473,/home/projects/bagon/shared/imagenet512/val/n03594734/ILSVRC2012_val_00009959.JPEG,554,133.71710968017578,0.00091552734375,0.039944329513727866,0.8645612500811675,0.04391895208319215,31284,0.995732143831202
474,/home/projects/bagon/shared/imagenet512/val/n03447447/ILSVRC2012_val_00036172.JPEG,179,1.5483436584472656,0.000926971435546875,0.013025110484825412,0.03913139964980813,0.05169570781128045,31288,0.9995119145975131
475,/home/projects/bagon/shared/imagenet512/val/n03602883/ILSVRC2012_val_00036241.JPEG,447,79.86372375488281,0.00099945068359375,0.03529795691355387,0.7254096863427629,0.07749590786598509,31304,0.9958501208900941
476,/home/projects/bagon/shared/imagenet512/val/n07716906/ILSVRC2012_val_00022678.JPEG,581,153.8491554260254,0.000972747802734375,0.04473332932309376,0.8380533070071848,0.07942582070398602,31321,0.9906381525377724
477,/home/projects/bagon/shared/imagenet512/val/n02100735/ILSVRC2012_val_00016108.JPEG,626,193.75961303710938,0.0009918212890625,0.04634540958013437,0.8856802854114888,0.14237073630727218,31364,0.9928444740223391
478,/home/projects/bagon/shared/imagenet512/val/n03770439/ILSVRC2012_val_00002702.JPEG,1004,402.7665557861328,0.0009765625,0.06667882810785045,0.9498256735461985,0.06665305330119456,31379,0.9915400681419532
479,/home/projects/bagon/shared/imagenet512/val/n01729322/ILSVRC2012_val_00038365.JPEG,552,61.917415618896484,0.000972747802734375,0.04001882934207006,0.5735280864421849,0.23128488690242932,31384,0.995946468870358
480,/home/projects/bagon/shared/imagenet512/val/n09193705/ILSVRC2012_val_00044456.JPEG,779,141.61070251464844,0.0009307861328125,0.054881913948950166,0.7411472824140999,0.0391937463706635,31387,0.9937326835662912
481,/home/projects/bagon/shared/imagenet512/val/n04162706/ILSVRC2012_val_00008838.JPEG,490,147.15033340454102,0.000926971435546875,0.038490957258637555,0.8766585240210694,0.12367029507275645,31405,0.9949094167655337
482,/home/projects/bagon/shared/imagenet512/val/n03786901/ILSVRC2012_val_00049573.JPEG,527,196.81000900268555,0.000926971435546875,0.03939245660432209,0.9443541671669559,0.18543705717528866,31425,0.9963084945134478
483,/home/projects/bagon/shared/imagenet512/val/n03843555/ILSVRC2012_val_00018020.JPEG,478,137.1728172302246,0.000957489013671875,0.03843873371805565,0.8518291448916538,0.07245099434639858,31437,0.9966192336132693
484,/home/projects/bagon/shared/imagenet512/val/n04336792/ILSVRC2012_val_00030144.JPEG,355,139.98630142211914,0.000949859619140625,0.030190569762992,0.9148700993870035,0.07091612027571453,31445,0.9968622849507229
485,/home/projects/bagon/shared/imagenet512/val/n03887697/ILSVRC2012_val_00016674.JPEG,846,172.37684631347656,0.00099945068359375,0.05189675487008001,0.8901430757580566,0.2803369849574606,31451,0.9947677360114158
486,/home/projects/bagon/shared/imagenet512/val/n03125729/ILSVRC2012_val_00018847.JPEG,958,247.6498565673828,0.0009918212890625,0.06312845976040672,0.8540723820157574,0.11715182108172198,31471,0.9913005942592109
487,/home/projects/bagon/shared/imagenet512/val/n01871265/ILSVRC2012_val_00021170.JPEG,987,132.80693817138672,0.00099945068359375,0.058552277009236826,0.7859361761014474,0.2618783049271244,31475,0.9923017290003959
488,/home/projects/bagon/shared/imagenet512/val/n04254120/ILSVRC2012_val_00031761.JPEG,521,241.4649200439453,0.00095367431640625,0.04049497676242265,0.9516284364743737,0.123893669058742,31501,0.9967596436080275
489,/home/projects/bagon/shared/imagenet512/val/n02056570/ILSVRC2012_val_00026749.JPEG,488,428.8423385620117,0.00099945068359375,0.04221829672637358,0.9847536997576241,0.036352220591065215,31505,0.9939359176119323
490,/home/projects/bagon/shared/imagenet512/val/n01692333/ILSVRC2012_val_00026296.JPEG,519,340.73923110961914,0.000942230224609375,0.04438565150074532,0.950224096046824,0.08673035121738026,31510,0.990600871684174
491,/home/projects/bagon/shared/imagenet512/val/n02091635/ILSVRC2012_val_00039569.JPEG,642,24.889984130859375,0.00098419189453125,0.037730056766004265,0.3070338578533148,0.11685006156517112,31546,0.9966831551480864
492,/home/projects/bagon/shared/imagenet512/val/n02536864/ILSVRC2012_val_00044563.JPEG,463,272.36875915527344,0.00099945068359375,0.037580836453706364,0.9744217108665701,0.2837679510471399,31572,0.9954039687039902
493,/home/projects/bagon/shared/imagenet512/val/n02841315/ILSVRC2012_val_00017620.JPEG,485,144.53155517578125,0.0009918212890625,0.03879493464314531,0.8695046570870666,0.06627204041158306,31576,0.9979540381942735
494,/home/projects/bagon/shared/imagenet512/val/n04081281/ILSVRC2012_val_00034128.JPEG,589,102.09391403198242,0.000942230224609375,0.04159073760898931,0.7613984077754771,0.1715027918307906,31578,0.9954303669457503
495,/home/projects/bagon/shared/imagenet512/val/n04442312/ILSVRC2012_val_00037548.JPEG,335,146.30280685424805,0.000965118408203125,0.02849643016573055,0.9378320114250391,0.10580457523836091,31600,0.9983709378011111
496,/home/projects/bagon/shared/imagenet512/val/n03594945/ILSVRC2012_val_00015187.JPEG,248,10.143993377685547,0.000957489013671875,0.02007821451233523,0.2302221331599049,0.02854976177515444,31605,0.9990650622418256
497,/home/projects/bagon/shared/imagenet512/val/n04476259/ILSVRC2012_val_00032312.JPEG,776,456.99437713623047,0.00096893310546875,0.058188674509251484,0.9734655431402549,0.06909573516620042,31608,0.9926886101758575
498,/home/projects/bagon/shared/imagenet512/val/n02099712/ILSVRC2012_val_00022606.JPEG,547,18.640193939208984,0.000942230224609375,0.03241583765097224,0.28048559287817953,0.12159671856872334,31618,0.997051835392923
499,/home/projects/bagon/shared/imagenet512/val/n02276258/ILSVRC2012_val_00001187.JPEG,430,160.4985122680664,0.00092315673828125,0.03340480466827237,0.9296720233847817,0.16040080570216753,31649,0.9954734510856773
500,/home/projects/bagon/shared/imagenet512/val/n02028035/ILSVRC2012_val_00029974.JPEG,496,312.9356346130371,0.000926971435546875,0.041832159835694535,0.9650025861768431,0.05628163639967889,31676,0.9951474793995775
501,/home/projects/bagon/shared/imagenet512/val/n02676566/ILSVRC2012_val_00021282.JPEG,359,6.622398376464844,0.00099945068359375,0.024393039006946945,0.11316785192343629,0.032336383753055864,31694,0.9988589575444946
502,/home/projects/bagon/shared/imagenet512/val/n03494278/ILSVRC2012_val_00045478.JPEG,512,212.09115600585938,0.00099945068359375,0.03823232170705023,0.9406050035215748,0.10220159663315301,31757,0.9971290115967114
503,/home/projects/bagon/shared/imagenet512/val/n02101556/ILSVRC2012_val_00023735.JPEG,501,174.7268524169922,0.00099945068359375,0.039912378378225616,0.8957415395718015,0.07881542656677654,31791,0.9965515359676279
504,/home/projects/bagon/shared/imagenet512/val/n01532829/ILSVRC2012_val_00011056.JPEG,377,185.79923248291016,0.0009918212890625,0.032488104128011876,0.9351071627216866,0.030557673134537024,31803,0.9966416705176679
505,/home/projects/bagon/shared/imagenet512/val/n02108551/ILSVRC2012_val_00012742.JPEG,640,96.43415832519531,0.0009918212890625,0.04407257152320477,0.6932759213079149,0.15265679834469104,31810,0.991068451173006
506,/home/projects/bagon/shared/imagenet512/val/n02108000/ILSVRC2012_val_00026161.JPEG,1117,276.7562942504883,0.00096893310546875,0.0710642979553823,0.8743518154837734,0.03794043094373861,31822,0.9903355196764324
507,/home/projects/bagon/shared/imagenet512/val/n02417914/ILSVRC2012_val_00004814.JPEG,521,367.57173919677734,0.00098419189453125,0.043138597671886166,0.9747221059513153,0.09660267394228314,31845,0.9911282216551381
508,/home/projects/bagon/shared/imagenet512/val/n02102480/ILSVRC2012_val_00030059.JPEG,527,143.03241729736328,0.00099945068359375,0.037979949618357794,0.8995857583326132,0.21968739645702612,31864,0.9944026260833947
509,/home/projects/bagon/shared/imagenet512/val/n04049303/ILSVRC2012_val_00019907.JPEG,608,10.862720489501953,0.000965118408203125,0.034048438606962085,0.13278048325299813,0.05855990638392301,31877,0.9964221609613219
510,/home/projects/bagon/shared/imagenet512/val/n02807133/ILSVRC2012_val_00024350.JPEG,438,105.8715591430664,0.00099945068359375,0.035893401908027006,0.8088940001240407,0.15520740970288324,31914,0.9987328033573385
511,/home/projects/bagon/shared/imagenet512/val/n07720875/ILSVRC2012_val_00027571.JPEG,371,62.80730056762695,0.000934600830078125,0.030031959837034106,0.6777693481284188,0.056949089748104156,31923,0.9956817186073152
512,/home/projects/bagon/shared/imagenet512/val/n03485794/ILSVRC2012_val_00005801.JPEG,461,169.802734375,0.000946044921875,0.03511885055396027,0.9303724437569849,0.041899015230666,31928,0.9976997750225199
513,/home/projects/bagon/shared/imagenet512/val/n02106662/ILSVRC2012_val_00022142.JPEG,595,84.25040435791016,0.0009765625,0.04101563741245699,0.6903475940227263,0.11669482258356614,31969,0.9966843297226768
514,/home/projects/bagon/shared/imagenet512/val/n02094433/ILSVRC2012_val_00027517.JPEG,953,159.45167541503906,0.0009307861328125,0.057932779320800036,0.7723742942133885,0.112789410133999,31993,0.99075536300327
515,/home/projects/bagon/shared/imagenet512/val/n01756291/ILSVRC2012_val_00047000.JPEG,1180,144.42523956298828,0.00095367431640625,0.07290076900102305,0.593098989023022,0.10549706358323033,31996,0.9889202260577205
516,/home/projects/bagon/shared/imagenet512/val/n04026417/ILSVRC2012_val_00011830.JPEG,1271,594.495719909668,0.00095367431640625,0.07090823758873534,0.9881669650865776,0.37112824839729697,32001,0.993175920459039
517,/home/projects/bagon/shared/imagenet512/val/n04023962/ILSVRC2012_val_00007919.JPEG,580,167.3333969116211,0.0009918212890625,0.0453944099009338,0.8446088108512935,0.14171417046956664,32009,0.9926377439711696
518,/home/projects/bagon/shared/imagenet512/val/n04447861/ILSVRC2012_val_00035684.JPEG,204,2.3144760131835938,0.0009613037109375,0.014940383454506058,0.05779497942665591,0.028580554249701365,32020,0.9990281089038971
519,/home/projects/bagon/shared/imagenet512/val/n03908618/ILSVRC2012_val_00040813.JPEG,620,105.37705993652344,0.0009765625,0.04231471670701782,0.7708097572553407,0.07220267681503147,32036,0.9946476224784204
520,/home/projects/bagon/shared/imagenet512/val/n03379051/ILSVRC2012_val_00047692.JPEG,539,223.32171630859375,0.00099945068359375,0.042106248388170356,0.944675366717537,0.09091658095539985,32051,0.9956732151770068
521,/home/projects/bagon/shared/imagenet512/val/n02804414/ILSVRC2012_val_00049212.JPEG,757,285.97763442993164,0.000972747802734375,0.056084042290321524,0.9197451865958148,0.04351330834009479,32056,0.9855838733011293
522,/home/projects/bagon/shared/imagenet512/val/n02086646/ILSVRC2012_val_00002150.JPEG,728,175.22271728515625,0.0009765625,0.04918684738031524,0.8811559832280005,0.13610485408335107,32063,0.9944072690960706
523,/home/projects/bagon/shared/imagenet512/val/n01873310/ILSVRC2012_val_00022372.JPEG,612,397.9270706176758,0.00099945068359375,0.04885058411792307,0.9768343380639622,0.13312997645824737,32070,0.9939673822210292
524,/home/projects/bagon/shared/imagenet512/val/n02672831/ILSVRC2012_val_00044113.JPEG,505,233.5530776977539,0.00099945068359375,0.039594074678710976,0.9560155617411074,0.0918196389102949,32077,0.9979573312728044
525,/home/projects/bagon/shared/imagenet512/val/n03788195/ILSVRC2012_val_00036274.JPEG,359,29.887657165527344,0.0009918212890625,0.027451601314171733,0.5118088970697349,0.0452087047947162,32090,0.9986586463693167
526,/home/projects/bagon/shared/imagenet512/val/n03888605/ILSVRC2012_val_00043818.JPEG,908,201.4383544921875,0.00099945068359375,0.059300476540128697,0.8151810189560155,0.17558059095333142,32124,0.9907994888456682
527,/home/projects/bagon/shared/imagenet512/val/n01530575/ILSVRC2012_val_00035540.JPEG,542,408.4513931274414,0.0009918212890625,0.04394776182078539,0.9855242408960889,0.03967422097675501,32129,0.9941008593278485
528,/home/projects/bagon/shared/imagenet512/val/n02787622/ILSVRC2012_val_00018667.JPEG,237,3.52508544921875,0.00099945068359375,0.017295780522549462,0.08646417701317838,0.08525644236677678,32135,0.999137308354745
529,/home/projects/bagon/shared/imagenet512/val/n04141975/ILSVRC2012_val_00043471.JPEG,549,182.4520149230957,0.000972747802734375,0.042770977715069276,0.8980273275466525,0.13573930596358902,32137,0.9948519470834525
530,/home/projects/bagon/shared/imagenet512/val/n02190166/ILSVRC2012_val_00040278.JPEG,613,662.1324920654297,0.00098419189453125,0.05135766314031108,0.9936665758333145,0.06616260795155873,32176,0.9949570501936797
531,/home/projects/bagon/shared/imagenet512/val/n01829413/ILSVRC2012_val_00023602.JPEG,550,190.52288436889648,0.000972747802734375,0.04372134659979575,0.8878259365822794,0.0898511053059281,32211,0.994583681005194
532,/home/projects/bagon/shared/imagenet512/val/n03938244/ILSVRC2012_val_00023366.JPEG,431,27.831527709960938,0.00099945068359375,0.02953834556598071,0.44891155103129543,0.09300871061288746,32236,0.9980970425401465
533,/home/projects/bagon/shared/imagenet512/val/n03272010/ILSVRC2012_val_00010371.JPEG,643,273.2992248535156,0.0009765625,0.04748350300469529,0.9462084124852672,0.1006112995393699,32242,0.9941804512982645
534,/home/projects/bagon/shared/imagenet512/val/n02607072/ILSVRC2012_val_00016825.JPEG,573,166.2696647644043,0.000949859619140625,0.04214551255929342,0.888019764785454,0.1217969134677199,32256,0.995557864368703
535,/home/projects/bagon/shared/imagenet512/val/n03777754/ILSVRC2012_val_00029002.JPEG,813,442.0981216430664,0.00095367431640625,0.060565662452774366,0.966213328082719,0.046818393927629987,32257,0.9930128345624601
536,/home/projects/bagon/shared/imagenet512/val/n03160309/ILSVRC2012_val_00016326.JPEG,381,61.656951904296875,0.0009918212890625,0.03154716783233949,0.637450507801661,0.09551003470654237,32314,0.9970601342159915
537,/home/projects/bagon/shared/imagenet512/val/n02412080/ILSVRC2012_val_00015868.JPEG,744,221.29767990112305,0.000926971435546875,0.053464624435708284,0.868181060032725,0.06207007439902398,32333,0.9870417353782314
538,/home/projects/bagon/shared/imagenet512/val/n07930864/ILSVRC2012_val_00049096.JPEG,1083,243.42278289794922,0.0009613037109375,0.061410361040414495,0.9055400903085424,0.23868211877150136,32362,0.9945404244833526
539,/home/projects/bagon/shared/imagenet512/val/n03483316/ILSVRC2012_val_00022014.JPEG,632,241.52825927734375,0.0009918212890625,0.04913813587701979,0.9051532723683489,0.202733990821528,32363,0.9919820760195468
540,/home/projects/bagon/shared/imagenet512/val/n02835271/ILSVRC2012_val_00040248.JPEG,556,94.22409057617188,0.00095367431640625,0.036807139867171566,0.7991182432181734,0.22314449042640636,32396,0.9960823837044349
541,/home/projects/bagon/shared/imagenet512/val/n03983396/ILSVRC2012_val_00008313.JPEG,698,400.19104766845703,0.00098419189453125,0.055152398988806826,0.959635297074088,0.19281380048879998,32433,0.9968138572453461
542,/home/projects/bagon/shared/imagenet512/val/n04033995/ILSVRC2012_val_00020509.JPEG,650,103.68241882324219,0.00098419189453125,0.04424909620391396,0.7691443945362444,0.2768707323541834,32439,0.9958447330170596
543,/home/projects/bagon/shared/imagenet512/val/n03000684/ILSVRC2012_val_00041057.JPEG,391,81.65972518920898,0.000911712646484375,0.032128576457043964,0.7564449846929088,0.027215166334843284,32446,0.9976616378446465
544,/home/projects/bagon/shared/imagenet512/val/n02107908/ILSVRC2012_val_00039086.JPEG,914,27.944671630859375,0.0009765625,0.04696158340366847,0.26609576585358785,0.16737556084173708,32448,0.9945454552020508
545,/home/projects/bagon/shared/imagenet512/val/n03028079/ILSVRC2012_val_00003351.JPEG,732,357.93053436279297,0.0009918212890625,0.05080788052706397,0.9857554255339152,0.1621425836548339,32449,0.9925324072413423
546,/home/projects/bagon/shared/imagenet512/val/n04067472/ILSVRC2012_val_00049267.JPEG,445,55.0303955078125,0.000946044921875,0.03192350198097884,0.6557979444331169,0.11122046464360333,32459,0.9982743576513493
547,/home/projects/bagon/shared/imagenet512/val/n03670208/ILSVRC2012_val_00044197.JPEG,581,376.90032958984375,0.00099945068359375,0.048884651972889805,0.9627658753367787,0.03924775811346268,32489,0.9953363977165808
548,/home/projects/bagon/shared/imagenet512/val/n02526121/ILSVRC2012_val_00020757.JPEG,420,79.7197494506836,0.000946044921875,0.033696509087187666,0.7176413249054403,0.10376614234657772,32553,0.995539548890922
549,/home/projects/bagon/shared/imagenet512/val/n03630383/ILSVRC2012_val_00040416.JPEG,525,91.11431884765625,0.00091552734375,0.03996033027442457,0.701871708512241,0.058058624363088854,32559,0.9930199170000497
550,/home/projects/bagon/shared/imagenet512/val/n04532106/ILSVRC2012_val_00004268.JPEG,494,295.0679016113281,0.00099945068359375,0.03992177956616964,0.9751905136488994,0.1842097706337456,32587,0.9967864356081081
551,/home/projects/bagon/shared/imagenet512/val/n03095699/ILSVRC2012_val_00034601.JPEG,400,263.5338668823242,0.00099945068359375,0.034749806475330484,0.9742372828816334,0.05475137689113241,32599,0.9956775400827599
552,/home/projects/bagon/shared/imagenet512/val/n02514041/ILSVRC2012_val_00044660.JPEG,586,28.121902465820312,0.0009613037109375,0.03691700928635347,0.33937780937990597,0.13602656847763145,32607,0.9966610531237303
553,/home/projects/bagon/shared/imagenet512/val/n01675722/ILSVRC2012_val_00039886.JPEG,509,479.53580474853516,0.0009918212890625,0.04247248056707573,0.9919338795597777,0.04483041210779022,32648,0.9932348861273068
554,/home/projects/bagon/shared/imagenet512/val/n07742313/ILSVRC2012_val_00023800.JPEG,703,187.86634063720703,0.0009613037109375,0.04681293186322788,0.9056304590287588,0.20393002298302587,32657,0.9944051122832848
555,/home/projects/bagon/shared/imagenet512/val/n03110669/ILSVRC2012_val_00020854.JPEG,456,9.46875,0.0009765625,0.027400643067906,0.16275482446361142,0.06841944210043663,32669,0.9982563275597004
556,/home/projects/bagon/shared/imagenet512/val/n01744401/ILSVRC2012_val_00002231.JPEG,797,127.84666061401367,0.000934600830078125,0.05199283742198245,0.7550632845371559,0.23336450936376418,32674,0.9933349001729498
557,/home/projects/bagon/shared/imagenet512/val/n03126707/ILSVRC2012_val_00048470.JPEG,484,104.7481918334961,0.000946044921875,0.0372879565924452,0.7898693475135976,0.05858882114852815,32677,0.996654145650758
558,/home/projects/bagon/shared/imagenet512/val/n02124075/ILSVRC2012_val_00014432.JPEG,712,117.70716094970703,0.000946044921875,0.046638611236003755,0.7831510664469096,0.1850104803313125,32700,0.9937283849035614
559,/home/projects/bagon/shared/imagenet512/val/n02823428/ILSVRC2012_val_00033822.JPEG,1097,253.97280883789062,0.0009613037109375,0.06553626370089374,0.9173378070921443,0.09837186013071361,32715,0.9915124112430964
560,/home/projects/bagon/shared/imagenet512/val/n03325584/ILSVRC2012_val_00026815.JPEG,379,235.38396453857422,0.0009613037109375,0.03395745125711515,0.954395385642702,0.009206132187362282,32722,0.9962785106507362
561,/home/projects/bagon/shared/imagenet512/val/n04557648/ILSVRC2012_val_00019944.JPEG,472,268.03419494628906,0.00098419189453125,0.03590886919279542,0.966872892064525,0.03763491902513624,32739,0.9946569304140512
562,/home/projects/bagon/shared/imagenet512/val/n02091831/ILSVRC2012_val_00048421.JPEG,766,721.5612487792969,0.0009918212890625,0.05950501286093804,0.9928592682928521,0.08167367212759755,32744,0.9913648249915561
563,/home/projects/bagon/shared/imagenet512/val/n02236044/ILSVRC2012_val_00009445.JPEG,540,240.40008544921875,0.0009918212890625,0.04375351030342767,0.9320710946921673,0.07114739245087606,32746,0.9950580715832474
564,/home/projects/bagon/shared/imagenet512/val/n02087046/ILSVRC2012_val_00019128.JPEG,779,117.79193115234375,0.0009765625,0.04588323312691873,0.8011645077725856,0.19826034498104028,32778,0.9960698722992112
565,/home/projects/bagon/shared/imagenet512/val/n03617480/ILSVRC2012_val_00003503.JPEG,323,326.59030532836914,0.000919342041015625,0.029266130694031802,0.9900179874970195,0.10062085516419392,32813,0.997416151792479
566,/home/projects/bagon/shared/imagenet512/val/n03255030/ILSVRC2012_val_00044521.JPEG,682,87.94077682495117,0.000957489013671875,0.04761673786827512,0.6316998801073628,0.08223899432929022,32853,0.9924546730093498
567,/home/projects/bagon/shared/imagenet512/val/n01514859/ILSVRC2012_val_00044276.JPEG,714,167.58098602294922,0.0009765625,0.04518425986109606,0.8856226460921992,0.1284208428268938,32854,0.9954195468985199
568,/home/projects/bagon/shared/imagenet512/val/n01682714/ILSVRC2012_val_00001942.JPEG,1617,105.5261001586914,0.0009307861328125,0.07947215272792638,0.5033245515122293,0.18049682062199873,32870,0.9957061691258863
569,/home/projects/bagon/shared/imagenet512/val/n03017168/ILSVRC2012_val_00026289.JPEG,572,453.82432556152344,0.0009613037109375,0.04330982568341179,0.9894346073786924,0.23027388629384868,32892,0.9943975899474847
570,/home/projects/bagon/shared/imagenet512/val/n01774384/ILSVRC2012_val_00024956.JPEG,311,18.719261169433594,0.00098419189453125,0.022380427161032675,0.3955182965065031,0.03267036099963663,32900,0.9986832831083383
571,/home/projects/bagon/shared/imagenet512/val/n04325704/ILSVRC2012_val_00016515.JPEG,879,932.8078422546387,0.000972747802734375,0.06548738625818955,0.9968867637443408,0.0864880302048972,32904,0.9952587917926976
572,/home/projects/bagon/shared/imagenet512/val/n02114855/ILSVRC2012_val_00000188.JPEG,637,26.879859924316406,0.00099945068359375,0.04018902239057822,0.2894700314121282,0.10226762123867517,32935,0.995915567240261
573,/home/projects/bagon/shared/imagenet512/val/n04458633/ILSVRC2012_val_00010203.JPEG,228,32.17784118652344,0.0009765625,0.020604268883134387,0.5808742037208683,0.009843025900132174,32987,0.9985941141913443
574,/home/projects/bagon/shared/imagenet512/val/n04536866/ILSVRC2012_val_00031548.JPEG,874,615.790397644043,0.00095367431640625,0.061610043752336974,0.9889792262645255,0.07280790470354706,33002,0.9901076990164305
575,/home/projects/bagon/shared/imagenet512/val/n03998194/ILSVRC2012_val_00048646.JPEG,421,281.2631607055664,0.0009918212890625,0.03692378638254579,0.9667362798247875,0.05227441479714681,33022,0.9954025591635954
576,/home/projects/bagon/shared/imagenet512/val/n01873310/ILSVRC2012_val_00013182.JPEG,367,48.54151916503906,0.0009765625,0.028894163828681582,0.6095065436954776,0.0700082582620365,33075,0.9980241820744835
577,/home/projects/bagon/shared/imagenet512/val/n03933933/ILSVRC2012_val_00029034.JPEG,1302,281.3396987915039,0.00095367431640625,0.077308950748849,0.8548551967643642,0.13795422590232803,33088,0.991055209507491
578,/home/projects/bagon/shared/imagenet512/val/n04417672/ILSVRC2012_val_00011261.JPEG,513,266.9735412597656,0.00093841552734375,0.04189401503514011,0.9518477915935518,0.06776333641763925,33093,0.99610034828221
579,/home/projects/bagon/shared/imagenet512/val/n03787032/ILSVRC2012_val_00004606.JPEG,855,114.81447982788086,0.000942230224609375,0.04314893345914506,0.8537803255322671,0.06219466657536614,33096,0.9954378690584584
580,/home/projects/bagon/shared/imagenet512/val/n01629819/ILSVRC2012_val_00018645.JPEG,559,190.50987243652344,0.00092315673828125,0.04317693118264458,0.9001824891195396,0.08001634688551923,33102,0.9960726027380963
581,/home/projects/bagon/shared/imagenet512/val/n04259630/ILSVRC2012_val_00032255.JPEG,529,108.53314590454102,0.000934600830078125,0.04026632261327722,0.7652323716363366,0.11659537208807359,33123,0.9972867080869605
582,/home/projects/bagon/shared/imagenet512/val/n02328150/ILSVRC2012_val_00031754.JPEG,609,516.2556762695312,0.00098419189453125,0.051097767915789245,0.9814711440408436,0.07408798810034042,33146,0.9942157251287932
583,/home/projects/bagon/shared/imagenet512/val/n02071294/ILSVRC2012_val_00028299.JPEG,570,88.7015151977539,0.000946044921875,0.04149606805178863,0.7021883791860513,0.06387692926178112,33162,0.9963224449194114
584,/home/projects/bagon/shared/imagenet512/val/n07745940/ILSVRC2012_val_00032411.JPEG,589,258.7587356567383,0.00099945068359375,0.04843405442437061,0.9122202877391298,0.057838769159720145,33169,0.9956347274207464
585,/home/projects/bagon/shared/imagenet512/val/n02113978/ILSVRC2012_val_00001467.JPEG,385,74.89252471923828,0.00093841552734375,0.03147777551676997,0.7464948851000469,0.03217684152136547,33182,0.9962049321714296
586,/home/projects/bagon/shared/imagenet512/val/n09288635/ILSVRC2012_val_00039202.JPEG,442,195.40227127075195,0.000934600830078125,0.03655686892946226,0.9260675607537592,0.06169675486549364,33211,0.9939836651907262
587,/home/projects/bagon/shared/imagenet512/val/n07932039/ILSVRC2012_val_00011790.JPEG,613,256.39855194091797,0.0009307861328125,0.04683587491444605,0.9299774953875308,0.058462745648827245,33213,0.993519361521436
588,/home/projects/bagon/shared/imagenet512/val/n04590129/ILSVRC2012_val_00047741.JPEG,318,2.7037277221679688,0.00095367431640625,0.019671308565829593,0.046131953273922555,0.04949769435528117,33230,0.9988542492272791
589,/home/projects/bagon/shared/imagenet512/val/n03627232/ILSVRC2012_val_00037520.JPEG,754,590.2668228149414,0.00098419189453125,0.05828866087739784,0.9831299905662391,0.06323352484794426,33246,0.989268494266808
590,/home/projects/bagon/shared/imagenet512/val/n02484975/ILSVRC2012_val_00016599.JPEG,604,213.9840087890625,0.0009918212890625,0.0454362562316214,0.9146325344034912,0.07407565750617168,33256,0.9897521651762126
591,/home/projects/bagon/shared/imagenet512/val/n04501370/ILSVRC2012_val_00010986.JPEG,236,32.134403228759766,0.000942230224609375,0.020973049283770282,0.5799700351979373,0.03986872716374006,33258,0.9990299253980622
592,/home/projects/bagon/shared/imagenet512/val/n02033041/ILSVRC2012_val_00047765.JPEG,575,101.84928131103516,0.00099945068359375,0.04245639358312551,0.7259968538939572,0.06613405257752528,33261,0.9937684400005856
593,/home/projects/bagon/shared/imagenet512/val/n03216828/ILSVRC2012_val_00013529.JPEG,750,74.11299896240234,0.00093841552734375,0.04427156922278205,0.6756096203133185,0.19235436362872732,33288,0.9949362880299549
594,/home/projects/bagon/shared/imagenet512/val/n03109150/ILSVRC2012_val_00008404.JPEG,611,103.29872131347656,0.0009765625,0.04397582417859034,0.7356476695151462,0.13655373905351093,33298,0.9960597256864121
595,/home/projects/bagon/shared/imagenet512/val/n02138441/ILSVRC2012_val_00035330.JPEG,684,808.9597015380859,0.000946044921875,0.05031895002038393,0.9978805374485649,0.1810307920724724,33309,0.9891556901404551
596,/home/projects/bagon/shared/imagenet512/val/n03837869/ILSVRC2012_val_00031727.JPEG,482,40.20140838623047,0.00089263916015625,0.034625003353120326,0.49071247989683797,0.13989130109878437,33326,0.9982719065522955
597,/home/projects/bagon/shared/imagenet512/val/n02493793/ILSVRC2012_val_00006758.JPEG,588,129.57671737670898,0.000949859619140625,0.042631109577780685,0.8100085583591962,0.1482242873116389,33409,0.9923188663686463
598,/home/projects/bagon/shared/imagenet512/val/n01689811/ILSVRC2012_val_00006207.JPEG,566,99.13364028930664,0.000919342041015625,0.039299342878534614,0.7662579483642145,0.09188109909522954,33436,0.9922294772918085
599,/home/projects/bagon/shared/imagenet512/val/n03777754/ILSVRC2012_val_00019161.JPEG,718,491.2632369995117,0.00096893310546875,0.05527719680240302,0.9794187798631462,0.0884231982077919,33455,0.9938527611053803
600,/home/projects/bagon/shared/imagenet512/val/n03633091/ILSVRC2012_val_00034861.JPEG,657,133.6270751953125,0.00099945068359375,0.04732378703520229,0.7854791200440994,0.07631798008765092,33503,0.9948326011578917
601,/home/projects/bagon/shared/imagenet512/val/n04392985/ILSVRC2012_val_00037423.JPEG,1823,295.1384735107422,0.0009613037109375,0.09848717252131485,0.7800599674845706,0.05086912950161268,33529,0.9890088752780466
602,/home/projects/bagon/shared/imagenet512/val/n03216828/ILSVRC2012_val_00036521.JPEG,937,56.86665725708008,0.000934600830078125,0.049091240608361876,0.5371061389929644,0.21164901569205427,33530,0.9960466580892718
603,/home/projects/bagon/shared/imagenet512/val/n03355925/ILSVRC2012_val_00027726.JPEG,849,516.7367668151855,0.000957489013671875,0.06296088525977393,0.9730330216196705,0.04130652677799062,33555,0.9932966767042686
604,/home/projects/bagon/shared/imagenet512/val/n03888605/ILSVRC2012_val_00012614.JPEG,523,69.43624877929688,0.00092315673828125,0.037658690178983434,0.6830055706177642,0.05142614052746102,33593,0.9971842591843104
605,/home/projects/bagon/shared/imagenet512/val/n02860847/ILSVRC2012_val_00029717.JPEG,456,195.5042266845703,0.0009613037109375,0.037456202195169944,0.9259808372620622,0.10604517215457103,33596,0.995673261854107
606,/home/projects/bagon/shared/imagenet512/val/n03016953/ILSVRC2012_val_00008455.JPEG,399,31.236587524414062,0.0009918212890625,0.02915413142094333,0.48228693413602447,0.06551037619502567,33602,0.9977845916749776
607,/home/projects/bagon/shared/imagenet512/val/n03124043/ILSVRC2012_val_00037391.JPEG,288,23.84817123413086,0.000934600830078125,0.024021127525711696,0.42996440374821565,0.03199559825084926,33603,0.9986179587333817
608,/home/projects/bagon/shared/imagenet512/val/n03445924/ILSVRC2012_val_00026881.JPEG,271,4.548164367675781,0.00099945068359375,0.019546725332357583,0.0940854051689263,0.16561806279982932,33616,0.9989270195042169
609,/home/projects/bagon/shared/imagenet512/val/n02100583/ILSVRC2012_val_00013398.JPEG,628,43.13603210449219,0.00099945068359375,0.04016107200482138,0.4775871143435772,0.09169608811039748,33625,0.9964376182665028
610,/home/projects/bagon/shared/imagenet512/val/n03065424/ILSVRC2012_val_00001351.JPEG,574,313.16180419921875,0.00099945068359375,0.045004744149479275,0.9686304394519427,0.11439348749384308,33628,0.9964599036369575
611,/home/projects/bagon/shared/imagenet512/val/n02526121/ILSVRC2012_val_00005884.JPEG,591,91.31359100341797,0.00096893310546875,0.04259091960342739,0.7035317023207226,0.11806862531436989,33646,0.9962881972005833
612,/home/projects/bagon/shared/imagenet512/val/n02058221/ILSVRC2012_val_00016571.JPEG,453,258.8748207092285,0.000942230224609375,0.03719421415381624,0.965747140545719,0.14720182521697353,33658,0.9961999008436863
613,/home/projects/bagon/shared/imagenet512/val/n01582220/ILSVRC2012_val_00037806.JPEG,556,363.51234436035156,0.00095367431640625,0.04467324417082866,0.9671044639686166,0.028137984302855114,33728,0.9942289862991016
614,/home/projects/bagon/shared/imagenet512/val/n04275548/ILSVRC2012_val_00005028.JPEG,450,175.8083267211914,0.0009918212890625,0.03459116300943944,0.942372304128805,0.06485682627366532,33739,0.9963210749731503
615,/home/projects/bagon/shared/imagenet512/val/n04328186/ILSVRC2012_val_00014795.JPEG,775,440.59973526000977,0.000926971435546875,0.05385070031644295,0.9811555658337645,0.18271035926026977,33747,0.9956312711455053
616,/home/projects/bagon/shared/imagenet512/val/n01855032/ILSVRC2012_val_00014097.JPEG,537,88.18614196777344,0.00099945068359375,0.04065444229123504,0.7023574300500602,0.1884620141627442,33751,0.9974017377760743
617,/home/projects/bagon/shared/imagenet512/val/n03814639/ILSVRC2012_val_00033894.JPEG,538,544.2890434265137,0.000972747802734375,0.04673505791732282,0.9875880809962965,0.035067164717845115,33765,0.9967788420993002
618,/home/projects/bagon/shared/imagenet512/val/n02835271/ILSVRC2012_val_00045400.JPEG,723,348.9260139465332,0.000949859619140625,0.05289343512132708,0.9642875213413784,0.08455023502475778,33770,0.9952205743930098
619,/home/projects/bagon/shared/imagenet512/val/n03124043/ILSVRC2012_val_00022123.JPEG,465,145.59515762329102,0.000919342041015625,0.037841493242249856,0.8625600505660604,0.08819990898723379,33784,0.9965924839882375
620,/home/projects/bagon/shared/imagenet512/val/n03388043/ILSVRC2012_val_00042250.JPEG,480,305.68922424316406,0.00099945068359375,0.04065758856793572,0.9654632295934598,0.12942773115300782,33812,0.9930260550190229
621,/home/projects/bagon/shared/imagenet512/val/n03976657/ILSVRC2012_val_00012001.JPEG,753,626.6914825439453,0.0009765625,0.05900254285975782,0.9806044372837988,0.07350480575840822,33814,0.9873772791599394
622,/home/projects/bagon/shared/imagenet512/val/n03272010/ILSVRC2012_val_00042093.JPEG,524,66.84919738769531,0.00096893310546875,0.03854344232245947,0.6225716166069539,0.1968026030276429,33862,0.9966246019011651
623,/home/projects/bagon/shared/imagenet512/val/n01735189/ILSVRC2012_val_00023657.JPEG,597,419.3549003601074,0.000972747802734375,0.047899095644758305,0.9809944578826391,0.0955733069036045,33872,0.9917287379418304
624,/home/projects/bagon/shared/imagenet512/val/n04074963/ILSVRC2012_val_00034680.JPEG,718,540.7811889648438,0.00098419189453125,0.055577123375940556,0.9851353340781893,0.053842436305618385,33892,0.9886010855737054
625,/home/projects/bagon/shared/imagenet512/val/n03908714/ILSVRC2012_val_00028958.JPEG,539,233.57365036010742,0.000972747802734375,0.04199812135503517,0.9374894240270756,0.07934360056770158,33934,0.9950201695790785
626,/home/projects/bagon/shared/imagenet512/val/n04049303/ILSVRC2012_val_00018090.JPEG,620,133.10089111328125,0.0009765625,0.04318309552604221,0.825210903246552,0.05424035665392479,33943,0.9949313419300636
627,/home/projects/bagon/shared/imagenet512/val/n02837789/ILSVRC2012_val_00006474.JPEG,937,91.29749298095703,0.00095367431640625,0.056906755145384284,0.5861278624731949,0.10556679131850624,33945,0.9937113133786323
628,/home/projects/bagon/shared/imagenet512/val/n02259212/ILSVRC2012_val_00024868.JPEG,318,16.58934783935547,0.0009918212890625,0.023220012811597482,0.33926205431760365,0.10217073031322776,33959,0.9981816253865381
629,/home/projects/bagon/shared/imagenet512/val/n01751748/ILSVRC2012_val_00006817.JPEG,584,281.7304000854492,0.00098419189453125,0.044335371053266674,0.9587829403027242,0.278123765890257,33960,0.9954272761297075
630,/home/projects/bagon/shared/imagenet512/val/n03376595/ILSVRC2012_val_00013747.JPEG,534,217.95728302001953,0.00092315673828125,0.04162599614109449,0.9280504559295308,0.07440506505581362,33961,0.994249562419988
631,/home/projects/bagon/shared/imagenet512/val/n03954731/ILSVRC2012_val_00015496.JPEG,476,194.43859481811523,0.000972747802734375,0.039288513358473436,0.9132601282569054,0.056586157615120015,33995,0.996050305217854
632,/home/projects/bagon/shared/imagenet512/val/n04133789/ILSVRC2012_val_00028994.JPEG,816,351.52886962890625,0.00098419189453125,0.05821197580864437,0.9576497179511004,0.12718978032302564,34009,0.9955746284888921
633,/home/projects/bagon/shared/imagenet512/val/n02219486/ILSVRC2012_val_00022915.JPEG,549,428.6235046386719,0.00098419189453125,0.04501866697963575,0.9848539834551692,0.090360962960251,34039,0.9953128622907458
634,/home/projects/bagon/shared/imagenet512/val/n04254680/ILSVRC2012_val_00014872.JPEG,315,144.08878326416016,0.0009765625,0.02843279896384826,0.9094546867428098,0.04226680619588912,34043,0.9989028091758344
635,/home/projects/bagon/shared/imagenet512/val/n02100236/ILSVRC2012_val_00004477.JPEG,355,58.185874938964844,0.0009918212890625,0.028226058633823523,0.7354602867835683,0.035657926046117894,34063,0.9980738203470605
636,/home/projects/bagon/shared/imagenet512/val/n02883205/ILSVRC2012_val_00020423.JPEG,331,16.538314819335938,0.00099945068359375,0.025704485823169403,0.2812031696036688,0.037476205037656474,34066,0.9979077486184589
637,/home/projects/bagon/shared/imagenet512/val/n02113978/ILSVRC2012_val_00003140.JPEG,298,28.974929809570312,0.00095367431640625,0.02419570432802177,0.49919243902943605,0.07978699202899558,34090,0.9979449895141156
638,/home/projects/bagon/shared/imagenet512/val/n02093991/ILSVRC2012_val_00027992.JPEG,574,86.69111633300781,0.000946044921875,0.03854236787858356,0.753452916795088,0.07754931262619164,34106,0.995028161136077
639,/home/projects/bagon/shared/imagenet512/val/n02346627/ILSVRC2012_val_00047422.JPEG,476,311.77877044677734,0.0009613037109375,0.038560326628663315,0.973326994496023,0.11107311800893271,34125,0.9952774955259134
640,/home/projects/bagon/shared/imagenet512/val/n04479046/ILSVRC2012_val_00049537.JPEG,501,326.67635345458984,0.0009307861328125,0.03860911062229918,0.9871250250841661,0.10771937119906039,34127,0.9932516256921221
641,/home/projects/bagon/shared/imagenet512/val/n04483307/ILSVRC2012_val_00035056.JPEG,874,94.0556869506836,0.00098419189453125,0.056355023710518856,0.5766968397898571,0.19032918921986514,34141,0.9961917804866608
642,/home/projects/bagon/shared/imagenet512/val/n03657121/ILSVRC2012_val_00017890.JPEG,618,162.79581451416016,0.00099945068359375,0.04614877302386925,0.853037636143863,0.030476155766757135,34149,0.9948327961462904
643,/home/projects/bagon/shared/imagenet512/val/n04597913/ILSVRC2012_val_00032311.JPEG,387,425.0990447998047,0.00099945068359375,0.03430561334762262,0.991926812380671,0.07250978862523633,34161,0.9942366865239438
644,/home/projects/bagon/shared/imagenet512/val/n02114367/ILSVRC2012_val_00027951.JPEG,825,276.4147415161133,0.00099945068359375,0.05561378136953202,0.9224680369844922,0.10618759790204284,34166,0.9886091011909729
645,/home/projects/bagon/shared/imagenet512/val/n03483316/ILSVRC2012_val_00021449.JPEG,669,440.3722457885742,0.00093841552734375,0.052141802708831106,0.9791100586356071,0.27836461863901163,34173,0.9905083259798475
646,/home/projects/bagon/shared/imagenet512/val/n01944390/ILSVRC2012_val_00007377.JPEG,715,176.0875473022461,0.00099945068359375,0.048050869640800506,0.8826664537263532,0.12720947738342842,34182,0.9936302036884325
647,/home/projects/bagon/shared/imagenet512/val/n04579432/ILSVRC2012_val_00020952.JPEG,783,361.59297943115234,0.00093841552734375,0.055779318831609796,0.963001337586781,0.16166238034871255,34193,0.9951871213651732
648,/home/projects/bagon/shared/imagenet512/val/n04548362/ILSVRC2012_val_00047367.JPEG,457,18.27569580078125,0.0009918212890625,0.029289105627248194,0.3267648512718882,0.06936445323755516,34212,0.9983544452124946
649,/home/projects/bagon/shared/imagenet512/val/n03110669/ILSVRC2012_val_00040493.JPEG,1124,453.00353240966797,0.0009765625,0.0729338877642723,0.9666595542839098,0.1134725816154764,34216,0.9890547815221303
650,/home/projects/bagon/shared/imagenet512/val/n03991062/ILSVRC2012_val_00046079.JPEG,201,1.1360816955566406,0.000934600830078125,0.013294477313325588,0.02527913988669101,0.03469924534659696,34251,0.9992542347716491
651,/home/projects/bagon/shared/imagenet512/val/n02948072/ILSVRC2012_val_00014435.JPEG,533,393.62002182006836,0.000942230224609375,0.04234894848874591,0.9893900210655263,0.06827869160233159,34271,0.995800470273169
652,/home/projects/bagon/shared/imagenet512/val/n03535780/ILSVRC2012_val_00025020.JPEG,686,40.97065353393555,0.000972747802734375,0.04313788123161423,0.41102055434092,0.194837570295196,34292,0.9967934730221254
653,/home/projects/bagon/shared/imagenet512/val/n02906734/ILSVRC2012_val_00033688.JPEG,730,302.23865509033203,0.00095367431640625,0.0537570797358044,0.9400863315964003,0.09097819894077354,34296,0.9945235327796136
654,/home/projects/bagon/shared/imagenet512/val/n01484850/ILSVRC2012_val_00023185.JPEG,567,115.82640075683594,0.0009307861328125,0.043386800221252075,0.7582963457919408,0.14546935322219337,34299,0.996676265307912
655,/home/projects/bagon/shared/imagenet512/val/n02090721/ILSVRC2012_val_00009713.JPEG,561,23.274276733398438,0.0009765625,0.035667738945430814,0.2969349882709659,0.15468861612534243,34324,0.9973589246606168
656,/home/projects/bagon/shared/imagenet512/val/n03995372/ILSVRC2012_val_00005380.JPEG,754,352.27831649780273,0.000942230224609375,0.0533706693890624,0.9642660090470956,0.26676323936948043,34339,0.9927174715649256
657,/home/projects/bagon/shared/imagenet512/val/n02321529/ILSVRC2012_val_00005880.JPEG,491,137.69740295410156,0.0009765625,0.03714584407494319,0.8819856968984311,0.08199772697695853,34344,0.9968916018494518
658,/home/projects/bagon/shared/imagenet512/val/n04070727/ILSVRC2012_val_00014411.JPEG,507,92.33018112182617,0.000926971435546875,0.03756455854359755,0.7660617462740865,0.2342748922220114,34346,0.9955752290606046
659,/home/projects/bagon/shared/imagenet512/val/n02870880/ILSVRC2012_val_00014281.JPEG,746,183.77870178222656,0.0009918212890625,0.052498841473449985,0.8418283634305808,0.06802318756040023,34363,0.9926036023405637
660,/home/projects/bagon/shared/imagenet512/val/n02098105/ILSVRC2012_val_00035847.JPEG,630,405.665283203125,0.0009918212890625,0.0475590211454255,0.9793590006725702,0.08137536034575005,34372,0.9895351254958905
661,/home/projects/bagon/shared/imagenet512/val/n01855672/ILSVRC2012_val_00009841.JPEG,807,408.7047348022461,0.0009765625,0.056653628539726684,0.9753193130923811,0.2745032144019166,34384,0.9936667979266092
662,/home/projects/bagon/shared/imagenet512/val/n07875152/ILSVRC2012_val_00041140.JPEG,483,75.12395477294922,0.00099945068359375,0.035491757535760865,0.7292579717498627,0.15992549785547852,34388,0.9978157989000647
663,/home/projects/bagon/shared/imagenet512/val/n02113712/ILSVRC2012_val_00017724.JPEG,1399,209.91459274291992,0.000911712646484375,0.06768387236158532,0.8987439463979177,0.3471258493975433,34391,0.9936452488976988
664,/home/projects/bagon/shared/imagenet512/val/n03770439/ILSVRC2012_val_00005391.JPEG,942,121.37227249145508,0.000942230224609375,0.056324358280086306,0.7211108143562477,0.09732623395535009,34392,0.9966322572713323
665,/home/projects/bagon/shared/imagenet512/val/n03706229/ILSVRC2012_val_00032444.JPEG,449,264.76214599609375,0.00099945068359375,0.035581545546550776,0.9710513989568391,0.050206343703675424,34407,0.9948932070219041
666,/home/projects/bagon/shared/imagenet512/val/n01873310/ILSVRC2012_val_00000940.JPEG,552,63.111732482910156,0.0009765625,0.038740542520494775,0.6164654495790034,0.13528950294959402,34438,0.997589793142086
667,/home/projects/bagon/shared/imagenet512/val/n03457902/ILSVRC2012_val_00030145.JPEG,503,439.3774757385254,0.000949859619140625,0.043612124532288826,0.9850014252309971,0.03420057977852735,34445,0.9930797081814697
668,/home/projects/bagon/shared/imagenet512/val/n02091635/ILSVRC2012_val_00038565.JPEG,746,168.79469299316406,0.00099945068359375,0.0484425149028889,0.8600698456572703,0.3591665296946898,34461,0.992462244208173
669,/home/projects/bagon/shared/imagenet512/val/n02167151/ILSVRC2012_val_00046689.JPEG,750,201.56959533691406,0.00099945068359375,0.05176220895385016,0.8824456662594354,0.1915567455251226,34467,0.9887975163494708
670,/home/projects/bagon/shared/imagenet512/val/n02127052/ILSVRC2012_val_00024903.JPEG,452,141.10156631469727,0.000957489013671875,0.036129154355350135,0.8704018899631726,0.045800273133478245,34486,0.993800065484073
671,/home/projects/bagon/shared/imagenet512/val/n03187595/ILSVRC2012_val_00025972.JPEG,567,346.71188735961914,0.000926971435546875,0.04538383582046368,0.9699928022283466,0.016470677660658583,34499,0.9961585349216372
672,/home/projects/bagon/shared/imagenet512/val/n04550184/ILSVRC2012_val_00030919.JPEG,576,796.3661079406738,0.000919342041015625,0.05004411003721562,0.9959214638039239,0.10266754480804077,34506,0.9929762552121818
673,/home/projects/bagon/shared/imagenet512/val/n03042490/ILSVRC2012_val_00018709.JPEG,264,89.72628784179688,0.00099945068359375,0.02398692932012637,0.8699196213341137,0.04620718883679266,34509,0.9985455297884537
674,/home/projects/bagon/shared/imagenet512/val/n02443484/ILSVRC2012_val_00000480.JPEG,1209,161.71991348266602,0.000972747802734375,0.07138731583925596,0.7002749546312129,0.25533795254546154,34513,0.9898354025582383
675,/home/projects/bagon/shared/imagenet512/val/n01910747/ILSVRC2012_val_00018952.JPEG,531,241.6257438659668,0.000926971435546875,0.04307284301130919,0.929088308368556,0.08358146020821058,34524,0.9951060159946233
676,/home/projects/bagon/shared/imagenet512/val/n03825788/ILSVRC2012_val_00016943.JPEG,561,146.8546600341797,0.0009765625,0.04300935031298294,0.8330522642442258,0.06915518218708838,34529,0.996742683964151
677,/home/projects/bagon/shared/imagenet512/val/n02099849/ILSVRC2012_val_00029742.JPEG,229,34.6158332824707,0.000919342041015625,0.01963227816649919,0.6660554081818825,0.1685971952784634,34578,0.9986482934398095
678,/home/projects/bagon/shared/imagenet512/val/n04147183/ILSVRC2012_val_00042895.JPEG,710,97.67842864990234,0.00098419189453125,0.043777798970074736,0.7291109099462356,0.06311519222111886,34618,0.9949599009197433
679,/home/projects/bagon/shared/imagenet512/val/n02494079/ILSVRC2012_val_00018253.JPEG,771,138.8673858642578,0.00098419189453125,0.05200199224449591,0.7789459706620836,0.0765163166368992,34627,0.993057107786786
680,/home/projects/bagon/shared/imagenet512/val/n04515003/ILSVRC2012_val_00041923.JPEG,578,169.58028411865234,0.0009918212890625,0.04407485023084383,0.8794467336637966,0.03944179913506459,34631,0.9937795582820976
681,/home/projects/bagon/shared/imagenet512/val/n03950228/ILSVRC2012_val_00018614.JPEG,1052,67.78173828125,0.000946044921875,0.05450840311559586,0.55452782456534,0.24599633986875796,34638,0.9970754849235274
682,/home/projects/bagon/shared/imagenet512/val/n02100583/ILSVRC2012_val_00018982.JPEG,827,108.47875213623047,0.00095367431640625,0.0470896375685411,0.8336447319252418,0.3221624527219209,34689,0.994332367862153
683,/home/projects/bagon/shared/imagenet512/val/n03950228/ILSVRC2012_val_00016920.JPEG,1056,53.852291107177734,0.000965118408203125,0.05818393363270213,0.3927135798523869,0.23100545701365127,34714,0.995734664734986
684,/home/projects/bagon/shared/imagenet512/val/n02786058/ILSVRC2012_val_00008019.JPEG,481,85.20477676391602,0.000942230224609375,0.03773323201883272,0.6703095524227426,0.22737449450463468,34717,0.9948487296172053
685,/home/projects/bagon/shared/imagenet512/val/n02095889/ILSVRC2012_val_00030377.JPEG,582,336.4915542602539,0.00099945068359375,0.04671528744495691,0.9667617972072414,0.11226670052415763,34721,0.9941951214805019
686,/home/projects/bagon/shared/imagenet512/val/n02177972/ILSVRC2012_val_00016770.JPEG,939,461.4926071166992,0.00098419189453125,0.060952776229624465,0.9773605378900344,0.15488950190066164,34733,0.9921879439777846
687,/home/projects/bagon/shared/imagenet512/val/n02107683/ILSVRC2012_val_00029461.JPEG,916,320.4495162963867,0.00099945068359375,0.059814725293662344,0.9560116212781741,0.21053864946966222,34741,0.9928223747260494
688,/home/projects/bagon/shared/imagenet512/val/n01494475/ILSVRC2012_val_00001676.JPEG,639,236.22863006591797,0.0009613037109375,0.0467313991916633,0.9312008992606887,0.16641682050019085,34744,0.9949870732249858
689,/home/projects/bagon/shared/imagenet512/val/n03724870/ILSVRC2012_val_00020896.JPEG,639,262.9015769958496,0.000934600830078125,0.04659618761143262,0.9568632170871934,0.16461507995173916,34757,0.9951864407499431
690,/home/projects/bagon/shared/imagenet512/val/n02690373/ILSVRC2012_val_00015636.JPEG,450,30.357872009277344,0.00087738037109375,0.030827694274351034,0.45486003198050223,0.13773193047501114,34784,0.9956258613686898
691,/home/projects/bagon/shared/imagenet512/val/n03670208/ILSVRC2012_val_00016523.JPEG,589,360.7884750366211,0.00098419189453125,0.04716286631845361,0.9684577931404196,0.0976423268065647,34820,0.9956536662023572
692,/home/projects/bagon/shared/imagenet512/val/n02769748/ILSVRC2012_val_00036149.JPEG,791,1525.3325576782227,0.0009613037109375,0.06369333761458258,0.9987323950554083,0.044500936801207355,34844,0.9779158871972985
693,/home/projects/bagon/shared/imagenet512/val/n02095570/ILSVRC2012_val_00005564.JPEG,637,67.4117317199707,0.000934600830078125,0.03595609831580963,0.7092355471574379,0.3645173882671129,34851,0.9946009018773334
694,/home/projects/bagon/shared/imagenet512/val/n03924679/ILSVRC2012_val_00033129.JPEG,830,502.3898239135742,0.00099945068359375,0.06046551829150365,0.9843664287680959,0.06605991441737288,34856,0.988474167556684
695,/home/projects/bagon/shared/imagenet512/val/n02906734/ILSVRC2012_val_00010279.JPEG,583,49.230926513671875,0.00098419189453125,0.03829349752170031,0.5589719905983795,0.08936399402012124,34903,0.9974563344535939
696,/home/projects/bagon/shared/imagenet512/val/n04141975/ILSVRC2012_val_00035230.JPEG,376,126.88834381103516,0.0009765625,0.030336502959956716,0.9045550797327663,0.1670308728903926,34931,0.9979149948997714
697,/home/projects/bagon/shared/imagenet512/val/n02097474/ILSVRC2012_val_00045741.JPEG,1228,509.0998077392578,0.0009918212890625,0.0737490438954143,0.977511298607055,0.4922509115747177,34933,0.9909990974548101
698,/home/projects/bagon/shared/imagenet512/val/n03450230/ILSVRC2012_val_00040155.JPEG,639,5.9548492431640625,0.0009765625,0.03043787504855318,0.07451867020366296,0.06930584331218384,34945,0.9977451231816262
699,/home/projects/bagon/shared/imagenet512/val/n03218198/ILSVRC2012_val_00004024.JPEG,474,43.79883575439453,0.0009765625,0.03166025491323316,0.6229664651343569,0.13794834962100297,34969,0.9970068336812007
700,/home/projects/bagon/shared/imagenet512/val/n03197337/ILSVRC2012_val_00035128.JPEG,526,55.86396408081055,0.000949859619140625,0.03698761156306659,0.5739060399186586,0.0776681810549846,34987,0.9981895572756242
701,/home/projects/bagon/shared/imagenet512/val/n04067472/ILSVRC2012_val_00010440.JPEG,631,784.6361541748047,0.00093841552734375,0.05210439712892523,0.9962173479177758,0.11838371808272023,35002,0.9895901993358254
702,/home/projects/bagon/shared/imagenet512/val/n02256656/ILSVRC2012_val_00016480.JPEG,641,641.453971862793,0.00099945068359375,0.051903216253510645,0.9934820215502882,0.09169233158768222,35005,0.9942679702193578
703,/home/projects/bagon/shared/imagenet512/val/n03891332/ILSVRC2012_val_00048582.JPEG,467,279.606876373291,0.000911712646484375,0.039352382408696575,0.9626847814436763,0.10703170741724854,35060,0.9960114973899297
704,/home/projects/bagon/shared/imagenet512/val/n07716906/ILSVRC2012_val_00015194.JPEG,550,273.58546447753906,0.00099945068359375,0.04281243636991951,0.9590734213791626,0.06636758084212625,35061,0.994671385376934
705,/home/projects/bagon/shared/imagenet512/val/n03776460/ILSVRC2012_val_00013909.JPEG,528,27.687721252441406,0.0009307861328125,0.03268196579406596,0.39518073033985246,0.1711581111225753,35067,0.9974400842273947
706,/home/projects/bagon/shared/imagenet512/val/n04461696/ILSVRC2012_val_00046880.JPEG,721,506.10047912597656,0.00099945068359375,0.05290570386238936,0.9853744130817125,0.12459212429656802,35115,0.9937216713498078
707,/home/projects/bagon/shared/imagenet512/val/n02951585/ILSVRC2012_val_00023278.JPEG,621,204.7686996459961,0.0009918212890625,0.045178340846308944,0.9050342705648895,0.0887111807656426,35149,0.9950798699826657
708,/home/projects/bagon/shared/imagenet512/val/n03970156/ILSVRC2012_val_00018401.JPEG,446,135.56490325927734,0.0009918212890625,0.033993885310685326,0.8988645999014805,0.03430798426558066,35157,0.9971552914679278
709,/home/projects/bagon/shared/imagenet512/val/n02097047/ILSVRC2012_val_00048183.JPEG,1083,165.1892318725586,0.00098419189453125,0.05713663266670978,0.8651105392084179,0.27354226901800927,35164,0.9923586183234631
710,/home/projects/bagon/shared/imagenet512/val/n02097474/ILSVRC2012_val_00039870.JPEG,809,487.94106674194336,0.000957489013671875,0.0569745289409819,0.9785764874181035,0.15254954748162167,35169,0.9764439498992257
711,/home/projects/bagon/shared/imagenet512/val/n02097298/ILSVRC2012_val_00022922.JPEG,847,658.2660751342773,0.00096893310546875,0.06247505078011046,0.9867661231272153,0.10903411189149492,35173,0.9901672899063542
712,/home/projects/bagon/shared/imagenet512/val/n01924916/ILSVRC2012_val_00008211.JPEG,797,121.63234329223633,0.000942230224609375,0.0514777035250759,0.749316383500718,0.14926935675373698,35231,0.9940315827385336
713,/home/projects/bagon/shared/imagenet512/val/n02090379/ILSVRC2012_val_00026736.JPEG,1158,200.09607696533203,0.00098419189453125,0.06406249097958211,0.8328893496710039,0.1904542993366538,35260,0.9939823239709221
714,/home/projects/bagon/shared/imagenet512/val/n03127925/ILSVRC2012_val_00004169.JPEG,498,253.0060272216797,0.0009307861328125,0.0416677195709411,0.9425092154925556,0.0492112443535056,35285,0.9942336369095319
715,/home/projects/bagon/shared/imagenet512/val/n03314780/ILSVRC2012_val_00029020.JPEG,494,454.6286926269531,0.00096893310546875,0.040136100996760536,0.9933472585359263,0.024957014762624498,35289,0.9955985589565383
716,/home/projects/bagon/shared/imagenet512/val/n02109525/ILSVRC2012_val_00048842.JPEG,649,605.0609931945801,0.000942230224609375,0.051085942746760586,0.9925038470863037,0.04390183863906489,35303,0.9916934929760235
717,/home/projects/bagon/shared/imagenet512/val/n04090263/ILSVRC2012_val_00040213.JPEG,746,762.4201049804688,0.00098419189453125,0.04777124205019256,0.9992451409750274,0.20805614483743523,35326,0.9909028034466723
718,/home/projects/bagon/shared/imagenet512/val/n01773549/ILSVRC2012_val_00040121.JPEG,767,162.9106674194336,0.00093841552734375,0.04683036005405335,0.8727005871741466,0.06916938033743034,35395,0.9883581307609952
719,/home/projects/bagon/shared/imagenet512/val/n04482393/ILSVRC2012_val_00008823.JPEG,456,56.26065444946289,0.000949859619140625,0.032609647074180896,0.6710326117788762,0.17646039222397247,35433,0.9976319831677353
720,/home/projects/bagon/shared/imagenet512/val/n01749939/ILSVRC2012_val_00045594.JPEG,967,223.61869430541992,0.000949859619140625,0.0625069602092504,0.8370086774224494,0.08416788508609578,35443,0.9887470518776916
721,/home/projects/bagon/shared/imagenet512/val/n03417042/ILSVRC2012_val_00046913.JPEG,503,290.7976722717285,0.000957489013671875,0.041986446016371505,0.9610413128113938,0.1574098695065338,35459,0.9940547748354471
722,/home/projects/bagon/shared/imagenet512/val/n04325704/ILSVRC2012_val_00027132.JPEG,983,284.8086395263672,0.0009765625,0.06515390302566465,0.9060427780966438,0.11829832109655464,35473,0.9926409438454364
723,/home/projects/bagon/shared/imagenet512/val/n02356798/ILSVRC2012_val_00028178.JPEG,325,31.459930419921875,0.00099945068359375,0.0262133385001061,0.4985462515013754,0.04709738522131323,35491,0.9979414569537839
724,/home/projects/bagon/shared/imagenet512/val/n02025239/ILSVRC2012_val_00002658.JPEG,726,493.0003128051758,0.00098419189453125,0.05301483492105493,0.9882359384258327,0.16235477021446942,35498,0.9955007692293864
725,/home/projects/bagon/shared/imagenet512/val/n01978455/ILSVRC2012_val_00024885.JPEG,808,220.46279907226562,0.0009765625,0.05337859017372114,0.8915623699987313,0.23920394779203027,35509,0.9924753567789583
726,/home/projects/bagon/shared/imagenet512/val/n02094433/ILSVRC2012_val_00037838.JPEG,913,62.91353988647461,0.000965118408203125,0.05173486425348184,0.5224985188438755,0.1836041770445049,35532,0.9926444040903815
727,/home/projects/bagon/shared/imagenet512/val/n03534580/ILSVRC2012_val_00019960.JPEG,1079,317.73450469970703,0.0009918212890625,0.06852192838489639,0.9174691293994643,0.28133547017401384,35556,0.9910524456763491
728,/home/projects/bagon/shared/imagenet512/val/n03690938/ILSVRC2012_val_00003829.JPEG,896,124.83042907714844,0.00096893310546875,0.054821295020707005,0.7787754066412452,0.03996051062054623,35565,0.9903615971515675
729,/home/projects/bagon/shared/imagenet512/val/n02087046/ILSVRC2012_val_00017869.JPEG,981,226.69232940673828,0.0009765625,0.06322524689715915,0.8604110252587559,0.2809125602129624,35591,0.9937601666283749
730,/home/projects/bagon/shared/imagenet512/val/n01910747/ILSVRC2012_val_00048269.JPEG,321,103.67300415039062,0.0009613037109375,0.02705210076777719,0.8715192165202471,0.053135470017923785,35615,0.9965367986446112
731,/home/projects/bagon/shared/imagenet512/val/n03325584/ILSVRC2012_val_00046949.JPEG,157,10.200450897216797,0.000926971435546875,0.01425567854305235,0.30618378763475773,0.06588140795205766,35617,0.999175456074139
732,/home/projects/bagon/shared/imagenet512/val/n01737021/ILSVRC2012_val_00049609.JPEG,714,742.1753196716309,0.000934600830078125,0.054704659812390755,0.9941160406177608,0.10039149961241356,35624,0.9910695144155183
733,/home/projects/bagon/shared/imagenet512/val/n02447366/ILSVRC2012_val_00009878.JPEG,318,19.82720947265625,0.0009918212890625,0.024229250183283278,0.38550481546406007,0.08739759744582998,35629,0.9977659238536082
734,/home/projects/bagon/shared/imagenet512/val/n04485082/ILSVRC2012_val_00049983.JPEG,540,343.1321487426758,0.0009918212890625,0.0438836800881613,0.9786925822317818,0.11627131173916416,35657,0.9957341028568764
735,/home/projects/bagon/shared/imagenet512/val/n02484975/ILSVRC2012_val_00027443.JPEG,629,163.17234802246094,0.0009918212890625,0.04595506806137814,0.854964928777956,0.05758826358360014,35659,0.9948506769090161
736,/home/projects/bagon/shared/imagenet512/val/n03109150/ILSVRC2012_val_00027721.JPEG,700,239.8403778076172,0.00098419189453125,0.05152794947832752,0.9089080804880978,0.22160694091606672,35663,0.9964585458319051
737,/home/projects/bagon/shared/imagenet512/val/n01770081/ILSVRC2012_val_00047164.JPEG,594,168.79750061035156,0.0009765625,0.045642661211148565,0.8547349610680265,0.13480615624629816,35675,0.9956168417445109
738,/home/projects/bagon/shared/imagenet512/val/n01910747/ILSVRC2012_val_00011383.JPEG,536,309.09740447998047,0.0009307861328125,0.04180535482590814,0.9741951016973729,0.13046396579414213,35702,0.9926398961117466
739,/home/projects/bagon/shared/imagenet512/val/n03777754/ILSVRC2012_val_00025779.JPEG,873,302.376407623291,0.000934600830078125,0.06255951757508002,0.9062652256704586,0.13845509511927145,35730,0.9955046507504691
740,/home/projects/bagon/shared/imagenet512/val/n07932039/ILSVRC2012_val_00012666.JPEG,1018,1705.0023574829102,0.00099945068359375,0.07735672955516577,0.9985993750865961,0.14743354155650096,35756,0.9835096364967264
741,/home/projects/bagon/shared/imagenet512/val/n01737021/ILSVRC2012_val_00043245.JPEG,459,148.13864135742188,0.00096893310546875,0.03636822189401703,0.8705499161281159,0.07013567263657017,35822,0.9921780305047966
742,/home/projects/bagon/shared/imagenet512/val/n02708093/ILSVRC2012_val_00049049.JPEG,1380,74.79966735839844,0.000946044921875,0.06650819681612793,0.4652627456394065,0.1678313051899734,35846,0.993331033354834
743,/home/projects/bagon/shared/imagenet512/val/n04487081/ILSVRC2012_val_00011711.JPEG,467,23.025157928466797,0.000942230224609375,0.03232008934395534,0.3208490311089744,0.052673650556859825,35847,0.9988733353734457
744,/home/projects/bagon/shared/imagenet512/val/n03710193/ILSVRC2012_val_00048316.JPEG,775,388.0048065185547,0.00093841552734375,0.05666797672428481,0.9667683703205588,0.08150846893269889,35849,0.9928835902361505
745,/home/projects/bagon/shared/imagenet512/val/n04127249/ILSVRC2012_val_00022604.JPEG,597,247.69550323486328,0.00093841552734375,0.04644444559288951,0.9285882491850022,0.22639648881024582,35872,0.9973146763547898
746,/home/projects/bagon/shared/imagenet512/val/n02978881/ILSVRC2012_val_00001674.JPEG,819,616.1948318481445,0.000946044921875,0.0602355864872939,0.9889242523850255,0.1010693385198323,35873,0.9950639526858389
747,/home/projects/bagon/shared/imagenet512/val/n04404412/ILSVRC2012_val_00020529.JPEG,894,83.42155075073242,0.000949859619140625,0.05125163524508825,0.6540058933137218,0.16858759462063588,35887,0.9954271035377824
748,/home/projects/bagon/shared/imagenet512/val/n04238763/ILSVRC2012_val_00013545.JPEG,495,459.00672149658203,0.000946044921875,0.04275161042945502,0.9864233213408131,0.04741945515014489,35901,0.9946390828802315
749,/home/projects/bagon/shared/imagenet512/val/n04286575/ILSVRC2012_val_00043490.JPEG,457,32.33165740966797,0.0009918212890625,0.030815194701402208,0.4526123911779123,0.2881920108691146,35910,0.9934887874309539
750,/home/projects/bagon/shared/imagenet512/val/n07684084/ILSVRC2012_val_00022011.JPEG,440,141.8950424194336,0.00099945068359375,0.03489788752957539,0.899327266537968,0.08076081022732431,35918,0.9948527566198526
751,/home/projects/bagon/shared/imagenet512/val/n03761084/ILSVRC2012_val_00000519.JPEG,664,352.91194915771484,0.00099945068359375,0.05140072935794131,0.9611159529274961,0.0775375642011292,35952,0.9930437478810262
752,/home/projects/bagon/shared/imagenet512/val/n01751748/ILSVRC2012_val_00035914.JPEG,465,110.01564025878906,0.0009613037109375,0.03521897078268374,0.8351619106339173,0.12310746277011034,35969,0.9954009289173779
753,/home/projects/bagon/shared/imagenet512/val/n01704323/ILSVRC2012_val_00044692.JPEG,481,1265.0235214233398,0.00099945068359375,0.044370196918193355,0.998838338793689,0.04384963118422484,35980,0.9897142002924542
754,/home/projects/bagon/shared/imagenet512/val/n02106382/ILSVRC2012_val_00044869.JPEG,734,172.12596130371094,0.0009765625,0.050073596937807836,0.8592125384168426,0.039554096107050164,35991,0.9927884899195644
755,/home/projects/bagon/shared/imagenet512/val/n04476259/ILSVRC2012_val_00008708.JPEG,148,0.35648345947265625,0.0009765625,0.007910266917936837,0.005657054495879823,0.03729744408071009,35994,0.999774873845751
756,/home/projects/bagon/shared/imagenet512/val/n03649909/ILSVRC2012_val_00010775.JPEG,756,250.46688842773438,0.00099945068359375,0.0510902169736196,0.9405773413120664,0.19029357031865557,36016,0.9944089446316894
757,/home/projects/bagon/shared/imagenet512/val/n04259630/ILSVRC2012_val_00013276.JPEG,691,197.58201599121094,0.00099945068359375,0.05153118236683434,0.8612306031178655,0.14351885534971937,36019,0.995236738951895
758,/home/projects/bagon/shared/imagenet512/val/n04517823/ILSVRC2012_val_00039209.JPEG,615,329.53392028808594,0.00093841552734375,0.04916281203234344,0.9551275880546858,0.08150130302897876,36021,0.9921136344955991
759,/home/projects/bagon/shared/imagenet512/val/n02843684/ILSVRC2012_val_00026179.JPEG,167,0.7290077209472656,0.000942230224609375,0.010764944955674692,0.017801461145317266,0.02193506061574379,36024,0.9996823504574018
760,/home/projects/bagon/shared/imagenet512/val/n07613480/ILSVRC2012_val_00040577.JPEG,419,70.25333404541016,0.00090789794921875,0.03275346186229839,0.6973466544749716,0.11908971607649863,36027,0.9970089404195096
761,/home/projects/bagon/shared/imagenet512/val/n07615774/ILSVRC2012_val_00015454.JPEG,705,324.6831283569336,0.0009307861328125,0.05301221442314722,0.9458343170343056,0.09015930709116883,36047,0.9936834909432876
762,/home/projects/bagon/shared/imagenet512/val/n02640242/ILSVRC2012_val_00027400.JPEG,702,113.80783462524414,0.000972747802734375,0.049381332527161044,0.7129902068068491,0.18343964240329635,36090,0.99563607273809
763,/home/projects/bagon/shared/imagenet512/val/n01704323/ILSVRC2012_val_00010602.JPEG,464,478.1989517211914,0.0009918212890625,0.041210118920321885,0.9878995281505396,0.09272550904826454,36103,0.9957997274505007
764,/home/projects/bagon/shared/imagenet512/val/n03534580/ILSVRC2012_val_00021106.JPEG,861,123.36038208007812,0.0009765625,0.05333171810114813,0.7632860905091288,0.17614714521286357,36131,0.9950747068391017
765,/home/projects/bagon/shared/imagenet512/val/n02917067/ILSVRC2012_val_00001805.JPEG,532,343.21460342407227,0.000942230224609375,0.043201050447174295,0.9784332426762306,0.08358148453081896,36137,0.9966272383075797
766,/home/projects/bagon/shared/imagenet512/val/n03920288/ILSVRC2012_val_00043980.JPEG,608,758.5412483215332,0.000942230224609375,0.04890679807997791,0.9970202252579407,0.07086328634284084,36183,0.9914967626150111
767,/home/projects/bagon/shared/imagenet512/val/n02093859/ILSVRC2012_val_00020043.JPEG,789,650.9765625,0.0009765625,0.06212694963464621,0.9885149894408632,0.1494484556849035,36189,0.9929617049877569
768,/home/projects/bagon/shared/imagenet512/val/n03457902/ILSVRC2012_val_00045437.JPEG,317,58.74222946166992,0.000896453857421875,0.027328914021794364,0.681775691621807,0.010693000880733456,36219,0.9982845351975349
769,/home/projects/bagon/shared/imagenet512/val/n04557648/ILSVRC2012_val_00012968.JPEG,621,247.5093231201172,0.0009918212890625,0.04467845225047738,0.9449230432640005,0.15509832375831648,36242,0.9965868473683983
770,/home/projects/bagon/shared/imagenet512/val/n02088466/ILSVRC2012_val_00020047.JPEG,513,164.53462982177734,0.00098419189453125,0.039089859600632756,0.8976455365701348,0.12209416209523655,36250,0.9960371738410612
771,/home/projects/bagon/shared/imagenet512/val/n02096437/ILSVRC2012_val_00016759.JPEG,549,169.05408477783203,0.00095367431640625,0.0427745367393108,0.8660235742287328,0.1731755490448649,36266,0.9949684414998565
772,/home/projects/bagon/shared/imagenet512/val/n02879718/ILSVRC2012_val_00032955.JPEG,540,385.7716407775879,0.000965118408203125,0.0450850157349444,0.9762611986085681,0.3009653715002786,36281,0.9959735028370479
773,/home/projects/bagon/shared/imagenet512/val/n04344873/ILSVRC2012_val_00012218.JPEG,618,151.35445404052734,0.00096893310546875,0.043667761897482255,0.8562231674041817,0.12972416798949318,36290,0.9953698881909923
774,/home/projects/bagon/shared/imagenet512/val/n01807496/ILSVRC2012_val_00048846.JPEG,1582,236.67895126342773,0.000957489013671875,0.08499654101187715,0.796446675210408,0.22055993057214338,36326,0.9883251830113046
775,/home/projects/bagon/shared/imagenet512/val/n03785016/ILSVRC2012_val_00033724.JPEG,902,103.37565612792969,0.00099945068359375,0.04753207185633063,0.7888451745400638,0.15473523153818394,36384,0.9934373990897747
776,/home/projects/bagon/shared/imagenet512/val/n01773549/ILSVRC2012_val_00011853.JPEG,678,97.81817626953125,0.0009002685546875,0.04779113843731995,0.6201609388695595,0.07364423003112128,36424,0.9880611144845247
777,/home/projects/bagon/shared/imagenet512/val/n04465501/ILSVRC2012_val_00041382.JPEG,944,265.41552734375,0.0009918212890625,0.05963796774567539,0.9253410146999884,0.16467989484205164,36474,0.9926116553472473
778,/home/projects/bagon/shared/imagenet512/val/n04458633/ILSVRC2012_val_00025558.JPEG,414,489.2340316772461,0.00099945068359375,0.03720124018374073,0.9935902596813949,0.11404611259854469,36499,0.993993758294697
779,/home/projects/bagon/shared/imagenet512/val/n04141327/ILSVRC2012_val_00032403.JPEG,724,1249.9070739746094,0.00099945068359375,0.059044859688342666,0.9984804935212894,0.08909704595751898,36506,0.9939062757701318
780,/home/projects/bagon/shared/imagenet512/val/n03692522/ILSVRC2012_val_00025833.JPEG,596,189.2037353515625,0.0009918212890625,0.046069397972302153,0.8675657731651691,0.1946046461222794,36508,0.9949354549890703
781,/home/projects/bagon/shared/imagenet512/val/n02105251/ILSVRC2012_val_00035781.JPEG,442,80.89264678955078,0.00092315673828125,0.03212220214089079,0.7968804796453406,0.08299486319994248,36516,0.996441904512605
782,/home/projects/bagon/shared/imagenet512/val/n02988304/ILSVRC2012_val_00036485.JPEG,761,137.57864379882812,0.0009765625,0.05197809425807442,0.7635559472594315,0.06566415608023358,36517,0.9908464358026332
783,/home/projects/bagon/shared/imagenet512/val/n04465501/ILSVRC2012_val_00027493.JPEG,819,108.68920516967773,0.000972747802734375,0.053727738025902784,0.6777380592386181,0.040530396929360765,36537,0.9922432740180122
784,/home/projects/bagon/shared/imagenet512/val/n03794056/ILSVRC2012_val_00035572.JPEG,498,259.9965400695801,0.000926971435546875,0.04044233222994574,0.9553545511991246,0.1567642598639106,36545,0.9926167052821024
785,/home/projects/bagon/shared/imagenet512/val/n09246464/ILSVRC2012_val_00037494.JPEG,429,9.596450805664062,0.0009918212890625,0.027610000142073078,0.15557967393112407,0.07852940399818734,36552,0.9977933729261513
786,/home/projects/bagon/shared/imagenet512/val/n03014705/ILSVRC2012_val_00038968.JPEG,434,104.77761840820312,0.0009307861328125,0.03393576013840551,0.8372344002577269,0.08930465919960873,36555,0.9966879424508529
787,/home/projects/bagon/shared/imagenet512/val/n03666591/ILSVRC2012_val_00030378.JPEG,738,409.75474548339844,0.00098419189453125,0.054798303100714964,0.9668441700161896,0.11690827158483316,36567,0.989157605950998
788,/home/projects/bagon/shared/imagenet512/val/n02236044/ILSVRC2012_val_00029524.JPEG,836,920.1729049682617,0.0009765625,0.06037683469553392,0.9977343151158724,0.2663175228021881,36576,0.9926298092747475
789,/home/projects/bagon/shared/imagenet512/val/n03207743/ILSVRC2012_val_00044279.JPEG,181,7.438426971435547,0.000888824462890625,0.01526159770754321,0.238176330493149,0.02591616382581202,36582,0.9992693007015983
790,/home/projects/bagon/shared/imagenet512/val/n01770081/ILSVRC2012_val_00038467.JPEG,344,121.09476470947266,0.00099945068359375,0.029748473662371665,0.8689425228264444,0.09250411649153968,36599,0.9962912802081533
791,/home/projects/bagon/shared/imagenet512/val/n02356798/ILSVRC2012_val_00029719.JPEG,874,1616.9330520629883,0.00096893310546875,0.07019297042565431,0.9986416379123215,0.2205577404619355,36625,0.9916831561291094
792,/home/projects/bagon/shared/imagenet512/val/n03781244/ILSVRC2012_val_00044594.JPEG,1106,181.83518600463867,0.000965118408203125,0.06752197168328847,0.7698438620970974,0.12426465834481315,36683,0.9906875070334807
793,/home/projects/bagon/shared/imagenet512/val/n03775071/ILSVRC2012_val_00037281.JPEG,642,432.2165718078613,0.000972747802734375,0.05089901338036083,0.9780963884898343,0.10412018254302723,36686,0.9909100965084509
794,/home/projects/bagon/shared/imagenet512/val/n02102480/ILSVRC2012_val_00048337.JPEG,649,71.79572296142578,0.00099945068359375,0.04221458019592579,0.643431489704947,0.04661281593934654,36744,0.9946412267835129
795,/home/projects/bagon/shared/imagenet512/val/n03032252/ILSVRC2012_val_00041956.JPEG,430,134.84999465942383,0.000926971435546875,0.0353071490152735,0.8626473365871037,0.06664805473298434,36755,0.9974596111720954
796,/home/projects/bagon/shared/imagenet512/val/n03791053/ILSVRC2012_val_00049655.JPEG,655,68.20146560668945,0.000957489013671875,0.04458865269285527,0.576824483367748,0.07653272979611844,36760,0.9944703203356459
797,/home/projects/bagon/shared/imagenet512/val/n03837869/ILSVRC2012_val_00008078.JPEG,790,730.7958221435547,0.00099945068359375,0.061830363018483776,0.9922319175669676,0.1484221409955137,36775,0.9918933587673484
798,/home/projects/bagon/shared/imagenet512/val/n03623198/ILSVRC2012_val_00024197.JPEG,298,14.363033294677734,0.000957489013671875,0.023227381871340592,0.28282568832560795,0.10702888898868698,36781,0.9983576203228982
799,/home/projects/bagon/shared/imagenet512/val/n07875152/ILSVRC2012_val_00013995.JPEG,426,131.72220993041992,0.000949859619140625,0.03503811583794171,0.8620464256323166,0.009146675462522541,36786,0.9974332378511794
800,/home/projects/bagon/shared/imagenet512/val/n02129165/ILSVRC2012_val_00009124.JPEG,773,1004.2339210510254,0.000942230224609375,0.06027285897502846,0.9977720867888178,0.2214838246421092,36822,0.9888993897688367
801,/home/projects/bagon/shared/imagenet512/val/n02480855/ILSVRC2012_val_00000242.JPEG,509,261.3585968017578,0.00093841552734375,0.03980671609916962,0.9577593223749878,0.09420378504843943,36829,0.9914341993524283
802,/home/projects/bagon/shared/imagenet512/val/n03729826/ILSVRC2012_val_00032307.JPEG,461,455.0049057006836,0.00098419189453125,0.03859582886077904,0.9932193154597101,0.07278943235616467,36848,0.99594631008865
803,/home/projects/bagon/shared/imagenet512/val/n03937543/ILSVRC2012_val_00017943.JPEG,454,141.05348205566406,0.00099945068359375,0.036766905276317284,0.8650548090162036,0.11202871212822048,36850,0.9977126001072584
804,/home/projects/bagon/shared/imagenet512/val/n01978455/ILSVRC2012_val_00008870.JPEG,663,313.44462966918945,0.000942230224609375,0.045428780462540334,0.9730395388856115,0.15035163721586017,36855,0.9923703690565991
805,/home/projects/bagon/shared/imagenet512/val/n02481823/ILSVRC2012_val_00046741.JPEG,770,576.8310775756836,0.00099945068359375,0.05773425104116877,0.9917943129163305,0.2019739842572641,36871,0.9904067987153865
806,/home/projects/bagon/shared/imagenet512/val/n02669723/ILSVRC2012_val_00002220.JPEG,940,227.74236297607422,0.0009918212890625,0.05557277695042073,0.9287701089156378,0.04308980565451277,36887,0.9879628629071834
807,/home/projects/bagon/shared/imagenet512/val/n03908714/ILSVRC2012_val_00015411.JPEG,742,388.6355438232422,0.0009307861328125,0.0539028930402194,0.9719704204649872,0.12263415502028763,36896,0.9946748515345449
808,/home/projects/bagon/shared/imagenet512/val/n04371774/ILSVRC2012_val_00011159.JPEG,369,220.29145050048828,0.0009307861328125,0.0324792863297846,0.9559380957212957,0.07560795778772822,36911,0.9970903529709633
809,/home/projects/bagon/shared/imagenet512/val/n04086273/ILSVRC2012_val_00000667.JPEG,734,886.2364120483398,0.00098419189453125,0.0581683025550808,0.9964823082987389,0.0676814781417192,36924,0.9901557055114738
810,/home/projects/bagon/shared/imagenet512/val/n01440764/ILSVRC2012_val_00037383.JPEG,530,284.7856750488281,0.0009765625,0.04247784609866779,0.966148135835925,0.09652483652408458,36943,0.9960618472150662
811,/home/projects/bagon/shared/imagenet512/val/n04263257/ILSVRC2012_val_00044731.JPEG,817,86.62488555908203,0.00096893310546875,0.04859201359158418,0.6943529071622055,0.1971841156227515,36950,0.9905324754579675
812,/home/projects/bagon/shared/imagenet512/val/n02115641/ILSVRC2012_val_00031077.JPEG,645,230.67112350463867,0.000926971435546875,0.04685745824684626,0.9253323116707554,0.1753964046735917,36963,0.9957147104627199
813,/home/projects/bagon/shared/imagenet512/val/n03796401/ILSVRC2012_val_00018799.JPEG,641,213.33958435058594,0.00099945068359375,0.04580630677146176,0.9263141714091763,0.0592070601912444,36973,0.9910910510251761
814,/home/projects/bagon/shared/imagenet512/val/n03160309/ILSVRC2012_val_00006222.JPEG,349,220.63883209228516,0.00099945068359375,0.031491463884403,0.945689430175753,0.32814570975768415,36981,0.9949746975577431
815,/home/projects/bagon/shared/imagenet512/val/n03627232/ILSVRC2012_val_00033273.JPEG,470,410.4787902832031,0.0009918212890625,0.03994586858465531,0.9876146001033036,0.11712445790770823,37012,0.9932411936951223
816,/home/projects/bagon/shared/imagenet512/val/n04311004/ILSVRC2012_val_00016878.JPEG,742,266.2482681274414,0.00091552734375,0.05505721247106154,0.9085418292965209,0.08215345621363554,37023,0.9951466802068737
817,/home/projects/bagon/shared/imagenet512/val/n03967562/ILSVRC2012_val_00005373.JPEG,526,172.30106353759766,0.00095367431640625,0.0394001059220974,0.9087655534396479,0.09602481869996951,37036,0.9952565153972058
818,/home/projects/bagon/shared/imagenet512/val/n07836838/ILSVRC2012_val_00029981.JPEG,960,1204.6573181152344,0.0009765625,0.06765638789155465,0.9984354521241974,0.07873979327217268,37037,0.9919384073242895
819,/home/projects/bagon/shared/imagenet512/val/n02107142/ILSVRC2012_val_00036453.JPEG,912,421.89881896972656,0.00098419189453125,0.0615674081119464,0.9744522925376857,0.23341779281248215,37110,0.993067380998959
820,/home/projects/bagon/shared/imagenet512/val/n04485082/ILSVRC2012_val_00003849.JPEG,537,494.8851013183594,0.0009307861328125,0.045466513815936346,0.9895093588589152,0.13346853157306962,37164,0.9951555627171387
821,/home/projects/bagon/shared/imagenet512/val/n02815834/ILSVRC2012_val_00035757.JPEG,563,103.98422622680664,0.000957489013671875,0.042244253114134545,0.7405867600108276,0.05250555671387173,37195,0.9966194205473152
822,/home/projects/bagon/shared/imagenet512/val/n03062245/ILSVRC2012_val_00019832.JPEG,552,140.14785766601562,0.00098419189453125,0.042325173256941774,0.8357110628829164,0.08243372495280248,37225,0.9976654086109122
823,/home/projects/bagon/shared/imagenet512/val/n02815834/ILSVRC2012_val_00028516.JPEG,616,451.46412658691406,0.0009765625,0.04969936603617372,0.9795097903397872,0.08317071490790073,37233,0.9951329037356523
824,/home/projects/bagon/shared/imagenet512/val/n04153751/ILSVRC2012_val_00036201.JPEG,363,63.68297576904297,0.00099945068359375,0.028723752121777805,0.7180632716816774,0.08767603506100147,37277,0.9979020368879903
825,/home/projects/bagon/shared/imagenet512/val/n02099267/ILSVRC2012_val_00010382.JPEG,885,831.9818420410156,0.0009918212890625,0.06057908357510266,0.9967035089277562,0.14785361136998293,37284,0.9823053722902684
826,/home/projects/bagon/shared/imagenet512/val/n07873807/ILSVRC2012_val_00047524.JPEG,765,923.1322937011719,0.00099945068359375,0.062350018008305565,0.9958617828246337,0.24524854505826704,37287,0.9911023744475521
827,/home/projects/bagon/shared/imagenet512/val/n02808304/ILSVRC2012_val_00037173.JPEG,407,102.05685043334961,0.000942230224609375,0.0330278998712715,0.8191621419410022,0.04236184294744562,37374,0.9964597604899509
828,/home/projects/bagon/shared/imagenet512/val/n03000134/ILSVRC2012_val_00006620.JPEG,735,432.2407684326172,0.0009918212890625,0.05654048658523486,0.9666902148358221,0.02401570005229129,37376,0.9892960057778216
829,/home/projects/bagon/shared/imagenet512/val/n07615774/ILSVRC2012_val_00035021.JPEG,645,769.0998916625977,0.00098419189453125,0.051111974892289996,0.99734218899606,0.2177727789933699,37384,0.9941548984720237
830,/home/projects/bagon/shared/imagenet512/val/n07716906/ILSVRC2012_val_00025707.JPEG,716,399.3928985595703,0.00098419189453125,0.0562989790160502,0.9567163370590309,0.10518682832382627,37388,0.9866616599093059
831,/home/projects/bagon/shared/imagenet512/val/n02437616/ILSVRC2012_val_00026173.JPEG,577,493.3808135986328,0.0009918212890625,0.04603625600083235,0.9926608255767144,0.18711038538688518,37418,0.9916829789073361
832,/home/projects/bagon/shared/imagenet512/val/n02236044/ILSVRC2012_val_00037773.JPEG,252,24.148193359375,0.00099945068359375,0.02165948434168112,0.4820914736475647,0.03057192103964129,37422,0.9988558480090634
833,/home/projects/bagon/shared/imagenet512/val/n03733131/ILSVRC2012_val_00012951.JPEG,820,627.9079856872559,0.000919342041015625,0.06390500355105383,0.9789887878675033,0.08150349209265587,37432,0.9903528887603192
834,/home/projects/bagon/shared/imagenet512/val/n03838899/ILSVRC2012_val_00021863.JPEG,1058,436.1732177734375,0.00098419189453125,0.06651149378599859,0.9754684540226646,0.15747338168262576,37451,0.9923197920966372
835,/home/projects/bagon/shared/imagenet512/val/n03742115/ILSVRC2012_val_00001318.JPEG,732,350.05174255371094,0.00098419189453125,0.05291476130608857,0.9656942734170011,0.19384853662990972,37462,0.9968741392603928
836,/home/projects/bagon/shared/imagenet512/val/n03125729/ILSVRC2012_val_00037113.JPEG,807,124.23579406738281,0.00099945068359375,0.0523805878671821,0.7331059530149009,0.115385932678262,37477,0.9912865964152132
837,/home/projects/bagon/shared/imagenet512/val/n03126707/ILSVRC2012_val_00030723.JPEG,572,445.0188674926758,0.000946044921875,0.047799093644068674,0.9784044539676968,0.01057578189751232,37478,0.9948102555036278
838,/home/projects/bagon/shared/imagenet512/val/n04026417/ILSVRC2012_val_00021143.JPEG,861,135.79849243164062,0.0009918212890625,0.05385859434277437,0.7869754010127594,0.09207898655338079,37503,0.9944020562828612
839,/home/projects/bagon/shared/imagenet512/val/n04005630/ILSVRC2012_val_00049791.JPEG,505,157.8547248840332,0.000911712646484375,0.039136488143227365,0.8838229970583602,0.07830629114977262,37526,0.9962501861445268
840,/home/projects/bagon/shared/imagenet512/val/n04040759/ILSVRC2012_val_00011284.JPEG,642,496.3513603210449,0.000972747802734375,0.05093160193860363,0.9875366683310636,0.14981699669854204,37528,0.9933646055474996
841,/home/projects/bagon/shared/imagenet512/val/n03633091/ILSVRC2012_val_00033112.JPEG,522,118.66939163208008,0.000957489013671875,0.03943130361862386,0.8135593833553814,0.15856653406535318,37530,0.996022745925994
842,/home/projects/bagon/shared/imagenet512/val/n02916936/ILSVRC2012_val_00047632.JPEG,691,372.8256072998047,0.00099945068359375,0.053712836300082376,0.9578969670390612,0.1226217109478129,37531,0.9927848138452983
843,/home/projects/bagon/shared/imagenet512/val/n01755581/ILSVRC2012_val_00032036.JPEG,793,261.1701965332031,0.00098419189453125,0.05544965538263663,0.9041059087595842,0.06560562159865653,37544,0.983103933117011
844,/home/projects/bagon/shared/imagenet512/val/n03141823/ILSVRC2012_val_00044432.JPEG,524,359.8961944580078,0.000946044921875,0.043573883106856504,0.973038152467965,0.09712485465873343,37548,0.9952288223203949
845,/home/projects/bagon/shared/imagenet512/val/n02110063/ILSVRC2012_val_00017722.JPEG,650,190.23328018188477,0.000965118408203125,0.04642425476987933,0.9115270206882296,0.17095140120782037,37554,0.9906985906919453
846,/home/projects/bagon/shared/imagenet512/val/n02930766/ILSVRC2012_val_00041065.JPEG,590,77.44880676269531,0.00096893310546875,0.0392813986315362,0.8072274866941445,0.19621885984462034,37608,0.9944506276740513
847,/home/projects/bagon/shared/imagenet512/val/n01693334/ILSVRC2012_val_00041069.JPEG,1243,245.43319702148438,0.0009918212890625,0.07072813510328577,0.9352162304630826,0.07541794770477422,37633,0.9822171733224151
848,/home/projects/bagon/shared/imagenet512/val/n04023962/ILSVRC2012_val_00037966.JPEG,451,475.748046875,0.00098419189453125,0.04076625910803761,0.9903005251088494,0.029030428050318774,37638,0.9981902519669502
849,/home/projects/bagon/shared/imagenet512/val/n02492035/ILSVRC2012_val_00016791.JPEG,1288,1489.4625129699707,0.000934600830078125,0.0873607562221492,0.998112055435934,0.3537810856566079,37653,0.9776113660597686
850,/home/projects/bagon/shared/imagenet512/val/n03661043/ILSVRC2012_val_00018849.JPEG,846,321.44249725341797,0.00096893310546875,0.055610688602179055,0.9666888001916618,0.14639338755845616,37656,0.9916804257713969
851,/home/projects/bagon/shared/imagenet512/val/n02110185/ILSVRC2012_val_00046687.JPEG,1413,405.61351776123047,0.0009918212890625,0.08517195569407124,0.9158174812783509,0.16715403147428917,37659,0.9868142241874842
852,/home/projects/bagon/shared/imagenet512/val/n04141076/ILSVRC2012_val_00039538.JPEG,683,109.8956184387207,0.000957489013671875,0.04539797672082689,0.7536440830878665,0.09972082268114893,37680,0.996639804152606
853,/home/projects/bagon/shared/imagenet512/val/n03476991/ILSVRC2012_val_00027034.JPEG,1189,1675.6067504882812,0.00095367431640625,0.08348575527431716,0.9989091312136121,0.20273738450887896,37694,0.9929372403660323
854,/home/projects/bagon/shared/imagenet512/val/n04005630/ILSVRC2012_val_00022471.JPEG,516,261.09077072143555,0.000926971435546875,0.0376980097708802,0.974800775032006,0.13418034042233956,37699,0.996156175496151
855,/home/projects/bagon/shared/imagenet512/val/n03720891/ILSVRC2012_val_00011678.JPEG,529,513.7022743225098,0.000904083251953125,0.04396631356478882,0.9918792817394355,0.07741763438420146,37738,0.9951533684554376
856,/home/projects/bagon/shared/imagenet512/val/n03180011/ILSVRC2012_val_00049615.JPEG,1071,256.4457588195801,0.000972747802734375,0.06358751952166546,0.9003795860356939,0.2516970786420132,37771,0.9925615610196201
857,/home/projects/bagon/shared/imagenet512/val/n04127249/ILSVRC2012_val_00020995.JPEG,727,683.8950653076172,0.00091552734375,0.05780929257544597,0.990474573101999,0.25139953452194286,37795,0.9950377161505142
858,/home/projects/bagon/shared/imagenet512/val/n03400231/ILSVRC2012_val_00022777.JPEG,649,10.573776245117188,0.00095367431640625,0.033948825891430987,0.13889448634815496,0.10625959950242315,37799,0.9982732657608895
859,/home/projects/bagon/shared/imagenet512/val/n02783161/ILSVRC2012_val_00018665.JPEG,915,226.84248733520508,0.000957489013671875,0.060033798190373765,0.8638434730618803,0.029856362527107938,37800,0.9943643709947118
860,/home/projects/bagon/shared/imagenet512/val/n03062245/ILSVRC2012_val_00003439.JPEG,798,225.10194396972656,0.00098419189453125,0.05644593991885873,0.869179405154146,0.14556971396267193,37823,0.9941072673082668
861,/home/projects/bagon/shared/imagenet512/val/n04033901/ILSVRC2012_val_00019393.JPEG,378,253.3687286376953,0.00099945068359375,0.03418190339592667,0.962240054076276,0.1381196427482332,37824,0.9971782793982609
862,/home/projects/bagon/shared/imagenet512/val/n02133161/ILSVRC2012_val_00016229.JPEG,838,258.1182060241699,0.000896453857421875,0.054614547056873186,0.9273333104733499,0.1308197686569764,37840,0.9922703724756854
863,/home/projects/bagon/shared/imagenet512/val/n03017168/ILSVRC2012_val_00033645.JPEG,436,194.48175811767578,0.0009765625,0.03579993837272246,0.94068767418991,0.058085268246753155,37845,0.997294746794401
864,/home/projects/bagon/shared/imagenet512/val/n03759954/ILSVRC2012_val_00047050.JPEG,937,280.9283447265625,0.000946044921875,0.058833665610021166,0.9285849570067286,0.1962906697199343,37887,0.9946716613496792
865,/home/projects/bagon/shared/imagenet512/val/n04370456/ILSVRC2012_val_00010897.JPEG,875,240.8957061767578,0.00098419189453125,0.05925162661239983,0.887246238018499,0.08746287852686269,37896,0.9930609898522446
866,/home/projects/bagon/shared/imagenet512/val/n03325584/ILSVRC2012_val_00022386.JPEG,594,608.2781181335449,0.000934600830078125,0.05047654010213109,0.9909567268686448,0.06085072857936349,37963,0.9860877282223378
867,/home/projects/bagon/shared/imagenet512/val/n03733805/ILSVRC2012_val_00040274.JPEG,933,924.3070526123047,0.00099945068359375,0.07000542694229538,0.9945586261041771,0.19448188049446657,37964,0.9909187548156507
868,/home/projects/bagon/shared/imagenet512/val/n02977058/ILSVRC2012_val_00046582.JPEG,636,744.0611572265625,0.00099945068359375,0.05339992015369706,0.994611935715969,0.03768451566074157,38000,0.9855961338484309
869,/home/projects/bagon/shared/imagenet512/val/n02408429/ILSVRC2012_val_00020008.JPEG,823,452.66819763183594,0.00098419189453125,0.05703095999063813,0.980584644988232,0.3074805146658147,38030,0.9821107693572186
870,/home/projects/bagon/shared/imagenet512/val/n04550184/ILSVRC2012_val_00018418.JPEG,646,321.1978187561035,0.000904083251953125,0.045139325200824296,0.9840660158218826,0.061826560350794625,38046,0.9948808251301685
871,/home/projects/bagon/shared/imagenet512/val/n02966687/ILSVRC2012_val_00029374.JPEG,530,211.30563354492188,0.00099945068359375,0.03912074798839853,0.9439847720782369,0.015349018071348218,38051,0.9968879720894784
872,/home/projects/bagon/shared/imagenet512/val/n02106662/ILSVRC2012_val_00022976.JPEG,378,20.298919677734375,0.00098419189453125,0.025374590475716198,0.3793184643086976,0.17983179287427908,38077,0.9972789126399714
873,/home/projects/bagon/shared/imagenet512/val/n03126707/ILSVRC2012_val_00044885.JPEG,543,355.5221481323242,0.0009918212890625,0.044430061904623175,0.9725689197644793,0.08021367443877203,38086,0.9951264031670227
874,/home/projects/bagon/shared/imagenet512/val/n02109047/ILSVRC2012_val_00036235.JPEG,632,608.722770690918,0.000946044921875,0.05068890888876708,0.9930064730862318,0.034431399658949695,38092,0.9954426919989764
875,/home/projects/bagon/shared/imagenet512/val/n02497673/ILSVRC2012_val_00021780.JPEG,739,104.87142944335938,0.00099945068359375,0.04774222335093625,0.7387675599570829,0.16633396574718923,38095,0.9950779803009261
876,/home/projects/bagon/shared/imagenet512/val/n03666591/ILSVRC2012_val_00009507.JPEG,793,736.2619857788086,0.0009307861328125,0.0617022145786452,0.9908631516535948,0.07769407975553072,38103,0.9917398804636866
877,/home/projects/bagon/shared/imagenet512/val/n03271574/ILSVRC2012_val_00048524.JPEG,586,1182.3447570800781,0.00099945068359375,0.051032337677809576,0.9983076652274446,0.12885825345312812,38106,0.9917895954664225
878,/home/projects/bagon/shared/imagenet512/val/n04443257/ILSVRC2012_val_00010034.JPEG,743,32.78099060058594,0.0009918212890625,0.04505070611512942,0.3077193602543949,0.049880300620819926,38123,0.996614467071878
879,/home/projects/bagon/shared/imagenet512/val/n02100877/ILSVRC2012_val_00006857.JPEG,579,329.4434509277344,0.00095367431640625,0.04390731449157046,0.9786395471777347,0.031574585748120415,38137,0.9919867037040386
880,/home/projects/bagon/shared/imagenet512/val/n04254777/ILSVRC2012_val_00019815.JPEG,648,756.28076171875,0.00099945068359375,0.05339840536889664,0.9941687639299123,0.15722161192379847,38205,0.9924566572892474
881,/home/projects/bagon/shared/imagenet512/val/n03649909/ILSVRC2012_val_00028728.JPEG,570,92.46055603027344,0.00099945068359375,0.03991864142353428,0.7476753636184424,0.1314087339961403,38221,0.997679944771905
882,/home/projects/bagon/shared/imagenet512/val/n04389033/ILSVRC2012_val_00004353.JPEG,453,56.86125946044922,0.00091552734375,0.03317967390342454,0.6305759849889057,0.10235721196865401,38254,0.9973218868028705
883,/home/projects/bagon/shared/imagenet512/val/n03476991/ILSVRC2012_val_00007805.JPEG,954,240.43975448608398,0.000942230224609375,0.06340175491408438,0.8584230804674131,0.07161831124043139,38257,0.9959285416943184
884,/home/projects/bagon/shared/imagenet512/val/n04462240/ILSVRC2012_val_00006988.JPEG,822,514.517822265625,0.00098419189453125,0.06034347164969333,0.9753053010911154,0.17295864685472973,38271,0.9929999209570888
885,/home/projects/bagon/shared/imagenet512/val/n04263257/ILSVRC2012_val_00038858.JPEG,977,548.5531806945801,0.000911712646484375,0.0669807714850338,0.9797491034617537,0.07845920827047635,38304,0.9896329010076841
886,/home/projects/bagon/shared/imagenet512/val/n03871628/ILSVRC2012_val_00015580.JPEG,641,183.89422988891602,0.000949859619140625,0.04629949506049219,0.8829184349636683,0.06526663798226195,38332,0.9935020163680158
887,/home/projects/bagon/shared/imagenet512/val/n01739381/ILSVRC2012_val_00032571.JPEG,904,516.3243255615234,0.00098419189453125,0.06185687713077336,0.9813669714641312,0.07996601319116488,38343,0.99134882894665
888,/home/projects/bagon/shared/imagenet512/val/n03125729/ILSVRC2012_val_00038941.JPEG,1004,305.1853942871094,0.0009613037109375,0.06625170953483381,0.9087685176623643,0.07356710473064339,38356,0.9923733082038183
889,/home/projects/bagon/shared/imagenet512/val/n07745940/ILSVRC2012_val_00010942.JPEG,537,565.474739074707,0.00099945068359375,0.04483222189644383,0.9942115810487938,0.05921214247359868,38359,0.9924023382564092
890,/home/projects/bagon/shared/imagenet512/val/n04162706/ILSVRC2012_val_00039567.JPEG,375,300.9080047607422,0.00091552734375,0.03246458721552039,0.9750276597638246,0.1830389065275544,38373,0.9943222486765665
891,/home/projects/bagon/shared/imagenet512/val/n03394916/ILSVRC2012_val_00023056.JPEG,1050,2929.1205444335938,0.00099945068359375,0.07812461399776251,0.9993941692464026,0.10159775048242892,38381,0.982932400236437
892,/home/projects/bagon/shared/imagenet512/val/n02088364/ILSVRC2012_val_00028001.JPEG,856,468.0406379699707,0.000972747802734375,0.0598561541600134,0.9771077629325661,0.09537400922864307,38423,0.9883735843179712
893,/home/projects/bagon/shared/imagenet512/val/n02979186/ILSVRC2012_val_00024874.JPEG,865,616.662654876709,0.000972747802734375,0.06348236624591795,0.9862595052934559,0.08086585419145616,38426,0.9872842076965952
894,/home/projects/bagon/shared/imagenet512/val/n02101388/ILSVRC2012_val_00014779.JPEG,956,739.3381996154785,0.000972747802734375,0.06984370527389641,0.9873046161773004,0.11115333209230528,38448,0.986710084377179
895,/home/projects/bagon/shared/imagenet512/val/n01817953/ILSVRC2012_val_00024592.JPEG,297,64.70602035522461,0.000942230224609375,0.02432649777336102,0.810445551442809,0.1973182844016048,38505,0.9975531138155947
896,/home/projects/bagon/shared/imagenet512/val/n01735189/ILSVRC2012_val_00029744.JPEG,663,169.6635398864746,0.000972747802734375,0.0475225255446626,0.8596465786986558,0.2131778293344998,38532,0.9944649646427924
897,/home/projects/bagon/shared/imagenet512/val/n04026417/ILSVRC2012_val_00030487.JPEG,964,261.97440338134766,0.0009918212890625,0.05866358590681474,0.928413541903583,0.14674232599409362,38543,0.9947904170610123
898,/home/projects/bagon/shared/imagenet512/val/n07875152/ILSVRC2012_val_00044895.JPEG,411,75.21658325195312,0.0009765625,0.03231507273958618,0.7431784710155069,0.0746209450416356,38572,0.9965549622248572
899,/home/projects/bagon/shared/imagenet512/val/n02113712/ILSVRC2012_val_00029675.JPEG,1031,124.63013458251953,0.00091552734375,0.06354658134296129,0.6263643800836352,0.14314565304248267,38575,0.9905977825074265
900,/home/projects/bagon/shared/imagenet512/val/n02097298/ILSVRC2012_val_00028300.JPEG,554,34.97151184082031,0.00098419189453125,0.03362586944297823,0.4996817848403579,0.4069697943552463,38651,0.9976089440280658
901,/home/projects/bagon/shared/imagenet512/val/n02514041/ILSVRC2012_val_00047261.JPEG,648,276.4488410949707,0.000972747802734375,0.04775069437900245,0.9488039410738636,0.20951086393809146,38661,0.9955999044389392
902,/home/projects/bagon/shared/imagenet512/val/n03661043/ILSVRC2012_val_00019693.JPEG,934,234.37667846679688,0.0009918212890625,0.06177889214847697,0.8772399526380716,0.13282995120847713,38676,0.9919591353047189
903,/home/projects/bagon/shared/imagenet512/val/n04192698/ILSVRC2012_val_00024994.JPEG,569,239.37271881103516,0.0009765625,0.04505209474682729,0.9326347861216824,0.21916262412782034,38684,0.9971625565836651
904,/home/projects/bagon/shared/imagenet512/val/n03908618/ILSVRC2012_val_00014429.JPEG,988,407.51987075805664,0.000965118408203125,0.06800343784000604,0.9403221891909922,0.27215122035941497,38701,0.9942382122236979
905,/home/projects/bagon/shared/imagenet512/val/n02948072/ILSVRC2012_val_00047415.JPEG,663,680.5972709655762,0.000957489013671875,0.05506748384928178,0.9914334875320843,0.15038902105940943,38717,0.9948148761827027
906,/home/projects/bagon/shared/imagenet512/val/n02690373/ILSVRC2012_val_00033161.JPEG,702,115.73240661621094,0.00093841552734375,0.04641442503271128,0.778351489901021,0.16663594374487437,38718,0.9928235466342081
907,/home/projects/bagon/shared/imagenet512/val/n04366367/ILSVRC2012_val_00001569.JPEG,584,120.55539321899414,0.000919342041015625,0.044452815980674236,0.7366014917036977,0.03512190120323477,38743,0.9953359444888902
908,/home/projects/bagon/shared/imagenet512/val/n02114855/ILSVRC2012_val_00042357.JPEG,811,99.28295135498047,0.00098419189453125,0.048485591209630315,0.7503687962219613,0.2905384123089348,38748,0.9957960032874507
909,/home/projects/bagon/shared/imagenet512/val/n03133878/ILSVRC2012_val_00035267.JPEG,384,28.839988708496094,0.0009918212890625,0.029212775145841363,0.4132802908917163,0.02674891737753835,38771,0.9980134143877596
910,/home/projects/bagon/shared/imagenet512/val/n03188531/ILSVRC2012_val_00033158.JPEG,710,157.84815216064453,0.00093841552734375,0.04968812194429491,0.8312482369917296,0.08034440774699128,38774,0.9928083913827633
911,/home/projects/bagon/shared/imagenet512/val/n04009552/ILSVRC2012_val_00041255.JPEG,602,215.06147003173828,0.00099945068359375,0.04731863481775823,0.8970829680063497,0.08166050005991328,38779,0.9926427877824305
912,/home/projects/bagon/shared/imagenet512/val/n02747177/ILSVRC2012_val_00007335.JPEG,729,780.3832092285156,0.0009918212890625,0.05541515538035981,0.9964653236868671,0.1490055302599938,38787,0.993704440655466
913,/home/projects/bagon/shared/imagenet512/val/n04380533/ILSVRC2012_val_00013216.JPEG,1202,679.5423927307129,0.000942230224609375,0.07724800095806221,0.9854002939725802,0.0927866253863121,38789,0.9894157462226716
914,/home/projects/bagon/shared/imagenet512/val/n04462240/ILSVRC2012_val_00045237.JPEG,624,341.036865234375,0.00099945068359375,0.049317644658267164,0.9583291933774365,0.047004013601354165,38794,0.9945314593515979
915,/home/projects/bagon/shared/imagenet512/val/n03000684/ILSVRC2012_val_00017719.JPEG,392,405.5021743774414,0.0009765625,0.03496601824700919,0.9933539417294321,0.16301268912819206,38847,0.9958326796364833
916,/home/projects/bagon/shared/imagenet512/val/n01693334/ILSVRC2012_val_00047908.JPEG,1212,136.53161239624023,0.000919342041015625,0.06555905069850132,0.7505102343149005,0.27488774192914045,38863,0.9848290060960491
917,/home/projects/bagon/shared/imagenet512/val/n04004767/ILSVRC2012_val_00021112.JPEG,808,258.28575134277344,0.00099945068359375,0.05619217706039845,0.9169683575669605,0.08445243840472988,38879,0.9931190745732706
918,/home/projects/bagon/shared/imagenet512/val/n01755581/ILSVRC2012_val_00023820.JPEG,730,65.43798065185547,0.00099945068359375,0.043078024800350084,0.6448075703242342,0.1835747356393622,38880,0.9941315136143773
919,/home/projects/bagon/shared/imagenet512/val/n01737021/ILSVRC2012_val_00028861.JPEG,557,115.49437713623047,0.00099945068359375,0.04170621151630964,0.7510279187856862,0.06102086770939015,38890,0.9928466646324486
920,/home/projects/bagon/shared/imagenet512/val/n02109047/ILSVRC2012_val_00001408.JPEG,465,89.03086853027344,0.0009613037109375,0.03557957312839782,0.7590637601785251,0.07192015499728571,38928,0.9966799541782592
921,/home/projects/bagon/shared/imagenet512/val/n03995372/ILSVRC2012_val_00005681.JPEG,612,365.23609924316406,0.0009765625,0.04825652880063373,0.9707009537605494,0.14797717924495868,38939,0.9958867406388091
922,/home/projects/bagon/shared/imagenet512/val/n02747177/ILSVRC2012_val_00014213.JPEG,743,650.6755981445312,0.00098419189453125,0.055666044177729856,0.9938918870381908,0.18034094052394792,38977,0.9902275356092872
923,/home/projects/bagon/shared/imagenet512/val/n03595614/ILSVRC2012_val_00004708.JPEG,465,27.315288543701172,0.000934600830078125,0.032559998457241786,0.373106981751547,0.14298792304339866,39024,0.9981667496992178
924,/home/projects/bagon/shared/imagenet512/val/n02910353/ILSVRC2012_val_00028781.JPEG,669,385.4246139526367,0.00099945068359375,0.051923451607066934,0.9701891132689878,0.10097443632973112,39068,0.9945003196986634
925,/home/projects/bagon/shared/imagenet512/val/n04357314/ILSVRC2012_val_00039236.JPEG,879,254.45436096191406,0.00099945068359375,0.056088129944453745,0.9208873754825827,0.07569704275136471,39092,0.9968240402262609
926,/home/projects/bagon/shared/imagenet512/val/n04325704/ILSVRC2012_val_00038229.JPEG,772,110.42420196533203,0.0009918212890625,0.05059198776766696,0.7238528162608034,0.058100151642710894,39127,0.9959721344778186
927,/home/projects/bagon/shared/imagenet512/val/n04141076/ILSVRC2012_val_00036726.JPEG,569,131.2983169555664,0.0009918212890625,0.04227840771823695,0.8064453791789487,0.03973502772487057,39150,0.9951465509738978
928,/home/projects/bagon/shared/imagenet512/val/n03956157/ILSVRC2012_val_00045205.JPEG,526,161.68477630615234,0.00098419189453125,0.04155964237107566,0.8683066138868334,0.10026365473297863,39178,0.9956914691147349
929,/home/projects/bagon/shared/imagenet512/val/n04270147/ILSVRC2012_val_00028272.JPEG,739,723.6580047607422,0.0009918212890625,0.05825301393424553,0.9923701475737875,0.06164823265776864,39185,0.9915944104727022
930,/home/projects/bagon/shared/imagenet512/val/n09835506/ILSVRC2012_val_00039824.JPEG,718,212.80711364746094,0.000946044921875,0.04838532061154063,0.9062866631572941,0.1483690280843682,39214,0.9946168037960252
931,/home/projects/bagon/shared/imagenet512/val/n03976657/ILSVRC2012_val_00019758.JPEG,701,175.47526931762695,0.000957489013671875,0.048552479171996406,0.8333956451455998,0.06571734714626452,39215,0.9921812471116871
932,/home/projects/bagon/shared/imagenet512/val/n07871810/ILSVRC2012_val_00032998.JPEG,946,870.3900184631348,0.000949859619140625,0.07236037622802005,0.9912342467936694,0.17117788620672406,39232,0.9899649462631002
933,/home/projects/bagon/shared/imagenet512/val/n04428191/ILSVRC2012_val_00022430.JPEG,661,95.02542114257812,0.0009765625,0.045402312564070714,0.7010733920995472,0.1310244390604105,39238,0.9945973887935766
934,/home/projects/bagon/shared/imagenet512/val/n02091635/ILSVRC2012_val_00043342.JPEG,493,43.26203536987305,0.000949859619140625,0.03440056274453006,0.5265737888504612,0.1472020353051774,39286,0.9964324912287932
935,/home/projects/bagon/shared/imagenet512/val/n04493381/ILSVRC2012_val_00025823.JPEG,1636,818.4705276489258,0.00098419189453125,0.09016112288370681,0.9944326112311476,0.21106973127355852,39292,0.9897634336002473
936,/home/projects/bagon/shared/imagenet512/val/n04239074/ILSVRC2012_val_00017133.JPEG,819,166.919921875,0.0009765625,0.05468337284860777,0.819460572591239,0.05238705356008473,39304,0.983365874388413
937,/home/projects/bagon/shared/imagenet512/val/n04009552/ILSVRC2012_val_00030104.JPEG,603,321.6151428222656,0.00098419189453125,0.04830740617038845,0.9482111149119211,0.0610083020977889,39310,0.9939685162446316
938,/home/projects/bagon/shared/imagenet512/val/n02098286/ILSVRC2012_val_00041578.JPEG,553,100.65984344482422,0.0009307861328125,0.03905414023365329,0.7959319670878001,0.10483119756806314,39314,0.9959306983682704
939,/home/projects/bagon/shared/imagenet512/val/n04204238/ILSVRC2012_val_00012046.JPEG,661,362.4192695617676,0.000949859619140625,0.04861071787840544,0.9764798837058675,0.10435607054448244,39315,0.9964951694999696
940,/home/projects/bagon/shared/imagenet512/val/n02093256/ILSVRC2012_val_00011583.JPEG,1592,227.7127914428711,0.00099945068359375,0.0869657880552468,0.7581433077096887,0.2526757993012967,39317,0.9867703927490192
941,/home/projects/bagon/shared/imagenet512/val/n03983396/ILSVRC2012_val_00018513.JPEG,786,229.16178131103516,0.0009765625,0.049880662103423144,0.9490894887873033,0.21203241558401298,39321,0.9927457297942971
942,/home/projects/bagon/shared/imagenet512/val/n02916936/ILSVRC2012_val_00041494.JPEG,521,758.0408058166504,0.000911712646484375,0.04439692902371872,0.9978042699208826,0.07183204916343737,39329,0.9876244770675753
943,/home/projects/bagon/shared/imagenet512/val/n03197337/ILSVRC2012_val_00008296.JPEG,833,353.9002914428711,0.00098419189453125,0.050730334085449205,0.980455832010166,0.22558248898423863,39334,0.9941575529763195
944,/home/projects/bagon/shared/imagenet512/val/n02837789/ILSVRC2012_val_00001072.JPEG,1307,364.68840408325195,0.000942230224609375,0.07528446983281267,0.9515252818928295,0.289483755261271,39337,0.9913587189927197
945,/home/projects/bagon/shared/imagenet512/val/n02948072/ILSVRC2012_val_00010335.JPEG,497,311.43366622924805,0.000965118408203125,0.040321489798664005,0.9709911261346258,0.008065944338245045,39351,0.9959467056247964
946,/home/projects/bagon/shared/imagenet512/val/n04090263/ILSVRC2012_val_00011924.JPEG,1193,112.15655136108398,0.000926971435546875,0.06711740838625815,0.5955733178482564,0.2538590884379779,39387,0.9931690654359547
947,/home/projects/bagon/shared/imagenet512/val/n03445777/ILSVRC2012_val_00031954.JPEG,762,1393.0460891723633,0.00096893310546875,0.06311953349223867,0.9984576874746594,0.2953110238322617,39407,0.9905165804308074
948,/home/projects/bagon/shared/imagenet512/val/n02607072/ILSVRC2012_val_00004093.JPEG,593,73.2187385559082,0.000972747802734375,0.0408366528340305,0.659161592572361,0.06698674637094577,39411,0.9930990293423936
949,/home/projects/bagon/shared/imagenet512/val/n02109047/ILSVRC2012_val_00024587.JPEG,596,38.972145080566406,0.0009765625,0.039348620665672955,0.4194177793684001,0.0826821469016042,39453,0.9966019152322406
950,/home/projects/bagon/shared/imagenet512/val/n03769881/ILSVRC2012_val_00031349.JPEG,800,88.90507888793945,0.000942230224609375,0.04638488100625561,0.7154661172993687,0.06524133470992181,39464,0.9964254730434634
951,/home/projects/bagon/shared/imagenet512/val/n02804610/ILSVRC2012_val_00018419.JPEG,738,112.4297866821289,0.0009918212890625,0.05035531016608937,0.7213658659295525,0.04241907297697989,39477,0.9951742286967492
952,/home/projects/bagon/shared/imagenet512/val/n03692522/ILSVRC2012_val_00012274.JPEG,1008,1100.356128692627,0.000934600830078125,0.07284230319599691,0.9959901751575614,0.2273431458405245,39498,0.990541471566512
953,/home/projects/bagon/shared/imagenet512/val/n03637318/ILSVRC2012_val_00048879.JPEG,891,225.9347381591797,0.00092315673828125,0.05695079665415998,0.8930653832593539,0.0949922166176326,39509,0.9872614736524334
954,/home/projects/bagon/shared/imagenet512/val/n04099969/ILSVRC2012_val_00009521.JPEG,452,90.7321548461914,0.0009918212890625,0.035960572164775405,0.7521860994942624,0.05991175764523799,39512,0.9958655428871291
955,/home/projects/bagon/shared/imagenet512/val/n02127052/ILSVRC2012_val_00016118.JPEG,700,174.92595291137695,0.000942230224609375,0.04789226517037642,0.8795279581203578,0.2583532369619086,39557,0.9942467212448999
956,/home/projects/bagon/shared/imagenet512/val/n03825788/ILSVRC2012_val_00011962.JPEG,677,1148.3641052246094,0.0009765625,0.05673637894071434,0.9983548309034943,0.1337174696862655,39562,0.994390380117721
957,/home/projects/bagon/shared/imagenet512/val/n01737021/ILSVRC2012_val_00038046.JPEG,496,74.45016479492188,0.00098419189453125,0.038492422138416284,0.6279540301843546,0.04941250585520953,39584,0.9932275082741925
958,/home/projects/bagon/shared/imagenet512/val/n04141975/ILSVRC2012_val_00003571.JPEG,451,292.50576400756836,0.000926971435546875,0.03798650881414555,0.9717222350746747,0.13889682618859336,39593,0.9976382423484823
959,/home/projects/bagon/shared/imagenet512/val/n03584254/ILSVRC2012_val_00021026.JPEG,898,954.7162017822266,0.00099945068359375,0.07136058608261413,0.9894587123003871,0.15415500030193127,39596,0.9837064099878676
960,/home/projects/bagon/shared/imagenet512/val/n04039381/ILSVRC2012_val_00001786.JPEG,445,398.37290954589844,0.0009918212890625,0.03940313868942259,0.983759789515089,0.05816225962898891,39609,0.9952116446623258
961,/home/projects/bagon/shared/imagenet512/val/n02692877/ILSVRC2012_val_00007779.JPEG,563,501.527156829834,0.000926971435546875,0.04694372714203423,0.98774684092535,0.18717012111071119,39618,0.9951630968441906
962,/home/projects/bagon/shared/imagenet512/val/n04591713/ILSVRC2012_val_00002086.JPEG,917,813.2917251586914,0.00096893310546875,0.06111581119491349,0.9979842093701782,0.11744353221441345,39642,0.9857841469584803
963,/home/projects/bagon/shared/imagenet512/val/n09193705/ILSVRC2012_val_00023497.JPEG,697,80.16278076171875,0.00098419189453125,0.046406346313069974,0.6425918213980308,0.12227418172201368,39664,0.9944851447130512
964,/home/projects/bagon/shared/imagenet512/val/n02895154/ILSVRC2012_val_00013168.JPEG,1198,110.46143341064453,0.00092315673828125,0.06752545120838269,0.5794667888402903,0.04706537999407933,39665,0.9869019358625667
965,/home/projects/bagon/shared/imagenet512/val/n03895866/ILSVRC2012_val_00017034.JPEG,883,324.27684020996094,0.0009918212890625,0.05607282720103357,0.960957373574871,0.09283769392312292,39684,0.994689529672003
966,/home/projects/bagon/shared/imagenet512/val/n02071294/ILSVRC2012_val_00029128.JPEG,485,204.22012329101562,0.00099945068359375,0.03662969510010705,0.9602121407526891,0.36643344627346325,39736,0.9933951628887466
967,/home/projects/bagon/shared/imagenet512/val/n03777754/ILSVRC2012_val_00007543.JPEG,763,439.50145721435547,0.0009918212890625,0.060326027018370657,0.9582209937357492,0.11371976066212089,39748,0.988864480022999
968,/home/projects/bagon/shared/imagenet512/val/n03017168/ILSVRC2012_val_00006923.JPEG,702,752.5962066650391,0.0009613037109375,0.05749989963298275,0.9931676009274032,0.1821912442114359,39762,0.9924551872571624
969,/home/projects/bagon/shared/imagenet512/val/n02106166/ILSVRC2012_val_00007632.JPEG,1394,512.5530128479004,0.000934600830078125,0.0783287228493515,0.9775719423179847,0.28857882074994606,39764,0.9886914053323881
970,/home/projects/bagon/shared/imagenet512/val/n03995372/ILSVRC2012_val_00012184.JPEG,664,383.3601608276367,0.0009918212890625,0.05098211278752184,0.9719868735042986,0.11196648995415989,39780,0.9961165137751128
971,/home/projects/bagon/shared/imagenet512/val/n03899768/ILSVRC2012_val_00003941.JPEG,716,70.02303314208984,0.0009918212890625,0.04782291476634512,0.5364608349461462,0.12046213863588479,39802,0.9953322800427535
972,/home/projects/bagon/shared/imagenet512/val/n02939185/ILSVRC2012_val_00025808.JPEG,467,38.9205436706543,0.000904083251953125,0.03318189887741741,0.5074603774024079,0.08663105303116793,39812,0.9962748647177001
973,/home/projects/bagon/shared/imagenet512/val/n03873416/ILSVRC2012_val_00044912.JPEG,1033,245.46976470947266,0.0009918212890625,0.06859130816194632,0.8415656576140313,0.1303045737999644,39840,0.9953694966698565
974,/home/projects/bagon/shared/imagenet512/val/n02895154/ILSVRC2012_val_00012474.JPEG,1047,46.92428207397461,0.000965118408203125,0.04712049733077798,0.5836034900704827,0.20945327983397555,39847,0.9954415724937817
975,/home/projects/bagon/shared/imagenet512/val/n02104029/ILSVRC2012_val_00048627.JPEG,661,66.14471435546875,0.0009765625,0.04248518629467804,0.6242900391873935,0.11644517879447053,39862,0.9943315958949321
976,/home/projects/bagon/shared/imagenet512/val/n03792972/ILSVRC2012_val_00012373.JPEG,372,64.33115005493164,0.000942230224609375,0.028944553838642455,0.7332529216325199,0.03518389508742173,39863,0.9984119804437099
977,/home/projects/bagon/shared/imagenet512/val/n02097047/ILSVRC2012_val_00002021.JPEG,1003,233.29874801635742,0.000919342041015625,0.06494691027081449,0.8402821597875781,0.08076187895206291,39877,0.9931862428070908
978,/home/projects/bagon/shared/imagenet512/val/n01945685/ILSVRC2012_val_00034595.JPEG,695,818.4605674743652,0.000957489013671875,0.0549002920087427,0.9969359365113906,0.061291466808377645,39933,0.9851167683023454
979,/home/projects/bagon/shared/imagenet512/val/n02492660/ILSVRC2012_val_00043945.JPEG,620,209.6219711303711,0.0009918212890625,0.04222447225426836,0.9573013041935242,0.23115990545458615,39940,0.9945784455665843
980,/home/projects/bagon/shared/imagenet512/val/n03478589/ILSVRC2012_val_00014449.JPEG,766,1321.6557273864746,0.000957489013671875,0.05850466283003496,0.9987270946626658,0.27202431325992604,39955,0.9921283332052846
981,/home/projects/bagon/shared/imagenet512/val/n03733281/ILSVRC2012_val_00026206.JPEG,217,9.004627227783203,0.000934600830078125,0.018206455258508246,0.24432837187317438,0.0330934891493574,39999,0.9989892336850231
982,/home/projects/bagon/shared/imagenet512/val/n01632458/ILSVRC2012_val_00047089.JPEG,578,317.4275436401367,0.00096893310546875,0.04309485465207622,0.9840994083621948,0.11925158736260724,40001,0.9899879009248169
983,/home/projects/bagon/shared/imagenet512/val/n02100735/ILSVRC2012_val_00048761.JPEG,517,122.91606903076172,0.0009613037109375,0.041128681576045496,0.7730186403011754,0.05954434614862648,40018,0.9939952842350834
984,/home/projects/bagon/shared/imagenet512/val/n04270147/ILSVRC2012_val_00049955.JPEG,752,425.0585403442383,0.00099945068359375,0.05203576428292888,0.9811564355037822,0.2148747263118773,40029,0.9947209989849347
985,/home/projects/bagon/shared/imagenet512/val/n01978455/ILSVRC2012_val_00003705.JPEG,978,911.414981842041,0.000942230224609375,0.07060130765208332,0.9953339162160584,0.1854265190508,40030,0.9898182525222945
986,/home/projects/bagon/shared/imagenet512/val/n04404412/ILSVRC2012_val_00049406.JPEG,892,507.61541748046875,0.00098419189453125,0.058896060257755185,0.9850452302855748,0.29923765953324927,40043,0.9923344308057056
987,/home/projects/bagon/shared/imagenet512/val/n03956157/ILSVRC2012_val_00045597.JPEG,470,6.250041961669922,0.000957489013671875,0.027405433775045663,0.08789148455163878,0.07778249698120168,40082,0.9979493937756766
988,/home/projects/bagon/shared/imagenet512/val/n03532672/ILSVRC2012_val_00018823.JPEG,899,393.6354522705078,0.0009307861328125,0.06122181594654818,0.957416784728068,0.0648790556919788,40109,0.996374089928681
989,/home/projects/bagon/shared/imagenet512/val/n01829413/ILSVRC2012_val_00044903.JPEG,669,945.3059387207031,0.00098419189453125,0.05082908674738129,0.9987945110015101,0.24574756608647685,40118,0.988466384062894
990,/home/projects/bagon/shared/imagenet512/val/n01914609/ILSVRC2012_val_00011035.JPEG,876,66.37599182128906,0.00096893310546875,0.046206624160257406,0.6380786066972746,0.2648695261493405,40163,0.9945218414632306
991,/home/projects/bagon/shared/imagenet512/val/n01697457/ILSVRC2012_val_00034898.JPEG,916,802.9255218505859,0.0009918212890625,0.06358473507926189,0.9962565348400682,0.2542440831366063,40165,0.9937438017301843
992,/home/projects/bagon/shared/imagenet512/val/n03532672/ILSVRC2012_val_00047501.JPEG,904,918.8043518066406,0.000946044921875,0.06682076620091461,0.9945517185768287,0.14429203778772182,40176,0.9857103501514917
993,/home/projects/bagon/shared/imagenet512/val/n04536866/ILSVRC2012_val_00001118.JPEG,748,184.43197631835938,0.0009613037109375,0.04948382312561172,0.8807304892108905,0.05309461191546147,40181,0.9948678163400844
994,/home/projects/bagon/shared/imagenet512/val/n02423022/ILSVRC2012_val_00013417.JPEG,949,892.3881912231445,0.0009918212890625,0.05843637760580944,0.9979719002929464,0.3702067991933004,40215,0.990565944061266
995,/home/projects/bagon/shared/imagenet512/val/n04371430/ILSVRC2012_val_00020245.JPEG,792,415.9644584655762,0.000949859619140625,0.056727889050620005,0.976171451394005,0.1980350434934804,40235,0.9956758089039752
996,/home/projects/bagon/shared/imagenet512/val/n04311174/ILSVRC2012_val_00045460.JPEG,531,412.27164459228516,0.00096893310546875,0.04299450481827601,0.9871021449577021,0.11846999021626693,40244,0.993624574000431
997,/home/projects/bagon/shared/imagenet512/val/n02090379/ILSVRC2012_val_00005493.JPEG,1139,620.7392730712891,0.00096893310546875,0.07207414958137334,0.9828183701676958,0.2911173353323494,40252,0.9875761200072838
998,/home/projects/bagon/shared/imagenet512/val/n02093991/ILSVRC2012_val_00039452.JPEG,624,102.58893585205078,0.0009918212890625,0.0423240304763231,0.7522431231741726,0.07264441257340033,40254,0.9950779816058023
999,/home/projects/bagon/shared/imagenet512/val/n03534580/ILSVRC2012_val_00033113.JPEG,990,439.51502990722656,0.00099945068359375,0.06536675642974969,0.9685008276827892,0.05571838045368114,40292,0.9873794237159825
1000,/home/projects/bagon/shared/imagenet512/val/n01744401/ILSVRC2012_val_00043836.JPEG,945,344.77648162841797,0.0009918212890625,0.06292420943317645,0.9447117583616219,0.051369032803501004,40296,0.9880798102432332
1001,/home/projects/bagon/shared/imagenet512/val/n07860988/ILSVRC2012_val_00001993.JPEG,444,156.60948181152344,0.0009765625,0.03487764345800171,0.9073027441900962,0.08680250225661841,40358,0.9954838168325656
1002,/home/projects/bagon/shared/imagenet512/val/n03041632/ILSVRC2012_val_00015679.JPEG,696,815.6467208862305,0.00098419189453125,0.056476288047581764,0.995505840849776,0.05279065439370388,40363,0.994651975727662
1003,/home/projects/bagon/shared/imagenet512/val/n03630383/ILSVRC2012_val_00015323.JPEG,622,256.08156967163086,0.000972747802734375,0.04651774746621552,0.9451104001805257,0.3203936651156818,40377,0.992693933072022
1004,/home/projects/bagon/shared/imagenet512/val/n03026506/ILSVRC2012_val_00024373.JPEG,577,428.2503547668457,0.000926971435546875,0.047073050425587064,0.9834615165444969,0.0889621179559223,40447,0.9931265911860909
1005,/home/projects/bagon/shared/imagenet512/val/n04081281/ILSVRC2012_val_00045074.JPEG,424,25.5113525390625,0.00099945068359375,0.029817135756226704,0.38512009555634685,0.09158219824711872,40480,0.9974684812267761
1006,/home/projects/bagon/shared/imagenet512/val/n04560804/ILSVRC2012_val_00014146.JPEG,1087,96.08757781982422,0.00098419189453125,0.06220037940109728,0.5641054594659952,0.15982740694741637,40491,0.9919618320527751
1007,/home/projects/bagon/shared/imagenet512/val/n15075141/ILSVRC2012_val_00002663.JPEG,1061,208.87736892700195,0.000942230224609375,0.06243563022546473,0.8785180262413315,0.11891431801647084,40529,0.9835720480224804
1008,/home/projects/bagon/shared/imagenet512/val/n01753488/ILSVRC2012_val_00033459.JPEG,1184,193.56559371948242,0.000965118408203125,0.06827007524399126,0.750548912797592,0.14399419732123564,40554,0.981838793155489
1009,/home/projects/bagon/shared/imagenet512/val/n02493509/ILSVRC2012_val_00014782.JPEG,1038,509.3352699279785,0.000934600830078125,0.06658357980896722,0.9730922825492072,0.09331862547026439,40578,0.9917115474928675
1010,/home/projects/bagon/shared/imagenet512/val/n03633091/ILSVRC2012_val_00011185.JPEG,1242,1355.5259895324707,0.000949859619140625,0.08862799138870532,0.9966335368026941,0.21048712601670597,40579,0.9889175304034581
1011,/home/projects/bagon/shared/imagenet512/val/n03483316/ILSVRC2012_val_00033909.JPEG,763,934.76318359375,0.000946044921875,0.053962178757462634,0.9974090127958659,0.09069097382393136,40620,0.9855188849772886
1012,/home/projects/bagon/shared/imagenet512/val/n02107908/ILSVRC2012_val_00021846.JPEG,1231,390.01578521728516,0.00098419189453125,0.07424285598874836,0.9477496614403847,0.23117625019960286,40622,0.9916568215440833
1013,/home/projects/bagon/shared/imagenet512/val/n02002724/ILSVRC2012_val_00003011.JPEG,851,307.63314056396484,0.00098419189453125,0.057976044717839854,0.9395067205944131,0.24130963870703093,40633,0.9934410203378056
1014,/home/projects/bagon/shared/imagenet512/val/n02105412/ILSVRC2012_val_00042144.JPEG,978,908.631965637207,0.0009765625,0.06998938454707641,0.9964464987813334,0.3354454455249358,40649,0.9887587639304385
1015,/home/projects/bagon/shared/imagenet512/val/n07693725/ILSVRC2012_val_00007322.JPEG,661,498.1049461364746,0.000919342041015625,0.051412647089183514,0.982455067159905,0.06741274528468189,40666,0.9892875048184874
1016,/home/projects/bagon/shared/imagenet512/val/n04070727/ILSVRC2012_val_00039593.JPEG,337,13.069358825683594,0.00096893310546875,0.024657362039473243,0.25987991581673414,0.13213245447191455,40680,0.9980773454599683
1017,/home/projects/bagon/shared/imagenet512/val/n04525038/ILSVRC2012_val_00005602.JPEG,693,147.67180633544922,0.0009613037109375,0.049271279820688796,0.8015326561438463,0.061272090731999324,40712,0.9925821067193891
1018,/home/projects/bagon/shared/imagenet512/val/n02483708/ILSVRC2012_val_00019132.JPEG,654,111.21796035766602,0.000972747802734375,0.04415482470887666,0.7706608237364286,0.20720051803472203,40753,0.9931636967424685
1019,/home/projects/bagon/shared/imagenet512/val/n02948072/ILSVRC2012_val_00026055.JPEG,520,104.11524963378906,0.0009918212890625,0.03927736408207802,0.7651195676439757,0.10323341647514948,40761,0.9958507887477711
1020,/home/projects/bagon/shared/imagenet512/val/n02114855/ILSVRC2012_val_00031197.JPEG,903,209.35552597045898,0.000965118408203125,0.058493833894836256,0.8707443075611127,0.27579625072427283,40768,0.9902687080867272
1021,/home/projects/bagon/shared/imagenet512/val/n02109961/ILSVRC2012_val_00045291.JPEG,1172,230.98209381103516,0.0009918212890625,0.07033102614015757,0.851062971712896,0.07370126934476787,40778,0.9874083574190516
1022,/home/projects/bagon/shared/imagenet512/val/n03400231/ILSVRC2012_val_00031422.JPEG,819,198.47134399414062,0.0009765625,0.04952383438003875,0.9221029159855836,0.37326559561588657,40840,0.9954412592129944
1023,/home/projects/bagon/shared/imagenet512/val/n04127249/ILSVRC2012_val_00041888.JPEG,565,462.38819885253906,0.0009918212890625,0.047161706844862504,0.9841443176605992,0.14381508361992446,40846,0.9962098257831503
1024,/home/projects/bagon/shared/imagenet512/val/n03814639/ILSVRC2012_val_00013194.JPEG,748,1886.0130310058594,0.00098419189453125,0.06422042473365094,0.9987928535205736,0.09720669015578334,40890,0.9947676762465679
1025,/home/projects/bagon/shared/imagenet512/val/n02106382/ILSVRC2012_val_00022254.JPEG,759,189.2255401611328,0.0009918212890625,0.04901850154568528,0.9174328947359995,0.22893876667775528,40897,0.9925892341860172
1026,/home/projects/bagon/shared/imagenet512/val/n07697537/ILSVRC2012_val_00032384.JPEG,545,231.3825225830078,0.00095367431640625,0.04124734324757516,0.9515215261803988,0.04872817009444601,40906,0.9957993685369642
1027,/home/projects/bagon/shared/imagenet512/val/n02747177/ILSVRC2012_val_00012984.JPEG,714,637.7557830810547,0.0009765625,0.05469183744560233,0.9916394054358774,0.09646372707051712,40917,0.9930983674836369
1028,/home/projects/bagon/shared/imagenet512/val/n03776460/ILSVRC2012_val_00038128.JPEG,794,704.0305023193359,0.00098419189453125,0.058181716607527766,0.9925044347253689,0.1889057013515308,40941,0.9887380374634847
1029,/home/projects/bagon/shared/imagenet512/val/n02094114/ILSVRC2012_val_00010798.JPEG,1014,407.97783279418945,0.000949859619140625,0.06523160397058281,0.9652947588320634,0.2358284822237908,40992,0.9915737432671324
1030,/home/projects/bagon/shared/imagenet512/val/n04532106/ILSVRC2012_val_00013235.JPEG,386,243.3342399597168,0.000957489013671875,0.0334395209084234,0.9660032674353927,0.08846445247606313,41045,0.9961182962223513
1031,/home/projects/bagon/shared/imagenet512/val/n02701002/ILSVRC2012_val_00017171.JPEG,430,59.61023712158203,0.0009918212890625,0.03469239069014104,0.5998516877573177,0.02035991002673014,41049,0.9966778201156316
1032,/home/projects/bagon/shared/imagenet512/val/n04560804/ILSVRC2012_val_00029711.JPEG,1259,296.54149627685547,0.0009918212890625,0.0732861579561721,0.9003025690183772,0.22387040128864213,41089,0.9871781744471124
1033,/home/projects/bagon/shared/imagenet512/val/n04270147/ILSVRC2012_val_00002285.JPEG,873,446.3070983886719,0.000946044921875,0.06044346872559653,0.9697136353451075,0.134466844087087,41113,0.9861114760976744
1034,/home/projects/bagon/shared/imagenet512/val/n04591157/ILSVRC2012_val_00022782.JPEG,548,178.08651733398438,0.0009918212890625,0.04073015891462958,0.9094665906536441,0.24495379915981105,41115,0.9949600801881843
1035,/home/projects/bagon/shared/imagenet512/val/n02978881/ILSVRC2012_val_00019144.JPEG,616,217.18253326416016,0.00096893310546875,0.04482165922320683,0.9350973737686799,0.0593219782840711,41161,0.9963861377527723
1036,/home/projects/bagon/shared/imagenet512/val/n04356056/ILSVRC2012_val_00042753.JPEG,1774,152.10965728759766,0.0009918212890625,0.0817207191758549,0.7356541919943087,0.04393594874632056,41165,0.9822120732344152
1037,/home/projects/bagon/shared/imagenet512/val/n02113712/ILSVRC2012_val_00040991.JPEG,1435,221.63061141967773,0.000972747802734375,0.07922150186155569,0.7907454301489535,0.5100987635318516,41174,0.9876211534338518
1038,/home/projects/bagon/shared/imagenet512/val/n01983481/ILSVRC2012_val_00038454.JPEG,446,127.03451538085938,0.0009765625,0.03458943190889206,0.9160720208286509,0.1315879155911766,41190,0.9977138867444186
1039,/home/projects/bagon/shared/imagenet512/val/n03476991/ILSVRC2012_val_00012907.JPEG,833,291.07623291015625,0.0009613037109375,0.0562923310348759,0.9273510312166786,0.20709703374549185,41200,0.9940355850171796
1040,/home/projects/bagon/shared/imagenet512/val/n04131690/ILSVRC2012_val_00047264.JPEG,548,67.27157211303711,0.000934600830078125,0.03877397317975294,0.6366857059965101,0.054887956187903784,41240,0.9972107882507842
1041,/home/projects/bagon/shared/imagenet512/val/n04523525/ILSVRC2012_val_00029349.JPEG,745,243.00196075439453,0.00090789794921875,0.053359649862256754,0.8924639036154682,0.09176682223452433,41254,0.9886763687456772
1042,/home/projects/bagon/shared/imagenet512/val/n03942813/ILSVRC2012_val_00014523.JPEG,494,363.6161346435547,0.00095367431640625,0.04258137336717829,0.9738738129807528,0.057688400123576955,41279,0.9941885672016267
1043,/home/projects/bagon/shared/imagenet512/val/n03445777/ILSVRC2012_val_00038005.JPEG,831,675.4099388122559,0.000957489013671875,0.06466283350181877,0.9862400828155363,0.04430927017124908,41287,0.9949773832903166
1044,/home/projects/bagon/shared/imagenet512/val/n02769748/ILSVRC2012_val_00008605.JPEG,879,1075.1505889892578,0.00098419189453125,0.06253328176060903,0.9980225301594592,0.10697137058022593,41332,0.9826879418105647
1045,/home/projects/bagon/shared/imagenet512/val/n03792782/ILSVRC2012_val_00012096.JPEG,623,353.43331146240234,0.00099945068359375,0.04883652226406634,0.9656830260539211,0.05958853597834124,41346,0.9913224007405895
1046,/home/projects/bagon/shared/imagenet512/val/n03832673/ILSVRC2012_val_00027698.JPEG,1056,52.80145263671875,0.00098419189453125,0.05605134297301438,0.40338671091785916,0.15011552252118562,41348,0.9902631403731451
1047,/home/projects/bagon/shared/imagenet512/val/n03249569/ILSVRC2012_val_00047468.JPEG,795,649.4188690185547,0.00098419189453125,0.05776294047711918,0.9930252822791898,0.242002083208112,41371,0.993635056248018
1048,/home/projects/bagon/shared/imagenet512/val/n03476684/ILSVRC2012_val_00013972.JPEG,407,20.502113342285156,0.00099945068359375,0.029400419181328716,0.30252753720573383,0.14417792032009025,41391,0.9981572657780896
1049,/home/projects/bagon/shared/imagenet512/val/n02410509/ILSVRC2012_val_00024594.JPEG,247,15.269783020019531,0.0009613037109375,0.019489259785744915,0.3716097904678529,0.13113108564038706,41413,0.9982409671029764
1050,/home/projects/bagon/shared/imagenet512/val/n03223299/ILSVRC2012_val_00023938.JPEG,636,201.54534912109375,0.00098419189453125,0.0471391320108156,0.8908980754612725,0.14919704465507017,41464,0.9945161665349068
1051,/home/projects/bagon/shared/imagenet512/val/n03888605/ILSVRC2012_val_00029224.JPEG,846,62.770633697509766,0.000949859619140625,0.04876101253668522,0.55027687374404,0.2041612967697144,41506,0.9958018324223024
1052,/home/projects/bagon/shared/imagenet512/val/n02127052/ILSVRC2012_val_00018269.JPEG,546,279.1895217895508,0.00098419189453125,0.04348915852745836,0.9516755134868347,0.11598429061396007,41507,0.9933366384636237
1053,/home/projects/bagon/shared/imagenet512/val/n01930112/ILSVRC2012_val_00015650.JPEG,638,791.1010246276855,0.000934600830078125,0.05461362394492419,0.9945932218954021,0.12743452774236275,41543,0.9889601887185494
1054,/home/projects/bagon/shared/imagenet512/val/n04147183/ILSVRC2012_val_00040977.JPEG,714,181.85772323608398,0.000972747802734375,0.04818328060082722,0.8681909579947271,0.04923919670605599,41572,0.9912821899902029
1055,/home/projects/bagon/shared/imagenet512/val/n04270147/ILSVRC2012_val_00034977.JPEG,833,786.808650970459,0.000957489013671875,0.06324710636161415,0.9937156630382029,0.06106326846889113,41580,0.9941691925341563
1056,/home/projects/bagon/shared/imagenet512/val/n04467665/ILSVRC2012_val_00030427.JPEG,813,832.2887001037598,0.000949859619140625,0.06309006522788504,0.9941961598782607,0.08157203340757341,41607,0.9924980812458958
1057,/home/projects/bagon/shared/imagenet512/val/n02100735/ILSVRC2012_val_00049250.JPEG,544,107.56127166748047,0.0009918212890625,0.039230538281542306,0.7877266778905959,0.1824599277309925,41609,0.9952556209958346
1058,/home/projects/bagon/shared/imagenet512/val/n04179913/ILSVRC2012_val_00023167.JPEG,600,441.41362380981445,0.000911712646484375,0.048140591360102375,0.9800203937399437,0.12279694069958189,41615,0.9949484825259047
1059,/home/projects/bagon/shared/imagenet512/val/n03400231/ILSVRC2012_val_00026723.JPEG,778,200.93317413330078,0.00095367431640625,0.053319503515151065,0.8634772263327242,0.23842232444658223,41622,0.9921919143346517
1060,/home/projects/bagon/shared/imagenet512/val/n03110669/ILSVRC2012_val_00018886.JPEG,1206,571.5724411010742,0.00090789794921875,0.0667290288712262,0.9915210702644733,0.2514945570232428,41667,0.99128196945214
1061,/home/projects/bagon/shared/imagenet512/val/n07584110/ILSVRC2012_val_00032735.JPEG,597,45.40459442138672,0.0009918212890625,0.04152625782201,0.4304625101752397,0.03497503933079869,41707,0.9946818350964767
1062,/home/projects/bagon/shared/imagenet512/val/n02104029/ILSVRC2012_val_00013715.JPEG,723,151.57225799560547,0.0009918212890625,0.049297191103056526,0.8149822677821139,0.08133640869008738,41724,0.9927476821580921
1063,/home/projects/bagon/shared/imagenet512/val/n02483362/ILSVRC2012_val_00020997.JPEG,560,193.39688873291016,0.00096893310546875,0.04395508453507028,0.8896501552560465,0.15990428190140785,41727,0.9952513069036147
1064,/home/projects/bagon/shared/imagenet512/val/n03929660/ILSVRC2012_val_00013780.JPEG,672,731.7370796203613,0.000949859619140625,0.053559981219882785,0.9957516368401254,0.13690562307475584,41741,0.9978032894763004
1065,/home/projects/bagon/shared/imagenet512/val/n03041632/ILSVRC2012_val_00039665.JPEG,585,679.0194969177246,0.000934600830078125,0.0495316937595783,0.9928216136447665,0.1022049756573083,41751,0.9922885852039557
1066,/home/projects/bagon/shared/imagenet512/val/n02877765/ILSVRC2012_val_00027381.JPEG,718,862.7622947692871,0.000972747802734375,0.05813724796600502,0.9965182286060288,0.16442078304982197,41814,0.9917940725707618
1067,/home/projects/bagon/shared/imagenet512/val/n04479046/ILSVRC2012_val_00011814.JPEG,674,1192.6482582092285,0.000919342041015625,0.05391069447322362,0.9989317141039196,0.1562657255266284,41818,0.9911225819851615
1068,/home/projects/bagon/shared/imagenet512/val/n02100735/ILSVRC2012_val_00019050.JPEG,584,207.83466720581055,0.000942230224609375,0.04312987796923051,0.9306314984111654,0.17955537753402157,41835,0.9939941925907182
1069,/home/projects/bagon/shared/imagenet512/val/n04118776/ILSVRC2012_val_00022488.JPEG,1052,1401.7064628601074,0.000965118408203125,0.07624090223393779,0.997976554775417,0.08238450537137029,41846,0.9827533920952771
1070,/home/projects/bagon/shared/imagenet512/val/n02106166/ILSVRC2012_val_00033155.JPEG,1830,681.8521423339844,0.0009918212890625,0.09565950245773716,0.9898552304784151,0.3662724532112748,41865,0.990404723342139
1071,/home/projects/bagon/shared/imagenet512/val/n04596742/ILSVRC2012_val_00019557.JPEG,883,1478.7477264404297,0.0009918212890625,0.06769119455977432,0.999018373188876,0.08857380740037714,41870,0.9895431185687941
1072,/home/projects/bagon/shared/imagenet512/val/n01847000/ILSVRC2012_val_00021372.JPEG,1065,961.4287605285645,0.000965118408203125,0.07752940212603217,0.9920370157587826,0.09460114003539025,41880,0.9901087804484091
1073,/home/projects/bagon/shared/imagenet512/val/n04229816/ILSVRC2012_val_00003737.JPEG,664,471.3150405883789,0.00090789794921875,0.05172080720713681,0.9822541272959923,0.20419478257485657,41900,0.9950125078999286
1074,/home/projects/bagon/shared/imagenet512/val/n03529860/ILSVRC2012_val_00037976.JPEG,642,308.18550872802734,0.000946044921875,0.04893976069891735,0.9521617062181866,0.04791831919459353,41908,0.9905641097557402
1075,/home/projects/bagon/shared/imagenet512/val/n03764736/ILSVRC2012_val_00001522.JPEG,957,1330.2772941589355,0.000926971435546875,0.07283729693742572,0.9977671409603246,0.13735099926147926,41912,0.9913030521723882
1076,/home/projects/bagon/shared/imagenet512/val/n02783161/ILSVRC2012_val_00001098.JPEG,1359,1187.8671112060547,0.0009918212890625,0.08096821520563201,0.998612428567661,0.21969421769187672,41933,0.9913740360731332
1077,/home/projects/bagon/shared/imagenet512/val/n02493509/ILSVRC2012_val_00040269.JPEG,850,127.59310913085938,0.00099945068359375,0.05386844277387668,0.7259333939021506,0.09776635289310494,41948,0.9919465878474114
1078,/home/projects/bagon/shared/imagenet512/val/n07749582/ILSVRC2012_val_00040755.JPEG,926,1116.2378616333008,0.00096893310546875,0.06563358866693648,0.9980834096051062,0.26446990764936057,41953,0.9824319291686173
1079,/home/projects/bagon/shared/imagenet512/val/n03691459/ILSVRC2012_val_00030580.JPEG,1035,2029.3890266418457,0.000926971435546875,0.08165727009093635,0.9986771252074828,0.14124356215624562,42007,0.9778446906475153
1080,/home/projects/bagon/shared/imagenet512/val/n02669723/ILSVRC2012_val_00022987.JPEG,1110,181.0022430419922,0.00095367431640625,0.06707344159025591,0.7978342595066742,0.2040035761575329,42012,0.9839325207028105
1081,/home/projects/bagon/shared/imagenet512/val/n03141823/ILSVRC2012_val_00007337.JPEG,790,1232.6995315551758,0.00099945068359375,0.06543850330626685,0.9976289191330397,0.04661428705350593,42034,0.9935374845234117
1082,/home/projects/bagon/shared/imagenet512/val/n02002724/ILSVRC2012_val_00030904.JPEG,863,239.90170288085938,0.0009918212890625,0.05617589686690851,0.9179672705531373,0.2803738922473068,42048,0.9906233543248568
1083,/home/projects/bagon/shared/imagenet512/val/n03599486/ILSVRC2012_val_00027701.JPEG,335,51.06793975830078,0.00096893310546875,0.027197346447290847,0.6783161161823273,0.12276562114398226,42055,0.9973822418495738
1084,/home/projects/bagon/shared/imagenet512/val/n02892201/ILSVRC2012_val_00014939.JPEG,543,421.7900390625,0.000946044921875,0.04426041873194681,0.9866599856757021,0.06210616063414708,42073,0.9959670337496842
1085,/home/projects/bagon/shared/imagenet512/val/n03110669/ILSVRC2012_val_00032199.JPEG,1006,208.90665435791016,0.00099945068359375,0.06512639352723702,0.814834614513448,0.18392580414371312,42091,0.9910242966210457
1086,/home/projects/bagon/shared/imagenet512/val/n02110185/ILSVRC2012_val_00007501.JPEG,1300,200.78588485717773,0.000949859619140625,0.0759502941293867,0.7838580219516141,0.2076117566290155,42103,0.9867490463521443
1087,/home/projects/bagon/shared/imagenet512/val/n04591157/ILSVRC2012_val_00007764.JPEG,695,798.5812797546387,0.000934600830078125,0.05318084147966096,0.9970295876420557,0.1383395184263845,42113,0.9948179321481768
1088,/home/projects/bagon/shared/imagenet512/val/n04235860/ILSVRC2012_val_00019223.JPEG,356,290.0881538391113,0.000934600830078125,0.03236740588215994,0.9792955670905812,0.08625146383223074,42150,0.9956022771675278
1089,/home/projects/bagon/shared/imagenet512/val/n03141823/ILSVRC2012_val_00009886.JPEG,441,17.06169891357422,0.00098419189453125,0.029698563568271927,0.2728168797725207,0.054404472985904166,42169,0.9991915652525197
1090,/home/projects/bagon/shared/imagenet512/val/n03710637/ILSVRC2012_val_00007053.JPEG,1599,222.37761688232422,0.000946044921875,0.08636757837466248,0.7412010710254977,0.12731179157577582,42202,0.9928530403904242
1091,/home/projects/bagon/shared/imagenet512/val/n02096177/ILSVRC2012_val_00023783.JPEG,620,221.25701141357422,0.0009307861328125,0.04563271111836938,0.9308767517120464,0.15310734940039777,42208,0.9929984559231608
1092,/home/projects/bagon/shared/imagenet512/val/n01756291/ILSVRC2012_val_00010465.JPEG,1435,222.03327178955078,0.00098419189453125,0.08203916122552696,0.756053575324014,0.1834157999457625,42279,0.9932059975858301
1093,/home/projects/bagon/shared/imagenet512/val/n07749582/ILSVRC2012_val_00033722.JPEG,695,171.9301643371582,0.000972747802734375,0.050425428635513865,0.8423242079052183,0.0650023614082483,42283,0.9963413826725271
1094,/home/projects/bagon/shared/imagenet512/val/n03773504/ILSVRC2012_val_00033306.JPEG,1480,93.91759490966797,0.00095367431640625,0.07673445388894407,0.46520531809643784,0.08067784657113009,42292,0.9942781485621762
1095,/home/projects/bagon/shared/imagenet512/val/n04599235/ILSVRC2012_val_00020021.JPEG,834,224.35164642333984,0.00099945068359375,0.05721117646031819,0.8779075491024741,0.03982401630375716,42295,0.9882665054219822
1096,/home/projects/bagon/shared/imagenet512/val/n07802026/ILSVRC2012_val_00021515.JPEG,393,173.23001861572266,0.0009307861328125,0.033830756752153586,0.9104423086422568,0.05000883674906087,42335,0.9952490965671136
1097,/home/projects/bagon/shared/imagenet512/val/n02930766/ILSVRC2012_val_00006258.JPEG,838,866.3914337158203,0.00093841552734375,0.06254613240881769,0.993613307985235,0.1725217354526425,42363,0.9942261536706989
1098,/home/projects/bagon/shared/imagenet512/val/n03866082/ILSVRC2012_val_00043954.JPEG,1287,617.9648284912109,0.0009307861328125,0.0819308213713779,0.9790258815136821,0.15278967218469774,42371,0.9894231318702243
1099,/home/projects/bagon/shared/imagenet512/val/n02481823/ILSVRC2012_val_00046456.JPEG,745,435.9351692199707,0.000972747802734375,0.05650087849970136,0.9726375733057039,0.20176542152093702,42400,0.9913775124019893
1100,/home/projects/bagon/shared/imagenet512/val/n02100236/ILSVRC2012_val_00022367.JPEG,582,332.8149642944336,0.0009765625,0.04525747023716631,0.9720686976344274,0.06324031433984807,42401,0.9939879367892803
1101,/home/projects/bagon/shared/imagenet512/val/n02687172/ILSVRC2012_val_00014273.JPEG,380,23.709636688232422,0.000965118408203125,0.028876745361459653,0.35342992613887775,0.03604493285294715,42409,0.9972566229518974
1102,/home/projects/bagon/shared/imagenet512/val/n03291819/ILSVRC2012_val_00033471.JPEG,613,119.12654113769531,0.00095367431640625,0.044481870701365576,0.7529898953389724,0.052318731520486245,42434,0.9942066646324321
1103,/home/projects/bagon/shared/imagenet512/val/n04041544/ILSVRC2012_val_00012770.JPEG,1253,903.4492149353027,0.000942230224609375,0.08487273810614135,0.9884391242465421,0.11136867954127888,42453,0.9874473066301593
1104,/home/projects/bagon/shared/imagenet512/val/n07717556/ILSVRC2012_val_00012599.JPEG,495,142.3568115234375,0.0009765625,0.03788454302747525,0.8667322357586782,0.1276857077580234,42456,0.9972933965007871
1105,/home/projects/bagon/shared/imagenet512/val/n02107142/ILSVRC2012_val_00048330.JPEG,494,76.57556533813477,0.000926971435546875,0.03554997797127614,0.7299777533116772,0.10643507736267603,42461,0.9961487690270397
1106,/home/projects/bagon/shared/imagenet512/val/n02108551/ILSVRC2012_val_00025852.JPEG,827,603.7545013427734,0.0009765625,0.06141840047057474,0.9882856224801138,0.12466655823182651,42475,0.9906090900352797
1107,/home/projects/bagon/shared/imagenet512/val/n04154565/ILSVRC2012_val_00019817.JPEG,796,642.2776184082031,0.00098419189453125,0.06222762804731297,0.9871240739870366,0.10194388700862327,42559,0.9866033142169095
1108,/home/projects/bagon/shared/imagenet512/val/n04557648/ILSVRC2012_val_00021707.JPEG,1133,767.6090087890625,0.0009765625,0.07805530926181331,0.9813846629472343,0.11976387422155188,42620,0.9900847556367285
1109,/home/projects/bagon/shared/imagenet512/val/n02807133/ILSVRC2012_val_00006861.JPEG,776,1390.8435707092285,0.000965118408203125,0.062407946217931984,0.9985660437366363,0.11795109506105547,42626,0.9907464575165817
1110,/home/projects/bagon/shared/imagenet512/val/n03691459/ILSVRC2012_val_00017612.JPEG,883,818.8155212402344,0.00099945068359375,0.06772709889544681,0.9925260342950494,0.08552597467435766,42654,0.9922931310665425
1111,/home/projects/bagon/shared/imagenet512/val/n04208210/ILSVRC2012_val_00039977.JPEG,481,207.18822860717773,0.000919342041015625,0.0386074345716119,0.9279367755665073,0.04762328167974159,42656,0.9915208920144338
1112,/home/projects/bagon/shared/imagenet512/val/n03594945/ILSVRC2012_val_00016456.JPEG,691,888.7659912109375,0.00099945068359375,0.054440115160757495,0.9980350876152377,0.11624075376538978,42663,0.9942282496680938
1113,/home/projects/bagon/shared/imagenet512/val/n04041544/ILSVRC2012_val_00048278.JPEG,1091,275.85302734375,0.00099945068359375,0.07272978034702804,0.8376312398190979,0.2133313367215488,42679,0.993557899295966
1114,/home/projects/bagon/shared/imagenet512/val/n07860988/ILSVRC2012_val_00010800.JPEG,906,1113.334732055664,0.00098419189453125,0.068696670889179,0.9969265037147238,0.17337468827415836,42702,0.9888495175247135
1115,/home/projects/bagon/shared/imagenet512/val/n03920288/ILSVRC2012_val_00018533.JPEG,958,1627.0586013793945,0.00098419189453125,0.07008170295235257,0.9989313332873839,0.19233391525356672,42707,0.9837471517815981
1116,/home/projects/bagon/shared/imagenet512/val/n03950228/ILSVRC2012_val_00023172.JPEG,1408,509.1989974975586,0.00096893310546875,0.08740471864444287,0.934768974625658,0.21472465780111805,42716,0.9829288389471066
1117,/home/projects/bagon/shared/imagenet512/val/n04229816/ILSVRC2012_val_00009410.JPEG,478,304.22013092041016,0.0009002685546875,0.03547828021671283,0.9882248448278497,0.0976074659484085,42723,0.996590757672025
1118,/home/projects/bagon/shared/imagenet512/val/n04154565/ILSVRC2012_val_00004264.JPEG,909,1020.7816543579102,0.0009918212890625,0.0681068751894977,0.9980160091071473,0.058206454163775255,42731,0.9912919472078925
1119,/home/projects/bagon/shared/imagenet512/val/n03895866/ILSVRC2012_val_00003730.JPEG,567,65.34148025512695,0.000942230224609375,0.03948569246581422,0.5938557154119575,0.05442227573385443,42779,0.9948349944485421
1120,/home/projects/bagon/shared/imagenet512/val/n03884397/ILSVRC2012_val_00019227.JPEG,595,643.3220062255859,0.00098419189453125,0.049566272652926145,0.9939202947624495,0.03792799006752856,42796,0.9952272343339714
1121,/home/projects/bagon/shared/imagenet512/val/n04286575/ILSVRC2012_val_00000843.JPEG,759,727.8897247314453,0.0009918212890625,0.05838531983727765,0.9951637773410791,0.11915695606406551,42797,0.9924919793345931
1122,/home/projects/bagon/shared/imagenet512/val/n01682714/ILSVRC2012_val_00023243.JPEG,1151,859.2780456542969,0.00095367431640625,0.07367612216063371,0.9958387476137089,0.14979613122270807,42816,0.988528187124529
1123,/home/projects/bagon/shared/imagenet512/val/n03658185/ILSVRC2012_val_00020956.JPEG,1282,1228.170036315918,0.0009918212890625,0.08037122247444513,0.9978237252395754,0.3150589918665455,42823,0.9907079118094083
1124,/home/projects/bagon/shared/imagenet512/val/n02110063/ILSVRC2012_val_00039402.JPEG,824,112.89065933227539,0.000965118408203125,0.0542744006179993,0.6822701308005539,0.11298770421796583,42829,0.9874125931585104
1125,/home/projects/bagon/shared/imagenet512/val/n03196217/ILSVRC2012_val_00011568.JPEG,775,961.4303207397461,0.00099945068359375,0.05691292657657892,0.9960019367568306,0.09608831916642385,42831,0.9876663923406808
1126,/home/projects/bagon/shared/imagenet512/val/n03530642/ILSVRC2012_val_00029028.JPEG,603,319.75355529785156,0.00095367431640625,0.043762905405374065,0.9650145550261185,0.06496704047673285,42837,0.9936952682088745
1127,/home/projects/bagon/shared/imagenet512/val/n04548362/ILSVRC2012_val_00036253.JPEG,801,260.2522392272949,0.000965118408203125,0.051585661518461216,0.9290852696336245,0.2740007394045971,42850,0.9915294170018538
1128,/home/projects/bagon/shared/imagenet512/val/n03047690/ILSVRC2012_val_00041038.JPEG,757,117.79228210449219,0.00098419189453125,0.04915169852888302,0.7585929698297714,0.156479467265001,42859,0.9935140863248411
1129,/home/projects/bagon/shared/imagenet512/val/n03599486/ILSVRC2012_val_00047366.JPEG,581,280.2149543762207,0.000942230224609375,0.04464375414018384,0.958806114850596,0.173546342351275,42870,0.9946586442874812
1130,/home/projects/bagon/shared/imagenet512/val/n03976467/ILSVRC2012_val_00008666.JPEG,669,544.4288940429688,0.00098419189453125,0.052744986444989365,0.9884710866774463,0.08270687475806465,42874,0.994962795604272
1131,/home/projects/bagon/shared/imagenet512/val/n02869837/ILSVRC2012_val_00031092.JPEG,592,248.87911224365234,0.0009307861328125,0.04645905799991855,0.9266803422316017,0.03902694976085645,42877,0.9971787431021109
1132,/home/projects/bagon/shared/imagenet512/val/n02747177/ILSVRC2012_val_00032825.JPEG,1098,1101.1221160888672,0.0009918212890625,0.07663081811125598,0.9963237007798516,0.20337652065010436,42878,0.9852169282829768
1133,/home/projects/bagon/shared/imagenet512/val/n02999410/ILSVRC2012_val_00047035.JPEG,621,112.81319427490234,0.00099945068359375,0.04504360068026336,0.7553106715082931,0.040692906991667104,42884,0.9960097156922226
1134,/home/projects/bagon/shared/imagenet512/val/n02165105/ILSVRC2012_val_00030472.JPEG,762,656.5580749511719,0.0009918212890625,0.05660821053032527,0.9938372545044839,0.08934490031588432,42900,0.9937161994881597
1135,/home/projects/bagon/shared/imagenet512/val/n02814860/ILSVRC2012_val_00007357.JPEG,413,16.796833038330078,0.000942230224609375,0.028470569263451557,0.27710446227881236,0.14757090263741307,42902,0.9986967889611373
1136,/home/projects/bagon/shared/imagenet512/val/n03347037/ILSVRC2012_val_00049415.JPEG,347,151.83975982666016,0.00092315673828125,0.02906264717091433,0.9449956729315262,0.08606250709156832,42915,0.9975287614976784
1137,/home/projects/bagon/shared/imagenet512/val/n02930766/ILSVRC2012_val_00039097.JPEG,783,579.3667602539062,0.00098419189453125,0.05987486259291603,0.9811703994528063,0.014775448924325096,42920,0.9930284633292941
1138,/home/projects/bagon/shared/imagenet512/val/n04344873/ILSVRC2012_val_00011083.JPEG,315,62.58698272705078,0.00098419189453125,0.024898232847774718,0.7842364571992879,0.047280781423590885,42938,0.9970704974897932
1139,/home/projects/bagon/shared/imagenet512/val/n02108422/ILSVRC2012_val_00026273.JPEG,925,223.1093635559082,0.000934600830078125,0.056059566635635154,0.8870686606432927,0.1649306806881657,42940,0.9922227202895187
1140,/home/projects/bagon/shared/imagenet512/val/n02641379/ILSVRC2012_val_00005915.JPEG,697,326.4765853881836,0.00099945068359375,0.04791392233793206,0.9765419925524317,0.373241236689482,42945,0.9935208991694581
1141,/home/projects/bagon/shared/imagenet512/val/n04033901/ILSVRC2012_val_00009513.JPEG,635,673.2129707336426,0.000949859619140625,0.05218317152145482,0.9931128343329362,0.2027901730943599,42967,0.9932957794065403
1142,/home/projects/bagon/shared/imagenet512/val/n03710721/ILSVRC2012_val_00010762.JPEG,1249,75.76460647583008,0.000919342041015625,0.0661731602831102,0.4292610809730321,0.16845043927768694,42970,0.9888228975988158
1143,/home/projects/bagon/shared/imagenet512/val/n03124170/ILSVRC2012_val_00009695.JPEG,880,891.1586380004883,0.000946044921875,0.06625122516133958,0.9947234606654013,0.16987001004941235,42975,0.9921584592689748
1144,/home/projects/bagon/shared/imagenet512/val/n02963159/ILSVRC2012_val_00034450.JPEG,681,510.0185546875,0.0009918212890625,0.05396094972665822,0.9844258381393572,0.12573547426901785,42994,0.9894758895703174
1145,/home/projects/bagon/shared/imagenet512/val/n04372370/ILSVRC2012_val_00002797.JPEG,510,129.3839988708496,0.000965118408203125,0.039151716614812745,0.8275676729210405,0.12035708548833585,42996,0.9972578046756008
1146,/home/projects/bagon/shared/imagenet512/val/n02494079/ILSVRC2012_val_00007196.JPEG,1051,210.56496810913086,0.000965118408203125,0.06628693495954203,0.810635375616062,0.04576240975860438,43031,0.991531967966253
1147,/home/projects/bagon/shared/imagenet512/val/n04033995/ILSVRC2012_val_00017857.JPEG,887,352.47778701782227,0.000942230224609375,0.056198455498139975,0.9709879442943764,0.3934116503291505,43050,0.9845198010556504
1148,/home/projects/bagon/shared/imagenet512/val/n03680355/ILSVRC2012_val_00008600.JPEG,642,160.04302978515625,0.00098419189453125,0.04717227821995832,0.8434769349991851,0.07570193395003877,43056,0.9955732392751351
1149,/home/projects/bagon/shared/imagenet512/val/n03141823/ILSVRC2012_val_00033873.JPEG,641,637.8025054931641,0.00098419189453125,0.05271042200911062,0.9897902770839316,0.02754933608098176,43061,0.9913349417893
1150,/home/projects/bagon/shared/imagenet512/val/n02939185/ILSVRC2012_val_00034904.JPEG,582,78.1548843383789,0.00098419189453125,0.041427625950447626,0.6345035328493526,0.11825446037236231,43069,0.995433750716101
1151,/home/projects/bagon/shared/imagenet512/val/n03908618/ILSVRC2012_val_00002724.JPEG,556,198.53831481933594,0.0009918212890625,0.04169895815129648,0.931732129993084,0.09584777767148603,43070,0.9943607790475061
1152,/home/projects/bagon/shared/imagenet512/val/n02094114/ILSVRC2012_val_00002262.JPEG,796,100.02572631835938,0.000946044921875,0.048155353353718976,0.714701380659062,0.11334206228538399,43072,0.9941663166776342
1153,/home/projects/bagon/shared/imagenet512/val/n02777292/ILSVRC2012_val_00047774.JPEG,590,249.31316375732422,0.0009613037109375,0.044828716247155856,0.9416279932897795,0.06017122075582035,43164,0.9956710826539278
1154,/home/projects/bagon/shared/imagenet512/val/n04409515/ILSVRC2012_val_00015054.JPEG,587,864.7596664428711,0.00093841552734375,0.05011045577370491,0.9979370546330173,0.20424330244905486,43198,0.9950555670863915
1155,/home/projects/bagon/shared/imagenet512/val/n04154565/ILSVRC2012_val_00035558.JPEG,1306,1750.4131546020508,0.00096893310546875,0.09566968123556732,0.9976408929311162,0.12242999771228855,43206,0.980646627107771
1156,/home/projects/bagon/shared/imagenet512/val/n04254777/ILSVRC2012_val_00025297.JPEG,579,836.5136260986328,0.00095367431640625,0.04899956819590122,0.9977162337076433,0.11719322230464646,43252,0.9878394977950374
1157,/home/projects/bagon/shared/imagenet512/val/n03770439/ILSVRC2012_val_00049078.JPEG,1341,775.6262588500977,0.0009918212890625,0.08353724820486433,0.9910800012363765,0.3427380930809839,43253,0.9882711453231198
1158,/home/projects/bagon/shared/imagenet512/val/n02110185/ILSVRC2012_val_00033039.JPEG,1502,240.23398208618164,0.000911712646484375,0.08652362268816155,0.7405902799250252,0.19042579127616405,43270,0.9877871892885731
1159,/home/projects/bagon/shared/imagenet512/val/n03063599/ILSVRC2012_val_00025230.JPEG,1381,1811.070613861084,0.000972747802734375,0.08850598063190794,0.998497693454083,0.16821045510942317,43272,0.9891468819609659
1160,/home/projects/bagon/shared/imagenet512/val/n07873807/ILSVRC2012_val_00047660.JPEG,578,576.4025001525879,0.000919342041015625,0.04782617993775397,0.99178398732792,0.11044208203063186,43279,0.9940989716515584
1161,/home/projects/bagon/shared/imagenet512/val/n02108915/ILSVRC2012_val_00026283.JPEG,666,177.29722595214844,0.00099945068359375,0.04362306564992462,0.9200783169962377,0.2949596143936504,43290,0.9927730420455187
1162,/home/projects/bagon/shared/imagenet512/val/n03724870/ILSVRC2012_val_00012539.JPEG,649,779.2672576904297,0.0009765625,0.05232990238836106,0.9950296174555658,0.09550623264725533,43308,0.9931702861200968
1163,/home/projects/bagon/shared/imagenet512/val/n02190166/ILSVRC2012_val_00002396.JPEG,446,60.55542755126953,0.00099945068359375,0.03290797046643382,0.6605931262770364,0.14925863603515177,43314,0.9976508589049476
1164,/home/projects/bagon/shared/imagenet512/val/n01608432/ILSVRC2012_val_00013095.JPEG,1173,971.4084320068359,0.00095367431640625,0.0832307594690382,0.982123906727966,0.18767189159724232,43339,0.9914613095926514
1165,/home/projects/bagon/shared/imagenet512/val/n02939185/ILSVRC2012_val_00025163.JPEG,814,407.50553131103516,0.0009918212890625,0.059707904016651214,0.9635863716102406,0.24335607854421176,43358,0.9907475967370383
1166,/home/projects/bagon/shared/imagenet512/val/n12144580/ILSVRC2012_val_00012270.JPEG,1197,151.5936737060547,0.00089263916015625,0.0712301089874749,0.6761880609565584,0.1756821215505229,43378,0.9938246151429824
1167,/home/projects/bagon/shared/imagenet512/val/n04591713/ILSVRC2012_val_00034842.JPEG,789,617.9081115722656,0.0009918212890625,0.056577997927664936,0.9923558081901621,0.09194035860062,43405,0.9916449601230589
1168,/home/projects/bagon/shared/imagenet512/val/n04532106/ILSVRC2012_val_00019133.JPEG,481,222.29486083984375,0.0009918212890625,0.04001920777319332,0.9310581909392246,0.1709511454022258,43421,0.9948189064835604
1169,/home/projects/bagon/shared/imagenet512/val/n02088094/ILSVRC2012_val_00044215.JPEG,512,255.9842300415039,0.00099945068359375,0.04184440464221841,0.9443936498233126,0.24656620214475322,43443,0.9954943269046151
1170,/home/projects/bagon/shared/imagenet512/val/n04380533/ILSVRC2012_val_00032093.JPEG,1055,530.2261123657227,0.00098419189453125,0.06208715069255027,0.9833097656487594,0.13436254952899582,43453,0.9923853317334435
1171,/home/projects/bagon/shared/imagenet512/val/n07615774/ILSVRC2012_val_00008864.JPEG,561,359.0054168701172,0.00098419189453125,0.04505389117729611,0.973584316553149,0.20860935969750716,43455,0.9953729538279062
1172,/home/projects/bagon/shared/imagenet512/val/n02669723/ILSVRC2012_val_00038753.JPEG,880,315.5548210144043,0.000965118408203125,0.051337248874076466,0.9802570123883092,0.11880447330567497,43469,0.9933738536952852
1173,/home/projects/bagon/shared/imagenet512/val/n02999410/ILSVRC2012_val_00032940.JPEG,1154,1213.1532135009766,0.00099945068359375,0.07781835738857983,0.9973725805798448,0.12475658273581486,43471,0.9857265353495459
1174,/home/projects/bagon/shared/imagenet512/val/n02094114/ILSVRC2012_val_00037568.JPEG,760,138.96025848388672,0.0009765625,0.052667724819870566,0.7378174602802591,0.12318523619248714,43491,0.9942615758459372
1175,/home/projects/bagon/shared/imagenet512/val/n03759954/ILSVRC2012_val_00003553.JPEG,862,955.819637298584,0.000919342041015625,0.06755836558314032,0.9940872421156746,0.14423330859753736,43492,0.9833691857335249
1176,/home/projects/bagon/shared/imagenet512/val/n02909870/ILSVRC2012_val_00011119.JPEG,926,520.363410949707,0.0009918212890625,0.0630468278057421,0.9772408883519512,0.15386016645955772,43493,0.9931968817222421
1177,/home/projects/bagon/shared/imagenet512/val/n04525038/ILSVRC2012_val_00039502.JPEG,633,921.7863349914551,0.000957489013671875,0.05366092372588431,0.9976135843185233,0.1063135016291567,43550,0.9907706435161493
1178,/home/projects/bagon/shared/imagenet512/val/n04204347/ILSVRC2012_val_00036714.JPEG,634,159.4224624633789,0.00099945068359375,0.045880526069300494,0.8536293199871127,0.11418247496357792,43556,0.9963674513848086
1179,/home/projects/bagon/shared/imagenet512/val/n02814533/ILSVRC2012_val_00015200.JPEG,873,185.65235900878906,0.00099945068359375,0.05695182911938373,0.8459489975190666,0.2748880660239025,43565,0.9923234760709222
1180,/home/projects/bagon/shared/imagenet512/val/n03658185/ILSVRC2012_val_00024927.JPEG,998,363.2212944030762,0.000949859619140625,0.06340133554976683,0.9499622737077305,0.3507532028213368,43588,0.9912894411036223
1181,/home/projects/bagon/shared/imagenet512/val/n02011460/ILSVRC2012_val_00014731.JPEG,742,2294.3285598754883,0.00099945068359375,0.06207583254561302,0.9991774927903165,0.23344655451907922,43612,0.9892946868033343
1182,/home/projects/bagon/shared/imagenet512/val/n04371774/ILSVRC2012_val_00014241.JPEG,715,879.8388633728027,0.000896453857421875,0.057282268001628854,0.9963243375360022,0.08860722513655987,43644,0.9889259114363531
1183,/home/projects/bagon/shared/imagenet512/val/n04590129/ILSVRC2012_val_00014230.JPEG,845,900.8019180297852,0.00099945068359375,0.06344773050610293,0.9970857423760624,0.17546091697391988,43668,0.9909524629463704
1184,/home/projects/bagon/shared/imagenet512/val/n02981792/ILSVRC2012_val_00020590.JPEG,765,122.09236907958984,0.00099945068359375,0.05281352505587504,0.7100136755619264,0.07719870206927629,43687,0.9914357023805579
1185,/home/projects/bagon/shared/imagenet512/val/n04479046/ILSVRC2012_val_00041995.JPEG,691,437.19192123413086,0.000934600830078125,0.053127967706484154,0.9759253982757234,0.1820275971953512,43740,0.9935185699785897
1186,/home/projects/bagon/shared/imagenet512/val/n02107574/ILSVRC2012_val_00025684.JPEG,676,69.78448486328125,0.0009765625,0.047500742867428385,0.5162484444095758,0.06032253322525877,43743,0.9890722706131292
1187,/home/projects/bagon/shared/imagenet512/val/n03179701/ILSVRC2012_val_00000777.JPEG,1168,175.69373321533203,0.0009307861328125,0.0655884118065117,0.7906762989587026,0.2849972127906846,43756,0.9931562704025781
1188,/home/projects/bagon/shared/imagenet512/val/n04350905/ILSVRC2012_val_00034991.JPEG,1557,1701.938865661621,0.00099945068359375,0.08822696820881135,0.9993579134744622,0.36644283107219583,43808,0.9839240252093667
1189,/home/projects/bagon/shared/imagenet512/val/n03759954/ILSVRC2012_val_00035325.JPEG,765,1254.7507095336914,0.0009918212890625,0.057338935927982775,0.9992022468912041,0.17968146344770544,43829,0.9923639499097512
1190,/home/projects/bagon/shared/imagenet512/val/n02837789/ILSVRC2012_val_00032052.JPEG,1121,504.851806640625,0.00098419189453125,0.07145099095379182,0.9777212806448867,0.12134379058318087,43847,0.9922179408106737
1191,/home/projects/bagon/shared/imagenet512/val/n04152593/ILSVRC2012_val_00049392.JPEG,1417,214.5080337524414,0.00099945068359375,0.08262468136308368,0.7200967994729718,0.11868693518840731,43887,0.9842052859702904
1192,/home/projects/bagon/shared/imagenet512/val/n03476991/ILSVRC2012_val_00035016.JPEG,1081,546.7059707641602,0.0009918212890625,0.07272795576075275,0.9683339858373525,0.1595530094998279,43903,0.9947641130966909
1193,/home/projects/bagon/shared/imagenet512/val/n02791270/ILSVRC2012_val_00044179.JPEG,1002,309.4058380126953,0.0009765625,0.06513514916958925,0.9348039849672514,0.14080339405456538,43950,0.9938472276533885
1194,/home/projects/bagon/shared/imagenet512/val/n03670208/ILSVRC2012_val_00013054.JPEG,809,1122.3951721191406,0.0009307861328125,0.0663007921078475,0.9972547322263554,0.2685845123650224,43959,0.9911999637005092
1195,/home/projects/bagon/shared/imagenet512/val/n12144580/ILSVRC2012_val_00000632.JPEG,1172,236.4385757446289,0.00095367431640625,0.06666126102820277,0.9226144979847671,0.30209699106092225,43975,0.9913056181483597
1196,/home/projects/bagon/shared/imagenet512/val/n04355933/ILSVRC2012_val_00002682.JPEG,1670,526.25341796875,0.0009918212890625,0.09689869906003608,0.9215094419268735,0.14403375745113745,43989,0.9714446340949104
1197,/home/projects/bagon/shared/imagenet512/val/n03843555/ILSVRC2012_val_00046369.JPEG,674,626.630672454834,0.000942230224609375,0.05391962111778755,0.9928736083947358,0.21696096925953934,43994,0.9944101811908256
1198,/home/projects/bagon/shared/imagenet512/val/n03075370/ILSVRC2012_val_00038524.JPEG,674,230.49790954589844,0.0009613037109375,0.046717145350046146,0.9376641627029331,0.15830757607669144,44028,0.9943623350691739
1199,/home/projects/bagon/shared/imagenet512/val/n03837869/ILSVRC2012_val_00043384.JPEG,764,430.54344940185547,0.00099945068359375,0.05657340567358329,0.9746267995774458,0.055124816699220716,44055,0.9942581217801771
1200,/home/projects/bagon/shared/imagenet512/val/n02123045/ILSVRC2012_val_00005358.JPEG,1381,88.52428436279297,0.0009765625,0.07073224938036521,0.5089471195538132,0.23981829262009358,44063,0.9898639709417462
1201,/home/projects/bagon/shared/imagenet512/val/n02795169/ILSVRC2012_val_00002986.JPEG,1117,1402.046241760254,0.0009765625,0.072965571068676,0.999193490369902,0.048000123313100815,44065,0.9897233029458857
1202,/home/projects/bagon/shared/imagenet512/val/n02641379/ILSVRC2012_val_00019691.JPEG,684,867.8556213378906,0.00098419189453125,0.055239725741606995,0.9971208119785496,0.10637478470611461,44073,0.9918479853947583
1203,/home/projects/bagon/shared/imagenet512/val/n02098413/ILSVRC2012_val_00048379.JPEG,974,647.5417404174805,0.0009918212890625,0.05843258097932474,0.996877401072056,0.2974694410084325,44083,0.9905793070060918
1204,/home/projects/bagon/shared/imagenet512/val/n03179701/ILSVRC2012_val_00003229.JPEG,951,172.69583892822266,0.0009918212890625,0.059728708697958065,0.8120016883872414,0.14498980628995034,44125,0.9917275877569409
1205,/home/projects/bagon/shared/imagenet512/val/n04004767/ILSVRC2012_val_00030755.JPEG,729,166.25618743896484,0.0009765625,0.04970122581416783,0.8643498729105052,0.21732760116407884,44146,0.9939065277477062
1206,/home/projects/bagon/shared/imagenet512/val/n04550184/ILSVRC2012_val_00046428.JPEG,828,595.0277557373047,0.00099945068359375,0.06250027860955217,0.9857443411285699,0.09836626511642121,44171,0.9910030459467309
1207,/home/projects/bagon/shared/imagenet512/val/n04330267/ILSVRC2012_val_00049277.JPEG,1027,2005.66792678833,0.000972747802734375,0.07703086608802842,0.9989979456872683,0.2757477596503914,44181,0.9924149373009687
1208,/home/projects/bagon/shared/imagenet512/val/n01978455/ILSVRC2012_val_00047416.JPEG,620,97.94261169433594,0.0009765625,0.04314485753652391,0.7274673318075402,0.19586782850668105,44186,0.9946249941103791
1209,/home/projects/bagon/shared/imagenet512/val/n02012849/ILSVRC2012_val_00043150.JPEG,753,510.33276748657227,0.000949859619140625,0.05320858935092034,0.9900919499544342,0.18893279988627337,44196,0.9956916121774847
1210,/home/projects/bagon/shared/imagenet512/val/n04317175/ILSVRC2012_val_00041030.JPEG,664,571.1766166687012,0.000972747802734375,0.05398940210732208,0.9865319201445996,0.15954491256234346,44210,0.9937178445179393
1211,/home/projects/bagon/shared/imagenet512/val/n03950228/ILSVRC2012_val_00032249.JPEG,1080,287.4248275756836,0.0009613037109375,0.06374884509928587,0.8933469680152711,0.13399075339294717,44231,0.9872466223860636
1212,/home/projects/bagon/shared/imagenet512/val/n02110063/ILSVRC2012_val_00028214.JPEG,997,512.5519561767578,0.00096893310546875,0.06970536392679899,0.969120673362238,0.2314241092932914,44235,0.9894622945216548
1213,/home/projects/bagon/shared/imagenet512/val/n02134084/ILSVRC2012_val_00017605.JPEG,439,962.481803894043,0.000946044921875,0.03609419727715214,0.999439335275381,0.09239553221684121,44261,0.9882643791809169
1214,/home/projects/bagon/shared/imagenet512/val/n03761084/ILSVRC2012_val_00035152.JPEG,622,413.16772079467773,0.000957489013671875,0.04952831935950622,0.9751749241125593,0.20830467080718126,44270,0.9928584691029775
1215,/home/projects/bagon/shared/imagenet512/val/n04560804/ILSVRC2012_val_00000286.JPEG,1109,507.46475982666016,0.00098419189453125,0.06871584328997274,0.9710047322055025,0.10966191737296994,44278,0.9852363923044233
1216,/home/projects/bagon/shared/imagenet512/val/n01665541/ILSVRC2012_val_00010843.JPEG,587,340.4080123901367,0.00099945068359375,0.04440615291399424,0.9768490175724349,0.2734713202124941,44307,0.9952219522928268
1217,/home/projects/bagon/shared/imagenet512/val/n03594945/ILSVRC2012_val_00009983.JPEG,577,791.9585494995117,0.00098419189453125,0.049134947911824184,0.9966257288958766,0.15238624819556656,44336,0.9932193170282273
1218,/home/projects/bagon/shared/imagenet512/val/n02099429/ILSVRC2012_val_00014766.JPEG,919,1259.909065246582,0.00099945068359375,0.06721291672179763,0.9972224953338467,0.30111215068200087,44340,0.9868299592551578
1219,/home/projects/bagon/shared/imagenet512/val/n02825657/ILSVRC2012_val_00003777.JPEG,647,214.72977447509766,0.000946044921875,0.04657977459498041,0.9180374591130072,0.3338857441723929,44347,0.9965702719279829
1220,/home/projects/bagon/shared/imagenet512/val/n03876231/ILSVRC2012_val_00018290.JPEG,955,1954.8294868469238,0.000926971435546875,0.07675697215974546,0.9986484550576868,0.15943464821871364,44354,0.9862099728823557
1221,/home/projects/bagon/shared/imagenet512/val/n01688243/ILSVRC2012_val_00046517.JPEG,719,799.2778358459473,0.000949859619140625,0.05405681832051749,0.9972537874368016,0.19146119259789646,44378,0.9927575837338598
1222,/home/projects/bagon/shared/imagenet512/val/n02676566/ILSVRC2012_val_00038042.JPEG,811,257.8016891479492,0.0009765625,0.05671225906341174,0.9088858531689747,0.13211999595201224,44409,0.9931452009017837
1223,/home/projects/bagon/shared/imagenet512/val/n02113799/ILSVRC2012_val_00013083.JPEG,490,106.69725799560547,0.0009918212890625,0.03840341466172749,0.7949575651101677,0.11630590506462263,44412,0.9939726927708171
1224,/home/projects/bagon/shared/imagenet512/val/n03133878/ILSVRC2012_val_00020891.JPEG,904,1814.4119567871094,0.00099945068359375,0.07378856523941459,0.9987009472440083,0.05633949329103232,44457,0.9867806664865422
1225,/home/projects/bagon/shared/imagenet512/val/n02490219/ILSVRC2012_val_00042165.JPEG,673,66.50982666015625,0.00099945068359375,0.04530137912923525,0.5583957476149639,0.07653892830899273,44460,0.993480682877762
1226,/home/projects/bagon/shared/imagenet512/val/n09332890/ILSVRC2012_val_00011436.JPEG,1223,617.515739440918,0.00091552734375,0.06779062680538762,0.990925415194534,0.1709768751561378,44463,0.9869390080067607
1227,/home/projects/bagon/shared/imagenet512/val/n02825657/ILSVRC2012_val_00022959.JPEG,818,201.9453239440918,0.000949859619140625,0.05293350936483407,0.8906236957928558,0.11148030108503036,44466,0.9965295292765428
1228,/home/projects/bagon/shared/imagenet512/val/n01990800/ILSVRC2012_val_00015874.JPEG,779,1093.5829010009766,0.00098419189453125,0.061547936079961,0.9974449806489573,0.07361622470949646,44476,0.9886506806070527
1229,/home/projects/bagon/shared/imagenet512/val/n02113712/ILSVRC2012_val_00027109.JPEG,1343,396.04297637939453,0.0009307861328125,0.07536763968503876,0.9787062637932936,0.18517058131225805,44489,0.987583172453275
1230,/home/projects/bagon/shared/imagenet512/val/n02871525/ILSVRC2012_val_00005712.JPEG,554,81.57069396972656,0.0009613037109375,0.03925364915532639,0.7314478761851857,0.19500694844830307,44491,0.9952816865040284
1231,/home/projects/bagon/shared/imagenet512/val/n04404412/ILSVRC2012_val_00036205.JPEG,1062,564.8683319091797,0.00099945068359375,0.0640069317556277,0.9890807407684616,0.26003821538216,44498,0.9930879318252475
1232,/home/projects/bagon/shared/imagenet512/val/n02085782/ILSVRC2012_val_00010516.JPEG,773,559.954345703125,0.0009765625,0.0550396503651559,0.9902265414314536,0.24140228330561753,44505,0.9852101055781204
1233,/home/projects/bagon/shared/imagenet512/val/n02951585/ILSVRC2012_val_00020234.JPEG,628,230.55261993408203,0.0009765625,0.04745566395846947,0.925988255244272,0.2231267015288493,44524,0.9978255575345911
1234,/home/projects/bagon/shared/imagenet512/val/n03379051/ILSVRC2012_val_00026706.JPEG,801,1866.2242317199707,0.000949859619140625,0.0636255574418328,0.9989832012209015,0.05827014538428378,44536,0.9907919861039454
1235,/home/projects/bagon/shared/imagenet512/val/n01860187/ILSVRC2012_val_00045505.JPEG,482,303.7218551635742,0.00099945068359375,0.04021989281602115,0.9704689631410172,0.020344654206892455,44538,0.9963867890009012
1236,/home/projects/bagon/shared/imagenet512/val/n07695742/ILSVRC2012_val_00004759.JPEG,660,467.37641525268555,0.000972747802734375,0.052286947044079685,0.9809562854839597,0.056684898946747386,44539,0.9952741546829516
1237,/home/projects/bagon/shared/imagenet512/val/n03041632/ILSVRC2012_val_00004379.JPEG,625,595.3360176086426,0.000942230224609375,0.05105052862849403,0.9897477447892398,0.11056360092373313,44593,0.9933742909970381
1238,/home/projects/bagon/shared/imagenet512/val/n04591157/ILSVRC2012_val_00009248.JPEG,876,518.8057861328125,0.00098419189453125,0.06569207809690228,0.9716757643879375,0.16495994906933717,44614,0.9894269661098861
1239,/home/projects/bagon/shared/imagenet512/val/n03733805/ILSVRC2012_val_00035975.JPEG,797,336.7837905883789,0.000946044921875,0.057207807626699456,0.936930556961336,0.16519831792153092,44619,0.9934481854233154
1240,/home/projects/bagon/shared/imagenet512/val/n01871265/ILSVRC2012_val_00027280.JPEG,984,869.5786895751953,0.0009918212890625,0.06567266578546206,0.9983216806012042,0.07897953851633858,44652,0.992161587263364
1241,/home/projects/bagon/shared/imagenet512/val/n04584207/ILSVRC2012_val_00041682.JPEG,965,1853.2195205688477,0.000946044921875,0.07818259944423522,0.9984883765290002,0.07329811085382106,44660,0.9825440934109697
1242,/home/projects/bagon/shared/imagenet512/val/n03617480/ILSVRC2012_val_00047695.JPEG,626,448.2273483276367,0.00098419189453125,0.05117027045426912,0.9765656884894275,0.19145138653793137,44661,0.9940893773979043
1243,/home/projects/bagon/shared/imagenet512/val/n04493381/ILSVRC2012_val_00044859.JPEG,1504,178.29578018188477,0.000965118408203125,0.07924151179072525,0.7525439820247056,0.17445747670431017,44668,0.9891646955583355
1244,/home/projects/bagon/shared/imagenet512/val/n02123159/ILSVRC2012_val_00007676.JPEG,1117,82.41662979125977,0.000972747802734375,0.060555901986041126,0.5659883011264663,0.20471732625864764,44685,0.9933203682271068
1245,/home/projects/bagon/shared/imagenet512/val/n02089867/ILSVRC2012_val_00010626.JPEG,979,75.2154312133789,0.00093841552734375,0.056424200704666916,0.5233107885324021,0.06370707800856287,44724,0.9914201412842206
1246,/home/projects/bagon/shared/imagenet512/val/n02514041/ILSVRC2012_val_00004565.JPEG,869,584.7342758178711,0.00099945068359375,0.06156762429564931,0.9894619155951601,0.368989015980559,44731,0.9914540806643476
1247,/home/projects/bagon/shared/imagenet512/val/n03871628/ILSVRC2012_val_00045732.JPEG,866,324.01937103271484,0.00091552734375,0.051839746724800545,0.9691936992192904,0.14376250367492482,44744,0.991432935247574
1248,/home/projects/bagon/shared/imagenet512/val/n02814860/ILSVRC2012_val_00026607.JPEG,277,2.8224105834960938,0.00093841552734375,0.018044500883328533,0.05725527521839349,0.025530227129826895,44803,0.9991803225170703
1249,/home/projects/bagon/shared/imagenet512/val/n04039381/ILSVRC2012_val_00031371.JPEG,760,1201.5017890930176,0.000957489013671875,0.06247566981507658,0.9977493072188649,0.05151470357596941,44829,0.987490340122363
1250,/home/projects/bagon/shared/imagenet512/val/n04428191/ILSVRC2012_val_00003542.JPEG,707,551.2956619262695,0.00099945068359375,0.053490235331246624,0.9893365974358777,0.08810271550879167,44852,0.9917005579979149
1251,/home/projects/bagon/shared/imagenet512/val/n04355933/ILSVRC2012_val_00013274.JPEG,1388,933.9289703369141,0.00098419189453125,0.07200479026475413,0.9960701837495386,0.05106908278394899,44858,0.9926902057169709
1252,/home/projects/bagon/shared/imagenet512/val/n03240683/ILSVRC2012_val_00010303.JPEG,491,165.67941284179688,0.00096893310546875,0.040334764921039906,0.8763769198176429,0.053157347535828944,44873,0.9947164416787476
1253,/home/projects/bagon/shared/imagenet512/val/n02788148/ILSVRC2012_val_00016408.JPEG,859,865.0212326049805,0.0009765625,0.06483222385211464,0.9938025176041314,0.10362273008380835,44878,0.989231312841528
1254,/home/projects/bagon/shared/imagenet512/val/n07579787/ILSVRC2012_val_00028525.JPEG,950,76.34536361694336,0.000957489013671875,0.05473515060607089,0.56216723408932,0.09102158439762775,44895,0.9960240137026721
1255,/home/projects/bagon/shared/imagenet512/val/n03796401/ILSVRC2012_val_00048418.JPEG,667,279.87133026123047,0.0009765625,0.05057365855276992,0.9358536981578381,0.06168379319144846,44897,0.9961603876534638
1256,/home/projects/bagon/shared/imagenet512/val/n03697007/ILSVRC2012_val_00034390.JPEG,521,369.86881256103516,0.0009918212890625,0.04431971342988488,0.9770318645507398,0.12415616172784873,44901,0.9948269693395715
1257,/home/projects/bagon/shared/imagenet512/val/n04074963/ILSVRC2012_val_00022614.JPEG,956,1537.429344177246,0.00099945068359375,0.0772174040201943,0.9979721946045496,0.018566452737438108,44907,0.97776514066574
1258,/home/projects/bagon/shared/imagenet512/val/n04141327/ILSVRC2012_val_00005711.JPEG,821,340.3295249938965,0.000972747802734375,0.056155508513013964,0.961672016981644,0.2100755157825186,44917,0.9937142601622532
1259,/home/projects/bagon/shared/imagenet512/val/n03710637/ILSVRC2012_val_00011548.JPEG,1727,282.5324821472168,0.000972747802734375,0.09266197242074649,0.7767296562519489,0.17345741189312605,44933,0.9804145825021425
1260,/home/projects/bagon/shared/imagenet512/val/n04127249/ILSVRC2012_val_00040482.JPEG,1002,2227.5214881896973,0.000919342041015625,0.08035723416931961,0.9989268340371593,0.12646519241403742,44935,0.983670464674983
1261,/home/projects/bagon/shared/imagenet512/val/n03995372/ILSVRC2012_val_00026148.JPEG,891,1360.3240852355957,0.000972747802734375,0.07114335943053263,0.9978328361250328,0.17348486433334243,44936,0.9747620635855634
1262,/home/projects/bagon/shared/imagenet512/val/n02088466/ILSVRC2012_val_00043153.JPEG,507,87.24101257324219,0.0009765625,0.038844961196230675,0.7022905771017669,0.04890300413573549,44953,0.9957146776890545
1263,/home/projects/bagon/shared/imagenet512/val/n01855032/ILSVRC2012_val_00045281.JPEG,878,724.4961242675781,0.0009918212890625,0.06589466313707595,0.9880083720461044,0.27182996082595684,44994,0.9925065985899887
1264,/home/projects/bagon/shared/imagenet512/val/n04591157/ILSVRC2012_val_00011761.JPEG,1045,2401.933235168457,0.0009918212890625,0.08046744828103895,0.9989423911913737,0.0610519590209123,44998,0.9860309535432346
1265,/home/projects/bagon/shared/imagenet512/val/n04493381/ILSVRC2012_val_00018795.JPEG,1695,894.2575416564941,0.000949859619140625,0.09138029500529575,0.9949680174540746,0.28538977663921244,45001,0.9901651761800621
1266,/home/projects/bagon/shared/imagenet512/val/n02095570/ILSVRC2012_val_00025520.JPEG,904,573.541259765625,0.0009613037109375,0.06296090887668847,0.9812242247488158,0.18240870252789393,45014,0.9879226808765137
1267,/home/projects/bagon/shared/imagenet512/val/n02012849/ILSVRC2012_val_00042638.JPEG,699,442.14428329467773,0.000965118408203125,0.05368211502086275,0.9751896939773579,0.08182484064451262,45023,0.9802292074796732
1268,/home/projects/bagon/shared/imagenet512/val/n01682714/ILSVRC2012_val_00025668.JPEG,1421,212.60056686401367,0.000904083251953125,0.07688949595086347,0.8185311496467692,0.20062596742193825,45025,0.9924768114870763
1269,/home/projects/bagon/shared/imagenet512/val/n02808304/ILSVRC2012_val_00030884.JPEG,712,955.1822509765625,0.0009918212890625,0.05854894322885473,0.9974897512876884,0.07917821941065745,45028,0.9888923262219986
1270,/home/projects/bagon/shared/imagenet512/val/n04435653/ILSVRC2012_val_00008528.JPEG,694,944.0792770385742,0.0009307861328125,0.05734412491530495,0.9970333964933349,0.017519698734191905,45049,0.9895983520262551
1271,/home/projects/bagon/shared/imagenet512/val/n02879718/ILSVRC2012_val_00004535.JPEG,579,740.5780258178711,0.00099945068359375,0.05071922650922499,0.9946055871464041,0.0330264329475698,45060,0.9954838015077879
1272,/home/projects/bagon/shared/imagenet512/val/n02669723/ILSVRC2012_val_00046320.JPEG,989,119.93762969970703,0.000946044921875,0.05863072243042533,0.6784754427152253,0.1775806345349514,45066,0.9817248100607717
1273,/home/projects/bagon/shared/imagenet512/val/n03902125/ILSVRC2012_val_00040702.JPEG,446,64.37704086303711,0.000957489013671875,0.033651290944314814,0.6644063350658745,0.18594871845032707,45082,0.9973853962965057
1274,/home/projects/bagon/shared/imagenet512/val/n04522168/ILSVRC2012_val_00042916.JPEG,1563,1035.267318725586,0.00098419189453125,0.09459919306870183,0.9936761304842041,0.27083291631214423,45092,0.9901467303753549
1275,/home/projects/bagon/shared/imagenet512/val/n02105056/ILSVRC2012_val_00049815.JPEG,770,653.7865600585938,0.00093841552734375,0.05451868385894637,0.9922258498489075,0.08275188731253585,45130,0.9875724361944732
1276,/home/projects/bagon/shared/imagenet512/val/n01798484/ILSVRC2012_val_00006790.JPEG,708,580.4367942810059,0.000965118408203125,0.05477717909805892,0.9890504715219708,0.018413887217199637,45140,0.9897638606235202
1277,/home/projects/bagon/shared/imagenet512/val/n09246464/ILSVRC2012_val_00042182.JPEG,638,145.6798973083496,0.000965118408203125,0.04715385307929689,0.7829761676741692,0.16066294330137448,45141,0.9866170203815352
1278,/home/projects/bagon/shared/imagenet512/val/n04356056/ILSVRC2012_val_00028254.JPEG,1977,291.76770782470703,0.000946044921875,0.0926735244010534,0.8804130901155437,0.19945966976752721,45143,0.9807001788780156
1279,/home/projects/bagon/shared/imagenet512/val/n03355925/ILSVRC2012_val_00027876.JPEG,902,871.1751708984375,0.0009918212890625,0.06704691928982094,0.9921809452527854,0.10469646953157635,45145,0.9836100675304655
1280,/home/projects/bagon/shared/imagenet512/val/n04008634/ILSVRC2012_val_00049362.JPEG,1526,179.35948181152344,0.00099945068359375,0.08261379041479232,0.7725007276207994,0.2161234283657623,45196,0.9889495333672623
1281,/home/projects/bagon/shared/imagenet512/val/n04332243/ILSVRC2012_val_00030726.JPEG,262,16.71535873413086,0.000949859619140625,0.022103053930327313,0.3151161708881947,0.10215721463325235,45232,0.9995005132059548
1282,/home/projects/bagon/shared/imagenet512/val/n04033901/ILSVRC2012_val_00003041.JPEG,548,558.2969551086426,0.000896453857421875,0.04692613823773549,0.9905572532174189,0.15913482567573106,45271,0.9954835321087256
1283,/home/projects/bagon/shared/imagenet512/val/n07695742/ILSVRC2012_val_00004195.JPEG,455,250.50692749023438,0.00096893310546875,0.03679211729702408,0.9643839645247856,0.23175582248873003,45274,0.9963255532305751
1284,/home/projects/bagon/shared/imagenet512/val/n01985128/ILSVRC2012_val_00025521.JPEG,1112,1083.7076148986816,0.000972747802734375,0.07579121103446444,0.9979064505178239,0.12273762604750107,45289,0.9849798954959142
1285,/home/projects/bagon/shared/imagenet512/val/n02493793/ILSVRC2012_val_00045444.JPEG,748,173.88597869873047,0.0009765625,0.053072959357343914,0.8190987098258902,0.09383521359576805,45301,0.9934309322300823
1286,/home/projects/bagon/shared/imagenet512/val/n03443371/ILSVRC2012_val_00017478.JPEG,869,287.5155143737793,0.000965118408203125,0.05955855626072272,0.9045985859015132,0.07126469611731687,45307,0.9945080412181975
1287,/home/projects/bagon/shared/imagenet512/val/n02109961/ILSVRC2012_val_00014701.JPEG,1576,144.8264503479004,0.000911712646484375,0.08218947644678708,0.594121695633216,0.13319518372362088,45323,0.9922860959354878
1288,/home/projects/bagon/shared/imagenet512/val/n04141975/ILSVRC2012_val_00006418.JPEG,664,445.14211654663086,0.000919342041015625,0.05256024048693976,0.9752063529910576,0.1465099485957242,45328,0.9932837089998768
1289,/home/projects/bagon/shared/imagenet512/val/n02093991/ILSVRC2012_val_00043404.JPEG,789,605.9203071594238,0.000965118408203125,0.05718737278333157,0.9869181408110073,0.03030428459911108,45333,0.9912523913805288
1290,/home/projects/bagon/shared/imagenet512/val/n03372029/ILSVRC2012_val_00002542.JPEG,1082,888.5340805053711,0.0009765625,0.07644730652616653,0.9907046583398735,0.370867934418207,45334,0.9885679635879637
1291,/home/projects/bagon/shared/imagenet512/val/n03710721/ILSVRC2012_val_00003089.JPEG,1102,178.5644302368164,0.00098419189453125,0.06876927985416911,0.6768980236107253,0.13586861363184252,45440,0.9884302362525981
1292,/home/projects/bagon/shared/imagenet512/val/n01985128/ILSVRC2012_val_00002693.JPEG,689,92.88858795166016,0.00098419189453125,0.04557614412404028,0.7109540125113355,0.1168160986820576,45479,0.9939594640954884
1293,/home/projects/bagon/shared/imagenet512/val/n02321529/ILSVRC2012_val_00007344.JPEG,572,817.4408340454102,0.00095367431640625,0.04693318441503427,0.9979264219678015,0.08586745952565,45506,0.9882280836370708
1294,/home/projects/bagon/shared/imagenet512/val/n02096177/ILSVRC2012_val_00048476.JPEG,665,645.9721603393555,0.000946044921875,0.05023859010589936,0.994993774013501,0.06836344386677827,45516,0.988935093291954
1295,/home/projects/bagon/shared/imagenet512/val/n04265275/ILSVRC2012_val_00044745.JPEG,742,512.8721084594727,0.00096893310546875,0.057945282199706794,0.9742574573239547,0.15742658228045897,45517,0.9905020906467491
1296,/home/projects/bagon/shared/imagenet512/val/n01644900/ILSVRC2012_val_00005532.JPEG,1252,1092.7014465332031,0.00099945068359375,0.08447184640015584,0.9945217539008965,0.2627745745148423,45524,0.9895061138217435
1297,/home/projects/bagon/shared/imagenet512/val/n01667778/ILSVRC2012_val_00021291.JPEG,978,230.39720153808594,0.00096893310546875,0.06168692705009077,0.8705859302080947,0.054170314734997324,45535,0.9883698690873818
1298,/home/projects/bagon/shared/imagenet512/val/n02909870/ILSVRC2012_val_00005035.JPEG,890,146.52800750732422,0.00098419189453125,0.05764164011201566,0.7504044977302968,0.17936822795498295,45539,0.9938526861297994
1299,/home/projects/bagon/shared/imagenet512/val/n03530642/ILSVRC2012_val_00007383.JPEG,550,872.8848571777344,0.00099945068359375,0.048306190233332276,0.9980346874311301,0.10056985052449431,45589,0.9874477095799753
1300,/home/projects/bagon/shared/imagenet512/val/n04120489/ILSVRC2012_val_00026868.JPEG,667,379.0861587524414,0.00092315673828125,0.051324213619932196,0.958856475948611,0.14779199147554908,45630,0.992905763836553
1301,/home/projects/bagon/shared/imagenet512/val/n04325704/ILSVRC2012_val_00045762.JPEG,636,98.42558670043945,0.000965118408203125,0.047458706020938296,0.6502133741739642,0.08195037737021912,45636,0.9954952660827887
1302,/home/projects/bagon/shared/imagenet512/val/n03063599/ILSVRC2012_val_00032778.JPEG,771,460.9933166503906,0.0009918212890625,0.05510562022139294,0.9839804405980105,0.057776839797264036,45648,0.9927814212781663
1303,/home/projects/bagon/shared/imagenet512/val/n03874599/ILSVRC2012_val_00037449.JPEG,903,159.5685577392578,0.00098419189453125,0.05856403457679337,0.7846424961199054,0.08088436050471887,45656,0.9925742901420022
1304,/home/projects/bagon/shared/imagenet512/val/n02825657/ILSVRC2012_val_00036386.JPEG,828,411.2906265258789,0.000946044921875,0.06002280065876047,0.9604092343172137,0.2318883812359457,45660,0.9914520910317044
1305,/home/projects/bagon/shared/imagenet512/val/n03832673/ILSVRC2012_val_00008237.JPEG,1456,148.0821075439453,0.0009613037109375,0.07771001893524423,0.6514014989461556,0.4017050852824679,45672,0.9915060157799513
1306,/home/projects/bagon/shared/imagenet512/val/n02963159/ILSVRC2012_val_00016246.JPEG,722,698.2487869262695,0.00099945068359375,0.0539269038076554,0.9924926951504462,0.1381271302898197,45691,0.9822003035449464
1307,/home/projects/bagon/shared/imagenet512/val/n09399592/ILSVRC2012_val_00002476.JPEG,1239,201.9561882019043,0.000972747802734375,0.07118869643376972,0.7917899884093037,0.3524259329148457,45707,0.9914557306686738
1308,/home/projects/bagon/shared/imagenet512/val/n04596742/ILSVRC2012_val_00008899.JPEG,1085,1162.0827178955078,0.0009765625,0.07636758127963905,0.9969043005010209,0.10133865489123745,45797,0.9889561166315678
1309,/home/projects/bagon/shared/imagenet512/val/n04591157/ILSVRC2012_val_00015778.JPEG,743,196.95328521728516,0.0009765625,0.05334361952595006,0.8330761132599058,0.10298094343740043,45799,0.99157967887257
1310,/home/projects/bagon/shared/imagenet512/val/n04355933/ILSVRC2012_val_00043078.JPEG,1575,433.2406425476074,0.000972747802734375,0.0906913782400567,0.9568132334574311,0.21471647994556187,45817,0.985406551251574
1311,/home/projects/bagon/shared/imagenet512/val/n04008634/ILSVRC2012_val_00023914.JPEG,1615,369.18175888061523,0.000896453857421875,0.08563774824140381,0.9592600071030879,0.19494831939142288,45860,0.9913782470985631
1312,/home/projects/bagon/shared/imagenet512/val/n04254777/ILSVRC2012_val_00013213.JPEG,366,354.1932601928711,0.00095367431640625,0.03319494451932289,0.9751035417647271,0.16078504263013085,45864,0.9904506360316067
1313,/home/projects/bagon/shared/imagenet512/val/n04254777/ILSVRC2012_val_00026534.JPEG,926,1437.1527519226074,0.000972747802734375,0.07240612072514653,0.998104964257077,0.1381253578887503,45893,0.9742608876378035
1314,/home/projects/bagon/shared/imagenet512/val/n04591157/ILSVRC2012_val_00020606.JPEG,758,542.1758193969727,0.000946044921875,0.0621385822114856,0.9673158610075976,0.09020450084028803,45903,0.9879278040360354
1315,/home/projects/bagon/shared/imagenet512/val/n03710637/ILSVRC2012_val_00000184.JPEG,1419,429.34777069091797,0.00099945068359375,0.08758497230557664,0.8971567390135496,0.11147721156794463,45913,0.9737557551772562
1316,/home/projects/bagon/shared/imagenet512/val/n02776631/ILSVRC2012_val_00022863.JPEG,911,439.09903717041016,0.000946044921875,0.0682671714000182,0.9408979050373365,0.0783528054924949,45930,0.9903098048385969
1317,/home/projects/bagon/shared/imagenet512/val/n02128757/ILSVRC2012_val_00004135.JPEG,508,40.59169387817383,0.000934600830078125,0.03660882682805748,0.4562039878671011,0.04896477301620334,45948,0.9931963791482971
1318,/home/projects/bagon/shared/imagenet512/val/n01981276/ILSVRC2012_val_00004965.JPEG,689,174.2476577758789,0.00098419189453125,0.0497316975712381,0.8398013342944538,0.06640094022958093,45958,0.9915563006383374
1319,/home/projects/bagon/shared/imagenet512/val/n03920288/ILSVRC2012_val_00026927.JPEG,586,626.4377365112305,0.00092315673828125,0.049402826551213315,0.9923928799316198,0.11070850260583227,45966,0.9931797242386381
1320,/home/projects/bagon/shared/imagenet512/val/n02107574/ILSVRC2012_val_00007071.JPEG,1096,434.75383377075195,0.000972747802734375,0.06260112977878597,0.9578441991258699,0.13863689298562776,45981,0.989332151986875
1321,/home/projects/bagon/shared/imagenet512/val/n02096294/ILSVRC2012_val_00029691.JPEG,805,376.81346130371094,0.0009613037109375,0.05930267710531859,0.9490159162872617,0.09121265349301107,46005,0.9921508306584554
1322,/home/projects/bagon/shared/imagenet512/val/n01632458/ILSVRC2012_val_00010675.JPEG,764,442.339111328125,0.0009765625,0.05835647013045772,0.970070417570717,0.07244386164265286,46026,0.9895160889114704
1323,/home/projects/bagon/shared/imagenet512/val/n03710637/ILSVRC2012_val_00041429.JPEG,1947,360.34689712524414,0.000965118408203125,0.10176901739765537,0.8596284913234032,0.38289072932266754,46042,0.985554105822938
1324,/home/projects/bagon/shared/imagenet512/val/n09332890/ILSVRC2012_val_00000150.JPEG,1211,808.0344772338867,0.0009613037109375,0.0726908748623205,0.9910047213633654,0.23670225608304418,46044,0.985372935996421
1325,/home/projects/bagon/shared/imagenet512/val/n01744401/ILSVRC2012_val_00039489.JPEG,1105,1496.3886184692383,0.0009765625,0.07639205491459682,0.9987822414411629,0.22496855303489427,46053,0.9866435584076404
1326,/home/projects/bagon/shared/imagenet512/val/n02927161/ILSVRC2012_val_00014380.JPEG,551,186.9862518310547,0.00095367431640625,0.04314589030621564,0.8996540566685745,0.09509070686441864,46085,0.9949097187631812
1327,/home/projects/bagon/shared/imagenet512/val/n04069434/ILSVRC2012_val_00026322.JPEG,873,961.1875648498535,0.000965118408203125,0.06029019646246486,0.9984974031479101,0.16662049575508422,46117,0.9905389191825914
1328,/home/projects/bagon/shared/imagenet512/val/n04326547/ILSVRC2012_val_00039424.JPEG,684,746.8188819885254,0.000911712646484375,0.05109808097336778,0.99735396608938,0.19400585664050707,46129,0.9910258927444483
1329,/home/projects/bagon/shared/imagenet512/val/n03781244/ILSVRC2012_val_00018837.JPEG,1115,540.4885406494141,0.00099945068359375,0.0683050111754632,0.9802554048592541,0.3151960001591479,46130,0.9875439103310676
1330,/home/projects/bagon/shared/imagenet512/val/n03459775/ILSVRC2012_val_00041657.JPEG,897,926.3567276000977,0.00098419189453125,0.06711525055194995,0.9953939939820721,0.14888691637470294,46150,0.9838029896188834
1331,/home/projects/bagon/shared/imagenet512/val/n02999410/ILSVRC2012_val_00032707.JPEG,918,647.1656532287598,0.000934600830078125,0.063880696784677,0.9862150925314432,0.10192262689238296,46156,0.986332412550574
1332,/home/projects/bagon/shared/imagenet512/val/n03866082/ILSVRC2012_val_00030796.JPEG,856,147.8933334350586,0.00099945068359375,0.053111831965586415,0.7992420845282608,0.106308844016589,46157,0.9928630102957082
1333,/home/projects/bagon/shared/imagenet512/val/n07871810/ILSVRC2012_val_00035622.JPEG,789,786.5955352783203,0.00099945068359375,0.061759886339302926,0.9944144190261741,0.13106896784900157,46164,0.9925339542450972
1334,/home/projects/bagon/shared/imagenet512/val/n02769748/ILSVRC2012_val_00030346.JPEG,886,2259.231575012207,0.00099945068359375,0.0684050115040201,0.9995958348412645,0.06072424574449103,46175,0.9857513873873739
1335,/home/projects/bagon/shared/imagenet512/val/n09256479/ILSVRC2012_val_00021830.JPEG,942,144.7769317626953,0.0009765625,0.05737078040720891,0.7357335697510005,0.11317007728418835,46193,0.9921527435036969
1336,/home/projects/bagon/shared/imagenet512/val/n03388549/ILSVRC2012_val_00024695.JPEG,654,822.3541030883789,0.0009918212890625,0.052055132771330205,0.9974517095029908,0.2113337521716573,46210,0.9903431177125906
1337,/home/projects/bagon/shared/imagenet512/val/n04509417/ILSVRC2012_val_00035733.JPEG,881,1670.6572074890137,0.000934600830078125,0.06718848280466715,0.9991101866184637,0.2305921759074892,46285,0.9912935121881835
1338,/home/projects/bagon/shared/imagenet512/val/n01978287/ILSVRC2012_val_00022676.JPEG,858,1177.3898468017578,0.00095367431640625,0.06208154500660616,0.9993656192547251,0.2768520553388485,46313,0.9893877767161167
1339,/home/projects/bagon/shared/imagenet512/val/n02089973/ILSVRC2012_val_00001128.JPEG,1256,325.0721015930176,0.000972747802734375,0.07902264660751593,0.8837079080391722,0.127004555318518,46315,0.9784845027776736
1340,/home/projects/bagon/shared/imagenet512/val/n07930864/ILSVRC2012_val_00009249.JPEG,1136,187.74731063842773,0.000957489013671875,0.061904735595075,0.8456944478365295,0.16727742692777658,46316,0.9957795593480251
1341,/home/projects/bagon/shared/imagenet512/val/n01753488/ILSVRC2012_val_00014116.JPEG,1088,103.55623245239258,0.000911712646484375,0.06260171106180035,0.5780662326629991,0.1464978533005919,46327,0.9897746610228114
1342,/home/projects/bagon/shared/imagenet512/val/n02808440/ILSVRC2012_val_00042102.JPEG,1226,192.28817749023438,0.00099945068359375,0.06726818048835266,0.8854955913331637,0.340924083393925,46336,0.9906196553851339
1343,/home/projects/bagon/shared/imagenet512/val/n03764736/ILSVRC2012_val_00026080.JPEG,747,851.4211120605469,0.00099945068359375,0.057811592374134246,0.9971834645020564,0.4648452715397128,46346,0.9900470494568652
1344,/home/projects/bagon/shared/imagenet512/val/n02325366/ILSVRC2012_val_00017619.JPEG,798,630.9680023193359,0.0009613037109375,0.054332807673325524,0.997213481703696,0.11183499702038453,46349,0.9881401986302135
1345,/home/projects/bagon/shared/imagenet512/val/n03785016/ILSVRC2012_val_00006644.JPEG,837,251.82610321044922,0.00098419189453125,0.0494922302901691,0.9465614043531103,0.07151149730364445,46354,0.99458374529419
1346,/home/projects/bagon/shared/imagenet512/val/n07579787/ILSVRC2012_val_00039992.JPEG,1011,211.27563095092773,0.000949859619140625,0.06189206637289594,0.8509031049290781,0.22226576210543153,46437,0.9902253723895184
1347,/home/projects/bagon/shared/imagenet512/val/n03642806/ILSVRC2012_val_00000151.JPEG,1255,189.9095001220703,0.0009765625,0.07470294390200073,0.7455460166212956,0.08661909496470171,46438,0.9929091871772809
1348,/home/projects/bagon/shared/imagenet512/val/n02894605/ILSVRC2012_val_00016324.JPEG,746,705.9123764038086,0.00098419189453125,0.06094811729013893,0.9883194984468874,0.03955453798439326,46454,0.9882691537010951
1349,/home/projects/bagon/shared/imagenet512/val/n01968897/ILSVRC2012_val_00010214.JPEG,413,519.2772941589355,0.000957489013671875,0.03583225152237625,0.9971782302340898,0.04030462175233858,46477,0.9961356404844723
1350,/home/projects/bagon/shared/imagenet512/val/n04350905/ILSVRC2012_val_00025482.JPEG,752,918.2478408813477,0.0009765625,0.05906939682171457,0.9967484269071416,0.09477194881854208,46491,0.98926673271339
1351,/home/projects/bagon/shared/imagenet512/val/n03400231/ILSVRC2012_val_00020799.JPEG,1151,2235.997787475586,0.000946044921875,0.07628316038708077,0.9995690880481851,0.20508503302187997,46504,0.9730516022537099
1352,/home/projects/bagon/shared/imagenet512/val/n04399382/ILSVRC2012_val_00047954.JPEG,505,300.39701080322266,0.00099945068359375,0.0425602627113986,0.9619208243762849,0.04059267977600921,46525,0.9911225478970447
1353,/home/projects/bagon/shared/imagenet512/val/n02692877/ILSVRC2012_val_00021306.JPEG,366,106.33000946044922,0.0009918212890625,0.0298891494569214,0.8700312226782809,0.10728284934824672,46533,0.9978728231696942
1354,/home/projects/bagon/shared/imagenet512/val/n07711569/ILSVRC2012_val_00005431.JPEG,598,247.4063262939453,0.000946044921875,0.041849522516759004,0.9661150877196991,0.06482449716408976,46582,0.989207495838796
1355,/home/projects/bagon/shared/imagenet512/val/n04380533/ILSVRC2012_val_00027143.JPEG,1380,544.0020599365234,0.00098419189453125,0.08124493821499207,0.9799072480864716,0.26694612020924413,46586,0.9902699723524561
1356,/home/projects/bagon/shared/imagenet512/val/n07871810/ILSVRC2012_val_00026959.JPEG,953,613.1324920654297,0.000946044921875,0.07078127862328365,0.9746309775165545,0.14567199450826626,46588,0.9919528117102212
1357,/home/projects/bagon/shared/imagenet512/val/n04285008/ILSVRC2012_val_00043297.JPEG,774,68.41968536376953,0.00096893310546875,0.0453362182774405,0.5925270326930597,0.16155240449817437,46666,0.9957724091059653
1358,/home/projects/bagon/shared/imagenet512/val/n03250847/ILSVRC2012_val_00048628.JPEG,926,796.5249481201172,0.00099945068359375,0.0688060635042718,0.9885080312884554,0.05286401396439615,46681,0.9921517033795715
1359,/home/projects/bagon/shared/imagenet512/val/n09399592/ILSVRC2012_val_00043889.JPEG,1200,408.13507080078125,0.00099945068359375,0.07574226478382862,0.9445513508245691,0.25997585932856726,46687,0.9913064984839017
1360,/home/projects/bagon/shared/imagenet512/val/n01693334/ILSVRC2012_val_00031003.JPEG,1185,283.1610336303711,0.00098419189453125,0.06619683725322703,0.9340283779991184,0.1799552820773343,46697,0.9865391645155994
1361,/home/projects/bagon/shared/imagenet512/val/n07930864/ILSVRC2012_val_00030068.JPEG,1070,250.35897064208984,0.00099945068359375,0.0665769341508746,0.8494670755609082,0.033664549956924764,46710,0.9906821241074029
1362,/home/projects/bagon/shared/imagenet512/val/n02403003/ILSVRC2012_val_00010592.JPEG,900,154.23925018310547,0.0009918212890625,0.062325539674633765,0.6975325223352541,0.05189953245948964,46723,0.9896006912880788
1363,/home/projects/bagon/shared/imagenet512/val/n02085936/ILSVRC2012_val_00041918.JPEG,1069,729.4736099243164,0.00099945068359375,0.06929569542786553,0.9908466877771352,0.28000551744112123,46752,0.9907804554860439
1364,/home/projects/bagon/shared/imagenet512/val/n03710637/ILSVRC2012_val_00001562.JPEG,1802,448.25500106811523,0.000972747802734375,0.10287021298718962,0.880389465715958,0.17336010015798758,46761,0.9796140234171498
1365,/home/projects/bagon/shared/imagenet512/val/n02412080/ILSVRC2012_val_00008559.JPEG,817,117.42479705810547,0.00093841552734375,0.05409109145017676,0.6880094315301747,0.14226362162973732,46762,0.9902074886598867
1366,/home/projects/bagon/shared/imagenet512/val/n04355338/ILSVRC2012_val_00005399.JPEG,632,335.17028045654297,0.0009918212890625,0.05146600207286026,0.9412305502643998,0.08324824478896597,46784,0.994522805311416
1367,/home/projects/bagon/shared/imagenet512/val/n04612504/ILSVRC2012_val_00031426.JPEG,941,1759.4887619018555,0.00099945068359375,0.07570452832521525,0.9987423574741477,0.0578340364793591,46812,0.9936174858775311
1368,/home/projects/bagon/shared/imagenet512/val/n03710637/ILSVRC2012_val_00024573.JPEG,1152,419.6969795227051,0.000934600830078125,0.08655350255054403,0.8735558349037171,0.04120992360429218,46819,0.9707826008180646
1369,/home/projects/bagon/shared/imagenet512/val/n04229816/ILSVRC2012_val_00013426.JPEG,577,192.32521057128906,0.00099945068359375,0.044670738085211194,0.8892719739649688,0.10031275025550673,46821,0.9946014096195588
1370,/home/projects/bagon/shared/imagenet512/val/n02167151/ILSVRC2012_val_00003331.JPEG,1036,373.58859634399414,0.000972747802734375,0.06756091538047314,0.9310844477905925,0.037868407291404976,46843,0.9854554352717326
1371,/home/projects/bagon/shared/imagenet512/val/n03710193/ILSVRC2012_val_00040946.JPEG,975,613.7650756835938,0.00095367431640625,0.07128877364459521,0.9767529993249571,0.16297901036877357,46892,0.992064607487854
1372,/home/projects/bagon/shared/imagenet512/val/n02769748/ILSVRC2012_val_00019321.JPEG,1476,3029.851306915283,0.000965118408203125,0.10967111885810675,0.9988709837311485,0.14885958710622016,46896,0.9884819152928388
1373,/home/projects/bagon/shared/imagenet512/val/n04370456/ILSVRC2012_val_00005163.JPEG,1049,1169.5639572143555,0.0009307861328125,0.0778261218097828,0.996436045066459,0.21096575077043261,46899,0.9909506194242208
1374,/home/projects/bagon/shared/imagenet512/val/n03868863/ILSVRC2012_val_00036571.JPEG,891,2113.78226852417,0.000957489013671875,0.07448269112360527,0.9987841428246257,0.08459083790059113,46924,0.9875562318583716
1375,/home/projects/bagon/shared/imagenet512/val/n15075141/ILSVRC2012_val_00034988.JPEG,842,535.025520324707,0.00099945068359375,0.0578623979565671,0.9871672595611223,0.18876088406908997,46927,0.9927049543481277
1376,/home/projects/bagon/shared/imagenet512/val/n03899768/ILSVRC2012_val_00036309.JPEG,555,75.8663330078125,0.00096893310546875,0.03724706729051008,0.7270899966384848,0.31828422393475164,46928,0.9971344081200035
1377,/home/projects/bagon/shared/imagenet512/val/n09246464/ILSVRC2012_val_00048191.JPEG,795,108.64192962646484,0.00096893310546875,0.0524041976458372,0.6628846922773175,0.19136454479726078,46935,0.9936733736062022
1378,/home/projects/bagon/shared/imagenet512/val/n07930864/ILSVRC2012_val_00046595.JPEG,1748,1229.950050354004,0.00098419189453125,0.10618490328095034,0.9946313935884199,0.36906702874491776,46979,0.9828196072337017
1379,/home/projects/bagon/shared/imagenet512/val/n02089973/ILSVRC2012_val_00001777.JPEG,1242,207.51891708374023,0.000934600830078125,0.07069566209400878,0.8293311624556786,0.2619661798300179,46980,0.9809222577685164
1380,/home/projects/bagon/shared/imagenet512/val/n03240683/ILSVRC2012_val_00018696.JPEG,355,7.066730499267578,0.000972747802734375,0.02442601237778885,0.1184311757791412,0.11661984755155932,46998,0.9987305252894567
1381,/home/projects/bagon/shared/imagenet512/val/n04560804/ILSVRC2012_val_00049156.JPEG,1114,499.09754943847656,0.00099945068359375,0.07310323866688241,0.9679805321768183,0.023863459286692874,46999,0.9871278629689141
1382,/home/projects/bagon/shared/imagenet512/val/n07248320/ILSVRC2012_val_00038591.JPEG,833,408.6269760131836,0.0009918212890625,0.06082128396389404,0.9578271513372454,0.16991919472095546,47000,0.9918400623420955
1383,/home/projects/bagon/shared/imagenet512/val/n01749939/ILSVRC2012_val_00008788.JPEG,919,450.6051788330078,0.00099945068359375,0.06352143480755283,0.9716417252730029,0.2563393585600973,47007,0.9722985363192684
1384,/home/projects/bagon/shared/imagenet512/val/n02281787/ILSVRC2012_val_00032196.JPEG,788,151.27976989746094,0.000946044921875,0.05550421462953052,0.7574802769632435,0.0940527073757289,47057,0.9962374684475996
1385,/home/projects/bagon/shared/imagenet512/val/n07248320/ILSVRC2012_val_00036093.JPEG,566,106.52619934082031,0.00098419189453125,0.039034657949072606,0.8250101672279123,0.10632818904142208,47077,0.9947815327417392
1386,/home/projects/bagon/shared/imagenet512/val/n03903868/ILSVRC2012_val_00034941.JPEG,581,85.31979370117188,0.00098419189453125,0.0410740483787622,0.711314307450836,0.2501511767433828,47084,0.9970497220795886
1387,/home/projects/bagon/shared/imagenet512/val/n02841315/ILSVRC2012_val_00025826.JPEG,750,808.5793151855469,0.000946044921875,0.06174345173511017,0.9929385382272663,0.10311354520591565,47098,0.9932750022903328
1388,/home/projects/bagon/shared/imagenet512/val/n04067472/ILSVRC2012_val_00044147.JPEG,1040,2722.8494567871094,0.0009918212890625,0.08206422456675921,0.9989063599160686,0.16575959401666787,47129,0.983805509869503
1389,/home/projects/bagon/shared/imagenet512/val/n03017168/ILSVRC2012_val_00033140.JPEG,620,61.356109619140625,0.0009613037109375,0.043386873728809526,0.5411810744297036,0.16334347450175535,47138,0.9986746436063455
1390,/home/projects/bagon/shared/imagenet512/val/n03637318/ILSVRC2012_val_00046581.JPEG,1832,3806.85453414917,0.000942230224609375,0.11205398682112593,0.9999149092407831,0.11014261320016512,47141,0.9708620399994526
1391,/home/projects/bagon/shared/imagenet512/val/n07579787/ILSVRC2012_val_00009392.JPEG,1121,371.4657783508301,0.000972747802734375,0.0660078829515916,0.9622811666217018,0.3349497343476299,47144,0.9838346412574815
1392,/home/projects/bagon/shared/imagenet512/val/n02086240/ILSVRC2012_val_00024776.JPEG,1219,750.0395889282227,0.0009765625,0.07772711879621497,0.9903711543258964,0.23727212502741857,47204,0.9875850523824945
1393,/home/projects/bagon/shared/imagenet512/val/n01740131/ILSVRC2012_val_00023984.JPEG,980,429.02803802490234,0.0009918212890625,0.06479812837382318,0.9652765718098021,0.09973066265715977,47208,0.9880962767559814
1394,/home/projects/bagon/shared/imagenet512/val/n04612504/ILSVRC2012_val_00006742.JPEG,1019,920.8694152832031,0.00091552734375,0.07511571538149452,0.9890904395021807,0.13275519165572308,47216,0.9785978279590427
1395,/home/projects/bagon/shared/imagenet512/val/n02791270/ILSVRC2012_val_00024066.JPEG,779,315.16557693481445,0.000965118408203125,0.057678376634710135,0.9233042252607406,0.08811505205616058,47217,0.9926174962914313
1396,/home/projects/bagon/shared/imagenet512/val/n04286575/ILSVRC2012_val_00034493.JPEG,647,541.5234107971191,0.000972747802734375,0.05221921815372625,0.988186090833674,0.03454009237661146,47220,0.9933555414823475
1397,/home/projects/bagon/shared/imagenet512/val/n04560804/ILSVRC2012_val_00048064.JPEG,920,100.08889770507812,0.00099945068359375,0.05248105372945537,0.6889138277470461,0.058948807171991385,47222,0.9920134495422354
1398,/home/projects/bagon/shared/imagenet512/val/n03857828/ILSVRC2012_val_00033905.JPEG,896,1478.3944396972656,0.00098419189453125,0.07240877224022173,0.9979739938889839,0.05260580660944053,47223,0.9899830095087877
1399,/home/projects/bagon/shared/imagenet512/val/n03793489/ILSVRC2012_val_00023904.JPEG,967,123.98852920532227,0.000942230224609375,0.060354844146768186,0.6477874987503555,0.16594411596160724,47235,0.9840136295484625
1400,/home/projects/bagon/shared/imagenet512/val/n02906734/ILSVRC2012_val_00047904.JPEG,811,956.5733108520508,0.00095367431640625,0.06190614975841014,0.9957341009154814,0.1112320138270349,47238,0.9912380605145868
1401,/home/projects/bagon/shared/imagenet512/val/n03814639/ILSVRC2012_val_00008543.JPEG,1168,3745.842861175537,0.000926971435546875,0.0922865664862721,0.9990009224085912,0.2750608689973307,47263,0.983039393623682
1402,/home/projects/bagon/shared/imagenet512/val/n04008634/ILSVRC2012_val_00020190.JPEG,1781,213.81495666503906,0.0009765625,0.09083019512852447,0.710033456791935,0.4198111252351138,47277,0.9851089674533136
1403,/home/projects/bagon/shared/imagenet512/val/n02102480/ILSVRC2012_val_00035319.JPEG,944,867.3344078063965,0.000942230224609375,0.06803789274272869,0.9931523059781703,0.10513199309366471,47317,0.9891628051483565
1404,/home/projects/bagon/shared/imagenet512/val/n03223299/ILSVRC2012_val_00036203.JPEG,749,1279.7381706237793,0.000957489013671875,0.06229359719434846,0.9983920440110524,0.1499308191895737,47331,0.9899507916873911
1405,/home/projects/bagon/shared/imagenet512/val/n03759954/ILSVRC2012_val_00037981.JPEG,635,353.25891494750977,0.000942230224609375,0.04845912359904751,0.9710719512583021,0.14010496509524573,47354,0.9950568082511126
1406,/home/projects/bagon/shared/imagenet512/val/n02910353/ILSVRC2012_val_00026657.JPEG,956,1133.7615966796875,0.0009765625,0.07125503288979285,0.9975303699104574,0.06756741134534147,47397,0.9925117408296705
1407,/home/projects/bagon/shared/imagenet512/val/n02110185/ILSVRC2012_val_00036248.JPEG,1382,408.5349426269531,0.000946044921875,0.08940092010425184,0.8794126458395272,0.04903796766366011,47446,0.9919624919558123
1408,/home/projects/bagon/shared/imagenet512/val/n04392985/ILSVRC2012_val_00009201.JPEG,2438,712.6595687866211,0.00093841552734375,0.11591152268038118,0.9845736418546795,0.27989331380645005,47450,0.986078896738399
1409,/home/projects/bagon/shared/imagenet512/val/n02108551/ILSVRC2012_val_00036054.JPEG,536,56.46396255493164,0.000957489013671875,0.03785730420672105,0.5619585506214813,0.2536376813091369,47452,0.995854747726365
1410,/home/projects/bagon/shared/imagenet512/val/n02091134/ILSVRC2012_val_00023877.JPEG,597,121.39507293701172,0.00099945068359375,0.042474182482228576,0.7913812798642519,0.07921328944699542,47459,0.9937090516586892
1411,/home/projects/bagon/shared/imagenet512/val/n04355933/ILSVRC2012_val_00000704.JPEG,1629,787.2039337158203,0.00098419189453125,0.0871452969503273,0.9947885925309596,0.2004103674821747,47491,0.9848366438409476
1412,/home/projects/bagon/shared/imagenet512/val/n02109961/ILSVRC2012_val_00014246.JPEG,2085,391.7272033691406,0.0009613037109375,0.10828446464971639,0.8504395521625187,0.24861276449001823,47496,0.9866982708664185
1413,/home/projects/bagon/shared/imagenet512/val/n03016953/ILSVRC2012_val_00039322.JPEG,807,233.80796813964844,0.00096893310546875,0.058032391674201766,0.8698534688650512,0.04584882293487881,47521,0.992907231970557
1414,/home/projects/bagon/shared/imagenet512/val/n04590129/ILSVRC2012_val_00012574.JPEG,688,553.526611328125,0.0009765625,0.05376636358469294,0.9858381284936645,0.06494133883002329,47526,0.9922299274246902
1415,/home/projects/bagon/shared/imagenet512/val/n02791270/ILSVRC2012_val_00010017.JPEG,796,332.6377487182617,0.00098419189453125,0.05624286687472583,0.9520793363856225,0.10754392508512806,47553,0.973757958712942
1416,/home/projects/bagon/shared/imagenet512/val/n02492035/ILSVRC2012_val_00019469.JPEG,726,349.2504348754883,0.0009765625,0.05465215480591101,0.9519906082522168,0.28031355043813566,47554,0.9945054642078649
1417,/home/projects/bagon/shared/imagenet512/val/n04081281/ILSVRC2012_val_00027720.JPEG,977,611.5580444335938,0.0009918212890625,0.06601959248902683,0.9887070216414049,0.22893941249834587,47581,0.9835892314783147
1418,/home/projects/bagon/shared/imagenet512/val/n02105251/ILSVRC2012_val_00038285.JPEG,742,461.8363571166992,0.00099945068359375,0.05464816502248169,0.985890765815667,0.2518823238665507,47605,0.9918618044440225
1419,/home/projects/bagon/shared/imagenet512/val/n03710637/ILSVRC2012_val_00002513.JPEG,2005,376.72037506103516,0.00099945068359375,0.1061272156485373,0.8323889581955484,0.25250811459457295,47619,0.9845543623009084
1420,/home/projects/bagon/shared/imagenet512/val/n04376876/ILSVRC2012_val_00042241.JPEG,905,1593.1289520263672,0.0009918212890625,0.07352568922302004,0.9982518047080429,0.12395357820731129,47622,0.991262604727415
1421,/home/projects/bagon/shared/imagenet512/val/n04133789/ILSVRC2012_val_00029180.JPEG,846,958.7256774902344,0.0009918212890625,0.06477971072922745,0.9957405031617768,0.09886914685149173,47624,0.9927738733512318
1422,/home/projects/bagon/shared/imagenet512/val/n03461385/ILSVRC2012_val_00028915.JPEG,1132,570.4514007568359,0.0009918212890625,0.07619174841823022,0.9691018879221895,0.226855779090613,47628,0.9938737546688694
1423,/home/projects/bagon/shared/imagenet512/val/n03710637/ILSVRC2012_val_00003007.JPEG,1631,597.2357025146484,0.00099945068359375,0.09046300535723542,0.9732196603967491,0.10750098106932868,47665,0.970633854974095
1424,/home/projects/bagon/shared/imagenet512/val/n02730930/ILSVRC2012_val_00009021.JPEG,750,623.396858215332,0.00095367431640625,0.05649650582098267,0.9922134934052043,0.08584607445672057,47667,0.9890688582331342
1425,/home/projects/bagon/shared/imagenet512/val/n04344873/ILSVRC2012_val_00021180.JPEG,953,655.7841949462891,0.00099945068359375,0.0649832150762312,0.9909694766386115,0.22489954969730547,47677,0.9922285764282375
1426,/home/projects/bagon/shared/imagenet512/val/n02909870/ILSVRC2012_val_00001126.JPEG,925,670.2816047668457,0.000949859619140625,0.06678832013733556,0.987592233411337,0.038760132449031155,47683,0.9916207852008874
1427,/home/projects/bagon/shared/imagenet512/val/n03690938/ILSVRC2012_val_00017504.JPEG,1664,872.0397567749023,0.00099945068359375,0.09106915715440231,0.9891094240824079,0.2811446676014149,47745,0.9870271756727734
1428,/home/projects/bagon/shared/imagenet512/val/n04355933/ILSVRC2012_val_00032393.JPEG,1677,1896.6356163024902,0.000911712646484375,0.09938259258863479,0.9986744319822063,0.3297095385963403,47748,0.9841777067296124
1429,/home/projects/bagon/shared/imagenet512/val/n01768244/ILSVRC2012_val_00040255.JPEG,565,255.33930206298828,0.0009918212890625,0.04371597887986954,0.9498697995386961,0.07018049151521843,47751,0.9956813506028259
1430,/home/projects/bagon/shared/imagenet512/val/n07892512/ILSVRC2012_val_00031066.JPEG,1075,409.9198303222656,0.0009918212890625,0.07458674951400947,0.9263471179086027,0.13306056379782685,47755,0.9850659581742618
1431,/home/projects/bagon/shared/imagenet512/val/n04008634/ILSVRC2012_val_00014496.JPEG,1464,289.97840118408203,0.00090789794921875,0.08683916707810109,0.8140902804745608,0.07261308076171066,47762,0.9833028524890184
1432,/home/projects/bagon/shared/imagenet512/val/n03793489/ILSVRC2012_val_00022389.JPEG,1024,1538.584400177002,0.000972747802734375,0.06963414929765173,0.9993993212875019,0.13759827511771178,47764,0.9870573957218624
1433,/home/projects/bagon/shared/imagenet512/val/n02097130/ILSVRC2012_val_00041568.JPEG,810,264.02503967285156,0.0009918212890625,0.051479097995298706,0.9355154392900802,0.39778532347557244,47773,0.9941662108345108
1434,/home/projects/bagon/shared/imagenet512/val/n03837869/ILSVRC2012_val_00046864.JPEG,960,1463.0525131225586,0.0009613037109375,0.06926458643175959,0.9988164930933867,0.3393895732417662,47795,0.9879031515821626
1435,/home/projects/bagon/shared/imagenet512/val/n03658185/ILSVRC2012_val_00040880.JPEG,1090,807.3505630493164,0.0009918212890625,0.07183639653298311,0.9931920517932795,0.12853561808817468,47811,0.9922055807020941
1436,/home/projects/bagon/shared/imagenet512/val/n02790996/ILSVRC2012_val_00010918.JPEG,704,132.51811981201172,0.00092315673828125,0.049384817093932845,0.7611156203569578,0.05337502498325564,47818,0.9969647464854771
1437,/home/projects/bagon/shared/imagenet512/val/n03272010/ILSVRC2012_val_00004994.JPEG,836,502.9999351501465,0.000972747802734375,0.05946047314899366,0.9740050473003287,0.0630077546840738,47844,0.9924121967499222
1438,/home/projects/bagon/shared/imagenet512/val/n01744401/ILSVRC2012_val_00033761.JPEG,959,498.1961441040039,0.0009765625,0.0666051802885716,0.9756876195457476,0.12362826007797703,47852,0.9838759044612365
1439,/home/projects/bagon/shared/imagenet512/val/n03196217/ILSVRC2012_val_00010672.JPEG,937,2118.3787155151367,0.00096893310546875,0.07222863824143022,0.9993510356916868,0.07298132682028806,47870,0.9892923743680908
1440,/home/projects/bagon/shared/imagenet512/val/n04599235/ILSVRC2012_val_00033022.JPEG,772,198.89751052856445,0.000949859619140625,0.054256294489788776,0.8431125988096578,0.06351065584356194,47876,0.9905006388311939
1441,/home/projects/bagon/shared/imagenet512/val/n02012849/ILSVRC2012_val_00012554.JPEG,783,302.53401947021484,0.0009918212890625,0.0553734625415828,0.927605538316702,0.07011412919270518,47891,0.9910095361040244
1442,/home/projects/bagon/shared/imagenet512/val/n02776631/ILSVRC2012_val_00048081.JPEG,1292,1809.856517791748,0.000965118408203125,0.08925891990252122,0.9986950877097602,0.35490663941909173,47908,0.9890523417277489
1443,/home/projects/bagon/shared/imagenet512/val/n04152593/ILSVRC2012_val_00046292.JPEG,1660,1016.8231430053711,0.00098419189453125,0.10287397403113267,0.9856428597436906,0.09690061759756362,47934,0.9744853041904628
1444,/home/projects/bagon/shared/imagenet512/val/n04273569/ILSVRC2012_val_00040734.JPEG,650,183.3240203857422,0.0009918212890625,0.046846148890609646,0.8801754521775906,0.1396445282312097,47944,0.9925972419566329
1445,/home/projects/bagon/shared/imagenet512/val/n09332890/ILSVRC2012_val_00041181.JPEG,951,567.9465255737305,0.0009918212890625,0.06724557534624423,0.9622231223073782,0.06260708826788132,47960,0.986342823133736
1446,/home/projects/bagon/shared/imagenet512/val/n09421951/ILSVRC2012_val_00009118.JPEG,1015,404.2224426269531,0.00098419189453125,0.06561227837754696,0.9588117254459145,0.2528727581813067,47968,0.9897622971220298
1447,/home/projects/bagon/shared/imagenet512/val/n04004767/ILSVRC2012_val_00016838.JPEG,900,107.30137634277344,0.0009765625,0.053872768947237214,0.6879867717418036,0.16973326225731167,47980,0.9957138009004991
1448,/home/projects/bagon/shared/imagenet512/val/n03125729/ILSVRC2012_val_00010193.JPEG,1145,782.6817398071289,0.00099945068359375,0.07750753266919627,0.9876758272886978,0.0455608496453235,47997,0.992758898702481
1449,/home/projects/bagon/shared/imagenet512/val/n03776460/ILSVRC2012_val_00020127.JPEG,1159,978.8706359863281,0.00096893310546875,0.0767070242051625,0.9936998891600595,0.07546244697672602,48001,0.9856683215631385
1450,/home/projects/bagon/shared/imagenet512/val/n03658185/ILSVRC2012_val_00038605.JPEG,1006,784.6398849487305,0.0009613037109375,0.0641373406763947,0.9961012432872643,0.27772404030170367,48018,0.9889035208351769
1451,/home/projects/bagon/shared/imagenet512/val/n03014705/ILSVRC2012_val_00004445.JPEG,641,247.13167190551758,0.000934600830078125,0.04986147061479694,0.9112397994836704,0.13123238653536104,48066,0.9927405308385441
1452,/home/projects/bagon/shared/imagenet512/val/n02776631/ILSVRC2012_val_00025555.JPEG,724,686.893424987793,0.0009918212890625,0.053210276690501324,0.9962260193499345,0.14504573643410018,48087,0.9894636633387626
1453,/home/projects/bagon/shared/imagenet512/val/n09428293/ILSVRC2012_val_00032058.JPEG,1056,780.4214019775391,0.00099945068359375,0.06651479269235472,0.9957685773488678,0.24610076965397276,48088,0.9851150827944565
1454,/home/projects/bagon/shared/imagenet512/val/n03125729/ILSVRC2012_val_00007834.JPEG,1216,872.0050659179688,0.00098419189453125,0.0837489601983163,0.9882330125326277,0.16624106985121698,48090,0.9881632674824292
1455,/home/projects/bagon/shared/imagenet512/val/n02493509/ILSVRC2012_val_00014306.JPEG,656,31.784229278564453,0.000972747802734375,0.03999579663135857,0.3481671981173804,0.25486102842459774,48093,0.9961690493979819
1456,/home/projects/bagon/shared/imagenet512/val/n01943899/ILSVRC2012_val_00005706.JPEG,511,186.3972930908203,0.00096893310546875,0.039321435053866864,0.9243327917262093,0.2080357238709455,48097,0.9927491026812585
1457,/home/projects/bagon/shared/imagenet512/val/n03871628/ILSVRC2012_val_00047844.JPEG,616,148.0848388671875,0.00099945068359375,0.04492579422222776,0.840451533889396,0.06632007022654332,48106,0.9953158136632234
1458,/home/projects/bagon/shared/imagenet512/val/n01984695/ILSVRC2012_val_00042491.JPEG,868,844.7484817504883,0.00098419189453125,0.06535993936664129,0.9941205102928765,0.10272156795894508,48116,0.9894929387838134
1459,/home/projects/bagon/shared/imagenet512/val/n13133613/ILSVRC2012_val_00047388.JPEG,1135,70.55201721191406,0.00092315673828125,0.062021448124295865,0.4363989802249775,0.14613316651631447,48128,0.9932380985778333
1460,/home/projects/bagon/shared/imagenet512/val/n03623198/ILSVRC2012_val_00040084.JPEG,430,170.52078247070312,0.00095367431640625,0.036007958165978175,0.9054796536104655,0.08680756950282958,48133,0.9959323029823904
1461,/home/projects/bagon/shared/imagenet512/val/n04532106/ILSVRC2012_val_00043135.JPEG,925,3727.32950592041,0.0009765625,0.07553099420189655,0.9998514407753178,0.10934071835050123,48141,0.9866130383539916
1462,/home/projects/bagon/shared/imagenet512/val/n02085936/ILSVRC2012_val_00033310.JPEG,1136,672.1097297668457,0.000904083251953125,0.07113481150511816,0.9920321299629412,0.22795536674211953,48152,0.9903702643518608
1463,/home/projects/bagon/shared/imagenet512/val/n04286575/ILSVRC2012_val_00025176.JPEG,946,450.4174461364746,0.000904083251953125,0.0638459482087277,0.9687992701449755,0.3275020995321529,48158,0.994776327052344
1464,/home/projects/bagon/shared/imagenet512/val/n12144580/ILSVRC2012_val_00010324.JPEG,1483,253.8281478881836,0.000946044921875,0.08332917560841248,0.8195310011569377,0.17760777496056046,48165,0.9891984114041363
1465,/home/projects/bagon/shared/imagenet512/val/n02093991/ILSVRC2012_val_00032239.JPEG,822,446.7151184082031,0.00099945068359375,0.05669076273369211,0.9738716138830166,0.18925925905747087,48168,0.9924871727025076
1466,/home/projects/bagon/shared/imagenet512/val/n04560804/ILSVRC2012_val_00003263.JPEG,1513,969.1429061889648,0.0009765625,0.0868334455200822,0.9935988033934792,0.12848426727047044,48180,0.9893814557317553
1467,/home/projects/bagon/shared/imagenet512/val/n02100236/ILSVRC2012_val_00049130.JPEG,836,757.9070625305176,0.000965118408203125,0.06400183833648064,0.9902929301762482,0.21011514387171004,48189,0.9845513899111973
1468,/home/projects/bagon/shared/imagenet512/val/n02396427/ILSVRC2012_val_00007631.JPEG,1122,410.42423248291016,0.00099945068359375,0.07090874608085639,0.9489950698201133,0.23178224082829849,48196,0.9901763628613891
1469,/home/projects/bagon/shared/imagenet512/val/n04560804/ILSVRC2012_val_00022034.JPEG,1694,254.3478126525879,0.000972747802734375,0.09063711716892503,0.7728314867520885,0.20481493093513703,48202,0.992435477883778
1470,/home/projects/bagon/shared/imagenet512/val/n02093256/ILSVRC2012_val_00009949.JPEG,1568,585.9296455383301,0.000957489013671875,0.0978610791452835,0.933158192682624,0.026269173707880997,48205,0.983940573368824
1471,/home/projects/bagon/shared/imagenet512/val/n02127052/ILSVRC2012_val_00008342.JPEG,570,478.3389701843262,0.000965118408203125,0.044518368087169344,0.9880218903166514,0.0397873045413511,48224,0.9903508844295156
1472,/home/projects/bagon/shared/imagenet512/val/n02109047/ILSVRC2012_val_00033634.JPEG,587,637.4960441589355,0.000926971435546875,0.04751892371237316,0.9960273398171322,0.2427038693727514,48242,0.9946132007957015
1473,/home/projects/bagon/shared/imagenet512/val/n01930112/ILSVRC2012_val_00019842.JPEG,731,1350.7263870239258,0.0009918212890625,0.06051722034696681,0.9983742566584484,0.01591048369652607,48243,0.9879648825400287
1474,/home/projects/bagon/shared/imagenet512/val/n04133789/ILSVRC2012_val_00021939.JPEG,653,451.9309883117676,0.000972747802734375,0.050425433784667704,0.9840667064324031,0.20384769656316123,48244,0.9960053914618167
1475,/home/projects/bagon/shared/imagenet512/val/n02403003/ILSVRC2012_val_00043758.JPEG,1032,345.9640312194824,0.000965118408203125,0.06972341482223098,0.9041629899642646,0.12068940039946252,48258,0.9915589987539318
1476,/home/projects/bagon/shared/imagenet512/val/n02268853/ILSVRC2012_val_00018455.JPEG,954,137.24884796142578,0.00095367431640625,0.05830856873263043,0.7336725905253276,0.23591990316895478,48275,0.993312340688608
1477,/home/projects/bagon/shared/imagenet512/val/n13133613/ILSVRC2012_val_00042843.JPEG,1386,209.29791641235352,0.000957489013671875,0.0817540758169944,0.7092790074533699,0.26732076076926076,48306,0.9929376434994776
1478,/home/projects/bagon/shared/imagenet512/val/n04355933/ILSVRC2012_val_00007179.JPEG,1645,545.6947021484375,0.00098419189453125,0.08638863044508636,0.9873161527203399,0.18184234277134656,48314,0.9824274652733397
1479,/home/projects/bagon/shared/imagenet512/val/n04133789/ILSVRC2012_val_00029095.JPEG,1028,1632.3641738891602,0.00093841552734375,0.07422010160126809,0.9989054024428162,0.12858755942058184,48334,0.9879869697154999
1480,/home/projects/bagon/shared/imagenet512/val/n03871628/ILSVRC2012_val_00011770.JPEG,1008,813.9730682373047,0.00099945068359375,0.07057749538178108,0.9934687936553399,0.19396679032933195,48335,0.9928556279984047
1481,/home/projects/bagon/shared/imagenet512/val/n07932039/ILSVRC2012_val_00020391.JPEG,751,412.5823211669922,0.00099945068359375,0.05617162338592523,0.9684450740560269,0.10510686761572931,48356,0.9935593398644559
1482,/home/projects/bagon/shared/imagenet512/val/n03857828/ILSVRC2012_val_00036143.JPEG,637,830.9990196228027,0.000957489013671875,0.052199079569721314,0.9963548042155889,0.08205459394815251,48360,0.9949508186847802
1483,/home/projects/bagon/shared/imagenet512/val/n03796401/ILSVRC2012_val_00031455.JPEG,767,333.9669647216797,0.0009918212890625,0.0576252218591182,0.9386863957653243,0.08206858316393678,48365,0.992819916948559
1484,/home/projects/bagon/shared/imagenet512/val/n03868863/ILSVRC2012_val_00000549.JPEG,527,506.21699142456055,0.000972747802734375,0.044336776830681185,0.9895503262015948,0.13374927438258163,48375,0.9934624790409197
1485,/home/projects/bagon/shared/imagenet512/val/n01689811/ILSVRC2012_val_00038308.JPEG,705,564.8077507019043,0.000873565673828125,0.05417995909076938,0.9882444405843276,0.09172486678716633,48379,0.991085529763515
1486,/home/projects/bagon/shared/imagenet512/val/n04560804/ILSVRC2012_val_00049563.JPEG,924,196.94675064086914,0.000949859619140625,0.059632136049795434,0.8336241200105783,0.033748990380877045,48382,0.9893678028187922
1487,/home/projects/bagon/shared/imagenet512/val/n02100877/ILSVRC2012_val_00041739.JPEG,737,417.9928741455078,0.0009918212890625,0.054121778452678446,0.9761270038746961,0.2672774183410673,48397,0.9919813286073755
1488,/home/projects/bagon/shared/imagenet512/val/n04070727/ILSVRC2012_val_00004133.JPEG,767,1223.4221153259277,0.000934600830078125,0.06180633758027498,0.9982620400773639,0.09129716594649132,48401,0.9879251856785006
1489,/home/projects/bagon/shared/imagenet512/val/n04370456/ILSVRC2012_val_00006374.JPEG,1156,2096.042755126953,0.0009918212890625,0.08803875432157272,0.9986796180031738,0.0941348197667771,48402,0.9807341679448266
1490,/home/projects/bagon/shared/imagenet512/val/n04023962/ILSVRC2012_val_00035103.JPEG,773,1989.2226905822754,0.000942230224609375,0.06657231891137808,0.9988805894434595,0.03632628230914442,48408,0.9929172536453968
1491,/home/projects/bagon/shared/imagenet512/val/n02895154/ILSVRC2012_val_00008471.JPEG,1567,614.2705307006836,0.00099945068359375,0.09948465780867827,0.9396867626155839,0.06756902050213688,48412,0.9861281173683019
1492,/home/projects/bagon/shared/imagenet512/val/n03961711/ILSVRC2012_val_00041237.JPEG,948,2251.952537536621,0.0009918212890625,0.07536152063227172,0.999207583206658,0.1435764104491149,48429,0.9837885310403831
1493,/home/projects/bagon/shared/imagenet512/val/n01877812/ILSVRC2012_val_00024264.JPEG,540,289.8208999633789,0.00098419189453125,0.04286038324168159,0.9716992585959234,0.10001018349422952,48434,0.9935984843435569
1494,/home/projects/bagon/shared/imagenet512/val/n03770679/ILSVRC2012_val_00041846.JPEG,945,377.380859375,0.00099945068359375,0.06453930075994924,0.9451053127401914,0.16124401983417125,48441,0.9914565444474335
1495,/home/projects/bagon/shared/imagenet512/val/n04355933/ILSVRC2012_val_00013376.JPEG,1338,197.89232635498047,0.00099945068359375,0.07941906587613466,0.7138461993670604,0.07582924148725767,48456,0.9882661956821857
1496,/home/projects/bagon/shared/imagenet512/val/n01945685/ILSVRC2012_val_00027499.JPEG,718,927.8552703857422,0.0009765625,0.05844815390375536,0.9971343080457662,0.09466955281721,48457,0.9903616781789006
1497,/home/projects/bagon/shared/imagenet512/val/n01773797/ILSVRC2012_val_00012707.JPEG,1201,263.30148696899414,0.000888824462890625,0.07710785523949229,0.8203942002670265,0.15472968964133202,48460,0.9867668440740812
1498,/home/projects/bagon/shared/imagenet512/val/n04141076/ILSVRC2012_val_00021311.JPEG,473,104.84732818603516,0.00098419189453125,0.037041337904361274,0.8040521398032563,0.07635174092459474,48462,0.996333542877265
1499,/home/projects/bagon/shared/imagenet512/val/n02094114/ILSVRC2012_val_00028199.JPEG,877,360.067195892334,0.000972747802734375,0.05441450384505467,0.975325883304392,0.1640473273162756,48467,0.9907906500439619
