example_index,path,total_steps_to_epsilon,total_loss_sum,final_loss,weight_distance,softmax_wasserstein,grad_mass_wasserstein,universal_difficulty_rank
0,/home/projects/bagon/shared/imagenet512/val/n03908618/ILSVRC2012_val_00014098.JPEG,2,0.5300921253801789,0.0003297977091278881,0.09142737087780953,0.41093023912458737,0.093926243928769,15019
1,/home/projects/bagon/shared/imagenet512/val/n07760859/ILSVRC2012_val_00007584.JPEG,10,0.022452210658229887,0.00099871342536062,0.006612700228696922,0.005548336942126556,0.031499900408692,15022
2,/home/projects/bagon/shared/imagenet512/val/n03717622/ILSVRC2012_val_00034196.JPEG,5,2.3595037932973355,0.0009479796281084418,0.23862893724466808,0.8963386995207614,0.06398874044260412,17338
3,/home/projects/bagon/shared/imagenet512/val/n01872401/ILSVRC2012_val_00004964.JPEG,2,1.8886087914579548,0.00020895205670967698,0.1760360660174049,0.8485190390215102,0.20395339107517074,17552
4,/home/projects/bagon/shared/imagenet512/val/n07716358/ILSVRC2012_val_00040497.JPEG,2,0.5654106139904798,6.794906312279636e-06,0.0816064778415773,0.4318625800400713,0.15667806121536812,18430
5,/home/projects/bagon/shared/imagenet512/val/n04009552/ILSVRC2012_val_00002236.JPEG,2,1.8180482387542654,1.1920928244535389e-07,0.14601723980099343,0.8376575791396821,0.05584996293846593,18739
6,/home/projects/bagon/shared/imagenet512/val/n02281406/ILSVRC2012_val_00037381.JPEG,2,1.5993805685138796,0.0002961912250611931,0.3106430284702386,0.7976806312895289,0.09185401258930881,18742
7,/home/projects/bagon/shared/imagenet512/val/n02094114/ILSVRC2012_val_00001926.JPEG,21,0.5743680489249527,0.0009846605826169252,0.07589265159829711,0.4073576661545735,0.07498624516436304,18804
8,/home/projects/bagon/shared/imagenet512/val/n02104365/ILSVRC2012_val_00011251.JPEG,11,0.17572747578378767,0.000987637904472649,0.033568819351091364,0.14884916120451847,0.15764033722868412,18895
9,/home/projects/bagon/shared/imagenet512/val/n01644900/ILSVRC2012_val_00011303.JPEG,39,0.6269693324575201,0.0009828743059188128,0.07941855194616101,0.42328009545537815,0.0975602030991276,19092
10,/home/projects/bagon/shared/imagenet512/val/n04423845/ILSVRC2012_val_00011182.JPEG,2,0.5932676792144775,0.0,0.14695999463410636,0.4474811358009982,0.06352602504765645,20428
11,/home/projects/bagon/shared/imagenet512/val/n04252077/ILSVRC2012_val_00042114.JPEG,2,0.7811583266920934,5.221230458118953e-05,0.13670125738103042,0.5420487815682229,0.14404064762914343,20538
12,/home/projects/bagon/shared/imagenet512/val/n04347754/ILSVRC2012_val_00026652.JPEG,2,1.0552599430084157,1.1920928244535389e-07,0.1612373538352197,0.6518977801868711,0.19771881212132705,20572
13,/home/projects/bagon/shared/imagenet512/val/n07615774/ILSVRC2012_val_00009776.JPEG,2,2.026425361633187,4.768370445162873e-07,0.16561483169281915,0.8681935769582779,0.19863128114501893,20762
14,/home/projects/bagon/shared/imagenet512/val/n02655020/ILSVRC2012_val_00043777.JPEG,2,0.133450388907022,1.6689286894688848e-06,0.047366184052462394,0.1249260497601207,0.03514133967220792,21334
15,/home/projects/bagon/shared/imagenet512/val/n02951358/ILSVRC2012_val_00039572.JPEG,2,0.7328122052131221,0.0002029928145930171,0.1880709113094099,0.5191462958762458,0.24902920205874923,21493
16,/home/projects/bagon/shared/imagenet512/val/n01692333/ILSVRC2012_val_00006927.JPEG,2,0.399003803730011,0.0,0.13907150070561605,0.3290120060833153,0.07508429646917034,21517
17,/home/projects/bagon/shared/imagenet512/val/n07695742/ILSVRC2012_val_00006197.JPEG,2,1.3270663022994995,0.0,0.22373215115570466,0.7347456831268456,0.05386263922555807,21698
18,/home/projects/bagon/shared/imagenet512/val/n03794056/ILSVRC2012_val_00022828.JPEG,2,1.6603411436080862,1.1920928244535389e-07,0.2162857077170324,0.8099257047327652,0.23331098936678393,21771
19,/home/projects/bagon/shared/imagenet512/val/n02111889/ILSVRC2012_val_00041759.JPEG,2,2.091798094683327,0.0006492413813248277,0.20279919108276465,0.8760431757522911,0.11797679105840991,21988
20,/home/projects/bagon/shared/imagenet512/val/n02119789/ILSVRC2012_val_00028623.JPEG,2,0.6772140074172057,0.0006289887824095786,0.0756189707635607,0.4910936028271806,0.19068403221350166,21996
21,/home/projects/bagon/shared/imagenet512/val/n01776313/ILSVRC2012_val_00040584.JPEG,2,1.0358873605722465,1.0728830375228426e-06,0.21777211349173,0.6450871821551504,0.0885826724709188,22099
22,/home/projects/bagon/shared/imagenet512/val/n02167151/ILSVRC2012_val_00049611.JPEG,2,1.1119559076905716,0.0004303721070755273,0.11080369808433356,0.6705202846415004,0.08579176528149754,22302
23,/home/projects/bagon/shared/imagenet512/val/n07716906/ILSVRC2012_val_00036927.JPEG,14,1.2640362469828688,0.0009389282786287367,0.21097308069073922,0.7083326697005926,0.13421247601277037,22529
24,/home/projects/bagon/shared/imagenet512/val/n04613696/ILSVRC2012_val_00048968.JPEG,2,0.6690424084663391,0.0,0.13381564548527003,0.4878011117500373,0.11557675775615131,22785
25,/home/projects/bagon/shared/imagenet512/val/n01986214/ILSVRC2012_val_00005582.JPEG,2,0.9705575703446812,1.5020257706055418e-05,0.1541263575378656,0.6211076006217903,0.0364572380670434,22867
26,/home/projects/bagon/shared/imagenet512/val/n03868242/ILSVRC2012_val_00032711.JPEG,2,0.4342834016424604,0.0005529781919904053,0.053367723905775176,0.3513669333923224,0.17800587854217595,23057
27,/home/projects/bagon/shared/imagenet512/val/n03259280/ILSVRC2012_val_00045899.JPEG,2,0.21821373573402525,5.054346183896996e-05,0.05485968279362603,0.19595551328698488,0.09614671488078556,23157
28,/home/projects/bagon/shared/imagenet512/val/n02356798/ILSVRC2012_val_00000502.JPEG,2,1.1844054456232698,2.932505594799295e-05,0.15912036268203053,0.6940337508150901,0.023650432448482167,23188
29,/home/projects/bagon/shared/imagenet512/val/n02077923/ILSVRC2012_val_00023070.JPEG,2,0.4650708436965658,2.3841855067985307e-07,0.11462759118695337,0.37190912544919663,0.07112058896202654,23316
30,/home/projects/bagon/shared/imagenet512/val/n01945685/ILSVRC2012_val_00029558.JPEG,2,1.7901800870891975,8.344646857949556e-07,0.25469139234541843,0.8330688757164372,0.19088479560683602,23320
31,/home/projects/bagon/shared/imagenet512/val/n02910353/ILSVRC2012_val_00004324.JPEG,2,1.3252793550291244,6.318072337307967e-06,0.2186180814939974,0.7342633826194551,0.22449925574825189,23387
32,/home/projects/bagon/shared/imagenet512/val/n01749939/ILSVRC2012_val_00043850.JPEG,24,1.0100349269341677,0.0009940688032656908,0.137884543538476,0.6203569158623661,0.09383493564752163,23547
33,/home/projects/bagon/shared/imagenet512/val/n03937543/ILSVRC2012_val_00016405.JPEG,2,1.1047381162643433,0.0,0.1364461436513047,0.6687023489021147,0.055998516550740535,23830
34,/home/projects/bagon/shared/imagenet512/val/n01978287/ILSVRC2012_val_00013618.JPEG,36,0.43144388508517295,0.0009954979177564383,0.0503965547456753,0.3075747005278827,0.05426748026203796,24142
35,/home/projects/bagon/shared/imagenet512/val/n01776313/ILSVRC2012_val_00001766.JPEG,13,3.905511950608343,0.0009995469590649009,0.21500731434459558,0.9779445804695535,0.025617494188514,24275
36,/home/projects/bagon/shared/imagenet512/val/n03134739/ILSVRC2012_val_00022258.JPEG,2,1.8712538206164027,0.0002343380037928,0.21924696663351503,0.8458052514307172,0.11714322748590687,24319
37,/home/projects/bagon/shared/imagenet512/val/n02099267/ILSVRC2012_val_00017321.JPEG,53,0.3093356614699587,0.0009997851448133588,0.0391775866152745,0.1664514675277681,0.2091516709257036,24328
38,/home/projects/bagon/shared/imagenet512/val/n02860847/ILSVRC2012_val_00037897.JPEG,2,0.27136394339868275,2.884823152271565e-05,0.08213053199405046,0.23761020400935745,0.07118078197961805,24403
39,/home/projects/bagon/shared/imagenet512/val/n02025239/ILSVRC2012_val_00042705.JPEG,2,0.6228197209020436,3.9934315282152966e-05,0.125054282553138,0.4635090754339608,0.14776549649704596,24447
40,/home/projects/bagon/shared/imagenet512/val/n04429376/ILSVRC2012_val_00034381.JPEG,2,2.96964822433074,0.0001879753835964948,0.27256748868385217,0.9484845160892467,0.2819008632156978,24451
41,/home/projects/bagon/shared/imagenet512/val/n02113799/ILSVRC2012_val_00010688.JPEG,4,0.7346691317507066,0.0009725131676532328,0.08485059151678216,0.517947038703888,0.118485544509947,24497
42,/home/projects/bagon/shared/imagenet512/val/n02841315/ILSVRC2012_val_00021033.JPEG,2,3.557113409040994,1.6689286894688848e-06,0.20749560348796503,0.9714772190412441,0.0904386539394989,24614
43,/home/projects/bagon/shared/imagenet512/val/n03617480/ILSVRC2012_val_00021416.JPEG,2,0.05971057468559593,0.00040165462996810675,0.01734186962196544,0.05719736524739859,0.00931103149429664,24672
44,/home/projects/bagon/shared/imagenet512/val/n02002724/ILSVRC2012_val_00006487.JPEG,4,5.9950964301824,3.576278118089249e-07,0.4539426037412462,0.9083593310858132,0.07980196626881578,24966
45,/home/projects/bagon/shared/imagenet512/val/n02992529/ILSVRC2012_val_00033654.JPEG,2,0.7394517645116139,5.4834770708112046e-05,0.10590155398601286,0.5225435241154144,0.16862547653185334,25115
46,/home/projects/bagon/shared/imagenet512/val/n01729977/ILSVRC2012_val_00008714.JPEG,4,5.212559789080842,2.5987286790041253e-05,0.43015491163579855,0.9862766311548257,0.19776682451115185,25187
47,/home/projects/bagon/shared/imagenet512/val/n04254120/ILSVRC2012_val_00009872.JPEG,2,1.1541739702224731,0.0,0.18249732661498969,0.6846820763042222,0.07766053512551885,25229
48,/home/projects/bagon/shared/imagenet512/val/n02100735/ILSVRC2012_val_00049965.JPEG,2,3.6823712891200557,0.0009447640040889382,0.2581276009611347,0.9747912225897528,0.030713941410902793,25230
49,/home/projects/bagon/shared/imagenet512/val/n02966687/ILSVRC2012_val_00001041.JPEG,3,5.106698035817317,2.7417760065873154e-05,0.3919024544507365,0.960970423883073,0.11761329311902408,25278
50,/home/projects/bagon/shared/imagenet512/val/n02098413/ILSVRC2012_val_00037853.JPEG,87,0.7131728610256687,0.0009927588980644941,0.06140524677703423,0.33323475886747334,0.09603545628372522,25282
51,/home/projects/bagon/shared/imagenet512/val/n02110185/ILSVRC2012_val_00022762.JPEG,109,1.3953894807491452,0.0009946642676368356,0.08486056245596357,0.6243261802913708,0.12509877101067457,25288
52,/home/projects/bagon/shared/imagenet512/val/n03895866/ILSVRC2012_val_00018861.JPEG,14,1.9094477276084945,0.0009402383584529161,0.2860899380435354,0.8440096570837591,0.10194609133005786,25338
53,/home/projects/bagon/shared/imagenet512/val/n03690938/ILSVRC2012_val_00036956.JPEG,37,1.1676030724775046,0.0009915679693222046,0.10422702681435075,0.6676583865864995,0.08144595835579996,25368
54,/home/projects/bagon/shared/imagenet512/val/n02101006/ILSVRC2012_val_00029333.JPEG,2,0.1763641112484038,0.0006422125734388828,0.03923021527912554,0.1605335646073167,0.10107882927415274,25429
55,/home/projects/bagon/shared/imagenet512/val/n02408429/ILSVRC2012_val_00005951.JPEG,2,1.7398325311369263,0.0006748544401489198,0.2099355565775603,0.8236799435128356,0.15129570965838224,25455
56,/home/projects/bagon/shared/imagenet512/val/n01843065/ILSVRC2012_val_00002326.JPEG,3,1.933335761219496,9.97731985989958e-05,0.25591032151677623,0.8269571292035278,0.1126948985519173,25517
57,/home/projects/bagon/shared/imagenet512/val/n02951585/ILSVRC2012_val_00046126.JPEG,2,2.336824654998054,3.266281055402942e-05,0.2689910263335274,0.9033435131124308,0.13697452995783807,25694
58,/home/projects/bagon/shared/imagenet512/val/n01924916/ILSVRC2012_val_00042155.JPEG,2,1.5739619731812127,4.291525328881107e-06,0.18232651016649598,0.7927722811594617,0.033294880866229046,25706
59,/home/projects/bagon/shared/imagenet512/val/n07836838/ILSVRC2012_val_00023137.JPEG,2,2.8672671916428953,0.0005975367967039347,0.24828224001793942,0.9425327172901445,0.08955060981190253,25717
60,/home/projects/bagon/shared/imagenet512/val/n01784675/ILSVRC2012_val_00039488.JPEG,2,2.1487226486206055,0.0,0.19638097136008167,0.8833669591725928,0.14124159600047181,25718
61,/home/projects/bagon/shared/imagenet512/val/n02963159/ILSVRC2012_val_00039003.JPEG,2,0.8762388824761729,1.1444026313256472e-05,0.12034224796616627,0.583637808257434,0.06558823018958998,25791
62,/home/projects/bagon/shared/imagenet512/val/n02860847/ILSVRC2012_val_00010796.JPEG,5,0.07725036150077358,0.0009673921740613878,0.019022485380281912,0.06955340287174974,0.1941745519880122,25915
63,/home/projects/bagon/shared/imagenet512/val/n02672831/ILSVRC2012_val_00002361.JPEG,2,0.2572391629218984,1.1920928244535389e-07,0.07134517213549071,0.22681640586995222,0.0545552198321313,25940
64,/home/projects/bagon/shared/imagenet512/val/n01955084/ILSVRC2012_val_00032797.JPEG,10,0.09563871147111058,0.0009646529797464609,0.021229616580775167,0.08004985195808093,0.16855192745288855,25945
65,/home/projects/bagon/shared/imagenet512/val/n02666196/ILSVRC2012_val_00034444.JPEG,2,0.8386979103088379,0.0,0.16572569330275919,0.5677270172981576,0.07450783108025286,25966
66,/home/projects/bagon/shared/imagenet512/val/n01664065/ILSVRC2012_val_00015924.JPEG,22,3.1369796678773127,0.0009740613750182092,0.26973848210627077,0.9512664295042377,0.03545074285996847,25989
67,/home/projects/bagon/shared/imagenet512/val/n01688243/ILSVRC2012_val_00020508.JPEG,2,0.9443791507346759,1.6331539882230572e-05,0.20147988095023692,0.611063600514716,0.10304342627659756,26006
68,/home/projects/bagon/shared/imagenet512/val/n03721384/ILSVRC2012_val_00032278.JPEG,2,0.25064587593078613,0.0,0.0681082355919796,0.22170208639414982,0.11067854648908108,26050
69,/home/projects/bagon/shared/imagenet512/val/n03075370/ILSVRC2012_val_00017150.JPEG,2,0.8077931404113698,1.1920928244535389e-07,0.139007083199272,0.5541589287333805,0.14408944988012187,26128
70,/home/projects/bagon/shared/imagenet512/val/n03075370/ILSVRC2012_val_00023985.JPEG,2,0.15483886003482894,4.768370445162873e-07,0.04685128558776247,0.1434458758505762,0.016905500910043135,26195
71,/home/projects/bagon/shared/imagenet512/val/n02497673/ILSVRC2012_val_00046035.JPEG,8,2.943397124938201,0.0009729895391501486,0.3072781263772354,0.9434232988774001,0.11573239114448632,26438
72,/home/projects/bagon/shared/imagenet512/val/n04485082/ILSVRC2012_val_00022298.JPEG,2,1.8239790201185997,4.768370445162873e-07,0.2257541317904248,0.8386171533358657,0.10054312304885406,26449
73,/home/projects/bagon/shared/imagenet512/val/n02110806/ILSVRC2012_val_00022196.JPEG,2,1.1706178993044887,0.0002783149539027363,0.1832399730981761,0.689463085715191,0.2111251209997174,26578
74,/home/projects/bagon/shared/imagenet512/val/n03777754/ILSVRC2012_val_00018445.JPEG,2,1.7438541650747084,2.264974000354414e-06,0.15040183504167953,0.8251520866044977,0.041008642678989515,26597
75,/home/projects/bagon/shared/imagenet512/val/n03724870/ILSVRC2012_val_00045737.JPEG,2,1.2346398826903169,2.6464111215318553e-05,0.1860268734776222,0.7090264351587934,0.12062552403846655,26629
76,/home/projects/bagon/shared/imagenet512/val/n01847000/ILSVRC2012_val_00010388.JPEG,5,2.356290159339551,0.0009423820883966982,0.22367529300775252,0.904020996589491,0.08209334200209298,26785
77,/home/projects/bagon/shared/imagenet512/val/n02859443/ILSVRC2012_val_00031457.JPEG,2,2.2557284804133815,7.462222856702283e-05,0.18782599568466032,0.8951207347334119,0.1164960266405291,26806
78,/home/projects/bagon/shared/imagenet512/val/n02111277/ILSVRC2012_val_00039173.JPEG,10,1.5875706553924829,0.0009638193296268582,0.1234404510594327,0.7800279868068827,0.06453429871935208,26876
79,/home/projects/bagon/shared/imagenet512/val/n03457902/ILSVRC2012_val_00010226.JPEG,2,3.4648430347442627,0.0,0.24524856549596552,0.9687220845637692,0.07352739416418112,26955
80,/home/projects/bagon/shared/imagenet512/val/n07714571/ILSVRC2012_val_00015805.JPEG,2,6.571780058526201,0.0002325502864550799,0.2603176404709852,0.9983752663789853,0.06035011860996896,26958
81,/home/projects/bagon/shared/imagenet512/val/n02002556/ILSVRC2012_val_00048606.JPEG,11,2.6933730167220347,0.0009744186536408961,0.22416677288965076,0.9304934773414648,0.17134214202033715,26981
82,/home/projects/bagon/shared/imagenet512/val/n07747607/ILSVRC2012_val_00017096.JPEG,3,8.731017589569092,0.0,0.4855697522621035,0.8492316854190435,0.08544934157064216,27025
83,/home/projects/bagon/shared/imagenet512/val/n02124075/ILSVRC2012_val_00023393.JPEG,2,2.1909983158077466,2.622600959512056e-06,0.16403616673239235,0.8881920282043573,0.017017648044730743,27138
84,/home/projects/bagon/shared/imagenet512/val/n03980874/ILSVRC2012_val_00043665.JPEG,2,2.3264549970588178,2.7418097943154862e-06,0.17869797745299804,0.9023556136933162,0.24833595331384495,27168
85,/home/projects/bagon/shared/imagenet512/val/n02108000/ILSVRC2012_val_00002277.JPEG,69,1.4978244608500972,0.0009951406391337514,0.08599846937685852,0.7399847622352732,0.055451273170513404,27235
86,/home/projects/bagon/shared/imagenet512/val/n03538406/ILSVRC2012_val_00034261.JPEG,2,1.5370340339541144,3.93382906622719e-05,0.16753525630116853,0.7849343253832637,0.04816779137302075,27280
87,/home/projects/bagon/shared/imagenet512/val/n04162706/ILSVRC2012_val_00020348.JPEG,2,2.4561816453933147,3.576278118089249e-07,0.23405560246378967,0.9142379236312894,0.25529081752367266,27290
88,/home/projects/bagon/shared/imagenet512/val/n03868242/ILSVRC2012_val_00030932.JPEG,54,0.23889739369042218,0.0009840651182457805,0.03222591656253461,0.08836161632853612,0.12875572008463798,27312
89,/home/projects/bagon/shared/imagenet512/val/n04332243/ILSVRC2012_val_00017629.JPEG,2,5.954985856970779,8.821448318485636e-06,0.25500231240073185,0.9973982744592275,0.04773788962479643,27337
90,/home/projects/bagon/shared/imagenet512/val/n07716358/ILSVRC2012_val_00032041.JPEG,2,3.12302827835083,0.0,0.3133130586771466,0.9559763407105972,0.06650372959628262,27467
91,/home/projects/bagon/shared/imagenet512/val/n01855672/ILSVRC2012_val_00033257.JPEG,2,1.1067504390957765,0.0007583603146485984,0.16668823466689595,0.6684742827722459,0.07877207077724513,27482
92,/home/projects/bagon/shared/imagenet512/val/n03417042/ILSVRC2012_val_00039069.JPEG,2,0.7802420258497023,2.264974000354414e-06,0.12477287055425824,0.541701594032733,0.10189925601877017,27484
93,/home/projects/bagon/shared/imagenet512/val/n02966687/ILSVRC2012_val_00022860.JPEG,13,0.5581425247946754,0.00099871342536062,0.06460845640749445,0.4177003073998236,0.09546133826408403,27501
94,/home/projects/bagon/shared/imagenet512/val/n03661043/ILSVRC2012_val_00018698.JPEG,41,4.4460035937372595,0.00098525604698807,0.23849607039864806,0.9865483472678702,0.056741485751648,27519
95,/home/projects/bagon/shared/imagenet512/val/n01784675/ILSVRC2012_val_00005072.JPEG,2,2.1711232662200928,0.0,0.29921078499928033,0.8859505616236723,0.1413412414054861,27549
96,/home/projects/bagon/shared/imagenet512/val/n03947888/ILSVRC2012_val_00032856.JPEG,2,3.0133666958354297,8.225102646974847e-05,0.2331659554894931,0.9507878687988505,0.09556953217238734,27644
97,/home/projects/bagon/shared/imagenet512/val/n02134084/ILSVRC2012_val_00037253.JPEG,3,3.075767695903778,0.0,0.3671961769178259,0.9039022028890077,0.20179370016047984,27814
98,/home/projects/bagon/shared/imagenet512/val/n03089624/ILSVRC2012_val_00024403.JPEG,2,2.4388597011111415,9.536697689327411e-06,0.15237037099906295,0.9127291706811228,0.14270000912911968,27858
99,/home/projects/bagon/shared/imagenet512/val/n03345487/ILSVRC2012_val_00023724.JPEG,2,1.8122386760660447,0.000865680689457804,0.20216248468010173,0.8365460551214673,0.035943532194498,27874
100,/home/projects/bagon/shared/imagenet512/val/n02174001/ILSVRC2012_val_00020026.JPEG,2,1.7481775283758907,3.3378546504536644e-06,0.14447393342784476,0.8259050976598411,0.08918520181856222,27876
101,/home/projects/bagon/shared/imagenet512/val/n01775062/ILSVRC2012_val_00045310.JPEG,2,1.3810664041084237,0.0002735478919930756,0.14054773763502043,0.7483532240729649,0.06106792770097048,27883
102,/home/projects/bagon/shared/imagenet512/val/n02108551/ILSVRC2012_val_00023424.JPEG,3,1.6024052089924226,0.0002119316632160917,0.2054532624123479,0.7907296081645093,0.18501080075965268,27896
103,/home/projects/bagon/shared/imagenet512/val/n02119022/ILSVRC2012_val_00026288.JPEG,15,0.9964148860890418,0.00098525604698807,0.0938656765514294,0.6231981814989067,0.05654141934229774,27916
104,/home/projects/bagon/shared/imagenet512/val/n03223299/ILSVRC2012_val_00005057.JPEG,2,4.821087718006083,2.7418097943154862e-06,0.24304880455130412,0.9919391725808975,0.0799349777572782,27954
105,/home/projects/bagon/shared/imagenet512/val/n02910353/ILSVRC2012_val_00027948.JPEG,2,3.7139362094130774,2.3007127310847864e-05,0.2716292965752971,0.9755951809671504,0.058773073456726235,27956
106,/home/projects/bagon/shared/imagenet512/val/n01616318/ILSVRC2012_val_00037259.JPEG,3,6.847725868225098,0.0,0.712684859398731,0.9728994300148898,0.29717824972136936,27971
107,/home/projects/bagon/shared/imagenet512/val/n03535780/ILSVRC2012_val_00003195.JPEG,2,0.7100781551853288,0.0004104725376237184,0.07170990553624508,0.5077897876195951,0.07113214066383869,28019
108,/home/projects/bagon/shared/imagenet512/val/n02120505/ILSVRC2012_val_00045532.JPEG,2,0.5021687592379749,0.0009299959056079388,0.0781232553230261,0.39337467520700886,0.09389699019298309,28050
109,/home/projects/bagon/shared/imagenet512/val/n03160309/ILSVRC2012_val_00025103.JPEG,3,1.751292261411436,0.0005575056420639157,0.18998513573462064,0.8247801016792816,0.09172847147665994,28077
110,/home/projects/bagon/shared/imagenet512/val/n02097658/ILSVRC2012_val_00022656.JPEG,2,2.361101260277792,0.00013743886665906757,0.23233313078258644,0.9055341298443148,0.14389403734676798,28162
111,/home/projects/bagon/shared/imagenet512/val/n03929660/ILSVRC2012_val_00043230.JPEG,2,1.8682212829589844,0.0,0.18253324552918831,0.8456019238090879,0.14028773018578788,28231
112,/home/projects/bagon/shared/imagenet512/val/n04591713/ILSVRC2012_val_00016360.JPEG,2,1.5936937506776303,0.0009583409409970045,0.12393392911533473,0.7957071372186012,0.05884876539510717,28232
113,/home/projects/bagon/shared/imagenet512/val/n02099712/ILSVRC2012_val_00011507.JPEG,24,1.2910579132148996,0.0009924016194418073,0.1076738331416437,0.7131421148788271,0.10247928084442837,28241
114,/home/projects/bagon/shared/imagenet512/val/n04579432/ILSVRC2012_val_00018816.JPEG,13,5.376852527202573,0.0009553635609336197,0.30350964507328837,0.9949053051083047,0.10912653778031745,28252
115,/home/projects/bagon/shared/imagenet512/val/n02799071/ILSVRC2012_val_00024202.JPEG,66,0.3826877624960616,0.000988114275969565,0.04334238077132225,0.16765599830595662,0.14398487892223252,28317
116,/home/projects/bagon/shared/imagenet512/val/n01829413/ILSVRC2012_val_00038476.JPEG,2,0.3370516892391606,2.777537883957848e-05,0.06054825273454497,0.2860806180956096,0.15521750688389685,28338
117,/home/projects/bagon/shared/imagenet512/val/n04204347/ILSVRC2012_val_00039778.JPEG,3,5.376801744103432,0.0,0.3509042636091195,0.9946594084805075,0.10212956776789131,28392
118,/home/projects/bagon/shared/imagenet512/val/n04465501/ILSVRC2012_val_00021373.JPEG,3,0.29223785956855863,0.000998832518234849,0.043935360765461236,0.25092394514074157,0.0654889298987963,28410
119,/home/projects/bagon/shared/imagenet512/val/n03417042/ILSVRC2012_val_00025416.JPEG,2,3.754093646593901,2.8609820219571702e-05,0.23778820919663693,0.9765490043415915,0.06743530146708777,28477
120,/home/projects/bagon/shared/imagenet512/val/n03445777/ILSVRC2012_val_00043745.JPEG,2,1.4593124389648438,0.0,0.38551939173373806,0.767604040768675,0.04891459169387456,28503
121,/home/projects/bagon/shared/imagenet512/val/n02114712/ILSVRC2012_val_00042834.JPEG,3,1.8919546903052833,0.00043990471749566495,0.21346314633155425,0.8438500092475609,0.12257481176950517,28506
122,/home/projects/bagon/shared/imagenet512/val/n04041544/ILSVRC2012_val_00047018.JPEG,35,5.044655684032477,0.000998832518234849,0.2400384990117367,0.9908629566376684,0.07212507434609448,28515
123,/home/projects/bagon/shared/imagenet512/val/n01807496/ILSVRC2012_val_00000576.JPEG,74,0.8213914460502565,0.000992997083812952,0.0646130170166568,0.4687762282438947,0.062455939063010224,28573
124,/home/projects/bagon/shared/imagenet512/val/n03417042/ILSVRC2012_val_00016208.JPEG,2,1.7931691408157349,0.0,0.18523594465533796,0.8335681084698261,0.12907378830370309,28619
125,/home/projects/bagon/shared/imagenet512/val/n07697537/ILSVRC2012_val_00000129.JPEG,2,0.14044427663611714,0.0001842805795604363,0.03357701122881326,0.13068505096890778,0.058770713720481246,28630
126,/home/projects/bagon/shared/imagenet512/val/n07875152/ILSVRC2012_val_00000757.JPEG,2,2.7111414670866907,3.933898824470816e-06,0.1821205123317829,0.9335348337647652,0.05547505831690894,28646
127,/home/projects/bagon/shared/imagenet512/val/n04553703/ILSVRC2012_val_00032224.JPEG,35,0.294391505420208,0.0009827552130445838,0.04027949348455882,0.19891207713643072,0.08162178323549094,28647
128,/home/projects/bagon/shared/imagenet512/val/n02106030/ILSVRC2012_val_00039035.JPEG,3,2.160743709799135,8.463501580990851e-05,0.1456886903159078,0.8086190393828684,0.06820046972430545,28652
129,/home/projects/bagon/shared/imagenet512/val/n02966687/ILSVRC2012_val_00046355.JPEG,2,0.9420588008906634,3.8980677345534787e-05,0.1544401418717582,0.6101214840592211,0.11117026176529314,28657
130,/home/projects/bagon/shared/imagenet512/val/n04507155/ILSVRC2012_val_00038778.JPEG,2,0.6944470405578542,1.1920928244535389e-07,0.1440059174612816,0.5006492635490202,0.19534740829092076,28849
131,/home/projects/bagon/shared/imagenet512/val/n04238763/ILSVRC2012_val_00013058.JPEG,2,2.8722059726714804,2.3841855067985307e-07,0.28393464041951344,0.9434257960170682,0.14643973851805725,28883
132,/home/projects/bagon/shared/imagenet512/val/n02977058/ILSVRC2012_val_00010658.JPEG,2,0.12268667448370252,0.0002215855201939121,0.028978408189449658,0.11504394225791673,0.07062620372861571,28900
133,/home/projects/bagon/shared/imagenet512/val/n04235860/ILSVRC2012_val_00029314.JPEG,2,1.9247644485731144,0.00036161558819003403,0.24493822297853457,0.8539186764862989,0.04997797686207793,28901
134,/home/projects/bagon/shared/imagenet512/val/n03873416/ILSVRC2012_val_00022798.JPEG,14,1.7137338076718152,0.0009863278828561306,0.11882972317328139,0.8061796755058879,0.0596931542877162,28953
135,/home/projects/bagon/shared/imagenet512/val/n02105056/ILSVRC2012_val_00012577.JPEG,3,3.037058889865534,8.344646857949556e-07,0.21540230226484308,0.8998426858744806,0.11630869367338711,28988
136,/home/projects/bagon/shared/imagenet512/val/n03089624/ILSVRC2012_val_00022098.JPEG,2,2.694330088677816,0.0009840651182457805,0.27271455958469515,0.9318395358370711,0.14552935111554235,29046
137,/home/projects/bagon/shared/imagenet512/val/n02110185/ILSVRC2012_val_00044573.JPEG,68,1.1760786019731313,0.0009913297835737467,0.09561106430851793,0.6174486615632234,0.11967935351124406,29080
138,/home/projects/bagon/shared/imagenet512/val/n04404412/ILSVRC2012_val_00042827.JPEG,35,1.040089002926834,0.0009834696538746357,0.11100273211067316,0.6022532545823195,0.1589124865252954,29118
139,/home/projects/bagon/shared/imagenet512/val/n03995372/ILSVRC2012_val_00001730.JPEG,7,2.061516739660874,0.0009813260985538363,0.24717407557951157,0.87097060447025,0.21460638365514048,29214
140,/home/projects/bagon/shared/imagenet512/val/n07873807/ILSVRC2012_val_00005438.JPEG,2,0.8424755334854126,0.0,0.1320816690918571,0.569356856538816,0.04466600851846077,29229
141,/home/projects/bagon/shared/imagenet512/val/n02096294/ILSVRC2012_val_00004605.JPEG,25,0.5995569417718798,0.0009946642676368356,0.08449035980921306,0.4290659886839293,0.14672655629835998,29255
142,/home/projects/bagon/shared/imagenet512/val/n03532672/ILSVRC2012_val_00019398.JPEG,2,1.2501982120447792,0.00025686301523819566,0.1053716306697824,0.7132254066799912,0.1000593134205538,29321
143,/home/projects/bagon/shared/imagenet512/val/n04277352/ILSVRC2012_val_00034385.JPEG,2,0.5680869817733765,0.0,0.14028723832558615,0.43339162833487,0.07471031797777788,29322
144,/home/projects/bagon/shared/imagenet512/val/n04456115/ILSVRC2012_val_00003713.JPEG,2,1.9287927150726318,0.0,0.24154145891712006,0.8546763923558,0.05993238369929946,29329
145,/home/projects/bagon/shared/imagenet512/val/n04154565/ILSVRC2012_val_00022481.JPEG,12,3.4495165154803544,0.0009628665866330266,0.24191527853108172,0.9665299883650454,0.06978303936874512,29334
146,/home/projects/bagon/shared/imagenet512/val/n03445924/ILSVRC2012_val_00046656.JPEG,2,0.9770842194556906,2.3841855067985307e-07,0.1761452789898494,0.6235925967637034,0.07302568354900588,29337
147,/home/projects/bagon/shared/imagenet512/val/n03692522/ILSVRC2012_val_00023058.JPEG,2,1.535483717918055,8.344646857949556e-07,0.18112268591411013,0.7846473681585836,0.07056978213915102,29362
148,/home/projects/bagon/shared/imagenet512/val/n02129604/ILSVRC2012_val_00039169.JPEG,20,0.3663395536132157,0.0009958551963791251,0.05012707694114463,0.28774382289500644,0.08160572034881829,29400
149,/home/projects/bagon/shared/imagenet512/val/n04507155/ILSVRC2012_val_00013644.JPEG,2,8.203454843955114,0.00012766500003635883,0.3733704501738308,0.9996153976758834,0.19654470970205,29429
150,/home/projects/bagon/shared/imagenet512/val/n02795169/ILSVRC2012_val_00023608.JPEG,2,0.6562515497207642,0.0,0.17110276857886625,0.48120765565690116,0.11592349694034669,29430
151,/home/projects/bagon/shared/imagenet512/val/n02107574/ILSVRC2012_val_00014816.JPEG,73,2.4953228048980236,0.0009871615329757333,0.14838714456192956,0.8719996628888735,0.18296841198112873,29441
152,/home/projects/bagon/shared/imagenet512/val/n03494278/ILSVRC2012_val_00048826.JPEG,2,2.0711786706815474,8.964136941358447e-05,0.22143633980978353,0.8738624503974537,0.05276885497259323,29448
153,/home/projects/bagon/shared/imagenet512/val/n07742313/ILSVRC2012_val_00019453.JPEG,2,0.6279072155703034,4.4225667807040736e-05,0.16617705018592077,0.4662248613719074,0.03993548984532955,29508
154,/home/projects/bagon/shared/imagenet512/val/n02096294/ILSVRC2012_val_00013756.JPEG,36,0.22327733866404742,0.000985017861239612,0.033505960446121565,0.14421986816009646,0.110336011841344,29519
155,/home/projects/bagon/shared/imagenet512/val/n02110341/ILSVRC2012_val_00047631.JPEG,2,1.8822703361383901,5.006777428206988e-06,0.2930119746928507,0.8477501389833213,0.09001674323216126,29536
156,/home/projects/bagon/shared/imagenet512/val/n04548362/ILSVRC2012_val_00048305.JPEG,2,2.5412466496927664,7.629103492945433e-05,0.18945601890572766,0.9211496925828776,0.12528975909897916,29548
157,/home/projects/bagon/shared/imagenet512/val/n04235860/ILSVRC2012_val_00012254.JPEG,2,0.7088790535926748,1.1920928244535389e-07,0.12043443003286644,0.5078042075994573,0.10077612109731987,29575
158,/home/projects/bagon/shared/imagenet512/val/n01744401/ILSVRC2012_val_00032756.JPEG,3,3.0508843660354614,0.0,0.29254718683153363,0.8194178423507574,0.025612712775758238,29590
159,/home/projects/bagon/shared/imagenet512/val/n02643566/ILSVRC2012_val_00031935.JPEG,2,0.7013028856308665,2.753696753643453e-05,0.12109225867651154,0.5040204223093933,0.11773631955213229,29612
160,/home/projects/bagon/shared/imagenet512/val/n04525038/ILSVRC2012_val_00010858.JPEG,2,0.6030910015106201,0.0,0.10241307014473165,0.4528820998822126,0.029656970598907366,29663
161,/home/projects/bagon/shared/imagenet512/val/n04597913/ILSVRC2012_val_00008027.JPEG,2,3.1001296932518017,0.0002461368858348578,0.16336183160300022,0.9547145750890108,0.42500397778026655,29669
162,/home/projects/bagon/shared/imagenet512/val/n03792972/ILSVRC2012_val_00045159.JPEG,10,2.536508100689389,0.0009990707039833069,0.2311373437833964,0.9144297098533185,0.045777778573490274,29691
163,/home/projects/bagon/shared/imagenet512/val/n01728572/ILSVRC2012_val_00028800.JPEG,18,2.1048576660687104,0.0009802542626857758,0.18530922413455622,0.8691559245297329,0.10534428541017479,29697
164,/home/projects/bagon/shared/imagenet512/val/n03908714/ILSVRC2012_val_00022879.JPEG,3,2.297761883237399,9.023735765367746e-05,0.2579739276207948,0.8899169936448162,0.15325673710434906,29760
165,/home/projects/bagon/shared/imagenet512/val/n02641379/ILSVRC2012_val_00025810.JPEG,17,2.9891410128911957,0.000952267087996006,0.23331532943707012,0.946875173889978,0.10413249528242804,29766
166,/home/projects/bagon/shared/imagenet512/val/n07875152/ILSVRC2012_val_00015691.JPEG,2,2.560784220676851,6.079655122448457e-06,0.2837320915916953,0.9227492494279402,0.15972327160487487,29773
167,/home/projects/bagon/shared/imagenet512/val/n03188531/ILSVRC2012_val_00017183.JPEG,2,1.7940505720471265,6.711257447022945e-05,0.1837178961154488,0.8336367776841013,0.1466003323275665,29775
168,/home/projects/bagon/shared/imagenet512/val/n03467068/ILSVRC2012_val_00039679.JPEG,2,0.0828426610387396,0.00030524839530698955,0.020886425670801612,0.07892553324641903,0.0750644676508415,29782
169,/home/projects/bagon/shared/imagenet512/val/n02100877/ILSVRC2012_val_00025835.JPEG,2,0.6408926843887457,1.1920858014491387e-05,0.09963206596701797,0.4731597720354127,0.08718231047129942,29813
170,/home/projects/bagon/shared/imagenet512/val/n02795169/ILSVRC2012_val_00006525.JPEG,2,0.48038631677627563,0.0,0.19103759635365264,0.3814556564598406,0.13678386794352462,29856
171,/home/projects/bagon/shared/imagenet512/val/n01728572/ILSVRC2012_val_00018775.JPEG,2,2.1587047034990974,0.0005888396990485489,0.13332109444799556,0.8838833346871102,0.09300124730056894,29890
172,/home/projects/bagon/shared/imagenet512/val/n03496892/ILSVRC2012_val_00015968.JPEG,11,0.25848132325336337,0.0009999042376875877,0.039784973616976686,0.21781205690340602,0.10468816637589508,29903
173,/home/projects/bagon/shared/imagenet512/val/n02095570/ILSVRC2012_val_00002714.JPEG,35,0.5984166685957462,0.0009975224966183305,0.059636273925529414,0.4098194774164104,0.03130901877439736,29938
174,/home/projects/bagon/shared/imagenet512/val/n04259630/ILSVRC2012_val_00045907.JPEG,16,0.11347237467998639,0.0009758477681316435,0.02232730207232969,0.08488626697882233,0.03628112968987153,29946
175,/home/projects/bagon/shared/imagenet512/val/n07697537/ILSVRC2012_val_00025922.JPEG,3,2.4966145820217207,0.00039760314393788576,0.2128698721138966,0.9160107006694588,0.10313758122184716,29947
176,/home/projects/bagon/shared/imagenet512/val/n02097474/ILSVRC2012_val_00039144.JPEG,25,2.3896846458665095,0.0009714413317851722,0.1635368962936714,0.9027592190868915,0.15016407275147867,29952
177,/home/projects/bagon/shared/imagenet512/val/n02112137/ILSVRC2012_val_00035436.JPEG,2,1.39463019323739,3.075552376685664e-05,0.24071219742129074,0.7520369308742422,0.12759628604264742,29987
178,/home/projects/bagon/shared/imagenet512/val/n04254120/ILSVRC2012_val_00022461.JPEG,2,1.344469308826774,7.271740287251305e-06,0.1327577057135712,0.7393127021091064,0.15997713484716963,30017
179,/home/projects/bagon/shared/imagenet512/val/n02788148/ILSVRC2012_val_00013013.JPEG,4,3.947037321398966,0.0006225554971024394,0.6903838202185973,0.7639518854149061,0.1600845314676589,30023
180,/home/projects/bagon/shared/imagenet512/val/n04179913/ILSVRC2012_val_00001715.JPEG,2,2.868142962453703,2.0265558760002023e-06,0.2655051244501216,0.943193490818584,0.07941469672098098,30049
181,/home/projects/bagon/shared/imagenet512/val/n02112706/ILSVRC2012_val_00028642.JPEG,2,2.5758816776506137,0.0002896366349887103,0.30666494808105704,0.9236245445421644,0.24808009369803954,30056
182,/home/projects/bagon/shared/imagenet512/val/n02102480/ILSVRC2012_val_00019449.JPEG,14,7.0053024216904305,0.0009388091857545078,0.4884936355519056,0.7536447239235714,0.14174662607193886,30061
183,/home/projects/bagon/shared/imagenet512/val/n02093859/ILSVRC2012_val_00022934.JPEG,17,0.17544530000304803,0.0009731086320243776,0.0377018093452908,0.12503095600885453,0.06329355256225191,30093
184,/home/projects/bagon/shared/imagenet512/val/n03404251/ILSVRC2012_val_00015466.JPEG,2,4.121727229881799,0.0004847066884394735,0.24026780945302287,0.9834823237759861,0.03911826316248659,30134
185,/home/projects/bagon/shared/imagenet512/val/n07714990/ILSVRC2012_val_00000155.JPEG,2,0.7188663965207525,0.0006165986997075379,0.15021675868228115,0.5118207018601316,0.18683001102421504,30143
186,/home/projects/bagon/shared/imagenet512/val/n02783161/ILSVRC2012_val_00036962.JPEG,2,0.9749953630962409,0.0005113962688483298,0.11696249286909222,0.6221139870567314,0.2660391865597429,30146
187,/home/projects/bagon/shared/imagenet512/val/n03825788/ILSVRC2012_val_00036452.JPEG,2,0.14777108149428386,0.00013243274588603526,0.03852027637133407,0.13712584318653745,0.10842972256151184,30267
188,/home/projects/bagon/shared/imagenet512/val/n02056570/ILSVRC2012_val_00001056.JPEG,2,3.1949315071105957,0.0,0.23612159710727354,0.959030672208128,0.07507700497037266,30318
189,/home/projects/bagon/shared/imagenet512/val/n02097298/ILSVRC2012_val_00009256.JPEG,3,6.936297983163968,0.000545472139492631,0.30394540820579363,0.9983674414779162,0.3001485076099856,30321
190,/home/projects/bagon/shared/imagenet512/val/n04204347/ILSVRC2012_val_00020358.JPEG,2,0.9581798313320178,1.8596476365928538e-05,0.15195531602216955,0.6163939264695024,0.08323590630005354,30336
191,/home/projects/bagon/shared/imagenet512/val/n02776631/ILSVRC2012_val_00019098.JPEG,14,3.048897657659836,0.00099323526956141,0.20704947468079368,0.9504618338993125,0.030675596198887958,30342
192,/home/projects/bagon/shared/imagenet512/val/n03089624/ILSVRC2012_val_00032233.JPEG,2,1.0008426904639691,2.7418097943154862e-06,0.11192828775495847,0.6324265601422351,0.07119548050359695,30363
193,/home/projects/bagon/shared/imagenet512/val/n03216828/ILSVRC2012_val_00005134.JPEG,2,1.9136298249068204,0.000359351426595822,0.16431866745269824,0.8520479385725228,0.09779730413943825,30365
194,/home/projects/bagon/shared/imagenet512/val/n02484975/ILSVRC2012_val_00039156.JPEG,12,1.897911804029718,0.0009965697536244988,0.1710192302530237,0.8453555878575006,0.07042879839919046,30418
195,/home/projects/bagon/shared/imagenet512/val/n02105855/ILSVRC2012_val_00029456.JPEG,56,1.1904578373068944,0.0009990707039833069,0.13915980748079818,0.6478716534724629,0.12789649720894924,30434
196,/home/projects/bagon/shared/imagenet512/val/n04357314/ILSVRC2012_val_00014837.JPEG,12,2.3854761242400855,0.000985136954113841,0.16779549181037598,0.9056568352314772,0.08780658743594857,30505
197,/home/projects/bagon/shared/imagenet512/val/n03187595/ILSVRC2012_val_00021651.JPEG,3,4.562024780876527,7.021180499577895e-05,0.27595472223407663,0.9890838864925307,0.04951988805755619,30506
198,/home/projects/bagon/shared/imagenet512/val/n02123394/ILSVRC2012_val_00001040.JPEG,3,0.5253823246875982,2.706014311115723e-05,0.11586244080467192,0.3326573678698545,0.14319370359292483,30615
199,/home/projects/bagon/shared/imagenet512/val/n01798484/ILSVRC2012_val_00031932.JPEG,2,1.5453580502216937,0.00015209948469419032,0.17266324625466967,0.7865819636823652,0.039969010918406336,30627
200,/home/projects/bagon/shared/imagenet512/val/n02099601/ILSVRC2012_val_00020868.JPEG,78,5.601611195947044,0.0009957361035048962,0.2295711841365525,0.8739077737705166,0.31658105171166345,30628
201,/home/projects/bagon/shared/imagenet512/val/n02206856/ILSVRC2012_val_00005559.JPEG,29,3.6386881206417456,0.000990496133454144,0.2017554729964427,0.9700972140034564,0.05956743764587541,30664
202,/home/projects/bagon/shared/imagenet512/val/n01751748/ILSVRC2012_val_00020910.JPEG,2,0.8240069150870113,3.3378546504536644e-06,0.16722775342165966,0.5613249585760144,0.097179333961564,30676
203,/home/projects/bagon/shared/imagenet512/val/n02415577/ILSVRC2012_val_00024683.JPEG,4,10.129222321964335,0.00037698791129514575,0.7149086755903934,0.8355393599715094,0.09745629690454134,30681
204,/home/projects/bagon/shared/imagenet512/val/n03676483/ILSVRC2012_val_00044945.JPEG,2,2.286088705062866,0.0,0.2054058350259847,0.8983366808046527,0.140221440369735,30691
205,/home/projects/bagon/shared/imagenet512/val/n01798484/ILSVRC2012_val_00035638.JPEG,13,4.817681243293919,0.0009954979177564383,0.2278022211294052,0.9915754436125681,0.23483887829322028,30700
206,/home/projects/bagon/shared/imagenet512/val/n07697537/ILSVRC2012_val_00029037.JPEG,2,3.784976507886313,0.0008149401983246207,0.3403794082192122,0.9766514865314185,0.14916329456020633,30744
207,/home/projects/bagon/shared/imagenet512/val/n03598930/ILSVRC2012_val_00009008.JPEG,2,0.9037274122238159,0.0,0.21838209041032478,0.5949429932880581,0.1057779613312539,30754
208,/home/projects/bagon/shared/imagenet512/val/n03868242/ILSVRC2012_val_00048117.JPEG,2,0.7079185368493199,0.0003082277253270149,0.08876213724761858,0.5068740137822205,0.030207856669758625,30762
209,/home/projects/bagon/shared/imagenet512/val/n04252077/ILSVRC2012_val_00028111.JPEG,14,0.023880181834101677,0.0009839460253715515,0.005424730092409231,0.0022851185186631567,0.014923450382276434,30769
210,/home/projects/bagon/shared/imagenet512/val/n02097474/ILSVRC2012_val_00007452.JPEG,5,4.7204021896468475,0.0009912106906995177,0.23000721110021247,0.9755579141377944,0.12314639919062775,30774
211,/home/projects/bagon/shared/imagenet512/val/n02167151/ILSVRC2012_val_00005169.JPEG,2,0.8451357122685295,0.00043752157944254577,0.10724907192513891,0.5698814630847945,0.08565501020775841,30780
212,/home/projects/bagon/shared/imagenet512/val/n01983481/ILSVRC2012_val_00012183.JPEG,2,1.7382423877334077,8.702239938429557e-06,0.14106890440759695,0.8241606039785396,0.0319163086633182,30793
213,/home/projects/bagon/shared/imagenet512/val/n03032252/ILSVRC2012_val_00028502.JPEG,2,0.6900345087051392,0.0,0.10614008140726562,0.498441128623056,0.0906075693506942,30838
214,/home/projects/bagon/shared/imagenet512/val/n04086273/ILSVRC2012_val_00027697.JPEG,2,0.8470888137380825,9.298280929215252e-06,0.1054525375499624,0.5713256865178786,0.10153316755134303,30874
215,/home/projects/bagon/shared/imagenet512/val/n02113712/ILSVRC2012_val_00049115.JPEG,87,1.5581363340606913,0.0009921634336933494,0.12525128521745532,0.6838769697307651,0.24904352330464566,30980
216,/home/projects/bagon/shared/imagenet512/val/n03291819/ILSVRC2012_val_00049529.JPEG,3,2.33766591548914,3.576278118089249e-07,0.21034333036201222,0.8743157890249809,0.1515031868977169,30983
217,/home/projects/bagon/shared/imagenet512/val/n03899768/ILSVRC2012_val_00009197.JPEG,2,2.085189109464409,0.00047708096099086106,0.26939402148906394,0.875198055773415,0.24220056056031966,30990
218,/home/projects/bagon/shared/imagenet512/val/n07697313/ILSVRC2012_val_00032631.JPEG,2,0.3504863381385803,0.0,0.10207798040726068,0.2956546255120201,0.2015335200512528,31001
219,/home/projects/bagon/shared/imagenet512/val/n02802426/ILSVRC2012_val_00025839.JPEG,2,0.9533186533226399,6.580135959666222e-05,0.1484603567325605,0.614488748686981,0.08771749070223842,31002
220,/home/projects/bagon/shared/imagenet512/val/n01984695/ILSVRC2012_val_00026981.JPEG,2,3.490942239746346,5.483612312673358e-06,0.2810083557307838,0.9695222186318324,0.08697303332522377,31055
221,/home/projects/bagon/shared/imagenet512/val/n01955084/ILSVRC2012_val_00041103.JPEG,2,1.6073474182048813,0.000615407363511622,0.19330910476618543,0.7989377093059602,0.08606871155678539,31067
222,/home/projects/bagon/shared/imagenet512/val/n02492035/ILSVRC2012_val_00020936.JPEG,3,1.465172277909005,0.0002791491860989481,0.18783799249400548,0.7582559681216428,0.056153809945502384,31123
223,/home/projects/bagon/shared/imagenet512/val/n04259630/ILSVRC2012_val_00017706.JPEG,3,4.079543352127075,0.0,0.7903652156755369,0.8698360913951835,0.1296785375764364,31127
224,/home/projects/bagon/shared/imagenet512/val/n03710193/ILSVRC2012_val_00008671.JPEG,2,1.5474770049549988,6.258291978156194e-05,0.18062240701691126,0.7871403659022729,0.17700758294233554,31130
225,/home/projects/bagon/shared/imagenet512/val/n01945685/ILSVRC2012_val_00028401.JPEG,3,7.7412911652099865,1.680836794548668e-05,0.4183123760461973,0.9554113480624683,0.11391717195763129,31136
226,/home/projects/bagon/shared/imagenet512/val/n01669191/ILSVRC2012_val_00038230.JPEG,2,1.1661497328823316,7.164221460698172e-05,0.10276314182021722,0.6883421898791113,0.025420632607541082,31147
227,/home/projects/bagon/shared/imagenet512/val/n04326547/ILSVRC2012_val_00013931.JPEG,3,6.790241837480153,6.556489552167477e-06,0.6201749883343542,0.9788897471120177,0.2070434558849974,31160
228,/home/projects/bagon/shared/imagenet512/val/n02802426/ILSVRC2012_val_00046810.JPEG,4,6.202934814675245,0.0008257793379016221,0.32488700243609764,0.9978483533048925,0.28569983927670983,31186
229,/home/projects/bagon/shared/imagenet512/val/n03494278/ILSVRC2012_val_00046633.JPEG,2,0.7336748838424683,0.0,0.12944066986526181,0.5198586271105088,0.036084423556458224,31188
230,/home/projects/bagon/shared/imagenet512/val/n04423845/ILSVRC2012_val_00038609.JPEG,2,3.6172428131103516,0.0,0.27533954508051134,0.973143378007372,0.031268879773612604,31192
231,/home/projects/bagon/shared/imagenet512/val/n03680355/ILSVRC2012_val_00021725.JPEG,2,1.1766033963940572,0.00028308198670856655,0.1305808408529538,0.6913088608388939,0.05495963916338335,31211
232,/home/projects/bagon/shared/imagenet512/val/n07873807/ILSVRC2012_val_00049697.JPEG,2,3.487313747406006,0.0,0.2137080679354209,0.9694170781034046,0.056090347826543985,31236
233,/home/projects/bagon/shared/imagenet512/val/n01728920/ILSVRC2012_val_00041379.JPEG,16,4.942229359759949,0.0009584600338712335,0.19441268510113904,0.9914907083922415,0.15800920850708228,31268
234,/home/projects/bagon/shared/imagenet512/val/n03208938/ILSVRC2012_val_00038381.JPEG,2,2.7687090635299114,3.576278118089249e-07,0.20498206685241047,0.937256605320407,0.0222897637732644,31275
235,/home/projects/bagon/shared/imagenet512/val/n04467665/ILSVRC2012_val_00032742.JPEG,2,0.19911568668612745,0.0002087136817863211,0.05030197187544594,0.1801666369465421,0.09690475490875379,31276
236,/home/projects/bagon/shared/imagenet512/val/n02837789/ILSVRC2012_val_00013671.JPEG,48,0.38697107578627765,0.0009964506607502699,0.05407254554295601,0.22649739723878062,0.12408898015697704,31287
237,/home/projects/bagon/shared/imagenet512/val/n03868242/ILSVRC2012_val_00041004.JPEG,36,1.7763321326347068,0.000982278841547668,0.15186198435631637,0.8125272208736347,0.048330599617661806,31316
238,/home/projects/bagon/shared/imagenet512/val/n03089624/ILSVRC2012_val_00025257.JPEG,4,1.3723528104601428,0.0009990707039833069,0.12316002633077697,0.7446715625955651,0.15519518337000235,31357
239,/home/projects/bagon/shared/imagenet512/val/n12144580/ILSVRC2012_val_00006206.JPEG,66,0.8677115550963208,0.0009993088897317648,0.06553495844958256,0.49933535371142207,0.08045766453124194,31402
240,/home/projects/bagon/shared/imagenet512/val/n03032252/ILSVRC2012_val_00004807.JPEG,2,3.854834437110185,2.276871418871451e-05,0.2817409140107556,0.9787997197621984,0.15557576202803836,31420
241,/home/projects/bagon/shared/imagenet512/val/n03529860/ILSVRC2012_val_00005304.JPEG,2,0.7690286636334349,1.9073468138230965e-06,0.1388028452998998,0.5365341270315584,0.1197514993829139,31444
242,/home/projects/bagon/shared/imagenet512/val/n02825657/ILSVRC2012_val_00015150.JPEG,2,0.999168752488913,4.768258077092469e-05,0.11782817826300211,0.6317494605881921,0.07374199464749462,31449
243,/home/projects/bagon/shared/imagenet512/val/n03887697/ILSVRC2012_val_00016674.JPEG,28,2.3078951821662486,0.0009883524617180228,0.2120647657858192,0.8899729243586263,0.10746776067557717,31451
244,/home/projects/bagon/shared/imagenet512/val/n01871265/ILSVRC2012_val_00021170.JPEG,14,2.590814094990492,0.000976919662207365,0.30841571313520943,0.7866173894231285,0.08110448068145054,31475
245,/home/projects/bagon/shared/imagenet512/val/n03494278/ILSVRC2012_val_00003436.JPEG,21,2.819699686137028,0.000979658798314631,0.26325853133095917,0.9356960952165373,0.1955700007547312,31520
246,/home/projects/bagon/shared/imagenet512/val/n07930864/ILSVRC2012_val_00021321.JPEG,29,5.158320368849672,0.0009857324184849858,0.23864259614683736,0.9930218156194108,0.13148913483006733,31528
247,/home/projects/bagon/shared/imagenet512/val/n02280649/ILSVRC2012_val_00008545.JPEG,2,1.404317020707822,3.635817120084539e-05,0.17076231879442663,0.754420122807244,0.015164707544269776,31530
248,/home/projects/bagon/shared/imagenet512/val/n03425413/ILSVRC2012_val_00019667.JPEG,2,4.03678905963897,1.1920928244535389e-07,0.23521233880289474,0.9823458363807521,0.06095746079927646,31540
249,/home/projects/bagon/shared/imagenet512/val/n04116512/ILSVRC2012_val_00007476.JPEG,2,0.45836102809698787,5.531158240046352e-05,0.06830136887256491,0.3675907306939317,0.107398561062399,31543
250,/home/projects/bagon/shared/imagenet512/val/n01580077/ILSVRC2012_val_00013753.JPEG,2,2.541460871361778,2.586808113846928e-05,0.3116750561186819,0.9212444950259446,0.039267451621657096,31575
251,/home/projects/bagon/shared/imagenet512/val/n02808304/ILSVRC2012_val_00022989.JPEG,2,2.9323397874754846,3.933898824470816e-06,0.17365423218265283,0.9467235942016021,0.052915209373807295,31585
252,/home/projects/bagon/shared/imagenet512/val/n01829413/ILSVRC2012_val_00026072.JPEG,2,0.3976392745968269,8.344646857949556e-07,0.11812946673921354,0.32809427644628186,0.06664769967999006,31593
253,/home/projects/bagon/shared/imagenet512/val/n03594945/ILSVRC2012_val_00015187.JPEG,2,0.26288166642188315,1.1920928244535389e-07,0.067324850231691,0.23116679822568717,0.14052687353458723,31605
254,/home/projects/bagon/shared/imagenet512/val/n03481172/ILSVRC2012_val_00026993.JPEG,8,0.39551914704497904,0.0009848987683653831,0.058830290632403255,0.32065158437110375,0.06659018476204567,31657
255,/home/projects/bagon/shared/imagenet512/val/n03956157/ILSVRC2012_val_00025588.JPEG,2,0.21320964777260087,0.00041368984966538846,0.037362376782781016,0.19127065088737025,0.06276602378177101,31691
256,/home/projects/bagon/shared/imagenet512/val/n02808440/ILSVRC2012_val_00049510.JPEG,38,2.3585135092725977,0.000993354362435639,0.21799754081677836,0.8922618185925195,0.12140904376917393,31696
257,/home/projects/bagon/shared/imagenet512/val/n03633091/ILSVRC2012_val_00046392.JPEG,2,1.282479849178344,0.0002571013756096363,0.13887022611573596,0.7223254837944215,0.06054732316523901,31718
258,/home/projects/bagon/shared/imagenet512/val/n04229816/ILSVRC2012_val_00026205.JPEG,2,2.4436782598492073,8.344646857949556e-07,0.20674174129966597,0.9131581990405306,0.16474531623116412,31785
259,/home/projects/bagon/shared/imagenet512/val/n09193705/ILSVRC2012_val_00039670.JPEG,2,0.6179553668480366,0.0006301801186054945,0.0984204382088604,0.45999763505780916,0.0933156031380859,31796
260,/home/projects/bagon/shared/imagenet512/val/n01532829/ILSVRC2012_val_00011056.JPEG,2,2.751669649092946,0.0006849803612567484,0.26465146276681784,0.9357173218388611,0.09819136502020026,31803
261,/home/projects/bagon/shared/imagenet512/val/n02130308/ILSVRC2012_val_00035388.JPEG,12,4.713638333196286,0.0009760859538801014,0.36549739795905234,0.6801689269800847,0.07736980140790835,31816
262,/home/projects/bagon/shared/imagenet512/val/n03485794/ILSVRC2012_val_00041259.JPEG,14,0.20846105844248086,0.000996331567876041,0.03597430430182905,0.172727538005361,0.0802077190340925,31821
263,/home/projects/bagon/shared/imagenet512/val/n03290653/ILSVRC2012_val_00046068.JPEG,15,1.5023752491688356,0.0009846605826169252,0.11758111682034283,0.7711133001231981,0.1505600206211425,31835
264,/home/projects/bagon/shared/imagenet512/val/n02823428/ILSVRC2012_val_00011437.JPEG,2,2.4669977196026593,0.0002146728802472353,0.1916277778838365,0.9149293951266741,0.3165924288844627,31840
265,/home/projects/bagon/shared/imagenet512/val/n02417914/ILSVRC2012_val_00004814.JPEG,9,3.7372640428948216,0.0009461931767873466,0.22961270240223117,0.9750000735029971,0.25912294431377897,31845
266,/home/projects/bagon/shared/imagenet512/val/n03000684/ILSVRC2012_val_00023477.JPEG,2,0.21129535136515187,6.437280717364047e-06,0.05091651451351421,0.19045342700023157,0.18757034773133308,31848
267,/home/projects/bagon/shared/imagenet512/val/n03255030/ILSVRC2012_val_00032911.JPEG,2,1.4266416778846178,0.0002225389762315899,0.1309833427842011,0.7596124841087912,0.05874762687121063,31856
268,/home/projects/bagon/shared/imagenet512/val/n02111277/ILSVRC2012_val_00047062.JPEG,10,0.33941701729781926,0.0009922825265675783,0.07823510335696135,0.2607059481245171,0.03716834302773453,31857
269,/home/projects/bagon/shared/imagenet512/val/n01531178/ILSVRC2012_val_00031086.JPEG,2,2.656533955512714,4.5060096454108134e-05,0.268116499668836,0.9297611260866374,0.09984880902908438,31860
270,/home/projects/bagon/shared/imagenet512/val/n02102480/ILSVRC2012_val_00030059.JPEG,13,2.350499131483957,0.0009941878961399198,0.2882455973871813,0.9000717383080579,0.12180180780059302,31864
271,/home/projects/bagon/shared/imagenet512/val/n03908714/ILSVRC2012_val_00021673.JPEG,2,1.7376121282050008,1.0251946150674485e-05,0.19564012763339333,0.8240479135384945,0.17290760118003376,31875
272,/home/projects/bagon/shared/imagenet512/val/n04447861/ILSVRC2012_val_00026111.JPEG,2,0.5722974521377182,5.900685573578812e-05,0.08077218306584283,0.43568011684477526,0.1516103225055961,31900
273,/home/projects/bagon/shared/imagenet512/val/n02951585/ILSVRC2012_val_00036184.JPEG,2,1.2663996219007458,1.1205610462639015e-05,0.14558831232301017,0.7181409290146039,0.09467772961157452,31904
274,/home/projects/bagon/shared/imagenet512/val/n07697313/ILSVRC2012_val_00037389.JPEG,2,1.3565130233764648,0.0,0.16324853600705436,0.7424426515296083,0.03991325750296559,31918
275,/home/projects/bagon/shared/imagenet512/val/n04044716/ILSVRC2012_val_00040495.JPEG,2,0.5742428896301135,2.2411095415009186e-05,0.1019577849625236,0.4368339706329808,0.03128986444151122,31942
276,/home/projects/bagon/shared/imagenet512/val/n01978287/ILSVRC2012_val_00047370.JPEG,2,1.892469519363658,0.00010930894495686516,0.13818422419738263,0.8491754268551313,0.10864534946138368,31987
277,/home/projects/bagon/shared/imagenet512/val/n04591713/ILSVRC2012_val_00048539.JPEG,35,0.35430664103478193,0.0009990707039833069,0.049515869375681205,0.2456968474689335,0.09351625579238541,32029
278,/home/projects/bagon/shared/imagenet512/val/n03379051/ILSVRC2012_val_00047692.JPEG,2,2.912675067433156,0.0006229128921404481,0.2825642753421279,0.945284506568256,0.1866877433092756,32051
279,/home/projects/bagon/shared/imagenet512/val/n02672831/ILSVRC2012_val_00034486.JPEG,2,4.241383023618255,0.00032276666024699807,0.24249582413920417,0.9854405215127067,0.16521958046511528,32054
280,/home/projects/bagon/shared/imagenet512/val/n03920288/ILSVRC2012_val_00010300.JPEG,2,1.675997492740862,7.629103492945433e-05,0.20773484823096566,0.812788677121499,0.08253363774120434,32076
281,/home/projects/bagon/shared/imagenet512/val/n03788195/ILSVRC2012_val_00036274.JPEG,2,0.7175601720796294,1.6689286894688848e-06,0.15227677688027033,0.5120562853043155,0.1340250513179966,32090
282,/home/projects/bagon/shared/imagenet512/val/n02085782/ILSVRC2012_val_00015670.JPEG,20,0.44438973092474043,0.000982278841547668,0.07986931224701146,0.3189372335355269,0.17714194904842995,32092
283,/home/projects/bagon/shared/imagenet512/val/n03240683/ILSVRC2012_val_00008795.JPEG,3,1.8817056044877063,3.4570634852570947e-06,0.22865619313264368,0.8358148112146292,0.1512086352206868,32122
284,/home/projects/bagon/shared/imagenet512/val/n03530642/ILSVRC2012_val_00038525.JPEG,2,2.731922507280842,3.2186455882765586e-06,0.2551679772585219,0.9349024960296825,0.21068633409415533,32123
285,/home/projects/bagon/shared/imagenet512/val/n04367480/ILSVRC2012_val_00025494.JPEG,19,1.8355816591065377,0.0009885906474664807,0.10838399741407607,0.8357975372155564,0.09542645846710539,32147
286,/home/projects/bagon/shared/imagenet512/val/n03447721/ILSVRC2012_val_00018723.JPEG,29,0.3561396856093779,0.000993354362435639,0.044280829392811416,0.262929532686134,0.12532122386334543,32148
287,/home/projects/bagon/shared/imagenet512/val/n03938244/ILSVRC2012_val_00023366.JPEG,2,0.5964387016283581,9.262132516596466e-05,0.12174140928945906,0.449087214389386,0.11475400817459289,32236
288,/home/projects/bagon/shared/imagenet512/val/n02607072/ILSVRC2012_val_00016825.JPEG,2,2.198078751479443,1.2993727978027891e-05,0.21182977382955082,0.8889693329643026,0.04711006467495243,32256
289,/home/projects/bagon/shared/imagenet512/val/n02088094/ILSVRC2012_val_00009294.JPEG,3,1.4534359389799647,0.0009307105210609734,0.2418815771125304,0.7649613946073026,0.31080946003282606,32264
290,/home/projects/bagon/shared/imagenet512/val/n02099601/ILSVRC2012_val_00012100.JPEG,24,0.33747178816702217,0.0009999042376875877,0.043438638723170275,0.24827865164092305,0.09633747226593427,32287
291,/home/projects/bagon/shared/imagenet512/val/n01632777/ILSVRC2012_val_00035529.JPEG,3,2.6722969876718707,0.0008485292200930417,0.25309203006866626,0.9301259847576974,0.25749782483298633,32317
292,/home/projects/bagon/shared/imagenet512/val/n01592084/ILSVRC2012_val_00007912.JPEG,2,1.8706816007033922,0.0002924968139268458,0.1691951058127124,0.8458524305776349,0.2366394036006388,32320
293,/home/projects/bagon/shared/imagenet512/val/n02412080/ILSVRC2012_val_00015868.JPEG,2,2.0338995350612095,0.0001456631434848532,0.1290162095536033,0.8690860015397479,0.041739111028753176,32333
294,/home/projects/bagon/shared/imagenet512/val/n02094258/ILSVRC2012_val_00045352.JPEG,28,1.053185989614576,0.0009818024700507522,0.0825290528797747,0.6373199509027749,0.09700836048934296,32348
295,/home/projects/bagon/shared/imagenet512/val/n04357314/ILSVRC2012_val_00011004.JPEG,2,0.8849756990675814,0.0004287039046175778,0.09104507584321514,0.5866755688951687,0.15809076270942038,32358
296,/home/projects/bagon/shared/imagenet512/val/n07930864/ILSVRC2012_val_00049096.JPEG,2,2.3728283183299936,0.0007541911327280104,0.17106845936189993,0.9059684082247426,0.1364815968222614,32362
297,/home/projects/bagon/shared/imagenet512/val/n04019541/ILSVRC2012_val_00010972.JPEG,2,0.22302777798176976,7.30726242181845e-05,0.04204695913617369,0.19977623837057104,0.1306200091293035,32379
298,/home/projects/bagon/shared/imagenet512/val/n03450230/ILSVRC2012_val_00007147.JPEG,2,0.6958583067171276,0.0008373330347239971,0.07061870044246196,0.5001222496315196,0.0837035621640004,32384
299,/home/projects/bagon/shared/imagenet512/val/n02129604/ILSVRC2012_val_00021043.JPEG,37,3.9949541644891724,0.0009964506607502699,0.24795539890950652,0.9744802848349485,0.09983968863985986,32393
300,/home/projects/bagon/shared/imagenet512/val/n03733805/ILSVRC2012_val_00019776.JPEG,18,3.1587701073731296,0.0009589364635758102,0.21583041831633368,0.9547034670438573,0.038953813713746316,32423
301,/home/projects/bagon/shared/imagenet512/val/n03000684/ILSVRC2012_val_00041057.JPEG,2,1.4147546291351318,0.0,0.1856046694775932,0.7570147824981452,0.20575018910746284,32446
302,/home/projects/bagon/shared/imagenet512/val/n03032252/ILSVRC2012_val_00006188.JPEG,2,4.007562637329102,0.0,0.22681367846336137,0.9818223295246101,0.07045280535587214,32477
303,/home/projects/bagon/shared/imagenet512/val/n02526121/ILSVRC2012_val_00001595.JPEG,2,1.1656737300363602,7.378782902378589e-05,0.13531825584251111,0.6881932366459506,0.03661528542423704,32479
304,/home/projects/bagon/shared/imagenet512/val/n01770081/ILSVRC2012_val_00045376.JPEG,2,1.2865345478057861,0.0,0.1939559165092012,0.7237735941936285,0.09461649879564443,32536
305,/home/projects/bagon/shared/imagenet512/val/n02870880/ILSVRC2012_val_00019679.JPEG,5,0.5596407010452822,0.0009809688199311495,0.056503084189468776,0.4252898953768633,0.10180514612631231,32537
306,/home/projects/bagon/shared/imagenet512/val/n02094114/ILSVRC2012_val_00019305.JPEG,4,7.927256125258282,0.0005119920242577791,0.427180533269798,0.9701564924820637,0.19517926280387943,32539
307,/home/projects/bagon/shared/imagenet512/val/n03630383/ILSVRC2012_val_00040416.JPEG,2,1.2138378620137473,1.4305104514278355e-06,0.1293986041616486,0.702943004857915,0.04056208824976383,32559
308,/home/projects/bagon/shared/imagenet512/val/n01682714/ILSVRC2012_val_00039749.JPEG,92,0.9791208306560293,0.0009976415894925594,0.07088739964520499,0.439054921504652,0.16587284299200983,32575
309,/home/projects/bagon/shared/imagenet512/val/n01806143/ILSVRC2012_val_00008245.JPEG,3,4.546197503771509,8.22540732769994e-06,0.2870498549572184,0.9890007062500243,0.199813301927447,32590
310,/home/projects/bagon/shared/imagenet512/val/n03134739/ILSVRC2012_val_00038582.JPEG,2,0.33719247579472267,1.4305104514278355e-06,0.08917512397456566,0.28622606371977705,0.047916607960679675,32593
311,/home/projects/bagon/shared/imagenet512/val/n03272010/ILSVRC2012_val_00039929.JPEG,39,3.9032793638762087,0.0009945451747626066,0.15631147063113324,0.9769951926908393,0.07908722423176794,32596
312,/home/projects/bagon/shared/imagenet512/val/n02132136/ILSVRC2012_val_00013390.JPEG,2,1.5431822963873856,0.00039152585668489337,0.19064806954046534,0.785997783306043,0.08706568766037365,32621
313,/home/projects/bagon/shared/imagenet512/val/n04597913/ILSVRC2012_val_00045957.JPEG,28,7.398101544182282,0.0009729895391501486,0.430919300783886,0.9987215566094358,0.03931722594249812,32651
314,/home/projects/bagon/shared/imagenet512/val/n04536866/ILSVRC2012_val_00041774.JPEG,2,1.0310113297309726,0.0001629458274692297,0.10885238977051537,0.6431344862635171,0.06027606958029648,32704
315,/home/projects/bagon/shared/imagenet512/val/n03785016/ILSVRC2012_val_00044191.JPEG,61,3.5843069014372304,0.000988114275969565,0.16283094995386668,0.9513508492301718,0.13743626729239755,32705
316,/home/projects/bagon/shared/imagenet512/val/n02091831/ILSVRC2012_val_00048421.JPEG,22,5.141008701175451,0.0009781105909496546,0.22624991605673403,0.9937372157628631,0.1434499160402325,32744
317,/home/projects/bagon/shared/imagenet512/val/n03125729/ILSVRC2012_val_00027199.JPEG,2,1.3056949205929413,0.000993711524643004,0.11307407690406494,0.7277921465804281,0.03342060509740092,32749
318,/home/projects/bagon/shared/imagenet512/val/n03637318/ILSVRC2012_val_00021726.JPEG,57,0.2910699264612049,0.0009862087899819016,0.04059829125547461,0.16585541689688332,0.14872505930694735,32769
319,/home/projects/bagon/shared/imagenet512/val/n02093256/ILSVRC2012_val_00046547.JPEG,102,2.1097186867846176,0.0009947833605110645,0.11521601726449981,0.8132746464828833,0.2622480311137947,32812
320,/home/projects/bagon/shared/imagenet512/val/n03617480/ILSVRC2012_val_00003503.JPEG,2,4.706762909889051,5.960462772236497e-07,0.41333975774006776,0.9909654479643706,0.10235603210150473,32813
321,/home/projects/bagon/shared/imagenet512/val/n01530575/ILSVRC2012_val_00045611.JPEG,3,5.55166542261577,7.331102824537084e-05,0.43393343465723455,0.9482753519172861,0.06232583677228326,32867
322,/home/projects/bagon/shared/imagenet512/val/n01682714/ILSVRC2012_val_00001942.JPEG,126,1.2626833253307268,0.00099323526956141,0.08205839101303693,0.5033955289625273,0.18421194692808632,32870
323,/home/projects/bagon/shared/imagenet512/val/n02097474/ILSVRC2012_val_00005082.JPEG,16,4.158807365922257,0.0009825170272961259,0.22258916110238616,0.9779590012804803,0.0870940925703168,32873
324,/home/projects/bagon/shared/imagenet512/val/n03017168/ILSVRC2012_val_00026592.JPEG,7,4.6488511597854085,0.0008792586741037667,0.2015466899444181,0.9895531929742416,0.18491583801208578,32893
325,/home/projects/bagon/shared/imagenet512/val/n02087046/ILSVRC2012_val_00039622.JPEG,28,2.2585779359797016,0.0009996660519391298,0.12759213569372016,0.8896127960225861,0.022934379117555154,32907
326,/home/projects/bagon/shared/imagenet512/val/n01665541/ILSVRC2012_val_00016700.JPEG,23,10.60657601559069,0.0009862087899819016,0.5796640900456631,0.9761966425163455,0.0751958994079901,32955
327,/home/projects/bagon/shared/imagenet512/val/n02096437/ILSVRC2012_val_00016136.JPEG,2,0.6184059334918857,0.00035851728171110153,0.14492723778694008,0.46066145996613844,0.059844646286050955,32970
328,/home/projects/bagon/shared/imagenet512/val/n04392985/ILSVRC2012_val_00031995.JPEG,117,1.6523022149922326,0.0009934734553098679,0.0929678261168915,0.6588917893712194,0.3212711681654743,32993
329,/home/projects/bagon/shared/imagenet512/val/n04266014/ILSVRC2012_val_00027853.JPEG,2,6.91703748702821,1.9073468138230965e-06,0.242021773869051,0.9990072453270532,0.03279419660888642,33004
330,/home/projects/bagon/shared/imagenet512/val/n01530575/ILSVRC2012_val_00023698.JPEG,16,5.671582520881202,0.0009682258241809905,0.2612697531604727,0.995419761896334,0.18185032835191492,33009
331,/home/projects/bagon/shared/imagenet512/val/n04336792/ILSVRC2012_val_00013910.JPEG,2,2.79368424415577,4.768370445162873e-07,0.20138101247911114,0.938804090017461,0.119161124077356,33056
332,/home/projects/bagon/shared/imagenet512/val/n02123045/ILSVRC2012_val_00023779.JPEG,59,2.7774670894723386,0.000998832518234849,0.18711708047645775,0.9168013231613882,0.0533260064373446,33065
333,/home/projects/bagon/shared/imagenet512/val/n02481823/ILSVRC2012_val_00019335.JPEG,17,2.7627403513761237,0.0009934734553098679,0.15796480524903758,0.934428184040761,0.04898993998535807,33068
334,/home/projects/bagon/shared/imagenet512/val/n02090379/ILSVRC2012_val_00038737.JPEG,34,2.943317449768074,0.0009788251481950283,0.23705354694974357,0.8196231439016932,0.15922922090995206,33099
335,/home/projects/bagon/shared/imagenet512/val/n04270147/ILSVRC2012_val_00013086.JPEG,27,0.31622253102250397,0.0009809688199311495,0.05156378884747035,0.20349173315792143,0.05776950408304446,33151
336,/home/projects/bagon/shared/imagenet512/val/n03958227/ILSVRC2012_val_00005406.JPEG,2,2.2970379590972243,1.7881377516459906e-06,0.21854540849573856,0.8994416966231504,0.08101312831258056,33160
337,/home/projects/bagon/shared/imagenet512/val/n07760859/ILSVRC2012_val_00042440.JPEG,2,2.652763170655817,0.0009320206008851528,0.19692836659971424,0.9286538139209183,0.07091800339432124,33164
338,/home/projects/bagon/shared/imagenet512/val/n03180011/ILSVRC2012_val_00014012.JPEG,60,1.702282098471187,0.000985017861239612,0.08629942932933383,0.7752506867205737,0.16272681585219032,33191
339,/home/projects/bagon/shared/imagenet512/val/n02412080/ILSVRC2012_val_00047313.JPEG,7,7.027390714851208,0.0009814451914280653,0.3537797782343118,0.9982878173465995,0.021094070493434154,33201
340,/home/projects/bagon/shared/imagenet512/val/n07614500/ILSVRC2012_val_00046813.JPEG,3,6.439924153091852,0.00041714549297466874,0.4394459943582968,0.9860273664786855,0.0504355119527151,33206
341,/home/projects/bagon/shared/imagenet512/val/n03100240/ILSVRC2012_val_00015198.JPEG,23,0.7516361033776775,0.0009999042376875877,0.09875053681555639,0.5110748830362853,0.07815273261375821,33221
342,/home/projects/bagon/shared/imagenet512/val/n07716906/ILSVRC2012_val_00002343.JPEG,2,1.2444341180707852,2.002696055569686e-05,0.11303485227246793,0.7118703051594464,0.08502792277941769,33223
343,/home/projects/bagon/shared/imagenet512/val/n04590129/ILSVRC2012_val_00047741.JPEG,25,0.10579269891604781,0.0009646529797464609,0.020294836745493743,0.04637888349996376,0.057972107530472425,33230
344,/home/projects/bagon/shared/imagenet512/val/n03109150/ILSVRC2012_val_00008404.JPEG,2,1.3353042601502239,1.4424220353248529e-05,0.14539167027400707,0.7369036661540007,0.10631285573558719,33298
345,/home/projects/bagon/shared/imagenet512/val/n03837869/ILSVRC2012_val_00031727.JPEG,2,0.6778482794684351,3.933898824470816e-06,0.10203838980958578,0.49228567570116455,0.14294427478500807,33326
346,/home/projects/bagon/shared/imagenet512/val/n04332243/ILSVRC2012_val_00009768.JPEG,2,2.2104363440639645,1.2874520507466514e-05,0.15296175650859256,0.8903328890030955,0.052055362113125565,33357
347,/home/projects/bagon/shared/imagenet512/val/n02108915/ILSVRC2012_val_00002780.JPEG,9,5.203021621040534,0.0009757286752574146,0.1864109535324825,0.991293193640003,0.0670909058592786,33361
348,/home/projects/bagon/shared/imagenet512/val/n02002724/ILSVRC2012_val_00029692.JPEG,2,0.8738726901065093,0.00036566724884323776,0.12508009266276435,0.5821666062779113,0.23241188387127626,33368
349,/home/projects/bagon/shared/imagenet512/val/n01774750/ILSVRC2012_val_00035994.JPEG,2,3.4223734133702237,3.659658250398934e-05,0.3193605654963084,0.9673275493944834,0.1616025921618113,33374
350,/home/projects/bagon/shared/imagenet512/val/n04005630/ILSVRC2012_val_00003802.JPEG,2,0.7652700449398253,0.0001370812824461609,0.1622548719902307,0.5345918328492955,0.09605761921511517,33375
351,/home/projects/bagon/shared/imagenet512/val/n01985128/ILSVRC2012_val_00013707.JPEG,2,1.2864500387222506,0.0006753309280611575,0.10924856647664037,0.7228996441606816,0.061569169790624004,33377
352,/home/projects/bagon/shared/imagenet512/val/n02115641/ILSVRC2012_val_00019728.JPEG,2,0.36317267891718075,0.00024911639047786593,0.08214279430067678,0.30411959721403525,0.03661817865630836,33425
353,/home/projects/bagon/shared/imagenet512/val/n04604644/ILSVRC2012_val_00005645.JPEG,2,0.910194277712435,1.0132738680113107e-05,0.14627873398550745,0.5975396958865642,0.19618255647856225,33444
354,/home/projects/bagon/shared/imagenet512/val/n02437616/ILSVRC2012_val_00019696.JPEG,12,6.075820020167157,0.000985017861239612,0.1634379662026615,0.9964308540348048,0.1431743841302544,33452
355,/home/projects/bagon/shared/imagenet512/val/n02804610/ILSVRC2012_val_00004277.JPEG,2,1.8868805170036467,2.145764938177308e-06,0.16000788859221335,0.8484536535845104,0.049388132802498166,33454
356,/home/projects/bagon/shared/imagenet512/val/n04229816/ILSVRC2012_val_00048931.JPEG,9,1.1141201052814722,0.0009958551963791251,0.1432175251220549,0.6366394740364782,0.2123712897381945,33458
357,/home/projects/bagon/shared/imagenet512/val/n04037443/ILSVRC2012_val_00026947.JPEG,2,3.8699825656076428,0.00026306029758416116,0.2724314246024809,0.978883078813733,0.06534169941232591,33459
358,/home/projects/bagon/shared/imagenet512/val/n04209133/ILSVRC2012_val_00041783.JPEG,2,4.704157709697029,2.753696753643453e-05,0.19190861511024354,0.9909147523662583,0.03755249676977367,33502
359,/home/projects/bagon/shared/imagenet512/val/n03633091/ILSVRC2012_val_00034861.JPEG,2,1.5470491572486935,0.00012265883560758084,0.13831412636821927,0.7869766210009104,0.09157698423721974,33503
360,/home/projects/bagon/shared/imagenet512/val/n01784675/ILSVRC2012_val_00027076.JPEG,2,7.511605840176344,0.0009952597320079803,0.3395493261430274,0.9991454280236959,0.11287070362168691,33505
361,/home/projects/bagon/shared/imagenet512/val/n03388183/ILSVRC2012_val_00035197.JPEG,9,2.487412939197384,0.0009785869624465704,0.21969667458158054,0.9151239584832024,0.043899033559663576,33546
362,/home/projects/bagon/shared/imagenet512/val/n03902125/ILSVRC2012_val_00031979.JPEG,2,1.5785109996795583,1.1920928244535389e-07,0.18624156039451514,0.7937177791914678,0.060095470515314484,33561
363,/home/projects/bagon/shared/imagenet512/val/n02102040/ILSVRC2012_val_00023242.JPEG,2,3.78000357496785,0.0004287039046175778,0.2811863851263018,0.976746392489858,0.07525915814467679,33570
364,/home/projects/bagon/shared/imagenet512/val/n04462240/ILSVRC2012_val_00040741.JPEG,11,1.325816796394065,0.0009789442410692573,0.18555899076356966,0.7292820768748993,0.053845210515107586,33571
365,/home/projects/bagon/shared/imagenet512/val/n03250847/ILSVRC2012_val_00017119.JPEG,3,8.293368673301302,0.0002184867626056075,0.5009309029749875,0.9919883975861706,0.10887883048126991,33592
366,/home/projects/bagon/shared/imagenet512/val/n01847000/ILSVRC2012_val_00012721.JPEG,11,5.0489972905488685,0.0009581027552485466,0.2735831794715324,0.9930448548412489,0.04266129032265249,33597
367,/home/projects/bagon/shared/imagenet512/val/n04479046/ILSVRC2012_val_00030947.JPEG,4,3.0439383509219624,0.0009726322605274618,0.20404078522340915,0.9513033200164407,0.046851960833690226,33600
368,/home/projects/bagon/shared/imagenet512/val/n03124043/ILSVRC2012_val_00037391.JPEG,2,0.5625643730163574,0.0,0.11487919180958155,0.43025397054612635,0.22626286707382615,33603
369,/home/projects/bagon/shared/imagenet512/val/n04557648/ILSVRC2012_val_00040514.JPEG,11,1.8926298890728503,0.0009921634336933494,0.19511780205035376,0.846445705674072,0.23337948220909094,33627
370,/home/projects/bagon/shared/imagenet512/val/n03065424/ILSVRC2012_val_00001351.JPEG,2,3.498270615498768,0.00017510310863144696,0.2585682373774302,0.9697174760717928,0.02520958509624895,33628
371,/home/projects/bagon/shared/imagenet512/val/n02526121/ILSVRC2012_val_00005884.JPEG,15,1.2416056576184928,0.0009926398051902652,0.13247192557898363,0.7032176509987111,0.025831578764677014,33646
372,/home/projects/bagon/shared/imagenet512/val/n03461385/ILSVRC2012_val_00027864.JPEG,2,1.2007672525942326,0.00022837892174720764,0.11520999250991315,0.6987414119187788,0.12949629219630018,33655
373,/home/projects/bagon/shared/imagenet512/val/n03584829/ILSVRC2012_val_00037566.JPEG,2,0.6574981808662415,0.0,0.13167768100827174,0.48185399550399266,0.11072390121395062,33688
374,/home/projects/bagon/shared/imagenet512/val/n04266014/ILSVRC2012_val_00003073.JPEG,2,1.5160133835724992,2.4199192921514623e-05,0.14757599640098604,0.780384830250985,0.20652227859344796,33706
375,/home/projects/bagon/shared/imagenet512/val/n02493509/ILSVRC2012_val_00004398.JPEG,66,0.39825716067571193,0.0009976415894925594,0.04377395869086109,0.17081724235225149,0.13748203593892136,33709
376,/home/projects/bagon/shared/imagenet512/val/n02909870/ILSVRC2012_val_00042873.JPEG,9,6.314958189323079,0.0009087961516343057,0.18843500712648042,0.9973339543007279,0.12160241755580962,33743
377,/home/projects/bagon/shared/imagenet512/val/n03018349/ILSVRC2012_val_00049118.JPEG,2,3.365176507504657,0.00031931069679558277,0.2044441082030554,0.9651207729080763,0.056329831310131105,33746
378,/home/projects/bagon/shared/imagenet512/val/n03803284/ILSVRC2012_val_00003346.JPEG,3,7.973972320556584,3.576278118089249e-07,0.3006671647911305,0.9993058906217958,0.09751824240769238,33772
379,/home/projects/bagon/shared/imagenet512/val/n01744401/ILSVRC2012_val_00002645.JPEG,22,1.0924483144190162,0.0009801351698115468,0.10680565715197865,0.6514010285042827,0.15310234915249918,33780
380,/home/projects/bagon/shared/imagenet512/val/n01685808/ILSVRC2012_val_00008807.JPEG,6,22.988466501235962,0.0,0.9607113199203516,0.9957547965146927,0.12166639386946643,33817
381,/home/projects/bagon/shared/imagenet512/val/n02071294/ILSVRC2012_val_00033565.JPEG,3,2.6328479647636414,0.0,0.40781141995192577,0.889925662390358,0.12394450972761599,33821
382,/home/projects/bagon/shared/imagenet512/val/n03476991/ILSVRC2012_val_00015961.JPEG,20,2.839475385728292,0.000993711524643004,0.1666960740339233,0.937381875365394,0.019885310678382635,33848
383,/home/projects/bagon/shared/imagenet512/val/n04591157/ILSVRC2012_val_00001655.JPEG,2,0.34040895104317315,1.311301275563892e-06,0.07893964111794818,0.28851852382947474,0.08199010596680315,33849
384,/home/projects/bagon/shared/imagenet512/val/n01443537/ILSVRC2012_val_00037846.JPEG,2,0.939788281917572,0.0,0.2001205715053016,0.60928944409027,0.14145197906612084,33866
385,/home/projects/bagon/shared/imagenet512/val/n03584829/ILSVRC2012_val_00004286.JPEG,2,2.8537290096282675,2.3841855067985307e-07,0.21261889661818698,0.9423706707506271,0.04383530425213902,33890
386,/home/projects/bagon/shared/imagenet512/val/n04074963/ILSVRC2012_val_00034680.JPEG,2,4.281574248801917,3.0517112463712692e-05,0.21003211489500756,0.9861481699528777,0.042415058244243686,33892
387,/home/projects/bagon/shared/imagenet512/val/n03908714/ILSVRC2012_val_00028958.JPEG,2,2.7871981838106876,6.496695277746767e-05,0.2182958081466137,0.938337761653167,0.05886205513393442,33934
388,/home/projects/bagon/shared/imagenet512/val/n03000247/ILSVRC2012_val_00007799.JPEG,2,1.903111219406071,3.576278118089249e-07,0.1429607809806737,0.8508955928951435,0.026641343527109354,33944
389,/home/projects/bagon/shared/imagenet512/val/n07716906/ILSVRC2012_val_00000461.JPEG,2,1.9070938819459116,3.504691630951129e-05,0.2133012315988789,0.851448516754381,0.08383968830892947,34000
390,/home/projects/bagon/shared/imagenet512/val/n03803284/ILSVRC2012_val_00032681.JPEG,2,1.5666179656982422,0.0,0.20009772414711424,0.7912499911850254,0.06950782820431971,34007
391,/home/projects/bagon/shared/imagenet512/val/n04371430/ILSVRC2012_val_00029540.JPEG,3,3.4170372430962743,0.00010501786891836673,0.36863934674660226,0.8749810908429918,0.1289183825810672,34041
392,/home/projects/bagon/shared/imagenet512/val/n02100236/ILSVRC2012_val_00004477.JPEG,2,1.3365051745859091,1.0132738680113107e-05,0.24494314625000402,0.737224771306227,0.05236487746443619,34063
393,/home/projects/bagon/shared/imagenet512/val/n03706229/ILSVRC2012_val_00036804.JPEG,2,1.7655720188922714,0.00032300499151460826,0.19303985578664432,0.8287901737882195,0.11256525926383833,34133
394,/home/projects/bagon/shared/imagenet512/val/n04483307/ILSVRC2012_val_00035056.JPEG,27,0.8961362435948104,0.000998832518234849,0.06823618001042484,0.576676798559423,0.1460638294948988,34141
395,/home/projects/bagon/shared/imagenet512/val/n03720891/ILSVRC2012_val_00011961.JPEG,9,2.1165350428782403,0.0009650102583691478,0.22208636810992036,0.8770752743262553,0.06940787212350177,34144
396,/home/projects/bagon/shared/imagenet512/val/n02823428/ILSVRC2012_val_00032921.JPEG,28,2.4526461510686204,0.0009831124916672707,0.11928270460609372,0.9086590071668799,0.15325256302614634,34160
397,/home/projects/bagon/shared/imagenet512/val/n02093859/ILSVRC2012_val_00039960.JPEG,2,0.7866644302848727,0.000840906286612153,0.10997769452774556,0.5440540042667045,0.3177786835516618,34175
398,/home/projects/bagon/shared/imagenet512/val/n02106030/ILSVRC2012_val_00024292.JPEG,2,1.2886605584062636,0.0004172646440565586,0.09570805566324467,0.7240647778345403,0.01800395859248128,34186
399,/home/projects/bagon/shared/imagenet512/val/n03970156/ILSVRC2012_val_00046038.JPEG,2,2.3210458755493164,0.0,0.21362204136343052,0.9018290734454735,0.12275691155400069,34201
400,/home/projects/bagon/shared/imagenet512/val/n02190166/ILSVRC2012_val_00011393.JPEG,2,4.882313458278077,0.00025149996508844197,0.2635564833653116,0.9922683317588398,0.1536672150871686,34202
401,/home/projects/bagon/shared/imagenet512/val/n03838899/ILSVRC2012_val_00010699.JPEG,24,1.1852974774083123,0.0009790633339434862,0.12197509978099455,0.6803042353553611,0.06101203433447987,34208
402,/home/projects/bagon/shared/imagenet512/val/n02100735/ILSVRC2012_val_00036817.JPEG,2,3.539449334144585,1.1920928244535389e-07,0.25407621766691313,0.9709705330192571,0.01744990533391355,34213
403,/home/projects/bagon/shared/imagenet512/val/n01689811/ILSVRC2012_val_00047301.JPEG,7,2.333641199977137,0.0009857324184849858,0.20375557592809893,0.9014655634905501,0.040286077831365015,34239
404,/home/projects/bagon/shared/imagenet512/val/n03384352/ILSVRC2012_val_00006365.JPEG,2,0.7623223065338607,1.4066597032069694e-05,0.12702078929196556,0.5333977699206219,0.1350217519248193,34279
405,/home/projects/bagon/shared/imagenet512/val/n02090622/ILSVRC2012_val_00036266.JPEG,9,3.9132599058793858,0.0009788251481950283,0.23339885936950486,0.9789607206316512,0.04980491550642541,34289
406,/home/projects/bagon/shared/imagenet512/val/n03538406/ILSVRC2012_val_00042040.JPEG,3,1.8861075937747955,0.0,0.2587089067818416,0.7983705674733859,0.08092981323760565,34307
407,/home/projects/bagon/shared/imagenet512/val/n03777754/ILSVRC2012_val_00002292.JPEG,2,2.5490529855596833,0.00041797960875555873,0.14833735161102785,0.9214030675771103,0.05834832536132599,34309
408,/home/projects/bagon/shared/imagenet512/val/n03995372/ILSVRC2012_val_00005380.JPEG,4,11.952975630598303,1.8000440832111053e-05,0.7344682297926153,0.9651624236744158,0.34131562529974696,34339
409,/home/projects/bagon/shared/imagenet512/val/n02321529/ILSVRC2012_val_00005880.JPEG,8,2.156349958386272,0.0009777533123269677,0.24952112112103744,0.8823733219309272,0.09495134786643555,34344
410,/home/projects/bagon/shared/imagenet512/val/n03759954/ILSVRC2012_val_00002964.JPEG,15,3.681673188460991,0.0009766814764589071,0.15829114699456026,0.9734469431062946,0.0654161634096948,34381
411,/home/projects/bagon/shared/imagenet512/val/n02120505/ILSVRC2012_val_00043662.JPEG,2,3.949972865440941,7.10462118149735e-05,0.23742731122623384,0.980689551751791,0.0686781619572409,34382
412,/home/projects/bagon/shared/imagenet512/val/n02808440/ILSVRC2012_val_00048839.JPEG,89,0.7453560914145783,0.0009891861118376255,0.06204622561242656,0.34087892894401106,0.16067643420643857,34387
413,/home/projects/bagon/shared/imagenet512/val/n04264628/ILSVRC2012_val_00043621.JPEG,112,1.0428033359348774,0.0009922825265675783,0.07420932096683344,0.45040089895647956,0.23954058752736718,34390
414,/home/projects/bagon/shared/imagenet512/val/n02219486/ILSVRC2012_val_00020792.JPEG,3,10.014903783774116,6.9141146923357155e-06,0.6238379767314208,0.9677728015696585,0.13369443945822523,34444
415,/home/projects/bagon/shared/imagenet512/val/n03452741/ILSVRC2012_val_00039714.JPEG,2,2.4652444123657915,1.0609570381348021e-05,0.2972540678008961,0.9150004324889619,0.07462102292647546,34465
416,/home/projects/bagon/shared/imagenet512/val/n07717410/ILSVRC2012_val_00033494.JPEG,2,5.568091510958766,3.9219088648678735e-05,0.3775762435303068,0.9961429969059549,0.1601213838458107,34495
417,/home/projects/bagon/shared/imagenet512/val/n03666591/ILSVRC2012_val_00009162.JPEG,24,4.132727976306342,0.000966915744356811,0.21808378875767298,0.9818626113547165,0.10497102814001856,34523
418,/home/projects/bagon/shared/imagenet512/val/n03961711/ILSVRC2012_val_00009867.JPEG,2,3.0255876779552864,8.344646857949556e-07,0.2559974872659879,0.9514697744255691,0.03698760143009458,34579
419,/home/projects/bagon/shared/imagenet512/val/n02493509/ILSVRC2012_val_00019260.JPEG,12,2.169311752426438,0.0009776342194527388,0.15857350405776788,0.8833248738019441,0.03148368508886905,34613
420,/home/projects/bagon/shared/imagenet512/val/n01664065/ILSVRC2012_val_00043247.JPEG,30,3.774073554901406,0.0009900197619572282,0.2230473796416326,0.9741319064844516,0.06835486878873423,34647
421,/home/projects/bagon/shared/imagenet512/val/n04254120/ILSVRC2012_val_00026315.JPEG,2,6.918830871581008,1.4305104514278355e-06,0.3086832264811319,0.99900977723927,0.15116958949216094,34661
422,/home/projects/bagon/shared/imagenet512/val/n04141975/ILSVRC2012_val_00048812.JPEG,2,3.36857438087452,4.768370445162873e-07,0.1930188787119222,0.9655606940730538,0.09558896658517234,34664
423,/home/projects/bagon/shared/imagenet512/val/n04485082/ILSVRC2012_val_00049728.JPEG,2,3.2814241296146065,0.00026520551182329655,0.24120562138476406,0.9621683640888533,0.04339249085076993,34665
424,/home/projects/bagon/shared/imagenet512/val/n02492035/ILSVRC2012_val_00037693.JPEG,15,5.2514090776094235,0.0009553635609336197,0.21809263715171787,0.9939488815786052,0.05759181223681161,34666
425,/home/projects/bagon/shared/imagenet512/val/n07717556/ILSVRC2012_val_00023060.JPEG,2,0.5721067189433597,1.2159273865108844e-05,0.1446183907298789,0.43564569148069365,0.06917943997149409,34672
426,/home/projects/bagon/shared/imagenet512/val/n03950228/ILSVRC2012_val_00016358.JPEG,34,3.6984977768734097,0.000998594332486391,0.23365509289054603,0.972058996346871,0.05072386387171838,34676
427,/home/projects/bagon/shared/imagenet512/val/n02100583/ILSVRC2012_val_00018982.JPEG,29,2.0023282635957003,0.0009964506607502699,0.2892771098916482,0.8336082825437272,0.21465947841239458,34689
428,/home/projects/bagon/shared/imagenet512/val/n04550184/ILSVRC2012_val_00033165.JPEG,13,1.7170207244926132,0.0009590555564500391,0.1786684099822662,0.8146670106106886,0.23134290577995711,34707
429,/home/projects/bagon/shared/imagenet512/val/n01667778/ILSVRC2012_val_00022350.JPEG,27,1.4439445219468325,0.000982278841547668,0.17535268509682095,0.7478601357654876,0.07583858324861531,34708
430,/home/projects/bagon/shared/imagenet512/val/n03950228/ILSVRC2012_val_00016920.JPEG,64,0.7184327384456992,0.0009927588980644941,0.0641341643274472,0.39274780982620344,0.18442317150735396,34714
431,/home/projects/bagon/shared/imagenet512/val/n03384352/ILSVRC2012_val_00042081.JPEG,2,0.3143380569490546,5.066266385256313e-05,0.060927838577171746,0.2696402301517575,0.08645496059950099,34729
432,/home/projects/bagon/shared/imagenet512/val/n02174001/ILSVRC2012_val_00032303.JPEG,2,1.3921078980783932,0.0006076634745113552,0.15012397869778965,0.7508888197005068,0.18245396500644248,34735
433,/home/projects/bagon/shared/imagenet512/val/n04252225/ILSVRC2012_val_00031447.JPEG,2,4.672607421849534,7.152531907195225e-06,0.22158192934606832,0.9906448561313466,0.04055750041495351,34751
434,/home/projects/bagon/shared/imagenet512/val/n03720891/ILSVRC2012_val_00016055.JPEG,2,3.258139133453369,0.0,0.22505523954320955,0.961540031170774,0.02731766271984324,34778
435,/home/projects/bagon/shared/imagenet512/val/n03384352/ILSVRC2012_val_00016235.JPEG,4,32.76266860961914,0.0,0.8197877113724467,0.997682703587197,0.374251786639281,34783
436,/home/projects/bagon/shared/imagenet512/val/n02825657/ILSVRC2012_val_00018146.JPEG,2,2.2457475487608463,0.00018690270371735096,0.1388989840226894,0.8939474253087395,0.10542518850602148,34790
437,/home/projects/bagon/shared/imagenet512/val/n03838899/ILSVRC2012_val_00003708.JPEG,13,11.934074000630062,0.000971917703282088,0.4834345657729893,0.9999652738066233,0.13075201681455284,34902
438,/home/projects/bagon/shared/imagenet512/val/n03125729/ILSVRC2012_val_00003614.JPEG,27,1.0519915682380088,0.0009754904895089567,0.10568904994172457,0.6196149466759905,0.03373493237897652,34929
439,/home/projects/bagon/shared/imagenet512/val/n03983396/ILSVRC2012_val_00035504.JPEG,2,1.8267064010869944,0.00012933371181134135,0.14461474485535583,0.8389077159262921,0.04270068840884283,34942
440,/home/projects/bagon/shared/imagenet512/val/n02783161/ILSVRC2012_val_00036777.JPEG,8,3.6273180824355222,0.000959412835072726,0.24653367325649175,0.9722976692384212,0.10412389222097126,34964
441,/home/projects/bagon/shared/imagenet512/val/n03764736/ILSVRC2012_val_00047798.JPEG,2,2.7338662147521973,0.0,0.23442510353333498,0.9350322924198184,0.1213712331148904,34965
442,/home/projects/bagon/shared/imagenet512/val/n03602883/ILSVRC2012_val_00023768.JPEG,2,0.29830276958455215,1.2397689715726301e-05,0.06137996120452529,0.25790165457315,0.13751898001691076,34972
443,/home/projects/bagon/shared/imagenet512/val/n01930112/ILSVRC2012_val_00038062.JPEG,3,3.810009896516931,2.1815061700181104e-05,0.32480059743786166,0.9769483592289105,0.0377857627025981,34975
444,/home/projects/bagon/shared/imagenet512/val/n03065424/ILSVRC2012_val_00049276.JPEG,2,1.398661494255066,0.0,0.18726237395734455,0.7530727043748756,0.04660259456337335,34980
445,/home/projects/bagon/shared/imagenet512/val/n03782006/ILSVRC2012_val_00035743.JPEG,71,1.0521533823339269,0.0009983561467379332,0.0893566397382854,0.5509113269980626,0.05216731410115642,34989
446,/home/projects/bagon/shared/imagenet512/val/n03047690/ILSVRC2012_val_00014595.JPEG,2,0.8992369174957275,0.0,0.13968526574011655,0.5931198374477803,0.049120441348993,35022
447,/home/projects/bagon/shared/imagenet512/val/n04086273/ILSVRC2012_val_00007967.JPEG,2,1.0360990762687834,2.145764938177308e-06,0.12754775215274688,0.6451608700140536,0.06218587717620119,35042
448,/home/projects/bagon/shared/imagenet512/val/n03394916/ILSVRC2012_val_00042707.JPEG,3,1.379738395276945,0.0009176096064038575,0.24615170187047314,0.7477408148706337,0.04149680277542604,35122
449,/home/projects/bagon/shared/imagenet512/val/n03630383/ILSVRC2012_val_00007703.JPEG,6,3.5495497176307254,0.0009603655780665576,0.28210304404427833,0.9702284921916676,0.20590563504042142,35137
450,/home/projects/bagon/shared/imagenet512/val/n02951585/ILSVRC2012_val_00023278.JPEG,3,2.578052922950519,1.6331539882230572e-05,0.19638690531756925,0.9062476693298469,0.046055986591801566,35149
451,/home/projects/bagon/shared/imagenet512/val/n02097047/ILSVRC2012_val_00048183.JPEG,56,2.302530166809447,0.0009891861118376255,0.21617259306862402,0.864712961510175,0.19222832994814076,35164
452,/home/projects/bagon/shared/imagenet512/val/n02442845/ILSVRC2012_val_00027304.JPEG,2,0.9741415923344903,0.0008519833791069686,0.13011672729315638,0.6214147480784781,0.17883696287628204,35230
453,/home/projects/bagon/shared/imagenet512/val/n02236044/ILSVRC2012_val_00015818.JPEG,4,7.541272912168552,3.4570634852570947e-06,0.3794391819126974,0.9839937045414264,0.10734533176670019,35243
454,/home/projects/bagon/shared/imagenet512/val/n02090379/ILSVRC2012_val_00026736.JPEG,29,1.8710580935003236,0.00099323526956141,0.12371286983165541,0.8329940330483196,0.11418855283078584,35260
455,/home/projects/bagon/shared/imagenet512/val/n07697537/ILSVRC2012_val_00030973.JPEG,3,1.0664761699736118,0.0,0.15370355229103272,0.6441698625595056,0.08069484385245501,35306
456,/home/projects/bagon/shared/imagenet512/val/n03041632/ILSVRC2012_val_00022700.JPEG,2,3.8268692493436447,7.152555099310121e-07,0.33463765040715177,0.9782214795726508,0.13884906596324476,35315
457,/home/projects/bagon/shared/imagenet512/val/n04033995/ILSVRC2012_val_00016045.JPEG,2,1.6202157934894785,0.0004456242313608527,0.190619099707232,0.8016209901110508,0.16703208619079013,35319
458,/home/projects/bagon/shared/imagenet512/val/n03937543/ILSVRC2012_val_00030685.JPEG,3,9.037362575531006,0.0,0.5146685539099414,0.9985042856877543,0.19305825566208396,35328
459,/home/projects/bagon/shared/imagenet512/val/n02229544/ILSVRC2012_val_00001873.JPEG,2,0.38190307741751894,0.0004338276921771467,0.04868645280277688,0.31671423698809803,0.048049576879518954,35336
460,/home/projects/bagon/shared/imagenet512/val/n01697457/ILSVRC2012_val_00035286.JPEG,4,6.007301374935196,2.586808113846928e-05,0.20886241695456878,0.9706515210844221,0.1256375917049508,35339
461,/home/projects/bagon/shared/imagenet512/val/n01697457/ILSVRC2012_val_00044589.JPEG,3,1.3116118608913894,1.4066597032069694e-05,0.16374846256955694,0.6850683987691342,0.04687427053047,35344
462,/home/projects/bagon/shared/imagenet512/val/n04330267/ILSVRC2012_val_00016412.JPEG,10,4.217090653080959,0.000959412835072726,0.27303922683566273,0.984082823350233,0.05152088306748971,35358
463,/home/projects/bagon/shared/imagenet512/val/n02280649/ILSVRC2012_val_00020691.JPEG,2,2.093517899512676,1.0728830375228426e-06,0.2753288339011232,0.8767459775776425,0.04892497864434442,35362
464,/home/projects/bagon/shared/imagenet512/val/n02134084/ILSVRC2012_val_00042273.JPEG,3,4.5742227435112,0.0,0.3827019023993046,0.9797737887636434,0.12722825157844098,35369
465,/home/projects/bagon/shared/imagenet512/val/n03759954/ILSVRC2012_val_00020138.JPEG,3,3.5655411445186473,0.0005788319394923747,0.224363735719961,0.9671123876371412,0.039221296262040135,35392
466,/home/projects/bagon/shared/imagenet512/val/n03127925/ILSVRC2012_val_00046487.JPEG,2,1.0965549921165803,7.021180499577895e-05,0.17965251363141885,0.6658873828791985,0.05781963590112489,35394
467,/home/projects/bagon/shared/imagenet512/val/n04584207/ILSVRC2012_val_00024127.JPEG,2,3.288329719700414,3.9934315282152966e-05,0.1805493582656016,0.9626425449784691,0.05730405423300935,35402
468,/home/projects/bagon/shared/imagenet512/val/n01644900/ILSVRC2012_val_00005768.JPEG,2,0.47200185945257545,0.0005830018781125546,0.07785562716080048,0.3753113532136873,0.06164003592897209,35418
469,/home/projects/bagon/shared/imagenet512/val/n04371774/ILSVRC2012_val_00029139.JPEG,3,1.7150064557790756,0.0,0.37498488910682803,0.8086151467488993,0.25861472497926474,35423
470,/home/projects/bagon/shared/imagenet512/val/n04479046/ILSVRC2012_val_00000291.JPEG,2,1.0477905273378383,3.4570634852570947e-06,0.12418209229074555,0.649283454419522,0.04555142728621683,35427
471,/home/projects/bagon/shared/imagenet512/val/n02493509/ILSVRC2012_val_00038538.JPEG,10,2.3029198171570897,0.0009665584657341242,0.17366845263478362,0.8955834749266357,0.04185117662445383,35436
472,/home/projects/bagon/shared/imagenet512/val/n03417042/ILSVRC2012_val_00046913.JPEG,2,3.2714431285858154,0.0,0.2341660132116122,0.9620483602267245,0.09658594593588188,35459
473,/home/projects/bagon/shared/imagenet512/val/n02107312/ILSVRC2012_val_00004386.JPEG,3,1.216974625873263,0.0001998939987970516,0.16365798869745748,0.6443138948708916,0.06250976092872036,35461
474,/home/projects/bagon/shared/imagenet512/val/n02676566/ILSVRC2012_val_00013648.JPEG,4,6.549851059648063,2.3007127310847864e-05,0.5334435762611915,0.8505304260543496,0.15175926925405714,35464
475,/home/projects/bagon/shared/imagenet512/val/n02869837/ILSVRC2012_val_00014554.JPEG,2,0.8061740398197799,6.437280717364047e-06,0.10944359288546944,0.5534272880053199,0.16788504046994396,35470
476,/home/projects/bagon/shared/imagenet512/val/n02356798/ILSVRC2012_val_00028178.JPEG,2,0.6923795938282638,6.437280717364047e-06,0.13284436430332222,0.499606384748025,0.18389163609809603,35491
477,/home/projects/bagon/shared/imagenet512/val/n03888605/ILSVRC2012_val_00027466.JPEG,30,3.439784094807692,0.0009941878961399198,0.37652470286064094,0.9645453966885768,0.13870644225684803,35499
478,/home/projects/bagon/shared/imagenet512/val/n03743016/ILSVRC2012_val_00018889.JPEG,2,1.5890396833418095,5.960462772236497e-07,0.21100252423040783,0.795877770448586,0.03458442480065076,35525
479,/home/projects/bagon/shared/imagenet512/val/n03796401/ILSVRC2012_val_00009793.JPEG,3,1.404540896823164,0.0009211826254613698,0.17272948034489388,0.753205761614896,0.02556631240094391,35540
480,/home/projects/bagon/shared/imagenet512/val/n03045698/ILSVRC2012_val_00008980.JPEG,20,0.7720402420964092,0.0009585791267454624,0.08264535471369983,0.5125097620196971,0.06962252241806575,35553
481,/home/projects/bagon/shared/imagenet512/val/n02085782/ILSVRC2012_val_00025437.JPEG,18,0.500948304659687,0.0009901388548314571,0.07432121922755108,0.3507428348476896,0.2114265192929015,35566
482,/home/projects/bagon/shared/imagenet512/val/n03450230/ILSVRC2012_val_00026729.JPEG,33,1.3913880428881384,0.0009725131676532328,0.13623470310751334,0.7174271876142184,0.07485683969086461,35571
483,/home/projects/bagon/shared/imagenet512/val/n03598930/ILSVRC2012_val_00017750.JPEG,2,3.965449571609497,0.0,0.22797228984537646,0.9810404901428205,0.25265877912572954,35586
484,/home/projects/bagon/shared/imagenet512/val/n01443537/ILSVRC2012_val_00012880.JPEG,2,3.476740240566869,3.111314072157256e-05,0.28919895083232944,0.9690603629645891,0.2676856687795757,35595
485,/home/projects/bagon/shared/imagenet512/val/n02326432/ILSVRC2012_val_00035418.JPEG,4,15.272858619689828,4.768370445162873e-07,0.7352281510842434,0.9968557380815011,0.25755779869602713,35599
486,/home/projects/bagon/shared/imagenet512/val/n04350905/ILSVRC2012_val_00007191.JPEG,2,3.142846320901299,0.0002236116270069033,0.18174117076223031,0.956608013870025,0.09799157817750612,35605
487,/home/projects/bagon/shared/imagenet512/val/n03706229/ILSVRC2012_val_00026671.JPEG,2,1.1099216938018799,0.0,0.1563944414226194,0.6704152525811498,0.017869334115376286,35628
488,/home/projects/bagon/shared/imagenet512/val/n06794110/ILSVRC2012_val_00033131.JPEG,2,4.198289348976687,0.0003013156820088625,0.2830594854280103,0.9846775375538612,0.1933836462618282,35632
489,/home/projects/bagon/shared/imagenet512/val/n07836838/ILSVRC2012_val_00043091.JPEG,3,5.975565745698987,3.814624506048858e-05,0.3770015654407727,0.9970830328612368,0.1761710737824183,35633
490,/home/projects/bagon/shared/imagenet512/val/n04532670/ILSVRC2012_val_00022338.JPEG,2,2.2240602968158782,1.9788545614574105e-05,0.3015500501387265,0.8918091033629739,0.08460224683420466,35634
491,/home/projects/bagon/shared/imagenet512/val/n04252225/ILSVRC2012_val_00001533.JPEG,10,3.957934465201106,0.0009717986104078591,0.31226645373465556,0.9797832892207605,0.16600304065039445,35655
492,/home/projects/bagon/shared/imagenet512/val/n03207941/ILSVRC2012_val_00018499.JPEG,2,2.1919431686401367,0.0,0.21097398496986774,0.8883005126266533,0.06619928169683445,35658
493,/home/projects/bagon/shared/imagenet512/val/n02484975/ILSVRC2012_val_00027443.JPEG,2,1.9400226986181224,0.00012933371181134135,0.1797135686090352,0.856165657243837,0.1653569088491977,35659
494,/home/projects/bagon/shared/imagenet512/val/n04550184/ILSVRC2012_val_00005087.JPEG,2,0.05430902284570038,0.0008398343343287706,0.0155688063591672,0.05127313064248997,0.11573765405925254,35685
495,/home/projects/bagon/shared/imagenet512/val/n04589890/ILSVRC2012_val_00041475.JPEG,2,3.0195469856262207,0.0,0.3192356028892113,0.9511766686471709,0.048951149480586334,35694
496,/home/projects/bagon/shared/imagenet512/val/n01910747/ILSVRC2012_val_00011383.JPEG,3,3.7517791427633256,2.7418097943154862e-06,0.28695517812750027,0.9751973343163935,0.08969105953593651,35702
497,/home/projects/bagon/shared/imagenet512/val/n02099601/ILSVRC2012_val_00049855.JPEG,3,2.362137097516097,0.0005665604257956147,0.21495525473331584,0.8217508296891783,0.05382112529979675,35724
498,/home/projects/bagon/shared/imagenet512/val/n02817516/ILSVRC2012_val_00011747.JPEG,2,1.2906948327913597,4.529942543740617e-06,0.36877211136702726,0.7249178189946441,0.1876779966638985,35725
499,/home/projects/bagon/shared/imagenet512/val/n03876231/ILSVRC2012_val_00049520.JPEG,7,1.7603319829213433,0.0009104635682888329,0.22683614461454904,0.8248943414571223,0.12172193685362817,35734
500,/home/projects/bagon/shared/imagenet512/val/n04592741/ILSVRC2012_val_00029165.JPEG,2,0.8091789287718711,0.00019810620869975537,0.07486642075906051,0.5544933289445437,0.14736331284868873,35735
501,/home/projects/bagon/shared/imagenet512/val/n03017168/ILSVRC2012_val_00038950.JPEG,2,0.5884026881558384,2.634490556374658e-05,0.09217477929147465,0.4447455660897057,0.055634131396276855,35738
502,/home/projects/bagon/shared/imagenet512/val/n03376595/ILSVRC2012_val_00040795.JPEG,13,4.867959990457166,0.0009392855572514236,0.21464577798362172,0.9913283777479798,0.18965350310024182,35759
503,/home/projects/bagon/shared/imagenet512/val/n02787622/ILSVRC2012_val_00000315.JPEG,36,2.5596247426001355,0.00099871342536062,0.21302389734080898,0.9102950779295671,0.41550377844542585,35760
504,/home/projects/bagon/shared/imagenet512/val/n04507155/ILSVRC2012_val_00005226.JPEG,3,11.443300724028177,1.6689286894688848e-06,0.3432648879356751,0.9998824032104149,0.054302039211671885,35781
505,/home/projects/bagon/shared/imagenet512/val/n03792782/ILSVRC2012_val_00027449.JPEG,2,4.253445147016464,5.3881147323409095e-05,0.23446226386365762,0.9857317466923624,0.10030314264246254,35811
506,/home/projects/bagon/shared/imagenet512/val/n03146219/ILSVRC2012_val_00026460.JPEG,57,4.235587915638462,0.0009946642676368356,0.4221285344626396,0.9733853280203144,0.26488279820688954,35812
507,/home/projects/bagon/shared/imagenet512/val/n01737021/ILSVRC2012_val_00043245.JPEG,3,2.0554515016265213,0.0006544832140207291,0.21065229010102915,0.8706426694684561,0.23567155774856838,35822
508,/home/projects/bagon/shared/imagenet512/val/n02090622/ILSVRC2012_val_00033904.JPEG,2,5.748379484284669,0.0006678258068859577,0.28337406584175623,0.9965363964965779,0.0740237567781185,35841
509,/home/projects/bagon/shared/imagenet512/val/n07614500/ILSVRC2012_val_00047647.JPEG,30,2.55960277619306,0.0009779914980754256,0.16461308249281043,0.90967439944347,0.13394144937284036,35848
510,/home/projects/bagon/shared/imagenet512/val/n03594945/ILSVRC2012_val_00014198.JPEG,2,2.3912001848220754,1.1920928244535389e-07,0.3050456248430745,0.9084800955899018,0.13374641185193814,35850
511,/home/projects/bagon/shared/imagenet512/val/n01796340/ILSVRC2012_val_00015815.JPEG,2,4.531759968522238,0.00013279033009894192,0.36341355832654965,0.9891137523903416,0.2584772688261973,35875
512,/home/projects/bagon/shared/imagenet512/val/n02640242/ILSVRC2012_val_00035871.JPEG,2,0.47724813183049264,2.825220326485578e-05,0.08265056134487715,0.3794658530884942,0.08951031423368924,35885
513,/home/projects/bagon/shared/imagenet512/val/n02877765/ILSVRC2012_val_00031839.JPEG,2,3.199451208096889,5.960446742392378e-06,0.2504493112863159,0.9592091498181913,0.14076918432687502,35906
514,/home/projects/bagon/shared/imagenet512/val/n04286575/ILSVRC2012_val_00043490.JPEG,6,0.6185666649253108,0.0009152276325039566,0.11429061840673291,0.4527801174008418,0.02756115124815667,35910
515,/home/projects/bagon/shared/imagenet512/val/n04090263/ILSVRC2012_val_00013742.JPEG,3,9.048247984974296,0.00012659224739763886,0.41419590292039193,0.9995936795542282,0.04216601272030127,35931
516,/home/projects/bagon/shared/imagenet512/val/n02099429/ILSVRC2012_val_00028050.JPEG,3,3.4049337682081386,0.0008245882345363498,0.22689764055418102,0.9509914799969644,0.09585130799214145,35938
517,/home/projects/bagon/shared/imagenet512/val/n03902125/ILSVRC2012_val_00033992.JPEG,2,3.6218411922145606,7.867782187531702e-06,0.2547617208032722,0.9732586109647556,0.08014114723566215,35944
518,/home/projects/bagon/shared/imagenet512/val/n02999410/ILSVRC2012_val_00048603.JPEG,2,2.911283010500483,0.00010680581908673048,0.21555123828965678,0.9454824447071202,0.07342187309906575,35953
519,/home/projects/bagon/shared/imagenet512/val/n03617480/ILSVRC2012_val_00029199.JPEG,2,3.6653456687927246,0.0,0.21437351441144178,0.9744046731358347,0.19863742965386086,35960
520,/home/projects/bagon/shared/imagenet512/val/n04263257/ILSVRC2012_val_00001790.JPEG,39,1.845985238905996,0.0009775151265785098,0.12692730346268744,0.819339782412848,0.03756357499306478,35963
521,/home/projects/bagon/shared/imagenet512/val/n03983396/ILSVRC2012_val_00007141.JPEG,2,0.9177308726066258,0.00033122775494121015,0.12124423359975754,0.6001953333987657,0.038679548893942234,35972
522,/home/projects/bagon/shared/imagenet512/val/n03388549/ILSVRC2012_val_00025614.JPEG,2,0.12612408655695617,0.000686767278239131,0.027988326665108657,0.11722142445280243,0.3075120644176983,35990
523,/home/projects/bagon/shared/imagenet512/val/n02091134/ILSVRC2012_val_00001846.JPEG,36,2.5732694333419204,0.0009943069890141487,0.1906036194101587,0.9043370405081768,0.18660758853005766,35996
524,/home/projects/bagon/shared/imagenet512/val/n07836838/ILSVRC2012_val_00049163.JPEG,2,2.94386601442784,1.0251946150674485e-05,0.22830729474237482,0.9473274116390914,0.10570998328769642,36000
525,/home/projects/bagon/shared/imagenet512/val/n03874599/ILSVRC2012_val_00030079.JPEG,19,5.993697936122771,0.0009715604246594012,0.2660587618156875,0.9964489783239111,0.12189099558478819,36017
526,/home/projects/bagon/shared/imagenet512/val/n02797295/ILSVRC2012_val_00019923.JPEG,20,6.055506747507025,0.0009713222389109433,0.19374129799677578,0.9966123044118159,0.051261402749693596,36044
527,/home/projects/bagon/shared/imagenet512/val/n07615774/ILSVRC2012_val_00015454.JPEG,2,2.934669613836604,1.7881377516459906e-06,0.17364789428991645,0.946849799842588,0.10721456179318493,36047
528,/home/projects/bagon/shared/imagenet512/val/n04074963/ILSVRC2012_val_00027243.JPEG,13,4.159509728197008,0.0009991897968575358,0.1974182591739971,0.9831580792470035,0.03715917103308292,36048
529,/home/projects/bagon/shared/imagenet512/val/n03063599/ILSVRC2012_val_00028344.JPEG,16,1.8393273539259098,0.0009681067313067615,0.15665556978768758,0.8362598658760536,0.06804920774612487,36058
530,/home/projects/bagon/shared/imagenet512/val/n03781244/ILSVRC2012_val_00022483.JPEG,44,2.987559800851159,0.0009926398051902652,0.1200395979699106,0.9344930098755142,0.06697602551627202,36068
531,/home/projects/bagon/shared/imagenet512/val/n02640242/ILSVRC2012_val_00027400.JPEG,2,1.2533967637573369,0.0006694936309941113,0.11193781901280779,0.7136263666235236,0.10222546508659172,36090
532,/home/projects/bagon/shared/imagenet512/val/n03995372/ILSVRC2012_val_00041019.JPEG,24,7.960869798378553,0.0009765623253770173,0.30083737173881,0.9989527343608969,0.1930872921098244,36091
533,/home/projects/bagon/shared/imagenet512/val/n01704323/ILSVRC2012_val_00010602.JPEG,5,4.517190424026921,0.0009189196862280369,0.24184301885055712,0.9886432729450915,0.07253882070342174,36103
534,/home/projects/bagon/shared/imagenet512/val/n03690938/ILSVRC2012_val_00035370.JPEG,6,2.777212275424972,0.000982397934421897,0.18237961328348193,0.724712783727357,0.10918184625427106,36112
535,/home/projects/bagon/shared/imagenet512/val/n03970156/ILSVRC2012_val_00028223.JPEG,2,2.4923603534698486,0.0,0.23812421240511633,0.9172854956303763,0.08565150184754894,36118
536,/home/projects/bagon/shared/imagenet512/val/n04039381/ILSVRC2012_val_00026952.JPEG,2,2.8073965311049847,3.576278118089249e-07,0.23380944553193167,0.9396376019477758,0.05280035087769274,36125
537,/home/projects/bagon/shared/imagenet512/val/n02114855/ILSVRC2012_val_00026228.JPEG,2,1.0348207223287318,0.0003813969960901886,0.12069735624627959,0.6441983757171552,0.1293416120190231,36127
538,/home/projects/bagon/shared/imagenet512/val/n03534580/ILSVRC2012_val_00021106.JPEG,27,1.4839602757710963,0.0009829933987930417,0.14285748904048926,0.7628940396943397,0.0919840768738511,36131
539,/home/projects/bagon/shared/imagenet512/val/n02917067/ILSVRC2012_val_00001805.JPEG,2,3.8872177600860596,0.0,0.26860254720511617,0.9794976894749321,0.20267045761603322,36137
540,/home/projects/bagon/shared/imagenet512/val/n04591157/ILSVRC2012_val_00045273.JPEG,13,5.808273074449971,0.0009576263837516308,0.27207015810284446,0.9960210535997859,0.044710677791617894,36154
541,/home/projects/bagon/shared/imagenet512/val/n03658185/ILSVRC2012_val_00047773.JPEG,24,3.7121672709472477,0.0009957361035048962,0.2672206202929655,0.9710981335831707,0.12218323015452434,36171
542,/home/projects/bagon/shared/imagenet512/val/n02396427/ILSVRC2012_val_00038051.JPEG,56,1.2335537093458697,0.0009899006690829992,0.1321076973902096,0.6111589654088055,0.07735871367418655,36174
543,/home/projects/bagon/shared/imagenet512/val/n02093859/ILSVRC2012_val_00020043.JPEG,2,4.563361882406753,3.886147169396281e-05,0.2135135170071258,0.9895338755340514,0.16614206348088278,36189
544,/home/projects/bagon/shared/imagenet512/val/n03207941/ILSVRC2012_val_00026570.JPEG,2,5.781947574752849,0.0005607224884442985,0.2535333546287863,0.9963672989837106,0.02436193780580327,36236
545,/home/projects/bagon/shared/imagenet512/val/n02981792/ILSVRC2012_val_00043460.JPEG,77,0.7550164652056992,0.0009925207123160362,0.062349503552080465,0.3813269665351356,0.12747957473526259,36240
546,/home/projects/bagon/shared/imagenet512/val/n04039381/ILSVRC2012_val_00005498.JPEG,2,3.459133386611825,4.768370445162873e-07,0.22337640325305225,0.9685425184573557,0.17421152609945237,36247
547,/home/projects/bagon/shared/imagenet512/val/n03457902/ILSVRC2012_val_00002238.JPEG,2,0.26071757016688935,3.504691630951129e-05,0.053858565811739305,0.2294395245173994,0.087992849317614,36251
548,/home/projects/bagon/shared/imagenet512/val/n02484975/ILSVRC2012_val_00038869.JPEG,16,2.731927390501369,0.0009617946925573051,0.20150271275253387,0.9313714048520781,0.0716383404740897,36254
549,/home/projects/bagon/shared/imagenet512/val/n07768694/ILSVRC2012_val_00016923.JPEG,2,3.1161984205245403,3.576278118089249e-07,0.30959466293098936,0.9556742226488404,0.18496927691263854,36256
550,/home/projects/bagon/shared/imagenet512/val/n03041632/ILSVRC2012_val_00024520.JPEG,2,0.7731031179428101,0.0,0.17008387353500726,0.5384215325496934,0.16727574704219006,36259
551,/home/projects/bagon/shared/imagenet512/val/n02096437/ILSVRC2012_val_00016759.JPEG,8,2.028292521892581,0.0009614374139346182,0.1779513616508347,0.8659917405514664,0.04556898485796377,36266
552,/home/projects/bagon/shared/imagenet512/val/n02808304/ILSVRC2012_val_00027792.JPEG,2,0.6998224854469299,0.0,0.1395366691660408,0.5033264469578619,0.2705314990399365,36268
553,/home/projects/bagon/shared/imagenet512/val/n02094258/ILSVRC2012_val_00015967.JPEG,45,1.0125729257706553,0.0009927588980644941,0.08245371839694186,0.5890493976065759,0.18273921607206228,36284
554,/home/projects/bagon/shared/imagenet512/val/n12768682/ILSVRC2012_val_00016298.JPEG,2,5.051174704451114,0.000590865034610033,0.3794888099189868,0.9930314693708826,0.06772002074515641,36286
555,/home/projects/bagon/shared/imagenet512/val/n04548280/ILSVRC2012_val_00016885.JPEG,46,3.053682321915403,0.0009914488764479756,0.22873315347355822,0.9434857956860488,0.1037228240738616,36287
556,/home/projects/bagon/shared/imagenet512/val/n02788148/ILSVRC2012_val_00002943.JPEG,2,2.021328426330001,0.00021407696476671845,0.1426921027980825,0.8672801629467666,0.13315759948913958,36300
557,/home/projects/bagon/shared/imagenet512/val/n07714571/ILSVRC2012_val_00024224.JPEG,2,2.3111307621002197,0.0,0.19633300274908885,0.9008508981338386,0.06473894615720704,36313
558,/home/projects/bagon/shared/imagenet512/val/n03498962/ILSVRC2012_val_00040211.JPEG,2,0.7666128020791803,0.00022671037004329264,0.1124480092565068,0.5350922632522608,0.3164706374991577,36331
559,/home/projects/bagon/shared/imagenet512/val/n02916936/ILSVRC2012_val_00019479.JPEG,2,1.5490463972091675,0.0,0.16275170043848683,0.7875495360689084,0.08393496500037445,36354
560,/home/projects/bagon/shared/imagenet512/val/n02788148/ILSVRC2012_val_00033526.JPEG,25,0.1519189451355487,0.0009981179609894753,0.026693605574609734,0.10168606654942029,0.049706220525689945,36356
561,/home/projects/bagon/shared/imagenet512/val/n02172182/ILSVRC2012_val_00020308.JPEG,3,8.795627981540747,0.0004564673872664571,0.37129542303341984,0.9997879280804272,0.0688819981305554,36381
562,/home/projects/bagon/shared/imagenet512/val/n03535780/ILSVRC2012_val_00031836.JPEG,65,4.407080785604194,0.0009863278828561306,0.26758005899352943,0.9844075349241544,0.0453016451312163,36385
563,/home/projects/bagon/shared/imagenet512/val/n03089624/ILSVRC2012_val_00042237.JPEG,2,1.1367752504374948,9.762764238985255e-05,0.11890805711765759,0.6790192688715995,0.08713145343030465,36386
564,/home/projects/bagon/shared/imagenet512/val/n02123159/ILSVRC2012_val_00039553.JPEG,39,1.5290149278007448,0.0009895433904603124,0.10377103353313522,0.769570501196676,0.1271143579458351,36396
565,/home/projects/bagon/shared/imagenet512/val/n01829413/ILSVRC2012_val_00020976.JPEG,2,3.327311754226656,2.3841855067985307e-07,0.2358010763061474,0.9641103164254972,0.10810156444672148,36409
566,/home/projects/bagon/shared/imagenet512/val/n04604644/ILSVRC2012_val_00039007.JPEG,2,2.927572960339603,0.00010275312524754554,0.2299112490182942,0.9463654601205329,0.07359905191400068,36416
567,/home/projects/bagon/shared/imagenet512/val/n03337140/ILSVRC2012_val_00000132.JPEG,2,1.4419385194587448,6.198863957251888e-06,0.16303069271514098,0.7635234702689633,0.13287132958189868,36422
568,/home/projects/bagon/shared/imagenet512/val/n03388183/ILSVRC2012_val_00045511.JPEG,2,2.9270968432247173,3.1470757676288486e-05,0.22176558800806145,0.9464146873983184,0.04297264670620475,36437
569,/home/projects/bagon/shared/imagenet512/val/n04081281/ILSVRC2012_val_00024449.JPEG,27,2.279022075003013,0.000996331567876041,0.11598390262093866,0.8892904999689851,0.030445150159307325,36445
570,/home/projects/bagon/shared/imagenet512/val/n03535780/ILSVRC2012_val_00011767.JPEG,6,1.7878171595511958,0.0009944260818883777,0.1740115344148024,0.8308299873249861,0.04775312290188544,36452
571,/home/projects/bagon/shared/imagenet512/val/n02037110/ILSVRC2012_val_00034827.JPEG,4,2.097773470741231,0.0008167268824763596,0.2796060645504525,0.8764593992650808,0.2742280955730766,36472
572,/home/projects/bagon/shared/imagenet512/val/n02280649/ILSVRC2012_val_00017342.JPEG,10,0.8463328036013991,0.0009968079393729568,0.1257159893036107,0.5651023673075029,0.2212368377416588,36482
573,/home/projects/bagon/shared/imagenet512/val/n03179701/ILSVRC2012_val_00031607.JPEG,3,4.795310433910345,8.67805938469246e-05,0.2466487378482308,0.9822599480690608,0.09910668674491663,36484
574,/home/projects/bagon/shared/imagenet512/val/n03933933/ILSVRC2012_val_00018996.JPEG,60,2.2843153326539323,0.0009995469590649009,0.12900206382435092,0.8756552261487237,0.04766744084162125,36511
575,/home/projects/bagon/shared/imagenet512/val/n02403003/ILSVRC2012_val_00028929.JPEG,48,0.5285315710352734,0.000990377040579915,0.05587320980836114,0.3578464297480252,0.08400744344009815,36514
576,/home/projects/bagon/shared/imagenet512/val/n02783161/ILSVRC2012_val_00043329.JPEG,24,1.8677465747459792,0.0009738231892697513,0.1523463152485997,0.838723089796453,0.09860152110478426,36515
577,/home/projects/bagon/shared/imagenet512/val/n04346328/ILSVRC2012_val_00004184.JPEG,5,5.605655282386579,0.000878544058650732,0.25325984714973737,0.9955713480012106,0.029796659953718455,36570
578,/home/projects/bagon/shared/imagenet512/val/n07753275/ILSVRC2012_val_00025281.JPEG,2,1.0685722827911093,2.3841855067985307e-07,0.14842797000054997,0.656501086759474,0.04526543589592398,36590
579,/home/projects/bagon/shared/imagenet512/val/n02077923/ILSVRC2012_val_00021764.JPEG,16,5.655375400790945,0.0009785869624465704,0.23876452532083037,0.9942784411554958,0.12145887858984755,36598
580,/home/projects/bagon/shared/imagenet512/val/n04004767/ILSVRC2012_val_00037028.JPEG,13,2.2459090077900328,0.0009703694959171116,0.14880030815227174,0.8916689724290634,0.08831306011868793,36608
581,/home/projects/bagon/shared/imagenet512/val/n02395406/ILSVRC2012_val_00021327.JPEG,28,2.9368565218755975,0.0009818024700507522,0.2582860935431054,0.9406458230973758,0.0744921962381232,36611
582,/home/projects/bagon/shared/imagenet512/val/n02672831/ILSVRC2012_val_00009600.JPEG,2,0.22130790288429125,3.58813522325363e-05,0.053388052616567254,0.19846569995713753,0.2295138558663793,36628
583,/home/projects/bagon/shared/imagenet512/val/n02231487/ILSVRC2012_val_00047704.JPEG,16,9.07868964318186,0.0009581027552485466,0.23673372163935527,0.9989882452873735,0.05318220629377199,36650
584,/home/projects/bagon/shared/imagenet512/val/n09246464/ILSVRC2012_val_00046221.JPEG,24,0.3442016430199146,0.0009868042543530464,0.0446172714151001,0.2679716689397765,0.04439269809933438,36685
585,/home/projects/bagon/shared/imagenet512/val/n02106662/ILSVRC2012_val_00000946.JPEG,6,0.5872760403435677,0.0009883524617180228,0.08111310878199687,0.4403642934437323,0.04623019866678915,36710
586,/home/projects/bagon/shared/imagenet512/val/n04311174/ILSVRC2012_val_00049340.JPEG,2,1.0160629749298096,0.0,0.148802190708269,0.6379826114260425,0.05072307728215969,36736
587,/home/projects/bagon/shared/imagenet512/val/n02823750/ILSVRC2012_val_00013765.JPEG,2,3.212815996084828,0.0008501967531628907,0.23069112757095256,0.9594139343422721,0.041738231948207756,36757
588,/home/projects/bagon/shared/imagenet512/val/n03908714/ILSVRC2012_val_00012755.JPEG,2,5.1133893726728274,1.7523612768854946e-05,0.22105596115885517,0.9939668316288772,0.22295191225526206,36773
589,/home/projects/bagon/shared/imagenet512/val/n04147183/ILSVRC2012_val_00037184.JPEG,5,0.5595146581763402,0.0009831124916672707,0.07506110560095137,0.42519768611141373,0.12946260196962533,36787
590,/home/projects/bagon/shared/imagenet512/val/n03017168/ILSVRC2012_val_00034064.JPEG,2,2.818994641304009,1.1920928244535389e-07,0.1941343818880336,0.9403338796961218,0.20338580458644584,36796
591,/home/projects/bagon/shared/imagenet512/val/n03796401/ILSVRC2012_val_00045876.JPEG,2,1.600309967992871,1.9073468138230965e-06,0.1507047673291661,0.7981637309575251,0.1619568027636869,36805
592,/home/projects/bagon/shared/imagenet512/val/n02834397/ILSVRC2012_val_00012192.JPEG,2,2.9077987659547944,4.768258077092469e-05,0.1439021733601473,0.9453539471353196,0.051206161645060796,36823
593,/home/projects/bagon/shared/imagenet512/val/n04023962/ILSVRC2012_val_00017642.JPEG,18,2.6608167642261833,0.0009647720726206899,0.24457533172351986,0.924696518611582,0.07173270361018597,36845
594,/home/projects/bagon/shared/imagenet512/val/n02815834/ILSVRC2012_val_00033071.JPEG,2,2.532860279083252,0.0,0.2208801524010696,0.9205684219735006,0.04776748196529806,36854
595,/home/projects/bagon/shared/imagenet512/val/n01978455/ILSVRC2012_val_00008870.JPEG,8,28.841572344303124,1.1920928244535389e-07,0.8699038356735584,0.9738717056006345,0.04536735663091236,36855
596,/home/projects/bagon/shared/imagenet512/val/n03950228/ILSVRC2012_val_00005557.JPEG,46,1.9055653500836343,0.000996093382127583,0.12339203224108408,0.8390196418612074,0.07377130666997353,36856
597,/home/projects/bagon/shared/imagenet512/val/n03933933/ILSVRC2012_val_00018594.JPEG,26,2.0755286494386382,0.0009676303598098457,0.13978421674899252,0.8668732346164958,0.051179962070658835,36858
598,/home/projects/bagon/shared/imagenet512/val/n02113186/ILSVRC2012_val_00007542.JPEG,2,0.824906330977683,0.0001908358681248501,0.09657329259359856,0.5614508701818504,0.20215871895376375,36866
599,/home/projects/bagon/shared/imagenet512/val/n02481823/ILSVRC2012_val_00046741.JPEG,20,5.0160821478348225,0.0009790633339434862,0.2849801738314764,0.9919218615134509,0.15880866680528807,36871
600,/home/projects/bagon/shared/imagenet512/val/n02097474/ILSVRC2012_val_00023955.JPEG,25,0.9749002275639214,0.0009722749819047749,0.12001252033361265,0.5892428445171913,0.10084398080805143,36875
601,/home/projects/bagon/shared/imagenet512/val/n04336792/ILSVRC2012_val_00001211.JPEG,2,1.611921122239437,0.0006133820279501379,0.21282084824356626,0.7998057921520229,0.022432399273051136,36879
602,/home/projects/bagon/shared/imagenet512/val/n03476991/ILSVRC2012_val_00027208.JPEG,21,4.49995009356644,0.0009990707039833069,0.3315867454421481,0.9865647890703912,0.09228320372010462,36882
603,/home/projects/bagon/shared/imagenet512/val/n01985128/ILSVRC2012_val_00021995.JPEG,3,5.054404817172326,0.00012492353562265635,0.19736835523463034,0.9920107698056017,0.22271144026494707,36885
604,/home/projects/bagon/shared/imagenet512/val/n03223299/ILSVRC2012_val_00040379.JPEG,4,3.0371395505499095,0.0008425738196820021,0.28036485831519276,0.9513026819262097,0.08335405955895765,36886
605,/home/projects/bagon/shared/imagenet512/val/n02089078/ILSVRC2012_val_00021831.JPEG,37,1.712305213441141,0.0009983561467379332,0.10824843347381072,0.7966129948711471,0.09901363342806963,36912
606,/home/projects/bagon/shared/imagenet512/val/n02113624/ILSVRC2012_val_00023516.JPEG,58,2.2192728801164776,0.000982159748673439,0.20283688577267212,0.7779080777031577,0.12535971230967655,36917
607,/home/projects/bagon/shared/imagenet512/val/n07613480/ILSVRC2012_val_00012877.JPEG,2,1.175511240958599,1.0728830375228426e-06,0.14730816300381647,0.6913375632049299,0.056851350316134384,36918
608,/home/projects/bagon/shared/imagenet512/val/n03476991/ILSVRC2012_val_00043613.JPEG,2,1.411708123574499,0.0006802152493037283,0.1119522950243273,0.7554472471096788,0.1051667642985599,36923
609,/home/projects/bagon/shared/imagenet512/val/n04479046/ILSVRC2012_val_00023579.JPEG,2,2.668919563219788,1.2159273865108844e-05,0.24260586765170303,0.930659854901842,0.19253520767140536,36933
610,/home/projects/bagon/shared/imagenet512/val/n07697537/ILSVRC2012_val_00026101.JPEG,2,1.7520588635361491,1.4424220353248529e-05,0.23589773666644945,0.8265664795840296,0.14775987517870726,36938
611,/home/projects/bagon/shared/imagenet512/val/n04141076/ILSVRC2012_val_00032761.JPEG,3,4.357349467172753,0.0009725131676532328,0.2596453966863958,0.986239751768462,0.39182020435327614,36960
612,/home/projects/bagon/shared/imagenet512/val/n02092339/ILSVRC2012_val_00049374.JPEG,3,3.595116293483443,5.364274329622276e-05,0.22850432453976938,0.970620214190329,0.021686168262134015,36984
613,/home/projects/bagon/shared/imagenet512/val/n04120489/ILSVRC2012_val_00017319.JPEG,4,1.9133955231518485,0.0007899263291619718,0.25090741008014156,0.8516897714862165,0.09481398464141988,36994
614,/home/projects/bagon/shared/imagenet512/val/n02979186/ILSVRC2012_val_00012468.JPEG,81,2.066258489852771,0.0009875188115984201,0.11790825528943051,0.8274579928217817,0.10648946344480907,36999
615,/home/projects/bagon/shared/imagenet512/val/n02229544/ILSVRC2012_val_00003997.JPEG,9,1.0987678935052827,0.000990615226328373,0.13681720819307017,0.6628395939931531,0.13697453368673757,37016
616,/home/projects/bagon/shared/imagenet512/val/n03961711/ILSVRC2012_val_00034169.JPEG,2,1.6656473875045776,0.0,0.2191931278978947,0.8109317912333043,0.18620175908464082,37033
617,/home/projects/bagon/shared/imagenet512/val/n02168699/ILSVRC2012_val_00013153.JPEG,2,3.617276990233222,0.00026806574896909297,0.28996526372861253,0.972875443547007,0.057383343338149914,37041
618,/home/projects/bagon/shared/imagenet512/val/n03376595/ILSVRC2012_val_00008903.JPEG,2,1.8198257684707357,2.3841855067985307e-07,0.24923344676763107,0.8379457698700842,0.052554388797577706,37043
619,/home/projects/bagon/shared/imagenet512/val/n04536866/ILSVRC2012_val_00048341.JPEG,4,0.1882627117447555,0.0009918061550706625,0.03236421582794388,0.16809521311947867,0.06983542066377087,37050
620,/home/projects/bagon/shared/imagenet512/val/n04550184/ILSVRC2012_val_00008431.JPEG,4,2.1471239966340363,0.0009873997187241912,0.17992193237488768,0.8798580543202824,0.09000845252559986,37058
621,/home/projects/bagon/shared/imagenet512/val/n03290653/ILSVRC2012_val_00010926.JPEG,50,0.6670206002891064,0.0009894242975860834,0.0709445604123004,0.42667272537247014,0.12443370778547036,37067
622,/home/projects/bagon/shared/imagenet512/val/n04346328/ILSVRC2012_val_00041599.JPEG,2,3.4519039392471242,1.1920928244535389e-07,0.20092571316399668,0.9683146404992686,0.16734111588875766,37081
623,/home/projects/bagon/shared/imagenet512/val/n04229816/ILSVRC2012_val_00043826.JPEG,3,5.994757051754277,0.0005472592893056571,0.348709285886467,0.9973151939788119,0.08051443908393652,37083
624,/home/projects/bagon/shared/imagenet512/val/n03216828/ILSVRC2012_val_00001729.JPEG,36,1.7142314326483756,0.0009807306341826916,0.10898513421107507,0.8053558203217717,0.07588895610413021,37085
625,/home/projects/bagon/shared/imagenet512/val/n02641379/ILSVRC2012_val_00033453.JPEG,3,8.037632993364241,0.0003688847064040601,0.4688065812018252,0.945313038264954,0.26631381171577584,37108
626,/home/projects/bagon/shared/imagenet512/val/n04228054/ILSVRC2012_val_00040782.JPEG,3,4.721320401877165,0.0008142255246639252,0.23727855188576855,0.9891081973389698,0.10802477455127613,37113
627,/home/projects/bagon/shared/imagenet512/val/n02109961/ILSVRC2012_val_00016370.JPEG,122,3.1373289269395173,0.0009945451747626066,0.11727473095181938,0.9156143545548501,0.11556549532759594,37121
628,/home/projects/bagon/shared/imagenet512/val/n02002724/ILSVRC2012_val_00021872.JPEG,2,0.8981646053580334,0.0002217047003796324,0.1297743031892058,0.5923757804831378,0.3555921583321259,37134
629,/home/projects/bagon/shared/imagenet512/val/n03047690/ILSVRC2012_val_00039640.JPEG,7,3.3588076164014637,0.000985017861239612,0.29612090519554474,0.9638978240318047,0.0797645878485993,37135
630,/home/projects/bagon/shared/imagenet512/val/n01871265/ILSVRC2012_val_00027274.JPEG,86,0.7717314740875736,0.0009916870621964335,0.06368086456322872,0.3835850857246632,0.08549819092161487,37151
631,/home/projects/bagon/shared/imagenet512/val/n02066245/ILSVRC2012_val_00018438.JPEG,3,6.849564075469971,0.0,0.33947939596728466,0.9966596051083294,0.09702892435350494,37160
632,/home/projects/bagon/shared/imagenet512/val/n04485082/ILSVRC2012_val_00003849.JPEG,2,4.658706665038608,9.536738616588991e-07,0.2788656114821421,0.9905203149610049,0.09495590169359,37164
633,/home/projects/bagon/shared/imagenet512/val/n02106166/ILSVRC2012_val_00035632.JPEG,75,1.1639277380891144,0.0009956170106306672,0.09174843744102468,0.599287699430819,0.12699291690328157,37169
634,/home/projects/bagon/shared/imagenet512/val/n09428293/ILSVRC2012_val_00001304.JPEG,10,1.5591641248902306,0.0009918061550706625,0.107698199679951,0.786579090855243,0.06872088450509078,37186
635,/home/projects/bagon/shared/imagenet512/val/n03602883/ILSVRC2012_val_00010992.JPEG,2,3.274901867698645,0.0004866131057497114,0.1468302780726737,0.9618271579301194,0.04611009441755532,37187
636,/home/projects/bagon/shared/imagenet512/val/n07684084/ILSVRC2012_val_00007687.JPEG,2,0.7183715104019939,1.4424220353248529e-05,0.1431367474465098,0.5124329792245571,0.1307566537798559,37197
637,/home/projects/bagon/shared/imagenet512/val/n07715103/ILSVRC2012_val_00037539.JPEG,2,1.0094249248354572,5.483612312673358e-06,0.19073219215251222,0.6355639764573313,0.044103855800419034,37199
638,/home/projects/bagon/shared/imagenet512/val/n01728920/ILSVRC2012_val_00015488.JPEG,6,2.1143804842140526,0.0009883524617180228,0.1350929597872138,0.877821505875693,0.17019030895009743,37208
639,/home/projects/bagon/shared/imagenet512/val/n02492660/ILSVRC2012_val_00008878.JPEG,18,1.4976105911191553,0.0009978797752410173,0.14657473367876372,0.7676230690748338,0.1752613257565431,37213
640,/home/projects/bagon/shared/imagenet512/val/n02910353/ILSVRC2012_val_00045754.JPEG,2,2.6328183412506405,2.9802276912960224e-06,0.18710083590763052,0.9281213333368192,0.050716275507634107,37217
641,/home/projects/bagon/shared/imagenet512/val/n02100583/ILSVRC2012_val_00040467.JPEG,2,1.1030701893614605,0.0003734129713848233,0.08801631044535221,0.6676559910965044,0.1826143395124706,37218
642,/home/projects/bagon/shared/imagenet512/val/n03249569/ILSVRC2012_val_00010381.JPEG,25,4.242556144832633,0.000993592431768775,0.23857700651209626,0.9840071987184915,0.05485088256459385,37219
643,/home/projects/bagon/shared/imagenet512/val/n07579787/ILSVRC2012_val_00020876.JPEG,68,1.795136780710891,0.0009871615329757333,0.11914983181612805,0.7858384340634804,0.08134995089710342,37228
644,/home/projects/bagon/shared/imagenet512/val/n03908714/ILSVRC2012_val_00039820.JPEG,2,2.368011236190796,0.0,0.22154256172224604,0.9063331562334547,0.07966982026129876,37235
645,/home/projects/bagon/shared/imagenet512/val/n01855672/ILSVRC2012_val_00019429.JPEG,2,1.7098097761845565,8.868777513271198e-05,0.20305221163975576,0.8189954908030728,0.15058496357074885,37243
646,/home/projects/bagon/shared/imagenet512/val/n02110806/ILSVRC2012_val_00009810.JPEG,4,1.4966197338071652,0.0008904544520191848,0.14487190090051036,0.7739006933989433,0.1368421338957197,37246
647,/home/projects/bagon/shared/imagenet512/val/n04330267/ILSVRC2012_val_00023064.JPEG,13,4.16797831520671,0.0009307105210609734,0.3151785397729567,0.9836692258878844,0.21021727429567222,37304
648,/home/projects/bagon/shared/imagenet512/val/n02093754/ILSVRC2012_val_00024411.JPEG,7,1.9832198459771462,0.0009240409708581865,0.27226581529023053,0.8601228575116903,0.1556972180208152,37331
649,/home/projects/bagon/shared/imagenet512/val/n04507155/ILSVRC2012_val_00008575.JPEG,2,5.339584444867796,0.0002232540718978271,0.19841231927529773,0.9949856610092203,0.07425199397473983,37333
650,/home/projects/bagon/shared/imagenet512/val/n02906734/ILSVRC2012_val_00032789.JPEG,3,8.858820199915499,1.0132738680113107e-05,0.25066704017071845,0.9996341372081259,0.051367036692426885,37335
651,/home/projects/bagon/shared/imagenet512/val/n02939185/ILSVRC2012_val_00029179.JPEG,2,2.662603020660299,3.933898824470816e-06,0.186598994684462,0.9302294211378519,0.24872615175258048,37345
652,/home/projects/bagon/shared/imagenet512/val/n04367480/ILSVRC2012_val_00020798.JPEG,3,1.764491267502308,0.0,0.22056474600939643,0.8104320947669272,0.15167441886556937,37358
653,/home/projects/bagon/shared/imagenet512/val/n07714571/ILSVRC2012_val_00041102.JPEG,10,3.7070753272855654,0.0009529816452413797,0.27376226515218616,0.9740545917497594,0.18842498689533238,37378
654,/home/projects/bagon/shared/imagenet512/val/n13054560/ILSVRC2012_val_00037227.JPEG,4,2.5860432676272467,0.000802075956016779,0.31543100865038914,0.9237704376719105,0.051793800761450175,37391
655,/home/projects/bagon/shared/imagenet512/val/n03249569/ILSVRC2012_val_00041006.JPEG,3,4.789957492768735,3.93382906622719e-05,0.21418445674442824,0.9901232140966968,0.10432819579784272,37401
656,/home/projects/bagon/shared/imagenet512/val/n03720891/ILSVRC2012_val_00049339.JPEG,10,2.6967247974826023,0.0009527434594929218,0.20740122588117774,0.9305393421982919,0.13486148651187635,37412
657,/home/projects/bagon/shared/imagenet512/val/n01847000/ILSVRC2012_val_00047833.JPEG,10,1.2667554087820463,0.0009732277248986065,0.17416577252003376,0.714093229804256,0.0711062125013243,37426
658,/home/projects/bagon/shared/imagenet512/val/n02977058/ILSVRC2012_val_00017647.JPEG,2,1.662888287086389,5.3165931603871286e-05,0.16610315738689246,0.8103464365650885,0.051851313660789794,37443
659,/home/projects/bagon/shared/imagenet512/val/n02978881/ILSVRC2012_val_00047235.JPEG,2,4.007550238922704,3.576214658096433e-05,0.2826007889209305,0.9817858143170628,0.05340549304035337,37452
660,/home/projects/bagon/shared/imagenet512/val/n03877845/ILSVRC2012_val_00045541.JPEG,13,2.0943972126115113,0.0009638193296268582,0.26544230902515015,0.86989249135552,0.019553339495097157,37456
661,/home/projects/bagon/shared/imagenet512/val/n02107142/ILSVRC2012_val_00009004.JPEG,22,4.62616899353452,0.0009926398051902652,0.2089294051441626,0.9886490026359317,0.1540613186386099,37465
662,/home/projects/bagon/shared/imagenet512/val/n09332890/ILSVRC2012_val_00015764.JPEG,13,1.6135672244708985,0.0009956170106306672,0.10391842240439084,0.7963197951762725,0.04483511056113359,37466
663,/home/projects/bagon/shared/imagenet512/val/n02113023/ILSVRC2012_val_00022453.JPEG,2,0.838952520818566,0.0002026352594839409,0.116689406197839,0.5675481727211587,0.05919192328602829,37468
664,/home/projects/bagon/shared/imagenet512/val/n03126707/ILSVRC2012_val_00030723.JPEG,2,3.8801830752490787,0.0002256377338198945,0.2137759657070234,0.9791275838794418,0.06063365360520067,37478
665,/home/projects/bagon/shared/imagenet512/val/n03388183/ILSVRC2012_val_00040319.JPEG,23,3.8903852415969595,0.0009888288332149386,0.2894064497040775,0.9754014907085543,0.172653980175905,37497
666,/home/projects/bagon/shared/imagenet512/val/n02999410/ILSVRC2012_val_00018148.JPEG,2,3.076260445977823,5.519237674889155e-05,0.2130376605799221,0.9538109733845223,0.11719622960635448,37499
667,/home/projects/bagon/shared/imagenet512/val/n02777292/ILSVRC2012_val_00046016.JPEG,2,0.9667803037591511,4.792098479811102e-05,0.14793536846939495,0.6196583385700876,0.056053954422724594,37500
668,/home/projects/bagon/shared/imagenet512/val/n03837869/ILSVRC2012_val_00017240.JPEG,2,4.4700389946228825,0.0008636558777652681,0.1585630218093027,0.987708897414417,0.2436961394528977,37545
669,/home/projects/bagon/shared/imagenet512/val/n04525038/ILSVRC2012_val_00046268.JPEG,2,0.8311601126333699,0.00038747431244701147,0.21382446563098045,0.5639160555651689,0.2142200537158062,37560
670,/home/projects/bagon/shared/imagenet512/val/n03814639/ILSVRC2012_val_00046715.JPEG,2,5.897425740462495,0.0002461368858348578,0.14704008423521048,0.997009700370715,0.13398128787814068,37571
671,/home/projects/bagon/shared/imagenet512/val/n10148035/ILSVRC2012_val_00035759.JPEG,2,1.8489408492714574,8.106198947643861e-06,0.18644855369962868,0.8425868671418153,0.07761297418551714,37603
672,/home/projects/bagon/shared/imagenet512/val/n02415577/ILSVRC2012_val_00044438.JPEG,32,1.8169192305067554,0.0009789442410692573,0.1727011654325154,0.8144959585466871,0.02298382614354401,37606
673,/home/projects/bagon/shared/imagenet512/val/n02930766/ILSVRC2012_val_00041065.JPEG,3,1.7051996028922076,1.4066597032069694e-05,0.36277929381898244,0.8078022724668645,0.2680510326123883,37608
674,/home/projects/bagon/shared/imagenet512/val/n02105056/ILSVRC2012_val_00049719.JPEG,4,7.175255028545507,6.0794889577664435e-05,0.45602770397713216,0.656524847217374,0.31205467809752885,37632
675,/home/projects/bagon/shared/imagenet512/val/n02492035/ILSVRC2012_val_00016791.JPEG,36,7.9236789048300125,0.0009735850035212934,0.26537070624263964,0.9981526847826564,0.14249503344575382,37653
676,/home/projects/bagon/shared/imagenet512/val/n04525305/ILSVRC2012_val_00045040.JPEG,2,0.6913981437680832,7.152555099310121e-07,0.11411186285830967,0.4991236081009401,0.04007202548781999,37657
677,/home/projects/bagon/shared/imagenet512/val/n02110185/ILSVRC2012_val_00046687.JPEG,72,2.865069941035472,0.0009863278828561306,0.13256985231934473,0.9160656074378051,0.01727388814834663,37659
678,/home/projects/bagon/shared/imagenet512/val/n04154565/ILSVRC2012_val_00045274.JPEG,2,2.475270141643705,0.0001445904199499637,0.1948506005761953,0.9157046096919207,0.4118505757449926,37676
679,/home/projects/bagon/shared/imagenet512/val/n03803284/ILSVRC2012_val_00037327.JPEG,3,4.693110426480416,0.0009419057168997824,0.2886092031324935,0.9905072187273387,0.1975471966673403,37679
680,/home/projects/bagon/shared/imagenet512/val/n01693334/ILSVRC2012_val_00037310.JPEG,72,1.59557710995432,0.0009943069890141487,0.12945533714239954,0.7016045269023141,0.20381336118625437,37686
681,/home/projects/bagon/shared/imagenet512/val/n02877765/ILSVRC2012_val_00047879.JPEG,2,0.9582425951945197,1.5497195136049413e-06,0.1236591697336267,0.6164315008494571,0.13760726801920536,37698
682,/home/projects/bagon/shared/imagenet512/val/n04542943/ILSVRC2012_val_00035062.JPEG,2,5.16687095165247,3.576278118089249e-07,0.31127904439225196,0.9942973770076001,0.05122311878855309,37713
683,/home/projects/bagon/shared/imagenet512/val/n01984695/ILSVRC2012_val_00023530.JPEG,2,0.539790689595975,0.0004889961564913392,0.06560710457359586,0.4163711424789204,0.024127258915280215,37742
684,/home/projects/bagon/shared/imagenet512/val/n03633091/ILSVRC2012_val_00019674.JPEG,12,5.653909772867337,0.0009793015196919441,0.2239597923693671,0.9955346765638516,0.09554377426219392,37751
685,/home/projects/bagon/shared/imagenet512/val/n03141823/ILSVRC2012_val_00008131.JPEG,2,1.7857846021652222,0.0,0.23062019920257698,0.832334541759817,0.0815435320809037,37752
686,/home/projects/bagon/shared/imagenet512/val/n04254777/ILSVRC2012_val_00023140.JPEG,3,2.7015938879922032,0.0007462101057171822,0.193978540763201,0.9264782271452692,0.057311875540820414,37763
687,/home/projects/bagon/shared/imagenet512/val/n03180011/ILSVRC2012_val_00049615.JPEG,2,2.3173533437075093,0.0008736607851460576,0.1485094876985707,0.9005272993731164,0.0596137300661579,37771
688,/home/projects/bagon/shared/imagenet512/val/n04517823/ILSVRC2012_val_00004252.JPEG,2,1.557033896446228,0.0,0.198946759586147,0.7892396204217675,0.121021829303185,37772
689,/home/projects/bagon/shared/imagenet512/val/n03733805/ILSVRC2012_val_00042644.JPEG,2,2.518206800275948,0.0008854520856402814,0.23627769601673984,0.9185122437609126,0.05029011481402798,37782
690,/home/projects/bagon/shared/imagenet512/val/n04033901/ILSVRC2012_val_00015617.JPEG,2,3.6127073764801025,0.0,0.25428505637527454,0.9730212979036371,0.08029462969092402,37794
691,/home/projects/bagon/shared/imagenet512/val/n02769748/ILSVRC2012_val_00026564.JPEG,2,0.26300397189334035,0.0008136299438774586,0.040587127138201874,0.2298387998497033,0.1042885597455613,37806
692,/home/projects/bagon/shared/imagenet512/val/n04141975/ILSVRC2012_val_00012529.JPEG,2,0.7696871741354698,5.686121585313231e-05,0.1295608596040573,0.5367590203389719,0.07450646665051701,37816
693,/home/projects/bagon/shared/imagenet512/val/n03742115/ILSVRC2012_val_00023002.JPEG,1,0.000977038755081594,0.000977038755081594,0.0002531262753364555,6.193570798858323e-05,0.0,37819
694,/home/projects/bagon/shared/imagenet512/val/n02415577/ILSVRC2012_val_00019344.JPEG,2,0.4228101897169836,0.0008540081907995045,0.054103914268256156,0.34339847417037006,0.07207917177457951,37827
695,/home/projects/bagon/shared/imagenet512/val/n03249569/ILSVRC2012_val_00016762.JPEG,26,1.39315195515519,0.0009750141180120409,0.2079075169168317,0.7368971287670956,0.08551575248458804,37829
696,/home/projects/bagon/shared/imagenet512/val/n04204238/ILSVRC2012_val_00029914.JPEG,2,6.404569149017334,0.0,0.3114347570762277,0.9983460125674457,0.059132327506094304,37830
697,/home/projects/bagon/shared/imagenet512/val/n04310018/ILSVRC2012_val_00008744.JPEG,2,2.855648013355676,0.0007290565990842879,0.2539047237401716,0.941761489184306,0.18943110282241118,37836
698,/home/projects/bagon/shared/imagenet512/val/n02895154/ILSVRC2012_val_00040548.JPEG,62,4.424569705501199,0.0009913297835737467,0.348564650220109,0.9795197468194113,0.08942244545720479,37872
699,/home/projects/bagon/shared/imagenet512/val/n02110185/ILSVRC2012_val_00007512.JPEG,96,1.3017922907602042,0.0009891861118376255,0.07972467831466216,0.5855623263333558,0.12234932096757006,37877
700,/home/projects/bagon/shared/imagenet512/val/n03759954/ILSVRC2012_val_00047050.JPEG,15,2.6686381824547425,0.000985375139862299,0.16823470541626476,0.9284064421472726,0.027838036331767374,37887
701,/home/projects/bagon/shared/imagenet512/val/n04522168/ILSVRC2012_val_00034387.JPEG,2,1.379828975070268,0.0007904027588665485,0.1395969508593786,0.7474252911571437,0.21541937126168942,37911
702,/home/projects/bagon/shared/imagenet512/val/n03733805/ILSVRC2012_val_00029501.JPEG,2,4.447309136769036,0.00048744716332294047,0.23902505965015605,0.987818006406976,0.16426943589062887,37914
703,/home/projects/bagon/shared/imagenet512/val/n02514041/ILSVRC2012_val_00032483.JPEG,2,0.8567591309083582,9.65590606938349e-06,0.11853163096839628,0.5754504613505574,0.06297937128530684,37936
704,/home/projects/bagon/shared/imagenet512/val/n03803284/ILSVRC2012_val_00038880.JPEG,2,6.3333970242674695,0.00011455356434453279,0.21433317033250243,0.9981101641621031,0.10378046993877826,37947
705,/home/projects/bagon/shared/imagenet512/val/n02815834/ILSVRC2012_val_00012570.JPEG,2,3.1283848143648356,0.0007107115816324949,0.21881553802780873,0.9555259037935688,0.03948998299544221,37965
706,/home/projects/bagon/shared/imagenet512/val/n02992529/ILSVRC2012_val_00014562.JPEG,31,1.086404881090857,0.0009983561467379332,0.10310499591538329,0.6431165726814552,0.06819627113471144,37966
707,/home/projects/bagon/shared/imagenet512/val/n03977966/ILSVRC2012_val_00033376.JPEG,5,1.7864183018100448,0.0009610801353119314,0.16430316666408412,0.8246524867580003,0.02620879210601187,37984
708,/home/projects/bagon/shared/imagenet512/val/n02108000/ILSVRC2012_val_00009711.JPEG,42,0.9103835097048432,0.000995974289253354,0.07059986236286865,0.5675952333870257,0.14053844662980397,37990
709,/home/projects/bagon/shared/imagenet512/val/n01990800/ILSVRC2012_val_00042752.JPEG,3,6.728654980625834,8.22540732769994e-06,0.39156292358344436,0.9923421399648461,0.1652596868853256,38002
710,/home/projects/bagon/shared/imagenet512/val/n03770439/ILSVRC2012_val_00019644.JPEG,27,4.910030057537369,0.0009946642676368356,0.1968442350384409,0.9911760208660851,0.07128711821724243,38003
711,/home/projects/bagon/shared/imagenet512/val/n03944341/ILSVRC2012_val_00022741.JPEG,2,2.4511020122881746,0.00011014331539627165,0.37406201030267455,0.9136942443778735,0.08938048803533995,38012
712,/home/projects/bagon/shared/imagenet512/val/n03372029/ILSVRC2012_val_00016025.JPEG,14,3.951879291445948,0.0009857324184849858,0.24418933295937592,0.9769078801448589,0.3564210743459294,38039
713,/home/projects/bagon/shared/imagenet512/val/n07932039/ILSVRC2012_val_00044539.JPEG,2,1.2917449474334717,0.0,0.14821685654287975,0.7252091350395071,0.10386050626928374,38045
714,/home/projects/bagon/shared/imagenet512/val/n04258138/ILSVRC2012_val_00010525.JPEG,2,4.321558952331543,0.0,0.24969176284069236,0.9867208122860469,0.10758260380710348,38054
715,/home/projects/bagon/shared/imagenet512/val/n01914609/ILSVRC2012_val_00048292.JPEG,2,2.88833431515377,0.00062851223628968,0.17153280307871263,0.9436878919840264,0.28893396021938195,38059
716,/home/projects/bagon/shared/imagenet512/val/n04004767/ILSVRC2012_val_00005920.JPEG,12,3.869161216309294,0.0009632238652557135,0.2824795034338501,0.9777782411248318,0.0963447136361874,38073
717,/home/projects/bagon/shared/imagenet512/val/n03063599/ILSVRC2012_val_00020276.JPEG,40,1.6400822177529335,0.0009857324184849858,0.16138125960386468,0.7897044874277834,0.13851842153432364,38075
718,/home/projects/bagon/shared/imagenet512/val/n04347754/ILSVRC2012_val_00041636.JPEG,6,3.8179421045351774,0.0009990707039833069,0.24019883870199302,0.9771473236585958,0.05264761989999418,38084
719,/home/projects/bagon/shared/imagenet512/val/n03124043/ILSVRC2012_val_00022986.JPEG,2,0.6278822973399656,9.452849917579442e-05,0.16138861365401927,0.4661548295034057,0.03609323679892833,38096
720,/home/projects/bagon/shared/imagenet512/val/n03980874/ILSVRC2012_val_00048787.JPEG,2,0.5842043738230132,6.19869097135961e-05,0.08511537029610676,0.44235441915185086,0.07849054264235085,38099
721,/home/projects/bagon/shared/imagenet512/val/n03141823/ILSVRC2012_val_00008874.JPEG,2,1.8389784097671438,1.1920928244535389e-07,0.13313350958353284,0.8410199458340192,0.04577144835284683,38110
722,/home/projects/bagon/shared/imagenet512/val/n01644373/ILSVRC2012_val_00044855.JPEG,3,6.023544357798528,0.00016330339713022113,0.27948049577013345,0.996057322642547,0.23237034362939857,38126
723,/home/projects/bagon/shared/imagenet512/val/n01924916/ILSVRC2012_val_00027592.JPEG,18,3.215695910563227,0.0009613183210603893,0.18553652564077674,0.9569598599340529,0.15009758520490446,38127
724,/home/projects/bagon/shared/imagenet512/val/n06596364/ILSVRC2012_val_00034905.JPEG,2,2.0945619221165543,0.00015722469834145159,0.18791925778014001,0.8767049587464748,0.1565814882942158,38131
725,/home/projects/bagon/shared/imagenet512/val/n02100877/ILSVRC2012_val_00006857.JPEG,2,3.8973473310470013,3.576278118089249e-07,0.3147554622179702,0.9797038615912358,0.05398745111355699,38137
726,/home/projects/bagon/shared/imagenet512/val/n03930313/ILSVRC2012_val_00002026.JPEG,49,0.2370125368470326,0.0009944260818883777,0.03177314032756803,0.07605617539914156,0.0807343904863653,38145
727,/home/projects/bagon/shared/imagenet512/val/n01688243/ILSVRC2012_val_00022563.JPEG,3,6.1585829266987275,0.00032014489988796413,0.3718902703626611,0.9974586180607024,0.21300687905314528,38151
728,/home/projects/bagon/shared/imagenet512/val/n03372029/ILSVRC2012_val_00023610.JPEG,15,1.4966893058735877,0.00096703483723104,0.17444696510037766,0.7658132403546052,0.17958001370402818,38172
729,/home/projects/bagon/shared/imagenet512/val/n02099429/ILSVRC2012_val_00030579.JPEG,3,3.953650155199284,0.00011336160969221964,0.2508974132323379,0.9778291235055128,0.20839926618769808,38173
730,/home/projects/bagon/shared/imagenet512/val/n04509417/ILSVRC2012_val_00006850.JPEG,19,0.07435934984823689,0.0009602464851923287,0.016938435343472977,0.03973612394189854,0.04674771857230814,38190
731,/home/projects/bagon/shared/imagenet512/val/n03720891/ILSVRC2012_val_00049799.JPEG,2,1.2861646412766277,1.4424220353248529e-05,0.1334799938302893,0.7236528996002304,0.051592395656040096,38193
732,/home/projects/bagon/shared/imagenet512/val/n09421951/ILSVRC2012_val_00038275.JPEG,52,1.756910692085512,0.0009814451914280653,0.10592515397807134,0.7955555865038956,0.05668588087282953,38207
733,/home/projects/bagon/shared/imagenet512/val/n03970156/ILSVRC2012_val_00027554.JPEG,2,4.7681137323147595,6.794906312279636e-06,0.25783943832950446,0.991496682272753,0.11654972223335228,38227
734,/home/projects/bagon/shared/imagenet512/val/n03476991/ILSVRC2012_val_00007194.JPEG,17,2.2948317311238497,0.0009806115413084626,0.2064345202365373,0.8959628057044919,0.09993136556064301,38249
735,/home/projects/bagon/shared/imagenet512/val/n01697457/ILSVRC2012_val_00038287.JPEG,3,3.943343251893566,1.0013530300057027e-05,0.17474021102431916,0.9784755756725735,0.06601452038461908,38290
736,/home/projects/bagon/shared/imagenet512/val/n02999410/ILSVRC2012_val_00013634.JPEG,8,6.555891637806781,0.000938332756049931,0.2638436713325549,0.9977168115602592,0.18910422807420138,38329
737,/home/projects/bagon/shared/imagenet512/val/n02085620/ILSVRC2012_val_00041000.JPEG,2,2.14230125938775,0.0003511289251036942,0.232481328647165,0.8822487923974234,0.09562444776823896,38346
738,/home/projects/bagon/shared/imagenet512/val/n01667114/ILSVRC2012_val_00032700.JPEG,34,2.035883448785171,0.000996212475001812,0.2299547813919967,0.8120029048257427,0.15729828985676259,38355
739,/home/projects/bagon/shared/imagenet512/val/n03786901/ILSVRC2012_val_00031950.JPEG,2,3.65847110748291,0.0,0.21835527702828111,0.9742281148521837,0.05759108677955648,38357
740,/home/projects/bagon/shared/imagenet512/val/n07745940/ILSVRC2012_val_00010942.JPEG,3,10.003268241882324,0.0,0.8487626094783941,0.9952195963056164,0.09085078979850658,38359
741,/home/projects/bagon/shared/imagenet512/val/n02104365/ILSVRC2012_val_00035571.JPEG,28,0.27402993582654744,0.000987876090221107,0.04140983244746346,0.20634938955631835,0.1463134527788499,38386
742,/home/projects/bagon/shared/imagenet512/val/n04162706/ILSVRC2012_val_00045394.JPEG,2,2.036175012588501,0.0,0.21929487774092635,0.8694729550185214,0.017245166612421512,38400
743,/home/projects/bagon/shared/imagenet512/val/n04136333/ILSVRC2012_val_00010187.JPEG,2,2.8431875705718994,0.0,0.22635883699964077,0.9417602721175694,0.055910692891756465,38414
744,/home/projects/bagon/shared/imagenet512/val/n02091635/ILSVRC2012_val_00018526.JPEG,13,3.5765073832590133,0.0009809688199311495,0.2071124965416662,0.9698371695264453,0.050330954054264666,38417
745,/home/projects/bagon/shared/imagenet512/val/n03902125/ILSVRC2012_val_00021715.JPEG,2,0.25492784378820943,6.437280717364047e-06,0.06542286230050162,0.22501624358417488,0.0952500325535389,38418
746,/home/projects/bagon/shared/imagenet512/val/n03291819/ILSVRC2012_val_00041775.JPEG,16,3.902691267139744,0.0009463122696615756,0.21242831316290128,0.9781946760587394,0.06210889975921222,38427
747,/home/projects/bagon/shared/imagenet512/val/n04505470/ILSVRC2012_val_00049808.JPEG,92,1.4237200558418408,0.0009883524617180228,0.08329518543457702,0.6548276907686672,0.22859398551525015,38433
748,/home/projects/bagon/shared/imagenet512/val/n02108000/ILSVRC2012_val_00044356.JPEG,47,2.4419331203680485,0.0009802542626857758,0.16880628319556787,0.8991551460480031,0.0776286268475495,38437
749,/home/projects/bagon/shared/imagenet512/val/n03337140/ILSVRC2012_val_00021258.JPEG,2,0.1525389839807758,4.541770613286644e-05,0.036101611360847684,0.14139048809043359,0.038623271021292385,38464
750,/home/projects/bagon/shared/imagenet512/val/n04041544/ILSVRC2012_val_00038611.JPEG,29,4.814001354621723,0.0009829933987930417,0.25458410388212666,0.9870203684498686,0.1592698707965215,38480
751,/home/projects/bagon/shared/imagenet512/val/n02279972/ILSVRC2012_val_00005952.JPEG,2,6.682645999157103,0.0002719986077863723,0.19138803295295834,0.9984834331535267,0.047365960646351415,38486
752,/home/projects/bagon/shared/imagenet512/val/n02606052/ILSVRC2012_val_00046491.JPEG,2,4.177554368924575,9.775113539944869e-06,0.22255216027207708,0.9846541569149685,0.08037681579038045,38495
753,/home/projects/bagon/shared/imagenet512/val/n04330267/ILSVRC2012_val_00033864.JPEG,2,1.3520142627239693,0.00028451209072954953,0.15126170638018244,0.7409339979269585,0.24302468357260726,38511
754,/home/projects/bagon/shared/imagenet512/val/n01644900/ILSVRC2012_val_00032966.JPEG,3,1.9295262767700478,0.0007624103454872966,0.1491230676441726,0.7549135950637683,0.06157519575011067,38512
755,/home/projects/bagon/shared/imagenet512/val/n04005630/ILSVRC2012_val_00042069.JPEG,20,0.12156810064334422,0.0009893052047118545,0.02302183201790735,0.0816389223196803,0.007884839634465162,38520
756,/home/projects/bagon/shared/imagenet512/val/n03000134/ILSVRC2012_val_00048047.JPEG,3,4.10935264476575,0.0008671099785715342,0.3135929675072542,0.9825203514376312,0.2013352285158849,38531
757,/home/projects/bagon/shared/imagenet512/val/n01698640/ILSVRC2012_val_00048828.JPEG,3,9.764941557514248,0.00017677174764685333,0.6277667762124789,0.9696340747840525,0.038989439405129445,38551
758,/home/projects/bagon/shared/imagenet512/val/n03481172/ILSVRC2012_val_00028474.JPEG,2,1.9314787387511387,8.22540732769994e-06,0.15804013181256427,0.855056766569437,0.030645833659726163,38555
759,/home/projects/bagon/shared/imagenet512/val/n03884397/ILSVRC2012_val_00026945.JPEG,2,3.182583808898926,0.0,0.20922641743057,0.9585216510991378,0.018159327241272394,38566
760,/home/projects/bagon/shared/imagenet512/val/n03785016/ILSVRC2012_val_00037092.JPEG,54,2.083692319924012,0.0009901388548314571,0.14764004778783052,0.842157033299175,0.08225849620786918,38571
761,/home/projects/bagon/shared/imagenet512/val/n02777292/ILSVRC2012_val_00007385.JPEG,2,0.6838988065615013,4.529942543740617e-06,0.11353535324330324,0.495350735538114,0.13291126686879512,38579
762,/home/projects/bagon/shared/imagenet512/val/n02492660/ILSVRC2012_val_00041294.JPEG,3,6.030356554838363,0.000734178873244673,0.25953121980644295,0.995429191944912,0.05206485812077512,38583
763,/home/projects/bagon/shared/imagenet512/val/n02101388/ILSVRC2012_val_00042810.JPEG,7,5.013354937022086,0.0009706076816655695,0.271223546883465,0.9923895311293411,0.06396406162484033,38589
764,/home/projects/bagon/shared/imagenet512/val/n01820546/ILSVRC2012_val_00005925.JPEG,12,3.818508344294969,0.0009675112669356167,0.20462114179273327,0.9763081515216159,0.09863806175123371,38612
765,/home/projects/bagon/shared/imagenet512/val/n02096051/ILSVRC2012_val_00014738.JPEG,30,2.801525359856896,0.0009804924484342337,0.234792547368629,0.9304690049175811,0.0661369776101535,38616
766,/home/projects/bagon/shared/imagenet512/val/n02110185/ILSVRC2012_val_00015251.JPEG,113,1.2404747382970527,0.0009952597320079803,0.08092091175562109,0.5180920572302183,0.07899787033384467,38622
767,/home/projects/bagon/shared/imagenet512/val/n01847000/ILSVRC2012_val_00035054.JPEG,2,1.228629469871514,1.1920928244535389e-07,0.1735517266427898,0.7073063380810953,0.038639803182083106,38636
768,/home/projects/bagon/shared/imagenet512/val/n04418357/ILSVRC2012_val_00041249.JPEG,2,5.557324193097884,0.0004408579843584448,0.24355931189281252,0.9959312340011987,0.1805493993088321,38645
769,/home/projects/bagon/shared/imagenet512/val/n02667093/ILSVRC2012_val_00009218.JPEG,2,3.77544426573877,8.296622399939224e-05,0.22232509838941544,0.9769886962570508,0.13483575053464736,38649
770,/home/projects/bagon/shared/imagenet512/val/n04553703/ILSVRC2012_val_00038528.JPEG,13,1.4943028090638109,0.0009740613750182092,0.1385165558861538,0.7711431191179186,0.13095222078623645,38692
771,/home/projects/bagon/shared/imagenet512/val/n04443257/ILSVRC2012_val_00043358.JPEG,11,0.9345070800045505,0.0009922825265675783,0.1466585659313204,0.5936018138289456,0.044037075013158816,38712
772,/home/projects/bagon/shared/imagenet512/val/n02690373/ILSVRC2012_val_00033161.JPEG,2,1.5123368446002132,0.00010549465514486656,0.1657177973281563,0.7794774434655947,0.08551894973113999,38718
773,/home/projects/bagon/shared/imagenet512/val/n03980874/ILSVRC2012_val_00035150.JPEG,6,5.657626227242872,0.0009445258183404803,0.2125153992350121,0.9956080717960989,0.08219685107233017,38731
774,/home/projects/bagon/shared/imagenet512/val/n02110185/ILSVRC2012_val_00026678.JPEG,94,1.5140634078998119,0.000996331567876041,0.08421729951553109,0.6977197407427338,0.1736030072649291,38736
775,/home/projects/bagon/shared/imagenet512/val/n03781244/ILSVRC2012_val_00048369.JPEG,24,2.1554213530616835,0.000967153930105269,0.1453943138340491,0.8752970461609564,0.08036070369274295,38758
776,/home/projects/bagon/shared/imagenet512/val/n04200800/ILSVRC2012_val_00038439.JPEG,2,0.4778432250022817,1.1920928244535389e-07,0.19025267742315963,0.3798805115143942,0.0471857388285501,38775
777,/home/projects/bagon/shared/imagenet512/val/n03372029/ILSVRC2012_val_00013749.JPEG,3,2.8194544298130495,5.864924969500862e-05,0.3547685541381321,0.8670079913408707,0.07864047338968343,38784
778,/home/projects/bagon/shared/imagenet512/val/n02747177/ILSVRC2012_val_00007335.JPEG,17,6.034460669150576,0.0009977606823667884,0.2769721721120929,0.9968330836824487,0.08692967449582249,38787
779,/home/projects/bagon/shared/imagenet512/val/n02092339/ILSVRC2012_val_00014605.JPEG,2,4.69766403522226,0.00046135272714309394,0.19457639907639854,0.9904283198805012,0.21818524917254217,38799
780,/home/projects/bagon/shared/imagenet512/val/n03498962/ILSVRC2012_val_00042039.JPEG,2,1.6345874071100752,2.0265558760002023e-06,0.18421869156323378,0.8049647013618246,0.22066869015795787,38806
781,/home/projects/bagon/shared/imagenet512/val/n07684084/ILSVRC2012_val_00009913.JPEG,2,1.0865896938830701,1.6689160474925302e-05,0.17262728110593922,0.6626126517277776,0.035814810006468245,38814
782,/home/projects/bagon/shared/imagenet512/val/n02099849/ILSVRC2012_val_00015696.JPEG,2,2.6986446380615234,0.0,0.2017245443360621,0.9327033370727043,0.09567901334246996,38825
783,/home/projects/bagon/shared/imagenet512/val/n07697537/ILSVRC2012_val_00042704.JPEG,3,9.494357228279114,0.0,0.44481099559669757,0.999538594488214,0.046360435272118826,38826
784,/home/projects/bagon/shared/imagenet512/val/n02105855/ILSVRC2012_val_00000180.JPEG,2,1.219400878129818,9.583967766957358e-05,0.11686396907222098,0.7044690957732972,0.1335860838433075,38832
785,/home/projects/bagon/shared/imagenet512/val/n03197337/ILSVRC2012_val_00004039.JPEG,26,4.390741165960208,0.0009833505610004067,0.2104778871827438,0.986581958534295,0.11440243216985176,38833
786,/home/projects/bagon/shared/imagenet512/val/n03676483/ILSVRC2012_val_00035083.JPEG,11,3.0544193750829436,0.0009397619287483394,0.19313843221083232,0.9507803992657999,0.01693524987658309,38835
787,/home/projects/bagon/shared/imagenet512/val/n03961711/ILSVRC2012_val_00027552.JPEG,2,7.168866274143511,7.211902266135439e-05,0.3113273035209314,0.9991624703360766,0.10875655292469899,38846
788,/home/projects/bagon/shared/imagenet512/val/n02823750/ILSVRC2012_val_00037085.JPEG,3,3.0681462585926056,0.0,0.26560122887630133,0.9420563236182072,0.09373373709289703,38849
789,/home/projects/bagon/shared/imagenet512/val/n04258138/ILSVRC2012_val_00014018.JPEG,13,3.335281252861023,0.000976800569333136,0.16559722102842564,0.963242328970078,0.11372895664239373,38855
790,/home/projects/bagon/shared/imagenet512/val/n03773504/ILSVRC2012_val_00028905.JPEG,82,0.9781682885950431,0.000990377040579915,0.08111271016522012,0.5089486814200871,0.11736568279080428,38897
791,/home/projects/bagon/shared/imagenet512/val/n02110341/ILSVRC2012_val_00003355.JPEG,2,3.5922212991281413,0.0004003438516519964,0.3199913287925189,0.9722049673554826,0.16350708084717946,38929
792,/home/projects/bagon/shared/imagenet512/val/n01978455/ILSVRC2012_val_00021385.JPEG,2,2.5033582267788006,0.00019035911827813834,0.16590696475643293,0.9179858312408775,0.02573667792347483,38932
793,/home/projects/bagon/shared/imagenet512/val/n04465501/ILSVRC2012_val_00042682.JPEG,38,4.168094693333842,0.000993592431768775,0.19755539869534966,0.9806766271467284,0.060325311514133326,38959
794,/home/projects/bagon/shared/imagenet512/val/n02095314/ILSVRC2012_val_00045861.JPEG,3,2.2962756093475036,0.00052998325554654,0.2123625401696859,0.8905258006455867,0.05689067683798961,38960
795,/home/projects/bagon/shared/imagenet512/val/n03929855/ILSVRC2012_val_00030707.JPEG,3,17.642191886890487,4.768360213347478e-06,0.813138003817044,0.9993713141551422,0.14779352945446322,38971
796,/home/projects/bagon/shared/imagenet512/val/n07734744/ILSVRC2012_val_00031803.JPEG,50,2.552526082028635,0.0009913297835737467,0.16817375313102093,0.8774757165588324,0.05715682402948832,38973
797,/home/projects/bagon/shared/imagenet512/val/n02906734/ILSVRC2012_val_00026107.JPEG,17,7.143775993899908,0.0009708458674140275,0.2579055909689788,0.9985298070363384,0.06730837309458906,39017
798,/home/projects/bagon/shared/imagenet512/val/n03903868/ILSVRC2012_val_00049348.JPEG,3,6.2769537091080565,0.00018916724366135895,0.2716180507743047,0.9978502603896763,0.07999144927577814,39033
799,/home/projects/bagon/shared/imagenet512/val/n03775546/ILSVRC2012_val_00048704.JPEG,2,1.5068311687082314,2.8967437174287625e-05,0.17949083628354884,0.778353713220779,0.18779709779272694,39066
800,/home/projects/bagon/shared/imagenet512/val/n03814906/ILSVRC2012_val_00045679.JPEG,17,2.089801090536639,0.0009809688199311495,0.24829467167609537,0.8721882150152785,0.0485961117238383,39073
801,/home/projects/bagon/shared/imagenet512/val/n02099429/ILSVRC2012_val_00032264.JPEG,3,5.898271559806744,4.1483970562694594e-05,0.3016872078826759,0.9951774156140264,0.18901472275497058,39078
802,/home/projects/bagon/shared/imagenet512/val/n03535780/ILSVRC2012_val_00049468.JPEG,47,7.275578699889593,0.000993354362435639,0.20468498751413636,0.999003090566464,0.093906963877744,39083
803,/home/projects/bagon/shared/imagenet512/val/n04136333/ILSVRC2012_val_00000442.JPEG,2,2.085096596591029,4.649054244509898e-05,0.17781318710815694,0.8756527795126697,0.08049432221751526,39086
804,/home/projects/bagon/shared/imagenet512/val/n02640242/ILSVRC2012_val_00033152.JPEG,3,2.658575740933884,0.0008023141999728978,0.2944015745808356,0.929189541032422,0.14060721829903514,39108
805,/home/projects/bagon/shared/imagenet512/val/n03980874/ILSVRC2012_val_00044812.JPEG,2,2.8642340781952953,0.00015269544383045286,0.21023369293557548,0.942813416569171,0.11013698853486084,39110
806,/home/projects/bagon/shared/imagenet512/val/n03742115/ILSVRC2012_val_00021833.JPEG,2,1.6119159248191863,0.0005298641044646502,0.20341188521539727,0.7998819121132226,0.11596466691474094,39111
807,/home/projects/bagon/shared/imagenet512/val/n04476259/ILSVRC2012_val_00005555.JPEG,3,5.6669166620704345,0.0009601273923180997,0.20920350968419044,0.9956893572071407,0.16877877067437205,39122
808,/home/projects/bagon/shared/imagenet512/val/n01665541/ILSVRC2012_val_00007044.JPEG,4,6.050506591403973,2.8013790142722428e-05,0.38666767516144135,0.9166002184615321,0.043038516776311625,39124
809,/home/projects/bagon/shared/imagenet512/val/n01990800/ILSVRC2012_val_00037641.JPEG,3,3.689284134597983,0.000717025191988796,0.27051195019460333,0.9723337911136574,0.0917139298910697,39125
810,/home/projects/bagon/shared/imagenet512/val/n02096585/ILSVRC2012_val_00015759.JPEG,13,0.6650538757676259,0.0009409529156982899,0.07187250230477868,0.4734380742359402,0.1689517020275781,39134
811,/home/projects/bagon/shared/imagenet512/val/n01774750/ILSVRC2012_val_00015579.JPEG,3,1.6375782340765,0.0,0.19078248104223272,0.7855236672950195,0.13651149952672195,39169
812,/home/projects/bagon/shared/imagenet512/val/n03633091/ILSVRC2012_val_00009885.JPEG,3,4.729851294512628,0.000285584683297202,0.1861646925635683,0.9859763808284477,0.1636057321835576,39176
813,/home/projects/bagon/shared/imagenet512/val/n07613480/ILSVRC2012_val_00035917.JPEG,2,3.6524205207824707,0.0,0.19420423126880607,0.9740717014773741,0.10267351761527184,39187
814,/home/projects/bagon/shared/imagenet512/val/n03743016/ILSVRC2012_val_00031063.JPEG,4,2.3023455442744307,0.0007434703293256462,0.3832670570054564,0.6275422952421552,0.3056371741255842,39189
815,/home/projects/bagon/shared/imagenet512/val/n04081281/ILSVRC2012_val_00048227.JPEG,2,1.9731844651796564,4.8636207793606445e-05,0.18428566311068614,0.8609313659854506,0.06752117625510239,39205
816,/home/projects/bagon/shared/imagenet512/val/n03976657/ILSVRC2012_val_00019758.JPEG,11,1.8095265708398074,0.0009520289022475481,0.13498698000191697,0.8331507357370485,0.09853268428000944,39215
817,/home/projects/bagon/shared/imagenet512/val/n04487394/ILSVRC2012_val_00027975.JPEG,2,0.9732927083891809,3.933898824470816e-06,0.0932919833842876,0.6221577693277298,0.10985212540787094,39282
818,/home/projects/bagon/shared/imagenet512/val/n02088466/ILSVRC2012_val_00002503.JPEG,2,0.8462352565256879,0.0001935771433636546,0.11352007663914514,0.5707000097985012,0.032376352712037905,39290
819,/home/projects/bagon/shared/imagenet512/val/n01847000/ILSVRC2012_val_00006399.JPEG,17,4.796508848725352,0.0009590555564500391,0.21566228970343884,0.990531947206674,0.18670752362733942,39299
820,/home/projects/bagon/shared/imagenet512/val/n02939185/ILSVRC2012_val_00031234.JPEG,3,8.240166082086944,4.2199197196168825e-05,0.37864295496145195,0.9996798969237565,0.06991206393607202,39302
821,/home/projects/bagon/shared/imagenet512/val/n04008634/ILSVRC2012_val_00018888.JPEG,118,1.37751543847844,0.000996212475001812,0.08571081239529821,0.5138696283005081,0.11799024746639042,39311
822,/home/projects/bagon/shared/imagenet512/val/n02948072/ILSVRC2012_val_00010335.JPEG,12,3.600189276272431,0.0009834696538746357,0.25396760513865446,0.9718198220589064,0.11426573629774658,39351
823,/home/projects/bagon/shared/imagenet512/val/n02797295/ILSVRC2012_val_00013047.JPEG,2,3.1901490688317153,1.1920922133867862e-06,0.19565072904973094,0.95883308140786,0.1188218478102884,39371
824,/home/projects/bagon/shared/imagenet512/val/n04344873/ILSVRC2012_val_00011048.JPEG,5,1.8249671695521101,0.00091856240760535,0.1474189196292265,0.8372398108238408,0.07813841017568052,39373
825,/home/projects/bagon/shared/imagenet512/val/n07590611/ILSVRC2012_val_00025045.JPEG,20,2.7589222281822003,0.0009536962606944144,0.21676830728501165,0.9318950807758033,0.056595684132322015,39374
826,/home/projects/bagon/shared/imagenet512/val/n02100583/ILSVRC2012_val_00027038.JPEG,13,3.789436870836653,0.0009934734553098679,0.19647246374619046,0.9762276356592844,0.10272387097631794,39378
827,/home/projects/bagon/shared/imagenet512/val/n02113978/ILSVRC2012_val_00044767.JPEG,9,5.385670184215996,0.0009505997295491397,0.2580339536567905,0.9947335480615158,0.10527904458685201,39379
828,/home/projects/bagon/shared/imagenet512/val/n02917067/ILSVRC2012_val_00015398.JPEG,2,2.2662203311913345,1.1920922133867862e-06,0.26340896516914597,0.8962953884458774,0.03223930438583656,39382
829,/home/projects/bagon/shared/imagenet512/val/n04200800/ILSVRC2012_val_00047526.JPEG,2,10.363777716411278,0.00028379703871905804,0.4743130713346769,0.9999677897697952,0.04253231416615824,39393
830,/home/projects/bagon/shared/imagenet512/val/n03188531/ILSVRC2012_val_00007673.JPEG,11,6.5132468255469576,0.0009479796281084418,0.2549197517577287,0.9976768732588699,0.10178277749558748,39405
831,/home/projects/bagon/shared/imagenet512/val/n04023962/ILSVRC2012_val_00006485.JPEG,2,3.6754716642026324,0.00048673225683160126,0.20370181950487815,0.9741799674666738,0.11403961823599709,39435
832,/home/projects/bagon/shared/imagenet512/val/n02454379/ILSVRC2012_val_00045646.JPEG,3,3.7755793333053305,2.3841855067985307e-07,0.30175785391069787,0.9598571470393613,0.06611281535324452,39442
833,/home/projects/bagon/shared/imagenet512/val/n01443537/ILSVRC2012_val_00002241.JPEG,2,1.3293588161467937,3.576278118089249e-07,0.26816504458210033,0.735352590037383,0.10097354116096854,39445
834,/home/projects/bagon/shared/imagenet512/val/n02363005/ILSVRC2012_val_00007796.JPEG,2,1.6347845540585695,0.00022456508304458112,0.1692715750904382,0.8047399641648101,0.10026670001397642,39463
835,/home/projects/bagon/shared/imagenet512/val/n02090721/ILSVRC2012_val_00023327.JPEG,14,2.1558016917551868,0.0009542917250655591,0.14663472008842143,0.8795568293186877,0.06257125918932238,39471
836,/home/projects/bagon/shared/imagenet512/val/n03877845/ILSVRC2012_val_00018214.JPEG,12,7.56053374230396,0.0009872806258499622,0.47405228545185457,0.9986930481535613,0.12480786385585914,39503
837,/home/projects/bagon/shared/imagenet512/val/n02808440/ILSVRC2012_val_00049673.JPEG,53,3.9419112253235653,0.000993354362435639,0.3260526212195244,0.9746217257553103,0.20053216296004717,39508
838,/home/projects/bagon/shared/imagenet512/val/n04039381/ILSVRC2012_val_00007886.JPEG,2,4.057150445267325,0.0002752163854893297,0.2353558901741983,0.982429864684,0.09874356997630485,39531
839,/home/projects/bagon/shared/imagenet512/val/n03220513/ILSVRC2012_val_00042194.JPEG,32,0.421107136993669,0.0009831124916672707,0.04872586939698517,0.3093702153946486,0.06462958342033355,39540
840,/home/projects/bagon/shared/imagenet512/val/n02089078/ILSVRC2012_val_00041810.JPEG,38,3.206773729296401,0.000985017861239612,0.1523621580825151,0.9544494286910908,0.08871053714482416,39543
841,/home/projects/bagon/shared/imagenet512/val/n02791270/ILSVRC2012_val_00036193.JPEG,2,4.898903727531376,3.576278118089249e-07,0.25413151728396494,0.9925448645457682,0.2037145938158936,39547
842,/home/projects/bagon/shared/imagenet512/val/n03761084/ILSVRC2012_val_00004485.JPEG,2,2.5986524312756956,0.00031859567388892174,0.24541394372377665,0.92537904505257,0.1339432121894989,39556
843,/home/projects/bagon/shared/imagenet512/val/n02106030/ILSVRC2012_val_00004711.JPEG,15,1.0116170749533921,0.0009847796754911542,0.08542570877037345,0.6152440089127305,0.06243057888396737,39566
844,/home/projects/bagon/shared/imagenet512/val/n03141823/ILSVRC2012_val_00040690.JPEG,2,2.586515665054293,2.3841855067985307e-07,0.16513291762776236,0.9247178744877989,0.18691058546153852,39577
845,/home/projects/bagon/shared/imagenet512/val/n02089867/ILSVRC2012_val_00031834.JPEG,20,3.718577438034117,0.000990377040579915,0.1688877991275795,0.9677882867880413,0.1169559531677172,39582
846,/home/projects/bagon/shared/imagenet512/val/n01694178/ILSVRC2012_val_00007701.JPEG,2,4.9524122476314005,7.271740287251305e-06,0.25851560562720316,0.9929284374205324,0.07013504416542637,39583
847,/home/projects/bagon/shared/imagenet512/val/n04141975/ILSVRC2012_val_00003571.JPEG,2,3.601376284233993,0.00014733182615600526,0.2861790344763134,0.9725785375918008,0.09312963403685212,39593
848,/home/projects/bagon/shared/imagenet512/val/n07730033/ILSVRC2012_val_00035217.JPEG,20,4.065101160435006,0.0009969270322471857,0.2572433048501506,0.9813383658104813,0.2976395906140955,39604
849,/home/projects/bagon/shared/imagenet512/val/n04285008/ILSVRC2012_val_00035309.JPEG,42,1.7305113984039053,0.000993830617517233,0.12660288879964224,0.8056516469142678,0.04344717628097325,39640
850,/home/projects/bagon/shared/imagenet512/val/n02895154/ILSVRC2012_val_00013168.JPEG,73,1.080891443300061,0.0009975224966183305,0.07374489874672703,0.5792342446081121,0.055835960361567,39665
851,/home/projects/bagon/shared/imagenet512/val/n03976657/ILSVRC2012_val_00045738.JPEG,2,2.3782306902867276,3.659658250398934e-05,0.22892894477778017,0.9072457186009991,0.07442959773880344,39674
852,/home/projects/bagon/shared/imagenet512/val/n03623198/ILSVRC2012_val_00042349.JPEG,2,0.14121176884509623,0.00040880427695810795,0.03202919121044477,0.13093913876348354,0.08774528697695422,39683
853,/home/projects/bagon/shared/imagenet512/val/n03133878/ILSVRC2012_val_00029502.JPEG,16,5.444549013162032,0.0009888288332149386,0.18668508282327262,0.9946043397698756,0.053099300157917126,39698
854,/home/projects/bagon/shared/imagenet512/val/n03207941/ILSVRC2012_val_00048397.JPEG,2,2.0071277618408203,0.0,0.1949828882447235,0.8656259210416504,0.10108783382266072,39708
855,/home/projects/bagon/shared/imagenet512/val/n03633091/ILSVRC2012_val_00015481.JPEG,24,8.549654066911899,0.000993116176687181,0.20098241366891298,0.9989672630739995,0.070759635664492,39731
856,/home/projects/bagon/shared/imagenet512/val/n03877845/ILSVRC2012_val_00019412.JPEG,36,0.6028395257890224,0.000982397934421897,0.06752326921540457,0.4054437079791759,0.15202400374937342,39757
857,/home/projects/bagon/shared/imagenet512/val/n02133161/ILSVRC2012_val_00020050.JPEG,23,1.0736490957788192,0.0009707267745397985,0.14376982371707706,0.6392181089783711,0.1833738131216503,39786
858,/home/projects/bagon/shared/imagenet512/val/n03733805/ILSVRC2012_val_00038292.JPEG,18,5.123013060889207,0.0009485750924795866,0.21226969970134274,0.9929070452998023,0.06610618517036132,39798
859,/home/projects/bagon/shared/imagenet512/val/n04447861/ILSVRC2012_val_00002574.JPEG,3,8.46798668813426,0.0008629412623122334,0.4209417837839155,0.9887795499704412,0.06649252358209314,39800
860,/home/projects/bagon/shared/imagenet512/val/n07579787/ILSVRC2012_val_00021686.JPEG,3,4.938878361543175,0.0005909841856919229,0.26859332172177314,0.9786898713536185,0.17798327241044576,39806
861,/home/projects/bagon/shared/imagenet512/val/n04536866/ILSVRC2012_val_00025372.JPEG,27,9.700491295428947,0.0009652484441176057,0.2772490190771906,0.9996406543301855,0.07784886929129067,39816
862,/home/projects/bagon/shared/imagenet512/val/n03691459/ILSVRC2012_val_00040152.JPEG,31,4.549057876109146,0.0009954979177564383,0.19712008477352644,0.9879161675549734,0.07198050278079623,39822
863,/home/projects/bagon/shared/imagenet512/val/n02236044/ILSVRC2012_val_00016634.JPEG,3,7.021332483040169,0.0008950994815677404,0.3300087378099753,0.9990506074158787,0.06611220156879191,39823
864,/home/projects/bagon/shared/imagenet512/val/n04523525/ILSVRC2012_val_00022733.JPEG,18,3.572466680081561,0.000976800569333136,0.30184556325432843,0.9696555787885104,0.1013226684665062,39825
865,/home/projects/bagon/shared/imagenet512/val/n02395406/ILSVRC2012_val_00045459.JPEG,72,2.285842750570737,0.0009859706042334437,0.2453412696214005,0.8135256079512324,0.1732760218852683,39828
866,/home/projects/bagon/shared/imagenet512/val/n03478589/ILSVRC2012_val_00049378.JPEG,2,5.451961927494267,0.0003651905863080174,0.24725979388894442,0.995395030844156,0.07537294679192949,39839
867,/home/projects/bagon/shared/imagenet512/val/n03125729/ILSVRC2012_val_00044994.JPEG,26,5.309204777877312,0.0009752523037604988,0.2678775570055118,0.9928716204213643,0.04781267791765316,39841
868,/home/projects/bagon/shared/imagenet512/val/n02319095/ILSVRC2012_val_00047278.JPEG,2,2.4980287551861693,1.9073468138230965e-06,0.27320548527724337,0.9177509017376508,0.05174227833222035,39845
869,/home/projects/bagon/shared/imagenet512/val/n02895154/ILSVRC2012_val_00012474.JPEG,58,1.162454469827935,0.0009996660519391298,0.19066871727727602,0.583985354312287,0.12609631884965894,39847
870,/home/projects/bagon/shared/imagenet512/val/n04525038/ILSVRC2012_val_00028997.JPEG,2,4.419177393428981,0.00019774865359067917,0.16732837136008125,0.9877575627699613,0.09556204676875935,39851
871,/home/projects/bagon/shared/imagenet512/val/n01531178/ILSVRC2012_val_00032359.JPEG,16,2.2684391763759777,0.0009954979177564383,0.22227832756350313,0.8930015702807135,0.06836830038637577,39870
872,/home/projects/bagon/shared/imagenet512/val/n03496892/ILSVRC2012_val_00038347.JPEG,48,1.7298975372686982,0.0009976415894925594,0.0939983532305336,0.8043697116088209,0.10614324803047062,39879
873,/home/projects/bagon/shared/imagenet512/val/n04204238/ILSVRC2012_val_00034721.JPEG,6,6.207930496195331,0.0009864469757303596,0.2651325711325027,0.9976439615082927,0.12480122049733505,39880
874,/home/projects/bagon/shared/imagenet512/val/n02088094/ILSVRC2012_val_00032668.JPEG,8,2.030021862417925,0.0008947421447373927,0.23398842945513704,0.8667970906994128,0.046692442018259984,39889
875,/home/projects/bagon/shared/imagenet512/val/n03891332/ILSVRC2012_val_00008950.JPEG,2,1.806148529052706,2.3841855067985307e-07,0.16106338247426924,0.8357141140798293,0.04284599282864403,39906
876,/home/projects/bagon/shared/imagenet512/val/n03485407/ILSVRC2012_val_00034650.JPEG,25,4.0807979629025795,0.0009682258241809905,0.1532022071029117,0.9813814553298091,0.12411402138234764,39925
877,/home/projects/bagon/shared/imagenet512/val/n03160309/ILSVRC2012_val_00031535.JPEG,2,0.13067967738606967,9.500529267825186e-05,0.03197567957497079,0.1223233898407492,0.04200050912179776,39930
878,/home/projects/bagon/shared/imagenet512/val/n02815834/ILSVRC2012_val_00023499.JPEG,7,1.0582649986026809,0.0009888288332149386,0.10573553595750315,0.6497512611794197,0.0536032635028645,39942
879,/home/projects/bagon/shared/imagenet512/val/n03642806/ILSVRC2012_val_00045326.JPEG,73,1.5756354440236464,0.0009863278828561306,0.0914202595192919,0.7237247968278693,0.06891043223061546,39959
880,/home/projects/bagon/shared/imagenet512/val/n01978455/ILSVRC2012_val_00003705.JPEG,24,5.6485409626038745,0.000992997083812952,0.2095570493423613,0.9953773945302751,0.09932601479008402,40030
881,/home/projects/bagon/shared/imagenet512/val/n02840245/ILSVRC2012_val_00044322.JPEG,2,6.144393376860535,0.0003666205739136785,0.2886080073925765,0.9975167355066176,0.163721530435238,40034
882,/home/projects/bagon/shared/imagenet512/val/n03777754/ILSVRC2012_val_00027890.JPEG,2,1.7729339599163723,9.417489309271332e-06,0.19520729329797407,0.8301550465893828,0.19327033774501445,40049
883,/home/projects/bagon/shared/imagenet512/val/n03314780/ILSVRC2012_val_00043622.JPEG,2,3.7754623889923096,0.0,0.2202029913270286,0.9770735126803324,0.03992098330321543,40059
884,/home/projects/bagon/shared/imagenet512/val/n03930313/ILSVRC2012_val_00040905.JPEG,2,2.0435577089665458,0.0005887205479666591,0.2356694410749612,0.86978509278351,0.0936368511948775,40069
885,/home/projects/bagon/shared/imagenet512/val/n03729826/ILSVRC2012_val_00048847.JPEG,2,1.5078067779541016,0.0,0.22162026754809794,0.7786049837127642,0.09985142818923963,40151
886,/home/projects/bagon/shared/imagenet512/val/n01978455/ILSVRC2012_val_00011585.JPEG,6,38.58184266090393,0.0,1.2291737153634175,0.9188232962895705,0.8117941269050051,40164
887,/home/projects/bagon/shared/imagenet512/val/n03249569/ILSVRC2012_val_00006656.JPEG,2,4.986329065373866,0.00016306500765495002,0.16518303759722425,0.993006308739296,0.10797075383547677,40177
888,/home/projects/bagon/shared/imagenet512/val/n04606251/ILSVRC2012_val_00043876.JPEG,2,0.2257931381460594,8.344646857949556e-07,0.06417090315644093,0.20211523704711393,0.05019794748378837,40185
889,/home/projects/bagon/shared/imagenet512/val/n03690938/ILSVRC2012_val_00040596.JPEG,32,3.192285949306097,0.0009747759322635829,0.21527281915855212,0.9530057868138418,0.09805801971207806,40190
890,/home/projects/bagon/shared/imagenet512/val/n02088632/ILSVRC2012_val_00046273.JPEG,3,5.711712659773184,0.0003412379592191428,0.48058685293883724,0.9565083525838576,0.0176651525742485,40207
891,/home/projects/bagon/shared/imagenet512/val/n02423022/ILSVRC2012_val_00013417.JPEG,40,6.654414699412882,0.0009781105909496546,0.26739001402053875,0.9983365462635111,0.34921733005843936,40215
892,/home/projects/bagon/shared/imagenet512/val/n02112137/ILSVRC2012_val_00028420.JPEG,3,6.929792642593355,2.3841855067985307e-07,0.4887853781756742,0.9839531832267232,0.17744109402255664,40221
893,/home/projects/bagon/shared/imagenet512/val/n04357314/ILSVRC2012_val_00007627.JPEG,2,3.555218335146492,8.737658936297521e-05,0.2321616554266334,0.9713351631202809,0.06064659558457487,40225
894,/home/projects/bagon/shared/imagenet512/val/n07749582/ILSVRC2012_val_00017184.JPEG,2,2.797519326035399,1.8715683836489916e-05,0.21554815616276748,0.9390190247542065,0.12475631828375167,40236
895,/home/projects/bagon/shared/imagenet512/val/n04311174/ILSVRC2012_val_00045460.JPEG,2,4.441537499421884,3.4570634852570947e-06,0.276134886453011,0.9882186817257517,0.13868666249816622,40244
896,/home/projects/bagon/shared/imagenet512/val/n03249569/ILSVRC2012_val_00016663.JPEG,2,3.7666288567706943,0.0009812070056796074,0.21825501274081932,0.9759777647595135,0.23649848543303087,40248
897,/home/projects/bagon/shared/imagenet512/val/n02093991/ILSVRC2012_val_00039452.JPEG,2,1.4027048608113546,0.0004320403386373073,0.1579327240419195,0.7535471928277091,0.02341143945888354,40254
898,/home/projects/bagon/shared/imagenet512/val/n03476991/ILSVRC2012_val_00007464.JPEG,37,2.402370428899303,0.0009834696538746357,0.1534237806892015,0.9026589774723095,0.12854944418154007,40261
899,/home/projects/bagon/shared/imagenet512/val/n07614500/ILSVRC2012_val_00044555.JPEG,2,3.728296634668368,7.56950321374461e-05,0.1810363114679643,0.975889010715935,0.04922646588125893,40266
900,/home/projects/bagon/shared/imagenet512/val/n02099267/ILSVRC2012_val_00039504.JPEG,3,1.488938979935483,0.0001209901092806831,0.198051389486444,0.6819596836379701,0.42374550688983664,40267
901,/home/projects/bagon/shared/imagenet512/val/n03938244/ILSVRC2012_val_00046619.JPEG,15,4.51568491186481,0.0009893052047118545,0.2925947651207247,0.9884312358409683,0.15567881397102534,40287
902,/home/projects/bagon/shared/imagenet512/val/n02895154/ILSVRC2012_val_00021348.JPEG,103,1.2518648252589628,0.0009914488764479756,0.0797341419189899,0.5316908503972467,0.08214841147942191,40290
903,/home/projects/bagon/shared/imagenet512/val/n02687172/ILSVRC2012_val_00042849.JPEG,4,7.127758145332336,0.0,0.7248443868898163,0.9891402274024426,0.10318769177692075,40294
904,/home/projects/bagon/shared/imagenet512/val/n02667093/ILSVRC2012_val_00007974.JPEG,3,5.3603726705187,0.0009218971827067435,0.28831037940475757,0.9944664805741263,0.10800072014488492,40295
905,/home/projects/bagon/shared/imagenet512/val/n01682714/ILSVRC2012_val_00028351.JPEG,55,3.359697643085383,0.0009983561467379332,0.20095211127322254,0.948607616032179,0.08333461008098172,40302
906,/home/projects/bagon/shared/imagenet512/val/n04141076/ILSVRC2012_val_00043084.JPEG,2,5.198269724383863,3.0397906812140718e-05,0.25167457031994556,0.9944433209136225,0.13349564566785366,40306
907,/home/projects/bagon/shared/imagenet512/val/n01990800/ILSVRC2012_val_00049411.JPEG,2,3.0162196346209385,0.000662822334561497,0.22456591037351373,0.9503953848865333,0.0934358254912751,40315
908,/home/projects/bagon/shared/imagenet512/val/n04090263/ILSVRC2012_val_00001558.JPEG,47,6.581040382850915,0.0009918061550706625,0.37338084996730475,0.9972114488389999,0.10317039302711355,40330
909,/home/projects/bagon/shared/imagenet512/val/n07579787/ILSVRC2012_val_00007662.JPEG,52,2.643404077854939,0.000982278841547668,0.17330423548266885,0.9089455277677202,0.07741576508438447,40332
910,/home/projects/bagon/shared/imagenet512/val/n03180011/ILSVRC2012_val_00021891.JPEG,30,2.0502514517866075,0.0009894242975860834,0.10973065273092396,0.8601566313268396,0.09571734223077231,40336
911,/home/projects/bagon/shared/imagenet512/val/n01498041/ILSVRC2012_val_00014771.JPEG,2,1.4371162487950642,0.00018165845540352166,0.16473779414651776,0.7621720687326383,0.1921602957296781,40360
912,/home/projects/bagon/shared/imagenet512/val/n02012849/ILSVRC2012_val_00033138.JPEG,23,4.360778275527991,0.000979896984063089,0.2632091305985376,0.985037677398612,0.30526918541590803,40368
913,/home/projects/bagon/shared/imagenet512/val/n03876231/ILSVRC2012_val_00016070.JPEG,2,6.267714260160574,6.0794889577664435e-05,0.19229962652959437,0.998042747853187,0.03334951251729963,40375
914,/home/projects/bagon/shared/imagenet512/val/n01608432/ILSVRC2012_val_00001488.JPEG,3,5.086201603175141,0.000797311426140368,0.24780450935477535,0.9925270194739872,0.08269329450470388,40376
915,/home/projects/bagon/shared/imagenet512/val/n03630383/ILSVRC2012_val_00015323.JPEG,2,2.9230401343957055,0.0001854724541772157,0.22683055805343466,0.9460383492551037,0.10496005807077848,40377
916,/home/projects/bagon/shared/imagenet512/val/n02641379/ILSVRC2012_val_00001975.JPEG,5,11.826617321668891,0.0004593271005433053,0.45569649451270816,0.9983628798629707,0.07892649049710163,40391
917,/home/projects/bagon/shared/imagenet512/val/n03920288/ILSVRC2012_val_00035034.JPEG,2,2.228251099573299,5.125986263010418e-06,0.20669045233889405,0.8922775940014827,0.17199037999244307,40413
918,/home/projects/bagon/shared/imagenet512/val/n03781244/ILSVRC2012_val_00044002.JPEG,32,2.990142895025201,0.000998832518234849,0.1605767308897261,0.9454630632294428,0.07304561571201876,40418
919,/home/projects/bagon/shared/imagenet512/val/n02102040/ILSVRC2012_val_00010994.JPEG,24,1.150535685243085,0.0009952597320079803,0.14129088482281812,0.6679978433217783,0.03446246857166335,40435
920,/home/projects/bagon/shared/imagenet512/val/n01883070/ILSVRC2012_val_00002300.JPEG,4,10.433585913822753,0.00041845624218694866,0.5911690053399292,0.9916674551415281,0.2078417850429501,40449
921,/home/projects/bagon/shared/imagenet512/val/n04532670/ILSVRC2012_val_00028767.JPEG,2,5.455405435001012,0.0005619138828478754,0.18030558326416435,0.9951845267291339,0.15518948466821758,40459
922,/home/projects/bagon/shared/imagenet512/val/n02790996/ILSVRC2012_val_00016261.JPEG,18,0.20717368135228753,0.0009789442410692573,0.038162662300129116,0.16685413982906688,0.10927025795171565,40461
923,/home/projects/bagon/shared/imagenet512/val/n04263257/ILSVRC2012_val_00009658.JPEG,23,1.8697870479081757,0.000974537746515125,0.14276650544148695,0.8340683773013572,0.03393200708367965,40465
924,/home/projects/bagon/shared/imagenet512/val/n04330267/ILSVRC2012_val_00017468.JPEG,3,6.148015975952148,0.0,0.47203626287050227,0.9931862516054423,0.21930313466679852,40466
925,/home/projects/bagon/shared/imagenet512/val/n03529860/ILSVRC2012_val_00010142.JPEG,2,3.7579505868197884,0.00039176418795250356,0.15581554649498827,0.9762760991661931,0.04585554709665909,40467
926,/home/projects/bagon/shared/imagenet512/val/n03425413/ILSVRC2012_val_00018516.JPEG,2,1.3851869098216412,4.017272294731811e-05,0.19564726488696335,0.7496729179798358,0.041628152900749865,40472
927,/home/projects/bagon/shared/imagenet512/val/n01744401/ILSVRC2012_val_00016821.JPEG,15,8.232422041124664,0.0009958551963791251,0.31925518202839503,0.9982807347363554,0.04582332949205621,40497
928,/home/projects/bagon/shared/imagenet512/val/n03785016/ILSVRC2012_val_00037248.JPEG,43,3.343309501186013,0.0009941878961399198,0.18601235603341432,0.9587196023288402,0.05530183395634843,40510
929,/home/projects/bagon/shared/imagenet512/val/n03843555/ILSVRC2012_val_00047873.JPEG,2,1.7036241292953491,0.0,0.2137227820584612,0.8179773340390823,0.03987175381960945,40515
930,/home/projects/bagon/shared/imagenet512/val/n04127249/ILSVRC2012_val_00041648.JPEG,16,7.418888448853977,0.0009840651182457805,0.21192907222795326,0.9984280852883908,0.038309974375698316,40530
931,/home/projects/bagon/shared/imagenet512/val/n02869837/ILSVRC2012_val_00025125.JPEG,2,2.246712280844804,0.000303818320389837,0.16662339541133092,0.8939245607296471,0.17549027174257073,40531
932,/home/projects/bagon/shared/imagenet512/val/n01807496/ILSVRC2012_val_00036552.JPEG,92,1.62061761750374,0.0009972843108698726,0.09043028920094198,0.7363078227671199,0.21922719801051804,40537
933,/home/projects/bagon/shared/imagenet512/val/n03721384/ILSVRC2012_val_00031471.JPEG,2,1.417184233639091,7.271740287251305e-06,0.2580780874796538,0.7575953680461691,0.08026823879115622,40543
934,/home/projects/bagon/shared/imagenet512/val/n04357314/ILSVRC2012_val_00007823.JPEG,2,1.9334843916003592,0.00029488030122593045,0.12443012798238774,0.8550221465252297,0.02456300380168537,40563
935,/home/projects/bagon/shared/imagenet512/val/n02109047/ILSVRC2012_val_00036231.JPEG,3,9.249048947458505,4.076874756719917e-05,0.49852206517905756,0.9939871931809217,0.13484203252367669,40575
936,/home/projects/bagon/shared/imagenet512/val/n04357314/ILSVRC2012_val_00020425.JPEG,2,4.621759767178446,0.0009816833771765232,0.2040212955798525,0.9891949635045828,0.06254731566826605,40583
937,/home/projects/bagon/shared/imagenet512/val/n02097298/ILSVRC2012_val_00018988.JPEG,3,3.027369812654797,0.0007135705673135817,0.19664926237280198,0.9498708971536085,0.2965036253006397,40588
938,/home/projects/bagon/shared/imagenet512/val/n04336792/ILSVRC2012_val_00001196.JPEG,8,2.961443650186993,0.0008870004676282406,0.30445610247295346,0.9470078354412694,0.13282978374522686,40596
939,/home/projects/bagon/shared/imagenet512/val/n01693334/ILSVRC2012_val_00041769.JPEG,65,1.6801898021949455,0.0009946642676368356,0.10254679344806743,0.7488404480979802,0.30208828478745225,40597
940,/home/projects/bagon/shared/imagenet512/val/n04275548/ILSVRC2012_val_00040594.JPEG,13,4.434201671043411,0.0009434539824724197,0.32686433930920544,0.9864933101394668,0.20826364857077495,40611
941,/home/projects/bagon/shared/imagenet512/val/n03483316/ILSVRC2012_val_00033909.JPEG,25,6.5081166822928935,0.000982159748673439,0.25686503513888553,0.9977269785364353,0.03667452098367005,40620
942,/home/projects/bagon/shared/imagenet512/val/n04265275/ILSVRC2012_val_00022558.JPEG,10,0.7522329589701258,0.0009556017466820776,0.1250228820231224,0.5231174330652811,0.07730802083476582,40623
943,/home/projects/bagon/shared/imagenet512/val/n01944390/ILSVRC2012_val_00019782.JPEG,3,9.559436202049248,1.1920928244535389e-07,0.49160537800077947,0.998743748134602,0.050552332857187465,40627
944,/home/projects/bagon/shared/imagenet512/val/n03661043/ILSVRC2012_val_00029650.JPEG,2,1.960705851262901,0.0008747326792217791,0.12205931356019709,0.8582659132567227,0.037361112219911674,40662
945,/home/projects/bagon/shared/imagenet512/val/n02231487/ILSVRC2012_val_00003586.JPEG,2,4.271361266553868,0.0004109491710551083,0.21747943582755944,0.985635641819013,0.1373770790460151,40687
946,/home/projects/bagon/shared/imagenet512/val/n03868242/ILSVRC2012_val_00039238.JPEG,40,1.999165507266298,0.0009899006690829992,0.10432225403792396,0.8547932222174315,0.07882912825533646,40688
947,/home/projects/bagon/shared/imagenet512/val/n02066245/ILSVRC2012_val_00033405.JPEG,16,1.1302954882849008,0.0009996660519391298,0.12011217336637585,0.6654222721253121,0.06463422947180303,40690
948,/home/projects/bagon/shared/imagenet512/val/n09428293/ILSVRC2012_val_00036398.JPEG,2,1.7225409586098976,0.000713213172275573,0.17305738338356458,0.8206474808170163,0.12708753982223353,40699
949,/home/projects/bagon/shared/imagenet512/val/n03481172/ILSVRC2012_val_00045142.JPEG,4,1.8751071722945198,0.0009841842111200094,0.2927105452308688,0.8454168476558315,0.04343558798227317,40704
950,/home/projects/bagon/shared/imagenet512/val/n02219486/ILSVRC2012_val_00014966.JPEG,16,4.553388764790725,0.0009427393670193851,0.21722664144683707,0.9881714267159286,0.11366278474405037,40713
951,/home/projects/bagon/shared/imagenet512/val/n02091635/ILSVRC2012_val_00037347.JPEG,41,4.72047039156314,0.0009773960337042809,0.26210094330285827,0.98683738750884,0.25762225616923384,40714
952,/home/projects/bagon/shared/imagenet512/val/n02105505/ILSVRC2012_val_00032099.JPEG,8,3.179289579973556,0.0009997851448133588,0.2374564510491434,0.9570945510982732,0.02359574873023833,40719
953,/home/projects/bagon/shared/imagenet512/val/n04487394/ILSVRC2012_val_00000146.JPEG,3,4.069527362677036,0.00033087024348787963,0.37420787618221113,0.9785897375487483,0.031199548899267585,40728
954,/home/projects/bagon/shared/imagenet512/val/n03873416/ILSVRC2012_val_00003470.JPEG,2,1.5648092007177183,6.97350042173639e-05,0.17929897314811344,0.7907879912635615,0.029483560867853326,40739
955,/home/projects/bagon/shared/imagenet512/val/n04270147/ILSVRC2012_val_00004044.JPEG,4,3.4965239886078052,0.0009732277248986065,0.2006640027427557,0.9686669955057783,0.03907892567765854,40745
956,/home/projects/bagon/shared/imagenet512/val/n04493381/ILSVRC2012_val_00008932.JPEG,127,1.8020016606897116,0.0009926398051902652,0.10283103529705209,0.6563199985442985,0.028244736582527137,40750
957,/home/projects/bagon/shared/imagenet512/val/n04296562/ILSVRC2012_val_00019936.JPEG,4,3.916147529896989,1.9073304429184645e-05,0.33715851587154017,0.9099453321829218,0.13018323296485024,40760
958,/home/projects/bagon/shared/imagenet512/val/n04039381/ILSVRC2012_val_00033869.JPEG,11,7.134703627496492,0.0009504806366749108,0.2674169987580896,0.9981111931658508,0.13945732743693243,40767
959,/home/projects/bagon/shared/imagenet512/val/n02114855/ILSVRC2012_val_00031197.JPEG,12,2.0723133087158203,0.000957030919380486,0.15930509032573242,0.871174354964151,0.06906111920566398,40768
960,/home/projects/bagon/shared/imagenet512/val/n04116512/ILSVRC2012_val_00042132.JPEG,13,3.3250035382807255,0.0009829933987930417,0.1871922911848863,0.9625101968640548,0.2907903099541089,40770
961,/home/projects/bagon/shared/imagenet512/val/n04355933/ILSVRC2012_val_00030842.JPEG,3,3.162994026326487,4.029192859889008e-05,0.26793248296267913,0.8581437125173703,0.141215940545047,40779
962,/home/projects/bagon/shared/imagenet512/val/n02526121/ILSVRC2012_val_00030260.JPEG,4,1.8550899645197205,0.0009489324293099344,0.22151740016983343,0.8428312824866123,0.28195014901422244,40790
963,/home/projects/bagon/shared/imagenet512/val/n03532672/ILSVRC2012_val_00032807.JPEG,35,11.810918107512407,0.0009939497103914618,0.2748331299450866,0.9922315058623941,0.2397167182470577,40800
964,/home/projects/bagon/shared/imagenet512/val/n07716358/ILSVRC2012_val_00010332.JPEG,2,1.1983338551435736,9.274052717955783e-05,0.10229849202820405,0.6981831876811062,0.07749223140181338,40820
965,/home/projects/bagon/shared/imagenet512/val/n03481172/ILSVRC2012_val_00044583.JPEG,2,5.638101696691592,2.3483953555114567e-05,0.19992478357958607,0.9964166950661135,0.029163274852736985,40828
966,/home/projects/bagon/shared/imagenet512/val/n03485407/ILSVRC2012_val_00024942.JPEG,2,0.9671747082029469,0.0007727735792286694,0.10937890761835828,0.6188302010477,0.09655520351520573,40844
967,/home/projects/bagon/shared/imagenet512/val/n02132136/ILSVRC2012_val_00017155.JPEG,3,6.930668322485872,0.0005490464391186833,0.4479656089671527,0.9740188008688282,0.17717838352689858,40854
968,/home/projects/bagon/shared/imagenet512/val/n04285008/ILSVRC2012_val_00018117.JPEG,45,2.92374025110621,0.0009869233472272754,0.13266416076995413,0.9354523085855643,0.038806045828368455,40855
969,/home/projects/bagon/shared/imagenet512/val/n09472597/ILSVRC2012_val_00039611.JPEG,3,5.981518953747582,0.00024530262453481555,0.35696923858952473,0.9952399934332788,0.3303332211752116,40877
970,/home/projects/bagon/shared/imagenet512/val/n02108089/ILSVRC2012_val_00045933.JPEG,10,4.566429278347641,0.0009952597320079803,0.23607707859439664,0.9885343589625836,0.07687590762604887,40891
971,/home/projects/bagon/shared/imagenet512/val/n02791124/ILSVRC2012_val_00004679.JPEG,5,1.5095897631254047,0.0009348789462819695,0.23526023194533213,0.7772210098505175,0.034640700040173555,40892
972,/home/projects/bagon/shared/imagenet512/val/n02105251/ILSVRC2012_val_00041178.JPEG,14,2.0570751046179794,0.0009622710640542209,0.20308950804841364,0.8687191025469273,0.19995128585920496,40896
973,/home/projects/bagon/shared/imagenet512/val/n04380533/ILSVRC2012_val_00045288.JPEG,54,0.8508588038384914,0.0009943069890141487,0.07283750288950229,0.5340276224181676,0.20131479352157733,40899
974,/home/projects/bagon/shared/imagenet512/val/n04162706/ILSVRC2012_val_00032515.JPEG,2,1.7785016297721086,1.07287787614041e-05,0.25045527965407444,0.8310965039380854,0.11481736049538585,40905
975,/home/projects/bagon/shared/imagenet512/val/n03062245/ILSVRC2012_val_00041567.JPEG,2,4.518726347185293,5.817244164063595e-05,0.2246800748082322,0.9890385631081382,0.17891594196203747,40909
976,/home/projects/bagon/shared/imagenet512/val/n04443257/ILSVRC2012_val_00023578.JPEG,11,3.4139258672948927,0.0009995469590649009,0.16689896862973722,0.9657292066590809,0.026784104323828117,40922
977,/home/projects/bagon/shared/imagenet512/val/n03476684/ILSVRC2012_val_00016238.JPEG,2,0.9510575531294307,1.8000440832111053e-05,0.16336425106862473,0.6136428686515023,0.09767140072534154,40925
978,/home/projects/bagon/shared/imagenet512/val/n02086240/ILSVRC2012_val_00036888.JPEG,3,1.892277891311096,0.0003798478574026376,0.1325667940883275,0.8363396801966739,0.208904565247904,40929
979,/home/projects/bagon/shared/imagenet512/val/n02092002/ILSVRC2012_val_00010222.JPEG,2,0.9293716815300286,0.0002571013756096363,0.12015995930837467,0.605034439113734,0.1420132521390771,40931
980,/home/projects/bagon/shared/imagenet512/val/n03998194/ILSVRC2012_val_00049687.JPEG,15,4.237870286975522,0.0009590555564500391,0.2518595388372954,0.9846202434550736,0.07516890729832272,40938
981,/home/projects/bagon/shared/imagenet512/val/n03045698/ILSVRC2012_val_00008369.JPEG,3,4.1199812526247115,0.00011383838864276186,0.2618337696349192,0.9784093932771323,0.08519189641435798,40939
982,/home/projects/bagon/shared/imagenet512/val/n02090379/ILSVRC2012_val_00042442.JPEG,29,10.490766605944373,0.000998594332486391,0.5002009249363282,0.5233497737688811,0.24195278096687597,40945
983,/home/projects/bagon/shared/imagenet512/val/n04335435/ILSVRC2012_val_00046946.JPEG,2,0.9345509613631293,0.0006603206275030971,0.15030422707604332,0.6063414602225898,0.09800109122328914,40952
984,/home/projects/bagon/shared/imagenet512/val/n02445715/ILSVRC2012_val_00008517.JPEG,2,4.980414390563851,4.768370445162873e-07,0.19350865944054707,0.9931283292642676,0.1633987588376622,40968
985,/home/projects/bagon/shared/imagenet512/val/n09421951/ILSVRC2012_val_00048253.JPEG,3,2.3172969385050237,0.00031859567388892174,0.2108274494359253,0.8892258998671756,0.09346668556867957,40972
986,/home/projects/bagon/shared/imagenet512/val/n02988304/ILSVRC2012_val_00044283.JPEG,31,4.685335922637023,0.000987756997346878,0.2157780483630325,0.9847101455309897,0.06507651348248264,41003
987,/home/projects/bagon/shared/imagenet512/val/n03803284/ILSVRC2012_val_00020427.JPEG,3,3.1516089737415314,0.0,0.23385695926041603,0.9509563591662307,0.10281747977186409,41013
988,/home/projects/bagon/shared/imagenet512/val/n02408429/ILSVRC2012_val_00040531.JPEG,5,15.006143931706902,0.00022659118985757232,0.5347356369836684,0.9973631293964595,0.1216073459343199,41025
989,/home/projects/bagon/shared/imagenet512/val/n02128385/ILSVRC2012_val_00037779.JPEG,27,1.8070209773723036,0.0009979988681152463,0.11998222653258653,0.8092057444153719,0.05413292069077526,41029
990,/home/projects/bagon/shared/imagenet512/val/n04532106/ILSVRC2012_val_00013235.JPEG,2,3.4135800600020048,2.50339189733495e-06,0.3142491793210655,0.9670742645700496,0.13241443581990742,41045
991,/home/projects/bagon/shared/imagenet512/val/n04141076/ILSVRC2012_val_00006297.JPEG,10,6.881689670321066,0.0009157040040008724,0.4582144880749124,0.9981250346146814,0.04114560919078361,41046
992,/home/projects/bagon/shared/imagenet512/val/n03063599/ILSVRC2012_val_00023912.JPEG,2,1.5909018381789792,0.0001641377166379243,0.1229560552358039,0.7960613108943378,0.08557926624674919,41048
993,/home/projects/bagon/shared/imagenet512/val/n03876231/ILSVRC2012_val_00007959.JPEG,2,2.060025643062545,0.00031275625224225223,0.2516413927911501,0.8722221074207501,0.055200765842918276,41052
994,/home/projects/bagon/shared/imagenet512/val/n04040759/ILSVRC2012_val_00042431.JPEG,9,5.201281137531623,0.0009972843108698726,0.3010137404667799,0.9938062445588891,0.0904856023559248,41054
995,/home/projects/bagon/shared/imagenet512/val/n03532672/ILSVRC2012_val_00007783.JPEG,2,1.7601522146214847,0.00011050090688513592,0.15910542296071287,0.827852640416702,0.10463106799222269,41057
996,/home/projects/bagon/shared/imagenet512/val/n02106382/ILSVRC2012_val_00018331.JPEG,13,4.742475048988126,0.0009864469757303596,0.3186472647850824,0.990235497252129,0.05405185227091981,41060
997,/home/projects/bagon/shared/imagenet512/val/n04026417/ILSVRC2012_val_00030668.JPEG,24,0.4739946813788265,0.000987637904472649,0.052606338482299606,0.3586466956222568,0.09815626722448051,41062
998,/home/projects/bagon/shared/imagenet512/val/n04599235/ILSVRC2012_val_00016103.JPEG,10,1.9081889786757529,0.0009837078396230936,0.10343409249935397,0.8490433009109811,0.024642176786450216,41070
999,/home/projects/bagon/shared/imagenet512/val/n02100583/ILSVRC2012_val_00035278.JPEG,2,2.467430295131635,0.0003406421164982021,0.1542395886717366,0.9148734925101667,0.1917540394585277,41092
1000,/home/projects/bagon/shared/imagenet512/val/n03781244/ILSVRC2012_val_00043489.JPEG,37,2.554074280196801,0.0009843033039942384,0.14053262414798628,0.9148580969015647,0.11625489754172172,41099
1001,/home/projects/bagon/shared/imagenet512/val/n03661043/ILSVRC2012_val_00039081.JPEG,10,5.658660655142739,0.0009868042543530464,0.35393623990585266,0.9955754545410275,0.15745165127995997,41102
1002,/home/projects/bagon/shared/imagenet512/val/n02168699/ILSVRC2012_val_00047337.JPEG,3,13.026869058584907,6.9141146923357155e-06,0.684569677906667,0.9996202947776137,0.11468763351966937,41103
1003,/home/projects/bagon/shared/imagenet512/val/n01910747/ILSVRC2012_val_00015039.JPEG,4,10.991204619407647,1.1920928244535389e-07,0.8871749672446158,0.9446246358069135,0.16196088055173372,41125
1004,/home/projects/bagon/shared/imagenet512/val/n04239074/ILSVRC2012_val_00008844.JPEG,24,18.223538269288838,0.0009815642843022943,0.817810118981318,0.9533259250421368,0.33357033826805665,41141
1005,/home/projects/bagon/shared/imagenet512/val/n01665541/ILSVRC2012_val_00016779.JPEG,2,5.506232499861653,2.074220174108632e-05,0.2315754015952098,0.9959178271544467,0.04589690387778817,41149
1006,/home/projects/bagon/shared/imagenet512/val/n03026506/ILSVRC2012_val_00027009.JPEG,2,3.468116283416748,0.0,0.28446873038983195,0.9688242956635341,0.11565239221210274,41153
1007,/home/projects/bagon/shared/imagenet512/val/n03942813/ILSVRC2012_val_00009929.JPEG,2,5.429141521453744,4.768370445162873e-07,0.30807439503046,0.9956127313953665,0.06456702946016696,41162
1008,/home/projects/bagon/shared/imagenet512/val/n03670208/ILSVRC2012_val_00004036.JPEG,12,7.806400451925583,0.0009588173124939203,0.4452356684040333,0.9991943885202013,0.05752384530159623,41183
1009,/home/projects/bagon/shared/imagenet512/val/n03884397/ILSVRC2012_val_00036583.JPEG,3,6.620567888021469,0.0,0.31731127127795616,0.9983740519811813,0.06513632009070607,41184
1010,/home/projects/bagon/shared/imagenet512/val/n07875152/ILSVRC2012_val_00029054.JPEG,7,3.796597502718214,0.000865561596583575,0.23341327118914373,0.9764465611647738,0.0600893380379318,41186
1011,/home/projects/bagon/shared/imagenet512/val/n02112706/ILSVRC2012_val_00025884.JPEG,17,1.6078999489545822,0.00098204065579921,0.15103045715426006,0.7936555642758776,0.06037517683549036,41189
1012,/home/projects/bagon/shared/imagenet512/val/n07860988/ILSVRC2012_val_00001949.JPEG,4,11.250789748941315,0.00048351517762057483,0.4577595147463168,0.9177003135552501,0.18575415134038975,41192
1013,/home/projects/bagon/shared/imagenet512/val/n03255030/ILSVRC2012_val_00019337.JPEG,2,0.5872249358071713,0.00022146634000819176,0.07753388607818187,0.44382269127738183,0.07997994866494774,41193
1014,/home/projects/bagon/shared/imagenet512/val/n04328186/ILSVRC2012_val_00038729.JPEG,3,5.845039402425755,0.0009713222389109433,0.22688650192525409,0.9954563086397572,0.1980020946017373,41201
1015,/home/projects/bagon/shared/imagenet512/val/n02113186/ILSVRC2012_val_00049129.JPEG,3,7.244742095468155,2.145764938177308e-06,0.39959938133927037,0.9988309117026702,0.11527995765214169,41203
1016,/home/projects/bagon/shared/imagenet512/val/n03908714/ILSVRC2012_val_00046070.JPEG,2,0.6933799981952689,4.887569048150908e-06,0.11793181209329537,0.5001092089874603,0.0743255186768618,41213
1017,/home/projects/bagon/shared/imagenet512/val/n02877765/ILSVRC2012_val_00006518.JPEG,3,9.842698033462511,0.0003570872650016099,0.4517024689552579,0.9988573351404337,0.08698110283098053,41214
1018,/home/projects/bagon/shared/imagenet512/val/n03063599/ILSVRC2012_val_00019347.JPEG,45,1.4551234567770734,0.00099871342536062,0.14264681912815258,0.7377580405063751,0.08877755675474619,41220
1019,/home/projects/bagon/shared/imagenet512/val/n04325704/ILSVRC2012_val_00015383.JPEG,10,3.068209040327929,0.0009444067254662514,0.1751630890292034,0.9523275330920519,0.12212061595242613,41225
1020,/home/projects/bagon/shared/imagenet512/val/n03400231/ILSVRC2012_val_00044810.JPEG,14,0.8213515502284281,0.0009615565068088472,0.09645319149336663,0.55095365151061,0.044577768710884175,41227
1021,/home/projects/bagon/shared/imagenet512/val/n03594734/ILSVRC2012_val_00023880.JPEG,2,4.123671054839065,1.4305104514278355e-06,0.18788195631304636,0.9838135736160362,0.04511298480183252,41253
1022,/home/projects/bagon/shared/imagenet512/val/n02871525/ILSVRC2012_val_00034700.JPEG,2,1.9687480438151397,0.00031251792097464204,0.16386526079299327,0.8600186710133547,0.04402750313151711,41283
1023,/home/projects/bagon/shared/imagenet512/val/n03642806/ILSVRC2012_val_00029674.JPEG,98,2.4050123064080253,0.000998832518234849,0.1047817168771036,0.8665741298327546,0.07306548997326193,41294
1024,/home/projects/bagon/shared/imagenet512/val/n04517823/ILSVRC2012_val_00037540.JPEG,2,3.7441240549087453,1.1920928244535389e-07,0.2301842990242007,0.9763434901496879,0.04094407796130351,41328
1025,/home/projects/bagon/shared/imagenet512/val/n02256656/ILSVRC2012_val_00024538.JPEG,3,4.542550003679935,0.0009304723353125155,0.21606080037174347,0.9892192921995945,0.2516989746204412,41330
1026,/home/projects/bagon/shared/imagenet512/val/n04350905/ILSVRC2012_val_00024042.JPEG,2,3.392524775932543,0.0006027788622304797,0.15568866940945628,0.9658132958071763,0.04930658382584557,41336
1027,/home/projects/bagon/shared/imagenet512/val/n03832673/ILSVRC2012_val_00027698.JPEG,75,0.6962604627478868,0.0009966888464987278,0.06148043332081181,0.40318900246966877,0.13571652687993824,41348
1028,/home/projects/bagon/shared/imagenet512/val/n02086240/ILSVRC2012_val_00005898.JPEG,36,0.9992123361444101,0.0009946642676368356,0.08281099611690132,0.6038671392555198,0.10293011766394487,41377
1029,/home/projects/bagon/shared/imagenet512/val/n01855672/ILSVRC2012_val_00043927.JPEG,3,3.844327722901653,0.00011216964776394889,0.22147939664122124,0.9777283337110341,0.035432315427217136,41386
1030,/home/projects/bagon/shared/imagenet512/val/n03476684/ILSVRC2012_val_00013972.JPEG,2,0.3633181295299437,0.0001774868869688362,0.06218615379287753,0.3043355452306164,0.0888219386439033,41391
1031,/home/projects/bagon/shared/imagenet512/val/n04039381/ILSVRC2012_val_00012341.JPEG,2,3.1893525083432905,8.964136941358447e-05,0.1920988526106372,0.9587087515119651,0.12340493828609578,41405
1032,/home/projects/bagon/shared/imagenet512/val/n04154565/ILSVRC2012_val_00003547.JPEG,21,5.447431618289556,0.0009591746493242681,0.2260447659498255,0.9946168480618298,0.08629967761347268,41406
1033,/home/projects/bagon/shared/imagenet512/val/n04070727/ILSVRC2012_val_00046360.JPEG,4,4.341455413203221,0.0009697740315459669,0.27816044786399124,0.9858963974277554,0.044139610843384317,41415
1034,/home/projects/bagon/shared/imagenet512/val/n03866082/ILSVRC2012_val_00009526.JPEG,45,2.0919614819576964,0.0009947833605110645,0.1794690821712486,0.8585392166961866,0.10830357842921902,41447
1035,/home/projects/bagon/shared/imagenet512/val/n04409515/ILSVRC2012_val_00010954.JPEG,2,3.071867942809831,7.152555099310121e-07,0.3369261260692589,0.9536646775248955,0.1739836638040687,41449
1036,/home/projects/bagon/shared/imagenet512/val/n04296562/ILSVRC2012_val_00039881.JPEG,2,0.7329667806325233,7.748573807475623e-06,0.14633167836135166,0.5195071659921158,0.0936234937977368,41451
1037,/home/projects/bagon/shared/imagenet512/val/n02879718/ILSVRC2012_val_00002181.JPEG,11,4.485240297333803,0.0009396428358741105,0.2034260644023668,0.9876467314841563,0.08557387192957948,41452
1038,/home/projects/bagon/shared/imagenet512/val/n02174001/ILSVRC2012_val_00047630.JPEG,2,1.8735419486329192,7.1403817855753e-05,0.1919747527650287,0.8463394507586703,0.04228187206029377,41453
1039,/home/projects/bagon/shared/imagenet512/val/n03773504/ILSVRC2012_val_00015813.JPEG,106,2.2789550439920276,0.0009982370538637042,0.12978154098017536,0.780095110793029,0.1393268332868285,41458
1040,/home/projects/bagon/shared/imagenet512/val/n02483708/ILSVRC2012_val_00040264.JPEG,15,3.8702973625040613,0.0009754904895089567,0.26118857003953866,0.9432663135325612,0.27394105842037575,41473
1041,/home/projects/bagon/shared/imagenet512/val/n03394916/ILSVRC2012_val_00011691.JPEG,12,6.993621026864275,0.0009925207123160362,0.28735751695692957,0.9980847167523319,0.04759879109713348,41476
1042,/home/projects/bagon/shared/imagenet512/val/n02219486/ILSVRC2012_val_00038182.JPEG,2,2.8407058714992672,1.2874520507466514e-05,0.16339564424678157,0.9416019231440546,0.1189011729020357,41477
1043,/home/projects/bagon/shared/imagenet512/val/n03196217/ILSVRC2012_val_00020409.JPEG,2,3.6026505181580433,0.00010024998482549563,0.18308285767302612,0.9726473039790451,0.12084780773128319,41480
1044,/home/projects/bagon/shared/imagenet512/val/n02443114/ILSVRC2012_val_00045602.JPEG,44,1.9529109590221196,0.0009993088897317648,0.1288546036871191,0.8354493631224025,0.07071154058110866,41489
1045,/home/projects/bagon/shared/imagenet512/val/n03018349/ILSVRC2012_val_00018538.JPEG,2,1.3077669113481534,7.772143726469949e-05,0.18217125889049385,0.7294784864940739,0.12188773214454006,41491
1046,/home/projects/bagon/shared/imagenet512/val/n02988304/ILSVRC2012_val_00009631.JPEG,59,3.9571575334994122,0.0009976415894925594,0.1886861240067706,0.9740301385538519,0.07751695912836638,41510
1047,/home/projects/bagon/shared/imagenet512/val/n03218198/ILSVRC2012_val_00028944.JPEG,2,0.957183586229803,0.0001627074379939586,0.13804524922854847,0.6159382697276046,0.1203686878143883,41524
1048,/home/projects/bagon/shared/imagenet512/val/n04179913/ILSVRC2012_val_00001127.JPEG,15,5.2415857737651095,0.000985017861239612,0.16345944099449985,0.9935433868103748,0.10243677234032801,41526
1049,/home/projects/bagon/shared/imagenet512/val/n02088238/ILSVRC2012_val_00049931.JPEG,6,0.33004888182040304,0.000995974289253354,0.06472850791768037,0.2756116995333835,0.07648631003742848,41528
1050,/home/projects/bagon/shared/imagenet512/val/n13133613/ILSVRC2012_val_00010376.JPEG,71,3.9553486242657527,0.0009952597320079803,0.23891322646070876,0.972792147569833,0.10021457405428671,41533
1051,/home/projects/bagon/shared/imagenet512/val/n01877812/ILSVRC2012_val_00019476.JPEG,2,4.724859636975452,0.0003937899600714445,0.23893456965094664,0.9907594732886907,0.1145235738704235,41547
1052,/home/projects/bagon/shared/imagenet512/val/n02128925/ILSVRC2012_val_00011325.JPEG,7,10.590786053158808,0.0009461931767873466,0.3023155908133148,0.9998511251367108,0.08491768780019775,41551
1053,/home/projects/bagon/shared/imagenet512/val/n03871628/ILSVRC2012_val_00009786.JPEG,5,0.6553168071550317,0.0009713222389109433,0.08221265696064764,0.47758262311471783,0.08823162959772526,41564
1054,/home/projects/bagon/shared/imagenet512/val/n04090263/ILSVRC2012_val_00000244.JPEG,4,9.81304001231183,0.00010740180005086586,0.6627671862891045,0.9819025480396055,0.03504492245749988,41577
1055,/home/projects/bagon/shared/imagenet512/val/n04208210/ILSVRC2012_val_00012626.JPEG,3,6.151376884430647,0.0007373951375484467,0.22912722239061115,0.9970200378397359,0.1157590607581972,41579
1056,/home/projects/bagon/shared/imagenet512/val/n04542943/ILSVRC2012_val_00010093.JPEG,2,6.584367508476134,0.00010179955279454589,0.23208270590185034,0.9985170378851551,0.04135787195552232,41582
1057,/home/projects/bagon/shared/imagenet512/val/n04229816/ILSVRC2012_val_00035299.JPEG,2,1.663582444190979,0.0,0.17642755037240015,0.8105409582069516,0.1314157385847185,41592
1058,/home/projects/bagon/shared/imagenet512/val/n04154565/ILSVRC2012_val_00043625.JPEG,45,3.6675628861412406,0.0009833505610004067,0.1427305402547377,0.9684070317476686,0.14591796315741365,41596
1059,/home/projects/bagon/shared/imagenet512/val/n04179913/ILSVRC2012_val_00023167.JPEG,2,3.961254713780363,6.544376083184034e-05,0.21289347691517455,0.9808947616784685,0.09434619437891001,41615
1060,/home/projects/bagon/shared/imagenet512/val/n03400231/ILSVRC2012_val_00026723.JPEG,15,2.034789134573657,0.000954649003688246,0.14615442314240945,0.8639227616282648,0.08786707423840516,41622
1061,/home/projects/bagon/shared/imagenet512/val/n02123159/ILSVRC2012_val_00014860.JPEG,48,1.5078936795471236,0.0009816833771765232,0.13388660963000237,0.7412354538778626,0.13439915700546867,41626
1062,/home/projects/bagon/shared/imagenet512/val/n02687172/ILSVRC2012_val_00020530.JPEG,14,3.5414537700125948,0.0009579836623743176,0.27712250291038454,0.9694988192898683,0.19704018395657646,41633
1063,/home/projects/bagon/shared/imagenet512/val/n02113712/ILSVRC2012_val_00026778.JPEG,70,3.461283128010109,0.0009914488764479756,0.23373334870408724,0.9464774270094022,0.13067626111666616,41639
1064,/home/projects/bagon/shared/imagenet512/val/n04275548/ILSVRC2012_val_00035311.JPEG,14,1.3739388767862692,0.0009779914980754256,0.21851013530162194,0.7403422808970854,0.06458099130925805,41646
1065,/home/projects/bagon/shared/imagenet512/val/n04579432/ILSVRC2012_val_00048926.JPEG,3,3.150755225971807,0.0009759668610058725,0.2738821047071052,0.9562852787934438,0.14713147890463088,41689
1066,/home/projects/bagon/shared/imagenet512/val/n03770679/ILSVRC2012_val_00005862.JPEG,33,0.9543328889412805,0.0009901388548314571,0.08079270501620911,0.5868139610204259,0.0766583122316266,41695
1067,/home/projects/bagon/shared/imagenet512/val/n03729826/ILSVRC2012_val_00025397.JPEG,2,4.720178008079472,3.576278118089249e-07,0.3085748604827478,0.9910860938063867,0.12609992824734995,41696
1068,/home/projects/bagon/shared/imagenet512/val/n03873416/ILSVRC2012_val_00048851.JPEG,2,4.595411419867219,1.5497195136049413e-06,0.2170980235638289,0.9899003531140177,0.07293770101565646,41697
1069,/home/projects/bagon/shared/imagenet512/val/n03216828/ILSVRC2012_val_00037556.JPEG,33,2.8154323738999665,0.00098525604698807,0.16888756706935928,0.9196507099531517,0.25323258090101824,41700
1070,/home/projects/bagon/shared/imagenet512/val/n07584110/ILSVRC2012_val_00032735.JPEG,2,0.565270262042759,0.00029202012228779495,0.06303746441458563,0.4313385772469616,0.11335838557137118,41707
1071,/home/projects/bagon/shared/imagenet512/val/n03691459/ILSVRC2012_val_00049230.JPEG,59,8.415988043416291,0.0009893052047118545,0.22241907208225897,0.9992038944859831,0.12510563036653857,41708
1072,/home/projects/bagon/shared/imagenet512/val/n09399592/ILSVRC2012_val_00034546.JPEG,24,2.186448114342056,0.0009885906474664807,0.18000796479309722,0.7955543912985702,0.26590980126113484,41711
1073,/home/projects/bagon/shared/imagenet512/val/n01667114/ILSVRC2012_val_00038085.JPEG,5,14.937124513061462,7.510157047363464e-06,0.9683859972005662,0.9798081202229817,0.3151387512916812,41723
1074,/home/projects/bagon/shared/imagenet512/val/n01980166/ILSVRC2012_val_00005122.JPEG,5,2.412390243029222,0.0008911690674722195,0.19617976570353143,0.9096205437861881,0.0708466718801718,41748
1075,/home/projects/bagon/shared/imagenet512/val/n03873416/ILSVRC2012_val_00046406.JPEG,24,7.501508559798822,0.0009947833605110645,0.3904929498778745,0.9974046318652383,0.16699735363753127,41757
1076,/home/projects/bagon/shared/imagenet512/val/n07920052/ILSVRC2012_val_00040661.JPEG,2,2.507703299394052,9.893881360767409e-05,0.18539060087774148,0.9184382042728021,0.1709680863028405,41770
1077,/home/projects/bagon/shared/imagenet512/val/n03216828/ILSVRC2012_val_00023072.JPEG,2,1.3995831664360594,0.00032872517476789653,0.10659517590612859,0.7528946586567712,0.02618511419401949,41776
1078,/home/projects/bagon/shared/imagenet512/val/n04067472/ILSVRC2012_val_00031522.JPEG,2,3.8578630685574353,6.794906312279636e-06,0.17207132518032064,0.9788799926319862,0.09596250471616792,41786
1079,/home/projects/bagon/shared/imagenet512/val/n02487347/ILSVRC2012_val_00018904.JPEG,24,3.724215978058055,0.0009639384225010872,0.20465466515843042,0.9731893264058442,0.16882715665305215,41800
1080,/home/projects/bagon/shared/imagenet512/val/n01775062/ILSVRC2012_val_00037280.JPEG,22,3.084868128178641,0.0009835887467488647,0.24306384497251432,0.9034334307271819,0.12612206115344243,41802
1081,/home/projects/bagon/shared/imagenet512/val/n04090263/ILSVRC2012_val_00030031.JPEG,51,6.2301911463728175,0.00099871342536062,0.24986541270524384,0.9973384531052144,0.01429140016204902,41811
1082,/home/projects/bagon/shared/imagenet512/val/n03980874/ILSVRC2012_val_00043919.JPEG,2,3.182655328353576,0.00011062010162277147,0.17572762332889674,0.9584100081427813,0.07175733193245822,41812
1083,/home/projects/bagon/shared/imagenet512/val/n03733281/ILSVRC2012_val_00024639.JPEG,2,5.285446524619715,8.344646857949556e-07,0.26908012688584115,0.9949343647814246,0.06156532623046464,41819
1084,/home/projects/bagon/shared/imagenet512/val/n04398044/ILSVRC2012_val_00035011.JPEG,2,2.949078193734749,0.00013052565918769687,0.15118670134935291,0.9474751676872196,0.10818185561233382,41822
1085,/home/projects/bagon/shared/imagenet512/val/n02669723/ILSVRC2012_val_00049061.JPEG,2,0.9410005139216082,0.00012051333033014089,0.08397157444023846,0.609595533948429,0.07683048227362174,41826
1086,/home/projects/bagon/shared/imagenet512/val/n15075141/ILSVRC2012_val_00001079.JPEG,14,7.553802266425919,0.0009734659106470644,0.2170131281622426,0.9993980181290374,0.10946456835774282,41845
1087,/home/projects/bagon/shared/imagenet512/val/n01773549/ILSVRC2012_val_00002688.JPEG,20,2.9484481951221824,0.0009993088897317648,0.14483009840043948,0.9451137782841279,0.11561853695819352,41857
1088,/home/projects/bagon/shared/imagenet512/val/n02483362/ILSVRC2012_val_00020301.JPEG,3,3.993996381737361,6.6756979322235566e-06,0.2931873515258742,0.9259602302772449,0.057372816934842384,41869
1089,/home/projects/bagon/shared/imagenet512/val/n03868863/ILSVRC2012_val_00007585.JPEG,2,2.1049755723652197,0.00013267113536130637,0.20109432079384978,0.8780032274153537,0.05139203149945402,41874
1090,/home/projects/bagon/shared/imagenet512/val/n01847000/ILSVRC2012_val_00021372.JPEG,40,5.142109450360294,0.0009732277248986065,0.18415496180589938,0.9920972721985887,0.14784228236298816,41880
1091,/home/projects/bagon/shared/imagenet512/val/n07720875/ILSVRC2012_val_00035410.JPEG,2,7.822042217594571,0.00013565097469836473,0.3589453955211628,0.9995904616678499,0.15402487143217478,41881
1092,/home/projects/bagon/shared/imagenet512/val/n02641379/ILSVRC2012_val_00030998.JPEG,3,4.788458331000584,5.328513361746445e-05,0.26544948654374906,0.9893163924253942,0.11666229210177588,41886
1093,/home/projects/bagon/shared/imagenet512/val/n04229816/ILSVRC2012_val_00003737.JPEG,3,4.542153775691958,2.3841855067985307e-07,0.2266148988953997,0.9832057840441085,0.07636299810402096,41900
1094,/home/projects/bagon/shared/imagenet512/val/n03642806/ILSVRC2012_val_00037209.JPEG,51,1.4606752563267946,0.000996331567876041,0.09254093980270524,0.7410849248802344,0.04671948353401331,41909
1095,/home/projects/bagon/shared/imagenet512/val/n02096437/ILSVRC2012_val_00000279.JPEG,2,3.541681448754389,0.0003983181086368859,0.18325018079732353,0.970694231553909,0.07305586572506659,41917
1096,/home/projects/bagon/shared/imagenet512/val/n03089624/ILSVRC2012_val_00008801.JPEG,8,0.8454013745649718,0.0009758477681316435,0.18673444008066523,0.5659590054209503,0.047553926572907426,41920
1097,/home/projects/bagon/shared/imagenet512/val/n01688243/ILSVRC2012_val_00000978.JPEG,3,9.002902567266574,1.549708758830093e-05,0.3207625609758713,0.9997664198514697,0.0669041998075103,41935
1098,/home/projects/bagon/shared/imagenet512/val/n04591713/ILSVRC2012_val_00026709.JPEG,31,6.846192219061777,0.0009900197619572282,0.2852910615605105,0.9986279037376636,0.02808426109959033,41937
1099,/home/projects/bagon/shared/imagenet512/val/n02776631/ILSVRC2012_val_00032747.JPEG,26,8.55090611288324,0.0009654866298660636,0.27722092980182944,0.9991563858092439,0.0846554102843099,41947
1100,/home/projects/bagon/shared/imagenet512/val/n04265275/ILSVRC2012_val_00045817.JPEG,2,1.6264870166778493,1.1920928244535389e-07,0.1676416845390021,0.8033807707781798,0.13632657476250537,41952
1101,/home/projects/bagon/shared/imagenet512/val/n02641379/ILSVRC2012_val_00034140.JPEG,3,5.130240304977633,0.00030322244856506586,0.22788331178855525,0.9923858385621601,0.02951839216689538,41970
1102,/home/projects/bagon/shared/imagenet512/val/n01914609/ILSVRC2012_val_00002938.JPEG,2,0.989568930817768,0.0005236684810370207,0.09533249883539673,0.6275550961976836,0.11980289170765866,41992
1103,/home/projects/bagon/shared/imagenet512/val/n02109961/ILSVRC2012_val_00039057.JPEG,138,1.7394686643965542,0.0009946642676368356,0.09699934889998965,0.6133230630344049,0.1563403974858309,41996
1104,/home/projects/bagon/shared/imagenet512/val/n02002724/ILSVRC2012_val_00030904.JPEG,12,2.53023766662227,0.0009750141180120409,0.23174805788352298,0.918319603934526,0.19788378934933404,42048
1105,/home/projects/bagon/shared/imagenet512/val/n02788148/ILSVRC2012_val_00005736.JPEG,2,3.6113349199270033,2.264974000354414e-06,0.29916061725174936,0.9729817172709493,0.02832256071268019,42059
1106,/home/projects/bagon/shared/imagenet512/val/n03457902/ILSVRC2012_val_00041009.JPEG,5,7.126439507585019,0.0008560330606997013,0.5849567670957201,0.9831499443918047,0.473481627049518,42068
1107,/home/projects/bagon/shared/imagenet512/val/n02892201/ILSVRC2012_val_00014939.JPEG,2,4.392346382141113,0.0,0.29348426834576624,0.9876283021691474,0.021605087517039556,42073
1108,/home/projects/bagon/shared/imagenet512/val/n03642806/ILSVRC2012_val_00007948.JPEG,67,0.9072612925665453,0.0009968079393729568,0.06724447957926784,0.5165533585461993,0.12040768134412246,42088
1109,/home/projects/bagon/shared/imagenet512/val/n03874599/ILSVRC2012_val_00014039.JPEG,2,3.394114964721666,0.0001134808044298552,0.22559011910640703,0.966313050650908,0.08048321587258907,42093
1110,/home/projects/bagon/shared/imagenet512/val/n04371430/ILSVRC2012_val_00043532.JPEG,2,3.7297575473751294,2.622600959512056e-06,0.20692047126286287,0.9759986371414026,0.21939913429544783,42108
1111,/home/projects/bagon/shared/imagenet512/val/n07720875/ILSVRC2012_val_00027266.JPEG,2,0.32015278935409697,7.152555099310121e-07,0.11031198293394101,0.2739606492574908,0.20362723101255042,42110
1112,/home/projects/bagon/shared/imagenet512/val/n02510455/ILSVRC2012_val_00022314.JPEG,2,0.725466609001046,4.768370445162873e-07,0.19246896246946474,0.5159009270833549,0.09302550932477734,42114
1113,/home/projects/bagon/shared/imagenet512/val/n04392985/ILSVRC2012_val_00001249.JPEG,82,2.3415939131518826,0.0009908534120768309,0.15662252613432465,0.8657405848636758,0.14477155725434374,42118
1114,/home/projects/bagon/shared/imagenet512/val/n04099969/ILSVRC2012_val_00038617.JPEG,2,4.168644530684105,0.00018320789968129247,0.21116763720846704,0.9843435099565739,0.1053843291518167,42135
1115,/home/projects/bagon/shared/imagenet512/val/n03249569/ILSVRC2012_val_00026291.JPEG,2,3.029336332623643,3.611976353568025e-05,0.186995120281559,0.9516143979277509,0.10944088044781342,42138
1116,/home/projects/bagon/shared/imagenet512/val/n04330267/ILSVRC2012_val_00009101.JPEG,2,2.612353324889682,9.536738616588991e-07,0.20674838869928097,0.9266372578641914,0.1437128562287731,42139
1117,/home/projects/bagon/shared/imagenet512/val/n10565667/ILSVRC2012_val_00000255.JPEG,2,0.7925956246908754,2.1576648578047752e-05,0.09562825731382488,0.5473004834204075,0.06086073599434984,42145
1118,/home/projects/bagon/shared/imagenet512/val/n02865351/ILSVRC2012_val_00011687.JPEG,3,7.946326136573134,5.602820692729438e-06,0.21423116527326194,0.9995535625773058,0.07426089210078252,42159
1119,/home/projects/bagon/shared/imagenet512/val/n04507155/ILSVRC2012_val_00029272.JPEG,3,5.846778749662917,0.0004898302140645683,0.43547830431172196,0.9697192373277607,0.20790813409443665,42160
1120,/home/projects/bagon/shared/imagenet512/val/n03110669/ILSVRC2012_val_00008298.JPEG,3,2.260174274317251,1.597391747054644e-05,0.18431178454675165,0.8364650007593977,0.07447939734232394,42180
1121,/home/projects/bagon/shared/imagenet512/val/n04356056/ILSVRC2012_val_00023605.JPEG,112,6.480984685476869,0.000990257947705686,0.21662342592530115,0.9958487451680252,0.05004263404940529,42187
1122,/home/projects/bagon/shared/imagenet512/val/n02093256/ILSVRC2012_val_00001222.JPEG,100,2.896999449003488,0.0009912106906995177,0.1530669701547902,0.9129669011858428,0.10859401820078887,42192
1123,/home/projects/bagon/shared/imagenet512/val/n03868863/ILSVRC2012_val_00019871.JPEG,2,1.5107328702579252,0.00019453064305707812,0.1281187773580953,0.7790181119694713,0.10585889550486899,42201
1124,/home/projects/bagon/shared/imagenet512/val/n03710637/ILSVRC2012_val_00007053.JPEG,116,1.7757721340749413,0.000992877990938723,0.09268410433220313,0.7413565202392127,0.14709798489780818,42202
1125,/home/projects/bagon/shared/imagenet512/val/n04286575/ILSVRC2012_val_00034914.JPEG,2,4.354070065521228,6.139089964563027e-05,0.16283963262211681,0.9870835688276761,0.11019825278391296,42216
1126,/home/projects/bagon/shared/imagenet512/val/n09468604/ILSVRC2012_val_00025853.JPEG,5,1.8299665050581098,0.0009870424401015043,0.13040147521579368,0.8379922963323072,0.1603182485733652,42223
1127,/home/projects/bagon/shared/imagenet512/val/n01443537/ILSVRC2012_val_00000236.JPEG,3,5.81551855802536,0.0,0.41293072217807886,0.9924045541708125,0.02075204915448016,42236
1128,/home/projects/bagon/shared/imagenet512/val/n04476259/ILSVRC2012_val_00030784.JPEG,16,2.9814779803855345,0.0009918061550706625,0.19518067909360357,0.9472366292511811,0.042022987121618324,42237
1129,/home/projects/bagon/shared/imagenet512/val/n07745940/ILSVRC2012_val_00013499.JPEG,3,1.4519258546060883,0.0008743754005990922,0.1729740426399548,0.7581493392368379,0.2904247026131432,42248
1130,/home/projects/bagon/shared/imagenet512/val/n03180011/ILSVRC2012_val_00005972.JPEG,40,1.9692028895951807,0.0009870424401015043,0.1688305635469244,0.8269507777904685,0.11481978704109627,42249
1131,/home/projects/bagon/shared/imagenet512/val/n04270147/ILSVRC2012_val_00021865.JPEG,3,11.931843150407076,0.0005105622112751007,0.42501942855111113,0.9962086710669062,0.09511379224955156,42270
1132,/home/projects/bagon/shared/imagenet512/val/n03450230/ILSVRC2012_val_00018276.JPEG,23,1.9876958762179129,0.0009677494526840746,0.1328572167146828,0.8520229707260375,0.06207502727047035,42288
1133,/home/projects/bagon/shared/imagenet512/val/n02077923/ILSVRC2012_val_00048240.JPEG,2,2.0373743772506643,1.1920928244535389e-07,0.24606302894727103,0.8696292439144072,0.1882739675312387,42306
1134,/home/projects/bagon/shared/imagenet512/val/n07873807/ILSVRC2012_val_00005784.JPEG,2,5.007755160195302,1.6569954823353328e-05,0.2852862082990265,0.9932973950114007,0.10407418108947737,42311
1135,/home/projects/bagon/shared/imagenet512/val/n04355338/ILSVRC2012_val_00048060.JPEG,3,5.969558576238342,0.0006485265912488103,0.23748280570793182,0.9970855107998391,0.04230959779498699,42321
1136,/home/projects/bagon/shared/imagenet512/val/n03188531/ILSVRC2012_val_00002075.JPEG,4,15.725444078439068,3.576272320060525e-06,0.47959888733748857,0.9917719946069068,0.1730027979674713,42322
1137,/home/projects/bagon/shared/imagenet512/val/n04355933/ILSVRC2012_val_00015733.JPEG,81,2.2533575873821974,0.0009945451747626066,0.15391456335497342,0.8427523212820893,0.24175095722639484,42340
1138,/home/projects/bagon/shared/imagenet512/val/n02077923/ILSVRC2012_val_00038371.JPEG,11,11.046622332534753,0.0009569118265062571,0.45101345850857566,0.9991372307554389,0.0359114686707354,42343
1139,/home/projects/bagon/shared/imagenet512/val/n03916031/ILSVRC2012_val_00029383.JPEG,2,3.4401251926028635,0.00026222606538794935,0.20566893283931878,0.9676732888426667,0.0887028524449061,42366
1140,/home/projects/bagon/shared/imagenet512/val/n02094258/ILSVRC2012_val_00033194.JPEG,3,6.447332289826591,0.0004297763225622475,0.33438582244561893,0.9905395883544698,0.15097722525142784,42378
1141,/home/projects/bagon/shared/imagenet512/val/n03777754/ILSVRC2012_val_00042209.JPEG,2,2.0896808435209095,0.0006095697171986103,0.12058306182039062,0.8756014429295242,0.11420018618241004,42384
1142,/home/projects/bagon/shared/imagenet512/val/n04069434/ILSVRC2012_val_00006160.JPEG,2,1.9061221427691635,0.0003601856005843729,0.18531763629287093,0.8509384824853239,0.048070479049942064,42398
1143,/home/projects/bagon/shared/imagenet512/val/n02481823/ILSVRC2012_val_00046456.JPEG,21,3.7159382068784907,0.0009883524617180228,0.22123796742428797,0.9731365083492765,0.19486360847876313,42400
1144,/home/projects/bagon/shared/imagenet512/val/n02749479/ILSVRC2012_val_00018057.JPEG,67,3.126020899042487,0.0009941878961399198,0.16435843284944723,0.9442664140582137,0.08230490368786059,42413
1145,/home/projects/bagon/shared/imagenet512/val/n03602883/ILSVRC2012_val_00003233.JPEG,2,2.676610392460134,0.0007945717661641538,0.1344245692188871,0.9304171048790074,0.15790545963400018,42431
1146,/home/projects/bagon/shared/imagenet512/val/n03197337/ILSVRC2012_val_00033472.JPEG,2,0.7117325063081807,2.9801878554280847e-05,0.09091967822485635,0.5091624454313415,0.16341744001506328,42435
1147,/home/projects/bagon/shared/imagenet512/val/n02791124/ILSVRC2012_val_00026896.JPEG,14,1.2733944645151496,0.0009528625523671508,0.10436617467180904,0.7134416620810715,0.05060767962159912,42437
1148,/home/projects/bagon/shared/imagenet512/val/n03498962/ILSVRC2012_val_00020887.JPEG,2,1.4918000642210245,0.000982159748673439,0.13891560980611944,0.7738846823955807,0.16918832005928153,42459
1149,/home/projects/bagon/shared/imagenet512/val/n03100240/ILSVRC2012_val_00015289.JPEG,27,1.5775254766922444,0.0009803733555600047,0.11454945399893314,0.7823319657417327,0.08887040991214762,42468
1150,/home/projects/bagon/shared/imagenet512/val/n04270147/ILSVRC2012_val_00027594.JPEG,13,3.997597559238784,0.0009964506607502699,0.2073494376541883,0.9801208716705324,0.10438419055734408,42480
1151,/home/projects/bagon/shared/imagenet512/val/n04548280/ILSVRC2012_val_00032136.JPEG,4,9.841375331423478,0.00019762947340495884,0.45588387855141355,0.9900229888301376,0.22012477200133967,42497
1152,/home/projects/bagon/shared/imagenet512/val/n03724870/ILSVRC2012_val_00030570.JPEG,2,2.9206648710824084,0.0002661589242052287,0.1973986002907677,0.9458290325946043,0.03442868117931146,42519
1153,/home/projects/bagon/shared/imagenet512/val/n03345487/ILSVRC2012_val_00001491.JPEG,33,6.198228498571552,0.0009779914980754256,0.15624174031760407,0.9968244782481446,0.0484896371915101,42529
1154,/home/projects/bagon/shared/imagenet512/val/n02769748/ILSVRC2012_val_00008482.JPEG,2,5.868687308626249,0.0008012421894818544,0.17545926541293688,0.9964225292882056,0.031012883021627524,42530
1155,/home/projects/bagon/shared/imagenet512/val/n01644900/ILSVRC2012_val_00033769.JPEG,28,5.194461936480366,0.000993116176687181,0.2522817594418185,0.9933368508784273,0.22639264902653639,42532
1156,/home/projects/bagon/shared/imagenet512/val/n03100240/ILSVRC2012_val_00033796.JPEG,8,1.933343100710772,0.00099871342536062,0.1253860395725449,0.85318096442232,0.2979577954787397,42539
1157,/home/projects/bagon/shared/imagenet512/val/n03180011/ILSVRC2012_val_00009897.JPEG,65,2.434157532057725,0.000996093382127583,0.12513934261612586,0.8915572070874906,0.18358453852283257,42540
1158,/home/projects/bagon/shared/imagenet512/val/n02977058/ILSVRC2012_val_00035351.JPEG,2,3.4025987298664404,0.00013267113536130637,0.1787153461946873,0.9665786988467531,0.045283669003314174,42562
1159,/home/projects/bagon/shared/imagenet512/val/n02930766/ILSVRC2012_val_00003886.JPEG,2,2.4180216789081896,5.722029527532868e-06,0.16837643899975144,0.9108960530996275,0.054257059041805646,42569
1160,/home/projects/bagon/shared/imagenet512/val/n04355933/ILSVRC2012_val_00036674.JPEG,164,4.421017217566259,0.0009939497103914618,0.15830561873029925,0.9610513740579321,0.12557234236614717,42573
1161,/home/projects/bagon/shared/imagenet512/val/n03089624/ILSVRC2012_val_00038564.JPEG,3,7.813285829121014,0.000485183292767033,0.3157995196602686,0.996480063109115,0.10611039170042881,42574
1162,/home/projects/bagon/shared/imagenet512/val/n03759954/ILSVRC2012_val_00008381.JPEG,2,4.4456448829732835,0.0006494796834886074,0.18516739435472418,0.9876306810476722,0.04185976276388827,42576
1163,/home/projects/bagon/shared/imagenet512/val/n03980874/ILSVRC2012_val_00032899.JPEG,2,2.369537711143323,5.960462772236497e-07,0.19402305031976738,0.9064754124863154,0.12248578703145124,42583
1164,/home/projects/bagon/shared/imagenet512/val/n03345487/ILSVRC2012_val_00034340.JPEG,3,5.787607147667586,3.528532761265524e-05,0.28977477484063346,0.9965625433370655,0.04342575946551756,42597
1165,/home/projects/bagon/shared/imagenet512/val/n04515003/ILSVRC2012_val_00040580.JPEG,3,1.2654627151532623,7.152531907195225e-06,0.14353133744105132,0.7033378473934593,0.07272960524544606,42608
1166,/home/projects/bagon/shared/imagenet512/val/n02783161/ILSVRC2012_val_00025837.JPEG,2,4.299453105311841,0.00026067672297358513,0.1833257483392399,0.9861620570669966,0.21113498749567355,42610
1167,/home/projects/bagon/shared/imagenet512/val/n04026417/ILSVRC2012_val_00001565.JPEG,28,10.42881568276789,0.0009914488764479756,0.3903042288956804,0.9993393117197046,0.09989006854509776,42621
1168,/home/projects/bagon/shared/imagenet512/val/n02124075/ILSVRC2012_val_00029864.JPEG,3,4.696366309581208,3.2782016205601394e-05,0.17187363625474344,0.9631754312702129,0.06412248067015178,42633
1169,/home/projects/bagon/shared/imagenet512/val/n03424325/ILSVRC2012_val_00008355.JPEG,34,10.659967461484484,0.0009920443408191204,0.2261505003509051,0.9996817826940724,0.08064331305292088,42647
1170,/home/projects/bagon/shared/imagenet512/val/n04005630/ILSVRC2012_val_00039632.JPEG,2,2.0324878692626953,0.0,0.1892860451901127,0.8689908088981665,0.07679334589489165,42651
1171,/home/projects/bagon/shared/imagenet512/val/n03761084/ILSVRC2012_val_00023629.JPEG,2,3.0552378892866727,2.50339189733495e-06,0.27433149072907154,0.9528857868211912,0.16233838695697533,42667
1172,/home/projects/bagon/shared/imagenet512/val/n01665541/ILSVRC2012_val_00022588.JPEG,5,4.687369494175073,0.0008111285860650241,0.26230133118282695,0.9861753921418296,0.07923754546126617,42688
1173,/home/projects/bagon/shared/imagenet512/val/n02108551/ILSVRC2012_val_00034181.JPEG,2,1.1392780424648663,0.00015341058315243572,0.10793047879920044,0.6797485617738193,0.1052598523743917,42704
1174,/home/projects/bagon/shared/imagenet512/val/n03888605/ILSVRC2012_val_00019839.JPEG,11,2.4731694161891937,0.0009299959056079388,0.15532300662936555,0.9140459717660382,0.14588305454787104,42712
1175,/home/projects/bagon/shared/imagenet512/val/n02317335/ILSVRC2012_val_00001748.JPEG,3,9.951365947723275,4.768370445162873e-07,0.3088743775029879,0.9996455512036114,0.09209398577631053,42728
1176,/home/projects/bagon/shared/imagenet512/val/n02110185/ILSVRC2012_val_00049291.JPEG,102,1.5606133381370455,0.0009953788248822093,0.09093674688790894,0.6747158193089443,0.12443740489836366,42750
1177,/home/projects/bagon/shared/imagenet512/val/n02483362/ILSVRC2012_val_00016611.JPEG,3,3.8321738507947885,0.0007266741595230997,0.1932321924733344,0.9777690852630624,0.061933156111630416,42767
1178,/home/projects/bagon/shared/imagenet512/val/n02087046/ILSVRC2012_val_00041444.JPEG,33,3.854264732450247,0.0009887097403407097,0.15008267887476434,0.9728925904221595,0.14941393628955146,42774
1179,/home/projects/bagon/shared/imagenet512/val/n04505470/ILSVRC2012_val_00049917.JPEG,74,1.027583199669607,0.0009984752396121621,0.07122202347954683,0.5545687974336619,0.12235505574305598,42782
1180,/home/projects/bagon/shared/imagenet512/val/n02096294/ILSVRC2012_val_00016374.JPEG,23,1.7093831590609625,0.0009641766082495451,0.1295321066019475,0.8067339722308908,0.06562920914735235,42792
1181,/home/projects/bagon/shared/imagenet512/val/n02692877/ILSVRC2012_val_00025654.JPEG,2,0.23234282404337137,2.4318398573086597e-05,0.05504222532615366,0.20728179435240288,0.05324422699610377,42811
1182,/home/projects/bagon/shared/imagenet512/val/n03594945/ILSVRC2012_val_00006530.JPEG,2,2.169798254966679,3.576278118089249e-07,0.20018895578902007,0.8857988518972559,0.11179557813385288,42835
1183,/home/projects/bagon/shared/imagenet512/val/n03498962/ILSVRC2012_val_00046192.JPEG,62,5.319630737416446,0.0009847796754911542,0.14658955323531694,0.9928995924008011,0.14265537013229973,42838
1184,/home/projects/bagon/shared/imagenet512/val/n04008634/ILSVRC2012_val_00018586.JPEG,76,3.656086137285456,0.0009864469757303596,0.2737028523507597,0.955786781440675,0.2645226238743501,42844
1185,/home/projects/bagon/shared/imagenet512/val/n04501370/ILSVRC2012_val_00022562.JPEG,2,6.251982808107186,3.4570634852570947e-06,0.2577685321055042,0.9980697882072402,0.08771443697374787,42858
1186,/home/projects/bagon/shared/imagenet512/val/n02364673/ILSVRC2012_val_00022152.JPEG,10,3.8815118417842314,0.0009582218481227756,0.37624664896700666,0.9778429173191142,0.036541685361311194,42863
1187,/home/projects/bagon/shared/imagenet512/val/n02165456/ILSVRC2012_val_00029086.JPEG,2,1.5651253417818225,9.381330892210826e-05,0.11907588838236657,0.7908262509625335,0.18133255837943316,42886
1188,/home/projects/bagon/shared/imagenet512/val/n02814860/ILSVRC2012_val_00007357.JPEG,2,0.32477474152619834,3.4689302992774174e-05,0.05889636085826585,0.2772498636016806,0.05795011716809831,42902
1189,/home/projects/bagon/shared/imagenet512/val/n04376876/ILSVRC2012_val_00026871.JPEG,2,4.250616523480858,0.0002321927313460037,0.17874181801084055,0.9855120896131551,0.24892948400507814,42928
1190,/home/projects/bagon/shared/imagenet512/val/n02412080/ILSVRC2012_val_00003314.JPEG,63,0.9985115000745282,0.0009976415894925594,0.07480653222109318,0.5803188175314786,0.11915133004248542,42930
1191,/home/projects/bagon/shared/imagenet512/val/n02641379/ILSVRC2012_val_00005915.JPEG,11,4.120998427621089,0.0009654866298660636,0.3371981503295889,0.9766718521054374,0.20982577879579065,42945
1192,/home/projects/bagon/shared/imagenet512/val/n03110669/ILSVRC2012_val_00015238.JPEG,7,1.7279773505870253,0.0009787060553207994,0.15189963981731214,0.8202445269351598,0.10337621770783123,42959
1193,/home/projects/bagon/shared/imagenet512/val/n01740131/ILSVRC2012_val_00011776.JPEG,49,3.645238192519173,0.000982159748673439,0.20453749161616616,0.9685982067656798,0.0439104878127139,42983
1194,/home/projects/bagon/shared/imagenet512/val/n04467665/ILSVRC2012_val_00015480.JPEG,2,1.7879696148447692,0.0006523388437926769,0.17203513601866188,0.8319581022915932,0.1239366671270318,42989
1195,/home/projects/bagon/shared/imagenet512/val/n03527444/ILSVRC2012_val_00035839.JPEG,4,2.7455122496467084,0.0009344025747850537,0.27922709067920637,0.9355437705113567,0.09816016339460171,43011
1196,/home/projects/bagon/shared/imagenet512/val/n03891332/ILSVRC2012_val_00042599.JPEG,2,4.731414913141634,4.446407547220588e-05,0.1616295361803679,0.9911412092160161,0.24843598210369794,43013
1197,/home/projects/bagon/shared/imagenet512/val/n02834397/ILSVRC2012_val_00033383.JPEG,13,2.9693041899590753,0.0009696549386717379,0.1629811330277429,0.9466353789826348,0.12890908256048536,43014
1198,/home/projects/bagon/shared/imagenet512/val/n03976657/ILSVRC2012_val_00031473.JPEG,16,2.3985463575227186,0.000993116176687181,0.18111264134497593,0.9056830473102633,0.07418620477029521,43015
1199,/home/projects/bagon/shared/imagenet512/val/n02895154/ILSVRC2012_val_00013983.JPEG,63,1.9947459801333025,0.000992997083812952,0.15025632474569778,0.8108587231200224,0.2145925313546936,43020
1200,/home/projects/bagon/shared/imagenet512/val/n04507155/ILSVRC2012_val_00002976.JPEG,2,5.50536358356419,1.0728830375228426e-06,0.22200576376655431,0.9959339654304094,0.2597173780869776,43021
1201,/home/projects/bagon/shared/imagenet512/val/n02108089/ILSVRC2012_val_00017602.JPEG,13,4.698753403790761,0.000974656839389354,0.2533116898491642,0.9903759021550566,0.20646626467079482,43027
1202,/home/projects/bagon/shared/imagenet512/val/n01694178/ILSVRC2012_val_00017680.JPEG,2,6.192899584009865,3.8980677345534787e-05,0.21461809655077968,0.9979172316170021,0.021733595679013024,43028
1203,/home/projects/bagon/shared/imagenet512/val/n03680355/ILSVRC2012_val_00008600.JPEG,2,1.8625661058613332,0.00012337400403339416,0.16042650614834778,0.8445847276119834,0.10363568701876207,43056
1204,/home/projects/bagon/shared/imagenet512/val/n03496892/ILSVRC2012_val_00006465.JPEG,2,1.2288005980663002,0.0005925330333411694,0.09914360985981603,0.7065994027011412,0.05958062580594919,43058
1205,/home/projects/bagon/shared/imagenet512/val/n03584254/ILSVRC2012_val_00003244.JPEG,4,5.1997962012537755,0.0009507188224233687,0.23177959775520504,0.9935680701419783,0.03866109256758788,43060
1206,/home/projects/bagon/shared/imagenet512/val/n02951585/ILSVRC2012_val_00013678.JPEG,12,3.273216412111651,0.0009463122696615756,0.2100958510035506,0.961023285416823,0.0768404485927742,43074
1207,/home/projects/bagon/shared/imagenet512/val/n03908714/ILSVRC2012_val_00031975.JPEG,2,3.9841318130492027,4.768370445162873e-07,0.18925711158715255,0.9813909505336745,0.1558660905351367,43085
1208,/home/projects/bagon/shared/imagenet512/val/n02094258/ILSVRC2012_val_00009009.JPEG,25,2.202696216350887,0.000972155889030546,0.16662920935085349,0.8841620933446481,0.038341187787324746,43120
1209,/home/projects/bagon/shared/imagenet512/val/n02093428/ILSVRC2012_val_00007527.JPEG,38,4.763124080142006,0.0009969270322471857,0.2189526878243257,0.9895912905782129,0.10392854394655728,43129
1210,/home/projects/bagon/shared/imagenet512/val/n04404412/ILSVRC2012_val_00022995.JPEG,43,5.25724081590306,0.0009979988681152463,0.18954447175258013,0.991634424703573,0.09697556682340536,43130
1211,/home/projects/bagon/shared/imagenet512/val/n01981276/ILSVRC2012_val_00016333.JPEG,4,1.2374974362901412,0.0009554826538078487,0.16885131188070016,0.7080657345401803,0.2408495442891126,43136
1212,/home/projects/bagon/shared/imagenet512/val/n02879718/ILSVRC2012_val_00033814.JPEG,2,4.354983329772949,0.0,0.2909428917043249,0.9871573248446199,0.05015249534527135,43143
1213,/home/projects/bagon/shared/imagenet512/val/n03976657/ILSVRC2012_val_00015796.JPEG,2,3.09693106362829,0.0007410878897644579,0.14529989648480052,0.9540730735646713,0.09811658037286633,43156
1214,/home/projects/bagon/shared/imagenet512/val/n02704792/ILSVRC2012_val_00015399.JPEG,2,5.707663997003692,0.00017832119192462415,0.17276600013125165,0.9965207929809986,0.03254487335357155,43157
1215,/home/projects/bagon/shared/imagenet512/val/n02776631/ILSVRC2012_val_00015231.JPEG,25,3.9224261592607945,0.0009660820942372084,0.23153750928127698,0.9777667894307351,0.18614546289342088,43167
1216,/home/projects/bagon/shared/imagenet512/val/n04590129/ILSVRC2012_val_00030272.JPEG,2,3.41970514098648,0.00015186110977083445,0.1355042604548703,0.9671224338852711,0.15460013009380424,43170
1217,/home/projects/bagon/shared/imagenet512/val/n01667114/ILSVRC2012_val_00022710.JPEG,45,4.126861515804194,0.0009945451747626066,0.34087598464446023,0.9751788148770258,0.2363823300289586,43173
1218,/home/projects/bagon/shared/imagenet512/val/n03976657/ILSVRC2012_val_00021371.JPEG,25,4.8174929327797145,0.0009888288332149386,0.16034751461474556,0.9905138761085711,0.09922096321977655,43176
1219,/home/projects/bagon/shared/imagenet512/val/n02105056/ILSVRC2012_val_00043154.JPEG,22,4.574255580781028,0.0009890670189633965,0.19836632729015918,0.9880838220568403,0.09247307832909636,43184
1220,/home/projects/bagon/shared/imagenet512/val/n02319095/ILSVRC2012_val_00032016.JPEG,4,8.025092273950577,0.0,0.7153819556300532,0.9843351065104043,0.2107045298647128,43188
1221,/home/projects/bagon/shared/imagenet512/val/n04493381/ILSVRC2012_val_00015101.JPEG,68,3.8837105002021417,0.000996331567876041,0.2940780390802352,0.96053968508845,0.3720381436241617,43189
1222,/home/projects/bagon/shared/imagenet512/val/n04548362/ILSVRC2012_val_00040243.JPEG,32,2.2878765164641663,0.000990496133454144,0.16517502491594957,0.8909734150581218,0.1689569934138234,43193
1223,/home/projects/bagon/shared/imagenet512/val/n04154565/ILSVRC2012_val_00035558.JPEG,45,6.779423987027258,0.0009834696538746357,0.15845409786495235,0.9978082821600793,0.14294702571895657,43206
1224,/home/projects/bagon/shared/imagenet512/val/n03527444/ILSVRC2012_val_00035702.JPEG,15,8.831469595839735,0.0009460740839131176,0.26978065808791274,0.9990027220986502,0.03633225900917858,43208
1225,/home/projects/bagon/shared/imagenet512/val/n03534580/ILSVRC2012_val_00019323.JPEG,27,4.398455599322915,0.0009916870621964335,0.337520129878713,0.9820334772849639,0.10547579388711584,43209
1226,/home/projects/bagon/shared/imagenet512/val/n02895154/ILSVRC2012_val_00048043.JPEG,31,1.5966449698898941,0.000979658798314631,0.13937417068815514,0.7668451556916802,0.036678437376759604,43216
1227,/home/projects/bagon/shared/imagenet512/val/n01682714/ILSVRC2012_val_00023676.JPEG,60,1.0974189167609438,0.0009856133256107569,0.0796029233694527,0.6072146194046428,0.018149856311453993,43230
1228,/home/projects/bagon/shared/imagenet512/val/n02799071/ILSVRC2012_val_00037478.JPEG,4,16.356155216693878,0.0,0.47716001639342737,0.9999971765747733,0.12109968083759247,43254
1229,/home/projects/bagon/shared/imagenet512/val/n02799071/ILSVRC2012_val_00025233.JPEG,3,8.643075644968121,1.9073468138230965e-06,0.3232743552118769,0.9995402907567039,0.05281654930887078,43261
1230,/home/projects/bagon/shared/imagenet512/val/n02113624/ILSVRC2012_val_00046483.JPEG,124,1.8078954149968922,0.0009941878961399198,0.0983070150469132,0.6679385497706679,0.1926556329965278,43262
1231,/home/projects/bagon/shared/imagenet512/val/n03063599/ILSVRC2012_val_00025230.JPEG,59,7.515213996637613,0.0009841842111200094,0.1579723032675898,0.9987521425067681,0.20219739524736702,43272
1232,/home/projects/bagon/shared/imagenet512/val/n03425413/ILSVRC2012_val_00007471.JPEG,2,1.6858298778533936,0.0,0.19710256848519395,0.8147093946461297,0.04088734340907917,43275
1233,/home/projects/bagon/shared/imagenet512/val/n03207941/ILSVRC2012_val_00005008.JPEG,2,2.878053665161019,4.768370445162873e-07,0.2341465635741073,0.9437553266389253,0.09456461614680167,43294
1234,/home/projects/bagon/shared/imagenet512/val/n02105855/ILSVRC2012_val_00017961.JPEG,36,5.932195015135221,0.0009983561467379332,0.2564725645485481,0.9961865593640826,0.13754049930114437,43296
1235,/home/projects/bagon/shared/imagenet512/val/n03085013/ILSVRC2012_val_00042867.JPEG,60,4.590969429002143,0.0009965697536244988,0.1598141787413274,0.986135203866548,0.06062399130527722,43305
1236,/home/projects/bagon/shared/imagenet512/val/n01807496/ILSVRC2012_val_00039412.JPEG,93,2.1733031339244917,0.0009924016194418073,0.12781875417945734,0.8358939268403937,0.16700463471054044,43312
1237,/home/projects/bagon/shared/imagenet512/val/n04270147/ILSVRC2012_val_00001587.JPEG,2,4.176076243806165,0.0003135904553346336,0.21054162075502944,0.9843290907883256,0.07652618045475611,43318
1238,/home/projects/bagon/shared/imagenet512/val/n03476684/ILSVRC2012_val_00037099.JPEG,2,5.054530501365321,8.344646857949556e-07,0.24206565571745775,0.9936188235839306,0.04623180253694986,43327
1239,/home/projects/bagon/shared/imagenet512/val/n01697457/ILSVRC2012_val_00007934.JPEG,3,13.492658135997772,6.747018051100895e-05,0.3888500792738022,0.999975256778682,0.06282595939424515,43338
1240,/home/projects/bagon/shared/imagenet512/val/n03942813/ILSVRC2012_val_00018814.JPEG,2,5.814336895942681,1.1920928244535389e-07,0.24250300744024694,0.997015469385752,0.21832805981647938,43364
1241,/home/projects/bagon/shared/imagenet512/val/n04286575/ILSVRC2012_val_00040305.JPEG,2,4.658095726335887,0.0006774752982892096,0.24562244756115373,0.9901940268138592,0.017325754406323623,43365
1242,/home/projects/bagon/shared/imagenet512/val/n02089973/ILSVRC2012_val_00010168.JPEG,62,3.192716186051257,0.0009956170106306672,0.1815185624574984,0.8938740308106837,0.38954666217548484,43376
1243,/home/projects/bagon/shared/imagenet512/val/n03781244/ILSVRC2012_val_00048495.JPEG,26,4.444532781839371,0.0009996660519391298,0.19810789016586242,0.9843432699991542,0.0491045788856998,43390
1244,/home/projects/bagon/shared/imagenet512/val/n02102040/ILSVRC2012_val_00016833.JPEG,6,1.111423748312518,0.0009584600338712335,0.1620927102940285,0.6578480231884483,0.028988312842372885,43399
1245,/home/projects/bagon/shared/imagenet512/val/n04591713/ILSVRC2012_val_00034842.JPEG,2,5.020045025667059,0.00018094333063345402,0.24291118939071207,0.9932151095471181,0.12706938950257238,43405
1246,/home/projects/bagon/shared/imagenet512/val/n01871265/ILSVRC2012_val_00001358.JPEG,14,4.261771425663028,0.0009732277248986065,0.321254058123588,0.9847332377624128,0.0645100109719475,43409
1247,/home/projects/bagon/shared/imagenet512/val/n04443257/ILSVRC2012_val_00020110.JPEG,43,6.896150725078769,0.000996212475001812,0.3063156077208717,0.9975572771680419,0.13268536636197767,43410
1248,/home/projects/bagon/shared/imagenet512/val/n02099267/ILSVRC2012_val_00013712.JPEG,30,3.0106663237675093,0.0009753713966347277,0.2250059444647972,0.9448277167856474,0.14063810039105185,43418
1249,/home/projects/bagon/shared/imagenet512/val/n01697457/ILSVRC2012_val_00017459.JPEG,16,4.092817635159008,0.0009641766082495451,0.21432673267197,0.9790053729242487,0.0869091660240293,43425
1250,/home/projects/bagon/shared/imagenet512/val/n03250847/ILSVRC2012_val_00032127.JPEG,30,6.43276513449382,0.000979658798314631,0.19175731534600532,0.997288042070988,0.1346599904062719,43430
1251,/home/projects/bagon/shared/imagenet512/val/n03000134/ILSVRC2012_val_00026866.JPEG,3,8.479436515670386,4.672895011026412e-05,0.21679424000786687,0.9997183617865877,0.13474416926001825,43437
1252,/home/projects/bagon/shared/imagenet512/val/n02095889/ILSVRC2012_val_00022642.JPEG,2,2.7160060169844655,0.00021717573690693825,0.18592372273552882,0.9336319347728055,0.0901166316951019,43441
1253,/home/projects/bagon/shared/imagenet512/val/n04380533/ILSVRC2012_val_00033933.JPEG,66,0.610748635022901,0.0009975224966183305,0.06074439309728504,0.36015795230120295,0.22979137138200195,43442
1254,/home/projects/bagon/shared/imagenet512/val/n02088094/ILSVRC2012_val_00044215.JPEG,3,2.960548692732118,0.0001110968878492713,0.22450935624911364,0.9452713360424543,0.10211559603532132,43443
1255,/home/projects/bagon/shared/imagenet512/val/n03534580/ILSVRC2012_val_00000845.JPEG,13,6.1754266656935215,0.0009914488764479756,0.258453602803624,0.9969287447105011,0.054273039766003776,43448
1256,/home/projects/bagon/shared/imagenet512/val/n03947888/ILSVRC2012_val_00009628.JPEG,43,4.433105651522055,0.000993354362435639,0.1996801757119594,0.9848143231830639,0.09655254325027249,43454
1257,/home/projects/bagon/shared/imagenet512/val/n12144580/ILSVRC2012_val_00048777.JPEG,47,3.694793705129996,0.0009864469757303596,0.21151900117743377,0.9686172143792643,0.043187111263625746,43470
1258,/home/projects/bagon/shared/imagenet512/val/n04067472/ILSVRC2012_val_00038171.JPEG,2,6.965713719953783,0.0001971527235582471,0.20139840267522746,0.9988622145580376,0.1387293085831363,43473
1259,/home/projects/bagon/shared/imagenet512/val/n03710637/ILSVRC2012_val_00007899.JPEG,99,1.63160053268075,0.0009969270322471857,0.09486008480640025,0.640650617432991,0.1314057289268049,43475
1260,/home/projects/bagon/shared/imagenet512/val/n02834397/ILSVRC2012_val_00002482.JPEG,9,7.768860018579289,0.0009946642676368356,0.26070881679939245,0.998669199025889,0.1620986430129195,43487
1261,/home/projects/bagon/shared/imagenet512/val/n02909870/ILSVRC2012_val_00011119.JPEG,16,3.8748805767972954,0.0009607228566892445,0.1743975781712977,0.9773724093422117,0.09208452269746828,43493
1262,/home/projects/bagon/shared/imagenet512/val/n04265275/ILSVRC2012_val_00028294.JPEG,2,2.7913802861630757,1.0371154530730564e-05,0.23607914924202641,0.9386524775701119,0.05820825989106415,43496
1263,/home/projects/bagon/shared/imagenet512/val/n02825657/ILSVRC2012_val_00018459.JPEG,2,1.847888231272691,3.099436753473128e-06,0.15237842948156344,0.8424266776880178,0.19467986554765598,43499
1264,/home/projects/bagon/shared/imagenet512/val/n03532672/ILSVRC2012_val_00042387.JPEG,23,6.714603842701763,0.0009816833771765232,0.2239994446104823,0.9978414038862191,0.19513736961107175,43511
1265,/home/projects/bagon/shared/imagenet512/val/n04371430/ILSVRC2012_val_00008808.JPEG,2,0.8993773446454725,5.280832192511298e-05,0.11018134782564469,0.5931028196930707,0.1344137062997105,43523
1266,/home/projects/bagon/shared/imagenet512/val/n04557648/ILSVRC2012_val_00027613.JPEG,25,6.313108604517765,0.0009648911654949188,0.2040630267371426,0.9974123386931879,0.039710359896023305,43524
1267,/home/projects/bagon/shared/imagenet512/val/n02105855/ILSVRC2012_val_00003196.JPEG,22,1.4193067265441641,0.0009834696538746357,0.10095018668139842,0.7473369983848408,0.16750079309847246,43532
1268,/home/projects/bagon/shared/imagenet512/val/n03773504/ILSVRC2012_val_00026876.JPEG,76,1.8780313400784507,0.0009860896971076727,0.1188901660349294,0.7509451885698362,0.11918069488511902,43535
1269,/home/projects/bagon/shared/imagenet512/val/n02776631/ILSVRC2012_val_00026847.JPEG,9,5.0669907667906955,0.0009976415894925594,0.22204492089352285,0.9926945012232304,0.2087431885897364,43541
1270,/home/projects/bagon/shared/imagenet512/val/n07836838/ILSVRC2012_val_00046664.JPEG,2,5.160165884226444,0.00020847532141488045,0.22862537040655226,0.9940542262212624,0.12393200922339445,43546
1271,/home/projects/bagon/shared/imagenet512/val/n04370456/ILSVRC2012_val_00011887.JPEG,45,3.6793360131559893,0.0009888288332149386,0.16789564959011197,0.9678001176540001,0.049764956276121625,43554
1272,/home/projects/bagon/shared/imagenet512/val/n01443537/ILSVRC2012_val_00046915.JPEG,3,1.156360490102088,0.0001839230244513601,0.19281183195143206,0.6719898841244796,0.1328281140668906,43555
1273,/home/projects/bagon/shared/imagenet512/val/n12144580/ILSVRC2012_val_00019250.JPEG,97,1.7442291371989995,0.0009975224966183305,0.08989933649074343,0.6482462345859168,0.11172992614499275,43567
1274,/home/projects/bagon/shared/imagenet512/val/n02747177/ILSVRC2012_val_00038276.JPEG,4,15.665665667387657,0.0007696765242144465,0.6766635001386003,0.98524002888138,0.25366016052756213,43581
1275,/home/projects/bagon/shared/imagenet512/val/n04152593/ILSVRC2012_val_00019442.JPEG,53,2.551746740238741,0.000995974289253354,0.13895190311227873,0.9134335515691756,0.1499969569284967,43586
1276,/home/projects/bagon/shared/imagenet512/val/n03970156/ILSVRC2012_val_00022579.JPEG,2,4.836822628971731,2.50339189733495e-06,0.16706300916316533,0.9920652675986408,0.019609275671459925,43608
1277,/home/projects/bagon/shared/imagenet512/val/n02815834/ILSVRC2012_val_00042819.JPEG,2,1.9072490930238928,7.986990567587782e-06,0.1571809997844489,0.8515025934679098,0.08781471534426921,43626
1278,/home/projects/bagon/shared/imagenet512/val/n09421951/ILSVRC2012_val_00048534.JPEG,37,4.495063074165955,0.0009983561467379332,0.1637488653697354,0.9806505566564035,0.03696956203896018,43627
1279,/home/projects/bagon/shared/imagenet512/val/n03781244/ILSVRC2012_val_00010326.JPEG,19,2.049960352363996,0.0009944260818883777,0.12297578131685945,0.8668437813375295,0.1822854260930292,43633
1280,/home/projects/bagon/shared/imagenet512/val/n03063689/ILSVRC2012_val_00045069.JPEG,38,1.9626878286944702,0.0009868042543530464,0.10928348434557293,0.8432396140879346,0.05360900443059929,43635
1281,/home/projects/bagon/shared/imagenet512/val/n01770393/ILSVRC2012_val_00027026.JPEG,14,8.065117004443891,0.00099323526956141,0.23765320997154774,0.9991057421472248,0.10125926308034744,43637
1282,/home/projects/bagon/shared/imagenet512/val/n02776631/ILSVRC2012_val_00012943.JPEG,2,2.879047154696309,3.6954195820726454e-05,0.19529334930442285,0.9437728570552536,0.07077240189382225,43640
1283,/home/projects/bagon/shared/imagenet512/val/n02114855/ILSVRC2012_val_00029066.JPEG,6,88.92546892166138,0.0,4.541305735388597,0.9947445269638542,0.8030993813591651,43641
1284,/home/projects/bagon/shared/imagenet512/val/n09428293/ILSVRC2012_val_00002544.JPEG,67,4.350061057833955,0.000993592431768775,0.23229109185729171,0.9835883181517362,0.13876103790619718,43664
1285,/home/projects/bagon/shared/imagenet512/val/n03146219/ILSVRC2012_val_00045339.JPEG,50,5.620777597767301,0.0009894242975860834,0.22847389414134273,0.994465985990002,0.06108719779279862,43667
1286,/home/projects/bagon/shared/imagenet512/val/n09193705/ILSVRC2012_val_00032366.JPEG,16,1.009184330352582,0.000982159748673439,0.14056656228569103,0.6271335597583153,0.05658335250191316,43684
1287,/home/projects/bagon/shared/imagenet512/val/n03016953/ILSVRC2012_val_00048726.JPEG,2,1.9187674522396492,8.344646857949556e-07,0.1868962745483039,0.853211260838274,0.05533482595759708,43694
1288,/home/projects/bagon/shared/imagenet512/val/n01728920/ILSVRC2012_val_00004351.JPEG,2,8.038464546039904,1.811964830267243e-05,0.31031644052193863,0.9996591385231102,0.08570541118886185,43698
1289,/home/projects/bagon/shared/imagenet512/val/n02825657/ILSVRC2012_val_00038666.JPEG,20,3.8646784994052723,0.0009577454766258597,0.23141964052395422,0.9774551687061479,0.2386007119532721,43708
1290,/home/projects/bagon/shared/imagenet512/val/n02098413/ILSVRC2012_val_00039807.JPEG,33,2.497622204013169,0.0009968079393729568,0.11492028593283037,0.8552252346368834,0.08121456197159248,43722
1291,/home/projects/bagon/shared/imagenet512/val/n01675722/ILSVRC2012_val_00038644.JPEG,2,2.4562786816932203,1.1086402082582936e-05,0.16477005232890116,0.9142348222014435,0.06936769539953408,43731
1292,/home/projects/bagon/shared/imagenet512/val/n03476991/ILSVRC2012_val_00024285.JPEG,20,3.748309513903223,0.0009953788248822093,0.16337148809839053,0.9745708434450869,0.27100108831711134,43748
1293,/home/projects/bagon/shared/imagenet512/val/n04350905/ILSVRC2012_val_00029159.JPEG,3,6.927076220416893,1.3828182090946939e-05,0.2372414251694015,0.9984612944074039,0.06630134743184382,43751
1294,/home/projects/bagon/shared/imagenet512/val/n04370456/ILSVRC2012_val_00035013.JPEG,11,0.8045497054117732,0.0009598892065696418,0.11179080498728822,0.5438984868252045,0.11177131925551977,43755
1295,/home/projects/bagon/shared/imagenet512/val/n02808440/ILSVRC2012_val_00036711.JPEG,65,4.236858756397851,0.0009869233472272754,0.24733133649934544,0.9755270658491866,0.18457404160178165,43774
1296,/home/projects/bagon/shared/imagenet512/val/n04330267/ILSVRC2012_val_00001312.JPEG,3,4.67206336716481,0.00016318420239258558,0.20406922307436604,0.9894737610949578,0.033973990624159164,43788
1297,/home/projects/bagon/shared/imagenet512/val/n07920052/ILSVRC2012_val_00002934.JPEG,25,4.917202407901641,0.0009722749819047749,0.3002265871138687,0.9905149871891635,0.06700073460666581,43789
1298,/home/projects/bagon/shared/imagenet512/val/n04263257/ILSVRC2012_val_00023082.JPEG,4,3.4685403227922507,0.0009596510208211839,0.2522850327661811,0.9678286313670481,0.08350170373825465,43798
1299,/home/projects/bagon/shared/imagenet512/val/n01667114/ILSVRC2012_val_00039536.JPEG,23,0.909562605782412,0.0009813260985538363,0.08879128104021008,0.583543205887573,0.07525675834347983,43802
1300,/home/projects/bagon/shared/imagenet512/val/n03868863/ILSVRC2012_val_00006497.JPEG,11,6.826078046753537,0.000933926145080477,0.18340622765797715,0.998030681940279,0.2225876515647271,43823
1301,/home/projects/bagon/shared/imagenet512/val/n09193705/ILSVRC2012_val_00034257.JPEG,2,0.9987059185805265,0.000359351426595822,0.10834499196553382,0.6311622333664942,0.19382900601692282,43837
1302,/home/projects/bagon/shared/imagenet512/val/n07565083/ILSVRC2012_val_00028081.JPEG,2,2.1696534156781127,1.9073468138230965e-06,0.13308318196930632,0.8857805880244174,0.017045685372530255,43839
1303,/home/projects/bagon/shared/imagenet512/val/n02692877/ILSVRC2012_val_00015935.JPEG,4,5.658318367844913,0.0009679876384325325,0.3266964323361623,0.9957908371075093,0.3957505836066559,43870
1304,/home/projects/bagon/shared/imagenet512/val/n04099969/ILSVRC2012_val_00045048.JPEG,27,4.138176630076487,0.0009726322605274618,0.20772223496717013,0.9811565030087845,0.049392722965491756,43882
1305,/home/projects/bagon/shared/imagenet512/val/n04456115/ILSVRC2012_val_00038629.JPEG,2,3.7819831371307373,0.0,0.2592046780289272,0.9772225252137404,0.11641336404285188,43883
1306,/home/projects/bagon/shared/imagenet512/val/n02910353/ILSVRC2012_val_00046056.JPEG,16,6.0533002086449414,0.0009802542626857758,0.2644629477158507,0.9965772637283058,0.12096178685093956,43896
1307,/home/projects/bagon/shared/imagenet512/val/n02808440/ILSVRC2012_val_00003400.JPEG,89,1.4123864433495328,0.000998832518234849,0.08350595849130778,0.5903596426532434,0.037798826858951015,43905
1308,/home/projects/bagon/shared/imagenet512/val/n03866082/ILSVRC2012_val_00022544.JPEG,55,5.211979867424816,0.0009975224966183305,0.26838963836446744,0.9917203399050876,0.1711193686876955,43913
1309,/home/projects/bagon/shared/imagenet512/val/n02102040/ILSVRC2012_val_00044718.JPEG,10,1.4910569995408878,0.0009529816452413797,0.15491480547342268,0.7712373595327907,0.07140876959582854,43914
1310,/home/projects/bagon/shared/imagenet512/val/n01753488/ILSVRC2012_val_00048250.JPEG,74,7.264559023315087,0.0009939497103914618,0.3301247391654023,0.9975482781421643,0.1009023076873651,43915
1311,/home/projects/bagon/shared/imagenet512/val/n01644900/ILSVRC2012_val_00006830.JPEG,37,3.2640205450588837,0.0009970461251214147,0.24773950110164142,0.9563166703905491,0.09740608619031724,43922
1312,/home/projects/bagon/shared/imagenet512/val/n03075370/ILSVRC2012_val_00020729.JPEG,2,2.202465056663641,3.766942609217949e-05,0.16863395359813976,0.8894279078848769,0.04239737974967106,43923
1313,/home/projects/bagon/shared/imagenet512/val/n02018795/ILSVRC2012_val_00044694.JPEG,2,7.06243347817508,7.795983401592821e-05,0.22763436503380688,0.9990657477501618,0.14107396853288312,43928
1314,/home/projects/bagon/shared/imagenet512/val/n07875152/ILSVRC2012_val_00003969.JPEG,2,5.946552964189323,0.00023529145983047783,0.15260898070636106,0.9971510618936957,0.05287535936472458,43936
1315,/home/projects/bagon/shared/imagenet512/val/n02102973/ILSVRC2012_val_00034909.JPEG,3,6.112510517206829,8.106198947643861e-06,0.3214416092681285,0.9973292635803502,0.21932191509109142,43943
1316,/home/projects/bagon/shared/imagenet512/val/n04141975/ILSVRC2012_val_00036057.JPEG,3,6.984416365623474,0.0,0.3918745446751605,0.9982704645327698,0.08682794427179899,43956
1317,/home/projects/bagon/shared/imagenet512/val/n07930864/ILSVRC2012_val_00043897.JPEG,40,2.7706582526443526,0.000990496133454144,0.1365750772068519,0.9320854310474278,0.06746595231672567,43971
1318,/home/projects/bagon/shared/imagenet512/val/n12144580/ILSVRC2012_val_00000632.JPEG,28,4.894980706740171,0.0009925207123160362,0.4140117082600185,0.9229547152735738,0.06865061927398064,43975
1319,/home/projects/bagon/shared/imagenet512/val/n07614500/ILSVRC2012_val_00006126.JPEG,46,2.10467696422711,0.0009868042543530464,0.12061217163860656,0.8619160701867439,0.13115379363866753,43979
1320,/home/projects/bagon/shared/imagenet512/val/n02808440/ILSVRC2012_val_00025038.JPEG,88,1.6999913026811555,0.000993354362435639,0.0935252020419968,0.7405510671977711,0.1597008012391209,43985
1321,/home/projects/bagon/shared/imagenet512/val/n03773504/ILSVRC2012_val_00023537.JPEG,102,1.6723875306779519,0.000998832518234849,0.08939686478060861,0.6946083455797922,0.20738720569407643,43991
1322,/home/projects/bagon/shared/imagenet512/val/n03249569/ILSVRC2012_val_00041539.JPEG,23,6.641193910792936,0.0009753713966347277,0.32518179536680347,0.9821027054160398,0.38621526774805714,43993
1323,/home/projects/bagon/shared/imagenet512/val/n03871628/ILSVRC2012_val_00045375.JPEG,2,2.421520708809112,4.8636207793606445e-05,0.11986298771758268,0.9111606296215284,0.18475526740398263,44006
1324,/home/projects/bagon/shared/imagenet512/val/n02089078/ILSVRC2012_val_00025466.JPEG,19,1.1151800590450875,0.0009697740315459669,0.11558607612251041,0.6549862838185783,0.06383274058898361,44023
1325,/home/projects/bagon/shared/imagenet512/val/n03481172/ILSVRC2012_val_00047166.JPEG,6,2.3024664653930813,0.0009873997187241912,0.18862095130171497,0.8984598535869656,0.2251205658331842,44039
1326,/home/projects/bagon/shared/imagenet512/val/n04376876/ILSVRC2012_val_00027716.JPEG,2,4.200569129199721,0.00021741411183029413,0.24366010604113822,0.9847994772670606,0.2684532928117392,44052
1327,/home/projects/bagon/shared/imagenet512/val/n04070727/ILSVRC2012_val_00000331.JPEG,8,4.753420845314395,0.000954649003688246,0.20632458460459502,0.9897392349272813,0.08457999442540923,44053
1328,/home/projects/bagon/shared/imagenet512/val/n04592741/ILSVRC2012_val_00001901.JPEG,12,0.6467147785588168,0.0009684640099294484,0.06869983649235063,0.4682309297271698,0.13513263016197785,44058
1329,/home/projects/bagon/shared/imagenet512/val/n01773549/ILSVRC2012_val_00028677.JPEG,14,2.1786059896694496,0.0009775151265785098,0.10705645859691067,0.8842377699635245,0.0609073977057586,44060
1330,/home/projects/bagon/shared/imagenet512/val/n03982430/ILSVRC2012_val_00033709.JPEG,2,6.532261782558635,0.0009202298242598772,0.24740618660136937,0.997744953908309,0.17256004488629778,44072
1331,/home/projects/bagon/shared/imagenet512/val/n03657121/ILSVRC2012_val_00029193.JPEG,27,6.993901390465908,0.0009997851448133588,0.3277294333739609,0.9985814812701376,0.07037125530287111,44074
1332,/home/projects/bagon/shared/imagenet512/val/n04428191/ILSVRC2012_val_00036974.JPEG,11,3.261596846685279,0.0009756095823831856,0.16754102776953658,0.9601538220023088,0.11881250456578862,44080
1333,/home/projects/bagon/shared/imagenet512/val/n13052670/ILSVRC2012_val_00013612.JPEG,16,2.8345406390726566,0.0009629856795072556,0.34411736011825983,0.9359510156998344,0.019647903528146236,44097
1334,/home/projects/bagon/shared/imagenet512/val/n04133789/ILSVRC2012_val_00019572.JPEG,44,6.853986865957268,0.0009908534120768309,0.20102503272454172,0.997792124108407,0.10704792370592368,44117
1335,/home/projects/bagon/shared/imagenet512/val/n07590611/ILSVRC2012_val_00005941.JPEG,2,1.1731327385641634,0.000890097115188837,0.14478821392939686,0.6894786067765618,0.11600988988132545,44127
1336,/home/projects/bagon/shared/imagenet512/val/n03476684/ILSVRC2012_val_00010530.JPEG,2,2.0928881690488197,0.0003660247311927378,0.1941084270165912,0.876264241194529,0.11524925576323486,44130
1337,/home/projects/bagon/shared/imagenet512/val/n02692877/ILSVRC2012_val_00049328.JPEG,2,7.3908546731981914,0.0002935693773906678,0.30380352948100453,0.9991018340627794,0.12036428997990671,44133
1338,/home/projects/bagon/shared/imagenet512/val/n02979186/ILSVRC2012_val_00006787.JPEG,53,2.192208492080681,0.0009847796754911542,0.13803014290961133,0.8632219622748424,0.15394996517759424,44137
1339,/home/projects/bagon/shared/imagenet512/val/n01740131/ILSVRC2012_val_00009329.JPEG,9,4.551008258829825,0.00098525604698807,0.21241315721155896,0.9779852308745284,0.09975939877745649,44152
1340,/home/projects/bagon/shared/imagenet512/val/n02834397/ILSVRC2012_val_00003192.JPEG,17,7.713102446636185,0.0009650102583691478,0.3051419422130596,0.9986770970785654,0.07778102915610319,44155
1341,/home/projects/bagon/shared/imagenet512/val/n07715103/ILSVRC2012_val_00039501.JPEG,2,1.4400691986029415,3.3378546504536644e-06,0.11884329457385787,0.7630844954798586,0.11005149310791051,44156
1342,/home/projects/bagon/shared/imagenet512/val/n04550184/ILSVRC2012_val_00046428.JPEG,20,4.3882236840436235,0.0009810879128053784,0.20053322763676157,0.9859299322171137,0.09238901260156812,44171
1343,/home/projects/bagon/shared/imagenet512/val/n02879718/ILSVRC2012_val_00014440.JPEG,15,7.481140772404615,0.000972036796156317,0.3346681984036325,0.998529233609361,0.16688480509712553,44177
1344,/home/projects/bagon/shared/imagenet512/val/n04152593/ILSVRC2012_val_00013766.JPEG,70,3.5298979411600158,0.0009956170106306672,0.1843294574132967,0.953116014578318,0.1399901706939991,44182
1345,/home/projects/bagon/shared/imagenet512/val/n03530642/ILSVRC2012_val_00004681.JPEG,4,10.38767785509117,0.0007631250191479921,0.2829660585111981,0.9997261239616309,0.06431416388414239,44190
1346,/home/projects/bagon/shared/imagenet512/val/n03944341/ILSVRC2012_val_00023236.JPEG,2,5.412356495852691,2.9802276912960224e-06,0.2178610375140523,0.9955358364730871,0.0778272592292518,44192
1347,/home/projects/bagon/shared/imagenet512/val/n02974003/ILSVRC2012_val_00009686.JPEG,15,3.052790499466937,0.0009752523037604988,0.22073359413080434,0.9508966305684974,0.07021539729167148,44195
1348,/home/projects/bagon/shared/imagenet512/val/n13133613/ILSVRC2012_val_00046871.JPEG,2,5.57955046358984,0.0008928364841267467,0.21813454261619028,0.9956327665041285,0.14773396360619032,44224
1349,/home/projects/bagon/shared/imagenet512/val/n04192698/ILSVRC2012_val_00044974.JPEG,2,3.4512389874944347,6.83045873302035e-05,0.20918133217107,0.9682236505102884,0.07613852882694416,44227
1350,/home/projects/bagon/shared/imagenet512/val/n03692522/ILSVRC2012_val_00035877.JPEG,30,8.383106264402159,0.0009775151265785098,0.1893226976912586,0.9988114206600299,0.04497385028941127,44234
1351,/home/projects/bagon/shared/imagenet512/val/n02169497/ILSVRC2012_val_00018858.JPEG,36,0.7114041077438742,0.0009969270322471857,0.07406774149426627,0.4562609569209522,0.11223403885778702,44257
1352,/home/projects/bagon/shared/imagenet512/val/n02134084/ILSVRC2012_val_00017605.JPEG,4,11.662768006324768,0.0,0.6164908827593842,0.999896528271605,0.07428387485942678,44261
1353,/home/projects/bagon/shared/imagenet512/val/n02089867/ILSVRC2012_val_00022913.JPEG,62,3.3403771527810022,0.0009896624833345413,0.18502949248674186,0.937870210184562,0.049753568098581835,44272
1354,/home/projects/bagon/shared/imagenet512/val/n01774384/ILSVRC2012_val_00030684.JPEG,2,2.647404409130104,0.00021526881027966738,0.35355531414027686,0.9289391762475918,0.2431102668211563,44273
1355,/home/projects/bagon/shared/imagenet512/val/n03141823/ILSVRC2012_val_00002740.JPEG,4,5.979424686578568,0.0009715604246594012,0.29132192223537456,0.9967038682017322,0.06833712976022235,44279
1356,/home/projects/bagon/shared/imagenet512/val/n03126707/ILSVRC2012_val_00022837.JPEG,3,9.737337112401292,7.152531907195225e-06,0.5609683300070688,0.9993183414294007,0.08641139710239182,44284
1357,/home/projects/bagon/shared/imagenet512/val/n07684084/ILSVRC2012_val_00006367.JPEG,2,2.0730158090291297,7.748573807475623e-06,0.15884106271860446,0.8741854199544868,0.17920959443241932,44287
1358,/home/projects/bagon/shared/imagenet512/val/n02087046/ILSVRC2012_val_00005639.JPEG,2,1.4674973064975347,0.0002908283786382526,0.148561595665105,0.7691579257252055,0.11871217212515234,44290
1359,/home/projects/bagon/shared/imagenet512/val/n01697457/ILSVRC2012_val_00013072.JPEG,3,5.222624182701104,1.1920928244535389e-07,0.2710032854734849,0.9808944559724464,0.13715413476455446,44300
1360,/home/projects/bagon/shared/imagenet512/val/n04127249/ILSVRC2012_val_00047947.JPEG,2,3.2708355188368046,5.960462772236497e-07,0.3509176379246344,0.962024677232311,0.10907037313095189,44303
1361,/home/projects/bagon/shared/imagenet512/val/n13054560/ILSVRC2012_val_00048003.JPEG,2,4.155998317582998,0.00025138078490272164,0.26424705416281885,0.9840796525529413,0.07236057819387182,44304
1362,/home/projects/bagon/shared/imagenet512/val/n04560804/ILSVRC2012_val_00013956.JPEG,8,2.539445305708796,0.0009532198309898376,0.13583912443720497,0.9195652824419349,0.2907980622119933,44308
1363,/home/projects/bagon/shared/imagenet512/val/n02395406/ILSVRC2012_val_00018004.JPEG,33,5.748635379248299,0.0009945451747626066,0.3288180506102333,0.9922921561321888,0.03463039989056066,44312
1364,/home/projects/bagon/shared/imagenet512/val/n02497673/ILSVRC2012_val_00032585.JPEG,2,0.5132280514080776,0.00012170527770649642,0.07274355577010651,0.401247513282088,0.09132342457844818,44314
1365,/home/projects/bagon/shared/imagenet512/val/n02927161/ILSVRC2012_val_00046828.JPEG,3,2.2680355310440063,0.0,0.3418789850345401,0.8412018652224378,0.22458668355428085,44315
1366,/home/projects/bagon/shared/imagenet512/val/n01737021/ILSVRC2012_val_00004182.JPEG,2,1.978898998713703,8.201262971851975e-05,0.14929676275062803,0.861685892721506,0.06498668927179987,44334
1367,/home/projects/bagon/shared/imagenet512/val/n02099429/ILSVRC2012_val_00014766.JPEG,5,25.64612054824829,0.0,1.0976170364468518,0.9982862294510312,0.13003445055483798,44340
1368,/home/projects/bagon/shared/imagenet512/val/n01641577/ILSVRC2012_val_00006409.JPEG,11,2.825111683225259,0.0009872806258499622,0.2903317986181207,0.938230112878234,0.08361695157711273,44346
1369,/home/projects/bagon/shared/imagenet512/val/n04037443/ILSVRC2012_val_00043810.JPEG,58,1.7762407833943143,0.000995974289253354,0.10259570185914636,0.8083878023759682,0.09885289495502575,44348
1370,/home/projects/bagon/shared/imagenet512/val/n03781244/ILSVRC2012_val_00011838.JPEG,14,7.034875543962698,0.0009756095823831856,0.3017376362040307,0.9960216767903243,0.15507006248284116,44359
1371,/home/projects/bagon/shared/imagenet512/val/n07716358/ILSVRC2012_val_00018817.JPEG,2,2.386368274684628,2.861018856492592e-06,0.13472281122711477,0.9080337942393324,0.1124592736045409,44361
1372,/home/projects/bagon/shared/imagenet512/val/n04525038/ILSVRC2012_val_00013636.JPEG,3,8.637621634057723,0.0009129646932706237,0.18718102435755557,0.9989274964789497,0.06299069320780856,44369
1373,/home/projects/bagon/shared/imagenet512/val/n01494475/ILSVRC2012_val_00012546.JPEG,2,3.4830866911797784,0.0001674750237725675,0.23503813979320687,0.9691297554749956,0.1743495589783366,44372
1374,/home/projects/bagon/shared/imagenet512/val/n04136333/ILSVRC2012_val_00044155.JPEG,2,5.013828019538778,0.00019810620869975537,0.1728962623340089,0.9931565300249511,0.043232414367096225,44390
1375,/home/projects/bagon/shared/imagenet512/val/n02056570/ILSVRC2012_val_00042878.JPEG,5,8.019335106015205,0.0,0.44228478738970084,0.9971397460073067,0.13339341457931564,44393
1376,/home/projects/bagon/shared/imagenet512/val/n03197337/ILSVRC2012_val_00010958.JPEG,14,14.934712838730775,0.0009975224966183305,0.3361436499827674,0.9998099657159261,0.0800396519670658,44405
1377,/home/projects/bagon/shared/imagenet512/val/n04597913/ILSVRC2012_val_00004899.JPEG,2,4.33378084981814,0.00026425207033753395,0.18594525219215366,0.9866168453124178,0.08051441978578958,44419
1378,/home/projects/bagon/shared/imagenet512/val/n04317175/ILSVRC2012_val_00003668.JPEG,2,3.6891064643859863,0.0,0.24054995653594588,0.9750056259384712,0.28766604235310367,44443
1379,/home/projects/bagon/shared/imagenet512/val/n02974003/ILSVRC2012_val_00000085.JPEG,52,4.28336248465348,0.0009939497103914618,0.15159304550620548,0.9770503328617963,0.136719040992197,44454
1380,/home/projects/bagon/shared/imagenet512/val/n02825657/ILSVRC2012_val_00022959.JPEG,2,2.2220758190524066,4.279521817807108e-05,0.18501400530632847,0.8915687571374866,0.09603311699857053,44466
1381,/home/projects/bagon/shared/imagenet512/val/n02927161/ILSVRC2012_val_00002058.JPEG,2,1.9311348195551545,2.932505594799295e-05,0.29337717679488334,0.8549828945991667,0.019526444189948103,44475
1382,/home/projects/bagon/shared/imagenet512/val/n02951585/ILSVRC2012_val_00034830.JPEG,2,5.526832213363377,0.00013839241000823677,0.21969187703257373,0.9958833481503295,0.11669782904147297,44486
1383,/home/projects/bagon/shared/imagenet512/val/n03692522/ILSVRC2012_val_00046725.JPEG,36,7.234193314681761,0.0009846605826169252,0.2332478571135198,0.9984911015553763,0.16757735435693555,44494
1384,/home/projects/bagon/shared/imagenet512/val/n09428293/ILSVRC2012_val_00008791.JPEG,39,2.027998910169117,0.0009975224966183305,0.1058377426821172,0.855262028601171,0.03976947620255556,44500
1385,/home/projects/bagon/shared/imagenet512/val/n04238763/ILSVRC2012_val_00049850.JPEG,8,9.167774576344527,0.0009870424401015043,0.20029036254616317,0.9990147506942687,0.14898216234144263,44502
1386,/home/projects/bagon/shared/imagenet512/val/n02085782/ILSVRC2012_val_00010516.JPEG,30,4.826168802101165,0.000977038755081594,0.25521704785218025,0.9903385638771955,0.22753917703484822,44505
1387,/home/projects/bagon/shared/imagenet512/val/n04370456/ILSVRC2012_val_00027003.JPEG,39,3.9274270880268887,0.0009776342194527388,0.13574967221550996,0.9774448847212893,0.19273059801326534,44508
1388,/home/projects/bagon/shared/imagenet512/val/n03877845/ILSVRC2012_val_00005009.JPEG,3,5.26814578223275,0.0003524397616274655,0.220893290188164,0.9935143812057131,0.10499708506447405,44509
1389,/home/projects/bagon/shared/imagenet512/val/n04081281/ILSVRC2012_val_00028580.JPEG,2,3.8568249923591793,5.876845170860179e-05,0.19364459563427275,0.9788051880630008,0.02289684613919852,44521
1390,/home/projects/bagon/shared/imagenet512/val/n03891251/ILSVRC2012_val_00000192.JPEG,2,1.508885383605957,0.0,0.18577013364023148,0.778843650965746,0.14212926541084459,44523
1391,/home/projects/bagon/shared/imagenet512/val/n03770679/ILSVRC2012_val_00016431.JPEG,2,3.141736343415687,0.0002992897352669388,0.15992298016080456,0.9564828974493063,0.11503741047181743,44544
1392,/home/projects/bagon/shared/imagenet512/val/n04371430/ILSVRC2012_val_00011187.JPEG,2,1.5661323041131254,7.664863369427621e-05,0.1521102644941368,0.7910564263237403,0.058336501242932944,44550
1393,/home/projects/bagon/shared/imagenet512/val/n01693334/ILSVRC2012_val_00026626.JPEG,56,11.592656134744175,0.0009934734553098679,0.4161000700328886,0.9958244682731157,0.40838969750818,44553
1394,/home/projects/bagon/shared/imagenet512/val/n01807496/ILSVRC2012_val_00049353.JPEG,39,3.7724446981446818,0.0009949024533852935,0.2359773093756439,0.9520930818447291,0.2503125600244367,44562
1395,/home/projects/bagon/shared/imagenet512/val/n03866082/ILSVRC2012_val_00005251.JPEG,35,9.413637922611088,0.0009913297835737467,0.34847404911623253,0.9972027299573414,0.11053193644704776,44578
1396,/home/projects/bagon/shared/imagenet512/val/n02974003/ILSVRC2012_val_00040366.JPEG,68,3.8954868619330227,0.0009982370538637042,0.11753240131167299,0.9672729906623412,0.038834973779944396,44594
1397,/home/projects/bagon/shared/imagenet512/val/n04330267/ILSVRC2012_val_00027327.JPEG,26,5.514475345378742,0.0009999042376875877,0.19649962391613174,0.9946806592870305,0.10004220765592091,44601
1398,/home/projects/bagon/shared/imagenet512/val/n04259630/ILSVRC2012_val_00019264.JPEG,12,2.858558911655564,0.0009691785671748221,0.2395010640665386,0.9398900852558556,0.09423747961629216,44617
1399,/home/projects/bagon/shared/imagenet512/val/n04263257/ILSVRC2012_val_00045099.JPEG,44,4.95625841722358,0.000982278841547668,0.23073263797911317,0.986171574060419,0.061393931739768925,44618
1400,/home/projects/bagon/shared/imagenet512/val/n01682714/ILSVRC2012_val_00031816.JPEG,55,0.9331105953315273,0.0009990707039833069,0.07129772130878616,0.5518507649195357,0.08344038644694532,44637
1401,/home/projects/bagon/shared/imagenet512/val/n04443257/ILSVRC2012_val_00000561.JPEG,51,8.220136909862049,0.0009858515113592148,0.3160725150632258,0.9989482973270521,0.15044658101617167,44659
1402,/home/projects/bagon/shared/imagenet512/val/n02114367/ILSVRC2012_val_00041991.JPEG,8,7.261536512640305,0.0009982370538637042,0.3231440656593593,0.9740550877796351,0.03850852681202734,44673
1403,/home/projects/bagon/shared/imagenet512/val/n01784675/ILSVRC2012_val_00046006.JPEG,2,6.781009316231575,2.062299427052494e-05,0.30400992151217693,0.9988444600208228,0.06913790251167833,44674
1404,/home/projects/bagon/shared/imagenet512/val/n07583066/ILSVRC2012_val_00024633.JPEG,2,4.102304334453947,9.953480184776708e-05,0.17680720587133888,0.9833647893449128,0.09519220118674118,44681
1405,/home/projects/bagon/shared/imagenet512/val/n03527444/ILSVRC2012_val_00045803.JPEG,3,5.672250145173166,0.0009677494526840746,0.23184206684257036,0.9954060762457038,0.15019188861207225,44713
1406,/home/projects/bagon/shared/imagenet512/val/n03127925/ILSVRC2012_val_00039897.JPEG,2,4.626641869535433,4.410734163684538e-06,0.20290021481620948,0.9902079464263344,0.087061783880853,44715
1407,/home/projects/bagon/shared/imagenet512/val/n04118776/ILSVRC2012_val_00043998.JPEG,14,9.20321931433864,0.0009925207123160362,0.24783907070752811,0.9990520519241723,0.0767394347552048,44732
1408,/home/projects/bagon/shared/imagenet512/val/n03063599/ILSVRC2012_val_00017456.JPEG,3,7.9946299791335775,2.3841855067985307e-07,0.5673795315891575,0.9989219409648042,0.2698097134562789,44735
1409,/home/projects/bagon/shared/imagenet512/val/n03658185/ILSVRC2012_val_00043645.JPEG,14,4.053635443269741,0.0009762050467543304,0.21078700575041895,0.9346490749774837,0.13596751231873871,44743
1410,/home/projects/bagon/shared/imagenet512/val/n01728572/ILSVRC2012_val_00041383.JPEG,31,3.128228945774026,0.0009803733555600047,0.1987458082803159,0.944512962122763,0.0817931389084849,44746
1411,/home/projects/bagon/shared/imagenet512/val/n02108915/ILSVRC2012_val_00041623.JPEG,17,5.903764504939318,0.000977038755081594,0.46311601743735165,0.9849903204962174,0.043276584488630525,44748
1412,/home/projects/bagon/shared/imagenet512/val/n03532672/ILSVRC2012_val_00026821.JPEG,10,3.0369638886186294,0.0009737040963955224,0.1876124816896915,0.9505353091890781,0.08433531996874816,44759
1413,/home/projects/bagon/shared/imagenet512/val/n01729977/ILSVRC2012_val_00031456.JPEG,65,4.635133731761016,0.0009919252479448915,0.2378379666710121,0.9839165624977032,0.14819250823935612,44775
1414,/home/projects/bagon/shared/imagenet512/val/n04008634/ILSVRC2012_val_00018494.JPEG,66,2.2806669735582545,0.0009832315845414996,0.14881036409038825,0.8559452153569269,0.05896200114185987,44778
1415,/home/projects/bagon/shared/imagenet512/val/n03259280/ILSVRC2012_val_00048045.JPEG,2,3.326215624806764,2.264974000354414e-06,0.20252161514411504,0.9640688365828928,0.2648316562140598,44785
1416,/home/projects/bagon/shared/imagenet512/val/n03220513/ILSVRC2012_val_00013331.JPEG,2,3.9219733467980404,4.160317621426657e-05,0.20512572199532525,0.9801854221332184,0.1215704869292816,44787
1417,/home/projects/bagon/shared/imagenet512/val/n02699494/ILSVRC2012_val_00019197.JPEG,17,3.9029831575462595,0.000992877990938723,0.3910901446911122,0.9781451780408645,0.1599506606346741,44795
1418,/home/projects/bagon/shared/imagenet512/val/n04476259/ILSVRC2012_val_00020114.JPEG,2,3.356560929052648,0.00018142008048016578,0.1649835222504472,0.9649586325492515,0.08544379458369403,44798
1419,/home/projects/bagon/shared/imagenet512/val/n04039381/ILSVRC2012_val_00031107.JPEG,19,4.7328019046690315,0.000992877990938723,0.25980688810214336,0.9899016625573285,0.06422055063636828,44804
1420,/home/projects/bagon/shared/imagenet512/val/n04356056/ILSVRC2012_val_00022285.JPEG,76,2.4397608754225075,0.000998594332486391,0.1498533301779253,0.8734244902734014,0.3641487562760054,44821
1421,/home/projects/bagon/shared/imagenet512/val/n02086646/ILSVRC2012_val_00030642.JPEG,13,3.8421479006647132,0.000971917703282088,0.3196967667470178,0.9762780127902799,0.04638683872581894,44827
1422,/home/projects/bagon/shared/imagenet512/val/n04039381/ILSVRC2012_val_00031371.JPEG,2,6.720044125046115,0.00014828535495325923,0.2017091058062836,0.9986462201780614,0.10781193421328733,44829
1423,/home/projects/bagon/shared/imagenet512/val/n04154565/ILSVRC2012_val_00013516.JPEG,2,4.022673726051835,7.748573807475623e-06,0.18257467658535861,0.982087069135736,0.02648030351196712,44838
1424,/home/projects/bagon/shared/imagenet512/val/n02672831/ILSVRC2012_val_00009773.JPEG,3,7.2612377852069585,5.125986263010418e-06,0.2639341765846843,0.999119767982623,0.16213623058172433,44839
1425,/home/projects/bagon/shared/imagenet512/val/n04086273/ILSVRC2012_val_00037225.JPEG,2,2.9259247343288735,0.0007509748684242368,0.21515376098859662,0.9456281361923091,0.01631797581106103,44844
1426,/home/projects/bagon/shared/imagenet512/val/n04429376/ILSVRC2012_val_00017455.JPEG,3,8.97477209518911,3.135155202471651e-05,0.47376953142815803,0.9949390663517582,0.4454158328859878,44857
1427,/home/projects/bagon/shared/imagenet512/val/n04443257/ILSVRC2012_val_00030711.JPEG,42,1.9423507758183405,0.0009899006690829992,0.1433810049229004,0.844083328619106,0.05570734738692596,44860
1428,/home/projects/bagon/shared/imagenet512/val/n02321529/ILSVRC2012_val_00015243.JPEG,3,1.6101744440966286,0.00040236959466710687,0.25108866985340694,0.7983971949082116,0.14533114203256703,44870
1429,/home/projects/bagon/shared/imagenet512/val/n04254120/ILSVRC2012_val_00030184.JPEG,2,4.6796716091630515,0.0002683041093405336,0.17405118523409413,0.9905001664351545,0.2901787476769677,44884
1430,/home/projects/bagon/shared/imagenet512/val/n02113712/ILSVRC2012_val_00044968.JPEG,4,10.690810121232062,2.6940935640595853e-05,0.607098938697205,0.9987115023718636,0.1450865141388734,44896
1431,/home/projects/bagon/shared/imagenet512/val/n02981792/ILSVRC2012_val_00000402.JPEG,2,1.172951814638509,7.581423415103927e-05,0.10111796409221403,0.6904542311013684,0.10584202425206697,44898
1432,/home/projects/bagon/shared/imagenet512/val/n04462240/ILSVRC2012_val_00017863.JPEG,2,3.167846725031268,0.0007901645149104297,0.18411282237911286,0.9571336646617778,0.1722329111001031,44910
1433,/home/projects/bagon/shared/imagenet512/val/n07614500/ILSVRC2012_val_00008264.JPEG,26,4.42976324132178,0.0009945451747626066,0.16782569288049076,0.9861698465401234,0.06833762793557406,44920
1434,/home/projects/bagon/shared/imagenet512/val/n04355933/ILSVRC2012_val_00040219.JPEG,106,5.214396753697656,0.0009969270322471857,0.1721248076784501,0.9878094181234004,0.19399451220893374,44941
1435,/home/projects/bagon/shared/imagenet512/val/n04258138/ILSVRC2012_val_00009709.JPEG,2,4.821897745132219,7.152555099310121e-07,0.251195279922254,0.9919477787875868,0.10056827174104158,44954
1436,/home/projects/bagon/shared/imagenet512/val/n03075370/ILSVRC2012_val_00041941.JPEG,2,2.957640765213,6.139089964563027e-05,0.3178954165985065,0.9479943837715815,0.12200345991202992,44966
1437,/home/projects/bagon/shared/imagenet512/val/n02747177/ILSVRC2012_val_00046749.JPEG,2,3.4381631596879743,5.638440416078083e-05,0.16663197323365797,0.9678182919312454,0.05021173703346979,44967
1438,/home/projects/bagon/shared/imagenet512/val/n01675722/ILSVRC2012_val_00006853.JPEG,3,6.178689619264333,0.00044490929576568305,0.25590814865365874,0.9931683759069487,0.12880943475179218,44970
1439,/home/projects/bagon/shared/imagenet512/val/n02666196/ILSVRC2012_val_00034718.JPEG,3,16.873187421038892,5.8530047681415454e-05,0.4393020826161215,0.9999997965250275,0.14992205084440507,45012
1440,/home/projects/bagon/shared/imagenet512/val/n07613480/ILSVRC2012_val_00002270.JPEG,2,3.0627472400424267,6.9141146923357155e-06,0.16313237782469905,0.9532336621083751,0.07755457848739748,45015
1441,/home/projects/bagon/shared/imagenet512/val/n03982430/ILSVRC2012_val_00029391.JPEG,2,5.872250391636044,0.0005749003030359745,0.19957734815973657,0.9966274507418491,0.04289519209035779,45024
1442,/home/projects/bagon/shared/imagenet512/val/n01682714/ILSVRC2012_val_00025668.JPEG,66,2.134481007931754,0.0009901388548314571,0.14937239383737747,0.8185387728706481,0.1907329118107297,45025
1443,/home/projects/bagon/shared/imagenet512/val/n03930630/ILSVRC2012_val_00027997.JPEG,2,3.769584865483921,0.0005438040825538337,0.22013017779959645,0.9763971911447699,0.054120665323235354,45037
1444,/home/projects/bagon/shared/imagenet512/val/n04435653/ILSVRC2012_val_00008528.JPEG,2,6.245557546495547,1.549708758830093e-05,0.2391350621598906,0.998045292400906,0.020548304522705375,45049
1445,/home/projects/bagon/shared/imagenet512/val/n01491361/ILSVRC2012_val_00023935.JPEG,13,4.007754789257888,0.0009601273923180997,0.17380798744345724,0.9800101566292114,0.05601307913979535,45079
1446,/home/projects/bagon/shared/imagenet512/val/n03483316/ILSVRC2012_val_00002351.JPEG,11,12.762316293490585,0.0009259465732611716,0.343421073869499,0.9998409516710509,0.09911911797782201,45085
1447,/home/projects/bagon/shared/imagenet512/val/n03259280/ILSVRC2012_val_00010219.JPEG,2,2.9094479078667064,3.266281055402942e-05,0.23177362049765599,0.9454597330194219,0.05035180890230582,45101
1448,/home/projects/bagon/shared/imagenet512/val/n04548362/ILSVRC2012_val_00008472.JPEG,56,4.776275590294972,0.0009825170272961259,0.23007481684439263,0.9875853695609472,0.2924046494599427,45102
1449,/home/projects/bagon/shared/imagenet512/val/n02971356/ILSVRC2012_val_00035114.JPEG,3,3.3354913785587996,0.0009254701435565948,0.23807795743485577,0.9635124327549034,0.05524306426940332,45114
1450,/home/projects/bagon/shared/imagenet512/val/n04350905/ILSVRC2012_val_00033166.JPEG,31,4.370373642479535,0.000974656839389354,0.18941872085766523,0.9856617403374784,0.043280359079320256,45118
1451,/home/projects/bagon/shared/imagenet512/val/n04557648/ILSVRC2012_val_00036165.JPEG,11,2.682322028442286,0.0009945451747626066,0.1392257427985711,0.9298650146880489,0.12469351140609829,45121
1452,/home/projects/bagon/shared/imagenet512/val/n03047690/ILSVRC2012_val_00018631.JPEG,2,0.7274993648643431,4.339123915997334e-05,0.08165165097378237,0.516820128681542,0.09260759330114818,45122
1453,/home/projects/bagon/shared/imagenet512/val/n03710637/ILSVRC2012_val_00007816.JPEG,157,2.3698651344748214,0.000996212475001812,0.11010817855831109,0.670535310557377,0.3338332602486315,45125
1454,/home/projects/bagon/shared/imagenet512/val/n03777754/ILSVRC2012_val_00031737.JPEG,2,1.5421884059460353,9.417489309271332e-06,0.24827772334263912,0.7860760253406756,0.1021731823176388,45134
1455,/home/projects/bagon/shared/imagenet512/val/n03787032/ILSVRC2012_val_00035779.JPEG,75,1.219321824493818,0.000990377040579915,0.08476787853082325,0.6439196178119122,0.22093067490839247,45151
1456,/home/projects/bagon/shared/imagenet512/val/n03920288/ILSVRC2012_val_00011763.JPEG,5,9.014612010563724,0.000922849983908236,0.40029572257804097,0.9995944611558034,0.11638159599927785,45154
1457,/home/projects/bagon/shared/imagenet512/val/n04009552/ILSVRC2012_val_00003990.JPEG,2,1.9688369035302458,9.179073458653875e-06,0.15183435799250686,0.8603704410850421,0.05082400372231586,45163
1458,/home/projects/bagon/shared/imagenet512/val/n02107312/ILSVRC2012_val_00015511.JPEG,3,4.196643789895461,0.00013886917440686375,0.31295279168630646,0.9797835365300884,0.08562688335672339,45166
1459,/home/projects/bagon/shared/imagenet512/val/n01632777/ILSVRC2012_val_00011474.JPEG,2,1.2844502925872803,0.0,0.19165854017944442,0.7231973674798134,0.27828633066675024,45167
1460,/home/projects/bagon/shared/imagenet512/val/n02892767/ILSVRC2012_val_00005423.JPEG,2,5.449591492899344,0.0002215855201939121,0.2029790047694212,0.9954816371181714,0.08250197982526902,45180
1461,/home/projects/bagon/shared/imagenet512/val/n03291819/ILSVRC2012_val_00018067.JPEG,16,4.3150982217048295,0.000962151971179992,0.25853867951334725,0.985345231435682,0.060374966992056384,45184
1462,/home/projects/bagon/shared/imagenet512/val/n02667093/ILSVRC2012_val_00044339.JPEG,2,5.485016703600422,3.2186455882765586e-06,0.27602219039606457,0.9958482882548189,0.0506611558797288,45212
1463,/home/projects/bagon/shared/imagenet512/val/n02124075/ILSVRC2012_val_00041579.JPEG,32,1.0193665153346956,0.0009883524617180228,0.07898192881436396,0.618132871507468,0.10042775610813029,45236
1464,/home/projects/bagon/shared/imagenet512/val/n03272010/ILSVRC2012_val_00006680.JPEG,27,3.5269715471658856,0.000985375139862299,0.2299832933185968,0.9673356363654652,0.2797481864406087,45244
1465,/home/projects/bagon/shared/imagenet512/val/n07583066/ILSVRC2012_val_00038089.JPEG,3,4.898782670497894,0.0,0.32527368343176016,0.9903159647087442,0.04511670238628107,45267
1466,/home/projects/bagon/shared/imagenet512/val/n04033901/ILSVRC2012_val_00003041.JPEG,2,4.775358080835758,7.510157047363464e-06,0.24783736298605039,0.9915573579676807,0.0621427432596825,45271
1467,/home/projects/bagon/shared/imagenet512/val/n03796401/ILSVRC2012_val_00000365.JPEG,13,1.8072877442464232,0.0009968079393729568,0.11964845712268683,0.832001034286097,0.09463419411698853,45277
1468,/home/projects/bagon/shared/imagenet512/val/n04493381/ILSVRC2012_val_00006781.JPEG,76,3.447129240608774,0.0009999042376875877,0.2276387271838992,0.9516607382291085,0.08709506337196701,45279
1469,/home/projects/bagon/shared/imagenet512/val/n03690938/ILSVRC2012_val_00003466.JPEG,48,2.3454989856109023,0.0009810879128053784,0.1530165395805647,0.8848320864746798,0.04796371821888554,45285
1470,/home/projects/bagon/shared/imagenet512/val/n03443371/ILSVRC2012_val_00017478.JPEG,2,2.3594041971227853,0.00013529339048545808,0.13928965949981048,0.9053757147066277,0.054628807709558094,45307
1471,/home/projects/bagon/shared/imagenet512/val/n03908714/ILSVRC2012_val_00043654.JPEG,2,3.631395339965138,1.1920922133867862e-06,0.19829334948565097,0.9735196138569523,0.11797982467742708,45308
1472,/home/projects/bagon/shared/imagenet512/val/n02098105/ILSVRC2012_val_00031531.JPEG,2,3.243767883919645,0.0009490515221841633,0.2603110064021533,0.9606288091303257,0.06380512353328988,45310
1473,/home/projects/bagon/shared/imagenet512/val/n04599235/ILSVRC2012_val_00028150.JPEG,20,5.204327834653668,0.000985136954113841,0.20503275420499073,0.9930642876909934,0.05987356178258217,45312
1474,/home/projects/bagon/shared/imagenet512/val/n03843555/ILSVRC2012_val_00047442.JPEG,3,3.847254991531372,0.0,0.36865058752092444,0.943263131533107,0.058653107909758175,45322
1475,/home/projects/bagon/shared/imagenet512/val/n01749939/ILSVRC2012_val_00014575.JPEG,18,7.4801357696997,0.0009647720726206899,0.2831503920233239,0.9980096660705173,0.15923448160266074,45340
1476,/home/projects/bagon/shared/imagenet512/val/n01749939/ILSVRC2012_val_00026739.JPEG,12,21.339242181391455,0.0009801351698115468,0.29408958098187515,0.9997539666721773,0.08697138149643538,45348
1477,/home/projects/bagon/shared/imagenet512/val/n01667778/ILSVRC2012_val_00015475.JPEG,3,2.3942287993995706,0.0001823735801735893,0.17384487626774994,0.8077925244319675,0.1798403711399275,45354
1478,/home/projects/bagon/shared/imagenet512/val/n03535780/ILSVRC2012_val_00030841.JPEG,8,0.8333424796001054,0.0009738231892697513,0.0868710679522366,0.5598094995570062,0.10388325769538857,45371
1479,/home/projects/bagon/shared/imagenet512/val/n02091831/ILSVRC2012_val_00030249.JPEG,13,4.948488596302923,0.0009751332108862698,0.197224194957635,0.9925218058505327,0.12359000161388858,45388
1480,/home/projects/bagon/shared/imagenet512/val/n01914609/ILSVRC2012_val_00000017.JPEG,3,7.7958227266790345,0.00016080040950328112,0.5144388366340213,0.9958373911699521,0.11243629839930673,45398
1481,/home/projects/bagon/shared/imagenet512/val/n04389033/ILSVRC2012_val_00042641.JPEG,28,2.74691401864402,0.0009918061550706625,0.1951574258257633,0.9308207813471117,0.15473070471535744,45413
1482,/home/projects/bagon/shared/imagenet512/val/n02099712/ILSVRC2012_val_00027534.JPEG,3,1.3310296773561276,0.0002675890573300421,0.11364201086066461,0.6473187234575546,0.1362659793730765,45418
1483,/home/projects/bagon/shared/imagenet512/val/n03983396/ILSVRC2012_val_00030749.JPEG,11,3.9806828759028576,0.0009727513534016907,0.20163998553241883,0.980165605266495,0.07800981849070107,45422
1484,/home/projects/bagon/shared/imagenet512/val/n03690938/ILSVRC2012_val_00032191.JPEG,22,4.6900388217763975,0.0009773960337042809,0.31057722609197613,0.9446963491423932,0.09716635823076039,45429
1485,/home/projects/bagon/shared/imagenet512/val/n03782006/ILSVRC2012_val_00047803.JPEG,59,2.0393722504377365,0.000985136954113841,0.14060565884253134,0.8339768367130356,0.1001527782714317,45431
1486,/home/projects/bagon/shared/imagenet512/val/n02096177/ILSVRC2012_val_00033231.JPEG,4,4.933193206787109,0.0,0.5580812727465322,0.9413251526247398,0.15019076926675362,45433
1487,/home/projects/bagon/shared/imagenet512/val/n02799071/ILSVRC2012_val_00020572.JPEG,2,2.9028979539671127,6.318072337307967e-06,0.1353702164164184,0.9451293413825936,0.05193236226263845,45447
1488,/home/projects/bagon/shared/imagenet512/val/n04557648/ILSVRC2012_val_00000745.JPEG,18,6.274382402771153,0.0009868042543530464,0.15409178648577407,0.9971145047874803,0.09179898496675859,45459
1489,/home/projects/bagon/shared/imagenet512/val/n03868863/ILSVRC2012_val_00033355.JPEG,4,3.1964813438244164,0.00096703483723104,0.2649485885275509,0.9580455944782332,0.07764412975523387,45494
1490,/home/projects/bagon/shared/imagenet512/val/n01632777/ILSVRC2012_val_00044893.JPEG,2,8.53430496295914,0.00016437610611319542,0.26702764764537656,0.9996402892867283,0.18321205667517437,45498
1491,/home/projects/bagon/shared/imagenet512/val/n04443257/ILSVRC2012_val_00043259.JPEG,58,6.1063696530181915,0.0009945451747626066,0.2038549904310011,0.9926685597293331,0.11867543001462447,45499
1492,/home/projects/bagon/shared/imagenet512/val/n01882714/ILSVRC2012_val_00014284.JPEG,2,2.562009245797526,0.0006448334897868335,0.31077580139848715,0.9227433780362954,0.07684618820278843,45505
1493,/home/projects/bagon/shared/imagenet512/val/n04040759/ILSVRC2012_val_00013737.JPEG,2,4.004932403475323,1.3351351299206726e-05,0.2353872013320453,0.9817608176171848,0.10307901512024564,45528
1494,/home/projects/bagon/shared/imagenet512/val/n02877765/ILSVRC2012_val_00006337.JPEG,33,6.663161215255968,0.000990257947705686,0.20200524391737254,0.9974777276489322,0.022936935580034522,45531
1495,/home/projects/bagon/shared/imagenet512/val/n03903868/ILSVRC2012_val_00010985.JPEG,3,1.7666823380859569,0.0009445258183404803,0.17128438995507878,0.8279035649046212,0.08249342648984848,45532
1496,/home/projects/bagon/shared/imagenet512/val/n02089973/ILSVRC2012_val_00043610.JPEG,82,2.3188563167350367,0.000990257947705686,0.1319522668834531,0.8636034133429273,0.18175573781292648,45534
1497,/home/projects/bagon/shared/imagenet512/val/n07747607/ILSVRC2012_val_00039277.JPEG,2,0.6479287142719841,3.099393507000059e-05,0.07039092290834544,0.4768245123034937,0.16371958348577986,45549
1498,/home/projects/bagon/shared/imagenet512/val/n01773797/ILSVRC2012_val_00049478.JPEG,96,1.4009553557261825,0.0009954979177564383,0.08153113199409079,0.6113084426411209,0.06771281513595773,45558
1499,/home/projects/bagon/shared/imagenet512/val/n02089867/ILSVRC2012_val_00021357.JPEG,64,1.1974814735585824,0.0009910915978252888,0.09607568040313087,0.6192812517578505,0.06348886274085791,45571
