example_index,path,total_steps_to_epsilon,total_loss_sum,final_loss,weight_distance,softmax_wasserstein,grad_mass_wasserstein,universal_difficulty_rank
0,/home/projects/bagon/shared/imagenet512/val/n03937543/ILSVRC2012_val_00015536.JPEG,200,1.170047621941194,0.0009969270322471857,0.06359240218856549,0.20716950599876724,0.14890416023235267,18548
1,/home/projects/bagon/shared/imagenet512/val/n03998194/ILSVRC2012_val_00030140.JPEG,203,1.4000067801680416,0.00099871342536062,0.08764330144383145,0.2847786301714391,0.22686138573072498,18916
2,/home/projects/bagon/shared/imagenet512/val/n02268443/ILSVRC2012_val_00031167.JPEG,331,14.463446481735446,0.0009952597320079803,0.33480007841091675,0.6543952117497667,0.2619017319974095,20688
3,/home/projects/bagon/shared/imagenet512/val/n02883205/ILSVRC2012_val_00003907.JPEG,168,0.9772006146376953,0.0009981179609894753,0.07801979457196899,0.2579821972604265,0.2726259719922454,21345
4,/home/projects/bagon/shared/imagenet512/val/n01560419/ILSVRC2012_val_00011331.JPEG,327,2.7928461582632735,0.0009982370538637042,0.16336730392111568,0.5477820415419022,0.38355895522083716,22050
5,/home/projects/bagon/shared/imagenet512/val/n02105855/ILSVRC2012_val_00027579.JPEG,232,30.743343670270406,0.0009981179609894753,0.4583048265864806,0.3459138813487429,0.5399511809426508,22526
6,/home/projects/bagon/shared/imagenet512/val/n02497673/ILSVRC2012_val_00009472.JPEG,65,40.04914328153245,0.000985017861239612,1.5132295974317187,0.5535284372487403,0.32267536442892386,22697
7,/home/projects/bagon/shared/imagenet512/val/n03825788/ILSVRC2012_val_00040709.JPEG,293,8.139512116555125,0.0009999042376875877,0.35775168633201465,0.7625497920692355,0.3952972212283863,22874
8,/home/projects/bagon/shared/imagenet512/val/n03840681/ILSVRC2012_val_00046678.JPEG,73,21.434585197130218,0.0009873997187241912,0.3869700557397574,0.9260491562028907,0.2687166542467931,23207
9,/home/projects/bagon/shared/imagenet512/val/n03888605/ILSVRC2012_val_00024084.JPEG,8,35.44511651992741,1.0728830375228426e-06,0.40287315194713125,0.6472362049575089,0.4314498398240544,23625
10,/home/projects/bagon/shared/imagenet512/val/n01737021/ILSVRC2012_val_00010870.JPEG,294,12.974982820102014,0.0009971652179956436,0.30867502052289314,0.839853764084534,0.23486164080787278,24633
11,/home/projects/bagon/shared/imagenet512/val/n04065272/ILSVRC2012_val_00031346.JPEG,615,13.809223666554317,0.0009981179609894753,0.24384579229229197,0.8128659475595799,0.30474383548777684,24947
12,/home/projects/bagon/shared/imagenet512/val/n02009229/ILSVRC2012_val_00002003.JPEG,-1,nan,nan,nan,nan,nan,25015
13,/home/projects/bagon/shared/imagenet512/val/n02123045/ILSVRC2012_val_00013673.JPEG,436,4.486655363114551,0.000998594332486391,0.14145710362070557,nan,0.17717332219631324,25104
14,/home/projects/bagon/shared/imagenet512/val/n03895866/ILSVRC2012_val_00018861.JPEG,470,5.074161098105833,0.0009993088897317648,0.2236744780630555,0.8015080512307399,0.36217987550745084,25338
15,/home/projects/bagon/shared/imagenet512/val/n02097209/ILSVRC2012_val_00010720.JPEG,390,2.746311504393816,0.0009991897968575358,0.1067045500029684,0.5042464357827827,0.1847279189447972,25508
16,/home/projects/bagon/shared/imagenet512/val/n03710193/ILSVRC2012_val_00000364.JPEG,282,16.893315058317967,0.0009996660519391298,0.4159321085267387,0.8736541074437914,0.3392762725953515,25512
17,/home/projects/bagon/shared/imagenet512/val/n03461385/ILSVRC2012_val_00012810.JPEG,198,16.92202863562852,0.0009990707039833069,0.33439519301428666,0.8626680675877016,0.34432168283109643,25530
18,/home/projects/bagon/shared/imagenet512/val/n02123045/ILSVRC2012_val_00012975.JPEG,628,19.32384371838998,0.000998832518234849,0.3782372139251128,0.710763737695782,0.43213496015182534,25624
19,/home/projects/bagon/shared/imagenet512/val/n04209133/ILSVRC2012_val_00035327.JPEG,8,36.63525432348251,0.0,3.637253040474483,0.31300790436451553,0.02900969314137669,26182
20,/home/projects/bagon/shared/imagenet512/val/n04509417/ILSVRC2012_val_00005518.JPEG,46,21.110297402832657,0.0009846605826169252,0.5171978150338917,0.9863785087306308,0.4331232143899491,26183
21,/home/projects/bagon/shared/imagenet512/val/n02090379/ILSVRC2012_val_00008272.JPEG,409,29.03249353065621,0.0009993088897317648,0.4492154570658659,0.5376328602881755,0.3494474565018473,26239
22,/home/projects/bagon/shared/imagenet512/val/n02088094/ILSVRC2012_val_00042097.JPEG,38,35.40623765264172,0.0009828743059188128,0.5068427690134583,0.9815385511159148,0.36804787445700404,26376
23,/home/projects/bagon/shared/imagenet512/val/n04141327/ILSVRC2012_val_00026734.JPEG,272,4.613005907158367,0.0009997851448133588,0.14967048300573482,0.871926011158106,0.26773812723822127,26688
24,/home/projects/bagon/shared/imagenet512/val/n03970156/ILSVRC2012_val_00006502.JPEG,347,2.743216880597174,0.00099871342536062,0.1394339087827438,0.3359893806386249,0.3919547512782057,26959
25,/home/projects/bagon/shared/imagenet512/val/n02916936/ILSVRC2012_val_00007944.JPEG,189,25.735567734926008,0.0009995469590649009,0.4292506780130356,0.4550472012800611,0.5313252490248288,27147
26,/home/projects/bagon/shared/imagenet512/val/n07802026/ILSVRC2012_val_00003019.JPEG,200,20.891703700996004,0.0009964506607502699,0.3632236036664633,0.7692060104737124,0.4767614657728965,27365
27,/home/projects/bagon/shared/imagenet512/val/n03095699/ILSVRC2012_val_00024089.JPEG,405,14.202660994720645,0.000998832518234849,0.40594276744050695,0.8147369677403189,0.33365394703330487,27392
28,/home/projects/bagon/shared/imagenet512/val/n03873416/ILSVRC2012_val_00016218.JPEG,378,14.694110408890992,0.0009991897968575358,0.43888952592739083,0.46119718753267785,0.2703070720163453,27446
29,/home/projects/bagon/shared/imagenet512/val/n04162706/ILSVRC2012_val_00008883.JPEG,126,56.02045893250033,0.0009976415894925594,0.5222543349795803,0.8012619345637826,0.5695373952941059,27522
30,/home/projects/bagon/shared/imagenet512/val/n01695060/ILSVRC2012_val_00030814.JPEG,138,33.54263329587411,0.0009925207123160362,0.39419384778039435,0.7942469250115719,0.34121033063487927,27556
31,/home/projects/bagon/shared/imagenet512/val/n03447447/ILSVRC2012_val_00025480.JPEG,263,1.836525949765928,0.0009952597320079803,0.0959771368811827,0.20094078786339686,0.24497312726287174,27668
32,/home/projects/bagon/shared/imagenet512/val/n03680355/ILSVRC2012_val_00020661.JPEG,71,34.22332591377199,0.0009947833605110645,0.38577390035657555,0.7281293146145961,0.4077060136524365,27708
33,/home/projects/bagon/shared/imagenet512/val/n04192698/ILSVRC2012_val_00035470.JPEG,138,5.908208052045666,0.000993711524643004,0.28140881345255603,0.8233605445646041,0.22675460661214022,27996
34,/home/projects/bagon/shared/imagenet512/val/n03538406/ILSVRC2012_val_00022325.JPEG,132,37.184897277504206,0.0009984752396121621,0.3380758117010953,0.8209990226740383,0.26046684775334594,28281
35,/home/projects/bagon/shared/imagenet512/val/n04204347/ILSVRC2012_val_00039778.JPEG,5,199.44399452209473,0.0,15.030029393072308,0.9547379406652141,0.6027671571804868,28392
36,/home/projects/bagon/shared/imagenet512/val/n04263257/ILSVRC2012_val_00000004.JPEG,502,5.14551808568649,0.0009999042376875877,0.2942029705600545,0.8183301623423266,0.39790095233315137,28407
37,/home/projects/bagon/shared/imagenet512/val/n03095699/ILSVRC2012_val_00033533.JPEG,265,2.4935831448528916,0.0009969270322471857,0.12927467062151612,0.44769424276184944,0.34293026456817344,28408
38,/home/projects/bagon/shared/imagenet512/val/n02909870/ILSVRC2012_val_00042633.JPEG,5,396.264285326004,0.0,44.448375373503445,0.6876846159016519,0.606925252942253,28569
39,/home/projects/bagon/shared/imagenet512/val/n01739381/ILSVRC2012_val_00039455.JPEG,690,26.16906963591464,0.000998951611109078,0.43656894305912824,0.5363016505356532,0.47417332265550577,28629
40,/home/projects/bagon/shared/imagenet512/val/n02167151/ILSVRC2012_val_00000956.JPEG,1054,6.103093308280222,0.000998951611109078,0.17391740083855317,0.3951970403049962,0.20381149149256972,28643
41,/home/projects/bagon/shared/imagenet512/val/n03018349/ILSVRC2012_val_00038465.JPEG,449,12.999062607181258,0.0009993088897317648,0.30653255429062043,0.6333754540822751,0.4558611898567977,28695
42,/home/projects/bagon/shared/imagenet512/val/n02641379/ILSVRC2012_val_00033541.JPEG,429,33.04251881572418,0.0009997851448133588,0.35003876064222167,0.8957672441820997,0.41715663277241466,28748
43,/home/projects/bagon/shared/imagenet512/val/n02488702/ILSVRC2012_val_00048491.JPEG,6,41.90604496002197,0.0,4.58045699108594,0.3999228597648502,0.42352220206541813,28822
44,/home/projects/bagon/shared/imagenet512/val/n02841315/ILSVRC2012_val_00022229.JPEG,49,10.054384082905017,0.000998951611109078,0.2624286569466334,0.45036504281180223,0.1579535314123502,29119
45,/home/projects/bagon/shared/imagenet512/val/n01534433/ILSVRC2012_val_00017384.JPEG,340,43.60933429514989,0.0009982370538637042,0.46903207997655727,0.9413355490056179,0.4115462668630303,29165
46,/home/projects/bagon/shared/imagenet512/val/n04285008/ILSVRC2012_val_00027397.JPEG,645,12.545355596812442,0.0009994279826059937,0.3770533369625604,0.9214411156209132,0.4707513955085004,29254
47,/home/projects/bagon/shared/imagenet512/val/n07920052/ILSVRC2012_val_00016234.JPEG,209,11.003052959567867,0.0009968079393729568,0.31824910667135925,0.9920522605893609,0.27369346676237644,29278
48,/home/projects/bagon/shared/imagenet512/val/n03126707/ILSVRC2012_val_00000637.JPEG,6,57.96628761291504,0.0,114.45072155423405,0.8982693781264269,0.48276227590760573,29288
49,/home/projects/bagon/shared/imagenet512/val/n02098413/ILSVRC2012_val_00029693.JPEG,980,13.379911878262646,0.0009997851448133588,0.29340817444870354,0.8144825966970023,0.43351788541894776,29357
50,/home/projects/bagon/shared/imagenet512/val/n02219486/ILSVRC2012_val_00023798.JPEG,274,11.29310514847748,0.0009997851448133588,0.3404385394561288,0.9891870194043016,0.38898767614511354,29366
51,/home/projects/bagon/shared/imagenet512/val/n03690938/ILSVRC2012_val_00001814.JPEG,480,10.441455829655752,0.0009981179609894753,0.25088413952881755,0.804577206586908,0.3732746688263155,29368
52,/home/projects/bagon/shared/imagenet512/val/n03944341/ILSVRC2012_val_00038474.JPEG,4,174.86954355239868,0.0,8.69897058892997,0.9141426881898449,0.6426099135417161,29435
53,/home/projects/bagon/shared/imagenet512/val/n01580077/ILSVRC2012_val_00015195.JPEG,115,35.66848466999363,0.000992997083812952,0.3951876849879627,0.9679400320457053,0.36928542796175035,29459
54,/home/projects/bagon/shared/imagenet512/val/n03482405/ILSVRC2012_val_00026275.JPEG,172,9.023400568403304,0.000998594332486391,0.4036908208845531,0.9365007858760184,0.4748585719908148,29482
55,/home/projects/bagon/shared/imagenet512/val/n02100877/ILSVRC2012_val_00038122.JPEG,356,25.331210523843765,0.000998594332486391,0.36364068310315173,0.97509955670926,0.3262180201936785,29538
56,/home/projects/bagon/shared/imagenet512/val/n01644373/ILSVRC2012_val_00034542.JPEG,609,15.687963975011371,0.0009997851448133588,0.36993160952438503,0.6634896797533073,0.37235148760644665,29606
57,/home/projects/bagon/shared/imagenet512/val/n03404251/ILSVRC2012_val_00038511.JPEG,282,3.533466600230895,0.00099871342536062,0.20813924281957846,0.829149952627473,0.2980375970331196,29735
58,/home/projects/bagon/shared/imagenet512/val/n03908714/ILSVRC2012_val_00022879.JPEG,122,20.04175395949278,0.000998832518234849,0.26457131065682876,0.6509351003286872,0.3715438995231384,29760
59,/home/projects/bagon/shared/imagenet512/val/n03721384/ILSVRC2012_val_00032461.JPEG,110,18.295944660319947,0.000998832518234849,0.49934856432932073,0.6681992886204486,0.3008162346431107,29767
60,/home/projects/bagon/shared/imagenet512/val/n01955084/ILSVRC2012_val_00015408.JPEG,79,3.9112282569985837,0.0009864469757303596,0.27482054615993495,0.5258120598337415,0.16916295176911605,29770
61,/home/projects/bagon/shared/imagenet512/val/n04033995/ILSVRC2012_val_00023638.JPEG,206,12.943500489694998,0.0009991897968575358,0.33544149023534775,0.7622593784956412,0.3709079620686211,29887
62,/home/projects/bagon/shared/imagenet512/val/n03935335/ILSVRC2012_val_00015347.JPEG,217,1.3914527194574475,0.0009999042376875877,0.09135854261644082,0.29727997643676024,0.275662816415393,29970
63,/home/projects/bagon/shared/imagenet512/val/n02229544/ILSVRC2012_val_00034566.JPEG,459,2.472448429092765,0.0009984752396121621,0.10886437952491249,0.48870310383346754,0.18233796083318637,30003
64,/home/projects/bagon/shared/imagenet512/val/n02504013/ILSVRC2012_val_00038720.JPEG,416,4.392930946080014,0.0009993088897317648,0.14506318860854836,0.40176558603825124,0.29786444612076457,30019
65,/home/projects/bagon/shared/imagenet512/val/n01980166/ILSVRC2012_val_00005836.JPEG,382,3.1332743727834895,0.0009984752396121621,0.13428968424028997,0.7574425226336299,0.23121697884283543,30054
66,/home/projects/bagon/shared/imagenet512/val/n07693725/ILSVRC2012_val_00001405.JPEG,83,7.679995396290906,0.000985375139862299,0.26383797157595773,0.9815111163576513,0.26116208534217356,30089
67,/home/projects/bagon/shared/imagenet512/val/n02787622/ILSVRC2012_val_00024757.JPEG,8,26.211610704605846,1.0490362910786644e-05,1.088074057361954,0.8474137471078893,0.17212118208777094,30136
68,/home/projects/bagon/shared/imagenet512/val/n04367480/ILSVRC2012_val_00039837.JPEG,242,2.835009619127959,0.000998594332486391,0.11048019658094131,0.802633873952793,0.14438093054396126,30165
69,/home/projects/bagon/shared/imagenet512/val/n02102318/ILSVRC2012_val_00028292.JPEG,580,15.398404244566336,0.0009982370538637042,0.28327885276461057,0.8956489246067992,0.2627749876574673,30181
70,/home/projects/bagon/shared/imagenet512/val/n09256479/ILSVRC2012_val_00002973.JPEG,151,2.134306385065429,0.000993711524643004,0.09124294775957772,0.3901324381956111,0.19936662045457165,30264
71,/home/projects/bagon/shared/imagenet512/val/n02089867/ILSVRC2012_val_00004148.JPEG,502,32.72762557154056,0.0009995469590649009,0.6083055905528046,0.6675765574100155,0.3838210620388252,30573
72,/home/projects/bagon/shared/imagenet512/val/n04613696/ILSVRC2012_val_00028896.JPEG,4,83.31506824493408,0.0,23.080903563509324,0.8712097919734729,0.6990585869577922,30577
73,/home/projects/bagon/shared/imagenet512/val/n02174001/ILSVRC2012_val_00033980.JPEG,300,6.47750342648942,0.0009993088897317648,0.2806673790631759,0.8628408660998315,0.37210749414969246,30666
74,/home/projects/bagon/shared/imagenet512/val/n02443114/ILSVRC2012_val_00037122.JPEG,-1,nan,nan,nan,nan,nan,30683
75,/home/projects/bagon/shared/imagenet512/val/n02326432/ILSVRC2012_val_00011291.JPEG,395,3.0970338293118402,0.0009994279826059937,0.11982521968481202,nan,0.29404304366384304,30693
76,/home/projects/bagon/shared/imagenet512/val/n03207743/ILSVRC2012_val_00030446.JPEG,442,11.140829411451705,0.00099871342536062,0.27942679903465545,0.9792996941313443,0.3042261993541004,30792
77,/home/projects/bagon/shared/imagenet512/val/n02909870/ILSVRC2012_val_00008220.JPEG,305,3.2175734838237986,0.0009981179609894753,0.1591635624703595,0.5787505527229331,0.2560389614664573,30856
78,/home/projects/bagon/shared/imagenet512/val/n02090622/ILSVRC2012_val_00018234.JPEG,421,12.165490464423783,0.0009995469590649009,0.3148113150293789,0.8042904338227087,0.3235450979221858,30939
79,/home/projects/bagon/shared/imagenet512/val/n03792782/ILSVRC2012_val_00046549.JPEG,372,44.50023230770603,0.000998951611109078,0.35406888039856194,0.8350411477389924,0.2916074264084053,30984
80,/home/projects/bagon/shared/imagenet512/val/n03840681/ILSVRC2012_val_00013249.JPEG,82,41.81965833262075,0.0009999042376875877,0.7157974177190242,0.9590713777108644,0.46581584706146584,30994
81,/home/projects/bagon/shared/imagenet512/val/n03452741/ILSVRC2012_val_00043735.JPEG,5,82.06894934177399,0.0,6.069782298453097,0.7793846807923215,0.6269690783300091,31039
82,/home/projects/bagon/shared/imagenet512/val/n02090379/ILSVRC2012_val_00033094.JPEG,326,35.416125125600956,0.0009965697536244988,0.3786281320833967,0.9725515550513514,0.2840122408285894,31105
83,/home/projects/bagon/shared/imagenet512/val/n03478589/ILSVRC2012_val_00047835.JPEG,105,28.75787696777843,0.0009914488764479756,0.6717084290165448,0.9916582539857122,0.39696689764362747,31190
84,/home/projects/bagon/shared/imagenet512/val/n02087394/ILSVRC2012_val_00018629.JPEG,479,24.132108348654583,0.0009981179609894753,0.2703446869393681,0.9173119740193637,0.3821236854845107,31231
85,/home/projects/bagon/shared/imagenet512/val/n12768682/ILSVRC2012_val_00014129.JPEG,113,27.625305471476167,0.000996093382127583,0.3132507952411104,0.9665636589912053,0.1872477642808966,31371
86,/home/projects/bagon/shared/imagenet512/val/n04509417/ILSVRC2012_val_00032079.JPEG,160,17.83448702248279,0.000996093382127583,0.40700606664553723,0.8532826621584042,0.22175278569576556,31372
87,/home/projects/bagon/shared/imagenet512/val/n01978287/ILSVRC2012_val_00038309.JPEG,32,23.587997276510578,0.000961913785431534,0.506624353283667,0.9774411436855466,0.26077632904197984,31395
88,/home/projects/bagon/shared/imagenet512/val/n04579432/ILSVRC2012_val_00039649.JPEG,4,69.6566972732544,0.0,8.8217940766179,0.9560755177955806,0.6962312389912315,31432
89,/home/projects/bagon/shared/imagenet512/val/n02837789/ILSVRC2012_val_00029050.JPEG,947,13.825208424590528,0.000998951611109078,0.35438227251406923,0.7104915426516806,0.4118936922511398,31460
90,/home/projects/bagon/shared/imagenet512/val/n03476684/ILSVRC2012_val_00039290.JPEG,158,4.299499426386319,0.000998832518234849,0.16404622007313818,0.9519394581611287,0.19192218116654222,31532
91,/home/projects/bagon/shared/imagenet512/val/n02236044/ILSVRC2012_val_00035261.JPEG,247,16.157383129931986,0.0009956170106306672,0.3202355022715002,0.7806309500786526,0.3193438020216579,31538
92,/home/projects/bagon/shared/imagenet512/val/n01608432/ILSVRC2012_val_00001813.JPEG,499,13.191781924571842,0.0009996660519391298,0.3856362932434755,0.6937776389096684,0.5814610973670672,31541
93,/home/projects/bagon/shared/imagenet512/val/n02504458/ILSVRC2012_val_00033235.JPEG,385,9.020911794737913,0.0009996660519391298,0.28891675283884005,0.8700959704816026,0.3172012345677585,31554
94,/home/projects/bagon/shared/imagenet512/val/n03814639/ILSVRC2012_val_00020176.JPEG,507,22.694601408555172,0.0009996660519391298,0.44734585222043816,0.8935572144748408,0.3610912260036098,31580
95,/home/projects/bagon/shared/imagenet512/val/n04371774/ILSVRC2012_val_00030942.JPEG,221,5.306688039447181,0.0009979988681152463,0.24475924719237174,0.7013734806398763,0.26084230899521266,31599
96,/home/projects/bagon/shared/imagenet512/val/n02093428/ILSVRC2012_val_00008303.JPEG,119,49.20760792668443,0.0009939497103914618,0.4533821071701272,0.9296478111424809,0.5168742487439816,31682
97,/home/projects/bagon/shared/imagenet512/val/n03873416/ILSVRC2012_val_00047900.JPEG,182,25.227951014996506,0.0009964506607502699,0.47824797861018314,0.9254461251794543,0.37199385299656823,31881
98,/home/projects/bagon/shared/imagenet512/val/n02807133/ILSVRC2012_val_00024350.JPEG,251,8.494424022268504,0.0009997851448133588,0.28116081074324684,0.8197655248691789,0.21254575655696228,31914
99,/home/projects/bagon/shared/imagenet512/val/n03291819/ILSVRC2012_val_00009905.JPEG,248,3.11843531311024,0.0009993088897317648,0.20423179184023046,0.41713499261457454,0.21708720231884174,31953
100,/home/projects/bagon/shared/imagenet512/val/n03759954/ILSVRC2012_val_00049128.JPEG,85,9.593049859744497,0.0009901388548314571,0.339228909902112,0.703593842410436,0.3567767645361607,31958
101,/home/projects/bagon/shared/imagenet512/val/n01698640/ILSVRC2012_val_00006151.JPEG,116,59.38263838668354,0.0009869233472272754,0.39174439689515483,0.7081512279051487,0.4862889047719312,31959
102,/home/projects/bagon/shared/imagenet512/val/n01664065/ILSVRC2012_val_00036202.JPEG,59,58.559535554551985,0.0009728704462759197,0.5501846275476382,0.6842521282135552,0.39864522834878785,31967
103,/home/projects/bagon/shared/imagenet512/val/n01950731/ILSVRC2012_val_00019684.JPEG,353,25.175794703885913,0.0009979988681152463,0.3969916652813502,0.8953748892249372,0.4007377663017496,31977
104,/home/projects/bagon/shared/imagenet512/val/n03018349/ILSVRC2012_val_00000346.JPEG,294,32.15535068407189,0.00099871342536062,0.32451707519579004,0.6215931327832922,0.34626669395068566,32004
105,/home/projects/bagon/shared/imagenet512/val/n04536866/ILSVRC2012_val_00039680.JPEG,-1,nan,nan,nan,nan,nan,32005
106,/home/projects/bagon/shared/imagenet512/val/n02097130/ILSVRC2012_val_00031856.JPEG,814,14.179259506170638,0.0009999042376875877,0.2752517890236116,nan,0.3046555400875056,32018
107,/home/projects/bagon/shared/imagenet512/val/n03492542/ILSVRC2012_val_00033649.JPEG,128,18.45079289271962,0.0009996660519391298,0.25859579642378705,0.5853131466141682,0.2743699315617849,32062
108,/home/projects/bagon/shared/imagenet512/val/n01742172/ILSVRC2012_val_00029088.JPEG,298,13.928785870084539,0.00099871342536062,0.21935459588199366,0.7819356133268444,0.29603270522729863,32079
109,/home/projects/bagon/shared/imagenet512/val/n04435653/ILSVRC2012_val_00019621.JPEG,300,5.036142800352536,0.0009968079393729568,0.36593797930379124,0.44942499025634125,0.35196396448290734,32091
110,/home/projects/bagon/shared/imagenet512/val/n04209239/ILSVRC2012_val_00024446.JPEG,218,1.702064126264304,0.0009965697536244988,0.1255085042443508,0.3576752788485421,0.32929503757638673,32192
111,/home/projects/bagon/shared/imagenet512/val/n02165105/ILSVRC2012_val_00046267.JPEG,4,28.55635905265808,0.0,6.614055487161145,0.9100924361445712,0.5459044060091446,32243
112,/home/projects/bagon/shared/imagenet512/val/n02492035/ILSVRC2012_val_00041232.JPEG,285,21.894101848243736,0.0009976415894925594,0.3870125312423538,0.9490738957622257,0.37993205099583505,32247
113,/home/projects/bagon/shared/imagenet512/val/n03777754/ILSVRC2012_val_00029002.JPEG,224,6.435550801339559,0.0009996660519391298,0.19972773244698575,0.6688188809991423,0.4255388709596568,32257
114,/home/projects/bagon/shared/imagenet512/val/n02909870/ILSVRC2012_val_00022064.JPEG,412,2.76619403087534,0.0009994279826059937,0.1419685831528943,0.5326225405364478,0.44529987386588327,32274
115,/home/projects/bagon/shared/imagenet512/val/n03450230/ILSVRC2012_val_00007147.JPEG,567,17.31729347014334,0.0009993088897317648,0.25762886151899256,0.8019451028941081,0.34875712616733906,32384
116,/home/projects/bagon/shared/imagenet512/val/n02231487/ILSVRC2012_val_00026518.JPEG,851,22.186771221575327,0.0009999042376875877,0.4182733551001013,0.5798132795222385,0.5446700165907445,32398
117,/home/projects/bagon/shared/imagenet512/val/n04597913/ILSVRC2012_val_00043767.JPEG,12,26.792981634498574,0.0009299959056079388,1.3246675572688638,0.9789946858381358,0.5744182120281104,32442
118,/home/projects/bagon/shared/imagenet512/val/n02091134/ILSVRC2012_val_00033267.JPEG,236,4.571393882390112,0.0009977606823667884,0.17493056224381182,0.8489790694626661,0.19820736708714576,32460
119,/home/projects/bagon/shared/imagenet512/val/n02837789/ILSVRC2012_val_00035607.JPEG,492,20.3441936817253,0.0009999042376875877,0.349415035945252,0.9000451693778719,0.3420700138462252,32503
120,/home/projects/bagon/shared/imagenet512/val/n02100877/ILSVRC2012_val_00016589.JPEG,442,19.98245012224652,0.000998951611109078,0.2784392728587939,0.9810347413707703,0.35950056558917365,32542
121,/home/projects/bagon/shared/imagenet512/val/n03041632/ILSVRC2012_val_00014960.JPEG,176,15.807278781547211,0.0009984752396121621,0.3348504330473481,0.9503080208557643,0.2707069518547256,32546
122,/home/projects/bagon/shared/imagenet512/val/n03970156/ILSVRC2012_val_00048797.JPEG,313,1.5912364824907854,0.0009997851448133588,0.10819784131782474,0.42613774355650985,0.2596862918728411,32554
123,/home/projects/bagon/shared/imagenet512/val/n03255030/ILSVRC2012_val_00046545.JPEG,-1,nan,nan,nan,nan,nan,32642
124,/home/projects/bagon/shared/imagenet512/val/n03724870/ILSVRC2012_val_00038076.JPEG,188,42.20132574439049,0.000996212475001812,0.951860401335496,nan,0.4655470129619919,32649
125,/home/projects/bagon/shared/imagenet512/val/n02526121/ILSVRC2012_val_00019070.JPEG,307,9.649722982663661,0.0009972843108698726,0.28157061418806556,0.9176363826420517,0.2979448152758769,32662
126,/home/projects/bagon/shared/imagenet512/val/n04099969/ILSVRC2012_val_00006061.JPEG,233,26.669566409662366,0.0009984752396121621,0.325571234866014,0.9690213599400489,0.3932301599039385,32697
127,/home/projects/bagon/shared/imagenet512/val/n03478589/ILSVRC2012_val_00008825.JPEG,270,17.381925410125405,0.0009991897968575358,0.2720280919294329,0.9930519106600197,0.27298283682513846,32698
128,/home/projects/bagon/shared/imagenet512/val/n03530642/ILSVRC2012_val_00025504.JPEG,4,12.931683318680825,4.172316494077677e-06,1.26100806261352,0.9989993796900009,0.14414858129629105,32702
129,/home/projects/bagon/shared/imagenet512/val/n02871525/ILSVRC2012_val_00012560.JPEG,446,13.901391850900836,0.000998951611109078,0.4514549702175966,0.7079464390245717,0.2780710432885686,32707
130,/home/projects/bagon/shared/imagenet512/val/n02791270/ILSVRC2012_val_00009990.JPEG,92,23.711429962073453,0.0009991897968575358,0.35654347980836054,0.9082126161996793,0.32396839816741957,32800
131,/home/projects/bagon/shared/imagenet512/val/n03110669/ILSVRC2012_val_00032914.JPEG,447,28.717014398192987,0.0009990707039833069,0.43456394303155654,0.9596027073949301,0.2835072676721463,32855
132,/home/projects/bagon/shared/imagenet512/val/n02325366/ILSVRC2012_val_00013352.JPEG,919,7.144956615287811,0.000998951611109078,0.19900935234987227,0.6335284319936714,0.2636308604475179,32878
133,/home/projects/bagon/shared/imagenet512/val/n03690938/ILSVRC2012_val_00033274.JPEG,745,6.6411561500281096,0.0009991897968575358,0.20825359555741166,0.7697427784452561,0.48350897248798397,32884
134,/home/projects/bagon/shared/imagenet512/val/n04456115/ILSVRC2012_val_00031777.JPEG,181,10.242393094697036,0.000996093382127583,0.5024072142083699,0.730184075035912,0.3164320082604807,32920
135,/home/projects/bagon/shared/imagenet512/val/n03924679/ILSVRC2012_val_00032809.JPEG,165,31.462127989390865,0.0009994279826059937,0.32290079284954726,0.6759318950011665,0.39654247544281285,32937
136,/home/projects/bagon/shared/imagenet512/val/n04266014/ILSVRC2012_val_00027853.JPEG,-1,nan,nan,nan,nan,nan,33004
137,/home/projects/bagon/shared/imagenet512/val/n04273569/ILSVRC2012_val_00040212.JPEG,152,14.914725545793772,0.000995974289253354,0.286867660943282,nan,0.2972596889767277,33019
138,/home/projects/bagon/shared/imagenet512/val/n04243546/ILSVRC2012_val_00036022.JPEG,188,2.430135874892585,0.0009969270322471857,0.1924858442896291,0.5251754499373492,0.40878219892435297,33059
139,/home/projects/bagon/shared/imagenet512/val/n03476991/ILSVRC2012_val_00014521.JPEG,7,55.24134802818298,0.0,21.93543952006636,0.982089988891019,0.5440585084362578,33130
140,/home/projects/bagon/shared/imagenet512/val/n03720891/ILSVRC2012_val_00012522.JPEG,-1,nan,nan,nan,nan,nan,33149
141,/home/projects/bagon/shared/imagenet512/val/n02114367/ILSVRC2012_val_00001172.JPEG,979,23.899974267114885,0.00099871342536062,0.31021460205362705,nan,0.4325211559776341,33208
142,/home/projects/bagon/shared/imagenet512/val/n01749939/ILSVRC2012_val_00012768.JPEG,446,7.255053593893535,0.0009983561467379332,0.21637574233026596,0.8787077404313502,0.3672962885955691,33248
143,/home/projects/bagon/shared/imagenet512/val/n01945685/ILSVRC2012_val_00008468.JPEG,-1,nan,nan,nan,nan,nan,33249
144,/home/projects/bagon/shared/imagenet512/val/n07614500/ILSVRC2012_val_00024640.JPEG,85,13.706640150863677,0.0009864469757303596,0.33440925114669035,nan,0.316505385434355,33253
145,/home/projects/bagon/shared/imagenet512/val/n01558993/ILSVRC2012_val_00019082.JPEG,239,16.453788202255964,0.0009969270322471857,0.32083556228254223,0.9783114217333997,0.28599936404759563,33260
146,/home/projects/bagon/shared/imagenet512/val/n02483708/ILSVRC2012_val_00015529.JPEG,-1,nan,nan,nan,nan,nan,33262
147,/home/projects/bagon/shared/imagenet512/val/n02879718/ILSVRC2012_val_00034986.JPEG,53,15.342419410939328,0.0009947833605110645,0.2978895937659599,nan,0.12302401456649653,33294
148,/home/projects/bagon/shared/imagenet512/val/n03657121/ILSVRC2012_val_00012587.JPEG,395,12.323710879776627,0.0009993088897317648,0.24893543665240678,0.505496724297043,0.3224425887835518,33306
149,/home/projects/bagon/shared/imagenet512/val/n03483316/ILSVRC2012_val_00047139.JPEG,276,30.84597218723502,0.0009957361035048962,0.4078539029446418,0.9728471190093978,0.493110632919151,33308
150,/home/projects/bagon/shared/imagenet512/val/n03770439/ILSVRC2012_val_00042096.JPEG,54,25.101130565279163,0.000990615226328373,0.2951581427115594,0.988915632677883,0.18859044303107197,33311
151,/home/projects/bagon/shared/imagenet512/val/n04041544/ILSVRC2012_val_00039074.JPEG,105,4.243661524727941,0.0009895433904603124,0.17513527281092892,0.6692225272771509,0.304994864016606,33319
152,/home/projects/bagon/shared/imagenet512/val/n04482393/ILSVRC2012_val_00040065.JPEG,449,21.0503558779601,0.0009996660519391298,0.5001239290597321,0.9222653125137699,0.29349080769877145,33332
153,/home/projects/bagon/shared/imagenet512/val/n03623198/ILSVRC2012_val_00019062.JPEG,145,22.0407752628671,0.0009965697536244988,0.43062457381964353,0.9676756936846995,0.5582488080824374,33413
154,/home/projects/bagon/shared/imagenet512/val/n03494278/ILSVRC2012_val_00001367.JPEG,4,31.64821147918701,0.0,2.065476609429131,0.9341732288164226,0.5363694761539654,33418
155,/home/projects/bagon/shared/imagenet512/val/n04099969/ILSVRC2012_val_00026468.JPEG,417,7.383440138190053,0.0009971652179956436,0.2916970696984579,0.6752433456535655,0.45006050572558737,33438
156,/home/projects/bagon/shared/imagenet512/val/n02437616/ILSVRC2012_val_00019696.JPEG,268,31.657100073294714,0.000996331567876041,0.36135951567658753,0.9855658616687679,0.22990832274147138,33452
157,/home/projects/bagon/shared/imagenet512/val/n02056570/ILSVRC2012_val_00048024.JPEG,412,51.388555257348344,0.0009993088897317648,0.5426963148631558,0.9754179846384399,0.3921214889657585,33501
158,/home/projects/bagon/shared/imagenet512/val/n02437312/ILSVRC2012_val_00022162.JPEG,98,8.883617590530775,0.000987995183095336,0.3532526547843101,0.45999886843155935,0.16441445794754378,33523
159,/home/projects/bagon/shared/imagenet512/val/n04443257/ILSVRC2012_val_00041466.JPEG,262,4.349507265840657,0.0009975224966183305,0.18781654018908125,0.8131402519063369,0.3942516890101608,33537
160,/home/projects/bagon/shared/imagenet512/val/n04597913/ILSVRC2012_val_00021192.JPEG,190,18.79741462902166,0.0009922825265675783,0.3646632461839013,0.9377397020428844,0.3062450587769583,33558
161,/home/projects/bagon/shared/imagenet512/val/n03947888/ILSVRC2012_val_00009856.JPEG,336,12.955758821917698,0.0009990707039833069,0.33335057586871264,0.8806089234369952,0.3559089043118857,33572
162,/home/projects/bagon/shared/imagenet512/val/n01847000/ILSVRC2012_val_00012721.JPEG,168,29.991807593847625,0.000996093382127583,0.3474017536113418,0.9852925577367372,0.42099277698760346,33597
163,/home/projects/bagon/shared/imagenet512/val/n03124043/ILSVRC2012_val_00037391.JPEG,64,33.238457048428245,0.0009943069890141487,0.591620396419253,0.8350132610278501,0.4087826717867868,33603
164,/home/projects/bagon/shared/imagenet512/val/n03661043/ILSVRC2012_val_00027156.JPEG,384,6.698865377344191,0.00099871342536062,0.2679284135358416,0.8763628626662272,0.4760826783518258,33649
165,/home/projects/bagon/shared/imagenet512/val/n02747177/ILSVRC2012_val_00048583.JPEG,203,17.56322329537943,0.0009946642676368356,0.25845185521898423,0.8619747852578032,0.3214872465958244,33659
166,/home/projects/bagon/shared/imagenet512/val/n07697537/ILSVRC2012_val_00043773.JPEG,256,3.4257983843563125,0.0009981179609894753,0.13147363029348408,0.8380344308947912,0.28394601577335266,33672
167,/home/projects/bagon/shared/imagenet512/val/n02443114/ILSVRC2012_val_00011710.JPEG,534,23.473543272935785,0.0009991897968575358,0.47755806970906867,0.9696459445663846,0.37943748914886566,33675
168,/home/projects/bagon/shared/imagenet512/val/n02088364/ILSVRC2012_val_00011719.JPEG,376,3.0358236144529656,0.0009979988681152463,0.1295148180731801,0.7884358165792398,0.27170909769928,33678
169,/home/projects/bagon/shared/imagenet512/val/n02101006/ILSVRC2012_val_00029512.JPEG,155,13.044860786758363,0.000990496133454144,0.41709243505205645,0.45203868974411304,0.3333512217784686,33697
170,/home/projects/bagon/shared/imagenet512/val/n03920288/ILSVRC2012_val_00021453.JPEG,159,9.281236299080774,0.0009972843108698726,0.351234239449085,0.9507388170961366,0.37590422850105665,33734
171,/home/projects/bagon/shared/imagenet512/val/n04201297/ILSVRC2012_val_00041367.JPEG,207,8.777674819226377,0.0009993088897317648,0.2652458940433975,0.4103051457882407,0.46273007933928806,33787
172,/home/projects/bagon/shared/imagenet512/val/n03908714/ILSVRC2012_val_00048214.JPEG,37,20.608649260364473,0.000996331567876041,0.3406261556626928,0.9940619013188852,0.25450455750215567,33813
173,/home/projects/bagon/shared/imagenet512/val/n04116512/ILSVRC2012_val_00029176.JPEG,7,57.17814121139236,0.00044586253352463245,2.9794328471279137,0.9400882545681353,0.3575219458034389,33855
174,/home/projects/bagon/shared/imagenet512/val/n03272010/ILSVRC2012_val_00042093.JPEG,409,4.451700905803591,0.0009999042376875877,0.19509171117621946,0.7391817716252753,0.19082881741883462,33862
175,/home/projects/bagon/shared/imagenet512/val/n02123159/ILSVRC2012_val_00047925.JPEG,928,9.113534732954577,0.0009997851448133588,0.2022694092193065,0.8328225362715866,0.32721383987004815,33869
176,/home/projects/bagon/shared/imagenet512/val/n02095570/ILSVRC2012_val_00043375.JPEG,649,22.681351786246523,0.0009993088897317648,0.45684729547755876,0.9528799192345825,0.2841646180276499,33871
177,/home/projects/bagon/shared/imagenet512/val/n03770439/ILSVRC2012_val_00034389.JPEG,104,33.44553928624373,0.0009994279826059937,1.1524787227482753,0.9031205047565696,0.3500882631506816,33919
178,/home/projects/bagon/shared/imagenet512/val/n03666591/ILSVRC2012_val_00020197.JPEG,186,11.06980600906536,0.0009983561467379332,0.3361410027932827,0.7854103507963861,0.501153415788948,33941
179,/home/projects/bagon/shared/imagenet512/val/n02087394/ILSVRC2012_val_00018933.JPEG,965,26.50884045707062,0.0009996660519391298,0.40091775606986507,0.8192770828117594,0.367634951397507,33950
180,/home/projects/bagon/shared/imagenet512/val/n02877765/ILSVRC2012_val_00012571.JPEG,208,58.44940809858963,0.0009997851448133588,0.9780092684127248,0.9654666063086399,0.3855207716811473,33958
181,/home/projects/bagon/shared/imagenet512/val/n02676566/ILSVRC2012_val_00040818.JPEG,358,9.053196218446828,0.0009996660519391298,0.21715405888812347,0.803748113212498,0.39125197716164023,33962
182,/home/projects/bagon/shared/imagenet512/val/n03854065/ILSVRC2012_val_00036724.JPEG,94,6.514138831291348,0.0009922825265675783,0.3975977751520971,0.9649926599675998,0.3955438471758237,33977
183,/home/projects/bagon/shared/imagenet512/val/n03733805/ILSVRC2012_val_00045615.JPEG,5,1012.223920583725,0.0,34.51095562453911,0.7764975670465167,0.48657759130792566,33999
184,/home/projects/bagon/shared/imagenet512/val/n04462240/ILSVRC2012_val_00012345.JPEG,384,18.951375255477615,0.00099871342536062,0.31669486718242434,0.9014034389215025,0.2800634656364175,34012
185,/home/projects/bagon/shared/imagenet512/val/n09229709/ILSVRC2012_val_00008969.JPEG,16,14.539333125692792,0.0009632238652557135,0.7000881705517789,0.9025330679317614,0.20788484205247065,34030
186,/home/projects/bagon/shared/imagenet512/val/n02823428/ILSVRC2012_val_00004521.JPEG,581,15.852670316933654,0.0009999042376875877,0.4024897619442318,0.9814171994306558,0.3962104296871688,34033
187,/home/projects/bagon/shared/imagenet512/val/n04483307/ILSVRC2012_val_00035056.JPEG,474,3.533098559943028,0.000998951611109078,0.13439466666773267,0.43558430323173636,0.3788634462517492,34141
188,/home/projects/bagon/shared/imagenet512/val/n02514041/ILSVRC2012_val_00012177.JPEG,167,26.181587949045934,0.0009996660519391298,0.4625918796189369,0.9244069122055575,0.30055981180401836,34196
189,/home/projects/bagon/shared/imagenet512/val/n03388549/ILSVRC2012_val_00012333.JPEG,269,1.1827692580409348,0.0009977606823667884,0.06031837459516717,0.18083424188666375,0.23725613954761152,34206
190,/home/projects/bagon/shared/imagenet512/val/n04286575/ILSVRC2012_val_00026849.JPEG,-1,nan,nan,nan,nan,nan,34223
191,/home/projects/bagon/shared/imagenet512/val/n02094433/ILSVRC2012_val_00016973.JPEG,520,5.520779751474038,0.000998594332486391,0.22753451153231133,nan,0.2890564020453178,34228
192,/home/projects/bagon/shared/imagenet512/val/n02098105/ILSVRC2012_val_00022576.JPEG,678,20.660231885500252,0.0009995469590649009,0.381801018511232,0.6124696054275067,0.3722222839226731,34237
193,/home/projects/bagon/shared/imagenet512/val/n04482393/ILSVRC2012_val_00002897.JPEG,49,23.60487570532132,0.0009949024533852935,0.3772604708581985,0.9789730437770945,0.3004395863642083,34238
194,/home/projects/bagon/shared/imagenet512/val/n01644900/ILSVRC2012_val_00043524.JPEG,651,11.895441119209863,0.0009997851448133588,0.2731412685802471,0.7763271556343667,0.31353609407381294,34293
195,/home/projects/bagon/shared/imagenet512/val/n02109047/ILSVRC2012_val_00023076.JPEG,101,19.129794182023033,0.0009958551963791251,0.34736162681288985,0.9975670063221983,0.21002656587233093,34301
196,/home/projects/bagon/shared/imagenet512/val/n02095570/ILSVRC2012_val_00016742.JPEG,657,11.012655368307605,0.0009983561467379332,0.2385089552068224,0.8334478536601192,0.2906999400559545,34354
197,/home/projects/bagon/shared/imagenet512/val/n02992211/ILSVRC2012_val_00011064.JPEG,7,24.95340466030757,0.00041368984966538846,1.0620196222166765,0.9000452168281778,0.09321375434895846,34355
198,/home/projects/bagon/shared/imagenet512/val/n02091635/ILSVRC2012_val_00038565.JPEG,283,5.450168020906858,0.0009975224966183305,0.27065409805363716,0.9008910350658322,0.31424600091333277,34461
199,/home/projects/bagon/shared/imagenet512/val/n01675722/ILSVRC2012_val_00039378.JPEG,26,30.817916345782578,0.0009812070056796074,0.4945284629467342,0.9176648963051497,0.5285736691905043,34489
200,/home/projects/bagon/shared/imagenet512/val/n04311174/ILSVRC2012_val_00022328.JPEG,217,25.24539352802094,0.0009934734553098679,0.25800767259004803,0.9985622660343121,0.2553198491029693,34490
201,/home/projects/bagon/shared/imagenet512/val/n07695742/ILSVRC2012_val_00029962.JPEG,5,32.302717208862305,0.0,4.054199631730145,0.9451041754638151,0.7019755537819661,34510
202,/home/projects/bagon/shared/imagenet512/val/n03785016/ILSVRC2012_val_00021121.JPEG,621,46.85725637653377,0.0009991897968575358,0.4915337466085256,0.9304109245023519,0.37532571559976236,34526
203,/home/projects/bagon/shared/imagenet512/val/n12620546/ILSVRC2012_val_00034248.JPEG,7,29.66430851141922,0.0005581013392657042,0.6807255472240707,0.8493646693523621,0.5435305502765972,34537
204,/home/projects/bagon/shared/imagenet512/val/n03476991/ILSVRC2012_val_00004743.JPEG,449,5.934307865565643,0.00099871342536062,0.2125920902595867,0.9834530769651219,0.31020659491697966,34544
205,/home/projects/bagon/shared/imagenet512/val/n07718747/ILSVRC2012_val_00039289.JPEG,628,5.465596538153477,0.0009997851448133588,0.1596651226938612,0.68338575581498,0.2510873298438927,34552
206,/home/projects/bagon/shared/imagenet512/val/n02099849/ILSVRC2012_val_00029742.JPEG,294,32.53917347465176,0.0009996660519391298,0.40656710984932504,0.4493529424843221,0.2876895047981814,34578
207,/home/projects/bagon/shared/imagenet512/val/n02236044/ILSVRC2012_val_00041766.JPEG,289,21.375726743019186,0.0009964506607502699,1.2188850909263884,0.4085846007603164,0.49019687232254994,34608
208,/home/projects/bagon/shared/imagenet512/val/n02095570/ILSVRC2012_val_00012678.JPEG,572,24.77085201058071,0.0009969270322471857,0.26300281400880515,0.9085405694727683,0.39960288203622896,34635
209,/home/projects/bagon/shared/imagenet512/val/n03529860/ILSVRC2012_val_00004596.JPEG,411,6.943121837335639,0.0009979988681152463,0.19225558346376545,0.6134729759056291,0.38600814858435006,34642
210,/home/projects/bagon/shared/imagenet512/val/n04049303/ILSVRC2012_val_00042854.JPEG,118,3.606075088493526,0.0009979988681152463,0.3344527963647015,0.8064930578001022,0.34623526784707703,34652
211,/home/projects/bagon/shared/imagenet512/val/n04127249/ILSVRC2012_val_00045496.JPEG,205,4.785774552728981,0.0009965697536244988,0.17755429582117524,0.5537565956663841,0.2636061503194982,34663
212,/home/projects/bagon/shared/imagenet512/val/n03967562/ILSVRC2012_val_00019662.JPEG,206,15.554744946071878,0.0009983561467379332,0.30679004099456325,0.9263476314493669,0.2903314488329184,34670
213,/home/projects/bagon/shared/imagenet512/val/n02110185/ILSVRC2012_val_00039812.JPEG,818,16.272084735683165,0.0009978797752410173,0.3742774461870534,0.8236898327248633,0.2989999066940968,34691
214,/home/projects/bagon/shared/imagenet512/val/n02094433/ILSVRC2012_val_00037529.JPEG,570,8.261111328960396,0.0009991897968575358,0.2882118059177878,0.7946326027025109,0.27067655462811496,34718
215,/home/projects/bagon/shared/imagenet512/val/n02927161/ILSVRC2012_val_00013775.JPEG,350,19.069211184512824,0.0009981179609894753,0.2951431020811317,0.7900386020839522,0.33472447520903875,34788
216,/home/projects/bagon/shared/imagenet512/val/n01775062/ILSVRC2012_val_00010225.JPEG,1130,28.690851703751832,0.000998951611109078,0.39722333504328583,0.4947800839556022,0.4400231285844697,34810
217,/home/projects/bagon/shared/imagenet512/val/n03041632/ILSVRC2012_val_00048029.JPEG,132,10.436940418090671,0.0009976415894925594,0.37499724547027946,0.9358470786641446,0.38740477208312474,34816
218,/home/projects/bagon/shared/imagenet512/val/n02168699/ILSVRC2012_val_00017552.JPEG,417,3.571865037200041,0.0009995469590649009,0.14972421449754764,0.7408306449279252,0.3841945427178307,34823
219,/home/projects/bagon/shared/imagenet512/val/n04235860/ILSVRC2012_val_00028067.JPEG,11,65.11547327041626,0.0,12.69688234302894,0.9771344338766109,0.4289135620495518,34825
220,/home/projects/bagon/shared/imagenet512/val/n04599235/ILSVRC2012_val_00037980.JPEG,204,6.972440623329021,0.000996331567876041,0.2296887619032546,0.9643241787199514,0.2446083388135242,34860
221,/home/projects/bagon/shared/imagenet512/val/n03532672/ILSVRC2012_val_00032475.JPEG,249,62.706761695677415,0.0009984752396121621,0.517167838048957,0.5719172468542248,0.6168798807135205,34898
222,/home/projects/bagon/shared/imagenet512/val/n04356056/ILSVRC2012_val_00035670.JPEG,608,28.003006931743585,0.0009996660519391298,0.4303036029739623,0.9594273036719576,0.43567393477763616,34930
223,/home/projects/bagon/shared/imagenet512/val/n02823428/ILSVRC2012_val_00039194.JPEG,284,22.087221513618715,0.000998594332486391,0.3909260561453577,0.6059117958460467,0.4466219601104046,34936
224,/home/projects/bagon/shared/imagenet512/val/n02910353/ILSVRC2012_val_00012854.JPEG,110,1.9866026584059,0.0009974034037441015,0.21162192040602582,0.7895432898595494,0.3197506446210558,34937
225,/home/projects/bagon/shared/imagenet512/val/n02804610/ILSVRC2012_val_00031218.JPEG,398,8.152733884635381,0.0009996660519391298,0.5001840434180151,0.8110609101640782,0.35206839526740696,34939
226,/home/projects/bagon/shared/imagenet512/val/n03494278/ILSVRC2012_val_00019269.JPEG,282,28.648828297271393,0.0009991897968575358,0.4191961187096194,0.7369312170435928,0.4375914609916029,34958
227,/home/projects/bagon/shared/imagenet512/val/n12620546/ILSVRC2012_val_00016329.JPEG,438,13.987475698930211,0.000998951611109078,0.3587934067977724,0.8985704162502246,0.36420536715551344,34970
228,/home/projects/bagon/shared/imagenet512/val/n03724870/ILSVRC2012_val_00007883.JPEG,99,15.04425561253447,0.0009947833605110645,0.31697354518040877,0.9948550430348494,0.37593986131578944,35004
229,/home/projects/bagon/shared/imagenet512/val/n07873807/ILSVRC2012_val_00019999.JPEG,389,14.87553677347023,0.0009994279826059937,0.24752245210335394,0.9965326743839522,0.3107912052171138,35012
230,/home/projects/bagon/shared/imagenet512/val/n04596742/ILSVRC2012_val_00007324.JPEG,5,29.948405146598816,0.0,4.904455978766402,0.7103321416813344,0.48448848107851944,35013
231,/home/projects/bagon/shared/imagenet512/val/n04125021/ILSVRC2012_val_00019656.JPEG,-1,nan,nan,nan,nan,nan,35043
232,/home/projects/bagon/shared/imagenet512/val/n04584207/ILSVRC2012_val_00017484.JPEG,7,19.67971473390935,0.0006426891195587814,0.5125719220067475,nan,0.4725243033473096,35090
233,/home/projects/bagon/shared/imagenet512/val/n03690938/ILSVRC2012_val_00034917.JPEG,520,13.349393324460834,0.0009990707039833069,0.3119188033356024,0.7639262546742859,0.5238986817492685,35103
234,/home/projects/bagon/shared/imagenet512/val/n07718472/ILSVRC2012_val_00047407.JPEG,319,5.045811484684236,0.000996212475001812,0.15938675495551924,0.7317567131072018,0.2535959880397719,35114
235,/home/projects/bagon/shared/imagenet512/val/n04461696/ILSVRC2012_val_00046880.JPEG,307,56.2012290044222,0.000998594332486391,0.5415278323500203,0.9394390645035471,0.5515531128621983,35115
236,/home/projects/bagon/shared/imagenet512/val/n02841315/ILSVRC2012_val_00032632.JPEG,4,76.73116540908813,0.0,12.870201139926037,0.9956612782417238,0.5470718166700562,35121
237,/home/projects/bagon/shared/imagenet512/val/n01986214/ILSVRC2012_val_00031408.JPEG,313,21.201150626060553,0.0009981179609894753,0.2668436721307141,0.9566701755440751,0.2711066890071683,35155
238,/home/projects/bagon/shared/imagenet512/val/n04536866/ILSVRC2012_val_00014859.JPEG,636,11.499679963453673,0.0009991897968575358,0.4000135809414181,0.7656569981547102,0.5828107113258435,35195
239,/home/projects/bagon/shared/imagenet512/val/n02704792/ILSVRC2012_val_00033079.JPEG,-1,nan,nan,nan,nan,nan,35227
240,/home/projects/bagon/shared/imagenet512/val/n03803284/ILSVRC2012_val_00002923.JPEG,211,17.249891032464802,0.0009956170106306672,0.2942649080361005,nan,0.3525657867610699,35241
241,/home/projects/bagon/shared/imagenet512/val/n03717622/ILSVRC2012_val_00009371.JPEG,404,25.97608924494125,0.0009969270322471857,0.2862592197913014,0.8558944862377489,0.3072232019693195,35257
242,/home/projects/bagon/shared/imagenet512/val/n03584829/ILSVRC2012_val_00016286.JPEG,197,39.34689857135527,0.0009979988681152463,1.662557739225559,0.9488563863734474,0.5134907094505746,35269
243,/home/projects/bagon/shared/imagenet512/val/n02892767/ILSVRC2012_val_00037058.JPEG,319,17.471967129269615,0.000996093382127583,0.46585498159293237,0.9690557049373423,0.43952923674581723,35270
244,/home/projects/bagon/shared/imagenet512/val/n03314780/ILSVRC2012_val_00029020.JPEG,-1,nan,nan,nan,nan,nan,35289
245,/home/projects/bagon/shared/imagenet512/val/n04317175/ILSVRC2012_val_00001183.JPEG,92,34.90371532912832,0.000992997083812952,0.4327889118996904,nan,0.5054625267404895,35341
246,/home/projects/bagon/shared/imagenet512/val/n02111889/ILSVRC2012_val_00009061.JPEG,11,227.4373675584793,0.0,44.09790445389962,0.8338368300098501,0.6026407056655567,35355
247,/home/projects/bagon/shared/imagenet512/val/n04328186/ILSVRC2012_val_00014153.JPEG,398,8.286845190101303,0.00099871342536062,0.3838392729633079,0.9246984384190733,0.37741480154033125,35359
248,/home/projects/bagon/shared/imagenet512/val/n04120489/ILSVRC2012_val_00011513.JPEG,106,60.58708547288552,0.0009995469590649009,0.8974722177661522,0.6782436129456716,0.44571947514573595,35363
249,/home/projects/bagon/shared/imagenet512/val/n03781244/ILSVRC2012_val_00024251.JPEG,8,35.900360703468316,1.1920928244535389e-07,3.3206389886306082,0.7946175834042719,0.39398590049213866,35364
250,/home/projects/bagon/shared/imagenet512/val/n02109047/ILSVRC2012_val_00044678.JPEG,96,33.656966114998795,0.0009972843108698726,0.3204372070211913,0.8986033616126795,0.24101566634959032,35390
251,/home/projects/bagon/shared/imagenet512/val/n03804744/ILSVRC2012_val_00002005.JPEG,219,12.94174997555092,0.0009964506607502699,0.32791666746271736,0.8460981060655015,0.4022694573247455,35396
252,/home/projects/bagon/shared/imagenet512/val/n03782006/ILSVRC2012_val_00033136.JPEG,395,6.452111560967751,0.0009981179609894753,0.1726846175767208,0.8592773402400594,0.3847518811329986,35412
253,/home/projects/bagon/shared/imagenet512/val/n02883205/ILSVRC2012_val_00005569.JPEG,6,26.444888710975647,0.0,0.6114046417168273,0.998952667355725,0.6784351584565677,35432
254,/home/projects/bagon/shared/imagenet512/val/n03424325/ILSVRC2012_val_00009506.JPEG,95,29.741417468874715,0.0009951406391337514,0.5759946905928073,0.9713575198682319,0.5501616505045351,35467
255,/home/projects/bagon/shared/imagenet512/val/n04376876/ILSVRC2012_val_00008800.JPEG,-1,nan,nan,nan,nan,nan,35495
256,/home/projects/bagon/shared/imagenet512/val/n02025239/ILSVRC2012_val_00002658.JPEG,77,32.410448592389,0.000993354362435639,0.44151446169587294,nan,0.27208529286145966,35498
257,/home/projects/bagon/shared/imagenet512/val/n02098413/ILSVRC2012_val_00015063.JPEG,586,77.49493884772528,0.0009996660519391298,2.492899837773786,0.8830060963484706,0.496828633468627,35510
258,/home/projects/bagon/shared/imagenet512/val/n02098105/ILSVRC2012_val_00042628.JPEG,236,21.878518608864397,0.0009984752396121621,0.33328609437306456,0.8940274685683399,0.44831048077360486,35568
259,/home/projects/bagon/shared/imagenet512/val/n04443257/ILSVRC2012_val_00035144.JPEG,181,19.144526338321157,0.000993711524643004,0.5100713431860698,0.9867261288448567,0.4318707072622513,35583
260,/home/projects/bagon/shared/imagenet512/val/n02948072/ILSVRC2012_val_00021250.JPEG,120,4.27290868293494,0.0009984752396121621,0.2658959950510725,0.9714021164962069,0.26544697670301937,35585
261,/home/projects/bagon/shared/imagenet512/val/n07753275/ILSVRC2012_val_00003549.JPEG,207,34.16002653108444,0.0009956170106306672,0.36882148734402326,0.6019257295349812,0.4363430185631636,35592
262,/home/projects/bagon/shared/imagenet512/val/n04033995/ILSVRC2012_val_00033874.JPEG,356,3.301216827821918,0.000998832518234849,0.13304767770371473,0.5470650318164071,0.24067503022993528,35593
263,/home/projects/bagon/shared/imagenet512/val/n03724870/ILSVRC2012_val_00047387.JPEG,213,23.466841995948926,0.0009968079393729568,1.3407302808472874,0.9297043108420961,0.3891832893094862,35610
264,/home/projects/bagon/shared/imagenet512/val/n02096585/ILSVRC2012_val_00001297.JPEG,363,6.4678465141914785,0.0009972843108698726,0.25803678285409914,0.9189794631502595,0.33066127082143504,35612
265,/home/projects/bagon/shared/imagenet512/val/n03961711/ILSVRC2012_val_00029613.JPEG,-1,nan,nan,nan,nan,nan,35625
266,/home/projects/bagon/shared/imagenet512/val/n01985128/ILSVRC2012_val_00016724.JPEG,178,21.353458650177345,0.000990496133454144,0.28565279895967294,nan,0.288281737906176,35630
267,/home/projects/bagon/shared/imagenet512/val/n02791270/ILSVRC2012_val_00032179.JPEG,-1,nan,nan,nan,nan,nan,35642
268,/home/projects/bagon/shared/imagenet512/val/n03876231/ILSVRC2012_val_00031812.JPEG,524,5.428357843775302,0.0009993088897317648,0.17538765883076293,nan,0.34327661986622626,35643
269,/home/projects/bagon/shared/imagenet512/val/n03876231/ILSVRC2012_val_00007792.JPEG,327,10.194148752489127,0.0009993088897317648,0.23608834711137172,0.8819342097669126,0.365275274762037,35651
270,/home/projects/bagon/shared/imagenet512/val/n04049303/ILSVRC2012_val_00022159.JPEG,-1,nan,nan,nan,nan,nan,35656
271,/home/projects/bagon/shared/imagenet512/val/n03482405/ILSVRC2012_val_00033055.JPEG,278,8.370290865423158,0.0009978797752410173,0.43733283753404234,nan,0.385798985479598,35662
272,/home/projects/bagon/shared/imagenet512/val/n04435653/ILSVRC2012_val_00000030.JPEG,138,19.305451335618272,0.0009968079393729568,0.5332409750682444,0.9028772260062186,0.47603513858810875,35676
273,/home/projects/bagon/shared/imagenet512/val/n03026506/ILSVRC2012_val_00022121.JPEG,244,23.55751350824721,0.0009957361035048962,0.30189910946846815,0.9973566082200666,0.3201449141073627,35686
274,/home/projects/bagon/shared/imagenet512/val/n04483307/ILSVRC2012_val_00038451.JPEG,560,6.091962872887962,0.0009978797752410173,0.3345942367191139,0.7053759930557544,0.4547143792863866,35708
275,/home/projects/bagon/shared/imagenet512/val/n02123045/ILSVRC2012_val_00033837.JPEG,465,7.2856578276259825,0.0009993088897317648,0.18422944321513332,0.8032425328068049,0.32695986704232827,35743
276,/home/projects/bagon/shared/imagenet512/val/n02108089/ILSVRC2012_val_00029970.JPEG,410,3.5980444113956764,0.000998832518234849,0.12621527277726707,0.8228234415197905,0.15975306455302088,35797
277,/home/projects/bagon/shared/imagenet512/val/n03666591/ILSVRC2012_val_00007981.JPEG,23,8.692116485734005,0.0009750141180120409,0.3371206297119442,0.8320424781691989,0.26524074094694805,35840
278,/home/projects/bagon/shared/imagenet512/val/n04136333/ILSVRC2012_val_00028430.JPEG,265,13.346216742764227,0.0009974034037441015,0.29607721762812356,0.8131656897299099,0.2590860736823395,35852
279,/home/projects/bagon/shared/imagenet512/val/n02966193/ILSVRC2012_val_00019819.JPEG,69,22.42708739754744,0.0009858515113592148,0.36152751204057104,0.9140060105274332,0.23482544747869238,35855
280,/home/projects/bagon/shared/imagenet512/val/n03207743/ILSVRC2012_val_00000761.JPEG,497,3.523655276163481,0.0009982370538637042,0.1450786318120007,0.43549166414521173,0.3226378116547982,35879
281,/home/projects/bagon/shared/imagenet512/val/n04404412/ILSVRC2012_val_00020529.JPEG,496,11.199176416848786,0.0009972843108698726,0.34378638931659977,0.3723748041237905,0.3582028598856484,35887
282,/home/projects/bagon/shared/imagenet512/val/n02090622/ILSVRC2012_val_00038397.JPEG,301,40.45503122033551,0.0009983561467379332,0.39943793917774445,0.9788665587963017,0.398258971980173,35890
283,/home/projects/bagon/shared/imagenet512/val/n04376876/ILSVRC2012_val_00024901.JPEG,230,14.425922875991091,0.0009991897968575358,0.36462400386763505,0.9678359396347858,0.46697295539995926,35902
284,/home/projects/bagon/shared/imagenet512/val/n01616318/ILSVRC2012_val_00000018.JPEG,6,73.26460292935371,0.0,6.992126989682446,0.3185614756685117,0.5907473787653519,35903
285,/home/projects/bagon/shared/imagenet512/val/n03680355/ILSVRC2012_val_00018984.JPEG,345,9.627103800419718,0.0009974034037441015,0.2924690909840682,0.537812501123714,0.28041089307718614,35933
286,/home/projects/bagon/shared/imagenet512/val/n04200800/ILSVRC2012_val_00001899.JPEG,7,32.437838925630786,0.0,2.9417561826903533,0.9098878073392249,0.3667293630655509,35934
287,/home/projects/bagon/shared/imagenet512/val/n02091134/ILSVRC2012_val_00001846.JPEG,272,17.196354777086526,0.000998832518234849,0.3835027191993014,0.5969474501922071,0.3639679698517757,35996
288,/home/projects/bagon/shared/imagenet512/val/n09421951/ILSVRC2012_val_00007545.JPEG,290,8.827536129276268,0.0009978797752410173,0.28758692002492375,0.4516938756143457,0.3210865129006445,36033
289,/home/projects/bagon/shared/imagenet512/val/n03478589/ILSVRC2012_val_00010856.JPEG,151,5.209683016408235,0.000998951611109078,0.2894551834175559,0.6808682864708817,0.32470033810074983,36039
290,/home/projects/bagon/shared/imagenet512/val/n04118538/ILSVRC2012_val_00037138.JPEG,445,13.866914896760136,0.000998951611109078,0.27308067085031656,0.9576144631116916,0.32100714757460347,36045
291,/home/projects/bagon/shared/imagenet512/val/n07248320/ILSVRC2012_val_00005253.JPEG,207,12.328067185706459,0.0009981179609894753,0.2983976437486335,0.9662526207010647,0.287974626362853,36077
292,/home/projects/bagon/shared/imagenet512/val/n02640242/ILSVRC2012_val_00027400.JPEG,432,44.03959996183403,0.0009971652179956436,0.4049478484262719,0.8398265451416168,0.4619267199627396,36090
293,/home/projects/bagon/shared/imagenet512/val/n03530642/ILSVRC2012_val_00035007.JPEG,233,11.571908264770173,0.0009971652179956436,0.446829864979687,0.9811399001911154,0.38149793852519265,36095
294,/home/projects/bagon/shared/imagenet512/val/n03062245/ILSVRC2012_val_00011794.JPEG,88,28.394973560702056,0.000998951611109078,0.4790806315526329,0.9855162465065327,0.36739718703333923,36098
295,/home/projects/bagon/shared/imagenet512/val/n03970156/ILSVRC2012_val_00028223.JPEG,264,12.165358180413023,0.0009996660519391298,0.3404443431511502,0.8365593890788314,0.4062271726531693,36118
296,/home/projects/bagon/shared/imagenet512/val/n03666591/ILSVRC2012_val_00010010.JPEG,115,21.373835920006968,0.0009913297835737467,0.48055384020209085,0.8170795417800573,0.37547026457346955,36121
297,/home/projects/bagon/shared/imagenet512/val/n04325704/ILSVRC2012_val_00021577.JPEG,201,4.818354108487256,0.0009999042376875877,0.2725077274206197,0.6201495987239606,0.3365443217075471,36140
298,/home/projects/bagon/shared/imagenet512/val/n03742115/ILSVRC2012_val_00003678.JPEG,617,8.999619871727191,0.0009997851448133588,0.24936996976643147,0.6383871484817378,0.42270457089537405,36143
299,/home/projects/bagon/shared/imagenet512/val/n02992529/ILSVRC2012_val_00011346.JPEG,4,16.075540263205767,0.0002862997353076935,4.137852365238125,0.9669272132110951,0.4424829475030999,36151
300,/home/projects/bagon/shared/imagenet512/val/n04141975/ILSVRC2012_val_00013893.JPEG,150,13.58298667985946,0.0009972843108698726,0.34234085150613675,0.9378886832641347,0.2538283581961384,36182
301,/home/projects/bagon/shared/imagenet512/val/n03494278/ILSVRC2012_val_00038228.JPEG,265,4.284485174808651,0.0009996660519391298,0.18288972935079686,0.6386736857182153,0.30416723883020563,36211
302,/home/projects/bagon/shared/imagenet512/val/n03347037/ILSVRC2012_val_00029145.JPEG,5,69.28061485290527,0.0,3.133135368815065,0.7663261881835768,0.20300158133790053,36239
303,/home/projects/bagon/shared/imagenet512/val/n02011460/ILSVRC2012_val_00007313.JPEG,272,13.244984067976475,0.0009947833605110645,0.30637500723899563,0.9976685587670278,0.40650487959414017,36248
304,/home/projects/bagon/shared/imagenet512/val/n01855672/ILSVRC2012_val_00002997.JPEG,285,22.643033278756775,0.0009994279826059937,0.2291803502672782,0.9982064756822182,0.2721468146102376,36279
305,/home/projects/bagon/shared/imagenet512/val/n03085013/ILSVRC2012_val_00001071.JPEG,10,7.21417344751535,0.0009008163469843566,0.43422372258031317,0.9304575248647212,0.333584429164575,36280
306,/home/projects/bagon/shared/imagenet512/val/n01537544/ILSVRC2012_val_00018676.JPEG,121,32.1606209523743,0.0009982370538637042,0.3282658971000237,0.9600968918402081,0.3070891197644657,36283
307,/home/projects/bagon/shared/imagenet512/val/n04417672/ILSVRC2012_val_00038097.JPEG,204,17.12487667077221,0.0009978797752410173,0.4930765337272133,0.8594763764132833,0.4555529001819396,36291
308,/home/projects/bagon/shared/imagenet512/val/n07718472/ILSVRC2012_val_00047851.JPEG,427,9.231811638223007,0.0009979988681152463,0.24927151529676686,0.917524088586843,0.22698908859103017,36305
309,/home/projects/bagon/shared/imagenet512/val/n02086646/ILSVRC2012_val_00037252.JPEG,5,37.6778039932251,0.0,2.4468205374475036,0.9231384781610124,0.574987540164353,36319
310,/home/projects/bagon/shared/imagenet512/val/n03028079/ILSVRC2012_val_00028310.JPEG,307,4.619294158299454,0.000996212475001812,0.1779304454406504,0.9343831393570602,0.2609609743364618,36323
311,/home/projects/bagon/shared/imagenet512/val/n04310018/ILSVRC2012_val_00021734.JPEG,559,56.1223629869055,0.0009999042376875877,0.49635410645216593,0.9743833082185627,0.5304916710127696,36328
312,/home/projects/bagon/shared/imagenet512/val/n03676483/ILSVRC2012_val_00037921.JPEG,5,69.78633546829224,0.0,6.670597403000391,0.9946592698955392,0.5182416930478053,36353
313,/home/projects/bagon/shared/imagenet512/val/n02108000/ILSVRC2012_val_00024509.JPEG,-1,nan,nan,nan,nan,nan,36395
314,/home/projects/bagon/shared/imagenet512/val/n04482393/ILSVRC2012_val_00025736.JPEG,283,3.5764607704477385,0.0009968079393729568,0.24626923955505559,nan,0.274393639326016,36443
315,/home/projects/bagon/shared/imagenet512/val/n02454379/ILSVRC2012_val_00018717.JPEG,149,17.88969408615958,0.000993830617517233,0.39717806971754616,0.8731265476753745,0.41322167564650725,36446
316,/home/projects/bagon/shared/imagenet512/val/n02948072/ILSVRC2012_val_00049083.JPEG,7,27.02752447128296,0.0,0.9243780505819402,0.8837835049452174,0.3198178588052932,36477
317,/home/projects/bagon/shared/imagenet512/val/n03425413/ILSVRC2012_val_00017350.JPEG,64,18.87261547485832,0.0009888288332149386,0.5168364150980916,0.9938835771462241,0.23527767432831367,36489
318,/home/projects/bagon/shared/imagenet512/val/n04040759/ILSVRC2012_val_00007508.JPEG,462,20.180630017304793,0.000998594332486391,0.4683542709082239,0.9874740994411259,0.44979462839185974,36507
319,/home/projects/bagon/shared/imagenet512/val/n01985128/ILSVRC2012_val_00001381.JPEG,145,37.577828362584114,0.0009915679693222046,0.33350574673762273,0.7002721208374367,0.3053869325918229,36551
320,/home/projects/bagon/shared/imagenet512/val/n02841315/ILSVRC2012_val_00003479.JPEG,82,1.396834179526195,0.0009997851448133588,0.153428605730048,0.40731393089202056,0.2027736767427547,36553
321,/home/projects/bagon/shared/imagenet512/val/n04389033/ILSVRC2012_val_00024213.JPEG,393,47.09710656630341,0.0009990707039833069,0.5360045882045092,0.935324509118364,0.5384340936782056,36588
322,/home/projects/bagon/shared/imagenet512/val/n04067472/ILSVRC2012_val_00040398.JPEG,142,22.56014936475549,0.0009943069890141487,0.4788901216404777,0.34164072608072676,0.3064218627007965,36597
323,/home/projects/bagon/shared/imagenet512/val/n03944341/ILSVRC2012_val_00049645.JPEG,48,29.996219711378217,0.0009806115413084626,0.4649992310501122,0.9919651390104812,0.4446948060567263,36601
324,/home/projects/bagon/shared/imagenet512/val/n04004767/ILSVRC2012_val_00037028.JPEG,429,23.168925572070293,0.0009997851448133588,0.3208508213640609,0.9788363365203666,0.4920441191682936,36608
325,/home/projects/bagon/shared/imagenet512/val/n03980874/ILSVRC2012_val_00010067.JPEG,272,12.283012485830113,0.000998832518234849,0.44353396035318504,0.9221977366854344,0.4710302602478693,36629
326,/home/projects/bagon/shared/imagenet512/val/n02319095/ILSVRC2012_val_00046618.JPEG,152,54.34869539691135,0.000996212475001812,0.3587935959879942,0.9836097697855067,0.38229508648727073,36677
327,/home/projects/bagon/shared/imagenet512/val/n03775071/ILSVRC2012_val_00037281.JPEG,296,9.346465106355026,0.0009968079393729568,0.41009234433246733,0.8099748534507664,0.32641503230753893,36686
328,/home/projects/bagon/shared/imagenet512/val/n02264363/ILSVRC2012_val_00020183.JPEG,542,28.461978366365656,0.0009991897968575358,0.38524254391050017,0.9882019951873364,0.5076700483224307,36712
329,/home/projects/bagon/shared/imagenet512/val/n07860988/ILSVRC2012_val_00033664.JPEG,350,11.21803790400736,0.000998951611109078,0.3957302265344307,0.8264190040521178,0.3040334792053295,36724
330,/home/projects/bagon/shared/imagenet512/val/n02012849/ILSVRC2012_val_00010138.JPEG,409,11.11400223779492,0.0009983561467379332,0.20377296056619457,0.6989717081616191,0.248843459737906,36732
331,/home/projects/bagon/shared/imagenet512/val/n03837869/ILSVRC2012_val_00008078.JPEG,288,32.741797367925756,0.0009982370538637042,0.34737987457093944,0.9948567046068313,0.3575877411157062,36775
332,/home/projects/bagon/shared/imagenet512/val/n02100583/ILSVRC2012_val_00045207.JPEG,413,41.52413893013727,0.0009978797752410173,0.4048472132683379,0.9898208801253405,0.4715841210667797,36795
333,/home/projects/bagon/shared/imagenet512/val/n03017168/ILSVRC2012_val_00034064.JPEG,4,25.87028217315674,0.0,1.311758290199194,0.9953296049558155,0.5830403668811873,36796
334,/home/projects/bagon/shared/imagenet512/val/n01978455/ILSVRC2012_val_00033808.JPEG,310,31.012768344022334,0.0009983561467379332,0.30120848822824364,0.912007132593234,0.25474694875052795,36820
335,/home/projects/bagon/shared/imagenet512/val/n03447721/ILSVRC2012_val_00039141.JPEG,343,3.968302568187937,0.0009997851448133588,0.18298262986104938,0.6394119885093501,0.28809800926277573,36859
336,/home/projects/bagon/shared/imagenet512/val/n03223299/ILSVRC2012_val_00040379.JPEG,90,17.85470147524029,0.000992877990938723,0.35980597750418053,0.47749159773102245,0.34105934441300145,36886
337,/home/projects/bagon/shared/imagenet512/val/n04604644/ILSVRC2012_val_00039676.JPEG,81,25.292291353223845,0.000995974289253354,0.27193137880531837,0.7232298767054708,0.08779099457238809,36891
338,/home/projects/bagon/shared/imagenet512/val/n02939185/ILSVRC2012_val_00000302.JPEG,204,5.44684797374066,0.0009953788248822093,0.2950239802489269,0.4994221987265539,0.3575585584376565,36895
339,/home/projects/bagon/shared/imagenet512/val/n03483316/ILSVRC2012_val_00016639.JPEG,191,43.05842685641255,0.0009977606823667884,0.8334932362529739,0.9782644363182049,0.35922763469857644,36906
340,/home/projects/bagon/shared/imagenet512/val/n02869837/ILSVRC2012_val_00046474.JPEG,233,6.45570899033919,0.0009939497103914618,0.2783108116883308,0.657296857131703,0.23526718076156347,36913
341,/home/projects/bagon/shared/imagenet512/val/n02843684/ILSVRC2012_val_00046472.JPEG,8,41.646214723587036,0.0,80.83711360600515,0.8738416439636332,0.5647959379877403,36919
342,/home/projects/bagon/shared/imagenet512/val/n07697537/ILSVRC2012_val_00026101.JPEG,8,48.02969551086426,0.0,1.5924276259303405,0.8265303845442433,0.08336233868826937,36938
343,/home/projects/bagon/shared/imagenet512/val/n03742115/ILSVRC2012_val_00006891.JPEG,202,19.4651561944047,0.0009943069890141487,0.3541251441344307,0.9718203598017233,0.3332031790654346,36940
344,/home/projects/bagon/shared/imagenet512/val/n02231487/ILSVRC2012_val_00036990.JPEG,523,14.687924670055509,0.0009990707039833069,0.3186884303400444,0.8927631631330272,0.3406656112784716,36944
345,/home/projects/bagon/shared/imagenet512/val/n09229709/ILSVRC2012_val_00020185.JPEG,54,17.93249428377021,0.0009856133256107569,0.48614991635942373,0.9918007944300578,0.3203642701731021,37007
346,/home/projects/bagon/shared/imagenet512/val/n01664065/ILSVRC2012_val_00043692.JPEG,7,48.53554838895798,0.0,3.0317458215498223,0.9746185271540185,0.6066767414766395,37044
347,/home/projects/bagon/shared/imagenet512/val/n02113978/ILSVRC2012_val_00031864.JPEG,8,42.71644616127014,0.0,9.95109794971161,0.9503638925276876,0.4802506195379477,37062
348,/home/projects/bagon/shared/imagenet512/val/n03764736/ILSVRC2012_val_00014868.JPEG,6,29.896809339523315,0.0,1.5874591096862818,0.8935217092964417,0.493731405392995,37075
349,/home/projects/bagon/shared/imagenet512/val/n02097658/ILSVRC2012_val_00044231.JPEG,376,17.705515428911895,0.0009982370538637042,0.3235834656938779,0.9044357716891815,0.25470036456258427,37087
350,/home/projects/bagon/shared/imagenet512/val/n02099601/ILSVRC2012_val_00020224.JPEG,452,6.015382392914034,0.0009978797752410173,0.23810763749868324,0.9234628078388855,0.33668396784623855,37096
351,/home/projects/bagon/shared/imagenet512/val/n04483307/ILSVRC2012_val_00037667.JPEG,570,13.236691208789125,0.0009994279826059937,0.2918764202137017,0.9122580692251722,0.41908731756583795,37102
352,/home/projects/bagon/shared/imagenet512/val/n03532672/ILSVRC2012_val_00000636.JPEG,162,5.336377143976279,0.0009982370538637042,0.21576013000812597,0.7733271387305687,0.31024140976543235,37104
353,/home/projects/bagon/shared/imagenet512/val/n02791270/ILSVRC2012_val_00018164.JPEG,-1,nan,nan,nan,nan,nan,37136
354,/home/projects/bagon/shared/imagenet512/val/n02669723/ILSVRC2012_val_00000851.JPEG,427,13.630797595367767,0.0009997851448133588,0.35582749587143647,nan,0.3948257015013289,37148
355,/home/projects/bagon/shared/imagenet512/val/n02115641/ILSVRC2012_val_00007858.JPEG,26,22.032239274063613,0.0009676303598098457,0.48857041973939397,0.9918320752712699,0.2938058353236517,37150
356,/home/projects/bagon/shared/imagenet512/val/n02977058/ILSVRC2012_val_00020725.JPEG,4,17.39005184173584,0.0,6.069255741664437,0.8935254434561085,0.7052072393455131,37153
357,/home/projects/bagon/shared/imagenet512/val/n03920288/ILSVRC2012_val_00002389.JPEG,134,28.11789673520252,0.0009966888464987278,0.4882609605741816,0.918685848462717,0.41581952341387185,37162
358,/home/projects/bagon/shared/imagenet512/val/n01744401/ILSVRC2012_val_00044580.JPEG,288,11.150084789376706,0.0009975224966183305,0.3683662685750493,0.646477321123963,0.312389660303971,37163
359,/home/projects/bagon/shared/imagenet512/val/n02837789/ILSVRC2012_val_00045787.JPEG,814,11.269189140060917,0.0009999042376875877,0.25935557428192096,0.9657411265070333,0.28921606876925554,37184
360,/home/projects/bagon/shared/imagenet512/val/n04392985/ILSVRC2012_val_00012872.JPEG,-1,nan,nan,nan,nan,nan,37185
361,/home/projects/bagon/shared/imagenet512/val/n03075370/ILSVRC2012_val_00015852.JPEG,3,15.278063297271729,0.0,8.23460081312514,nan,0.6784455664383189,37190
362,/home/projects/bagon/shared/imagenet512/val/n02910353/ILSVRC2012_val_00045754.JPEG,112,13.184771927073598,0.000996331567876041,0.45067688174654696,0.9513598689928361,0.5101093055954172,37217
363,/home/projects/bagon/shared/imagenet512/val/n02423022/ILSVRC2012_val_00023976.JPEG,407,6.772767663816921,0.0009983561467379332,0.1455974190015199,0.9529479403298156,0.15517158094648495,37240
364,/home/projects/bagon/shared/imagenet512/val/n04149813/ILSVRC2012_val_00013984.JPEG,304,12.56600798072759,0.000998594332486391,0.41076284449553957,0.3593629778094678,0.535439714237612,37248
365,/home/projects/bagon/shared/imagenet512/val/n04335435/ILSVRC2012_val_00031357.JPEG,6,46.39605116844177,0.0,20.130745105024896,0.930883653748151,0.5780958571530207,37254
366,/home/projects/bagon/shared/imagenet512/val/n02783161/ILSVRC2012_val_00034540.JPEG,361,7.747957838932052,0.0009974034037441015,0.22841130509861765,0.9201199840845851,0.3940903243579959,37266
367,/home/projects/bagon/shared/imagenet512/val/n02114548/ILSVRC2012_val_00045961.JPEG,1047,18.463825649232604,0.0009996660519391298,0.35784540111199253,0.8095603978082817,0.43359446307639826,37280
368,/home/projects/bagon/shared/imagenet512/val/n01675722/ILSVRC2012_val_00032254.JPEG,195,42.035843612626195,0.0009993088897317648,0.5155534049809563,0.9479643796492527,0.37323209305742955,37286
369,/home/projects/bagon/shared/imagenet512/val/n04133789/ILSVRC2012_val_00029389.JPEG,243,10.8992528275121,0.0009979988681152463,0.35202095361949226,0.5159411064579329,0.2893943855216716,37293
370,/home/projects/bagon/shared/imagenet512/val/n02791124/ILSVRC2012_val_00045348.JPEG,9,32.150172137946356,0.0004372832481749356,1.164606681699948,0.6738867035063266,0.36782883306847647,37315
371,/home/projects/bagon/shared/imagenet512/val/n03249569/ILSVRC2012_val_00029379.JPEG,196,22.404433541931212,0.0009993088897317648,0.8368216047236777,0.5374219999105176,0.3803469248271272,37316
372,/home/projects/bagon/shared/imagenet512/val/n02906734/ILSVRC2012_val_00032789.JPEG,40,41.20238627807703,0.0009900197619572282,0.46941383533973574,0.9981312272854508,0.2120854699420156,37335
373,/home/projects/bagon/shared/imagenet512/val/n07745940/ILSVRC2012_val_00001194.JPEG,89,4.941691305022687,0.0009993088897317648,0.20211865198627232,0.9712720329936141,0.11161593056310165,37346
374,/home/projects/bagon/shared/imagenet512/val/n03000134/ILSVRC2012_val_00006620.JPEG,355,14.635376103804447,0.0009999042376875877,0.4633436779815152,0.9544423390770072,0.37870203535080366,37376
375,/home/projects/bagon/shared/imagenet512/val/n03642806/ILSVRC2012_val_00038104.JPEG,361,14.217038297560066,0.0009990707039833069,0.30871042363000095,0.7196042323097321,0.4518271384179193,37398
376,/home/projects/bagon/shared/imagenet512/val/n03249569/ILSVRC2012_val_00041006.JPEG,146,3.4755211046431214,0.0009970461251214147,0.1431142796835417,0.8805005685759741,0.1376867031675979,37401
377,/home/projects/bagon/shared/imagenet512/val/n02346627/ILSVRC2012_val_00034246.JPEG,130,15.585330040426925,0.0009975224966183305,0.4061344745855011,0.9956770521449727,0.2704370699401081,37423
378,/home/projects/bagon/shared/imagenet512/val/n01847000/ILSVRC2012_val_00047833.JPEG,279,32.570424584904686,0.0009982370538637042,0.4834956908765582,0.8657060461458328,0.28050718391399265,37426
379,/home/projects/bagon/shared/imagenet512/val/n03838899/ILSVRC2012_val_00021863.JPEG,848,12.93696522677783,0.0009981179609894753,0.3382594169519641,0.9041974024575202,0.3663248941515404,37451
380,/home/projects/bagon/shared/imagenet512/val/n01798484/ILSVRC2012_val_00047379.JPEG,662,23.85972019773908,0.0009997851448133588,0.3867907876988526,0.9871485393593648,0.47763528902599733,37464
381,/home/projects/bagon/shared/imagenet512/val/n02443114/ILSVRC2012_val_00030791.JPEG,419,13.472218500915915,0.0009979988681152463,0.3172205104913199,0.6585750257416305,0.2973758832472879,37486
382,/home/projects/bagon/shared/imagenet512/val/n02871525/ILSVRC2012_val_00035998.JPEG,369,14.2939361713361,0.0009958551963791251,0.27486753881352705,0.87920484629844,0.26842897763085993,37488
383,/home/projects/bagon/shared/imagenet512/val/n02777292/ILSVRC2012_val_00046016.JPEG,169,1.5487041841261089,0.0009971652179956436,0.0932806913746623,0.35664340021559104,0.282245122539754,37500
384,/home/projects/bagon/shared/imagenet512/val/n04192698/ILSVRC2012_val_00030177.JPEG,32,36.931512333336286,0.0009629856795072556,2.9122006312394855,0.8899041321954357,0.3479702212860497,37502
385,/home/projects/bagon/shared/imagenet512/val/n01558993/ILSVRC2012_val_00030475.JPEG,255,21.742868131957948,0.0009995469590649009,0.430523335756091,0.833812107483048,0.48541102943676184,37534
386,/home/projects/bagon/shared/imagenet512/val/n01755581/ILSVRC2012_val_00032036.JPEG,384,8.297864985186607,0.0009993088897317648,0.22353903093406555,0.9931737418115341,0.26289608702911244,37544
387,/home/projects/bagon/shared/imagenet512/val/n04070727/ILSVRC2012_val_00049708.JPEG,-1,nan,nan,nan,nan,nan,37547
388,/home/projects/bagon/shared/imagenet512/val/n03134739/ILSVRC2012_val_00004048.JPEG,246,19.923807805986144,0.000996212475001812,0.3923207263474854,nan,0.23666327738007634,37600
389,/home/projects/bagon/shared/imagenet512/val/n07697313/ILSVRC2012_val_00049457.JPEG,173,42.930601407191716,0.000998594332486391,0.8409745893429081,0.7406305917432188,0.2924080392821961,37607
390,/home/projects/bagon/shared/imagenet512/val/n09256479/ILSVRC2012_val_00007613.JPEG,293,28.824542579357512,0.0009991897968575358,0.3781682062622329,0.8966956820031975,0.3329143928301001,37662
391,/home/projects/bagon/shared/imagenet512/val/n03255030/ILSVRC2012_val_00026198.JPEG,76,22.052190287737176,0.0009975224966183305,0.3404930871178584,0.9155461479488656,0.36873528233570063,37675
392,/home/projects/bagon/shared/imagenet512/val/n04270147/ILSVRC2012_val_00025022.JPEG,336,38.17285040731076,0.0009981179609894753,1.5049179169849192,0.9264108888467941,0.5121815485007085,37718
393,/home/projects/bagon/shared/imagenet512/val/n03633091/ILSVRC2012_val_00019674.JPEG,96,14.905043838429265,0.0009993088897317648,0.32849134960468596,0.966369177476031,0.23052079037537437,37751
394,/home/projects/bagon/shared/imagenet512/val/n03976657/ILSVRC2012_val_00019093.JPEG,320,17.873248178046197,0.0009997851448133588,0.3954471816939361,0.9821076833024985,0.4206440752444221,37815
395,/home/projects/bagon/shared/imagenet512/val/n03742115/ILSVRC2012_val_00023002.JPEG,398,1.5968965016072616,0.0009996660519391298,0.07175032446085453,0.14806524459161385,0.19471140215158717,37819
396,/home/projects/bagon/shared/imagenet512/val/n03062245/ILSVRC2012_val_00003439.JPEG,159,15.295681691612117,0.0009934734553098679,0.31389787377161193,0.9692012176761947,0.3311102944313824,37823
397,/home/projects/bagon/shared/imagenet512/val/n04204238/ILSVRC2012_val_00029914.JPEG,-1,nan,nan,nan,nan,nan,37830
398,/home/projects/bagon/shared/imagenet512/val/n03443371/ILSVRC2012_val_00015421.JPEG,383,22.493458593264222,0.0009982370538637042,0.3692163879231876,nan,0.4257405255193287,37847
399,/home/projects/bagon/shared/imagenet512/val/n13054560/ILSVRC2012_val_00037445.JPEG,652,11.699850820587017,0.000998594332486391,0.3497372339351349,0.9778864465466307,0.3334184008240657,37849
400,/home/projects/bagon/shared/imagenet512/val/n04033995/ILSVRC2012_val_00002013.JPEG,329,46.73539290390909,0.0009978797752410173,1.6702499383572116,0.7830538660390459,0.46756958800316917,37857
401,/home/projects/bagon/shared/imagenet512/val/n03134739/ILSVRC2012_val_00015656.JPEG,181,10.891403366695158,0.0009990707039833069,0.30431478887152863,0.6996982028627516,0.19462918548692046,37858
402,/home/projects/bagon/shared/imagenet512/val/n02356798/ILSVRC2012_val_00030458.JPEG,300,42.37437551643234,0.0009977606823667884,1.2564845313661837,0.5363693200012936,0.3349694133233668,37863
403,/home/projects/bagon/shared/imagenet512/val/n03929855/ILSVRC2012_val_00001723.JPEG,10,43.898572741949465,0.0007130940794013441,2.1614471276511575,0.6770533659721578,0.3117816817295149,37868
404,/home/projects/bagon/shared/imagenet512/val/n04366367/ILSVRC2012_val_00024391.JPEG,-1,nan,nan,nan,nan,nan,37891
405,/home/projects/bagon/shared/imagenet512/val/n03877845/ILSVRC2012_val_00005284.JPEG,119,47.92387543269433,0.0009974034037441015,0.3797530669641748,nan,0.2910801482908636,37952
406,/home/projects/bagon/shared/imagenet512/val/n02094258/ILSVRC2012_val_00028506.JPEG,146,2.9911054058466107,0.000996093382127583,0.1197587964584523,0.6719754994504801,0.25093758757212403,37957
407,/home/projects/bagon/shared/imagenet512/val/n02174001/ILSVRC2012_val_00025855.JPEG,372,20.817297600675374,0.0009979988681152463,0.4194060034705741,0.9937297696212595,0.37558359536406016,37971
408,/home/projects/bagon/shared/imagenet512/val/n03482405/ILSVRC2012_val_00036569.JPEG,308,9.964917910052463,0.000998951611109078,0.37047231496445504,0.9814967623240171,0.32005839289400895,37973
409,/home/projects/bagon/shared/imagenet512/val/n04251144/ILSVRC2012_val_00015061.JPEG,386,59.659134249784984,0.0009983561467379332,0.4838353224127994,0.9479514201700657,0.39729732726886935,38001
410,/home/projects/bagon/shared/imagenet512/val/n03944341/ILSVRC2012_val_00022741.JPEG,4,131.75240802764893,0.0,9.07636601552029,0.99872859084163,0.5458497894403246,38012
411,/home/projects/bagon/shared/imagenet512/val/n02808440/ILSVRC2012_val_00033106.JPEG,472,60.05271455156617,0.0009981179609894753,0.6891968161789213,0.9639952454087191,0.4621231655506701,38050
412,/home/projects/bagon/shared/imagenet512/val/n02966687/ILSVRC2012_val_00029374.JPEG,-1,nan,nan,nan,nan,nan,38051
413,/home/projects/bagon/shared/imagenet512/val/n02093428/ILSVRC2012_val_00024542.JPEG,49,39.80358695558971,0.000974537746515125,0.40237796414415833,nan,0.5480901338451811,38055
414,/home/projects/bagon/shared/imagenet512/val/n02948072/ILSVRC2012_val_00035263.JPEG,28,13.185752476099879,0.0009868042543530464,0.7105088272806891,0.8936293955049331,0.13232036553774162,38063
415,/home/projects/bagon/shared/imagenet512/val/n04350905/ILSVRC2012_val_00040799.JPEG,937,19.693976643844508,0.0009999042376875877,0.342336089091378,0.9911898061181348,0.3760787912233654,38107
416,/home/projects/bagon/shared/imagenet512/val/n03937543/ILSVRC2012_val_00001076.JPEG,232,6.061219351948239,0.0009953788248822093,0.19777392776872066,0.41999830911915514,0.24221407065724912,38128
417,/home/projects/bagon/shared/imagenet512/val/n07831146/ILSVRC2012_val_00013137.JPEG,229,23.719580183853395,0.0009996660519391298,0.4370084825928341,0.9609661108617369,0.3592964883475822,38152
418,/home/projects/bagon/shared/imagenet512/val/n02165456/ILSVRC2012_val_00019299.JPEG,540,4.318052106886171,0.0009999042376875877,0.17855730727817418,0.643707624907472,0.3774187489393427,38174
419,/home/projects/bagon/shared/imagenet512/val/n04350905/ILSVRC2012_val_00039028.JPEG,890,32.725184387294576,0.0009995469590649009,0.39864497142659616,0.9423449585038657,0.4937967406491894,38233
420,/home/projects/bagon/shared/imagenet512/val/n02841315/ILSVRC2012_val_00010205.JPEG,4,43.08657193183899,0.0,57.65009471303019,0.9233589773304911,0.6688868761479884,38265
421,/home/projects/bagon/shared/imagenet512/val/n01697457/ILSVRC2012_val_00038287.JPEG,5,48.892090797424316,0.0,3.451105961775902,0.956585129561733,0.4371191446576004,38290
422,/home/projects/bagon/shared/imagenet512/val/n04147183/ILSVRC2012_val_00026899.JPEG,628,7.527743153390475,0.0009994279826059937,0.310970672392793,0.7562012571967897,0.38064489722268036,38298
423,/home/projects/bagon/shared/imagenet512/val/n04239074/ILSVRC2012_val_00011546.JPEG,501,2.3140590687980875,0.0009997851448133588,0.0975790171602789,0.18429632905744103,0.3061429898954496,38309
424,/home/projects/bagon/shared/imagenet512/val/n02066245/ILSVRC2012_val_00037778.JPEG,4,31.886539101600647,0.0,15.86762601705574,0.6275709132441978,0.6097233683772452,38310
425,/home/projects/bagon/shared/imagenet512/val/n04485082/ILSVRC2012_val_00039663.JPEG,279,9.797577121295035,0.0009966888464987278,0.2845537516427285,0.9580420606974864,0.2942126100381268,38311
426,/home/projects/bagon/shared/imagenet512/val/n02799071/ILSVRC2012_val_00037169.JPEG,749,11.591735136695206,0.0009990707039833069,0.262133736437688,0.9292653782446072,0.38610109926891434,38314
427,/home/projects/bagon/shared/imagenet512/val/n04325704/ILSVRC2012_val_00044116.JPEG,222,17.110804818104953,0.0009978797752410173,0.25275686884588183,0.9666564378998737,0.3175086783285498,38317
428,/home/projects/bagon/shared/imagenet512/val/n02493509/ILSVRC2012_val_00010323.JPEG,561,6.345370077644475,0.000998832518234849,0.21479504621269832,0.5798662020956608,0.3215860093832458,38330
429,/home/projects/bagon/shared/imagenet512/val/n04330267/ILSVRC2012_val_00014803.JPEG,-1,nan,nan,nan,nan,nan,38342
430,/home/projects/bagon/shared/imagenet512/val/n01739381/ILSVRC2012_val_00032571.JPEG,383,6.280043190810829,0.0009983561467379332,0.2764808085678256,nan,0.4099819914747227,38343
431,/home/projects/bagon/shared/imagenet512/val/n04355338/ILSVRC2012_val_00014263.JPEG,429,21.770212105242535,0.000998951611109078,0.3048907139350365,0.5880287711149198,0.4787121454165156,38352
432,/home/projects/bagon/shared/imagenet512/val/n07745940/ILSVRC2012_val_00010942.JPEG,485,4.640750382444821,0.0009997851448133588,0.15695401253943891,0.8967605784416874,0.28919119940619803,38359
433,/home/projects/bagon/shared/imagenet512/val/n04613696/ILSVRC2012_val_00007449.JPEG,135,18.95128917740658,0.00099323526956141,0.5180074838424937,0.6125485093076127,0.27042831934942757,38368
434,/home/projects/bagon/shared/imagenet512/val/n02123159/ILSVRC2012_val_00023092.JPEG,806,20.48139842506498,0.000998951611109078,0.3486143644906543,0.9510081822807455,0.3503206095268438,38384
435,/home/projects/bagon/shared/imagenet512/val/n04285008/ILSVRC2012_val_00041626.JPEG,704,5.043480651918799,0.0009999042376875877,0.1705292627029783,0.6202952565269583,0.36411240368113496,38410
436,/home/projects/bagon/shared/imagenet512/val/n03902125/ILSVRC2012_val_00021715.JPEG,263,58.92307813523803,0.0009990707039833069,3.555719893897966,0.7901523119767225,0.5453755487821333,38418
437,/home/projects/bagon/shared/imagenet512/val/n03770439/ILSVRC2012_val_00022703.JPEG,104,20.28057125583291,0.0009920443408191204,0.5160735864719396,0.9824284321289322,0.23097615914054878,38428
438,/home/projects/bagon/shared/imagenet512/val/n02108089/ILSVRC2012_val_00005495.JPEG,431,54.69536150083877,0.0009997851448133588,0.44847357911188507,0.8999263345440531,0.4298945143966855,38508
439,/home/projects/bagon/shared/imagenet512/val/n03706229/ILSVRC2012_val_00002384.JPEG,530,10.568276493810117,0.0009997851448133588,0.3414386570116211,0.6942000446146802,0.5083502055563458,38533
440,/home/projects/bagon/shared/imagenet512/val/n01632777/ILSVRC2012_val_00045553.JPEG,235,34.075764345470816,0.0009972843108698726,0.35117122651607185,0.9987370033402425,0.33609992597118576,38550
441,/home/projects/bagon/shared/imagenet512/val/n01753488/ILSVRC2012_val_00012220.JPEG,182,17.802579064504243,0.0009990707039833069,0.39268880812445145,0.9176444061052422,0.3059109116020032,38559
442,/home/projects/bagon/shared/imagenet512/val/n02104365/ILSVRC2012_val_00042768.JPEG,8,41.292038440704346,0.0,0.7651471263684518,0.9640074630750313,0.40188039772204287,38560
443,/home/projects/bagon/shared/imagenet512/val/n04023962/ILSVRC2012_val_00049616.JPEG,5,1124.0008490681648,0.0,87.78427597724394,0.9946816165629608,0.5158049580065466,38570
444,/home/projects/bagon/shared/imagenet512/val/n03785016/ILSVRC2012_val_00037092.JPEG,1001,22.242696132161655,0.0009991897968575358,0.3543119123739396,0.8541091190776321,0.2854249595729167,38571
445,/home/projects/bagon/shared/imagenet512/val/n09399592/ILSVRC2012_val_00019605.JPEG,452,17.34819309937302,0.0009977606823667884,0.4622952219688414,0.6563094732181611,0.37133951864152304,38574
446,/home/projects/bagon/shared/imagenet512/val/n02777292/ILSVRC2012_val_00007385.JPEG,630,3.780779341701418,0.0009999042376875877,0.14105549875928677,0.3741261166589864,0.3427829215912737,38579
447,/home/projects/bagon/shared/imagenet512/val/n03532672/ILSVRC2012_val_00033026.JPEG,157,7.65410168771632,0.0009977606823667884,0.20245323687437783,0.9793018220304615,0.2150299376890299,38604
448,/home/projects/bagon/shared/imagenet512/val/n03476991/ILSVRC2012_val_00044920.JPEG,171,10.154253419139422,0.0009965697536244988,0.3627232635674549,0.9749744661987887,0.3247871058379024,38613
449,/home/projects/bagon/shared/imagenet512/val/n03026506/ILSVRC2012_val_00045301.JPEG,139,57.80883900541812,0.0009944260818883777,0.7032777796090467,0.7979660272387419,0.5414155336764223,38699
450,/home/projects/bagon/shared/imagenet512/val/n03347037/ILSVRC2012_val_00031098.JPEG,202,7.625801969435997,0.0009978797752410173,0.3811969025625451,0.9422488675075931,0.44290175316246916,38722
451,/home/projects/bagon/shared/imagenet512/val/n03804744/ILSVRC2012_val_00015196.JPEG,202,34.52963194483891,0.0009993088897317648,0.392569398173517,0.9748468118939686,0.4042558155622851,38727
452,/home/projects/bagon/shared/imagenet512/val/n02483708/ILSVRC2012_val_00021406.JPEG,568,33.73127081699204,0.0009999042376875877,0.44060618822377606,0.9454187939286219,0.47968609095064285,38747
453,/home/projects/bagon/shared/imagenet512/val/n02749479/ILSVRC2012_val_00028527.JPEG,465,32.63436034694314,0.0009991897968575358,0.7122829163103547,0.963335169931516,0.4894121234218308,38785
454,/home/projects/bagon/shared/imagenet512/val/n03272010/ILSVRC2012_val_00032755.JPEG,187,24.57342816016171,0.000998951611109078,0.30287221181175156,0.9361241555133932,0.37295699597067933,38802
455,/home/projects/bagon/shared/imagenet512/val/n02124075/ILSVRC2012_val_00037997.JPEG,36,29.99087105737999,0.0009783487766981125,0.3275313922572496,0.9434049833224214,0.4521343031798637,38815
456,/home/projects/bagon/shared/imagenet512/val/n04482393/ILSVRC2012_val_00012701.JPEG,610,5.046784532954916,0.0009997851448133588,0.21886506933552907,0.8120776038680175,0.3354442208802618,38867
457,/home/projects/bagon/shared/imagenet512/val/n04536866/ILSVRC2012_val_00029662.JPEG,157,20.993323473026976,0.0009970461251214147,0.27861283357609223,0.9885982762887338,0.3729405498980663,38887
458,/home/projects/bagon/shared/imagenet512/val/n03124043/ILSVRC2012_val_00035213.JPEG,5,374.5931644439697,0.0,15.025484955296887,0.9876076136016023,0.5371466388856381,38889
459,/home/projects/bagon/shared/imagenet512/val/n02233338/ILSVRC2012_val_00047533.JPEG,18,18.955045379523654,0.0009465504554100335,0.4783095212682337,0.9502235026940753,0.3931066643906689,38900
460,/home/projects/bagon/shared/imagenet512/val/n03000684/ILSVRC2012_val_00026061.JPEG,29,16.501904938253574,0.0009956170106306672,0.2647540816932431,0.8878444747883938,0.2960582601691759,38913
461,/home/projects/bagon/shared/imagenet512/val/n03063689/ILSVRC2012_val_00029697.JPEG,908,10.061356839956716,0.0009991897968575358,0.24751132179888632,0.9361080064001939,0.3898608803250206,38914
462,/home/projects/bagon/shared/imagenet512/val/n02444819/ILSVRC2012_val_00039178.JPEG,271,18.757727676420473,0.00099871342536062,0.3460030755636822,0.8678095511893872,0.3235730528080725,38919
463,/home/projects/bagon/shared/imagenet512/val/n02110341/ILSVRC2012_val_00003355.JPEG,6,21.806938161389553,0.00014137222024146467,0.605274626731018,0.8538265460477942,0.37233717387744947,38929
464,/home/projects/bagon/shared/imagenet512/val/n02112350/ILSVRC2012_val_00014700.JPEG,129,34.40398718172219,0.0009945451747626066,0.44264011732120834,0.8533535459610536,0.43837968153987805,38934
465,/home/projects/bagon/shared/imagenet512/val/n03476991/ILSVRC2012_val_00024231.JPEG,277,18.22676154365763,0.0009990707039833069,0.4445778058356255,0.984072013681802,0.3850197048077555,38943
466,/home/projects/bagon/shared/imagenet512/val/n02488291/ILSVRC2012_val_00007456.JPEG,52,32.117418540874496,0.0009956170106306672,0.4087173677308803,0.8412626845915073,0.2539141314912925,38961
467,/home/projects/bagon/shared/imagenet512/val/n02871525/ILSVRC2012_val_00043099.JPEG,390,5.421657033264637,0.0009977606823667884,0.16818126120980073,0.8928210442669611,0.30482889123720897,38966
468,/home/projects/bagon/shared/imagenet512/val/n02747177/ILSVRC2012_val_00014213.JPEG,408,13.531592862564139,0.000998951611109078,0.4747999204492016,0.9865474488090124,0.5593835629835704,38977
469,/home/projects/bagon/shared/imagenet512/val/n03691459/ILSVRC2012_val_00010791.JPEG,-1,nan,nan,nan,nan,nan,39000
470,/home/projects/bagon/shared/imagenet512/val/n02655020/ILSVRC2012_val_00009982.JPEG,401,16.104124969337136,0.000998832518234849,0.23298379483197482,nan,0.3353606593270465,39001
471,/home/projects/bagon/shared/imagenet512/val/n03404251/ILSVRC2012_val_00021886.JPEG,337,20.12514019117225,0.0009979988681152463,0.6191130430641637,0.6574472674670994,0.31320943498159043,39004
472,/home/projects/bagon/shared/imagenet512/val/n07697537/ILSVRC2012_val_00029990.JPEG,241,1.9118845427874476,0.0009947833605110645,0.10750680584516725,0.3224572783131654,0.3680992911427996,39013
473,/home/projects/bagon/shared/imagenet512/val/n02093754/ILSVRC2012_val_00013727.JPEG,165,16.514920428046025,0.0009940688032656908,0.41159415567914875,0.9781097043227804,0.3529892412846427,39036
474,/home/projects/bagon/shared/imagenet512/val/n03874599/ILSVRC2012_val_00028734.JPEG,284,26.274948862497695,0.0009982370538637042,0.28107679200980246,0.996368197450237,0.25638471187909645,39038
475,/home/projects/bagon/shared/imagenet512/val/n01494475/ILSVRC2012_val_00018943.JPEG,5,37.3071494102478,0.0,1.3699298316764466,0.9897319740606667,0.46041232584013886,39042
476,/home/projects/bagon/shared/imagenet512/val/n07920052/ILSVRC2012_val_00029463.JPEG,638,6.346529741305858,0.0009990707039833069,0.22643422631490231,0.7202844207121115,0.5103756941361658,39050
477,/home/projects/bagon/shared/imagenet512/val/n03124170/ILSVRC2012_val_00005265.JPEG,473,11.933507463661954,0.0009994279826059937,0.314704071352775,0.804361793373567,0.34084765968355,39063
478,/home/projects/bagon/shared/imagenet512/val/n03814906/ILSVRC2012_val_00045679.JPEG,275,12.091737968614325,0.0009964506607502699,0.30016845416604265,0.9139193006205538,0.2913732579768056,39073
479,/home/projects/bagon/shared/imagenet512/val/n04507155/ILSVRC2012_val_00014615.JPEG,154,17.649617350427434,0.0009979988681152463,0.22800107137846726,0.998250512668881,0.23258961684503118,39094
480,/home/projects/bagon/shared/imagenet512/val/n03895866/ILSVRC2012_val_00005092.JPEG,152,28.172749733668752,0.000998951611109078,0.3329849143644585,0.5684205524390381,0.4459415443698533,39105
481,/home/projects/bagon/shared/imagenet512/val/n02791270/ILSVRC2012_val_00015130.JPEG,254,10.53987935942132,0.0009996660519391298,0.2871489854051867,0.7845170508718767,0.3223343914429333,39112
482,/home/projects/bagon/shared/imagenet512/val/n03291819/ILSVRC2012_val_00021760.JPEG,6,24.60629808898102,9.65590606938349e-06,0.9904708680050158,0.9306781683209525,0.44033952242097585,39130
483,/home/projects/bagon/shared/imagenet512/val/n02841315/ILSVRC2012_val_00022069.JPEG,8,50.65833854675293,0.0,8.901067354746477,0.9918525879632238,0.5733772417137543,39135
484,/home/projects/bagon/shared/imagenet512/val/n02206856/ILSVRC2012_val_00015172.JPEG,394,30.98994450236205,0.0009999042376875877,0.5040179063785513,0.6044726533223315,0.3431126648132953,39141
485,/home/projects/bagon/shared/imagenet512/val/n04146614/ILSVRC2012_val_00045384.JPEG,4,1599.1399030685425,0.0,52.708521374953904,0.8752838649559699,0.6542198529106112,39158
486,/home/projects/bagon/shared/imagenet512/val/n03627232/ILSVRC2012_val_00043729.JPEG,269,12.320350482012145,0.000996093382127583,0.20179409996285344,0.9977777535640994,0.2675087845973159,39161
487,/home/projects/bagon/shared/imagenet512/val/n09428293/ILSVRC2012_val_00015471.JPEG,655,15.483422184945084,0.0009999042376875877,0.24914191864431043,0.7021489456792679,0.4064323465713797,39165
488,/home/projects/bagon/shared/imagenet512/val/n02504458/ILSVRC2012_val_00037659.JPEG,210,23.576549479737878,0.0009966888464987278,0.3910460031058505,0.822092154632387,0.28661746056141146,39181
489,/home/projects/bagon/shared/imagenet512/val/n04370456/ILSVRC2012_val_00039686.JPEG,138,14.99126511067152,0.0009947833605110645,0.40419527216654055,0.5845433354922871,0.45333333080238103,39188
490,/home/projects/bagon/shared/imagenet512/val/n03743016/ILSVRC2012_val_00031063.JPEG,191,14.38853257871233,0.0009915679693222046,0.3143006603683844,0.9488294269464388,0.3010709368835374,39189
491,/home/projects/bagon/shared/imagenet512/val/n03249569/ILSVRC2012_val_00020266.JPEG,218,19.637916809413582,0.0009991897968575358,0.36393498073283204,0.972027133682154,0.4302591800640788,39191
492,/home/projects/bagon/shared/imagenet512/val/n03692522/ILSVRC2012_val_00039061.JPEG,101,25.35084143432323,0.0009946642676368356,0.39414373591273016,0.9936656828096981,0.23767511638349212,39218
493,/home/projects/bagon/shared/imagenet512/val/n02085620/ILSVRC2012_val_00029289.JPEG,287,37.14189649617765,0.0009979988681152463,0.44857757090526496,0.8323193105311736,0.4658764580071475,39223
494,/home/projects/bagon/shared/imagenet512/val/n02098413/ILSVRC2012_val_00046043.JPEG,572,24.993990642251447,0.0009982370538637042,0.6630887069036763,0.9191683996753728,0.5109133981761684,39225
495,/home/projects/bagon/shared/imagenet512/val/n03623198/ILSVRC2012_val_00048449.JPEG,501,16.628418246633373,0.0009999042376875877,0.738458547249227,0.9519061033002233,0.5604484093257582,39248
496,/home/projects/bagon/shared/imagenet512/val/n03075370/ILSVRC2012_val_00036697.JPEG,5,983.777373790741,0.0,76.7416560587767,0.9965132828669941,0.5262168177663306,39267
497,/home/projects/bagon/shared/imagenet512/val/n04505470/ILSVRC2012_val_00025109.JPEG,608,22.527512741391547,0.0009994279826059937,0.3757582164360007,0.9480649392239586,0.2888026790621717,39272
498,/home/projects/bagon/shared/imagenet512/val/n02963159/ILSVRC2012_val_00019310.JPEG,693,13.324053574353456,0.0009978797752410173,0.28651864844700037,0.9190220013333028,0.3916147211429266,39303
499,/home/projects/bagon/shared/imagenet512/val/n04239074/ILSVRC2012_val_00017133.JPEG,547,8.508377010235563,0.000998594332486391,0.23539248577907723,0.968516518918201,0.2859207226559428,39304
500,/home/projects/bagon/shared/imagenet512/val/n04311004/ILSVRC2012_val_00027197.JPEG,276,16.6363840297563,0.0009999042376875877,0.317412165784223,0.8880220517092932,0.346111260088399,39313
501,/home/projects/bagon/shared/imagenet512/val/n04204238/ILSVRC2012_val_00012046.JPEG,113,6.2176642790436745,0.0009996660519391298,0.270684547791271,0.9922170733850525,0.2517805103628741,39315
502,/home/projects/bagon/shared/imagenet512/val/n01560419/ILSVRC2012_val_00041990.JPEG,564,28.294265061616898,0.0009997851448133588,0.28144885915204837,0.9835340514754007,0.34159200131385975,39320
503,/home/projects/bagon/shared/imagenet512/val/n03770439/ILSVRC2012_val_00031174.JPEG,107,22.741677083424293,0.0009975224966183305,0.34556768859169923,0.9830552247742999,0.25329340866089245,39341
504,/home/projects/bagon/shared/imagenet512/val/n04179913/ILSVRC2012_val_00034658.JPEG,139,19.829399021924473,0.0009990707039833069,0.3020928441882348,0.9758487052584497,0.32710939468568245,39346
505,/home/projects/bagon/shared/imagenet512/val/n03761084/ILSVRC2012_val_00003754.JPEG,178,6.217244621482678,0.0009978797752410173,0.20497917957044895,0.881608765350142,0.20100070738076714,39356
506,/home/projects/bagon/shared/imagenet512/val/n04515003/ILSVRC2012_val_00013032.JPEG,234,20.440111403237097,0.0009978797752410173,0.27015543809114434,0.9974897080000107,0.37643790069977934,39392
507,/home/projects/bagon/shared/imagenet512/val/n02676566/ILSVRC2012_val_00011828.JPEG,414,16.950940233306028,0.0009972843108698726,0.296418674417417,0.9698966257865005,0.24797445213694488,39394
508,/home/projects/bagon/shared/imagenet512/val/n04127249/ILSVRC2012_val_00026605.JPEG,611,3.9509539478458464,0.0009993088897317648,0.19082434218793362,0.65233126018955,0.3684449255758714,39406
509,/home/projects/bagon/shared/imagenet512/val/n01755581/ILSVRC2012_val_00032714.JPEG,832,12.543377171852626,0.0009982370538637042,0.2316280120274016,0.8729377444385695,0.3905608621095171,39419
510,/home/projects/bagon/shared/imagenet512/val/n02100583/ILSVRC2012_val_00040937.JPEG,406,4.247824499965645,0.0009990707039833069,0.15144886372388144,0.7899324942338403,0.24904055826031254,39428
511,/home/projects/bagon/shared/imagenet512/val/n04465501/ILSVRC2012_val_00030166.JPEG,371,5.567334160325117,0.0009971652179956436,0.3020393003900571,0.5473038700818487,0.4038194267409783,39431
512,/home/projects/bagon/shared/imagenet512/val/n02363005/ILSVRC2012_val_00032413.JPEG,72,25.29689778073225,0.0009990707039833069,0.3743442815618332,0.5917724302304874,0.30483800638958924,39458
513,/home/projects/bagon/shared/imagenet512/val/n02133161/ILSVRC2012_val_00014576.JPEG,403,15.656117095146328,0.0009990707039833069,0.25216959163687275,0.8614509617037307,0.28193410320024803,39467
514,/home/projects/bagon/shared/imagenet512/val/n01990800/ILSVRC2012_val_00029733.JPEG,5,417.65692257881165,0.0,26.921324827017934,0.7641546348350419,0.47864495625642517,39485
515,/home/projects/bagon/shared/imagenet512/val/n04023962/ILSVRC2012_val_00010716.JPEG,54,17.959154059761204,0.0009895433904603124,0.5732652227671111,0.9950595138747178,0.3991331405948297,39497
516,/home/projects/bagon/shared/imagenet512/val/n07880968/ILSVRC2012_val_00047830.JPEG,343,25.5909881942207,0.0009994279826059937,0.33960706965711135,0.9551145020105394,0.40630929374451497,39511
517,/home/projects/bagon/shared/imagenet512/val/n03047690/ILSVRC2012_val_00009402.JPEG,193,9.023251153761521,0.0009944260818883777,0.41297412350256757,0.7944737042566504,0.41969326316749317,39519
518,/home/projects/bagon/shared/imagenet512/val/n02843684/ILSVRC2012_val_00015234.JPEG,122,19.8033502898179,0.0009968079393729568,0.3103423491747502,0.7362404657462372,0.20553304793509605,39525
519,/home/projects/bagon/shared/imagenet512/val/n07753113/ILSVRC2012_val_00009968.JPEG,176,22.60651728697121,0.0009983561467379332,0.547998174215249,0.8905225184954191,0.38905052029378395,39530
520,/home/projects/bagon/shared/imagenet512/val/n04487394/ILSVRC2012_val_00044627.JPEG,508,18.07259435544256,0.0009995469590649009,0.43287240275975125,0.9958993578781256,0.19612738279689554,39542
521,/home/projects/bagon/shared/imagenet512/val/n02412080/ILSVRC2012_val_00041048.JPEG,110,34.68253190384712,0.0009982370538637042,0.5842813502626599,0.9905710053858363,0.5333898778218085,39544
522,/home/projects/bagon/shared/imagenet512/val/n03584254/ILSVRC2012_val_00030348.JPEG,463,12.236497851088643,0.0009969270322471857,0.8099999891676127,0.9053247495649399,0.4371960518639255,39549
523,/home/projects/bagon/shared/imagenet512/val/n01664065/ILSVRC2012_val_00031829.JPEG,642,22.21910823311191,0.0009990707039833069,0.2774940474657456,0.9082555393058467,0.4044741379551998,39569
524,/home/projects/bagon/shared/imagenet512/val/n07565083/ILSVRC2012_val_00003339.JPEG,284,30.557224019314162,0.0009995469590649009,0.5071239827579559,0.5615092771121707,0.5211381458793886,39579
525,/home/projects/bagon/shared/imagenet512/val/n02089867/ILSVRC2012_val_00031834.JPEG,466,22.727966252947226,0.00099871342536062,0.2836916109991847,0.9230505687626371,0.3417708137184854,39582
526,/home/projects/bagon/shared/imagenet512/val/n04371430/ILSVRC2012_val_00040171.JPEG,246,15.447195707005449,0.0009991897968575358,0.30287786179465426,0.8782916655306221,0.32080301143736933,39589
527,/home/projects/bagon/shared/imagenet512/val/n03825788/ILSVRC2012_val_00003750.JPEG,161,17.556478456477635,0.0009924016194418073,0.42259252395931896,0.9669895276196554,0.360319287790697,39612
528,/home/projects/bagon/shared/imagenet512/val/n03633091/ILSVRC2012_val_00028149.JPEG,401,13.481029221438803,0.0009995469590649009,0.2917058779625897,0.8438120355997505,0.4475388449265353,39615
529,/home/projects/bagon/shared/imagenet512/val/n02692877/ILSVRC2012_val_00007779.JPEG,359,6.034752481384203,0.0009982370538637042,0.24523083963162695,0.7456302961305599,0.38872653850121114,39618
530,/home/projects/bagon/shared/imagenet512/val/n04004767/ILSVRC2012_val_00043636.JPEG,293,10.498359920689836,0.000998951611109078,0.3423998847757631,0.9515053978638588,0.35480912282672433,39626
531,/home/projects/bagon/shared/imagenet512/val/n04285008/ILSVRC2012_val_00035309.JPEG,809,8.858965543447994,0.0009994279826059937,0.32410542533698883,0.9810483180636529,0.40434664051442026,39640
532,/home/projects/bagon/shared/imagenet512/val/n04049303/ILSVRC2012_val_00004156.JPEG,162,12.791245046188124,0.00099323526956141,0.31590920363187974,0.7208548000270825,0.36652430337239505,39657
533,/home/projects/bagon/shared/imagenet512/val/n02536864/ILSVRC2012_val_00002960.JPEG,82,33.01529966038652,0.000993830617517233,0.38511104323925505,0.9941501283887106,0.5222233944351719,39658
534,/home/projects/bagon/shared/imagenet512/val/n03976657/ILSVRC2012_val_00045738.JPEG,149,11.055101973121054,0.0009944260818883777,0.42868252332021783,0.7843407139106229,0.37942091870709416,39674
535,/home/projects/bagon/shared/imagenet512/val/n04286575/ILSVRC2012_val_00024790.JPEG,6,85.401939868927,0.0,4.304384835944009,0.9824350598626496,0.6341907170416696,39676
536,/home/projects/bagon/shared/imagenet512/val/n03793489/ILSVRC2012_val_00003120.JPEG,6,23.84825110435486,0.0,0.5718330685646551,0.9325739928904693,0.2108634305970845,39679
537,/home/projects/bagon/shared/imagenet512/val/n03710637/ILSVRC2012_val_00003825.JPEG,692,19.468413982423954,0.0009996660519391298,0.5284636965394011,0.9697054544706587,0.605844082419201,39691
538,/home/projects/bagon/shared/imagenet512/val/n04366367/ILSVRC2012_val_00023571.JPEG,269,4.695508468197659,0.0009996660519391298,0.22456085926765307,0.5772179418029285,0.31269140060829403,39695
539,/home/projects/bagon/shared/imagenet512/val/n04266014/ILSVRC2012_val_00039643.JPEG,-1,nan,nan,nan,nan,nan,39701
540,/home/projects/bagon/shared/imagenet512/val/n03207941/ILSVRC2012_val_00048397.JPEG,-1,nan,nan,nan,nan,nan,39708
541,/home/projects/bagon/shared/imagenet512/val/n02841315/ILSVRC2012_val_00025790.JPEG,36,19.97871128586121,0.0009782296838238835,0.4010971512861293,nan,0.29620818584734426,39722
542,/home/projects/bagon/shared/imagenet512/val/n03888257/ILSVRC2012_val_00002990.JPEG,184,5.282737285015173,0.0009993088897317648,0.19242488652611586,0.9846839991083535,0.30844686245027714,39733
543,/home/projects/bagon/shared/imagenet512/val/n07684084/ILSVRC2012_val_00037213.JPEG,293,8.76401354628615,0.0009977606823667884,0.26585387932343507,0.9714199933145973,0.30710383996996093,39734
544,/home/projects/bagon/shared/imagenet512/val/n13052670/ILSVRC2012_val_00034099.JPEG,408,17.388449324527755,0.0009971652179956436,0.2542731393230104,0.9920687369899706,0.20339076684151003,39744
545,/home/projects/bagon/shared/imagenet512/val/n03995372/ILSVRC2012_val_00012184.JPEG,11,47.17976760864258,0.0,1.3743756010724033,0.8769772596043419,0.24441376449745134,39780
546,/home/projects/bagon/shared/imagenet512/val/n03584254/ILSVRC2012_val_00000647.JPEG,407,12.183271322515793,0.0009965697536244988,0.30428486040645863,0.5160845063856468,0.3381372958983607,39783
547,/home/projects/bagon/shared/imagenet512/val/n02104029/ILSVRC2012_val_00029261.JPEG,665,20.162511534639634,0.0009983561467379332,0.3024109247748892,0.9845382512277041,0.3919270180075478,39791
548,/home/projects/bagon/shared/imagenet512/val/n03733805/ILSVRC2012_val_00038292.JPEG,361,27.89282065385487,0.0009990707039833069,0.35289075943379017,0.9684501858383847,0.42861452021983726,39798
549,/home/projects/bagon/shared/imagenet512/val/n03899768/ILSVRC2012_val_00003941.JPEG,263,7.505108403391205,0.00099871342536062,0.1755959891476132,0.5692161574040223,0.3347747955209526,39802
550,/home/projects/bagon/shared/imagenet512/val/n01806143/ILSVRC2012_val_00049665.JPEG,4,775.6116468906403,0.0,33.497449748291764,0.9506804003561115,0.5454707339189007,39807
551,/home/projects/bagon/shared/imagenet512/val/n02138441/ILSVRC2012_val_00048077.JPEG,526,63.314145618351176,0.000998951611109078,0.4920192355729904,0.987865743999132,0.4597378456002388,39809
552,/home/projects/bagon/shared/imagenet512/val/n02939185/ILSVRC2012_val_00025808.JPEG,116,36.2807505116798,0.0009976415894925594,0.38301439939411064,0.9875043875458063,0.2330469418724037,39812
553,/home/projects/bagon/shared/imagenet512/val/n03877472/ILSVRC2012_val_00021113.JPEG,549,47.80297280929517,0.0009979988681152463,0.6703787672209388,0.9867792390482611,0.6634375275169813,39814
554,/home/projects/bagon/shared/imagenet512/val/n03794056/ILSVRC2012_val_00047199.JPEG,152,9.004683283041231,0.0009978797752410173,0.2593656947540669,0.9478733511202466,0.2754850196685247,39826
555,/home/projects/bagon/shared/imagenet512/val/n02395406/ILSVRC2012_val_00045459.JPEG,109,37.3370427073678,0.0009970461251214147,0.42477442582983865,0.8289886600248403,0.36195232641895686,39828
556,/home/projects/bagon/shared/imagenet512/val/n13052670/ILSVRC2012_val_00047179.JPEG,219,11.476483873673715,0.0009990707039833069,0.47141467617987426,0.9590859616369638,0.5054872415190257,39830
557,/home/projects/bagon/shared/imagenet512/val/n02113624/ILSVRC2012_val_00033017.JPEG,173,3.445453193387948,0.000998594332486391,0.11110236947897154,0.7018027275982583,0.31626598539212825,39843
558,/home/projects/bagon/shared/imagenet512/val/n04398044/ILSVRC2012_val_00017502.JPEG,4,18.61881399154663,0.0,0.8359266072188353,0.9963362270762899,0.5164869539558584,39859
559,/home/projects/bagon/shared/imagenet512/val/n04336792/ILSVRC2012_val_00027835.JPEG,69,15.996889441972598,0.0009921634336933494,0.25211716873774237,0.7924288098179001,0.2567611761471968,39872
560,/home/projects/bagon/shared/imagenet512/val/n03658185/ILSVRC2012_val_00001977.JPEG,334,5.9379327851347625,0.0009997851448133588,0.1909908866776729,0.8600013229346923,0.2753320498888773,39887
561,/home/projects/bagon/shared/imagenet512/val/n03291819/ILSVRC2012_val_00038807.JPEG,-1,nan,nan,nan,nan,nan,39888
562,/home/projects/bagon/shared/imagenet512/val/n09421951/ILSVRC2012_val_00023410.JPEG,360,41.10195839381777,0.0009974034037441015,1.0531080390005263,nan,0.46011154000631205,39905
563,/home/projects/bagon/shared/imagenet512/val/n02490219/ILSVRC2012_val_00029926.JPEG,266,9.80618049169425,0.0009956170106306672,0.3552415149565486,0.6531978346106238,0.3460465868961004,39913
564,/home/projects/bagon/shared/imagenet512/val/n02486410/ILSVRC2012_val_00019077.JPEG,93,56.10798805637751,0.0009869233472272754,1.0098182999832428,0.9189364538184502,0.4452590680449736,39915
565,/home/projects/bagon/shared/imagenet512/val/n04090263/ILSVRC2012_val_00000707.JPEG,144,11.961297243600711,0.000992997083812952,0.3245404248013861,0.9911344388752727,0.2762275804349374,39929
566,/home/projects/bagon/shared/imagenet512/val/n02815834/ILSVRC2012_val_00023499.JPEG,430,4.930508339544758,0.0009981179609894753,0.21268418553800794,0.579555191385389,0.38041088939709644,39942
567,/home/projects/bagon/shared/imagenet512/val/n02992211/ILSVRC2012_val_00033245.JPEG,561,32.38130543928128,0.000998832518234849,0.2739114669187225,0.9974794222537339,0.352261658626164,39951
568,/home/projects/bagon/shared/imagenet512/val/n03908618/ILSVRC2012_val_00020063.JPEG,4,17.914045333862305,0.0,4.617728556080547,0.7073922999253535,0.4805407603458234,39956
569,/home/projects/bagon/shared/imagenet512/val/n03673027/ILSVRC2012_val_00037942.JPEG,386,6.480983328423463,0.0009972843108698726,0.27047538800742693,0.8169584205500093,0.290309376907855,39964
570,/home/projects/bagon/shared/imagenet512/val/n03967562/ILSVRC2012_val_00024276.JPEG,171,34.111367146717384,0.0009924016194418073,0.4534513950285863,0.9258163028786393,0.35287497946784796,39974
571,/home/projects/bagon/shared/imagenet512/val/n04517823/ILSVRC2012_val_00042728.JPEG,70,20.502864530310035,0.0009969270322471857,0.3234029036487617,0.9839307506223341,0.2592956706828713,39982
572,/home/projects/bagon/shared/imagenet512/val/n04356056/ILSVRC2012_val_00034012.JPEG,517,32.052965817041695,0.0009975224966183305,0.3214273882135849,0.9951110290514966,0.29556356953858814,39995
573,/home/projects/bagon/shared/imagenet512/val/n04507155/ILSVRC2012_val_00025041.JPEG,4,72.04223728179932,0.0,156.48723137758998,0.9315593134801603,0.6290426988920372,40004
574,/home/projects/bagon/shared/imagenet512/val/n01729977/ILSVRC2012_val_00035576.JPEG,1033,25.106914779753424,0.0009995469590649009,0.4581858065296902,0.813808873724176,0.4065214814738014,40005
575,/home/projects/bagon/shared/imagenet512/val/n01978455/ILSVRC2012_val_00003705.JPEG,360,32.90095897833817,0.0009990707039833069,0.3280973099106235,0.9983465321604015,0.23071811704387346,40030
576,/home/projects/bagon/shared/imagenet512/val/n07734744/ILSVRC2012_val_00004570.JPEG,188,10.495137334917672,0.0009984752396121621,0.29887627247485893,0.9856422293085766,0.3383734709988889,40032
577,/home/projects/bagon/shared/imagenet512/val/n01728920/ILSVRC2012_val_00018398.JPEG,365,31.924335594056174,0.0009978797752410173,0.3630852978328389,0.9945495427063675,0.3279916557825761,40033
578,/home/projects/bagon/shared/imagenet512/val/n03697007/ILSVRC2012_val_00010251.JPEG,355,3.7797986345831305,0.00099871342536062,0.16907987871888833,0.5793497240857627,0.2517353468456366,40071
579,/home/projects/bagon/shared/imagenet512/val/n03141823/ILSVRC2012_val_00027513.JPEG,167,12.509356739232317,0.0009958551963791251,0.2169796576385414,0.9971694135691849,0.19348933354807576,40086
580,/home/projects/bagon/shared/imagenet512/val/n02110063/ILSVRC2012_val_00008270.JPEG,539,13.364567631855607,0.0009981179609894753,0.3519065502557973,0.8342858742957671,0.35113858309986534,40089
581,/home/projects/bagon/shared/imagenet512/val/n09288635/ILSVRC2012_val_00038012.JPEG,-1,nan,nan,nan,nan,nan,40098
582,/home/projects/bagon/shared/imagenet512/val/n02113186/ILSVRC2012_val_00040725.JPEG,384,27.657875072094612,0.0009995469590649009,0.34579959408163913,nan,0.3296758347593507,40103
583,/home/projects/bagon/shared/imagenet512/val/n02096294/ILSVRC2012_val_00026475.JPEG,4,35.640538692474365,0.0,2.573734868605016,0.9930458440995805,0.49246870510735175,40120
584,/home/projects/bagon/shared/imagenet512/val/n04442312/ILSVRC2012_val_00042548.JPEG,3,11.084715843200684,0.0,19.284855307639333,0.9331848540046036,0.597691491001544,40143
585,/home/projects/bagon/shared/imagenet512/val/n04536866/ILSVRC2012_val_00001118.JPEG,305,10.313661046442576,0.0009991897968575358,0.2977383240689798,0.9698306842756842,0.3394853868242443,40181
586,/home/projects/bagon/shared/imagenet512/val/n01644900/ILSVRC2012_val_00049316.JPEG,286,37.124905079137534,0.0009966888464987278,0.383836241611666,0.9905892943555088,0.34401582930352825,40204
587,/home/projects/bagon/shared/imagenet512/val/n03633091/ILSVRC2012_val_00037904.JPEG,159,15.73448143620044,0.0009984752396121621,0.40895985564086357,0.7031128637464816,0.36421653148980937,40226
588,/home/projects/bagon/shared/imagenet512/val/n02099267/ILSVRC2012_val_00004341.JPEG,47,40.69740352185909,0.0009791824268177152,0.5839840192814614,0.9701482662211168,0.614473168155493,40240
589,/home/projects/bagon/shared/imagenet512/val/n07695742/ILSVRC2012_val_00004887.JPEG,139,9.944371017045341,0.0009981179609894753,0.3433972298358887,0.9853935267950741,0.2866610895165538,40249
590,/home/projects/bagon/shared/imagenet512/val/n07614500/ILSVRC2012_val_00044555.JPEG,-1,nan,nan,nan,nan,nan,40266
591,/home/projects/bagon/shared/imagenet512/val/n03530642/ILSVRC2012_val_00025146.JPEG,255,7.56736518163234,0.0009978797752410173,0.22228184822664102,nan,0.3379357654846087,40270
592,/home/projects/bagon/shared/imagenet512/val/n02114855/ILSVRC2012_val_00044732.JPEG,11,69.60989093780518,0.0,0.9460883376567126,0.9860720853548436,0.13062431814565467,40282
593,/home/projects/bagon/shared/imagenet512/val/n02794156/ILSVRC2012_val_00042800.JPEG,-1,nan,nan,nan,nan,nan,40305
594,/home/projects/bagon/shared/imagenet512/val/n01737021/ILSVRC2012_val_00043805.JPEG,306,8.16892720409669,0.000998594332486391,0.3350639931489186,nan,0.4191583418528987,40322
595,/home/projects/bagon/shared/imagenet512/val/n03249569/ILSVRC2012_val_00014089.JPEG,4,21.971381664276123,0.0,25.599469151561813,0.9666704905651385,0.5496810270181226,40329
596,/home/projects/bagon/shared/imagenet512/val/n04090263/ILSVRC2012_val_00001558.JPEG,485,10.508826363366097,0.0009982370538637042,0.3101902221142271,0.7434492159171939,0.3186193374290087,40330
597,/home/projects/bagon/shared/imagenet512/val/n02097047/ILSVRC2012_val_00045674.JPEG,501,17.705680929706432,0.0009982370538637042,0.4752294292025935,0.8086891143031305,0.4519531012552762,40331
598,/home/projects/bagon/shared/imagenet512/val/n02443114/ILSVRC2012_val_00029173.JPEG,396,15.992306315223686,0.00099871342536062,0.24137908443475128,0.8983173086693779,0.5193126308907903,40334
599,/home/projects/bagon/shared/imagenet512/val/n03476991/ILSVRC2012_val_00021548.JPEG,173,9.552313157822937,0.0009981179609894753,0.278346891164394,0.9606664897597245,0.38804020358126967,40340
600,/home/projects/bagon/shared/imagenet512/val/n01753488/ILSVRC2012_val_00031311.JPEG,237,35.03373526618816,0.0009996660519391298,0.36384981312437015,0.9927490202472504,0.4106373415316258,40345
601,/home/projects/bagon/shared/imagenet512/val/n02104029/ILSVRC2012_val_00025299.JPEG,590,17.344428222626448,0.0009995469590649009,0.35687185274067285,0.7675596880354209,0.45285825008635083,40350
602,/home/projects/bagon/shared/imagenet512/val/n04493381/ILSVRC2012_val_00031207.JPEG,169,24.62222798797302,0.0009971652179956436,0.39844798712263785,0.8414562448047191,0.44053467349109005,40352
603,/home/projects/bagon/shared/imagenet512/val/n04325704/ILSVRC2012_val_00007162.JPEG,346,30.5900916820392,0.000998951611109078,0.5163651368927027,0.974316440703038,0.3941285896796305,40354
604,/home/projects/bagon/shared/imagenet512/val/n04254680/ILSVRC2012_val_00017284.JPEG,307,10.190559899201617,0.0009978797752410173,0.375000322091249,0.7893273512798614,0.2651323140022931,40356
605,/home/projects/bagon/shared/imagenet512/val/n02321529/ILSVRC2012_val_00030847.JPEG,86,17.331153233884834,0.0009975224966183305,0.3433856580297297,0.9891665754785991,0.40302827964755794,40359
606,/home/projects/bagon/shared/imagenet512/val/n02492035/ILSVRC2012_val_00019129.JPEG,219,33.13824986235704,0.0009997851448133588,0.35325208499304267,0.6522057081100808,0.3902112872336949,40384
607,/home/projects/bagon/shared/imagenet512/val/n03710721/ILSVRC2012_val_00045072.JPEG,316,1.982389004318975,0.0009995469590649009,0.09901712404430975,0.5772273929329408,0.2730992185492709,40387
608,/home/projects/bagon/shared/imagenet512/val/n02415577/ILSVRC2012_val_00033087.JPEG,291,35.94731073000003,0.0009984752396121621,0.5315908102745435,0.869496927030184,0.24030732395323934,40388
609,/home/projects/bagon/shared/imagenet512/val/n02641379/ILSVRC2012_val_00001975.JPEG,120,33.658929933211766,0.0009983561467379332,0.35403104284766995,0.9757778420368732,0.3561280057586951,40391
610,/home/projects/bagon/shared/imagenet512/val/n02128925/ILSVRC2012_val_00045369.JPEG,198,22.976286508492194,0.0009953788248822093,0.46068570078995635,0.9507976515432691,0.5023806265620019,40395
611,/home/projects/bagon/shared/imagenet512/val/n03843555/ILSVRC2012_val_00047130.JPEG,236,5.486832277034409,0.000996212475001812,0.26287760059402104,0.880272137058567,0.20511998677003382,40400
612,/home/projects/bagon/shared/imagenet512/val/n03920288/ILSVRC2012_val_00035034.JPEG,83,6.639906334574334,0.0009900197619572282,0.38245664023181736,0.9389565177056334,0.3279885740266462,40413
613,/home/projects/bagon/shared/imagenet512/val/n02916936/ILSVRC2012_val_00013620.JPEG,312,13.42261841299478,0.0009997851448133588,0.5455444328815695,0.8340755292813649,0.3982034994243935,40437
614,/home/projects/bagon/shared/imagenet512/val/n03400231/ILSVRC2012_val_00004787.JPEG,446,28.750596112688072,0.0009984752396121621,0.3379153100924461,0.99473451274697,0.3603904975472015,40448
615,/home/projects/bagon/shared/imagenet512/val/n03196217/ILSVRC2012_val_00021836.JPEG,315,9.539702529553324,0.0009983561467379332,0.19800789965185772,0.5474684896732251,0.4489250274142583,40454
616,/home/projects/bagon/shared/imagenet512/val/n04141975/ILSVRC2012_val_00044791.JPEG,31,24.892159468028694,0.0009922825265675783,0.44600314653259077,0.9708053754027928,0.27396048430296505,40474
617,/home/projects/bagon/shared/imagenet512/val/n03666591/ILSVRC2012_val_00003417.JPEG,91,17.857639107853174,0.000998594332486391,0.4018830172271827,0.9873553128653715,0.39408260739669887,40496
618,/home/projects/bagon/shared/imagenet512/val/n04004767/ILSVRC2012_val_00041235.JPEG,7,23.62822056162986,0.00025996167096309364,0.6425019311851733,0.8942368481118849,0.2184871676885391,40503
619,/home/projects/bagon/shared/imagenet512/val/n04597913/ILSVRC2012_val_00026727.JPEG,367,7.103428539354354,0.0009978797752410173,0.24164712374690753,0.926578198543258,0.38133548903809755,40509
620,/home/projects/bagon/shared/imagenet512/val/n04461696/ILSVRC2012_val_00022323.JPEG,187,15.121942464145832,0.000996331567876041,0.2526852524517361,0.8798864398133146,0.18386028902134133,40511
621,/home/projects/bagon/shared/imagenet512/val/n09229709/ILSVRC2012_val_00029026.JPEG,5,53.68415511325293,0.00017617580306250602,3.2828266484257123,0.8821421096223951,0.08389216869906413,40516
622,/home/projects/bagon/shared/imagenet512/val/n03075370/ILSVRC2012_val_00032920.JPEG,241,7.568253592937253,0.0009956170106306672,0.2500594968793111,0.9844147447947372,0.3631857056504061,40522
623,/home/projects/bagon/shared/imagenet512/val/n04371774/ILSVRC2012_val_00012257.JPEG,94,62.80676031135954,0.0009952597320079803,1.5300979724943298,0.9920848357229844,0.42077056249396566,40532
624,/home/projects/bagon/shared/imagenet512/val/n02110185/ILSVRC2012_val_00012604.JPEG,819,8.973594111273997,0.0009991897968575358,0.2119342749034531,0.703811341225392,0.3362302654634798,40534
625,/home/projects/bagon/shared/imagenet512/val/n03642806/ILSVRC2012_val_00015965.JPEG,4,16.767940282821655,0.0,13.821433708977313,0.7985471199638673,0.5625856626975709,40538
626,/home/projects/bagon/shared/imagenet512/val/n02328150/ILSVRC2012_val_00000010.JPEG,123,40.32779226975981,0.0009994279826059937,0.5259258620368968,0.8403415795182273,0.31467202463818705,40562
627,/home/projects/bagon/shared/imagenet512/val/n03670208/ILSVRC2012_val_00006746.JPEG,210,19.94190289604012,0.0009970461251214147,0.4072389109065523,0.6036579105481555,0.5470992486383097,40565
628,/home/projects/bagon/shared/imagenet512/val/n02097658/ILSVRC2012_val_00044453.JPEG,428,10.246411024359986,0.0009996660519391298,0.1987890648438432,0.8067368276458892,0.39867279189418947,40567
629,/home/projects/bagon/shared/imagenet512/val/n03089624/ILSVRC2012_val_00001190.JPEG,274,22.05608158337418,0.000998594332486391,0.29963373446191566,0.8540021163127189,0.22444482645652258,40574
630,/home/projects/bagon/shared/imagenet512/val/n02791124/ILSVRC2012_val_00044898.JPEG,10,48.77502775192261,0.0,0.8980389974503641,0.6616715162797057,0.47979133137628277,40576
631,/home/projects/bagon/shared/imagenet512/val/n01950731/ILSVRC2012_val_00036188.JPEG,10,34.26305912434964,1.311301275563892e-06,1.4659061559955398,0.8000196679093847,0.38679806260617067,40595
632,/home/projects/bagon/shared/imagenet512/val/n02085936/ILSVRC2012_val_00039146.JPEG,621,20.168484718655236,0.0009990707039833069,0.44822483205047753,0.9046082441101588,0.5572914220202825,40602
633,/home/projects/bagon/shared/imagenet512/val/n02102480/ILSVRC2012_val_00046700.JPEG,620,22.792927668895572,0.0009994279826059937,0.43015490933967654,0.9919251073191577,0.5470584358009627,40609
634,/home/projects/bagon/shared/imagenet512/val/n02093428/ILSVRC2012_val_00029175.JPEG,707,21.583583851344883,0.0009993088897317648,0.3459774470536038,0.8451415099007491,0.2745647954220858,40613
635,/home/projects/bagon/shared/imagenet512/val/n02930766/ILSVRC2012_val_00031878.JPEG,37,3.8977661355165765,0.000996331567876041,0.23966653747867253,0.9584494655646368,0.131615629993783,40628
636,/home/projects/bagon/shared/imagenet512/val/n01944390/ILSVRC2012_val_00009202.JPEG,271,19.43761732475832,0.0009978797752410173,0.26136895386424175,0.9874466880176558,0.30349478991276113,40629
637,/home/projects/bagon/shared/imagenet512/val/n04584207/ILSVRC2012_val_00000854.JPEG,62,30.65272972569801,0.0009860896971076727,0.5820896874979281,0.9188662571638638,0.4633349344005607,40638
638,/home/projects/bagon/shared/imagenet512/val/n01692333/ILSVRC2012_val_00006500.JPEG,232,26.808330834610388,0.000996331567876041,0.46409906418761976,0.9923655090153347,0.31912274405557856,40641
639,/home/projects/bagon/shared/imagenet512/val/n03769881/ILSVRC2012_val_00032382.JPEG,285,29.653975461260416,0.0009979988681152463,0.656390745238934,0.890313865608457,0.39723015705874637,40645
640,/home/projects/bagon/shared/imagenet512/val/n01729977/ILSVRC2012_val_00006574.JPEG,737,13.152072684373707,0.0009982370538637042,0.25249914570594867,0.8745848524654405,0.37746672374033546,40647
641,/home/projects/bagon/shared/imagenet512/val/n03630383/ILSVRC2012_val_00020085.JPEG,208,7.566544782253914,0.000993830617517233,0.22748667369782102,0.8262874487719047,0.44496422945249875,40653
642,/home/projects/bagon/shared/imagenet512/val/n03417042/ILSVRC2012_val_00032800.JPEG,168,15.168461908469908,0.0009941878961399198,0.2774502829552918,0.9848926263606149,0.2719781637408784,40654
643,/home/projects/bagon/shared/imagenet512/val/n03706229/ILSVRC2012_val_00046324.JPEG,243,8.549655395327136,0.0009945451747626066,0.34924127342660416,0.943563312387168,0.3552603120338789,40655
644,/home/projects/bagon/shared/imagenet512/val/n02802426/ILSVRC2012_val_00040597.JPEG,24,20.465752713615075,0.0009640575153753161,0.6408674871895064,0.9871615243875125,0.4026585348634004,40665
645,/home/projects/bagon/shared/imagenet512/val/n03793489/ILSVRC2012_val_00032891.JPEG,8,27.082327246665955,0.0,0.451946463222866,0.8903051467833347,0.3276616666046287,40674
646,/home/projects/bagon/shared/imagenet512/val/n03223299/ILSVRC2012_val_00026334.JPEG,290,7.571475233184174,0.0009982370538637042,0.3055694939427014,0.9919976664861015,0.41376342677333466,40685
647,/home/projects/bagon/shared/imagenet512/val/n03868242/ILSVRC2012_val_00039238.JPEG,956,19.79843671701383,0.0009996660519391298,0.5287671579320019,0.9135631509506238,0.36610829846206905,40688
648,/home/projects/bagon/shared/imagenet512/val/n01980166/ILSVRC2012_val_00038606.JPEG,91,14.449024126748554,0.0009927588980644941,0.4305125141853076,0.9650223152659698,0.2644033066742033,40737
649,/home/projects/bagon/shared/imagenet512/val/n02988304/ILSVRC2012_val_00046236.JPEG,377,5.152384299552068,0.0009971652179956436,0.1671319031078427,0.6146926854972226,0.3574527979706118,40762
650,/home/projects/bagon/shared/imagenet512/val/n04039381/ILSVRC2012_val_00033869.JPEG,-1,nan,nan,nan,nan,nan,40767
651,/home/projects/bagon/shared/imagenet512/val/n04116512/ILSVRC2012_val_00042132.JPEG,123,13.613005483755842,0.000987756997346878,0.40296387440147513,nan,0.3466288933396826,40770
652,/home/projects/bagon/shared/imagenet512/val/n03961711/ILSVRC2012_val_00005375.JPEG,-1,nan,nan,nan,nan,nan,40775
653,/home/projects/bagon/shared/imagenet512/val/n01756291/ILSVRC2012_val_00048112.JPEG,999,45.28697721171193,0.0009994279826059937,0.5181276947154996,nan,0.4502936721899836,40789
654,/home/projects/bagon/shared/imagenet512/val/n02113186/ILSVRC2012_val_00043399.JPEG,681,10.394101007841527,0.0009994279826059937,0.3183966195775598,0.7913481378888442,0.267589047435136,40807
655,/home/projects/bagon/shared/imagenet512/val/n02730930/ILSVRC2012_val_00037881.JPEG,17,9.69697072636336,0.000996331567876041,1.457750728425483,0.9521647520187912,0.40911203355403525,40825
656,/home/projects/bagon/shared/imagenet512/val/n02859443/ILSVRC2012_val_00003322.JPEG,460,21.97354495304171,0.0009982370538637042,0.4132129634092337,0.9938611124285223,0.3170524827979343,40829
657,/home/projects/bagon/shared/imagenet512/val/n03884397/ILSVRC2012_val_00009441.JPEG,6,35.601486682891846,0.0,74.68493250392999,0.9912685409574116,0.5267015392155848,40842
658,/home/projects/bagon/shared/imagenet512/val/n04285008/ILSVRC2012_val_00018117.JPEG,596,14.06600089755375,0.0009981179609894753,0.33334099761693975,0.894154971676171,0.4140449133512135,40855
659,/home/projects/bagon/shared/imagenet512/val/n03770439/ILSVRC2012_val_00024418.JPEG,156,13.573958512046374,0.0009966888464987278,0.25171444256878556,0.8150579657564905,0.2577451017009641,40869
660,/home/projects/bagon/shared/imagenet512/val/n01773797/ILSVRC2012_val_00007672.JPEG,799,31.846836933400482,0.0009995469590649009,1.0868817714329106,0.8041904873369772,0.46848904141283243,40884
661,/home/projects/bagon/shared/imagenet512/val/n02108089/ILSVRC2012_val_00045933.JPEG,162,41.07357247301843,0.0009952597320079803,0.37189696660247784,0.9476294398360409,0.4749726020179411,40891
662,/home/projects/bagon/shared/imagenet512/val/n02869837/ILSVRC2012_val_00009041.JPEG,174,10.492254972225055,0.0009991897968575358,0.22773282414584797,0.9941259925096669,0.260613017527197,40902
663,/home/projects/bagon/shared/imagenet512/val/n02105056/ILSVRC2012_val_00001109.JPEG,240,62.33383875514846,0.0009956170106306672,0.6696111922096164,0.9322026385270359,0.5897212762667854,40903
664,/home/projects/bagon/shared/imagenet512/val/n04162706/ILSVRC2012_val_00032515.JPEG,141,21.372037498978898,0.0009921634336933494,0.564280935811703,0.9414978177943782,0.4990929238695929,40905
665,/home/projects/bagon/shared/imagenet512/val/n02747177/ILSVRC2012_val_00012984.JPEG,7,58.01534295082092,0.0,13.819893927099612,0.9973781454022774,0.5419439180555127,40917
666,/home/projects/bagon/shared/imagenet512/val/n03920288/ILSVRC2012_val_00023466.JPEG,114,24.026369969942607,0.0009958551963791251,0.37145358842687787,0.821009670893772,0.2913782669311983,40933
667,/home/projects/bagon/shared/imagenet512/val/n04127249/ILSVRC2012_val_00025670.JPEG,6,98.50323677062988,0.0,40.340222693764424,0.9913916197161196,0.6199011712600333,40934
668,/home/projects/bagon/shared/imagenet512/val/n04442312/ILSVRC2012_val_00031310.JPEG,124,20.523048392729834,0.000996331567876041,0.2834380253934504,0.44877103915050126,0.27771675289963393,40936
669,/home/projects/bagon/shared/imagenet512/val/n09332890/ILSVRC2012_val_00015143.JPEG,251,7.812781012034975,0.0009968079393729568,0.230355767650988,0.8977104533847061,0.27731754499918526,40978
670,/home/projects/bagon/shared/imagenet512/val/n02094114/ILSVRC2012_val_00010798.JPEG,675,10.484540029778145,0.0009996660519391298,0.28341280034690813,0.9202138221158306,0.3967721760746598,40992
671,/home/projects/bagon/shared/imagenet512/val/n02096177/ILSVRC2012_val_00030394.JPEG,563,13.087697029230185,0.0009991897968575358,0.2767267931784103,0.7353812698153281,0.35196049847118127,40997
672,/home/projects/bagon/shared/imagenet512/val/n01675722/ILSVRC2012_val_00013269.JPEG,55,44.31452989263926,0.0009857324184849858,0.5064071880306613,0.9640956768051704,0.35305983062145074,41020
673,/home/projects/bagon/shared/imagenet512/val/n03908618/ILSVRC2012_val_00046993.JPEG,178,8.642852948978543,0.0009981179609894753,0.3191615035595268,0.9530505295455786,0.2488366723276754,41024
674,/home/projects/bagon/shared/imagenet512/val/n03761084/ILSVRC2012_val_00047421.JPEG,185,8.03940380353015,0.0009958551963791251,0.2711990623050909,0.9346745944152353,0.2643481073404605,41026
675,/home/projects/bagon/shared/imagenet512/val/n01753488/ILSVRC2012_val_00001582.JPEG,382,7.824927243287675,0.00099871342536062,0.30199825489811805,0.8394153914775261,0.3098473800087369,41044
676,/home/projects/bagon/shared/imagenet512/val/n03724870/ILSVRC2012_val_00023885.JPEG,275,15.597653945558704,0.0009976415894925594,0.29112106850346603,0.9718187632035069,0.33512376083154427,41058
677,/home/projects/bagon/shared/imagenet512/val/n07615774/ILSVRC2012_val_00048151.JPEG,128,26.400043370202184,0.0009965697536244988,0.3196587593599058,0.9985335032203213,0.29046188997573497,41066
678,/home/projects/bagon/shared/imagenet512/val/n04317175/ILSVRC2012_val_00030733.JPEG,109,28.568918401026167,0.0009934734553098679,0.3227803592018485,0.9981434870639005,0.4025305512608537,41068
679,/home/projects/bagon/shared/imagenet512/val/n03032252/ILSVRC2012_val_00030890.JPEG,8,41.34311079978943,0.0,2.3707183026312544,0.9787797749648341,0.49295841717913624,41075
680,/home/projects/bagon/shared/imagenet512/val/n01558993/ILSVRC2012_val_00031273.JPEG,464,18.60644724976737,0.00099871342536062,0.2573777955066212,0.9045541338504894,0.3325440891159189,41081
681,/home/projects/bagon/shared/imagenet512/val/n02100583/ILSVRC2012_val_00035278.JPEG,312,20.894843090325594,0.0009984752396121621,0.36555406802626395,0.9647361537841129,0.33335336239436475,41092
682,/home/projects/bagon/shared/imagenet512/val/n03661043/ILSVRC2012_val_00039081.JPEG,158,14.778043351718225,0.0009969270322471857,0.3140774567490114,0.7775994926777935,0.3158397694973152,41102
683,/home/projects/bagon/shared/imagenet512/val/n04591157/ILSVRC2012_val_00022782.JPEG,150,7.945750845130533,0.0009966888464987278,0.3549985210218476,0.7956113621580031,0.486450489652456,41115
684,/home/projects/bagon/shared/imagenet512/val/n02089867/ILSVRC2012_val_00039247.JPEG,589,5.567923394031823,0.000998951611109078,0.22056779203272062,0.7843879637486285,0.3666230033967467,41136
685,/home/projects/bagon/shared/imagenet512/val/n02788148/ILSVRC2012_val_00038971.JPEG,225,8.819452262017876,0.0009971652179956436,0.2443571583276028,0.8251940845007646,0.31459522420927544,41140
686,/home/projects/bagon/shared/imagenet512/val/n04239074/ILSVRC2012_val_00008844.JPEG,359,29.042263009236194,0.0009977606823667884,0.44989572298235075,0.8837993006949905,0.47259728648643595,41141
687,/home/projects/bagon/shared/imagenet512/val/n03874293/ILSVRC2012_val_00004957.JPEG,-1,nan,nan,nan,nan,nan,41154
688,/home/projects/bagon/shared/imagenet512/val/n03804744/ILSVRC2012_val_00043676.JPEG,483,4.870167208136991,0.0009995469590649009,0.21573833326018738,nan,0.35273009839943953,41158
689,/home/projects/bagon/shared/imagenet512/val/n02966687/ILSVRC2012_val_00003360.JPEG,4,27.147132396697998,0.0,16.903765270048716,0.9760104540206489,0.5703784583356963,41159
690,/home/projects/bagon/shared/imagenet512/val/n02927161/ILSVRC2012_val_00011432.JPEG,202,39.83532266900875,0.0009947833605110645,0.4080547395590222,0.9820225134188455,0.3082434803787254,41170
691,/home/projects/bagon/shared/imagenet512/val/n07871810/ILSVRC2012_val_00014188.JPEG,145,23.77514223800972,0.000993592431768775,0.4552739841113627,0.862443509942606,0.4563553122549982,41177
692,/home/projects/bagon/shared/imagenet512/val/n01983481/ILSVRC2012_val_00038454.JPEG,270,47.859491560957395,0.0009949024533852935,0.31873711992421694,0.8847191002389567,0.2453406058368852,41190
693,/home/projects/bagon/shared/imagenet512/val/n03476991/ILSVRC2012_val_00012907.JPEG,80,19.75625334214419,0.0009901388548314571,0.49011912289880005,0.9835968629026822,0.514368355543503,41200
694,/home/projects/bagon/shared/imagenet512/val/n02113186/ILSVRC2012_val_00049129.JPEG,451,35.07434130797628,0.0009981179609894753,0.3137065318238431,0.9975705504621528,0.3124574115584157,41203
695,/home/projects/bagon/shared/imagenet512/val/n02488291/ILSVRC2012_val_00001928.JPEG,8,30.671665004396345,0.0001299296854995191,0.3895310042104546,0.7998016546426054,0.4265319939282284,41216
696,/home/projects/bagon/shared/imagenet512/val/n01924916/ILSVRC2012_val_00033248.JPEG,491,3.9053749236045405,0.000998832518234849,0.16601803524968808,0.7939416130065003,0.3056032252120495,41223
697,/home/projects/bagon/shared/imagenet512/val/n04442312/ILSVRC2012_val_00005123.JPEG,4,45.590721130371094,0.0,3.2521472064767942,0.9988379621526512,0.5389236421417789,41224
698,/home/projects/bagon/shared/imagenet512/val/n04238763/ILSVRC2012_val_00029103.JPEG,356,18.45792788953986,0.0009982370538637042,0.4168837944160957,0.9858600864738168,0.3441957104293448,41230
699,/home/projects/bagon/shared/imagenet512/val/n01748264/ILSVRC2012_val_00035736.JPEG,269,3.948636061628349,0.0009983561467379332,0.1874719487424597,0.718702783184227,0.32393468639407863,41266
700,/home/projects/bagon/shared/imagenet512/val/n04435653/ILSVRC2012_val_00008308.JPEG,173,8.524270168854855,0.0009953788248822093,0.37275046211232915,0.8400071247812193,0.29278428074055013,41271
701,/home/projects/bagon/shared/imagenet512/val/n03933933/ILSVRC2012_val_00030498.JPEG,337,13.485592734999955,0.000998594332486391,0.25170124360129253,0.9700105877724374,0.3519028998990006,41275
702,/home/projects/bagon/shared/imagenet512/val/n02236044/ILSVRC2012_val_00010653.JPEG,155,17.532100384589285,0.0009975224966183305,0.2465667502467571,0.973697133994805,0.25749820892095404,41295
703,/home/projects/bagon/shared/imagenet512/val/n04443257/ILSVRC2012_val_00032397.JPEG,193,8.342519328929484,0.0009997851448133588,0.21448580226364736,0.9816310084465492,0.30026634643586547,41298
704,/home/projects/bagon/shared/imagenet512/val/n04090263/ILSVRC2012_val_00034127.JPEG,329,25.753826116095297,0.0009979988681152463,0.435803739549613,0.8084722277777906,0.3732495097949343,41316
705,/home/projects/bagon/shared/imagenet512/val/n02410509/ILSVRC2012_val_00016437.JPEG,661,23.89367907634005,0.000998951611109078,0.30799580574306884,0.9823768795072712,0.3734937969007487,41323
706,/home/projects/bagon/shared/imagenet512/val/n03792782/ILSVRC2012_val_00012096.JPEG,464,41.72189654270187,0.0009969270322471857,0.43321395774837734,0.9962390121900843,0.2990084655850041,41346
707,/home/projects/bagon/shared/imagenet512/val/n03777568/ILSVRC2012_val_00026352.JPEG,118,17.360514630796388,0.000995974289253354,0.38717427667067905,0.8882700830721176,0.34758049435250116,41347
708,/home/projects/bagon/shared/imagenet512/val/n03832673/ILSVRC2012_val_00039119.JPEG,590,8.165723349433392,0.0009996660519391298,0.2096083972450809,0.7235447866896082,0.3207829442992409,41363
709,/home/projects/bagon/shared/imagenet512/val/n03249569/ILSVRC2012_val_00047468.JPEG,250,15.654640780412592,0.0009975224966183305,0.3931488057082223,0.9980835652901849,0.416651475912897,41371
710,/home/projects/bagon/shared/imagenet512/val/n07695742/ILSVRC2012_val_00019850.JPEG,317,43.21290535258595,0.000996093382127583,0.42780939599717815,0.9955288042474919,0.4063059869485105,41383
711,/home/projects/bagon/shared/imagenet512/val/n03937543/ILSVRC2012_val_00047389.JPEG,-1,nan,nan,nan,nan,nan,41384
712,/home/projects/bagon/shared/imagenet512/val/n03759954/ILSVRC2012_val_00015055.JPEG,-1,nan,nan,nan,nan,nan,41393
713,/home/projects/bagon/shared/imagenet512/val/n04525038/ILSVRC2012_val_00047348.JPEG,191,8.417481586919166,0.0009965697536244988,0.5386673775589977,nan,0.45603136140526956,41412
714,/home/projects/bagon/shared/imagenet512/val/n04070727/ILSVRC2012_val_00046360.JPEG,6,114.47162751853466,0.0,6.5903828034960075,0.9446056349247005,0.5833793931811282,41415
715,/home/projects/bagon/shared/imagenet512/val/n09399592/ILSVRC2012_val_00039034.JPEG,638,15.607017632224597,0.000998832518234849,0.25110530454589935,0.7053344776435344,0.3712643383377804,41423
716,/home/projects/bagon/shared/imagenet512/val/n04286575/ILSVRC2012_val_00027796.JPEG,7,34.14709679036923,2.861018856492592e-06,0.8506196814856285,0.9500188349321586,0.5557001859704671,41431
717,/home/projects/bagon/shared/imagenet512/val/n03498962/ILSVRC2012_val_00017118.JPEG,184,10.881460069329478,0.0009953788248822093,0.34173520818687664,0.9221260353515965,0.26775703372196935,41444
718,/home/projects/bagon/shared/imagenet512/val/n03866082/ILSVRC2012_val_00009526.JPEG,1023,10.311446928302757,0.0009996660519391298,0.23187888219348662,0.7205099143652802,0.40408753540935105,41447
719,/home/projects/bagon/shared/imagenet512/val/n02174001/ILSVRC2012_val_00047630.JPEG,314,7.3093994305236265,0.0009995469590649009,0.21981202905611774,0.550629366358738,0.2955318698150614,41453
720,/home/projects/bagon/shared/imagenet512/val/n03425413/ILSVRC2012_val_00023044.JPEG,6,24.362418711185455,0.0,0.40681049422499216,0.9971075116470351,0.35410601901894556,41463
721,/home/projects/bagon/shared/imagenet512/val/n03223299/ILSVRC2012_val_00023938.JPEG,4,154.56634330749512,0.0,36.454388188409794,0.8912564834415995,0.6904319211308694,41464
722,/home/projects/bagon/shared/imagenet512/val/n03394916/ILSVRC2012_val_00011691.JPEG,289,54.537194449454546,0.0009976415894925594,0.42332743267609774,0.9966691398870803,0.5763927330904727,41476
723,/home/projects/bagon/shared/imagenet512/val/n02090721/ILSVRC2012_val_00042118.JPEG,312,30.921424760017544,0.0009995469590649009,0.47529577482629703,0.9674564738598251,0.41257485915218584,41486
724,/home/projects/bagon/shared/imagenet512/val/n03866082/ILSVRC2012_val_00021728.JPEG,8,31.48223242565291,0.00022706791060045362,1.0499693724643113,0.9930019516121092,0.4503767210885731,41487
725,/home/projects/bagon/shared/imagenet512/val/n02971356/ILSVRC2012_val_00030745.JPEG,285,11.584983439533971,0.000998832518234849,0.3121836712814286,0.9925322520180749,0.3055860027117916,41494
726,/home/projects/bagon/shared/imagenet512/val/n03065424/ILSVRC2012_val_00039625.JPEG,135,4.907676942762919,0.0009991897968575358,0.20724019507731287,0.6241816148252787,0.29285024773850266,41499
727,/home/projects/bagon/shared/imagenet512/val/n02127052/ILSVRC2012_val_00018269.JPEG,372,42.60779271123465,0.0009966888464987278,0.32447484190025555,0.47490299236635025,0.30112776591761475,41507
728,/home/projects/bagon/shared/imagenet512/val/n02988304/ILSVRC2012_val_00009631.JPEG,401,14.882882467703894,0.0009984752396121621,0.31659031930606646,0.989793311880044,0.3768397338249795,41510
729,/home/projects/bagon/shared/imagenet512/val/n07930864/ILSVRC2012_val_00043890.JPEG,788,15.698152306373231,0.0009993088897317648,0.47971062761370165,0.8704478865549987,0.46104941747136646,41529
730,/home/projects/bagon/shared/imagenet512/val/n02837789/ILSVRC2012_val_00030869.JPEG,457,30.1047116140835,0.0009993088897317648,0.3460098495353516,0.9689611930221924,0.39632775349117766,41531
731,/home/projects/bagon/shared/imagenet512/val/n02268443/ILSVRC2012_val_00043136.JPEG,315,10.480333455372602,0.0009968079393729568,0.3142429628983744,0.8855093859049923,0.4224075298608717,41545
732,/home/projects/bagon/shared/imagenet512/val/n04041544/ILSVRC2012_val_00011897.JPEG,4,19.610140800476074,0.0,2.554289586923525,0.920578991309918,0.4908832315039803,41548
733,/home/projects/bagon/shared/imagenet512/val/n02834397/ILSVRC2012_val_00017590.JPEG,489,34.593693743343465,0.0009990707039833069,0.45975293098758885,0.9766699787014623,0.5563452975825518,41553
734,/home/projects/bagon/shared/imagenet512/val/n02794156/ILSVRC2012_val_00036595.JPEG,438,12.443322292761877,0.0009978797752410173,0.2771853732405475,0.9221005730072437,0.38782322685148696,41567
735,/home/projects/bagon/shared/imagenet512/val/n04204238/ILSVRC2012_val_00015598.JPEG,-1,nan,nan,nan,nan,nan,41589
736,/home/projects/bagon/shared/imagenet512/val/n03400231/ILSVRC2012_val_00026723.JPEG,485,21.820851938333362,0.0009999042376875877,0.34211235160799497,nan,0.4568345233852056,41622
737,/home/projects/bagon/shared/imagenet512/val/n03938244/ILSVRC2012_val_00043608.JPEG,134,5.496821082080714,0.0009943069890141487,0.235394902950882,0.9791407714184692,0.23061987832285713,41652
738,/home/projects/bagon/shared/imagenet512/val/n03110669/ILSVRC2012_val_00018886.JPEG,366,31.547438253299333,0.0009991897968575358,0.3597996561272504,0.9743581244904711,0.5702943238509937,41667
739,/home/projects/bagon/shared/imagenet512/val/n03995372/ILSVRC2012_val_00022789.JPEG,90,43.47892198397312,0.000996212475001812,0.3335356253657034,0.9386504474565329,0.3818669349974469,41672
740,/home/projects/bagon/shared/imagenet512/val/n04356056/ILSVRC2012_val_00048182.JPEG,678,13.808160223183222,0.0009995469590649009,0.3374096541583891,0.8479410349670441,0.3952235963196963,41674
741,/home/projects/bagon/shared/imagenet512/val/n03785016/ILSVRC2012_val_00000717.JPEG,-1,nan,nan,nan,nan,nan,41675
742,/home/projects/bagon/shared/imagenet512/val/n03661043/ILSVRC2012_val_00046911.JPEG,31,39.22112926165573,0.0009660820942372084,0.3470024138983004,nan,0.39966654490536657,41702
743,/home/projects/bagon/shared/imagenet512/val/n04264628/ILSVRC2012_val_00007316.JPEG,470,18.830754741327837,0.0009974034037441015,0.3448256406425548,0.7652654522020965,0.3688265770375109,41715
744,/home/projects/bagon/shared/imagenet512/val/n02104029/ILSVRC2012_val_00013715.JPEG,655,18.906458683894016,0.0009999042376875877,0.39588729997819755,0.8038815713659745,0.43906828046059265,41724
745,/home/projects/bagon/shared/imagenet512/val/n02483362/ILSVRC2012_val_00020997.JPEG,302,10.769353082287125,0.000996093382127583,0.24940731624178836,0.7968701130710668,0.3354149704850722,41727
746,/home/projects/bagon/shared/imagenet512/val/n02111500/ILSVRC2012_val_00004474.JPEG,300,13.497693322598934,0.000998951611109078,0.28189173675355456,0.8405422327218938,0.4191134830208808,41728
747,/home/projects/bagon/shared/imagenet512/val/n07860988/ILSVRC2012_val_00012807.JPEG,428,22.09369774989318,0.0009981179609894753,0.3835874285471483,0.9790784505875729,0.42372792543289045,41738
748,/home/projects/bagon/shared/imagenet512/val/n01773797/ILSVRC2012_val_00036109.JPEG,49,40.841425548656844,0.0009909725049510598,0.39864028079492164,0.9739605493537842,0.49836203444454874,41742
749,/home/projects/bagon/shared/imagenet512/val/n02841315/ILSVRC2012_val_00040975.JPEG,-1,nan,nan,nan,nan,nan,41744
750,/home/projects/bagon/shared/imagenet512/val/n02099601/ILSVRC2012_val_00031731.JPEG,312,24.032669436302967,0.000996212475001812,0.3381372449719572,nan,0.4346066133672063,41766
751,/home/projects/bagon/shared/imagenet512/val/n02097658/ILSVRC2012_val_00002765.JPEG,262,23.451442408608273,0.0009958551963791251,0.37623135548802034,0.9736939980665479,0.4370763530522702,41774
752,/home/projects/bagon/shared/imagenet512/val/n04259630/ILSVRC2012_val_00021791.JPEG,424,6.0903086790349334,0.0009994279826059937,0.23290025373112436,0.8598935287660311,0.3514746244302901,41778
753,/home/projects/bagon/shared/imagenet512/val/n04141975/ILSVRC2012_val_00020839.JPEG,5,219.85138940811157,0.0,56.53211552462394,0.9948266679440813,0.4644950449530425,41790
754,/home/projects/bagon/shared/imagenet512/val/n03124170/ILSVRC2012_val_00016207.JPEG,4,16.352266550064087,0.0,1.3107355492273316,0.8649294454572091,0.29907535952189435,41804
755,/home/projects/bagon/shared/imagenet512/val/n04560804/ILSVRC2012_val_00018657.JPEG,321,24.625009759911336,0.000998594332486391,0.3994107127868058,0.8711324855362782,0.4967950135923801,41805
756,/home/projects/bagon/shared/imagenet512/val/n01694178/ILSVRC2012_val_00001623.JPEG,201,56.04424119088799,0.0009957361035048962,1.0524269960115766,0.9254123794314402,0.4822634917433464,41808
757,/home/projects/bagon/shared/imagenet512/val/n03445924/ILSVRC2012_val_00012682.JPEG,147,24.284208054770716,0.0009956170106306672,0.3353699817633573,0.8601442868442654,0.23484121195309163,41817
758,/home/projects/bagon/shared/imagenet512/val/n02791124/ILSVRC2012_val_00008115.JPEG,37,26.318208382232115,0.000982159748673439,0.42118825605030064,0.9965179357839854,0.4158166611077282,41844
759,/home/projects/bagon/shared/imagenet512/val/n04590129/ILSVRC2012_val_00025610.JPEG,364,5.357083641458303,0.0009984752396121621,0.30936268649243726,0.9220309228488217,0.46069475810053245,41847
760,/home/projects/bagon/shared/imagenet512/val/n02088238/ILSVRC2012_val_00002111.JPEG,487,29.003726891009137,0.0009976415894925594,0.3113164158572222,0.9975040980378509,0.3138362668781517,41854
761,/home/projects/bagon/shared/imagenet512/val/n03976657/ILSVRC2012_val_00049381.JPEG,279,6.924971122294664,0.0009952597320079803,0.22096498427462924,0.9520748186910025,0.30790616697721307,41859
762,/home/projects/bagon/shared/imagenet512/val/n03445924/ILSVRC2012_val_00006874.JPEG,74,27.262331453152,0.0009950215462595224,0.3564496044988731,0.9020729311636988,0.36284101207749264,41868
763,/home/projects/bagon/shared/imagenet512/val/n04596742/ILSVRC2012_val_00019557.JPEG,287,21.215558437863365,0.0009972843108698726,0.3463080040241835,0.9952485762471349,0.2258119143806309,41870
764,/home/projects/bagon/shared/imagenet512/val/n03868863/ILSVRC2012_val_00007585.JPEG,124,26.774014064809307,0.0009947833605110645,0.41807571560408235,0.9678659311161292,0.4225913582198195,41874
765,/home/projects/bagon/shared/imagenet512/val/n03710721/ILSVRC2012_val_00006904.JPEG,-1,nan,nan,nan,nan,nan,41894
766,/home/projects/bagon/shared/imagenet512/val/n04270147/ILSVRC2012_val_00039725.JPEG,376,19.33085293485783,0.0009977606823667884,0.8380727632440097,nan,0.40013969769068153,41898
767,/home/projects/bagon/shared/imagenet512/val/n04548362/ILSVRC2012_val_00014862.JPEG,339,13.702747485949658,0.0009993088897317648,0.2553490795481961,0.9906219304196352,0.3503281752368236,41902
768,/home/projects/bagon/shared/imagenet512/val/n03673027/ILSVRC2012_val_00049813.JPEG,324,5.165461715194397,0.0009957361035048962,0.23901093972763468,0.7684850497934601,0.40126823228886216,41913
769,/home/projects/bagon/shared/imagenet512/val/n02096437/ILSVRC2012_val_00000279.JPEG,314,21.002636956050992,0.0009994279826059937,0.3349419554242422,0.9851545023494817,0.34884352717852274,41917
770,/home/projects/bagon/shared/imagenet512/val/n03196217/ILSVRC2012_val_00026752.JPEG,390,6.540499287191778,0.00099871342536062,0.21837963504587715,0.9737120888154609,0.3408257926681588,41923
771,/home/projects/bagon/shared/imagenet512/val/n02749479/ILSVRC2012_val_00044665.JPEG,773,6.372857170179486,0.0009981179609894753,0.17054719951159736,0.736136761873154,0.24516474166472743,41964
772,/home/projects/bagon/shared/imagenet512/val/n04317175/ILSVRC2012_val_00010695.JPEG,79,14.96363570727408,0.0009974034037441015,0.49111608252682554,0.9963332622637885,0.43774840866903475,41978
773,/home/projects/bagon/shared/imagenet512/val/n03891332/ILSVRC2012_val_00004937.JPEG,306,11.564941720687784,0.000998832518234849,0.22453675027348008,0.9254175684714268,0.2894704849338774,41983
774,/home/projects/bagon/shared/imagenet512/val/n02095314/ILSVRC2012_val_00005331.JPEG,528,28.642826808732934,0.0009995469590649009,0.2988515050312131,0.7293033587931956,0.447643509867096,41988
775,/home/projects/bagon/shared/imagenet512/val/n03457902/ILSVRC2012_val_00000295.JPEG,74,3.3115664874203503,0.0009924016194418073,0.180141477533737,0.5227960087446688,0.19416158606286482,41994
776,/home/projects/bagon/shared/imagenet512/val/n07875152/ILSVRC2012_val_00011863.JPEG,286,37.18960499193054,0.0009984752396121621,0.43657589648362505,0.972459527124374,0.4581953881861326,42017
777,/home/projects/bagon/shared/imagenet512/val/n01580077/ILSVRC2012_val_00020905.JPEG,301,20.056811798014678,0.000998594332486391,0.3095279030138546,0.981652880415812,0.2901155640939054,42029
778,/home/projects/bagon/shared/imagenet512/val/n04462240/ILSVRC2012_val_00021008.JPEG,163,21.63463562936522,0.0009991897968575358,0.36151495904264197,0.9759518672248572,0.22453457942689362,42038
779,/home/projects/bagon/shared/imagenet512/val/n04099969/ILSVRC2012_val_00016203.JPEG,256,34.18627359555103,0.0009978797752410173,0.4927650380407797,0.6638865451282784,0.4793513214747094,42041
780,/home/projects/bagon/shared/imagenet512/val/n03938244/ILSVRC2012_val_00016566.JPEG,102,29.508499905467033,0.0009939497103914618,1.070768489073574,0.9960899631614122,0.5541351753760744,42047
781,/home/projects/bagon/shared/imagenet512/val/n03459775/ILSVRC2012_val_00020941.JPEG,175,21.534556100028567,0.0009997851448133588,0.8549888237928571,0.8737758917812148,0.4134633865461264,42054
782,/home/projects/bagon/shared/imagenet512/val/n02097047/ILSVRC2012_val_00008661.JPEG,919,13.218574473052286,0.0009994279826059937,0.293083364992783,0.8705444266918942,0.39549369359551695,42058
783,/home/projects/bagon/shared/imagenet512/val/n02840245/ILSVRC2012_val_00018669.JPEG,189,13.701085013221018,0.0009995469590649009,0.3732009037104582,0.9538000480564995,0.4531804091976253,42066
784,/home/projects/bagon/shared/imagenet512/val/n01806567/ILSVRC2012_val_00013364.JPEG,320,36.49449774867389,0.0009999042376875877,0.3491674488908953,0.9823447528900678,0.29423919008835053,42067
785,/home/projects/bagon/shared/imagenet512/val/n02110063/ILSVRC2012_val_00016960.JPEG,789,19.527719926438294,0.0009995469590649009,0.3444355448202048,0.9255803043280217,0.386973174011549,42072
786,/home/projects/bagon/shared/imagenet512/val/n02892201/ILSVRC2012_val_00014939.JPEG,211,10.311914738733321,0.0009958551963791251,0.3937588312901456,0.9808690702718843,0.3106590208140753,42073
787,/home/projects/bagon/shared/imagenet512/val/n03347037/ILSVRC2012_val_00041368.JPEG,219,4.120170234935358,0.0009957361035048962,0.26758795742293345,0.6612132913812564,0.3682728658261263,42075
788,/home/projects/bagon/shared/imagenet512/val/n03000247/ILSVRC2012_val_00033694.JPEG,390,7.054719493142329,0.0009971652179956436,0.3941591085182828,0.8910403537759999,0.32655632576033,42081
789,/home/projects/bagon/shared/imagenet512/val/n03250847/ILSVRC2012_val_00046129.JPEG,220,3.222328478237614,0.0009981179609894753,0.15115352480242264,0.8604957129925348,0.2319804495694287,42084
790,/home/projects/bagon/shared/imagenet512/val/n02114712/ILSVRC2012_val_00003172.JPEG,99,26.55516919598449,0.0009918061550706625,0.33500300148237167,0.8527101479433427,0.23006498663626762,42090
791,/home/projects/bagon/shared/imagenet512/val/n03272010/ILSVRC2012_val_00022811.JPEG,306,33.63210440531839,0.0009979988681152463,0.6336293425296244,0.9980989745641479,0.5000172396561334,42125
792,/home/projects/bagon/shared/imagenet512/val/n03146219/ILSVRC2012_val_00048405.JPEG,676,6.208176761050709,0.0009997851448133588,0.1772533726639808,0.8362199976522137,0.271256795677832,42148
793,/home/projects/bagon/shared/imagenet512/val/n03127925/ILSVRC2012_val_00030004.JPEG,193,10.074661676189862,0.00099871342536062,0.28442740415889844,0.8202020905529221,0.3014882928807042,42152
794,/home/projects/bagon/shared/imagenet512/val/n03854065/ILSVRC2012_val_00024907.JPEG,93,9.166424823226407,0.0009964506607502699,0.3984671711232005,0.9698354528771952,0.4895457211893721,42177
795,/home/projects/bagon/shared/imagenet512/val/n02999410/ILSVRC2012_val_00030965.JPEG,189,11.180930752423592,0.0009977606823667884,0.20849818849578047,0.9730950350698055,0.22903647137187966,42178
796,/home/projects/bagon/shared/imagenet512/val/n04542943/ILSVRC2012_val_00027407.JPEG,9,42.35197493218584,0.0008825936238281429,0.8797949012373502,0.9954783804133894,0.36421241308622837,42188
797,/home/projects/bagon/shared/imagenet512/val/n02093256/ILSVRC2012_val_00001222.JPEG,815,13.163308287854306,0.0009991897968575358,0.29788069868607525,0.8922235878463126,0.28806882149317925,42192
798,/home/projects/bagon/shared/imagenet512/val/n01943899/ILSVRC2012_val_00010955.JPEG,3,28.852269649505615,0.0,12.339087676436055,0.902116646406245,0.6268889485289146,42230
799,/home/projects/bagon/shared/imagenet512/val/n07693725/ILSVRC2012_val_00047003.JPEG,312,26.794517645961605,0.0009995469590649009,0.33116604148391077,0.881985192647901,0.4052181675905193,42246
800,/home/projects/bagon/shared/imagenet512/val/n04270147/ILSVRC2012_val_00021865.JPEG,120,25.93822879868094,0.0009941878961399198,0.7594871191695985,0.8835471408449751,0.681791935140843,42270
801,/home/projects/bagon/shared/imagenet512/val/n02916936/ILSVRC2012_val_00004825.JPEG,188,22.551629921537824,0.0009958551963791251,0.4349262910687856,0.9930376135734307,0.479953032215793,42277
802,/home/projects/bagon/shared/imagenet512/val/n02028035/ILSVRC2012_val_00001521.JPEG,368,45.08604823646601,0.0009977606823667884,0.5727493739545741,0.9984467772913053,0.6171978243088738,42282
803,/home/projects/bagon/shared/imagenet512/val/n04591713/ILSVRC2012_val_00027316.JPEG,43,9.21646991907619,0.0009951406391337514,0.49043194938701956,0.9517655999008172,0.2138914726345093,42287
804,/home/projects/bagon/shared/imagenet512/val/n03976657/ILSVRC2012_val_00022177.JPEG,244,16.52895214781165,0.0009970461251214147,0.25459932942441077,0.9848799527770438,0.3219973468606184,42290
805,/home/projects/bagon/shared/imagenet512/val/n02971356/ILSVRC2012_val_00008083.JPEG,4,18.72664451599121,0.0,23.04343836189757,0.9703396072447514,0.5087801182824775,42313
806,/home/projects/bagon/shared/imagenet512/val/n03457902/ILSVRC2012_val_00019847.JPEG,-1,nan,nan,nan,nan,nan,42314
807,/home/projects/bagon/shared/imagenet512/val/n02113799/ILSVRC2012_val_00000800.JPEG,610,27.766597058507614,0.0009997851448133588,0.3998644193787537,nan,0.49597182190625555,42315
808,/home/projects/bagon/shared/imagenet512/val/n03424325/ILSVRC2012_val_00027964.JPEG,185,15.86699695745483,0.0009945451747626066,0.32047508625978094,0.9919129151418071,0.299445686286931,42324
809,/home/projects/bagon/shared/imagenet512/val/n06794110/ILSVRC2012_val_00034107.JPEG,6,95.28614664077759,0.0,36.132159476949006,0.9974259154891485,0.5215113613145368,42326
810,/home/projects/bagon/shared/imagenet512/val/n01774384/ILSVRC2012_val_00039661.JPEG,453,15.136029047425836,0.0009978797752410173,0.27049181536103745,0.9688801693503346,0.34972189609331394,42327
811,/home/projects/bagon/shared/imagenet512/val/n07802026/ILSVRC2012_val_00021515.JPEG,268,14.485048228292726,0.0009968079393729568,0.36361611192049437,0.9970560673473179,0.4394224019923316,42335
812,/home/projects/bagon/shared/imagenet512/val/n03775071/ILSVRC2012_val_00016272.JPEG,209,34.99010978813749,0.0009994279826059937,0.9471110370206779,0.9590117874527692,0.5021396415219602,42358
813,/home/projects/bagon/shared/imagenet512/val/n03814639/ILSVRC2012_val_00034119.JPEG,399,21.990530582494102,0.0009991897968575358,0.2797032761271586,0.9978142698244643,0.3522899260853213,42361
814,/home/projects/bagon/shared/imagenet512/val/n04201297/ILSVRC2012_val_00037763.JPEG,353,2.9884804311441258,0.0009975224966183305,0.1448013179643962,0.6209378864074723,0.3203985842795093,42369
815,/home/projects/bagon/shared/imagenet512/val/n03866082/ILSVRC2012_val_00043954.JPEG,557,17.63659836363513,0.0009978797752410173,0.3355318535374967,0.9828455138359848,0.29832160257951057,42371
816,/home/projects/bagon/shared/imagenet512/val/n03642806/ILSVRC2012_val_00016812.JPEG,192,6.105805601226166,0.000995974289253354,0.15001983467502997,0.7134036188959548,0.20690461534758475,42382
817,/home/projects/bagon/shared/imagenet512/val/n02966687/ILSVRC2012_val_00006795.JPEG,289,3.679303820594214,0.000996212475001812,0.1902336953131563,0.49045344141266456,0.28529689007445475,42394
818,/home/projects/bagon/shared/imagenet512/val/n02088466/ILSVRC2012_val_00029326.JPEG,36,45.14511624514125,0.0009815642843022943,1.477172481886879,0.9884028553038736,0.3892761592639129,42452
819,/home/projects/bagon/shared/imagenet512/val/n03498962/ILSVRC2012_val_00020887.JPEG,4,23.158796787261963,0.0,2.222138280665285,0.9646640995685726,0.5718937213706663,42459
820,/home/projects/bagon/shared/imagenet512/val/n07871810/ILSVRC2012_val_00024893.JPEG,497,19.287481300067157,0.0009994279826059937,0.3312659844756037,0.9633187087302127,0.3496670724867653,42464
821,/home/projects/bagon/shared/imagenet512/val/n04392985/ILSVRC2012_val_00022460.JPEG,701,56.19904709327966,0.000998951611109078,0.9332233667469109,0.9987783190377302,0.6075960429764454,42471
822,/home/projects/bagon/shared/imagenet512/val/n07932039/ILSVRC2012_val_00023089.JPEG,121,23.076881485059857,0.0009919252479448915,0.3312306847671298,0.9939267057842273,0.358584901455675,42477
823,/home/projects/bagon/shared/imagenet512/val/n02091635/ILSVRC2012_val_00004684.JPEG,256,21.495498483185656,0.0009984752396121621,0.3676823898496195,0.9063388558990079,0.2838416697672176,42510
824,/home/projects/bagon/shared/imagenet512/val/n04392985/ILSVRC2012_val_00045645.JPEG,442,32.37984850362409,0.0009977606823667884,0.38797102431831143,0.9740290811346062,0.43308215251924526,42523
825,/home/projects/bagon/shared/imagenet512/val/n01756291/ILSVRC2012_val_00021873.JPEG,899,19.842003352823667,0.0009999042376875877,0.34578756416105394,0.7844990146632207,0.3269588312143336,42525
826,/home/projects/bagon/shared/imagenet512/val/n03291819/ILSVRC2012_val_00000419.JPEG,333,6.087242615874857,0.0009994279826059937,0.3672062260352329,0.9800801614417526,0.40355483595840047,42526
827,/home/projects/bagon/shared/imagenet512/val/n03929660/ILSVRC2012_val_00004035.JPEG,88,26.965228084591217,0.0009952597320079803,0.4003628468625028,0.9870855386715949,0.38271611024018526,42528
828,/home/projects/bagon/shared/imagenet512/val/n03345487/ILSVRC2012_val_00001491.JPEG,87,46.45932457130402,0.0009964506607502699,0.3548432378424592,0.9939277543784968,0.3675884333622981,42529
829,/home/projects/bagon/shared/imagenet512/val/n01644900/ILSVRC2012_val_00033769.JPEG,577,15.483311406569555,0.0009979988681152463,0.32050854572622417,0.9626653760144863,0.3198772547932417,42532
830,/home/projects/bagon/shared/imagenet512/val/n03400231/ILSVRC2012_val_00016201.JPEG,301,15.063702591927722,0.000998951611109078,0.2724730798323942,0.7139002384240035,0.4197176399568082,42542
831,/home/projects/bagon/shared/imagenet512/val/n02808440/ILSVRC2012_val_00002563.JPEG,618,15.25493851932697,0.0009997851448133588,0.31560952931798275,0.7501970215500359,0.41580280107126205,42547
832,/home/projects/bagon/shared/imagenet512/val/n02776631/ILSVRC2012_val_00021590.JPEG,479,29.59374852280598,0.0009981179609894753,0.317958039900824,0.9542640351991403,0.4211212765569655,42572
833,/home/projects/bagon/shared/imagenet512/val/n02110806/ILSVRC2012_val_00030771.JPEG,240,60.19324780500028,0.000996331567876041,0.41828673455390475,0.9936404663058447,0.35962542305423784,42581
834,/home/projects/bagon/shared/imagenet512/val/n03443371/ILSVRC2012_val_00014613.JPEG,8,25.78889846461243,8.248942322097719e-05,0.35442033178776094,0.8438667331671706,0.3115994590254707,42584
835,/home/projects/bagon/shared/imagenet512/val/n04505470/ILSVRC2012_val_00019503.JPEG,786,7.852801619679667,0.0009981179609894753,0.19774452584616128,0.6167602520160071,0.26953486724626197,42606
836,/home/projects/bagon/shared/imagenet512/val/n02776631/ILSVRC2012_val_00013947.JPEG,3,11.23670244216919,0.0,1.8752766270972627,0.922838493175621,0.5382370349316564,42609
837,/home/projects/bagon/shared/imagenet512/val/n02236044/ILSVRC2012_val_00015745.JPEG,230,12.638368644169532,0.000998951611109078,0.32242484782016784,0.7786214986821697,0.3422593195822744,42638
838,/home/projects/bagon/shared/imagenet512/val/n02087046/ILSVRC2012_val_00044441.JPEG,8,37.76054418079184,1.2516897186287679e-05,0.47645756192314415,0.9860157674397947,0.4536846063506562,42644
839,/home/projects/bagon/shared/imagenet512/val/n02098286/ILSVRC2012_val_00018069.JPEG,-1,nan,nan,nan,nan,nan,42668
840,/home/projects/bagon/shared/imagenet512/val/n03804744/ILSVRC2012_val_00028170.JPEG,-1,nan,nan,nan,nan,nan,42675
841,/home/projects/bagon/shared/imagenet512/val/n04041544/ILSVRC2012_val_00048278.JPEG,149,7.381711555412039,0.0009964506607502699,0.27056430168315676,nan,0.36587392467310803,42679
842,/home/projects/bagon/shared/imagenet512/val/n03773504/ILSVRC2012_val_00031940.JPEG,140,22.15034168132115,0.0009954979177564383,0.3006868087392549,0.8109699715132874,0.42722393627394406,42682
843,/home/projects/bagon/shared/imagenet512/val/n04376876/ILSVRC2012_val_00012108.JPEG,255,23.895654677879065,0.0009966888464987278,0.33306716917640594,0.9974159285584918,0.3333764805496674,42690
844,/home/projects/bagon/shared/imagenet512/val/n01753488/ILSVRC2012_val_00040417.JPEG,265,16.021849098382518,0.000998594332486391,0.3208332152581794,0.9292889072720182,0.3969935065373169,42698
845,/home/projects/bagon/shared/imagenet512/val/n03804744/ILSVRC2012_val_00019774.JPEG,395,22.35991502413526,0.0009996660519391298,0.47264784955296346,0.9981089078845088,0.39929075017562293,42701
846,/home/projects/bagon/shared/imagenet512/val/n03920288/ILSVRC2012_val_00018533.JPEG,215,23.11668945942074,0.000993830617517233,0.5308097173572434,0.9334741613276458,0.4437798078230236,42707
847,/home/projects/bagon/shared/imagenet512/val/n02730930/ILSVRC2012_val_00015396.JPEG,142,22.536852602264844,0.0009995469590649009,0.5304764987736907,0.9111647696772165,0.35669201985580956,42708
848,/home/projects/bagon/shared/imagenet512/val/n03777754/ILSVRC2012_val_00029857.JPEG,175,13.904153322102502,0.0009958551963791251,0.3785908821974757,0.9617563587728877,0.4626053084592626,42717
849,/home/projects/bagon/shared/imagenet512/val/n02395406/ILSVRC2012_val_00000661.JPEG,101,38.56670692039188,0.0009982370538637042,0.5142101185846731,0.997591719270504,0.18008140033183262,42729
850,/home/projects/bagon/shared/imagenet512/val/n04447861/ILSVRC2012_val_00041760.JPEG,561,14.152727308799513,0.0009984752396121621,0.3101205705993967,0.992141401813973,0.3399495893448003,42754
851,/home/projects/bagon/shared/imagenet512/val/n04409515/ILSVRC2012_val_00017369.JPEG,153,23.40179545315914,0.0009950215462595224,0.38668509899548437,0.9415436247535957,0.5197060180934591,42768
852,/home/projects/bagon/shared/imagenet512/val/n07753592/ILSVRC2012_val_00029200.JPEG,210,8.992972075706348,0.0009982370538637042,0.3115473603873611,0.7103428650294967,0.38771824646796327,42780
853,/home/projects/bagon/shared/imagenet512/val/n02098413/ILSVRC2012_val_00030555.JPEG,501,20.905159489484504,0.0009979988681152463,0.49240189028629616,0.9958100554914897,0.34734784487520043,42788
854,/home/projects/bagon/shared/imagenet512/val/n09428293/ILSVRC2012_val_00018113.JPEG,599,14.490100910537876,0.000998594332486391,0.32637982724376896,0.9161137200163503,0.3153318435422895,42801
855,/home/projects/bagon/shared/imagenet512/val/n02963159/ILSVRC2012_val_00013629.JPEG,732,24.225875726318918,0.0009990707039833069,0.544363781000348,0.7618561662731553,0.4197638226704688,42812
856,/home/projects/bagon/shared/imagenet512/val/n04522168/ILSVRC2012_val_00018049.JPEG,284,17.771760641713627,0.0009977606823667884,0.3245645321710262,0.9876635238233863,0.3466197988663066,42828
857,/home/projects/bagon/shared/imagenet512/val/n07693725/ILSVRC2012_val_00028893.JPEG,262,6.295133952400647,0.0009993088897317648,0.1945531859069883,0.9840788665951122,0.3746373041266281,42851
858,/home/projects/bagon/shared/imagenet512/val/n02869837/ILSVRC2012_val_00031092.JPEG,-1,nan,nan,nan,nan,nan,42877
859,/home/projects/bagon/shared/imagenet512/val/n03794056/ILSVRC2012_val_00045500.JPEG,196,27.7887908302946,0.0009966888464987278,0.2496015706707477,nan,0.2677006032538004,42890
860,/home/projects/bagon/shared/imagenet512/val/n03532672/ILSVRC2012_val_00041071.JPEG,171,18.573697424377315,0.0009984752396121621,0.4680434286888483,0.868997352732428,0.29854406151897017,42893
861,/home/projects/bagon/shared/imagenet512/val/n04118538/ILSVRC2012_val_00017936.JPEG,449,13.257651340216398,0.0009977606823667884,0.30515448490718755,0.988696643396673,0.3075920175019097,42901
862,/home/projects/bagon/shared/imagenet512/val/n12144580/ILSVRC2012_val_00016362.JPEG,445,5.988972850609571,0.000998832518234849,0.16508617373928053,0.8635081768521791,0.22764354405858472,42912
863,/home/projects/bagon/shared/imagenet512/val/n03028079/ILSVRC2012_val_00039477.JPEG,223,15.285990799893625,0.0009974034037441015,0.4156321931123028,0.9688588684060186,0.3750809005167057,42914
864,/home/projects/bagon/shared/imagenet512/val/n03347037/ILSVRC2012_val_00049415.JPEG,425,9.340400184853934,0.0009983561467379332,0.4052246626391508,0.9551582705497141,0.44595658098341295,42915
865,/home/projects/bagon/shared/imagenet512/val/n04208210/ILSVRC2012_val_00043683.JPEG,207,7.549821632448584,0.0009999042376875877,0.32842025822588417,0.8876129463625038,0.31177120972969363,42917
866,/home/projects/bagon/shared/imagenet512/val/n02930766/ILSVRC2012_val_00039097.JPEG,221,11.612979301600717,0.0009894242975860834,0.24477220725676635,0.9877836598537343,0.27418625620213977,42920
867,/home/projects/bagon/shared/imagenet512/val/n04350905/ILSVRC2012_val_00035307.JPEG,797,12.474873636499979,0.000998951611109078,0.27065630632136756,0.9084511205734054,0.3948647784198015,42931
868,/home/projects/bagon/shared/imagenet512/val/n02817516/ILSVRC2012_val_00018607.JPEG,93,25.014277786714956,0.000987995183095336,0.39818648799573275,0.9935038885911216,0.3517480255846841,42935
869,/home/projects/bagon/shared/imagenet512/val/n04049303/ILSVRC2012_val_00046327.JPEG,129,21.395121801877394,0.0009996660519391298,0.5185702750460243,0.9959870119614304,0.2347364301145764,42939
870,/home/projects/bagon/shared/imagenet512/val/n03372029/ILSVRC2012_val_00037468.JPEG,28,17.547264082706533,0.0009873997187241912,0.37531661495590846,0.9862017059516798,0.18957446435272263,42941
871,/home/projects/bagon/shared/imagenet512/val/n04033995/ILSVRC2012_val_00005752.JPEG,519,19.823067054967396,0.000998594332486391,0.35517716483972084,0.9756921158704613,0.43592779257600245,42946
872,/home/projects/bagon/shared/imagenet512/val/n04033901/ILSVRC2012_val_00009513.JPEG,151,21.999858905444853,0.0009981179609894753,0.397987727736623,0.9975756601268949,0.42292776353398986,42967
873,/home/projects/bagon/shared/imagenet512/val/n03017168/ILSVRC2012_val_00007510.JPEG,570,22.911183891352266,0.0009984752396121621,0.43247133275371064,0.9819693424957563,0.39194119654518805,42976
874,/home/projects/bagon/shared/imagenet512/val/n02110185/ILSVRC2012_val_00030708.JPEG,1082,8.347357190796174,0.0009978797752410173,0.1929305208174963,0.7685530155094682,0.3457222821333832,42977
875,/home/projects/bagon/shared/imagenet512/val/n07747607/ILSVRC2012_val_00021193.JPEG,439,9.950026788399555,0.0009975224966183305,0.34481366644950645,0.892638505046886,0.3340133210905918,42992
876,/home/projects/bagon/shared/imagenet512/val/n03874293/ILSVRC2012_val_00034833.JPEG,163,23.00750604388304,0.000996093382127583,0.3076847267353258,0.9945316177956376,0.4133131918889206,43003
877,/home/projects/bagon/shared/imagenet512/val/n02895154/ILSVRC2012_val_00013983.JPEG,668,17.585849538678303,0.0009984752396121621,0.4043098969515212,0.896842529080705,0.5071255434276608,43020
878,/home/projects/bagon/shared/imagenet512/val/n04370456/ILSVRC2012_val_00025062.JPEG,4,29.735440731048584,0.0,2.813814811213067,0.8841616154146636,0.5952929145776503,43022
879,/home/projects/bagon/shared/imagenet512/val/n02494079/ILSVRC2012_val_00007196.JPEG,422,7.833501656423323,0.0009983561467379332,0.1721328344998337,0.8250887467444746,0.27127706525018835,43031
880,/home/projects/bagon/shared/imagenet512/val/n04507155/ILSVRC2012_val_00038295.JPEG,315,19.095026656170376,0.0009994279826059937,0.3192156422426921,0.9931063789448933,0.33121509659529835,43047
881,/home/projects/bagon/shared/imagenet512/val/n01687978/ILSVRC2012_val_00011158.JPEG,273,12.604345907806419,0.0009983561467379332,0.5231869649702295,0.8846249005778637,0.2948857533138167,43103
882,/home/projects/bagon/shared/imagenet512/val/n02704792/ILSVRC2012_val_00000998.JPEG,196,28.57957302161958,0.0009968079393729568,0.36319892848186636,0.9331816340926151,0.4081531128661007,43108
883,/home/projects/bagon/shared/imagenet512/val/n04008634/ILSVRC2012_val_00016696.JPEG,574,8.753658848116174,0.000998594332486391,0.26304302988860917,0.5971615368988307,0.3646522766372913,43122
884,/home/projects/bagon/shared/imagenet512/val/n04404412/ILSVRC2012_val_00022995.JPEG,396,16.884863542276435,0.0009978797752410173,0.38791207537456096,0.9968186389356715,0.5075927528870687,43130
885,/home/projects/bagon/shared/imagenet512/val/n04443257/ILSVRC2012_val_00018548.JPEG,394,50.260427351342514,0.0009974034037441015,0.4956026909133973,0.9985431626703908,0.44737747222900426,43141
886,/home/projects/bagon/shared/imagenet512/val/n02804414/ILSVRC2012_val_00043667.JPEG,431,5.480686564580537,0.0009969270322471857,0.1847910655483804,0.651036846527518,0.33077168484312985,43207
887,/home/projects/bagon/shared/imagenet512/val/n03062245/ILSVRC2012_val_00013685.JPEG,119,10.85975870769471,0.0009996660519391298,0.2927769378984139,0.8179533833013287,0.27011643397628743,43217
888,/home/projects/bagon/shared/imagenet512/val/n03733805/ILSVRC2012_val_00018011.JPEG,457,12.243626717827283,0.0009999042376875877,0.2545718681632855,0.993409634313563,0.32871246269935206,43233
889,/home/projects/bagon/shared/imagenet512/val/n03796401/ILSVRC2012_val_00040512.JPEG,-1,nan,nan,nan,nan,nan,43243
890,/home/projects/bagon/shared/imagenet512/val/n02788148/ILSVRC2012_val_00045260.JPEG,130,4.7781346114352345,0.000995974289253354,0.19132852846608325,nan,0.21928121592500782,43245
891,/home/projects/bagon/shared/imagenet512/val/n02113624/ILSVRC2012_val_00046483.JPEG,515,42.76852039794903,0.000998594332486391,0.47492834963322916,0.8985162481894021,0.30341995162128177,43262
892,/home/projects/bagon/shared/imagenet512/val/n02177972/ILSVRC2012_val_00039406.JPEG,679,23.20126508246176,0.00099871342536062,0.41604346180168217,0.9300373732961202,0.5107363012094783,43271
893,/home/projects/bagon/shared/imagenet512/val/n02280649/ILSVRC2012_val_00013255.JPEG,376,33.61645446938928,0.000998832518234849,0.5917232615116359,0.9923256341020735,0.39767085108114514,43277
894,/home/projects/bagon/shared/imagenet512/val/n04525038/ILSVRC2012_val_00002188.JPEG,183,5.91724200185854,0.0009939497103914618,0.36051817404806064,0.44837759344867156,0.39093559723527577,43278
895,/home/projects/bagon/shared/imagenet512/val/n02110185/ILSVRC2012_val_00022851.JPEG,835,7.390363578102551,0.000998832518234849,0.17726616764175315,0.7203675138287701,0.2793583836987687,43292
896,/home/projects/bagon/shared/imagenet512/val/n02389026/ILSVRC2012_val_00048225.JPEG,308,38.504801241564564,0.000998594332486391,0.49176766626965457,0.9960013986424934,0.3759562324252432,43298
897,/home/projects/bagon/shared/imagenet512/val/n03887697/ILSVRC2012_val_00007502.JPEG,160,22.360174282221124,0.0009995469590649009,0.35637242261003943,0.9958273086105109,0.5361704842910634,43304
898,/home/projects/bagon/shared/imagenet512/val/n03196217/ILSVRC2012_val_00032946.JPEG,338,10.246741108247079,0.0009975224966183305,0.1901376718585668,0.9934353249177948,0.1996743808479474,43309
899,/home/projects/bagon/shared/imagenet512/val/n03929855/ILSVRC2012_val_00005773.JPEG,195,48.55584492580965,0.0009991897968575358,0.4646483746466165,0.8866153236085776,0.41884907817046635,43315
900,/home/projects/bagon/shared/imagenet512/val/n02102177/ILSVRC2012_val_00043482.JPEG,556,23.030156759778038,0.0009997851448133588,0.3693318655701486,0.9257143651864501,0.4874405452656697,43321
901,/home/projects/bagon/shared/imagenet512/val/n02795169/ILSVRC2012_val_00046794.JPEG,5,138.93623733520508,0.0,15.608901105250483,0.9429504946432419,0.6021404712971192,43322
902,/home/projects/bagon/shared/imagenet512/val/n02497673/ILSVRC2012_val_00048275.JPEG,861,26.675093144527636,0.0009999042376875877,0.3487343649456845,0.9623467927515258,0.33229297800260266,43335
903,/home/projects/bagon/shared/imagenet512/val/n01697457/ILSVRC2012_val_00007934.JPEG,436,42.733030008734204,0.0009990707039833069,0.3884129451282353,0.9961929307749618,0.3668828381482514,43338
904,/home/projects/bagon/shared/imagenet512/val/n04026417/ILSVRC2012_val_00018579.JPEG,449,7.8238407807657495,0.0009997851448133588,0.21451662830409915,0.893098640530523,0.2721081962939539,43342
905,/home/projects/bagon/shared/imagenet512/val/n02364673/ILSVRC2012_val_00000565.JPEG,370,36.26276644971222,0.0009970461251214147,0.3730454928549089,0.9987461865659916,0.30324019994193085,43346
906,/home/projects/bagon/shared/imagenet512/val/n02835271/ILSVRC2012_val_00049382.JPEG,364,29.072136875940487,0.000998594332486391,0.4219702348996621,0.9787327991860928,0.2630675746806461,43350
907,/home/projects/bagon/shared/imagenet512/val/n04228054/ILSVRC2012_val_00024735.JPEG,46,44.056670280289836,0.0009897815762087703,1.6937675017666094,0.9890490330681606,0.49613568900065513,43352
908,/home/projects/bagon/shared/imagenet512/val/n04200800/ILSVRC2012_val_00041646.JPEG,5,172.7612452507019,0.0,13.536097024263851,0.9692981049038615,0.5128779601688747,43362
909,/home/projects/bagon/shared/imagenet512/val/n04328186/ILSVRC2012_val_00006190.JPEG,496,14.724229614948854,0.0009993088897317648,0.28365659214483346,0.9963965482279441,0.2638235288750136,43379
910,/home/projects/bagon/shared/imagenet512/val/n02123045/ILSVRC2012_val_00030052.JPEG,284,54.94559636863414,0.0009991897968575358,0.5648067543844821,0.9803615450883634,0.44710839801967217,43381
911,/home/projects/bagon/shared/imagenet512/val/n03832673/ILSVRC2012_val_00025240.JPEG,-1,nan,nan,nan,nan,nan,43383
912,/home/projects/bagon/shared/imagenet512/val/n02096051/ILSVRC2012_val_00010461.JPEG,248,46.8195216282038,0.0009954979177564383,0.4235563335966526,nan,0.3927468323418022,43404
913,/home/projects/bagon/shared/imagenet512/val/n03443371/ILSVRC2012_val_00044868.JPEG,559,50.20606127846986,0.0009996660519391298,0.6972685519388379,0.9498446017177348,0.43657566182537494,43411
914,/home/projects/bagon/shared/imagenet512/val/n04557648/ILSVRC2012_val_00003318.JPEG,114,18.66460371296853,0.000995974289253354,0.3313868688883525,0.9924532510934478,0.17810197498894173,43413
915,/home/projects/bagon/shared/imagenet512/val/n04428191/ILSVRC2012_val_00025954.JPEG,433,4.822234163642861,0.0009971652179956436,0.17312186250191774,0.8029858468610901,0.2309454340765437,43415
916,/home/projects/bagon/shared/imagenet512/val/n02869837/ILSVRC2012_val_00049514.JPEG,177,48.803154283436015,0.0009971652179956436,1.2452903598296965,0.9696701595230646,0.43464428226405716,43417
917,/home/projects/bagon/shared/imagenet512/val/n03637318/ILSVRC2012_val_00034586.JPEG,5,264.48311960697174,0.0,26.26188580169613,0.9669653491087811,0.49359245125939577,43427
918,/home/projects/bagon/shared/imagenet512/val/n09428293/ILSVRC2012_val_00001327.JPEG,585,9.310502948239446,0.0009999042376875877,0.2421775136772095,0.9128333521694474,0.3143608946152372,43447
919,/home/projects/bagon/shared/imagenet512/val/n03947888/ILSVRC2012_val_00009628.JPEG,309,22.109741937718354,0.0009990707039833069,0.3119519024459874,0.9971577954552251,0.34705416472520556,43454
920,/home/projects/bagon/shared/imagenet512/val/n12144580/ILSVRC2012_val_00048777.JPEG,308,9.728602492832579,0.000998951611109078,0.4187304691993172,0.8894629587795359,0.4476617480549206,43470
921,/home/projects/bagon/shared/imagenet512/val/n02410509/ILSVRC2012_val_00033952.JPEG,147,44.20082160306629,0.0009993088897317648,0.4209191982209671,0.9981962158273372,0.5059869862681848,43484
922,/home/projects/bagon/shared/imagenet512/val/n03874599/ILSVRC2012_val_00045793.JPEG,168,17.598866707761772,0.000998594332486391,0.47031879822958045,0.9854494506021997,0.4103031680176674,43490
923,/home/projects/bagon/shared/imagenet512/val/n02909870/ILSVRC2012_val_00011119.JPEG,420,18.240003563114442,0.000998594332486391,0.36230259887222804,0.9949393756345128,0.5201217786521576,43493
924,/home/projects/bagon/shared/imagenet512/val/n04265275/ILSVRC2012_val_00028294.JPEG,38,11.732717595761642,0.0009950215462595224,0.33063722307797716,0.9883320028849601,0.21301872240521158,43496
925,/home/projects/bagon/shared/imagenet512/val/n04111531/ILSVRC2012_val_00045813.JPEG,422,12.305570092750713,0.0009969270322471857,0.3148602116673217,0.9612123220999609,0.37460069733706813,43497
926,/home/projects/bagon/shared/imagenet512/val/n02113624/ILSVRC2012_val_00015576.JPEG,919,18.37212296144571,0.000998832518234849,0.3021730563640159,0.9466373519839959,0.3285578475045434,43498
927,/home/projects/bagon/shared/imagenet512/val/n01744401/ILSVRC2012_val_00041159.JPEG,516,7.670587549102493,0.000998594332486391,0.30501683877110153,0.87797023576741,0.4118382867543444,43500
928,/home/projects/bagon/shared/imagenet512/val/n02105855/ILSVRC2012_val_00003196.JPEG,387,24.313981965882704,0.00099871342536062,0.4424030353678005,0.670493023025396,0.43907301361953155,43532
929,/home/projects/bagon/shared/imagenet512/val/n04493381/ILSVRC2012_val_00032523.JPEG,841,14.184984230436385,0.0009977606823667884,0.3641271484054948,0.6124400524782885,0.30920045909026433,43548
930,/home/projects/bagon/shared/imagenet512/val/n04204347/ILSVRC2012_val_00036714.JPEG,481,5.809436204959638,0.0009977606823667884,0.19741865760649724,0.7902067540402425,0.3794351558647554,43556
931,/home/projects/bagon/shared/imagenet512/val/n02814533/ILSVRC2012_val_00015200.JPEG,320,5.551462285104208,0.000998951611109078,0.2617924344127284,0.8501844956053919,0.23429754904869596,43565
932,/home/projects/bagon/shared/imagenet512/val/n01682714/ILSVRC2012_val_00021069.JPEG,857,12.734753861208446,0.0009991897968575358,0.30152253033802734,0.9470232900431639,0.3383597594880563,43566
933,/home/projects/bagon/shared/imagenet512/val/n02799071/ILSVRC2012_val_00038120.JPEG,409,16.50153832079377,0.0009974034037441015,0.3248939129859069,0.9589450680425607,0.2601293134626822,43572
934,/home/projects/bagon/shared/imagenet512/val/n02939185/ILSVRC2012_val_00049223.JPEG,184,26.001682909438387,0.0009981179609894753,0.33727462549117554,0.9922293256887229,0.2560092098602955,43578
935,/home/projects/bagon/shared/imagenet512/val/n03372029/ILSVRC2012_val_00023506.JPEG,177,17.250992705929093,0.0009981179609894753,0.21136725349259075,0.9974863100653905,0.33414423579015823,43596
936,/home/projects/bagon/shared/imagenet512/val/n04235860/ILSVRC2012_val_00006729.JPEG,110,15.424044015700929,0.000998832518234849,0.3422398595391917,0.9215786816230152,0.38475210554273653,43607
937,/home/projects/bagon/shared/imagenet512/val/n02089078/ILSVRC2012_val_00031699.JPEG,426,67.46146530052647,0.000998594332486391,0.461005774775902,0.9985346803844952,0.4421734997513695,43614
938,/home/projects/bagon/shared/imagenet512/val/n02219486/ILSVRC2012_val_00015860.JPEG,15,16.75672679959098,0.0009550062823109329,0.4719619622777761,0.9866242427234482,0.3756321550570092,43623
939,/home/projects/bagon/shared/imagenet512/val/n02097130/ILSVRC2012_val_00032381.JPEG,606,6.653229378978722,0.0009990707039833069,0.1651428617911011,0.8819657988225081,0.33410521145936456,43630
940,/home/projects/bagon/shared/imagenet512/val/n03782006/ILSVRC2012_val_00034501.JPEG,648,15.20915481960401,0.000998832518234849,0.32021304916155474,0.9581321476943556,0.40734410068320515,43631
941,/home/projects/bagon/shared/imagenet512/val/n02776631/ILSVRC2012_val_00012943.JPEG,11,66.34037733078003,0.0,1.6970750559212933,0.9980855621723146,0.35968832285461316,43640
942,/home/projects/bagon/shared/imagenet512/val/n04456115/ILSVRC2012_val_00004239.JPEG,89,19.80564141611103,0.0009894242975860834,0.4560152706385007,0.9938574510223018,0.3664268872560299,43645
943,/home/projects/bagon/shared/imagenet512/val/n03063599/ILSVRC2012_val_00019645.JPEG,382,6.27741742588114,0.0009975224966183305,0.1775623219868526,0.8032859420218651,0.30810725268089423,43648
944,/home/projects/bagon/shared/imagenet512/val/n02095314/ILSVRC2012_val_00027245.JPEG,434,19.44495052471757,0.00099871342536062,0.24988650176263133,0.9670815237737981,0.3654747721007946,43652
945,/home/projects/bagon/shared/imagenet512/val/n02106030/ILSVRC2012_val_00018126.JPEG,613,5.204834402655251,0.0009974034037441015,0.1633555622713582,0.8396026069463959,0.29315686625352727,43680
946,/home/projects/bagon/shared/imagenet512/val/n03961711/ILSVRC2012_val_00008572.JPEG,4,657.8635802268982,0.0,26.278046598112297,0.9820738650810761,0.38427362719550345,43706
947,/home/projects/bagon/shared/imagenet512/val/n03459775/ILSVRC2012_val_00005798.JPEG,165,7.1398172011831775,0.0009999042376875877,0.2988339525296402,0.8818719868136042,0.4565043127655232,43707
948,/home/projects/bagon/shared/imagenet512/val/n02769748/ILSVRC2012_val_00005892.JPEG,505,10.674202502239496,0.0009984752396121621,0.29761232153519024,0.929863756443777,0.41169357020213837,43709
949,/home/projects/bagon/shared/imagenet512/val/n04597913/ILSVRC2012_val_00002685.JPEG,314,6.700112184043974,0.0009969270322471857,0.32913029150010853,0.8996833929476571,0.46277833996224016,43715
950,/home/projects/bagon/shared/imagenet512/val/n03376595/ILSVRC2012_val_00043453.JPEG,128,16.501066503697075,0.000998832518234849,0.33253107093339973,0.9932172107770196,0.3231339272115671,43720
951,/home/projects/bagon/shared/imagenet512/val/n03633091/ILSVRC2012_val_00014118.JPEG,127,34.43374332576059,0.0009971652179956436,0.5803442178732758,0.9517977910617603,0.3997903904753075,43724
952,/home/projects/bagon/shared/imagenet512/val/n02114712/ILSVRC2012_val_00041684.JPEG,637,13.06229560112115,0.0009997851448133588,0.2572562075784946,0.9219358693489106,0.3243223613189379,43725
953,/home/projects/bagon/shared/imagenet512/val/n02123159/ILSVRC2012_val_00015741.JPEG,244,18.1144683646271,0.0009975224966183305,0.2917252453111461,0.9169632062905978,0.36138670360584424,43732
954,/home/projects/bagon/shared/imagenet512/val/n02791124/ILSVRC2012_val_00031101.JPEG,284,11.78909610887058,0.0009999042376875877,0.326465830246023,0.6270250786063003,0.4244783599713911,43741
955,/home/projects/bagon/shared/imagenet512/val/n04350905/ILSVRC2012_val_00029159.JPEG,455,8.828749738167971,0.0009971652179956436,0.34140701940332924,0.92303677677753,0.22241469274761305,43751
956,/home/projects/bagon/shared/imagenet512/val/n03249569/ILSVRC2012_val_00008797.JPEG,366,7.333132922882214,0.0009996660519391298,0.2223368500199632,0.8577003085117401,0.3732750537427978,43760
957,/home/projects/bagon/shared/imagenet512/val/n01744401/ILSVRC2012_val_00046696.JPEG,319,12.423592819017358,0.0009981179609894753,0.36318214361835216,0.8627450862720342,0.2672095992446167,43765
958,/home/projects/bagon/shared/imagenet512/val/n02808440/ILSVRC2012_val_00036711.JPEG,790,19.568957496783696,0.0009993088897317648,0.3247389442672317,0.9077602649475497,0.4504977868169062,43774
959,/home/projects/bagon/shared/imagenet512/val/n03947888/ILSVRC2012_val_00012579.JPEG,491,14.355829885113053,0.000998594332486391,0.27938488410124895,0.9778649658118352,0.37115938935366666,43780
960,/home/projects/bagon/shared/imagenet512/val/n02769748/ILSVRC2012_val_00011134.JPEG,264,33.445585828623734,0.0009964506607502699,0.38834531742624195,0.9759578275359253,0.36406348834035723,43783
961,/home/projects/bagon/shared/imagenet512/val/n03249569/ILSVRC2012_val_00004534.JPEG,216,14.79651636746712,0.0009969270322471857,0.284581011780526,0.9785070054747691,0.27879784033141086,43785
962,/home/projects/bagon/shared/imagenet512/val/n02093859/ILSVRC2012_val_00029435.JPEG,319,37.49770193081349,0.0009974034037441015,0.508768975270576,0.9968232601196116,0.5563244938842057,43792
963,/home/projects/bagon/shared/imagenet512/val/n04332243/ILSVRC2012_val_00038496.JPEG,321,5.169395633274689,0.0009964506607502699,0.30896422540830903,0.7798856481007655,0.45588653009081126,43800
964,/home/projects/bagon/shared/imagenet512/val/n03776460/ILSVRC2012_val_00024703.JPEG,406,35.47591242217459,0.0009995469590649009,0.3632810805871436,0.9585813203730328,0.4183551602023485,43807
965,/home/projects/bagon/shared/imagenet512/val/n02085620/ILSVRC2012_val_00023886.JPEG,163,55.367314996779896,0.0009947833605110645,0.3680484835599465,0.832327288429388,0.3005144519407788,43825
966,/home/projects/bagon/shared/imagenet512/val/n02699494/ILSVRC2012_val_00045021.JPEG,731,15.410271083703265,0.0009996660519391298,0.22607283860243782,0.8528597071533643,0.23384421704599317,43831
967,/home/projects/bagon/shared/imagenet512/val/n02488702/ILSVRC2012_val_00015257.JPEG,6,22.30581365971011,0.0001445904199499637,0.46232021351278674,0.9850248933375039,0.4336034237963854,43844
968,/home/projects/bagon/shared/imagenet512/val/n03259280/ILSVRC2012_val_00044281.JPEG,431,38.70179751934484,0.000998594332486391,0.4634365959394922,0.9963679996684582,0.49288408318379895,43854
969,/home/projects/bagon/shared/imagenet512/val/n03388043/ILSVRC2012_val_00017412.JPEG,4,62.17508602142334,0.0,3.3588787220899334,0.9901003162385515,0.5201199320493454,43855
970,/home/projects/bagon/shared/imagenet512/val/n04154565/ILSVRC2012_val_00045986.JPEG,4,688.1889944076538,0.0,26.18143960433496,0.8383410211581482,0.6368701288931911,43872
971,/home/projects/bagon/shared/imagenet512/val/n04596742/ILSVRC2012_val_00049550.JPEG,4,19.400339603424072,0.0,16.47528089771882,0.9880745498794422,0.6249267185653531,43884
972,/home/projects/bagon/shared/imagenet512/val/n03782006/ILSVRC2012_val_00009529.JPEG,512,19.680438916315325,0.000998832518234849,0.41148195691451966,0.8840532872484957,0.4437271188174703,43885
973,/home/projects/bagon/shared/imagenet512/val/n03527444/ILSVRC2012_val_00037910.JPEG,285,12.326628873124719,0.0009970461251214147,0.37915896287323986,0.9646867210465166,0.282340752627553,43888
974,/home/projects/bagon/shared/imagenet512/val/n04254777/ILSVRC2012_val_00016817.JPEG,6,170.96298307180405,0.0,11.478961125855992,0.8689203798395457,0.5699933260300387,43892
975,/home/projects/bagon/shared/imagenet512/val/n03724870/ILSVRC2012_val_00008569.JPEG,150,23.43790334870573,0.0009968079393729568,0.31239814791717285,0.990796627457056,0.4233807664771871,43897
976,/home/projects/bagon/shared/imagenet512/val/n04049303/ILSVRC2012_val_00034353.JPEG,193,39.62065934005659,0.0009920443408191204,0.4503806447647558,0.9570017525693457,0.428431967866523,43900
977,/home/projects/bagon/shared/imagenet512/val/n04418357/ILSVRC2012_val_00030589.JPEG,266,3.9590127705596387,0.000998951611109078,0.32724782291920806,0.9145146610086401,0.4291665557734443,43908
978,/home/projects/bagon/shared/imagenet512/val/n04554684/ILSVRC2012_val_00010706.JPEG,416,25.156794250244275,0.0009976415894925594,0.3277498563018221,0.9803546853508451,0.2951814198352417,43910
